side,price,book,ev,p,grade,score,why,grading_version,units,qualifies,market,placed_at,game_id,season,week,result,profit,profit_flat,clv,hours_before,favorite
away,130,williamhill_us,0.13147545682292572,0.49194585079257647,B,1,"['+2 edge +13.1%', '-1 QB change']",1,2.0,True,0.4202864082168929,2020-09-10 14:10:00+00:00,2020_01_CHI_DET,2020,1,win,2.5999999999999996,1.2999999999999998,0.039486203615604065,74.83333333333333,False
home,133,draftkings,0.07140915293396044,0.4598322544780946,B+,2,['+2 edge +7.1%'],1,1.34,True,0.42082136217677873,2020-09-10 14:10:00+00:00,2020_01_DAL_LA,2020,1,win,1.7822000000000002,1.33,0.2105621660455299,82.16666666666667,False
home,-357,williamhill_us,0.0592003233306182,0.8274278236959096,B,1,"['+2 edge +5.9%', '-1 QB change']",1,2.0,True,0.7543125980135913,2020-09-10 14:10:00+00:00,2020_01_CLE_BAL,2020,1,win,0.5602240896358541,0.28011204481792706,-0.06544600112405963,74.83333333333333,True
away,-250,betrivers,0.03484421052255571,0.7391744360875399,C,-1,"['+1 edge +3.5%', '-1 line moved against us', '-1 QB change']",1,2.0,True,0.6888888888888889,2020-09-10 14:10:00+00:00,2020_01_PHI_WAS,2020,1,loss,-2.0,-1.0,-0.054166666666666696,74.83333333333333,True
away,124,fanduel,0.030063159898163327,0.4598496249545372,B,1,['+1 edge +3.0%'],1,0.61,True,0.4372278664731495,2020-09-11 14:10:00+00:00,2020_01_GB_MIN,2020,1,win,0.7564000000000001,1.2400000000000002,0.07619774594764528,50.833333333333336,False
away,215,draftkings,0.03498567050816659,0.32856687952640207,B,1,"['+1 edge +3.5%', '+1 line moved our way', '-1 QB change']",1,0.41,True,0.3076923076923076,2020-09-16 14:10:00+00:00,2020_02_CIN_CLE,2020,2,loss,-0.41,-1.0,-0.020967931931242578,34.166666666666664,False
away,350,draftkings,0.2747358141413785,0.2832746253647508,B,1,"['+2 edge +27.5%', '-1 line moved against us']",1,1.96,True,0.2286358731612146,2020-09-17 14:10:00+00:00,2020_02_CAR_TB,2020,2,loss,-1.96,-1.0,0.12005856515373337,74.83333333333333,False
away,-370,draftkings,0.04557488242582841,0.8231121414841628,B,1,"['+1 edge +4.6%', '+1 line moved our way', '-1 QB change']",1,2.0,True,0.7685185185185186,2020-09-17 14:10:00+00:00,2020_02_KC_LAC,2020,2,win,0.5405405405405403,0.2702702702702702,-0.0296378158436732,78.25,True
home,-233,draftkings,0.04304637321262539,0.7298192341097349,B,1,['+1 edge +4.3%'],1,2.0,True,0.6838816394045212,2020-09-17 14:10:00+00:00,2020_02_NYG_CHI,2020,2,win,0.8583690987124464,0.4291845493562232,-0.04082671064531285,74.83333333333333,True
away,110,draftkings,0.03245506868318282,0.49164527080151565,B+,2,"['+1 edge +3.2%', '+1 line moved our way']",1,0.74,True,0.4660530824420963,2020-09-19 14:10:00+00:00,2020_02_LA_PHI,2020,2,win,0.8140000000000001,1.1,-0.029490394379624196,26.833333333333332,False
away,190,betrivers,0.1220052335810502,0.38689835640725867,B+,2,['+2 edge +12.2%'],1,1.61,True,0.3349889041530171,2020-09-24 14:10:00+00:00,2020_03_DAL_SEA,2020,3,loss,-1.61,-1.0,-0.08403314088625624,78.25,False
away,155,williamhill_us,0.09166207525260006,0.4281027746088628,B,1,"['+2 edge +9.2%', '-1 line moved against us']",1,1.48,True,0.38128249566724437,2020-09-24 14:10:00+00:00,2020_03_CHI_ATL,2020,3,win,2.2939999999999996,1.5499999999999998,0.12072190013091433,74.83333333333333,False
away,120,fanduel,0.05151509468518256,0.4779614066750829,B,1,"['+2 edge +5.2%', '-1 QB change']",1,1.07,True,0.447405997144217,2020-09-24 14:10:00+00:00,2020_03_LA_BUF,2020,3,loss,-1.07,-1.0,0.003147445726737308,74.83333333333333,False
away,240,williamhill_us,0.3456947974342792,0.39579258748067037,C+,0,"['+2 edge +34.6%', '-1 model 23 pct pts from market', '-1 QB change']",1,2.0,True,0.2903099254609651,2020-09-25 14:10:00+00:00,2020_03_CAR_LAC,2020,3,win,4.8,2.4,0.0012101653892695463,53.916666666666664,False
home,210,williamhill_us,0.13356062560567583,0.36566471793731475,B+,2,['+2 edge +13.4%'],1,1.59,True,0.3207959280974263,2020-09-25 14:10:00+00:00,2020_03_TB_DEN,2020,3,loss,-1.59,-1.0,-0.08646373056994816,54.25,False
away,185,williamhill_us,0.17236121909587476,0.41135481371785076,B+,2,['+2 edge +17.2%'],1,2.0,True,0.34271463429436966,2020-10-01 14:10:00+00:00,2020_04_MIN_HOU,2020,4,win,3.7,1.85,0.09355603205055862,74.83333333333333,False
home,158,fanduel,0.12357549443859073,0.43549437768937627,A,3,"['+2 edge +12.4%', '+1 line moved our way']",1,1.96,True,0.3826577653835189,2020-10-01 14:10:00+00:00,2020_04_ARI_CAR,2020,4,win,3.0968,1.58,0.04358090561405148,74.83333333333333,False
away,140,williamhill_us,0.11168924201480124,0.46320385083950055,B+,2,['+2 edge +11.2%'],1,1.99,True,0.4033116864648394,2020-10-01 14:10:00+00:00,2020_04_JAX_CIN,2020,4,loss,-1.99,-1.0,0.16398243045388017,74.83333333333333,False
home,-217,williamhill_us,0.03699838874764971,0.709869559489716,B,1,['+1 edge +3.7%'],1,2.0,True,0.6658043675548851,2020-10-01 14:10:00+00:00,2020_04_CLE_DAL,2020,4,loss,-2.0,-1.0,-0.09346938321334386,74.83333333333333,True
home,210,betrivers,0.23705152759011305,0.3990488798677784,B,1,"['+2 edge +23.7%', '-1 model 22 pct pts from market']",1,2.0,True,0.31970260223048325,2020-10-06 14:10:00+00:00,2020_05_TB_CHI,2020,5,win,4.2,2.1,0.143733111619206,58.166666666666664,False
away,235,williamhill_us,0.1710974136453982,0.349581317506089,B+,2,['+2 edge +17.1%'],1,1.82,True,0.29341792228390173,2020-10-08 14:10:00+00:00,2020_05_JAX_HOU,2020,5,loss,-1.82,-1.0,-0.050920934244476745,74.83333333333333,False
away,270,williamhill_us,0.10290594105101669,0.29808268677054506,B+,2,['+2 edge +10.3%'],1,0.95,True,0.26512231352123805,2020-10-08 14:10:00+00:00,2020_05_MIN_SEA,2020,5,loss,-0.95,-1.0,0.04179498460184794,82.16666666666667,False
home,285,williamhill_us,0.11329132299996614,0.2891665774025886,B+,2,['+2 edge +11.3%'],1,0.99,True,0.2549458313707018,2020-10-09 14:10:00+00:00,2020_05_ARI_NYJ,2020,5,loss,-0.99,-1.0,0.05659000903216849,50.833333333333336,False
away,290,williamhill_us,0.03668787714022548,0.2658174043949296,C+,0,"['+1 edge +3.7%', '-1 QB change']",1,0.32,True,0.2509516424644015,2020-10-11 14:10:00+00:00,2020_05_PHI_PIT,2020,5,loss,-0.32,-1.0,-0.08173038550562717,2.8333333333333335,False
away,120,draftkings,0.03542652559239334,0.4706484207238151,B+,2,"['+1 edge +3.5%', '+1 line moved our way']",1,0.74,True,0.46753246753246747,2020-10-11 15:45:00+00:00,2020_05_CAR_ATL,2020,5,win,0.8880000000000001,1.2000000000000002,-0.047032170367014015,1.25,False
home,160,fanduel,0.14798484089015518,0.44153263111159813,B,1,"['+2 edge +14.8%', '-1 QB change']",1,2.0,True,0.3786624979774493,2020-10-15 14:10:00+00:00,2020_06_DET_JAX,2020,6,loss,-2.0,-1.0,0.06163392598784667,74.83333333333333,False
home,-185,williamhill_us,0.07066656645911906,0.694994086999779,B,1,"['+2 edge +7.1%', '-1 QB change']",1,2.0,True,0.6325497672801293,2020-10-15 14:10:00+00:00,2020_06_HOU_TEN,2020,6,win,1.0810810810810811,0.5405405405405406,-0.017138596591848354,74.83333333333333,True
home,100,betrivers,0.04278850143348323,0.5213942507167416,B,1,"['+1 edge +4.3%', '+1 line moved our way', '-1 QB change']",1,1.07,True,0.48666432987062647,2020-10-16 14:10:00+00:00,2020_06_ARI_DAL,2020,6,loss,-1.07,-1.0,0.03910915540388826,82.08333333333333,False
away,285,williamhill_us,0.18761495170395381,0.308471416027001,B+,2,['+2 edge +18.8%'],1,1.65,True,0.2534168564920274,2020-10-22 14:10:00+00:00,2020_07_CAR_NO,2020,7,loss,-1.65,-1.0,0.007771158831689551,74.83333333333333,False
home,160,williamhill_us,0.07893117174703113,0.414973527595012,C+,0,"['+2 edge +7.9%', '-1 line moved against us', '-1 QB change']",1,1.23,True,0.37569699027173004,2020-10-22 14:10:00+00:00,2020_07_SEA_ARI,2020,7,win,1.968,1.6,-0.04759465136533625,82.16666666666667,False
away,210,draftkings,0.04709136452009943,0.3377714079097095,B+,2,"['+1 edge +4.7%', '+1 line moved our way']",1,0.56,True,0.31754236975224304,2020-10-22 23:05:00+00:00,2020_07_NYG_PHI,2020,7,loss,-0.56,-1.0,0.016228395124377126,1.25,False
away,330,williamhill_us,0.2065208166562975,0.2805862364316971,B+,2,['+2 edge +20.7%'],1,1.56,True,0.2314814814814815,2020-10-25 19:10:00+00:00,2020_07_JAX_LAC,2020,7,loss,-1.56,-1.0,-0.018461897537635386,1.25,False
away,130,fanduel,0.049367994096314094,0.4562469539549192,C+,0,"['+1 edge +4.9%', '-1 QB change']",1,0.95,True,0.4208213621767788,2020-10-27 14:10:00+00:00,2020_08_ATL_CAR,2020,8,win,1.2349999999999999,1.2999999999999998,0.09986654804270456,58.166666666666664,False
away,130,fanduel,0.1782422330422746,0.5122792317575108,A,3,"['+2 edge +17.8%', '+1 line moved our way']",1,2.0,True,0.4208213621767788,2020-10-29 14:10:00+00:00,2020_08_SF_SEA,2020,8,loss,-2.0,-1.0,0.12325581395348828,79.25,False
away,180,williamhill_us,0.09736279783181101,0.39191528493993255,B,1,"['+2 edge +9.7%', '-1 QB change']",1,1.35,True,0.3485952242675219,2020-10-29 14:10:00+00:00,2020_08_NE_BUF,2020,8,loss,-1.35,-1.0,-0.008524590163934698,75.83333333333333,False
away,-233,betrivers,0.03368169658901854,0.7232667726884123,C+,0,"['+1 edge +3.4%', '-1 QB change']",1,1.96,True,0.6813728479157503,2020-10-29 14:10:00+00:00,2020_08_TEN_CIN,2020,8,loss,-1.96,-1.0,0.0581257439743208,75.83333333333333,True
away,135,betrivers,0.04087931737044892,0.44292736909380803,B,1,"['+1 edge +4.1%', '+1 line moved our way', '-1 QB change']",1,0.76,True,0.4372278664731495,2020-11-05 14:10:00+00:00,2020_09_NYG_WAS,2020,9,win,1.026,1.35,-0.06556381848535442,75.83333333333333,False
home,-278,williamhill_us,0.047389532303698134,0.7703023544455769,B,1,"['+1 edge +4.7%', '+1 line moved our way', '-1 QB change']",1,2.0,True,0.7187545271419817,2020-11-06 14:10:00+00:00,2020_09_CHI_TEN,2020,9,win,0.7194244604316546,0.3597122302158273,-0.02576273806380147,51.833333333333336,True
away,165,betmgm,0.04470286476545393,0.3942274961379072,B+,2,"['+1 edge +4.5%', '+1 line moved our way']",1,0.68,True,0.37935957576993673,2020-11-08 19:50:00+00:00,2020_09_NO_TB,2020,9,win,1.122,1.65,-0.006783987103707645,5.5,False
away,385,betmgm,0.15622218639605068,0.23839632709196923,B+,2,['+2 edge +15.6%'],1,1.01,True,0.2238180679830719,2020-11-12 14:10:00+00:00,2020_10_SF_NO,2020,10,loss,-1.01,-1.0,0.11202395468947857,79.25,False
home,220,betmgm,0.05347989970194056,0.32921246865685644,B,1,"['+2 edge +5.3%', '-1 QB change']",1,0.61,True,0.3161183605954787,2020-11-12 14:10:00+00:00,2020_10_TB_CAR,2020,10,loss,-0.61,-1.0,-0.045323848621337204,75.83333333333333,False
away,125,williamhill_us,0.06488646962649547,0.4732828753895535,B,1,"['+2 edge +6.5%', '-1 QB change']",1,1.3,True,0.4372278664731495,2020-11-13 00:05:00+00:00,2020_10_BUF_ARI,2020,10,loss,-1.3,-1.0,-0.0775998962958161,69.0,False
away,180,williamhill_us,0.05361526670402239,0.37629116668000806,B+,2,['+2 edge +5.4%'],1,0.74,True,0.35144508670520236,2020-11-13 00:05:00+00:00,2020_10_DEN_LV,2020,10,loss,-0.74,-1.0,0.018387553041018467,69.0,False
away,172,fanduel,0.089214052133749,0.40044634269623125,C+,0,"['+2 edge +8.9%', '-1 line moved against us', '-1 QB change']",1,1.3,True,0.3597990544414169,2020-11-13 14:10:00+00:00,2020_10_WAS_DET,2020,10,loss,-1.3,-1.0,0.19032784453345175,51.833333333333336,False
home,-118,betmgm,0.04345343358982934,0.5648050695577975,C+,0,"['+1 edge +4.3%', '-1 QB change']",1,1.28,True,0.5435634425965807,2020-11-15 16:45:00+00:00,2020_10_LAC_MIA,2020,10,win,1.0847457627118644,0.847457627118644,-0.03600186983533382,4.333333333333333,True
away,150,williamhill_us,0.0957445942105335,0.4382978376842134,B,1,"['+2 edge +9.6%', '-1 QB change']",1,1.6,True,0.38893746672848617,2020-11-17 14:10:00+00:00,2020_11_ARI_SEA,2020,11,loss,-1.6,-1.0,-0.013570873438153885,59.166666666666664,False
away,195,draftkings,0.16438772931211076,0.3947077048515629,B,1,"['+2 edge +16.4%', '-1 QB change']",1,2.0,True,0.3342019034407566,2020-11-19 14:10:00+00:00,2020_11_ATL_NO,2020,11,loss,-2.0,-1.0,0.09762718148354121,75.83333333333333,False
away,160,williamhill_us,0.031003698713432337,0.39653988412055086,B,1,['+1 edge +3.1%'],1,0.48,True,0.37866249797744933,2020-11-19 14:10:00+00:00,2020_11_PHI_CLE,2020,11,loss,-0.48,-1.0,0.14269683934916766,75.83333333333333,False
home,140,williamhill_us,0.08252218136487599,0.4510509089020317,B+,2,['+2 edge +8.3%'],1,1.47,True,0.40315106580166826,2020-11-26 14:10:00+00:00,2020_12_LV_ATL,2020,12,win,2.058,1.4,-0.1145292039077116,75.83333333333333,False
home,125,betrivers,0.0801239158083773,0.48005507369261213,B,1,"['+2 edge +8.0%', '-1 QB change']",1,1.6,True,0.43439716312056736,2020-11-26 14:10:00+00:00,2020_12_ARI_NE,2020,12,win,2.0,1.25,0.07595640569395035,75.83333333333333,False
away,-185,betrivers,0.05131222280654124,0.6824307411200355,A,3,"['+2 edge +5.1%', '+1 line moved our way']",1,2.0,True,0.6417064459475258,2020-11-26 14:10:00+00:00,2020_12_KC_TB,2020,12,win,1.0810810810810811,0.5405405405405406,-0.06266813815316774,79.25,True
home,230,williamhill_us,0.034886819945542547,0.31360206665016443,C+,0,"['+1 edge +3.5%', '-1 QB change']",1,0.38,True,0.2983111443219574,2020-11-26 14:10:00+00:00,2020_12_NO_DEN,2020,12,loss,-0.38,-1.0,-0.6816579069922162,78.91666666666667,False
away,225,betmgm,0.039081925011047236,0.3197175153880145,B,1,['+1 edge +3.9%'],1,0.43,True,0.3176990318638969,2020-11-29 19:50:00+00:00,2020_12_SF_LA,2020,12,win,0.9675,2.25,0.09083644112946176,1.25,False
home,150,williamhill_us,0.030657604457104526,0.41226304178284184,C,-1,"['+1 edge +3.1%', '-1 line moved against us', '-1 QB change']",1,0.51,True,0.3924122021547156,2020-12-06 14:10:00+00:00,2020_13_IND_HOU,2020,13,loss,-0.51,-1.0,-0.052614235500878626,3.8333333333333335,False
home,320,betmgm,0.08701033139859948,0.2588119836663332,B,1,"['+2 edge +8.7%', '-1 line moved against us']",1,0.68,True,0.243334196220554,2020-12-06 16:45:00+00:00,2020_13_LV_NYJ,2020,13,loss,-0.68,-1.0,0.03187327296106823,1.25,False
home,-149,betmgm,0.03558259993699986,0.6196859734562771,C+,0,"['+1 edge +3.6%', '-1 line moved against us']",1,1.33,True,0.5875953888618283,2020-12-06 16:45:00+00:00,2020_13_DET_CHI,2020,13,loss,-1.33,-1.0,0.0056931018752934825,1.25,True
away,120,betrivers,0.09238160643136362,0.49653709383243794,B+,2,['+2 edge +9.2%'],1,1.92,True,0.447405997144217,2020-12-06 20:10:00+00:00,2020_13_NE_LAC,2020,13,win,2.3040000000000003,1.2000000000000002,-0.010079971705342361,1.25,False
away,150,williamhill_us,0.17326961322120749,0.469307845288483,B+,2,"['+2 edge +17.3%', '+1 line moved our way', '-1 QB change']",1,2.0,True,0.3894019359305283,2020-12-10 14:10:00+00:00,2020_14_WAS_SF,2020,14,win,3.0,1.5,0.041562092159421526,79.25,False
home,-167,fanduel,0.04651906056771704,0.6545643562352388,C+,0,"['+1 edge +4.7%', '-1 QB change']",1,1.94,True,0.6157013973196219,2020-12-10 14:10:00+00:00,2020_14_DEN_CAR,2020,14,loss,-1.94,-1.0,0.03655227916137638,75.83333333333333,True
away,-345,williamhill_us,0.045243408643536265,0.8103572493977977,B,1,['+1 edge +4.5%'],1,2.0,True,0.7509685046287312,2020-12-10 14:10:00+00:00,2020_14_TEN_JAX,2020,14,win,0.5797101449275361,0.28985507246376807,-0.01777736458168533,75.83333333333333,True
away,-127,betrivers,0.0851018680088047,0.6070834239520626,B+,2,"['+2 edge +8.5%', '+1 line moved our way', '-1 QB change']",1,2.0,True,0.552594002855783,2020-12-11 14:10:00+00:00,2020_14_BAL_CLE,2020,14,win,1.574803149606299,0.7874015748031495,0.10666651490091583,83.08333333333333,True
away,176,fanduel,0.09919821347452284,0.3982602222733779,B+,2,['+2 edge +9.9%'],1,1.41,True,0.37032291132752426,2020-12-15 14:10:00+00:00,2020_15_LAC_LV,2020,15,win,2.4815999999999994,1.7599999999999998,0.051150895140664954,59.166666666666664,False
home,155,betmgm,0.11076375069985622,0.43559362772543386,B+,2,"['+2 edge +11.1%', '+1 line moved our way', '-1 QB change']",1,1.79,True,0.38900939985538685,2020-12-17 14:10:00+00:00,2020_15_KC_NO,2020,15,loss,-1.79,-1.0,0.11118261381187033,79.25,False
away,300,betmgm,0.03310867006440388,0.25827716751610097,C+,0,"['+1 edge +3.3%', '-1 QB change']",1,0.28,True,0.24837152796189588,2020-12-18 14:10:00+00:00,2020_15_HOU_IND,2020,15,loss,-0.28,-1.0,-0.055608579896518684,51.833333333333336,False
home,-400,betmgm,0.0360349928483259,0.8288279942786607,B+,2,"['+1 edge +3.6%', '+1 line moved our way']",1,2.0,True,0.7867435158501441,2020-12-20 16:45:00+00:00,2020_15_DET_TEN,2020,15,win,0.5,0.25,-0.03533084373905948,1.25,True
away,160,williamhill_us,0.11956663640692633,0.4306025524642024,B,1,"['+2 edge +12.0%', '-1 line moved against us']",1,1.87,True,0.37935957576993673,2020-12-24 14:10:00+00:00,2020_16_DEN_LAC,2020,16,loss,-1.87,-1.0,0.19083969465648853,78.91666666666667,False
away,-143,fanduel,0.05282568519111552,0.6195640863470351,A,3,"['+2 edge +5.3%', '+1 line moved our way']",1,1.89,True,0.5875953888618282,2020-12-25 14:10:00+00:00,2020_16_MIA_LV,2020,16,win,1.3216783216783214,0.6993006993006992,-0.07900496450114791,35.083333333333336,True
home,-227,fanduel,0.04477366199364008,0.7252710130659215,B,1,"['+1 edge +4.5%', '+1 line moved our way', '-1 QB change']",1,2.0,True,0.6719008679074902,2020-12-25 14:10:00+00:00,2020_16_SF_ARI,2020,16,loss,-2.0,-1.0,0.031287545054064836,31.333333333333332,True
home,-263,betrivers,0.037065361164041244,0.7513724242042503,C+,0,"['+1 edge +3.7%', '-1 QB change']",1,2.0,True,0.7188110521909015,2020-12-25 20:15:00+00:00,2020_16_MIN_NO,2020,16,win,0.7604562737642584,0.3802281368821292,0.00764439324352062,1.25,True
home,-127,fanduel,0.23088459901458935,0.6886446875544179,B,1,"['+2 edge +23.1%', '-1 model 27 pct pts from market', '+1 line moved our way', '-1 QB change']",1,2.0,True,0.540286176094342,2020-12-31 14:10:00+00:00,2020_17_MIA_BUF,2020,17,win,1.574803149606299,0.7874015748031495,-0.2672447120180237,75.83333333333333,True
home,300,betmgm,0.21129396620916974,0.30282349155229243,B+,2,['+2 edge +21.1%'],1,1.76,True,0.24831024772322235,2020-12-31 14:10:00+00:00,2020_17_TEN_HOU,2020,17,loss,-1.76,-1.0,0.08262069803386907,79.25,False
away,-263,betrivers,0.15686400503073306,0.8381686868404485,B+,2,"['+2 edge +15.7%', '+1 line moved our way', '-1 QB change']",1,2.0,True,0.700162074554295,2020-12-31 14:10:00+00:00,2020_17_SEA_SF,2020,17,win,0.7604562737642584,0.3802281368821292,0.013859150658075636,79.25,True
away,-130,betrivers,0.07299511835071781,0.6064755016764927,A,3,"['+2 edge +7.3%', '+1 line moved our way']",1,2.0,True,0.5599789843316445,2020-12-31 14:10:00+00:00,2020_17_LV_DEN,2020,17,win,1.5384615384615383,0.7692307692307692,0.018722584786562413,79.25,True
home,160,williamhill_us,0.04803279857977971,0.40308953791529983,B,1,['+1 edge +4.8%'],1,0.75,True,0.3775334481388264,2021-01-07 14:10:00+00:00,2020_18_BAL_TEN,2020,18,loss,-0.75,-1.0,-0.03610022874871821,75.91666666666667,False
away,400,williamhill_us,0.08307460426578173,0.21661492085315637,B,1,"['+2 edge +8.3%', '-1 QB change']",1,0.52,True,0.19804703617109065,2021-01-14 14:10:00+00:00,2020_19_CLE_KC,2020,19,loss,-0.52,-1.0,0.16657517057485682,77.91666666666667,False
away,150,williamhill_us,0.05773166048833045,0.4230926641953322,C+,0,"['+2 edge +5.8%', '-1 line moved against us', '-1 QB change']",1,0.96,True,0.3948827922798196,2021-01-22 14:10:00+00:00,2020_20_BUF_KC,2020,20,loss,-0.96,-1.0,0.007245924167655682,57.5,False
away,310,williamhill_us,0.04496314845304372,0.2548690605983034,C+,0,"['+1 edge +4.5%', '-1 QB change']",1,0.36,True,0.24102564102564095,2021-09-07 14:10:00+00:00,2021_01_DAL_TB,2021,1,loss,-0.36,-1.0,-0.11846012081498969,58.166666666666664,False
home,-105,betmgm,0.0914157698563598,0.5590178333410624,B+,2,"['+2 edge +9.1%', '+1 line moved our way', '-1 QB change']",1,2.0,True,0.5,2021-09-09 14:10:00+00:00,2021_01_LAC_WAS,2021,1,loss,-2.0,-1.0,0.073880494370542,74.83333333333333,True
home,155,draftkings,0.08801623709874629,0.42667303415637114,B,1,"['+2 edge +8.8%', '-1 QB change']",1,1.42,True,0.3976351438904374,2021-09-09 14:10:00+00:00,2021_01_MIN_CIN,2021,1,win,2.2009999999999996,1.5499999999999998,0.12072190013091433,74.83333333333333,False
away,320,draftkings,0.07498651730731876,0.2559491707874568,B+,2,['+2 edge +7.5%'],1,0.59,True,0.24760354923478856,2021-09-09 14:10:00+00:00,2021_01_CHI_LA,2021,1,loss,-0.59,-1.0,-0.038761584299866536,82.16666666666667,False
home,140,draftkings,0.062225580810402414,0.44259399200433436,C+,0,"['+2 edge +6.2%', '-1 line moved against us', '-1 QB change']",1,1.11,True,0.40462121818002195,2021-09-09 14:10:00+00:00,2021_01_DEN_NYG,2021,1,loss,-1.11,-1.0,0.039601268690530045,78.25,False
home,-145,betmgm,0.03408904892280096,0.612011886097168,B,1,['+1 edge +3.4%'],1,1.24,True,0.5875953888618283,2021-09-09 14:10:00+00:00,2021_01_ARI_TEN,2021,1,loss,-1.24,-1.0,-0.022986140917813813,74.83333333333333,True
home,330,fanduel,0.08015647639649304,0.251199180557324,C+,0,"['+2 edge +8.0%', '-1 line moved against us', '-1 QB change']",1,0.61,True,0.2406554920036993,2021-09-09 23:05:00+00:00,2021_01_SF_DET,2021,1,loss,-0.61,-1.0,-0.06069731930777067,65.91666666666667,False
home,176,fanduel,0.036649857953142684,0.3755977746207039,B+,2,"['+1 edge +3.7%', '+1 line moved our way']",1,0.52,True,0.3658922580236754,2021-09-12 19:10:00+00:00,2021_01_GB_NO,2021,1,win,0.9151999999999999,1.7599999999999998,0.026932549455787713,1.25,False
away,-175,williamhill_us,0.11790245593140347,0.7113924719563477,B+,2,"['+2 edge +11.8%', '+1 line moved our way', '-1 QB change']",1,2.0,True,0.6220345798150382,2021-09-16 14:10:00+00:00,2021_02_NO_CAR,2021,2,loss,-2.0,-1.0,-0.09242176049659456,74.83333333333333,True
away,-182,betrivers,0.03247231307094256,0.6663473793578423,B,1,"['+1 edge +3.2%', '+1 line moved our way', '-1 QB change']",1,1.48,True,0.6341077419763246,2021-09-16 14:10:00+00:00,2021_02_LA_IND,2021,2,win,0.8131868131868133,0.5494505494505495,0.014310228329025731,74.83333333333333,True
home,-185,betmgm,0.03181384735331827,0.6697739009135575,B+,2,"['+1 edge +3.2%', '+1 line moved our way']",1,1.47,True,0.6353646353646354,2021-09-16 14:10:00+00:00,2021_02_MIN_ARI,2021,2,win,0.7945945945945946,0.5405405405405406,-0.015176947121908091,77.91666666666667,True
away,-169,draftkings,0.03672798550576939,0.6513272473995355,B+,2,"['+1 edge +3.7%', '+1 line moved our way']",1,1.55,True,0.6177901320361362,2021-09-16 23:05:00+00:00,2021_02_BUF_MIA,2021,2,win,0.9171597633136094,0.5917159763313609,-0.004856776753606518,65.91666666666667,True
away,155,williamhill_us,0.20751067883880858,0.4735335995446308,B+,2,"['+2 edge +20.8%', '+1 line moved our way', '-1 QB change']",1,2.0,True,0.38596491228070173,2021-09-23 14:10:00+00:00,2021_03_GB_SF,2021,3,win,3.0999999999999996,1.5499999999999998,-0.04426383664696398,82.16666666666667,False
home,110,draftkings,0.04787125445414886,0.4989863116448328,B+,2,"['+1 edge +4.8%', '+1 line moved our way']",1,1.09,True,0.4696840307429548,2021-09-23 14:10:00+00:00,2021_03_SEA_MIN,2021,3,win,1.1990000000000003,1.1,-0.01869158878504673,78.25,False
away,170,draftkings,0.04499133137098865,0.38703382643369943,B,1,"['+1 edge +4.5%', '+1 line moved our way', '-1 QB change']",1,0.66,True,0.39359516446992626,2021-09-23 14:10:00+00:00,2021_03_CIN_PIT,2021,3,win,1.122,1.7000000000000002,0.16462976276060393,74.83333333333333,False
away,-345,betmgm,0.030950297889076772,0.7992760736443404,C+,0,"['+1 edge +3.1%', '-1 QB change']",1,2.0,True,0.7509685046287312,2021-09-23 23:05:00+00:00,2021_03_ARI_JAX,2021,3,win,0.5797101449275361,0.28985507246376807,-0.020076672904667525,65.91666666666667,True
away,145,draftkings,0.04331841617682364,0.42584425150074434,B,1,['+1 edge +4.3%'],1,0.75,True,0.4208213621767788,2021-09-24 21:40:00+00:00,2021_03_ATL_NYG,2021,3,win,1.0875000000000001,1.4500000000000002,0.04361316107770796,43.333333333333336,False
home,-303,betrivers,0.035241405623795075,0.7783576821439452,C+,0,"['+1 edge +3.5%', '-1 QB change']",1,2.0,True,0.7373290060359733,2021-09-28 14:10:00+00:00,2021_04_JAX_CIN,2021,4,win,0.6600660066006601,0.33003300330033003,0.017587641981894775,58.166666666666664,True
away,-323,draftkings,0.05170185667237792,0.8030725761351727,B,1,"['+2 edge +5.2%', '-1 QB change']",1,2.0,True,0.7425301025717259,2021-09-30 14:10:00+00:00,2021_04_TEN_NYJ,2021,4,loss,-2.0,-1.0,-0.1069633437523182,74.83333333333333,True
home,-333,draftkings,0.04425527629450232,0.8030877759955412,B,1,['+1 edge +4.4%'],1,2.0,True,0.7504709383275547,2021-09-30 14:10:00+00:00,2021_04_NYG_NO,2021,4,loss,-2.0,-1.0,-0.02667903658800297,74.83333333333333,True
home,-263,draftkings,0.03325746653541817,0.7486135363603719,B,1,['+1 edge +3.3%'],1,2.0,True,0.7112961124264875,2021-09-30 23:05:00+00:00,2021_04_PIT_GB,2021,4,win,0.7604562737642584,0.3802281368821292,-0.015433614412189711,69.33333333333333,True
away,-123,betrivers,0.03638293356087341,0.5716372234438898,B,1,"['+1 edge +3.6%', '+1 line moved our way', '-1 QB change']",1,1.12,True,0.5496817651694537,2021-10-05 14:10:00+00:00,2021_05_LA_SEA,2021,5,win,0.910569105691057,0.8130081300813008,0.016193260866590453,58.166666666666664,True
away,-189,betmgm,0.07072002094136476,0.700228664214249,B,1,"['+2 edge +7.1%', '-1 QB change']",1,2.0,True,0.6428571428571428,2021-10-07 14:10:00+00:00,2021_05_TEN_JAX,2021,5,win,1.0582010582010581,0.5291005291005291,-0.022490215870654695,74.83333333333333,True
away,130,draftkings,0.04412847141203957,0.45396890061393025,B,1,['+1 edge +4.4%'],1,0.85,True,0.42888402625820565,2021-10-07 14:10:00+00:00,2021_05_BUF_KC,2021,5,win,1.1049999999999998,1.2999999999999998,0.015203531142716997,82.16666666666667,False
away,325,betmgm,0.03881889170978958,0.24442797451995046,B,1,['+1 edge +3.9%'],1,0.3,True,0.230732635585157,2021-10-07 14:10:00+00:00,2021_05_DET_MIN,2021,5,loss,-0.3,-1.0,-0.0758852863643229,74.83333333333333,False
home,-312,betrivers,0.03646193799179187,0.7848935064403861,C+,0,"['+1 edge +3.6%', '-1 QB change']",1,2.0,True,0.7332576617480137,2021-10-07 14:10:00+00:00,2021_05_NYG_DAL,2021,5,win,0.641025641025641,0.3205128205128205,-0.012534332363293155,78.25,True
home,350,betmgm,0.03851496821417566,0.2307811040475946,C+,0,"['+1 edge +3.9%', '-1 QB change']",1,0.28,True,0.23218215296178202,2021-10-10 12:15:00+00:00,2021_05_NE_HOU,2021,5,loss,-0.28,-1.0,0.1260773405080029,4.75,False
away,-189,draftkings,0.06234108996956822,0.6947490173157383,B,1,"['+2 edge +6.2%', '-1 QB change']",1,2.0,True,0.6499999999999999,2021-10-14 14:10:00+00:00,2021_06_GB_CHI,2021,6,win,1.0582010582010581,0.5291005291005291,0.03461678344353736,74.83333333333333,True
away,-263,betrivers,0.036928971414494915,0.7512736073884633,B,1,['+1 edge +3.7%'],1,2.0,True,0.7188110521909015,2021-10-14 14:10:00+00:00,2021_06_TB_PHI,2021,6,win,0.7604562737642584,0.3802281368821292,-0.01681623071002869,10.166666666666666,True
away,-167,betrivers,0.031400170901242586,0.645107972061826,C+,0,"['+1 edge +3.1%', '-1 QB change']",1,1.31,True,0.6250852079072937,2021-10-14 14:10:00+00:00,2021_06_DAL_NE,2021,6,win,0.7844311377245508,0.5988023952095807,0.019359082214297496,78.25,True
away,375,betmgm,0.1385489705400511,0.23969452011369496,B+,2,"['+2 edge +13.9%', '+1 line moved our way', '-1 QB change']",1,0.92,True,0.21096214511041012,2021-10-15 14:10:00+00:00,2021_06_HOU_IND,2021,6,loss,-0.92,-1.0,-0.005393168138584148,50.833333333333336,False
away,198,fanduel,0.031558168551530486,0.34616045924548,C+,0,"['+1 edge +3.2%', '-1 QB change']",1,0.4,True,0.3301278873797957,2021-10-15 14:10:00+00:00,2021_06_SEA_PIT,2021,6,loss,-0.4,-1.0,0.004490776139655317,58.166666666666664,False
home,125,draftkings,0.0856311543921715,0.4825027352854096,B,1,"['+2 edge +8.6%', '-1 line moved against us']",1,1.71,True,0.43947859489071006,2021-10-21 14:10:00+00:00,2021_07_ATL_MIA,2021,7,loss,-1.71,-1.0,0.01241821075589944,74.83333333333333,False
home,140,williamhill_us,0.05650181213130989,0.44020908838804584,B,1,"['+2 edge +5.7%', '-1 QB change']",1,1.01,True,0.4124046111381718,2021-10-21 14:10:00+00:00,2021_07_CAR_NYG,2021,7,win,1.414,1.4,-0.02003022216506456,74.83333333333333,False
home,-370,fanduel,0.04175883735152763,0.8201080208937559,C+,0,"['+1 edge +4.2%', '-1 line moved against us']",1,2.0,True,0.7634625062908907,2021-10-21 14:10:00+00:00,2021_07_WAS_GB,2021,7,win,0.5405405405405403,0.2702702702702702,-0.015646536861897098,74.83333333333333,True
away,-208,betrivers,0.0570162420819289,0.713829150496887,B,1,"['+2 edge +5.7%', '-1 QB change']",1,2.0,True,0.6615081539903482,2021-10-23 14:10:00+00:00,2021_07_NO_SEA,2021,7,win,0.9615384615384617,0.48076923076923084,0.013067319948552703,58.083333333333336,True
home,185,betrivers,0.056322655688865186,0.3706395283118825,B,1,"['+2 edge +5.6%', '-1 line moved against us']",1,0.76,True,0.3447456443897547,2021-10-23 14:10:00+00:00,2021_07_KC_TEN,2021,7,win,1.4060000000000001,1.85,-0.026529597081744405,26.833333333333332,False
away,200,williamhill_us,0.1368480706383639,0.37894935687945464,B+,2,['+2 edge +13.7%'],1,1.71,True,0.3266113325143081,2021-10-28 14:10:00+00:00,2021_08_NE_LAC,2021,8,win,3.42,2.0,0.11083489251462142,77.91666666666667,False
away,145,betmgm,0.03882654463641377,0.42401083454547495,C,-1,"['+1 edge +3.9%', '-1 line moved against us', '-1 QB change']",1,0.67,True,0.40315106580166815,2021-10-28 14:10:00+00:00,2021_08_CAR_ATL,2021,8,win,0.9715000000000001,1.4500000000000002,0.10241094060086864,74.83333333333333,False
home,-156,betrivers,0.032569412832934796,0.6292219859450696,C+,0,"['+1 edge +3.3%', '-1 QB change']",1,1.27,True,0.602826986463038,2021-10-28 14:10:00+00:00,2021_08_WAS_DEN,2021,8,win,0.8141025641025641,0.641025641025641,0.049060274050976904,78.25,True
home,-167,betrivers,0.05429446448209796,0.6594276238520987,B,1,"['+2 edge +5.4%', '-1 QB change']",1,2.0,True,0.6233894945490586,2021-10-28 23:05:00+00:00,2021_08_JAX_SEA,2021,8,win,1.1976047904191613,0.5988023952095807,0.024090090451360346,69.0,True
home,166,fanduel,0.035952707772966,0.38945590517780676,B,1,['+1 edge +3.6%'],1,0.54,True,0.37410475619085787,2021-10-30 14:10:00+00:00,2021_08_PHI_DET,2021,8,loss,-0.54,-1.0,0.033638789003595626,26.833333333333332,False
home,120,draftkings,0.049785311720838,0.47717514169128994,B+,2,"['+1 edge +5.0%', '+1 line moved our way']",1,1.04,True,0.4532496161194271,2021-11-04 14:10:00+00:00,2021_09_LAC_PHI,2021,9,loss,-1.04,-1.0,0.09488942575729431,78.91666666666667,False
away,-139,betrivers,0.03608524515396905,0.6025767743782497,B,1,['+1 edge +3.6%'],1,1.25,True,0.5791786378232213,2021-11-04 14:10:00+00:00,2021_09_LV_NYG,2021,9,loss,-1.25,-1.0,0.011703690751827978,75.83333333333333,True
away,400,williamhill_us,0.255170232850789,0.2510340465701578,B,1,"['+2 edge +25.5%', '-1 QB change']",1,1.59,True,0.1954173690453893,2021-11-04 23:05:00+00:00,2021_09_NYJ_IND,2021,9,loss,-1.59,-1.0,-0.04989235233548628,1.25,False
home,-141,betrivers,0.10221987434112445,0.644867229386301,C+,0,"['+2 edge +10.2%', '-1 line moved against us', '-1 QB change']",1,2.0,True,0.5742282691404857,2021-11-11 14:10:00+00:00,2021_10_NO_TEN,2021,10,win,1.418439716312057,0.7092198581560285,-0.006929664268593871,75.83333333333333,True
home,-167,betrivers,0.05072725419847224,0.6571964473825651,A,3,"['+2 edge +5.1%', '+1 line moved our way']",1,2.0,True,0.6080216101943743,2021-11-11 14:10:00+00:00,2021_10_MIN_LAC,2021,10,loss,-2.0,-1.0,-0.0004263370089483409,78.91666666666667,True
away,400,betmgm,0.04615923579466252,0.2092318471589325,B,1,['+1 edge +4.6%'],1,0.29,True,0.20601237842617148,2021-11-11 14:10:00+00:00,2021_10_JAX_IND,2021,10,loss,-0.29,-1.0,0.05880113573275425,75.83333333333333,False
away,-135,betmgm,0.039425471344651575,0.5971167601341616,B,1,['+1 edge +3.9%'],1,1.33,True,0.5661019390382227,2021-11-11 14:10:00+00:00,2021_10_KC_LV,2021,10,win,0.9851851851851852,0.7407407407407407,0.011384219285696773,83.16666666666667,True
away,-250,betmgm,0.04033388755362921,0.743095633966878,B+,2,"['+1 edge +4.0%', '+1 line moved our way']",1,2.0,True,0.7172789896670493,2021-11-17 14:10:00+00:00,2021_11_NE_ATL,2021,11,win,0.7999999999999998,0.3999999999999999,0.04232968080038102,35.166666666666664,True
home,-161,draftkings,0.03885581389423609,0.6408267664251802,B+,2,"['+1 edge +3.9%', '+1 line moved our way']",1,1.56,True,0.6060901124192264,2021-11-18 14:10:00+00:00,2021_11_WAS_CAR,2021,11,loss,-1.56,-1.0,-0.0009112441215992639,75.83333333333333,True
home,155,betmgm,0.18528345140796199,0.4648170397678283,B+,2,"['+2 edge +18.5%', '+1 line moved our way', '-1 QB change']",1,2.0,True,0.46578434390068735,2021-11-21 16:45:00+00:00,2021_11_BAL_CHI,2021,11,loss,-2.0,-1.0,-0.17014394952782164,1.25,False
away,-189,draftkings,0.055757065250835236,0.6904432018422417,B,1,"['+2 edge +5.6%', '-1 QB change']",1,2.0,True,0.6499999999999999,2021-11-23 14:10:00+00:00,2021_12_BUF_NO,2021,12,win,1.0582010582010581,0.5291005291005291,0.08518746847503222,59.166666666666664,True
away,-161,draftkings,0.04550979294909285,0.6449313282176398,B,1,['+1 edge +4.6%'],1,1.83,True,0.6125598793547687,2021-11-25 16:15:00+00:00,2021_12_PHI_NYG,2021,12,loss,-1.83,-1.0,0.03838404104737325,73.75,True
away,-110,betmgm,0.05108530663063293,0.5505684939493791,A,3,"['+2 edge +5.1%', '+1 line moved our way']",1,1.4,True,0.5397075267076122,2021-11-26 00:05:00+00:00,2021_12_ATL_JAX,2021,12,win,1.2727272727272727,0.9090909090909092,-0.0015126304643775512,65.91666666666667,True
home,-141,betrivers,0.06778808380065793,0.6247224888626256,B,1,"['+2 edge +6.8%', '-1 QB change']",1,2.0,True,0.5761627799575192,2021-11-28 16:45:00+00:00,2021_12_NYJ_HOU,2021,12,loss,-2.0,-1.0,-0.03242886789891175,1.25,True
away,360,betmgm,0.0625231546061793,0.2309832944796042,B,1,"['+2 edge +6.3%', '-1 QB change']",1,0.43,True,0.2198316183348924,2021-12-02 14:10:00+00:00,2021_13_DEN_KC,2021,13,loss,-0.43,-1.0,0.054703132282804434,83.16666666666667,False
home,-196,betrivers,0.046653639395898505,0.6930544368972842,B+,2,"['+1 edge +4.7%', '+1 line moved our way']",1,2.0,True,0.6508692628650904,2021-12-03 14:10:00+00:00,2021_13_NYG_MIA,2021,13,win,1.020408163265306,0.510204081632653,0.09437393913769232,51.833333333333336,True
away,-189,draftkings,0.03971506009514658,0.6799520635224315,B+,2,"['+1 edge +4.0%', '+1 line moved our way']",1,1.88,True,0.6458141674333027,2021-12-05 14:10:00+00:00,2021_13_BAL_PIT,2021,13,loss,-1.88,-1.0,-0.014833699869272077,7.25,True
home,-145,draftkings,0.04338440297268842,0.6175132180858768,C+,0,"['+1 edge +4.3%', '-1 QB change']",1,1.57,True,0.5814805126863719,2021-12-05 16:45:00+00:00,2021_13_LAC_CIN,2021,13,loss,-1.57,-1.0,-0.0361132638806515,1.25,True
away,125,draftkings,0.19074419149871913,0.5292196406660974,B+,2,['+2 edge +19.1%'],1,2.0,True,0.4424448344098869,2021-12-09 14:10:00+00:00,2021_14_BAL_CLE,2021,14,loss,-2.0,-1.0,-0.0663900414937757,75.83333333333333,False
away,360,betmgm,0.033943544615680166,0.22477033578601746,B+,2,"['+1 edge +3.4%', '+1 line moved our way']",1,0.25,True,0.22935779816513768,2021-12-12 20:10:00+00:00,2021_14_NYG_LAC,2021,14,loss,-0.25,-1.0,0.03993971363978921,0.9166666666666666,False
away,340,fanduel,0.1804727647759954,0.26828926472181713,B,1,"['+2 edge +18.0%', '-1 line moved against us']",1,1.33,True,0.22522522522522515,2021-12-16 14:10:00+00:00,2021_15_ATL_SF,2021,15,loss,-1.33,-1.0,0.01920664028568675,78.91666666666667,False
away,400,williamhill_us,0.08910672104462414,0.21782134420892485,B+,2,['+2 edge +8.9%'],1,0.56,True,0.19804703617109065,2021-12-16 14:10:00+00:00,2021_15_CAR_BUF,2021,15,loss,-0.56,-1.0,-0.26803904257063993,75.83333333333333,False
away,-110,draftkings,0.05804350105075917,0.5542132624551596,B+,2,['+2 edge +5.8%'],1,1.6,True,0.5324675324675325,2021-12-16 14:10:00+00:00,2021_15_TEN_PIT,2021,15,loss,-1.6,-1.0,-0.10968982061429666,75.83333333333333,True
away,120,betrivers,0.09724087464497444,0.49874585211135203,B,1,"['+2 edge +9.7%', '-1 line moved against us']",1,2.0,True,0.447405997144217,2021-12-17 00:05:00+00:00,2021_15_NE_IND,2021,15,loss,-2.0,-1.0,0.08223186265460614,49.25,False
home,100,betmgm,0.10667761814406984,0.5533388090720349,B,1,"['+2 edge +10.7%', '-1 QB change']",1,2.0,True,0.513806287170773,2021-12-18 14:10:00+00:00,2021_15_LV_CLE,2021,15,loss,-2.0,-1.0,-0.15781577646316725,55.833333333333336,False
home,160,williamhill_us,0.13706690966790647,0.43733342679534865,B+,2,['+2 edge +13.7%'],1,2.0,True,0.3793595757699368,2021-12-21 14:10:00+00:00,2021_16_SF_TEN,2021,16,win,3.2,1.6,-0.0010491394221225914,59.166666666666664,False
away,245,fanduel,0.03606545495914326,0.30030882752438937,B,1,"['+1 edge +3.6%', '+1 line moved our way', '-1 QB change']",1,0.37,True,0.29026921341555123,2021-12-21 14:10:00+00:00,2021_15_WAS_PHI,2021,15,loss,-0.37,-1.0,-0.3030925992134431,9.833333333333334,False
away,400,williamhill_us,0.10687973554078334,0.22137594710815667,B+,2,['+2 edge +10.7%'],1,0.67,True,0.20827306913508825,2021-12-23 14:10:00+00:00,2021_16_WAS_DAL,2021,16,loss,-0.67,-1.0,0.03485818541240171,83.16666666666667,False
away,120,betrivers,0.06530376249669678,0.48422898295304395,B+,2,['+2 edge +6.5%'],1,1.36,True,0.447405997144217,2021-12-23 14:10:00+00:00,2021_16_BUF_NE,2021,16,win,1.6320000000000003,1.2000000000000002,0.05969208607184684,75.83333333333333,False
away,375,betrivers,0.055846335150449455,0.22228343897904201,B+,2,['+2 edge +5.6%'],1,0.37,True,0.21258850697559017,2021-12-23 14:10:00+00:00,2021_16_NYG_PHI,2021,16,loss,-0.37,-1.0,-0.1104286258723769,75.83333333333333,False
home,-278,fanduel,0.10390676039870139,0.8118679348963995,B,1,"['+2 edge +10.4%', '-1 QB change']",1,2.0,True,0.7158069179507071,2021-12-30 14:10:00+00:00,2021_17_MIN_GB,2021,17,win,0.7194244604316546,0.3597122302158273,0.14957845843953033,83.16666666666667,True
away,155,draftkings,0.0588954737018772,0.41525312694191263,B+,2,['+2 edge +5.9%'],1,0.95,True,0.38691757602751586,2021-12-30 14:10:00+00:00,2021_17_MIA_TEN,2021,17,loss,-0.95,-1.0,-0.011769771781254712,75.83333333333333,False
away,-167,betrivers,0.05805408548638735,0.6617791471019727,B+,2,['+2 edge +5.8%'],1,2.0,True,0.609227278457078,2021-12-30 14:10:00+00:00,2021_17_PHI_WAS,2021,17,win,1.1976047904191613,0.5988023952095807,0.0919981696957961,75.83333333333333,True
away,250,fanduel,0.038165982791187325,0.29661885222605355,C+,0,"['+1 edge +3.8%', '-1 QB change']",1,0.38,True,0.2768073098629401,2021-12-30 14:10:00+00:00,2021_17_CAR_NO,2021,17,loss,-0.38,-1.0,0.0033887535740759755,79.25,False
away,325,betmgm,0.07393875068349676,0.25269147074905807,B+,2,['+2 edge +7.4%'],1,0.57,True,0.24853392907009209,2022-01-02 14:10:00+00:00,2021_17_LV_IND,2021,17,win,1.8524999999999998,3.25,-0.0329632597001257,3.8333333333333335,False
home,134,betrivers,0.03807035330028152,0.44361980910268445,B,1,['+1 edge +3.8%'],1,0.71,True,0.4199901297785691,2022-01-03 00:05:00+00:00,2021_17_CLE_PIT,2021,17,win,0.9513999999999998,1.3399999999999999,0.11148079238262021,25.166666666666668,False
away,250,betrivers,0.2720225729335235,0.3634350208381496,B+,2,['+2 edge +27.2%'],1,2.0,True,0.28118894780909853,2022-01-06 14:10:00+00:00,2021_18_SEA_ARI,2021,18,win,5.0,2.5,0.1534677816035417,79.25,False
home,180,fanduel,0.2713577326125942,0.4540563330759265,C+,0,"['+2 edge +27.1%', '-1 model 26 pct pts from market', '-1 QB change']",1,2.0,True,0.35000000000000003,2022-01-06 14:10:00+00:00,2021_18_NO_ATL,2021,18,loss,-2.0,-1.0,-0.049643236678305835,79.25,False
home,-357,betrivers,0.11907257548392458,0.8741989265815341,C+,0,"['+2 edge +11.9%', '-1 line moved against us', '-1 QB change']",1,2.0,True,0.7566658037794461,2022-01-06 14:10:00+00:00,2021_18_CAR_TB,2021,18,win,0.5602240896358541,0.28011204481792706,0.0226121775998116,79.25,True
away,-154,betrivers,0.05958037687758022,0.6424227481856195,B+,2,['+2 edge +6.0%'],1,2.0,True,0.5926410508035748,2022-01-06 14:10:00+00:00,2021_18_LAC_LV,2021,18,loss,-2.0,-1.0,0.02442753457638447,83.16666666666667,True
home,-161,fanduel,0.053627427675520645,0.6499387580680416,B+,2,['+2 edge +5.4%'],1,2.0,True,0.5981699425097071,2022-01-13 14:10:00+00:00,2021_19_SF_DAL,2021,19,loss,-2.0,-1.0,-0.025079832110652234,79.33333333333333,True
away,175,betrivers,0.05343937863190651,0.38306886495705694,B+,2,['+2 edge +5.3%'],1,0.76,True,0.3571428571428571,2022-01-13 14:10:00+00:00,2021_19_NE_BUF,2021,19,loss,-0.76,-1.0,-0.049984808759156785,59.083333333333336,False
away,170,betrivers,0.09737377831411487,0.4064347327089314,B+,2,['+2 edge +9.7%'],1,1.43,True,0.3617936559785191,2022-01-14 14:10:00+00:00,2021_19_ARI_LA,2021,19,loss,-1.43,-1.0,0.016846197456872325,83.08333333333333,False
home,-147,betrivers,0.05027563333893337,0.6250628263191224,B+,2,['+2 edge +5.0%'],1,1.85,True,0.5735751996751048,2022-01-20 14:10:00+00:00,2021_20_LA_TB,2021,20,loss,-1.85,-1.0,-0.029559198453068758,77.83333333333333,True
away,160,betmgm,0.045884539579831296,0.40226328445378123,C+,0,"['+1 edge +4.6%', '-1 QB change']",1,0.72,True,0.37570191621443283,2022-01-20 14:10:00+00:00,2021_20_CIN_TEN,2021,20,win,1.152,1.6,-0.062104871699516506,55.333333333333336,False
away,160,williamhill_us,0.07085016509914221,0.41186544811505466,B+,2,['+2 edge +7.1%'],1,1.11,True,0.3766097027618045,2022-01-27 14:10:00+00:00,2021_21_SF_LA,2021,21,loss,-1.11,-1.0,-0.014884979702300405,81.33333333333333,False
away,295,betrivers,0.044546413889036574,0.26444213009849027,C+,0,"['+1 edge +4.5%', '-1 QB change']",1,0.38,True,0.24952906167244526,2022-01-28 14:10:00+00:00,2021_21_CIN_KC,2021,21,win,1.121,2.95,0.07727272727272672,53.833333333333336,False
home,265,fanduel,0.199862523334148,0.3287294584477118,B,1,"['+2 edge +20.0%', '-1 QB change']",1,1.89,True,0.27404882798914937,2022-09-08 14:10:00+00:00,2022_01_SF_CHI,2022,1,win,5.0085,2.65,0.11994780277914918,74.83333333333333,False
away,-116,fanduel,0.12831065633958372,0.6059446117379246,B+,2,['+2 edge +12.8%'],1,2.0,True,0.5224947949669594,2022-09-08 14:10:00+00:00,2022_01_GB_MIN,2022,1,loss,-2.0,-1.0,-0.14714398525927885,78.25,True
away,235,betrivers,0.040342091904187916,0.3105498781803546,C+,0,"['+1 edge +4.0%', '-1 QB change']",1,0.43,True,0.2918017600741084,2022-09-08 14:10:00+00:00,2022_01_PIT_CIN,2022,1,win,1.0105,2.35,-0.10615255833420556,74.83333333333333,False
home,-238,betrivers,0.03314646756904538,0.7274818321935881,B,1,['+1 edge +3.3%'],1,1.97,True,0.6830100911580448,2022-09-08 14:10:00+00:00,2022_01_NYG_TEN,2022,1,loss,-1.97,-1.0,-0.026637043435577268,78.25,True
home,-185,betmgm,0.08440330212952674,0.703910915417412,A,3,"['+2 edge +8.4%', '+1 line moved our way']",1,2.0,True,0.6333398690020651,2022-09-13 14:10:00+00:00,2022_02_LAC_KC,2022,2,win,1.0810810810810811,0.5405405405405406,-0.02110267642699648,58.083333333333336,True
away,340,betmgm,0.515748167731299,0.34448821993893153,C+,0,"['+2 edge +51.6%', '-1 model 27 pct pts from market', '-1 QB change']",1,2.0,True,0.22933351364709353,2022-09-15 14:10:00+00:00,2022_02_SEA_SF,2022,2,loss,-2.0,-1.0,0.02151006678880596,77.91666666666667,False
away,-125,williamhill_us,0.10171423114252032,0.6120634617458446,B+,2,['+2 edge +10.2%'],1,2.0,True,0.5427435387673956,2022-09-15 14:10:00+00:00,2022_02_NE_PIT,2022,2,win,1.6,0.8,0.05311203319502078,74.83333333333333,True
away,-189,betrivers,0.07134242114353762,0.7006357010246665,B+,2,['+2 edge +7.1%'],1,2.0,True,0.6385542168674698,2022-09-15 14:10:00+00:00,2022_02_IND_JAX,2022,2,loss,-2.0,-1.0,-0.08787883469957136,74.83333333333333,True
home,130,williamhill_us,0.16483744489940544,0.5064510629997415,B,1,"['+2 edge +16.5%', '-1 QB change']",1,2.0,True,0.42402465814076257,2022-09-22 14:10:00+00:00,2022_03_BAL_NE,2022,3,loss,-2.0,-1.0,-0.020281522253580375,74.83333333333333,False
home,-138,fanduel,0.056823708008109985,0.6127801332147864,B,1,"['+2 edge +5.7%', '-1 QB change']",1,1.96,True,0.5711159737417943,2022-09-22 14:10:00+00:00,2022_03_HOU_CHI,2022,3,win,1.4202898550724639,0.7246376811594204,0.026006048814316785,74.83333333333333,True
away,102,betrivers,0.11662840346690384,0.5527863383499524,B+,2,"['+2 edge +11.7%', '+1 line moved our way', '-1 QB change']",1,2.0,True,0.4891657638136512,2022-09-24 14:10:00+00:00,2022_03_DAL_NYG,2022,3,win,2.04,1.02,-0.05607476635514008,58.083333333333336,False
away,-130,betmgm,0.06267587370692329,0.6006428851386958,B,1,"['+2 edge +6.3%', '-1 QB change']",1,2.0,True,0.552594002855783,2022-09-25 15:45:00+00:00,2022_03_NO_CAR,2022,3,loss,-2.0,-1.0,-0.04633575453816885,1.25,True
away,180,betrivers,0.28032027428587947,0.4572572408163855,B,1,"['+2 edge +28.0%', '-1 model 22 pct pts from market', '+1 line moved our way', '-1 QB change']",1,2.0,True,0.34592894781574035,2022-09-29 14:10:00+00:00,2022_04_SEA_DET,2022,4,win,3.5999999999999996,1.7999999999999998,0.0865707814596286,74.83333333333333,False
away,152,betrivers,0.039400224231408654,0.4124604064410352,B,1,['+1 edge +3.9%'],1,0.65,True,0.389814649571663,2022-09-29 14:10:00+00:00,2022_04_CHI_NYG,2022,4,loss,-0.65,-1.0,0.06898470097357423,74.83333333333333,False
away,165,betrivers,0.060777762644590005,0.4002934953375812,B+,2,['+2 edge +6.1%'],1,0.92,True,0.37188111369984134,2022-09-29 23:00:00+00:00,2022_04_TEN_IND,2022,4,win,1.518,1.65,-0.08475823802513882,66.0,False
home,-155,draftkings,0.04072681499882491,0.6325986522541878,B,1,"['+1 edge +4.1%', '+1 line moved our way', '-1 QB change']",1,1.58,True,0.6061946625088257,2022-09-30 14:10:00+00:00,2022_04_WAS_DAL,2022,4,win,1.0193548387096774,0.6451612903225805,-0.02392344497607668,50.833333333333336,True
home,-104,fanduel,0.036237781249081724,0.5282780845583553,B,1,"['+1 edge +3.6%', '+1 line moved our way', '-1 QB change']",1,0.94,True,0.5082598361865065,2022-09-30 21:40:00+00:00,2022_04_ARI_CAR,2022,4,loss,-0.94,-1.0,0.014686962858109442,46.416666666666664,True
away,116,betrivers,0.0407768513111344,0.4818411348662659,B,1,['+1 edge +4.1%'],1,0.88,True,0.46753246753246747,2022-10-02 12:15:00+00:00,2022_04_LA_SF,2022,4,loss,-0.88,-1.0,-0.006243838317449901,36.0,False
away,151,betrivers,0.06580803122869261,0.42462471363692933,B+,2,['+2 edge +6.6%'],1,1.09,True,0.39076376554174064,2022-10-06 14:10:00+00:00,2022_05_CIN_BAL,2022,5,loss,-1.09,-1.0,-0.024649112631945136,82.16666666666667,False
away,-126,fanduel,0.046924054971196894,0.5836833226830568,B+,2,"['+1 edge +4.7%', '+1 line moved our way']",1,1.48,True,0.5427435387673956,2022-10-06 23:00:00+00:00,2022_05_TEN_WAS,2022,5,win,1.1746031746031744,0.7936507936507935,-0.08231819859726841,66.0,True
home,200,betrivers,0.04525259918306457,0.3484175330610215,C+,0,"['+1 edge +4.5%', '-1 line moved against us']",1,0.57,True,0.3276320391439703,2022-10-06 23:00:00+00:00,2022_05_PHI_ARI,2022,5,loss,-0.57,-1.0,-0.013399787564343457,69.41666666666667,False
away,-170,williamhill_us,0.1454210416880517,0.7211910262480326,B+,2,"['+2 edge +14.5%', '+1 line moved our way', '-1 QB change']",1,2.0,True,0.6115107913669064,2022-10-07 14:10:00+00:00,2022_05_MIA_NYJ,2022,5,loss,-2.0,-1.0,-0.041749637540476,50.833333333333336,True
away,200,betmgm,0.12989974780872782,0.376633249269576,B+,2,"['+2 edge +13.0%', '+1 line moved our way', '-1 QB change']",1,1.62,True,0.32809913209250985,2022-10-07 14:10:00+00:00,2022_05_DAL_LA,2022,5,win,3.24,2.0,-0.009287925696594423,54.25,False
home,115,draftkings,0.04383262637072738,0.4855035471491756,C+,0,"['+1 edge +4.4%', '-1 QB change']",1,0.95,True,0.46243623966796044,2022-10-08 14:10:00+00:00,2022_05_LAC_CLE,2022,5,loss,-0.95,-1.0,0.03295765794081973,26.833333333333332,False
home,-110,betrivers,0.04544448512170263,0.5476137779208918,B+,2,"['+1 edge +4.5%', '+1 line moved our way']",1,1.25,True,0.5108342361863488,2022-10-11 14:10:00+00:00,2022_06_WAS_CHI,2022,6,loss,-1.25,-1.0,-0.10790144435004245,58.083333333333336,True
home,124,fanduel,0.03136377333115492,0.4604302559514084,B,1,['+1 edge +3.1%'],1,0.63,True,0.44019316493313515,2022-10-14 14:10:00+00:00,2022_06_ARI_SEA,2022,6,win,0.7812000000000001,1.2400000000000002,-0.019730010384215846,53.916666666666664,False
away,130,fanduel,0.10525447052271009,0.4805454219663957,B+,2,"['+2 edge +10.5%', '+1 line moved our way', '-1 QB change']",1,2.0,True,0.42744991703154334,2022-10-16 15:45:00+00:00,2022_06_NE_CLE,2022,6,win,2.5999999999999996,1.2999999999999998,-0.010397992111868204,1.25,False
away,225,betrivers,0.20120961670499415,0.36960295898615203,A,3,"['+2 edge +20.1%', '+1 line moved our way']",1,2.0,True,0.3097155898070466,2022-10-20 14:10:00+00:00,2022_07_SEA_LAC,2022,7,win,4.5,2.25,0.07919472867894295,78.25,False
home,-300,betmgm,0.08982320316264536,0.817367402371984,B,1,"['+2 edge +9.0%', '-1 QB change']",1,2.0,True,0.7328244274809161,2022-10-20 14:10:00+00:00,2022_07_DET_DAL,2022,7,win,0.6666666666666665,0.33333333333333326,-0.04676289737904549,74.83333333333333,True
away,140,draftkings,0.04045182792564894,0.43352159496902043,B,1,['+1 edge +4.0%'],1,0.72,True,0.4074048173578456,2022-10-20 14:10:00+00:00,2022_07_NYG_JAX,2022,7,win,1.008,1.4,-0.056659744882824215,74.83333333333333,False
away,240,draftkings,0.04155262146375249,0.30633900631286837,B+,2,"['+1 edge +4.2%', '+1 line moved our way']",1,0.43,True,0.29290779155130764,2022-10-20 23:00:00+00:00,2022_07_ATL_CIN,2022,7,loss,-0.43,-1.0,-0.013645071744145199,66.0,False
away,126,williamhill_us,0.03223533186205274,0.4567412972840942,C+,0,"['+1 edge +3.2%', '-1 line moved against us']",1,0.64,True,0.4334330758563203,2022-10-20 23:00:00+00:00,2022_07_NO_ARI,2022,7,loss,-0.64,-1.0,-0.025161754133716907,1.25,False
away,-132,betrivers,0.0952370092079271,0.6231520914458896,A,3,"['+2 edge +9.5%', '+1 line moved our way']",1,2.0,True,0.5513613861386139,2022-10-27 14:10:00+00:00,2022_08_NE_NYJ,2022,8,win,1.5151515151515151,0.7575757575757576,0.04277221980571255,74.83333333333333,True
home,110,betrivers,0.07990483977564344,0.5142403998931635,B,1,"['+2 edge +8.0%', '-1 QB change']",1,1.82,True,0.4675324675324675,2022-10-27 14:10:00+00:00,2022_08_LV_NO,2022,8,win,2.0020000000000002,1.1,-0.014190174054702909,74.83333333333333,False
away,115,williamhill_us,0.055351479353227484,0.49086115318754764,A,3,"['+2 edge +5.5%', '+1 line moved our way']",1,1.2,True,0.46753246753246747,2022-10-27 14:10:00+00:00,2022_08_BAL_TB,2022,8,win,1.38,1.15,-0.028306374881065688,10.083333333333334,False
home,-150,draftkings,0.044050809767342436,0.6264304858604055,B+,2,"['+1 edge +4.4%', '+1 line moved our way']",1,1.65,True,0.5886001336555535,2022-10-27 14:10:00+00:00,2022_08_NYG_SEA,2022,8,win,1.0999999999999996,0.6666666666666665,0.009047248958769183,78.25,True
away,-177,betrivers,0.0880300296569696,0.6952394052320708,A,3,"['+2 edge +8.8%', '+1 line moved our way']",1,2.0,True,0.6295807839651544,2022-11-03 14:10:00+00:00,2022_09_GB_DET,2022,9,loss,-2.0,-1.0,0.00044122003643232155,75.83333333333333,True
away,110,draftkings,0.07733379544008656,0.5130160930667078,A,3,"['+2 edge +7.7%', '+1 line moved our way']",1,1.76,True,0.45809161832366474,2022-11-03 14:10:00+00:00,2022_09_SEA_ARI,2022,9,win,1.9360000000000002,1.1,-0.050903901046622124,78.91666666666667,False
home,145,draftkings,0.07313930143227698,0.4380160414009293,B+,2,['+2 edge +7.3%'],1,1.26,True,0.40063447187912427,2022-11-03 14:10:00+00:00,2022_09_LAC_ATL,2022,9,loss,-1.26,-1.0,0.041003671970624156,75.83333333333333,False
away,-165,betrivers,0.03323070499853342,0.6433323257538038,B+,2,"['+1 edge +3.3%', '+1 line moved our way']",1,1.37,True,0.6040343668285395,2022-11-03 23:00:00+00:00,2022_09_MIN_WAS,2022,9,win,0.8303030303030302,0.606060606060606,-0.01718886815325027,67.0,True
away,-150,draftkings,0.06597707276012765,0.6395862436560766,B+,2,"['+2 edge +6.6%', '+1 line moved our way', '-1 QB change']",1,2.0,True,0.5854009924763888,2022-11-08 14:10:00+00:00,2022_10_ATL_CAR,2022,10,loss,-2.0,-1.0,-0.07538189913257087,59.083333333333336,True
away,130,fanduel,0.07241840449907211,0.4662688715213358,B+,2,['+2 edge +7.2%'],1,1.39,True,0.4286795299981987,2022-11-10 14:10:00+00:00,2022_10_SEA_TB,2022,10,loss,-1.39,-1.0,0.0005117707267143778,72.33333333333333,False
home,-130,fanduel,0.07898005653824902,0.6098582928259668,B+,2,['+2 edge +7.9%'],1,2.0,True,0.552594002855783,2022-11-13 16:45:00+00:00,2022_10_DEN_TEN,2022,10,win,1.5384615384615383,0.7692307692307692,-0.008344003107421893,1.25,True
away,154,fanduel,0.16011897698776578,0.4567397547195928,B,1,"['+2 edge +16.0%', '-1 QB change']",1,2.0,True,0.3959656331714607,2022-11-13 20:10:00+00:00,2022_10_ARI_LA,2022,10,win,3.08,1.54,-0.05268845545598322,1.25,False
away,-150,draftkings,0.044062029453340035,0.6264372176720041,B+,2,"['+1 edge +4.4%', '+1 line moved our way']",1,1.65,True,0.5975339194286953,2022-11-17 14:10:00+00:00,2022_11_WAS_HOU,2022,11,win,1.0999999999999996,0.6666666666666665,-0.024896265560165998,75.83333333333333,True
away,-240,draftkings,0.03820531054941356,0.7328508074466449,B+,2,"['+1 edge +3.8%', '+1 line moved our way']",1,2.0,True,0.6864466292134832,2022-11-17 14:10:00+00:00,2022_11_KC_LAC,2022,11,win,0.8333333333333335,0.41666666666666674,-0.03818154481875591,83.16666666666667,True
away,-120,betmgm,0.030136052575975292,0.5618923923141683,B,1,['+1 edge +3.0%'],1,0.9,True,0.5324675324675325,2022-11-17 14:10:00+00:00,2022_11_DAL_MIN,2022,11,win,0.7500000000000001,0.8333333333333335,0.013518396634274232,79.25,True
away,135,betmgm,0.1462632973404232,0.48777161588954177,A,3,"['+2 edge +14.6%', '+1 line moved our way']",1,2.0,True,0.42361300901885757,2022-11-22 14:10:00+00:00,2022_12_NE_MIN,2022,12,loss,-2.0,-1.0,0.028408248034416328,59.166666666666664,False
home,-365,draftkings,0.05618928220981734,0.8290518021646953,B+,2,"['+2 edge +5.6%', '+1 line moved our way', '-1 QB change']",1,2.0,True,0.7677865612648221,2022-11-22 14:10:00+00:00,2022_12_NYG_DAL,2022,12,win,0.547945205479452,0.273972602739726,0.007126090161588161,55.333333333333336,True
home,-176,fanduel,0.06741701690988977,0.6806717209280456,B+,2,['+2 edge +6.7%'],1,2.0,True,0.6296770886724757,2022-11-24 14:10:00+00:00,2022_12_LV_SEA,2022,12,loss,-2.0,-1.0,0.010967496922553277,78.91666666666667,True
home,155,draftkings,0.039657235077871444,0.40770871963838096,B,1,['+1 edge +4.0%'],1,0.64,True,0.3859649122807018,2022-11-24 14:10:00+00:00,2022_12_TB_CLE,2022,12,win,0.9919999999999999,1.5499999999999998,-0.01044446688498113,75.83333333333333,False
home,105,betrivers,0.0363996610246442,0.505560810255924,B,1,['+1 edge +3.6%'],1,0.87,True,0.48432763511406485,2022-11-27 14:10:00+00:00,2022_12_CIN_TEN,2022,12,loss,-0.87,-1.0,0.02499999999999991,3.8333333333333335,False
home,100,betrivers,0.10629339547293859,0.5531466977364693,C+,0,"['+2 edge +10.6%', '-1 line moved against us', '-1 QB change']",1,2.0,True,0.4891657638136511,2022-12-01 14:10:00+00:00,2022_13_PIT_ATL,2022,13,loss,-2.0,-1.0,-0.03704875788331552,75.83333333333333,False
away,165,draftkings,0.04896878014637496,0.39583727552693393,B+,2,"['+1 edge +4.9%', '+1 line moved our way']",1,0.74,True,0.3654694391934469,2022-12-02 14:10:00+00:00,2022_13_NO_TB,2022,13,loss,-0.74,-1.0,-0.04069404568718005,83.08333333333333,False
away,-295,draftkings,0.07792294881117745,0.8050310630361958,A,3,"['+2 edge +7.8%', '+1 line moved our way']",1,2.0,True,0.7265238879736409,2022-12-08 14:10:00+00:00,2022_14_PHI_NYG,2022,14,win,0.6779661016949152,0.3389830508474576,-0.022466846037230703,75.83333333333333,True
away,-390,draftkings,0.04431918366290599,0.831192819650068,B+,2,"['+1 edge +4.4%', '+1 line moved our way']",1,2.0,True,0.7841797841797842,2022-12-08 14:10:00+00:00,2022_14_KC_DEN,2022,14,win,0.5128205128205128,0.2564102564102564,-0.02774394989607465,78.91666666666667,True
away,400,betrivers,0.031055568695848912,0.20621111373916978,C+,0,"['+1 edge +3.1%', '-1 QB change']",1,0.25,True,0.19848771266540643,2022-12-09 00:00:00+00:00,2022_14_NYJ_BUF,2022,14,loss,-0.25,-1.0,0.12295702998159941,66.0,False
away,159,betrivers,0.04192605880358147,0.4022880535921164,B,1,"['+1 edge +4.2%', '+1 line moved our way', '-1 QB change']",1,0.66,True,0.37443511943189156,2022-12-09 14:10:00+00:00,2022_14_TB_SF,2022,14,loss,-0.66,-1.0,-0.08186826347305387,55.25,False
away,-115,draftkings,0.03064687878508998,0.5512762374896993,B,1,['+1 edge +3.1%'],1,0.88,True,0.5301858822344406,2022-12-11 16:45:00+00:00,2022_14_NE_ARI,2022,14,win,0.7652173913043477,0.8695652173913042,0.013275804845668482,32.5,True
away,184,fanduel,0.031484115629431875,0.3631986322638845,C+,0,"['+1 edge +3.1%', '-1 QB change']",1,0.43,True,0.3492957746478873,2022-12-15 14:10:00+00:00,2022_15_ATL_NO,2022,15,loss,-0.43,-1.0,-0.08816311485745909,75.83333333333333,False
away,-385,betrivers,0.03456734313737431,0.8212544888822456,B,1,['+1 edge +3.5%'],1,2.0,True,0.7713612256923983,2022-12-16 00:00:00+00:00,2022_15_PHI_CHI,2022,15,win,0.5194805194805197,0.2597402597402598,-0.029215538518061468,66.0,True
away,100,draftkings,0.03409559206008028,0.5170477960300401,B,1,['+1 edge +3.4%'],1,0.85,True,0.4934418152728206,2022-12-16 00:00:00+00:00,2022_15_NE_LV,2022,15,loss,-0.85,-1.0,-0.10007270155031134,69.08333333333333,False
away,110,draftkings,0.06289510392428155,0.5061405256782293,A,3,"['+2 edge +6.3%', '+1 line moved our way']",1,1.43,True,0.46753246753246747,2022-12-16 14:10:00+00:00,2022_15_DET_NYJ,2022,15,win,1.573,1.1,-0.06738131699846861,51.833333333333336,False
away,110,betrivers,0.11172400745595401,0.5293923845028352,C+,0,"['+2 edge +11.2%', '-1 line moved against us', '-1 QB change']",1,2.0,True,0.46475029105219856,2022-12-16 21:40:00+00:00,2022_15_ARI_DEN,2022,15,loss,-2.0,-1.0,-0.02315302041675449,47.416666666666664,False
away,260,betrivers,0.061676375033079545,0.2949101041758554,A,3,"['+2 edge +6.2%', '+1 line moved our way']",1,0.59,True,0.2716638877726141,2022-12-17 14:10:00+00:00,2022_15_LA_GB,2022,15,loss,-0.59,-1.0,-0.12845887574592796,59.083333333333336,False
away,170,betrivers,0.05759183809913604,0.3917006807774578,B+,2,['+2 edge +5.8%'],1,0.85,True,0.3595638078396699,2022-12-22 14:10:00+00:00,2022_16_GB_MIA,2022,16,win,1.445,1.7000000000000002,0.0009728393763313026,75.83333333333333,False
home,-150,betmgm,0.10976273759040334,0.6658576425542421,C+,0,"['+2 edge +11.0%', '-1 line moved against us', '-1 QB change']",1,2.0,True,0.5882115462252725,2022-12-23 14:10:00+00:00,2022_16_NO_CLE,2022,16,loss,-2.0,-1.0,0.046538315546021725,27.833333333333332,True
away,115,draftkings,0.11166623480026217,0.5170540626977964,B,1,"['+2 edge +11.2%', '-1 QB change']",1,2.0,True,0.4572564612326043,2022-12-29 14:10:00+00:00,2022_17_CLE_WAS,2022,17,win,2.3,1.15,0.018623640889044113,75.83333333333333,False
away,225,betrivers,0.0765049461529621,0.33123229112398833,B+,2,"['+2 edge +7.7%', '+1 line moved our way', '-1 QB change']",1,0.85,True,0.3085463726933144,2022-12-29 14:10:00+00:00,2022_17_CHI_DET,2022,17,loss,-0.85,-1.0,0.07674012836757171,75.83333333333333,False
away,150,draftkings,0.03727199028326278,0.4149087961133051,B+,2,"['+1 edge +3.7%', '+1 line moved our way']",1,0.62,True,0.4008181565161799,2022-12-29 14:10:00+00:00,2022_17_CAR_TB,2022,17,loss,-0.62,-1.0,-0.07763458740386608,75.83333333333333,False
home,-175,draftkings,0.05929725957361853,0.6740982560923027,B+,2,"['+2 edge +5.9%', '+1 line moved our way', '-1 QB change']",1,2.0,True,0.6182538181844459,2022-12-30 14:10:00+00:00,2022_17_ARI_ATL,2022,17,win,1.1428571428571428,0.5714285714285714,0.12376177554809398,51.833333333333336,True
home,-240,draftkings,0.030169632140204294,0.7271785638636736,B,1,['+1 edge +3.0%'],1,1.81,True,0.6797713403941923,2023-01-01 16:45:00+00:00,2022_17_NO_PHI,2022,17,loss,-1.81,-1.0,-0.04583124058262167,1.25,True
away,118,betrivers,0.26072500508413055,0.5783142225156563,C+,0,"['+2 edge +26.1%', '-1 model 21 pct pts from market', '-1 line moved against us']",1,2.0,True,0.4512967518255243,2023-01-05 14:10:00+00:00,2022_18_LAC_DEN,2022,18,loss,-2.0,-1.0,-0.3414684097347852,79.25,False
away,-315,betrivers,0.0893147319256895,0.8268292543532342,B+,2,"['+2 edge +8.9%', '+1 line moved our way', '-1 QB change']",1,2.0,True,0.7325042562216031,2023-01-05 14:10:00+00:00,2022_18_DAL_WAS,2022,18,loss,-2.0,-1.0,-0.024779497812649764,79.25,True
home,-195,draftkings,0.07791773056290996,0.7125218896941269,B+,2,"['+2 edge +7.8%', '+1 line moved our way', '-1 QB change']",1,2.0,True,0.6494604316546763,2023-01-05 14:10:00+00:00,2022_18_TB_ATL,2022,18,win,1.0256410256410255,0.5128205128205128,0.033105550640692094,75.83333333333333,True
away,-335,betrivers,0.11451489479380172,0.8583045741515485,B+,2,"['+2 edge +11.5%', '+1 line moved our way', '-1 QB change']",1,2.0,True,0.7437373213190546,2023-01-06 14:10:00+00:00,2022_18_MIN_CHI,2022,18,win,0.5970149253731343,0.29850746268656714,-0.08776149002138545,51.833333333333336,True
away,400,betrivers,0.03302044035265328,0.20660408807053066,B,1,['+1 edge +3.3%'],1,0.25,True,0.19834710743801653,2023-01-13 14:10:00+00:00,2022_19_SEA_SF,2022,19,loss,-0.25,-1.0,0.038151596703726476,31.333333333333332,False
away,-137,betrivers,0.034916887662030716,0.5982430953995705,C+,0,"['+1 edge +3.5%', '-1 line moved against us']",1,1.2,True,0.5607239108626856,2023-01-14 14:10:00+00:00,2022_19_DAL_TB,2022,19,win,0.875912408759124,0.7299270072992701,-0.03037380944905299,59.083333333333336,True
home,123,betrivers,0.08243447394791614,0.48539662508875164,B,1,"['+2 edge +8.2%', '-1 QB change']",1,1.68,True,0.4464453724772731,2023-01-15 00:00:00+00:00,2022_19_LAC_JAX,2022,19,win,2.0664,1.23,0.016826729077556113,1.25,False
away,290,draftkings,0.036460487878202,0.2657590994559492,C+,0,"['+1 edge +3.6%', '-1 QB change']",1,0.31,True,0.252808988764045,2023-01-19 14:10:00+00:00,2022_20_NYG_PHI,2022,20,loss,-0.31,-1.0,-0.06289176765566207,59.083333333333336,False
home,-107,betrivers,0.09557192826742611,0.5663101271720512,B+,2,['+2 edge +9.6%'],1,2.0,True,0.5086640097036909,2023-01-26 14:10:00+00:00,2022_21_CIN_KC,2022,21,win,1.869158878504673,0.9345794392523366,0.07167833966113046,81.33333333333333,True
away,130,betrivers,0.03432711277973688,0.4497074403390161,B,1,['+1 edge +3.4%'],1,0.66,True,0.42553191489361697,2023-01-27 14:10:00+00:00,2022_21_SF_PHI,2022,21,loss,-0.66,-1.0,-0.03631829824769717,53.833333333333336,False
home,-265,draftkings,0.032114482860251314,0.749343391665662,C+,0,"['+1 edge +3.2%', '-1 QB change']",1,2.0,True,0.711591625696738,2023-09-05 14:10:00+00:00,2023_01_DET_KC,2023,1,loss,-2.0,-1.0,-0.12275461766658624,58.166666666666664,True
away,165,betrivers,0.27844388180403423,0.4824316535109563,C+,0,"['+2 edge +27.8%', '-1 model 21 pct pts from market', '-1 QB change']",1,2.0,True,0.37050448937768343,2023-09-07 14:10:00+00:00,2023_01_LV_DEN,2023,1,win,3.3,1.65,0.07757015147752644,78.25,False
away,102,betrivers,0.07208220500858031,0.5307337648557329,B,1,"['+2 edge +7.2%', '-1 QB change']",1,1.77,True,0.4782608695652174,2023-09-07 14:10:00+00:00,2023_01_GB_CHI,2023,1,win,1.8054000000000001,1.02,-0.02507553394686557,78.25,False
away,-125,draftkings,0.04827897175002027,0.582377206527789,C+,0,"['+1 edge +4.8%', '-1 line moved against us']",1,1.51,True,0.544724417135008,2023-09-07 14:10:00+00:00,2023_01_SF_PIT,2023,1,win,1.2080000000000002,0.8,-0.060869565217391286,74.83333333333333,True
away,160,betrivers,0.038747479659510864,0.3995182614075041,C+,0,"['+1 edge +3.9%', '-1 QB change']",1,0.61,True,0.37461680743222736,2023-09-07 14:10:00+00:00,2023_01_CAR_ATL,2023,1,loss,-0.61,-1.0,-0.04044489383215366,74.83333333333333,False
away,350,betrivers,0.15307366518528776,0.2562385922633973,B,1,"['+2 edge +15.3%', '-1 QB change']",1,1.09,True,0.2191031923195026,2023-09-14 14:10:00+00:00,2023_02_LV_BUF,2023,2,loss,-1.09,-1.0,0.1349778270509976,74.83333333333333,False
home,215,fanduel,0.0822151807434015,0.3435603748391751,B,1,"['+2 edge +8.2%', '-1 QB change']",1,0.96,True,0.31460674157303364,2023-09-14 14:10:00+00:00,2023_02_NYG_ARI,2023,2,loss,-0.96,-1.0,0.05950840879689512,77.91666666666667,False
home,138,betrivers,0.0470213903516723,0.4399249539292741,B+,2,"['+1 edge +4.7%', '+1 line moved our way']",1,0.85,True,0.42016806722689076,2023-09-14 14:10:00+00:00,2023_02_LAC_TEN,2023,2,win,1.1729999999999998,1.38,0.03888888888888875,74.83333333333333,False
home,-142,draftkings,0.04528137919298603,0.6133469249810084,B,1,"['+1 edge +4.5%', '+1 line moved our way', '-1 QB change']",1,1.61,True,0.5709639471316864,2023-09-14 14:10:00+00:00,2023_02_CHI_TB,2023,2,win,1.1338028169014085,0.704225352112676,-0.060220072102782685,74.83333333333333,True
away,-130,fanduel,0.05107302345405329,0.5940847523870736,A,3,"['+2 edge +5.1%', '+1 line moved our way']",1,1.66,True,0.552594002855783,2023-09-15 14:10:00+00:00,2023_02_CLE_PIT,2023,2,loss,-1.66,-1.0,0.012105509068512932,82.08333333333333,True
away,158,williamhill_us,0.04844079945116109,0.4063724028880469,C+,0,"['+1 edge +4.8%', '-1 QB change']",1,0.77,True,0.38834951456310673,2023-09-17 14:10:00+00:00,2023_02_BAL_CIN,2023,2,win,1.2166000000000001,1.58,0.008170515097690956,2.8333333333333335,False
away,147,betrivers,0.17250271334432554,0.4746974547952736,A,3,"['+2 edge +17.3%', '+1 line moved our way']",1,2.0,True,0.39294176514739,2023-09-21 14:10:00+00:00,2023_03_ATL_DET,2023,3,loss,-2.0,-1.0,-0.011107766405779818,74.83333333333333,False
home,-104,fanduel,0.06100127702714864,0.540902611817762,A,3,"['+2 edge +6.1%', '+1 line moved our way']",1,1.59,True,0.503293647127092,2023-09-21 14:10:00+00:00,2023_03_LAC_MIN,2023,3,loss,-1.59,-1.0,-0.019230769230769162,74.83333333333333,True
away,-142,draftkings,0.05220935448603936,0.6174121005661884,B+,2,"['+2 edge +5.2%', '+1 line moved our way', '-1 QB change']",1,1.85,True,0.5757180156657964,2023-09-21 14:10:00+00:00,2023_03_NE_NYJ,2023,3,win,1.3028169014084507,0.704225352112676,-0.039682539682539764,74.83333333333333,True
home,-130,draftkings,0.03191350340837773,0.5832554584482136,B,1,"['+1 edge +3.2%', '+1 line moved our way', '-1 QB change']",1,1.04,True,0.5711159737417943,2023-09-21 14:10:00+00:00,2023_03_PIT_LV,2023,3,loss,-1.04,-1.0,0.012105509068512932,82.16666666666667,True
away,315,fanduel,0.09997376012689596,0.2650539181028665,B,1,"['+2 edge +10.0%', '-1 QB change']",1,0.79,True,0.2350375575478557,2023-09-22 14:10:00+00:00,2023_03_IND_BAL,2023,3,win,2.4885000000000006,3.1500000000000004,-0.004000000000000448,50.833333333333336,False
away,-135,draftkings,0.06293702503445076,0.6106233973602164,A,3,"['+2 edge +6.3%', '+1 line moved our way']",1,2.0,True,0.5583104446588969,2023-09-28 14:10:00+00:00,2023_04_CIN_TEN,2023,4,loss,-2.0,-1.0,0.032902905388626724,74.83333333333333,True
away,143,betrivers,0.03627675577085543,0.42645133982339734,C+,0,"['+1 edge +3.6%', '-1 QB change']",1,0.63,True,0.40663024584057605,2023-09-28 14:10:00+00:00,2023_04_ATL_JAX,2023,4,loss,-0.63,-1.0,-0.08259372102265228,71.33333333333333,False
away,-395,draftkings,0.03339979734500709,0.824632161517733,B,1,"['+1 edge +3.3%', '+1 line moved our way', '-1 QB change']",1,2.0,True,0.7723292469352014,2023-09-28 23:00:00+00:00,2023_04_KC_NYJ,2023,4,win,0.5063291139240507,0.25316455696202533,-0.0027618755123279826,73.33333333333333,True
away,-112,fanduel,0.09669707511834957,0.5793871340247885,B+,2,['+2 edge +9.7%'],1,2.0,True,0.5108342361863489,2023-10-01 15:45:00+00:00,2023_04_LA_IND,2023,4,win,1.7857142857142856,0.8928571428571428,-0.03306376721869675,1.25,True
away,-192,draftkings,0.0718038047474947,0.7047477072312294,A,3,"['+2 edge +7.2%', '+1 line moved our way']",1,2.0,True,0.6385542168674698,2023-10-05 14:10:00+00:00,2023_05_BAL_PIT,2023,5,loss,-2.0,-1.0,0.0174481778669342,74.83333333333333,True
away,-122,draftkings,0.037526825173771705,0.5701723994198205,B+,2,"['+1 edge +3.8%', '+1 line moved our way']",1,1.14,True,0.5445920303605314,2023-10-05 14:10:00+00:00,2023_05_TEN_IND,2023,5,loss,-1.14,-1.0,0.025370804059328567,74.83333333333333,True
home,-112,draftkings,0.042243580078431764,0.5506192498527565,B,1,"['+1 edge +4.2%', '+1 line moved our way', '-1 QB change']",1,1.18,True,0.5108342361863488,2023-10-06 14:10:00+00:00,2023_05_GB_LV,2023,5,win,1.0535714285714284,0.8928571428571428,-0.020703619179917365,82.08333333333333,True
home,-170,williamhill_us,0.03767015418608355,0.6533478748579045,B,1,"['+1 edge +3.8%', '+1 line moved our way', '-1 QB change']",1,1.6,True,0.6211096075778079,2023-10-08 14:10:00+00:00,2023_05_DAL_SF,2023,5,win,0.9411764705882355,0.5882352941176472,-0.020950846091861264,10.166666666666666,True
home,-157,betrivers,0.08890834604892439,0.6652086005045958,B+,2,"['+2 edge +8.9%', '+1 line moved our way', '-1 QB change']",1,2.0,True,0.5885163095726427,2023-10-12 14:10:00+00:00,2023_06_NE_LV,2023,6,win,1.273885350318471,0.6369426751592355,-0.06357116981503708,77.91666666666667,True
away,-198,fanduel,0.03710515776820755,0.689083292745319,B,1,['+1 edge +3.7%'],1,1.84,True,0.6428571428571428,2023-10-12 14:10:00+00:00,2023_06_BAL_TEN,2023,6,win,0.9292929292929296,0.5050505050505052,0.03155146975371714,71.33333333333333,True
away,-300,betmgm,0.03055522465267524,0.7729164184895065,B,1,"['+1 edge +3.1%', '+1 line moved our way', '-1 QB change']",1,2.0,True,0.7246327297574309,2023-10-12 14:10:00+00:00,2023_06_PHI_NYJ,2023,6,loss,-2.0,-1.0,-0.037227654829301904,78.25,True
home,-116,fanduel,0.04458825055062743,0.5609825789994111,C+,0,"['+1 edge +4.5%', '-1 QB change']",1,1.29,True,0.5291261299320185,2023-10-15 14:10:00+00:00,2023_06_WAS_ATL,2023,6,loss,-1.29,-1.0,-0.00850873264666363,2.8333333333333335,True
home,-230,fanduel,0.03445122607159368,0.7209811575650501,B,1,['+1 edge +3.4%'],1,1.98,True,0.6744186046511629,2023-10-19 14:10:00+00:00,2023_07_LAC_KC,2023,7,win,0.8608695652173911,0.4347826086956521,-0.001721373112151925,78.25,True
home,280,fanduel,0.03674258210564041,0.272826995290958,B,1,"['+1 edge +3.7%', '+1 line moved our way', '-1 QB change']",1,0.33,True,0.27786081143509334,2023-10-20 21:40:00+00:00,2023_07_SF_MIN,2023,7,win,0.9239999999999999,2.8,0.012539184952978122,74.58333333333333,False
away,126,fanduel,0.03971199303230177,0.4600495544390716,C+,0,"['+1 edge +4.0%', '-1 QB change']",1,0.79,True,0.4372278664731495,2023-10-21 14:10:00+00:00,2023_07_ATL_TB,2023,7,win,0.9953999999999998,1.2599999999999998,-0.03285477636664824,26.833333333333332,False
away,-122,draftkings,0.05896089067400556,0.5819514804604895,B+,2,"['+2 edge +5.9%', '+1 line moved our way', '-1 QB change']",1,1.8,True,0.5541401273885351,2023-10-22 15:45:00+00:00,2023_07_LV_CHI,2023,7,loss,-1.8,-1.0,0.025370804059328567,1.25,True
away,-360,draftkings,0.03380361678430788,0.8090637000920671,B,1,['+1 edge +3.4%'],1,2.0,True,0.7699717470134146,2023-10-22 15:45:00+00:00,2023_07_BUF_NE,2023,7,loss,-2.0,-1.0,-0.02134731089566755,1.25,True
away,-290,draftkings,0.04460587016895312,0.7767582111512727,B+,2,"['+1 edge +4.5%', '+1 line moved our way']",1,2.0,True,0.7183098591549295,2023-10-26 14:10:00+00:00,2023_08_PHI_WAS,2023,8,win,0.6896551724137931,0.3448275862068966,-0.02892789323300271,74.83333333333333,True
away,-108,fanduel,0.03393201366642451,0.5368493147883358,B,1,"['+1 edge +3.4%', '+1 line moved our way', '-1 QB change']",1,0.92,True,0.505375419282704,2023-10-26 14:10:00+00:00,2023_08_MIN_GB,2023,8,win,0.851851851851852,0.925925925925926,-0.028698251420800736,74.83333333333333,True
away,360,fanduel,0.14745903718425302,0.24944761677918548,B+,2,['+2 edge +14.7%'],1,1.02,True,0.21990004543389363,2023-10-27 14:10:00+00:00,2023_08_CHI_LAC,2023,8,loss,-1.02,-1.0,0.003231017770597422,58.166666666666664,False
home,130,williamhill_us,0.10933623849884744,0.4823201036951511,B,1,"['+2 edge +10.9%', '-1 QB change']",1,2.0,True,0.42236024844720504,2023-10-27 14:10:00+00:00,2023_08_NYJ_NYG,2023,8,loss,-2.0,-1.0,-0.06475043456667506,50.833333333333336,False
home,-180,draftkings,0.04238091660687604,0.670102017818706,B,1,"['+1 edge +4.2%', '+1 line moved our way', '-1 QB change']",1,1.91,True,0.6292012383010113,2023-10-27 14:10:00+00:00,2023_08_CLE_SEA,2023,8,win,1.0611111111111111,0.5555555555555556,-0.00926016180914302,53.916666666666664,True
home,130,draftkings,0.03460299746296491,0.44982739020128915,B,1,['+1 edge +3.5%'],1,0.67,True,0.43235704323570434,2023-11-02 14:10:00+00:00,2023_09_IND_CAR,2023,9,loss,-0.67,-1.0,0.05168986083499005,78.91666666666667,False
home,-102,draftkings,0.06696810732847047,0.5387660739975445,B+,2,"['+2 edge +6.7%', '+1 line moved our way', '-1 QB change']",1,1.71,True,0.5,2023-11-09 14:10:00+00:00,2023_10_NYJ_LV,2023,10,win,1.6764705882352942,0.9803921568627452,-0.03125995793767122,83.16666666666667,True
away,220,fanduel,0.04704885753540933,0.3272027679798154,B,1,['+1 edge +4.7%'],1,0.53,True,0.2982013253392236,2023-11-09 14:10:00+00:00,2023_10_WAS_SEA,2023,10,loss,-0.53,-1.0,-0.040518638573743715,79.25,False
away,-112,fanduel,0.05341381388617017,0.5565205054492974,A,3,"['+2 edge +5.3%', '+1 line moved our way']",1,1.5,True,0.5324675324675325,2023-11-12 14:10:00+00:00,2023_10_IND_NE,2023,10,win,1.3392857142857142,0.8928571428571428,-0.020703619179917143,0.3333333333333333,True
home,-300,betmgm,0.08236077720621626,0.8117705829046623,B+,2,"['+2 edge +8.2%', '+1 line moved our way', '-1 QB change']",1,2.0,True,0.7291263580890013,2023-11-16 14:10:00+00:00,2023_11_NYJ_BUF,2023,11,win,0.6666666666666665,0.33333333333333326,0.021202806021912046,79.25,True
away,100,fanduel,0.06027455814280458,0.5301372790714023,B+,2,"['+2 edge +6.0%', '+1 line moved our way', '-1 QB change']",1,1.51,True,0.48767973832143907,2023-11-16 14:10:00+00:00,2023_11_PIT_CLE,2023,11,loss,-1.51,-1.0,-0.12698412698412698,75.83333333333333,False
away,320,betrivers,0.0344846349393968,0.24630586546176114,B,1,['+1 edge +3.4%'],1,0.27,True,0.23364485981308414,2023-11-16 14:10:00+00:00,2023_11_CHI_DET,2023,11,loss,-0.27,-1.0,-0.0840064620355413,75.83333333333333,False
home,144,fanduel,0.03930794063244947,0.4259458773083809,C,-1,"['+1 edge +3.9%', '-1 line moved against us', '-1 QB change']",1,0.68,True,0.40090771558245086,2023-11-17 21:40:00+00:00,2023_11_LAC_GB,2023,11,win,0.9792000000000001,1.44,-0.007822200148994263,44.333333333333336,False
away,340,espnbet,0.09080617138250724,0.24791049349602434,B+,2,['+2 edge +9.1%'],1,0.67,True,0.228494623655914,2023-11-23 14:10:00+00:00,2023_12_GB_DET,2023,12,win,2.2780000000000005,3.4000000000000004,-0.01806588735387904,3.3333333333333335,False
away,145,draftkings,0.0304107306135335,0.42057580841368714,B+,2,"['+1 edge +3.0%', '+1 line moved our way']",1,0.52,True,0.3927168868261335,2023-11-23 14:10:00+00:00,2023_12_BUF_PHI,2023,12,loss,-0.52,-1.0,0.04845389287686386,79.25,False
away,-115,betmgm,0.03132790207665037,0.5516405057619294,C,-1,"['+1 edge +3.1%', '-1 line moved against us', '-1 QB change']",1,0.9,True,0.5251540192744585,2023-11-23 16:15:00+00:00,2023_12_LA_ARI,2023,12,win,0.7826086956521738,0.8695652173913042,0.06950279691738892,76.83333333333333,True
away,-164,fanduel,0.03386033476072181,0.6422465715937817,B,1,['+1 edge +3.4%'],1,1.39,True,0.60431654676259,2023-11-24 18:45:00+00:00,2023_12_BAL_LAC,2023,12,win,0.8475609756097562,0.6097560975609757,-0.028098534580884182,54.583333333333336,True
home,-115,williamhill_us,0.03964685213018604,0.5560901767207972,C+,0,"['+1 edge +4.0%', '-1 QB change']",1,1.14,True,0.5279042320013488,2023-11-26 14:10:00+00:00,2023_12_CLE_DEN,2023,12,win,0.9913043478260867,0.8695652173913042,-0.004517221908526214,6.916666666666667,True
away,145,betmgm,0.031192467031748716,0.4208948845027546,C,-1,"['+1 edge +3.1%', '-1 line moved against us', '-1 QB change']",1,0.54,True,0.40164495575244574,2023-12-01 14:10:00+00:00,2023_13_DEN_HOU,2023,13,loss,-0.54,-1.0,-0.0292045788083356,51.833333333333336,False
away,-125,draftkings,0.033595179622416094,0.5742195442346756,B+,2,"['+1 edge +3.4%', '+1 line moved our way']",1,1.05,True,0.552594002855783,2023-12-03 16:45:00+00:00,2023_13_ATL_NYJ,2023,13,win,0.8400000000000001,0.8,-0.04155844155844146,1.25,True
home,-105,williamhill_us,0.09383143974369768,0.5602551276736013,B+,2,"['+2 edge +9.4%', '+1 line moved our way', '-1 QB change']",1,2.0,True,0.5,2023-12-07 14:10:00+00:00,2023_14_IND_CIN,2023,14,win,1.9047619047619047,0.9523809523809523,0.11687833609423892,75.83333333333333,True
home,-240,williamhill_us,0.03336798501820648,0.7294362247187339,C+,0,"['+1 edge +3.3%', '-1 QB change']",1,2.0,True,0.6921507872788366,2023-12-08 00:00:00+00:00,2023_14_NE_PIT,2023,14,loss,-2.0,-1.0,-0.008103727714748876,1.25,True
away,140,espnbet,0.03415962702298714,0.4308998445929113,C+,0,"['+1 edge +3.4%', '-1 line moved against us']",1,0.61,True,0.4117884537747275,2023-12-10 16:45:00+00:00,2023_14_DEN_LAC,2023,14,win,0.854,1.4,-0.02408740998261749,4.666666666666667,False
away,-162,draftkings,0.059898965237978,0.6553573754524902,B+,2,"['+2 edge +6.0%', '+1 line moved our way', '-1 QB change']",1,2.0,True,0.6017384408162239,2023-12-14 14:10:00+00:00,2023_15_ATL_CAR,2023,15,loss,-2.0,-1.0,-0.057135358307339845,75.83333333333333,True
home,330,fanduel,0.03392757763188192,0.24044827386787954,B,1,"['+1 edge +3.4%', '+1 line moved our way', '-1 QB change']",1,0.26,True,0.2336448598130841,2023-12-15 00:00:00+00:00,2023_15_KC_NE,2023,15,loss,-0.26,-1.0,-0.12183627160062838,66.0,False
away,110,draftkings,0.05266171804395303,0.5012674847828348,A,3,"['+2 edge +5.3%', '+1 line moved our way']",1,1.2,True,0.46753246753246747,2023-12-15 14:10:00+00:00,2023_15_PIT_IND,2023,15,loss,-1.2,-1.0,-0.00478182904961133,31.333333333333332,False
home,-230,draftkings,0.037290679095644874,0.7229601702787829,C+,0,"['+1 edge +3.7%', '-1 QB change']",1,2.0,True,0.6792452830188679,2023-12-17 00:00:00+00:00,2023_15_NYG_NO,2023,15,win,0.8695652173913042,0.4347826086956521,-0.01660967269174407,18.0,True
away,175,williamhill_us,0.06148836123513712,0.38599576772186805,B+,2,['+2 edge +6.1%'],1,0.88,True,0.35358219336888486,2023-12-19 14:10:00+00:00,2023_16_NO_LA,2023,16,loss,-0.88,-1.0,-0.058056872037914875,59.083333333333336,False
away,-142,fanduel,0.030327737225896323,0.6045724739094103,B+,2,"['+1 edge +3.0%', '+1 line moved our way']",1,1.08,True,0.5823742190069057,2023-12-23 20:15:00+00:00,2023_16_CIN_PIT,2023,16,loss,-1.08,-1.0,-0.0064491610332478855,1.25,True
home,118,williamhill_us,0.033280646432547245,0.4739819479048382,B+,2,"['+1 edge +3.3%', '+1 line moved our way']",1,0.71,True,0.4675324675324675,2023-12-24 20:10:00+00:00,2023_16_JAX_TB,2023,16,win,0.8377999999999998,1.1799999999999997,0.019220779220779027,0.9166666666666666,False
away,275,fanduel,0.14900608776430802,0.3064016234038155,B+,2,['+2 edge +14.9%'],1,1.35,True,0.2657601977750308,2023-12-28 14:10:00+00:00,2023_17_CIN_KC,2023,17,loss,-1.35,-1.0,-0.04025880661394676,79.25,False
away,190,fanduel,0.08477020935412383,0.37405869288073235,B,1,"['+2 edge +8.5%', '-1 QB change']",1,1.12,True,0.33920273111998755,2023-12-28 14:10:00+00:00,2023_17_TEN_HOU,2023,17,loss,-1.12,-1.0,-0.04012036108324968,75.83333333333333,False
away,140,espnbet,0.07187771466541881,0.44661571444392456,B+,2,['+2 edge +7.2%'],1,1.28,True,0.4088050314465408,2023-12-28 14:10:00+00:00,2023_17_ATL_CHI,2023,17,loss,-1.28,-1.0,0.0008176614881441058,75.83333333333333,False
home,-165,williamhill_us,0.03369253060587374,0.6436198775470535,B+,2,"['+1 edge +3.4%', '+1 line moved our way']",1,1.39,True,0.6140350877192983,2023-12-28 14:10:00+00:00,2023_17_MIA_BAL,2023,17,win,0.8424242424242422,0.606060606060606,-0.00996264009962644,75.83333333333333,True
away,198,fanduel,0.030387223824514198,0.34576752477332695,B,1,['+1 edge +3.0%'],1,0.38,True,0.3324808184143223,2023-12-31 00:00:00+00:00,2023_17_DET_DAL,2023,17,loss,-0.38,-1.0,-0.03159311604653403,1.25,False
away,120,betrivers,0.03164412522093296,0.4689291478276968,B+,2,"['+1 edge +3.2%', '+1 line moved our way']",1,0.66,True,0.4409431386295708,2023-12-31 14:10:00+00:00,2023_17_NO_TB,2023,17,win,0.7920000000000001,1.2000000000000002,-0.05853119823302033,3.8333333333333335,False
home,245,fanduel,0.054342906267814683,0.3056066394979173,B,1,"['+2 edge +5.4%', '-1 QB change']",1,0.55,True,0.28343023255813954,2023-12-31 16:45:00+00:00,2023_17_LA_NYG,2023,17,loss,-0.55,-1.0,-0.02699829931972786,1.25,False
away,170,williamhill_us,0.08169361644136863,0.400627265348655,B+,2,['+2 edge +8.2%'],1,1.2,True,0.35563874590547484,2023-12-31 20:10:00+00:00,2023_17_PIT_SEA,2023,17,win,2.04,1.7000000000000002,-0.09184993531694674,0.9166666666666666,False
home,-155,espnbet,0.06055296214597883,0.6446498397357912,A,3,"['+2 edge +6.1%', '+1 line moved our way']",1,2.0,True,0.5888285492629945,2024-01-04 14:10:00+00:00,2023_18_CHI_GB,2023,18,win,1.290322580645161,0.6451612903225805,-0.05886963181988225,79.25,True
home,-165,williamhill_us,0.04608790646366723,0.6513377530811514,B,1,['+1 edge +4.6%'],1,1.9,True,0.5990922844175491,2024-01-07 16:45:00+00:00,2023_18_ATL_NO,2023,18,win,1.1515151515151514,0.606060606060606,-0.02152968405188649,1.25,True
away,400,fanduel,0.11490152475521742,0.22298030495104348,B+,2,['+2 edge +11.5%'],1,0.72,True,0.195227765726681,2024-01-12 14:10:00+00:00,2023_19_PIT_BUF,2023,19,loss,-0.72,-1.0,0.021120614417873718,79.33333333333333,False
away,300,espnbet,0.07726461758284797,0.269316154395712,B+,2,['+2 edge +7.7%'],1,0.64,True,0.2503477051460361,2024-01-14 20:15:00+00:00,2023_19_GB_DAL,2023,19,win,1.92,3.0,0.02372393961179009,1.25,False
away,250,espnbet,0.10374605915728718,0.31535601690208204,B+,2,['+2 edge +10.4%'],1,1.04,True,0.2892960462873675,2024-01-18 14:10:00+00:00,2023_20_TB_DET,2023,20,loss,-1.04,-1.0,0.03238392508778798,77.83333333333333,False
away,390,fanduel,0.09090184813800883,0.22263303023224668,B,1,"['+2 edge +9.1%', '-1 QB change']",1,0.58,True,0.20992366412213737,2024-01-20 14:10:00+00:00,2023_20_GB_SF,2023,20,loss,-0.58,-1.0,0.022327964860907823,11.083333333333334,False
away,-120,draftkings,0.09200236747910573,0.5956376549886031,B,1,"['+2 edge +9.2%', '-1 QB change']",1,2.0,True,0.5383343749369998,2024-02-08 14:10:00+00:00,2023_22_SF_KC,2023,22,loss,-2.0,-1.0,-0.04347826086956519,81.33333333333333,True
away,130,draftkings,0.11866830526891547,0.48637752402996326,B+,2,['+2 edge +11.9%'],1,2.0,True,0.4242424242424242,2024-09-03 14:10:00+00:00,2024_01_BAL_KC,2024,1,loss,-2.0,-1.0,-0.01573716178906681,58.166666666666664,False
away,120,fanduel,0.17412265129455307,0.5336921142247968,B+,2,"['+2 edge +17.4%', '+1 line moved our way', '-1 QB change']",1,2.0,True,0.4458658639826921,2024-09-04 14:10:00+00:00,2024_01_GB_PHI,2024,1,loss,-2.0,-1.0,0.005964214711729587,58.083333333333336,False
home,-185,draftkings,0.15012374729261646,0.7465715552601194,B+,2,['+2 edge +15.0%'],1,2.0,True,0.6404361921603301,2024-09-05 14:10:00+00:00,2024_01_CAR_NO,2024,1,win,1.0810810810810811,0.5405405405405406,-0.0280108217418632,74.83333333333333,True
away,340,espnbet,0.14861008855281388,0.2610477473983668,B,1,"['+2 edge +14.9%', '-1 QB change']",1,1.09,True,0.22767075306479867,2024-09-05 14:10:00+00:00,2024_01_NE_CIN,2024,1,win,3.706000000000001,3.4000000000000004,0.0683706070287542,74.83333333333333,False
home,100,williamhill_us,0.035539321909696664,0.5177696609548483,C+,0,"['+1 edge +3.6%', '-1 QB change']",1,0.89,True,0.4819225861335602,2024-09-08 15:45:00+00:00,2024_01_MIN_NYG,2024,1,loss,-0.89,-1.0,-0.021668472372697756,1.25,False
home,176,fanduel,0.27002023803625286,0.46015226015806265,C+,0,"['+2 edge +27.0%', '-1 model 23 pct pts from market', '-1 QB change']",1,2.0,True,0.3698979591836735,2024-09-12 14:10:00+00:00,2024_02_SEA_NE,2024,2,loss,-2.0,-1.0,0.09363076019958894,74.83333333333333,False
away,240,hardrockbet,0.05221049153346913,0.30947367398043213,B+,2,['+2 edge +5.2%'],1,0.54,True,0.2965403624382208,2024-09-12 14:10:00+00:00,2024_02_NO_DAL,2024,2,win,1.296,2.4,-0.0260741828865223,74.83333333333333,False
away,-218,draftkings,0.03940111801107782,0.7125454205233175,B+,2,"['+1 edge +3.9%', '+1 line moved our way']",1,2.0,True,0.6768906579255444,2024-09-12 23:00:00+00:00,2024_02_LAC_CAR,2024,2,win,0.9174311926605503,0.45871559633027514,-0.03192613076658335,66.0,True
home,-143,betrivers,0.07267766865071068,0.6312465292882783,A,3,"['+2 edge +7.3%', '+1 line moved our way']",1,2.0,True,0.5724963925679746,2024-09-19 14:10:00+00:00,2024_03_PHI_NO,2024,3,loss,-2.0,-1.0,-0.04245754245754252,74.83333333333333,True
home,115,williamhill_us,0.051815177121601774,0.4892163614519078,B+,2,"['+2 edge +5.2%', '+1 line moved our way', '-1 QB change']",1,1.13,True,0.4489510764077598,2024-09-19 14:10:00+00:00,2024_03_HOU_MIN,2024,3,win,1.2994999999999999,1.15,-0.0355983966405804,74.83333333333333,False
home,-121,betrivers,0.03492493174662448,0.5666331074268849,C,-1,"['+1 edge +3.5%', '-1 line moved against us', '-1 QB change']",1,1.06,True,0.532733107905919,2024-09-19 23:00:00+00:00,2024_03_CHI_IND,2024,3,win,0.8760330578512396,0.8264462809917354,-0.027476655575829012,66.0,True
home,-230,draftkings,0.07902042249393793,0.7520445368897144,A,3,"['+2 edge +7.9%', '+1 line moved our way']",1,2.0,True,0.6792452830188679,2024-09-20 14:10:00+00:00,2024_03_JAX_BUF,2024,3,win,0.8695652173913042,0.4347826086956521,-0.05666597980630539,81.33333333333333,True
away,140,williamhill_us,0.1669350873144877,0.48622295304770324,B,1,"['+2 edge +16.7%', '-1 QB change']",1,2.0,True,0.412821758135017,2024-09-26 14:10:00+00:00,2024_04_LA_CHI,2024,4,loss,-2.0,-1.0,-0.02408740998261749,74.83333333333333,False
away,155,espnbet,0.09501731519573209,0.4294185549787185,B+,2,"['+2 edge +9.5%', '+1 line moved our way', '-1 QB change']",1,1.53,True,0.3835616438356164,2024-09-26 14:10:00+00:00,2024_04_WAS_ARI,2024,4,win,2.3714999999999997,1.5499999999999998,-0.021917808219178214,77.91666666666667,False
away,116,fanduel,0.04453341477812267,0.4835802846195012,C+,0,"['+1 edge +4.5%', '-1 line moved against us']",1,0.96,True,0.447405997144217,2024-09-26 14:10:00+00:00,2024_04_BUF_BAL,2024,4,loss,-0.96,-1.0,-0.031112807787745722,82.16666666666667,False
home,110,draftkings,0.03964964841729768,0.49507126115109407,B,1,['+1 edge +4.0%'],1,0.9,True,0.4652958387516255,2024-09-26 14:10:00+00:00,2024_04_PHI_TB,2024,4,win,0.9900000000000001,1.1,0.027248104008667395,74.83333333333333,False
away,300,betmgm,0.035432644785340806,0.2588581611963352,B,1,"['+1 edge +3.5%', '+1 line moved our way', '-1 QB change']",1,0.3,True,0.2467811158798282,2024-09-26 14:10:00+00:00,2024_04_DEN_NYJ,2024,4,win,0.8999999999999999,3.0,-0.10733262486716288,74.83333333333333,False
away,-108,fanduel,0.18039603920566472,0.6128979434337105,A,3,"['+2 edge +18.0%', '+1 line moved our way']",1,2.0,True,0.5173641257162702,2024-10-03 14:10:00+00:00,2024_05_BUF_HOU,2024,5,loss,-2.0,-1.0,-0.07047905693503864,74.83333333333333,True
home,145,betmgm,0.059779741831576416,0.43256315993125566,B,1,"['+2 edge +6.0%', '-1 QB change']",1,1.03,True,0.40372670807453415,2024-10-03 14:10:00+00:00,2024_05_GB_LA,2024,5,loss,-1.03,-1.0,0.021668029435813585,78.25,False
away,-135,espnbet,0.055972961960572665,0.6066227653816056,A,3,"['+2 edge +5.6%', '+1 line moved our way']",1,1.89,True,0.5656028368794326,2024-10-03 14:10:00+00:00,2024_05_BAL_CIN,2024,5,win,1.4,0.7407407407407407,-0.004192486246599847,74.83333333333333,True
away,125,espnbet,0.09605862167850798,0.48713716519044803,B+,2,['+2 edge +9.6%'],1,1.92,True,0.4343402081484684,2024-10-06 23:05:00+00:00,2024_05_DAL_PIT,2024,5,win,2.4,1.25,0.009257491887764813,1.25,False
home,270,fanduel,0.22142356337466973,0.33011447658774856,B,1,"['+2 edge +22.1%', '-1 QB change']",1,2.0,True,0.2731016923768159,2024-10-10 14:10:00+00:00,2024_06_HOU_NE,2024,6,loss,-2.0,-1.0,0.1256511773286102,74.83333333333333,False
away,245,fanduel,0.09697370293909557,0.31796339215625957,B+,2,"['+2 edge +9.7%', '+1 line moved our way', '-1 QB change']",1,0.99,True,0.29160640150944683,2024-10-10 14:10:00+00:00,2024_06_WAS_BAL,2024,6,loss,-0.99,-1.0,0.0020746887966807126,74.83333333333333,False
home,146,fanduel,0.07404084315229764,0.43660196876109664,B+,2,['+2 edge +7.4%'],1,1.27,True,0.4026162961492493,2024-10-10 14:10:00+00:00,2024_06_DET_DAL,2024,6,loss,-1.27,-1.0,-0.05643835616438364,78.25,False
home,130,fanduel,0.04042459389431663,0.4523585190844855,C+,0,"['+1 edge +4.0%', '-1 QB change']",1,0.78,True,0.42888402625820565,2024-10-10 14:10:00+00:00,2024_06_LAC_DEN,2024,6,loss,-0.78,-1.0,-0.04088307440719552,77.91666666666667,False
home,165,hardrockbet,0.03268517510190372,0.3896925189063788,B+,2,"['+1 edge +3.3%', '+1 line moved our way']",1,0.5,True,0.3730260542134622,2024-10-10 23:00:00+00:00,2024_06_CIN_NYG,2024,6,loss,-0.5,-1.0,-0.12286860581745229,73.33333333333333,False
away,-116,fanduel,0.032114439053278154,0.5542836802323161,C,-1,"['+1 edge +3.2%', '-1 line moved against us', '-1 QB change']",1,0.93,True,0.5188343471220945,2024-10-14 14:10:00+00:00,2024_06_BUF_NYJ,2024,6,win,0.8017241379310345,0.8620689655172413,-0.020390496409211423,10.083333333333334,True
away,110,hardrockbet,0.13398111707811,0.5399910081324333,B,1,"['+2 edge +13.4%', '-1 line moved against us']",1,2.0,True,0.4664395010929664,2024-10-17 14:10:00+00:00,2024_07_DET_MIN,2024,7,win,2.2,1.1,0.013535335995832787,74.83333333333333,False
home,-145,williamhill_us,0.11018536207162555,0.6570484795934111,B+,2,"['+2 edge +11.0%', '+1 line moved our way', '-1 QB change']",1,2.0,True,0.5746439580499061,2024-10-17 14:10:00+00:00,2024_07_HOU_GB,2024,7,win,1.3793103448275863,0.6896551724137931,0.020141088833335097,74.83333333333333,True
away,200,hardrockbet,0.03030538961562712,0.34343512987187574,C+,0,"['+1 edge +3.0%', '-1 QB change']",1,0.38,True,0.31818181818181823,2024-10-17 14:10:00+00:00,2024_07_NE_JAX,2024,7,loss,-0.38,-1.0,-0.1539115646258502,71.33333333333333,False
home,195,hardrockbet,0.04975482143387899,0.35584909201148435,B,1,['+1 edge +5.0%'],1,0.64,True,0.3472536779698234,2024-10-21 23:00:00+00:00,2024_07_BAL_TB,2024,7,loss,-0.64,-1.0,-0.0077619663648124115,1.25,False
home,135,betmgm,0.0990741211574504,0.46769111538614905,B+,2,['+2 edge +9.9%'],1,1.83,True,0.4212299915754002,2024-10-23 14:10:00+00:00,2024_08_MIN_LA,2024,8,win,2.4705000000000004,1.35,-0.020032706459525706,34.083333333333336,False
away,200,betmgm,0.10868643947013279,0.36956214649004426,B+,2,['+2 edge +10.9%'],1,1.36,True,0.32869785082174463,2024-10-24 14:10:00+00:00,2024_08_IND_HOU,2024,8,loss,-1.36,-1.0,0.00905562742561461,74.83333333333333,False
home,-125,draftkings,0.03507858506712469,0.5750436583706248,B,1,['+1 edge +3.5%'],1,1.1,True,0.552594002855783,2024-10-24 14:10:00+00:00,2024_08_PHI_CIN,2024,8,loss,-1.1,-1.0,0.0297073440088349,74.83333333333333,True
home,280,fanduel,0.11071895088285455,0.29229446075864596,B,1,"['+2 edge +11.1%', '-1 QB change']",1,0.99,True,0.2659802121041047,2024-10-27 14:10:00+00:00,2024_08_NYJ_NE,2024,8,win,2.772,2.8,0.0560988162635101,2.8333333333333335,False
away,290,fanduel,0.1335508805889185,0.29065407194587656,A,3,"['+2 edge +13.4%', '+1 line moved our way']",1,1.15,True,0.25885758336925724,2024-10-31 14:10:00+00:00,2024_09_LV_CIN,2024,9,loss,-1.15,-1.0,-0.10887096774193539,75.83333333333333,False
away,360,williamhill_us,0.13099593850516467,0.2458686822837315,B,1,"['+2 edge +13.1%', '-1 QB change']",1,0.91,True,0.21325648414985587,2024-10-31 14:10:00+00:00,2024_09_DEN_BAL,2024,9,loss,-0.91,-1.0,0.021381578947368807,75.83333333333333,False
home,-260,fanduel,0.03535168301872904,0.7477539932913043,B,1,"['+1 edge +3.5%', '+1 line moved our way', '-1 QB change']",1,2.0,True,0.7006072668524781,2024-10-31 14:10:00+00:00,2024_09_MIA_BUF,2024,9,win,0.7692307692307692,0.3846153846153846,-0.017555059048835142,75.83333333333333,True
away,-120,draftkings,0.03256962595987667,0.5632197959781146,B+,2,"['+1 edge +3.3%', '+1 line moved our way']",1,0.98,True,0.5226781857451404,2024-10-31 14:10:00+00:00,2024_09_LA_SEA,2024,9,win,0.8166666666666668,0.8333333333333335,-0.023809523809523614,79.25,True
away,360,draftkings,0.05317934753172837,0.2289520320721149,B+,2,['+2 edge +5.3%'],1,0.37,True,0.21935963607733355,2024-11-01 14:10:00+00:00,2024_09_TB_KC,2024,9,loss,-0.37,-1.0,0.02656748140276255,83.08333333333333,False
away,220,betmgm,0.04225422260088574,0.3257044445627768,B+,2,"['+1 edge +4.2%', '+1 line moved our way']",1,0.48,True,0.3111111111111111,2024-11-04 00:05:00+00:00,2024_09_IND_MIN,2024,9,loss,-0.48,-1.0,-0.09750566893424018,1.25,False
away,330,fanduel,0.09200839692131746,0.2539554411444924,B+,2,['+2 edge +9.2%'],1,0.7,True,0.22935779816513768,2024-11-07 14:10:00+00:00,2024_10_DEN_KC,2024,10,loss,-0.7,-1.0,0.03199999999999936,75.83333333333333,False
away,-198,draftkings,0.06602123530691562,0.7082959885596285,B+,2,['+2 edge +6.6%'],1,2.0,True,0.6464700207613957,2024-11-07 14:10:00+00:00,2024_10_BUF_IND,2024,10,win,1.0101010101010104,0.5050505050505052,0.006889354933487413,75.83333333333333,True
away,115,espnbet,0.09816047621488799,0.5107723145185525,B+,2,['+2 edge +9.8%'],1,2.0,True,0.4572564612326043,2024-11-10 16:45:00+00:00,2024_10_PIT_WAS,2024,10,win,2.3,1.15,0.0189138416873027,1.25,False
home,190,fanduel,0.07450024989766835,0.37051732755092015,A,3,"['+2 edge +7.5%', '+1 line moved our way']",1,0.98,True,0.3403141361256544,2024-11-14 14:10:00+00:00,2024_11_LA_NE,2024,11,loss,-0.98,-1.0,0.0529778730870456,75.83333333333333,False
home,-275,hardrockbet,0.037681731114683314,0.7609666028174343,C+,0,"['+1 edge +3.8%', '-1 line moved against us']",1,2.0,True,0.7170116362245067,2024-11-14 14:10:00+00:00,2024_11_SEA_SF,2024,11,loss,-2.0,-1.0,-0.05122279262725171,78.91666666666667,True
away,300,betmgm,0.03479586003129542,0.25869896500782386,C+,0,"['+1 edge +3.5%', '-1 QB change']",1,0.29,True,0.252808988764045,2024-11-14 14:10:00+00:00,2024_11_LV_MIA,2024,11,loss,-0.29,-1.0,-0.10733262486716288,75.83333333333333,False
away,170,betmgm,0.03461683677738003,0.3831914210286592,C+,0,"['+1 edge +3.5%', '-1 QB change']",1,0.51,True,0.36366599044382286,2024-11-14 14:10:00+00:00,2024_11_IND_NYJ,2024,11,win,0.8670000000000001,1.7000000000000002,-0.0407687827606289,75.83333333333333,False
home,235,draftkings,0.04880645379799686,0.31307655337253637,B,1,['+1 edge +4.9%'],1,0.52,True,0.3020134228187919,2024-11-17 16:45:00+00:00,2024_11_MIN_TEN,2024,11,loss,-0.52,-1.0,-0.04039662137348521,1.25,False
away,340,betmgm,0.11392780630370569,0.25316541052356945,B+,2,['+2 edge +11.4%'],1,0.84,True,0.22892112420670896,2024-11-21 14:10:00+00:00,2024_12_TEN_HOU,2024,12,win,2.8560000000000003,3.4000000000000004,0.0683706070287542,75.83333333333333,False
away,-105,williamhill_us,0.033669754816176845,0.5294406061253589,C+,0,"['+1 edge +3.4%', '-1 QB change']",1,0.88,True,0.5,2024-11-21 14:10:00+00:00,2024_12_ARI_SEA,2024,12,loss,-0.88,-1.0,-0.002656967445699765,79.25,True
away,310,draftkings,0.11046039655473261,0.27084399915969093,C+,0,"['+2 edge +11.0%', '-1 line moved against us', '-1 QB change']",1,0.89,True,0.2451612903225806,2024-11-22 00:00:00+00:00,2024_12_NE_MIA,2024,12,loss,-0.89,-1.0,0.021668472372697423,66.0,False
home,-155,betmgm,0.09521486009139579,0.6657188365261426,B+,2,"['+2 edge +9.5%', '+1 line moved our way', '-1 QB change']",1,2.0,True,0.587500796330509,2024-11-22 14:10:00+00:00,2024_12_SF_GB,2024,12,win,1.290322580645161,0.6451612903225805,0.17390686268702682,55.25,True
home,130,espnbet,0.12641892584506542,0.489747359063072,C+,0,"['+2 edge +12.6%', '-1 line moved against us', '-1 QB change']",1,2.0,True,0.4251842581004033,2024-11-28 14:10:00+00:00,2024_13_LA_NO,2024,13,loss,-2.0,-1.0,0.003968253968253732,78.91666666666667,False
home,128,betrivers,0.12615786343582358,0.49392888747185243,B+,2,['+2 edge +12.6%'],1,2.0,True,0.4300641874352863,2024-11-28 14:10:00+00:00,2024_13_IND_NE,2024,13,loss,-2.0,-1.0,0.02271425844626851,75.83333333333333,False
away,155,betrivers,0.07484311663764531,0.4215071045637825,B+,2,['+2 edge +7.5%'],1,1.21,True,0.3825671247363356,2024-11-28 14:10:00+00:00,2024_13_ARI_MIN,2024,13,loss,-1.21,-1.0,-0.03728970724599301,75.83333333333333,False
home,104,fanduel,0.042270582020531355,0.5109169519708487,B,1,['+1 edge +4.2%'],1,1.02,True,0.4782608695652174,2024-11-28 14:10:00+00:00,2024_13_LAC_ATL,2024,13,loss,-1.02,-1.0,-0.015422816461191258,75.83333333333333,False
home,155,betrivers,0.08934685159909384,0.4271948437643506,A,3,"['+2 edge +8.9%', '+1 line moved our way']",1,1.44,True,0.3801779351651474,2024-12-01 16:45:00+00:00,2024_13_HOU_JAX,2024,13,loss,-1.44,-1.0,-0.05889787664307378,1.25,False
away,-180,draftkings,0.04708183634049279,0.6731240376474596,B,1,['+1 edge +4.7%'],1,2.0,True,0.6365876193409301,2024-12-05 14:10:00+00:00,2024_14_BUF_LA,2024,14,loss,-2.0,-1.0,-0.018537243006403914,79.25,True
home,205,williamhill_us,0.0646803975616208,0.349075540184138,B,1,"['+2 edge +6.5%', '-1 QB change']",1,0.79,True,0.3194444444444444,2024-12-06 14:10:00+00:00,2024_14_CIN_DAL,2024,14,loss,-0.79,-1.0,0.00952858575727178,83.08333333333333,False
home,-180,draftkings,0.10371689905337944,0.709532292248601,B+,2,"['+2 edge +10.4%', '+1 line moved our way', '-1 QB change']",1,2.0,True,0.6428571428571429,2024-12-12 14:10:00+00:00,2024_15_IND_DEN,2024,15,win,1.1111111111111112,0.5555555555555556,0.050048606437415266,79.25,True
home,150,betmgm,0.1037148357048725,0.44148593428194904,B,1,"['+2 edge +10.4%', '-1 QB change']",1,1.73,True,0.38971785534535336,2024-12-12 14:10:00+00:00,2024_15_NYJ_JAX,2024,15,loss,-1.73,-1.0,-0.023090586145648073,75.83333333333333,False
away,135,williamhill_us,0.0925331704122141,0.4649077320903039,B+,2,['+2 edge +9.3%'],1,1.71,True,0.41230510595487224,2024-12-12 14:10:00+00:00,2024_15_TB_LAC,2024,15,win,2.3085,1.35,-0.04441892227464628,79.25,False
away,-205,draftkings,0.030320599626062705,0.6925105669617799,B,1,"['+1 edge +3.0%', '+1 line moved our way', '-1 QB change']",1,1.55,True,0.6711961699718068,2024-12-12 14:10:00+00:00,2024_15_CIN_TEN,2024,15,win,0.7560975609756098,0.4878048780487805,0.019731433269388976,75.83333333333333,True
away,240,hardrockbet,0.05084375539000607,0.3090716927617665,B+,2,['+2 edge +5.1%'],1,0.53,True,0.294966835739368,2024-12-15 20:10:00+00:00,2024_15_NE_ARI,2024,15,loss,-0.53,-1.0,0.051304197616168556,1.25,False
away,140,espnbet,0.22657830064806928,0.5110742919366955,B+,2,['+2 edge +22.7%'],1,2.0,True,0.4094781373587485,2024-12-17 14:10:00+00:00,2024_16_DEN_LAC,2024,16,loss,-2.0,-1.0,0.02705687465488693,59.083333333333336,False
away,360,fanduel,0.0626906142831003,0.23101969875719575,C+,0,"['+2 edge +6.3%', '-1 line moved against us', '-1 QB change']",1,0.44,True,0.2140806458954061,2024-12-19 14:10:00+00:00,2024_16_NYG_ATL,2024,16,loss,-0.44,-1.0,-0.13458755426917468,75.83333333333333,False
home,-174,fanduel,0.10135693865248618,0.6994018515530387,B+,2,['+2 edge +10.1%'],1,2.0,True,0.6253162615018757,2024-12-20 00:00:00+00:00,2024_16_HOU_KC,2024,16,win,1.1494252873563218,0.5747126436781609,-0.029286726499763827,42.0,True
away,-315,betrivers,0.03433470205778377,0.7850974244534986,C,-1,"['+1 edge +3.4%', '-1 line moved against us', '-1 QB change']",1,2.0,True,0.735192212506187,2024-12-22 14:10:00+00:00,2024_16_DET_CHI,2024,16,win,0.6349206349206349,0.31746031746031744,-0.02393104866603113,3.8333333333333335,True
away,170,williamhill_us,0.07315249323223338,0.3974638863823087,A,3,"['+2 edge +7.3%', '+1 line moved our way']",1,1.08,True,0.36319612590799033,2024-12-22 16:45:00+00:00,2024_16_TEN_IND,2024,16,loss,-1.08,-1.0,-0.01964129057413022,1.25,False
away,-200,fanduel,0.06357112456547132,0.7090474163769809,B+,2,"['+2 edge +6.4%', '+1 line moved our way', '-1 QB change']",1,2.0,True,0.6465222348916762,2024-12-23 14:10:00+00:00,2024_17_BAL_HOU,2024,17,win,1.0,0.5,0.02083333333333348,55.333333333333336,True
away,-130,draftkings,0.039182099972656426,0.5873637956367189,B,1,['+1 edge +3.9%'],1,1.27,True,0.5550580633747941,2024-12-25 16:45:00+00:00,2024_17_KC_PIT,2024,17,win,0.9769230769230769,0.7692307692307692,0.04980802658974981,1.25,True
home,192,williamhill_us,0.10638558051360758,0.3788991714087697,B,1,"['+2 edge +10.6%', '-1 QB change']",1,1.39,True,0.3403141361256544,2024-12-26 14:10:00+00:00,2024_17_LAC_NE,2024,17,loss,-1.39,-1.0,-0.1884714359238291,51.833333333333336,False
home,-395,draftkings,0.056587923779243265,0.8431358179652547,B,1,"['+2 edge +5.7%', '-1 line moved against us']",1,2.0,True,0.766744968965142,2024-12-26 14:10:00+00:00,2024_17_CAR_TB,2024,17,win,0.5063291139240507,0.25316455696202533,0.0025316455696202667,75.83333333333333,True
home,150,williamhill_us,0.04069621726601458,0.4162784869064058,C+,0,"['+1 edge +4.1%', '-1 QB change']",1,0.68,True,0.386298314593824,2024-12-29 19:50:00+00:00,2024_17_MIA_CLE,2024,17,loss,-0.68,-1.0,-0.009392427355444766,1.25,False
home,-148,draftkings,0.09952604109442142,0.6561687664595741,B,1,"['+2 edge +10.0%', '-1 QB change']",1,2.0,True,0.5784187794641289,2025-01-02 14:10:00+00:00,2024_18_MIN_DET,2024,18,win,1.3513513513513513,0.6756756756756757,-0.04141358365543901,83.16666666666667,True
away,350,betmgm,0.0568830681683159,0.2348629040374035,B,1,"['+2 edge +5.7%', '-1 QB change']",1,0.41,True,0.22707814445828145,2025-01-02 14:10:00+00:00,2024_18_CAR_ATL,2024,18,win,1.4349999999999998,3.5,0.0799999999999994,75.83333333333333,False
away,-220,fanduel,0.04917604012150556,0.721308527583535,B,1,"['+1 edge +4.9%', '+1 line moved our way', '-1 QB change']",1,2.0,True,0.6742037442256261,2025-01-02 14:10:00+00:00,2024_18_WAS_DAL,2024,18,win,0.9090909090909092,0.4545454545454546,0.055640012161751295,75.83333333333333,True
home,-192,draftkings,0.18777540202704168,0.7810030040725753,B,1,"['+2 edge +18.8%', '-1 model 20 pct pts from market', '+1 line moved our way', '-1 QB change']",1,2.0,True,0.6547832905782234,2025-01-03 14:10:00+00:00,2024_18_SF_ARI,2024,18,win,1.041666666666667,0.5208333333333335,-0.04044489383215355,55.25,True
away,190,fanduel,0.09226968767619437,0.3766447198883429,B+,2,['+2 edge +9.2%'],1,1.21,True,0.334855403348554,2025-01-03 14:10:00+00:00,2024_18_JAX_IND,2024,18,loss,-1.21,-1.0,0.11232876712328754,51.833333333333336,False
away,360,williamhill_us,0.20971646052232473,0.26298183924398366,B,1,"['+2 edge +21.0%', '-1 QB change']",1,1.46,True,0.21325648414985587,2025-01-09 14:10:00+00:00,2024_19_DEN_BUF,2024,19,loss,-1.46,-1.0,0.02656748140276255,75.83333333333333,False
away,230,betrivers,0.037027953917686096,0.31425089512657156,B+,2,"['+1 edge +3.7%', '+1 line moved our way']",1,0.4,True,0.29556650246305416,2025-01-16 14:10:00+00:00,2024_20_LA_PHI,2024,20,loss,-0.4,-1.0,-0.12068965517241403,77.83333333333333,False
away,400,betmgm,0.0879479144176889,0.2175895828835378,B,1,"['+2 edge +8.8%', '-1 QB change']",1,0.55,True,0.19388954171562855,2025-01-17 14:10:00+00:00,2024_20_WAS_DET,2024,20,win,2.2,4.0,-0.021464646464646964,34.833333333333336,False
away,240,espnbet,0.15413298102170847,0.33945087677109076,B,1,"['+2 edge +15.4%', '-1 QB change']",1,1.61,True,0.29239766081871355,2025-01-26 18:45:00+00:00,2024_21_WAS_PHI,2024,21,loss,-1.61,-1.0,0.06966292134831464,1.25,False
away,115,williamhill_us,0.09803982860843119,0.5107161993527587,B,1,"['+2 edge +9.8%', '-1 line moved against us']",1,2.0,True,0.4613143412107479,2025-01-26 18:45:00+00:00,2024_21_BUF_KC,2024,21,loss,-2.0,-1.0,0.03766712971001929,4.75,False
home,102,fanduel,0.050801036940139266,0.5201985331386828,B+,2,['+2 edge +5.1%'],1,1.25,True,0.4782608695652174,2025-02-06 14:10:00+00:00,2024_22_KC_PHI,2024,22,win,1.275,1.02,-0.03391304347826085,81.33333333333333,False
away,124,draftkings,0.168437768027633,0.5216240035837647,B+,2,['+2 edge +16.8%'],1,2.0,True,0.45010680500457734,2025-09-04 14:10:00+00:00,2025_01_DET_GB,2025,1,loss,-2.0,-1.0,0.07130434782608708,78.25,False
away,130,draftkings,0.09296711436102467,0.4752030932004455,B,1,"['+2 edge +9.3%', '-1 QB change']",1,1.79,True,0.4306397321910469,2025-09-04 14:10:00+00:00,2025_01_LV_NE,2025,1,win,2.3269999999999995,1.2999999999999998,-0.0408830744071953,74.83333333333333,False
away,-104,fanduel,0.08783750705366922,0.5545838271254,B+,2,"['+2 edge +8.8%', '+1 line moved our way', '-1 QB change']",1,2.0,True,0.4937655860349127,2025-09-04 14:10:00+00:00,2025_01_MIA_IND,2025,1,loss,-2.0,-1.0,-0.02772374836801572,74.83333333333333,True
away,-230,fanduel,0.06498947595424642,0.7422653923317475,B+,2,['+2 edge +6.5%'],1,2.0,True,0.6742037442256261,2025-09-04 14:10:00+00:00,2025_01_CIN_CLE,2025,1,win,0.8695652173913042,0.4347826086956521,-0.03147690648474433,74.83333333333333,True
away,165,hardrockbet,0.13749569952393026,0.42924366019770954,B+,2,"['+2 edge +13.7%', '+1 line moved our way', '-1 QB change']",1,2.0,True,0.3622708007192039,2025-09-11 14:10:00+00:00,2025_02_ATL_MIN,2025,2,win,3.3,1.65,0.016438356164383494,82.16666666666667,False
away,-230,draftkings,0.09724341618674082,0.7647454112816678,B,1,"['+2 edge +9.7%', '-1 QB change']",1,2.0,True,0.6868008948545862,2025-09-11 14:10:00+00:00,2025_02_LA_TEN,2025,2,win,0.8695652173913042,0.4347826086956521,-0.01660967269174385,74.83333333333333,True
home,-260,fanduel,0.07275818154141644,0.774769797779912,A,3,"['+2 edge +7.3%', '+1 line moved our way']",1,2.0,True,0.701468452477005,2025-09-11 14:10:00+00:00,2025_02_CHI_DET,2025,2,win,0.7692307692307692,0.3846153846153846,-0.030544819847899363,74.83333333333333,True
home,-290,draftkings,0.03987741391754618,0.7732421795797138,B+,2,"['+1 edge +4.0%', '+1 line moved our way']",1,2.0,True,0.7280000000000001,2025-09-11 23:00:00+00:00,2025_02_CAR_ARI,2025,2,win,0.6896551724137931,0.3448275862068966,-0.02398800599700157,69.08333333333333,True
away,-108,fanduel,0.09164422797244343,0.566815272216461,B+,2,"['+2 edge +9.2%', '+1 line moved our way', '-1 QB change']",1,2.0,True,0.5108342361863489,2025-09-18 14:10:00+00:00,2025_03_DAL_CHI,2025,3,loss,-2.0,-1.0,0.02549302549302568,78.25,True
away,-190,fanatics,0.08857459524777123,0.7132040451623329,B+,2,"['+2 edge +8.9%', '+1 line moved our way', '-1 QB change']",1,2.0,True,0.6450968187367714,2025-09-18 14:10:00+00:00,2025_03_IND_TEN,2025,3,win,1.0526315789473681,0.5263157894736841,0.03874269005847952,74.83333333333333,True
away,132,fanduel,0.045059715974021586,0.45045677412673335,C,-1,"['+1 edge +4.5%', '-1 line moved against us', '-1 QB change']",1,0.85,True,0.4201680672268908,2025-09-18 14:10:00+00:00,2025_03_DEN_LAC,2025,3,loss,-0.85,-1.0,-0.03254292722812724,77.91666666666667,False
away,-218,draftkings,0.03698895995566431,0.710891802736902,B+,2,"['+1 edge +3.7%', '+1 line moved our way']",1,2.0,True,0.679245283018868,2025-09-18 23:00:00+00:00,2025_03_ATL_CAR,2025,3,loss,-2.0,-1.0,-0.03192613076658335,66.0,True
away,205,fanduel,0.06369736399701686,0.34875323409738257,B,1,"['+2 edge +6.4%', '-1 QB change']",1,0.78,True,0.3249687530045188,2025-09-25 14:10:00+00:00,2025_04_CAR_NE,2025,4,loss,-0.78,-1.0,-0.07209835382371355,74.83333333333333,False
home,-140,espnbet,0.08788339668885303,0.6345986480684975,B,1,"['+2 edge +8.8%', '-1 QB change']",1,2.0,True,0.5776397515527951,2025-09-26 14:10:00+00:00,2025_04_NYJ_MIA,2025,4,win,1.4285714285714288,0.7142857142857144,-0.019326339039204887,81.08333333333333,True
away,-106,fanduel,0.06882193066666642,0.5499763332556633,B+,2,['+2 edge +6.9%'],1,1.82,True,0.5175910596026491,2025-09-26 14:10:00+00:00,2025_04_WAS_ATL,2025,4,loss,-1.82,-1.0,-0.15169212339023663,50.833333333333336,True
home,-325,fanatics,0.033823803607123004,0.7905711439348588,C+,0,"['+1 edge +3.4%', '-1 QB change']",1,2.0,True,0.7546045720963037,2025-09-26 14:10:00+00:00,2025_04_TEN_HOU,2025,4,win,0.6153846153846154,0.3076923076923077,0.022492854479930546,50.833333333333336,True
away,-115,fanatics,0.10482681426619256,0.590953877398196,A,3,"['+2 edge +10.5%', '+1 line moved our way']",1,2.0,True,0.5151859907234795,2025-10-02 14:10:00+00:00,2025_05_MIA_CAR,2025,5,loss,-2.0,-1.0,-0.02457466918714568,74.83333333333333,True
home,-395,draftkings,0.05176886560472016,0.8392903068966959,B,1,"['+2 edge +5.2%', '-1 QB change']",1,2.0,True,0.774798927613941,2025-10-02 14:10:00+00:00,2025_05_TEN_ARI,2025,5,loss,-2.0,-1.0,-0.02650022195617363,77.91666666666667,True
home,120,fanatics,0.08241652353413453,0.49200751069733384,B,1,"['+2 edge +8.2%', '-1 QB change']",1,1.72,True,0.4675324675324675,2025-10-04 14:10:00+00:00,2025_05_DAL_NYJ,2025,5,loss,-1.72,-1.0,0.12383531960996752,26.833333333333332,False
away,-360,draftkings,0.03685677299205148,0.8114531266894316,B,1,['+1 edge +3.7%'],1,2.0,True,0.7631951564864997,2025-10-08 14:10:00+00:00,2025_06_PHI_NYG,2025,6,loss,-2.0,-1.0,-0.02134731089566755,34.083333333333336,True
home,185,draftkings,0.19883722547203053,0.4206446405165019,A,3,"['+2 edge +19.9%', '+1 line moved our way']",1,2.0,True,0.34946820056435857,2025-10-09 14:10:00+00:00,2025_06_LAC_MIA,2025,6,loss,-2.0,-1.0,0.012521840419336128,74.83333333333333,False
home,180,draftkings,0.09013499726265528,0.3893339275938055,B,1,"['+2 edge +9.0%', '-1 QB change']",1,1.25,True,0.3720626631853786,2025-10-09 23:00:00+00:00,2025_06_NE_NO,2025,6,loss,-1.25,-1.0,0.03336703741152691,66.0,False
home,-210,fanduel,0.03458407891947668,0.7008472792680326,B,1,['+1 edge +3.5%'],1,1.82,True,0.6636481241914618,2025-10-12 12:15:00+00:00,2025_06_CHI_WAS,2025,6,loss,-1.82,-1.0,0.0197418749845768,36.0,True
away,130,fanduel,0.31720063145507305,0.572695926719597,C+,0,"['+2 edge +31.7%', '-1 model 24 pct pts from market', '-1 QB change']",1,2.0,True,0.43235704323570423,2025-10-16 14:10:00+00:00,2025_07_MIA_CLE,2025,7,loss,-2.0,-1.0,-0.01573716178906681,74.83333333333333,False
away,115,espnbet,0.07698599581838161,0.5009237189852938,B+,2,"['+2 edge +7.7%', '+1 line moved our way', '-1 QB change']",1,1.67,True,0.45010680500457734,2025-10-17 14:10:00+00:00,2025_07_ATL_SF,2025,7,loss,-1.67,-1.0,0.051706392199349915,58.166666666666664,False
away,-300,espnbet,0.03277951543943236,0.7745846365795743,B,1,"['+1 edge +3.3%', '+1 line moved our way', '-1 QB change']",1,2.0,True,0.7362095141700404,2025-10-17 14:10:00+00:00,2025_07_NE_TEN,2025,7,win,0.6666666666666665,0.33333333333333326,-0.04859835965234427,50.833333333333336,True
away,160,espnbet,0.10715646512015109,0.42582940966159655,B,1,"['+2 edge +10.7%', '-1 line moved against us']",1,1.67,True,0.3833253989406974,2025-10-23 23:00:00+00:00,2025_08_MIN_LAC,2025,8,loss,-1.67,-1.0,0.030231875550337683,1.25,False
away,245,fanduel,0.13983524858715723,0.33038702857598756,B,1,"['+2 edge +14.0%', '-1 QB change']",1,1.43,True,0.2852336722006875,2025-10-24 14:10:00+00:00,2025_08_CHI_BAL,2025,8,loss,-1.43,-1.0,0.47639425731639995,50.833333333333336,False
home,-125,draftkings,0.05773006549922144,0.5876278141662341,B,1,"['+2 edge +5.8%', '-1 QB change']",1,1.8,True,0.5467695274831245,2025-10-24 14:10:00+00:00,2025_08_SF_HOU,2025,8,win,1.4400000000000002,0.8,0.04938675388389191,50.833333333333336,True
away,320,espnbet,0.03268198210143436,0.24587666240510342,B,1,"['+1 edge +3.3%', '+1 line moved our way', '-1 QB change']",1,0.26,True,0.24421611771812002,2025-10-25 14:10:00+00:00,2025_08_NYG_PHI,2025,8,loss,-0.26,-1.0,0.007999999999999563,26.833333333333332,False
home,340,espnbet,0.06730993448025901,0.24257043965460431,B+,2,['+2 edge +6.7%'],1,0.49,True,0.23171416653933036,2025-10-26 15:45:00+00:00,2025_08_BUF_CAR,2025,8,loss,-0.49,-1.0,0.030030740127689803,1.25,False
home,340,espnbet,0.09151284154894257,0.2480711003520324,B,1,"['+2 edge +9.2%', '-1 QB change']",1,0.67,True,0.22443628736234922,2025-10-28 14:10:00+00:00,2025_09_BAL_MIA,2025,9,loss,-0.67,-1.0,-0.06167146974063398,58.083333333333336,False
home,140,espnbet,0.07598866866186027,0.4483286119424418,B+,2,['+2 edge +7.6%'],1,1.36,True,0.40090771558245086,2025-10-30 14:10:00+00:00,2025_09_SEA_WAS,2025,9,loss,-1.36,-1.0,0.02705687465488671,83.16666666666667,False
home,115,betmgm,0.07284324987806445,0.49899686040840213,B+,2,['+2 edge +7.3%'],1,1.58,True,0.4572564612326044,2025-10-30 14:10:00+00:00,2025_09_KC_BUF,2025,9,win,1.817,1.15,-0.0355983966405804,79.25,False
home,135,espnbet,0.03837485502696003,0.44186164043700427,B,1,['+1 edge +3.8%'],1,0.71,True,0.41858771309014203,2025-10-31 14:10:00+00:00,2025_09_JAX_LV,2025,9,loss,-0.71,-1.0,0.0745526838966204,54.916666666666664,False
away,-210,fanatics,0.07282895227677821,0.7267550967036239,B,1,"['+2 edge +7.3%', '-1 QB change']",1,2.0,True,0.6592868650142208,2025-11-06 14:10:00+00:00,2025_10_BAL_MIN,2025,10,win,0.9523809523809526,0.4761904761904763,-0.012418207001958281,75.83333333333333,True
away,165,espnbet,0.08747253792125864,0.4103669954419844,B,1,"['+2 edge +8.7%', '-1 line moved against us']",1,1.33,True,0.36783042394014964,2025-11-13 14:10:00+00:00,2025_11_CAR_ATL,2025,11,win,2.1945,1.65,-0.09230934941835434,75.83333333333333,False
away,-155,betmgm,0.08288233049526905,0.6582225930461439,B+,2,"['+2 edge +8.3%', '+1 line moved our way', '-1 QB change']",1,2.0,True,0.5861550037622272,2025-11-13 14:10:00+00:00,2025_11_SF_ARI,2025,11,win,1.290322580645161,0.6451612903225805,0.03799863009230542,78.91666666666667,True
away,-150,betmgm,0.06491992459396623,0.6389519547563798,A,3,"['+2 edge +6.5%', '+1 line moved our way']",1,2.0,True,0.587500796330509,2025-11-13 14:10:00+00:00,2025_11_LAC_JAX,2025,11,loss,-2.0,-1.0,-0.028345598255655635,75.83333333333333,True
away,-400,betmgm,0.05026513621948081,0.8402121089755846,C+,0,"['+2 edge +5.0%', '-1 line moved against us', '-1 QB change']",1,2.0,True,0.7739941881881063,2025-11-13 14:10:00+00:00,2025_11_BAL_CLE,2025,11,win,0.5,0.25,-0.022617124394184174,79.25,True
home,-345,williamhill_us,0.031066585297538474,0.7993662290509007,B,1,"['+1 edge +3.1%', '+1 line moved our way', '-1 QB change']",1,2.0,True,0.7488742296731037,2025-11-21 21:40:00+00:00,2025_12_CAR_SF,2025,12,win,0.5797101449275361,0.28985507246376807,-0.0120972854788024,75.58333333333333,True
home,-170,espnbet,0.04968912689071803,0.660915376190452,B,1,"['+1 edge +5.0%', '+1 line moved our way', '-1 QB change']",1,2.0,True,0.6213381473742587,2025-11-23 14:10:00+00:00,2025_12_CLE_LV,2025,12,loss,-2.0,-1.0,-0.05758921398209127,6.916666666666667,True
home,160,espnbet,0.11081522742692318,0.427236625933432,A,3,"['+2 edge +11.1%', '+1 line moved our way']",1,1.73,True,0.38507109004739337,2025-11-25 14:10:00+00:00,2025_13_KC_DAL,2025,13,win,2.7680000000000002,1.6,-0.018413034839051323,55.333333333333336,False
away,125,betmgm,0.04269521370227225,0.46342009497878767,B,1,['+1 edge +4.3%'],1,0.85,True,0.4290867150696305,2025-11-25 14:10:00+00:00,2025_13_GB_DET,2025,13,win,1.0625,1.25,-0.061733442354865,51.833333333333336,False
away,290,fanduel,0.03785551355285821,0.26611679834688673,B,1,['+1 edge +3.8%'],1,0.33,True,0.2621814291882987,2025-11-27 14:10:00+00:00,2025_13_CHI_PHI,2025,13,win,0.957,2.9,0.010600706713781216,29.833333333333332,False
away,165,betmgm,0.11785182442133246,0.42183087714012546,C+,0,"['+2 edge +11.8%', '-1 line moved against us', '-1 QB change']",1,1.79,True,0.3698979591836734,2025-11-27 20:15:00+00:00,2025_13_HOU_IND,2025,13,win,2.9535,1.65,0.05004402700322874,69.75,False
home,-330,fanatics,0.034934803096924094,0.7942522907488022,C+,0,"['+1 edge +3.5%', '-1 QB change']",1,2.0,True,0.7547209621268066,2025-12-02 00:00:00+00:00,2025_13_NYG_NE,2025,13,win,0.606060606060606,0.303030303030303,-0.013360441475457563,1.25,True
away,110,draftkings,0.0348824872459248,0.4928011844028213,C+,0,"['+1 edge +3.5%', '-1 QB change']",1,0.79,True,0.4572564612326043,2025-12-04 14:10:00+00:00,2025_14_WAS_MIN,2025,14,loss,-0.79,-1.0,0.07275189599133292,75.83333333333333,False
home,280,draftkings,0.03218717624233447,0.27162820427429857,B+,2,"['+1 edge +3.2%', '+1 line moved our way']",1,0.29,True,0.2528089887640449,2025-12-04 14:10:00+00:00,2025_14_SEA_ATL,2025,14,loss,-0.29,-1.0,-0.041574279379157586,75.83333333333333,False
away,385,fanduel,0.030289893057861228,0.21243090578512602,B,1,['+1 edge +3.0%'],1,0.25,True,0.21393897364771153,2025-12-04 14:10:00+00:00,2025_14_NO_TB,2025,14,win,0.9624999999999999,3.8499999999999996,0.08235919234856492,75.83333333333333,False
away,175,fanatics,0.0656860263088006,0.3875221913850184,B+,2,"['+2 edge +6.6%', '+1 line moved our way', '-1 QB change']",1,0.94,True,0.35799726589200276,2025-12-07 14:10:00+00:00,2025_14_HOU_KC,2025,14,win,1.645,1.75,-0.058056872037914875,11.166666666666666,False
away,190,fanatics,0.05024356527041829,0.36215295354152355,C+,0,"['+2 edge +5.0%', '-1 line moved against us', '-1 QB change']",1,0.66,True,0.3614457831325302,2025-12-07 16:45:00+00:00,2025_14_TEN_CLE,2025,14,win,1.254,1.9,0.03028538147932447,1.25,False
away,-142,fanduel,0.03308679275431792,0.606191423847575,B,1,['+1 edge +3.3%'],1,1.17,True,0.5710399604367404,2025-12-07 16:45:00+00:00,2025_14_MIA_NYJ,2025,14,win,0.8239436619718309,0.704225352112676,-0.025081466157519272,1.25,True
away,240,fanduel,0.0322421083557769,0.3036006201046403,B,1,"['+1 edge +3.2%', '+1 line moved our way', '-1 QB change']",1,0.34,True,0.2952468768705362,2025-12-07 16:45:00+00:00,2025_14_CIN_BUF,2025,14,loss,-0.34,-1.0,-0.012448132780082721,1.25,False
away,200,betrivers,0.14208475310965119,0.38069491770321706,A,3,"['+2 edge +14.2%', '+1 line moved our way']",1,1.78,True,0.33367242737267433,2025-12-09 14:10:00+00:00,2025_15_ATL_TB,2025,15,win,3.56,2.0,-0.11509949278189602,59.083333333333336,False
away,155,betrivers,0.1773879336120885,0.4617207582792504,B+,2,['+2 edge +17.7%'],1,2.0,True,0.39076376554174064,2025-12-12 14:10:00+00:00,2025_15_MIA_PIT,2025,15,loss,-2.0,-1.0,-0.00355239786856143,83.08333333333333,False
away,-110,draftkings,0.053004568546768605,0.5515738216197359,B+,2,['+2 edge +5.3%'],1,1.46,True,0.505375419282704,2025-12-16 14:10:00+00:00,2025_16_LA_SEA,2025,16,loss,-1.46,-1.0,-0.09525620822691938,59.083333333333336,True
away,120,williamhill_us,0.09545578146980294,0.4979344461226377,A,3,"['+2 edge +9.5%', '+1 line moved our way']",1,1.99,True,0.4572564612326043,2025-12-18 14:10:00+00:00,2025_16_LAC_DAL,2025,16,win,2.3880000000000003,1.2000000000000002,0.04260951242421673,75.83333333333333,False
home,225,fanduel,0.2175071526837815,0.3746175854411635,B+,2,"['+2 edge +21.8%', '+1 line moved our way', '-1 QB change']",1,2.0,True,0.30874785591766724,2025-12-20 14:10:00+00:00,2025_16_SF_IND,2025,16,loss,-2.0,-1.0,0.09314359637774894,59.083333333333336,False
away,-136,fanduel,0.03007703097478731,0.5936037127651317,B,1,"['+1 edge +3.0%', '+1 line moved our way', '-1 QB change']",1,1.02,True,0.5711159737417943,2025-12-21 00:05:00+00:00,2025_16_MIN_NYG,2025,16,win,0.7500000000000001,0.7352941176470589,-0.007308279468606682,17.916666666666668,True
away,-148,betrivers,0.031985459711731945,0.6158622904731303,B+,2,"['+1 edge +3.2%', '+1 line moved our way']",1,1.18,True,0.5859872611464968,2025-12-21 16:45:00+00:00,2025_16_ATL_ARI,2025,16,win,0.7972972972972973,0.6756756756756757,-0.0414135836554389,4.333333333333333,True
home,235,draftkings,0.18121030964840945,0.352600092432361,B+,2,"['+2 edge +18.1%', '+1 line moved our way', '-1 QB change']",1,1.93,True,0.31111111111111106,2025-12-25 14:10:00+00:00,2025_17_TB_MIA,2025,17,win,4.5355,2.35,0.05393258426966274,75.83333333333333,False
home,-102,fanduel,0.030175930216923996,0.52018784595112,B+,2,"['+1 edge +3.0%', '+1 line moved our way']",1,0.77,True,0.4905802562170309,2025-12-25 14:10:00+00:00,2025_17_NYG_LV,2025,17,loss,-0.77,-1.0,-0.1947126503941532,78.91666666666667,True
home,-162,draftkings,0.0982956156767607,0.6790988158001344,B+,2,"['+2 edge +9.8%', '+1 line moved our way', '-1 QB change']",1,2.0,True,0.6095914898421281,2025-12-26 14:10:00+00:00,2025_17_CHI_SF,2025,17,win,1.234567901234568,0.617283950617284,0.0427101533682781,59.166666666666664,True
home,360,draftkings,0.07531564405070834,0.2337642704458062,B+,2,['+2 edge +7.5%'],1,0.52,True,0.21359223300970873,2025-12-26 14:10:00+00:00,2025_17_LA_ATL,2025,17,win,1.8719999999999999,3.5999999999999996,0.10400000000000009,83.08333333333333,False
home,220,espnbet,0.18595136692971304,0.3706098021655353,C+,0,"['+2 edge +18.6%', '-1 line moved against us', '-1 QB change']",1,2.0,True,0.30874785591766724,2025-12-27 14:10:00+00:00,2025_17_JAX_IND,2025,17,loss,-2.0,-1.0,0.07632600258732203,27.833333333333332,False
home,300,draftkings,0.0328393451317226,0.25820983628293065,B+,2,"['+1 edge +3.3%', '+1 line moved our way']",1,0.27,True,0.256313706737188,2025-12-27 14:10:00+00:00,2025_17_SEA_CAR,2025,17,loss,-0.27,-1.0,0.11168296448790538,27.833333333333332,False
home,-375,fanduel,0.10109124773952138,0.8692825640048853,B+,2,"['+2 edge +10.1%', '+1 line moved our way', '-1 QB change']",1,2.0,True,0.759493670886076,2026-01-01 14:10:00+00:00,2025_18_CLE_CIN,2025,18,loss,-2.0,-1.0,-0.0034582132564840995,75.83333333333333,True
away,-184,fanduel,0.03795997657810979,0.6724811115858177,B+,2,"['+1 edge +3.8%', '+1 line moved our way']",1,1.75,True,0.6331355019657927,2026-01-01 14:10:00+00:00,2025_18_BAL_PIT,2025,18,loss,-1.75,-1.0,0.024326452556386657,83.16666666666667,True
home,230,draftkings,0.409686288402511,0.42717766315227607,C+,0,"['+2 edge +41.0%', '-1 model 32 pct pts from market', '-1 QB change']",1,2.0,True,0.2982820464413819,2026-01-02 14:10:00+00:00,2025_18_KC_LV,2025,18,win,4.6,2.3,0.10996119016817585,55.25,False
away,176,fanduel,0.07533490250350683,0.38961409510996625,B+,2,"['+2 edge +7.5%', '+1 line moved our way', '-1 QB change']",1,1.07,True,0.3573750696637562,2026-01-02 14:10:00+00:00,2025_18_WAS_PHI,2025,18,win,1.8832,1.7599999999999998,0.05863013698630115,55.25,False
home,-185,draftkings,0.05839314819021357,0.6870271312813667,B,1,"['+2 edge +5.8%', '-1 QB change']",1,2.0,True,0.6385542168674698,2026-01-08 14:10:00+00:00,2025_19_LAC_NE,2025,19,win,1.0810810810810811,0.5405405405405406,-0.018823287660406085,82.83333333333333,True
away,250,fanduel,0.12865927889146533,0.3224740796832758,A,3,"['+2 edge +12.9%', '+1 line moved our way']",1,1.29,True,0.28526983941508366,2026-01-17 23:45:00+00:00,2025_20_SF_SEA,2025,20,loss,-1.29,-1.0,-0.027277406073082933,1.25,False
home,-138,fanduel,0.03645894856311882,0.6009719953853377,B,1,['+1 edge +3.6%'],1,1.26,True,0.574468085106383,2026-01-22 14:10:00+00:00,2025_21_LA_SEA,2025,21,win,0.9130434782608697,0.7246376811594204,-0.028180354267310692,81.33333333333333,True
away,-230,fanduel,0.030945272344760966,0.7185376140584698,C+,0,"['+1 edge +3.1%', '-1 QB change']",1,1.78,True,0.6811481796725303,2026-01-23 14:10:00+00:00,2025_21_NE_DEN,2025,21,win,0.7739130434782607,0.4347826086956521,-0.07495378693879629,53.833333333333336,True
home,195,espnbet,0.15004423154003788,0.38984550221696196,B+,2,['+2 edge +15.0%'],1,1.92,True,0.3306120703750399,2026-02-05 14:10:00+00:00,2025_22_SEA_NE,2025,22,loss,-1.92,-1.0,-0.04134217863666956,81.33333333333333,False
