side,point,price,book,ev,p_cover,p_push,grade,score,why,grading_version,units,qualifies,mu,placed_at,game_id,season,week,clv_points,result,profit,profit_flat,clv,hours_before,favorite
home,3.5,-114,draftkings,0.09243429374278644,0.5819509789097087,0.0,B+,2,"['+2 edge +9.2%', '-1 line moved against us', '+1 right side of 3/7']",1,2.0,True,-1.5991034255828587,2020-09-10 14:10:00+00:00,2020_01_LV_CAR,2020,1,0.5,loss,-2.0,-1.0,0.013266533510100098,74.83333333333333,False
away,3.0,-111,draftkings,0.06420131719768163,0.5218957123249056,0.0721292874629512,B+,2,"['+2 edge +6.4%', '+1 right side of 3/7', '-1 QB change']",1,1.92,True,1.1923433258459046,2020-09-10 14:10:00+00:00,2020_01_CHI_DET,2020,1,0.5,win,1.7297297297297298,0.900900900900901,-0.010752121808386805,74.83333333333333,False
away,6.5,100,fanduel,0.0450970367195489,0.5225485183597744,0.0,C,-2,"['+1 edge +4.5%', '-1 line moved against us', '-1 wrong side of 3/7', '-1 QB change']",1,1.13,True,6.376171419633485,2020-09-10 14:10:00+00:00,2020_01_MIA_NE,2020,1,-1.0,loss,-1.13,-1.0,-0.024939715261353745,74.83333333333333,False
away,6.5,100,fanduel,0.05435250793006485,0.5271762539650324,0.0,B,1,"['+2 edge +5.4%', '-1 wrong side of 3/7']",1,1.36,True,6.227124400142975,2020-09-11 14:10:00+00:00,2020_01_NYJ_BUF,2020,1,0.0,loss,-1.36,-1.0,0.037399576578497795,50.833333333333336,False
away,-2.5,-105,fanduel,0.0463207220615649,0.5359203698364113,0.0,A,3,"['+1 edge +4.6%', '+1 line moved our way', '+1 right side of 3/7']",1,1.22,True,-3.092807016737095,2020-09-11 14:10:00+00:00,2020_01_TEN_DEN,2020,1,0.5,loss,-1.22,-1.0,0.04081691425355016,84.0,True
away,9.0,-110,williamhill_us,0.07933047078778421,0.5597258859518845,0.010762870334186535,B,1,"['+2 edge +7.9%', '-1 line moved against us']",1,2.0,True,7.696677903502742,2020-09-17 14:10:00+00:00,2020_02_CAR_TB,2020,2,1.5,loss,-2.0,-1.0,0.09106919089234311,74.83333333333333,False
away,4.0,-110,draftkings,0.06823504440456563,0.542210203969381,0.03310647319029287,C+,0,"['+2 edge +6.8%', '-1 line moved against us', '-1 QB change']",1,1.94,True,2.919851141789031,2020-09-17 14:10:00+00:00,2020_02_NE_SEA,2020,2,0.0,loss,-1.94,-1.0,0.005521944874393281,82.16666666666667,False
away,1.5,-115,fanduel,0.06163386568704832,0.5678506723442351,0.0,A,3,"['+2 edge +6.2%', '+1 line moved our way']",1,1.77,True,-1.2339586132599163,2020-09-17 14:10:00+00:00,2020_02_LA_PHI,2020,2,-0.5,win,1.5391304347826085,0.8695652173913042,-0.12218013699457642,74.83333333333333,False
away,6.0,-106,betrivers,0.04082965893270085,0.5170593570312606,0.035978455645533945,B,1,"['+1 edge +4.1%', '+1 line moved our way', '-1 QB change']",1,1.12,True,5.390152151301528,2020-09-17 14:10:00+00:00,2020_02_CIN_CLE,2020,2,0.0,win,1.0566037735849059,0.9433962264150944,0.004207613224693985,10.166666666666666,False
away,8.0,-110,draftkings,0.03062845827206262,0.525370622643609,0.027648178679718114,B+,2,"['+1 edge +3.1%', '+1 line moved our way']",1,0.87,True,7.910213173575523,2020-09-17 23:05:00+00:00,2020_02_JAX_TEN,2020,2,1.0,win,0.790909090909091,0.9090909090909092,0.0849868035674568,65.91666666666667,False
away,5.0,-110,betrivers,0.06727801483400286,0.5500503797962091,0.017181835223058214,B,1,"['+2 edge +6.7%', '-1 line moved against us']",1,1.88,True,3.7535588148198986,2020-09-24 14:10:00+00:00,2020_03_DAL_SEA,2020,3,-0.5,loss,-1.88,-1.0,-0.03505826631601028,78.25,False
away,3.0,100,fanduel,0.06712327419595354,0.4972407241808019,0.07264182583434968,A,3,"['+2 edge +6.7%', '+1 right side of 3/7']",1,1.81,True,2.0028206764625955,2020-09-24 14:10:00+00:00,2020_03_CHI_ATL,2020,3,0.5,win,1.81,1.0,0.03702401477959416,74.83333333333333,False
away,3.5,-110,fanduel,0.04483991314809166,0.5472970973632861,0.0,A,3,"['+1 edge +4.5%', '+1 line moved our way', '+1 right side of 3/7']",1,1.23,True,2.7520417230558296,2020-09-24 14:10:00+00:00,2020_03_GB_NO,2020,3,0.0,win,1.1181818181818182,0.9090909090909092,0.0014363277161506538,82.16666666666667,False
away,7.5,-115,fanduel,0.03818250550260682,0.5553069215479061,0.0,B,1,"['+1 edge +3.8%', '+1 right side of 3/7', '-1 QB change']",1,1.1,True,6.9545589972494986,2020-09-24 14:10:00+00:00,2020_03_WAS_CLE,2020,3,0.0,loss,-1.1,-1.0,0.006311177580523353,74.83333333333333,False
home,6.0,-106,betrivers,0.04664771751312102,0.5200609539196014,0.035963222159933285,B,1,['+1 edge +4.7%'],1,1.28,True,-5.292960905586234,2020-09-27 14:10:00+00:00,2020_03_TB_DEN,2020,3,0.0,loss,-1.28,-1.0,0.004207613224694429,6.25,False
away,4.5,-110,fanduel,0.09511801471730763,0.573633245804304,0.0,B,1,"['+2 edge +9.5%', '-1 line moved against us']",1,2.0,True,2.9757286714659106,2020-10-01 14:10:00+00:00,2020_04_MIN_HOU,2020,4,1.0,win,1.8181818181818183,0.9090909090909092,0.06482682836251019,74.83333333333333,False
away,-13.0,-110,fanduel,0.0775281981257614,0.5496937043130274,0.028112944437254275,C+,0,"['+2 edge +7.8%', '-1 line moved against us', '-1 QB change']",1,2.0,True,-14.760289110435485,2020-10-01 14:10:00+00:00,2020_04_BAL_WAS,2020,4,1.5,win,1.8181818181818183,0.9090909090909092,0.06158672636070128,74.83333333333333,True
away,3.0,-110,fanduel,0.0472437094698448,0.5106330570475947,0.07239878237898223,B+,2,"['+1 edge +4.7%', '+1 right side of 3/7']",1,1.4,True,1.5628128154018128,2020-10-01 14:10:00+00:00,2020_04_JAX_CIN,2020,4,2.0,loss,-1.4,-1.0,0.07946112709221209,74.83333333333333,False
home,3.5,-110,betrivers,0.043568436509406006,0.5466310857906412,0.0,A,3,"['+1 edge +4.4%', '+1 line moved our way', '+1 right side of 3/7']",1,1.2,True,-2.7740297130949076,2020-10-01 14:10:00+00:00,2020_04_ARI_CAR,2020,4,0.5,win,1.090909090909091,0.9090909090909092,0.03048431657739159,74.83333333333333,False
away,-1.0,100,betrivers,0.03371299969967456,0.5030447525797977,0.02762349454007909,C+,0,"['+1 edge +3.4%', '-1 QB change']",1,0.87,True,-1.1007260913761252,2020-10-01 23:05:00+00:00,2020_04_DEN_NYJ,2020,4,-2.0,win,0.87,1.0,-0.094325070780092,1.25,True
home,4.5,-110,fanduel,0.06695127229701714,0.5588792378698662,0.0,A,3,"['+2 edge +6.7%', '+1 line moved our way']",1,1.84,True,-3.4633617941126165,2020-10-07 14:10:00+00:00,2020_05_TB_CHI,2020,5,1.0,win,1.6727272727272728,0.9090909090909092,0.06482682836251019,34.166666666666664,False
away,6.0,-105,williamhill_us,0.0847224940086313,0.5372345896132061,0.035835914287609814,A,3,"['+2 edge +8.5%', '+1 line moved our way']",1,2.0,True,4.73547959196743,2020-10-08 14:10:00+00:00,2020_05_JAX_HOU,2020,5,-0.5,loss,-2.0,-1.0,-0.021590405788758926,74.83333333333333,False
away,7.0,-110,betrivers,0.05670579254741348,0.526977050155363,0.0506586967962659,A,3,"['+2 edge +5.7%', '+1 right side of 3/7']",1,1.64,True,6.233543953191463,2020-10-08 14:10:00+00:00,2020_05_MIN_SEA,2020,5,0.5,win,1.490909090909091,0.9090909090909092,0.040960293376271384,82.16666666666667,False
away,-1.5,-105,fanduel,0.05369841883424464,0.5396991901346131,0.0,C+,0,"['+2 edge +5.4%', '-1 line moved against us', '-1 QB change']",1,1.41,True,-2.303386240766436,2020-10-08 14:10:00+00:00,2020_05_IND_CLE,2020,5,-2.5,loss,-1.41,-1.0,-0.14252662721684428,78.25,True
away,2.5,-103,betrivers,0.03680365395210572,0.5260629377195413,0.0,B,1,"['+1 edge +3.7%', '+1 line moved our way', '-1 wrong side of 3/7']",1,0.95,True,1.055108130290901,2020-10-11 15:45:00+00:00,2020_05_CAR_ATL,2020,5,0.0,win,0.9223300970873786,0.970873786407767,-0.04983258099119514,1.25,False
home,3.5,-110,fanduel,0.05341409769018646,0.5517883368853358,0.0,B,1,"['+2 edge +5.3%', '-1 line moved against us', '+1 right side of 3/7', '-1 QB change']",1,1.47,True,-2.60362299750371,2020-10-15 14:10:00+00:00,2020_06_DET_JAX,2020,6,0.5,loss,-1.47,-1.0,0.03048431657739159,74.83333333333333,False
away,-0.0,-110,williamhill_us,0.032184060565914496,0.5375720347848195,0.005910175976713614,B+,2,"['+1 edge +3.2%', '+1 line moved our way']",1,0.89,True,-1.3272066003537086,2020-10-15 14:10:00+00:00,2020_06_GB_TB,2020,6,3.0,loss,-0.89,-1.0,0.12854576578900567,78.25,False
away,4.0,-105,fanduel,0.03419075779093417,0.512685995972997,0.03323238470079715,C+,0,"['+1 edge +3.4%', '-1 line moved against us']",1,0.93,True,3.8890141684035457,2020-10-16 21:40:00+00:00,2020_06_ATL_MIN,2020,6,0.5,win,0.8857142857142857,0.9523809523809523,0.05734918242470055,43.333333333333336,False
away,-2.5,-105,fanduel,0.031406926502638655,0.5282815965013515,0.0,B,1,"['+1 edge +3.1%', '-1 line moved against us', '+1 right side of 3/7']",1,0.82,True,-2.8414197790303066,2020-10-18 15:45:00+00:00,2020_06_LA_SF,2020,6,-0.5,loss,-0.82,-1.0,-0.0185900336082373,8.583333333333334,True
away,8.5,-103,betrivers,0.038004776516648464,0.5266723742916984,0.0,C,-1,"['+1 edge +3.8%', '-1 line moved against us', '-1 QB change']",1,0.98,True,8.743605795878723,2020-10-18 18:50:00+00:00,2020_06_NYJ_MIA,2020,6,-1.0,loss,-0.98,-1.0,-0.009441737184394117,1.25,False
away,7.5,-114,betrivers,0.0868117939184534,0.5789558154518863,0.0,A,3,"['+2 edge +8.7%', '+1 right side of 3/7']",1,2.0,True,6.190636721236559,2020-10-22 14:10:00+00:00,2020_07_CAR_NO,2020,7,0.5,win,1.7543859649122808,0.8771929824561404,0.039760819282608884,74.83333333333333,False
away,4.5,-108,betrivers,0.03278912683980795,0.536255892782208,0.0,B+,2,"['+1 edge +3.3%', '+1 line moved our way']",1,0.89,True,4.204979347015263,2020-10-22 14:10:00+00:00,2020_07_NYG_PHI,2020,7,-0.5,win,0.8240740740740742,0.925925925925926,-0.01426198134469614,10.166666666666666,False
home,4.5,-110,fanduel,0.037763175128979976,0.5435902345913705,0.0,C+,0,"['+1 edge +3.8%', '-1 line moved against us']",1,1.04,True,-3.96524249366031,2020-10-23 14:10:00+00:00,2020_07_TB_LV,2020,7,1.0,loss,-1.04,-1.0,0.06482682836251019,53.916666666666664,False
home,3.0,105,williamhill_us,0.0349660267271632,0.469312191421771,0.07287603431253283,B,1,"['+1 edge +3.5%', '+1 right side of 3/7', '-1 QB change']",1,0.9,True,-2.920575533463062,2020-10-23 14:10:00+00:00,2020_07_SEA_ARI,2020,7,-0.5,win,0.9449999999999998,1.0499999999999998,-0.0011222331874068958,58.166666666666664,False
away,-3.0,100,fanduel,0.05457035839386504,0.49094905612957007,0.07267224613472488,A,3,"['+2 edge +5.5%', '+1 right side of 3/7']",1,1.47,True,-4.0079264883843555,2020-10-25 15:45:00+00:00,2020_07_GB_HOU,2020,7,-0.5,win,1.47,1.0,-0.03702401477959394,1.25,True
home,4.5,200,betmgm,0.03846294580455112,0.34615431526818374,0.0,B,1,"['+1 edge +3.8%', '+1 line moved our way', '-1 QB change']",1,0.48,True,-10.460512124962241,2020-10-25 15:45:00+00:00,2020_07_BUF_NYJ,2020,7,-5.0,loss,-0.48,-1.0,0.12301899533595151,1.25,False
away,2.5,102,betrivers,0.032918621939943105,0.5113458524455163,0.0,C,-1,"['+1 edge +3.3%', '-1 wrong side of 3/7', '-1 QB change']",1,0.81,True,1.539381531690327,2020-10-27 14:10:00+00:00,2020_08_ATL_CAR,2020,8,1.0,win,0.8262,1.02,0.035338366907569085,58.166666666666664,False
home,-19.5,-106,betrivers,0.11968591122396655,0.5761490611152449,0.0,B+,2,['+2 edge +12.0%'],1,2.0,True,20.863785007732325,2020-10-29 14:10:00+00:00,2020_08_NYJ_KC,2020,8,0.5,win,1.8867924528301887,0.9433962264150944,0.06678068604615306,75.83333333333333,True
away,4.0,-110,betrivers,0.08031250304820481,0.548563718532111,0.03305449494144732,B+,2,"['+2 edge +8.0%', '+1 line moved our way', '-1 QB change']",1,2.0,True,2.710210108542427,2020-10-29 14:10:00+00:00,2020_08_NE_BUF,2020,8,0.0,win,1.8181818181818183,0.9090909090909092,0.005521944874393281,75.83333333333333,False
away,4.0,-139,betmgm,0.07364807097896442,0.6057044445676012,0.03218503319726171,B+,2,['+2 edge +7.4%'],1,2.0,True,0.7957714427145732,2020-10-29 14:10:00+00:00,2020_08_SF_SEA,2020,8,3.0,loss,-2.0,-1.0,0.06345246310785413,79.25,False
away,4.0,-110,williamhill_us,0.03595523204712747,0.5252516984670627,0.033201989519098765,B,1,"['+1 edge +3.6%', '+1 line moved our way', '-1 QB change']",1,1.02,True,3.4773748681667893,2020-10-29 23:05:00+00:00,2020_08_PIT_BAL,2020,8,0.0,win,0.9272727272727274,0.9090909090909092,0.005521944874393281,66.91666666666667,False
away,4.5,-110,williamhill_us,0.0482689349481471,0.5490932516395056,0.0,C+,0,"['+1 edge +4.8%', '-1 line moved against us']",1,1.33,True,3.7849548076159714,2020-11-05 14:10:00+00:00,2020_09_NO_TB,2020,9,1.5,win,1.2090909090909092,0.9090909090909092,0.09372110829532865,83.16666666666667,False
home,14.0,-110,williamhill_us,0.03201190693181433,0.518949512871282,0.04129010963209415,C,-1,"['+1 edge +3.2%', '-1 model 7 pts from market', '-1 QB change']",1,0.92,True,-12.639593131118195,2020-11-05 14:10:00+00:00,2020_09_PIT_DAL,2020,9,0.0,win,0.8363636363636364,0.9090909090909092,-0.051952816241060074,79.25,False
home,-10.5,100,williamhill_us,0.03840766473325119,0.5192038323666256,0.0,B+,2,"['+1 edge +3.8%', '+1 line moved our way']",1,0.96,True,11.86365118347563,2020-11-06 14:10:00+00:00,2020_09_CAR_KC,2020,9,-0.5,loss,-0.96,-1.0,-0.08153365072782426,51.833333333333336,True
home,-10.5,165,betmgm,0.0300533681101387,0.38869938419250516,0.0,C+,0,"['+1 edge +3.0%', '-1 QB change']",1,0.46,True,7.755692785572709,2020-11-06 14:10:00+00:00,2020_09_CHI_TEN,2020,9,-4.0,loss,-0.46,-1.0,-0.07034221389123185,51.833333333333336,True
away,4.5,-108,fanduel,0.055797227624173606,0.5482024066510132,0.0,B,1,"['+2 edge +5.6%', '-1 line moved against us']",1,1.51,True,3.814165930261975,2020-11-12 14:10:00+00:00,2020_10_DEN_LV,2020,10,1.0,loss,-1.51,-1.0,0.07421683566729431,78.91666666666667,False
away,14.5,-189,betmgm,0.03944494200003801,0.6797754118962186,0.0,B,1,['+1 edge +3.9%'],1,1.86,True,8.745991798943884,2020-11-12 14:10:00+00:00,2020_10_SF_NO,2020,10,5.0,win,0.9841269841269841,0.5291005291005291,0.005655498887184418,79.25,False
home,-13.0,-110,betrivers,0.060666590069097026,0.5408170711772613,0.02819763600341639,B+,2,['+2 edge +6.1%'],1,1.72,True,14.484999753073966,2020-11-13 14:10:00+00:00,2020_10_JAX_GB,2020,10,0.5,loss,-1.72,-1.0,-1.0774475552199902e-05,51.833333333333336,True
away,-2.5,-114,betrivers,0.0302242358785616,0.5488110415427851,0.0,A,3,"['+1 edge +3.0%', '+1 line moved our way', '+1 right side of 3/7']",1,0.86,True,-3.5178450513536417,2020-11-14 14:10:00+00:00,2020_10_MIN_CHI,2020,10,1.0,win,0.7543859649122807,0.8771929824561404,0.02920970338068396,59.083333333333336,True
away,3.5,-108,betrivers,0.08015353603409614,0.5608489514023192,0.0,B+,2,"['+2 edge +8.0%', '+1 right side of 3/7', '-1 QB change']",1,2.0,True,2.30338448906006,2020-11-15 14:10:00+00:00,2020_10_WAS_DET,2020,10,1.0,win,1.851851851851852,0.925925925925926,0.06873358945488728,3.8333333333333335,False
away,3.5,-114,betrivers,0.07614317283288963,0.5732725313221936,0.0,A,3,"['+2 edge +7.6%', '+1 line moved our way', '+1 right side of 3/7', '-1 QB change']",1,2.0,True,1.8896830268905624,2020-11-17 14:10:00+00:00,2020_11_ARI_SEA,2020,11,0.5,loss,-2.0,-1.0,0.013266533510100098,59.166666666666664,False
away,5.0,-110,draftkings,0.07729907774771938,0.5553126410096612,0.017156763092911708,B+,2,"['+2 edge +7.7%', '+1 line moved our way', '-1 QB change']",1,2.0,True,3.580725123609037,2020-11-19 14:10:00+00:00,2020_11_ATL_NO,2020,11,1.5,loss,-2.0,-1.0,0.08197082670592803,75.83333333333333,False
away,3.0,105,williamhill_us,0.053903553699047535,0.4785678498040482,0.07283946160074883,A+,4,"['+2 edge +5.4%', '+1 line moved our way', '+1 right side of 3/7']",1,1.38,True,2.6162243989909557,2020-11-19 14:10:00+00:00,2020_11_PHI_CLE,2020,11,0.5,loss,-1.38,-1.0,0.061129247330802716,75.83333333333333,False
away,7.0,-104,draftkings,0.044661132343287946,0.5066958057445169,0.050757821075196954,B,1,"['+1 edge +4.5%', '+1 right side of 3/7', '-1 QB change']",1,1.22,True,6.885595511931301,2020-11-19 14:10:00+00:00,2020_11_DAL_MIN,2020,11,0.0,win,1.1730769230769231,0.9615384615384617,0.03766991495201988,79.25,False
home,-11.0,195,betmgm,0.03702377341258756,0.34506785311602806,0.019073606720304878,B,1,['+1 edge +3.7%'],1,0.48,True,6.947119490866804,2020-11-19 14:10:00+00:00,2020_11_TEN_BAL,2020,11,-5.0,loss,-0.48,-1.0,-0.044587683650616716,75.83333333333333,True
away,6.5,-103,betrivers,0.04744440437983166,0.5314619391680919,0.0,C+,0,"['+1 edge +4.7%', '-1 wrong side of 3/7']",1,1.22,True,6.0889265626847795,2020-11-26 14:10:00+00:00,2020_12_SF_LA,2020,12,1.5,win,1.1844660194174756,0.970873786407767,0.11354505869717979,78.91666666666667,False
away,4.5,-115,betmgm,0.03757048368411442,0.5549795610403403,0.0,B,1,"['+1 edge +3.8%', '+1 line moved our way', '-1 QB change']",1,1.08,True,3.59167615139651,2020-11-26 14:10:00+00:00,2020_12_CAR_MIN,2020,12,1.5,win,0.9391304347826086,0.8695652173913042,0.07107677893103603,75.83333333333333,False
away,-3.0,-115,williamhill_us,0.04498009066403763,0.5203999186454608,0.07205850363121977,A,3,"['+1 edge +4.5%', '+1 line moved our way', '+1 right side of 3/7']",1,1.39,True,-4.970021656563722,2020-11-26 20:15:00+00:00,2020_12_KC_TB,2020,12,0.5,push,0.0,0.0,-0.038304963345612064,73.16666666666667,True
home,3.0,100,williamhill_us,0.04686893102594758,0.48704938696373645,0.07277015709847473,B+,2,"['+1 edge +4.7%', '+1 right side of 3/7']",1,1.26,True,-2.3375543831272187,2020-11-28 14:10:00+00:00,2020_12_LV_ATL,2020,12,-0.5,win,1.26,1.0,-0.023708703704837242,27.833333333333332,False
away,-7.5,102,betrivers,0.05071365658870097,0.5201552755389609,0.0,B,1,"['+2 edge +5.1%', '+1 line moved our way', '-1 wrong side of 3/7', '-1 QB change']",1,1.24,True,-9.351108961062083,2020-11-29 16:45:00+00:00,2020_12_MIA_NYJ,2020,12,0.0,win,1.2648,1.02,-0.06728412349746793,1.25,True
home,6.5,-110,draftkings,0.04990010952911428,0.5499476764200122,0.0,C,-1,"['+1 edge +5.0%', '-1 line moved against us', '-1 wrong side of 3/7']",1,1.37,True,-5.4905874954021625,2020-11-29 16:45:00+00:00,2020_12_SEA_PHI,2020,12,0.0,win,1.2454545454545456,0.9090909090909092,-0.00975494962961565,32.5,False
home,-14.0,100,williamhill_us,0.07230300730571848,0.5154887864495165,0.041325434406685485,A,3,"['+2 edge +7.2%', '+1 line moved our way']",1,1.89,True,14.981644194831295,2020-12-03 14:10:00+00:00,2020_13_DEN_KC,2020,13,-1.0,loss,-1.89,-1.0,-0.05594298132765818,83.16666666666667,True
home,8.5,-110,betmgm,0.04140826610270443,0.5454995679585595,0.0,C+,0,"['+1 edge +4.1%', '-1 line moved against us']",1,1.14,True,-8.148869344317049,2020-12-03 14:10:00+00:00,2020_13_LV_NYJ,2020,13,1.0,win,1.0363636363636364,0.9090909090909092,0.08032499728648279,75.83333333333333,False
home,3.5,-110,draftkings,0.030815811064621945,0.5399511391290877,0.0,B,1,"['+1 edge +3.1%', '+1 right side of 3/7', '-1 QB change']",1,0.85,True,-2.994281291116628,2020-12-04 21:40:00+00:00,2020_13_IND_HOU,2020,13,0.0,loss,-0.85,-1.0,0.0014363277161508758,44.333333333333336,False
away,3.0,100,williamhill_us,0.1110508804815209,0.5194287449565853,0.07219339056835032,A,3,"['+2 edge +11.1%', '+1 line moved our way', '+1 right side of 3/7', '-1 QB change']",1,2.0,True,1.2735401587512594,2020-12-10 14:10:00+00:00,2020_14_WAS_SF,2020,14,0.0,win,2.0,1.0,0.006676152834596882,79.25,False
away,6.5,-105,betmgm,0.03161415638988663,0.5283877386387225,0.0,C+,0,"['+1 edge +3.2%', '-1 wrong side of 3/7']",1,0.83,True,6.188075462043344,2020-12-10 14:10:00+00:00,2020_14_MIN_TB,2020,14,-0.5,loss,-0.83,-1.0,-0.0176989953180704,75.83333333333333,False
away,-2.0,-106,fanduel,0.037640473469676916,0.5196412497520734,0.027771629611873926,B+,2,"['+1 edge +3.8%', '+1 line moved our way']",1,1.03,True,-2.557368748521066,2020-12-11 00:05:00+00:00,2020_14_ATL_LAC,2020,14,-3.0,loss,-1.03,-1.0,-0.17197773993366283,69.33333333333333,True
away,4.5,-106,betrivers,0.037465894782389375,0.5338416740142392,0.0,B+,2,"['+1 edge +3.7%', '+1 line moved our way']",1,0.99,True,4.283768000908891,2020-12-11 00:05:00+00:00,2020_14_NE_LA,2020,14,-0.5,loss,-0.99,-1.0,-0.005320235892452896,1.25,False
away,-1.5,-110,betmgm,0.1091300195582221,0.5809728673876401,0.0,B+,2,"['+2 edge +10.9%', '+1 line moved our way', '-1 QB change']",1,2.0,True,-3.669585661543141,2020-12-11 14:10:00+00:00,2020_14_BAL_CLE,2020,14,1.5,win,1.8181818181818183,0.9090909090909092,0.07065102788684707,83.08333333333333,True
home,-1.5,-110,betmgm,0.040802427688926945,0.5451822240275331,0.0,B,1,"['+1 edge +4.1%', '+1 line moved our way', '-1 QB change']",1,1.12,True,2.4838729754465314,2020-12-13 14:10:00+00:00,2020_14_PIT_BUF,2020,14,0.5,win,1.0181818181818183,0.9090909090909092,0.012712486613911889,11.166666666666666,True
away,3.5,-110,fanduel,0.03919490884100352,0.5443401903452876,0.0,B+,2,"['+1 edge +3.9%', '+1 right side of 3/7']",1,1.08,True,2.849622222313285,2020-12-15 14:10:00+00:00,2020_15_LAC_LV,2020,15,0.0,win,0.9818181818181819,0.9090909090909092,0.0014363277161506538,59.166666666666664,False
away,3.0,105,williamhill_us,0.05961569763080021,0.4813635643188121,0.07282039077723536,A+,4,"['+2 edge +6.0%', '+1 line moved our way', '+1 right side of 3/7']",1,1.53,True,2.5243505480883304,2020-12-17 14:10:00+00:00,2020_15_CHI_MIN,2020,15,0.5,win,1.6064999999999998,1.0499999999999998,0.061129247330802716,75.83333333333333,False
home,-12.5,-110,betmgm,0.051771452233605686,0.5509279035509362,0.0,B,1,"['+2 edge +5.2%', '-1 line moved against us']",1,1.42,True,13.921686698346544,2020-12-17 14:10:00+00:00,2020_15_JAX_BAL,2020,15,0.5,win,1.290909090909091,0.9090909090909092,-0.005087072324515107,75.83333333333333,True
home,-17.5,-108,draftkings,0.04157907112909154,0.5408199023170283,0.0,B+,2,"['+1 edge +4.2%', '+1 line moved our way']",1,1.12,True,18.224691655871574,2020-12-17 14:10:00+00:00,2020_15_NYJ_LA,2020,15,0.0,loss,-1.12,-1.0,-0.003292012633607344,78.91666666666667,True
away,7.5,-115,betmgm,0.03868774045356349,0.5555771634984177,0.0,B,1,"['+1 edge +3.9%', '+1 right side of 3/7', '-1 QB change']",1,1.11,True,6.945881147482368,2020-12-17 14:10:00+00:00,2020_15_HOU_IND,2020,15,0.0,win,0.9652173913043478,0.8695652173913042,0.006311177580523353,75.83333333333333,False
home,3.0,100,williamhill_us,0.03833757532576465,0.4827640670798587,0.07280944116604729,B+,2,"['+1 edge +3.8%', '+1 line moved our way', '+1 right side of 3/7', '-1 QB change']",1,1.03,True,-2.478334024949861,2020-12-17 14:10:00+00:00,2020_15_KC_NO,2020,15,0.5,push,0.0,0.0,0.03702401477959416,79.25,False
away,8.0,-105,betmgm,0.049997165226069784,0.5236417006786879,0.027649082948631457,B,1,"['+1 edge +5.0%', '+1 line moved our way', '-1 QB change']",1,1.35,True,7.965125249516934,2020-12-24 14:10:00+00:00,2020_16_CIN_HOU,2020,16,0.5,win,1.2857142857142858,0.9523809523809523,0.07851258627192337,75.83333333333333,False
away,3.0,100,williamhill_us,0.04917325711650511,0.4882076057151792,0.07275804568614665,B,1,"['+1 edge +4.9%', '-1 line moved against us', '+1 right side of 3/7']",1,1.33,True,2.299509783756446,2020-12-24 14:10:00+00:00,2020_16_DEN_LAC,2020,16,0.5,push,0.0,0.0,0.03702401477959416,78.91666666666667,False
away,-3.0,100,fanduel,0.04752193372163127,0.4874015246750039,0.0727188843716234,A,3,"['+1 edge +4.8%', '+1 line moved our way', '+1 right side of 3/7']",1,1.28,True,-3.8918779612255774,2020-12-25 14:10:00+00:00,2020_16_MIA_LV,2020,16,-1.0,loss,-1.28,-1.0,-0.06729374126845522,35.083333333333336,True
away,3.0,100,fanduel,0.03429949672666277,0.48073725535433853,0.07282498601798576,B+,2,"['+1 edge +3.4%', '+1 line moved our way', '+1 right side of 3/7', '-1 QB change']",1,0.92,True,2.544930769048198,2020-12-26 16:45:00+00:00,2020_16_TEN_GB,2020,16,0.0,loss,-0.92,-1.0,0.006676152834596882,32.583333333333336,False
away,-6.0,-105,williamhill_us,0.1930509806010301,0.5935415755434765,0.03423171406376643,B,1,"['+2 edge +19.3%', '-1 model 10 pts from market', '+1 line moved our way', '-1 QB change']",1,2.0,True,-10.113125911482792,2020-12-31 14:10:00+00:00,2020_17_SEA_SF,2020,17,1.0,loss,-2.0,-1.0,0.0060070188015466375,79.25,True
home,-1.5,-110,betmgm,0.13946226731852485,0.5968611876430368,0.0,B,1,"['+2 edge +13.9%', '-1 model 10 pts from market', '+1 line moved our way', '-1 QB change']",1,2.0,True,4.201823211896694,2020-12-31 14:10:00+00:00,2020_17_MIA_BUF,2020,17,-5.0,win,1.8181818181818183,0.9090909090909092,-0.3026037521159287,75.83333333333333,True
away,-2.0,-108,betrivers,0.08771017442556928,0.5504442237024963,0.027595373220761405,A,3,"['+2 edge +8.8%', '+1 line moved our way']",1,2.0,True,-3.5717857289494783,2020-12-31 14:10:00+00:00,2020_17_LV_DEN,2020,17,0.5,loss,-2.0,-1.0,0.0252045309230553,79.25,True
away,-13.0,-105,williamhill_us,0.08017486706628252,0.5388087524742289,0.028214921759454652,A,3,"['+2 edge +8.0%', '+1 line moved our way']",1,2.0,True,-14.42280336260889,2020-12-31 14:10:00+00:00,2020_17_BAL_CIN,2020,17,0.5,win,1.9047619047619047,0.9523809523809523,0.0220209437898764,75.83333333333333,True
away,10.0,-106,betrivers,0.04328467635060207,0.5145581182693411,0.04329437103471269,C+,0,"['+1 edge +4.3%', '-1 QB change']",1,1.2,True,9.464094273873277,2021-01-17 14:10:00+00:00,2020_19_CLE_KC,2020,19,2.5,win,1.1320754716981132,0.9433962264150944,0.1631155324598652,5.916666666666667,False
away,3.0,-104,betrivers,0.03219512016402448,0.4891299315212103,0.07274794679549645,B,1,"['+1 edge +3.2%', '+1 right side of 3/7', '-1 QB change']",1,0.9,True,2.269214730078442,2021-01-22 14:10:00+00:00,2020_20_BUF_KC,2020,20,0.0,loss,-0.9,-1.0,-0.011281487691365166,57.5,False
away,8.0,-110,draftkings,0.04584698786255159,0.5333479421055594,0.027637280206483632,C,-1,"['+1 edge +4.6%', '-1 line moved against us', '-1 QB change']",1,1.3,True,7.656509436158888,2021-09-07 14:10:00+00:00,2021_01_DAL_TB,2021,1,-2.0,win,1.1818181818181819,0.9090909090909092,-0.09578402842878697,58.166666666666664,False
away,3.0,104,fanduel,0.1366701407198243,0.5218329346888748,0.07213095395451967,B,1,"['+2 edge +13.7%', '-1 line moved against us', '+1 right side of 3/7', '-1 QB change']",1,2.0,True,1.1944099632991076,2021-09-09 14:10:00+00:00,2021_01_MIA_NE,2021,1,-0.5,win,2.08,1.04,-0.005639527290893009,78.25,False
home,1.0,-110,betmgm,0.061476203193015166,0.5417680340494345,0.027191774553185544,B+,2,"['+2 edge +6.1%', '+1 line moved our way', '-1 QB change']",1,1.74,True,1.2708573184284593,2021-09-09 14:10:00+00:00,2021_01_LAC_WAS,2021,1,3.5,loss,-1.74,-1.0,0.13186734315340698,74.83333333333333,False
away,7.5,-110,draftkings,0.036143076691977916,0.5427416116005599,0.0,B,1,"['+1 edge +3.6%', '-1 line moved against us', '+1 right side of 3/7']",1,0.99,True,7.3569430752925244,2021-09-09 14:10:00+00:00,2021_01_CHI_LA,2021,1,-2.0,loss,-0.99,-1.0,-0.09292641928734569,82.16666666666667,False
home,8.0,-109,betrivers,0.034017544448265324,0.5248527531882564,0.027648503931333168,C+,0,"['+1 edge +3.4%', '-1 QB change']",1,0.95,True,-7.926663708136858,2021-09-09 14:10:00+00:00,2021_01_SF_DET,2021,1,-1.5,push,0.0,0.0,-0.061498921760351766,74.83333333333333,False
away,3.5,-108,betrivers,0.08348271473799085,0.5625775634216491,0.0,B,1,"['+2 edge +8.3%', '-1 line moved against us', '+1 right side of 3/7', '-1 QB change']",1,2.0,True,2.245969653487577,2021-09-16 14:10:00+00:00,2021_02_DAL_LAC,2021,2,0.5,win,1.851851851851852,0.925925925925926,0.039571479862906545,78.25,False
away,-3.0,-120,williamhill_us,0.07473074214374309,0.5474109360212076,0.0711440261048624,A,3,"['+2 edge +7.5%', '+1 line moved our way', '+1 right side of 3/7', '-1 QB change']",1,2.0,True,-5.853363447179284,2021-09-16 14:10:00+00:00,2021_02_NO_CAR,2021,2,0.0,loss,-2.0,-1.0,-0.0833799029746658,74.83333333333333,True
away,3.5,-102,fanduel,0.04933367382126708,0.5298615580681646,0.0,B+,2,"['+1 edge +4.9%', '+1 right side of 3/7']",1,1.26,True,3.3260800626677733,2021-09-16 23:05:00+00:00,2021_02_NYG_WAS,2021,2,-0.5,win,1.2352941176470589,0.9803921568627452,0.008600474089680565,1.25,False
away,13.0,-110,williamhill_us,0.054468671586949347,0.537591584632741,0.028157464560807324,B,1,"['+2 edge +5.4%', '-1 QB change']",1,1.54,True,11.184607687933278,2021-09-17 14:10:00+00:00,2021_02_HOU_CLE,2021,2,-0.5,win,1.4000000000000001,0.9090909090909092,-0.08831736643180654,50.833333333333336,False
away,3.0,100,draftkings,0.09624208782825638,0.5119357198614478,0.07237064810536077,B+,2,"['+2 edge +9.6%', '+1 right side of 3/7', '-1 QB change']",1,2.0,True,1.5199898843007418,2021-09-23 14:10:00+00:00,2021_03_GB_SF,2021,3,-0.5,win,2.0,1.0,-0.023708703704837353,82.16666666666667,False
away,3.5,-110,draftkings,0.031149040508584358,0.5401256878854489,0.0,B+,2,"['+1 edge +3.1%', '+1 line moved our way', '+1 right side of 3/7', '-1 QB change']",1,0.86,True,2.988532330544423,2021-09-23 14:10:00+00:00,2021_03_CIN_PIT,2021,3,1.0,win,0.7818181818181819,0.9090909090909092,0.0593915126239879,74.83333333333333,False
away,7.5,-110,fanduel,0.03300212159113092,0.541096349404878,0.0,B+,2,"['+1 edge +3.3%', '+1 line moved our way', '+1 right side of 3/7', '-1 QB change']",1,0.91,True,7.409481791439209,2021-09-24 14:10:00+00:00,2021_03_CHI_CLE,2021,3,0.0,loss,-0.91,-1.0,0.027586255330640075,50.833333333333336,False
away,4.5,-105,fanduel,0.09022581257136264,0.5584083430243565,0.0,C+,0,"['+2 edge +9.0%', '-1 line moved against us', '-1 QB change']",1,2.0,True,3.4788678882659987,2021-09-26 15:45:00+00:00,2021_03_IND_TEN,2021,3,0.0,loss,-2.0,-1.0,0.029309368946813574,1.25,False
away,5.0,-110,betmgm,0.04839369190592269,0.540138307502733,0.017220559400705014,B,1,"['+1 edge +4.8%', '+1 line moved our way', '-1 QB change']",1,1.35,True,4.078149137807708,2021-09-30 14:10:00+00:00,2021_04_ARI_LA,2021,4,1.5,win,1.2272727272727275,0.9090909090909092,0.08197082670592803,77.91666666666667,False
away,-7.0,-110,williamhill_us,0.038225612548243415,0.5176491276717685,0.04998636881123076,C+,0,"['+1 edge +3.8%', '-1 line moved against us', '+1 right side of 3/7', '-1 QB change']",1,1.11,True,-9.271911532639896,2021-09-30 14:10:00+00:00,2021_04_TEN_NYJ,2021,4,-1.5,loss,-1.11,-1.0,-0.1860646101711123,74.83333333333333,True
home,-17.0,-110,williamhill_us,0.033334995787186905,0.524528764661723,0.0319618996148066,C+,0,"['+1 edge +3.3%', '-1 QB change']",1,0.95,True,17.717556025529802,2021-10-01 14:10:00+00:00,2021_04_HOU_BUF,2021,4,2.0,win,0.8636363636363636,0.9090909090909092,0.11124457988316161,50.833333333333336,True
away,-1.5,-110,williamhill_us,0.04795668354287752,0.5489296913796025,0.0,B,1,"['+1 edge +4.8%', '+1 line moved our way', '-1 QB change']",1,1.32,True,-2.6073691847190164,2021-10-05 14:10:00+00:00,2021_05_LA_SEA,2021,5,1.0,win,1.2000000000000002,0.9090909090909092,0.041737073471590724,58.166666666666664,True
away,9.5,-110,williamhill_us,0.04050283760711171,0.5450252958894395,0.0,C+,0,"['+1 edge +4.1%', '-1 line moved against us']",1,1.11,True,8.505844322809642,2021-10-07 14:10:00+00:00,2021_05_DET_MIN,2021,5,-0.5,win,1.0090909090909093,0.9090909090909092,-0.05035284279122265,74.83333333333333,False
away,-1.5,-110,betmgm,0.03823533173503457,0.5438375547183514,0.0,B,1,"['+1 edge +3.8%', '+1 line moved our way', '-1 QB change']",1,1.05,True,-2.439588556907042,2021-10-07 14:10:00+00:00,2021_05_NO_WAS,2021,5,1.0,win,0.9545454545454547,0.9090909090909092,0.041737073471590724,74.83333333333333,True
away,-3.0,-105,draftkings,0.03676497803441925,0.4938251796774049,0.07263010342615255,C+,0,"['+1 edge +3.7%', '-1 line moved against us', '+1 right side of 3/7', '-1 QB change']",1,1.04,True,-4.101970491852489,2021-10-07 14:10:00+00:00,2021_05_GB_CIN,2021,5,-1.0,push,0.0,0.0,-0.08777149656899685,74.83333333333333,True
home,-2.5,-120,williamhill_us,0.03524094292411828,0.5646768779586099,0.0,C+,0,"['+1 edge +3.5%', '-1 line moved against us', '+1 right side of 3/7', '-1 QB change']",1,1.06,True,4.042944137745396,2021-10-07 23:05:00+00:00,2021_05_NYJ_ATL,2021,5,0.5,win,0.8833333333333335,0.8333333333333335,-0.022647531737519988,62.416666666666664,True
away,3.0,-106,betrivers,0.03622170676379555,0.49581187795541226,0.07266277413346597,B,1,"['+1 edge +3.6%', '-1 line moved against us', '+1 right side of 3/7']",1,1.04,True,2.049750510802357,2021-10-10 19:10:00+00:00,2021_05_BUF_KC,2021,5,0.5,win,0.9811320754716981,0.9433962264150944,0.009735072268791889,5.166666666666667,False
away,-6.5,-105,draftkings,0.043407254378549975,0.5344281059012085,0.0,B+,2,"['+1 edge +4.3%', '+1 right side of 3/7']",1,1.14,True,-8.203662789709806,2021-10-13 14:10:00+00:00,2021_06_TB_PHI,2021,6,0.5,loss,-1.14,-1.0,-0.029920052300977273,34.166666666666664,True
away,3.0,100,draftkings,0.07736525927534044,0.5024035709672063,0.07255811734092778,B,1,"['+2 edge +7.7%', '-1 line moved against us', '+1 right side of 3/7', '-1 QB change']",1,2.0,True,1.8332337912848473,2021-10-14 14:10:00+00:00,2021_06_ARI_CLE,2021,6,0.0,win,2.0,1.0,0.006676152834596882,77.91666666666667,False
away,3.5,-110,draftkings,0.038223229756780164,0.5438312155868849,0.0,C+,0,"['+1 edge +3.8%', '-1 line moved against us', '+1 right side of 3/7', '-1 QB change']",1,1.05,True,2.866408560897027,2021-10-14 14:10:00+00:00,2021_06_LV_DEN,2021,6,-1.5,win,0.9545454545454547,0.9090909090909092,-0.08615215590333247,78.25,False
away,10.0,-110,draftkings,0.0505644861174126,0.5276606588760087,0.04321231917230517,B,1,"['+2 edge +5.1%', '-1 QB change']",1,1.45,True,9.052976650935284,2021-10-15 14:10:00+00:00,2021_06_HOU_IND,2021,6,-0.5,loss,-1.45,-1.0,-0.03759193180667786,50.833333333333336,False
away,5.5,-109,betrivers,0.04087787960539768,0.5428501860142982,0.0,C,-1,"['+1 edge +4.1%', '-1 line moved against us', '-1 QB change']",1,1.11,True,4.552559617850612,2021-10-15 21:40:00+00:00,2021_06_SEA_PIT,2021,6,0.0,win,1.0183486238532111,0.9174311926605505,-0.015083283296503436,50.666666666666664,False
away,-3.0,-105,williamhill_us,0.04404671208989597,0.497586064260482,0.07256915805752619,B+,2,"['+1 edge +4.4%', '+1 right side of 3/7']",1,1.25,True,-4.22489737139307,2021-10-17 12:15:00+00:00,2021_06_MIA_JAX,2021,6,-0.5,loss,-1.25,-1.0,-0.0582183307912405,1.25,True
home,-14.5,-105,draftkings,0.053335345512278476,0.5395132257501914,0.0,C+,0,"['+2 edge +5.3%', '-1 line moved against us', '-1 QB change']",1,1.4,True,15.723976750240814,2021-10-21 14:10:00+00:00,2021_07_DET_LA,2021,7,2.5,loss,-1.4,-1.0,0.1331843708087661,77.91666666666667,True
home,4.5,-106,fanduel,0.031523853444663574,0.5307841187627881,0.0,C+,0,"['+1 edge +3.2%', '-1 line moved against us']",1,0.84,True,-4.383470784872989,2021-10-21 23:05:00+00:00,2021_07_KC_TEN,2021,7,0.5,win,0.7924528301886792,0.9433962264150944,0.0543469220977284,65.91666666666667,False
home,-17.5,-109,betrivers,0.03969746349716119,0.5422345623023472,0.0,B,1,"['+1 edge +4.0%', '+1 line moved our way', '-1 QB change']",1,1.08,True,18.268840002815736,2021-10-22 14:10:00+00:00,2021_07_HOU_ARI,2021,7,3.0,win,0.9908256880733947,0.9174311926605505,0.17439962426215994,54.25,True
away,4.5,-110,betrivers,0.046172365103747115,0.547995048387677,0.0,C+,0,"['+1 edge +4.6%', '-1 QB change']",1,1.27,True,3.820963826968484,2021-10-22 21:40:00+00:00,2021_07_IND_SF,2021,7,1.0,win,1.1545454545454548,0.9090909090909092,0.06482682836251019,50.666666666666664,False
away,-4.0,-110,draftkings,0.03425940536763572,0.5245861189786878,0.032776814590140896,C,-1,"['+1 edge +3.4%', '-1 line moved against us', '-1 QB change']",1,0.97,True,-6.179870763004917,2021-10-23 14:10:00+00:00,2021_07_NO_SEA,2021,7,2.0,loss,-0.97,-1.0,0.0237313873670022,58.083333333333336,True
away,6.0,-115,betmgm,0.0927696198159349,0.5655289158177981,0.035476429373964606,A,3,"['+2 edge +9.3%', '+1 line moved our way']",1,2.0,True,3.809667813971304,2021-10-28 14:10:00+00:00,2021_08_NE_LAC,2021,8,2.5,win,1.7391304347826084,0.8695652173913042,0.11014837254982268,77.91666666666667,False
away,3.5,-114,fanduel,0.050315449196022266,0.5595138374221801,0.0,B,1,"['+2 edge +5.0%', '-1 line moved against us', '+1 right side of 3/7', '-1 QB change']",1,1.43,True,2.347698921195319,2021-10-28 23:05:00+00:00,2021_08_CAR_ATL,2021,8,1.0,win,1.2543859649122808,0.8771929824561404,0.04169073547070479,65.91666666666667,False
away,-14.0,-110,draftkings,0.08313040126960547,0.5459115323201522,0.04093565774931478,B,1,"['+2 edge +8.3%', '-1 QB change']",1,2.0,True,-15.922338864678016,2021-10-29 14:10:00+00:00,2021_08_LA_HOU,2021,8,3.0,win,1.8181818181818183,0.9090909090909092,0.14827306908224802,50.833333333333336,True
away,4.5,-109,betrivers,0.03541535676301222,0.5400013104649203,0.0,C+,0,"['+1 edge +3.5%', '-1 line moved against us']",1,0.97,True,4.082627303983755,2021-10-30 14:10:00+00:00,2021_08_PIT_CLE,2021,8,-1.0,win,0.8899082568807339,0.9174311926605505,-0.048178071181651516,26.833333333333332,False
away,10.5,-109,betrivers,0.1062511003296649,0.5769443537604473,0.0,B,1,"['+2 edge +10.6%', '-1 QB change']",1,2.0,True,8.860315485080468,2021-11-03 14:10:00+00:00,2021_09_NYJ_IND,2021,9,0.0,loss,-2.0,-1.0,0.0061461611336162125,34.166666666666664,False
away,-2.5,-114,betrivers,0.0369324593706537,0.5523845811600678,0.0,B+,2,"['+1 edge +3.7%', '+1 right side of 3/7']",1,1.05,True,-3.635902103663372,2021-11-04 14:10:00+00:00,2021_09_LV_NYG,2021,9,0.5,loss,-1.05,-1.0,0.000734106259190348,75.83333333333333,True
away,6.5,-110,betmgm,0.034746647055296176,0.542010148457536,0.0,C,-1,"['+1 edge +3.5%', '-1 wrong side of 3/7', '-1 QB change']",1,0.96,True,5.747995067320696,2021-11-05 21:40:00+00:00,2021_09_ATL_NO,2021,9,-0.5,win,0.8727272727272728,0.9090909090909092,-0.03947950539970957,44.333333333333336,False
away,7.5,-110,betmgm,0.04659309009418333,0.5482154281445722,0.0,B+,2,"['+1 edge +4.7%', '+1 line moved our way', '+1 right side of 3/7', '-1 QB change']",1,1.28,True,7.1819086749694785,2021-11-07 14:10:00+00:00,2021_09_TEN_LA,2021,9,0.5,win,1.1636363636363638,0.9090909090909092,0.05742880261791239,11.166666666666666,False
home,-3.0,100,williamhill_us,0.04410671371578778,0.48568368493007996,0.07273934385562777,B,1,"['+1 edge +4.4%', '+1 right side of 3/7', '-1 QB change']",1,1.19,True,3.8356606279910395,2021-11-11 14:10:00+00:00,2021_10_NO_TEN,2021,10,0.0,loss,-1.19,-1.0,-0.006676152834596993,75.83333333333333,True
home,8.5,-109,betrivers,0.045958518384726865,0.5454998971480154,0.0,C+,0,"['+1 edge +4.6%', '-1 line moved against us']",1,1.25,True,-8.148858911789103,2021-11-12 00:05:00+00:00,2021_10_BAL_MIA,2021,10,0.0,win,1.146788990825688,0.9174311926605505,0.024670915345128108,1.25,False
away,10.5,-108,betrivers,0.031120036589481925,0.5353892497676156,0.0,B,1,['+1 edge +3.1%'],1,0.84,True,10.167988697851715,2021-11-13 14:10:00+00:00,2021_10_JAX_IND,2021,10,0.0,win,0.7777777777777779,0.925925925925926,0.010603657860240423,27.833333333333332,False
away,-2.5,-115,betmgm,0.03501376609815643,0.5536120144245953,0.0,A,3,"['+1 edge +3.5%', '+1 line moved our way', '+1 right side of 3/7']",1,1.01,True,-3.6764785450308106,2021-11-14 14:10:00+00:00,2021_10_KC_LV,2021,10,0.0,win,0.8782608695652173,0.8695652173913042,-0.03176086930606037,11.166666666666666,True
away,-1.0,-110,draftkings,0.13497729011407866,0.5803425612702029,0.027050582234600308,B,1,"['+2 edge +13.5%', '-1 line moved against us']",1,2.0,True,-3.648559030675621,2021-11-18 14:10:00+00:00,2021_11_GB_MIN,2021,11,0.0,loss,-2.0,-1.0,-0.017886044851260663,75.83333333333333,True
home,-12.5,-112,betrivers,0.0643756938198059,0.5623116873010295,0.0,B+,2,"['+2 edge +6.4%', '+1 line moved our way', '-1 QB change']",1,1.8,True,14.27580542861565,2021-11-21 16:45:00+00:00,2021_11_DET_CLE,2021,11,0.5,loss,-1.8,-1.0,-0.013547216267333906,1.25,True
away,5.0,-110,draftkings,0.05263054776310416,0.5423616577856372,0.01721283744506941,B,1,"['+2 edge +5.3%', '-1 QB change']",1,1.47,True,4.005442772434024,2021-11-25 14:10:00+00:00,2021_12_PIT_CIN,2021,12,1.5,loss,-1.47,-1.0,0.08197082670592803,75.83333333333333,False
away,4.0,-109,betrivers,0.031106512137839326,0.5204300468373111,0.03321770673418788,B+,2,"['+1 edge +3.1%', '+1 line moved our way']",1,0.88,True,3.6354478055771384,2021-11-25 14:10:00+00:00,2021_12_CLE_BAL,2021,12,1.0,loss,-0.88,-1.0,0.0681102477419091,83.16666666666667,False
away,7.0,-115,draftkings,0.030935181755200603,0.5243229406895752,0.05067924916164701,B,1,"['+1 edge +3.1%', '-1 line moved against us', '+1 right side of 3/7']",1,0.94,True,6.319042957579956,2021-11-25 14:10:00+00:00,2021_12_TEN_NE,2021,12,-0.5,loss,-0.94,-1.0,-0.03780127868785155,75.83333333333333,False
away,-3.0,100,williamhill_us,0.09002505090869439,0.5088388063768918,0.07234743815491065,B,1,"['+2 edge +9.0%', '-1 line moved against us', '+1 right side of 3/7', '-1 QB change']",1,2.0,True,-4.592479957255729,2021-11-25 16:15:00+00:00,2021_12_CHI_DET,2021,12,-1.0,loss,-2.0,-1.0,-0.06729374126845522,1.25,True
away,-3.0,-110,draftkings,0.03835749005095268,0.5059727582769302,0.07240949697681313,B+,2,"['+1 edge +3.8%', '+1 right side of 3/7']",1,1.14,True,-4.498879282473464,2021-11-25 16:15:00+00:00,2021_12_PHI_NYG,2021,12,1.0,loss,-1.14,-1.0,0.009479303746523948,73.75,True
away,-1.5,-110,draftkings,0.030096013202091987,0.5395741021534768,0.0,B+,2,"['+1 edge +3.0%', '+1 line moved our way']",1,0.83,True,-2.299271294080753,2021-11-25 20:15:00+00:00,2021_12_ATL_JAX,2021,12,0.0,win,0.7545454545454546,0.9090909090909092,-0.016383155033360075,69.75,True
away,-10.0,-110,draftkings,0.04340758331433525,0.5241393542332462,0.04277790705086508,B+,2,"['+1 edge +4.3%', '+1 line moved our way']",1,1.25,True,-12.01672368258595,2021-12-03 14:10:00+00:00,2021_13_TB_ATL,2021,13,1.0,win,1.1363636363636365,0.9090909090909092,-0.018767708853570264,51.833333333333336,True
away,8.5,-109,betrivers,0.035909044697312265,0.5402587840765887,0.0,B,1,"['+1 edge +3.6%', '+1 line moved our way', '-1 QB change']",1,0.98,True,8.314795568370133,2021-12-05 16:45:00+00:00,2021_13_DEN_KC,2021,13,0.0,loss,-0.98,-1.0,0.024670915345128108,8.583333333333334,False
away,3.0,-120,draftkings,0.07517862510420326,0.5475735706717749,0.07129374553928247,B+,2,"['+2 edge +7.5%', '-1 line moved against us', '+1 right side of 3/7']",1,2.0,True,0.34467720180602446,2021-12-09 14:10:00+00:00,2021_14_BAL_CLE,2021,14,0.0,win,1.666666666666667,0.8333333333333335,-0.07114028944457162,75.83333333333333,False
away,3.5,-115,betrivers,0.03442522443467233,0.5532972130697085,0.0,A,3,"['+1 edge +3.4%', '+1 line moved our way', '+1 right side of 3/7']",1,0.99,True,2.5537022675342063,2021-12-09 14:10:00+00:00,2021_14_PIT_MIN,2021,14,0.0,loss,-0.99,-1.0,-0.019297343665136246,11.166666666666666,False
away,4.0,-110,draftkings,0.04213831606472618,0.5284974905889104,0.033188561304079094,B,1,['+1 edge +4.2%'],1,1.2,True,3.3708665418250594,2021-12-12 16:45:00+00:00,2021_14_BUF_TB,2021,14,0.5,loss,-1.2,-1.0,0.0346408756737675,4.666666666666667,False
away,-1.0,-110,draftkings,0.04518126047453053,0.5330560952776779,0.027528714944418168,C+,0,"['+1 edge +4.5%', '-1 line moved against us']",1,1.28,True,-2.084996124299461,2021-12-16 14:10:00+00:00,2021_15_TEN_PIT,2021,15,-2.0,loss,-1.28,-1.0,-0.13425176884760037,75.83333333333333,True
away,10.5,-110,betrivers,0.04492012479063501,0.5473391129855707,0.0,B,1,['+1 edge +4.5%'],1,1.24,True,9.794275129190625,2021-12-16 14:10:00+00:00,2021_15_CAR_BUF,2021,15,-3.5,loss,-1.24,-1.0,-0.2126877947069684,75.83333333333333,False
away,-12.0,-110,draftkings,0.039086971124756564,0.536558618125506,0.014747791066972379,C,-1,"['+1 edge +3.9%', '-1 line moved against us', '-1 QB change']",1,1.09,True,-13.476342253778169,2021-12-16 14:10:00+00:00,2021_15_ARI_DET,2021,15,1.0,loss,-1.09,-1.0,0.009718799820313428,75.83333333333333,True
away,11.0,-110,williamhill_us,0.03614104471843338,0.5322465697696078,0.020033956976454725,B,1,"['+1 edge +3.6%', '+1 line moved our way', '-1 QB change']",1,1.01,True,10.266034835504982,2021-12-16 14:10:00+00:00,2021_15_NO_TB,2021,15,-0.5,win,0.9181818181818183,0.9090909090909092,-0.039676429720111206,83.16666666666667,False
away,2.5,-105,draftkings,0.03003895961180203,0.5275809305328742,0.0,C,-1,"['+1 edge +3.0%', '-1 line moved against us', '-1 wrong side of 3/7']",1,0.79,True,1.0050913063487827,2021-12-16 14:10:00+00:00,2021_15_NE_IND,2021,15,3.5,loss,-0.79,-1.0,0.14769094550809658,59.166666666666664,False
home,1.0,-110,betmgm,0.07802568271676358,0.5504966939251771,0.027077448859607254,B,1,"['+2 edge +7.8%', '-1 QB change']",1,2.0,True,1.5580611144389418,2021-12-18 14:10:00+00:00,2021_15_LV_CLE,2021,15,-2.0,loss,-2.0,-1.0,-0.18637555421498642,55.833333333333336,False
home,3.5,-110,draftkings,0.04796494878248447,0.5489340207908252,0.0,B+,2,"['+1 edge +4.8%', '+1 right side of 3/7']",1,1.32,True,-2.697976728756829,2021-12-21 14:10:00+00:00,2021_16_SF_TEN,2021,16,0.0,win,1.2000000000000002,0.9090909090909092,0.0014363277161508758,59.166666666666664,False
away,10.5,-110,fanduel,0.040359275538523365,0.5449500967106551,0.0,C+,0,"['+1 edge +4.0%', '-1 line moved against us']",1,1.11,True,9.8691119701285,2021-12-23 14:10:00+00:00,2021_16_WAS_DAL,2021,16,0.0,loss,-1.11,-1.0,0.001769709802021513,83.16666666666667,False
away,-1.5,-110,williamhill_us,0.035344264740482245,0.5423231862926335,0.0,B,1,"['+1 edge +3.5%', '+1 line moved our way', '-1 QB change']",1,0.97,True,-2.38973250601638,2021-12-24 14:10:00+00:00,2021_16_MIA_NO,2021,16,1.5,win,0.8818181818181818,0.9090909090909092,0.07065102788684707,83.08333333333333,True
away,10.5,-106,fanduel,0.05619411003835606,0.5434785226410959,0.0,B+,2,['+2 edge +5.6%'],1,1.49,True,9.915177107337682,2021-12-26 14:10:00+00:00,2021_16_NYG_PHI,2021,16,-0.5,loss,-1.49,-1.0,-0.011497088759936713,3.8333333333333335,False
away,1.5,-115,betmgm,0.034374929698426815,0.5532703112340422,0.0,B,1,"['+1 edge +3.4%', '+1 line moved our way', '-1 QB change']",1,0.99,True,-0.7504032077340526,2021-12-26 19:50:00+00:00,2021_16_DEN_LV,2021,16,2.5,loss,-0.99,-1.0,0.04846399191602346,1.5833333333333333,False
home,-6.5,-106,fanduel,0.08027169226458764,0.5558679581555646,0.0,C+,0,"['+2 edge +8.0%', '-1 model 8 pts from market', '-1 line moved against us', '+1 right side of 3/7', '-1 QB change']",1,2.0,True,8.892415630111719,2021-12-30 14:10:00+00:00,2021_17_MIN_GB,2021,17,6.5,win,1.8867924528301887,0.9433962264150944,0.3199461176114058,83.16666666666667,True
away,-12.5,-110,draftkings,0.07672767851769624,0.5640002125568885,0.0,B+,2,['+2 edge +7.7%'],1,2.0,True,-14.32845088527055,2021-12-30 14:10:00+00:00,2021_17_TB_NYJ,2021,17,2.0,loss,-2.0,-1.0,0.0872170580322702,75.83333333333333,True
away,7.0,-110,betmgm,0.06701868641164,0.5324047902426985,0.05060954140285199,A,3,"['+2 edge +6.7%', '+1 line moved our way', '+1 right side of 3/7', '-1 QB change']",1,1.94,True,6.058499770636971,2021-12-30 14:10:00+00:00,2021_17_CAR_NO,2021,17,0.0,loss,-1.94,-1.0,0.011281989276187732,79.25,False
away,3.5,-110,betrivers,0.04775381774728915,0.5488234283438181,0.0,B+,2,"['+1 edge +4.8%', '+1 right side of 3/7']",1,1.31,True,2.701630461001208,2021-12-30 14:10:00+00:00,2021_17_MIA_TEN,2021,17,0.5,loss,-1.31,-1.0,0.03048431657739159,75.83333333333333,False
away,-10.0,-110,williamhill_us,0.15533696204200442,0.5835305690673055,0.041324057458966695,B+,2,"['+2 edge +15.5%', '+1 line moved our way', '-1 QB change']",1,2.0,True,-13.87146570085437,2022-01-06 14:10:00+00:00,2021_18_KC_DEN,2021,18,1.5,loss,-2.0,-1.0,0.011838988177539145,55.333333333333336,True
home,-16.0,-110,williamhill_us,0.14549155129357572,0.5857051915210478,0.02732709475339337,B,1,"['+2 edge +14.5%', '-1 line moved against us']",1,2.0,True,18.63704463117147,2022-01-06 14:10:00+00:00,2021_18_NYJ_BUF,2021,18,0.0,win,1.8181818181818183,0.9090909090909092,-0.015297087445751423,79.25,True
away,7.0,-115,draftkings,0.12699763283940269,0.5761424313620016,0.049861782901747524,A,3,"['+2 edge +12.7%', '+1 right side of 3/7']",1,2.0,True,4.634472780391835,2022-01-06 14:10:00+00:00,2021_18_SEA_ARI,2021,18,1.5,win,1.7391304347826084,0.8695652173913042,0.07801077916817056,79.25,False
home,4.5,-110,williamhill_us,0.10844523277417473,0.5806141695483772,0.0,C+,0,"['+2 edge +10.8%', '-1 model 8 pts from market', '-1 QB change']",1,2.0,True,-2.7436646482296996,2022-01-06 14:10:00+00:00,2021_18_NO_ATL,2021,18,0.0,loss,-2.0,-1.0,0.0064865448016515614,79.25,False
away,4.0,-110,betrivers,0.04219298992323317,0.5285261968447423,0.03318843231054317,B+,2,"['+1 edge +4.2%', '+1 line moved our way']",1,1.2,True,3.3699241884233277,2022-01-13 14:10:00+00:00,2021_19_NE_BUF,2021,19,-0.5,loss,-1.2,-1.0,-0.02370828289957705,59.083333333333336,False
away,4.0,-110,betrivers,0.06677807647229761,0.5414440602050613,0.0331121433535442,A,3,"['+2 edge +6.7%', '+1 line moved our way']",1,1.9,True,2.945099726776456,2022-01-14 14:10:00+00:00,2021_19_ARI_LA,2021,19,0.0,loss,-1.9,-1.0,0.005521944874393281,83.08333333333333,False
away,9.0,-109,betrivers,0.038430000667905695,0.535935422668183,0.010810703992215401,B+,2,"['+1 edge +3.8%', '+1 line moved our way']",1,1.06,True,8.451445135664171,2022-01-14 21:40:00+00:00,2021_19_PHI_TB,2021,19,1.5,loss,-1.06,-1.0,0.09578882827673141,44.333333333333336,False
away,3.5,-110,williamhill_us,0.04027977181149778,0.5449084519012607,0.0,B,1,"['+1 edge +4.0%', '+1 right side of 3/7', '-1 QB change']",1,1.11,True,2.830877050423182,2022-01-20 14:10:00+00:00,2021_20_CIN_TEN,2021,20,-0.5,win,1.0090909090909093,0.9090909090909092,-0.027712774302387166,55.333333333333336,False
home,-3.0,100,williamhill_us,0.030978853427973352,0.4790869300672739,0.07280499329342553,B+,2,"['+1 edge +3.1%', '+1 right side of 3/7']",1,0.84,True,3.61961972781132,2022-01-20 14:10:00+00:00,2021_20_LA_TB,2021,20,-0.5,loss,-0.84,-1.0,-0.03702401477959394,77.83333333333333,True
away,3.5,-110,fanduel,0.05099385879778895,0.5505205927036038,0.0,A,3,"['+2 edge +5.1%', '+1 right side of 3/7']",1,1.4,True,2.645543001880775,2022-01-27 14:10:00+00:00,2021_21_SF_LA,2021,21,0.0,win,1.2727272727272727,0.9090909090909092,0.0014363277161506538,81.33333333333333,False
away,7.0,-108,fanduel,0.03149477363913422,0.5092314563082554,0.050752709638049766,B,1,"['+1 edge +3.1%', '+1 right side of 3/7', '-1 QB change']",1,0.9,True,6.804211932199388,2022-01-27 14:10:00+00:00,2021_21_CIN_KC,2021,21,0.0,win,0.8333333333333335,0.925925925925926,0.019752187641269625,77.83333333333333,False
away,-2.0,-110,draftkings,0.0502085305143507,0.5355987180408979,0.02770188698172739,B+,2,['+2 edge +5.0%'],1,1.42,True,-3.0822154495773177,2022-09-06 14:10:00+00:00,2022_01_BUF_LA,2022,1,-1.0,win,1.290909090909091,0.9090909090909092,-0.07069768511441066,58.166666666666664,True
away,3.5,-110,williamhill_us,0.1281031344563961,0.590911165667636,0.0,B+,2,"['+2 edge +12.8%', '-1 line moved against us', '+1 right side of 3/7']",1,2.0,True,1.2975407161189532,2022-09-08 14:10:00+00:00,2022_01_NE_MIA,2022,1,0.5,loss,-2.0,-1.0,0.03048431657739159,74.83333333333333,False
away,-1.5,-110,williamhill_us,0.0852985078494004,0.5684896945877811,0.0,B+,2,['+2 edge +8.5%'],1,2.0,True,-3.254246268534917,2022-09-08 14:10:00+00:00,2022_01_GB_MIN,2022,1,-4.0,loss,-2.0,-1.0,-0.24696964045313574,78.25,True
home,-2.5,-110,williamhill_us,0.07549407364081295,0.5633540385737591,0.0,B+,2,"['+2 edge +7.5%', '-1 line moved against us', '+1 right side of 3/7']",1,2.0,True,3.999062323287598,2022-09-08 14:10:00+00:00,2022_01_JAX_WAS,2022,1,0.5,win,1.8181818181818183,0.9090909090909092,0.017738933893161057,74.83333333333333,True
away,9.5,-110,betmgm,0.20336853540728184,0.6303358994990523,0.0,B,1,"['+2 edge +20.3%', '-1 model 8 pts from market', '+1 line moved our way', '-1 QB change']",1,2.0,True,5.7428905740720815,2022-09-15 14:10:00+00:00,2022_02_SEA_SF,2022,2,1.0,loss,-2.0,-1.0,0.04085588606915147,77.91666666666667,False
away,-2.0,-110,williamhill_us,0.07545381049796629,0.5488713201262365,0.027608562984242045,A,3,"['+2 edge +7.5%', '+1 line moved our way']",1,2.0,True,-3.519835526796391,2022-09-15 14:10:00+00:00,2022_02_NE_PIT,2022,2,1.0,win,1.8181818181818183,0.9090909090909092,0.04545479265175856,74.83333333333333,True
away,10.5,-108,betrivers,0.05697877012451369,0.5488158998723436,0.0,A,3,"['+2 edge +5.7%', '+1 line moved our way']",1,1.54,True,9.74798049562962,2022-09-15 14:10:00+00:00,2022_02_ATL_LA,2022,2,0.0,win,1.425925925925926,0.925925925925926,0.010603657860240423,77.91666666666667,False
away,3.5,-108,betrivers,0.037111138081550976,0.5385000140038823,0.0,A,3,"['+1 edge +3.7%', '+1 line moved our way', '+1 right side of 3/7']",1,1.0,True,3.0420633626549067,2022-09-15 14:10:00+00:00,2022_02_MIA_BAL,2022,2,0.5,win,0.925925925925926,0.925925925925926,0.039571479862906545,74.83333333333333,False
away,-4.0,-105,draftkings,0.0341539043865704,0.512824339048202,0.03292543291150929,C+,0,"['+1 edge +3.4%', '-1 line moved against us']",1,0.93,True,-5.798935200205181,2022-09-15 14:10:00+00:00,2022_02_IND_JAX,2022,2,-1.0,loss,-0.93,-1.0,-0.1330170543182534,74.83333333333333,True
away,4.5,-110,betmgm,0.10729700794014407,0.5800127184448374,0.0,C+,0,"['+2 edge +10.7%', '-1 line moved against us', '-1 QB change']",1,2.0,True,2.7636953070154426,2022-09-22 14:10:00+00:00,2022_03_PIT_CLE,2022,3,0.0,loss,-2.0,-1.0,0.006486544801651339,10.083333333333334,False
home,3.0,-115,betmgm,0.05241170371369375,0.5243730678206235,0.07206205517948458,A,3,"['+2 edge +5.2%', '+1 line moved our way', '+1 right side of 3/7', '-1 QB change']",1,1.62,True,-1.1107712678561128,2022-09-22 14:10:00+00:00,2022_03_BAL_NE,2022,3,0.5,loss,-1.62,-1.0,-0.0258592005713848,74.83333333333333,False
away,1.0,-109,betrivers,0.03308217263615387,0.524505686315179,0.027378608967599603,B,1,"['+1 edge +3.3%', '+1 line moved our way', '-1 QB change']",1,0.93,True,-0.704568543751004,2022-09-24 14:10:00+00:00,2022_03_DAL_NYG,2022,3,0.0,win,0.853211009174312,0.9174311926605505,-0.06657177340245302,58.083333333333336,False
away,-1.5,-114,fanduel,0.06242899392890444,0.5659668472331547,0.0,C+,0,"['+2 edge +6.2%', '-1 line moved against us', '-1 QB change']",1,1.78,True,-3.1705659023488133,2022-09-25 15:45:00+00:00,2022_03_NO_CAR,2022,3,0.5,loss,-1.78,-1.0,-0.0042083569385342745,1.25,True
away,-1.0,-106,fanduel,0.049975470994726656,0.5260946628572933,0.027565088460741384,B,1,"['+1 edge +5.0%', '+1 line moved our way', '-1 QB change']",1,1.36,True,-1.8564135748602606,2022-09-25 15:45:00+00:00,2022_03_SF_DEN,2022,3,0.0,loss,-1.36,-1.0,-0.0007343850693446452,8.583333333333334,True
away,4.5,-114,fanduel,0.14731511157505195,0.61118655476428,0.0,B+,2,"['+2 edge +14.7%', '+1 line moved our way', '-1 QB change']",1,2.0,True,1.7149323003296653,2022-09-29 14:10:00+00:00,2022_04_SEA_DET,2022,4,1.5,win,1.7543859649122808,0.8771929824561404,0.07544673722940853,74.83333333333333,False
away,3.5,-110,williamhill_us,0.06175279436919889,0.5561562256219613,0.0,A+,4,"['+2 edge +6.2%', '+1 line moved our way', '+1 right side of 3/7']",1,1.7,True,2.4590288174292283,2022-09-29 14:10:00+00:00,2022_04_TEN_IND,2022,4,-1.0,win,1.5454545454545456,0.9090909090909092,-0.05692259337092831,74.83333333333333,False
away,3.5,-114,betrivers,0.04579564349108334,0.5571060904578669,0.0,B+,2,"['+1 edge +4.6%', '+1 right side of 3/7']",1,1.31,True,2.427549990318544,2022-09-29 14:10:00+00:00,2022_04_CHI_NYG,2022,4,0.5,loss,-1.31,-1.0,0.013266533510100098,74.83333333333333,False
home,1.5,-115,fanduel,0.04533235669003166,0.5591312605551333,0.0,B,1,"['+1 edge +4.5%', '+1 line moved our way', '-1 QB change']",1,1.3,True,0.9444623044554572,2022-10-01 14:10:00+00:00,2022_04_ARI_CAR,2022,4,2.5,loss,-1.3,-1.0,0.048463991916023685,29.916666666666668,False
away,3.0,-115,draftkings,0.03155096635304133,0.5130633070914701,0.07234565309507551,B,1,"['+1 edge +3.2%', '-1 line moved against us', '+1 right side of 3/7']",1,0.98,True,1.4829174935638125,2022-10-02 12:15:00+00:00,2022_04_DEN_LV,2022,4,0.5,loss,-0.98,-1.0,-0.0258592005713848,8.166666666666666,False
away,3.5,-110,williamhill_us,0.07545943627198248,0.5633358951900861,0.0,B+,2,"['+2 edge +7.5%', '-1 line moved against us', '+1 right side of 3/7']",1,2.0,True,2.2207677441106513,2022-10-04 14:10:00+00:00,2022_05_IND_DEN,2022,5,0.0,win,1.8181818181818183,0.9090909090909092,0.0014363277161506538,58.083333333333336,False
away,3.0,-104,fanduel,0.036868080083763966,0.49152656199635647,0.07271982386014172,B+,2,"['+1 edge +3.7%', '+1 right side of 3/7']",1,1.03,True,2.1904973265712013,2022-10-06 14:10:00+00:00,2022_05_CIN_BAL,2022,5,0.0,win,0.9903846153846155,0.9615384615384617,-0.011281487691365166,82.16666666666667,False
away,-2.5,-110,draftkings,0.03557973101990086,0.542446525772329,0.0,A,3,"['+1 edge +3.6%', '+1 line moved our way', '+1 right side of 3/7']",1,0.98,True,-3.3078435156102817,2022-10-06 14:10:00+00:00,2022_05_TEN_WAS,2022,5,-1.5,win,0.890909090909091,0.9090909090909092,-0.09840399229025387,74.83333333333333,True
away,7.0,-106,betrivers,0.03330770958565177,0.5055831065316923,0.05075940821274043,B,1,"['+1 edge +3.3%', '+1 right side of 3/7', '-1 QB change']",1,0.93,True,6.921298818195368,2022-10-06 14:10:00+00:00,2022_05_HOU_JAX,2022,5,0.0,win,0.8773584905660378,0.9433962264150944,0.028542016133335846,74.83333333333333,False
away,7.5,100,williamhill_us,0.09736146500549836,0.5486807325027492,0.0,B+,2,"['+2 edge +9.7%', '-1 line moved against us', '+1 right side of 3/7']",1,2.0,True,7.16701223143783,2022-10-06 23:00:00+00:00,2022_05_CHI_MIN,2022,5,-2.5,win,2.0,1.0,-0.08134487383162203,66.0,False
home,0.0,-110,williamhill_us,0.03062227247095306,0.5367532951866063,0.0059114362056136545,B+,2,"['+1 edge +3.1%', '+1 line moved our way']",1,0.85,True,1.300330954225362,2022-10-11 14:10:00+00:00,2022_06_WAS_CHI,2022,6,-1.0,loss,-0.85,-1.0,-0.10352110685767657,58.083333333333336,False
away,4.5,100,draftkings,0.05049578649127451,0.5252478932456373,0.0,A,3,"['+2 edge +5.0%', '+1 line moved our way']",1,1.26,True,4.563786128024442,2022-10-15 14:10:00+00:00,2022_06_DEN_LAC,2022,6,1.0,win,1.26,1.0,0.11553286780834404,58.083333333333336,False
away,3.0,-115,draftkings,0.05122466353518784,0.5237286373458411,0.07207981980165883,A,3,"['+2 edge +5.1%', '+1 line moved our way', '+1 right side of 3/7', '-1 QB change']",1,1.59,True,1.1319938529994142,2022-10-16 15:45:00+00:00,2022_06_NE_CLE,2022,6,0.5,win,1.3826086956521737,0.8695652173913042,-0.0258592005713848,1.25,False
away,6.5,-104,fanduel,0.08051202992678586,0.5508492701587535,0.0,C,-1,"['+2 edge +8.1%', '-1 line moved against us', '-1 wrong side of 3/7', '-1 QB change']",1,2.0,True,5.461297604273417,2022-10-16 23:05:00+00:00,2022_06_DAL_PHI,2022,6,0.0,loss,-2.0,-1.0,0.017449584721219047,1.25,False
away,6.0,-110,draftkings,0.07346342699468567,0.5435527350941445,0.035771841814955185,A,3,"['+2 edge +7.3%', '+1 line moved our way']",1,2.0,True,4.529649691104371,2022-10-20 14:10:00+00:00,2022_07_SEA_LAC,2022,7,0.5,win,1.8181818181818183,0.9090909090909092,0.016625779341339797,78.25,False
home,-7.0,-105,draftkings,0.05855697901496959,0.5165729739618865,0.050009744137000746,B,1,"['+2 edge +5.9%', '-1 model 7 pts from market', '+1 right side of 3/7', '-1 QB change']",1,1.62,True,9.23790481939814,2022-10-20 14:10:00+00:00,2022_07_DET_DAL,2022,7,0.0,win,1.542857142857143,0.9523809523809523,-0.07826433294468904,74.83333333333333,True
away,6.5,-105,draftkings,0.038836020421886275,0.5320867421673077,0.0,B,1,"['+1 edge +3.9%', '+1 line moved our way', '-1 wrong side of 3/7']",1,1.02,True,6.06876448622048,2022-10-20 23:00:00+00:00,2022_07_ATL_CIN,2022,7,0.0,loss,-1.02,-1.0,0.012699586659962181,66.0,False
away,3.0,-105,fanduel,0.03121563073855338,0.4909331807363217,0.07272703977716352,B+,2,"['+1 edge +3.1%', '+1 right side of 3/7']",1,0.88,True,2.2099866156180594,2022-10-21 14:10:00+00:00,2022_07_NYG_JAX,2022,7,0.0,win,0.838095238095238,0.9523809523809523,-0.015557116388022818,50.833333333333336,False
away,-1.0,-110,williamhill_us,0.03463448392129442,0.5275160605282805,0.027558368367304444,B,1,['+1 edge +3.5%'],1,0.98,True,-1.9030664196681084,2022-10-22 14:10:00+00:00,2022_07_KC_SF,2022,7,0.0,win,0.890909090909091,0.9090909090909092,-0.017886044851260663,30.25,True
away,-13.0,-110,williamhill_us,0.03014765580683698,0.5247687244420907,0.02831645459920944,B,1,"['+1 edge +3.0%', '+1 line moved our way', '-1 QB change']",1,0.85,True,-13.988693413474946,2022-10-23 15:45:00+00:00,2022_07_TB_CAR,2022,7,0.0,loss,-0.85,-1.0,-0.030924956387466618,1.25,True
away,-2.5,-110,draftkings,0.07681404661441493,0.5640454529885031,0.0,A+,4,"['+2 edge +7.7%', '+1 line moved our way', '+1 right side of 3/7']",1,2.0,True,-4.021995708274778,2022-10-27 14:10:00+00:00,2022_08_NE_NYJ,2022,8,0.5,win,1.8181818181818183,0.9090909090909092,0.01773893389316128,74.83333333333333,True
away,-3.0,-110,draftkings,0.04623502760878773,0.5101470965361656,0.07231784331247144,B+,2,"['+1 edge +4.6%', '+1 line moved our way', '+1 right side of 3/7', '-1 QB change']",1,1.37,True,-4.6352039801889955,2022-10-28 14:10:00+00:00,2022_08_CIN_CLE,2022,8,0.0,loss,-1.37,-1.0,-0.04851456200190718,82.08333333333333,True
away,-13.0,-109,betrivers,0.036637403277706815,0.5258742647023743,0.028309684719943138,B,1,"['+1 edge +3.7%', '+1 line moved our way', '-1 QB change']",1,1.03,True,-14.02283908029053,2022-11-01 14:10:00+00:00,2022_09_PHI_HOU,2022,9,1.0,loss,-1.03,-1.0,0.03522411696799255,58.083333333333336,True
away,-12.0,-110,draftkings,0.05568996176288166,0.545277551172565,0.014705545887984723,A,3,"['+2 edge +5.6%', '+1 line moved our way']",1,1.55,True,-13.746377400468514,2022-11-03 14:10:00+00:00,2022_09_BUF_NYJ,2022,9,-1.0,loss,-1.55,-1.0,-0.11373928767754049,75.83333333333333,True
away,-3.5,-105,draftkings,0.04247750726771238,0.5339518939663893,0.0,C+,0,"['+1 edge +4.2%', '-1 wrong side of 3/7']",1,1.12,True,-5.41283792984102,2022-11-03 23:00:00+00:00,2022_09_GB_DET,2022,9,0.5,loss,-1.12,-1.0,-0.041953602697558656,67.0,True
away,-3.0,-105,draftkings,0.05113158138668905,0.5012485490542147,0.07250346180465085,A,3,"['+2 edge +5.1%', '+1 line moved our way', '+1 right side of 3/7', '-1 QB change']",1,1.45,True,-4.34456576387295,2022-11-08 14:10:00+00:00,2022_10_ATL_CAR,2022,10,-0.5,loss,-1.45,-1.0,-0.0582183307912405,59.083333333333336,True
away,-1.5,-110,draftkings,0.049244886946985034,0.5496044645912779,0.0,C,-1,"['+1 edge +4.9%', '-1 line moved against us', '-1 QB change']",1,1.35,True,-2.6296190906231667,2022-11-10 14:10:00+00:00,2022_10_NO_PIT,2022,10,-2.5,loss,-1.35,-1.0,-0.16153934058232444,75.83333333333333,True
away,3.0,-115,betmgm,0.034399253191041534,0.5146056116422795,0.07231050099025824,B+,2,"['+1 edge +3.4%', '+1 right side of 3/7']",1,1.07,True,1.4322024623116425,2022-11-10 14:10:00+00:00,2022_10_SEA_TB,2022,10,0.5,loss,-1.07,-1.0,-0.0258592005713848,72.33333333333333,False
away,4.5,-106,fanduel,0.11515386466147293,0.5738170371559036,0.0,B,1,"['+2 edge +11.5%', '-1 line moved against us']",1,2.0,True,2.969630680220689,2022-11-11 00:00:00+00:00,2022_10_IND_LV,2022,10,0.0,win,1.8867924528301887,0.9433962264150944,0.024572556388383626,69.08333333333333,False
home,-2.0,-110,draftkings,0.05639353574547101,0.5388488981847084,0.027682002847391467,A,3,"['+2 edge +5.6%', '+1 line moved our way']",1,1.59,True,3.189268004292507,2022-11-13 16:45:00+00:00,2022_10_DEN_TEN,2022,10,0.5,win,1.4454545454545455,0.9090909090909092,0.016485754004270214,1.25,True
away,3.0,-114,betrivers,0.03410026109479514,0.5123278462173213,0.07236202345877095,B+,2,"['+1 edge +3.4%', '+1 right side of 3/7']",1,1.05,True,1.507098220253773,2022-11-17 14:10:00+00:00,2022_11_LV_DEN,2022,11,0.5,win,0.9210526315789475,0.8771929824561404,-0.022181819556707616,78.91666666666667,False
away,-4.5,-110,fanduel,0.03244994005587487,0.5408071114578392,0.0,C+,0,"['+1 edge +3.2%', '-1 line moved against us']",1,0.89,True,-6.705727195949617,2022-11-18 00:00:00+00:00,2022_11_KC_LAC,2022,11,1.0,loss,-0.89,-1.0,-0.03859086344723783,73.33333333333333,True
away,-1.5,-109,betrivers,0.031298217920168625,0.5378540945133894,0.0,C+,0,"['+1 edge +3.1%', '-1 line moved against us']",1,0.85,True,-2.2427002522902484,2022-11-18 14:10:00+00:00,2022_11_DAL_MIN,2022,11,0.0,win,0.7798165137614679,0.9174311926605505,-0.012086008484794575,55.25,True
away,3.0,-115,betmgm,0.061819794544558215,0.5294843357055121,0.07191429735599225,A+,4,"['+2 edge +6.2%', '+1 line moved our way', '+1 right side of 3/7']",1,1.92,True,0.9423539962053564,2022-11-22 14:10:00+00:00,2022_12_NE_MIN,2022,12,0.5,loss,-1.92,-1.0,-0.0258592005713848,59.166666666666664,False
home,-2.5,-110,williamhill_us,0.07632642637820575,0.5637900328647745,0.0,B,1,"['+2 edge +7.6%', '-1 line moved against us', '+1 right side of 3/7', '-1 QB change']",1,2.0,True,4.013523090372184,2022-11-25 14:10:00+00:00,2022_12_PIT_IND,2022,12,0.0,loss,-2.0,-1.0,-0.011290697409782613,83.08333333333333,True
away,4.0,-110,draftkings,0.04797514200113717,0.5315626213169019,0.03317377403250629,C+,0,"['+1 edge +4.8%', '-1 line moved against us']",1,1.36,True,3.270206671771934,2022-11-25 14:10:00+00:00,2022_12_ATL_WAS,2022,12,0.5,loss,-1.36,-1.0,0.0346408756737675,51.833333333333336,False
home,-15.5,-110,draftkings,0.04028729267260678,0.5449123913999369,0.0,B,1,"['+1 edge +4.0%', '+1 line moved our way', '-1 QB change']",1,1.11,True,16.488384772585242,2022-11-25 14:10:00+00:00,2022_12_LA_KC,2022,12,1.0,win,1.0090909090909093,0.9090909090909092,0.04100159276957216,55.25,True
away,8.5,-105,betmgm,0.03841467703765655,0.5318709321412387,0.0,B,1,['+1 edge +3.8%'],1,1.01,True,8.579738708631131,2022-11-27 19:50:00+00:00,2022_12_NO_SF,2022,12,-1.0,loss,-1.01,-1.0,-0.01873620833443501,1.5833333333333333,False
away,-1.5,-110,draftkings,0.04418763388993119,0.5469554272756783,0.0,C+,0,"['+1 edge +4.4%', '-1 line moved against us']",1,1.22,True,-2.5422931574872907,2022-12-02 00:00:00+00:00,2022_13_KC_CIN,2022,13,1.0,loss,-1.22,-1.0,0.041737073471590724,69.41666666666667,True
away,4.0,-110,draftkings,0.0726714605347083,0.5445435012394778,0.033088412713886975,A,3,"['+2 edge +7.3%', '+1 line moved our way']",1,2.0,True,2.8429160593462273,2022-12-02 14:10:00+00:00,2022_13_NO_TB,2022,13,0.5,win,1.8181818181818183,0.9090909090909092,0.0346408756737675,83.08333333333333,False
home,1.0,-110,betmgm,0.04097608740373726,0.5309654322315267,0.027314807689004413,C,-1,"['+1 edge +4.1%', '-1 line moved against us', '-1 QB change']",1,1.16,True,0.916259416638354,2022-12-02 21:40:00+00:00,2022_13_PIT_ATL,2022,13,0.0,loss,-1.16,-1.0,-0.07051176530463854,44.333333333333336,False
away,-7.0,100,williamhill_us,0.10373390606313704,0.5269824851775121,0.04976893570811284,A+,4,"['+2 edge +10.4%', '+1 line moved our way', '+1 right side of 3/7']",1,2.0,True,-9.566898096345914,2022-12-08 14:10:00+00:00,2022_14_PHI_NYG,2022,14,0.5,win,2.0,1.0,-0.025789609447277484,75.83333333333333,True
home,-16.5,-108,betrivers,0.09767515994756226,0.5699467176650804,0.0,B+,2,"['+2 edge +9.8%', '+1 line moved our way', '-1 QB change']",1,2.0,True,18.139379160430664,2022-12-08 14:10:00+00:00,2022_14_HOU_DAL,2022,14,0.5,loss,-2.0,-1.0,0.02736569543051859,75.83333333333333,True
away,-9.5,-109,betrivers,0.049218281120003704,0.5471999647946431,0.0,B+,2,"['+1 edge +4.9%', '+1 line moved our way']",1,1.34,True,-11.396462443716088,2022-12-08 14:10:00+00:00,2022_14_KC_DEN,2022,14,-1.0,loss,-1.34,-1.0,-0.12797190129881153,78.91666666666667,True
home,6.5,-102,fanduel,0.09303242416522983,0.5519272636873933,0.0,C,-1,"['+2 edge +9.3%', '-1 line moved against us', '-1 wrong side of 3/7', '-1 QB change']",1,2.0,True,-5.426262391463145,2022-12-09 00:00:00+00:00,2022_14_LV_LA,2022,14,0.0,win,1.9607843137254903,0.9803921568627452,0.02722899249439492,1.25,False
away,-14.0,-105,draftkings,0.14130117557826627,0.5637740377986687,0.04059948273324639,B+,2,['+2 edge +14.1%'],1,2.0,True,-16.478333593290934,2022-12-15 14:10:00+00:00,2022_15_KC_HOU,2022,15,0.5,loss,-2.0,-1.0,0.017363408511096523,75.83333333333333,True
away,1.0,-112,fanduel,0.06139348798263633,0.5464019046772115,0.02713273984362886,A,3,"['+2 edge +6.1%', '+1 line moved our way']",1,1.77,True,-1.4232422600322012,2022-12-15 14:10:00+00:00,2022_15_NE_LV,2022,15,0.0,loss,-1.77,-1.0,-0.07818067811424945,78.91666666666667,False
away,4.5,-110,fanduel,0.0533483635332046,0.551753904707869,0.0,B,1,"['+2 edge +5.3%', '-1 QB change']",1,1.47,True,3.6976494704595275,2022-12-15 14:10:00+00:00,2022_15_ATL_NO,2022,15,-0.5,win,1.3363636363636364,0.9090909090909092,-0.02287857241685798,75.83333333333333,False
away,4.5,-110,betrivers,0.04676580881119796,0.5483058998534847,0.0,B+,2,"['+1 edge +4.7%', '+1 line moved our way']",1,1.29,True,3.8107728727343613,2022-12-15 14:10:00+00:00,2022_15_IND_MIN,2022,15,1.0,win,1.1727272727272728,0.9090909090909092,0.06482682836251019,51.833333333333336,False
away,4.5,-105,draftkings,0.03637737925972084,0.530827438157418,0.0,C+,0,"['+1 edge +3.6%', '-1 line moved against us']",1,0.95,True,4.382058808092898,2022-12-16 14:10:00+00:00,2022_15_NYG_WAS,2022,15,0.0,win,0.9047619047619047,0.9523809523809523,0.029309368946813574,59.166666666666664,False
home,-2.5,-115,betmgm,0.06089174583505019,0.5674537245164223,0.0,B+,2,"['+2 edge +6.1%', '+1 right side of 3/7', '-1 QB change']",1,1.75,True,4.135126017462975,2022-12-22 14:10:00+00:00,2022_16_NO_CLE,2022,16,0.5,loss,-1.75,-1.0,-0.0033322655663248213,51.833333333333336,True
away,4.0,-110,betmgm,0.050522732643039525,0.5329007915852246,0.03316667598033791,B+,2,['+2 edge +5.1%'],1,1.44,True,3.2262349134703148,2022-12-22 14:10:00+00:00,2022_16_GB_MIA,2022,16,0.5,win,1.309090909090909,0.9090909090909092,0.0346408756737675,75.83333333333333,False
away,4.5,-110,draftkings,0.047684429123952654,0.5487870819220704,0.0,B+,2,"['+1 edge +4.8%', '+1 line moved our way']",1,1.31,True,3.794995369132093,2022-12-22 14:10:00+00:00,2022_16_NYG_MIN,2022,16,0.0,win,1.1909090909090911,0.9090909090909092,0.006486544801651339,51.833333333333336,False
away,-10.0,-110,draftkings,0.037633323763455406,0.5210883062061846,0.04282837555164827,B,1,"['+1 edge +3.8%', '+1 line moved our way', '-1 QB change']",1,1.08,True,-11.922090458460913,2022-12-28 14:10:00+00:00,2022_17_DAL_TEN,2022,17,4.0,win,0.9818181818181819,0.9090909090909092,0.16297049037588018,35.083333333333336,True
away,3.0,105,draftkings,0.04459079710390279,0.47401377290307456,0.07286256265260004,B,1,"['+1 edge +4.5%', '-1 line moved against us', '+1 right side of 3/7']",1,1.15,True,2.76593355249249,2022-12-29 14:10:00+00:00,2022_17_MIN_GB,2022,17,0.0,loss,-1.15,-1.0,0.030021085518347368,79.25,False
home,-12.5,-110,draftkings,0.03001027719193594,0.5395291928148236,0.0,B+,2,"['+1 edge +3.0%', '+1 line moved our way']",1,0.83,True,13.56828564089758,2022-12-29 14:10:00+00:00,2022_17_DEN_KC,2022,17,1.0,loss,-0.83,-1.0,0.025798725541763545,75.83333333333333,True
away,2.5,-110,draftkings,0.04320042837244609,0.5464383196236622,0.0,C,-1,"['+1 edge +4.3%', '-1 wrong side of 3/7', '-1 QB change']",1,1.19,True,0.3822754030420684,2022-12-30 00:00:00+00:00,2022_17_CLE_WAS,2022,17,1.5,win,1.0818181818181818,0.9090909090909092,0.007494901381162933,66.0,False
away,3.5,-115,draftkings,0.03689779156256745,0.5546197489753268,0.0,A,3,"['+1 edge +3.7%', '+1 line moved our way', '+1 right side of 3/7']",1,1.06,True,2.509921609025411,2022-12-30 14:10:00+00:00,2022_17_CAR_TB,2022,17,0.0,loss,-1.06,-1.0,-0.019297343665136246,51.833333333333336,False
away,-9.5,-105,fanduel,0.24525487150704928,0.6378134707719033,0.0,C,-1,"['+2 edge +24.5%', '-1 model 11 pts from market', '-1 line moved against us', '-1 QB change']",1,2.0,True,-14.296294537144062,2023-01-05 14:10:00+00:00,2022_18_KC_LV,2022,18,-0.5,win,1.9047619047619047,0.9523809523809523,-0.08110420435189514,55.333333333333336,True
away,-7.0,100,williamhill_us,0.1390082278120719,0.5448645522647548,0.0492791232825623,A,3,"['+2 edge +13.9%', '+1 line moved our way', '+1 right side of 3/7', '-1 QB change']",1,2.0,True,-10.132794530342153,2023-01-05 14:10:00+00:00,2022_18_DAL_WAS,2022,18,0.5,loss,-2.0,-1.0,-0.025789609447277484,79.25,True
away,2.5,-110,draftkings,0.10457684537160938,0.5785878713851287,0.0,C,-2,"['+2 edge +10.5%', '-1 model 9 pts from market', '-1 line moved against us', '-1 wrong side of 3/7', '-1 QB change']",1,2.0,True,-0.6887585434818453,2023-01-05 14:10:00+00:00,2022_18_CLE_PIT,2022,18,0.0,loss,-2.0,-1.0,-0.0796183934993081,75.83333333333333,False
away,2.5,-109,betrivers,0.10070749247108668,0.5740531898533419,0.0,C,-1,"['+2 edge +10.1%', '-1 model 8 pts from market', '-1 line moved against us', '-1 wrong side of 3/7']",1,2.0,True,-0.536785064740881,2023-01-05 14:10:00+00:00,2022_18_LAC_DEN,2022,18,-3.5,loss,-2.0,-1.0,-0.27682900030818314,79.25,False
away,-2.5,-110,williamhill_us,0.04076763215867718,0.5451639977974023,0.0,B,1,"['+1 edge +4.1%', '-1 line moved against us', '+1 right side of 3/7']",1,1.12,True,-3.3974701235953453,2023-01-13 14:10:00+00:00,2022_19_DAL_TB,2022,19,0.0,win,1.0181818181818183,0.9090909090909092,-0.011290697409782391,83.08333333333333,True
away,10.0,-110,williamhill_us,0.030052456989876353,0.5168791471406721,0.043283176084956805,B+,2,"['+1 edge +3.0%', '+1 line moved our way']",1,0.86,True,9.39135123395184,2023-01-13 14:10:00+00:00,2022_19_SEA_SF,2022,19,0.0,loss,-0.86,-1.0,-0.007020242631908147,31.333333333333332,False
home,-14.0,-105,draftkings,0.0596789860008482,0.5216265021677673,0.0412653389113977,B+,2,"['+2 edge +6.0%', '+1 line moved our way', '-1 QB change']",1,1.63,True,15.17101469632262,2023-01-15 16:45:00+00:00,2022_19_MIA_BUF,2022,19,0.0,loss,-1.63,-1.0,-0.014247623632601347,1.25,True
away,7.5,-108,fanduel,0.0544019533794875,0.547477937331657,0.0,B,1,"['+2 edge +5.4%', '-1 line moved against us', '+1 right side of 3/7', '-1 QB change']",1,1.47,True,7.2055132200805545,2023-01-19 14:10:00+00:00,2022_20_NYG_PHI,2022,20,-0.5,loss,-1.47,-1.0,0.006379631299251232,59.083333333333336,False
home,-1.0,-110,williamhill_us,0.044254510715133755,0.532569174030801,0.0275315421108773,B+,2,"['+1 edge +4.4%', '+1 line moved our way']",1,1.25,True,2.068999445767046,2023-01-27 21:40:00+00:00,2022_21_CIN_KC,2022,21,1.0,win,1.1363636363636365,0.9090909090909092,0.04025573791454673,49.833333333333336,True
away,4.0,-110,fanduel,0.16841744970391148,0.5950554498551124,0.032402499980514976,B+,2,"['+2 edge +16.8%', '+1 line moved our way', '-1 QB change']",1,2.0,True,1.157483247731529,2023-09-07 14:10:00+00:00,2023_01_LV_DEN,2023,1,1.0,win,1.8181818181818183,0.9090909090909092,0.06360835033440626,78.25,False
away,-2.0,-110,draftkings,0.05996154164966616,0.5407243222721487,0.027669653675564,B+,2,['+2 edge +6.0%'],1,1.7,True,-3.251069886467578,2023-09-07 14:10:00+00:00,2023_01_SF_PIT,2023,1,-0.5,win,1.5454545454545456,0.9090909090909092,-0.04163007973049471,74.83333333333333,True
away,3.5,-108,draftkings,0.047036945554827625,0.5436537986534682,0.0,B,1,"['+1 edge +4.7%', '+1 right side of 3/7', '-1 QB change']",1,1.27,True,2.8722591999435645,2023-09-07 14:10:00+00:00,2023_01_CAR_ATL,2023,1,0.0,loss,-1.27,-1.0,0.010267335897069074,74.83333333333333,False
away,-2.5,-110,fanduel,0.03902629427819071,0.5442518684314332,0.0,B,1,"['+1 edge +3.9%', '+1 right side of 3/7', '-1 QB change']",1,1.07,True,-3.36738052687202,2023-09-07 14:10:00+00:00,2023_01_CIN_CLE,2023,1,-1.5,loss,-1.07,-1.0,-0.09840399229025387,74.83333333333333,True
away,7.0,-108,betrivers,0.03376321841080432,0.5104109048389349,0.050749623906188805,B,1,"['+1 edge +3.4%', '+1 right side of 3/7', '-1 QB change']",1,0.96,True,6.766345589768262,2023-09-07 14:10:00+00:00,2023_01_ARI_WAS,2023,1,0.0,win,0.888888888888889,0.925925925925926,0.019752187641269625,74.83333333333333,False
away,1.5,-110,williamhill_us,0.03506495522281328,0.5421768813071879,0.0,C+,0,"['+1 edge +3.5%', '-1 QB change']",1,0.96,True,-0.38410023565138096,2023-09-10 15:45:00+00:00,2023_01_GB_CHI,2023,1,0.5,win,0.8727272727272728,0.9090909090909092,-0.04539895777271963,4.666666666666667,False
away,3.5,-109,betrivers,0.08547882808304119,0.5661109677562272,0.0,B+,2,"['+2 edge +8.5%', '+1 right side of 3/7', '-1 QB change']",1,2.0,True,2.1284662399197294,2023-09-14 14:10:00+00:00,2023_02_WAS_DEN,2023,2,-0.5,win,1.834862385321101,0.9174311926605505,-0.023465123687718692,78.25,False
away,9.5,-110,fanduel,0.047710247592474,0.548800605881772,0.0,C+,0,"['+1 edge +4.8%', '-1 QB change']",1,1.31,True,8.386450648748077,2023-09-14 14:10:00+00:00,2023_02_LV_BUF,2023,2,2.0,loss,-1.31,-1.0,0.10083663962494382,74.83333333333333,False
away,5.0,-110,draftkings,0.041915789890404564,0.5367395007628537,0.017231288434047434,C+,0,"['+1 edge +4.2%', '-1 line moved against us']",1,1.17,True,4.189189580202074,2023-09-14 23:00:00+00:00,2023_02_SEA_DET,2023,2,0.5,win,1.0636363636363637,0.9090909090909092,0.023741002585298654,66.0,False
home,7.5,-110,draftkings,0.0361559112904879,0.5427483344854936,0.0,C+,0,"['+1 edge +3.6%', '-1 line moved against us', '+1 right side of 3/7', '-1 QB change']",1,0.99,True,-7.356728325682262,2023-09-14 23:00:00+00:00,2023_02_SF_LA,2023,2,0.0,win,0.9,0.9090909090909092,0.027586255330640297,69.08333333333333,False
away,-2.5,-105,fanduel,0.06440460259660297,0.5451828452324065,0.0,A+,4,"['+2 edge +6.4%', '+1 line moved our way', '+1 right side of 3/7']",1,1.69,True,-3.398091935037452,2023-09-15 14:10:00+00:00,2023_02_CLE_PIT,2023,2,0.0,loss,-1.69,-1.0,0.011129014667093262,82.08333333333333,True
away,3.0,100,williamhill_us,0.11479464342331114,0.5213251385898814,0.07214436624354831,A+,4,"['+2 edge +11.5%', '+1 line moved our way', '+1 right side of 3/7']",1,2.0,True,1.2111258101313278,2023-09-21 14:10:00+00:00,2023_03_ATL_DET,2023,3,0.0,loss,-2.0,-1.0,0.006676152834596882,74.83333333333333,False
away,-2.5,-112,fanduel,0.044083156187647354,0.5515911013821534,0.0,B+,2,"['+1 edge +4.4%', '+1 line moved our way', '+1 right side of 3/7', '-1 QB change']",1,1.23,True,-3.609678617958853,2023-09-21 14:10:00+00:00,2023_03_NE_NYJ,2023,3,0.0,win,1.0982142857142856,0.8928571428571428,-0.019698089438610844,74.83333333333333,True
home,-12.5,-109,betrivers,0.03634143880974783,0.5404842910538876,0.0,B+,2,"['+1 edge +3.6%', '+1 line moved our way']",1,0.99,True,13.597859495147405,2023-09-21 14:10:00+00:00,2023_03_CHI_KC,2023,3,0.5,win,0.908256880733945,0.9174311926605505,-0.0007405763538925747,78.25,True
away,8.5,-115,fanduel,0.06921390639081171,0.5719051127206668,0.0,C+,0,"['+2 edge +6.9%', '-1 line moved against us', '-1 QB change']",1,1.99,True,7.307120647299927,2023-09-22 14:10:00+00:00,2023_03_IND_BAL,2023,3,1.0,win,1.7304347826086954,0.8695652173913042,0.05795802011699025,50.833333333333336,False
away,-2.0,-110,williamhill_us,0.0841278923141926,0.5534355885922586,0.02756904136533513,A,3,"['+2 edge +8.4%', '+1 line moved our way']",1,2.0,True,-3.670645406452886,2023-09-28 14:10:00+00:00,2023_04_CIN_TEN,2023,4,0.5,loss,-2.0,-1.0,0.016485754004270436,74.83333333333333,True
away,-9.5,-109,betrivers,0.04553547225925669,0.5452792654366458,0.0,B,1,"['+1 edge +4.6%', '+1 line moved our way', '-1 QB change']",1,1.24,True,-11.336214093855055,2023-09-28 14:10:00+00:00,2023_04_KC_NYJ,2023,4,0.0,loss,-1.24,-1.0,-0.06700118911846675,82.16666666666667,True
away,-3.0,100,williamhill_us,0.03688486614474562,0.48205342762219777,0.07277801090035005,C+,0,"['+1 edge +3.7%', '-1 line moved against us', '+1 right side of 3/7', '-1 QB change']",1,0.99,True,-3.71680420502224,2023-09-28 14:10:00+00:00,2023_04_PIT_HOU,2023,4,0.0,loss,-0.99,-1.0,-0.006676152834596882,74.83333333333333,True
away,3.0,100,williamhill_us,0.046822018798418075,0.48702581088174246,0.07277039703493315,B,1,"['+1 edge +4.7%', '+1 right side of 3/7', '-1 QB change']",1,1.26,True,2.3383288158049,2023-09-29 21:40:00+00:00,2023_04_ATL_JAX,2023,4,-0.5,loss,-1.26,-1.0,-0.023708703704837353,39.833333333333336,False
away,-1.0,-105,draftkings,0.09075473913712462,0.5446199870384127,0.02744905015736644,B+,2,['+2 edge +9.1%'],1,2.0,True,-2.4653548738792423,2023-10-01 15:45:00+00:00,2023_04_LA_IND,2023,4,0.0,win,1.9047619047619047,0.9523809523809523,0.003757716302109415,1.25,True
away,-1.5,-110,draftkings,0.07101632182002926,0.5610085495247772,0.0,A,3,"['+2 edge +7.1%', '+1 line moved our way']",1,1.95,True,-3.0063321121720237,2023-10-05 14:10:00+00:00,2023_05_TEN_IND,2023,5,1.0,loss,-1.95,-1.0,0.041737073471590724,74.83333333333333,True
away,-4.0,-110,williamhill_us,0.03800917638750656,0.526564855436974,0.032748997826010796,B+,2,"['+1 edge +3.8%', '+1 line moved our way']",1,1.08,True,-6.243974091173692,2023-10-06 14:10:00+00:00,2023_05_BAL_PIT,2023,5,0.5,loss,-1.08,-1.0,-0.0641813252393908,50.833333333333336,True
home,-2.0,-110,williamhill_us,0.03453461162906568,0.5273666957767609,0.027743646964340302,C,-1,"['+1 edge +3.5%', '-1 line moved against us', '-1 QB change']",1,0.98,True,2.8113294935421766,2023-10-08 18:50:00+00:00,2023_05_NYJ_DEN,2023,5,0.5,loss,-0.98,-1.0,0.016485754004270214,1.5833333333333333,True
home,1.0,-108,draftkings,0.11816564988282163,0.5666546888158558,0.026830693644877057,B+,2,"['+2 edge +11.8%', '+1 line moved our way', '-1 QB change']",1,2.0,True,2.0918100609551513,2023-10-09 14:10:00+00:00,2023_05_GB_LV,2023,5,2.0,win,1.851851851851852,0.925925925925926,0.05480516340804109,10.083333333333334,False
away,-7.0,100,williamhill_us,0.04816978643324488,0.49891342078378853,0.050342944865667816,B+,2,"['+1 edge +4.8%', '+1 line moved our way', '+1 right side of 3/7', '-1 QB change']",1,1.27,True,-8.679715162976374,2023-10-12 14:10:00+00:00,2023_06_PHI_NYJ,2023,6,-0.5,loss,-1.27,-1.0,-0.08811481958438494,78.25,True
home,-3.0,-107,betrivers,0.0384578032781393,0.49929118096516456,0.0725393503829144,B+,2,"['+1 edge +3.8%', '+1 line moved our way', '+1 right side of 3/7', '-1 QB change']",1,1.11,True,4.280615110082328,2023-10-12 14:10:00+00:00,2023_06_NE_LV,2023,6,0.0,win,1.0373831775700937,0.9345794392523366,-0.03678416690826891,77.91666666666667,True
away,-2.5,-115,draftkings,0.07763067432663506,0.5764071048723862,0.0,B+,2,"['+2 edge +7.8%', '-1 line moved against us', '+1 right side of 3/7']",1,2.0,True,-4.4330157222772755,2023-10-12 23:00:00+00:00,2023_06_MIN_CHI,2023,6,0.5,win,1.7391304347826084,0.8695652173913042,-0.0033322655663245992,66.0,True
away,-9.5,-110,fanduel,0.06506575466224951,0.557891585775464,0.0,B+,2,"['+2 edge +6.5%', '+1 line moved our way', '-1 QB change']",1,1.79,True,-11.732352344415972,2023-10-13 14:10:00+00:00,2023_06_SF_CLE,2023,6,0.0,loss,-1.79,-1.0,-0.07105947015753389,50.833333333333336,True
away,4.5,-110,williamhill_us,0.04769417583451596,0.5487921873418893,0.0,C+,0,"['+1 edge +4.8%', '-1 QB change']",1,1.31,True,3.794827951353584,2023-10-13 21:40:00+00:00,2023_06_IND_JAX,2023,6,0.5,loss,-1.31,-1.0,0.03573532594419371,43.333333333333336,False
away,2.5,105,williamhill_us,0.041086369385488375,0.5078470094563359,0.0,C,-1,"['+1 edge +4.1%', '-1 wrong side of 3/7', '-1 QB change']",1,0.98,True,1.6543816404326437,2023-10-22 14:10:00+00:00,2023_07_ATL_TB,2023,7,-0.5,win,1.029,1.0499999999999998,-0.04285775996622798,2.8333333333333335,False
away,-1.5,-110,draftkings,0.07836949861578635,0.56486021356065,0.0,B+,2,"['+2 edge +7.8%', '+1 line moved our way', '-1 QB change']",1,2.0,True,-3.133885190689025,2023-10-22 15:45:00+00:00,2023_07_LV_CHI,2023,7,1.0,loss,-2.0,-1.0,0.041737073471590724,1.25,True
away,1.0,-115,betmgm,0.04212418963038922,0.5428782088061197,0.027177973166774387,B,1,"['+1 edge +4.2%', '+1 line moved our way', '-1 QB change']",1,1.24,True,-1.307348746885065,2023-10-26 14:10:00+00:00,2023_08_MIN_GB,2023,8,2.0,win,1.0782608695652172,0.8695652173913042,0.02473566866843724,74.83333333333333,False
away,-6.5,-110,williamhill_us,0.03760793840865406,0.5435089201188188,0.0,A,3,"['+1 edge +3.8%', '+1 line moved our way', '+1 right side of 3/7']",1,1.03,True,-8.49505768154814,2023-10-26 14:10:00+00:00,2023_08_PHI_WAS,2023,8,0.5,win,0.9363636363636365,0.9090909090909092,-0.05142958550938126,74.83333333333333,True
away,8.5,-110,betmgm,0.13229797312903946,0.5931084621152112,0.0,C+,0,"['+2 edge +13.2%', '-1 line moved against us', '-1 QB change']",1,2.0,True,6.622299103745972,2023-10-27 14:10:00+00:00,2023_08_LV_DET,2023,8,1.5,loss,-2.0,-1.0,0.11003953170340619,82.08333333333333,False
away,8.5,-110,fanduel,0.06056628621686766,0.5555347213516926,0.0,A,3,"['+2 edge +6.1%', '+1 line moved our way']",1,1.67,True,7.830189493331149,2023-10-27 14:10:00+00:00,2023_08_CHI_LAC,2023,8,-1.0,loss,-1.67,-1.0,-0.040493720344757955,58.166666666666664,False
home,3.0,100,williamhill_us,0.07051027856181968,0.49894736744450197,0.07261554367281572,B+,2,"['+2 edge +7.1%', '+1 right side of 3/7', '-1 QB change']",1,1.9,True,-1.946764888797513,2023-10-29 14:10:00+00:00,2023_08_NYJ_NYG,2023,8,0.0,push,0.0,0.0,0.006676152834596882,2.8333333333333335,False
away,3.5,-115,fanduel,0.032186261865638555,0.5520996284397602,0.0,B,1,"['+1 edge +3.2%', '-1 line moved against us', '+1 right side of 3/7']",1,0.93,True,2.5933264572727537,2023-11-02 14:10:00+00:00,2023_09_WAS_NE,2023,9,1.0,win,0.8086956521739129,0.8695652173913042,0.03745794093405008,75.83333333333333,False
home,1.0,-108,draftkings,0.04710857395851553,0.5295004556886581,0.027329918558136775,B,1,"['+1 edge +4.7%', '+1 line moved our way', '-1 QB change']",1,1.31,True,0.8682308453007874,2023-11-09 14:10:00+00:00,2023_10_NYJ_LV,2023,10,0.0,win,1.2129629629629632,0.925925925925926,-0.0625588186872642,83.16666666666667,False
away,6.5,-105,fanduel,0.06369094935097008,0.5448173155212286,0.0,B,1,"['+2 edge +6.4%', '-1 wrong side of 3/7']",1,1.67,True,5.657051722523426,2023-11-10 00:00:00+00:00,2023_10_WAS_SEA,2023,10,0.5,win,1.5904761904761904,0.9523809523809523,0.04299467822217906,69.41666666666667,False
away,3.0,100,williamhill_us,0.03865651539921644,0.4829241927364214,0.07280812992637366,C+,0,"['+1 edge +3.9%', '-1 line moved against us', '+1 right side of 3/7', '-1 QB change']",1,1.04,True,2.473073029755784,2023-11-10 00:00:00+00:00,2023_10_GB_PIT,2023,10,0.0,loss,-1.04,-1.0,0.006676152834596882,66.0,False
away,-1.0,-112,draftkings,0.060385828425712385,0.5457070587475488,0.02744032436785227,A,3,"['+2 edge +6.0%', '+1 line moved our way']",1,1.74,True,-2.5011615140179497,2023-11-12 14:10:00+00:00,2023_10_IND_NE,2023,10,0.0,win,1.5535714285714284,0.8928571428571428,-0.02600245528377454,0.3333333333333333,True
away,8.0,-109,betrivers,0.06658641843561441,0.5418567280854204,0.027613426051643172,A,3,"['+2 edge +6.7%', '+1 line moved our way']",1,1.87,True,7.385204304600359,2023-11-16 14:10:00+00:00,2023_11_CHI_DET,2023,11,0.0,win,1.7155963302752295,0.9174311926605505,0.029590153821332787,75.83333333333333,False
home,-7.0,-105,fanduel,0.04930023872609013,0.5117805861790351,0.0501095704717836,B,1,"['+1 edge +4.9%', '+1 right side of 3/7', '-1 QB change']",1,1.36,True,9.086464259182907,2023-11-16 14:10:00+00:00,2023_11_NYJ_BUF,2023,11,1.0,win,1.2952380952380953,0.9523809523809523,-0.01720391011568334,79.25,True
away,4.5,-105,fanduel,0.03989483061993293,0.5326290595858193,0.0,C+,0,"['+1 edge +4.0%', '-1 QB change']",1,1.05,True,4.323320333845313,2023-11-17 14:10:00+00:00,2023_11_ARI_HOU,2023,11,-1.0,loss,-1.05,-1.0,-0.030828844864616234,51.833333333333336,False
away,2.0,-110,draftkings,0.055482600758186784,0.5385420004756996,0.027356963486396553,B+,2,"['+2 edge +5.5%', '+1 line moved our way', '-1 QB change']",1,1.57,True,-0.2643264530927363,2023-11-18 14:10:00+00:00,2023_11_PIT_CLE,2023,11,-0.5,loss,-1.57,-1.0,-0.10486971296662873,27.833333333333332,False
away,7.5,-110,fanduel,0.0416675174175567,0.5456353662663392,0.0,B+,2,"['+1 edge +4.2%', '+1 right side of 3/7']",1,1.15,True,7.264457088236176,2023-11-21 14:10:00+00:00,2023_12_GB_DET,2023,12,-1.0,win,1.0454545454545454,0.9090909090909092,-0.03253576100315703,51.333333333333336,False
away,3.0,100,williamhill_us,0.04967522550016423,0.4884599514172479,0.07275532266566845,A,3,"['+1 edge +5.0%', '+1 line moved our way', '+1 right side of 3/7']",1,1.34,True,2.291221058888737,2023-11-23 14:10:00+00:00,2023_12_BUF_PHI,2023,12,0.5,push,0.0,0.0,0.03702401477959416,79.25,False
away,-1.0,-110,draftkings,0.04865835267228347,0.534883184991956,0.027517726778549346,B,1,"['+1 edge +4.9%', '+1 line moved our way', '-1 QB change']",1,1.38,True,-2.1450333654294162,2023-11-26 16:45:00+00:00,2023_12_JAX_HOU,2023,12,0.0,win,1.2545454545454546,0.9090909090909092,-0.017886044851260663,1.25,True
away,3.5,-110,fanduel,0.04425495552600012,0.5469906909898096,0.0,C+,0,"['+1 edge +4.4%', '-1 line moved against us', '+1 right side of 3/7', '-1 QB change']",1,1.22,True,2.7621582158636433,2023-11-30 14:10:00+00:00,2023_13_DEN_HOU,2023,13,0.0,loss,-1.22,-1.0,0.0014363277161506538,75.83333333333333,False
away,-2.0,-108,draftkings,0.03249733344937478,0.5216878008214052,0.027765272608149864,B+,2,"['+1 edge +3.2%', '+1 line moved our way']",1,0.9,True,-2.624626775634294,2023-12-01 14:10:00+00:00,2023_13_ATL_NYJ,2023,13,0.0,win,0.8333333333333335,0.925925925925926,-0.004093223686205016,51.833333333333336,True
away,-1.0,-108,draftkings,0.032165144680812,0.5216094835373929,0.027583917127314443,C+,0,"['+1 edge +3.2%', '-1 QB change']",1,0.89,True,-1.7092577714959634,2023-12-03 14:10:00+00:00,2023_13_IND_TEN,2023,13,0.5,win,0.8240740740740742,0.925925925925926,0.019895203881149515,3.8333333333333335,True
home,-1.0,-110,draftkings,0.042224322880316745,0.5315025763479556,0.027537586216037902,B,1,"['+1 edge +4.2%', '+1 line moved our way', '-1 QB change']",1,1.19,True,2.0339635092521497,2023-12-08 00:00:00+00:00,2023_14_IND_CIN,2023,14,2.0,win,1.0818181818181818,0.9090909090909092,0.09794800684780025,66.0,True
home,-13.5,-110,fanduel,0.039051903319790915,0.544265282691319,0.0,B+,2,"['+1 edge +3.9%', '+1 line moved our way']",1,1.07,True,14.591860175265833,2023-12-10 16:45:00+00:00,2023_14_TEN_MIA,2023,14,0.5,loss,-1.07,-1.0,0.002530107696636863,32.5,True
away,-12.5,-105,espnbet,0.07738329927512866,0.5518304703604318,0.0,C+,0,"['+2 edge +7.7%', '-1 line moved against us', '-1 QB change']",1,2.0,True,-13.9497158740369,2023-12-14 14:10:00+00:00,2023_15_SF_ARI,2023,15,0.0,win,1.9047619047619047,0.9523809523809523,-0.014160144229759752,78.91666666666667,True
away,-3.0,-110,betrivers,0.037032967723898746,0.5052713091847538,0.07242410473482323,B+,2,"['+1 edge +3.7%', '+1 line moved our way', '+1 right side of 3/7', '-1 QB change']",1,1.1,True,-4.475969408484946,2023-12-14 14:10:00+00:00,2023_15_ATL_CAR,2023,15,0.0,loss,-1.1,-1.0,-0.04851456200190718,75.83333333333333,True
away,3.0,100,williamhill_us,0.03238594290696084,0.4797771371958993,0.0728316685151622,B,1,"['+1 edge +3.2%', '-1 line moved against us', '+1 right side of 3/7']",1,0.87,True,2.576481747400738,2023-12-14 14:10:00+00:00,2023_15_CHI_CLE,2023,15,0.0,push,0.0,0.0,0.006676152834596882,75.83333333333333,False
away,4.5,-108,draftkings,0.03242802343543172,0.5360683967837818,0.0,B,1,['+1 edge +3.2%'],1,0.88,True,4.211100431678369,2023-12-15 14:10:00+00:00,2023_15_DEN_DET,2023,15,-1.0,loss,-0.88,-1.0,-0.043961245340705335,35.083333333333336,False
away,2.5,-105,espnbet,0.03294755385253789,0.5290706983147145,0.0,C,-1,"['+1 edge +3.3%', '-1 line moved against us', '-1 wrong side of 3/7']",1,0.86,True,0.9559898051932398,2023-12-16 14:10:00+00:00,2023_15_DAL_BUF,2023,15,0.5,loss,-0.86,-1.0,-0.02902901401081026,31.25,False
home,8.5,100,hardrockbet,0.04749112118316701,0.5237455605915835,0.0,B,1,"['+1 edge +4.7%', '+1 line moved our way', '-1 QB change']",1,1.19,True,-8.835763785475503,2023-12-17 16:45:00+00:00,2023_15_KC_NE,2023,15,-1.5,loss,-1.19,-1.0,-0.02670908064700872,1.25,False
away,4.0,-107,betrivers,0.06195432509505783,0.5317857134269157,0.03317261781121148,B+,2,['+2 edge +6.2%'],1,1.71,True,3.262877068671233,2023-12-19 14:10:00+00:00,2023_16_NO_LA,2023,16,0.0,loss,-1.71,-1.0,0.01850308273417456,59.083333333333336,False
away,4.0,-105,draftkings,0.043706848399901466,0.5175640499378513,0.03322465566409641,C+,0,"['+1 edge +4.4%', '-1 line moved against us']",1,1.19,True,3.729331843128884,2023-12-21 14:10:00+00:00,2023_16_ARI_CHI,2023,16,-0.5,loss,-1.19,-1.0,-0.0023233076925686102,79.25,False
away,-12.0,-110,williamhill_us,0.03520383129215987,0.5345199311944084,0.014756689921016633,B,1,"['+1 edge +3.5%', '+1 line moved our way', '-1 QB change']",1,0.98,True,-13.413273300385331,2023-12-21 14:10:00+00:00,2023_16_BUF_LAC,2023,16,1.0,loss,-0.98,-1.0,0.009718799820313428,58.833333333333336,True
away,-3.0,100,williamhill_us,0.03125693185928813,0.47922655767736266,0.07280381650456277,A,3,"['+1 edge +3.1%', '+1 line moved our way', '+1 right side of 3/7']",1,0.84,True,-3.6241953151863107,2023-12-22 14:10:00+00:00,2023_16_CLE_HOU,2023,16,0.0,win,0.84,1.0,-0.006676152834596882,51.833333333333336,True
away,10.5,-110,draftkings,0.04186661341746034,0.5457396546472411,0.0,B,1,"['+1 edge +4.2%', '+1 line moved our way', '-1 QB change']",1,1.15,True,9.844386089651026,2023-12-23 14:10:00+00:00,2023_16_LV_KC,2023,16,-0.5,win,1.0454545454545454,0.9090909090909092,-0.028946389929222827,51.833333333333336,False
away,-2.5,-115,hardrockbet,0.032824791740488024,0.5524411676751448,0.0,A,3,"['+1 edge +3.3%', '+1 line moved our way', '+1 right side of 3/7']",1,0.94,True,-3.637772433374038,2023-12-23 20:15:00+00:00,2023_16_CIN_PIT,2023,16,0.5,loss,-0.94,-1.0,-0.0033322655663245992,1.25,True
away,7.0,-110,fanduel,0.06791365268550487,0.5328760544260032,0.05060482150858967,A+,4,"['+2 edge +6.8%', '+1 line moved our way', '+1 right side of 3/7']",1,1.97,True,6.043288307386135,2023-12-28 14:10:00+00:00,2023_17_CIN_KC,2023,17,-0.5,loss,-1.97,-1.0,-0.018531312586297144,79.25,False
away,4.5,-105,fanduel,0.054886509190838595,0.5403077242196979,0.0,C+,0,"['+2 edge +5.5%', '-1 line moved against us', '-1 QB change']",1,1.44,True,4.072610948558404,2023-12-28 14:10:00+00:00,2023_17_TEN_HOU,2023,17,-0.5,loss,-1.44,-1.0,-0.0007216239455849482,75.83333333333333,False
away,5.5,-105,espnbet,0.03546508334397802,0.5303601646395986,0.0,B,1,['+1 edge +3.5%'],1,0.93,True,4.958951652847162,2023-12-29 14:10:00+00:00,2023_17_DET_DAL,2023,17,0.0,win,0.8857142857142857,0.9523809523809523,0.002869174515362616,35.083333333333336,False
away,4.0,-110,draftkings,0.03513857985221547,0.5248230892102219,0.03320359135997343,C,-1,"['+1 edge +3.5%', '-1 line moved against us', '-1 QB change']",1,1.0,True,3.4914332272714166,2023-12-31 00:00:00+00:00,2023_17_LV_IND,2023,17,0.5,win,0.9090909090909092,0.9090909090909092,0.0346408756737675,18.0,False
away,3.0,-112,draftkings,0.03748917709742816,0.5098503478222606,0.0724153044338635,A,3,"['+1 edge +3.7%', '+1 line moved our way', '+1 right side of 3/7']",1,1.13,True,1.5885404324491965,2023-12-31 14:10:00+00:00,2023_17_ATL_CHI,2023,17,0.0,loss,-1.13,-1.0,-0.04334870291629722,3.8333333333333335,False
away,-13.0,-105,espnbet,0.07981978751109842,0.5386260947874449,0.028216459592753675,B,1,"['+2 edge +8.0%', '-1 line moved against us']",1,2.0,True,-14.41714800652715,2024-01-04 14:10:00+00:00,2023_18_DAL_WAS,2023,18,0.0,win,1.9047619047619047,0.9523809523809523,-0.009594947971519163,79.25,True
home,-3.0,100,williamhill_us,0.04474955484758936,0.48600697770080376,0.07273559944598178,A,3,"['+1 edge +4.5%', '+1 line moved our way', '+1 right side of 3/7']",1,1.21,True,3.8462417744335644,2024-01-06 20:15:00+00:00,2023_18_CHI_GB,2023,18,-0.5,win,1.21,1.0,-0.03702401477959394,25.166666666666668,True
away,4.5,-110,fanduel,0.050342143997555766,0.550179218284434,0.0,B,1,"['+2 edge +5.0%', '-1 line moved against us']",1,1.38,True,3.749331704566668,2024-01-11 14:10:00+00:00,2023_19_MIA_KC,2023,19,0.0,loss,-1.38,-1.0,0.006486544801651339,58.833333333333336,False
away,10.0,-110,fanduel,0.03999962800743484,0.5221055310495405,0.04325270509467582,C+,0,"['+1 edge +4.0%', '-1 line moved against us']",1,1.15,True,9.227427359437554,2024-01-12 14:10:00+00:00,2023_19_PIT_BUF,2023,19,0.0,loss,-1.15,-1.0,-0.007020242631908147,79.33333333333333,False
away,7.0,102,draftkings,0.08640143320419158,0.5127025202131472,0.05074234237363412,A+,4,"['+2 edge +8.6%', '+1 line moved our way', '+1 right side of 3/7']",1,2.0,True,6.692751291371396,2024-01-14 20:15:00+00:00,2023_19_GB_DAL,2023,19,0.0,win,2.04,1.02,0.06708365610534739,1.25,False
away,3.0,-102,draftkings,0.03152485510386671,0.48410957758775236,0.07279804458694543,B+,2,"['+1 edge +3.2%', '+1 right side of 3/7']",1,0.87,True,2.4341283412957453,2024-01-14 20:15:00+00:00,2023_19_LA_DET,2023,19,-0.5,win,0.8529411764705883,0.9803921568627452,-0.03256614312343742,4.75,False
away,6.5,-110,williamhill_us,0.031662872258449104,0.5403948378496638,0.0,C,-1,"['+1 edge +3.2%', '-1 line moved against us', '-1 wrong side of 3/7']",1,0.87,True,5.80028338457526,2024-01-18 14:10:00+00:00,2023_20_TB_DET,2023,20,0.5,loss,-0.87,-1.0,0.01986841041237475,77.83333333333333,False
away,10.0,-108,fanduel,0.03296225005863018,0.5138644216180871,0.043297438053425404,C,-1,"['+1 edge +3.3%', '-1 line moved against us', '-1 QB change']",1,0.93,True,9.485829309429466,2024-01-20 14:10:00+00:00,2023_20_GB_SF,2023,20,-0.5,win,0.8611111111111113,0.925925925925926,-0.029486903037509005,11.083333333333334,False
away,7.0,100,betmgm,0.03911371066070113,0.4941805369810794,0.050752636698542374,C+,0,"['+1 edge +3.9%', '-1 line moved against us', '+1 right side of 3/7', '-1 QB change']",1,1.03,True,7.286908982355541,2024-01-26 21:40:00+00:00,2023_21_DET_SF,2023,21,-0.5,win,1.03,1.0,0.025789609447277595,49.833333333333336,False
away,-2.0,-102,draftkings,0.09679354729170853,0.539851697643389,0.027675479409702622,B,1,"['+2 edge +9.7%', '-1 QB change']",1,2.0,True,-3.2223109294433296,2024-02-08 14:10:00+00:00,2023_22_SF_KC,2023,22,-0.5,loss,-2.0,-1.0,-0.006873840585670865,81.33333333333333,True
away,3.0,-115,williamhill_us,0.038983697061707456,0.5170892860887558,0.07225155350446845,B+,2,"['+1 edge +3.9%', '+1 right side of 3/7']",1,1.21,True,1.3505123017426657,2024-09-03 14:10:00+00:00,2024_01_BAL_KC,2024,1,0.0,loss,-1.21,-1.0,-0.05422367155779595,58.166666666666664,False
away,2.5,-105,fanduel,0.07194378978278748,0.5490443801326472,0.0,C+,0,"['+2 edge +7.2%', '-1 wrong side of 3/7', '-1 QB change']",1,1.89,True,0.295945461657922,2024-09-04 14:10:00+00:00,2024_01_GB_PHI,2024,1,0.5,loss,-1.89,-1.0,-0.02902901401081026,58.083333333333336,False
away,8.0,100,williamhill_us,0.11698007330132643,0.5446886989864619,0.02760267532840262,B+,2,"['+2 edge +11.7%', '+1 line moved our way', '-1 QB change']",1,2.0,True,7.294724377435106,2024-09-05 14:10:00+00:00,2024_01_NE_CIN,2024,1,0.0,win,2.0,1.0,0.07273592841655474,74.83333333333333,False
away,3.0,-105,fanduel,0.06215891069322721,0.5069113853119276,0.07247477746517823,A+,4,"['+2 edge +6.2%', '+1 line moved our way', '+1 right side of 3/7']",1,1.76,True,1.6851277995590133,2024-09-05 14:10:00+00:00,2024_01_LV_LAC,2024,1,0.0,loss,-1.76,-1.0,-0.015557116388022818,77.91666666666667,False
away,2.5,-105,espnbet,0.03598576036564216,0.5306268528702069,0.0,C,-1,"['+1 edge +3.6%', '-1 wrong side of 3/7', '-1 QB change']",1,0.94,True,0.9046840222886845,2024-09-05 14:10:00+00:00,2024_01_DAL_CLE,2024,1,0.0,win,0.8952380952380952,0.9523809523809523,-0.05874806228614049,78.25,False
away,2.0,-110,draftkings,0.07157436945108131,0.5470298436118226,0.027244668010329095,B,1,"['+2 edge +7.2%', '-1 line moved against us']",1,2.0,True,-0.5441945086638071,2024-09-10 14:10:00+00:00,2024_02_BUF_MIA,2024,2,-0.5,win,1.8181818181818183,0.9090909090909092,-0.10486971296662873,58.083333333333336,False
home,3.5,-105,fanduel,0.1053268011665045,0.5661429957194292,0.0,B+,2,"['+2 edge +10.5%', '+1 right side of 3/7', '-1 QB change']",1,2.0,True,-2.1274002467315483,2024-09-12 14:10:00+00:00,2024_02_SEA_NE,2024,2,0.0,win,1.9047619047619047,0.9523809523809523,0.024144634467083925,74.83333333333333,False
away,7.5,-110,williamhill_us,0.1045462435665343,0.5785718418681846,0.0,B+,2,"['+2 edge +10.5%', '-1 line moved against us', '+1 right side of 3/7']",1,2.0,True,6.203120875369948,2024-09-12 14:10:00+00:00,2024_02_TB_DET,2024,2,0.0,win,1.8181818181818183,0.9090909090909092,0.027586255330640075,74.83333333333333,False
away,6.5,-110,betmgm,0.039713991782674984,0.5446120909337822,0.0,C+,0,"['+1 edge +4.0%', '-1 wrong side of 3/7']",1,1.09,True,5.663703617218661,2024-09-12 14:10:00+00:00,2024_02_NO_DAL,2024,2,0.0,win,0.9909090909090911,0.9090909090909092,-0.00975494962961565,74.83333333333333,False
away,4.5,-105,fanduel,0.030474239684640025,0.5278038788628644,0.0,B,1,"['+1 edge +3.0%', '+1 line moved our way', '-1 QB change']",1,0.8,True,4.480570098325906,2024-09-19 14:10:00+00:00,2024_03_MIA_SEA,2024,3,0.5,loss,-0.8,-1.0,0.059221387756987154,77.91666666666667,False
home,-5.5,-105,fanduel,0.04279149879355382,0.5341127188942593,0.0,B+,2,"['+1 edge +4.3%', '+1 line moved our way']",1,1.12,True,7.042481035516047,2024-09-22 15:45:00+00:00,2024_03_JAX_BUF,2024,3,-1.5,win,1.0666666666666667,0.9523809523809523,-0.1404452794845199,31.75,True
away,3.0,-110,williamhill_us,0.06695728937116807,0.5210892412999586,0.07215055598033801,B+,2,"['+2 edge +6.7%', '+1 right side of 3/7', '-1 QB change']",1,1.98,True,1.2188907080579825,2024-09-26 14:10:00+00:00,2024_04_LA_CHI,2024,4,0.0,loss,-1.98,-1.0,-0.03576917931767687,74.83333333333333,False
away,3.5,-115,fanduel,0.04457819346223646,0.5587278709216614,0.0,B+,2,"['+1 edge +4.5%', '+1 line moved our way', '+1 right side of 3/7', '-1 QB change']",1,1.28,True,2.3737740844253605,2024-09-26 14:10:00+00:00,2024_04_WAS_ARI,2024,4,0.0,win,1.1130434782608694,0.8695652173913042,-0.019297343665136246,77.91666666666667,False
away,7.5,-110,williamhill_us,0.041215564087215606,0.5453986288075892,0.0,B+,2,"['+1 edge +4.1%', '+1 line moved our way', '+1 right side of 3/7', '-1 QB change']",1,1.13,True,7.272027213676067,2024-09-26 14:10:00+00:00,2024_04_DEN_NYJ,2024,4,0.0,win,1.0272727272727273,0.9090909090909092,0.027586255330640075,74.83333333333333,False
away,5.5,-109,betrivers,0.06983810937502488,0.5579538465161613,0.0,B,1,"['+2 edge +7.0%', '-1 line moved against us']",1,1.9,True,4.058631995674068,2024-09-29 14:10:00+00:00,2024_04_JAX_HOU,2024,4,0.0,win,1.7431192660550459,0.9174311926605505,-0.015083283296503436,2.8333333333333335,False
away,2.5,100,espnbet,0.05872367241473597,0.529361836207368,0.0,C,-1,"['+2 edge +5.9%', '-1 line moved against us', '-1 wrong side of 3/7', '-1 QB change']",1,1.47,True,0.9463923897676028,2024-09-29 14:10:00+00:00,2024_04_NO_ATL,2024,4,0.0,win,1.47,1.0,-0.035790697951656125,2.8333333333333335,False
away,-1.5,-102,fanduel,0.11497718561525683,0.5630082818453277,0.0,A,3,"['+2 edge +11.5%', '+1 line moved our way']",1,2.0,True,-3.072534046298948,2024-10-03 14:10:00+00:00,2024_05_BUF_HOU,2024,5,-2.5,loss,-2.0,-1.0,-0.13022428327447466,74.83333333333333,True
away,-2.5,-110,fanduel,0.04707192293707574,0.548466245347992,0.0,A,3,"['+1 edge +4.7%', '+1 line moved our way', '+1 right side of 3/7']",1,1.29,True,-3.506460027461509,2024-10-03 14:10:00+00:00,2024_05_BAL_CIN,2024,5,0.0,win,1.1727272727272728,0.9090909090909092,-0.011290697409782391,74.83333333333333,True
away,4.0,-105,williamhill_us,0.040101631296172835,0.5157156642283957,0.033228191612162415,C,-1,"['+1 edge +4.0%', '-1 line moved against us', '-1 QB change']",1,1.09,True,3.7898542597802454,2024-10-03 23:00:00+00:00,2024_05_CAR_CHI,2024,5,0.0,loss,-1.09,-1.0,0.027569274255291543,66.0,False
away,6.5,100,williamhill_us,0.03078128107943967,0.5153906405397198,0.0,C,-1,"['+1 edge +3.1%', '-1 line moved against us', '-1 wrong side of 3/7']",1,0.77,True,6.606384104612187,2024-10-03 23:00:00+00:00,2024_05_NYG_SEA,2024,5,-0.5,win,0.77,1.0,0.006259565771732811,69.41666666666667,False
away,3.5,-105,williamhill_us,0.0584170365737402,0.5421160431231352,0.0,B+,2,"['+2 edge +5.8%', '-1 line moved against us', '+1 right side of 3/7']",1,1.53,True,2.9229545988619776,2024-10-06 15:45:00+00:00,2024_05_IND_JAX,2024,5,0.0,win,1.457142857142857,0.9523809523809523,0.024144634467083703,1.25,False
home,7.0,-110,williamhill_us,0.06143132821563446,0.529463503379357,0.050637367218680264,B,1,"['+2 edge +6.1%', '-1 line moved against us', '+1 right side of 3/7', '-1 QB change']",1,1.78,True,-6.153389988138585,2024-10-10 14:10:00+00:00,2024_06_HOU_NE,2024,6,0.5,loss,-1.78,-1.0,0.040960293376271384,74.83333333333333,False
away,6.5,-108,fanduel,0.04218989483061186,0.5411370607774331,0.0,C+,0,"['+1 edge +4.2%', '+1 line moved our way', '-1 wrong side of 3/7', '-1 QB change']",1,1.14,True,5.77626108583981,2024-10-10 14:10:00+00:00,2024_06_WAS_BAL,2024,6,0.0,loss,-1.14,-1.0,-0.0010226299614465306,74.83333333333333,False
home,3.0,105,williamhill_us,0.053523708251412394,0.47838200520144397,0.07284059758845222,A,3,"['+2 edge +5.4%', '+1 right side of 3/7']",1,1.37,True,-2.622332466995334,2024-10-11 21:40:00+00:00,2024_06_DET_DAL,2024,6,-0.5,loss,-1.37,-1.0,-0.0011222331874068958,46.75,False
away,-2.0,-112,draftkings,0.03593235104609516,0.5326413810814441,0.027718308284790327,B,1,"['+1 edge +3.6%', '+1 line moved our way', '-1 QB change']",1,1.03,True,-2.9848612379376904,2024-10-12 14:10:00+00:00,2024_06_BUF_NYJ,2024,6,-1.0,win,0.9196428571428571,0.8928571428571428,-0.078364317833031,58.083333333333336,True
home,-2.5,-115,fanduel,0.04758180093296982,0.560334451661821,0.0,B,1,"['+1 edge +4.8%', '+1 right side of 3/7', '-1 QB change']",1,1.37,True,3.8989692379525778,2024-10-17 14:10:00+00:00,2024_07_HOU_GB,2024,7,0.5,loss,-1.37,-1.0,-0.0033322655663248213,74.83333333333333,True
away,1.5,-108,draftkings,0.041249823179972056,0.5406489466511393,0.0,B,1,['+1 edge +4.1%'],1,1.11,True,-0.3337392787730459,2024-10-17 14:10:00+00:00,2024_07_DET_MIN,2024,7,0.5,win,1.027777777777778,0.925925925925926,-0.03698095916401345,74.83333333333333,False
away,6.0,-110,williamhill_us,0.03435261756263719,0.5229746646785388,0.03594643953997201,C,-1,"['+1 edge +3.4%', '-1 line moved against us', '-1 QB change']",1,0.98,True,5.198553948777873,2024-10-17 23:00:00+00:00,2024_07_NE_JAX,2024,7,-0.5,loss,-0.98,-1.0,-0.04248630605794035,62.5,False
home,-3.0,105,williamhill_us,0.04259131031807817,0.47304597136466875,0.0728470690205073,C+,0,"['+1 edge +4.3%', '-1 line moved against us', '+1 right side of 3/7', '-1 QB change']",1,1.09,True,3.4215245696074863,2024-10-20 15:45:00+00:00,2024_07_MIA_IND,2024,7,0.0,win,1.1444999999999999,1.0499999999999998,0.016334972207423748,1.25,True
home,3.5,-115,draftkings,0.032244604310973646,0.5521308348640092,0.0,B,1,"['+1 edge +3.2%', '-1 line moved against us', '+1 right side of 3/7']",1,0.93,True,-2.5922941776242787,2024-10-22 14:10:00+00:00,2024_08_MIN_LA,2024,8,0.5,win,0.8086956521739129,0.8695652173913042,0.009149237559226142,58.083333333333336,False
away,4.5,-105,hardrockbet,0.057169479021162095,0.5414770502303513,0.0,A,3,"['+2 edge +5.7%', '+1 line moved our way']",1,1.5,True,4.034377247450649,2024-10-24 14:10:00+00:00,2024_08_IND_HOU,2024,8,-0.5,win,1.4285714285714284,0.9523809523809523,-0.0007216239455849482,74.83333333333333,False
home,7.0,-105,espnbet,0.03788372512221838,0.505600270864785,0.05075938676716187,B,1,"['+1 edge +3.8%', '+1 right side of 3/7', '-1 QB change']",1,1.05,True,-6.920748106452798,2024-10-25 21:40:00+00:00,2024_08_NYJ_NE,2024,8,0.0,win,1.0,0.9523809523809523,0.03306249935782679,43.333333333333336,False
away,4.5,-105,fanduel,0.030388930426287653,0.5277601838768791,0.0,B+,2,"['+1 edge +3.0%', '+1 line moved our way']",1,0.8,True,4.481993149007337,2024-10-27 14:10:00+00:00,2024_08_DAL_SF,2024,8,-1.0,loss,-0.8,-1.0,-0.030828844864616234,10.166666666666666,False
home,-11.5,-110,draftkings,0.07960042556068991,0.5655049848175042,0.0,B+,2,"['+2 edge +8.0%', '+1 line moved our way', '-1 QB change']",1,2.0,True,13.918643043460742,2024-10-27 19:10:00+00:00,2024_08_CAR_DEN,2024,8,1.5,win,1.8181818181818183,0.9090909090909092,0.02317868358833941,1.25,True
away,7.5,-114,betrivers,0.07983590005924013,0.5752396850782868,0.0,A+,4,"['+2 edge +8.0%', '+1 line moved our way', '+1 right side of 3/7']",1,2.0,True,6.311338093710562,2024-10-31 14:10:00+00:00,2024_09_LV_CIN,2024,9,-0.5,loss,-2.0,-1.0,-0.019085440342936355,75.83333333333333,False
away,7.5,-105,williamhill_us,0.06080597932492826,0.5433396479469145,0.0,B+,2,"['+2 edge +6.1%', '-1 line moved against us', '+1 right side of 3/7']",1,1.6,True,7.337837844326131,2024-10-31 14:10:00+00:00,2024_09_JAX_PHI,2024,9,0.0,win,1.5238095238095237,0.9523809523809523,0.05088753096172027,78.91666666666667,False
away,9.5,-110,espnbet,0.059645477272286085,0.5550523928569118,0.0,B+,2,"['+2 edge +6.0%', '+1 line moved our way', '-1 QB change']",1,1.64,True,8.188332544192864,2024-10-31 14:10:00+00:00,2024_09_DEN_BAL,2024,9,0.5,loss,-1.64,-1.0,0.010569743058061798,75.83333333333333,False
away,-1.5,-108,betrivers,0.04379463999228084,0.5419702938421458,0.0,B+,2,"['+1 edge +4.4%', '+1 line moved our way']",1,1.18,True,-2.378117112882838,2024-10-31 14:10:00+00:00,2024_09_LA_SEA,2024,9,0.0,win,1.0925925925925928,0.925925925925926,-0.007709285148292722,79.25,True
away,3.0,100,espnbet,0.0329788247433449,0.48007458983827783,0.07282964506678916,C+,0,"['+1 edge +3.3%', '-1 line moved against us', '+1 right side of 3/7', '-1 QB change']",1,0.89,True,2.566706730554584,2024-10-31 23:00:00+00:00,2024_09_DAL_ATL,2024,9,0.0,loss,-0.89,-1.0,0.006676152834596882,67.0,False
away,8.5,-110,fanduel,0.08035027254554006,0.5658977618095686,0.0,A,3,"['+2 edge +8.0%', '+1 line moved our way']",1,2.0,True,7.499576533693796,2024-11-07 14:10:00+00:00,2024_10_DEN_KC,2024,10,1.0,win,1.8181818181818183,0.9090909090909092,0.08032499728648257,75.83333333333333,False
away,3.0,-115,betmgm,0.06523802440854709,0.5313430459041131,0.07185754728346622,B+,2,"['+2 edge +6.5%', '-1 line moved against us', '+1 right side of 3/7']",1,2.0,True,0.8810656561798083,2024-11-07 14:10:00+00:00,2024_10_PIT_WAS,2024,10,1.5,win,1.7391304347826084,0.8695652173913042,0.03059120399301829,75.83333333333333,False
home,6.5,-110,draftkings,0.030973535785494555,0.540033756840021,0.0,C,-2,"['+1 edge +3.1%', '-1 line moved against us', '-1 wrong side of 3/7', '-1 QB change']",1,0.85,True,-5.811967595437112,2024-11-07 14:10:00+00:00,2024_10_NYG_CAR,2024,10,0.0,win,0.7727272727272728,0.9090909090909092,-0.00975494962961565,72.33333333333333,False
away,-3.5,-109,betrivers,0.05024534729520935,0.5477356117472623,0.0,B,1,"['+2 edge +5.0%', '-1 wrong side of 3/7']",1,1.37,True,-5.864003665794531,2024-11-08 14:10:00+00:00,2024_10_BUF_IND,2024,10,1.0,win,1.2568807339449544,0.9174311926605505,-0.02976625506344921,51.833333333333336,True
away,7.5,-110,betmgm,0.03704079272074523,0.5432118438061047,0.0,B+,2,"['+1 edge +3.7%', '+1 right side of 3/7']",1,1.02,True,7.341921112606771,2024-11-08 14:10:00+00:00,2024_10_TEN_LAC,2024,10,-0.5,loss,-1.02,-1.0,-0.0024173934498681326,54.916666666666664,False
away,3.5,-102,fanduel,0.04198197448416985,0.5261493138484422,0.0,B,1,"['+1 edge +4.2%', '+1 right side of 3/7', '-1 QB change']",1,1.07,True,3.447928583591703,2024-11-14 14:10:00+00:00,2024_11_IND_NYJ,2024,11,-0.5,win,1.0490196078431373,0.9803921568627452,0.008600474089680565,75.83333333333333,False
home,4.5,-105,williamhill_us,0.03952127237982017,0.5324377248774689,0.0,B+,2,"['+1 edge +4.0%', '+1 line moved our way']",1,1.04,True,-4.329559887303565,2024-11-14 14:10:00+00:00,2024_11_LA_NE,2024,11,0.5,loss,-1.04,-1.0,0.059221387756987376,75.83333333333333,False
away,7.5,-115,betmgm,0.035892210092611565,0.5540818798169783,0.0,B,1,"['+1 edge +3.6%', '+1 right side of 3/7', '-1 QB change']",1,1.03,True,6.9938835068988965,2024-11-14 14:10:00+00:00,2024_11_LV_MIA,2024,11,-0.5,loss,-1.03,-1.0,-0.023071277643452737,75.83333333333333,False
home,7.0,100,williamhill_us,0.11580456133367711,0.5325984755089129,0.05060761031585124,B,1,"['+2 edge +11.6%', '-1 line moved against us', '+1 right side of 3/7', '-1 QB change']",1,2.0,True,-6.052248264710001,2024-11-16 14:10:00+00:00,2024_11_HOU_DAL,2024,11,-0.5,loss,-2.0,-1.0,0.025789609447277595,59.083333333333336,False
away,7.0,105,williamhill_us,0.08519241509049924,0.5046009454912779,0.05076047683337949,B,1,"['+2 edge +8.5%', '-1 line moved against us', '+1 right side of 3/7', '-1 QB change']",1,2.0,True,6.952808986480781,2024-11-21 14:10:00+00:00,2024_12_NE_MIA,2024,12,-0.5,loss,-2.0,-1.0,0.05016611656574366,75.83333333333333,False
away,8.0,-105,williamhill_us,0.07773626121031696,0.537861249093023,0.027626203457272083,A,3,"['+2 edge +7.8%', '+1 line moved our way']",1,2.0,True,7.512699027439975,2024-11-21 14:10:00+00:00,2024_12_TEN_HOU,2024,12,0.0,win,1.9047619047619047,0.9523809523809523,0.04785291555476001,75.83333333333333,False
away,11.0,-110,williamhill_us,0.049935933473929994,0.5394846247689191,0.02001074073326623,C,-1,"['+1 edge +5.0%', '-1 line moved against us', '-1 QB change']",1,1.4,True,10.04008061728718,2024-11-21 14:10:00+00:00,2024_12_DAL_WAS,2024,12,0.5,win,1.2727272727272727,0.9090909090909092,0.021820947779938926,75.83333333333333,False
away,-7.0,-110,hardrockbet,0.030501086555568824,0.5135573732917118,0.05007337390775535,A,3,"['+1 edge +3.1%', '+1 line moved our way', '+1 right side of 3/7']",1,0.88,True,-9.14261187816921,2024-11-22 00:00:00+00:00,2024_12_DET_IND,2024,12,0.0,win,0.8,0.9090909090909092,-0.09757639885110603,66.0,True
home,-3.0,-105,betmgm,0.04896173205046073,0.5001265137416029,0.07252425284066467,B+,2,"['+1 edge +4.9%', '+1 line moved our way', '+1 right side of 3/7', '-1 QB change']",1,1.39,True,4.307908109038202,2024-11-22 14:10:00+00:00,2024_12_SF_GB,2024,12,3.5,win,1.3238095238095235,0.9523809523809523,0.17745267626258254,55.25,True
away,3.5,-110,betmgm,0.05813089402028404,0.5542590397249106,0.0,A,3,"['+2 edge +5.8%', '+1 right side of 3/7']",1,1.6,True,2.5218647134236236,2024-11-28 14:10:00+00:00,2024_13_ARI_MIN,2024,13,0.0,win,1.4545454545454548,0.9090909090909092,0.0014363277161506538,75.83333333333333,False
away,3.0,-105,williamhill_us,0.04921498805376601,0.5002199668181658,0.07259505283734712,B,1,"['+1 edge +4.9%', '-1 line moved against us', '+1 right side of 3/7']",1,1.39,True,1.9049637155626145,2024-11-28 14:10:00+00:00,2024_13_PIT_CIN,2024,13,0.0,win,1.3238095238095235,0.9523809523809523,-0.015557116388022818,75.83333333333333,False
home,3.5,-110,draftkings,0.03555316048829815,0.5424326078748228,0.0,A,3,"['+1 edge +3.6%', '+1 line moved our way', '+1 right side of 3/7']",1,0.98,True,-2.912520519540614,2024-12-01 16:45:00+00:00,2024_13_HOU_JAX,2024,13,0.0,win,0.890909090909091,0.9090909090909092,0.0014363277161508758,1.25,False
away,3.5,-109,betrivers,0.07106592741961126,0.5585941918121418,0.0,B,1,"['+2 edge +7.1%', '-1 line moved against us', '+1 right side of 3/7', '-1 QB change']",1,1.94,True,2.378208119200648,2024-12-05 14:10:00+00:00,2024_14_JAX_TEN,2024,14,0.5,win,1.7798165137614679,0.9174311926605505,0.03498621398489443,75.83333333333333,False
away,5.5,-105,williamhill_us,0.03376044147239554,0.5294870553883002,0.0,C+,0,"['+1 edge +3.4%', '-1 line moved against us']",1,0.89,True,4.987301908196294,2024-12-05 14:10:00+00:00,2024_14_ATL_MIN,2024,14,-0.5,loss,-0.89,-1.0,-0.02734279364192871,75.83333333333333,False
away,3.0,-110,espnbet,0.03431504215312953,0.5037903337187459,0.07253349596279637,C+,0,"['+1 edge +3.4%', '-1 line moved against us', '+1 right side of 3/7', '-1 QB change']",1,1.02,True,1.78767558088265,2024-12-13 14:10:00+00:00,2024_15_MIA_HOU,2024,15,0.5,loss,-1.02,-1.0,-0.006803680768057818,51.833333333333336,False
home,3.0,100,williamhill_us,0.04494383545392888,0.4860820248235918,0.07277978580674523,B+,2,"['+1 edge +4.5%', '+1 line moved our way', '+1 right side of 3/7', '-1 QB change']",1,1.21,True,-2.3693311462529545,2024-12-15 16:45:00+00:00,2024_15_NYJ_JAX,2024,15,-0.5,loss,-1.21,-1.0,-0.023708703704837242,1.25,False
away,6.5,-110,williamhill_us,0.04042596890149652,0.5449850313293553,0.0,B,1,"['+1 edge +4.0%', '+1 line moved our way', '-1 wrong side of 3/7']",1,1.11,True,5.651615201644901,2024-12-15 16:45:00+00:00,2024_15_NE_ARI,2024,15,0.5,loss,-1.11,-1.0,0.01986841041237475,4.666666666666667,False
away,3.0,-110,draftkings,0.04303190669954238,0.5084026091677667,0.0724451073792605,B+,2,"['+1 edge +4.3%', '+1 right side of 3/7']",1,1.28,True,1.6361225996306241,2024-12-15 20:10:00+00:00,2024_15_TB_LAC,2024,15,0.0,win,1.1636363636363638,0.9090909090909092,-0.03576917931767687,1.25,False
away,3.0,-110,fanduel,0.09718347477450529,0.5371742083000508,0.07166907711077204,A,3,"['+2 edge +9.7%', '+1 right side of 3/7']",1,2.0,True,0.6886219897626464,2024-12-17 14:10:00+00:00,2024_16_DEN_LAC,2024,16,0.0,loss,-2.0,-1.0,-0.03576917931767687,59.083333333333336,False
away,8.5,-108,draftkings,0.04621880694056224,0.5432289959114458,0.0,B,1,"['+1 edge +4.6%', '+1 line moved our way', '-1 QB change']",1,1.25,True,8.220796290335379,2024-12-19 14:10:00+00:00,2024_16_NYG_ATL,2024,16,-1.0,loss,-1.25,-1.0,-0.032032465674076804,75.83333333333333,False
away,-6.5,-110,williamhill_us,0.037813958072763665,0.5436168351809714,0.0,C+,0,"['+1 edge +3.8%', '-1 line moved against us', '+1 right side of 3/7', '-1 QB change']",1,1.04,True,-8.498523025986547,2024-12-19 14:10:00+00:00,2024_16_DET_CHI,2024,16,0.5,win,0.9454545454545455,0.9090909090909092,-0.05142958550938126,75.83333333333333,True
home,-3.5,100,espnbet,0.04118822808250999,0.520594114041255,0.0,C+,0,"['+1 edge +4.1%', '-1 wrong side of 3/7']",1,1.03,True,4.976364074413686,2024-12-20 00:00:00+00:00,2024_16_HOU_KC,2024,16,0.0,win,1.03,1.0,-0.049123771893110346,42.0,True
away,4.0,-112,draftkings,0.06765895831356183,0.5465743891637278,0.033071721682220154,A,3,"['+2 edge +6.8%', '+1 line moved our way']",1,1.96,True,2.7759012740628712,2024-12-22 16:45:00+00:00,2024_16_TEN_IND,2024,16,0.0,loss,-1.96,-1.0,-0.0027458036434435673,1.25,False
away,-5.5,-105,fanduel,0.03981391201602924,0.5325876134716248,0.0,B,1,"['+1 edge +4.0%', '+1 line moved our way', '-1 QB change']",1,1.05,True,-6.993229243634878,2024-12-24 00:00:00+00:00,2024_17_BAL_HOU,2024,17,0.0,win,1.0,0.9523809523809523,-0.0504882221344104,45.5,True
away,-2.0,-110,hardrockbet,0.0375697060403144,0.5289602375171818,0.02773652532569457,B,1,['+1 edge +3.8%'],1,1.06,True,-2.8637420017371777,2024-12-25 16:45:00+00:00,2024_17_KC_PIT,2024,17,1.0,win,0.9636363636363637,0.9090909090909092,0.04545479265175856,1.25,True
away,3.0,105,williamhill_us,0.08266212584052668,0.49266174154350495,0.07270555567634168,B+,2,"['+2 edge +8.3%', '+1 right side of 3/7', '-1 QB change']",1,2.0,True,2.1532133584947233,2024-12-26 14:10:00+00:00,2024_17_DEN_CIN,2024,17,-0.5,loss,-2.0,-1.0,-0.0011222331874070068,55.333333333333336,False
home,-8.0,-105,espnbet,0.04690997765233895,0.5222815446883143,0.02721743802277296,C,-1,"['+1 edge +4.7%', '-1 model 7 pts from market', '-1 line moved against us']",1,1.27,True,10.279725641145712,2024-12-26 14:10:00+00:00,2024_17_CAR_TB,2024,17,1.5,win,1.2095238095238094,0.9523809523809523,-0.0014180922194476642,75.83333333333333,True
home,4.0,-105,hardrockbet,0.04059386750292071,0.5159680100900018,0.03322775256529819,B,1,"['+1 edge +4.1%', '+1 line moved our way', '-1 QB change']",1,1.1,True,-3.7815927805810428,2024-12-27 00:00:00+00:00,2024_17_LAC_NE,2024,17,-2.0,loss,-1.1,-1.0,-0.09225507576517944,42.0,False
home,7.5,-108,draftkings,0.03763140038293078,0.5387701501988295,0.0,C+,0,"['+1 edge +3.8%', '-1 line moved against us', '+1 right side of 3/7', '-1 QB change']",1,1.02,True,-7.483711955646854,2024-12-29 16:45:00+00:00,2024_17_IND_NYG,2024,17,0.0,win,0.9444444444444445,0.925925925925926,0.03664786252050489,1.25,False
away,-1.0,-110,hardrockbet,0.09148235401377036,0.5574116275362989,0.027332883262654303,B,1,"['+2 edge +9.1%', '-1 line moved against us']",1,2.0,True,-2.8873684785076215,2025-01-02 14:10:00+00:00,2024_18_CIN_PIT,2024,18,1.5,win,1.8181818181818183,0.9090909090909092,0.06917768419214032,58.833333333333336,True
home,-3.0,100,espnbet,0.06678585640671142,0.4971042608203448,0.07257733476602181,B+,2,"['+2 edge +6.7%', '+1 right side of 3/7', '-1 QB change']",1,1.8,True,4.209151991187549,2025-01-02 14:10:00+00:00,2024_18_MIN_DET,2024,18,0.0,win,1.8,1.0,-0.006676152834596993,83.16666666666667,True
away,8.0,-109,betrivers,0.03228178663745296,0.523947263211861,0.027648960845902935,C,-1,"['+1 edge +3.2%', '-1 line moved against us', '-1 QB change']",1,0.9,True,7.955422068649041,2025-01-02 14:10:00+00:00,2024_18_CAR_ATL,2024,18,0.5,win,0.8256880733944955,0.9174311926605505,0.05970054723031737,75.83333333333333,False
home,-13.5,-105,fanduel,0.1687441703134458,0.5986250628434723,0.0,C,-1,"['+2 edge +16.9%', '-1 model 7 pts from market', '-1 line moved against us', '-1 QB change']",1,2.0,True,16.295287747774076,2025-01-03 14:10:00+00:00,2024_18_NO_TB,2024,18,1.0,loss,-2.0,-1.0,0.05682631756555789,51.833333333333336,True
away,3.5,-112,draftkings,0.030223460111740597,0.5442689977948818,0.0,A,3,"['+1 edge +3.0%', '+1 line moved our way', '+1 right side of 3/7']",1,0.85,True,2.851970379947706,2025-01-05 14:10:00+00:00,2024_18_JAX_IND,2024,18,0.0,win,0.7589285714285714,0.8928571428571428,-0.0070792873154493785,3.8333333333333335,False
away,9.0,-110,hardrockbet,0.07597589829499096,0.5579661839864862,0.010767728866244546,C+,0,"['+2 edge +7.6%', '-1 line moved against us', '-1 QB change']",1,2.0,True,7.752765817020821,2025-01-09 14:10:00+00:00,2024_19_DEN_BUF,2024,19,1.5,loss,-2.0,-1.0,0.09106919089234311,75.83333333333333,False
away,8.5,-110,williamhill_us,0.053566789628183065,0.5518683183766673,0.0,B,1,"['+2 edge +5.4%', '-1 line moved against us']",1,1.47,True,7.946777160679984,2025-01-16 14:10:00+00:00,2024_20_HOU_KC,2024,20,-1.0,loss,-1.47,-1.0,-0.040493720344757955,55.333333333333336,False
away,6.0,-105,espnbet,0.036289396445599476,0.5123442836127874,0.03599817605872883,B+,2,"['+1 edge +3.6%', '+1 line moved our way']",1,0.99,True,5.5427087160858886,2025-01-16 14:10:00+00:00,2024_20_LA_PHI,2024,20,-1.0,push,0.0,0.0,-0.05191525351095028,77.83333333333333,False
away,9.5,-110,betmgm,0.033867761708678,0.5415497799426409,0.0,C,-1,"['+1 edge +3.4%', '-1 line moved against us', '-1 QB change']",1,0.93,True,8.61560591472527,2025-01-18 14:10:00+00:00,2024_20_WAS_DET,2024,20,1.0,win,0.8454545454545456,0.9090909090909092,0.04085588606915147,10.833333333333334,False
away,6.0,-105,espnbet,0.0725110060548908,0.5309520054006764,0.03589042408214155,B+,2,"['+2 edge +7.3%', '+1 line moved our way', '-1 QB change']",1,1.97,True,4.939730325604474,2025-01-26 18:45:00+00:00,2024_21_WAS_PHI,2024,21,0.0,loss,-1.97,-1.0,0.008683716337248404,1.25,False
away,2.5,-105,draftkings,0.07676714437165799,0.5515148788245078,0.0,B+,2,"['+2 edge +7.7%', '+1 line moved our way', '-1 wrong side of 3/7']",1,2.0,True,0.2140383473215688,2025-09-04 14:10:00+00:00,2025_01_DET_GB,2025,1,1.0,loss,-2.0,-1.0,0.0006806469403661808,78.25,False
away,8.5,-105,betmgm,0.06802156437132423,0.5470354354097027,0.0,C+,0,"['+2 edge +6.8%', '-1 line moved against us', '-1 QB change']",1,1.79,True,8.100180795837021,2025-09-04 14:10:00+00:00,2025_01_DAL_PHI,2025,1,0.0,win,1.7047619047619047,0.9523809523809523,0.04334798830653375,10.166666666666666,False
away,-5.5,-105,fanduel,0.06668879929731553,0.5463527996400884,0.0,B+,2,['+2 edge +6.7%'],1,1.75,True,-7.438136597969754,2025-09-04 14:10:00+00:00,2025_01_CIN_CLE,2025,1,0.0,loss,-1.75,-1.0,-0.0504882221344104,74.83333333333333,True
away,1.5,-118,draftkings,0.038919858991469436,0.562351116334832,0.0,B,1,"['+1 edge +3.9%', '+1 line moved our way', '-1 QB change']",1,1.15,True,-1.051249989619743,2025-09-04 14:10:00+00:00,2025_01_MIA_IND,2025,1,0.0,loss,-1.15,-1.0,-0.10440403318402036,74.83333333333333,False
away,-1.5,-115,draftkings,0.038800220232848126,0.5556373271012909,0.0,C,-1,"['+1 edge +3.9%', '-1 line moved against us', '-1 QB change']",1,1.12,True,-2.828737233205476,2025-09-04 14:10:00+00:00,2025_01_TB_ATL,2025,1,0.0,win,0.9739130434782608,0.8695652173913042,-0.03674789302438797,74.83333333333333,True
away,3.5,-108,fanduel,0.0550358519025993,0.5478070769494265,0.0,B,1,"['+2 edge +5.5%', '-1 line moved against us', '+1 right side of 3/7', '-1 QB change']",1,1.49,True,2.7352014186645803,2025-09-09 14:10:00+00:00,2025_02_WAS_GB,2025,2,0.0,loss,-1.49,-1.0,0.010267335897069074,58.083333333333336,False
away,3.5,-108,draftkings,0.09103035059388187,0.5664965281929771,0.0,A,3,"['+2 edge +9.1%', '+1 line moved our way', '+1 right side of 3/7', '-1 QB change']",1,2.0,True,2.1156324569031923,2025-09-11 14:10:00+00:00,2025_02_ATL_MIN,2025,2,0.0,win,1.851851851851852,0.925925925925926,0.010267335897069074,82.16666666666667,False
away,-5.5,-108,draftkings,0.0763065076789331,0.5588514559102152,0.0,B,1,"['+2 edge +7.6%', '-1 QB change']",1,2.0,True,-7.843116905591671,2025-09-11 14:10:00+00:00,2025_02_LA_TEN,2025,2,0.0,win,1.851851851851852,0.925925925925926,-0.0633542353846216,74.83333333333333,True
home,-11.5,-105,espnbet,0.0510874091720368,0.5383618437222628,0.0,C+,0,"['+2 edge +5.1%', '-1 line moved against us', '-1 QB change']",1,1.34,True,13.074686316458658,2025-09-11 14:10:00+00:00,2025_02_CLE_BAL,2025,2,1.0,win,1.276190476190476,0.9523809523809523,0.014821113975002742,74.83333333333333,True
away,2.5,115,espnbet,0.04428800347139039,0.48571535045180947,0.0,C,-2,"['+1 edge +4.4%', '-1 line moved against us', '-1 wrong side of 3/7', '-1 QB change']",1,0.96,True,2.381376344026763,2025-09-11 14:10:00+00:00,2025_02_SEA_PIT,2025,2,-1.0,win,1.1039999999999999,1.15,-0.028781767750494014,74.83333333333333,False
away,1.5,-120,fanduel,0.09466101007032446,0.5970878236747224,0.0,B+,2,"['+2 edge +9.5%', '+1 line moved our way', '-1 QB change']",1,2.0,True,-2.213317534849544,2025-09-18 14:10:00+00:00,2025_03_DAL_CHI,2025,3,3.0,loss,-2.0,-1.0,0.0556983003398972,78.25,False
away,-4.5,100,espnbet,0.037404114651157006,0.5187020573255785,0.0,B,1,"['+1 edge +3.7%', '+1 line moved our way', '-1 QB change']",1,0.94,True,-5.989287884110288,2025-09-18 14:10:00+00:00,2025_03_IND_TEN,2025,3,1.5,win,0.94,1.0,0.038065631033291414,74.83333333333333,True
away,5.5,-115,fanduel,0.07515428396695034,0.5750825239823223,0.0,B+,2,"['+2 edge +7.5%', '+1 line moved our way', '-1 QB change']",1,2.0,True,3.4943047364400304,2025-09-19 14:10:00+00:00,2025_03_DET_BAL,2025,3,1.0,win,1.7391304347826084,0.8695652173913042,0.01790664817766996,82.08333333333333,False
away,-7.5,100,espnbet,0.036788122422795944,0.518394061211398,0.0,C+,0,"['+1 edge +3.7%', '+1 line moved our way', '-1 wrong side of 3/7', '-1 QB change']",1,0.92,True,-9.295451915398738,2025-09-21 14:10:00+00:00,2025_03_GB_CLE,2025,3,1.0,loss,-0.92,-1.0,-0.013533964663359432,2.8333333333333335,True
away,2.0,-114,betrivers,0.0442724564459791,0.5417431031754899,0.02731610487093675,C,-1,"['+1 edge +4.4%', '-1 line moved against us', '-1 QB change']",1,1.3,True,-0.3698007822466267,2025-09-21 19:10:00+00:00,2025_03_ARI_SF,2025,3,0.5,win,1.1403508771929827,0.8771929824561404,-0.062217544508787026,1.25,False
home,-9.5,-110,fanduel,0.10051224940739312,0.5764587973086345,0.0,B,1,"['+2 edge +10.1%', '-1 QB change']",1,2.0,True,12.318353173552813,2025-09-25 14:10:00+00:00,2025_04_CLE_DET,2025,4,0.5,win,1.8181818181818183,0.9090909090909092,-0.040556248117868066,74.83333333333333,True
home,-15.5,-108,draftkings,0.048101249608752505,0.5442064180660829,0.0,B,1,"['+1 edge +4.8%', '+1 line moved our way', '-1 QB change']",1,1.3,True,16.466472380128202,2025-09-25 14:10:00+00:00,2025_04_NO_BUF,2025,4,0.0,loss,-1.3,-1.0,-0.012092625603644547,74.83333333333333,True
away,7.5,-110,espnbet,0.07376799777920762,0.5624499035986326,0.0,B,1,"['+2 edge +7.4%', '-1 line moved against us', '+1 right side of 3/7', '-1 QB change']",1,2.0,True,6.724816204464731,2025-09-26 14:10:00+00:00,2025_04_CIN_DEN,2025,4,0.0,loss,-2.0,-1.0,0.027586255330640075,82.08333333333333,False
away,-1.0,-105,betmgm,0.051326668539556586,0.5243617421577208,0.027572790993530275,B,1,"['+2 edge +5.1%', '-1 line moved against us']",1,1.39,True,-1.799548002556931,2025-09-26 14:10:00+00:00,2025_04_WAS_ATL,2025,4,-3.5,loss,-1.39,-1.0,-0.203281595066362,50.833333333333336,True
away,-1.0,-110,fanatics,0.07776764319377949,0.5501914862150208,0.027402078601467077,A,3,"['+2 edge +7.8%', '+1 line moved our way']",1,2.0,True,-2.6489788458415884,2025-10-02 14:10:00+00:00,2025_05_MIA_CAR,2025,5,0.5,loss,-2.0,-1.0,0.01122133399608205,74.83333333333333,True
away,6.5,100,espnbet,0.07552470067861039,0.5377623503393052,0.0,B,1,"['+2 edge +7.6%', '-1 wrong side of 3/7']",1,1.89,True,5.885434167740979,2025-10-02 14:10:00+00:00,2025_05_LV_IND,2025,5,-0.5,loss,-1.89,-1.0,0.006259565771732811,74.83333333333333,False
home,-7.5,-105,espnbet,0.035064392377685216,0.5301549326812535,0.0,C,-1,"['+1 edge +3.5%', '-1 wrong side of 3/7', '-1 QB change']",1,0.92,True,9.667204145216807,2025-10-02 14:10:00+00:00,2025_05_TEN_ARI,2025,5,0.0,loss,-0.92,-1.0,-0.09850657858076839,77.91666666666667,True
away,-7.5,100,espnbet,0.055301852987442945,0.5276509264937215,0.0,B,1,"['+2 edge +5.5%', '-1 wrong side of 3/7']",1,1.38,True,-9.588030578597815,2025-10-07 14:10:00+00:00,2025_06_PHI_NYG,2025,6,-0.5,loss,-1.38,-1.0,-0.10778255512352719,58.083333333333336,True
home,4.5,-112,draftkings,0.08233207284593091,0.5717980762204918,0.0,A,3,"['+2 edge +8.2%', '+1 line moved our way']",1,2.0,True,-3.0365840352685183,2025-10-09 14:10:00+00:00,2025_06_LAC_MIA,2025,6,1.0,win,1.7857142857142856,0.8928571428571428,0.055772178461468425,74.83333333333333,False
away,14.0,-105,draftkings,0.05091286797766004,0.5171147074126972,0.04130796302906102,C+,0,"['+2 edge +5.1%', '-1 line moved against us', '-1 QB change']",1,1.39,True,12.696280086639138,2025-10-09 14:10:00+00:00,2025_06_CIN_GB,2025,6,0.0,win,1.3238095238095235,0.9523809523809523,-0.031395881969081274,78.25,False
away,2.5,-110,draftkings,0.030092048309608543,0.539572025305033,0.0,C,-1,"['+1 edge +3.0%', '-1 line moved against us', '-1 wrong side of 3/7']",1,0.83,True,0.609406649717938,2025-10-09 14:10:00+00:00,2025_06_DET_KC,2025,6,0.0,loss,-0.83,-1.0,-0.0796183934993081,82.16666666666667,False
away,-3.5,112,espnbet,0.030000362176896722,0.4858492274419324,0.0,C,-2,"['+1 edge +3.0%', '-1 line moved against us', '-1 wrong side of 3/7', '-1 QB change']",1,0.67,True,-3.8410787893853233,2025-10-10 21:40:00+00:00,2025_06_DAL_CAR,2025,6,-0.5,loss,-0.67,-1.0,-0.024328298218322386,43.333333333333336,True
away,2.5,100,espnbet,0.15337614324582916,0.5766880716229146,0.0,C,-1,"['+2 edge +15.3%', '-1 model 8 pts from market', '-1 wrong side of 3/7', '-1 QB change']",1,2.0,True,-0.6250478517087903,2025-10-16 14:10:00+00:00,2025_07_MIA_CLE,2025,7,0.0,loss,-2.0,-1.0,-0.035790697951656125,74.83333333333333,False
away,4.5,-105,draftkings,0.03472371251767581,0.5299804381188096,0.0,B+,2,"['+1 edge +3.5%', '+1 line moved our way']",1,0.91,True,4.409663310180357,2025-10-16 14:10:00+00:00,2025_07_NO_CHI,2025,7,0.0,loss,-0.91,-1.0,0.029309368946813574,74.83333333333333,False
away,-1.5,-105,espnbet,0.0363103913868954,0.5307931272957269,0.0,C,-1,"['+1 edge +3.6%', '-1 line moved against us', '-1 QB change']",1,0.95,True,-2.0106627682317733,2025-10-16 23:00:00+00:00,2025_07_WAS_DAL,2025,7,-3.0,loss,-0.95,-1.0,-0.17186918564335374,69.41666666666667,True
away,3.0,-102,betmgm,0.031131119515012573,0.48390987909245486,0.07279979033191569,B+,2,"['+1 edge +3.1%', '+1 right side of 3/7']",1,0.86,True,2.440689051607452,2025-10-17 14:10:00+00:00,2025_07_HOU_SEA,2025,7,0.0,loss,-0.86,-1.0,-0.0024787227276582557,83.83333333333333,False
away,-6.5,-110,fanduel,0.04180116302994952,0.5457053711109259,0.0,B+,2,"['+1 edge +4.2%', '+1 line moved our way', '+1 right side of 3/7', '-1 QB change']",1,1.15,True,-8.565602756541201,2025-10-17 21:40:00+00:00,2025_07_NE_TEN,2025,7,0.0,win,1.0454545454545454,0.9090909090909092,-0.08115414127947518,43.333333333333336,True
away,1.5,100,espnbet,0.04566687436551198,0.522833437182756,0.0,B,1,"['+1 edge +4.6%', '+1 line moved our way', '-1 QB change']",1,1.14,True,0.2521811853312115,2025-10-18 14:10:00+00:00,2025_07_ATL_SF,2025,7,0.0,loss,-1.14,-1.0,-0.030455742346003678,34.166666666666664,False
home,-14.5,105,espnbet,0.05437284265954978,0.5143282159314877,0.0,B+,2,"['+2 edge +5.4%', '+1 line moved our way', '-1 QB change']",1,1.29,True,14.945850579002942,2025-10-23 14:10:00+00:00,2025_08_TEN_IND,2025,8,1.0,win,1.3544999999999998,1.0499999999999998,0.09116584709857678,78.25,True
away,3.5,-110,espnbet,0.08400245361561387,0.5678108090367501,0.0,A,3,"['+2 edge +8.4%', '+1 right side of 3/7']",1,2.0,True,2.071867129718295,2025-10-23 23:00:00+00:00,2025_08_MIN_LAC,2025,8,0.5,loss,-2.0,-1.0,0.03048431657739159,1.25,False
home,-1.5,-110,draftkings,0.058596646893218196,0.5545030055154953,0.0,B+,2,"['+2 edge +5.9%', '+1 line moved our way', '-1 QB change']",1,1.61,True,2.79127099190937,2025-10-24 14:10:00+00:00,2025_08_SF_HOU,2025,8,1.0,win,1.4636363636363638,0.9090909090909092,0.041737073471590946,50.833333333333336,True
away,6.5,-110,espnbet,0.05469796986900799,0.5524608413599565,0.0,C+,0,"['+2 edge +5.5%', '-1 wrong side of 3/7', '-1 QB change']",1,1.5,True,5.4089149242308565,2025-10-24 14:10:00+00:00,2025_08_CHI_BAL,2025,8,4.0,loss,-1.5,-1.0,0.22087896069450785,50.833333333333336,False
away,7.5,-108,fanduel,0.03329332156588394,0.5365176861976705,0.0,B,1,"['+1 edge +3.3%', '+1 right side of 3/7', '-1 QB change']",1,0.9,True,7.555532117923617,2025-10-25 14:10:00+00:00,2025_08_NYG_PHI,2025,8,0.5,loss,-0.9,-1.0,0.06675357160043371,26.833333333333332,False
home,7.5,100,espnbet,0.06089016794892155,0.5304450839744608,0.0,B+,2,"['+2 edge +6.1%', '+1 right side of 3/7', '-1 QB change']",1,1.52,True,-7.748896995151333,2025-10-28 14:10:00+00:00,2025_09_BAL_MIA,2025,9,0.0,loss,-1.52,-1.0,0.07651893415590894,58.083333333333336,False
away,-8.5,-110,hardrockbet,0.048174012287063084,0.5490435302456045,0.0,B,1,"['+1 edge +4.8%', '+1 line moved our way', '-1 QB change']",1,1.32,True,-11.119712028931234,2025-10-30 14:10:00+00:00,2025_09_LAC_TEN,2025,9,1.5,loss,-1.32,-1.0,-0.019959513927855665,75.83333333333333,True
home,-8.5,-105,espnbet,0.03397385104857498,0.5295963627321969,0.0,C+,0,"['+1 edge +3.4%', '-1 QB change']",1,0.89,True,10.509029367029955,2025-10-30 14:10:00+00:00,2025_09_MIN_DET,2025,9,1.0,loss,-0.89,-1.0,-0.02888283928461266,75.83333333333333,True
home,2.5,112,espnbet,0.03062343323575667,0.48614312888479083,0.0,C+,0,"['+1 edge +3.1%', '-1 wrong side of 3/7']",1,0.68,True,-2.367323906812341,2025-11-02 16:45:00+00:00,2025_09_SEA_WAS,2025,9,0.0,loss,-0.68,-1.0,0.022061860171244785,8.583333333333334,False
away,-4.5,-102,draftkings,0.047492251831871,0.5289317311230239,0.0,C,-1,"['+1 edge +4.7%', '-1 line moved against us', '-1 QB change']",1,1.21,True,-6.32066351698446,2025-11-06 14:10:00+00:00,2025_10_BAL_MIN,2025,10,0.0,win,1.1862745098039216,0.9803921568627452,-0.06368492182505547,75.83333333333333,True
away,6.5,100,espnbet,0.038121905982324567,0.5190609529911623,0.0,B,1,"['+1 edge +3.8%', '+1 line moved our way', '-1 wrong side of 3/7']",1,0.95,True,6.488384554380913,2025-11-06 14:10:00+00:00,2025_10_ATL_IND,2025,10,0.0,win,0.95,1.0,0.037399576578497795,72.33333333333333,False
away,6.5,105,espnbet,0.031511368507623816,0.5031762773207922,0.0,C,-1,"['+1 edge +3.2%', '-1 line moved against us', '-1 wrong side of 3/7']",1,0.75,True,6.998508714291324,2025-11-09 19:50:00+00:00,2025_10_ARI_SEA,2025,10,-0.5,loss,-0.75,-1.0,0.03141605491602606,1.25,False
away,11.5,-110,draftkings,0.06421155142135926,0.5574441459826167,0.0,C+,0,"['+2 edge +6.4%', '-1 line moved against us', '-1 QB change']",1,1.77,True,10.104392185997225,2025-11-11 14:10:00+00:00,2025_11_NYJ_NE,2025,11,-1.0,loss,-1.77,-1.0,-0.0832286280775526,59.083333333333336,False
away,3.0,-110,draftkings,0.0895843893303927,0.5331242903255391,0.07180165325436343,B+,2,"['+2 edge +9.0%', '+1 right side of 3/7', '-1 QB change']",1,2.0,True,0.8223080211106368,2025-11-13 14:10:00+00:00,2025_11_CHI_MIN,2025,11,0.0,win,1.8181818181818183,0.9090909090909092,-0.03576917931767687,75.83333333333333,False
away,-7.5,-105,draftkings,0.07545778362750455,0.550844230638478,0.0,C,-1,"['+2 edge +7.5%', '-1 line moved against us', '-1 wrong side of 3/7', '-1 QB change']",1,1.98,True,-10.32240322449322,2025-11-13 14:10:00+00:00,2025_11_BAL_CLE,2025,11,0.0,loss,-1.98,-1.0,-0.09850657858076817,79.25,True
away,-3.0,-105,draftkings,0.07322206794203012,0.5126888720788155,0.07225807959767587,A,3,"['+2 edge +7.3%', '+1 line moved our way', '+1 right side of 3/7', '-1 QB change']",1,2.0,True,-4.718206493148985,2025-11-13 14:10:00+00:00,2025_11_SF_ARI,2025,11,0.5,win,1.9047619047619047,0.9523809523809523,0.0010687935118161018,78.91666666666667,True
away,-13.0,-110,fanatics,0.08807163282195973,0.5552478189333072,0.028053069403827603,B+,2,"['+2 edge +8.8%', '+1 line moved our way', '-1 QB change']",1,2.0,True,-14.932904704311452,2025-11-20 14:10:00+00:00,2025_12_SEA_TEN,2025,12,-0.5,loss,-2.0,-1.0,-0.06184439037489997,75.83333333333333,True
away,3.5,-105,fanatics,0.040862039563050345,0.5331244592883917,0.0,A,3,"['+1 edge +4.1%', '+1 line moved our way', '+1 right side of 3/7']",1,1.07,True,3.2188836941591603,2025-11-23 16:45:00+00:00,2025_12_IND_KC,2025,12,0.0,win,1.019047619047619,0.9523809523809523,0.024144634467083703,1.25,False
away,-1.5,-110,espnbet,0.03923804711626899,0.5443627865847123,0.0,B+,2,"['+1 edge +3.9%', '+1 line moved our way']",1,1.08,True,-2.456884452273207,2025-11-23 16:45:00+00:00,2025_12_JAX_ARI,2025,12,1.0,win,0.9818181818181819,0.9090909090909092,0.041737073471590724,4.333333333333333,True
away,-3.0,102,espnbet,0.030262431537836587,0.4739706344441109,0.07284174996073262,B,1,"['+1 edge +3.0%', '-1 line moved against us', '+1 right side of 3/7']",1,0.8,True,-3.4518638493118456,2025-11-23 20:10:00+00:00,2025_12_PHI_DAL,2025,12,0.0,loss,-0.8,-1.0,0.00252829718221137,1.25,True
home,3.5,-115,draftkings,0.03177089966007007,0.5518774579577119,0.0,A,3,"['+1 edge +3.2%', '+1 line moved our way', '+1 right side of 3/7']",1,0.91,True,-2.6006752834191884,2025-11-25 14:10:00+00:00,2025_13_KC_DAL,2025,13,0.0,win,0.7913043478260868,0.8695652173913042,-0.019297343665136024,55.333333333333336,False
away,4.5,-115,draftkings,0.06535186773861934,0.5698393711160057,0.0,C+,0,"['+2 edge +6.5%', '-1 line moved against us', '-1 QB change']",1,1.88,True,3.1014698066769295,2025-11-27 14:10:00+00:00,2025_13_HOU_IND,2025,13,1.5,win,1.6347826086956518,0.8695652173913042,0.07107677893103603,75.83333333333333,False
away,3.0,-105,betmgm,0.051676029959629055,0.5014913758919091,0.07257381988494943,A,3,"['+2 edge +5.2%', '+1 right side of 3/7']",1,1.46,True,1.8631996331592204,2025-11-27 14:10:00+00:00,2025_13_GB_DET,2025,13,0.5,win,1.3904761904761904,0.9523809523809523,0.014066650445109907,3.8333333333333335,False
away,-10.0,-110,fanatics,0.04726966975770597,0.5261807354230251,0.0427428112228399,B+,2,"['+1 edge +4.7%', '+1 line moved our way']",1,1.36,True,-12.080054944134949,2025-11-27 14:10:00+00:00,2025_13_LA_CAR,2025,13,0.0,loss,-1.36,-1.0,-0.07994952098997232,75.83333333333333,True
away,7.5,-110,betmgm,0.034544979779860485,0.5419045132180221,0.0,B+,2,"['+1 edge +3.5%', '+1 line moved our way', '+1 right side of 3/7', '-1 QB change']",1,0.95,True,7.383678388367639,2025-11-27 14:10:00+00:00,2025_13_CIN_BAL,2025,13,0.5,win,0.8636363636363636,0.9090909090909092,0.05742880261791239,11.166666666666666,False
away,-8.0,-105,espnbet,0.04540032000866723,0.5215035551467546,0.02722671234119397,C+,0,"['+1 edge +4.5%', '-1 line moved against us']",1,1.23,True,-10.25534416397587,2025-12-04 14:10:00+00:00,2025_14_LA_ARI,2025,14,1.5,win,1.1714285714285713,0.9523809523809523,-0.0014180922194475531,79.25,True
away,5.5,100,draftkings,0.03317714901475721,0.5165885745073786,0.0,B,1,"['+1 edge +3.3%', '+1 line moved our way', '-1 QB change']",1,0.83,True,5.4053905381161105,2025-12-04 14:10:00+00:00,2025_14_CIN_BUF,2025,14,-0.5,win,0.83,1.0,-0.0036194471453903088,75.83333333333333,False
away,3.5,-108,fanduel,0.044519376960833634,0.5423465995758174,0.0,B+,2,"['+1 edge +4.5%', '+1 line moved our way', '+1 right side of 3/7', '-1 QB change']",1,1.2,True,2.91535549126459,2025-12-05 21:40:00+00:00,2025_14_HOU_KC,2025,14,-1.0,win,1.1111111111111112,0.925925925925926,-0.04860621412375832,51.666666666666664,False
away,6.5,100,hardrockbet,0.04873567929464251,0.5243678396473213,0.0,C,-1,"['+1 edge +4.9%', '-1 line moved against us', '-1 wrong side of 3/7']",1,1.22,True,6.317597081804475,2025-12-07 14:10:00+00:00,2025_14_CHI_GB,2025,14,0.0,loss,-1.22,-1.0,0.037399576578497795,7.25,False
away,4.0,-110,betmgm,0.03535299728721175,0.5249356213749162,0.03320317466237147,C+,0,"['+1 edge +3.5%', '-1 QB change']",1,1.01,True,3.4877423132620224,2025-12-07 14:10:00+00:00,2025_14_TEN_CLE,2025,14,-0.5,win,0.9181818181818183,0.9090909090909092,-0.02370828289957705,3.8333333333333335,False
away,-2.5,-111,williamhill_us,0.038323811725368584,0.5462272184905967,0.0,B,1,"['+1 edge +3.8%', '-1 line moved against us', '+1 right side of 3/7']",1,1.06,True,-3.4325520131516987,2025-12-07 16:45:00+00:00,2025_14_MIA_NYJ,2025,14,0.0,win,0.9549549549549551,0.900900900900901,-0.01553226455946155,1.25,True
away,4.5,-110,fanduel,0.07601856730512346,0.5636287733503027,0.0,A,3,"['+2 edge +7.6%', '+1 line moved our way']",1,2.0,True,3.306774822645854,2025-12-09 14:10:00+00:00,2025_15_ATL_TB,2025,15,-1.5,win,1.8181818181818183,0.9090909090909092,-0.08178992053177814,59.083333333333336,False
away,5.5,-105,espnbet,0.05541281884633009,0.5405772974578764,0.0,B,1,"['+2 edge +5.5%', '-1 line moved against us']",1,1.45,True,4.626638390346791,2025-12-11 14:10:00+00:00,2025_15_LAC_KC,2025,15,0.0,win,1.380952380952381,0.9523809523809523,0.002869174515362616,75.83333333333333,False
away,-2.5,-105,draftkings,0.03843504012638954,0.5318813620159556,0.0,B,1,"['+1 edge +3.8%', '+1 right side of 3/7', '-1 QB change']",1,1.01,True,-2.959849231840934,2025-12-11 14:10:00+00:00,2025_15_BAL_CIN,2025,15,0.0,win,0.9619047619047618,0.9523809523809523,0.011129014667093262,75.83333333333333,True
away,6.5,-115,fanduel,0.032316727111889376,0.5521694121761269,0.0,C+,0,"['+1 edge +3.2%', '+1 line moved our way', '-1 wrong side of 3/7', '-1 QB change']",1,0.93,True,5.418390249490988,2025-12-11 14:10:00+00:00,2025_15_MIN_DAL,2025,15,1.0,win,0.8086956521739129,0.8695652173913042,0.027621237143823363,83.16666666666667,False
home,-12.0,-110,fanatics,0.08531886899636687,0.5608458175607414,0.014613217289496999,B,1,"['+2 edge +8.5%', '-1 QB change']",1,2.0,True,14.2301288250887,2025-12-12 14:10:00+00:00,2025_15_TEN_SF,2025,15,0.5,win,1.8181818181818183,0.9090909090909092,-0.02117506199561836,55.25,True
away,-1.5,105,espnbet,0.06249441411877621,0.5182899581067202,0.0,A,3,"['+2 edge +6.2%', '+1 line moved our way']",1,1.49,True,-1.6003932402662673,2025-12-16 14:10:00+00:00,2025_16_LA_SEA,2025,16,-3.0,loss,-1.49,-1.0,-0.1304626449255215,59.083333333333336,True
away,-3.0,100,espnbet,0.043681457683895974,0.4854698319919516,0.07274179369999281,A,3,"['+1 edge +4.4%', '+1 line moved our way', '+1 right side of 3/7']",1,1.18,True,-3.8286610584641947,2025-12-18 14:10:00+00:00,2025_16_ATL_ARI,2025,16,-0.5,win,1.18,1.0,-0.03702401477959394,78.91666666666667,True
away,7.0,-105,draftkings,0.0389745232594465,0.5061593567904832,0.050758636192312766,B,1,"['+1 edge +3.9%', '-1 line moved against us', '+1 right side of 3/7']",1,1.08,True,6.902809309557947,2025-12-18 14:10:00+00:00,2025_16_PIT_DET,2025,16,-0.5,win,1.0285714285714287,0.9523809523809523,0.0025738883820716207,79.25,False
away,-3.0,105,espnbet,0.05026241766240824,0.47679973678922155,0.07282295724450426,A,3,"['+2 edge +5.0%', '+1 line moved our way', '+1 right side of 3/7', '-1 QB change']",1,1.29,True,-3.5446494253152365,2025-12-19 00:00:00+00:00,2025_16_MIN_NYG,2025,16,-0.5,push,0.0,0.0,-0.014769982967365092,66.0,True
away,-3.0,100,espnbet,0.0355110542171857,0.48136319714913334,0.0727846599189191,A,3,"['+1 edge +3.6%', '+1 line moved our way', '+1 right side of 3/7']",1,0.96,True,-3.6941968168522363,2025-12-19 00:00:00+00:00,2025_16_TB_CAR,2025,16,0.0,loss,-0.96,-1.0,-0.006676152834596882,66.0,True
away,-10.5,-105,draftkings,0.09473473427664869,0.560717790727064,0.0,B+,2,"['+2 edge +9.5%', '+1 line moved our way', '-1 QB change']",1,2.0,True,-13.155021621156505,2025-12-19 14:10:00+00:00,2025_16_BUF_CLE,2025,16,0.0,loss,-2.0,-1.0,-0.07210462385648908,51.833333333333336,True
home,5.5,-102,draftkings,0.043365989004769734,0.5268481726657748,0.0,B,1,"['+1 edge +4.3%', '+1 line moved our way', '-1 QB change']",1,1.11,True,-5.072946292571896,2025-12-25 14:10:00+00:00,2025_17_TB_MIA,2025,17,0.0,win,1.0882352941176472,0.9803921568627452,0.01725754143810776,75.83333333333333,False
home,6.0,-110,betmgm,0.05530439599542847,0.5339919633820088,0.035865193175229855,C+,0,"['+2 edge +5.5%', '-1 line moved against us', '-1 QB change']",1,1.58,True,-4.840948549532591,2025-12-26 21:40:00+00:00,2025_17_JAX_IND,2025,17,2.5,push,0.0,0.0,0.13287210504972746,44.333333333333336,False
home,-3.0,-112,draftkings,0.04216111645436227,0.512397910053635,0.07226507242426752,B+,2,"['+1 edge +4.2%', '+1 line moved our way', '+1 right side of 3/7', '-1 QB change']",1,1.27,True,4.708705135656814,2025-12-27 23:45:00+00:00,2025_17_CHI_SF,2025,17,0.5,win,1.1339285714285714,0.8928571428571428,-0.02723109422946035,25.583333333333332,True
away,-1.5,-105,draftkings,0.05195107150652989,0.5388042073570032,0.0,B,1,"['+2 edge +5.2%', '-1 line moved against us']",1,1.36,True,-2.2739469329940585,2025-12-28 14:10:00+00:00,2025_17_NO_TEN,2025,17,0.0,win,1.2952380952380953,0.9523809523809523,0.005921081813955897,3.8333333333333335,True
away,-4.0,-112,espnbet,0.03588199775635004,0.5299834516136137,0.032699035773438544,C+,0,"['+1 edge +3.6%', '-1 QB change']",1,1.04,True,-6.354745251642518,2025-12-28 16:45:00+00:00,2025_17_PIT_CLE,2025,17,0.5,loss,-1.04,-1.0,-0.07185653241872125,1.25,True
home,3.0,-108,williamhill_us,0.031228484977774862,0.4977315400188852,0.07263440790436636,B+,2,"['+1 edge +3.1%', '+1 right side of 3/7']",1,0.91,True,-1.9866997578235042,2025-12-28 16:45:00+00:00,2025_17_NYG_LV,2025,17,0.0,loss,-0.91,-1.0,-0.027908932622811244,4.333333333333333,False
home,-7.5,-108,draftkings,0.09324224648705526,0.5676450125990479,0.0,C,-1,"['+2 edge +9.3%', '-1 model 10 pts from market', '-1 wrong side of 3/7', '-1 QB change']",1,2.0,True,10.856693820701873,2026-01-01 14:10:00+00:00,2025_18_CLE_CIN,2025,18,2.0,loss,-2.0,-1.0,0.010853460021801986,75.83333333333333,True
home,-12.5,-105,espnbet,0.04883247457706297,0.5372068772223981,0.0,B+,2,"['+1 edge +4.9%', '+1 line moved our way']",1,1.28,True,13.496402023760142,2026-01-01 14:10:00+00:00,2025_18_TEN_JAX,2025,18,0.0,win,1.219047619047619,0.9523809523809523,-0.014160144229759752,75.83333333333333,True
home,-2.5,-115,fanatics,0.04078235987839918,0.5566975413303066,0.0,B,1,"['+1 edge +4.1%', '-1 line moved against us', '+1 right side of 3/7']",1,1.17,True,3.778543003066434,2026-01-01 14:10:00+00:00,2025_18_CAR_TB,2025,18,0.5,loss,-1.17,-1.0,-0.0033322655663248213,55.333333333333336,True
home,5.5,-105,espnbet,0.13123919689867658,0.5794151984115173,0.0,B,1,"['+2 edge +13.1%', '-1 model 9 pts from market', '+1 line moved our way', '-1 QB change']",1,2.0,True,-3.350731733750823,2026-01-02 14:10:00+00:00,2025_18_KC_LV,2025,18,2.0,win,1.9047619047619047,0.9523809523809523,0.12244417724529466,55.25,False
away,3.5,-102,fanduel,0.05481363601316769,0.5326286676898173,0.0,A,3,"['+2 edge +5.5%', '+1 line moved our way', '+1 right side of 3/7', '-1 QB change']",1,1.4,True,3.235178110960469,2026-01-02 14:10:00+00:00,2025_18_WAS_PHI,2025,18,0.5,win,1.3725490196078431,0.9803921568627452,0.06897112578663123,55.25,False
away,4.5,-105,fanatics,0.1253907029520509,0.5764196283412943,0.0,C+,0,"['+2 edge +12.5%', '-1 line moved against us', '-1 QB change']",1,2.0,True,2.883212785158208,2026-01-08 14:10:00+00:00,2025_19_SF_PHI,2025,19,-1.5,win,1.9047619047619047,0.9523809523809523,-0.060968830294403586,79.33333333333333,False
away,-1.0,-110,hardrockbet,0.03295373387346334,0.5266334595623597,0.027562583799867504,B,1,"['+1 edge +3.3%', '+1 line moved our way', '-1 QB change']",1,0.93,True,-1.8740967771492498,2026-01-10 23:45:00+00:00,2025_19_GB_CHI,2025,19,1.5,loss,-0.93,-1.0,0.06917768419214032,1.25,True
away,6.5,100,fanduel,0.09405785338808315,0.5470289266940416,0.0,B+,2,"['+2 edge +9.4%', '+1 line moved our way', '-1 wrong side of 3/7']",1,2.0,True,5.58533366874551,2026-01-17 23:45:00+00:00,2025_20_SF_SEA,2025,20,0.0,loss,-2.0,-1.0,0.037399576578497795,1.25,False
home,-2.5,-104,fanduel,0.03039210516987656,0.5252979359689567,0.0,B,1,"['+1 edge +3.0%', '-1 line moved against us', '+1 right side of 3/7']",1,0.79,True,2.7433022509286706,2026-01-23 21:40:00+00:00,2025_21_LA_SEA,2025,21,0.0,win,0.7596153846153848,0.9615384615384617,0.015871646067970646,49.833333333333336,True
away,-4.5,-102,fanduel,0.030314445037795013,0.5202577890784905,0.0,C,-1,"['+1 edge +3.0%', '-1 line moved against us', '-1 QB change']",1,0.77,True,-6.0396734651192325,2026-01-23 21:40:00+00:00,2025_21_NE_DEN,2025,21,-1.0,loss,-0.77,-1.0,-0.12420411420237998,46.333333333333336,True
home,4.5,100,betmgm,0.09736633598475564,0.5486831679923778,0.0,B+,2,['+2 edge +9.7%'],1,2.0,True,-3.798402859326178,2026-02-05 14:10:00+00:00,2025_22_SEA_NE,2025,22,0.0,loss,-2.0,-1.0,0.054414475506492144,81.33333333333333,False
