Home,Road,line,linesag,linepayne,linenatsportrank,linepfz,linelaz,linemore,linesagelo,linemarsee,linenutshell,lineargh,linecpa,linehow,linesagpred,linecparetro,linekam,linebass,lineavg,lineelo,linepugh,lineborn,linesuper,linedunk,linebill,linecovers,linebihl,linebill2,linemassbcs,linebf,lineclaa,linemedian,linewolf,lineharm,lineanderson,linecoll,linemaas,linefox,lineopen,linepig,linenutshellretro,linecons,linecong,linesportrends,lineaustin,linel2,linegrinder,lineash,linethompson,lineca,lineburdorf,linesprs,linekeep,linekerns,linel2hf,linebythen,linelog,linegirl,lineatom,linepiratings,linedwig,lineheresy,linecather,lineschmidt,linetempo,linerba,linelaffaye,linerwp,lineps,lineloud,linestd,vscore,hscore,week,linetrexler,linedokter
Alabama,Kent,38,37.07,40.88,,34.62,31.73,42.8,37.07,37,57.2,33,44.82,30,37.07,44.82,43.83,43.59,37.7,29.65,35.09,43.25,52.15,40.41,33.33,39,,38.7,,,31.2,37.16,,,,,,42,31,43,,35.81,32.55,26.5,,,38,35,,38,38.3,,37.3,31.9,,,,23.52,31.02,56.3,35.15,44.78,36,,24,42,19.7,23.63,,,7.60,7,48,1,33,43.14
Auburn,Utah St.,22.5,30.22,28.69,,37.73,28.44,44.56,30.22,44,55,26,30.02,31,30.22,30.02,33.05,51,32.52,35.38,25.64,49.45,47.25,20.19,37.43,21.5,,31.7,,,38.59,30.5,,,,,,43,32,30,,32.21,14.48,34.5,,,27,24,,23.5,45.6,,30.6,39.7,,,,21.48,30.61,30.4,27.95,26.77,36,,23,32,24,26.55,,,8.32,38,42,1,30,28.9
Ball St.,Indiana,-6,-5.9,-12.52,,-3.49,-5.89,-8.02,-5.9,-16,-12.3,-10,-9.8,-6.5,-5.9,-9.8,0.45,-10.49,-6.98,-9.78,-5.62,-10.9,-9.35,-12.19,-11,-6,,-9.03,,,-10.84,-7.11,,,,,,-8,-6,-13,,-6.06,0.3,2,,,-6.5,-2,,-6,-8.9,,1.9,-7.4,,,,-6.82,-5.43,-10.2,-7.7,-5.44,3,,-3,-3,-2.8,-7.92,,,4.29,20,27,1,-9,-0.94
Baylor,TCU,-4.5,-16.92,-9.81,,-23.7,-13.36,-21.12,-16.92,-23,-31,-13,-8.88,-23.5,-16.92,-8.88,-21.66,-25.02,-14.64,-16.42,-15.82,-23.75,-25.85,-17.29,-13,-4.6,,-7.33,,,-15.61,-14.96,,,,,,-20,-10,-9,,-13.7,0.28,-21.5,,,-5,-12,,-5.5,-22.4,,-16.1,-21.2,,,,-3.42,-11.18,-3,-6.4,-12.61,-14,,-13,-20,-14.3,-16.96,,,6.69,48,50,1,-16,-6.44
Boston College,Northwestern,3.5,9.65,2.03,,8.14,9.47,8.32,9.65,10,10.8,6,5.52,7,9.65,5.52,10.55,10.59,7.26,9.06,8.42,9.65,11.7,11.4,-1.67,9.5,,7.53,,,5.4,7.85,,,,,,10,10,3,,7.9,1.64,9.5,,,3,7,,4.5,7.8,,4.9,6.8,,,,6.03,5.74,12,3.75,3.97,8,,6,11,5.2,3.75,,,3.22,24,17,1,1,11.51
California,Fresno St.,10,13.62,18.67,,12.4,12.98,11.83,13.62,5,11.8,14,14.42,2.5,13.62,14.42,28.79,20.14,11.02,12.2,13.57,13.05,15.45,7.23,2.33,7.5,,2.53,,,-0.35,12.3,,,,,,14,4.5,11,,9.8,1.25,4,,,5,14,,10,11.3,,18.7,12.9,,,,5.54,10.72,20.3,20.35,14.74,16,,3,4,4.3,4.03,,,6.16,21,36,1,2,13.73
Clemson,Troy St.,16,13.82,19.92,,7.55,16.07,12.73,13.82,8,32.5,18,19.02,9.5,13.82,19.02,17.96,17.69,15.25,20.29,14.04,14.35,25.8,17.21,3.67,18.8,,19.67,,,10.68,15.13,,,,,,15,11,17,,14,7.73,7.5,,,19.5,12,,16,9.7,,17.2,14.6,,,,10.55,13.55,32.5,17.95,13.57,16,,9,21,6.1,7.09,,,5.72,19,43,1,11,17.97
East Carolina,South Carolina,-20.5,-10.83,-25.83,,-19.83,-13.93,-23.03,-10.83,-20,-35.2,-14,-22.7,-10,-10.83,-22.7,-16.03,-25.76,-20.26,-24.21,-12.28,-26.6,-31.15,-28.23,-18.67,-25.7,,-23,,,-14.48,-20.75,,,,,,-23,-13,-22,,-20.5,-19.29,-15,,,-20,-25,,-20.5,-25.6,,-29.9,-18.4,,,,-9.59,-18.47,-26.8,-21,-15.24,-22,,-11,-14,-22,-15.85,,,5.87,56,37,1,-19,-21.48
Florida,Florida Atlantic,35,35.44,38.65,,25.37,34.63,33.05,35.44,31,54.3,28,42.82,29,35.44,42.82,35.63,43.58,34.38,26.79,36.13,45.35,50.8,30.1,30,30,,30.93,,,28.09,34.07,,,,,,40,29,39,,33.09,19.39,23,,,33,39,,35,36.4,,41.3,31.6,,,,19.6,33.6,51.1,29.65,34.54,39,,23,53,22,22.52,,,7.95,3,41,1,27,35.39
Florida Intl.,North Texas,13,9.2,11.94,,12.21,6.12,12.48,9.2,17,14.2,20,13.82,15.5,9.2,13.82,5.91,13.82,12.58,11.23,10.1,10.85,13.25,10.4,15.33,10,,9.5,,,15.08,12.11,,,,,,13,11,12,,12.5,16.61,9.5,,,13,16,,13,12.4,,20.8,11.7,,,,9.35,10.78,18.2,8.2,19.45,7,,9,10,11.2,10.7,,,3.71,16,41,1,11,20.09
Florida St.,Louisiana-Monroe,29.5,28.73,39.46,,27.3,29.1,35.8,28.73,32,49.1,24,37.12,24,28.73,37.12,37.42,43.45,32.68,29.83,28.93,43.25,49.7,37.05,32,35.5,,34,,,27.18,33.26,,,,,,39,28,36,,33.32,18.18,24.5,,,27,25,,29.5,33.2,,37.7,32.5,,,,18.57,26.81,45,34.1,40.91,39,,21,34,23,22.66,,,7.11,0,34,1,25,37.73
Georgia,Boise St.,-3,-5.11,-4.77,,-16.91,-3.9,-10.42,-5.11,-22,-9.6,-8,-9.58,-13.5,-5.11,-9.58,-2.36,-20.89,-10.55,-10.65,-9.42,-14.05,-8.9,-0.86,-19.67,-4,,-5.8,,,-16.47,-9.72,,,,,,-9,3,-4,,-6.5,-15.97,-17,,,-8.5,-18,,-4,-18.2,,-18.3,-16,,,,-0.59,-14.69,-5.1,-9.75,-2.88,-19,,-9,-18,-13.8,-15.29,,,5.79,35,21,1,-11,-9.91
Hawaii,Colorado,7,4.19,13.26,,17.97,3.98,1.71,4.19,17,7.5,5,4.72,11,4.19,4.72,14.13,11.41,7.4,10.19,2.95,8.85,14,4.17,11.33,4.4,,7.5,,,13.72,6.97,,,,,,8,11,5,,10.03,-0.2,14.5,,,5,3,,7,1,,12,18.5,,,,3.52,0.2,1.1,2.95,8.44,2,,8,8,14,6.26,,,4.78,17,34,1,9,6.44
Houston,UCLA,3,-0.45,2.09,,14.22,-0.97,1.14,-0.45,1,-13.2,-1,2.22,5,-0.45,2.22,0.4,-1.85,1.87,-4.04,0.61,3.55,-4.4,3.27,1,10.5,,5.67,,,1.31,1.75,,,,,,7,3,5,,2.48,6.76,8.5,,,3.5,4,,3,3.7,,2,12.8,,,,-2.36,-1.71,-11.2,-8.85,0.35,5,,7,7,11.3,-2.5,,,5.41,34,38,1,3,-2.06
Idaho,Bowling Green,6,4.04,15.07,,16.27,3.11,15.96,4.04,16,11.9,9,19.62,7,4.04,19.62,9.19,17.86,10.92,16.75,5.12,13.85,13.55,15.66,7.67,9.6,,7,,,16.14,10.94,,,,,,11,8.5,10,,10.67,15.67,7.5,,,4.5,11,,7,16.6,,15.1,14.9,,,,7.89,10.87,12.8,4.65,7.93,9,,7,13,11.6,14.04,,,4.38,32,15,1,11,5.71
Illinois,Arkansas St.,21,16.56,23.36,,17.71,16.93,22.45,16.56,18,25.3,22,23.12,13.5,16.56,23.12,27.85,23.68,19.7,18.96,16.17,23.65,29.65,18.71,21,18.25,,16.2,,,19.99,19.11,,,,,,21,14.5,20,,21.79,17.71,14,,,13.5,16,,21,21.2,,15.1,21.5,,,,11.1,16.68,30.5,18.75,19.22,25,,12,20,14.6,15.15,,,4.43,15,33,1,19,31.57
LSU,Oregon,-3.5,-2.37,-4.77,,-16.56,-4.88,-3.08,-2.37,-12,-7.4,-2,-13.4,-1.5,-2.37,-13.4,-12.41,-16.22,-6.2,-15.98,-7.89,-9.8,-3,-9.59,-1.33,0.3,,-0.3,,,-7.77,-5.05,,,,,,-10,3,-2,,-1.74,7.41,-10,,,-0.5,-7,,-3.5,-5.5,,-13,-18.2,,,,-3.31,-5.22,-4,-11.25,-0.44,-10,,-1,1,-1.9,-8.06,,,5.52,27,40,1,-3,-8.36
Maryland,Miami (Fla.),3,-2.19,-3.92,,6.16,-2.76,2.64,-2.19,9,5.6,-3,-0.48,-3,-2.19,-0.48,-0.23,1.69,0.49,1.86,-4.83,4.45,-3.55,-7.71,12.33,1.45,,-1.5,,,2.32,-0.73,,,,,,3,4,-2,,1.93,3.59,0.5,,,-1,-8,,3,8.4,,4.2,2.3,,,,-0.13,-3.57,-1.2,-2.65,5.85,-3,,-1,-1,-2.1,-0.42,,,4.09,24,32,1,1,-2.83
Memphis,Mississippi St.,-30,-18,-37.9,,-33.42,-14.79,-37.7,-18,-32,-50.6,-28,-35.48,-19.5,-18,-35.48,-34.55,-42.84,-30.95,-26.19,-19.3,-37.45,-42.3,-37.37,-27.67,-24,,-29,,,-29.56,-30.6,,,,,,-34,-24,-31,,-28.09,-39.82,-25,,,-27,-38,,-30,-39.9,,-43.6,-25,,,,-15.07,-25.98,-43,-40.15,-29.46,-47,,-14,-35,-15.2,-28.91,,,8.99,59,14,1,-29,-30.2
Michigan,Western Mich.,14,12.86,12.13,,4.19,13,4.54,12.86,6,25,19,16.02,12,12.86,16.02,6.51,10.04,11.26,9.63,9.19,2.95,15.55,1.01,22.33,16.25,,13.57,,,14.42,12.06,,,,,,0.01,14.5,16,,13.02,9.5,1,,,12.5,13,,14,0.6,,9.6,0.5,,,,12.12,13.05,29.3,9.95,4.55,8,,5,28,3.7,5.84,,,6.71,10,34,1,12,10.34
Mississippi,BYU,-3,-1.35,-5.36,,-8.03,1.54,-3.48,-1.35,-9,-1.7,-3,-7.48,-3,-1.35,-7.48,5.24,-5.95,-3.44,0.01,2.21,-5.95,-2.15,-9.84,-1,-3,,2,,,-1.42,-3,,,,,,-5,-1,-3,,-5.59,-8.32,-4.5,,,-0.5,-10,,-3,-13.6,,-8.5,-4.2,,,,3.61,-2.19,-3.9,-1.55,-4.49,-11,,1,4,1.4,-4.87,,,4.17,14,13,1,-2,-5.43
Missouri,Miami (Ohio),20.5,25.14,24.07,,19.34,22.46,18.82,25.14,17,22.6,24,22.52,22,25.14,22.52,32.42,31.71,21.2,23.5,27.4,21.05,36.65,12.61,9,25,,17.93,,,22.39,22.32,,,,,,21,20.5,21,,22.86,17.12,21,,,18,20,,20.5,12.4,,24.3,23.8,,,,13.24,18.03,31.3,22.25,24.32,9,,15,28,16.1,15.43,,,5.43,6,17,1,14,28.61
New Mexico,Colorado St.,-6,-0.77,-7.44,,-1.1,-1.31,-0.89,-0.77,-4,-1.2,-6,-7.38,-2.5,-0.77,-7.38,2.51,-9.23,-2.71,-3.82,-2.79,-1.65,-1.6,8.44,0.67,-4.9,,-2.33,,,-6.72,-2.37,,,,,,0.01,-3.5,-8,,-0.43,1.4,-3.5,,,-5,-4,,-5.5,9.1,,-2.4,-8.4,,,,-1.7,1.38,-7.7,-7.2,-1.88,-9,,2,-3,-0.3,-11.4,,,4.17,14,10,1,-6,-5.69
New Mexico St.,Ohio,-7,-8.32,-15.18,,-17.43,-7.47,-10.29,-8.32,-13,-5.6,-4,-7.88,-13,-8.32,-7.88,-13.77,-20.77,-10.22,-12.47,-12.39,-13.35,-10.35,-9.54,-11.33,-9.2,,-11.1,,,-19.84,-9.69,,,,,,-13,-13,-9,,-8.32,-1.73,-21,,,-8,-5,,-7,-4.9,,-9,-17.5,,,,-6.17,-9.26,2.5,-8.45,-11.18,-13,,-6,-13,-17.6,-18.07,,,4.82,44,24,1,-11,-11.47
Northern Ill.,Army,10.5,10.76,15.64,,12.81,14.11,17.28,10.76,21,13.9,8,13.42,12,10.76,13.42,22.89,16,16.15,14.5,12.35,20.15,17.05,106.76,19,6.5,,11.73,,,13.49,13.45,,,,,,20,14,11,,15.87,6.64,19,,,10.5,16,,10.5,20.8,,16.9,22.2,,,,6.36,18.35,5.2,11.05,7.52,24,,13,21,11.7,8.2,,,14.44,26,49,1,5,12.86
Notre Dame,South Florida,10.5,5.77,14.96,,9.16,9.7,13.1,5.77,12,9.7,18,12.72,4.5,5.77,12.72,11.35,10.33,11.63,11.36,8.59,11.45,16.45,6.34,8.67,12.8,,10.03,,,11.78,11.41,,,,,,7,7,11,,13.29,10.54,11.5,,,13.5,12,,10.5,17.9,,14.3,8.9,,,,5.62,13.92,26.5,16.35,17.86,17,,7,11,9,7.65,,,4.24,23,20,1,7,14.82
Ohio St.,Akron,34,41.57,56.31,,48.42,36.71,49.37,41.57,59,61.5,34,35.12,36,41.57,35.12,50.01,63.28,43.75,42.04,39.46,57.45,59.25,55.53,41.33,36.2,,36.03,,,51.83,41.92,,,,,,53,34,45,,40.87,31.87,42,,,32,44,,35,48.2,,42.6,49.2,,,,29.31,40.37,42.4,33,41.8,48,,31,62,24,35.72,,,9.08,0,42,1,39,40.35
Oklahoma,Tulsa,24.5,19.62,19.71,,15.43,21.9,18.12,19.62,19,27.8,28,25.52,23.5,19.62,25.52,27.5,25.69,20.18,16.49,19.49,18.55,23.25,10.46,7.67,23,,21,,,18.67,19.66,,,,,,23,23,23,,15.93,14.72,11,,,20.5,18,,24,12.6,,17.9,21.8,,,,12.04,19.8,32.2,22,19.53,23,,13,31,10.5,9.59,,,5.72,14,47,1,16,27.77
Oklahoma St.,Louisiana-Lafaye,37,30.26,39.57,,35.99,30.96,44.16,30.26,40,55.5,38,46.42,32.5,30.26,46.42,31.15,53.2,38.16,32.48,31.64,47.75,51,43.78,35,34.5,,34,,,40.02,38.27,,,,,,43,34,39,,38.54,40.86,29.5,,,35.5,34,,37,44,,40,40.2,,,,21.65,38.59,52.1,33.1,36.12,43,,24,38,24,28.63,,,7.56,34,61,1,34,45.33
Pittsburgh,Buffalo,31,27.16,39.21,,25.31,27.26,39.89,27.16,38,42,24,39.72,23,27.16,39.72,27.07,39.72,32.21,31.11,25.97,42.25,47,27.24,24.67,26.5,,31.67,,,30.43,31.39,,,,,,36,26,35,,31.9,25.26,28.5,,,30,25,,31,42.9,,41.2,25.7,,,,18.13,32.17,43.1,35.3,28.6,44,,19,52,22,25.58,,,7.58,16,35,1,25,33.52
Purdue,Middle Tenn.,17,9.86,12.32,,0.62,13.07,9.92,9.86,4,11.9,18,14.22,4.5,9.86,14.22,21.01,11.9,11.62,10.97,9.76,8.35,14.6,20.26,6.67,9.2,,7.67,,,9.85,10.98,,,,,,6,15,17,,10.13,11.34,5,,,12,9,,16,10.3,,21.5,6.9,,,,6.43,12.15,32.9,11.65,20.51,15,,6,14,5,5.28,,,5.66,24,27,1,11,12.55
Southern Miss.,Louisiana Tech,12.5,8.39,10.07,,15.34,7.6,13.5,8.39,13,17.2,10,14.32,9.5,8.39,14.32,14.16,10,12.24,9.72,6.99,14.75,12.55,11.05,14.33,21.3,,20.4,,,9.29,12.35,,,,,,15,11,17,,12.49,12.3,7,,,10.5,13,,12.5,17.2,,12.4,13.6,,,,7.24,7.21,6.5,6.1,11.97,18,,8,14,11.1,6.12,,,3.91,17,19,1,12,13.38
Stanford,San Jose St.,30,32.32,45.34,,52.73,29.27,49.53,32.32,62,68.9,30,44.22,29.5,32.32,44.22,50.77,58.9,41.29,44.69,35.5,57.25,55.6,55.53,40.67,32.1,,35.53,,,41.38,40.4,,,,,,53,28,38,,38.72,22.17,42.5,,,27,41,,31,45.5,,40.1,47.1,,,,28.6,36.34,38.3,38.75,40.13,51,,29,46,24,33.5,,,10.23,3,57,1,33,39.63
Syracuse,Wake Forest,6,1.11,11.21,,20.51,0.47,6.28,1.11,16,10.2,3,10.52,3,1.11,10.52,-7.12,14.52,7.87,3.72,0.4,12.55,10.45,4.64,15,1.4,,11.7,,,13.69,7.4,,,,,,11,6,7,,11.49,9.95,11,,,7.5,10,,6,4.7,,7.3,16.2,,,,3.83,7.59,-0.7,6.4,4.07,15,,6,17,11.8,9.45,,,5.59,29,36,1,11,5.26
Texas,Rice,25,27.38,26.89,,12.87,27.57,18.42,27.38,16,18.2,22,24.22,27,27.38,24.22,22.1,24.09,20.56,13.04,26.74,19.35,33.55,25.02,18,23.4,,21.7,,,16.58,21,,,,,,26,20,21,,22.76,10.98,14.5,,,19,21,,24.5,8.9,,15.4,24.7,,,,15.82,23.74,22.6,11.25,17.18,21,,18,28,10.4,11.54,,,5.42,9,34,1,16,25.68
Texas A&M,SMU,14.5,16.07,16.53,,16.6,17.95,22.27,16.07,18,30.7,17,19.42,14.5,16.07,19.42,18.6,24.88,18.4,19.94,14.93,23.65,28,22.32,24.67,26.9,,10.97,,,19.96,18,,,,,,22,14,19,,21.28,15.1,12,,,16,18,,15,18.8,,21.5,13.4,,,,10.09,15.19,31.6,18.05,12.69,18,,10,15,10.4,12.79,,,4.83,14,46,1,15,20.57
USC,Minnesota,23.5,22.39,21.62,,21.76,19.04,10.15,22.39,31,13.9,23,23.42,21.5,22.39,23.42,13.78,28.58,19.52,14.14,19.31,13.85,30.9,22.88,19.33,24.7,,19.33,,,20.09,19.71,,,,,,17,16.5,17,,23.03,17.23,11,,,16,19,,23,9.8,,22.9,22.9,,,,10.54,21.51,20.1,17,24.68,19,,11,18,14.9,16.82,,,4.95,17,19,1,15,29.91
West Va.,Marshall,23,21.59,27.59,,26.3,19.71,22.56,21.59,24,30.9,17,25.92,18.5,21.59,25.92,27.7,32.62,22.42,21.19,19.59,26.45,36.6,18.34,17,24.7,,20.97,,,21.15,22.08,,,,,,25,1,23,,25.34,13.27,20.5,,,20,23,,23,18.6,,28.7,25.2,,,,12.02,19.34,23.3,22.6,18.62,24,,15,31,15.8,16.26,,,4.55,13,34,1,20,21.45
Western Kentucky,Kentucky,-18,-21.19,-21.58,,-13.81,-17.61,-19.83,-21.19,-17,-41.4,-18,-17.5,-24,-21.19,-17.5,-18.98,-23.16,-19.19,-19.85,-21.23,-18.4,-29.85,-20.84,-15.67,-14.5,,-16.5,,,-19.65,-18.2,,,,,,-23,-18,-21,,-17.39,-9.93,,,,-20,-16,,-18,-16,,-14.4,-19.9,,,,-15.95,-17.81,-27.1,-13.45,-17.07,-14,,-13,-38,-11.2,-17.93,,,5.59,14,3,1,-21,-20.5
Wisconsin,UNLV,35,25.08,38.3,,43.05,23.84,41.43,25.08,43,49.3,29,35.22,28.5,25.08,35.22,50.14,44.18,35.56,32.3,23.42,48.45,49.45,48.56,34.67,32.5,,33.67,,,35.8,35.31,,,,,,43,30,33,,35.7,35.41,34.5,,,35,31,,35,39.7,,48,41.4,,,,15.04,30.7,35.5,34.35,30.7,44,,23,41,24,27.24,,,8.00,17,51,1,36,37.08
Air Force,TCU,0,-5.77,-3.44,,-11.12,-5.07,-8.51,-2.53,-1,-20.5,-8,-3.86,-6.5,-9.39,2.93,4.07,-18.55,-5.25,-5.54,-9.64,-13.25,-9.1,-0.63,-0.17,2.5,,-4.12,,,-2.1,-4.99,,,,,,-13,-6.5,-4,-10.59,-2.26,4.71,-14,,,-2.5,-5,,-1,-7,,-4.8,-12.4,,,,-0.68,-6.36,1.8,-8.65,-3.45,-5,,-7,-10,-12.2,-13.13,,,5.58,35,19,2,-4,1.33
Akron,Temple,-15.5,-16.1,-16.66,,-25.17,-15.51,-16.39,-14.11,-11,-10.3,-10,-18.99,-14,-18.18,-16.38,-15.95,-35.2,-17.72,-12.4,-17.62,-24.05,-20.2,-27.88,-11.44,-6.7,,-11.65,,,-25.92,-16.53,,,,,,-18,-14,-20,-13.42,-14.26,-18.97,-17,,,-15,-19,,-15.5,-24,,-33.6,-25,,,,-9.35,-21.11,-13.4,-20.55,-15.62,-25,,-11,-21,-16.2,-16.76,,,6.07,41,3,2,-18,-8.12
Arizona St.,Missouri,7.5,0.84,3.53,,0.01,3.25,0.01,-0.27,6,6.8,-9,5.15,-7,1.87,6.52,5.48,1.74,2.11,5.84,1.46,1.85,-0.05,9.26,-8.84,5.3,,4.56,,,-7.53,3.77,,,,,,1,5,6,2.83,-0.98,-12.29,-1.5,,,5.5,-1,,6.5,7.3,,10.5,5.1,,,,-1.13,10.07,7.7,2.2,5.62,7,,-1,4,-10.1,-2.03,,,5.35,30,37,2,4,4.04
Arkansas,New Mexico,36.5,31.57,43.21,,61.23,27.13,46.76,32.15,46,58.5,31,43.65,29,31.1,42.92,48.82,50.77,39.76,40.83,29.31,51.45,57.25,40.51,34.59,33.5,,37.04,,,41.54,40.26,,,,,,45,40,42,41.36,39.19,34.59,42,,,34.5,40,,36.5,41,,39.9,52.9,,,,24.21,32.24,44.3,37.9,27.2,48,,28,49,25,33.66,,,8.72,3,52,2,30,38.46
Arkansas St.,Memphis,16.5,8.27,18.96,,23.34,10.95,18.66,6.62,25,7,12,15.64,11,9.95,10.82,17.86,25.87,15.48,15.1,11.4,20.55,11.3,17.87,5.5,6.7,,10.41,,,13.92,14.65,,,,,,20,14.5,15,5.9,9.51,23.06,22,,,14,21,,16.5,23.4,,35.1,12.9,,,,4.8,15.97,14.3,18.6,13.91,29,,12,18,19.5,13.7,,,6.58,3,47,2,8,6.96
Army,San Diego St.,-9,-8.34,-10.53,,-8.84,-10.18,-11.7,-9.45,-3,-13.4,-6,-16.21,-6.5,-7.25,-11.09,-8.3,-11.3,-9.36,-5.89,-7.29,-12.75,-13.9,-8.84,-9.4,-9.5,,-7.72,,,-13.6,-9.43,,,,,,-6,-7,-13,-9.55,-11.24,-6.56,-6,,,-4.5,-7,,-9,-15.1,,-17.2,-10.2,,,,-5.7,-11.54,-15,-10.45,-5.11,-11,,-1,-4,-8.1,-10.45,,,3.62,23,20,2,-10,-5.92
Auburn,Mississippi St.,-5.5,8.25,-2.39,,16.54,5.27,5.78,11.39,2,14,4,-6.67,15,5.45,-0.88,-11.72,15.4,3.08,7.79,7.95,5.95,4.95,-8.1,8.68,-7,,-0.72,,,13.85,2.52,,,,,,8,-2,0.01,7.96,3.03,-5.42,12.5,,,-3.5,-1,,-4.5,-1.9,,-9.2,12.8,,,,1.92,-0.73,-2.5,-2.3,3.1,-2,,9,10,9.5,7.19,,,7.12,34,41,2,-1,-0.78
Central Florida,Boston College,7,3.32,10.19,,16.91,3.36,7.53,2.98,19,0.3,2,7.07,4,3.73,5.42,5.56,11.45,6.95,7.89,2.99,11.75,8.75,10.33,11.45,-2.5,,12.07,,,13.61,7.03,,,,,,14,6.5,7,2.22,10.09,3.52,12,,,7,-1,,7,7.7,,13.6,16.8,,,,4.14,6.7,-10.4,8.35,4.02,8,,5,10,7.8,4.21,,,5.47,3,30,2,10,-0.01
Colorado,California,-5,-11.97,-7.6,,-6.91,-10.16,-4.34,-13.75,-3,-6.2,-6,-12.32,-10,-10.24,-8.5,-7.18,-10.28,-6.41,-6.06,-10.35,-6.65,-14.6,-9.64,3.34,-4.1,,-2.13,,,-10.15,-6.89,,,,,,-3,-5,-7,-4.48,-8.27,2.36,0,,,-2.5,-4,,-5,-3.8,,-13.3,-6.4,,,,-2.76,-2.62,-8.8,-9.85,-10.7,2,,-3,-7,-3.2,-8.86,,,3.99,36,33,2,-7,-6.86
Duke,Stanford,-20.5,-20.7,-25.11,,-44.49,-20.66,-27.6,-20.95,-31,-38.2,-16,-40.69,-21.5,-20.73,-36.75,-33.73,-42.81,-27.37,-24.62,-21.13,-39.55,-40.25,-30.03,-30.59,-23.4,,-23.35,,,-37.45,-25.87,,,,,,-35,-22,-23,-23.74,-27.6,-17.15,-28,,,-15.5,-23,,-21,-34.5,,-27,-33,,,,-9.27,-23.98,-26.2,-37.25,-29.24,-31,,-16,-24,-23,-24.44,,,7.79,44,14,2,-22,-20.78
East Carolina,Virginia Tech,-17,-18.55,-18.83,,-27.03,-21.01,-24.91,-18.48,-11,-27.5,-9,-27.8,-17,-18.8,-19.78,-21.94,-27.86,-20.38,-25.31,-17.36,-33.95,-31.8,-15.65,-16.24,-22.6,,-20.65,,,-20.26,-20.45,,,,,,-22,-19.5,-22,-18.32,-20.72,-19.34,-18,,,-14.5,-17,,-17.5,-27.3,,-24.4,-19.8,,,,-9.15,-15.78,-19.4,-23.05,-13.84,-25,,-11,-21,-24,-20.4,,,5.15,17,10,2,-17,-21.76
Florida,UAB,23,29.46,24.76,,16.84,27.02,19.58,28.12,23,39.1,20,24.23,30,30.93,23.22,29.13,36.97,24.7,20.9,30.63,27.95,43.7,28.91,27.4,24.2,,21.28,,,26.31,24.31,,,,,,27,23,24,28.03,28.42,14.06,23.5,,,23,26,,23,16.9,,29.5,22.3,,,,16.96,25.05,31.5,15.65,24.25,22,,21,31,15.8,14.7,,,5.54,0,39,2,19,24.37
Georgia,South Carolina,-3,-0.69,-1.17,,-6.15,2.4,0.95,-2.98,5,-11.1,-2,3,-2.5,1.73,1.92,0.13,0.67,-1.95,-5.83,0.23,2.15,-7.3,-6.77,-9.61,-4.5,,-0.41,,,-9.98,-1.34,,,,,,3,-1.5,1,-5.73,-4.6,-7.1,-1,,,-1.5,-7,,-3,-1.8,,-8.4,2.1,,,,-0.36,1.87,-8,-4.35,4.2,-1,,4,1,-3.7,-3.4,,,4.12,45,42,2,-7,2.47
Indiana,Virginia,-6.5,-11.88,-8.43,,3.68,-12.23,-4.64,-11.95,-7,-8.1,-9,-15.33,-3.5,-11.89,-10.28,-5.5,-11.62,-8.01,-3.18,-7.84,-14.95,-9,-2.64,0.81,-0.7,,-9.54,,,-12.2,-8.72,,,,,,-4,-4.5,-10,-6.03,-7.71,-7.16,0,,,-11.5,-2,,-6.5,-15,,-10.8,-4.1,,,,-3.97,-10.29,-13.4,-17.95,-10.48,-14,,2,-1,-3.3,-5.27,,,5.21,34,31,2,-4,-16.64
Iowa St.,Iowa,-6.5,-8.4,-8.9,,-10.39,-6.89,-5.83,-6.35,-9,2,-4,-8.09,-9,-10.27,-8.82,-12.2,-10.4,-8.34,-5.1,-10.22,-15.25,-19.9,-10.86,-11.67,-14.4,,-12.8,,,-3.99,-8.95,,,,,,-11,-9,-9,1.9,-9.09,-2.84,-8,,,-4.5,-8,,-7,-6.6,,-5.4,-14.3,,,,1.8,-4.55,-4.7,-9.65,-9.5,-7,,-9,-10,-11.8,-13.81,,,3.77,41,44,2,-8,-8.71
Kansas,Northern Ill.,-5.5,2.2,-12.16,,-27.95,-2.81,-15.56,2.63,-28,-5.8,3,-13.77,-3.5,1.8,-8.49,-18.95,-18.6,-10.5,-12.97,-1.82,-20.55,-19.55,-11.73,-15.09,1.1,,-7.75,,,-12.67,-11.32,,,,,,-16,-7,-4,-1.97,-11.66,-5.42,-28.5,,,0.01,-10,,-6,-17.6,,-16.8,-29.3,,,,1.86,-9.33,5,-17.3,-3.43,-23,,-8,-14,-22,-19.41,,,9.15,42,45,2,-8,-3.57
Kent,Louisiana-Lafaye,8.5,5.14,8.41,,15.42,5.41,9.35,6.57,2,9.5,9,5.86,2.5,3.72,9.38,5.72,11.7,8.3,10.06,6.79,8.95,7.85,11.02,5.52,5.5,,1.96,,,5.53,8.46,,,,,,10,6.5,7,6.81,8.15,13.14,8,,,8.5,7,,8.5,9.1,,7.8,15.9,,,,4.12,8.38,10.6,1.05,9.5,13,,7,14,10.3,6.92,,,3.40,20,12,2,8,10.13
Kentucky,Central Mich.,11,9.64,10.96,,10.92,8.86,13.61,9.73,11,39.8,11,10.5,7.5,9.58,12.62,12.88,13.22,11.58,14.81,9.1,12.55,20.15,8.37,14.03,9.9,,17.88,,,9.99,10.86,,,,,,13,14,13,26.46,13.21,12.12,8.5,,,10.5,7,,11,8.1,,15.2,10.8,,,,13.12,6.81,17.8,5.1,8.37,7,,8,18,4.4,8.87,,,5.24,13,27,2,9,12.37
Louisville,Florida Intl.,3.5,12.18,5.77,,11.79,8.11,12.91,13.16,10,24.4,7,2.29,9,11.3,8.68,10.79,8.85,8.58,7.79,7.63,8.65,15.6,5.21,8.61,6.9,,10.05,,,4,8.32,,,,,,14,9,7,14.98,8.26,-2.01,10,,,7.5,3,,4.5,2.3,,-0.4,12.5,,,,5.56,5.41,3.5,0.2,6.92,12,,10,28,11.4,9.82,,,5.31,24,17,2,7,14.5
Marshall,Southern Miss.,-8.5,-6.23,-7.32,,-6.79,-4.08,-9.28,-9.08,1,-11.9,-4,-10.81,-6.5,-3.55,-13.88,-7.06,-7.95,-8.08,-6.06,-6.26,-10.25,-12.1,-5.34,-4.06,-17.2,,-11.6,,,-12.29,-8,,,,,,-9,-7,-12,-7.2,-8.98,-5.23,-3.5,,,-8,-12,,-8.5,-10.9,,-11.4,-14,,,,-2.5,-4.77,-8.2,-5.55,-7.93,-8,,-1,-7,-12,-11.1,,,3.67,20,26,2,-10,-8.01
Michigan,Notre Dame,-3,3.41,-2.36,,-2.56,3.11,-7.03,5.37,6,-12.6,-4,1.89,2.5,1.2,-0.45,7.31,-0.46,-1.3,2.44,-3.26,-4.75,-3.15,-0.38,2.57,1,,0.55,,,8.87,-0.46,,,,,,-6,-1.5,-2,-4.34,1.82,-0.01,-2,,,-4,-1,,-3,-6,,-6.9,-3.5,,,,3.91,-4.76,-2.7,-0.45,-15.09,-2,,2,-1,-13.6,-8.95,,,5.02,31,35,2,1,-6.35
Michigan St.,Florida Atlantic,31.5,23.98,32.16,,30.36,23.05,33.6,23.55,29,48.3,26,36.99,21.5,24.41,36.02,30.35,31.45,30.5,29.9,24.91,33.85,46.2,27.76,31.73,33,,28.67,,,32.45,30.35,,,,,,27,31.5,37,33.51,31.91,25.46,23,,,33,33,,31.5,33,,38,27.8,,,,18.73,25.68,47.3,23.3,27.98,34,,18,41,22,22.87,,,6.49,0,44,2,30,31.53
Middle Tenn.,Georgia Tech,-11,-12.24,-11.77,,-6.14,-10.2,-10.82,-14.19,-4,-21.8,-11,-14.15,-10,-10.27,-14.69,-11.96,-16.33,-11.43,-8.92,-12.94,-12.45,-20.45,-12.37,-6.03,-3.3,,-16.52,,,-11.74,-11.54,,,,,,-11,-11,-13,-15.38,-11.35,-4.89,-8,,,-11,-11,,-11,-10,,-17.3,-12.2,,,,-8.97,-9.32,-15,-14.75,-13.01,-13,,-4,-18,-5.5,-11.55,,,3.79,49,21,2,-12,-11
Minnesota,New Mexico St.,19.5,22.2,25.84,,17.81,25.34,30.11,20.31,28,28.9,12,24.57,18.5,24.34,18.92,33.27,28.58,22.92,27.35,23.33,30.95,30.1,27.16,14.71,13.2,,18.33,,,18.54,22.59,,,,,,30,22,26,27.38,16.76,7.82,25.5,,,20,22,,19.5,34.4,,26.5,20.9,,,,14.06,22.85,35,24.6,17.62,30,,17,21,20.2,18.56,,,6.14,28,21,2,15,22.33
Nebraska,Fresno St.,27,17.8,24.42,,25.13,14.4,20.56,18.7,21,26.4,19,27.79,15.5,16.86,22.73,24.58,25.69,21.86,20.16,18.4,24.45,31.9,24.35,16.97,27.5,,12.19,,,22.02,22.38,,,,,,22,23,25,20.26,25.31,22.88,16,,,24,24,,26,23.9,,27.6,21.5,,,,14.12,19.86,27.1,19.5,17.08,32,,14,31,17,12.43,,,4.76,29,42,2,23,24.46
North Carolina,Rutgers,10.5,10.59,13.22,,21.06,13.48,19.71,11.19,21,25.2,5,13.99,6.5,9.95,12.02,16.89,24.89,14.37,17.85,11.57,21.65,24.9,8,19.67,4.65,,14.5,,,17.91,14.05,,,,,,14,11.5,17,18.89,17,4.61,10,,,19.5,7,,11,22.2,,14.1,14.9,,,,12.58,13.45,17.7,7.35,18.21,18,,8,21,12.8,12.18,,,5.42,22,24,2,7,8.9
North Texas,Houston,-21,-19.12,-19.04,,-5.01,-16.83,-11.29,-20.97,-6,-17.5,-21,-26.55,-23,-17.41,-23.49,-21.8,-16.94,-17.04,-11.29,-15.72,-15.65,-20,-20.6,-12.69,-23.5,,-21.81,,,-18.01,-17.46,,,,,,-13,-14,-22,-13.53,-14.35,-11.9,-9.5,,,-19,-21,,-20.5,-13.6,,-21.1,-13.7,,,,-9.55,-14.31,-31.8,-16,-24.11,-17,,-8,-10,-8.6,-12.3,,,5.75,48,23,2,-18,-25.07
Ohio St.,Toledo,17,26.3,23.24,,30,18.02,28.26,25.32,15,50.5,17,18.34,25.5,27.5,21.98,31.73,24.42,22.46,22.86,25.14,25.05,39.25,16.58,26.83,26.3,,21.57,,,15.75,21.47,,,,,,32,22,20,34.26,21.37,1.69,25,,,17,18,,17.5,18.3,,14.6,26.9,,,,18.02,25.78,19.8,7.05,19.06,19,,22,49,16.5,19.42,,,8.14,22,27,2,17,20.93
Oklahoma St.,Arizona,14,4.57,10.37,,15.07,5.14,19.01,5.6,6,14.9,14,9.77,10,3.58,12.82,-1.84,7.18,10.21,4.11,4.27,11.55,10.1,6.85,12.92,16.5,,7.43,,,11.97,10,,,,,,15,13,10,10.95,11.87,18.04,13.5,,,13,10,,13.5,15.1,,11.2,5.8,,,,7,7.85,7.9,3.55,10.49,15,,7,13,10.7,5.68,,,4.68,14,37,2,9,9.13
Oregon,Nevada,25.5,11.24,18.2,,17.15,11.36,10.13,8.49,5,18.6,18,21.48,12,14.25,20.85,6.51,14.6,14.26,10.5,15.03,7.85,10.7,23.27,6.31,28.4,,15.26,,,0.43,14.28,,,,,,14,21.5,21,13.84,9.36,7.61,13,,,21.5,16,,24,10.4,,14.3,14.3,,,,9.08,18.95,26.2,9.2,16.08,18,,8,17,9.4,11.1,,,6.03,20,69,2,10,23.17
Penn St.,Alabama,-10,-9.19,-12.21,,-30.7,-9.01,-20.09,-8.47,-11,-22.8,-11,-19.41,-9,-10.02,-21.68,-19.02,-19.49,-14.28,-10.89,-10.89,-19.55,-14.05,-15.07,-8.31,-9,,-13.39,,,-11.79,-13.19,,,,,,-18,-11,-13,-13.91,-8.48,-13.88,-13.5,,,-8.5,-12,,-10,-23.1,,-16.7,-19.4,,,,-5.03,-15.28,-14.8,-18.55,-20.58,-11,,-8,-14,-15.3,-17.43,,,5.23,27,11,2,-9,-10.9
Rice,Purdue,-2,-7.33,-0.79,,-8.74,-6.25,-3.26,-9.8,1,8.2,-5,-5.17,-8,-5.02,-5.38,-8.61,-3.24,-3.32,-0.94,-7.21,-1.05,-8.55,-3.6,-1.1,-1,,0.88,,,-10.98,-3.25,,,,,,-3,-6,-5,2.92,-4.64,1.29,-1,,,-3.5,0.01,,-2,1.3,,-1.3,-1.5,,,,-2.35,-3.07,-4.3,-2.8,-5.44,-3,,-4,1,0.2,-2.8,,,3.56,22,24,2,-6,-5.37
SMU,UTEP,19,3.67,14.66,,18.89,5.94,8.84,1.58,9,7,18,15.36,6,5.7,22.26,9.74,13.76,12.66,7.24,5.18,5.65,11.9,21.34,5.67,8.8,,16.23,,,3.34,12.59,,,,,,8,17,15,7.14,11.03,17.19,9,,,21,21,,18.5,18.1,,22.6,13,,,,7.28,16.14,30.2,17.45,17.7,17,,7,10,3.6,5.92,,,6.57,17,28,2,7,14.07
South Florida,Ball St.,20.5,20.26,23.2,,26.48,16.61,24.25,20.27,29,39.4,21,25.03,18,20.38,26.19,17.41,31.46,22.44,20.07,17.59,29.25,34.85,17.02,22.12,27.5,,29.59,,,20.25,21.5,,,,,,28,23,29,26.54,25.05,16.93,18,,,22,20,,20.5,24.8,,15.2,18.9,,,,13.69,17.5,27.9,19.9,20.68,25,,15,25,16.8,19.3,,,5.33,7,37,2,14,26.62
Tennessee,Cincinnati,4.5,5.56,6.47,,7.27,8.64,13.1,6.84,12,16.1,1,9,1.5,4.2,6.32,8.29,7.42,6.3,11.81,5.06,8.15,12.9,10.16,8.33,5.3,,7.72,,,8.81,6.57,,,,,,7,4.5,7,11.25,6.67,-0.4,1,,,3,-2,,4.5,14.9,,-6.9,3.3,,,,6.39,2.84,1.1,-3.1,12.52,3,,4,14,5,3.91,,,4.68,23,45,2,2,6.37
Texas,BYU,7,6.24,7.24,,-5.45,8.9,1.49,4.48,2,7.3,4,8.06,4.5,7.76,-0.88,3.27,2.48,3.89,2.36,8.32,3.95,7.2,11.31,5.47,10,,6.59,,,1.77,4,,,,,,2,4.5,7,5.69,3.99,1.73,1,,,7.5,4,,6.5,-3.8,,-0.4,7.8,,,,4.08,5.33,3.5,-1.7,-2.87,-3,,6,14,-3.7,-2.28,,,4.17,16,17,2,4,3.5
Tulane,Tulsa,-11.5,-11.4,-15.69,,-10.06,-9.67,-22.53,-9.41,-18,-15.8,-9,-20.11,-11.5,-13.42,-21.28,-12.85,-23.94,-16.24,-12.72,-14.31,-25.35,-18.7,-9.82,-23.75,-17.5,,-13.28,,,-8.03,-15.75,,,,,,-22,-14,-16,-9.81,-14.59,-17.18,-14,,,-13.5,-19,,-12,-29.9,,-11.1,-13.6,,,,-3.82,-19.09,-20.9,-20.6,-16.86,-28,,-8,-24,-22,-16.77,,,5.91,31,3,2,-7,-13.72
UCLA,San Jose St.,21,19.28,23.5,,20.55,18.43,16.72,15.89,15,35.4,19,19.63,16,22.91,17.85,23.35,23.19,19.32,21.09,19.68,20.25,23.3,26.79,17.47,14,,28.25,,,10.21,19.14,,,,,,20,23.5,24,26.18,15.64,14.18,15.5,,,19,23,,21,10,,25,13.9,,,,15.96,20.28,21.4,12.8,22.06,19,,13,25,11.4,13.94,,,5.08,17,27,2,16,25.77
USC,Utah,8.5,7.15,7.51,,-5.33,7.95,2.06,8.57,-8,2.9,5,7.04,3.5,6.07,10.52,3.04,3.98,5.08,2.47,6.93,4.85,6.95,7.36,-3.62,17.3,,4.83,,,0.33,4.92,,,,,,4,6.5,9,1.85,4.47,2.13,-3.5,,,9,7,,8,6.5,,9.3,3.1,,,,0.81,3.36,9.2,5.95,11.8,8,,3,7,-0.3,3.16,,,4.54,14,23,2,2,10.48
Vanderbilt,Connecticut,1.5,-4,-3.51,,-22.22,1.2,-15.56,-3.71,-14,-26.6,-1,-1.52,-8.5,-4.29,-4.88,1.03,-7.34,-5.95,-10.95,-3.79,-6.45,-16.3,3.43,-13.67,0.7,,-7.05,,,-7.36,-4.94,,,,,,-13,-5.5,-5,-14.92,-7.67,-8.52,-10,,,0.5,-1,,0.5,-9.1,,-1.3,-9.8,,,,-3.24,0.01,1.4,-2.75,-0.33,-6,,-5,-6,-13.2,-13.63,,,6.10,21,24,2,-6,-3.29
Wake Forest,NC St.,-1,-5.57,-8.1,,-25.35,-4.83,-14.81,-8.08,-14,-12.2,-1,-14.91,-7.5,-2.98,-14.32,-16.57,-17.29,-10.66,-11.21,-4.82,-21.45,-23.4,-1.01,-14.63,-2.1,,-12,,,-19.62,-10.64,,,,,,-13,-1,-9,-8.93,-15.46,-6.4,-17.5,,,-2,-7,,-2,-13,,4.3,-20.4,,,,-5.65,-10.27,-7.9,-13.1,-8.8,-11,,-8,-17,-20.7,-14.59,,,6.16,27,34,2,-9,-7
Washington,Hawaii,5,4.02,-0.5,,3.7,-2.06,7.8,5.45,5,10.2,9,0.68,-1.5,2.8,4.31,3.79,-0.01,3.34,0.62,4.21,0.01,4.2,8.31,0.94,12,,6.46,,,-2.17,3.36,,,,,,1,1,6,6.75,2.49,9.26,-4.5,,,11,3,,5,8.5,,-14.1,-8.3,,,,3.31,3.41,15.8,-1.9,11.6,1,,1,7,-6.9,-4.65,,,5.61,32,40,2,1,4.99
Washington St.,UNLV,14.5,9.02,14.31,,8.12,11.75,15.63,9.11,6,22.8,11,20.21,5,8.91,15.56,12.09,13.17,13.05,17.33,5.56,17.75,12.45,16.78,-1.78,7.3,,16.41,,,10.67,13.24,,,,,,14,13,17,13.28,11.91,13.3,4,,,14,10,,14.5,24.5,,30.1,11.9,,,,3.75,15.88,21.7,15.35,14.46,18,,5,-1,8,12.32,,,6.29,7,59,2,12,17.23
Western Kentucky,Navy,-9.5,-22.06,-13.89,,-23.79,-15.53,-14.32,-23.13,-13,-23.8,-9,-17.66,-22,-21.01,-15.68,-24.29,-29.63,-15.92,-16.29,-19.45,-22.15,-30.1,-7.29,-20.45,-8.2,,-7.25,,,-26.63,-15.6,,,,,,-15,-14,-19,-18.91,-16.62,-4.86,,,,-10.5,-7,,-10.5,-17.6,,-5.8,-17.5,,,,-14.03,-11.22,-16,-14.1,-19.15,-15,,-10,-10,-14.9,-14.7,,,5.73,40,14,2,-15,-14.48
Wisconsin,Oregon St.,20,12.01,16.07,,32.46,11.86,14.51,13.46,15,23.5,11,16.44,14.5,10.37,23.42,10.13,16.76,16.92,9.95,7.04,21.35,23.4,19.75,29.57,25.3,,18.76,,,27.33,16.78,,,,,,18,16,19,14.75,21.73,20.32,15.5,,,19,11,,20,26.1,,25.2,21.4,,,,6.01,8.63,11,11.75,8.95,17,,11,17,16.8,10.17,,,6.31,0,35,2,19,5.49
Alabama,North Texas,47,45.7,47.55,50.8,34.21,39.46,50.3,44.71,41,64.7,40,55.65,40,46.81,54.25,50.58,53.14,45.27,40.61,44.82,51.55,59.88,49.02,39.33,43.5,,39.1,,,40.85,45.21,,,,,,49,43.5,50,48.52,41.93,42.11,35,,,44.1,46,,47,49.4,,60.1,,,,,28.33,41.17,68.1,42,,52,36.33,30,42,24,31.03,,,8.58,0,41,3,40,46.56
Arizona,Stanford,-9.5,-6.54,-13.28,-8.94,-18.87,-8.58,-24.82,-3.89,-17,-22.3,-7,-29.31,-7.5,-10.56,-15.9,-24.49,-17.85,-13.69,-14.6,-8.96,-21.25,-16.38,-8.47,-7.49,-20.3,,-5.84,,,-11.61,-11.54,,,,,,-20,-8,-10,-12.83,-10.76,-6.13,-15.5,,,-9.9,-8,,-9.5,-25.7,,-12.6,,,,,-3.36,-11.47,-12.9,-18.3,,-21,-8.44,-9,-14,-23,-24.38,,,6.62,37,10,3,-11,-8.3
Arkansas,Troy St.,23,19.93,26.49,27.79,35.9,25.26,28.48,15.67,19,46.4,23,39.89,21,26.13,27.48,25.17,30.63,27.16,32.58,21.51,33.15,40.29,19.3,20.33,29.2,,30.87,,,25.54,26.49,,,,,,27,26.5,29,31.58,29.36,20.98,17,,,24.6,26,,23.5,25.9,,38.3,29.9,,,,16.76,26.53,45.7,27.6,,30,23.62,18,32,24,24.79,,,6.62,28,38,3,22,21.9
Army,Northwestern,-6,-13.47,-6.28,-0.21,-9.77,-6.39,-2.89,-20.18,-8,-13.6,-13,-5.66,-12,-7.31,-13.24,-3.84,-1.74,-7.43,-6.21,-6.99,1.95,-14.33,-3.98,-12.9,-11.5,,-10.27,,,-16.54,-7.09,,,,,,1,-6.5,-11,-10.39,-12.05,-10.02,7,,,-8.3,-7,,-6,-2.1,,-6.2,,,,,-7.18,-4.72,-18.2,-7.3,,-5,-3.57,-1,3,-0.7,-5.9,,,5.58,14,21,3,-10,-10.81
BYU,Utah,4,3.61,4.65,1.97,-0.33,1.06,4.36,4.19,14,-5.2,5,8.78,1,3.02,6.25,-2.94,-3.89,3.89,3.35,0.46,5.25,-0.25,2.56,-7.92,7.5,,-0.46,,,5.54,3.64,,,,,,7,5.5,6,-1.94,4.64,5.59,-4.5,,,3,6,,4,12.7,,12.8,,,,,1.31,3.66,3,-1.55,,9,1.8,2,1,14.7,8.01,,,4.78,54,10,3,2,0.5
Ball St.,Buffalo,5,5.18,1.22,1.47,1.18,4.05,14.56,7.23,8,4,3,6.76,3.5,3.13,17.18,8.54,1.31,6.14,16.44,1.23,3.05,6.92,7.69,11.49,6.5,,6.32,,,4.93,5.45,,,,,,6,5.5,6,11.16,6.25,8.44,6,,,5.4,3,,5,8.9,,6.8,,,,,9.11,4.17,5.5,2.25,,7,6.47,2,14,2.8,1.86,,,3.84,25,28,3,4,5.16
Boston College,Duke,7,10.09,7.08,7.07,5.96,6.82,1.37,11.68,9,13.1,10,17.88,13.5,8.48,15.41,1.27,10.25,8.13,0.41,7.52,4.35,11,4.62,20.97,4.1,,12.28,,,9.93,8.1,,,,,,12,9,10,8.14,10.08,16.79,8,,,5.5,11,,7,3.5,,2.8,8.1,,,,3.17,6.64,8.1,2.8,,4,6.29,5,7,3.4,3.31,,,4.38,20,19,3,6,9.88
Bowling Green,Wyoming,9.5,6.92,11.06,2.86,4.32,5.43,-1.95,8,13,1.2,4,-0.2,3.5,6.03,5.11,8.82,1.63,4.61,10.14,3.56,1.55,8.88,6.62,3.42,4.6,,1.09,,,4.93,4.64,,,,,,6,4.5,2,0.75,4.67,1.53,-1,,,5.1,4,,8.5,-4.5,,11.4,,,,,0.3,1,-0.01,5.95,,4,10.48,5,7,8.6,9.19,,,3.73,28,27,3,1,2.54
Cincinnati,Akron,33.5,27.84,30.83,23.41,27.08,21.57,25.22,24.33,20,27.6,29,25.6,28,31.67,27.55,32.36,36.26,27.47,21.25,27.37,33.15,28.71,36.2,15.52,19.5,,28.57,,,17.3,28,,,,,,33,29.5,32,26.79,19.69,28.05,21,,,30.8,32,,32.5,25.6,,43.2,28.2,,,,15.38,30.69,43.6,29.5,,33,17,19,38,14.6,4.07,,,7.45,14,59,3,27,32.16
Clemson,Auburn,3.5,-3.57,1.43,-2.71,0.61,-1.91,-6.82,-4.28,3,-22,1,2.19,-6.5,-3.29,-2.42,3.81,-15.33,-3.63,0.47,-0.82,-13.45,-5.88,4.56,-19.04,1.5,,-7.24,,,-9.12,-2.56,,,,,,-11,3,-2,-10.94,-4.06,0.95,-9,,,0.4,-3,,2.5,-7.4,,2.1,,,,,0.12,-1.06,-0.9,-7.75,,-1,-5.71,-3,-1,-8.5,-16.21,,,6.02,24,38,3,-4,5.15
Colorado,Colorado St.,7.5,-0.46,11.08,16.49,-8.55,7.45,16.4,-7.29,11,16.9,-1,11.22,-1.5,6.46,3.32,12.7,16.69,8.54,13.35,8.02,19.1,10.79,5.05,16.87,-2.2,,15.81,,,-4.63,9.27,,,,,,16,10,8,9.32,3.97,11.66,14,,,6.7,9,,7.5,15.1,,11.1,,,,,1.74,13.22,9,11.25,,24,7.25,9,4,3.7,11.35,,,7.12,14,28,3,2,9.53
Connecticut,Iowa St.,4.5,2.63,3.47,5.67,8.9,1.71,4.85,-4.7,-2,9.4,4,1.84,6.5,9.33,-6.92,0.9,2.56,3.97,-3.16,5.45,7.15,2.67,5.64,-4.02,1,,0.79,,,-9.66,3.97,,,,,,12,6.5,3,2.51,0.92,9.62,8,,,4.8,7,,4.5,14.6,,10,,,,,-4.38,7.11,3.7,4.75,,13,0.19,4,10,11.6,8.38,,,5.23,24,20,3,1,2.92
Florida,Tennessee,9.5,9.8,9.44,7.94,11.4,6.03,2.28,7.59,10,9.3,9,10.76,14,12.52,9.62,11.42,13.1,9.21,5.09,12.52,12.85,9.79,6.79,14.13,14.8,,7.54,,,4.91,9.53,,,,,,10,10,8,8.11,8.96,10.07,15,,,5.4,11,,9.5,-0.4,,14,,,,,6.91,12.69,13.2,4.95,,11,4.73,12,14,3.3,-0.74,,,3.75,23,33,3,8,8.96
Florida Intl.,Central Florida,-5.5,-6.74,-7.24,-6.1,-6.62,-8.75,-8.25,-0.66,-7,-15.5,-4,-10.14,-6,-13.12,-5.67,-7.44,-11.46,-7.1,-0.36,-9.84,-10.25,-15.67,-4.12,-9.51,-2.5,,-10.79,,,-0.91,-6.84,,,,,,-10,-5,-10,-8.92,-7.44,-3.46,-7,,,-6.7,-5,,-5.5,-7.6,,-14.1,,,,,-2.34,-8.33,-5.6,-10.95,,-11,-4.69,-5,-4,-6.3,-2.95,,,3.41,10,17,3,-10,-6.94
Florida St.,Oklahoma,-3,-4.67,-4.56,-10.92,5.93,-8.16,-5.42,-4.9,-8,-3.4,-4,-17.29,-4,-4.42,-7.02,0.44,-7.76,-4.33,-1.41,-4.49,-13.85,-1.96,-0.22,-3.28,0.01,,0.22,,,-7.51,-4.42,,,,,,-4,-4,-5,-1.06,0.01,-6.95,-2,,,-2.5,-3,,-3,-9.1,,7.4,-7.4,,,,1.28,-2.52,-6.8,-10.1,,-11,-3.35,-1,1,2.6,-6.95,,,4.63,23,13,3,-5,-6.47
Georgia Tech,Kansas,14.5,7.24,14.11,12.64,14.67,10.37,12.8,1.88,15,17.7,10,7.21,14,12.15,9.46,15.13,16.32,11.91,8.55,12.65,13.25,19.75,18.92,-1.09,7.1,,10.25,,,-0.39,11.7,,,,,,20,14,13,12.58,11.45,10.8,19.5,,,12.1,12,,14,14.2,,25,,,,,7.47,11.95,9.9,11.05,,18,9.63,10,24,7.8,6.69,,,5.23,24,66,3,9,10.19
Illinois,Arizona St.,2,2.36,0.36,0.52,10.62,4.77,1.68,-2.23,1,-15.3,6,6.05,1.5,6.17,-3.88,-1.35,4.53,0.71,-3.61,1.47,7.45,-4.33,-1,-6.47,-6.5,,-7.32,,,4.95,1,,,,,,5,-1.5,-1,-9,0.01,3.01,5,,,-1.3,1,,2,0.2,,10.6,,,,,-2.7,-3.51,-5.8,-2.75,,10,2.35,3,4,3.7,-6.85,,,5.12,14,17,3,2,-5.95
Iowa,Pittsburgh,3,0.93,2.86,5.29,3.24,3.87,4.38,-3.05,10,-10.8,4,1.69,1,4.52,-4.43,10.28,5.95,2.53,7.19,4.5,7.05,0.75,4.9,6.35,2.5,,2.6,,,-7.85,3.1,,,,,,8,4,2,-5.03,-0.44,0.72,1.5,,,1,0.01,,3,5,,0.8,,,,,0.75,-5.64,3.2,-1.8,,3,5.6,4,8,-1.1,-2.32,,,4.24,27,31,3,1,5.69
Kansas St.,Kent,17.5,21.4,17.46,19.47,19.05,14.89,15.82,27.77,17,25,15,16.3,16,15.62,23.94,22.33,17.45,17.34,21.91,15.82,14.85,24.79,19.35,15.85,14.7,,14.89,,,23.11,16.45,,,,,,16,18.5,20,20.03,19.21,12.07,13,,,16.6,8,,17.5,9.9,,18,,,,,15.07,14.14,24.2,5.45,,14,12.82,13,25,12.9,9.58,,,4.69,0,37,3,19,25.43
Kentucky,Louisville,6,12.94,5.91,4.22,6.69,8.5,2.06,16.1,13,13.7,10,8.48,10,10.37,9.61,6,2.02,7.28,7.41,8.94,-7.15,16.71,2.65,3,8.1,,10.81,,,13.48,7.65,,,,,,5,7.5,9,11.41,10.51,8.69,-1.5,,,6.2,9,,6,7.8,,5.9,,,,,9.12,7.5,11.2,4.15,,6,7.82,4,4,1.2,1,,,4.28,24,17,3,3,6.5
Louisiana Tech,Houston,-7,-8.5,-6.31,-3.09,-2.42,-2.68,-0.01,-13.88,1,0.2,-6,-6.92,-5.5,-3.85,-12.08,-1.4,-6.07,-5.73,0.12,-2.65,-1.95,-7.54,-9.88,-7.6,-17.8,,-12.37,,,-12.8,-5.71,,,,,,-5,-8,-8,-1.77,-8.77,-5.52,0.5,,,-5.9,-9,,-7,-6.7,,-11.2,,,,,-3.73,-4,-4,-9.9,,-8,-0.01,-1,-1,-1,-6,,,4.38,35,34,3,-8,-3.44
Maryland,West Va.,1.5,-3.16,-0.21,-0.88,-1.35,2.41,2.59,-5.19,6,1.9,-5,4.1,-6.5,-1.77,5.53,0.44,4.17,0.65,2.07,-2.83,5.35,-1.25,-0.94,8.14,-10.8,,0.01,,,-0.32,1.04,,,,,,1,-3,2,3.51,1.65,-1.51,-3,,,-3,-2,,1.5,7.6,,2.4,,,,,5.13,1.08,4.7,3.75,,6,2.04,-2,1,-6.3,6.28,,,3.98,37,31,3,-4,2.01
Miami (Fla.),Ohio St.,2.5,-10.1,-0.95,1.14,-18.45,-3.51,-7.57,-14.22,7,-24.7,-6,-8.83,-12.5,-6.43,-5.56,0.01,-5.88,-5.46,-4.95,-6.27,-7.95,-13.29,4.03,-13.08,-13,,-3.51,,,-15.38,-5.42,,,,,,-6,1,-6,-12.91,-8.59,-5.27,-12.5,,,3.7,-3,,1.5,-6.2,,-4.9,,,,,-1.12,0.01,10.3,-2.15,,-1,-3.37,-6,-4,-13.8,-11.08,,,6.41,6,24,3,-3,-1.95
Michigan,Eastern Mich.,29.5,27.75,32.77,30.76,4.24,30.46,36.2,25.77,30,28.2,23,45.6,20,29.9,35.58,39.34,46.26,31.33,28.87,27.74,42.35,42.17,41.53,31.56,30.5,,28.53,,,24.84,30.58,,,,,,31,30.5,37,29.58,29.79,24.92,29,,,31.5,28,,29.5,39.3,,34.1,34.8,,,,19.17,36.83,50.3,34.75,,39,26.17,24,42,10.2,16.67,,,8.61,3,31,3,24,30.58
Minnesota,Miami (Ohio),4.5,3.28,0.3,1.8,1.62,6.7,0.81,-1.34,-12,1.9,4,-8.19,4.5,7.97,-3.32,5.27,-3.15,-0.46,0.01,10.45,0.35,-2.79,8.84,-18.26,4.9,,-4.02,,,-6.17,0.8,,,,,,1,1.5,3,1.67,-4.11,-12.29,5,,,2.1,0.01,,4,-9.5,,-0.2,-4.3,,,,1.44,0.8,10.9,-10.7,,-6,-2.5,4,6,-9.5,-11.83,,,6.43,23,29,3,2,2.49
Mississippi St.,LSU,-3.5,-14.43,-6.57,-3.88,-5.17,-9,-3.93,-18.31,-20,-2.8,-8,-16.99,-13.5,-10.53,-12.36,-6.65,-5.37,-6.94,-13.42,-7.34,-6.15,-5.38,-0.01,-4.12,-5,,-4.03,,,-14.72,-6.01,,,,,,0.01,-4,-10,-4.41,-5.12,-6.36,-2,,,-2.4,-2,,-3.5,-5.7,,8.1,4.2,,,,-6.01,-4.74,-7.1,-14.95,,-1,-14.19,-7,-4,-11.4,-9.7,,,5.55,19,6,3,-4,-3.48
Nebraska,Washington,17,11.03,14.83,11.52,6.11,12.3,6.3,6.86,8,5.7,10,13.55,15.5,14.08,15.16,12.89,14.98,11.42,6.39,14.21,8.65,14.17,18.1,4.63,14.5,,6.89,,,6.77,12.3,,,,,,14,17.5,12,5.66,10.63,13.64,15.5,,,14,13,,16,4.9,,18.4,12.4,,,,5.62,17.43,7.1,7.4,,17,9.65,9,21,6.9,0.24,,,4.36,38,51,3,14,15.09
New Mexico,Texas Tech,-21,-22.52,-21.36,-27.02,-27.45,-17.52,-24.57,-23.2,-18,-30.7,-20,-22,-22.5,-21.86,-20.86,-27.11,-32.72,-22.21,-20.26,-23.8,-29.05,-33.96,-32.39,-23.81,-7,,-20.93,,,-24.98,-22,,,,,,-24,-24,-26,-20.99,-21.59,-24.6,-23,,,-20.8,-22,,-21,-21.1,,-13.2,,,,,-11.28,-18.89,-21,-22.65,,-29,-13.9,-13,-24,-22,-21.31,,,5.04,59,13,3,-22,-21.45
New Mexico St.,UTEP,3,2.02,4.82,-11.19,1.77,4.62,-6.57,0.34,10,-8.4,2,11.61,-3,3.7,8.3,0.32,-6.02,-0.04,0.61,-4.88,-0.25,-0.67,0.67,0.39,0.01,,1.61,,,5.58,0.34,,,,,,-9,-2,0.01,-4.41,2.37,0.77,-15.5,,,0.3,1,,3,1.8,,8.5,-6.9,,,,-0.42,-3.76,5.8,-0.6,,-7,4.03,-3,-3,-8.4,-8.28,,,5.76,16,10,3,-3,-1.84
North Carolina,Virginia,10,7.86,10.39,10.3,7.42,5.26,11.67,9.4,8,23.8,7,12.27,11.5,6.48,13.58,11.1,10.98,9.8,7.3,8.78,9.25,20.96,12.91,21.6,6.3,,10.42,,,10.7,9.8,,,,,,15,11,14,15.94,12.13,3.76,13.5,,,5.6,11,,10,5.3,,9.6,,,,,8.08,8.81,10.9,1.6,,13,5.63,10,14,14.3,4.83,,,4.21,17,28,3,7,3.53
Northern Ill.,Wisconsin,-17,-13.17,-13.06,-17.8,-13.54,-11.42,-16.17,-12.39,-5,-31.5,-17,-25.86,-18,-14.54,-23.46,-12.15,-19.42,-14.84,-16,-13.66,-21,-25.63,-19.06,-14.55,-26.3,,-17.41,,,-9.66,-14,,,,,,-14,-14,-19,-21.19,-16.14,-15.48,-1,,,-14.3,-8,,-17,-14,,-11.9,-11.3,,,,-10.88,-9.95,-25.8,-9.65,,-7,-10.89,-8,-11,-7.2,-6.8,,,6.06,49,7,3,-12,-24.13
Notre Dame,Michigan St.,5.5,-3.57,1.88,6.08,-14.76,1.87,8.04,-5.49,-5,-1.6,4,3.83,-6,-0.94,-5.84,0.73,1.66,1.25,-1.93,0.55,6.05,-4.42,2.06,-6.01,-6.5,,-1.33,,,-9.19,1.47,,,,,,9,3.5,0.01,-3.08,-3.15,0.9,3,,,5.7,4,,5,13.6,,5.6,-4.4,,,,-4.57,9.9,10.6,1,,11,0.95,2,10,8.2,10.97,,,6.03,13,31,3,-4,2.34
Ohio,Marshall,4,7.11,8.41,2.06,12.59,4.66,-2.53,6.06,14,-2.7,4,-1.04,9,8.1,-3.11,5.99,7.85,4.33,5.72,5.34,-2.45,7.96,3.95,0.43,7.3,,3.3,,,9.56,4,,,,,,4,3.5,0.01,-0.44,7.22,3.29,9.5,,,2.8,1,,4,-1.8,,16.3,,,,,1.81,6.84,-0.4,-1,,2,8.4,3,4,4.3,-2.46,,,4.45,7,44,3,5,4.22
San Diego St.,Washington St.,5.5,2.39,1.1,10.18,-5.51,-1.68,12.68,5.83,5,6.2,8,-5.06,11,-1.29,12.44,-3.7,8.85,5.58,1.73,4.76,0.95,7.88,1.91,23.12,13,,6.42,,,6.43,6.2,,,,,,11,9.5,5,6.34,6.86,11,22,,,7.4,10,,5.5,5.2,,-13.2,16.3,,,,6.47,5.93,-5.5,-3.75,,9,3.34,6,17,6.8,-0.54,,,6.91,24,42,3,6,3.38
San Jose St.,Nevada,-6,-14.72,-8.92,-10.62,-2.32,-8.48,-22.18,-16.82,-5,-45.5,-15,-7.07,-22,-12.68,-14.89,-8.81,-25.42,-16.04,-21.34,-16.75,-17.65,-29.38,-21.06,-30.12,-1,,-17.49,,,-21.55,-15.15,,,,,,-23,-7.5,-13,-31.24,-16.61,-15.74,-28.5,,,-8.5,-18,,-7,-13,,-8.4,-25,,,,-15.99,-15.24,-3.4,-15.15,,-20,-11.7,-13,-35,-23,-21.21,,,8.23,17,14,3,-13,-13.32
South Carolina,Navy,17,8.82,14.84,11.49,1.42,10.02,13.7,9.85,20,27.6,22,15.26,10,7.89,20.58,9.34,8.53,13.8,13.17,9.03,7.95,15.25,19.21,12.05,28.1,,19.3,,,8.64,13.3,,,,,,17,16.5,14,18.69,13.97,14.16,10,,,15.1,20,,16.5,7,,13.3,,,,,9.78,15.41,25.3,7.85,,19,9.41,8,11,7.3,5.54,,,5.78,21,24,3,10,15.8
TCU,Louisiana-Monroe,29,30.14,30.3,29.79,11.67,26.78,36.46,27.41,22,50.9,23,23.83,27.5,32.99,27.39,38.1,44.09,29.37,33.02,33.01,38.15,47.42,37.29,32.13,25,,27.37,,,22.91,27.75,,,,,,42,31,26,34.51,28.78,14.03,38,,,25.7,26,,29,25.2,,29,,,,,18.11,27.41,29.4,22.55,,37,25.17,28,49,17.8,18.93,,,7.97,17,38,3,26,28.33
Temple,Penn St.,-7,-1.38,-3.38,-1.59,13.3,1.26,-5.94,-3.18,6,-17,-6,0.86,-2.5,0.71,-8.91,-4.99,3.72,-2.1,-3.42,-3.24,0.85,-7.5,-8.6,-5.25,-15.8,,-2.28,,,7.96,-2,,,,,,-2,-6.5,-8,-10.25,-0.14,-2.06,2.5,,,-9.6,-4,,-6,2.6,,9.3,6.8,,,,-3.5,0.27,-21.2,-2,,2,1.78,-1,-1,8.1,-2.82,,,6.35,14,10,3,-3,-7.69
Texas A&M,Idaho,35.5,22.24,37.63,31.23,19.45,22.82,34.78,22.57,38,39.8,28,45.87,19,21.94,41.87,30.73,33.2,31.1,34.52,20.15,33.15,43.21,29.31,29.34,34.8,,35.06,,,32.19,31.8,,,,,,29,29.5,35,29.29,33.75,27.32,25,,,34.6,32,,35,29.3,,31.6,,,,,18.78,30.14,51.9,36.85,,34,23.64,16,34,22,27.19,,,7.35,7,37,3,27,35.31
Toledo,Boise St.,-20,-17.07,-18.81,-14.67,-4.82,-12.81,-21.41,-19.17,-12,-34.9,-15,-15.42,-24,-14.8,-26.21,-30.7,-23.87,-18.52,-17.72,-18.21,-18.05,-29.71,-26.74,-19.41,-25.7,,-18.15,,,-14.06,-18.15,,,,,,-25,-20.5,-17,-20.6,-15.17,-7.92,-27.5,,,-19.5,-21,,-20,-14.5,,-10.5,-22.3,,,,-6.3,-23.16,-27.3,-19.05,,-21,-10.01,-13,-25,-8.1,-12.65,,,6.68,40,15,3,-15,-21.53
Tulsa,Oklahoma St.,-13.5,-8.82,-12.84,-12.92,-10.86,-11.4,-8.7,-10.67,-5,-24.1,-12,-15.87,-12,-7.05,-9.19,-10.45,-15.76,-10.51,-12.05,-11.97,-11.75,-17.75,-17.81,-2.28,-10.5,,-11.28,,,-14.95,-10.67,,,,,,-11,-11,-9,-14.97,-9.23,-4.37,-7,,,-8.7,-8,,-13,-3.4,,-9.3,-13.2,,,,-5.83,-9.49,-12.8,-13.2,,-6,-9.97,-5,-11,-7.5,-14.27,,,3.85,59,33,3,-14,-9.44
UAB,Tulane,13,8.54,10.99,10.05,-6.6,6.84,9.22,7.85,7,9.4,6,9.63,5.5,9.29,12.58,11.89,8.75,8.64,8.76,9.91,9.65,8.63,11.93,5.36,11.1,,12.27,,,1.71,9,,,,,,16,11.5,9,6.36,6.18,7.4,3.5,,,13.7,9,,12,7.6,,8.1,9.6,,,,3.32,13.45,10.7,5.6,,14,4.73,5,11,5.8,1.69,,,3.94,49,10,3,5,10.13
UCLA,Texas,-3.5,-12.52,-8.04,-6.13,-3.47,-8.37,-7.47,-17.66,5,-7.3,-7,-10.4,-11.5,-9.14,-11.99,-3.88,-2.18,-5.82,-1.35,-8.48,-9.85,-16.92,-5.47,-5.63,-10,,-1.87,,,-17.36,-5.55,,,,,,-8,-4.5,-9,-7.33,-11.43,-5.42,-2.5,,,0.7,-4,,-3.5,-5.3,,5.4,,,,,-7.36,-3.22,1.9,-6.1,,-4,0.52,-5,-4,-2.6,-5.79,,,4.70,49,20,3,-7,-4.26
UNLV,Hawaii,-18,-12.58,-23.79,-20.44,-21.85,-15.52,-20.9,-11,-17,-25.6,-13,-30.82,-15,-14.23,-15.02,-22.22,-28.17,-18.81,-19.54,-13.13,-27.65,-27.71,-19.95,-22.06,-5.5,,-23.09,,,-21.89,-18.2,,,,,,-20,-17,-18,-15.25,-16.34,-17.11,-17,,,-13.3,-16,,-18,-18.2,,-30.4,-30.3,,,,-4.89,-17.98,-17.3,-21.85,,-25,-15.59,-12,-21,-19.4,-18.33,,,5.65,20,40,3,-19,-17.68
USC,Syracuse,17,14.83,13.49,20.11,4.73,16.13,9.82,15.44,-4,12.8,12,13.66,16.5,15.43,8.45,11.66,16.17,12.79,8.64,17.83,14.45,21.79,18.17,11.78,20.5,,12.12,,,9.17,13.58,,,,,,14,13,15,11.56,13.94,7.99,10.5,,,16.1,14,,16.5,16.4,,19.5,,,,,10.32,14.16,24.2,9.7,,10,9.33,11,14,2.7,9.54,,,4.89,17,38,3,8,17.1
Vanderbilt,Mississippi,-2.5,2.23,-1.37,-2.04,11.08,-2.38,-5.39,6.18,3,-8.4,2,2.07,-1,-1.82,1.89,-8.4,0.76,-0.19,-1.88,-4.43,-4.35,-6.83,-3.49,7.86,-3.8,,0.7,,,9.33,-0.85,,,,,,-4,-2,-2,-3.19,3.28,-1.8,-4.5,,,0.2,3,,-2.5,2.8,,8.3,,,,,2.03,-0.32,4.6,-0.25,,3,,-4,-3,-10.6,-13.84,,,4.97,7,30,3,-1,-3.85
Virginia Tech,Arkansas St.,24,27.78,20.92,25.74,20.24,22.36,25.4,29.51,17,44.8,22,25.56,25,26.01,30,30.33,33.31,25.61,26.4,25.39,25.15,44.33,25.98,30.9,29.1,,27.77,,,23.58,25.65,,,,,,25,27.5,29,33.3,29.36,25.9,21,,,22.4,21,,24,20.7,,18.5,,,,,21.8,17.54,31.1,21.25,,29,17.93,16,36,23,17.35,,,5.34,7,26,3,23,29.14
Western Mich.,Central Mich.,7.5,-1.15,5.27,6.67,13.71,3.58,6.99,-2.01,6,5.4,4,7.5,1,-0.3,10.75,3.91,10.47,5.88,5.34,0.81,8.85,4.25,5.7,3.41,6.5,,11.19,,,2.29,5.4,,,,,,8,5,9,5.03,7.36,9.26,9,,,4.4,4,,7.5,7.3,,14.9,8.8,,,,4.66,2.04,7.6,3.15,,8,4.15,5,1,9,4.62,,,3.60,14,44,3,5,4
Alabama,Arkansas,11,14.67,11.06,7.81,8.23,7.25,11.94,17.83,19,10,14,11.63,14,11.55,17.97,11.99,12.64,11.81,9.95,11.26,11.55,7.17,14.47,6.33,9,,7.58,,,14.93,11.63,,,,,,14,12.5,10,7.97,8.03,11.31,8.5,,,11.4,10,,11,15.6,,16.8,14.9,,15,,5.94,12.63,14.8,6.25,,17,14.42,8,13,12.7,4.74,33.1,,3.46,14,38,4,8,10.33
Arizona,Oregon,-16,-11.55,-20,-14.53,-15.12,-11.06,-18.08,-10.42,-12,-23.7,-13,-9.8,-14.5,-13.42,-8.68,-16.04,-18.65,-14.7,-13.77,-11.64,-19.95,-18.83,-21.84,-9.05,-22.7,,-11.71,,,-14.38,-14.5,,,,,,-17,-16,-15,-14.39,-11.69,-13.18,-19.5,,,-11.9,-12,,-16,-16.7,,-18.7,-26.4,,-24,,-5.07,-12.43,-13.1,-15.7,,-19,-10.32,-8,-17,-14.7,-11.18,-4.4,,4.47,56,31,4,-15,-17.92
Arizona St.,USC,2.5,-5.67,4.62,1.96,2.61,-0.48,4.67,-14.31,1,-0.2,-6,3.8,-9.5,0.48,2.54,4.4,2.15,1.5,6.63,-0.64,6.65,-2.33,0.9,-2.19,3.2,,2.36,,,-18.93,2.54,,,,,,5,1.5,2,-1.63,-1,3.13,3.5,,,-0.1,-1,,2.5,11.1,,9.4,5.8,,11,,-3.07,9.75,4.9,5.15,,4,3.52,2,4,3.6,6.58,7.6,,5.53,22,43,4,-1,0.35
Auburn,Florida Atlantic,31.5,33.93,37.58,33.88,34.73,29.5,44.28,34.56,43,65.4,30,43.15,30.5,33.57,41.3,31.72,46.48,35.39,27.29,31.69,45.65,49,41.14,28.93,24,,29.47,,,34.58,34.17,,,,,,44,31.5,37,41.53,33.56,21.78,32.5,,,31.2,32,,31.5,40.8,,52.5,34.4,,42,,17.66,34.42,44.8,30.8,,40,27.84,26,32,26,36.54,46.6,,8.13,14,30,4,36,29.37
BYU,Central Florida,2,5.02,-11.4,-3.16,-15.29,0.01,-1.77,11.34,-5,-2.5,-1,-12.38,1.5,-2.19,7,-3.13,-8.54,-1.64,-5.45,-0.33,-9.05,-5.04,4.49,-3.23,8,,-1.44,,,-0.91,-1.44,,,,,,1,4,2,1.47,-2.13,-1.08,-5,,,4.7,5,,1.5,-4.2,,-2.6,-21.3,,-14,,5.44,-0.9,11.6,-7.6,,1,-1.91,-1,-7,-8.4,-1.69,-16.9,,6.51,17,24,4,-7,4.6
Ball St.,Army,-4,4.76,-2.44,-8.54,5.58,0.29,-8.54,8.75,1,-8.1,2,2.43,3,1,-1.01,-6.35,-7.5,-3,-8.2,-0.64,-10.95,-5,-7.08,-2.68,-3.5,,-9.4,,,9.3,-4,,,,,,-6,-5.5,-8,-3.01,1.83,-3.31,-8.5,,,-4.3,-4,,-4,-9.5,,-7,0.2,,-2,,2.09,-0.57,-4.3,-7.15,,-8,-1.7,-4,-4,-10.7,-6.66,7.5,,4.96,21,48,4,2,-5.56
Baylor,Rice,20.5,20.45,24.57,28.33,23.89,19.76,16.97,20.16,23,19.2,17,27.08,19,20.92,23.71,21.76,30.09,22.33,29.13,21.42,29.45,31.25,27.55,25.63,20.25,,22.46,,,20.59,23,,,,,,24,19.5,19,17.26,23.05,12.58,19,,,15.9,18,,20.5,13.4,,25.7,35.7,,39,,15.31,24.81,19.5,24.25,,26,21.31,15,24,24,13.61,33.1,,5.41,31,56,4,25,15.33
Boise St.,Tulsa,28,22.06,26.49,23.49,30.5,22.84,21.49,22.18,14,25.2,23,24.27,28,21.98,24.26,26.16,34.06,24.33,25.94,22.95,26.85,27.58,34.66,10.5,25,,20.03,,,20.73,24.27,,,,,,28,27,23,19.38,18.81,15.56,25.5,,,30.9,23,,27.5,21.9,,26.7,29,,28,,13.55,28.41,25.8,24.3,,31,19.17,17,32,24,19.29,25.6,,5.16,21,41,4,26,34.92
Buffalo,Connecticut,-9,-11.32,-6.65,-9.97,-5.22,-8.96,-23.74,-12.99,5,-25.2,-7,-11.26,-9,-9.87,-14.07,-13.22,-14.35,-11.37,-11.13,-11,-11.85,-19.92,-12.3,-15.88,-6.4,,-12.37,,,-7.57,-11.13,,,,,,-17,-12.5,-14,-20.25,-9.53,-12.5,-14,,,-10.7,-7,,-9,-16.4,,-13.4,-5.8,,0,,-7.11,-7.06,-20.9,-11.05,,-19,-5.27,-8,-6,-17.4,-17.81,4.5,,5.35,17,3,4,-11,-10.63
Cincinnati,NC St.,7,0.81,-4.3,4.74,-3.38,2.65,-8.75,0.64,-8,-4.7,9,5.92,5.5,0.97,5.1,-0.14,-2.14,0.77,-1.34,2.11,4.95,-3.96,9.93,-7.37,5,,4.44,,,-1.32,1,,,,,,1,7,4,-2.04,-0.56,3.37,-6,,,7.1,6,,6,-8.8,,5.4,5.1,,-4,,0.63,3.72,3.7,2.35,,5,-3.93,-2,-3,-9.7,-12.48,3.6,,5.31,14,44,4,3,5.08
Clemson,Florida St.,2.5,6.19,2.45,1.04,0.01,2.9,-1.17,14.55,4,-2.8,1,3.93,4.5,-1.21,3.92,-3.32,-1.62,-0.45,3.79,0.41,-1.65,-1.33,0.27,4.26,-5,,-3.66,,,15.77,-1.17,,,,,,-6,-3,-3,0.13,2.13,-7.15,0,,,-2.4,-8,,2.5,-8.9,,-4.3,2.4,,-3,,3.06,-4.18,-6.6,-7.3,,-4,4.94,-1,-3,-6.2,-9.02,-0.5,,5.15,30,35,4,-1,-1.92
Duke,Tulane,10,9.68,12.24,11.12,-6.76,7.95,16.08,10.02,5,20,1,7.73,3,9.35,1.84,12.94,11.88,8.58,8.94,11.4,8.25,10.63,13.98,8.68,13,,6.72,,,-7.47,8.94,,,,,,14,10,11,13.62,5.07,1.16,6.5,,,14.9,10,,10,8.1,,3.8,-0.5,,2,,7.24,11.72,18.1,7.55,,13,4.59,7,13,10.4,4.09,34.9,,5.59,27,48,4,4,10.58
East Carolina,UAB,14,23.19,35.55,17.29,22.18,18.56,14.31,19.69,33,8.6,15,40.48,18.5,26.97,22.79,27.39,27.49,18.64,25.3,18.75,26.55,20.29,5.26,10.38,12.2,,14.43,,,22.41,18.5,,,,,,11,9.5,16,8.96,13.24,6.96,11,,,5.7,12,,14,18.7,,29,30.6,,36,,9.32,17.38,18.9,23.45,,15,20.04,14,14,22,12.49,33.8,,8.17,23,28,4,10,16.76
Florida Intl.,Louisiana-Lafaye,16.5,15.6,20.1,20.66,19.14,13.06,23.25,18.57,6,25.3,17,28.61,12.5,13.53,23.69,11.31,23.08,17.89,18.72,13.34,24.25,25.17,21.31,24.4,12.5,,23,,,22.58,18.57,,,,,,18,19,16,17.64,19.92,20.5,13,,,19.3,12,,16.5,18.2,,14,21.8,,29,,9.98,15.88,20.2,12.1,,14,15.71,11,17,19.9,18.13,17.7,,4.92,36,31,4,13,19.49
Georgia Tech,North Carolina,6.5,3.98,18.72,5.81,3.96,8.34,5.81,2.73,21,-6.2,3,16.56,3.5,4.92,6.31,7.1,3.47,6.4,14.97,6.18,9.95,6.88,0.93,-3.91,4,,6.75,,,-0.31,5.81,,,,,,8,4.5,2,-1.22,4.35,5.33,5,,,3.5,9,,6.5,6.2,,26.2,14.3,,25,,3.77,0.17,1.6,4.5,,7,9.99,5,7,-3.5,-1.48,26.7,,6.52,28,35,4,6,8.96
Idaho,Fresno St.,-2.5,-4.59,3.05,-5.13,3.21,-1.15,-6.77,-6.39,-6,-10.5,1,3.17,-5,-2.8,-8.94,-15,-2.41,-3.07,-15.69,-2.48,-0.75,-7.63,-0.34,-9.23,-2.05,,-12.74,,,3.17,-2.41,,,,,,-1,-7,-5,-7.38,-1.17,3.07,-5,,,-7.1,-2,,-2.5,3,,6.5,-1,,2,,-4.26,-0.15,-5.5,-5.9,,3,0.88,-2,-4,-1.3,-6.89,3.2,,4.75,48,24,4,-4,-5.32
Illinois,Western Mich.,13.5,17.16,17.52,15.77,11.79,15.01,14.1,18.95,16,26.8,14,22.49,12,15.57,22.61,15.18,21.46,16.47,17.03,15.69,21.75,26.83,10.63,24.61,30,,15.63,,,22.47,15.63,,,,,,14,15.5,17,19.14,18.62,9.12,9.5,,,14.4,12,,13.5,14.9,,13.2,15.6,,15,,11.48,13.35,20.3,16.9,,19,14.14,7,24,13.4,2.23,5.5,,5.10,20,23,4,16,13.01
Iowa,Louisiana-Monroe,17,23.93,23.86,21.83,15.45,19.02,23.82,25.26,11,33.7,13,18.23,20.5,22.67,19.91,30.71,25.59,19.79,19.24,23.69,18.45,35.38,14.92,23.39,23.5,,19.32,,,25.37,20,,,,,,25,21.5,18,23.45,22.77,6.24,19.5,,,17.3,9,,17,8.7,,17.7,14.2,,15,,13.2,13.26,25.3,11.3,,20,15.32,20,24,24,8.32,19.6,,5.86,17,45,4,18,23.4
Kentucky,Florida,-19.5,-18.26,-17.22,-12.15,-6.07,-13.66,-6.7,-21.39,-1,-11.2,-8,-20.82,-13,-16.03,-17.82,-11.08,-19.85,-13.87,-13.92,-16.47,-16.95,-22.46,-20.98,-12.14,-17.9,,-16.83,,,-19.4,-13.92,,,,,,-10,-11,-16,-8.94,-15.16,-6.06,-9,,,-20.6,-12,,-18.5,-11.3,,-14.5,-16.2,,-18,,-6.67,-13.46,-20.8,-14.4,,-11,-12.7,-9,-14,-13.1,-10.04,-23.3,,4.69,48,10,4,-19,-15.97
Marshall,Virginia Tech,-20.5,-21.15,-20.42,-23.17,-24.06,-21.08,-22.73,-16.16,-7,-25,-16,-28.26,-19,-26.06,-13.69,-24.25,-31.81,-21.72,-16.31,-24.73,-32.55,-37,-29.97,-14.24,-24.5,,-16.54,,,-14.89,-21.64,,,,,,-23,-20,-23,-18.39,-21.44,-18.18,-18,,,-19,-21,,-20.5,-22.9,,-29.4,-32.1,,-28,,-11.78,-20.6,-28.2,-25.45,,-28,-14.47,-14,-20,-23,-23.86,-17.2,,5.51,30,10,4,-26,-21.64
Maryland,Temple,8.5,13.65,8.4,7.36,4.74,9.34,13.59,18.79,10,26.3,6,17.41,5.5,7.75,20.79,12.66,11.26,10.76,13.7,4.01,8.85,18.67,4.58,14.12,13.9,,11.95,,,21.68,10.8,,,,,,12,10,11,19.49,14.36,3.12,6,,,10.8,5,,8.5,10.6,,6.5,-0.3,,11,,12.69,4.28,18.7,5.8,,7,12.61,5,14,3.3,13.24,-2.5,,5.43,38,7,4,5,9.61
Memphis,SMU,-23.5,-16.05,-34.53,-22.42,-15.39,-14.96,-19.33,-14.99,-20,-16.1,-16,-33.5,-13.5,-17.46,-21.41,-20.61,-26.48,-21.17,-19.66,-14.41,-24.05,-17.96,-22.26,-7.13,-10,,-21.81,,,-29.12,-20.49,,,,,,-16,-21.5,-23,-12.61,-15.42,-31.4,-19,,,-20.5,-25,,-23.5,-17.4,,-49.6,-25.3,,-36,,-8.33,-22.61,-32.4,-26.85,,-30,-14.13,-11,-18,-20.9,-19.87,-52.2,,7.76,42,0,4,-19,-20.49
Miami (Fla.),Kansas St.,12.5,10.19,1.69,13,0.01,11.42,11.24,8.28,-2,8.5,8,15.78,9,12.46,9.48,7.46,14.54,10.1,8.2,10.49,15.45,12.08,10,13.41,11.5,,14.44,,,-1.24,11.24,,,,,,14,11.5,14,7.4,8.72,3.4,4.5,,,11.8,17,,12.5,16.2,,8.7,3.5,,25,,6.3,16.79,18.3,14.6,,17,12.96,6,7,12.4,18.12,9.1,,5.69,28,24,4,-3,7.95
Miami (Ohio),Bowling Green,4,-6.36,3.91,12.21,-3.07,1.46,16.57,-13.98,12,20.3,-3,1.16,-2,0.63,0.21,4.55,10.62,4.42,2.47,-1.56,10.95,4.58,2.19,21.06,3.4,,8.94,,,-18.17,4,,,,,,11,7,6,12.75,2.2,18.3,11,,,3.9,10,,4,15.1,,3.2,-14.5,,5,,5.2,6.76,9.2,5.85,,9,0.28,3,4,5.1,4.61,-1.5,,7.93,37,23,4,-2,2.37
Michigan,San Diego St.,10,7.75,4.21,4.24,1.4,7.14,1.35,6.69,5,-0.2,13,15.61,8,8.6,12.89,8.31,-1.71,6.22,4.15,6.05,-2.55,7.46,12,6.9,9,,7.47,,,13.53,6.8,,,,,,-1,9.5,8,1.5,6.84,6.88,0.5,,,12.6,6,,9,-2.7,,5.5,6.6,,4,,3.21,10.87,13.6,6.8,,3,1.77,7,6,0.4,-10.97,17.5,,4.93,7,28,4,7,7.53
Michigan St.,Central Mich.,21.5,16.29,32.68,20.7,23.48,20.17,22.17,11.87,23,42.5,18,26.25,16,21.57,22.07,27.07,27.76,22.38,20.78,18.91,25.85,37.67,27.61,27.03,28.25,,27.42,,,19.23,22.07,,,,,,16,23,26,30.17,24.13,22.93,18,,,23,18,,21.5,17,,28,21.3,,28,,17.83,13.68,33.7,15.9,,20,17.66,13,27,13.8,5.19,34.3,,6.23,7,45,4,24,22.89
Mississippi,Georgia,-9.5,-8.82,-18.02,-14.2,-13.14,-9.35,-9.29,-5.61,-13,-6.5,-6,-16.65,-4.5,-13.1,-5.01,-7.48,-20.49,-11.17,-13.13,-6.83,-17.35,-17.92,-18.18,-1.5,-11.1,,-11.05,,,-15.15,-11.05,,,,,,-14,-6.5,-13,-4.29,-10.73,-7.5,-11,,,-6.2,-11,,-9.5,-7.5,,-21.3,-18.4,,-33,,-2.08,-13.4,-12,-14.2,,-14,-8.11,-7,-10,-16.7,-6.89,-20,,5.52,27,13,4,-9,-11.22
Mississippi St.,Louisiana Tech,20,16.31,15.52,17.35,15.04,12.27,23.35,16.53,20,39.8,19,20.32,13,16.4,19.99,17.82,25.48,19.85,12.69,13.06,20.75,29.33,17.41,28.03,25.3,,21.93,,,12.17,19.7,,,,,,26,18,18,27.53,21.02,20.74,13.5,,,19.7,19,,20,22.4,,23.6,20.2,,22,,15.27,20.2,27,16.9,,24,15.03,8,27,17.6,13.99,29.3,,5.44,20,26,4,17,23
North Texas,Indiana,-6,-6.25,-0.63,-11.64,-13.56,-6.68,-5.85,-3.54,2,-5.6,-5,-9.97,-8,-9.05,2.48,-7.42,-2.57,-5.54,-3.9,-9.43,-8.15,-2.96,-5.3,-1.05,-7,,-0.01,,,-3.96,-5.09,,,,,,-1,-6.5,-8,-6.5,-0.73,-1.31,3,,,-7,-3,,-6,-9.4,,-14.3,-18.7,,-10,,-1.6,-3.75,-7.8,-5.75,,-5,-4.7,-1,3,-10,-5.78,-11.2,,4.76,21,24,4,-16,-5.09
Ohio St.,Colorado,16.5,17.96,16.55,18.25,17.09,13.39,18.32,18.73,4,36.2,17,15.06,20,17.16,18.65,19.89,24.33,16.59,8.71,18.39,17.45,31.21,28.42,13.8,23.3,,9.13,,,12.18,17,,,,,,22,16.5,15,22.94,18.69,11.66,24,,,18,17,,16.5,16.9,,6,9.7,,20,,9.68,17.08,6.7,9.8,,21,10.79,15,27,24,16,-6.1,,5.91,17,37,4,14,14.13
Oklahoma,Missouri,19.5,19.92,16.36,12.43,14.89,13.44,20.47,24.07,26,23.9,17,21.53,15.5,13.65,28.43,15.53,15.82,16.27,18.35,11.45,17.45,13.38,18.85,12.85,15,,9.71,,,25.02,16.36,,,,,,14,19.5,17,17.32,14.21,8.59,11,,,19.3,17,,19,21.5,,2.9,8.9,,17,,10.74,10.2,23.3,12.45,,24,15.72,9,17,1,19.43,34.4,,5.56,28,38,4,14,18.35
Oregon St.,UCLA,5,-1.45,9.02,8.31,0.36,4.12,13.77,-5.73,11,11.1,2,-14.33,5.5,3.05,-19.27,4.01,6.05,3.77,14.84,7.14,13.65,8.04,2.8,-2.4,2.05,,-0.19,,,-12.65,4.01,,,,,,15,1.5,2,9.71,2.83,2.63,11.5,,,0.9,3,,5,5.7,,6,-3.3,,0,,8.33,2.26,6.1,-3.6,,12,2.15,8,7,13.5,11.99,13.9,,7.19,27,19,4,-1,10.71
Penn St.,Eastern Mich.,29,27.04,32.08,30.63,14.7,25.94,34.99,22.2,13,35.6,15,34.7,20,32.11,34.72,31.06,45.04,28.6,25.55,32.99,39.65,40.79,25.87,27.89,31.5,,22.54,,,11.52,29,,,,,,36,30,35,33.76,24.85,25.12,30,,,29.3,29,,29,33.9,,29,18.6,,21,,20.13,31.03,41.9,25.2,,39,22.36,25,43,23,13.01,21,,7.96,6,34,4,20,35.3
Pittsburgh,Notre Dame,-7,-1.16,-0.86,-6.48,1.6,-3.96,-4.92,0.13,4,8,-5,-15.92,5,-2.95,-5.41,-3.14,-2.84,-3.74,-4.31,0.3,-10.75,-0.67,-9.56,-11.8,-3,,-9.58,,,-3.71,-3.71,,,,,,-1,-3.5,-8,5.16,-2.39,-6.48,4,,,-6.5,-4,,-6.5,-10.6,,-11.2,-4.5,,-8,,2.31,-5.91,-11,-7.95,,-1,-2.98,2,7,0.4,-6.34,-10.4,,5.01,15,12,4,-2,-4.52
Rutgers,Ohio,4,0.45,-4.88,8.68,-3.88,3.3,4.22,-5.04,1,13.2,3,-4.74,-0.5,6.71,-5.52,-1.32,-4.59,1.38,-4.71,5.03,1.25,-3.38,1.41,-1.81,2.55,,-1.12,,,-16.15,1.5,,,,,,7,7.5,6,6.82,-3.23,3.12,-1.5,,,7.6,6,,4,1.5,,-6.9,-2.4,,-5,,0.44,7.92,8.2,7.5,,8,-2.96,4,4,3.1,-4.03,0.5,,5.46,26,38,4,-2,6.44
San Jose St.,New Mexico St.,10.5,-0.36,-3.91,11.41,-6.9,3.75,11.64,-2.66,-8,-2.1,1,4.28,0.5,1.73,1.09,0.81,11.53,3.98,3.61,6.2,8.45,0.83,16.7,-1.76,6,,-2.57,,,-15.61,4,,,,,,12,9.5,5,-0.57,0.74,2.55,12,,,10.3,9,,10,16.9,,5.5,-6.9,,10,,1.96,10.22,16.5,5.7,,10,5.3,4,6,4.9,6.06,-27,,6.72,24,34,4,1,10.55
South Carolina,Vanderbilt,15.5,14.01,14.26,20.18,4.22,10.41,15.54,15.69,19,30.1,16,15.43,18,12.92,14.01,14.4,23.03,15.32,15.5,12.24,11.55,25.67,12.35,17.17,23.75,,13.69,,,3.16,15.43,,,,,,21,18.5,13,20.73,16.19,20.34,26.5,,,23.3,19,,15.5,8.1,,11.4,1.6,,17,,11.37,11.92,16.4,10.1,,14,12.51,13,18,22,11.03,15.8,,5.66,3,21,4,11,18.49
South Florida,UTEP,29.5,25.97,29.53,25.26,20.7,23.22,25.14,26.81,14,33.6,19,39.34,17,25.6,28.63,26.16,30.58,25.06,21.19,20.96,29.65,38.96,31.76,21.77,25.55,,25.6,,,28.42,25.6,,,,,,25,26,30,23.08,26.29,18.46,13,,,26.9,26,,29,30.3,,27.5,31.2,,23,,12.56,23.13,28.7,23.8,,28,22.06,13,31,18.7,25.64,39.9,,5.45,24,52,4,24,24.26
Syracuse,Toledo,2,7.93,5.76,-0.22,4.12,-1.57,1.34,14.82,11,20.3,4,-3.41,7.5,1.52,16.03,8.37,-2.52,3.06,-1.21,0.61,-7.65,10.13,5.05,11.5,5.05,,6.53,,,17.82,2.3,,,,,,3,3.5,-1,10.79,7.08,-6.66,-1.5,,,1.1,0.01,,2,-10.9,,1,-5.1,,-9,,1.28,-3.69,2.9,-8.75,,-3,-2.83,1,7,2.3,-15.1,8.3,,7.30,30,33,4,5,4.91
Texas A&M,Oklahoma St.,4.5,-1.34,2.59,-2.53,0.39,-0.01,-2.34,-2.83,-8,-6.5,3,4.38,-6.5,0.01,4.15,-1.82,-3.34,0.15,-2.18,-2.41,-5.45,-0.33,5.23,-4.69,3.5,,3.01,,,4.18,0,,,,,,-4,3,3,-3.83,2.18,2.34,-2,,,5.9,0.01,,3.5,-6.4,,4.3,2.3,,2,,-1.17,3.8,9.2,-1.6,,-2,-2.59,2,-4,4.3,-10.54,4.1,,4.03,30,29,4,2,2.6
Texas Tech,Nevada,16,12.09,22.39,12.35,17.99,16.57,3.83,8.43,5,-6.2,8,27.46,10,15.99,17.52,21.19,5.88,10.87,6.65,11.71,13.95,13.92,20.81,-3.64,7.8,,6.99,,,13.62,8.81,,,,,,5,15.5,16,0.41,11.85,10.49,-4.5,,,20.3,6,,15.5,3.8,,7.4,43.3,,9,,7.03,6.33,12.2,3.4,,7,3.39,4,11,-5.4,-1.9,58.2,,8.81,34,35,4,23,14.08
Troy St.,Middle Tenn.,12.5,12.59,15.71,11.99,7.34,7.37,14.15,15.16,12,9,14,12.71,12.5,10.31,10.2,13.74,17.37,11.92,8.85,9.41,15.55,17.33,14.8,13.44,6.3,,10.23,,,11.08,12,,,,,,12,9,12,6.96,10.72,14.22,15,,,11.9,11,,12.5,16.1,,15.4,6.5,,9,,4.92,17.49,11.5,7.75,,16,8.48,8,10,17.8,6.49,0.3,,3.28,35,38,4,7,13.41
Utah St.,Colorado St.,10.5,13.89,33.92,12.98,17.42,14.94,8.93,11,32,7.2,4,41.76,5,17.13,4.51,13.99,26.9,13.9,18.21,12.73,21.15,15.33,6.29,4.81,1.1,,8.61,,,22.68,12.37,,,,,,12,7.5,7,8.62,11.9,12.74,10.5,,,4.3,8,,10.5,16.6,,19.6,30.3,,41,,10.03,13.88,8.3,17.8,,12,19.36,8,6,16.8,15.45,38.2,,9.31,35,34,4,5,4.21
Virginia,Southern Miss.,3,9.53,2.03,-0.01,2.63,5.26,1.24,10.28,3,1.3,4,-3.2,0.5,8.75,8.65,1.18,5.41,2.85,2.55,4.28,0.55,3.33,0.42,-1.3,-3.6,,-0.39,,,5.92,2.55,,,,,,-3,1.5,1,2.98,5.37,-1.62,-3,,,-1.2,-5,,3,4.3,,2.7,10.1,,7,,4.65,7.81,7.8,5.85,,7,5.32,-1,1,-0.4,-6.76,28.7,,4.06,30,24,4,3,2.05
Washington,California,0,-5.04,-2.5,1.87,-8.67,-4.25,5.13,-5.31,-2,7.8,-2,0.01,-5.5,-4.95,3.68,3.66,-3.26,-0.86,3.38,-4.56,0.85,-1.25,-1.39,11.69,2.5,,4.14,,,-12.49,0.02,,,,,,-1,1,2,5.55,-1.6,5.7,1,,,0.9,-1,,0,6.5,,-19.4,-15.6,,-7,,3.3,-2.11,3.2,-4.55,,1,-1.29,1,3,-4.9,4.26,-10.3,,5.58,23,31,4,-3,0.01
West Va.,LSU,-5.5,-5.46,-5.52,-3.57,-5.37,-4.44,-9.16,-0.48,-15,-15.8,-6,-4.01,-6,-8.33,-8.01,-7.81,-12.14,-7.36,-9.52,-5.29,-10.15,-6.13,-13.17,-9.09,-4.5,,-7.55,,,5.95,-7.81,,,,,,-4,-6,-9,-10.33,-1.61,-12.12,-3,,,-6.9,-8,,-5.5,-10.9,,-10,-3.3,,-15,,-4.86,-10.52,-16.3,-13.5,,-5,-8.59,-4,1,-3.5,-5.71,-17.2,,4.41,47,21,4,-8,-11.94
Wyoming,Nebraska,-21,-10.1,-15.28,-23.63,-4.5,-12.65,-22.83,-8.43,-1,-34.8,-11,-22.48,-14,-11.7,-18.41,-24.75,-26.46,-17.46,-16.13,-17.58,-22.75,-33.29,-26.54,-23.66,-23,,-21.58,,,-7.8,-18,,,,,,-18,-25.5,-22,-22.42,-15.86,-20.22,-18,,,-27.7,-19,,-21,-14.2,,-4.6,-7.5,,-17,,-10.03,-16,-23.6,-20.2,,-18,-11.22,-13,-21,-22,-18.11,1.4,,6.78,38,14,4,-16,-21.57
Arizona St.,Oregon St.,18,26.58,29.63,18.48,38.24,18.73,16.08,31.84,31,11.1,19,36.58,15,21.21,50.82,22.55,23.24,22.71,21.47,25.93,24.15,33.33,24.6,25.59,25.7,,18.96,,,41.67,21.48,,,,,,14,17.5,21,9.24,29.56,16.42,11,,,18.9,9,,18,29,,22.5,29.1,,30,,7.38,21.48,16.8,28.85,,17,23.51,8,18,24,41.1,29.3,,8.82,20,35,5,18,15.86
Arkansas,Texas A&M,-2.5,0.88,-7.6,-0.17,-5.15,-4.22,-0.4,3.07,-11,5.3,-4,-5.74,4,-2.16,-7.47,0.17,-1.45,-3.63,-10.14,-7.3,-5.1,-1.13,-0.69,2.36,-0.5,,-5.38,,,-11.5,-4.24,,,,,,2,-3,-1,4.28,-4.24,-5,-1.5,,,-4.4,-1,,-2.5,-7.2,,-9.2,-14,,-11,,3.25,-2.25,-7.9,-5.85,,-5,-8.56,-2,4,-8.5,-17.86,-13.8,,4.91,38,42,5,-3,-4.34
Army,Tulane,7,8.27,6.71,10.29,-7.78,5.08,9.98,11.59,1,12,-0.25,2.8,4.5,5,15.05,7.12,7.58,5.68,6.17,2.47,5.35,7.5,17.98,7.46,9.5,,4.48,,,5.68,5.68,,,,,,13,11,6,7.33,5.02,4.27,10,,,4.2,9,,7,2.6,,-2.8,0.8,,-1,,2.66,3.7,0.9,6.25,,8,5.74,6,7,-0.7,4.91,8.8,,4.63,6,45,5,-1,4.87
BYU,Utah St.,7.5,14.38,5.28,11.16,-3.97,8.29,21.7,19.06,14,22.6,14,3.46,15.5,9.42,19.15,14.07,5.75,11.25,6.83,2.47,9.85,22.67,9.26,23.98,13.9,,19.6,,,12.39,11.64,,,,,,21,13.5,19,15.24,14.43,11.64,13,,,5.2,14,,8,14.3,,-3.1,-18.5,,-6,,7.88,14.84,8.8,2.65,,19,6.28,11,21,2.4,5.79,1,,8.11,24,27,5,5,19.79
Boise St.,Nevada,27.5,23.97,32.79,27.57,34.41,23.62,23.41,23.05,19,12.4,27,37.16,25.5,24.86,34.84,27.17,30.16,25.42,26.26,27.93,29.45,26.83,26.49,11.73,30.45,,19.22,,,33.25,25.1,,,,,,22,29,27,14.66,24.25,20.23,20.5,,,27,24,,27.5,25.1,,21.3,33.1,,26,,16.91,24.89,26.4,25,,32,18.54,15,29,24,30.86,36.1,,5.43,10,30,5,25,28.99
Boston College,Wake Forest,0,-2.19,-9.81,0.47,-9.32,0.52,0.87,-2.09,1,4.3,-3,-4.45,0.01,-2.33,-7.15,0.94,6.71,-1.44,-4.67,-2.83,2.95,-5.63,-3.4,-0.11,-0.1,,-5.73,,,-15.65,-0.1,,,,,,4,1.5,3,2.66,-5.31,6.8,10,,,-4.4,6,,0,1.4,,-8.5,-12.7,,-4,,1.02,1.96,0.01,-7.95,,4,-0.48,3,7,-8,-9.62,1.4,,5.44,27,19,5,-7,-1.41
Central Mich.,Northern Ill.,-9.5,-5.64,-12.38,-8.44,-11.12,-9.06,-17.39,-6.25,-4,-17.3,-4,-10.19,-5,-5.08,-8.75,-7.8,-14.42,-9.61,-17.35,-11.13,-21.45,-13.38,-3.11,-12.78,-3.7,,-8.9,,,-13.11,-9,,,,,,-11,-7,-10,-11.46,-8.56,-4.31,-18,,,-7.4,-5,,-9.5,-15.2,,-5.8,-9.1,,-10,,-5.62,-3.83,-9,-13.1,,-12,-11.56,-6,-17,-14.8,-27.49,-4,,5.04,41,48,5,-10,-7.66
Colorado,Washington St.,3,-0.39,-17.1,2.33,-9.89,0.35,4.46,1.05,-7,-0.1,1,-10.87,5.5,-2.1,-4.4,-4.22,-3.91,-1.71,-5.7,-7.63,-3.75,-6.17,0.31,17.19,5.25,,4.82,,,-8.24,-1.6,,,,,,6,4,1,1.81,-3.83,6.53,9,,,5.2,6,,2.5,-3.2,,-4.4,-12.9,,-10,,3.73,-2.63,-1.6,-11.8,,3,-3.96,5,-7,-18.1,-21.03,-0.3,,7.43,31,27,5,-5,0.29
Colorado St.,San Jose St.,3.5,5.52,0.58,2.08,15.94,2.98,-1.6,6.64,-2,12.8,10,0.01,11,4.39,1.83,1.95,2.42,3.83,-0.28,1.59,1.35,8.46,1.23,5.76,8.2,,4.88,,,8.21,3,,,,,,3,4.5,7,11.55,6.24,2.06,-1,,,0.6,5,,3.5,-2.7,,6.7,8.1,,-3,,10.29,-0.65,2.6,-0.9,,2,-1.65,3,3,4.5,-2.2,20.4,,4.40,38,31,5,10,3.82
Connecticut,Western Mich.,2.5,6.07,3.42,1.67,-1.01,4.61,4.67,3.48,8,21.7,3,4.69,7,9.01,0.39,2.86,6.12,4.19,1.1,3.81,-1.65,7.67,1.61,13.81,11.25,,2.53,,,0.56,3.2,,,,,,6,8,2,14.25,3.01,2.69,-0.5,,,3.2,2,,2.5,-0.7,,0.01,0.9,,-6,,6.81,1.11,7,-1.85,,5,0.83,5,8,6.7,-6.21,9.5,,4.58,38,31,5,4,2.89
East Carolina,North Carolina,-6.5,-9.9,-18.53,-6.83,-10.08,-6.31,-9.65,-10.27,-13,-21.4,-3,-7.36,-5.5,-9.53,-14.6,-8.92,-12.11,-9.56,-6.88,-12.12,-12.15,-21.29,-11.4,-10.76,-7.8,,-10.28,,,-9.25,-9.7,,,,,,-10,-8,-12,-12.13,-12.82,-3.36,-5,,,-4.3,-5,,-7,-14.1,,-11.2,-9.7,,-13,,-2.87,-9.54,-8.8,-7.35,,-10,-8.55,-4,-3,-24,-27.46,-7.6,,5.04,35,20,5,-11,-2.72
Eastern Mich.,Akron,8.5,13.35,24.23,9.35,18.16,6.39,5.1,16.41,24,0.01,10,17.56,7,10.31,13.24,7.19,2.23,8.92,12.86,11.62,4.45,5.67,6.08,5.07,3.5,,8.37,,,21.89,8.37,,,,,,3,6.5,9,5.6,9.19,10.92,-2,,,-3.3,8,,8.5,1.3,,11.4,17.7,,13,,5.3,3.75,10.3,9.3,,1,10.54,1,7,8.7,19.12,42.7,,6.22,23,31,5,8,6.17
Florida,Alabama,-4,-2.8,-8.15,-3.02,-1.39,0.53,-11.7,-4.56,1,-5.5,-6,-0.98,-3,-1.44,-7.88,-4.33,-2.75,-4.8,-5.25,-2.56,-4.35,-0.13,-10.73,-4.42,-2.75,,0.24,,,-5.47,-4.56,,,,,,-4,-6,-8,-3.57,0.38,-10.29,-3,,,-8,-6,,-4,-10,,-5,-2.1,,-7,,-1.63,-5.78,-6.9,-8.35,,-5,-8.2,-2,-7,-3.5,-6.22,18.1,,3.07,38,10,5,-4,-1.49
Florida Intl.,Duke,3.5,6.89,8.76,7.19,11.81,4.6,0.38,7.49,14,1.9,11,14.04,10,6.29,17.77,3.51,5.44,5.81,7.77,6.39,2.65,11.83,-0.63,10.08,1.45,,1.48,,,19.59,6.89,,,,,,7,3,-1,1.19,11.91,10.37,6.5,,,7.1,5,,3.5,0.7,,-9.1,9,,10,,0.48,0.01,-6.5,7.5,,-3,8.32,4,14,8.9,16.22,3,,5.83,31,27,5,-1,1.61
Fresno St.,Mississippi,3.5,5.82,11.32,1.58,13.64,2.19,2.5,6.01,22,-0.01,7,3.91,9.5,5.64,4.57,7.43,10.81,5.98,11.96,1.57,0.35,11.04,1.39,8.83,2.5,,6.29,,,12.5,5.82,,,,,,3,3.5,1,1.42,9.55,6.44,8,,,1.1,3,,3.5,6.5,,20.8,9.5,,17,,2.94,3.55,6.3,1.1,,-5,5.84,4,10,7.2,0.55,22.9,,5.23,38,28,5,2,3.4
Georgia,Mississippi St.,7,9.83,7.19,9.32,12.5,10.12,0.83,8.62,3,-11.3,5,13.65,6,11.57,15.36,7.18,10.4,6.97,7.98,11.17,7.75,5.21,4.34,-9.32,-0.25,,6.35,,,7.84,7.19,,,,,,7,4.5,8,-3.21,7.18,-2.15,5,,,3.2,0.01,,7,3.1,,22.9,11.9,,17,,4.89,7.69,22,6.4,,10,7.19,9,4,13.7,10.85,-4.2,,6.09,10,24,5,5,3.64
Illinois,Northwestern,10,20.93,17.25,16.12,22.52,16.84,13.18,26.89,15,9.7,15,26.16,10.5,17.17,31.92,14.02,21.4,15.78,15.21,22.32,20.95,25.17,5.42,11.47,15.75,,12.77,,,33.63,15,,,,,,16,7,12,7.71,23.19,3.01,20,,,13.7,8,,10.5,15.5,,24.4,20.8,,25,,5.72,14.33,9,19.95,,15,16.91,9,11,13.2,32.3,7.8,,6.83,35,38,5,10,8.28
Indiana,Penn St.,-15,-20.89,-25.98,-13.35,-14.17,-12.39,-14.14,-24.18,-15,-27.9,-16,-19,-16.5,-17.65,-26.34,-16.71,-18.45,-17.64,-19.85,-18.12,-14.35,-35.54,-18.01,-20.72,-15.25,,-15.98,,,-27.75,-17.23,,,,,,-12,-16.5,-18,-19.59,-22.64,-15.23,-12.5,,,-17.8,-17,,-15,-11.7,,-18.1,-13.7,,-24,,-11.28,-11.53,-24,-18.35,,-19,-17.15,-10,-15,-22,-40.54,-2.3,,5.46,16,10,5,-14,-18
Iowa St.,Texas,-9.5,-6.49,1,-7.19,-13.06,-7.63,-1.94,-2.35,7,-6,-7,-6.69,-8,-9.23,-2.47,-4.59,-3.9,-6.35,0.16,-7.57,-11.05,-9.08,-15.15,3.93,-10.75,,-6.42,,,-0.48,-7,,,,,,-8,-9,-10,-2.65,-3.31,-9.08,-1.5,,,-12.7,-13,,-9,-10.1,,-13.2,-11,,-12,,0.71,-10.07,-6.6,-6.2,,-5,-0.14,-5,-7,-7.2,-4.07,12.7,,4.71,37,14,5,-7,-9.03
Kansas,Texas Tech,-6.5,-8.55,-11.17,-8.09,-17.48,-9.5,-11.22,-6.21,-10,-17.9,-10,-12.03,-13.5,-10.54,2.07,-17.35,-18.33,-10.4,-0.66,-12.81,-14.75,-21.92,-4.93,-7.78,-5.8,,-5.32,,,-5.37,-10.54,,,,,,-15,-12,-11,-9.09,-8.96,-18.56,-17,,,-5.2,-13,,-7,-10,,-16.5,-17.9,,-16,,-0.27,-9.6,-12.4,-11.15,,-13,-3.58,-7,-15,-15.2,-6.58,14.3,,4.91,45,34,5,-9,-11.15
Kansas St.,Baylor,-3.5,0.94,8.03,-1.78,1.18,-0.19,4.05,1.72,12,-2.4,1,-11.31,4,0.4,-5.81,14.75,-5.69,-0.97,-1.6,-10.66,-4.85,1.08,-4.2,-0.4,-3,,-3.12,,,-4.04,-1.16,,,,,,2,-3,-4,-3.48,-1.16,-0.2,6,,,-6.2,-8,,-3.5,3.3,,-9.6,-8.2,,-13,,-4.56,-1.97,-0.6,-10,,-1,-0.64,6,4,2.1,-19.99,-11.3,,6.16,35,36,5,-2,4.56
LSU,Kentucky,30,35.87,44.79,26.04,39.17,27.01,31.69,36.49,45,35.3,26,50.4,26,35.35,44.63,24.42,43.59,33.53,40.78,36.34,39.85,39.71,37.01,30.84,33.75,,33.21,,,38.33,34,,,,,,30,27.5,35,26.86,31.21,28.91,23.5,,,23.5,24,,30,40.6,,45.5,36.4,,43,,18.43,30.28,41.2,33.85,,34,36.92,17,24,17.3,43.68,46.1,,7.94,7,35,5,26,33.26
Louisiana Tech,Hawaii,4.5,-1.71,0.66,-3.68,-2.09,-3.31,2.99,-3.27,8,-10.2,1,8.96,-3,-0.15,4.11,1.35,-5.56,-0.3,4.24,2.26,3.95,-6.54,0.33,-12.15,2,,-2.41,,,-2.01,-0.15,,,,,,-2,-1.5,2,-5.77,0.62,1.47,-1.5,,,-3.2,0.01,,3.5,3.6,,-3.7,-1.7,,7,,-1.34,4.01,2.3,-2.95,,-2,4.17,2,-1,-8.7,0.69,11.2,,4.14,44,26,5,-2,4.43
Louisiana-Lafaye,Florida Atlantic,9,16.81,20.88,11.45,31.99,9.2,12.22,22.13,25,15.7,21,16.96,15.5,12.36,32.62,15.25,7.02,15.46,22.87,13.52,17.05,22.79,6.99,9.74,7,,12.97,,,28.99,15.25,,,,,,12,7.5,16,11.01,18.64,3.52,6,,,6,14,,9.5,22.7,,32.8,24.3,,7,,6.33,10.78,7.8,17.3,,16,17.11,7,8,22,28,7.2,,7.62,34,37,5,14,5.04
Louisville,Marshall,10.5,9.32,10.71,13.87,20.03,8.91,17.82,7.27,8,15.1,9,6.07,9,11.3,2.27,17.85,14.65,11.65,9.41,9.19,17.25,17.58,16.02,7.61,6.8,,8.48,,,9.13,11,,,,,,18,11,10,9.89,12.4,7.6,15,,,14.2,11,,10.5,13.6,,14.3,17.3,,14,,4.67,4.07,10.1,5.2,,17,7.61,10,24,11.7,4.85,16,,4.57,17,13,5,15,12.25
Miami (Ohio),Cincinnati,-14.5,-19.61,-10.16,-10.31,-21.55,-12.37,-8.22,-26.09,-5,-7,-20,-17.32,-16.5,-15.52,-29.37,-12.8,-13.24,-13.09,-7.8,-17.98,-19.65,-21.17,-16.27,-2.74,-3.5,,-14.08,,,-25.79,-13,,,,,,-9,-13.5,-15,-5.57,-15.21,0.01,-3,,,-6.2,-6,,-14.5,-10.3,,-11.4,-19,,-10,,-4.13,-15.29,-18.5,-15.15,,-13,-10.94,-6,-10,-17,-31.8,-13.9,,6.91,27,0,5,-20,-14.65
Michigan,Minnesota,20.5,30.91,25.22,16.7,28.3,20.01,17.1,39.05,32,18.1,28,32.43,21,23.14,40.65,19.09,27.08,24.3,24.89,25.61,22.15,37.63,25.74,31.23,23.7,,25.88,,,48.47,23.7,,,,,,17,19.5,23,14.97,32.82,21.64,10.5,,,13.8,15,,20.5,21.1,,27.5,28.6,,32,,11.84,24.89,19.2,22.6,,22,29.29,12,21,24,37.9,27.7,,7.63,0,58,5,19,17.72
Middle Tenn.,Memphis,23.5,10.77,36.57,22.99,11.1,18.13,20.18,-1.16,29,7.4,9,35.98,12.5,23.45,15.99,20.55,21.5,18.19,20.85,24.46,26.55,11.38,17.3,8.05,10.5,,11.85,,,7.12,18.83,,,,,,23,18.5,19,11.21,8.02,23.29,16,,,19.9,19,,23,19,,34.6,25.3,,36,,8.62,18.83,18.5,17.1,,25,12.38,16,28,16.2,5.33,38.8,,8.33,31,38,5,8,22.27
NC St.,Georgia Tech,-10,-14.43,-23.23,-2.92,-15.93,-11.01,-3.02,-20.5,-21,-2.4,-10,-20.28,-10,-9.03,-19.46,-15.2,-10.9,-11.31,-18.64,-19.69,-14.05,-20.96,-14.04,-4.85,-12.6,,-6.23,,,-27.58,-10,,,,,,-5,-6,-9,-4.49,-17.12,0.72,6,,,-3.3,-3,,-10,-9,,-37.2,-25.7,,-34,,-6.57,0.77,-0.6,-13.25,,-4,-12.92,-3,-3,-22,-38.64,-4.4,,9.90,45,35,5,-14,-2.42
Navy,Air Force,3.5,9.04,10,7.51,12.57,5.75,0.1,10.12,21,-3.2,3,15.16,4,7.9,8.86,9.44,10.68,5.97,15.57,4.84,9.55,7.83,1.01,0.44,-4.9,,-1.04,,,11.64,5.75,,,,,,2,3.5,4,0.27,8.73,-1.89,0.5,,,-4.1,-5,,3.5,9.3,,30.1,13.4,,7,,3.74,2.35,2.5,7.25,,3,8.35,3,4,10.2,4.52,16.1,,6.67,35,34,5,-1,2.21
New Mexico,New Mexico St.,-1,-2.57,-18.05,0.14,-13.03,0.47,0.19,-1.84,-19,-2.5,-4,-8.52,-1,-3.3,-7.16,-5.15,-4.42,-3.71,-8,-4.3,-3.45,0.87,-1.7,-5.76,2.5,,-7.31,,,-4.68,-2.5,,,,,,1,-2.5,0.01,0.43,0.86,-5.07,1,,,0.5,2,,-1,-2.1,,-18.5,-6.1,,-9,,3.36,-1.39,1,-10.2,,-6,-2.08,2,4,-6.4,-18.46,-10,,5.72,42,28,5,-2,1.68
Ohio,Kent,16.5,14.7,23.9,13.54,22.62,14.45,8.96,8.12,26,11.3,15,25.25,16,21.63,21.39,17.96,19.19,16.89,24.11,23.01,18.55,23.67,17.92,13.07,13.9,,19.93,,,17.22,16.11,,,,,,16,15.5,14,10.39,17.84,12.47,12,,,16.8,9,,16.5,13.3,,32.6,26.6,,26,,9.49,16.63,17.1,14.4,,13,16.46,9,18,23,36.02,30.5,,5.94,10,17,5,16,15.92
Ohio St.,Michigan St.,3,5.57,-7.19,5.75,-1.72,5.09,9.84,8.06,-4,14.1,4,0.39,8,1.96,0.12,3.93,7.25,3.38,3.15,0.49,9.25,3.42,2.53,4.19,2.75,,1.69,,,1.64,3.15,,,,,,15,3.5,4,9.31,2.72,-0.55,10,,,2.5,7,,3,11.1,,-9.4,-4,,-2,,4.52,4.66,-2.8,-0.9,,12,0.01,6,17,-5.3,-12.88,-10.2,,6.00,10,7,5,-1,2.65
Oklahoma,Ball St.,38,29.34,30.09,40.46,22.04,29.52,38.52,24.71,23,54.1,29,38.81,28.5,33.7,31.71,38.89,45.47,34.03,30.06,30.91,38.15,45.92,44.54,32.42,36.5,,30.33,,,21.83,33.7,,,,,,41,39,37,36.54,27.38,37.09,33.5,,,38.3,40,,38,39.4,,30.5,26,,38,,18.98,35.92,51.3,29.95,,44,22.68,25,45,23,23.97,16.3,,7.96,6,62,5,28,40.6
Pittsburgh,South Florida,-2.5,-9.34,-5.41,-3.18,-16.33,-1.65,-0.5,-15.8,-7,3.5,-9,-12.21,-5,-3.69,-13.48,1.66,-5.34,-5.64,-8.92,-5.5,-7.05,-7.46,0.23,-7.02,-8.5,,-8.01,,,-18.82,-5.41,,,,,,-2,3,-7,0.78,-10.31,-3.25,8.5,,,-2,-1,,-2.5,-6.3,,-19.5,-17,,-6,,-1.93,1.4,4.4,-11,,2,-8.22,3,3,-9.3,-23.26,-13.2,,6.76,17,44,5,-9,1.64
Purdue,Notre Dame,-12,-12.84,-21.63,-14.92,1.44,-8.38,-16.38,-14.6,-15,-21,-6,-10.43,-7.5,-11.07,-13.07,-17.5,-14.87,-12.46,-18.88,-11.54,-7.25,-28.92,-20.69,-17.83,-15.25,,-15.95,,,-16.6,-12.9,,,,,,-8,-14.5,-11,-12.11,-14.87,-7.69,-13,,,-10.2,-12,,-12,-12.9,,-5.2,2.7,,-12,,-3.22,-15.91,-20.8,-15.85,,-12,-15.31,-7,-10,-10.1,-24.26,-23.1,,5.72,38,10,5,-4,-12.74
South Carolina,Auburn,10,10.65,11.86,12.77,15.65,9.03,4.89,11.11,16,-3.9,15,21.14,8,10.6,15.67,15.61,5.46,11.79,14.01,12.62,12.35,10.58,12.25,6.91,14.75,,8.39,,,19.08,11.11,,,,,,4,10.5,11,1.57,12.73,9.43,1,,,9.2,10,,10,10.5,,34.5,17.3,,10,,7.05,13.62,16,9.95,,13,11.84,4,3,23,17.25,11.6,,5.97,16,13,5,9,10.22
Southern Miss.,Rice,14.5,8.74,10.23,16.91,23.3,11.34,13.93,4.65,14,10.2,12,8.31,17,12.89,-1.35,18.93,15.71,12.96,11.05,11.2,16.55,17.21,17.09,10.48,13,,14.34,,,4.5,12.89,,,,,,21,14.5,13,8.09,10.86,11.83,14,,,15.9,12,,14.5,18.1,,21.8,20.9,,14,,5.97,12.63,9.4,7.7,,15,9.87,9,14,11.8,9.57,15.8,,4.66,24,48,5,14,16.09
Stanford,UCLA,21.5,23.79,36.95,27.19,34.74,23.88,36.43,20.16,35,42.5,20,43.07,20,28.74,34.52,35.41,44.11,29.78,32.31,33.61,38.95,36,28.9,24.41,27.6,,23.35,,,25.78,28.9,,,,,,39,22.5,25,28.54,25.9,20.53,31,,,21.2,24,,22.5,41.3,,36.6,38.6,,42,,14.57,29.15,29.2,31.05,,39,25.62,19,35,25,38.02,55.2,,7.51,19,45,5,21,23.26
Syracuse,Rutgers,1.5,-1.75,-9.36,-2.16,-6.92,-1.82,5.42,3.06,-15,7.6,2,-7.11,2,-6.45,1.26,0.1,8.21,-0.59,-4.67,-9.52,0.65,1.17,-0.98,12.02,1.5,,4.12,,,1.38,0.3,,,,,,1,-1,1,7.6,-0.01,3.25,3.5,,,4.4,5,,1.5,-2.5,,-6.8,-11.8,,2,,7.59,-7.49,0.3,-6.05,,5,-5.66,-1,4,-18.1,-23.12,-3.5,,6.81,19,16,5,-1,6.31
TCU,SMU,13,17.09,14.46,17.22,4.79,16.73,23.99,18.48,9,32,10,19.78,19.5,15.56,15.17,18.81,28.09,15.24,18.46,18.69,21.15,28.54,9.89,21.18,19.5,,8.31,,,5.64,15.17,,,,,,25,13.5,14,22.01,13.91,6.77,26,,,13.1,20,,13,19.6,,-8,7.9,,14,,12.01,12.18,11.3,12.95,,20,12.74,17,36,-4.5,7.88,26.9,,7.93,40,33,5,6,14.57
Temple,Toledo,8,11.34,20.45,10.8,19.55,8.56,7.65,10.23,21,13.8,10,13.21,11,13.04,18.45,17.89,9.23,11.36,11.21,13.47,16.05,21,4.82,11.91,6,,14.74,,,15.76,11,,,,,,10,5.5,12,6.97,16.24,-0.12,7,,,7,1,,8.5,12.1,,22.3,16.1,,15,,0.14,13.14,5.4,5.25,,9,10.32,7,11,19.4,35.91,6.9,,6.21,36,13,5,11,5.7
Tennessee,Buffalo,28.5,26.6,18.71,26.15,21.09,25.01,31.59,27.65,21,45.3,20,30.86,20.5,25.92,36.86,31.35,34.47,26.34,24.79,26.61,27.45,44.79,26.57,25.04,23.5,,30.31,,,27.58,26.15,,,,,,31,27.5,29,35.82,28.21,20.68,19.5,,,27.5,22,,28.5,28.8,,21.6,19.2,,27,,18.75,25.07,35.1,23.4,,27,20.16,18,32,22,33.97,32.6,,5.42,10,41,5,23,29.98
Troy St.,UAB,16.5,21.01,29.78,15.59,24.93,12.26,17.06,22.82,15,4.7,15,25.77,18.5,19.49,23.77,13.15,27.75,16.99,18.53,20.56,19.65,19.54,21.75,14.43,12.6,,13.13,,,19.72,15.78,,,,,,14,15.5,13,6.43,14.36,11.42,17,,,17,15,,16.5,16.3,,28.1,23.2,,26,,8.16,17.75,3.8,14,,14,15.78,14,18,23,28.2,5.7,,5.73,23,24,5,11,14.28
Tulsa,North Texas,23,21.45,23.63,23.43,10.61,17.59,25.17,17.47,21,33.1,20,25.62,22,25.58,21.82,23.14,27.43,22.26,24.89,20.01,24.25,33.33,,29.39,18,,18.56,,,11.99,22.67,,,,,,24,23,21,25.64,20.22,26.8,23,,,17.9,28,,23,29.8,,26.1,14.6,,33,,15.57,22.22,31.1,18.8,,28,19.76,15,32,11.7,20.78,20.3,,5.50,24,41,5,14,25.48
USC,Arizona,12.5,12.47,13.61,8.52,16.72,9.22,5.99,15.89,4,12,13,9.29,15.5,9.02,13.69,9.51,4.38,9.53,7.49,6.99,3.65,15.04,10.05,9.44,14.5,,5.47,,,21.51,9.22,,,,,,6,11.5,9,9.59,14.16,7.23,5,,,13.9,7,,12,4.9,,16.3,14.2,,6,,7.17,1.62,9.8,3.65,,6,5.41,6,7,10.7,8.62,8.4,,4.22,41,48,5,13,9.49
UTEP,Houston,-16.5,-11.35,-7.26,-13.05,-17.56,-10.97,-7.5,-15.13,-1,-9.4,-14,-10.9,-12,-8.21,-9.52,-9.29,-15.84,-12.02,-2.57,-13.98,-14.65,-17.88,-17.88,-6.23,-15.5,,-14.3,,,-13.85,-12.84,,,,,,-11,-15.5,-16,-5.81,-13.07,-9.87,-5,,,-16.5,-19,,-16,-13.1,,-19,-17.7,,-13,,-2.22,-10.85,-17.1,-13.65,,-14,,-3,-14,-10.1,12.06,-1.6,,5.57,49,42,5,-17,-12.63
Utah,Washington,10,9.8,17.91,7.39,17.47,11.08,7.17,2.72,10,5.6,10,24.72,11,17.12,4.98,11.89,13.79,10.2,5.83,15.57,11.25,11.88,9.36,2.37,3.5,,2.04,,,0.94,10,,,,,,12,6.5,6,4.62,8.39,7.13,14.5,,,8,11,,10,9,,19.7,19.9,,13,,3.64,16.22,6.7,8.9,,15,11.15,10,11,17.2,-10.71,22.4,,5.99,31,14,5,3,14.72
Virginia,Idaho,16,13.76,9.38,16.61,15.14,13.12,17.2,11.95,13,20.9,13,20.52,10.5,15.99,13.58,15.74,12.96,14.34,13.86,14.8,20.55,15.71,13.84,8.63,10.5,,15.5,,,11.4,13.86,,,,,,15,13,18,15.79,13.43,8.11,6.5,,,15.3,8,,16,19,,28,22.4,,19,,10.68,17.55,18.2,9.1,,17,9.38,7,14,8.7,12.87,15.3,,4.41,20,21,5,16,14.91
Virginia Tech,Clemson,7,8.6,-3.04,6.97,13.95,6.28,1.09,3.36,5,0.01,7,12.89,9,11.74,4.65,6.58,10.15,6.56,0.92,5.94,4.35,4.63,4.31,1.82,3.4,,2.01,,,3.34,6.15,,,,,,11,7,1,2.8,5.18,10.93,10.5,,,8.7,9,,7,3,,17.3,12.6,,11,,5.61,7.38,4.2,5.35,,12,4.86,6,7,14.2,2.83,15.7,,4.12,23,3,5,5,6.15
West Va.,Bowling Green,19,19.24,6.84,22.05,2.49,12.28,24.96,23.5,1,37.8,16,19.47,16.5,15.16,28.66,19.27,22.68,17.16,14.62,11.42,18.85,29.63,22.3,19.45,23.2,,18.86,,,12.18,17,,,,,,20,21,20,26.82,17.99,16.37,22,,,27.3,23,,19,14.8,,9.2,5.6,,9,,15.85,14.7,22.2,10.65,,17,11.64,13,25,7.5,11.76,-6,,6.89,10,55,5,11,15.74
Western Kentucky,Arkansas St.,-12.5,-19.12,-24.44,-14.35,-23.48,-15.07,-6.59,-18.1,-17,-4.5,-16,-28.39,-15.5,-20.17,-15.64,-4.82,-24.91,-15.4,-11.29,-24.2,-24.75,-11.58,-24.39,-9.55,-4.4,,-8.79,,,-24.99,-15.64,,,,,,-14,-7.5,-15,-3.87,-10.63,-4.09,,,,-1.6,-9,,-12.5,-25.2,,-31,-28.7,,-27,,-3.25,-17.99,-15.7,-29.15,,-18,-16.78,-5,-10,-17.9,-39.01,-7,,8.56,26,22,5,-13,-6.33
Wisconsin,Nebraska,10,3.26,12.07,12.01,9.16,8.18,14.62,-4.25,7,15.1,3,14.67,4.5,10.01,11.14,5.03,12.3,8.93,14.36,11.65,21.25,4.71,7.69,3.69,4.75,,7.04,,,-5.27,9,,,,,,17,7,6,8.37,3.72,4.95,12,,,9.2,7,,10,13.3,,20.2,12.5,,19,,1.65,8.66,10,5.5,,17,7.33,7,13,10.4,25.63,27.3,,5.84,17,48,5,9,7.51
Akron,Florida Intl.,-17,-16.01,-24.64,-18.68,-18.51,-16.79,-23.15,-14.91,-14,-13.9,-15,-20.53,-12,-17.14,-18.65,-22.85,-24.55,-17.66,-21.53,-22.47,-23.05,-20.5,-30.37,-16.06,-11.9,,-15.87,,,-22.54,-17.14,,,,,,-16,-19,-19,-21.38,-13.49,-19.06,-17,,,-13.4,-13,,-17,-18.2,,-8.9,-18.2,,-17,,-10.01,-15.14,-21.1,-22,,-18,-12.51,-13,-17,-20.6,-27.12,-18.7,,4.40,27,17,6,-15,-16.22
Alabama,Vanderbilt,29,33.91,31.9,31.26,23.37,22.56,35.49,34.64,27,43.1,22,24.04,25,33.34,27.12,34.61,34.87,29.6,31.01,29.11,34.05,29.75,32.67,24.94,31.1,,25.05,,,25.43,30,,,,,,39,29,28,27.73,20.68,35.75,35.5,,,26.3,30,,29,33,,40.7,27.1,,31,,15.5,28.51,36.6,16.95,,34,29.53,25,32,18.6,28.34,35.7,,6.02,0,34,6,24,27.65
Arkansas,Auburn,10,4.88,8.42,11.42,10.37,6.38,8.62,0.4,5,0.8,6,17.6,1,7.12,8.11,6.26,3.09,7.82,7.06,9.33,10.05,2.96,8.23,3.36,10.5,,11,,,0.97,8.11,,,,,,6,8,10,2.57,4.35,13.05,1,,,14,10,,10,9.2,,13.5,9.6,,15,,5.34,12.86,15.2,1.65,,12,6.52,4,3,14.3,6.89,9.8,,4.28,14,38,6,6,8.81
BYU,San Jose St.,13.5,15.68,9.68,14.45,11.18,12.95,17.31,15.45,7,31.9,12,19.04,14.5,15.91,14.48,18.7,17.55,14.43,3.19,12.7,14.95,22,16.45,22.95,13.5,,17.53,,,13.83,14.5,,,,,,23,16,17,26.17,15.04,16.68,15,,,12.1,18,,13.5,10.1,,7.9,4,,9,,16.3,16.48,10.4,9.4,,18,5.46,13,29,7.3,9.82,13.8,,5.44,16,29,6,11,15.77
Ball St.,Temple,-9.5,-3.71,-11.23,-14.19,-11.47,-5.76,-4.87,2.32,-1,-12.7,-4,-6.99,-3.5,-10.5,0.56,-14.49,-16.02,-7.76,-2.27,-9.25,-13.85,-11.36,-8.7,-3.77,-3.75,,-4.47,,,2.48,-7,,,,,,-9,-9,-10,-5.63,-0.49,-9.6,-12,,,-14.2,-7,,-9.5,-5.6,,-13.2,-17.8,,-5,,1.26,-11.27,-8.9,-6.65,,-12,-0.17,-8,-21,-13.7,-5.28,-10.1,,5.41,42,0,6,-7,-12.01
Baylor,Iowa St.,15.5,6.25,7.98,14.99,15.74,11.81,7.08,1.36,11,14.5,10,18.7,6.5,10.38,1.78,8.03,13.73,11.63,12.39,15.98,20.45,5.71,17.96,9.38,16,,10.93,,,3.72,11.1,,,,,,13,14,15,8.32,7.12,14.58,8.5,,,15.8,13,,15,12.4,,21.6,20.1,,16,,4.62,15.82,11.1,7.35,,17,6.51,5,11,16.7,10.2,10.7,,4.88,26,49,6,10,9.8
Buffalo,Ohio,-8.5,-10.95,-4.15,-7.12,-18.96,-4.62,-9.57,-14.19,-8,-9.6,-12,-1.37,-12.5,-7.78,-33.88,-15.23,-11.62,-10.63,-11.93,-6.96,-8.35,-21.54,-11.11,-16.58,-9.25,,-9.82,,,-18.59,-9.82,,,,,,-9,-8,-10,-10.94,-15.35,-10.73,-15,,,-10.6,-4,,-8.5,-8.7,,-14.3,-12.5,,-5,,-6.54,-8.41,-8.2,-12.1,,-9,-6.04,-5,-11,-12.5,-14.58,-4.8,,5.09,37,38,6,-14,-8.88
Central Florida,Marshall,19,6.81,17.55,19.48,25.14,11.16,15.58,-1.69,13,16.4,9,27.79,7,15.98,-6.81,19.01,19.82,13.58,5.44,15.13,16.65,6.64,12.31,8.05,7.3,,10.78,,,-2.91,13.72,,,,,,22,16.5,11,12.88,4.97,16.08,17,,,17.9,14,,18.5,15,,24.9,35.9,,16,,5.49,13.72,13.5,5,,19,7.14,10,25,11.1,7.92,18.9,,7.87,6,16,6,16,22.03
Clemson,Boston College,20.5,30.17,30.64,17.78,31.25,25.7,25.35,40.74,32,32.3,25,30.24,21.5,23.68,44.97,30.94,26.96,25.95,33.15,28.86,22.45,46.5,27.19,30.22,29.5,,25.55,,,47.07,25.35,,,,,,19,20,22,18.35,36.03,11,16,,,18.3,16,,21.5,22.6,,34.3,27.3,,30,,16.35,17.17,25.3,23.7,,22,27.88,13,18,22,28.72,15.1,,7.53,14,36,6,23,16.75
Fresno St.,Boise St.,-21,-24.64,-30.91,-22.68,-23.65,-21.51,-26.59,-26.43,-17,-30.2,-27,-22.59,-24,-22.77,-30.83,-26.78,-33.37,-25.06,-29.41,-27,-28.65,-33.39,-28.13,-23.54,-26.6,,-13.51,,,-29.52,-26,,,,,,-26,-19.5,-24,-18.19,-24.94,-23.63,-27.5,,,-26,-28,,-22,-30,,-26.2,-20.5,,-28,,-11.76,-26.78,-26.5,-24.5,,-35,-23.07,-15,-21,-24,-29.4,-10,,4.53,57,7,6,-22,-23.07
Georgia Tech,Maryland,14.5,18.23,17.1,10.71,22.09,12.31,10.06,26.1,25,7.2,21,17.26,18,12.55,20.15,10.13,14.27,14.6,16.77,17.53,14.95,25.46,4.9,10.2,16,,16.9,,,19.74,13.48,,,,,,13,15,11,6.63,20.51,8.07,4.5,,,9.2,14,,14.5,17.6,,37,28,,28,,9.99,11.35,9.8,10.4,,12,15.27,8,4,5.3,22.14,23.7,,6.71,16,21,6,16,11.59
Houston,East Carolina,11.5,16.79,16.46,10.88,22.23,9.09,8.06,23.2,27,4.4,21,21.83,17.5,11.51,29.11,6.17,15.56,14.78,17.42,12.47,12.35,19.21,6.91,12.52,17.25,,19.53,,,20.48,15.56,,,,,,15,13.5,13,4.12,21.33,13.64,11,,,6.2,16,,11.5,11.9,,28,18,,16,,5.14,15.94,8.1,10.05,,16,13.54,5,7,18,12.89,16,,6.00,3,56,6,16,11.14
Idaho,Louisiana Tech,-4,1.06,-7.03,-5.79,-0.76,-2.23,-5.9,3.16,-6,-7.6,-1,2.19,-1.5,-1.13,9.98,-10.78,-0.19,-2.87,-8.82,-2.68,-9.05,-1.54,-13.55,1.17,-2.25,,-3.28,,,-1.81,-2.23,,,,,,-1,-5,-6,-4.89,-0.15,2.95,-6,,,-2,-5,,-4,-2.2,,-7.2,-4,,-3,,-1.85,-2.97,-6,0.4,,-1,0.54,-3,-7,2.8,-2.48,0.6,,4.08,24,11,6,-3,-3.42
Indiana,Illinois,-14,-19.98,-15.07,-12.56,-18.31,-11.9,-14.89,-32.36,-9,-29.3,-20,-12.82,-17,-11.55,-30.61,-13.87,-22.85,-17.03,-14.55,-15.11,-17.25,-36.32,-12.34,-28.65,-19,,-21.64,,,-29.51,-15.07,,,,,,-16,-14,-15,-16.76,-25.94,-12.73,-18.5,,,-16.1,-16,,-14,-14.2,,-14,-15,,-13,,-7.62,-14.42,-19.4,-23.4,,-19,-11.51,-8,-7,-14,-24.77,-5.9,,6.01,41,20,6,-19,-15.35
Kansas St.,Missouri,-4,3.9,11,-7.52,6.32,0.31,-1.4,13.38,11,4.1,4,-10.89,1.5,-5.03,11.55,-0.43,-9.43,-0.84,5.76,-3.12,-7.55,6.21,-0.25,7.09,1,,-3.32,,,18.9,-1.4,,,,,,-7,-2.5,-2,0.76,9.97,-13.76,-3,,,-2.3,-8,,-4,-10.4,,-22.2,-7.3,,-6,,2.83,-6.65,-7.6,-2.3,,-5,-0.18,-1,-3,1.3,5.08,-6.4,,7.59,17,24,6,5,-3.46
LSU,Florida,13.5,11.99,8.26,7.83,17.33,9.64,15.22,14.3,12,16.3,14,7.06,12.5,9.83,16.27,11.1,18.67,12.03,18.93,10.21,12.65,7.25,13.8,16.41,11,,10.39,,,13.36,12,,,,,,11,12,13,11.35,8.14,15.92,7,,,8.2,8,,13.5,18.3,,7.9,9.3,,11,,9.16,10,13.1,12.25,,16,16.43,5,11,2.9,1.68,24.9,,3.85,11,41,6,11,10.95
Louisiana-Lafaye,Troy St.,-6,1.99,11.72,-8.77,7.54,1.57,-5.27,5.2,16,7.2,8,10.29,3,-0.55,17.92,-5.07,-5.24,1.35,15.47,3.24,-0.35,7.39,-8.75,0.61,-2.8,,4.96,,,9.85,0.88,,,,,,-4,-7,-1,1,8.94,-7.79,-6,,,-14.6,-2,,-5,1.8,,4,1.1,,1,,0.88,-9.67,-2,5.75,,1,10.11,-5,-1,-1.6,13.65,1.9,,7.31,17,31,6,1,-9.4
Louisiana-Monroe,Arkansas St.,-2.5,-6.23,-6.48,-5.81,-5.49,-7.76,-1.77,-8.19,2,-2.1,-3,-4.21,-3.5,-4.28,-14.36,-4.42,-9.11,-4.41,-1.54,-12.06,-7.85,-9.25,-4.71,-0.53,-3.1,,-0.43,,,-12.99,-4.24,,,,,,-2,-2.5,-2,1.3,-6.02,5.04,-5.5,,,-1.2,2,,-2.5,-1.1,,-9.5,-8.5,,-5,,3.32,-3.94,-6.6,-10.8,,-3,-4.24,-5,-7,-6.5,-13.9,-2.2,,4.09,24,19,6,-6,-3.94
Miami (Ohio),Army,-2,-9.7,-9.08,-3.01,-5.33,-0.67,-4.99,-16.62,-3,0.01,-7,-2.67,-4.5,-4.49,-7.57,-4.86,-1.7,-3.15,-5.19,-3.46,-1.25,-7.04,0.1,4.7,-0.45,,-3.35,,,-13.08,-3.29,,,,,,3,-1,-2,3.9,-4.59,7.44,-3,,,6,1,,-2,-3.3,,-5.8,-6.3,,-5,,-0.15,-1.47,5.3,-6.75,,-4,-4.22,-1,1,-9.1,-13.69,-1.8,,4.69,28,35,6,-7,0.31
Middle Tenn.,Western Kentucky,11.5,16.27,6.1,10.84,15.81,11.24,6.45,16.7,16,8,17,5.68,18.5,15.88,6.19,2.39,13.9,10.54,6.87,12.03,11.15,8.96,4.94,16.08,6.5,,8.49,,,17.48,10.84,,,,,,15,9,11,9.77,8.32,5.43,,,,5.1,9,,11.5,11.3,,17.6,16.2,,15,,11.25,12.03,2.8,11.5,,5,12.08,7,7,9.2,8.39,12.3,,4.35,36,33,6,10,12.28
NC St.,Central Mich.,10.5,10.17,11.8,12.82,13.01,12.42,17.92,5.96,7,28.6,10,9.07,8.5,14.68,-4.73,13.53,15.24,11.9,5.6,15.4,19.75,13.82,9.58,8,0.2,,17.79,,,7.87,12.51,,,,,,17,13,16,23.35,8.96,12.76,15.5,,,15,9,,10.5,13.4,,14.6,12.9,,8,,10.93,14.26,22.9,9.5,,14,8.63,10,8,13.1,3.32,14.3,,5.33,24,38,6,9,12.51
Navy,Southern Miss.,1.5,2.53,6.45,5.64,-0.13,6.19,5.06,-0.91,5,4.7,-4,3.77,0.5,6.68,3.96,8.68,10.39,3.58,12.09,7.05,5.95,5.07,0.61,6.17,-2.5,,1.18,,,-3.1,3.99,,,,,,4,4.5,2,5.86,-0.49,0.35,9.5,,,0.5,-1,,1.5,3.7,,-6.1,-0.7,,0,,3.99,5.26,6.1,0.6,,8,8.02,8,11,6,2.4,7.4,,4.24,63,35,6,-3,3.58
Nebraska,Ohio St.,11,10.58,1.71,5.77,2.78,6.38,1.79,16.47,13,1.5,5,11.27,5.5,4.5,16.46,7.48,9.47,7.38,17.95,6.9,4.95,15.54,4.93,10.55,14.25,,6.66,,,16.54,7,,,,,,0.01,10,5,2.7,14.05,8.42,-1,,,1.6,4,,10.5,4.7,,12,7.6,,9,,7.32,3.33,8.4,8.25,,5,14.04,-1,-1,1.8,12.52,24.6,,4.87,27,34,6,7,8.46
Nevada,UNLV,20.5,19.42,1.15,17.96,9.51,17.16,24.09,21.11,11,31.1,19,18.22,17.5,17.82,11.42,19.33,29.92,18.91,5.58,14.02,22.65,23.57,27.06,31.76,11.1,,25.24,,,13.63,18.22,,,,,,32,19,17,20.15,14.58,30.1,30,,,15.4,24,,20.5,28.7,,24.1,13.3,,26,,4.71,26.59,22,12.3,,32,16.5,16,28,2.4,9.56,4.6,,8.01,0,37,6,9,19.73
North Carolina,Louisville,13.5,19.38,16.74,10.38,19.28,16.53,8.95,21.7,18,17.7,13,15.17,13,17.37,25.34,10.09,20.84,14.91,15.71,20.85,13.45,27.54,17,13.82,13.75,,9.81,,,24.71,15.17,,,,,,12,12,17,13.19,21.86,8.16,2,,,16.4,11,,13.5,16.2,,15.9,16.7,,18,,12.16,16.69,19.9,14.55,,15,16.43,5,7,10.7,20.33,19.3,,4.83,7,14,6,11,10.82
North Texas,Florida Atlantic,4,2.74,0.01,6.03,7.82,3.57,8.31,3.01,1,2.4,7,9.22,1,2.48,11.94,4.45,4.11,4.7,-3.77,4.24,9.75,3.54,11.91,0.01,6.5,,4.23,,,6.23,4.45,,,,,,7,3,9,0.87,4.3,2.73,3,,,5.4,5,,4,9.2,,5.9,4.3,,0,,1.12,9.16,4.2,2.95,,7,-3.69,6,4,6.2,1.96,-5.7,,3.48,17,31,6,6,1.67
Northern Ill.,Kent,16.5,9.71,5.13,17.29,9.5,11.08,16.74,6.31,5,17.8,10,12.6,12,13.15,5.42,13.27,19.49,12.75,5.98,11.76,18.45,11.64,21.93,12.44,12.2,,15.32,,,3.86,12.44,,,,,,19,18.5,11,15.38,8.18,9.64,22,,,19.5,15,,16,11.4,,13.3,11.2,,14,,9.46,16.44,14.1,5.4,,18,10.36,10,24,12,11.91,14.3,,4.81,10,40,6,13,19.24
Northwestern,Michigan,-7.5,-19.14,-29.61,-10.72,-16.13,-19.43,-10.32,-21.05,-15,-7.3,-16,-27.5,-11,-17.12,-32.25,-18.9,-17.73,-15.05,-16.91,-26.71,-17.25,-28.43,-4.8,-6.35,-14.65,,-8.87,,,-30.7,-14.8,,,,,,-5,-6,-10,-2.55,-20.06,-3.03,-8,,,-4.1,-7,,-8.5,-8.8,,-28.2,-19.9,,-19,,-2.62,-14.42,-14.8,-20.45,,-11,-16.93,-9,-14,-23,-26.37,-5.7,,7.61,42,24,6,-12,-8.08
Notre Dame,Air Force,14,12.66,27.39,11.42,9.38,16.74,11.41,9.4,20,10,16,21.32,8,17.57,10.42,12.42,13.74,13.38,13.43,18.58,13.75,16.96,13.52,6.38,12,,9.47,,,16.73,12.42,,,,,,10,11,12,6.55,14.99,8.82,5,,,7.7,8,,14,13.5,,28.6,12.2,,19,,2.72,19.3,21.6,7.45,,14,15.35,9,11,22,10.79,13.3,,5.33,33,59,6,7,11.33
Oklahoma St.,Kansas,31.5,24.17,41.25,29.6,33.53,25.96,33.04,23.52,36,42.4,38,40.56,29,25.14,32.33,34.38,40.84,30.88,32.31,32.35,36.25,40.18,29.16,23.18,31.65,,24.29,,,29.34,29.6,,,,,,36,29,26,28.18,27.07,33.57,37,,,26.3,30,,31.5,36.8,,41.7,28.9,,39,,14.4,29.48,38,28.7,,39,25.8,17,28,23,27.62,24.5,,6.41,28,70,6,24,28.94
Oregon,California,24,16.31,23.94,20.78,12.58,16.58,23.98,15.3,15,31.7,18,30.57,15.5,17.85,27.54,31.67,30.53,20.93,23.19,20.41,26.65,22.04,28.27,18.15,26.5,,15.41,,,11.1,20.78,,,,,,25,20.5,21,21.34,13.59,19.87,29.5,,,19.7,21,,24,27.9,,17.8,18.2,,26,,10.97,24.23,21.4,14.9,,31,18.61,14,25,14.4,13.45,16.4,,5.96,15,43,6,12,25.79
Oregon St.,Arizona,-2,-10.19,-3.68,-3.79,-4.77,-3.89,2.24,-16.15,-4,-3.4,-5,-8.1,-2,-4.43,-19.26,5.31,-9.98,-4.24,-4.77,-7.35,-2.95,-10.04,-0.43,-11.81,1,,-5.75,,,-10.22,-3.79,,,,,,1,-1.5,-3,0.12,-5.11,-2.98,0,,,-0.7,-3,,-2,-4,,9.6,2.7,,-7,,0.22,-7.29,-0.7,-12.8,,-1,-8.09,2,-13,-11.2,-13.66,-4.2,,5.53,27,37,6,-3,1.5
Penn St.,Iowa,4,6.71,3.15,2.18,6.23,4.37,-1.7,8.04,4,3.5,8,9.18,5,5.49,9.87,-0.93,2.42,3.95,0.7,6.22,0.35,3.64,1.88,4.08,3.5,,0.01,,,8.29,3.5,,,,,,0.01,2,3,4.03,6.06,8.03,0.5,,,7.3,7,,4,-0.4,,14.8,5.4,,6,,2.13,6.09,1.8,0.15,,5,2.54,2,-1,5.9,2.66,9.6,,3.34,3,13,6,4,1.94
Purdue,Minnesota,14,13.34,4.34,4.35,19.1,10.51,2.92,15.58,15,4.3,16,18.83,8,11.38,17.12,5.12,12.66,9.96,-0.16,11.26,14.45,9.14,14.76,8.45,5.5,,8.77,,,12.84,9.58,,,,,,13,10,10,1.67,9.58,14.35,1,,,5.2,7,,14,3.7,,28.7,20.7,,17,,3.36,13.84,3.7,5,,13,7.88,5,4,7.6,3.28,7.3,,5.91,17,45,6,11,9.72
Rice,Memphis,20.5,16.02,25.43,20.51,4.49,16.29,17.63,13.7,23,12.9,18,30.45,12,18.76,22.69,14.26,22.78,17.4,13.44,20.02,24.55,12.75,24.69,12.81,15.2,,16.08,,,18.81,17.1,,,,,,17,20,20,17.93,12.13,26.17,14.5,,,17.1,20,,20.5,15,,19.8,15,,21,,11.5,18.22,25.9,16.7,,22,7,12,20,9.9,5.93,15.2,,5.45,6,28,6,11,19.23
Rutgers,Pittsburgh,-7,1.69,-11.45,-3.27,11.63,-3.26,-11.46,5.65,1,-11,6,-5.61,1,-2.79,8.17,-9.22,-11.47,-2.85,-0.89,-3.95,-5.35,-1.57,-0.56,-1.88,-9.25,,-3.6,,,5.9,-3.26,,,,,,-5,-6,-5,-6.14,3.08,-1.38,-10.5,,,0.1,-3,,-6.5,-7.5,,-6.5,6.6,,-7,,1.05,-5.22,-10.7,1.35,,-8,-1.99,-4,-7,0.6,-11.22,9.3,,5.77,10,34,6,-2,-3.54
San Diego St.,TCU,-4.5,-1.92,7.72,-4.43,5.41,-0.4,-5.1,1.89,7,-3.1,1,6.77,-7.5,-6.25,5.87,-0.65,-5.2,-1.79,-0.32,-1.04,-4.65,-0.54,-11.17,4.31,-6,,-3.53,,,8.33,-2.47,,,,,,-8,-6,-2,-6.57,4.81,-2.47,-13,,,-7.1,-8,,-4.5,-2.5,,5.4,-2,,-1,,-0.9,-6.93,-1.6,-3.35,,-3,1.9,-9,-10,-6.2,-4.46,3,,5.10,27,14,6,-1,-5.51
South Carolina,Kentucky,21,20.51,21.29,19.19,20.83,20.76,18.4,21.43,19,21.8,19,29.53,16,19.59,25.4,18.35,28.36,20.46,20.85,24.75,22.35,33.93,25.4,18.8,26.9,,22.38,,,27.14,20,,,,,,18,20.5,20,16.32,25.89,15.24,18.5,,,19.1,19,,21,17.8,,26.1,21.6,,15,,12.88,18.34,24.5,21.15,,20,19.27,11,14,14.4,21.45,10.6,,3.94,3,54,6,17,18.63
Stanford,Colorado,29.5,30.21,35.32,27.78,39.43,27.67,36.75,31.15,34,46.2,30,38.18,25.5,29.93,43.53,40.15,43.1,32.12,37.61,34.39,36.55,45.11,32.42,28.11,31.25,,24.45,,,39.5,32.42,,,,,,37,29,28,30.38,32.91,20.21,31,,,21,27,,29.5,37.5,,33.9,37.8,,40,,16.23,34.61,34.3,30.3,,36,28.53,19,31,24,30.77,41,,6.39,7,48,6,28,27.74
Tennessee,Georgia,-2,2.78,16.33,-3.33,2.11,4.17,-2.59,3.19,13,6.6,1,10.06,1,2.08,8.47,-0.62,-1.96,1.34,5.39,6.58,-5.55,4.04,-4.09,-2.1,-7.25,,-0.95,,,3.82,1,,,,,,-3,-2,-2,5.39,3.29,-0.73,-5,,,-0.2,0.01,,-2,1.8,,-1,2.4,,1,,0.67,-5.05,-0.2,-1,,-4,4.65,2,1,5.7,4.33,11.8,,4.60,20,12,6,2,-1.57
Texas,Oklahoma,-10.5,-4.49,-14.79,-15.59,-3.4,-9.83,-15.92,2.22,-6,-17.4,-8,-19.9,-7.5,-10.08,-10.18,-7.18,-17.34,-10.72,-7.46,-14.09,-19.1,-2.79,-15.86,-12.16,-8.75,,-12.07,,,-1.37,-10.18,,,,,,-14,-10.5,-14,-11.13,-2.28,-18.34,-15.5,,,-8.4,-12,,-10.5,-15.1,,-10.9,-8.7,,-11,,-2.89,-15.08,-16.8,-9.5,,-14,-7.65,-6,-14,-3.2,-10.8,4.2,,5.14,55,17,6,-6,-15.02
Texas Tech,Texas A&M,-9.5,4.57,-16.58,-6.36,6.04,-5.6,-7.43,13.03,3,-4.1,2,-8.16,8,-3.01,-5.07,-5.04,-4.45,-3.55,-7.7,-10.02,-7.95,-1.43,-10.11,5.55,-9.75,,-7.28,,,6.57,-4.53,,,,,,-1,-6.5,-7,-2.15,3.13,-5.3,-8,,,-6.8,-4,,-8.5,-7.1,,-0.3,-1.2,,-11,,2.7,-8.29,-14.1,-3.95,,-7,-4.53,-3,-1,-11.4,-13.23,-0.4,,6.12,45,40,6,2,-3.38
Toledo,Eastern Mich.,21,15.76,21.45,23.8,15.96,21.31,31.57,7.05,18,15.1,11,31.77,10.5,25.11,22.31,24.9,39.08,22.12,30.34,25.45,35.65,26.54,16.64,17.46,18.75,,26.09,,,7.55,21.45,,,,,,31,22,29,19.88,13.25,28.09,26.5,,,17.6,22,,21,36.9,,21.2,20.2,,26,,16.42,25.41,26.2,16.1,,37,21.35,22,21,13.8,14.26,13.8,,7.68,16,54,6,9,26.01
Tulane,Syracuse,-10,-14.19,-20.82,-10.07,-5.02,-13.01,-12.7,-16.22,-8,-19,-9,-9.39,-9,-12.29,-18.87,-18.4,-16.56,-11.57,-11.42,-15.21,-14.25,-23.54,-13.52,-11.05,-8.7,,-7.12,,,-17.42,-12.12,,,,,,-14,-8,-13,-12.29,-12.12,-7.16,-8.5,,,-3.7,-9,,-10,-9.5,,-5.9,-9.4,,-8,,-4.05,-2.69,-12.4,-18.1,,-15,-9.39,-6,-7,-14.6,-16.86,-0.7,,4.35,37,34,6,-10,-12.97
UAB,Mississippi St.,-19,-22.05,-27.11,-20.08,-24.15,-15.75,-21.01,-24.47,-12,-35.5,-16,-23.41,-14,-20.82,-15.55,-26.37,-34.92,-20.7,-16.84,-26.85,-25.25,-31.75,-24.41,-18.45,-22,,-24.27,,,-21.38,-20.08,,,,,,-20,-17,-19,-22.92,-16.15,-15.03,-16,,,-25.6,-19,,-19,-16.5,,-29.9,-24.5,,-16,,-7.64,-19.3,-26.8,-21.2,,-18,-17.56,-11,-18,-17.9,-26.49,-9.4,,5.45,21,3,6,-19,-19.57
UCLA,Washington St.,4,4.9,-13.66,2.57,-11.96,-1.73,4.74,8.11,1,2.8,3,-5.44,6,1.45,-0.84,0.47,-1.96,0.12,0.86,-7.13,-1.95,2.54,2.27,5.79,5.6,,2.99,,,0.56,1.45,,,,,,4,5.5,3,3.65,0.01,3.61,7.5,,,0.6,8,,4,0.2,,-12,-14.4,,1,,3.17,2.27,3.4,-9.05,,1,2.18,4,-6,-10.3,-10.61,2.9,,5.82,25,28,6,-5,6.52
Utah,Arizona St.,-3.5,-0.73,1.67,0.01,-2.72,-3.5,-3.51,-4.37,1,6.3,-1,-0.3,1,2.88,-4.72,-1.11,1.15,-1.83,-3.65,-2.58,-0.95,-4.75,-6.58,0.95,-9,,-1.91,,,-8.09,-1.2,,,,,,0.01,-3,-4,5.96,-5.05,2.27,4.5,,,-5,0.01,,-3.5,-5.7,,-0.3,-2,,3,,3.33,1,-1.2,-9.05,,1,-2.59,3,-4,-2.4,-9.87,6.1,,3.64,35,14,6,-8,-0.01
Utah St.,Wyoming,12.5,-3.3,14.16,9.93,5.2,7.11,4.88,-13.29,5,5.9,-1,8.87,-0.5,6.87,-8.88,2.71,5.15,4.13,0.24,7.75,8.15,-7.07,4.33,-4.38,3.35,,3.5,,,-10.85,5,,,,,,5,12,4,5.28,-4.92,7.4,4,,,14.2,7,,11.5,5.7,,18.8,13.6,,14,,3.91,6.61,9.9,-1.35,,6,3.19,5,1,1.3,-4.51,13.4,,6.50,19,63,6,-1,5.88
Virginia Tech,Miami (Fla.),7.5,12.26,-5.14,2.78,17.49,4.67,3.24,17.42,5,7.7,11,8.84,10,6.79,15.71,0.26,10.34,7.74,4.86,4.44,4.05,15.96,11.18,10.39,12,,12.72,,,14.08,7.55,,,,,,6,6,8,8.78,13.81,12.2,9,,,9.2,7,,7.5,1.6,,17.4,10,,9,,6.3,2.23,4.1,7.55,,5,6.98,4,3,0.01,9.78,13.6,,4.78,35,38,6,8,9.05
Wake Forest,Florida St.,-10,-5.5,-10.49,-6.55,-0.55,-7.21,-12.56,-2.98,-6,-12.9,-4,-7.31,-4,-9.17,12.04,-17.4,-16.4,-8.68,-12.24,-9.3,-9.45,-13.21,-7.85,-9.39,-15.7,,-6.89,,,-0.85,-9.39,,,,,,-13,-12.5,-10,-10.29,-4.81,-11.89,-15.5,,,-7.6,-13,,-10,-9.6,,-4.3,-6.2,,-11,,-2.76,-12.5,-12.4,-6.2,,-10,-8.39,-10,-18,-10.5,-2.1,0.6,,5.40,30,35,6,-4,-10.49
West Va.,Connecticut,19.5,16.94,8.11,17.33,14.18,16.22,13.4,19.9,10,26.7,16,24.07,14.5,13.67,35.66,18.36,21.2,16.93,14.64,17.11,20.15,30.39,16.28,21.08,22.6,,14.98,,,23.74,16,,,,,,14,14.5,20,15.73,22.97,11.93,13,,,17.2,15,,19,14.9,,28.2,17.4,,18,,13.04,15.99,17.5,13.4,,16,13.11,9,14,8.3,13.46,8.5,,5.07,16,43,6,16,16.51
Western Mich.,Bowling Green,10.5,13.55,25.3,14.75,15.41,10.67,18.38,14.95,15,6.5,12,21.07,8,12.2,15.75,16.61,15.38,13.2,12.24,14.5,17.45,18.18,12.36,1.29,10,,13.9,,,13.24,13.55,,,,,,16,10.5,12,2.84,15.03,14.13,19.5,,,8.6,14,,11,17.4,,16,12.3,,16,,4.77,12.25,14.3,7.55,,20,11.47,9,14,10.9,8.18,11.4,,4.55,21,45,6,4,9.91
Air Force,San Diego St.,7,5.36,-5.66,5.59,1.61,-0.7,3.68,5.94,1,0.4,3,-3.87,7,4.75,0.41,1.26,,3.44,0.29,-0.58,0.75,2.16,4.21,8.18,4.25,-5.42,3.11,,,0.16,3.68,,,,,,5,6,3,1.97,1.27,6.61,4,,,8,8,,6.5,2.5,,13.6,3,,3,,3.55,6.71,3.9,-1.2,,4,1.11,4,10,7.7,3.37,-0.2,,3.63,41,27,7,4,7.44
Auburn,Florida,-2,-1.13,-6.58,-4.78,-6.49,-4.46,0.83,5.2,-2,0.1,1,-3,2.5,-5.48,2.32,-5.2,,-2.45,-4.59,-7.53,-6.65,-0.88,-2.71,4.62,-0.5,-4.45,-1.82,,,2.37,-2.71,,,,,,1,1,-3,0.87,1.55,-1.69,6,,,-2.6,-3,,-2,0.2,,-1.8,-8.6,,-2,,1.63,-6.81,-5.9,-3.3,,1,-3.35,-2,-1,-15,-10.4,2.9,,3.99,6,17,7,-3,-5.14
Bowling Green,Toledo,-8,-8.5,-25.39,-11.45,-11.67,-13.08,-16.33,-5.15,-10,-8.4,-9,-19.23,-4,-12.74,-15.87,-20.45,,-12.07,-11.11,-19.97,-17.85,-17.75,-3.72,0.54,-5.5,-20.48,-16.16,,,-9.84,-11.67,,,,,,-9,-7.5,-15,-7.28,-10.62,-18.06,-11,,,-3.3,-11,,-8.5,-18,,-17.2,-13.2,,-12,,-6.15,-8.11,-13,-13.1,,-19,-9.04,-7,-17,-19.2,-14.58,-11.3,,5.62,28,21,7,-1,-8.59
California,USC,-3,-1.82,4.43,-2.63,5.88,2.42,0.23,-6.33,10,-6.6,-2,7.78,-4,1.91,-11.19,-0.88,,-0.31,3.81,1.06,1.75,-7.84,-0.41,-4.74,-7.1,5.23,3.94,,,-8.87,-0.61,,,,,,4,-3,-4,-3.94,-3.43,-0.61,0,,,-8.6,-2,,-3,-0.4,,6,6.6,,6,,-1.28,3.5,-0.3,-2.4,,3,2.24,-1,-4,-4.2,-5.11,4.8,,4.61,30,9,7,-1,-3.04
Central Mich.,Eastern Mich.,13,7.34,-0.35,13.85,-0.28,2.37,16.9,5.41,4,6.5,1,1.8,5.5,9.32,3.89,12.61,,8.3,11.39,2.47,11.85,7.88,16.4,14.54,13,-1.15,6.4,,,-4.7,9.18,,,,,,20,13.5,14,11.42,1.75,9.18,21,,,12.8,13,,13,13.8,,11.4,2.4,,11,,5.95,17.22,14,-1.45,,17,4.23,15,8,-3.2,-2.94,4.4,,6.61,35,28,7,3,15.16
Cincinnati,Louisville,16,14.06,24.78,12.02,16.53,17.98,7.19,10.27,21,10.3,15,29.72,12.5,19.6,14.09,8.89,,15.64,14.68,23.2,19.25,20.66,20.6,8.9,9.1,19.37,11.96,,,16.49,15.93,,,,,,14,13,16,8.49,17.67,14.49,3,,,14.8,16,,16,17.1,,21.2,20.3,,14,,6.68,24.08,23.1,17.6,,17,13.63,7,11,11,18.39,11.7,,5.25,16,25,7,14,20.16
Colorado St.,Boise St.,-32,-34.73,-43.15,-35.16,-30.44,-32.45,-40.69,-33.35,-29,-47.8,-27,-41.63,-28.5,-36.57,-36.81,-45.53,,-34.78,-33.68,-42.19,-40.85,-44.16,-39.69,-35.76,-28.25,-35.48,-29.43,,,-36.39,-34.4,,,,,,-42,-32,-34,-30.92,-28.68,-34.89,-45.5,,,-28.4,-34,,-32,-38,,-34.3,-33.2,,-38,,-14.03,-39.32,-34.4,-34.25,,-46,-30.49,-26,-42,-24,-35.76,-27.6,,6.68,63,13,7,-24,-33.4
Connecticut,South Florida,-7.5,-5.59,-9.83,-8.59,-9.01,-9.62,-3.77,-6.46,-9,-20.1,-9,-8.24,-7,-4.68,-14.85,-5.89,,-8.25,-7.08,-10.65,-8.85,-17.38,-5.15,-8.92,-9.1,-10.33,-11.44,,,-19.16,-8.59,,,,,,-1,-7,-10,-12.19,-13.61,-4.35,-0.5,,,-12.3,-6,,-7.5,-2.7,,-12.2,-11.7,,-9,,-4.28,-9.39,-5.8,-13.5,,-4,-4.7,-2,-4,-8.3,-19.9,-12.9,,4.37,10,16,7,-11,-5.35
Duke,Florida St.,-13.5,-5.43,-6.93,-10.01,-7.35,-9.49,-8.71,0.84,-7,-13.4,-6,-15.84,-7,-14.16,1.84,-18.35,,-9.46,-4.4,-11.87,-7.65,-11.16,-17.9,-2.86,-12.25,-2.59,-8.24,,,1.12,-9.3,,,,,,-16,-10.5,-9,-6.66,-1.9,-15.57,-11.5,,,-14,-14,,-13.5,-9.3,,-10.8,-16.5,,-8,,0.01,-14.1,-15.9,-7.1,,-11,-7.22,-9,-15,-9.8,-7.06,-10.1,,5.04,41,16,7,-8,-14.22
Florida Atlantic,Western Kentucky,2.5,4.13,11.99,0.5,-2.41,6.13,-3.52,-0.88,17,1.4,4,13.45,8.5,9.09,-0.88,-0.2,,3.73,7.38,5.74,2.05,3.25,0.68,12,0.01,10.89,5.76,,,4.6,3.5,,,,,,5,3,-1,3.13,4.15,2.4,,,,-0.5,3,,2.5,1.9,,10,5.8,,10,,5.65,6.34,0.5,3.5,,-1,7.42,-2,-1,-5.5,-1.34,11.2,,4.93,20,0,7,-1,-1.46
Fresno St.,Utah St.,-3,1.67,-10.16,-2.43,-13.59,-6.64,3.27,6.01,-2,10.4,-1,-12.94,4.5,-3.4,7.21,5.27,,-1.81,-5.13,-10.74,-7.05,1.91,-0.36,11.75,3.45,-3.23,8.1,,,-2.99,-1.8,,,,,,1,-4,0.01,5.81,-0.62,-1.95,6,,,-1,4,,-3,-4.4,,-17.6,-17.8,,-15,,1.21,0.48,-7.1,-5.2,,-5,-4.15,3,4,-14,-7.29,-6.5,,6.86,21,31,7,-2,-1.27
Illinois,Ohio St.,3.5,10.22,3.56,-0.54,14.59,5.99,1.53,23.26,7,-4.5,13,5.63,9,0.92,21.09,0.45,,5.87,5.48,5.91,3.95,15.09,4.2,10.73,10,6.79,3.42,,,20.67,4.2,,,,,,-1,3.5,2,-1.33,15.12,1.47,-2.5,,,1.8,-1,,3.5,5,,12.7,11.1,,5,,1.85,1.89,0.2,10.15,,2,7.77,-2,1,2.6,9.99,10.3,,6.20,17,7,7,9,-0.23
Iowa,Northwestern,6,14.89,10.11,9.38,9.9,10.46,9.81,18.48,10,18.9,10,9.44,9.5,11.06,31.2,15.06,,10.42,10.08,10.43,9.75,21.63,7.76,6.03,11.25,8.42,5.97,,,12.51,9.81,,,,,,14,7,8,12.65,13.8,0.01,15,,,8.6,6,,7,7.1,,14.6,9.9,,10,,6.39,6.39,9.7,9.05,,9,10.53,8,14,3.4,8.08,10.9,,4.55,31,41,7,7,9.12
Kansas,Oklahoma,-36,-29.62,-45.5,-32.6,-41.98,-29.75,-36.56,-28.86,-31,-43.8,-39,-43.94,-31.5,-30.41,-25.15,-39.36,,-33.19,-30.36,-40.43,-44.45,-35.88,-43.14,-19.93,-29.55,-33.39,-29.56,,,-30.62,-32.6,,,,,,-37,-31.5,-34,-26.65,-21.94,-35.44,-34.5,,,-31.3,-29,,-36,-40.6,,-44.7,-37.2,,-34,,-9.5,-32.74,-42.6,-35.1,,-43,-23.37,-18,-35,-25,-28.57,-37,,7.62,47,17,7,-26,-30.52
Kent,Miami (Ohio),-3.5,2.97,3.03,-3.43,-0.95,1.13,-5.52,5.01,5,-8.8,3,-2.62,1.5,0.95,1.11,2.12,,-1.61,2.72,-2.25,-9.85,1.28,-1.42,-6.72,-1.75,5.12,-10.77,,,8.19,-1.7,,,,,,-4,-5.5,-7,-4.81,3.33,-10.13,2,,,-2.5,-2,,-3.5,-6.1,,-9.2,0.01,,-1,,-0.82,-2.22,-11.1,-1.9,,-6,3.4,-2,-3,-1.7,-0.95,0.8,,4.52,9,3,7,-1,-2.46
Louisiana-Lafaye,North Texas,9,14.14,11.05,5.4,15.81,8.77,8.44,21.16,14,23.7,17,7.97,18,8.54,19.59,10.8,,10.92,11.95,7.94,8.55,20.94,12.98,17.96,5,12.61,10.68,,,18.26,10,,,,,,8,8.5,11,16.7,16.82,4.58,8,,,7.2,10,,9,8.5,,10.4,11.4,,7,,9.7,3.58,4.9,9.85,,8,10.52,5,7,8.8,13.38,17.4,,4.67,10,30,7,13,6.61
Marshall,Rice,5,4.24,6.92,7.15,3.17,5.08,7.65,4.81,8,13.7,2,2.56,5,3.68,5.41,6.21,,5.49,9.59,4.1,5.75,8.16,-0.01,9.63,2.8,5.56,8.69,,,3.1,5.08,,,,,,10,5.5,6,8.75,4,3.69,9,,,1.8,4,,5,7.9,,10.9,3.3,,6,,3.79,10.73,2.6,4.65,,7,5.84,4,4,-3.4,-0.32,12.7,,3.11,20,24,7,4,8.65
Maryland,Clemson,-8,-13.63,-8.36,-4.92,-14.1,-6.95,-12.56,-23.82,-8,-21,-15,-10.1,-15,-7.2,-15.25,-9.6,,-11.59,-14.11,-7.11,-11.35,-18.75,-16.43,-13.99,-19.9,-8.83,-17.77,,,-16.7,-11.35,,,,,,-5,-8,-12,-13.07,-14.84,-7.53,-3.5,,,-8.6,-10,,-8,-15.6,,-16.2,-13.5,,-12,,-5.13,-7.42,-13.8,-13.7,,-7,-7.76,-4,-7,-7.5,-19.03,-9.2,,4.82,56,45,7,-15,-8.88
Memphis,East Carolina,-14,-11.16,-13.56,-18.01,1.63,-14.08,-12.47,-9.22,-5,-9.7,-12,-17.89,-12,-13.47,1.91,-15.9,,-11.92,-9.5,-14.7,-15.65,-11.34,-22.41,-9.7,-9.3,-11.93,-10.14,,,-12.99,-12,,,,,,-12,-16.5,-15,-16.11,-4.34,-15.9,-12,,,-14.3,-17,,-14,-9.1,,-8.9,-10.3,,-10,,-8.13,-16.56,-22.1,-16.25,,-15,-3.89,-10,-11,-10.5,-12.29,-6.9,,4.81,35,17,7,-10,-17.21
Michigan St.,Michigan,2.5,-5.86,-4.34,-0.88,-1.23,-6.11,-2.66,-9.03,1,6,-5,-8.39,-3.5,-1.89,-13.95,-2.54,,-2.7,-8.23,-8.19,-5.25,-7.34,-3.31,0.81,2,-3.73,-0.01,,,-12.37,-2.9,,,,,,3,3,0.01,4.76,-4.25,1.79,7,,,0.5,4,,1.5,-5.6,,7,-6,,1,,3.52,-6.38,-2.9,-9.95,,-3,-7.5,2,-1,-3.7,-10.93,-7.3,,4.80,14,28,7,-1,2.52
Mississippi,Alabama,-27,-32.5,-36.05,-24.7,-35.31,-23.94,-29.35,-34.21,-24,-38.4,-26,-33,-25.5,-31.18,-30.98,-27.21,,-28.57,-32.6,-34.34,-30.45,-31.5,-31.09,-25.13,-25.95,-28.72,-20.3,,,-32.95,-28.3,,,,,,-28,-23,-26,-25,-23.88,-28.3,-25,,,-26.5,-27,,-27,-31.8,,-38.6,-31.6,,-29,,-11.6,-28.03,-36.5,-27.65,,-29,-29.21,-20,-21,-25,-34.3,-42.2,,5.18,52,7,7,-28,-23.03
Mississippi St.,South Carolina,-3,-6.8,-3.36,-5.24,-6.32,-6.11,-1.88,-8.91,1,-3.3,-7,-2.47,-7,-4.32,-17.25,-5.93,,-4.99,-2.28,-8.07,-7.15,-10.88,0.01,-3.8,-5.5,-2.15,-2.46,,,-12.2,-4,,,,,,0.01,-5,-4,-3.61,-9.42,-0.34,-2.5,,,-2.9,-2,,-3,-4.3,,-12.3,-6.1,,-4,,-3.93,-1.75,-2.5,-11.95,,-4,-3.43,-4,-3,-11.9,-12.17,4.5,,3.73,14,12,7,-6,-2
Missouri,Iowa St.,15.5,11.63,16.99,19.7,18.24,14.07,14.35,4.77,14,7.4,11,23.51,11.5,18.9,-2.23,18.66,,15.33,11.02,18.29,24.15,10.78,23.45,6.48,19.2,12.42,16.27,,,2.14,16,,,,,,21,16,16,4,7.64,27.31,17,,,15.7,18,,15.5,23.2,,32.9,23.8,,16,,0.6,22.31,19,7.65,,22,10.47,12,17,15.8,2.96,22.1,,7.17,17,52,7,6,17.73
Nevada,New Mexico,30,32.18,41.68,28.3,27,22.54,35.38,34.08,47,41.8,29,33.5,28,31,29.43,36.87,,31.44,33.5,29.62,35.75,36.84,28.04,40.67,19.75,37.39,30.03,,,29.75,31,,,,,,40,29,29,29.21,25.21,29.94,40,,,27.1,31,,30,36.6,,44.6,29,,40,,14.22,35.5,32.2,27.95,,42,26.73,23,35,14.5,26.95,32.5,,7.24,7,49,7,17,29.07
New Mexico St.,Idaho,1,1.85,5.97,-2.42,9.62,1.22,-0.57,3.43,12,9.2,6,2.46,3.5,0.29,5.77,0.42,,2.67,12.94,0.91,0.45,6.59,-1.15,1.25,-1.25,11.23,2.21,,,8.35,1.6,,,,,,-4,1,0.01,5.84,6.26,-0.69,-8.5,,,-1.8,-1,,1,1.6,,14.2,6.7,,3,,2.48,-4.28,0.5,0.3,,-5,4.56,-3,-1,2.4,7.58,2.7,,4.80,24,31,7,4,0.92
North Carolina,Miami (Fla.),3,8.71,-2.74,-1.84,12.24,2.3,-0.01,14.95,4,5,10,-0.91,10,2.48,14.1,-2.28,,3.2,1.41,2.18,0.55,11.31,0.13,6.7,1.5,3.27,6.08,,,15.58,2.1,,,,,,2,2,3,3.95,12.97,1.22,-1,,,2.1,-1,,3,0.2,,0.9,3.1,,4,,2.9,-2.03,-5.3,5.05,,-1,3.55,-2,4,1.5,13.42,8.3,,5.13,30,24,7,5,-1.62
Northern Ill.,Western Mich.,-1,-5.64,-9.62,1.43,-9.41,-2.69,1.21,-9.35,-4,0.5,-9,-6.36,-4,-1.84,-14.78,2.01,,-3.81,-10.6,-6.5,-2.45,-15,0.88,1.44,-2.5,-6.01,-1.98,,,-10.43,-3,,,,,,2,-1,-5,2.12,-8.38,-2.05,10,,,-3,3,,-1,-4.8,,-2.3,-10.1,,-7,,3.74,0.45,-6.1,-12.1,,1,-6.57,4,-3,-13.5,-10.11,-7.3,,5.22,22,51,7,-3,3.88
Ohio,Ball St.,14,9.69,15.65,12.87,20.14,8.88,6.04,4.59,16,6.5,11,8.08,11.5,14.96,0.62,15.54,,10.53,10.95,12,7.95,8.16,8.23,3.86,7.2,14.4,9.71,,,6.02,10,,,,,,16,14,7,3.47,8.34,11.98,14.5,,,11.6,6,,13.5,6.7,,19.2,24.5,,12,,0.45,11.76,10.4,4.75,,9,9.08,10,10,14.8,5.62,21.6,,4.69,23,20,7,13,14.78
Oregon,Arizona St.,14.5,7.75,17.69,14.05,4.19,9.52,11.57,3.51,16,25.8,8,13.49,9,12.9,3.61,18.15,,11.94,14.3,11.99,13.85,6.94,17.68,7.57,8,14.85,10.93,,,3.22,12.67,,,,,,17,15,12,17.21,4.37,12.67,19.5,,,14.3,16,,14.5,11.6,,16,12.4,,22,,8.61,15.64,14.3,5.3,,21,10.35,10,14,4.8,8.15,15.5,,5.08,27,41,7,7,14.47
Oregon St.,BYU,3,-4.19,7.27,3.48,-8.32,-2.46,3.84,-9,-5,2.4,-6,3.42,-6,0.83,-19.26,9.83,,-0.55,-0.12,-0.5,7.55,-7.56,-2.01,-4.07,-3.1,8.05,2.06,,,-13.96,-0.16,,,,,,3,1,-2,1.12,-8.16,-4.35,5,,,2,0.01,,3,0.7,,10.6,4.9,,-2,,-0.16,-2.32,6.6,-6.85,,4,-2.2,2,-1,-5.6,-15.51,2.7,,6.37,38,28,7,-6,7.29
Penn St.,Purdue,12,23.63,27.72,11.97,15.47,14.61,11.67,27.64,20,26.8,14,20.06,15.5,19.76,30.25,16.31,,16.67,20.4,19.79,9.05,35.34,13.85,21.3,21,20.76,14.77,,,23.88,15.47,,,,,,12,13,11,17.89,22.94,10.32,14,,,9.6,16,,12.5,10.5,,18.8,10.4,,15,,8.97,11.97,13.7,14.45,,14,19.17,10,21,8.2,20.19,30.9,,5.58,18,23,7,11,12.58
Pittsburgh,Utah,6,1.31,9.65,0.4,4.07,6.28,4.34,0.16,14,-3.3,3,0.2,2.5,2.54,4.7,0.58,,4.05,10.76,5.67,-3.35,2.91,13.4,-0.9,4.5,8.19,1.08,,,7.88,3.3,,,,,,4,6.5,2,-2.27,5.46,0.35,3,,,9.5,1,,5.5,3,,4,2.4,,4,,-1.24,1.96,1.3,3.3,,7,7.13,3,8,4.5,9.82,15.3,,3.90,26,14,7,7,0.9
Rutgers,Navy,3.5,12.31,22.58,3.24,20.78,8.96,7.33,15.27,19,11.3,20,9.46,11.5,8.96,23.93,4.2,,10.48,20.31,14.61,6.45,22.34,-1.65,6.99,7.2,21.84,8.69,,,21.17,9,,,,,,8,2,9,7.57,18.85,5.59,-2.5,,,2.3,2,,4.5,11.8,,2.6,13.8,,9,,3.84,9.94,5.9,12.8,,9,15.09,3,4,11.3,15.39,19.5,,6.49,20,21,7,8,5.3
SMU,Central Florida,3.5,8.89,7.56,-3.88,0.2,6.1,-0.55,12.5,13,-3.8,4,5.69,3.5,4.79,20.13,-0.89,,4.98,16.81,8.23,3.35,13.41,-3.46,6.34,6.5,10.23,10.16,,,13.48,4,,,,,,-3,2.5,7,-0.17,11.17,3.37,-2.5,,,1.3,4,,3.5,3.5,,9.4,-4.5,,13,,3.47,3.78,8.4,6.35,,4,11,-1,-7,0.8,10.98,9.8,,5.91,17,38,7,4,3.47
San Jose St.,Hawaii,-5.5,-4.43,-7.92,-13.29,-11.39,-10.45,-9.59,-0.83,-4,-21,-4,-8.18,-7.5,-8.41,6.79,-15.75,,-7.37,-3.56,-5.88,-6.05,-8.91,-9.83,-15.87,-0.25,-2.43,-10.48,,,-3.44,-7.5,,,,,,-12,-6.5,-7,-13.76,-3.81,-5.6,-13,,,-6.6,-8,,-5.5,-8.6,,-10.8,-12.7,,1,,-6.52,-5.01,-5.3,-7.65,,-11,-0.45,-6,-8,-11.1,-4.3,-3.3,,4.80,27,28,7,-8,-7.23
Temple,Buffalo,21,18.59,28.08,24,24.52,16.54,24.33,14.34,24,31,17,23.49,16,24.32,16.61,28.75,,21.86,16.9,23.94,31.45,31.16,25.66,26.09,16.3,24.34,20.67,,,20.32,23.1,,,,,,24,20,21,21.57,23.1,23.79,23.5,,,19.1,17,,21,27,,28.9,26.1,,24,,12.14,23.09,23.8,13.9,,28,15.77,15,25,17.2,18.71,17.3,,4.70,0,34,7,18,21.92
Tennessee,LSU,-17,-19.03,-11.47,-13.32,-17.28,-6.96,-16.98,-23.64,-12,-25.5,-18,-8.93,-21,-13.09,-20.7,-19.71,,-15.51,-20.74,-9.63,-19.25,-13.84,-15.72,-23.42,-18.5,-13.79,-12.41,,,-16.93,-15.72,,,,,,-12,-15,-14,-17.5,-9.5,-19.09,-15,,,-19.5,-9,,-17,-19.3,,-7.5,-9.7,,-15,,-9.51,-12.47,-21,-15.75,,-14,-17.87,-10,-14,-13.5,-19.53,-22.9,,4.47,38,7,7,-13,-13.68
Texas,Oklahoma St.,-7,-3.07,-9.42,-9.87,-4.93,-4.7,-9.59,-5.62,-6,-11.2,-5,-6,-3.5,-1.86,-10.41,-8.3,,-6.56,-8.51,-10.58,-10.55,-3.94,-4.58,-8.79,-5.5,-5.81,-8.2,,,-4.19,-6,,,,,,-7,-5.5,-4,-5.59,-0.92,-10.49,-12.5,,,-4.6,-4,,-7,-11.3,,-4.5,-9.3,,-9,,0.01,-10.02,-11.4,-9.5,,-10,-6.07,-1,-7,-0.6,-15.65,-15.3,,3.49,38,26,7,-4,-4.08
Texas A&M,Baylor,9,7.81,6.98,7.3,2.09,7.2,9.36,5.85,6,6.2,9,5.91,8,9.82,3.47,9.06,,6.83,7.03,7.24,4.25,7.38,2.48,3.78,9.5,5.53,10.65,,,1.14,7.2,,,,,,10,9.5,7,4.32,4.39,15.1,14.5,,,7.9,11,,9,9.5,,-2.4,0.2,,11,,2.45,9.06,16.9,-0.65,,7,8.47,8,10,2.5,6.75,10.3,,4.05,28,55,7,-1,11.91
Texas Tech,Kansas St.,3.5,-0.49,-7.06,1.17,1.06,0.97,0.35,-8.54,1,3.4,-0.25,2.52,2.5,5.16,-13.14,-4.23,,0.4,-1.24,2.67,-1.85,-3.66,-1.78,-1.48,-8,-2.39,-4.1,,,-5.57,1,,,,,,6,3.5,-1,2.96,-2.24,8.82,1,,,4.9,10,,3,-0.4,,10,8.6,,7,,2.53,1.48,2.8,-6.45,,1,2.24,2,1,-6,-2.77,-0.7,,4.89,41,34,7,2,8.21
Troy St.,Louisiana-Monroe,9,13.51,4.96,9.26,5.67,8.6,7.43,18.24,7,10.2,10,7.29,12.5,8.97,19.18,13.18,,8.08,3.24,7.54,6.15,16.06,12.21,16.71,9.1,7.79,5.66,,,15.71,7.79,,,,,,10,10.5,5,9.02,11.42,5.17,12.5,,,7.1,5,,9,1.5,,1.7,4.9,,6,,7.84,8.87,-0.9,3,,4,2.09,10,10,0.2,4.13,21.8,,4.35,38,10,7,9,9.88
Tulane,UTEP,1.5,-9.49,-5.4,-2.25,5.62,-5.86,-0.65,-11.86,-7,1.8,-1,-8.79,-4,-7.19,-12.06,-2.94,,-3.33,-5.96,-7.33,-1.95,-7.16,-2.28,-0.93,-4.3,-5.52,-0.66,,,-9.11,-2.94,,,,,,-6,1,0.01,1.85,-4.7,1.07,-2.5,,,0.6,4,,0.5,0.9,,-0.3,-2,,-8,,1.9,-2.69,0.5,-9.5,,-6,-5.56,-2,-3,-11.1,-8.94,-3.8,,4.20,44,7,7,1,3.22
Tulsa,UAB,21.5,33.64,35.76,19.21,23.5,21.4,22.23,38.97,24,22.7,26,39.5,23,29.35,34.22,25.71,,24.96,26.15,33.09,25.05,35.5,29.45,27.16,21.5,31.8,20.35,,,32.57,24,,,,,,19,21,19,17.87,26.46,20.6,22,,,20.4,23,,21.5,24.6,,30.6,21.5,,26,,13.04,25.14,20.2,20.8,,24,24.91,17,24,22,26.54,18.6,,5.75,20,37,7,18,17.26
Vanderbilt,Georgia,-11,-8.79,-9.01,-15.01,-8.92,-7.61,-12.11,-3.68,-5,-12.2,-5,-12.4,-9,-15.24,-0.13,-12.66,,-10,-7.68,-11.67,-12.55,-13.91,-12.57,-2.52,-18.65,-7.48,-9.83,,,-5,-9.83,,,,,,-17,-13,-10,-6.94,-6.65,-10.32,-16.5,,,-9.5,-9,,-11,-6.9,,-22.8,-10.8,,-15,,-1.67,-15.82,-7.6,-10.65,,-11,-6.6,-12,-14,-9.7,-14.14,-9,,4.47,33,28,7,-6,-12.95
Virginia,Georgia Tech,-7,-13.88,-15.97,-11.77,-9.15,-11.83,-12.62,-23.41,-12,-17,-13,-12.42,-15,-7.45,-28.81,-9.1,,-12.48,-15.61,-14.87,-13.35,-27.41,-9.81,-17.86,-17.15,-15.24,-9.29,,,-16.18,-12,,,,,,-12,-8.5,-11,-12.37,-15.93,-3.04,-9,,,-8.5,-11,,-8,-9.9,,-11.9,-13.1,,-11,,-7.75,-2.59,-10.6,-14.8,,-11,-11.19,-7,-14,-12.2,-22.19,-6.1,,4.51,21,24,7,-11,-10.23
Wake Forest,Virginia Tech,-6.5,-8.62,5.01,-5.82,-2.06,-5.31,-2.53,-11.79,4,-2.1,-3,-4.08,-7.5,-5.72,-13.29,-5.77,,-4.6,1.44,-4.06,-4.55,-8.5,-11.24,-5.53,-13.5,2.24,2.26,,,-4.78,-5,,,,,,-6,-7,-3,-3.87,-4.11,-6.94,-18,,,-5.7,-9,,-6.5,4.3,,-0.3,-2,,-3,,-5.64,-8.75,-2.7,-5.85,,-5,-1.48,-8,-7,-8.6,-2.5,6.9,,4.50,38,17,7,-5,-7.11
Washington,Colorado,15.5,18.62,17.38,17.13,25.95,14.4,19.07,23.55,17,24.9,22,14.94,19,13.78,24.99,15.47,,17.92,19.8,15.41,21.05,33.22,23.27,25.07,21,17.47,18.79,,,27.49,17.2,,,,,,14,16.5,21,18.92,25.27,14.14,8,,,11.3,10,,15.5,19.7,,15.6,16,,14,,12.93,14.54,20,17.2,,14,15.42,9,14,18.7,21.28,15.5,,4.47,24,52,7,15,15.2
Washington St.,Stanford,-21,-20.37,-22.07,-21.21,-16.92,-16.88,-30.78,-20.23,-15,-35.8,-22,-20.99,-20,-21.8,-28.19,-30.78,,-22.04,-24.69,-24.56,-26.75,-28.94,-25.59,-21.76,-25.45,-16.74,-19.85,,,-24.23,-21.76,,,,,,-29,-20,-22,-22.75,-17.93,-17.73,-30,,,-18.9,-21,,-21,-25.6,,-18.2,-16.9,,-23,,-9.71,-22.79,-23.2,-19.15,,-28,-15.65,-17,-31,-23,-23.01,-24.2,,4.97,44,14,7,-16,-20.25
Wisconsin,Indiana,40,40.13,44.69,38.94,34.73,34.13,40.08,43.82,43,64,30,46.12,29.5,36.5,47.26,34.98,,38.76,48.22,42.3,48.25,52.59,44.91,40.36,32.9,41.36,39.61,,,38.3,39.61,,,,,,43,38,36,42.21,36.81,33.22,37,,,33.4,32,,40,42.6,,52.6,41.1,,46,,20.42,32.08,47.5,32.7,,46,34.17,23,31,24,36.35,47.1,,7.68,7,59,7,35,40.93
Wyoming,UNLV,10.5,10.37,-5.34,6.56,18.64,17.62,2.69,10.38,2,-2.7,17,10.96,11.5,10.4,0.72,8.95,,8.2,-4.4,11.85,6.25,6.47,7.76,7.46,6.25,-8.19,10.94,,,16.82,8.5,,,,,,11,13,7,0.41,9.85,13.66,6,,,10.6,7,,10.5,8,,18.2,16.9,,9,,3.52,14.74,8.5,6.3,,9,7.23,4,14,9.6,13.01,-6.1,,6.03,14,41,7,14,6.95
Akron,Ohio,-14.5,-15.51,-18.99,-12.86,-18.87,-14,-10.42,-12.83,-12,-19.3,-13,-19.06,-13.5,-18.34,-20.23,-19.13,-21.69,-14.45,-13.17,-19.63,-12.75,-14.78,-19.09,-11.72,-10,-15.65,-13.38,-8.87,-14.93,-14.28,-14.28,-9.25,,-8.38,-8.17,-17.4,-13,-15,-10,-15.49,-9.35,-14.27,11,,-21.37,-18.1,-10,,-14.5,-8.7,,-14.8,-20.8,-14.75,-11,-4.6,-7.98,-15,-14.4,-14.35,,-12,-11.61,-9,-15,-20,-27.97,-21.9,-18,5.44,37,20,8,-17,-14.24
Alabama,Tennessee,29.5,32.87,26.1,24.34,29.78,16.89,29.47,39.26,28,33.4,28,24.39,27.5,26.83,28.08,26.48,25.52,27.1,30.89,23.15,31.15,24.88,30.06,26.63,26,22.11,22.71,25.64,18.88,27.02,26.77,32.58,,23.34,25.62,42.7,29,27.5,26,21.58,19.58,29.47,11,,25.01,26.7,24,,29.5,31.7,,33.7,27.5,16.74,28,20.62,14.57,25.15,35.8,19.9,,33,24.87,21,28,22,29.36,40.3,19,5.32,6,37,8,30,25.66
Arizona,UCLA,4,-8.11,1.15,9.62,-0.49,2.9,4.04,-18.49,-2,9.7,-3,11.84,0.01,3.17,-0.82,6.14,9.89,0.82,-3.69,2.3,5.95,-9.34,7.55,3.07,2.85,,2.86,-12.26,-0.35,-6.6,2.2,-17.41,,-10.47,-8.71,-18.3,10,4,3,7.13,-5.78,6.38,2.5,,2.16,10.6,5,,4,1.4,,2.6,2,-11.53,2,-10.39,4.55,7.31,2.2,-4.55,,7,0.01,7,11,-3.8,-18.01,0.3,-5,7.64,12,48,8,-3,6.61
Arkansas St.,Florida Intl.,3,5.35,4.57,2.05,2.54,2.22,0.2,6.97,6,-13.8,2,7.81,2.5,3.77,7.04,-0.24,7.62,2.5,1.59,3.44,3.65,2.19,0.5,-7.34,2.65,3.41,-1.81,5.23,3.41,1.86,2.61,6.98,,1.33,1.48,-1.4,6,2.5,2,-7.42,2.58,-1.9,26,,1.79,3,3,,3,3.5,,9,5.6,21.08,4,-1.56,-1.03,6.6,3.4,1.75,,9,3.43,3,-3,-2.6,-7.17,3.8,-1,5.11,16,34,8,2,3.22
Ball St.,Central Mich.,2,8.5,10.86,-0.46,7.88,10.25,5.74,10.78,13,2.7,12,7.48,9.5,6.39,10.75,3.4,6.39,8.25,13.71,11.68,11.35,17.06,0.01,9.47,4.5,11.95,9.25,16.19,12.65,16.92,9.13,15.89,,16.64,17.9,31.2,2,1,9,6.38,14.13,3.1,4,,11.14,-2.2,1,,2.5,10.5,,1.7,2.7,17.53,8,2.73,9.55,-1.23,2.4,8.1,,4,11.04,2,10,0.6,18.4,8.9,5,6.15,27,31,8,4,2
Boise St.,Air Force,30,34.38,39.39,25.17,35.53,27.45,28.82,34.56,35,35.4,39,38.49,33.5,34.49,33.03,34.98,39.61,31.78,37.38,33.89,34.25,37,35.21,21.03,29.1,35.42,26.27,31.84,34.1,34.56,33.44,33.38,,28.93,27.36,53.7,32,29.5,28,21.8,27.66,25.68,27,,40.89,29.1,25,,30,32.1,,37.6,35,52.24,37,18.23,12.99,31.03,35.2,25.5,,37,29.5,21,25,23,33.07,35.4,23,6.25,26,37,8,25,33.87
Bowling Green,Temple,-13.5,-13.37,-22.92,-14.13,-16.04,-12.44,-12.9,-10.28,-11,-20.2,-12,-18.87,-10,-18.82,-9.05,-25.78,-19.52,-13.73,-7.98,-17.64,-20.55,-24.03,-16.12,-6.29,-5.5,-16.5,-11.48,-10.74,-12.43,-13.15,-12.97,-9.5,,-10.05,-9.99,-22.7,-11,-12.5,-13,-9.27,-14.69,-12.93,-5.5,,-22.03,-11.4,-12,,-13.5,-13.6,,-24.6,-17.7,-51.49,-12,-18.66,-2.54,-12.41,-15,-13.55,,-15,-8.28,-9,-24,-16.1,-20.49,-8.6,-13,5.24,10,13,8,-14,-9.99
Buffalo,Northern Ill.,-14,-5.95,-8.86,-15.86,-9.75,-7.48,-22.78,-1.74,-7,-11.7,-8,-10.08,-9,-10.45,-1.3,-16.07,-15.25,-11.24,-7.55,-10.15,-18.25,-13.09,-17.11,-13.14,-10.25,-8.68,-11.56,-2.76,-8.44,-8.72,-10.49,-3.36,,-5.86,-6.34,-12.3,-18,-12,-14,-9.29,-8.89,-12.96,-14.5,,-11.12,-13.5,-13,,-14,-21.3,,-20.6,-9.3,2.93,-14,-1.86,-4.48,-16.24,-16.1,-10.4,,-18,-6.71,-10,-17,-15.2,-15.07,-7,-14,5.07,31,30,8,-14,-15.56
California,Utah,1.5,-3.04,-8.46,-1.93,1.57,-0.43,-5.27,-1.45,3,-10.4,-1,-5.46,-1.5,-4.81,-4.3,-6.56,-3.93,-2.61,-5.46,-5.92,-5.55,-7.34,3.82,-2.82,-9.25,-2.81,3.05,-2.51,0.31,-0.97,-2.66,-0.57,,0.71,1.13,-2.5,1,1,-3,-2.3,-2.13,-3.67,17,,-7.93,2.9,0.01,,1,-5.8,,0.6,1.4,-11.2,-3,-4.86,1.8,-4.21,-1.7,-3.35,,-8,-2.88,-2,-10,-6.9,-2.72,-1.3,-4,4.28,10,34,8,2,0.14
Clemson,North Carolina,10.5,18.27,15.64,12.63,9.26,10.73,16.04,33.29,16,21.5,14,12.4,15,11.14,23.52,11.49,12.71,14.47,20.07,10.71,13.55,17.63,16.53,17.5,18,14.57,15.55,19.56,8.26,14.93,14.16,24.08,,16.15,14.32,23,10,11,15,12.8,13.7,12.24,10.5,,15.37,7.8,12,,11,16.4,,20.6,12.1,0.27,13,19.15,6.99,9,19.5,10.6,,14,16.23,7,10,4.3,12.79,17.9,5,4.85,38,59,8,12,11.87
Colorado,Oregon,-31,-29.28,-33.59,-28,-31.55,-24.45,-28.11,-30.2,-23,-42.6,-32,-38.16,-30,-28.86,-33.98,-32.27,-37.22,-29.34,-29.26,-33.87,-34.05,-41.19,-33.88,-25.09,-26.65,-28.68,-22.79,-26.77,-29.1,-30.42,-29.27,-24.1,,-25.15,-24.54,-49.9,-28,-32.5,-28,-26.06,-27.25,-21.77,-25,,-37.29,-33,-23,,-31,-30.5,,-30.1,-32.6,-14.57,-31,-16.34,-11.31,-30.97,-28.8,-29.5,,-29,-24.56,-15,-32,-25,-36.81,-30.4,-31,5.89,45,2,8,-29,-30.01
Duke,Wake Forest,-3.5,-5.68,-1.41,-2.53,-7.05,-2.95,-0.01,-5.94,-4,-10.9,-7,-9.11,-6,-5.44,-0.3,-0.69,-4.27,-3.89,0.44,-5.31,-1.15,-11.41,-2.51,-3.74,1.2,1.54,-8.72,-6.39,-5.87,-5.77,-4.05,-5.9,,-6.07,-4.1,-14,-2,-3,-5,-2.15,-5.11,-3.11,2.5,,0.96,-2.3,0.01,,-3.5,-1.5,,-3.5,-9.7,-3.9,-1,-1.11,2.7,0.7,-3.6,-7.45,,-6,-3.21,2,4,-8.4,-14.52,-4.4,-9,3.91,24,23,8,-5,-4.69
Eastern Mich.,Western Mich.,-12,-5.33,-12.9,-14.96,-7.91,-10.64,-15.91,2.29,-7,-22.8,-4,-14.55,-4.5,-12.85,-4.56,-18.02,-17.88,-9.98,-9.02,-14.44,-18.85,-11.38,-9.53,-3.55,-8.4,-7.19,-10.35,1.79,-12.3,-3.17,-9.94,3.5,,1.26,3.54,0.9,-20,-16.5,-11,-13.2,-4.87,-11.52,-31,,-13.4,-13.6,-11,,-12,-13.9,,-7.7,-8.6,-27.39,-12,0.75,-4.41,-17.03,-19.4,-9.2,,-19,-7.48,-13,-25,-8,-15.73,-12,-8,7.12,10,14,8,-7,-14.56
Florida Atlantic,Middle Tenn.,-6,-6.18,1.56,-6.69,-6.09,-1.74,-6.64,-8.47,5,-6.5,-6,0.01,-3,-4.89,0.53,-1.81,1.63,-2.56,1.25,-3.51,-5.35,0.72,-11.33,-0.33,-3,3.94,-0.65,5.94,-2.88,-0.64,-2.94,0.4,,2.73,1.67,9,-5,-6,-4,-1.38,1.76,-0.49,-17,,1.82,-3.8,-4,,-5.5,-6.3,,-3,1.2,-23.01,-1,-0.2,0.74,-3.76,-2.6,-2.8,,-3,-1.97,-3,-7,-18.1,-10.86,-2.1,-8,4.92,38,14,8,-9,-5.14
Florida St.,Maryland,18,6.52,13.12,11.18,18.51,6.72,13.86,3.18,17,14,14,9.83,11.5,11.5,0.44,14.82,12.69,12.26,12.27,6.8,12.55,10.97,15.85,7.61,18.75,14.23,17.21,-0.01,13.97,4.81,12.91,8.17,,8.11,8.44,11.6,16,16,11,9.23,10.39,17.84,15.5,,15.29,14.6,18,,17,20.1,,22.3,20.1,13.88,16,3.11,5.75,18.36,19.3,4.8,,15,7.45,10,14,3.7,6.77,15.5,10,5.14,16,41,8,14,14.65
Hawaii,New Mexico St.,21,12.48,17.39,22.03,10.01,18.68,18.87,8.74,17,13.9,11,13.33,13.5,16.7,2.56,23.82,24.37,14.61,13.81,13.44,20.45,13.31,24.34,18.35,11.8,13.59,13.27,4.57,11.96,9.13,13.91,6.76,,6.09,4.47,9.1,26,22,14,18.38,10.33,11.62,4.5,,14.76,20.2,18,,20,18.8,,20.5,16.1,2.93,18,-1.56,14.27,21.07,,7.05,,23,11.05,14,22,9.2,3.06,17.9,6,5.93,34,45,8,13,21.43
Houston,Marshall,23.5,22.57,23.46,18.65,23.58,15.41,12.95,23.39,25,1.7,22,23.16,18,22.24,12.11,23.02,24.56,19.38,15.52,21.6,21.55,24.16,22.11,10.19,19.75,21.53,18.96,18.24,21.57,20.52,20,19.29,,21.6,20.06,32.2,20,16,15,5.27,21.97,15.91,21.5,,24.36,14.9,20,,23,13.7,,38.9,28.2,26.84,24,4.12,8.04,19.66,19.7,14,,20,12.35,10,18,15,17.16,16.7,22,5.75,28,63,8,23,21.06
Iowa,Indiana,23.5,19.84,20.8,20.14,19.06,13.14,21.07,21.51,22,40.1,22,15.12,20,18.21,24.43,24.3,23.08,20.3,16.79,15.23,19.65,30.97,21.62,28.4,17.4,18.8,22.37,17.37,16.56,19.46,19.92,21.64,,19.5,20.98,31.4,24,21.5,22,26.21,22.11,17.59,14.5,,19.46,22,19,,22.5,18.1,,20.1,16.9,31.28,19,7.93,12.21,17.09,28.4,14.85,,23,14.81,14,24,14.8,22.05,17.8,15,4.56,24,45,8,20,21.87
Iowa St.,Texas A&M,-20.5,-16.29,-26.02,-17.89,-23.23,-20.1,-20.59,-10.99,-14,-20.2,-18,-27.53,-13,-21.18,-9.87,-13.9,-21.61,-18.02,-19.54,-28.79,-23.65,-20.84,-22.57,-6.9,-21.2,-18.41,-18.83,-9.42,-17.17,-15.39,-18.95,-9.12,,-8.24,-8.01,-20.2,-17,-17.5,-21,-6.68,-15.06,-23.72,-16.5,,-26,-19,-18,,-20.5,-24.2,,-20.1,-24.1,-3.06,-27,-10.91,1.93,-19,-25.3,-16.25,,-21,-18.89,-10,-17,-24,-28.2,-20.1,-17,6.12,33,17,8,-17,-19.44
Kansas,Kansas St.,-10.5,-18.06,-22.87,-12.18,-27.87,-12.99,-14.73,-26.08,-18,-25.3,-19,-20.45,-16.5,-14.39,-20.71,-21.71,-20.94,-17.16,-17.95,-17.44,-17.35,-29.53,-9.97,-15.49,-19.5,-18.91,-15,-17.98,-22.99,-20.73,-17.34,-23.13,,-17.32,-18.51,-31.6,-13,-15,-16,-10.93,-18.37,-12.24,11,,-23.08,-11.9,-6,,-11.5,-15.9,,-12.5,-16.3,-9.78,-12,-12.54,-1.45,-11.88,-15.6,-22.65,,-17,-12.74,-8,-18,-18.8,-25.65,-20.9,-17,6.48,59,21,8,-16,-12.37
LSU,Auburn,21,24.42,30.03,22,33,23.73,20.83,16.66,26,24.8,24,28.13,22,29.01,19.35,24.11,26.55,22.01,26.77,29.07,27.25,10.72,27.73,17.54,15,28.05,20.09,12.91,22.71,20.2,22.81,14.94,,12.37,13.78,21.7,19,21,17,17.41,11.85,22.9,13,,31.31,21.1,15,,21,26.8,,27,26.8,20.45,25,-5.11,11.13,25.14,28.6,18,,21,23.51,13,14,23,22.23,30.6,17,5.62,10,45,8,20,23.8
Louisville,Rutgers,2,-10.78,-11.58,-0.17,-14.95,-8.22,0.39,-12.92,-6,-6.9,-10,-11.93,-8.5,-8.57,-9.34,-4.39,-2.72,-7.58,-9.25,-10.17,-2.55,-21.91,-1.36,-7.47,-4.95,-10.1,-1.11,-16.3,-5.72,-15.15,-7.26,-15.14,,-15.78,-16.99,-33.6,1,-2.5,-7,-2.5,-14.48,-1.99,-16,,-12.08,2.1,-2,,0.5,-2.5,,-2.1,-8.8,-13.42,-1,-5.44,-1.5,-7.05,-5.6,-15.2,,-2,-9.35,2,1,-10,-22.23,-7.9,-13,6.74,14,16,8,-6,-1.61
Miami (Fla.),Georgia Tech,3,4.73,4.93,4.32,-3.32,1.59,6.55,4.41,5,3.1,-2,1.31,-2,5.12,12.92,9.42,7.15,2.43,9.41,1.04,4.55,2.66,0.2,2.83,0.5,4.14,-0.92,0.13,-1.56,-1.05,3,-0.27,,-3.84,-5.14,-6,6,3,3,-0.64,-0.55,3.51,2,,4.41,1.2,3,,3,7.7,,-5.1,-4,21.67,2,2.2,-0.38,9.48,8.9,-1.65,,8,6.1,5,1,5,-16.84,7.5,-9,5.01,7,24,8,-5,2.87
Michigan St.,Wisconsin,-7,-13.25,-11.41,-11.86,-1.36,-11.76,-12.87,-17.63,-4,-16.7,-1,-15.94,-2,-8.27,-15.57,-5.63,-16.74,-8.76,-18.26,-14.35,-19.85,-4.53,-18.63,-2.4,-3.75,-7.54,-7.66,-0.01,-13.19,-5.52,-8.34,-0.23,,-2.23,0.52,-0.8,-16,-7,-4,-9.43,-0.52,-5.3,1.5,,-13.14,-8.4,-2,,-7,-13.6,,-6.5,-13,-37.01,-7,-8.78,-1.66,-6.25,-7.5,-11.05,,-13,-15.09,-4,-14,-1.6,-12.63,-23,-15,5.89,31,37,8,-8,-9.15
Minnesota,Nebraska,-24.5,-29.23,-27.13,-24.14,-22.48,-23.63,-20.5,-33.57,-28,-33.8,-27,-32.16,-22.5,-25.73,-26.21,-27.97,-32.18,-26.2,-25.01,-28.96,-26.75,-42.5,-31.99,-30.18,-23,-22.21,-27.48,-27.78,-29.6,-32.15,-25.57,-30.37,,-27.66,-26.2,-56.9,-23,-26.5,-24,-22.85,-28.28,-24.21,-3,,-27.2,-20.6,-19,,-24.5,-22.7,,-29.1,-25.4,-7.98,-23,-24.79,-11.9,-23.53,-22.9,-29.45,,-24,-23.93,-13,-24,-24,-35.24,-17.9,-27,6.78,41,14,8,-24,-21.35
Mississippi,Arkansas,-16,-21.93,-19.2,-16.02,-20.62,-11.63,-18.9,-29.32,-12,-23.2,-18,-21.2,-15,-18.18,-30.37,-13.4,-22.59,-18.36,-16.75,-17.62,-16.75,-27.97,-18.31,-19.07,-22,-14.45,-15.83,-19.28,-16.77,-18.39,-18,-22.02,,-14.04,-14.16,-27.7,-17,-14.5,-18,-15.02,-19.6,-19.61,-11.5,,-17.18,-14.4,-18,,-16,-17.7,,-25,-20.5,2.33,-20,-25.89,-7.94,-15.9,-22.6,-17.9,,-17,-18.7,-10,-18,-20.6,-23.47,-23.8,-18,4.26,29,24,8,-20,-17.9
Missouri,Oklahoma St.,-7,-11.16,-7.82,-3.72,-7.25,-5.35,-7.19,-24.29,-6,-21.4,-15,-10.98,-12.5,-1.45,-23,-2.21,-3.49,-8.94,-10.7,-6.73,-2.05,-11.13,-4.83,-13.48,-8.75,-7.5,-3.71,-17.94,-4.66,-17.84,-7.23,-23.16,,-16.76,-18.3,-40,-2,-7.5,-5,-13.85,-7.44,0.88,7,,-7.86,-10,-5,,-7,-7.2,,3.6,-1.1,-8.8,-7,-16.76,-5.81,-3.86,-6.9,-8.9,,-4,-7.8,1,-7,0.01,-26.44,-3.9,-13,8.13,45,24,8,-12,-5.25
Navy,East Carolina,11.5,10.6,19.6,14.64,8.63,12.04,13.66,3.57,16,8.6,8,13.47,7.5,18.51,6.8,16.35,14.7,10.98,14.51,16.5,20.75,9.66,6.14,10.63,6.1,15.1,11.43,0.9,10.79,5.31,11.61,0.9,,0.01,1,-1.5,15,10,14,6.83,8.17,12.97,-4.5,,20.23,8.3,8,,11.5,16.2,,13.4,14.2,2.51,11,-4.65,4.76,11.97,11.8,8.1,,19,12,11,14,23,3.45,19.5,6,5.94,38,35,8,5,10.98
Nevada,Fresno St.,11,14.44,15.88,10.31,16.27,8.85,14.05,13.93,16,21.6,12,13.41,11,15.16,12.95,13.43,15.21,13.33,15.14,14.02,15.05,19.94,20.88,17.57,9.3,13.71,7.71,10.33,10.46,11.45,13.63,13.54,,8.88,9.25,12.6,18,10,11,12.92,13.92,15.13,4,,14.04,9.7,16,,11,13.2,,24.5,17.5,14.22,20,12.88,4.54,15.49,17.4,7.8,,20,10.98,11,14,9.5,3.56,13.1,6,4.18,38,45,8,8,14.11
North Texas,Louisiana-Monroe,-6,-0.69,-4.39,-5.62,-8.93,2.05,-5.27,2.68,1,2.2,-1,-1.86,-1,-4.11,1.27,-2.33,-4.05,-2.28,-1.36,-1.4,-4.65,-0.13,3.59,1.4,-1.8,-0.62,-2.31,9.86,-3.55,4.77,-2.91,3.46,,5.81,4.91,11.2,-3,-3,-4,1.22,1.8,-7.62,5,,-3.17,-7.2,-9,,-5.5,-9.5,,-18,-8.2,-5.44,-7,4.18,1.04,-3.84,-7.6,-3.25,,-8,-1.57,1,-3,-7,1.83,-3.1,-3,5.11,21,38,8,-6,-7.2
Northwestern,Penn St.,-4.5,-19.14,-10.85,-3.41,-10.48,-10.3,-4.22,-26.82,-4,-13.6,-13,-14.88,-12.5,-11.95,-30.9,-6.79,-11.39,-10.76,-6.94,-13.61,-5.25,-29.53,-5.9,-4.74,-11.2,-6.89,-0.97,-25.84,-11.32,-22.68,-10.03,-22.34,,-19.07,-21.14,-41.4,-3,-3,-6,-6.46,-19.19,0.23,-33,,-8.58,-2.7,-5,,-5,-2.2,,-10.8,-8.9,-11.36,-6,-34.38,-1.51,-5.73,-4.2,-14.45,,-2,-10.07,-4,-7,-15.7,-25.2,-11.1,-11,8.86,34,24,8,-10,-4.35
Notre Dame,USC,9,3.06,14.53,6.34,10.26,12.6,11.08,-3.38,11,-1.6,7,9.84,1.5,11.77,9.92,3.17,6.32,7.15,8.7,13.87,9.75,0.88,15.78,4.4,11.25,9.81,5.33,-1.35,10.66,2.04,7.78,-0.83,,-1.32,-0.01,-4.3,8,8.5,7,-0.49,4.35,10.61,6.5,,13.05,8.8,6,,9,10.8,,11.9,10.2,-18.74,15,-0.98,-0.98,15.13,14.7,3.85,,13,7.56,6,7,14.5,0.8,16.5,1,5.22,31,17,8,4,5.13
Oklahoma,Texas Tech,29,24.24,28.25,26.25,23.49,20.45,26.52,25.47,26,28.9,31,26.54,28.5,23.01,24.98,25.74,28.43,24.59,23.02,22.82,30.25,19.91,30.65,18,26.75,23.52,24.49,19.33,23.18,22.47,24.37,22.62,,19.22,20.74,42,26,25.5,23,18.76,15.86,22.11,25,,27,29.8,22,,28,34.3,,28.5,20.4,14.39,23,8.37,11.52,25,32.6,20.6,,36,17.93,15,24,19.4,22.62,25.4,16,5.14,41,38,8,21,27.32
Purdue,Illinois,-4,-11.4,-8.35,-5.07,-9.2,-7.64,-5.64,-15.91,-5,-19.9,-9,-12.24,-9,-6.53,-18.95,-11.12,-13.55,-9.27,-4.51,-10.23,-5.25,-23.63,-10.89,-18.25,-16.4,-8.43,-11.65,-16.64,-8.18,-16.01,-8.27,-14.29,,-13.76,-14.73,-31,-5,-6,-4,-11.43,-14.21,-2.48,-1,,-9.87,-4.9,-7,,-4.5,-3.8,,-4.1,-4.6,-16.65,-4,-10.14,-3.26,-6.42,-2.4,-12.75,,-5,-5.09,-2,-7,-3.5,-20.94,1.1,-9,5.85,14,21,8,-9,-4.07
Rice,Tulsa,-10.5,-9.96,-10.41,-8.96,-2.99,-7.5,-13.77,-12.34,-5,-14.1,-7,-10.92,-9,-7.78,-6.11,-14.82,-12.69,-9.66,-9.52,-9,-12.85,-16.09,-12.61,-15.53,-6.8,-7.86,-7.35,-8.28,-7.43,-8.68,-9.26,-5.51,,-6.14,-5.67,-17.2,-12,-11,-8,-8.49,-9.67,-11.99,7.5,,-11.97,-14,-12,,-10.5,-11.6,,-9.7,-6.4,1.71,-8,-5.4,-2.77,-14.29,-10.8,-10.05,,-15,-5.07,-6,-14,-8.4,-11.11,-7.5,-8,3.95,38,20,8,-9,-7.1
South Florida,Cincinnati,3,1.69,1.9,1.11,3.75,2.16,1.01,3.47,4,1.9,-0.25,-1.75,0.5,-1.08,5.01,4.06,1.45,0.91,3.02,-1.01,-6.05,2.25,7.32,1.05,-4,4.38,0.52,3.07,-2.12,1.24,1.35,3.81,,2.38,1.81,3.6,0.01,1,-2,7.91,1.86,0.41,2,,2.71,1.8,0.01,,3,-5.8,,6.1,1.7,33.68,1,1,6.52,-1.48,-5.3,-5.6,,-1,3,1,-1,-2.6,-2.06,10.8,-5,2.93,37,34,8,-2,1.25
Southern Miss.,SMU,3,-4.87,-1.47,5.09,4.01,-0.18,3.78,-6.36,1,-2.9,0.25,-3.26,3,-3.19,-11.45,-2.77,1.47,-0.05,-6.43,-3.11,6.85,-8.72,-2.41,0.85,6,0.24,-4.02,-2.7,-0.41,-1.42,0.5,-1.55,,1.4,0.74,-2.1,7,3.5,2,3.22,-0.74,1.97,3,,-0.67,0.8,3,,2.5,7.9,,1.5,2.5,7.25,-1,-9.97,3.13,-3.26,2.3,-3.65,,3,-2.92,1,6,-11.8,-7.73,5.6,-2,4.21,3,27,8,1,3.97
Stanford,Washington,20.5,14.71,23.11,15.85,18.02,17.4,20.42,7.93,20,22.1,22,26.42,17,24.03,20.14,27.43,25.21,17.65,19.94,24.47,19.65,13.53,12.79,7.54,11.75,19.46,12.5,6.92,22.86,14.19,18.8,8.19,,11.12,9.07,15,25,20,14,15.49,10.84,12.27,28,,23.74,20.8,19,,20.5,19.8,,24.1,25.7,31.28,25,1.1,6.29,25.42,19.6,12.8,,24,12.38,15,21,18.6,16.56,29.8,13,5.75,21,65,8,16,18.54
Syracuse,West Va.,-14,-13.87,-15.71,-15.05,-11.98,-14.73,-14.12,-9.92,-10,-15.8,-9,-22.59,-9,-17.38,-13.28,-10.33,-14.93,-12.69,-11.44,-18.85,-18.65,-15.41,-18.64,-5.6,-15.35,-10.05,-9.44,-4.66,-14.87,-8.9,-12.98,-3.3,,-2.51,-1.01,-6.2,-14,-13.5,-14,-8.95,-9.9,-7.82,-2.5,,-15.22,-12.5,-8,,-14,-18.3,,-28.9,-19.4,-10.52,-17,-4.54,-2.11,-15.43,-17.4,-12.95,,-13,-12.13,-9,-17,-22,-17.28,-6.7,-12,5.46,23,49,8,-12,-12.55
TCU,New Mexico,42.5,41.06,46.99,40.27,40.03,33.69,43.26,41.7,46,46.1,41,41.28,36,41.87,41.08,43.5,54.09,39.29,36.3,40.53,45.75,45.41,46.97,37.86,35,39.7,38.26,29.36,39.57,37.87,39.64,40.5,,32.22,32.19,58.4,47,39,39,32.63,32.71,33.67,15.5,,45.36,37.3,38,,42.5,43,,47.6,41.5,36.03,43,20.85,21.36,41.77,38,33.5,,50,30.36,29,36,24,38.5,37.5,32,7.28,0,69,8,33,39.39
Toledo,Miami (Ohio),16.5,23.02,28.15,14.26,24.39,21.59,14.72,20.74,22,15.2,20,25.56,16.5,26.06,13.41,20.37,25.25,19.56,23.6,25.15,18.65,31.28,13.79,8.5,12.5,24.63,16.09,22.84,22.25,23.81,20,22.81,,19.22,20.38,39,14,14.5,17,11.36,23.49,12.65,24.5,,27.07,14.3,14,,16.5,20,,26.9,25,22.7,22,24.52,11.51,13.69,15.2,18.2,,18,22.29,12,17,22,24.97,15.4,16,5.51,28,49,8,14,17.1
Tulane,Memphis,12.5,6.86,15.5,12.34,13.02,7.12,10.11,3.88,11,17.5,13,12.49,10,10.27,12.34,11.22,9.84,11.01,16.76,9.89,13.65,6.44,10.41,9.52,6.5,14.54,12.49,6.3,10.4,8.69,10.38,10.3,,6.64,8.01,12.6,6,13,13,13.87,5.64,18.76,14.5,,17.93,14.3,15,,12.5,7.6,,18.5,13.7,-4.92,12,-1.55,9.54,14.98,12.7,6.75,,13,6.59,10,14,7,11.49,9.9,7,3.47,33,17,8,10,10.36
UAB,Central Florida,-16,-25.87,-22.26,-14.41,-30.8,-13.59,-10.98,-30.33,-9,-18.1,-17,-11.92,-14,-24.28,-3.12,-18.56,-25.24,-17.22,-15.67,-22.8,-12.35,-21.44,-18.03,-15.48,-11.1,-15.94,-16.21,-16.91,-23.6,-19.75,-16.21,-22.17,,-16.2,-19.16,-38.7,-14,-15,-11,-12.92,-13.67,-10.33,-28,,-19.61,-15.5,-13,,-16,-9.3,,-31.3,-27,-28.04,-18,-30.62,-5.84,-16.2,-10.3,-18.55,,-12,-16.07,-10,-17,-18.3,-30.54,-5.3,-21,6.82,24,26,8,-20,-14.13
UTEP,Colorado St.,9.5,12.67,16.19,10.23,8.25,9.76,14.14,11.17,17,5.7,9,10.89,8,14.24,6.29,17.53,9.29,10.55,12.28,12.86,12.05,14.59,-0.92,10.34,5,15.59,12.53,12.07,13.7,13.05,11,12.97,,6.22,7.68,11.9,16,6.5,11,2.75,10.93,11.71,25.5,,18.45,4.3,3,,9.5,11.4,,14.8,15.7,3.68,19,6.85,2.59,15.66,-1.3,9.75,,13,9.12,11,17,8.7,2.63,8.7,6,4.98,17,31,8,4,7.54
Utah St.,Louisiana Tech,6.5,5.38,6.51,4.49,10.87,8.78,1.23,2.65,2,0.5,8,9.17,4,9.02,2.54,0.22,10.51,5.42,4.34,10.2,4.85,5.31,7.07,1.66,2.4,4.74,2.67,4.07,5.78,4.89,5.22,4.5,,5.39,5.61,8.3,5,5.5,-1,3.8,5.68,5.95,25,,3.54,5.7,2,,6.5,3.5,,15,15.2,3.24,12,4.35,6.7,5.18,7.2,1.25,,8,7.33,1,4,8.1,4.43,5.6,7,4.23,24,17,8,5,5.26
Vanderbilt,Army,11,15.93,14.65,7.94,11.79,15.41,9.35,18.91,13,16.1,14,16,9,12.92,16.29,9.07,13.18,13.1,15,15.73,13.95,23.38,6.08,13.39,6.6,14.17,13.03,23.55,15.77,19.31,13.4,15.84,,20.13,16.72,36.1,7,8.5,17,12.93,17.94,1.63,4.5,,14.75,8.6,8,,11,13.4,,6,11,40.46,10,24.9,10.06,8.56,22.1,12.2,,8,14.94,4,17,11.1,17.19,12.3,4,5.59,21,44,8,7,9.23
Virginia,NC St.,5.5,6.76,6.13,2.16,7.1,4.6,-2.04,8.54,8,0.7,8,5.1,5,4.86,7.63,1.51,7.99,4.85,3.95,6.25,4.15,9.41,2.43,1.14,0.4,7.67,0.49,12.07,7.06,10.97,4.08,11.64,,11.47,9.89,18,-2,4,4,-0.81,9.96,1.17,10,,6.67,4.7,-1,,5.5,2.5,,17.7,10.3,11.22,9,1.69,0.97,1.59,-0.01,3.5,,-1,3.5,-1,1,1.3,11.63,9.2,3,4.61,28,14,8,6,0.65
Virginia Tech,Boston College,21,29.77,22.84,20.48,29.95,20.94,19.46,35.94,26,23.7,22,23.72,20.5,24.35,33.74,22.48,27.82,24.62,23.61,23.4,19.65,44.34,18.86,27.28,25.2,25.04,21.87,38.03,24.14,34.74,22.58,40.48,,34.66,34,62.3,20,21.5,18,19.7,33.17,15.1,13,,22.67,19.9,16,,21,17.7,,28.6,27.1,18.37,24,40.78,17,15.97,20.3,21.25,,22,21.88,15,24,14.9,31.78,19.9,19,8.01,14,30,8,22,19.63
Washington St.,Oregon St.,3,8.51,6.05,-1.53,16.79,4.55,-3.97,10.41,14,-2.5,12,7.45,5.5,6.82,8.96,-10.23,4.09,4.75,5.76,6.04,2.9,8.03,1.38,-3.06,-2.85,5.42,-2.24,5.35,13.77,6.41,5.28,17.32,,9.85,8.61,14.8,-4,2.5,-1,-2.73,7.11,-0.63,13.5,,5.21,0.8,-4,,3,4.6,,4.6,12.4,9.57,12,2.62,-2.97,4.15,4.6,8.3,,3,5.61,-2,8,7.2,15.6,1.5,11,5.97,44,21,8,8,2.26
Western Kentucky,Louisiana-Lafaye,-3,-15.88,-10.19,-1.18,-5.41,-9.05,-3.45,-26.89,-13,-21.9,-16,-10.42,-17.5,-8.08,-21.97,-6.98,-10.44,-10.82,-6.49,-10,-9.35,-23.5,-1.26,-20.7,-1.5,-9.08,-7.28,-20.44,-14.53,-21.33,-9,-26.29,,-22.63,-22.25,-51.4,-4,-4,-9,-12.81,-15.09,0.99,,,-9.55,-6,-5,,-4,-7.4,,-1.7,-3.4,-18.11,-1,-21.46,-6.31,-5.12,-4.1,-15.4,,-6,-7.03,2,-3,-6,-26.12,-7.9,-17,9.41,23,42,8,-9,-2.03
Akron,Central Mich.,-7.5,-6.55,-5.26,-7.45,-4.08,-2.79,-7.14,-7.89,-3,-17.4,-3,-6.3,-4.5,-5.21,-19.21,-9.7,-6.72,-6.39,-5.77,-5.09,-3.45,-5.56,-13.06,-7.85,-3,-3.74,-2.66,-4.52,0.44,-4.97,-5.88,-7.19,,-1.11,-0.33,-4.8,-7,-8.5,-7,-10.49,-0.33,-7.84,5,,-5.28,-5.6,-10,,-7.5,-6,,-12.9,-5.6,3.38,-5,-6.38,-3.04,-12.32,-10,-7.75,,-10,-4.09,-5,-3,-7.5,-13.06,-7.4,-4,4.00,23,22,9,-9,-8.7
Arizona St.,Colorado,31,28.76,29.84,24.31,36.84,24.6,25.82,29.6,29,27.8,28,30.05,25,28.13,22.13,29.09,31.55,27.4,26.4,30.48,29.75,42.78,28.44,25.09,25.75,27.73,23.25,28.83,26.85,29.85,27.9,29.11,,27.54,28.2,51.1,25,30.5,26,19.41,31.43,19.51,23.5,,32.32,26.7,19,,30,26.7,,34.8,30.7,45.75,27,4.31,12.32,27.63,28.4,24.05,,24,24.4,15,28,24,33.65,32.4,22,5.32,14,48,9,29,28.21
Arkansas St.,North Texas,17.5,15.97,17.37,15.66,17.87,13.85,10.74,14.79,16,10,16,15.8,12.5,17.24,8.73,12,16.61,14.3,12.23,16.35,13.75,21.06,16.2,14.29,9,13.98,9.2,14.3,15.77,15.77,14.29,15.23,,12.51,14.12,21.3,13,14.5,8,7.64,17.28,10.09,36,,15.36,19.4,14,,16.5,11.2,,21.7,23.9,38.57,18,1.98,7.62,13.97,13.4,12,,17,14.76,9,14,14.7,14.47,16.1,12,4.34,14,37,9,16,15.61
Auburn,Mississippi,12.5,18.04,11.99,11.37,13.42,8.71,11.34,27.35,15,28.9,16,12.41,16,13.4,25.1,10.86,26.32,15.14,9.86,9.11,9.85,31.86,17,22.93,15.75,13.08,12.83,22.13,12.98,17.8,13.24,26.56,,19.36,18.44,34,17,10.5,15,19.78,20.77,12.56,15.5,,12.26,12.1,16,,12.5,8.8,,19.1,10.2,12.64,13,22.57,9.88,9.65,12,10.35,,17,10.54,11,14,6.5,19.12,13.1,7,5.76,23,41,9,14,11.55
Central Florida,Memphis,28.5,16.82,27.49,31.54,24.66,21.1,24.62,7.39,23,36,17,26.1,15,27.43,8.83,26.75,37.87,21.89,14.66,24.91,28.55,14.36,35.24,19.38,16,21.09,14.34,7.92,23.4,15.52,21.9,10.31,,9.72,10.91,18,31,29,22,29.83,13.85,33.02,36,,25.79,30.6,27,,28,21.8,,35.9,31.2,33.96,25,0.73,13.12,27.25,27.7,13.75,,31,12.58,19,31,12.6,16.14,21.8,16,8.24,0,41,9,23,29.22
Duke,Virginia Tech,-15,-19.81,-10.49,-13.56,-19.59,-13.26,-10.38,-23.08,-18,-18.1,-18,-16.96,-18.5,-17.52,-18.71,-14.9,-21.46,-16.22,-11.41,-16.45,-12.65,-30.69,-15.95,-14.7,-17.7,-9.77,-13.95,-22.49,-13.13,-20.93,-15.97,-24.99,,-18.79,-18.57,-41.3,-16,-14,-13,-10.76,-19.52,-15.29,1.5,,-9.5,-14.7,-12,,-15,-12.3,,-17.7,-20.2,-12.98,-14,-7.62,-6.88,-11.58,-15.1,-18.35,,-12,-13.17,-10,-14,-16.8,-26.58,-8.9,-15,5.71,14,10,9,-17,-16.56
East Carolina,Tulane,16.5,19.57,16.51,18.81,9.52,19.35,19.21,21.8,23,18.9,21,17.84,19,17.88,18.44,14.7,17.65,17.96,17.43,17.25,19.35,22.53,25.65,17.45,14.6,15.83,21.84,22,14.54,21.26,17.86,21.36,,19.29,18.2,36.7,23,18,20,11.92,16.7,10.5,22,,15.23,13,13,,16.5,25.2,,19.6,12,7.52,21,2.78,10.2,16.15,26.8,14.55,,17,16.36,12,14,15.2,17.9,15.5,8,4.60,13,34,9,12,17.12
Florida,Georgia,-2.5,-3.74,-3.44,-3.88,-10.99,-2.79,-3.88,-1.63,-4,2.9,-5,-4.64,-4,-5.73,2.58,2.42,-1.96,-3.62,-4.53,-3.45,-4,-2.67,-7.61,2.71,-7.5,-3.57,-5.03,-4.65,-4.96,-6.43,-4,-4.11,,-5.8,-6.93,-13.2,-2,-3,-6,1.89,-5.3,1.26,-9,,-2.83,0.7,0.01,,-2.5,-7,,-13.7,-5.8,0.69,-6,0.36,0.17,-5.76,0.5,-8.25,,-5,-4,3,1,0.7,-7.72,1.1,-4,3.83,24,20,9,-3,3.95
Florida Intl.,Troy St.,6.5,12.04,13.95,7.61,14.53,11.08,8.31,10.58,12,15.8,12,10.21,7,13.53,10.2,7.58,10,10.23,15.97,13.38,11.35,13.22,0.18,5.5,4,11.68,8.67,8.88,15.45,9.74,10.21,10.34,,9.79,10.61,16.3,8,5,8,12.92,11.97,6.47,15.5,,13.35,3.9,6,,7.5,13.9,,18.2,15.9,-5.93,14,1.88,4.44,6.25,11.8,9.75,,9,17.01,4,10,12.9,18.45,-0.3,9,3.91,20,23,9,8,5.89
Florida St.,NC St.,18.5,10.57,19.93,16.11,11.86,15.37,15.11,6.82,16,15.7,14,17.37,10.5,15.38,3.32,20.01,17.13,14.34,16.23,17.32,17.95,16.17,21.37,7.78,15.75,18.59,13.14,8.06,16.92,10.27,15.38,6.58,,8.25,7.09,13.5,17,19.5,14,11.78,12.73,16.02,24,,22.92,21.6,16,,18,19.1,,23.2,19.9,29.01,19,1.27,7.11,17.09,21.6,6.4,,17,12.69,10,14,10.9,14.16,19.5,7,4.76,0,34,9,12,16.69
Georgia Tech,Clemson,-3.5,-8.59,-5.43,-4.25,-0.85,-5.21,-12.45,-16.38,-3,-20.8,-8,-3.9,-11,-4.75,-22.39,-7.58,-3.82,-8.19,-13.84,-5.1,-8.95,-13.03,-1.89,-12.83,-12,-4.44,-9.37,-14.66,-3.03,-11.83,-7.29,-18.75,,-8.24,-9.59,-21.7,-2,-4.5,-10,-7.24,-6.96,-5.62,-6,,-5.2,-3.6,-2,,-4,-12.7,,-5.3,0.01,-4.42,-3,-25.15,-1.49,-3.44,-12.4,-11.55,,-5,-9.59,-2,-7,-9.2,-13.36,-8.7,-5,5.26,17,31,9,-7,-5.76
Houston,Rice,27.5,19.18,29.02,23.94,28.84,21.09,22.05,17.27,30,16.6,33,30.55,29,21.01,12.87,26.61,31.77,25.3,19.7,26.21,27.75,34.83,29.13,21.18,22.9,25.54,26.97,22.91,28.31,29.5,26.15,26.3,,27.4,28.92,46.9,28,26.5,23,11.83,28.94,18.74,23,,28.89,24.9,22,,27.5,22.3,,40.1,30.2,28.24,26,6.2,10.52,29.19,23.1,23,,28,17.2,14,24,22,26.66,24.1,26,6.03,34,73,9,30,26.59
Idaho,Hawaii,-7,-8.31,-10.34,-12.31,-12.56,-10.08,-12.41,-9.71,-9,-14.7,-11,-8.6,-12,-7.61,0.84,-12.83,-15.32,-10.67,-12.49,-7.3,-13.35,-14.39,-13.43,-13.98,-7.75,-10.46,-8.82,-8.53,-9.11,-13.08,-10.73,-15.04,,-10.26,-12.82,-24.5,-10,-11,-11,-12.99,-9.71,-3.12,-18.5,,-11.03,-7.2,-10,,-8,-12.1,,-18.2,-13.5,-28.71,-5,-7.63,-5.72,-3.81,-12.8,-12.15,,-11,-6.73,-3,-11,-7.5,-22.8,-8.1,-15,4.35,16,14,9,-15,-7.89
Indiana,Northwestern,-9,-3.25,-7.88,-7.13,-7.11,-2.52,-7.17,-0.38,-5,-14.1,-7,-5.59,-5.5,-6.4,1.56,-4.85,-5.93,-5.99,-4.28,-4.91,-5.95,-4.53,-5.97,-16.53,-1.3,-5.59,-12.81,1.56,-3.65,-3.14,-5.59,-3.36,,-1.39,-2.29,-4.9,-5,-9.5,-9,-9.43,-2.96,-12.33,6,,-7.17,-9.6,-8,,-8,-5.4,,-6.7,-7.2,-18.3,-7,1.02,0.32,-6.79,-15.5,-5.15,,-10,-3.14,-2,-6,-11,-11.34,-4.6,-5,4.13,59,38,9,-9,-9.7
Kansas St.,Oklahoma,-13.5,1.36,-5.02,-11.98,-2.4,-5.97,-8.89,11.1,2,-9.3,-2,-10.02,-2.5,-5.73,15.57,-6.46,-15.11,-4.4,-0.74,-10.25,-8.85,1.78,-19.43,2.97,-4.5,-2.33,-0.65,9.56,2.4,1.83,-5.38,14.17,,6.92,5.56,4,-11,-13.5,-6,-11,2.24,-15.05,-18.5,,-6.22,-18.1,-15,,-12.5,-8.9,,-13.1,-11,-17.62,-11,10.42,-2.52,-10.45,-12.2,-1,,-12,-0.85,-3,-14,-2.3,-3.97,-0.8,-7,7.92,58,17,9,-7,-11.06
Kent,Bowling Green,-3.5,-10.5,-6.11,-4.66,-6.67,-6.67,-4.81,-9.97,-7,-7.7,-9,-9.35,-8,-11.09,-8.93,-2.55,-0.65,-7.29,-13.21,-10.21,-10.85,-12.67,-1.87,-12.23,-7.15,-4.07,-11.48,-7.5,-9.32,-9.39,-7.6,-12.03,,-5.02,-6.67,-12.5,-3,-5,-8,-3.42,-6.85,-1.2,-12.5,,-5.06,-2.5,1,,-4,-11.6,,-8.8,-8.9,-8.88,-11,-8.31,-2.82,-6.42,-10.7,-11.5,,-6,-9.69,-1,-3,-12.4,-25.11,-3.2,-11,4.36,15,27,9,-10,-2.87
Kentucky,Mississippi St.,-10,-8.1,-17.28,-11.11,-14.18,-8.69,-11.59,-3.71,-8,-13.5,-6,-15.46,-3.5,-12.6,-2.48,-12.51,-15.98,-9.42,-10.12,-13.16,-15.25,-13.67,-8.63,-5.39,-12.05,-11.52,-16.91,0.74,-10.26,-3.5,-9.56,-3.5,,-0.69,1.69,-2.4,-14,-10.5,-12,-6.5,-6.78,-11.7,-24,,-16.27,-7.1,-9,,-10,-7.4,,-20.1,-14.8,-9.75,-11,-8.84,0.85,-12.49,-18.9,-8.1,,-11,-6.81,-4,-7,-4.1,-10.97,-7,-7,5.50,28,16,9,-8,-15.41
Louisiana Tech,San Jose St.,7.5,5.23,11.68,8.23,12.33,8.47,7.92,-1.1,11,9.4,6,12.46,6,12.01,0.97,13.22,8.01,6.82,6.1,9.58,6.85,3.08,1.67,5.95,4,9.18,3.83,1.31,6.98,3.28,7.14,-0.35,,-0.48,-0.27,-4.9,11,9.5,5,6.82,5.19,8.81,1,,12.56,9.3,9,,7.5,7.3,,10,10.4,24.23,10,-1.89,5.91,10.33,3.7,1.1,,9,6.79,11,14,8.1,2.6,14.8,4,4.19,28,38,9,5,9.98
Louisiana-Monroe,Western Kentucky,6,4.23,5.59,6.42,6.29,2.2,-1.32,3.67,7,0.6,5,4.69,5,4.81,1.77,4.49,20.97,4.16,-1.64,3.83,3.95,2.36,13.56,5.25,0.01,3.05,4.38,-0.83,14.99,-1,3.67,6.78,,3.5,1.52,3.3,8,6.5,-1,6.36,2.25,7.92,,,3.07,7.5,10,,6,1.4,,11,6.7,2.8,6,0.46,3.67,10.03,3.4,-0.7,,6,-0.01,2,3,-1.7,-6.24,5,-2,4.30,31,28,9,2,4.48
Louisville,Syracuse,3,-5.2,-5.89,4.53,-3.76,-0.7,2.55,-9.94,1,-1.4,-5,-3.33,-4,-1.39,-2.87,-0.31,-6.87,-2.91,-5.44,-3.65,0.95,-14.06,7.79,-7.33,2.2,-5.35,3.76,-9.55,-2.38,-9.43,-2.62,-8.62,,-9.01,-10.34,-23.8,4,4,0.01,-1.45,-8.46,-1.61,-14,,-5.98,5.8,-2,,2,-1.4,,3.6,0.3,24.08,0,-1.87,-2.91,-0.21,-0.2,-10.05,,-6,-5.2,3,6,-1.6,-12.4,0.6,-6,5.67,10,27,9,-4,0.18
Marshall,UAB,5.5,17.67,13.6,4.56,13.97,8.68,2.61,20.43,10,10.7,14,13.15,13,15.2,22.7,9.48,15.53,11.4,12.6,13.44,4.75,19.92,5.06,14.18,10.5,14.04,7.08,18.65,16.21,17.52,10.6,21.68,,17.96,19.67,36.8,5,6,4,13.19,13.89,3.14,22,,13.91,6.2,7,,6.5,2.2,,7.9,10.3,16.52,9,3.3,7.96,10.96,1.9,12.8,,5,13.1,7,10,9.1,15.35,9.9,8,6.33,14,59,9,7,6.31
Maryland,Boston College,7,17,12.59,6.04,8.49,11.28,8.56,20.14,11,9.1,10,11.3,10,14.05,15.26,14.96,15.67,10.53,13.37,13.06,6.75,23.81,5.71,12.66,10.9,13.19,4.4,19.08,11.5,13.98,10.3,19.98,,12.86,13.69,24.3,9,7.5,7,10.29,13.81,1.49,6,,14.34,5.6,4,,7.5,3.3,,10.6,8.5,9.89,8,12.77,5.97,5.35,6.8,7.4,,9,12.61,7,11,9.6,12.61,11.4,6,4.59,28,17,9,6,6.9
Miami (Fla.),Virginia,13.5,17.32,22.73,17.98,7.94,16.16,19.03,15.93,19,19,12,12.5,12.5,18.76,4.43,21.38,12.62,15.58,22.25,17.22,19.95,24.67,10.27,14.03,22.6,20.62,13.48,13.96,14.11,14.58,15.35,14.1,,11.81,10.94,21.9,20,14.5,16,13.3,16.54,10.93,24,,22.88,13.2,16,,13.5,20.6,,11.6,11.4,34.68,15,1.79,13.15,15.29,19.9,10.6,,23,18.53,13,7,14.9,13.27,18.7,6,4.66,28,21,9,7,15.4
Miami (Ohio),Buffalo,4.5,3.09,3.5,6.65,5.28,3.42,9.06,1.65,8,11.4,4,4.82,4,4.54,-3.24,8.69,8.38,5.47,1.84,2.7,6.35,3.56,2.57,17.62,8.75,5.91,12.28,3.41,2.06,4.26,5.19,4.66,,5.46,4.81,5.7,11,8,7,10.27,4.87,17.43,-12,,5.33,6.1,8,,4.5,5.1,,3.4,2.9,-1.73,6,-2.13,6.74,7.63,5.8,2.1,,10,0.27,6,8,1.5,-3.33,8.9,-1,4.74,13,41,9,4,7.36
Michigan,Purdue,14,18.45,24.88,16.49,16.87,17.53,12.02,17.15,22,25.8,17,21.13,14.5,20.66,18.18,24.28,25.38,17.92,16.07,21.06,14.25,27.17,18.78,22.36,20.75,21.99,14.18,17.42,15.52,20.56,17.86,19.59,,18.59,18.73,33.6,12,15,10,20.69,20.27,14.21,19,,25.31,13.7,15,,14.5,12,,21.8,16.6,24.59,16,1.98,12.01,20,18.2,13.65,,20,15.23,13,21,12.1,18.58,15.7,11,4.38,14,36,9,12,15.33
Middle Tenn.,Louisiana-Lafaye,3,-5.36,-1.89,5.69,-1.72,-0.01,2.67,-10.65,-4,-15.5,-9,-0.95,-10.5,-0.29,-6.44,-2.04,-13.11,-3.92,-0.9,0.39,-0.25,-14.17,-1.65,-12.4,1.2,-4.1,-1.14,-11.17,-11.76,-12.81,-1.57,-14.61,,-14.25,-14.48,-35.1,5,3,-2,-11.26,-8.63,3.61,-3,,-3.28,2.5,0.01,,2,0.8,,5.7,3.4,-8.18,7,-2.39,-1.5,1.7,-1,-10.2,,-1,0.31,5,-1,-0.7,-16.52,2.3,-10,7.63,45,20,9,-4,7.46
Minnesota,Iowa,-15,-12.71,-18.37,-16.83,-19.63,-13.51,-16.13,-13.56,-21,-26.2,-19,-16.45,-15,-11.88,-10.28,-20.33,-28.59,-16.97,-11.22,-16.49,-18.75,-23.14,-22.01,-21.68,-16,-12.37,-18.33,-11.03,-22.92,-17.15,-16.83,-16.56,,-15.64,-15.04,-31.7,-19,-17.5,-16,-15.72,-16.85,-13.93,-9,,-17.41,-18.7,-10,,-15,-18.1,-24,-16.9,-15.4,-8.37,-12,-4.78,-6.01,-15.01,-17.7,-20.65,,-19,-11.01,-9,-20,-16,-30.02,-6.1,-21,4.99,21,22,9,-20,-15.68
Nebraska,Michigan St.,4,0.01,-6.29,2.43,-5.57,0.89,-1.86,0.84,1,-1,-2,-1.95,1,-0.87,-0.66,6.72,13.09,0.62,0.16,-1.57,-1.45,0.92,4.56,2.04,2.5,-1.92,2.16,1.38,1.69,0.93,1,1.78,,2.52,2.92,1.5,4,5.5,-3,5.88,1.8,2.61,-12.5,,-5.67,7.8,2,,3,-2.3,,-3.8,0.01,12.02,-1,0.29,6.19,1.77,-0.4,-2.5,,4,0.99,1,-1,-7.2,-3.93,-5.8,1,3.94,3,24,9,-1,4.11
New Mexico,Air Force,-30.5,-19.03,-33.27,-29.98,-24.35,-19.24,-28.93,-17.3,-22,-30.7,-30,-31.54,-24.5,-21.11,-27.55,-26.13,-29.7,-24.43,-14.84,-26.37,-32.85,-20.06,-32.53,-29.74,-16,-21.81,-27.92,-13.11,-20.68,-19.56,-25.44,-20.7,,-14.04,-13.36,-31.9,-32,-28.5,-28,-20.12,-12.57,-26.51,-2,,-32.93,-31.8,-24,,-30,-26,,-35.5,-26.5,-0.44,-28,-7.16,-12.5,-29.37,-27.7,-22.7,,-36,-11.07,-16,-25,-22,-28.54,-25.6,-22,7.15,42,0,9,-26,-25.87
New Mexico St.,Nevada,-15,-15.55,-14.06,-16.97,-5.9,-8.98,-20.35,-17.7,-8,-27,-11,-14.54,-12,-13.43,-11.23,-19.8,-23.15,-15.17,-14.05,-15.62,-18.35,-25.78,-13.23,-23.38,-17.5,-12.73,-13.2,-13.68,-9.22,-13.32,-14.33,-13.82,,-12.15,-9.72,-29.2,-21,-15,-15,-15.18,-14.67,-14.13,-3,,-15.64,-16,-20,,-15,-14.8,,-15.7,-11.8,-9.13,-12,-8.88,-4.79,-21.96,-19.1,-13.3,,-21,-10.76,-13,-25,-12.5,-17.23,-8.5,-8,5.01,48,34,9,-12,-15.15
North Carolina,Wake Forest,6.5,6.08,4.51,7.54,5.18,7.59,5.35,3.74,6,2.5,4,7.14,5.5,8.01,0.75,10.57,15.94,5.35,3.92,7.45,7.15,6.17,5.8,2.17,5,4.75,0.13,4.8,5.57,4.8,5.16,3.23,,3.29,3.35,3.1,10,7,5,5.39,5.15,3.51,3,,5.26,7.1,5,,6.5,3.5,,7.1,4.7,-4.05,10,-0.97,2.82,10.58,2.4,-0.45,,9,5.58,8,10,7.3,-2.83,5,-1,3.08,24,49,9,2,5.58
Notre Dame,Navy,21.5,17.42,20.55,15.22,16.52,16.39,20.22,19.27,19,25,23,18.53,16,15.94,15.67,9.48,20.22,18.44,16.18,19.56,17.15,28.44,28.27,18.11,23.2,17.56,20.28,19.58,16.32,20.99,18,20.94,,20.62,20.17,38.3,16,17.5,17,15.33,22.37,16.26,18.5,,19.5,16.9,18,,21,18.7,,19,13.4,-10.4,20,3.28,9.66,23.58,27.8,16.5,,21,14.34,9,13,16,21.42,16.4,9,4.59,14,56,9,18,17.28
Ohio St.,Wisconsin,-7,-3,-15.9,-10.08,-7.82,-11.6,-7.98,-0.36,-9,-18.5,-4,-15.62,-3,-7.99,-10.86,-4.75,-15.72,-8.36,-11.53,-14.82,-16.25,-7.17,-3.49,-4.72,-4,-10.45,-8.55,-0.85,-8.92,-7.04,-7.98,-2.27,,-1.32,-2.46,-4.8,-7,-8.5,-4,-11.74,-4.21,-8.26,-19,,-16.59,-10.2,-3,,-7,-9.4,,-18.4,-17.6,-26.1,-13,-1.17,-3.69,-4.15,-11.1,-12.8,,-7,-6.97,3,-11,-6.7,-16.38,-11.8,-16,5.32,29,33,9,-13,-9.15
Oklahoma St.,Baylor,14,14.53,19.38,17.7,20.08,14.14,21.31,18.39,22,18.6,32,17.39,33,12.6,22.57,18.38,20.07,19.05,18.46,14.95,19.55,16,21.18,19.1,20.75,18.17,20.2,18.97,15.45,19.81,18.78,25.81,,17.82,20.33,38.5,22,18,14,14.05,13.09,19.9,6,,19.15,11.2,17,,14.5,28.3,,19.8,13.1,-1.55,19,18.66,12.41,18.19,25.8,13.4,,20,16.67,12,18,12.4,21.95,23,12,5.41,24,59,9,14,18.13
Oregon,Washington St.,35.5,31.37,37.86,34.41,29.53,30.67,36.65,31.88,34,45.2,36,36.85,33.5,32.12,38.82,37.47,40.35,33.82,35.76,36.68,38.25,43.08,43.72,30.95,32.6,32.95,32.72,32.77,29.1,33.05,33.28,29.71,,26.42,26.45,52.7,38,32.5,34,29.54,30.97,31.55,31,,39.29,30.8,30,,35.5,36.5,,38.5,32,40.34,36,11.66,18.12,35.95,35.3,24.5,,40,30.72,23,39,25,34.24,34.1,23,5.74,28,43,9,27,35.68
Penn St.,Illinois,5,10.18,10.68,4.32,3.18,5.29,5.75,12.11,9,9.2,7,6.16,9,8.36,20.53,2.66,2.25,7.11,9.08,5.83,3.25,11.97,1.49,7.78,7.5,6.67,6.09,12.2,5.04,10.13,6.23,14.27,,9.51,10.43,16.2,3,6,8,3.74,9.71,5.6,12,,7.23,5.2,5,,5,5.5,,4.4,2.8,17.3,5,5.74,4.17,5.97,9.3,4.9,,6,8.55,5,3,6.3,9.59,13.1,2,3.61,7,10,9,3,5.83
Pittsburgh,Connecticut,10,5.38,10.05,8.97,1.87,6.91,6.82,5.69,5,19.9,4,10.82,4,5.06,6.16,11,10.31,7.04,4.93,9.69,8.15,8.83,16.84,11.61,6.6,8.22,1.15,7.44,2.5,6.68,6.4,4.76,,4.48,4.9,5.2,6,10.5,5,12.93,7.43,5.14,21,,10.35,12.8,8,,9.5,2.2,,9.8,4.8,2.86,9,0.1,5.22,10.96,10.6,4.35,,8,6.2,7,8,2.4,5.23,10.7,-1,3.83,20,35,9,6,10.67
Rutgers,West Va.,-6.5,-1.21,0.24,-3.34,4.79,-2.5,-3.11,-1.41,3,-6.8,3,-2.68,1,-1.02,-1.44,-1.29,-8.9,-1.92,1.29,-1.88,-1.75,-3.75,-9.37,-0.18,-6.75,1.25,-4.41,-0.87,-4.53,-1.79,-1.35,0.55,,0.78,0.71,-2.3,-3,-7,-2,-4.72,-0.47,-2.46,-2,,0.01,-9.9,-5,,-5.5,2.8,,-9.4,-2.8,26.62,-3,-0.64,-1.24,-1.53,-6.9,-2.3,,-1,2.19,-1,-1,0.5,-2.09,6.4,-1,3.16,41,31,9,-5,-4.89
San Diego St.,Wyoming,18,12.92,24.21,18.65,10.5,13.57,21.81,11.66,14,30.2,12,17.74,9.5,14.26,16.8,20.01,18.84,15.18,8.43,16.13,21.05,19.17,23.72,22.25,18,19.53,19.89,10.38,14.33,8.72,14.92,9.47,,9.09,7.37,14.7,20,17,17,19.16,14.5,16.7,21.5,,23.41,6.2,17,,18,18.4,,17.4,13.9,22.63,21,0.7,8.13,14.63,17.7,8.15,,22,10.93,13,18,3.7,6.92,18.6,3,5.52,30,27,9,9,15.13
TCU,BYU,13,10.88,19.5,14.75,10.05,11.84,12.77,5.84,8,12.3,8,18.67,7,17.15,8.49,16.92,16.8,11.16,9.7,14.41,19.05,12.39,19.85,1.66,17,11.4,5.68,3.82,13.16,6.09,11.25,5.68,,1.68,2.53,0.3,15,11.5,9,6.83,9.1,9.73,19.5,,19.98,15.8,13,,13,12.4,,11.9,19.4,5.73,12,-0.21,4.21,10.1,11.1,6.85,,17,9.59,12,10,12.9,6.37,13,9,5.10,28,38,9,8,15.54
Tennessee,South Carolina,-3.5,-5.44,-0.76,-8.12,-6.99,-0.91,-4.67,-8,-4,-11.4,-10,-0.81,-9,-3.24,-3.56,-6.37,-5.1,-6.25,-0.32,-0.73,-6.95,-9.39,2.99,-10.67,-15,-1.8,-4.76,-8.21,-0.88,-10.06,-5.99,-10.82,,-10.47,-11.37,-25,-4,-6.5,-5,-6.98,-7.9,-8.64,13.5,,-1.28,-5.6,-8,,-3.5,-4.8,,-11,-8.3,-3.83,-4,-9.08,-4.09,-5.3,-6.9,-7.95,,-5,0.15,-2,-7,-3.2,-15.11,-2,-10,5.27,14,3,9,-9,-7.95
Texas,Kansas,28,18.39,25.94,20.87,30.19,19.46,23.41,15.78,25,33.4,25,25.7,20,20.8,17.52,20.88,24.9,22.24,20.64,24.55,25.75,31.69,30.21,13.83,21.4,22.82,19.98,14.94,18.91,22.13,21.76,18.78,,18.24,17.12,32.3,27,24,24,20.86,23.07,21.38,9,,24.78,22.6,21,,27,25.8,,30.2,24.3,41.37,26,6.34,11.62,20.97,26.3,17.8,,27,16.27,15,31,17.3,21.79,26.2,16,4.99,0,43,9,21,26.7
Texas A&M,Missouri,10,13.1,11.33,5.82,10.61,10.25,9.76,16.69,13,17.3,14,9.56,12,9.18,21.28,4.33,5.95,10.89,13.18,11.31,6.25,15.67,7.69,11.81,12,10.74,8.61,16.8,9.64,16.39,10.36,19.04,,15.73,16.08,27.6,6,11,10,12.43,13.48,5.31,17,,10.68,8.4,8,,10,8,,7.6,7.3,7.39,14,19.07,8.04,5.92,11.2,6.2,,6,12.69,5,8,9,22.13,14.2,6,4.73,38,31,9,13,12.15
Texas Tech,Iowa St.,15,17.37,19.62,14.74,28.7,16.64,17.75,15.61,20,21.8,23,20.72,21.5,19.02,20.1,15.92,14.21,18.81,17.7,19.62,21.15,23.42,23.8,15.63,18.7,18.93,21.16,15.82,16.54,17.88,18.1,16.66,,14.61,15.2,27,21,17.5,21,9.24,19.89,20.61,4.5,,21.13,12.8,17,,15.5,22.4,,29.6,27.6,24.19,21,14.32,4.55,19.83,18.2,13.15,,18,15.56,12,17,23,21.25,21.1,17,4.68,41,7,9,16,17.88
Tulsa,SMU,2.5,-0.17,-2.03,2.73,-3.43,-0.74,7.01,3.77,1,-2.4,-1,-1.85,2,-3.52,1.78,6.37,-0.01,0.96,0.4,-3.02,4.45,1.11,0.24,4.28,10.6,0.28,-3.18,3.39,-0.25,-1.18,0.95,0.71,,2.45,1.32,2.9,4,3,1,1.29,0.41,5.71,-15,,-0.49,-1.1,5,,2.5,4.8,,-2.9,-4.9,-3.52,-3,4.53,3.16,1.42,3.1,-4.7,,8,0.91,4,1,-9.5,-6.75,0.4,-4,4.21,7,38,9,-3,2.75
UCLA,California,-5,-4.75,-4.05,-7.53,-15.06,-3.34,-7.9,-3.12,1,-3.8,-3,-4.98,-2.5,-6.31,-8.5,-2.04,1.94,-4.73,-3.92,-5.64,-11.05,-5.25,3.25,-6.71,-2.2,,-7.5,-1.53,-5.11,-0.91,-4.22,-0.66,,1.33,-0.74,-2.2,-8,-5.5,-8,-1.65,-3.32,-5.12,-10,,-4.22,-0.6,-2,,-5,-7.8,,-9.5,-14.2,-12.78,-5,-0.27,-0.8,-4.18,-5.3,-6.3,,-6,-4.8,-2,-4,-4.8,-11.67,5.9,-8,3.82,14,31,9,-8,-6.82
UNLV,Colorado St.,-2.5,-0.17,-1.02,-1.53,-6.8,-9.77,-1.01,1.35,-4,10.9,-6,-3.8,-3.5,-1.72,-0.52,6.49,-5.32,-2.35,5.04,-4.96,-3.25,0.39,-0.69,0.27,-1.25,-0.3,-6.09,-0.12,-6.63,-3.73,-2.35,-1.76,,-4.81,-3.54,-11.9,0.01,-3.5,0.01,5.57,0.33,-5.84,40.5,,-1.24,3.2,-2,,-2.5,-5.6,,-4.2,-6.6,37.41,-4,0.72,3.67,-2.98,-3.7,-2.7,,-4,0.5,2,-7,-6.9,-13.67,4.9,-9,7.01,35,38,9,-6,0.24
USC,Stanford,-8,0.2,-17.16,-8.3,-12.44,-9.7,-15.79,6,-11,-14.4,-8,-17.5,-3.5,-7.58,-21.13,-17.79,-22.67,-9.21,-13.93,-15.33,-18.25,-3.44,-5.76,-3.23,-5.25,-12.09,-9.73,4.18,-17.13,-2.75,-9.75,1.26,,1.19,1.58,2.8,-16,-8.5,-7,-7.34,-0.41,-8.48,-22,,-17.84,-5.1,-8,,-8,-14.5,,-6.6,-17.7,-48.15,-13,-4.43,0.72,-11.74,-13.8,-10.3,,-17,-4.2,-5,-11,-10.3,-11.95,-18.2,-15,6.90,56,48,9,-10,-9.77
UTEP,Southern Miss.,-10,-7.42,-10.61,-13.38,-11.87,-9.8,-14.7,-7.04,-7,-13.3,-11,-11.38,-8.5,-7.9,-10.62,-4.21,-8.94,-10.71,-7.37,-11.15,-16.45,-14.75,-19.3,-13.75,-17.5,-7,-10.38,-8.25,-6.73,-9.6,-10.81,-6.55,,-9.71,-8.16,-20.1,-12,-11,-15,-8.31,-11.14,-11.08,-1.5,,-8.03,-4.5,-14,,-10,-20,,-15.9,-14.2,9.48,-11,-1.07,-2.33,-5.79,-16.8,-11.25,,-11,-7.9,-2,-14,-7.7,-17,-9.7,-11,4.25,31,13,9,-12,-11.22
Utah,Oregon St.,5,14.58,6.69,8.09,13.05,4.58,1.53,17.22,12,15.9,10,8.51,10.5,11.83,15.97,3.71,14.37,8.78,4.88,8.61,5.95,15.25,13.7,11.8,2.05,6.67,1.76,15.41,7.68,11.07,8.3,17.47,,12.23,12.64,22.2,4,7,3,14.03,11.95,9.75,-11.5,,6.54,11.1,5,,5,-1.9,,2.1,9,-36.53,11,1.27,6.18,13.51,4.1,6.2,,7,10.04,5,15,5.7,8.47,9.3,5,5.55,8,27,9,4,8.63
Vanderbilt,Arkansas,-9.5,-10.06,-4.38,-11.53,-4.5,-2.93,-11.1,-18,-3,-20.5,-7,-6.94,-10.5,-6.78,-23.1,-12.79,-18.15,-9.4,-8.74,-5.04,-6.55,-17.61,-13.15,-12.25,-20.3,-3.79,-11.26,-11.15,-3.88,-8.5,-9.13,-16.66,,-6.56,-6.47,-17,-14,-12.5,-11,-12.62,-8.9,-15.93,7,,-3,-11,-11,,-9.5,-6.8,,-5.6,-7.7,2.88,-9,-19.64,-3.46,-10.2,-12.6,-9.25,,-8,-9.41,-9,-11,-7.4,-12.69,-14.2,-8,5.09,31,28,9,-13,-9.78
Washington,Arizona,4,10.68,2.51,3.97,10.58,3.31,9.03,17.29,9,13.4,12,0.94,11.5,3.69,21.51,0.37,5.74,8.65,11.71,1.87,7.05,19.25,2.21,20.28,15,5.3,10.99,15.3,5.46,13.91,7.83,20.06,,15.1,17.48,23.5,5,8,12,12.86,14.25,6.48,-1,,1.92,10,0.01,,4,9.3,,-0.5,3.3,31.32,3,2.14,9,0.53,7.1,7.65,,4,6.75,3,14,7.5,17.69,1.5,8,6.21,31,42,9,10,3.51
Western Mich.,Ball St.,12,8.76,15.2,14.21,15.28,9.84,9.02,3.01,11,16.1,8,12.05,5.5,14.2,4.43,15.45,15.28,9.07,8.15,10.47,10.15,7.69,13.88,-1.08,5.55,11.92,5.66,0.01,8.05,1.83,10.07,2.48,,-0.55,-0.79,-3.3,17,13.5,6,8.89,5.44,12.57,27,,14.79,10.3,10,,12,9.1,,11.6,18.7,25.23,10,0.8,-1.99,13.39,14.4,1.75,,15,8.01,11,13,11.3,0.4,14.3,7,6.00,35,45,9,5,14.33
Air Force,Army,17,11.64,12.18,14.26,7.53,11.03,15.96,10.59,14,14,13,15.12,13,13.44,6.62,15.52,18.32,12.91,9.21,13.32,12.65,19,11.52,17.18,12.2,12.5,11.94,10.63,6.78,12.88,13,9.19,,10.35,11.93,18.5,14,14.5,17,11.79,13.46,12.3,0,,14.56,13.8,15,,16,14.7,,15.1,7.1,24.3,17,0.65,11.22,15.64,21,7.55,,13,9.15,11,18,19.4,11.78,16.7,4,3.56,14,24,10,10,15.39
Alabama,LSU,5,2.62,5.3,5.87,4.63,3.35,5.58,3.18,4,0.7,6,5.18,2.5,1.99,4.95,0.54,3.72,4.2,3.57,4.8,4.55,2.69,10.18,-4.01,2.75,1.29,0.93,3.16,5.89,2.96,4,3.61,,4.06,2.34,2.2,7,4.5,6,1.45,3.43,4.52,2,,2.9,7.4,7,,5,3.4,,5.9,7.9,-15.49,4,1.01,2.01,5.94,5,-0.25,,12,2.54,4,4,4.3,1.23,5.5,1,2.59,9,6,10,7,8.08
Arizona,Utah,3.5,-1.06,4.03,1.98,-2.72,2.35,0.72,-3.27,4,-6.2,-1,4.43,-0.5,1.69,6.39,0.73,2.78,0.81,2.45,2.34,1.15,-5.03,2.37,-5.77,0.5,2.84,1.23,-1.6,-1.45,-0.96,1,-4.53,,-0.97,-2.91,-2.9,5,1.5,1,-5.15,-2.09,-0.01,7,,3.09,9.7,4,,3.5,5.2,,5,-0.6,7.19,3,-0.51,0.94,1.83,2.1,-5,,5,2.21,-2,1,-0.9,-9.73,2.9,-5,3.54,34,21,10,-2,3.15
Arkansas,South Carolina,5,1.4,1.01,0.79,-2.59,0.16,4.21,7.25,2,2,-0.25,1.3,0.5,-1.26,9.27,0.47,3.33,2.03,4.43,-0.08,0.25,3.67,1.52,6.21,3.5,0.19,3.99,5.07,2.99,-0.25,2,5.6,,1.89,1.14,-3.1,3,4.5,6,2.58,2.3,3.99,5.5,,-1.35,4.7,2,,4.5,4.2,,-0.5,1.9,-11.05,3,6.12,2.17,0.26,2.6,-0.6,,5,3.75,2,-1,-2.1,-3.36,7.9,-1,2.58,28,44,10,3,2.25
Baylor,Missouri,2.5,-1.31,-5.55,-4.58,-4.49,-2.2,-6.45,0.87,-1,3.2,-1,-3.2,-2.5,-3.33,2.33,-7.55,-11.58,-2.17,-3.1,-3.67,-6.45,-2,2.93,4.59,-8.5,-2.51,-6,3.32,0.01,2.01,-2.59,2.1,,4.34,4.55,4.7,-6,-1,-5,8.74,0.98,-10.42,-4.5,,-5.65,4.7,-2,,1.5,-7.7,,-2.9,-2,1.3,-5,-0.6,3.98,-2.66,-10.1,-3.55,,-2,-1.4,-4,-3,-2.7,0.49,-6.2,-3,4.07,39,42,10,3,-2.05
Boston College,Florida St.,-14.5,-14.78,-18.65,-16.37,-17,-14.55,-16.52,-13.1,-14,-20.2,-13,-19.98,-11,-17.74,-2.82,-16.09,-14.12,-15.14,-14.26,-17.91,-15.55,-27.36,-18.27,-8.31,-18.25,-17.65,-14.51,-9.6,-19.69,-14.33,-14.89,-14.35,,-12.71,-12.89,-28.2,-15,-14.5,-9,-11.45,-18.05,-11.98,-14.5,,-21.78,-15.8,-13,,-14.5,-15.9,,-15.7,-20.3,-19.75,-17,-2.72,-6.18,-13.29,-19.7,-14.75,,-12,-11.55,-10,-20,-12.5,-24.3,-13.1,-17,4.17,38,7,10,-18,-13.78
California,Washington St.,9.5,10.7,5.6,9.83,10.03,6.31,6.24,14.3,6,12.6,11,5.41,10.5,6.72,12.5,15.33,12.15,8.88,9.79,6.75,5.95,17.61,6.79,11.66,5.6,6.44,10.32,13.04,5.47,9.88,8.93,12.54,,10.84,10.55,18.9,9,9.5,7,8.54,11.72,8.83,11,,5.08,15.8,10,,9.5,1.7,,7.1,7.9,22.44,9,1.52,9.06,7.32,6.1,5.35,,6,9.69,5,7,8.6,9.16,2.6,2,3.15,7,30,10,6,8.86
Central Florida,Tulsa,1.5,-11.99,-5.87,0.6,5.66,-3.95,-8.92,-20.28,-3,-3.9,-2,-5.13,-4,-3.92,-8.31,-1.63,-4.21,-5.62,-11.96,-6.26,-6.95,-23.33,-0.5,-6.79,-11.75,-7.73,-2.99,-13.93,3.52,-10.89,-4.67,-14.34,,-11.8,-10.85,-27.7,3,3,-6,2.6,-11.53,-3.65,1,,-7.81,0.4,-3,,0.5,-11.2,,-3.3,5.3,12.41,-3,-3.83,-1.34,-0.57,-6.5,-11.25,,-6,-8.64,-2,1,-0.8,-14.7,-1.3,-1,6.15,24,17,10,1,2.55
Colorado,USC,-21,-21.77,-21.07,-23.86,-25.94,-16.75,-19.86,-24.37,-19,-31.6,-24,-19.8,-22,-19.16,-17.94,-20,-24.09,-21.36,-20.56,-23.07,-21.25,-39.03,-26.57,-20.49,-19.15,-17.04,-16.59,-21.03,-22.39,-27.5,-21.05,-25.43,,-23.75,-24.25,-47.2,-17,-21,-24,-15.79,-25.89,-13.58,-16,,-20.77,-21.3,-14,,-21,-24.1,,-18.7,-21.8,-32.87,-19,-4.1,-8.91,-18.97,-27.6,-24.35,,-15,-15.96,-13,-15,-23,-35.39,-20.3,-21,5.71,42,17,10,-23,-20.66
Connecticut,Syracuse,2,-2.54,-3.05,2.55,-1.56,1.51,4.26,-8.18,1,-8.8,-4,1.1,-3.5,2.74,0.56,0.17,0.34,-1.34,-0.61,-1,-0.55,-11.58,8.32,-5.12,3.3,-2.52,4.87,-8.16,-0.54,-9.48,0,-8.25,,-9.08,-10.52,-22.7,7,3.5,1,-4,-7.25,1.15,2,,-1.27,-0.01,0.01,,2,-1.1,,0.6,1.7,21.95,1,-1.02,-2.9,4.08,2.5,-9.7,,3,-0.74,3,3,1.6,-8.47,-0.6,-5,5.40,21,28,10,-5,5.63
East Carolina,Southern Miss.,-9,-12.79,-19.04,-12.2,-14.57,-11.89,-17.13,-7.81,-16,-10.8,-14,-17.45,-11.5,-17.38,-2.83,-6.86,-14.31,-12.95,-13.01,-16.26,-20.25,-19.67,-6.54,-9.09,-17.5,-15.34,-10.21,-5.27,-17.9,-12.39,-12.71,-10.05,,-8.73,-9.45,-19.1,-14,-9.5,-12,-3.35,-14.48,-14.17,-16,,-19.48,-7.9,-9,,-9.5,-22.3,,-17.9,-17.7,-8.1,-13,-1.64,-0.33,-10.87,-12.5,-14.9,,-16,-9.94,-6,-11,-15.3,-18.76,-13,-15,4.51,48,28,10,-12,-12.19
Eastern Mich.,Ball St.,2.5,4.6,4.38,-1.51,6.87,1.36,-0.88,8.94,4,0.4,5,2.09,4.5,1.1,7.71,1.17,-6.95,2.46,5.49,-0.3,-2.65,6.81,2.6,3.54,-2.25,5.31,3.88,7.1,2.07,5.35,2.41,9.19,,6.57,5.83,10.1,-2,-3.5,2,-6.84,5.46,0.42,-2.5,,3.74,-0.5,0.01,,2.5,1.4,,2.4,9.2,2.11,2,1.1,-5.57,-0.93,1.9,2.8,,-4,2.42,-4,-4,3.8,-3.28,1.8,4,3.88,33,31,10,2,1.13
Florida,Vanderbilt,13.5,7.57,8.5,12.14,6.24,6.62,6.92,5.81,9,21.6,6,10.95,7,9.2,13.74,18.69,19.21,9,4.86,7.65,8.25,12.53,4.65,10.13,10,8.45,9.47,5.12,6.56,5.12,8.35,7.2,,4.76,4.28,4.7,18,11,6,16.04,7.64,13.39,9,,8.79,11.9,13,,12.5,2.3,,9.7,7.8,20.06,8,0.72,8.04,11.93,10.5,1,,9,5.86,12,20,6.6,6.79,7.1,2,4.22,21,26,10,8,12.18
Florida Atlantic,Arkansas St.,-17,-22.76,-22.16,-18.71,-22.78,-17.91,-21.35,-24.5,-18,-20.9,-23,-21.09,-18,-21.11,-21.2,-12.77,-22.54,-20.76,-20.99,-23.32,-25.85,-27.06,-10.63,-17.75,-10.9,-17.02,-14.38,-21.58,-29.81,-27.88,-21.15,-30.86,,-22.49,-24.62,-45.9,-17,-16,-20,-6.62,-19.98,-11.37,-13,,-19.78,-13.2,-16,,-17.5,-30.3,,-21.9,-24.3,-25.89,-19,-9.89,-5.26,-19.44,-26.5,-26.05,,-22,-18.97,-11,-17,-22,-36.61,-11,-24,6.38,39,21,10,-25,-17.99
Fresno St.,Louisiana Tech,3.5,-1.21,-3.46,0.4,-5.03,-1.48,3.08,-1.05,-1,5.5,-1,-1.34,-1,-1.46,5.9,4.11,4,0.37,0.57,-1.67,-0.35,-3.14,1.32,8.43,2.95,-1.84,7.15,-0.6,-4.53,-3.21,-0.24,-2.52,,0.57,-1.53,-2.6,4,4,1,6.97,-1.62,2.37,0,,-2.45,2.2,2,,3,1.5,,-1.8,-2.2,-26.13,1,-1.04,2.93,5.38,1.3,-3.05,,4,-0.13,1,3,-1.2,-5.7,-2.4,-6,2.93,41,21,10,-2,1.88
Georgia,New Mexico St.,32,29.6,30.74,35.99,28.64,24.96,31.58,31.97,26,43.5,30,33.15,26.5,27.34,27.45,32.95,41.3,30.64,26.1,30.08,33.35,45.83,35.32,30.85,36,28.53,30.56,29.86,23.33,30.15,30.57,29.87,,31.38,29.24,57.1,37,37,31,29.72,32.55,21.12,24.5,,31.4,36.7,29,,32,26.5,,33.2,26.9,24.2,30,3.96,19.15,35.12,32.9,24.35,,36,24.87,20,39,24,29.84,23.6,17,5.94,16,63,10,29,32.45
Hawaii,Utah St.,3.5,6.25,1.94,4.54,2.96,4.08,7.34,11.3,9,5.9,10,0.58,13,0.43,6.51,6.94,4.08,6.14,4.77,-1.59,3.35,12.03,1.86,19,4.2,2.64,7.15,9.9,5.76,11.62,5.26,15.48,,11.95,13.04,19.6,9,9,6,7.09,9.7,3.81,5,,0.75,4.6,7,,3.5,5.8,,1.5,-0.6,21.04,5,1.56,4.54,4.2,3.7,7.1,,7,3.33,3,7,-0.7,9.49,4.8,3,4.46,35,31,10,7,3.68
Iowa,Michigan,-4,-12.34,-13.3,-5.8,-10.93,-10.98,-5.95,-11.52,-9,-3.9,-15,-13.62,-10.5,-14.06,-10.27,-2.63,-7.84,-9.75,-8.31,-14.66,-10.35,-17.81,-3.04,-9.2,-13,-11.11,-12.47,-10.24,-10.57,-15.03,-10.32,-12.89,,-12.78,-14.38,-29.9,1,-3.5,-9,0.97,-12.46,-8.26,-11,,-13.43,-3.8,-6,,-5,-10.3,,-11.4,-13.9,-2.8,-10,-2.32,-1.1,-12.23,-9.9,-13.45,,-8,-6.94,-4,4,-13.4,-15.86,-6.7,-10,5.00,16,24,10,-8,-5.42
Iowa St.,Kansas,14,13.39,20.69,16.94,18.99,10.88,15.81,10.57,17,19.2,13,21.28,12.5,16.08,12.65,15.56,24.45,14.91,16.98,17.97,21.55,21.92,29.17,9.83,8.55,15.74,20.16,8.67,19.14,11.51,14.91,12.23,,8.67,8.05,9.5,17,13.5,18,9.91,14.53,14.41,15,,19.94,10.6,10,,14,22.8,,20.7,17.3,21.6,22,1.66,6.49,14.84,18.8,12.75,,20,11.93,8,11,10,12.63,20.9,8,4.74,10,13,10,12,16.34
Kent,Central Mich.,1,0.76,6.87,2.29,3.62,6.58,7.1,-0.57,6,-1.1,2,6.89,1,2.08,4.22,5.33,3.19,3.11,5.36,5.94,7.65,2.25,-0.35,-1.22,7,5.41,6.68,3.16,1.66,4.22,3.25,0.01,,3.08,3.8,5.4,4,2,9,-2.07,3.85,3.64,5.5,,7.56,-0.3,0.01,,1,8,,4.2,2.4,12.2,4,-0.87,0.77,-1.59,1.8,0.01,,4,3.3,-3,1,-1.1,-5.87,5.5,-1,3.20,21,24,10,-2,2.54
Kentucky,Mississippi,-2,-0.01,-3.51,0.32,3.6,-0.23,-1.63,0.93,3,4.8,2,-1.74,3,-1.05,5.47,-4.46,-0.56,0.41,-5.64,-3.41,-3.05,-0.94,-0.01,4.58,0.4,-0.18,-6.74,4.55,2.15,4.86,-0.03,2.98,,4.34,6.67,5.8,0.01,-2.5,-2,4.53,3.07,3.02,-4,,-2.43,-2.3,4,,-2,-1.6,,-2.2,0.9,-2.21,-3,0.03,0.21,-1.11,-4,-0.95,,-1,-1.62,-2,7,0.3,-1.72,3.3,1,3.22,13,30,10,1,-1.84
Louisiana-Lafaye,Louisiana-Monroe,5,13.22,9.77,3.74,7.86,10.33,8.99,17.66,17,21.4,17,10.4,19.5,8.99,11.62,7.85,8.01,11.32,10.71,8.4,8.75,20.44,6.8,22.01,5.25,11.88,10,18.53,14.11,22.13,9.82,22.68,,21.88,24.89,40.2,7,3.5,9,16.59,18.42,0.38,12.5,,10.71,2.4,2,,6,8.5,,6.6,6,9.36,7,1.8,8.43,3.03,4.4,10.5,,6,9.91,3,7,8,22.62,12.2,14,7.24,35,36,10,10,4.38
Maryland,Virginia,-2.5,-3.89,0.95,-0.18,-7.42,2.54,1.06,-8.62,-1,-3,-5,1.57,-4.5,0.76,-2.36,6.99,0.35,-1.78,-1.65,1.44,1.25,-13.19,2.06,-4.15,2.3,0.45,-4.99,-5.18,-5.9,-6.67,-0.28,-10.73,,-8.31,-7.84,-17.9,6,2.5,-2,5.36,-7.34,1.82,5,,2.12,1.3,3,,-2.5,-2.2,,1.9,-4.9,-9.39,-5,-2.34,1.97,-0.36,-0.2,-8.05,,7,-0.16,2,3,-1.5,-13.26,0.3,-7,5.01,31,13,10,-9,4.02
Miami (Fla.),Duke,15.5,17.72,15.31,17.17,14.7,15.22,10.56,16.13,20,23.7,14,17.76,14.5,19.39,17.66,18,21.58,14.39,11.07,17.42,12.75,26.81,7.14,8.1,14.35,12.42,4.59,14.73,12.84,15.64,14.55,14.79,,13.56,13.18,23.1,18,16.5,10,13.96,16.96,11.67,7.5,,14.92,16.9,12,,15.5,8,,14.6,15.9,16.3,14,0.97,11.6,15.46,13.2,10.35,,14,14.4,11,7,18.9,16.33,19.1,9,3.97,14,49,10,12,12.37
Miami (Ohio),Akron,14,17.18,20.63,17.43,16.44,16.03,21.79,16.74,21,29.4,14,26.08,13,17.65,25.31,18.14,24.87,17.68,15.21,19.65,22.15,14.72,12.25,20,14.3,16.89,20.44,15.28,14.65,15.87,17.54,19.7,,12.58,12.92,19.3,22,16.5,21,20.19,11.6,24.86,7.5,,20,13.6,18,,14.5,23.3,,22,15.9,6.29,19,7.12,11.84,17.73,23,13.25,,21,13.13,10,17,9.4,17.96,23.5,8,4.50,3,35,10,12,18.01
Michigan St.,Minnesota,28,25.36,32.58,27.95,36.01,23.66,23.74,23.06,37,42.1,23,31.98,21.5,27.73,22.01,26.65,31.06,27.56,23.95,29.19,29.15,39.58,44.08,34.91,28.6,26.86,24.7,20.11,27.1,27.04,27.07,27.99,,24.74,24.46,44.1,27,28,25,26.48,30.58,28.28,26.5,,32.36,28.4,24,,28,25.6,,31.6,29.8,44.66,25,3.12,16.31,25.13,29.2,21.25,,28,21.35,15,35,18.8,30.85,21.8,18,5.81,24,31,10,27,28.39
NC St.,North Carolina,-3.5,-6.95,-5.94,-3.93,-5.59,-6.48,-4.36,-5.83,-3,-5.8,-7,-5.31,-6.5,-8.01,0.48,-8.34,-5.86,-5.23,-2.73,-8.99,-7.55,-12.39,1.93,-2.95,-5.5,-5.63,-6,-6.36,-4.75,-9.37,-5.54,-4.6,,-8.8,-7.75,-19.1,-2,-3.5,-4,-5.4,-9.32,0.98,-6.5,,-6.73,-3.8,0.01,,-3.5,-4.8,,-5.8,-7.3,-17.66,-6,-0.25,-1.57,-2.28,-3.9,-7.5,,-5,-2.86,-4,-1,-8.7,-16.01,-4.2,-8,3.49,0,13,10,-5,-6.43
Navy,Troy St.,6.5,13.5,15.52,8.7,6.52,12.75,10.88,9.52,8,14.6,10,15.73,8,17.9,10.46,14.93,15.01,10.67,17.13,16.59,12.95,12.83,12.51,6.47,8,12.92,5.03,6.85,7.88,5.73,10.23,5.16,,4.13,2.36,5.9,10,5,12,11.82,8.74,5.8,5,,16.06,8,7,,7,12.2,,16.3,14.4,-8.47,15,1.23,5.28,10.86,15.9,5.55,,12,17.5,7,14,22,9.59,7.4,3,4.52,14,42,10,6,6.93
Nebraska,Northwestern,17.5,23.79,19.64,18.43,17.16,18.87,20.23,27.43,22,30.1,26,21.13,24,19.83,30.73,20.18,27.89,21.87,22.79,21.27,21.35,38.97,14.9,20.58,24.25,21.02,17.68,26.67,18.44,28.4,20.66,28.33,,26.07,29.44,49.8,19,19,22,21.85,27.94,14.37,17,,20.74,17.5,16,,18,19.8,,21.1,18.9,16.44,19,3.42,17.36,17.41,22.5,19.65,,18,18.31,12,20,23,26.25,18.3,15,5.64,28,25,10,18,18.16
Ohio,Temple,-3.5,-4.72,-10.58,-9.76,-3.38,-7.14,-8.49,-1.81,-4,-17.6,-4,-1.04,-1,-9.39,3.32,-11.6,-7.52,-5.23,-4.52,-10.69,-15.15,-10.81,-2.17,-1.13,-0.75,-5.46,0.01,0.01,-3.83,-3.03,-4.29,-0.57,,0.71,1.08,-2.2,-4,-5,-10,-9.75,-4.66,-6.56,-11.5,,-9.03,1.2,-6,,-3.5,-11,,-8.6,-3.8,-18.03,-6,-0.58,0.01,-7.48,-11.4,-6.55,,-13,-2.34,-7,-14,-10,-9.59,-0.7,-4,4.82,31,35,10,-3,-6.66
Ohio St.,Indiana,27.5,28.27,31.33,28.26,27.7,23.63,30.71,30.08,31,45.1,26,30.79,24,26.75,42.33,27.97,41.38,29.54,28.56,28.55,32.95,45.31,34.06,35.61,27,28.24,30.28,26.76,25.14,30.64,29,32.17,,27.74,29.44,50.9,34,29,33,29.29,32.24,26.18,14,,30.82,27.6,27,,27.5,33.2,,30.7,25.3,34.21,30,9.64,13.16,28.12,36,22.7,,34,22.69,18,32,19.9,32.87,26.4,15,6.35,20,34,10,25,27.99
Oklahoma,Texas A&M,14,9.84,16.8,15.93,19.63,13.27,14.95,8.73,17,13,21,16.78,21.5,11.21,11.72,17.65,23.94,14.53,12.46,13.35,18.35,10.42,17.27,15.36,10.5,14.88,9.44,10.49,16.21,14.79,14.75,13.05,,11.74,15.17,25.7,19,16.5,13,13.98,9.02,13.29,21,,17.12,8.7,12,,14,19.2,,17.5,17.2,25.65,11,0.8,7.2,19.25,14.7,8.45,,20,7.78,8,14,12.9,7.64,8.8,14,4.31,25,41,10,13,15.67
Oklahoma St.,Kansas St.,21,15,21.99,20.02,20.71,16.94,20.56,12.27,18,15.1,23,24.94,23.5,16.57,19.38,12.89,28.73,18.16,19.77,22.26,22.95,9,21.03,14.49,17.25,17.89,15.85,10.81,18.05,14.37,19.03,18.62,,9.72,12.61,21.3,22,21.5,14,13.38,8.95,20.84,21.5,,20.72,18.1,21,,21,23.7,,25.4,20.9,3.61,27,7.31,9.67,21.02,27.3,9,,23,18.68,7,21,8.5,15.68,22.2,13,5.11,45,52,10,15,22.95
Oregon St.,Stanford,-21,-26.62,-29.04,-22.55,-35.62,-23.97,-26.94,-27.55,-35,-32.5,-32,-30.46,-30,-26.09,-30.61,-21.15,-30.98,-27.31,-26.94,-30.58,-29.65,-33.53,-29.17,-26.28,-23.15,-24.52,-21.27,-25.02,-34.59,-33.79,-27.73,-34.76,,-29.34,-29.47,-56.2,-26,-21,-24,-20.62,-25.66,-20.66,-25,,-28.6,-19.6,-18,,-22,-29.6,,-30.4,-31,-30.37,-30,-9.25,-8.1,-28.08,-27.9,-28.6,,-27,-22.45,-14,-21,-23,-38.04,-28.2,-31,6.51,38,13,10,-28,-22.11
Pittsburgh,Cincinnati,-3.5,-6.45,-4.09,-1.71,-8.66,-4.37,4.29,-7.55,-7,0.4,-10,-5.92,-4.5,-5.23,-2.27,3.53,-1.9,-4.55,-1.16,-4.28,-4.55,-9.94,-1.52,-1.78,2,-4.06,-2.42,-5.16,-15.1,-9.94,-4.04,-10.1,,-9.43,-8.72,-20.5,-2,-3,0.01,2.09,-8.26,-2.54,-6.5,,-3.54,-1.4,-2,,-3.5,-4,,-6.2,-10.2,3.64,-2,-1.67,0.22,-4.54,-2.5,-10.45,,-2,-2.3,1,3,-5.6,-9.09,0.3,-12,4.27,26,23,10,-9,-0.87
Rice,UTEP,1,1.77,-1.63,-1.62,-5.01,-1.33,-3.88,4.89,-2,-2.6,-0.25,-1.07,-1,-1.23,14.34,-1.7,-4.17,-1.35,-2.01,-3.29,-5.75,0,0.85,0.66,-2.2,-1.25,-3.47,4.73,-8.23,-2.89,-1.62,1.09,,2.17,0.01,2.2,-4,-1.5,-2,4.26,-1.14,0.01,-7.5,,-4.04,1.3,4,,0.5,-5.3,,-0.7,-3.7,0.19,-5,0.36,1.38,-2.72,-1.6,-6.55,,-3,1.15,-2,-1,-5.5,-9.87,-1.4,-8,3.57,37,41,10,-5,-1.84
Rutgers,South Florida,-2.5,3.45,2.76,-1.05,3.56,-0.63,1.53,5.46,3,6.2,6,0.28,6.5,0.94,9.52,1.99,-2.43,2.16,3.95,0.58,1.65,6.5,0.42,5.21,1.45,3.58,-1.83,7.44,-2.21,3.26,2,6,,6.22,5.29,10.8,0.01,-1,2,3.25,4.77,-0.67,1.5,,1.9,-2.8,-1,,-1.5,2.2,,-0.2,-0.6,4.46,-1,0.23,4.46,-1.31,0.5,0.55,,-4,4.2,2,3,2.5,0.61,2.5,1,3.14,17,20,10,-2,-3.65
SMU,Tulane,26.5,30.98,32.13,25.93,18.44,28.03,25.81,30.17,32,42.3,25,33.46,23.5,32.07,24.89,20.83,29.04,27.21,27.73,30.56,29.35,36.97,31.23,27.51,16.2,27.76,29.62,24.96,23.64,30.22,27.38,30.99,,24.53,27.13,46.6,31,25,28,21.65,26.7,24.03,30,,30.52,26,22,,26.5,29.8,,33.2,24.4,14.66,28,4.13,13.33,25.59,31.3,23.25,,31,24.43,15,24,23,30.08,23.1,16,5.62,24,45,10,21,27.24
San Diego St.,New Mexico,34.5,29.67,45.65,34.79,36.66,30.78,34.58,27.57,36,43.6,35,42.41,28,31.97,31.52,34.75,42.43,32.85,26.81,37.73,39.85,32.19,44.25,32.48,20.75,34.7,31.09,24,39.46,33.43,32.95,36.1,,26.07,27.62,48.6,38,37,34,30.17,24.29,30.76,30.5,,44.41,37.7,27,,34.5,31.1,,41.7,37.4,49.18,36,8.55,18.29,32.15,35.5,25.2,,38,23.24,19,31,20,31.92,33.6,26,6.80,7,35,10,30,35.73
San Jose St.,Idaho,8.5,11.79,9.74,6.97,6.78,6.66,8.28,17.05,15,16.4,12,9.26,13.5,6.82,8.48,4.86,6.45,10.29,11.78,6.58,11.45,14.75,14.12,5.96,7.4,13.36,10.77,16.01,7.88,15.25,9.55,22.7,,17.12,19.47,31.7,5,6,11,10.68,12.03,1.43,8.5,,11.74,10.9,7,,8.5,10,,10.7,6,9.44,9,8.45,9.36,5.83,12.2,7.8,,5,9.17,1,7,2.3,17.46,7.5,4,5.25,32,29,10,10,7.87
Tennessee,Middle Tenn.,21.5,23.85,26.57,21.62,13.81,22.43,25.22,25.24,18,35.4,21,30.96,14.5,22.49,26.27,24.15,33.95,22.93,23.03,29.26,28.15,35.78,29.91,20.98,22,22.7,26.7,21.63,12.15,20.64,22.66,19.47,,20.41,16.46,35.7,26,18,25,26.79,22.49,17.21,18,,26.61,19.4,17,,21.5,25.1,,27.1,15.9,28.47,20,3.67,12.72,26.45,32.6,16.8,,27,22.61,11,42,22,19.78,16.5,7,5.98,0,24,10,15,22.97
Texas,Texas Tech,14,11.66,16.24,11.78,11.33,10.99,8.79,9.24,12,6.8,13,14.59,9,13.51,15.1,11.52,19.77,11.18,12.8,13.11,13.75,13.08,19.16,2.53,10,13.98,11.77,8.6,7.7,11.11,11.06,11.94,,11.4,10.55,21.7,9,10,11,7.71,11.18,5.08,12.5,,14.25,9.9,9,,13.5,14.8,,16.7,8.7,-8.85,13,0.96,6.58,12.82,11,7.25,,13,10.47,7,7,10.3,5.4,2.7,5,3.57,20,52,10,7,15.13
Toledo,Northern Ill.,8.5,12.62,18.32,4.37,14.9,12.91,5.74,11.28,13,14.2,18,13.23,12.5,14.17,5.76,12.76,14.82,11.57,15.14,16.24,8.85,18.58,11.56,6.92,8.25,14.98,12.72,11.22,9.9,12.88,11.51,12.81,,9.79,11.18,18.2,3,7,11,9.78,13.77,14.51,18.5,,18.41,10.6,7,,8.5,8.4,,19.6,15.4,28.52,12,1.15,9.35,6.89,10.2,8.6,,9,11.45,3,8,22,10.09,14.7,5,4.35,63,60,10,5,9.66
UAB,Houston,-27.5,-29.63,-37.94,-23.07,-35.03,-25.89,-21.75,-28.28,-28,-10.3,-41,-37.48,-33,-31.1,-29.46,-26.85,-37.84,-28.99,-23.51,-37.73,-30.85,-42.78,-32.7,-21.35,-26.5,-31.5,-24.37,-26.34,-40.91,-35.74,-28.93,-33.6,,-31.71,-34.02,-63.3,-22,-24,-21,-9.17,-30.36,-18.4,-29,,-38.44,-28.4,-20,,-27.5,-23.9,,-37.2,-37.9,-37.25,-29,-10.21,-7.36,-29.83,-25.9,-33.85,,-22,-22.33,-15,-18,-24,-36.92,-20.1,-39,8.50,56,13,10,-33,-25.32
UCLA,Arizona St.,-8.5,-10.44,-13.49,-16.49,-19.98,-10.48,-15.04,-8.01,-7,-15.4,-9,-12.52,-7.5,-12.95,-7.54,-11.57,-17.57,-11.92,-12.38,-15.74,-18.75,-15.08,-8.08,-9.45,-18.2,-11.28,-11.58,-4.84,-14.91,-7.84,-11.8,-7.13,,-4.6,-4.9,-10.9,-14,-13.5,-10,-8.88,-10.61,-12.32,-7,,-15.8,-14.5,-5,,-9,-15.8,,-11,-17.3,-10.93,-11,-1.43,-3.66,-10.45,-11.9,-11.7,,-14,-10.21,-7,-21,-18,-18.52,-10.1,-15,4.25,28,29,10,-12,-13.76
UNLV,Boise St.,-42,-36.9,-45.65,-41.02,-43.72,-40.47,-42.74,-33.65,-39,-46.7,-40,-48.06,-33.5,-40.31,-37.73,-42.44,-57.62,-39.96,-33.17,-47.26,-45.35,-47.75,-52.96,-38.13,-37,-35.81,-36.05,-30.85,-43.35,-40.35,-40.16,-36.31,,-32.13,-29.84,-64.2,-45,-41,-39,-29.8,-32.56,-44.47,-23,,-45.91,-42.3,-38,,-42,-39.8,,-47.5,-49.3,-29.9,-45,-10.19,-13.15,-46.22,-44.5,-32.9,,-51,-31.66,-28,-38,-24,-44.7,-31,-35,8.27,48,21,10,-39,-42.63
Wake Forest,Notre Dame,-14,-6.5,-16.9,-14.84,-4.58,-15.59,-13.59,1.08,-10,-6.3,-6,-16.68,-3,-15.81,-5.96,-12.22,-18.81,-9.93,-8.99,-19.91,-17.15,-9.33,-18.21,-2.33,-17.25,-11.68,-4.86,1.63,1.24,-5.78,-10.35,2.3,,0.71,0.67,-2.7,-12,-14,-9,0.37,-6.35,-13.36,-15,,-18.05,-14.8,-10,,-14,-14.7,,-15.6,-10.7,-14.43,-15,-0.09,3.34,-18.56,-20.2,-7.9,,-13,-7.91,-9,-11,-16.8,-7.42,-10.6,-6,6.36,24,17,10,-9,-16.14
Washington,Oregon,-16.5,-8.26,-15.03,-13.41,-10.7,-11.56,-9.1,-2.98,-9,-17,-14,-17.47,-10.5,-13.79,-13.49,-18.52,-23.21,-11.79,-10.28,-17.04,-13.85,-8.17,-17.59,-4.31,-9.5,-11.98,-8.82,-2.58,-17.26,-6.66,-12,-1.85,,-1.6,-0.88,-6,-15,-16.5,-11,-8.93,-4.14,-11.06,-16,,-17.88,-22.3,-12,,-16,-6.3,,-16.5,-19.8,-26.01,-14,-6.11,-2.31,-18.93,-12,-10.15,,-16,-9.21,-8,-15,-17.4,-15.74,-15.8,-13,5.37,34,17,10,-13,-18.25
West Va.,Louisville,13,12.8,13.41,12.75,13.38,13.4,7.87,11.85,14,16.3,12,16.37,12.5,13.75,4.82,12.34,16.07,12.02,8.67,13.25,8.95,19.11,3.81,9.53,11.5,12.34,7.94,10.93,14.76,14.35,12.78,14.32,,11.74,12.91,19.8,14,14,7,19.39,14.85,11.87,9,,14.26,14.8,13,,13,5.1,,14.8,15.5,19.25,10,1.11,11.78,15.64,14.6,7.1,,14,9.97,6,11,9.2,11.61,10.1,8,3.15,38,35,10,12,13.43
Western Kentucky,Florida Intl.,-3,-3.34,-1.41,-5.34,-1.48,-4.39,3.71,-2.45,-2,-3.7,-6,-2.45,-4,-4.23,0.3,-4.99,-2.23,-2.83,4.01,-5.59,-0.85,-5.75,-4.79,-10.66,2.3,0.64,-2.61,-1.47,-4.68,-5.2,-3.17,-4.09,,-6.07,-5.09,-14.9,-3,-3,3,-13.38,-4.1,-2.89,,,-0.38,-7.6,-5,,-3,7.2,,-5.1,-6.3,-8.14,-1,-0.65,-2.69,-5.4,0.8,-3.4,,-3,0.25,-2,-4,-2.5,-9.92,-0.5,-6,3.84,9,10,10,-4,-4.55
Wisconsin,Purdue,25.5,15.95,30.76,27.54,22.5,21.57,23.63,12.36,25,44.5,16,29.59,15.5,22.89,17.91,29.76,34.25,22.51,21.32,26.88,28.85,26.42,21.65,21.36,25.5,25.09,23.51,10.43,23.59,17.21,22.55,14.68,,10.77,12.38,17.8,30,26.5,16,36.05,20.13,22.01,27,,32.12,24.6,21,,25.5,24.1,,29.4,25.5,30.43,24,1.49,15.21,22.6,24.2,13.95,,29,18.34,17,31,15.4,21.18,22.8,17,6.54,17,62,10,21,25.86
Wyoming,TCU,-19,-9.58,-18.23,-19.52,-11.63,-12.24,-19.6,-4.21,-6,-28.4,-10,-16.96,-9.5,-15.7,-0.85,-21.53,-22.39,-13.77,-6.23,-17.39,-22.25,-17.58,-27.25,-11.55,-17.9,-11.25,-14.39,-2.1,-12.26,-3.56,-14.24,-0.72,,-0.76,1.91,-3.7,-22,-20,-15,-16.34,-9.58,-17.53,-15.5,,-16.6,-21.9,-19,,-19,-14.1,,-18.3,-19.2,-25.04,-20,-0.92,-5.2,-19.18,-17.1,-8.9,,-22,-8.71,-18,-28,-12.8,-16.23,-10.6,-11,7.21,31,20,10,-13,-19.4
Air Force,Wyoming,16.5,6.19,12.16,16.96,6.12,7.61,14.35,1.42,7,14,8,13.29,8.5,11.47,4.04,15.8,15.75,9.71,1.44,10,13.25,6.75,10.83,13.73,9.5,8.76,11.45,3.41,6.71,2.21,9.75,0.63,,2.17,1.2,0.8,17,14,10,10.83,6.47,17.01,8,,10.92,15.2,16,,15.5,8.7,,16.7,12.1,2.85,16,-0.36,7.67,16.45,11.6,-0.01,,21,4.89,11,21,8.9,3.13,12.5,2,5.44,25,17,11,7,14.11
Akron,Kent,-5,-9.45,-8.99,-6.96,-7.15,-6.71,-10.09,-12.38,-7,-13.1,-7,-7.41,-6,-6.52,-15.88,-9.71,-11.5,-8.12,-6.63,-8.52,-8.05,-5.14,-11.03,-7.27,-4.75,-7.47,-6.98,-10.35,-7.34,-11.16,-7.37,-13.99,,-7.4,-9.49,-20.4,-8,-6.5,-11,-8.84,-2.82,-7.88,-2,,-9.54,-3.8,-6,,-5.5,-9.1,,-3.7,-6.3,-5.07,-6,-7.16,-4.59,-4.67,-8.1,-12.95,,-10,-4.7,-8,-4,-3.5,-39.04,-7.4,-6,5.26,35,3,11,-6,-6.27
Arkansas,Tennessee,14,12.59,9.71,13.54,10.04,6.86,15.35,22.03,17,20.9,16,10.15,17.5,7.98,17.71,11.38,15.96,14.59,13.88,6.25,13.95,20.19,15.43,22.9,19.5,9.47,13.23,19.83,16.61,15.84,14.1,24.88,,18.38,19.82,29.6,14,13,16,15.74,16.74,16.46,4,,7.5,14.2,13,,14,18.2,,11.7,14.4,15.06,13,7.79,10.58,10.73,16.7,12.7,,18,11.71,7,13,4.6,16.89,15.8,9,4.89,7,49,11,16,13.86
Arkansas St.,Louisiana-Lafaye,10.5,7.81,11.34,12.01,11.16,8.98,8.11,5.79,8,1.1,9,13.62,3.5,9.68,9.3,5.84,11.36,8.06,8.6,11.21,10.35,10,14.56,2.58,4.55,6.93,5.27,5.82,7.76,5.16,8.26,4,,3.29,3.12,2.1,9,9.5,7,1.76,7.41,8.69,7,,8.42,11.8,8,,10,8.4,,16.1,15,17.64,12,0.52,2.42,15.46,11.1,4.7,,11,8.81,6,7,10.6,4.74,7.5,2,3.53,21,30,11,6,10.26
Army,Rutgers,-7.5,-10.87,-12.24,-8.05,-12.58,-10.92,-9.97,-11.87,-11,-20.7,-15,-10.43,-14,-9.91,-5.54,-13.31,-8.6,-11.35,-10.89,-12.92,-10,-25.75,-9,-13.92,-4.7,-10.44,-9.04,-15.56,-6.49,-18.98,-10.91,-15.15,,-17.19,-18.48,-34.2,-6,-8.5,-13,-14.92,-17.97,-4.19,-5,,-15.4,-13.4,-5,,-8,-6.5,,-0.5,-7.1,8.55,-6,-1.04,-9.14,-6.42,-13,-15.8,,-3,-10.92,-7,-14,-13,-22.6,-11.5,-9,5.43,27,12,11,-10,-11.88
BYU,Idaho,21,16.38,15.92,16.87,20.74,14.92,21.33,18,19,34.8,18,18.48,19,14.82,16.34,14.04,18.98,19.39,15.21,15.99,19.15,29.86,26.73,23.62,17,16.53,18.05,19.4,18.12,22.05,18.77,23.56,,23.55,25.92,42.1,23,19.5,21,26.89,22.8,15.85,10,,17.1,20,21,,21,17.3,,25.1,16.2,-4.38,18,2.59,18.99,18.55,22.3,14.4,,23,13.15,11,24,11.3,24.58,14,12,5.29,7,42,11,19,20.68
Boise St.,TCU,15.5,16.59,18.33,13.63,15.95,12.33,12.21,21.61,15,20.5,23,18.67,17,11.47,35.32,16.94,25.66,15.89,19.13,13.74,12.25,15.58,19.19,18.87,14.5,16.66,11.99,17.67,16.3,16.48,16.05,19.83,,17.12,16.15,25.6,12,15.5,13,14.18,11.53,15.24,14,,19.58,17.4,12,,15.5,8.7,,12.8,13.5,3.73,14,8.41,7.86,15.33,14.9,9,,22,14.15,6,13,9.7,16.32,16.2,7,4.83,36,35,11,13,17.85
Boston College,NC St.,-2.5,-8.78,-5.15,-2.88,-8.21,-2.07,-3.82,-11.3,-4,-5.3,-8,-2.48,-7.5,-6.36,-4.35,-5.2,-2.62,-5.41,-6.17,-3.82,-0.45,-17.53,1.45,-5.91,-4.7,-5.36,-5.85,-8.89,-8.86,-9.81,-5.21,-14.37,,-9.78,-12.54,-22.7,-2,-2,-2,-3.43,-9.95,1.45,-4.5,,-5.21,-1.1,0.01,,-2.5,-2.3,,-6.4,-5.3,-10.92,-3,-2.02,-1.56,-0.26,-1.4,-10.3,,1,-5.16,-4,-3,-5.7,-19.9,-3.8,-8,4.60,10,14,11,-6,-2.77
Bowling Green,Northern Ill.,-5,-3.96,-5.78,-9.47,-4.42,-3.79,-12.16,-4.36,-4,-6.1,-3,-7.96,-4,-3.56,1.92,-5.6,-8.97,-6.28,-4.51,-4.91,-9.85,-10.5,-1.07,-1.49,-5.75,-5.77,-13.14,-3.97,-4.54,-5.57,-5.67,-4.08,,-5.44,-4.65,-12.2,-16,-7,-11,-3.89,-7.06,-6.63,2.5,,-5.32,-10,-9,,-5,-12.1,,-6.6,-1.7,6.03,-2,-0.84,-1.68,-4.65,-7.3,-8.9,,-13,-4.33,-7,-8,-0.5,-11.87,-3.5,-8,3.77,45,14,11,-6,-5.32
California,Oregon St.,9,12.83,6.63,8.03,23.54,6.97,5.29,14.07,18,4.4,14,10.7,13.5,11.58,12.22,5.54,11.73,10.24,5.88,8.27,7.75,16.72,11.85,9.46,3.75,7.38,8.24,14.32,15.93,14.18,9.33,18.41,,15.66,16.73,25.9,8,9.5,8,4.95,14.72,8.16,8.5,,5.98,4.3,6,,9,5.5,,11.8,14.1,16.44,11,0.77,5.5,11.65,7.8,8.95,,7,9.65,2,4,9.2,16.93,8,9,4.77,6,23,11,11,9.85
Central Mich.,Ohio,-6.5,-7.53,-10.7,-6.55,-12.46,-8.5,-5.26,-3.73,-8,-1.2,-11,-9.16,-9.5,-11.47,4.46,-5.12,-13.04,-7.63,-5.68,-12.74,-10.85,-13.08,-3.3,-7.35,-4.9,-9.43,-10.01,-4.09,-16.42,-10.47,-7.32,-5.62,,-7.05,-10.25,-17.1,-3,-5,-7,-1.08,-9.52,-5.28,-8,,-12.56,-5,-1,,-6.5,-7.6,,-10.2,-15.4,-3.04,-9,-0.68,-0.96,-2.87,-7.3,-10.9,,-1,-5.51,-5,-4,-17.3,-21.79,-6.8,-13,4.52,43,28,11,-10,-5.96
Cincinnati,West Va.,3.5,7.44,8.66,2.31,7.31,3.64,2.16,9.02,11,3.3,14,9.56,5.5,5.52,11.13,3.57,8.09,6.48,6.7,5.51,6.25,9.5,1.98,7.25,3.5,7.36,3.73,8.1,10.44,7.1,6.6,10.14,,8.67,8.93,10.4,5,3.5,4,3.64,8.14,4.39,12,,7.55,2.9,4,,3.5,6.4,,0.5,6.5,22.66,6,1.12,3.98,11.76,6.7,7.15,,10,6.24,2,4,4.4,5.98,6.1,4,3.00,24,21,11,4,3.75
Clemson,Wake Forest,16.5,16.26,17.1,17.62,16.3,16.51,18.16,19.26,18,24.4,20,19.27,19.5,14.29,21.62,16.71,25.3,17.47,15.89,16.87,17.95,26.22,24.27,16.67,26.3,16.33,12.7,18.33,10.41,19.39,17.05,21.94,,15.1,18.6,28.8,18,19.5,15,17.75,20.01,13.84,15,,17.91,15.2,14,,16.5,15.9,,20.8,16.1,18.68,16,2.35,11.09,13.97,16.9,11.75,,20,15.51,10,17,18.6,20.25,16.5,11,3.54,28,31,11,16,17.35
Colorado,Arizona,-11,-9.46,-13.14,-14.35,-16.28,-7.77,-7.33,-8.28,-5,-15.7,-10,-11.08,-8,-11.25,-5.05,-11.91,-14.28,-9.12,-7.79,-13.76,-9.65,-14.61,-15,-1.59,-1.8,-9.12,-5.52,-4.84,-10.98,-7.06,-9,-4.66,,-4.33,-3.77,-11.9,-9,-13.5,-8,-8.17,-7.2,-6.4,-7,,-13.63,-8.4,-8,,-11,-5.2,,-16.2,-13.3,-2.6,-10,-2,-0.63,-14.93,-11,-8.1,,-9,-6.11,-7,-11,-11.5,-16.5,-10.5,-10,3.89,29,48,11,-9,-11.05
Colorado St.,San Diego St.,-13.5,-13.31,-14.27,-14.8,-9.64,-14.27,-18.13,-11.86,-6,-19.8,-11,-15.55,-9,-14.97,-2.75,-17.86,-17.56,-12.87,-7.37,-18.26,-15.75,-19.31,-10.58,-17.55,-6.7,-10.13,-13.27,-11.69,-14.16,-15.85,-13.3,-12.24,,-9.71,-10.89,-22.5,-15,-14.5,-15,-11.82,-12.91,-13.61,-13.5,,-13.46,-10.3,-11,,-13.5,-14.2,,-15.1,-16.1,-29.77,-13,-1.64,-3.84,-13.29,-13.3,-15.1,,-17,-9.4,-11,-14,-13.2,-22.38,-9.1,-13,3.92,18,15,11,-11,-13.16
Eastern Mich.,Buffalo,3.5,6,4.78,2.75,13.03,4.2,5.19,9.42,10,9.4,11,2.26,12.5,2.75,6.96,4.82,-2.8,7.21,7.22,1.76,2.55,12.36,4.94,17.64,7.25,7.86,9.7,11.63,7.48,14.64,6.83,15.91,,16.43,18.26,28.6,1,2.5,6,7.32,10.93,5.28,1,,5.05,2.2,2,,4,5.7,,0.6,6.8,11.69,6,0.9,5.23,0.83,9.2,10.55,,2,5.26,2,7,7,12.76,3.6,7,5.54,17,30,11,7,1.66
Florida Intl.,Florida Atlantic,17.5,20.95,20.1,20.67,23.17,17.34,19.3,22.22,22,27.9,22,20.88,19.5,19.78,26.45,18.61,19.89,20.09,20.17,20,20.55,20.22,19.72,16.08,14.5,18.04,14.81,18.97,28.07,23.29,19.84,27.39,,20.27,22.56,34.5,22,18.5,18,19,16.58,17.82,19.5,,20.1,20.2,19,,18,20.6,,22.8,21.5,8.5,19,8.33,10.11,18.44,22.7,16.35,,18,17.86,12,18,19.4,35.06,17.6,17,4.15,7,41,11,19,19.78
Florida St.,Miami (Fla.),9,3.71,9.32,8.46,11.42,6.18,11.29,1.34,12,12.7,8,9.96,6.5,7.79,-1.44,8.76,14.12,8.49,9.16,6.91,10.35,4.56,6.32,8.52,8,9.08,17.85,2.52,12.22,3.25,8.76,4.49,,3.64,4.32,3.3,14,10,10,6.9,6.43,15.09,11.5,,10.75,7.8,11,,9,17.8,,17.6,10.5,33.95,12,0.02,1.1,10.65,15.4,2,,11,5.94,4,10,5.6,5.22,6.3,4,4.24,19,23,11,7,9.09
Georgia,Auburn,12.5,7.84,13.91,11.93,23.71,10.79,6.43,-1.39,13,0.8,11,15.61,8,12.8,2.4,9.03,15.22,9.28,7.4,12.5,12.85,4.36,11.41,-0.3,12.25,11.29,9.6,2.38,15.26,7.5,9.2,0.67,,4.13,4.79,4.1,10,12.5,7,2.07,7.59,7.47,13.5,,14,11.5,7,,12.5,6.1,,22.3,20.3,15.36,15,-0.67,3.33,15.66,10.3,5.7,,12,7.06,3,7,11.8,7.71,8,8,5.15,7,45,11,10,9.37
Georgia Tech,Virginia Tech,-1,-0.52,5.31,2.92,0.96,1.76,0.66,-0.44,3,-5.2,-2,0.45,-2.5,-0.6,0.96,-0.86,1.24,-0.05,2.63,2.43,2.55,-1.47,-6.27,-1.9,-5.25,3.86,-2.44,-1.06,0.47,-2.71,-0.48,-2.49,,-0.97,-2.98,-5,1,1,2,-1.3,0.01,-4.37,1.5,,5.72,-3.7,-1,,-1,1.2,,14,3.5,0.5,4,-0.5,2.59,-1.69,-1.2,-5,,2,2.48,-2,-1,-5.1,-4.02,5.5,-1,3.47,37,26,11,-1,0.55
Illinois,Michigan,-1,-2.51,-7.4,-3.73,2.12,-3.32,-1.9,0.2,-3,-9,-3,-4.77,-2.5,-7.1,-4.54,-4.14,-2.65,-3.27,-3.01,-6.33,-3.15,-4.94,-2.28,-2.06,-1,-5.46,-0.01,0.11,-5.03,-4.32,-3,-1.54,,-2.51,-2.6,-7.1,3,-3,-2,-5.16,-3.23,-3.39,-6,,-7.8,-1.3,-1,,-1.5,-1.9,,-0.2,-4.2,-1.3,-4,-0.23,-1.32,-6.89,-9.1,-5.85,,-6,-2.56,-5,-1,-4.7,-9.63,-1.7,-5,2.63,31,14,11,-1,-2.65
Iowa,Michigan St.,-2.5,-3.43,-1.7,-2.21,-2.62,-1.13,-2.28,-3.28,1,-21.4,-3,-2.66,-2.5,-3.69,-5.1,7.67,1.13,-2.91,-1.36,-3.54,-1.55,-7.78,-1.57,-9.69,-9,-2,-1.25,-2.35,-0.22,-4.32,-2.63,-5.41,,-2.65,-3.02,-8.7,3,-3,-4,-10.99,-4.12,-4.71,-4.5,,-2.82,-3.9,-4,,-2.5,1.1,,-3.2,-2.9,7.63,-2,-0.89,-0.58,-1.56,-5.1,-6.25,,-7,-0.01,-2,3,-3.9,-6.24,-1,-2,3.80,37,21,11,-5,-0.88
Kansas,Baylor,-20,-15.69,-18.28,-20.32,-19.95,-14.95,-13.36,-12.2,-14,-23.9,-19,-20.68,-13,-18.86,-2.97,-13.28,-20.83,-16.02,-13.39,-22.06,-18.65,-24.61,-14.4,-9.98,-11.7,-14.76,-15.67,-9.67,-20.66,-15.98,-15.84,-13.4,,-10.68,-11.45,-21.9,-14,-17.5,-18,-13.61,-17.1,-14.76,-13.5,,-18.59,-20.9,-14,,-19.5,-11,,-30.3,-23.5,0.3,-17,-2.1,-3.31,-15.18,-17.3,-18.85,,-21,-10.96,-9,-18,-20.3,-25.86,-14.7,-18,4.96,31,30,11,-19,-17.79
Kansas St.,Texas A&M,-5,0.77,0.22,-3.1,3.41,-1.59,-1.3,6.16,7,4.3,5,-0.6,7.5,-2.97,7.92,1.04,0.69,1.04,1.89,-4.86,-0.95,5.42,-0.63,11,-5,2.33,-0.01,8.44,1.07,7.25,0.19,9.67,,8.11,9.46,14.4,-2,-3,0.01,3.59,4.76,-7.71,-2.5,,-0.01,-4.1,-9,,-4,0.01,,-12.6,-4.7,5.45,-10,0.39,2.89,0.01,-8,4.2,,-3,0.16,-1,-3,0.8,1.01,1.5,-1,5.43,50,53,11,1,-3.09
LSU,Western Kentucky,41.5,45.11,46.64,45.41,39.03,38.34,42.97,49.15,43,66.5,33,51.14,34,44.1,47.73,49,54.21,41.78,45.39,42.56,49.95,46.44,45.99,44.52,35.7,39.41,42.26,36.39,38.25,37.85,42.39,48.3,,32.43,33.29,62.6,48,41,43,45.78,33.19,39.23,,,46.11,42.7,34,,41.5,45.5,,42,35.9,54.47,36,12.17,25.07,41.71,56.3,30.6,,42,39.14,24,42,23,40.56,50.7,23,8.32,9,42,11,36,46.15
Louisiana-Monroe,Middle Tenn.,6,6.77,10.42,5.81,11.04,5.8,7.64,5.2,10,0.8,8,10.7,8.5,8.34,8.28,8.04,6.78,7.07,8.13,6.19,9.05,5.61,3.43,3.27,8,8.25,5.62,4.07,7.16,5.19,7.08,6.33,,4.41,4.9,6.7,8,5.5,7,1.43,5.67,10.3,11,,9.67,5,9,,6,14.1,,14.3,7.6,-9.17,6,0.53,2.06,12.9,11.2,1.7,,14,5.37,2,1,7.6,1.32,6.7,2,3.26,14,42,11,3,5
Louisville,Pittsburgh,3,3.12,0.45,1.72,2.74,0.9,2.22,5.78,8,-0.9,5,1.4,6.5,0.26,5.5,-0.96,5,3.27,4.47,-1.83,3.75,7.69,-1.42,5.17,0.01,2.22,4.52,7.55,5.67,6.67,2.78,10.06,,9.86,9.41,16,3,3,5,0.96,7.07,0.84,4.5,,-0.66,2.2,-1,,3,8.1,,2.9,1.2,0.31,2,0.38,2.82,-6.03,-0.01,3.75,,1,2.18,-1,1,1,0.27,3.4,2,3.66,21,14,11,3,0.01
Maryland,Notre Dame,-20.5,-13.75,-20.98,-18.06,-16.66,-14,-14.8,-11.3,-24,-18.7,-19,-18.15,-16.5,-17.97,-14.18,-12.03,-25.55,-17.34,-16.39,-21.05,-16.55,-29.08,-18.51,-17.22,-20,-21.05,-18.96,-9.78,-19.75,-17.57,-17.5,-17.36,,-16.62,-17.47,-33.5,-12,-19,-13,-12.41,-20.32,-14.96,-12,,-20.23,-20.8,-13,,-20,-17.5,,-25.9,-17.5,-29.27,-26,-2.37,-6.13,-23.08,-24.8,-19.1,,-13,-12.11,-9,-7,-18.6,-26.61,-10.6,-15,5.05,45,21,11,-19,-21.2
Memphis,UAB,-5,1.22,-2.79,-7.14,11.48,-3.42,-5.16,4.17,-1,-18.6,3,-1.09,2.5,-2.57,6.24,-4.34,-2.04,-1.29,1.59,-3.07,-7.05,1.67,-2.61,0.44,2,-2.2,0.38,2.32,4.03,-0.39,-1.01,5.96,,3.71,4.27,2.5,-3,-7.5,-6,-9.81,2.9,-10.87,-4,,-3.63,-6.2,-7,,-4.5,-2.7,,-6.4,0.3,-22.2,1,0.34,-1.01,-4.45,-9,-1.35,,-8,2.77,-4,4,-0.5,3.97,-6.4,1,4.87,41,35,11,-1,-1.43
Minnesota,Wisconsin,-27,-16.66,-34.41,-32.15,-35.31,-26.92,-26.12,-9.83,-33,-33.3,-27,-34.28,-20.5,-28.54,-9.54,-22.6,-33.83,-26.03,-18.02,-33.73,-36.45,-31.39,-30.8,-25.35,-23.6,-26.19,-29.16,-8.73,-38.89,-22.35,-27,-15.69,,-15.92,-17.59,-32.2,-34,-28.5,-20,-19.5,-23.98,-29.35,-31.5,,-35.46,-30.1,-21,,-27,-25.8,,-35.5,-37.4,-32.44,-27,-1.78,-5.7,-29.79,-27.8,-22.95,,-34,-18.05,-19,-31,-22,-33.48,-17.4,-31,7.67,42,13,11,-27,-31.34
Mississippi,Louisiana Tech,-2,-3.91,-7.56,0.17,-11.92,-3.45,0.47,-0.75,-11,6.5,-5,-5.92,-6.5,-7.39,8.57,-1.92,-7.41,-3.45,-5.09,-4.49,-4.15,-6.67,-0.01,4.89,0.85,-6.56,0.8,-0.78,-11.86,-7.67,-3.74,-5.21,,-0.41,-4.77,-6.2,2,1,-3,5.22,-6.34,-1.61,-9,,-8.34,0.3,-2,,-2,-8,,-10.1,-7.4,-8.62,-4,-0.06,3.93,-0.01,-2.7,-8.1,,2,-2.78,-2,4,-7.7,-16.08,-6.2,-8,4.68,27,7,11,-5,-2.04
Mississippi St.,Alabama,-18,-19.69,-22.2,-16.16,-22.5,-16.55,-20.04,-20.26,-15,-25.4,-15,-18.61,-16,-19.17,-22.86,-19.66,-20.72,-18.25,-20.86,-24.13,-22.35,-13.72,-23.23,-16.77,-11.75,-16.44,-15.31,-15.16,-19.51,-18.97,-17.75,-18.11,,-12.85,-14.55,-29.9,-16,-18.5,-17,-18.12,-10.7,-15.47,-14.5,,-21.78,-16.7,-13,,-18,-22.1,,-26.6,-16.2,-19.71,-16,-8.45,-10.83,-15.87,-23.9,-16.4,,-18,-16.16,-16,-18,-17.5,-27.25,-16.8,-14,4.06,24,7,11,-20,-16.42
Missouri,Texas,-1,-0.63,2.28,0.01,-3.04,0.15,-0.8,-3.1,1,-3.5,-4,5.18,-1.5,1.89,1.42,1.77,5.36,-1.07,2.39,0.53,0.15,-5.44,1.93,-1.06,-1.75,0.54,-1.77,-5.38,-3.31,-8.85,-0.9,-5.84,,-7.61,-9.76,-20.1,2,-1.5,-1,-2.55,-4.03,8.66,-2.5,,2.71,-2.1,1,,-1,-1.4,,1.3,-1.2,-6.2,0,-0.59,-1.6,1.37,1.7,-6.7,,5,1.99,-1,3,-2.7,-11.06,5.9,-6,4.54,5,17,11,-5,2.67
Nevada,Hawaii,16,11.64,6.76,6.22,6.35,3.24,14.01,15.73,11,31.4,12,8.17,8.5,7.23,20.02,11.41,12.43,10.77,10.93,7.5,11.45,20.94,15.31,15.98,11.7,9.41,10.06,14.32,5.18,10.88,11,15.32,,13.49,12.19,21.5,12,10,14,18.6,13.83,12.28,4.5,,8.7,15.5,12,,15,13.5,,10.6,4.8,13.65,12,1.95,5.79,13.66,12.5,7.15,,11,8.27,6,4,6.4,6.93,5.8,3,5.09,28,42,11,-4,9.38
New Mexico,UNLV,-7,-8.81,-16.38,-7.32,-9.47,-1.84,-8.04,-11.09,-4,-21.2,-15,-8.71,-12,-6.5,-15.32,-6.1,-12.6,-8.12,-11.97,-7.82,-11.85,-3.06,-3.94,-7.7,-1,-11.9,-10.51,-5.25,-10.15,-9.59,-7.65,-14.77,,-5.58,-7.6,-14.7,-7,-8.5,-12,-12.71,-0.53,-1.78,-17.5,,-16.89,-6,-4,,-7,-5.1,,-5.5,-5.5,-2.32,-6,-7.74,-4.21,-3.57,-12.3,-11.35,,-9,-3.55,-6,7,-4.6,-40.91,-10.4,-10,6.55,14,21,11,-7,-6.35
New Mexico St.,Fresno St.,-7,-1.45,-3.5,-8.53,2.49,-2.57,-6.21,0.01,1,-10.1,-0.25,-1.98,-0.5,-2.95,1.33,-10.6,-9.73,-3.97,-2.45,-3.86,-6.95,-3.53,-10.47,-5.41,-5.1,-3.15,-6.98,0.47,0.28,-1.22,-3.43,1.19,,-0.48,0.8,-4.8,-6,-8.5,-7,-6.73,-0.62,-3.56,-6,,-5.67,-8.4,-6,,-6.5,-2.9,,-2.4,-1.9,-20.59,-3,-0.06,-3.36,-10.17,-4.3,-3.65,,-10,-1.22,-8,-8,-2.2,-5.17,-1.8,-3,3.43,45,48,11,-4,-6.75
Northwestern,Rice,16.5,4.88,16.24,17.81,12.43,11.04,18.98,-0.79,14,20.3,12,13.46,10,10.49,-4.18,15.91,16.34,12.55,10.7,13.28,19.05,9.14,21.94,16.06,11,10.68,18.26,0.56,11.84,6.74,13.21,2.31,,4.13,4.16,-0.1,19,15.5,18,13.64,9.22,16.49,7,,14.86,16.7,13,,16.5,20.3,,16.6,13.5,-7.77,17,-0.41,6.99,17.82,22,7.55,,24,9.22,8,18,17,9.3,18.7,8,6.21,6,28,11,13,16.22
Penn St.,Nebraska,-3,5.59,2.41,-4.27,4.59,0.17,-3.12,9.75,2,-2.4,8,-5.43,7.5,0.81,-1.9,-7.24,3.51,1.06,-2.1,-0.21,-3.75,4.56,-9.33,2.76,3.75,0.13,-0.12,10.06,3.35,5.16,0.42,9.85,,7.41,8.02,11.6,-1,-3,-3,-1.87,4.31,-3.39,-6.5,,-0.62,-2.8,0.01,,-2.5,-3.6,,2.2,-0.3,-3.08,-1,6.26,-1.34,0.56,-4.5,2.3,,-2,1.9,-2,-3,3,2.41,3.1,1,4.59,17,14,11,2,-0.46
Purdue,Ohio St.,-7.5,-5.05,-8.48,-11.28,-6.89,-6.28,-10.98,-3.59,-6,-28.3,-5,-5.88,-5,-6.83,-0.77,-13.73,-12.65,-8.71,-6.93,-8.7,-11.25,-16.06,-12.91,-15.84,-16.25,-6.59,-8.96,-3.17,-6.93,-8.51,-7.85,-5.28,,-4.81,-4.86,-11.5,-13,-8,-12,-16.53,-11.03,-7.7,0,,-9.36,-9.4,-10,,-7.5,-9,,-5.2,-4.4,-2.73,-7,-0.78,-4.76,-9.8,-9.1,-9.5,,-11,-4.73,-10,-18,-5.4,-14.74,-6.7,-7,4.53,23,26,11,-8,-7.48
SMU,Navy,8.5,11.51,7.77,4.89,12.93,4.83,2.56,18.52,12,20.7,13,9.13,11.5,4.58,13.18,-3.75,0.44,8.78,9.73,5.49,2.55,18.72,5.32,13.73,2.6,7.03,13.89,13.18,12.96,12.66,8,20.18,,13.42,16.07,23.3,5,6.5,6,14.15,14.23,8.45,11,,5.52,5.1,8,,8.5,1.7,,8,8.7,-0.51,11,2.5,7.59,8.73,5.1,9,,8,7.08,-2,10,3.8,10.63,3.2,7,5.31,24,17,11,10,7.33
South Carolina,Florida,3,8.53,6.8,5.29,14.49,5.01,6.06,10.14,11,12.2,10,7.6,11.5,7.39,8.1,6.29,7.72,7.97,5.89,4.59,5.65,10.22,2.13,9.2,8.75,7.17,8.12,10.15,9.12,10.94,7.49,14.08,,11.88,13.72,21,7,4.5,6,8.7,10.41,8.09,-1.5,,6.83,8.4,8,,4.5,6.9,,11.1,6.4,7.25,7,1.35,5.2,7.74,5,6.6,,9,6.4,1,4,2.2,7.89,9.3,5,3.54,12,17,11,5,5.43
Southern Miss.,Central Florida,9,17.5,18.67,10.43,12.15,14.1,15.25,21.41,23,15.1,16,18.32,19.5,13.15,15.75,14.14,19.21,16.83,18.8,15.51,16.25,33.58,19.73,15.53,20.2,19.77,13.54,22.36,16.34,25.35,16.13,27.12,,25.23,26.23,43.1,10,10,16,13.11,25.02,8.82,17,,19.97,9.2,10,,10,19.9,,15.7,11.5,39.99,14,2.48,11.12,6.6,14.7,18.8,,16,16.59,3,18,9.4,22.48,18.5,10,6.26,29,30,11,10,12.77
Stanford,Oregon,3.5,2.59,8.25,3.03,9.58,5.46,9.02,1.66,10,5.4,12,8.51,9.5,3.78,7.47,7.02,3.11,5.72,5.41,5.92,5.55,3.92,1.82,6.42,2.75,5.14,5.28,3.91,8.15,6.24,5.4,2.95,,7.34,5.29,6.2,9,3,3,3.74,4.36,2.95,5,,6.3,5.2,4,,4,5.9,,11.9,6.6,4.76,9,0.04,2.09,5.3,8,2.55,,9,3.28,5,7,4,2.26,9.6,2,2.57,53,30,11,5,2.68
Syracuse,South Florida,-3.5,-1.4,-2.26,-5.72,-4.14,-7.05,-2.32,3.17,1,7,0.25,-5.5,3,-6.52,5.12,-0.82,-3.47,-1.14,0.24,-5.53,-2.75,2.03,2.06,-0.4,-0.35,-0.61,1.05,5.66,-4.07,1.14,-1.45,4.05,,5.25,5.13,7.4,-3,-4,-1,6.19,0.88,-1.49,-6.5,,-3.2,-3.6,-2,,-3.5,-0.6,,-7.8,-9.3,13.05,-6,-0.03,5.37,-7.72,-4.7,0.01,,-2,-0.76,-3,-3,-7.1,-3.95,-1.1,-4,4.03,37,17,11,-3,-3.63
Temple,Miami (Ohio),13,10.27,17.43,12.4,13.56,11.97,4.95,5.61,13,9.8,11,14.44,10.5,17.08,5.06,16.07,11.99,10.71,8.59,15.62,12.35,13.83,18.15,4.78,3.5,14.19,1.84,5.76,17.72,10.39,10.45,8.5,,6.92,8.5,11.8,9,13,5,7.65,11.8,6.38,19.5,,17.76,15,9,,13,6,,14.2,17.9,4.46,11,0.34,5.51,13.06,10.1,3.5,,12,10.34,9,22,11.1,12.96,10.3,9,4.59,21,24,11,10,17.2
Texas Tech,Oklahoma St.,-17,-17.47,-24.4,-19.44,-18.52,-17.87,-20.07,-19.02,-20,-20.5,-29,-21.18,-31,-17.6,-19.11,-16.19,-24.44,-19.79,-20.98,-23.34,-24.25,-15.78,-26.56,-20.24,-24.4,-20,-21.41,-16.46,-21.81,-21.32,-19.47,-26.66,,-14.04,-19.34,-39.4,-14,-18,-16,-13.62,-12.22,-15.19,-23.5,,-23.63,-18.1,-12,,-17,-25.9,,-16.5,-15.9,-38.74,-22,-8.33,-6.74,-19.91,-21.2,-22.2,,-19,-17.32,-10,-14,-19.5,-26.67,-11.5,-20,5.23,66,6,11,-17,-18.26
Toledo,Western Mich.,12,7.62,13.51,8.06,8.71,12.39,12.57,3.85,9,12.5,9,13.91,7,12.24,6.2,9.48,15.35,9.77,9.57,14.85,13.85,10.75,17.93,5.74,7.9,10.8,11.3,6.69,9,7.96,9.31,4.71,,4.55,6.09,6.1,8,10,14,10.25,10.3,13.69,10,,13.57,3,10,,12,13.7,,19.8,12.3,18.77,10,-0.02,8.01,7.01,9.7,4.25,,14,9.14,5,11,13.7,7.62,9.6,2,3.62,63,66,11,7,8.92
Troy St.,North Texas,8,-1.94,-1.85,9.17,1.93,-0.94,-0.11,-3.52,1,4,0.25,0.12,1.5,-0.36,1.05,3.51,3.14,0.79,-3.34,-1.89,-0.75,-0.25,-1.92,10.82,-1,-0.56,1.52,-2.56,-0.35,-1.35,-0.23,-4.38,,-1.95,-2.35,-8.4,6,8.5,-1,4.55,0.29,7.72,-2,,-1.05,7.7,7,,7,-4.9,,-3.6,1.8,-2.6,2,-0.86,5.09,4.54,-0.8,-6.5,,4,-2.25,5,7,1.7,-7.18,12.8,-2,4.20,38,33,11,3,6.04
Tulane,Houston,-34.5,-31.49,-40.18,-33.48,-25.94,-31.78,-33.32,-29.87,-38,-33.8,-44,-41.6,-37,-33.32,-28.01,-29.91,-42.21,-33.72,-29.19,-38.73,-39.85,-46.08,-43.69,-26.98,-30,-34.1,-36.02,-29.42,-41.42,-38.31,-33.4,-37.17,,-31.5,-34.42,-61.8,-37,-33,-32,-22.17,-32,-26.1,-32,,-40.05,-32.4,-24,,-34.5,-34.6,,-39.1,-34.9,-43,-31,-9.96,-10.54,-31.46,-40.2,-35,,-34,-24.7,-18,-28,-24,-44.53,-27.9,-37,7.33,73,17,11,-32,-32.97
Tulsa,Marshall,19,16.48,15.73,16.01,12.02,12.71,19.16,17.83,15,12.4,13,16.89,13,16.05,19.28,15.78,17.71,15.65,16.19,15.44,16.55,21.14,25.16,15.86,19.8,13.87,11.33,13.25,14.24,12.56,15.82,14.9,,12.65,12.64,21.1,16,16,15,10.43,17.38,18.24,7,,15.36,20.1,16,,18.5,18.8,,21.1,15.2,16.96,19,2.36,8.47,16.04,20.5,8.55,,21,14.27,9,21,12.1,18.45,10,8,3.55,17,59,11,13,18.4
USC,Washington,11.5,7.76,10.04,10.45,6.82,8.18,7.7,5.3,13,6.7,14,12.84,13.5,10.21,6.84,9.96,15.53,9.45,6.94,9.67,7.05,12.03,8.83,6.16,10.25,8.22,5.53,7.87,7.98,10.5,9.06,8.81,,9.37,9.23,13.7,11,13.5,8,4.68,9.67,7.18,12.5,,9.12,9,9,,11.5,13.4,,16.3,11.8,5.49,10,0.44,2.66,13.05,13.2,5.8,,9,7.91,6,10,11.9,7.87,12.5,5,2.74,17,40,11,8,11.24
UTEP,East Carolina,4,4.15,9.04,1.19,-0.25,4.58,3.33,-0.46,9,0.5,3,10.6,3,8.55,-0.6,1.81,2.9,2.55,5.09,6.01,4.95,-0.89,0.31,-3.21,3.6,7.69,-1.49,-1.83,7.43,0.83,2.77,1.26,,-2.02,-0.51,-5.4,5,3.5,-2,0.25,1.5,5.09,16,,10.8,5.6,-3,,4,3.4,,-4.1,3.3,18.21,4,-0.29,-0.01,6.48,-2.5,-1.35,,6,3.48,1,1,4.8,0.29,6,1,4.11,17,22,11,1,2.65
Utah,UCLA,7,4.78,10.57,9.77,14.2,5.69,9.35,0.7,6,14.6,5,10.85,4.5,9.03,-2.95,11.25,15.15,6.91,6.1,8.47,10.85,5.47,4.33,6.01,9.75,7.99,3.46,1.27,7.7,0.87,6.47,2.13,,0.01,1.02,-3.4,12,7.5,2,9.28,4.92,12.08,1.5,,10.59,5.5,6,,7,7.1,,9.5,11.5,-5.89,9,-0.34,3.96,11.37,7.9,1.45,,12,6.25,5,18,7,3.48,4.9,5,4.51,6,31,11,3,8.21
Utah St.,San Jose St.,10,6.81,13.28,9.48,18.72,10.04,7.86,2.26,9,4,10,14.94,6.5,12.16,7.85,10.89,13.7,9.09,8.01,12.18,9.35,6.53,6.59,7.25,4.8,9.64,9.3,3.16,12.55,5.15,9,3.28,,3.5,3.53,3.5,12,11,8,5.33,7.47,10.72,15.5,,11.86,11.6,9,,10,8.9,,18.7,19,25.7,14,-0.02,6.66,10.87,12,3.35,,10,7.71,6,10,13.1,6.82,10.6,9,3.92,33,34,11,8,11.15
Vanderbilt,Kentucky,13.5,11.07,18.11,9.27,12.51,10.86,10.64,9.36,11,2.8,9,16.82,6,12.69,9.15,5.89,11.3,9.98,11.18,15.15,13.85,10.11,11.48,7.74,9.8,13.14,10.17,6.6,11.5,6.57,10,7.62,,6.16,4.54,7,9,13,10,3.39,9.94,5.29,17,,16.8,14,8,,12.5,10,,21.6,15.1,14.27,15,0.93,3.98,9.08,16.2,3.4,,13,10.22,2,11,5.4,6.21,6.9,4,4.16,8,38,11,7,11.68
Virginia,Duke,10,14.52,11.28,9.91,20.53,10.69,10.41,15.11,21,20.5,14,14.7,12.5,13.97,12.61,7.4,16.26,12.42,7.84,13.01,11.05,23.47,6.4,9.99,8.2,9.36,12.88,15.82,15.87,16.44,11.64,17.93,,15.66,16.79,26.2,13,8.5,12,11.51,17.23,10.33,7,,9.91,10.6,6,,10,13.6,,20.8,16.3,8.43,14,0.97,2.52,8.91,9.7,10.95,,6,10.63,5,4,11,16.58,14.8,10,4.57,21,31,11,12,10.85
Washington St.,Arizona St.,-11.5,-16.28,-14.92,-14.46,-17.51,-14.87,-17.53,-17.27,-12,-21.7,-14,-14.52,-13.5,-15.7,-14.61,-15.87,-19.52,-15.14,-18.4,-17.96,-17.15,-30.14,-18.07,-15.22,-19.25,-13.4,-9.56,-13.86,-14.38,-16.41,-14.89,-15.57,,-12.57,-12.7,-27.3,-13,-12.5,-13,-13.99,-18.92,-13.79,-12,,-16.38,-8.7,-11,,-12.5,-17.2,,-11.2,-12.6,-5.73,-12,-2.48,-6.28,-12.65,-14,-15.15,,-13,-15.6,-10,-17,-22,-27.57,-10.9,-14,3.81,27,37,11,-13,-16.49
Air Force,UNLV,24,18.71,21.75,25.89,21.53,23.27,25.44,14.77,25,15.7,24,24.55,20,22.91,14.02,23.01,28.89,21.38,12.22,24.58,25.65,21.86,29.51,22.19,17.25,16.19,22.64,14.94,24.2,19.36,22.41,18.14,,15.59,16.59,28.7,29,22.5,23,13.95,16.91,28.53,6.5,,20.84,23.7,22,,24,22.7,,28.8,27.1,15.03,23,1.66,12.19,28.48,22.8,12.15,,31,12.98,15,24,23,21.75,17.5,16,5.33,17,45,12,19,24.36
Arizona St.,Arizona,10.5,15.9,15.81,12.18,22.92,14.84,14.25,17.81,21,9.2,21,15.97,18.5,14.06,22.81,15.58,17.16,15.64,16.87,15.56,15.85,29.14,5.13,15.97,19.1,15.75,11.34,16.37,20.62,18.11,15.66,21.48,,17.12,17.79,28.3,14,14.5,15,8.53,21.45,12.33,14,,16.83,10.6,8,,11.5,15.3,,11.5,17.2,34.72,13,3.21,7.85,12.92,13.9,12.95,,13,15.33,5,14,22,21.98,18.6,14,4.37,31,27,12,13,15.5
Arkansas,Mississippi St.,13,14.46,12.92,11.09,10.46,10.02,14.54,20.86,15,12.3,17,11.07,15,10.76,12.34,11.4,12.6,13.69,11.88,9.56,14.85,17.75,14.13,17.44,14,8.16,11.07,20.84,14.89,16.59,12.8,21.91,,18.31,18.65,31.5,13,14.5,13,11.74,16.44,11.45,1,,11.09,12.5,10,,13,15.2,,15.7,12.3,16.41,12,14.98,11.19,8.68,14.4,12.05,,15,12.68,7,11,8.1,17.96,8.2,10,4.33,17,44,12,16,13.04
BYU,New Mexico St.,22.5,15.87,21.21,26.17,20.07,17.87,23.81,14.24,21,19,20,20.83,18,17.58,15.72,20.38,25.71,20.15,15.02,19.17,24.55,28.61,24.89,19.78,24,16.31,18.79,13.75,17.66,17.93,19.79,16.1,,16.85,17.48,30.3,29,22.5,24,17.05,21.28,21.79,12.5,,19.74,22.1,22,,22.5,22.3,,26.2,19.8,12.11,18,2.93,15.1,26.44,25.6,13.2,,27,13.03,13,28,16.2,18.07,17.3,13,4.44,7,42,12,19,23.95
Baylor,Oklahoma,-16,-10.06,-20.76,-14.29,-21.37,-16.6,-20.74,-3.99,-15,-12.4,-21,-18.3,-17,-14.86,0.85,-20.83,-24.18,-15.06,-13.53,-19.66,-22.65,-9.36,-22.35,-10.98,-20.5,-15.31,-10,-3.29,-18.4,-11.98,-15.21,-5.85,,-3.56,-7.92,-18.3,-21,-14,-14,-8.3,-4.94,-21.21,-23.5,,-21.31,-15.1,-13,,-16,-24.1,,-13.2,-17.7,-26.4,-13,-1.55,-4.19,-17.56,-22.6,-10.5,,-20,-9.64,-13,-15,-18.3,-18.36,-12.9,-15,5.97,38,45,12,-15,-16.77
Bowling Green,Ohio,-7,-4.15,-6,-5.24,-9.82,-2.16,-3.47,-3.34,-5,1.4,-7,-3.22,-6.5,-4.99,2.34,-8.53,-7.24,-5.31,-3.08,-4.71,-4.55,-9.32,-4.25,-1.34,-1.8,-5.46,-8.63,-2.49,-10.38,-6.05,-5,-4.16,,-5.51,-7.09,-13.7,-4,-5,-5,0.72,-7.01,-5.53,-2.5,,-6.72,-4.9,-4,,-7,-7.3,,-10.6,-10,-5.94,-4,-1.02,0.01,-2.77,-3.9,-8.7,,-2,-2.55,-4,-7,-4,-13.3,-3.4,-11,3.07,29,28,12,-10,-5.09
Buffalo,Akron,11.5,15.68,16.83,12.58,8.91,11.61,10.75,16.7,15,10.3,12,17.82,11,14.65,22.17,11.23,16,12.39,13.11,15.19,14.05,7.18,16.11,5.05,6.5,13.36,11.25,13.75,11.5,11.9,12.21,18.91,,8.04,8.93,13.8,14,10,14,9.44,6.45,10.63,14,,15.38,12.5,11,,11.5,14.9,,17,12.9,27.49,13,14.53,8.58,12.36,10.4,7.55,,12,12.06,5,10,7.9,37.01,16.4,6,4.87,10,51,12,8,12.94
Central Mich.,Toledo,-14.5,-14.97,-19.4,-13.83,-15.66,-18.16,-17.42,-11.66,-13,-15.6,-20,-20.56,-14.5,-18.68,-1.67,-16.42,-19.69,-15,-13.14,-22.53,-21.05,-24.39,-10.03,-10.42,-9.25,-15.84,-13.62,-9.42,-18.66,-16.4,-15.44,-11.47,,-10.89,-13.62,-26.4,-12,-15,-16,-12.09,-16.43,-17.73,-14,,-20.07,-12.4,-10,,-14.5,-17.4,,-15.1,-17.3,-16.53,-14,-2.77,-8.59,-9.1,-18,-16.75,,-19,-12.04,-11,-10,-22,-24.86,-12.3,-18,4.41,44,17,12,-15,-13.19
Connecticut,Louisville,1,1.08,-0.39,-1.47,2.88,-0.64,-0.99,0.23,1,-4.8,0.25,0.63,-0.5,1.95,2.79,-0.61,1.68,-0.06,0.79,-0.35,-3.25,-2.11,-1.45,-1.01,-0.5,1.2,1.79,0.22,0.83,-2.56,0.22,0.34,,-0.97,-1.68,-5.3,4,-1,0.01,-1.25,-0.73,2.56,-0.5,,1.19,1.5,2,,1,-2.1,,-3.4,1.4,-10.8,1,-0.25,2.3,4.13,-1.6,-4.45,,-4,1.44,-1,-3,0.6,-2.58,0.7,-2,2.17,34,20,12,-1,1.31
Duke,Georgia Tech,-11,-12.41,-9.62,-11.26,-19.23,-9.38,-8.48,-13.74,-15,-9.4,-15,-12.29,-12.5,-11.17,-7.36,-8.68,-18.75,-11.44,-5.38,-13.64,-10.95,-25.57,-13.93,-11.04,-10.9,-8.63,-10.12,-12.08,-17.07,-13.96,-11,-14.37,,-13.2,-13.29,-28.8,-12,-10,-11,-6.05,-16.36,-7.41,-6,,-10.08,-10.4,-7,,-11,-7.9,,-10.1,-15.6,0.27,-11,-2.3,-2.71,-4.3,-7.4,-14.65,,-7,-7.99,-8,-11,-10,-20.96,-8.9,-16,4.26,38,31,12,-14,-10.09
East Carolina,Central Florida,-7,-0.26,-6.67,-8.75,-5.63,-3.35,-7.74,7.31,-1,-2.2,-1,-6.7,1.5,-8.38,6.37,-1.55,-5.95,-2.69,-1.98,-5.94,-8.65,2.21,-3.1,-2.08,-2.4,-2.04,-4.7,8.08,-7.68,4.95,-3.2,8.2,,8.6,7.75,12,-9,-8,-6,0.93,2.32,-9.97,-4,,-5.46,-10,-3,,-7,-9.3,,-2.2,-9.6,7.05,-2,1.04,4.05,-8.8,-3.8,1.4,,-8,0.31,-7,-7,-3.3,-4.17,-3.6,-6,5.50,31,38,12,-5,-8.29
Florida St.,Virginia,17.5,10.11,19.42,18.53,10.38,15.42,19.02,5.23,17,12.5,11,18.19,8.5,16.35,3.05,20.03,22.05,14.12,13.74,16.89,20.75,16,21.45,6.83,18.5,16.92,14.33,6.14,15.27,8.26,15.35,5.88,,6.09,5.5,9.5,22,18,13,9.24,11.45,19.43,16.5,,20.96,18.5,18,,17.5,20.7,,14.4,15.5,16.8,15,0.72,5.99,17.64,22,4.1,,19,11.88,11,21,11,10.89,12.8,8,5.42,14,13,12,9,17.63
Georgia,Kentucky,30.5,25.87,31.65,26.89,36.63,22.52,28.81,23.78,29,17.5,25,30.61,21.5,27.89,17.47,26.97,40.32,26.4,22.28,28.49,33.55,37.61,32.19,19.84,28.75,25.81,29.06,21.13,30.87,23.46,26.98,25.02,,21.11,22.79,38.2,32,29.5,26,15.76,28.07,21.36,31.5,,30.51,27.8,20,,30,27.5,,41.3,32.5,38.68,27,4.73,14.02,27.07,32.2,19.6,,31,19.92,14,27,17.6,24.37,17.4,19,5.82,10,19,12,27,27.39
Hawaii,Fresno St.,5.5,6.01,10,4.37,11.68,8.55,6.91,5.15,10,1,11,9.21,11,7.02,6.47,3.73,9.7,7.47,5.14,7.3,7.85,8.86,3.32,11.39,4.75,6.5,7.81,5.41,12.67,7.69,7,8.16,,6.29,8.1,9.2,11,4,5,2.9,8.37,6.63,3.5,,6.6,4.1,7,,5.5,6.3,,10.7,12.4,-2.99,10,0.98,4.79,5.39,11.2,4.75,,12,5.99,3,10,9.1,7.82,8.4,7,2.63,24,21,12,7,8.32
Houston,SMU,20,13.04,23.95,20.53,17.98,14.7,19.33,12.87,28,7.2,26,21.72,23,13.2,19.13,19.15,25.68,18.4,14.56,17.86,25.15,22.64,17.45,12.82,25,19.18,26.48,15.46,26.07,19.04,19.02,18.2,,18.38,18.05,28,23,21.5,20,6.6,19.17,15.33,15.5,,23.61,17.3,13,,20,20.4,,28.9,17.4,26.14,13,13.83,6,17.92,23.2,15.55,,20,11.4,6,8,5.9,16.35,13.3,18,5.60,7,37,12,19,19.44
Idaho,Utah St.,-10,-7.71,-10.44,-7.72,-14.87,-7.7,-5.62,-5.71,-6,-6.1,-10,-11.27,-7,-10.2,3.04,-7.15,-12.42,-7.76,-4.32,-11.12,-9.65,-9.54,-8.25,-1.45,-3.1,-9.54,-0.7,-3.86,-12.95,-8.57,-7.6,-7.49,,-5.79,-7.97,-15.9,-3,-7,-4,-5.84,-6.62,-3.2,-12,,-11.27,-10.5,-6,,-9.5,-4.7,,-17.9,-15.2,-10.21,-10,-2.09,-5.58,-5.56,-12.5,-9.05,,-4,-5.31,-5,-7,-8.4,-16.34,-6.5,-13,3.98,49,42,12,-12,-6.83
Illinois,Wisconsin,-14.5,-6.66,-19.36,-16.23,-8.76,-11.87,-15.76,-3.24,-14,-17.8,-6,-17.44,-5,-13.63,-7.4,-11.32,-19.7,-12.26,-13.07,-15.72,-21.55,-14.64,-11.82,-5.76,-18.75,-14.01,-20.6,-0.42,-15.98,-6.37,-13.49,-3.67,,-0.83,-1.37,-3.8,-18,-13.5,-14,-11.35,-6.31,-14.27,-21.5,,-19.94,-11.3,-8,,-14.5,-19.7,,-16.3,-17.3,-19.91,-14,-1.5,-4.9,-13.5,-20.5,-11.05,,-17,-9.17,-14,-14,-7.2,-15.53,-12.6,-13,5.78,28,17,12,-12,-15.59
Iowa St.,Oklahoma St.,-27,-20.87,-30.01,-25.48,-30.17,-23.25,-22.64,-20.13,-26,-20.2,-31,-29.81,-36,-22.13,-20.53,-26.46,-35.93,-24.21,-20.22,-28.48,-29.05,-22.14,-32.6,-25.45,-24.75,-23.28,-20.43,-17.46,-25.95,-24.32,-24.54,-27.04,,-14.32,-20.23,-41.3,-26,-27.5,-20,-13.55,-14.34,-26.13,-30,,-29.48,-21.9,-20,,-27,-21.2,,-25.5,-28.3,-46.16,-23,-16.35,-6.9,-27.29,-30.4,-21.05,,-27,-19.43,-14,-18,-22,-27.86,-22.4,-25,5.84,31,37,12,-24,-20.45
Kent,Eastern Mich.,3.5,-0.78,5.33,6.3,0.76,4.36,7.53,-4.4,5,0.9,-0.25,5.58,-1,2.67,-1.13,7.35,6.52,2.49,1.59,3.78,6.85,-3,1.89,-3.39,5.5,3.31,3.39,-0.99,2.79,-1.87,2.73,-4.09,,-1.95,-3,-6.1,13,6.5,5,1.21,-0.2,6.7,8,,5.89,3.7,6,,3.5,7.3,,1.9,1.2,2.21,4,-1.66,1.52,6.34,2.8,-4.2,,9,1.2,7,6,0.9,-6.48,2.4,-3,4.15,22,28,12,-3,5.15
Louisiana-Monroe,Florida Intl.,1.5,-2.91,2.06,-1.53,2.58,-0.58,2.22,-4.48,1,-4.5,-3,0.32,-3,-1.35,-1.24,-0.31,-1.67,-1.2,1.68,-1.53,1.15,-5.96,-0.37,-5.99,2.55,0.77,0.01,-3.06,-4.75,-5.92,-0.79,-3.87,,-4.67,-6.29,-12.7,0.01,-1,1,-2.75,-3.84,0.61,5.5,,1.18,-2.3,2,,1.5,6.6,,7.2,-0.5,4.06,0,-1.94,-1,2.05,0.7,-7.65,,5,0.01,-4,-4,-2.1,-11.48,-1.1,-7,3.81,28,17,12,-4,-1.73
Memphis,Marshall,-12,-18.52,-19.97,-14.61,-6.26,-13.07,-13.83,-19.64,-15,-14.3,-16,-16.37,-15,-18.3,-14.5,-13.62,-20.68,-14.93,-13.05,-17.48,-18.15,-16.93,-9.32,-11.83,-7.6,-17.22,-8.96,-15.34,-13.92,-18.33,-14.55,-20.07,,-13.55,-15.66,-34.3,-12,-13,-14,-10.52,-10.1,-17.65,-22,,-20.74,-12,-14,,-12.5,-15.2,,-19.4,-14.4,-22.98,-13,-5.6,-6.75,-18.75,-16.5,-16.5,,-17,-10.18,-13,-14,-9.6,-21.76,-16.8,-11,4.52,23,22,12,-10,-13.09
Miami (Ohio),Western Mich.,1.5,-2.91,-1.22,-1.55,-1.72,0.13,3.4,-4.84,1,1.8,-3,-0.71,-3.5,-0.89,0.25,-2.98,0.66,-0.65,-1.25,-0.14,4.15,-7.5,-0.01,1.87,3.1,-2.15,5.18,-1.63,-3.41,-4.01,-1.05,-5.41,,-3.42,-4.02,-11.6,2,1,5,1.78,-2.53,4.97,-8,,-1.69,0.3,1,,1.5,4.6,,8.2,-1.1,-6.35,-1,-1.62,1.77,1.22,1,-4.15,,1,-2.61,-3,-1,-2,-7.89,0.4,-6,3.45,24,21,12,-1,-1.14
Michigan,Nebraska,3.5,2.91,8.76,3.19,8.19,5.82,0.87,0.59,7,1.9,9,8.33,6.5,6.36,-1.51,3.72,8.13,4.07,2.67,7.4,4.15,2.93,2.25,-0.51,-1,6.86,1.76,3.02,8.53,4.85,3.85,2.38,,4.55,4.87,6.2,3,2.5,-1,0.68,4.19,2,7.5,,8.62,1.8,2,,3.5,3.9,,10.8,8.9,11.51,6,-0.58,-0.53,8.67,3.8,-0.4,,8,3.97,2,-1,5.9,1.45,5,2,3.12,17,45,12,2,1.41
Michigan St.,Indiana,28,28.59,29.95,26.34,30.6,22.78,27.4,31.21,32,37.2,29,28.9,27,25.99,36.26,25.93,34.3,29.02,26.31,27.8,27.15,47.89,32.12,39.24,31,27.65,27.1,28.74,29.89,33.42,28.3,37.29,,31.38,33.76,57,26,28,30,26.25,34.8,26.62,20,,29.8,27.5,25,,28,24.6,,30.5,27.5,30.5,28,18.06,15.3,24.34,36.7,26.65,,26,22.73,13,31,22,34.53,26.7,19,6.16,3,55,12,28,26.9
Middle Tenn.,Arkansas St.,-11,-18.9,-17.64,-10.79,-17.29,-13.63,-16.34,-21.56,-17,-5.9,-22,-16.86,-20,-16.47,-9.92,-8.19,-17.47,-15.92,-13.72,-17.01,-17.75,-26.32,-18.89,-19.75,-7.25,-14.15,-10.5,-18.89,-22.29,-23.55,-16.41,-24.14,,-19.91,-24.08,-45.1,-10,-11,-14,-5.05,-19.93,-8.97,-16,,-15.81,-8.3,-9,,-11.5,-18.8,,-14.7,-17.6,-12.44,-10,-6.16,-4.2,-18.07,-18.5,-20,,-13,-12.11,-8,-10,-16.1,-27.71,-9.9,-18,6.43,45,19,12,-15,-7.68
Mississippi,LSU,-30.5,-37.03,-35.79,-30.66,-41.12,-26.83,-33.77,-42.32,-35,-33.1,-33,-35.37,-33.5,-33.67,-44.56,-34.96,-40.27,-34.31,-38.4,-34.45,-37.25,-42.75,-40.34,-36.99,-28.9,-32.16,-34.48,-34.02,-39.72,-37.14,-33.89,-48.98,,-28.43,-33.57,-63.8,-32,-30.5,-34,-23.17,-30.22,-31.74,-29.5,,-36.68,-31.5,-23,,-31,-38.9,,-32.9,-32.2,-39.7,-30,-43.86,-13.23,-29.53,-42,-36.65,,-31,-30.33,-21,-25,-23,-42.66,-39.6,-30,7.21,52,3,12,-35,-31.21
Missouri,Texas Tech,18,14.18,23.02,17.25,14.82,15.59,17.35,7.14,17,8.6,14,21.86,13.5,19.76,4.32,15.77,27.55,14.99,16.03,18.71,24.75,14.54,13.82,4.26,22.25,16.27,18.74,5.53,14.21,8.24,15.21,8.59,,5.67,6.05,8.7,18,16.5,20,6.82,12.48,19.23,22.5,,21.71,14.7,11,,18,22.3,,27.5,15.8,10.17,18,1.21,5.03,18.55,23,8.45,,24,12.55,8,17,13.8,9.39,10.1,8,6.07,27,31,12,10,20.97
NC St.,Clemson,-7.5,-12.29,-9.52,-9.34,-8.59,-9.5,-6.23,-17.25,-8,-8.1,-14,-9.21,-14,-8.74,-8.69,-7.35,-8.88,-10.26,-5.92,-11.73,-8.95,-23.21,-5.27,-14.4,-17.5,-10.15,-7.68,-14.22,-12.68,-16.92,-8.98,-18.23,,-14.53,-16.59,-34.1,-2,-10,-7,-6.96,-16.52,-4.6,-7,,-11,-8,-5,,-7.5,-2.3,,-8.6,-10.4,-10.02,-8,-4.42,-5.82,-4.64,-9.6,-14.55,,-9,-6.6,-6,-7,-8.3,-18.69,-8.9,-13,5.17,13,37,12,-14,-9.62
Nevada,Louisiana Tech,7,5.54,1.4,6.23,8.37,2.43,5.5,8.15,2,15.1,6,1.84,2.5,2.76,13.23,5.75,5.21,6.17,1.89,3.82,4.75,10.64,5.55,19.15,9.25,2.34,5.87,7.58,3.99,4.99,5.65,7.9,,7.97,7.26,12,9,7.5,5,9.83,7.81,9.93,-0.5,,0.62,7.5,11,,7,0.2,,10.1,5,-1.27,6,1.96,4.56,9.76,6.9,1.3,,11,3.65,3,10,2.3,2.71,0.2,2,3.84,24,20,12,6,7.81
North Texas,Western Kentucky,-3,0.91,1.4,-1.85,-0.7,0.89,-3.02,1.26,7,-6.2,3,3,2,0.55,-0.2,1.62,0.01,-0.06,-0.89,0.97,-1.25,-2.86,2.77,0.01,-1.2,-0.28,-2.06,1.59,-0.26,-0.38,0,5.21,,2.8,1.98,2,2,-2.5,0.01,-2.39,0.76,-0.36,,,-0.39,-3.4,0.01,,-2,0.4,,1.4,-1,2.74,2,-0.71,1.42,6.65,-4.7,-5.45,,-3,0.39,-3,-3,-3.2,-5.92,-4,-3,2.72,31,21,12,-4,-1.04
Northern Ill.,Ball St.,17,10.25,18.21,19.36,16.61,14.63,20.65,4.75,16,15.9,13,14.3,10.5,15.5,3.1,21.71,22.35,14.66,13.56,15.73,22.55,14.43,24.97,9.31,14.75,14.85,18.57,4.96,15.79,8.33,15.65,4.62,,4.9,5.1,5.4,19,17,20,8.89,11.94,16.07,13,,17.94,15.9,15,,17,24.3,,23.6,17.5,14.58,14,0.42,1.89,19.17,18.1,6.8,,24,11.35,12,21,17.2,10.9,14.2,10,5.83,38,41,12,13,18.06
Northwestern,Minnesota,15.5,10.99,15.91,14.22,25.23,10.57,15.82,8.79,24,8.7,20,14.75,15.5,13.38,7.54,10.22,14.42,14.75,11.35,12.33,14.25,16.39,18.81,22.17,12.5,12.38,19.07,8.22,20.4,12.59,14.57,14.64,,13.21,13.06,20.9,17,15.5,17,6.24,14.84,19.69,11,,14.83,14.5,13,,15.5,17.4,,23.5,19.7,8.29,14,1.29,3.78,17.42,13,9.75,,17,11.1,6,18,15.6,14.26,10,14,4.32,13,28,12,16,15
Notre Dame,Boston College,24.5,23.23,30.05,24.39,24.63,23.49,17.05,20.29,27,16,23,29.35,21.5,27.34,16.64,23.11,29.08,22.53,18.01,28.51,20.45,36.68,19.77,18.94,22.9,25.82,20.14,18.65,24.92,25.52,22.95,24.82,,23.41,25.11,43.2,21,24.5,12,13.24,27.77,17.85,26.5,,30.3,24.5,17,,24.5,15.5,,30.5,25.8,34.61,24,3.8,10.49,22.3,23.6,16.45,,21,19.36,12,28,20.3,26.61,24.4,16,5.45,14,16,12,22,22.17
Ohio St.,Penn St.,6.5,-2.73,1.77,5.37,0.5,1.29,5.06,-4.7,3,6.7,-3,2.68,-3.5,-0.49,-3.03,5.93,8.78,1.77,3.99,1.19,5.95,-2.43,11.58,0.14,5,2.92,6.55,-4.63,-1.13,-4.8,2.83,-4.34,,-4.6,-6.63,-14.5,10,5.5,5,5.33,-1.53,3.93,3,,3.72,6.8,4,,5.5,5.4,,1.9,1.3,7.54,4,-1.13,3.96,4.91,4.3,-5.85,,10,1.58,4,7,-2.1,-6.41,3.7,-3,4.90,20,14,12,1,4.11
Oregon,USC,14.5,13.8,18.67,15.54,16.11,12.77,13.61,14.66,15,10.9,16,18.77,16.5,12.88,24.62,15.22,27.72,14.49,19.43,15.72,17.55,8.43,13.18,13.8,7.75,16.57,13.79,11.84,17.47,8.84,13.95,16.85,,8.81,8.07,11.8,19,16.5,13,9.08,7.65,14.71,14.5,,20.22,13.9,13,,14.5,12.1,,12.5,17.3,-4.62,17,25.49,7.27,19.19,11.6,6.2,,24,14.03,6,14,15.7,12.18,20.5,10,4.32,38,35,12,12,17.06
Oregon St.,Washington,-2,-12.16,-3.96,-3.86,-16.32,-4.81,-5.74,-16.54,-12,-6.7,-11,-4.19,-12.5,-7.87,-10.48,1.99,-2.74,-7.93,-7.94,-6.49,-6.55,-22.29,-1.09,-13.53,-9.45,-4.08,-5.64,-12.49,-10.14,-14.61,-6.71,-19.07,,-14.46,-15.73,-32,-2,-3,-8,-5.15,-14.91,-5.8,1.5,,-3.73,-0.8,-1,,-3,-6.7,,0.7,-3.3,0.08,-6,-3.05,-3.6,-4.38,-6,-13.1,,-4,-6.73,-3,-7,-11.4,-21.02,-3,-10,6.22,21,38,12,-8,-1.24
Purdue,Iowa,-2.5,-0.76,-3.52,-2.3,-2.03,-1.82,-0.22,0.51,1,-1.8,0.25,-1.79,1,-2.1,5.29,-9.89,-1.1,-1.18,0.62,-2.8,0.85,-6,1.41,-3.71,-2.7,-2.21,-0.92,1.2,-1.36,-1.78,-1.15,1.56,,1.05,0.3,-1.6,-2,-2.5,2,-0.15,-2.27,0.31,5.5,,-4.21,-3.6,-1,,-2.5,2.7,,1.4,-1.5,10.87,-2,-0.25,1.49,0.22,-1.6,-2.75,,-1,-0.71,-5,-7,-0.7,-6.94,-2.3,-5,2.62,31,21,12,-3,-1.05
Rice,Tulane,14,19.75,20.18,14.3,9.37,16.36,17.83,21.08,20,13.4,21,19.63,18,18.79,18.85,11.02,17.58,16.07,17.26,16.98,18.95,16.18,11.81,11.88,12,17.64,20.08,18.94,12.14,17.77,17.3,22.14,,16.64,17.12,31.6,19,12.5,18,10.39,12.39,13.1,16.5,,19.6,13,11,,14,17.9,,17.9,13.3,8.94,13,4.98,7.39,12.12,18.9,12.05,,17,14.38,7,14,15.5,17.89,12.4,8,4.15,7,19,12,9,17.35
Rutgers,Cincinnati,-3,-1.13,-1.1,-2.32,0.19,-1.43,-0.01,-0.65,1,-1.1,1,-3.42,4,-1.72,-0.28,-2.04,-3.75,-1.2,0.42,-1.66,-2.25,-2.68,0.61,0.59,-6.5,0.36,-0.14,1.65,-6.94,-0.34,-1.05,0.53,,2.1,2.09,2.3,-2,-1.5,1,0.6,0.61,-2.05,-1.5,,-0.76,-3.8,-3,,-3,-1.1,,-3.6,-4,-0.99,-2,-0.77,2.29,-5.04,-6.6,-3.85,,-3,0.73,-2,-1,2.7,-2.98,1.8,-3,2.26,3,20,12,-4,-4.32
San Diego St.,Boise St.,-18,-14.64,-20.42,-17.99,-15.97,-15.15,-17.79,-12.95,-14,-21.6,-15,-20.62,-14,-16.78,-12.16,-21.44,-24.06,-16.7,-17.54,-18.87,-20.45,-24.21,-20.5,-13.84,-22.2,-16.63,-16.18,-10.6,-18.05,-14.75,-16.89,-12.23,,-10.26,-10.49,-23.6,-20,-20,-19,-13.37,-13.3,-18.57,-21,,-22.02,-19.9,-17,,-18,-15.4,,-17.7,-18,-40.41,-17,-3.58,-5.13,-21.76,-20,-12.7,,-23,-12.69,-15,-11,-11.7,-21.79,-11.9,-14,3.98,52,35,12,-16,-19.68
San Jose St.,Navy,-5.5,-5.21,-2.54,-4.4,-5.29,-3.68,-6.68,-4.45,1,-4,-6,-3.15,-5.5,-6.17,-5.67,-16.43,-9.51,-5.36,-2.38,-4.51,-3.55,-10.5,-3.24,-12.35,-1.9,-3.05,-8.79,-4.61,-3.46,-5.88,-4.8,-3.5,,-4.47,-3.97,-13.5,-7,-5.5,-8,-3.14,-5,-5.91,-5.5,,-3.79,-3.4,-5,,-5.5,-3.4,,-1.9,-6.9,-15.15,-4,-1.2,-2.28,-3.72,-1.7,-7.15,,-7,-1.86,-9,-10,-12.9,-10.9,-2.8,-8,3.31,24,27,12,-5,-3.02
South Florida,Miami (Fla.),1,0.63,1.08,-2.48,8.85,-0.01,-5.73,1,4,-5.5,3,2.52,1.5,-0.01,-5.33,-3.85,3.33,0.51,0.8,-1.14,-3.65,-2.21,4.67,3.21,-9,2.24,5.42,1.24,4.76,1.65,1,4.46,,2.03,4.18,2,0.01,-1.5,-3,-5.08,1.5,2.55,4,,1.78,0.1,1,,1,-4.9,,7.2,5.9,8.87,0,-0.31,-4.66,-0.28,-6.8,-2.6,,-2,0.77,-3,-1,-0.3,-2.54,1,1,3.56,6,3,12,2,2.31
Stanford,California,18,17.6,26.43,20.8,20.03,19.33,22.05,16.75,25,23.5,22,25.85,21.5,19.1,23.98,25.39,23.83,20.66,21.19,23.92,22.75,22.75,22.7,24.75,19.5,21.03,18.63,15.87,24.53,20.54,20.67,19.84,,17.54,16.74,27.7,25,20.5,19,17.2,17.59,19.32,20.5,,26.83,20,18,,18,17.2,,20.1,21.3,33.43,22,14.87,10.89,21.33,22.1,14.15,,27,15.88,13,24,15.9,20.55,18.1,15,3.59,28,31,12,18,19.86
TCU,Colorado St.,34,30.78,34.34,31.67,29.24,28.31,33.79,31.02,32,33.9,32,35.08,31,30.56,25.85,36.11,43.86,32.27,25.38,32.8,34.95,49.04,37.05,36.5,31.75,28.37,38.62,28.95,32.02,33.74,32.01,34.57,,28.37,31.02,54.7,39,35.5,36,26.49,34.23,29.88,24,,32.89,32.4,30,,34,32.1,,41.4,33.5,20.41,32,5.91,19.09,35.47,33.4,27.5,,37,23.73,23,39,24,31.3,27.6,24,5.52,10,34,12,28,32.58
Temple,Army,13.5,11.91,16.64,9.61,16.36,13.09,9.39,9.77,16,5.4,14,15.93,13,15.34,5.54,14.23,13.23,12.43,12.21,16.5,14.35,18.43,9.96,10.03,5.6,15.84,4.12,10.95,19.53,16.14,13,13.06,,11.47,15.72,22.1,10,13,9,5.55,15.86,10.83,14,,18.79,17.2,9,,13.5,13.4,,6.8,13.2,21.51,12,1.12,5.7,10.93,14.2,10.1,,10,11.94,9,20,14.3,18.72,10.9,10,3.90,14,42,12,13,16.29
Tennessee,Vanderbilt,-1.5,2.02,-1.2,0.92,1.32,1.05,-1.99,3.79,-1,7.7,0.25,1.08,0.5,0.32,2.34,2.5,3.38,0.52,-0.84,-0.06,-5.05,1.29,3.31,1.21,-5,1.04,1.25,3.8,-2.4,1.22,1.05,3.52,,1.54,1.16,0.6,3,-1,-3,5.56,0.75,2.43,2.5,,-0.2,0.4,4,,-1,-8.5,,-3.2,-2,12.63,0,0.34,3.41,2.91,-3.5,-2.65,,-1,1.71,1,6,1.3,-3.42,1.2,-4,2.77,21,27,12,-2,1.41
Texas,Kansas St.,8.5,1.81,4.6,6.03,7.39,4.6,3.77,-4.4,2,3.1,4,7.41,-2.5,5.28,-0.13,4.98,14.04,3.63,1.66,6.49,4.25,-1,10.71,-7.75,1.5,3.45,-0.62,-3.15,3.06,-0.55,3.34,-3.01,,0.64,-1.49,-5.1,10,7,0.01,2.85,1.62,5.74,9.5,,3.65,11.9,11,,7.5,2.5,,18.1,10.5,1.97,9,-1.38,2.6,6.51,6.1,-3.8,,7,2.9,1,8,3.7,-1.99,0.1,2,4.98,17,13,12,3,9.39
Texas A&M,Kansas,31,23.9,32.03,30.12,33.64,24.69,24.21,19.39,27,26.5,30,32.18,26.5,27.97,14.41,30.09,32.55,25.71,19.67,31.5,27.45,36.75,33.69,14.41,24.6,25.88,22.63,17.15,28.41,22.22,25.94,21.13,,17.47,17.83,28.9,30,30,23,18.41,25.75,31.05,28.5,,32.25,31.9,26,,30.5,24.1,,40.6,33.5,43.68,27,4.24,10.31,25.45,32,16.65,,32,20.25,15,34,23,24.8,28.7,16,6.05,7,61,12,24,30.5
Troy St.,Florida Atlantic,11,10.75,11.58,16.12,11.49,9.01,13.08,10.4,12,13.5,19,11.3,13.5,11.1,19.13,10.6,15.7,12.04,10.72,11.51,14.45,7.57,12.19,13.55,8.5,9.96,13,10.93,13.47,11.98,11.69,16.56,,10.07,10.81,15.9,16,14.5,14,11.1,6.79,13.69,10.5,,11.29,10.3,12,,11,13.6,,8,8.7,-2.1,8,14.06,8.69,17.44,15.1,5.45,,14,8.52,9,10,13.4,39.98,16.9,8,4.71,7,34,12,11,13.42
UAB,Southern Miss.,-23,-27.13,-30.02,-23.46,-32.4,-22.16,-23.42,-24.77,-25,-12.5,-31,-24.44,-27.5,-29.76,-5.43,-26.49,-31.91,-25.28,-21.33,-30.02,-29.15,-39.46,-32.4,-22.63,-28.5,-25.7,-21.19,-20.46,-33.86,-29.81,-25.85,-28.14,,-25.08,-28.25,-52.9,-22,-22.5,-23,-10.81,-27.78,-19.77,-25.5,,-30.68,-21.7,-18,,-23,-26.5,,-27.9,-32.4,-40.37,-22,-6.46,-9.11,-23.89,-26.9,-27.55,,-23,-19.63,-17,-14,-24,-37.65,-19.7,-29,6.86,31,34,12,-26,-21.55
UCLA,Colorado,11,12.61,12.22,12.91,12.72,10.43,5.63,15.53,17,13.7,15,12.4,15.5,9.78,18.99,11.95,8.01,11.69,8.79,10.88,6.05,22.54,17.07,11.36,5.4,11.85,10.29,14.41,14.77,17.06,11.9,17.58,,16.5,17.44,28.2,7,14,11,10.45,16.16,5.47,8,,12.64,12.1,10,,11,3.4,,13.9,11.1,14.86,9,3.17,7.2,13.58,12.2,10.15,,7,7.51,3,4,9.1,14.53,14.5,8,4.42,6,45,12,11,11.55
UTEP,Tulsa,-13.5,-11.94,-12.49,-12.59,-9.14,-8.65,-17.4,-13.62,-9,-9.9,-11,-11.17,-9,-10.48,-6.22,-9.66,-16.43,-12.19,-10.97,-11.82,-17.65,-22.96,-11.36,-13.87,-20.5,-8.94,-10.63,-10.08,-9.33,-9.74,-11.08,-11.15,,-10.12,-10.44,-24.6,-13,-13.5,-15,-6.86,-14.81,-16.43,-1,,-10.34,-9.9,-14,,-13.5,-18.4,,-15.1,-10.3,-1.89,-10,-3.56,-3.82,-13.66,-17.3,-12.35,,-18,-8.94,-9,-17,-6.8,-17.26,-5.6,-10,4.00,57,28,12,-11,-12.21
Virginia Tech,North Carolina,10,11.18,9.74,11.24,13.09,8.31,11.23,13.62,15,9.1,14,9.57,14,9.22,10.83,8.43,17.96,12.01,11.4,8.64,12.35,16.07,14.99,17.98,17,10.16,13.78,14.16,13.41,14.23,11.75,18.58,,13.91,15.66,24.4,12,13,15,8.59,13.93,13.84,6.5,,8.97,9.7,13,,10,13.4,,2.5,11.5,4.63,10,2.86,8.07,8.67,13.3,10.35,,14,9.55,5,10,7.7,11.22,9.9,6,3.57,21,24,12,13,11.18
Wake Forest,Maryland,10,9.84,13.18,10.33,14.39,5.63,9.43,12.17,16,8.8,17,9.34,16,7.48,5.02,3.24,8.12,10.78,14.11,6.34,9.65,20.11,5.53,12.77,6.35,11.54,14.68,11.09,20.37,12.97,10.24,17.61,,15.66,16.18,26.3,7,12,11,8.27,15.04,7.31,8,,11.34,9.4,6,,10,13.7,,9.6,12,3.64,11,3.1,7.73,6.58,12.5,10.15,,7,9,2,4,9.2,12.22,9.8,8,4.17,10,31,12,12,7.78
Washington St.,Utah,-3.5,-7.5,-6.47,-8.98,-4.4,-6.24,-10.59,-7.02,-4,-13.3,-5,-5.21,-4.5,-8.29,-8.73,-11.37,-10.19,-6.9,-6.87,-7.73,-8.05,-16.86,-1.94,-8.52,-11.4,-4.72,-6.36,-5.22,-5.29,-7.37,-6.47,-5.78,,-5.16,-6.56,-14.1,-5,-6,-5,-8.32,-10.01,-8.86,-1,,-6.47,-3.4,-6,,-4.5,-8.6,,-0.01,-2.2,-12.6,-6,-1.62,-3.34,-7.79,-6.8,-9.7,,-6,-5.3,-8,-14,-9.7,-15.46,2.5,-6,3.15,30,27,12,-4,-5.55
Wyoming,New Mexico,24.5,24.08,31.35,24.15,34.88,22.75,25.79,23.93,37,23.4,30,29.12,26,24.84,13.35,23.02,29.07,25.16,22.18,26.44,29.35,26.39,22.36,31.15,13.7,25.56,29.09,19.63,32.72,28.88,24.65,31.74,,23.62,26.87,44.6,29,26,29,18.88,21.69,22.01,22,,31.86,23.7,17,,24.5,27.5,,27.8,27.8,34.44,22,4.45,14.36,23.23,28.5,21.35,,25,17.54,12,18,18.5,28.41,25.5,22,5.79,10,31,12,24,24.46
Arizona,Louisiana-Lafaye,14,6.92,12.97,17.57,0.26,9.75,11.14,0.53,1,10,-1,16.68,-4,13.56,0.33,17.42,18.17,6.49,7.93,,13.55,2.06,12.99,-3.97,6.3,8.38,15.97,-3,-6.8,-5.33,8.38,-7.36,,-6.84,-8.92,-14,15,13.5,11,8.41,-1.2,11.41,1.5,,12.87,,14,,13.5,9.2,,14.5,6.4,17.59,15,0.38,5.83,20.5,21.2,-4.2,,16,8.08,7,14,5.6,-3.04,12.7,-9,8.92,37,45,13,-13,14.48
Arizona St.,California,6,3.79,7.17,5.26,4.58,7.76,-0.17,2.3,4,-2.3,5,8.33,5.5,6.11,10.72,11.37,7.04,3.85,2.48,8.49,1.45,4.78,-2.45,3.54,-1.5,7.18,-4.96,3.56,6.08,4.53,4,3.45,,3.66,3.05,3.4,3,4.5,-4,3.53,4.18,6.16,3,,9.46,,5,,6,-4.1,,-0.9,4.9,16.68,4,0.08,3.35,7,0.2,-0.95,,7,5.79,1,7,7.6,3.92,9.3,3,3.60,47,38,13,4,5.9
Auburn,Alabama,-21,-19.34,-27.38,-21.49,-33.87,-19.81,-23,-10.36,-20,-10.7,-19,-24.28,-16,-24.73,-21.2,-23.32,-20.65,-19.38,-21.4,-27.72,-24.55,-9.88,-16.39,-11.85,-19,-20.06,-17.02,-9.9,-24.06,-16.42,-20,-9.9,,-7.81,-9.6,-18,-19,-19.5,-17,-6.71,-9.98,-20.36,-17,,-27.15,,-14,,-21,-22.6,,-30.6,-25.9,-30.62,-16,-23.47,-2.73,-24.17,-28.4,-16,,-22,-16.13,-16,-20,-22,-25.63,-23.7,-18,6.12,42,14,13,-24,-20.33
Ball St.,Toledo,-14,-7.74,-13.42,-10.73,-15.94,-11.52,-10.73,-1.78,-4,-10.1,-7,-14.34,-3.5,-13.94,2.36,-16.43,-15.54,-9.34,-5.56,-15.59,-12.25,-12.03,-17.03,-2.74,-3.4,-9.6,-5.9,-2.07,-13.08,-5.49,-10.1,0.32,,-0.78,-1.61,-4.2,-11,-11.5,-11,-5.39,-8.75,-15.42,-13,,-14.4,,-10,,-13.5,-7.9,,-19.5,-17.7,-24.71,-10,-0.68,1.11,-11.46,-13.2,-8.55,,-13,-6.35,-11,-14,-16,-13.84,-8,-12,5.22,45,28,13,-9,-8.96
Baylor,Texas Tech,13,10.64,11.33,13.78,5.42,8.07,7.13,11.24,8,4.8,20,12.27,12.5,10.79,7.02,1.14,14.81,10.68,9.05,10.9,12.7,14.63,21.69,7.22,11.65,12.32,12.26,12.53,14.19,13.14,11.2,12.78,,12.84,13.82,24.9,6,9.5,13,0.9,13.59,4.71,9,,10.56,,6,,13,11.2,,15.8,9.2,11.74,9,1.7,1.3,8.87,12,9.15,,13,6.8,5,7,11.7,12.68,8.4,11,4.34,42,66,13,10,15.05
Boise St.,Wyoming,33,22.69,35.44,32.19,23.5,25.59,25.53,18.34,26,24,28,37.05,24,26.97,18.82,38.29,45.7,26.19,22.05,30.12,27.95,33.63,29.3,21.88,24.5,28.51,17.5,21.31,28.41,22.03,25.59,18.91,,21.19,19.24,33.3,33,32.5,22,20.08,24.42,31.2,33.5,,35.56,,30,,32,19.6,,32.1,29.7,24.98,31,3.44,11.75,34.43,28.1,12.35,,32,21.73,20,31,19.8,24.26,24.7,16,6.57,14,36,13,24,33.91
Buffalo,Bowling Green,2.5,-2.08,1.65,-0.52,1.5,-0.69,-0.19,-1.9,1,-5.1,-2,1.05,-1.5,-2.27,3.78,-1.79,0.14,-1.05,-0.94,-0.31,0.75,-2.75,0.47,-12.09,-1,0.01,2.41,-0.3,-2.47,-2.92,-0.69,-1.56,,-1.59,-2.74,-7.7,2,-1.5,1,-2.29,-1.09,-0.13,-3,,-0.01,,2,,1.5,0.2,,4.1,0.5,11.55,-1,-0.92,-0.48,-2.18,-2.7,-3.35,,-10,-0.39,-4,4,-6.2,-7.92,-0.8,-2,3.27,42,28,13,-4,0.23
Central Florida,UTEP,10,2.82,10.41,13.37,15.86,6.7,9.68,-2.15,9,8.9,6,10.1,4,8.24,1.49,12.29,11.59,7.41,6.18,7.61,10.35,2.59,12.57,5.28,5.5,5.94,8.01,-1.72,8.64,0.32,8.01,-0.98,,-1.26,-1.73,-5.3,16,10,9,5.52,3.4,13.52,5.5,,7.53,,11,,10,12.6,,12.8,15,14.01,9,-0.87,2.35,13.07,11.5,-3.8,,17,5.41,5,17,5.5,-0.06,10.5,4,5.57,14,31,13,6,13.9
Colorado St.,Air Force,-16.5,-10.68,-9.96,-14.66,-8.63,-9.86,-13.79,-8.75,-5,-13.1,-10,-11.65,-10,-12.82,-2.46,-13.92,-12.24,-11.07,-3.55,-13.57,-12.65,-15.59,-11.75,-16.29,-7.2,-7.49,-9.67,-10.59,-12.77,-12.13,-11.65,-8.32,,-8.94,-10.11,-20,-14,-16.5,-12,-10.29,-10.18,-14.48,-4.5,,-10.27,,-12,,-15,-9,,-9,-12.7,-12.35,-10,-1.77,-8.08,-13.94,-10.7,-14.45,,-12,-4.89,-12,-18,-14,-17.97,-6.6,-13,3.47,45,21,13,-13,-12.45
Connecticut,Rutgers,-3,-7.66,-8.35,-5.25,-10.07,-7.15,-4.97,-7.21,-8,-1.7,-9,-4.91,-9.5,-8.22,2.31,-5.21,-7.09,-7.09,-5.36,-8.23,-8.85,-18.19,-8.55,-6.86,-7.4,-6.91,-2.97,-8.88,-8.01,-11.46,-7,-8.51,,-12.09,-12.78,-24.3,-1,-4,-6,-2.1,-13.92,-3.18,-6,,-7.31,,-3,,-4,-8.5,,-8.8,-6.8,-13.8,-4,-1.77,-1.29,-5.82,-5.5,-14.05,,-7,-5.94,-3,-3,-6.5,-16.57,-5.4,-9,4.11,22,40,13,-7,-3.15
Florida,Florida St.,-1.5,3.54,-0.88,-2.12,-3.59,-1.38,-5.88,9.12,1,-1.3,-1,-0.39,0.01,-3.46,5.54,-0.88,6.33,-0.22,2.01,-1.42,-4.25,2.66,-0.88,5.25,1,-0.01,2.4,8.05,-5.67,1.02,-0.88,6.09,,4.39,2.9,2.8,-2,-2.5,0.01,-0.62,0.93,-5.84,-3,,-2,,-1,,-1.5,-6.2,,-1.6,-3.3,-8.36,0,1.13,1.36,-4.72,-4.3,-3.85,,-5,3,-1,4,-1.1,-3.09,-0.8,-5,3.55,21,7,13,-5,1.05
Florida Atlantic,UAB,-5,-10.15,-2.37,-7.99,3.23,-3.98,-14.95,-16.14,-6,-19.5,-11,-1,-8.5,-4.04,-19.03,-1.81,-7.06,-8.27,-13.9,-4.95,-12.75,-3.63,-3.76,-8.18,-7.5,-1.32,-15.33,-15,-6.11,-7.78,-7.78,-15.48,,-7.89,-7.6,-17.1,-8,-7,-17,-9.84,-1.06,-6.35,-1.5,,-0.83,,-5,,-5,-20.1,,-7.8,-0.7,-8.42,-4,-15.42,-3.88,-2.61,-17.4,-12.8,,-15,-10.27,-3,4,-7.1,-48.36,-6.7,-6,8.00,35,38,13,-8,-4.64
Fresno St.,San Jose St.,6.5,3.17,2.11,3.21,5.26,2.43,3.65,3.25,3,5.9,4,3.45,4.5,3.08,4.8,7.25,8.84,3.91,2.7,1.99,1.35,3.72,4.21,0.94,3.6,3.39,6.27,4.02,2.08,2.43,3.63,3.87,,3.82,3.19,3.7,8,5.5,1,6.51,3.63,5.7,7.5,,3.8,,7,,5.5,3.2,,5.7,4.2,-2.89,5,-0.04,5.33,8.48,2.2,1.15,,1,3.24,2,8,5.1,-0.15,4.1,1,2.01,27,24,13,4,4.69
Georgia Tech,Georgia,-6,-6.9,-3.72,-5.55,-6.13,-4.45,-5.15,-6.31,-2,-8.1,-4,-2.74,-1.5,-7.44,-1.91,-4.7,-6.18,-4.83,-5.37,-5.81,-7.95,-6.13,-4.22,0.66,-1.3,-2.66,-6.41,-5.52,-3.73,-3.38,-4.45,-2.39,,-3.61,-3.34,-7.4,-5,-5.5,-4,-4.12,-2.96,-5.05,-4,,-3.96,,-3,,-6,-4.6,,-9.3,-4.1,-1.76,-3,-1.72,-0.23,-8.23,-8.9,-7.6,,-8,-4.17,-4,-4,-6.7,-10.83,-0.2,-4,2.34,31,17,13,-7,-7.78
Hawaii,Tulane,16.5,18.38,23.87,19.71,18.07,21.94,22.86,13.33,23,16.3,21,25.67,18,23.74,10.34,19.26,27.28,19.17,16.92,22.56,25.95,15.19,24.78,15.14,14.7,18.28,22.74,13.71,21.32,17.24,19.26,14.62,,12.55,14.46,19.7,27,20,17,12.89,13.25,18.28,19,,22.68,,16,,16.5,20.5,,21.2,22.2,9.5,22,2.32,9.58,18.75,28.8,13.85,,23,16.87,12,22,22,25.16,22.5,14,4.47,23,35,13,16,23.91
Indiana,Purdue,-7.5,-11.87,-8.57,-8.97,-11.5,-7.73,-9.23,-14.24,-7,-13.9,-14,-8.2,-9.5,-9.55,-22.09,-2.7,-14.26,-10.37,-7.01,-11.15,-13.05,-16.91,-13.03,-11.81,-3.4,-7.32,-11.95,-13.23,-14.2,-11.88,-10.02,-12.59,,-13.94,-13.09,-24.8,-9,-9.5,-14,-6.61,-10.71,-9.6,-5,,-7.95,,-5,,-7.5,-5.9,,-7.3,-10.7,-2.13,-8,-15.23,-2.62,-8.5,-14.4,-14.15,,-13,-5.49,-7,-7,-7.9,-20.71,-6.1,-11,4.32,33,25,13,-11,-10.02
Kansas,Missouri,-24,-21.13,-28.26,-25.2,-34.69,-21.21,-21.48,-15.76,-23,-24.2,-20,-29.62,-20.5,-25.93,-12.24,-28.27,-32.33,-22.2,-15.51,-28.16,-28.4,-34.5,-26.11,-12.18,-17.4,-22.11,-19.79,-15.69,-24.5,-19.02,-22,-16.09,,-15.67,-15.83,-27.1,-27,-22.5,-25,-14.86,-24.07,-28.71,-31.5,,-28.32,,-20,,-24,-16.8,,-32.9,-30.4,-19.28,-23,-2.83,-6.91,-23.29,-27.1,-16.75,,-22,-15.49,-15,-24,-18.3,-24.43,-17.6,-19,5.91,24,10,13,-21,-29.82
Kentucky,Tennessee,-7,-8.91,-7.83,-3.97,-10.17,-7.03,-5.49,-9.02,1,-0.1,-5,-7.79,-2,-8.96,-4.35,-5.7,-10.47,-5.43,-3.6,-10.8,-3.85,-12.47,-3.17,-2.66,-2.8,-6.3,-6.63,-7.14,-6.66,-5.04,-5.71,-5.14,,-4.09,-4.57,-9.9,-3,-7,-6,-0.69,-7.71,-2.11,-6.5,,-8.26,,-4,,-7,0.01,,-10.7,-6.9,0.72,-4,-2.12,0.12,-5.75,-6.2,-6.65,,1,-5.02,-7,-8,-5.5,-11.39,0.9,-6,2.96,7,10,13,-6,-6.35
LSU,Arkansas,12,13.44,17.78,12.98,19.2,12.89,11.97,12.94,17,10.6,22,18.1,23,14.11,24.44,17.49,20.55,14.22,20.82,14.91,12.35,5.53,16.77,18.23,11.5,15.65,11.39,10.78,14.25,12.17,13,17.32,,8.1,9.86,16,12,14,12,11.39,5.88,12.5,20.5,,19.69,,8,,12,12.9,,13.2,11.2,28.48,14,23.9,9.17,16.5,14.6,7.25,,19,12.69,7,13,17.4,11.66,23.6,8,4.28,17,41,13,12,10.39
Louisiana Tech,New Mexico St.,20.5,16.8,24.29,23.02,17.09,18.03,23.35,14.63,25,16.4,20,23.68,20,18.99,9.51,21.67,26.16,19.32,19.26,19.47,25.45,27.19,25.58,12.27,16,20.8,14.81,16.29,19.87,19.42,19.26,17.68,,17.31,17.93,28.5,23,21.5,21,11.04,21.97,16.98,17.5,,24.37,,16,,20.5,25.6,,22.9,19,14.74,19,2.41,9.97,19.48,13.3,15.95,,25,16.27,12,21,19.1,19.3,20.2,13,4.23,0,44,13,14,22.71
Marshall,East Carolina,-1,3.67,3.69,-0.01,-0.89,0.17,-1.08,6.38,4,2.8,5,4.44,5,1.41,8.9,-1.55,3.08,2.02,0.82,-0.37,-2.35,4.22,4.18,4.98,2.7,3.98,-1.71,6.25,2.86,3.81,2.7,7.94,,5.52,5.89,8.4,1,1,-2,4.54,3.75,2.5,7.5,,3.88,,1,,-0.5,-3.4,,-4.8,-1.2,22.04,-1,0.87,3.19,3.01,-4.5,0.7,,2,2.23,-2,4,-2.8,-2.57,3.8,-1,3.35,27,34,13,-3,0.8
Miami (Fla.),Boston College,14.5,17.52,20.2,17.69,18.45,17.16,12.87,15.96,20,10.4,14,19.45,15,19.61,15.27,16.34,23.12,15.87,12.79,18.67,14.05,29.75,9.47,10.53,14.8,18.3,9.12,16.99,18.56,18.83,15.96,18.57,,19.25,17.95,31.6,16,14.5,8,11.28,22.73,8.91,19,,20.6,,13,,14.5,12,,21.5,18.5,21.35,16,2.67,10.36,13.95,14.2,13.25,,18,14.37,9,14,14.7,19.63,15.7,11,4.21,24,17,13,14,14.66
Michigan,Ohio St.,7.5,12.82,17.18,9.53,15.14,13.55,11.27,11.64,18,2.5,15,17.71,15.5,14.91,13.76,13.72,17.43,12.82,11.92,15.15,13.05,17.19,3.09,10.55,6.95,15.02,6.59,14.87,17.59,16.9,13.72,15.01,,17.71,18.63,30.4,7,8.5,9,1.87,15.55,10.39,17,,16.6,,6,,8.5,16.7,,22,16.1,22.38,12,1.72,3.54,11.14,15.3,12.15,,15,11.18,3,3,10.5,14.32,11.4,10,5.09,34,40,13,7,10.32
Middle Tenn.,Florida Intl.,-8.5,-12.46,-11.81,-11.05,-11.91,-9.25,-13.55,-12.28,-14,-4.7,-14,-10.02,-13.5,-12.66,-3.9,-10.83,-12.78,-11.64,-10.07,-11.73,-14.35,-14.06,-16.17,-8.62,-7.5,-9.95,-9.94,-12.36,-16.88,-14.28,-11.91,-12.74,,-12.98,-14.76,-27.9,-11,-10,-13,-2.44,-11.28,-12.02,-12.5,,-11.61,,-7,,-9.5,-17.7,,-8.5,-11.5,-18.17,-9,-3.63,-1.28,-11.91,-13.3,-16.15,,-12,-8.08,-7,-10,-11.7,-22.74,-9,-13,3.99,31,18,13,-11,-7.05
Minnesota,Illinois,-10.5,-9.95,-9.97,-10.74,-26.15,-11.48,-8.83,-7.98,-14,4.7,-13,-12.6,-9,-12.14,-2.1,-9.32,-13.4,-10.48,-3.52,-14.52,-11.05,-17.16,-8.92,-16.02,-2.15,-8.16,-5.8,-7.75,-19.33,-13.06,-10.74,-10.16,,-13.06,-12.76,-25.2,-13,-13,-6,2.34,-14.4,-11.91,-8.5,,-10.71,,-9,,-10.5,-6.3,,-14.6,-16.7,-16.12,-11,-1.92,1.78,-10.96,-5.8,-11.8,,-14,-6.61,-8,-13,-7.4,-20.26,-1.8,-14,5.29,7,27,13,-16,-11.28
Mississippi St.,Mississippi,17,17.18,19.93,18.61,24.56,13.51,18.11,17.88,21,19.6,17,20.42,15,16.62,18.33,18.34,19.88,17.75,14.58,15.72,20.65,30.34,21.36,14.05,17.75,16.46,20.48,18.49,21.82,16.89,17.88,18.26,,15.94,15.85,24.6,23,17.5,21,12.04,20.43,20.06,22.5,,19.15,,17,,17,17,,17.1,20.6,32.03,15,3.3,4.87,16.61,21.8,13.4,,22,12.46,8,24,12.5,17.58,18.1,10,3.65,3,31,13,15,17.56
NC St.,Maryland,12,10.96,15.19,13.94,21.95,7.73,18.67,12.3,19,14.6,16,12.01,16,9.63,4.28,13.16,16.72,14.28,17.94,8.56,16.75,21.28,9.15,12.66,18.2,12.84,15.38,13.68,16.84,13.96,13.96,17.02,,16.91,17.12,26.8,16,13.5,19,8.65,17.45,12.27,12,,13.31,,10,,12,23.3,,16.5,13.3,11.19,12,2.98,6.99,11.69,17.5,15.05,,18,12.55,4,11,9.4,17.68,12.1,9,4.25,41,56,13,12,11.23
Nebraska,Iowa,9.5,8.58,7.54,9.01,5.49,6.99,5,8.12,9,7.7,9,10.23,11,9.11,11.75,8.37,12.82,8.5,5.95,7.17,6.65,11.16,12.26,13.28,7,7.86,5.41,9.04,7.49,9.43,9,11.2,,10.12,11.33,15.9,6,10.5,6,10.04,9.6,11.6,12.5,,7.58,,10,,9.5,5.1,,10,5.8,11.87,7,1.23,10.37,10.5,9.5,4.4,,13,6.66,2,4,9.5,6.77,6.2,3,2.69,7,20,13,10,9.08
North Carolina,Duke,13,15.97,14.34,13.96,21.51,13.48,12.27,16.62,23,15.9,18,19.78,17,15.32,10.44,14.81,17.47,15.08,10.81,15.46,12.35,29.19,16.78,10.31,13.1,12.9,12.45,19.8,17.48,18.2,14.81,18.7,,20.3,18.76,32.2,18,13,10,11.46,20.79,11.91,12.5,,13.8,,10,,13,13.7,,16.1,16.7,25.52,14,1.65,5.83,12.71,10.1,12.4,,15,12.58,8,17,17.2,17.69,14,11,4.20,21,37,13,12,11.86
Northern Ill.,Eastern Mich.,18.5,14.05,17.89,21.54,11.87,16.16,20.54,10.95,18,13.4,16,20.46,14.5,17.09,8.77,22.26,25.21,16.7,13.11,18.04,22.55,22.06,20.96,16.5,13.1,15.37,18,12.43,18.71,13.73,17.09,11.2,,12.3,11.63,18.4,26,20.5,18,10.38,18.19,17.26,19,,17.78,,18,,18.5,20.2,,21.8,12.7,15.86,16,1.66,8.96,21.4,19.2,10.75,,23,12.79,14,28,15.3,14.17,16.3,9,4.28,12,18,13,13,19.03
Northwestern,Michigan St.,-6.5,-9.74,-8.39,-8.94,-9.66,-7.12,-6.71,-10.89,-6,-8.3,-10,-9.69,-7.5,-8.49,-7.17,-4.63,-14.01,-8.27,-4.79,-10.59,-9.55,-17.81,-1.3,-11.21,-9.5,-7.44,-1.74,-10.62,-8.64,-11.01,-8.3,-11.01,,-9.34,-9.99,-19.2,-7,-7,-5,-7.91,-12.24,-5.46,-9.5,,-9.3,,-6,,-6.5,-3,,-6.8,-7.8,-3.97,-7,-2.74,-3.81,-5.9,-11.9,-11.85,,-9,-4.96,-8,-11,-7.9,-14.52,-6.2,-8,3.11,31,17,13,-10,-8.21
Ohio,Miami (Ohio),9,9.03,6.72,5.68,9.5,4.49,0.44,11.82,12,2.3,13,7.39,15,6.13,7.18,7.87,9.41,8.16,5.84,4.52,0.15,16.72,2.42,11.08,4.1,8.94,5.83,13.65,15.18,14.13,7.7,15.85,,17.23,18.98,28.9,3,7,3,1.96,14.94,-0.61,13.5,,7.86,,4,,9,0.8,,7.7,12.9,9.77,7,1.69,3.91,4.53,0.6,10.75,,3,7.6,1,10,8.6,13.2,7,9,5.49,14,21,13,10,7.52
Oklahoma,Iowa St.,28.5,18.25,29.22,27.75,32.02,27.49,20.51,10.57,25,12.8,24,32.4,23,24.56,9.99,28.14,33.4,21.71,15.71,28.55,22.35,17.47,24.31,15.61,17,24.2,11.07,11.01,24.93,18.94,23,13.5,,12.3,15.22,26.1,29,29,16,16.82,16.48,29.29,32,,30.22,,24,,28,18.3,,28,30.2,27.23,23,1.68,11.33,27.85,26.8,9,,26,17.42,14,21,23,20.02,17.9,18,6.82,6,26,13,25,30.11
Oregon,Oregon St.,28,27.15,29.96,29.15,38.11,24.81,26.61,26.04,37,24.9,32,34.34,32,29.07,34.4,24.25,38.66,28.78,25.76,30.28,30.15,38.28,37.13,28.27,26.5,26.14,20.67,29.69,34.74,30.96,29.07,30.47,,29.99,30.29,50.9,29,29.5,30,21.66,31.03,26.96,27.5,,30.69,,21,,28,27.3,,23.7,29.2,23.05,28,4.13,16.72,32.05,27.1,23.1,,31,23.38,13,25,24,31.63,29.1,25,5.58,21,49,13,30,28.35
SMU,Rice,13.5,8.25,14.13,14.17,11.53,10.7,9.77,6.5,13,14.2,11,14.32,10.5,9.89,4.07,13.67,11.06,11.14,9.69,12.6,12.25,14.38,11.94,14.17,7.7,11.21,7.4,7.59,13.68,10.02,11.5,8.83,,7.46,8.79,11.5,15,15.5,10,13.28,11.79,13.33,14,,13.36,,12,,13.5,7.4,,16,14.9,13.44,15,0.79,9.06,14.64,13.2,5.05,,13,9.85,5,17,11.6,11.68,15.9,8,2.94,24,27,13,14,14.11
South Carolina,Clemson,4,8.06,8.89,4.57,10.8,4.66,7.29,8.44,8,9,8,8.58,6,7.99,6.28,11.25,9.34,6.98,8.81,7.13,7.95,8.22,9.8,4.11,4,7.38,3,8.37,4.59,3.21,7.95,6.61,,8.02,5.65,7.3,10,2.5,8,3.15,6.5,7.24,4,,8.37,,8,,5,8.7,,8.6,5.2,12.36,6,1.36,1.31,7.2,7.3,1.95,,12,7.37,3,10,9.2,4.22,4.6,2,2.56,13,34,13,-1,6.1
South Florida,Louisville,3.5,5,8.84,7.01,12.44,9.2,2.56,1.65,6,-0.8,5,13.74,3.5,8.89,3.38,5.91,11.88,5.18,3.02,9.32,4.65,3.09,2.71,0.16,1,6.94,1.52,1.21,7.22,3.79,4.62,2.55,,1.24,2.19,-0.1,8,3,2,0.82,4.62,7.63,7.5,,9.4,,8,,3.5,3.9,,12.8,12.2,4.08,9,-0.09,2.33,12.17,4.4,-2.15,,4,5.76,1,3,5.1,2.4,7.6,3,3.78,34,24,13,4,8.44
Southern Miss.,Memphis,35.5,33.2,39.34,35.17,29.6,32.34,29.93,30.33,38,27.1,34,41.03,34,36.52,20.16,32.61,41.93,33.13,25.81,36.84,35.25,41.56,46.01,27.47,20,34.98,22.3,32.82,37.71,37.83,33.2,34.59,,35.48,36.45,62,33,36,29,25.59,34.1,35.54,35,,39.91,,32,,35.5,28.9,,44.7,37.4,38.52,33,5.85,20.18,31.29,37.4,29.2,,34,24.74,20,32,24,36.42,34.5,27,7.01,7,44,13,33,34.18
Stanford,Notre Dame,7,10.99,16.31,8.84,16.72,10.27,12.62,11.03,17,17,12,17.44,13.5,11.19,18.08,17.01,16.04,11.99,11.93,11.84,13.95,11.94,12.45,15.9,6.75,14.15,13.91,10.4,15.21,9.58,11.87,11.87,,10.2,9.64,14.3,16,7.5,11,13.09,8.98,6.73,8,,16.98,,11,,8,9.5,,16.1,14.1,4.15,15,2.55,8.77,10.71,13.3,6.35,,8,8.48,6,11,4.7,8.92,9.5,7,3.38,14,28,13,9,9.72
Syracuse,Cincinnati,-2.5,-6.52,-6.47,-8.18,-6.05,-7.38,-4.35,-4.02,-6,-1,-8,-7.45,-4,-9.02,3.24,-2.04,-6.77,-5.57,-3.82,-7.82,-7.65,-11.5,2.19,-6.74,-0.2,-4.51,-4.45,-3.05,-11.92,-5.53,-6,-3.79,,-3.93,-4.18,-8.1,-6,-4.5,-5,-1.92,-8.78,-4.34,-11,,-6.17,,-5,,-3.5,-5.3,,-6.6,-11.3,4.34,-6,-1.33,-1.55,-8.86,-11.8,-8.7,,-5,-3.8,-6,-4,-7.6,-12.22,-1.8,-8,3.02,30,13,13,-7,-2.9
Temple,Kent,17,14.52,21.1,17.8,15.45,16.3,14.17,7.34,17,6.8,11,22.69,10.5,23.14,7.37,20.54,20.5,14.58,10.68,21.97,22.25,17.31,12.68,10.29,7.75,16.19,12.39,6.72,21.27,11.06,14.52,8.4,,7.38,8.35,8.9,18,18,13,8.61,15.27,17.75,20.5,,20.83,,13,,17,15.6,,20.9,21.6,12.21,18,1.08,8.01,18.4,20.4,4.85,,20,12.72,10,28,10.5,16.19,18.3,12,5.36,16,34,13,16,17.43
Texas A&M,Texas,8,5.16,8.42,7.53,3.05,5.67,6.31,4.12,6,1.4,3,8.88,7,6.23,4.07,5.81,10.75,5.76,6.79,6.57,9.85,4.34,9.98,4.59,3.45,6.11,7.5,4.43,6.58,2.73,6,3.95,,1.56,1.4,-0.4,9,7.5,6,1.31,4.16,11.91,-0.5,,8.52,,6,,8,9.5,,7.9,7.8,-0.3,8,0.53,1.41,5.66,9.9,1.15,,14,6.39,1,4,2.9,1.99,9.6,1,3.21,27,25,13,2,10.69
Tulsa,Houston,-3,-1.84,-6.92,-4.64,-7.36,-2.79,3.07,-2.11,-5,1,-11,-6.31,-7,-1.67,-6.19,-5.5,-5.83,-3.48,0.72,-5.59,-1.35,-3.88,-0.23,-0.96,2.75,-4.41,-6.31,-3.66,-12.33,-6.72,-2.79,-1.49,,-4.58,-4.3,-6.5,-2,-4.5,0.01,2.39,-2.19,1.21,-5,,-7.18,,-2,,-3,6.4,,-10,-13.1,-0.09,0,-12.18,3.47,-0.9,-2.3,-7.2,,-2,-0.31,-2,3,0.3,-9.24,-6.5,-12,3.93,48,16,13,-10,-3.52
UNLV,San Diego St.,-16,-16.95,-18,-17.71,-16.96,-19.64,-17.71,-14.93,-18,-11.8,-18,-20.08,-14.5,-19.02,-7.47,-14.9,-26.91,-16.84,-11.73,-22.01,-18.65,-22.03,-11.77,-18.74,-9,-13.4,-16.85,-16.02,-22.76,-18.8,-17.2,-16.86,,-16.85,-16.22,-33.4,-18,-14.5,-17,-6.25,-16.17,-19.45,-7,,-17.37,,-14,,-16,-16.5,,-22,-22.7,1.37,-18,-2.94,-4.9,-18.37,-17.2,-17.55,,-17,-12.34,-13,-11,-17.5,-27.46,-12.8,-18,4.68,31,14,13,-18,-17.31
USC,UCLA,14,14.69,17.57,17.7,19.46,13.88,19.84,14,18,17.4,18,16.83,19.5,15.38,9.07,17.47,24.09,17.35,17.07,16.07,19.95,23.34,11.84,23.35,18.5,14.99,19.59,16.61,17.12,18.11,17.57,17.67,,17.71,18.06,29.1,20,18.5,19,13.75,19.18,16.99,19,,16.75,,12,,14.5,23.7,,19.4,16,15.27,15,2.29,10.59,15.24,21.1,14.3,,24,14.08,9,21,18.4,16.49,16.3,10,3.61,0,50,13,14,17.1
Utah,Colorado,22,19.89,25.86,21.17,30.6,19.08,21.28,17.81,27,23.1,21,26.03,21.5,22.36,17.92,21.62,28.98,21.83,17.05,23.01,24.05,36.75,25.51,15.73,19.2,21.85,19.84,21.1,27.04,23.16,21.28,21.27,,23.37,24.21,38.1,21,22.5,19,16.36,27.66,18.79,17,,25.76,,15,,22,21,,24.5,24.3,21.27,18,3.25,9.92,25.15,24.2,19.9,,25,15.28,11,24,17.7,24.96,20.7,17,4.59,17,14,13,18,20.78
Utah St.,Nevada,1.5,-2.1,2.31,-4.26,2.43,0.99,-8.77,-4.04,-1,-14.3,-1,5.17,0.5,0.01,1.75,-6.37,-1.15,-2.99,-2.82,0.03,-5.55,-8.28,-5.48,-9.83,-2.65,0.01,-5.06,-3.92,,-3.2,-2.94,-2.88,,-4.58,-3.83,-9.9,-7,-1,-6,-8.2,-4.26,-5.31,5.5,,0.54,,-6,,0.5,-7.8,,0.2,4.3,11.69,2,-1.33,-0.29,-2.3,-3.5,-4.9,,-7,-0.26,-7,-3,-0.6,-6.85,3.3,-1,3.91,17,21,13,-2,-1.27
Virginia,Virginia Tech,-4,-6.02,-3.28,-6.4,-5.02,-4.53,-1.97,-7.57,-2,-2.5,-7,-4.71,-7,-4.97,-3.17,-9.11,-6.02,-5.13,-2.29,-5.4,-1.35,-8.25,0.19,-9.53,-1.55,-4.53,0.41,-9.09,-7.51,-8.55,-5.02,-8.91,,-8.45,-8.4,-19.2,-4,-4.5,-1,-2.91,-6.04,-6,-4.5,,-3.9,,-8,,-4,1.1,,-3.6,-6,-22.52,-4,-2.04,-2.22,-3.82,-2,-7.8,,-1,-3.48,-8,-7,-5.2,-11.09,-0.8,-7,3.41,38,0,13,-7,-3.97
Wake Forest,Vanderbilt,-1.5,0.54,-0.87,0.91,3.82,-2.41,1.38,1.75,2,3.4,5,-0.84,7,-0.68,2.24,1.24,-1.39,1.39,-1.12,-3.71,-0.35,2.59,-0.57,6.03,-2.75,-0.14,4.22,3.09,8.21,3.9,1.24,5.94,,4.79,6.92,7.9,2,1,4,3.66,3.56,3.31,3,,-1.51,,2,,-1.5,-2,,-6.8,-0.8,10.47,1,0.14,3.81,0.75,0.4,2.85,,4,-1.97,2,-7,0.6,-3.36,3.6,-1,3.15,41,7,13,-1,-1.01
Washington,Washington St.,9,9.24,7.24,7.12,7.33,6.54,6.02,12.37,8,13.2,11,5.82,12.5,5.91,14.75,12.17,4.42,8.33,7.42,6.46,4.95,19.34,5.73,16.62,4.4,7.58,8.64,13.5,5.36,12.57,7.24,13.62,,14.32,15.24,23,9,6.5,5,14.73,13.5,9.72,2.5,,7.13,,9,,9,1.8,,-2.3,0.7,9.71,5,1.95,11.36,6.21,6.4,7.1,,5,7.15,3,7,12,10.21,3.7,3,4.43,21,38,13,6,6.43
West Va.,Pittsburgh,6.5,7.67,5.14,8.32,9.83,7.56,3.64,8.5,10,3.5,11,10.44,12,6.76,4.82,7.1,9.55,7.67,4.18,5.13,6.15,13.91,2.94,7.73,5.1,6.17,7.55,9.97,12.6,11,7.55,12.26,,12.3,11.75,19.9,9,10,3,4.83,12.66,7.19,8,,5.22,,8,,6.5,4.7,,10.9,11,19.59,7,1.04,6.16,4.9,4.9,5.65,,8,4.91,2,4,8.9,5.83,5.9,7,3.25,20,21,13,8,7.01
Western Kentucky,Troy St.,5.5,10.31,11.81,4.03,11.38,8.64,11.26,13.37,10,12.2,10,9.47,11.5,7.3,11.11,2.46,10.05,9.81,14.14,7.82,10.45,14.63,2.62,7.79,9,12.08,8.72,15.53,11.21,12.84,10.31,14.45,,13.84,15.09,23.2,6,4.5,10,8.62,12.58,3.45,,,12.12,,4,,6.5,12.8,,14.9,8.4,3.24,7,2.8,5.05,1.73,14.7,13.75,,11,11.34,-1,4,7.4,13.02,4,5,4.30,18,41,13,8,6.82
Western Mich.,Akron,28,28.77,35.32,29.99,29.11,25.14,31.22,27.59,34,23.6,32,34.23,29,29.96,29.1,30.91,38.22,29.11,26.99,30.72,35.95,26.78,34.73,24.04,16.55,29.66,26.56,28.24,31.22,28.38,29.1,31.82,,25.79,27.25,46.4,33,28,30,19.27,21.36,29.56,28.5,,34.41,,23,,28,36.6,,29.8,27.9,43.44,29,16.56,15.34,29.07,37.5,25.05,,39,23.64,18,25,23,33.12,29.8,22,5.54,19,68,13,24,28.01
Wisconsin,Penn St.,14.5,5.12,19.05,17.46,19.11,14.58,14.73,0.01,16,13.1,5,22.03,4,13.16,8.37,17.6,23.43,12.17,10.99,16.91,20.65,6.84,15.81,3.96,8,16.19,18.86,-0.76,16.72,4.64,13.82,1.58,,0.19,-0.01,-3.9,22,18.5,10,10.83,5.7,15.84,19,,21.31,,11,,14.5,15.5,,21.6,21.6,23.99,17,-0.27,7.36,13.82,18.7,2.25,,21,9.5,10,17,3.6,6.05,13.9,9,7.22,7,45,13,12,18.26
Arkansas St.,Troy St.,17.5,21.41,23.72,13.9,24.26,19.71,19.13,23.16,25,16.1,26,23.34,22.5,19.74,15.8,16.62,23.42,21.25,20.48,21.97,21.45,30.75,23.44,21.15,13.5,19.88,14.81,26.41,30.69,26.21,21.15,27.31,,26.92,28.13,45.2,17,13,19,13.64,27.8,11.1,19,,21.72,,13,,18,22.9,,30.4,26.7,25.09,19,4.46,11.18,17.87,21.1,24.9,,25,19.61,6,13,18.1,27.34,11.3,17,5.98,14,45,14,21,19.54
Baylor,Texas,3,2.28,-0.48,3.35,-3.52,0.96,2.08,6,2,0.01,3,1.48,6,-0.01,6.52,-4.1,-0.2,2.27,4.07,0.22,1.55,3.08,1.58,8.81,2.5,0.82,0.27,7.91,3.49,5.57,2,7.44,,5.6,6.81,8.4,1,2.5,5,2.13,4.47,0.22,-5.5,,-0.68,,1,,3,3.6,,1.6,2,1.31,2,0.69,4.26,0.44,-1.2,4.5,,1,3.12,-3,-7,-0.01,1.36,5.6,1,3.26,24,48,14,4,1.84
Boise St.,New Mexico,48.5,43.33,59.2,50.26,56.33,44.22,48.21,38.77,57,41.9,47,57.82,43.5,48.46,31.79,56.05,71.49,47.84,41.72,53.08,52.05,57.17,51.72,51.49,37.5,48.42,42.88,42.65,59.02,48.4,48.21,47.57,,45.66,45.61,78.6,55,52,46,31.81,43.61,49.28,52.5,,60.22,,43,,48.5,42,,54.1,54.5,50.54,49,7.79,21.73,50.57,51.8,35.8,,54,36.82,32,57,25,47.3,45.3,40,9.49,0,45,14,45,50.53
Cincinnati,Connecticut,9,10.61,14.25,12.58,12.61,11.28,3.29,10.31,16,9,15,15.16,13.5,11,5.88,10.09,14.12,10.95,7.57,11.6,9.25,21.14,1.88,11.63,3.25,12.35,4.51,11.85,16.98,14.71,11.28,13.82,,14.32,15.39,21.8,10,9.5,3,7.24,17.69,10.34,12,,12.94,,12,,9,5.9,,16,15.7,13.08,12,1.57,5.49,13.4,12.2,9.6,,12,9.16,2,11,6.6,11.3,10,8,4.04,27,35,14,10,12.7
Clemson,Virginia Tech,-7,-5.03,-5.45,-6.26,-12.39,-4.46,-12.44,-2.95,-8,-8.1,-12,-7.32,-9.5,-6.61,2.51,-6.21,-10.34,-7.41,-7.5,-5.51,-14.2,-5.56,-2.2,-8.18,-3.5,-4.17,-6.49,-5.68,-6.3,-7.21,-6.79,-6.76,,-8,-6.34,-12,-11,-4.5,-12,-5.49,-6.1,-8.59,-4.5,,-3.7,,-5,,-7,-20.6,,-11.7,-7.3,-1.32,-6,-0.4,-2.89,-5.81,-8.5,-9.15,,-13,-3.72,-6,-1,-9,-6.06,-2.2,-6,3.66,10,38,14,-8,-6.82
Colorado St.,Wyoming,-5.5,-11.63,-7.21,-5.15,-10.7,-8.1,-9.82,-14.56,-9,-11.7,-11,-8.34,-12,-9.05,-11.37,-7.07,-10.78,-10.43,-9.83,-9.54,-8.75,-18.89,-12.51,-17.59,-4.7,-7.03,-16.03,-15.23,-11.88,-15.56,-9.83,-16.21,,-14.35,-16.2,-29.6,-8,-5,-13,-8.76,-13.25,-6.15,2,,-7.61,,-3,,-6.5,-11.4,,-3.2,-7.4,-3.91,-4,-3.23,-5.83,-5.23,-9.5,-18.6,,-9,-7.02,-6,-7,-10.6,-19.97,-5,-12,5.00,22,19,14,-10,-7.32
Florida Atlantic,Louisiana-Monroe,-7.5,-9.67,-14.06,-10.41,-12.92,-10.38,-12.96,-4.92,-8,-7.9,-12,-13.12,-8.5,-14.62,-1.99,-10.15,-13.08,-10.4,-9.9,-14.25,-15.45,-3.14,-13.62,-1.35,-7.8,-9.6,-5.35,-3.58,-15.05,-7.37,-10.38,-6.1,,-3.85,-4.86,-10.7,-11,-11.5,-10,-4.26,-2.4,-11.49,-15.5,,-13.63,,-10,,-8,-15.9,,-18.4,-14.9,-15.93,-8,-1.78,-0.61,-14.98,-17.1,-9,,-18,-9.29,-9,-10,-13.5,-22.14,-7.7,-11,4.52,26,0,14,-10,-14.66
Hawaii,BYU,-8,-8.25,-7.04,-11.15,-7.41,-5.74,-12.26,-9.67,-8,-11,-10,-5.85,-5.5,-6.77,-8.15,-5.29,-6.46,-9.33,-8.08,-7.59,-12.95,-19.08,-16.63,-8.39,-11.8,-5.25,-12.68,-10.85,-4.88,-9.88,-8.41,-9.31,,-12.65,-10.42,-24.9,-10,-8,-18,-8.38,-14,-8.94,-0.5,,-6.67,,-6,,-8,-16.4,,-8.6,-4.2,-12.14,-2,-2.95,-5.77,-9.23,-14.2,-12.55,,-17,-3.85,-6,-1,-6,-13.02,-0.9,-6,4.35,41,20,14,-10,-6.38
Houston,Southern Miss.,14,13.9,21.3,15.71,13.42,11.68,15.85,16.93,20,13,23,19.17,18,11.54,21.02,18.4,24.9,15.88,14.6,16.02,21.85,16.89,8.01,13.16,10.75,15.75,22.71,19.45,17.18,13.56,15.62,14.48,,15.53,12.75,20.2,20,17,14,9.1,12.02,10.54,15,,19.99,,11,,14,21.2,,24,14.2,18.1,12,14.87,5.19,20.37,19.6,11,,26,11.66,4,3,7.6,11.93,11.8,10,5.36,49,28,14,11,27.4
Kansas St.,Iowa St.,11,11.58,14.09,11.03,17.53,13.68,10.76,12.69,19,4.4,15,12.42,18,11.59,7.24,13.56,12.27,12.19,9.45,11.51,10.45,13.33,4.02,16.75,11.75,13.39,6.5,14.29,12.27,16.06,12.27,15.29,,13.76,15.91,25.7,13,12,12,4.97,13.55,11.12,13,,14.44,,8,,11,10.6,,6.1,11.4,5.65,10,2.04,5.54,12.29,13.6,9.9,,10,10.44,7,17,13.9,13.19,10.4,9,3.77,23,30,14,10,15.42
LSU,Georgia,13.5,15.89,17.41,12.4,10.7,12.47,17.58,21.91,15,15.8,19,16.76,21,13.21,22,20.83,17.21,15.17,20.11,16.07,16.7,6.78,17.7,24.81,12,13.82,15.19,17.92,16,13.33,15.49,22.86,,7.67,10.62,19.2,13,10,14,11.95,4.74,17.32,12.5,,17.96,,9,,13.5,19.9,,9.8,9.4,18.94,12,27.73,8.11,14.85,17.7,9.3,,10,14.87,10,8,12.6,16.74,25.4,9,4.42,10,42,14,15,17.6
Nevada,Idaho,20,15.96,17.69,18.88,22.08,14.4,20.7,15.59,22,23.3,19,17.44,20,16.44,10.32,21.5,19.79,18.45,15.35,17.28,20.85,25.61,16.39,18.5,13.1,18.56,11.55,18.32,19.87,19.86,18.56,20.6,,21.51,22.48,35.9,21,19,15,17.88,20.45,17.37,15,,19.47,,20,,20,16.2,,28.4,19.2,22.24,19,3.21,12.47,17.98,21,14,,20,14.22,10,27,12.9,21.74,14.3,13,4.33,3,56,14,20,17.49
New Mexico St.,Utah St.,-14,-8.76,-14.14,-14.51,-14,-10.69,-9.43,-4.31,-8,-3.6,-10,-14.6,-6.5,-13.34,-2.69,-9.11,-20.24,-10.21,-5.95,-14.3,-15.55,-10.25,-8.05,-8.02,-5.1,-16.21,-8.37,-3.87,-13.6,-8.66,-10,-4.19,,-5.22,-6.28,-13.1,-11,-14,-11,-3.64,-7.78,-10.15,-9.5,,-12.76,,-7,,-13.5,-8,,-13.5,-16.8,-5.75,-12,-1.22,-3.68,-14.82,-16.2,-11.5,,-14,-6.04,-10,-8,-11.5,-15.72,-8.5,-14,4.03,24,21,14,-13,-11.72
North Texas,Middle Tenn.,5.5,9.81,11.28,5.31,6.61,8,10.79,11.4,14,2.6,14,10.2,15,8.21,11.52,6.45,10.18,9.37,8.76,8.28,10.35,9,3.91,9.72,7.5,10.58,9.23,14.84,9.18,12.78,9.6,14.95,,15.13,16.07,26.8,9,7,11,3.25,9.28,6.9,10,,10.44,,3,,6,11.8,,5.8,2.9,6.43,6,1.79,3.89,12.73,9.6,10.15,,10,7.06,2,4,6.2,9.88,6.1,5,4.20,7,59,14,5,7.1
Ohio,Northern Ill.,-3.5,-3.09,-4.21,-4.9,-0.36,-5.27,-6.98,-3.45,-2,-4.9,-0.25,-4.08,-0.5,-2.72,1.14,-3.76,-3.21,-3.46,-3.61,-4.42,-5.7,-6.72,-7.11,-1.33,-2.85,-3.19,-7.04,-3.68,-2.3,-4.01,-3.4,-2.67,,-3.15,-1.73,-5.7,-7,-3,-7,-4.37,-4.3,-2.92,0.5,,-2.86,,-6,,-3.5,-5.2,,-5.8,2.7,2.03,-2,-0.52,-3.84,-3.83,-5.9,-4,,-3,-3.35,-3,-3,1,-2.28,-2,-1,2.16,23,20,14,-1,-1.86
Oklahoma St.,Oklahoma,3.5,3.89,5.23,1.63,4.56,2.82,0.92,7.2,8,8.1,7,4.4,9,0.61,3.61,-1.47,9.29,4.2,2.77,2.06,3.45,4.97,10.12,9.19,2.9,4.23,1.58,8.11,3.97,6.26,3.61,9.63,,7.3,7.55,10.7,2,3,0.01,6.51,4.53,1.26,-1,,4.08,,1,,3.5,0.9,,2.8,2,-10.68,4,0.92,4.93,3.03,2,3.25,,12,4.21,-3,3,-4.3,-0.05,5.9,1,3.47,10,44,14,3,6.76
Oregon,UCLA,31.5,21.59,31.69,29.26,34.34,24.34,28,17.09,26,20.4,27,31.19,27,26.35,19.74,31.1,39.86,25.83,24.71,29.84,34.25,25.22,33.63,23.74,28.6,25.9,20.42,19.19,30.62,21.35,26.18,20.53,,17.47,18.82,29.4,33,31,26,16.89,21.8,25.21,31.5,,32.19,,21,,30.5,27,,29.7,31.5,39.04,25,3.25,13.38,29.5,28.3,16.6,,30,21.11,15,28,23,24.31,25.6,19,5.43,31,49,14,26,27.37
Pittsburgh,Syracuse,10,7.34,12.31,13.17,7.62,11.42,16.93,4.02,12,10.6,7,11.73,6,10.81,6.19,12.09,14.03,10.18,13.22,11.12,15.35,11.94,17.47,9.95,16.3,9.5,10.4,5.01,7.02,6.4,10.6,4.55,,3.98,3.71,3.4,14,13,16,8.17,10.08,9.14,13,,11.61,,8,,10,19.1,,14.3,10.6,27.76,12,0.37,5.75,11.84,16.8,4.1,,17,9.22,7,11,10.1,8.4,9.4,2,3.98,20,33,14,6,11.68
San Diego St.,Fresno St.,8,11.96,12.27,11.25,14.02,10.55,10.84,12.81,13,7.7,17,12.96,14,11.1,5.67,11.13,13.59,11.72,8.07,12.03,9.75,21.33,6.08,16.31,5.85,10.27,9.74,15.1,15.85,15.77,11,15.92,,16.99,17.62,28,12,6.5,9,8.75,18.06,10.05,8,,10.62,,11,,8.5,7.4,,8.4,13.8,3.5,10,2.62,9.8,7.97,8.5,10.1,,14,8.85,6,11,15.1,13.59,8.7,10,3.82,28,35,14,11,9.41
South Florida,West Va.,-2.5,-3.94,0.82,-0.76,0.8,-0.01,-1.17,-6.87,-1,0.5,-4,-2.67,-5,-0.5,-2.61,-1.89,0.13,-2.62,-0.76,0.06,-0.65,-13.64,-4.23,-6.43,-6.55,-0.22,-2.2,-8.19,-4.21,-8.08,-2,-7.84,,-10.07,-9.6,-21.1,1,-1,-2,-1.6,-9.91,0.4,1.5,,0.99,,-2,,-2.5,0.01,,-3.7,0.6,6.26,0,-1.63,-3.71,1.4,-3.1,-11.75,,1,0.01,-4,-1,24,-9.25,2.1,-5,5.60,30,27,14,-5,-0.13
TCU,UNLV,38.5,33.33,38.38,36.02,36.04,33.75,38.18,31.89,45,39,38,39.67,34.5,34.84,32.09,39.04,47.81,36.21,32.36,38.01,40.05,49.53,36.04,37.71,32.25,31.47,41.94,35.37,42.46,36.04,36.66,38.41,,35.4,35.64,61,42,40.5,40,28.94,37.87,36.66,26,,37.09,,32,,38.5,38.5,,44.4,40.7,42.6,37,5.87,18.88,39.67,39.8,30.15,,45,27.95,24,35,-1.1,38.28,32.9,31,7.83,9,56,14,36,38.5
Wisconsin,Michigan St.,9.5,1.97,11.13,9.05,10.86,10.18,8.25,-1.87,7,1.8,3,12.73,3,8.95,-0.44,7.08,14.87,6.32,4.06,11.47,12.1,2.92,14.38,-3.15,0.5,8.04,12.48,-1.77,9.43,2.39,7.04,-2.11,,-0.65,-0.41,-0.7,14,7.5,3,1.84,1.4,8.16,12,,11.59,,6,,9.5,9.3,,11.5,14.1,24.9,9,-0.28,1.87,8.59,8.5,1.55,,9,5.33,8,7,3.7,5.77,7.2,7,4.91,39,42,14,7,11.05
Navy,Army,7,6.81,6.81,5.92,3.88,7.39,8.17,6.57,,6.2,,7.41,12,7.26,0.59,14.45,8.07,7.23,10.01,7.11,7,11.36,2.99,1.84,4.3,8.59,6.43,8.61,7.68,9.36,7.19,7.12,,8.08,7.87,13.9,5,7,10,5.51,8.13,4.3,3,,9.29,,4,,7,10.5,,2,3.1,18.22,8,0.97,4.83,3.56,12.4,6.9,,6,8.25,7,4,12.9,13.44,,3,3.20,21,27,15,,10.07
Air Force,Toledo,-3,-3.75,-9.06,-0.67,-8.12,-6.47,-1.73,-3.13,-6,3.7,-9,-8.76,-7,-4.59,-1.24,-1.63,-7.6,-4.45,-7.11,,-2.2,-9.83,-1.11,0.01,-1.7,-7.86,-3.19,-4.73,-8.29,-6.78,-4.59,-6.3,,-4.36,-6.06,-10.5,0.01,-1,-1,2.86,-8.45,-4.24,-12,,-8.75,,0.01,,-3,-5,,-4.4,-5.5,-16.85,-4,-1.33,2.02,0.92,0.5,,,-3,-7.65,-1,-7,-4.4,-7.94,-4.2,,3.48,42,41,19,-3,-5.71
Arkansas,Kansas St.,7.5,2.46,2.98,8.78,3.31,1.55,8.62,2.13,1,12.8,2,4.91,0.5,2.7,1.96,6.06,10.61,5.16,3.81,4.34,8.2,3.17,8.77,-0.01,4.75,2.84,6.36,0.17,5.83,-0.6,5.83,2.83,,-1.13,-2.72,-9.6,11,8.5,7,6.91,1.2,9.04,2.5,,1.69,,9,,7.5,6.8,,14.6,10.3,1.56,8,2.23,1.02,7.04,9.7,,,10,6.61,6,17,6.1,6.06,4.1,,4.58,16,29,19,6,9.94
Auburn,Virginia,3,5.39,4.43,2.58,-9.5,2.45,1.4,11.58,-1,6.1,1,3.36,1,2.24,3.3,5.08,5.02,2.85,5.86,,0.2,8.22,0.4,4.01,3.5,4.96,-2.44,10.06,-2.96,1.88,3.3,8.08,,5.41,3.99,8.7,3,1,0.01,4.03,3.71,1.81,3,,4.83,,6,,3,-2.1,,-1.1,-4.1,-3.7,4,8.98,1.96,-1.24,0.7,,,-2,5.24,6,11,0.7,5.05,1.3,,3.75,24,43,19,-1,4.08
BYU,Tulsa,-1,-2.42,-3.39,-0.37,6.99,0.18,-0.19,-3.47,-1,-0.6,-1,-2.55,-1.5,-1.39,-1.66,-0.55,-3.36,-0.54,-0.43,,-1.1,-2.97,4.3,-2.36,3.5,-4.05,2.91,-3.86,-1.29,-1.25,-1,-4.04,,-2.18,-2.84,-5.8,1,1.5,1,-0.31,-1.59,-2.81,-4.5,,-3.81,,0.01,,-1,3.1,,3.1,2.4,-6.44,0,-1.97,-0.01,-1.77,4.6,,,2,-0.91,-2,4,-0.7,0.87,3.5,,2.67,21,24,19,4,-1.34
Baylor,Washington,9.5,12.19,8.32,9.29,7.05,10.75,11.07,15.07,10,4.1,17,11.76,14,10.4,6.59,-2.17,10.64,10.46,10.32,,10.6,11.83,16.15,7.79,9.5,7.41,8.6,17.66,10.12,12.71,10.56,12.92,,13.81,12.68,26.6,8,10,12,4.54,10.66,7.44,6,,7.39,,6,,9.5,13.5,,11.4,11.7,32.2,5,9.97,4.98,9.37,9.3,,,13,8.58,3,7,14,12.48,7.2,,4.23,56,67,19,9,11.23
Boise St.,Arizona St.,14,12.03,9.39,10.92,14.82,8.31,14.88,14.46,15,14.7,21,9.26,20,8.78,4.46,13,11.96,13.85,15.62,,11.8,19.42,17.1,21.74,13.5,7.87,14.57,16.33,18.47,18.46,14.4,19.32,,18.9,19.05,28.4,14,13.5,18,11.74,16.07,16.03,17,,8.24,,13,,14,15.7,,14.4,15,8.56,12,9.82,8.79,12.7,11.1,,,10,10.31,12,3,16.3,17.33,4.7,,4.48,24,56,19,13,12.56
Clemson,West Va.,3,3.91,0.93,0.95,-0.01,0.43,2.21,7.51,-1,1.3,2,-0.92,3,0.91,3.13,0.95,1.77,2.12,1.07,0.92,2.1,3.47,-0.54,6.27,3.2,1.34,4.5,5.86,-0.74,2.43,2,6.87,,2.99,3.24,6.5,1,3.5,3,1.86,2.51,0.87,0,,0.56,,0.01,,3,4.1,,-2.4,-0.9,13.79,3,6.03,2.43,0.01,6.7,,,2,2.3,-2,7,0.01,3.06,1.7,,2.31,70,33,19,3,2.47
Florida St.,Notre Dame,3.5,-1.87,-1.98,0.8,3.2,-0.9,5.72,-2.88,1,-0.5,-1,-2.02,-2,-0.28,-8.75,3.63,-2.41,0.45,2.08,,4.9,-2.61,-0.11,-3.9,2.15,-0.87,0.41,-3.02,3.91,-3.71,0.06,-3.86,,-4.04,-4.75,-7.6,5,2.5,2,0.83,-1.36,3.04,-0.5,,-1.19,,1,,3,9.4,,-2.8,1.9,0.96,-1,-2.03,2.15,-1.77,4.6,,,10,-0.36,2,11,1.8,0.11,-2.8,,3.78,14,18,19,2,2.47
Georgia,Michigan St.,3.5,1.68,-3.44,1.02,3.4,-0.46,-0.64,5.76,-2,-1.6,1,-1.09,1,-2.38,-3.97,-1.32,0.88,0.61,-0.01,-1.87,-2.3,1.25,6.03,-2.32,-0.5,-0.46,2.06,6.93,1.55,0.6,0.6,3.4,,3.71,2.99,7.6,2,2,1,0.71,0.64,-4.32,-4.5,,-2.28,,0.01,,2.5,-3.4,,1.6,1.8,6.78,1,3.1,3.01,0.19,-2.1,,,-2,1.65,-1,7,-1.5,1.65,-6,,2.85,33,30,19,3,0.17
Georgia Tech,Utah,2.5,-1.44,-5.1,3.3,3.77,-1.11,1.08,2.35,-1,-5.5,3,-3.93,1.5,-5.21,-1.73,-6.77,-4.34,0.4,-1.93,,0.3,1.83,1.85,6.98,3.2,-3.47,4.13,3.63,3.59,3.42,1.08,3.65,,5.33,3.49,6.3,2,3.5,6,-1.99,2.63,-2.32,1.5,,-5.22,,0.01,,2.5,-0.2,,3.8,4.4,-10.73,-1,1.18,1.51,-6.36,-3.2,,,2,-1.19,-2,4,-1.2,-0.44,-4.7,,3.56,30,27,19,4,-0.78
Houston,Penn St.,7,2.48,11.2,9.81,13.65,5.47,7.48,0.92,15,5.1,7,11.62,8,4.08,-2.33,8.09,12.24,7.26,4.13,7.14,11.4,3.78,8.12,1.86,2.4,9.73,9.38,2.29,16.96,5.66,7.3,2.13,,1.94,3.25,4.1,12,9,5,1.65,3.69,8.36,13,,12.32,,5,,7,7.9,,17.6,17.5,11.02,6,2.1,-1.79,7.3,9,,,19,2.33,3,8,-0.7,1.44,1.9,,4.88,14,30,19,6,10.62
Illinois,UCLA,2.5,-1.02,0.16,2.03,15.32,4.43,-5.05,-4.28,-3,-10.8,3,3,-1,2.21,-3.07,0.41,1.69,-0.73,-5.09,,-1.1,-5.06,-1.66,-1.13,-2.8,-1.31,-6.66,-3.63,7.15,1.29,-1,-2.63,,-0.89,-1.02,-5.1,1,1.5,-8,-8.07,-0.91,5.32,3.5,,-0.01,,0.01,,2,-10.2,,2.4,7.9,11.82,-1,-4.46,-5.33,0.99,-7.4,,,-2,-0.97,2,-4,3.8,1.69,-0.1,,4.39,14,20,19,4,0.93
Iowa St.,Rutgers,-1.5,4.33,1.72,-0.43,-9.55,-0.91,3.38,11.02,-1,10.5,-7,0.01,-3.5,-1.28,10.18,-1.99,2.72,1.22,5.45,,3.6,7.94,3.41,1.61,5,1.15,9.54,10.56,-4.09,-1.44,0.37,4.36,,4.12,0.37,7.6,-1,-2.5,4,7.96,0.01,-0.66,-10.5,,0.29,,-2,,-1.5,8.4,,-1.9,-7.3,-1.17,0,9.47,5.41,-1.69,3.1,,,-2,0.39,-4,1,-7.6,-4.12,1.8,,4.90,27,13,19,-2,-0.89
LSU,Alabama,-1,4.04,1.42,2.36,-2.9,2.04,4.12,8.54,4,2.9,8,2.62,13,1.79,4,3.52,4.74,4.14,4.28,1.66,8.9,0.53,-2.28,16.04,1,1.51,8.07,9.31,3.41,4.11,4,13.02,,4.28,6.39,11.3,5,1,5,3.33,0.57,4.16,2,,1.79,,-2,,0,11.3,,-4.2,-1.3,2.95,1,2.11,3.76,2.85,6.5,,,14,3.76,-2,-3,-0.4,3.01,5.6,,4.40,21,0,19,1,4.14
Marshall,Florida Intl.,-4,0.21,-5.36,-5.03,-7.52,-4.89,-3.26,5.89,-7,2,-3,-4.96,-2,-4.9,2.48,-8.04,-2.79,-2.94,-1.36,,-4.9,2.42,-2.4,4.04,-1.4,-4,3.17,4.26,-9.07,-1.78,-3.26,3.76,,1.37,0.65,4.5,-5,-5,2,1.96,-1.71,-5.61,-4,,-5.87,,-4,,-4,-4.8,,-4.7,-9.7,6.97,-3,3.61,1.92,-2.03,-5.3,,,-11,-1.22,-3,-11,-6.2,-6.51,-3.4,,3.97,10,20,19,-5,-5.19
Mississippi St.,Wake Forest,6.5,8.21,9.95,9.74,7.17,7.99,10.53,8.16,7,9.4,5,11.08,4,8.28,4.19,10.66,11.74,7.92,9.11,,10.6,16.11,3.8,1.45,13.8,8.39,5.71,7.39,1.84,4.85,8.21,6.22,,4.04,3.01,6.8,12,7,7,6.25,9.31,11.36,12,,10.17,,9,,6.5,11.2,,7.5,8.4,17.17,8,5.53,3.1,8.68,8.4,,,8,7.37,5,17,4.2,7.97,8.3,,3.02,17,23,19,4,10.01
Missouri,North Carolina,5,11.88,10.97,3.76,6.15,8.4,4.61,11.91,6,3.1,5,11.87,4.5,11.87,8.75,6.57,11.52,6.99,9.25,,5.4,11.33,3.04,6.38,1.4,9.29,7.5,10.73,4.37,3.48,6.48,6.24,,5.57,4.44,12.6,5,3.5,7,3.07,6.48,13.25,4,,11.39,,8,,5,2.4,,6.8,8.2,19.64,6,9.66,3.04,6.22,8.6,,,1,7.02,2,13,1.7,7.99,8.9,,3.31,24,41,19,4,6.17
NC St.,Louisville,1.5,-0.52,-3.24,-0.35,2.48,-2.13,1.86,0.33,-5,-1.7,-1,-2.99,-1.5,-1.35,-9.38,-2,-0.56,-0.88,-2.45,,-0.7,-3.56,6.48,-0.64,1.6,-3.09,0.37,-0.23,-1.02,-1.96,-0.82,-0.76,,-2.02,-2.17,-3.5,1,1.5,2,-0.88,-2.64,1.36,-4.5,,-3.67,,2,,1,-1.5,,-1.1,-0.7,-3.2,0,1.03,-0.01,1.86,4,,,-1,0.2,-2,-7,-1.7,0.4,-0.6,,2.52,24,31,19,1,0.3
Northern Ill.,Arkansas St.,-1.5,-0.15,-3.05,0.01,-3.25,-0.55,-0.49,-0.21,-3,-0.8,-4,-2.74,-2,-0.11,-2.53,-1.16,0.12,-0.88,0.86,,-0.7,-0.08,0.93,-0.88,1.25,-0.37,4.29,-2.44,-4.2,-1.8,-0.9,-0.74,,-2.75,-1.33,0.01,1,-1,-1,0.88,-1.33,0.66,-3.5,,-1.86,,2,,-1.5,-0.9,,-0.9,-6.5,7.95,0,-1.63,2.57,-1.28,-1,,,-1,2.02,2,-4,-1.5,0.37,-1.2,,1.86,20,38,19,-2,1.18
Northwestern,Texas A&M,-10,-15.53,-15.61,-13.26,-11.55,-14.58,-9.34,-15.86,-10,-2.7,-13,-18.27,-10,-15.25,-8.83,-10.6,-17.84,-12.09,-9.45,,-14.8,-20.72,-12.18,-3.52,-8.25,-14.3,-7.84,-16.07,-10.05,-10.06,-11.3,-10.16,,-10.82,-9.14,-22.3,-16,-11,-7,-2.63,-13.41,-13.62,-10.5,,-16.76,,-11,,-10,-11.3,,-11,-15.1,-9.24,-13,-12.1,-2.55,-10.69,-16.2,,,-19,-10.26,-7,-8,-10.8,-12.75,-10.3,,4.09,33,22,19,-7,-17.75
Ohio,Utah St.,-1,-1.43,-0.67,-0.33,-2.58,-1.86,-0.59,-1.29,3,0.3,4,-2.17,3.5,-1.59,-0.73,1.65,-2.08,0.44,-0.41,,0.3,1.97,2.15,1.94,0.3,0.01,-3.04,-0.26,4.07,2.01,0.29,1.33,,1.53,4.3,6,1,-2,-1,-0.81,2.55,-0.11,2.5,,0.52,,0.01,,-1,2.2,,-5.2,0.7,10.39,-3,-0.74,-1.92,-1.71,-9.1,,,3,-0.01,1,10,4.4,2.46,-2.3,,2.83,23,24,19,1,-1.5
Ohio St.,Florida,-2,-1.73,-1.25,-0.6,1.14,-0.72,0.41,-4.14,1,-6.3,-0.25,-1.02,0.5,1.02,0.27,-4.72,-0.31,-1.11,0.34,-0.41,1,-5.53,1.28,0.63,0.5,-2.26,-1.27,-4.81,0.2,-0.17,-0.97,-1.08,,-1.86,-1.54,-3.3,0.01,-1.5,1,-3.64,-0.94,2.28,-3.5,,-1.92,,-1,,-2,1.8,,-2.4,-2.1,-4.3,-1,-1.73,-0.97,3.49,-4.5,,,-3,-1.31,-1,-8,-0.8,-0.67,4.5,,2.16,24,17,19,1,-2.82
Oklahoma,Iowa,14,17.85,18.86,18.35,17.81,16.78,13.38,17.26,15,14,17,20.9,17,18.56,8.43,13.61,21.37,15.95,12.9,,17.1,16.61,16.28,17.01,14.5,17.41,17.19,18.07,16.1,14.99,16.56,15.07,,14.54,15.16,33.5,16,16,11,10.7,13.03,20.74,19,,20.39,,16,,14,14.5,,17.2,17.2,28.78,14,12.93,7.41,18.48,17.3,,,18,11.33,8,3,12.4,16.85,10.3,,4.31,14,31,19,12,20.97
Oklahoma St.,Stanford,3.5,6.16,5.53,4.56,2.08,4.88,2.84,8.93,4,-6.8,6,5.08,7.5,2.93,-0.59,-3.54,5.26,4.12,5.35,5.32,7.1,0.89,8.66,3.94,2,4,1.26,8.64,2.09,4.93,4,6.36,,3.96,6.04,15.8,2,3.5,1,-3.49,0.85,9.42,2,,3.86,,0.01,,3.5,10.5,,0.5,0.7,1.67,-1,4.85,-0.18,0.77,4.3,,,12,4.58,-3,11,-3.2,3.36,5.2,,4.09,38,41,19,2,8.42
Oregon,Wisconsin,5.5,3.17,0.95,1.93,-5.08,-0.51,3.62,5.34,-1,2.3,-1,0.27,3.5,-0.84,4.52,7.97,3.34,2.17,7.12,-0.07,-0.1,2.17,7.63,5.1,6,2.76,-4.13,5.77,-2.04,1.26,2.51,3,,1.29,2.51,7.2,-1,6.5,6,3.44,1.22,-1.73,-1,,2.73,,4,,5,4.3,,1.6,-2,5.41,4,6.51,4.59,5,1.5,,,-5,3.04,-5,7,-3.3,2.6,2.9,,3.41,38,45,19,1,9.09
Pittsburgh,SMU,3.5,1.57,7.62,8.21,3.82,5.59,13.06,-2.41,4,10.7,2,6.01,-0.5,5.6,7.84,10.09,6.61,5.86,7.33,7.11,13.2,4.58,15.37,0.5,13.2,5.14,8.28,-0.38,0.01,1.62,5.6,-3.57,,-0.24,-1.67,-1.9,10,7,12,7.41,2.91,2.84,2,,8.47,,2,,3.5,14.4,,4.4,2.1,16.52,1,-2.45,4.12,7.11,12.7,,,11,4.53,6,17,1.7,5.47,4.8,,4.90,28,6,19,2,8.55
Purdue,Western Mich.,1.5,1.13,-4.16,-0.39,-5.12,-0.31,3.69,2.32,-6,8.1,-2,-1.99,-3,-0.12,7.33,-2.8,-1.04,-0.43,-1.64,,-0.5,1.67,-1.09,-0.84,2.15,-3.21,1.11,3.68,-6.21,-0.92,-1,-1.71,,4.12,0.43,1.4,-2,-1,4,6.54,-0.52,-3.11,-8.5,,-4.41,,-1,,1,-2.9,,0.1,-3.9,2.81,-2,2.15,4.97,-1.44,3,,,-2,-1.97,-1,7,-1.5,0.19,0.1,,3.33,32,37,19,2,-1.35
San Diego St.,Louisiana-Lafaye,5,6.79,2.37,8.13,5.2,6.31,6.55,5.49,-1,2.6,3,5.62,-0.5,8.03,6.95,7.69,9.19,5.19,4.66,,6.2,9.72,6.24,4.15,1.95,1.35,3.74,4.73,1.56,3.03,5.62,1.34,,2.1,1.35,2.4,7,4.5,6,4.88,5.76,9.46,2.5,,2.24,,7,,5,2.8,,6.8,8.5,4.88,9,3.14,7.17,9.55,8.5,,,4,6.35,7,14,10.4,9.01,4.3,,3.17,32,30,19,3,5.52
South Carolina,Nebraska,2.5,3.6,2.86,1.52,8.65,0.86,5.08,7.85,3,9.7,5,1.68,3.5,0.11,-2.31,0.57,3.63,3.36,1.86,,3.5,5,-3,3.27,3.5,3.12,9.58,8.53,2.85,2.09,3.1,5.56,,4.04,3.56,7.9,5,-1,2,6.23,2.82,-0.41,-1,,3.33,,4,,2.5,3.3,,5.4,3.1,10.21,3,6.17,2.76,1.53,3.9,,,3,2.73,3,1,1.9,2.71,-0.1,,2.59,13,30,19,3,2.09
Southern Miss.,Nevada,6,7.89,6.72,4.82,2.97,5.56,7.13,10.86,8,2.8,13,5.8,14.5,4.64,14.42,0.47,5.47,7.53,8.22,,3.7,17.11,12.25,11.65,12,6.56,10.55,9.19,10.23,11.57,6.82,16.45,,12.28,13.39,21.6,2,5.5,12,3.39,12.86,1.97,7.5,,6.26,,1,,6,9.9,,1.8,7.2,15.76,4,7.89,3.97,-1.37,1.2,,,5,4.77,2,6,6.1,8.62,9.8,,4.54,17,24,19,7,6.82
TCU,Louisiana Tech,10,9.85,7.95,10.63,10.07,7.32,8.85,11.56,5,13.2,12,8.85,9,8.03,14.45,11.57,10.99,9.72,5.61,,8,14.97,7.71,14.8,8.25,5.91,11.34,11.17,11.52,9.63,10,12.1,,10.9,10.54,18.5,11,12.5,9,10.14,10.07,10.2,6,,7.28,,13,,10,2.1,,7.9,11.7,4.22,11,10.03,7.09,13.71,5.2,,,12,5.73,12,10,9,10.76,7.9,,2.95,24,31,19,10,11.66
Texas,California,3.5,7.16,3.51,2.39,2.39,5.47,-2.17,9.89,1,2.1,5,5,3.5,4.4,5.34,2.06,2.1,3.49,1.92,,-1,7.47,7.04,3.93,1.1,3.7,3.44,10.88,1.99,6.48,2.74,7.12,,10.26,6.95,17.3,0.01,3,2,1.57,4.82,5.3,2.5,,3.67,,3,,3.5,-2,,0.7,2.3,7.17,0,6.87,1.05,1.23,-0.8,,,1,2.31,2,-1,3,4.42,-1.4,,3.42,10,21,19,3,1.88
Vanderbilt,Cincinnati,2,-0.54,1.8,2.38,-6.13,1.78,6.41,-0.7,-3,-2,-6,-0.31,-6,-0.37,-1.87,3.19,0.66,-0.13,3.2,,5.1,-4.78,6.15,-4.49,10.5,0.01,1.81,-1.59,-8.05,-5.53,-0.37,-4.77,,-3.96,-7.48,-8.9,0.01,2,2,-1.55,-4.72,-3.92,-5.5,,0.83,,-3,,2,11.2,,7.2,-3.5,1.28,2,-0.26,-1.11,-3.27,4.8,,,10,2.44,-3,-3,-0.3,-2.35,-1.3,,4.56,31,24,19,-2,2.18
Virginia Tech,Michigan,-2.5,-4.67,-11.46,-1.97,-2.4,-7.85,-4.06,0.46,-5,6.2,-3,-9.53,-1,-10.54,-6.53,-4.84,-8.27,-4.02,-5.75,-11.4,-7.1,-1.25,2.38,2.95,-2.25,-7.24,4.38,1.01,-5.2,-2.42,-4.54,0.24,,-1.13,-1.08,-1.6,0.01,-1.5,-5,3.89,-2.28,-3.16,-8.5,,-11.11,,0.01,,-2.5,-8.3,,-5.7,-6.5,-7.52,-5,1.18,1.59,-7.77,-7.7,,,-7,-5.67,-3,-10,-3.5,-7.67,-8.5,,4.16,23,20,19,-1,-4.54
Wyoming,Temple,-7,-1.15,-13.82,-9.21,-5.68,-7.62,-6.38,7.59,-5,5.4,-6,-12.39,-1.5,-10.7,3.21,-10.78,-11.54,-5,-2.26,,-12.2,1.17,-8.2,2.46,-3,,2,6.09,-11.31,-0.21,-6,5.99,,5.41,3.3,6.7,-7,-6,-4,5.19,-1.98,-10.92,-17.5,,-13.02,,-6,,-7,-9.5,,-9,-12.7,-18.53,-9,6.35,4.98,-10.18,-4.1,,,-10,-4.21,-9,-17,-8.8,-6.31,-3,,6.42,37,15,19,-5,-10.52
