Home,Road,line,linesag,linemass,linepfz,linelaz,linemoore,linesagr,linewayward,lineargh,linehow,linesagpred,linekam,linerwp,lineavg,lineelo,lineloud,lineborn,linedokter,linedunk,linebill,linepugh,linebihl,linecurry,lineclean,linefei,linemedian,lineharville,linesaggm,linemidweek,linedonchess,lineespn,linetalis,lineopen,linepig,linepiratings,linecons,linecong,linedwig,linepibias,linel2,lineteamrank,linelog,linefluker,linepimean,lineca,linel2hf,linekerns,linekeep,linebig200,linecfp,linestd,vscore,hscore,week,actual,total,phcover,phwin
Hawaii,Stanford,2.5,-1.35,-7.34,13.94,-3.89,-6.36,-1.35,-3.57,,0.5,-1.35,-5.42,0.5,-2.88,-1.23,1,,-1.99,,5.22,-5.48,,-1.39,7,-6,-3.29,-10.8,-1.35,2.5,-5.5,-4.54,-4.63,-2.5,2,-9.4,-2.42,5.07,-3,-6.9,,-1.9,,0.83,-6.4,1.5,,-4.65,-6.01,-7.32,,5.07,20,23,1,3,43,0.373399462,0.431391043
Kansas,Fresno St.,14,12.5,14.99,11.07,11.49,6.79,12.5,12.49,,6,12.5,15.44,11.49,15.99,19.14,-3,,19.09,,19.67,17.82,,17.51,3.5,10.2,15.62,18.22,12.5,12.5,18,16.37,19.62,14.5,18,28.6,17.78,6.16,15,26.4,,15.8,,13.03,23.7,14,,15.1,23.14,20.87,,6.37,7,31,1,24,38,0.546309198,0.825061367
Kansas St.,Iowa St.,3,3.62,1.53,2.99,3.25,6.6,3.62,1.84,,2,3.62,2.24,-2.84,1.13,-2.14,1,,0.42,,-2.78,3.37,,3.06,2,0.9,1.69,0.17,3.62,3,-1.7,2.96,0.07,3.5,2,-1.4,1.09,-10.02,-0.5,0.6,,4.5,,1.23,0.9,3,,-2.35,3.99,-0.1,,3.02,24,21,1,-3,45,0.453938359,0.527873455
Western Kentucky,Sam Houston St.,10,10.48,6.1,-3.34,7.77,10.74,10.48,9.06,,10,10.48,2.32,1.03,4.01,0.56,2,,7.21,,-2.56,6.35,,2.41,-2.5,7.1,3.25,2.54,10.48,10.5,6.5,0.24,1.94,7.5,4,2.7,5.26,-5.01,-1,2.1,,8.8,,10.21,3.8,9.5,,-1.75,1.32,-0.23,,4.57,24,41,1,17,65,0.358458727,0.595892687
Akron,Wyoming,-5.5,-8.12,-7.54,-6.45,-3.7,-0.63,-8.15,-4.16,,-11.5,-8.15,-5.7,3.12,-3.82,-3.46,-8,,-12.08,,-1.5,-6.69,,-1.84,9.5,-4.6,-4.38,-2.19,-8.11,-5.5,-4.9,0.23,1.04,-9.5,-6,0.1,-1.85,-7.1,-1,-2,,-7.1,,-7,-1.6,-5.5,,-10.1,-7.45,5.8,,4.42,10,0,2,-10,10,0.54060167,0.40834123
Arizona,Hawaii,15.5,6.11,17.85,11.32,11.81,9.72,6.11,14.54,,7.5,6.83,15.7,8.15,11.96,7.49,1,,18.46,,8.39,15.71,,7.66,4,9.6,11.93,15.27,5.39,18,14,14.12,12.05,10.5,10,18.2,15.39,4.12,3,15.4,,12.7,,10.3,15.1,15.5,,15.1,15.14,20.59,,4.84,6,40,2,34,46,0.415541577,0.764447779
Baylor,Auburn,-2,-4.71,2.54,-0.24,1.31,7.28,-4.73,3.04,,3.5,-4.73,3.39,9.52,3.31,10.91,-1,,3.61,,4.67,0.63,,0.07,12,3.4,3.39,3.57,-4.7,-2.5,-1.7,0.43,8.15,-2.5,4,6.2,5.05,12.08,1,5.3,,-1.9,,2.4,3,-1,,7.35,7.84,13.02,,4.61,38,24,2,-14,62,0.625988663,0.579357647
Central Florida,Jacksonville St.,20.5,13.77,14.9,4.74,11.72,5.93,13.8,10.4,,8.5,13.8,13.18,0.54,13.9,6.96,-1,,21.14,,9.11,17.77,,10.78,-0.5,11.7,13.8,15.24,13.76,20.5,16,16.24,13.24,16.5,16,32.4,14.98,3.69,1,29.1,,17,,16.4,26.8,19.5,,24.05,17.22,18.72,,7.85,10,17,2,7,27,0.354694679,0.783737721
Charlotte,Appalachian St.,-3,-9.14,-9.66,-0.76,-6.27,-12.03,-9.16,-8.88,,-13,-9.16,-9.54,-1.2,-5.98,-1.31,-7,,-10.49,,-8.83,-6.4,,-7.79,3.5,-8.2,-6.7,-2.18,-9.12,-5,-5.7,-2.96,-2.59,-8.5,-7,-0.3,-5.51,-4.37,-10,-3.3,,-7.3,,-9.8,-1.8,-3.5,,-9.3,-0.85,0.75,,3.92,34,11,2,-23,45,0.427695913,0.357290881
Cincinnati,Nebraska,-6.5,-7.58,-3.54,-9.59,-3.82,0.08,-7.6,-2.62,,-1,-7.6,-3.33,-6.9,-5.02,-6.73,4,,-6.56,,-5,-4.2,,-9.45,-0.5,-2.7,-4.7,-1.61,-7.57,-6.5,-3.3,-4.21,-4.11,-6.5,-10,-5.6,-5.4,-4.31,-12,-6.4,,-6.7,,-6.5,-6.4,-6.5,,-1.4,-0.28,-1.97,,3.28,20,17,2,-3,37,0.536373096,0.378401593
Clemson,LSU,4.5,2.18,0.06,5.33,1.11,2.86,2.18,0,,2,2.18,-0.53,1.96,3.28,3.14,3,,6,,3.83,0.47,,1.92,16.5,1.9,2.53,1.68,2.19,3.5,5.4,0.95,1.99,3,4,3.1,3.58,4.87,8,5.4,,3.6,,4.4,3.6,4.5,,-5.1,6.41,11.12,,3.3,17,10,2,-7,27,0.470010822,0.58015567
Colorado,Georgia Tech,-4,-3.28,4.25,14.87,5.3,-5.77,-3.29,5.16,,0.01,-3.29,10.67,9.08,3.79,6.79,-2,,-1.3,,-0.61,4.9,,3.74,18,3.9,3.82,6.39,-3.27,-4.5,-3.5,0.49,12.45,-3.5,-2,8.1,3.74,1.14,2,7.4,,-4.9,,-3,5.1,-3,,14.9,8.76,12.01,,6.09,27,20,2,-7,47,0.676588243,0.588198785
Florida St.,Alabama,-14,-16.34,-20.54,-34.77,-13.45,-17.55,-16.38,-18.44,,-18,-16.38,-22.82,-11.96,-18.59,-14.87,-7,,-19.42,,-4.78,-19.16,,-19.1,-8,-20.2,-17.69,-13.36,-16.32,-13.5,-13.2,-17.14,-26.17,-12.5,-9,-20.2,-17.25,-17.83,-38,-20.6,,-17.9,,-17.4,-19.1,-14.5,,-41.1,-24.86,-12.95,,7.97,17,31,2,14,48,0.398051866,0.147660693
Fresno St.,Georgia Southern,-1.5,-1.94,3.24,6.41,2.93,0.04,-2.13,5.54,,0.01,-1.86,4.76,-1.59,0.22,-0.86,3,,1.46,,-3.18,5.14,,-0.6,5,3.2,0.62,1.4,-1.84,-1.5,-2.4,0.2,1.33,1.5,4,-0.5,1.71,-13.51,-8,1.5,,0.4,,0.7,1,-1,,9.35,1.14,0.54,,4.07,14,42,2,28,56,0.541796379,0.505355705
Georgia,Marshall,38.5,39.78,28.99,21.55,22.19,29.59,39.86,28.15,,24.5,39.86,20.62,12.25,29.26,12.19,8,,37.03,,29.94,33.09,,31.02,7,27.2,29.51,22.83,39.74,39.5,28.5,29.42,22.51,38.5,40,32.3,27.49,35.6,25,32.1,,43.4,,39.3,35.3,38,,39.15,30.55,21.59,,9.19,7,45,2,38,52,0.307236043,0.944649534
Indiana,Old Dominion,23.5,22.98,25.12,28.09,17.57,17.17,23.02,19.31,,14,23.02,23.99,17.07,24.7,20.83,3,,24.45,,25.5,25.61,,23.53,23,21.4,24.22,25.13,22.96,23.5,18,15.3,30.86,23.5,27,34.5,28.92,28.3,28,35.2,,23.2,,23.2,31.7,23.5,,35.05,26.01,28,,6.36,14,27,2,13,41,0.527971348,0.925681075
Kentucky,Toledo,10,12.14,17.89,0.39,9.15,8.24,12.16,11.65,,2,12.16,16.58,5.06,11.24,10.32,1,,9.06,,1.61,14.08,,11.36,-5,13.6,11.87,14.42,12.13,9.5,3.2,10.42,13.62,11.5,8,21.3,11.39,-0.18,15,18.9,,12.2,,10,17.8,10,,24.3,12.09,6.28,,6.73,16,24,2,8,40,0.528668798,0.742785255
Louisiana-Lafayette,Rice,10,20.83,10.1,7.53,7.44,13.44,20.87,12.22,,13.5,20.87,11.26,13.52,12.86,8.66,6,,11.78,,14.94,8.19,,11.41,16,13.2,12.16,6.64,20.81,11.5,15.5,6.14,10.87,14.5,13,8.7,17.29,20.87,12,9.7,,13.8,,14,9.8,10,,19.25,6.18,10.73,,4.67,14,12,2,-2,26,0.568609935,0.781467478
Maryland,Florida Atlantic,14,16.12,21.81,10.93,17.84,14.47,16.15,19.63,,17,16.15,19.11,14.41,17.3,12.08,5,,18.61,,16.61,17.45,,15.72,4,17.1,16.38,19.95,16.1,14.5,7,5.36,20.5,17.5,13,27,20.92,12.41,16,24.4,,16.1,,15.1,21.9,14.5,,28.75,15.67,18.36,,5.59,7,39,2,32,46,0.577723061,0.847999721
Massachusetts,Temple,-2,-2.13,-0.63,9.24,0.98,-6.99,-2.14,4.52,,0.5,-2.14,1.69,-0.94,-1.12,-0.47,-2,,-8.81,,-1.17,-0.71,,1.23,11,-4.8,-1.05,1.95,-2.13,-2,-2.8,1.96,3.53,1.5,-7,-2.4,1.4,-5.15,1,-0.6,,-2.9,,-2.2,-1.7,-2,,-7.5,-0.15,-2.89,,3.98,42,10,2,-32,52,0.521440944,0.472719671
Miami (Fla.),Notre Dame,-3,-3.2,-10.72,-4.97,-5.55,-12.81,-3.22,-8.72,,-14.5,-3.22,-9.18,-8.7,-6.11,-10.26,-5,,-5.74,,0.78,-7.35,,-5.9,9,-8.7,-5.82,-3.41,-3.2,-2.5,-1.7,-1.13,-7.69,-2.5,-8,-6.8,-0.91,-3.79,-16,-6,,-4.9,,-4.5,-5.1,-3.5,,-2.9,-10.45,-8.6,,4.77,24,27,2,3,51,0.425589751,0.356216113
Michigan,New Mexico,34.5,39.51,34.98,22.17,28.29,42.4,39.59,32.01,,34.5,39.59,31.07,17.04,33.49,21.76,12,,40,,29.67,35.69,,37.01,8,33.7,33.66,25.84,39.46,34.5,30,30.41,32.52,35,40,45.5,40.35,33.62,28,46.4,,42.9,,33.3,43.6,34.5,,27.8,32.83,23.19,,8.95,17,34,2,17,51,0.47790053,0.966950823
Michigan St.,Western Mich.,21,20.92,17.18,1.36,11.42,12.03,20.96,9.57,,7,20.96,11.85,9.67,16.89,10.8,3,,20.61,,17.72,15.41,,16.03,1,10.2,16.72,16.26,20.9,21,15.5,11.8,13.76,17.5,22,30.6,18.85,20.5,13,27.6,,26.7,,18.4,26.8,21,,27.1,21.07,12.02,,7.25,6,23,2,17,29,0.406916136,0.833408707
Minnesota,Buffalo,17.5,21.27,26.33,15.69,19.51,16.81,21.31,17.12,,12,21.31,27.07,14.02,20.89,19.75,3,,18.65,,14.94,24.82,,20.62,9.5,21.6,21.08,23.26,21.25,17.5,14,18.94,28.39,18.5,17,27.8,24.12,6.44,22,26.6,,20.9,,17,25.3,17.5,,39.05,27.63,18.68,,6.92,10,23,2,13,33,0.577607824,0.88617376
Mississippi,Georgia St.,33.5,37.1,33.41,40.49,29.1,24.89,37.18,27.46,,27.5,37.18,34.04,18.75,33.65,31.63,6,,29.9,,30.78,38.71,,35.44,25,31.1,34.32,31.72,37.06,35,24.5,22.73,42.47,36.5,39,36.2,37.05,33.33,37,37.1,,34.6,,36.7,36.2,33.5,,56.7,44,26.87,,8.32,7,63,2,56,70,0.503338567,0.969766003
NC St.,East Carolina,14,16.08,10.09,8.64,8.68,4.81,16.11,11.19,,10,16.11,15.6,4.26,11.33,4.73,4,,15.88,,14.94,10.93,,8.45,0.01,10,11.88,13.77,16.06,14,6.8,5.18,7.65,12.5,15,14.9,13.21,17.46,12,14.9,,13.9,,12.4,14.2,14,,11.75,15.44,6.43,,4.52,17,24,2,7,41,0.435740526,0.753799223
North Carolina,TCU,-3.5,2.35,-5.66,1.86,-3.04,-17.38,2.35,-2.94,,-2.5,2.35,-2.82,-4.69,-5.68,-9.12,-1,,-5.01,,-3.39,-3.99,,-9.18,0.01,-4.2,-4.7,-2.26,2.35,-3.5,-3.4,-2.12,-7.84,2,-8,-13.9,-6.66,-17.95,-7,-13.6,,-5.9,,-2.6,-10.7,-3.5,,-8.8,-15.67,-10.67,,5.5,48,14,2,-34,62,0.448380769,0.367654066
Ohio St.,Texas,0.5,6.31,10.1,4.93,6.6,9.01,6.32,9.23,,13,6.32,9.75,8.97,6.02,9.16,4,,3.28,,2.72,3.64,,8.2,6,12.3,5.93,5.86,6.31,2,3.3,-0.72,10.04,3,2,5.4,4.28,-0.57,2,5.5,,3.1,,2.6,4.9,2,,3.35,10.38,4.75,,3.4,7,14,2,7,21,0.633079779,0.644614346
Oregon St.,California,-1.5,-2.72,-0.14,-6.96,1.18,9.4,-2.74,2.51,,5,-2.74,-4.02,-4.32,-3.12,-6.05,1,,-5.45,,1.89,-2.51,,-1.14,0.01,-2.1,-2.72,-3.43,-2.72,1.5,3.4,-1.31,-9.54,1.5,4,-10.7,-1.18,3.45,-10,-11.7,,4.2,,1.9,-7.6,-1.5,,-14.35,-7.65,-8.11,,5.26,34,15,2,-19,49,0.461414239,0.425999975
Penn St.,Nevada,43,54.26,36.36,41.81,29.93,46.12,54.37,32.76,,32.5,54.37,40.72,18.95,41.66,33.39,7,,50.31,,35.16,39.59,,44.66,27.5,35.3,41.27,30.94,54.2,44,34,38.89,38.54,45,39,51.4,43.1,52.35,33,53.3,,47.2,,45.2,50,43,,49.9,48.2,34.77,,10.74,11,46,2,35,57,0.472129986,0.985135354
Purdue,Ball St.,17.5,12.76,15.61,-13.71,10.93,10.43,12.78,9.85,,7,12.78,7.66,3.69,9.31,7.48,2,,16.43,,7.17,14.63,,10.67,1,8.7,10.03,13.32,12.75,17.5,6.7,6.84,9.65,16.5,18,20.7,9.91,-3.94,4,18.9,,17.6,,16,18.4,16.5,,9.4,10.16,5.32,,6.84,0,31,2,31,31,0.317818543,0.704919194
Rutgers,Ohio,15.5,10.65,11.53,-1.06,7.07,3.09,10.67,7.39,,-1.5,10.67,5.12,4.23,9.56,5.38,-2,,11.81,,6.06,10.78,,8.83,-10.5,7,10.23,12.88,10.64,15.5,4.6,11.46,7.98,10.5,12,21.8,9.81,15.59,8,20.2,,14.4,,10.8,19,14.5,,7.25,8.66,14.62,,6.35,31,34,2,3,65,0.364124539,0.711988959
Sam Houston St.,UNLV,-9,-12.35,-9.14,-9.61,-5.93,-2.52,-12.09,-6.7,,-9.5,-10.38,-18.17,-5.97,-10.13,-10.26,-1,,-8.18,,-1.7,-15.65,,-10.27,2.5,-8,-10.13,-8.48,-14.72,-10,-9.4,-8.5,-13.91,-13.5,-10,-17.1,-11.33,4.96,-13,-17.6,,-7.8,,-13.6,-15.2,-9,,-15.3,-12.36,-5.98,,5.48,38,21,2,-17,59,0.473174866,0.273174354
San Jose St.,Central Mich.,14,12.65,11.07,10.65,11.1,10.12,12.67,11.22,,12,12.67,18.42,12.55,12.89,12.77,3,,19.77,,13.56,14.1,,11.1,13.5,11.2,12.66,8.79,12.64,13.5,6.9,7.35,13.24,10.5,15,13.7,13.83,11.35,15,15.7,,10.2,,10.6,14.1,14,,26.95,16.24,19.04,,3.95,16,14,2,-2,30,0.472949767,0.784650511
South Carolina,Virginia Tech,7,11.87,7.72,7.28,3.49,13.05,11.9,6.4,,6,11.9,10.63,9.09,9.41,8.12,2,,7.3,,8.06,8.17,,8.73,4,5.4,8.91,3.4,11.86,7.5,8,5.56,8.34,9.5,13,12.3,10.41,10.21,14,10.8,,12.8,,7.8,11.2,7,,17.45,7.71,15.66,,3.37,11,24,2,13,35,0.559027408,0.718989636
South Florida,Boise St.,-5,-7.44,-10.06,-5.55,-10.69,-9.03,-7.47,-8.27,,-16.5,-7.47,-19.05,-9.8,-11.24,-10.57,-8,,-10.37,,-10.06,-11.44,,-10.3,-2,-15.3,-10.34,-7.25,-7.43,-5.5,-10.9,-3.62,-11.07,-9.5,-11,-10.1,-16.44,-5.25,-17,-10.6,,-11,,-7.8,-8.7,-6,,-27.9,-11,-16.56,,4.69,7,34,2,27,41,0.353088463,0.248545081
Southern Miss.,Mississippi St.,-14,-8.62,-23.58,-5.49,-14.46,-22.19,-8.64,-17.55,,-13,-8.64,-23.95,-10.12,-16.45,-13.07,-5,,-15.65,,-10.89,-22.32,,-14.44,-0.5,-20.6,-15.06,-20.86,-8.61,-13,-4.8,-9.33,-25.76,-14.5,-9,-27.7,-15.73,-19.9,-34,-27.2,,-14.1,,-11.5,-22.9,-14,,-37,-35.65,-16.85,,9.19,34,17,2,-17,51,0.446871127,0.184904778
Tennessee,Syracuse,13.5,10.89,17.34,16.14,11.88,22.23,10.92,17.1,,11,10.92,18.56,8.57,12.61,3.75,4,,13.5,,7.5,18.08,,13.2,5.5,13.7,13.23,10.63,10.88,14,7.4,15.34,13.55,12.5,4,14.2,13.27,3.07,24,13.9,,14.2,,12.6,13.7,13.5,,21.55,15.37,5.89,,5.24,26,45,2,19,71,0.478770768,0.774670824
Texas A&M,Texas-San Antonio,24,28.41,20.09,17.1,16.4,12.32,28.47,15.49,,10.5,28.47,27.37,13.66,20.94,11.97,1,,21.36,,16.33,21.37,,17.9,5.5,20.9,21.13,20.56,28.39,24,13.6,18.81,23.07,21,18,31.6,22.64,15.63,29,29.5,,23.3,,21.7,28.2,24,,12.85,24.2,28.98,,7.19,24,42,2,18,66,0.430300418,0.885263805
Texas St.,Eastern Mich.,14,21.48,14.19,18.46,12.28,1.31,21.52,12.23,,10.5,21.52,19.96,13.88,15.84,17.26,-1,,17.13,,11.06,18.33,,14.71,23.5,11.5,15.5,10.81,21.46,13.5,12.6,6.58,20.01,14,16,15,16.46,7.62,22,18.1,,13.2,,13.7,15,14,,29.6,19.05,17.18,,6.14,27,52,2,25,79,0.543047575,0.824002085
Tulane,Northwestern,4.5,14.59,7.42,18.57,8.09,22.33,14.62,7.1,,14,14.62,14.19,11.47,11.92,9.87,3,,2.91,,5.5,12.69,,11.51,27,11.4,11.47,2.51,14.58,6.5,7.7,6.04,17.12,7,13,9.2,14.02,11.46,10,11.1,,6.7,,7.9,11.3,5.5,,29.7,15.89,19.41,,6.1,3,23,2,20,26,0.668679215,0.758302505
UCLA,Utah,-5.5,-0.13,-0.3,-4.9,0.97,-8.09,-0.14,3.73,,2,-0.14,-1,3.25,-0.28,1.32,-2,,-5.95,,-2,-2.86,,0.76,9,-1.2,-0.15,2.65,-0.13,-6,-5.2,0.51,1.44,-3.5,-5,-2.4,-0.16,-2.44,2,-3.9,,-3.2,,-5.5,-3.1,-4.5,,8.75,-3.65,3.66,,3.54,43,10,2,-33,53,0.625868241,0.493132695
USC,Missouri St.,35.5,34.04,31.11,26.12,29.28,,34.11,31.64,,37,34.11,40.34,16.65,32.99,31.1,8,,39.95,,33.83,38.38,,30.13,15,35.4,33.6,27.28,34,35,25,29.86,36.48,32.5,32,39.4,38.15,32.57,29,36,,35.8,,33.6,36.5,35.5,,62.65,32.63,24.9,,8.81,13,73,2,60,86,0.445018057,0.965406028
Utah St.,UTEP,6,5.17,11.22,11.62,9.08,3.46,5.18,12.39,,12.5,5.18,15.33,11.25,9.25,13.97,5,,6.35,,7.17,11.31,,9.31,9,11,9.2,7.5,5.17,6,3.1,7.13,14.48,3.5,10,9.9,8.96,-0.03,11,9.9,,4,,3.7,8.5,6.5,,24.75,12.62,6.49,,4.45,16,28,2,12,44,0.578143158,0.712637497
Virginia,Coastal Carolina,12,13.78,9.26,-0.35,10.06,5.21,13.81,5.67,,-1.5,13.81,4.11,7.31,10.82,8.98,-5,,13.55,,13,11.12,,11.34,1,7,11.11,15.06,13.77,12,6.1,7.48,13.21,12.5,12,21.7,9.8,8.37,9,21.5,,11.1,,11.7,19.2,12,,7.65,19.85,14.32,,6.03,7,48,2,41,55,0.472298095,0.738011558
Wake Forest,Kennesaw St.,17.5,21.68,28.01,7.15,20.6,26.16,21.72,22.17,,24,21.72,23.77,16.3,20.42,20.14,8,,19.7,,14.39,26.23,,18.21,12.5,25.8,21.66,22.72,21.66,18,12.6,9.26,21.88,17.5,,23,19.29,8.35,19,21.5,,18,,17.3,20.8,18,,25.8,22.38,24.52,,5.75,9,10,2,1,19,0.568647501,0.886733582
Washington,Colorado St.,21.5,20.86,23.79,9.36,19.07,30.01,20.9,21.27,,18.5,20.9,20.18,11.04,19.54,15.59,8,,20.73,,15.5,23.22,,18.87,4.5,21,20.62,20.5,20.84,22,17,15.03,21.2,18.5,19,25.3,23.18,14.32,13,25.2,,18.8,,19.1,23.5,21.5,,25.25,21.08,10.13,,5.36,21,38,2,17,59,0.453434343,0.878255386
Wisconsin,Miami (Ohio),18,19.32,18.84,-1.62,12.3,16.52,19.36,12.02,,2,19.36,14.61,5.23,14.58,5.13,1,,20.09,,13.56,15.67,,10.2,-5,14.6,14.78,14.41,19.3,17.5,9.2,11.29,11.33,18,15,27.1,14.96,11.1,14,24.9,,20.1,,17.1,24,18,,19.7,17.41,14.54,,7.31,0,17,2,17,17,0.422433113,0.797911434
Alabama,Louisiana-Monroe,35,34.05,38.07,34.68,26.5,29.46,38.46,38.25,,24,35.53,36.71,17.35,31.67,16.95,14,,31.93,,28.19,40.44,,35.22,16.5,33.2,33.05,25.89,32.89,36.5,28.5,26.73,29.47,37.5,31,36.7,40.12,27.06,35,37.7,,34.2,,35.7,37.4,35,,30.9,42.49,20.92,,7.16,0,73,3,73,73,0.424181467,0.965504759
Arkansas,Arkansas St.,23.5,19.9,22.25,17.74,14.98,24.44,22.46,18.87,,10,20.17,18.36,7.61,20.34,15.66,4,,21.29,,18.04,20.06,,18.29,10,18.6,19.29,19.11,19.47,23.5,13.7,15.95,19.9,21.5,13,34.3,25.04,14.93,23,32.7,,25.7,,18,30.2,23,,26,35.75,18.3,,6.99,14,56,3,42,70,0.427725219,0.879515066
Auburn,Ball St.,42.5,41.01,33.87,19.98,30.21,34.68,47.78,25.38,,21,39.73,38.26,17.59,36.49,28.34,3,,43.23,41.05,31.18,39.8,,39.79,15.5,30,38.3,31.48,41.32,42.5,30,34.91,38.49,43.5,46,47.7,33.87,37.69,44,48.8,,48.3,,38.3,46.2,42,,55.1,41.7,28.39,,10.72,3,42,3,39,45,0.376840122,0.971622521
BYU,Stanford,20.5,12.34,20.13,24.6,20.59,22.86,14.59,18.86,,20.5,11.79,22.28,18.39,20.44,20.98,7,,19.09,,24.74,23.09,,21.91,24.5,20.3,20.4,23.79,12.1,20.5,15,16.01,31.47,18.5,27,18.8,25.56,18.13,19,18.7,,24.8,,19.1,17.1,20.5,,11,23.5,22.93,,5.16,3,27,3,24,30,0.498565865,0.889645688
Charlotte,North Carolina,-13.5,-20.62,-16.59,-12.46,-11.25,-18.37,-25,-16.67,,-14.5,-20.31,-16.76,0.04,-14.51,-4.33,-7,,-14.19,-9.55,-15.5,-17.79,,-11.72,1.5,-12.2,-15.5,-13.52,-20.28,-13.5,-15.5,-5.24,-10.38,-19,-21,-16.3,-16.53,-14.19,-20,-18.4,,-15.5,,-16.4,-17.3,-13.5,,-16.2,-12.47,-8.78,,5.73,20,3,3,-17,23,0.476138949,0.194956593
Cincinnati,Bowling Green,23.5,14.83,18.37,3.54,11.34,12.2,17.74,17.47,,2,15.61,11.28,5.44,15.64,10.34,4,,20.07,,19.56,18.07,,15.41,2,15.9,16.2,15,12.99,21.5,16.5,13.98,16.57,18,25,26.3,18.94,19.26,5,24.2,,23.3,,17.7,23.4,22.5,,10.85,26.28,15.38,,6.83,20,34,3,14,54,0.324606782,0.817288608
Clemson,Troy St.,31,28.12,22.93,10.07,16.64,14.39,31.97,19.55,,11,29.31,17.46,17.15,26.28,17.91,6,,27.69,,29.65,27.58,,24.82,23,25,27.03,20.86,26.85,33.5,25.5,19.34,27.05,32,32,38.9,32.52,35.62,27,38.4,,35.1,,32.7,36.6,30.5,,10.95,43.82,31.61,,8.94,16,27,3,11,43,0.397782437,0.925428774
Colorado,Delaware,24,20.41,30.3,-2.48,22.09,,23.82,18.34,,20.5,21.69,29.95,18.12,24.89,13.26,3,,31.32,,26.66,33.16,,21.68,15,25.2,24.79,24.79,18.4,24,22.5,21.12,39.05,23.5,25,35.8,29.74,15.53,28,35.2,,20.1,,20.8,31.8,24,,33.1,36.33,30.82,,8.95,7,31,3,24,38,0.519475808,0.914001996
Duke,Illinois,-3,-0.24,-3.43,1.49,0.34,-4.11,-1.79,-1.33,,1.5,-0.07,-2.19,-4.88,-3.18,-3.16,-1,,-3.94,,-5.14,-1.94,,-4.26,3.5,-4.2,-3.52,-1.52,0.43,-3,-3.6,0.08,-5.05,-2.5,-3,-9.3,-4.36,-5.54,-8,-8.6,,-7.8,,-4.8,-7.7,-3,,0.5,-10.44,4.92,,3.33,45,19,3,-26,64,0.495572896,0.422284395
Florida,South Florida,18,22.16,20.48,12.55,7.48,16.37,24.51,20,,13,22.81,16.33,14.38,17.48,12.46,6,,16.04,,11.05,18.93,,18.83,7,16.7,17.26,18.88,21.83,18,16,11.04,17.22,18.5,13,25.1,26.66,7.04,16,23.7,,18.9,,15.1,22.7,18,,21.2,28.75,17.31,,5.87,18,16,3,-2,34,0.487744494,0.849157583
Georgia St.,Memphis,-13.5,-13.16,-14.43,-18.95,-15.65,-5.34,-17.4,-8,,-16.5,-13.06,-17.41,-12.61,-15.53,-14.89,-4,,-15.79,,-12.86,-16.38,,-17.36,-11.5,-10.9,-14.68,-12.92,-11.77,-13.5,-13.2,-12.31,-19.67,-14,-24,-9.4,-14.86,-14.51,-27,-10.7,,-14.4,,-19.6,-11.6,-13.5,,-35.3,-16.24,-17.56,,5.56,38,16,3,-22,54,0.451969923,0.177931519
Hawaii,Sam Houston St.,7,10.88,0.09,-2.9,6.64,-0.81,12.57,5.1,,3.5,10.02,-2.07,-2.65,4.65,5.36,-1,,9.58,5.45,1.22,1.54,,8.32,-6,1.5,5.1,1.27,11.23,7,3.5,6.09,-4.04,10,4,8.7,1.25,8.04,14,8.8,,6.9,,6.2,8.6,7,,2.65,3.74,10.68,,5.02,20,37,3,17,57,0.443877819,0.609987443
Indiana,Kennesaw St.,36,36.22,40.07,22.07,27.56,26.28,38.5,26.64,,29.5,36.03,40.85,19.38,35.97,34.96,9,,33.23,48.8,34.24,43.35,,34.36,32.5,36.3,36.13,34.71,38.82,36,28.5,23,44.41,35.5,,44.6,43.33,37.13,41,44.6,,31.9,,31.5,41.1,36,,40.9,44.8,34.53,,8.37,9,56,3,47,65,0.499333028,0.977494403
Iowa St.,Iowa,3.5,2.75,6.95,4.31,9.78,4.53,7.19,7.57,,4.5,1.36,7.16,6.73,5.66,4.69,-1,,5.81,,10.43,7.94,,10.71,5,2.7,4.61,10.42,0.55,3.5,2,3.88,11.12,3,7,3.1,4.4,12.73,5,1.7,,3.3,,3.6,2.5,3.5,,-0.85,3.25,16.81,,3.52,13,16,3,3,29,0.552841857,0.636118224
Jacksonville St.,Liberty,-6.5,-1.49,4.4,0.24,5.85,6.27,-0.58,1.11,,-6.5,-1.04,7.63,12.51,0.53,9.26,-1,,-7.5,,-7.93,5.27,,2.89,5.5,4.4,0.02,5.86,-3.42,-6.5,-7.5,1.84,15.32,-6,-7,-3.6,-0.2,-13.3,9,-3.5,,-5.1,,-5,-4.8,-5.5,,-9.05,5.16,7.64,,6.76,24,34,3,10,58,0.658174452,0.512253918
Kansas St.,Army,17,14.91,14.25,14.74,12.62,12.16,15.58,17.57,,8.5,13.96,10.94,1.53,13.48,8.52,1,,17.31,,14.99,16.08,,15.11,2.5,8.1,14.91,13.7,16.82,17,16.5,19.21,5.84,16,18,19.8,14.94,5.17,10,19.6,,17.9,,14.9,19.7,17,,0.7,19.41,20.61,,5.63,24,21,3,-3,45,0.417237317,0.788215719
Kentucky,Mississippi,-9,-8.81,-14.29,-15.04,-11.15,-6.21,-13.48,-7.62,,-10.5,-8.14,-17.56,-10.54,-13.03,-15.22,-3,,-10.15,-23.54,-10.75,-15.16,,-13.87,-19.5,-11.5,-11.55,-14.83,-7.16,-10,-8.3,-11.55,-18.22,-9,-10,-8.5,-10.59,-11.08,-25,-11.7,,-15.2,,-11.9,-10.3,-9.5,,-25.35,-14.49,-7.9,,4.94,30,23,3,-7,53,0.404242949,0.216615539
LSU,Louisiana Tech,37.5,37.42,33.52,25.76,25.94,33.24,42.73,32.54,,26,36.45,34.71,16.94,33.5,28.38,8,,29.7,,38.4,36.9,,35.16,10.5,32.1,34.12,27.73,38.3,37.5,25.5,29.35,27.49,37.5,43,47.5,39.48,38.57,30,46,,40.4,,34.8,44.6,37.5,,24.35,37.76,30.91,,9.04,7,23,3,16,30,0.413351471,0.96664006
Louisville,James Madison,15,15.93,16.2,4.83,10.65,12.92,16.18,13.71,,9.5,16.29,17.61,12.52,14.66,15.15,-2,,9.17,,11.06,14.86,,13.74,9.5,12.9,14.3,16.17,16.95,14,12.8,8.45,18.29,15,12,27.4,16.61,12.88,18,25.8,,13.2,,13.2,23.1,15,,1.45,20.7,20.68,,5.87,14,28,3,14,42,0.491986636,0.806793847
Marshall,Missouri St.,9,13.73,18.52,21.99,16.52,37.61,16.73,23.13,,30.5,14.07,24.87,12.04,18.31,26.32,7,,16.04,,12.6,18.69,,14.93,42.5,22.7,16.82,15.56,12.12,10,7.7,13.01,21.13,10,6,18.5,20.46,9.78,18,16.9,,14.6,,10.7,15.5,10.5,,25.5,11.03,17.17,,7.83,21,20,3,-1,41,0.70054918,0.84953649
Maryland,Northern Ill.,16.5,13.55,20.95,7.85,15.89,15.6,16.64,15.43,,6.5,13.68,11.64,1.98,13.23,6.2,5,,15.77,,11.63,16.84,,13.44,-1.5,12.5,13.53,18.22,12.01,17,16.5,12.95,11.73,16,16,22,13.05,8.99,12,20.1,,21.1,,14.6,19.2,16.5,,17.95,5.64,6.21,,5.62,9,20,3,11,29,0.423019988,0.783949457
Michigan St.,Boston College,4.5,2.13,-1.23,-4.3,-0.66,8.01,-0.35,2.52,,1,2.4,-4.37,1.53,-0.02,-4.58,2,,1.37,,3.79,-3.63,,-1.3,1,0.5,0.37,-3.74,3.79,4.5,3.5,-0.58,-5.63,3,-1,1.1,0.23,3.01,-14,-1.3,,-1.2,,2.8,1.3,3.5,,12.6,-3.36,1.27,,4.36,40,42,3,2,82,0.391820188,0.499515306
Mississippi St.,Arizona St.,-6.5,-5.98,-3.47,-2,-1.56,5.33,-5.98,-4.06,,-1.5,-6.57,-15.96,-10.92,-9.44,-16.91,-1,,-3.48,,-13.2,-5.06,,-8.87,-14,-7.1,-8.89,-3.15,-6.76,-6.5,-10.5,-1.02,-15.67,-7,-15,-14.5,-13.9,-21.41,-13,-16.3,,-3.8,,-8.9,-13,-6.5,,1.5,-17.39,-24.82,,6.46,20,24,3,4,44,0.431899864,0.290887835
Missouri,Kansas,6.5,14.89,7.97,10.95,7.2,1.7,17.73,7.06,,8.5,14.52,3.56,1.71,7.76,0.12,4,,10.98,,4.98,6.06,,8.18,10,4.1,7.13,7.53,14.37,6.5,5.4,3.51,4.79,6.5,9,4.8,10.07,23.9,14,4,,6.7,,7.5,5.6,6.5,,1.35,3.57,5.61,,5.11,31,42,3,11,73,0.530113843,0.67915215
NC St.,Virginia,3,4.96,1.76,12.93,-0.53,9.02,2.74,6.35,,9,5.43,-1.69,5.68,3.32,2.25,5,,0.82,,6.77,2.38,,3.5,11,1,2.74,-2.7,6.65,2.5,2.6,-0.39,-1.63,3,,-0.3,8.65,7.79,-10,0.4,,-0.6,,3.2,1.8,3,,7.95,5.87,-2.52,,4.58,31,35,3,4,66,0.507725943,0.579625499
Navy,UAB,21,18.61,15.76,15.5,15.37,13.07,22.01,5.65,,11,19.11,19.33,15.65,19.39,19.2,-1,,19.5,,23.6,17.1,,19.33,17,17.2,19.15,14.28,17.09,21,12.9,12.29,23.37,19.5,28,24.9,23.18,34.13,25,25.5,,24.2,,18.1,21.8,21,,12.7,27.03,24.99,,6.25,24,38,3,14,62,0.46240439,0.872155822
Nebraska,Akron,34,31.27,30.89,20.55,23.97,30.01,34.01,26.51,,19.5,30.96,29,18.01,29.27,25.13,6,,32.03,27.76,29.59,31.16,,30.36,11.5,27.5,30.36,27.16,32.84,34,26,26.9,29.7,34,35,36.6,33.04,30.84,26,37.4,,36.6,,32.9,35.5,33.5,,30.85,34.97,24.81,,6.72,0,68,3,68,68,0.391881608,0.955259731
New Mexico St.,Tulsa,-4.5,2.58,-2.83,6.24,-2.44,-2.5,2.46,2.7,,4,2.11,3.59,3.08,1.74,0.6,-2,,3.14,,2.21,2.56,,-0.76,12,-0.3,2.11,1.56,3,-5,-3.9,-1.96,-1.73,-2,6,-0.3,3.36,-0.86,-1,2.1,,-0.5,,0.9,0.5,-3,,3.7,10.1,3.02,,3.52,14,21,3,7,35,0.649430391,0.542612031
Ohio,West Va.,-3.5,-1.38,-6.33,7.7,-1,-2.01,-1.58,-3.73,,2,-0.91,0.93,7.54,-0.34,5.73,-1,,-2.62,,1.55,-3.04,,1.04,20.5,-0.6,-0.88,-7.21,-2.3,-3.5,-3.2,-0.86,2.34,-3,-3,-9.3,1.66,-13.99,6,-7.2,,-3.9,,1.5,-6.9,-3.5,,4.3,5.44,1.07,,6.06,10,17,3,7,27,0.573773727,0.492017064
Oklahoma,Michigan,5,4.91,-1.97,-2.85,2.89,-7.49,6.1,1.41,,-6.5,4.9,3.56,-3.96,1.55,-1.58,-2,,4.95,,0.68,2.87,,-1.15,-2,0.4,1.51,1.13,3.87,5,3.4,0.94,1.3,5,3,1.6,0.32,7.38,3,0.5,,4,,8.7,1.2,4.5,,6.6,1.74,5.57,,3.45,13,24,3,11,37,0.415909649,0.538006241
Oregon,Oklahoma St.,28,33.43,20.14,30.93,22.01,19.61,39.7,15.98,,21.5,32.58,29.99,19.12,26.98,23.51,3,,25.4,,24.07,26.39,,30.25,30,24.4,25.75,20.99,32.93,28.5,23.5,20.55,30.49,27.5,26,22.1,26.62,42.24,36,25.5,,25.2,,22.6,24.9,28,,37,30.7,28.34,,7.17,3,69,3,66,72,0.476650601,0.939310929
Oregon St.,Fresno St.,2.5,1.41,4.11,3.66,2.49,0.62,0.44,3.96,,0.01,1.69,-0.7,-5.84,0.01,-5.53,-2,,3.99,-8.53,1.65,0.47,,-1.5,2.5,1,0.47,4.8,1.68,3,3.3,-3.05,-8.12,2,-1,-2,4.5,7.27,-4,-2.5,,-1.1,,1.4,-0.8,2.5,,-7.8,0.35,0.46,,3.81,36,27,3,-9,63,0.43938273,0.500244387
Penn St.,Florida Intl.,42,42.94,40.99,38.13,33.1,45.87,47.01,38.46,,31,43.13,43.17,19.07,40.89,35.42,12,,42.61,,37.42,46.78,,42.99,22.5,42.6,42.15,33.53,44.48,41.5,31.5,33.06,38.39,42,50,53.6,45.23,47.95,40,53.5,,39.6,,41.7,50.5,42,,40.7,50.6,34.12,,9.14,0,34,3,34,34,0.475842953,0.987192415
Pittsburgh,Central Mich.,21.5,23.08,23.04,15.07,17.55,20.25,26.91,15.09,,11.5,23.31,20.28,14.78,21.46,13.99,4,,26.7,,18.06,23.22,,14.77,15,17,22.6,22.98,22.07,21.5,22.5,14.09,26.39,21,21,27.9,25.88,21.4,26,27.1,,24.5,,16.8,25.3,21.5,,33.7,28.17,24.6,,5.88,17,45,3,28,62,0.499057306,0.897554938
Rice,Houston,-14,-13.27,-8.58,4.3,-4.15,-4.59,-15.76,-5.9,,0.5,-13.57,-6.69,0.74,-8.33,-1.4,-4,,-10.81,,-7.2,-8.93,,-3.6,11.5,-6.8,-8.7,-8.82,-13.02,-14,-15.5,-4.91,-5.11,-14,-15,-19.5,-9.92,-10.86,-3,-18.2,,-12.4,,-9.4,-17.2,-13.5,,-5.1,-15.42,-14.97,,6.66,35,9,3,-26,44,0.629060629,0.314234096
Rutgers,Miami (Ohio),15,13.03,14.45,5.42,9.36,12.64,12.65,9.56,,6,12.65,12.16,6.85,12.7,9.89,-2,,13.49,12.36,10.54,11.74,,12.93,-5.5,8.8,12.65,13.69,15,15,7.9,9.71,10.84,14,12,25.9,13.37,19.77,14,24.1,,15.8,,12.9,22.6,14.5,,15.3,14.98,18.93,,5.95,17,45,3,28,62,0.446039686,0.773117763
SMU,Baylor,2.5,8.96,3.65,15.1,3.34,3.71,8.55,7.5,,16.5,8.09,10.24,7.25,7.05,9.3,3,,2.43,,6.61,5.6,,9.57,16.5,6.1,6.66,4.52,10.95,2.5,3.4,4.2,6.9,4,8,2.4,8.35,5,10,4.5,,3.7,,7.4,4.4,3.5,,4.25,4.46,5.62,,3.75,48,45,3,-3,93,0.609849745,0.667196256
South Alabama,Tulane,-10.5,-3.22,-8.89,-1.94,-10.1,-5.22,-5.47,-3.68,,-5.5,-3.09,-7.59,-8.4,-9.49,-3.74,-2,,-9.76,,-8.47,-10.05,,-11.53,-2.5,-8.3,-8.68,-7.09,-2.24,-10.5,-5.1,-9.65,-12.85,-10,-15,-16,-8.14,-15.1,-20,-15.5,,-10.2,,-5.6,-15,-10.5,,-19.1,-14.3,-18.8,,4.92,33,31,3,-2,64,0.524230942,0.283983665
Syracuse,Connecticut,6.5,12.31,11.88,5.4,8.22,12.83,12.41,11.72,,9,13.19,16.09,5.58,10.17,9.93,3,,5.53,,13.58,9.86,,7.73,-1,15.2,10.86,12.52,12.49,6.5,4.7,4.28,4.89,8.5,13,14.8,15.22,9.42,10,13.5,,5.2,,6.6,13.3,7,,17.65,7.15,6.1,,4.33,20,27,3,7,47,0.5882473,0.731734189
Texas,San Jose St.,37,34.3,34.37,24.44,29.03,30.9,40.17,27.98,,23.5,33.82,35.82,18.67,33.23,30.43,5,,35.12,39.09,27.73,37.44,,41.47,20,31.9,34,29.03,33.72,37,26.5,37.05,38.77,36,34,41.2,33.13,30.32,39,39.9,,39.2,,34.9,39.1,36.5,,28.8,35.31,30.63,,7.46,7,38,3,31,45,0.414911006,0.970918093
Texas A&M,Utah St.,32.5,35.22,27.12,22.14,22.17,27.29,38.89,22.95,,21.5,35.73,26.99,16.75,29.75,19.15,3,,36.86,24.71,27.41,28.65,,27.15,14,27.1,27.41,24.08,35.71,31.5,25.5,26.38,28.16,29.5,27,42.6,36,38.37,35,41.5,,35.5,,28.8,40,32.5,,25.95,37.7,31.16,,8.35,22,44,3,22,66,0.439072343,0.951407908
Texas Tech,Kent,49,42.95,37.07,31.65,28.09,29.26,49.63,30.44,,25.5,43.68,46.29,19.29,39.55,37.5,8,,46.37,,34.15,44.11,,40.02,23.5,33.2,41.62,36.32,41.56,48,32.5,33.32,44.59,47.5,49,47.3,38.08,47.17,42,49.3,,48.3,,37.2,45.6,48,,47.7,57.27,41.68,,10.03,14,62,3,48,76,0.307394353,0.982406218
Texas-San Antonio,Texas St.,4,0.56,3.67,2.92,-0.04,2.03,1.37,7.68,,3.5,0.96,-3.53,4.68,2.97,2.57,5,,5.08,1.31,5.51,0.04,,4.79,2,-3.3,2.92,-2.12,-0.88,4,3.3,1.6,-1.85,5,6,6.3,5.25,12.79,3,6.9,,6.2,,0.7,6.4,4,,12.45,8.5,-8.29,,3.72,43,36,3,-7,79,0.474815227,0.572268613
Toledo,Western Kentucky,7,6.78,0.73,4.35,-0.86,-6.47,6.3,3.82,,-0.5,7.23,3.35,-2.65,5.14,0.97,1,,12.11,3.45,7.6,3.67,,2.07,6.5,3.1,4.35,0.75,7.11,7.5,6.7,3.4,-1.59,5.5,5,11.8,11.12,16.13,1,11.8,,3.2,,6,10.7,7,,1.5,13.97,8.64,,5.03,21,45,3,24,66,0.455532673,0.621210738
UNLV,UCLA,-2.5,0.42,-2.28,10.19,-0.85,4.54,-0.4,-2.28,,9.5,-0.4,3.41,4.07,3.41,8.66,-2,,-2.63,10.26,1.29,1.58,,7.79,18,3.5,1.58,-0.43,1.55,-2.5,1.8,6.41,6.03,-2,2,-1,0.83,-0.85,-3,1.6,,-2.4,,5,0.6,-1.5,,26,-1.9,12.21,,6.08,23,30,3,7,53,0.635955184,0.579494415
USC,Georgia Southern,29,22.08,28.16,20.1,31.96,22.39,26.6,24.46,,20,21.37,30.45,15.43,25.89,18.65,4,,28.73,,18.47,30.39,,26.26,14.5,27,26.43,31.99,21.38,29,17,32.76,29.89,27.5,28,31.3,23.42,15.16,29,30.2,,34.6,,27.5,28.7,29,,50.2,22.15,26.01,,7.94,20,59,3,39,79,0.430459345,0.92765384
Virginia Tech,Vanderbilt,2.5,2.29,5.04,6.83,6.52,-5.5,2.66,7.96,,5.5,2.89,8.08,-0.01,2.15,2.68,3,,2.27,,3.26,5.82,,4.22,14.5,6.5,2.33,2.36,1.24,1,1,3.49,6.24,1,2,-3.4,3.85,-8.99,-1,-1.8,,-0.9,,0.5,-0.9,2.5,,-3.5,-0.33,-4.2,,4.27,44,20,3,-24,64,0.491506387,0.552030606
Washington St.,San Diego St.,2,8.65,13.8,13.11,8.7,8.95,7.67,14.04,,11,8.39,19.36,10.87,10.44,15.1,1,,-0.72,,9.11,12.27,,6.87,26.5,15.7,10.82,13.63,10.42,1.5,-2.4,1.96,10.77,3,7,11.4,15.95,-3.03,3,11.6,,-1.7,,8.4,9.9,3,,22.9,12.2,19.07,,6.62,13,36,3,23,49,0.688180428,0.728067493
Western Mich.,North Texas,-10,-1.14,-5.72,-2.22,-5.72,-3.62,-2.04,0.44,,-3,-1,-5.71,-2.41,-5,-6.55,2,,-11,,-2.49,-7.94,,-4.43,2.5,0.3,-4.39,-4.35,-1.16,-10,-13.1,-2.08,-9.69,-9.5,-7,-7.6,-0.52,-12.16,-10,-6.8,,-9.2,,-2.9,-6.5,-9,,-11.7,-7.56,-3.07,,4.02,33,30,3,-3,63,0.619951975,0.380048025
Wisconsin,Middle Tenn.,28.5,32.41,33.27,21.33,31.74,23.49,36.26,22.66,,19.5,31.73,33.46,18.71,31.18,34.26,5,,31.74,,30.12,34.48,,35.87,14.5,32.9,32.21,31.44,33.51,28.5,25,29.79,37.44,27,32,39.4,31.97,26.23,33,37.9,,33.6,,27.5,35.6,29,,47.9,36.56,29.07,,7.77,10,42,3,32,52,0.560256239,0.961132674
Alabama,Wisconsin,20,18.35,19.2,19.56,10.96,8.87,26.06,18.05,,12.5,17.39,18.39,6.71,15.14,0,4,,13.02,15.23,11.45,20.72,,15.87,14.5,14,16,17.45,16.76,21,16,15.59,15.35,20.5,10,16.3,14.7,12.99,17,17,,24.9,,18,17.5,19,,18.95,17.09,7.47,,5.12,14,38,4,24,52,0.385389595,0.817965605
Arizona,Kansas St.,-1,1.98,-3.42,-6.28,9.72,-6.27,11.29,-4.03,,1,-0.81,-5.58,-5.98,-1.15,6.13,30,,6.22,-1.75,-3.18,-0.49,,5.27,-13,-9.6,-1.75,5.76,-3.35,-1,-2.1,2.45,-2.12,0,-9,-3.3,1.4,-1.72,3,-4.4,,6.6,,-2.2,-4.3,-1,,4,-16.39,1.93,,7.95,17,23,4,6,40,0.496629179,0.474174795
Arizona St.,Texas St.,17.5,6.2,14.6,0.15,5.75,4.22,2.29,11.14,,3,7.91,9.13,11.67,13.31,7.6,-1,,16.14,16,14.52,11.15,,7.31,9,11.2,11.2,11.01,8.49,16.5,14.5,8.26,10.61,14,24,32.3,13.3,26.17,7,30.3,,12.6,,14.9,27,16.5,,14.5,35.74,19.15,,8.75,15,34,4,19,49,0.408592778,0.768624848
Arkansas St.,Iowa St.,-21.5,-12.7,-27.3,-17.62,-20.33,-22.57,-20.75,-20.85,,-18.5,-12.94,-27.2,-10.61,-22.54,-15.83,-18,,-24.3,-21.01,-21.69,-27.47,,-20.17,-6.5,-26.4,-22.7,-25.05,-10.37,-21,-18.5,-16.18,-26.66,-20,-21,-33.3,-28.7,-27.06,-32,-31.9,,-24,,-22.7,-29.1,-21.5,,-26.3,-31.54,-22.88,,6.64,24,16,4,-8,40,0.475900808,0.095094819
Auburn,South Alabama,25,18.59,21.78,4.57,18.42,11.19,23.68,13.86,,12,18.06,13.13,10.56,19.98,16.3,11,,25.14,22.68,25.81,20.38,,24.42,4.5,17.3,21.12,22.18,18.86,24.5,23.5,21.12,18.55,24.5,28,26.8,24.5,16.89,19,25.7,,26.7,,19.9,25.5,24.5,,29.6,25.06,21.54,,6.31,15,31,4,16,46,0.384440054,0.878900274
Bowling Green,Liberty,-5,2.1,0.56,-3.55,3.97,-0.26,3.97,-1.93,,-1,1.56,0.47,7.35,0.16,6.12,-1,,-2.35,10.12,-3.76,1.56,,1.49,1.5,0.4,0.4,5.07,0.77,-6,-6.9,1.24,5.03,-5,-12,-1.9,1.75,-9.67,-1,-2.8,,-3,,-3.4,-3.6,-4,,-0.05,-0.8,11.92,,4.36,13,23,4,10,36,0.623030247,0.503877399
California,Minnesota,-3,-3.29,-5.27,-7.53,-0.04,-7.46,-6.26,-2.05,,-4,-3.06,0.3,-5.77,-5.35,-4.77,-13,,-1.94,-9.32,-6.31,-5.88,,-3.59,2.5,-4.7,-5.27,-4.1,-2.94,-2.5,-2.9,-0.61,-8.07,-1.5,-9,-10.7,-7.7,-9.48,-9,-7.2,,-9.2,,0.2,-7.7,-3,,-4.5,-13.24,-1.24,,3.53,14,27,4,13,41,0.442552919,0.371090102
Coastal Carolina,East Carolina,-10,-5.1,-7.73,-3.6,-13.46,-7.96,-14.81,-1,,3,-4.81,-5.68,-9.93,-7.83,-5.85,-26,,-8.04,-9.2,0.56,-11.67,,-10.47,-5,-2.5,-7.05,-7.05,-0.45,-7.5,-5.8,-9.3,-15.59,-6.5,-5,-5.9,-9.8,-3.29,-18,-7.1,,-12.9,,-5.4,-6.4,-10,,-30.25,-5.23,-9.82,,6.69,38,0,4,-38,38,0.55011689,0.324738516
Delaware,Connecticut,-8,-6.91,-13.03,1.81,-9.79,-19.45,-13.59,-0.3,,-13,-6.79,-2.17,-7.49,-10.09,-2.87,-11,,-16.16,,-12.48,-15.5,,-11.98,-5,-8.7,-9.4,-9.4,-4.62,-10.5,-12.8,-7.09,-18.86,-11,,-7,-12.6,-7.68,-21,-7.9,,-12.1,,-7.6,-8.2,-8,,-8,-12.06,-16.66,,4.94,41,44,4,3,85,0.449975786,0.271939704
Florida Intl.,Florida Atlantic,2,5.44,-2.57,-2.83,5.59,-0.03,8.47,0.35,,0.5,4.92,6.06,9.72,4.03,6.3,-5,,-0.06,10.38,4.77,-0.4,,3.44,6.5,1.4,2.3,1.87,4.06,2.5,0.6,-0.73,4.95,2.5,-5,1.5,2.8,1.62,11,2.2,,6.9,,2.3,0.8,2,,37.55,5.81,0.67,,7.04,28,38,4,10,66,0.546530199,0.591758818
Georgia Southern,Jacksonville St.,3,3.66,-3.46,-8.51,-9.89,-6.94,-1.24,-3.43,,-0.5,3.92,-0.55,-3.48,-1.03,-2.95,-24,,2.38,-9.34,4.09,-4.99,,-6.16,-3.5,-5.1,-2.5,-4.81,7.15,3.5,7.1,-2.31,-11.37,4.5,7,8.5,-5.6,15.65,-6,5.3,,-2.5,,2.2,6.5,2.5,,-10.85,5.93,-1.21,,7.43,34,41,4,7,75,0.409072905,0.476569108
Georgia Tech,Clemson,-3,-0.29,-2.04,-8.03,2.87,-8.66,4.14,-2.23,,-1.5,-2.25,-2.45,2.18,-1.92,7.2,18,,-4.25,1.25,-5.02,-3.06,,1.54,-8.5,-6.2,-2.45,5.82,-3.46,-3,-5.5,1.39,1.92,-5.5,-7,-5.6,0.56,-9.3,6,-6.8,,-1.8,,-5,-6.4,-3,,16.2,-8.16,-4.21,,6.35,21,24,4,3,45,0.525185518,0.455289969
Houston,Colorado,5,3.79,-1.04,6.7,2.4,10.33,7.47,3.38,,6,2.37,-4.13,-4.53,0.47,1.79,14,,8.43,-5.46,2.9,-0.45,,4.65,-10.5,-0.3,1.76,-0.51,2.47,4.5,3.3,1.76,-0.7,5,3,-4.5,2.45,-2.36,-4,-4.9,,3.8,,-0.3,-2.8,4,,5.5,-7.29,-4.9,,5.12,20,36,4,16,56,0.392969658,0.511239884
Illinois,Western Mich.,27.5,22.83,28.45,21.66,21.51,34.79,31.41,21.94,,25,21.47,26.58,18.38,29.27,27.48,33,,30.73,35.71,30.57,28.13,,33.08,16,22,28.45,26.82,22.68,27.5,25,25.88,29.13,28,34,43.1,38.85,38.23,35,41.3,,32.9,,29.3,39.1,27.5,,25.1,38.56,22.96,,6.68,0,38,4,38,38,0.540925198,0.955377502
Iowa,Massachusetts,35,34.21,39.71,28.14,33.83,42.15,47.02,36.53,,28.5,33.45,44.65,19.13,38,40.59,23,,39.06,45.84,34.78,40.9,,41.33,22.5,40.3,39.71,34.25,32.94,35,28.5,32.76,40.61,33,48,47.5,38.5,43.93,41,47.3,,42.2,,34.5,44.9,35,,43.3,38.62,31.55,,7.37,7,47,4,40,54,0.568049676,0.985042172
Kent,Buffalo,-23.5,-18.72,-17.63,-14.58,-14.82,-12.73,-26.26,-12.26,,-14,-19.51,-17.48,-11.82,-20.24,-23.58,-11,,-20.96,-29.48,-9.75,-21.85,,-20.63,-12,-18.4,-19.51,-15.31,-17.79,-22,-22,-12.21,-25.49,-23.5,-24,-23.7,-11.9,-32.87,-37,-26.8,,-22.5,,-19.2,-22.1,-23.5,,-25.1,-30.35,-29.17,,6.75,31,28,4,-3,59,0.574945033,0.120340224
Kentucky,Eastern Mich.,26.5,24.18,32.07,14.15,31.01,19.86,32.76,24.97,,21.5,24.11,24.76,17.53,27.36,23.38,20,,26.67,29.12,21.2,34.84,,33.37,9,27.1,27.1,28.41,22.73,24,22,24.33,29.14,24.5,30,37.2,31.8,21.45,30,37.1,,32,,25.2,33.8,26.5,,47.25,30.66,26.59,,7.26,23,48,4,25,71,0.519645025,0.94147082
LSU,Florida,7,7.18,4.98,14.84,7.58,5.77,10.08,8.4,,16,5.54,10.4,3.69,8.39,8,-3,,5.48,5.76,10,7.2,,13.45,3,8,8,5.38,7,7.5,7.8,2.87,3.99,9.5,8,8.2,10.03,10.1,6,8.4,,5.4,,12,8.9,7,,17.1,2.28,15.86,,3.94,10,20,4,10,30,0.533863665,0.696014517
Louisiana Tech,New Mexico St.,10,12.58,9.51,-0.62,10.77,6.05,17.77,8.25,,0.5,13.08,11.89,7.93,11.1,11.53,-7,,14.88,19.78,5.87,12.61,,11.06,8,11.6,11.06,8.85,10.39,10,7.2,8.69,19.06,10.5,3,9.7,11.2,12.68,25,10.2,,12,,12.9,9.4,10,,20.5,15.04,14.94,,6.03,14,49,4,35,63,0.525825002,0.743340547
Miami (Fla.),South Florida,17.5,17.74,14.27,17.01,2.84,7.6,15.81,17.51,,14.5,18.83,17.58,13,14.16,9.42,-2,,10.48,10.19,8.17,13.37,,13.39,15.5,16.6,15.03,15.6,21.32,17.5,16,6.14,11.09,14.5,16,17.8,14.7,9.53,12,17.8,,10,,17.3,17.1,17.5,,11.9,22.64,18.18,,5.02,12,49,4,37,61,0.420503067,0.802469813
Michigan,Central Mich.,28,22.59,36.15,32.05,21.19,25.49,24.02,29.54,,24,23.78,31.77,17.93,28.01,20.48,11,,28.68,33.32,22.55,30.48,,30.46,19.5,30.5,27.5,24.18,25.43,28,25.5,24.72,30.13,27,29,41.2,33.6,20.3,19,41.9,,27.5,,27.9,38.9,28,,23.6,40.32,21.38,,7.14,3,63,4,60,66,0.500229188,0.946207591
Mississippi,Arkansas,6.5,8.61,12.87,13.07,13.26,3.46,8.24,11.57,,20,8.72,14.56,12.14,11.56,11.54,-8,,6.85,10.31,12.02,15.93,,10.51,14,15.8,11.57,12.02,9.73,7,8,6.53,13.14,7.5,15,9.6,11.55,9.09,9,11.9,,10.1,,5.6,10.6,7.5,,23.1,13.92,12.5,,4.91,35,41,4,6,76,0.619642226,0.756707433
Missouri,Louisiana-Lafayette,27.5,20.01,25.25,18.76,25.12,20.66,27.17,21.09,,18.5,19.6,21.18,11.35,23.09,20.22,29,,20.97,27.66,22.87,26.06,,25.87,2,15.7,23.08,25.32,18.85,27.5,23,23.6,22.48,25.5,30,29.2,30.1,20.05,30,28.1,,26.5,,21.3,26.8,27,,31.2,23.08,26.01,,5.74,10,52,4,42,62,0.396955888,0.914309233
Missouri St.,SMU,-28,-19.2,-23.8,-19.41,-12.95,-30.4,-22.51,-21.74,,-28,-21.03,-28.2,-8.8,-24.2,-19.55,-19,,-25.77,,-21.7,-27.92,,-14.38,-22,-27.6,-24.85,-20.2,-21.15,-28,-24.5,-20.83,-23.09,-26.5,-32,-33.2,-25.2,-29.62,-26,-31.9,,-26.8,,-25.4,-31.5,-28,,-26.6,-31.81,-19.72,,5.64,28,10,4,-18,38,0.589237452,0.075413994
Nevada,Middle Tenn.,9.5,9.52,11.51,2.07,14.74,1.98,14.23,7.17,,11,9.07,13.09,8.68,10.72,18.72,12,,16.39,21.53,11.17,15.72,,13.05,8.5,10.1,9.82,9.82,7.77,9.5,7.1,8.68,13.47,9,14,9.1,8.24,-2.82,18,7.9,,8.8,,5.8,7.9,9.5,,18.05,10.92,18.9,,4.8,14,13,4,-1,27,0.529318612,0.740969807
North Texas,Washington St.,5.5,2.71,-4.19,-2.44,0.39,-3.61,3.23,-4.67,,-1.5,3.1,-6.93,-4.82,0.16,1.89,1,,11.3,-5.01,4.62,-1.74,,-0.95,-1.5,-8,-0.5,-5.26,1.73,6,4.7,2.23,4.35,4,3,-3.6,0.7,13.33,6,-5.3,,6.5,,-0.5,-2.6,4.5,,-4.9,2.17,2.69,,4.9,10,59,4,49,69,0.373945969,0.503841982
Northwestern,Oregon,-26.5,-25.78,-27.06,-28.92,-30.12,-29.71,-42.14,-22.55,,-23.5,-23.44,-31.31,-12.56,-26.99,-21.52,-39,,-24.73,-30.97,-13.67,-33.33,,-32.01,-22,-30.7,-25.78,-28.49,-25.28,-28,-23.5,-23.06,-31.4,-28.5,-23,-22.3,-24.5,-26.34,-43,-25,,-29.7,,-28.8,-24.7,-26.5,,-37.7,-23.33,-22.36,,6.88,34,14,4,-20,48,0.488701977,0.059366083
Notre Dame,Texas A&M,6.5,9.12,12.33,10.05,5.02,4.15,14.37,12.03,,11.5,11.82,15.46,9.83,9.54,11.68,-29,,9.12,14.09,7.83,11.56,,9,9.5,9.4,9.4,8.72,3.96,6.5,6.6,5.59,14.24,6.5,8,8.2,7.35,14.43,10,8.7,,8.7,,11.4,8.1,7.5,,-3.1,13.93,16.7,,7.36,41,40,4,-1,81,0.568962659,0.70719341
Ohio St.,Ohio,28.5,28.62,35.38,25.57,22.64,33.33,36.36,29.08,,26,27.32,33.39,17.23,28.39,22.02,22,,32.46,30.53,23.25,34.42,,29.82,7.5,34.8,29.08,27.87,30.27,31,25,24.71,29.19,34,34,36.1,26.1,22.96,27,35,,33.3,,32.3,35.4,28.5,,16.15,32.6,25.21,,6.54,9,37,4,28,46,0.4974438,0.950907219
Purdue,USC,-20.5,-14.73,-16.95,-17.78,-13.06,-16.97,-22.51,-12.09,,-13.5,-13.93,-24.46,-8.4,-21.27,-8.88,-14,,-23.28,-15.12,-20.02,-24.3,,-17.6,-17.5,-19.7,-20.02,-19.84,-14.77,-20.5,-18,-20.04,-26.48,-20.5,-21,-24.2,-23.1,-39.61,-35,-25.3,,-24.9,,-21.5,-22.9,-20.5,,-51.5,-27.7,-18.82,,8.22,33,17,4,-16,50,0.482821167,0.117051368
South Carolina,Vanderbilt,3,7.86,9.09,11.59,6.07,2.83,4.61,9.8,,11.5,8.99,6.68,12.55,7.5,6.57,-4,,3.47,6.85,8.69,7.64,,10.51,14,10.5,7.56,2.74,10.55,4.5,5.5,3.89,7.62,5,15,6.2,9.1,-0.41,2,6.3,,3.6,,7.2,7.4,4,,1.65,7.56,7.73,,3.99,31,7,4,-24,38,0.608318001,0.676606297
Southern Miss.,Appalachian St.,-3.5,2.56,-9.76,-9.9,-0.66,-6.42,3.42,-11.78,,-15.5,2.7,-17.95,-11.53,-8.28,-16.87,-5,,-7.6,-18.34,-5.77,-5.02,,-6.13,-8,-15.3,-6.86,-6.39,1.48,-3,-1.7,-2.21,-7.29,-1,,-4.2,-9.8,-6.12,-10,-6.2,,-1.5,,-5.5,-3.1,-4,,-26.8,-14.43,-18.68,,6.66,22,38,4,16,60,0.390643797,0.315281194
Stanford,Boston College,-14,-6.05,-8.84,-11.55,-10.4,-9.43,-11.92,-4.36,,-10,-5.43,-10.74,-8.88,-8.68,-6.47,-32,,-3.29,-9.72,-7.2,-8.97,,-6.39,-6.5,-5.1,-8.84,-9.02,-4.58,-14,-7.9,-2.58,-10.69,-10.5,-13,-7.4,-10.85,-9.49,-15,-8.6,,-13.7,,-7.2,-7.5,-13,,-14.7,-7.04,-1.2,,4.86,20,30,4,10,50,0.625694762,0.300530436
Temple,Oklahoma,-24,-17.73,-26.36,-21.05,-13.05,-20.88,-19.89,-26.78,,-20,-17.79,-24.1,-10.14,-22.49,-13.17,3,,-26.24,-21.19,-25.44,-26.45,,-27.49,0.5,-25.4,-22.3,-19.11,-21.2,-21.5,-25,-12.01,-17.53,-24.5,-30,-30.8,-28.7,-22.3,-19,-32.9,,-20.4,,-25.5,-29.8,-24,,-26.4,-30.74,-21.44,,7.97,42,3,4,-39,45,0.533875892,0.102713552
Tennessee,Georgia,-4,1.63,-0.23,-3.77,3.17,0.45,7.19,-2.85,,-9,-0.24,-3.64,0.48,-0.16,0.77,12,,-0.36,-3.69,0.4,4.14,,-0.73,3.5,-7,-0.23,6.32,-1.57,-4,-4.7,0.41,5.42,-6,-3,-0.9,2.1,0.94,7,-1.6,,0.9,,-7.8,-2.2,-3.5,,7.8,1.34,-5.04,,4.22,44,41,4,-3,85,0.592414585,0.496114354
Texas,UTEP,41,34.73,41.04,33.19,32.04,37.4,42.2,38.47,,30.5,34.61,49.29,18.92,40.72,34.61,4,,46.38,49.45,37.91,47.04,,41.62,27,45.6,41.62,36.11,36.82,40.5,29,39.46,41.13,42,46,52.2,44.5,43.54,43,51.5,,44.4,,43.5,49.7,41,,47.7,51.99,33.82,,9.76,10,27,4,17,37,0.494005682,0.985563757
Texas Tech,Oregon St.,23.5,19.38,14.14,3.59,13.93,19.75,27.71,12.66,,21,18.49,19.55,17.97,21.13,20.32,58,,22.43,22.84,20.13,18.34,,25.14,17.5,16.3,21.45,19.51,17.68,23.5,17.5,21.45,25.31,25.5,24,27.2,27.9,22.61,26,25.3,,27.7,,24.3,24.2,23.5,,22.2,27.76,24.06,,7.95,14,45,4,31,59,0.446896815,0.883032416
Troy St.,Memphis,-4.5,-2.02,-9.02,-1.45,-3.33,-0.99,-2.22,-1.43,,-9.5,-2.11,-8.03,-8.33,-7.4,-8.1,-20,,-6.04,-4.89,-10.7,-6.59,,-11.05,-8,-6.9,-7.1,-6.83,-3.06,-3.5,-4.9,-6.9,-11.82,-6.5,-11,-7.6,-12.28,-3.5,-9,-7.1,,-3.1,,-3.9,-7.1,-5,,-12.25,-16.23,-19.2,,4.18,28,7,4,-21,35,0.429884168,0.326062982
Tulane,Duke,2,5.64,7.13,9.89,9.75,8.65,8.09,8.39,,14,4.82,11.03,12.14,7.89,6.95,11,,5.05,6.4,1.57,8.63,,8.23,12.5,10.4,7.2,4.09,4.8,1.5,3.6,6.24,13.84,2.5,2,7.1,12.6,2.75,5,7.2,,6.8,,4,7.7,3.5,,19.65,8.8,11.07,,3.9,27,34,4,7,61,0.640702494,0.685343038
Tulsa,Navy,-14,-13.16,-14.75,-7.75,-5.61,-14.57,-16.43,-11.38,,-14,-13.51,-29.01,-8.85,-18.74,-21,-17,,-15.58,-33.9,-19.99,-18.34,,-16.45,-20.5,-20.8,-18.34,-13.1,-14.43,-14,-10.7,-8.47,-22.12,-14,-27,-24,-20.3,-24.27,-25,-24.8,,-17.3,,-16.6,-20.7,-14.5,,-20.4,-40.49,-22.95,,7.2,42,23,4,-19,65,0.392833319,0.14115466
UAB,Akron,11,11.22,12.76,12.85,9.23,12.89,17.03,18.34,,17,10.92,14.34,14.36,11.22,8.26,28,,10.75,13.04,2.44,13.84,,9.35,13,11.4,11.22,10.34,9.12,11,9.8,9.6,12.24,10.5,7,8.1,10.15,9.99,12,9,,15.4,,13.4,9.3,11,,15,11.35,4.13,,4.28,28,31,4,3,59,0.505338243,0.752523073
UCLA,New Mexico,15.5,18.02,19.87,11.3,5.77,12.4,18.11,16.32,,13,18.84,9.35,7.98,14.83,8.39,-7,,16.68,8.22,18.44,16.78,,15.65,4.5,14.4,16.45,13.31,20.83,15.5,17,10.26,12.35,14,20,25.4,16.45,17.67,6,23.3,,17.2,,18.5,21.9,15.5,,5.5,18.2,12.27,,6.51,35,10,4,-25,45,0.484425422,0.806298519
Utah St.,Air Force,-4.5,0.81,-3.29,-13.06,0.01,-10.34,2.37,-1.14,,-2,1.25,4.4,4.59,-1.35,1.95,-18,,-9.5,,-1.17,-0.66,,1.55,8.5,-3.7,-0.53,0.41,-1.5,-4.5,-4.6,2.86,3.11,-3,-4,-0.4,-4.2,-16.96,-3,0.4,,-5.8,,0.8,-0.1,-4,,11.7,1.29,-2.22,,6.18,30,49,4,19,79,0.573357081,0.468415028
Virginia Tech,Old Dominion,5.5,6.62,12.22,1.94,0.74,1.82,1.4,10.77,,3.5,7.63,10.28,5.33,8.46,4.11,-21,,6.28,6.96,17.35,6.12,,5.62,7.5,10.8,6.96,7.61,10.14,7,6.7,3.96,6.19,7.5,15,18.4,5.25,5.75,3,17.1,,1.9,,12.8,16.6,5.5,,13.2,18.78,7.87,,7.26,45,26,4,-19,71,0.567320278,0.686023121
Wake Forest,NC St.,-7,-6.46,-3.87,-5.16,-9,-3.2,-8.54,-5.33,,-4,-7.13,-6.5,-4.96,-6.87,-6.93,-1,,-8.81,,-9.11,-5.24,,-3.65,-3.5,-3.5,-6.5,-5.25,-6.76,-7,-7.2,-6.79,-5.15,-6.5,-6,-5,-10.15,-12.82,-18,-6.5,,-9.6,,-8.9,-6.8,-7,,-7.9,-4.27,-3.15,,3.12,34,24,4,-10,58,0.503205622,0.335549803
West Va.,Pittsburgh,-7.5,-3.55,1.32,-1.14,-5.79,-7.22,-8.09,3.31,,0.5,-2.75,2.61,3.04,-3.33,3.12,-31,,-9.39,4.65,-5.55,-5.43,,-2.99,1,-0.2,-2.99,-4.28,-2.75,-7,-3.4,-2.36,-2.95,-3.5,-4,0.6,-5.53,-12.67,-12,0.8,,-6,,-5.7,-0.5,-6.5,,-11.2,-2.89,-8.2,,6.33,24,31,4,7,55,0.596388837,0.422752183
Wyoming,Utah,-23.5,-11.69,-22.64,-13.37,-18.51,-24.43,-19.1,-16.99,,-6,-11.27,-18.47,-6.6,-18.39,-13.11,-13,,-24.49,-16.05,-19.24,-22.39,,-11.15,-0.5,-19.1,-19.1,-21.25,-10.95,-23.5,-23,-20.05,-20.89,-23.5,-20,-30.9,-21.7,-14.31,-27,-30.2,,-28.5,,-19.9,-27.7,-23,,-4.1,-18.44,-17.5,,7.29,31,6,4,-25,37,0.615054578,0.146234628
Air Force,Boise St.,-11,-6.68,-9.1,-3.91,2.6,-2.45,-10.67,-5.85,,-7,-6.13,-9.51,0.07,-10.33,-8.39,2,,-14.42,-8.43,-12.28,-7.89,,-14.44,-16,-10,-9.51,-6.43,-6.42,-10,-8.4,-11.16,-9.49,-8.5,-13,-20.3,-9.1,-13.46,-10,-21.4,,-7.7,,-12.4,-18.9,-11,,-15,-14.08,-22.16,,5.45,49,37,5,-12,86,0.515920024,0.269137341
Army,North Texas,-1.5,4.69,7.34,4.16,-3.38,3.12,2.14,9.65,,3,4.04,5.86,0.16,3.85,-4.25,-29,,0.28,6.47,11.73,-4.56,,5.92,9.5,11.6,4.69,0.17,7.15,-3,-1.1,-0.26,6.36,2.5,6,7.8,3.15,6.92,-8,8.6,,-4.5,,3.5,6.8,-0.5,,6.05,-1.73,5.02,,7.36,45,38,5,-7,83,0.620104696,0.587076047
Baylor,Arizona St.,2.5,3.25,1.85,2.32,-3.06,-0.1,2.64,1.65,,3.5,3.17,-2.69,2.04,0.88,3.31,-3,,4.69,0.67,4.7,-1.39,,0.38,-2,-1,1.2,-0.82,3.43,2.5,1.2,0.79,-1.03,-2.5,3,-1.7,0.7,-2.18,-2,-2.3,,2.3,,1.4,-1.3,2.5,,7.35,-10.6,4.51,,3.24,27,24,5,-3,51,0.460176826,0.521657744
Buffalo,Troy St.,6.5,3.88,-2.18,1.97,-3.04,7.02,3.48,-3.61,,5.5,3.13,-2.44,1.03,3.15,3.28,9,,7,-1.29,6.55,-3.97,,5.15,15,0.5,3.36,2.31,4.73,6.5,3.6,-0.25,3.36,6.5,5,5,5.95,14.73,-1,3.2,,3.9,,-1.4,3.4,6,,-7.2,5.12,16.33,,4.6,21,17,5,-4,38,0.419685177,0.575579529
Central Florida,North Carolina,7,3.64,10.07,8.2,12.96,12.18,3.53,9.57,,5,4.28,9.27,2.44,8.48,7.26,18,,5.51,8.64,-5.24,13.31,,3.7,7,9.4,9.27,9.87,2.79,7,3.7,11.17,10.44,5,1,14.7,11.2,-2.74,16,13.8,,11.6,,3.8,11.2,7,,32.7,11.67,11.06,,6.92,9,34,5,25,43,0.534055197,0.687829229
Charlotte,Rice,-2.5,0.69,-3.64,-6.41,-7.34,-6.37,0.22,-8.49,,-5.5,0.05,-8.47,-3.09,-4.61,-5.22,-13,,-2.81,-2.91,-4.54,-4.96,,-2.13,1.5,-4.4,-4.68,-3.07,0.8,-2.5,-2.2,-1.22,-5.71,-4.5,-2,-4.7,-5.25,-4.68,-15,-6.1,,-7.2,,-0.6,-4.7,-2.5,,-14.1,-6.79,-4.31,,3.77,28,17,5,-11,45,0.448548741,0.388756314
Clemson,Syracuse,16.5,14.46,10.92,7.71,7.49,4.36,16.08,15.19,,8,14.19,7.19,9.13,12.52,6.62,-5,,16.94,8.91,10.72,11.45,,12.8,9.5,12.7,11.9,6.34,15.51,17,16.5,9.67,9.61,20,9,20.2,11.9,15.19,7,21.7,,14.8,,20.5,20,16,,8.9,17.34,20.5,,5.11,34,21,5,-13,55,0.405687782,0.7735936
Colorado,Wyoming,13.5,14.27,17.74,7.54,9.88,6.3,13.75,12.74,,5,15.56,26.87,-1.44,15.87,11.06,1,,18.75,5.86,17.59,15.71,,8.01,24.5,13.5,15.56,18.5,15.42,13.5,11.6,12.76,21.29,14,14,31.8,14.97,18.32,16,30.1,,15.5,,16.8,26.4,13.5,,17.3,22.98,19.52,,7.44,20,37,5,17,57,0.553769831,0.817339018
Colorado St.,Texas-San Antonio,-4.5,-1.58,-6.17,-6.32,-3.19,-4.54,-5.9,-5.01,,-3,-1.69,2.37,-8.82,-4.9,-4.2,-3,,-5.42,-1.65,0.53,-8.24,,-4.05,4,-1.4,-3.7,-2.97,0.61,-5,-7.1,-0.68,-10.53,-4,-2,-1.5,-5.25,-9,-14,-3.5,,-3.7,,0.6,-2.8,-4.5,,-46.3,-5.8,6.38,,7.95,17,16,5,-1,33,0.491011416,0.391263057
Connecticut,Ball St.,21,20.15,13.44,19.17,15.9,15.92,22.66,6.72,,10.5,21.83,22.38,4.07,18.52,20.22,13,,20.1,6.66,11.57,19.29,,10.89,22.5,9.8,19.17,16.28,19.58,21,18,15.66,23.01,20.5,19,22.1,17.39,30.95,32,24,,23.9,,18.6,21.8,21,,29.25,24.42,18.27,,6.35,25,31,5,6,56,0.442339257,0.860624334
Duke,NC St.,3,1.85,-0.13,-1.42,-4.78,-1.82,0.55,-1.75,,-6,2.3,4.82,-5.51,-0.02,1.28,-12,,2.53,0.59,1.95,-1.79,,-1.44,5.5,-1.3,0.55,-2.1,1.77,3.5,1.6,0.01,1.38,3,3,3.6,-5.95,8.82,-7,2.9,,-1.7,,-0.4,2.3,3,,-12.85,1.82,-0.71,,4.47,33,45,5,12,78,0.427348953,0.499516177
East Carolina,BYU,-6.5,1.16,-12.94,-4.15,-5.68,-8.62,0.77,-10.21,,-4.5,2.43,-10.21,-1.44,-8.92,-11.35,-10,,-6.53,-12.24,-15.17,-12.14,,-7.68,2,-12.8,-10.21,-15.97,-0.33,-6.5,-6.7,-5.9,-12.43,-7.5,-13,-17.5,-13.3,-11.88,-16,-15.2,,-9.2,,-8.8,-12.7,-6.5,,1.2,-13,-10.97,,5.87,34,13,5,-21,47,0.443152285,0.299088546
Eastern Mich.,Louisiana-Lafayette,-2.5,-3.9,-9.91,-4.69,-8.13,1.61,-4.23,-5.48,,-10,-4.17,-11.37,-10.86,-7.55,-10.8,-14,,-7.14,-7.42,-5.76,-8.56,,-10.67,-11,-6.8,-8,-6.52,-5.23,-2.5,-3.3,-1.64,-9.02,-2.5,-8,-10.6,-7.7,-10.71,-9,-11.9,,-8,,-2.5,-9.6,-3.5,,-11.9,-7.95,-7.41,,3.27,31,34,5,3,65,0.377678704,0.320667841
Florida Intl.,Delaware,5.5,7.26,6.83,1,8.82,7.43,8.35,-1.8,,10,7.93,1.59,6.4,5.09,-1.49,5,,6.78,37.38,4.47,9.05,,5.42,3,8.1,5.61,4.25,6.17,6,7.2,6.34,8.89,4.5,,-2.4,4.9,-7.66,3,-1.9,,5.8,,3.4,0.01,5.5,,11.6,2.86,1.3,,6.8,38,16,5,-22,54,0.490529361,0.615905008
Florida St.,Kent,45,41.43,38.99,30.93,45.8,21.79,52.08,34.75,,29,40.42,40.18,19.05,39.57,34.42,39,,45.17,40.39,34.94,52.6,,38.86,13,32.8,40.4,42.07,42.27,45.5,31,38.53,39.03,43.5,49,47.3,40.82,32.11,57,49.5,,49.7,,40.4,46,44.5,,47.8,50.47,31.61,,9.52,10,66,5,56,76,0.384640308,0.983720501
Georgia Tech,Temple,23.5,27.52,24.85,16.9,17.9,17.66,33.97,22.75,,22,26.05,31.64,15.73,26.26,22,7,,26.23,31.12,29.68,26.04,,28.24,15,22.1,26.23,25.34,28.45,24,24,19.19,24.59,24,33,31.4,31.5,28.01,24,34.1,,24.8,,28.4,30.7,23.5,,35.2,28.59,27.12,,6.23,24,45,5,21,69,0.564284575,0.938200029
Hawaii,Fresno St.,-3,-2.48,-8.6,-5.37,-4.05,-12.31,-8.76,-4.64,,-5,-2.49,-7.21,1.47,-4.89,-4.12,-7,,-7.95,-5.52,0.88,-8.37,,-4.64,-2.5,-5.9,-4.64,-5.81,0.93,-2.5,-3.3,-2.98,-5.46,-3.5,-6,-1.5,-4.55,2.06,-11,-2.6,,-9.6,,-4.5,-2.6,-3,,-12.7,-8.57,2.72,,3.79,23,21,5,-2,44,0.453902897,0.382230964
Indiana,Illinois,6.5,8.28,7.83,9.85,6.66,-12.12,7.4,3.5,,2,8.74,2.71,-1.3,4.73,1.83,4,,3.39,6.78,0.27,10.03,,0.16,12,5.5,4.9,10.77,8.99,6,5.4,3.25,10.38,5,2,2.2,4.9,0.74,4,4.9,,4.6,,1.9,2.3,6.5,,-4.4,8.75,14.06,,4.77,10,63,5,53,73,0.457480845,0.612314327
Kansas,West Va.,13,7.14,7.14,4.46,11.9,2.39,6.62,8.02,,6.5,7.67,12.46,9.66,9.24,9.57,3,,11.17,11.25,5.86,10.77,,6.9,2,8.3,9.66,6.83,7.47,13.5,9.3,9.76,10.14,12.5,9,11.7,12.6,4.72,12,11.9,,9.7,,11.2,11,12,,15.95,11.28,13.81,,3.16,10,41,5,31,51,0.40815698,0.715944789
Kennesaw St.,Arkansas St.,-5,-5.74,-11.08,-1.09,-0.02,-7.89,-8.87,-4.65,,-10,-5.15,-5.25,0.79,-4.91,-1.9,-5,,-6.75,-12.65,-8.28,-6.45,,-10.28,1.5,-5.7,-5.35,-3.96,-6.02,-5,-7,-3.79,-5.69,-7,,-3.4,-4.2,-7.25,7,-2.6,,-2.9,,-7.1,-4.1,-5,,-9.2,3.67,-5.27,,4.29,21,28,5,7,49,0.50218346,0.382626192
Liberty,James Madison,-8.5,-3.21,-6.91,-9.28,-9.5,-14.44,-8.79,-2.33,,-1,-2.68,-9.57,1.33,-7.13,-7.96,-14,,-10.13,-10.81,-6.09,-12.78,,-11.66,6.5,-7.7,-7.42,-7.22,-1.02,-8.5,-4.8,-4.55,-8.36,-10,-14,-4.2,-9.1,-5.28,-18,-5,,-6.2,,-2.1,-4.3,-8.5,,-13.8,-7.42,-12.18,,4.83,31,13,5,-18,44,0.532901699,0.333705109
Louisiana Tech,Southern Miss.,3.5,8.38,12.22,11.96,12.04,3.69,11.46,9.32,,8,8.75,15.11,7.29,10.39,8.99,7,,8.42,15.06,1.49,12.61,,10.14,18,10.1,10.1,10.22,6.35,3,1.3,3.72,21.41,1.5,1,5.5,14.7,18.1,19,7.3,,9.3,,10.3,5.2,4.5,,27.5,18.86,15.33,,6.08,20,30,5,10,50,0.657375901,0.729467538
Louisville,Bowling Green,26.5,23.31,27.06,12.53,17.83,25.79,26.54,21.45,,16,22.5,21.08,12.83,23.06,20.48,17,,26.1,25.15,20.06,24.48,,22.03,15,22.3,22.5,20.64,25.43,27,24.5,14.87,22.66,26,29,33.1,25.55,30.73,21,32.6,,22.5,,21.3,30.4,26.5,,16.8,26.2,21.52,,5.27,17,40,5,23,57,0.41852017,0.916018417
Memphis,Arkansas,-7.5,-0.99,-4.92,5.45,-2.3,-2.2,-2.57,-4.29,,13.5,-1.06,-5.52,4.17,-2.85,3.68,-4,,-6.96,-6.02,-0.7,-5.5,,1.42,13.5,-1.4,-2.57,-8.33,-0.9,-7.5,-6.8,-2.3,-4.68,-6,0.01,-13.2,1.05,-5.35,-16,-10.6,,-9.3,,-6.7,-10.3,-7,,1,-6.87,-5.99,,6.17,31,32,5,1,63,0.60757323,0.433558221
Miami (Fla.),Florida,9.5,9.84,2.69,11.7,7.79,5.29,12.53,10.24,,15,8.85,15.23,14.58,10.34,13.09,11,,4.3,12.32,9.83,10.82,,11.47,16.5,9.4,9.84,9.11,9.59,7.5,7.5,7.27,8.08,8.5,10,3.6,12.95,9.28,14,5.7,,6.6,,10.7,5.5,9.5,,18.6,9.42,19.86,,3.85,7,26,5,19,33,0.520505868,0.736631757
Miami (Ohio),UNLV,-2.5,-0.86,-6.01,-15.28,-1.46,-10.94,-3.6,1.19,,-7,0.47,-8.61,-7.54,-4.81,-2.92,-23,,-2.82,-7.14,-6.57,-4.42,,-10.24,4,-5.6,-4.42,-3.66,-1.22,-2.5,-3.3,-3.47,-3.19,-4,-7,-10.9,-8.75,7.77,-6,-10.8,,-3.9,,-9,-9.6,-2.5,,-1.4,0.89,-6.86,,5.39,41,38,5,-3,79,0.445204344,0.387091644
Middle Tenn.,Marshall,-2.5,-4.41,-12.74,-7.4,-8.72,-10.43,-6.63,-4.57,,-9.5,-4.94,-11,-9.9,-7.71,-17.05,-5,,-5.76,3.47,-0.87,-10.5,,-9.76,-10.5,-11.7,-8.72,-9.36,-4.03,-3,-2.5,-5.15,-16.39,-3,-1,-13.7,-9.45,-1.64,-17,-13.1,,-6.4,,-0.6,-10,-3.5,,5.5,-8.52,-14.3,,5.33,42,28,5,-14,70,0.377847465,0.322600935
Mississippi,Tulane,13,16.53,19.37,9.63,14.26,7,20.66,15.41,,13,15.69,16.33,2.83,14.67,11.62,12,,12.75,21.32,13.2,18.21,,15.42,8,15.7,15,19.38,16.28,13,10,13.71,16.21,12.5,13,14.9,13.65,8.64,15,15,,18.5,,15.7,14.1,13,,29.4,18,8.73,,4.71,10,45,5,35,55,0.540170033,0.812195579
Mississippi St.,Northern Ill.,22,18.12,21.23,3.39,15.11,21.11,22.94,15.95,,12,18.63,8.3,18.84,18.27,12.65,23,,17.23,13.47,18.93,20.81,,16.47,-3,12.9,18.63,18.72,16.6,21,20,14.59,17.05,21.5,21,27,23.8,17.5,23,25.4,,28.1,,15.7,23.6,22,,32.15,24.27,12.49,,6.65,10,38,5,28,48,0.414218613,0.855758244
Missouri,South Carolina,10,8.84,8.09,14.88,16.64,13.04,13.53,12.37,,14.5,8.34,8.45,17.48,10.28,7.82,22,,9.63,11.61,1.77,15.34,,9.69,1,9.1,10.85,12.05,6.16,10.5,14,9.39,8.33,10.5,10,3.4,10.85,12.31,11,4.2,,13,,11.1,4.2,10,,15.7,9.93,11.67,,4.7,20,29,5,9,49,0.506746746,0.732675954
Nebraska,Michigan,-1.5,3.42,-7.01,-2.27,3.06,0.58,4.36,-4.84,,-5.5,3.18,-0.03,-0.14,0,5.17,9,,-1.55,0.65,0.51,0.24,,-2.48,-2.5,-2.1,0.24,3.86,2.65,-2,-2.3,0,0.63,-1,2,-2.3,1.05,3.3,4,-3.7,,2.9,,3.6,-2.6,-1.5,,-6,-2.17,5.62,,3.57,30,27,5,-3,57,0.536724939,0.5
Notre Dame,Purdue,25,31.14,27.6,26.32,11.68,17.9,35.68,23.88,,21.5,30,30.37,12.88,27.47,18.97,-9,,27.08,32.02,27.72,24.53,,21.95,25.5,25.6,26.32,19.39,34.05,25.5,24.5,20.19,36.43,26.5,25,36,25.2,52.06,24,37.9,,27.6,,25.8,35.1,25,,25.35,36.1,28.18,,9.74,30,56,5,26,86,0.552756631,0.929897573
Oklahoma,Auburn,7,6.7,6.57,9.37,8.44,2.18,9.41,10.59,,10,6.16,11.71,4.57,6.87,-0.3,6,,4.3,2.83,3.42,8.45,,9.5,1.5,6.3,6.8,5.71,5.24,7,7.2,3.88,4.41,6.5,8,9.2,6.65,9.53,3,9.3,,6.8,,8.1,8.6,7,,8.95,14.2,7.08,,3.05,17,24,5,7,41,0.496791792,0.664575101
Oklahoma St.,Tulsa,9.5,17.54,20.11,0.32,4.45,8.8,19.94,15.05,,17,16.02,17,6.33,14.84,19.02,-13,,17.12,20,16.78,10.83,,21.76,6.5,21.4,16.02,14.23,19.74,11,15.5,10.93,13.27,14,17,25.2,14.96,6.14,-1,24.3,,10.3,,13.3,21.4,10,,11,12.9,19.12,,7.85,19,12,5,-7,31,0.618494354,0.798972415
Oregon,Oregon St.,34.5,37.56,33.12,32.6,40.62,25.99,51,28.67,,36,35.5,42.05,18.84,37.75,35.54,45,,33.58,45.36,23.83,43.99,,44.81,31,40.5,37.47,37.47,36.16,35,25,36.25,49.14,37,34,44.4,41.97,38.3,52,44.8,,37.8,,34.6,42.1,34.5,,52.45,42.7,32.91,,8.14,7,41,5,34,48,0.572270816,0.982820818
Rutgers,Iowa,-2,2.98,-3.11,0.38,7.21,2.72,2.69,-0.31,,2,3.45,-5.72,5.8,0.85,0.72,5,,-1.62,2.59,-3.32,4,,1.12,-7.5,-3.3,1.12,2.57,2.3,-2.5,-3.3,1.71,0.05,-2,-3,-0.2,2.1,7.22,7,0.6,,1.8,,-2.6,-0.3,-1.5,,0.4,2.18,5.29,,3.55,38,28,5,-10,66,0.569540908,0.520836952
San Diego St.,California,-13,-9.74,-14.11,-8.68,-9.44,-15.58,-14.25,-15.73,,-12.5,-9.5,-24.18,-12.32,-14.66,-19.41,-10,,-9.79,-23.17,-15.31,-14.5,,-17.02,-6.5,-17.4,-14.8,-16.16,-9.39,-12,-11.5,-10.84,-12.47,-13,-11,-14.8,-19.95,-7.57,-17,-16.7,,-16.6,,-14.9,-14.8,-13,,-25.7,-16.09,-19.83,,4.54,0,34,5,34,34,0.459954844,0.187279106
South Alabama,Coastal Carolina,15.5,17.45,13.1,13.77,19.86,19.83,23.16,18.24,,9,18.4,22.89,18.43,17.05,17.92,16,,10.91,23.17,6.03,22.3,,16.95,10.5,13.6,17.8,13.5,14.59,15,6.8,14.99,23.92,14,15,19.3,18.42,11.79,30,20.6,,17.8,,15.3,19.3,15.5,,20.25,19.23,16.81,,5.37,38,20,5,-18,58,0.536849169,0.845539317
TCU,SMU,7,4.63,6.97,1.77,16.42,22.24,6.12,9.23,,5.5,4.06,5.37,9.19,8.2,10.35,11,,6.04,13.44,0.75,11.28,,7.92,0.01,7.7,6.64,8.77,3.55,7,4.8,4.5,7.17,6.5,3,4.9,10.5,6.64,13,4.8,,6.3,,5.2,4.4,7,,40.5,10.11,8.06,,7.14,24,35,5,11,59,0.527480419,0.681206299
Tennessee,UAB,39,34.9,34.56,31.38,35.43,38.93,44,31.11,,27.5,34.86,41.18,13.56,35.53,28.84,16,,31.79,37.67,31.16,42.83,,37.74,20.5,32.5,35.96,35.31,33.78,39.5,24.5,36.29,36.32,38,36,41.5,38.01,35.96,46,42.6,,38.5,,32.1,40.1,39,,52.8,43.31,28.77,,7.87,24,56,5,32,80,0.422362773,0.977538379
Texas,Sam Houston St.,39.5,40.56,37.39,30.62,35.76,33.07,48.12,36.7,,30,40.75,38.51,19.49,37.58,38.53,19,,41.26,37.44,24.66,42.81,,44.04,15.5,37.9,38.51,31.64,42.01,39.5,32.5,37.95,35.67,40.5,36,45.4,43.07,35.44,42,44.9,,42.8,,40.9,44.4,39.5,,47.85,41.34,29.92,,8.03,0,55,5,55,55,0.457029533,0.982670121
USC,Michigan St.,19,14.67,19.25,18.81,18.51,15.36,20.58,18.02,,17,14.01,23.03,5.23,18.33,15.1,14,,19.22,11.22,11.4,26.03,,18.62,17.5,20.4,18.62,20.62,12.5,18,12.1,24.27,23.01,16,15,15.2,19.92,14.65,23,16.2,,20.8,,18.8,15,19,,35.85,25.53,19.75,,5.48,31,45,5,14,76,0.484088873,0.86245694
UTEP,Louisiana-Monroe,7,8.8,5.13,10.13,14.01,-3.73,11.13,13.6,,2,10.96,8.25,8.75,6.31,3.61,9,,3.31,8.37,-3.55,17.35,,6.21,8,2.5,7.7,8.35,5.6,6,4.9,7.92,11.36,5,7,-4.5,4.8,2.93,16,-2.8,,10.4,,7.9,-1,7,,7.7,9.45,4.81,,5.45,31,25,5,-6,56,0.483605423,0.646510938
Utah,Texas Tech,3.5,7.02,6.82,11.92,14.48,6.65,11.03,6.05,,6,6.07,6.87,6.05,5.68,11.28,-2,,4.47,5.83,1.75,7.83,,6.42,-5,1.8,6.07,3.84,5.88,3,2.8,3.73,7.82,4.5,3,10.1,6.3,-4.37,14,10.2,,2.5,,2.9,8.1,4,,-2.35,10.78,-5.39,,4.64,34,10,5,-24,44,0.552433831,0.634365863
Vanderbilt,Georgia St.,28,32.25,27.57,26.81,29.24,30.57,44.31,21.31,,21,31.57,28.18,16.75,33.16,34.37,27,,33.03,47.2,27.8,36.91,,33.39,13.5,23,33.03,33.56,29.32,27.5,23.5,30.59,36.86,27,39,40.3,39.55,38.53,47,39.4,,36.7,,36,37.7,28.5,,62.6,37.32,27.78,,9.14,21,70,5,49,91,0.610914159,0.964876938
Virginia,Stanford,16,12.31,8.85,14.59,15.56,9.83,15.16,6.34,,12,12.4,8.53,2.06,10.59,7.32,20,,13.56,6.37,5.58,11.17,,8.93,5.5,9,10.5,9.12,11.55,16,9.9,8.54,10.09,15,10,10.5,10.85,6.75,10,11.9,,11.3,,12.4,11.2,15,,12.35,10.84,19.26,,3.32,20,48,5,28,68,0.369345956,0.743118688
Washington St.,Washington,-20,-12.93,-12.92,-11.38,-9.88,-13.7,-19.34,-11.17,,-8,-13.29,-9.86,-6.66,-14.72,-7.45,-24,,-24.05,-25.14,-10.7,-22.35,,-15.6,9,-11,-14.7,-15.03,-11.13,-20,-16,-20.98,-16.55,-19.5,-20,-20,-14.7,-17.88,-19,-18.5,,-24.1,,-19,-19.3,-19.5,,-13.2,-19.33,-10.67,,6.53,59,24,5,-35,83,0.620816327,0.195550476
Western Kentucky,Nevada,9.5,14.23,12.28,13.89,10.84,18.14,15.81,9.48,,18.5,15.02,6.61,2.43,11.68,11.36,15,,14.47,6.63,15.63,12.18,,16.29,14,7.9,13,10.45,14.07,10.5,8,8.88,16.65,10.5,13,0.8,17.15,15.13,13,0.6,,14.7,,10.7,1.6,9.5,,0.7,9.26,19.96,,5.16,16,31,5,15,47,0.551952287,0.757943753
Western Mich.,Toledo,-14,-7.38,-9.54,-14.83,-14.18,-9.09,-14.61,-6.05,,-14.5,-6.95,-10.81,-8.19,-12.11,-6.47,-24,,-15.48,-8.29,-9.27,-17.63,,-13.73,-3.5,-11.3,-12.4,-10.4,-4.92,-14.5,-17,-9.87,-11.62,-12,-17,-12.8,-15.4,-17.57,-19,-12.8,,-16.8,,-12.2,-12.4,-14,,-6.4,-18.48,-18.41,,4.56,13,14,5,1,27,0.545555096,0.231700778
Wisconsin,Maryland,10,11.59,6.28,2.11,-0.53,3.45,11.84,6.09,,1.5,11.79,3.56,3.16,7.49,5.27,-14,,9.72,7.31,11.63,5.43,,3.05,5.5,5.6,7,4.42,12.61,10,7,4.98,8.95,7,7,12,5.95,16.52,3,12.9,,10.3,,7.8,11.2,10,,8.85,18.87,-0.45,,5.66,27,10,5,-17,37,0.440802842,0.67163365
Air Force,Hawaii,6.5,4.4,8.09,1.22,3,3.55,4.61,7.03,,4,4.55,6.73,-6.78,2.5,-1.47,-1,,10.44,-0.93,-0.59,2.63,,-0.66,-1,4.3,3.28,2.27,3.93,6.5,5.1,3.75,5.99,5.5,3,1.4,0.19,6.77,5,1.1,,5.2,,-0.1,1.4,6,,-2.6,6.2,7.54,,4.6,44,35,6,-9,79,0.404382566,0.560115527
Arizona St.,TCU,3,6.71,-1.24,-0.53,-2.84,-7.32,6.75,-0.27,,0.01,6.7,-3.09,-1.04,0.41,-2.59,-4,,3.49,1.66,3.08,-2.35,,1.07,5.5,0.3,0.88,-0.36,7,3,1.7,0.2,2.18,3,3,5.1,0.7,3.68,-6,4.1,,1.7,,2.3,3.4,3,,-9.2,1.12,0.34,,4.99,24,27,6,3,51,0.438150621,0.509829388
Arkansas,Notre Dame,-4.5,-3.29,-7.71,7.1,-1.26,1.34,-1.52,-7.11,,-6,-3.44,-12.41,-0.21,-4.85,-1.31,9,,-4.23,-2.83,-3.19,-7.16,,-0.24,-4,-10.9,-4.05,-3.47,-6.8,-4.5,-4,-1.49,-6.37,-6,-7,-9.9,-1.96,-9.88,-8,-10.7,,-5,,-4.1,-9.7,-4.5,,-1.79,-8.24,-12.5,,4.57,56,13,6,-43,69,0.491547866,0.384530116
Boise St.,Appalachian St.,16,21.01,16.9,3.62,11.42,12.44,25.66,13.78,,14.5,20.93,13.39,6.08,17.99,18.4,4,,16.34,17.09,21.93,18.82,,19.81,22,16,18.4,13.51,20.48,16,17,12.67,22.03,14.5,,26.5,18.2,35.18,23,26.8,,19.2,,17,24.6,16,,9.35,25.95,25.16,,7.61,14,47,6,33,61,0.545005931,0.846615792
Boston College,California,6.5,9.12,4.98,6.71,-1.64,-1.59,9.21,3.46,,-2,10.03,0.16,-5.53,5.07,0.4,-2,,6.58,10.05,0.61,6.46,,-0.06,2,0.5,5.57,5.72,8.89,6.5,4.4,8.64,7.44,6.5,9,12.8,1.75,11.02,-2,10.4,,8.7,,4.5,10.6,6.5,,5.42,13.46,15.8,,5,28,24,6,-4,52,0.465763942,0.6196779
Buffalo,Connecticut,-3.5,1.09,-2.02,-2.15,-5.78,9.29,2.44,0.74,,4.5,-0.61,-0.5,-5.25,-0.96,-1.52,-3,,2.34,10.94,3.14,-8.03,,-0.16,3.5,1.9,-1.05,-4.12,0.86,-3.5,-1.8,-3.33,-5.68,-3,3,-0.8,-3.15,5.57,-6,-1.3,,-2.2,,-0.7,-1.4,-3.5,,-6.3,-8.03,-9.25,,4.41,20,17,6,-3,37,0.561265225,0.476766016
Central Mich.,Eastern Mich.,4.5,7.59,4.6,6.43,6.54,5.58,8.7,-0.73,,9,7.25,-5.28,7.5,4.73,11.63,5,,3.97,0.15,8.19,4.7,,7.44,2.5,-0.2,5.29,4.64,7.51,6.5,3.2,0.11,5.48,6,11,4.5,5.6,7.01,5,5.1,,7.5,,-0.7,4.3,4.5,,-3.65,5.74,18.65,,4.16,13,24,6,11,37,0.505591505,0.613421509
Colorado,BYU,-7,0.25,-6.98,-21.8,-6.52,-14.56,-7.24,-5.49,,-8.5,1.94,-1.07,-6.59,-7.31,-9.3,-15,,-10.89,-16.72,-5.61,-13.89,,-11.16,1,-8.3,-6.98,-10.21,3.23,-6.5,-4.7,-8.22,-5.89,-5.5,-10,0.1,-9.8,-5.23,-21,0.3,,-10.9,,-6.6,-0.7,-7,,-3.38,-6.98,-13.61,,5.93,24,21,6,-3,45,0.492702785,0.333107965
Colorado St.,Washington St.,6,8.44,-4.43,13.33,-0.78,2.75,10.44,0.83,,-3,9.17,3.5,-6.98,3.76,-4,-2,,6.7,15.09,4.19,1.65,,4.96,6,-0.3,3.96,-3.17,6.73,5.5,3.4,7.53,3.09,3.5,7,3.9,0.35,8.32,3,3.1,,8.9,,10.1,5.1,6,,4.5,4.02,4.01,,5.09,20,3,6,-17,23,0.446555458,0.589223392
East Carolina,Army,4,7.72,0.47,20.89,4.65,4.54,11.19,-0.61,,4,7.79,-5.73,7.35,3.17,8.68,10,,7.27,-0.23,-5.59,6.02,,6.1,-1.5,-5.2,3.36,2.55,5.4,4,3.2,7.1,-2.29,3.5,3,-1.6,2.8,-6.64,7,-0.7,,9.4,,3.6,0.01,4,,3.53,2,-1.72,,5.66,6,28,6,22,34,0.480361899,0.574593623
Florida Atlantic,Memphis,-14,-12.69,-16.36,-21.69,-15.48,-25.28,-19.34,-18.13,,-25.5,-12.26,-23.74,-12.7,-20.15,-23.55,-19,,-14.68,-31.62,-24.64,-20.89,,-25.47,-10.5,-17.7,-20.49,-14.17,-11.52,-13.5,-8.1,-12.27,-20.37,-13.5,-21,-20.6,-29.05,-16.84,-32,-22.1,,-16.8,,-16.8,-19.3,-14.5,,-32.4,-23.97,-23.81,,6.31,55,26,6,-29,81,0.359406278,0.119067001
Georgia,Alabama,3,3.81,0.53,3.41,2.94,12.24,2.14,3.58,,14,3.58,2.86,10.4,3.9,15.12,-1,,-0.64,8.43,7.61,-4.51,,6.62,4,3.4,2.9,-3.68,5.4,3,2.8,1.21,2.68,3.5,6,1.4,5.95,2.37,-1,1.9,,-3.2,,0.2,2.5,3,,-4.2,-1.7,19.8,,4.72,24,21,6,-3,45,0.521669429,0.593085937
Illinois,USC,-7,1.15,-6.23,-13.54,-3.84,-0.06,1.02,-4.29,,-5,0.3,-6.47,-0.78,-3.26,1.77,-15,,-3.01,2.68,4.57,-10.09,,1.02,-0.5,-7,-2.91,-7.84,1.3,-7,-4.8,-6.33,-4.02,-5.5,0.01,1,-2.8,6.31,-1,0.9,,-6.3,,-8.3,0.5,-6.5,,-6.38,-7.8,-7.93,,5.8,32,34,6,2,66,0.587571788,0.423518417
Iowa,Indiana,-8,-3.31,-5.99,-16.39,-17.9,-2.73,-8.13,-6.59,,0.01,-3.51,-8.86,-14.71,-9.63,-5.52,-19,,-8.22,-13.63,-3.41,-28.56,,-2.1,-7.5,-5.4,-7.5,-14.35,-1.35,-8,-6.7,-8.73,-14.15,-7.5,-5,-4.2,-8.05,-7.5,-34,-6,,-13.3,,-6.7,-4,-8,,-13.48,-19.65,-21.21,,7.42,20,15,6,-5,35,0.46294055,0.291293878
Iowa St.,Arizona,6,10.78,10.92,-3.97,-1.92,13.9,10.45,5.89,,14.5,10.39,12.2,2.08,8.32,5.63,-5,,6.02,8.91,15.31,0.6,,11.97,16.5,10.5,10.42,6.38,12.47,6.5,5.2,2.68,11.37,7,12,12,7.65,17.97,-3,11.7,,3.6,,5.2,11.1,6,,1.43,8.42,15.16,,5.98,14,39,6,25,53,0.554390881,0.688095759
James Madison,Georgia Southern,17,13.46,13.06,27.41,15.71,17.92,18.65,13.63,,10.5,13.43,18.63,8.21,14.1,13.46,13,,19.34,13.94,8.91,15.93,,13.28,11,14.1,13.79,11.06,11.09,17.5,15,9.71,16.04,16.5,14,6.8,15.05,10.78,17,9.8,,14.5,,13.5,9.3,16.5,,23.75,17.22,14.81,,4.23,10,35,6,25,45,0.429941951,0.804626075
Kansas,Cincinnati,4.5,7.51,4.79,1.98,3.73,17.1,9.17,7.82,,11.5,7.07,10.04,7.74,7.81,11.79,-1,,6.11,15.38,7.74,2.74,,12.95,3.5,6.3,7.51,3.74,7.16,4.5,3.5,5.01,8.11,6.5,8,11.9,10.83,-2.13,6,12.8,,4.1,,7.5,10.9,5,,19.75,3.69,6.51,,4.7,37,34,6,-3,71,0.579230714,0.681439658
Kansas St.,Central Florida,6.5,6.17,4.63,-15.18,0.1,-2.15,1.45,5.73,,-1.5,7.11,3.45,-5.44,1.63,-2.93,-24,,4.45,2.48,5.76,-1.61,,-1.08,8,3.5,2.7,-4.53,9.63,6,4.4,1.6,2.34,6.5,3,3.3,-4.55,17.9,-12,2.9,,-1.4,,5.3,4.7,5.5,,4.7,8.31,2.5,,7.41,20,34,6,14,54,0.390512356,0.53706484
Kennesaw St.,Middle Tenn.,7.5,8.41,-2.47,9.44,12.98,10.5,8.47,7.88,,5,10,4.97,16.73,7.88,15.43,9,,5.03,11.69,9.4,13.74,,8.77,2.5,4.5,7.88,7.04,7.39,7.5,2.6,5.9,8.49,6.5,,4.2,8.05,3.35,18,4.4,,9.4,,3.2,3.9,7.5,,6.22,10.01,14.35,,4.53,16,24,6,8,40,0.509181912,0.683430667
Louisiana-Lafayette,Marshall,1.5,3.72,-2.36,-5.18,-2.81,-5.64,0.16,2.41,,-2.5,3.5,-4.75,-5.56,-1.01,-4.62,-5,,1.49,6.29,3.96,-5.46,,-7.37,4,0.1,-1.78,-2.72,6.54,-1,2,-0.44,-4.24,3,-1,-2.2,-3.85,10.08,-3,-2.7,,0.7,,3.2,0.01,1,,-1.45,-3.14,-13.05,,4.01,51,54,6,3,105,0.439083748,0.475407441
Louisiana-Monroe,Arkansas St.,1.5,3.68,-0.6,10.06,-4.54,6.97,6,-3.38,,5,1.86,0.7,2.47,1.44,6.24,-2,,3.63,-0.95,5.19,-6.66,,4.54,2.5,1.3,2.27,-1.46,3.34,1.5,0.1,1.68,-1.23,2.5,2,6.5,4.9,-0.83,-5,5.7,,0.6,,2.4,4,1.5,,-15.15,2.13,2.78,,4.72,16,28,6,12,44,0.498554602,0.534645965
Minnesota,Rutgers,5,7.83,5.93,7.4,0.26,7.16,9.56,-1.33,,4,6.57,-0.63,-1.68,3.01,1.4,1,,4.9,1.22,3.15,-1.42,,3.72,11.5,4.1,3.13,2.84,8.16,5,3.1,1.15,3.79,6,4,3.7,1.75,-0.86,-2,2.9,,2.5,,1.2,3.6,5,,-3.35,6.48,5.8,,3.39,28,31,6,3,59,0.45121366,0.573555514
Mississippi,LSU,1.5,4.02,9.18,-1.35,6.81,5.8,4.95,7.99,,7,4.18,13.48,2.27,5.55,4.2,10,,2.07,10.97,0.4,9.11,,2.91,13,9.3,4.88,10.83,2.88,1.5,0.8,6.49,11.27,2.5,1,1.7,5.25,-1.65,10,2.3,,4.8,,0.01,1.8,2,,17.57,8.36,1.32,,4.51,19,24,6,5,43,0.59692465,0.631670836
Mississippi St.,Tennessee,-7.5,-5.27,-11.28,2.71,-7.78,-10.26,-4.45,-5.94,,-3.5,-5.4,-13.95,3.18,-7.03,-6.84,4,,-6.07,-9.61,-5.36,-10.53,,-7.23,-14,-10.5,-7.29,-7.36,-7.77,-8,-7.2,-6.58,-12.2,-9.5,-7,-8,-2.8,-10.69,-10,-8.9,,-6.9,,-4.4,-9.2,-7.5,,-9.47,-7.35,-9.82,,4.41,41,34,6,-7,75,0.511378904,0.334804622
Missouri,Massachusetts,44.5,43.04,42.41,54.31,44.56,46.58,53.2,44.4,,41.5,43.18,47.79,19.45,45.43,50.54,46,,43.78,52.16,40.3,54.57,,48.5,25,44,45.21,42.87,42.15,44.5,32.5,44.46,47.8,42,50,50.9,45.86,49.18,56,50.8,,49,,42,48.9,44.5,,68.93,46.41,35.92,,8.3,6,42,6,36,48,0.520703907,0.994398137
Missouri St.,Western Kentucky,-4,-1.38,-6.86,-11.79,-6.95,-24.48,-0.99,-3.45,,-13.5,-2.3,-4.67,0.92,-4.63,3.85,-14,,-5.54,-26.69,-5.62,-9.87,,0.25,-9.5,-6.3,-4.83,-5.51,-2.07,-5,-6.8,-1.16,-2.6,-5.5,-5,0.5,-6.3,-3.5,-8,2.2,,-6.7,,-7.2,-1,-4,,6.22,-2.82,13.48,,6.56,27,22,6,-5,49,0.485371512,0.393756141
NC St.,Virginia Tech,10.5,8.05,3.18,16.11,14.08,10.35,8.32,6.6,,17,8.34,5.83,14.67,9.19,9.96,14,,6.36,6.6,6.9,8.71,,6.95,5,5.5,8.03,7.96,8.2,10,4.4,3.53,2.84,8.5,8,2.4,14.7,8.24,7,3.4,,8.3,,8.2,4.5,10,,31.88,5.93,13.91,,6.22,23,21,6,-2,44,0.469379407,0.705050613
Navy,Rice,14.5,19.43,18.48,11.84,15.2,22.44,20.17,11.51,,11.5,20.28,11.06,14.09,17.12,15.06,19,,17.54,15.82,14.27,19.4,,12.05,17,17.3,17.4,11.29,20.81,14.5,14,15.64,18.39,14.5,22,18.2,20.3,28.19,14,17.5,,20.4,,19,16.7,14.5,,10.4,22.03,22.96,,3.84,13,21,6,8,34,0.563721962,0.852724958
New Mexico,New Mexico St.,15,14.48,13.45,10.01,12.51,10.11,17.62,16.57,,7,16.14,20.31,-4.9,15.7,20.08,1,,15.79,34.29,12.73,19.28,,13.41,14,16.2,14.69,14.16,12.14,14.5,11.3,16,24.13,13,13,15.1,18.2,8.11,23,14.9,,15,,10.6,13.9,15,,49.4,16.92,22.19,,8.57,20,38,6,18,58,0.515476617,0.807935902
North Texas,South Alabama,13,11.99,8.93,29.3,21.11,15.9,14.97,11.6,,18.5,14.24,10.92,18.05,16.99,16.93,29,,16.06,23.66,15.67,29.22,,14.46,9.5,11,15.98,12.91,8.93,13,13.8,11.48,19.4,10.5,17,6,28.35,16.06,19,5,,16.5,,13.3,5.6,13,,28.02,25.54,29.99,,7.54,22,36,6,14,58,0.589809734,0.833186892
Northern Ill.,San Diego St.,-2.5,1.93,-0.95,-18.68,-0.91,-9.52,0.86,-0.56,,2.5,0.24,-3.79,-5.82,-2.47,-2.83,-17,,-8.03,-2.55,1.74,-8.96,,0.34,15.5,3.6,-2.63,0.85,3.83,-2.5,-3.6,-1.51,-2.84,-3,-5,-2.3,-4.9,-6.85,-13,-3.2,,-6.7,,-2.7,-1.7,-2.5,,-3.57,-2.28,10.99,,6.05,6,3,6,-3,9,0.500704495,0.442200282
Northwestern,UCLA,6.5,6.11,-0.11,28.07,15.35,4.28,9.01,5.65,,4.5,7.79,3.27,14.85,8,9.61,14,,12.2,14.4,2.47,13.56,,4.46,-3.5,0.4,7.1,7.53,2.22,6.5,4.1,6.91,6.79,6,7,6.9,9.8,12.7,20,7.2,,8.5,,7.5,7.4,6.5,,11.1,6.25,5.5,,6.12,14,17,6,3,31,0.535125353,0.680889683
Ohio,Bowling Green,7.5,10.59,9,10.42,7.12,9.75,11.94,12.38,,9,10.49,5.25,4.65,9.99,14.02,1,,9.7,17.19,10.03,7.22,,12.39,13.5,11.9,10.19,6,10.66,8,7.3,5.51,9.19,11,13,13.3,11.08,16.3,11,13.3,,10,,10.2,12.1,8,,9.58,6.64,3.35,,3.37,20,35,6,15,55,0.560973498,0.730920732
Oklahoma St.,Baylor,-21,-9.87,-6.4,-18.03,-8.7,-12.36,-12.67,-12.8,,-4.5,-11.85,-20.81,-8.48,-16.51,-12.11,-17,,-15,-30.07,-15.63,-18.73,,-10.4,-13.5,-11.4,-16.67,-13.34,-8.71,-20.5,-15,-12.16,-18.14,-19.5,-19,-18.6,-18.55,-22.87,-31,-19.8,,-18.7,,-17.7,-18,-20.5,,-36.35,-19.91,-21.98,,6.88,45,27,6,-18,72,0.602376349,0.169989311
Old Dominion,Liberty,14.5,17.14,12.11,30.99,24.61,7.76,25.26,15.24,,8.5,17.3,14.5,17.95,18.01,23.19,19,,19.67,26.42,6.28,32.64,,21.2,4,12,17.37,17.43,13.21,16,8.4,17.62,21.88,14,17,12,25.2,4.95,42,11.1,,18.1,,9.4,9.6,14.5,,32.25,25.43,24.36,,8.73,7,21,6,14,28,0.576818819,0.839937862
Oregon St.,Houston,-13.5,-6.45,-9.37,-32.92,-16.72,-13.13,-11.53,-9.69,,-9.5,-6.02,-10.38,-13.29,-14.03,-22.47,-31,,-15.89,-11.86,-5.84,-18.62,,-17.45,-0.5,-10.7,-13.14,-13.14,-5.13,-13.5,-8.4,-10.07,-21,-11.5,-15,-21.5,-24.85,-4.38,-20,-19.6,,-12.4,,-11.3,-16.4,-13.5,,-23.63,-20.35,-21.35,,7.43,27,24,6,-3,51,0.487939823,0.211747816
Penn St.,Oregon,4,3.12,0.3,-11.17,-4.42,4.92,-0.41,1.08,,-1,3.65,-1.85,-3.42,-0.42,2.86,-1,,5.32,0.33,3.69,-5.58,,1.32,0.5,-5.6,0.41,-6.24,5.94,3.5,3.3,0.18,-2.88,3,4,4.2,2.1,-1.24,-9,3.9,,-2.1,,1.4,2.8,3.5,,-16.32,2.82,-2.35,,4.87,30,24,6,-6,54,0.39505139,0.489910688
Pittsburgh,Louisville,-4.5,0.33,-5.65,-2.21,-5.55,-5.48,1.6,-10.47,,-10,-0.23,-8.39,-9.27,-6.18,-8.1,-6,,-2.25,-12.34,-3.27,-9.46,,-9.08,-3,-10.8,-5.62,-2.93,-1.39,-4.5,-3.4,-1.78,-7.93,-3,-6,-5.6,-10.5,-4.61,-5,-7.3,,-3,,-4,-5.4,-4.5,,-6.67,-7.12,-15.78,,3.44,34,27,6,-7,61,0.458813281,0.351804915
South Carolina,Kentucky,5.5,11.18,3.85,-9.51,-4.2,-0.25,12.99,3.15,,3.5,10.05,5.23,-0.93,5.05,5.42,-5,,2.79,9.51,12.72,-1.93,,10.09,16.5,0.3,4.96,2.48,12.1,6,6.9,1.75,7.09,7,8,12,3.85,9.34,-8,12.5,,3.9,,4.7,11.5,5.5,,-3.85,8.22,4.34,,6.56,13,35,6,22,48,0.489549738,0.615620613
Southern Miss.,Jacksonville St.,4,3.85,-9.2,0.48,5.29,2.95,3.67,-2.2,,-4.5,3.6,-12.6,8.47,-0.98,-0.39,2,,2.01,-4.85,-4.54,0.65,,-0.38,-12.5,-9.3,-0.38,-6.46,3.99,4,0.6,0.03,-13.65,3.5,0.01,-0.7,-1.4,7.2,4,-3.5,,-0.9,,-0.4,-0.3,3.5,,8.22,-2.83,-2.21,,5.76,25,42,6,17,67,0.38403558,0.47686145
Stanford,San Jose St.,3,8.03,5.03,1.65,8.08,1.53,8.35,4.35,,0.5,8.7,1,7.26,6.54,9.53,3,,5.48,7.51,7.36,,,6.78,1,3.6,7.31,9.47,7.66,3,-1,7.04,,1.5,4,9.1,7.35,2.7,11,5.8,,8.3,,-0.6,5,3.5,,20.38,7.56,10.92,,4.23,29,30,6,1,59,0.585309272,0.654728313
Syracuse,Duke,-4.5,10.21,4.8,9.85,8.28,4.58,11.74,5.23,,9.5,10.42,4.59,6.71,7.23,9.12,1,,4.43,12.39,7.09,9.43,,4.45,3.5,6.5,7.76,7.14,9.75,-5.5,-3,-2.98,8.59,-4.5,10,4.3,10.5,4.61,12,3.6,,8.8,,2.2,4.3,-3,,11.45,7.38,13.57,,3.79,38,3,6,-35,41,0.763855496,0.671124608
Texas A&M,Auburn,6.5,10.35,6.9,-2.66,6.98,6.22,11.36,8.68,,10,9.62,6.13,5.8,7.63,4.58,2,,7.89,6.45,4.15,9.06,,6.77,8.5,6.6,7.53,4.77,11.51,6.5,6.8,5.06,7.85,7.5,5,10.3,7.79,10.98,1,10.1,,5,,5.2,9.3,6.5,,7.93,13.66,15.93,,3.22,10,16,6,6,26,0.527807643,0.681191802
Toledo,Akron,21,23.35,20.5,25.58,27.5,20.94,27.2,23.01,,20.5,24.73,21.18,15.47,23.03,16.97,17,,22.27,16.19,17.53,30.04,,15.71,15.5,23.3,22.14,20.61,22.56,21,23,18.34,19.16,21.5,22,19.9,24.5,28.38,36,21.7,,26.3,,23.6,21,21,,40.18,24.58,20.07,,5.88,3,45,6,42,48,0.547729859,0.913173778
Tulsa,Tulane,-15,-12.37,-15.86,-3.21,-9.22,-11.44,-13.06,-14.77,,-15.5,-12.54,-28.58,-1.73,-16.17,-11.91,-3,,-14.06,-21.66,-20.47,-13.4,,-14.69,-17,-16.9,-15.93,-16.01,-15.3,-15,-16,-11.97,-19.41,-13.5,-17,-24.6,-21.35,-19.65,-26,-25.9,,-13.5,,-12.9,-23,-15,,-17.1,-19.37,-17.89,,6.16,31,14,6,-17,45,0.472610208,0.171155691
UTEP,Louisiana Tech,-3.5,-0.49,-4.17,-7.21,-13.27,-9.58,-3.03,-3.66,,-8,-0.89,-7.88,-12.16,-7.52,-3.3,-18,,-6.27,-12.02,-2.67,-13.87,,-10.49,-1.5,-6.8,-6.56,-6.39,0.74,-4,-2.8,-3.24,-6.72,-2.5,-5,-2.4,-14.7,-3.55,-20,-3.4,,-7,,-6.8,-2.8,-3.5,,-1.6,-11.39,-13.18,,7.16,30,11,6,-19,41,0.408713787,0.332925995
Vanderbilt,Utah St.,22.5,21.58,18.47,26.76,14,24.09,25.7,16.6,,17.5,20.63,22.67,14.17,24.42,24.98,14,,27.38,31.79,25.8,21.98,,19.73,9,21.7,23.05,24.81,22.69,22.5,23,22.85,20.74,22.5,21,37.8,23.1,33,29,35.5,,25,,27.2,33.6,22.5,,57.33,25.45,27.23,,8.42,35,55,6,20,90,0.542544063,0.912916568
Virginia,Florida St.,-6.5,0.35,-3.46,0.41,-9.33,-3.38,-2.98,-6.13,,-2,1.64,-2.9,-5.16,-3.74,-1.61,-13,,-9.44,0.57,-8,-12.56,,0.81,2.5,-2.5,-2.94,-6.7,0.36,-7,-7.8,-2.52,0.69,-6.5,-8,-1.2,-7,1.76,-24,-1.2,,-12.4,,-3.3,-3.1,-6,,9.03,3.82,0.94,,6.02,38,46,6,8,84,0.564575104,0.41281621
Wake Forest,Georgia Tech,-14,-10.25,-10.46,-12.31,-13.27,-8.67,-14.67,-6.94,,-10.5,-10,-19.92,-8.37,-14.25,-18.73,-8,,-13.75,-16.55,-17.29,-14.49,,-14.68,-2.5,-6.7,-14.56,-11.78,-9.97,-14,-20,-11.77,-16.36,-14,-14,-16.8,-15.98,-19.05,-21,-17.7,,-17.5,,-15.8,-16.8,-14,,-30.02,-14.62,-18.25,,4.99,30,29,6,-1,59,0.494006166,0.195883257
Washington,Ohio St.,-7.5,-5.97,-15.53,-4.57,0.52,-15.12,-6.89,-11.31,,-16.5,-5,-13.76,1.89,-8.38,-10.29,1,,-6.03,-20.15,-9.4,-1.58,,-12.63,-7.5,-15.5,-8.74,-6.33,-8.47,-8,-7.7,-4.83,-10.31,-9,-9,-12.5,-3.48,-12.19,-8,-13.3,,-11.8,,-11.2,-13.4,-7.5,,-1.05,-0.7,-11.27,,5.92,24,6,6,-18,30,0.479289581,0.310448782
West Va.,Utah,-12.5,-4.07,-8.02,-10.6,-14.28,-10.75,-8.44,-4.39,,-3.5,-4.1,-3.8,-5.82,-8.2,-3.67,-12,,-9.48,-1.81,-2.23,-15.51,,-6.99,3.5,-8.6,-8.32,-6.68,-2.47,-12.5,-13.5,-6.04,-8.84,-10,-10,-7.9,-9.8,-10.06,-16,-8.2,,-11.5,,-15.3,-8.7,-11.5,,-15.82,-12.09,-5.81,,4.47,48,14,6,-34,62,0.602849433,0.309522231
Akron,Central Mich.,-7.5,-2.46,-3.52,-5.4,0.37,-7.18,-4.54,-7.08,,-9,-1.34,-7.29,-6.4,-4.63,-2.44,-9,,-3.97,-5.16,-8.78,-1.21,,-3.66,1,-4.6,-4.76,-4,-3.16,-7.5,-3.7,-2.4,2.05,-6,-6,-4.1,-6.3,-7.1,-3,-5.2,,-5.7,,-6.1,-5.3,-7,,-8.45,-2.4,-10.04,,2.78,22,28,7,6,50,0.570667732,0.386950177
Alabama,Vanderbilt,11.5,12.28,18.35,7.11,7.64,-2.46,17.17,16.96,,12.5,12.88,10.52,-5.29,8.06,-7.09,-3,,12.3,2.32,7.22,10.14,,15.56,9.5,12.8,8.95,11.4,9.39,10.5,11.1,6.81,7.22,13.5,6,7.5,3.85,6.29,8,8.5,,13.7,,14,9.6,11.5,,15.82,5.51,-5.29,,6.09,14,30,7,16,44,0.419836773,0.682257014
Appalachian St.,Oregon St.,1.5,-0.07,-4.4,13.07,-4.33,-3.55,-4.72,-3.73,,10.5,-2.96,-0.76,5.55,-0.81,-0.03,5,,-1.31,-5.05,-4.46,-10.75,,0.94,8.5,-0.9,-1.31,-4.48,5.63,1.5,-1.5,0.19,1.33,1,,-0.2,-0.7,-8.92,-10,-0.8,,-6.4,,-3.8,-1.8,1,,-4.57,-6.7,16.76,,5.41,23,27,7,4,50,0.445223445,0.480739372
Arizona,Oklahoma St.,20.5,17.51,9.17,37.21,25.62,15.34,18.35,15.11,,15,17.62,18.29,16.97,20.39,20.42,24,,23.76,22.45,14.83,29.27,,14.73,7,10.3,18.32,20.23,18.93,20.5,17,16.53,19.25,20,18,13.7,30.1,19.77,33,14.4,,20.4,,15.9,14.1,20.5,,43.4,23.54,23.63,,8.2,13,41,7,28,54,0.497544206,0.873077934
Arkansas St.,Texas St.,-13.5,-10.04,-10.81,-20.37,-9.64,-5.91,-11.98,-8.14,,-11,-9.65,-13.6,-8.65,-11.81,-9.32,-14,,-13.91,-14.8,-8.05,-14.63,,-12.05,-10.5,-11.8,-11.49,-10.93,-11.48,-13.5,-11.5,-9.29,-15.6,-10.5,-12,-9.5,-17.15,-3.13,-18,-11.7,,-11.6,,-9.3,-10,-13,,0.75,-15.2,-18.54,,4.49,30,31,7,1,61,0.540799466,0.237019218
BYU,West Va.,19.5,18.08,16.66,30.69,25.3,23.33,20.88,18.61,,19.5,16.59,23.02,17.12,22.23,21.52,21,,23.69,23.32,11.77,33.49,,22.03,16.5,19.7,22.29,23.19,19.66,19,23.5,23.57,26.56,18.5,21,16.9,30.1,23.86,30,16.8,,20.9,,20.8,16.1,19.5,,22.55,30.04,28.96,,5.07,24,38,7,14,62,0.565066681,0.908902509
Ball St.,Ohio,-15,-11.16,-12.95,-18.86,-11.52,-20.43,-13.37,-12.76,,-15,-12.12,-24.12,-10.79,-16.76,-17.24,-17,,-16.23,-25.88,-15.14,-17.83,,-15.22,-16,-17,-16.65,-13.09,-11.24,-14.5,-16.5,-10.71,-16.8,-17,-18,-20.4,-17.85,-23.51,-20,-22.9,,-17.9,,-17.4,-19.7,-15,,-18.67,-14.05,-9.45,,4.56,14,20,7,6,34,0.457568609,0.155112069
Baylor,Kansas St.,5.5,6.65,1.04,8.68,-1.68,2.37,7.81,-0.91,,5,5.55,-1.07,5.98,4.8,8.05,5,,3.59,5.41,11.17,-3.13,,6.84,2.5,1.7,5.48,2.51,6.98,7,3.4,2.67,5.24,6,7,7.7,8.05,7.59,-2,7.3,,6.2,,4,5.9,5.5,,9.35,1.59,10.9,,3.54,34,35,7,1,69,0.48283522,0.616050658
Buffalo,Eastern Mich.,10,11.95,9.16,15.47,10.99,19.41,11.48,7.12,,11,12.83,5.25,10.38,10.94,10.27,10,,12.22,11.94,7.13,13.86,,9.79,15.5,7.4,11.24,9.4,12.81,10,12.8,4.68,14.4,7.5,16,13,9.1,20.19,9,14,,13.8,,9.2,12.1,10,,4.57,13.7,10.98,,4.15,30,31,7,1,61,0.52284084,0.747517374
California,Duke,-3,-0.34,0.54,2.37,-2.71,-8.07,0.01,-3.55,,1,-2.51,-4.77,-2.57,-4.65,-5.61,-4,,-1.91,-19.78,-3.2,-10.76,,-4.7,-1.5,-0.6,-3.53,-2.07,0.64,-3,-3.5,-2.92,-6.75,-3.5,-14,-3.1,-3.15,-10.14,-5,-4.9,,-4.2,,-8.6,-5.7,-3,,-6.7,-14.71,-3.43,,4.64,45,21,7,-24,66,0.460266984,0.389299593
Central Florida,Kansas,-4.5,0.89,0.48,5.55,-3.25,1.26,0.1,-2.73,,1.5,0.63,-5.15,-6.35,-1.96,-7.46,1,,-4.02,-6.79,-2.89,-5.23,,-1.56,6,-2.4,-2.2,0.28,1.05,-4,-3.5,-1.34,-2.33,-4,-2,-2.2,-3.15,-3.98,-2,-2.1,,-4.2,,-0.3,-2.2,-4,,-6.7,-2.56,-1.75,,3.06,27,20,7,-7,47,0.562420929,0.451752648
Cincinnati,Iowa St.,1,1.08,-4.93,2.57,2.29,-12.11,1.17,-1.37,,-9,1.97,1.11,-1.43,-2.58,0.53,-2,,-0.75,-2.16,-7.07,1.89,,-7.22,-6.5,-1.3,-1.95,-0.88,-0.66,1.5,-0.4,-0.39,-3.14,-1.5,-6,-5.1,-4.55,-11.44,-2,-4.8,,3.3,,-0.8,-4.2,0.5,,-3.4,-2.36,-4.24,,3.83,30,38,7,8,68,0.413236697,0.43723224
Connecticut,Florida Intl.,7,13.65,10.9,13.59,6.73,18.45,14.16,9.37,,15,14.01,11.88,8.57,13.16,12.01,6,,13.32,23.99,14.2,8.22,,10.6,14,7.9,13.05,11.19,14.38,7.5,10.8,7.36,12.56,10.5,14,16.6,14.7,22.38,11,16.4,,11.9,,12,15.3,8,,23.67,12.01,16.3,,4.39,10,51,7,41,61,0.645793865,0.787848172
Delaware,Western Kentucky,2.5,2.93,-8.74,1.79,3.41,-6.92,2.44,4.26,,-12.5,1.97,3.54,1.61,0.5,7.37,-1,,1.34,-12.95,-10.7,0.41,,-1.17,0.5,-2.9,1.79,-2.52,3.93,2.5,-2.5,1.79,-3.79,1,,3.8,3.15,6.98,4,3.9,,-0.2,,0.3,2.2,2.5,,10.4,0.6,5.12,,5.7,27,24,7,-3,51,0.452802792,0.51182523
Florida,Texas,-5.5,-2.62,-9.87,2.24,-1.26,-0.36,-3.9,-7.36,,-11.5,-0.48,-11.79,-6.8,-6.38,-7.62,-7,,-8.63,-6.66,-1.54,-5.95,,-11.16,-9,-11.6,-6.73,-8.72,-4.44,-7,-7,-7.9,-5.02,-6.5,-10,-4,-8.4,-6.22,-8,-5,,-4.7,,-9.2,-5.6,-5.5,,-11.58,0.9,-2.81,,3.89,21,29,7,8,50,0.478530897,0.348139727
Florida St.,Miami (Fla.),-4,-3.51,-5.25,-9.06,0.64,-4.79,-4.91,-5.09,,-7.5,-1.93,-13.8,-5.01,-7.09,-8.87,-1,,-9.3,-15.57,-9.46,-0.82,,-16.03,-12.5,-7.1,-6.4,0.58,-5.65,-4.5,-5.1,-3.97,-9.72,-3.5,-6,-11,-4.55,-15.83,4,-11.6,,-0.9,,-6.8,-9.5,-4,,-10.17,-11.94,-17.18,,5.03,28,22,7,-6,50,0.426395514,0.335140057
Fresno St.,Nevada,13.5,20.79,15.44,24.19,14.14,18.24,22.6,17.65,,22,20.42,18.62,17.67,18.93,24.37,20,,19.89,20.17,20.04,18.55,,22.57,10.5,15.1,18.58,15.17,22.45,13.5,10.1,14.6,17.09,13.5,18,15,25.41,21.68,25,17.8,,21.9,,15,16.4,14.5,,18.85,16.49,18.19,,3.75,17,20,7,3,37,0.630386891,0.877072465
Georgia,Kentucky,20,20.96,21.29,15.44,15.24,23.16,25.67,21.19,,21,19.29,19.72,12,19.23,16.7,11,,18.56,25.05,16.3,19.9,,24.1,20,20.1,19.81,14.07,21.42,21,22,16.81,22,-9,19,18.3,19.25,19.02,15,20.6,,20.6,,20.1,20.4,20,,18.9,21.87,18.52,,3.3,14,35,7,21,49,0.481062024,0.882183767
Georgia St.,James Madison,-20,-16.38,-15.65,-45.61,-15.46,-21.63,-25.06,-11.41,,-13.5,-16.34,-24.21,-8.36,-20.01,-17.55,-25,,-22.64,-18.74,-11.84,-24.43,,-22.92,-12.5,-17.4,-18.12,-17.75,-13.21,-20,-22.5,-13.18,-18.48,-19.5,-26,-9.9,-21.35,-25.9,-29,-12.8,,-21.9,,-24,-13.5,-20,,-34.78,-23.28,-16.64,,7.85,14,7,7,-7,21,0.499774706,0.129233818
Houston,Texas Tech,-12,-2.97,-6.54,2.78,-1.65,-15.42,-5.82,-5.8,,-3,-2.69,-8.97,-0.57,-6.79,-7.69,-13,,-15.84,-14.95,-4.74,-11.09,,-6.1,-8,-10.7,-6.32,-6.79,-2.31,-11.5,-9.1,-6.97,-1.71,-10.5,-9,-2.1,-1.27,-12.19,-11,-2.9,,-13.4,,-10.1,-4.5,-11,,0.55,-8.85,-17.17,,4.7,35,11,7,-24,46,0.623497036,0.340863156
Louisville,Virginia,6.5,8.94,10.69,5.36,0.99,9.27,6.66,7.88,,15.5,7.82,13.3,-0.12,6.85,6.22,1,,7.62,8.25,5.91,-3.83,,4.48,15,8.7,7.72,5.7,12.86,6.5,6.9,1.4,9.49,7,6,10.3,8.4,15.54,-6,12,,5,,5.1,11.5,6.5,,-4.15,3.1,9.51,,5.32,30,27,7,-3,57,0.508338754,0.658772319
Maryland,Washington,-6,-3.14,-2.84,-6.69,-3.55,-3.44,-6.36,-1.68,,2,-4.49,-2.45,0.08,-3.46,-0.61,1,,-0.72,-2.07,-1.89,-9.82,,-0.95,-2.5,-2.2,-3.32,-4.6,-0.44,-6.5,-4.4,-0.34,-10.15,-5.5,-7,-5.2,-1.05,-9.48,-7,-6.4,,-7.7,,-3.2,-5.1,-5.5,,-9.95,-10.88,12.46,,3.74,24,20,7,-4,44,0.561884907,0.415989854
Massachusetts,Western Mich.,-13,-12.37,-12.84,-25.76,-18.83,-17.14,-14.66,-9.24,,-14.5,-12.64,-10.2,-12.34,-14.58,-26.41,-19,,-14.97,-11.24,-9.02,-23.24,,-17.74,-8.5,-14.1,-13.27,-11.81,-13.51,-13.5,-8.9,-8.69,-14.69,-11.5,-17,-7.8,-12.1,-14.32,-32,-8.7,,-14.4,,-7.1,-8.9,-13,,-10.38,-18.9,-29.84,,5.49,21,3,7,-18,24,0.462530221,0.192701648
Memphis,Tulsa,21,28.06,24.41,26.23,18.92,22.05,35.4,21.49,,28.5,26.33,25.89,15.25,25.41,26.72,16,,26.58,33.24,28.08,24.2,,30.27,24.5,23.9,25.28,22.38,27.99,20.5,17.5,25.57,27.99,20.5,25,24.1,31.15,20.89,23,26.7,,22.4,,23.7,24.2,22,,30.05,27.89,23.35,,4.32,7,45,7,38,52,0.605674279,0.938772287
Michigan,Wisconsin,18,16.28,17.1,20.88,18.15,11.88,19.12,19.01,,17,14.69,14.52,15.5,18.15,20.13,14,,17.7,24.58,13.33,23.51,,20.33,12.5,15.8,17.93,15.38,17.36,17.5,15.5,16.01,18.52,16,19,17.1,25.2,10.32,19,18.7,,20,,13.9,18.3,18,,24.78,26.02,22.48,,3.74,10,24,7,14,34,0.503669006,0.86710982
Navy,Air Force,13.5,16.31,12,18.66,13.9,20.2,15.98,8.18,,20.5,14.21,13.14,17.16,17.54,18.8,24,,10.57,15.96,18.6,14.39,,17.92,27.5,15.8,16.74,13.81,21.05,12.5,9.3,13.15,17.5,9.5,15,21,30.1,14.18,12,19.6,,14.3,,14.6,18.7,14,,19.2,18.06,26.08,,5.21,31,34,7,3,65,0.595536195,0.853103523
Nebraska,Michigan St.,12,11.24,12.24,19.8,11.7,12.02,13.87,13.94,,8,12.31,16.34,7.25,13.17,10.52,10,,14.03,19.23,9.19,21.04,,12.44,8.5,14.8,12.67,15.76,9.18,11.5,8.3,13.44,15.93,11.5,15,12,11.9,11.17,16,13.9,,18.2,,11.7,12.9,12,,21.03,17.82,2.38,,3.65,27,38,7,11,65,0.528629832,0.790599625
New Mexico St.,Sam Houston St.,-2,4.7,-3.43,25.83,12.95,4.55,2.36,6.37,,6.5,2.88,-2.66,17.45,2.8,8.77,15,,-1.52,-2.36,-10.57,10.88,,2.12,-8.5,-0.2,2.24,-0.71,8.19,-2,-6.4,-0.28,0.54,-1.5,-1,-6.2,7.7,-6.78,9,-5.8,,3.1,,-2.2,-4.7,-2,,-11.18,6.88,10.56,,8.91,10,37,7,27,47,0.603986417,0.561121344
North Carolina,Clemson,-14,-5.09,-7.61,0.41,-9.96,-7.23,-8.83,-8.47,,-2.5,-7.25,-7.37,-1.68,-9.32,-5.4,-1,,-8.17,-12.19,-6.75,-13.07,,-6.76,-7.5,-8.5,-7.94,-3.54,-2.22,-14.5,-12.3,-8.26,-6.78,-13,-9,-17.4,-4.55,-22.39,-16,-19,,-14.5,,-13.1,-17.1,-13.5,,-23.25,-13.09,-7.71,,5.7,38,10,7,-28,48,0.60929956,0.290263164
Northern Ill.,Miami (Ohio),-5,0.53,-2.85,5.59,5.57,1.66,-2.78,1.9,,-0.5,0.15,-2.74,5.38,-0.35,4.14,-1,,-0.51,-2.22,-3.36,1.23,,-4.72,-3.5,1,-0.75,-0.99,2.76,-5,-3,-1.14,-4.12,-3,-4,-2.5,3.15,-10.24,1,-3.6,,-3.4,,-4.8,-1.9,-4,,7.9,-5.69,6.04,,3.73,25,14,7,-11,39,0.612235576,0.491438183
Northwestern,Louisiana-Monroe,11.5,9.69,20.18,1.42,13.54,-5.41,11.11,16.5,,5.5,12.77,18,-3.04,11.06,-1.36,3,,13.48,15.46,11.1,16.33,,5.36,4,9.7,11.1,17.16,6.28,11.5,12.6,10.71,16.54,12.5,9,18,7.7,15.77,11,17,,14.9,,13.8,16.8,11.5,,32.05,10.47,6.69,,7.35,7,42,7,35,49,0.489965965,0.736400097
Notre Dame,Boise St.,21,21.71,21.89,21.36,26.5,17.07,25.09,22.86,,13,21.69,21.72,14.96,21.74,20.23,4,,22.36,27.89,11.2,32.11,,14.5,10,20.9,21.81,22.67,21.92,20.5,17,18.87,27.8,17.5,14,23.5,19.95,13.25,27,22,,23.6,,21.2,22.3,21,,43.42,31.13,26.66,,7.17,7,28,7,21,35,0.516943439,0.894003072
Ohio St.,Minnesota,23.5,25.09,27.63,33.44,21.5,25.6,31.88,29.19,,23,21.6,29.78,17.49,25,28.47,12,,26.8,28.1,19.38,30.68,,31.6,12,26.6,25.05,20.82,27.4,24,24.5,23.19,27.83,24.5,25,21.1,19.81,16.69,31,22.6,,24.9,,23.3,23,23.5,,29.42,29.14,25.95,,5.19,3,42,7,39,45,0.535779363,0.932773297
Oklahoma,Kent,45.5,47.19,45.96,53.18,40.43,31.15,54.16,45.99,,37,46.42,54.62,19.34,47.31,41.95,35,,48.92,56.07,36.05,53.8,,52.32,22.5,47,47.57,44.93,49.96,45.5,37.5,46.38,50.42,44.5,53,59.2,47.95,45.71,49,61.2,,50.1,,52.2,56.7,45.5,,75.87,59.79,38.41,,10.66,0,44,7,44,44,0.53770811,0.993324583
Old Dominion,Coastal Carolina,20,18.7,11.48,28.39,27.24,9.79,22.82,13.65,,10,19.41,18.06,15.19,19.49,18.81,19,,19.53,17.95,9.51,30.74,,15.89,8.5,13.3,17.85,17.75,16.99,20.5,13.8,16.64,27.45,17,16,16.3,22.4,15.32,41,17.4,,22.3,,15.9,15.6,20,,38.25,24.9,22.99,,7.58,7,47,7,40,54,0.488435449,0.866058875
Pittsburgh,Boston College,6.5,9.34,4.51,0.66,8.78,14.43,9.8,7.75,,9.5,8.41,4.36,10.34,7.22,9.1,8,,8.49,8.1,10.74,6.93,,8.65,5.5,6.4,7.93,5.47,10.52,6.5,3.3,2.24,6.19,6,11,8.4,9.8,5.58,9,2.3,,5.5,,6.8,3.4,6.5,,3,8.38,9.14,,3.03,7,48,7,41,55,0.517768047,0.672477196
Purdue,Illinois,-8,-9.11,-7.6,-8.25,-6.34,-17.43,-10.91,-5.21,,-15,-7.64,-17.45,-9.16,-13.37,-11.31,-14,,-9.76,-15.03,-22.14,-8.5,,-15.94,-15,-10.5,-12.36,-9.53,-11.71,-9.5,-12.6,-6.99,-11.27,-10,-17,-21,-17.39,-36.4,-16,-21.1,,-14.2,,-9.9,-19.2,-8.5,,-2.2,-12.11,-19.04,,6.18,43,27,7,-16,70,0.376294377,0.216273477
Rice,Florida Atlantic,5,8.26,6.17,9.85,4.51,9.81,9.24,8.24,,13.5,6.21,6.04,14.04,9.57,12.02,7,,8.22,15.32,15.89,4.89,,14.12,5.5,6.9,8.89,7.14,10.07,5,2.5,2.31,11.41,3.5,8,12.2,15.75,8.54,7,12.3,,7.2,,7.1,9.6,6,,12.17,8.5,12.33,,3.95,27,21,7,-6,48,0.610019747,0.72073539
SMU,Syracuse,17.5,7.47,11.17,11.45,-1.06,5.9,6.1,12.11,,5,8.3,16.75,0.48,7.66,5.5,-1,,10.19,9.34,5.08,0.7,,6.8,14,9.8,7.64,5.41,8.29,17.5,10.7,11.47,11.54,14.5,5,8.9,1.4,7.13,-1,13.9,,7.8,,12.9,12.4,16,,4.88,13.17,6.74,,4.5,18,31,7,13,49,0.275472281,0.678757858
San Diego St.,Colorado St.,6.5,9.89,6.56,23.02,10.37,13.46,8.67,10.42,,10.5,9.24,3.47,16.07,10.44,16.32,17,,11.49,16.28,0.81,14.67,,9.16,-6,5.7,9.84,9.26,12.42,6,3,5.88,9.78,6.5,7,4.6,19.6,9.02,17,5.4,,8.8,,5.8,4.9,7,,15.6,10.8,20.36,,5.91,24,45,7,21,69,0.591965575,0.731165523
San Jose St.,New Mexico,2.5,7.26,2.45,-7.48,-7.19,-4.45,11.58,-0.14,,-0.5,7.08,-2.88,-8.18,-1.51,-5.63,-16,,0.02,-7.21,2.76,-8.74,,-0.41,-0.5,2.4,-0.7,-1.22,4.28,3,1.4,-0.93,-8.57,3,5,5.8,-9.8,14.01,-11,6.3,,-0.9,,4.2,6.1,2,,-7.9,-1.81,-10.64,,7.73,28,35,7,7,63,0.410163198,0.465921635
South Florida,Charlotte,28,31.01,21.85,28.41,34.88,28.66,35.64,23.6,,20.5,30.66,23.54,18.73,28.84,35.81,21,,30.28,27.77,32.02,41.72,,30.15,10,21.1,30.02,20.33,32.06,28,22,26.84,30.69,27,34,24.8,34.65,38.22,44,27.6,,34.8,,23.8,25.7,28,,36.2,35.46,30.19,,7.25,26,54,7,28,80,0.519193521,0.950778525
TCU,Colorado,13.5,11.09,10.68,12.6,5.88,15.2,13.03,11.34,,14,9.02,10.98,6.68,11,9.76,6,,15.3,18.09,12.88,3.11,,12.73,3,13,11.22,7.29,12.52,13.5,12.3,9.13,10.42,14.5,10,10,8.75,14.98,3,12,,10.2,,12.1,11.9,13.5,,20.23,6.89,15.5,,3.87,21,35,7,14,56,0.439194154,0.749607658
Temple,Texas-San Antonio,-6.5,-4.08,-8.56,8.16,3.32,-3.86,-7.19,-7.92,,-7,-4.29,-5.49,3.09,-4.31,3.79,5,,-6.94,-5.74,-7.14,0.75,,-6.72,-10,-5.7,-4.99,-2.5,-2.97,-6.5,-7.9,-1.78,-7.82,-6.5,-6,-4.5,-1.05,-11.92,4,-8.1,,-2.8,,-2.5,-6.5,-6.5,,-34.03,-5.9,5.69,,6.92,21,27,7,6,48,0.550321426,0.401717363
Texas A&M,Mississippi St.,16,18.02,10.91,5.15,10.47,5.94,18.47,12.22,,13,16.77,12.8,9.3,13.87,13.01,-2,,13.72,12.92,14.85,12.11,,13.49,16,11.1,13,7.85,21.98,14.5,16.5,8.96,15.81,13.5,11,16.7,12.6,16.55,9,17.7,,11.9,,11.6,17.1,16,,22.45,21.61,20.74,,4.85,9,31,7,22,40,0.44894559,0.798316659
Troy St.,South Alabama,0,6.62,3.4,7.79,3.25,10.35,6.53,3.58,,8,4.9,-1.62,5.26,4.45,8.47,2,,6.96,11.15,6.22,2.45,,7.63,-4.5,2.8,4.6,2.28,8.66,2,0.4,3.39,3.77,3,9,-0.9,7,5.37,1,0.3,,3.8,,4.3,0.01,1,,0.78,-2.96,10.84,,3.74,24,31,7,7,55,0.607521501,0.607521501
UAB,Army,-6.5,-2.75,-8.86,-4.11,-8.16,-0.84,-3.23,-7.93,,-0.5,-5.47,-14.58,-0.26,-7.73,-4.34,2,,-5.18,-6.67,-9.83,-13.34,,-2.64,-10.5,-12.8,-7.84,-8.83,-1.11,-7,-8.5,-2.75,-13.33,-7.5,-8,-11.5,-2.45,-17.73,-16,-12.1,,-6.7,,-6.3,-10.2,-6.5,,-17.4,-7.74,-14.52,,5.14,31,13,7,-18,44,0.470621097,0.321601164
UCLA,Penn St.,-25,-20.47,-19.91,-32.18,-25.85,-27.62,-22.55,-17.38,,-19,-20.94,-28.44,-12.7,-23.94,-27.17,-32,,-20.45,-31.02,-13.73,-32.34,,-21.95,-12.5,-23.9,-24.65,-21.26,-22.65,-25,-25.5,-20.32,-22.97,-26,-27,-26.5,-28.35,-29.19,-37,-28.3,,-25.4,,-25.7,-27.6,-25,,-11.35,-26.59,-20.49,,6.15,37,42,7,5,79,0.524821617,0.079845983
Virginia Tech,Wake Forest,6,11.13,8.53,1.32,1.57,2.7,12.44,6.34,,6,11.04,10.79,6.35,7.68,7.28,-7,,6.88,4.74,13.49,4.42,,11.44,7.5,4.6,7.28,6.45,11.27,6.5,4.2,8.06,9.42,5.5,5,12.5,5.25,12.19,1,10.1,,7.1,,3.6,9.4,6,,11.18,7.29,9.03,,4.3,30,23,7,-7,53,0.540680216,0.679735814
Wyoming,UNLV,-3.5,-1.98,-6.91,-5.14,5.57,-7,-2.78,-1.58,,-10,-0.32,-11.41,0.96,-6.14,1.08,-7,,-4.49,-12.07,-13.66,1.06,,-9.83,-16.5,-8.8,-5.85,-6.49,-4.41,-3.5,-3.5,-6.69,-3.48,-3.5,-7,-15,-9.45,-1.4,2,-15,,-3.6,,-6.9,-13,-3.5,,-5.13,-1.12,-7.99,,5.61,31,17,7,-14,48,0.437701319,0.357675779
Akron,Miami (Ohio),-11.5,-7.06,-13.97,-4.43,-3.52,-2.39,-10.49,-14.7,,-7.5,-8.75,-19.34,0.75,-10.33,-4.87,-8,,-12.69,-17.49,-6.84,-10.17,-9.44,-9.45,-15,-13.2,-10.75,-11.78,-4.55,-11,-8.1,-11.65,-9.81,-9.5,-10,-12.1,-8.05,-15.61,-11,-14.6,,-11.4,,-14.8,-12.7,-11.5,,-21.1,-15.88,-6.91,,4.64,20,7,8,-13,27,0.52820031,0.266108097
Arizona,BYU,-1.5,-1.86,-5.94,-2.91,-4.63,-6.44,-2.27,-3.91,,-7.5,-1.14,-5.47,-4.83,-6.06,-9.66,-6,,-0.3,-7.32,-5.99,-9.66,-10.43,-6.72,-13.5,-7.9,-5.5,-8.25,-3.52,-2.5,-3.4,-5.34,-11.07,-1.5,-4,-5.4,-7.57,-4.75,-15,-5.4,,-6.1,,0.1,-4.1,-2.5,,5.45,-11.01,-16.55,,3.71,33,27,8,-6,60,0.389843146,0.355041872
Army,Charlotte,18,23.36,23.81,20.14,24.69,22.29,24.44,25.33,,19,24.18,20.64,17.65,22.77,24.57,11,,16.5,20.62,18.4,28.41,32.17,19.41,18,24.1,22.3,19.3,24.7,17.5,19,16.21,28.52,17.5,20,19.1,22.05,29.24,27,20.7,,22.3,,21.5,19.2,18.5,,39.45,23.02,27.79,,4.99,7,24,8,17,31,0.612816713,0.91441184
Auburn,Georgia,-4,-0.35,-8.46,3.12,-3.82,-6.15,0.33,-8.16,,-9.5,-0.93,-9.33,-0.64,-3.61,3.59,-3,,-1.11,-6.03,-0.6,-6.11,0.58,-2.53,-6.5,-10.5,-3.81,-4.07,-1.36,-3.5,-4.3,-3.58,-1.39,-3.5,-2,-5.1,-3.15,-6.75,-9,-5.1,,-3.8,,-6.4,-5.4,-4,,-1.17,-3.22,-4.16,,3.44,20,10,8,-10,30,0.509577591,0.412061872
Boise St.,New Mexico,16.5,18.76,16.68,7.85,4.52,10.19,25.15,14.33,,15.5,18.04,9.91,4.78,13.84,7.35,2,,16.59,10.16,17.88,6.51,3.79,18.82,12.5,13.4,14.42,10.18,16.46,16.5,14.5,9.34,11.2,15.5,20,25.4,11.55,31.56,7,25.9,,15.7,,16.2,23.8,16.5,,3.7,17.02,8.95,,7.65,25,41,8,16,66,0.440012487,0.783869724
Boston College,Clemson,-14.5,-9.86,-10.07,-3.58,-8.68,-11.53,-13.74,-14.2,,-10.5,-10,-16.11,-9.31,-12.42,-6.12,-6,,-16.34,-16.54,-10.78,-13.38,-12.89,-15.48,-8,-13.9,-12.65,-6.79,-9.43,-14.5,-16,-7.14,-8.93,-13,-16,-8.7,-14,-13.84,-12,-13.7,,-12.4,,-16.5,-13.5,-14.5,,-24.3,-14.9,-20.14,,3.89,41,10,8,-31,51,0.550635815,0.223646368
Bowling Green,Toledo,-10.5,-5.6,-6,-16.28,-11.02,-8.99,-8.92,-6.08,,-4,-7.14,-2.37,-6.35,-8.55,-5.49,-14,,-10.39,-1.08,-2.66,-15.7,-5.24,-4.66,-3.5,-9.3,-7.63,-6.55,-3.44,-10.5,-7.9,-6.46,-5.38,-8.5,-11,-9.1,-7.35,-14.25,-22,-8.1,,-12.3,,-7.3,-8.9,-10,,-10.95,-19.22,-15.49,,4.88,23,28,8,5,51,0.546737104,0.303329086
Cincinnati,Central Florida,11,12.81,4.46,12.2,11.8,4.81,15.42,10.85,,11,9.89,6.97,14.7,10.87,16.3,10,,8.88,13.49,15.78,13.86,19.29,15.84,0.01,7.9,10.95,8.62,14.63,11,8.8,5.14,6.79,10.5,14,3.7,18.9,17.13,-5,3.4,,10.9,,8.8,4.7,11,,12.32,10.26,21.44,,5.46,11,20,8,9,31,0.496910658,0.741349005
Coastal Carolina,Louisiana-Monroe,-2.5,4.51,6.37,-8.47,5.81,-1.58,1.27,8.75,,4.5,6.19,3.05,0.91,2.54,5.25,-5,,3.2,7.39,0.92,8.55,4.55,-1.57,5,5.6,3.12,4.95,5.4,-3,-1.4,2.14,3.95,-2,2,-3.7,-0.35,2.04,-2,-2.9,,3.3,,2,-1.8,-2,,11.13,7.05,6.83,,4.31,8,23,8,15,31,0.620340559,0.561354182
Colorado,Iowa St.,-3,-2.53,-6.51,-9.89,-1.38,-6.69,-3.28,-5.96,,-12,-1.26,0.77,-5.95,-4.52,-2.36,-11,,-5.21,-6.9,-6.54,-4.83,-6.89,-5.52,5,-5.1,-4.83,-5.1,-4.32,-3,-4.3,-3.11,-1.18,5,-5,-0.9,-10.15,-10.04,-5,-1,,-5.9,,-3.9,-2,-3,,-4.08,-0.08,-4.83,,3.48,17,24,8,7,41,0.462743062,0.39046197
Colorado St.,Fresno St.,-6.5,-5.2,-8.16,-11.56,-5.01,-8.87,-5.5,-4.69,,-14.5,-4.39,-5.49,-10.92,-8.26,-9.09,-16,,-6.97,-10.78,-6.02,-7.63,-7.75,-11.72,2.5,-6.5,-7.69,-8.06,-7.55,-6.5,-5,-3.9,-5.51,-6.5,-8,-2.7,-17.33,-4.46,-19,-4.4,,-9.2,,-4.7,-4.1,-6.5,,-11.2,-10.11,-13.38,,4.43,21,49,8,28,70,0.45747601,0.308113093
Eastern Mich.,Northern Ill.,-2.5,2.39,-4.97,2.04,-5.96,0.93,6.4,-3.63,,0.01,0.22,-9.31,-3.18,-2.31,-1.62,-3,,-3.04,-7.82,3.89,-8.63,-3.87,0.26,-7,-5.4,-3.02,-4.08,0.49,-1,0.1,-1.39,-3.05,0,-3,-3.6,0.7,3.69,-7,-4.5,,-1,,-0.3,-3.4,-2.5,,0.45,-9.54,-8.09,,3.93,10,16,8,6,26,0.504634574,0.443838861
Florida Atlantic,UAB,5,6.53,2.45,9.42,2.31,3.49,10.1,0.89,,3.5,5.29,0.44,-0.9,3.08,5.53,4,,3.41,1.08,5.91,1.31,-1.14,7.68,1.5,2.7,3.02,3.27,5.02,4.5,4.1,5.42,1.09,5.5,6,0.7,3.15,2.77,1,1.9,,3.7,,4,2.5,5,,4.17,-0.79,2.89,,2.74,33,53,8,20,86,0.452561477,0.57581728
Florida St.,Pittsburgh,10.5,9.97,4.87,20.45,17.69,0.05,9.65,12.87,,9.5,8.22,6.47,14.29,10.27,14.22,5,,5.05,3.63,8.06,21.23,22.48,5.07,-3.5,7.7,8.31,8.39,12.11,10.5,7.4,7.99,9.11,9.5,8,3.4,14.37,-3.47,25,4.3,,12.5,,7.3,5.3,10.5,,24.28,10.55,25.1,,6.84,34,31,8,-3,65,0.494692186,0.723778073
Georgia Southern,Southern Miss.,-3.5,3.34,6.95,-10.8,-8.38,-5.64,3.32,-0.91,,8,2.12,9.45,-8.11,0.16,-3.46,-13,,1.19,-0.37,7.23,-11.37,-10.24,-0.17,11,3.4,-0.27,3.99,4.27,-3.5,-1.5,-1.34,-0.66,-2.5,3,8.3,-2.71,21.35,-9,8.1,,-0.5,,0.4,6.3,-3,,-9.92,-3.39,-10.39,,7.57,38,35,8,-3,73,0.582418241,0.503628953
Georgia St.,Appalachian St.,-2.5,-0.05,-3.33,-17.25,2.63,6.85,0.08,1.04,,-4.5,0.18,-4.07,-3.07,-1.63,1.81,-10,,-5.12,0.06,-0.51,-0.9,3.2,-2.9,-0.5,0.2,-0.99,-4.31,-1.24,-2.5,-3,-0.99,-0.72,-3.5,,2.2,-3.5,0.18,-3,1.6,,-2,,-5.1,0.4,-2.5,,-9.32,-1.79,-0.4,,4.09,41,20,8,-21,61,0.521163582,0.460395353
Georgia Tech,Virginia Tech,14.5,15.13,10.19,19.58,15.92,16.46,15.3,8.72,,20,12.54,10.99,13.63,14.53,13.5,19,,11.08,17.54,16.18,14.24,12.88,14.66,3.5,9,14.58,12.77,19.67,15,17,9.34,14.93,14.5,18,13.5,26.25,14.45,13,16.1,,15.5,,14.5,16.2,14.5,,20.58,13.59,19.42,,3.95,20,35,8,15,55,0.500731654,0.812799543
Hawaii,Utah St.,-1.5,1.76,-2.81,2.64,-6.5,-2.7,-1.35,-4.15,,4,0.55,-2.9,-0.05,-0.73,-2.92,-6,,5.79,-2.86,7.39,-11.3,-10.34,2.93,-0.5,0.4,-0.28,-1.83,4.89,-1,0.5,-1.77,-8.43,2.5,-1,3.7,-2.1,11.29,-9,3.3,,-2.9,,2.4,3.5,-1.5,,6.85,-14.87,1.43,,5.59,26,44,8,18,70,0.518245698,0.48270152
Illinois,Ohio St.,-14.5,-9.31,-19.49,-29.97,-1.45,-22.4,-16.07,-13.14,,-17,-8.21,-20.95,1.8,-11.73,-5.63,-11,,-15.53,-22.9,-4.41,-8.27,-0.15,-17.15,-3.5,-17.8,-12.69,-12.65,-8.07,-14,-17,-10.7,-12.73,-14,-12,-12.8,-0.4,-8.37,-9,-15,,-13.3,,-15.3,-14.6,-14.5,,-14.55,-8.56,-5.57,,6.97,34,16,8,-18,50,0.563463847,0.249356185
James Madison,Louisiana-Lafayette,18.5,16.95,11.33,28.96,17.62,18.42,19.4,12.57,,16.5,16.09,18.23,16.5,18.04,20.39,14,,20.4,17.24,19.53,21.34,24.03,18.67,2,14.8,17.46,14.05,17.67,17.5,16.5,12.11,16.79,18,22,9.6,25.2,14.39,22,12.2,,17.3,,16.1,11.9,18.5,,38.3,22.6,24.12,,5.91,14,24,8,10,38,0.489166939,0.856575122
Kansas St.,TCU,-2,0.3,-0.79,-5.16,-4.21,-4.83,0.9,-1.03,,-7,1.72,-1.83,-7.12,-4.38,-7.82,-12,,0.2,-4.27,-7.11,-4.57,-7.25,-4.46,1.5,-3.2,-4.48,-5.19,-2.22,-1.5,-1.9,-1.93,-7.21,-1,-3,-4.5,-11.9,-6.06,-6,-5.4,,-3.1,,-2,-3.8,-2,,-11.92,-6.23,-11.39,,3.47,28,41,8,13,69,0.441775562,0.393752359
Kennesaw St.,Louisiana Tech,-5.5,-8.48,-14.74,-13.49,-13.91,-8.45,-12.56,-5.25,,-7,-8.9,-10.95,-7.13,-10.24,-8.8,-14,,-11.78,-11.13,-0.57,-18.62,-11.06,-12.52,-5,-8.6,-9.94,-8.55,-6.9,-6,-7.1,-6.78,-14.87,-6.5,,-4.4,-11.2,-6.94,-25,-4.6,,-11.4,,-11.1,-5.4,-6.5,,-15.1,-15.66,-16.96,,4.84,7,35,8,28,42,0.387595058,0.268625088
Kent,Massachusetts,2,3.78,-0.5,3.94,7.54,12.19,3.98,4.21,,12,1.93,-1,17.59,3.81,14.96,4,,3.32,-2.17,8.68,4.69,9.08,2.94,3,1.6,2.97,0.07,5.36,3,-0.9,1.33,1.66,2.5,1,-2.8,4.86,1.79,4,-4.8,,3.7,,-0.8,-1.7,2,,-2.05,2.54,20.09,,4.93,6,42,8,36,48,0.543354322,0.590645653
LSU,South Carolina,9.5,12.64,7.98,22.44,14.47,9.35,13.66,10.17,,12.5,11.34,6.9,10.45,10.95,8.34,8,,12.6,9.3,10.67,16.03,11.33,9.82,-1,8.2,10.5,8.74,14.24,9,10.5,6.31,11.59,9.5,10,7.7,13.65,14.74,9,8.8,,13,,10.5,9,9.5,,10.98,16.14,18.06,,3.72,10,20,8,10,30,0.535430148,0.749066252
Marshall,Old Dominion,-14.5,-8.17,-1.15,-15.26,94.24,-8.45,-9.47,-8.76,,-5,-8.66,-12.67,-11.98,-10.76,-18.48,-17,,-14.41,-24.76,-9.21,-25.78,-27.71,-9.8,6,-9,-9.98,-8.31,-8.77,-14.5,-11.7,-9.07,-10.15,-13,-16,-1.5,-19.25,-9.04,-26,-2.8,,-15.6,,-13.8,-4,-14.5,,-34.92,-24.38,-28.37,,19.34,24,48,8,24,72,0.559405495,0.333596631
Maryland,Nebraska,-6.5,-1.73,-1.88,-6.61,-2.74,-1.07,-1.74,-1.22,,2,-3.39,-4.34,-2.05,-4.72,0.66,-6,,-4.76,-4.85,-3.71,-10.27,-7.33,-0.93,-1,-3.9,-4.46,-6.56,-1.3,-6.5,-3.8,-4.37,-7.26,-3.5,-6,-7.7,-4.55,-11.03,-10,-8.8,,-12.4,,-4.7,-8.1,-6.5,,-12.7,-5.89,2.39,,3.53,34,31,8,-3,65,0.543579188,0.385816249
Michigan St.,UCLA,7.5,10.32,1.13,20.01,18.97,10.21,9.42,3.88,,9.5,9.16,1.68,15.2,9.27,9.97,14,,6.5,4.23,5.57,14.03,14.52,3.83,0.01,4,8.95,7.2,12.87,8.5,7,7.78,6.92,7.5,9,8.9,15.75,10.09,13,7.6,,9.6,,7.4,9.1,7.5,,3.8,8.17,25.25,,4.74,38,13,8,-25,51,0.542539938,0.712097944
Middle Tenn.,Missouri St.,-2.5,-2,-3.73,-2.05,-4.35,2.47,-2.04,1.46,,-1,-2.37,1.18,-8.48,-2.27,-5.99,-5,,-0.51,12.85,-2.83,-4.74,-1.45,-5.67,3,-1,-2.83,-3.77,-2.82,-2.5,-3.3,-2.35,-7.42,-1.5,-6,-3.1,-5.25,1.61,-7,-4.4,,-3.3,,-4.1,-2.4,-2.5,,2.95,-4.33,-7.54,,3.92,22,20,8,-2,42,0.505611366,0.444793813
Minnesota,Purdue,7.5,12.68,10.3,8.52,-4.28,16.49,14.35,1.82,,13.5,11.71,6.72,-2.57,8.18,0.08,6,,10.28,16.52,18.14,-6.61,-9.58,10.47,17.5,9.8,9.9,8.48,13.45,8,8.8,3.47,5.72,10,12,20.5,8.75,32.97,-3,20.8,,10,,10.1,19,7.5,,-6.45,-1.26,-10.48,,8.97,20,27,8,7,47,0.514875496,0.673157462
Mississippi,Washington St.,32,29.3,28.6,34.87,27.33,28.76,36.46,26.08,,29,28.94,30.25,16.01,31.35,20.61,25,,32.99,38.66,28.66,36.48,30.34,31.23,17.5,27.3,30.29,28.5,27.69,32.5,25,35.03,35.68,32,33,36.9,29.75,33.76,45,36.3,,36.2,,33.8,36.6,32,,49.21,36.75,27.58,,6.45,21,24,8,3,45,0.484869578,0.966349268
Missouri,Alabama,-3,-3.21,-7.31,-4.49,-5.23,-4.18,-8.32,-7.04,,-1.5,-3.22,-5.09,1.47,-4.74,-0.32,3,,-5.55,-8.2,-2.03,-10.88,-8.15,-9.26,2.5,-9.2,-5.09,-5.72,-0.31,-3,-3.4,-3.37,-5.21,-5,-2,-4.2,-0.45,-0.29,-10,-4.9,,-9.7,,-6.5,-5.1,-3,,-10.17,-10.42,-11.47,,3.79,27,24,8,-3,51,0.457546939,0.385741421
Nevada,San Diego St.,-7,-5.45,-5.4,-20.25,-11.38,-9.86,-3.86,-9.44,,-10,-6.27,-6.95,-11.84,-10.09,-13.76,-20,,-10.1,-10.57,-9.05,-15.35,-15.93,-11.79,2.5,-8.6,-9.47,-6.92,-7.82,-7,-7.4,-6.47,-10.26,-6,-7,-8.2,-18.55,-13.12,-16,-9.6,,-9.5,,-5.3,-8.4,-7,,-7.3,-9.12,-18.17,,4.66,44,10,8,-34,54,0.425919317,0.270969562
North Texas,South Florida,2,3.69,2.74,6.31,6.2,3.88,4.16,6.45,,8.5,3.05,4.41,5.31,2.58,-2.23,9,,1.05,1.64,-5.33,4.72,5.51,-0.74,5,3.5,3.03,2.98,3.64,-1,1.9,0.9,3.18,2.5,-4,-4.1,5.25,-3.69,3,-4.9,,-0.2,,2.3,-4.1,2,,1.18,1.35,11.13,,4.04,63,36,8,-27,99,0.514123222,0.562578256
Notre Dame,NC St.,22.5,21.93,25.41,20.47,20.57,26.36,29.08,23.08,,17.5,20,25.46,10.98,22.83,23.31,7,,22.47,32.17,14.59,22.96,19.8,27.35,19,24.7,22.98,18.89,20.05,22.5,23,19.38,27.67,21.5,21,31.4,16.77,25.35,20,29.3,,24.4,,25.8,28.2,22.5,,29.98,28.83,23.05,,5.54,7,36,8,29,43,0.507829421,0.912738227
Oklahoma St.,Houston,-14.5,-10.95,-4.36,-23.49,-18.61,-12.26,-12.11,-8.68,,-10.5,-11.1,-10.55,-12.62,-15.71,-21.86,-22,,-13.08,-17.11,-10.43,-23.91,-24.55,-13.6,-4.5,-8.8,-13.04,-14.92,-12.59,-14.5,-16.5,-9.43,-18.83,-14,-13,-10.9,-24.5,-12.39,-29,-11.9,,-15.8,,-14.8,-11.3,-14.5,,-29.7,-25.17,-27.63,,6.79,39,17,8,-22,56,0.472064681,0.18143978
Oregon,Indiana,7,10.75,7.63,-4.89,0.55,4.85,13.83,2.27,,10,9.85,6.77,-5.33,3.85,1.25,-4,,9.51,3.01,5.5,-5.62,-16.26,12.63,2.5,9.8,5.01,1.94,10.29,7.5,7.2,4.98,1.94,9.5,8,7.1,1.89,9.2,-10,7.1,,2.1,,7,9.5,7,,5.05,-1.16,-4.22,,6.57,30,20,8,-10,50,0.427258169,0.588662375
Oregon St.,Wake Forest,-3,-2.67,-1.39,-11.01,-6.6,-6.56,-2.45,-2.84,,-7,-1.5,-4.23,-12.03,-6.44,-6,-16,,-0.91,-8.61,-5.03,-11.26,-11.16,-8.89,0.5,-6.2,-5.75,-4.77,-5.29,-3,-2.9,-0.21,-8.37,-1.5,-10,-5.5,-15.4,5.5,-9,-7.2,,-2,,-4.1,-5,-3,,-1.72,-9.74,-20.06,,4.47,39,14,8,-25,53,0.417385708,0.348086217
Penn St.,Northwestern,21.5,22.16,24.71,7.62,17.69,11.37,24.12,13.19,,12.5,23.61,20.57,4.88,16.75,16.21,6,,18.51,15.47,13.62,16.67,3.06,17.22,23,21.4,18.51,16.52,22.22,21.5,24,17.03,21.74,21.5,21,24.4,11.9,22.65,20,26,,19.6,,21.9,25,21.5,,10.05,18.5,4.71,,6.44,22,21,8,-1,43,0.390793334,0.835883161
SMU,Stanford,18.5,17.68,17.5,20.58,11.1,20.5,20.04,17.27,,18,17.84,22.24,11.99,17.03,13.29,11,,15.93,15.83,17.68,12.39,9.66,19.49,25.5,16.5,17.5,12.74,17.68,19.5,16,13.32,18.19,17.5,20,20.9,17.5,20.16,10,23.9,,17.2,,19.9,22.4,18.5,,9.73,17.21,19.95,,4.09,10,34,8,24,44,0.464274393,0.850560372
Sam Houston St.,Jacksonville St.,-7,-6.72,-6.91,-29.06,-11.09,-10.69,-10.15,-8.01,,-6.5,-7.35,-8.9,-10.3,-8.31,-9.32,-17,,-6.78,-9.92,-0.63,-16.43,-10.93,-8.61,-1,-10.7,-7.76,-7.27,-5.18,-7,-7.5,-8.56,-10.13,-8.5,-5,-2.7,-4.9,1.99,-17,-4.9,,-11,,-8.1,-4.1,-7,,-5.92,-16.2,-7.26,,5.57,29,27,8,-2,56,0.468967868,0.310675984
Temple,Navy,-10,-0.91,-10.11,3.09,2.11,-6.59,2.54,-3.34,,-11.5,-0.8,-9.37,-2.53,-4.99,-0.73,-9,,-5.28,-3.93,-10.36,3.73,6.53,-3.02,-18.5,-11.1,-4.9,-5.1,-5.41,-9.5,-8.8,-2.68,-3,-7.5,-8,-10.4,-7.7,-16.77,2,-10.5,,-5.1,,-4.7,-8.9,-9.5,,-3.6,-4.37,-0.63,,5.59,32,31,8,-1,63,0.617038201,0.383415457
Tennessee,Arkansas,10,13.24,12.18,10.82,12.55,20.35,13.05,11.49,,20,11.48,7.88,11.96,12.69,9.38,13,,9.23,15.09,9.64,13.24,5.34,12.48,14.5,14.6,12.39,12.79,16.1,12.5,7.4,10.77,10.13,13,14,12.3,15.96,11.07,13,12.9,,11.4,,11.9,12.9,10,,11.7,12.53,22.5,,3.07,31,34,8,3,65,0.566068673,0.783733515
Texas,Oklahoma,0,2.12,4.96,-13.3,-8.55,-14.35,5.34,-2.91,,-5,3.65,4.38,-8.73,-2.2,-6.41,-12,,0.58,1,-2.65,-7.4,-14.66,-0.25,12.5,-0.2,-0.26,-0.4,-2.16,1,3.3,2.73,-0.26,3,4,1.3,-9.8,8.97,-8,1.5,,0.2,,5,1.9,0,,-3.17,-5.83,-15.82,,6.89,6,23,8,17,29,0.44942467,0.44942467
Texas A&M,Florida,7.5,10.27,7.05,8.52,13.35,11.95,8.67,10.88,,17,8,10.88,15.59,11,12.79,9,,8.29,7.12,8.14,11.45,12,10.37,8,11.7,9.7,7.91,15.17,7.5,5.2,6.65,9.4,7.5,4,6.9,16.8,2.94,10,7.4,,6.3,,7.8,7.2,7.5,,24.78,13.75,26.05,,4.82,17,34,8,17,51,0.583538997,0.74633567
Texas St.,Troy St.,7.5,10.39,5.43,10.5,6.89,2.51,10.13,1.93,,3.5,10.68,8.44,4.24,5.99,7.43,3,,7.9,3.29,5.18,5.69,5.31,1.81,16,5.4,5.64,6.89,11.14,9.5,6.9,6.12,10.58,10.5,3,7.4,5.25,4.49,9,7.1,,7.1,,3.4,7.2,7.5,,-6.15,5.46,5.59,,3.6,48,41,8,-7,89,0.463044712,0.643560577
Texas Tech,Kansas,14,13.7,6.06,16.25,10.97,15.82,16.33,10.49,,12,10.99,7.19,12.43,13.18,20.81,18,,18.93,13.83,10.87,14.07,18.21,13.83,12,8.9,13.35,9,16,14,12.4,6.87,11.25,14,14,3.8,13.3,21.41,18,4.2,,14.5,,13.4,6.5,14,,15.3,20.2,25.96,,4.58,17,42,8,25,59,0.480209877,0.787466302
Texas-San Antonio,Rice,10,16.14,12.45,4.49,10.78,7.37,18.59,12.32,,6.5,17.6,10.02,4.82,11.24,7.41,-1,,12.92,12.44,7.85,14.92,14.03,8.82,9,6.3,10.37,6.96,14.52,12.5,9.8,8.54,15.3,13.5,11,8.9,8.75,17.28,15,10.4,,12.4,,10,10.2,10,,27.23,15.78,7.67,,5.06,13,61,8,48,74,0.529661894,0.750029026
Tulane,East Carolina,6.5,6.94,6.09,-3.9,-0.96,7.72,3.44,4.24,,11.5,5.12,9.58,6.14,4.98,2.2,-1,,2.54,-1.14,12.23,-4.93,-1.94,5.01,5.5,3.2,5.14,5.15,12.41,6.5,4.9,1.65,0.11,6.5,6,13.1,10.5,11.86,-12,11.8,,2.5,,5,11.9,6.5,,1.1,0.86,8.33,,5.67,19,26,8,7,45,0.464077054,0.616162409
UNLV,Air Force,7,16.68,10.41,19.09,6.27,8.89,17.88,8.71,,24.5,12.89,16.41,14.91,14.91,12.8,11,,9.9,18.35,18.57,9.28,13.84,21.03,21.5,12.9,14.43,14.56,21.61,6.5,6.8,12.71,10.15,7,11,19.7,24.85,-0.67,9,20.1,,8.6,,12.3,18.5,8.5,,16.65,10.29,23.52,,5.67,48,51,8,3,99,0.680565498,0.811806612
USC,Michigan,2.5,4.24,0.33,4.58,6.03,7.58,5.14,-1.15,,-3,3.7,1.71,4.08,2.74,6.96,4,,4.92,-4.75,1.16,4.14,3.19,2.07,4.5,1.1,3.17,3.33,3.78,2.5,2.3,4.89,3.75,2.5,2,0.9,2.1,5.68,4,-0.8,,2.6,,2.3,-0.2,2.5,,4.13,1.24,7.36,,2.63,13,31,8,18,44,0.505950052,0.567605413
UTEP,Liberty,-1,0.67,-3.83,4.6,4.51,2.84,-0.66,-1.4,,-4.5,0.91,-6.32,6.38,-0.75,2.26,2,,-3.23,-4.1,-6.84,3.29,2.7,-2.37,-5,-4,-1.23,-1.48,0.74,-1,-1.3,1.65,4.18,-3,-3,-4.7,2.1,-9.26,4,-5.7,,-2.8,,-1.2,-5,-1,,3.75,-1.27,2.65,,3.95,19,8,8,-11,27,0.506096422,0.481716427
Utah,Arizona St.,9.5,7.47,8.13,14.21,8.97,5.84,12.46,6.37,,4.5,7.19,2.86,4.44,5.23,4.94,6,,8.21,-2.61,0.86,14.74,6.52,2.8,-9.5,3.8,5.44,5.77,4.2,6,3.2,5.28,6.84,7,5,-1.1,2.8,-5.5,11,-1.3,,10.3,,4.6,0.8,9,,8.75,9.79,4.61,,5.01,10,42,8,32,52,0.398777191,0.623309332
Washington,Rutgers,10,14.29,10.07,18.45,15.83,12.7,15.29,12.2,,15,12.74,10.43,12.52,12.57,14.57,10,,11.4,7.1,11.28,18.48,11.09,13.64,9,8.7,12.36,11.9,16.35,10.5,9.6,7.47,12.62,10.5,12,4.9,17.5,-3.14,14,4.7,,8.3,,9.2,5.8,10,,20.73,22.61,27.84,,4.81,19,38,8,19,57,0.561570319,0.775737634
Western Mich.,Ball St.,8.5,12.9,8.61,18.5,13.9,9,14.06,5.65,,9,13.67,8.33,11.15,10.71,9.15,9,,11.86,3.58,7.39,16.12,9.75,6.72,10.5,8.6,10.3,9.26,12.45,9.5,7.2,5.78,10.92,9.5,11,9.5,13.3,14.87,15,10.7,,11.6,,10.1,10,8.5,,13.88,16.65,18.47,,3.34,0,42,8,42,42,0.554179799,0.745432687
Wisconsin,Iowa,-3,-1.09,-3.67,-8.85,-1.12,-5.24,-2.64,-5.17,,-3,0.16,-5.52,-5.18,-5.35,-13.66,-10,,-4.11,-13.55,-2.09,-2.28,-10.81,-8.26,-7,-7.1,-5.18,-2.28,-1.92,-3,-3.5,-3.16,-7.24,-3,-9,-5.6,-6.65,-6.73,-5,-6,,-6,,-4.4,-5.5,-3,,-1.13,-4.77,-9.04,,3.3,37,0,8,-37,37,0.442380957,0.370715393
Wyoming,San Jose St.,-1.5,1.91,0.9,4.13,3.23,-3.32,1.23,0.29,,2,1.65,-0.1,2.81,-0.07,-3.06,3,,-0.08,-2.22,-2.24,0.74,-1.78,-3.91,-4.5,-1.1,-0.09,0.28,2.19,-1.5,-0.9,-0.67,4.19,0,-2,-1.9,2.8,-4.23,-2,-2.3,,1,,-3.4,-2.2,-1.5,,0.53,-1.89,7.84,,2.39,28,35,8,7,63,0.535489469,0.498260461
Air Force,Wyoming,4.5,3.26,3.72,-0.37,1.15,4.31,6.78,3.78,,2,3.74,4.25,-3.98,1.98,1.88,-2,,4.36,1.79,2.24,-0.28,0.23,-1.45,1,2.7,2.1,0.45,-0.37,4,2.9,2.06,3.85,6,,3.1,-0.7,11.93,2,2.5,,4.9,,4.7,2.1,4.5,,6.3,0.69,-7.13,,2.77,21,24,9,3,45,0.437866758,0.548894973
Alabama,Tennessee,8,11.6,7.97,15.9,7.79,4.78,15.62,13.01,,14,10.74,11.25,6.26,10.3,9.53,2,,11.35,11.93,9.05,12.59,11.5,12.23,-2,10.8,10.74,9.3,10.04,8,8.7,6.25,8.2,8.5,,10.8,7.35,9.14,16,11.7,,12.7,,9.8,11,8,,22.13,12.99,9.08,,4.12,20,37,9,17,57,0.555762959,0.735001388
Appalachian St.,Coastal Carolina,10,6.93,6.81,13.81,3.77,3.81,8.99,7.67,,8,6.94,7.86,2.08,6.33,-1.25,7,,9.14,3.91,5.84,6.01,4.52,6.29,2.5,7,6.8,6.83,5.58,10,6.8,5.54,8.8,10.5,,7.9,5.6,2.44,5,8.5,,6.6,,9.8,8,9,,17.43,8.79,0.3,,3.21,45,37,9,-8,82,0.410370869,0.652036071
Arizona St.,Texas Tech,-7.5,-6.36,-4.31,-13.8,-10.23,-17.04,-12.01,-10.47,,-11,-4.27,-10.05,-10.55,-10.18,-18.84,-22,,-12.01,-13.58,-0.91,-20.84,-19.08,-9.81,4.5,-8,-10.2,-8.14,-5.82,-7.5,-10.5,-7.27,-6.84,-10,,3.8,-7.7,-1.56,-26,3.3,,-14.8,,-10.2,0.4,-7.5,,-11.93,-23.22,-21.57,,7.83,22,26,9,4,48,0.439829612,0.28261228
Arkansas,Texas A&M,-7.5,-7.71,-4.96,-10.07,-9.77,-9.37,-6.13,-8.63,,-16.5,-5.55,-9.78,-10.69,-10.17,-9.12,-11,,-7.79,-10.61,-10.14,-12.35,-10.53,-11.51,-3.5,-11.4,-9.95,-7.55,-13.04,-7.5,-5.3,-5.3,-6.46,-7.5,,-10.7,-15.4,-6.5,-17,-11.7,,-9.2,,-8.8,-10.7,-8,,-18.35,-11.89,-25.75,,3.46,45,42,9,-3,87,0.434737217,0.265684928
Auburn,Missouri,-2,2.75,-1.07,-2.03,0.59,-3.56,2.34,-1.16,,-3,3.33,1.98,-2.33,-0.63,1.38,-11,,2.68,-0.95,2.06,-3.53,0.65,-1.9,-4.5,1,-0.6,-3.37,2.28,-2,-0.7,-0.91,-0.38,2.5,,-0.6,-0.7,-5.67,-7,-0.3,,1.3,,-2.4,0.6,-2,,-0.58,-1.81,-0.08,,2.97,23,17,9,-6,40,0.533801248,0.484441663
BYU,Utah,-3.5,-0.19,-0.77,-2.67,-0.42,-1.27,-5.59,-3.19,,8.5,-0.74,-0.45,2.36,-1.52,-0.69,-3,,-6.8,-4.56,5.04,-5.48,-3.54,-0.67,15.5,-2.3,-1.3,2.24,3.66,-3,-2.2,0.14,-2,-3,,-3.5,3.85,2.96,-10,-4.7,,-3.8,,-4.6,-5.1,-3.5,,-18.6,-6.83,0.12,,5.57,21,24,9,3,45,0.546845327,0.464003869
Ball St.,Akron,1,5.3,4.21,-2.04,5.22,1.47,6.62,10.79,,6,3.58,4.03,5.47,4.47,8.68,-1,,-0.48,4.33,4.69,3.21,10.56,6.11,3,6.8,4.21,4.19,5.95,1,1.9,3.28,0.86,1.5,,0.2,5.6,-1.14,6,0.6,,3,,3.7,1,1.5,,14.18,-0.3,9.55,,3.31,28,42,9,14,70,0.584723215,0.608595663
Boise St.,UNLV,13,9.97,7.64,3.46,11.25,10.56,12.76,12.9,,1,11.85,2.59,4.2,8.78,10.43,-1,,7.95,6.21,3.05,13.76,11.37,5.08,3.5,7.9,9.6,5.43,6.13,12.5,7.8,5.64,10.87,10.5,,9.6,4.2,20.84,13,10,,11.8,,12,10.1,12.5,,16.13,15,3,,4.59,31,56,9,25,87,0.399214468,0.702407529
Boston College,Connecticut,1.5,0.61,6.26,-9.63,-5.4,-8.17,-0.86,-1.24,,-6.5,1.77,-1.11,-11.52,-2.55,-3.18,-15,,-2.11,1.24,2.91,-7.31,-8.6,-4.42,-0.5,-0.2,-1.24,0.87,0.06,1.5,1.2,-2.41,-4.11,2.5,,14.2,-12.6,1.93,-8,9,,-0.2,,0.3,7.5,1,,-1.6,-7.91,-14.12,,6.6,38,23,9,-15,61,0.406871178,0.441036703
Bowling Green,Central Mich.,3.5,12.67,9.27,8.75,12.6,11.51,15.13,12.48,,9.5,13.24,16.39,10.38,11.87,10.5,5,,9.44,19.36,6.93,17.78,14.48,16.13,10,12.2,11.51,11.53,11.37,4,4.5,7.95,13.57,6,,9.1,12.05,5.99,12,11.3,,9.9,,11.2,9.4,5,,21.4,12.8,14.77,,3.8,27,6,9,-21,33,0.69594045,0.766440926
California,North Carolina,8,7.58,4.35,10.87,10.08,13.09,9.53,7.94,,10.5,5.6,9.06,14.26,9.9,13.21,10,,8.53,9.83,5.84,11.36,15.71,8.64,3.5,9.8,8.76,6.92,8.41,10,8.8,7.54,6.5,10.5,,3.8,15.75,8.76,9,8.7,,7,,5.6,6.8,8,,17.18,5.98,21.46,,3.43,18,21,9,3,39,0.546568365,0.72894005
Central Florida,West Va.,7.5,7.69,7.24,10.3,9.76,13.25,9.26,6.67,,6.5,8.72,9.57,6.16,7.52,2.64,7,,5.96,9.25,1.88,9.35,1.92,4.66,6.5,9.8,8.1,8.59,6.04,7.5,6.9,5.9,9.51,7.5,,10.4,9.8,3.65,13,10.5,,8.1,,10.5,10,7.5,,17.63,7.63,-0.66,,3.25,13,45,9,32,58,0.500492383,0.678700212
Charlotte,Temple,-11.5,-7.47,-5.71,-19.58,-14.57,-14.99,-7.57,-7.97,,-9,-8.77,-7.76,-11.63,-10.94,-15.58,-18,,-7.67,-8.8,-7.13,-18.6,-17.35,-10.37,6,-8.8,-8.8,-6.03,-8.28,-11.5,-7.4,-9.02,-12.72,-10.5,,-6.8,-11.96,-7.99,-19,-7.2,,-13.9,,-8.8,-7.1,-11.5,,-15,-13.24,-19.8,,5.1,49,14,9,-35,63,0.513396627,0.255867105
Clemson,SMU,5.5,9.69,6.27,1.76,5.42,7.45,15.23,5.29,,4.5,9.62,-0.47,0.22,6.44,0.68,-2,,11.17,6.64,1.18,7.29,2.45,4.99,1,4.7,6.27,4.38,6.73,6,8.5,3.36,5.01,10.5,,6.6,3.85,10.75,6,10.1,,9.2,,10.4,10.2,5.5,,19.58,10.53,7.48,,4.49,35,24,9,-11,59,0.522719378,0.65186948
Colorado St.,Hawaii,2.5,2.12,2.6,-1.07,3.05,-1.92,-2.32,4.46,,-3.5,5.5,6.05,-4.02,1.71,-3.79,-6,,7.98,-3.8,-0.79,7.65,4.49,-9.29,9.5,1.3,2.12,2.15,2.08,3,1.9,5.71,2.91,1,,2.7,-2.8,-3.57,1,1.8,,3.1,,-0.8,2.3,2.5,,-1.13,8.72,9.56,,4.3,31,19,9,-12,50,0.480843037,0.541407657
Duke,Georgia Tech,1.5,4.1,1.02,-0.47,0.56,10.03,9.15,3.66,,-1,3.27,-0.56,0.4,2.72,7.7,-2,,4.55,12.86,-1.73,-0.03,3.97,7.97,8,1.6,2.12,-0.38,-0.31,1.5,0.7,2.92,1.33,2.5,,-2.8,-0.7,8.3,1,2.4,,-0.1,,6.4,2.3,1.5,,4.72,2.85,-3.47,,3.79,27,18,9,-9,45,0.529791908,0.566176711
East Carolina,Tulsa,17,22.58,20.06,28.96,21.2,18.05,26.77,19.92,,15,24.48,22.86,14.72,22.17,21.57,10,,22.53,27.75,17.36,27.47,25.66,21.15,19,21.9,21.9,19.53,20.24,17,22.5,21.73,27.76,15.5,,20.4,20.65,18.17,29,22.5,,22.3,,18.3,20.1,18,,29.33,21.94,23.14,,4.28,27,41,9,14,68,0.623401312,0.911222694
Florida,Mississippi St.,10,12.98,7,1.22,5.33,0.46,13.85,9.29,,2,13.94,9.58,4.16,8.54,7.22,-6,,8.63,10.68,8.66,10.35,7.79,9.25,11.5,5.9,9.25,3.96,12.84,9.5,9.6,4.76,10.27,10,,11.9,4.55,16.35,6,12.5,,10.3,,12.2,12,10,,0.25,14.16,5.98,,4.7,21,23,9,2,44,0.46486093,0.697030574
Georgia,Mississippi,7,8.48,5.43,7.39,3.83,6.47,10.36,9.12,,2,8.57,5.04,1.23,5.36,9.25,-7,,8.48,6.81,0.16,5.14,4.87,6.41,0.01,10.5,5.43,0.82,6.98,7.5,4.8,5.22,4.13,7,,5.3,2.45,5.36,8,4.8,,7.8,,7.8,5.9,7,,0.73,6.59,4.31,,3.59,35,43,9,8,78,0.45986556,0.629055847
Georgia Southern,Georgia St.,6.5,14.57,7.75,13,7.83,12.58,17.4,4.52,,11.5,13.89,9.5,15.23,9.96,9.24,6,,9.47,10.33,8.62,10.99,4.81,13.34,10.5,7.4,9.5,9.85,14.53,6.5,4,6.54,10.65,6,,7.1,9.1,19.91,9,6.7,,11.2,,9.6,8.3,7,,3.97,9.45,17.93,,3.7,24,41,9,17,65,0.584047746,0.729404579
Houston,Arizona,-1,6.77,0.51,-0.16,1.19,-0.98,6.9,1.23,,6,5.1,1.45,7.94,3.27,5.06,1,,5.78,0.47,4.88,-0.93,2.27,4.9,5,0.4,3,0.25,8.71,-1,1.5,0.05,4.11,2.5,,3.9,4.9,1.15,3,3.9,,1.3,,0.5,3.6,0,,0.2,4.62,7.46,,2.68,28,31,9,3,59,0.604580976,0.580475283
Indiana,Michigan St.,27.5,26.47,25.83,49.01,26.27,30.81,32.43,29.58,,29.5,23.33,31.76,18.41,31.04,36.04,28,,27.88,42.11,21.41,43.47,38.86,31.34,25.5,31.2,29.58,31.4,28.6,27,24.5,27.09,38.41,26.5,,24.3,30.7,28.61,38,28.2,,31,,25.9,24.4,27.5,,45.1,43.35,32.44,,7.32,13,38,9,25,51,0.580241232,0.962107704
Iowa,Penn St.,3,3.48,-3.41,13.17,1.6,11.14,7.25,7.15,,8.5,0.1,4.64,10.2,6.32,16.45,4,,3.69,12.57,6.3,6.5,18.29,10.36,-3,3,4.64,1.33,3.07,3,-1.3,0.3,1.86,3,,2.8,13.3,-0.91,10,2.3,,3.8,,1.5,2.2,3,,14.03,8.93,22.05,,5.7,24,25,9,1,49,0.578014647,0.646044736
Jacksonville St.,Delaware,-3,1.87,9.2,0.98,-3.2,1.54,0.83,-0.27,,12,2.57,5.64,-2.79,1.15,-3.53,-4,,3.7,15.5,10.63,-4.14,-2.68,-0.44,11.5,5.2,0.98,4.57,1.56,-3,-1.4,1.84,4.39,-1.5,,-0.5,-0.7,-3.75,-5,1.1,,1.8,,0.1,1.2,-2.5,,-2.72,-2.58,-8.79,,5.35,25,38,9,13,63,0.597827328,0.527364835
James Madison,Old Dominion,1,4.26,4.75,8.03,-7.4,8.47,3.13,3.33,,8,2.38,4.34,1.81,2.22,1.04,2,,3.97,4.75,12.25,-9.61,-4.31,8.62,5.5,4.7,3.5,0.31,6.98,1,3,-0.78,-2.66,2,,3.5,4.2,10.64,-12,4.8,,0.3,,3.5,5.5,1,,-4.08,-8.66,-3.47,,5.79,27,63,9,36,90,0.528780463,0.552266095
Kentucky,Texas,-13,-11.52,-13.54,-16.26,-6.79,-9.54,-15.64,-10.89,,-11,-10.55,-15.98,-9.86,-13.4,-13.08,-12,,-14.59,-15.29,-8.19,-13.64,-10.35,-18.62,-18,-12.6,-13.54,-12.02,-11.66,-12.5,-21.5,-10.55,-14.53,-12,,-13.3,-12.95,-18.78,-16,-15.3,,-15.3,,-13.9,-14.8,-13,,-15.13,-12.54,-13.82,,3.15,16,13,9,-3,29,0.490141237,0.203850886
Liberty,New Mexico St.,10,13.72,11.71,6.49,3.93,6.03,17.58,8.18,,6.5,14.8,9.11,-2.11,9.06,4.1,-6,,13.5,6.76,4.87,5.83,3.55,7.99,13,10.2,8.18,8.15,10.93,10,10.7,7.5,8.17,10.5,,12.9,1.4,18.3,7,13.6,,11.3,,11.9,13.1,10,,18.13,11.99,6.75,,5.32,27,30,9,3,57,0.477614724,0.70578208
Louisiana-Lafayette,Southern Miss.,-3.5,2.44,9.14,-10.96,-8.12,-6.96,1.87,6.29,,1,3.3,6.48,-6.16,-0.05,-5.41,-11,,2.69,-0.54,-3.06,-7.96,-7.31,-1.12,19.5,6.6,-0.2,2.44,1.69,-3.5,-2.6,-1.27,3.2,-3.5,,7.2,-7.35,16.87,-8,7.2,,-0.2,,-2.3,5.2,-3.5,,-15.82,-3.54,-7.96,,7.61,22,10,9,-12,32,0.577685418,0.498866915
Louisiana-Monroe,Troy St.,-6,-7.32,-10.47,-1.9,-9.11,-16.05,-11.89,-13.29,,-7,-8.36,-14,-4.76,-8.92,-3.87,-10,,-7.5,-13.74,-2.9,-16.28,-9.88,-11.29,1.5,-11,-9.11,-8.82,-4.53,-6,-4.8,-7.6,-12.91,-5.5,,-2.5,-9.8,-6.63,-14,-5.5,,-10,,-10.1,-5.3,-6.5,,-20.63,-12.99,-9.56,,4.76,37,14,9,-23,51,0.430077195,0.295224157
Marshall,Texas St.,-2.5,3.76,4.67,1.9,3.11,8.79,5.03,8.05,,7,3.18,2.46,7.54,4.34,5.85,-1,,-1.31,5.47,-3.49,7.94,3.08,9.02,2.5,4.8,4.67,2.53,3.08,-3,-3.3,1.47,6.82,-3.5,,5.9,4.9,1.05,5,5,,0.7,,-0.4,3.1,-1,,11.25,12.31,11.63,,3.71,37,40,9,3,77,0.662593008,0.604959684
Massachusetts,Buffalo,-16.5,-12.46,-15.4,-21.32,-7.59,-22.31,-13.1,-12.4,,-18,-12.98,-13.68,-12.83,-15.6,-16.55,-19,,-18.19,-20.88,-12.93,-13.33,-10.92,-12.91,-14,-16.1,-14.71,-12.85,-14.37,-17,-25,-11.4,-16.34,-17,,-18.9,-7.63,-27.5,-22,-18.7,,-17.4,,-15.6,-18.6,-16.5,,-4.05,-15.05,-26.36,,4.81,28,21,9,-7,49,0.521636729,0.173470635
Miami (Fla.),Louisville,13,14.15,5.09,18.53,15.13,9.89,18.52,12.47,,11,11.62,14.8,14.2,14.67,17.2,6,,15.16,14.19,15.16,19.82,22.04,17.94,8.5,9.7,14.2,9.03,14.94,13.5,23,12.33,12.46,13,,14.2,11.46,10.21,20,11,,14.6,,13.6,11.3,13,,16.4,19.29,26.14,,4.47,24,21,9,-3,45,0.54033183,0.813158847
Miami (Ohio),Eastern Mich.,13,15.03,16.21,8.77,13.69,14.17,16.27,11.99,,15,14.91,11.48,12.65,13.58,12.75,10,,13,15.9,9.97,16.82,8.44,18.27,20,11.7,13.5,14.25,15.99,13,10.5,9.74,17.17,11.5,,13.5,14,15.26,11,15.3,,13.2,,11.9,13,13,,12.55,18.87,15.89,,2.88,30,44,9,14,74,0.514339057,0.800032098
Michigan,Washington,5,2.26,6.18,-3.41,0.29,-11.56,1,3.31,,3,3.06,4.32,-2.97,1.92,0.61,-7,,6.85,-0.64,5.33,-3.92,-1.36,-1.54,6,2.8,2.8,0.73,2.26,6,3.5,4.72,2.17,6.5,,7.9,-0.35,3.66,-1,8.1,,4.6,,5.5,8.1,4.5,,4.05,-1.53,2.85,,4.37,7,24,9,17,31,0.425802154,0.546417904
Minnesota,Nebraska,-7.5,-2.73,-2.98,-9.84,-10.22,0.43,-5.39,-4.86,,-1.5,-2.35,-8.08,-4.45,-6.67,-9.17,-11,,-6.57,-6.44,-2.26,-15,-9.41,-7.02,5,-5.8,-6.44,-7,-1.98,-7.5,-4.1,-7.2,-6.67,-5,,-3,-7.7,0.11,-14,-3.4,,-9.5,,-7.3,-4.2,-7.5,,-26.65,-13.35,-14.05,,5.65,6,24,9,18,30,0.519644778,0.346097829
New Mexico,Nevada,13.5,14.57,10.1,14.81,15.78,8.42,14.39,15.29,,17,14.55,14.54,15.49,15.57,20.23,11,,13.06,18.1,14.66,20.7,23.54,14.95,12.5,16,14.95,12.29,16.42,12,14,15.39,22.09,10.5,,10.6,17.5,12.14,19,12.1,,15.9,,12.3,11.3,13.5,,23.4,18.95,22.74,,3.87,22,24,9,2,46,0.550404388,0.829673855
North Texas,Texas-San Antonio,4,4.62,1.37,11.12,13.33,4.87,0.91,2.18,,13,2.92,7.63,14.9,6.78,14.7,11,,5.98,3.64,13.61,11.69,11.75,4.1,3,6,5,6.22,9.21,4,4.5,2.21,3.25,5.5,,0.01,17.5,2.7,13,-1.5,,4.2,,5,-0.8,4,,-11.83,6.68,19.53,,5.96,17,55,9,38,72,0.565111301,0.65535837
Northwestern,Purdue,2.5,10.4,6.29,11.34,-1.32,5.72,12.37,7.47,,11,9.27,7.5,5.01,8.36,4.05,7,,7.44,15.33,19.54,1.27,1.15,12.74,6,3.9,7.5,6.69,10.9,3,3.5,4.96,7.69,3.5,,14.7,12.95,25.78,3,14.9,,7.6,,8.2,13.7,3.5,,3.95,5.04,8.55,,5.73,0,19,9,19,19,0.635782238,0.689817601
Notre Dame,USC,9.5,12.14,9.75,5.53,8.71,9.04,12.32,13.33,,9,12.76,12.34,6.66,10.15,7.99,-4,,11.8,13.8,4.25,9.93,12.13,7.83,12.5,10,10,5.85,12.64,9.5,8.6,5.07,13.39,8.5,,10.8,4.9,13.59,10,11.6,,8.9,,9.1,11,9.5,,7.63,17.06,17.48,,3.83,24,34,9,10,58,0.515875559,0.732885918
Ohio,Northern Ill.,10.5,15.92,14,17.62,14.27,17.38,17.55,12.31,,14,14.52,12.42,18.64,14.94,14.31,8,,12.02,15.16,14.3,17.29,15.17,20.34,11,10.6,14.31,11.37,17.87,11,14.5,10.71,18.76,12,,14.1,21.35,17.88,14,15.8,,14.9,,13.2,13.8,11.5,,11.05,10.92,18.46,,2.93,21,48,9,27,69,0.608361361,0.82264926
Oklahoma St.,Cincinnati,-22,-17.59,-11.78,-27.85,-22.26,-23.5,-22.63,-16.12,,-20,-16.86,-19.75,-13.37,-21.97,-26.49,-29,,-17.17,-28.36,-17.53,-33.83,-28.39,-23.3,-6.5,-20.4,-22.26,-22.8,-17.79,-21.5,-24,-18.19,-23.31,-20.5,,-15.5,-30.1,-17.9,-29,-17.3,,-24.3,,-20.8,-16.4,-22,,-34.13,-28.67,-29.67,,6.42,49,17,9,-32,66,0.500698906,0.09975083
Rutgers,Oregon,-17.5,-14.79,-17.68,-18.53,-16,-5.84,-18.98,-14.98,,-14,-13.48,-20.6,-9.6,-16.48,-15.03,-15,,-12.25,-16.29,-12.69,-22.62,-11.49,-20.55,-17,-19.6,-16,-17.32,-15.67,-17.5,-23,-11.6,-16.57,-14.5,,-13.3,-15.75,-12.71,-26,-14.7,,-16,,-18.2,-15.7,-17.5,,-28.65,-23.94,-14.5,,4.53,56,10,9,-46,66,0.524632186,0.159086409
Sam Houston St.,UTEP,-3,-0.22,4.39,-14.56,-7.01,-2.26,-2.02,0.14,,4.5,-1.41,3.11,-4,-0.65,-0.69,-8,,1.28,-1.1,11.25,-7.9,-4.74,5.32,11.5,-0.9,-0.69,2.55,1.8,-3,-2.7,-2.47,-0.38,-2.5,,2.8,2.87,4.07,-13,2.1,,-3,,-4.2,1.4,-3,,-2.35,-5.51,-5.15,,5.77,35,17,9,-18,52,0.555329202,0.484650573
South Alabama,Arkansas St.,7.5,7.1,8.7,8.75,6.44,0.36,9.05,7.72,,5,7.83,11.14,-7.76,5.94,2,-1,,7.63,3.42,3.45,5.55,5.61,4.47,10.5,6.8,6.69,6.69,5.2,7.5,4.9,3.48,8.07,8,,10.6,5.3,4.31,8,11.2,,6.8,,9.2,10.2,7.5,,17.65,9.84,-6.78,,4.19,15,14,9,-1,29,0.462153534,0.641237282
South Carolina,Oklahoma,-5,3.13,-1.65,-13.43,-6.15,-2.51,7.18,-4.37,,-5.5,2.36,-1.83,-6.78,-2.79,-4.39,-11,,-5.59,1.89,0.7,-7.51,-8.46,2.51,8,-5.5,-2.51,-3.41,0.15,-5,-9.4,-1.02,-1.74,-4,,2.3,-7.35,0.54,-10,1.5,,-5.5,,0.6,1.2,-5,,-9.07,-0.37,-6.45,,5.08,26,7,9,-19,33,0.55274434,0.433528659
South Florida,Florida Atlantic,21,23.97,16.6,25.43,25.69,23.76,24.38,19.77,,23,24.3,21.52,18.34,25.53,30.99,15,,26.44,25.75,25.91,37.39,36.11,22.2,10.5,20.7,25.69,19.51,26.6,21.5,17.5,19.59,28.38,21,,25.7,32.55,31.79,36,26.7,,26.7,,20.1,24.2,21.5,,39.57,34.17,29.58,,6.51,13,48,9,35,61,0.604118849,0.931620585
Stanford,Florida St.,-18,-12.36,-12.96,-27.27,-23.15,-23.35,-16.69,-16.81,,-9,-14.06,-15.4,-10.65,-16.65,-15.47,-21,,-10.64,-11.85,-6.96,-35.19,-24.89,-7.24,-2.5,-15.6,-15.47,-17.04,-10.16,-17.5,-23,-11.13,-16.03,-17.5,,-13,-19.6,-6.33,-33,-13.5,,-23.2,,-17.8,-14.2,-18,,-27.9,-28.29,-19.79,,7.88,13,20,9,7,33,0.530357318,0.173761031
Syracuse,Pittsburgh,-10,-1.14,-2.49,-9.66,-4.37,-13.36,-6.3,-4.18,,2,-1.78,-4.04,-3.4,-4.52,-3.58,-10,,-6.65,-7.51,3.38,-11.77,-8.37,-6.14,2.5,-3.4,-4.18,-5.31,2.24,-11,-7.1,-2.97,-2.13,-10.5,,-5.6,-1.75,-0.35,-10,-2.9,,-6.1,,-7.6,-2.7,-9,,-12.35,-12.28,-5.35,,4.52,30,13,9,-17,43,0.63005031,0.392108264
TCU,Baylor,3,6.81,4.8,8.64,11.67,1.61,7.18,8.28,,9,6.51,3.85,7.05,6.37,6.88,1,,5.24,3.36,1.86,10.76,7.63,3.95,5,6.8,6.8,7.46,7.16,3,3.2,3.41,10.75,3.5,,3.1,9.45,6.98,7,4.5,,4.6,,4.6,4.2,3.5,,18.57,9.41,7.39,,3.39,36,42,9,6,78,0.582230727,0.652623754
Toledo,Kent,26,27.57,28.53,33.82,22.34,16.62,31.03,19.25,,20.5,30.06,28.14,13.28,24.96,21.58,18,,25.96,20.55,16.14,26.86,14.05,20.64,21,25.8,25.8,25.8,26.43,26,24.5,24.13,29.05,24,,28.7,21,34.04,29,31.3,,28.3,,26.4,28.3,26,,37.65,30.66,20.3,,5.83,10,45,9,35,55,0.475479899,0.930032979
Tulane,Army,9.5,13.09,8.6,9.39,8.9,17.55,13.55,9.86,,16.5,11.55,6.39,13.93,11.18,10.94,8,,8.49,9.63,12.57,11.13,11.96,12.96,2.5,3,11.24,8.87,16.19,9.5,7.6,11.24,8.76,10.5,,12.7,21.35,7.59,5,12.6,,11.8,,11.3,12.8,9.5,,9.97,13.56,18.35,,3.79,17,24,9,7,41,0.54099483,0.753341697
UAB,Memphis,-21.5,-21.32,-21.53,-27.82,-19.89,-30.45,-29.44,-19.73,,-26,-19.9,-20.92,-12.74,-24.35,-27.22,-27,,-22.59,-28.5,-21.76,-29.5,-28.96,-31.93,-11.5,-21.3,-23.45,-20.27,-20.44,-21.5,-17.5,-25.66,-23.76,-21,,-21.4,-30.45,-20.29,-34,-24,,-23.8,,-22,-22.4,-21.5,,-36.15,-27.29,-24.46,,5.7,24,31,9,7,55,0.432903275,0.074396966
UCLA,Maryland,3,3.4,0.89,-14.57,-10.76,-5.03,4.46,-0.28,,-2.5,3.92,-8.52,-8.38,-1.71,-3.63,-13,,4.22,3.42,1.75,-7.25,-7.01,2.79,5.5,-3.4,-0.28,-3.4,2,3,2.1,0.03,1.67,2.5,,1.9,-7,4.06,-13,2.3,,-0.7,,-0.7,1.3,3,,3.9,2.07,-1.96,,5.72,17,20,9,3,37,0.390069663,0.45963913
Utah St.,San Jose St.,4,6.11,3.07,4.57,10.63,9.83,9.43,3.85,,11,5.16,2.3,8.09,5.21,4.38,10,,2.26,4.07,3.34,9.9,9.13,5.76,2,1.3,4.38,4.17,4.59,3,3.3,4.26,11.21,3.5,,0.4,8.4,-4.04,13,0.8,,5.9,,1,0.01,4,,3.32,8.94,7.41,,3.85,25,30,9,5,55,0.529526441,0.625125543
Vanderbilt,LSU,1.5,-0.54,-3.22,3.79,0.35,1.26,-0.32,-3.79,,-4.5,-0.72,-0.89,-2.44,0.03,6.21,3,,0.14,3.16,-4.36,2.09,4.37,-3.46,0.01,0.5,-0.09,0.65,-1.44,2.5,-3.6,2.54,2.65,1.5,,0.01,0.01,-3.35,3,-0.8,,-0.5,,-3.6,-1.6,1.5,,8.32,1.55,-0.09,,3.39,24,31,9,7,55,0.463923219,0.500737267
Virginia,Washington St.,17.5,17.9,9.38,26.81,17.81,16.98,24.31,8.71,,12,17.07,8.98,10.06,16.47,15.92,16,,20.35,17.48,18.69,21.76,17.52,22.04,1,11.2,17.48,14.68,15.84,17,15.5,18.74,18.76,17.5,,13.6,17.5,17.88,28,16.7,,19.8,,18.7,16.9,17.5,,25.25,16.76,19.35,,5.25,20,22,9,2,42,0.475440047,0.837694773
Western Kentucky,Florida Intl.,10,15.91,16.55,17.56,11.04,17.47,18.77,18.4,,23.5,15.7,15.64,14.35,15.68,16.01,15,,15.53,23.33,20.85,16.54,19.14,18.27,9.5,12.1,15.64,13.36,15.61,10,5.1,9.73,13.02,7.5,,13,21.35,14.45,18,13.4,,13.8,,12.2,12.9,11,,20.28,20.48,13.53,,4.03,25,6,9,-19,31,0.635636455,0.830821492
Wisconsin,Ohio St.,-25,-22.68,-26.69,-38.97,-20.12,-41.67,-31.78,-24.37,,-26.5,-18.73,-29.42,-12.99,-26.74,-29.45,-27,,-25.73,-36.97,-17.45,-31.45,-28.67,-33.96,-15.5,-28.1,-26.5,-24.91,-24.79,-25,-25.5,-23.43,-32.15,-27,,-25.1,-26.07,-23.2,-31,-26.6,,-28,,-23.3,-26.5,-25,,-20.8,-32.97,-29.45,,6.27,34,0,9,-34,34,0.459401488,0.058601676
Arizona St.,Houston,7,9.01,7.64,2.19,2.79,9.51,10.7,8.81,,4,8.54,9.8,2.03,8.71,9.91,-3,,11.19,12.53,8.69,4.02,7.36,11.87,16.5,10.6,8.7,5.56,8.63,7,7.3,5.95,10.08,7.5,,14.6,5.95,15.41,6,15.2,10.14,7.4,1.7,8.7,13.4,7,36.59,9.65,6.79,12.09,,4.03,24,16,10,-8,40,0.541574455,0.702558654
Arkansas,Auburn,2.5,1.55,0.53,-4.55,0.47,1.18,5.39,0.73,,1,1.05,-3.26,-1.15,-0.48,3.27,-1,,0.05,0.22,-2.52,0.61,-0.07,5.47,3.5,-3.5,0.09,-0.91,-0.96,1,0.1,0.08,2.15,1,,-2.2,-3.85,2.87,-8,-2.8,0.11,-2,-4.01,0.8,-3,2,-5.76,-3.55,3.16,-7.06,,2.8,33,24,10,-9,57,0.42666552,0.488122168
Arkansas St.,Georgia Southern,1,3.36,0.2,0.28,0.01,0.9,6.71,2.24,,1.5,2.21,0.71,1.81,1.66,5.82,-1,,3.29,2.05,-1.7,0.55,3.45,5.01,-1,0.01,1,0.49,1.5,1.5,1.4,1.96,2.41,2,,-1.2,0.01,-2.78,1,-0.7,5.52,0,-1.18,0.3,-0.3,1,17.16,9.9,0.29,8.69,,2.56,24,34,10,10,58,0.516370575,0.541112996
Buffalo,Akron,10,12.12,10.88,13.87,8.47,14.55,11.96,15.3,,14,12.77,14.96,8.64,12.76,4.8,11,,15.93,8.95,12.85,8.88,13.66,7.11,16,13.6,12.75,10.77,12.73,9.5,23,8.8,9.13,10.5,,15.5,12.25,22.26,11,15.9,17.81,15.1,-1.29,12,15.4,10,8.64,18.13,9.91,7.08,,3.78,24,16,10,-8,40,0.567158784,0.782889812
Central Mich.,Massachusetts,16.5,21.91,18.26,22.3,14.4,24.76,23.36,17.07,,24,19.93,15.25,16.45,19.71,28.93,17,,17.31,29.7,21.63,19.21,16.93,21.21,7,16.3,19.21,16.19,25.52,16,22.5,14.13,22.37,16,,18.4,16.02,22.03,20,18.2,18.87,19.2,23.93,21.6,18.9,17,19.87,7.93,22.57,32.14,,4.62,13,38,10,25,51,0.576977511,0.88341305
Charlotte,North Texas,-26,-22.06,-19.4,-29.76,-27.27,-28.26,-23.83,-22.96,,-27,-23.67,-26.76,-13.17,-26.11,-31.24,-33,,-24.44,-23.18,-19.34,-38.77,-34.99,-21.99,-9,-25.7,-25.56,-20.49,-23.02,-26,-25.5,-23.4,-30.66,-27,,-17.4,-32.07,-26.06,-34,-19.3,-40.61,-28.4,-30.06,-24.3,-18.6,-26,-41.85,-42.85,-32.79,-28.62,,7.53,54,20,10,-34,74,0.497502468,0.068639898
Cincinnati,Baylor,3.5,7.81,3.81,16.12,11.02,12.75,9.66,6.95,,15.5,6.2,3.95,9.33,6.54,8.67,12,,3.05,5.86,5.93,13.53,8.32,7.55,-4,6.2,6.58,8.55,8.33,4,4.3,4.58,5.42,5,,-1.9,13.65,-1,1,-1.3,9.17,7.2,1.66,3.3,-0.4,4,-0.12,4.75,10.05,7.33,,4.83,20,41,10,21,61,0.57268117,0.653257641
Delaware,Middle Tenn.,9.5,14.1,5.63,15.92,13.98,13.07,13.47,6.74,,14.5,12.85,14.41,13.53,11.35,9.59,12,,9.38,4.69,6.54,12.88,8.87,10.4,12,8.2,12,11.15,17.44,9.5,10.1,7.77,14.71,10,,10.2,13.88,13.2,6,10.1,10.01,13,13.58,10.9,9.2,9.5,26.52,13.6,11.99,13.25,,3.2,28,31,10,3,59,0.545478336,0.758320556
Eastern Mich.,Ohio,-12,-8.85,-13.35,-12.12,-14.46,-16.7,-9.17,-9.79,,-11,-9.35,-16.04,-10.36,-12.53,-9.03,-13,,-11.37,-14.23,-7.88,-17.35,-12.91,-12.06,-15.5,-13.4,-12.42,-12.41,-10.24,-12,-15.5,-8.8,-15.4,-10,,-14.2,-14,-11.46,-16,-16.2,-13.98,-12.9,-3.6,-11.4,-13.5,-12,-2.26,-12.32,-11.06,-11.19,,2.56,28,21,10,-7,49,0.486853158,0.217922356
Florida Intl.,Kennesaw St.,-3,2.35,5.2,-0.1,-3.5,-6.33,5.02,-9.51,,1,0.77,1.53,-7.89,-3.98,-8.61,-6,,-3.46,-13.71,-1.68,-10.35,-16.3,1.05,7,-4.5,-2.27,0.88,1.35,-3,-1.7,-2.43,-2.13,-1,,-1.8,-10.5,-0.72,-13,-2.4,-17.75,-1.4,-2.76,-0.8,-1.2,-3,-16.92,-5.88,-9.07,-10.63,,6.1,45,26,10,-19,71,0.4770217,0.40747381
Fresno St.,San Diego St.,-3,-0.5,0.32,-9.96,-9.17,-11.95,-2.54,-5.16,,5,-1.82,-0.06,-3.98,-4.46,-8.45,-9,,-1.36,-13.6,5.79,-12.12,-8.39,-3.58,8,-6.4,-2.88,-1.6,1.83,-3,-2.4,-2.65,-7.56,-2.5,,-2.2,-5.95,-2,-11,-2,-10.78,-1.8,-3.57,-3.1,-1.7,-3,22.78,-6.08,-14.99,-12.68,,5.68,23,0,10,-23,23,0.465493808,0.395677179
Georgia St.,South Alabama,-6.5,-6.33,-7.27,-9.22,-3.88,-5.05,-10.02,-4.99,,0.5,-7.46,-10.76,-1.7,-6.68,-7.44,-8,,-7.49,-6.08,2.53,-8.42,-7.91,-7.13,-7,-7,-7.05,-7.32,-3.67,-6.5,-7.1,-5.06,-8.94,-6.5,,-6.5,1.05,-8.07,-16,-7,-11.79,-8.3,-8.96,-7.8,-7.9,-6.5,-17.41,-16.17,-6.95,-6.95,,3.99,38,31,10,-7,69,0.495612681,0.341587981
Georgia Tech,Syracuse,17,14.47,11.71,24.73,14.52,14.07,15.86,15.15,,21,12.07,14.82,16.25,16.02,16.31,16,,14.95,22.28,12.05,16.93,17.98,20.93,1.5,12.5,15.93,12.8,17.62,17,16,13.53,15.34,17.5,,17.8,25.2,7.16,17,14.7,18.49,14.1,17.99,16.6,13.8,17,19.87,21.65,20.42,19.66,,4.47,16,41,10,25,57,0.476306461,0.834333093
Indiana,UCLA,26,23.15,20.58,48.04,29.56,23.44,25.38,20.57,,26.5,20.46,24.95,18.18,27.05,28.34,28,,29.94,22.6,20.82,37.44,32.39,21.63,20,26.1,26.55,28.78,26.83,25,25,26.37,30.13,24,,24.3,27.25,29.63,32,26.6,38.46,29.3,27.86,21,24.1,26,30.34,30.4,30.45,30.71,,5.94,6,56,10,50,62,0.524700062,0.94476004
Iowa,Minnesota,9.5,10.4,9.79,15.15,10.26,-3.27,13.15,13.63,,5.5,10.08,13.74,8.24,10.88,11.89,3,,13.76,8.91,4.91,12.56,13.47,10.81,6.5,11.9,10.51,7.47,9.25,9.5,9.7,8.79,13.03,8,,9.7,9.45,10.61,13,10.2,19.78,11.4,-1.08,13,9.8,9.5,32.8,18.65,17.07,12.95,,4.42,3,41,10,38,44,0.533370906,0.745456586
Iowa St.,BYU,2.5,1.1,2.56,-9.64,-1.61,-5.96,-0.34,1.51,,-6.5,2.78,2.94,-5.52,-2.07,-4.79,-7,,3.49,-5.91,-5.33,-5.09,-4.88,-5.72,-1.5,-1.9,-2.4,-2.86,0.04,2.5,1.5,-1.03,-2.59,2,,3,-4.55,7.56,-10,2.9,-2.82,-2.2,-12.92,-3.4,3.3,2,6.59,5.57,-3.44,-11.8,,4.22,41,27,10,-14,68,0.390415239,0.449854663
Kansas,Kansas St.,3.5,2.67,-0.85,2.14,2.56,-0.82,1.89,-0.22,,10,1.96,1.99,5.02,2.47,4.65,6,,3.31,-2.12,4.91,3.58,5.77,-2.4,-5.5,1.7,2.48,3.21,3.71,3,2.4,1.66,3.23,3,,1,8.75,-6.45,6,0.2,7.48,5.4,1.03,-0.3,-0.2,3.5,8.6,1.85,4.63,3.94,,3.44,42,17,10,-25,59,0.474719812,0.560431014
Kent,Bowling Green,-8.5,-9.92,-15.55,-10.04,-6.63,-3.24,-11.2,-5.99,,-7,-10.82,-18.33,-5.41,-9.94,-6.08,-9,,-10.94,-5.46,-8.77,-10.44,-6.54,-13.03,-8,-10.9,-9.98,-13.47,-10.13,-7,-9.9,-9.57,-10.87,-9.5,,-13.8,-6.3,-11.82,-14,-17.2,-7.33,-9.9,-12.66,-8.5,-13.5,-8.5,11.12,-11.72,-7.42,-11.64,,3.42,21,24,10,3,45,0.464669395,0.270230478
Kentucky,Tennessee,-8,-5.8,-9.84,-9.62,-7.6,-8.75,-5.08,-5.48,,-10.5,-5.04,-8.41,-7.36,-8.44,-7.68,-18,,-6.88,-9.01,-7.69,-9.7,-7.87,-9.71,-15,-8.1,-8.13,-8.98,-8.49,-9,-12.2,-7.26,-10.31,-8.5,,-6.2,-13.3,-7.63,-11,-6.8,-6.38,-8.7,-5.07,-7.5,-6.6,-8,-16.03,-5.57,-8.16,-13.04,,2.67,56,34,10,-22,90,0.489096796,0.300031567
LSU,Texas A&M,-2.5,1.8,1.51,-0.97,0.4,-0.64,2.25,-0.12,,-4.5,2.78,3.19,-4.39,-0.91,-4.67,-4,,-1.19,0.95,-1.46,-1.68,-3.73,-3.98,0.01,-3.2,-0.53,-0.1,-0.56,-2.5,-3.3,-0.51,-0.41,-1.5,,3.8,-2.8,7.01,1,3.6,-2.69,0.3,-12.24,-1.7,3.9,-2.5,-7.29,-7,1.81,-15.74,,3.06,49,25,10,-24,74,0.539171387,0.477556862
Louisiana Tech,Western Kentucky,3,7.75,0.96,5.85,15.28,8.19,7.96,6.94,,1.5,7.9,7.1,10.9,8.48,11.23,3,,8.89,18.66,-5.6,14.8,15.76,6.16,-0.5,10,7.9,3.35,7.9,3,4,6.42,13.99,3,,3.2,12.6,4.97,16,3.7,20.13,7,2.31,6,3.5,4,9.53,11.47,8.95,14.29,,6.06,28,27,10,-1,55,0.626476966,0.691148361
Louisville,Boston College,25.5,25.66,21.15,33.34,27.16,27.92,29.26,29.08,,28,22.33,29.1,18.89,27.87,32.78,22,,24.97,33.56,23.31,33.23,36.57,31.28,12.5,28.3,28.15,21.81,29.24,25.5,24,20.63,29.12,23.5,,13.7,42.35,18.94,40,23.3,39.92,22.4,20.65,23.5,22.6,25.5,15.43,34.65,33.32,32.53,,7.1,24,38,10,14,62,0.554196926,0.9454765
Memphis,South Florida,-5.5,0.59,4.62,0.51,-3.45,-4.97,1.95,1.4,,4.5,0.34,4.76,-4.17,-2.6,-9.77,-2,,2.13,-8.96,-4,-10.12,-6.37,-2.15,8.5,0.3,-2.27,0.63,-0.89,-5,-3.2,-0.03,-1.55,-3.5,,-2.6,-4.1,-7.69,-10,-2.4,-6.92,-3.6,-5.76,-0.8,-1.9,-5,-5.85,-5.57,-7.73,-15.54,,4.57,31,34,10,3,65,0.569673777,0.437471113
Miami (Fla.),Stanford,30,26.47,24.89,36.38,31.07,27.86,30.89,25.39,,19.5,24.76,27.5,17.61,27.95,26.44,19,,34.28,23.25,18.97,34.32,31,23.68,24.5,26.5,27.86,22.75,27.86,30,30,26.97,27.97,30,,31.2,31.15,27.27,36,29.3,37.4,29.4,6.01,27.6,28.5,30,59.48,28.85,32.12,28.25,,5.26,7,42,10,35,49,0.451216276,0.952678318
Miami (Ohio),Western Mich.,2,2.28,4.6,-6.17,-5.61,-0.69,1.87,1.19,,3,1.25,6.94,-2.65,0.72,0.88,-2,,2.68,5.47,7.64,-8.67,-6.45,3.82,11.5,2.9,1.56,2.06,3.27,1.5,3.3,0.48,-0.15,1,,6.2,-1.05,8.81,-7,6.4,-7.21,0.8,0.41,2,5.2,2,18.6,-3.23,-5.49,-10.4,,5.11,17,26,10,9,43,0.469407368,0.517219905
Michigan St.,Michigan,-14,-9.14,-18.91,-20.86,-10.34,-16.34,-9.92,-15.42,,-13,-9.08,-17.64,-8.72,-15.13,-17.18,-12,,-15.05,-17.92,-7.96,-17.03,-14.83,-14.31,-9.5,-18.9,-15.23,-14.1,-10.49,-14.5,-16.5,-14.62,-18.93,-13,,-14,-18.55,-8.92,-23,-16.5,-17.07,-15.4,-8.1,-14,-15,-14,-31.69,-27.13,-18.27,-15.73,,4.43,31,20,10,-11,51,0.472667766,0.179296681
Mississippi St.,Texas,-7.5,-8.46,-13.29,-1.21,-3.09,1.76,-7.99,-8.11,,-6.5,-8.31,-15.33,-2.89,-7.81,-2.99,-1,,-8.49,-6.64,-5.99,-6.45,-3.57,-11.71,-16.5,-8.1,-8.05,-7.48,-10.78,-7,-9.2,-9.22,-7.83,-7,,-11.1,-4.9,-16.53,-6,-11.8,-4.91,-9.5,-1.68,-10.4,-12.3,-7.5,-0.57,-10.85,-4.71,-3.3,,4.24,45,38,10,-7,83,0.492474218,0.317290929
Navy,Florida Atlantic,14,15.39,17.12,19.93,11.58,14.32,13.69,13.42,,19,15.09,12.9,15.6,16.4,9,17,,17.41,13.68,20.88,14.46,14.15,13.49,19,16.7,15.5,14.14,19.2,14.5,18.5,10.98,17.27,14,,23.6,25.9,25.74,8,22.3,14.55,17.1,13.14,12.9,20.1,14,19.6,14.63,14.02,17.38,,4.05,32,42,10,10,74,0.558234806,0.841599
Nebraska,Northwestern,7.5,9.17,9.63,10.31,8.77,5.49,7.03,2.91,,5.5,9.76,9.18,3.4,7.49,4.88,5,,10.45,3.05,3.89,8.27,4.44,2.19,11,9.1,8.05,10.58,11.02,7.5,8.7,7.2,7.71,8.5,,10.9,8.4,7.82,7,10.7,9.45,12.6,0.01,7.7,11.3,7.5,20.38,12.03,1.35,5.49,,3.11,21,28,10,7,49,0.499753374,0.678329222
Nevada,Boise St.,-21.5,-19.92,-22.09,-18.1,-17.43,-13.47,-20.75,-22.05,,-21.5,-20.58,-22.91,-12.17,-22.91,-20.9,-23,,-17.54,-23.22,-25.22,-24.29,-24.4,-26.07,-15.5,-25.7,-23.07,-18.68,-22.31,-21.5,-25.5,-22.2,-22.04,-21.5,,-28.8,-29.75,-31.61,-26,-30,-24.84,-24.3,-30.63,-21.7,-27.8,-21.5,-40.31,-24.85,-26.58,-23.47,,4.35,24,3,10,-21,27,0.465866143,0.08197432
New Mexico,Utah St.,3,1.44,0.08,3.29,1.86,1.7,-1.93,2.11,,2.5,1.26,2.84,2.24,2.79,5.07,-4,,2.99,1.84,4.72,2.32,2.85,-0.95,7.5,3.9,2.16,2.22,4.07,3.5,2.7,1.72,2.09,2.5,,2.2,1.4,0.83,1,1.4,6.64,1.2,1.12,1.3,2.2,3,-1.07,16.17,2.12,9.22,,3.09,14,33,10,19,47,0.494819684,0.568486231
New Mexico St.,Missouri St.,-1,0.34,-2.47,9.14,2.13,7.12,1.31,2.73,,5,-0.71,0.59,1.29,1.27,2.05,5,,0.76,19.1,4.76,-0.05,0.43,1.03,4.5,0.6,0.68,-1.85,-0.05,-1,0.1,-0.55,0.91,-1.5,,-4.7,-1.4,1.63,-1,-5.5,4.59,1,-16.7,0.2,-3.1,-1,8.67,1,-0.38,-2.92,,4.23,24,17,10,-7,41,0.554951418,0.530810919
North Carolina,Virginia,-10.5,-8.67,-3.83,-18.21,-20.83,-16.68,-10.07,-12.23,,-14.5,-7.9,-12.36,-11.91,-15.59,-22.08,-23,,-11.2,-15.66,-10.26,-27.88,-28.65,-16.6,6,-15.6,-13.7,-10.71,-10.15,-10.5,-9.3,-11.74,-19.08,-9,,0.9,-26.25,,-35,-8.8,-31.26,-13.7,-20.05,-9.1,-7.5,-10.5,-26.87,-27.28,-19.68,-25.88,,9.19,17,16,10,-1,33,0.390693321,0.197666955
Northern Ill.,Ball St.,6,3.99,6.63,4.36,2.21,-3.48,3.02,4.12,,-2,6.68,8.96,-6.51,3.73,-1.84,-2,,9.52,4.59,3.44,1.8,2.3,-9.26,13,7.9,4.24,5.27,2.03,6,4.7,4.45,4.71,5.5,,9.2,1.77,9.95,2,9.4,6.83,6,-12.56,5.6,8.9,6,-1.74,7.42,1.32,-5.81,,4.64,7,21,10,14,28,0.445413316,0.589219992
Oklahoma,Mississippi,5,3.24,-1.28,16.15,2.74,4.84,2.73,4.14,,2.5,3.83,2.42,3.7,3.12,6.07,-1,,6.63,1.23,-1.14,2.93,4.39,1.31,-7.5,3.4,3.18,-0.33,2.83,5.5,3,1.2,4.06,4,,3.9,3.15,2.07,5,3.2,7.48,4.1,-0.73,2.9,3.5,5,16.04,-3.35,6.89,3.93,,3.73,34,26,10,-8,60,0.45410895,0.575865225
Old Dominion,Appalachian St.,13.5,14.65,8.42,7.52,22.5,13.54,16.94,8,,12,15.28,14.12,11.39,13.29,11.58,6,,14.07,7.94,6.63,20.93,15.09,10.25,10.5,12.8,13.51,13.48,13.58,14,11.1,11.28,18.86,13,,9.7,16.45,14.91,22,10,18.49,15.8,12.3,9,9.1,13.5,14.37,19.25,17.02,20.73,,4.34,21,24,10,3,45,0.494909301,0.79033342
Oregon,Wisconsin,31.5,29.77,27.35,40.9,27.04,25.75,37.46,25.94,,23.5,27.39,29.57,18.07,30.17,24.94,27,,31.48,37.42,18.11,36.55,26.58,32.83,25,34,29.74,29.3,29.7,31.5,24.5,29.33,35.05,34.5,,29.2,31.85,33.6,31,31.5,34.67,30.5,17.43,28.9,31.3,31.5,2.18,38.88,42.07,30.71,,5.74,7,21,10,14,28,0.468600608,0.963051011
Pittsburgh,NC St.,6.5,10.89,6.41,7.4,7.81,19.84,18.2,5.2,,7.5,9.69,9.06,5.56,9.36,8.85,8,,4.23,14.91,8.72,9.65,4.62,17.44,7,6.6,8.84,10.57,7.05,6.5,4.9,4.43,9.35,9.5,,13.4,6.65,12.18,8,11.9,8.09,10.1,-2.31,11.7,11.5,6.5,40.56,20.17,9.09,7.22,,4.05,34,53,10,19,87,0.569293719,0.716115628
Purdue,Rutgers,-1,-1.35,-2.95,3.52,4.87,-3.41,-0.26,2.77,,-1,-1.51,-6.53,1.15,-1.56,1.19,-5,,0.72,-4.21,-8.04,2.15,3.47,-2.89,-1,-1,-1.19,-3.17,-2.97,-2.5,-3,-1.02,-0.45,-1.5,,-10.7,-1.75,-24.69,1,-11.5,5.34,-4.1,1.12,-1.5,-9.5,-1,-4.57,10.1,12.05,4.35,,6.26,27,24,10,-3,51,0.486910428,0.463580381
Rice,Connecticut,-10,-13.48,-5.63,-10.41,-10.29,-17.58,-17.15,-8.01,,-6,-15.25,-11.91,-6.7,-11.68,-10.61,-13,,-10.64,-12.71,-7.29,-18.19,-12.35,-13.01,-4.5,-9.3,-11.9,-11.08,-11.29,-10.5,-10.4,-9.01,-12.83,-10.5,,-11.9,-14.35,-17.42,-16,-12.3,-15.4,-15.2,-1.89,-14.1,-12.2,-10,-24.44,-9.18,-21.24,-6.31,,3.89,34,37,10,3,71,0.45906787,0.237433742
South Carolina,Alabama,-11.5,-8.67,-14.76,-25.32,-11.37,-16.78,-11.55,-14.19,,-16,-7.06,-13.03,-8.92,-12.78,-13.14,-17,,-12.02,-15.91,-7.44,-17.65,-13.37,-15.78,1,-14.7,-13.17,-14.47,-9.69,-11.5,-13.2,-10.48,-11.67,-13,,-6.1,-14,-9.01,-20,-7.7,-16.05,-15.2,-5.5,-14.3,-7.6,-11.5,-7.12,-20.43,-11.53,-15.98,,4.75,29,22,10,-7,51,0.46921423,0.220280758
Southern Miss.,Louisiana-Monroe,13.5,15.7,8.04,17.4,19.82,19.82,20.5,14.54,,13,16.1,10.61,14.5,14.73,12.42,16,,13.06,15.21,8.96,24.17,15.03,20.55,0.5,13.3,14.55,11.35,12.98,12,8,12.79,16.88,11.5,,6.8,19.25,3.67,22,8.2,22.17,14.8,4.15,16.4,10,13.5,32.86,26.35,20.76,14.57,,5.85,21,49,10,28,70,0.528978124,0.808025537
Texas Tech,Oklahoma St.,36.5,35.1,23.94,51.68,34.34,36.93,42.8,30.34,,34,32.9,36.12,19.19,38.08,49.62,37,,40.59,41.2,24.66,45.24,43.29,39.3,22.5,36.6,36.58,33.28,35.35,-57,30.5,34.37,41.69,38.5,,30.9,44.1,37.35,52,33.2,54.74,41,44.82,38.5,33.2,36.5,52.99,62,48.89,33.11,,9.63,0,42,10,42,42,0.533904667,0.979854432
Troy St.,Louisiana-Lafayette,9.5,12.42,6.16,13.74,9.38,15.35,17.16,9.35,,16,9.58,4.4,11.79,11.2,15.05,9,,10.21,16.96,14.05,9.29,13.35,18.46,-8,7.1,11.64,7.42,12.56,9.5,6.8,7.19,11.49,9.5,,6.1,17.5,5.63,12,8.1,14.55,9.4,3.6,12.5,7.5,9.5,3.89,20.35,9.63,16.96,,5.14,23,35,10,12,58,0.540576369,0.748968757
Tulsa,Temple,-5,-5.61,-3.34,-12.15,-6.64,-4.77,-7.22,-4.16,,-4.5,-7.16,-10.45,-5.66,-7.36,-5.12,-11,,-4.08,-13.45,-7.01,-10.32,-10.56,-8.99,0.01,-8.7,-7.22,-7.21,-4.25,-5,-3.6,-6.22,-7.72,-5.5,,-8.8,-9.8,-4.34,-11,-8.5,-11.93,-8.6,-28.08,-6.7,-7.4,-5,-40.6,-7.25,-10.06,-4.13,,3.08,38,37,10,-1,75,0.441981666,0.324498385
Utah,Colorado,14,14.43,12.92,27.67,14.67,14.22,18.42,14.92,,14,13.41,13.88,12.29,14.88,15.98,13,,14.48,15.64,11.74,19.43,17.03,10.48,-4.5,15,14.68,11.39,13.77,13.5,15.5,11.29,16.67,15,,9.9,15.75,8.68,21,10.6,22.68,18.7,1.98,17.3,11.5,14,24.67,24.23,21.19,18.32,,5.21,7,53,10,46,60,0.521003818,0.8134427
Vanderbilt,Missouri,3,3.71,-2.42,1.27,4.58,2.18,4.48,-1.44,,4,3.02,2.74,2.46,2.67,3.79,1,,2.06,5.91,5.06,3.35,5.64,3.55,-3.5,1.9,3.22,1.8,3.71,2.5,-7.3,1.3,3.08,2.5,,5.2,4.55,2.44,2,4.8,7.01,2.3,1.32,0.9,4.3,3,-8.64,4.75,4.81,3.65,,2.79,10,17,10,7,27,0.491832741,0.565784178
Virginia Tech,California,6,4.62,3.23,-7.5,6.29,-5.33,5.22,6.05,,-3,7.46,7.25,-2.69,3.05,3.99,-7,,1.74,2.48,-1.98,8.09,4.81,2.28,3.5,2.1,3.37,1.52,1.42,5,2,6.92,6.69,5,,7.7,-5.6,2.09,10,2.8,7.98,3.8,-3.42,1.1,3.2,6,1.9,-1.05,15.15,11.95,,4.84,34,42,10,8,76,0.429457907,0.57290699
Wake Forest,SMU,-3,-5.42,-6.99,-5.55,1.79,-7.67,-6.15,-2.91,,-4.5,-5.27,-10.46,-1.15,-5.33,-1.96,-1,,-5.71,-8.46,-8.88,1.76,-0.38,-10.08,-12,-5,-5.16,-5.06,-6.34,-3,-4.9,-4.95,-4.95,-3.5,,-15.6,-2.8,-17.86,-1,-14.1,-0.29,-7.6,2.24,-11.1,-12.9,-3.5,-12.35,-0.1,6.93,2.72,,5.06,12,13,10,1,25,0.444392872,0.37452456
Washington,Illinois,3.5,4.64,4.52,16.35,2.48,-0.15,4.13,4.02,,2,5.89,2.08,-2.39,2.62,-2.53,2,,5.02,0.98,-0.61,4.18,-1.23,1.37,-2,2.8,2.28,5.46,3.87,4,4.2,2.84,3.59,5.5,,0.6,0.7,-2.57,-1,1.8,0.22,1.8,-11.22,4.1,1.5,3.5,12.24,10,3.32,9.61,,3.57,25,42,10,17,67,0.478435197,0.563959116
Washington St.,Toledo,-1.5,1.98,5.09,-14.53,-0.71,-5.06,0.73,6.07,,3,-0.41,8.57,4.75,1.77,9.25,-10,,1.77,4.98,2.7,-2.11,4.81,3.37,2,2,1.99,1.3,4.69,1.5,-1,-1.74,-2.1,2,,1.4,5.95,-10.75,2,3,3.93,-5.9,5.33,-2.4,0.2,-1,-3.61,3.83,-4.03,14.92,,5.01,7,28,10,21,35,0.577871756,0.542342251
West Va.,TCU,-17,-8.69,-10.63,-10.76,-13.78,-14.55,-9.77,-11.46,,-9.5,-9.4,-12.2,-10.17,-13.3,-8.15,-13,,-12.12,-16.94,-6.69,-14.3,-13.07,-13.49,-10,-16.2,-12.64,-11.43,-9.12,-15.5,-16,-10.15,-15.21,-14.5,,-15.4,-18.2,-21.77,-17,-16.9,-14.01,-11,-1.34,-17.6,-15.9,-16.5,-6.46,-28.38,-14.39,-11.22,,4.28,23,17,10,-6,40,0.589022955,0.209286292
Wyoming,Colorado St.,4.5,4.94,5.47,6.1,2.34,-0.82,8.02,4.18,,6,3.02,3.3,6.41,3.38,5.64,2,,0.55,3.54,0.11,0.61,-0.48,5.5,-4.5,3.5,3.52,3.2,4.29,4.5,4.4,0.57,6.02,4.5,,0.7,4.9,3.29,2,1.7,-1.48,2,2.09,3.9,1.8,4.5,-0.11,6.75,6.38,4.1,,2.83,0,28,10,28,28,0.472313647,0.583012348
Air Force,Army,0,-1.9,-4.47,-2.62,-4.68,-0.01,0.01,-0.15,,1,-1.8,-9.11,-5.36,-4.63,-4.34,-2,,-4.34,-1.95,-6.12,-7.15,,-2.47,-13,-6.3,-4.55,-6.31,-4.55,-1,-3.2,-1.24,-4.38,0,,-7.1,-6.65,-2.17,-6,-6.6,-6.19,-0.9,-5.04,-1.5,-6.4,-1,-20.18,-13.43,-4.98,-7.37,,3.19,20,17,11,-3,37,0.387461993,0.387461993
Arkansas,Mississippi St.,5,5.56,4.39,-3.84,4.1,0.45,5.87,4.95,,2,6.73,0.89,-0.23,3.22,3.64,-4,,6.17,4.43,2.12,4.12,,2.65,10.5,1.7,3.64,0.66,4.67,4.5,4.6,2.5,4.14,4,,3.2,-2.07,6.45,1,3.2,4.35,3,-3.18,4.5,3.3,5,-0.52,2.5,6.68,-5.84,,2.86,38,35,11,-3,73,0.456065496,0.57911258
Auburn,Kentucky,11,14.62,9.61,19.8,11.22,14.11,16.88,10.5,,13,13.29,9.2,13.06,13.22,15.83,9,,11.91,15.69,12.31,12.88,,17.65,10,13.3,13.06,10.39,15.41,11,11.7,7.88,15.95,10,,11.5,17.85,10.17,10,13.2,15.85,13.7,4.03,11.7,12.7,11,15.56,13.3,14.27,14.58,,2.8,10,3,11,-7,13,0.554770382,0.793930439
Baylor,Central Florida,3.5,4.5,0.59,-6.86,-1.33,-4.63,2.35,0.68,,6,3.43,-0.56,3.17,2.8,4.15,-5,,5.38,2.85,10.51,-4.8,,3.66,7.5,1.2,2.85,-0.68,7.15,3.5,6.6,0.4,0.15,6.5,,5.3,4.55,16.75,-1,4.4,2.34,2.2,3.25,6.3,4.8,3.5,6.14,-1.42,-3.23,9.09,,4.84,3,30,11,27,33,0.483177263,0.566992898
Boise St.,Fresno St.,17,21.07,18.58,15.11,17.77,17.33,25.54,22.57,,13.5,21.08,20.57,14.81,20.63,24.45,9,,18.14,27.11,15.19,22.61,,21.63,14.5,21,21,15.31,19.65,17,24.5,18.84,23.38,17.5,,25.6,23.45,24.72,20,25.3,24.32,18.4,5.1,20.5,24.1,17.5,51.47,22.1,25.36,20.16,,4.3,30,7,11,-23,37,0.587345163,0.895151791
Boston College,Notre Dame,-31,-24.53,-29.72,-30.16,-32.42,-26.09,-27.3,-32.82,,-24,-22.98,-35.12,-13.22,-30.54,-34.53,-24,,-33.55,-35.24,-17.46,-39.67,,-34.55,-11,-33.9,-30.03,-26.53,-27.88,-28.5,-30.5,-29.32,-36.05,-28,,-20.2,-36.75,-22.74,-46,-27.5,-41.84,-30.2,-19.02,-29.4,-27.3,-31,-65.42,-50.67,-43.18,-30.03,,8.71,25,10,11,-15,35,0.5101351,0.045816312
Bowling Green,Buffalo,2,7.08,5.19,0.63,9.02,3.69,10.14,4.91,,4.5,5.85,7.25,6.44,4.57,7.74,-3,,3,4.69,3.76,9.12,,9.01,-2.5,6.4,4.91,6.7,6.12,2,-3.4,4.52,5.75,1,,-0.3,5.6,-5.27,1,1.5,9.94,3.1,0.16,2.3,0.8,2.5,-0.96,5.57,3.39,10.82,,3.79,28,3,11,-25,31,0.562559689,0.610261561
California,Virginia,-6,-5.94,-2.29,-11.27,-13.03,-12.05,-7.45,-6.13,,-7,-5.95,-6.82,-7.59,-8.55,-12.16,-12,,-4.99,-9.54,-6.69,-16.2,,-14.5,6,-7.9,-7.59,-5.94,-6.2,-4.5,-5,-4.68,-12.08,-3.5,,2.5,-14,-2.39,-20,-3.1,-15.8,-9.1,-4.64,-8.6,-3.5,-6,-8.56,-13.05,-11.43,-13.68,,5.55,31,21,11,-10,52,0.439742328,0.305592929
Clemson,Duke,3.5,7.89,8.83,2.07,0.7,-1.48,10.83,5.29,,2,8.61,-1.4,-1.63,3.54,-3.52,-8,,4.5,-3.09,3.47,-0.06,,2.2,9,6.2,2.8,3.82,5.78,2.5,2.8,2.24,2.26,3.5,,15.9,-2.8,9.17,2,10.3,-1.77,7.4,-5.85,5.9,9.8,3.5,-26.42,6.43,0.17,-3.07,,5.09,46,45,11,-1,91,0.500957214,0.584081145
Coastal Carolina,Marshall,-6.5,-2.18,-6.38,-5.29,-5.49,-4.9,-3.39,-5.41,,3.5,-4.93,-13.11,-1,-5.29,1.79,-6,,-6.04,-0.83,3.25,-12.45,,2.23,-6.5,-9.5,-5.41,-7.07,0.67,-6.5,-5.4,-5.79,-13.05,-3.5,,-10.7,-2.45,-2.36,-12,-10.4,-8.85,-6.4,1.4,-2.4,-8.2,-6.5,-2.41,-8,-9.73,-4.4,,4.8,27,44,11,17,71,0.529082834,0.374865628
Colorado,Arizona,-4.5,2.96,-0.28,-12.46,-0.49,-2,1.87,0.35,,2.5,2.35,6.64,-1.01,0.39,2.58,-8,,-3.7,1.52,2.25,-2.71,,3.01,14,0.3,0.3,-0.33,4.29,-4.5,-3.6,-1.92,1.39,-4.5,,5.7,-1.05,2.37,-3,5.5,-1.67,-1.9,0.51,-2.7,4.3,-3.5,16.97,-8.25,-2.66,1.31,,4.6,52,17,11,-35,69,0.616337638,0.509413158
Connecticut,UAB,11.5,14.77,7.29,18.33,12.86,5.99,18.87,5.27,,11.5,14.42,16.35,9.25,11.91,8.27,9,,13.78,1.65,10.5,11.8,,12.14,16,9.6,12.4,13.76,13.15,11.5,15,10.14,13.68,11.5,,15.7,10.85,21.2,12,16.2,12.42,15.7,-2.58,12.4,15.1,11.5,27.82,5.65,8.74,9.02,,4.03,19,38,11,19,57,0.509985977,0.766448221
Florida,Georgia,-7,-6.48,-14.24,-12.52,-10.25,-9.61,-8.53,-14.05,,-12.5,-4.13,-16.42,-7.6,-10.37,-8.26,-11,,-7.84,-11.01,-9.26,-10.94,,-15.23,-7.5,-17,-9.61,-9.96,-8.53,-7,-9,-9.31,-8.1,-7.5,,-6.7,-12.25,-4.94,-13,-7.9,-12.71,-9,-2.82,-10.4,-8.3,-7.5,0.3,-20.58,-9.6,-12.78,,3.48,24,20,11,-4,44,0.417860047,0.261700359
Florida St.,Wake Forest,10,9.77,9.55,17.87,13.6,9.91,9.12,6.19,,3.5,11.71,7,3.03,8.43,5.82,1,,13.81,-0.7,-3.81,15.86,,-7.62,2,7.9,9.12,11.86,9.47,10,8.7,11.25,11.01,8.5,,20.6,3.15,10.89,5,9.7,15.01,16,-0.68,8.2,10.8,10,19.39,15.13,1.13,8.14,,6.33,7,42,11,35,49,0.463403093,0.689084285
Houston,West Va.,13,14.88,8.22,17.34,16.3,15.63,16.6,10.7,,18.5,12.93,9.57,16.6,15.14,16.29,16,,9.63,17.85,14.71,15.34,,18.65,3.5,12.4,15.34,12.62,16.99,13,17,9.97,17.31,14.5,,13.8,27.65,15.66,15,13.7,15.17,11.7,5.57,15.2,13.9,13.5,15.09,23.45,16.18,20.82,,4.21,45,35,11,-10,80,0.551836044,0.821697241
Illinois,Rutgers,13,13.21,8.96,8.85,15.54,10.14,14.46,12.32,,13.5,12.67,9.32,12.25,13.14,16.2,6,,14.65,10.22,13.32,15.28,,13.71,15.5,11.6,13.21,10.02,14.04,12.5,11.9,9.16,16.24,12,,11,17.5,7.96,14,10.1,18.49,12.5,6.15,10.2,10.8,13,16.19,14.32,21.53,18.39,,3.22,13,35,11,22,48,0.503448141,0.791385206
Iowa St.,Arizona St.,7.5,3.92,6.83,5.33,6.81,5.47,3.53,6.26,,6.5,4.54,6.45,3.71,3.42,1.71,2,,6.53,2.05,-0.29,7.53,,-3.15,-0.5,2.5,3.71,5.18,3.62,8,3.6,4.21,3.46,5,,-0.5,4.2,4.97,1,-1.4,5.11,4.2,-0.22,-0.1,0.1,6.5,18.69,2.6,5.3,2.49,,2.65,24,19,11,-5,43,0.399940731,0.584138812
Kansas,Oklahoma St.,24.5,22.22,17.29,29.73,21.28,19.12,26.02,18.4,,22,22.48,25.3,16.99,23.81,27.88,19,,28.38,27.45,15.63,27.96,,23.79,12,26.2,24.26,23.19,21.4,24.5,24,22.91,26.32,25,,24.5,26.6,17.65,28,25.9,31.92,25.3,39.13,25.2,24.5,24.5,25.62,31.42,23.71,24.11,,4.7,21,38,11,17,59,0.483378191,0.924804273
Kansas St.,Texas Tech,-7,-2.03,-0.7,-10.48,-4.71,-6.04,-1.22,-0.99,,-10,-1.23,-2.27,-7.35,-5.62,-10.95,-19,,-7.53,1.05,-5.83,-10.05,,0.16,2,-6.5,-5.83,-6.6,-4.36,-7,-9.4,-3.61,-8.88,-7,,-0.6,-8.75,-4.93,-10,-0.5,-11.19,-10.7,-4.52,-3.6,-1.4,-7,-15.77,-13.9,-7.05,-13.53,,4.73,43,20,11,-23,63,0.533199577,0.367192443
Kennesaw St.,UTEP,10,11.09,0.01,9.17,13.35,17.16,8.66,16.82,,14,9.96,10.36,17.26,12.71,23.47,11,,8.81,14.48,10.65,17.67,,16.38,1.5,12.9,11.09,8.36,15.39,10,7.4,7.11,15.64,8.5,,6.7,25.55,4.93,16,7.6,21.17,10.2,24.67,9.1,6.4,10,-18.95,11.05,20.11,23.73,,6,20,33,11,13,53,0.563431798,0.773036969
Liberty,Delaware,3,6.52,8.21,-0.37,1.45,1.99,8.73,5.63,,5,6.71,0.76,-1.07,3.8,1.85,-5,,5.31,18.7,9.75,0.96,,5.77,6.5,4.4,4.3,2.63,4.76,3,4.3,2.07,0.35,3.5,,3.7,0,7.02,-1,4.5,2.22,4.6,-10,5.4,5.4,3,-21.82,-0.08,2.24,1.45,,4.23,30,59,11,29,89,0.519418301,0.591457208
Louisiana Tech,Sam Houston St.,17,21.1,11.23,28.85,28.48,22.12,23.82,17.25,,19,19.42,14.71,16.52,19.28,23.92,21,,19.15,11.19,6.64,30.46,,19.61,-1.5,19.7,19.61,14.73,23.01,16.5,23,14.64,26.62,17,,10.5,22.93,9.63,29,12,28.63,19.9,31.89,13.6,12,17,27.64,27.55,25.6,24.56,,7.65,14,55,11,41,69,0.55147815,0.863065767
Louisiana-Monroe,Old Dominion,-17,-10.62,-14.52,-9.49,-21.98,-12.84,-12.2,-12.55,,-9,-13.28,-18.44,-9.3,-14.3,-6.01,-15,,-17.69,-11.31,-4.08,-25.08,,-11.32,-6.5,-18.5,-13.28,-16.53,-9.07,-17,-23,-13.96,-19.9,-14.5,,-10.1,-15.75,-11.08,-19,-11.7,-20.36,-17,-2.96,-13.3,-11.2,-17,-26.14,-26.35,-20.13,-15.54,,5.62,31,6,11,-25,37,0.563690624,0.197893029
Maryland,Indiana,-21,-16.05,-15.8,-28.45,-17.74,-18.6,-19.48,-15.69,,-18.5,-14.51,-21.42,-10.97,-21.04,-18.82,-20,,-23.49,-22.95,-16.34,-28.98,,-18.01,-17.5,-22.4,-19.8,-23.25,-17.79,-21.5,-25,-17.15,-24.49,-23,,-19.8,-17.87,-26.21,-33,-22.5,-25.55,-23.7,-24.6,-23,-19.3,-21,-22.82,-24.35,-28.4,-25.6,,4.72,55,10,11,-45,65,0.499036493,0.101975938
Michigan,Purdue,21,24.51,26.66,27.5,16.92,16.97,26.31,22.94,,23,23.1,22.6,16.16,23.69,20.34,16,,20.7,23.78,26.59,22.54,,25.59,19.5,21.6,23.08,22.6,27.26,22,24,21.59,23.08,20.5,,29,31.5,31.16,19,29.9,23.93,24.7,8.1,22.1,28.8,21.5,46.45,28.83,27,22.85,,4.11,16,21,11,5,37,0.565147733,0.925714173
Middle Tenn.,Jacksonville St.,-3.5,-5.13,-10.14,-8.73,-5.12,-9.24,-4.31,-1.51,,-11,-4.47,-5.87,-6.91,-5.88,-0.56,-13,,-5.99,-11.58,-9.38,-4.75,,-8.11,-11,-6.3,-5.99,-9.82,-8.09,-3.5,-3.6,-6.8,-5.99,-5,,-4.7,-7.35,-2.39,-4,-6.2,-1.26,-7.7,-11.41,-4.5,-5.4,-3.5,-10.05,-1,-0.18,-1.92,,3.2,24,21,11,-3,45,0.441577697,0.358263857
Minnesota,Michigan St.,3.5,7.42,7.59,13.34,0.95,13.27,5.75,5.58,,10.5,5.82,4.48,8.56,6.84,10.88,6,,3.41,12.66,9.8,1.11,,6.99,12.5,9.3,6.99,6.97,10.87,3.5,7.1,2.83,4.8,5.5,,7.6,13.74,9.59,-2,8.4,0.98,5.7,5.12,5,7.3,4,-10.06,3.93,1.54,1.71,,3.89,20,23,11,3,43,0.580963586,0.662212137
Mississippi,South Carolina,12.5,12.73,13.62,20.7,13.29,12.5,13.41,13.8,,20.5,9.7,12.44,14.28,13.97,13.87,15,,12,12.3,15.18,15.2,,16.84,9.5,12.1,13.41,13.95,16.31,12.5,21,9.93,16.13,13,,8.4,19.25,10.32,9,10.3,16.78,12.5,5.94,11.8,10,12.5,13.58,24.45,14.09,17.86,,3.68,14,30,11,16,44,0.535940394,0.80436467
Missouri St.,Florida Intl.,3.5,7.63,7.75,3.35,4.48,1.54,9.4,8.29,,7,7.65,6.43,7.27,6.69,6.04,1,,8.04,3.02,6.09,6.68,,10.82,1.5,5.6,7,4.49,6.59,3.5,3.1,4.2,8.98,3.5,,8.9,8.3,6.62,7,10.1,9.77,4.2,-0.82,4.8,7.8,4,1.38,8.45,9.2,11.8,,2.52,21,28,11,7,49,0.578663321,0.661381987
NC St.,Georgia Tech,-5.5,-5.29,-5.52,-8.83,-4.91,-11.48,-7.94,-3.42,,-11.5,-3.42,-7.35,-7.77,-7.97,-6.86,-14,,-3.17,-17.23,-9.69,-7.03,,-14.82,2,-6.6,-7.64,-7.51,-6.43,-5.5,-5.4,-5.63,-7.64,-6,,-11,-11.2,-6.28,-11,-10.2,-4.08,-7.2,-12.34,-9.8,-9.1,-5.5,-0.98,-11.95,-6.55,-12.16,,3.59,36,48,11,12,84,0.439688939,0.31218004
Nebraska,USC,-4.5,-2.86,-6.98,-3.61,-8.17,-2.91,-6.38,-5.46,,4.5,-2.13,-3.06,-3.3,-5.38,-10.19,-2,,-8.06,-4.5,0.24,-9.89,,-5.1,-4.5,-5.6,-4.8,-3.55,-1.62,-6.5,-8,-5.89,-9.75,-5.5,,-4.7,-1.75,-4.3,-9,-4.8,-8.23,-4.8,-1.74,-5.8,-4.3,-4.5,13.64,-9.22,-14.21,-1.85,,3.73,21,17,11,-4,38,0.478482108,0.370732687
North Texas,Navy,6.5,10.87,4.54,8.73,15.44,10.83,15.02,10.13,,8.5,12.44,8.91,6.29,10.16,14.13,2,,11.23,12.56,-0.78,21.66,,8.86,-3,5,9.5,8.77,6.21,7,5,8.47,16.4,7,,1.2,6.64,3.66,16,2.9,21.89,9.5,-7.55,10.3,3.4,7,24.2,24.4,15.96,14.48,,6.52,17,31,11,14,48,0.58444239,0.723085519
Ohio St.,Penn St.,18.5,17.05,15.7,37.78,15.78,37.55,23.45,18.22,,24.5,11.74,20.13,17.21,20.41,28.68,15,,17.84,25.1,21.14,20.67,,27.86,6,18.1,19.43,18.15,19.84,20.5,23.5,14.71,19.43,20.5,,14.3,22.2,11.58,22,14.9,24.76,18.5,19.94,15.3,15.1,18.5,13.74,23.8,24.38,27.6,,6.36,14,38,11,24,52,0.544461314,0.88364247
Oregon St.,Washington St.,-3.5,-6.12,-4.46,-3.06,-9.42,-18.44,-8.12,-8.21,,-9.5,-4.04,-9.26,-10.5,-9.48,-17.19,-10,,-5.74,-14.68,-2.96,-11.71,,-11.55,-8,-12.8,-8.21,-6.52,-8.07,-3.5,-5.3,-3.55,-9.66,-3.5,,-7.1,-16.8,1.86,-13,-7.8,-15.33,-4.2,-24.01,-7.3,-4.8,-4.5,-19.61,-13.75,-9.96,-23.91,,4.8,7,10,11,3,17,0.3592137,0.283799136
Rice,Memphis,-13.5,-16.93,-18.98,-14.78,-18.3,-22.31,-20.21,-16.05,,-13,-17.95,-20.84,-10.4,-18.44,-18.12,-17,,-18.48,-20.69,-17.74,-25.07,,-17.66,-10.5,-17.5,-17.95,-14.92,-16.24,-14,-17.5,-18.77,-19.77,-14.5,,-14.6,-23.45,-15.44,-28,-16.1,-24.4,-18.9,-5.35,-16.3,-15.9,-14.5,-26.86,-24.35,-24.74,-14.32,,3.96,38,14,11,-24,52,0.381347174,0.129850822
SMU,Miami (Fla.),-10,-5.64,-3.9,-11.34,-12.42,-15.06,-7.43,-6.47,,-3.5,-4.51,-7.67,-7.4,-9.25,-10.08,-9,,-11.78,-6.85,-7.59,-18.53,,-5.48,3,-10.8,-7.67,-8.02,-6.83,-12,-17,-5.33,-10.62,-10,,-7.2,-9.02,-4.98,-17,-4.9,-16.68,-10.4,-4.19,-7.4,-5.4,-10,-22.3,-15.68,-9.01,-15.86,,4.92,20,26,11,6,46,0.517997295,0.288908333
San Diego St.,Wyoming,10.5,10.9,7.2,18.45,14.55,14.92,11.98,9.15,,11,10.43,9.68,11.59,12.12,11.35,13,,14.84,9.7,11.98,14.87,,12.91,5.5,11.5,11.4,10.31,11.4,10.5,7.7,8.98,14.03,10.5,,11.1,18.9,10.15,16,11.1,16.75,11.2,3.53,7.8,10.7,10.5,23.74,15.9,16.95,17.53,,3.12,7,24,11,17,31,0.53988046,0.773113569
San Jose St.,Hawaii,1,0.31,3.03,-0.96,-0.02,-7.96,-2.25,2.97,,-5,2.79,4.16,-6.09,-0.34,-0.32,-11,,5.58,-5.83,-6.75,0.62,,-8.66,6,1.7,0,1.23,-0.66,1.5,2.6,4.01,2.95,2.5,,0.01,-9.04,-0.82,1,-0.5,2.49,0.8,-1.24,-1.4,0.3,1,14.38,-0.55,5.43,3.56,,4.44,38,45,11,7,83,0.467606771,0.491772353
South Alabama,Louisiana-Lafayette,3.5,5.03,3.93,9.74,4.6,4.66,4.83,4.14,,6,5.61,4.39,-9.02,4.27,5.06,2,,7.51,4.37,4.25,4.57,,1.87,-1.5,2.6,4.57,4.64,4.73,4,2.9,3.16,5.47,4.5,,5.9,5.25,0.67,3,6.2,7.78,4.3,-9.54,6.5,6.3,3.5,-16.21,13,2.82,0.64,,3.31,31,22,11,-9,53,0.518937218,0.603853312
Stanford,Pittsburgh,-14,-11.12,-13.27,-17.6,-15.18,-22.82,-17.45,-9.58,,-8.5,-11.21,-13.73,-8.27,-13.19,-9.32,-20,,-11.79,-12.96,-4.43,-17.32,,-16,-9.5,-12.9,-13.61,-13.24,-8.24,-14,-16.5,-7.04,-14.36,-14,,-12.6,-14.7,-14.21,-20,-13.7,-13.61,-15.3,-2.23,-15.6,-13.4,-14,-6.32,-19.2,-18.66,-4.41,,4.26,35,20,11,-15,55,0.51965281,0.211129168
Syracuse,North Carolina,2.5,7.51,3.09,0.97,10.88,3.31,4.37,4.62,,9.5,7.86,6.04,7.81,8.04,9.2,3,,6.48,5.58,10.36,10.56,,2.17,6,9.3,8.3,7.32,10.31,2,3.2,4.71,12.95,2,,1.8,12.6,13.7,9,8.3,12.08,8.7,13.46,2.4,8.3,3.5,4.47,10.3,9,19.81,,3.39,27,10,11,-17,37,0.633552459,0.689799754
Temple,East Carolina,-5.5,-3,-8.14,-7.7,-4.86,-8.26,-1.95,-6.16,,2.5,-4.39,-8.44,-3.41,-5.42,-8.12,-2,,-9.65,-3.57,0.17,-7.74,,-1.53,-9.5,-4.6,-4.92,-4.92,-3.65,-4.5,-7,-6.11,-3.57,-4.5,,-3.8,-3.5,-4.42,-7,-5.6,-7.13,-5.6,-3.21,-3.5,-4.7,-5.5,-20.59,-16.22,-3.41,-3.37,,3.41,45,14,11,-31,59,0.501965554,0.369265329
Tennessee,Oklahoma,2.5,6.19,5.72,-7.93,1.36,8.7,8.38,1.86,,2,5.03,2.87,0.77,3.14,4.26,-1,,0.45,5.26,2.21,1.5,,6.9,13,1.6,2.87,4.63,5.55,3,2.5,3.29,4.05,4.5,,1.5,1.4,3.88,2,1.5,-1.51,1.6,-0.33,3.3,1.7,2.5,-12.13,-2.17,4.33,6.97,,3.6,33,27,11,-6,60,0.515680889,0.576479608
Texas,Vanderbilt,3,7.36,12.19,-1.2,-0.18,-5.95,5.84,8.55,,3.5,8.11,7.57,0.56,3.78,1.8,-6,,5.13,-2.06,-0.17,-0.34,,2.58,15.5,1.9,3.87,4.47,8.33,2.5,4.2,5.66,3.87,3,,4.1,0.7,7.82,1,4.2,0.88,6.3,-1.72,3,5.8,3,5.18,1.38,1.32,5.39,,4.62,31,34,11,3,65,0.518813138,0.590416883
Texas St.,James Madison,-6.5,-2.92,-4.91,-10.78,-5.89,-12.99,-3.96,-6.29,,-7.5,-1.9,-2.06,-7.29,-7.57,-5.67,-12,,-6.89,-8.9,-11.27,-7.99,,-13.93,3.5,-7,-6.89,-4.11,-4.11,-6.5,-11.5,-2.25,-2.29,-5,,-4,-15.19,-11.5,-8,-4.9,-4.87,-6.3,-4.94,-7.8,-5.1,-6.5,4.03,-26.43,-9.28,-12.88,,5.14,52,20,11,-32,72,0.474433179,0.325019528
Texas-San Antonio,Tulane,-5.5,-2.71,-5.47,-3.54,-6.88,-12.57,0.44,-4.27,,-6.5,-1.5,-7.36,-9.3,-6.42,-9.82,-8,,-3.94,-8.61,-13.66,-6.48,,-8.43,-2.5,-6.1,-6.48,-7.49,-8.41,-5.5,-7,-3.49,-0.04,-3.5,,-10.6,-16.56,-4.51,-12,-9.2,-3.96,-3.9,-7.97,-5.5,-9.3,-5.5,29.18,7,-5.19,-12.23,,4.46,26,48,11,22,74,0.477752749,0.348509092
Troy St.,Arkansas St.,7.5,10.88,10.91,14.45,8.76,9.86,12.17,11.62,,12.5,9.83,9.09,8.55,9.9,9.03,7,,8.37,11.19,11.92,8.58,,9.32,4,9.7,9.86,7.88,11.83,7.5,7.6,6.54,12.11,7,,7.6,15.05,8.3,10,9.2,10.84,10.1,2.29,11,7.9,8,23.34,11.4,10.66,6.47,,2.18,23,10,11,-13,33,0.559531492,0.731662438
UNLV,New Mexico,4.5,9.38,9.79,10.31,-0.24,-7.85,8.57,5.86,,9.5,8.24,4.6,3.81,5.88,2.95,3,,4.69,3.85,15.8,-1.78,,9.02,10.5,5.8,5.4,6.36,12.37,4,3.7,5.36,1.49,5,,15,9.1,10.11,1,14.7,-0.95,5.4,3.2,3.6,13.2,4.5,-14.3,-1.38,1.14,4.17,,5.57,40,35,11,-5,75,0.532689436,0.636653672
Utah,Cincinnati,10.5,10.24,10.5,16.98,13.38,9.76,13.28,13.12,,7.5,11.34,13.33,7.27,12.06,12.31,3,,17.84,11.25,2.42,17.38,,6.06,5,11.8,11.34,8.66,8.18,10,7.7,9.68,19.9,7,,11.5,6.65,9.04,24,11.5,19.79,12.3,1.45,11,11.2,10.5,12.11,22.25,20.14,16.67,,5.37,14,45,11,31,59,0.53708574,0.764142601
Virginia Tech,Louisville,-10,-8.62,-9.99,-18.13,-10.07,-12.74,-9,-8.94,,-10.5,-6.44,-5.95,-10.04,-11.64,-16.7,-15,,-8.29,-12.41,-12.07,-13.24,,-8.34,-4,-12,-12,-11.59,-12.86,-10.5,-16,-6.45,-12.71,-10.5,,-6.9,-18.55,-14.31,-13,-14.1,-14.87,-12.2,-5.04,-10.6,-13.6,-10,-42.3,-17.28,-6.21,-19.25,,3.69,28,16,11,-12,44,0.459923164,0.23754917
Western Kentucky,New Mexico St.,8.5,13.89,14.07,10.24,9.04,11.12,16.8,8.56,,15.5,12.43,9.25,9.94,10.97,8.48,8,,11.59,2.4,14.51,10.08,,18.32,11,6,10.5,11.49,14.28,8.5,11.4,7.78,10,8.5,,10.2,16.1,10.08,10,10.3,7.18,10.5,19.13,11.3,10.1,9,14.88,10.65,9.01,13.89,,3.19,16,35,11,19,51,0.560618209,0.750943226
Western Mich.,Central Mich.,6,8.31,6.32,12.27,9.55,1.26,11.34,6.99,,2,9.24,8.23,3.8,6.84,3.34,2,,6.23,5.68,0.05,12.21,,8.28,9,6.6,6.32,7.15,5.44,4,2.5,4.38,9.27,7,,5,4.9,5.05,10,6,10.74,6.1,-1.51,5.3,5.6,6,6.78,15.48,9.79,4.11,,3.54,21,24,11,3,45,0.520595861,0.662965968
Akron,Massachusetts,11,14.75,11.57,20.47,10.28,16.69,15.26,9.68,,18,13.28,6.49,19.38,12.73,20.87,11,,9.35,19.19,11.98,13.75,8.37,18.69,7.5,9.9,12.05,10.24,17.51,11,10.2,7.78,17.17,9.5,,12.3,5.89,13.59,12,11.6,9.36,10.9,12.42,12.5,12.1,11,13.92,1.9,15.16,26.11,,4.31,10,44,12,34,54,0.541879551,0.780499459
Alabama,LSU,10.5,10.96,14.25,20.14,9.09,12.13,13.85,13.84,,13,9.28,15.16,8.41,11.98,11.96,8,,12.86,14.38,9.67,12.42,11.46,17.35,7,14,11.98,13.16,11.05,10,10.4,9.79,8.93,11,,8.3,11.21,5.71,12,9.1,16.49,12.7,2.15,11.4,9,10.5,37.96,19.48,12.88,11.16,,3.21,9,20,12,11,29,0.536407186,0.770269672
Appalachian St.,Georgia Southern,5,2.82,4.83,9.21,3.46,0.89,4.19,6.91,,7,1.96,4.98,5.42,3.82,5.03,3,,6.77,4.37,3.43,2.88,4.71,3.96,0.01,3.8,3.91,2.41,2.32,5,4.2,2.07,3.86,6.5,,0.4,4.2,-6.12,3,1.5,6.91,2.1,0.7,5.9,0.9,5,-0.21,10.85,5.45,3.62,,2.77,25,23,12,-2,48,0.470812216,0.593695331
Arizona,Kansas,4.5,7.32,4.02,14.83,9.89,9.66,10.8,8.08,,7,6.9,3.46,6.55,7.87,10.26,6,,8.81,9.52,3.92,11.25,7.56,11.64,2,1.3,7.89,5.6,5.13,5.5,4.9,3.45,11.24,6.5,,3.1,9.45,11.76,11,3.2,9.67,5.1,1.86,7.7,3.7,5,16.34,16.43,13.97,9.88,,3.81,20,24,12,4,44,0.581769195,0.685117884
Arkansas St.,Southern Miss.,-4.5,1.05,1.35,-9.03,-4.69,-1.83,1.95,0.47,,0.5,0.51,1.47,-2.64,-1.37,1.09,-8,,-5.66,3.99,-1.31,-5.37,-4.79,1.12,7,-1.3,-1.57,-0.49,0.46,-4.5,-5.2,-3.03,-3.7,-5.5,,2.4,-8.4,9.67,-5,2.7,-4.52,-2.9,0.06,-1.9,1.5,-4,6.47,-4.1,-5.81,-2.58,,4.1,27,21,12,-6,48,0.575697911,0.466704433
Army,Temple,7,10.55,13.57,4.93,5.24,5.96,11.29,11.87,,4.5,10.17,14,5.46,9.41,11.74,-3,,8.81,9.96,7.94,5.85,7.1,8.4,19,10.3,9.46,9.41,11.17,7,4,4.07,8.48,6.5,,11.1,7.99,16.57,8,12.1,9.82,6.3,2.21,9.5,10.8,7,1.04,17.73,7.38,7.94,,4.15,13,14,12,1,27,0.558388489,0.716853936
Ball St.,Kent,3,8.29,10.37,7.81,1.89,-4.87,7.59,5.79,,4,7.98,5.89,2.22,4.96,7.22,1,,4.53,6.23,4.57,2.27,0.69,8.65,6,5,4.97,6.92,9.86,3,2.4,4.14,4.17,2,,7.1,2.45,4.93,3,8.2,2.86,3.7,2.26,5.9,6.5,3,20.5,9.3,3.94,2.88,,3.26,13,17,12,4,30,0.548132192,0.620221146
Boston College,SMU,-10.5,-12.14,-10.75,-18.18,-11.51,-13.04,-12.79,-13.66,,-15.5,-9.94,-17.36,-12.02,-14.71,-19.17,-15,,-14.66,-18.92,-13.82,-13.91,-17.29,-23.78,-13,-14.9,-13.87,-11.24,-15.7,-10.5,-15,-10.98,-13.35,-12,,-6.7,-25.2,-10.46,-18,-13.2,-17.51,-11.9,-14.2,-14.1,-12.6,-11.5,-11.15,-16.97,-18.21,-18.44,,3.77,45,13,12,-32,58,0.39818589,0.183627529
Central Florida,Houston,-1,1.12,4.11,-2.19,-0.21,3.12,2.63,2.36,,-4.5,2.05,4.38,-5.6,0.63,-1.53,-5,,2.1,-0.48,-4.56,-0.35,-2.5,-2.89,7,3.5,1.93,1.85,-1.55,-1,0.6,2.47,-1.62,1.5,,4.3,-7.35,-4.32,4,4.5,-0.16,2.7,-2.67,2.1,3.9,-1,2.01,2.95,2.56,-5.47,,3.51,30,27,12,-3,57,0.539927955,0.515454265
Clemson,Florida St.,1.5,3.33,4.84,-11.54,-8.29,-4.03,4.05,0.69,,-1.5,3.2,-0.89,-4.32,-0.83,-3.6,-9,,-1.29,0.1,4.56,-12.56,-9.53,7.84,16,-3.6,-1.6,-4.04,2.88,1.5,-1.7,-0.9,-6.02,1.5,,8.4,-5.95,15.66,-7,10.1,-10.74,-2.1,-2.28,1.1,8.6,1.5,0.36,-4.72,-4.16,-7.92,,7.14,10,24,12,14,34,0.446761255,0.480985686
Coastal Carolina,Georgia St.,7.5,16.26,10.21,16.03,10.22,13.77,18.36,12.09,,20,13.02,4.11,19.39,12.67,22.73,11,,3.61,21.69,9.62,12.29,13.59,23.62,9.5,10.7,11.9,11.44,19.44,7.5,7.2,5.69,13.05,7.5,,6.2,18.9,12.06,10,7,13.91,10.4,25.1,10.5,7.8,8.5,25.13,4.6,11.74,23.6,,5.22,27,40,12,13,67,0.621475897,0.775816346
Colorado St.,UNLV,-4.5,-3.36,-7.25,-7.79,-1.58,-6.46,-4.68,-2.52,,-9.5,-1.24,-10.23,-7.24,-5.48,-4.91,-10,,-2.65,-6.78,-9.64,-0.87,-2.84,-7.74,-5.5,-6.9,-5.21,-6.91,-5.6,-4,-4.3,-2.95,-3.86,-6,,-10.3,-13.5,-2.87,-6,-10.5,-0.16,-3.1,-2.16,-4.6,-9.3,-4.5,-5.12,-4,-2.26,-9.2,,3.26,42,10,12,-32,52,0.475888514,0.367618134
Connecticut,Duke,-7.5,-6.65,-9.84,2.81,-6.88,-9.12,-9.53,-8.22,,-0.5,-6.62,-10.95,-4.45,-8.71,-8.48,-3,,-13.04,-17.69,-10.45,-9.69,-10.56,-10.44,7,-7.4,-9.11,-7.82,-5.75,-9,-11.2,-6.07,-6.24,-8.5,,-9.8,-9.1,-8.97,-12,-15.6,-11.02,-7.9,-3.41,-11.2,-14.1,-7.5,-14.64,-20.3,-10.3,-10.12,,4.94,34,37,12,3,71,0.470992648,0.300188469
Delaware,Louisiana Tech,-6,-5.98,-8.47,-5.29,-11.09,-13.97,-9.6,-6.83,,-2,-6.99,-4.83,-7.21,-5.89,-5.35,-9,,-7.26,-13.18,-2.15,-15.42,-10.37,-7.81,2.5,-8.6,-7.1,-6.85,-3.26,-6,-5.1,-5.74,-13.97,-4,,-1.6,-10.15,-0.05,-17,-2.5,-12.07,-7.6,0,57.8,-3.1,-6,5.86,-8.2,-10.39,-5.51,,4.56,24,25,12,1,49,0.502656975,0.360688921
East Carolina,Charlotte,28.5,31.09,28.4,41.79,29.32,39.02,35.46,28.86,,26,31.34,28.81,18.81,30.78,37.23,24,,27.25,29.42,21.17,37.15,33.82,32.65,18,29.6,29.37,24.94,30.74,28.5,25,29.18,35.92,28.5,,26.4,33.78,28.51,34,28.8,40.63,33.3,16.46,29,27.8,28.5,25.58,47.38,34.84,26.16,,6.34,22,48,12,26,70,0.553056698,0.964127814
Eastern Mich.,Bowling Green,2.5,3.34,-0.75,1.54,-3.57,2.67,6.76,4.97,,-1.5,3.37,-6.02,-2.55,1.3,7.79,-4,,-0.27,14.54,0.57,-2.64,-0.38,8.34,-2.5,0.1,0.56,-3.34,0.11,2,-1,0.27,0.54,1.5,,2.1,-0.16,3.82,-2,1.6,1.81,-0.8,0.69,4.9,2.5,2.5,-3.5,0.23,5.18,-3.87,,3.86,21,27,12,6,48,0.470722462,0.531712385
Florida Atlantic,Tulsa,4.5,6.74,3.94,2.05,1.82,0.13,6.31,4.19,,10,6.39,-0.11,3.42,4.66,7.85,3,,4.63,6.74,10.07,-0.3,2.81,6.01,8.5,4.4,4.2,4.88,7.88,3,3.3,5.06,5.16,5,,3.8,6.65,3.51,-1,4.2,3.52,3.8,20.41,3.5,4.2,4.5,-4.22,6.47,3.14,10.33,,2.74,21,40,12,19,61,0.503962128,0.613809598
Hawaii,San Diego St.,-6.5,-2.48,-5.88,-10.26,-9.33,-12.62,-2.8,-7.13,,-4,-4.24,-8.6,-4.72,-6.39,-3.59,-11,,-8.8,-5.17,-4.11,-12.3,-8.42,-4.94,1,-9.1,-5.89,-6.67,-1.32,-7,-5,-3.43,-9.96,-4.5,,-2,-10.85,0.25,-13,-2.4,-10.18,-6.9,-1.65,-5.9,-2.3,-6.5,-3.87,-7.78,-18.29,-1.67,,4.2,6,38,12,32,44,0.502672507,0.348581563
Iowa,Oregon,-4.5,-5.17,-8.63,-4.72,-8.6,2.46,-4.99,-2,,-0.5,-5.09,-5.28,-3.47,-5.17,-0.69,-6,,-8.76,0.04,-3.19,-10.3,-3.02,-4.87,-5.5,-9.5,-5.13,-9.71,-6.48,-6.5,-7,-5.06,-8.37,-5.5,,-4.3,-1.05,-7.86,-9,-5.3,-4.53,-6.3,-9.8,-4.8,-5.9,-4.5,-20.55,-12.4,-6.89,-6.92,,3.21,18,16,12,-2,34,0.483501896,0.374787237
Kentucky,Florida,-3.5,-3.61,-2.39,-3.88,-2.82,-0.13,-3.46,-1.49,,0.5,-3.99,-1.02,-0.91,-3.55,-2.76,-6,,-5.87,-4.08,0.39,-4.86,-4.07,-3.96,-5.5,-3.9,-3.93,-2.82,-4.37,-3,-4.4,-2.05,-6.57,-3,,-5.3,-3.5,-7.43,-8,-5.8,-3.44,-6.5,-0.81,-5.6,-5.1,-3.5,1.21,5.32,-4.73,-4.3,,2.57,7,38,12,31,45,0.498759643,0.412644573
Liberty,Missouri St.,8,8.45,6.35,6.57,4.67,8.78,10.06,8.78,,3.5,9.53,6.37,-0.27,6.85,1.52,2,,8.68,15.91,5.19,5.74,4.01,4.48,12,6.9,7.15,5.13,6.58,8,7.3,3.69,3.82,8.5,,8.3,0.01,15.46,3,8,8.52,9,-1.55,7.8,9.6,8,-1.75,8.23,7.43,1.7,,3.51,21,17,12,-4,38,0.471804539,0.663243473
Louisiana-Lafayette,Texas St.,-3,0.67,-0.22,-3.74,-1.82,4.64,2.97,3.31,,1.5,-0.12,-3.55,-1.5,-0.48,0.32,-2,,-5.28,2.82,-0.88,-3.47,-2.7,8.16,3,-1.7,-0.55,-2.78,-0.99,-2.5,-14.5,-1.98,-4.25,-2.5,,1.3,-1.05,4.3,-1,0.3,-2.53,-2,-1.58,0.7,0.7,-2.5,-25.61,4.3,2.44,-5.58,,3.65,39,42,12,3,81,0.56147386,0.488245667
Louisville,California,18,19.29,17.61,21.29,18.97,15.87,20.93,17.87,,18,18.11,22.07,14.96,19.71,23.45,11,,19.56,21.16,15.87,21.68,19.94,20.66,12.5,17.6,20.15,16.36,21.7,20,22,18.46,22.53,18.5,,13,25.2,20.82,20,20.8,22.55,19,4.02,20.3,20.7,18,14.4,23.4,23.69,23.95,,3.26,29,26,12,-3,55,0.542017882,0.888053587
Marshall,James Madison,-13.5,-10.19,-6.73,-16.14,-8.5,-18.56,-12.96,-9.2,,-11,-9.74,-10.88,-7.51,-12.41,-8.7,-15,,-13.79,-15.48,-12.75,-13.3,-12.75,-16.89,1.5,-11.6,-12.18,-7.74,-10.15,-13.5,-23.5,-8.56,-10.01,-13,,-6.6,-17.85,-16.44,-16,-9.3,-14.05,-13,-4.7,-14.5,-10.4,-13.5,6.33,-20.15,-18.45,-17.15,,4.7,35,23,12,-12,58,0.526246564,0.226752111
Memphis,Tulane,3.5,8.97,4.94,15.36,7.6,14.82,15.08,6.27,,10.5,7.82,6.05,5.71,7.59,9.95,8,,1.89,9.09,7.97,7.92,5.35,15.8,5,8.3,7.47,4.53,4.95,3.5,4.9,6.24,11.94,6.5,,0.7,7.35,1.27,5,2.7,8.92,6.4,0.33,8.6,2.4,4,34.93,9.15,10.5,2.59,,3.89,38,32,12,-6,70,0.598801194,0.678816449
Miami (Fla.),Syracuse,28.5,24.32,20.81,39.11,24.81,25.24,28.91,25.83,,20,22.51,26.82,17.69,26.35,27.3,17,,28.25,28.35,16.48,30.95,30.29,27.14,14,25.6,26.15,22.07,24.85,28.5,29,26.48,26.93,28,,26.9,33.25,21.17,32,25.5,35.63,25.7,4.42,27,24.4,28.5,29.69,33.3,31.86,24.31,,5.71,10,38,12,28,48,0.449292087,0.940856546
Middle Tenn.,Florida Intl.,1,0.06,2.31,-0.31,-0.28,-1.2,2.08,6.3,,-6.5,1.72,4.29,-4.32,1.2,1.01,-6,,3.31,0.15,-2.65,0.98,3.11,0.49,0.01,2.9,0.94,-1.61,-4.14,-1,0.9,0.23,0.36,-1,,3.4,-1.4,4.74,-1,3.6,6.45,-0.3,-11.92,-0.2,2.9,1,-1.75,7.55,3.08,-2.86,,3.24,56,30,12,-26,86,0.504924699,0.529521949
Mississippi St.,Georgia,-9,-9.17,-13.53,-6.98,-7.67,-4.7,-7.85,-11.54,,-8,-7.79,-14.83,-5.49,-9.56,-5.73,-8,,-12.97,-10.33,-11.59,-8.42,-8.15,-10.53,-12.5,-12.5,-9.36,-7.78,-13.67,-9,-8.3,-8.82,-5.43,-7.5,,-11.2,-9.8,-11.24,-11,-12.2,-8.43,-10.2,-3.43,-9.2,-12.4,-9,-3.43,-14.47,-7.09,-9.51,,2.73,41,21,12,-20,62,0.486132362,0.276410009
Missouri,Texas A&M,-7,-3.87,-0.92,4.37,-4.2,-4.47,-4.41,-2.5,,-8.5,-2.2,0.15,-5.71,-4.01,-5.11,-2,,-3.29,-3.8,-6.52,-4.63,-5.88,-7.72,2,-4.5,-4.11,-1.39,-6.88,-7,-5.6,-1.4,-5.44,-6,,-4.6,-4.01,-0.02,-4,-5.2,-3.55,-3.7,-12.04,-3.9,-4.9,-6.5,-7.39,-3.82,-6.87,-15.38,,2.65,38,17,12,-21,55,0.573688566,0.401623571
New Mexico St.,Kennesaw St.,-10,-7.79,-0.24,-4.51,-9.26,-15.09,-7.01,-10,,-7,-8.03,-5.35,-10.27,-9.5,-14.59,-9,,-7.73,-19.06,-4,-14.31,-14.96,-9.72,3,-11.4,-8.88,-6.14,-9.86,-9.5,-7.2,-6.8,-12.13,-6.5,,-6.7,-18.39,-4.38,-14,-7.7,-15.09,-8.2,-13.2,-12,-6.5,-10,-2.13,-10.67,-15.14,-13.32,,5.01,24,21,12,-3,45,0.511981852,0.284090404
North Carolina,Stanford,7.5,7.3,9.62,12.07,1.25,11.41,11.31,4.61,,2.5,6.59,5.88,1.92,4.43,1.83,4,,8.29,7.5,3.29,-1.34,-3.79,8.64,12,1,4.28,3.3,5.11,7.5,8.1,3.15,0.64,9,,7.8,0.35,3.95,-2,6.4,-2.51,3.5,-1.49,8.4,6.5,7.5,0.3,3.85,5.52,-2.28,,4.18,15,20,12,5,35,0.425825761,0.606364926
Notre Dame,Navy,28,28.43,31.51,21.3,28.54,21.89,33.52,29.22,,14.5,29.09,29.77,16.06,27.22,29.42,4,,23.97,30.46,10.39,33.68,26.77,29.77,10.5,27.3,28.54,28.53,26.61,26.5,25,27.23,30.04,24.5,,33.3,17.85,23.84,29,33.9,35.62,30.1,1.69,29,32.6,28,27.8,45.42,31.73,24.81,,8.27,10,49,12,39,59,0.482618797,0.935857575
Ohio,Miami (Ohio),2.5,5.58,4.92,8.77,7.12,1.04,5.13,5.13,,5.5,5.52,8.9,5.43,5.57,2.74,-1,,5.29,4.17,5.89,5.72,7.8,0.86,5,4.8,5.47,4.84,6.2,2.5,3.4,3.95,6.84,3.5,,6.9,8.4,5.02,5,6.6,10.53,6.4,0.49,5.3,6.7,3.5,18.93,8.78,0.61,2.4,,2.38,20,24,12,4,44,0.57583955,0.635708659
Oregon St.,Sam Houston St.,20.5,22.63,19.57,22.72,18.57,22.46,28.03,22.6,,16,22.82,17,19.42,19.29,20.56,12,,16.92,24.84,10.37,25.16,18.81,24.02,-3.5,18.8,19.41,17.82,20.44,19.5,17,16.38,19.06,18.5,,17.6,12.53,15.55,22,19.4,23.25,20.3,23.46,19.1,19.5,20.5,19.73,26.87,29.62,22.17,,5.8,21,17,12,-4,38,0.471464182,0.873126432
Penn St.,Indiana,-14.5,-6.92,-5.5,-34.6,-14.99,-21.73,-11.49,-10.27,,-24.5,-3.36,-11.26,-11.4,-15.13,-19.07,-23,,-12.09,-22.65,-13.3,-23.72,-22.95,-15.8,-3.5,-16.9,-13.65,-16.72,-8.29,-15,-12.2,-10.99,-17.69,-13,,-7.6,-15.4,-6.41,-27,-9,-24.8,-14,-24.53,-13,-7.3,-14.5,-18.81,-26.35,-21.71,-28.78,,7.56,27,24,12,-3,51,0.485708612,0.194754134
Purdue,Ohio St.,-29,-28.47,-33.68,-43.89,-20.26,-34.35,-34.25,-27.2,,-24,-24.32,-37.33,-12.88,-30.08,-29.53,-26,,-28.98,-34.5,-29.43,-29.05,-26.36,-36.13,-22.5,-29.5,-29.51,-30.52,-33.05,-29,-27,-29.01,-28.29,-28.5,,-36.8,-29.4,-40.39,-32,-38.3,-27.87,-31.9,-18.59,-30.8,-37.1,-29,-37.11,-28.57,-32.73,-28.37,,5.75,34,10,12,-24,44,0.474495867,0.037393682
Rice,UAB,2.5,2.41,2.5,7.42,4.24,1.13,3.4,1.81,,5,1.3,0.36,5.99,2.7,2.11,2,,3.42,0.32,4.43,0.89,1.39,7.25,3,4.2,2.64,2.3,2.45,2.5,3.4,0.9,2.67,3.5,,3.2,4.9,3.29,3,3.8,1.66,1.9,-1.07,2.8,2.6,2.5,4.24,-2.83,-3.6,4.31,,2.19,17,24,12,7,41,0.504979084,0.566902663
Rutgers,Maryland,1.5,2.93,-0.37,-4.67,-1.61,-0.97,1.44,-1.71,,5,2.97,-3.55,-1.12,0.24,-1.77,-4,,2.3,-3.79,2.42,-2.17,-0.75,-4.02,1,-5.3,0.21,1.45,4.1,0,3.4,0.73,1.16,1,,4,1.56,13.92,-7,4.3,-0.63,3.6,0.42,0.3,3.1,1.5,-1.04,0.13,-3.82,-4.82,,3.81,20,35,12,15,55,0.469238771,0.505864889
San Jose St.,Air Force,6,7.81,1.79,7.73,4.71,4.52,7.26,4.32,,8,6.56,5.69,7.22,5.9,7.74,-3,,6.6,5.25,4.24,5.3,6.68,8.09,11,4.5,5.45,4.27,10.02,5,3.1,4.72,5.11,3.5,,4.8,6.3,0.14,3,5.1,8.06,2.7,1.2,4.5,5.6,6,11.79,10.52,8.8,9.69,,2.81,26,16,12,-10,42,0.497525379,0.642808786
South Florida,Texas-San Antonio,13.5,12.15,7.25,18.24,18.27,15.22,12.79,7.09,,16,10.78,12.35,13.3,13.92,19.72,10,,11.75,11.38,16.64,17.07,14.28,14.3,4.5,12.1,13.35,11.34,14,13.5,11.9,12.9,14.88,13.5,,12.5,19.25,14.21,26,12.3,17.13,13.4,4.3,13,12.3,13.5,26.89,7.13,18.69,19.81,,4.05,23,55,12,32,78,0.510225885,0.802233777
TCU,Iowa St.,7.5,6.52,3.71,9.13,3.66,1.08,7.55,4.39,,6.5,4.86,5.45,5.55,5.65,5.27,1,,6.85,7.36,6.58,1.76,4.6,9.77,5.5,4,5.46,2.94,7.58,7,5.4,4.24,5.03,6.5,,7.1,6.65,2.84,1,9,5.64,3.4,0.3,8.2,8,7.5,3.93,11.27,5.29,5.25,,2.4,20,17,12,-3,37,0.454130098,0.637554157
Texas Tech,BYU,10.5,8.96,2.85,4.77,4.85,9.53,11.01,7.44,,3.5,9.17,8.07,4.32,7.61,10.54,5,,11.91,9.23,0.23,6.48,6.02,5.55,1.5,8.2,7.57,3.63,7.48,10,7.4,2.68,7.65,10.5,,7.3,2.8,9.47,7,8.6,11.33,10,-10.09,11.7,9.9,10.5,1.39,26.8,10.18,-1.29,,4.62,7,29,12,22,36,0.430617236,0.677347493
Toledo,Northern Ill.,14.5,16.56,13.67,21.96,18.12,17.24,19.69,12.07,,12.5,17.21,11.5,13.62,15.58,10.59,14,,14.03,11.37,12.74,20.73,13.38,13.13,8,12,14.76,14.2,15.07,14.5,17,12.85,19.45,14,,14,17.05,20.76,20,14.3,16.31,19.7,1.16,15.1,14.1,14.5,31.66,19.35,20.27,18.7,,3.37,3,42,12,39,45,0.526530191,0.831485328
UCLA,Nebraska,-1,-3.51,-2.12,-21.13,-5.63,-10.5,-4.84,-0.48,,-6,-3.71,-8.69,-4.87,-5.68,-0.27,-15,,-2.17,-1.06,-4.29,-9.61,-6.3,-3.68,1,-6.1,-5.62,-8.9,-3.18,2,-1,-4.89,-5.62,-2,,-8.2,-9.1,-8.89,-6,-8,-8.53,-10.5,-2.52,-8.4,-8.7,-2,-6.26,-9.28,-1.28,1.09,,4.27,28,21,12,-7,49,0.387940273,0.36485063
USC,Northwestern,14.5,16.79,17.92,17.82,18.01,17.6,16.86,13.4,,14.5,15.88,18.12,12.6,17.24,17.13,10,,16.52,12.28,10.44,20.82,16,15.29,18,17.8,17.49,17.76,19.11,14.5,24.5,17.48,19.59,14.5,,17.8,17.15,14.96,20,17.3,20.81,19.4,3.35,15.1,17.5,15,20.68,24.55,18.66,18.87,,3.17,17,38,12,21,55,0.567204713,0.85656011
UTEP,Jacksonville St.,1,-1.35,-6.22,-1.93,-0.08,-0.35,-0.78,-1.57,,-6.5,0.24,-7.76,-4.93,-2.67,-3.97,-9,,-0.63,2.19,-5.69,0.6,-2.5,-6.88,-8.5,-3.1,-2.15,-5.92,-4.24,-1,-2,-0.62,-1.01,-1,,-2.3,-6.35,-0.03,-3,-4.1,-0.33,-2.9,-11.64,-1.1,-2.6,0,-20.76,-1.47,-0.87,-3.74,,2.82,30,27,12,-3,57,0.409969862,0.434235864
Utah St.,Nevada,9,12.34,11.06,13.96,12.49,5.23,10.94,10.6,,18.5,12.35,11.47,14.46,12,10.36,13,,11.52,8.11,13.8,15.11,14.66,10.87,7,13,12.35,10.53,14.8,9,14,11.19,15.95,10.5,,8.8,15.97,10.22,14,9.7,15.78,13,24.24,8.7,9,9.5,24.76,6.57,12.9,16.7,,2.83,14,51,12,37,65,0.573796459,0.771619893
Vanderbilt,Auburn,6,9.02,3.17,12.82,8.82,12.01,12.2,5.49,,13,6.27,5.54,10.41,9.48,10.86,11,,7.42,13.15,13.53,10.52,9.72,15.48,4.5,7.3,9.91,8.68,9.69,6.5,5,5.77,10.1,7,,10.6,14,12.39,9,10.3,11.29,6.4,3.46,9.2,8.8,6.5,-6.58,10.23,10.64,10.85,,3.07,38,45,12,7,83,0.585211266,0.721180844
Virginia,Wake Forest,6.5,12.56,9.04,19.92,9.87,19.18,13.53,8.3,,16,11.17,9.2,10.52,11.16,10.28,10,,8.41,13.23,11.26,11.1,12,11.77,2.5,9.5,11.22,10.72,14.42,6.5,7,8.8,11.18,6.5,,8,16.45,13.29,3,12.3,14.01,11.7,3.32,10.1,11.5,7.5,7.46,12.17,6.15,12.06,,3.53,16,9,12,-7,25,0.612780038,0.753737177
West Va.,Colorado,6.5,4.67,1.81,8.4,-2.51,8.42,6.23,3.79,,5,4.3,3.48,-0.17,2.31,3.3,-1,,4.93,5.94,3.44,-0.4,1.04,3.96,-5.5,0.3,2.8,0.28,3.75,6.5,4.1,1.32,0.92,5.5,,-1.4,0.35,-3.36,-1,-0.6,2.7,2.4,-0.13,2.9,-0.3,5.5,17.29,1.45,5.84,5.87,,3.08,22,29,12,7,51,0.397777139,0.556794818
Wisconsin,Washington,-11,-8.1,-7.8,-24.16,-12.37,-16.21,-8.8,-7.66,,-11,-6.69,-9.42,-10.14,-11.34,-13.52,-18,,-9.18,-12.04,-7.05,-16.67,-13.05,-13.88,-5,-11,-10.75,-11.39,-10.36,-11,-16.5,-6.35,-15.7,-10.5,,-8.9,-19.2,-5.56,-15,-9.3,-13.22,-10.6,-6.31,-7.7,-9.2,-11,-22.6,-10.9,-15.9,-15.62,,4.18,10,13,12,3,23,0.491737567,0.244840252
Akron,Kent,6.5,10.78,8.94,17.33,4.41,6.78,10.63,5.21,,7.5,11.22,5.37,5.51,7.44,6.86,4,,5.98,9.76,4.68,6.46,2.03,9.76,6.5,3.2,7.27,7.9,11.5,6.5,3.4,4.76,7.19,4.5,,10.6,5.95,11.03,6,11.6,2.06,6.2,1.73,7.5,9.5,6.5,9.74,7.93,8.21,4.6,,3.14,42,35,13,-7,77,0.523160587,0.677154828
Alabama,Oklahoma,6,10.41,10.68,8.18,7.39,6.45,11.73,9.7,,10,9.68,10.62,6.45,8.49,7.4,3,,6.3,10.1,10.02,8.85,5.14,9.51,8.5,8.3,8.4,9.91,10.9,6,7.2,5.89,6.96,7.5,,7.9,6.52,9.58,7,8.6,7.26,9.7,1.2,7.8,8.3,6.5,15.43,10.1,7.76,10.03,,1.9,23,21,13,-2,44,0.561884562,0.702307165
Arizona St.,West Va.,11,13.11,11.66,10.82,11.98,12.51,13.11,11.5,,12.5,12.86,14.14,11.81,14.29,11.07,7,,17.19,10.18,11.88,13.92,12.95,10.88,16,15.9,13.11,11.6,14.68,11.5,16.5,13.06,14.01,11,,18.5,20.3,21.99,9,18.2,15.37,12.7,2.57,12.1,17.4,11.5,23.48,23.32,16.41,18.88,,3.43,23,25,13,2,48,0.580268381,0.810543156
BYU,TCU,3,8.55,4.78,14.49,8.35,9.9,11.59,7.09,,16.5,6.32,5.45,9.4,8.68,14.26,8,,5.44,10.42,11.14,11.66,9.93,14.59,5,8.6,8.94,8.88,8.51,4.5,5.3,6.73,11.11,6,,2.6,12.6,2.47,9,1.2,10.69,9.1,3.49,6.9,1.8,4,6.66,-4.08,11.3,15.83,,4.22,13,44,13,31,57,0.635244418,0.701390506
Ball St.,Eastern Mich.,-2.5,0.46,1.09,-0.34,3.22,2.48,-2.4,0.5,,6.5,-1.02,-8.05,5.4,0.03,3.07,1,,-3.57,-1.01,-0.86,1.38,0.46,2.33,2,0.7,0.03,1.18,4.03,-2.5,-1.9,-0.72,1.53,-3,,-2.7,6.65,-6.86,-1,-3.6,-0.12,-1.3,0.83,-2.9,-3.2,-2.5,15.88,0.17,-3.14,5.04,,3.13,24,9,13,-15,33,0.562127152,0.500739688
Baylor,Utah,-9,-8,-9.24,-22.07,-17.05,-13.26,-13.59,-12.08,,-11,-7.48,-11.15,-11.01,-11.77,-12.86,-15,,-8.11,-12.55,-2.7,-22.24,-15.87,-11.49,8.5,-16.3,-11.18,-12.26,-6.15,-8,-9.8,-8.8,-20.53,-8.5,,-5.3,-11.2,-3.68,-24,-6.2,-19,-13.2,-2.2,-10.3,-6.5,-9,-15.77,-20.95,-17.58,-9.43,,6.54,55,28,13,-27,83,0.435916201,0.246510194
Boston College,Georgia Tech,-16.5,-12.92,-11.21,-23.73,-15.28,-10.63,-13.29,-11,,-22.5,-10.67,-17.82,-12.17,-15.99,-15.79,-21,,-18.58,-18.97,-14.98,-18.09,-18.4,-20.6,-3,-14.7,-15.23,-14.33,-17.03,-16.5,-22.5,-14.42,-18.3,-15.5,,-6,-31.72,-8.41,-20,-13.1,-18.09,-14,-15.41,-12.5,-13.3,-16.5,-16.08,-24.25,-20.66,-21.63,,5.39,36,34,13,-2,70,0.512135092,0.170080792
Central Mich.,Buffalo,2,5.46,2.34,1.45,6.67,1.75,8.47,3.49,,5,3.77,1.68,6.72,3.79,10.56,-2,,1.26,9.9,3.9,4.72,4.65,9.33,-7,4.1,4.37,2.23,4.73,2,-1.5,1.93,6.8,1.5,,-1.5,6.65,-3.76,7,-1.1,5.54,1.8,1.37,5.6,-0.5,2,-7.18,0.65,6.77,9.28,,3.83,19,38,13,19,57,0.543639693,0.591759772
Charlotte,Texas-San Antonio,-17,-17.75,-17.75,-16.76,-12.03,-16.07,-19.83,-15.52,,-16.5,-18.15,-17.56,-11.19,-17.43,-21.41,-17,,-19.59,-16.43,-10.51,-19.2,-17.37,-15.93,-6,-15.5,-17.5,-13.07,-18.32,-18.5,-24.5,-14.9,-19.63,-17.5,,-15.5,-13.92,-20.82,-18,-18,-21.06,-19.8,-14.32,-17,-17,-17,-17.47,-40.43,-17.45,-18.64,,5.18,28,7,13,-21,35,0.489727843,0.148282737
Cincinnati,Arizona,6.5,6.58,4.68,1.01,0.05,3.7,8.47,3.45,,6.5,4.69,5.9,3.58,4.11,3.79,1,,7.29,6.13,9.12,0.72,1.18,7.21,5.5,4.2,4.65,3.42,7.15,6,4.8,4.62,0.37,6.5,,5.1,6.65,3.93,-4,5.6,1.05,4.3,0.1,4.6,5.3,6.5,-2.54,-4.72,3.82,7.19,,3.13,30,24,13,-6,54,0.441286156,0.600256196
Connecticut,Air Force,7.5,10.45,2.69,12.81,7.91,9.56,10.53,1.96,,16,9.69,8.43,9.49,9.12,3.85,9,,6.36,2.44,17.52,8.04,6,10.19,22.5,5.9,8.71,10.74,11.97,6.5,7.3,8.78,8.5,8.5,,11.6,15.75,7.45,7,11.3,6.27,8,1.17,9.4,11.6,7.5,6.7,4.53,11.06,13.97,,4.31,16,26,13,10,42,0.539228273,0.710368137
Duke,Virginia,3.5,3.93,2.66,-6.15,-0.41,3.07,6.16,3.56,,-2.5,4.14,2.22,-1.85,2.98,2.55,-4,,3.83,10.1,1.03,-0.26,-0.42,2.73,11,-0.4,2.68,0.18,1.67,4,4.6,2.66,1.55,6,,6.9,-2.1,13.5,-1,8.7,1.81,3,-0.59,7,8.7,3.5,-6.73,-0.95,4.79,-1.25,,4.12,34,17,13,-17,51,0.487353363,0.572090218
East Carolina,Memphis,3,1.39,-1.43,7.23,2.84,5.1,-0.36,2.43,,0.5,2.38,2.52,1.88,1.87,6.15,-1,,1.77,6.27,-4.25,4.83,2.59,-1.36,0.5,0.1,1.74,0.46,1.7,3,0.4,0.42,3.68,2.5,,1.4,2.1,0.37,1,1,4,2.3,0.58,1.6,1.2,3,2.65,6.92,2.05,3.35,,2.68,27,31,13,4,58,0.47201994,0.546237307
Florida Intl.,Liberty,-2.5,-0.25,-5.1,1.27,-0.02,0.96,0.59,-3.76,,4,-1.93,-2.3,2.81,-1.32,5.7,-1,,-4.96,-3.89,-2.1,-1.27,-0.47,3.75,-4.5,-1.1,-1.12,-0.74,0.18,-3,-2.4,-0.13,-0.51,-2.5,,-5,1.4,-8.96,-1,-5.3,-1.14,-2.5,1.25,-1.5,-5,-2.5,-8.23,-5.5,-0.77,2.71,,3,27,34,13,7,61,0.529111831,0.467441494
Florida St.,Virginia Tech,14,13.37,8.63,26.96,18.61,19.05,15.39,13.04,,12.5,13.76,12.97,11.92,14.38,11.82,10,,13.48,12.56,8.26,22.13,16.79,3.27,1,16.3,13.62,14.66,12.7,13.5,16,10.81,20.19,13,,9.2,17.5,10.52,17,11.6,22.25,19.4,0.15,15.1,12.9,14,18.44,30.2,19.12,15.9,,5.82,14,34,13,20,48,0.508965834,0.802486297
Fresno St.,Wyoming,3,5.53,5.03,4.44,1.13,10.51,3.68,3.07,,10.5,5.02,7.52,5.6,5.01,3.96,4,,7.11,-0.72,13.03,1.04,3.04,6.27,9.5,1.5,4.6,5.54,7.9,3.5,3.7,2.59,2.13,5.5,,4.6,9.61,6.2,3,4.6,3.13,5.9,1.16,5.4,4.4,3,-5.68,4,3.67,6.51,,3.16,3,24,13,21,27,0.549416639,0.621545474
Georgia,Texas,6.5,6.84,4.53,7.83,7.65,9.57,8.76,8.38,,9,5.35,4.26,7.03,6.55,7.39,4,,6.54,8.37,7.9,6.76,7.51,9.87,0.5,11.7,6.8,4.91,7.2,6.5,5.1,2.38,6.65,6.5,,4.8,6.47,1.22,1,5.8,8.91,5.7,1.2,5.5,5.4,6.5,8.58,7.63,9.45,9.2,,2.5,10,35,13,25,45,0.50124122,0.658208266
Georgia Southern,Coastal Carolina,3,3.3,1.75,0.66,2.9,1.09,2.98,0.6,,1,4.86,5.76,-3.01,2.27,-3.02,-3,,5.06,-5.96,0.46,3.29,0.87,-1.65,4.5,2.7,2.8,3.37,1.93,3,3.3,3.2,4.48,2.5,,4.3,-1.4,8.78,2,3.5,4.08,4.5,-0.81,2.7,4,3,12.84,6.95,3.84,-2.6,,2.95,40,45,13,5,85,0.481968866,0.555904288
Georgia St.,Marshall,-7.5,-9.66,-10.41,-13.35,-8.73,-6.71,-10.28,-7.87,,-10,-9.41,-14.77,-13.44,-10.57,-12.08,-14,,-8.48,-9.05,-2.16,-14.55,-11.03,-9.81,-11.5,-12.2,-10.05,-11.69,-11.16,-7.5,-7.4,-8.13,-13.52,-6.5,,-9.8,-8.43,-8.64,-17,-10,-12.11,-10.1,-21.99,-7.4,-9.3,-8,1.9,-13.5,-11.5,-20.65,,2.98,30,18,13,-12,48,0.424624047,0.256414971
Illinois,Maryland,16,15.78,11.08,9.18,13.34,17.49,17.59,12.23,,17,14.99,9.04,12.12,15.1,13.74,7,,16.56,12.32,13.91,14.93,14.72,17.24,15.5,12.8,15.25,12.45,16.54,14.5,14.5,12.37,16.73,14,,16.8,22.75,21.31,14,16.8,16.88,16.2,3.18,14.1,16.1,16,20.88,15.6,18.51,14.35,,3.13,6,24,13,18,30,0.477822089,0.824638405
Indiana,Wisconsin,30,25.28,25.65,53.67,27.94,20.47,28.74,24.56,,30,22.57,30.41,18.23,29.65,27.05,28,,30.45,33.9,22.21,35.39,31.21,26.35,24.5,34.1,28.9,31.08,27.8,30,26.5,28.55,35.13,29.5,,29,27.65,28.16,37,30.6,38.48,31.2,23.79,29,28.8,30,26.04,32.6,33.73,30.45,,6.19,7,31,13,24,38,0.491806345,0.959072445
Jacksonville St.,Kennesaw St.,-3,2.19,10.47,3.27,-4.03,-4.46,4.02,-2.52,,-0.5,1.64,7.94,-6.19,-0.98,-6.6,-4,,-4.35,-4.98,-0.33,-6.13,-6.71,1.27,15,-3.8,-0.81,3.35,0.89,-3,-0.6,-0.41,-4.9,-2,,2.9,-8.05,3.12,-7,3.9,-6.24,0.3,-2.26,-2.4,3.4,-3,-4.09,-1.02,-6.54,-8.53,,5.51,26,35,13,9,61,0.547846452,0.476744621
James Madison,Appalachian St.,21,22.44,17.55,24.87,18.37,25.06,25.86,18.19,,22.5,21.09,23.4,15.88,22.44,21.49,17,,18.81,24.79,21.46,23.67,20.39,27.24,16,20.6,22.47,18.59,23.2,21,23.5,17.53,24.52,20,,19.9,31.85,26.78,23,22.2,23.48,21.7,5.77,19,21.6,21,20.93,31.45,26.46,23.96,,3.76,10,58,13,48,68,0.535167189,0.915507333
LSU,Arkansas,4.5,12.87,7.32,9.53,9.68,8.08,12.49,8.91,,13.5,10.73,6.64,10.77,10.01,7.67,6,,6.35,9.43,14.34,9.26,7.12,13.31,5.5,6.9,9.48,9.84,15.98,5.5,7.5,5.19,9.89,6.5,,14.5,17.92,14.68,4,14.9,7.55,9.6,4.53,7.8,14.5,5.5,-6.63,3.88,9.03,17.48,,3.61,22,23,13,1,45,0.632484473,0.730671226
Louisiana-Monroe,South Alabama,-4,-3.97,-9.95,-2.25,-4.07,-3.08,-7.28,-7.4,,4.5,-6.78,-8.59,17.57,-4.5,0.78,-6,,-7,-5.36,-0.17,-7.94,-3.4,-3.75,-5.5,-8.2,-5.9,-6.58,0.53,-4.5,-1.5,-4.77,-6.09,-3.5,,-8.5,1.75,-6.25,-9,-9.5,-7.96,-6.8,11.2,-7.6,-9.8,-4,-9.81,-13.1,-5.71,7.14,,5.28,26,14,13,-12,40,0.488078592,0.393971424
Louisville,Clemson,2.5,2.62,3.15,9.85,5,-3.63,-1.32,2.23,,14,0.7,4.68,9.65,4,8.34,7,,4.7,-1.89,8.01,3.29,6.73,0.93,0.5,4,3.65,5.94,7.84,3,4.6,1.29,4.11,3,,-0.9,14.7,-1.97,4,0.4,6.14,0.4,2.74,-1.1,0.3,2.5,-14.5,1.4,0.22,8.82,,4.23,20,19,13,-1,39,0.536375188,0.596184019
Massachusetts,Northern Ill.,-11.5,-9.54,-14.41,-9.84,-7.74,-9.75,-10.24,-11.08,,-8.5,-9.24,-16.07,-13.39,-11.24,-14.68,-9,,-11.09,-17,-7.57,-12.24,-10.94,-10.58,-11,-13.2,-11.08,-11.49,-11.06,-11.5,-15.5,-8.53,-11.59,-10.5,,-12.3,1.42,-10.92,-17,-12.6,-13.33,-10.4,-11.19,-11.8,-12.7,-11.5,-6.88,-3.85,-13.69,-21.97,,3.5,45,3,13,-42,48,0.506380864,0.24463132
Miami (Fla.),NC St.,14.5,16.25,13.69,24.23,14.84,17.92,18.73,14.2,,13.5,15.61,20.86,12.86,17.24,13.65,10,,16.54,17.61,13.27,18.43,16.01,14.84,15,18.9,16.42,16.13,16.29,15.5,18,14.99,17.57,14.5,,29.4,14.35,19.8,14,20.6,20.67,18.4,0.53,17,19.7,14.5,29.85,24.13,15.57,17.66,,3.7,7,41,13,34,48,0.56674354,0.854884232
Miami (Ohio),Toledo,-4.5,-0.9,-1.56,-10.47,-6.25,-7.48,-1.72,-1.18,,2.5,-3.25,0.41,0.65,-2.87,3.29,-7,,-4.83,2.49,-0.44,-8.23,-4.47,6.17,4,-4.9,-3.23,-3.11,1.24,-4.5,-3.8,-3.33,-7.12,-3.5,,-3.2,-0.7,-2.52,-9,-2.1,-6.73,-7.2,1.1,-3.4,-3.5,-4.5,7.41,-8.48,-7.05,-3.72,,3.99,24,3,13,-21,27,0.539664411,0.43040281
Michigan St.,Penn St.,-7,-11.26,-15.55,-9.15,-7.17,-7.21,-13.21,-12.14,,-1,-12.16,-16.48,-4.88,-10.34,-8.96,-7,,-10.23,-13.27,-1.26,-12.03,-7.83,-8.8,-12.5,-16.1,-11.25,-10.87,-10.95,-7,-11.4,-9.06,-11.68,-6.5,,-12.7,-8.4,-15.77,-18,-14.5,-10.27,-12.6,-0.31,-13,-13,-7.5,-8.49,-7.6,-11.24,1.24,,4.08,28,10,13,-18,38,0.419269274,0.264081782
Mississippi,Florida,11.5,12.38,14.37,20.15,11.76,19.82,13.85,14.5,,20,9.81,17.47,14.68,14.44,12.6,16,,10.49,15.6,17.42,13.89,13.58,18.25,13,13.7,13.64,13.48,14.88,14.5,16,10.11,12.55,13,,12,18.9,9.52,13,13.5,15.73,10.4,3.87,11.3,13.1,12,22.69,24.28,15.36,13.33,,3.29,24,34,13,10,58,0.571955431,0.813464472
Missouri,Mississippi St.,7,10.48,9,16.24,7.92,7.72,10.4,9.32,,7.5,9.64,10.38,7.37,9.54,7.73,6,,8.46,9.77,11.14,9.35,5.88,8.76,15.5,8.2,9.14,7.85,12.1,7,6.9,7.14,7.88,6,,10.9,9.45,14.11,8,10.8,8.06,8.1,1.45,8.9,10.5,7,4.07,15.07,9.27,9.47,,2.46,27,49,13,22,76,0.562819013,0.723705501
Missouri St.,UTEP,4.5,9.16,6.57,5.36,6.11,9.53,9.46,8.11,,15.5,6.49,6.43,13.3,8.04,12.6,5,,4.2,3.43,10.13,5.58,7.75,16.38,4.5,5,6.75,6.9,12.3,4.5,3.1,3.46,7.52,4.5,,6.9,15.91,4.35,4,8.3,5.54,4.9,3.53,6.6,6.2,5,-8.41,6,9.78,18.19,,3.54,24,38,13,14,62,0.586149524,0.689462112
Navy,South Florida,-10,-9.67,-5.42,-9.28,-13.92,-18.59,-15.85,-7.25,,-2,-9.81,-11.01,-5.81,-11.42,-13.38,-7,,-9.84,-15.41,-1.17,-18.78,-13.1,-14.98,7.5,-10,-10.67,-7.81,-5.63,-10,-7.1,-10.64,-17.35,-10,,-7,-9.1,-7.61,-21,-9.9,-16.83,-10.7,-0.97,-12,-9.5,-10,-21.54,-31.2,-17.62,-13.02,,6.73,38,41,13,3,79,0.467180569,0.253872517
Nevada,San Jose St.,-9.5,-8.03,-6.63,-11.23,-5.14,-1.45,-7.05,-8.84,,-5,-9.3,-9.8,-7.36,-8.42,-6.6,-8,,-7.94,-8.84,-7.3,-9.63,-9.1,-9.89,-4.5,-14.1,-8.87,-5.89,-9.22,-9.5,-10.7,-7.91,-8.72,-8,,-8.9,-3.87,-13.31,-11,-9.6,-9.82,-8.9,-22,-8.7,-9.4,-9.5,-30.88,-11.9,-11.93,-10.61,,2.56,10,55,13,45,65,0.526774713,0.300265862
New Mexico,Colorado St.,14.5,12.61,11.03,13.61,14.87,18.96,16.54,13.02,,19,10.97,10.54,15.3,14.61,16.54,12,,11.38,19.41,9.95,16.81,15.21,21.08,7,14,14,11.69,12.07,14,14,11.27,18.43,14,,9.6,22.4,6.71,17,10.7,18.23,10.7,3.1,13.1,10.4,14.5,3.99,23.53,20.64,20.48,,4.26,17,20,13,3,37,0.502669774,0.812956378
Northwestern,Michigan,-10,-7.03,-15.61,-10.45,-7.06,-4.19,-4.45,-7.1,,-6,-7.07,-10.18,-5.5,-8.79,-4.94,-8,,-12.52,-4.14,-3.61,-12.85,-7.7,-7.78,-10.5,-9.5,-9.03,-12.06,-10.86,-12,-17,-9.06,-10.65,-9.5,,-10.4,-10.15,-6.57,-6,-10.8,-8.17,-10.3,-2.2,-10.4,-10.7,-10,-0.05,-11.57,-10.33,-8.68,,3.45,24,22,13,-2,46,0.529689126,0.294212984
Ohio St.,UCLA,34,31.05,33.24,58.22,26.92,38.57,37.93,28.63,,29.5,27.34,33.56,18.5,32.18,31.56,26,,32.27,30.23,26.26,33.92,29.19,33.33,20.5,30.8,32.63,30.86,33.02,31.5,28.5,34.06,32.99,30.5,,34.9,30.45,34.31,32,36.6,34.43,33.8,15.16,33.9,36.2,34,16.81,34.53,36.25,27.82,,6.1,10,48,13,38,58,0.457383843,0.970779529
Oklahoma St.,Kansas St.,-19.5,-18.75,-17.36,-27.45,-18.21,-21.42,-22.21,-18.18,,-13.5,-19.06,-23.41,-11.63,-21.71,-28.2,-18,,-23.75,-29.58,-9.43,-24.98,-21.3,-25.53,-14.5,-25,-22.65,-19.22,-18.34,-18.5,-24,-19.99,-23.04,-20,,-21.5,-23.01,-22.64,-28,-23.5,-26.35,-20.9,-24.09,-23.3,-22.7,-20,-40.07,-26.88,-22.66,-21.77,,4.93,14,6,13,-8,20,0.447111881,0.095750431
Old Dominion,Troy St.,10.5,7.61,5.45,7.87,13.48,10.15,5.79,5.26,,10.5,8.62,7.25,8.54,8.88,6.72,3,,13.7,3.13,2.72,12.21,8.99,3.54,10.5,9.3,8.85,9.97,8.71,10.5,11.9,7.18,11.62,11,,6.8,12.95,5.09,9,6,11.74,10.1,1.43,8.3,5.7,10.5,9.87,16.43,11.53,16.29,,3.37,0,33,13,33,33,0.460239388,0.70788615
Oregon,Minnesota,25,23.98,24.84,29.11,25.9,15.41,28.87,23.58,,16.5,23.18,27.99,15.21,24.53,20,14,,25.53,23.74,13.64,30.74,23.3,25.41,17,29.2,24.67,23.62,22.96,25,24,25.52,31.03,23.5,,22.5,18.55,26.09,29,24.5,32.02,24.9,11.86,25.2,24.3,25,52.53,38.92,33.9,26.78,,5.83,13,42,13,29,55,0.488912823,0.926563128
Pittsburgh,Notre Dame,-12.5,-6.86,-13.6,-10.16,-7.84,-7.16,-5.86,-11.92,,-5,-6.75,-15.42,-5.59,-9.81,-7.39,-5,,-11.32,-11.72,-3.51,-10.73,-9.43,-8.32,-6,-13.5,-10.06,-8.89,-9.17,-12.5,-16,-8.24,-9.95,-10,,-13.8,-4.55,-10.46,-14,-13.2,-10.86,-11.7,-1.54,-12.4,-12.7,-12.5,-5.89,-17.05,-12.79,-9.22,,3.61,37,15,13,-22,52,0.565621045,0.273390484
Sam Houston St.,Delaware,-11,-5.56,1.34,-17.59,-7.67,-6.47,-6.11,-4.07,,-9.5,-4.27,-4.57,-9.33,-6.08,-5.98,-15,,-6.89,3.61,-1.6,-9.12,-8.11,-6.52,6,-6.6,-6.5,-4.26,-7.59,-9.5,-9.6,-3.74,-6.66,-8,,-5.4,-6.3,-4.26,-11,-6.1,-7.59,-6.7,-3.29,-8.3,-5.4,-10,7.42,-12.67,-8.65,-6.82,,4.52,23,26,13,3,49,0.617175509,0.356306923
San Diego St.,Boise St.,2,-1.81,-8.4,7.68,2.21,5.07,-2.26,-2.01,,6,-2.46,-6.12,3.63,-1.4,3.18,4,,-5.75,1.06,-1.45,0.27,0.52,1.78,-11.5,-0.4,-0.86,-3.03,-1.49,3,2.6,-3.26,1.15,1.5,,-9.5,1.4,-8.32,1,-9.1,1.26,-3.9,0.12,-1.7,-8.2,2,19.79,-0.72,0.94,2.26,,4.71,7,17,13,10,24,0.418658221,0.466310958
Southern Miss.,Texas St.,3,6.58,-2.13,12.98,8.59,13.68,9.69,6.95,,18,4.57,-2.88,11.33,7.89,10.15,12,,3.95,11.65,14.93,7.57,9.03,20.57,-10.5,4.7,8.3,1.56,6.3,4,4.8,3.5,8.01,6.5,,1.8,19.38,-1.81,10,1.4,8.78,4.3,2.17,10.1,3.1,3.5,2.27,25.53,9.16,10.54,,7.2,41,14,13,-27,55,0.610465917,0.67459603
Tennessee,New Mexico St.,40.5,37.07,41.72,22.59,29,30.37,40.5,30.66,,26.5,37.17,36.84,17.74,35.79,29.44,18,,36.81,45.01,28.89,37.75,29.76,34.7,26,39.5,36.82,36.64,38.31,39.5,31.5,38.67,34.1,39.5,,48.3,39.2,35.77,36,46.5,35.12,38,7.37,38.3,45.3,40,38.97,59.58,40.99,28.26,,8.28,9,42,13,33,51,0.39625259,0.977191091
Texas A&M,South Carolina,17.5,17.73,11.03,28.79,17.62,20.18,20.93,16.69,,26.5,13.68,11.73,17.09,18.61,22.17,15,,15.65,20.38,20.27,20.08,18.71,22.71,7,17.2,18.36,15.13,21.6,19,23,12.67,21.4,19.5,,14,23.63,15.34,18,15.5,20.4,16.7,13.42,20.3,14.9,17.5,15.85,28.5,22.72,25.28,,4.84,30,31,13,1,61,0.526660624,0.868911919
Texas Tech,Central Florida,23.5,22.93,15.86,26.69,20.16,24.93,28.11,21.21,,24.5,19.66,22.11,17.51,23.71,30.99,19,,26.38,28.54,19.13,26.4,25.55,29.43,11.5,24.1,24.2,18.66,24.29,23.5,24,18.21,27.49,24,,18,26.95,29.37,21,19.3,30.37,23.5,5.18,23.8,20.2,23.5,38.51,27,26.99,24.73,,4.81,9,48,13,39,57,0.505050536,0.923554144
Tulane,Florida Atlantic,17.5,17.82,19.64,14.67,16.42,12.84,16.35,16.1,,20.5,17.49,23.52,14.85,18.51,14.05,8,,21.09,16.88,21.29,18.34,17.71,15.4,15,15.6,17.7,17.68,21.58,18,22.5,13.95,17.52,15.5,,24,26.95,22.98,11,23.6,20.41,17.8,2.91,16.4,22.1,17.5,45.03,23.08,14.83,19.03,,4.01,24,35,13,11,59,0.524592529,0.870857845
Tulsa,Oregon St.,-2,-3.89,-7.85,-1.22,-1.04,3.92,-4.08,-4.5,,3.5,-6.17,-12.29,0.43,-1.97,1.2,1,,-3.37,0.16,-1.81,-2.1,-2.16,-0.81,3.5,-2.3,-2.13,-6.49,-2.46,-3,-0.7,-2.02,-0.17,-1.5,,-3,0.35,-5.2,-5,-4.4,-2.15,-4.5,-8.16,-1.2,-3.6,-2,-8.91,-2.63,-1.91,7.52,,3.3,14,31,13,17,45,0.500738191,0.451644457
UAB,North Texas,-17.5,-15.67,-14.5,-20.63,-20.55,-21.24,-18.05,-14.28,,-17.5,-16.55,-14.5,-11.87,-18.99,-16.44,-25,,-21.44,-22.73,-19.34,-27.77,-21.76,-20.58,-6,-21.3,-19.67,-15.97,-15.3,-18,-23.5,-16.39,-24.35,-18,,-15.3,-28.35,-20.18,-22,-16.4,-24.56,-20,-3.02,-18,-15.2,-17.5,-11.33,-22.45,-17.3,-20.38,,4.49,53,24,13,-29,77,0.464019809,0.1248624
UNLV,Utah St.,6,7.92,7.2,9.75,2.29,2.64,6.43,6.01,,11,6.68,7.38,6.52,7.57,6.79,2,,7.22,10.47,18.24,1.04,4.25,8.9,14.5,6,6.84,6.83,11.14,6,5.2,4.44,1.95,4.5,,14.7,11.2,9.91,2,14.2,4.72,5.6,1.25,5.6,13.3,6,17.1,10.55,0.51,6.85,,4.54,26,29,13,3,55,0.53787785,0.676698143
USC,Iowa,6.5,4.37,4.8,4.05,9.35,5.21,3.14,2.31,,9.5,3.66,3.38,5.59,4.85,5.96,3,,8.5,-2.7,6.95,7.64,4.23,4.73,4.5,3.3,4.77,6.93,5.97,7,5.3,7.47,7.52,7,,2.6,7.66,0.24,4,1.8,5.7,5.3,0.95,1.4,2.6,6.5,9.72,9.88,5.21,6.81,,2.54,21,26,13,5,47,0.459124688,0.618558425
Wake Forest,North Carolina,5.5,6.33,3.64,7.58,12.83,6.74,6.18,8.01,,12,5.63,4.45,10.51,8.46,10.2,7,,10.91,3.17,8.38,13.41,12.72,11.64,-0.5,11.4,7.79,6.77,7.45,6.5,5.2,4.96,13.25,6,,-1.6,21,1.57,8,4.7,14.66,7.5,2.53,6,4.2,5.5,9.86,11.3,10.23,17.2,,4.51,12,28,13,16,40,0.571174497,0.695900147
Washington,Purdue,16.5,18.72,18.12,28.07,15.55,14.02,17.07,14.16,,16,17.48,16.92,14.82,18.25,16.05,16,,16.77,14.74,21.04,17.92,14.22,17.49,16,14.2,17.31,17.74,22.96,16.5,23,15.26,17.32,17,,22,26.95,25.47,17,22.2,15.84,17.3,3.76,15.1,21.3,16.5,11.16,18.92,18.89,22.92,,3.51,13,49,13,36,62,0.542860948,0.869190554
Washington St.,Louisiana Tech,7.5,8.9,14.77,-4.69,2.47,8.46,11.72,10.49,,5,7.85,12.26,4.55,8.7,12.43,-5,,11.65,20.25,11.56,3.04,5.29,11.45,11.5,9.2,8.62,7.49,8.15,7.5,7.9,4.91,2.68,6.5,,11.9,6.65,4.73,6,12.5,6.41,4.2,0.44,6.5,10.5,7.5,15.57,14.9,12.69,11.24,,5.16,3,28,13,25,31,0.528655648,0.698889507
Western Kentucky,Middle Tenn.,13,18.2,17.98,19.58,15.94,19.69,19.54,13.02,,25.5,16.27,13.8,16.57,16.09,13.04,18,,12.97,14.81,26.53,17.74,12.92,21.97,13.5,11.8,15.69,16.51,21,13.5,14.5,11.73,17.9,13.5,,11.9,22.4,12.49,14,12.3,13.69,15.6,12.84,13.9,12.5,13,10.13,10.83,15.77,18.23,,4.14,26,42,13,16,68,0.574702161,0.836655529
Western Mich.,Ohio,1,0.49,-3.56,5.53,2.09,1.36,-0.12,-0.77,,0.5,1.49,-5.2,-0.25,-0.76,0.66,-1,,-2.35,-3.23,-4.13,3.1,-0.94,-3.66,-6.5,-1.1,-0.86,-1.65,-0.39,1,-2.9,-1.36,3.92,-1,,-6.4,-2.8,-4.95,1,-6.5,0.28,-1.3,-0.78,-1.6,-5.1,1,4.68,3.32,5.67,6.8,,3.22,13,17,13,4,30,0.45673816,0.481288851
Air Force,New Mexico,-4,2.13,2.7,0.83,-2.76,-3.05,6.62,2.05,,-6,2.38,-0.89,-5.62,-1.38,0,-5,,-4.24,0.22,-5.8,-4.02,-5.52,1.42,-8,-1.9,-2,-2.27,-2.27,-4,-3,-2.27,-2.75,0,,1.3,-11.14,12.38,-2,1.6,-4.65,1.4,-1.9,2.2,1.2,-4,-12.93,-4.2,-3.3,-7.64,,4.22,20,3,14,-17,23,0.563369293,0.466520064
Appalachian St.,Marshall,-5,-4.17,-4.17,-3.58,-2.66,-9.57,-5.71,-2.73,,-1.5,-4.6,-5.69,-3.37,-4.76,-2.99,-5,,1.58,-5.91,1.66,-7.57,-4.89,-6.08,-8.5,-6.1,-4.55,-5.88,-3.36,-5,-3.5,-4.47,-6.54,-3,,-8.5,-5.18,-4.12,-1,-7.8,-4.59,-4.5,-2.26,-2.6,-6.4,-5,-3.73,-8,-6.6,-9.8,,2.65,24,26,14,2,50,0.505949107,0.383703034
Arizona,Baylor,6.5,6.06,3.77,19.26,11.39,7.84,7.04,7.81,,15,5.61,3.68,9.49,7.65,9.62,8,,9,6.14,5.35,11.81,9.36,10.87,-6,9.3,7.83,7.79,5.92,7,4.2,4.63,12.07,6.5,,0.3,15.05,1.83,10,0.6,11.14,5.9,1.68,3.6,1.5,6.5,13.58,12.65,10.2,9.7,,4.81,17,41,14,24,58,0.527638586,0.677683072
Arkansas St.,Louisiana-Lafayette,2.5,3.45,-2.06,4.54,4.17,5.03,5.2,1.05,,7,2.25,-1.43,5.59,2.98,6.36,3,,1.69,6.57,6.57,2.54,3.06,7.03,-6.5,2.2,3.03,0.85,3.12,2.5,0.9,1.79,2.09,3,,1.7,5.25,1.17,3,1.7,3.89,1.4,0.71,2.5,2.6,2.5,10.1,4.85,0.98,7.09,,2.84,34,30,14,-4,64,0.51187203,0.573299055
Army,Tulsa,10,14.78,18.72,13.94,11.73,6.94,13.13,14.31,,12,14.97,14.02,11.61,14.59,13.74,6,,15.64,14.55,17.27,12.98,14.86,12.11,20,14.9,14.43,16.09,17.45,10,11.7,12.96,13.3,10.5,,19.1,18.9,19.28,12,18.9,17.1,13.2,5.12,8.9,17.2,11,18.3,19.8,9.31,17.46,,3.39,26,25,14,-1,51,0.611318362,0.815616316
Boise St.,Colorado St.,17,19.06,22.86,20.28,19.24,13.52,22.37,18.39,,17.5,18.7,17.47,15.39,19.07,13.72,14,,21.9,15.44,16.56,18.53,15.32,19.19,15,17.4,18.88,17.64,18.4,16.5,16.5,16.41,19.9,17,,23.4,24.85,24.4,22,23.9,17.81,19.1,2.37,16.6,22.8,17,17.78,24.28,22.6,19.3,,3.28,21,49,14,28,70,0.550808334,0.880298354
Bowling Green,Akron,3,6.58,9.47,1.72,5.26,2.82,6.3,7.28,,4.5,6.76,7.38,4.01,5.58,1.74,-1,,7.17,-1.42,7.95,6.56,7.04,1.44,8,9,6.4,8.42,7.01,3,4.6,6.88,5.42,3.5,,3.4,5.95,6.92,-2,4.6,10.77,7.9,0.25,3,3.7,3.5,5.37,10.5,2.12,6.22,,3.17,19,16,14,-3,35,0.563313843,0.63483923
Buffalo,Miami (Ohio),-2.5,-3.34,-5.33,3.74,-4.04,-1.94,-5.86,-4.47,,2,-3.39,-3.51,-3.13,-3.35,-4.68,-1,,-1.07,-9.34,0.56,-7.07,-4.11,-10.92,-0.5,-6.9,-3.3,-4.62,-1.93,-2.5,1.1,-3.19,-5.66,1.5,,-1.3,-1.05,1.6,-10,-3.4,-4.51,-2,-0.56,-2.8,-1.8,-2.5,-14.08,-3.25,-6.43,-2.86,,3.24,37,20,14,-17,57,0.479080223,0.418097622
Central Florida,Oklahoma St.,13,15.43,14.65,26.36,15.47,16.73,15.91,13.05,,17.5,15.68,17.14,15.1,17.58,21.64,15,,17.74,15.86,12.59,19.63,15.96,16.71,13.5,18.2,16.94,17.81,16.22,13.5,19.5,16.41,18.05,14.5,,19.5,20.3,12.23,23,20,21.13,18.8,14.07,15.9,19.1,14,26.15,26.5,15.99,18.47,,3.3,14,17,14,3,31,0.611215586,0.860886852
Cincinnati,BYU,-2.5,-3.54,-4.88,-10.39,-5.6,-5.66,-4.47,-4.46,,-10.5,-2.48,-5.07,-4.65,-5.81,-8.22,-5,,0.98,-5.43,-5.96,-8.12,-8.63,-8.65,-8,-4.6,-5.34,-6.55,-4.76,-2.5,-3.2,-4.59,-8.35,-2,,-4.2,-5.25,-5.68,-15,-4.1,-8.52,-4.9,-3.26,-3.1,-3.4,-3.5,-11.6,-1.28,-6.66,-7.65,,2.8,26,14,14,-12,40,0.418652108,0.359260647
Colorado,Arizona St.,-7,-6.31,-4.16,-9.68,-3.79,-7.97,-5.83,-5.94,,-6.5,-6.35,-2.57,-6.3,-7.15,-5.07,-10,,-5.01,-7.44,-8.04,-6.76,-7.55,-7.72,-1,-8.5,-7.14,-5.62,-8.21,-7,-7.3,-3.4,-6.55,-7.5,,-8,-14.35,-9.69,-11,-8.5,-7.18,-7.1,-2.24,-9,-8,-7,-8.97,-12.72,-8.42,-12.8,,2.59,42,17,14,-25,59,0.496279473,0.328324412
Florida,Tennessee,-4,-0.88,-6.31,-6.2,-3.61,-11.49,0.66,-4.52,,-3.5,-0.74,-4.62,-5.89,-4.2,-2.62,-11,,-4.19,-1.4,-2.67,-6.44,-4.47,-1.75,-6.5,-7.3,-3.84,-5.41,-3.09,-4,-4.1,-3.79,-5.32,-3.5,,-1.9,-8.37,-0.36,-7,-1.9,-3.89,-2.3,-1.35,-2.1,-2.4,-4,-10.4,-11.98,-3.65,-3.1,,3,31,11,14,-20,42,0.495061144,0.397438038
Florida Atlantic,Connecticut,-7,-6.45,-3.51,-11.61,-5.1,-6.82,-6.58,-2.56,,-3.5,-6.94,-6.55,-8.06,-6.64,-1.69,-9,,-6.41,-6.39,-11.28,-7.68,-5.05,-6.38,-4,-7.7,-6.7,-9.03,-7.07,-7,-7.8,-3.63,-6.38,-7,,-11.8,-9.19,-12.53,-8,-12.2,-5.39,-8.2,-0.01,-6.9,-10.7,-7,6.48,-2.15,-2.96,-0.59,,2.88,48,45,14,-3,93,0.508900907,0.340333536
Florida Intl.,Jacksonville St.,0,0.89,-4.61,-1.21,1.76,-0.04,1.31,-0.96,,-0.5,1.33,-1.62,0.05,-0.84,2.03,-5,,-1.33,-2.09,-5.49,0.48,-1.34,-1.47,-6.5,0.4,-0.77,-3.48,-0.28,0,3.1,-1.05,0.77,1,,-3,-3.15,-1.08,1,-4,-0.84,-0.7,-0.39,0.5,-3,0,-3.56,-2.8,0.28,2.11,,2.44,21,27,14,6,48,0.479144105,0.479144105
Fresno St.,Utah St.,2.5,5.75,4.19,6.71,0.55,6.1,4.61,5.1,,8.5,5.15,5.88,5.51,4.79,5.17,3,,2.7,5.04,14.45,-0.13,2.26,8.78,5.5,1.8,5.07,3.27,7.57,3,2.7,0.34,0.25,2.5,,5.7,9.1,9.3,3,5.7,1.78,4.7,1.21,4.9,6,2.5,6.87,5.3,1.6,3.9,,3.33,28,17,14,-11,45,0.556137477,0.616122907
Georgia,Charlotte,43,51.2,46.89,51.5,41.25,48.4,58.38,47.38,,38.5,48.44,48.13,19.5,48.08,51.8,31,,44.27,51.8,42.36,51.98,46.53,59.6,24.5,55.5,48.9,44.65,53.83,43,40.5,49.89,49.96,45,,55.4,49.35,48.37,45,57.7,55.62,53.3,19.78,50.6,55.9,44,40.12,67.31,48.24,35.08,,9.05,3,35,14,32,38,0.609494654,0.995745429
Georgia Southern,Old Dominion,-10.5,-6.06,-7.12,-10.13,-11.84,-12.8,-7.86,-6.16,,-6.5,-6.86,-8.12,-6.45,-8.77,-3.66,-10,,-12.54,-4.31,-3.59,-14.01,-10.76,-2.36,-1,-10.9,-7.99,-8.84,-4.85,-12.5,-13.1,-7.82,-12.69,-10,,-6.1,-14,-1.95,-12,-7.1,-12.75,-10.4,-1.37,-9.5,-5.8,-10.5,-13.4,-23.42,-11.05,-14.06,,4.35,45,10,14,-35,55,0.541853551,0.297081544
Georgia Tech,Pittsburgh,2.5,2.31,1.02,6.47,0.69,-2.09,0.29,-0.34,,11,0.86,0.76,2.95,1.36,-1.24,1,,3,2.47,5.63,-2.03,-0.09,2.02,0.5,-1,0.8,1.11,5.58,2.5,3.1,1.63,-1.36,3,,4.3,8.4,0.8,-4,3.5,-1.35,0.8,1.88,0.01,3.4,2.5,13.71,-3.47,-2.94,2.73,,3.23,42,28,14,-14,70,0.471949549,0.533452019
Houston,TCU,1,3.52,-2.7,7.64,1.59,5.53,5.82,0.89,,9,2.1,-5.55,4.56,1.42,2.51,5,,-2.3,2.51,3.79,1.58,1,7.07,-7,-2.1,1.54,-0.08,2.49,1,1.3,-0.6,2.5,2,,-1.6,5.95,-5.87,4,-2.3,0.47,0,1.35,-0.7,-1.7,1,-2,-0.2,2.31,4.11,,3.77,17,14,14,-3,31,0.510267538,0.534674119
Iowa,Michigan St.,17,18.79,19.58,30.83,15.05,21.45,22.3,21.76,,16.5,17.36,22.26,15.52,20.6,22.04,14,,16.11,25.77,13.45,20.69,20.78,24.43,15.5,24.8,20.74,17.87,19.07,17,22,16.02,21.53,17,,19.6,26.6,21.49,21,20.9,24.94,20.2,4.51,18.7,19.5,17.5,6.92,20.88,24.36,20.28,,4.02,17,20,14,3,37,0.586995687,0.895782213
Iowa St.,Kansas,3.5,7.5,8.24,6.94,7.08,8.54,7.6,7.61,,9.5,7.01,6.24,5.6,7.08,6.17,3,,4.57,6.93,8.78,7.09,5.33,8.82,11,1.5,6.99,7.07,8.39,3.5,6.9,3.58,7.2,6,,7.4,11.2,18.54,3,6.9,6.29,4.8,1.83,4,7,4.5,9.41,6.93,6.97,8.43,,2.76,14,38,14,24,52,0.587911431,0.66980925
James Madison,Washington St.,14,12.74,6.48,23.91,6.71,11.61,13.58,9.82,,14.5,12.17,12.46,8.98,12.29,7.81,12,,13.78,13.96,17.52,9.79,8.75,14.88,10,8.6,12.36,7.97,13.61,13.5,9.8,12.26,10.88,13.5,,12.1,16.8,19.22,6,13.2,10.63,13.3,2.19,12.7,14.2,14,26.49,13.1,13.73,19.01,,3.79,20,24,14,4,44,0.45827746,0.774283106
Kennesaw St.,Missouri St.,6.5,3.14,-2.48,5.34,6.69,2.44,1.4,5.81,,6.5,3.66,5.34,6.53,4.97,6.51,4,,9.07,6.39,6.96,6.9,8.04,-3.63,-0.5,8.1,5.34,3.19,4.08,6.5,4.6,4.27,6.75,6.5,,1.9,8.4,3.76,5,1.3,11.56,6.1,0.55,5.5,2.3,6.5,10.44,8.68,4.7,5.08,,3.39,34,41,14,7,75,0.462455336,0.620257852
Kent,Central Mich.,-9.5,-8.9,-10.51,-11.6,-4.92,-8.99,-9.39,-5.62,,-3.5,-9.47,-6.4,-5.78,-7.71,-5.03,-9,,-8.38,-8.66,-6.58,-7.28,-4.82,-5.4,-1.5,-6.2,-7.76,-8.95,-9.61,-9.5,-10.9,-6.21,-6.81,-8.5,,-12.4,-6.3,-12.83,-7,-13.8,-4.56,-8.5,-1.12,-10.2,-12,-9.5,5.76,-10.6,-8.24,-5.97,,2.82,28,16,14,-12,44,0.544198162,0.31626284
LSU,Western Kentucky,22,25.71,27.05,13.39,19.77,21.13,27.72,20.12,,8.5,26.57,27.24,13.04,23.64,19.26,1,,24.57,36.81,13.14,25.51,19.6,20.07,7.5,26.8,24.39,22.4,25.84,22.5,25,23.75,23.11,21.5,,40.5,19.95,29.63,24,38.5,24.92,26.6,3.52,25.2,37.2,22,5.47,33.28,26.36,22.38,,8.64,10,13,14,3,23,0.536150418,0.904560681
Louisiana Tech,Liberty,-1,5.27,3.46,9.04,11.29,4.64,5.61,2.4,,7.5,4.63,6.62,9.88,5.52,6.04,5,,5.83,2.03,1.48,10.41,8.19,1.87,-2.5,8.1,5.7,6.18,5.79,-1,2.4,5.33,10.13,0,,0.9,9.1,-0.46,9,0.7,10.29,5.3,0.86,1.9,0.6,0.5,30.64,7.43,4.83,9.35,,3.41,28,34,14,6,62,0.656003824,0.633067554
Maryland,Michigan,-14,-9.88,-13.55,-16.18,-7.58,-3.76,-9.77,-10.65,,-11.5,-9.62,-12.35,-7.08,-11.39,-5.81,-10,,-13.67,-9.49,-10.02,-10.83,-10.57,-11.86,-9,-8.7,-10.62,-11.03,-12.36,-14,-16,-10.58,-10.5,-12,,-13.6,-18.2,-10.42,-16,-14.6,-10.58,-13,-3.52,-12.9,-13.9,-13.5,-9.3,-20.33,-15.25,-10.49,,3.35,45,20,14,-25,65,0.563904932,0.241319144
Middle Tenn.,Sam Houston St.,6.5,3.8,0.43,11.54,5.33,0.99,5.53,7.12,,1,4.42,3.79,2.06,3.66,5.08,2,,6.47,-4.02,-7.07,6.17,5.43,-0.37,-6,6.1,3.8,0.28,1.44,6.5,7.6,3.32,4.67,6,,1.9,2.8,0.01,4,2.6,8.38,4.5,0.11,2.4,2.5,6.5,-0.47,11.97,8.8,3.24,,4.43,17,31,14,14,48,0.431587865,0.587878533
NC St.,Florida St.,-6.5,-2.52,-4,-12.98,-6.97,-11.59,-5.63,-3.79,,4,-4.25,-2.22,-0.49,-5.01,1.2,-7,,-5.49,-6.9,-0.5,-10.79,-4.6,0.22,4.5,-8.7,-5.02,-6.47,1.07,-5,-3.3,-5.33,-7.52,-5,,-11.3,-0.7,-0.46,-10,-4.9,-7.25,-8.8,1.39,-7,-5.1,-6.5,20.68,-18.7,-6.64,-1.76,,4.78,11,21,14,10,32,0.535807305,0.381249022
North Carolina,Duke,-7,-2.62,-2.56,-1.77,-7.26,-7.54,-2.43,-2.48,,-5,-3,-8.45,,-6.21,-1.38,-10,,-9.51,-2.14,-1.42,-9.2,-9.22,-1.33,-1,-7.8,-7.26,-5.51,-3.18,-6.5,-7.7,-7.29,-8.63,-6.5,,-6.2,-11.2,-11.64,-10,-10.5,-10.18,-7.8,-1.68,-5.3,-9.8,-7,-19.77,-8.57,-3.86,-10.07,,3.46,32,25,14,-7,57,0.519389874,0.351153298
Northern Ill.,Western Mich.,-6.5,-5.51,-1.89,-11.79,-8.07,-9.12,-6.61,-3.19,,-6,-5.39,-3.43,-8.06,-6.13,-4.55,-9,,-2.85,-7.36,-8.47,-10.96,-6.12,-12.3,5,-4.3,-5.65,-4.82,-5.78,-6.5,-6.7,-3.2,-9.27,-6,,-3,-11.2,-4.33,-12,-4.3,-4.41,-5.4,-1.81,-6.3,-4,-6.5,9.57,-7.05,-9.39,-10.06,,3.42,35,19,14,-16,54,0.509089427,0.352899162
Northwestern,Minnesota,4,2.55,0.95,4.12,7.39,0.49,5.93,7.05,,3.5,3.3,5.05,3.32,4.14,5.84,-1,,4.77,4.5,0.07,4.95,6.53,5.34,-5.5,4,4,-0.05,-1.22,3.5,2.6,3.77,5.81,4,,0.5,2.1,-1.9,10,1.5,10.13,3.3,-0.08,3,1.3,4,23.39,11.47,8.74,5.75,,3.83,35,38,14,3,73,0.503420136,0.600066503
Notre Dame,Syracuse,37,30.06,32.95,42.44,30.21,30.72,35.5,34.35,,28.5,28.02,32.84,18.47,32.74,34.18,23,,30.9,39.72,19.23,36.3,31.98,40.53,22,34.4,32.67,28.32,30.52,35.5,29,30.11,36.44,34.5,,35.4,34.73,28.79,37,33.3,38.17,32.5,4.17,36.1,32.2,36.5,26.54,45.67,42.38,25.79,,6.42,7,70,14,63,77,0.401764427,0.972062301
Ohio,Massachusetts,33.5,33.27,32.5,35.41,28.37,32.91,37.67,32.48,,29,32.27,35.98,19.64,32.3,32.05,24,,26.9,41.69,25.62,36.37,31.53,36.17,26,33.1,32.56,29.55,33.99,33.5,25.5,30.96,36.03,32,,35.2,22.38,35.89,36,37,37.4,31.9,13.74,32.4,35.5,33.5,35.86,27.55,36.51,32.63,,5,14,42,14,28,56,0.471261829,0.973849423
Ohio St.,Rutgers,33,29.98,32.95,49.81,25.51,31.67,36.44,31.47,,30,27.14,34.18,17.95,31.03,30.1,20,,30.86,35.25,25.39,31.62,27.74,35.31,25,33.1,31.34,29.25,30.95,31.5,25.5,28.31,32.43,33.5,,30.5,26.16,24.52,33,32.2,33.51,31.2,14.22,33.1,32,33,22.57,39.53,39.99,27.51,,5.64,9,42,14,33,51,0.453457167,0.967249227
Oklahoma,Missouri,6.5,6.68,5.96,5.84,6.59,1.86,6.96,8.16,,13,6.02,12.72,5.97,7.03,6.62,2,,9.56,7.28,9.63,6.31,7.89,10.75,-3.5,7.4,7,5.42,7.45,7.5,7,3.62,8.35,9.5,,7.5,6.3,3.5,5,7.8,10.46,7,2.13,6.7,8.1,6.5,9.6,2.39,11.13,6.59,,3.12,6,17,14,11,23,0.513066706,0.668045805
Oregon,USC,10,11.38,10.25,12.9,7.16,7.27,11.88,8.8,,6.5,11.22,13.69,6.84,9.65,5.62,5,,11.21,10.05,7.31,8.74,5.59,9.11,12,11.8,9.31,9.5,12.07,10,6.6,6.02,8.96,10,,10.8,5.49,15.49,10,12,8.55,8.6,9.44,8.7,11.9,10,5.92,10.65,11.82,16.31,,2.59,27,42,14,15,69,0.491319212,0.725742912
Penn St.,Nebraska,8,11.75,12.23,0.26,7.36,1.98,14.12,10.87,,0.01,12.65,12.55,2.96,7.72,6.19,-4,,7.62,7.89,0.63,7.43,4.35,6.62,13,7.4,7.53,5.68,10.07,8,7.3,5.51,9.45,10,,10.2,-0.65,13.93,10,11.5,7,7.2,-2.44,9.3,10.2,8,19.82,2.83,12.1,0.82,,4.69,10,37,14,27,47,0.493251878,0.6795332
Rice,North Texas,-18,-16.6,-14.04,-17.9,-17.74,-18.87,-18.9,-15.04,,-15.5,-18.14,-20.51,-10.57,-19,-15.47,-21,,-20.36,-21.22,-18.33,-27.36,-21.71,-18.86,-7.5,-19.8,-18.59,-16.5,-15.51,-18,-24,-16.46,-25.12,-17.5,,-15.9,-25.9,-20,-21,-16.2,-25.96,-20.8,-3.16,-18,-16.4,-18,-24.64,-28.65,-26.18,-19.55,,4.53,56,24,14,-32,80,0.475847976,0.124873047
SMU,Louisville,3,6.22,2.01,4.33,2.02,4.83,10.03,5.6,,5,5.48,8.66,3.1,5.1,7.37,1,,2.91,11.27,5.01,2.35,3.57,14.11,8,2.4,4.92,1.49,3.67,2.5,0.9,4.63,4.66,3.5,,3.2,3.85,5.89,5,5.1,5.71,3.7,0.14,6.3,4.8,3,-8.43,0.13,9.1,2.27,,2.95,6,38,14,32,44,0.551738236,0.623940287
San Diego St.,San Jose St.,12.5,16.15,11.22,22.95,17.41,25.65,17.68,16.56,,20.5,16.23,13.08,16.03,17.46,15.35,17,,12.81,20.13,21.01,21.55,18.55,22.09,0.5,18.2,16.78,14.03,16.22,12,17,12.58,21.76,11.5,,15.7,28.35,12.86,19,16.3,21.22,15.9,3.08,16.1,15.6,13.5,29.33,19.75,20.29,19.23,,4.87,3,25,14,22,28,0.617427022,0.853503463
South Alabama,Southern Miss.,-1,-0.35,6.68,-4.54,-4.72,-1.65,-2.54,2.51,,-6.5,1.82,3.82,-6.36,-1.48,-3.6,-9,,0.1,-3.37,-7.29,-3.99,-4.14,-10.29,11.5,-2,-2.01,1.16,-1.12,-1,-4.2,-1.26,-3.33,-1.5,,5.5,-8.4,7.97,-7,5.3,-2.11,-0.2,-2.36,-1.4,4.1,-1,-21.46,-2.2,-3.4,-9.94,,5.08,35,42,14,7,77,0.488513127,0.464623735
South Carolina,Coastal Carolina,24,23.33,26.96,8.11,19.74,21.87,29,18.77,,7.5,25.43,22.83,8.53,22.56,16.57,4,,24.8,23.51,18.63,28.51,19.18,22.9,14,28.3,22.97,23.04,19.03,24,23.5,22.34,25.2,23,,34.6,17.15,23.45,22,33,26.63,26.5,2.75,25.3,31.7,24,32.96,36.53,26.73,19.27,,7.28,7,51,14,44,58,0.467142856,0.901783159
Stanford,California,-3.5,0.39,-4.56,-6.8,0.91,-8.29,-0.54,0.19,,-3,1.1,-3.41,-2.31,-1.47,2.57,-9,,-3.25,-0.87,-1.88,1.94,0.91,-3.72,-5,0.2,-0.75,-2.33,0.09,-3,-3.5,0.44,1.51,-3,,-6,-6.67,-0.62,-3,-5.4,2.79,-0.2,-1.13,-2.4,-4.3,-3.5,-3.32,2.5,0.74,1.82,,3.17,10,31,14,21,41,0.549895069,0.463824096
Temple,Tulane,-9,-7.77,-10.95,0.33,-4.93,-8.1,-5.71,-7.9,,-8,-7.17,-11.9,-9.66,-8.4,-5.33,-5,,-8.04,-7.71,-12.95,-5.64,-7.24,-8.56,-12.5,-6.2,-8.07,-9.06,-12.03,-9.5,-12.3,-4.22,-5.09,-8.5,,-12.3,-15.05,-11.92,-10,-12.7,-5.87,-6.9,-2.26,-10,-12.3,-9,-5.01,-10.38,-6.43,-8.82,,3.37,37,13,14,-24,50,0.51474747,0.302351986
Texas,Arkansas,8.5,13.29,13.27,15.56,8.64,3.5,10.18,11.89,,19,11.02,9.28,12.49,12.15,10.03,7,,9.61,9.89,16.26,8.94,9.55,15.33,14,8.7,11.31,12.76,19.01,9,13.9,10.99,9.81,10,,13.9,23.1,14.76,7,14,10.46,11.6,5.34,8.2,14.4,9,17.8,14.95,8.6,19.27,,3.78,37,52,14,15,89,0.588492901,0.771726553
Texas St.,Louisiana-Monroe,20,21.07,19,16.23,16.73,19.22,25.45,19.06,,17,21.75,24.28,13.8,19.3,19.54,12,,16.46,23.5,6.22,22.96,16.97,24.94,17,20.9,19.03,18.21,18.78,18,15,18.6,23.19,18.5,,17.1,15.75,17.91,22,19.4,24.56,19.6,1.72,22.7,19.2,20,17.26,17.9,24.61,15.98,,4.48,14,31,14,17,45,0.483073383,0.879034144
Texas-San Antonio,East Carolina,-2.5,-1.04,-2.3,-12.99,-7.26,-9.18,-0.52,-1.89,,-3,-1.91,-2.46,-4.94,-3.9,-4.66,-8,,-1.29,-4.03,-6.82,-7.9,-6.23,-5.78,-1.5,-7.3,-3.85,-4.5,-1.3,-2.5,-2,-3.23,-5.86,-3,,-3.9,-9.45,1.45,-7,-3.6,-5.24,-4.3,-1.87,-3.7,-3.8,-2.5,0.16,11.3,-3.36,-2.18,,3.88,24,58,14,34,82,0.465864193,0.405687169
Toledo,Ball St.,28,26.07,24.72,31.63,24.69,33.55,32.41,23.12,,14.5,27.74,28.58,15.64,26.04,20.97,17,,25.06,26.42,15.52,30.49,22.61,23.63,19.5,27.1,26.24,22.67,21.92,28,24,24.76,30.17,26,,26.7,24.5,32.2,36,28.2,29.7,29.1,1.62,28.5,27,28,46.73,31.73,34.44,19.15,,5.54,9,38,14,29,47,0.45359502,0.939296677
Troy St.,Georgia St.,10,16.45,13.37,20.05,13.16,12.66,17.99,12.13,,20,14.22,6.88,19.44,14.45,16.29,14,,13.44,12.86,14.39,15.07,14.67,17.83,6.5,14.8,14.3,13.29,18.96,10.5,12.5,11.7,15.55,12.5,,8.1,18.2,16.17,13,9.9,17.21,14.7,14.07,13.5,10.4,11,17.97,17.1,10.38,23.11,,3.35,19,31,14,12,50,0.608063286,0.813434205
UAB,South Florida,-21.5,-20.45,-16.86,-24.46,-23.2,-22.07,-25.39,-14.72,,-17.5,-20.33,-16.8,-11.69,-22.04,-20.07,-20,,-22.23,-24.67,-18.53,-28.07,-23.23,-23.3,-6.5,-26.7,-23.22,-18.01,-19.18,-21.5,-25,-22.19,-26.47,-21,,-23.3,-27.19,-27,-29,-25,-27.13,-24.5,-3.19,-20.6,-23.5,-21.5,-21.5,-26.88,-25.86,-21.63,,4.69,48,18,14,-30,66,0.48698808,0.091519826
UCLA,Washington,-10.5,-10.04,-9.47,-30.95,-12.38,-18.25,-12.68,-7.55,,-8,-9.71,-11.58,-8.13,-11.59,-6.66,-18,,-8.77,-7.83,-4.24,-17.31,-11.88,-9.86,-2.5,-12.1,-11.44,-12.5,-9.7,-10.5,-13.5,-8.99,-15.29,-10,,-10.5,-17.85,-11.31,-15,-11.1,-13.43,-12.2,-2.42,-12.1,-10.7,-10.5,-17.11,-14.65,-15.16,-7.86,,4.88,48,14,14,-34,62,0.473835212,0.242628609
UNLV,Hawaii,3,3.44,8.38,2.77,4.49,-1.52,0.16,3.43,,7,4.03,6.56,2.19,4.16,-1.11,1,,8.75,-0.21,9.31,2.63,2.32,-1.88,16.5,2.1,3.47,7.06,5.86,3,3,6.06,2.92,2.5,,7.9,5.12,-1.3,5,7,3.4,4,0.67,1.7,6.5,3,6.87,0.13,3.16,10.13,,3.79,10,38,14,28,48,0.528331625,0.600598124
UTEP,New Mexico St.,3,4.82,3.76,4.12,3.21,2.32,4.62,1.69,,1.5,5.72,1.1,-1.55,3.06,0.43,-2,,4.76,5.92,0.44,2.92,0.89,3.13,5,2.5,3.15,2.98,4.2,3,3.1,3.14,3.17,3,,5.9,0.7,5.71,-1,5.5,2.94,3.5,-0.71,4,5.6,3,-10.8,5.72,1.5,-2.57,,2.16,34,31,14,-3,65,0.501494129,0.575739938
Utah,Kansas St.,17.5,16.3,13.88,25.21,18.99,25.35,24.19,16.71,,21,15.23,14.28,13.51,18.65,17.11,17,,15.72,21.17,14.18,25.09,19.63,19.18,-2.5,20.3,17.99,16.81,13.24,17.5,16,15.23,24.37,16.5,,16.3,17.15,13.81,26,16.8,24.82,20.1,2.78,20.7,16,17.5,20.58,29.85,24.35,17.98,,5.71,47,51,14,4,98,0.527172164,0.865513409
Vanderbilt,Kentucky,9,9.79,6.37,16.5,10.06,6.87,10.52,5.29,,15.5,7.59,6.25,10.47,10.3,9.59,12,,11.77,9.52,12.82,10.22,11.35,10.63,10,12.4,10.49,8.59,11.9,9.5,9.9,7.69,10.35,9,,11.4,12.95,11.73,8,11.7,13.49,10.9,2.15,9.1,10.5,9,14.2,14.03,6.1,11.21,,2.49,17,45,14,28,62,0.532241574,0.739246137
Virginia Tech,Miami (Fla.),-18,-17.26,-14.97,-28.77,-16.75,-26.39,-21.1,-16,,-15.5,-15.31,-19.07,-11.6,-19.4,-16.86,-18,,-14.2,-20.37,-13.9,-23.14,-21.81,-19.98,-10.5,-23.7,-19.64,-17.72,-18.25,-17.5,-24,-16.88,-22.23,-16.5,,-12.7,-23.38,-21.81,-24,-20.5,-24.47,-21.3,-2.29,-19.3,-20.3,-18,-20.28,-24.55,-21.45,-18.64,,4.38,34,17,14,-17,51,0.46612492,0.119386645
Wake Forest,Delaware,17.5,22.23,24.37,12.52,19.05,20.83,27.39,20.44,,16,22.18,16.89,15.17,20.72,21.48,8,,17.93,33.47,25.56,23.64,18.64,30.67,6.5,22.2,20.82,19.66,20.04,18,22.5,14.98,21.6,18,,18.4,26.6,10.61,21,23.5,21.43,19,3,20.8,22.3,18,18.62,26.48,29.27,20.16,,5.75,14,52,14,38,66,0.57562648,0.890130932
Wisconsin,Illinois,-9,-4.17,-3.96,-14.78,-8.27,-10.81,-2.54,-3.37,,-10,-3.18,-10.74,-8.93,-7.88,-8.13,-14,,-9.49,-3.17,-5.39,-9.32,-9.67,-4.89,-9.5,-10.7,-8.01,-6.23,-7.33,-7.5,-12.2,-5.91,-9.52,-9,,-7.9,-16.1,-7.7,-12,-6.5,-9.41,-8.5,-2.89,-4.4,-7.2,-9,-3.89,-4.65,-6.78,-11.01,,3.26,10,27,14,17,37,0.527547925,0.313405685
Wyoming,Nevada,6.5,9.04,8.6,14.07,9.78,-0.05,9.67,7.3,,8.5,8.19,10.43,9.37,8.48,6.29,6,,10.77,6.87,13.19,7.69,7.89,8.6,2.5,12.6,8.55,6.86,10,7,7.3,6.19,8.19,7.5,,9.8,10.85,11.04,7,10.6,8.9,9.2,2.11,6.7,10.5,6.5,15.88,6.95,5.62,9.8,,2.75,13,7,14,-6,20,0.548903538,0.700668337
Appalachian St.,Arkansas St.,-1,-0.32,4.72,4.96,1.63,-3.03,-2.98,3.97,,3,-0.28,3.85,1.93,0.94,-0.14,-3,,7.26,-2.31,3.62,0.35,0.89,-0.04,0.01,0.01,0.8,1.78,1.57,3,3.3,-0.49,1.23,2,,-1.8,3.15,-3.42,4,-1.4,1.87,0.8,-0.72,,-2.3,-1,0.25,-1.58,1.95,-0.31,,2.63,30,29,15,-1,59,0.547980267,0.523291255
Arizona St.,Arizona,-1.5,3.8,2.15,-3.83,-1.35,-2.58,1.62,1.17,,4,3.08,1.34,1.19,1.73,1.77,-3,,2.55,-2.83,5.72,-3.13,-0.41,0.1,15.5,-2.8,1.19,1,6.47,-1.5,2.5,0.37,-2.31,-1,,7,3.15,7.21,-5,7,-0.39,0.4,0.8,,5.6,-1,1.74,0.72,0.08,4.05,,3.99,23,7,15,-16,30,0.578215157,0.542086009
Arkansas,Missouri,-4.5,-3.77,-3.06,-15.82,-3.72,-6.15,-2.79,-3.26,,-5.5,-2.03,-3.33,-6.61,-5.44,-3.26,-11,,0.27,-5.45,-7.22,-5.38,-4.63,-8.46,-3.5,-6.7,-4.63,-5.74,-6.56,-3,-3.3,-3.18,-4.25,-2,,-5.1,-12.95,-6.08,-12,-5.2,-2.72,-3.1,-3.9,,-4.7,-4.5,-3.79,-10.55,-3.06,-11.79,,3.29,31,17,15,-14,48,0.476880379,0.368597027
Auburn,Alabama,-5.5,-4.75,-11.04,-15.53,-5.1,-6.27,-2.26,-10.08,,-10.5,-3.91,-11.01,-6.47,-7.73,-4.96,-11,,-4.91,-9.29,-11.19,-7.88,-8,-4.5,-5,-9.1,-8,-9.78,-8.56,-5.5,-8.1,-6.46,-4.86,-5.5,,-10.3,-7.7,-7.27,-9,-10.6,-8.07,-9.4,-3.21,,-10.1,-5.5,-14.24,-9.53,-3.58,-9.84,,2.83,27,20,15,-7,47,0.445000192,0.315822936
BYU,Central Florida,17,20.78,17.72,28.62,19.96,19.52,25.38,19.54,,25.5,18,20.06,16.4,21.17,25.06,13,,20.4,25.51,19.89,24.07,22.62,27.09,13,22.2,21.13,19.77,21.45,17.5,23.5,21.13,24.3,18,,16.1,28,25.29,11,16.8,25.58,19.3,5.02,,16.4,18,33.67,8.92,22.74,25.27,,4.66,21,41,15,20,62,0.599497742,0.899653237
Baylor,Houston,2.5,2.39,3.41,-8.26,-0.09,3.05,3.22,2.67,,-3.5,2.67,3.7,-2.7,1.62,2.53,-7,,2.62,6.28,1.23,-0.22,0.03,3.72,11.5,2.6,2.39,0.5,1.14,2.5,-2,1.75,-0.85,3,,5.2,-4.9,7.22,-1,4.6,2.35,3.8,-0.76,,4.5,2.5,3.21,2.65,1.52,0.75,,3.7,31,24,15,-7,55,0.478473666,0.539582107
Buffalo,Ohio,-7,-7.11,-9.29,-4.76,-7.93,-6.46,-9.22,-6.81,,-4,-6.69,-8.84,-7.28,-7.67,-8.71,-6,,-7.6,-11.1,-3.8,-10.17,-9.33,-13.34,-3,-9.6,-7.93,-7.67,-6.87,-7,-3.5,-6.67,-8.94,-5.5,,-8.2,-9.8,-1.94,-12,-9.6,-10.23,-6.4,-1.54,,-8.6,-7,-18.27,-9.42,-6.51,-5.22,,2.56,31,26,15,-5,57,0.483382575,0.316688304
California,SMU,-13.5,-15.01,-11.97,-15.9,-11.69,-16.94,-19.21,-15.06,,-8.5,-15.15,-12.74,-8.81,-14.4,-14.24,-10,,-11.51,-21.61,-5.31,-17.13,-14.64,-20.36,-11,-15.1,-15.15,-11.28,-13.43,-13.5,-17.5,-12.71,-17.21,-11.5,,-5.2,-17.5,-18.04,-20,-17.3,-16.76,-15.6,-1.27,,-16.9,-13.5,-15.89,-15.47,-19.91,-6.75,,4.37,35,38,15,3,73,0.478203687,0.190895948
Central Mich.,Toledo,-11,-7.38,-9.89,-11.69,-9.73,-8.85,-7.74,-9.08,,0.01,-10.54,-11.26,-3.05,-8.97,-2.94,-9,,-12.46,-6.74,-0.6,-15.27,-8.8,-2.28,-10,-12.8,-9.73,-10.38,-5.31,-10,-7.5,-9.37,-12.56,-9.5,,-9.4,-5.6,-9.77,-12,-9.8,-12.5,-12.3,-0.09,,-9.6,-11,2.95,-18.95,-13.97,-6.13,,4.16,21,3,15,-18,24,0.549221088,0.29233792
Coastal Carolina,James Madison,-23.5,-16.3,-16.22,-23.88,-16.05,-20.07,-19.41,-16.53,,-16,-17.89,-20.41,-8.96,-19.6,-9.86,-19,,-23.54,-17.47,-15.08,-24.1,-18.68,-16.98,-9,-23.3,-19.3,-17.24,-14.1,-22,-24,-17.72,-23.59,-21.5,,-17.1,-24.5,-20.02,-27,-19.3,-22.9,-20.1,-2,,-18.8,-23,-20.22,-35.68,-28.2,-20.05,,5.35,59,10,15,-49,69,0.592037305,0.121017976
Colorado St.,Air Force,-2.5,-0.38,-3.69,-2.83,-1.03,-2.69,-4.36,-1.56,,0.5,-0.12,0.58,-1.15,-1.41,-0.76,-6,,0.89,-5.33,3.57,-1.02,0.56,-8.82,11,0.4,-1.5,-0.96,2.44,-2.5,-4.1,0,-1.77,-3,,-1.8,-0.7,-7.33,-5,-2.7,1.66,-1.5,-0.39,,-2.3,-2.5,-11.27,-5.15,-1.54,-3.02,,3.45,42,21,15,-21,63,0.526748204,0.465416576
Delaware,UTEP,4.5,4.61,1.7,4.83,2.51,1.23,2.75,2.54,,14,2.28,5.96,9.97,4.6,5.93,4,,6.79,-2.36,6.85,1.4,4.46,4.91,4.5,1.8,3.3,5.08,8.67,4,2.7,2.24,1.87,5,,3.2,8.99,6.23,-1,3.2,3.54,3.3,2.65,,2.3,4.5,-5.43,7.47,1.14,14.09,,3.11,31,61,15,30,92,0.502466152,0.611933196
Duke,Wake Forest,1,3.33,3.67,-2.42,1.04,5.23,2.37,0.54,,0.01,3.49,4.27,-0.78,2.37,0.22,-2,,5.67,2.22,0.4,-0.02,1.23,-3.56,8.5,-0.5,2.22,2.88,3.92,1,6.9,3.96,0.97,3,,12.8,-2.45,13.99,-4,6.2,3.21,4.9,-0.14,,6.3,1,-15.54,0.55,-3.22,0.16,,4.1,32,49,15,17,81,0.533294769,0.557464378
Eastern Mich.,Western Mich.,-8,-5.9,-5.68,-9.47,-8.97,-8.82,-5.09,-4.02,,-6.5,-6.48,-5.17,-7.61,-7.38,-4.53,-10,,-6.05,-7.66,-5.96,-12.49,-7.1,-7.43,-4.5,-9.9,-7.1,-7.48,-7.11,-8,-7.2,-3.98,-11.04,-6,,-5.7,-12.95,-3.54,-10,-6.9,-7.07,-7.1,-1.01,,-6.2,-8,7.46,-11.25,-9.7,-12.01,,2.34,31,21,15,-10,52,0.515410863,0.322784038
Florida,Florida St.,1,2.41,4,-12.48,-3.6,-2.56,2.68,0.75,,0.5,1.27,3.3,-1.82,0.55,4.46,-7,,-1.8,4.3,5.96,-5.5,-2.83,8.69,9,-4,0.5,-1.55,2.97,1,-3.5,-0.56,-4.17,2,,3.7,-1.4,6.13,-2,4.5,-3.55,-0.9,1.35,,3.9,1,16.62,-12.85,-2.6,2.85,,5.06,21,40,15,19,61,0.489226481,0.513166843
Florida Atlantic,East Carolina,-7,-6.54,-9.97,-17.76,-11.48,-7.73,-4.11,-6.14,,-8.5,-7.57,-12.55,-7.8,-9.89,-5.41,-10,,-13.16,-5.39,-9.74,-13.29,-11.48,-3.98,-7,-11.3,-9.97,-10.47,-8.83,-7,-10.2,-7.38,-11.52,-6.5,,-11.1,-14,-7.2,-13,-11.1,-12.12,-11.3,-1.84,,-10.2,-7,-15.9,-18.35,-5.75,-8.5,,3.24,42,3,15,-39,45,0.429213995,0.27078939
Georgia Tech,Georgia,-14,-11.08,-16.52,-17.36,-11.22,-14.49,-14.49,-19.01,,-8.5,-9.45,-15,-7.32,-14.18,-19.15,-7,,-11.89,-17.45,-12.78,-13.12,-11.53,-21.14,-10,-18.5,-14.49,-8.95,-11.49,-13.5,-17,-13.96,-12.03,-13,,-9.2,-10.15,-11.09,-19,-15.9,-17.6,-14.9,-3.34,,-15.9,-14,-4.88,-27.45,-17.05,-16.5,,4.2,16,9,15,-7,25,0.495627164,0.193929547
Hawaii,Wyoming,7.5,10.85,3.76,8.6,5.8,8.31,12.67,8.6,,14,8.71,9.63,12.12,10.47,12.3,6,,9.54,13.45,15.39,8.03,9.69,17.17,5,9.7,10,5.83,12.2,7.5,5,8.49,8.62,10.5,,11.2,17.85,11.4,10,11.6,10.73,7.6,1.88,,10.9,7.5,17.9,10.68,8.45,19.24,,3.43,7,27,15,20,34,0.572547221,0.740419117
Illinois,Northwestern,7,10.04,9.79,6.38,10.93,5.75,8.83,6.64,,9.5,9.35,7.9,8.89,8.97,8.1,4,,10.4,3.53,5.58,10.19,8.98,7.64,16.5,9.8,8.89,8.53,12.51,7,8.2,6.38,9.77,7,,8.3,12.25,10.67,8,7,11.18,10.7,1.01,,7.5,7,10.2,6.8,7.86,10.18,,2.44,13,20,15,7,33,0.548812717,0.711754614
Jacksonville St.,Western Kentucky,-2,-1.63,-2.02,1.28,-2.67,-3.31,-2.6,-1.69,,0.01,-2.64,2.77,-2.37,-1.45,-0.42,-4,,-2.96,1.91,-8.11,-4.87,-2.04,-3.43,6.5,-2.6,-1.9,-0.66,-0.34,-2.5,-3.7,0.46,-3.59,-3,,1.9,-5.25,-0.8,-6,2.4,-0.98,-1.9,-0.56,,1.9,-2,-4.15,1.53,-2.71,-2.39,,2.96,34,37,15,3,71,0.51358471,0.464226917
Kansas,Utah,-10.5,-14.08,-12.51,-23.32,-15.45,-20.36,-20.87,-14.86,,-15.5,-12.61,-11.89,-8.82,-15.72,-15.13,-18,,-9.88,-22.7,-10.02,-20.54,-16.24,-22.87,-0.5,-14.6,-15.5,-13.48,-11.84,-12,-15.5,-11.09,-19.74,-13,,-14.8,-15.4,-16.68,-21,-15.9,-18.53,-15.6,-2.93,,-15.5,-11.5,-19.38,-26.7,-19.33,-14.24,,4.93,31,21,15,-10,52,0.376740703,0.172133888
Kansas St.,Colorado,17,15.89,13.74,15.86,11.99,18.36,19.83,16.57,,11,15.45,15.85,11.24,14.92,15.74,7,,14.59,23.04,5.7,14.6,12.88,18.71,6,15.3,14.8,10.57,14.16,17,12.9,10.95,15.7,17,,12.8,14.7,13.93,19,14,17.22,14.3,0.49,,14.8,17,14.79,15.45,22.9,13.81,,4.08,14,24,15,10,38,0.449506131,0.818675611
Liberty,Kennesaw St.,-2,1.83,8.09,-0.73,-2.14,-5.44,2.87,0.27,,-8,3.26,1.86,-7.35,-0.91,-4.21,-8,,0.21,-4.6,-7.98,-3.39,-6.53,-5.93,13,-5.4,-0.97,0.94,-0.75,-2,2.2,-0.99,-2.6,-1.5,,4.9,-11.9,8.51,-3,4.4,-3.98,1.3,-2.34,,5.2,-2,-5.49,-0.97,0.37,-6.4,,5.5,48,42,15,-6,90,0.525862863,0.478403481
Louisiana-Lafayette,Louisiana-Monroe,10,16.13,17.24,11.17,12.8,14.5,20.27,17.35,,14.5,16,15.22,12.54,14.59,15.35,10,,10.85,20.25,6.93,16.29,11.89,25.73,16.5,16.1,14.5,13.52,14,9.5,7,11.64,15.84,12.5,,12.8,12.46,16.92,16,14.5,16.72,13.8,1.42,,14.2,11,19.17,14.13,16.11,9.36,,3.69,27,30,15,3,57,0.61089468,0.814679087
Louisville,Kentucky,-1,3.96,4.8,9.68,3.9,-0.03,1.88,1.75,,8.5,2.73,7.79,5.56,3.08,-0.53,4,,3.53,-2.44,4.24,-0.27,2.22,-1.64,19.5,1.6,2.5,4.87,7.38,3,6.6,0.64,0.6,4.5,,2.9,7.35,7.44,-5,3.6,2.19,3.6,-0.69,,2.5,0,4.94,0.77,0.25,1.52,,4.12,0,41,15,41,41,0.598233279,0.574484102
Marshall,Georgia Southern,10,7.62,9.61,12.5,8.07,5.57,8.48,9.88,,8,8.26,9.75,7.56,8.36,7.7,3,,7.31,5.74,1.67,10.81,8.56,-0.67,10.5,11.6,8.48,8.53,6.67,9,7.4,7.12,11.56,7,,10.2,7,2.48,9,10.1,12.22,7.9,0.09,,8.6,10,20.46,17.98,11.46,9.67,,3.48,24,19,15,-5,43,0.459807436,0.696527816
Massachusetts,Bowling Green,-14,-12.56,-16.49,-15.42,-11.49,-14.09,-12.98,-11.99,,-13.5,-12.81,-21.34,-13.54,-13.39,-10.99,-13,,-14.57,-11.62,-8.97,-17.24,-12.85,-10.29,-8.5,-15.1,-14.41,-14.57,-13.8,-14,-16,-12.64,-16.88,-14.5,,-14.9,1.07,-14.52,-22,-15.4,-14.73,-14.6,-10.97,,-15.2,-14,-22.6,-3.53,-16.32,-25.45,,4.1,45,14,15,-31,59,0.514840515,0.207035279
Memphis,Navy,3.5,8.12,9.08,10.46,10.51,6.58,11.88,8.08,,8.5,8.41,10.87,6.17,7.92,6.08,2,,9.24,5.66,0.37,9.85,7.45,7.21,3,6.8,7.5,7.31,4.66,4.5,2.9,9.72,10.56,6,,4.5,4.2,2.14,8,7,11.93,7.5,-1.27,,7,4.5,13.24,20.17,6.06,3.32,,3.71,28,17,15,-11,45,0.606847081,0.686442408
Miami (Ohio),Ball St.,17,18.71,18.91,17.22,14.88,19.73,21.97,16.34,,13,19.15,21.39,13.67,18,16.13,11,,16.98,20.94,14.37,18.66,14.7,21.7,19,17.8,18.33,15.98,17.04,17.5,16,15.2,18.33,17.5,,19.4,17.5,24.89,19,21.8,18.36,18.4,1.56,,19.3,17,14.12,17.65,21.19,12.57,,2.86,24,45,15,21,69,0.524716571,0.867769458
Michigan,Ohio St.,-9.5,-10.54,-12.6,-16.89,-7.7,-19.99,-15.02,-9.53,,-10.5,-8.86,-14.85,-7.84,-11.24,-13.7,-11,,-9.69,-17.68,-9.51,-11.97,-9.3,-12.98,-5.5,-12.5,-11.19,-11.19,-10,-10,-7.5,-8.54,-11.49,-10.5,,-11.3,-1.53,-15.41,-18,-12.6,-10.12,-12.1,-10.62,,-11.9,-9.5,-7.35,-6.6,-10.71,-16.37,,3.59,27,9,15,-18,36,0.457427774,0.244891702
Michigan St.,Maryland,4,5.75,1.65,2.55,2.77,5.4,9.93,4.04,,3.5,6.32,-0.23,-0.02,3.1,1.97,-3,,4.06,8.34,-0.67,-0.42,1.52,6.19,-0.5,-3.2,2.77,2.14,2.17,4,-3.1,1.04,0.75,4.5,,7.4,0.01,6.83,2,7.8,3.41,4.7,-1.37,,7.6,4,-12.12,5.55,7.81,-5.39,,3.44,28,38,15,10,66,0.477905497,0.575682468
Minnesota,Wisconsin,-2.5,0.29,-0.44,10.18,-1.4,-2.52,-2.47,-2.11,,5,-0.79,-1.19,-0.02,-0.03,-1.08,4,,1.82,-2.11,3.78,-3.72,-2,-4.51,10,-3.1,-0.6,0.49,3.2,-1.5,-0.6,-0.38,-3.38,1.5,,4,2.8,2.99,-4,2,-2.28,0.9,-0.26,,3.1,-2.5,-4.33,-6.25,-5.64,-0.2,,3.8,7,17,15,10,24,0.560135443,0.499266822
Mississippi St.,Mississippi,-7,-10.58,-12.06,-9.7,-8.44,-8.09,-10.16,-10.78,,-15.5,-9.01,-14.32,-7.93,-11.36,-7.39,-14,,-8.78,-11.81,-14.68,-11.12,-10.22,-14.08,-16,-9.4,-10.84,-10.07,-14.33,-7,-13.3,-8.73,-9.39,-8.5,,-13.3,-13.3,-11.2,-14,-14.6,-9.55,-9.6,-3.94,,-13.9,-8,-10.66,-18.62,-12.75,-10.09,,2.68,38,19,15,-19,57,0.393260913,0.240203324
Missouri St.,Louisiana Tech,2.5,1.75,-0.7,-2.38,-2.26,-0.99,2.03,3.32,,7,0.54,0.06,2.3,0.94,4.99,-4,,-2.7,3.5,7.45,-2.84,-0.38,6.27,3.5,-1.5,0.23,-1.43,2.49,2.5,-3.1,-0.88,-1.44,3.5,,1.7,6.65,-1.43,-3,2.6,-1.99,-2.4,1.17,,1.3,2.5,13.98,-0.6,4,3.32,,3.28,42,30,15,-12,72,0.461663788,0.523122731
NC St.,North Carolina,7,11.59,7.59,10.32,13.69,13.52,11.07,11.21,,15.5,10.95,10.72,11.89,11.57,12.04,6,,14.57,9.2,6.88,16.05,14.51,12.81,2,15.4,11.59,10.27,13.64,7.5,12.5,8.62,14.42,7,,-3.9,21,10.94,8,9,17.05,12.6,2.36,,9,8,19.52,9.05,11.21,17.23,,4.39,19,42,15,23,61,0.609295043,0.758819261
Nebraska,Iowa,-6,-4.12,-5,-5.36,-3.35,-7.78,-5.55,-7.23,,-0.5,-4.29,-6.45,-3.35,-5.06,-3.7,-3,,-2.48,-7.41,0.37,-5.49,-6.79,-5.45,-4,-6.1,-5.42,-2.51,-3.51,-6.5,-7.6,-2.48,-6.75,-5,,-5.7,-1.74,-6.83,-11,-6.3,-6.22,-3.7,-0.8,,-5.3,-6,-4.01,-5.23,-11.28,-6.85,,2.71,40,16,15,-24,56,0.523273482,0.376680632
Nevada,UNLV,-7.5,-10.43,-11.39,-13.21,-8.48,-7.36,-9.55,-8.29,,-14.5,-9.87,-15.03,-9.33,-11.92,-5.42,-15,,-10.49,-11.77,-23.72,-10.27,-11.03,-10.76,-11.5,-15.1,-11,-11.11,-13.42,-7.5,-13.2,-10.64,-10.01,-9,,-19.2,-19.6,-11.18,-11,-19.5,-9.87,-10.9,-2.52,,-18.2,-8.5,-10.88,-9.6,-7.69,-12.22,,4.21,42,17,15,-25,59,0.393921221,0.233994886
New Mexico,San Diego St.,-1.5,-1.09,-2.12,-7.37,-2.88,-0.03,-3.84,-0.78,,0.01,-1.07,-2.46,-0.91,-1.02,1.38,-5,,0.61,-0.16,-3.2,-1.31,0.01,-0.59,8.5,-2.2,-1.07,-0.31,0.84,-1.5,-2.2,-0.53,-1.1,-1.5,,-1,-2.1,-5.35,-6,-1.6,1.17,-2.3,0.41,,-1.3,-1.5,0.58,2.33,-2.23,1.28,,2.63,17,23,15,6,40,0.511898507,0.474728848
New Mexico St.,Middle Tenn.,3.5,6.9,3.67,7.76,7.61,6.7,7.05,5.55,,12,5.89,5.27,9.45,6.22,6.38,5,,5.19,9.62,7.36,7.26,5.79,5.96,3.5,6.3,6.17,5.61,8.25,4,3.1,4.61,7.82,5,,3,8.75,4.12,4,3.3,7.57,6.2,0.6,,3.7,4,7.7,0.88,6.82,11.87,,2.2,31,24,15,-7,55,0.567386297,0.651035737
North Texas,Temple,19.5,21.54,17.59,18.71,18.63,21.9,24.44,21.02,,27.5,21.13,22.68,15.71,22.09,18.64,17,,21.04,23.49,20.82,24.65,20.83,25.28,17,19.2,21.33,18.5,21.33,19.5,24,17.69,25,19.5,,18.4,30.1,22.03,24,19.9,25.62,20.1,2.53,,19.1,19.5,17.83,31.38,27.34,21.96,,3.78,25,52,15,27,77,0.563057118,0.912092942
Northern Ill.,Kent,5.5,9.37,14.34,9.03,5.06,0.32,6.92,9.31,,1,11.36,11.34,2.83,7.89,4.06,2,,10.49,6.63,4.98,8.09,5.35,2.48,14,8.5,7.74,11.07,10.33,5,5.2,7.74,6.48,5.5,,12.2,3.15,11.01,3,13.3,9.47,8.5,-0.01,,11.5,5.5,2.17,17.68,5.93,5.6,,4.17,35,31,15,-4,66,0.55788751,0.684640013
Oklahoma,LSU,11,9.13,8.28,16.89,9.08,12.59,13.21,11.6,,11.5,7.46,11.89,9.64,10.62,13.98,6,,10.99,16.76,10.03,11.76,11.94,16.28,1.5,15.1,10.99,8.15,7.37,10,6.8,6.58,12.05,10.5,,6.8,9.8,4.97,12,7.7,15.45,9.1,2,,7.1,11,7.76,11.85,15.67,9.29,,3.58,13,17,15,4,30,0.490685141,0.742992677
Oklahoma St.,Iowa St.,-14,-16.8,-18.62,-25.72,-17.56,-21.68,-16.96,-15.06,,-20.5,-16.93,-19.58,-12.02,-20.48,-18.99,-21,,-21.87,-20.48,-15.47,-23.7,-20.18,-22.55,-13.5,-21.1,-20.5,-21.46,-18.8,-14,-24.5,-18.88,-21.77,-14,,-22.7,-28.7,-26.2,-24,-22.5,-23.02,-20.3,-14.1,,-21.9,-15,-15.23,-28.85,-15.74,-21.1,,3.79,20,13,15,-7,33,0.345662314,0.1047576
Old Dominion,Georgia St.,28,26.79,22.32,31.11,27.21,28.37,29.31,22.06,,31,26.29,24.24,18.49,26.59,25.04,23,,25.41,25.5,19.22,31.1,26.35,28.97,16,29.1,26.79,25.28,27.77,27.5,23.5,24.34,30.17,26.5,,20.8,33.75,25.32,31,22.4,31.51,27.1,14.25,,22,28,38.03,38.93,29.61,27.91,,4.64,10,27,15,17,37,0.466026874,0.946068037
Pittsburgh,Miami (Fla.),-6.5,-4.22,-4.7,-13.04,-3.5,-3.27,-3.61,-4.06,,-3.5,-3.93,-11.37,-3.44,-5.4,-0.92,-3,,-7,-3.35,-1.62,-6.3,-6.2,-0.33,-6.5,-10.1,-5.31,-4.2,-5.84,-7,-11.2,-5.39,-5.31,-6.5,,-8.1,-2.45,-5.45,-5,-6.8,-6.79,-6.4,-0.59,,-6.5,-6.5,-5.58,-7.82,-5.81,-5.03,,2.82,38,7,15,-31,45,0.527196948,0.368840706
Purdue,Indiana,-28,-25.93,-28.39,-49.13,-22.61,-27.46,-28.63,-23.39,,-31.5,-23.14,-33.21,-12.83,-29.96,-24.43,-30,,-24.27,-34.02,-27.9,-32.14,-28.6,-30.81,-23.5,-33.4,-30.8,-31.66,-29.52,-28.5,-27,-28.76,-30.06,-28,,-35.4,-30.85,-38.03,-36,-37.3,-31.88,-30.8,-25.3,,-34.7,-28,-33.12,-36.88,-30.86,-31.95,,5.76,56,3,15,-53,59,0.453797561,0.038010876
Rutgers,Penn St.,-14,-13.07,-16.07,-14.91,-9.53,-9.57,-16.73,-13.03,,-2,-14.2,-15.89,-4.87,-11.52,-7.15,-7,,-11.45,-13.55,-0.83,-13.31,-8.86,-14.92,-14.5,-14.9,-13.03,-11.17,-10.91,-13.5,-8,-10.98,-13.67,-10.5,,-13,-8.4,-11.2,-18,-14,-11.77,-12.9,0.18,,-13.7,-14,2.71,-14.7,-18.41,-3.42,,4.4,40,36,15,-4,76,0.559835854,0.242168775
Sam Houston St.,Florida Intl.,-11,-8.92,-1.71,-13.95,-9.76,-14.53,-11.09,-6.76,,-11.5,-8.32,-3.64,-9.58,-8.37,-9.95,-14,,-6.82,-10.94,-2.96,-11.44,-9.23,-13.52,8,-10.4,-8.92,-5.39,-8.95,-10,-17,-6.57,-10.21,-10,,-4,-8.05,-0.76,-18,-5.6,-8.69,-8.5,-2.15,,-5.4,-11,-13.2,-10.88,-13.22,-6.75,,5,56,16,15,-40,72,0.562782287,0.307509266
San Jose St.,Fresno St.,-3.5,-4.57,-4.05,-4.61,-2.08,-9.32,-3.74,-4.43,,-7.5,-5.89,-4.48,-5.86,-5.11,-2.07,-12,,-2.42,-4.55,-8.97,-6.51,-5.45,-5.33,2,-3.5,-4.81,-4.66,-4.92,-3,-5.2,-2.56,-5.88,-2,,-6,-10.5,-3.19,-9,-6.4,-4.14,-6.2,-1.41,,-6.2,-3.5,0.83,-0.9,-4.81,-4.78,,2.69,41,14,15,-27,55,0.460174766,0.375481248
South Carolina,Clemson,2.5,5.31,3.35,1.3,4.42,2.64,8.73,5.13,,4,4.96,2.19,2.76,4.83,7.87,-1,,2.82,7.7,3.82,7.63,6.19,8.97,1,9.9,4.75,4.22,3.53,2.5,-0.9,3.37,6.32,1.5,,-1.2,4.9,-2.28,6,1.8,8.8,3.1,1.66,,2.1,2.5,-0.39,7.71,8.69,4.75,,3.11,28,14,15,-14,42,0.557263018,0.617368218
South Florida,Rice,28,28.02,23.6,27.13,26.54,32.29,32.73,22.52,,24.5,28.34,25.56,16.4,28.21,25.24,17,,26.11,29.87,23.08,33.26,27.29,27.28,15,30.7,27.8,22.9,26.2,28,25,29.47,32.67,26,,27.3,30.8,32.6,35,28.1,35.29,30.3,3.14,,27.8,28,37.02,36.6,39.73,23.82,,5.3,3,52,15,49,55,0.505005813,0.954065503
Southern Miss.,Troy St.,6.5,3.54,-3.35,6.53,5.23,0.6,5.48,0.48,,5.5,2.98,-4.43,4.49,2.99,4.34,2,,3.94,0.55,1.04,4.01,3.32,6.62,2,2.7,3.32,0.81,2.37,7,4,1.61,4.18,6.5,,1.9,4.2,-3.79,4,0.5,5.22,2.7,0.09,,2.1,5.5,3.31,11.05,6.63,1.3,,3.1,28,18,15,-10,46,0.41409956,0.573331336
Stanford,Notre Dame,-32.5,-24.25,-32.84,-30.48,-24.78,-25.06,-28.41,-26.12,,-22,-23.34,-31.94,-11.89,-27.08,-20.89,-24,,-30.5,-27.75,-12.87,-32.05,-25.02,-26.13,-20.5,-30.3,-28.02,-28.02,-24.69,-32.5,-27.5,-24.81,-30.21,-6.5,,-34.2,-24.15,-29.9,-37,-31.6,-30.35,-30.8,-3.57,,-31,-31.5,-29.28,-35.13,-33.95,-18.67,,5.94,49,20,15,-29,69,0.625439393,0.055042459
Syracuse,Boston College,-3,3.41,0.69,0.66,4.64,0.11,-0.44,1.72,,12,1.77,1.83,6.37,3.71,4.3,1,,1.61,-2.84,10.29,2.62,5.69,4.58,8,4.5,2.8,3.11,8.37,-3,6.7,0.27,4.76,-3,,-2.3,9.82,-2.29,2,1.3,5.34,2.6,11.8,,2.4,-1.5,-2.46,2.8,1.83,13.37,,3.6,34,12,15,-22,46,0.659920615,0.590151069
TCU,Cincinnati,3.5,3.42,4.82,2.21,3.48,-2.4,1.48,3.38,,6.5,3,4.68,3.57,3.26,3.21,-3,,2.74,-1.23,4.22,0.4,3.38,3.47,11.5,-0.7,3.38,2.3,5.89,3.5,-0.1,2.92,2.76,4.5,,5.4,4.2,7.75,1,6.3,4.77,1.1,0.67,,5.2,3.5,-2.24,11.5,0.7,4.56,,3.09,23,45,15,22,68,0.494080189,0.579872488
Tennessee,Vanderbilt,2.5,2.17,7.27,-3.65,0.9,-1.15,-0.21,4.96,,0.01,3.13,-0.04,0.09,0.9,1.03,-2,,4.51,-2.9,0.24,-0.42,-1.81,-2.12,12.5,-1.5,0.24,3.11,3.04,3,2.3,1.91,0.16,3,,-0.9,2.1,0.58,-1,-1,-1.49,1.9,-0.26,,0.1,2.5,-11.45,-4.75,0.91,0.75,,3.2,45,24,15,-21,69,0.46064507,0.522161765
Texas,Texas A&M,-2.5,-0.55,3.38,-5.27,-2.69,-3.39,-0.66,-0.83,,-9.5,0.35,2.72,-4.34,-2.52,-3.05,-7,,-0.53,-3.77,-7.56,-3.37,-4.95,-6.63,7,-4.5,-3.04,-0.45,-2.56,-2,-3.4,0.38,-3.04,-2.5,,-5.8,-1.33,4.47,-1,-6.3,-3.44,-1.3,-10.52,,-5.1,-2.5,-2.89,-3.96,-2.03,-13.12,,3.57,17,27,15,10,44,0.499509639,0.438460617
Texas St.,South Alabama,9,9.34,5.76,6.6,8.54,5.69,8.46,6.38,,11.5,9.13,9.02,9.32,7.99,10.75,3,,8.86,9.87,4.84,10.15,7.99,3.9,9,8.9,8.46,7.46,10.98,9,7,7.32,10.47,9,,5.6,9.45,7.71,8,6.5,10.48,8.4,1.24,,6.1,9,-2.54,-2.3,10.88,14.91,,2.7,26,49,15,23,75,0.474992968,0.690125532
Texas-San Antonio,Army,7.5,10.83,4.67,6.18,4.15,13.42,13.89,9.57,,11.5,10.92,2.08,6.77,8.55,9.87,4,,7.54,14.31,4.17,9.05,6.76,14.01,-1.5,4.5,8.32,3.19,8.77,7.5,7.5,8.23,9.58,7,,4.4,10.15,5.52,10,6,9.68,8.7,0.21,,5.7,7.5,23.76,23.28,14.61,7.71,,4.56,27,24,15,-3,51,0.525346022,0.697662403
Tulane,Charlotte,30,29.65,31.06,31.72,24.87,30.85,29.59,25.97,,32.5,27.88,29.66,19.03,29.77,34.62,24,,28.79,29.39,31.25,29.09,27.77,34.38,20,28.8,29.59,26.5,34.79,30,27,28.32,29.29,28.5,,31.5,38.62,32.33,22,33,31.78,29.4,15.61,,32.3,30,25.66,37.75,28.73,27.49,,4.13,0,27,15,27,27,0.494405917,0.965240429
Tulsa,UAB,8.5,6.73,5.06,11.57,6.76,9.12,11.69,4.63,,6,5.27,0.15,8.26,6.31,8.36,5,,4.78,11.02,3.78,7.09,4.54,16.3,-0.5,8.4,6,3.43,4.18,8.5,3.5,3.34,7.06,7.5,,4.4,6.65,7.26,7,5.5,6.49,5.6,-0.27,,5.4,8,10.07,7.22,5.96,6.77,,3.07,31,24,15,-7,55,0.446129633,0.651826971
USC,UCLA,21.5,19.7,16.94,37.16,22.13,22.66,24.11,19.24,,26,18.38,21.76,15.98,22.64,18.07,21,,21.66,22.72,17.1,26.37,19.25,23.04,13,22.7,22.7,22.4,18.96,21.5,23.5,23.83,25.27,20.5,,22.7,26.95,25.12,26,23.4,27.22,24.2,3.4,,23,21.5,32.9,35.18,25.28,17.68,,4.69,10,29,15,19,39,0.527454745,0.914312437
Utah St.,Boise St.,-3,-3.49,-7.68,-2.58,-3.62,1.15,-2.22,-4.18,,2,-4.31,-6.43,-1.3,-4.17,2.03,-4,,-10,-0.04,-8.24,-3.2,-2.75,0.52,-10,-3.3,-3.49,-4.73,-4.57,-3.5,-1.3,-3.67,-2.55,-3,,-10.8,-3.5,-12.92,-1,-10.1,-2.3,-6.5,-0.17,,-9.6,-3,6.52,-9.35,-1.13,-2.62,,3.85,25,24,15,-1,49,0.47144998,0.399253206
Virginia,Virginia Tech,7.5,12.63,9.44,26.45,13.67,18.02,13.83,11.31,,23,10.12,11.02,15.4,13.62,15.28,16,,11.75,12.31,15.3,14.25,15.69,18.53,1,13.3,13.67,11.86,14.98,9.5,8.2,9.64,15.7,10.5,,-8.4,26.95,10,12,10.3,17.46,12.4,2.27,,10.3,9,3.9,20.4,14.06,16.71,,6.09,7,27,15,20,34,0.640563146,0.788462365
Washington,Oregon,-7,-6.15,-8.49,-6.06,-4.36,-2.16,-5.38,-5.97,,-7.5,-5.54,-9.34,-5.28,-7.23,-4.06,-8,,-7.26,-8.24,-9.19,-7.03,-5.84,-9.02,-9.5,-10.3,-7.32,-8.6,-8.42,-6.5,-7.7,-7.32,-6.05,-6.5,,-8.5,-1.75,-13.44,-9,-9.4,-6.75,-8.4,-10.76,,-9.6,-7,-14,-13.3,-5.61,-12.57,,2.45,26,14,15,-12,40,0.494287968,0.326320329
Washington St.,Oregon St.,13.5,17.54,11.41,10.46,16.34,21.23,22.07,17.52,,17.5,15.33,20.21,15.79,17.99,23.6,9,,12.86,24.88,13.25,17.75,18.55,22.25,14,22.4,17.54,12.64,17.41,13.5,17.5,10.23,18.87,13.5,,16.9,22.75,10.39,21,18.1,22.72,13.1,2.88,,15.5,14.5,20.81,16.63,21.75,22.25,,4.41,8,32,15,24,40,0.607390934,0.862566333
West Va.,Texas Tech,-24,-18.14,-15.87,-24.82,-18.62,-25.45,-21.82,-18.48,,-21,-16.8,-18.88,-11.86,-21.84,-22.09,-24,,-23.2,-23.12,-12.4,-27.47,-23.24,-20.56,-9,-28.5,-21.6,-19.42,-19.01,-23.5,-25.5,-18.32,-26.3,-20.5,,-20,-21,-22.82,-31,-20.6,-27.25,-24.3,-3.87,,-21.6,-24,-25.7,-36.68,-25.66,-19.18,,5.54,49,0,15,-49,49,0.551114736,0.096962076
Alabama,Georgia,-1.5,-1.3,0.84,3.15,0.38,-0.26,-1.15,0.48,,-3,-0.07,0.13,1.21,-0.14,-2.06,1,,-1.72,-0.3,-4.16,2.31,0.23,-5.83,-3.5,-1.3,0.1,3.1,-3.16,-2.5,-1.9,0.25,0.67,-1.5,,0.1,-1.37,0.97,1,0.1,2,2.6,-0.84,4.1,-0.2,-1.5,16.55,-2.3,1.44,-0.67,,2.09,28,7,16,-21,35,0.533844625,0.496511849
Boise St.,UNLV,4.5,4.23,5.9,1.13,4.17,-1.06,4.31,2.42,,2,4.97,-0.76,2,3.22,-1.83,-1,,8.53,-6.19,-0.73,5.8,3.78,-0.3,3.5,3.4,3.78,4.56,3.5,4.5,3.5,4.2,,1.5,,4.3,-2.45,11.29,6,4.1,2.66,4.9,-0.01,2.6,4.3,4.5,9.26,6.3,3.24,4.16,,3.31,21,38,16,17,59,0.468543067,0.578698536
Jacksonville St.,Kennesaw St.,-2.5,2.02,8.31,0.99,-5.05,-4.95,3.26,-3.4,,-1.5,1.91,-1.8,-3.13,-0.85,-3.92,-2,,-3.15,-2.61,0.43,-2.8,-4.51,4.45,14.5,-5,-1.75,3.32,0.86,-2.5,-0.8,-0.48,-3.07,1.5,,2.5,-8.4,2.58,-3,2.8,-7.7,-2.5,-0.89,-2.6,2.8,-2.5,1.98,-4.05,-1.12,-5.84,,4.51,19,15,16,-4,34,0.539818985,0.479462092
James Madison,Troy St.,23.5,20.68,19.37,20.54,16.34,14.76,22.91,17.75,,19.5,21.4,16.32,14.61,21.15,14.87,15,,21.81,22.88,15.05,24.33,19.96,19.71,18.5,21.6,21.38,19.38,19.71,23.5,23.5,18.38,24.31,20.5,,22.2,21.35,22.78,24,23.1,22.05,19,1.96,24.2,22.6,23.5,25.82,31.2,31.91,21.47,,4.12,14,31,16,17,45,0.443027167,0.901420447
Ohio St.,Indiana,4,0.71,4.91,-1.12,-1.94,4.9,0.28,2.75,,3.5,0.06,1.28,5.31,0.55,4.29,-2,,-0.26,-1.96,4.9,-3.05,-2.47,5.26,-1,-0.1,0.23,-1.95,2.25,4,3.3,-0.09,-2.44,5.5,,1.8,0.17,0.69,-6,1.8,-4.54,0.01,-9.75,0.4,2.8,3.5,-8.93,6.62,-1.22,-7.27,,3.16,13,10,16,-3,23,0.415603405,0.513553881
Texas Tech,BYU,12.5,9.64,4.77,6.08,5.4,10.36,15.38,7.99,,2,8.96,7.89,7.48,9.04,9.87,7,,13.24,13.46,1.01,8.5,7.11,11.15,0.01,7.4,9.4,4.53,6.82,13,14,4.23,9.2,11.5,,10,1.05,8.8,13,11.1,11.11,9.6,-0.21,13.3,11.8,12,10.24,26.5,11.02,1.35,,4.93,7,34,16,27,41,0.417549599,0.706737742
Tulane,North Texas,-2.5,-0.86,2,-8.67,-6.63,-5.76,-2.81,-4.74,,-0.5,-2.22,-1.76,-0.84,-3.35,-4.41,-9,,-2.39,-5.62,2.65,-8.91,-5.67,-3.05,5,-5.8,-2.93,-1.63,2.12,-2.5,-1.8,-1.91,-9.05,-3,,3.3,-5.6,0.74,-8,2.3,-10.82,-6.5,-0.34,-1.9,2.7,-2.5,6.21,-6.28,-7.61,-4.06,,4.47,21,34,16,13,55,0.479447632,0.419517469
Virginia,Duke,4,3.32,1.97,15.86,5.03,2.54,2.28,3.42,,9,2.91,2.14,8.76,3.58,3.48,5,,3.85,1.48,4.8,6.04,5.03,2.01,-6,5,3.45,3,4.97,4.5,2.3,1.54,5.28,2.5,,-15.3,6.65,-4.98,5,0.1,5.47,3,0.84,0.7,-0.4,4,0.69,12.65,6.42,7.83,,4.97,27,20,16,-7,47,0.489927622,0.585205807
Western Mich.,Miami (Ohio),1.5,2.28,-1.93,7.65,1.77,0.29,3.44,-0.73,,3,1.34,-1.38,5.11,1.18,1.56,2,,2.35,1.43,2.75,1.79,1.86,4.09,-7.5,-2.9,1.49,0.25,2.25,2.5,1.1,0.32,1.83,3,,-1.3,4.2,-3.99,1,-1.4,1.95,-0.4,0.56,3.4,-0.3,1.5,9.02,2.28,-0.27,4.09,,2.66,13,23,16,10,36,0.4920692,0.529220574
Navy,Army,5.5,4.78,0.23,5.14,-0.04,7.4,4.97,2.47,,9.5,3.65,-2.11,5.13,4.74,5.47,7,,5.83,6.31,14.03,2.45,3.17,8.53,1.5,3.8,4.97,1.73,6.46,,7,2.51,2.52,4.5,,6,11.9,4.62,4,5.1,2.22,5.1,1.69,6.3,4.8,5.5,-4.74,-3.32,9.4,7.07,,3.84,16,17,17,1,33,0.481441702,0.61418171
Washington,Boise St.,9.5,10.34,11,10.99,0.07,5.69,12.7,5.97,,1.5,10.56,7.58,,9.99,7.41,,,13.7,12.93,2.24,15.91,9.3,9.12,,13.9,11.01,13.3,9.17,,11.6,,,8.5,,13,7,4.75,,11.8,12.1,11.3,1.41,,11.4,9.5,16.76,11.5,13.53,12.36,,4.03,10,38,17,28,48,0.511932971,0.729042518
Arkansas St.,Missouri St.,1,3,0.17,-1.03,-0.03,4.41,5.93,-0.73,,-2.5,2.56,0.73,-2.04,1.09,1.64,,,0.08,11.09,2.43,-2.64,-1.54,6.15,-1,-0.7,0.7,-0.27,1.12,1,2.1,,-3.33,2.5,,5.2,-3.03,5.73,-3,4,-0.83,0.7,-0.44,,5.4,1,1.76,1.15,-4.44,-2.23,,3.37,28,34,18,6,62,0.50221257,0.526776679
Delaware,Louisiana-Lafayette,-2.5,-6.37,-8.16,1.14,-0.03,-1.28,-8.36,-5.63,,-2,-6.42,-6.68,-1.58,-4.01,-3.71,,,-3,-12.77,-4.73,-1.51,-1.67,-10.84,-8,-3,-3.4,-3.2,-5.18,-3,-3.3,,-2.12,-3.5,,-6.6,-3.2,-4.69,-4,-6.5,-1.55,-3.4,-0.05,,-6.3,-2.5,10.03,4.48,-3.14,0.25,,3.38,13,20,18,7,33,0.462935716,0.402422804
Jacksonville St.,Troy St.,1,-4.85,-3.17,-0.21,-0.06,-5.32,-7.17,-2.59,,-1,-4.08,-5.98,-1.94,-2.58,-1.57,1,,-3.5,-8.21,-2.72,-1.46,-2.58,-7.2,11.5,-4.3,-2.76,0.15,-4.04,1,-3.6,,-1.88,-3,,-4.6,-2.56,-5.52,-3,-4.8,-2.76,-2.7,-0.29,,-4.7,0,3.61,-0.72,0.48,-4.68,,3.29,13,17,18,4,30,0.412612834,0.43677738
Mississippi,Tulane,17.5,17.24,19.2,15.95,3.04,2.81,20.19,14.9,,12,16.58,19.49,9.86,15.72,13.43,7,,17.63,15.68,14.21,18.08,14.02,15.44,3.5,18.3,16.58,18.32,16.65,17.5,18,,15,17.5,,21.4,10.15,13.28,15,22.1,18.31,19.5,3.44,,20.5,17.5,20.02,25.43,15.6,15.45,,5.21,10,41,18,31,51,0.457578706,0.826612967
NC St.,Memphis,3.5,6.02,-0.02,-4.48,0.16,2.91,6.8,1.86,,-1.5,5.57,-0.29,1.32,2.39,4.28,-6,,3.56,8.68,0.14,3.09,1.71,8.29,-9.5,1.7,2.8,4.38,6.36,4.5,3.3,,1.3,5.5,,-1.4,2.8,2.78,4,6.2,1.24,2.8,0.6,,5.6,3.5,7.14,-6.93,1.74,8.76,,4.05,7,31,18,24,38,0.472992564,0.557989897
Oklahoma,Alabama,1,1.14,-2.49,3.32,3.02,2.99,2.45,1.56,,4.5,0.07,1.57,3.32,1.99,4.29,1,,1.72,5.47,6.56,1.68,2.17,8.49,-5,0.2,1.72,-1.32,0.62,-1,0.2,,2.93,-2,,1.4,4.9,0.38,2,1.5,1.8,-1.5,0.84,,1.3,1,5.29,1.07,5.24,2.81,,2.75,34,24,18,-10,58,0.524499857,0.549153158
Oregon,James Madison,20.5,18.39,24.66,13.04,3.2,8.96,20.82,15.28,,10.5,17.06,21.07,12.25,18.62,16.31,4,,21.52,19.59,15.45,24.7,16.55,20.35,7.5,25.6,20,23.11,19.19,21.5,23,,20.16,21,,25.4,9.1,19.99,20,23.9,21.81,21,13.11,,22.9,20.5,21.45,25.67,18.66,23.73,,6.11,34,51,18,17,85,0.456000148,0.863149001
South Florida,Old Dominion,3,9.2,7.5,7.88,0.08,11.1,11.23,7.1,,3.5,8.65,3.05,4.86,8.68,9.2,,,7.13,12.15,6.02,12.88,9.55,7.28,4,10.2,8.7,5.78,8.7,3,3.6,,12.23,7.5,,5.5,9.45,13.01,16,5.7,12.42,9.4,1.82,,6.1,4,18.96,15.13,15.09,5.3,,3.75,24,10,18,-14,34,0.636165168,0.702688879
Texas A&M,Miami (Fla.),3,0.73,2.11,-4.17,2.99,-9.53,-1.54,1.47,,6,0.14,-2.54,2.43,1.19,3.11,-1,,4.06,1.31,8.93,-1.97,-0.19,3.6,-6,0.4,1,-0.72,3.68,3.5,3.2,,-3.05,3.5,,6.5,3.91,-2.09,1,3.9,-1.16,0.9,2.54,,4.1,3,-11.9,9.95,-2.08,6.52,,4.1,10,3,18,-7,13,0.456048642,0.528929499
Western Mich.,Kennesaw St.,3,4.84,8.84,6.63,0.01,4.58,7.39,1.14,,-4,5.45,2.23,-0.68,3.27,1.72,1,,1.09,11.72,-1.99,3.14,-1.15,7.49,6,,3.12,4.45,2.44,3.5,3.1,,2.28,4,,5.4,-2.1,5.95,2,5,-0.31,1.8,-0.81,,5.5,3,7.49,4.78,3.97,1.36,,3.57,6,41,18,35,47,0.5066194,0.579635587
Army,Connecticut,9,-2.92,4.96,-4.66,0.15,-2.71,-4.15,1.66,,-5.5,-2.38,8.44,-1.62,-0.19,-0.29,-6,,-1.64,-0.39,-7.74,-0.65,0.73,-5.27,1.5,0.7,-0.98,-1.33,-2.62,8.5,4.4,,-1.16,-3.5,,5.9,-2.88,-0.96,-1,5.5,1.52,-2.5,0.82,-3.4,5.4,7.5,7.11,7.75,-2.99,1.37,,4.16,16,41,19,25,57,0.287752297,0.495381533
BYU,Georgia Tech,3.5,4.44,8.42,12.03,0.08,11.32,5.41,8.78,,11.5,3.38,7.1,8.9,7.92,15.04,5,,1.53,6.54,8,10.89,11.3,9.78,8,10.8,8.41,8.52,5.14,4.5,3.8,,10.24,2.5,,-2.2,8.4,4.22,17,5.8,13.07,8.1,2.33,9.2,5,4.5,20.42,-4.63,10.44,12.11,,4.48,21,25,19,4,46,0.605634251,0.68443689
Clemson,Penn St.,2.5,-4.42,-8.35,0.75,-0.11,2.66,-3.51,-4.4,,-3,-4.87,-4.64,-4,-4.37,-3.95,-1,,-4.55,0.01,1.25,-10.26,-6.64,-3.48,-0.5,-8.4,-4.41,-7.44,-5.11,3.5,2.6,,-8.89,-1,,-6.2,-1.75,-1.92,-11,-7.6,-9.5,-5.7,-0.29,-1.6,-7.6,1,-8.75,-3.93,-7.54,-2.71,,3.75,22,10,19,-12,32,0.336816177,0.394386382
East Carolina,Pittsburgh,-10.5,-9.21,-6.84,6.67,-0.08,-0.46,-9.76,-3.79,,-1,-9.16,-6.46,-3.89,-6.44,-4.09,1,,-10.06,-4.79,-6.88,-6.77,-5.02,-4.9,3.5,-8,-6.17,-9.33,-9.7,-7,-7.7,,-5.98,-6,,-19.9,-3.8,-10.44,-6,-19.2,-5.25,-8,-0.26,-6.2,-18.3,-10,-5.01,-2.03,-6.14,-8.78,,5.47,17,23,19,6,40,0.595542468,0.350642689
Fresno St.,Miami (Ohio),4.5,1.16,2.65,1.56,-0.04,4.08,1.81,2.85,,3.5,1,2.85,1.7,2.35,1.61,3,,5.18,0.62,5.28,0.94,2.44,3.55,-6,-0.5,2.55,0.73,0.85,5,2.7,,0.73,3.5,,5.8,5.35,-1.34,4,6,3.53,2.9,0.6,2.7,6.4,4,0.39,3.78,1.79,-1.99,,2.41,3,18,19,15,21,0.446741339,0.558179185
Hawaii,California,1,-0.03,-5.92,3.01,-0.09,-2,-0.04,0.36,,5,-1.21,-6.48,1.86,-0.82,2.6,,,-1.67,-0.46,-4.25,2.16,2.81,-0.95,-5.5,1.2,-0.52,-4.92,0.84,-1.5,-1.7,,-0.3,-2.5,,-7.4,-0.35,1.79,-1,-7.8,1.63,-2.8,-0.82,-1.2,-6.5,1,11.51,-0.57,-1.97,7.49,,3.33,31,35,19,4,66,0.4553272,0.479839035
Houston,LSU,2,-5.35,-5.34,0.44,-0.18,-4.24,-6.26,-5.88,,2.5,-5.86,-7.12,3.45,-4,-2.21,1,,-2.84,-5.8,-3.84,-3.33,0.31,-7.34,-6.5,-6.3,-4.56,-2.86,-4.88,3,2.3,,-1.64,3,,-7.1,-2.55,-11.69,-1,-7.1,-3.76,-8.3,-0.73,-5.2,-8,0.5,-9.88,-8.1,-3.64,-1.2,,3.46,35,38,19,3,73,0.355951097,0.402763039
Louisville,Toledo,11.5,7.9,12.89,-1.19,0.2,0.54,4.86,5.14,,3,7.62,7.11,5.86,6.45,2.71,-3,,6.88,6.25,10.77,5.77,5.6,0.88,1.5,4.8,6.06,9.48,11.7,7,7.4,,3.76,9.5,,12.1,10.15,7.66,5,15.6,5.44,6.9,1.91,5.1,13.6,10.5,12.97,8.05,1.04,11.1,,4.46,22,27,19,5,49,0.379702585,0.652162848
Minnesota,New Mexico,1.5,8.47,11.85,0.69,0.08,3.25,9.82,2.03,,-4,8.91,5.23,0.61,4.43,0.61,-2,,0.19,5.21,2.66,3.5,0.55,0.98,0.5,1.3,2.58,8.56,7.63,2.5,2.4,,0.73,3,,17.2,-0.23,14.68,6,14.9,-0.34,9,0.27,4.2,14.3,1.5,7.91,-2.1,0.18,-0.99,,5.55,17,20,19,3,37,0.569159496,0.603891712
Missouri,Virginia,4,5.74,8.74,2.87,0.02,4.39,9.41,5.16,,-4,5.05,1.31,1.11,6.44,8.42,1,,7.64,11.99,5.33,5.2,2.29,11.76,9.5,7.3,5.87,4.37,3.83,6.5,6,,3.27,7,,22.5,1.05,10.52,8,9.6,4.64,7,0.9,10,9.9,4,7.85,10.47,4.02,4.34,,4.61,13,7,19,-6,20,0.558677652,0.651588715
Northwestern,Central Mich.,11,9.83,17.44,3.64,0.23,3.18,11.6,12.26,,4.5,11.38,19.34,7.89,13.07,8.21,1,,16.03,13.57,13.27,18.22,14.11,9.83,0.5,14,13.42,16.29,7.98,10.5,12.7,,14.45,12.5,,22,13.59,12.58,16,21.5,18.14,15.7,2.96,14.1,19.5,11,20.46,25.13,12.2,12.45,,6.17,7,34,19,27,41,0.54836701,0.778573272
Ohio,UNLV,-6.5,-4.76,-3.97,-1.21,-0.06,-2.52,-5.64,-6.33,,-6,-4.43,-7.76,-4.26,-4.94,-5.01,-2,,0.85,-8.4,-8.87,-5.25,-5.03,-7.35,1,-5.6,-5.21,-2.98,-4.79,-5,-4.2,,-5.59,-4,,-7,-8.75,1.74,-7,-7.2,-6.32,-3.4,-1.06,-3.2,-6.5,-6.5,1,-6.65,-8.94,-8.18,,2.86,10,17,19,7,27,0.53852453,0.379699046
San Diego St.,North Texas,-7,-6.64,-6.01,-1.34,-0.06,-8.31,-6.75,-4.44,,-7,-7.36,-4.05,-4.35,-6.93,-4.03,-7,,-6.63,-6.25,-6.81,-9.6,-7.53,-6.15,-12,-4.9,-7,-7.39,-6.5,-3,-3.5,,-9.03,-6,,,-10.93,-8.89,-7,,-8.24,-8.3,-1.81,-7.6,,-7,6.78,-12.83,-9.92,-7.38,,2.67,49,47,19,-2,96,0.501734814,0.333413743
Southern Miss.,Western Kentucky,1.5,-2.59,-8.38,-2.96,0.03,2.45,-2.95,-5.51,,-4,-3.26,-3.92,-2.32,-2.73,-4.98,-3,,2.62,2.24,-7.4,-4.78,-2.05,-2.39,-8.5,,-2.95,-5.55,-1.86,-4,-2.2,,-4.45,-3,,0.9,-4.9,-6.91,-4,-0.4,-2.35,-3.2,-0.56,-1.2,0.6,0.5,-9.67,5.88,-4.89,-5.91,,3.36,27,16,19,-11,43,0.397166604,0.433195123
Texas-San Antonio,Florida Intl.,6.5,10.13,13.71,4.93,0.12,5.48,8.43,10.98,,2,11.47,9.05,5.23,9.77,5.57,2,,12.65,12.14,6.39,11.89,8.75,-1.35,7,11,10.22,7.7,11.2,8.5,8.3,,10.42,8.5,,13.3,6.65,13.54,10,12.2,12.15,10.3,0.79,7.7,11.8,7,20.16,35.7,11.19,10.76,,5.95,20,57,19,37,77,0.576479956,0.717803816
Utah St.,Washington St.,1,-5.82,,-1.31,-0.07,-2.22,-7.06,-5.62,,-3.5,-5.55,-7.47,-5.35,-4.41,-4.74,,,-7.07,-3.78,-3.13,-4.48,,,-7.5,,-5.26,-6.77,-5.62,2.5,2.3,,-4.66,-1,,-5.9,-4.2,-5.69,-6,-6,-5.07,-4.2,-0.03,-4.3,-5.5,-0.5,10.74,-9.08,-5.17,-5.45,,2.32,34,21,19,-13,55,0.367974749,0.391700769
Appalachian St.,Georgia Southern,-10,-3.15,0.8,1.48,-0.05,-5.74,-3.19,1.08,,-5.5,-2.31,0.72,-1.97,-1.56,-2.74,,,3.41,-2.57,-3.06,-1.12,-0.95,,-5,3.8,-1.94,-2.46,-4.27,-10,-3.7,,-0.87,-2,,-3.2,-3.92,-7.67,1,-2.6,0.34,-1.9,-1.58,-1.5,-2.9,-8.5,-5.21,3.13,-0.82,-4.7,,2.66,29,10,20,-19,39,0.699992276,0.461393771
Cincinnati,Navy,-7.5,3.63,8.65,0.48,0.06,3.86,4.87,2.33,,-6.5,5.28,5.49,2.26,3.59,0.66,-2,,11.5,1.11,-3.94,9.18,5.36,-1.53,-10,6.9,5.08,8.64,0.96,-7,-0.9,,6.58,6.5,,8.1,-1.32,-0.46,11,8,6.79,8.6,-1.28,5.8,7.1,-6,7.06,5.85,2.28,-7.13,,5.11,35,13,20,-22,48,0.746987814,0.585226945
Duke,Arizona St.,3,1.09,-3.55,-2.92,-0.02,8.19,4.24,-0.9,,0.5,0.81,-3.14,-2.2,-1.07,-1.7,1,,-4.2,3.3,-4.4,-0.97,-1.96,5.2,-5,-2.8,-1.69,-2.34,-1.46,3,1.1,,-0.14,1.5,,-6.4,-2.1,-1.21,-2,-6.3,-1.95,-1.8,-0.82,0.1,-4.9,2,-15.65,-3.25,-1.68,2.51,,3.13,39,42,20,3,81,0.400698734,0.473637403
Georgia,Mississippi,6,2.71,2.89,8.81,0.05,3.33,2.28,4.39,,3.5,2.39,3.3,2.38,3.03,5.33,-1,,4.86,3.99,1.54,1.23,1.97,4.86,-2,6.2,2.95,1.13,4.04,6.5,6.7,,1.95,6.5,,3.7,0.86,2.38,2,3.3,3.24,3,-0.26,0.9,3.7,5,-0.97,-3.78,1.4,7.72,,2.32,39,34,20,-5,73,0.426566609,0.574899514
Illinois,Tennessee,-3,-5.95,-9.42,-6.18,0.05,-4.52,-7.5,-4.16,,1.5,-5.82,-3.62,0.87,-3.88,-3.62,-3,,-4.18,-6.29,-2.68,-3.82,-0.86,-5.28,-3.5,-2.6,-3.72,-3.38,-4.98,-2.5,-3.6,,-0.78,-6.5,,-7.1,-1.41,-1.58,-2,-8.1,0.64,-2.8,-0.55,-6.9,-8.2,-3,-2.09,-8.76,-1.2,-5.4,,2.94,28,30,20,2,58,0.478265988,0.405040245
Indiana,Alabama,7,6.12,5.57,17.34,-0.03,12.87,9.67,7.3,,17.5,4.86,12.05,8.25,10.7,13.11,9,,6.76,17.37,7.29,14.46,12.72,11.02,10.5,11.9,10.02,10.36,5.1,7,8.2,,14.91,6.5,,7.5,4.2,8.84,18,8.5,16.79,8.6,22.32,11.7,7.1,7,24.03,7.95,15.98,19.36,,4.42,3,38,20,35,41,0.588826657,0.741930969
Louisiana Tech,Coastal Carolina,10,6.99,4.06,13.36,-0.04,11.23,10.1,5.15,,5,8.54,6.51,3.36,7.33,2.04,11,,8.63,0.92,-3.25,12.71,8.63,4.26,2,10.5,6.75,7.71,3.19,9,3.5,,13.23,7,,5.1,6.44,6.31,14,5.7,13.53,9.2,0.01,8.2,6,10,25.51,16.33,11.06,4.06,,4.77,14,23,20,9,37,0.436020547,0.670820007
Mississippi St.,Wake Forest,3,-1.38,3.78,0.26,0.08,4.98,-1.73,-0.49,,-5.5,-0.08,2.02,-2.52,0.84,1.64,-3,,1.49,5.14,-1.42,1.72,-0.21,-5.3,-5.5,3.2,1.22,2.85,-2.22,3,3.4,,-0.23,3,,9.3,-3.28,3.96,1,3.5,1.44,4.8,0.37,2.4,3.7,3,9.84,0.95,-5.61,1.88,,3.47,43,29,20,-14,72,0.447125279,0.520613783
Ohio St.,Miami (Fla.),9.5,5.36,15.2,11.46,0.03,8.33,6.11,9.43,,8.5,4.71,9.28,6.89,7.86,9.12,5,,9.65,13.99,6.04,8.91,6.5,3.51,2.5,9.6,8.32,8.98,6.11,9,7.1,,7.55,6,,9.9,2.8,4.72,12,8.3,7.87,8.7,12.54,7.5,8.2,9.5,5.84,7,8.54,8.84,,3.29,24,14,20,-10,38,0.459712549,0.68609722
SMU,Arizona,-2,4.18,1.38,0.09,-0.03,-6.84,3.02,1.66,,-3,4.54,1.43,-2.78,-0.45,-4.69,-3,,-0.58,-1.92,-4.29,-3.68,-2.73,-5.1,16,-5.2,-0.59,-0.6,5.09,-3,-2.3,,-2.02,-1.5,,-6.7,-3.85,6.41,-5,2.5,-2.25,0.3,-1.27,-3,2.1,-2,5.79,0.42,1.93,-2.62,,4.43,19,24,20,5,43,0.537461243,0.489109476
TCU,USC,-5.5,-7.19,-7.05,-10.36,-0.04,-2.76,-8.93,-8.76,,-9,-7.37,-6.4,-5.49,-7.62,-6.15,-6,,-6.47,-11.07,-5.01,-13.5,-8.5,-6.32,-1,-12.3,-7.11,-9.39,-6.2,-6.5,-7,,-11.31,-5.5,,-5.8,-5.45,-4.13,-9,-5,-11.93,-11.1,-1.35,-5.7,-6.1,-5.5,-8.79,-15.55,-11.97,-4.76,,3.37,27,30,20,3,57,0.448028482,0.319327998
Texas,Michigan,6.5,4.95,1.32,-0.43,-0.03,7.39,7.01,0.86,,0.5,3.66,2.29,1.33,2.79,5.18,1,,-0.18,7.24,5.61,-1.83,-1.67,7.99,6,0.1,2.75,0.9,4.82,7.5,3.2,,-1.46,4.5,,3.2,0.98,10.7,2,3.7,-2.03,1.7,1.19,5.4,4,5.5,8.82,4.1,-2.48,3.87,,3.22,27,41,20,14,68,0.409415469,0.56837938
Texas St.,Rice,16,16.68,11.39,11.44,-0.09,17.38,20.29,10.25,,7,18.23,13.24,7.29,12.29,10.86,7,,12.99,16.76,2.5,13.26,11.03,14.19,12,14.1,13.28,10.56,13.68,13,8.3,,13.29,10.5,,14.2,7.33,13.92,13,15.3,14.1,14.3,-0.43,16.4,15.2,15.5,14.85,2.6,14.47,6.77,,4.69,10,41,20,31,51,0.411330263,0.771092556
Texas Tech,Oregon,-2.5,-2.38,-3.75,0.47,-0.11,8.55,2.79,-0.06,,1.5,-3.34,-1.84,1.18,0.3,8.12,4,,6.19,3.45,-2.99,-1.11,2.45,3.88,-7,-6.5,0.48,-3.63,-5.11,-2.5,0.5,,0.37,-3,,1,0.35,-4.34,6,1.1,1.76,0.9,-9.98,3.7,0.9,-2,-2.82,-0.77,-1.86,-7.88,,3.79,23,0,20,-23,23,0.568112196,0.507333143
Utah,Nebraska,14,12.4,13.52,19.37,0.02,22.66,16.96,14.62,,15,11.04,13.69,10.85,14.67,16.5,13,,16.76,18.51,9.9,17.05,16.02,18.47,1,16.6,15.12,11.6,10.89,14,17.5,,18.83,14,,15.5,12.95,10.65,23,16.4,17.49,13.4,1.8,14.9,15,14,26.66,14.03,19.55,8.72,,4.78,22,44,20,22,66,0.516119098,0.811900218
Vanderbilt,Iowa,3,2.97,-1.83,2.26,-0.01,9.06,5.56,-2.19,,4,1.35,-1.24,1.66,2.62,4.81,3,,0.31,5.03,8.53,2.27,0.32,6.45,-4,5.2,2.26,1.29,3.05,4,3.2,,1.82,4,,3.2,1.75,0.87,1,3.5,-0.15,0.6,1.45,4.1,3.1,3,-11.83,11.03,1.7,1.19,,3.24,34,27,20,-7,61,0.490643422,0.564236931
Indiana,Oregon,3.5,1.56,2.53,15.87,-0.02,-3.57,5.12,1.88,,12.5,0.46,4.13,1.8,3.77,1.68,4,,5.94,7.5,4.04,4.91,5.29,2.78,0.01,1.8,3.29,4.93,-0.26,3.5,2.4,,4.16,4.5,,4.5,1.05,-0.01,6,4.7,6.59,4.7,10.89,2.5,3.6,3.5,4.67,2.6,2.4,10.57,,3.47,22,56,21,34,78,0.506628757,0.591737559
Mississippi,Miami (Fla.),-3,-3.67,1.31,-9.66,-0.01,-7.22,-4.72,-0.99,,-1.5,-3.55,-4.21,-2.25,-2.91,-3.67,2,,-5.53,-12,3.96,-4.48,-4.51,0.01,-1.5,-4.8,-2.44,-1.55,-2.28,-3.5,0.5,,-5.78,-3,,-0.8,1.05,-5.93,-2,-2.2,-6.26,-3.7,1.68,-2.6,-2.1,-3,-9.6,2.88,-6.32,-2.95,,3.59,31,27,21,-4,58,0.502205954,0.429051963
Indiana,Miami (Fla.),7.5,6.24,12.65,16.38,0.02,7.89,11.26,7.35,,18,4.36,10.04,6.58,9.35,7.77,9,,5.97,16.13,3.38,13.46,10.33,7.93,3,12.1,8.65,10.06,4.18,8.5,17.5,,10.45,6.5,,8.4,3.15,4.08,17,7.3,13.32,11,21.82,14.2,6.5,7.5,19.15,8.9,9.91,16.55,,4.57,21,27,22,6,48,0.544583766,0.714301848
