Home,Road,line,linesag,linepayne,linemass,linebmc,linepfz,linelaz,linemoore,linesagr,linemarsee,linenutshell,lineargh,linepaynep,linehow,linesagpred,linepaynewl,linekam,linerwp,lineavg,lineelo,lineloud,lineborn,linedokter,linesuper,linedunk,linebill,linebihl,linebill2,lineround,linerba,linefei,linemedian,lineharville,linesaggm,linetempo,lineespn,linefox,lineopen,linepig,linecons,linecong,linepibias,linel2,lineteamrank,lineash,linepimean,lineca,lineburdorf,linekeep,linekerns,linel2hf,linelog,lineatom,linemds,linedwig,linepiratings,linecather,linecrunch,linetalis,linedonchess,linefeng,linemidweek,lineclean,linecurry,linepugh,linelabr,linemaas,linestd,vscore,hscore,week,actual,total,phcover,phwin
Colorado St.,Hawaii,17,16.47,14.23,12.44,21.17,18.26,13.33,22.54,16.47,19,41,15,15.48,18,16.47,11.73,23.53,12.87,16.72,15.86,6,22.35,15.63,3.69,17.24,10.29,,9.79,,,,16.14,12.3,16.47,,17.87,24,13.5,20,16.28,10.29,17.1,,17,16,13.9,17,23,,14.6,,,23,,14,14.2,24,,18.3,10.24,14.3,14,14.5,19.62,15.47,,,5.48,43,34,1,-9,77,0.4933490457,0.8402706962
New Mexico St.,Wyoming,-5.5,-6.08,-4.96,-5.64,-5.54,-3.62,-6.84,-6.23,-6.08,1,-6,-8,-5.65,-7,-6.08,-3.59,-5.97,-2.64,-6.01,-2.74,-4,-8.55,-10.2,-8.44,-11.21,0.01,,0.28,,,,-6.04,-3.4,-6.08,,-4.47,-5,-5,-9,-7.65,-8.28,-13.4,,-7,-5,-10.5,-5.5,-10.4,,-5.1,,,-5,,-11,-13.6,-10,,-6.94,-4.16,-4.2,-4,2.5,-6.89,-8.65,,,3.52,29,7,1,-22,36,0.4874891268,0.3558335868
Alabama,Louisville,23.5,19.93,18.79,17.13,20.76,20.77,13.01,15.99,19.93,14,36.25,15,23.42,27.5,19.93,17.97,20.37,7.99,18.08,9.06,6,17.4,19.77,12.06,19.43,11.96,,11.45,,,,18.3,16.5,19.93,,15.86,20,25.5,19,10.84,5.75,30.7,,18.1,17,25.5,22.5,14.8,16.29,9.5,,,13,,19,28.4,19,,15.23,22,12.5,24,18.5,25.57,19.83,,,5.99,14,51,2,37,65,0.3746851156,0.8567170804
Arizona,BYU,10.5,14.36,13.69,12.63,10.86,-0.13,7.83,21.67,14.36,15,22,14,16.04,5,14.36,9,14.57,15.2,14.58,14.69,-1,20.85,10.52,18.63,15.12,11.13,,10.57,,,,14.46,20.83,14.36,,14.98,15,15,18,16.53,22.71,16.7,,13.3,10,13.6,11.5,18.3,12.24,19,,,14,,18,17,21,,20.99,16.8,12.8,11.5,9,16.49,12.07,,,4.89,28,23,2,-5,51,0.597008887,0.8099476581
Arizona St.,Texas-San Antonio,17,20.36,13.47,19.49,23.34,3.62,16.24,16.98,20.36,11,21,16,15.84,15.5,20.36,8.75,16,13.72,18.25,16.45,7,21.65,18.79,25.13,20.25,7.38,,7.07,,,,19.31,20.88,20.36,,21.96,18,16.5,24,19.95,28.47,25.2,,22.7,22,20.6,17,16,22.71,18.5,,,19,,21,28.2,21,,16.2,17.31,17,18.5,8,24.91,19.12,,,5.73,7,49,2,42,56,0.5295229852,0.8602479587
Auburn,Washington,2.5,1.33,3.55,5.81,0.5,-0.44,1.22,5.74,1.33,1,15,-4,4.15,0.5,1.33,2.33,6.03,2.26,1.58,10.66,1,-0.65,2.25,3.94,-3.57,0.21,,0.19,,,,1.27,-0.61,1.33,,-0.17,0.01,2.5,2,3.32,-2.65,-4.8,,3.3,5,-2.3,2.5,-4.7,1.7,9.8,,,-4,,6,-4.6,-2,,-0.01,-0.2,5.8,2.5,1.5,0.67,-0.89,,,3.91,16,21,2,5,37,0.4775635195,0.5384926303
Boston College,Massachusetts,17.5,28.52,19.22,20.88,22.92,17.65,19.03,20.99,28.52,18,23,21,21.18,15.5,28.52,15.27,17.25,16.56,20.48,22.88,7,18.05,17.82,35.31,21.7,11.71,,10.77,,,,20.88,8.51,28.52,,17.49,17,18,23,26.03,29.71,25.2,,18.1,21,21.3,17.5,20,19.75,22.4,,,22,,30,27.5,17,,23.69,20.8,16.2,18,11,15.82,23.15,,,5.50,21,55,2,34,76,0.5703908991,0.8885719394
California,North Carolina,7,2.57,7.51,5.45,-3.95,0.42,2.63,13.17,2.57,9,21,9,6.36,2.5,2.57,9.82,9.49,8.26,6.81,4.74,-3,5.75,6.35,8.31,-0.25,9.67,,9.21,,,,6.68,5.12,2.57,,10.3,8,5,5,7.71,13.12,10.1,,6.3,11,7.6,7,9.2,6.01,7,,,10,,4,9.5,10,,6.85,5.51,8.6,7,6.5,5.78,2.06,,,4.19,17,24,2,7,41,0.4953833617,0.6608489328
Colorado,Colorado St.,7.5,7.11,2.74,4.83,9.5,3.3,3.38,-1.3,7.11,10,-5,12,6.09,2,7.11,4.48,6.19,2.03,6.8,2.86,-2,11.5,8.16,0.88,5.51,6.5,,6.01,,,,6.75,16.79,7.11,,11.29,7,6,16,3.76,15.8,14.5,,11.7,4,13.5,7.5,10.9,11.78,1.6,,,10,,4,13.7,8,,0.76,5.3,-0.5,7.5,-5.5,10.84,7.31,,,5.09,13,45,2,32,58,0.4832528983,0.658331409
Connecticut,Central Florida,-24,-17.03,-24.14,-23.75,-16.61,-17.18,-14.57,-26.5,-17.03,-25,-47,-25,-25.44,-20,-17.03,-21.55,-26.77,-12.77,-23.66,-21.05,-5,-32.45,-19.92,-28.5,-34.78,-13.25,,-12.13,,,,-23.25,-18.98,-17.03,,-15.53,-28,-21,-30,-28.58,-20.81,-25.4,,-22.5,-23,-23.5,-24,-30.2,-34.29,-25.2,,,-18,,-40,-24.2,-30,,-34.28,-22.2,-21.3,-24,-12.5,-33.79,-21.75,,,7.89,56,17,2,-39,73,0.5076518347,0.090970016
Duke,Army,14,9.74,7.21,10.55,25.44,2.12,9.27,14.72,9.74,5,13,11,9.67,4.5,9.74,2.29,6.64,6.06,11.74,9.95,7,13.55,13.1,16.81,10.07,4.67,,4.55,,,,11.02,14.97,9.74,,22.41,12,11,12,11.04,25.07,19.4,,10.5,14,16.5,14,16.8,16.17,12.3,,,12,,14,20.2,21,,9.56,7.8,14.7,14,2.5,14.09,11.67,,,5.54,14,34,2,20,48,0.4465372066,0.7574878005
Florida Intl.,Indiana,-11,-12.57,-9.31,-13.36,-11.14,-5.45,-11.89,-16.32,-12.57,1,-28,-7,-14.59,-5,-12.57,1.25,-14.35,-4.24,-11.07,-4.2,-6,-14.45,-14.72,-14.44,-13.52,3.21,,3.19,,,,-12.1,-17.53,-12.57,,-11.68,-11,-10,-13,-9.01,-9.19,-12.2,,-12,-10,-7,-11,-11.3,-17.11,-24.1,,,-15,,-21,-13.3,-15,,-16.83,-9.2,-7.1,-9.5,0.01,-8.33,-18.11,,,6.83,38,28,2,-10,66,0.4983840561,0.2609008648
Florida St.,Virginia Tech,7,8.19,3.59,1.64,8.54,0.24,2.65,-0.35,8.19,1,-17,2,3.53,4.5,8.19,3.71,-0.88,-4.45,2.03,-0.36,6,2.05,-1.26,0.19,1.11,0.01,,0.28,,,,2,-1.98,8.19,,5.78,3,5.5,7,2.17,0.47,0.2,,4.8,3,0.01,6,7,0.17,2.9,,,1,,-6,0.2,2,,,4.71,3.1,7.5,-0.5,9.05,2.13,,,4.32,24,3,2,-21,27,0.3812904124,0.5491009743
Hawaii,Navy,-11.5,-18.48,-16.22,-14.81,,-14.73,-13.69,-21.51,-18.48,-3,-32,-12,-17.27,-16.5,-18.48,-14.12,-16.64,-9.35,-16.37,-15.62,-9,-19.65,-14.95,-11.56,-26.97,-4.68,,-3.39,,,,-17.27,-5.88,-18.48,,-7.88,-20,-14,-19,-18.81,-7.75,-19.4,,-19,-19,-18.6,-12.5,-17.6,-29.18,-17.9,,,-15,,-23,-17.6,-23,,-22.62,-14.2,-13.9,-10,-6.5,-14.03,-23.52,,,6.55,41,59,2,18,100,0.3883523387,0.1702074567
Illinois,Kent,16.5,15.52,12.98,16.86,18.8,4.07,13.69,17.44,15.52,10,32,16,15.09,10,15.52,8.76,14.78,12.44,15.5,8.96,4,22.05,20.62,-8.19,14.92,6.75,,6.49,,,,15.52,18.39,15.52,,22.93,18,17,25,11.08,24.46,15.8,,17.6,14,14.5,16.5,16.2,17.64,13.1,,,18,,13,16.2,18,,15.37,15.7,17.6,16.5,8.5,12.49,18.88,,,5.41,24,31,2,7,55,0.4762253574,0.8223238416
Iowa,Northern Ill.,10,13.81,14.14,23.17,14.15,11.79,16.03,17.45,13.81,11,28,15,15.28,14,13.81,11.85,21.07,12.55,16.55,14.28,2,24.65,11.5,26.38,17.44,8.42,,8.04,,,,15.19,23.76,13.81,,16.7,18,14.5,15,18.25,19.71,18.4,,11.8,15,15.1,11.5,21.1,14.4,18.8,,,14,,20,20,21,,20.8,15.3,15.1,10,10.5,21.43,22.16,,,4.99,7,33,2,26,40,0.6530711473,0.8400296951
Kentucky,Central Mich.,17,16.94,11.84,14.54,19.52,2.98,9.19,15.66,16.94,2,-1,17,14.86,6,16.94,5.82,11.76,7.5,12.74,2.88,-1,13.15,15.95,23.69,7.05,9.25,,8.82,,,,13.8,14.6,16.94,,17.57,12,17,20,14.46,29.06,23.6,,18.2,13,19.2,17,18.6,8.62,4.9,,,17,,13,24.5,17,,7.58,15.3,12.9,17,0.5,2.6,10.36,,,6.61,20,35,2,15,55,0.402160159,0.7706389683
LSU,Miami (Fla.),-3,-3.44,-4.13,1,-6.87,6.53,0.79,3.09,-3.44,1,26.25,-7,0.43,0.5,-3.44,-4.83,1.91,-5.44,-1.75,-0.86,3,1.6,3.25,1.81,0.01,-1.88,,-1.75,,,,-1.94,-1.24,-3.44,,-5.53,2,-3,-5,-1.81,-8.42,-9.4,,-6.7,-6,-7.9,-3,-1,-7.47,-4.6,,,-3,,-6,-10.2,-2,,-3.99,-1.7,-2.5,-3.5,2,4.7,0.7,,,5.49,17,33,2,16,50,0.5296611377,0.4585111461
Liberty,Old Dominion,-6,-7.59,-0.96,-8.82,-3.94,6.59,-3.62,,-7.59,-7,3.5,-11,-2.61,-14.5,-7.59,2.33,,-4.66,-2.64,17.96,-5,-0.15,-1.48,11.56,-5.19,-2.63,,-2.24,,,,-3.62,-2.45,-7.59,,-0.38,-3,-4.5,-13,-0.01,-7.54,-12.3,,3.2,-4,-14.9,-6,16.8,-5.87,,,,-8,,20,-9.8,3,,-3.57,-4.7,0.8,-6.5,10.5,-0.3,-5.81,,,7.50,10,52,2,42,62,0.5758780305,0.4402427044
Maryland,Texas,-13.5,-8.82,-7.85,-8.05,-18.05,-13.88,-6.56,-14.09,-8.82,-11,-16,-0.25,-10.17,-4,-8.82,-3.2,-17.86,-7.3,-12.42,-7.42,-1,-21.55,-15.12,-23.44,-20.25,-14.38,,-13.39,,,,-13.19,-8.37,-8.82,,-11.97,-19,-8.5,-9,-12.88,-9.68,-19.8,,-10.5,-13,-19.2,-13.5,-19.3,-14.27,-14.9,,,-15,,-16,-18.4,-23,,-13.43,-13.69,-6.9,-13.5,0.5,-18.63,-16.03,,,5.54,29,34,2,5,63,0.525606368,0.2300620581
Miami (Ohio),Marshall,1.5,-3.57,-0.54,-1.76,1.4,1.2,0.3,-6.36,-3.57,-2,-10,0.25,-1.81,-7.5,-3.57,1.98,-3.36,-1.48,-2.51,1.49,-9,-3.15,-1.36,-11.19,-5.94,-1.79,,-1.46,,,,-2.26,-1.69,-3.57,,-4.01,-1,1.5,-4,-5.13,-1.75,0.9,,-6.4,-5,-0.7,0.5,-2.9,-3.22,-1.2,,,-6,,-6,-0.3,-4,,-3.19,-4.49,-6.4,-2.5,8,-1.47,-2.52,,,3.04,35,28,2,-7,63,0.4020327343,0.4382972594
Michigan St.,Utah St.,23.5,22.17,22.74,24.88,21.91,15.2,16.78,23.43,22.17,21,12,22,24,17.5,22.17,20.23,19.33,15.44,22.15,18.43,6,24.35,21.17,34.13,14.3,16.75,,15.8,,,,22.09,24.75,22.17,,25.97,19,25,23,27.2,37.19,33.1,,19.6,20,29.8,23.5,24.6,32.85,21.6,,,22,,25,33.9,22,,19.64,24.81,18.9,23.5,3,31.92,22.42,,,6.28,31,38,2,7,69,0.4684853071,0.9027642596
Minnesota,New Mexico St.,22.5,13.86,13.23,19.18,25.3,10.61,20.51,8.99,13.86,11,16,14,15.4,17.5,13.86,8.89,21.79,14.51,17.09,15.5,10,20.25,23.14,22.56,12.7,7.91,,9.03,,,,17.05,26.09,13.86,,25.44,15,17.5,21,17.1,19.09,26.3,,26.1,17,23.4,21.5,13.4,19.97,15.5,,,19,,19,27.5,12,,17.69,18.31,14.2,22,6,17.31,24.01,,,5.54,10,48,2,38,58,0.373803283,0.8453150571
North Texas,SMU,3.5,0.45,2.86,-2.78,11.37,0.38,-4.05,4.27,0.45,4,-5,8,0.76,2.5,0.45,7.06,-0.94,-1.28,1.79,-0.69,1,-0.35,1.92,0.38,-0.01,4.88,,4.75,,,,1.05,-0.19,0.45,,3.09,1,3.5,4,3.14,7.2,1.1,,4.5,2,3.9,3.5,10.8,3.39,0.9,,,1,,3,-0.6,3,,-3.94,0.3,-0.2,4.5,6,1.8,-5.72,,,3.56,23,46,2,23,69,0.458141905,0.5438086544
Notre Dame,Michigan,-2,-0.01,6.36,8.33,2.93,-2.28,4.01,3.65,-0.01,11,17,7,3.2,2.5,-0.01,12.67,7.63,5.57,5.4,4.48,-1,6.15,1.27,4.69,1.98,3.21,,3.19,,,,4.8,5.44,-0.01,,6.54,5,-1,2,5.62,3.57,4,,4.6,7,3.9,-0.5,5,8.24,16.5,,,1,,8,6.9,10,,10.91,0.01,5.9,1,3,15.75,2.17,,,4.29,17,24,2,7,41,0.6736459691,0.6286881155
Ohio St.,Oregon St.,40,38.99,39.76,38.95,28.51,51.03,33.17,41.46,38.99,43,79,33,43.74,40.5,38.99,31.8,46.53,19.65,39.93,36.55,11,48.75,38.16,46.81,43.13,24.04,,22.59,,,,38.99,39.47,38.99,,37.93,42,37.5,41,40.5,38.8,38.2,,33.5,39,35.8,40,37,57.31,46.9,,,33,,46,36.1,50,,48.77,34.81,27.9,38.5,37,51.61,45.87,,,10.45,31,77,2,46,108,0.4985306287,0.9821790229
Oklahoma,Florida Atlantic,20,28.9,16.75,20.79,24.2,25.64,26.45,17.68,28.9,16,28,19,19.58,31,28.9,11.06,25.19,14.17,21.13,20.86,11,22.35,27.45,30.63,17.83,6.33,,6.1,,,,20.65,29.04,28.9,,25.72,23,21,13,17.11,26.58,19.6,,17.8,19,17.7,20,21.7,17.45,29.1,,,14,,17,20.5,20,,19.15,24.8,20.4,21,17,22.1,29.6,,,6.59,14,63,2,49,77,0.5262084442,0.8905240905
Oregon,Bowling Green,33.5,27.56,26.11,21.27,19.05,19.77,20.79,29.49,27.56,28,35,22,29.44,22.5,27.56,19.46,24.29,17.41,26.29,18.07,5,36.45,28.92,27.75,26.4,20.08,,18.91,,,,27.55,27.54,27.56,,30.7,28,26.5,35,28.87,28.56,32.3,,28.8,29,32.2,32.5,24.7,35.72,35.5,,,29,,17,32.3,33,,26.56,26.3,21.4,32,13.5,26.05,24.88,,,6.28,24,58,2,34,82,0.33639582,0.93820945
Penn St.,Appalachian St.,24,19.1,22.04,26.53,17.48,12.29,22.15,18.77,19.1,18,39,23,25.43,16.5,19.1,15.27,27.48,17.79,23.98,26.69,1,29.25,20.69,26.94,25.71,13.63,,12.89,,,,24,31.7,19.1,,30.94,24,23.5,23,22.1,33.59,35.9,,19.3,24,31.6,24,13.2,28.7,37.8,,,27,,29,36.8,29,,30.5,25.8,17.3,23.5,11.5,28.82,26.16,,,7.77,38,45,2,7,83,0.4995486018,0.9125543671
Purdue,Northwestern,1,-7.16,3.13,-2.05,-3.93,-10.82,-2.64,-1.04,-7.16,-2,-10,-2,3.6,-10,-7.16,2.2,-5.89,-1.91,-3.19,-1.91,-7,-2.85,-3.32,-8.06,-6.58,2.17,,2.22,,,,-2.31,-2.57,-7.16,,-1.1,-5,3,-1,-4.42,-7.36,-5.8,,-0.7,-1,-3.2,0,-1.2,-0.76,-0.01,,,-2,,-1,-4,-9,,-0.28,-0.69,0.01,1.5,-4.5,-7.6,-5.51,,,3.61,31,27,2,-4,58,0.3984516501,0.4223304518
Rice,Houston,-25.5,-23.54,-18.02,-23.84,-15.64,-23.41,-19.28,-21.12,-23.54,-19,-39,-9,-22.38,-17,-23.54,-9.29,-28.61,-12.43,-21.36,-18.55,-5,-28.05,-25,-6.63,-26.2,-9.67,,-8.88,,,,-22.44,-18.03,-23.54,,-23.61,-22,-21,-30,-20.26,-13.68,-29,,-23.3,-18,-24.5,-25,-21.5,-26.18,-22.5,,,-20,,-22,-26.2,-26,,-26.41,-22.2,-17.6,-26.5,-8.5,-23.33,-28.16,,,6.82,45,27,2,-18,72,0.5946940177,0.1081575408
Rutgers,Texas St.,16.5,18.89,16.82,21.51,13.18,6.72,21.16,18.83,18.89,14,12,19,18.62,15,18.89,13.23,20.26,17.38,19.03,16.65,3,20.95,23.8,-2.38,18.01,9.46,,9.01,,,,18.95,21.91,18.89,,23.54,17,18.5,27,15.16,23.63,28.7,,20.5,19,25.7,17,11.1,19.52,28.1,,,21,,26,30.5,18,,24.54,19.31,15.6,16.5,7,23.2,24.72,,,6.04,7,35,2,28,42,0.5592034624,0.8687204806
South Alabama,Louisiana Tech,-10.5,-8.94,-8.47,-8.4,-1.92,-6.66,-7.04,-9.76,-8.94,-3,-9,,-9.68,-9.5,-8.94,-6.05,-10.6,-6.48,-9.77,-4.32,-2,-19.45,-14.61,-7,-17.38,-6.17,,-5.54,,,,-9,-5.64,-8.94,,-13.27,-7,-10,-17,-10.53,-10.71,-10,,-6.6,-12,-10.1,-10.5,-16.3,-22.79,-6.5,,,-10,,-15,-9.8,-20,,-9.7,-5.5,-5.6,-10,-4,-10.7,-12.33,,,4.56,30,26,2,-4,56,0.5176274553,0.2770754383
South Carolina,Coastal Carolina,29,28.74,28.21,28.03,21.16,15.15,22.76,27.91,28.74,29,28,26,32.99,27.5,28.74,18.64,,18.18,28.41,19.34,7,32.25,26.33,25.5,26.28,25.08,,23.56,,,,28.12,28.23,28.74,,32.6,28,29.5,44,33.07,42.85,41.1,,29.9,29,37.8,29,26.8,34.75,,,,22,,33,42.2,34,,29.67,26.8,21.7,29.5,11,32.85,26.38,,,7.29,15,49,2,34,64,0.4865280713,0.9480653689
Stanford,San Diego St.,14,19.74,10.57,14.8,14.6,4.18,11.71,19.68,19.74,8,29,12,12.66,9.5,19.74,6.39,12.93,8.28,15.3,13.74,6,20.45,17.17,23.06,15.85,6.96,,6.69,,,,14.8,20.49,19.74,,18.03,16,15.5,16,14.84,27.83,24.2,,13.4,17,21,14,19.9,13.6,14.1,,,12,,14,24.6,22,,13.29,11.5,15.7,14,3,18.64,14.53,,,5.90,10,31,2,21,41,0.5305941892,0.8168559989
Tennessee,West Va.,-9.5,-8.65,-8.2,-6.99,-11.53,-9.75,-5.41,-11.71,-8.65,-14,-23.75,-7,-6.27,-5.5,-8.65,-3.64,-8.71,12.86,-10.03,-15.15,2,-15,-8.68,-16.44,-13.54,-4.79,,-4.46,,,,-9.8,-11.33,-8.65,,-3.14,-11,-8,-12,-12.89,-11,-10.7,,-13.7,-9,-9.2,-9.5,-14,-12.7,-20.5,,,-8,,-18,-11.2,-14,,-16.92,-10,-8,-10,-6.5,-9.85,-15,,,5.61,40,14,2,-26,54,0.4874429181,0.2756658988
Texas Tech,Mississippi,2,0.59,4.32,0.94,5.14,5.8,5.2,4.19,0.59,2,7,7,3.69,-1.5,0.59,5.59,2.3,2.49,3.15,5.54,-5,5.35,2.09,3.75,0.49,-2.92,,-2.72,,,,3.34,6.04,0.59,,0.76,6,-1,5,4.25,5.66,-1.9,,4.1,3,-1,2,6.1,10.78,15.5,,,-3,,7,0.7,6,,8.74,-2.4,-0.4,2.5,7,-4.36,2.22,,,4.11,47,27,2,-20,74,0.5279567857,0.5761712578
Troy St.,Boise St.,-10,-8.51,-5.26,-4.75,-18.48,-0.53,-7.09,-8.6,-8.51,5,0.01,-10,-7.37,-6.5,-8.51,-1.02,-10.6,-4.66,-6.9,-0.81,-6,-2.95,-12.48,-16.13,-7.92,-4.29,,-3.79,,,,-7.05,-1.34,-8.51,,-11.81,-1,-10.5,-14,-8.08,-12.68,-13.7,,-6.6,-11,-12.1,-9.5,-3.7,-14.95,-7.1,,,-6,,-7,-14.9,-7,,-6.33,-6.09,-7.9,-10,3.5,-2.55,-7.93,,,4.70,56,20,2,-36,76,0.5742637026,0.3384271172
Tulane,Wake Forest,-6.5,-7.77,-10.3,-11.58,-14.19,-6.19,-8.82,-14.95,-7.77,-7,-15,-5,-12.26,-9.5,-7.77,-6.4,-12.63,-6.77,-10.95,-8.84,-2,-13.15,-10.18,-24.44,-15.37,-8.04,,-7.28,,,,-10.55,-18.41,-7.77,,-8.02,-13,-8,-12,-12.85,-19.27,-10.7,,-5.8,-10,-10.4,-7,-14.1,-12.16,-19.3,,,-8,,-16,-12.8,-16,,-14.32,-5.5,-8.5,-6,-4.5,-14.7,-13.07,,,3.94,23,17,2,-6,40,0.3927909164,0.2516099794
UCLA,Cincinnati,14.5,12.11,15.29,17.35,20.64,10.59,13.25,21.04,12.11,15,28,9,18.39,13.5,12.11,9.07,18.81,13.69,16.65,17.54,4,24.15,12.22,25.19,21.56,12.79,,12.12,,,,17,22.26,12.11,,18.78,22,15.5,21,18.31,25.86,16.5,,12.5,12,16.7,14.5,23,11.08,25.3,,,20,,17,18.4,17,,18.23,12.31,12.1,14.5,9,23.09,17.17,,,5.06,26,17,2,-9,43,0.5513397884,0.8411908834
USC,UNLV,25.5,26.26,23.81,27.86,21.21,24.7,26.83,28.76,26.26,31,35,23,27.08,31.5,26.26,17.27,25.93,17.7,27.5,25.75,11,34.45,28.89,44.75,30.54,22.38,,21.04,,,,26.92,30.96,26.26,,27.72,32,28,31,33.11,41.29,25.1,,26.2,26,22.9,25.5,29.8,27.81,36.4,,,23,,27,26.4,30,,27.45,26.31,22.5,26.5,24,37.02,28.38,,,5.24,21,43,2,22,64,0.5476162367,0.950021691
Vanderbilt,Middle Tenn.,3,5.81,6.24,9.2,5.24,1.66,7,4.86,5.81,1,-16,2,6.83,3,5.81,5.09,8.87,6.5,4.24,5.54,-1,6.55,5.73,8.5,2.4,9.67,,9.21,,,,5.16,12.65,5.81,,3.69,7,6.5,4,4.14,6.53,4.6,,2.6,5,5.6,3,-4.1,-0.01,4.6,,,-2,,1,6.9,1,,5.09,3,0.6,3,-4,5.23,7.65,,,4.53,7,35,2,28,42,0.5299367187,0.6013451664
Western Mich.,Syracuse,-5,0.8,-2.26,-5.96,-5.88,15.07,2.86,0.38,0.8,6,27,0.25,-3.23,9,0.8,-0.34,2.34,-1.05,-0.11,-0.6,2,3.95,1.18,-1.63,-1.72,4.25,,4.16,,,,-0.17,-7.1,0.8,,-2.64,8,-6,-3,1.81,-9.73,-9.2,,-3.6,0.01,-7.8,-4.5,0.8,-8.21,-12.1,,,-4,,-9,-12.2,6,,-3.34,-4.59,-3.6,-4.5,22.5,0.79,2.47,,,7.41,55,42,2,-13,97,0.6099192915,0.49749525
Wisconsin,Western Kentucky,36,36.99,31.36,38.31,30.47,27.73,28.06,43.4,36.99,36,55,31,37.23,26.5,36.99,19.61,36.48,19.11,36.88,34.5,3,48.35,31.66,47.69,44.16,23,,21.62,,,,37.07,37.21,36.99,,36.7,37,32.5,43,37.14,43.46,45.2,,40.1,39,37.6,36,47.9,51.65,38.9,,,40,,46,45.7,49,,44.56,30.8,29.7,36,16,50.14,33.9,,,10.10,3,34,2,31,37,0.5186525392,0.975012228
Wyoming,Washington St.,-2.5,-3.02,-3.97,-5.17,,-7.28,-8.68,3.94,-3.02,6,-32,6,-5.5,-5,-3.02,-0.92,-6.79,-6.25,-4.09,-8.32,-5,-4.15,-4.75,-10.75,-8.47,-2.28,,-0.81,,,,-3.97,-11.1,-3.02,,-5.69,-2,-3.5,-1,-5.47,-3.02,-2.5,,-1.3,-5,-2.8,-2.5,12.7,-6.52,-17.5,,,-2,,-6,-4.5,7,,-9.37,-0.8,-1.7,-1,3,-3.27,-11.55,,,6.40,41,19,2,-22,60,0.4629938664,0.4055706739
Alabama,Arkansas St.,37,40.5,29.75,39.47,29.18,27.35,36.21,33.57,38.68,26,59,28,38.76,34.5,40.77,23.74,44.14,17.22,35.45,27.92,10,44.75,38.5,42.69,40.22,20.4,,19.8,,,39,36.21,41.97,38.61,,36.24,41,36,33,28.26,36.1,48.6,,32,31,44.4,37,36,35.64,40.9,,,31,,33,48.6,44,,39.56,28.78,28.1,36,17.5,47.75,38.24,,,9.43,7,57,3,50,64,0.4665518679,0.9725584518
Arizona St.,Michigan St.,-5,-5.6,-6.08,-5.44,-2.63,-0.59,8.79,-13.38,-10.27,-5,6.5,-15,-2.18,-4.5,-4.98,-8.67,3.55,-0.98,-4.99,-7.2,-2,2.75,-9.15,-14.63,4.86,-8.35,,-7.2,,,-9,-5.44,1.25,-10.72,,-5.35,1,-4,-6,-4.61,-12.81,-16.2,,-1.5,-8,-14.3,-5,-7.3,-6.06,4.8,,,-4,,-12,-15.1,-7,,-2.43,-5.01,-8.3,-6,7.5,-3.52,-3.69,,,5.83,13,16,3,3,29,0.500235899,0.3839723765
Army,Liberty,8,17.07,2.02,24.14,9.41,-4.66,-2.92,,15.79,36,25,17,-0.01,17.5,17.26,3.39,7.88,15.84,13.6,4.87,1,17.35,8.75,5.75,13.66,13.84,,12.84,,,17,15.8,5.09,22.53,,4.13,28,12,22,13.1,11.83,15.8,,6.6,19,18.7,8.5,6,16.26,,,,19,,-1,16.4,11,,27.58,27.29,13.8,9,-16,18.38,20.77,,,9.65,14,38,3,24,52,0.6184524901,0.7679210668
BYU,California,3,-6.23,3.66,-4.35,2.99,6.07,-1.32,-15.85,-5.48,-3,-17,-5,2.05,2.5,-6.32,4.72,-2.43,-1.64,-4.73,-9.58,3,-11.25,-4.72,-9.13,-11.24,0.2,,0.51,,,3,-5,-8.96,-7.17,,-7.61,-7,2.5,-4,-2.85,-14.17,-7,,0.7,-6,-4.4,2,-9.3,-1.21,-10.5,,,-7,,-4,-8,-13,,-9.51,-2.61,-7.5,3,7.5,-7.83,-6.2,,,5.57,21,18,3,-3,39,0.3229504095,0.389298847
Boise St.,Connecticut,31.5,29.4,29.04,24.21,23.29,29.51,35.21,32.88,27.42,25,40.5,31,38.95,32.5,29.69,22.43,28.1,16.66,31.41,19.71,9,39.55,35.23,35.13,33.05,23.95,,23.23,,,33,32.5,33.55,25.08,,36.98,36,34,41,37.08,38.86,36.9,,38.5,29,33.8,31.5,40.3,40.56,34.9,,,35,,26,34.4,42,,28.43,26.78,23.8,31,28.5,34.07,29.89,,,6.95,7,62,3,55,69,0.4979281588,0.9650441451
Bowling Green,Maryland,-14.5,-19.28,-14.99,-16.47,-14.13,-2.67,-17.15,-10.74,-22.22,-9,-15,-15,-17.39,-11,-18.91,-13.4,-16.8,-7.13,-13.61,-11.48,1,-15.15,-7.59,-4.75,-18.65,-10.26,,-6.23,,,2,-14.99,-22,-19.53,,-17.09,-5,-14,-22,-14.64,-18.99,-15.2,,-14.4,-9,-15,-14.5,-10.6,-21.45,-12.7,,,-14,,-18,-17.1,-9,,-13.25,-15.22,-8.2,-16,2,-18.1,-13.35,,,5.90,45,14,3,-31,59,0.5209559374,0.2108006023
Central Mich.,Kansas,3.5,2.48,17.5,7.54,-1.99,15.92,10.25,8.77,3.43,22,37,0.25,14.37,18,2.35,19.58,13.55,18.72,9.46,18.63,4,16.95,7.87,-4,14.22,15.02,,12.51,,,-1,8.77,10.55,1.68,,2.51,15,7,6,11.36,-1.36,-2.1,,7.4,3,0.01,4,3.5,10.59,12.3,,,-1,,8,-4.9,6,,15.35,5.29,-0.01,5,20.5,20.54,11.8,,,8.14,31,7,3,-24,38,0.630848087,0.7020481101
Charlotte,Appalachian St.,-15,-21.28,-12.29,-23.43,-15.89,-8.55,-16.82,-27.99,-18.18,-30,-50,-3,-18.91,-18.5,-21.74,-7.87,-34.37,-11.71,-19.63,-18.34,-10,-33.05,-14.12,-8.69,-32.59,-13.59,,-12.32,,,-13,-18.34,-16.76,-20.36,,-11.99,-28,-14,-23,-17.19,-8.3,-13.9,,-17.6,-18,-11.6,-15.5,-26.2,-24.21,-20,,,-16,,-25,-12.7,-29,,-25.52,-20.71,-10.5,-14,-14,-23.9,-26.38,,,8.36,45,9,3,-36,54,0.3981753823,0.1369420642
Coastal Carolina,UAB,-9,-9.16,-12.6,-1.09,-7.88,-15.35,-7.62,-4.7,-7.5,-8,3,-8,-16.06,-9.5,-9.39,-10.29,,-6.44,-7.66,-0.48,-1,-9.45,-5.96,10.75,-9.38,-4.18,,-4.52,,,-2,-7.62,-13.97,-7.25,,-9.85,-4,-9,-12,-7.04,-11.62,-15.6,,-10.2,-7,-15.1,-9,-2.4,-15.64,,,,-10,,-7,-15.5,-11,,-7.24,-6.02,0.3,-10,3,-4.94,-2.31,,,4.87,24,47,3,23,71,0.5321602051,0.3222838974
Colorado St.,Arkansas,-14,-11.6,-7.51,-4.33,,-0.88,-9.04,0.35,-13.18,-3,12,-13,-11.99,-7.5,-11.38,-4.54,-7.68,-0.71,-9.03,0.79,-1,-11.95,-9.31,-14.75,-14.55,-2.73,,-2.66,,,-11,-9.18,-19.29,-7.56,,-17.45,-1,-11.5,-16,-10.55,-21.86,-24,,-16.3,-4,-21.6,-13.5,-18.5,-13.87,3.6,,,-13,,-16,-25.8,-18,,1.46,-4.82,-5.6,-14,10.5,-15.34,-8.95,,,8.20,27,34,3,7,61,0.6095589469,0.3066365407
East Carolina,North Carolina,-16.5,-17.12,-10.7,-10.37,-14.36,-8.86,-13.67,-11.44,-17.9,-10,-10,-12,-20.3,-8,-17.04,-4.28,-11.54,-0.4,-14.63,-5.96,-3,-19.95,-16.51,-4.63,-22.45,-7.47,,-5.74,,,-15,-15.26,-21.25,-16.74,,-21.75,-17,-14,-20,-11.21,-20.87,-21.5,,-19,-13,-20.9,-16.5,-18.2,-24.91,-14.8,,,-23,,-19,-21,-25,,-15.26,-4.92,-7.7,-17,-5,-16.74,-16.83,,,6.27,19,41,3,22,60,0.5436198381,0.1956875537
Florida,Kentucky,13.5,11.16,5.22,2.92,6.8,10.47,8.66,4.01,8.64,2,7,7,13.05,4.5,11.51,0.01,6.08,1.84,7.51,0.33,5,4.75,10.9,6.88,1.9,9.1,,9.1,,,13,8.37,8.37,9.26,,16.31,11,14,15,7.52,-2.82,11.4,,11.7,10,9.2,12.5,6.3,13.62,4.6,,,13,,1,10.4,11,,3.19,5.79,8.5,13.5,4.5,4.31,11.84,,,4.22,27,16,3,-11,43,0.357685549,0.6762309203
Florida Atlantic,Air Force,8,-2.02,12.24,8.04,12.98,-13.25,-9.61,16.39,1.67,22,26,9,5.5,-2.5,-2.55,16.73,4.78,13.36,8.32,11.29,-4,4.65,5.6,7.13,5.31,17.59,,16.42,,,14,9.63,-7.42,3.4,,4.02,11,7.5,15,9.63,17.58,11.4,,3.1,13,10.2,8,16.1,8.85,-6.7,,,4,,14,9.6,12,,14.92,9.78,9.5,9,11,11.47,0.65,,,8.15,27,33,3,6,60,0.5071543131,0.6794954191
Georgia Southern,Massachusetts,1.5,3.55,2.11,-3.88,-2.26,10.22,-3.29,-2.56,5.35,-9,-25,5,-1.16,7,3.3,4.29,1.68,-5.71,-1.1,3.49,8,-6.45,0.63,5,-9.18,-0.35,,0.25,,,12,-1,-1.54,5.92,,0.38,-3,2.5,0.01,1.79,0.44,-6.7,,6.3,4,-5.6,1.5,-1.7,-7.36,-5.2,,,-1,,-1,-4.8,-4,,-11.84,-1.12,3.5,2.5,1,-9.27,0.62,,,6.11,13,34,3,21,47,0.439254527,0.474217842
Hawaii,Rice,17.5,15.87,18.41,17.45,,6.74,19.91,7.7,19.08,21,22,13,27.28,15.5,15.44,12.5,18.45,16.81,14.87,7.69,-4,23.25,14.11,-9.31,20.14,13.28,,13.38,,,4,14.97,20.72,10.26,,17.63,15,16.5,16,14.57,11.22,13.1,,13.8,4,12.4,17,18.3,25.96,14.4,,,12,,18,13.3,10,,13.02,15.58,6.6,17.5,7.5,15.06,14.94,,,5.64,29,43,3,14,72,0.437976905,0.811271353
Houston,Arizona,3.5,3.06,6.32,2.66,4.32,15.78,2.15,-4.23,8.18,5,-1,-3,1.94,14.5,2.33,9.25,5.18,3.16,2.2,2.89,2,1.85,-1.49,2.25,2.83,4.17,,3.95,,,1,2.15,-0.72,4.67,,-1.35,4,3.5,0.01,8.28,-15.95,-3.2,,1.6,-4,-0.5,3.5,0.9,6.7,-1.6,,,1,,-1,-3.9,1,,-0.88,-0.62,-1.6,3.5,12.5,5.37,3.54,,,5.02,18,45,3,27,63,0.4688796637,0.5525656774
Indiana,Virginia,5.5,2.2,8.2,8.45,7.51,5.85,-2.74,13.17,4.55,8,13,4,7.39,7,1.89,8.74,9.61,3.99,5.62,6.54,4,9.35,0.44,13.06,4.56,0.24,,0.3,,,4,6.54,6.19,4.43,,4.21,14,6.5,7,7.57,2.29,-0.2,,8.1,7,-2.9,5.5,7.3,9.96,2.4,,,4,,3,-1.3,8,,7.31,5.08,0.4,6.5,11.5,8.01,7.34,,,3.98,16,20,3,4,36,0.5029249764,0.6343425857
Iowa,Iowa St.,3.5,17.65,10.5,7.28,6.54,15.89,11.71,4.81,17.61,1,9,11,6.85,15,17.65,12.94,10.54,4.86,7.78,3.92,8,7.85,5.15,11.94,2.46,5.37,,4.96,,,10,6.54,8.3,16.7,,6.16,6,4,7,9.74,3.09,4.3,,9.9,7,4.1,4,5.7,-0.44,2.1,,,6,,6,4.8,5,,4.97,4.88,5.3,4,13,4.4,9.31,,,4.34,3,13,3,10,16,0.60259731,0.6818058057
Kansas St.,Mississippi St.,-7,-6.22,-10.62,-5.26,-2.77,-3.44,-5.56,-2.63,-1.97,3,-2,-9,-16.74,-1.5,-6.77,-6.53,-3,-1.06,-5.22,3.39,-1,-3.05,-6.16,-6.88,-2.28,-1.63,,-2.02,,,-7,-5.14,-7.94,-2.15,,-11.77,-1,-7,-5,-5.14,-8.84,-13.8,,-13.8,-4,-11.1,-7,-4.7,-11.97,-10.1,,,-5,,-7,-13.1,-7,,-5.42,-2.12,-4,-9,10.5,0.89,-6.24,,,4.82,31,10,3,-21,41,0.5427230543,0.3765115998
Miami (Ohio),Cincinnati,0,-7.87,1.5,-3.79,1.19,0.57,-9.74,9.63,-13.63,-1,6,4,0.55,-6.5,-7.09,2.14,-2.38,5.18,-0.22,9.28,-8,0.45,-2.3,-1.81,-5.84,-6.92,,-6.76,,,1,0.55,-8.83,-8.8,,-0.66,6,1,5,-2.23,10.15,4.8,,-2.4,3,3.9,0,8.1,-0.12,2.2,,,2,,-6,2.9,6,,4.07,-5.69,3.1,1,5.5,-5.5,-1.22,,,5.71,21,0,3,-21,21,0.4947974536,0.4947974536
Michigan,Western Mich.,28.5,22.83,21.04,24.7,24.06,12.26,21.28,23.85,22.65,15,28,18,27.54,15.5,22.9,16.72,20.79,14.14,22.69,19.73,3,24.85,25.42,35.75,19.62,17.73,,18.17,,,24,22.9,26.65,22.48,,25.64,22,24.5,28,24.48,38.85,32.3,,27.2,22,29.3,27.5,25.9,26.73,13.4,,,25,,20,32.7,20,,22.36,26.78,20.8,28,7,23.51,23.38,,,6.09,3,49,3,46,52,0.3662784237,0.908989155
Minnesota,Fresno St.,0,0.14,-0.01,3.1,4.17,5.12,-2.48,-5.76,2.76,-6,-14,2,-2.93,5.5,-0.29,1.82,2.78,-6.15,-0.69,0.91,6,-5.55,3.25,0.75,-8.2,-5.1,,-4.93,,,6,0.04,-2.31,2.81,,0.97,0.01,2,-3,-1.38,5.72,0.3,,-0.01,-5,1.3,0,-4,-12.84,0.7,,,-1,,-2,0.5,-8,,0.01,0.18,4.7,2.5,6,-4,7.22,,,4.75,14,21,3,7,35,0.4833914264,0.4833914264
Missouri,Wyoming,19.5,10.53,10.09,8.32,13.44,6.84,10.91,7.1,10.42,2,35,10,14.5,7.5,10.55,7.16,8.12,8.03,12.84,10.35,6,16.75,16.41,15.5,12.01,7.38,,6.12,,,11,11,17.34,9.38,,19.41,13,16.5,19,13.14,18.6,21.4,,17.4,15,17.8,18.5,16.5,18.05,10.7,,,21,,11,19.6,19,,10.31,9.28,10,18.5,4,12.52,16.78,,,5.74,13,40,3,27,53,0.3465947663,0.7765597748
NC St.,Georgia St.,24.5,26.03,16.32,31.42,21.07,14.7,25.31,29.09,25.45,29,43,18,22.55,17,26.12,12.17,26.99,15.3,26.78,22.44,7,37.55,28.21,35.38,32.03,14.04,,13.23,,,27,27,29,26.01,,27.88,30,24.5,28,27.99,25.45,38,,24.6,28,35.2,25,34.5,33.33,31,,,27,,26,39.1,34,,34.79,26.28,20.2,25,15,33.26,32.34,,,7.95,7,41,3,34,48,0.5510957583,0.9342857113
Navy,Memphis,-6.5,-12.28,-6.17,-2.27,-2.22,-5.37,-24.89,-1.66,-15.04,-3,-26.5,-5,-8.28,-4,-11.88,-4.76,-5.85,-5.23,-9.22,3.18,3,-18.75,-7.75,-11.13,-19.26,-5.43,,-5.1,,,-1,-8,-16.86,-10.51,,-14.82,-5,-3.5,-13,-12.75,-13.37,-9.9,,-9.5,1,-7,-6.5,-18.2,-19.09,-10,,,-6,,-19,-7.7,-12,,-9.58,-4.32,-3.6,-7,-8,-13.39,-8.59,,,6.58,21,22,3,1,43,0.4371105087,0.2957761796
Nebraska,Colorado,3,1.86,3.75,3.1,8.71,-3.45,-7.27,0.01,2.6,4,6.5,6,2.23,5,1.75,4.77,-3.03,5.33,1.98,1.83,5,-6.55,7.16,4.94,-7.95,8.02,,7.62,,,11,2,-2.96,3.74,,9.13,-7,4,2,1.59,8.2,-1.4,,6.3,6,-0.8,3,-4.8,-0.64,-4.1,,,1,,1,2.6,-7,,0.11,5.38,12.2,3.5,1.5,-2.44,1.36,,,4.95,33,28,3,-5,61,0.4755440353,0.5473911022
Northern Ill.,Utah,-11,-8.44,-3.66,-13.24,-13.2,-8.87,-13.27,-9.8,-8.05,1,-3,-3,-5.37,-7.5,-8.5,-2.52,-10.54,-5.41,-9.69,-3.37,-3,-19.65,-7.14,-19.88,-20.78,-1.13,,-1.08,,,-6,-9.8,-18.91,-6.67,,-10.12,-9,-10,-15,-11.14,-12.49,-13.7,,-4,-8,-9.8,-11,-16.1,-21.14,-18.9,,,-11,,-9,-12.8,-13,,-11.54,-11.21,-6.1,-10,2,-19.85,-11.8,,,5.82,17,6,3,-11,23,0.530877384,0.2832943881
Northwestern,Duke,2.5,2.61,7.7,7.1,4.43,5.4,2.92,2.94,4.16,10,21,6,3.12,9.5,2.43,10.76,6.47,10.97,5.96,6.13,1,5.25,4.1,9.31,1.04,10.21,,8.77,,,-2,5.4,6.4,4.57,,4.08,4,3,2,7.83,12.16,5.8,,3.4,6,5,3.5,-2.6,4.69,3.5,,,4,,10,4.6,6,,7.7,5.48,2.4,2.5,16,4.46,6.48,,,4.03,21,7,3,-14,28,0.5836522119,0.6420261237
Notre Dame,Ball St.,34.5,31.25,31.71,42.9,32.27,20.4,31.07,45.19,35.12,44,91,32,35.42,28.5,30.74,29.24,50.03,19.29,39.33,36.84,7,36.55,35.47,37.56,36.93,28.29,,25.23,,,40,39.6,37.8,34.95,,40.14,45,35,43,40,45.35,49.2,,38,41,44,35,39.6,39.66,44,,,40,,47,50.4,44,,55.16,33.78,36.1,34.5,29.5,50.61,46.58,,,11.65,16,24,3,8,40,0.5968727014,0.9770940698
Ohio St.,Rutgers,35,39.77,27.46,31.81,24.27,32.48,29.13,37.12,40.22,36,71.5,23,34.01,35.5,39.7,23.1,40.21,17.26,34.16,30.35,11,44.65,31.55,44.69,39.12,21.76,,21.45,,,42,34,35.37,41.17,,28.19,45,34,35,31.29,28.76,33.6,,27.8,34,29.4,35,35.6,44.84,35.3,,,28,,35,31,46,,37.88,29.28,24.3,35,33,43.3,35.42,,,9.32,3,52,3,49,55,0.4818020816,0.9682497477
Oklahoma,UCLA,29,29.68,28.43,25.05,18.36,22.96,33.39,26.62,31.44,28,40,23,32.84,31,29.43,25.5,28.59,16,29.15,25.89,2,43.95,24.88,34.44,38.33,20.95,,19.68,,,21,28,31.55,27.88,,25.11,35,25,27,28.58,31.71,29.8,,32.5,23,25.4,29,44.6,40.81,33,,,28,,39,26.6,42,,27.97,26.28,19,30,26.5,36.79,30.31,,,7.62,21,49,3,28,70,0.5033982733,0.9510774719
Oklahoma St.,South Alabama,31,33.92,26.4,31.81,21.69,24.89,24.56,34.87,36.87,32,48,22,33.52,27.5,33.51,21.65,35.79,16.9,32.28,30.83,8,42.35,36.81,40.44,35.21,21.83,,20.21,,,26,32.5,37.85,36.32,,34.47,36,31.5,37,36.18,34.97,32.3,,28.8,33,29.4,31,31.6,54.66,32.1,,,28,,39,34.3,44,,41.11,27.78,23.4,32,28,38.02,32.5,,,8.08,13,55,3,42,68,0.5286446166,0.9650301019
Old Dominion,Florida Intl.,1.5,-8.98,-4.56,-2.87,2.1,0.42,-19.51,-2.19,-7.16,-5,-12.5,9,-5.63,1,-9.23,-3.84,-4.82,-7.16,-4.35,-5.04,6,-22.55,5.74,5.38,-22.82,-1.67,,-1.75,,,5,-3.3,-11.2,-2.77,,-3.68,-9,-2,-7,-2.11,0.72,1.7,,-3.3,3,2.3,1,-7.6,-14.98,-14.7,,,-1,,-1,2.3,-1,,-10.51,-0.92,2.6,0,8,-8.49,-7.52,,,6.95,28,20,3,-8,48,0.3678420882,0.4009006279
Pittsburgh,Penn St.,-7.5,-7.65,-13.94,-11.65,-9.48,-1.75,-5.68,-11.27,-9.51,-15,-50,-12,-15.6,-13,-7.42,-12.83,-14.23,-7.35,-11.77,-11.98,-2,-15.05,-11.2,-15.44,-17.04,-7.16,,-6.05,,,-11,-11.65,-14.37,-9.42,,-12.68,-13,-9,-8,-11.32,-12.15,-9.7,,-10.3,-13,-5.7,-8,-6.7,-5.91,-22.8,,,-12,,-12,-8.7,-9,,-19.48,-11.72,-4.6,-9.5,-4.5,-16.26,-14.14,,,6.86,51,6,3,-45,57,0.4024906072,0.2480683949
Purdue,Eastern Mich.,16,11.15,11.41,19,15.67,1.04,10.96,18.32,9.33,12,24,14,14.23,6,11.43,9.53,13.46,12.58,14.98,13.57,1,17.65,14,23.44,14.82,18.08,,17.45,,,15,15.18,12.78,11.06,,16.5,12,14,17,14.97,25.24,19.5,,15.2,20,18.2,16,15.5,26.25,14.5,,,16,,16,21.3,10,,17.12,18.78,15.2,16.5,6,15.18,16.04,,,4.98,20,19,3,-1,39,0.4755564019,0.8160480705
SMU,TCU,-23,-21.55,-14.33,-19.05,-15.38,-19.57,-21.83,-20.92,-22.68,,-22,-7,-23.74,-19.5,-21.4,-8.04,-24.44,-9.15,-19.38,-17.05,-8,-31.25,-16.84,-36.69,-33.13,-7.41,,-6.83,,,-19,-19.65,-29.42,-20.29,,-16.69,-24,-17.5,-21,-22.68,-20.77,-19.5,,-19.4,-17,-19.5,-22.5,-27.1,-19.76,-33,,,-15,,-24,-19.4,-17,,-20.81,-19.72,-12.7,-22.5,-0.5,-27.85,-21.91,,,7.04,42,12,3,-30,54,0.5825605065,0.1322224754
South Carolina,Georgia,-10,-6.28,-10.54,-16.67,-15.83,-8.22,-0.48,-18.35,-5.7,-12,-34,-4,-11.11,-9.5,-6.37,-10.16,-18.57,-7.8,-11.73,-14.24,-3,-16.85,-11.15,-12.94,-19.36,-0.3,,-0.9,,,-18,-11.11,-11.09,-5.97,,-8.62,-16,-9,-10,-5.7,1.82,-18,,-6.6,-11,-12.1,-10,-15.7,-9.51,-7.2,,,-17,,-18,-15.8,-15,,-19.88,-14.22,-10,-10,-7,-17.42,-11.78,,,6.67,41,17,3,-24,58,0.4599879331,0.2478783005
South Florida,Georgia Tech,-3.5,-5,0.11,-1.53,-17.53,6.3,-1.6,0.26,-3.59,13,4,-5,-5.28,4.5,-5.19,3.71,4.1,3.25,-1.39,5.46,-2,1.95,-5.06,-0.56,-2.22,3.83,,3.72,,,-2,-1.53,-8.82,-3.95,,-7.61,3,-2,-4,0.7,-12.48,-12.4,,-5.4,0.01,-9.1,-3.5,1.9,0.6,-3.1,,,-9,,1,-13.7,3,,-0.11,0.18,-3.1,-3.5,15.5,3.36,-3.04,,,6.16,38,49,3,11,87,0.5493111363,0.4674683876
Southern Miss.,Louisiana-Monroe,5.5,6.33,13.58,4.5,-11.26,14.61,11.47,4.74,2.53,11,25,3,16.7,12,6.86,11.5,5.51,4.6,7.11,4.93,1,12.65,5.8,2.31,9.16,8.88,,8.91,,,-1,6,14.36,2.88,,5.18,18,7.5,9,10.38,3.24,-2.6,,9,0.01,1.7,5.5,1,0.73,19.7,,,2,,6,-2.3,4,,9.4,5.18,-3.1,5.5,13,11.76,13.48,,,6.45,21,20,3,-1,41,0.5374314263,0.6609152868
Stanford,USC,5,5.45,4.39,4.06,-0.4,3.22,8.57,4.04,4.89,2,10,5,6.7,4,5.52,2.86,6.98,5.46,5.46,3.85,2,8.25,4.24,3.69,2.18,4.75,,3.84,,,5,5,3.78,4.64,,7.21,6,4,6,4.82,2.24,12.2,,8.5,6,9.7,5,8.1,5.08,3.4,,,11,,7,10.8,11,,4.23,3.28,6.8,5.5,-2,0.6,8.02,,,2.91,3,17,3,14,20,0.5113697477,0.6324409412
Temple,Buffalo,4,10.12,-2.26,10.72,14.63,8.27,6.71,8.31,6.39,7,13,2,-6.26,7.5,10.65,0.41,16.51,5.9,6.11,7.32,3,9.65,4.92,11.94,2.45,6.72,,7.92,,,9,7,-4.66,9.38,,4.06,8,6.5,7,3.94,-1.33,0.01,,-1.9,7,-1.6,4.5,5.8,2.91,0.6,,,10,,-1,0.8,11,,5.84,9.68,6.5,5,16.5,9.69,12.92,,,5.13,36,29,3,-7,65,0.5503228288,0.6429084446
Texas,Tulsa,23.5,20.43,17.1,18.17,16.56,3.03,7.77,28.98,15.43,25,35.5,14,24.77,8.5,21.18,11.98,13.46,15.71,18.69,15.53,3,19.05,19.43,30.06,17.8,15.33,,18.05,,,23,19,20.65,18.99,,20.78,19,20,21,18.81,27.66,19.4,,21.8,21,20.9,22.5,21,29.05,15,,,15,,10,20.9,21,,23.87,24.78,15.6,23,7,17.99,20.56,,,6.12,21,28,3,7,49,0.388697937,0.8640134585
Texas A&M,Clemson,-12,-9.13,-8.88,-15.19,-16.5,-10.39,-8.06,-13.83,-9.73,-12,-31,-13,-6.29,-15.5,-9.04,-10.61,-16.37,-7.52,-12.27,-16.76,-5,-15.45,-11.7,-12.56,-15.67,-2.63,,-1.96,,,-17,-12,-13.36,-9.82,,-6.65,-10,-11,-10,-7.04,-5.2,-18.6,,-5,-13,-15.5,-12,-14.3,-11.1,-11.3,,,-13,,-16,-17.8,-19,,-19.36,-11.22,-9.6,-12,-4,-14.74,-16.01,,,5.44,28,26,3,-2,54,0.4935819581,0.2323512054
Texas-San Antonio,Baylor,-17,-17.73,-3.73,-7.04,-17.85,-3.3,-12.11,-3.14,-17.54,15,4,-6,-13.41,-6.5,-17.77,2.72,-13.86,14.32,-9.41,-0.24,-9,-13.15,-16.14,-6.25,-13.65,7.52,,6.64,,,-20,-12.53,-15.15,-16.99,,-20.18,-7,-9.5,-18,-7.06,-14.36,-19.8,,-18.4,-12,-14.2,-16.5,-15.5,-20.11,1.9,,,-15,,-16,-21.3,-9,,-5.32,-7.72,-15.2,-15.5,4.5,-6.79,-12.53,,,9.48,37,20,3,-17,57,0.6592948214,0.3053823405
UNLV,UTEP,24,20.68,24.17,24.79,19.33,11.03,21.27,26.61,20.11,14,36,24,31.52,16.5,20.76,19.27,20.08,19.02,21.45,16.63,-1,27.25,25.31,-11.06,21.72,12.15,,9.12,,,15,21.27,19.72,18.98,,22.35,23,23,25,13.04,24.3,24.9,,26.4,20,22,24,31,25.01,16.5,,,18,,21,23.6,28,,27.13,25.28,14.4,23.5,12.5,28.13,19.66,,,6.56,24,52,3,28,76,0.4409943142,0.8941155105
Utah St.,New Mexico St.,23.5,19.75,14.39,11.09,18.85,9.45,22.68,9.15,15.64,11,24,17,25.01,15.5,20.35,7.31,19.1,7.53,17.1,7.47,7,22.85,18.48,8.63,12.86,8.16,,9.53,,,16,16.9,18.45,13.07,,24.44,17,21,22,15.85,12.76,25.7,,28.9,16,22.9,23,23.5,30.55,21,,,27,,15,24.4,23,,16.9,14.39,10.5,24,10.5,11.29,18.43,,,6.31,13,60,3,47,73,0.3539494077,0.8416100128
Vanderbilt,Nevada,10,7.8,10.9,12.65,9.4,6.21,6.9,7.21,10.3,14,-1.5,5,5.16,9,7.44,14.72,11.5,6.31,8.43,10.86,2,8.45,6.19,14.88,5.38,15.91,,14.77,,,3,8.21,10.35,9.12,,7.86,7,7.5,10,10.72,17.48,8.3,,5.8,5,9.3,10,6.4,-1.21,9,,,11,,7,8.4,5,,4.95,5.58,7.8,8.5,6.5,13.15,8.21,,,4.02,10,41,3,31,51,0.4618107723,0.6966474344
Washington St.,San Jose St.,32.5,32.59,32.43,31.93,21.73,24.86,37.96,29.11,37.16,31,89,22,41.55,28.5,31.97,26.34,46.13,18.53,33.6,29.23,5,43.85,31.64,21.44,39.51,21.94,,19.23,,,26,32.43,41.24,32.4,,31.69,39,35,36,35.8,34.34,36,,32.9,23,33.6,32.5,32.1,43.41,48.7,,,25,,34,35.3,34,,41.63,26.28,20.5,34,25.5,41.84,35.87,,,11.49,0,31,3,31,31,0.5223800067,0.9567769057
Wisconsin,New Mexico,35,37.26,28.22,37.72,29.24,27.39,31.37,43.46,37.13,40,75,33,32.75,28,37.28,25.2,42.07,18.72,36.71,36.14,9,43.85,35.74,46.69,38.85,24.42,,22.79,,,38,37.62,37.71,37.62,,35.81,38,34.5,40,38.51,43.13,39.2,,31.2,39,33.8,35,41.3,48.29,33.9,,,34,,44,38.8,49,,42.21,28.78,29.5,34.5,25.5,47.95,40.18,,,9.62,14,45,3,31,59,0.5367035673,0.976029033
Arkansas,North Texas,5.5,4.62,-3.48,10.82,17.82,5.46,-8.46,12.69,1.45,-12,3,-0.25,1.18,3,5.08,-6.58,10.28,1.96,4.21,7.17,-20,4.35,9.71,7.75,-2.49,-3.03,,0.23,,7,14,5,2.41,8.47,5,6.09,5,9.5,5,0.27,6.52,9.5,,1.4,11,6.3,5.5,1.8,-5.09,-9.4,,,3,,-7,12,9,,8.88,6.41,12.8,7,3.5,6.89,10.5,,,7.12,44,17,4,-27,61,0.4704447021,0.5956099499
Army,Hawaii,6,10.36,8.66,11.62,5.2,14.69,5.97,25.55,4.39,15,-7,9,11.68,4.5,11.15,6.64,8.63,14.4,12.37,18.39,-9,11.65,13.04,10.58,7.56,4.01,,5.02,,10,15,11.68,5.77,15.06,7,14.33,18,6.5,15,10.24,17.89,22.6,,16.4,20,19,7,20.1,11.2,9.6,,,21,,13,20.9,21,,16.1,6.21,15.1,6,10.5,16.15,11.81,,,6.68,21,28,4,7,49,0.6442673706,0.7637116535
Auburn,LSU,10,7.19,8.28,9.51,8,4.31,3.45,8.8,8.2,6,15,7,11.28,4.5,7.09,6.28,12.55,5.66,8.69,10.69,7,11.25,6.78,5.17,2.22,4.84,,4.05,,3,18,8.2,6.96,9.94,7,8.99,7,9.5,6,5.76,12.73,15.3,,10.1,14,11.8,10,6.4,10.52,8.8,,,8,,10,13.4,15,,13.37,9.31,12.7,10,6.5,2.39,7.71,,,3.61,22,21,4,-1,43,0.4679308331,0.7032668702
Baylor,Duke,4.5,-10.47,-11.75,-11.03,-1.46,-3.95,-20.78,-14.04,-10.6,-12,-21,-11,-17.04,-6,-10.46,-8.23,-10.47,-6.17,-9.88,-16.88,-5,-16.45,0.63,-14.42,-21.55,-11.48,,-10.1,,-10,1,-10.1,-13.8,-6.45,-2,-3.94,-10,6,-8,-12.15,-13.42,-9.8,,-7.3,-3,-9.6,3,-12.5,-5.58,-20.9,,,-7,,-19,-9.8,-20,,-5.65,-2.19,1.9,6,6,-19.19,-8.29,,,6.21,40,27,4,-13,67,0.1994605408,0.2811010374
Buffalo,Eastern Mich.,3,-1.78,2.47,1.56,3.7,2.13,-14.07,4.97,1.37,8,5,2,0.38,2,-2.2,3.85,3.63,2.18,1.68,3.8,2,-3.65,3.27,0.83,-6.03,-1.89,,3.92,,4,11,2.13,-4.58,0.73,3,0.01,3,3,3,1.98,1.12,5.9,,5.4,7,6.4,3,5.7,1.89,-8.8,,,-1,,-3,5.3,-1,,-0.77,5.41,5.2,3,3,0.61,-0.83,,,4.17,28,35,4,7,63,0.4679516207,0.5407616345
Charlotte,Old Dominion,-2,3.46,6.4,-0.01,-4.72,3.01,13.84,-0.53,6.18,14,-5,3,12.86,-2.5,3.09,2.1,-3.95,-1.98,1.24,-5.45,15,6.65,2.59,4.5,2.46,1.35,,1.01,,-3,3,1,5.63,-1.83,-3,4.2,2,-2,-3,3.23,-2.17,-3.9,,6.2,-7,-6,-2,6.9,2.39,14.7,,,2,,1,-4,-1,,0.79,-2.09,0.01,-2,-9.5,-0.95,0.81,,,5.46,25,28,4,3,53,0.5765192909,0.5294403015
Clemson,Georgia Southern,32,32.19,23.76,38.61,42,27.93,3.98,41.87,34.22,26,64,23,23.69,32.5,31.94,23.8,37,18.03,33.29,40.35,4,34.65,36.35,48.5,31.79,28.1,,25.51,,39,36,34,35.15,36.39,16,32.41,38,34,40,32.69,39.61,48.9,,26,36,44,32,28,24.32,30,,,28,,34,48.6,41,,40.23,27.81,30.5,32.5,25,43.51,36.93,,,10.07,7,38,4,31,45,0.5273525517,0.9616972644
Florida,Colorado St.,20.5,15.77,7.44,11.47,17.35,11.53,2.07,7.63,11.94,4,23,17,14.27,9,16.34,2.88,10.23,4.34,15.14,3.76,17,15.75,26.69,23.42,11.23,15.07,,15.77,,13,23,15.07,19.1,15.17,6,27.5,14,19,23,15.93,26.29,28.6,,22.8,16,25,20,17.7,22.13,8.4,,,22,,13,28.6,23,,9.75,14.91,14.5,20.5,7.5,10.88,18.34,,,6.87,10,48,4,38,58,0.3783261302,0.809293346
Florida Intl.,Massachusetts,3.5,3.95,5,2.31,-3.6,6.69,-5.35,-2.71,6.12,8,-6,4,-5.88,11,3.65,12.25,5.62,1.33,2.57,15.33,-2,4.65,-1.44,2.17,4.06,8.11,,8.2,,11,-1,3.65,3.86,4.29,6,-0.43,3,4.5,6,5.96,5.37,-2.7,,0.01,-1,0.7,3.5,1.3,4.14,-3.8,,,-2,,4,-2,-5,,-5.86,2.41,-2.7,4,5.5,4.44,1.99,,,4.95,24,63,4,39,87,0.4776986972,0.5614158426
Georgia,Middle Tenn.,34,33.77,29.46,40.09,37.85,23.39,27.86,35.01,33.24,39,47,24,38.19,28,33.84,23.63,43.54,18.54,34.63,33.05,30,43.85,32.33,47.75,39.21,22.28,,22.36,,46,41,35.01,41.4,30.68,24,35.48,40,30.5,33,33.74,28.21,46,,35.7,32,39.6,34,39.7,36.01,43.6,,,34,,40,45.6,40,,45.1,30.31,22.9,33.5,17.5,40.4,34.45,,,7.84,7,49,4,42,56,0.5141923803,0.9747620909
Illinois,South Florida,-11.5,-8.93,-7.27,-13.38,-7.84,-14.38,-11.49,-9.73,-9.5,-23,-27,-4,-7.98,-14,-8.86,-6.8,-19.21,-12.5,-11.59,-11.26,-4,-11.45,-12.61,-27.67,-14.36,-14.35,,-12.73,,-15,-10,-11.49,-7.15,-8.22,-13,-5.55,-14,-7.5,-9,-14.76,3.84,-3.8,,-8,-11,-5.1,-11.5,-8.5,-13.37,-18.6,,,-7,,-19,-1.7,-13,,-18.49,-15.19,-4.3,-10,-20,-23.18,-11.92,,,5.66,25,19,4,-6,44,0.497869462,0.2458093024
Indiana,Ball St.,15.5,13.29,15.02,26.95,25.98,13.74,2.04,34.52,19.74,3,72,11,9.68,18.5,12.39,18.58,26.27,18.72,20.05,20.77,3,16.75,14.88,21.17,20.05,11.15,,10.35,,28,11,18.81,24.78,18.52,19,13.56,29,15,22,22.56,16.77,16.6,,13.4,22,13.2,15.5,19.2,21.43,19.2,,,14,,23,16.8,20,,38.46,18.81,17.6,14.5,25.5,30.32,25.57,,,10.37,10,38,4,28,48,0.5948137319,0.8548222553
Iowa St.,Oklahoma,-18.5,-21.59,-11.76,-12.05,-7.87,-20.22,-18.23,-10.69,-23.39,1,-17,-10,-11.72,-26,-21.32,-11.78,-9.67,-5.45,-13.3,-14.57,-29,-17.05,-16.71,-20.33,-18.73,-4.9,,-3.34,,-11,-17,-12.74,-17.64,-22.74,-10,-14.92,-13,-16.5,-12,-10.16,-12.74,-10.9,,-15.2,-11,-10.3,-17.5,-13.5,-17.32,-18.5,,,-6,,-13,-9.6,-11,,-7.73,-13.69,-8,-17.5,-16,-14.66,-15.83,,,5.87,37,27,4,-10,64,0.6206618423,0.2160002691
Kansas,Rutgers,2.5,2.65,-6.72,-5.9,4.59,1.59,1.69,-5.34,2.25,14,-11,1,-5.73,-5.5,2.7,-7.38,2.15,-8.01,-0.4,-9.28,2,4.35,-0.45,-0.5,0.76,-0.86,,1.61,,1,4,1,-4.86,1.63,4,0.6,2,4,-2,-2.35,-2.34,3.2,,-0.01,0.01,3.1,2.5,6.9,7.03,0.01,,,1,,-13,3.3,7,,-4.85,2.71,1.4,2.5,5,-8.76,-3.2,,,5.09,14,55,4,41,69,0.4309519454,0.4904289942
Kansas St.,Texas-San Antonio,21,26.91,15.07,24.83,28.62,12.54,16.29,23.48,27.6,23,32,12,20.47,17.5,26.83,11.47,21.38,16.58,22.84,17.67,15,26.75,25.16,19.67,24.22,15.68,,14.99,,35,24,23.66,28.6,29.36,13,20.65,24,21.5,28,23.66,28.93,28,,21.2,25,23.4,21,19.8,20.08,18.4,,,23,,22,29.8,28,,24.83,26.31,21.7,21.5,15,32.11,25,,,5.74,17,41,4,24,58,0.5433978735,0.9119712509
Louisville,Western Kentucky,23,22.47,21.16,28.6,21.51,13.03,10.93,34.08,26.05,22,40,19,24.84,19.5,21.99,18.7,26.96,17,22.73,32.8,11,23.05,21.1,33.17,22.41,14.19,,11.82,,24,16,22.5,26.94,24.83,15,21.73,27,20,24,25.7,27.4,21.5,,22.5,25,19.7,23,32.5,22.19,11.2,,,23,,29,23.3,26,,29.41,26.31,20.6,22.5,8.5,27.12,16.91,,,6.50,17,20,4,3,37,0.4937213969,0.9074097141
Maryland,Temple,15,16.76,22.52,8.81,-0.53,2.57,20.17,-0.58,21.06,19,1,18,27.92,12,16.15,18.92,3.81,-0.54,11.61,10.8,21,9.15,11.75,22.25,12.34,10.99,,6.41,,7,1,11.03,25.37,11.26,2,19.48,6,14,19,17.59,18.06,14.8,,19.5,3,14.3,15,8.6,26.13,33.3,,,6,,16,15.9,1,,2.3,5.71,4.1,16.5,-3.5,11.03,9.86,,,8.34,35,14,4,-21,49,0.4250239367,0.7413391953
Memphis,Georgia St.,28.5,25.21,19.03,21.49,26.87,18.06,23.08,27.48,20.72,7,56,19,35.69,20.5,25.87,7.93,25.86,14.81,25.27,24,14,33.15,29.37,27.42,25.69,10.85,,14.63,,42,23,25,24.55,24.2,14,29.94,33,22.5,26,24.61,19.74,29.4,,32.5,22,28.6,28,29.8,36.77,26.6,,,25,,25,29.4,34,,29.15,22.81,24.3,27.5,26,20.6,32.27,,,8.46,22,59,4,37,81,0.4287557521,0.9199385698
Michigan,SMU,35.5,31.19,22.74,25.58,27.58,29.98,35.71,27.36,28.29,15,27,23,36.36,25.5,31.66,13.66,33.69,15.71,28.69,17.32,25,38.85,31.74,43.25,30.24,16.23,,16.01,,39,32,29.98,36.3,27.38,18,36.76,32,34.5,32,30.95,38.6,37.8,,33.8,24,35.3,34.5,32.6,40.96,26,,,33,,29,35.4,34,,24.04,26.31,19.1,35.5,20,28.71,34.13,,,7.34,20,45,4,25,65,0.3484954594,0.9495443117
Minnesota,Miami (Ohio),12,22.31,23.14,22.52,10.46,15.45,21.53,11.92,23.45,3,17,14,31.22,20.5,22.15,17.75,23.97,15.1,18.7,12.28,27,30.45,14.48,25.92,22.79,15.56,,15.15,,24,14,18.73,31.25,18.47,12,18.73,19,14,20,25.29,17.42,19.3,,21.9,11,17.7,13,20.5,15.81,17.4,,,21,,20,20.5,16,,17.2,16.81,11.1,12.5,8,26.86,23.88,,,5.67,3,26,4,23,29,0.6544971739,0.8663742535
Mississippi,Alabama,-22.5,-21.28,-14.94,-19.47,-23.27,-23.56,-3.35,-19.42,-19.63,-14,-36,-17,-19.61,-32.5,-21.52,-11.83,-26.6,-8.88,-18.95,-15.8,-12,-23.75,-18.88,-12.5,-23.95,-5.9,,-6.61,,-24,-22,-19.63,-22.94,-22.64,-10,-13.49,-25,-18,-19,-8.06,-12.62,-24.4,,-19.3,-19,-21.5,-22.5,-15.3,-19.54,-22.1,,,-21,,-20,-23.4,-20,,-23.69,-20.69,-9.5,-21,-18.5,-21.63,-20.14,,,6.64,62,7,4,-55,69,0.5817221607,0.1353958123
Mississippi St.,Louisiana-Lafayette,33.5,36.36,24.62,32.15,37.26,21.41,33.24,38.6,36.44,34,51,30,34.78,23.5,36.36,17.84,36.6,17.3,34.76,30.04,13,40.95,33.47,43.67,34.09,26.31,,24.01,,38,35,36,35.51,35.66,20,38.47,36,32.5,39,35.75,42.56,46.4,,37.9,35,41.6,33.5,45.6,57.35,37,,,40,,39,46.8,40,,36.67,27.81,33.2,33,11,39.03,40.13,,,8.95,10,56,4,46,66,0.5275598022,0.9717597269
Nebraska,Troy St.,9.5,12.25,-1.74,5.31,10.77,-3.05,18.22,-4.26,8.44,4,-13,5,3.64,0.5,12.87,-5.32,4.57,-6.26,4.75,1.84,-6,-0.01,8.92,5,-2.35,3.06,,2.57,,6,10,5.31,9.6,8.74,3,14.64,-4,7.5,9,2.09,13.74,9.3,,6.4,7,10.4,9.5,-2.3,14.53,6.7,,,13,,7,13.5,-4,,-1.34,5.61,10.6,11.5,-2,-4.46,8.22,,,6.62,24,19,4,-5,43,0.3912127639,0.6087872361
Nevada,Oregon St.,3.5,-2.31,8.35,1.23,12.65,13.77,6.21,8.29,-4.12,1,12,11,16.06,3,-2.07,3.2,4.39,7.14,4.98,12.27,8,1.25,8.3,2.33,-1.01,0.24,,1.66,,11,5,4.33,4.33,-2.85,4,3.35,8,5.5,3,4.51,0.41,8.2,,8.7,10,9.3,3.5,2.5,14.5,-10,,,4,,5,6.5,8,,4.26,3.61,1.6,3,10.5,-0.98,3.75,,,5.17,35,37,4,2,72,0.53531743,0.6172529025
New Mexico St.,New Mexico,-3,-6.1,-5.37,0.01,-3.31,-1.73,-13.21,15.29,-4.05,-10,14,-1,-14.53,-10,-6.39,0.73,-4.95,18.15,-2.41,8.37,-33,-9.85,-5.57,12.58,-9.6,3.39,,2.06,,4,1,-2.21,-13.64,-0.48,-2,-6.89,-5,-4.5,-4,-2.21,1.48,-8.3,,-13.1,2,-8,-3,-0.01,-8.93,-2.4,,,-9,,2,-8.7,1,,0.6,-0.89,4,-4,7,-1.09,-7.69,,,8.11,42,25,4,-17,67,0.5132020434,0.446227031
Northern Ill.,Central Mich.,14.5,19.57,12.02,9.72,9.87,6.92,19.04,12.39,21.55,13,15,12,18.53,6,19.3,7.69,14.18,4.29,13.32,5.53,3,17.35,14.55,3.5,16.95,14.01,,13.78,,14,16,14,12.03,19.74,7,14.57,14,13,19,13.2,14,15.4,,17.2,12,13.4,14.5,18,11.76,16.9,,,14,,16,15.6,20,,8.23,9.81,9.5,14,1,11.2,12.57,,,4.56,16,24,4,8,40,0.4715246209,0.7899940992
Northwestern,Akron,21,22.34,11.86,26.41,27.5,13.44,24.12,25.23,20.91,10,35,16,14.62,12.5,22.55,10.03,27.94,17.57,22.66,15.73,-10,32.85,20.57,33.08,25.32,18.16,,15.55,,35,24,23.81,23.84,23.97,13,23.35,25,21.5,23,23.58,31.91,25.4,,19.6,25,21.8,21,22.3,30.84,19.8,,,26,,26,25.6,30,,28.97,23.81,19.9,21,17,28.05,26.13,,,7.51,39,34,4,-5,73,0.5376578088,0.9015538514
Notre Dame,Vanderbilt,13.5,11.4,10.24,16.24,13.6,11.07,-5.59,21.26,16.25,8,39,17,3.65,15,10.78,14.63,12.42,12.6,14.97,17.16,-11,7.35,13.09,23,5.28,13.14,,11.02,,21,37,13.6,13.53,17.53,8,17.62,13,15.5,18,16.61,22.63,20.3,,12.2,25,17.4,13.5,2.4,13.17,12.1,,,13,,17,22.1,12,,20.34,12.31,23.3,13.5,12.5,16.12,16.51,,,7.91,17,22,4,5,39,0.5330268237,0.8006738465
Oklahoma St.,Boise St.,1,3.49,0.32,7.85,0.63,3.78,-7.28,8.97,6.07,-4,5,-4,-2.01,1,3.09,1.88,3.32,1.91,2.61,11.01,-7,1.25,2.4,2.33,-0.52,-0.53,,-0.41,,7,2,2.3,6.16,8.02,6,1.43,8,3.5,1,2.3,8.72,-0.5,,-3.7,6,-1,1,-0.7,-1.52,-7.8,,,2,,4,0.4,5,,6.27,5.41,5.8,2.5,5.5,5.01,1.37,,,4.25,21,44,4,23,65,0.5390222785,0.5630955622
Oregon,San Jose St.,41.5,34.67,33.32,29.34,39.49,24.01,18.44,35.25,36.51,5,75,29,43.35,32.5,34.41,26.63,35.9,17.81,33.58,29.38,27,40.65,38.49,22.58,36.54,22.28,,19.91,,45,33,34.41,40.19,34.28,22,36.16,39,38,44,33.39,29.72,43.9,,37.6,31,40.7,40.5,35.8,42,32.6,,,32,,36,41.4,37,,35.35,27.31,24.2,41,23,32.69,35.92,,,9.87,22,35,4,13,57,0.3359101356,0.9637716582
Penn St.,Kent,35,37.24,33.3,44.68,42,27.65,25.16,48.43,40.26,35,96,31,41.57,36.5,36.81,27.79,53.42,19.44,41.25,39.79,23,53.95,40.24,39.42,49.56,29.05,,26.63,,53,35,40.24,44.02,39.36,34,42.47,52,37,47,41.98,46.49,43.4,,39.5,43,38.1,35.5,40.1,38.81,34.1,,,41,,40,42.6,53,,55.23,33.81,35.1,35,30.5,52.87,47.35,,,11.54,10,63,4,53,73,0.6249280539,0.9822131806
Pittsburgh,Georgia Tech,-3.5,-6.02,-1.6,-0.42,-4.22,0.16,-12.69,3.75,-1.32,-16,-11,-3,-9.17,0.01,-6.67,3.44,-5.1,5.18,-2.33,9.08,-12,1.85,-6.56,-6.83,-1.09,2.66,,1.6,,7,1,-1.09,-6.42,-2.9,1,-8.7,2,0,2,-1.99,-0.2,-7,,-6.4,-1,-5.9,-3.5,4.6,-14.89,-10.6,,,-6,,4,-6.6,-1,,-3.32,-0.99,-0.6,-4,-1,4.15,-1.68,,,5.51,19,24,4,5,43,0.5277558573,0.4448576147
Purdue,Missouri,-6.5,-7.03,-3.57,1.16,-4.79,-6.67,-2.95,4.72,-9.03,-10,-8,-4,-3.24,-9.5,-6.74,-3.79,-5.39,-1.7,-3.95,9.17,-26,-4.55,-8.32,-13.33,-8.26,-0.9,,3.41,,4,1,-4.55,-6.65,-4.22,1,-7.62,-4,-7.5,-10,-8,-2.48,-10,,-4.8,2,-7.5,-6.5,-8.4,-10.29,1.6,,,-2,,-4,-7.4,-10,,-5.6,-4.29,2.7,-6,3.5,-6.72,-4.57,,,5.53,40,37,4,-3,77,0.5602890289,0.4071084624
San Diego St.,Arizona St.,-5.5,-8.03,-3.95,-0.25,2.25,5.22,-11.63,1.28,-8,2,-10,-2,-8.07,-0.5,-8.03,-1.21,-1.37,-3.53,-3.38,8.59,-16,-8.35,-1.65,-5.83,-9.93,2.24,,7.31,,-3,-6,-3.53,-14.87,-4.62,-1,-6.31,0.01,-5,-5,-5.82,-10.15,-5.3,,-5.9,1,-5,-5.5,-8.7,-6.91,-10.5,,,-2,,-6,-7.1,1,,-2.29,-0.79,0.9,-5.5,15.5,-12.16,-3.49,,,5.99,21,28,4,7,49,0.5497141201,0.4210549624
South Alabama,Texas St.,9,14.96,7.55,14.31,10.22,7.96,13.31,13.53,12.02,15,16,6,12.33,8.5,15.38,4.36,17.83,11.04,12.01,7.42,-8,17.55,11.59,-3.25,11.68,6.27,,6.41,,14,10,12.6,11.4,12.89,17,9.06,17,10,13,7.46,5.95,15.4,,8.9,10,12.6,9,14.4,4.35,22.5,,,13,,19,13.7,17,,14.6,8.91,9.3,10.5,4.5,15.68,15.55,,,4.98,31,41,4,10,72,0.571786171,0.7648191288
Syracuse,Florida St.,-3,-5.73,7.82,-2.63,-10.05,-6.26,12.64,-9.35,-4.76,2,-26,6,12.34,-4,-5.87,4.81,-5.25,-2.95,-2.45,-5.8,19,1.25,1.64,-2.17,-3.1,-5.95,,-3.65,,-10,-18,-2.53,1.75,-12.2,-1,2.4,-2,-1.5,-4,-0.77,1.76,-0.3,,6.5,-10,-0.4,-3,-0.7,0.01,1.8,,,1,,-2,0.5,1,,-2.53,-0.99,-3.6,-3,-9.5,-3.81,-4.32,,,7.08,7,30,4,23,37,0.5126210027,0.4439554169
TCU,Ohio St.,-13.5,-14.4,-6.87,-6.02,-4.1,-8.53,-23.32,-8.29,-13.99,2,-23,-6,-10.81,-13,-14.46,-4.24,-8.38,-6.21,-10.13,-0.51,-17,-14.65,-7.5,-3.42,-15.92,-4,,-4.56,,1,-17,-9.4,-14.31,-14.7,-8,-16.01,-6,-10,-9,-1.48,-9.97,-13.1,,-8.3,-7,-9.4,-13.5,-6.9,-27.74,-10.9,,,-13,,-10,-11.5,-14,,-9.68,-6.59,-4.5,-13.5,-17,-15.89,-13.04,,,5.96,40,28,4,-12,68,0.5787616308,0.2751339562
Tennessee,UTEP,31.5,29.89,30.41,33.15,26.58,23.22,18.96,28.64,28.53,18,39,27,45.18,30.5,30.09,20.57,28.64,19.33,28.68,29.8,34,65.25,32.84,3.5,29.18,23.39,,20.59,,27,20,28.64,37.59,28.2,15,34.88,31,30,38,20.36,31.64,31.8,,34.7,27,28.9,31.5,28.7,26.34,21.3,,,25,,23,31.7,32,,27.29,27.31,22.6,30.5,12.5,32.36,34.48,,,8.10,0,24,4,24,24,0.4371324097,0.9462324289
Texas,USC,3.5,0.52,-1.63,-0.35,-4.47,-2.23,-5.69,0.15,1,2,-4,-3,0.59,-7,0.46,-3.11,-3.96,0.61,-1.47,-10.01,-1,-4.25,-1.97,-7.83,-8.37,-5.65,,-2.69,,3,-2,-1.3,-3.36,1.53,1,2.01,-3,3,-3,-3.46,-11.75,-0.8,,-0.4,2,-0.2,2.5,-3.6,10.17,-1.3,,,5,,-6,-0.4,-1,,3.64,3.21,2.4,3.5,-2,-5.79,2.6,,,3.80,14,37,4,23,51,0.3803774633,0.4641196486
Texas A&M,Louisiana-Monroe,27,29.98,15.97,24.22,21.84,20.58,22.47,20.46,25.19,13,25,14,30.88,18.5,30.68,6.02,29.72,14.51,24.24,10.8,7,30.15,26.89,36.33,24.98,17.6,,16.71,,32,26,25.97,26.51,28.46,18,29.87,30,26,30,24.7,31.99,28.3,,27.3,21,27.9,27,24.9,29.67,37.8,,,26,,29,28.8,27,,26.3,25.81,16.5,26.5,11.5,25.97,30.76,,,6.90,10,48,4,38,58,0.4366601468,0.9192913445
Texas Tech,Houston,-1.5,-1.02,4.78,2.95,-6.05,-0.94,6.15,10.81,-6.05,-3,13,7,11.26,-8.5,-0.28,0.46,-0.46,-1.09,3.09,4.04,-4,6.65,7,1.25,1.98,1.59,,3.43,,3,-1,2.95,11.47,-0.84,-2,10.11,6,1.5,3,-1.89,23.22,1,,3.8,8,0.6,-1,1.3,15.39,-1.6,,,4,,-5,3.6,6,,5.62,1.11,8.5,-1,-5.5,-0.87,4.02,,,5.81,49,63,4,14,112,0.607009103,0.5725210103
Toledo,Miami (Fla.),-12,-6.96,2.09,-9.5,-10.77,-0.53,8.04,-9.84,-6.36,8,17,-7,0.44,0.01,-7.06,3.2,-9.38,-3.73,-5.9,-3.19,20,-6.95,-8.49,-10.83,-13.74,-6.88,,-6.1,,-4,-10,-7.06,-10.32,-10.29,-3,-10.17,-6,-11,-10,-4.53,-19.95,-16.6,,-7.9,-10,-13.1,-11,-7.6,-8.39,8.6,,,-11,,-4,-17.1,-9,,-9.84,-7.69,-8,-10,6,-3.2,-6.48,,,7.56,49,24,4,-25,73,0.6356672974,0.3686135754
Tulsa,Arkansas St.,2,3.21,-3.76,3.14,2.49,3.72,-3.59,-6.98,1.55,3,-11,4,-2.75,-2.5,3.44,-4.44,1.2,-6.48,1.03,-1.73,-5,3.35,5.31,4,-1.26,-4.8,,-2.76,,3,2,2,5.44,1.4,2,5.93,1,1.5,0.01,-0.57,3.43,6.5,,0.01,0.01,4.6,2,-1.6,-0.61,-0.7,,,8,,3,7.6,4,,-2.03,-0.99,5,-1,2,3.27,5.09,,,3.99,29,20,4,-9,49,0.476373287,0.5250862876
UAB,Tulane,-3.5,-6.87,2.43,-12.08,-4.49,6.43,-25.6,-2.99,-9.19,-9,-21,-2,2.34,-2.5,-6.55,2.49,-4.76,-1.57,-5.45,-10.13,-3,-9.45,-1.01,2.08,-15.98,2.55,,3.22,,-1,-3,-4.76,-8.17,-3.92,-4,-3.14,-3,-2.5,-11,-5.13,0.54,-4.9,,-3.2,4,-3.2,-3.5,-13.7,-7.39,-11,,,-5,,-15,-5.5,-6,,-7.57,-2.69,-2.4,-3.5,9.5,-13.15,-10.89,,,6.62,24,31,4,7,55,0.4548701164,0.3756809862
UCLA,Fresno St.,-3,-2.71,-7.43,-1.36,9.67,-1.06,-2.11,-3.02,-0.91,5,-7,-3,-14.03,2,-3.03,-3.02,-2.42,-7.33,-3.66,1.37,-32,-14.65,-2.43,-6.5,-11.77,-4.39,,-4.24,,-7,9,-3.02,-7.36,2.24,-2,-2.56,-1,0,-3,-5.54,1.31,-8.3,,-4.9,-4,-4.8,-3,-6.8,-11.18,-14.4,,,-9,,-9,-6.2,-9,,-8.02,-2.19,5.6,-2,3,-2.94,0.77,,,6.43,38,14,4,-24,52,0.4846319046,0.4154000862
Utah,Washington,-4.5,-5.4,-3.74,-3.75,-5.51,-1.89,4.24,-4.66,-3.39,3,-13,-1,-10.91,0.01,-5.68,1.03,-9.88,-2.87,-4.73,-4.51,2,-0.95,-5.72,-2.33,-4.32,0.24,,-1.47,,-1,-12,-4.66,-6.95,-7.69,-4,-8.02,-6,-5.5,-1,-0.94,-8.22,-14.1,,-5.6,-5,-11.6,-4.5,-2,4.53,2.4,,,-7,,-15,-12.5,-4,,-7.97,-6.89,-4.9,-6,-6,2.4,-8.51,,,4.67,21,7,4,-14,28,0.494454981,0.3874959846
Virginia,Ohio,5.5,9.25,0.5,8.85,-1.29,-2.73,27.02,-6.27,2.5,-5,6.25,-1,9.86,-2.5,10.18,0.4,1.06,2.04,4.11,-3.47,6,8.2,2.43,7.42,7.1,1.25,,0.97,,-4,5,3.32,16.68,3.32,-1,10.75,-3,7,-1,-0.16,11.34,7.1,,3.4,-5,8.8,5.5,5.3,17.05,16.3,,,6,,7,9.9,-8,,2.29,1.21,6.7,3.5,-6,6.68,8.47,,,6.71,31,45,4,14,76,0.4678610958,0.5942384824
Wake Forest,Boston College,-5,-4.49,1.15,3.22,2.27,0.01,-3.62,8.06,-2.61,10,-4,2,-5.58,3,-4.75,5.63,2.87,-2.16,-0.49,12.13,-12,-4.25,-2.41,0.17,-5.47,8.32,,7.11,,1,-2,-1.26,-1.59,-3.92,3,-3.12,1,-4,-3,1.37,-1.26,-9.3,,-5.4,0.01,-5.7,-4.5,-5.9,-8.39,-3.9,,,-2,,1,-6.6,-4,,-3.86,-0.39,2.4,-5,5,1.46,-0.42,,,5.09,41,34,4,-7,75,0.6066307696,0.4882750261
Wisconsin,BYU,22.5,24.57,23.07,29.65,29.4,25.95,27.7,36.81,25.2,18,57,20,26.49,24.5,24.49,20.79,27.85,18.15,25.78,29.48,18,26.65,22.94,34.17,23.65,15.5,,14.25,,28,20,25.95,31.95,27.76,17,22.2,30,22,23,27.25,33.96,24.3,,21.2,27,21.6,22.5,27.7,33.64,15.3,,,21,,26,25.2,29,,29.8,26.81,23.2,21,21,31.24,27.86,,,6.84,24,21,4,-3,45,0.5752424575,0.9320570448
Alabama,Texas A&M,26.5,24.9,22.37,26.62,27.33,29,36.23,27.81,24.16,35,51,19,30.25,36.5,25.05,18.43,28.47,14.78,25.6,20.47,12,35.25,26.75,14.31,25.39,11.82,,10.56,33,28,22,25.93,31.48,23.06,14,19.06,32,23.5,20,13.05,11.85,30.4,,25.7,24,28,26.5,24.7,29.21,36.1,,,22,,21,28.9,31,,26.5,25.26,19.5,26,21.5,29.86,26.15,,,7.89,23,45,5,22,68,0.4797540738,0.9256512706
Arkansas St.,UNLV,8,8.6,10.2,7.05,11.49,8.21,27.77,7.84,10.78,17,12,3,12.34,13.5,8.3,9.12,8.09,4.9,10.21,10.82,-1,7.65,6.8,14.63,4.85,9.31,,7.29,23,8,8,9,4.55,8.48,9,7.96,12,7.5,9,12.94,1.24,3.9,,11.4,11,2.3,8,12,23.79,31.8,,,13,,8,2.6,9,,7.7,6.46,13.6,7.5,17.5,9.62,9.36,,,5.94,20,27,5,7,47,0.5518655546,0.7265213176
Auburn,Arkansas,30,27.89,25.07,31.85,29.98,24.52,29.65,38.14,32.87,42,55.5,20,35.2,23.5,27.2,20.01,31.63,18.04,29.18,26.35,17,37.25,25.19,45.69,24.1,21.9,,19.81,42,25,36,28.25,30.04,25.91,19,26.25,30,24,27,32.76,25.82,28.6,,29.3,29,26.1,30,31.1,27.63,49.5,,,26,,40,24.7,31,,29.5,26.76,22.7,30,17.5,29.64,29.12,,,7.52,3,34,5,31,37,0.4813826363,0.9516692529
Ball St.,Western Kentucky,3,1.78,12.2,-4.3,-9.93,-3.11,4.06,-4.15,2.54,13,-27.5,9,13.74,-1,1.67,11.43,-15.97,-2.5,-0.17,6.22,17,1.95,-1.18,8.81,-3.2,2.1,,0.59,24,-10,-1,0.19,2.13,-0.33,-5,5.44,-7,3,-1,3.68,3.22,-0.2,,6.2,1,0.6,3,2.1,-1.85,7.6,,,1,,3,1.6,-2,,-16.05,-0.64,-1.4,2.5,-13.5,-5.42,-7.93,,,8.33,28,20,5,-8,48,0.4298193351,0.4962167997
Baylor,Kansas,7.5,6.39,7.13,7.34,15.04,13.6,-4.11,5.4,6.79,1,-3,6,4.66,14.5,6.33,8.37,9.08,8.92,7.99,13.55,1,7.65,12.45,12.94,11.93,2.94,,3.19,14,11,19,7.78,7.9,11.14,5,9.04,15,9.5,10,9.73,5.08,5.9,,6.9,8,3.3,7.5,6.1,3.41,-4.3,,,13,,8,4.4,6,,9.68,6.46,15.1,7.5,9,14.68,10.53,,,4.87,7,26,5,19,33,0.5117699294,0.6847938789
Bowling Green,Miami (Ohio),-6.5,-2.12,-1.29,-3.72,-7.78,-1.22,-8.19,-3.86,1.31,-12,-3.5,1,-11.91,8.5,-2.61,4.03,-4.71,-7.09,-4.25,-1.15,-1,-3.95,-7.3,6.38,-6.51,-0.31,,-2.27,-6,1,4,-4.03,-3.66,-1.59,2,-5.61,-2,-4.5,-5,0.75,-11.61,-4.1,,-4.9,-5,-5.3,-6,-0.5,-26.43,-17.1,,,-5,,-8,-3.6,-7,,-5.44,-4.23,-6.3,-6.5,-4.5,-4.65,-1.06,,,5.25,38,23,5,-15,61,0.5535261505,0.3996714046
Central Florida,Florida Atlantic,13.5,17.76,12.17,16.21,22.52,14.59,10.24,13.9,13.49,33,17,15,19.07,15.5,18.32,8.7,19.47,10.16,15.26,16.61,10,12.75,18.89,25.5,11.88,0.01,,1.03,17,29,23,15.27,21.71,15.04,10,14.7,15,13.5,9,16.91,3.33,16.6,,18.4,14,16.5,13.5,13.9,17.61,4.3,,,15,,23,17.3,14,,11.91,13.17,18.1,13.5,14,19.09,17.45,,,6.38,36,56,5,20,92,0.5409699812,0.8138025718
Cincinnati,Ohio,8,13.07,14.93,3.49,-4.35,3.47,20.59,5.16,13.43,4,6,8,23.46,7.5,13.02,10.66,1.05,5.24,7.1,-8.46,21,13.05,6.85,12.81,2.58,2.89,,2.76,7,-3,6,5.26,15.95,6.82,4,13.85,3,8.5,3,11.7,2.43,1,,15.7,8,2.2,8,3.2,27.03,35.7,,,6,,16,1.8,5,,-5.96,0.87,1.4,8,-3.5,5.28,6.71,,,8.14,30,34,5,4,64,0.4798802983,0.6546945218
Florida St.,Northern Ill.,9.5,8.01,5.81,13.33,16.11,10.05,-11.78,8.3,6.25,-1,14,4,11.16,8,8.27,3.14,12.06,11.92,8.69,5.55,1,4.85,10.99,15.38,8.25,3.16,,1.86,16,17,18,9.7,13.65,12.25,5,11.79,11,11.5,10,9.74,9.78,13,,8,9,11.8,9.5,13.6,-2.37,-2,,,11,,1,13.6,8,,9.65,8.96,6.8,10.5,9.5,11.98,10.63,,,5.53,19,37,5,18,56,0.4807841797,0.6974057628
Georgia St.,Western Mich.,-8,-4.84,-5.75,-3.33,-16.82,-9.29,-1.24,-2.61,-1.87,2,4.5,-11,-25.28,-9,-5.26,4,-16.55,15.87,-6.71,-6.28,-9,-7.25,-11.68,5.69,-4.46,0.21,,0.58,-5,-11,-5,-6.6,-12.38,-5.31,-2,-11.5,-10,-6.5,-8,-2.43,-6.92,-11.3,,-15.3,-10,-10.3,-8,-3.1,-17.12,-18,,,-10,,-7,-11.4,-10,,0.88,-1.94,-5.5,-7,-8,-0.24,-12.14,,,6.72,34,15,5,-19,49,0.5298296838,0.3485296797
Georgia Tech,Clemson,-16.5,-15.24,-16.42,-14.37,-16.86,-17.9,-10.15,-11.63,-20.89,-16,-25,-15,-15.12,-26,-14.44,-17.07,-15.53,-11.03,-15.72,-20.99,-20,-18.35,-11.63,-21.31,-18.58,-8.45,,-6.89,-35,-11,-26,-15.31,-20.47,-15.38,-10,-14.75,-14,-15.5,-20,-17.35,-15.64,-19.2,,-15.2,-16,-15.8,-16.5,-21.3,-9.7,-0.2,,,-15,,-15,-18,-17,,-12.4,-13.24,-14.1,-16.5,-3.5,-19.06,-15.23,,,5.66,49,21,5,-28,70,0.5184575128,0.1754685302
Illinois,Penn St.,-27.5,-25.63,-19.4,-28.31,-26,-23.3,-18.44,-31.63,-24.19,-22,-61,-17,-35.23,-27,-25.84,-11.48,-35.98,-11.36,-27.71,-31.11,-18,-34.25,-22.01,-41.63,-37.45,-17.89,,-17.39,-40,-29,-26,-26.9,-35.99,-23.93,-20,-25.46,-35,-26.5,-22,-24.9,-26.38,-28.2,,-30.2,-27,-23.9,-27.5,-27.3,-39.99,-42.4,,,-29,,-31,-26.8,-32,,-30.76,-22.24,-22.6,-28,-21,-36.55,-29.32,,,8.39,63,24,5,-39,87,0.4953341209,0.0613789189
Indiana,Michigan St.,-5,-6.47,6.31,-4.04,-2.75,0.73,11.01,-9.84,-3.88,6,5,-5,1.74,1,-6.83,8.6,-1.55,-1.54,-4.17,-4.35,14,-0.01,-12.7,-10.88,-2.3,-3.66,,-8.59,16,-4,-21,-4.04,0.23,-9.72,1,-11.3,-3,-3.5,-6,1.15,-19.49,-20.5,,-6.2,-7,-18.8,-5,-6.2,-2.04,3.6,,,-8,,-8,-20.5,-11,,-5.2,-6.84,-1.2,-5,6.5,-7.76,-4.27,,,7.97,35,21,5,-14,56,0.5186339282,0.4072003988
Iowa,Wisconsin,-3,2.91,3.36,-0.8,-11.62,-4.38,11.99,11.29,5.79,1,14,5,-3.56,1,2.5,6.82,-0.54,-0.49,1.44,-2.92,2,9.35,-3.6,5.5,-5.39,4.7,,2.07,4,-4,-3,1,2.61,-0.01,2,0.61,-2,-3.5,3,4.05,-4.67,0.01,,-1.5,-1,0.6,-2.5,5.2,-0.53,7,,,1,,12,0.3,6,,2.1,-2.44,-3.8,-3,-5.5,3.28,1.74,,,4.85,28,17,5,-11,45,0.6054534904,0.5345660952
Iowa St.,Akron,20,14.59,1.43,23.95,25.86,0.8,12.64,18.83,9.16,1,20,5,9.57,2.5,15.38,-2.63,30.9,12.23,16.55,19.47,-12,28.35,19.89,24.56,27.51,8.48,,13.98,6,29,22,17.6,16.79,15.05,12,19.79,23,19.5,19,11.63,21.72,17.5,,16.1,15,15.2,20,20.2,19.82,17.7,,,22,,17,18.5,25,,32.36,18.77,11.4,19,10,22.07,23.19,,,8.77,13,26,5,13,39,0.4245603179,0.8192743713
Kentucky,Mississippi St.,-9.5,-12.78,-5.2,-9.37,-6.29,-9.17,6.95,-11.57,-9.5,1,-18,-2,-13.96,-6,-13.2,-0.83,-11.61,-2.7,-9.34,-7.78,-15,-11.95,-10.35,-11.69,-9.68,-1.6,,-1.15,-14,-10,-15,-10.18,-13.18,-12.36,-5,-10.74,-9,-10.5,-9,-6.2,-7.9,-12.9,,-10.6,-11,-10.6,-9.5,-7.7,-16.01,-18.3,,,-15,,-13,-12.1,-9,,-14.94,-10.74,-9.2,-9.5,1,-13.68,-13.54,,,5.26,7,28,5,21,35,0.5038167056,0.2882563561
LSU,Louisiana Tech,20,24.23,18.35,28.75,29.29,19.02,18.11,28.76,26.5,27,28,15,26.27,21.5,23.96,14.4,26.89,15.05,22.46,20.06,1,24.75,18.66,36.19,20.77,20.48,,19.39,26,18,21,22.79,27.4,22.69,15,20.13,23,22,25,22.89,21.42,22.9,,23.8,19,20.4,20,21.2,16.78,30,,,21,,28,23,22,,29.33,25.26,13.2,20.5,10,30.34,25.01,,,5.50,21,38,5,17,59,0.5582061166,0.9093642763
Liberty,North Texas,-10.5,-16.51,-2.96,-13.42,1.29,3.95,1.86,9.07,-17.94,1,-10,-18,-3.36,-22,-16.31,-2.77,0.87,-9.97,-10.25,11.37,-20,-14.25,-7.25,-12.38,-9.68,-10.88,,-9.44,-40,,-6,-11.09,-15.03,-17.13,,-9.41,-18,-14,-20,-13.27,-13.74,-17.8,,-9.3,-14,-21.5,-10.5,-7.2,-16.59,-11.3,,,-8,,-6,-17.1,-9,,-13.13,-20.24,-6.2,-12.5,14,-13.59,-14.15,,,9.21,47,7,5,-40,54,0.5054338228,0.2882648822
Louisiana-Lafayette,Coastal Carolina,3,-0.64,-0.34,3.1,-10.18,1.95,-33.13,-0.78,-2.31,5,-3,-6,-5.32,6.5,-0.41,2.15,,-1.43,-1.79,-2.06,14,-1.45,1.4,4.5,-2.5,0.17,,1.83,-1,4,-7,-0.89,-4.88,0.95,-2,-6.89,-2,2.5,1,-0.01,2.02,4.1,,-4.6,-3,2.6,2,-2,-13.21,,,,1,,-3,3.7,-3,,-1.63,0.46,-8.3,4,0.01,-0.42,-1.87,,,6.18,30,28,5,-2,58,0.3892827791,0.4581565922
Louisiana-Monroe,Troy St.,-5,-7.93,-5.52,-11.1,-11.19,-14.17,-5.53,-10.11,-6.8,1,-23,-4,-13.53,-11,-8.09,-1.52,-14.91,-8.14,-8.14,-1.76,-6,-15.35,-8.35,-11.44,-12.91,-7.85,,-6.29,-5,-8,-4,-7.97,-9.02,-7.04,-7,-2.5,-14,-7,-11,-7.6,-2.73,-2,,-8.7,-6,-2.9,-5.5,-7.8,-8.14,-17.4,,,-1,,-5,-1.2,-11,,-14.03,-7.54,2.2,-4.5,-10,-13.14,-12.64,,,4.82,35,27,5,-8,62,0.4249437792,0.3118425467
Marshall,NC St.,-5.5,-14.62,-0.65,-19.36,-8.43,-7.8,-6.12,-7.19,-12.38,11,-13,-1,-1.54,-6.5,-14.91,-0.2,-17.26,-9.86,-9.91,-7.04,-6,-22.05,-6.35,-19,-24.07,-3.82,,-3.76,-13,-4,-5,-10.03,-20.72,-13.45,-8,-5.2,-11,-6.5,-11,-10.21,-6.9,-14.4,,-1.7,-4,-12.5,-6,-9.8,-11.71,-21,,,-11,,-11,-16,-14,,-15.27,-9.73,0.01,-5,-0.5,-19.86,-18.3,,,6.89,37,20,5,-17,57,0.3994251394,0.2834384135
Maryland,Minnesota,2.5,-2.32,-5.52,-3.33,-0.98,-6.71,-7.64,-9.94,-6.97,-3,-21,-2,-10.82,-5.5,-1.62,-2.87,-8.52,-5.55,-4.59,7.33,-13,-11.25,-1.26,-14.13,-5.02,-3.86,,-5.22,-2,-1,-1,-4.5,-8.29,0.55,-5,-0.66,-5,1,-3,-7.92,-5.66,-3.3,,-3.5,-4,-3.4,1,-6.6,-8.18,-4.5,,,-5,,-5,-2.4,-6,,-6.04,-1.04,-4.1,1.5,0.5,-5.62,-4.5,,,3.99,13,42,5,29,55,0.3324496364,0.3895764601
Massachusetts,Charlotte,7,8.59,3.42,11.78,7.67,5.37,-0.92,3.29,3.97,1,8.5,1,10.51,3.5,9.25,-0.12,9.65,12.34,7.99,4.43,-3,6.15,7.9,1,17,3.62,,2.38,11,3,4,8.25,8.67,9.41,4,10.95,16,10,9,3.84,6.33,11,,8,11,9.7,7,5.4,0.88,19.8,,,12,,6,10.2,11,,26.86,6.57,4.6,7.5,13,10.78,10.41,,,5.31,31,49,5,18,80,0.5235817461,0.6834410773
Memphis,South Alabama,31.5,30.07,16.86,23.14,23.66,22.93,19.03,25.63,27.05,6,47,18,27.62,24,30.54,11.48,30.51,17.01,26.65,25.99,24,39.15,31.52,30.44,30.94,16.14,,18.82,23,32,18,27.08,31.46,29.21,16,30.89,31,26,33,27.1,22.09,27.3,,27.4,24,27,31,27.7,46.9,35,,,27,,29,26.8,38,,35.16,25.77,14.7,31,29.5,29.51,34.91,,,7.83,35,52,5,17,87,0.3920514839,0.9338966174
Miami (Fla.),Florida Intl.,26,26.05,16.24,26.35,29.77,22.65,2.77,22.03,24.51,21,24.5,22,28.36,22.5,26.29,10.18,31.99,13.15,24.15,18.15,11,25.25,28.21,40.94,23.96,19.24,,19.47,19,24,35,24.57,28.48,29.02,11,26.87,29,26.5,28,24.1,32.64,31.4,,29.2,26,26.6,26,19,23.17,43.1,,,24,,20,32.4,29,,17.42,25.77,16.8,26,22,24.63,27.21,,,6.77,17,31,5,14,48,0.4573154992,0.9191509724
Michigan,Nebraska,18,18.26,22.12,18.37,16.67,24.19,20.82,22.18,19.12,24,17,19,28.18,19,18.15,19.11,21.37,18.85,21.4,16.62,16,22.95,23.43,34.25,16.8,12.09,,12.11,30,31,22,21.88,24.75,15.68,11,24.23,26,18,22,26.17,27.42,29.8,,23,22,27.2,18,21.2,21.65,23.5,,,24,,29,26.9,26,,21.75,15.46,16,17.5,13,20.09,23.17,,,5.02,10,56,5,46,66,0.5809064951,0.9006634245
Mississippi,Kent,28.5,23.52,18.71,30.66,31.11,14.99,16.75,33.09,28.22,20,61.5,21,23.43,27,22.89,16.35,29.09,19.42,26.27,20.77,16,27.85,30.76,24.56,33.53,19.67,,18.19,30,53,20,26.75,28.62,26.16,17,27.82,28,24.5,37,28.86,27.53,28.1,,23,26,25.3,28.5,27.1,19.3,9.7,,,21,,24,26.5,27,,34.42,27.26,22.8,29,16.5,34.86,30.16,,,8.52,17,38,5,21,55,0.4507439041,0.9276054136
Missouri,Georgia,-14,-11.69,-8.68,-20,-12.34,-10.98,-24.58,-9.83,-10.18,-5,-26.5,-7,-16.11,-15.5,-11.9,-4.96,-17.82,-6.56,-13.23,-19.15,-12,-14.85,-10.25,-10.25,-18.44,-7.19,,-8.45,-21,-11,-26,-12.42,-17.39,-10.63,-9,-12.82,-13,-13.5,-11,-6.07,-1.35,-14.9,,-14.1,-13,-12.5,-14,-15.2,-11.72,-9.5,,,-15,,-17,-14.7,-11,,-8.98,-14.74,-17.1,-14.5,-11,-19.51,-10.92,,,5.26,43,29,5,-14,72,0.5183616335,0.2144468572
North Carolina,Pittsburgh,-3,1.38,-8.98,-6.79,-1.19,-2.99,-13.48,-7.81,-7.74,20,-23,-3,-8.29,-6.5,2.69,-9.33,-5.63,-2.51,-3.85,-4.33,-9,-6.45,0.35,-13.25,-6.7,-9.27,,-8.23,-21,-1,2,-3.96,-4.41,1.79,-2,5.65,0.01,-4,-7,-7.97,-4.34,0.6,,0.9,-2,0.01,-3,-4.3,-3.62,-1.4,,,1,,-15,0.8,-3,,-4.83,-4.84,5.8,-3.5,0.01,-5.03,-2.48,,,6.46,35,38,5,3,73,0.4802201658,0.4111205479
Ohio St.,Tulane,37.5,39.15,30.96,33.33,40.93,37.13,22.25,34.79,43.09,49,70.5,27,38.19,40.5,38.6,27.35,39.36,17.3,35.84,22.7,32,41.35,35.93,48.13,34.94,24.29,,22.82,45,28,37,35.97,44.35,40.09,22,36.58,39,34,40,35.12,39.6,38.4,,34.8,36,34.7,37.5,33.9,44.57,45.3,,,33,,33,37.3,35,,35.6,29.26,27.3,37,32,42.99,38.83,,,8.50,6,49,5,43,55,0.4632714971,0.9767335181
Oklahoma,Army,30,26.93,16.57,27.39,30.45,19.45,19.7,22.27,25.73,10,41,20,23.37,28.5,27.09,13.18,27.41,14.67,26.17,29.04,10,33.45,35.5,33.25,30.5,17.1,,16.17,3,34,31,27.39,31.82,26.81,17,33.93,32,33,29,21.08,39.38,30.2,,26.7,30,27.8,30,28.2,27.15,31,,,24,,20,29.5,36,,31.05,27.26,20.3,31,26,31.66,32.31,,,7.70,21,28,5,7,49,0.4140792202,0.9309862329
Oklahoma St.,Texas Tech,15,17.29,12.95,14.98,20.77,13.6,21.62,25.81,18.51,25,24,14,12.15,26.5,17.11,13.35,19.54,10.6,16.39,12.34,8,17.85,13.48,23.06,14.28,11.21,,11.58,28,21,19,16.24,14.32,17.33,18,11.35,16,11.5,13,17.36,9.12,16.3,,13.3,17,14.3,15,17.7,17.78,-1.5,,,14,,19,14.7,16,,21.53,16.17,16.3,14,20,21.15,10.65,,,5.06,41,17,5,-24,58,0.5332452891,0.837382473
Old Dominion,Virginia Tech,-27.5,-38,-22.44,-33.99,-21.89,-26.98,-16.15,-35.72,-43.11,-17,-66,-19,-35.92,-24.5,-37.32,-15.7,-41.33,-10.6,-31.05,-17.99,-28,-44.45,-30,-27.81,-48.9,-20.55,,-20.18,-46,-28,-26,-33.17,-44.72,-32.5,-15,-33.87,-38,-28,-39,-32.64,-25.95,-34.3,,-32.7,-33,-29.7,-28,-33.6,-33.33,-47.4,,,-30,,-40,-34.2,-36,,-36.73,-21.74,-12.8,-27.5,-1,-35.09,-39.69,,,11.30,35,49,5,14,84,0.4277209133,0.0555319332
Oregon,Stanford,-2.5,-6.36,1.41,-6.4,-5.36,-5.01,-8.78,-12.5,-7.05,-1,-6,-9,1.58,-11,-6.29,1.32,-11.18,-5.78,-6.26,-2.88,4,-11.25,-2.62,-12.44,-9.15,-5.67,,-3.56,-14,-11,-11,-6,-4.6,-4.85,-8,-2.24,-5,2,-4,-6.36,-14.38,-5.5,,-2.5,-6,-3,-3,-7.8,4.18,-13.9,,,-8,,-6,-5.6,-10,,-8.66,-2.84,-6.6,-2,-1.5,-11.83,-5.53,,,4.24,38,31,5,-7,69,0.4094933868,0.3515985881
Oregon St.,Arizona,-4.5,-2.7,0.14,-2.77,-8.21,-8.36,2.8,2.19,-2,9,-9,-4,-1.36,-4,-2.8,0.89,-4.2,-3.66,-5.17,-15.28,-8,-3.75,-9.31,-5.88,-6.73,-3.99,,-4.65,-5,-7,-11,-4.98,-8.61,-5.88,-2,-4.95,-6,-7,-9,-3.55,-10,-11.6,,-6.4,-7,-10.8,-4.5,-0.7,-1.49,6,,,-4,,-7,-10.1,-11,,-8.46,-8.74,-10.2,-6,-7,-3.06,-9.54,,,4.48,35,14,5,-21,49,0.4837988938,0.3769689915
Purdue,Boston College,-6.5,-10.38,-12.92,-6.3,-2.91,-9.03,-8.08,-7.95,-15.14,2,-14.5,-11,-12.16,-16,-9.69,-13.29,-8.57,-2.42,-7.7,5.93,-35,-5.15,-7.7,-22.06,-7.89,-2.3,,3.8,-23,1,-10,-8.32,-13.08,-9.13,-2,-7.92,-7,-6.5,-7,-15.4,-1.92,-11.1,,-8.7,-7,-9,-6.5,-12.6,-8.76,6.9,,,-2,,-14,-10.2,-12,,-12.38,-5.04,-5.8,-6.5,1,-11.06,-5.02,,,6.98,13,30,5,17,43,0.4724148442,0.3285071012
Rutgers,Buffalo,-6,-4.43,-11.46,-2.41,-0.57,-11,-14.07,-14.23,-9.26,1,-23,-7,-17.2,-7.5,-3.79,-8.6,-2.34,-9.64,-6.61,-1.17,-27,-9.85,-1,-7.38,-0.53,-2.29,,-0.48,-17,-7,-8,-5.85,-7.2,-1.47,-6,-0.54,-8,-3,-7,-12.22,6.91,-5.7,,-5.2,-4,-5.5,-6,-11.8,-15.18,-8.5,,,-1,,-16,-2.3,-13,,-1.98,-4.23,-3.1,-5,-2,-9.61,-4.13,,,6.26,42,13,5,-29,55,0.4857409279,0.3492347699
SMU,Navy,-6.5,-5.14,-6,-4.64,-8.61,-11.73,-7.66,-7.26,-6.05,5,-27,-3,-3.75,-16,-5.02,-7.12,-5.94,-6.6,-6.2,-6.36,-30,-10.95,-8.5,-11.25,-13.69,-1.24,,3.65,-17,-3,-8,-5.97,-9.08,-5.52,-2,-0.17,-9,-6.5,-7,-9.61,-7.37,-2.3,,-4.1,-3,-5.2,-6.5,-10.2,-4.69,0.7,,,1,,-2,-1.6,-11,,-9.92,-4.24,-0.9,-6.5,-2,-8,-8.76,,,6.25,30,31,5,1,61,0.5070149427,0.3581461906
San Diego St.,Eastern Mich.,13.5,8.64,6.65,14.35,9.44,14.49,3.34,9.89,12.76,1,11,8,0.7,15,8.08,9.63,12.79,12.24,10.48,9.5,-1,13.25,10.21,19.75,3.13,12.63,,13.09,14,10,15,10.29,6.07,10.3,8,11.17,13,10,16,12.71,9.68,11.5,,10,13,10.1,13.5,6.1,8.53,13.8,,,13,,10,10.9,10,,12.18,8.36,6.6,12,17,10.27,13.29,,,3.82,20,23,5,3,43,0.4266312034,0.7395111739
South Florida,East Carolina,21.5,14.65,22.65,17.31,21.63,25.4,20.02,18.23,16.22,-4,30,20,21.76,28,14.46,23.1,20.55,14.94,18.83,15.21,14,17.05,24.33,32.81,19.07,17.2,,13.22,43,22,16,18.2,19.73,16.19,8,15.92,23,21,22,25.26,18.17,17,,16.8,19,18.9,21,12.7,23.73,12,,,17,,20,15.4,25,,16.95,15.57,3.1,21.5,27,24.67,16.67,,,6.62,13,20,5,7,33,0.4383232915,0.8631738729
Southern Miss.,Rice,14,11.82,13.87,13.15,1.23,20.65,10.43,16.08,10.24,-4,37,12,20.26,16,12.04,10.68,12.58,17.15,13.89,11.53,16,16.75,20.44,-8.56,14.82,8.05,,7.4,15,17,5,13.89,16.06,11.46,9,15.51,23,14,19,11.84,19.39,16.7,,15.3,15,15.1,14,13.4,11.36,6.5,,,13,,13,14.9,21,,16.9,10.76,8.3,14,14,13.9,17.52,,,5.84,22,40,5,18,62,0.4974057674,0.7942136493
Syracuse,Connecticut,30.5,28.5,26.08,19.58,21.92,24.49,20.71,31.82,26.93,17,26,29,45.74,25.5,28.77,16.26,28.69,11.61,25.31,5.4,37,33.35,30.83,23.56,18.38,14.93,,15.24,28,15,22,26.51,39.08,21.15,12,31.24,30,27.5,32,28.63,37.07,34.3,,36.2,28,32.3,30,27.1,36.56,24.6,,,31,,19,33.9,32,,14.5,20.27,22,27.5,8,23.55,30.52,,,8.46,21,51,5,30,72,0.3864601906,0.920316253
Temple,Tulsa,6.5,8.39,6.95,7.63,10.15,9.15,5.87,12.48,12.85,6,20,5,7.92,9.5,7.76,6.46,3.43,14.71,8.65,9.5,8,13.35,3.51,12.06,0.8,12.38,,9.87,18,11,12,8.15,6.09,9.21,10,4.28,8,6.5,8,10.55,5.94,8.3,,6.7,7,9.6,6.5,15.8,8.48,0.2,,,5,,5,8.4,12,,7.25,6.66,4.5,6.5,10,13.53,7,,,3.78,17,31,5,14,48,0.5524085375,0.7019646373
Tennessee,Florida,-3.5,-5.76,-0.81,-5.46,-8.05,-3.96,-17.57,-10.82,-3.68,-4,-9,-4,-4.75,-0.5,-6.1,1.16,-7.55,-0.3,-6.48,5.39,-7,-11.55,-10.77,-12.75,-10.38,-0.01,,0.01,-5,-10,-11,-6.55,-5.71,-5.34,-1,-7.59,-6,-5.5,-9,-6.01,-7.5,-12,,-7.8,-7,-8.8,-4,-15.6,-2.59,-13.2,,,-7,,-10,-10.9,-9,,-4.78,-5.44,-7.3,-4.5,-2.5,-7.35,-7.73,,,4.37,47,21,5,-26,68,0.4281917397,0.3469604041
Texas,TCU,-2.5,-1.16,-1.45,-2.53,-9.37,-5.17,2.99,-4.24,1.95,-9,2.5,2,-8.52,-4.5,-1.6,2.08,-6.76,-2.47,-2.09,-11.5,-7,-0.85,0.5,-5.06,-11.26,1.46,,2.76,-4,4,3,-1.3,-7.69,1.1,-2,3.7,-3,-2.5,2,-1.59,-1.07,0.4,,-2.5,-1,-0.4,-2.5,0.7,-4.43,-12.8,,,-1,,-10,0.2,6,,-2.25,0.77,-5.4,-3,1.5,-6.3,0.11,,,4.41,16,31,5,15,47,0.5099273994,0.4495246804
Texas-San Antonio,Texas St.,6.5,12.49,5.72,14.04,-0.01,10.05,5.03,6.45,12.35,-6,21,4,6.47,8.5,12.51,5.34,15.96,14.5,11.03,16.89,-8,17.55,11.37,-1.69,12.41,9.73,,9.45,16,17,4,11.8,11.51,12.76,13,9.7,16,11,16,5.87,6.01,12.5,,7,10,12.4,7,11.6,8.13,25.3,,,12,,13,11.1,15,,13.04,9.06,5.2,7,9,14.05,17.62,,,5.74,21,25,5,4,46,0.6057840814,0.7432487219
Toledo,Nevada,10.5,11.4,11.36,10.04,10.29,12.72,-6.75,8.68,9.25,5,16.5,6,15.88,16.5,11.71,9.1,14.13,5.13,10.39,13.7,-1,8.35,12.35,18.06,10.29,12.05,,11.79,9,21,12,10.29,12.25,12.48,8,9.56,15,10,10,10.55,13.8,9.1,,12.2,10,10.8,10.5,4.3,4.51,4.1,,,6,,10,9,11,,8.57,8.96,4.7,10.5,20.5,13.72,13.83,,,4.57,44,63,5,19,107,0.4973433595,0.7353245961
USC,Washington St.,4.5,-0.16,-0.83,4.63,15.06,-0.76,-13.25,-4.53,-2.54,-11,5.5,4,-0.6,-2,0.2,-0.95,4.22,0.21,1.41,12.56,-23,-4.95,3.34,-3.25,5.05,5.07,,7.08,-5,1,13,2.35,-5.18,5.91,-2,3.41,8,3.5,4,-3.12,15.26,3.1,,4.5,4,1.8,4.5,-2,-17.07,-12.3,,,2,,-8,2.8,10,,6.96,5.46,2.7,4,6,0.01,-1.72,,,7.31,36,39,5,3,75,0.4298252962,0.5321535211
UTEP,New Mexico St.,-5,-3.77,-4.19,-15.2,6.69,-4.33,-9.83,-6.56,-4.45,-7,-17,-7,-2.72,-6,-3.68,-4.92,-4.27,-12.86,-5.96,-18.42,2,-1.55,-6.91,5.13,-14.73,-5.8,,-0.64,-10,-7,1,-4.47,-1.29,-6.75,-2,-1.47,-4,-2.5,-4,2.07,-11.01,-4.5,,-0.8,-4,-3.1,-5,-13.2,-1.13,-3,,,-3,,-9,-3.9,-8,,-12.17,-5.74,-9.2,-3.5,-3,-7.56,-3.83,,,5.01,27,20,5,-7,47,0.4770075568,0.360169283
Utah St.,Air Force,10,9.28,9.6,3.75,13.37,0.55,3.68,10.01,9.19,21,3,13,17.58,4.5,9.31,5.61,9.92,9.7,9,7.49,9,5.85,9.47,11.81,-2.18,6.63,,6.74,3,14,12,9.24,14.01,8.66,8,13.83,12,8.5,13,9.04,15.44,15.3,,14.3,11,14.6,10,8,18.1,-0.3,,,10,,1,13.2,13,,7.21,5.86,8,10.5,8,-1.57,8.41,,,4.95,32,42,5,10,74,0.4760217943,0.7058379236
Vanderbilt,South Carolina,-1,-0.45,4.38,-2.03,3.1,3.73,-4.66,2.67,-0.6,12,-11,3,6.47,2.5,-0.43,3.33,-3.18,-0.84,-1.45,-6.99,11,2.55,-2.87,-0.63,-7.7,-2.02,,-0.69,-7,-10,-10,-0.92,0.13,-5.23,-2,-3.01,3,-1,-2,0.4,-5.52,-6.3,,0.01,0.01,-5.2,-1,2.2,-0.65,1.5,,,2,,-1,-7.1,-8,,-2.93,-4.93,-4.1,-2.5,-1,1.93,1,,,4.67,37,14,5,-23,51,0.4891520241,0.4650857913
Virginia,Louisville,4.5,0.15,3.5,-4.54,-7.08,-3.54,11.17,0.69,-2.73,4,-13.5,2,6.18,-8,0.52,2.15,-5.99,-7.14,-0.35,-14.91,14,4.05,-1.12,-7.56,-8.72,-1.03,,0.36,9,-7,-2,-0.04,1.57,-4.58,-3,4.68,-5,3.5,1,-0.01,-1.77,4.4,,3.2,-2,5.2,4,5.3,3.92,28.3,,,-1,,-1,4.8,1,,-8.58,-1.13,0.01,5,-6.5,0.62,0.53,,,6.70,3,27,5,24,30,0.3891762907,0.491897234
Wake Forest,Notre Dame,-7,-4.61,-7.61,-3.09,-5.87,-5.76,0.13,1.62,-10.15,-11,-20,-10,-3.48,-11.5,-3.94,-9.68,-1.49,4.22,-4.82,-0.28,-4,-0.45,-4.68,-8.88,-2.89,-8.67,,-6.38,-22,-1,-18,-5.15,-7.44,-6.55,-1,-7.57,1,-7,-7,-7.36,-8.01,-8.5,,-5.7,-6,-6.4,-7,5.2,1.88,6.7,,,-4,,-2,-7.7,3,,2.14,-3.24,-3.7,-7,5,-7.99,-5.62,,,5.70,56,27,5,-29,83,0.5514235299,0.3875186418
Washington,Arizona St.,18,18.93,10.92,19.67,24.25,20.28,,14.89,20.61,22,19.5,9,15.93,12.5,18.69,8.42,20.76,11.56,16.56,18.19,3,17.55,20.11,20,9.32,9.01,,12.96,16,11,19,17.36,15.51,20.8,10,17.36,19,17.5,16,14.13,17.12,25.4,,14.4,15,21.5,18,20.4,18.58,-4.4,,,20,,16,22.5,25,,13.55,19.26,16.2,17,18,15.08,17.3,,,5.45,20,27,5,7,47,0.4658161063,0.8380809929
West Va.,Kansas St.,15.5,11.47,11.15,4.48,11.72,11.75,17.21,7.3,9.08,14,-10,11,20.39,8,11.8,6.53,6.79,0.64,9.68,-1.45,14,9.65,9.52,14.13,-0.89,6.81,,6.4,17,7,4,9.09,11.54,5.25,7,17.15,6,13.5,13,13.61,2.03,9.8,,16.1,10,10,14.5,9.1,24.98,42.6,,,9,,19,9.5,8,,3.86,5.57,7.4,16,9,4.64,13.36,,,7.30,6,35,5,29,41,0.3695227871,0.7102280745
Air Force,Nevada,3.5,11.51,4.17,10.16,6.85,7.82,8.53,10.83,7.95,21,12,2,9.26,8,12.05,1.62,12.38,2.52,9.06,14.33,-1,14.75,9.16,11.75,8.31,5.89,,6.54,6,10,7,8.35,9.16,9.12,7,7,8,7.5,8,7.88,5.81,6.7,,11.2,8,7,4.5,14.1,4.45,15.3,,,11,,16,6.5,14,,8.39,5.81,14.6,5,4.5,9.86,11.06,,,3.95,28,25,6,-3,53,0.6330287861,0.710156821
Alabama,Louisiana-Lafayette,49,54.73,39.36,47.95,42,48.9,56.03,59.55,53.52,47,76,41,58.63,50.5,54.92,29.74,59.51,18.67,51.67,44.35,37,68.15,50.23,44.5,57.4,29.67,,29.97,48,66,59,52.76,54.75,53.9,32,54.73,61,51.5,57,41.59,48.28,64.1,,57.2,51,59.2,49,51.4,66.11,72,,,52,,50,63.2,63,,51.82,38.81,51.9,48.5,33,59.63,60.29,,,12.10,14,56,6,42,70,0.5532036925,0.995180606
Appalachian St.,South Alabama,25,25.93,23.66,21.68,19.91,22,22.68,23.93,23.12,23,51,18,42.89,24,26.38,14.05,23.41,16.52,24.71,19.46,25,31.95,26.57,27,25.89,15.8,,14.88,29,25,19,23.96,30.06,23.14,17,25.98,29,23,28,27.91,18.5,16.8,,31.6,24,15.9,25,28.7,33.18,12.4,,,25,,33,16.5,33,,34.76,23.8,27.2,25,22,25.83,30.31,,,7.13,7,52,6,45,59,0.4933523296,0.9221799373
Arizona,USC,-3,-3.5,-2.38,-4.27,-10.78,5.83,-9.84,-5.26,-4.09,1,-23.5,-4,2.14,-9,-3.41,-4.64,-4.34,-5.7,-5.02,-5.86,2,-4.25,-4.24,-16.31,-13.64,-4.65,,-6.48,-9,-10,-4,-4.27,-7.38,-4.51,-1,-4.27,-6,-2,-1,-7.94,-13.22,-2.5,,-1.5,-3,-3.4,-3,-1.3,1.67,-5.2,,,-2,,-11,-3.6,-3,,-6.44,-1.99,-3.1,-3.5,-5,-7.27,-5.16,,,4.47,24,20,6,-4,44,0.4512536132,0.3804048903
Arizona St.,Oregon St.,22,18.53,20.32,20.82,33.33,28.33,21.58,25.28,18.78,24,38.5,22,24.56,23.5,18.53,18.2,27.17,16.09,22.96,25.5,15,26.15,18.53,27.94,19.81,18.47,,16.15,25,24,28,23.89,23.78,15.91,14,21.6,24,20,21,26.6,25.13,26.3,,24.3,23,25.8,22,23.2,26.07,27.6,,,22,,26,24.8,24,,24.84,18.31,22,22,11.5,25.71,24.45,,,4.73,24,52,6,28,76,0.5231096441,0.9171575901
Auburn,Southern Miss.,26.5,31.86,17.84,37.26,42,22.13,15.63,35.27,34.11,24,40,19,25.07,23,31.55,14.23,34.87,17.6,29.56,18.98,6,32.85,28.26,46.13,28.21,23.75,,23.52,19,39,,31.23,30.2,34.43,16,31.23,27,29.5,33,29.42,38.95,43.5,,31.6,32,37.3,27,32.4,22.99,37.1,,,26,,44,41.8,35,,33.04,29.31,30.3,26,12,33.82,29.13,,,8.55,13,24,6,11,37,0.5673849084,0.9494474297
Ball St.,Kent,7,4.01,2.9,3.02,-2.2,9.74,-7.77,3.21,1.46,3,-3,5,4.8,4.5,4.36,1.95,-0.14,3.3,2.67,-1.99,4,6.75,6.19,1.25,1.75,2.69,,2.36,1,-4,4,3.01,2.9,4.07,3,7.01,2,7.5,9,2.55,8.98,3.3,,5.2,5,4.9,6,-2.1,6.18,3.2,,,3,,-1,3.5,-2,,0.77,4.51,5.3,7.5,1,-3.81,2.62,,,3.32,24,52,6,28,76,0.3947384756,0.5653837628
Boston College,Temple,13,7.5,10.58,6.6,6.56,14.34,0.01,10.84,1.77,2,10,12,12.7,8,8.32,9.53,2.23,3.56,9.62,1.49,7,11.75,14.27,17.38,16.54,5.8,,8.14,2,7,6,9.22,15.26,9.18,-1,15.75,16,14.5,12,10.27,27.41,20,,13.1,10,17.8,12.5,10.7,9.26,8.7,,,9,,8,20.7,17,,12.23,6.41,6,13.5,-1,14.25,6.78,,,5.65,35,45,6,10,80,0.4205102265,0.7159681011
Buffalo,Army,7,-1.73,6.3,-1.59,2.64,11.98,5.2,-3.6,2.56,5,1,6,2.86,3.5,-2.28,8.03,0.39,4.08,1.65,2.52,11,-4.75,4.01,2.38,-7.48,2.46,,-1.04,1,7,10,2.4,-0.96,-3.08,-2,3.37,-2,6,2,6.37,2.35,4.3,,1.8,5,4.8,6,-2.1,-0.62,-11.4,,,-2,,-2,2.8,1,,-6.16,4.61,4.4,7.5,8.5,6.35,-1.98,,,4.56,42,13,6,-29,55,0.3729906551,0.5397911605
California,Oregon,-2.5,1.72,6.3,4.6,-8.01,13.8,-5.61,-1.4,5.14,13,-9,7,-1.07,1,1.3,9.98,5.46,1.6,2.32,5.4,-1,-1.55,1.26,0.25,-1.69,2.29,,2.02,15,3,2,1.76,-0.32,1.22,2,1.35,3,-3.5,-5,6.32,4.53,0.6,,0.01,2,-1.5,-1.5,1.8,-0.87,13.4,,,4,,-1,1.6,6,,-2.04,0.4,4.6,-2.5,1,2.03,-2.58,,,4.78,42,24,6,-18,66,0.6143761658,0.555647417
Central Florida,Pittsburgh,12.5,11.79,21.55,16.93,16.71,15.51,13.81,19.47,12.48,16,45.5,19,24.88,17.5,11.7,19.89,13.5,16.02,15.57,11.15,16,14.35,13.54,27.69,12.65,10.43,,7.2,14,17,21,14.75,12.24,9.2,13,11.32,16,14.5,13,21.57,3,15.1,,18.9,17,14.5,12.5,19.9,11.91,-4,,,12,,26,14.1,15,,20.91,17.31,11.3,13.5,14.5,23.71,11.78,,,6.58,14,45,6,31,59,0.570892016,0.817540036
Clemson,Syracuse,25,20.56,10.41,21.23,30.89,9.77,17.76,11.52,19.23,23,34,16,13.43,27.5,20.74,8.89,21.7,15.75,20.68,19.5,3,17.75,19.5,19.13,20.06,15,,14.61,11,21,34,20.9,19.2,24.35,14,21.2,24,19.5,20,14.44,22.71,25.9,,17.9,21,22.8,24.5,23.6,31.56,29.2,,,24,,16,24.2,25,,30.09,20.8,25.9,26,22.5,21.93,17.31,,,6.33,23,27,6,4,50,0.4002095709,0.8868961249
Colorado,UCLA,9,13.37,14.75,10.37,9.1,33.26,11.33,14.88,18.5,17,9.5,13,11.52,13,12.62,16.37,11.38,5.66,11.75,20.25,30,15.05,11.48,21.88,8.37,10.33,,9.09,13,17,2,11.43,10.66,9.19,7,6.73,13,11,13,18.92,2.15,12.2,,9.4,11,9.7,9,14.3,11.64,12.8,,,10,,15,8,14,,8.68,5.71,0.7,9.5,10,13.18,11.36,,,5.49,16,38,6,22,54,0.5650217849,0.7578816128
Connecticut,Cincinnati,-18,-17.58,-16.55,-5.69,-19.4,-38.1,-18.1,-15.97,-17.04,-14,-12,-18,-26.26,-18,-17.7,-11.69,-13.91,-8.04,-14.33,-10.55,-31,-15.55,-18.27,-4.69,-15.52,-7.41,,-5.44,-9,-8,-20,-14.44,-23.41,-12.5,-7,-17.85,-13,-17.5,-15,-16.93,-14.28,-14.7,,-20.6,-16,-14.6,-17.5,-13.5,-22.66,-5.4,,,-14,,-14,-13.1,-15,,-8.15,-10.19,-11.1,-17.5,-3,-6.17,-19.39,,,6.55,49,7,6,-42,56,0.5846072899,0.2020284234
Duke,Virginia Tech,4,8.07,16.89,6.84,11.32,13.44,24.53,10.49,15.71,16,40,14,16.37,7,7.02,17.14,2.17,13.95,10.86,21.51,15,13.85,0.34,11.75,2.94,5.06,,2.45,26,-3,8,8.04,5.52,5.23,4,6.25,3,4,6,16.43,7.9,6.3,,9.1,8,4.7,5,19.1,14.37,29.8,,,5,,19,6.6,7,,19.57,5.71,16,4.5,-6.5,11.68,10.04,,,8.21,31,14,6,-17,45,0.6494481541,0.7282866027
East Carolina,Old Dominion,7,13.43,2.09,12.01,-0.48,16.67,17.85,10.55,12.36,9,29.5,3,1.24,5,13.58,2.52,19.37,7.54,9.67,14.5,9,11.95,6.79,-3.56,15.23,6.12,,7.47,16,17,4,9.06,8.6,10.66,8,7.8,11,6.5,12,9.88,-4.98,5.3,,7.3,8,1.1,7,5.2,9.94,32.3,,,7,,11,5.3,7,,16.86,5.8,11.5,7,-4.5,9.11,15.16,,,6.71,35,37,6,2,72,0.5615546094,0.7126175668
Eastern Mich.,Northern Ill.,3.5,1.61,12.92,5.2,4.12,16.54,19.17,14.06,1.55,19,2,9,21.55,3.5,1.61,8.6,4.34,7.86,6.34,13.79,15,7.65,0.9,9.44,1.79,0.22,,-1.21,20,3,3,5.04,7.76,-3.17,5,5.08,4,3,4,11.83,0.6,2.1,,6.5,5,1.6,3.5,8.2,10.44,5.6,,,3,,8,0.9,6,,5.43,2.11,8.4,3.5,1.5,8.13,4.82,,,5.76,26,23,6,-3,49,0.5667758525,0.6463279031
Fresno St.,Toledo,10,10.68,5.19,10.01,4.28,22.97,11.99,9.47,8.63,21,13,8,9.22,-2.5,11.02,3.18,15.15,10.43,10.95,12.85,2,16.75,9.1,10.31,9.42,5.52,,6.47,6,11,7,10.01,10.53,6.89,6,16.11,7,10,8,9.31,10.01,15.8,,11,11,12.7,10,16,17.55,31.6,,,18,,15,16,14,,18.5,8.31,10,8.5,-2,8.29,7.88,,,5.83,27,49,6,22,76,0.5224013734,0.741366898
Georgia,Tennessee,31,27.63,29.91,36.25,35.69,26.29,42.7,33.66,31.84,41,61,26,37.59,29.5,27.03,26.07,34.44,18.21,34.21,38.03,23,41.75,30.52,42.88,37.53,16.39,,17.06,30,39,50,34.42,30.71,25.26,18,30.8,36,33,33,32.78,30.93,41.7,,34.4,35,35,31,49.1,42.22,37.4,,,31,,43,39.3,45,,41.72,29.31,35.5,31.5,22.5,47.88,30.04,,,9.17,12,38,6,26,50,0.5695016212,0.9689901737
Georgia Southern,Arkansas St.,-3,-2.73,0.32,-7.16,-1.88,3.45,-6.17,-2.18,-5.61,1,-3,1,3.87,-7,-2.36,-1.45,-2.19,0.71,-2.37,-6.64,4,-2.75,2.71,-8.44,-6.05,-6.62,,-2.96,-2,1,4,-2.18,-2.49,-3.99,-3,2.28,-4,-3.5,-5,-3.44,2.86,-2,,1.6,-1,-0.4,-3,1.7,-12.21,-15.1,,,-1,,-6,-0.4,3,,5.66,-5.09,2.8,-3,-12,-6.16,-2.09,,,4.32,21,28,6,7,49,0.5152737571,0.4427257151
Georgia St.,Louisiana-Monroe,-6.5,0.17,-4.17,0.82,-13.88,-5.32,-7.6,-6.51,-1.15,-9,-5,-6,-8.47,-3,0.36,-2.02,-9.61,1.3,-3.39,-7.9,-9,-2.55,-3.51,9.94,-1.56,2.54,,0.66,-1,3,-2,-2.77,-1.12,1.01,-2,-4.19,2,-6.5,-4,-2.22,-2.29,-7.9,,-6.9,-6,-5.2,-6,-6.5,-11.48,4.6,,,-5,,-1,-8.1,-5,,-1.57,-1.09,-8.3,-7.5,-1,-3.21,0.57,,,4.02,14,46,6,32,60,0.5753103238,0.4180016378
Georgia Tech,Bowling Green,28.5,26.24,14.38,25.64,21.69,14.53,15.84,23.89,23.12,21,31.5,17,27.67,21,26.72,7.72,28.64,11.6,23.81,18.46,15,27.45,29.84,9.44,24.41,17.42,,18.51,16,28,11,25.64,28.31,25.75,14,27.05,26,25.5,26,18.96,30.62,27.8,,25.8,26,27.3,28,21.3,34.87,46.3,,,32,,20,28.6,31,,19.23,25.81,25.3,28.5,19.5,30.6,25.22,,,6.79,17,63,6,46,80,0.3929611403,0.9160366013
Kansas,Oklahoma St.,-17,-16.32,-14.48,-19.12,-12.69,-3.73,-17.94,-18.88,-12.43,-5,-27.5,-10,-20.87,-25,-17,-11.29,-22.64,-9.19,-16.96,-10.16,-13,-18.95,-16.61,-35.5,-27.16,-11.47,,-11.39,-19,-28,-20,-17.47,-25.19,-19.55,-12,-14.26,-24,-17,-20,-20.02,-14.68,-12.7,,-13.7,-15,-9.6,-17,-8.9,-19.19,-21,,,-17,,-30,-10.3,-19,,-18.77,-15.19,-6.7,-17,-20,-28.4,-20.87,,,6.09,48,28,6,-20,76,0.5009385192,0.1592684911
Kansas St.,Texas,-8,-10.85,-9.45,-8.71,-5.97,-20.69,-23.78,-11.98,-12.51,-14,-13,-11,-17.55,-6,-10.65,-5.4,-10.4,-2.64,-9.75,-9.94,-11,-15.55,-7.3,-19.13,-4.47,-0.46,,-2.2,-12,-4,-10,-9.13,-7.94,-6.44,-5,-12.58,-5,-7,-11,-13.31,-4.72,-6.9,,-11.8,-11,-6.4,-8,-15.8,-16.8,-21.8,,,-6,,-16,-6.4,-8,,-6.95,-8.69,-8.8,-8.5,1.5,-8.15,-13.81,,,5.27,19,14,6,-5,33,0.4583351055,0.2799692229
Kentucky,South Carolina,-1.5,1.51,3.25,-1.56,9.47,6.58,-7.77,3.01,8.9,4,3,5,-4.32,8,0.7,7.03,-0.79,1.17,1.58,10.91,11,4.15,-0.14,5.13,-2.66,4.05,,4.03,-6,-1,2,1.63,0.37,0.45,2,-1.25,4,-1,4,4.46,1.29,2.1,,1.1,0.01,2,-1,3.8,-5.13,-5.7,,,1,,2,2.2,5,,-3.52,-2.99,1.2,1,0.5,0.4,1.74,,,4.02,10,24,6,14,34,0.5745961068,0.5384329515
LSU,Mississippi,10.5,12.37,13.79,11.93,21.13,17.9,-4.29,16.52,12.85,11,20,17,13.35,20.5,12.35,14.01,14.92,8.81,13.07,5.81,7,14.55,12.63,19.19,8.01,13.56,,12.44,12,17,28,13.16,14.44,11.46,11,10.33,19,13.5,15,13.31,14.43,13.9,,14.6,12,13.8,11,12,6.75,7.9,,,14,,12,13.3,16,,13.02,9.41,7.7,10.5,10,15.87,8.26,,,4.58,16,45,6,29,61,0.5618083757,0.7855555861
Louisville,Florida St.,-6.5,0.27,5.78,3.49,4.2,-4.79,11.79,0.01,0.14,18,19,3,6.82,3,0.3,5.25,6.45,3.97,2.08,6.77,-2,-5.35,-2.02,1.13,1.91,-0.34,,-1.22,10,7,-6,1.45,2.08,-1.09,3,-1.78,1,-5.5,-4,4.34,3.3,-5.2,,-0.1,2,-4.1,-5,1,6.01,-0.7,,,-1,,-2,-4.9,-5,,4.6,-0.49,9.5,-6.5,3,-3.14,0.68,,,5.24,28,24,6,-4,52,0.6961091676,0.5495095952
Miami (Fla.),North Carolina,17.5,17.62,26.96,18.91,18.76,36.15,21.01,26.8,20.47,11,28.5,22,43.38,24,17.19,18.76,20.38,12.9,20.43,12.83,20,23.35,14.63,36.38,17.88,18.6,,19,25,18,25,19.1,22.93,15.75,13,19.43,22,18,18,26.29,27.16,19.1,,25.5,21,18.2,17.5,19.1,21.29,21.1,,,16,,24,18.6,20,,15.4,18.81,12,17.5,13.5,15.62,20.38,,,5.60,10,47,6,37,57,0.5690964742,0.887581718
Miami (Ohio),Western Mich.,-2.5,-6.48,-6.08,-4.41,-0.62,-7.41,-0.64,-0.32,-5.12,4,-3,-5,-15.67,-12,-6.67,-1.27,-7.32,3.02,-3.95,0.25,-7,-4.55,-1.75,-1.75,-4.69,-2.37,,-0.83,-10,-7,1,-4.41,-9.27,-5.65,-1,-4.52,-6,3,-2,-4.44,1.14,0.3,,-6.2,-4,-1.4,-2.5,-0.4,-9.08,-6.4,,,-7,,-8,-1.3,-8,,1.69,-0.69,-0.01,-1.5,-2.5,-2.21,-9.07,,,3.89,40,39,6,-1,79,0.4646530064,0.4045140185
Michigan St.,Central Mich.,28.5,30.4,27.51,27.85,32.94,26.84,24.97,31.05,31.91,26,40,24,38.41,21,30.2,22.07,24.9,14.76,28.16,27.01,18,28.05,27.28,36.5,21.43,19.49,,21.13,32,21,39,27.93,29.38,32.49,15,33.03,28,28,29,33.96,41.41,39.4,,31.6,32,35.2,28.5,31.9,34.34,24.8,,,27,,22,40.2,31,,23.72,26.81,25.2,28.5,3.5,26.35,28.09,,,7.09,20,31,6,11,51,0.4921979111,0.947370733
Middle Tenn.,Florida Atlantic,-3,-1.84,-2.83,-6.1,-1.97,-0.28,13,-7.49,-4.09,3,-22.5,1,-0.96,-3.5,-1.54,-3.76,-5.87,-5.86,-3.92,1.39,-6,-3.25,0.19,-10.19,-12.62,-8.14,,-7.67,-2,-14,-1,-3.78,-2.05,-2.69,-6,3.18,-9,-3,-4,-5.65,-2.2,-6,,-2.2,-5,-5.6,-3,-5.2,3.53,-3.8,,,1,,-17,-6.5,-6,,-10.81,-4.69,1.6,-3,2,-5.7,-0.39,,,5.39,24,25,6,1,49,0.4781169303,0.4075555219
Mississippi St.,Florida,7,6.31,8.06,7.26,6.89,10.3,0.81,6.91,5.71,7,26.5,5,9,7,6.41,7.6,9.59,8.74,8.23,10.34,4,3.35,7.15,9.75,10.02,4.97,,2.81,6,14,13,7.7,8.09,8.19,4,4.72,8,7,2,8.17,14.89,11.1,,7.8,9,10.4,7,6.1,12.93,13.5,,,9,,14,11.2,10,,7.04,5.61,6.4,7.5,1,13.88,3.01,,,4.23,13,6,6,-7,19,0.5298396809,0.6917927874
NC St.,Virginia,5.5,9.98,4.81,14.98,10.14,6.79,5.13,0.12,9.32,6,11,5,-3.53,11.5,10.07,8.98,11.9,12.22,9.61,5.09,1,11.75,7.43,14.06,15.29,7.29,,7.29,6,10,18,10,11.33,12.6,8,8.66,12,8,10,11.89,7.59,13.4,,6.7,9,12,6.5,12.9,10.64,1.9,,,10,,9,12.8,16,,18.19,9.1,3.6,6,11,14.35,9.75,,,4.26,21,35,6,14,56,0.5987310471,0.7206250615
Nebraska,Purdue,-3,-1.87,-4.32,-6.27,-3,-14.51,-15.87,-15.88,-5.41,-8,-22,-3,-9.95,2,-1.37,-1.49,-7.83,-13.29,-7.65,-4.19,-13,-17.45,-3.1,-11.94,-12.89,4.85,,0.84,-4,-1,-5,-7.77,-7.56,2.42,-3,-4.67,-8,-3,-9,-7.7,-12.11,-11.5,,-4.6,-6,-9.3,-3.5,-17.5,-15.82,-13.1,,,-9,,-11,-9.5,-16,,-17.43,-0.79,-8.4,-3.5,3.5,-11.89,-9.49,,,6.30,42,28,6,-14,70,0.3927184171,0.3271198628
New Mexico,Liberty,7,12.31,3.05,16.51,1.5,9.09,6.86,-7.57,10.96,7,3.5,9,-0.37,18.5,12.5,4.75,14.07,6.26,7.91,10,10,12.45,5.73,-3.13,1.28,7.82,,7.13,2,-4,6,8.3,7.81,13.57,2,9.96,20,8.5,14,8.79,9.14,11.9,,6.2,11,15,7,0.2,-2.63,6.8,,,11,,1,11.6,6,,13.31,10.31,6.1,6.5,3.5,11.99,10.01,,,5.57,52,43,6,-9,95,0.5215674208,0.6808754967
North Texas,Louisiana Tech,7,11.58,14.14,4.26,14.18,16.48,19.7,10.06,11.86,7,-6.5,14,20.07,8,11.54,11.17,9.24,7.14,9.79,18.37,14,11.55,6,12.69,2.75,7.07,,7.13,11,7,-3,10.03,13.27,7.4,7,10.98,8,7,8,13.13,9.79,13.4,,16,9,13.8,7,13.2,16.47,11.3,,,9,,13,13.6,10,,7.49,5.01,5.5,7,0.01,6.05,12.82,,,5.06,29,27,6,-2,56,0.5664891999,0.7215829475
Northwestern,Michigan,-14.5,-14.28,-10.39,-7.72,-9.87,-16.77,-11.14,-11.39,-13.44,-3,-2,-8,-20.12,-11.5,-14.48,-5.52,-13.23,2.97,-10.17,-15.09,-19,-16.75,-13,-19.75,-6.65,-8.42,,-7.29,-13,-4,-13,-11,-14.05,-9.44,-6,-14.23,-9,-11,-14,-12.38,-3.51,-13.1,,-15.9,-11,-13.2,-14,-7.7,-9.59,-17,,,-13,,-11,-12.4,-4,,-3.12,-10.2,-1.8,-14.5,-4.5,-6.04,-18.07,,,4.86,20,17,6,-3,37,0.6028802234,0.2700801412
Notre Dame,Stanford,5,-0.01,8.31,6.13,-3.93,1.08,7.19,-2.13,1.16,6,13,4,12.46,-0.5,-0.12,6.22,1.59,-1.33,3.31,7,-1,4.15,1.32,1.69,-6.17,2.45,,3.29,3,1,4,3,5.27,0.46,2,6.11,3,3.5,4,3.18,6.03,2.2,,5.2,2,3.5,5,6.8,12.37,4.5,,,3,,-1,4.4,3,,-4.92,1.8,1.9,5.5,3,5.87,2.96,,,3.77,17,38,6,21,55,0.4587512867,0.5803816462
Ohio,Massachusetts,14,12.82,5.82,8.88,21.83,3.32,9.92,9.52,12.17,17,30,9,7.45,16,12.9,5,18.89,7.17,11.91,15.34,1,14.65,10.21,1.38,5.1,11.51,,11.99,8,18,18,11.77,8.83,14.4,14,7.62,14,14,16,10.65,7.68,12.3,,11.3,13,12.1,14,10.8,15.93,16,,,9,,5,13.2,13,,12.16,9.91,9.6,13.5,15.5,6.33,11.54,,,4.83,42,58,6,16,100,0.4498818178,0.7635568722
Oklahoma,Baylor,23,21.99,21.15,24.2,18.06,16.09,18.63,20.96,22.14,8,49,23,25.93,30.5,21.99,18.76,24.26,16.18,22.68,24.64,7,24.05,21.25,32.06,30.95,23.49,,22.6,15,28,22,22.07,28.01,23.2,14,19.22,30,21,23,20.75,28.48,19.8,,21.6,21,19.4,23,16.6,18.99,25.9,,,18,,22,18.7,28,,29.6,24.81,13.8,23.5,23,29.44,25.27,,,6.21,33,66,6,33,99,0.492510827,0.9083370778
Penn St.,Ohio St.,-4,-2.7,5.09,0.8,8.34,3.02,10.89,-1.06,-4.68,15,-1,3,9.5,-2.5,-2.41,2.88,2.03,-0.58,1.49,-1.38,2,3.15,-4.13,1.56,-2.99,2.75,,2.38,13,4,-8,1.1,1.36,-6.04,2,1.21,4,-4,-3,3.94,-1.4,-2.9,,4.1,1,-3.2,-3,-0.01,1.2,8,,,5,,-2,-2.6,7,,-0.21,-2.79,6.4,-3.5,-1,-1.58,3.97,,,4.58,27,26,6,-1,53,0.6301640391,0.535929408
Rutgers,Indiana,-16.5,-17.99,-16.87,-14.7,-23.32,-25.28,-19.43,-13.83,-17.88,-12,-32.5,-13,-28.4,-15.5,-18,-11.11,-19.58,-8.74,-16.19,-15.34,-20,-26.45,-11.85,-9,-16.6,-4.11,,-2.82,-23,-18,-8,-15.27,-20.44,-14.35,-12,-13.15,-19,-15,-15,-19.95,-6.52,-11,,-15.2,-12,-9.3,-16.5,-17.7,-28.28,-36.1,,,-11,,-22,-9.2,-19,,-19.62,-9.69,-8.8,-16,-9,-10.45,-23.98,,,7.16,24,17,6,-7,41,0.5071006496,0.1762891215
San Jose St.,Hawaii,-10,-5.75,-17.31,-6.45,-13.44,-12.82,-1.94,-12.01,-14.12,-11,-65,-15,-16.81,-18.5,-4.63,-17.56,-7.38,-8.16,-9.27,-22.71,-17,-8.75,-4.66,5.38,-19.54,-10.37,,-6.67,-17,-14,-1,-8.36,-10.94,-4.78,-4,1.62,-7,-8.5,-10,-12.94,2.8,1,,-3.6,-3,0.01,-10,-9.7,-13.62,8.2,,,1,,-16,1.6,-2,,-14.1,-8.69,-0.4,-10.5,-4.5,-8.56,-5.26,,,10.10,44,41,6,-3,85,0.5154760848,0.3110985317
TCU,Iowa St.,10.5,11.93,6.99,6.36,13.08,20.07,2.98,2.69,9.5,11,2,5,11.77,12.5,12.33,4.6,11.64,10.79,7.56,5.8,7,2.75,8.85,10.56,3.72,4.38,,5.6,2,7,12,7,7.67,12.84,5,7.83,9,10.5,6,7.67,6.66,5.6,,10.8,10,7,10,-1.8,7.32,26.3,,,6,,-3,6.3,-1,,9.66,6.61,5.7,10.5,8.5,7.09,5.75,,,4.77,14,17,6,3,31,0.4296132623,0.6758286059
Texas A&M,Arkansas,20.5,22.97,18.57,17.06,17.4,19.98,31.78,24.23,23.44,15,35.63,18,33.57,22,22.94,16.56,20.57,11.09,21.81,22.44,24,29.9,18.67,37.13,20.57,12.85,,12.38,33,34,20,21.01,21.02,18.57,16,21.77,21,16.5,22,24.86,17.55,19.7,,22.7,19,19,20.5,27.5,26.19,31.7,,,24,,35,17.6,26,,21.11,17,17.9,21,7,22.95,25.28,,,6.30,17,24,6,7,41,0.5305682782,0.8991885045
Texas Tech,West Va.,-3.5,-1.09,7.48,1.27,-8.04,5.18,12.98,3.54,2.64,7,5,4,16.38,-1,-1.55,3.03,-3.59,2.51,2.07,0.01,1,8.15,-1.44,1.25,0.27,-0.89,,-0.6,5,1,-1,1.4,2.55,-1.82,-1,3.97,5,-4,0.01,1.65,7.93,-2.9,,3.4,-1,-2.5,-2.5,5,14.44,2.2,,,-3,,5,-1.9,8,,1.52,-1.89,1.7,-3.5,-7,0.1,0.58,,,4.64,42,34,6,-8,76,0.631859479,0.5498014227
Texas-San Antonio,UTEP,10,12.24,17.47,20.55,9.38,9.01,9.93,12.81,15.86,20,32,16,15.09,20.5,11.74,18.67,15.46,18.51,15.39,23.34,8,16.65,15.62,-2.31,15.75,12.86,,9.54,21,18,6,15.28,16.15,12.56,9,13.31,18,11,15,7.29,16.48,13.8,,15,14,13.7,11,20.7,14.2,21.8,,,12,,17,12.3,15,,16.69,14.51,15.7,10,8.5,18.74,14.26,,,4.62,21,30,6,9,51,0.6277895526,0.8240310063
Troy St.,Coastal Carolina,15,10.34,5.07,13.89,12.45,9.11,-1.27,16.8,9.81,7,26,9,3.43,20,10.42,5.9,11.02,10.03,11.7,8.73,4,18.85,11.28,19.75,11.43,13.42,,15.33,-2,14,14,11.7,9.3,12.99,10,7.04,18,15,20,9.58,13.22,15.8,,11.3,9,13,14.5,11.7,4.93,,,,12,,12,14.8,18,,12.5,12.91,8,14,15,17.51,10.4,,,5.05,21,45,6,24,66,0.4214821964,0.7587743933
Tulane,Memphis,-14.5,-12.45,-9.02,-6.88,-16.26,-15.05,-8.43,-6.53,-13.83,-8,-34.5,-8,-12.23,-19,-12.26,-7.4,-9.97,-6.18,-11.61,-7.5,-20,-14.15,-13.25,-23.38,-17.02,-7.25,,-7.82,-8,-17,-11,-10.1,-14.19,-12.92,-6,-11.51,-14,-11.5,-14,-14.52,-7.04,-9,,-10.6,-10,-9.6,-14,-9.2,-19.68,-10.2,,,-10,,-8,-7.4,-10,,-15.38,-11.69,-8.5,-14,-17.5,-9.26,-17.42,,,4.94,24,40,6,16,64,0.5689990197,0.2424908458
UAB,Charlotte,16.5,16.76,12.72,13.34,2.93,12.59,16.41,15.55,16.3,3,24,10,17.36,11,16.83,10.4,18.14,12.74,14.06,14.53,11,25.35,11.76,-6.31,13.54,9.72,,9.31,12,11,8,13.88,14.86,16.96,9,15.78,17,16.5,16,12.24,13.76,17.1,,14,18,17,16.5,13.2,20.27,21.3,,,12,,14,17,20,,16.51,9.81,3.1,16.5,13.5,17.68,12.51,,,4.53,7,28,6,21,35,0.4412441374,0.8028255867
Wake Forest,Rice,28,24.59,15.02,31.63,24.8,13.39,22.64,24.47,25.54,1,58,23,16.08,24.5,24.46,14.5,28.74,18.26,26.49,24.99,17,30.35,29.54,13.25,31.48,19.52,,17.25,15,28,19,26.66,28.7,25.95,15,29.35,31,24.5,35,22.9,41.74,38.3,,24.1,27,34,28,28.8,28.26,33.6,,,28,,32,39.5,35,,32.2,26.31,25.4,26.5,18.5,30.98,28.3,,,8.71,24,56,6,32,80,0.4667702684,0.9282573562
Washington,BYU,17,19.12,9.23,20,17.61,9.32,6.96,23.56,17.73,1,24,10,14.51,12.5,19.31,6.58,22.06,11.63,16.7,12.2,1,18.95,11.95,22.56,18.35,11.78,,11.42,1,24,17,17.62,19.61,23.53,11,21.4,25,16.5,16,12.73,30.84,27.3,,17.1,17,23.1,17,15.9,17.62,8.1,,,18,,13,26.1,24,,17.76,20.81,16.3,17,19,17.88,17.39,,,6.54,7,35,6,28,42,0.493028969,0.8346629003
Washington St.,Utah,-1.5,3.25,5.79,4.76,-2.72,2.85,16.91,3.99,2.63,11,-3,1,8.59,5.5,3.34,4.39,6.79,0.61,3.04,5.78,9,0.15,2.38,6.31,-5.04,0.88,,0.69,4,4,1,2.93,5.73,0.56,5,3.32,2,2,-3,5.51,0.61,-1.3,,3.5,2,1.4,-0.5,0.2,10.15,9,,,3,,1,0.7,-2,,-2.81,-0.59,4,-1.5,6,2.69,6.92,,,3.94,24,28,6,4,52,0.6093321353,0.5737257532
Western Kentucky,Marshall,-3.5,-1.72,-4.61,-2.27,-1.29,-2.21,-0.42,0.63,-4.39,6,-18.5,-6,5.59,-2.5,-1.35,-9.72,0.71,-3.66,-3.21,-5.51,-10,-0.45,-4.96,-6.63,-7.27,-4.29,,-1.32,-11,3,-7,-3.38,-2.28,-3.89,-2,-6.82,-1,-3.5,-7,-7.17,-6.63,-8.3,,-5,-5,-7.8,-3.5,-9.7,3.15,13.7,,,-6,,1,-8.4,-3,,-1.66,-4.99,-3.1,-4.5,9,-7.96,0.45,,,5.14,20,17,6,-3,37,0.5069327691,0.4237282383
Wyoming,Boise St.,-17,-15.12,-15.29,-11.8,-22.96,-19.94,-15.02,-17.39,-11.07,-7,-23,-12,-33.2,-15.5,-15.76,-6.33,-17.93,-4.93,-15.77,-14.83,-19,-21.45,-17.18,-30.06,-19.24,-9.58,,-8.1,-17,-17,-15,-15.6,-18.78,-10.91,-7,-18.4,-15,-16,-16,-17.25,-12.12,-14.7,,-23.8,-18,-13.3,-17,-15.8,-23.4,-32.8,,,-17,,-21,-14,-16,,-15.49,-15.19,-3,-17,-10,-15.69,-19.85,,,5.84,34,14,6,-20,48,0.5289848367,0.1755828186
Air Force,Navy,-2.5,2.21,-0.91,-2.41,-7.47,1.29,7.32,10.05,-1.58,1,-8,-2,6.34,-7,2.79,-4.55,-3.08,5.58,0.13,-3.92,-7,1.45,-0.23,-3.6,-0.49,-2.24,,-1.08,-2,3,1,-0.36,1.05,-1.77,1,3.36,-2,-3,-1,-2.82,4.18,-0.7,,2.7,1,-3,-2.5,2.5,-5.38,3.6,,,6,,5,-0.7,1,,-1.26,-4.59,1,-3,0.5,-0.57,5.2,,,3.80,7,35,7,28,42,0.5640037466,0.503177345
Akron,Miami (Ohio),5.5,8.81,15.04,7.53,-0.69,21.09,17.95,14.05,9.68,20,23,10,22.4,12,8.69,11.37,9.19,14.43,10.25,13.65,7,9.45,5.71,10.35,5.36,12.29,,6.18,8,10,6,9.25,13.26,7.45,4,6.88,9,4.5,6,15.05,7.78,7,,10.3,7,8.8,6,11.8,5.1,19.9,,,6,,19,9.3,8,,5.81,4.9,9.4,5.5,-2,9.92,14.56,,,5.26,41,17,7,-24,58,0.6118126125,0.7300427751
Arizona,California,-2.5,1.87,-1.73,3.83,5.32,-1.72,1.29,-1.16,-1.99,8,-15,-3,10.29,-1.5,2.44,-7.75,4.47,-7.78,0.66,-1.2,-5,6.55,2.51,-9.25,-6.52,-3.15,,-0.95,-8,3,8,1.15,0.44,0.15,2,2.45,3,2.5,5,-5.71,3.03,-2.3,,5.3,0.01,-2,-2,4.6,5.71,-1.6,,,1,,-6,-3.1,3,,0.97,4.2,0.8,-2.5,5.5,5.55,2.17,,,4.74,17,24,7,7,41,0.5756373553,0.5158893261
Arkansas,Alabama,-35.5,-37.2,-31.22,-36.98,-30.36,-35.26,-31.84,-36.38,-41.63,-23,-73.5,-29,-41.83,-39.5,-36.55,-25.92,-43.29,-13.14,-34.88,-37.53,-40,-42.25,-33.19,-45.4,-46.88,-19.92,,-16.22,-39,-31,-34,-35.61,-40.36,-35.61,-21,-31.8,-39,-34,-34,-32.1,-23.69,-40.1,,-35.6,-33,-37.3,-35.5,-36.7,-33.89,-44,,,-35,,-53,-37,-35,,-37.37,-28.2,-22.4,-35,-22.5,-39.67,-41.67,,,9.75,65,31,7,-34,96,0.5132740965,0.0305872017
BYU,Utah St.,2.5,0.44,-0.22,7.16,2.3,-1.34,0.22,-1.48,5.17,3,11.5,1,-10.55,6,-0.21,4.94,2.2,6.07,2.14,4.75,-10,0.15,-0.48,10.05,1.54,7.81,,8.71,6,1,8,1.72,-2.4,1.89,-2,-3.02,-2,3,2,5.38,-2.53,-0.5,,-2.7,2,-0.9,2.5,0.3,8.15,11.8,,,-2,,7,0.01,-2,,3.11,2.7,0.4,2.5,3.5,5.44,-3.17,,,4.62,45,20,7,-25,65,0.4913137405,0.5514952297
Ball St.,Northern Ill.,-2.5,-6.2,5.11,-7.56,-14.94,5.37,2.5,1.12,-7.89,2,-34,2,12.16,-3.5,-5.95,1.58,-12.39,-1.86,-5.42,4.12,9,0.01,-2.65,0.05,-12.97,-9.56,,-8.42,7,-14,-3,-5.2,-5.39,-11.21,-4,-2.37,-12,-4,-9,-1.98,-6.18,-8.5,,-3.1,-5,-6.7,-2.5,-4.1,-1.63,-8.5,,,-5,,-5,-8.3,-13,,-15.05,-6.1,-3.8,-3,-10.5,-15.88,-0.15,,,7.39,24,16,7,-8,40,0.4337784029,0.3784558143
Baylor,Kansas St.,4.5,2.3,10.73,-0.97,5.36,15.08,8.11,9.15,5.08,12,-16,8,12.96,5.5,1.92,9.62,-1.38,9.04,3.25,6.17,8,2.05,2.53,7.4,-6.86,-4.32,,-7.64,8,3,8,3,-2.85,0.01,5,7.19,0.01,4.5,-2,7.2,-1.62,3,,6.7,5,1.7,4.5,6.6,7.52,1,,,2,,12,2.3,-6,,2.79,3,3.8,5,-2,-2.04,2.12,,,5.95,34,37,7,3,71,0.470610883,0.5760150433
Boise St.,San Diego St.,13.5,16.12,12.02,10.53,9.57,18.92,16.44,12.49,8.77,16,23,10,27.28,9.5,17.13,4.39,8.1,7.26,13.52,8.99,8,14.45,17.31,15.8,13.32,5.15,,7.48,7,14,11,13.61,14.99,12,8,15.88,13,15,10,11.65,16.68,17.2,,18.3,15,16.4,13.5,17.4,23.02,25.9,,,15,,5,17.5,21,,11.2,13.91,6.3,14,9.5,14.87,16.8,,,5.29,19,13,7,-6,32,0.5004768729,0.7904697055
Central Florida,SMU,23.5,22.74,18.64,26.3,24.42,25.07,21.25,29.68,23.9,17,49,22,19.19,23.5,22.59,18.36,24.21,17.56,24.05,17.26,20,27.15,27.95,39.55,29.55,14.43,,13.87,17,27,32,24.07,24.28,21.21,15,21.16,27,25,23,29.05,16.01,27.6,,24,26,26.8,23.5,33.9,22.12,7.8,,,23,,35,26.2,33,,27.18,26.81,19.7,24,17.5,35.19,24.14,,,6.77,20,48,7,28,68,0.5127116955,0.9182716605
Central Mich.,Buffalo,-7.5,-2.17,-12.76,-5.53,-4.82,-15.61,-1.99,-13.21,-7.78,-1,-12,-10,-8.99,-7,-1.38,-14.64,-1.76,-10.2,-5.71,-10.54,-17,1.05,-2.7,-11.25,-9.34,-7.87,,-1.2,-11,-4,-12,-5.22,-5.98,-5.4,-1,-2.22,-1,-6.5,-4,-13.25,-1.23,-9.3,,-4,-6,-8.3,-7.5,-3.7,-3.24,8.3,,,-5,,-20,-8.7,1,,-5.04,-6.8,1.3,-7.5,5,-3.27,-1.2,,,5.47,34,24,7,-10,58,0.5424494957,0.3669021344
Cincinnati,Tulane,6.5,9.29,18.66,2.76,10.7,19.07,6.89,1.01,10.71,16,8,14,16.89,16,9.11,19.55,6.84,14.28,8.68,7.86,17,8.65,9.5,18.7,1.73,13,,4.7,9,15,14,8.58,10.32,8.73,6,9.55,7,7,8,16.93,1.34,4.1,,11.9,10,4.9,6.5,1.3,12.71,10,,,7,,4,3.6,3,,1.08,5.1,4.5,7,5,0.77,8.5,,,5.20,21,37,7,16,58,0.5519125644,0.6983236726
Colorado,Arizona St.,2.5,2.79,5.96,1.02,7.74,6.05,2.73,-3.46,6.72,4,-5.5,2,2.26,1,2.2,7.81,4.66,0.4,0.6,4.91,5,-1.85,4.57,-2.85,-4.58,1.02,,2.2,-2,1,-13,1,1.07,4.14,-1,-2.19,3,2,2,2.95,-7.64,-1.1,,-1.8,0.01,0.6,2.5,-1.2,0.95,-1.2,,,1,,-8,-2.3,-1,,-1.83,-0.01,-5.1,2.5,8,0.65,-0.19,,,4.04,21,28,7,7,49,0.4538273506,0.5146102749
Florida,LSU,-2,-0.59,-5.79,-8.49,-4.35,0.5,1.84,-8.37,-6.16,2,-21.5,-4,-1.44,-10.5,0.01,-7.97,-5.97,-5.33,-4.02,-4.54,-2,-4.15,1.07,-4.95,-11.62,-4.64,,-1.6,-10,-4,-14,-3.5,-4.52,-2.84,-3,2.9,-4,-2.5,-1,-2.72,-2.85,1.4,,0.5,-2,-0.4,-2,-6.5,6.17,2.2,,,1,,-15,1.8,-2,,-10.83,-4.6,-2.5,-1.5,0.01,-12.11,0.13,,,5.10,19,27,7,8,46,0.4517897959,0.404745786
Florida Atlantic,Old Dominion,13.5,11.85,6.88,16.66,12.02,6.91,11.15,12.22,11.68,4,57.5,12,2.47,14.5,11.87,9.08,17.87,9.45,13.84,4.84,5,10.15,14.4,6.1,24.52,15.21,,18.15,10,11,-1,12.25,10.03,13.63,9,12.29,25,14.5,21,13.6,13.7,16.7,,12.9,17,12.7,13.5,11.2,11.88,21.7,,,16,,12,16.2,20,,30.68,13.8,6,13.5,3.5,18.23,9.05,,,8.34,33,52,7,19,85,0.5075632273,0.7798706608
Georgia,Vanderbilt,25.5,24.98,20.63,30.22,21.01,25.51,16.29,21.86,27.93,19,50,19,28.09,24.5,24.58,16.89,24.35,13.62,26.47,27.01,16,34.15,26.65,29.7,28.74,17.44,,16.44,17,28,43,27,26.8,25.87,14,28.62,32,26,29,22.42,24.05,35,,28,27,29.8,25.5,32.7,29.94,30.8,,,27,,29,33.8,31,,30.64,27.81,26.9,26.5,20,32.39,24.76,,,6.94,13,41,7,28,54,0.5223229101,0.9367115878
Georgia Southern,South Alabama,11.5,13.59,18.87,9.07,7.92,22.63,15.49,14.53,17.79,10,25,17,15.16,13,13.03,20.73,14.12,16.96,13.9,16.37,21,17.95,16.87,4.6,7.78,10.81,,7.27,21,10,13,14.26,14.39,13.1,8,16.51,10,14,20,20.15,10.59,11.3,,17.4,16,11,12,14.1,13.81,-5.5,,,16,,22,11.5,18,,18.65,9.01,7.5,12,3,14.64,16.78,,,5.38,13,48,7,35,61,0.5569300884,0.7965357705
Hawaii,Wyoming,2,-0.34,15.47,0.8,12.07,13.14,6.5,11.09,5.98,16,15,10,16.27,11.5,-1.19,15.07,-1.4,11.54,3.69,15.02,14,-0.45,-2.28,11.7,-3.51,7.78,,2.08,9,1,2,2.04,4.26,-2.32,-3,2.58,-1,4,-4,11.27,12.67,-12.3,,3.9,2,-9.2,2,2.3,6.88,-5.1,,,2,,9,-11.6,-8,,0.55,1.91,2,3,-3.5,-1.45,3.19,,,7.33,13,17,7,4,30,0.5384971397,0.5835660889
Houston,Tulsa,18,15.5,21.67,13.13,15.34,14.4,13.2,8.98,17.5,13,20,16,30.77,21,15.21,17.13,14.15,14.1,14.78,10.49,22,16.35,12.5,24.7,12.56,15.32,,12.63,16,14,14,15,18.45,16.8,10,14.44,18,15.5,16,20.52,11.64,15,,19.5,14,17.1,17.5,12.3,15.76,1,,,7,,10,15.2,15,,17.01,15.11,9.2,18,10,13.93,17.61,,,4.30,26,41,7,15,67,0.4223858582,0.8155950411
Kent,Ohio,-12,-8.31,-5.4,-12.56,-14.71,-3.22,-1.7,-7.4,-12.39,-6,-47,-10,-3.32,-15.5,-7.75,-6.44,-20.25,-8.29,-11.33,-3.61,-12,-12.95,-11.85,9.35,-12.84,-6.14,,-4.54,-10,-14,-9,-10.92,-10.6,-11.24,-11,-10.77,-15,-12.5,-20,-9.3,-9.64,-14.7,,-10,-14,-13.8,-12,-14.2,-13.05,4.7,,,-14,,-8,-13.5,-16,,-10.84,-18.7,-10.5,-12.5,-15,-15.36,-6.9,,,6.81,27,26,7,-1,53,0.5154687803,0.2559576687
Louisiana Tech,UAB,9.5,9.77,10.58,11.49,15.54,6,10.3,12.29,12.58,21,28.5,8,13.03,15,9.4,9.35,16.37,6.13,12.44,10.64,1,11.85,10.58,23.4,10.38,10.95,,11.03,13,17,31,11.07,9.94,10.05,5,9.98,16,8,14,15.6,9.41,9.7,,11.1,10,8.8,9.5,16.6,15.12,19.6,,,8,,7,8.6,16,,13.95,7.41,17.3,9.5,6,16.23,12.4,,,5.11,28,7,7,-21,35,0.5699729113,0.7721659516
Louisville,Georgia Tech,-5,-2.53,1.41,0.89,2.58,-7.31,-4.36,-2.41,0.01,6,6,-1,-3.49,3.5,-2.97,3.87,3.54,-0.62,-1.23,-3.39,-11,-5.95,-5.35,-1.25,-1.31,-0.4,,-2.12,1,1,2,-0.81,-0.54,0.97,2,-6.55,2,-3.5,-1,0.22,1.39,-10,,-3.3,0.01,-8.4,-4.5,-3,-6.57,-7.3,,,-4,,-4,-9.5,-4,,9.55,-1.1,4.4,-4.5,0.01,1.58,-6.31,,,4.23,66,31,7,-35,97,0.5907474556,0.470160561
Marshall,Middle Tenn.,4,9.23,8.02,4.37,15.1,15.76,6.01,4.43,10.03,13,5,6,7.19,8,9.14,8.44,10.15,4.29,7.2,12.99,7,6.05,5.91,10.4,2.61,0.01,,3.36,8,14,23,7.24,7.83,9.14,8,8.1,7,7,2,9.86,5.43,7.2,,8.6,9,8.8,4.5,5.9,7.27,8.7,,,4,,-1,7.2,6,,1.35,3.8,9.6,5,-1,-1.2,8.56,,,4.40,34,24,7,-10,58,0.5770108968,0.6689689975
Massachusetts,South Florida,-14.5,-19.04,-10.74,-16.49,-14.59,-20.03,-20.42,-15.24,-24.69,-2,-45,-13,-1.37,-23,-18.34,-15.42,-18.66,-10.74,-16.04,-18.07,-20,-22.55,-16.92,-21.8,-20.5,-16.1,,-13.25,-20,-14,-16,-16.05,-18.6,-20.55,-11,-11.61,-12,-13.5,-18,-23.15,-6.31,-10.5,,-9.5,-14,-11.8,-14.5,-11.9,-23.31,-19,,,-10,,-18,-11.7,-15,,-11.02,-19.69,-9.4,-15.5,-12.5,-20.85,-22.01,,,6.45,58,42,7,-16,100,0.4641897606,0.1745869785
Memphis,Connecticut,36,28.26,17.92,19.24,33.59,40.59,22.61,25.4,17.48,22,35,22,35.04,25.5,29.96,9.36,31.18,5.25,26.19,17.18,25,34.45,35.47,14,29.87,13.47,,17.29,11,35,34,27.88,32.3,24.19,14,31.06,36,31,26,20.32,32.76,30.9,,31.7,25,30.4,35,29,39.05,19,,,30,,10,28.9,36,,33.65,26.3,23.3,35,27.5,24.08,33.01,,,8.33,14,55,7,41,69,0.292114623,0.9279813537
Miami (Fla.),Florida St.,14,13.43,21.14,12.33,10.35,27.05,18.9,22,11.67,11,4.5,16,37.84,12.5,13.69,12.79,15.97,13.67,15.47,17.64,17,20.35,13.24,21.45,15.03,9.72,,10.83,21,11,16,14.45,17.15,9.22,9,17.43,17,12,13,19.32,19.41,15.2,,20.5,14,14.2,14,19.2,23.14,15.1,,,12,,18,14.7,17,,11.81,9.1,11.3,13.5,10,12.4,23.31,,,5.38,27,28,7,1,55,0.5349402245,0.8219649771
Michigan,Maryland,17,15.42,13.09,14.7,20.27,8.57,13.39,13.36,13.24,13,15,14,23.9,18.5,15.79,7.68,21.05,9.21,16.87,10.55,5,16.75,19.03,21.75,16.32,11.48,,15.95,9,31,18,15.87,19.51,15.25,10,17.74,25,18,14,13.81,28.33,23.2,,20.6,19,22.1,17,10.7,27.17,16.6,,,22,,9,21.9,24,,23.53,16.81,15.6,17.5,15,14.77,18.65,,,5.46,21,42,7,21,63,0.4969107523,0.8425252119
Michigan St.,Northwestern,10,11.01,14.73,7.75,10.88,19.1,5.58,3.49,18.16,12,12,12,9.51,11.5,9.93,17.33,5.66,12.18,10.14,11.71,13,7.95,9.22,15.7,-0.12,11.02,,9.81,18,7,24,10.37,8.45,12.77,4,11.62,8,10.5,11,18.35,4.66,12.8,,10.8,12,13.2,10,9.8,7.63,8.1,,,6,,6,13.3,8,,4.47,9.8,11.5,10.5,-2,11.12,6.91,,,4.60,29,19,7,-10,48,0.5033791369,0.7302253634
Minnesota,Iowa,-7,-9.25,5.1,-9.49,-7.12,-2.04,-5.56,-6.46,-9.43,1,-24.5,-1,3.47,-4,-9.24,5.91,-7.69,-3.06,-6.67,-3.68,-1,-14.35,-5.76,-11.05,-11.48,-3.59,,-1.38,2,-14,-14,-6.48,-7.39,-8.77,-4,-6.1,-8,-5,-8,-3.94,-5.32,-5.8,,-2.5,-6,-4.6,-7,-14.3,-12.58,-10.4,,,-9,,-2,-6.5,-13,,-17.56,-4.4,-7.1,-7,-2.5,-9.01,-9.11,,,5.52,48,31,7,-17,79,0.5078333605,0.3457216964
Mississippi,Louisiana-Monroe,22,23.85,20.34,24.79,20.45,19.24,21.76,28.58,29.32,18,34,19,29.98,21.5,23.15,15.53,21.77,17.86,23.02,30.86,16,28.35,22.75,23.65,24.42,16.46,,15.88,24,28,19,22.88,25.3,24.28,12,23.89,25,21,25,26.06,20.72,22,,21.5,21,21.7,22,26.9,19.1,31.7,,,17,,33,22,23,,22.16,25.31,16.1,22,10.5,26.38,31.64,,,5.21,21,70,7,49,91,0.5243395081,0.9158627694
Mississippi St.,Auburn,-3.5,-0.98,-1.49,-8.39,3.8,5.69,1.85,-6.73,-8.67,7,-2,-2,3.4,-7,0.24,-3.93,-2.88,-5.54,-1.97,-2.51,-1,-2.45,0.93,-9.15,-4.7,-1.82,,-0.33,-4,-7,-12,-2.22,-2.44,-3.64,-3,0.91,-2,-3.5,-3,-4.22,0.69,0.5,,1.1,-2,0.5,-3.5,-1.3,10.07,11.6,,,3,,-5,2,-9,,-9.63,-5.59,-4,-3.5,-6,-4.67,2.51,,,4.64,9,23,7,14,32,0.5368536169,0.4525923957
NC St.,Boston College,6,9.89,8.91,9.42,3.1,13.65,7.34,4.45,13.97,12,12,6,0.01,9.5,9.34,13.34,8.38,10.24,7.84,15.14,2,7.85,4.06,12.45,4.73,7.05,,4.37,16,7,14,7.93,8.66,9.29,9,6.04,4,3.5,8,11.54,-1.11,1.9,,2.6,7,4.4,6,8.1,14.04,14.9,,,6,,5,2,6,,3.6,3.41,6.8,5,5,10.57,9.94,,,4.05,23,28,7,5,51,0.5447148957,0.6838805825
Nevada,Fresno St.,-15.5,-16.28,-8.77,-14.57,-10.56,-16.99,-18.2,-13.55,-13.48,-8,-21,-9,-21.22,-5.5,-16.71,-2.54,-15.61,-5.77,-14.05,-14.18,-17,-15.85,-12.76,-22.85,-19.99,-8.71,,-7.22,-14,-17,-16,-15.15,-18.46,-12.6,-8,-16.54,-11,-11.5,-14,-14.54,-15.94,-16.8,,-15.6,-15,-15.3,-15.5,-15.9,-15.54,-21.4,,,-16,,-15,-16.5,-14,,-18.03,-19.2,-8.5,-14,-1.5,-15.8,-21.36,,,4.66,21,3,7,-18,24,0.5349169724,0.1978956311
New Mexico St.,Liberty,-3,-4.17,-15.81,0.27,-17.61,-12.34,-18.07,-15.77,-8.34,-15,0.5,-10,-28.22,-2,-3.58,-9.61,-3.97,-11.09,-7.63,-17.16,-18,-6.65,-6.5,14.4,-6.19,2.93,,0.41,-22,-24,-7,-6.34,-11.11,1.16,-6,-4.18,5,-3,-2,-8.47,2.69,-3.3,,-14.1,-5,0.2,-3,-10.1,-16.31,-1.9,,,-6,,-20,-3.2,-7,,2.8,-0.89,-7.4,-4.5,1,-5.51,-16.42,,,7.80,41,49,7,8,90,0.3967599246,0.3331111901
Ohio St.,Indiana,27.5,29.47,17.39,25.55,28.85,19.46,21.01,36.97,29.28,18,41.5,19,29.14,28,29.51,11.52,29.11,10.66,26.68,24.18,17,37.45,26.64,28,29.75,18.3,,20.02,16,25,32,27.92,29.52,29.92,16,27.84,30,25.5,29,17.24,29.34,34.2,,27.4,25,31.6,27.5,29.2,32.39,31.1,,,25,,26,33.1,37,,26.01,27.3,23.6,25,22,38.76,29.67,,,6.77,26,49,7,23,75,0.4810523559,0.9389352539
Oklahoma St.,Iowa St.,9,12.06,13.6,5.55,16.97,16.95,12.34,9.52,10.48,14,4,10,11.47,17.5,12.38,14.65,8.56,14.56,9.86,4.3,17,7.75,10.95,17.7,4.32,5.55,,2.6,15,11,15,10,10.08,13.88,8,11.76,10,9,8,15.76,6.68,7.1,,9.2,10,6.4,9,5.3,14.13,15.4,,,4,,3,6.4,7,,6.35,6.8,5.5,10.5,19,6.32,10.07,,,4.40,48,42,7,-6,90,0.5208194421,0.7252792737
Oregon St.,Washington St.,-17,-18.16,-13.74,-18.08,-14.37,-28.47,-24.2,-13.46,-22.05,-14,-33.5,-17,-14.18,-22.5,-17.61,-13.52,-19.23,-12.28,-19.54,-20.6,-25,-23.95,-19.68,-26,-21.62,-13.64,,-13.55,-20,-25,-21,-18.79,-24.48,-16.2,-11,-17.69,-16,-16,-18,-24.7,-18.36,-21,,-15.3,-18,-21.4,-17,-19.6,-34.16,-25.6,,,-18,,-26,-20,-18,,-23.45,-19.7,-12.5,-17,-14.5,-22.1,-27.08,,,5.15,56,37,7,-19,93,0.4395171443,0.120837232
Pittsburgh,Syracuse,-3,-8.06,-14.18,-4.36,-13.41,-17.01,-11.65,-14.19,-10,-13,-8,-14,-20.58,-11,-7.8,-10.98,-7.65,-8.14,-8.51,-13.54,-23,-14.45,-4.48,-19.3,-2.28,-0.44,,3.06,-16,-6,-11,-8.17,-9.24,-3.16,-3,-9.63,-2,-6,-10,-15.04,-3.8,-7.6,,-11.9,-8,-6.3,-3.5,-9.8,-12.69,-8,,,-6,,-16,-7.4,-8,,1.9,-4.3,-8.2,-3.5,10.5,-8.92,-12.37,,,6.06,37,44,7,7,81,0.3728638777,0.308243441
Rice,Texas-San Antonio,-1,1.02,4.28,-2.46,9.45,-1.21,7.53,5.12,-2.51,6,-24,2,13.91,-3,1.52,-0.54,-4.91,1.14,-0.22,3.9,-1,-0.85,-2.86,6.2,-6.08,-3.58,,-1.79,6,1,8,-0.87,-1.41,-1.12,1,-1.24,-4,-1.5,-4,1.07,-7.48,-8.1,,2.5,-1,-7.7,-1,-1.7,6.68,4.2,,,2,,1,-6.3,-3,,-0.89,-1.1,2.6,1.5,0.01,-1.86,3.64,,,5.47,20,3,7,-17,23,0.5185244255,0.4947734326
Rutgers,Illinois,-4.5,-6.98,-3.99,-2.33,-3.54,-11.37,-9.27,-4.43,-9.32,4,-3,-4,-4.08,-3,-6.65,-3.94,-4.2,-8.66,-3.95,-9.82,-13,-10.65,-3.46,10.05,-6.16,1.78,,2.96,-9,3,2,-4,-5.05,-5.84,-2,-4.45,-4,-1.5,-4,-5.8,2.91,-1.8,,-0.01,0.01,-1.7,-4.5,-3.5,-7.04,-9,,,-2,,-9,-1.1,-8,,-7.66,-0.4,1.6,-5.5,1,-0.24,-12.04,,,4.32,38,17,7,-21,55,0.5133342958,0.4051299772
San Jose St.,Colorado St.,-2.5,-2.14,1.8,-2.28,-4.44,4.42,7.81,2.87,-5.26,8,-36.5,-0.25,7.79,-7,-1.72,-1.2,-7.32,-0.78,-1.51,-5.34,4,3.15,-4,6,-10.44,-2.82,,0.96,2,-7,5,-1.2,-2.02,-6.76,-1,1.11,-5,-3,-6,1.26,4.23,-3,,4,0.01,-1.2,-2.5,5.7,-0.4,2.4,,,2,,-1,-1.2,-2,,-7.75,-2.4,-1.4,-2.5,-5,-1.66,5.32,,,6.41,42,30,7,-12,72,0.5230568245,0.4648584884
South Carolina,Missouri,-2,3.42,6.9,3.57,6.84,-1.06,7.67,-0.21,3.46,9,-5.5,4,12.12,3.5,3.41,4.29,-0.38,3.32,3.35,6.92,-3,0.15,0.5,0.35,-1.17,6.95,,8.18,11,11,6,3.41,3.18,3.87,1,1.54,1,2,0.01,4.51,1.46,-1,,5.9,4,1.1,-1,1.8,6.18,5.3,,,-1,,5,0.6,-1,,0.83,1.61,3,1,6,-0.78,2.51,,,3.66,35,37,7,2,72,0.628690431,0.5814582516
Stanford,Utah,3.5,6.74,15.24,8.08,5.02,2.11,8.27,8.81,11.85,6,15.5,10,7.08,14,6,19.32,8.99,12.04,8.64,9.73,9,3.25,6.81,17.3,2.81,11.96,,9.72,18,10,18,8.61,8.01,8.95,5,9.35,8,5,9,15.92,10.88,10.2,,9.2,11,9.5,4.5,1.5,-3.9,1.9,,,8,,13,10.5,6,,1.64,4.81,8.4,5,6,6.24,7.02,,,4.40,40,21,7,-19,61,0.6224835027,0.7000234694
Temple,East Carolina,10.5,12.51,7.55,11.89,21.4,1,9.89,7.96,10.37,12,15,8,14.49,11,12.81,4.08,12.46,6.8,11.95,7.39,1,13.75,12.96,13.9,7,7.9,,6.46,7,14,23,12.48,10.06,13.14,8,11.56,15,13.5,15,10.07,13.47,15.9,,13.8,14,15,10.5,14.3,13.19,3.2,,,14,,14,15,19,,13.52,9.2,10.4,12,22.5,15.18,12.17,,,4.60,6,49,7,43,55,0.534956242,0.765177009
Texas,Oklahoma,-7,-8.7,-10.4,-9.89,-14.58,-3.15,-11.27,-16.53,-7.17,-8,-13.75,-9,-14.02,-16,-8.88,-2.55,-11.33,-6.56,-10.02,-9.21,-10,-13.8,-8.71,-9.35,-17.19,-7.19,,-3.1,-11,-8,-11,-9.35,-13.28,-8.88,-8,-8.6,-13,-7.5,-7,-5.79,-13.84,-9.5,,-11.5,-9,-8.4,-7.5,-7.4,-9.58,-6.5,,,-7,,-13,-8.3,-6,,-16.94,-8.1,-9.6,-7.5,-15.5,-12.93,-12.5,,,3.54,45,48,7,3,93,0.4263437015,0.2689145039
Texas A&M,Kentucky,5.5,3.73,-7.69,-2.27,-5.6,-6.79,-7.33,-2.17,-5.84,-8,-8.5,-7,-2.79,-3,4.83,-10.13,5.59,-9.07,-0.68,-8.65,-6,-2.95,5.27,-7.05,2.66,-3.59,,0.94,-7,7,-3,0.95,1.62,3.56,2,6.59,7,6.5,2,-6.39,3.82,2.2,,3.3,1,1.8,4.5,-5.6,0.97,-5.1,,,4,,-2,2.1,3,,9.67,3.41,4,5.5,5,3.19,-2.85,,,5.08,14,20,7,6,34,0.3554111138,0.4837297733
Texas St.,Louisiana-Lafayette,-3,-11.39,-6.62,-8.08,-4.09,5.84,-14.16,-6.6,-11.43,1,-10,-5,-13.83,-9.5,-11.39,-3.01,-11.89,-8.1,-6.81,-7.76,-7,-12.35,-3.23,11.3,-11.72,-2.09,,-1.08,-18,-3,14,-7.8,-8.92,-9.65,-5,-2.11,-5,-3.5,-10,-2.45,0.42,-5.3,,-4.7,-8,-2.7,-3.5,-4.8,-7.84,-22.3,,,-9,,-10,-4,-11,,-10.61,-2.9,-3.8,-3.5,1,-9.23,-14.61,,,5.79,42,27,7,-15,69,0.4108034241,0.3434663555
Toledo,Bowling Green,21.5,24.53,26.46,20.08,22.49,22.86,23.12,32.49,21.98,22,20,27,46.72,28.5,24.92,16.33,22.94,15.15,23.45,16.78,25,35.75,23.11,9.5,23.15,16.97,,16.5,25,28,8,23.06,28.45,21.8,14,22.82,28,20,25,21.24,25.28,20,,28.2,25,21.3,21.5,21.8,24.49,27.5,,,23,,15,19.9,27,,23.35,24.81,16.6,21.5,20.5,32.24,31.16,,,6.05,36,52,7,16,88,0.5456966571,0.9162832435
Troy St.,Georgia St.,15.5,13.94,18.72,16.01,14.72,15.51,17.43,21.5,15.1,16,28.5,19,24.1,21,13.81,16.02,8.76,16.04,16.76,16.26,16,15.35,16.83,21.5,14.09,15.32,,12.59,13,24,20,16.03,16.18,13.59,9,15.15,20,16.5,17,21.47,13.07,16.8,,21.2,19,15.3,15.5,17.3,15.23,10.9,,,12,,15,16.2,17,,24.09,17.31,11.6,15.5,21,21.46,15.2,,,3.83,20,37,7,17,57,0.5307522384,0.8476397043
UCLA,Washington,-21,-23.14,-16.13,-23.34,-15.51,-39.06,-18.28,-32.72,-28.38,-14,-37,-18,-16.4,-21.5,-22.36,-15.99,-22.77,-13.17,-23.02,-24.48,-26,-31.35,-17.78,-41.9,-25.92,-15.38,,-13.82,-18,-22,-36,-22.34,-21.27,-22.16,-13,-20.74,-21,-21.5,-23,-27.49,-22.06,-32.5,,-19.9,-23,-25.9,-21,-28.9,-29.01,-26.1,,,-22,,-31,-27.8,-27,,-22.31,-21.69,-17.8,-21,-14.5,-27.09,-24.07,,,6.30,31,24,7,-7,55,0.4529213328,0.0888342246
UNLV,New Mexico,9,6.75,3.14,6.64,3.92,7.67,-0.01,9.08,6.65,7,18,6,4.1,3,6.77,2.67,4.58,0.14,7.18,9.33,1,13.55,10.16,-0.1,5.46,3.58,,4.44,2,11,10,6.76,6.84,6.36,4,9.61,8,13.5,14,4.71,6.89,8.5,,6,7,8.1,9,11.2,13.31,15.9,,,8,,5,8.2,14,,7.83,6.71,4.2,9,0.5,12.07,4.31,,,3.92,50,14,7,-36,64,0.4556900246,0.6696970142
UTEP,North Texas,-27,-30.86,-35.64,-28.76,-29.56,-29.04,-39.97,-35.05,-33.83,-34,-36,-32,-52.02,-32,-30.5,-27.45,-28.27,-13.45,-30.55,-38.06,-37,-33.05,-28.51,-7.4,-33.07,-17.04,,-11.75,-45,-24,-29,-30.68,-33.16,-27.69,-16,-29.78,-25,-25.5,-29,-27.26,-29.99,-33.5,,-35.3,-30,-31.3,-27.5,-35.9,-41.35,-37.5,,,-25,,-39,-32,-35,,-32.68,-22.7,-26,-27.5,-8.5,-27.28,-41.24,,,8.30,27,24,7,-3,51,0.4214484779,0.0440464534
Virginia Tech,Notre Dame,-6.5,-2.39,-8.49,-5.29,-4.02,-2.39,-10.07,-0.49,-8.99,6,-7,-11,-0.84,-9.5,-1.74,-12.32,4.29,-7.35,-4.72,-9.74,-9,-10.95,-1.29,-5.7,-0.32,-7.29,,-1.44,-19,6,-8,-4.61,-5.08,-4.22,-2,-5.11,4,-4.5,-5,-5.84,-9.1,-5.4,,-1.5,-4,-4.1,-6.5,-3.1,-10.01,-13,,,-3,,-3,-6.7,2,,-4.07,-2.79,-2.6,-6.5,8,-8.67,-12.19,,,5.15,45,23,7,-22,68,0.5424684904,0.3886595637
Wake Forest,Clemson,-20.5,-17.59,-13.46,-12.24,-12.74,-19.59,-4.69,-10.82,-20.95,-10,-20,-17,-16.02,-25.5,-17.17,-12.19,-20.29,-6.09,-16.02,-14.83,-13,-14.85,-15.59,-21.25,-16.47,-10.63,,-9.1,-16,-17,-27,-16.68,-16.88,-19.26,-8,-17.86,-15,-16,-18,-14.66,-11.81,-22.5,,-17.4,-17,-19.1,-20,-15.7,-20.44,-26.2,,,-19,,-17,-19.6,-20,,-14.77,-19.7,-13.9,-19,-7,-20.04,-12.28,,,4.81,63,3,7,-60,66,0.6064486484,0.1670825012
West Va.,Kansas,27.5,24.24,26.98,23.54,19.75,25.5,17.82,19.51,28.85,23,20.5,21,27.7,27.5,23.62,26.62,28.68,17.44,24.72,28.23,17,28.05,22.92,43.35,20.01,23.2,,19.57,29,35,27,24.12,28.41,25.09,14,22.6,28,28,28,31.43,17.31,20.3,,24,24,19.3,27.5,25,27.88,40.7,,,27,,30,18.7,23,,21.8,25.31,20.5,29,22,33.56,28.91,,,4.93,22,38,7,16,60,0.4335915418,0.9315046595
Western Mich.,Eastern Mich.,4,4.64,10.54,2.05,-0.81,6.46,-0.87,-4.2,9.46,2,2,9,9.18,12.5,3.95,11.21,2.47,3,3.67,1.32,1,-0.15,4,8,-5.46,3.88,,3.43,11,-3,-5,3,2.9,7.37,2,5.27,7,3,1,7.09,3.45,1.4,,5.8,5,1.7,4,-0.9,15.33,10.6,,,2,,-7,1.1,3,,-0.17,3.21,1.9,4.5,11,2.69,3.66,,,4.61,24,27,7,3,51,0.4920366759,0.5878455091
Wisconsin,Nebraska,17,24.77,23.46,27.62,32.23,34.67,23.27,23.87,29.4,25,50,22,25.21,26.5,24.07,22.6,25.62,18.67,26.59,25.2,24,29.55,24.23,44.25,24.43,13.42,,11.57,26,31,35,25.71,27.39,24.31,18,24.74,30,21.5,23,33.03,26.41,29,,25,27,25.8,18.5,30.7,27.85,23.9,,,24,,34,26.8,34,,37.8,25.3,20.8,17.5,16,33.69,27.28,,,6.56,24,41,7,17,65,0.7116999532,0.939206593
Alabama,Missouri,28,26.82,21.44,23.72,8.47,23.69,16.66,26.34,28.49,17,47,27,28.62,38.5,26.57,17.85,28.14,12.69,24.26,27.64,23,27.45,24.4,19.4,26.72,15.36,16.42,14.77,21,28,24,24.4,30.69,28.04,15,21.11,32,28,24,16.7,14.58,28.9,,27.8,24,27.8,28,24.4,22.65,27.8,,,24,,28,28.3,26,,22.04,24.73,21.9,28,25,27.99,23.77,,,6.42,10,39,8,29,49,0.413559178,0.9217106933
Arkansas,Mississippi,-6,-9.51,-14.99,-11.38,-7.22,-10.74,-10.01,-8.86,-19.17,-9,-33,-12,-12.06,-12,-8.14,-16.44,-8.94,-15.59,-10.69,-20.42,-19,-6.25,-7.86,-26.85,-15.12,-13.25,-16.7,-8.08,-15,-14,-8,-9.51,-12.94,-13.07,-2,-7.31,-6,-6.5,-6,-17.98,-2.14,-1.5,,-6.4,-7,-2.3,-6.5,-6.8,-8.92,-8.1,,,-9,,-28,-0.3,-6,,-13.65,-11.27,-0.9,-7,-2.5,-13.18,-18.42,,,6.24,37,33,8,-4,70,0.3916698262,0.2654138882
Arkansas St.,Appalachian St.,-11.5,-11.28,-9.69,-7.28,-30.53,-13.96,-7.94,-15.25,-5.71,-7,-27,-3,-29.78,-4,-12.13,0.36,-10.54,-0.81,-11.24,-1.29,-15,-19.55,-11.89,-15,-15.37,-4.22,-14.87,-6.65,-7,-14,-16,-10,-18.11,-6.42,-9,-9.83,-15,-7.5,-10,-8.68,-10.09,-6.1,,-16.4,-7,-6.6,-11.5,-13.5,-7.93,-19.7,,,-8,,-20,-6.3,-12,,-19.91,-7.77,-11.2,-11.5,-3,-12.42,-17.13,,,6.65,35,9,8,-26,44,0.5060266011,0.256849696
Auburn,Tennessee,14.5,16.91,13.17,22.54,24.95,18.61,10.92,22.81,18.02,11,42.5,13,15.95,15.5,16.75,11.77,25.3,13.5,19.44,23.11,10,21.25,19.01,32.5,23.92,11.33,11.82,11.34,10,29,38,19.32,19.32,19.77,11,15.83,23,18,18,21.76,27.43,26.8,,21.4,22,22.7,15,21.3,7.86,7.4,,,15,,26,24.5,26,,20.73,24.73,18.3,15.5,15.5,27.09,12.3,,,7.09,30,24,8,-6,54,0.6118526675,0.8682586646
BYU,Hawaii,10.5,10.5,-0.17,8.65,-3.58,0.51,5.77,6.89,3.5,-1,-9.5,2,6.33,-1,11.42,-3.42,9.25,1.85,8.15,6.51,-5,10.65,13.18,9.5,9.1,0.64,1.6,5.58,6,6,8,8.65,8.7,8.9,6,16.24,12,11.5,14,2.95,14.79,23,,13.8,13,19.7,10.5,7,6.43,19.5,,,16,,11,21.5,16,,8.55,7.74,10.4,11.5,12,9.01,9.81,,,6.67,23,49,8,26,72,0.4457252674,0.6819954553
Boston College,Louisville,13,13.98,17.44,10.83,27,27.29,20.25,18.31,16.75,20,6,19,23.79,12.5,13.58,14.26,8.36,17.02,16.59,22.82,22,24.05,12.27,25.45,11.21,7.12,22.8,8.35,20,17,27,17,12.35,12.44,6,17.23,15,15,14,21.61,14.94,23.1,,18.3,13,20,13,28.5,15.82,21.4,,,12,,21,22.4,22,,13.31,14.43,8.5,13.5,2,18.27,21.74,,,6.15,20,38,8,18,58,0.5835008412,0.8350733057
Bowling Green,Western Mich.,-14.5,-15.15,-18.38,-13,-26.32,-17.12,-13.19,-12.74,-18.95,-13,-10.5,-21,-24.66,-21.5,-14.63,-15.23,-15.54,-11.71,-15.2,-15.03,-21,-17.95,-12.31,-2.15,-14.46,-9.81,-18.72,-6.4,-20,-10,-7,-15,-19.27,-15.62,-6,-14.76,-15,-15.5,-15,-15.82,-14.68,-10.2,,-15.8,-14,-10.9,-14.5,-13,-25.69,-18.4,,,-18,,-21,-9.1,-19,,-11.93,-14.27,-12.4,-15,-12.5,-17.31,-18.46,,,4.62,42,35,8,-7,77,0.4831134906,0.178942853
Buffalo,Akron,11,8.03,11.58,8.26,7.62,11.33,5.08,11.79,14.78,12,6,11,8.87,13,7.1,12.93,11.29,11.83,9.79,11.95,10,9.05,9.16,19.05,4.25,9,5.67,5.76,14,10,14,9.16,7.73,11.27,6,8.24,10,9,10,17,2.82,8.6,,10.1,11,8.9,11,13.6,16.64,8,,,8,,9,8,10,,11.81,10.23,7.3,12,8.5,16.76,6.04,,,3.08,6,24,8,18,30,0.4701750714,0.7275569894
California,UCLA,7,5.63,7.32,6.88,-15.59,26.62,0.28,2.31,9.68,5,10.5,9,-4.01,8.5,4.99,12.98,5.82,16.88,7.55,8.8,15,7.55,9.91,16.6,8.52,9.83,-0.88,6.39,5,10,6,7.72,5.53,8.16,1,7.17,9,7.5,8,12.02,7.72,15.6,,5.8,10,11.5,7,6.1,12.15,15,,,8,,11,13.8,11,,5.96,5.34,4.5,6.5,6.5,7.87,0.43,,,5.72,37,7,8,-30,44,0.5130021104,0.6727325099
Central Mich.,Ball St.,2.5,1.72,-1.68,5.51,4.3,-7.62,4.26,-2.46,2.51,5,27,-2,-2.6,1.5,1.6,-1.23,4.97,8.37,4.22,1.91,-7,5.25,3.73,3.95,3.38,4.16,2.07,5.64,1,4,5,4.1,4.3,2.97,5,1.9,11,0,8,2.52,3.58,4.6,,3.5,4,4.1,2.5,5.4,-2.36,4.8,,,1,,5,3.8,9,,6.23,4.63,7.4,3,17,13.13,2.45,,,5.15,24,23,8,-1,47,0.5410402484,0.5998054924
Charlotte,Western Kentucky,-7.5,-10.96,7.57,-9.82,-5.12,1.28,-9.91,-9.86,-8.86,5,-17.5,3,2.82,-5.5,-11.25,9.95,-15.98,7.16,-6.67,-10.09,1,-17.85,-8.72,10.35,-13.8,-0.11,-7.03,-2.38,5,-10,-14,-8.54,-9.05,-8.54,-6,-4.65,-11,-9.5,-13,1.46,-5.13,-8.3,,-3.1,-9,-8.1,-7.5,-9.4,-10.62,-7.1,,,-6,,-7,-7,-11,,-11.59,-3.97,-3.5,-7.5,-12.5,-10.46,-12.11,,,6.38,14,40,8,26,54,0.5193457436,0.3483251014
Coastal Carolina,Louisiana-Monroe,6.5,13.25,17.34,9.34,11.86,21.91,17.85,15.51,16.57,18,7.5,16,25.12,7.5,12.8,13.45,14.67,12.63,12.04,13.72,12,12.15,6.85,-5.65,5.15,5.09,19.9,1.78,22,11,10,11.88,15.02,11.77,9,11.64,15,5.5,6,16.22,3.84,2.6,,13.6,10,5.2,7,11.9,21.78,,,,7,,19,2.3,11,,22.17,5.73,3.1,6.5,6,6.84,21.25,,,6.01,45,20,8,-25,65,0.6279225045,0.7609199029
Colorado St.,New Mexico,1,-2.82,-9.06,0.35,5.8,-4.36,-6.65,-8.89,-3.46,-8,3.5,-5,-14.04,-1,-2.72,-6.56,5.62,-9.56,-2.17,2.57,-14,-1.85,-1.16,3.7,0.01,0.78,-1.89,1.25,-4,3,-8,-1.89,-3.33,0.67,2,-2.99,1,1,1,-3.86,-6.56,-1.7,,-7.5,-3,-2.2,1,-5.2,-2.17,2.2,,,-4,,-1,-1.5,1,,-4.68,0.53,4.6,0,2.5,2.42,-7.6,,,4.46,18,20,8,2,38,0.4237741032,0.4476496633
East Carolina,Houston,-16,-15.53,-16.29,-9.83,-17.55,-10.34,-12.6,-9.1,-12.74,-12,-18,-14,-26.72,-17,-15.92,-11.07,-11.53,-8.56,-13.63,-3.84,-15,-14.35,-15.44,-15.95,-13.03,-6.88,-8.19,-3.13,-12,-14,-18,-14,-18.32,-15.89,-7,-17.22,-21,-16.5,-18,-14.82,-13.34,-17.5,,-19.1,-15,-17.7,-16,-10,-15.79,-4.4,,,-14,,-13,-16.9,-17,,-12.78,-11.76,-8.5,-16,-14.5,-11.76,-19.79,,,4.70,42,20,8,-22,62,0.5569139731,0.2051797788
Eastern Mich.,Toledo,-2.5,-1.9,-3.77,0.01,20.53,2.83,3.29,-1.48,-4.48,13,0.5,-2,-1.3,-7.5,-1.52,-5.02,-0.87,1.4,1.33,7.83,-8,-1.45,-1.93,-5.6,-3.92,-2.85,21.27,-0.34,-2,3,25,-1,-1.89,-4.51,2,-0.64,-2,-1.5,-1,-1.34,-0.42,-0.8,,0.7,-2,-1.5,-2.5,4.9,6.53,10.8,,,-1,,7,-1.7,6,,-1.01,0.34,5.8,-1.5,-6.5,-2.52,-1.33,,,6.51,26,28,8,2,54,0.5883147431,0.530891981
Florida Intl.,Middle Tenn.,2.5,3.97,5.49,0.43,5.11,11.43,2.55,4.36,-2.26,6,-5,4,18.68,1.5,4.8,-1.11,8.3,-1.57,2.69,2.55,8,4.65,0.65,-0.5,1.27,-5.35,3.68,0.1,3,11,12,2.55,6.39,-0.11,5,4.92,9,2.5,-4,0.81,2.98,0.2,,8.1,2,3.4,2.5,1.6,-3.92,6.3,,,-1,,3,0.6,2,,1.26,-0.87,-1.2,3,-4.5,-7.58,7.49,,,4.87,21,24,8,3,45,0.5045644358,0.5643426933
Fresno St.,Wyoming,18,20.63,22.35,18.04,13.13,35.24,20.49,26.07,19.85,17,15,17,35.5,14,20.76,15.77,21.28,14.03,19.56,18.93,22,20.95,20.29,31.45,15.99,13.38,18.17,10.69,20,17,20,20,24.52,16.13,7,22.6,21,19.5,22,25.33,14.7,20.1,,25.8,24,18.1,18,22.7,24.15,21.1,,,21,,16,19.1,23,,22.05,18.23,11.5,18,3,26.8,27.4,,,5.76,3,27,8,24,30,0.5368015823,0.8766275383
Georgia Tech,Duke,2.5,0.62,-6.97,-0.88,-20.86,-4.53,-4.3,1.63,-2.26,-5,-2,-7,-4.14,-3.5,1.08,-8.37,3.49,-4.36,-1.92,-4.95,-4,6.35,1.69,-4.3,-9.95,0.18,-7.25,2.85,-6,-4,-19,-1.94,1.12,-2.85,1,-0.11,1,3,2,-9.62,-2.05,1.7,,0.3,-2,2.7,2,-2.2,6.84,-1.4,,,2,,-3,1.4,5,,-5.79,0.01,-3.1,2.5,14,-1.94,1.44,,,5.53,28,14,8,-14,42,0.3963028262,0.4545343522
Illinois,Purdue,-10,-7.26,1.75,-10.7,-19.87,-1.62,-7.07,-10.52,-5.79,1,-25,-2,-10.25,-0.5,-7.46,7.74,-15.51,-0.23,-8.65,-2.31,1,-9.55,-11.46,-11.4,-14.84,-2.69,-8.24,-7.48,5,-10,-15,-9.8,-8.54,-4.78,-6,-8.44,-10,-10,-11,-0.94,-15.13,-12.1,,-9.8,-11,-10.2,-10,-11.6,-19.62,-18.1,,,-13,,-7,-11.6,-12,,-15.2,-8.27,-9,-10.5,-3,-11.74,-9.85,,,6.25,46,7,8,-39,53,0.531538381,0.306054132
Indiana,Iowa,-4,-10.81,-1.12,-11.89,-18.45,-6.55,-9.05,-11.51,-8.79,1,-13.5,-4,-2.59,-4.5,-11.12,-0.38,-8.34,-4.29,-8.09,-4.59,-6,-10.85,-8.26,-12.2,-12.18,-4.04,-5.21,-5.63,-3,-14,-11,-8.79,-7.82,-10.3,-4,-7.66,-5,-6,-9,-6.63,-7.09,-10.9,,-4.9,-8,-10.1,-4.5,-9.6,-10.17,-12.2,,,-11,,-9,-11.4,-9,,-10.72,-5.06,-5.3,-5.5,-2,-13.81,-11.45,,,3.89,42,16,8,-26,58,0.4011984089,0.3103049586
Iowa St.,West Va.,-6,-6.71,-8.82,-0.15,-2.91,-17.1,-4.08,0.44,-10.78,1,16,-7,-4.53,-9.5,-6.19,-10.95,2.52,-8.25,-3.36,-8.83,-15,-1.55,-3.92,-11.1,0.18,-3.96,-8,2.47,-7,3,-7,-2.7,-2.25,-8.76,-2,-4.51,5,-4.5,-1,-9.45,4.75,-0.2,,-2.7,-2,-1.2,-6,1.2,-7.42,-20.3,,,-2,,-5,-0.5,5,,2.6,-2.06,-1.9,-6.5,-7.5,3.69,-7.74,,,6.02,14,30,8,16,44,0.5617922675,0.4215507128
Kansas St.,Oklahoma St.,-7,-8.49,-8.07,-7.25,-14.16,-17.86,-12.03,-12.72,-4.09,-5,-12.5,-8,-16.02,-9,-9.38,-4.11,-11.44,-6.05,-8.38,-2.6,-12,-9.55,-9.03,-22.65,-10.46,-2.2,-6,-0.12,-7,-8,-16,-8,-10.71,-6.15,-6,-10.47,-7,-7.5,-5,-10.29,-5.79,-6.8,,-8.4,-7,-5.4,-7,-5.4,-13.54,-13.6,,,-6,,-14,-5.7,-9,,-5.98,-5.86,-2.6,-7,-9,-5.7,-14.48,,,4.01,12,31,8,19,43,0.466412787,0.3043779346
LSU,Georgia,-7,-5.39,-3.34,-9.33,-11.63,-5.56,-8.33,-0.48,-4.63,-2,-17,-5,-6.46,-5,-5.48,-1.78,-7.43,-3.39,-6.79,-5.78,-9,-4.65,-7.49,1.2,-11.65,-1.64,-9.23,-0.73,-3,-3,-2,-6.11,-8.39,-4.21,-4,-8.86,-4,-7,-10,0.99,-4.5,-13.1,,-6.4,-8,-9.8,-7,-3.1,-15.56,-10.7,,,-10,,-9,-13.1,-5,,-11.08,-9.77,-10.1,-8,-5,-6.11,-10.19,,,3.96,16,36,8,20,52,0.505120641,0.3390609583
Liberty,Troy St.,-9.5,-12.71,-7.71,-15.15,-4.47,-7.12,-7.37,-13.6,-14.36,1,-30,-13,-4.56,-22.5,-12.52,-9.29,-11.53,-7.15,-11.19,-8.01,-13,-19.15,-7.35,-17.9,-15.25,-12.27,-0.54,-10.54,-8,-22,3,-10.8,-11.95,-13.9,-5,-8.15,-20,-11,-22,-14.33,-9.74,-10.8,,-6.2,-11,-11.8,-9.5,-12.6,-10.23,-10.1,,,-8,,-5,-9.3,-14,,-14.7,-13.77,-5.7,-9.5,-7,-21.19,-9.54,,,5.89,16,22,8,6,38,0.4602508599,0.2543646809
Louisiana-Lafayette,New Mexico St.,7,9.14,9.35,4.96,18.95,8.17,11.21,12.6,4.78,10,5,11,16.46,10.5,9.77,5.8,4.84,8.55,8.14,13.65,12,14.05,9.44,-3.95,4.68,1.53,11.67,1.95,14,8,-12,8.59,8.59,4.64,3,8.76,10,8,6,8.51,3.87,6.3,,11.8,11,5.8,7,8.5,8.17,12.1,,,12,,10,5.7,9,,9.65,5.63,5.8,7.5,2.5,10.22,10.93,,,4.67,38,66,8,28,104,0.5274629969,0.6886146054
Maryland,Rutgers,23.5,27.91,24.13,22.25,27.99,33.57,25.18,28.94,28.42,24,31,23,32.08,21.5,27.86,20.16,23.94,18.26,24.14,22.35,17,27.25,23.71,18.3,13.93,14.92,29.63,12.53,28,29,27,24,23.85,26,14,22.75,23,23,25,28.72,13.64,23.8,,25.4,21,22.3,23.5,24.4,32.81,39.5,,,18,,26,22.8,20,,29.71,24.24,15.1,25.5,13,20.83,32.81,,,5.99,7,34,8,27,41,0.5150454137,0.9226079126
Memphis,Central Florida,-5,-5.19,-11.99,-10.68,-13.99,-4.89,-5.28,-6.48,-13.57,-6,-22.5,-14,-9.79,-10,-3.88,-13.09,-7.78,-7.34,-8.99,-7.64,-6,-6.55,-3.45,-18.7,-8.39,-5.9,-13.35,-2.57,-12,-14,-15,-8.5,-8.61,-7.57,-5,-1.33,-6,-4,-10,-14.95,-2.25,-9.9,,-6.9,-10,-8.5,-5.5,-12.9,-11.39,-5,,,-7,,-24,-10.2,-6,,-5.83,-10.27,-9.8,-4.5,6,-14.68,-8.35,,,4.92,31,30,8,-1,61,0.4051410627,0.2942910924
Miami (Ohio),Kent,11,10.92,11.16,14.13,6.36,10.26,8.13,13.94,20.24,10,46,13,9.68,11,9.65,11.91,13.9,14.93,13.63,9.41,8,17.45,14.61,-6.25,8.67,7.85,11.61,9.47,12,17,10,12.9,13.16,13.48,9,14.1,17,12.5,22,12.43,18.49,18,,12.9,14,15.8,11,19.3,12.56,8.5,,,12,,9,15.2,15,,11.41,11.43,13.9,11,16,17.94,12.23,,,5.64,6,31,8,25,37,0.5620245797,0.7907458237
Michigan,Wisconsin,10,5.32,11.14,-0.51,18.28,9.1,7.97,11.61,2.98,11,-17,9,15.97,5.5,5.66,8.73,1.64,6.45,5.9,5.3,2,6.75,6.62,7.35,-2.33,4.45,11.83,5.06,12,-7,-1,6,6.01,2.83,1,8.85,5,6.5,6,6.9,8.35,10.3,,9.7,4,10.9,9.5,1.8,14.61,14.2,,,6,,5,9.6,6,,0.74,4.03,4.4,9,2.5,-0.97,10.9,,,5.70,13,38,8,25,51,0.4039729988,0.6367530745
Navy,Temple,-6.5,-10.25,-3.97,-4.66,-28.64,-3.87,-15.1,-11.6,-14.03,-2,-1.5,-3,-11.57,0.01,-9.71,-0.18,-6.97,-7.83,-7.94,-12.68,-10,-13.25,-1.48,-11.35,-1.65,-0.48,-19.31,-0.97,-9,1,-20,-6.97,-6.35,-7.04,-6,-6.32,1,-4.5,-8,-8.19,-5.27,-10,,-4.1,-5,-6.3,-6.5,-15.8,-20.65,-10.1,,,-11,,-13,-8.5,-4,,-5.48,-2.47,-4.9,-7,-7.5,-10.72,-17.95,,,6.16,24,17,8,-7,41,0.4663039619,0.3205085592
Nevada,Boise St.,-16.5,-16.48,-6.79,-16.24,-22.56,-11.15,-12.78,-12.21,-12.33,-9,-30.5,-10,-11.38,-14,-17.18,-4.5,-21.01,-6.05,-15.32,-11.52,-11,-18.45,-18.61,-30.2,-22.59,-11.88,-16.82,-10.02,-10,-31,-24,-15,-14.88,-14.46,-10,-16.64,-13,-19.5,-13,-15.48,-20.52,-18.3,,-16.1,-15,-17.1,-16.5,-12.6,-13.74,-17.3,,,-16,,-15,-17.5,-14,,-20.07,-20.27,-11.3,-17,-15.5,-13.45,-15.28,,,5.10,31,27,8,-4,58,0.5282105443,0.1790892526
North Carolina,Virginia Tech,-6.5,-13.08,-11.57,-12.98,-31.63,-24.42,-21.27,-17.89,-16.63,-13,-35.5,-11,-21.79,-13.5,-12.57,-6.47,-15.99,-9.27,-13.82,-5.27,-15,-11.25,-8.62,-25.95,-15.8,-10.16,-20.09,-11.87,-17,-10,-26,-12.98,-14.46,-12.05,-10,-10.18,-13,-6,-12,-15.79,-13.51,-11.7,,-13.8,-14,-11.3,-8,-13,-5.64,-14.3,,,-11,,-15,-11.1,-10,,-11.87,-10.27,-12.5,-5.5,-4,-7.72,-16.83,,,5.73,22,19,8,-3,41,0.3322572035,0.2064516742
North Texas,Southern Miss.,8,14.22,14.23,8.66,16.95,16.61,18.28,6.49,17.74,17,6,13,14.83,13,13.72,13.93,7.99,12.2,12.63,5.27,7,5.35,11.59,21.55,8.51,14.69,20.45,10.25,17,10,18,13,12.59,15.7,5,12.51,5,8.5,9,18.61,14.04,17.9,,15.5,12,17.1,8.5,8.3,20.22,20.7,,,10,,21,17.8,9,,10.62,9.03,10.2,9,-0.5,7.47,15.81,,,4.82,7,30,8,23,37,0.6099177957,0.7767787495
Northern Ill.,Ohio,4.5,8.39,1.72,4.55,15.69,7.5,6.95,9.8,7.02,8,4,3,3.75,2,8.58,0.7,5.63,4.21,5.68,4.09,-5,9.25,5.54,8.7,3.73,6.66,6.69,7.74,3,1,5,5.3,6.58,7.98,1,5.59,7,4,4,4.62,9.56,4.7,,6.8,3,5,4.5,7.1,7.08,19.8,,,4,,4,5.3,6,,4.13,2.63,4.5,4,-2,5.67,8.35,,,3.66,21,24,8,3,45,0.5288703379,0.6363233721
Northwestern,Nebraska,3.5,12.18,16.16,12.6,24.84,19.64,13.57,18.04,17.11,18,32,15,18.46,13.5,11.43,15.01,12.02,17.4,15.75,17.07,11,19.65,8.93,26.65,12.85,5.08,14.28,5.65,15,11,24,15.01,15.68,12.91,7,13.75,18,9,15,19.13,25.6,22.3,,14.5,15,19.8,5,16.7,8.37,15.5,,,15,,20,20.1,23,,20.87,9.13,11.6,4,6.5,20.77,15.33,,,5.52,31,34,8,3,65,0.7669587946,0.825650554
Notre Dame,Pittsburgh,21.5,21.78,24.16,20.61,37.67,28.05,28.73,24.31,26.87,24,38.5,26,25.34,29,21.39,23.58,21.16,16.16,24,20.23,21,29.35,21,34.95,12.74,20.14,28.31,13.55,27,21,40,24,23.7,22.08,12,26,22,21,22,26.92,28.33,28.3,,23.9,24,26.1,21.5,28.5,25.79,26.6,,,21,,22,28.3,25,,18.76,16.73,18.6,21,9,27.79,27.13,,,5.93,14,19,8,5,33,0.5586430469,0.921654037
Ohio St.,Minnesota,30,27.39,20.99,25.46,26.19,24.47,19.27,27.72,33.64,24,52.5,22,28.5,30,26.47,17.23,30.22,14.21,27.38,28.28,22,36.95,26.57,31.65,29.85,18.73,23.56,15.56,20,31,34,27.39,30.61,29.44,13,28.35,33,29.5,30,22.2,28.46,30,,27.2,25,27.9,30,32.3,35.25,27,,,23,,31,29.2,38,,31.62,27.23,25.8,29.5,22,37.09,26.46,,,6.72,14,30,8,16,44,0.4395923147,0.9439120485
Old Dominion,Marshall,-3.5,-7.59,-7.24,-4.61,-1.65,-10.52,-9.65,-0.3,-7.31,1,-32,-9,-0.4,-11.5,-7.63,-10.67,-6.55,-8.05,-6.24,-3.69,-10,-3.65,-7.84,-0.5,-14.16,-6.39,-4.62,-2.07,-12,3,-2,-6.55,-7.59,-9.39,-3,-8.45,-7,-4.5,-11,-9.26,-4.5,-7.8,,-5.2,-8,-5.5,-3.5,-0.8,-6.44,-10.6,,,-8,,1,-6.6,-3,,-5.78,-1.86,-4.2,-3.5,6.5,-3.93,-8.56,,,5.31,42,20,8,-22,62,0.4349937573,0.354668222
Oregon,Washington,-3.5,-9.31,-4.68,-8.94,-8.45,-6.35,-6.69,-6.3,-8.47,-3,-7,-9,-8.64,-11,-9.42,-2.7,-10.32,-5.34,-7.44,-3.12,2,-5.85,-5.74,-10.85,-12.6,-4.13,-8.91,-3.44,-6,-8,-24,-7.56,-8.33,-9.66,-4,-5.34,-5,-3.5,-3,-7,-12.28,-8.5,,-5.7,-5,-5.5,-4.5,-3.2,-4.84,-8.7,,,-11,,-8,-7.7,-6,,-6.71,-9.77,-8.3,-3,-8,-8.64,-7.56,,,3.56,27,30,8,3,57,0.404325059,0.3237307531
Penn St.,Michigan St.,13.5,17.34,16.96,15.87,23.62,16.18,18.53,28.49,17.74,18,35,12,29.31,15,17.3,10.78,21.42,12.08,17.88,17.93,19,26.95,15.47,19.4,24.17,12.16,21.4,8.88,22,17,3,17.59,22.62,13.52,13,17.59,24,14.5,15,15.33,7.22,11.4,,20.1,15,9.7,14,20.1,23.34,20.9,,,18,,22,10.3,25,,20.85,12.43,10.7,13.5,20.5,23.75,25.09,,,6.08,21,17,8,-4,38,0.6016694748,0.853568398
Rice,UAB,-16.5,-18.98,-22.48,-17.64,-17.44,-20.73,-17.08,-23.74,-25.69,-14,-27.5,-19,-28.95,-15.5,-18.09,-19.24,-12.26,-11.14,-18.07,-24,-22,-21.35,-13.16,5.4,-13.54,-12.2,-19.13,-9.03,-21,-7,-9,-19,-18.32,-19.14,-9,-16.51,-12,-16,-20,-19.45,-20.28,-23.2,,-17.4,-19,-20.6,-16.5,-25.7,-24.4,-22.5,,,-11,,-25,-20.8,-24,,-11.44,-19.77,-11.7,-16.5,-6.5,-21.87,-21.48,,,5.49,42,0,8,-42,42,0.4627654536,0.1410111482
San Diego St.,Air Force,10.5,4.98,12.23,11,13.14,7.87,3.63,11.94,16.85,13,20.5,11,-0.15,14.5,3.41,18.42,10.09,9.8,10.94,11.85,2,10.45,9.78,28.3,5.22,17.03,16.98,16.04,15,11,21,11,8.09,12.57,5,8.13,9,9.5,16,20.46,13.12,12.2,,6.2,10,10.7,10.5,6.4,9.92,12.7,,,7,,11,10.9,10,,2.7,9.13,7.4,11.5,14,16.45,3.31,,,4.88,17,21,8,4,38,0.5105686623,0.7449741696
San Jose St.,Army,-16.5,-21.73,-28.51,-22.69,-14.43,-20.34,-18.46,-31.96,-31.56,-25,-68,-23,-32.54,-23,-20.44,-26.48,-23.97,-12.95,-23.28,-25.46,-19,-29.15,-13.71,-15.1,-28.89,-15.61,-20.69,-11.65,-28,-14,-22,-22.87,-24.58,-25.19,-13,-17.35,-26,-17,-23,-26.79,-17.14,-23.7,,-22.6,-19,-21.5,-17.5,-34.2,-28.3,-29.1,,,-17,,-27,-21.7,-28,,-22.87,-21.27,-14.5,-15,-2.5,-28.74,-21.89,,,8.74,52,3,8,-49,55,0.3541495753,0.0994551483
South Carolina,Texas A&M,-2.5,-2.12,2.76,3.78,6.83,-0.57,6.34,-2.5,-2.85,7,7.5,3,2.22,-3.5,-2.03,3.04,-3.6,1.99,1.36,-1.06,-7,0.85,-1.27,2.2,-1.82,2.3,9.16,1.56,7,7,-2,1.5,0.62,-2.21,-2,0.15,-1,-2,-1,3.05,1.54,1.5,,0.8,2,2,-2,4.4,0.01,-0.4,,,1,,-1,1.7,-4,,6.1,4.03,-1.6,-2.5,3,-2.74,3.28,,,3.39,26,23,8,-3,49,0.5939743279,0.5333833651
TCU,Texas Tech,7.5,3.08,0.49,6.1,8.43,-0.68,-4.13,3.2,0.37,8,17,5,-3.73,9.5,3.49,2.6,8.62,-2.94,3.87,-2.71,-7,-2.05,6.54,3.75,4.91,3.87,2.94,7.07,-1,14,2,4.2,3.12,5.69,5,0.18,8,7.5,2,3.37,4.47,7.6,,4.2,8,7.8,7.5,-1.8,-3.69,-3.3,,,5,,-4,7.5,2,,7.15,8.73,7,7,9.5,11.28,-5.91,,,5.01,17,14,8,-3,31,0.4136855573,0.5919222757
Texas,Baylor,14,16.11,13.68,16.55,18.4,16.12,13.5,15.05,18.06,14,31.5,17,16.88,16.5,15.91,12.08,15.11,9,16.12,13.71,5,18.35,15.57,25.3,13.65,15.4,13.94,20.86,17,14,27,16.11,18.77,16.73,9,14.23,19,17,19,19.02,16.41,13.4,,15.8,16,13.9,14,16.3,17.31,21.1,,,12,,13,13.3,17,,17.78,15.03,11.4,14,9,20.45,17.83,,,4.06,17,23,8,6,40,0.5514708541,0.8373841068
Texas St.,Georgia Southern,-17,-24.71,-25.28,-19.73,-21.26,-11.98,-26.28,-18.92,-31.05,-15,-29,-19,-28.56,-20.5,-23.88,-23.63,-21.76,-13.13,-20.8,-23.93,-22,-21.55,-14.98,0.9,-20.31,-11.53,-27.62,-6.55,-34,-24,-16,-21.26,-23.46,-25.76,-13,-18.59,-16,-17.5,-24,-22.13,-9.58,-18.5,,-21.9,-21,-15.9,-17.5,-24.3,-22.27,-17,,,-21,,-30,-17.3,-26,,-30.98,-19.77,-15.5,-17.5,0.5,-23.13,-32.19,,,6.78,15,13,8,-2,28,0.4128818244,0.1141081907
Texas-San Antonio,Louisiana Tech,-11.5,-8.04,-10.6,-5.71,-18.93,-3.13,-8.78,-10.19,-3.1,-6,-3,-9,-17.96,-7,-8.74,-6.93,-9.88,-1.11,-9.43,-9.8,-10,-11.65,-12,-2.75,-15.13,-4.05,-9.95,-2.33,-15,-4,-27,-9.26,-7.79,-6.73,-2,-9.32,-6,-11.5,-9,-9.26,-9.61,-11.3,,-10.1,-9,-8.8,-11.5,-8.2,-15.46,-14,,,-8,,-16,-10.9,-14,,-12.36,-9.27,-11.7,-12,-4.5,-11.17,-10.53,,,4.73,31,3,8,-28,34,0.5497244164,0.2845811931
Tulsa,South Florida,-7,-8.63,-16.14,-12.29,-1.65,-12.13,-7.01,-6.09,-20.37,-1,-29,-13,-3.81,-19.5,-7.1,-22.31,-9.88,-10.51,-8.97,-8.05,-22,-8.75,-6.39,-28.2,-15.38,-16.22,-4.79,-9.85,-17,-6,3,-8,-12.36,-14.87,-4,-4.85,-5,-7.5,-8,-21.61,-5.95,-4.8,,-3.7,-7,-8,-7,-7.3,1.46,6.3,,,2,,-8,-4.8,-7,,-8.13,-12.27,-3.2,-7,-9.5,-15.71,-6.97,,,6.79,25,24,8,-1,49,0.4545840801,0.3017143834
USC,Colorado,6.5,-0.17,-4.41,6.23,-11.39,-10.45,-5.89,-4.51,-1.64,1,12.5,-1,-6.63,3,0.01,-3.32,5.91,-6.17,2.06,-2.03,-10,2.75,4.51,5.2,5.02,2.25,-6.05,6.56,1,4,7,2.25,3.92,1.61,1,8.89,9,7,1,-0.94,20.33,6.6,,4.9,6,5.4,6,2.4,0.95,0.6,,,3,,-3,8.6,9,,-1.21,5.33,6.2,7,9.5,2.12,-6.12,,,5.94,20,31,8,11,51,0.3966866725,0.5483633131
Utah,Arizona,13.5,14.88,11.12,16.04,36.68,19.23,18.1,18.18,17.04,21,24.5,11,14.27,11,14.57,9.55,12.97,10.6,15.2,16.41,4,16.35,12.82,24.25,15.8,12.4,22.37,11.5,18,10,16,14.88,13.13,14.36,8,12.63,15,13,13,19.48,12.5,15.3,,12.5,12,14.9,13.5,17,16.73,18.6,,,13,,14,15,11,,24.03,13.84,11.4,13,5.5,15.95,18.1,,,4.94,10,42,8,32,52,0.5407255402,0.8197309702
Utah St.,UNLV,27.5,24,23.49,15.79,31.98,23.62,22.85,29.06,30.44,21,32.5,25,36.21,21,23.11,17.14,16.32,14.64,23.56,27.34,24,27.95,18.89,22.2,13.45,16.39,28.34,15.68,28,20,25,23.7,25.8,22.43,14,24.05,26,23.5,25,27.61,20.06,24.8,,27.3,22,23.7,27,33.1,26.59,32.9,,,22,,27,23.9,32,,23.28,16.73,18.4,27,12.5,20.7,31.66,,,5.77,28,59,8,31,87,0.4077793921,0.9184663548
Vanderbilt,Florida,-7.5,-13.22,-9.75,-10.93,-2.8,-18.47,-6.51,-13.8,-17.37,-4,-6,-9,-14.91,-10,-12.69,-7.16,-7.69,-5.65,-10.63,-12.51,-12,-16.55,-9.25,-20.8,-7.42,-8.79,-6.46,-7.59,-8,-7,-29,-10,-11.34,-13.67,-3,-12.46,-10,-8,-15,-12.03,-7.17,-12.9,,-10.9,-9,-9.6,-8,-15.9,-12.15,-18.3,,,-10,,-15,-11.7,-9,,-6.22,-8.77,-8,-7,-4.5,-10.48,-12.6,,,4.45,37,27,8,-10,64,0.4247122499,0.2595376164
Virginia,Miami (Fla.),-7,-8.18,-8.68,-7.68,0.01,-10.74,-2.93,-9.32,-7.13,3,-1.5,-9,-14.06,-13,-8.33,-5.98,-7.01,-3.75,-7.24,2.63,-6,-7.65,-8.26,-19.05,-13.91,-7.06,0.19,-7.93,-7,-7,-6,-7.77,-12.41,-9.68,-4,-8.64,-11,-7,-7,-9.72,-13.19,-10.5,,-11.8,-10,-8.1,-7,-0.5,-6.03,-0.01,,,-7,,-6,-9.9,-8,,-8.86,-7.77,-2.9,-6.5,-12,-5.78,-9.16,,,3.88,13,16,8,3,29,0.4941413378,0.3288726837
Appalachian St.,Louisiana-Lafayette,25,26.22,20.46,23.38,34.38,22.5,23.07,23.62,22.48,24,42,22,36.82,19,26.76,12.28,27.6,13.2,25.54,20.79,17,32.35,26.33,32.44,26.43,16.42,29.2,15.38,21,39,,24.12,29.01,24.23,20,28.58,32,25,27,25.3,20.37,22.7,,32.4,23,21.7,25,26.9,21.79,37.3,,,29,,29,22,32,,33.42,25.7,22.1,25.5,19,23.69,30.04,,,6.42,17,27,9,10,44,0.5125799468,0.9321049573
Arizona St.,Stanford,-2.5,-1.76,-1.62,-1.14,3.65,7.81,1.62,6.62,-4.08,6,-15,-2,8.03,-5.5,-1.39,-6.45,-0.24,-2.84,-0.93,-2.49,-2,3.25,-2.21,-13.56,-6.47,-3.1,1.14,-3.6,-6,-1,,-1.76,-1.86,-6.78,2,-1.31,1,-2,0.01,-6.14,-4.18,-4.6,,1.7,-4,-2.8,-2.5,6.6,9.19,7.2,,,-4,,-3,-4.2,3,,,-2.19,-2,-2.5,-5,0.86,2.86,,,4.52,20,13,9,-7,33,0.5378901368,0.4775335617
Arkansas,Tulsa,7,3.33,2.67,2.58,-0.75,-0.83,2.1,8.24,2.14,1,-3.5,4,4.67,4.5,3.52,1.67,-0.64,-9.82,3.75,0.55,-1,6.85,4.4,3.59,2.13,6.98,1.82,9.67,2,6,,3.61,6.6,4.47,3,5.89,5,3.5,7,3.14,15.71,10.6,,4.8,4,10.7,6.5,5.1,7.62,-0.4,,,-1,,-4,12.3,6,,-1.42,2.21,7.3,7,-1,9.78,3.7,,,4.41,0,23,9,23,23,0.4218093783,0.5900274317
Arkansas St.,Georgia St.,14.5,9.25,10.8,11,19.26,10.94,12.78,9.72,7.76,13,14.5,8,16.38,10,9.47,8.01,10.47,9.77,10.93,10,5,7.65,12.7,6.97,8.23,5.94,12.87,2.19,11,15,,10.7,8.73,9.98,7,10.97,14,13,10,11.43,5.96,10.6,,17,15,9.2,13.5,9,16.49,17.4,,,13,,6,10,11,,13.48,9.7,11.9,14.5,16,5.76,11.25,,,3.62,35,51,9,16,86,0.4132283053,0.7489712978
Army,Miami (Ohio),7.5,17.95,16.66,17.03,32.45,18.27,19.01,19.76,16.7,20,27,13,20.22,15,18.13,14.87,13.08,13.04,16.99,21.33,12,23.55,15.15,30.44,17.17,13.63,21.13,10.04,22,24,,17.1,18.84,17.26,10,12.88,20,11.5,13,23.47,9.32,13,,18.5,15,14.2,9,20.1,21.32,19.2,,,15,,11,15.1,19,,18.45,10.41,11.9,7.5,4.5,15.43,19.5,,,4.85,30,31,9,1,61,0.716259526,0.8469960795
Ball St.,Eastern Mich.,-3,-4.47,-4.52,-9.42,-5.4,2.43,-2.19,-2.09,-5.86,1,-24.5,-3,-6.38,-2.5,-4.28,-3.59,-13.61,-1.99,-5.61,-1.23,-1,-3.85,-4.99,-6.44,-12.33,-7.13,-11.56,-4.44,-4,-4,,-5,-7.76,-6.33,-5,-3.6,-9,-3,-6,-5.07,-3.19,-7.4,,-5.1,-5,-5.7,-3,-3,-3.36,-2.8,,,-5,,-4,-6.8,-13,,-3.97,-5.7,-2.2,-3,-8,-7.19,-4.06,,,4.07,42,20,9,-22,62,0.43672628,0.3660442167
Boise St.,Colorado St.,24.5,21.56,19.41,18.36,13.2,23.21,17.75,23.85,16.51,24,41,21,28.69,19.5,22.33,14.76,19.07,10.63,22.26,16.35,16,27.65,25.86,29.56,27.5,19.46,17.48,18.25,18,25,,21.92,21.82,18.05,14,26.67,26,23.5,21,22.03,32.14,28.4,,29.3,24,26.5,24.5,21,19.9,32,,,26,,13,28.2,29,,26.51,24.7,14.5,23.5,18,23.84,22.05,,,5.67,28,56,9,28,84,0.4471415914,0.9066757914
Central Mich.,Western Mich.,-4,-5.78,-15.26,-5.07,0.51,-12.05,2.02,-3.81,-15.09,-1,-20,-14,-8.37,-15,-4.5,-18.72,-6.66,-7.2,-6.19,-2.91,-13,1.85,-6.53,-7.25,-5.15,-10.4,-1.78,-3.69,-12,-3,,-5.28,-7.8,-11.19,-2,-5.63,-6,-5.5,-3,-12.65,-2.9,-5.4,,-5.4,-7,-4,-4,-1.1,-9.06,-5.9,,,-6,,-10,-4.8,-4,,-2.71,-4.39,3.1,-4,-1.5,-3.53,-0.52,,,5.10,35,10,9,-25,45,0.4477516239,0.3552288339
Clemson,NC St.,17.5,14.62,12.26,12.11,16.92,8.31,10.56,12.87,11.82,13,26.5,14,24.22,19.5,14.94,6.28,13.78,6.32,15.01,3.76,8,14.85,18.3,10.44,7,12.02,13.51,12.98,10,15,,14.19,16.91,13.55,7,18.13,21,17,16,7.84,20.62,23,,22.4,18,20.3,17.5,10.9,22.93,18.2,,,18,,18,22.4,23,,13.42,13.6,16.8,18,13.5,14.38,13.14,,,5.09,7,41,9,34,48,0.4406333191,0.8160413149
Duke,Virginia,6.5,9.05,9.98,12.2,20.54,11.22,14.15,7.15,7.57,15,11,9,13.57,10,9.24,8.18,10.84,9.26,10.25,5.75,4,4.35,7.84,17.19,9.86,3.94,12.05,7.94,9,11,,10.2,9.48,11.02,6,11.16,14,8,5,13.82,12.73,12.9,,13.9,12,10.1,7.5,10.3,2.9,11.4,,,9,,14,12.6,13,,16.94,9.2,11.5,7,3.5,6.65,8.14,,,3.55,28,14,9,-14,42,0.5911611454,0.7356930198
East Carolina,Central Florida,-21,-22.99,-24.89,-24.2,-18.97,-18.85,-19.82,-13.92,-23.98,-23,-54.5,-26,-29.76,-26,-22.88,-22.46,-24.44,-11.67,-23.67,-5.21,-19,-25.25,-24.04,-33.19,-27.28,-15.44,-18.76,-13.08,-20,-28,,-24.2,-26.91,-23.39,-11,-23.84,-30,-24,-28,-28,-24.96,-30,,-26.5,-25,-29.6,-21.5,-24.9,-20.66,-13.6,,,-23,,-25,-29.1,-31,,-27.11,-22.3,-20,-21,-15.5,-34.58,-27.45,,,7.26,37,10,9,-27,47,0.4392190437,0.0875617971
Florida Intl.,Rice,23.5,23.72,25.94,25.98,30.72,23.33,21.21,20.73,27.96,28,44,26,34.48,23.5,23.15,21.67,24.59,17.16,25.36,24.83,22,29.75,25.26,1.22,18.92,17.93,28.73,13.89,26,22,,25.72,25.74,23.09,16,24.59,31,24,30,22.05,29.42,29.1,,28.1,24,27.8,23.5,31.1,25.57,25.7,,,20,,32,26.4,31,,27.27,24.7,17,23.5,9,32.89,29.91,,,5.82,17,36,9,19,53,0.5437956485,0.9331664377
Florida St.,Wake Forest,9.5,8.73,3.03,-0.01,9.46,8.82,-2.4,12.68,5.18,14,4.5,3,7.08,5.5,9.23,1,6.13,-1.66,6.22,0.82,-4,11.55,10.17,2.91,-3.6,4.1,7.25,5.27,1,7,,6.79,6.87,7.44,6,8.97,12,11,9,3.07,4.81,8.6,,10.8,8,8.3,9,7.6,14.45,6,,,9,,4,6.7,14,,1.61,4.1,7,10.5,6,11.36,0.01,,,4.40,17,38,9,21,55,0.421082531,0.6471393721
Hawaii,Nevada,3,-0.4,6.95,2.19,4.71,2.07,1.25,-0.83,6.66,9,22.5,7,-3.21,12.5,-1.37,12.03,2.29,8.72,1.8,7.56,7,-2.95,-1.07,9.34,0.24,13.64,7.18,6.39,7,4,,1.13,0.4,2.92,1,-0.43,-4,3.5,-3,9.91,-4.65,-6.7,,-2.4,0.01,-3.8,3,-3.5,-5.71,-9,,,-2,,2,-5.9,-8,,-1.37,3.2,2.6,3,3,-3.19,-4.2,,,6.22,40,22,9,-18,62,0.4719474109,0.5420355351
Indiana,Penn St.,-14,-16.8,-7.11,-16.31,-20.33,-14.82,-14.56,-11.48,-11.38,-7,-14.5,-7,-23.1,-7.5,-17.84,0.88,-19.17,-5.02,-15.59,-11.73,-14,-25.85,-16.79,-15.09,-27.03,-4.3,-13.62,-8.97,-8,-20,,-16.55,-18.63,-13.34,-8,-19,-20,-13,-15,-9.63,-19.12,-21.2,,-19.1,-17,-18.7,-14,-16.3,-18.41,-21.6,,,-21,,-19,-20.4,-23,,-22.75,-14.3,-12.5,-15,-12.5,-23.37,-21.04,,,6.10,33,28,9,-5,61,0.4627541905,0.1796380432
Iowa,Maryland,9,12.96,8.19,15.37,18.14,10.35,11.21,9.19,13.08,14,29,9,8.78,12,12.94,7.88,12.68,9.85,13.63,9.05,7,16.25,12.84,16.69,15.04,10.12,13.43,11.84,10,24,,12.95,14.72,13.65,9,12.55,21,13.5,11,13.23,15.03,14.2,,11.3,15,13.1,9.5,18.9,17.29,14.2,,,18,,11,13.7,23,,11.63,9.51,11.9,9.5,9.5,21.24,12.39,,,4.30,0,23,9,23,23,0.6108368772,0.796361448
Kent,Akron,-5,-5.54,-9.56,-9.32,-19.55,-4.81,-6.97,-4.69,-7.48,-8,-44,-9,-9.23,-8,-5.31,-9.73,-9.39,-4.69,-8.46,-9.31,-8,-6.95,-7.67,12.72,-11.82,-7.25,-7.64,-2.59,-10,-1,,-8,-9.54,-7.17,-4,-5.99,-6,-4.5,-10,-6.93,-10.9,-11,,-6.2,-6,-10.6,-5.5,-4.6,-4.99,-9.9,,,-9,,-11,-10.3,-8,,0.15,-6.59,-9.7,-5,-3,-10.96,-8.9,,,5.81,24,23,9,-1,47,0.4189111742,0.3083757067
Kentucky,Vanderbilt,13,16.24,17.62,16.51,11.36,25.97,15.48,11.82,23.04,16,17,14,20.21,12.5,15.39,16.31,11.34,13.95,15.96,24.09,12,21.45,14.15,28.06,10.62,11.04,16.97,7.7,17,10,,16,13.74,18.74,7,14.73,15,11.5,16,21.49,17.36,17.3,,16.1,14,15.9,13.5,21.4,24.36,21.1,,,15,,20,17.3,19,,13.97,10.21,15.3,11.5,7,13.37,20.11,,,4.40,7,14,9,7,21,0.5713048084,0.8337042655
LSU,Mississippi St.,6.5,5.15,10.66,12.91,8.25,0.24,7.02,11.55,12.32,11,7,7,5.13,13.5,4.27,13.43,9.26,8.65,7.88,15.9,1,12.95,5.47,10.19,4.98,9.78,9.38,8.12,13,7,,7.87,6.2,7.62,5,3.08,12,6.5,6,9.47,0.64,2.2,,4.7,6,4,6.5,14.4,8.75,1.8,,,1,,12,1.6,9,,8.97,6.41,4.6,6.5,9,12.82,5.46,,,3.95,3,19,9,16,22,0.533612789,0.6849824935
Louisiana Tech,UTEP,23.5,26.59,32.84,27.12,38.08,24.03,28.07,20.18,31.93,32,42,26,31.84,29.5,25.97,33.34,24.69,19.42,27.52,36.96,22,28.25,26.53,5.34,29.44,23.79,25.49,15.18,38,27,,27.04,26.83,29.45,16,25.42,27,26.5,28,27.08,27.91,27.9,,28.3,28,25.2,24.5,26.6,26.74,27,,,23,,21,25.8,32,,31.01,26.71,22.9,23.5,16.5,35.68,27.47,,,5.46,24,31,9,7,55,0.5946201929,0.9494135522
Louisiana-Monroe,Texas St.,10.5,13.81,13.4,13.28,0.63,-0.01,10.43,7.72,24.61,9,19,15,6.24,18,12.36,17,11.33,18.49,11.89,14.59,4,6.95,11.02,-10.06,9.77,12.23,13.84,11.33,17,11,,11.63,11.51,19.23,8,11.71,9,11.5,13,11.56,8.03,14.2,,10.4,13,10.9,10.5,9.9,7.39,8.6,,,13,,12,13.6,13,,9.65,11,13.9,10.5,5.5,17.78,11.17,,,4.36,14,20,9,6,34,0.5336441101,0.7649266688
Marshall,Florida Atlantic,-2.5,2.6,4.3,-2.96,7.62,9.31,2.78,0.37,1.54,6,-16.5,5,0.7,5.5,2.75,6.09,-1.01,3.61,1.13,11.41,4,1.75,2.65,3.91,-8.33,1.19,3.5,-5.66,4,3,,1.73,2.12,1.81,1,3.73,-4,0,0.01,4.16,0.5,-0.2,,1.7,0.01,1.4,-1.5,0.01,1.91,0.5,,,3,,2,-0.6,-1,,-7.28,-4.4,3.9,-3,-1,-2.01,3.06,,,4.45,7,31,9,24,38,0.5871323237,0.5273217642
Massachusetts,Coastal Carolina,3,-0.57,-3.14,3.88,-4.51,-1.43,-1.82,4.63,0.6,1,-12,-2,-1.05,0.01,-0.74,-4.19,6.81,-4.57,1.62,2.45,-3,8.65,3.79,6.75,-0.41,-2.66,-2.8,1.28,-4,4,,1.19,0.19,-1.93,3,6.79,6,3.5,10,-1.96,6.6,10.7,,2.6,2,9.6,3,9.4,-8,2.7,,,10,,-2,10.2,8,,-7.97,2.4,1.1,3,6.5,8,-4.98,,,5.20,24,13,9,-11,37,0.4670823092,0.5386259126
Michigan St.,Michigan,-7.5,-8.17,-8.15,-7.38,-9.41,-9.04,-8.32,-5.41,-8.78,1,5,-8,-10.75,-10.5,-8.08,-6.85,-6.94,-6.45,-6.39,1.47,-11,-6.45,-9.47,-10.63,-10.04,-0.93,-7.35,2.32,-8,-7,,-7,-8.28,-5.34,-6,-6.76,-5,-6.5,-4,-4.4,-2.83,-7.1,,-7.7,-5,-7,-7.5,-5.8,-14.19,-11.6,,,-8,,-10,-6.2,-2,,-5.64,-3.1,-0.9,-7,-12,-2.63,-11.82,,,3.98,21,7,9,-14,28,0.5270384466,0.3480962539
Middle Tenn.,Charlotte,16.5,12.82,8.13,17.42,11.34,0.01,11.45,10.13,13.65,13,41.5,10,7.72,12,12.72,8.32,16.83,9.42,13.98,10.07,2,18.75,15.51,7.47,18.87,14.33,14.49,8.42,9,21,,13.69,12.45,14.71,7,13.73,19,17,19,12.78,16.4,18.3,,13.5,16,16.3,16.5,16.7,7.14,7.1,,,14,,7,17.3,19,,15.53,15,12.8,16.5,15.5,24.24,12.25,,,6.00,13,21,9,8,34,0.4409714025,0.7949902333
Mississippi,Auburn,-4.5,-3.66,5.14,-2.4,0.72,-0.92,-0.66,0.53,6.53,8,-10.5,-0.25,-2.54,1.5,-5.22,8.98,-7.86,5.79,-1.18,7.92,3,-1.35,-7.02,3.13,-7.93,2.57,3.88,0.62,5,-13,,-1.86,-5.6,-1.72,-2,-4.7,-2,-2.5,-1,4.69,-9.15,-9.2,,-4.2,-5,-7,-4,5,5.69,-2.7,,,-8,,10,-7.9,-2,,2.01,-3,-5.1,-3.5,-4.5,3.28,1.5,,,5.36,31,16,9,-15,47,0.5785373459,0.4719265441
Missouri,Memphis,10,6.73,8.08,8.8,19.42,3.57,9.02,8.61,11.32,12,1,9,9.9,5,5.92,7.17,7.7,9.89,9.16,14.16,-5,7.25,6.57,19.53,3.11,6.76,16.79,4.36,11,11,,8.8,7.65,7.61,6,8.12,7,7,9,11.58,16.89,15.5,,7.7,9,12.1,10,10.5,12.94,17.2,,,14,,15,15.5,10,,7.08,6.6,5.3,9.5,-8.5,7.95,11.43,,,4.92,33,65,9,32,98,0.479843688,0.709248614
Navy,Houston,-12,-11.84,-14,-6.6,-20.74,-7.51,-12.95,-4.48,-17.49,-8,3,-12,-15.7,-11,-11.03,-13.17,-5.08,-9.99,-9.49,-12.32,-20,-8.65,-11.83,-18.97,-7.16,-6.49,-13.19,-2.9,-12,-1,,-9.5,-12.11,-12.58,-4,-11.21,-6,-10,-10,-16.07,-6.85,-9.4,,-9.6,-9,-7,-12,-10.5,-15.61,-7.8,,,-6,,-15,-8.6,-5,,-5.95,-7.4,-3.9,-11.5,-5.5,-10.05,-17.63,,,4.71,49,36,9,-13,85,0.5602458223,0.2832707249
Nebraska,Minnesota,4.5,-4.68,-13.85,-5.13,-12.77,-12.75,-6.13,-0.01,-7.14,-4,-10.5,-10,-9.1,-9,-4.32,-16.22,-3.89,-13.05,-5.35,-5.62,-14,-2.25,-0.57,-20.34,-7.67,-0.57,-6.81,1.61,-16,-4,,-4.59,-7.31,-5.92,-2,-2.67,0.01,5,-1,-13.26,-0.53,-4.5,,-2.9,-3,-3.4,3,2.6,3.28,-6.5,,,-5,,-4,-2.8,-11,,-9.05,-1.4,0.3,3.5,3.5,-2.26,-9.71,,,5.03,28,53,9,25,81,0.277081654,0.3739954942
New Mexico,Fresno St.,-13.5,-17.73,-13.73,-17.01,-20.22,-19.58,-12.25,-12.32,-17,-7,-26,-15,-21.24,-11.5,-17.86,-9.98,-17.18,-7.78,-16.04,-15.8,-14,-19.55,-16.74,-28.94,-26.15,-12.72,-11.68,-11.53,-15,-10,,-16.92,-18.75,-16.39,-7,-16.94,-16,-16.5,-20,-18.63,-15.92,-19.7,,-15.2,-17,-16.9,-14,-17.1,-15.83,-22.8,,,-18,,-15,-19.5,-21,,-15.38,-19.79,-11.1,-13,1,-21.89,-19.53,,,4.79,38,7,9,-31,45,0.439123475,0.1666718607
New Mexico St.,Georgia Southern,-9.5,-13.98,-18.04,-6.37,-20.73,-14.07,-17.11,-13.24,-16.69,-9,-20,-16,-21.15,,-13.64,-16.48,-9.06,-10.7,-13.17,-19.61,-23,-16.05,-14.41,-4.09,-13.67,-7.67,-14.62,-1.37,-20,-13,,-13.98,-14.32,-11.96,-6,-13.28,-11,-13,-15,-17.27,-6.69,-13.7,,-18.3,-15,-13.1,-10.5,-16.3,-13.16,-11.7,,,-15,,-17,-13.3,-15,,-11.82,-8.79,-7.7,-11,9.5,-14.61,-18.03,,,5.63,48,31,9,-17,79,0.41376414,0.2171518251
Ohio,Bowling Green,16.5,15.25,15.97,12.84,21.57,16.25,13.42,6.43,17.14,21,17.5,21,17.81,20.5,15,15.06,17.64,12.71,16.26,19.4,16,19.05,17.16,-3.75,14.25,14.08,20.86,11.73,16,18,,16.51,17.05,15.94,10,15.84,18,16.5,17,15.63,16.77,14.8,,18.1,19,15.5,16.5,17.1,10.79,9.1,,,18,,7,14.6,21,,23.1,19.2,17.6,16.5,16,22.99,15.06,,,3.59,14,49,9,35,63,0.4941175253,0.8411079756
Oregon St.,California,-7.5,-4.13,-4.69,-4.17,3.64,-14.7,-1.21,4.16,-3.33,2,-6,-5,0.72,-6.5,-4.29,-7.39,-5.3,-12.12,-5.44,-5.78,-10,-1.95,-8.32,-0.34,-13.4,-6.28,0.18,-5.23,-4,3,,-5.78,-9.33,-7.19,2,-5.79,-7,-7,-5,-6.22,-9.39,-15.1,,-5.1,-10,-13.8,-7.5,0.2,-7.59,-6.6,,,-7,,-6,-13.9,-6,,-2.67,-5.89,-8.4,-7.5,-6.5,-3.31,-2.8,,,4.43,49,7,9,-42,56,0.5497314617,0.3706803475
Purdue,Ohio St.,-12,-16.17,-16.26,-14.16,-13.58,-10.81,-7.81,-4.23,-17.92,-7,-35,-18,-12.75,-25,-15.96,-18.02,-17.55,-8.11,-13.82,-11.33,-16,-12.15,-14.55,-24.69,-22.59,-14.41,-8.48,-7.21,-17,-11,,-13.65,-20.41,-21.2,-6,-14.13,-12,-12,-12,-14.94,-9.17,-14.7,,-12.1,-12,-13.6,-12,-2.8,-8.76,-12.3,,,-10,,-18,-14.2,-11,,-12.3,-20.3,-10.8,-13.5,-15,-16.05,-13.7,,,5.35,20,49,9,29,69,0.4567394298,0.2046757147
Rutgers,Northwestern,-20,-23.44,-17.28,-25.69,-26.99,-21.89,-19.05,-15.82,-25.86,-12,-39,-16,-25.92,-18,-23.1,-12.95,-24.52,-13.15,-20.91,-10.95,-14,-24.75,-17.18,-9.75,-21.82,-8.13,-19.48,-11.58,-17,-17,,-21.35,-22.22,-23.58,-12,-19.16,-23,-21.5,-21,-19.88,-26.39,-25.4,,-20.5,-20,-22.7,-20,-21.7,-30.06,-29.5,,,-19,,-20,-23.4,-26,,-26.17,-20.8,-17.1,-20,-11,-26.63,-26.04,,,6.09,18,15,9,-3,33,0.4786582802,0.1093834577
San Diego St.,San Jose St.,27,25.64,32.87,27.31,31.88,27.91,18.29,27.59,37.78,33,73,26,28.56,28.5,24.15,35.04,29.58,19.38,28.73,16.58,17,32.85,25.91,24.34,28.53,29.6,26.36,24.69,31,27,,27.71,27.73,31.22,18,24.7,36,27,37,33.73,27.69,33.1,,28.3,27,30,27,27.6,26.5,29,,,26,,17,30.5,35,,23.69,26.2,19.6,28,23,37.14,22.12,,,8.04,13,16,9,3,29,0.5387274723,0.9468083709
South Florida,Connecticut,32.5,28.12,27.98,26.14,37.65,46.95,26.39,14.03,30.64,29,39,30,29.39,31,27.94,27.27,31.55,18.13,28.27,24.24,31,32.25,28.13,25.81,26.17,22.14,29.24,17.94,25,28,,28.13,31.27,27.77,18,26.79,32,31,30,32.23,27.76,29.4,,28.8,27,29.6,31.5,28.4,38.38,21.4,,,27,,20,27.9,32,,31.61,26.7,23.7,34,29,30.64,32.06,,,5.58,30,38,9,8,68,0.4007659097,0.9535142678
Southern Miss.,Texas-San Antonio,16,10.82,7.91,8.16,6.9,9.9,14.17,13.13,6.74,8,6,9,18.8,6,11.39,2.47,5.15,6.25,10.45,21.61,9,17.25,16.42,-1.81,9.47,3.47,9.68,4.5,9,15,,9.85,10.2,6.89,6,12.01,17,16,13,7.5,10.39,9.7,,14.1,11,8.5,15,13.9,14.74,14.8,,,11,,9,9.8,16,,9.23,7.2,10.8,17.5,10.5,10.01,15.04,,,4.12,17,27,9,10,44,0.367532094,0.7379901853
Syracuse,North Carolina,10,15.45,21.46,17.11,15.23,32.12,20.81,14.02,18.78,21,14,22,29.63,19,14.96,17.38,15.12,16.45,16.44,20.82,20,16.45,16.76,30.34,8.49,11.17,24.49,11.35,25,17,,15.34,15.18,14.04,12,15.83,12,12,10,23.54,12.39,13.3,,20.1,15,13,11,14.8,11.08,13.7,,,11,,19,13.5,14,,26.68,16.7,14.8,9,-3.5,8.82,24.74,,,5.78,37,40,9,3,77,0.6484802658,0.8347676741
TCU,Oklahoma,-7.5,-8.99,-8.9,-7.99,-9.67,-2.59,-9.85,-3.18,-11.84,-6,-14.5,-8,-8.73,-10.5,-8.51,-8.99,-9.2,-6.51,-7.88,-9.74,-12,-8.45,-7.88,-11,-12.81,-4.42,-9.64,-1.18,-13,-4,,-8,-7.64,-10.67,-6,-10.6,-5,-7.5,-4,-8.65,-9,-6.3,,-7.7,-7,-4.3,-7.5,-11.1,-5.77,1,,,-5,,-7,-4.6,-7,,-14.59,-7.8,-5.7,-8,-11.5,-10.02,-10.77,,,3.30,52,27,9,-25,79,0.4906509512,0.3134822068
Temple,Cincinnati,3.5,-0.32,-11.3,4.51,3.48,-8.45,-1.98,-4.32,-3.59,-5,4.5,-7,-6.85,-3.5,0.01,-13.52,6.04,-5.9,0.26,0.84,-10,4.05,1.11,-16.25,0.55,-2.78,0.7,3.14,-5,13,,0.63,-2.31,-1.46,5,-3.7,6,3.5,2,-7.28,4.04,7,,-0.5,1,5.1,3.5,5.7,-3.29,-7.6,,,4,,-4,6.7,6,,-1.08,4.7,4.3,3,16,4.95,-4.78,,,5.83,17,24,9,7,41,0.4240282383,0.5061335809
Tennessee,Alabama,-28.5,-28.36,-21.74,-29.27,-29.14,-27.26,-23.16,-18.83,-28.07,-17,-60,-24,-31.39,-30.5,-28.42,-16.92,-35.68,-11.11,-28.2,-32.54,-27,-36.15,-26.34,-24.22,-44.4,-9.11,-23.98,-8.55,-19,-29,,-28.57,-31.5,-28.63,-14,-23.97,-34,-28.5,-27,-18.61,-28.03,-40.2,,-30.5,-29,-35.6,-28.5,-35.4,-36.68,-28.5,,,-28,,-34,-38.1,-35,,-32.03,-22.8,-26.2,-29,-22,-36.71,-30.63,,,9.39,58,21,9,-37,79,0.506489491,0.0631147278
Texas Tech,Kansas,17.5,18.97,23.04,20.72,14.83,21.94,17.52,19.19,24.34,19,19.5,23,25.89,24.5,18.2,21.6,17.87,14.05,20.06,20.32,17,24.65,19.95,39.59,19.47,19.09,13.54,18.12,24,11,,19.92,24.83,19.89,12,18.31,27,18,24,26.8,19.97,13.9,,20.7,20,13.4,18,18.7,29.77,40.1,,,20,,20,13.3,19,,15.99,17.7,14.6,18,10,25.67,22.56,,,5.05,16,48,9,32,64,0.5610703158,0.8857542077
Toledo,Buffalo,-1.5,4.17,-5.94,-0.79,-10.4,-5.56,-2.66,0.56,-3.02,-7,-4,-5,1.73,-4.5,5.18,-9.76,6.16,-4.92,-0.57,-5.91,-5,4.55,4.71,-12.38,3.43,-3.32,0.51,3.83,-6,7,,-0.39,2.43,1.3,3,4.95,9,3,0.01,-9.07,5.05,1.1,,3.8,3,1.4,-1.5,-3.3,-5.21,-2.5,,,2,,-6,2.5,-9,,-0.99,-1,-1,-1,10,-5.31,1.85,,,4.91,31,17,9,-14,48,0.5223182613,0.4863166067
Tulane,SMU,7,9.1,4.85,10.38,16.22,11.48,11.66,9.63,9.64,8,6,5,7.27,2,9.03,3.65,7.02,10.61,7.68,13.73,5,9.15,7.99,10.91,8.61,-1.17,8.42,1.6,8,6,,7.57,7.22,7.74,6,8.8,6,8,3,8.6,4.74,5.7,,7.4,6,5.8,7,11.5,8.61,3.9,,,6,,13,5,13,,16.69,5.7,4.8,7,2,5.42,12.63,,,3.80,27,23,9,-4,50,0.5166140427,0.6809947098
UAB,North Texas,1.5,-1.8,1.41,0.44,6.02,-1.35,-4.18,-0.32,-0.83,3,-7,1,-0.6,-3,-1.94,2.42,1.49,-0.25,-0.45,-7.52,-1,1.35,-3.77,-1.47,-9.41,0.45,-1.23,1.73,3,7,,-0.46,-2.65,-3.1,3,-2.37,-1,1,0.01,0.54,-2.39,-2.6,,-2.7,0.01,-2.2,1.5,1.8,4.76,-2.1,,,1,,2,-2.2,3,,-2.77,-1.1,-2.3,1.5,6,1.99,-4.41,,,3.17,21,29,9,8,50,0.4520570143,0.4889108963
UCLA,Arizona,10,5.43,4.2,3.73,16.94,-2.86,8.64,11.94,4.44,7,3.5,3,11.09,1.5,5.57,0.75,5.91,0.32,4.33,5.18,-6,3.35,2.84,6.22,-2.57,-2.42,9.56,0.37,7,-4,,4.08,4.44,3.56,5,4.25,6,5.5,3,4.16,2.36,-0.6,,5.3,2,3.5,9,9.3,13.02,5.6,,,5,,4,1.9,5,,5.36,2.1,3.7,9.5,0.01,1.79,11.12,,,4.28,30,31,9,1,61,0.3650985717,0.6038639088
UNLV,Air Force,-9,-11.73,-4.06,-9.74,-10.52,-7.89,-10.02,-11.45,-11.49,-2,-19,-5,-13.92,-6,-11.86,0.87,-13.46,-4.13,-9.15,-1.82,-9,-14.35,-9.5,3.63,-10.82,-2.15,-9.1,-3.95,-6,-6,,-9.45,-10.55,-7.96,-5,-7.25,-10,-13,-12,-5.2,-3.57,-9.4,,-10.4,-8,-8.8,-9,-17.5,-16.92,-16,,,-9,,-13,-9.6,-14,,-18.37,-4.69,-6.9,-10,-2.5,-9.11,-15.24,,,4.60,41,35,9,-6,76,0.4963790715,0.2899046745
Utah,USC,6.5,9.46,3.63,9.82,14.25,19.8,11.45,6.85,6.37,10,6.5,4,10.72,3.5,9.85,0.01,6.96,7.92,7.93,4.85,4,12.55,7.3,5.84,4.87,5.91,10.77,5.93,4,7,,7.15,5.01,5.2,6,8.73,7,6.5,8,6.56,0.55,10.6,,8.7,7,8.9,6.5,13,10.89,11.3,,,10,,7,9.2,13,,14.64,5.7,5.4,7,-3.5,6.3,12.83,,,3.89,28,41,9,13,69,0.5348617905,0.6862366573
Washington,Colorado,17,13.06,4.47,15.02,7.94,4.41,9.24,14.1,12.14,6,20.5,7,9.19,9.5,13.2,2.12,15.67,7.27,12.34,11.73,1,14.15,13.97,14.47,14.51,7.04,5.93,9.21,8,17,,12.84,13.25,13.51,8,18.71,15,17,12,9.68,21.08,22.8,,14.7,15,19.3,16,13.6,13.95,9,,,16,,5,22.3,19,,9.85,12.61,16.6,15.5,12.5,10.74,10.17,,,4.98,13,27,9,14,40,0.3896974602,0.7708788558
Washington St.,Oregon,3,4.37,2.81,7.51,5.02,5.44,7.36,-0.43,0.56,10,-8,3,4.83,4.5,4.83,1.8,9.95,4.91,3.42,1.43,-3,2.75,3.11,5.38,1.64,-1.6,9.35,-2.62,4,4,,3.55,5.03,2.5,6,3.99,1,2,-5,4.31,5.1,-2.7,,2.2,1,-2,3,1.2,8.61,13.5,,,2,,2,-1.1,1,,7.91,4.3,2.7,3,9,0.46,6.99,,,4.11,20,34,9,14,54,0.5102170766,0.5826059799
Western Kentucky,Old Dominion,4,5,-0.25,3.67,12.03,9.98,7.56,5.66,-0.71,1,11.5,1,1.94,5,5.78,-1.34,9.42,2.49,3.98,-1.2,,3.55,8.33,4.34,6.89,1.89,4.2,1.08,1,7,,3.61,4.92,3.25,4,4.16,10,5,5,3.31,1.76,2.6,,3.4,5,0.8,4,-2,6.09,10.4,,,3,,3,1.1,4,,2.7,-1.09,2.1,5,5.5,3.45,4.61,,,3.31,37,34,9,-3,71,0.4995079688,0.5969400209
Wisconsin,Illinois,24,27,17.22,27.81,32.34,20.37,20.41,18.17,24.54,19,37,18,26.29,21,27.36,12.68,29.05,13.53,25.03,18.74,10,24.35,25.78,35.41,23.99,19.03,25.11,19.37,20,32,,25.95,27.98,27.03,19,25.19,33,25.5,24,26,28.93,27.3,,29.3,30,24.6,24,22,38.44,31.3,,,26,,23,26.9,27,,26.54,26.2,25.9,24.5,23,28.92,26.17,,,5.59,20,49,9,29,69,0.5244013874,0.931532459
Wyoming,Utah St.,-14,-15.26,-18.31,-11.45,-17.72,-20.43,-16.08,-15.04,-18.26,-12,-1,-16,-27.59,-13.5,-14.84,-13.68,-10.26,-10.11,-13.77,-16.32,-27,-15.75,-15.4,-26.69,-8.4,-6.69,-15.75,-2.04,-16,-7,,-14.92,-17.11,-12.65,-6,-15.48,-11,-14.5,-17,-19.13,-6.76,-12.7,,-19.4,-15,-12.1,-14,-16.7,-22.17,-13.2,,,-16,,-18,-10.6,-16,,-13.03,-11.3,-9.9,-14.5,-0.5,-13.51,-24.51,,,5.77,24,16,9,-8,40,0.5054326227,0.2074494664
Air Force,Boise St.,-10,-6.91,-8.2,-6.68,,-8.81,-4.41,-6.64,-7.8,-2,-22,-8,-5.91,-8.5,-6.79,-9.35,-9.61,-3.33,-8.04,-2.35,-9,-8.35,-6.22,-17.13,-13.86,-9.01,-7.1,-7.82,-9,-4,-11,-8,-7.75,-8.76,-3,-10.3,-5,-10,-8,-11.98,-14.34,-11.6,-9.91,-7.1,-8,-10.4,-10,-5.1,-9.2,-10.3,-15.66,-3.2,-7,,-3,-11.6,-6,,-6.12,-8.84,-4.2,-9.5,-10.5,-10.55,-7.36,,,3.28,48,38,10,-10,86,0.5481188985,0.3099548364
Akron,Central Mich.,5,5.5,14.54,3.48,,15.29,6.12,11.55,8.94,15,24,11,9.57,9.5,5.03,17.02,0.58,9.04,7.49,8.64,7,3.15,6.61,-2.06,3.72,12.8,8.14,6.94,11,3,2,6.94,6.42,8.53,3,5.52,7,6.5,3,11.53,8.82,9.7,4.34,7.4,6,8.5,5,7.7,3.12,2.8,-33.47,46.3,6,,11,9.6,6,,3.99,5.47,3.2,5,-3,9.98,5.72,,,4.51,10,17,10,7,27,0.559967474,0.6750395912
Arizona,Oregon,-9.5,-6.83,-9.3,-3.6,,-11.31,-8.2,-9.31,-10.21,-3,-18.5,-9,-7.6,-8.5,-6.35,-10.14,-3.95,-5.32,-7.14,-5.56,-14,-7.25,-4.56,-20.91,-9.73,-8.79,-6.36,-6.08,-10,-7,-12,-6.85,-5.82,-7.79,-2,-5.22,-6,-9.5,-6,-13.29,-0.91,-9.1,-9.6,-4.8,-5,-10.2,-9.5,-4.5,-8.7,-8.3,-2.28,-3.93,-6,,-7,-8.6,-5,,-6.72,-4.64,-4.3,-9.5,1.5,-6.85,-11.47,,,3.32,15,44,10,29,59,0.557847495,0.3298810262
Arkansas,Vanderbilt,-1,-0.72,-7.28,-4.32,,2.74,-6.11,0.61,-3.45,-5,-19.5,-6,-5.39,-3.5,-0.3,-8.22,-6.16,-5.78,-3.26,-5.67,-7,2.95,0.5,-15.41,-6.29,-5.67,-9.8,-4.21,-9,-15,1,-2.03,-0.42,-1.21,1,-0.54,2,2.5,0.01,-7.43,1.3,1.8,-12.64,-1.6,-2,0.2,-1,1.5,4.32,-5.8,-8.25,-13.69,2,,-10,2.9,-1,,-8.65,-2.03,2.6,-1.5,1,0.01,-6.06,,,4.83,45,31,10,-14,76,0.4458351558,0.4221280176
BYU,Northern Ill.,6.5,3.59,3.52,6.74,,3.16,6.02,14.46,4.39,3,14,3,5.06,3.5,3.49,2.75,4.04,7.03,5.57,6.25,5,9.05,7.59,7.72,6.75,3.89,3.36,4.47,6,7,-6,5.79,4.5,1.33,3,6.85,5,8,11,5.79,1.84,9,4.15,5.4,6,7.9,6.5,8.3,3.52,6.5,5.89,0.26,6,,5,8.2,8,,6.23,4.17,2.5,7,8,7.87,6.54,,,3.05,7,6,10,-1,13,0.4770596927,0.6347981777
Boston College,Miami (Fla.),-3.5,-2.86,-2.38,0.82,,-7.5,-0.01,-2.41,-0.77,1,9,-3,-7.23,-2.5,-3.21,0.01,-3.41,1.62,-1.32,2.53,-1,0.75,-1.5,-3.19,-7.08,-0.18,-1,-3.57,-4,-4,-9,-1.31,-3.96,-1.64,-1,-2.51,-1,-1.5,2,-1.31,-2.28,1.4,-4.08,-3.9,-2,0.3,-3.5,4,-7.14,-0.6,-8.44,-0.22,1,,2,1.5,3,,2.74,-0.01,-1.6,-3.5,-5.5,3.42,-3.63,,,3.24,14,27,10,13,41,0.5535186653,0.4675323112
California,Washington,-12,-16.93,-12.79,-17.79,,-9.04,-14.49,-17.04,-22.69,-8,-28.5,-11,-18,-12,-16.02,-10.18,-15.37,-8.46,-14.69,-14.92,-10,-15.95,-10.94,-29.06,-18.26,-8.88,-15.94,-9.15,-17,-14,-28,-14.49,-14.33,-17.91,-8,-13.92,-11,-11.5,-14,-19.09,-13.4,-15,-20.42,-13.6,-13,-13.9,-12,-15.6,-10.2,-6.8,-31.31,-4,-15,,-19,-13.4,-13,,-17.57,-15.33,-11.6,-11.5,-9.5,-16.49,-18.48,,,4.50,10,12,10,2,22,0.435250215,0.1866624964
Charlotte,Southern Miss.,-7,-5.8,-1.26,-3.95,,1.89,-4.68,-7.37,-3.27,3,-25.5,-2,-4.01,-2.5,-6.16,0.11,-10.7,-1.21,-4.44,-2.43,-8,-9.05,-4.67,8.63,-16.7,-2.64,0.42,-1.79,1,-7,-7,-4,-6.14,-5.49,-2,-3.5,-11,-7,-6,-1.14,-2.76,-4.5,-8.17,-3,-6,-5.3,-6.5,2,-2.25,-2.7,-14.28,-0.98,-4,,3,-4.4,-5,,-1.7,-4.63,-3.8,-7.5,-9,-4.82,-5.88,,,4.56,17,20,10,3,37,0.5615852656,0.394037875
Colorado,Oregon St.,24.5,25.07,26.17,25.84,,39.76,24.59,24.21,29.8,27,38,31,31.17,25,24.42,23.68,29.92,17.09,26.31,26.44,22,27.95,23.57,21.47,17.78,20.95,32.59,18.78,27,32,33,26.17,22.47,24.71,17,23.23,27,24,25,29.86,20.33,26.6,34.93,26.2,23,27.2,24.5,28.6,31.81,29,35.73,14.66,27,,20,23.7,29,,30.81,24.67,17.4,24.5,18,25.96,32.27,,,5.11,41,34,10,-7,75,0.5432174781,0.9426907887
Colorado St.,Wyoming,-2.5,-0.72,0.01,0.99,,6.21,-0.14,-10.45,2.63,-4,-13.5,3,-5.45,4.5,-1.19,2.85,1.3,5.31,-1.42,3.29,-1,-4.75,1.6,5.41,-9.26,-0.22,1.9,-2,1,-4,-3,-0.83,-0.01,0.8,1,-1.94,-2,2,-2,2.91,-10.35,-7.6,-2.02,-2.4,1,-7.1,-2.5,-5.3,6.33,-5.8,5.45,-0.18,-1,,3,-8,-5,,-3.29,-0.83,0.5,2,0.5,-2.21,-1.27,,,4.20,34,21,10,-13,55,0.5262183757,0.4655457818
Connecticut,Massachusetts,-4,-1.04,-3.41,2.07,,-14.63,-2.47,3.83,4.16,1,15,-4,-9.52,0.01,-1.77,-0.36,-4.52,0.41,-1.62,1.26,-9,1.25,-3.02,4.84,-5.64,5.15,-1.63,8.29,-2,-3,-11,-1.77,-4.99,2.35,-1,-5.41,-3,-6,2,1.66,-8.14,-4.9,-6.83,-5,-3,-4.6,-4,3.1,-6.94,6.8,-8.14,-11.56,-5,,-4,-3.1,-1,,-4.73,-1.43,-1.6,-5,0.01,2.42,-6.15,,,5.15,22,17,10,-5,39,0.5567015487,0.4613346918
Eastern Mich.,Army,1,-6.83,-6.18,-6.11,,-6.77,-5.94,-6.15,-10.96,-2,-12.5,-5,-5.73,-3.5,-6.28,-6.42,-10.5,-3.04,-5.46,-5.58,-8,-10.35,0.88,-14.88,-10.5,-1.13,1.04,2.41,-9,-4,-7,-5.79,-5.27,-8.01,-3,-2.25,-7,2,-4,-9.26,-2.24,-5.6,-8.56,-4.7,-4,-5.2,-0.5,-8.9,-11.78,-3.5,-30.14,-1.85,-8,,-10,-6,-5,,-5.79,-0.94,-1.1,0,5.5,-4.37,-7.28,,,3.72,37,22,10,-15,59,0.3459770827,0.3688606181
Florida,Georgia,-6.5,-4.92,-1.12,-9,,-1.78,-3.82,-1.76,1.15,-1,-28.75,-2,-2.36,-2,-5.72,3.46,-11.67,-1.28,-6.03,-1.09,-2,-7,-3.73,-0.91,-19.64,-1.58,-3.97,-0.53,2,-14,-6,-4.98,-8.63,-4.4,-5,-7.13,-11,-6.5,-2,-1.26,-9.26,-13.1,-4.98,-7.8,-10,-11.7,-6.5,-1.1,-2.57,-2.2,-9.65,17.32,-8,,-1,-13.2,-11,,-7.75,-9.8,-6.5,-6.5,-9,-9.28,-4.63,,,5.58,36,17,10,-19,53,0.5111421192,0.3600325979
Florida Atlantic,Louisiana Tech,3.5,-1.68,-6.2,5.35,,-6.87,-2.98,-0.29,-1.6,1,14.5,-5,-5.89,-5,-1.69,-6.35,1.94,-1.55,0.78,4.28,-9,0.85,5.79,-5.97,3.22,-0.01,-0.32,7.23,-4,6,-8,0.8,-0.6,-0.25,4,-0.34,6,3,4,-4.06,5.23,4.6,-3.23,3.2,5,3.7,3.5,4.7,-2.68,0.8,-13.36,-0.14,4,,2,5.3,3,,-1.7,5.37,-1.1,3.5,2,0.01,-5.59,,,4.65,21,13,10,-8,34,0.4346899361,0.5188061002
Florida St.,Clemson,-17,-19.28,-21.97,-19.71,,-24.54,-20.25,-16.35,-21.43,-14,-20.5,-20,-27.92,-21,-19.01,-19,-23.01,-10.41,-19.71,-17.21,-23,-22.15,-15.87,-25.47,-22.34,-13.16,-22.4,-8.03,-25,-14,-30,-19.71,-16.33,-18.85,-10,-19.53,-15,-15.5,-16,-17.09,-17.8,-24.9,-30.52,-20.2,-17,-22,-17.5,-19.8,-31.34,-28.9,-31.19,-59.25,-19,,-21,-23.9,-22,,-23.51,-18.33,-15.1,-16.5,-6,-16.42,-25.79,,,5.47,59,10,10,-49,69,0.4358866048,0.1202135455
Fresno St.,Hawaii,25.5,28.46,18.45,26.19,,30.36,25.65,27.67,25.78,22,12,21,32.94,15,28.86,11.21,31.52,14.16,25.6,23.48,15,29.65,27.01,33.91,20.35,10.62,23.61,14.06,21,18,31,26.51,23.44,23.61,18,31.97,32,23,28,25.12,31.62,37,26.51,30.7,29,33,25.5,34.4,31.19,29.3,25.23,2.54,32,,21,35.5,35,,29.36,24.67,19.5,24.5,11,34,33.64,,,7.39,20,50,10,30,70,0.5022781573,0.9281149119
Georgia Southern,Appalachian St.,-10,-12.29,-3.67,-13.44,,-7.51,-8.92,-12.3,-6.45,-5,-23,-2,-19.64,-1,-13.06,4.32,-13.81,1.47,-10.59,-6.73,-7,-20.35,-12.84,-8.47,-18.68,2.71,-11.35,-2.89,-7,-15,-12,-11.35,-12.7,-9.22,-7,-8.92,-16,-9.5,-10,-5.54,-7.78,-9.2,-13.14,-12.4,-9,-8.3,-10,-12.5,-21.28,-25.4,-17.57,10.49,-10,,-14,-8.3,-13,,-15.72,-10.84,-6,-10,-14,-11.44,-15.76,,,6.26,14,34,10,20,48,0.4862103095,0.2674487526
Georgia St.,Coastal Carolina,-3,1.3,-6.83,0.66,,-6.03,,3.71,1.59,-2,4.5,-7,-6.99,-5,1.27,-6.76,-0.87,-4.46,-0.21,-0.74,-6,12.85,0.67,0.44,0.43,-0.7,-3.05,5.17,-7,4,-2,-0.44,-0.01,1.25,2,-0.18,4,-3.5,6,-3.72,4.72,3.1,-3.29,-2.1,-3,2.5,-2.5,6.1,-4.1,-1.4,14.31,-2.34,4,,-1,3,5,,-3.38,-1.43,-3.3,-3.5,-1,0.9,-2.85,,,4.14,37,34,10,-3,71,0.5675234439,0.4948932168
Houston,South Florida,8.5,7.34,3.22,5.38,,5.85,6.6,11.99,0.12,12,-9,3,17.83,2,8.17,-4.09,8.9,-0.4,6.88,10.99,2,11.15,6.87,-0.75,-0.31,0.16,11.54,3.12,4,4,16,6.87,5.06,4.12,6,9.16,13,8,10,1.64,6.55,10.7,13.02,13.8,8,9,8.5,13.7,10.64,5.3,23.61,-8.95,9,,8,10,14,,8.68,5.36,5,7.5,-1.5,3.65,10.92,,,5.20,36,57,10,21,93,0.4613706093,0.6597831362
Iowa St.,Texas Tech,6,0.17,-0.58,5.54,,-9.73,0.13,1.83,3.09,3,17,1,-2.01,-1.5,-0.19,0.13,7.19,0.48,2.44,4.72,-10,0.55,1.05,-0.59,0.98,2.23,3.01,2.56,2,4,5,2.23,1.74,2.23,3,0.17,5,4.5,5,0.7,1.79,5.6,1.89,1.1,4,4.4,5,4,2.39,-8.5,-1.93,-0.84,4,,1,4.8,5,,1.02,3.46,5.2,3.5,4.5,10.22,-1.82,,,4.10,31,40,10,9,71,0.4140495079,0.5591547268
Kansas,TCU,-13,-13.71,-12.28,-17.42,,-6.82,-8.03,-8.46,-12.44,-4,-26.5,-10,-13.44,-12,-13.98,-11.69,-17.32,-5.44,-12.99,-7.38,-7,-13.25,-11.57,-20.13,-22.14,-9.44,-5.21,-10.51,-13,-18,-11,-12.28,-20.06,-15.78,-7,-10.59,-19,-13,-15,-13.9,-13.87,-10.7,-7.2,-12.4,-16,-10.4,-13,-6.6,-17.71,-27.3,-7.06,-12.14,-16,,-20,-10.2,-12,,-11.23,-14.84,-10.6,-13.5,-9.5,-16.14,-11.92,,,4.90,26,27,10,1,53,0.5002401376,0.2171324256
Louisiana-Lafayette,Arkansas St.,-3,-2.32,-0.32,-0.67,,1.83,0.51,4.29,-3.71,6,-6,0.25,5.05,-1,-2.13,-3,-6.51,0.01,-1.27,2.2,-1,-0.75,-0.01,-5.09,-8.59,-2.63,3.78,1.24,-2,-4,-11,-1.6,-1.95,-5.86,-2,-3.57,-2,-3.5,-3,-2.18,1.51,-2.8,2.32,-2.2,-2,-1.6,-3,4.3,4.66,-4.9,1.08,-0.22,-4,,-5,-2.4,-1,,1.4,-1.24,-0.4,-3,-6,1.84,0.72,,,3.35,43,47,10,4,90,0.5424597631,0.4688028995
Louisville,Wake Forest,3,1.43,-2.63,-2.6,,-2.23,-2.05,4.52,-4.44,3,-2,-3,0.63,-1,2.32,-4.25,1.97,-3.09,-0.44,-5.55,-10,0.75,3,-7.44,-4.78,-0.44,-0.61,0.52,-5,-3,-2,-0.61,2.89,0.44,3,1.35,4,1.5,0.01,-2.91,0.42,-2.4,1.26,2,1,-1.6,2.5,-2.1,3,-2.6,-20.16,-16.05,2,,-4,-3.8,3,,-4.47,-1.13,4.6,2.5,6.5,1.99,-2.79,,,3.11,56,35,10,-21,91,0.4158020093,0.4891506045
Maryland,Illinois,17.5,16.75,15.57,13.98,,22.57,15.04,18.6,13.58,19,21,15,21.31,13.5,17.2,12.7,15.13,9.76,16.04,12.82,7,15.45,15.64,23.91,7.24,12.23,20.12,8.5,18,24,20,15.45,13.1,14.51,10,16.35,15,15.5,16,19.11,12.01,16.5,23.04,19.3,16,15.5,17.5,15,25.95,25.4,-4.16,12.31,13,,15,16.4,11,,19.72,12.96,14.5,17.5,12,13.96,20.03,,,4.29,33,63,10,30,96,0.4646242334,0.8353384886
Michigan St.,Purdue,-1,-0.24,0.74,-2.88,,-3.47,-3.57,-9.35,-7.14,1,-2.5,2,-6.11,3.5,0.59,4.16,-3.9,-1.63,-0.83,-3.91,-8,-4.35,2.2,0.19,-4.14,6.29,-2.11,4.82,2,-1,1,-1,3.57,3.96,-1,2.43,2,-1,-1,1.62,5,5.1,-5.74,1,1,5,-1,-10.1,-10.47,-8,-11.13,0.87,-1,,-6,5.9,-3,,-1.65,2.87,5.3,1.5,0.01,-2.75,-7.22,,,4.50,13,23,10,10,36,0.5041104634,0.4799393732
Minnesota,Indiana,-1.5,1.91,-0.5,1.53,,-1.56,3.25,-1.96,-4.24,4,-14.5,1,1.5,0.01,2.96,-1.51,3.94,0.94,0.66,-0.55,-3,-4.25,3.9,-2.72,-1.28,1.68,1.7,4.36,-1,1,-5,1,1,1.2,3,2.62,-1,-2.5,-1,-0.61,2.13,3.3,0.7,3.1,3,3.6,-1,-3.3,0.85,0.5,17.28,-0.85,5,,-2,3.6,-2,,3.56,0.37,3.7,-2,3,-0.01,1.95,,,3.18,31,38,10,7,69,0.5530658296,0.5162581694
Mississippi St.,Texas A&M,1.5,2.02,-1.51,3.07,,6.14,3.22,1.01,-3.25,3,16,3,3.48,-1.5,2.75,-4,4.1,0.48,2.75,0.8,-2,1.45,5.92,-2.47,-0.25,1.07,3.36,2.55,-3,10,10,2.67,4.22,0.31,1,2.1,5,2.5,2,-0.26,4.64,7.3,3.96,4.9,4,6,1.5,2.3,-1.46,-0.7,16.62,-35.36,5,,-1,6.9,4,,1.73,2.67,2.2,2,2,1.03,2.98,,,3.43,13,28,10,15,41,0.5306733827,0.5672266992
Missouri,Kentucky,7.5,0.79,-5.65,0.62,,-5.45,-2.1,4.79,-6.87,1,3,-8,0.95,-7,1.74,-8.95,2.87,-4.12,1.01,-4.3,-8,5.75,3.8,-5.38,1.34,-2.33,-2.47,2.63,-3,4,-3,1.74,2.01,-2.24,3,5.1,9,6.5,3,-4.68,5.1,6.4,-3.07,3.9,3,4.5,6.5,7.2,6.73,6.1,-7.39,-38.41,6,,-4,5,8,,1,5.07,-0.6,7,3,5.4,-0.84,,,4.57,15,14,10,-1,29,0.3471959105,0.5243781361
Nevada,San Diego St.,-1.5,-3.46,-7.16,-6.62,,-0.12,-0.35,-0.51,-11.03,1,-18.5,-5,3.03,-7.5,-2.62,-12.26,-9.78,-3.59,-4.56,-1.14,-5,-3.15,-1.31,-18.78,-11.02,-12.3,-5.96,-5.04,-8,-7,-10,-4.2,-4.42,-8.98,-2,-1.23,-1,-3,-6,-12.33,-5.31,-4.2,-6.45,-2.3,-4,-3.7,-2,2.6,3.78,2.2,-12.67,-4.57,-3,,-5,-3.7,3,,-0.42,-4.83,-5.5,-2.5,-9.5,-3.97,0.61,,,4.57,24,28,10,4,52,0.4265214723,0.3912587332
North Texas,Rice,30,33.27,30.3,31,,34.64,35.99,33.13,34.2,31,40,31,39.21,27.5,33.16,25.84,32.73,18.73,31.45,32.49,26,32.65,33.32,10.06,25.62,23.07,34.25,17.57,31,28,39,32.18,27.68,31.91,19,32.18,31,29,29,29.92,33.48,37.3,38.64,34.7,31,34.6,30,30.6,42.28,38.5,55.94,21.68,27,,33,34.8,37,,37.43,26.67,26.6,30,12.5,28.59,41.74,,,6.22,17,41,10,24,58,0.5338869446,0.9674509044
Northwestern,Wisconsin,-3.5,-7.59,-2.63,-9.76,,-6.33,-5.04,-5.66,-5.83,1,1,-3,-4.77,-3.5,-7.84,-1.56,-10.99,-4.1,-5.33,-5.1,-9,-7.75,-4.22,-9.25,-10.83,-3.94,-4.11,-5.21,-5,-3,1,-5.21,-7.13,-7.75,-4,-6.02,-8,-6.5,-6,-6.06,1.31,-4.2,-6.73,-5.6,-8,-3.6,-3.5,-9,-10.52,-3.3,-19.52,-0.59,-5,,-5,-4.3,-5,,-7.06,-5.83,-2.5,-6.5,-6,-5.27,-7.31,,,2.82,17,31,10,14,48,0.4548150926,0.3704766784
Notre Dame,Navy,23.5,25.68,31,28.04,,23.26,28.59,24.85,41.12,22,46.88,31,27.77,29,23.94,36.56,23.7,15.59,27.42,24.96,22,28,26.13,44.66,20.17,25.77,27.84,20.77,37,7,37,27.3,26.56,29.9,11,31.78,21,21.5,29,34.92,38.87,36,28.95,23.3,27,31.7,24,27.3,26.57,31.7,54.59,26.39,27,,24,36.6,26,,21.9,23.5,22.8,24,5,36.95,32.15,,,7.53,22,44,10,22,66,0.5882660266,0.9406755075
Ohio,Ball St.,11,10.36,10.26,10.59,,4.96,7.49,5.08,14.22,13,31,11,8.23,10.5,9.82,11.27,18.35,7.87,12.02,11.49,5,10.75,9.67,4.75,7.94,12.95,10.46,10.34,8,17,16,11,10.72,14.22,11,10.78,19,10.5,15,12.79,9.17,14.9,9.78,12.7,15,13,11,15.3,9.41,-0.7,3.72,34.63,11,,12,14,19,,12.19,10.97,10.1,11,21.5,17.44,7.39,,,4.65,14,52,10,38,66,0.5245826709,0.7662660323
Oklahoma,Kansas St.,24.5,22.4,24.01,21.43,,28.01,25.06,23.45,21.63,21,27.5,27,30.31,25.5,22.51,20.86,20.98,14.94,22.69,18.01,18,23.65,22.25,33.66,22.45,14.56,24.1,10.92,26,21,30,22.45,20.47,21.65,17,23.4,23,22,16,25.79,22.86,20.8,25.03,26.3,24,19.7,24.5,20.7,30.75,29.2,34.89,3.3,20,,22,19.6,23,,26.33,25.17,18.8,24.5,19,22.45,28.38,,,4.40,14,51,10,37,65,0.4562545169,0.915801831
Oklahoma St.,Texas,-3,-3.61,-8.79,-3.87,,-6.04,-0.43,-4.23,-17.83,-1,-9,-9,-1.23,-9,-1.32,-12.56,-3.23,-4.41,-3.81,-6.53,-4,-3.05,1.52,-20.03,0.5,-8.28,-3.42,-4.32,-9,1,-9,-3.27,1.69,-6.46,2,-0.74,2,-1.5,-10,-11.16,1.04,-0.9,-3.27,-0.5,-2,-1.6,-3,-7.2,-6.09,-2.4,10.38,-3.62,-1,,-11,-1.1,2,,-3.67,-1.13,-2.3,-3.5,13.5,-9.79,-1.61,,,4.89,35,38,10,3,73,0.4805542334,0.4092926401
Old Dominion,Middle Tenn.,-4.5,-6.04,-9.75,-5.84,,-4.34,-8.8,-4.97,-9.71,-3,-29,-10,-8.3,-8.5,-5.55,-10.47,-3.45,-5.91,-6.58,-4.59,-9,-5.45,-2.09,-2.12,-12.81,-8.08,-7.1,0.74,-11,1,3,-6.5,-5.37,-7.69,-2,-6.58,-8,-5.5,-10,-8.52,-5.12,-7.7,-9.64,-5.3,-7,-4.5,-4.5,-8.5,-3.92,-3.8,3.21,-3.37,-7,,-4,-6.5,-8,,-9.44,-4.43,-2.7,-4,1.5,-9.88,-8.88,,,4.56,51,17,10,-34,68,0.4498878212,0.3451597782
Penn St.,Iowa,5.5,2.37,1.45,0.01,,-0.73,2.56,2.79,-0.85,1,4,-1,9.07,-0.5,2.96,-2.36,6.79,-1.92,3.86,-0.85,1,8.55,7.8,-0.91,13.05,1.05,3.44,3.41,1,6,1,3.41,7.72,1.58,3,8.75,11,5.5,4,0.91,10.04,7.2,2.16,10.1,6,6.2,5.5,-2.3,-4.6,4.5,-21.93,-1.44,5,,5,7,10,,4.85,5.37,3,6.5,11,4.43,2.49,,,3.94,24,30,10,6,54,0.460067553,0.5932782821
Pittsburgh,Duke,-2.5,-7.05,-8.06,-4.61,,-12.83,-8.73,-2.91,-3.28,-4,-5.5,-8,-10.24,-6.5,-7.61,-6.98,-8.45,-5.21,-5.61,-1.14,-10,-1.05,-2.08,-16.31,-9.58,-1.5,-8.22,3.9,-8,-7,-20,-6.11,-4.06,-6.11,-2,-6.89,-2,-2.5,1,-11.4,-6.54,-8.2,-12.85,-6.9,-6,-6.9,-3,-0.4,-5.41,-10.2,-22.37,-1.86,-6,,2,-8.1,-2,,-11.62,-2.13,-1.5,-2.5,9,-2.74,-10.03,,,4.78,45,54,10,9,99,0.4255946559,0.3675286407
SMU,Cincinnati,-9,-11.84,-10.46,-7.38,,-19.73,-12.6,-6.86,-10.5,-8,-3,-12,-15,-9,-12.02,-8.19,-6.28,-9.05,-9.08,-12.36,-17,-8.95,-8.21,-19.41,-10.88,-2.63,-13.29,4.53,-9,-4,-29,-9,-7.84,-9.62,-4,-9.87,-2,-8.5,-4,-14.27,1.45,-3.8,-18.2,-9.6,-9,-4.6,-9,-8.7,-17.98,-16.1,-43.52,-3.62,-9,,-13,-2.6,-10,,-20.82,-5.63,-3.2,-8.5,1,0.26,-16.91,,,6.34,26,20,10,-6,46,0.4981329152,0.2976429153
San Jose St.,UNLV,3,-3.17,-5.96,-0.43,,-5.59,0.99,0.73,-2.07,-7,-27.5,-7,-5.37,-4.5,-3.35,-6.25,-9,-12.35,-2.91,5.08,-3,-0.01,-1.21,5.81,-11.23,-3.48,3.6,3.25,1,-7,-3,-3.17,-3.4,-4.43,-1,-2.78,-5,-2,-5,0.62,-4.26,-5.8,1.36,-3.5,-3,-4.5,2,4.3,7.43,3.9,-11.84,0.52,-6,,3,-3.9,-4,,-0.58,-1.73,0.9,3,0.01,-7.06,1.68,,,5.25,37,50,10,13,87,0.3618687634,0.4309159613
South Alabama,Troy St.,-11.5,-14.1,-12.12,-13.51,,-11.51,-13.57,-12.67,-14.88,-9,-24,-14,-11.6,-13.5,-14,-12.38,-14.73,-9.14,-12.72,-9.51,-16,-12.25,-13.43,-2.38,-17.83,-11,-11.98,-7.46,,-7,,-12.64,-12.69,-14.13,-9,-12.91,-12,-10,-14,-14.35,-9.38,-11.9,-15.9,-13.8,-12,-10.6,-11.5,-10.8,-19.02,-12.6,0.49,-14.14,-13,,-7,-11.2,-12,,,-12.34,-8.5,-11.5,-16,-13.5,-18.9,,,3.13,38,17,10,-21,55,0.4699495931,0.2159038753
South Carolina,Tennessee,8.5,9.33,9.78,11.06,,14.39,13.84,12.49,8.98,11,21,11,12.7,6.5,9.38,8.33,8.54,9.76,12.41,10.01,6,15.85,10.38,16.56,16.34,5.52,14.82,7.27,10,24,19,12,7.53,8.97,7,11.9,11,7.5,13,13.91,20.13,16.4,13.14,14,14,14.7,9,15.9,14.01,13,-9.6,-2.75,9,,7,16.3,17,,17.12,8.77,12,7.5,8.5,16.77,14.54,,,4.11,24,27,10,3,51,0.5942271819,0.7754044071
Stanford,Washington St.,3,2.93,2.73,3.12,,-3.85,0.53,-0.83,-1.13,1,15,5,-0.95,5,3.47,4.56,8.25,1.34,2.97,0.14,-5,-0.25,4.72,4.84,3.51,3.98,3.45,2.56,8,4,-4,3.45,2.8,5.45,4,4.91,7,2.5,1,3.94,9.65,8.1,0.73,5.6,7,5.9,3,-2.3,-8.61,-5.2,14.77,0.25,6,,-2,7.5,7,,1.39,4.16,6,3,2,1.21,-1.11,,,4.10,41,38,10,-3,79,0.499270011,0.5718756248
Syracuse,NC St.,-2,-3.97,-1.71,-3.68,,-2.02,-2.88,2.66,-7.92,1,-15,-0.25,5.67,2.5,-3.48,-5.41,-3.71,-3.38,-2.85,-4.09,1,-3.55,3.43,-7.38,-11.05,-2.35,-1.97,1.24,-9,1,-11,-3,-3.75,-7.24,-3,0.35,0.01,2,-4,-5.24,-0.45,-1.3,-5.05,4.7,-1,-1.6,-2,-4.8,-6.89,-5.3,-7.86,-2.55,-3,,-1,-0.5,-2,,-5.46,-1.04,5.5,-1.5,-5.5,-6.96,-3.9,,,3.99,41,51,10,10,92,0.4792928299,0.4308882386
Texas St.,New Mexico St.,-1,-2.89,-2.17,-2.16,,8.8,0.32,6.84,-9.24,4,-6,-1,4.56,-3,-2.06,-5.53,-1.32,-11.9,0.24,4.29,3,4.55,4.01,6,-5.7,-3.95,0.75,0.76,-4,3,7,0.76,-1.39,-8.25,-1,1.22,3,2.5,-2,1.34,2.4,1,0.43,4.9,1,2.2,-1,7.4,3.13,9.3,3.4,-26.87,1,,1,1.2,2,,-3.71,-0.83,1,3,1,-0.1,-0.58,,,4.25,20,27,10,7,47,0.5300738544,0.5058260629
Tulsa,Tulane,1,-0.95,-3.03,0.01,,-0.01,-1.28,-4.5,-6.15,3,-6,-2,-2.13,0.5,-0.2,-3.49,0.82,-2.65,-0.28,0.22,-4,-2.45,2.52,4.97,-5.84,-2.16,2.91,-2.04,-2,-1,9,-0.53,-0.84,-1.98,1,0.01,1,2.5,1,-0.82,-3.26,0.6,2.19,0.7,1,-1.3,1,-2.2,1.39,7,-3.15,-18.85,2,,-1,-0.4,-3,,0.45,-0.53,4.1,1.5,9.5,-0.82,-1.62,,,3.07,24,17,10,-7,41,0.4684487131,0.4930912906
UCLA,Utah,-10.5,-10.64,-10.02,-12.78,,-24.25,-9.98,-12.46,-13.58,-8,-19,-10,-7.95,-10.5,-10.26,-11.05,-13.37,-8.31,-12.02,-10.98,-15,-16.55,-9.19,-24.56,-18.83,-10.52,-10.31,-7.9,-11,-13,-17,-11.09,-7.98,-10.55,-4,-9.63,-9,-10.5,-12,-17.29,-11.54,-17,-12.14,-8.4,-12,-12.4,-10.5,-13.2,-13.42,-17.4,-32.78,-3.72,-9,,-11,-13.9,-12,,-15.99,-12.33,-7.6,-10.5,-6,-20.24,-11.09,,,3.75,41,10,10,-31,51,0.462877993,0.2305906114
USC,Arizona St.,3,5.18,6.52,7.46,,-2.34,1.54,1,11.83,8,8,5,0.78,6.5,4.14,9.4,7.69,5.15,5.7,6.35,-1,4.15,6.2,14.94,2.17,6.99,4.3,9.18,8,7,1,6,7.37,9.91,3,4.62,9,4,7,10.63,10.55,4.9,-0.75,3.8,6,5,3.5,7.7,5.95,-3.4,-0.24,1.75,3,,7,4.8,7,,2.73,5.47,5.7,6,14,11.76,0.9,,,3.56,38,35,10,-3,73,0.5659095768,0.636973361
UTEP,UAB,-15,-23.21,-31.47,-23.35,,-21.64,-25.16,-23.48,-35.29,-21,-39,-24,-28.17,-25,-21.73,-33.13,-16.33,-13.57,-21.82,-23.73,-27,-22.35,-19.14,-7.37,-23.21,-22.3,-18.46,-10.13,-34,-15,-15,-21.7,-20.1,-25.94,-11,-19.27,-15,-17.5,-24,-24.72,-19.98,-21.7,-21.27,-21.1,-22,-19.9,-16,-18.6,-21.47,-21.3,14.66,-24.04,-16,,-22,-20.5,-22,,-20.23,-20.83,-12.2,-16,-9,-28.06,-26,,,6.05,19,0,10,-19,19,0.3440394769,0.0994927059
Utah St.,New Mexico,20,19.16,20.34,15.09,,18.23,15.35,20.21,22.36,21,24,25,24.37,19.5,18.73,18.32,18.82,12.18,20.03,19.56,18,24.75,23.15,33.5,18.21,18.7,19.7,17.14,19,24,20,19.79,18.1,19.14,12,21.08,24,23.5,25,24.6,19.79,24.6,22.03,22.2,19,23.3,20,23.5,15.73,24.7,21.29,4.96,21,,19,23.4,27,,13.44,18.67,17.9,20.5,7.5,23.16,20.02,,,3.79,19,61,10,42,80,0.5007333596,0.890153644
Virginia,North Carolina,8,14.93,21.36,15.02,,27.2,18.85,21.31,26.65,19,27.5,18,20.54,17,13.33,21.77,14.7,16.4,15.87,16.44,17,16.95,13.16,37.84,8.32,18.17,21.85,10.73,26,6,24,15.02,8.5,15.65,11,11.63,13,8.5,15,26.89,12.74,10.3,21.09,13.6,13,11.6,9,17.3,12.66,14.6,52.9,2.73,8,,18,10.4,9,,16.53,10.07,8.9,9,-0.5,18.91,23.18,,,5.82,21,31,10,10,52,0.6792143003,0.8260563361
Virginia Tech,Georgia Tech,3,5.31,7.84,4.86,,10.36,5.47,3.84,12.04,8,16.5,10,2.08,10.5,4.26,10.73,9.9,6.9,6.27,7.74,2,3.45,3.37,16.06,7.65,9.27,7.69,7.96,9,4,5,5.8,6.55,8.61,4,5.51,10,4.5,8,12.67,6.18,4,-1.65,5.8,8,4.1,3.5,5.8,-0.7,-0.9,-8.42,9.41,5,,11,3.9,4,,1.15,3.57,7.5,3,2.5,9.34,0.01,,,3.61,49,28,10,-21,77,0.5796021541,0.6499426071
West Va.,Baylor,13.5,13.11,12.73,12.2,,15.23,14.39,9.16,11.19,14,10.5,15,17.86,9.5,13.39,10.16,14.93,9.41,13.43,14.13,8,14.75,14.81,21.94,12.53,13.12,17.1,15.93,12,18,17,13.2,14.01,13.03,8,13.6,14,14,11,17.38,10.43,11.7,17.77,15,12,13.2,13.5,8.4,11.12,24.6,15.34,4.06,15,,11,12.4,14,,13.16,13.46,8.8,13.5,15.5,10.88,17.79,,,3.03,14,58,10,44,72,0.498272114,0.7970041799
Western Kentucky,Florida Intl.,-3.5,-6.82,-19.14,-6.94,,-6.91,-7.5,-8.45,-16.49,-13,-30.5,-16,-17.19,-13,-5.51,-20.11,-1.93,-8.83,-9.07,-7.84,-20,-8.35,-1.6,1.47,-8.02,-11.55,-8.71,-7.35,-19,-1,-6,-8.02,-6.96,-8.35,-2,-7.15,-9,-4.5,-11,-12.71,-6.96,-6.2,-11.4,-9,-6,-7.3,-4.5,-12.3,-6.35,-8.9,-5.98,-26.81,-3,,-14,-6.4,-8,,-9.57,-4.83,-0.8,-3.5,10.5,-16.03,-12.45,,,6.12,38,17,10,-21,55,0.3716798232,0.2969685344
Western Mich.,Toledo,6.5,3.55,9.87,3.11,,10.96,2.46,3.45,11.33,12,0.01,12,3.9,12.5,2.43,12.85,2.83,8.12,5.78,7.61,3,2.55,4.02,14.69,-6.4,9.64,8.2,5.72,9,-1,10,4.02,3.58,5.8,4,4.46,5,4,5,12.48,2.94,2.2,3.64,4.9,4,1.6,6.5,9.5,14.13,14.5,14.15,1.69,4,,4,1,12,,5.69,2.87,4,6.5,3,6.36,2.09,,,4.24,51,24,10,-27,75,0.4825254447,0.6374859811
Akron,Northern Ill.,-6,-7.52,-1.3,-5.3,-2.75,-0.62,-0.92,-1.07,-10.73,1,-6.5,-0.25,0.59,-3,-7.08,-2.24,-4.91,-1.18,-4.17,-4.04,-1,-6.45,-3.48,-8.16,-6.04,-2.82,-0.81,-5.35,-4,-7,-7,-4,-3.69,-8.98,-3,-4.91,-5,-6,-9,-4.88,-2.16,-2.7,-2.63,-3.5,-4,-2.4,-6,-8.1,-6.73,-6.1,-0.47,-0.75,-5,,-4,-2.7,-7,,-6.16,-2.32,0.01,-6,-2,-10.06,-2.43,,,2.71,36,26,11,-10,62,0.5452356937,0.3978428736
Arizona,Colorado,2.5,1.19,0.43,4.04,-4.25,-3.62,-2.27,5.38,9.65,2,5,-0.25,1.2,-0.5,-0.1,0.01,2.49,0.99,2.44,6.7,-3,8.55,1.19,-0.84,-4.98,-0.28,0.63,7.86,1,-4,-1,1.2,-0.01,1.63,2,4.4,5,3,11,0.01,7.87,4.4,-1.2,3.9,5,2.6,2.5,13.9,6.41,-1.1,4.77,-0.05,1,,-1,4.9,9,,-0.46,0.58,5.6,3,-1.5,7.4,-0.52,,,4.08,34,42,11,8,76,0.498539621,0.5591702541
Arizona St.,Utah,-8.5,-8.68,-6.38,-9.05,-9.25,-15.13,-6.46,-3.44,-13.25,-5,-6,-6,-7.23,-7.5,-8.01,-5.97,-7.1,-5.73,-7.73,-8.37,-7,-9.35,-6.92,-16.16,-8.67,-4.61,-7.64,-6.04,-8,-4,-10,-7.17,-5.46,-9.32,-5,-6.81,-6,-7.5,-6,-10.69,-4.67,-7.8,-9.08,-4.7,-6,-6.6,-8.5,-13.2,-14.77,-6.1,-2.76,-1.34,-9,,-9,-6.8,-9,,-11.87,-6.22,-3.6,-7,-4.5,-12.98,-9.24,,,2.69,20,38,11,18,58,0.5190724805,0.3155703965
Arkansas St.,South Alabama,14,15.74,11.81,15.56,19.25,13.88,16.1,14.34,15.46,16,17,13,14.12,13.5,15.77,10.66,17.32,12.86,14.94,13.37,9,17.65,12.55,-1.37,12.56,8.89,16.12,7.82,14,21,10,15.56,13.15,16.38,9,15.93,16,14.5,16,12.89,10.52,14.3,17.88,16.5,16,12.9,14,17.6,22.83,19.2,13.19,1.11,17,,15,13.3,19,,17.07,10.78,12.4,16,17,17.08,18.9,,,3.30,14,38,11,24,52,0.5231158938,0.8215893688
Army,Air Force,5.5,11.64,19.75,12.32,19.25,16.37,13.78,14.33,20.37,18,21.5,18,17.08,19,10.4,21.09,7.4,12.6,14.05,18.07,11,16.45,6.68,32.59,8.82,12.55,18.56,9.61,22,8,20,12.5,12.49,14.81,6,11.77,12,6.5,11,25.03,12,12.4,17.86,12.4,11,12.5,7,18.4,18.81,9.2,0.7,5.04,12,,11,12.3,12,,11.52,8.88,10.4,7,5.5,17.68,13.84,,,4.47,14,17,11,3,31,0.6979235442,0.8028750949
Auburn,Texas A&M,3.5,1.93,-1.73,5.66,-2.25,2.27,1.15,3.74,0.01,1,18,2,-0.15,0.01,2.24,-2.52,6.71,0.24,2.35,-0.93,-3,2.15,3.71,-2.16,1.56,0.28,-1.7,1.65,-4,10,9,1.97,6.39,2.95,1,4.08,5,3.5,0.01,-0.4,4.58,6.2,-1.59,3.1,6,4.8,3.5,0.8,-5.78,-6.6,-6.93,-10.6,1,,1,4.6,5,,-1.43,4.98,4.1,4,9.5,3.01,-1.23,,,4.08,24,28,11,4,52,0.4720336758,0.5570001296
Baylor,Oklahoma St.,-6.5,-6.49,-3.46,-3.9,-5.5,-3.72,-6.6,-5.38,0.21,1,-22,-5,-8.48,-3,-7.62,-0.93,-11.16,-0.4,-6.39,1.2,-7,-9.55,-7.9,-8.75,-13.37,-2,-3.06,-8.89,-6,-7,-11,-6.02,-10.84,-5.43,-6,-5.6,-11,-7,-3,-6.02,-9.67,-6.9,-7.26,-5.8,-5,-6.7,-6.5,-2.8,-6.01,-9.4,0.48,-0.43,-6,,-8,-6.6,-9,,-7.91,-3.22,-2.4,-7.5,-14,-6.97,-9.88,,,3.97,31,35,11,4,66,0.5026819083,0.3480753608
Boise St.,BYU,13.5,11.81,10.99,10.3,13,18.07,10.22,11.6,9.31,15,20,11,13.58,13,12.18,9.7,12.01,7.39,12.69,7.52,9,12.95,13.23,19.56,10.09,9.45,12.89,12.33,10,18,20,12.46,11.34,11.14,8,14.1,15,13,11,16.04,17.36,12.6,11.86,14.7,13,12.1,13.5,12.7,13.02,13.6,-0.76,0.43,15,,7,13.1,17,,14.11,9.08,10.5,13,18,16.11,11.98,,,3.02,16,21,11,5,37,0.4800118319,0.7838536032
Bowling Green,Kent,1.5,0.31,1.59,0.48,-2,-5.02,-2.36,-5.88,4.32,1,38.5,4,-4.67,5,-0.22,4.72,4.61,0.37,0.99,-2.67,-5,-3.75,-0.42,2.97,-2.08,2.68,-1.21,0.46,,7,-2,0.37,0.13,3.48,4,1.37,2,0,4,3.29,-0.82,2.6,-2.91,-0.6,3,1.6,1.5,-2.3,-0.81,-0.8,16.04,26.31,-1,,-10,2.5,-2,,,,1.2,1.5,6,-1.91,-4.68,,,6.18,35,28,11,-7,63,0.4880589581,0.5231700905
Buffalo,Miami (Ohio),7,7.12,16.43,8.96,10.75,16.23,9.21,10.32,10.32,14,19,14,10.26,17,6.72,19.51,10.93,12.17,9.84,8.11,10,4.85,9.02,28.25,6.43,17.69,13.78,5.88,,10,12,9.02,8.46,11.12,4,6.23,8,7,6,21.62,3.68,7,11.6,9.2,10,8.5,7,2,5.75,11.5,4.45,2.93,6,,7,8.1,6,,,,7.6,7,1,13.98,7.77,,,4.50,42,51,11,9,93,0.5683259428,0.7245251853
Central Florida,Temple,10.5,9.88,15.1,14.14,7.5,15.42,6.11,11.34,9.17,18,33.5,15,11.3,10.5,9.97,16.99,10.62,10.69,11.97,3.97,7,10.15,11.5,24.44,16.46,12.53,7.66,14.01,10,14,8,12.46,13.92,11.3,3,14.12,18,10.5,13,16.51,14.36,14.6,3.11,14.5,13,15.2,10.5,12.4,4.33,8.7,5.1,10.26,8,,6,15,15,,8.93,13.28,14.6,10.5,1.5,17.25,9.36,,,4.93,40,52,11,12,92,0.5352315806,0.7642538729
Cincinnati,Navy,13,16.87,23.14,13.73,22.5,25.79,20.6,19.96,24.47,23,6,23,22.38,21.5,15.78,23.53,8.3,16.61,16.28,18.67,12,12.95,16.1,29.41,4.39,15.19,21.8,9.28,21,14,28,15.74,12.61,16.36,7,17.29,8,14,11,27,10.06,10.5,21.38,15.7,15,9.2,13,13.2,28.25,26.9,27.98,5.3,14,,14,9.7,14,,16.99,9.18,8.7,13,1.5,15.51,23.97,,,6.42,0,42,11,42,42,0.5759510501,0.8291272089
Clemson,Louisville,39.5,38.87,42.38,35.77,48,53.01,38.14,41.89,46.2,43,44.5,39,50.63,42.5,37.79,38.26,34.53,18.76,40.32,42.57,37,50.65,39.9,50,27.85,25.94,46.75,26,44,35,56,41.3,30.62,37.49,19,40.7,40,38.5,39,39.7,35.11,48.9,52.46,43.4,38,44.7,39.5,48.7,57.62,49.6,22,34.77,37,,44,47.2,54,,43.49,27.68,28.3,38.5,16.5,45.37,45.11,,,9.31,16,77,11,61,93,0.5177693516,0.9857685328
Coastal Carolina,Appalachian St.,-14,-16.72,-7.66,-12.58,-22,-12.64,-13.95,-16.78,-10.17,-6,-27.5,-8,-21.85,-3.5,-17.71,-0.58,-21.11,-4.58,-14.46,-5.74,-15,-23.85,-18.93,-14.59,-24.68,-6.26,-13.64,-4.32,-8,-20,-23,-15.18,-15.18,-12.68,-10,-15.44,-17,-14.5,-15,-10.62,-14.26,-17.6,-18.37,-18.6,-17,-16.1,-14,-15.9,-18.08,,-27.8,1.02,-21,,-8,-16.8,-18,,-20.46,-11.82,-7.9,-15,-12.5,-14.14,-19.79,,,6.10,23,7,11,-16,30,0.4892111032,0.1976019014
East Carolina,Memphis,-10,-14.2,-6.84,-9.36,-10,-11.36,-11.04,-12.23,-4.66,-13,-21,-10,-17.07,-8.5,-15.72,-1.73,-11.04,-5.75,-11.15,-0.6,-10,-13.55,-18.57,0.5,-18.16,-5.19,-5.22,-7.41,-3,-14,1,-11.29,-13.04,-11.22,-5,-17.51,-17,-10.5,-15,-4.94,-18.86,-16.5,-7.38,-15.3,-13,-16.9,-10,-10.6,-4.23,-1.8,1.14,4.75,-12,,-7,-15.1,-18,,-16.23,-10.81,-10.5,-13,-17,-14.33,-15.16,,,5.29,59,41,11,-18,100,0.4726028554,0.2525879905
Eastern Mich.,Central Mich.,13.5,14.12,18.87,13.86,16.25,16.86,13.63,18.34,18.45,15,28.5,15,17.78,16,13.54,19.41,9.25,14.21,14.41,15.49,12,16.75,13.93,5.72,10.47,13.82,15.13,13.72,17,10,15,14.17,13.22,15.04,7,13.67,14,14,16,17.06,11.73,13.2,14.72,15,14,12.1,13.5,18.8,11.58,12.5,-0.11,39.61,12,,14,13,17,,17.32,9.98,6.8,13.5,2.5,16.72,15.06,,,3.65,7,17,11,10,24,0.5222766229,0.8118362254
Florida,Missouri,6.5,6.71,11.38,7.16,7.75,11.89,5.85,1.05,10.34,11,-2,14,6.3,14.5,6.17,13.93,5.52,8.06,6.34,7.24,7,-0.35,6.73,12.38,-3.39,13.27,9.7,9.42,10,7,5,6.74,6.4,8.55,2,7.19,3,5.5,6,12.76,-2.25,1.3,7.01,6.4,6,1.3,6.5,-2.6,7.2,10.9,0.22,11.32,3,,7,1.6,2,,6.74,4.38,7.1,5.5,7,5.28,5.88,,,4.28,38,17,11,-21,55,0.496117652,0.6501112608
Florida Intl.,Florida Atlantic,2,5.72,11.96,3.03,10,15.64,8.04,10.87,10.12,11,5,13,13.53,12.5,5.12,11.19,4.31,9.13,6.07,8.24,14,7.95,5.65,12.44,-5.27,7.36,9.18,2.87,9,7,9,6,5.66,3.94,1,5.96,6,2,6,11.05,2.52,-0.8,9.53,6.1,1,1.7,2.5,7.2,4.36,4,22.75,1.69,-3,,11,-1.3,3,,1.82,-0.92,-0.3,3,-2,9.38,10.59,,,4.67,49,14,11,-35,63,0.5971515147,0.6431368304
Georgia St.,Texas St.,6.5,12.93,7.61,12.07,7.5,-0.95,9.33,6.91,13.6,6,13,8,5.62,9,12.84,8.61,9.15,7.65,8.74,6.4,-1,14.05,9.83,-4.5,12.94,7.11,8.19,5.35,12,17,-2,8.46,10.3,15.33,4,9.61,13,6.5,9,7.53,6.05,9.2,7.06,7.4,11,8,6.5,5.4,7.99,8.3,14.68,1.79,11,,6,8.9,12,,11.21,6.19,5.1,5.5,2.5,7.23,10.79,,,3.77,40,31,11,-9,71,0.5545961978,0.7038985208
Hawaii,Utah St.,-19,-19.03,-12.93,-13.87,-21.25,-14.86,-15.93,-20.81,-20.33,-11,-1,-16,-23.82,-10.5,-18.87,-7.49,-14.92,-6.71,-16.9,-16.56,-19,-23.05,-22.03,-25.34,-13.47,-4.6,-14.52,-7.46,-13,-14,-23,-17.24,-15.67,-16.36,-11,-17.97,-22,-19,-21,-16.99,-22.7,-26.5,-21.37,-22,-18,-23.7,-19,-24,-21.93,-19.5,-16.87,-2.93,-18,,-14,-24.1,-26,,-17.49,-13.32,-13,-19,-7,-19.88,-24,,,5.98,56,17,11,-39,73,0.5492648409,0.1595451791
Illinois,Minnesota,-9,-9.32,-8.56,-7.78,-14.5,-7.58,-9.67,-10.24,-2.63,-6,-13.5,-8,-13.97,-8,-10.37,-5.86,-11.97,-3.2,-9.37,-3.67,-7,-7.45,-8.01,-13.78,-8.34,-3.85,-10.26,-8.41,-10,-10,-23,-8.6,-10.03,-7.28,-8,-7.3,-9,-9.5,-9,-9.1,-7.68,-9.4,-15.99,-10.8,-10,-8.2,-9,-7.9,-17.39,-14.7,-8.95,-2.43,-11,,-8,-8.6,-8,,-12.43,-6.62,-8.6,-9.5,-6.5,-9.36,-13.09,,,3.51,31,55,11,24,86,0.4909215416,0.2821933076
Kansas,Iowa St.,-16.5,-13.62,-14.76,-18.22,-13.25,-9.19,-12.94,-14.48,-20.9,-14,-20,-12,-17.19,-10.5,-12.69,-13.54,-12.18,-7.3,-15.37,-14.97,-8,-18.15,-13.29,-29.13,-21.4,-11.71,-10.24,-11.59,-18,-14,-26,-14.07,-18.15,-15.72,-8,-11.58,-18,-14.5,-18,-19.64,-14.13,-13.9,-13.33,-13.3,-15,-12.1,-16.5,-18.6,-25.71,-23.8,-6.76,-2.16,-16,,-20,-12.2,-20,,-13.87,-13.82,-12.5,-14.5,-7,-24.64,-16.58,,,4.42,27,3,11,-24,30,0.5273366108,0.1754717262
Kentucky,Georgia,-9.5,-7.79,-1.6,-11.42,-6.75,-4.16,-4.32,-1.67,-2.26,-1,-15,-1,-7.4,-2,-8.39,1.3,-10.89,0.01,-6.96,-4.61,-5,-5.45,-9.73,0.47,-16.44,-4.49,-4.87,-3.93,-3,-6,-7,-7,-10.37,-5.5,-7,-12.38,-11,-8,-6,0.98,-3.71,-11.3,-8.81,-9,-10,-8.5,-9.5,-4.7,-8.45,-10.4,2.04,-0.18,-10,,-5,-10.3,-6,,-10.77,-12.32,-7,-8.5,-10,-9.77,-7.12,,,3.93,34,17,11,-17,51,0.5617130169,0.3352054391
LSU,Alabama,-14.5,-11.68,-3.05,-8.64,-9.75,-7.9,-6.01,-6.65,-5.34,-4,-17,-2,-13.37,-2.5,-12.42,2.12,-10.74,0.52,-9.06,-10.17,-10,-10.05,-12.7,1.72,-19.54,0.71,-4.16,1.24,-1,-7,-4,-9.73,-13.05,-10.31,-5,-10.96,-13,-14,-8,2.63,-8.3,-17.5,-9.71,-12.4,-9,-15.8,-13.5,-8.8,-18.2,-14.9,-6.41,-8.87,-14,,-14,-17.5,-10,,-15.19,-11.82,-9.3,-14.5,-13,-6.5,-12.03,,,5.64,29,0,11,-29,29,0.6266194578,0.2953600832
Louisiana-Monroe,Georgia Southern,-6.5,-13.08,-15.39,-10.09,-16.75,-14.89,-15.66,-20.53,-14.82,-11,-16,-13,-20.05,-11.5,-13.04,-13.06,-11.98,-9.89,-12.5,-8.96,-18,-16.75,-12.73,-27.44,-11.67,-11.49,-13.96,-4.11,-15,-7,-27,-12.76,-10.97,-11.48,-9,-10.58,-11,-7.5,-16,-17.39,-6.64,-7.6,-18.69,-13.8,-10,-8.8,-7.5,-15.5,-12.97,-6.4,-0.5,-10.51,-12,,-14,-7.1,-14,,-19.68,-6.62,-5.7,-7.5,2,-12.79,-18.87,,,4.81,25,44,11,19,69,0.3587853551,0.2255576227
Maryland,Michigan St.,-3,-3.31,-0.6,-4.14,-0.25,6.83,-0.1,-2.68,-6.52,2,-13,-0.25,-2.15,-1.5,-2.88,0.18,-5.29,0.81,-4.02,-2.03,1,-7.15,-1.09,-5.91,-6.81,-1.23,-0.29,-9.46,-2,-1,-17,-3.04,-5.21,-5.73,-2,-4.05,-8,-2.5,-9,-3.09,-14.21,-8.9,-1.82,-3,-5,-7.8,-3,-6.6,-2.61,-0.9,-12.06,-0.4,-7,,-4,-8.6,-9,,-2.6,-2.32,-7.1,-2.5,7,-8.32,-1.99,,,4.45,24,3,11,-21,27,0.4753329167,0.4036761363
Massachusetts,Liberty,1,-0.43,-2.22,1.28,-7.5,-5.33,-5.16,-6.24,-7.3,-4,-8.5,-0.25,-1.46,3,0.52,-2.59,2.95,-3.81,-1.79,-3.64,-6,-2.95,0.8,3.19,-1.26,-2.11,-5.73,-0.72,-3,4,-11,-1.36,0.62,-0.26,1,2.16,7,1,-3,-1.91,2.85,1.5,-9.03,0.01,3,3.8,1,-6.1,-5.71,-10.2,6.08,-0.25,4,,-8,1.2,-2,,-6.67,3.48,2.9,2.5,0.01,1.1,-7.26,,,4.13,59,62,11,3,121,0.4324705054,0.4565518739
Miami (Fla.),Duke,9,7.39,5.61,4.1,6.25,14.05,8.42,9.29,5.66,2,8,6,10.41,4,7.75,3.2,6.54,3.21,6.82,5.12,3,10.55,9.05,6.31,3.91,4.06,5.63,6.3,6,6,1,6.28,8.19,5.68,4,9.32,8,9.5,5,5.46,9.01,6.7,6.06,9.7,7,7,8.5,3.6,14.91,6.4,-8.72,-0.06,7,,9,6.7,8,,4.43,5.68,4.6,9.5,18,4.07,11.32,,,3.09,20,12,11,-8,32,0.4463838052,0.6633864801
Michigan,Penn St.,13,6.01,8.94,7.58,6.5,12.77,6.15,3.1,8.85,9,-10,12,7.52,13.5,5.58,9.66,3.03,8.79,6.72,10.34,1,3.05,8.02,6.81,-10.62,7.07,7.3,6.48,10,6,7,7.03,1.86,6,3,6.61,4,12,8,6.15,8.92,9.8,6.01,6.9,7,10.6,11.5,9.4,20.72,7.4,4.46,10.69,5,,9,9.1,5,,4.1,5.58,7.9,10.5,1,4.84,7.58,,,4.56,7,42,11,35,49,0.351896019,0.6579391975
Middle Tenn.,Western Kentucky,13.5,14.69,24.57,18.1,20,11.39,16.21,14.28,25.55,30,35.5,21,20.64,21,13.24,26.54,12.77,15.81,17.55,20.16,15,18.65,11.99,4.31,8.19,17.57,20.93,13.83,24,7,7,17.1,13.02,17.63,7,16.16,16,13.5,21,21.12,16.73,17.2,19.3,18.1,16,15.3,14,27.5,15.56,9.4,5.94,20.21,15,,17,16.7,26,,19.95,14.79,12.5,13.5,2.5,28.43,18.86,,,6.06,10,29,11,19,39,0.5941958968,0.8491648296
Mississippi,South Carolina,0,-2.33,-1.93,-2.47,-6.5,2.93,-4.4,-1.41,-3.74,1,7.5,-3,-4.88,1.5,-2.13,-0.46,-6.03,-1.43,-2.63,-2.17,-2,-4.45,1.75,-6.78,-4.32,-0.6,-4.37,-2.47,-3,-10,-7,-2.47,0.39,-0.51,-2,0.12,2,1,-6,-2.76,-5.6,-4.1,-4.98,-2,-2,-4.4,-0.5,-5,-1.65,-3.6,-29.57,-0.3,-3,,-8,-5,-2,,-7.18,-0.82,-0.5,0,-0.5,-2.26,-3.58,,,2.90,48,44,11,-4,92,0.4352671036,0.4352671036
Mississippi St.,Louisiana Tech,23.5,21.99,11.07,24.83,26.75,23.95,19.64,24.79,20.69,11,28,11,24,6.5,22.17,4.6,22.61,14.15,19.96,22.18,7,23.25,22.28,29.28,16.03,8.25,21.51,17.7,14,21,22,21.26,18.83,20.1,7,21.69,19,22.5,26,17.51,25.63,27.2,26.45,23.6,19,23.1,23.5,19.4,27.7,32,23.47,12.54,22,,20,27.6,21,,15.51,18.68,17.2,24,6,17.5,27.13,,,6.49,3,45,11,42,48,0.4182283823,0.8777730367
NC St.,Florida St.,9,9.51,13.27,10.7,16.5,19.72,13.1,6.97,8.61,13,-8.5,11,14.09,10,9.63,12.86,10.02,10.91,10.38,13.06,9,10.75,8.19,23.53,12.91,7.65,16.42,1.77,19,7,23,9.82,6.36,9.08,7,9.58,7,9,4,17.76,5.49,7.8,18.88,9.4,8,8,9,7.1,17.47,18.7,26.56,2.36,8,,11,7.7,14,,15.44,5.69,6.1,9,2.5,3.16,13.64,,,5.35,28,47,11,19,75,0.5328281524,0.7322555034
New Mexico,San Diego St.,-11.5,-7.31,-10.75,-9.72,-7.5,-7.24,-4.14,-6.5,-13.71,-5,-20,-9,-4.28,-12,-6.51,-13.98,-14.01,-4.55,-9.87,-4.57,-7,-14.25,-7.16,-18.38,-17.99,-12.45,-6.71,-13.79,-11,-7,-21,-9.37,-8.64,-11.3,-6,-6.88,-11,-10.5,-15,-15,-8.99,-12.2,-9.04,-6.6,-9,-10.3,-11.5,-7.5,-12.32,-13.3,-26.11,-5.53,-10,,-8,-11.5,-10,,-3.98,-8.31,-9.7,-10.5,-7.5,-14.28,-4.84,,,3.89,31,23,11,-8,54,0.5397193215,0.2729663118
North Carolina,Georgia Tech,-4.5,-10.24,-8.57,-8.71,-12.5,-17.92,-9.51,-12.34,-15.71,-4,-31,-11,-11.91,-10.5,-9.4,-6.9,-9.68,-7.24,-9.51,-1.61,-15,-9.25,-14.23,-17.94,-7.83,-8.18,-8.25,-5.97,-11,-18,-12,-9.09,-7.7,-9.07,-7,-9.66,-8,-4.5,-7,-10.19,-9.22,-11.6,-9.74,-9.1,-9,-11.3,-5.5,-6.4,-5.73,-8.1,7.24,-0.81,-8,,-4,-11.4,-8,,-14.8,-6.21,-2.4,-6,-2.5,-2.4,-12.64,,,4.55,38,28,11,-10,66,0.3808036084,0.2823549951
Northwestern,Notre Dame,-10,-5.98,-10.79,-8.37,-6.25,-9.93,-5.8,-8.06,-11.36,-5,-9.5,-11,-4.66,-14.5,-5.58,-13.86,-7.6,-6.18,-7.44,-7.02,-9,-9.05,-8.89,-15.5,-10.24,-12.11,-6.91,-5.48,-10,1,-6,-7.26,-6.65,-8.47,-4,-8.02,-7,-10.5,-7,-8.98,-1.38,-10.6,-6.17,-5.9,-8,-10.6,-9.5,-8.7,-5.25,-6.9,-5.17,-20.77,-6,,-9,-11.5,-7,,-7.51,-4.92,-5.5,-9.5,5,-8.78,-5.36,,,3.25,31,21,11,-10,52,0.5627686814,0.3230574942
Ohio St.,Nebraska,18.5,23.3,23.27,19.91,22.75,25.13,23.01,17.73,20.21,22,32,28,22.44,28,24,23.69,26.7,15.38,22.67,14.73,23,24.15,18.26,40.31,34.65,17.28,22.5,11.25,23,32,21,23.05,26.43,24.77,12,26.14,26,19,20,30.16,24.99,27.1,24.45,23.1,23,24.9,19,11,18.91,18.9,31.3,3.44,23,,17,25.6,25,,21.93,24.68,17,17.5,18.5,29.16,24.24,,,5.11,31,36,11,5,67,0.5987220728,0.9129796302
Oregon,UCLA,10.5,7.25,8.05,8.28,5.75,22.22,9.53,6.98,3.99,12,17.5,11,5.49,11.5,7.77,9.32,5.54,9.86,9.22,6.5,14,8.55,11.02,16.81,10.61,11.81,6.2,8.79,6,11,10,8.67,7.51,7.98,3,10.23,11,11,7,13.2,6.91,16.3,4.23,9.3,12,13.6,10.5,4.2,7.22,11.5,3.62,0.92,11,,9,13.4,9,,8.22,6.99,8.5,10.5,7.5,12.03,6.18,,,3.44,21,42,11,21,63,0.4685962875,0.7148461403
Oregon St.,USC,-14.5,-15.47,-11.1,-13.1,-17.75,-11.67,-12.01,-8.93,-15.86,-9,-30.5,-13,-15.02,-11.5,-15.42,-9.15,-18.71,-7.13,-15.55,-11.21,-13,-18.65,-18.66,-21.81,-22.12,-10.06,-13.1,-7.51,-13,-24,-17,-15.61,-18.62,-15.96,-11,-16.03,-19,-16.5,-15,-15.75,-25.07,-21.3,-17.49,-16.1,-17,-21.1,-14.5,-16.5,-14.05,-17.4,-27.36,-2.04,-14,,-13,-20.4,-20,,-16.68,-13.32,-12.8,-16.5,-18,-13.73,-16.84,,,4.56,38,21,11,-17,59,0.4746560701,0.1732370607
Purdue,Iowa,3,-3.77,-2.7,-2.77,-0.75,-3.84,-1.46,0.96,1.62,1,-12,-4,2.97,-5.5,-4.59,-5.54,-5.54,-2.04,-1.36,1.6,-3,2.15,-0.72,-9.13,-4.04,-3.7,-1.51,2.49,-4,3,-1,-1.17,-4.85,-5.06,-3,-0.86,1,2.5,2,-5.67,5.17,-0.2,-2.05,1.2,-1,0.01,2,3.6,-2.66,2.6,-14.04,-1.11,-2,,2,-0.3,2,,-1.33,-1.02,-0.4,3,-2.5,-4.29,0.3,,,3.09,36,38,11,2,74,0.3937371766,0.4664913097
Rice,UTEP,0,1.42,7.88,0.45,-4,0.69,2.74,1.2,6.99,8,5,9,-0.29,11,0.82,11.96,1.09,18.19,1.55,-3.17,1,-2.25,0.8,2.5,4.08,6.6,-0.45,0.73,10,3,-9,0.91,2.35,5.19,1,1.85,0.01,-1,-2,3.87,-0.2,-4.8,-3.13,2.4,3,-4,0,-3.1,-4.34,-3.2,-1.02,17.52,2,,-4,-3.6,-2,,-1.22,1.38,-0.6,1,3,2.37,-1.54,,,4.79,34,26,11,-8,60,0.5372379366,0.5372379366
SMU,Houston,-14,-13.04,-11.78,-11.07,-12,-16.07,-9.56,-6.72,-16.12,-8,-7,-13,-12.13,-14.5,-12.66,-11.61,-10.56,-8.65,-11.29,-12.25,-21,-10.75,-14.82,-26,-14.82,-8.71,-10.52,-3.12,-10,-11,-22,-11.04,-10.59,-14.18,-5,-12.21,-11,-14,-10,-17.48,-3.47,-10.8,-14.37,-11.7,-12,-10.6,-13.5,-9.3,-10.56,-4.6,-13.42,-4.33,-11,,-11,-9.4,-12,,-17.77,-14.32,-7,-14,-10.5,-12.06,-13.01,,,3.78,31,45,11,14,76,0.565950927,0.244507641
South Florida,Tulane,6,6.67,12.77,8.12,2.25,9.87,2.62,-1.24,13.17,9,24,12,0.94,16.5,5.84,18.69,10.97,9.27,7.74,5.28,11,3.25,9.11,22.53,7.1,17,5.58,7.39,10,14,3,6.84,7.88,11.63,3,6.05,7,7,6,17.97,2.3,4.3,2.71,5,8,6.1,6,1.3,-0.48,5.8,-3.14,5.51,5,,5,4.7,5,,5.44,7.48,7.6,7,21,9.54,1.48,,,5.37,41,15,11,-26,56,0.541348042,0.6779114357
Southern Miss.,Marshall,-2.5,-5.82,-5.28,-7.32,-7.5,-2.48,-1.9,-3.62,-11.58,-4,-13,-3,0.34,-3.5,-5.04,-8.07,-6.49,-4.68,-5.32,-6.94,-3,-7.05,-4.02,-5.56,-3.02,-9.14,-5.87,-7.05,-5,3,1,-5.84,-2.94,-8.29,-4,-6.39,-2,-2.5,-12,-7.62,-7.93,-9.2,-7.63,-4.4,-7,-8,-3,-14.2,5.98,5.6,-17.24,-3.78,-4,,-9,-8.5,-7,,-7.09,-2.62,-4.4,-3,7,-14.07,-3.48,,,4.35,24,26,11,2,50,0.4319875072,0.3732747029
TCU,Kansas St.,9.5,8.25,6.33,8.01,8.25,16.79,11.62,9.16,1.32,6,7.5,7,13.99,6.5,9.42,2.5,8.11,5.35,7.97,1.19,4,7.45,8.55,7.5,8.37,2.53,7.97,0.95,8,14,13,8.05,8.42,5.26,5,11.08,10,9,3,7.44,8.13,7.8,8.09,11.8,9,8.5,9.5,0.01,16.1,20.6,8.65,-0.15,9,,5,8.4,8,,10.87,7.18,8.2,8,5.5,-0.45,12.51,,,4.18,13,14,11,1,27,0.4628679923,0.6863567986
Tennessee,Charlotte,22,24.29,11.65,26.67,24,5.25,20.76,16.82,19.54,12,32,11,22.56,10,24.97,6.19,21.47,13.84,19.53,20.24,3,22.25,20.65,23,19.97,16.27,21.39,17.48,15,20,13,20.67,20.92,23.83,8,22.94,23,22.5,22,16.5,18.13,23.9,23.69,20.7,20,22.8,22,15.2,22.12,23.8,23.74,5.1,20,,23,24.9,18,,24.39,25.68,18.8,21,13,16.26,27.35,,,5.86,3,14,11,11,17,0.4419780868,0.8757614872
Texas,West Va.,2,-0.15,-1.38,1.29,-7,-0.39,-3.22,-2.14,2.7,-1,22.5,-1,-6.95,4.5,-0.55,1.41,-1.38,0.34,-0.39,-3.54,-6,-3.15,-0.92,-1.31,0.39,2.06,-6.24,3.43,1,7,-3,-0.27,-0.01,2.62,-2,0.31,3,2,2,0.83,4.03,0.9,-8.9,-1.6,2,0.3,2,-2.2,-5.51,-12.3,-0.76,-1.61,1,,-2,0.9,-1,,-0.68,-0.92,2.3,2,-4.5,1.39,-6.75,,,4.69,42,41,11,-1,83,0.4426024962,0.4906022005
Texas Tech,Oklahoma,-13.5,-10.01,-6.5,-8.9,-9.25,0.01,-3.84,-4.97,-9.91,-3,-27.5,-10,-5.06,-12.5,-10.02,-7.23,-14.51,-4.07,-8.98,-6.36,-7,-9.15,-8.92,-9.44,-14.99,-5.13,-6.67,-3.9,-6,-10,-14,-9.18,-10.42,-13.51,-10,-7.87,-11,-12.5,-5,-5.62,-11.34,-10.7,-10.7,-8.2,-11,-9.3,-12.5,-9.9,-8.78,3.2,-14.34,-1.01,-9,,-10,-9.2,-9,,-10.78,-12.32,-8.2,-13.5,-17,-11.78,-6.01,,,4.40,51,46,11,-5,97,0.6081108396,0.29282355
Toledo,Ball St.,18.5,18.11,17.41,16.66,16.5,10.72,15.37,21.23,22.22,15,31.5,20,21.63,17,17.54,15.29,18.66,12.03,18.09,16.95,11,22.25,16.02,10.34,15.19,15.77,15.41,12.93,18,21,13,17.48,17.65,19.82,13,16.48,27,17,19,17.12,17.08,20.4,16.32,21.6,20,19.3,18.5,23.3,16.04,11.4,11.63,29.29,15,,23,20.1,23,,,,11.9,18.5,22,20.62,19.7,,,4.02,13,45,11,32,58,0.4900121631,0.8653646298
Troy St.,Louisiana-Lafayette,9.5,10.53,8.32,9.93,3.25,11.21,7.3,6.86,9.22,9,15,13,5.79,13.5,10.71,9.59,8.27,8.5,9.94,6.84,7,7.55,13.6,14.28,12.77,13.79,5.34,10.47,8,11,20,10.01,10.28,11.79,8,12.22,14,10,8,13.43,10.86,11.9,3.84,11.9,11,10.8,9.5,6.1,0.51,8.8,-4.6,2.25,9,,8,11.7,11,,10.01,9.58,10,10.5,16.5,10.32,8.1,,,3.26,16,26,11,10,42,0.5108308758,0.7301925659
Tulsa,Connecticut,17.5,14.14,6.22,11.29,21.25,22.95,15.08,16.02,5.75,13,7,7,18.21,6,15.34,0.23,13.28,7.4,13.48,11.88,8,17.45,15.39,-0.13,11.87,2.88,16.08,5.48,5,7,29,14.09,14.04,9.46,8,16.7,17,18,16,6.27,16.81,19,22,18.1,14,16.6,17.5,12.5,25.86,15.3,20.8,-8.65,18,,4,17.8,14,,18.61,10.58,15.6,17.5,17.5,10.59,20.28,,,6.11,19,49,11,30,68,0.4065812358,0.7859743946
UAB,Texas-San Antonio,21.5,23.18,26.04,21.84,27.5,22.35,24.85,24.67,27.15,24,16,19,30.05,21,22.65,24.05,17.62,16.71,22.13,23.42,20,24.35,20.35,19.59,11.58,19.19,24.37,14.49,28,25,32,22.09,16.95,20.06,14,19.84,17,22.5,22,28.3,18.36,20.8,25.19,22.9,22,19.2,21.5,26,34.81,24.7,26.67,4.3,21,,21,20.7,28,,23.53,17.18,17.4,22,11,22.18,27.79,,,4.79,3,52,11,49,55,0.5151550059,0.9090166185
UNLV,Fresno St.,-26,-27.22,-28.23,-28.23,-31.75,-29.16,-23.78,-28.86,-34.67,-18,-54,-30,-33.07,-28,-26.26,-25.81,-27.88,-12.17,-26.82,-25.92,-27,-27.35,-29.42,-26.19,-26.1,-19.21,-26.73,-17.66,-30,-18,-30,-27.94,-24.85,-26.14,-15,-25.07,-24,-26,-29,-31.39,-22.14,-28.9,-32.39,-24.8,-25,-26.7,-26,-30.2,-33.09,-33.2,-32.2,-24.15,-25,,-28,-28.7,-28,,-31.14,-22.31,-16.1,-25.5,-6.5,-31.3,-33.77,,,6.76,48,3,11,-45,51,0.4810489288,0.0600576287
Virginia,Pittsburgh,7.5,8.35,8.21,3.81,9.5,16.23,9.77,8.19,10.12,9,6.5,9,9.16,9,8.18,7.73,5.9,8.22,7.32,7.4,8,8.65,5.14,11.28,2.63,7.8,9.78,0.95,6,6,14,7.56,4.22,5.73,3,8.02,7,7.5,7,11.39,5.74,7.2,10.73,7.3,7,8.3,7.5,7.2,11.53,11,13.28,0.5,5,,9,7.3,5,,4.93,3.79,2.8,7.5,-2.5,8.71,10.09,,,3.16,23,13,11,-10,36,0.4955634655,0.674456586
Virginia Tech,Boston College,-2,-2.97,-5.95,-5.55,-7,-3.06,-5.13,-9.31,-6.76,-4,15,-6,-8.16,-3,-2.4,-4.85,1.42,-4.53,-3.72,-8.89,-8,-8.05,-1.3,-12.75,-1.09,1.69,-5.09,0.95,-8,3,-9,-4,2.2,-2.8,-1,0.01,1,-2,-4,-7.74,-3.09,-2.8,-11.23,-1.6,-1,-1.3,-2,-9.5,-9.58,-1.6,-20.22,-1.39,-1,,-6,-2.6,-6,,-9.16,-4.42,0.01,-2,6,-8.7,-11.39,,,4.68,31,21,11,-10,52,0.4586151662,0.4110814247
Wake Forest,Syracuse,-5.5,-5.83,-10.17,-2.91,-14,-15.59,-4.66,-7.38,-7.71,-5,6.5,-11,-14.54,-12,-5.6,-7.99,-4.59,-4.51,-5.95,-9.05,-12,-8.55,-5,-21.25,-2.12,-2.46,-9.73,2.35,-9,3,-20,-5.34,-0.94,-3.75,-3,-5.28,0.01,-5.5,-6,-11.6,1.85,-5.4,-15.05,-8.4,-4,-4.7,-5.5,-4.7,-12.57,-5.9,-15.84,-3.62,-3,,-9,-4.1,-8,,-5.05,-2.82,-6.2,-6,8.5,-4.37,-7.34,,,5.33,41,24,11,-17,65,0.4892797942,0.3611657033
Washington,Stanford,10,7.9,3.06,7.03,6.75,11.07,5.93,6.27,7.49,7,-3,5,9.54,4,7.98,-0.18,9.09,4.89,6.65,4.87,2,6.85,8.46,1.81,5.11,2.09,5.83,4.25,1,10,13,6.85,7.37,6.85,2,8.68,10,10.5,3,4.47,5.42,10.6,6.55,8.8,7,10.2,9.5,7.4,15.29,6.5,12.91,-0.41,7,,2,9.8,12,,6.78,5.78,7,10,10.5,3.39,6.58,,,3.33,23,27,11,4,50,0.4181889017,0.6590879487
Washington St.,California,9,13.12,15.02,17.77,17.5,12.69,15.42,11.6,19.96,16,22.5,14,15.55,15.5,12.18,14.76,17.47,12.41,13.91,16.35,12,15.15,13.26,27.16,9.75,12.65,17.29,12.94,16,14,18,13.84,11.91,13.67,9,12.58,10,9.5,12,21.16,9.87,8.6,16.37,12,12,9.9,10,14.1,11.1,15.8,15.67,2.2,10,,15,8.6,12,,15.49,10.29,8.2,10,10,17.66,17.16,,,3.22,13,19,11,6,32,0.6190994124,0.8047543803
Western Mich.,Ohio,-3,0.89,5.03,1.04,-4,5.11,0.21,-3.54,-0.93,2,-5,7,3.15,5.5,1.16,5.96,-1.57,4.39,0.12,-0.48,-3,-4.95,1.28,7,-0.6,4.2,-1.22,-1.06,4,-3,-9,0.14,1.77,2.14,-2,1.33,1,-3,-4,4.31,1.06,-1.9,-4.67,2,0.01,-1.6,-2.5,-8.1,-0.88,12.2,-9.74,1.28,-1,,-1,-2,-3,,-4.19,0.01,0.6,-3,2.5,-5.27,0.38,,,3.79,59,14,11,-45,73,0.5758015714,0.5029331862
Wisconsin,Rutgers,28.5,32.39,24.86,31.78,31,38.18,24.57,19.3,32.06,23,38,23,30.63,24.5,32.53,21.97,34.77,17.33,28.93,22.37,20,29.65,34.75,21.06,31.26,19.24,26.92,21.22,27,41,27,30.36,30.48,33.8,17,28.94,36,30,27,30.45,29.13,32,30.26,31.5,31,29.5,28.5,24.6,35.5,33.1,39.75,4.9,27,,27,30.9,31,,32.27,27.18,24.3,28,26,33.11,31.34,,,5.49,17,31,11,14,48,0.5102125776,0.9575081725
Wyoming,San Jose St.,14.5,14.12,14.52,11.03,14.75,8.55,8.77,7.65,16.42,20,41,10,14.96,12.5,13.8,14.3,15.69,10.22,14.17,10.49,4,12.45,13.83,-3.75,17.78,11.81,12.75,11.11,14,24,8,13.62,12.87,16.37,8,13.92,19,14,13,11.7,18.27,20.6,13.44,13.8,13,18.4,14.5,11.1,15.3,19.4,-4.83,11.44,11,,5,19.3,18,,12.82,9.98,11.4,13.5,14.5,18.83,10.9,,,5.35,9,24,11,15,33,0.4921416394,0.8011885961
Air Force,New Mexico,13,12.84,8.15,11.08,14.75,10.83,11.87,11.49,8.16,14,16.5,10,14.49,10,13.58,4.98,14.12,6.82,12.66,10.51,5,19.15,12.83,6.31,13.26,7.8,12.23,11.81,10,14,12,12.45,11.11,9.89,7,12.45,19,14,16,8.48,10.46,14.9,13.76,14.3,12,13.7,13,17.5,22.44,23.8,10.65,1.77,15,,9,14.2,19,,13.58,9.39,13.9,13.5,5.5,15.76,13.71,,,3.90,24,42,12,18,66,0.4917029928,0.7806698077
Alabama,Mississippi St.,23.5,21.02,18.32,29.7,22.75,16.97,18.18,21.36,22.48,21,32,17,22.99,26.5,20.82,15.98,23.96,13.91,21.49,27.15,13,24.55,22.84,8.56,24.83,16.62,19.19,11.75,18,21,18,21.8,22.07,22.92,10,18.41,27,24,19,9.54,14,24.7,21.17,21.8,20,24.3,23.5,26.2,30.28,20.8,22.01,12.22,17,,28,24.1,25,,26.71,25.69,21.1,23.5,22.5,21.82,22.03,,,5.08,0,24,12,24,24,0.4520091234,0.9013461303
Arizona St.,UCLA,11.5,11.73,13.15,14.78,15.25,24.95,13.52,24.02,16.04,18,19,14,13.97,14.5,11.12,12.73,12.59,12.6,14.64,14.41,14,21.95,10.44,25.19,11.22,13.77,13.72,12.46,12,17,17,13.99,9.25,9.64,7,12.11,17,11.5,19,13.35,16.18,18.6,13.99,13.8,14,15.5,12,23.4,16.8,20.6,23.94,1.33,10,,12,16.3,18,,13.41,9.18,10.6,13.5,6,23.63,14.16,,,4.02,28,31,12,3,59,0.5760289225,0.8143376113
Arkansas,LSU,-12,-19.78,-25.94,-27.64,-25.25,-22.02,-17.32,-21.15,-30.42,-16,-53.5,-21,-23.34,-24.5,-18.31,-27.24,-19.64,-11.57,-21,-24.85,-17,-21.05,-14.87,-44.06,-24.88,-20.87,-22.83,-15.09,-27,-20,-26,-20.87,-18.04,-23.34,-9,-14.85,-20,-14,-21,-30.48,-15.16,-18.7,-26.01,-18.6,-18,-18.2,-13.5,-19.7,-16.16,-19.1,2.2,-17.22,-16,,-29,-16.4,-18,,-21.89,-21.81,-12.2,-13.5,-7,-23.49,-23.14,,,6.68,24,17,12,-7,41,0.3006318626,0.1113532535
Boise St.,Fresno St.,-3,-3.95,-2.36,-4.69,-6.5,-3.28,-4.51,-4.22,-1.92,-2,9.5,-4,-8.88,-2.5,-4.29,0.9,-2.92,-2.83,-2.25,-4.72,-8,-2.75,-2.33,-3.63,-1.65,3.21,-2.8,2.26,-2,4,-8,-2.75,-3.18,-0.85,-2,-1.6,-3,-2.5,-4,-2.06,0.32,-2.9,-5.91,-1.7,-2,-2.3,-3,-5.9,-4.01,4.6,-8.44,-0.13,-4,,-8,-2,-1,,-5.94,-0.71,1.1,-2.5,13.5,-4.96,-7.35,,,3.99,17,24,12,7,41,0.5182723353,0.4453360012
Boston College,Clemson,-18.5,-17.78,-14.58,-15.76,-24.75,-18.71,-13,-13.81,-16.25,-13,-20,-18,-20.66,-23,-17.99,-11.54,-24.57,-6.78,-16.4,-10.65,-16,-21.15,-16.71,-10.13,-15.24,-11.09,-16.42,-6.92,-15,-11,-18,-16.42,-18.41,-16.52,-11,-17.41,-18,-17,-15,-7.27,-15.35,-20.6,-24.51,-18.2,-16,-19.4,-18.5,-16,-27.32,-20.2,-24.76,-12.63,-19,,-12,-19.6,-20,,-17.41,-12.82,-13.4,-19.5,-10.5,-15.77,-18.04,,,4.55,27,7,12,-20,34,0.5505937793,0.1603374108
Buffalo,Kent,20,19.93,28.95,23.87,27.25,24.12,20.63,22.51,28.85,27,52,28,24.19,30,18.76,31.33,25.56,17,24.04,20.85,20,25.55,21.47,22.97,18.17,23.84,25.56,13.63,29,21,31,23.84,19.85,24.06,12,19.73,26,21.5,26,33.36,20.05,23.3,27.08,23.7,23,23.1,20.5,25.6,23.84,25.4,32.59,38.55,19,,20,22.1,26,,,,20.2,20,13.5,30.46,22.71,,,6.02,14,48,12,34,62,0.5940404691,0.9216014922
Central Florida,Navy,24,25.81,30.78,28.3,31.5,31.41,25.53,29.49,34.39,28,43,33,28.49,29.5,24.67,31.93,26.64,18.26,27.43,23.05,23,29.95,26.97,43.03,21.86,22,28.52,20.7,28,25,44,28,24.28,26.57,15,26.53,28,25,26,34.55,24.57,30.8,28.4,26.2,26,28.3,24.5,29.2,28.87,25.1,47.53,14.23,25,,24,30,30,,24.78,26.18,23,25,14.5,32.13,30.9,,,5.20,24,35,12,11,59,0.5813375509,0.94969805
Central Mich.,Bowling Green,6.5,9.65,6.75,9.08,16,9.8,11.42,11.33,8.06,12,-6,6,14,7.5,9.9,3.12,5.03,7.43,9.95,9.37,6,16.95,8.61,-1.84,9.24,4.83,14.77,7.58,10,7,13,9.66,10.3,6.71,6,9.66,12,10,12,6.07,13.99,8.5,16.23,12.3,9,10,7,12.7,9,17.8,7.87,9.09,9,,3,8,13,,13.2,9.18,15.2,7.5,11,16.87,15.05,,,4.14,24,13,12,-11,37,0.5832812399,0.7279094934
Cincinnati,South Florida,14,14.59,14.64,12.84,26,19.22,17.44,21.89,15.23,19,3,17,26.52,15,14.5,8.71,10.97,10.82,14.22,16.86,9,21.45,9.48,21.16,-1,7.03,21.29,6.65,14,4,25,14.39,9.57,9.27,8,14.39,14,12,15,8.53,10.29,13.9,23.86,18.1,12,13.2,14,23.3,28.38,22.4,21.96,1.79,15,,12,12.9,19,,19.04,6.09,7.2,14,-9.5,13.97,22.5,,,7.09,23,35,12,12,58,0.5050475914,0.7932726482
Coastal Carolina,Arkansas St.,-7,-4.01,4.64,-2.66,-1,-0.6,-3.6,-5.17,-2.46,3,-4.5,5,0.38,5.5,-4.22,6.77,-4.81,-0.18,-2.42,-0.36,-3,-10.95,-1.97,6.25,-8.1,3.26,1.9,-0.63,5,-3,-3,-2.66,-1.79,-3.23,-1,-2.38,-6,-6.5,-6,5.33,-3.77,-7.2,-1.53,-2.6,-6,-5.4,-6,-8.9,-6.46,,-8.53,1.93,-10,,-2,-6.5,-7,,-2.83,-1.01,-1.3,-6.5,-7,-4.94,-2.82,,,4.04,44,16,12,-28,60,0.6101004856,0.4412794366
Colorado,Washington St.,-6.5,-5.96,-10.26,-7.5,-6,-5.51,-6.15,-6.22,-16.6,-4,-10.5,-10,-4.97,-13,-4.38,-12.91,-2.11,-5.88,-7.42,-7.89,-12,-9.65,-4.18,-23.44,-7.3,-9.23,-5.55,-10.34,-12,-4,-12,-7.3,-5.96,-7.42,-4,-6.1,-3,-4,-10,-13.12,-7.62,-8.2,-6.25,-3.3,-6,-7.5,-6.5,-8.3,-10.14,-8.6,1.77,-2.5,-3,,-14,-9.1,-6,,-5.67,-4.71,-5,-6,-0.5,-13.53,-7.68,,,3.34,31,7,12,-24,38,0.4773877291,0.3236967878
Connecticut,SMU,-19,-15.55,-18.09,-12.87,-22.5,-20.63,-13.8,-21.91,-22.75,-13,-18,-20,-24.23,-18,-14.6,-15.02,-17.13,-9.16,-16.6,-17.07,-16,-22.65,-11.61,3.59,-12.79,-9.06,-17.18,-12.66,-15,-8,-28,-17,-16.05,-14.56,-9,-12.71,-17,-17,-23,-5.85,-19.04,-19.5,-23.69,-17.2,-13,-18.4,-19,-24.6,-27.69,-16.5,-33.65,-30.73,-12,,-13,-18.9,-17,,-19.41,-13.32,-12.7,-19.5,-6,-23.56,-22.11,,,5.17,62,50,12,-12,112,0.5571495251,0.1600520445
Duke,North Carolina,9.5,15.85,21.72,15.48,19.25,26.76,17.3,17.94,21.56,20,22.5,21,20.06,24.5,14.98,22.54,14.71,16.34,16.33,13.02,15,12.45,13.29,34.56,13.57,16.16,20.14,11.28,23,14,23,16,12.55,18.52,8,15.41,16,10.5,11,23.34,17.96,13.7,17.79,17.8,18,12.9,11,12.1,9.3,16.1,28.3,2.99,12,,20,13.9,12,,20.49,14.59,12.9,10,-0.5,15.76,18.74,,,4.67,35,42,12,7,77,0.6601066302,0.8381451385
Eastern Mich.,Akron,11,10.43,6.94,9.59,11.25,8.38,10.13,10.76,11.22,8,7.5,7,10.43,9.5,10.32,5.19,9.57,9.26,9.34,10.61,5,13.95,11.55,12.88,7.11,4.37,9.57,7.25,9,11,12,9.57,9.05,8.76,6,10.03,11,13,11,7.48,6.8,7.8,10.33,10.5,10,7.7,11,12.8,12.03,10.4,-3.02,0.91,8,,9,7.4,14,,9.92,6.58,6.3,12.5,8,9.47,10.99,,,2.19,7,27,12,20,34,0.4587489531,0.7199951827
Florida,South Carolina,6.5,4.66,4.13,4.81,7.75,9.56,4.43,0.99,-0.25,7,-3,6,5.27,8,5.37,3.56,1.43,5.63,4.5,5.75,4,3.65,6.77,5.88,-1.82,4.54,6.79,3.67,3,4,2,4.54,4.3,4.61,3,6.24,6,5.5,4,10.24,-0.7,4.3,8.3,6.2,4,2.4,6.5,1,7.55,12,-12.76,1.31,5,,6,3.1,4,,2.02,5.28,6.3,5.5,4,1.14,4.74,,,2.73,31,35,12,4,66,0.450593719,0.6100169762
Florida Atlantic,Western Kentucky,20.5,16.6,21.44,19.46,18.25,9.38,15.38,17.2,25.35,25,44,21,20.42,22.5,15.43,21.95,16.75,15.15,18.82,18.61,12,20.55,15.6,-2.13,14.72,17.69,19.07,19.98,23,14,13,19,14.56,18.57,11,17.06,21,17,22,14.03,19.1,20.9,18.61,20.4,20,19.3,20.5,25.7,21.72,18.7,21.86,17.88,19,,22,20.9,23,,17.74,17.68,14.2,20.5,2.5,22.76,18.62,,,5.30,15,34,12,19,49,0.4600163946,0.8696279425
Georgia,Auburn,13.5,12.47,16.16,19.89,23,17.41,16.92,10.58,16.15,21,8,14,17.54,18.5,11.98,15.48,15,12.12,15.85,20.72,11,17.15,12.33,11.53,13.55,15.14,21.61,10.54,18,11,20,15.6,9.92,10.9,8,15.68,16,13.5,14,14.06,8.23,15.6,21.72,15.5,14,14.6,13.5,20.8,22.07,21.6,20.3,2.93,14,,22,15.9,19,,21.91,14.48,12.1,14,8.5,22.16,18.83,,,4.20,10,27,12,17,37,0.5568997338,0.8327914414
Georgia Southern,Troy St.,-1,0.24,3.93,-0.44,4.75,2.32,2.42,0.53,0.62,4,-2,3,2.62,3,0.19,4.59,1.49,1.96,0.78,0.45,1,-3.45,2.32,3.78,-5.88,1.06,5.24,-0.42,5,8,1,1,-0.68,0.39,-2,3.06,-4,1.5,0.01,10.22,-0.01,0.3,4.2,3.2,1,1.6,-1,-1.5,-5.71,-6.1,2.88,0.05,3,,2,1.2,-2,,2.04,-0.91,3.2,-1.5,-14,-2.37,0.62,,,3.62,35,21,12,-14,56,0.5435259562,0.519103863
Georgia Tech,Miami (Fla.),2.5,1.17,-1.05,0.38,2.75,-5.7,0.44,0.98,7.8,7,18,-3,-2.49,0.01,-0.01,-0.32,3.19,1.38,1.79,4.52,-1,3.65,-1.29,-1.13,-8.7,4.6,1.48,6.54,-2,1,-1,0.98,-0.69,-0.61,-2,0.38,4,4.5,9,-4.61,-2.78,5,-0.84,-0.7,0.01,5,2.5,10.3,5.15,3.4,-0.69,-0.59,2,,3,4.3,9,,2.1,-1.12,0.5,3.5,-1,11.51,-2.25,,,4.50,21,27,12,6,48,0.4828377811,0.5431967282
Houston,Temple,4.5,1.98,6.1,2.4,-2.25,8.83,0.01,0.51,-0.96,12,0.01,6,3.53,7,2.39,7.4,2.43,3.99,2.69,-0.68,4,-0.55,4.35,4.5,3.1,7.33,-0.6,2.71,3,11,-4,2.4,4.89,3.75,-4,7.42,8,5,2,10,4.12,1.5,-3.28,6,4,2.5,4.5,-0.01,-4.8,-2.4,2.56,-1,1,,-1,1.8,4,,1.36,4.38,3,5,2,1.59,0.99,,,3.70,59,49,12,-10,108,0.4557891001,0.5655430993
Indiana,Maryland,1,-1.64,-1.4,1.24,-2.5,-7.44,-2.27,-1.77,-3.73,1,8,-2,-2.93,0.01,-1.32,-0.63,-0.01,-0.62,-0.39,-0.63,-3,0.25,1.81,-4.47,1.25,-0.12,-0.96,2.97,1,3,4,-0.51,2.52,-0.92,1,0.32,6,3,-5,-3.92,2.29,-0.7,-3.51,-0.4,1,-1.1,1,,-1.23,0.01,0.3,-0.68,2,,-5,-1.4,2,,-4.49,-0.81,0.2,0,1.5,-3.03,-4.23,,,2.74,32,34,12,2,66,0.4656211257,0.4903431023
Iowa,Northwestern,10,11.64,6.41,11.43,14.75,15.19,10.75,14.03,4.8,14,6,7,10.75,6.5,12.68,4.24,13.2,9.02,10.02,9.64,7,13.95,11.82,11.41,9.47,4.06,13.21,6.29,8,11,9,10.65,8.61,9.21,6,10.65,12,10.5,7,13.19,1.38,8.9,13.52,10.5,11,9,10,15.4,15.9,12.6,6.86,-0.13,9,,12,9,15,,11.89,6.79,6,10.5,6,6.96,12.59,,,3.42,14,10,12,-4,24,0.5004913578,0.7314015919
Iowa St.,Baylor,16.5,13.25,11.92,17,19.75,14.67,15.59,17.32,15.82,16,23.5,13,20.42,9,12.97,7.67,19.17,8.94,15.45,14.15,4,21.95,12.45,19.03,14.9,8.84,16.25,17.72,15,17,26,16,14.06,11.08,8,12.71,19,14,17,19.32,17.22,16,18.39,16,13,16.1,16.5,20.2,22.05,16.7,25.24,0.95,13,,7,15.8,24,,16.89,9.49,11.6,14.5,8,17.46,20.2,,,4.60,14,28,12,14,42,0.4746718621,0.8250574981
Kansas St.,Kansas,10.5,11.26,7.41,14.99,7.5,-1.17,4.99,4.86,11.95,15,18,5,6.49,7.5,11.16,7.88,16.81,6.78,10.2,11.9,2,10.65,15.37,11.81,11.67,10.6,6.71,11.92,8,14,4,10.7,15.32,14.8,5,8.4,18,11.5,12,9.59,13.68,8.1,5.72,10.3,14,7.4,10.5,12.9,11.66,12.5,8.24,0.27,13,,11,7.3,11,,6.37,9.59,10.7,10.5,13.5,13.61,5.16,,,4.04,17,21,12,4,38,0.4926943819,0.7332455996
Louisiana Tech,Rice,24.5,26.29,29.07,30.23,26.75,24.89,22.17,22.87,35.1,26,47,26,27.2,27,25.19,30.01,20.52,18.14,26.15,29.48,18,24.25,28.17,6.28,22.68,25.48,26.29,19,27,25,19,26.48,23.82,29.36,12,25.51,27,25,27,27.28,27.88,30.9,25.51,26.1,26,27.9,24.5,24.8,26.85,27.6,-2.18,41.52,22,,29,28.6,30,,26.48,26.69,24.2,24.5,15,36.93,26.93,,,5.17,13,28,12,15,41,0.5393650006,0.9413690621
Louisiana-Lafayette,Georgia St.,14.5,8.94,14.61,11.56,17,12.06,13.36,17.43,13.61,17,17,18,17.96,18,8.29,12.94,2.6,11.62,11.84,14.29,11,13.25,10.47,0.09,1.82,7.14,16.13,9.4,15,13,1,12,8.73,7.36,4,8.65,12,13,16,11.68,8.32,10.1,15.01,13.3,9,9.2,14.5,18.5,16.42,12.8,23.69,1.59,11,,10,9,13,,13.4,9.08,8.7,14,7.5,20.2,12.95,,,4.25,22,36,12,14,58,0.4357034758,0.7643948693
Marshall,Charlotte,14,15.88,8.66,15.66,13.5,8.93,11.17,12,14.91,12,38.5,8,9.72,8.5,16.02,8.12,17.96,10.79,14.11,13.2,6,17.25,19.2,7.5,17.43,11.91,12.68,8.07,11,21,14,13.99,12.94,17.5,7,15.68,20,14.5,13,15.46,17.19,18.4,16.78,15.9,20,18.4,14,15.8,8.1,6.8,15.13,1.76,14,,9,18.1,17,,13.25,13.99,15.6,14.5,11.5,12.44,12.54,,,5.07,13,30,12,17,43,0.5026335078,0.8014364626
Massachusetts,BYU,-14,-14.01,-5.86,-13.35,-18,-4.18,-11.33,-16.41,-11.85,-6,-28.5,-6,-12.85,-5.5,-14.31,-2.36,-13.33,-9.21,-12.21,-10.85,-6,-18.15,-13.82,-10.91,-18.41,-10.78,-12.35,-12.76,-6,-6,-12,-12.35,-10.35,-13.33,-4,-8.28,-11,-13.5,-16,-9.17,-10.51,-16.5,-19.21,-11.8,-12,-15.3,-14,-14.7,-15.45,-21,-20.02,-1.79,-13,,-14,-16.5,-16,,-16.91,-10.31,-6.8,-14,-3.5,-11.37,-19.81,,,4.95,35,16,12,-19,51,0.542860554,0.2313959049
Memphis,Tulsa,17,14.64,13.82,14.58,12.25,13.81,11.01,13.65,15.89,14,17.5,15,15.17,16,14.54,13.14,14.36,12.16,13.65,13.04,13,14.85,17.55,7.25,16.85,16.24,12.21,16.75,12,17,3,13.84,13.63,16.2,6,15.65,16,14,13,14.35,16.09,13.2,10.77,15.1,13,14.5,16,12.3,13.76,7.2,3.43,19.79,11,,11,12.6,15,,13.84,13.89,12.4,15.5,12,19.53,13.29,,,2.76,21,47,12,26,68,0.4176479086,0.8015507995
Miami (Ohio),Ohio,-5,-4.48,-5.57,-1.86,-4.25,-5.1,-1.19,-3.63,-5.04,1,-9,-5,-3.92,-9,-4.39,-6.4,-7.23,-2.51,-3.82,0.56,-9,-4.85,-3.41,-12.56,-2.63,-6.61,-3.86,-2.31,-5,-3,-8,-3.78,-5,-6.24,-4,-3.65,-3,-3,-3,-1.25,-0.23,-2.3,-6.69,-3.9,-4,-3.3,-5,,-5.81,2.5,-16.12,-1.51,-7,,-1,-3.7,-7,,-6.12,-2.61,-0.7,-5,-3,-1.99,-2.51,,,2.49,28,30,12,2,58,0.5292705118,0.4060435959
Michigan St.,Ohio St.,-4,-3.69,-0.57,1.09,0.01,-1.27,-0.65,-1.97,3.34,3,-3,-1,0.18,-1.5,-4.79,-0.93,-6.99,0.53,-1.2,5.66,-9,2.35,-7.76,-1.38,-21.05,-3.1,1.17,5.43,2,-6,6,-1,-8.33,-3.97,-4,-3.55,-1,-3.5,4,-2.54,1.84,-0.4,-1.77,-1.4,-2,-0.3,-3.5,10,2.85,-2.9,2.04,-0.31,-3,,-1,-0.2,2,,0.01,-2.01,2.3,-3.5,-15,-1.28,-1.03,,,4.88,26,6,12,-20,32,0.5669461012,0.4711978802
Minnesota,Purdue,-10.5,-11.73,-9.25,-12.6,-16.25,-13.74,-11.31,-18.4,-22.35,-7,-22.5,-10,-17.45,-9,-10.13,-5.15,-9.3,-6.61,-12.82,-14.49,-11,-22.75,-7.84,-22.81,-12.32,-6.74,-11.99,-7.29,-11,-7,-22,-12,-5.93,-9.72,-7,-10.55,-14,-12.5,-18,-5.37,-15.08,-14.7,-16.89,-11.1,-11,-13.9,-10.5,-25.8,-22.84,-20.4,1.13,-1.65,-12,,-17,-14.2,-20,,-14.58,-7.81,-6.8,-12,2,-18.67,-17.94,,,5.64,10,41,12,31,51,0.4452319983,0.2233268153
Missouri,Vanderbilt,16,14.39,10.71,15.39,13.5,20.5,11.84,18.07,17.17,10,21,10,16.55,10,14.02,7.79,9.44,10.06,14.14,14.15,5,20.15,15.15,19.97,12.61,7.66,12.3,7.1,12,14,19,14.26,10.43,14.48,6,14.26,18,14,16,9.16,17.51,20,12.79,15.4,14,17.4,16,17.1,21.31,19.3,2.75,2,19,,15,19.1,18,,13.14,14.39,12.5,16.5,6.5,9.94,16.31,,,4.26,28,33,12,5,61,0.4549531613,0.8051700433
NC St.,Wake Forest,19.5,15.75,16.49,11.76,21.5,25.44,13.14,14.82,17.22,18,13,17,16.58,15.5,15.56,16.44,13.16,12.04,15.25,17.28,9,19.05,15.13,27.97,11.88,9.86,18.23,7.11,19,14,29,15.13,11.41,15.7,10,14.01,13,15,13,20.66,8.58,13.5,21.95,14.9,14,13.2,18.5,17.2,22.09,17,18.55,2.39,13,,18,11.7,19,,14.8,11.58,9.4,19,5,18.54,15.86,,,4.46,27,23,12,-4,50,0.3983082568,0.8224624754
Nebraska,Illinois,17.5,11.55,4,10.83,17,11.43,11.07,10.86,3.36,10,12,7,15.46,6,12.76,-1.73,12.73,2.33,11.55,8.71,-1,13.05,18.92,5.69,4.25,5.18,11.53,14.01,6,18,19,12,10.49,7.96,8,11.89,17,17,12,8.57,12.64,12.8,14.39,15.7,13,12,16.5,15.6,22.13,21.6,9.92,-0.41,13,,9,12.8,14,,12.36,9.89,13,17,12,11.23,13.07,,,4.87,35,54,12,19,89,0.3600539433,0.7566452473
Nevada,Colorado St.,14,11.44,18.03,10.76,14.75,13.62,14.18,23.29,17.1,22,16.5,20,21.14,18.5,10.68,16.49,8.22,11.11,13.86,13.27,12,17.05,11.09,12.78,8.33,9.34,12.07,13.09,18,11,18,13.27,10.66,9.32,6,12.87,14,13,18,15.27,13.13,13.3,12.49,16.3,12,12.2,14,17.1,13.01,18.6,21.19,3.41,15,,12,12.8,17,,16.26,8.79,7.4,14,1,23.64,17.21,,,4.32,10,49,12,39,59,0.4966053956,0.8002185917
Northern Ill.,Toledo,3.5,0.65,3.36,-0.81,0.75,6.06,-1.29,-4.28,4.49,8,7,2,-4.79,5,0.14,7.44,2.3,2.13,1.57,2.13,-5,-2.35,0.48,8.34,-3.22,6.7,4.35,5.97,4,1,6,1,0.12,4.56,-2,0.01,-1,1.5,1,6.72,1.08,0.5,0.16,0.5,1,-0.01,3.5,-1.3,3.32,4.3,4.22,0.9,-1,,1,0.2,2,,0.44,1.69,2.9,3.5,-4,4.47,-3.5,,,3.32,15,38,12,23,53,0.4526379024,0.5385584394
Notre Dame,Florida St.,16.5,16.33,26.57,20.32,23.25,28.56,21.53,19.5,26.39,22,28.5,25,24.59,29.5,15.39,27.56,17.29,16.56,20.58,19.94,17,22.05,17.93,35.22,14.58,24.09,22.41,16.73,26,18,29,20.32,14.39,18.36,9,19.6,18,18,19,24.86,22.59,21.6,22.32,20.1,19,20.2,17.5,20,20.87,23,24.13,22.36,17,,18,21.8,21,,21.3,13.49,19,16.5,7,22.64,22.86,,,4.55,13,42,12,29,55,0.5975777244,0.8936750743
Oklahoma,Oklahoma St.,21,18.65,19.88,17.91,23,18.21,17.84,22.56,25.61,20,23.5,28,22.38,29,17.43,18.63,15.55,13.18,19.37,18.81,13,24.25,15.92,27.16,15.41,16.33,20.78,15.62,22,14,29,18.65,15.5,19.64,12,17.63,22,17.5,21,16.87,19.83,16.7,22.17,20.2,18,16.7,21,24.8,26.81,21.2,30.73,2.42,17,,14,16.1,23,,20.22,17.18,15.5,20.5,9,23.92,21.96,,,4.24,47,48,12,1,95,0.4604863897,0.8807883729
Old Dominion,North Texas,-14,-20.16,-20.49,-15.14,-24.5,-23.88,-25.52,-20.39,-18.56,-14,-26,-24,-26.52,-24,-20.38,-17.48,-15.77,-11.3,-17.28,-12.04,-23,-16.05,-13.53,-10.72,-19.81,-13.89,-20.48,-8.68,-22,-1,-26,-17,-16.56,-18.33,-11,-17.35,-17,-13.5,-14,-19.13,-12.28,-16.5,-25.86,-18.5,-16,-14.6,-14.5,-16.2,-21.84,-25.3,-29.85,-2.72,-13,,-9,-15.6,-18,,-26.36,-10.31,-12.3,-14.5,4.5,-10.2,-27.91,,,6.37,31,34,12,3,65,0.4239694222,0.1562022064
Penn St.,Wisconsin,8,8.03,10.43,6.57,13.75,3.91,10.36,12.3,8.38,11,15.5,10,13.46,10,7.99,8.91,8.48,5.46,9.39,8.07,5,17.35,8.58,16.22,11.57,6.37,12.85,6.67,14,4,10,9.98,7.48,6.11,3,9.98,12,8,11,13.18,6.27,9.5,12.37,10.6,7,8.8,8,10.5,7.86,14,6.22,1.17,10,,10,8.8,14,,11.17,5.19,3,9,4.5,12.19,11.64,,,3.25,10,22,12,12,32,0.5341822188,0.7188830636
Pittsburgh,Virginia Tech,3.5,1.82,8.56,6.64,9.75,-1.96,4.03,5.92,12.98,14,-3.5,7,6.27,8.5,0.34,9.71,-1.48,8.12,4.9,14.23,1,6.75,-2.25,16.44,-5.22,5.93,8.4,6.28,10,4,7,5.36,-1.54,3.49,2,-1.24,3,4,10,5.36,0.8,-0.8,8.75,1.8,1,-0.6,3.5,15.1,7.19,2.7,-0.41,2.11,-1,,12,-1.4,7,,3.66,4.29,5,3,0.01,13.99,6.39,,,4.88,22,52,12,30,74,0.533588304,0.6160129441
Rutgers,Michigan,-38,-39.03,-36.8,-35.38,-43,-48.93,-33.27,-39.36,-44.46,-29,-44.5,-30,-44.32,-35,-38.3,-33.04,-35.34,-13.11,-35.54,-30.04,-30,-37.85,-34.31,-37.91,-33.38,-22.59,-35.75,-22.09,-39,-31,-44,-35.75,-32.55,-38.55,-20,-34.68,-38,-37,-34,-35.79,-34.15,-42.5,-43.55,-37.2,-34,-39.9,-38,-37.5,-48.7,-44.3,-20.13,-15.43,-31,,-31,-40.1,-41,,-40.91,-27.31,-25.6,-39.5,-20.5,-42.2,-44.51,,,7.63,42,7,12,-35,49,0.5555399822,0.0218036111
San Diego St.,UNLV,23,18.82,25.19,20.37,22,20.62,15.49,22.72,33.37,20,51,21,17.97,26.5,16.96,28.8,15.54,15.93,21.62,20.42,14,22.55,23.84,17.81,17.43,24.45,21.24,20.76,25,21,24,21,19.05,23.69,12,17.69,24,18,24,27.34,18.8,23.1,21.28,19.5,20,21.7,23,18.6,26.73,23.1,22.84,22.51,17,,20,22.7,22,,18.48,18.19,16.9,22.5,21,24.14,18.66,,,5.46,27,24,12,-3,51,0.4672402656,0.9011166995
South Alabama,Louisiana-Monroe,-7,-4.96,-7.69,-4.36,-6.25,-1.58,-2.67,-5.25,-16.75,-5,-10,-7,-2.94,-10.5,-3.39,-10.06,-2.65,-6.35,-5.5,-9.21,-9,-2.95,-1.56,6.88,-1.16,-5.18,-6.1,-5.64,-7,1,-5,-5,-3.06,-7.38,-4,-4.56,2,-4,-10,-1.61,-3.97,-8,-8.55,-2.2,-4,-6.4,-7,-12.6,-11.33,-2.4,13.09,-2.91,-6,,-5,-7.7,-5,,-3.71,-2.51,-6.4,-6.5,-2,-11.4,-6.03,,,3.42,38,10,12,-28,48,0.5367993024,0.3674169801
Stanford,Oregon St.,24,25.5,21.21,25.66,27.25,27.7,23.91,20.42,24.13,22,46,25,23.82,25.5,25.78,19.92,29.15,16.34,25.45,20.62,16,26.55,27.98,36.47,25.3,19.77,24.84,19.85,26,28,27,25.66,25.28,25.92,15,28.02,27,22.5,23,30.74,30.69,33.6,27.07,26.9,28,31.9,24,24.4,25.95,24.3,10.45,2.7,28,,18,32.1,27,,27.21,25.19,23.6,24,20,25.33,27.57,,,4.87,17,48,12,31,65,0.5347957751,0.9373385169
Syracuse,Louisville,20,17.72,26.99,18.4,29.75,38.94,21.47,23.5,27.33,26,15.5,30,29.7,30.5,16.39,25.63,13.7,16.68,21.59,30.15,26,26.95,16.51,38.63,9.38,14.7,27.41,14.57,26,14,36,22.9,10.46,16.1,8,20.76,19,21,24,28.82,13.7,23.2,28.31,23.6,17,22.1,20,28.3,23.07,24.3,12.52,12.07,14,,29,22.9,27,,21.89,17.69,13.8,21,-2,24.23,25.83,,,7.41,23,54,12,31,77,0.5361599828,0.8911096561
Tennessee,Kentucky,-5,-7.02,-10.42,-10.76,-13.75,-12.57,-8.91,-7.77,-11.13,-7,-20,-9,-9.77,-11,-6.49,-10.75,-10.3,-6.67,-9.48,-9.11,-10,-11.05,-5.34,-16.44,-15.2,-3.49,-11.9,-0.91,-8,-10,-22,-9.2,-4.18,-8.86,-2,-5.82,-5,-3.5,-9,-16.2,-12.52,-13.3,-15.8,-8.1,-8,-11.2,-6,-9.2,-7.65,-8.7,-18.73,-2.2,-8,,-10,-13,-11,,-10.56,-5.01,-6.9,-5.5,0.01,-12.67,-11.49,,,4.23,7,24,12,17,31,0.3925507194,0.2819683016
Texas A&M,Mississippi,13,11.87,9.07,8.58,14.25,11.09,10.31,11.17,10.74,14,8,12,13.17,13,12.07,7.01,13.3,6.13,11.09,11.23,5,10.85,10.51,16.88,6.11,7.36,12.5,11.04,12,17,4,11.23,7.39,10.04,7,12.25,11,12,11,12.89,14.46,13.2,12.54,13.6,11,12.4,13,12.2,16.86,17.4,3.41,1.95,15,,13,13.3,12,,8.91,7.38,12.2,12.5,5.5,12,9.34,,,2.97,24,38,12,14,62,0.4529296952,0.7538538766
Texas St.,Appalachian St.,-19.5,-27.29,-22.8,-23.66,-26.75,-14.87,-23.01,-21.54,-21.54,-16,-36,-20,-30.45,-20,-28.15,-18.99,-30.61,-10.86,-22.36,-12.61,-19,-24.05,-27.79,-15.78,-35.78,-12.77,-23.69,-6.99,-26,-28,-20,-23,-25.15,-26.05,-15,-22.48,-25,-21.5,-18,-24.69,-15.78,-22.5,-26.62,-26.8,-24,-20.3,-20,-16.2,-26.49,-27.1,-26.44,-3.17,-23,,-14,-21.4,-26,,-31.74,-21.81,-15.5,-20.5,-15,-20.91,-29.3,,,6.37,38,7,12,-31,45,0.4336000851,0.095551289
Texas Tech,Texas,-2,1.43,1.91,1.63,5.5,6.15,6.5,11.95,-0.89,4,-12.5,2,9.22,-1,1.78,-1.76,-1.86,1.33,2.46,3.63,2,7.45,-1.65,0.56,-0.2,-0.47,4.67,1.34,2,3,1,1.91,2.11,-3.39,-1,3.53,3,-1,3,-0.01,4.19,1,4.55,4.8,0.01,1.5,-1,7.1,8.03,11.9,4.42,-0.33,3,,-2,1.2,7,,1.63,-1.11,0.5,-2,-1,5.3,8.59,,,3.96,41,34,12,-7,75,0.6074221624,0.5597602775
Texas-San Antonio,Florida Intl.,-10.5,-8.72,-9.72,-8.62,-13.75,-10.1,-8,-11.68,-5.55,-5,-3,-11,-14.29,-11,-9.16,-7.42,-10.06,-6.67,-9.26,-6.94,-15,-11.85,-11.96,7.59,-12.41,-7.62,-7.71,-4.24,-9,-10,-16,-9.72,-7.96,-6.51,-5,-8.95,-11,-10,-11,-11.67,-10.97,-10.4,-12.73,-11.1,-9,-9.9,-10.5,-6.5,-10.94,-8.8,-18.23,-1.74,-7,,-10,-10.3,-12,,-12.72,-7.81,-4.4,-10,0.01,-12.44,-12.06,,,3.09,45,7,12,-38,52,0.5305578022,0.2834687857
Tulane,East Carolina,11.5,16.38,16.22,19.43,17.25,15.75,18.28,18.57,20.26,26,17.5,15,20.37,18.5,15.87,14.15,17.03,13.59,15.09,13.45,8,16.65,13.63,7.75,7.36,7.39,15.62,11.02,15,4,5,15.87,14.71,14.92,7,18.85,21,15.5,16,8.1,19.77,15.9,14.15,18.4,16,16.1,12.5,20.9,14.46,5,18.04,0.32,15,,14,15.3,22,,19.45,9.89,11.5,13.5,7,19.08,19.8,,,4.83,18,24,12,6,42,0.5856440405,0.8184329834
UAB,Southern Miss.,13,16.4,18.29,16.55,20.5,15.5,16.2,12.23,19,20,15.5,14,18.6,17.5,16.05,18.15,14.6,13.95,15.02,12.54,11,16.95,11.44,32.59,3.74,18.5,17.95,12.6,17,11,12,15.5,11.95,14.9,10,15.05,12,11.5,14,23.89,13.21,17.8,15.53,15.1,14,16.8,13,14.3,17.77,13.4,22.4,1.76,13,,17,17.2,19,,16.56,9.18,9.5,12,4.5,16.72,18.34,,,3.63,23,26,12,3,49,0.5493582369,0.8218186259
USC,California,4,7.1,6.65,10.38,7,-1.61,5.08,8.19,10.22,7,15.5,6,7.13,6,6.61,6.41,9.33,5.51,6.97,7.19,1,7.75,6.76,10.53,7.92,5.26,7.73,4.13,7,10,2,6.81,8.49,9.45,4,6.81,11,5.5,7,9.09,13.24,3.1,6.1,8.3,8,4.5,5,5.5,3.62,5.5,-1.59,0.81,5,,8,3.9,8,,6.08,5.98,5.5,5,13.5,6.36,5.89,,,2.90,15,14,12,-1,29,0.5730151186,0.6671082716
UTEP,Middle Tenn.,-13.5,-16.96,-20.89,-22.56,-14.25,-9.24,-13.73,-15.03,-26.41,-17,-36,-18,-15.52,-20,-15.73,-23.58,-17.35,-11.66,-16.44,-17.1,-15,-16.85,-17.84,4.53,-22.96,-17.14,-13.24,-7.07,-21,-11,-4,-16.85,-15.96,-21.65,-10,-15.64,-13,-15,-18,-15.86,-19.96,-18.8,-16.28,-16.7,-18,-16.1,-14,-15.1,-9.16,-5.7,-17.49,-30.55,-14,,-22,-17.5,-20,,-17.45,-20.31,-11,-13.5,-10,-20.3,-16.3,,,5.35,48,32,12,-16,80,0.430337694,0.163185844
Utah,Oregon,3.5,10.18,8.53,12.39,15.5,13.72,8.9,8.95,9.25,13,9.5,11,12.07,10.5,10.36,6.75,10.36,7.52,10.78,9.73,2,13.85,8.23,14.44,8.99,4.07,14.02,7.33,12,17,12,10.18,7.62,8.45,6,9.8,12,3,8,17.84,13.81,9.5,13.88,10.8,10,8.1,5,14.4,15.26,13.8,11.04,0.75,10,,10,9.7,16,,13.81,7.69,7.5,4.5,8,13.76,11.34,,,3.25,25,32,12,7,57,0.6733922694,0.7470736256
Utah St.,San Jose St.,31,31.99,36.5,26.79,38,33.56,27.76,36.61,36.54,39,46.5,39,42.13,37,31.37,33.69,31.54,18.1,31.55,27.9,29,33.55,35.92,30.84,28.3,25.69,31.81,21.26,33,35,33,33,30.36,32.39,19,32.77,37,29.5,33,34.09,30.95,38,36.79,36.5,32,35.7,31,28.6,36.95,37.3,27.34,14.36,32,,24,35.3,36,,31.02,26.69,23.7,31,18.5,33.39,0.01,,,7.22,24,62,12,38,86,0.5125807807,0.964796379
Virginia,Liberty,24,22.27,14.52,20.89,19.25,15.03,15.2,21.48,19.9,13,36,17,18.89,18.5,22.62,12.34,24.55,12.6,19.76,17.32,9,27.55,23.19,29.78,21.49,18.28,16.31,16.97,15,20,17,19.51,18.96,22.53,7,20.99,28,23.5,26,23.12,26.32,25.1,19.51,18.9,21,26.9,23.5,20.8,23.37,26.2,28.82,2.83,19,,15,26.1,22,,11.22,19.19,19,23.5,5.5,27.03,18.06,,,5.46,24,45,12,21,69,0.4003027564,0.8804105031
West Va.,TCU,12,10.72,16.51,13.3,19,17.83,12.56,12.46,15.22,20,-3.5,15,14.53,14.5,9.99,17.51,9.06,12.12,12.45,15.76,13,14.75,10.93,25.38,0.01,14.16,17.2,11.21,15,11,16,12.56,6.35,10.3,6,12.59,9,13,13,20.75,5.53,11.6,16.27,12.2,9,11,12,16.9,13.73,10.4,21.99,2.83,9,,16,10.6,16,,11.8,9.28,8,11.5,10,18.14,15.09,,,4.39,10,47,12,37,57,0.5108982562,0.7751420131
Akron,Bowling Green,5.5,10.39,15.85,9.6,15.25,14.37,12.31,11.7,9.07,14,12,16,15.57,14.5,10.58,15.99,7.82,10.58,11.55,7.63,9,12.85,10.75,-7.89,12.8,13.34,15.64,7.87,17,7,14,11.07,11.9,10.02,3,11.07,11,7,8,15.65,15.35,9.5,15.5,13.4,11,10.2,7,6.6,2.97,17.1,9.38,43.98,10,,5,9.8,10,,15.66,9.58,16.8,6.5,6,12.64,15.48,,,3.52,21,6,13,-15,27,0.6450751638,0.7612386244
Appalachian St.,Georgia St.,28,25.96,27.79,26.8,31.5,29.03,25.51,30.65,27.12,30,39,28,34.31,27,25.85,24.53,23.42,16.66,26.58,22.59,22,27.85,29.76,25.39,24.41,20.54,28.99,17.47,28,29,31,27,25.49,23.35,14,26.13,30,27.5,28,27.66,23.1,26.1,28.9,32.3,25,24.7,28,29.3,27.96,30.6,29.73,2.99,23,,18,24.7,30,,28.17,25.69,22.2,28,23.5,33.42,28.86,,,4.56,17,45,13,28,62,0.4657439104,0.9462214143
Arkansas St.,Louisiana-Monroe,8,10.02,5.53,8.98,9.75,12.91,9.53,11.65,1.33,7,7,7,10.84,5,11.15,2.87,11.93,6.5,8.45,3.72,4,13.35,11.88,3.56,11.79,1.84,8.44,1.86,9,11,9,8.98,9.37,8.62,4,10.21,15,9.5,7,7.78,5.81,5.7,9.23,12.1,10,5.6,8,6.2,10.05,14,5.96,-0.91,9,,1,4.8,12,,12.78,6.58,6.9,8,12.5,8.34,12.38,,,3.59,17,31,13,14,48,0.5110282772,0.6981737077
Auburn,Liberty,30,30.32,20.17,32.32,29.25,21.24,23.38,31.85,24.42,17,51.5,24,29.89,21,31.17,15.3,36.04,15.2,27.62,22.87,9,30.45,30.09,42.14,28.67,20.19,24.18,27.1,21,42,23,28.87,29.98,32.48,11,31.35,33,28.5,30,23.84,36.56,37.3,27.93,29,31,35.5,30,21.9,31.37,34.9,32.75,4.25,28,,26,36.4,29,,23.59,27.19,27.9,28,16,28.93,28.87,,,7.39,0,53,13,53,53,0.4459466623,0.9426284783
BYU,New Mexico St.,25.5,24.54,20.54,26.9,28.75,20.73,23.11,31.68,24.19,21,32.5,21,27.07,20.5,24.59,17.28,24.25,15.38,24.57,22.3,14,31.75,24.65,7.67,24.78,18.05,24.66,21.27,24,27,21,24.59,22.26,21.58,9,23.76,27,23,30,21.23,20.63,31.9,28.57,27.8,26,29.9,25.5,27.6,31.19,37.3,22.68,3.81,25,,23,31.1,31,,22.93,24.68,22,24,10,27.43,28.98,,,5.40,10,45,13,35,55,0.4778842182,0.9285852937
Ball St.,Western Mich.,-7,-5.87,-9.92,-7.9,-3,-2.17,-5.02,1.06,-4.71,-5,-12,-9,-6.33,-8.5,-6.07,-11.71,-13.29,-5.25,-6.33,-2.99,-6,-2.35,-4.34,2.75,-8.07,-8.26,-2.34,-3.11,-9,-8,-8,-6.07,-7.52,-9.23,-5,-5.91,-8,-7.5,-6,-10.31,-3.44,-7.9,-3.71,-6,-8,-6,-7,-1.8,-8.03,-7,-13.62,-26.19,-8,,-5,-6.3,-7,,-4.13,-5.01,0.2,-7,-15,-7.32,-5.89,,,3.07,41,42,13,1,83,0.5165276695,0.3477061881
Baylor,TCU,0,-2.77,2.39,0.54,0.01,1.17,-0.73,1.81,2.83,7,-11.5,2,-2.91,3,-3.64,5.03,-4.73,3.75,-0.49,4.46,1,1.55,-2.22,1.42,-13.27,3.55,0.76,-1.48,1,-4,-3,-1,-6.33,-2.44,-3,-1.19,-3,-1,5,0.79,-4.18,0.3,-2.15,-2.2,-3,-1.5,0,7.5,3.28,-4.2,7.29,0.19,-4,,-1,-1.4,3,,-3.3,-1.22,1,2,-3.5,10.41,-2.9,,,4.09,16,9,13,-7,25,0.4880777826,0.4880777826
Central Florida,Cincinnati,7,6.61,7,11.71,6,1.73,4.59,3.21,9.77,6,36.5,5,3.74,0.01,6.24,8.63,12.22,7.13,8.51,5.84,1,7.85,6.2,12.89,16.08,6.95,6.19,8.84,5,17,9,7.85,8.85,9.3,3,7.36,14,8,11,11.05,11.02,15.1,3.73,8.7,10,14,7,8.9,-0.62,-1,10.76,10.32,5,,4,15.6,10,,5.56,9.79,12,7,13.5,12.51,4.92,,,5.64,13,38,13,25,51,0.5357133,0.6932869306
Charlotte,Florida Intl.,-4,-7.82,-6.16,-7.7,-5,-0.89,-5.45,-5.5,-4.89,-3,-35,-6,-6.94,-7,-8.23,-5.77,-9.87,-5.01,-6.76,-1.68,-12,-7.25,-5.87,1.33,-16.99,-10.24,-4.53,-0.31,-4,-10,-5,-6.7,-7.73,-8.03,-6,-6.86,-11,-6.5,-6,-8.1,-8.02,-8.5,-7.53,-6.7,-9,-9.9,-4.5,-2.6,2.74,0.01,-15.71,-1,-4,,-9,-8.6,-7,,-7.57,-5.61,-1.1,-6,-3.5,-10.44,-6.69,,,5.07,42,35,13,-7,77,0.4342253353,0.3424941633
Clemson,Duke,29.5,25.6,21.85,24.28,31.25,31.15,20.98,23.14,27.07,21,36,24,27.48,28.5,25.39,19.02,22.71,13.88,25.16,21.35,19,34.55,28.03,19.5,16.18,19.81,23.84,20.36,25,17,17,25,24.73,24.06,13,25.11,29,27,26,18.3,25.08,31.6,28.77,26.8,24,29.6,29,27.5,39.92,29.3,8.48,12.46,25,,26,30.1,33,,26.05,24.69,19.4,28.5,23.5,30.12,28.27,,,5.32,6,35,13,29,41,0.3977360176,0.9335430995
Coastal Carolina,Georgia Southern,-8,-6.72,-4.62,-4.84,-7.25,-6.94,-6.53,-8.98,-7.84,-2,-13,-4,-6.56,-4.5,-6.57,-3.65,-5.99,-3.57,-6.09,-3.94,-11,-9.25,-4.01,-9.89,-7.56,-6.25,-4.75,-3.44,-5,-7,-14,-6.55,-4.35,-5.43,-4,-7.09,-3,-5.5,-7,-11.28,-7.19,-9.3,-8.16,-6.6,-7,-8.7,-8,-9.7,-0.82,,-2.77,-0.49,-13,,-4,-9.6,-7,,-6.66,-2.31,-5,-7,4,-5.25,-6.66,,,3.08,41,17,13,-24,58,0.5470109457,0.3532350001
Colorado,Utah,-7,-9.71,-9.99,-11.3,-11.75,-12.6,-8.39,-7.68,-13.49,-7,-12,-9,-10.92,-11,-9.09,-9.51,-10.95,-5.19,-10.4,-9.26,-8,-14.35,-7.7,-18.39,-12.69,-5.36,-9.16,-11.02,-13,-11,-11,-11,-7.32,-9.33,-8,-10.52,-11,-7,-12,-13.95,-13.6,-13.3,-11.66,-9.3,-10,-11.5,-8,-14.8,-14.47,-12.2,-15.02,-1.82,-9,,-11,-13.2,-13,,-12.61,-7.81,-7.6,-7,2,-17.81,-10.4,,,3.02,30,7,13,-23,37,0.4166768757,0.2599228426
Colorado St.,Utah St.,-30.5,-23.89,-27.47,-22.88,-33,-24.11,-24.59,-36.3,-26.45,-32,-24.5,-32,-37.71,-29.5,-23.54,-22.35,-16.83,-11.14,-25.1,-21.89,-32,-31.95,-25.5,-28.33,-20.46,-15.72,-24.71,-16.69,-27,-18,-37,-25.5,-22.63,-20.09,-15,-26.16,-25,-26,-28,-23.75,-26.49,-28,-32.99,-29.6,-23,-27.1,-30,-29.1,-29.3,-25.9,-28.33,-4.06,-26,,-23,-26.3,-28,,-29.38,-20.31,-20.6,-28,-5.5,-28.54,-33.51,,,6.29,29,24,13,-5,53,0.62408347,0.0708008502
East Carolina,Connecticut,17.5,11.1,9.14,10.15,16.75,19.43,10.17,12.81,12.78,5,6,10,13.22,6.5,10.89,7.09,13.25,8.87,12.17,15.25,10,15.95,14.8,-1.97,11.43,7.37,14.24,9.91,8,21,28,12,11.03,9.71,7,9.36,12,17,12,8.68,11.05,13.2,18.23,12.7,10,12.1,16.5,14,22.82,19.5,12.93,28.77,11,,4,12.7,10,,12.65,12.49,12.3,17,7,13.32,14.22,,,4.39,21,55,13,34,76,0.3731082322,0.7700313805
Florida St.,Boston College,-2.5,-5.61,-8.55,-6.84,-10,-15.38,-8.94,-10.51,-6.13,-4,-2.5,-9,-12.87,-8.5,-5.55,-6.39,-5.13,-5.16,-6.85,-5.73,-13,-12.15,-3.6,-17.61,-9.73,-2.45,-7.61,-3.92,-9,-4,-10,-6.84,-2.38,-3.62,-4,-5.35,-6,-1,-7,-8.81,-8.08,-9.4,-11.21,-6.8,-4,-7.6,-3.5,-10,-4.14,-6.2,1.12,-1.55,-2,,-8,-8.5,-12,,-9.8,-2.21,-5.1,-1.5,4.5,-7.87,-11.35,,,3.50,21,22,13,1,43,0.3945015328,0.3367309167
Fresno St.,San Diego St.,13,18.67,12.85,17.99,23,23.74,18.74,17.89,11.43,18,15,11,25.36,10.5,19.8,6.6,16.48,10.96,16.25,15.94,12,20.85,18.74,16.11,10.04,8.38,18.59,13.55,15,8,13,17.89,16.09,12.05,7,20.04,20,16,19,14.55,17.41,20.3,20.93,19.8,16,19.7,13.5,22.7,18.96,18.4,18.52,0.38,17,,11,20.1,23,,23.37,12.39,11.7,13,-4,20.88,24.07,,,5.46,14,23,13,9,37,0.5767481799,0.8334546279
Georgia,Massachusetts,41.5,42.89,37.42,48.5,48,41.85,41.65,43.28,44.81,38,68,43,47.62,43,42.67,32.32,46.97,18.78,43.34,44.82,26,48.65,44.02,48.67,43.63,32.59,47.55,35.37,39,43,53,44,39.75,42.86,20,44.25,44,44,44,39.82,44.52,52.7,54.47,44.6,44,47.9,42,45.1,49.21,55,63.64,7.1,44,,39,51.8,49,,47.28,34.19,43.1,41.5,24.5,50.33,49.53,,,8.42,27,66,13,39,93,0.5407825373,0.9920693517
Georgia Tech,Virginia,6,6.38,0.84,3.29,5.25,4.16,4.35,5.17,3.35,6,15,0.25,5.43,0.5,6.78,-1.45,10.1,0.42,5.6,2.25,-1,6.85,6.8,-1.69,-0.88,1.72,3.52,7.49,1,11,5,5.25,7.62,4.68,1,8.6,10,6,6,-5.19,8.51,12.2,2.59,8.7,7,10.6,6,5.8,11.73,10.1,9.96,-0.47,8,,3,11.6,11,,8.66,4.59,2.9,6,12,4.57,4.14,,,4.10,27,30,13,3,57,0.4902680308,0.6336574311
Hawaii,UNLV,6,4.22,10.59,3.7,8,5.13,5.51,3.85,9.53,7,25.5,13,6.22,14,3.49,12.78,0.63,9.4,5.79,5.86,7,2.85,9.17,-5.56,5.16,13.57,9.35,4.51,10,7,-5,5.26,5.26,6.29,1,6.61,2,6.5,3,13.9,-1.39,0.5,8.13,3.2,3,2.5,6,-2.1,6.03,5.1,2.48,2.54,5,,8,1.8,-1,,5.71,5.58,4.1,6.5,4.5,1.07,5.95,,,4.88,28,35,13,7,63,0.4949556457,0.6363169309
Houston,Tulane,9.5,6.97,6.6,5.41,8.25,8.46,4.66,4.5,-0.47,11,10.5,8,9.71,8,8,5.03,11.6,5.67,7.52,3.85,7,6.75,10.67,14.44,7.57,9.76,8.39,4.41,4,11,9,7.4,6.8,7.67,2,8.75,11,11,7,24.04,4.42,7.7,8.16,10.9,10,7.4,9,4.2,5.66,7,10.1,0.59,7,,4,7.4,5,,5.87,7.59,7.7,9.5,16,4.92,6.43,,,3.51,17,48,13,31,65,0.4515312896,0.6781633941
Illinois,Iowa,-15,-20.97,-14.48,-19.03,-24.5,-22.91,-19.87,-16.85,-14.11,-11,-34.5,-16,-22.52,-16,-22.13,-10.45,-26.07,-8.22,-19.18,-12.19,-12,-20.95,-20.02,-31.53,-23.15,-4.67,-19.4,-9.93,-19,-28,-31,-19.7,-19.65,-18.23,-13,-18.32,-20,-15.5,-14,-27.14,-18.91,-21.9,-26.34,-20.3,-20,-19.7,-15.5,-16.9,-24.79,-24.7,-40.3,-2.21,-21,,-12,-21,-20,,-23.52,-19.82,-17.7,-14.5,-11,-19.23,-23.57,,,6.02,63,0,13,-63,63,0.4027545407,0.129279937
Kansas St.,Texas Tech,-6.5,-6.16,-6.77,-4.49,-8,-18,-11.01,-12.34,-2.75,-1,9,-8,-14.41,-7,-6.71,-2.95,-3.93,-3.4,-6.28,-1.97,-11,-9.75,-4.6,-16.83,-8.19,0.27,-5.29,-1.9,-9,-1,-14,-5.29,-4.27,-0.76,-6,-9.55,-4,-4,-6,-11.49,-4.69,-4.7,-8.8,-7.8,-5,-4.7,-6.5,-6.5,-14.03,-19.7,-13.01,-0.87,-7,,-4,-4.8,-7,,-12.14,-1.41,-4.1,-6,5.5,-4.98,-14.54,,,5.12,6,21,13,15,27,0.505261557,0.3532762209
Kent,Toledo,-11.5,-16.03,-13.96,-12.99,-14.25,-8.23,-11.7,-10.4,-16.68,-7,-39,-17,-16.64,-15.5,-15.97,-12.62,-16.81,-7.54,-14.3,-7.32,-15,-17.75,-13.87,-1.33,-20.11,-10.92,-10.73,-7.15,-14,-17,-14,-14.25,-16.25,-16.29,-9,-15.31,-17,-14,-17,-13.6,-15.56,-16.3,-15.88,-14.8,-15,-16.7,-12,-12,-13.91,-15.7,2.4,-34.9,-18,,-9,-16.5,-16,,-13.69,-12.81,-9.8,-11.5,-14,-13.73,-16.64,,,4.63,56,34,13,-22,90,0.4327650496,0.1935639026
Kentucky,Middle Tenn.,16.5,17.19,13.67,20.61,20.5,16.31,19.03,13.22,11.71,10,12.5,12,19.61,12,17.93,10.7,19.99,12.74,15.79,14.66,5,15.45,16.57,35.86,17.44,6.98,18.51,12.83,15,18,19,16.14,14.49,17.06,3,16.14,14,13,15,25.07,16.81,19.2,20.62,16.9,14,17.1,16.5,7.3,18.15,30.3,18.56,3.11,15,,16,20.3,15,,19.37,15.09,19.7,16.5,3,11.29,22.95,,,5.07,23,34,13,11,57,0.4830074437,0.8283216381
LSU,Rice,41.5,47.6,44.85,47.76,48,41.31,40.76,45.54,58.84,36,81,33,48.85,35.5,46.27,42.86,48.84,19.41,44.95,50.93,25,50.55,45.18,36.11,44.96,36.41,45.61,34.86,45,38,45,46.27,44.36,50.64,20,44.41,48,44,51,46.47,47.82,56.2,50.95,46.5,45,50.8,42,42.2,50.12,48.7,60.51,28.78,37,,52,54.4,48,,48.12,35.68,44,42,23.5,55.57,52.43,,,9.74,10,42,13,32,52,0.5734868911,0.9921049523
Louisiana-Lafayette,South Alabama,19.5,15.51,16.54,17.65,23.5,16.16,17.21,19.58,17.89,20,18.5,20,19.88,20,15.17,14.87,12.93,14.3,16.56,16.78,14,21.15,15.13,-2.19,6.22,10,19.61,13.73,18,18,10,16.16,13.63,14.16,7,14.5,15,17,20,12.85,13.12,13.4,21.44,15.5,15,12.8,19,22,27.04,17.4,23.97,1.55,16,,22,12.1,22,,20.02,11.59,15.6,17.5,10.5,22.87,21.22,,,4.20,38,48,13,10,86,0.4289482008,0.843402632
Louisville,NC St.,-15.5,-14.47,-18.06,-16.14,-21.25,-28.55,-15.28,-10.91,-18.43,-13,-10,-17,-18.56,-14.5,-13.9,-17.8,-12.84,-9.8,-15.51,-20.8,-20,-20.55,-14.56,-33.06,-17.98,-5.73,-18.06,-6.21,-18,-14,-32,-15.4,-9.51,-13.46,-10,-15.4,-11,-14.5,-13,-23.88,-9.29,-17.7,-24,-13.8,-13,-16.9,-15.5,-17.7,-18.11,-17.8,-24.25,-10.86,-12,,-18,-17.1,-17,,-19.15,-13.82,-8,-16.5,0.5,-15.05,-20.43,,,5.60,52,10,13,-42,62,0.4997629876,0.1784071628
Marshall,Texas-San Antonio,28,22.05,18.75,22.47,28,22.97,19.21,26.03,24.48,23,18.5,17,24.97,16.5,21.73,15.64,19,15.04,22.08,23.07,15,30.45,22.55,2.25,12.85,13.25,22.33,17.46,21,25,28,22.55,17.61,20.12,12,23.4,26,23,26,19.03,24.61,25.7,28.16,25,24,23.6,27,32.1,33.38,19.9,24.21,3.09,23,,17,24.9,31,,23.79,18.69,22,27,10.5,24.55,24.68,,,5.08,0,23,13,23,23,0.3612351275,0.9073560682
Maryland,Ohio St.,-14,-15.43,-12.04,-11.7,-10.25,-7.94,-10.26,-14.68,-17.98,-8,-23,-14,-10.96,-16.5,-15.03,-12.59,-17.14,-6.49,-13.75,-9.66,-15,-15.65,-12.3,-19,-28.6,-12.25,-8.53,-13.75,-12,-15,-18,-12.59,-18.34,-17.21,-10,-12.95,-17,-17.5,-16,-9.13,-18.29,-17.4,-11.58,-11.9,-14,-16,-14,-15,-12.08,-12.5,-8.74,-2.34,-16,,-8,-16.4,-17,,-10.75,-11.32,-9.1,-15,-12.5,-26.6,-11.53,,,4.21,52,51,13,-1,103,0.5060726896,0.2012285619
Michigan,Indiana,28,26.43,23.99,28.65,30.5,33.26,23.47,26.96,30.81,26,17.5,25,30.05,27.5,25.79,20.95,26.54,15.94,26.19,25.17,18,27.35,26.53,36.86,16.18,18.59,25.81,21.45,25,25,26,26.43,22.06,25.29,12,27.2,29,27.5,26,25.59,31.02,33.6,28.2,28.7,26,32.7,28,32.2,38.07,27.9,36.28,12.13,27,,20,32.8,32,,27.04,25.19,25.6,28.5,17.5,31.85,29.75,,,5.09,20,31,13,11,51,0.4567670839,0.9419246062
Minnesota,Northwestern,3,-3.46,-4.22,-4.6,-3,-4.25,-1.51,-3.67,-8,-1,-20.5,-3,-3.29,-4.5,-2.89,-4.68,-1.05,-1.21,-4.48,-4.9,-3,-5.15,-1.56,-17.69,-6.38,-0.89,-1.73,-1.31,-5,-1,-9,-4,-3.85,-5.67,-2,-3.59,-7,-3.5,-8,-4.85,-11.66,-9,-3.18,-2.6,-4,-8,1.5,-4.5,-5.07,-3.7,5.63,-1.69,-4,,-2,-8.4,-5,,-3.28,-1.82,-4.3,1,0.5,-13.34,-2.8,,,3.48,24,14,13,-10,38,0.3226661688,0.3914040474
Mississippi St.,Arkansas,21.5,22.27,25.87,24.87,26,33.81,19.8,19.16,29.38,24,50.5,20,26.12,17.5,21.18,25.74,21.69,15,23.17,21.89,17,21.35,21.52,46.64,19.62,21.11,24.6,18.13,26,28,25,23.08,19.78,23.08,7,22.06,25,18.5,22,32.31,23.39,25.2,25.42,25,22,23.7,21.5,21.6,26.94,27.7,44.24,14.42,23,,20,23.4,25,,21.32,20.19,17.5,21.5,10.5,25.2,24.35,,,5.78,6,52,13,46,58,0.5393723118,0.9148911406
Navy,Tulsa,5,2.8,6.24,7.17,3.5,0.97,0.85,4.07,3.94,6,11,6,4.11,8,2.64,7.3,3.76,2.52,4.08,5.31,1,4.15,3.82,2.11,4.66,8.36,4.62,7.05,8,1,-9,4.07,3.72,5.21,2,2.48,8,5,6,6.51,2.72,0.8,1.78,5.5,5,3.5,5,7.3,2.92,-1.5,-1.97,18.49,2,,3,1.1,4,,5,5.29,4.8,6,-1,8.59,0.53,,,3.18,29,37,13,8,66,0.4773418953,0.5994837281
Nebraska,Michigan St.,0,-7.12,-10.65,-6.12,,-6.63,-6.48,-4.61,-8.71,-4,-16,-8,-6.71,-10,-6.89,-12.63,-9.76,-4.74,-7.13,-3.05,-7,-6.85,-3.05,-29.17,-11.54,-4.43,-6.67,-1.65,-12,-7,-16,-6.95,-7.6,-10.06,-4,-7.09,-5,-2,-7,-17.11,-12.15,-11.5,-8.61,-6,-7,-10.1,-1.5,-0.7,-3.96,-3,-22.6,-2.69,-7,,-6,-11.1,-3,,-9.39,-4.62,-5.4,-1.5,7,-8.29,-7.87,,,4.03,6,9,13,3,15,0.331653916,0.331653916
New Mexico,Boise St.,-20,-18.93,-19.91,-18.03,-19.75,-22.16,-14.87,-17.03,-22.14,-15,-35.5,-22,-19.15,-23.5,-18.47,-20.28,-22.28,-9.17,-20.02,-14.06,-18,-23.75,-19.64,-27.28,-25.96,-16.9,-16.56,-18.39,-21,-21,-25,-19.64,-18.1,-19.45,-14,-19.39,-19,-21.5,-24,-20.48,-20.48,-23.7,-20.62,-18,-19,-21.5,-20,-19.6,-27.65,-30.5,-30.24,-3.75,-22,,-15,-23.1,-21,,-17.9,-20.31,-16.8,-20,-12,-25.78,-19.48,,,4.25,45,14,13,-31,59,0.4995144994,0.1115764895
North Texas,Florida Atlantic,4,7.67,6.52,3.14,8,17.69,14.92,4.81,1.52,10,-9,11,10.3,9.5,8.55,4.63,6.82,8.23,5.39,3.38,10,0.15,11.07,18.14,0.48,2.87,8.91,0.42,6,6,11,6,5.82,5.74,1,9.81,0.01,2.5,-3,17.5,1.89,2.2,9.08,7.5,3,3.4,4,-3.5,4.68,9.1,12.86,-0.27,6,,7,2.4,-11,,11.29,1.49,9.6,4,1.5,-3.58,11.96,,,5.56,38,41,13,3,79,0.5329287566,0.6256788325
Northern Ill.,Miami (Ohio),0,8.74,9.31,5.15,4.5,9.89,4.69,9.75,11.12,9,22,7,3.65,10,8.45,12.14,10.8,7.46,6.96,4.76,1,6.25,7.1,21.42,4.9,15.91,6.66,10.35,8,7,-1,6.66,6.52,12.3,2,6.99,9,7,6,12.08,6.46,5.4,3.84,7.8,7,6.5,1.5,4.1,2.39,3.5,10.62,1.63,6,,-1,7.1,8,,3.28,5.88,5.6,0,2.5,7.4,5.38,,,3.98,13,7,13,-6,20,0.664673105,0.664673105
Notre Dame,Syracuse,10,8.81,11.04,7.86,7.5,6.2,8.2,6.17,14.75,8,29.38,16,8.64,15,8.34,16,8.95,7.24,10.52,7.14,4,10.2,7.92,9.97,10.51,15.41,7.13,10.73,13,14,16,9.16,10.43,12.49,5,9.28,10,10,8,9.16,15.13,15.9,6.67,7.5,11,14.9,10,6,12.01,10.9,5.55,19.89,13,,7,16.2,13,,8.34,5.4,6.6,10,9,12.23,8.53,,,4.21,3,36,13,33,39,0.5126293168,0.7390932724
Ohio,Buffalo,0,2.51,-7.04,-3.39,3.25,-1.54,-1.06,-3.5,-2.67,1,-4,-7,0.58,-7.5,3.18,-10.85,10.16,-3.21,-0.02,-0.65,-5,3.65,2.61,-10.89,-3.55,-5.77,0.67,1.01,-4,7,-3,0.65,0.93,0.65,2,4.31,6,0,-1,-9.87,3.31,1.5,1,4,3,1.2,0,2,4.93,-2.5,-1.37,-2.71,5,,-7,2.1,7,,-0.28,-0.51,0.3,0,10,-4.31,-0.5,,,4.54,17,52,13,35,69,0.4995167609,0.4995167609
Oklahoma,Kansas,35,30.91,31.93,29.09,28.5,26.07,25.9,25.94,34.57,34,42.5,35,30.86,37,30.39,32.46,34.27,16.84,30.23,22.6,26,31.05,34.44,47.19,34.35,25.91,26.04,22.58,34,32,40,30.5,34.08,34.79,18,29.9,35,34.5,28,33.71,32.39,29.4,28.27,31.6,33,27.9,34.5,26.1,38.65,36,31.93,3.62,31,,20,27.7,30,,28.79,27.18,25.8,35.5,30.5,34.43,30.2,,,5.08,40,55,13,15,95,0.3873593457,0.9651497226
Oklahoma St.,West Va.,-6,-7.18,-11.8,-5.53,-12.75,-9.2,-8.35,-5.83,-14.35,-6,3,-15,-10.63,-11,-5.86,-12.39,-4.21,-5.55,-6.8,-6.71,-11,-9.15,-4.91,-18.36,-1.1,-8.95,-10.6,-4.19,-10,1,-11,-6.2,-2.54,-6.43,-5,-4.74,-2,-5,-8,-6.94,-0.5,-4.9,-12.02,-6.1,-4,-6.2,-6,-6.2,-9.5,-10,-1.45,-2.93,-6,,-9,-5.4,-5,,-9.19,-4.81,-4.3,-5,4,-8.68,-11.72,,,3.94,41,45,13,4,86,0.4804952005,0.3387995495
Oregon,Arizona St.,3.5,1.81,0.49,2.88,1,3.99,3.45,-2.19,-4.58,4,1.5,0.25,0.76,1,2.73,0.34,3.55,2.42,1.27,1.6,1,-1.75,4.06,-0.64,-0.81,0.41,1.42,4.58,1,-1,-6,1.6,2.31,3.3,-1,4.5,2,4,-4,3.35,-2.26,2.5,-0.64,2.9,4,2.8,3.5,-0.9,1.45,-2.5,7.21,-0.12,4,,2,1.6,1,,2.25,3.98,2.1,3.5,4,0.47,1,,,2.37,29,31,13,2,60,0.4447477201,0.5315349094
Purdue,Wisconsin,3.5,-0.23,4.26,3.19,6.25,0.12,6.92,6.76,-0.66,6,6,4,5.99,5,-0.17,3.4,-2.23,3.32,2.6,4.87,1,3.95,4.2,10.64,-2.84,-0.55,6.09,3.57,6,1,7,3.19,-4.16,-2.64,-2,0.37,2,6,3,3.54,0.63,1.6,5.72,2.1,0.01,1.9,3.5,3.4,2.39,9.8,6.95,0.31,1,,6,0.9,2,,3.93,-0.41,3.3,4.5,-9,3.71,6.33,,,3.31,47,44,13,-3,91,0.4778703349,0.5636899777
Rutgers,Penn St.,-27.5,-31.07,-27.72,-28.59,-31,-35.8,-23.41,-25.97,-34.38,-18,-44.5,-27,-31.72,-27.5,-30.64,-25.71,-33.15,-12.06,-27.81,-20.4,-26,-31.75,-33.76,-30.78,-41.75,-17.48,-26.66,-17.4,-29,-34,-34,-28.59,-29.95,-31.78,-18,-28.95,-30,-26,-25,-33.13,-24.43,-29.3,-32.77,-29.3,-28,-26.4,-27.5,-21.3,-25.47,-34.2,-34.98,-4.82,-27,,-20,-28.1,-28,,-32.26,-22.32,-19.6,-28,-21,-30.93,-31.34,,,6.24,20,7,13,-13,27,0.4927496007,0.0515002066
SMU,Memphis,-7.5,-7.22,2.45,-3.04,-4,-8.15,-4.6,-4.52,3.19,1,-3,3,-4.54,4.5,-8.71,5.94,-5.02,-1.33,-4.12,-0.56,-8,-6.55,-9.44,4.72,-16.59,1.17,-0.98,-3.2,4,-7,-3,-4.6,-5.41,-5.21,-5,-8.7,-3,-8,-4,-0.78,-5.47,-5.8,-5.04,-5.4,-6,-6,-7,-3.5,-5.78,-6.7,3.95,1.08,-8,,-1,-4.4,-8,,-7.94,-5.51,-3.4,-8,-11.5,-4.88,-6.9,,,4.12,28,18,13,-10,46,0.5816425206,0.4008223535
San Jose St.,Nevada,-14.5,-13.92,-18.67,-11.37,-13.5,-17.49,-10.38,-13.2,-19.85,-15,-35,-21,-18.13,-19,-13.12,-18.94,-12.24,-9.1,-14.59,-9.11,-15,-16.65,-13.12,-1.17,-16.16,-8.77,-9.57,-10.6,-15,-14,-19,-13.92,-13.89,-13.97,-10,-12.35,-16,-14,-20,-11.61,-11.08,-17,-13.25,-13,-13,-14.7,-14.5,-11.6,-21.97,-22.6,-17.31,-3.46,-17,,-13,-15.4,-17,,-15.58,-8.32,-6.7,-14.5,-4.5,-22.6,-15.88,,,4.87,21,12,13,-9,33,0.4978377936,0.189803175
Southern Miss.,Louisiana Tech,2,-1.76,-4.63,-1.17,2,3.8,1.83,6.75,-6.45,1,-8,-2,2.59,-5.5,-1.12,-8.23,-2.97,-1.84,-0.42,2.98,-1,5.35,0.74,-13.89,-5.77,-9.7,-0.36,1.15,-3,7,9,-0.93,-0.83,-5.37,2,-1.48,3,-3,3,-11.59,-0.93,-4.4,2.72,1,-2,-3,2,6,7.43,4.7,-11.52,-1.54,-1,,-1,-4.1,1,,-2.08,-1.41,-0.5,-1.5,4,-6.34,1.68,,,4.49,20,21,13,1,41,0.4416861452,0.4898441993
Temple,South Florida,14,11.69,7.16,11.32,22,6.83,14.62,13.38,16.52,6,13,9,17.57,8,11.05,1.95,10.78,6.9,12.1,16.87,4,18.95,10.39,8.86,-0.7,3.55,17.95,9.73,10,14,21,13,7.06,8.04,7,9.57,14,14,15,3.07,10.06,16.7,20.27,13.7,11,14.1,14,21.1,18.99,13.9,15.99,1.72,14,,13,15.3,18,,15.16,7.19,10.5,13.5,2.5,16.52,15.86,,,5.33,17,27,13,10,44,0.4548315846,0.7650318737
Tennessee,Missouri,-6,-5.22,-3.2,-4.5,-9.75,-6.95,-6.8,-3.01,-4.31,-2,-22,-4,-7.24,-3.5,-5.34,-1.19,-9.43,-1.3,-6.93,-3.79,-6,-9.45,-6.01,-14.14,-16.77,1.62,-7.38,1.42,-5,-14,-19,-6.57,-3.5,-4.76,-3,-6.57,-7,-5,-6,-6.4,-12.77,-14.3,-11.68,-7.5,-8,-11.1,-6,-7.6,-6.68,-8.9,-14.51,-0.18,-9,,-2,-13,-11,,-8.06,-4.91,-5.1,-5.5,1,-8.92,-8.03,,,4.87,50,17,13,-33,67,0.4776664952,0.338202876
Texas,Iowa St.,2.5,4.18,2.24,2.54,0.75,2.37,1.68,0.95,0.39,3,4.5,2,-0.01,5.5,4.6,3.36,3.21,3.06,2.27,0.39,1,1.55,2.72,1.94,-1.6,3.6,1.65,4.84,3,4,-1,2.41,2.53,6.25,-2,5.89,5,3,0.01,4.97,2.72,1.8,-0.37,3.6,4,2.2,2.5,0.4,1.28,2.7,-0.49,0.05,2,,-2,2.2,-1,,2.41,4.09,2.6,3,4.5,0.47,0.42,,,1.99,10,24,13,14,34,0.4942648296,0.5564162248
Texas A&M,UAB,17,15.2,4.9,19.78,17,10.49,11.77,13.8,9.57,4,15.5,2,13.86,4,15.99,0.42,23.03,7.46,13.25,13.84,-4,12.15,17.76,14.83,17.79,2.68,14.85,14.25,8,18,4,14.85,13.35,16.77,-2,17.83,15,15.5,15,10.82,20.21,17.9,16.21,17.2,15,14.6,17,11.2,16.29,22.4,28.95,2.16,14,,18,18.6,16,,13.59,18.18,17.9,17,5.5,14.56,17.01,,,6.20,20,41,13,21,61,0.4129229504,0.7815527213
Troy St.,Texas St.,22.5,25.26,25.08,26.51,22.75,17.28,22.38,25.7,27.62,24,33,22,23.61,25.5,25,25.83,24.1,16.61,23.52,20.44,17,23.75,22.97,11.33,25.27,21.4,22.3,15.44,28,28,20,23.75,23.08,27.15,13,23.03,26,22.5,22,25.64,19.01,23.6,22.47,24.5,25,20.9,22.5,25.3,24.93,22.9,17.02,3.67,22,,22,22.1,29,,24.8,24.69,20.9,23.5,21.5,28.5,26.04,,,3.64,7,12,13,5,19,0.5249698867,0.925658716
UCLA,USC,-2.5,-4.14,-4.82,-4.68,-2,-6.59,-3.02,-2.33,-4.57,-3,-7,-5,-1.97,-5,-4.09,-6.24,-5.22,-4.55,-4.55,-1.29,-9,-5.55,-3.08,-15.94,-12.25,-2.97,-1.9,0.28,-4,-7,-5,-4.55,-5.88,-5.68,-3,-4.3,-6,-5,-3,-7.64,-10.62,-8.6,-2.78,-3.1,-7,-6.3,-2.5,-2.3,-1.44,-5.6,-5.85,-0.89,-6,,-1,-7.4,-1,,-4.35,-2.92,-3.3,-3,-11,-5.98,-2.54,,,2.62,27,34,13,7,61,0.4493081162,0.3886700133
Vanderbilt,Mississippi,3,0.43,2.13,1.94,8.75,-2.38,6.11,3.6,2.26,10,-3.5,4,2.94,4.5,0.14,1.73,2.2,1.98,3.06,8.18,-1,5.75,1.04,1.17,-5.96,1.42,7.81,9.38,4,7,3,2.26,-0.89,-2.02,1,0.41,2,2.5,6,1.59,2.49,2.6,7.56,2.9,2,3.2,3,12.7,-1.45,1.4,7.79,-0.21,1,,4,2.5,5,,2.82,2.18,4.4,3,1.5,9.95,1.22,,,3.58,29,36,13,7,65,0.5014709951,0.5745810996
Virginia Tech,Miami (Fla.),-6.5,-3.98,-3.86,-3.58,-8.25,-10.9,-4.93,-9.58,0.34,-3,5,-5,-11.19,-2,-4.91,-0.19,-1.29,-1.26,-4.18,-2.58,-5,-6.05,-2.69,-6.92,-4.55,2.74,-4.72,-0.26,-4,-4,-13,-3.6,-2.27,-2.08,-3,-4.61,-2,-3,1,-5.67,-6.95,-3.5,-10.87,-6.1,-3,-3.2,-6,-6.1,-10.84,-6,-24.44,-0.76,-3,,-1,-3.6,-3,,-6.47,-4.32,-2.1,-5.5,-3.5,-0.57,-9.84,,,3.58,38,14,13,-24,52,0.5566798161,0.3986481787
Wake Forest,Pittsburgh,-5.5,-3.12,-4.9,-3.66,-8.75,-2.54,-2.02,-8.71,-7.3,-4,-0.5,-5,-8.03,-6,-2.66,-3.34,-4.08,-1.62,-4.03,-6.38,-4,-8.25,-0.91,-13.22,-1.48,-0.01,-4.5,-3.92,-5,-1,-10,-3.66,-0.22,-3.23,-4,-0.72,-4,-6,-7,-2.34,-0.57,-4.1,-7.71,-3.4,-2,-3.8,-5.5,-10.7,-7.11,-3.1,-11.3,-0.91,-2,,-3,-2.5,-7,,-0.44,-1.21,-5.2,-7,0.5,-10.48,-3.77,,,2.82,34,13,13,-21,47,0.5363222413,0.4013133451
Washington,Oregon St.,32.5,30.58,24.28,29.12,31,37.48,26.31,27.2,31.34,26,48,27,29.93,25.5,30.49,21.45,33.71,16.97,29.41,22.55,21,31.65,34,40.64,30.31,21.37,27.47,21.39,27,28,40,30,30.64,30.92,16,33.71,33,31,27,31.72,32.9,40.7,31.1,31.7,31,38.8,32,28.6,31.93,27,26.92,2.74,30,,18,38.8,31,,30.76,26.69,27.8,33.5,27,27.94,31.56,,,5.94,23,42,13,19,65,0.4276674266,0.9586513585
Washington St.,Arizona,10,13.04,16.85,15.65,15,16.6,17.07,14.06,13.46,17,14.5,19,12.98,20.5,13.01,18.78,18.97,12.87,14.1,11.59,12,11.75,13.38,30.25,11.04,15.59,15.83,11.61,19,11,18,13.38,13.08,13.3,6,11.9,13,10,9,23.61,10.09,12.6,14.73,11.3,12,13.5,11,10.3,15.86,19.5,30.45,2.31,14,,8,13.2,13,,14.18,10.29,12.7,10.5,10,17.6,17.16,,,3.30,28,69,13,41,97,0.5998162341,0.8077490024
Western Kentucky,UTEP,6.5,8.43,4.06,10.27,3.75,6.99,5.09,9.55,7.59,4,9.5,4,4.27,3,8.56,3.96,13.53,6.52,7.05,5,-1,5.75,11.53,1.42,13.76,7.24,4.62,3.1,4,10,1,6.99,8.83,10.57,5,9.02,9,7,5,5.24,11.53,9,4.18,9.1,10,8.3,6.5,2.7,5.53,5.4,20.02,-3.83,7,,7,8.4,7,,6.45,8.79,5.5,7,16,4.06,5.62,,,3.23,16,40,13,24,56,0.5135410935,0.6682785063
Wyoming,Air Force,2.5,-3.54,-0.8,-4.15,-3.25,-5.9,-3.91,-5.92,0.59,2,6.5,-2,-7.36,-1.5,-4.17,2.49,-0.74,-0.75,-2.02,0.14,-5,-3.35,-0.5,0.78,-4,3.17,-0.61,1.76,-1,-1,-10,-2,-3.03,0.01,-2,-1.08,-3,2.5,-3,1.68,3.46,0.01,-4.09,-5.5,-3,0.5,1.5,-1.8,-6.45,-5.1,3.75,0.12,-7,,-2,1.2,-3,,-7.91,-0.61,-3.7,2.5,4,-0.65,-6.43,,,3.31,27,35,13,8,62,0.3902244717,0.4504331859
Air Force,Colorado St.,15,15.27,12.65,14.5,,15.54,17.07,15.88,11.96,22,17.5,14,21.04,14.5,15.81,8.46,14.89,11.22,14.88,11.55,11,17.25,14.61,1.28,13.35,7.79,15.09,11.3,15,,22,14.95,13.06,10.91,,15.58,19,14,12,11.35,16.05,15.4,17.21,20.4,16,14.6,15,15.7,17.09,21.3,27.35,0.65,14,,10,14.7,18,,19.91,9.45,13.8,15,8,15.43,18.94,,,3.58,19,27,14,8,46,0.4970580931,0.8197512143
Alabama,Auburn,24.5,22.44,21.34,31.44,,25.92,21.67,23.83,27.02,24,31.5,22,23.42,28.5,21.78,20.3,24.25,14.74,24.12,33.72,17,23.55,21.4,12.44,24.62,21.71,24.58,14.58,21,,27,23.92,20.45,22,,19.88,26,24,23,11.99,14.29,25.5,27.17,23.1,21,24.8,24.5,32.5,33.55,27.3,16.74,12.85,23,,36,25.4,23,,25.8,25.65,25.4,24,17,25.73,25.01,,,5.07,21,52,14,31,73,0.4909035807,0.9261090216
Appalachian St.,Troy St.,10.5,11.21,6.81,9.71,,10.28,10.48,13.57,2.61,10,12,7,15.63,3.5,12.37,2.41,9.6,5.26,9.98,5.7,5,14.45,11.35,10.75,10.51,2.37,12.95,6.32,9,,13,10.19,10.82,7.55,,12.48,14,10,10,8.07,10.03,9.6,13.53,14.6,11,10.1,10.5,11.5,14.66,15.9,-2.27,-0.53,12,,7,9.5,14,,12.97,6.95,8.3,10.5,4.5,6.63,13.7,,,3.65,10,21,14,11,31,0.4872657638,0.7299700663
Arizona,Arizona St.,-1.5,-3.07,-3.06,-1.03,,-3.51,-5.49,-7.26,-0.61,-1,-7.5,-4,-5.45,-3.5,-3.39,-1.86,0.79,-0.81,-3.61,-0.49,-4,-5.95,-2.3,-12.31,-8.24,-2.44,-2.89,-2.57,-3,,-6,-3.19,-3.06,-0.8,,-2.87,-5,-3,-2,-6.14,-5.13,-6.5,-6.4,-2.9,-1,-7.3,-1.5,-3.3,-0.46,-10.3,6.12,-0.68,-5,,-1,-7.2,-5,,-6.82,-1.24,-3.3,-2,4,-5.84,-6.55,,,2.64,41,40,14,-1,81,0.4478436247,0.4112547749
Baylor,Texas Tech,-4.5,-8.61,-4.99,-6.25,,-13.92,-10.89,-9.52,-4.06,-4,-5,-8,-11.09,-5,-9.42,1.91,-8.46,-3.44,-7.45,-4.58,-6,-11.4,-8.84,-10.38,-13.09,-1.71,-11.18,-6.9,-4,,-10,-7.06,-9.51,-4.91,,-9.88,-11,-7,-5,-7.13,-11.33,-6.2,-10.58,-10.3,-7,-7.3,-5,-6.9,-8.73,-15.8,-3.37,-0.28,-8,,-1,-7,-7,,-12.27,-3.5,-6,-6,-2,-4.15,-14.2,,,3.62,24,35,14,11,59,0.4281146396,0.3236390858
Boise St.,Utah St.,2.5,3.11,1.27,3.31,,7.01,1.14,5.02,1.72,2,18,3,-1.11,4.5,3.28,2.46,3.91,2.45,3.83,1.43,-5,5.45,1.15,3.56,5.59,3.57,1.65,7.85,5,,2,3.29,2.03,3.9,,3.16,4,3,4,4.94,6.16,3.1,-1.04,2.8,6,2.2,2.5,8.5,3.35,8.8,-1.45,-0.33,6,,-1,3.9,5,,0.01,2.75,2,2.5,11,7.1,0.23,,,3.41,24,33,14,9,57,0.5326422032,0.593239396
Boston College,Syracuse,6.5,4.43,-1.44,-0.53,,1.26,3.67,5.1,0.77,4,3,1,1.88,-3,4.92,-3.09,4.97,0.71,3.18,0.74,-3,7.65,3.31,-3.09,5.66,0.91,2.46,5.13,1,,1,3.2,4.05,4.89,,4.06,9,7,0.01,0.01,9.28,8,1.25,4.3,5,6.8,5.5,6.9,3.52,3.1,15.06,-1.01,5,,-1,7.6,8,,2.9,2.36,-0.4,6.5,9.5,0.87,3.38,,,3.18,42,21,14,-21,63,0.4187580049,0.5778609285
Bowling Green,Buffalo,-16.5,-12.28,-19.63,-16.24,,-15.97,-14.73,-9.56,-11.05,-14,-14.5,-22,-17.9,-23,-12.47,-20.5,-13,-9.89,-14.72,-10.47,-20,-14.05,-13.67,-13.75,-20.65,-13.37,-15.84,-7.9,-20,,-21,-14.03,-13.99,-13.28,,-12.94,-9,-13,-10,-20.39,-12.81,-14.3,-19.7,-13.8,-13,-14.5,-16,-10.1,-12.45,-16.7,-27.55,-4.19,-14,,-19,-13.3,-15,,-18,-14.85,-13.2,-14.5,-4,-20.33,-16.83,,,4.03,44,14,14,-30,58,0.5432709877,0.1843985016
California,Colorado,10.5,4.2,7.14,6.52,,6.89,3.61,4.95,7.78,12,1.5,5,4.64,5.5,3.6,8.39,4.69,4.52,7,8.54,2,9.95,6.87,13.84,-2.39,8.23,5.72,11.79,7,,5,6.52,3.83,3.77,,8.82,10,11,12,11.43,10.73,12.8,3.83,6.5,8,10.6,10,14.7,13.12,5.2,-16.64,0.81,5,,1,12.9,14,,2.18,4.65,7.2,12.5,-0.5,17.28,2.92,,,4.06,21,33,14,12,54,0.4154336766,0.665375368
Cincinnati,East Carolina,16.5,21,26.52,22.25,,26.65,19.49,16.37,22.63,31,22.5,23,26.21,28.5,20.77,26.68,22.26,16,20.44,16.54,16,18.65,21.38,32.09,11.53,20.01,22.78,10.32,26,,22,20.6,19.21,20.43,,22.62,20,18,16,29.42,17.29,18.3,22.62,24.2,22,19.3,17,11.4,21.58,18.9,34.05,2.7,20,,16,17.8,18,,23.64,17.66,17.5,19,9,18.69,23.92,,,4.72,6,56,14,50,62,0.594014338,0.8914166179
Clemson,South Carolina,26,24.49,20.63,19.94,,32.12,18.36,22.98,24.89,25,34,27,22.73,34,24.43,19.58,22.64,13.54,23.67,16.76,19,30.95,28.22,13.81,16.61,20.13,18.88,16.31,22,,22,23.46,24.6,24.25,,23.93,33,25,23,13.92,26,30.1,24.23,26,25,27.6,26,25.7,31.52,21.6,16.42,11.64,26,,16,28.8,34,,20.28,17.15,18.5,26,20.5,30.37,20.74,,,5.33,35,56,14,21,91,0.4446675213,0.9212533695
Connecticut,Temple,-31,-27.28,-25.54,-25.63,,-27.45,-24.36,-24.72,-34.13,-17,-32,-29,-32.41,-29.5,-26.39,-22.1,-29.68,-12.01,-27.04,-26.48,-26,-32.45,-28.99,-8.84,-23.26,-14.06,-28.76,-17.52,-26,,-45,-26.74,-24.31,-25.28,,-22.19,-27,-28.5,-28,-25.01,-23.98,-31.6,-36.96,-27.1,-24,-29.9,-30.5,-29,-38.29,-27.9,-40.36,-30.88,-26,,-24,-30.1,-31,,-31.32,-22.84,-22.8,-31,-20.5,-34.29,-32.4,,,6.00,57,7,14,-50,64,0.5922554208,0.055537037
Duke,Wake Forest,10.5,11.36,12.45,6.4,,16.91,11.38,14.89,9.52,17,5,14,17.01,14.5,11.62,10.19,6.82,9.28,11.67,10.65,6,11.85,11.5,19.25,8.01,6.89,15.13,5.7,12,,22,11.63,8.11,11.45,,12.67,14,12.5,8,16.92,11.65,12.8,17.1,15.6,13,11.5,10.5,11.3,14.06,14.9,4.42,1.14,10,,16,11.7,15,,11.34,7.56,12.4,11,-2,12.22,11.01,,,4.09,59,7,14,-52,66,0.5284501997,0.7617416587
Florida Atlantic,Charlotte,17,15.67,9.19,16.27,,2.56,11.42,12.75,16.74,10,34,10,11.61,11,15.52,7.97,18.49,10.69,14.65,12.73,5,17.15,16.92,5.91,22.76,13.33,13.46,8.7,13,,13,13.59,13.69,17.38,,15.23,22,17,13,11.67,18.31,19.9,13.48,16.5,20,19.1,17,14.9,13.42,13.9,13.3,0.86,17,,12,20.3,18,,13.28,15.66,13.4,17.5,15,11.51,12.99,,,4.78,27,24,14,-3,51,0.4436429693,0.8115462785
Florida Intl.,Marshall,-3.5,-1.7,2.61,-2.1,,0.57,1.7,2.66,-3.68,6,0.5,3,3.51,4.5,-1.43,2.17,-1.1,1.01,-0.08,-1.83,2,-1.15,-0.9,-0.09,-0.44,4.69,2.07,-0.6,1,,-3,-0.24,0.85,-2.93,,0.8,3,1.5,0.01,0.85,-0.01,-2.5,-1.59,1.3,-2,-1.1,-2.5,-1.4,-5.04,-0.4,-5.3,-0.71,-3,,-3,-2.1,-3,,0.93,-0.85,-2.6,-3,0.01,2.89,1.09,,,2.42,28,25,14,-3,53,0.584329873,0.4980124548
Florida St.,Florida,-7.5,-7.16,-12.82,-12.73,,-19.11,-11.67,-6.3,-4.46,-5,11,-13,-18.88,-12.5,-7.56,-9.8,-7.15,-7.38,-8.74,-9.35,-13,-8.05,-6.4,-21.97,-6.54,-5.39,-15.16,-5.33,-12,,-18,-7.47,-3.96,-5.2,,-10.07,-2,-3,-6,-13.91,-2.29,-6.4,-19.47,-9.1,-5,-4.5,-7.5,-3,-13.62,-20.4,-32.07,-3.2,-7,,-18,-4.9,-5,,-16.93,-7.65,-10.9,-6.5,7,1.13,-16.92,,,6.23,41,14,14,-27,55,0.4710160278,0.3041396969
Fresno St.,San Jose St.,32,34.16,35.19,32.33,,40.99,28.25,30.74,34.63,38,45,31,38.95,32,34.15,33.3,37.61,18.28,32.51,24.37,26,31.05,38.43,31.09,35.53,25.8,30.79,21.68,34,,37,33.76,32.82,33.21,,33.91,37,31,30,38.19,33.61,37.9,34.12,36.2,35,35.3,32,24.6,38.05,39.6,28.02,4.5,32,,20,36.9,32,,34.52,27.15,25.6,32,16,31.96,35.32,,,5.94,13,31,14,18,44,0.512001028,0.9724366789
Georgia,Georgia Tech,15.5,16.36,21.16,25.78,,22.29,19.97,16.87,18.43,18,11.5,26,22.72,29,16.12,20.37,21.48,14.85,20.03,24.92,13,17.45,16.08,21.75,21.6,19.46,24.14,18.07,22,,24,19.72,16.02,17.68,,19.42,18,17,16,16.96,15.3,17.1,25.53,20,20,14.1,16,18.7,22.96,25,37.4,4.46,18,,26,15.5,19,,22.83,25.15,23.4,17,13.5,21.16,23.97,,,3.97,21,45,14,24,66,0.609049257,0.889541531
Georgia St.,Georgia Southern,-9.5,-10.57,-18.07,-11.42,,-14.72,-11.98,-13.69,-16.2,-12,-15,-18,-15.28,-21.5,-9.8,-19.46,-12.62,-9.68,-12.17,-11.15,-17,-9.95,-11.1,-8.31,-8.01,-11.73,-12.8,-7.08,-17,,-18,-12.1,-9.71,-10.43,,-11.77,-8,-11.5,-14,-17.66,-8.13,-12.7,-15.1,-13.5,-9,-12.3,-10,-12.2,-9.72,-3.1,-6.73,-3.24,-14,,-13,-12.2,-11,,-13.65,-10.35,-11,-11,-1,-13.31,-12.93,,,3.76,35,14,14,-21,49,0.4349956998,0.2278295529
Indiana,Purdue,-3.5,-3.65,-0.4,-3.78,,-1.92,-4.68,-1.84,-1.73,2,0.01,-1,-4.62,0.01,-4.03,1.72,-3.26,-1.5,-2.87,-1.98,-5,-1.85,-4.97,-4.84,-10.14,2.91,-2.48,-1.1,1,,-4,-3.19,-1.47,-3.12,,-4.56,-1,-4,0.01,-1.86,-6.59,-6.4,-5.69,-3.6,-5,-6,-3.5,4,-3.43,-7.3,2.79,-0.29,-8,,-5,-6.6,-2,,-6.26,-2.14,-3.7,-4,2.5,-4.14,-5.59,,,2.98,28,21,14,-7,49,0.5155576622,0.4294795634
Iowa,Nebraska,8,16.76,13.79,15.47,,21.96,16.9,15.01,10.51,17,27.5,16,17.9,15.5,17.92,11.74,19.23,12.27,15.27,9.89,11,18.95,8.87,25.16,18.9,6.83,17.76,3.23,16,,15,16.19,16.07,15.5,,16.45,18,7.5,8,21.01,16.62,17.2,20.74,17.3,17,16.3,9,11.1,16.43,16,15.94,1.33,18,,13,17,18,,18.37,9.26,12.9,9,8,8.25,19.07,,,4.71,28,31,14,3,59,0.6696994214,0.8218025185
Iowa St.,Kansas St.,12.5,8.26,11.46,12.61,,17.94,13.06,8.2,8.61,13,9.5,8,14.11,9,8.23,10.13,12.14,8.57,10.64,8.84,6,10.25,11.37,19.41,10,8.27,11.65,7.06,13,,18,10.38,8.22,5.59,,11.57,11,14,8,16.73,9.06,12.3,11.52,12.5,10,11.5,12.5,9.2,10.2,11.7,15.13,0.99,8,,9,11.8,13,,13.83,7.56,10.5,13,2.5,11.72,13.55,,,2.91,38,42,14,4,80,0.4541245719,0.7451368304
Kansas,Texas,-15,-16.95,-18.22,-16.47,,-15.18,-11.83,-12.88,-24.57,-18,-27,-16,-14.33,-20,-15.92,-20.15,-17.48,-9.6,-15.93,-13.07,-14,-16.05,-14.63,-34.41,-20.06,-14.27,-9.71,-12.1,-17,,-24,-15.36,-17.79,-21.24,,-14.25,-16,-15,-18,-24.02,-13.92,-14.7,-11.61,-13.5,-17,-13.8,-15,-15.5,-15.21,-18.8,-10.12,-2.34,-14,,-17,-13.8,-15,,-13.41,-14.85,-13.1,-16,-8,-22.22,-13.95,,,3.80,24,17,14,-7,41,0.4772830693,0.1645558974
Kent,Eastern Mich.,-12.5,-14.1,-14.11,-16.38,,-10.73,-12.48,-14.5,-16.65,-10,-36.5,-14,-14.5,-15.5,-13.76,-13.93,-16.58,-8.94,-14.53,-8.23,-14,-19.55,-13.35,1.91,-17.43,-10.71,-12.61,-7.27,-16,,-18,-14.25,-13.86,-13.59,,-14.38,-14,-10.5,-18,-12.75,-14.38,-15.4,-17.75,-12.5,-13,-15.2,-12.5,-15.8,-13.21,-15.5,-8.15,-2.74,-16,,-12,-14.7,-20,,-15.1,-11.85,-12.2,-13.5,-7.5,-18.83,-15.94,,,4.25,28,20,14,-8,48,0.450846309,0.1883114768
Liberty,New Mexico St.,7,8.34,11.26,9.09,,13.02,10.63,12.32,12.6,12,6,17,12.11,14,7.74,10.84,14.94,10.17,10.76,11.45,9,11.25,10.48,-7.16,7.77,6.15,13.14,5.88,13,,11,10.95,9.02,6.12,,10.33,8,9,11,10.02,6.81,11.4,13.76,13.5,10,8.6,8,13.5,8.89,17.9,27.05,1.87,13,,10,11,14,,13.35,6.26,10.9,8,3.5,14.08,13.18,,,3.02,21,28,14,7,49,0.5920010724,0.7472641643
Liberty,New Mexico St.,7,8.34,11.26,9.09,,13.02,10.63,12.32,12.6,12,6,17,12.11,14,7.74,10.84,14.94,10.17,10.68,11.45,9,11.25,10.48,-7.16,7.77,6.15,13.14,5.88,13,,7,10.87,9.02,6.12,,10.33,8,9,11,10.02,6.81,11.4,13.76,13.5,10,8.6,8,13.5,8.89,17.9,27.05,1.87,13,,10,11,14,,13.35,6.26,10.9,8,3.5,14.08,13.18,,,3.05,21,28,14,7,49,0.5900385456,0.7455857263
Louisiana Tech,Western Kentucky,9.5,13.6,20.82,13.69,,10.64,12.66,9.77,20,24,28,16,14.82,20,12.73,23.81,8.7,14.1,14.12,14.52,13,10.35,13.14,0.69,11.92,18.2,14.45,10.48,20,,8,13.48,12.42,16.25,,15.1,13,11,14,18.36,12.3,12.4,12.38,14.7,15,11.6,10.5,10.3,13.36,12.5,0.62,2.91,13,,14,12.4,15,,13.27,10.46,14.4,11,2.5,15.38,13.09,,,4.21,30,15,14,-15,45,0.6107628708,0.8050379047
Louisiana-Monroe,Louisiana-Lafayette,2.5,-0.12,-0.01,0.01,,-2.42,-1.08,-3.09,4.81,5,1.5,0.25,-3.12,1.5,-0.78,1.48,-2.24,0.56,1.11,4.04,-4,-0.65,-0.96,0.78,-5.06,3.8,0.34,4.39,-2,,8,1.1,-0.9,2.02,,1.76,3,4,2,1.43,3.43,4.6,-2.17,1.2,3,3.7,2.5,8.3,1.76,4.2,7.39,0.65,-1,,1,5.3,2,,-3.67,0.15,2.1,3,1,2.83,-3.32,,,2.94,31,28,14,-3,59,0.465693095,0.5274084181
Louisville,Kentucky,-16.5,-15.54,-25.8,-22.97,,-31.6,-20.6,-20.59,-20.59,-20,-8.5,-21,-30.43,-23,-14.82,-23.49,-13.01,-11.5,-19.62,-26.18,-21,-22.55,-14.75,-37.94,-14.21,-9.96,-27.23,-11.31,-21,,-36,-20.34,-8.84,-14.09,,-17.8,-14,-17,-18,-26.92,-14.64,-22.4,-31.78,-19.3,-14,-20.6,-16.5,-21.3,-23.14,-20.1,-34.09,-5.72,-15,,-32,-21.4,-18,,-27.37,-19.85,-17,-17,7.5,-16.98,-28.58,,,7.42,56,10,14,-46,66,0.4293416997,0.1314286874
Memphis,Houston,10,2.02,-0.96,3.25,,3.71,1.89,3.03,-0.01,2,2.5,0.25,0.25,-1.5,2.33,-1.56,5.91,1.3,2.49,3.89,-3,2.55,3.5,-3.19,3.02,2.11,0.56,8.01,1,,-5,2.52,2.18,1.54,,3.65,3,8,4,-1,6.67,3.7,-1.26,1.7,2,3.9,8.5,3.4,3.53,5.1,13.89,-0.7,3,,3,3.1,7,,1.18,1.26,4.2,7,6,7.77,1.39,,,2.62,31,52,14,21,83,0.320336174,0.5614938017
Miami (Fla.),Pittsburgh,5.5,6.06,-0.12,-2.78,,17.3,4.08,6.69,-6.98,1,-2.5,3,7.71,-1.5,7.91,-4.04,7.18,-0.15,3.17,-3.42,1,0.85,6.98,-5.41,9.77,0.36,3.71,0.16,-1,,5,3.92,7.47,3.75,,11.58,6,5.5,-5,-2.19,9.78,5.5,4.87,10.5,6,5,5.5,-5.6,3.19,2.8,3.92,-1.19,7,,-1,6,2,,5.6,5.05,2.2,4.5,9.5,-9.6,5.96,,,5.14,3,24,14,21,27,0.4444742104,0.5753358176
Miami (Ohio),Ball St.,15.5,13.16,12.62,15.7,,10.01,13.14,13.74,20.91,18,21.5,11,14.84,10,12.14,11.51,13.82,10.35,15.24,18.51,7,23.25,12.16,7.63,7.86,8.83,14.86,16.5,13,,19,14.34,12.17,13.43,,12.83,21,17,22,13.14,16.69,20.4,15.42,14.9,15,17.6,15.5,29.5,16.61,13.3,10.44,2.02,11,,15,17.9,24,,13.4,9.55,8.9,15.5,15.5,26.39,13.83,,,4.72,21,42,14,21,63,0.493736789,0.8212848076
Michigan St.,Rutgers,24.5,27.89,25.75,24.72,,37.75,22.19,21.3,30.65,24,41,18,26.84,21,27.57,25.21,27.31,16.97,25.53,22.16,15,25.35,28.59,27.81,23.51,18.43,24.81,20.11,26,,35,26,24.3,30.59,,26.81,28,28,26,31.41,27.3,29.5,27.35,27.6,26,28,24.5,23.7,27.48,27.3,29.66,4.12,19,,17,29,25,,26.79,25.65,22.5,27,12,26.31,27.24,,,5.20,10,14,14,4,24,0.5245846658,0.9367959754
Middle Tenn.,UAB,-3,-3.13,-2.77,3.3,,-5.41,-2.43,-2.89,-1.92,1,0.5,-5,-3,-4.5,-3.3,-2.64,3.62,-0.3,-1.28,3.94,-9,-1.05,-0.6,-5.5,-0.69,-1.14,1.68,1.89,-1,,-4,-0.94,-0.84,-0.2,,-0.88,0.01,2.5,1,-3.43,2.31,-1.8,-0.61,0.7,0.01,-2.6,-3,4.8,-5.74,-8.9,3.52,-0.11,-3,,-2,-2.1,4,,-2.25,3.35,2.9,-3,3,3.7,-28.53,,,4.89,3,27,14,24,30,0.5412383039,0.4692865745
Mississippi,Mississippi St.,-13,-12.24,-10.35,-7.46,,-21.31,-10.07,-14.42,-15.54,-8,-15.5,-13,-14.38,-10,-11.71,-8.33,-9.21,-4.2,-11.61,-8.95,-11,-18.85,-10.41,-18.19,-7.36,-5.16,-9.59,-9.29,-12,,-15,-11.7,-8.76,-9.35,,-10.74,-12,-8.5,-16,-13.49,-14.53,-18.1,-14,-11.9,-10,-16.1,-13,-15.1,-10.64,-13.1,-5.96,-2.14,-17,,-10,-17.4,-14,,-11.69,-5.95,-9.1,-13,-1,-17.15,-12.09,,,3.98,35,3,14,-32,38,0.5338407536,0.2390492789
Missouri,Arkansas,23.5,21.79,27.74,26.49,,32.27,23.05,23.55,33,26,43,28,27.74,27,20.27,27.74,18.09,16.38,24.98,25.89,18,28.25,20.49,45.84,18.91,18.95,27.33,18.28,28,,30,25.75,17.51,22.46,,22.81,28,19.5,24,33.24,23.85,26.8,28.82,24.2,22,25.6,23.5,27.9,27.76,31.1,24.6,14.28,25,,23,24.8,28,,27.02,24.65,17.4,23,8.5,24.32,27.68,,,5.39,0,38,14,38,38,0.5351704625,0.9318771438
New Mexico,Wyoming,-7,-5.64,-6.14,-6.51,,-2.28,-3.7,-2.1,-8.91,-5,-12.5,-3,-4.24,-5.5,-5.18,-7.09,-7.12,-3.15,-6.33,-6.28,-4,-9.95,-5.14,2.84,-9.26,-3.7,-5.48,-8.12,-6,,-4,-5.82,-4.73,-6.62,,-4.19,-6,-7,-11,-3.94,-7.42,-9,-7.94,-1.7,-4,-7.9,-7,-10.9,-13.23,-11.7,-12.78,-1.69,-4,,-5,-8.5,-9,,-4.46,-4.75,-6,-7,-2,-13.48,-5.08,,,2.88,31,3,14,-28,34,0.5165616778,0.3474083821
North Carolina,NC St.,-7,-12.73,-14.88,-14.17,,-18.57,-12.37,-6.69,-17.48,-6,-26,-15,-10.1,-16,-12.01,-17.27,-13.25,-9.67,-11.49,-5.75,-15,-12.95,-11.28,-31.13,-17.44,-10.48,-11.15,-3.68,-17,,-13,-11.24,-10.82,-14.28,,-10.43,-7,-7,-6,-20.53,-10.39,-11.2,-13.29,-8.5,-11,-11.6,-7.5,-5.5,-8.22,-8.1,-5.94,-2.43,-12,,-6,-11.6,-9,,-15.49,-10.34,-4.4,-7,0.01,-10.13,-15.66,,,4.68,34,28,14,-6,62,0.3930813266,0.2437613633
Northwestern,Illinois,16.5,22.42,21.48,21.72,,25.78,22.09,22.17,25.07,22,40,21,26.56,24,22.14,18.93,23.23,13.17,22.89,18.29,13,28.55,20.02,38.31,13.68,7.3,15.1,13.39,24,,31,22.95,22.1,20.68,,20.89,28,18,25,28.7,30.96,26.2,26,25.5,24,23.8,17.5,24.8,26.33,26.2,16.7,2.8,23,,18,24.9,29,,22.6,16.65,22.9,17,15,32.73,24.31,,,6.03,16,24,14,8,40,0.6466640679,0.9111825087
Ohio,Akron,23,19.55,15.94,18.47,,20.05,18.03,25.36,28.78,23,15,16,22.71,18.5,18.31,12.55,24.28,13.66,20.49,23.7,14,31.15,19.1,20.34,4.3,9.48,20.96,16.79,17,,28,19.6,15.9,18.6,,19.67,26,20,27,20.72,17.34,20.6,23.63,20.7,20,19.6,22.5,36.3,37.51,19.6,25.98,2.02,20,,18,19.3,33,,19.08,15.35,12.5,24,17,28.87,19.9,,,6.27,28,49,14,21,77,0.4415397261,0.8850381903
Ohio St.,Michigan,-5.5,-0.86,-3.83,-4.44,,-3.29,-1.69,-0.01,-3.62,1,6,-6,-6.81,-8.5,-0.49,-2.35,2.39,-2.65,-2,-4.52,-3,-1.35,-4.22,0.59,11.17,2.43,-3.4,-0.17,-5,,-5,-2.7,2.2,1.05,,-1.46,-2,-3,0.01,1.86,-2.75,-4.3,-5.41,-2.7,0.01,-4.2,-5,-4.2,-5.65,-2.7,5.43,-9.63,-4,,-9,-3.5,2,,-6.03,-1.25,-3.9,-4.5,5.5,3.9,-5.84,,,3.74,39,62,14,23,101,0.5849596943,0.4512010255
Oregon St.,Oregon,-18.5,-15.96,-15.3,-13.66,,-27.77,-14.97,-11.01,-17.49,-11,-30.5,-19,-17.5,-17.5,-15.75,-14.21,-16.29,-9.5,-16.5,-12.15,-20,-16.75,-17.86,-23.25,-19.81,-12.09,-13.36,-13.03,-16,,-19,-16.16,-16.54,-16.03,,-17.62,-13,-14.5,-17,-19.05,-13.86,-22.4,-17.95,-16.3,-16,-22.8,-18.5,-25.8,-19.04,-14.3,-20.87,-2.21,-18,,-12,-20.9,-16,,-18.59,-13.35,-13.7,-18,-9,-18.59,-19,,,4.18,55,15,14,-40,70,0.548488311,0.1573991828
Penn St.,Maryland,13,14.21,13.9,14.6,,11.02,10.24,8.17,18.75,13,5,15,12.43,17,13.47,14.63,16.48,10.62,14.19,10.44,10,15.15,14.59,24.34,25.79,13.3,13.13,13.32,16,,17,14.6,18.08,16.24,,15.38,19,14,13,20.05,18.01,16.3,11.95,15.7,17,14.9,13,7.8,11.91,13.4,15.57,1.66,17,,10,16.1,15,,11.45,10.05,11.3,13.5,16,21,11.31,,,3.54,3,38,14,35,41,0.5291633807,0.8085240337
Rice,Old Dominion,-7,-9.13,-10.85,-14.09,,-8.96,-5.19,-6.65,-17.38,-3,-7.5,-14,-11.26,-10,-8.11,-10.64,-9.68,-8.87,-9.28,-14.88,-10,-11.75,-9.8,13.03,-6.15,-5.13,-3.78,-1.95,-7,,-10,-9.49,-8.12,-9.98,,-7.02,-4,-10,-10,-3.23,-13.62,-14,-6.08,-7.9,-8,-13.6,-7,-9.3,-11.83,-5.7,-19.43,-22.39,-7,,-16,-13.1,-12,,-8.8,-10.85,-5.7,-7.5,-10,-14.29,-9.67,,,3.67,13,27,14,14,40,0.4443577062,0.2844951858
San Diego St.,Hawaii,17.5,12.96,7.83,11.4,,12.08,10.11,12.27,12.47,11,12.5,8,11.55,8.5,13.03,5.96,14.28,7.03,13.11,9.85,4,15.75,14.97,17.25,12.28,5.21,10.5,9.4,8,,24,12.37,11.75,13.83,,17.65,21,16,14,12.92,19.61,21.5,11.48,16.8,16,18.8,16.5,14.1,14.71,17.2,9.26,0.93,18,,8,20.3,18,,11.25,9.05,13.7,17.5,17,11.92,11.82,,,4.41,31,30,14,-1,61,0.394951698,0.786887103
South Alabama,Coastal Carolina,-1,-4.3,-8.63,-4.2,,-2.14,-3.25,0.46,-4.14,-1,-2,-9,-4.94,-11,-4.33,-10.48,-3.24,-5.54,-3.11,-0.55,-7,1.75,-4.77,12.31,-4.85,-3.07,-4.77,1.98,-9,,-1,-3.2,-4.63,-5.89,,-4.07,2,-1.5,-2,-4.17,1.68,-0.6,-6.86,-2.7,0.01,-1,-1,4.7,-3.2,,-3.14,-2.02,1,,-2,-0.3,3,,-7.86,-3.14,-3.4,0,-1,-2.48,-7.49,,,3.48,28,31,14,3,59,0.4483485949,0.4241187353
South Florida,Central Florida,-16,-15.69,-19.49,-18.66,,-14.7,-15.05,-18.87,-22.86,-9,-33,-22,-22.15,-18.5,-14.79,-18.16,-17.17,-9.34,-16.99,-15.01,-14,-18.45,-15.12,-31.25,-15.08,-9.92,-17.06,-10.63,-18,,-29,-17.13,-14.54,-14.65,,-14.44,-17,-13.5,-20,-20.17,-13.86,-21.5,-20.46,-17.1,-15,-20,-16,-18.8,-17.98,-13.1,-23.69,-12.4,-14,,-20,-21,-17,,-20.03,-15.35,-15.6,-14,5,-18.68,-20.68,,,5.33,38,10,14,-28,48,0.476427754,0.1551442778
TCU,Oklahoma St.,-6.5,-0.81,-1.41,-0.7,,-3.12,-1.17,-3.51,2.49,-1,-1,-0.25,-3.1,-1,-1.4,-0.58,-3.11,-0.22,-2.02,-1.62,-5,-6.25,-1,-2.59,1.09,1.97,-0.72,-1.95,1,,-6,-1.41,-0.58,0.27,,-1.98,-3,-4.5,-1,-1.84,-1.65,-3.7,-3.73,-0.3,0.01,-2.1,-5.5,-7.2,-6.98,-0.4,-6.88,-0.19,-1,,-6,-2.2,-5,,-3.25,-0.55,-2.8,-4.5,-6,-5.62,-3.31,,,2.29,24,31,14,7,55,0.6100041265,0.4498866198
Texas A&M,LSU,3,0.71,-2,-3.46,,0.25,2.63,1.24,-5.6,1,-13.5,-2,2.5,-2.5,1.46,-4.25,1.12,-1.23,-0.54,-3.85,-1,0.55,2.1,-1.06,-6.51,-5.9,1.25,3.28,1,,-8,-0.35,-2.4,-1.8,,3.41,-1,2,-2,-0.4,4.09,-1.7,-0.01,2.5,1,-1.5,2,-1.5,6.84,6.1,8.71,-1.62,1,,-3,-1.4,4,,1.19,-1.05,-0.3,3,-0.5,-1.33,2.13,,,3.55,72,74,14,2,146,0.4138613032,0.4867588334
Texas St.,Arkansas St.,-10.5,-16.36,-14.2,-15.89,,-7.12,-12.4,-9.43,-19.06,-8,-14,-12,-11.87,-14.5,-16.02,-15.36,-16.59,-9.29,-13.32,-8.91,-12,-15.75,-12.14,3.5,-19.92,-4.51,-10.91,-3.82,-16,,-8,-13.79,-13.65,-18.45,,-12.86,-14,-13.5,-12,-13.77,-7.79,-15,-13.57,-12.8,-15,-12.8,-11,-14.2,-15.63,-14,-15.22,-2.54,-14,,-11,-13.8,-16,,-16.11,-11.85,-8.9,-11,-10,-17.41,-31.91,,,4.59,33,7,14,-26,40,0.4322485158,0.2101039422
Texas-San Antonio,North Texas,-24.5,-21.49,-16.94,-19.12,,-21.94,-21.79,-22.8,-20.51,-13,-11,-18,-25.42,-19.5,-21.64,-12.72,-19.1,-10.81,-19.01,-14.88,-21,-21.65,-22.35,-1.19,-18.67,-10.2,-18.64,-11.21,-18,,-32,-18.95,-16.76,-18.03,,-20.99,-16,-18.5,-18,-16.47,-18.8,-22.5,-24.67,-21,-17,-20.9,-23.5,-17.9,-30.11,-23,-35.51,-2.34,-20,,-14,-22.5,-23,,-26.67,-14.84,-18.4,-24.5,-6,-15.38,-26.27,,,5.09,24,21,14,-3,45,0.6290515314,0.1270597677
Toledo,Central Mich.,19.5,18.58,23.05,16.11,,18.7,15.4,22.76,25.99,21,27.5,24,21.36,24,17.64,23.9,13.8,15.63,18.31,19.93,17,19.85,16.52,1.53,13.36,18.26,17.39,17.54,22,,10,18.64,17.82,20.15,,16.05,21,18,18,19.18,16.88,19.5,16.27,18.7,19,18.8,19.5,23.3,18.83,9.1,7.79,13.48,18,,19,19.6,20,,16.54,14.25,8.8,18.5,10,24.09,17.88,,,3.92,13,51,14,38,64,0.4709937787,0.8685813748
Tulane,Navy,6,7.4,8.37,8.17,,8.78,9.49,7.84,13.29,8,-1.5,8,6.38,7.5,6.56,9.36,5.62,9.88,6.95,7.86,5,4.55,8.4,8.72,1.61,5.52,7.52,5.06,10,,13,7.35,6.04,7.3,,9.94,5,7,3,8.31,8.49,6.9,6.62,6.1,6,5.5,6,1.8,8.4,10.6,8.03,1.31,9,,6,6.9,6,,9,4.25,3.1,7,0.01,6.86,9.31,,,2.78,28,29,14,1,57,0.5235026142,0.666852961
Tulsa,SMU,-3,-1.71,-10.54,-1.55,,2.39,-0.25,-4.18,-12.41,-2,-5.5,-9,-4.46,-11.5,-0.21,-13.58,-1.58,-4.41,-3.22,-4.08,-6,-3.55,0.94,4.56,-0.26,-8.51,-1.84,-6.7,-10,,-1,-2.29,-2.85,-4.79,,-0.25,-2,-2,-6,-5.44,-3.33,-2.3,-1.6,-0.4,0.01,-2.9,-3,-5.2,-3.64,0.9,-2.73,-19.62,1,,-4,-2.9,-2,,-1.88,-0.84,0.3,-2.5,8.5,-7.39,-2.27,,,3.99,24,27,14,3,51,0.4946383576,0.4220258942
UCLA,Stanford,-6.5,-9.36,-8.2,-10.19,,-12.87,-9.04,-7.54,-5.83,-6,-10,-9,-7.02,-9.5,-9.95,-8.78,-11.39,-6.95,-8.76,-4.87,-11,-8.15,-8.64,-23.19,-15.91,-6.87,-7.19,-3.1,-9,,-12,-9,-8.25,-10.32,,-11.06,-6,-7,-5,-15.41,-11.33,-13.9,-9.67,-7.9,-12,-10.1,-7,-4.7,-5.29,-10,-19.62,-1.38,-12,,-4,-11.9,-4,,-10.3,-7.85,-8.3,-7,-8,-10.49,-9.38,,,2.87,49,42,14,-7,91,0.4442910147,0.2935520492
UNLV,Nevada,-14.5,-10.47,-13.89,-10.28,,-8.3,-9.24,-8.79,-19.3,-7,-14,-15,-13.53,-15.5,-9.27,-14.07,-12.69,-7.54,-11.32,-9.54,-14,-14.55,-10.83,-4,-8.1,-7.83,-9.93,-6.83,-14,,-12,-10.92,-9.82,-10.04,,-9.02,-10,-11.5,-16,-12.89,-6.99,-13.4,-13.04,-8.6,-8,-12.5,-14,-12.3,-18.78,-18.7,-18.15,-3.39,-11,,-12,-13.3,-15,,-13.33,-5.55,-4.5,-13.5,-2.5,-19.07,-14.36,,,3.71,29,34,14,5,63,0.5773288651,0.243721533
USC,Notre Dame,-11.5,-11.74,-21.87,-16.93,,-22.22,-12.67,-16.5,-25.33,-13,-28,-21,-16.23,-29,-10.08,-24.68,-10.04,-9.49,-15.09,-14.81,-18,-17.95,-9.27,-25.69,-7.37,-20.25,-12.03,-14.41,-20,,-24,-14.38,-9.35,-13.17,,-9.87,-8,-8,-18,-18.23,-9.8,-17.8,-14.36,-11.4,-12,-16.7,-12,-20.5,-13.6,-10.8,-4.65,-21.4,-12,,-15,-17.3,-13,,-14.16,-10.35,-13.7,-11,10.5,-28.36,-15.12,,,6.43,24,17,14,-7,41,0.4169941411,0.1891655771
UTEP,Southern Miss.,-13.5,-14.42,-19.12,-17.49,,-12.4,-12.68,-17.03,-20.72,-16,-29,-16,-16.62,-17.5,-13.63,-20.37,-17.34,-10.44,-14.51,-13.92,-15,-15.25,-13.08,15.63,-19.91,-9.37,-9.71,-9,-19,,-12,-14.34,-14.28,-15.75,,-11.8,-13,-13,-15,-8.74,-13.32,-14,-14.49,-13.5,-14,-13.4,-13.5,-15.2,-15.77,-14.4,-13.74,-13.33,-11,,-12,-13.3,-15,,-15.15,-11.85,-10.1,-13,-8.5,-18.06,-15.27,,,3.69,39,7,14,-32,46,0.4752928746,0.1866525605
Utah,BYU,11,17.56,12.01,17.5,,21.29,15.52,11.56,15.42,15,21,10,14.16,12.5,17.88,10.93,15.61,11.46,15.55,11.86,6,18.15,16.23,24.13,14.64,8.85,15.45,12.24,13,,19,15.79,16.05,17.41,,17.85,18,13.5,14,19.16,22.32,17.6,15.78,16,16,15.8,12,15.5,19.65,21.6,0.16,1.38,13,,11,17.8,18,,16.85,12.25,14.3,11.5,9,20.14,17.1,,,3.58,27,35,14,8,62,0.6101013145,0.8303371183
Vanderbilt,Tennessee,3,2.21,3.07,2.05,,2.64,7.46,4.24,-0.52,10,15,5,5.21,5,2.57,2.01,4.69,2.98,5,5.02,2,7.25,6.14,2.5,4.16,1.26,9.45,4.48,4,,9,4.66,2.13,0.71,,3.93,6,3.5,5,4.63,8.65,4.8,10.27,7.1,6,3.6,3,7.9,3.32,3.8,3.11,-0.82,2,,-1,4.3,10,,6.28,3.45,5,3.5,2.5,12.57,5.74,,,3.15,13,38,14,25,51,0.5491774575,0.6213235143
Virginia Tech,Virginia,-3.5,-1.9,-5.56,-6.56,,-5.47,-5,-5.32,-10.12,-8,-1,-5,-6.52,-6,-0.61,-5.09,1.82,-5.08,-3.85,-8.52,-8,-7.25,-1.88,-13.38,3.27,-0.79,-6.17,0.21,-5,,-11,-5,3.75,0.21,,0.01,0.01,-4,-5,-9.54,0.86,-1,-10.5,0.2,1,-2.1,-3.5,-14.2,-6.08,-2.6,-20.79,-1.24,-1,,-5,-0.6,-7,,-7.16,-1.15,-2.2,-4.5,9.5,-9.96,-6.74,,,4.36,31,34,14,3,65,0.4915193453,0.4075491814
Washington St.,Washington,2,1.67,7.92,6.25,,7.52,6.89,5.07,6.99,13,6,6,6.02,8,0.99,8.89,5.21,6.05,5.21,7.33,5,10.75,-0.31,8.28,-6.9,8.34,7.41,8.36,7,,1,6.01,0.82,-0.24,,1.54,6,3,8,7.18,0.93,-2.1,5.86,2.5,1,-0.4,2.5,14.3,12.01,11,14.87,0.67,1,,2,-1.6,13,,7.31,-0.25,2.2,2.5,-1.5,14.88,7.91,,,4.56,28,15,14,-13,43,0.5770475552,0.6237839284
West Va.,Oklahoma,-3,-2.38,-2.76,0.77,,3.27,0.87,-2.84,-7.48,3,-17,-2,0.71,-8,-1.58,-4.49,-0.32,0.48,-1.72,1,-3,0.65,-1.13,-0.75,-14.3,-3.48,2.18,1.52,-3,,-9,-0.36,-4.55,-5.65,,-0.4,0.01,-2,-5,0.96,-6.15,-1.4,-0.01,-0.3,-3,-0.7,-3,2.5,-0.01,0.9,12.75,-0.37,1,,3,-1,5,,0.45,-0.95,0.01,-3.5,-4,-6.29,0.91,,,4.08,59,56,14,-3,115,0.5311220092,0.4582139913
Western Mich.,Northern Ill.,-6,-5.44,-3.56,-5.08,,-2.1,-2.25,-5.68,-12.02,-2,-19,-2,-3.15,-3,-4.5,-3.76,-4.97,-0.65,-5.09,-5.87,-2,-13.35,-3.41,-12.72,-4.7,-2.61,-4.87,-5.8,-4,,-6,-4.6,-1.86,-5.5,,-1.92,-4,-4.5,-10,-7.38,-6.37,-6.2,-7.36,-2.7,-2,-6,-6,-15.6,-4,1.6,-14.12,-1.36,-4,,-10,-6.5,-10,,-5.55,-0.85,-2.6,-6,7.5,-14.47,-4.18,,,4.26,21,28,14,7,49,0.5220763497,0.3784015434
Wisconsin,Minnesota,12,11.7,8.86,14.48,,16.37,8.02,8.51,9.8,12,9,10,10.26,9,12.02,8.17,16.45,8.82,11.74,10.16,6,9.75,12.42,17.75,15.16,7.71,10.53,8.87,9,,10,10.62,13.74,14.7,,13.73,16,10,9,15.65,15.93,14.3,9.83,13.8,15,13.3,12,5.8,14.63,10.5,29.18,1.1,10,,15,14.3,14,,9.67,9.76,10.7,11,15,15.98,9.85,,,2.95,37,15,14,-22,52,0.4935763977,0.7664114734
Alabama,Georgia,12.5,10.24,5.56,11,11.75,8.1,6.58,11.48,9.3,,23.75,9,11.46,10.5,10.34,6.16,10.95,4.3,9.45,14.26,6,11,7.71,1,11.08,5.9,7.5,3.51,3,,5,10.08,10.13,10.83,,4.8,12,13,11,0.69,6.81,13.3,10.19,8.9,7,13.4,12,11.2,12.48,5.1,12.51,10.56,10,,14,12.8,4,,8.84,18.5,10.7,13.5,7.5,10.03,8.73,,,3.95,28,35,15,7,63,0.4260484079,0.7182564853
Appalachian St.,Louisiana-Lafayette,17,19.34,14.87,16.58,18.75,18.98,15.48,19.15,14.39,,16.5,20,20.33,16,20.01,12.14,19.61,11.14,17.32,12.03,,18.45,18.17,28.81,22.59,15.7,16.78,11.26,13,,28,17.6,18.49,17.86,,20.39,22,18,17,21.12,17,18,17.58,22.3,19,17.6,17,15.8,15.51,22.5,14.74,0.88,18,,9,17.8,20,,,10.24,15.1,16.5,16.5,17.59,20.07,,,3.56,19,30,15,11,49,0.5078467226,0.8564813233
Boise St.,Fresno St.,1.5,0.28,2.2,-0.63,0.75,1.08,-0.01,5.14,5.52,,5,0.25,-1.43,1.5,-0.44,4.01,-0.46,0.76,2.58,2.95,,6.45,2.24,3.06,-1.65,5.61,1.6,9.45,1,,-1,2.1,0.25,2.37,,1.71,3,3,9,4.16,4.77,3.2,-0.59,2,1,3,1.5,8.2,2.76,4.3,-3.87,0.26,1,,-1,2.7,6,,-1.89,4.14,2.5,1.5,13.5,9.73,-0.92,,,3.40,19,16,15,-3,35,0.5265212191,0.5631370869
Buffalo,Northern Ill.,3,0.29,6.58,6.33,5.5,4.25,5.62,6.84,4.12,,0.63,6,7.38,7.5,-0.26,9.74,1.49,5.62,4.24,5.58,,3,0.32,12.63,1.28,6.96,4.97,3.18,2,,5,4.25,2.95,-0.13,,0.89,2,4,6,8.91,-0.32,7,5.64,1.9,4,6.9,3,8,2.57,4,12.71,1.03,1,,5,5.9,4,,,3,2.6,3.5,-1,11.33,3.1,,,2.82,30,29,15,-1,59,0.5306510402,0.6037133968
California,Stanford,-3,-5.96,-3.17,-6.6,-4,-0.83,-3.44,-2.4,-5.29,,-10,-2,-4.02,-4,-6.09,-2.75,-5.74,-2.03,-4.16,-2.55,-3,-3.05,-3.12,-10.53,-11.59,-0.69,-3.35,-2.27,-7,,-5,-4.02,-4.97,-7.49,,-6.04,-2,-2,-3,-5.46,-6.59,-5.2,-5.42,-4.1,-5,-5,-3,-2.3,-0.01,-4.5,-17.22,-0.82,-8,,-5,-5.2,1,,,-0.96,-3.1,-3,-4,-0.6,-6.38,,,2.45,23,13,15,-10,36,0.4712136816,0.3978201451
Central Florida,Memphis,3,10.99,19.85,15.56,16,13.49,11.66,8.47,15.51,,26.5,27,13.33,23.5,10.48,23.12,15.59,12.67,13.44,10.64,,9.55,6.56,28.06,9.67,15.99,15.87,6.43,16,,27,12.79,12.11,13.05,,10.1,13,4.5,11,19.38,7.99,10.8,14.33,13.7,14,10.4,4.5,8.7,12.3,11.7,28.97,13.26,12,,12,11.3,11,,12.84,12.74,13.7,3,0.5,12.95,13.3,,,5.12,41,56,15,15,97,0.7343214843,0.7898216172
Clemson,Pittsburgh,27.5,25.57,22.54,23.66,28,31.58,20.71,24.1,24.67,,22.5,27,29.4,32,25.69,22.66,29.14,12.11,23.88,17.27,,27.2,22.12,16.53,22.71,21.64,22.66,14.5,21,,23,23.85,24.17,23.69,,26.43,24,24.5,23,13.14,24.73,31.4,29.46,26.4,23,28.7,27,20.1,27.19,25.9,31.94,13.6,26,,22,30.3,25,,26.95,23.5,19.6,27.5,13,19.06,26.78,,,4.65,10,42,15,32,52,0.4133857893,0.9255805535
Middle Tenn.,UAB,1.5,1.8,2.18,8.83,6,-1.57,1.61,10.54,8.89,,2.5,0.25,2.1,0.5,0.88,2.23,8.32,3.68,4.06,8.86,,8.35,2.56,8.53,-0.69,3.33,5.24,5.37,1,,3,3.51,1.99,4.18,,2.42,6,3,9,4.54,5.83,2.8,3.93,4.1,4,2,1.5,11.4,4.97,0.5,12.81,0.6,-2,,4,2.3,11,,,3.34,6.5,1,5,11.42,-2.49,,,3.46,27,25,15,-2,52,0.562598423,0.5986603345
NC St.,East Carolina,23.5,26.92,25.08,26.48,26,27.73,22.43,22.24,25.46,,28,24,24.64,26,27.15,25.3,30.36,16.1,24.89,18.76,15,28.25,27.75,33.94,25.59,18.03,23.21,16.68,23,,21,25.79,28.2,27.27,,28.72,31,25,25,30.72,34.64,30.5,26.19,27,28,29.9,23.5,22.9,19.9,18.7,31.27,2.16,25,,19,30.9,30,,,18.15,21,23,17,28.12,,,,4.70,3,58,15,55,61,0.5334568279,0.9336410827
Ohio St.,Northwestern,14.5,14.5,11.56,8.58,14,13.32,11.69,19.98,11.54,,7.5,13,15.96,14,14.83,12.9,11.84,6.91,13.03,9.19,,15.9,12.81,12.69,23.16,12.53,11.9,9.78,11,,13,13.16,14.45,14.46,,14.24,14,12.5,14,9.12,8.59,16,14.9,13.8,12,15.4,14.5,14.7,17.33,17.5,12.83,1.67,11,,7,15.5,14,,14.01,12.8,8.6,14.5,13,15.18,14.91,,,3.14,24,45,15,21,69,0.4638080304,0.789659892
Oklahoma,Texas,7.5,7.91,9.06,5.67,9.25,2.24,7.66,8.81,5.74,,10.63,11,11.82,12,8.16,11.23,8.53,3.95,7.99,3.79,,6.4,10.27,8.44,14.29,8.79,8.35,4.06,9,,12,8.4,10.12,8.28,,8.44,8,7.5,1,4.81,10.27,7.6,10.68,9.3,8,7.4,7.5,-0.5,11.3,9.1,16.91,1.47,9,,5,7.2,2,,9.74,10,5.7,7.5,15.5,3.67,9.79,,,3.22,27,39,15,12,66,0.5120660068,0.6890833617
South Carolina,Akron,28,27.51,22.29,31.73,32,18.24,24.82,25.05,33.06,,24.5,21,27.51,22.5,26.75,19.68,24.46,16.48,26.29,29.39,13,31.75,31.72,38.91,21,14.9,27.59,26.67,21,,22,27.2,23.92,27.4,,27.7,26,28,33,29.54,28.06,30.4,29.07,26.8,26,28.2,28,30.7,35.94,32,17.49,4.27,27,,30,30.2,31,,,19.64,20.7,30,15.5,32.52,,,,5.45,3,28,15,25,31,0.4594244142,0.9413713879
Virginia Tech,Marshall,3.5,5.81,-3.02,0.35,-3.75,0.27,2.07,8.2,-1.19,,15,-2,-1.85,-2.5,6.84,-3.59,7.54,-0.59,3.24,-2.41,,5.45,5.85,1.06,15.85,1.3,-1.29,5.06,-5,,-5,3.3,9.89,6.46,,7.15,7,4.5,10,-3.82,9.15,10.7,-5.53,5,4,8.6,3.5,-2.2,-4.41,6.5,-13.42,-1.06,4,,0.01,12.6,7,,,2.54,2.6,3,11.5,4.39,1.11,,,5.46,20,41,15,21,61,0.4938218365,0.5765172175
Washington,Utah,4.5,2.63,-0.11,1.58,-1.25,-2.84,-0.74,4.55,6.01,,5.63,1,1.65,1,2.17,2.57,-0.38,0.5,1.67,1.97,,0.6,3.72,2.28,1.51,2.86,-0.91,0.93,-4,,8,1.59,3.74,4.8,,2.49,2,4,3,0.58,3.36,5.4,-0.84,1.2,2,4.5,4,1.6,-0.96,-1.5,-2.52,0.32,3,,1,5.4,3,,-0.94,-2.8,3.4,6,6.5,-2.39,-0.68,,,2.54,3,10,15,7,13,0.4301361883,0.5413656694
Army,Navy,7.5,12.68,19.11,14.11,14.5,20.17,14.92,19.68,24.53,18,13.75,17,15.42,17,11.13,24.61,14.39,12.14,13.9,10.87,,10.4,6.2,33.14,12.63,12.85,16.87,5.37,19,,29,13.77,14.84,13.77,,10.74,9,6.5,10,23.99,10.51,14.5,19.21,10.4,11,13.3,9,10.8,11.21,14.9,11.59,3.2,12,,10,14.6,11,,15.48,3.7,8.4,7,-0.5,16.25,14.94,,,5.29,10,17,16,7,27,0.6489593019,0.7969479121
Alabama,Oklahoma,14,12.44,11.66,22.72,13.5,21.23,11.31,10.31,11.8,10,21.25,26,19.51,29,12.53,11.41,14.22,9.27,14.29,24.24,11,11,11.72,3.14,11.01,7.8,13.97,8.45,8,,14,13,12.03,11.01,,8.6,13,13.5,13,1.81,4.47,20.8,16.66,13.3,11,18.7,14,16,18.45,15.7,17.21,12.72,19,,,19.2,13,,14.68,22.5,18.9,14,3.5,11.62,14.23,,,5.68,34,45,19,11,79,0.5068617427,0.8016636663
Appalachian St.,Middle Tenn.,7,9.94,9.22,7.81,5.5,11.04,7.48,8.34,6.82,6,13.75,11,12.42,10.5,10.34,11.28,12.37,6.2,7.53,3.79,10,5.7,6.9,16.94,13.47,6.48,6.69,1.59,10,,10,7.66,10.13,8.12,,5.38,10,7,6,11.47,1.97,-0.2,5.34,10.4,8,-0.7,7,5.5,6.06,8.6,6.23,0.03,6,,6,-0.6,7,,9.38,4.1,4.3,6.5,7.5,10.3,9.08,,,3.40,13,45,19,32,58,0.5130212374,0.6786074192
Army,Houston,4.5,1.34,7.69,4.55,6,8.21,4.41,7.63,10.56,5,8.13,11,3.47,12,0.18,13.45,5.44,4.33,3.65,4.12,1,-0.5,-3.31,18.86,3.31,3.96,5.88,0.92,8,,12,3.31,3.93,2.85,,-3.59,-1,3,2,10.8,0.86,1.2,7.48,-0.7,1,1.5,4.5,-0.6,3.85,1.9,4.05,1.61,2,,3,1.3,-3,,2.77,-0.3,3,3.5,-10,6.03,1.91,,,4.36,14,70,19,56,84,0.4794102809,0.5877345399
Baylor,Vanderbilt,-4,-3.54,-6.72,-10.39,-6.25,-2.23,-8.28,-4.1,-5.08,-5,3.75,-8,-8.29,-8,-3.36,-2.27,-6.46,-4.75,-4.94,-9.95,-4,-3.1,-5.54,-16.08,0.19,-1.36,-9.23,-6.49,-7,,-8,-4.75,-4.59,-1.22,,-1.96,-2,-4.5,-2,-8.6,-2.78,-1.1,-11.88,-4.9,-3,-2.1,-4,-1.1,-6.7,-4.7,-1.9,-1.26,-2,,-10,-0.4,-3,,-8.72,-4.4,-5.9,-3.5,-1,-5.11,-9.01,,,3.27,38,45,19,7,83,0.476876425,0.3802666067
California,TCU,1,-3.37,-0.5,0.01,-3.5,0.11,-1.31,-7.85,-6.02,1,-11.25,0.25,-1.3,0.5,-2.96,3.56,-6.52,0.17,-2.29,-1.91,1,-3.7,-1.02,-1.42,-9.32,0.01,-3.15,-2.61,-2,,-1,-2.33,-3.06,-4.58,,-1.17,-3,0,-3,-1.17,-2.86,0.8,-3.96,-3.9,-4,-1.2,0,-4.4,-3.58,-6.3,-11.54,-0.15,-3,,-1,-0.4,6,,-2.33,-2.5,-0.6,0,-2,-4.12,-2.63,,,2.86,10,7,19,-3,17,0.4191902139,0.4435518767
Central Florida,LSU,-7,-1.32,4.15,-3.63,-2.75,1.61,-0.17,-2.19,0.67,4,-2.5,6,1.26,7,-1.53,9.25,0.14,1.9,-0.04,-5.14,5,1.8,-3.8,-0.39,-1.1,4.9,-1.41,-0.46,4,,5,-0.46,-0.68,-1.81,,-2.25,1,-8,0.01,0.79,-7.61,-3,-4.51,0.01,1,-1.5,-5.5,2.9,-2.23,-8.1,8.36,9.22,-3,,-2,-2.9,3,,-0.69,2.5,-2.5,-7.5,2.5,5.4,-1.4,,,3.56,40,32,19,-8,72,0.6656150026,0.499019069
Cincinnati,Virginia Tech,5.5,5.51,11.77,5.2,10.25,16.14,8.16,3.86,6.99,14,0.63,13,16.01,13,5.28,13.3,1.3,8.33,6.75,7.2,12,10.7,2.89,15.75,-4.31,5.32,12.48,-3.84,13,,20,5.51,5.97,3.17,,2.3,4,5.5,0.01,13.74,-8.65,-1,15.41,7.2,4,0.2,5.5,3.9,14.9,14.3,17.88,1.72,5,,8,-1.9,5,,12.91,2.9,3.5,5,-4,0.95,12.65,,,6.31,31,35,19,4,66,0.5291691714,0.6536450878
Clemson,Notre Dame,12.5,11.73,5.06,11.28,10.5,13.87,7.53,13.37,4.23,7,8.13,8,16.18,10.5,12.41,3.16,16.04,3.83,10.12,8.27,8,14.2,10.57,1.14,11.72,1.46,10.47,8.17,7,,4,10.6,10.63,8.88,,7.8,14,11,10,0.87,7.93,14.3,15.54,12.6,9,12.9,12.5,11.7,14.2,13,18.78,0.57,11,,,12.6,16,,11.98,11.8,7.7,11.5,11.5,8.48,11.93,,,3.82,3,30,19,27,33,0.4420531993,0.7323086288
Fresno St.,Arizona St.,6.5,5.4,9.23,7.95,6,12.19,7.47,9.12,3.41,8,1.25,11,12.96,12,5.66,11.02,5.84,6.26,5.85,4.97,10,2.2,4.38,13,4.39,5.13,7.82,2.98,10,,11,5.85,5.86,4.7,,2.95,3,3.5,0.01,9.42,-2.7,3.4,8.26,6.5,7,3.7,6.5,1.6,5.87,3.4,11.53,0.64,7,,6,2.8,2,,8.77,2.3,3.2,6,2.5,2.58,8.75,,,3.37,20,31,19,11,51,0.484024662,0.6407613076
Georgia,Texas,11.5,10.88,14.12,24.06,12.25,16.45,12.87,10.85,9.92,9,10.63,16,20.62,20,11,14.53,12.64,9.33,13.93,19.36,11,9.6,10.94,11.67,10.89,12.48,14.93,9.15,14,,20,14,12.64,9.06,,10.57,9,10.5,8,6.88,8.66,17.1,17.73,14.3,13,14.3,11.5,12.5,20.27,21.3,21.69,3.3,15,,19,14.9,14,,15.82,16.5,15.7,11.5,11,14.01,15.61,,,4.11,28,21,19,-7,49,0.5589003366,0.8021854919
Georgia Southern,Eastern Mich.,3.5,0.12,5.85,-0.51,3.75,1.13,0.41,2.45,0.99,5,0.01,5,4.01,6,0.01,10.44,-3.84,2.91,0.82,1.92,5,-1.7,-0.6,12.61,-3.44,3.11,2.17,-1.46,7,,1,0.37,-0.2,1.29,,1.51,-1,0,-1,7.69,-2.16,-4.3,-0.59,2.4,2,-4.2,3,3.1,-2.17,-9.3,9.3,0.48,2,,5,-4.7,-1,,0.34,0.2,0.2,3.5,-5.5,1.88,-0.23,,,3.53,21,23,19,2,44,0.4345507223,0.5201076904
Georgia Tech,Minnesota,5,2.86,2.37,3.33,2.75,5.99,-0.19,1.52,0.84,5,-0.63,3,5.19,3.5,3.12,4.61,5.7,0.4,3.19,2.18,5,1.6,5.41,5.92,6.06,0.95,3.07,-0.83,3,,-2,3,2.74,3,,3.71,8,4,0.01,4.4,2.72,11.4,2.17,4.1,3,11.6,4.5,-0.6,4.11,3.4,20.19,0.48,1,,1,11.4,6,,1.27,3.3,0.9,6,4.5,2.41,0.62,,,2.88,34,10,19,-24,44,0.4553396541,0.5783650216
Hawaii,Louisiana Tech,1,-2.03,1.44,3.3,3.75,-4.37,0.3,5.2,4.82,6,-1.88,4,0.42,5,-2.99,5.62,-5.78,3.24,0.12,2.04,-2,-0.3,-2.38,2.94,-4.21,3.23,4.11,8.69,2,,-2,0.07,1.31,-1.72,,-0.66,-5,2,2,2.08,-7.67,-4,0.82,-4.8,-5,-3.6,1,,-2.44,-0.3,-11.84,0.35,-3,,4,-3.3,-1,,-0.16,-0.85,-2.1,0,-6.5,5.39,1.16,,,3.88,31,14,19,-17,45,0.4785264488,0.5029296006
Louisiana-Lafayette,Tulane,-3.5,-5.48,1.94,-2.5,-0.25,-3.17,-2.46,-0.91,-3.64,3,0.01,2,3.46,2.5,-5.73,4.85,-4.5,-1.22,-2.16,0.25,1,-2.1,-5.42,0.03,-8.28,-1.06,-0.48,0.67,1,,-6,-2.5,-3.49,-6.85,,-5.71,-4,-3.5,-3,0.15,-3.35,-7.3,-2.37,-4,-4,-7.5,-3.5,4.7,-2.02,-7.4,-4.19,-0.25,-3,,1,-9.3,-1,,-2.77,-3.3,-2.7,-3.5,0.5,2.62,,,,3.35,41,24,19,-17,65,0.53291325,0.4470419771
Memphis,Wake Forest,3.5,2.44,-0.01,-0.55,3.25,9.31,3.96,2.07,-4.31,7,-3.13,1,7.6,2,3.25,-0.2,-2.74,2.63,1.98,1.82,4,-0.1,6.24,-7.64,3.87,-1.1,2.34,2.08,-1,,4,2.08,-0.19,1.25,,2.61,4,4,-2,0.7,-6.9,0.3,3.15,4.3,1,0.7,3.5,-0.4,7.05,2.6,1.6,-1.04,-1,,5,-2.3,-1,,3.77,2.5,4.4,3.5,10,5.19,3.07,,,3.25,37,34,19,-3,71,0.4626325378,0.5486263961
Michigan,Florida,6.5,8.67,4.84,2.27,3.5,7.87,6.4,0.98,7.33,3,13.75,6,8.49,7.5,8.88,6.68,5.02,3.58,5.96,0.32,3,3.6,7.45,1.94,9.75,4.83,3.22,1.93,6,,7,6.4,7.86,8.19,,5.14,8,6,2,2.6,15.45,9.6,4.87,8.8,9,9.9,6.5,2.5,5.51,1.4,2.04,-0.1,8,,-4,9.7,4,,7.21,6.7,3.5,7.5,8.5,6.76,7.36,,,3.39,41,15,19,-26,56,0.486730859,0.6432533093
Mississippi St.,Iowa,7,1.94,5.34,5.06,4.5,10.79,2.23,9.73,5.16,7,10,4,10.32,3,1.34,6.5,-1.13,0.81,5.27,8.7,4,3.7,4.65,6.25,-0.63,4.9,6.31,5.54,4,,7,5.11,2.27,1.32,,3.6,7,6,6,3.63,4.34,9.3,5.65,5.4,3,7.8,7,9.4,8.15,5.4,4.57,2,4,,12,7.5,9,,3.66,1.4,5.3,7,-3,11.53,4.73,,,3.17,27,22,19,-5,49,0.4574466523,0.6276165896
Nevada,Arkansas St.,-1.5,-0.78,-2.91,-2,0.75,-0.23,0.79,-3.79,-4.34,-2,-4.38,-1,2.62,-3,-0.32,-2.01,-2.43,-2.46,-1.29,-3.63,-2,-3.7,-0.79,-5.44,0.66,-1.15,-0.64,0.47,-3,,5,-1.27,0.25,-1.94,,0.68,-5,0,-3,-4.81,-1.27,1.6,1.54,-1.5,-1,2.2,-1.5,-10.7,1.78,5.2,4.53,0.04,1,,-2,3.6,-4,,1.19,-2.1,-1.3,-1.5,-8,-6.31,3.03,,,2.93,13,16,19,3,29,0.5051896798,0.4681535376
Ohio St.,Washington,6.5,5.04,7.95,2.31,4,4.19,6.12,5.23,5.05,6,6.88,4,10.77,6,5.05,10.19,4.78,2.57,5.6,3.65,6,7.8,1.3,3.81,10.02,8.7,4.63,5.89,6,,1,5.46,6.25,4.68,,2.06,5,5,9,2.22,6.73,6.6,7.13,6.2,5,7.1,6.5,7.2,5.59,8.1,18,1.14,4,,1,6.9,7,,5.46,4.8,3.7,6.5,3.5,11.79,7.18,,,2.41,23,28,19,5,51,0.4776501404,0.6363685527
Oklahoma St.,Missouri,-9.5,-7.12,-11.96,-14.14,-9.75,-11.05,-10.24,-11.67,-17.49,-9,5.63,-15,-11.46,-15.5,-5.5,-8.56,-3.86,-8.6,-9.45,-14.93,-6,-10.8,-8.75,-20.39,-1.51,-4.99,-12.22,-7.39,-12,,-14,-10.9,-6.56,-6.32,,-5.38,-6,-9.5,-14,-12.37,-6.61,-13.1,-13.21,-7.8,-6,-12.1,-9.5,-12.2,-10.9,-11.1,-9.88,-2.47,-10,,-16,-12,-11,,-11.78,-3.3,-7.6,-8.5,10.5,-11.19,-11.93,,,4.94,33,38,19,5,71,0.5011998368,0.2848725936
Oregon,Michigan St.,-1,-0.67,-0.63,-0.68,1.5,1.38,0.9,4.55,-1.58,4,-4.38,1,1.52,0.5,-0.52,1.95,-3.57,0.39,0.14,0.49,3,0.8,-1.01,-1.44,-0.99,1.46,-0.13,2.15,-1,,-10,0.4,-0.78,-3.07,,1.69,3,1.5,3,0.01,-8.44,0.4,-1.02,-1.2,-1,1,-1,2.2,0.55,-0.1,-8.37,-0.09,1,,1,-0.8,6,,0.63,1.2,-2.9,3,3.5,4.33,0.31,,,2.72,6,7,19,1,13,0.5282133201,0.5034676432
Penn St.,Kentucky,6.5,7.41,0.19,0.78,0.75,3.3,3.02,3.95,7.08,1,3.75,-0.25,4.81,-1,7.47,1.54,7.99,0.11,4.09,-1.81,1,11,1.65,-1.56,13.94,1.74,-0.32,5.36,2,,2,3.95,5.63,6.79,,6.12,8,5.5,7,1.26,8.23,6.5,1.07,6.6,7,5.6,6.5,6.9,0.01,5.3,11.11,-1.65,7,,-7,6.7,4,,3.36,3.4,-1.6,6.5,14,10.48,4.42,,,3.95,27,24,19,-3,51,0.4414390637,0.5987136481
Purdue,Auburn,-3.5,-4.8,-4.34,-5.65,-5.5,-6.8,-0.49,-6.79,-6.66,-4,-5,-5,-2.49,-4.5,-4.48,-1.61,-4.84,-2.01,-4.3,-6.04,-3,-3.2,-5.57,-9.53,-1.4,-4.27,-4.39,-2.84,-4,,-2,-4.6,-2.82,-6.33,,-3.34,-6,-4,-6,-5.29,-2.68,-8.4,-4.07,-4.7,-4,-7.2,-3.5,-5,-2.23,0.9,2.41,-1.65,-2,,-8,-6.8,-6,,-0.39,-5.3,-4.6,-3.5,-7,-5.28,-1.26,,,2.00,63,14,19,-49,77,0.4800615961,0.3940631225
San Diego St.,Ohio,-2.5,-5.97,-5.53,-4.08,-8,-7.92,-5.79,-3.95,-9.21,-8,1.25,-5,-9.86,-4,-5.55,0.29,-2.69,-2.52,-6.34,-8.81,-6,-13.5,-3.45,-6.47,4.53,-2.23,-7.57,-5.53,-6,,-10,-5.97,-5.88,-2.88,,-5.19,-10,-3,-13,-6.05,-5.62,-9.4,-10.5,-6.9,-4,-9.8,-3.5,-16.3,-7.33,-4.2,-8.22,-0.27,-6,,-4,-8.7,-15,,-8.15,-3.2,-3.1,-3,0.5,-13.82,-7.49,,,3.97,27,0,19,-27,27,0.4072335293,0.3492132859
South Florida,Marshall,-3,-1.71,-4.02,-0.01,-4.25,-5.49,-3,-1.18,-2.75,1,7.5,-1,-5.09,-1,-1.56,0.19,-0.42,1.26,-1.69,-4.48,-3,-1.3,-0.01,-4.86,4.98,-1.85,-4.78,-7.11,-4,,-6,-1.56,0.19,0.01,,0.22,-3,-2,-3,-4.34,-6.52,-3,-7.96,-4.6,-4,-2.8,-3,-1.5,-3.69,-1.5,-11.99,-0.39,-1,,-3,-1.9,3,,-1.51,0.14,-2,-3,11.5,-1.19,-1.16,,,3.35,38,20,19,-18,58,0.5321754077,0.4585211811
Stanford,Pittsburgh,3.5,8.05,2.58,4.21,4.75,9.25,6.11,3.62,4.86,3,1.88,4,4.63,4,8.5,5.22,6.38,4.7,4.9,1.42,3,3.5,4.46,4.33,5.37,5.62,4.27,3.71,3,,6,4.75,5.81,7.21,,7.94,3,6.5,6,5.3,9.04,6.1,5.23,5.6,8,4.2,3.5,2.8,5.11,4,10.07,0.15,6,,5,5.3,1,,7.86,2,4.4,6.5,4.5,3.37,6.88,,,1.88,13,14,19,1,27,0.5348950655,0.6204004847
Temple,Duke,3,3.33,-0.11,-0.19,6.5,4.57,2.4,5.23,12.24,-3,-1.88,2,7.77,1,1.97,-0.38,1.42,1.51,2.42,6.19,6,12.6,0.01,-1.97,-6.72,0.83,5.13,3.8,-1,,6,1.97,-0.7,-0.42,,-1.59,2,3,6,1.84,-9.02,-5,6.8,1.6,0.01,-4.1,3,7.8,6.4,5.7,-8.29,0.15,1,,3,-6.4,7,,4.94,-1.7,-1.8,3.5,17.5,5.24,4.28,,,4.78,56,27,19,-29,83,0.4860457875,0.5580284747
Texas A&M,NC St.,7.5,2.32,5,4,3.75,-2.89,4.24,7.46,5.52,-1,3.13,4,10.1,7,1.83,6.1,0.88,2.34,3.6,6.9,1,-1.1,2.1,6.53,-1.13,2.89,5.25,6.99,5,,2,3.88,1.15,2.32,,1.58,-3,4.5,5,3.39,3.99,4,4.69,4.3,1,2.7,6.5,2.5,11.63,9.6,8.62,2.15,1,,11,2.9,-4,,5.14,4.6,9.2,6,-1,4.7,5.15,,,3.34,13,52,19,39,65,0.405003689,0.587813062
Toledo,Florida Intl.,4.5,7.66,1.27,3.94,4.5,1.93,5.13,6.23,7.14,1,2.5,1,7.71,0.01,7.74,1.71,5.24,1.69,4.53,3.54,1,9,3.57,4.94,5.94,-0.34,2.73,3.94,1,,1,4.6,5.92,7.14,,2.81,4,6.5,6,2.16,4.66,9.3,3.87,5,6,7.9,4.5,6.4,1.46,4.7,0.46,-0.03,8,,-2,9.8,6,,6.18,2.9,4.6,5.5,11,8.38,7.1,,,2.92,35,32,19,-3,67,0.500741513,0.6105157374
Troy St.,Buffalo,-1.5,-0.77,-0.91,-2.6,-3.25,-3.94,-3.87,0.26,2.52,-3,1.25,0.25,-0.76,0.01,-1.2,2.68,2.67,-1.77,-1.44,-0.38,1,-3.4,1.09,-2,0.47,2.17,-4.06,-2.79,1,,-6,-1.6,-1.66,-0.54,,-0.82,-1,-3,-2,-1.14,-1.79,-5.1,-7.41,-1.3,-2,-5.8,-1.5,-0.2,-4,-7.3,-12.16,-0.21,-3,,3,-5.6,2,,-3.19,-3,-1.6,-1.5,10,0.15,-3.11,,,2.97,32,42,19,10,74,0.5014821622,0.4644751044
UAB,Northern Ill.,2.5,-0.22,3.1,-0.96,2,5.59,2.74,2.22,1.36,2,-5,4,5.67,4,-0.45,5.48,-2.07,2.19,0.99,0.83,7,0.4,0.3,0.75,-1.36,4.66,2.14,1.43,2,,-1,1,1.54,-3.49,,1.69,0.01,1,1,3.34,-0.17,-0.2,1.6,0.2,1,0.7,2.5,-2.8,3.83,1.4,18.27,0.32,2,,-1,-0.6,-2,,1.25,-0.5,-1.8,2.5,1,-0.58,1.07,,,2.39,13,37,19,24,50,0.46253018,0.524586951
Utah,Northwestern,6.5,6.38,3.23,6.23,6.25,11.85,6.33,7.55,-0.28,6,-1.25,5,8.29,4,7.28,4.36,7.01,4.38,5.78,4.38,5,7.1,6.88,5.56,8.94,1.98,7.7,2.99,5,,5,6.1,5.44,4.51,,7.06,9,6.5,4,5.39,-0.91,6.7,8.33,6.5,6,6.1,6.5,6.5,11.54,10,-5.18,0.14,4,,7,6,9,,9.41,5.3,2.5,7.5,2.5,1.61,8.14,,,2.76,31,20,19,-11,51,0.4821781255,0.6401062441
Utah St.,North Texas,7,10.87,9.59,12.43,12,6.16,9.06,13.96,11.71,11,13.75,10,16.72,8.5,10.75,9.69,11.92,6.6,11.04,11.8,8,16.7,6.92,22.06,9.3,4.26,11.58,8.24,8,,9,11.17,11.33,9.54,,10.8,15,10,19,12.42,8.38,12.4,14.99,12.3,10,10.2,8,14.7,3.39,9.5,16.87,1.67,12,,13,11.6,18,,12.84,6.7,6.9,7.5,4.5,16.69,15.15,,,3.50,13,52,19,39,65,0.598130412,0.7514624185
Virginia,South Carolina,-5.5,-5.92,-7.34,-9.57,-5.75,1.64,-5.98,-2.86,-6.6,-3,-3.13,-5,-6.18,-7,-5.83,-4.26,-8.76,-4.35,-5.78,-6.96,-1,-5.7,-4.39,-13.47,-3.58,-4.11,-7.95,-6.44,-6,,-2,-5.92,-5.35,-6.27,,-4.32,-1,-6,-7,-7.99,-6.38,-6.6,-7.87,-6.4,-5,-4.8,-5.5,-4.6,-7.94,-10.5,-10.84,-1.81,-7,,-12,-5.9,-3,,-8.82,-3,-6.5,-4,-5.5,-4.79,-9.02,,,2.46,0,28,19,28,28,0.4930466188,0.3594932049
Washington St.,Iowa St.,3,7.13,5.99,9.12,1.75,9.06,6.41,-4.02,1.37,5,-11.88,7,8.33,8.5,7.81,8.49,1.96,5.73,4.83,3.32,8,8.7,5.79,9.06,-3.58,3.7,2.46,3.38,7,,4,5.26,6.08,5.26,,4.82,7,5,0.01,6.07,4.74,3.6,1.69,3.4,4,3.9,3,-1.2,9.07,11.9,5.47,0.52,6,,6,3.3,9,,8.86,3.9,2.2,3.5,7,5.09,8.84,,,3.94,26,28,19,2,54,0.5445411345,0.616114807
West Va.,Syracuse,-1,7.35,-0.01,-0.53,7.5,0.86,8.43,4.98,-2.64,4,10.63,0.25,9.42,-6,8.76,-1.09,7.63,1.68,4.64,-1.77,-1,9.7,5.63,-0.97,7.85,1.15,8.09,3.98,2,,8,5.14,5.14,5.32,,5.68,8,7.5,0.01,1.68,5.61,-1.2,11.22,7,6,-0.8,-0.5,4.8,12.88,11,21.08,-0.35,9,,6,-1,4,,10.32,-0.2,1.4,1.5,14,-1.02,10.87,,,4.59,34,18,19,-16,52,0.6335550174,0.6105575372
Western Mich.,BYU,-12,-8,-2.6,-9.3,-8.25,-4.78,-7.76,-9.69,-8.95,-5,-15,-4,-4.61,-2.5,-7.86,2.07,-7.37,-4.7,-8.11,-8.88,-4,-15.5,-11.04,-11.83,-11.57,-1.92,-9.51,-12.88,-5,,-4,-8,-6.14,-5.16,,-7.28,-11,-12.5,-13,-6.99,-8.75,-11.2,-11.79,-8,-8,-10,-11,-15.1,-8.06,-3.6,-17.83,-0.66,-8,,-9,-11.1,-21,,-10.05,-3.3,-5.9,-12.5,1,-16.25,-9.31,,,4.36,49,18,19,-31,67,0.5934004988,0.3111305243
Wisconsin,Miami (Fla.),-3,-3.09,-2.64,-1.86,-3.5,-9.56,-1.8,-18.19,-9.61,-4,0.63,-4,-3.72,-3.5,-1.86,1.54,1.06,0.32,-3.81,-6.91,-4,-10.6,-3.31,-5.19,0.1,-1.46,-2.59,-3.96,-3,,-5,-2.88,-1.84,0.49,,-2.18,-10,-4,-10,-2.88,-3.35,-7,-2.65,-3.9,-1,-7.5,-3,-19,-1.92,0.3,-5.73,-0.29,-1,,-1,-6.5,-12,,-2.02,1.5,0.01,-4,1,-4.08,-3.07,,,4.33,3,35,19,32,38,0.480369592,0.4084458853
Alabama,Clemson,5.5,1.87,2.22,1.86,5.25,-0.1,3.67,2.45,2.63,1,15,-1,6.92,-4,1.81,3.54,0.97,2.61,3.28,9.62,,-2.9,1.93,0.53,8.07,2.23,4.46,1.18,,,12,2,1.38,2.88,,0.48,-2,7,2,0.16,-4.83,1.4,5.18,2,2,1.3,5,-0.01,,5.3,2.46,-7.84,2,,14,1,-5,,4.27,13.6,5.7,6,4,18.47,4.17,,,4.71,44,16,20,-28,60,0.4466745773,0.5785094658
