Home,Road,line,linesag,linepayne,linenatsportrank,linepfz,linelaz,linemore,linesagelo,linemarsee,linenutshell,lineargh,linecpa,linehow,linesagpred,linecparetro,linekam,linebass,lineavg,lineelo,lineborn,linesuper,linedunk,linebill,linecovers,linebihl,linebill2,linemassbcs,lineimes,lineclaa,linemedian,linewolf,lineharm,lineanderson,linecoll,linemaas,linefox,lineopen,linepig,linenutshellretro,linecons,linecong,linesportrends,lineaustin,linel2,linebenson,lineash,lineca,lineburdorf,linesprs,linekeep,linekerns,linel2hf,linebythen,linelog,linegirl,lineatom,linebmc2,linedwig,lineheresy,linecather,lineschmidt,linetempo,linerba,linelaffaye,linestd,linealder,vscore,hscore,week,linetrexler,linedokter
Akron,Syracuse,-7.5,-3.66,-10.1,-12,1.63,-6.92,-9.5,-3.66,-5,-17.51,-3,-11.94,-1,-3.66,-11.94,-10.55,,-7.74,-10.84,-12.15,-12,-11.53,-3.67,-1.81,,-10.33,,,-7.92,-8,,,,-8.43,,-9,-7,-8,-9.46,-6.97,-6.47,-2,,,-8.67,-2,-7.5,-14.1,-7,-15.21,-9.6,,-2,,-3.13,-5.6,,-13.25,-7.2,-5,-8.76,-2,-10,-8,4.67,,29,3,1,-1,-2.53
Alabama,San Jose St.,37,35.85,54.14,42.4,52.64,42.49,49.84,35.85,54,64.71,32,48.76,29.5,35.85,48.76,45.08,,43.71,45.21,55.35,60.05,47.9,38.41,34.73,,39.67,,,48.63,44.22,,,,46.27,,52,38,52,45.9,42.01,42.75,39,,,36.69,37,37.5,49,41.2,50.72,50,,39,,31.05,36.73,,46.15,54.25,48,43.43,27,45,31.6,7.29,,3,48,1,45,36.45
Auburn,Arkansas St.,31.5,24.28,25.46,29.7,16.25,23.92,31.82,24.28,23,30.75,22,31.26,18.5,24.28,31.26,33.73,,25,26.84,26.55,40.25,32.44,27,12.84,,27.33,,,25.81,25.23,,,,24.76,,27,30,30,23.33,29.18,21.73,20.5,,,13.49,20,30.5,32.2,26.7,33.99,28,,28,,16.87,24.06,,21.8,29.41,23,24.24,15,25,15,5.58,,26,52,1,13,28.58
BYU,Washington,1.5,14.44,15.67,4.4,29.04,11.18,8.68,14.44,19,7.33,10,4.46,20.5,14.44,4.46,11.49,,10,3.67,10.65,22.6,1.06,20.67,13.72,,17,,,17.92,9.49,,,,19.82,,11,3,4,9.81,13.29,13.37,16.5,,,7.43,1,2.5,3.4,9.4,3.74,8,,3,,9.26,3.26,,0.3,2.22,6,9.58,12,11,3.3,6.62,,17,23,1,22,5.73
Clemson,North Texas,27,33.7,33.1,29.6,29.74,29.98,36.08,33.7,33,36.38,30,32.86,31,33.7,32.86,43.14,,30.06,30.16,36.75,49.35,20.33,26,18.71,,36,,,33.46,30.85,,,,33.9,,35,22,30,30.01,33.28,22.63,24,,,15.54,18,27.5,30.7,29.6,23.68,36.6,,29,,24.02,31.34,,27.65,27.27,34,28.31,24,38,31.9,5.87,,10,35,1,22,32.7
Colorado St.,Colorado,-11.5,-4.22,-5.34,-18.7,-0.46,-5.88,-15.95,-4.22,-6,-24.43,-8,-12.7,-3,-4.22,-12.7,-4.81,,-9.17,-9.37,-17.1,-9.2,-11.2,-6,-2.51,,-8,,,-3.85,-8.23,,,,-2.08,,-13,-10.5,-12,-11.21,-9.01,-9.78,-4.5,,,-8.35,-13,-11,-20.2,-10,-20.34,-6.3,,-14,,-1.39,-14.43,,-13.85,-14.73,-18,-2.75,-4,-3,-8.1,6.11,,24,3,1,-2,-10.92
East Carolina,Tulsa,-7,5.12,16.73,10.3,7.36,11.65,10.64,5.12,19,23.9,-2,1.76,8.5,5.12,1.76,10.63,,7.19,15.25,18.55,21.95,-10.64,8.33,7.49,,12.33,,,16.71,7.43,,,,18.53,,8,-6,1,12.64,10.63,3.86,9.5,,,-0.64,-9,-5.5,17.1,4.9,1.55,9.2,,-2,,5.33,3.72,,3.15,1.55,3,11.63,6,13,7.2,8.25,,49,51,1,15,-0.72
Eastern Mich.,Army,-9,-2.74,-13.98,-10.3,-8.64,-6.74,-10.49,-2.74,-11,-13.27,-10,-16.84,-4,-2.74,-16.84,-13.48,,-8.23,-8.09,-8.05,-4.35,-11.11,-4,-6.98,,0.67,,,-12.74,-7.63,,,,-14.11,,-6,-7.5,-12,-6.3,-2.21,-6.15,-8.5,,,-15.29,-1,-9,-11.9,-5.9,-15.85,-14.3,,-4,,-1.55,-4.52,,-10.9,-6.13,-15,-7.21,4,-3,-3.5,4.76,,31,27,1,-16,-4.29
Florida,Miami (Ohio),37.5,42.29,49.37,35.7,61.69,41.36,46.07,42.29,50,42.87,35,45.46,38,42.29,45.46,52.7,,40.94,39.45,49.25,58.85,33.48,41.67,31.95,,41.33,,,47.98,40.68,,,,48.27,,49,35,44,40.72,40.5,35.41,34.5,,,33.63,27,38,40,40.1,30.54,50,,39,,35.14,36.43,,34.9,28.21,40,38.42,30,55,33,6.61,,12,34,1,39,37.17
Fresno St.,Cincinnati,2,-7.54,-15.87,-2.4,-12.95,-8.07,-12.05,-7.54,-8,-14.87,-4,-6.34,-11,-7.54,-6.34,-16.72,,-8.85,-11.04,-11.95,-18.7,4.42,-18.67,-8.23,,-17.67,,,-12.25,-8.42,,,,-14.02,,-10,0,-8,-11.64,-10.49,-3.2,-10,,,-8.09,-5,0.5,-3.9,-9.7,-5.17,-16.8,,-1,,-8.6,-1.21,,-8.95,-7,-4,-9.64,-4,-14,-18.7,4.92,,14,28,1,-9,0.7
Georgia,Louisiana-Lafaye,28,28.66,,28.3,18.84,25.08,32.56,28.66,23,36.28,24,34.36,24.5,28.66,34.36,26.66,,26.33,25.28,32.25,44.55,30.25,21.33,10.71,,29,,,20.5,26.55,,,,18.17,,33,24.5,33,25.96,29.89,17.66,18,,,13.36,18,28,34.5,26.8,23.48,31,,29,,17.11,26.17,,26.55,29.84,21,23.31,19,52,25.4,6.68,,7,55,1,10,30.77
Hawaii,USC,-21.5,-20.42,-14.69,-14,-24.58,-16.42,-20.37,-20.42,-13,-21.8,-17,-20.34,-16,-20.42,-20.34,-26.88,,-17.45,-11.42,-21.35,-30.95,-17.8,-17.67,-8.49,,-19.33,,,-15.61,-18.2,,,,-13.45,,-25,-19,-22,-18.8,-19.8,-12.52,-11,,,-18.92,-14,-21,-14.9,-18.6,-5.24,-18.6,,-22,,-13.68,-17.39,,-20,-14.93,-20,-11.36,-11,-32,-20.1,4.93,,49,36,1,-4,-22.98
Iowa St.,Northern Ill.,5,6.34,7.57,0.7,-2.85,5.2,10.74,6.34,6,14.99,4,4.76,3,6.34,4.76,4.39,,4.83,7.57,9.75,12.75,1.4,10.33,-1.62,,12.33,,,7.2,5.6,,,,9.6,,7,3,1,10.79,6,3.85,-1,,,-6.8,-2,5,6.6,7.2,-0.28,1.6,,4,,8.04,4.35,,2.35,7.33,6,6.77,1,11,1.1,4.35,,10,27,1,1,3.27
Kansas St.,UCLA,1.5,0.19,-2.65,3,2.68,-1.61,-2,0.19,1,5.03,-4,-2.94,-0.5,0.19,-2.94,6.36,,-0.97,-0.13,-0.01,-5.5,4.64,0.33,0.55,,-1.33,,,-2.64,-1.17,,,,-2.27,,-2,-1,-4,1.16,-2.05,-5.74,6,,,-6.17,-6,1,0.8,-1.5,9.45,-3.1,,-1,,-0.85,-0.86,,-4.65,-7.52,-1,-0.7,2,-4,-2.1,3.34,,22,31,1,-1,0.62
LSU,North Carolina,8,10.68,5.73,0.3,4.35,4.09,-0.52,10.68,4,6.74,-4,1.9,9.5,10.68,1.9,6.24,,2.42,4.12,5.7,9.1,-0.11,7.33,7.37,,6,,,5.88,3.4,,,,6.16,,6,0,1,4.11,2.91,-4.89,0.5,,,4.47,-5,7,-6.1,2,-11.17,3.3,,5,,1.26,-1.12,,-0.7,-3.96,-12,4.82,3,11,3.5,5.25,,24,30,1,-4,1.26
Louisville,Kentucky,-3,-1.54,-7.48,-8.4,-7.61,-9.26,-7.57,-1.54,-7,-10.99,-3,-6.14,-3.5,-1.54,-6.14,-16.05,,-6.9,-10.23,-10.05,-17.5,-8.9,-6.67,-5.87,,-12,,,-8.16,-7.5,,,,-5.07,,-8,-5.5,-6,-7.41,-7.5,-1.91,-6,,,-11.8,-5,-4,-10.8,-6.7,-6.5,-8,,-1,,-4.54,-7.69,,-8.8,-8.15,-1,-7.87,-2,-11,-11.5,3.30,,23,16,1,-4,-0.14
Michigan,Connecticut,3,-0.24,-10.22,-6.7,-11.01,-4.03,-11.53,-0.24,-10,-13.35,-4,-3.04,-4,-0.24,-3.04,-7.49,,-5.47,-10.88,-9.35,-14.4,-3.41,-9,-2.72,,-5.67,,,-7.84,-5.83,,,,-10.11,,-6,3,-5,-4.89,-9.31,-6.65,-6,,,-6.53,-2,1.5,-15,-4.1,0.72,-5.4,,1,,1.06,-1.75,,-7.45,1.31,-11,-8.67,2,-1,-10.4,4.36,,10,30,1,-9,2.96
Michigan St.,Western Mich.,24,16.65,16.92,17.3,11.22,18.38,18.66,16.65,15,24.14,19,19.76,13.5,16.65,19.76,21.68,,17.48,14.67,22.35,29.75,24.69,16.33,8.71,,22.67,,,17.27,17.4,,,,16.85,,21,20.5,19,16.9,20.34,11.32,13.5,,,7.24,15,23,16.6,18.2,26.25,18.8,,22,,10.3,20.29,,14.6,20.15,23,15.37,12,32,17.5,4.57,,14,38,1,6,19.56
Middle Tenn.,Minnesota,-2.5,-1.36,5.56,5,7.65,0.9,5.7,-1.36,15,3.62,2,3.06,3.5,-1.36,3.06,1.59,,4.27,3.61,5.55,0.4,-3.91,13.67,6.96,,0.17,,,6.01,3.62,,,,7.85,,7,4,9,2.17,7.17,8.97,7,,,2.78,5,-1.5,16,5.3,6.82,4.4,,-2,,1.63,1.2,,1.25,-1.62,5,1.94,2,-3,0.9,5.01,,24,17,1,21,-2.95
Mississippi St.,Memphis,21,14.33,24.21,25,12.09,20.91,26.86,14.33,24,38.44,20,31.86,14,14.33,31.86,21.6,,21.32,24.2,27.25,33.35,19.59,19.33,12.83,,26.33,,,23.34,21.56,,,,22.84,,23,20,24,24.41,23.95,19.25,18,,,11.61,19,21,23.2,21.6,30.47,24.3,,17,,14.23,19.73,,20.45,31.04,18,20.51,12,22,20.9,5.76,,7,49,1,13,15.63
Missouri,Illinois,12.5,10.27,12.53,6.4,11.67,8.64,5.98,10.27,10,0.47,17,11.9,13.5,10.27,11.9,14.78,,9.89,8.81,4.5,15.05,12.86,12,7.46,,6.67,,,15.02,10.29,,,,15.83,,8,13,12,5.18,13.81,11.93,7.5,,,2.65,12,12.5,4.9,10.3,10.31,11.4,,16,,7.77,14.96,,9.1,12.1,8,6.23,5,7,6.5,3.65,,13,23,1,14,12.59
Navy,Maryland,6,3.8,17.24,3.3,18.26,10.02,6.74,3.8,16,7.22,9,6.5,9.5,3.8,6.5,16.12,,9.57,2.31,6.8,17.75,8.8,12.67,11.82,,6.33,,,19.69,8.74,,,,22.4,,7,6,11,6.15,14.26,12.7,18.5,,,17.42,5,6,9.8,8.5,8.68,11.5,,5,,4.32,12.21,,2.75,5.65,11,8.48,7,4,12,5.56,,17,14,1,23,5.45
Nebraska,Western Kentucky,38.5,33.62,42.48,40.3,41.69,39.09,46.79,33.62,52,46.56,34,49.26,30.5,33.62,49.26,39.91,,39.46,35.49,50.05,54.9,34.06,36.33,26.79,,40.67,,,43.47,39.73,,,,43.78,,51,35,47,37.02,40.67,37.37,,,,28.71,33,38.5,46.2,39.1,41.07,41.3,,35,,28.16,37.44,,39.55,40.44,52,36.24,26,49,28.3,6.57,,10,49,1,37,36.13
Notre Dame,Purdue,11,7.25,7.75,8.3,9.71,8.25,12.42,7.25,10,10.17,12,9.36,7,7.25,9.36,11.92,,8.93,7.6,9.95,13.15,12.91,10.33,8.87,,7.67,,,8.24,8.94,,,,8.89,,5,10,9,8.31,10.23,10.92,6,,,4.66,9,11,10.5,9.6,6.39,11.7,,8,,7.27,10.31,,7.6,12.26,9,7.12,6,13,5.9,2.32,,12,23,1,2,11.79
Ohio St.,Marshall,28.5,27.53,22.82,27,30.44,22.02,31.28,27.53,25,34.53,23,35.56,23,27.53,35.56,31.18,,26.84,19.98,32.85,41.9,26.94,21.33,19.53,,29.67,,,23.58,26.99,,,,21.82,,33,28,35,27.11,29.11,24.52,23,,,18.91,31,28.5,29.2,27.2,39.6,24.5,,28,,19.74,23.55,,20.2,35.67,31,19.07,18,35,17,5.37,,7,45,1,23,26.98
Oklahoma,Utah St.,32.5,32.65,24.11,26.3,36.23,25.23,34.99,32.65,26,35.9,30,30.86,30,32.65,30.86,43.82,,29.18,22.59,37.35,45.3,29.89,29,16.94,,30,,,22.2,30,,,,21.32,,37,28.5,33,29.97,31.89,25.11,29,,,20.03,31,32,26.1,30.5,36.83,30.1,,37,,23.82,31.53,,25.7,29.32,38,20.55,19,41,20.4,5.77,,24,31,1,20,34.89
Oklahoma St.,Washington St.,17,19.96,28.3,28.7,48.04,27.05,25.34,19.96,33,39.78,21,19.96,25.5,19.96,19.96,33.15,,25.46,27.47,33.35,45.55,11.8,31.33,26.58,,26.67,,,32.04,25.64,,,,29.9,,31,14,19,27.66,27.58,25.78,31,,,21.04,22,18,20.1,22,29.74,32.1,,20,,16.68,19.81,,26.2,12.35,33,22.75,21,39,17.1,7.05,,17,65,1,30,16.45
Oregon,New Mexico,35,25.36,38.79,39.3,38.67,33.76,35.65,25.36,39,38.98,35,36.06,28,25.36,36.06,38.39,,35.31,35.7,39.65,50.15,31.23,38,28.34,,33.67,,,39.74,36.03,,,,39.62,,39,34,36,31.17,38.48,35.86,34.5,,,28.71,28,35,42.4,33.8,38.27,45.8,,34,,22.5,36.98,,34.9,44.93,47,29.88,21,42,40.5,5.59,,0,72,1,34,33.72
Rice,Texas,-31,-29.14,-40.53,-39,-43.74,-38.44,-35.15,-29.14,-43,-57.82,-27,-32.24,-34.5,-29.14,-32.24,-47.65,,-35.56,-34.03,-45.35,-51.2,-27.23,-27.33,-31.69,,-28.67,,,-40.93,-34.2,,,,-37.92,,-42,-28,-32,-38.51,-32.62,-33.84,-40,,,-42.85,-26,-31,-30,-29.8,-41.21,-50.6,,-32,,-22.4,-34.4,,-40.2,-31.8,-43,-29.01,-22,-46,-45,7.36,,34,17,1,-33,-34.36
South Carolina,Southern Miss.,13.5,10.73,11.58,9.3,3.89,10.25,14.33,10.73,9,10.54,14,10.86,9,10.73,10.86,13.75,,11.06,10.92,12.95,17.5,16.83,12.67,2.99,,17.33,,,11.49,11,,,,12.34,,11,14,11,10.83,14.21,12.62,3,,,-1.61,13,13.5,10.8,13.3,20.64,8.3,,15,,12.02,12.33,,9.75,17.58,16,10.22,5,11,6.7,4.09,,13,41,1,2,12.04
TCU,Oregon St.,13.5,8.21,16.65,13.7,21.04,13.47,14.15,8.21,15,15.48,17,15.86,11.5,8.21,15.86,19.3,,12.59,10.72,14.05,14.05,14.71,4.33,15.82,,3.67,,,16.68,13.24,,,,17.22,,14,11,10,10.58,10.52,10.03,17,,,14.38,15,13.5,14.8,8.5,23.85,11.2,,10,,6.24,9.59,,7.3,11.51,22,12.59,9,4,8.2,4.40,,21,30,1,13,8.29
Texas Tech,SMU,13.5,24.17,13.57,24.7,27.7,19.03,22.25,24.17,18,20.98,21,10.36,24.5,24.17,10.36,24.15,,18.93,20.47,22.05,31.1,11.5,12,14.88,,21,,,12.78,19.39,,,,9.63,,26,13.5,13,20.12,19.75,9.96,15,,,9.61,25,14,12,17.1,32.53,26.3,,25,,16.95,20.18,,19.95,14.48,19,14.84,18,20,25.7,5.76,,27,35,1,10,25.18
Toledo,Arizona,-16.5,-15.49,-16.9,-19,-17.18,-16.71,-18.56,-15.49,-13,-23.97,-21,-20.84,-14,-15.49,-20.84,-17.84,,-17.65,-20.09,-20.05,-31.1,-23.18,-20,-9.38,,-25,,,-16.83,-17.39,,,,-16.08,,-19,-14,-19,-17.78,-19.97,-10.22,-13.5,,,-14.26,-17,-16.5,-18.7,-18.2,-13.73,-25.5,,-18,,-11.65,-17.43,,-23.85,-12.59,-21,-14.68,-8,-28,-25.8,3.89,,41,2,1,-9,-15.72
Troy St.,Bowling Green,14.5,7.81,8.8,9.7,6.67,5.28,14.77,7.81,12,13.07,13,9.46,9.5,7.81,9.46,9.32,,9.19,7.92,7.75,7.3,16.64,19.33,6.24,,6.33,,,9.15,8.76,,,,12.37,,8,14,9,7.3,11.05,7.42,10.5,,,3.54,11,13.5,12.3,10.8,15.61,5.5,,7,,2.79,8.68,,-0.8,9.98,11,6.51,6,4,6,4.18,,27,30,1,9,8.71
UAB,Florida Atlantic,14,3.93,6.06,15,5.63,6.38,12.89,3.93,8,5.62,9,3.56,1,3.93,3.56,12.91,,8.04,8.41,12.85,6.5,16.93,5.33,5.15,,7.33,,,5.52,7.17,,,,5.73,,11,13,4,4.79,7.84,11.96,6.5,,,3.28,7,13,15.7,7.6,16.69,9.8,,11,,3.52,7.84,,13.25,5.43,13,7.65,6,14,2.8,4.16,,32,31,1,4,9.28
UNLV,Wisconsin,-20,-13.3,-15.24,-21,-17.46,-12.36,-20.75,-13.3,-15,-25.13,-17,-22.74,-14.5,-13.3,-22.74,-12.03,,-16.91,-10.66,-24.15,-29.7,-19.29,-19.67,-11.64,,-17.33,,,-15.12,-17.17,,,,-12.82,,-20,-17,-28,-10.34,-20.7,-12.84,-13.5,,,-22.31,-18,-20,-24.3,-16.6,-33.08,-18,,-13,,2.03,-12.75,,-18.65,-19.48,-24,-8.23,-7,-20,-15,6.16,,41,21,1,-13,-13.92
Utah,Pittsburgh,3,5.63,0.27,4.7,4.18,-2.02,0.01,5.63,2,-1.86,5,-0.74,6,5.63,-0.74,0.24,,1.65,-1.63,-1.15,-0.8,3.09,5,-2.08,,4.33,,,-0.19,1.77,,,,1.6,,-1,3,0.01,1.4,1.94,3.83,1,,,-2.44,5,3,0.9,3,2.59,-5.4,,8,,4.22,4.13,,-5.95,3.72,4,1.31,4,1,-4.4,3.28,,24,27,1,3,10.67
Vanderbilt,Northwestern,-3.5,1,-10.5,-7.4,-7.93,1,-6.32,1,-5,-2.46,-2,-8.34,-3.5,1,-8.34,-9.57,,-5.12,-2.87,-5.05,-7.2,-7.95,-16.67,-4.83,,-2,,,-9.3,-4.72,,,,-11.92,,1,-3,-8,1.19,-8.04,-11.81,-1,,,-11.48,1,-3.5,-12.5,-4.6,-14.3,0.9,,3,,3.27,1.38,,-4.55,-6,-3,-2.48,-1,3,-3.7,5.42,,23,21,1,-20,0.71
Virginia Tech,Boise St.,-1.5,2.31,-4.66,-2.6,0.84,4.22,-4.54,2.31,-2,3.63,-8,-9.9,2,2.31,-9.9,2.62,,-2.22,-0.19,1.3,1.3,-0.86,-4.67,-5.77,,-2,,,-3.53,-2.08,,,,-1.88,,0.01,-2.5,-4,-0.3,-1.05,-15.66,-8,,,-9.91,-7,-1.5,-6.6,-3.2,-6.11,-1.2,,0,,-2.16,-2.36,,-4.85,5.16,-3,0.52,2,-3,7.8,4.31,,33,30,1,-8,-5.72
Air Force,BYU,2,-8.71,-7.55,-3.7,-1.03,-1.37,-5.21,-15.48,4,12.48,-4,-4.18,-3,-2.97,-2.52,-3.05,-4.82,-2.12,-1.06,-4.35,-11.5,-2.64,-9.26,2,,-4.94,,,-9.36,-2.58,,,,,,0.01,-1.5,0.01,-2.3,-4.92,-3.43,2,,,-7.9,5,1,-2.1,-1.8,10.27,0.3,,4,,-4.33,-0.68,,-6.9,-2.27,5,-2.83,1,-1,0.01,5.03,,14,35,2,1,1.74
Alabama,Penn St.,12,9.96,16.8,13.07,13.32,8.81,12.43,7.64,8,11.1,13,16.34,8.5,13.57,16.56,3.05,19.47,11.87,17.06,14.05,7.58,9.21,5.88,10.5,,6.68,,,12.77,12.15,,,,,,17,11.5,17,11.46,7.82,10.98,5,,,8.21,9,12,14.1,13.3,15.41,12.1,,13,,7.45,14.37,,8.7,22.2,13,14.34,8,10,7.2,3.62,,3,24,2,11,12.19
Arkansas,Louisiana-Monroe,34,13.89,23.27,32.35,18.61,21.04,37.12,10.29,26,43.26,27,36.24,18.5,18.15,33.86,26.36,25.98,26.74,30.29,31.35,41.58,25.68,16.73,23.3,,26.74,,,22.18,26.87,,,,,,34,34,36,28.01,31.08,30.64,17.5,,,18.38,23,33,39.1,29.2,31.85,30.6,,23,,16.13,26.29,,36.9,28.23,37,22.63,12,32,20.1,8.38,,7,31,2,7,29.66
Army,Hawaii,3,-6.02,-4.36,-2.82,3.76,-7.71,-1.5,0.27,-3,-6.22,0.25,-2.1,-5,-12.34,-0.01,-6.97,-4.67,-2.15,-4.35,-8.85,-10.08,-4.86,-1.25,5.2,,-7.14,,,0.91,-2.05,,,,,,2,3,-2,1.54,-0.32,2.15,1,,,0.67,-2,2,-2.4,0.01,4.63,2.9,,0,,0.64,1.55,,-5.8,-1.09,4,-3.98,-3,-3,-6.5,4.01,,31,28,2,4,-3.1
Baylor,Buffalo,14.5,5.3,7.83,1.12,-0.12,6.8,11.26,6,5,5.49,12,13.53,4,4.55,16.06,4.5,6.64,7.76,7.84,9.25,11.5,17.83,13.32,15.5,,14.7,,,5.82,7.32,,,,,,10,16,15,10.89,8.87,3.62,1,,,-3.38,11,13.5,5.4,11.8,8.56,4.3,,15,,11.99,9.12,,3.45,6.3,6,6.14,3,11,0.2,5.06,,6,34,2,-3,10.84
Boston College,Kent,17,23.26,21.16,16.85,19.63,20.34,20.1,27,20,22.54,17,21.16,14.5,19.68,23.56,26.78,28.65,19.08,17.78,26.55,35.58,16.71,29.33,17.9,,22.82,,,18.37,19.62,,,,,,18,18.5,20,19.1,22.73,10.15,12.5,,,6.68,12,17,13.2,19.4,9.4,20.1,,20,,15.83,19.6,,17,21.8,17,18.48,13,38,11.3,5.26,,13,26,2,9,22.26
California,Colorado,10,4.29,15.81,15.75,22.66,11.09,8.55,1.63,10,-7.86,13,7.96,11.5,8.27,10.03,8.47,16.84,9.92,8.34,10.65,20.5,13.4,22.27,6.5,,17.1,,,12.15,10.01,,,,,,11,8.5,9,8.5,12.35,12.29,7,,,-0.43,8,10,4.1,8.7,2.71,14.6,,15,,13.39,12.09,,5.9,4.28,8,8.86,6,17,7.2,5.52,,7,52,2,14,13.28
Central Florida,NC St.,2.5,0.71,5.99,6.07,2.37,2.56,4.76,1.68,11,20.23,2,6.71,3,-0.55,2.44,3.58,5.83,3.69,4.59,5.65,1.5,-0.48,3.67,7.2,,-3.26,,,8.01,3.4,,,,,,3,2.5,5,2.69,6.37,10.24,14,,,6.99,-4,2.5,5.3,3.3,-0.01,-1.2,,-6,,-3.87,-0.63,,8.95,2.45,3,4.94,5,3,-1,4.93,,28,21,2,12,-2.66
East Carolina,Memphis,13.5,23.43,26.21,25.18,21.08,19.95,19.91,25.42,22,29.06,14,29.48,19,23.02,19.26,22.02,28.91,19.83,15.62,29.85,31.5,21.44,18.64,5.6,,19.74,,,31.25,19.83,,,,,,22,13,19,20.37,21.32,20.19,19,,,18.74,12,14.5,18.5,17.4,17.7,23.8,,12,,11.83,18.55,,13.15,10.16,24,15.76,15,25,14.2,5.96,,27,49,2,30,11.14
Florida,South Florida,15.5,14.38,23.33,13.6,31.52,13.97,20.99,17.5,9,19.03,21,15.05,19.5,10.87,19.56,19.8,22.26,16.65,17.76,14.35,26,11.97,16.18,15.5,,11.72,,,15.7,16.39,,,,,,18,17,16,23.09,18,15.96,22.5,,,15.82,19,15.5,14.7,16.6,17.82,17.3,,19,,19.45,15.97,,3.2,7.67,19,13.06,18,25,11.9,4.32,,14,38,2,16,18.96
Florida Intl.,Rutgers,-15.5,-13.07,-16.94,-22.15,-19.98,-13.72,-31.19,-10.11,-19,-32.22,-17,-23.49,-14.5,-16.5,-24.54,-25.06,-18.64,-19.14,-18.21,-21.65,-29.42,-16,-17.75,-12.1,,-22.25,,,-19.19,-18.72,,,,,,-22,-18,-20,-18.3,-20.11,-17.11,-14.5,,,-20.7,-13,-16,-29.8,-18.8,-21.76,-23.7,,-20,,-10.78,-13.98,,-20.65,-17.95,-28,-15.59,-10,-21,-17.1,5.19,,19,14,2,-17,-16.72
Houston,UTEP,20,17.76,20.96,26.02,20.66,20.26,14.05,16.97,23,12.31,21,20.83,16,18.62,17.46,33.21,30.16,19.43,13.88,21.75,27.17,17.69,22.33,15.1,,16.48,,,20.46,19.49,,,,,,18,18,21,14.85,20.02,19.98,17,,,14.69,22,20,8.6,19,20.85,23.6,,20,,13.14,27.11,,28.7,18.19,23,16.52,14,21,19,4.93,,24,54,2,17,20.41
Iowa,Iowa St.,13.5,5.47,17.21,11.7,24.87,10.82,16.69,3.19,15,6.3,16,16.99,13.5,7.91,18.01,5.82,14.14,13.57,8.69,10.85,24.67,11.03,18.33,19.8,,18.03,,,13,14.03,,,,,,15,14,18,12.18,19.23,16.72,14.5,,,5.5,18,13.5,16.2,14.2,22.74,7.7,,15,,10.69,10.8,,8.25,17.48,15,8.23,13,18,10.8,4.87,,7,35,2,12,13.91
Kansas,Georgia Tech,-13.5,-16.47,-17.3,-21.57,-6.72,-6.04,-7.69,-17.99,-20,-20.59,-12,-31.49,-8.5,-15.07,-33.14,-6.4,-18.78,-13.66,-12.44,-12.25,-29.5,-5.58,-20.02,-13.5,,-12.33,,,-28.72,-12.32,,,,,,-5,-12,-12,-7.84,-19.42,-15.16,0,,,-14.69,-5,-13.5,-7.2,-11.5,-9.2,-12.3,,-10,,-2.48,-11.54,,-21.75,-8.7,-12,-15.69,-2,-7,-15.3,7.26,,25,28,2,-19,-12.08
Kentucky,Western Kentucky,25,28.78,35.05,25.32,27.5,25.22,29.3,29.96,27,29.51,25,34.87,27,28.71,36.35,25.73,40.67,27.7,30.05,28.35,42.25,30.24,24.23,17.6,,27.83,,,34.37,27.25,,,,,,35,24,30,28.22,27.85,17.72,,,,20.69,22,25.5,22.6,27,29.32,36.8,,24,,23.03,24.08,,20.7,24.44,26,26.94,22,38,28.9,4.95,,28,63,2,27,26.81
Louisiana-Lafaye,Arkansas St.,2,0.3,5.04,1.85,1.71,-0.83,7.58,4.68,1,-3.14,7,-0.61,2.5,-4.06,4.19,-4.51,-4.51,1.37,3.12,-1.95,2.92,0.7,9.03,2.2,,5.09,,,3.55,1.71,,,,,,1,2.5,-2,4.36,3.51,5.72,0,,,-8.27,6,2,7.5,1.7,5.78,-4.3,,4,,5.17,1.07,,-9.6,-0.01,-2,1.14,1,4,,4.12,,24,31,2,4,1.76
Marshall,West Va.,-12.5,-7.29,-10.11,-19.38,-13.49,-10.81,-13.45,-0.61,-7,-13.59,-10,-13.29,-13,-14.21,-12.59,-8.53,-8.26,-11.89,-13.04,-10.55,-25,-15.77,-6.51,-14.8,,-13.17,,,-11.48,-12.79,,,,,,-13,-13.5,-14,-10,-15.57,-7.91,-5,,,-17.1,-11,-12.5,-11.8,-12,-15.98,-15.2,,-10,,-6.77,-9.71,,-18.2,-18.75,-14,-5.12,-7,-14,-9.5,4.09,,24,21,2,-13,-10.24
Miami (Ohio),Eastern Mich.,14,23.03,15.17,19.45,1.87,12.04,15.13,28.32,25,18.97,16,12.68,11.5,18.47,12.16,9.13,21.9,13.33,9.85,17.65,7.08,18.45,6.21,3.3,,8.9,,,16.85,13,,,,,,13,15,9,8.85,9.12,11.89,10,,,0.99,13,14,18.6,13,25.88,22.6,,13,,2.23,13.57,,10.35,13.04,19,15.83,12,7,1.5,6.51,,21,28,2,6,14.22
Michigan St.,Florida Atlantic,26,14.08,13.89,21.38,12.8,19.69,18.43,8.76,4,24.22,12,17.5,13.5,18.68,18.69,20.81,16.63,16.76,11.06,20.95,25.33,20.67,10.45,17.6,,16.26,,,11.48,18.22,,,,,,20,28,22,17.55,18.57,13.1,15,,,13.27,18,24.5,16.3,19.9,21.78,21.7,,23,,10.81,19.47,,17.7,21,25,13.68,12,21,18.6,5.14,,17,30,2,1,22.61
Mississippi St.,Auburn,-2,2.63,-0.56,2.77,-6.56,0.72,3.94,-0.95,2,13.65,-2,-1.59,-4,6.91,-4.14,14.17,2.34,0.49,2.78,6.35,-6.67,-4.35,-4.18,-3.6,,4.84,,,-0.82,0.36,,,,,,3,-3.5,0.01,3.41,-1.19,-2.35,-2.5,,,-5.14,-5,-2,3.6,0.9,4.14,-1.4,,-2,,-1.18,2.54,,-11.4,2.36,-4,2.81,2,4,-0.7,4.85,,17,14,2,-3,-3.05
Nebraska,Idaho,28,14.41,16.14,24.73,30.34,18.65,34.09,16.78,12,22.27,24,24.19,20.5,11.68,27.16,26.87,22.76,22.98,22.77,26.95,34.17,31.65,21.53,24.6,,28.66,,,11.92,22.76,,,,,,34,28,26,23.51,25.31,19.56,18.5,,,21.9,20,27.5,30.5,26.6,21.48,21.5,,28,,17.29,25.17,,13.75,31.5,31,12.52,19,42,20.5,6.07,,17,38,2,12,26.38
Nevada,Colorado St.,23.5,19.85,20.41,33.97,19.08,17.16,22.94,18.62,29,31.89,16,17.2,15,21.11,16.35,22.58,24.28,20.76,23.63,25.55,26.5,25.51,23.16,15.3,,14.38,,,26.44,21.21,,,,,,23,22,20,16.4,22.97,21.65,17.5,,,18.72,19,23.5,22.7,21.3,21.68,24.9,,20,,5.61,24.16,,24.7,9.26,28,18.99,14,25,11,5.45,,6,51,2,27,17.95
New Mexico,Texas Tech,-24.5,-15.6,-28.72,-32.3,-30.87,-20.49,-31.61,-12.67,-25,-41.89,-23,-28.71,-21.5,-19.31,-25.94,-32.13,-39.76,-27.12,-23.08,-37.05,-38.42,-33.7,-27.55,-11.8,,-23.66,,,-30.14,-27.78,,,,,,-29,-26,-25,-24.75,-27.09,-28.72,-25,,,-39.8,-24,-24.5,-28.4,-24,-42.45,-40.4,,-28,,-14.53,-30.67,,-32.95,-19.54,-38,-19.91,-17,-22,-37.1,7.85,,52,17,2,-28,-28.3
New Mexico St.,San Diego St.,-14,-9.53,-6.1,-8.75,-1.9,-9.92,-8.36,-4.92,-4,-12.87,-5,-15.03,-4.5,-14.83,-13.94,-14.53,-14.86,-9.7,-6.28,-12.85,-6.75,-14.82,-2.08,-1.4,,-6.09,,,-11.2,-9.57,,,,,,-12,-10.5,-13,-7.73,-5.17,-5.22,-12,,,-15.37,-7,-13.5,-8.7,-9.6,-29.73,-10.2,,-7,,-2.41,-9.68,,-15.5,-9.13,-14,-9.29,-2,-7,-12,5.36,,41,21,2,-12,-10.45
North Texas,Rice,3,-5.28,0.42,2.05,3.53,-3.99,-5.2,-3.3,2,-3.94,-4,-2.47,-7,-7.29,-0.74,-3.37,3.65,0.24,0.77,-1.75,-3.42,4.11,-3.1,-0.4,,-3.97,,,-1.59,-0.57,,,,,,3,1.5,-3,5.07,0.47,-2.15,12.5,,,4.28,5,2.5,-4.7,-1.3,17.48,12.4,,2,,-2.23,-0.77,,2.2,8.16,7,0.59,1,3,6.9,5.12,,32,31,2,1,-0.22
Notre Dame,Michigan,3.5,-0.98,7.2,6.3,16.31,2.05,9.22,1.3,1,3.89,7,2.63,5,-2.85,3.06,5.91,8.44,4.3,4.92,6.15,7.92,0.43,0.19,2.7,,2.85,,,4.13,4.06,,,,,,7,4,4,9.92,5.64,2.76,11,,,0.5,3,3.5,6.6,3.9,4.54,3.5,,2,,6.33,1.13,,1.95,7.44,-1,2.84,5,10,8.5,3.38,,28,24,2,5,4.53
Ohio,Toledo,10,18.81,14.21,18.78,10.16,14.29,14.64,14.53,23,22.78,10,17.97,13,23.3,9.36,16.43,18.08,14.31,15.91,17.95,19.17,13.28,13.75,7.5,,12.02,,,19.7,14,,,,,,15,10,15,10.25,13.99,11.8,15,,,11.23,5,10.5,17.7,13.2,17.02,12.2,,10,,4.2,13.88,,19.8,11.18,17,13.83,11,14,7.5,4.45,,20,13,2,21,8.92
Ohio St.,Miami (Fla.),8.5,16.66,9.83,3.45,13.37,11.57,12.28,18.49,8,15.72,11,13.69,12,14.26,14.36,15.23,10.98,11.08,2.29,12.25,10,13.19,11.25,9,,9.79,,,11.36,11,,,,,,11,9.5,11,10.82,9.03,13.48,10,,,10.14,13,9,11.4,11.4,19.13,4.4,,11,,6.77,10.57,,-0.35,14.17,14,9.81,11,11,10.9,4.00,,24,36,2,10,10.24
Oklahoma,Florida St.,7,4.31,4.59,4.95,21.84,6.59,12.28,12.71,3,12.53,13,4.37,10.5,-4.16,10.06,5.28,5.98,8.57,6.12,9.15,8.08,6.3,4.36,9.5,,6.9,,,6.3,8.85,,,,,,13,8.5,6,14.78,8.37,12.72,19,,,7.24,20,7,4.5,8.9,14.05,11.9,,9,,9.31,9.58,,-0.4,12.42,14,2.82,8,14,8.8,5.06,,17,47,2,9,9.83
Oklahoma St.,Troy St.,13.5,13.79,11.85,13.5,13.7,16.48,10.84,6.25,9,22.29,13,13.52,10,20.99,10.03,24.05,21.37,13.02,11.23,16.85,17.67,15.15,9.01,11.6,,21.8,,,6.87,13.12,,,,,,16,11.5,12,15.42,13.14,10.68,5,,,8.34,9,13.5,4.7,13.5,14.14,20.3,,22,,14.53,17.44,,22.05,4.68,15,10.66,9,28,3.8,5.19,,38,41,2,4,14.75
SMU,UAB,11,16.25,11.33,7.18,0.87,7.77,8.82,18.31,19,22.31,9,20.54,7.5,14.75,15.07,10.57,19.51,10.93,8.71,13.65,12.17,9.81,18.86,13.2,,16.17,,,12.28,10.19,,,,,,7,11.5,15,10.59,13.75,9.5,6,,,2.63,3,11,15,12.4,2.76,7.2,,12,,6.15,14.48,,5.45,11.22,15,11.52,7,8,2.4,5.27,,7,28,2,8,8.86
South Carolina,Georgia,3,3.35,-0.51,0.01,0.01,-0.32,-1.9,5.82,1,-2.83,3,-3.92,-2,-0.2,-0.29,3.53,0.11,0.41,4.66,-1.35,-4.83,0.32,-0.15,0.5,,-2.22,,,1.49,0.41,,,,,,-2,2.5,1,-1.52,-0.49,1.34,4.5,,,-10.53,4,2.5,-3,0.7,2.54,5.1,,0,,1.13,0.91,,-1.35,3.56,3,3.88,2,3,-1.8,2.91,,6,17,2,-2,0.96
Temple,Central Mich.,7.5,6.23,-3.56,3.08,-3.3,1.98,-0.89,13.56,-10,-5.92,6,14.15,-5.5,-0.96,7.39,0.36,6.31,1.39,-3.53,1.15,-12.58,0.24,-9.37,14.4,,-5.56,,,2.16,0.57,,,,,,-2,8,12,-3.32,1.48,0.77,-1,,,-4.12,3,6.5,-2.5,6.1,0.22,-5.7,,8,,-1.18,5.33,,-1.55,1.17,4,4.1,2,-1,-6.7,6.26,,10,13,2,-3,6.11
Tennessee,Oregon,-11.5,-10.89,-10.35,-11.7,-4.16,-8.89,-4.27,-10.88,-4,-20.28,-10,-12.77,-2,-13.16,-8.64,-10.11,-12.46,-9.84,-0.74,-16.75,-6.08,-10.92,-11.2,-9,,-4.66,,,-6.78,-9.7,,,,,,-12,-12.5,-9,-5.9,-8.76,-15.47,-7.5,,,-19.94,-12,-11.5,-14.4,-9.6,-23.48,-9.8,,-9,,-4.73,-9.45,,-12.95,-14.46,-18,-3.66,-4,-7,-9.3,5.14,,48,13,2,-2,-9.56
Texas,Wyoming,28,27.55,26.76,32.97,43.21,26.65,30.48,26.51,19,26.99,26,25.6,25.5,28.81,27.38,31.6,38.86,28.79,30.04,33.95,40.58,37.28,24.54,28,,26.23,,,21.12,27.78,,,,,,38,28.5,29,31.21,28.39,29.27,31,,,27,27,28,29.4,30.1,39.76,36.5,,33,,23.39,28.65,,26.75,30.77,33,19.97,24,38,25,5.44,,7,34,2,21,29.97
Texas A&M,Louisiana Tech,19.5,10.28,11.26,10.6,-1.35,13.39,9.49,6.68,6,2.2,13,10.78,7,14.4,14.26,20.43,17.39,11.56,8.9,14.25,11.92,9.51,8,15.6,,10.48,,,11.46,11.15,,,,,,11,18,18,8.4,12.54,11.44,6,,,2.66,16,18,11.8,14.2,25.53,7.7,,16,,9.1,15.52,,12.6,15.89,22,11.04,7,11,6.3,5.09,,16,48,2,9,16.12
Tulane,Mississippi,-20.5,-3.29,-24.67,-21.17,-33.88,-17.87,-33.56,4.29,-20,-32.78,-15,-1.72,-10,-11.16,-9.92,-35.88,-32.15,-20.04,-23.85,-29.05,-32.17,-18.42,-20.61,2.6,,-23.22,,,-6.1,-20.35,,,,,,-29,-20.5,-20,-27.56,-15.88,-17.55,-22,,,-29.53,-18,-20.5,-20.1,-18.1,-24.19,-31,,-15,,-18.14,-22.71,,-25.75,-21,-29,-14.25,-20,-42,-25.8,9.77,,27,13,2,-8,-23.72
Tulsa,Bowling Green,17,6.66,-2.13,4.4,7.7,5.41,10.61,6.57,2,6.15,14,5.73,7,7,6.68,-0.1,5.25,6.53,0.98,4.55,-0.42,17.11,7.49,6.6,,7.88,,,-0.42,6.38,,,,,,8,16,10,2.85,5.27,7.17,1,,,0.84,18,15.5,2.9,10,13.93,4.5,,11,,2.68,11.48,,-0.3,6.18,13,2.38,5,11,-2.2,5.45,,20,33,2,-5,12.93
UCLA,Stanford,-6,-1.37,-2.8,-6.78,-4.22,-1.85,-13.91,-2.24,-5,-26.62,-2,-8.27,-0.5,-0.41,-5.14,-6.06,-3.62,-6.61,-9.83,-11.25,-12,-8.96,-4.71,1.7,,-9.84,,,-9.25,-5.13,,,,,,-5,-6,-9,-5.98,-9.39,-3.49,-4,,,-11.39,-4,-6,-16.4,-5.5,-10.75,-11.2,,-1,,1.17,-4.64,,-9.5,-0.83,-15,-5.12,-3,-7,-8.8,5.21,,35,0,2,-10,-3.77
USC,Virginia,20,9.64,16.02,9.5,30.54,10.9,14.71,13.31,25,19.87,21,19.24,18.5,7.1,20.36,9.5,10.5,15.72,10.81,11.05,26.67,17.9,22.6,21.6,,17.03,,,14.25,16.16,,,,,,23,18.5,19,17.6,20.31,21.35,11,,,12.95,24,19.5,10.4,17.5,15.95,16.3,,19,,15.1,14.78,,0.2,12.99,18,6.08,12,18,10.7,5.88,,14,17,2,18,18.01
Utah,UNLV,21.5,26.99,22.31,23.03,29.54,20.7,23.44,33.67,25,27.13,23,28.54,25,22.48,24.51,24.78,26.57,23.2,21.04,25.55,41.08,26.73,32.07,18.4,,24.46,,,27.32,23.12,,,,,,26,23,28,17.7,28.99,20.32,19,,,18.47,18,21.5,19.4,23.4,29.21,23.2,,19,,10.45,17.15,,19.55,16.77,22,18.75,16,27,17.5,4.45,,10,38,2,22,21.42
Vanderbilt,LSU,-10,-21.16,-23.49,-14.03,-16.36,-10.1,-16.03,-30.51,-17,-16.55,-13,-17.66,-15.5,-13.38,-20.12,-22.1,-20.79,-15.95,-16.45,-15.95,-36.92,-14.53,-25.1,-7.8,,-14.19,,,-24.94,-15.98,,,,,,-14,-11,-17,-10.76,-23.64,-19.07,-10.5,,,-17.26,-5,-11,-16.9,-13.9,-4.5,-12.4,,-14,,-3.91,-11.62,,-20,-19.89,-16,-14.79,-8,-14,-14.1,5.38,,27,3,2,-21,-14.4
Wake Forest,Duke,6,1.04,7.27,8.92,10.07,6.65,9.02,-3.8,14,6.3,9,4.22,10,5.88,4.13,5.38,2.71,6.22,8.04,6.05,16.17,8.73,8.33,4.5,,9.71,,,1.67,6.49,,,,,,11,6.5,4,6.82,7.75,7.04,6,,,1.18,8,6,7.2,5.5,8.12,6.8,,11,,4.45,3.62,,-1.95,6.55,3,0.31,6,11,5.7,3.64,,48,54,2,5,8.43
Washington,Syracuse,13,-0.74,9.34,6.1,4.69,5.93,11.54,-1.75,12,13.6,10,8.85,3.5,0.47,11.41,14.59,12.07,8.66,6.76,12.85,11.25,10.88,14.38,4,,10.72,,,2.52,9.65,,,,,,12,12.5,13,13.6,9.87,10.98,9.5,,,0.37,15,12.5,14.6,9.3,1.91,8.5,,10,,11.05,11.75,,4.35,15.15,12,7.12,7,18,11.2,4.75,,20,41,2,-2,9.37
Wisconsin,San Jose St.,38.5,23.86,34.02,34.1,30.75,23.83,36.88,20.5,24,37.22,26,35.43,24.5,27.13,37.46,37.73,41.29,31.57,28.33,37.45,47.83,30.31,28.97,25,,30.48,,,31.84,31.98,,,,,,36,35,38,31.94,35.42,31.95,30,,,35.17,32,37.5,38.4,32.5,58.72,32.7,,27,,19.21,30.29,,32,36.06,39,21.65,20,39,18.2,6.91,,14,27,2,34,30.38
Arizona,Iowa,1.5,2.79,0.74,6.55,5.22,4.85,-5.69,0.89,13,-0.52,-1,9.04,-0.5,5.27,-4.54,-1.48,3.8,1.41,6.26,0.25,-0.45,1.39,-5.14,-3.5,,1.71,,,2.38,1.1,,,,,,3,-1,0.01,1.16,0.46,-1.99,-2,,,,3,1.5,-3.5,1.1,-0.01,13.3,,3,,2.84,3.75,,1.3,-7.68,3,-0.67,-1,-1,3.7,4.22,,27,34,3,1,2.12
Arkansas St.,Louisiana-Monroe,4,-0.26,-4.65,-2.79,4.75,0.69,-2.86,-4.25,-1,-4.42,6,-9.27,2.5,3.67,-2.82,2.82,-3.89,0.71,-2.58,-3.35,-2.65,4.75,-2.06,3.1,,0.01,,,-4.49,1,,,,,,2,3,2,-2.07,0.59,4.9,0.5,,,,1,3.5,-0.1,1.4,4.83,3.7,,-1,,0.27,0.71,,-1.95,5.39,7,-1.26,2,3,6.7,3.45,,20,34,3,1,2.7
Army,North Texas,5.5,9.3,9.23,4.3,10.28,6.32,6.09,12.46,6,2.67,8,7.49,10.5,6.47,14.17,3.39,5.99,6.41,3.72,3.85,5.8,5.4,7.34,5.46,,3.37,,,9.92,6.32,,,,,,8,10,8,5.68,7.05,4.08,7.5,,,,-1,5.5,2.5,6.7,2.09,11,,6,,8.7,6.99,,0.8,2.42,6,4.94,7,7,5.2,3.07,,0,24,3,10,6.01
Auburn,Clemson,7,12.21,3.96,7,4.49,4.82,0.92,16.88,10,4.66,4,13.71,4,8.06,6.38,6.3,10.87,5.84,7.1,8.05,3.4,1.3,8.07,10.46,,0.93,,,8.23,5,,,,,,2,6,8,2.73,6.81,3.3,1,,,,4,7,5.3,9,15.67,8.4,,3,,0.79,2.87,,-1.35,4.83,5,7.31,1,3,3.3,4.13,,24,27,3,1,4.19
Bowling Green,Marshall,-3,-0.01,5.21,5.2,8.7,3.34,-5.44,-2.75,7,-0.32,-2,-0.94,5,2.75,-3.85,2.29,3.34,1.12,4.48,3.45,4.45,2.1,-7.21,2.06,,-1.15,,,-3.11,1.92,,,,,,6,0,-1,0.8,0.84,-0.21,6,,,,0.01,-2,-3.8,-0.01,1.94,9.2,,-2,,1.92,-1.06,,-1.8,1.61,-4,2.59,3,4,8.6,3.97,,28,44,3,3,-4.85
Buffalo,Central Florida,-7,-3.24,-12.35,-9.53,-0.62,-6.99,-8.82,-2.04,-3,-8.76,-2,-11.04,-0.5,-4.64,-10.86,-9.42,-9.74,-5.92,-5.37,-12.45,-10.15,-3.14,-11.61,-7.82,,-5.27,,,-9.96,-5.5,,,,,,-1,-11.5,-13,-3.83,-6.1,-7.45,-3,,,,1,-7,-2.6,-7.4,-4.27,-7.1,,1,,1.1,-2.95,,-11.95,-5.04,-4,-7.01,-3,-11,5.3,3.79,,24,10,3,-3,-6.79
Colorado,Hawaii,12.5,3.07,1.41,3.7,1.66,2.78,11.65,3.28,5,8.06,7,1.86,0.01,2.88,5.32,9.25,7,7.43,9.48,7.35,3.45,9.4,1.14,10.12,,6.32,,,-3.72,7.3,,,,,,15,11,10,7.29,5.6,8.51,5,,,,14,11.5,12.2,7.3,8.94,2.6,,11,,6.51,10.96,,11.7,15.27,16,5.68,5,13,16.9,4.30,,13,31,3,4,9.77
Duke,Alabama,-23.5,-23.03,-30.59,-20.33,-27.42,-19.19,-26.78,-22.93,-26,-29.1,-26,-27.87,-25.5,-23.27,-26.79,-37.11,-29.57,-23.98,-21.46,-28.25,-33.6,-25.41,-25.01,-19.51,,-19.14,,,-27.23,-24.1,,,,,,-27,-23,-27,-20.27,-22.24,-24.24,-22.5,,,,-20,-23.5,-25.8,-24.1,-27.93,-19,,-26,,-11.44,-22.4,,-24.6,-32.14,-24,-20.47,-19,-24,-18,4.30,,62,13,3,-17,-21.6
Eastern Mich.,Central Mich.,-10,-15.26,-27.52,-22,-18.55,-12.33,-25.03,-16.04,-15,-21.59,-15,-16.76,-20,-15.5,-22.87,-23.34,-31.19,-18.75,-18.76,-25.65,-26.25,-7.53,-27.46,2.7,,-14.25,,,-27.38,-18.14,,,,,,-24,-13,-17,-15.42,-15.52,-23.43,-24,,,,-13,-11.5,-26.3,-14.9,-17.49,-25.7,,-19,,-9.24,-16.79,,-25.8,-18.14,-28,-19.81,-15,-28,-14.9,6.71,,52,14,3,-19,-13.34
Florida St.,BYU,10,5.23,-3.67,5.1,3.14,5.16,2.89,1.25,-7,-2.16,8,5.53,1.5,8.95,6.82,-10.91,5.06,3.02,-4.6,1.55,-2.5,11.3,1.64,5.11,,0.66,,,-2.6,2.89,,,,,,4,8,10,-1.43,0.68,-2.19,-4,,,,4,9,-2.5,5.1,8.13,4.6,,7,,-0.71,10.32,,2,2.43,8,-1.84,1,-3,10,5.09,,10,34,3,2,12.13
Georgia,Arkansas,2.5,5.6,2.83,2.37,2.26,6.99,0.01,4.5,9,-0.2,5,4.39,3.5,7.15,-4.84,5.06,3.8,1.69,-1.86,3.15,0.75,1.64,4.51,-4.94,,2.64,,,-0.51,1.64,,,,,,3,-2.5,1,1.37,0.56,0.11,0,,,,-1,2.5,2.2,1.6,-2.61,-0.6,,4,,2.94,1.58,,-8.3,-0.5,-1,-0.8,1,4,9.7,3.38,,31,24,3,1,3.16
Idaho,UNLV,6.5,6.68,13.54,13.9,14.99,7.16,5.33,2.29,11,9.8,10,16.7,8,11.48,4.66,7.96,12.36,9.25,10.41,13.65,9.85,9.57,7.89,3.27,,5.88,,,10.56,9.15,,,,,,8,7,11,3.49,9.66,8.56,9.5,,,,7,6.5,14.5,8.9,20.02,13.1,,12,,-2.82,12.33,,7.9,5.06,12,9.15,4,4,16.8,4.09,,7,30,3,9,4.73
Illinois,Northern Ill.,7.5,16.86,8.86,17.1,7.61,18.71,10.32,11.89,3,12.99,6,23.27,5,22.39,4.87,12.94,14.81,10.28,12.28,20.75,13.7,6.34,1.33,6.05,,13.49,,,12.78,10.32,,,,,,10,5,10,9.18,10.34,2.88,-2,,,,-1,7.5,12.1,6,10.35,12.4,,9,,5.37,11.08,,11.2,7.26,10,12.18,5,13,8,5.92,,22,28,3,2,8.43
Kansas St.,Iowa St.,3.5,8.74,4.58,11.48,12.94,10.08,4.67,10.1,-4,15.45,2,7.05,8,7.79,5.45,10.61,2.24,5.75,5.8,10.85,8.95,8.69,-0.46,9.6,,3.56,,,11.1,5.41,,,,,,5,4.5,8,10.43,8.54,-1.74,8,,,,1,3.5,3.7,4.9,10.31,7,,1,,5.41,0.66,,3.15,-0.69,2,5.18,1,1,8.5,4.27,,20,27,3,3,1.42
Kentucky,Akron,25,37.41,34.25,31.57,25.92,27.44,27.47,42.78,34,37.47,26,38.37,23.5,32.81,33.36,23.59,37.37,29.47,32.81,35.05,41.15,26.3,31.38,15.61,,31.61,,,44.42,29,,,,,,29,25,29,29.08,28.97,18.68,19,,,,16,25.5,30.7,30.1,42.79,33.5,,25,,20.7,27.2,,25,21.02,27,26.81,15,39,27.5,7.10,,10,47,3,16,25.85
LSU,Mississippi St.,8,19.17,14.14,11.07,13.05,11.16,8.83,23.57,16,6.33,16,16.8,16.5,13.74,18.06,10.97,14.38,12.29,10.95,10.05,20.85,11.72,18.53,7.96,,13.29,,,16.51,11.72,,,,,,13,13,10,7.74,15.97,10.74,9.5,,,,9,9,10.9,13.5,12.43,5.1,,12,,9.15,9.77,,3.8,2.95,17,11.41,9,14,16.4,4.04,,7,29,3,6,12.61
Louisiana Tech,Navy,-3,-4.16,-6.28,2.6,-6.91,-3.52,-5.48,-2.28,-1,-6,-1,-5.95,-3.5,-6.06,0.01,-2.22,-5.73,-3.61,-0.13,-1.75,-8.95,-7.77,-7.63,-5.86,,-2.06,,,-1.89,-3.52,,,,,,0.01,-6.5,-6,-4.83,-4.73,-3.8,1,,,,-2,-3,-0.2,-5.1,-8.52,-16.8,,-6,,-3.65,-2.04,,-0.55,-4.22,-5,-0.65,-4,-4,1.5,3.47,,37,23,3,-2,-3.05
Memphis,Middle Tenn.,-3.5,2.47,-14.58,-14.1,-14.45,-6,-13.87,6.26,-10,-17.6,-9,-10.24,-7,-1.33,-2.03,-11.02,-7.33,-9,-8.4,-13.05,-14.25,-12.66,-14.19,1.08,,-5.89,,,-6.84,-9,,,,,,-10,-3.5,-12,-10.44,-7.96,-16.04,-15.5,,,,-15,-4.5,-8.2,-7.4,-11.93,-11.1,,-13,,-3.27,-9.11,,-13.25,-8.05,-16,-4.82,-6,-7,-3.1,5.58,,17,24,3,-15,-6.94
Miami (Ohio),Colorado St.,7.5,10.77,5.34,14.93,10.77,9.23,5.41,9.27,16,16.43,6,10.22,4,12.45,-7.85,5.31,3.32,6.67,10.07,10.25,5.55,4.01,3.42,3.68,,2.92,,,20.17,6,,,,,,4,7,1,6.81,6.18,6.79,1,,,,6,7.5,6.5,8.7,21.31,14.2,,12,,-2.82,11.59,,-1.95,2.5,10,2.2,3,4,-0.8,6.11,,10,31,3,7,7.83
Michigan St.,Notre Dame,3,5.49,1.89,0.2,7.79,4.25,-1.76,6.9,9,1.53,7,2.01,8,4.04,4.49,0.78,3.59,3.38,2.86,-0.85,5.1,0.76,2.96,4.24,,2.21,,,10.77,3.59,,,,,,4,3.5,0.01,1.67,6.17,3.89,4.5,,,,7,3,-0.9,3.8,2.19,4.2,,8,,1.81,2.46,,-3.8,-1.44,5,6.16,3,-1,8.7,3.10,,31,34,3,9,3.67
Minnesota,USC,-11.5,-20.07,-9.93,-6.33,-15.99,-14.28,-4.6,-24.8,1,4.52,-11,-18.23,-14.5,-16.56,-20.36,-10.53,-11.42,-10.88,1.86,-11.55,-21.65,-13.53,-12.24,-7.15,,-14.54,,,-21.37,-11,,,,,,-13,-20,-16,-0.16,-15.8,-4.81,-4,,,,-7,-11.5,-11,-11.4,-6.01,-11.8,,-15,,-4.84,-10.49,,-11.9,-5.66,-7,-9.31,-5,-10,-4.6,6.46,,32,21,3,-7,-11.52
Mississippi,Vanderbilt,12,7.78,21.35,10.05,20.77,6.27,15.48,8.5,9,15.49,11,0.21,12,7.05,1.14,16.1,16.9,12.36,16.76,10.65,24.3,9.63,20.5,-0.2,,13.29,,,11.9,12,,,,,,14,14,9,15.5,15.91,17.38,16,,,,9,12,10.3,11.3,14.18,10.7,,19,,15.51,12.34,,8.1,15.33,12,9.27,12,18,17.4,4.84,,28,14,3,17,15.31
Missouri,San Diego St.,14,17.1,16.81,16.74,17.21,18.34,20.73,18.91,12,19.06,18,22.67,18,15.16,18.2,18.63,23.73,17.53,11.64,20.45,30.95,23.48,19.88,11.14,,15.44,,,15.79,18,,,,,,19,19,18,17.31,20.15,15.35,13.5,,,,19,14.5,10.6,15.6,7.26,14.4,,26,,15.56,21.12,,18.7,20.75,19,12.48,17,32,25.4,3.81,,24,27,3,7,18.77
NC St.,Cincinnati,1.5,11.26,-4.37,7.49,-1.14,2.71,-0.47,15.07,3,7.36,2,12.78,-4,7.42,6.21,-5.78,-1.48,1.41,6.9,7.15,-3.55,-0.01,-5.15,1.73,,-3.06,,,8.29,1.89,,,,,,-3,2.5,5,4.63,1.8,-8.39,-12,,,,-4,1.5,2.3,2.5,-1.22,2,,-3,,1.89,2.51,,-6.1,-8.21,-3,7.04,-2,-4,-8.6,5.69,,19,30,3,1,3.4
Nevada,California,-2,-5.1,-4.93,-3.14,-3.45,-4.11,-1.59,-4.39,-7,-7,-5,-8.07,-2.5,-6.49,-0.26,5.06,-2.66,-3.28,-4.48,-4.65,-11.35,-7.52,-3.3,-0.45,,-10.6,,,-0.77,-3.3,,,,,,0.01,-2.5,-1,-6.22,-2.43,-0.22,5.5,,,,1,-2,-3.2,-3.3,-1.7,-3.7,,-1,,-5.43,-5.72,,0.9,-6.48,2,-4.1,-2,-17,5,3.34,,31,52,3,3,-5.07
New Mexico,Utah,-23,-21.71,-32.58,-32.65,-37.84,-21.81,-28.16,-19.74,-24,-33.38,-23,-42.23,-22,-23.94,-30.42,-28.22,-34.64,-26.28,-25.86,-32.55,-44.55,-30.57,-31.33,-18.57,,-23.4,,,-33.16,-25.95,,,,,,-25,-26,-29,-24.04,-29.2,-30.03,-25,,,,-16,-23,-26.3,-25.9,-29.47,-39.7,,-33,,-14.7,-25.62,,-25.95,-17.29,-27,-20.16,-16,-29,-16.5,6.12,,56,14,3,-21,-27.3
North Carolina,Georgia Tech,2,4.46,2.76,3.73,-0.97,3.41,4.2,5.14,5,5,11,25.01,-0.5,3.5,21.98,-1.89,0.68,4.45,8.21,4.25,2.7,-0.71,1.77,1.89,,3.8,,,7.79,4,,,,,,3,,7,2.4,4.88,4.13,2,,,,5,,9,4,7.06,0.3,,-1,,-0.2,-0.79,,-1.7,6.92,7,6.94,2,-1,6.2,5.27,,30,24,3,1,1.41
Ohio St.,Ohio,29,32.42,34.69,29.9,27.78,28.13,33.63,33.63,42,38.55,27,46.55,22,31.22,42.23,36.11,39.46,31.71,36.62,36.45,47.7,28.6,29.81,26.53,,34.08,,,33.64,32.42,,,,,,32,31,35,30.91,33.15,27.55,24,,,,30,29,33.8,33.7,41.14,30.2,,34,,23.26,30.23,,24.2,34.54,36,25.06,20,24,24.4,6.36,,7,43,3,13,33.78
Oklahoma,Air Force,16.5,9.01,7.95,13.8,11.76,12.88,16.59,8.05,1,5.11,18,13.83,12,9.72,11.37,15.97,15.31,11.13,-0.74,12.65,9.7,19.49,4.36,16.26,,8.38,,,7.36,11.76,,,,,,15,18,13,5.2,9.38,12.78,5,,,,19,16,5.3,11.5,14.39,8.2,,19,,5.3,16.38,,14.45,17.29,16,-0.77,7,7,9.4,5.52,,24,27,3,2,17.7
Oklahoma St.,Tulsa,7,13,17.22,10.7,13.03,12.28,11.63,15.24,3,14.03,14,18.8,16.5,10.68,12.82,8.06,22.02,12.08,1.79,15.75,22.95,5.49,21.88,14.3,,16.18,,,21.45,11.87,,,,,,15,7,8,14.48,17.91,9.06,15,,,,2,7.5,6.6,11.1,11.87,19.3,,12,,14.93,8.66,,10.9,6.44,8,6.36,7,17,16.7,5.03,,28,65,3,11,8.72
Oregon St.,Louisville,20,16.26,20.9,28.98,11.89,16.46,19.84,14.77,25,21.39,14,26.94,12.5,18.03,20.09,20.52,27.71,20.11,20.94,27.25,32.45,20.9,24.35,10.54,,25.8,,,13.49,20.52,,,,,,23,14,23,17.18,22.9,26.09,18.5,,,,18,20,27.2,18.7,19.17,16,,26,,12.97,23.39,,21.65,16.9,25,18.69,14,27,26.9,5.40,,28,35,3,6,16.77
Penn St.,Kent,21,23.88,30.46,20.49,17.37,22.57,29.64,27.24,25,25.73,17,22,16.5,20.56,28.76,21.94,33.7,24.11,19.64,28.25,44.15,31.08,37.05,20.24,,31.18,,,21.45,23.88,,,,,,27,23,24,22.03,28.5,21.73,25,,,,20,21,25.8,24.5,18.52,23.3,,25,,18.33,21.25,,18.15,26.62,27,21.01,18,42,25.2,5.18,,0,24,3,9,24.84
Purdue,Ball St.,16,14.4,22.23,16.33,7.41,10.53,14.68,15.83,31,23.28,9,11.66,7.5,13.03,23.4,14.46,21.85,14.15,12.39,13.75,22,21.3,21.26,5.47,,18.76,,,11.99,13.75,,,,,,21,21,16,16.23,14.28,4.45,12.5,,,,4,16,14.6,16.8,16.13,13.2,,11,,9.18,8.02,,7.55,12.58,8,11.6,10,17,26.6,5.85,,13,24,3,4,11.72
Rice,Northwestern,-6.5,-9.94,-11.43,-16.1,-16.38,-8.92,-12.03,-9.86,1,-11.39,-5,-16.3,-9,-10.13,-16.42,-10.33,-17.39,-10.91,-6.12,-18.45,-17.05,-5.42,-14.8,-5.35,,-12.29,,,-8.12,-10.2,,,,,,-14,-14,-15,-7.5,-13.12,-6.04,-14,,,,-7,-7.5,-12,-10.2,-12.84,-15.5,,-9,,-3.61,-8.08,,-18,-12.77,-17,-9.35,-6,-7,-7.4,4.55,,30,13,3,-9,-9.77
SMU,Washington St.,22,12.32,25.52,27.42,22.25,17.1,25.19,4.9,35,40.08,15,13.14,12.5,19.89,8.93,27.78,29.74,20.76,26.18,32.05,29.05,24.51,21.88,11.27,,19.43,,,17.8,20.73,,,,,,24,20,19,23.69,19.72,28.56,28.5,,,,12,22,32.1,21,29.77,26,,27,,7.3,22.01,,15.15,12.15,35,20.73,15,21,22.5,8.15,,21,35,3,13,19.18
Southern Miss.,Kansas,5.5,-0.35,-8.64,4.3,3,-4.75,-6.52,0.01,5,-15.93,7,2.21,2.5,-0.69,12.62,-4,-1.85,0.07,-7.95,-5.75,-14.7,7.01,0.47,6.92,,-4.65,,,7.76,0,,,,,,-1,4,0.01,-10.56,-0.15,3.69,-2.5,,,,2,4.5,-3.2,2.2,1.1,-0.5,,0,,-5.19,-0.57,,-4.05,1.5,-4,3.08,-1,-10,8.3,5.14,,16,31,3,4,3.6
Stanford,Wake Forest,18,11.95,17.83,16.93,8.46,9.98,18.49,8.75,31,27.23,16,14.45,5.5,14.79,10.9,16.65,22.9,15.33,16.57,22.35,21.25,15.39,13.42,10.16,,14.15,,,8.04,14.79,,,,,,19,16,16,16.08,16.23,15.02,13.5,,,,13,17.5,19.8,15.7,13.03,15.3,,16,,4.93,21.02,,10.55,13.88,25,13.25,13,24,22.8,5.48,,24,68,3,8,14.65
TCU,Baylor,21.5,18.18,26.64,25.2,24.72,13.71,23.35,23.42,24,19.57,19,24.75,19,13.35,28.53,22.53,29.11,21.66,18.14,21.05,26.3,23.11,29.03,17.91,,20.05,,,16.68,21.48,,,,,,23,17,19,15.6,21.48,29.2,25.5,,,,25,21.5,20.3,21.5,23.05,21.2,,28,,11.64,18.06,,20.95,24.64,29,16.41,17,28,27.2,4.44,,10,45,3,14,24.55
Temple,Connecticut,-5,7.73,4.74,-2,0.32,1.14,-3.69,14.59,9,8.34,-1,4.61,-1,0.79,3.73,1.2,2.14,0.6,9.39,-0.45,0.7,-10.44,9.81,1.1,,-6.69,,,17.05,0,,,,,,-8,-5,-1,5.44,2.74,0.01,1,,,,-3,-4,-2.7,1.3,-7.65,0.01,,0,,2.54,-3.11,,-9.9,-4.98,-7,6.16,-2,1,-0.4,5.98,,16,30,3,-1,-3.3
Tennessee,Florida,-14,-15.45,-13.99,-11.55,-17.69,-11.34,-15.27,-18.78,-3,-17.21,-15,-12.99,-16.5,-11.78,-14.27,-17.44,-16.27,-13.23,-12.51,-13.95,-20.25,-10.92,-14.29,-11.29,,-7.63,,,-21.96,-13.95,,,,,,-14,-15,-14,-14.94,-13.44,-19.21,-13,,,,-16,-14,-16,-12.2,-9.06,-8,,-15,,-12.66,-12.04,,-13.7,-2.33,-13,-15.62,-11,-14,-6.7,3.54,,31,17,3,-7,-13.98
Texas A&M,Florida Intl.,28,21.39,25.32,35.01,19.21,24.06,30.33,22.6,22,26.95,25,33.71,20,20.56,29.06,30.78,32.77,26.33,23.91,32.05,35.15,25.38,15.03,15.08,,23.5,,,30.65,25.38,,,,,,27,28,30,18.7,28.24,21.12,22,,,,25,28,31.9,24.9,38.94,32.5,,30,,10.45,30.01,,27.4,25.07,35,25.12,14,32,31.2,6.63,,20,27,3,16,29.05
Texas Tech,Texas,-3,-1.32,-6.39,-2.8,-4.38,-0.68,-1.64,-0.51,1,-0.4,-3,-0.88,-8.5,-2.05,-7.74,-4.96,-1.83,-2.86,-3.01,0.85,-2.35,-6.51,-1.9,-10.52,,-0.01,,,-3.19,-2.05,,,,,,-3,-7.5,-6,-6.02,-0.78,-9.2,-5,,,,0.01,-3,1.1,-3.4,-0.35,-1.1,,-4,,-11.65,-3.08,,-3.8,-7.48,4,-0.26,-3,-1,1.5,3.27,,24,14,3,-1,-1.35
UAB,Troy St.,-4,-15.15,-9.44,-10.86,-8.25,-10.73,-2.44,-17.04,-5,-13.54,-4,-11.07,-12,-13.37,-10.95,-3.09,-9.42,-7.24,-9.14,-10.85,-17.1,-2.97,-15.82,-2.19,,-5.83,,,-17.67,-6.73,,,,,,-4,-4,-8,-9.31,-9.15,0.24,-6,,,,-1,-4,-2.9,-6.7,-1.27,-8.1,,-5,,-5.08,-5.48,,-5.7,-3.32,-4,-6.73,-6,-10,2.1,4.60,,33,34,3,-8,-0.62
UCLA,Houston,-3,-7,-6.24,-14.36,-17.69,-6.48,-0.3,-4.24,-10,-13.6,-4,-19.38,-8,-9.78,-6.46,-7.55,-9.27,-6.36,-10.54,-9.65,-12.85,-3.91,-0.01,-1.97,,-3.08,,,-19.05,-6.48,,,,,,-4,-3,-13,-6.34,-10.04,-5.4,-3,,,,-6,-3,-9.1,-6.9,-9.83,-1.3,,-8,,0.91,-3.45,,-9.85,8.62,-10,-4.2,-3,3,12.9,5.18,,13,31,3,-13,-6.99
UTEP,New Mexico St.,16,11.95,13.31,11.31,13.56,7.64,15.4,12.63,20,19.98,11,13,15,11.29,19.46,21,18.02,13.58,16.42,14.45,11.8,18.21,9.03,5.66,,12.63,,,11.25,12.63,,,,,,21,18,15,15.12,9.63,9.48,16,,,,13,15.5,15.8,14.2,22.82,12,,15,,10.25,7.08,,9.95,11.85,15,10.18,10,24,3.1,4.17,,10,42,3,10,12.1
Utah St.,Fresno St.,-3.5,-13.21,-8.72,-10.73,-3.78,-4.81,-1.1,-15.58,1,-3.19,-3,-8.6,-7.5,-10.78,-15.01,-4.52,-16.45,-5.59,-4.73,-7.45,-13.35,-3.19,-18.61,-2.34,,-0.72,,,-11.33,-4.66,,,,,,-1,-10,-8,-2.06,-10.37,-6.42,-3,,,,-2,-3.5,-1.2,-7.4,1.88,-3.7,,-10,,-0.92,-3.25,,-12.2,-4.66,-9,-3.3,-2,-3,20.8,5.09,,41,24,3,-6,-11.42
Virginia Tech,East Carolina,20.5,2.16,17.35,13.5,3.82,9.72,20.34,-5.14,20,21.16,14,-6.98,5,9.9,4.37,21.59,15.22,13.3,2.53,9.95,24.35,21.71,7.18,12.43,,16.56,,,-10.6,14.65,,,,,,17,17,16,14.76,9.43,15.47,14,,,,26,20,13.3,14.7,23.05,12.8,,26,,8.36,21.3,,14.65,29.28,19,10.65,15,20,25.5,8.24,,27,49,3,5,22.09
Washington,Nebraska,-3,-1.6,-6.02,-4.07,-13.59,-4.97,-9.66,-1.53,3,0.44,-9,-11.27,-10.5,-1.73,-11.88,-7.37,-4,-6.37,-3.13,-5.35,-12.8,-3.14,-10.01,-9.62,,-8.24,,,-12.33,-6.02,,,,,,-10,-6,-6,-1.39,-8.6,-8.97,-12.5,,,,-4,-3.5,-10.6,-5.6,-7.19,-5.4,,-10,,-3.22,-4.52,,-8,-7.41,-8,-3,-4,-6,-2.7,3.83,,56,21,3,-8,-6.59
West Va.,Maryland,10,4.63,7.65,3.9,11,5.89,10.38,4.63,9,4.22,14,-0.64,12,4.66,8.46,14.97,10.48,9.24,3.55,-0.45,12.45,9.02,14.33,7.92,,6.84,,,5.74,8.89,,,,,,10,13,7,5.21,13.04,16.77,16.5,,,,15,10,11.2,10.3,17,7.6,,13,,6.21,8.89,,2.15,20.49,14,7.22,7,8,23,4.56,,17,31,3,13,11.52
Western Kentucky,Indiana,-12,-5.43,-16.32,-15.79,-18.09,-12.46,-13.66,-1.54,-5,-35.39,-10,-16.19,-9.5,-9.4,-20.48,-15.94,-15.84,-12.82,-12.36,-15.85,-15.8,-16.55,-6.98,-5.76,,-13.03,,,-16.22,-12.87,,,,,,-14,-13,-19,-21.87,-9.15,-10.31,,,,,-9,-12,-8.8,-10.1,-10.92,-15.7,,-11,,-8.35,-10.85,,-17.4,-6.92,-16,-11.08,-10,-14,-8.8,5.55,,38,21,3,-13,-12.87
Western Mich.,Toledo,3,3.12,-1.52,3.1,10.23,4.56,0.65,-1.88,2,0.01,9,-6.27,6.5,7.93,-4.02,7.08,3.42,3.52,-4.85,2.95,0.6,0.61,-4.57,2.88,,3.78,,,-1.86,3.42,,,,,,6,4,6,0.54,1.61,4.17,8.5,,,,4,3,3.7,4,12.13,6,,9,,1.01,4.31,,0.3,7.14,6,-1.47,5,3,12.4,4.76,,37,24,3,3,7.36
Wisconsin,Arizona St.,13,8.4,9.87,7.9,6.26,3.05,11.05,11.85,15,8.05,18,2.75,9,4.98,17.5,6.66,10.68,10.72,6.31,7.25,14.35,10.85,18.77,17,,8.58,,,10.23,10,,,,,,9,15.5,14,6.71,15.65,18.42,12,,,,21,13,11.8,15.3,24.96,3.6,,18,,5.37,11.75,,3.55,11.59,17,7.1,5,7,11.6,5.26,,19,20,3,10,13.5
Wyoming,Boise St.,-23.5,-20.53,-26.33,-31.1,-17.27,-17.7,-27.8,-21.04,-23,-22.41,-20,-28.64,-18.5,-21.05,-24.93,-31.3,-29.95,-23.33,-15.27,-30.55,-35.3,-26.36,-19.07,-19.9,,-21.28,,,-18.49,-23,,,,,,-26,-21,-25,-16.3,-22.41,-29.38,-28,,,,-25,-23.5,-34.9,-24,-35.58,-22.6,,-32,,-10.19,-24.13,,-30.95,-23.37,-32,-16.58,-18,-28,-9.8,6.04,,51,6,3,-12,-29.22
Arizona,California,6,8.5,12.38,6,5.47,6.41,7.39,11.45,18,12.28,11,7.07,9,4.41,15.05,18.04,8.22,8.94,12.99,5.85,13.1,4.75,10.82,12.03,,7.64,,,21.06,8.5,,,,,,5,4.5,12,9.37,10.48,3.23,7,,,,6,6,9.5,1,9.7,6,,5,,6.47,4.99,,8.3,-1.74,11,12.3,5,11,8.5,4.30,,9,10,4,12,1.95
Arizona St.,Oregon,-11.5,-12.74,-11.69,-27.32,-15.85,-13.93,-13.8,-12.93,-4,-27.96,-15,-26.68,-12,-12.93,-12.49,-22.04,-23.68,-16.89,-20.45,-26.65,-21.05,-9.58,-17.33,-16.54,,-13.5,,,-11.8,-15,,,,,,-19,-10.5,-15,-18.45,-13.45,-23.46,-16,,,,-15,-12,-17.2,-9,-34.63,-23,,-25,,-8.94,-21.31,,-24,-18.7,-24,-13.37,-11,-15,-8.4,6.45,,42,31,4,-19,-17.45
Arkansas,Alabama,-7,-6,-4.09,-10.58,-15.87,-11.45,-8.64,-0.89,-10,-13.66,-6,-19.84,-9.5,-11.02,-12.58,-20.45,-11.92,-9.67,-7.81,-15.55,-5.15,-14.02,-8.18,-2.5,,-7.01,,,-8.65,-9.8,,,,,,-9,-4,-13,-8.54,-1.6,-7.95,-10.5,,,,-3,-7.5,-9.2,-15,-15.27,-12.2,,-15,,-3.42,-10.47,,-9.8,-12.69,-10,-9.81,-7,-10,-10.8,4.37,,24,20,4,-6,-6.5
Auburn,South Carolina,3,0.92,1.73,-0.33,0.01,-1.46,-1.56,4.02,-5,-4.38,2,-5.44,4.5,-1.38,2.24,6.95,5.46,1.71,-2,-0.65,1.9,4.81,5.79,3.75,,5.08,,,-3.2,1.93,,,,,,5,1,0.01,-0.83,2.5,2.34,6,,,,1,3,-0.3,13,6.63,-2.2,,4,,2.72,-1.75,,-2.25,4.15,4,-0.64,3,1,4.2,3.75,,27,35,4,5,1.9
BYU,Nevada,-4.5,-3.34,-13.48,-19.01,-5.37,-9.41,-7.12,-0.19,-23,-11.93,-1,-17.84,1,-6.3,-2.87,-0.58,-6.08,-5.53,-15.28,-13.55,-8.7,3.25,6.13,-2.89,,8.72,,,-24.94,-5,,,,,,-1,-2.5,-6,-3.54,-7.19,1.46,3.5,,,,1,-4.5,-6.8,-2.5,-19.06,-15,,-16,,4.85,-4.69,,-17.05,17.15,-5,-9.43,1,-3,8.9,8.18,,27,13,4,-12,-3.37
Boise St.,Oregon St.,18.5,15.45,16.19,18.9,18.07,12.35,16.71,15.48,25,17.8,20,19.34,17,15.43,16.51,13.37,24.92,16.97,4.65,19.75,14.75,12.57,11.92,17.24,,11.87,,,18.34,16.51,,,,,,15,16,14,13.49,13.56,23.63,18.5,,,,16,18.5,23.4,16,37.64,19.1,,27,,9.19,18.48,,18.3,12.14,23,13.38,12,14,13.2,5.29,,24,37,4,19,19.71
Boston College,Virginia Tech,-4.5,-1.79,-1.08,-6.23,-1.03,-4.15,-10.91,0.71,6,-13.6,7,1.22,2.5,-4.54,4.59,-11.33,-8.89,-3.25,0.11,-4.35,-10,-0.01,3.5,2.18,,-8.2,,,9.49,-4.1,,,,,,-7,2,-2,-5.43,1.09,-8.17,-9,,,,-8,-4.5,-9.4,8,-2.64,-8.2,,-3,,2.74,-6.79,,-11,-8.2,-5,-4.1,-8,-10,-7.3,5.75,,19,0,4,-1,-4.09
Cincinnati,Oklahoma,-13.5,-16.24,-13.26,-11.2,-7.08,-14.4,-15.73,-21.63,4,-17.3,-13,-15.26,-8,-11.61,-17.33,-6.24,-13.95,-11.73,-9.1,-19.55,-21.7,-14.34,-9.29,-14.93,,-6.47,,,-26.68,-12,,,,,,-11,-13,-16,-10.14,-13.43,-5.95,-4,,,,-12,-13.5,-13.2,-19,-7.73,-11.3,,-13,,-2.97,-11.68,,-12.35,-3.78,-12,-9.5,-4,-10,0.4,5.67,,31,29,4,-9,-13.53
Colorado St.,Idaho,-8.5,-11.36,-13.14,-21.03,-13.42,-12.09,-13.61,-5.82,-15,-18.29,-12,-29.06,-7,-17.4,-11.65,-14.77,-17.37,-13.34,-17.88,-23.55,-16.75,-6.64,-12.26,-0.96,,-10.94,,,-21.06,-13.24,,,,,,-8,-7,-12,-10.21,-13.24,-12.87,-6,,,,-3,-9,-22.1,-15.4,-21.94,-20.3,,-22,,-2.14,-17.57,,-24.05,-0.47,-17,-18.02,-5,-15,-8.1,6.60,,34,36,4,-19,-6
Connecticut,Buffalo,20,11.95,10.19,17.62,12.14,12.67,19.17,10.87,23,12.97,15,24.57,12,13.2,19.69,14.68,20.97,15.88,11.9,17.65,18.45,19.13,25.04,11.57,,17.31,,,15.92,16.05,,,,,,18,21,19,10.37,16.05,19.18,13,,,,17,19.5,15.9,9,17.05,15.7,,20,,7.78,17.76,,12.15,18.15,25,8.99,10,22,16.4,4.53,,21,45,4,6,21.21
Duke,Army,6,8.93,-0.85,4.5,1.18,8.12,11.45,12.1,3,7.93,7,7.44,5.5,5.73,15.24,6.94,13.4,8.52,13.84,9.35,11.3,16.71,9.2,5.15,,16.52,,,0.31,8.12,,,,,,9,6,7,8.72,6.22,5.94,2,,,,11,6,13.6,4,-7.87,11.4,,4,,9.51,9.82,,6.65,11.02,8,13.41,4,21,17.8,4.99,,35,21,4,1,10.23
Florida,Kentucky,14.5,16.98,8.45,16.68,24.92,16.64,18.1,17.21,4,17.16,20,15,22,16.8,19.58,11.66,27.32,16.92,13.21,18.85,14.1,19.9,21.04,14.28,,15.57,,,17.6,17.21,,,,,,19,16,18,17.76,14.55,24.33,19.5,,,,18,15,16.5,16,9.44,12.5,,15,,18.36,19.58,,10.95,12.22,19,17.89,15,25,19.3,4.35,,14,48,4,7,16.93
Florida Atlantic,North Texas,10,19.49,19.13,13.22,14.91,13.32,13.06,23.31,15,15.19,14,16.65,19.5,15.87,25.35,14.91,20.67,12.91,16.58,17.15,16.9,7.36,9.42,6.46,,11.15,,,27.97,13.62,,,,,,13,8,12,13.12,13.67,7.91,11.5,,,,1,10.5,14.1,-1,5.77,11.2,,14,,11.05,12.75,,7,1.2,9,14.21,8,14,14.2,5.77,,21,17,4,15,9.72
Florida St.,Wake Forest,19,15.5,6.83,15.1,12.05,12.53,11.35,12.37,5,17.33,19,18.98,11.5,18.29,8.96,11.01,23.1,12.69,4.07,20.05,20.95,13.04,14.13,7.07,,10.57,,,7.43,12.53,,,,,,16,19,19,11.28,13.84,12.87,13,,,,8,18,10.5,13,15.36,14.5,,23,,5.23,16.51,,15.25,10.78,21,7.94,10,11,12.8,4.71,,0,31,4,5,18.62
Georgia Tech,NC St.,8,3.17,-6.13,7.93,6.91,6.61,12.41,0.1,3,6.95,7,-1.68,7,6.22,-11.62,11.76,12.48,6.72,5.06,6.15,7.25,5.29,7.23,7.12,,7.55,,,-13.74,7,,,,,,12,9,8,5.24,3.48,16.59,13,,,,11,8,10.9,-6,11.48,4.3,,15,,3.52,11.94,,11.3,15.57,15,1.64,9,17,22.1,6.26,,45,28,4,1,12.12
Houston,Tulane,19.5,20.32,17.19,26.09,25.11,21.94,22.45,18.52,31,17.89,26,29.01,22,22.19,22.92,30.55,34.46,24.44,15.53,25.75,28.05,32.58,22.38,13.99,,20.66,,,24.89,24.89,,,,,,32,19.5,30,11.48,22.53,27.05,28,,,,33,20,23.7,14.7,34.69,26.8,,36,,5.08,25.09,,26.35,27.77,34,19.9,19,38,30.5,6.38,,23,42,4,18,16.59
Indiana,Akron,22,24.53,22.23,24.86,18.14,20.63,17.8,27.71,43,27,22,32.08,16.5,21.74,28.5,20.68,22.5,22.14,23.57,24.85,24.05,21.21,21.6,10.76,,22.32,,,40.98,21.77,,,,,,17,15,22,19.61,20.08,16.48,14,,,,9,22,21.3,26,38.86,25.1,,26,,12.21,19.96,,24.4,10.4,19,23.51,11,25,19.6,6.95,,20,35,4,22,15.44
Iowa,Ball St.,28,27.16,20.73,25.16,26.99,21.87,29.12,28.09,40,32.47,21,32.06,19,26.76,38.96,26.11,38.71,27.49,29.83,31.45,44.25,33.92,42.83,17.23,,33.19,,,29.74,28.09,,,,,,31,28,29,25.69,32.62,25.65,22,,,,21,28,28.2,10,31.72,28.7,,34,,18.9,25.42,,23.45,24.35,30,29.33,18,31,25.8,6.37,,0,45,4,21,26.29
Kansas,New Mexico St.,23,24.42,22.21,26.01,25.26,25.95,32.96,24.27,29,38.78,14,23.66,20,24.59,19.81,35.4,35.91,24.26,31.07,30.65,31.2,24.04,21.21,4.59,,22.57,,,19.67,24.27,,,,,,31,23,26,30.25,17.87,17.95,30.5,,,,20,23,26.9,14,27.72,32.3,,31,,21.72,24.68,,24.6,24.62,30,20.03,19,35,23.2,6.66,,16,42,4,13,24.27
Kansas St.,Central Florida,7,9.07,8.04,1.51,4.27,6.14,5.09,14.26,12,11.79,7,2.62,6,4.39,8.32,9.22,6.71,6.85,7.67,4.95,12.95,10.33,10.56,4.98,,6.97,,,17.43,6.23,,,,,,5,7,4,11.45,9.8,-2.75,3.5,,,,4,7,1.7,11,11.32,2.9,,7,,11.1,5.62,,-7.3,1.63,5,6.23,3,21,6,4.43,,13,17,4,4,7.76
LSU,West Va.,10,11.67,11.64,12.87,7.21,15.09,12.75,9,18,17.38,10,19.4,8,14.16,7.05,11.7,19.39,11.46,15.76,19.05,17.55,13.01,8.83,6,,15.02,,,14.25,11.7,,,,,,14,5,10,11.07,10.48,6.61,8,,,,2,10,14.2,7,9.08,13.6,,15,,4.77,13.47,,11.95,1.82,11,15.42,10,14,10.6,4.32,,14,20,4,2,9.69
Louisiana Tech,Southern Miss.,-3.5,-8.46,-10.29,-7.43,-6.22,-5.35,-4.26,-10.36,-19,-11.05,-6,-9.51,-4.5,-6.78,-10.26,1.9,-6.91,-6.21,-14.22,-7.25,-14.6,0.39,-6.64,-0.93,,-3.22,,,-10.73,-6.22,,,,,,-3,-6.5,-10,-7.49,-8.58,-4.07,5.5,,,,-2,-3.5,-6.3,-10,-10.28,-13.3,,-8,,-3.94,-2.83,,-9.4,0.01,-3,-6.18,-2,-4,4.5,4.50,,13,12,4,-7,-5.51
Louisiana-Lafaye,Middle Tenn.,-1.5,6.84,11.64,-3.53,-4.1,-1.1,-7.09,13.21,10,-5.78,5,1.33,1,0.62,9.17,-3.89,-5.46,-1.28,3.56,-5.35,-1.65,-8.39,-3.48,0.68,,0.3,,,22.53,-3.53,,,,,,-10,1,-4,-0.44,2.64,-5.2,-13,,,,-5,-1.5,-2.3,-6,-5.24,-5.2,,-3,,4.9,-2.89,,-10,-8.41,-7,2.32,-5,-7,-5.9,6.80,,34,14,4,-3,-4.14
Marshall,Ohio,6,3.8,1.04,1.12,-2.66,2.1,1.03,2.66,7,3.46,3,5.17,1.5,4.99,0.27,11.27,4.49,2.92,11.65,1.45,1.55,7.01,4.02,-0.01,,4.76,,,-7.49,3,,,,,,3,6,-1,4.14,1.31,3.67,0.5,,,,2,5.5,5.1,1,6.54,-2,,8,,4.81,4.36,,-3.55,3.23,5,1.33,4,7,2.6,3.70,,23,24,4,1,7.76
Maryland,Florida Intl.,12,19.13,10.73,16.09,11.93,9.88,15.99,23.12,5,6.5,18,12.14,14.5,15.1,26.94,6.6,17.76,13.9,8.42,13.45,18.9,18.89,20.81,12.37,,18.29,,,12.41,13.36,,,,,,18,14.5,17,8.02,15.12,10.28,4,,,,12,12,10.4,18,4.31,16.6,,11,,9.54,11.81,,6.6,15.17,19,8.2,7,13,10.9,5.40,,28,42,4,13,18.19
Michigan,Bowling Green,25.5,18.19,19.81,10.66,11.5,12.59,17.58,23.08,18,17.84,20,20.62,12.5,13.71,25.75,12.77,16.81,15.86,11.17,12.85,28.15,17.02,13.26,19.77,,15.83,,,38.05,15,,,,,,8,20,17,15.4,22.39,6.54,3,,,,14,24,11,14,21.18,17.7,,22,,12.96,16.57,,3.95,17.1,15,9.52,8,15,10.7,6.52,,21,65,4,12,18.8
Minnesota,Northern Ill.,4,7.57,9.46,7.65,2.99,8.48,12.28,5.99,1,14.63,6,6.21,6.5,9.24,2.51,11.23,9.09,6.75,12.92,10.15,12.75,2.68,7.98,7.94,,9.74,,,2.86,7,,,,,,6,5,5,13.44,7.26,4.8,3.5,,,,1,4.5,1.3,8,-4.24,7,,2,,12.26,6.25,,1.75,11.02,4,6.95,7,17,4.5,3.98,,34,23,4,3,8.63
Mississippi,Fresno St.,2,-10.11,-10.56,-12.78,3.69,-4.57,3.53,-11.12,-37,-0.76,-7,-18.06,-2.5,-9.12,-18.56,-4.23,-5.68,-5.28,-17.8,-6.55,-10.95,-3.67,-3.75,-4.43,,8.13,,,-24.96,-4.46,,,,,,4,3,-6,2.12,-11.23,-4.46,7.5,,,,7,1.5,-11.9,1,-5.08,-11.2,,-15,,5.01,-0.79,,-13.2,5.59,-7,-9.07,4,7,6,8.99,,38,55,4,1,1.51
Mississippi St.,Georgia,-1,-1.14,1.59,-3.27,-2.45,-1.88,-3.44,-0.77,-1,1.41,-1,-3.16,-2.5,-1.77,1.32,-1.65,-0.99,-1.32,0.47,-2.05,-6.3,-0.36,-1.67,3.16,,0.36,,,-0.44,-1.77,,,,,,-3,3.5,-1,-0.25,-2.26,-4.94,2.5,,,,-6,-1,-4.8,-2,4.25,1.5,,0,,-1.91,-2.1,,-2.35,3.48,-3,1.29,-2,-3,0.6,2.31,,12,24,4,-3,-4.78
Missouri,Miami (Ohio),20,16.54,12.03,18.05,23.84,17.9,17.11,16.16,7,13.67,20,25.69,20,16.95,22.92,13.77,27.09,19.23,16.45,20.85,32.25,26.8,23.69,12.03,,19.81,,,18.27,19.13,,,,,,24,18,25,13.31,22.72,17.78,19,,,,19,20,14.8,30,16.07,19.7,,20,,12.96,22.15,,15.1,23.89,21,13.99,14,24,21.9,4.59,,13,51,4,17,20.53
Northwestern,Central Mich.,6.5,12.35,8.46,1.53,6.1,5.35,2.93,17.54,1,-1.75,10,8.82,6,6.78,11.12,-9.12,2.43,4.82,3.42,3.05,4.3,5.09,2.62,10.9,,10.18,,,12.5,4,,,,,,-1,7.5,9,2.5,8.56,-2.85,-7.5,,,,3,6.5,3.3,6,-3.35,1.2,,1,,6.75,3.57,,-5.2,1.79,-1,4.99,2,3,-0.9,6.19,,25,30,4,4,7.95
Notre Dame,Stanford,-4.5,-8.44,-13.83,-15.4,-11.4,-10,-12.88,-8.99,-22,-22.37,-9,-21.59,-5,-7.86,-9.73,-15.88,-16.72,-10.99,-15.7,-17.85,-20.15,-7.06,-8.46,-4.27,,-11.49,,,-19.46,-11,,,,,,-12,-1,-5,-13.27,-11.37,-10.53,-3,,,,-7,-5.5,-13.9,9,-13.7,-16.1,,-18,,-4.18,-10.62,,-18.25,-0.55,-16,-14.79,-4,-11,-2.5,6.11,,37,14,4,-17,-4.88
Ohio St.,Eastern Mich.,44.5,43.8,31.97,49.03,45.25,40.12,53.22,44.57,34,54.52,40,52.05,37,43.51,64.36,45.61,62.54,45.54,41.74,55.55,57.9,53.07,44.91,29.41,,45.17,,,45.42,45.17,,,,,,51,42,55,42.42,41.8,45.27,43.5,,,,40,44.5,49.6,41,52.56,49.4,,52,,30.31,44.64,,49.1,48.37,55,35.58,33,56,43.3,7.55,,20,73,4,39,45.09
Penn St.,Temple,13.5,9.47,-0.28,4.77,13.25,11,13.35,6.67,10,10.85,8,7.41,9,12.14,8.24,16.5,11.75,10.35,9.52,8.85,19.3,16.02,7.51,10.63,,15.27,,,-8.25,10.63,,,,,,17,15,11,10.41,9.29,9.67,14,,,,16,13,12.6,6,14.17,10.3,,13,,9.97,10.99,,3.25,17.2,14,9.33,11,17,16.4,4.66,,13,22,4,1,13.39
Pittsburgh,Miami (Fla.),-3.5,3.23,3.67,-4.6,3.53,2.16,1.64,4.07,3,0.63,1,-4.17,4.5,1.89,-1.72,4.1,1.7,0.48,2.25,0.75,1.6,1.55,5.6,1,,0.15,,,0.4,1,,,,,,3,1,-1,1.08,1.08,1.18,2,,,,-2,-2.5,0.2,0.5,-5.92,-1.5,,0,,1.54,-2.56,,-3.55,-6.2,-3,4.12,2,4,4.9,3.06,,31,3,4,-1,-3.29
Purdue,Toledo,11.5,6.2,0.61,10.86,9.73,9.67,12.81,2.9,2,11.19,6,1.2,7,9.22,2.68,15.14,10.35,8.62,3.95,8.85,9.1,17.68,2.5,10.66,,10.99,,,-3.85,9,,,,,,15,11,10,8.11,6.38,3.18,14.5,,,,6,11.5,8.4,7,15.07,9,,7,,5.04,10.94,,5.05,18.67,11,0.23,11,18,17.6,4.70,,31,20,4,6,12.34
Rice,Baylor,-7.5,-6.67,-2.95,-10.57,-6.84,-6.39,-10.51,-5.19,1,-13.1,-5,-5.54,-3,-8.16,-9.73,-11.29,-13.76,-8.43,-14.03,-12.45,-16.3,-12.14,-2.27,-3.51,,-10.55,,,-1.48,-8.16,,,,,,-16,-10,-11,-9.78,-8.11,-1.01,-13.5,,,,-7,-7.5,-11.5,-16,-8.5,-10.8,,-8,,-6.45,-10.49,,-11.1,-7.73,-17,-9.95,-4,-17,-7.5,4.30,,30,13,4,-5,-4.48
Rutgers,North Carolina,-2,3.93,12.34,-7.03,11.9,-3.08,-2.24,8.34,8,-6.03,2,-1.41,8,-1.43,17.97,-7.82,-5.77,0.45,-3.88,-5.75,4.4,-3.26,-0.01,2.67,,-2.2,,,18.83,-1.43,,,,,,3,-2,-3,-3.06,6.21,-5.16,0,,,,-6,-2,-2.8,11,-7.2,0.7,,-4,,-0.01,-2.21,,-7.6,-8.59,-5,0.32,2,7,2.1,6.58,,17,13,4,1,-3.6
SMU,TCU,-17.5,-14.3,-9.45,-28.47,-25.28,-15.14,-20.35,-16.04,-11,-22.96,-16,-16.69,-17,-12.57,-26.16,-21.15,-22.08,-18.02,-15.74,-22.05,-24.3,-18.06,-12.77,-13.19,,-19.7,,,-14.89,-17,,,,,,-22,-16,-18,-15.79,-14.69,-15.94,-16,,,,-25,-17.5,-19.4,-23,-21.66,-18.9,,-22,,-8.62,-20.83,,-28.85,-15.92,-21,-11.8,-14,-18,-15.8,5.07,,41,24,4,-12,-17
San Diego St.,Utah St.,9,9.25,5.45,8.2,2.76,3.31,-0.31,9.2,-3,2.88,8,7.85,7,9.53,4.74,-2.99,5.51,5.22,-0.97,6.05,2.25,0.2,3.26,3.68,,4.56,,,4.24,4.74,,,,,,6,6,9,2.11,5.32,1.96,1,,,,2,8.5,3.8,16,9.37,1.2,,10,,1.34,5.6,,6.45,2.96,26,5.11,-2,4,1.9,5.07,,7,41,4,9,8.4
South Florida,Western Kentucky,27.5,25.09,12.96,29.1,31.92,24.4,28.33,23.6,9,27.29,29,31.25,26.5,26.8,34.84,24.66,41.19,26.95,26.43,33.05,30.5,32.32,28.88,13.06,,29.15,,,21.24,27.29,,,,,,37,28.5,34,24.9,23.55,30.14,,,,,21,27.5,25.9,11,24.31,37.5,,35,,22.51,27.68,,28.5,29.87,33,25.65,20,35,26,6.43,,12,24,4,23,30.19
Tennessee,UAB,14,17.41,3.59,17.23,16.35,18.4,15.01,15.1,1,20.48,13,15.86,16,19.88,13.39,20.94,23.66,15.34,11.59,17.15,26.4,18.02,13.99,9.77,,19.51,,,7.87,16,,,,,,18,14,18,17.39,15.81,4.53,9.5,,,,8,14,9.7,22,16.48,20.2,,20,,14.3,20.31,,10.8,23.5,15,13.25,13,29,19.5,4.86,,29,32,4,8,17.51
Texas,UCLA,15.5,23.63,15.54,18.57,34.73,15.24,20.91,24.66,12,24.61,21,19.86,25,23.21,24.9,20.07,26.98,20.52,17.44,17.55,26.4,21.94,21.46,19.16,,20.74,,,20.4,20.4,,,,,,23,21,19,22.36,20.27,25.13,22.5,,,,18,16.5,19.5,19,25.16,21.2,,19,,20.11,18.9,,14.85,12.31,24,13.79,15,22,16.3,3.99,,34,12,4,24,23.11
Troy St.,Arkansas St.,11,10.54,6.12,14.94,11.48,13.57,14.73,9.28,13,16.65,8,17,12.5,11.95,10.22,21.26,16.13,12.79,13.34,17.05,16.9,21.08,17.38,8.06,,8.85,,,4.82,13,,,,,,17,11,12,12.17,11.9,13.13,19,,,,10,11,14.2,13,18.98,13.5,,17,,7.7,12.33,,3.9,12.76,13,12.75,12,14,13.4,3.96,,28,35,4,8,12.46
UNLV,New Mexico,10.5,0.2,9.05,16.22,14.61,7.03,9.7,-3.82,23,2.7,9,19.28,6,4.13,8.84,12.07,18.12,9.92,6.41,12.35,6.65,15.46,9.51,7.36,,6.81,,,7.78,9.01,,,,,,11,10,8,5.68,6.83,17.37,14.5,,,,7,10.5,10.5,-3,19.27,21,,16,,8.65,16.31,,11.1,9.01,16,6.77,6,3,12.5,6.01,,10,45,4,6,13.11
UTEP,Memphis,11.5,3.77,8.68,9.89,9.57,6.01,4.16,0.01,7,8.92,12,9.45,9.5,7.5,5.45,16.83,7.02,8.68,3.86,8.35,9.85,12.7,0.61,6.36,,5.37,,,14.59,8.68,,,,,,11,11,10,6.18,9.52,9.7,10,,,,13,10.5,8.5,14,18.57,8.8,,10,,3.43,7.92,,2.6,6.58,12,4.53,6,10,9.3,4.40,,13,16,4,14,7.67
Utah,San Jose St.,30,26.13,20.79,29.6,35.85,24.11,32.25,23.37,11,34.88,25,26.06,25,28.78,34.5,29.74,37.83,28.55,22.52,34.65,45.15,27.8,35.2,23.08,,31.3,,,24.63,28.3,,,,,,34,29,34,31.29,31.81,32.79,30.5,,,,26,30,28.3,24,38.28,32.9,,32,,27.71,23.42,,27.4,27.48,31,21.38,19,42,20.5,5.50,,3,56,4,29,29.73
Washington St.,USC,-22,-23.79,-17.53,-26.42,-38.37,-22.57,-25.21,-24.84,-16,-25.39,-21,-21.54,-26,-23.51,-19.42,-31.05,-29.71,-23.32,-23.74,-26.35,-43.25,-28.76,-25.14,-10.3,,-23.56,,,-21.81,-23.56,,,,,,-29,-24,-25,-18.6,-26.11,-20.87,-25,,,,-22,-22,-18.3,-16,-24.87,-28.9,,-24,,-11.82,-22.37,,-20.75,-20.39,-29,-16.57,-18,-28,-20.2,5.33,,50,16,4,-22,-26.12
Wyoming,Air Force,-13.5,-14.15,-9.52,-22.47,-22.59,-15.33,-16.11,-9.91,-13,-28.98,-9,-20.98,-9.5,-18.08,-14.61,-27.3,-21.94,-16.01,-21.63,-28.25,-29.3,-9.14,-11.34,-7.72,,-15.83,,,-12.37,-15.33,,,,,,-21,-12,-18,-16.43,-16.31,-8.73,-20.5,,,,-9,-13.5,-22.1,4,-31.72,-24.9,,-22,,-3.87,-14.78,,-26.1,-11.28,-23,-15.7,-13,-20,-9.5,7.43,,20,14,4,-12,-10.86
Air Force,Navy,9.5,10.56,10.3,8.93,8.02,7.01,7.55,11.85,7,14.37,9,11.18,7.5,9.37,14.6,6.72,13.02,9.69,13.22,15.05,11.46,15.78,16.75,7.32,,15.79,,,8.59,9,,,,,,13,7,12,11.05,10.87,11.05,10,0.58,,,15,9.5,12.4,5,8.85,15.3,,9,,7.74,7.39,3,3.1,4.24,13,8.33,4,8,9.6,3.56,,6,14,5,4,6.66
Akron,Northern Ill.,-13.5,-15.11,-12.42,-14.33,-13.87,-15.43,-11.85,-19.13,-26,-15.75,-12,-20.18,-10,-11.53,-30.38,-24,-19,-13.63,-18.85,-15.15,-16.42,-13.03,-18.43,-0.01,,-9.31,,,-21.08,-13.87,,,,,,-12,-14,-17,-10.94,-9.35,-12.66,-14.5,-27.06,,,-12,-13.5,-13.4,2,-23.01,-15.7,,-26,,-6.14,-13.77,-25,-16.4,-2.95,-17,-19.23,-7,-15,-10.7,5.98,,50,14,5,-9,-10.74
Alabama,Florida,8,4.58,9.78,5.71,8.18,4.19,7.15,4.21,17,5.72,7,13.19,2,4.96,14.13,5.93,7.15,8.17,9.72,6.25,5.54,11.97,5.29,9,,6.17,,,3.09,6.9,,,,,,8,7,9,2.2,4.83,6.9,3.5,9.92,,,7,8,10.5,24,18.74,13.7,,19,,-1.33,9.01,18,2.65,19.71,11,6.9,2,3,6.4,4.70,,6,31,5,5,6.81
Arkansas St.,Louisville,-4.5,-2.62,-2.09,-3.21,0.12,-2,-9.04,-1.72,-2,-10.41,-1,-4.36,-0.5,-3.68,-10.68,-0.67,-3.24,-3.59,-8.92,1.05,-9.17,-5.5,-1.22,-0.1,,-6.62,,,0.99,-2.4,,,,,,-4,-6.5,-7,-5.6,-2.22,2.09,1,-2.32,,,-2,-4.5,-2.4,-9,-5.37,-6.4,,-5,,-0.79,-4.59,-14,-5.4,-1.52,-1,-1.8,-2,-6,8.1,3.41,,34,24,5,-2,-11.04
Army,Temple,-6.5,-6.29,-5.8,-8.39,6.5,-6.09,-8.92,-8.61,-6,-11.85,-2,-8.33,-2.5,-3.98,-10.92,-2.88,-14.73,-6.48,-4.88,-11.15,-16.54,-4.66,-17.07,-0.26,,-12.02,,,-7.53,-6.09,,,,,,-7,-6,-8,-7.26,-6.4,-11.51,-7.5,-5.99,,,-5,-6.5,-6.9,-1,5.02,-2.2,,-5,,-2.66,-10.75,-14,-9.45,-7.93,-12,-4.23,-4,-11,-3,4.64,,42,35,5,-3,-5.42
Auburn,Louisiana-Monroe,35,32.3,31.57,33.37,29.96,31.35,33.64,36.04,25,34.09,29,35.59,24.5,29.54,46.07,26.64,40,31.8,35.97,36.75,47.71,30.02,30.54,25.78,,31.89,,,44.47,31.7,,,,,,28,30,38,27.97,36.55,26.6,17,40.68,,,25,34.5,34.4,33,36.6,31.7,,45,,21.84,27.55,43,33.2,30.17,34,32.2,17,31,20.9,6.14,,3,52,5,18,27.84
Baylor,Kansas,9.5,6.86,11.34,9.24,7.73,8.37,3.61,7.43,21,5.11,11,10.3,5,6.29,8.21,3.7,5.28,7.07,7.85,8.35,11,9.85,2.74,8.61,,8.53,,,15.74,7,,,,,,5,5,5,3.97,12.17,3.49,-4,12.69,,,7,9.5,9.6,13,10.13,6,,20,,2.84,6.06,5,0.55,-2.64,5,11.85,-2,1,2.4,4.16,,7,55,5,6,2.62
Boston College,Notre Dame,-2.5,3.66,-0.01,-1.19,10.65,0.01,1.8,6.31,2,1.83,7,-1.73,7,1.09,3.83,-0.48,2.39,2.09,-1.55,1.05,2.54,-4.19,9.71,2.4,,2.25,,,1.78,1.83,,,,,,4,-1.5,3,4.43,3.91,4.85,1,0.01,,,5,-1.5,-1.4,1,-3.88,1.1,,-3,,7.02,1.58,-5,-1.75,1.58,3,-0.93,2,-1,5.9,3.29,,31,13,5,1,4.6
Bowling Green,Buffalo,3,9.08,10.99,2.67,-2.57,7.95,3.71,10.3,9,8.51,5,6.78,8.5,7.86,3.52,6.61,6.02,6.31,16.89,4.85,12.79,6.08,17.86,3.64,,5.69,,,7.94,6.7,,,,,,3,5,8,7.35,7.22,5.34,7.5,12.65,,,-1,3.5,6.7,7.6,-10.18,7,,-1,,6.18,-1.25,13,3.7,1.53,2,10.07,6,14,10.3,4.85,,28,26,5,3,7.59
Central Mich.,Ball St.,18.5,17.91,21.14,24.16,26.74,18.81,18.83,15.44,27,23.37,17,27.89,16.5,21.07,24.96,28,28.38,21.47,21.64,26.25,32.04,22.6,35.77,1.06,,17.91,,,23.27,21.64,,,,,,26,17,17,16.14,21.36,22.41,21,25.46,,,19,18.5,20.8,27,37.27,28.3,,33,,8.9,18.06,34,21.85,12.92,22,18.47,13,28,28.6,6.70,,31,17,5,12,14.22
Clemson,Miami (Fla.),-3,-7.86,-9.54,-9.85,-9.23,-6.87,-4.32,-7.81,-9,-7.58,0.25,-11.38,1,-8.07,-5.09,-1.44,-10.52,-5,-2.03,-10.95,-5.96,-2.85,-4.64,-3.25,,-0.2,,,1.09,-4.48,,,,,,-3,-3,-8,-4.17,-2.69,-2.46,-1,-13.56,,,-4,-3,-7.4,-7,-16.26,-9.6,,-7,,-0.77,-10.14,,-7.75,2.7,-8,-2.95,1,1,8.2,4.05,,30,21,5,-1,-3.5
Colorado,Georgia,-4.5,1.01,8.47,-8.24,5.26,-2.03,-7.6,5.05,3,-7.36,1,-7.59,-2,-3.68,3.76,-3.57,-11.42,-2.87,-1.72,-7.25,-6.13,-8.87,-9.45,2.93,,-9.54,,,14.44,-3.47,,,,,,-9,-2,-2,-3.01,5.12,-8.56,-2,-3.71,,,-3,-4.5,-5.8,-14,1.36,-8.6,,-2,,1.33,-3.47,-6,-4.3,-5.67,5,3.27,-4,-17,-0.8,5.83,,27,29,5,-1,-5.54
Colorado St.,TCU,-33.5,-25.86,-23.62,-40.27,-39.28,-28.36,-37.22,-22.88,-25,-43.02,-28,-40.15,-25.5,-28.93,-34.87,-32.25,-39.15,-31.43,-36.29,-39.85,-45.13,-39.56,-34.24,-21.4,,-33.29,,,-31.16,-32,,,,,,-36,-30,-32,-29.21,-29.55,-34.86,-30,-35.24,,,-33,-33.5,-37.4,-22,-31.77,-41.1,,-40,,-15.39,-29.93,-37,-33.05,-23.76,-41,-25.66,-22,-35,-27.9,6.73,,27,0,5,-19,-30.73
Connecticut,Vanderbilt,7.5,0.84,0.14,9.83,9.6,-0.3,7.27,-1.16,3,1.42,8,4.22,8,2.91,-0.48,-2.02,8.67,5.6,-7.82,7.75,-1.33,9.01,12.78,4.68,,2.2,,,-4.67,6,,,,,,10,10.5,8,1.03,3,20.41,13.5,-0.96,,,11,7.5,8.9,-6,5.33,7.9,,10,,0.63,11.68,-6,10.3,18.39,18,-1.23,6,7,19.2,6.06,,21,40,5,9,4.92
Eastern Mich.,Ohio,-10,-8.01,-3.5,-14.1,-11.81,-6.89,-15.43,-8.08,-4,-12.41,-8,-12.77,-10,-8.09,-8.02,-14,-18.61,-9.7,-3.63,-13.95,-9.04,-14.36,-12.67,-0.15,,-8.84,,,-5.93,-8.83,,,,,,-15,-9,-14,-7.21,-3.02,-14.18,-16.5,-1.88,,,-8,-10,-13.8,-2,-6.52,-12.5,,-12,,-2.01,-8.38,-14,-19.9,-10.45,-19,-5.56,-6,-10,-16.8,4.88,,30,17,5,-6,-8.83
Hawaii,Louisiana Tech,8.5,10.33,16.41,7.71,17.29,8.7,-3.7,10.09,16,-3.81,13,14.11,11.5,10.6,9.93,9.2,7.17,7.38,6.3,6.55,13.21,2.22,6.61,4.22,,3.3,,,12.16,7.71,,,,,,2,6.5,4,1.18,10.09,4.38,-4.5,7.84,,,9,8.5,-2.3,13.8,19.23,16.1,,19,,6.16,7.08,12,-6.7,1.14,8,6.16,1,-3,4.3,5.86,,21,41,5,9,7.34
Illinois,Ohio St.,-17,-12.57,-16.73,-18.89,-15.16,-14.2,-22.69,-12.85,-14,-26.42,-15,-20.15,-17.5,-12.34,-29.24,-20.42,-19.46,-18.47,-22.74,-20.05,-26.58,-15.86,-21.88,-19.84,,-20.21,,,-11.84,-18.89,,,,,,-17,-20,-23,-19.32,-14.53,-25,-22.5,-19.02,,,-21,-17,-20.4,-24,-26.42,-23.4,,-26,,-12.22,-12.31,-14,-19.65,-23.68,-20,-18.04,-13,-18,-16.3,4.55,,24,13,5,-11,-18.12
Indiana,Michigan,-10.5,-11.65,-16.74,-13.95,-12.68,-13.83,-10.44,-12.72,-17,-17.95,-7,-17.61,-6.5,-10.68,-14.67,-12.94,-19.28,-11.17,-11.26,-20.05,-25.5,-10.62,-9.85,-5.06,,-6.51,,,-14.89,-11.65,,,,,,-5,-10.5,-14,-12.17,-12.88,-6.73,-4.5,-21.22,,,-6,-10.5,-11.7,2,-13.67,-13.5,,-20,,-6.39,-12.58,-23,-11.25,-6.85,-13,-11.33,-6,-14,3.4,4.61,,42,35,5,-5,-10.23
Iowa,Penn St.,7,1.44,13.85,10.22,13.56,6.9,2.97,-2.27,15,9.94,3,6.79,2,5.98,0.48,5.37,7.11,6.24,8.48,5.95,6.42,3.96,0.01,8,,3.88,,,1.04,5.95,,,,,,6,7,3,5.3,5.37,4.1,0,11.3,,,6,7,3.1,13,15.31,7.4,,7,,0.67,4.17,15,4.65,2.55,8,10.14,4,7,-0.01,4.25,,3,24,5,5,8.22
Iowa St.,Texas Tech,-7,-5.16,8.38,-4.51,-6.72,0.98,-12.76,-5.69,14,-13.35,-5,-0.14,-7,-4.58,2.47,-7.57,-4.03,-4.68,1.8,-6.65,-9,-13.03,-9.42,-3.02,,-13.01,,,1.74,-5.2,,,,,,-10,-4.5,-7,-6.85,-2.13,-10.89,-9.5,8.62,,,-14,-7,-5.2,-4,-0.57,-9.2,,3,,-0.36,-4.5,6,-10.8,-5.9,-6,6.07,-7,-10,-3.9,5.69,,38,52,5,-5,-10.57
LSU,Tennessee,16.5,19.49,29.92,17.7,21.8,20.83,17.1,19.22,34,16.77,21,22.96,18,19.75,19.57,14.98,23.27,19.09,22.85,17.05,26.67,13.93,20.34,18.41,,15.75,,,29.97,18.41,,,,,,17,16,16,14.03,23.23,16.11,9.5,28.13,,,11,16.5,21.7,13,26.91,15.8,,24,,11.3,15.49,32,12.6,6.52,22,22.61,11,20,13.6,4.90,,14,16,5,14,16.37
Maryland,Duke,9,16.59,23.99,17.34,22.6,15.78,8.7,18.4,26,11.15,20,21.5,16,14.81,20.83,5.42,15.76,14.3,16.37,15.25,19.38,11.12,14.05,7.79,,8.16,,,23.61,14.33,,,,,,16,10,14,9.2,18.88,6.08,3,21.04,,,8,9.5,8.9,17,17.96,10.2,,23,,7.25,7.15,35,5.25,3.3,11,14.33,7,14,5.6,5.59,,16,21,5,12,12.52
Memphis,Tulsa,-9.5,-6.95,-4.78,-5.14,-6.7,-9.83,-0.57,-5.26,-2,-15.07,-6,-11.47,-7.5,-8.62,-2.48,-5.27,-7.19,-6.92,-7.27,-6.05,-13.67,-12.25,-5.3,0.48,,-2.17,,,-9.89,-6.48,,,,,,-4,-13.5,-8,-8.76,-6.88,-9.78,-6,-15.18,,,-13,-9,-0.01,-12,-4.25,-13,,-4,,-2.45,-7.43,-4,-4.9,-5.71,-11,-6.48,-5,-13,-9.1,3.78,,48,7,5,-3,-3.88
Miami (Ohio),Kent,-3,7.84,10.16,-1.79,3.11,3.04,-0.17,10.78,3,-3.55,5,0.22,5,4.99,11.43,3.85,-0.89,1.95,0.35,-2.55,2.88,-1.14,3.98,3.63,,-1.13,,,14.97,1.84,,,,,,-2,0,-3,-1.26,7.09,-2.72,-2.5,1.92,,,1,-2,-4.2,1.5,1.84,1.4,,-1,,1.03,0.01,-3,-6.9,2.47,-2,5.72,2,4,-4.5,4.40,,21,27,5,2,1.31
Michigan St.,Wisconsin,-1.5,0.31,4,-2.83,-0.75,2.2,-1.79,-0.11,2,5.43,-1,-2.42,-0.5,0.64,-6.01,1.84,-4.2,-0.13,2.76,-2.05,4.29,-1.11,-3.58,-2.5,,0.23,,,2.5,-0.5,,,,,,-4,0,-1,2.64,1.55,-5.56,0,6.75,,,-4,-1.5,-2,23,-8.94,-2.6,,2,,-0.16,-2.71,3,-3.4,-5.2,-2,3.38,2,1,0.6,4.62,,24,34,5,1,-0.35
Minnesota,Northwestern,-4.5,-12.16,-20.11,-12.82,-20.06,-12.89,-4.9,-16.01,-20,-2.17,-14,-17.02,-10,-8.43,-15.41,-6.73,-10.22,-10.24,-12.56,-10.45,-19.63,-10.39,-14.6,8.02,,-10.18,,,-31.6,-10.45,,,,,,-3,-4,-9,-1.56,-18.28,-5.67,4.5,-22.82,,,-2,-5,-16.5,-13,-12.01,-10.5,,-18,,-0.95,-2.83,-9,-11.9,5.33,-4,-14.41,1,-1,-1.7,7.42,,29,28,5,-16,-0.13
Mississippi,Kentucky,3,-5.03,6.09,-5.61,-5.86,-0.4,3.97,-6.17,-2,6.18,-3,-2.81,-1.5,-3.96,-4.04,3.38,2.9,0.29,-0.33,4.75,3.13,-0.25,3.44,-3.99,,3.16,,,-2.8,0,,,,,,2,4,0.01,5.4,-1.29,6.54,7.5,4.77,,,-2,3,2.5,-15,-2.71,-7,,2,,4.63,6.23,-1,2.6,1.26,3,0.41,3,10,11.5,4.52,,35,42,5,-3,0.93
NC St.,Virginia Tech,-3.5,0.87,5.85,1.81,8.36,-1.34,-8.01,4.89,15,-7.66,9,1.04,1.5,-3.27,4.7,-11.51,-2.48,-0.63,7.4,-1.45,-4.08,-1.59,6.53,3,,-2.72,,,6.88,-1,,,,,,-5,-3,1,-2.71,5.05,-8.94,-14.5,-2.21,,,-4,-3.5,-3.3,-1,10.17,1.5,,1,,2.23,-6.3,-3,-12.75,-16.22,-3,5.57,-9,-10,-8.6,6.38,,41,30,5,-1,-6.08
New Mexico,UTEP,-14.5,-2.35,-15.79,-20.43,-29.52,-7.91,-11.2,-1.13,-19,-12.43,-12,-14.53,-10,-3.61,-11.03,-7.18,-15.21,-11.93,-12.37,-18.15,-10,-10.88,-2.84,-4.03,,-5.38,,,-19.08,-12.37,,,,,,-12,-15,-13,-5.79,-9.21,-11.49,-9.5,-14.46,,,-8,-14.5,-14.4,-14,-17.32,-19.6,,-19,,0.86,-6.73,-26,-12.8,-0.82,-15,-12.56,-3,-14,-18.5,6.44,,38,20,5,-17,-5.82
New Mexico St.,Boise St.,-43,-38.16,-35.67,-49.08,-45.59,-39.91,-49.51,-38.4,-35,-53.87,-35,-52.08,-34,-37.97,-43.72,-49.89,-56.87,-41.42,-40.92,-51.15,-53.08,-49.76,-41.12,-22.23,,-40.95,,,-48.37,-41.56,,,,,,-43,-37,-44,-39.3,-34.85,-47.11,-41.5,-50.3,,,-46,-43,-46.3,-23,-57.25,-50.7,,-57,,-24.73,-38.71,-44,-44.6,-33.23,-51,-33.55,-27,-42,-34,8.75,,59,0,5,-26,-40.83
North Carolina,East Carolina,14,6.22,3.93,13.56,6.1,7.56,13.96,3.21,8,13.15,18,10.65,4.5,9.16,-3.79,6.99,9.21,10,10.14,9.85,8.71,6.34,8.35,8.23,,12.03,,,-1.05,9.16,,,,,,11,17,14,9.06,6.76,15.65,6.5,8.96,,,17,13.5,13.6,11,14.93,5.3,,11,,4.96,14.4,6,16.15,27.62,20,6.45,4,10,7.9,5.22,,17,42,5,7,12.98
North Texas,Louisiana-Lafaye,5,0.68,13.02,6.5,8.84,7.19,-1.03,-0.5,13,3.18,2,12.7,-2,1.89,10.23,7.62,6.38,5.59,7.63,3.65,4.75,4.83,-3.17,3.89,,2.92,,,7.86,4.83,,,,,,4,3,6,0.93,3.76,-0.25,6,13.83,,,3,5,3.6,4,14.46,7.9,,13,,-1.32,6.46,26,6.35,6.56,2,7.48,1,-1,6.4,4.33,,28,27,5,1,5.96
Oklahoma,Texas,3.5,3.94,7.18,6.44,5.71,3.38,1.91,7.21,6,2.2,5,4.95,3,1.75,13.07,-5.44,,3.12,5.56,7.7,0.71,0.33,3.22,6.5,,0.24,,,9.26,3.29,,,,,,2,4,6,-1.85,4.04,-3.7,-3,3.28,,,3,3.5,5.8,-1,-3.7,3.6,,-4,,-5.9,-1.61,,-1.35,3.29,6,1.46,1,6,-3.9,4.09,,20,28,5,5,2.91
Oklahoma St.,Texas A&M,3,10.16,11.98,9.48,7.01,5.97,5.11,10.91,13,13.84,7,5.18,12.5,9.32,6.03,18.83,12.42,6.28,6.26,13.85,18.92,9.37,20.35,4.75,,10.63,,,8,7,,,,,,8,3,-1,11.61,7.83,8.28,10,-5.4,,,4,3.5,1.3,-1,5.31,8.8,,2,,9.38,-1.22,25,3.85,-6.72,4,4.47,7,14,12.2,5.18,,35,38,5,2,4.01
Oregon,Stanford,7,6.24,-3.05,5.57,5.6,1.08,-1.02,5.73,-1,-2.96,7,7.71,11.5,6.91,3.05,7.64,6.47,5.08,1.34,4.45,2.63,10.46,7.41,9,,3.52,,,-2.68,5.89,,,,,,10,6,7,1.88,2.77,8.78,9,-0.5,,,8,7,0.6,7,8.84,11.6,,-4,,6.73,5.89,1,1.85,17.24,8,-6.59,4,6,11.4,4.04,,31,52,5,5,6.52
Oregon St.,Arizona St.,3.5,7.49,7.57,8.04,-7.65,0.81,9.87,10.04,8,6.34,10,-0.94,9,4.45,7.38,5.48,9.77,5.89,5.08,12.75,11.88,5.67,18.08,9.28,,9.99,,,3.77,7.22,,,,,,8,6,9,6.72,7.22,18.38,11,-1.13,,,9,4,8.5,-11,-9.95,-4.8,,0,,7.11,5.72,-1,7.25,6.23,14,2.52,5,7,7.7,6.17,,28,31,5,1,10.27
Pittsburgh,Florida Intl.,17.5,17.22,12.54,14.24,4.73,10.86,24.42,19.51,10,17.84,18,10.19,17.5,14.94,20.39,12.4,25.06,17.01,11.58,19.15,26.04,24.72,30.91,11.41,,23.91,,,9.63,17.22,,,,,,25,16,25,15.03,16.07,22.77,22,4.92,,,19,17.5,16.6,13,7.11,16.8,,15,,12.21,18.37,-1,21.5,21.51,24,15.42,14,32,26.9,5.90,,17,44,5,7,16.64
Rice,SMU,-12.5,-7.15,-2.78,-10.67,-11.83,-9.22,-11.06,-4.98,-2,-16.49,-5,-11.95,-4.5,-9.36,-3.74,-16.33,-17.91,-9.42,-11.02,-15.35,-12.08,-12.21,-11.99,-2.12,,-8.96,,,-6.35,-9.99,,,,,,-11,-9.5,-11,-10.39,-8.58,-10.48,-19.5,-10.17,,,-6,-12,-13.2,4,-11.66,-12.6,,-13,,-4.29,-9.99,-6,-16.05,-9.85,-18,-8.22,-6,-10,-16.1,4.78,,42,31,5,-7,-8.31
Rutgers,Tulane,17.5,19.52,12.65,20.93,14.1,15.88,30.68,18.13,16,23.53,19,19.52,18.5,21.04,13.66,19.58,22.48,19.86,18.74,22.95,24.79,22.42,23.25,9,,20.66,,,14.56,19.58,,,,,,32,20,25,13.01,18.68,24.56,26,24.71,,,20,17.5,26.6,16,16.64,20.9,,14,,2.48,17.71,11,20.75,30.11,29,17.61,18,25,25.9,5.43,,17,14,5,12,20.64
South Florida,Florida Atlantic,21.5,17.08,8.32,18.04,11.46,14.99,18.78,15.82,9,16.86,18,14.83,14.5,18.44,17.93,10.99,23.5,16.24,11.44,19.65,15.54,19.31,24.94,8.09,,22,,,16.55,16.85,,,,,,24,20,20,15.33,16.85,17.38,10,11.02,,,17,20.5,16.6,17,13.8,16,,15,,13.79,19.77,-3,16.65,26.8,21,13.28,11,18,16.5,3.94,,3,31,5,10,17.28
Southern Miss.,Marshall,9,11.44,9.28,14.8,18.83,6.73,12.7,14,7,12.97,13,8.31,12,9.22,21.96,23.32,15.47,12.1,13.85,11.45,14.17,10.68,7.53,8.79,,10.62,,,17.37,11.45,,,,,,13,9,14,11.22,14.95,4.89,9,7.95,,,14,9,11.1,17,18.81,13.6,,5,,9.48,8.07,7,7.8,10.52,7,7.44,7,17,15.9,4.40,,16,41,5,12,9.34
Toledo,Wyoming,4,8.46,22.95,12.65,23.2,9.59,3.63,10.59,21,3.98,10,10.46,9.5,6.69,13.21,-2.6,8.04,8.37,9.69,5.55,16.58,4.31,1.74,3.73,,-0.7,,,19.37,7,,,,,,7,4,6,3.66,14.74,-0.16,2,19.31,,,5,4,6.2,-17,28.25,6.8,,12,,3.34,2.72,22,3.7,-1.43,4,12.69,4,4,12.9,7.51,,20,15,5,7,4.08
UCLA,Washington St.,26,19.6,31.86,38.7,21.35,26.65,31.13,18.35,31,35.85,23,31.28,20.5,20.89,21.54,24.16,38.19,27.1,31.68,37.95,45.25,27.95,26.31,14.79,,24.68,,,29.38,27,,,,,,32,28,28,24.96,28.75,28.71,27.5,34.37,,,27,26,35,20,29.65,24.7,,39,,14.08,24.46,46,27.45,23.69,36,27.17,17,38,26.7,6.77,,28,42,5,10,23.07
UNLV,Nevada,-20.5,-16.96,-26.97,-26.52,-21.13,-18.84,-19.45,-17.79,-29,-31.48,-17,-25.14,-16,-16.14,-27.93,-10.56,-24.71,-20.03,-32.68,-23.95,-38.04,-24.39,-19.79,-9.78,,-12.5,,,-29.72,-19.79,,,,,,-20,-21,-23,-18.02,-24.45,-13.95,-13,-25.7,,,-16,-20.5,-17.4,-17,-23.77,-28.4,,-29,,-4.56,-17.7,-34,-24.5,-1.13,-22,-27.12,-8,-21,-13.5,6.39,,44,26,5,-15,-14.21
USC,Washington,10,18.91,20.59,10.3,24.81,14.8,7.74,20.66,25,7.16,20,18.92,26,17.35,19.33,14.98,17.89,14.7,13.57,8.95,30.38,5.94,17.09,9.03,,11.84,,,28.16,14,,,,,,13,11.5,10,8.43,20.67,7.4,12.5,19.01,,,11,10.5,1.9,9,27.57,16.9,,17,,9.71,13.46,26,4.35,2.84,6,11.54,9,14,17.3,6.52,,32,31,5,15,13.5
Utah St.,BYU,-4,-11.54,-1.61,-8.78,11.43,-6.25,-10.43,-15.11,2,-15.86,-3,-4.66,-6,-8.1,-11.59,-9.77,-15.03,-7.08,1.39,-14.05,-10.25,-4.51,-19.2,-0.33,,-13.02,,,-6.37,-6.25,,,,,,-13,-8,-11,-10.5,-5.5,-10.35,-12.5,-3.06,,,-5,-4,-6.9,-7,4.33,3.4,,-4,,-5.13,-8.26,-4,-13.5,-13.26,-11,-5.38,-6,-20,-5.2,6.09,,16,31,5,-2,-5.47
Virginia,Florida St.,-7,-5.03,2.41,-6.87,-0.61,-6.61,-12.53,-5.18,11,-7.96,-8,-8.05,-5,-4.89,-10.89,-9.92,-9.49,-6,3.69,-12.05,-9.17,-3.8,-17.16,-5.63,,-8.85,,,-6.53,-6.22,,,,,,-10,-12,-11,-2.34,-7.06,-14.23,-5,-5.65,,,-13,-7,-10.7,3,-8.54,-0.8,,-2,,3.28,-5.91,,-9.65,-5.88,-13,3.34,-4,-4,-1.2,5.73,,34,14,5,-1,-4.89
Wake Forest,Georgia Tech,-10,-4.35,-2.58,-10.84,-7.11,-6.59,-5.98,0.17,-8,-10.09,-3,-9.12,-3,-8.52,5.94,-9.67,-10.85,-5.76,-6.29,-9.65,-14.67,-7.16,-3.5,-0.58,,-4.03,,,-1.74,-6,,,,,,-6,-14,-9,-4.46,-5.38,-11.66,-7,-5.54,,,-6,-9.5,-4.9,-2,-19.09,-8.9,,-14,,1.17,-9.8,-16,-14.3,-9.66,-11,-9.07,-6,-1,-2.1,4.45,,24,20,5,-4,-8.75
Western Mich.,Idaho,-3,-6.27,-4.73,-5.24,-4.93,-10.35,-5.92,-4.98,-6,-8.26,-3,-14.14,1,-8,-2.91,-6.06,-11.14,-5.7,-4.99,-7.65,-5.08,-4.94,-5.2,0.31,,-5,,,-5.4,-5,,,,,,-2,2,-3,-5.02,-3.39,-4.96,-0.5,-12.5,,,-2,-3.5,-9.7,-16,-11.06,-9.7,,-12,,-1.78,-6.64,-16,-8.3,-1.25,-7,-7.42,-1,-3,3.5,3.62,,33,13,5,-2,-1.95
Air Force,Colorado St.,24.5,26.34,17.76,24.7,40.59,19.05,26.7,23.89,22,35.89,20,21.36,20.5,29.02,17.96,36.4,27.89,25.28,26.96,27.05,38.89,28.69,34.32,15.11,,27.01,,,21.9,24.93,,,,,,30,26,26,25.72,27.65,24.93,27.5,17.72,,,25,24.5,26.1,21,28.94,34.1,,25,,15.55,18.23,29,21.95,18.06,32,20.7,17,25,43.1,5.48,,27,49,6,24,23.22
Arizona,Oregon St.,8,10.37,19.72,7.82,22.58,12.25,3.9,10.73,18,7.88,17,14.36,8.5,10.07,16.85,13.15,14.21,12.33,13,10.25,14.75,10.2,7.67,13.7,,4.52,,,19.59,12,,,,,,5,7.5,8,8.69,13.46,1.71,3.5,20.52,,,12,8.5,2.6,21,18.23,21.4,,16,,9.51,11.4,26,6.65,-4.01,9,14.59,6,14,23.5,5.72,,29,27,6,23,7.8
Arkansas,Texas A&M,6,7.84,4.21,8.97,-3.25,-3.12,13.11,10.05,11,11.23,7,-8.12,4.5,5.3,-0.83,13.92,,5.8,13.4,9.6,11.68,11.29,12.78,12.66,,12.35,,,-2.38,6,,,,,,9,7.5,5,9.11,5.23,7.71,3.5,-3.33,,,6,6,13.1,-3,-3.3,0.5,,7,,6.98,3.91,,3.05,8.18,3,6.42,6,14,2.3,5.67,,17,24,6,3,4.83
BYU,San Diego St.,-4.5,1.19,-8.24,-3.32,-19.77,-4.7,4.26,5.22,-7,1.5,-4,-12.35,4,-3.19,-1.45,0.51,-0.33,-3.27,-10.42,-5.95,-1.79,-3.32,16.13,1.79,,7.69,,,-9.83,-3.19,,,,,,7,0,-1,1.59,-8.18,9.94,15,-13.32,,,3,-4.5,-6.4,-11,-19.45,-15.1,,-21,,1.68,3.02,-28,-10.15,19.59,3,-11.02,9,13,-23.3,8.77,,21,24,6,-16,-1.36
Ball St.,Western Mich.,4,9.47,12.33,16.41,3.07,8.67,12.87,12.04,16,11.42,5,11.03,5,7.02,3.34,2.81,10.39,8.61,23.4,12.25,12.25,1.93,-1.85,6.41,,7.73,,,9.85,8,,,,,,6,5,8,9.5,8.33,5.01,3,9.59,,,3,4.5,17.2,11,13.64,6.8,,10,,7.59,4.98,7,5,4.52,14,14.86,2,11,11.4,5.01,,45,16,6,5,8.45
Boise St.,Toledo,38.5,30.78,22.97,35.7,30.73,24.89,35.06,29.15,29,36.03,28,35.36,27.5,32.34,25.22,34.08,45.72,31.37,26.32,36.05,36.93,33.67,29.82,25.65,,32.85,,,27.02,30.78,,,,,,36,36,33,27.18,25.8,41.26,34.5,30.64,,,37,37.5,32.4,22,48.49,40.2,,41,,18.32,40.39,32,30.5,35.09,43,18.62,24,45,22.4,6.83,,14,57,6,21,33.13
California,UCLA,7.5,6.39,9.44,12.01,18.49,7.47,4.21,1.28,16,7.46,7,16.91,4,12.8,11.41,16.71,11.96,9.04,7.58,7.45,9.36,1.97,1.56,3.99,,10.58,,,-0.29,7.89,,,,,,9,7.5,4,3.47,3.83,7.89,4,18.2,,,11,7.5,3.8,17,17.56,17.9,,12,,-0.52,10.02,29,9.2,-0.01,12,4.29,7,14,10.2,5.44,,7,35,6,3,10.22
Central Florida,UAB,12.5,12.44,17.82,12.56,19.68,15.64,9.1,11.56,19,9.95,13,20.69,11.5,13.47,17.69,16.21,19.67,13.19,16.39,10.05,22.71,14.72,8.38,8.64,,7.28,,,19.72,13,,,,,,16,12.5,13,5.12,17.78,8.02,9,21.57,,,9,12.5,7,14,10.63,16.3,,18,,0.29,12.91,13,13.8,13.61,10,17.38,8,11,16.7,4.26,,7,42,6,11,9.52
Cincinnati,Miami (Ohio),17,7.9,-1.64,19.7,5.38,9.24,20.42,1.02,11,26.12,8,11.57,14,15.31,-2.27,24.33,19.92,14.06,15.27,22.65,16.71,17.66,21.9,9.38,,24.39,,,-4.3,15.27,,,,,,26,17,18,17.85,6.27,21.63,25,10.13,,,15,17,18.1,4,12.3,16.3,,17,,9.59,16.45,20,14.5,25.46,22,8.12,16,28,9.1,7.71,,3,45,6,8,15.97
Florida,LSU,6.5,3.76,1.7,11.06,5.72,5.36,7.8,2.1,5,9.11,-0.25,8.47,2,5.04,5.15,5.26,11.65,6.1,8.87,9.85,2.39,13.34,3.71,-1,,7,,,-0.98,7,,,,,,13,9,9,9.77,2.8,11.84,13,7.98,,,10,6.5,9.4,-12,7.45,4.5,,8,,10.42,7.72,8,1.75,4.21,12,7.59,7,7,3.1,4.91,,33,29,6,4,7.06
Florida Intl.,Western Kentucky,10,7.63,2.24,6.74,17.37,9.79,7.75,5.66,6,10.96,9,14.33,9.5,9.59,11.18,12.41,14.22,8.72,12.91,8.45,6.39,15.32,5.98,5.86,,7.28,,,2.81,9,,,,,,12,13,12,12.16,4.86,9.34,,13.84,,,8,10,6.8,-7,12.39,15.4,,11,,13.35,8.57,3,8.25,4.51,9,8.17,9,10,12.8,4.35,,21,28,6,1,7.36
Fresno St.,Hawaii,10.5,8.5,9.59,7,4.76,5.4,8.92,9.2,15,12.49,9,3.05,8.5,7.76,7.56,14.61,11.17,9.1,12.05,3.65,14.25,17.26,15.26,7.94,,7.56,,,7.75,8.5,,,,,,11,11.5,6,10.13,11.1,12.82,9.5,5.51,,,7,10.5,10.7,5,1.46,5.7,,11,,7.77,16.29,13,2.7,12.42,13,8.5,7,11,17.9,3.80,,49,27,6,6,8.24
Georgia,Tennessee,10.5,1.35,0.99,1.85,1.16,3.58,5.47,-1.37,9,2.5,3,3.62,0.01,4.75,-0.19,6.32,4.82,4.57,5.65,-2.45,-1.25,14.62,-0.81,4.47,,-1.34,,,-3.14,4.47,,,,,,9,10.5,2,2.99,0.22,11.01,2,3.63,,,8,9.5,7,6,15.38,5.4,,9,,3.48,9.68,8,3.7,4.63,6,2.42,5,11,8.4,4.15,,14,41,6,6,9.52
Georgia Tech,Virginia,10,6.49,10.61,8.49,2.77,4.7,12.09,8.05,6,13.63,10,4.95,10.5,4.77,3.26,4.58,12.65,8.02,4.26,6.45,15.82,12.68,18.72,7.1,,11.52,,,6.33,7.1,,,,,,13,15,7,9.38,10.31,21.85,9,4.99,,,16,10,9.4,-10,8.72,0.01,,7,,5.12,10.11,5,1.75,15.89,13,3.7,7,4,4.3,5.36,,21,33,6,6,11.37
Houston,Mississippi St.,-6,0.16,4.41,-4.86,3.5,3.09,-8.99,0.32,2,-8.67,3,3.22,4,-0.01,-2.15,8.97,2.32,0.45,-3.24,-1.25,-0.29,-6.3,1.58,2.01,,-3.28,,,7.19,0.39,,,,,,0.01,0,0.01,-4.14,3.59,4.93,5.5,-0.11,,,10,-5,-7.3,-3,5.16,-1.2,,2,,0.39,-3.05,1,-7.35,-6.94,6,3.54,2,-7,8.5,4.58,,47,24,6,-3,4.39
Iowa St.,Utah,-6,-7.94,-3.33,-8.87,-8.1,-2.76,-6.99,-7.67,1,-11.54,-6,-5.54,-9.5,-8.3,-3.34,-3.68,-7.31,-6.48,2.07,-7.65,-5.04,-9.5,-6.65,-10.7,,-9.14,,,-1.68,-7.31,,,,,,-8,-4,-7,-8.61,-4.3,-11.83,-7,-1.76,,,-9,-6,-1.6,-2,-16.73,-13.6,,-11,,-5.68,-7.49,-8,-7.8,-3.64,-3,4.89,-7,-7,-9.4,4.31,,68,27,6,-13,-8.31
Kansas St.,Nebraska,-12,-4.12,1.64,-7.46,-0.47,-1.55,-17.52,0.23,-6,-13.44,-4,-9.13,-5,-7.28,-8.12,-14.39,-5.29,-7.73,-2.98,-9.55,-4.21,-14.11,-2.68,-6.5,,-12.29,,,8.02,-7.28,,,,,,-15,-10,-11,-7.3,-0.53,-14.82,-12.5,2.11,,,-15,-11.5,-17.8,-6,-10.96,-8.6,,-9,,-1.16,-14.18,-10,-12.55,-19.93,-16,-5.56,-6,-10,-4.9,5.74,,48,13,6,-3,-7.63
Kent,Akron,17.5,15.03,11.27,18.11,20.37,18.58,13.23,16.14,23,17.38,18,26.57,11,14.47,37.78,9.64,22.83,15.71,16.98,17.85,10.75,14.31,12.35,5.35,,12.49,,,19.9,16.06,,,,,,17,20,15,12.5,9.46,18.56,13,30.12,,,16,17.5,18.5,-13,24.72,25.1,,29,,7.63,16.06,15,14.05,4.68,18,19.67,5,13,16.5,7.18,,17,28,6,11,17.55
Kentucky,Auburn,-6.5,-7.18,-9.74,-12.6,-7.72,-7.6,-7.41,-10.81,-9,-6.97,-13,-9.81,-9.5,-4.15,-18.72,-1.52,-11.9,-7.76,-7.22,-11.85,-15.57,-4.6,-6.83,-10.04,,-4.01,,,-17.4,-7.6,,,,,,-2,-6.5,-12,-5.66,-11.71,-9.95,-1.5,-12.49,,,-4,-6.5,-8.1,-3,0.77,-7.1,,-13,,-4.35,-4.04,-10,-12.05,-5.69,-3,-6.18,-4,-10,-2.5,4.29,,37,34,6,-8,-3.38
Louisiana Tech,Utah St.,2,-0.01,-7.89,6.43,-11.64,0.01,-0.74,-1.44,-7,-0.17,-4,-0.18,-1.5,1.29,-3.42,5.65,-0.01,-1.4,-7.51,-3.05,-6.21,1.31,0.47,0.74,,-1.1,,,-4.85,-1.1,,,,,,2,2.5,-1,-2.19,-4.18,-1.66,7.5,-0.01,,,-3,1.5,-4.8,-5,-4.97,-5.5,,-4,,-4.21,4.65,-4,2.15,6.4,-6,-4.04,3,10,-0.9,4.15,,6,24,6,-5,1.56
Louisiana-Lafaye,Oklahoma St.,-24,-22.99,-23.13,-27.04,-24,-32.86,-20.99,-20.62,-19,-30.34,-23,-44.7,-20.5,-25.49,-32.14,-30.21,-40.9,-24.66,-19.1,-33.65,-40.64,-30.03,-20.02,-12.15,,-21.16,,,-36.28,-23,,,,,,-26,-21,-23,-21.16,-26.22,-14.47,-23.5,-37.84,,,-16,-24,-18.8,-32,-31.28,-37.3,,-33,,-11.98,-20.41,-20,-32.95,-9.19,-21,-21.23,-15,-38,-16.1,7.47,,54,28,6,-16,-24.23
Louisiana-Monroe,Florida Atlantic,2.5,-1.53,-1.78,-2.6,-2.14,-3.24,0.12,-0.8,4,-1.59,2,-7.96,1.5,-2.27,-5.81,-2,-1.13,-1.44,-2.61,-3.85,-1,-1.92,6.03,-0.01,,0.94,,,-0.77,-1.59,,,,,,-1,-2.5,-6,0.24,1.55,-2.91,0,-6.83,,,3,1.5,0.3,-5,-9.43,-5.7,,-8,,2.07,1.04,-1,-8.55,3.27,-3,-3.48,-2,1,-0.9,3.41,,17,20,6,1,-1.66
Louisville,Memphis,17,14.13,15.52,22.85,15.81,17.13,17.01,10.86,25,19.19,15,24.06,13.5,17.46,8.94,15.02,22.31,16.14,17.96,16.85,17.21,11.22,9,7.47,,12.23,,,13.68,15.52,,,,,,16,17.5,13,14.28,13.34,12.3,13.5,21.7,,,16,17,15.7,18,32.3,21.9,,22,,9.38,16,28,14.1,11.94,23,11.44,9,18,23.9,5.04,,0,56,6,11,15.17
Miami (Fla.),Florida St.,6,3.32,7.05,6.6,6.04,4.72,6.59,3.14,13,4.27,4,8.89,3,3.53,11.57,10.77,10.86,6.37,12.9,3.95,3.82,8.93,3.98,10.18,,2.68,,,2.3,6.09,,,,,,7,7,5,4.39,4.37,8.16,8,9.94,,,7,6,6.8,5,7.57,2.1,,10,,4.5,6.17,13,2.35,6.09,8,11.5,5,7,3,3.16,,45,17,6,2,5.37
Michigan,Michigan St.,5.5,4.91,7.98,4.38,11.41,6.18,3.69,3.89,15,5.05,3,7.04,2.5,5.58,4.87,12.82,10.67,4.97,8.11,2.05,4.32,9.34,1.58,2,,1.43,,,9.18,4.38,,,,,,1,5,-1,3.25,5.03,2.57,0.5,2.72,,,0.01,5.5,4.1,-4,7.06,9.7,,6,,1.46,1.39,11,1.9,2.74,5,7.23,3,10,4.1,3.85,,34,17,6,2,5.32
Middle Tenn.,Troy St.,3,-3.12,-5.79,0.99,0.68,-5.96,4.77,-2.57,1,1.33,2,-10.03,-1,-3.72,-8.02,1.83,-2.02,0.04,-1.58,-1.55,-4.57,-0.5,-0.42,0.98,,2.89,,,-7.45,0.68,,,,,,-5,3,3,1.33,-1.24,4.99,0,-7.28,,,5,2.5,4.1,2,1.37,-1.7,,,,1.34,5.01,-2,-3.5,4.28,6,-1.69,-2,1,16.3,3.73,,42,13,6,2,2.79
Missouri,Colorado,11.5,10.28,13.79,15.01,12.13,11.63,7.51,9.48,15,7.01,15,15.64,14,11,10.3,12.8,18.22,11.91,7.02,11.85,17.39,18.66,8.5,9.36,,2.39,,,15.43,11.63,,,,,,13,9,11,2.36,13.29,11.91,11.5,19.35,,,10,11.5,6,28,10.13,15.9,,12,,-2.28,10.39,22,11.15,9.4,15,12.18,8,7,13.3,4.88,,0,26,6,14,9.81
NC St.,Boston College,10,14.05,17.82,18.43,16.24,13.48,10.06,12.97,23,12.77,13,20.69,9.5,15.12,10.42,13.84,17.5,13.45,21.95,14.35,23.43,10.47,10.57,6.7,,12.17,,,19.52,12.97,,,,,,11,10,11,10.42,19.81,5.77,2,18.98,,,8,10,16.1,5,24.71,23.5,,22,,8.07,12.12,21,16.4,-4.64,11,14.89,5,10,18.2,5.14,,17,44,6,12,11.37
Nevada,San Jose St.,38,32.16,33.87,43.36,37.98,30.81,33.01,34.64,41,43.92,30,42.45,28,29.79,53.02,41.74,46.79,35.1,34.72,44.75,50.71,42.62,35.93,18.89,,28.41,,,39.53,35,,,,,,38,38,36,34.27,35.65,33.02,28,42.32,,,32,38,30.8,22,49.5,40.4,,42,,24.61,30.25,36,37.5,18.37,41,34.68,19,42,47.6,7.64,,13,35,6,28,35
New Mexico St.,New Mexico,2.5,-0.67,5.97,6.42,5.15,0.69,-0.38,-0.47,10,-2.52,7,2.54,1,-0.9,6.21,-0.8,4.43,2.54,7.66,1.95,3.32,1.36,-1.01,6.62,,0.33,,,3.49,2,,,,,,0.01,3,2,-2.84,3.87,6.7,3,0.62,,,0.01,2.5,3.1,1,-0.45,6.8,,9,,-3.16,3.96,2,6.55,-1.42,2,4.7,-2,1,5.1,3.16,,14,16,6,1,4.23
North Carolina,Clemson,2,7.93,3.77,6.3,9.77,5.93,6.03,9.29,1,7.99,8,3.15,3.5,6.26,-7.33,2.55,8.01,4.48,-4.57,7.65,5.18,0.96,5.72,0.4,,3.76,,,9.24,5.1,,,,,,5,4,7,5.94,6.5,8.61,2,6.24,,,6,2.5,7.4,2,9.89,5.1,,-6,,3.89,2.44,-3,3.9,7.82,9,-1.44,1,4,2.1,3.73,,16,21,6,2,5.12
North Texas,Arkansas St.,-4,-3.82,1.17,-2.47,5.04,-1.37,-0.81,-1.93,-1,-1.74,-0.25,-0.51,-5,-5.71,6.62,-5.11,-2.22,-0.17,0.01,-3.55,1.11,-0.88,0.31,2.62,,0.39,,,-1.49,-0.51,,,,,,-2,-1,2,-0.16,1.92,1.12,-1.5,0.68,,,1,-3,-1,-3,6.65,0.01,,4,,1.41,0.46,2,-4.15,3.36,-1,1.85,-2,-3,3.9,2.84,,24,19,6,-1,1.75
Northern Ill.,Temple,3,-3.58,-5.63,-1.94,3.21,-3.04,-3.86,-5.95,4,-1.77,-3,-2.83,-2,-1.28,-11.54,8.11,-3.84,-1.84,-0.82,-3.15,-8.11,-4.37,-12.81,-1.17,,-6.56,,,-11.33,-2.6,,,,,,1,-2,-3,-2.55,-7.36,-5.85,1,-2.69,,,3,2,-3.7,3,8.36,0.2,,-1,,-3.33,-1.41,7,-5.65,-1.26,-1,-2.6,2,-10,7.8,4.63,,17,31,6,1,2.28
Northwestern,Purdue,8,15.77,15.5,11.27,19.35,7.85,10.64,19.16,15,12.14,16,11.12,15,12.98,13.05,3.56,17.09,12.25,11.93,14.75,19.07,8.33,23.05,-1.36,,12.69,,,18.39,12.69,,,,,,7,10,11,11.98,18.9,14.51,0,8.73,,,11,8.5,12.6,20,15.84,12.9,,11,,11.82,8.02,13,14.45,2.39,12,4.78,3,10,16.5,5.25,,20,17,6,17,5.23
Notre Dame,Pittsburgh,6,3.95,7.78,7.06,2.58,5.07,4.84,4.59,4,2.17,4,6.27,1,3.22,4,-2.78,3.99,3.56,3.06,6.05,7.57,6.92,-4.48,3.28,,0.86,,,10.03,3.95,,,,,,2,8,-1,1.86,6.89,-2.95,0.5,7.19,,,2,6,5.8,1,9.24,1.8,,9,,1.55,6.05,1,-4.05,7.98,4,5.63,1,7,2.1,3.21,,17,23,6,3,6.07
Ohio,Bowling Green,9,3.27,4.53,6.51,10.88,5.3,6.76,2.96,7,4.14,8,7.54,5,3.59,-0.37,-3.07,5.67,5.86,3.92,4.85,5.57,2.51,8.25,4.82,,5.03,,,7.17,5.6,,,,,,5,10,5,2.84,6.36,6.69,3.5,6.72,,,9,8,5.6,7,12.46,5.5,,15,,1.53,8.71,10,1.85,4.91,7,6.65,2,4,17.5,2.84,,25,49,6,7,7.39
Ohio St.,Indiana,22.5,27.01,19.8,25.42,26,23.79,28.77,28.23,24,30.32,29,33.23,28,25.79,37.45,34.13,35.78,27.51,28.9,29.65,39.04,28.24,27.91,23.04,,24.51,,,22.86,27.2,,,,,,30,28,32,25.6,24.82,31.37,30,33.2,,,28,23.5,27.2,21,32.68,32.2,,42,,20.87,28.14,25,25.3,33.17,34,26.8,20,25,23.3,3.89,,10,38,6,23,24.92
Penn St.,Illinois,8.5,9.7,8.1,9.03,4.31,5.04,13.63,11.62,10,12.13,8,5.97,10.5,7.69,16.57,12.55,11.5,10.35,9.32,8.45,17.39,13.03,22.7,11,,17.57,,,6.1,10.01,,,,,,15,11.5,11,11.99,11.53,19.08,20.5,4.47,,,14,8.5,11.8,7,10.01,5.5,,8,,11.86,10.89,-3,3,17.94,16,7.45,9,18,4.6,4.34,,33,13,6,9,8.94
Rutgers,Connecticut,-5,-3.66,-8.03,-12,-3.11,-5.81,-2.85,-6.01,-7,-2.65,-1,-13.51,0.01,-1.07,-18.84,-6.79,-12.48,-4.75,-6.7,-11.05,-13.57,0.17,-1.91,2.99,,-1.39,,,-11.3,-3.66,,,,,,-1,-4,-6,-2.84,-8.39,-2.55,-1.5,-8.55,,,-3,-5,-6.9,5,-8.4,-5.6,,-15,,-3.02,-6.43,-10,-10.65,2.42,-8,-6.97,1,3,6,4.70,,24,27,6,-2,-2.98
SMU,Tulsa,6,0.86,6.11,-1.38,2.89,2.68,8.09,1.93,5,-1.4,8,2.82,2,-0.34,12.08,0.71,2.38,3.83,2.98,1.65,5.14,6.87,10.55,6.89,,5.98,,,5.67,3.08,,,,,,2,4,3,2.32,5.2,6.49,8,3.08,,,-1,6,5.4,-8,2.94,4.8,,9,,6.04,5.62,12,-1.25,6.24,2,3.77,1,4,11.5,3.63,,18,21,6,1,3.6
South Carolina,Alabama,-7,-13.6,-9.37,-19.24,-16.69,-9.56,-16.33,-14.57,-10,-20.91,-14,-16.34,-16.5,-12.58,-21.48,-11.55,-18.67,-13.71,-13.69,-22.15,-10.93,-3.92,-16.51,-8,,-15.65,,,-10.74,-14.1,,,,,,-20,-10,-16,-14.92,-5.31,-14.58,-14.5,-12.82,,,-11,-8,-19.4,-20,-22.4,-14.1,,-15,,-8.92,-8.82,-8,-15.75,-15.02,-17,-14.15,-10,-10,-6.9,4.55,,21,35,6,-10,-8.69
South Florida,Syracuse,8,9.77,10.47,5.49,3.75,10.26,10.27,11.09,4,10.94,10,12.77,11,8.28,11.12,11.7,14.27,9.02,10.37,9.65,15.46,7.17,22.75,4.22,,11.31,,,9.72,9.77,,,,,,13,12,9,12.47,11.17,12.78,13,12.77,,,10,8,5.1,-6,8.8,7.6,,9,,14,8.49,11,-1.2,15.65,7,8.01,8,14,3,4.60,,13,9,6,4,6.96
Southern Miss.,East Carolina,8,4.99,7.67,11.5,15.01,4.15,6.69,5.62,7,10.23,12,4.85,7.5,4.46,10.84,10.38,5.22,8.2,6.56,8.95,11.04,8.15,3.59,5.68,,2.66,,,9.46,7.67,,,,,,5,8.5,12,8.57,9.71,4.17,4,5.22,,,10,8,9.1,11,8.67,6.4,,12,,6.9,8.21,8,2.95,9.35,8,4.66,3,10,29.7,3.74,,44,43,6,10,6.62
Stanford,USC,10,6.66,15.08,18.78,12.81,14.72,12.94,5.17,20,19.33,11,24.85,2,8.59,28.62,14.12,20.24,13.16,23.38,17.55,16.25,16.29,7.73,6.4,,13.32,,,12.72,13,,,,,,14,7,7,12.3,10.38,11.68,7.5,20.37,,,9,10,17.3,4,16.5,20.3,,25,,5.28,12.03,13,15.55,4.68,20,19.01,7,13,17.3,6.25,,35,37,6,5,9.6
TCU,Wyoming,35,27.23,27.4,30.54,38.68,27.81,29.9,24.4,31,31.28,27,37.83,24.5,29.85,22.17,43.11,39.27,29.89,23.71,30.45,37.11,39.76,25.07,25.24,,26.59,,,30.94,29.34,,,,,,36,33,27,23.7,28.94,28.24,32.5,38.29,,,35,34.5,28.3,6,54.5,35.4,,38,,16.11,29.48,30,31.5,29.34,35,23.24,23,39,39.6,7.76,,0,45,6,27,27.23
Texas Tech,Baylor,1.5,-0.96,-9.1,-8.23,-5.54,-3.13,2.3,-1.57,-9,0.9,-4,-10.93,1,-0.25,-0.24,1.04,,-2.49,-9.3,-1.8,-1.96,7.92,7.05,1.39,,4,,,-9.93,-1,,,,,,4,3.5,0.01,-2.06,-7.25,8.45,9,-7.74,,,5,1.5,-4,-11,-16.88,-7.5,,-17,,-5.01,2.35,-14,0.95,9.51,1,-7.06,4,-1,-17.1,6.06,,38,45,6,-1,2.7
Tulane,Army,0,1.2,1.07,-4.9,-2.24,-4.3,-6.44,5.64,1,0.66,-1,-5.98,-0.5,-3.25,2.2,-3.63,-2.82,-2.15,0.32,-5.05,1.11,-2.88,-0.88,0.4,,3.37,,,-0.7,-2.82,,,,,,-4,0,-6,3.93,-0.62,-4.52,-8.5,-8.02,,,-1,0,-4.9,2.5,-1.89,-3.7,,-4,,7.2,-0.94,1,-8.5,-6.16,-7,-3.68,-3,-4,-5.7,3.43,,41,23,6,-5,-0.24
UTEP,Rice,9,10.3,10.31,6.95,18.06,3.81,5.21,11.89,8,7.66,12,2.48,14.5,8.76,6.35,10.31,10.36,8.89,3.82,5.75,8,6.92,5.68,5.04,,6.75,,,11.84,8.2,,,,,,14,9,9,7.11,12.71,3.83,12,2.5,,,9,9,8.8,12,9.16,8.2,,5,,6.56,2.72,-2,-1.75,8.8,11,5.11,6,11,41.4,4.44,,24,44,6,21,8.06
Vanderbilt,Eastern Mich.,25,25.6,22,26.2,19.35,19.87,26.78,29.43,20,25.65,24,25.14,20,22.13,34.46,17.18,34.5,21.94,22.45,27.25,28.79,29.03,18.61,8.97,,27.64,,,26.22,22,,,,,,30,21,25,20.91,18.25,14.25,17.5,18.27,,,20,25,23.8,18,26.46,26.9,,27,,16.17,19.85,16,23.9,14.73,25,17.3,13,28,13.3,5.85,,6,52,6,7,21.9
Virginia Tech,Central Mich.,21.5,22.35,22.2,24.43,14.84,17.89,25.38,25.11,10,26.24,14,19.24,15,19.44,30.44,23.71,27.99,19.63,24.01,28.05,33.75,20.37,11.58,11.42,,25.62,,,21.06,20.1,,,,,,19,24,25,22.99,23.42,12.4,13,20.1,,,16,21.5,25.2,8,18.96,18.4,,25,,19.73,18.26,21,13.4,21.63,23,19.53,16,25,10.4,5.68,,21,45,6,7,20.85
Wake Forest,Navy,-3.5,-0.78,-0.24,-3.13,-8.04,-2.58,-0.64,0.77,-4,-3.82,1,-7.76,-0.5,-2.28,-5.18,-7.95,-4.33,-2.5,-4.07,-1.45,-6.89,-0.84,3.31,0.01,,5.74,,,-5.03,-2,,,,,,0.01,-3.5,-2,0.33,-2.21,-1.17,-9,1.01,,,0.01,-3.5,-2.9,-10,-14.23,-4.7,,-8,,4.49,-0.6,-16,-7.3,0.54,-5,-4.48,-3,3,-0.2,4.25,,28,27,6,-2,-2.7
Washington,Arizona St.,1,3.42,6.13,0.01,-2.34,-6.06,4.67,8.28,-1,3.15,6,-15.98,2,-2.3,-1.5,1.85,-0.01,1.37,-3.98,8.85,0.29,-2.33,10.5,5.88,,1.58,,,3.79,2,,,,,,3,3,6,6.21,5.36,7.57,3,-11.05,,,6,1,4.3,-2,-10.54,-11.5,,-9,,9.27,1.51,2,-7.8,8.54,4,-1.44,2,4,-0.6,5.64,,24,14,6,6,1.71
Washington St.,Oregon,-36,-29.66,-32.08,-47.28,-45.36,-34.55,-38.45,-26.41,-37,-46.56,-38,-53.77,-35,-33.26,-37.97,-43.07,-52.38,-38.12,-42.63,-46.95,-48.93,-47.98,-32.15,-23.5,,-35.54,,,-34.27,-37,,,,,,-43,-34,-34,-31.68,-30.13,-37.6,-36.5,-42.82,,,-36,-36,-40.3,-30,-48.32,-52.8,,-47,,-16.8,-36.68,-40,-46.25,-36.77,-49,-34.63,-23,-46,-46.4,8.52,,43,23,6,-28,-36.78
West Va.,UNLV,27.5,23.62,16.52,22.19,23.63,12.66,20.67,25.67,17,22.33,20,11.91,21.5,21.65,30.53,21.9,20.61,20.25,26.13,17.15,33.32,29.89,26.08,17.04,,20.65,,,22.89,20.65,,,,,,23,27.5,23,16.13,24.88,17.8,17.5,11,,,19,26.5,19.7,14,22.59,19.1,,22,,9.93,19.65,16,19.7,26.39,21,17.45,12,21,27,4.29,,10,49,6,22,18.59
Wisconsin,Minnesota,21.5,18.72,19.74,17.58,22.07,15.59,12.15,21.91,21,8.49,23,25.66,18.5,15.45,24.53,6.58,24.63,17.33,10.58,17.05,25,27.19,18.59,11.78,,17.27,,,25.19,18,,,,,,21,22,18,9.43,24.4,17.17,10,20.83,,,19,21,17.1,-4,27.46,18.8,,30,,10.36,19,3,16,14.71,18,13.8,6,13,32.8,6.04,,23,41,6,21,14.97
Alabama,Mississippi,20.5,22.72,15.64,33.39,27.24,22.66,23.29,18.82,31,20.24,28,31.21,23.5,28.69,22.52,21.29,33.13,23.26,18.39,27.05,22.36,26.79,20.07,20.9,,20.44,,,22.12,23,,,,,,28,21,23,14.57,21.03,25.39,15,29.7,,,24,20.5,25.6,25,26.12,26.8,,25,,8.9,19.87,17,,31.34,29,20.01,15,15,24,5.25,,10,23,7,12,21.05
Auburn,Arkansas,3.5,8.36,11.77,-0.96,5.73,4.09,-1.76,14.56,9,0.12,9,2.72,11,2.11,13.88,6.27,9.72,4.09,3.93,-0.85,8.5,1.03,7.9,3.5,,1.37,,,11.62,2.91,,,,,,-1,2.5,3,2.56,6.93,-0.9,2.5,2.83,,,1,3.5,-5.8,1,5.72,1.5,,7,,4.99,0.92,8,,2.27,-2,2.55,4,4,-3.3,4.91,,43,65,7,2,1.03
Ball St.,Eastern Mich.,14.5,14.12,15.81,20.37,16.35,10.74,17.13,17.32,11,14.1,17,14.65,17,11.15,18.48,8.48,21,13.55,11.49,17.35,12.39,17.97,4.82,8.29,,11.79,,,14.82,14.19,,,,,,16,10,16,11.75,8.66,15.19,14.5,11.22,,,12,14.5,14.4,5,15.78,18.7,,16,,9.4,14.25,8,,13.7,20,12.84,11,10,10.7,4.18,,41,38,7,7,15.15
Central Mich.,Miami (Ohio),13,2.11,-1.03,16.3,8.52,7.77,15.06,-10.62,14,16.43,4,13.03,8.5,14.76,-16.55,16.94,11.2,9.86,6.59,14.05,4.43,9.97,19.39,5.33,,13.73,,,-3.64,11.6,,,,,,22,10,10,9.96,1.64,19.39,23,8.98,,,11,13,15.3,12,15.56,12.8,,11,,3.49,14.76,14,,14,16,2.53,12,21,13.2,7.98,,27,20,7,6,10.81
Clemson,Maryland,14,-4.57,-2.91,12.12,0.01,5.6,14.37,-13.62,9,11.31,3,8.15,4,5.63,-6.98,17.24,10.48,7.36,11.53,11.15,6.11,16.52,4.25,5.31,,13.54,,,-6.26,8.8,,,,,,14,11,9,7.24,-1.66,15.95,18,5.52,,,13,13.5,15,1.4,16.43,9.6,,14,,3.16,14.91,6,,18.85,16,7.85,10,14,-4.5,7.27,,7,31,7,4,8.6
Colorado,Baylor,0,4.39,4.43,-9.98,-0.77,2.14,-5.6,11.56,3,-5.59,2,-0.46,-1,-2.52,10.61,-0.87,-2.79,-0.29,4.61,-4.25,2.36,-7.06,2.2,0.15,,-0.93,,,6.89,-0.66,,,,,,-4,0,0.01,-1.17,3.08,-1.46,-4,2.15,,,1,0,-7.4,-18,1.25,-3.1,,1,,3.25,-0.87,3,,12.72,-5,5.51,-1,-3,-11.6,5.80,,31,25,7,-1,-0.55
Colorado St.,UNLV,3,4.67,4.34,-0.42,-8.25,-0.93,-0.26,9.85,3,1.18,3,-0.88,2,0.01,13.87,3.84,2.02,1.08,4.87,-0.15,2.64,-2.26,-3.42,0.51,,0.86,,,5.47,1,,,,,,2,4.5,5,0.6,3.93,-2.36,2.5,0.13,,,2,3,1,-3,3.72,-0.6,,3,,0.01,-0.51,-2,,1.38,-1,3.77,2,-7,-9.4,3.70,,10,43,7,1,-0.01
Duke,Miami (Fla.),-19.5,-15.79,-17.16,-21.32,-18.65,-14.46,-17.41,-15.87,-21,-18.12,-18,-21.66,-18,-18.12,-20.83,-24.21,-22.76,-18.37,-20.19,-20.05,-31.18,-25,-18.89,-5.7,,-15.56,,,-18.76,-18.12,,,,,,-19,-17,-19,-15.53,-20.02,-16.09,-17,-17.15,,,-18,-19.5,-14.8,-18,-19.71,-20.6,,-24,,-12.94,-17.46,-26,,-13.67,-21,-15.53,-11,-27,-24,3.46,,28,13,7,-12,-17.13
East Carolina,NC St.,-8,-7.4,-8.05,-12.83,-12.81,-12.02,-8.98,-2.56,-7,-11.59,-10,-15.47,-5.5,-12,-2.98,-7.03,-8.79,-9.48,-11.25,-14.85,-12.93,-5.56,-3.28,-6.18,,-8.95,,,-9.28,-8.97,,,,,,-5,-6.5,-11,-7.65,-9.1,-1.47,5,-17.58,,,-8,-8,-8.9,-18.8,-16.81,-18.3,,-16,,-3.7,-9.52,-16,,-4.63,-4,-10.02,-2,-6,-26,4.73,,27,33,7,-7,-9.62
Florida,Mississippi St.,7.5,5.21,4.61,9.54,3.61,8.96,9.96,2.42,5,8.56,8,9.41,12,8.61,6.18,18.11,14.09,8.26,2.57,14.45,9.75,10.53,17.65,5.44,,10.88,,,4.81,8.59,,,,,,14,9.5,10,10.19,6.47,14.93,17,8.33,,,13,7.5,4.6,-10,6.15,1.9,,0,,11.82,13.43,2,,4.16,16,3.84,13,14,2.3,5.46,,10,7,7,1,13.18
Florida St.,Boston College,21.5,26.88,22.22,30.27,27.68,22.6,24.8,20.84,31,24.61,21,31.83,18,33.91,22.95,21.74,34.04,23.47,31.12,28.55,33.96,19.12,16.31,16.31,,20.8,,,25.38,22.87,,,,,,24,23,23,19.68,26.24,17.42,13.5,28.64,,,15,21.5,35,16,38.09,29.4,,35,,14.75,22.8,27,,4.32,29,22.49,11,21,24,6.17,,19,24,7,19,20.77
Fresno St.,New Mexico St.,30.5,23.7,19.67,34.41,25.4,24.28,24.55,17.9,28,27.21,25,35.93,25.5,30.69,21.34,25.81,32.61,25.72,31.21,29.85,29.68,33.92,22.68,11.75,,20.81,,,24.48,25.34,,,,,,28,30,24,19.86,19.73,25.27,24.5,34.39,,,25,30,21.6,19,35.42,34.6,,40,,12.51,31.7,30,,24.32,31,27.45,19,25,26,5.82,,10,33,7,17,26.35
Georgia,Vanderbilt,14,8.21,6.33,11.16,7,10.09,16.46,6.59,11,13.49,8,13.12,8.5,10.95,9.82,8.23,19.08,11.25,11.02,9.65,17.79,18.69,10.92,4.63,,7.45,,,6,10.94,,,,,,15,14,10,10.17,9.45,18.82,9,13.46,,,13,13.5,17.4,5,13.61,11.5,,16,,6.84,13.75,15,,23.2,10,10.55,10,21,4.5,3.95,,0,43,7,2,14.05
Georgia Tech,Middle Tenn.,18,24.32,19.09,18.96,15.8,19.76,19.11,23.71,22,20.68,20,26.39,18,25.21,21.48,22.85,30.47,20.1,20.51,18.95,33.11,16.56,14.6,7.06,,25.33,,,25.35,20,,,,,,18,20,20,18.85,23.23,13.47,9.5,25.03,,,14,18,19.6,13,24.93,24.9,,27,,17.01,21.44,27,,19.41,20,17.94,12,21,24,4.78,,14,42,7,11,20.31
Hawaii,Nevada,-6,-4.76,-10.57,-4.32,-8.34,-6,-9.98,-9.57,-8,-16.74,-8,-6.08,-7,0.2,-14.56,-4.08,-10.05,-7.73,-15.09,-6.35,-15.36,-11.32,-10.49,-7.53,,-7.8,,,-10.88,-7.61,,,,,,-10,-8,-7,-10.24,-8.25,-9.82,-8,-8.88,,,-7,-6,-6.4,1,-4.23,-6.8,,-7,,-3.74,-7.69,-1,,0.6,-9,-11.19,-3,-10,-22,3.54,,21,27,7,-7,-5.79
Indiana,Arkansas St.,10,11.18,10.09,12.13,10.06,10.36,13.91,12.82,10,13.33,13,12.37,8,9.85,14.69,11.12,11.89,11.06,12.05,12.95,12.75,13.51,12.51,8.01,,14.39,,,11.14,11.34,,,,,,11,14,14,9.62,12.06,6.91,5.5,12.6,,,8,10,10.6,15,6.37,12.3,,8,,5.92,7.03,9,,9.8,11,10.56,5,14,12.8,2.68,,34,36,7,8,11.82
Kansas,Kansas St.,-3,-10.73,-11.09,-10.95,-10.09,-9.6,-2.45,-15.87,-16,-8.9,-8,-21.05,-4,-8.23,-22.69,4.88,-8.9,-7.7,-11.52,-9.65,-17.93,-6.81,-9.03,-6.02,,-1.55,,,-18.8,-8.12,,,,,,3,-4,-2,-5.8,-15.16,0.21,5,-17.13,,,2,-3.5,-0.8,-16,-7.57,-11.2,,-15,,-2.69,1.01,-15,,8.24,-2,-13.63,-1,-1,-15.4,6.79,,59,7,7,-6,-3.47
Kentucky,South Carolina,-5,-12.31,-11.03,-11.39,-8.53,-9.85,-10.43,-15.14,-5,-7,-11,-11.71,-7.5,-8.99,-24.06,-5.18,-13.96,-8.82,-11.01,-10.55,-14.57,-3.37,-8.75,-9.69,,-5.13,,,-18,-9,,,,,,-2,-6.5,-11,-6.54,-13.02,-9.61,0.5,-14,,,-4,-5.5,-14.2,7,-0.99,-8.3,,-11,,-6.07,-5.31,-9,,-4.84,-6,-11.25,-2,-4,-22,5.32,,28,31,7,-5,-4.35
Louisiana Tech,Idaho,-1,-6.94,-9.46,-2.28,-14.28,-8.98,2.43,-6.75,-10,0.54,-5,-12.13,-1.5,-7.42,8.36,6.74,-7.67,-4.01,-0.43,-1.85,-3.71,-3.05,-2.87,-0.26,,1.73,,,-6.89,-3.47,,,,,,2,3,3,0.81,-6.03,-4.77,6.5,-12.67,,,-4,-1,-3.9,-12,-16.59,-12.7,,-14,,1.08,-0.8,-17,,6.14,-3,-6.69,4,7,-8.9,5.74,,35,48,7,-9,-1.37
Louisville,Cincinnati,-3,-3.04,5.67,-2.49,0.23,-1.68,-4.43,-5.22,10,-8.4,1,-3.73,-2.5,-0.59,-3.42,-0.7,-0.9,-2.23,2.31,-6.35,-2.82,-6.64,-6.93,0.01,,-9.51,,,2.12,-2.75,,,,,,-6,-4.5,-5,-4.68,0.48,-11.04,-7,-3,,,-5,-3,-4,4,8.25,-5,,1,,-0.96,-3.17,6,,-14.1,-3,-2.41,-3,-7,-1.3,4.29,,35,27,7,1,-1.87
Marshall,Central Florida,-4.5,-9.45,-12.96,-18.27,-19.37,-13.87,-12.58,-6.44,-11,-13.36,-8,-17.78,-5.5,-13.29,-16.1,-4.41,-15.6,-11.29,-15.72,-19.45,-17.25,-2.78,-0.82,-4.45,,-9.61,,,-13.25,-11.76,,,,,,-10,-4.5,-13,-7.7,-12.86,-6.55,-4,-19.44,,,-5,-5,-14.4,-15,-22.05,-21.2,,-20,,-2.04,-5.67,-14,,-3.24,-9,-11.51,-4,-11,-22,5.80,,35,14,7,-12,-4.52
Memphis,Southern Miss.,-14.5,-14.43,-15.01,-26.18,-21.12,-17.15,-19.81,-12.17,-14,-24.8,-15,-22.08,-15,-17.06,-7.63,-20.69,-25.16,-16.99,-11.64,-26.95,-23.57,-9.65,-12.22,-4.41,,-11.56,,,-18.99,-17.03,,,,,,-18,-16.5,-18,-15.97,-15.33,-17.67,-16.5,-22.62,,,-17,-14.5,-18.8,-20,-24.7,-24.3,,-23,,-7.15,-14.05,-16,,-10.64,-20,-11.54,-10,-24,-24,5.55,,41,19,7,-15,-15.7
Michigan,Iowa,-3,2.32,1.06,-9.89,-5.01,-5.14,-11.76,7.55,-2,-13.41,-3,-3.79,-1.5,-2.47,2.27,-14.15,-5.95,-6.11,-8.66,-10.75,-5.29,-2.06,-4.42,-6.65,,-9.6,,,2.55,-5.7,,,,,,-11,-3,-5,-8.73,-0.19,-11.55,-9,-9.04,,,-8,-3.5,-13.3,-15,-7.22,-6.1,,-6,,-4.05,-5.67,-5,,-3.25,-9,-6.41,-5,-10,-23,5.07,,38,28,7,-2,-5.73
Michigan St.,Illinois,7,8.38,12.79,9.42,10.55,3.23,7.57,17.05,7,9.18,13,3.97,15.5,2.95,13.88,6.38,5.92,8.81,5.17,8.55,12.46,10.1,10.22,19.4,,10.15,,,10.47,8.91,,,,,,9,9.5,10,9.06,10.95,8.89,11,2.78,,,10,7,6.2,14,5.01,5.6,,10,,8.93,5.19,5,,10.1,8,7.53,6,13,-4.2,3.99,,6,26,7,11,5.41
Navy,SMU,2,3.75,0.62,4,4.35,1.68,4.76,2.05,5,5.76,3,3.86,4.5,5.38,5.1,2.89,6.88,3.7,4.33,0.15,7.04,0.01,0.68,2.77,,5.72,,,-0.3,3.81,,,,,,8,4,3,4.58,1.49,-0.47,7,0.84,,,4,2,2.9,12,0.51,2.4,,0,,3.39,3.44,4,,8.82,5,4.81,6,10,-3.3,2.46,,21,28,7,1,5.98
Nebraska,Texas,10,15.36,20.17,14.7,20.95,17.42,12.57,11.47,29,11.06,13,23.88,7.5,18.22,22.7,5.25,20.16,14.53,20.91,15.65,14.75,6.9,4.26,15.24,,5.48,,,16.12,14.85,,,,,,7,8,10,8.36,13.7,1.11,3,25.78,,,3,10,19.4,14,24.13,23.3,,27,,5.66,8.63,34,,5.74,16,22.13,5,11,22,6.78,,20,13,7,15,7.39
North Texas,Florida Intl.,-5.5,-5.83,-2.35,-2.13,-0.68,-4.39,-1.91,-3.38,-2,-3.38,-2,-6.94,-3.5,-8.41,5.91,-5.2,-4.2,-2.22,-4.22,-3.85,-2.68,-2.01,3.89,2.6,,-3.28,,,-4.17,-2.24,,,,,,-2,-4,0.01,-2.75,-0.01,3.1,1,-6.47,,,3,-5,-2.7,-5,-3.3,-7,,-4,,-2.12,0.79,-5,,5.98,-2,-2.59,2,-1,-14,3.05,,34,10,7,-1,-1.17
Northern Ill.,Buffalo,14.5,12.27,15.14,17.09,11.18,13.08,17.1,13.06,22,16.04,12,15.73,12,11.52,17.9,17.27,13.8,14.22,18.72,18.45,21,12.47,15.88,6.97,,13.64,,,16.27,13.54,,,,,,11,16,19,11.37,16.03,10.81,11,17.09,,,11,14.5,17,15,12.46,13,,15,,6.7,9.96,25,,5.95,16,13.44,8,24,8.4,3.61,,14,45,7,11,12.44
Notre Dame,Western Mich.,24,14.88,13.65,22.53,7.11,17.77,25.45,15.91,16,25.7,14,19.35,14,14.01,20.97,20.77,22.6,18.74,17.35,26.85,30.07,26.88,25.14,9.65,,26.02,,,19.44,18.4,,,,,,21,23,22,20.53,20.44,12.56,16.5,17.8,,,13,23,17.7,26,15.79,11.3,,22,,15.35,20.17,17,,23.99,22,13.39,12,42,20.4,5.30,,20,44,7,5,20.74
Ohio,Akron,17,24.22,16.68,21.86,22.09,21.74,20.8,24.78,26,21.7,21,28.13,21,24.09,35.98,18.83,28.3,20.75,22.96,23.15,17.5,15.54,25.32,7.76,,17.62,,,26.85,21.35,,,,,,22,18.5,21,16.84,14.92,22.02,22,29.25,,,13,17.5,22.6,13,19.59,25.6,,30,,11.98,15.83,20,,8.29,23,24.81,12,21,22,5.00,,10,38,7,17,17.93
Oklahoma,Iowa St.,22,17,19.13,16.79,23.41,13.02,22.15,21.15,15,26.37,26,16.81,26.5,15.26,18.49,26.94,32.14,19.88,11.01,17.05,24.96,18.03,18.14,21.89,,20.88,,,23.21,19.27,,,,,,26,23,20,21.99,19.61,22.93,19,13.24,,,28,22,16.9,16,22.59,21.7,,19,,17.6,19.41,18,,24.5,24,13.55,15,18,11.1,4.56,,0,52,7,19,23.03
Purdue,Minnesota,5.5,16.38,12.64,6.83,12.52,7.07,4.78,23.31,17,3.35,11,8.36,10,9.98,19.68,1.77,8.9,8.09,6.7,2.15,12.32,2.17,8.63,4.81,,6.8,,,19,7.37,,,,,,9,6,7,5.13,14.57,0.91,5,9.51,,,2,5.5,9.2,-3,7.67,11,,11,,6.91,5.67,6,,1.49,1,11.13,3,7,8.1,5.50,,17,28,7,8,4.32
Rice,Houston,-9.5,-9.97,-10.57,-12.49,-13.87,-12.29,-9.87,-10.6,-7,-13,-14,-13.51,-14,-9.46,-8.53,-10.09,-20.1,-12.04,-12.78,-10.85,-18.29,-12.63,-10.9,-4.43,,-11.1,,,-15.06,-12.39,,,,,,-15,-9,-15,-8.73,-13.19,-11.02,-19,-12.96,,,-17,-9.5,-6.9,-12,-7.79,-15.3,,-18,,-4.47,-9.97,-1,,-16.32,-16,-13.22,-7,-17,-24,3.43,,31,34,7,-13,-10.39
Rutgers,Army,7,-3.65,-0.5,-1.72,-2.64,-0.26,8.13,-3.29,-1,11.2,6,-1.93,8,-4.31,-3.97,10.82,5.19,3.52,-4.12,2.7,6.07,5,7.14,0.93,,11,,,-1.89,3.2,,,,,,10,7.5,4,5.81,-0.28,8.79,10,-2.25,,,10,6.5,0.1,15,5.45,-0.2,,-4,,0.43,8.23,-2,,20.57,10,-4.23,7,11,3.7,5.47,,20,23,7,1,7
San Diego St.,Air Force,-1,-3.58,-5.7,1.3,-0.31,-1.6,-10.96,-13.99,3,-13.2,-4,1.66,-10.5,4.96,-11.28,-5.17,-3.88,-4.3,-1.7,-4.05,-18.64,1.52,-21.06,-0.55,,-9.5,,,-10.7,-4.1,,,,,,-6,-4,-9,-9.03,-8.47,-6.67,-14,4.19,,,-7,-1,-4.8,2,-0.53,0.3,,1,,-4.86,-0.19,5,,-9.07,-8,-3.6,-5,-10,6.5,5.65,,25,27,7,-1,-1.11
San Jose St.,Boise St.,-40.5,-27.09,-31.53,-46.33,-49.69,-28.64,-39.73,-29.33,-35,-42.44,-32,-40.2,-32,-25.8,-47.84,-36.43,-47.94,-35.64,-30.54,-46.15,-49.79,-42.36,-40.17,-23.48,,-35.9,,,-40,-35.45,,,,,,-39,-38,-41,-32.69,-31.55,-47.11,-38.5,-37.21,,,-39,-40.5,-33.3,-19,-47.15,-46.5,,-45,,-22.95,-30.08,-35,,-32.74,-42,-27.63,-23,-45,-25,8.05,,48,0,7,-29,-39.01
Syracuse,Pittsburgh,0,7.6,5.9,0.45,11.65,-2.87,-6.26,8.67,4,-7.09,5,-1.63,1,6.47,4.55,-9.06,-3.38,-0.06,-5.38,-3.95,-7.32,-3.02,-3.85,2.29,,-4.54,,,7.57,-1.32,,,,,,-5,0,-2,-2.74,5.75,-6.45,-11,-1.83,,,-3,0,-0.7,7,2.7,-1.8,,1,,1.6,-0.96,-1,,-2.28,-1,-1.69,-5,-13,7.8,5.34,,45,14,7,1,-1.72
TCU,BYU,29,25.89,27.11,26.69,42.47,24.24,28.53,24.44,30,30.88,26,34.36,24.5,27.31,34.18,32.97,33.85,27.39,26.88,30.35,34.21,29.94,22.56,22.64,,23.85,,,31.18,26.78,,,,,,25,28,25,22.6,27.94,23.15,19,32.9,,,26,29,29.1,18,42.58,36,,39,,14.32,24.27,29,,9.46,33,24.94,18,25,24,5.60,,3,31,7,31,24.47
Temple,Bowling Green,20,16.9,18.52,22.54,16.1,15.23,20.2,18.73,20,15.34,21,20.41,15.5,15.36,18.29,12.44,20.68,16.97,15.37,21.95,20.75,21.32,22.39,9.23,,16.5,,,23.94,17.2,,,,,,15,15,17,12.71,20.4,16.68,9,17.41,,,15,20,20.2,7,19.55,16.5,,19,,10.08,19.3,18,,10.81,22,11.76,7,20,20,4.56,,27,28,7,12,14.75
Texas A&M,Missouri,3.5,-4.53,-11.58,-0.36,-3.23,-1.07,-0.86,-8.82,-4,-0.11,-11,1.64,-9,1.64,-7.05,-1.04,0.9,-2.25,-4.34,-1.05,-11.79,3.26,-6,-0.98,,0.86,,,-12.74,-1,,,,,,2,3,-2,0.35,-7.23,-0.99,2,-2.65,,,1,2,0.5,3,9.76,-2.1,,0,,0.81,3.23,-9,,0.32,-1,-4.1,-1,1,-9.6,4.38,,30,9,7,-1,1.52
Texas Tech,Oklahoma St.,2.5,-1.79,-8.98,-3.83,-4.94,-8.66,4.48,1.09,-6,0.01,-4,-10.04,-4.5,-4.76,-6.99,3.32,-8.8,-2.34,-2.79,-2.85,-6.18,-1.94,-4.13,-3.26,,4.65,,,-14.3,-3.05,,,,,,3,3,0.01,-1.59,-5.85,3.35,1,-7.72,,,4,2,4.2,-10,-3.74,-4.2,,-11,,-3.25,6.26,-8,,14.05,7,-4.72,3,6,-21,4.88,,34,17,7,-1,1.01
Toledo,Kent,4,18.07,16.75,9.16,2.8,8.5,7.15,24.63,15,5.74,9,12.42,10.5,13.28,18.81,5.3,10.74,9.16,19.23,8.25,16.61,1.51,17.43,3.59,,9.65,,,17.8,8.8,,,,,,5,-1,8,6.91,15.88,3.25,3,12.56,,,3,4.5,9.4,-2,11.42,8.6,,15,,8.09,4.3,12,,-1.01,-5,16.37,7,11,5.2,6.22,,21,34,7,3,3.13
Troy St.,Louisiana-Lafaye,20,16.25,15.24,23.14,18.89,18.89,19.47,10.47,22,22.87,16,25.28,18,22.47,4.08,24.84,24.18,18,18.54,24.25,21,15.87,14.88,8.61,,10.47,,,13.12,17.41,,,,,,25,17,16,15.14,14.67,15.41,23.5,23.31,,,13,20,24.9,13,28.09,25,,27,,7.41,17.63,14,,15.95,23,16.17,15,24,23,5.66,,24,31,7,12,17.19
Tulsa,Tulane,19.5,13.12,8.6,19.81,11.9,13,16.55,8.91,17,22.91,14,18.31,16.5,17.74,4.61,18.33,20.82,15.39,12.96,21.55,13.68,20.91,11.96,4.81,,13.17,,,8.94,16.45,,,,,,23,15,17,13.69,11.15,19.91,18,16.55,,,19,19,19.6,8,11.99,16.4,,17,,4.48,18.24,20,,18.09,23,13.32,15,28,10.5,5.04,,24,52,7,9,16.24
UAB,UTEP,1.5,-3.26,-7.61,3.4,-10.01,0.82,-0.67,-9.25,2,-3.07,-7,5.49,-9.5,2.5,-7.27,5.25,0.48,-1.58,3.82,2.15,-7.93,5.43,-0.57,-0.19,,0.7,,,-13.42,-0.31,,,,,,2,0,-3,-1.08,-8.08,5.18,8.5,3.4,,,-2,1.5,-3.3,-12,6.89,-3.6,,5,,0.9,5.19,-7,,4.02,2,-0.44,2,-1,-10.6,5.87,,6,21,7,-1,1
USC,California,1.5,-2.91,-4.43,-5.03,-8.08,-2.7,0.01,-3.44,1,-1.74,0.25,-6.37,6.5,-2.28,-8.18,-0.28,-2.74,-0.97,-6.9,-2.35,-3.54,4.59,3.63,1.81,,1.29,,,-2.15,-0.34,,,,,,3,3.5,3,-0.37,0.12,-1.98,5,-9.01,,,-1,1.5,-0.4,-8,-0.43,-7.3,,-9,,1.01,2.12,4,,7.69,2,-3.18,2,4,-12.9,3.83,,14,48,7,2,3.68
Virginia,North Carolina,-6.5,-3.54,-9.28,-8.73,-2.09,-5.64,-12.97,-7.17,1,-11.36,-8,-3.5,-6.5,0.76,-4.72,-4.82,-9.17,-6.58,-3.88,-9.65,-18.71,-5.74,-12.31,-1.52,,-6.34,,,-12.44,-6.08,,,,,,-9,-6.5,-8,-6.91,-12.17,-18.29,-7,-3.12,,,-12,-6.5,-12.3,1,-1.44,1.7,,0,,-2.47,-2.12,-11,,-13.91,-12,-1.68,-4,-7,-6.6,4.56,,44,10,7,-5,-4.8
Virginia Tech,Wake Forest,22.5,25.48,26.67,26.67,23.7,21.97,23.49,28.71,21,24.31,21,26.36,22,22.27,18.77,24.92,29.51,22.51,27.51,26.65,35.61,24.64,14.46,10.49,,18.85,,,26.82,22.64,,,,,,23,22,21,19.54,25.48,22.1,23.5,23.06,,,19,22.5,24.2,19,21.95,25.3,,28,,14.77,20.93,32,,20.62,26,19.12,19,27,23,4.23,,21,52,7,14,21.73
Washington,Oregon St.,2,-8.59,-8.77,-5.46,-5.22,-5.14,-4.24,-12.41,-6,-3.32,-8,-10.44,-11,-6.07,-15.08,-7.22,-11,-5.92,-8.88,-1.55,-13.46,-2.11,-11.26,-2.92,,-6.94,,,-12.66,-5.07,,,,,,-3,0,-5,-3.94,-9.14,-7.02,-5,-7.37,,,-2,0.5,-3.1,-4,-3.12,-2.5,,-7,,-4.55,-0.99,-14,,5.88,-3,-4.11,-3,1,-17.8,3.51,,34,35,7,-1,-3.37
Washington St.,Arizona,-23.5,-17.39,-25.17,-24.3,-37.19,-22.52,-21.54,-14.07,-21,-26.28,-24,-25.95,-20.5,-20.44,-16.58,-26.46,-31.58,-23.23,-24.87,-20.55,-39.43,-27.85,-27.48,-16.93,,-21.05,,,-25.37,-23.12,,,,,,-22,-24,-22,-18.62,-24.98,-23.23,-25,-28.65,,,-29,-23.5,-15.5,-23,-30.36,-33.2,,-29,,-10.97,-21.11,-31,,-10.82,-28,-18.11,-16,-34,-26,5.17,,24,7,7,-22,-17.48
West Va.,South Florida,10,18.37,16.25,14.08,15.04,9.05,12.99,25.51,17,14.59,12,13.68,11,10.31,16.11,12.03,15.14,13.22,17.32,12.15,27.04,8.44,16.11,13.34,,11.6,,,17.82,13.07,,,,,,10,13.5,12,12.02,18.56,8.79,7,13.15,,,10,10.5,15.5,8,21.59,14.8,,18,,9.45,8.12,24,,7.39,14,13.65,6,17,5,3.99,,6,20,7,10,9.9
Western Kentucky,Louisiana-Monroe,2,2.31,-3.29,7.7,-5.26,3.47,0.39,-4.62,5,1.17,-5,6.15,-8.5,8.48,-7.11,-6.52,-2.18,0.5,4.62,6.85,-0.96,3.69,-5.63,1.27,,2.04,,,-8.46,1.22,,,,,,2,-1,1,-3.05,-1.14,-0.25,,6.3,,,-4,2,5.5,12,3.55,2.4,,4,,-7.28,3.2,-5,,-0.01,4,1.48,1,3,5,5.09,,35,30,7,-1,2.4
Wisconsin,Ohio St.,-4,-1.16,-6.48,-8.25,-5.41,-8.4,-11.17,3.97,-7,-14.3,-8,-10.09,-9,-6.48,-7.12,-11.06,-8.54,-8.46,-14.35,-8.75,-10.82,-10,-7.95,-9,,-8.46,,,-10.08,-8.32,,,,,,-6,-6.5,-12,-9.87,-4.34,-8.84,-9,-10.21,,,-6,-5,-11,-25,-6.12,-8.2,,-12,,-5.44,-4.63,-12,,-8.47,-7,-9.66,-6,-8,-16.8,4.12,,18,31,7,-5,-6.19
Wyoming,Utah,-20.5,-9.01,-17.45,-27.32,-32.62,-22.16,-21.89,3.53,-20,-27.88,-18,-30.71,-18,-18.92,-8.25,-27.25,-30.87,-20.58,-12.16,-30.95,-29.79,-16.58,-18.05,-17.03,,-17.8,,,-19.91,-19.96,,,,,,-25,-20,-21,-18.17,-18.42,-18.05,-17.5,-26.88,,,-18,-20.5,-19.4,1,-42.78,-31,,-27,,-8.46,-21.49,-30,,-11.53,-20,-11.69,-15,-32,-25,8.80,,30,6,7,-26,-20.38
Akron,Western Mich.,-7,-14.92,-10.95,-12.05,-13.02,-11.62,-8.17,-16.27,-15,-10.63,-17,-16.17,-15,-13.91,-27.32,-14.42,-12.14,-13.11,-13.02,-13.05,-9,-6.13,-9.86,-0.82,-13.83,-7.11,-20.26,,-16.78,-13.02,-20.44,,-12.29,-4.27,-30,-9,-7,-14,-8.32,-4.96,-10.35,-8,-18.17,-15.97,,-8,-7.5,-14,1,-16.81,-18.4,-25.05,-16,1.96,-6.02,-7.3,-14,-14.1,2.9,-9,-11.93,-5,-13,-20.7,8.37,,56,10,8,-56,-6.69
Arizona,Washington,6.5,13.41,13.66,11.26,24.26,12.3,7.76,10.89,13,6.23,17,15.37,15.5,15.68,12.2,16.71,13.86,12.96,10.71,9.95,16.47,9.55,13.82,15.57,16.01,3.83,14.09,,13.77,13,13.02,,13.56,9.51,21.7,10,4.5,7,5.78,14.96,9.93,10,15.63,17.37,,12,7.5,6.1,17,9.99,19.6,-0.93,13,0.64,5.34,9.7,10,10.5,-6.58,9,11.2,10,13,15.8,6.78,,14,44,8,51,10.92
Arkansas,Mississippi,9.5,15.45,8.08,16.92,13.72,11.01,8.07,13.23,17,4.42,18,17.72,13.5,18.05,15.11,8.78,12.34,13.39,8.97,10.25,17.97,12.5,8.54,15.21,11.68,7.38,13.59,,13.22,12.72,13.64,,14.26,4.05,25.5,12,9.5,10,3.13,15.66,12.72,5,16.97,12.02,,17,10,9.9,16,21.18,16.5,18.44,17,1.3,1.84,11.44,5,9.95,15.62,13,12.31,7,7,16.2,8.01,,24,38,8,60,9.88
Arkansas St.,Florida Atlantic,8.5,9.51,6.06,10.22,6.51,8,5.89,7.98,11,7.63,9,9.86,7,11.2,4.97,10.78,6.87,8.8,10.81,9.35,6.89,9.02,6.11,2.31,9.76,7.21,10.27,,9.93,8,7.43,,7.06,6.35,12,6,6,8,6.02,6.56,4.18,2.5,10.11,10.12,,6,8.5,10.4,4,10.63,3.6,4.73,8,1.64,4.41,8.12,14,3.8,5.58,11,8.89,8,10,11.1,6.81,,16,37,8,52,3.75
Auburn,LSU,6,4.34,4.37,8.98,6.69,4.54,4.31,4.92,10,1.09,1,8.56,-1,4,9.97,-1.26,6.67,5.08,7.1,8.15,2.25,2.19,-4.52,5,6.11,2.9,3,,4.13,4.34,4.06,,3.29,-4.86,2.9,5,4.5,3,-0.06,3.89,4.64,-1.5,7.78,7.53,,5,6,11.1,5,11.56,9.5,1.64,13,0.8,-1.21,2.49,9,0.4,3.88,6,4.66,-1,1,-5.7,7.91,,17,24,8,54,3.2
BYU,Wyoming,11,6.32,5.31,10.49,7.67,6.02,6.44,2.08,8,7.76,7,10.32,6,9.48,-0.81,12.23,17.64,8.37,0.18,7.85,6,6.3,7.02,6.25,6.69,7.71,1.86,,5.28,7.71,2.73,,2.8,15.96,2.8,17,10,8,7.39,5.6,10.97,17,10.38,8.6,,13,10.5,4.4,-12,16.83,9.6,32.38,9,-0.01,7.02,12.57,8,3.95,22.35,11,0.77,12,18,2.2,7.23,,20,25,8,43,9.43
Baylor,Kansas St.,6.5,3.34,-1.73,6.16,2.59,1.66,3.43,-1.13,5,1.8,3,3.14,3.5,6.97,-0.67,5.54,0.63,3.6,1.67,1.65,-2.64,4.08,-2.83,-2.4,0.3,7.77,-4.06,,-1.78,3,-0.52,,-3.28,2.92,-9.4,8,6.5,2,2.02,-0.42,4.27,2,3.27,1.29,,10,5.5,5.7,4,11.54,5.6,-33.32,5,-1.29,2.25,6.74,9,0.35,1.45,5,1.83,2,3,2.2,8.27,,42,47,8,55,3.4
Boston College,Maryland,4.5,-1.29,-2.17,4.22,-5.47,3,6.9,-1.11,2,7.79,-3,3.33,0.01,-1.47,-4.54,6.99,5.3,1.54,2.68,7.85,-1.08,2.63,1.8,1.41,3.69,6.68,0.72,,-3.74,2.63,-6.64,,-6.63,20.9,-8.9,5,4.5,7,5.17,-1.81,7.34,9.5,4.17,2.59,,7,4.5,8.2,1,4.93,2.6,1.73,3,-15.46,2.54,6.7,-2,-5.35,14.32,8,2.98,6,8,-4.7,8.63,,24,21,8,-46,4.56
Bowling Green,Kent,-2,4.4,2.55,3.94,-6.59,3.52,2.99,0.86,5,4.25,1,3.29,4.5,7.81,6.68,4.99,6.43,2.33,7.64,5.05,5.39,-3,8.93,1.99,5.11,4.88,-1.33,,0.42,3.74,1.3,,-0.13,9.5,-5.2,7,-3,6,3.7,2.57,3.26,11,5.1,6.17,,-2,-1,4.8,-0.5,0.01,-3.7,19.12,2,-2.33,3.15,1.03,11,-1,3.74,1,3.97,8,10,7.7,8.90,,30,6,8,-54,2.92
Buffalo,Temple,-7.5,-5.42,-9.19,-10.11,0.7,-7.44,-9.56,-6.39,-5,-11.39,-6,-5.52,-8.5,-4.45,-3.47,-7.75,-10.27,-8.1,-4.61,-11.15,-13.25,-10.5,-16.37,-3.56,-7.89,-6.58,-10.87,,-13.39,-7.75,-7.71,,-9.43,-0.11,-18.4,-4,-8.5,-9,-7.15,-9.18,-10.73,-6,-8.24,-9.81,,-2,-7.5,-7.3,-7,4.56,-2.5,-4.65,-4,-14.19,-2.91,-4.96,-13,-13.7,-4.73,-8,-4.63,-2,-11,-10,7.24,,42,0,8,-48,-8.21
California,Arizona St.,3,2.3,7.41,4.88,8.93,3.09,4.07,1.24,2,2.51,9,4.44,6,4.03,2.76,9.98,7.21,5.3,-0.52,9.55,1.97,5.53,6.26,8.03,2.44,4.61,5.35,,2.71,4.44,3.66,,6.29,4.83,10.3,5,1,1,4.23,5.51,11.89,6,4.77,3.19,,10,3,-2.2,7,-3.84,2.4,30.99,3,-2.4,5.96,4.37,-1,2.6,3.49,7,-0.8,5,7,-2.2,7.71,,17,50,8,54,3.44
Central Florida,Rice,21.5,20.34,19.37,25.65,24.92,20.91,20.22,14.72,27,23.9,18,30.07,16.5,27.06,11.74,23.84,28.9,21.25,25.57,23.45,26.17,24.37,14,9.63,24.41,15.28,15.8,,17.96,21,15.35,,15.45,21.87,24.6,23,20,18,16.04,21.25,18.25,24,26.69,27.31,,14,21.5,22.6,15,31.39,27.8,35.54,29,3.66,8.17,19.64,18,20.4,19.46,25,22.44,14,21,23,6.85,,14,41,8,51,19.24
Cincinnati,South Florida,7.5,18.28,12.76,9.76,13.16,11.24,10.22,21.6,16,15.17,9,17.02,9,15.8,11.51,18.27,14.02,13.69,17.8,9.55,20.44,10.44,8.28,4.34,18.26,10.35,22.77,,13.16,12.76,13.8,,10.49,14.66,22.6,9,8.5,8,12.1,13.66,8.81,10.5,18.54,19.66,,11,8.5,10.1,5,23.84,19.1,34.38,21,7.33,9.03,9.62,28,7.75,4.92,12,14.93,9,17,5.4,6.67,,38,30,8,46,7.77
Clemson,Georgia Tech,5.5,4.46,2.29,5.71,3.82,6.3,5.47,1.81,9,1.18,5,9.51,1,7.84,7.35,7.05,4.11,4.91,8.92,5.85,6.31,2.08,-1.48,4.94,9.76,4.42,-3.33,,-0.69,4.42,0.01,,-0.62,-10.25,-4.8,7,5.5,3,0.87,0.8,1.53,4,7.19,13.61,,1,5.5,7.6,8,2.4,8.5,-4.23,7,0.14,0.57,0.69,18,-3.2,2.33,7,7.87,3,7,-0.7,8.36,,13,27,8,53,4.1
Colorado,Texas Tech,-2.5,5.18,4.86,-2.84,0.01,3.89,-5.71,3.7,7,-6.03,3,6.66,-2,6.4,3.29,-1.89,-5.06,-0.41,6.32,-3.45,0.47,-6.93,-5.24,-0.34,0.79,-3.98,4.78,,4.21,0.15,3.76,,5.04,-5.26,6.8,-6,-2.5,0.01,-2.38,2.9,-8.35,-11,7.06,6.84,,-4,-2.5,-3.2,-4,7.02,0.01,10.71,6,-1.53,1.28,-3.7,4,-0.01,0.15,-5,6.42,-3,-4,1.7,9.12,,27,24,8,-55,-2.71
East Carolina,Marshall,12,18.72,21.33,16.5,17.97,14.45,18.27,23.57,20,16.68,25,16.96,22,14.5,24.59,21.52,22.39,18.77,19.15,17.85,31.14,10.55,17.7,7.33,18.94,20.2,28.99,,25.13,18.27,24.49,,26.49,2.06,45.9,16,12,19,15.78,23.4,9.93,10.5,17.68,18.82,,10,13,18.3,10.7,20.36,19.1,28.81,16,30.92,14.87,11.15,24,17,3.98,14,14.82,9,21,19.9,9.46,,10,37,8,65,10.28
Idaho,New Mexico St.,24,22.47,17.85,26.92,29.98,25.75,22.71,13.3,28,25.21,22,39.39,18.5,33.5,12.91,25.38,29.2,24.04,30.44,26.95,19.06,26.3,13.95,10.13,31.16,16.02,14.8,,19.1,24.9,14.05,,12.02,24.73,18.2,26,21.5,22,16.3,15.17,22.31,23,36.05,34.71,,22,24,24.9,17,37.15,33.5,24.3,38,-9.49,7.4,26.32,35,25,15.97,26,28.71,15,27,23,8.25,,14,37,8,53,23.37
Illinois,Indiana,13.5,18.41,10.21,12.2,11.12,14,11.45,21.11,13,9.17,12,19.49,8,15.79,16.76,15.23,16.39,13.44,18.09,15.85,21.92,16.83,11.08,2.28,16.57,9.75,20.54,,13.05,13.05,11.22,,10.63,-9.3,20.6,13,7.5,14,7.55,13.57,8.16,8.5,20.2,18.51,,10,13.5,15.2,-4,20.75,18.6,1.5,24,17.31,5.93,15.26,19,11.2,7.09,13,15.81,9,7,9.3,7.96,,13,43,8,51,12.24
Iowa,Wisconsin,5.5,5.11,3.51,11.43,10.41,8.62,8.77,0.43,10,16.88,7,7.09,3.5,8.18,-0.9,14.23,8.74,8.34,5.61,10.15,4.64,3.18,4.61,5.5,9.41,9.39,4.55,,5.1,7.1,2.06,,3.43,16.58,5.7,8,6.5,4,10.99,5.25,7.5,8,9.72,12.75,,4,5.5,9.1,28,1.08,7.1,6.24,6,-29.81,5.1,5.51,10,5.95,1.5,12,6.36,8,11,11.5,7.86,,31,30,8,52,7.7
Kansas,Texas A&M,-13,-15.67,-7.08,-22.91,-19.22,-18.7,-8.21,-7.64,-20,-15.64,-11,-30.72,-6,-24.54,-9.28,-4.48,-18.32,-13.83,-10.95,-21.15,-16.64,-16.1,0.48,-3.8,-18.16,-7.37,-9.92,,-15.45,-13.1,-6.3,,-6.56,18.35,-13.1,-7,-13.5,-10,-6.66,-11.21,-10.52,-4,-27.35,-27.8,,-12,-13,-13.1,-29,-28.73,-26.8,-10.16,-31,2.53,2.33,-14.04,-14,-21.9,-2.42,-15,-13.35,-4,-10,-16.3,10.63,,45,10,8,-51,-12.65
Kentucky,Georgia,-4,2.47,3.59,-6.61,0.55,-3.58,-4.6,6.67,1,-3.83,1,-5.46,4,-4.57,7.14,-6.19,-6.2,-0.12,2.51,-3.95,1.75,-6.5,7.87,5.78,-0.47,3.25,5.96,,4.47,-2,8.09,,5.39,0.82,6.3,-7,-1,0.01,-0.12,3.49,-8.61,0.5,-6.77,-4.79,,-3,-4,-6.1,-6,-10.82,-4.8,6.59,-4,2.72,3.6,-4.84,2,-2.45,-4.57,-3,-0.14,-2,-10,-5,9.40,,44,31,8,56,-3.16
Louisiana-Lafaye,Western Kentucky,6,6.16,11.54,6.8,9.72,4.99,9.06,10.64,8,8.02,16,5.3,16.5,2.61,19.18,4.53,9.92,9.94,7.54,7.55,8.42,9.65,15.94,4.67,4.96,6.13,16.53,,14.72,8.02,15.94,,13.42,28.56,21.5,9,3,10,10.07,7.86,13.07,,5.34,3.11,,10,6,9,-4,3.51,2.7,-2.07,7,13.46,12.11,3.41,15,4,3.98,10,7.33,11,10,1.2,9.17,,54,21,8,60,5.17
Louisville,Connecticut,2,1.49,5.37,-2.22,1.66,1.67,-3.48,-0.69,10,-1,1,3.32,0.5,4.28,1.31,4.84,0.17,2.27,5.13,-2.05,-0.67,-2.82,-4.29,2.46,10.13,-1.32,1.22,,1.01,1.31,0.57,,1.75,-8.5,2,-4,-2.5,-2,0.32,1.99,-8.36,-6,5.4,13.44,,-1,2,-3.3,7,13.99,5.9,14.94,8,-1.47,1.64,0.69,6,-3.3,-9.2,-3,2.46,3,4,-1,8.69,,0,26,8,53,0.22
Miami (Fla.),North Carolina,7,6.16,0.39,2.37,3.65,-0.67,-0.39,5.88,6,-0.25,1,5.21,2,6.68,7.94,1.66,2.25,3.73,5.04,0.55,1.44,9.09,6.76,4.45,4.55,2.96,-2.54,,-2.78,3,3,,-2.44,13.63,-7.6,3,7,2,1.23,2.26,-0.17,4.5,2.36,3.01,,5,6,-2.7,0.7,5.69,4.3,-40.71,5,11.44,2.72,7.5,1,0.5,-1.94,3,6.16,3,3,0.5,8.03,,10,33,8,54,3.89
Miami (Ohio),Ohio,-3,4.5,6.72,-3.49,1.43,-0.82,-4.14,10.75,2,-5.08,5,-0.85,2.5,-1.62,13.5,-3.11,-4.01,-0.12,0.29,-3.65,4.72,-3.79,2.22,0.51,3.74,-0.4,12.25,,6.65,-0.74,10.52,,11.33,-17.71,19,-3,-2.5,-2,-1.34,4.97,-5.36,-10,-0.74,0.91,,4,-3,-3.9,-2,2.51,-1.6,-7.55,-5,16.19,2.39,-2.32,2,-2.2,-0.79,-3,-0.26,-1,-4,-9.3,9.33,,34,13,8,-49,-1.05
Middle Tenn.,Louisiana-Monroe,12.5,-0.36,-4.06,11.24,3.72,3.96,10.93,-3.12,-2,11.71,2,2.7,2,2.36,3.51,7.09,6.09,5.34,3.85,12.25,2.61,13.67,11.71,5.72,-1.85,6.3,-5.61,,-4.09,4.49,-5.71,,-6.56,-4.69,-14.1,14,9,10,7.63,0.56,15.85,10,4.51,-1.97,,8,11.5,6.3,7,2.87,2.2,-5.33,5,1.09,3.55,10.19,9,2,12.84,16,4.49,8,11,3.7,9.26,,10,38,8,52,8.93
Minnesota,Penn St.,-9,-9.74,-7.48,-6.97,-5.83,-6.09,-8.65,-14.81,-8,-5.1,-8,-6.56,-8,-4.84,-18.38,-8.01,-8.48,-8.83,-2.13,-9.65,-16.81,-6.54,-10.36,-1.18,-2.94,-12.94,-16.09,,-12.26,-7.8,-14.65,,-13.41,-4.71,-25.7,-9,-8.5,-10,-3.79,-10.29,-11.42,-9,-6.76,-3.78,,-9,-9,-7.8,-8,-1.6,-5.5,1.51,-9,-6.39,-2.49,-7.32,-1,-12.6,-7.43,-10,-5.64,-3,-8,-6.3,6.91,,33,21,8,-46,-5.25
Mississippi St.,UAB,19.5,26.44,22.6,23.66,24.27,21.64,23.47,28.49,24,31.21,21,27.67,20,24.43,29.78,27.01,31.21,24.26,23.95,20.55,38.72,17.91,24,14.63,26.3,26.37,30.56,,26.64,24.25,25.04,,25.86,11.43,43,26,21,25,24.07,27.58,14.72,12,28.13,29.89,,17,20.5,23.2,23,12.98,25.9,43.23,25,22.1,16.93,18.98,26,24.25,27.41,19,21.74,13,35,16.3,6.56,,24,29,8,48,21.78
Missouri,Oklahoma,-3,1.82,1.57,-1.17,1.43,1.18,-4.54,-2.19,7,-11.67,3,5.11,-3.5,5.02,-3.95,-2.57,-8.8,0.24,6.18,-3.95,0.28,-0.01,-11.38,-6.25,2.59,-7.57,-2.17,,1.23,-0.03,-1.62,,2.1,4.38,-8.5,-7,-6,-3,-6.44,1.9,-7.05,-5.5,5.74,3.76,,-7,-3,0.8,5,0.77,3,-9.22,7,-13.13,-1.21,-1.07,6,2.6,-5.35,-4,3.41,-3,-3,8.1,8.55,,27,36,8,50,-2.05
Navy,Notre Dame,-7,-5.14,-3.86,-7.43,-0.94,-8.39,-6.07,-4.46,-3,-4.11,-2,-6.42,-2,-5.83,-4.44,-0.92,-3.84,-5.33,-6.43,-10.1,-8,-8.55,-2.03,-1.15,-5.12,-4.51,-6.04,,-4.93,-4.8,-0.82,,-3.56,-3.72,-3.5,-5,-4,-9,-2.96,-4.8,-1.97,1,-10.01,-7.76,,-4,-7,-6.6,-8,-5.1,-5.7,-19.35,-7,0.34,-1.81,-6.29,-2,-6.55,-4.22,-2,-5.72,-2,-7,-6,6.32,,17,35,8,-45,-4.4
New Mexico,San Diego St.,-23.5,-28.32,-26.67,-33.81,-33.5,-23.29,-21.09,-25.86,-30,-25.93,-28,-40.24,-20.5,-30.99,-26.62,-20.78,-29.98,-26.82,-37.17,-31.25,-34.28,-24.96,-14.47,-10.21,-36.68,-19.33,-31.44,,-31.28,-26.29,-26.54,,-21.44,-9.79,-44.3,-20,-23,-26,-19.19,-21.35,-19.53,-16.5,-35.89,-41.92,,-17,-23.5,-25.2,-29,-31.48,-44.2,-36.33,-45,-51.34,-12.45,-18.92,-44,-35.25,-5.03,-25,-31.98,-8,-18,-24,9.00,,30,20,8,-55,-21.85
Northern Ill.,Central Mich.,9.5,16.42,18.77,14.97,14.45,10.1,13.11,22.93,20,11.27,14,15.44,12,10.11,28.45,11.56,14.66,13.94,20.57,16.65,21.94,7.73,11.21,4.81,15.88,10.32,22.66,,17.12,14,19.86,,20.41,-8.6,31,8,9,20,11.18,17.99,2.11,3,14.06,16.17,,6,10,18.2,6,20.83,13,18.52,19,53.37,11.09,6.23,17,12.45,-2.79,14,13.81,5,7,2.1,8.54,,7,33,8,50,10.58
Northwestern,Michigan St.,-5,-12.46,-13.84,-9.2,-6.11,-9.58,-8.8,-18.64,-9,-7.26,-10,-11.74,-10.5,-8.96,-20.19,-13.94,-10.08,-11.45,-19.31,-13.05,-21.33,-4.99,-7.07,-16.02,-12.91,-8.5,-18.53,,-12.94,-10.55,-16.59,,-11.38,-6.54,-25.1,-6,-8,-14,-6.94,-10.55,-1.33,-5.5,-12.94,-15.23,,-6,-6,-13,-7,-12.29,-11.7,-26.17,-22,-47.56,-6.61,-7.11,-15,-13.7,-2.92,-7,-15.68,-3,-4,-11.2,7.01,,35,27,8,-48,-3.75
Ohio St.,Purdue,23.5,19.72,16.72,21.31,23.17,20.03,20.46,16.53,22,23.4,20,29.13,19,22.7,20.19,23.82,28.37,21.68,20.41,25.45,28.78,21.63,18.28,17.24,21.94,21.4,12.34,,18.79,21.31,16.75,,14.96,19.58,22.2,24,27,22,16.46,20.33,28.58,20,24.05,26.94,,27,23,18.9,28,28.74,25.1,18.56,30,26.04,9.53,21.17,22,19.25,27.45,30,17.73,14,21,12,5.82,,0,49,8,49,23.07
Oklahoma St.,Nebraska,-6,0.83,4.99,1.71,1.31,2.2,-6.19,2.07,4,-2.49,5,2.57,7,-0.45,8.71,-9.23,3.69,1.65,-1.48,0.45,1.5,-7.35,5.77,2.5,-2.17,-2.45,7.62,,10.13,0.75,9.39,,11.19,7.18,13.9,-2,-3,0.01,0.64,4.02,-2.72,-3,-0.99,-3.9,,-1,-5,-1.4,2,1.59,-3.1,-20.34,-2,10.1,3.76,-6.65,2,0.75,-20.29,-6,0.01,-2,-6,-10,10.16,,51,41,8,64,-2.07
Oregon,UCLA,24,21.25,20.09,28.24,37.12,23.95,22.23,17.02,29,23.66,25,34.64,22,24.68,27.72,26.99,31.3,24.08,26.62,28.15,23.64,23.84,17.04,21.84,26.99,22.51,17.94,,21.35,23.5,15.76,,16.43,17.65,20.2,26,21,20,17.94,18.81,20.39,18.5,27.91,29.69,,20,24,25.6,-7,34.03,37.1,37.3,30,23.41,12.21,23.26,37,24.25,21.53,30,24.02,15,21,22,8.71,,13,60,8,60,24.51
Pittsburgh,Rutgers,12.5,11.69,6.01,16.01,7.95,13.76,10.73,10.15,19,12.84,4,18.86,4,14.1,7.77,6.43,20.17,11.16,14.78,15.25,14.08,15.01,7.87,3.94,16.22,11.7,7.65,,5.84,11.69,4.78,,0.71,13.88,1.6,14,8,11,9.09,7.75,9.42,9.5,15.97,17.54,,8,12.5,16.6,5,19.2,14.5,6.78,22,3.02,5.34,14.1,12,8.9,0.46,13,14.34,7,10,3.1,6.67,,21,41,8,43,11.76
SMU,Houston,7.5,11.18,9.32,5.84,5.85,6.1,9.13,12.27,12,7.96,9,9.2,7.5,10.09,8.45,7.72,4.78,8.24,11.05,8.45,12.25,6.05,8.1,1.86,10.23,5.43,12.93,,10.48,8.37,10.45,,10.35,-10.39,16.3,2,6.5,5,7.68,10.01,4.16,3,10.8,9.41,,-3,7.5,12,-10,12.81,10.2,18.82,11,4.75,7.39,7.61,14,3.75,-2.91,7,8.37,3,6,9.1,9.21,,45,20,8,62,4.45
San Jose St.,Fresno St.,-19.5,-10.03,-11.48,-17.48,-24.42,-7.7,-8.26,-8.2,-12,-11.01,-14,-9.64,-14.5,-11.87,-13.39,-18.1,-15.41,-13.15,-1.97,-14.25,-19.81,-19.57,-18.93,-6.66,-4.67,-10.29,-10.01,,-14.22,-12,-16.99,,-11.31,-9.17,-17.5,-12,-20,-13,-9.94,-11.5,-16.62,-14,-13.47,-9.96,,-13,-18.5,-2.6,-13,-17.77,-17.1,-3.02,-15,-8.57,-8.86,-15.31,-10,-11.75,-17.16,-13,-6.14,-9,-13,-18.8,7.33,,33,18,8,-53,-10.91
Stanford,Washington St.,34.5,29.06,32.26,35.29,44.83,31.14,33.19,24.49,35,39.69,36,39.68,31.5,33.48,29.63,37.71,44.74,33.62,32.24,34.35,46.61,33.28,34.24,21.52,34.62,31.42,29.36,,33.77,33.19,31.32,,28.79,17.5,46.3,39,34,28,28.91,33.8,32.99,34,35.46,40.17,,33,34.5,30,22,35.19,41.7,42.17,42,30.15,18.13,35.78,48,30.25,27.19,41,27.58,23,53,24,7.67,,28,38,8,64,34.98
TCU,Air Force,19,14.37,15.89,20.87,20.27,14.98,19.9,11.6,18,18.4,20,24.44,17,16.94,24.16,25.2,22.9,18.27,15.77,19.25,17.19,16.46,18.45,17.17,16.68,17.97,16.76,,16.49,17.9,16.27,,14.47,21.88,19.2,19,16,19,16.3,13.42,20.39,15,21.68,19.09,,18,19,17.9,10,23.77,15.8,6.15,19,13.99,14.21,21.05,14,15.6,14.57,19,12.36,16,14,19.2,5.81,,7,38,8,51,16.15
Tennessee,Alabama,-16.5,-16.34,-17.91,-20,-22.53,-15.1,-22.57,-15.99,-18,-19.12,-16,-16.98,-16.5,-18.05,-14.82,-24.45,-19.39,-18.88,-16.26,-22.25,-25.25,-14.65,-20.44,-17.39,-18.28,-14.55,-19.21,,-21.26,-18,-16.88,,-16.55,-16.86,-30.3,-18,-18,-19,-16.69,-19.53,-21.43,-15,-16.96,-22.48,,-16,-16.5,-20.6,-24,-19.6,-20.4,-44.47,-21,-8.12,-14.26,-15.6,-21,-23.2,-19.02,-20,-13.94,-11,-17,-18.5,5.35,,41,10,8,-48,-15.89
Texas,Iowa St.,20.5,12.45,12.75,18.1,19.19,12.54,23.39,10.42,19,27.55,15,18.04,18,14.09,10.6,18.16,27.35,18.24,10.61,18.75,20.78,24.07,13.68,11.82,15.53,22.95,11.36,,14.02,18,11.9,,12.37,23.01,18.6,29,26,21,20.78,16.55,27.78,23.5,13.5,17.68,,25,20.5,20,20,37.25,19.1,8.52,27,2.27,14.01,23.96,22,7.05,23.2,20,8.72,16,27,4.4,7.44,,28,21,8,49,16.66
Toledo,Ball St.,11.5,19.71,17.35,12.07,15.82,12.77,12.71,26.68,27,12.82,17,20.35,16.5,13.73,24.64,6.22,17.73,16.88,20.66,14.45,25,16.38,23.44,2.77,18.85,14.39,27.62,,21.76,16.38,25.11,,22.99,26.32,42.3,14,12,16,12.2,19.17,9.73,6.5,17.46,18.52,,11,12,17.1,11,23.47,17.9,-4.22,22,52.15,11.58,7.62,22,13.3,-2.13,7,16.99,8,14,4.7,8.51,,24,31,8,51,9.98
UTEP,Tulane,10,4.78,7.96,7.65,11.04,6.6,11.85,5.01,8,13.45,11,6.84,13,4.55,0.22,11.61,11.08,9.54,1.9,9.75,8.06,12.45,7.8,6.58,3.16,8.39,8.69,,12.25,8.69,9.33,,12.09,6.23,18,15,11,10,10.34,9.25,11.57,12.5,6.88,2.58,,10,10,12.3,8,6.67,9.4,6.49,9,-1.99,7.22,8.79,6,2.65,13.13,13,3.51,8,17,3.3,7.23,,34,24,8,52,9.41
Utah,Colorado St.,30,26,26.04,34.39,37.5,28,30.73,23.79,32,32.7,30,35.84,28,28.25,32.78,33.63,35.2,29.68,32.42,34.25,42.22,26.98,37.09,24.58,24.98,29.91,27.24,,29.62,29.91,26.05,,27.33,14,37.4,33,31,29,24.19,31.21,31.27,24,30.22,34.23,,23,30,27.8,26,32.81,35.4,46.13,36,36.74,15.68,31.55,26,28.95,18.38,34,26.48,21,38,24,6.28,,6,59,8,55,32.4
Utah St.,Hawaii,-3,-11.3,-12.13,-18.92,-9.14,-14.06,-9.57,-9.14,-10,-6.38,-11,-15.69,-12.5,-13.45,-6.93,-0.25,-9.52,-10.94,-12.73,-12.45,-18.56,-1.42,-15.04,-0.01,-10.12,-4.38,-14.04,,-16.81,-11,-11.5,,-11.38,-2.35,-20,-4,-3.5,-13,-5.08,-14.11,-1.76,2,-13.53,-12.32,,-5,-4,-12.1,-8,-21.05,-15.2,-17.2,-12,-3.77,-3.78,-2.58,-29,-20.95,4.47,-9,-9.98,-1,-4,-14.2,8.70,,45,7,8,-57,-5.96
Vanderbilt,South Carolina,-12,-14.48,-13.94,-15.18,-13.86,-13.59,-16.38,-12.22,-15,-12.65,-11,-16.58,-12,-17.96,-14.05,-13.11,-18.17,-15.33,-15.45,-16.35,-24.56,-16.65,-16.3,-9.82,-17.36,-10,-17.02,,-17.51,-15,-11.49,,-12.99,-18.35,-29.4,-10,-12,-12,-9.98,-17.79,-15.74,-6.5,-17.31,-22.03,,-11,-12,-17.1,-8,-16.13,-16.6,-11.54,-22,-5.23,-7.32,-13.76,-25,-17.2,-19.61,-12,-13.27,-9,-7,-19.1,6.27,,21,7,8,-49,-10.69
Virginia,Eastern Mich.,24,18.46,13.22,23.74,17.41,18.41,23.03,16.87,15,22.37,22,23.73,19,20.13,16.16,25.13,32.43,21.08,15.67,26.15,18.42,21.61,17.88,8.48,20.08,24.5,16.83,,17.07,20,14.09,,15.45,26.05,31.6,26,21.5,23,17.1,13.51,15.14,21,22.58,24.96,,15,23.5,19,15,21.05,30.7,2.24,23,40.78,11.83,25.79,20,20.25,24.76,26,14.04,18,46,11.9,7.32,,21,48,8,56,24.58
Virginia Tech,Duke,26.5,27.17,34.9,30.77,29.77,27.18,30.52,29.07,25,33.27,30,31.54,30,25.96,30.63,26.85,34.72,29.02,33.57,31.55,46.39,28.77,23.82,13.99,34.77,25.27,34.18,,33.42,28.94,28.94,,25.44,22.91,45,31,27,26,25.08,31.77,26.98,29,30.18,38.09,,24,26.5,29.4,26,24.81,29.7,22.66,31,39.7,16.89,23.97,34,27.15,24.8,29,22.71,22,32,24,6.83,,7,44,8,61,27.78
West Va.,Syracuse,14,13.7,17.36,18.42,13.72,13.83,20.05,15.34,15,21.11,14,16.37,15.5,11.91,24.06,18.32,21.08,17.02,15.6,19.85,27.56,16.61,16.26,16.68,16.91,16.15,16.94,,17,16.61,17,,18.17,21.57,27,18,16,15,16.53,19.28,18.26,14.5,16.62,19.17,,15,14,19.9,8,16.03,13.2,11.49,15,18.99,11.94,10.92,32,8.85,19.25,17,11.44,14,24,4.8,5.16,,19,14,8,43,15.41
Air Force,Utah,-7,-5.38,-9.62,-16.93,-7.98,-9.49,-11.98,-3.41,-12,-10.9,-10,-11.22,-7.5,-7.01,-12.84,-6.95,-11.89,-9.87,-9.25,-18.45,-9.42,-11.1,-10.65,-10.39,-9.96,-9.09,-5.61,,-8.54,-9.55,-6.91,,-7.12,-10.3,-6.9,-9,-5,-11,-7.83,-6.77,-10.19,1,-10.35,-14.84,,-3,-7,-13.1,-8,-19.07,-13.7,-33.19,-12,-14.61,-4.77,-12.92,-7,-14.7,,-5,-6.16,-6,-7,-8.5,4.59,,28,23,9,-12,-9.89
Arizona St.,Washington St.,21,16.94,14.65,16.83,25.69,17.93,13.43,13.38,18,19.23,19,25.22,17,20.78,21.71,22.94,22.36,18.27,20.66,9.05,26.61,24.46,22.82,10.4,17.29,16.45,13.2,,15.57,17.97,15.8,,11.81,16.68,19,19,21,17,13.89,17.21,15.28,21,20.54,19.17,,19,20.5,11.3,16,21.91,24.9,14.03,23,19.87,8.54,21.23,25,17,,22,18.47,13,32,17.6,4.05,,0,42,9,13,19.95
Arkansas,Vanderbilt,20,21.74,19.81,21.57,21.04,15.53,20.9,22.11,20,22.79,19,20.26,21,21.42,16.93,18.01,23.77,20.7,17.89,22.95,33.14,17.08,22.83,17.87,19.13,16.92,27.17,,23.48,20.85,22.12,,21.53,17.9,42.5,20,21.5,19,18.53,25.85,23.94,17,20.76,18.7,,21,20,20.8,18,27.7,22.5,18.5,26,5.94,14.27,21.29,25,17.35,,22,16.36,15,21,18.9,4.35,,14,49,9,13,16.96
Boise St.,Louisiana Tech,35,25.14,29.87,37.12,40.26,28.39,33.39,24.62,37,34.77,31,35.52,27.5,25.9,30.81,39.31,42.71,32.24,32.14,35.55,39.78,34.62,35.06,26.48,35.83,32.53,30.08,,31.14,31.14,28.14,,27.74,28.1,46.8,35,35,32,26.79,29.26,41.12,27,36.44,41.05,,34,35,29.5,31,48.58,37.9,58.86,42,28.38,18.8,30.84,40,30.85,25.04,40,23.6,23,38,18.7,6.18,,20,49,9,27,36.04
Boston College,Clemson,-7,-8.96,-9.4,-10.79,-9.28,-7.43,-10.89,-7.64,-8,-8.31,-8,-7.37,-9,-10.62,-8.52,-8.43,-9.73,-8.51,-10.5,-8.65,-15.75,-9.03,-3.35,-2.28,-9.1,-9.69,-8.44,,-9.31,-8.91,-9.31,,-10.05,2.08,-18.7,-9,-7,-8,-6.01,-10.82,-8.85,-7,-6.7,-12.3,,-4,-7,-12.6,-6,-2.71,-10.2,-18.97,-9,-13.18,-3.7,-4.43,-16,-11.85,,-8,-9.42,-4,-11,-6,3.21,,10,16,9,-8,-6.4
Buffalo,Miami (Ohio),-2.5,-2.02,-6.61,0.87,-0.64,-2.87,-1.54,-2.49,-1,-1.96,-3,-0.69,-4,-1.6,4.74,-3.16,0.84,-1.56,-3.11,-1.15,-5.92,3.61,-2.76,1.18,-4.73,0.27,-6.48,,-7.98,-1.98,-4,,-5.86,15.23,-15,5,-4,-2,-0.36,-2.3,1.62,9,-3.39,-6.14,,0.01,-2.5,-1,-3,-2.07,-1.2,1.02,-2,9.09,1.24,2.69,-3,-5.15,,1,-3.09,2,6,0.5,4.51,,21,9,9,-4,-0.91
Central Florida,East Carolina,8,2.37,2.21,10.21,10.09,7.93,4.21,-3.41,8,6.73,6,12.83,1.5,9.01,-1.59,7.91,4.06,5.03,4.53,9.75,0.11,5.55,-2.74,6.75,6.22,1.45,-3.38,,0.01,6,-2.7,,-2.3,0.91,-8.6,5,7,5,3.19,1.66,7.89,4.5,11.46,8.81,,5,8,7.2,8,11.89,10.9,13.23,12,-5.11,-0.35,9.13,8,3.75,,8,6.14,3,1,12.1,4.71,,35,49,9,6,6.84
Central Mich.,Bowling Green,11.5,5.85,4.67,11.8,12.19,8.71,12.9,2.03,10,10.84,11,11.2,9.5,9.39,-0.15,4.92,11.17,9.67,4.48,10.75,6.22,5.35,11.65,6.23,9.51,8.99,6.51,,9.03,10.22,6.53,,7.34,18.52,12.3,12,13,6,7.68,6.94,12.68,10,9.86,10.43,,14,11.5,10.8,12,16.64,14.5,-12.92,12,-38.6,4.53,14.37,24,7.5,,13,4.66,8,11,13.4,3.71,,17,14,9,6,11.63
Cincinnati,Syracuse,6.5,0.86,1.4,7.97,2.41,9.85,9.21,-4.83,4,14.87,4,14.15,3.5,8.16,-1.37,15.88,12.23,6.41,3.74,9.65,1.56,9.75,-2.94,5.14,8.56,8.46,-2.08,,-0.51,7.23,-3.48,,-1.46,25.41,-4.4,12,,0.01,9.18,1.75,14.06,16,14.55,13.22,,12,,4.6,0.8,17.36,11,4.11,7,-4.34,3.5,11.26,13,-1.45,,9,5.05,12,15,2.4,6.79,,31,7,9,-5,9.48
Colorado St.,New Mexico,15.5,17.31,18.05,19.17,7.84,12.13,16.18,21.38,19,14.6,21,22.29,16.5,13.32,25.08,19.16,21.01,16.89,22.89,21.95,15.72,21.52,10.41,7.78,20.99,14.18,27.74,,18.44,17.16,24.72,,16.85,24.36,31.9,14,15,14,12.94,11.75,13.38,15.5,18.42,20.13,,11,15.5,19.6,8,15.57,19,20.32,19,30.55,11.28,11.47,22,16.5,,18,20.93,6,17,5.4,5.27,,14,38,9,11,14.34
Connecticut,West Va.,-6.5,-7.25,-8.99,-3.92,-7.27,-3.93,-3.22,-8.49,-4,-5.3,-6,1.06,-8,-6.07,-3.81,-3.34,-3.07,-5.93,-3.55,-6.25,-15.28,-8.98,-6.86,-4.91,-5.31,-4.98,-10.37,,-10.44,-5.45,-7.83,,-9.64,-7.13,-24.5,0.01,-6,-8,-4.94,-10.24,-0.96,4,-3.66,-6.81,,-3,-6.5,-5.4,-12,-5,-5.2,16.03,-7,-5.33,-4.57,-2.71,-8,-8.65,,3,-3.16,-2,-7,-5.5,4.33,,13,16,9,-6,-2.39
Eastern Mich.,Toledo,-10.5,-16.78,-19.5,-16.15,-17.86,-13.07,-14.76,-22.16,-13,-13.39,-19,-18.15,-20,-12.12,-12.34,-15.55,-21.5,-15.78,-14.79,-16.25,-21.75,-16.08,-18.33,-3.06,-16.78,-9.97,-26.27,,-21.83,-14.9,-21.42,,-19.14,-17.09,-46.2,-13,-14,-14,-10.39,-14.66,-13.65,-11.5,-15.18,-19.41,,-10,-11.5,-14.8,-13,-12.27,-18.8,-24.88,-15,-61.56,-7.39,-9.13,-14,-19.85,,-16,-14.5,-9,-10,-14.3,6.08,,42,7,9,-14,-9.35
Florida Atlantic,Florida Intl.,-4,-8.46,-5.9,-6.5,-7.52,-7.13,-6.22,-7.44,-5,-6.5,-4,-6.66,0.5,-10.21,-2.61,-4.62,-4.79,-5.51,-8.9,-7.75,-7.08,-3.21,3.35,2.81,-8.23,-4.56,-10.81,,-7.27,-6.5,-5.75,,-3.42,11.78,-12.3,-2,-6,-7,-4.78,-3.15,1.56,5.5,-9.07,-8.53,,0.01,-4,-9.9,-5,-13.71,-8.6,-6.49,-8,-3.14,-3.06,-2.06,-13,-9.35,,-4,-7.08,1,-4,-8.5,4.63,,9,21,9,-8,-1.74
Georgia,Florida,2.5,-1.99,-2.83,-2.41,0.23,-1.07,-1.13,-3.87,3,-5,-4,1.32,-6,1.19,-0.17,-3.24,-5.19,-1.93,1.96,-3.4,-5.33,-2.57,-9.52,-3.26,0.32,-3.68,-6.01,,-5.11,-2.7,-4.69,,-5.31,-15.84,-13.4,-3,-1.5,-2,-5.07,-4.63,-5.05,-12,0.2,1.81,,-5,1.5,3.7,19,8.08,2.6,28.82,6,-0.85,-5.14,-3.83,7,0.3,,-8,-0.47,-4,-11,-2.7,5.32,,34,31,9,1,-2.55
Hawaii,Idaho,15,14.25,14.51,18.48,12.3,10.44,15.83,18.14,17,11.83,17,14.26,17.5,9.5,25.52,10.85,13.42,14.37,18.15,18.95,25.31,19.96,18.14,4.71,14.98,11.81,21.25,,17.18,14.38,16.57,,16.71,-15.44,30.4,13,13,18,11.55,18.83,5.48,4,13.09,15.65,,9,15,16.8,12,23.17,17,10.81,21,42.59,11.27,8.95,26,11.95,,14,11.73,8,17,14.5,6.55,,10,45,9,9,10.48
Illinois,Purdue,16.5,17.02,14.29,15.8,16.88,17.18,12.08,14.35,18,8.94,13,23.87,9.5,19.43,15.67,15.22,20.94,14.78,16.2,21.35,23.78,20.18,8.69,3.47,19.49,10.71,14.98,,15.27,15,13.24,,12.23,-8.53,22.4,13,14,15,6.25,16.2,10.86,3,23.5,23.72,,11,16.5,16.9,16.4,22.8,19.7,14.28,23,14.46,3.55,13.93,28,14.8,,17,13.48,7,15,11.7,5.97,,10,44,9,4,12.9
Indiana,Northwestern,-3.5,-3.44,-1.59,-6.44,-6.16,-1.78,-7.78,-3.97,1,-5.84,-1,-0.01,-4.5,-2.91,4.29,-6.89,-4.3,-3.24,-0.88,-7.65,-7.31,-1.53,-5.61,4.03,-0.46,-3.66,-6.25,,-4.07,-3.34,-0.94,,-1.95,0.88,-6.3,-4,-3,-6,-3.78,-3.88,-6.83,-3.5,-2.52,-1.33,,-1,-3.5,-8.1,-7,1.08,-4.5,-14.52,-3,-0.61,-1.72,-2.84,0.01,-5.35,,-5,-1.59,-3,-1,-3.8,2.96,,20,17,9,-2,-3.23
Iowa,Michigan St.,7,1.22,-4.88,7.62,7.21,5.22,7.53,-6.9,3,13.59,-3,4.98,-6.5,6.03,-7.81,9.24,6.45,3.27,2.52,7.75,-0.47,7,-0.5,-0.5,5.26,6.65,-10.53,,-4.98,5.1,-12.66,,-7.54,25.65,-13.7,10,4.5,3,7.82,0.14,11.54,9.5,6.22,8.09,,6,7,4.3,15,1.6,6.9,5.17,3,-39.92,2.05,6.86,6,-3.45,,12,2.8,7,13,5.4,7.46,,6,37,9,-1,7.34
Iowa St.,Kansas,19,21.5,15.51,23.86,17.37,19.39,16.93,22.5,31,16.31,19,26.5,19,22.01,30.43,13.48,22.69,19,21.83,23.75,29.42,24.91,16.53,6.01,21.7,18.5,24.37,,22.46,19.34,21.78,,19.29,1.54,36.5,14,14,15,13.08,20.09,14.05,7,24.92,25.17,,8,19,25,14,13.7,15.6,30.14,23,5.17,9.85,9.83,36,21.05,,21,20.03,9,18,15.1,6.71,,16,28,9,8,16.75
Kansas St.,Oklahoma St.,-4.5,-0.94,-3.36,-3.08,-2.5,-5.85,-3.81,1.54,-3,-3.55,-2,-5.66,-6,-3.06,4.29,-2.84,-6.77,-3.54,0.62,-4.35,-3.97,-3.97,-6.49,-0.25,-3.62,-5.71,0.01,,-4.79,-3.28,-0.28,,-0.41,-6.7,-2.8,-6,-4,-4,-2.69,-2.04,-6.9,-7,-3.28,-7.45,,-10,-4.5,-3.2,-8,-9.75,-6.5,-1.21,-6,-0.16,-1.83,-3.5,-8,-8.65,,-1,0.46,-1,-1,0.8,2.96,,24,14,9,-4,-3.28
Kent,Ball St.,10,9.08,6.48,8.2,16.34,7.89,9.9,9.63,19,10.98,10,10.96,8.5,8.67,10.26,1.8,14.62,9.84,10.44,10.45,7.83,12.4,11.55,3.25,8.02,7.48,8.24,,8.82,9.9,11.54,,8.88,19.93,14.4,14,11.5,12,9.01,8.4,9.9,6,10.65,8.25,,11,10,13.6,15,15.33,13.2,5.39,16,39.53,7.04,7.45,8,5.85,,10,7.06,5,10,-2,3.55,,14,33,9,11,8.96
Louisiana-Monroe,Troy St.,-16,-9.29,-9.47,-19.49,-11.08,-13.33,-16.68,-4.35,-8,-15.99,-8,-14.87,-8,-14.51,-3.27,-13.92,-15.23,-11.59,-11.09,-21.45,-13.14,-17.33,-12.92,-3.72,-10.42,-5,-6.5,,-10.77,-11.85,-5.01,,-3.56,-1.09,-8.1,-16,-14,-14,-10.32,-8.19,-15.05,-11,-16.18,-14.75,,-8,-15.5,-18.6,-17,-19.03,-12.6,-22.93,-19,-1.58,-4.66,-8.88,-18,-17.45,,-15,-11.04,-8,-14,-12.2,5.17,,14,28,9,-7,-11.49
Marshall,UTEP,2.5,2.7,-2.07,0.83,-9.42,1.71,3.43,2.42,1,2.02,-2,4.29,-4.5,2.99,2.14,10.35,5.13,1.18,5.94,-0.55,0.19,1.34,6.78,-3.3,3.18,0.81,-0.01,,-4.01,1.75,-1.77,,-4.19,9.49,-8.6,4,4,4,1.94,-0.61,5.08,8.5,1.89,1.78,,1,2.5,1.1,-7,0.01,-2.9,2.84,2,-15.21,1.87,7.93,9,-1.65,,4,3.59,5,1,0.4,4.58,,12,16,9,-1,3.03
Maryland,Wake Forest,5.5,13.39,12.86,6.73,21.02,8.57,2.92,16.57,14,1.46,16,12.65,13,10.26,13.58,3.11,9.35,9.48,6.12,6.55,16.64,7.4,8.89,7.43,9.24,4.08,17.03,,16.37,9.3,18.59,,15.94,-8.21,24.2,8,7.5,9,4.21,14.85,2.61,0.5,8.29,10.1,,4,6,5.1,13,12.92,10.9,21.31,11,13.04,6.96,2.43,11,10.1,,5,6.85,4,-7,9.8,6.16,,14,62,9,17,5.59
Memphis,Houston,-14,-14.25,-13.86,-25.03,-19.82,-16.64,-17.2,-11.9,-14,-23.36,-19,-23.05,-17,-16.73,-4.73,-18.52,-25.67,-17.34,-14.05,-24.45,-19.06,-20.74,-13.06,-8.07,-17.73,-14.25,-13.06,,-15.22,-17.1,-10.58,,-11.73,-21,-24.4,-19,-14,-19,-14.53,-11.94,-22.84,-19,-21.69,-24.3,,-21,-14,-20.5,-19,-24.18,-25.2,-27.66,-27,-3.84,-5.7,-16.86,-9,-20.9,,-25,-11.66,-10,-24,-14.2,5.30,,56,17,9,-12,-15.06
Minnesota,Ohio St.,-25.5,-28.54,-25.42,-25.29,-31.4,-21.85,-21.68,-32.53,-31,-23.77,-29,-26.99,-27.5,-24.72,-28.96,-21.23,-27.94,-25.28,-21.92,-26.25,-40.83,-27.56,-21.48,-16.29,-21.79,-21.38,-34.11,,-31.65,-25.15,-34.63,,-27.73,-5.1,-54.4,-24,-26,-25,-18.05,-27.92,-23.92,-18.5,-25.89,-26.34,,-22,-25.5,-23.7,-28,-28.55,-28.3,-9.74,-35,-30.15,-12.34,-19.96,-29,-30.65,,-24,-21.71,-12,-21,-22,6.73,,52,10,9,-27,-18.5
Mississippi,Auburn,-7,-16.56,-18.45,-13.1,-16.73,-11.57,-9.86,-22.88,-17,-3.08,-26,-13.08,-27.5,-12.17,-28.99,-0.01,-13.88,-14.19,-10.6,-9.85,-23.28,-10.52,-16.67,-17.13,-10.98,-5.88,-29.6,,-23.6,-13.09,-30,,-21.3,4.09,-52,-5,-7.5,-11,-3.86,-17.44,-6.94,2.5,-13.89,-13.32,,-10,-8,-8.9,-20,-9.76,-13.8,-15.48,-15,-35.48,-4.64,-3.71,-10,-20.1,,-5,-12.47,-4,-4,-13.7,9.62,,51,31,9,-17,-6.24
Mississippi St.,Kentucky,6.5,12.03,11.53,11.36,10.98,6.08,6.74,17.28,10,10.83,16,9.13,13,6.61,15.97,3.86,11.12,9.89,8.98,7.15,18.72,8.86,13.51,7.37,9.06,8.48,17.81,,13.95,9.6,17.85,,14.05,-5.35,27.3,9,7,10,9.02,14.82,10.64,6,9.76,7.83,,4,7,9.5,4,2.09,6.9,14.87,7,13.76,7.21,4.61,12,9.7,,9,9.84,3,10,8.5,5.02,,17,24,9,12,6.2
NC St.,Florida St.,-3.5,-7.01,-1.54,-5.31,-4.9,-0.94,-5.97,-10.41,2,-5.11,-4,2.71,-4.5,-2.79,1.95,-8.44,-6.46,-3.78,-3.67,-6.35,-7.47,-7.6,-5.31,-8.03,0.21,-3.41,-8.39,,-3.37,-3.54,-6.27,,-2.58,-0.87,-10.2,-2,-4,-8,-4.68,-2.31,-4.7,-4,-0.92,0.32,,-3,-3.5,-5.2,-2,-0.57,-1.7,2.43,-7,-22.91,-4.25,-6.53,4,-5.95,,-10,-3.01,2,-3,0.01,3.09,,24,28,9,-5,-3.16
Navy,Duke,13.5,20.72,23.27,17.13,29.36,14.76,18.71,24.89,22,18.97,21,20.98,21.5,16.66,22.48,8.44,21.96,19.16,18.27,18.25,35.22,12.72,20.06,9.64,19.62,11.6,30.36,,26.01,18.94,27.71,,24.74,12.16,44.9,18,14.5,20,15.62,25.01,14.4,22,18.17,19.75,,13,14.5,18.9,12,19.78,20.2,19.51,30,23.97,12.28,9.88,23,17.3,,16,16.37,13,21,13.3,6.19,,34,31,9,22,15.88
Nebraska,Missouri,7.5,-2.02,-2.92,3.34,1.2,2.11,7.84,-4.62,7,7.87,-5,4.32,-4.5,0.17,-9.11,4.55,8.02,1.85,1.36,3.85,0.61,4,1.28,0.01,4.94,5.09,-10.19,,-5.91,2.66,-8.05,,-4.19,4.43,-15.6,10,6,0.01,7.68,1.45,9.07,13,0.63,6.87,,6,7,5,1,7.33,3.2,-6.5,4,-40.74,7.49,6.85,9,-4.6,,11,-0.59,5,10,-2,5.87,,17,31,9,4,6.35
Nevada,Utah St.,25.5,23.92,24.12,32,25.87,27.32,24.56,20.82,31,28.68,25,32.52,22,26.97,14.85,25.88,32.04,25.42,24.83,27.05,34.5,28.74,25.44,13.67,29.09,17.83,25.6,,28.89,25.59,22.55,,22.23,16.5,36.1,26,24,21,20.71,27.71,21.16,15,32.11,32.24,,21,25.5,25.8,19,36.88,31,10.22,35,5.09,12.74,26.87,41,27.05,,26,23.89,14,25,22,5.39,,42,56,9,23,24.34
New Mexico St.,San Jose St.,-3,-4.75,-2.86,-4.29,5.42,-7.88,-7.71,-2.41,2,-7.02,-0.25,-10.88,-2.5,-7.4,3.53,-8.97,-4.72,-4.14,-17.52,-4.95,-2.22,-7.3,3.24,3.62,-12.1,-1.97,-6.14,,-4.56,-4.13,5.96,,-1.04,2.24,-9.8,-4,-1.5,-3,-1.6,0.01,0.55,-3,-8.51,-14.67,,-2,-3,-7,-3,-3.18,-8,-5.09,-10,-36.86,3.83,-4.25,-8,-10.55,,-7,-10.97,-2,-4,-3.1,5.41,,27,29,9,1,-3.13
Notre Dame,Tulsa,8.5,8.37,7.8,3.77,2.2,8.13,10.29,11.5,5,6.8,10,11.33,8,4.8,12.33,7.61,10.13,7.98,6.98,4.85,14.06,6.33,10.49,4.86,7.65,9.29,13.93,,9.09,7.75,8.01,,9.93,20.03,17.6,8,10,7,7,9.62,2.69,9.5,8.36,8.28,,5,8.5,3.5,8,6.59,7.7,8.93,6,5.69,7.21,10.66,11,2.05,,6,6.53,7,17,3.3,3.52,,28,27,9,4,6.68
Ohio,Louisiana-Lafaye,14.5,20.07,13.93,20.91,19.34,17.35,20.92,19.83,20,18.86,18,22.87,17,20.5,14.05,17.83,28.37,18.05,23.21,21.95,18.78,16.35,11.36,8.56,18.02,15.4,21.54,,16.65,18.31,16.74,,13.77,4.11,27.1,21,18,22,13.2,15.19,16.04,15.5,22.36,18.6,,9,15,29.4,16,14.63,26.2,23.07,26,-11.86,7.53,16.44,11,14.2,,23,21.67,12,21,15.3,5.02,,31,38,9,16,19.55
Oklahoma,Colorado,23.5,18.97,18.34,23.47,22.74,15.72,22.36,20.38,19,24.17,21,19.36,23,18.06,15.1,32.48,33.01,20.4,14.85,24.25,26.33,25.03,23.7,20.41,17.65,16.82,24.57,,21.15,20.4,23.52,,17.89,14.53,39.2,27,24,19,18.34,20.76,24.57,22.5,19.75,17.95,,21,23,21.3,-7,21.18,20.9,25.05,20,33.34,12.5,20.91,18,16.6,,29,14.96,16,27,14.7,6.36,,10,43,9,17,20.25
Oregon St.,California,2.5,2.06,1.12,-1.58,-12.18,-2.33,-0.01,5.42,1,-0.01,3,-0.45,3.5,-2.92,7.75,4.61,0.7,0.35,0.43,-3.05,4.69,-3.74,5.47,2.54,0.2,-0.62,6.28,,3.68,0.55,6.55,,5.46,0.59,8.3,3,3,1,1.54,3.42,3.35,5,-2.72,-1.72,,0.01,2.5,-0.4,-11,-3.11,-11.6,29.63,-4,1.44,3.12,-0.52,-6,-3.8,,3,-0.01,4,-3,-0.9,4.55,,7,35,9,1,1.81
Penn St.,Michigan,-3,-0.67,-3.18,-0.3,-3.23,0.72,4.51,-3.12,1,5.71,2,2.3,1,1.49,1.01,2.08,5.74,1.15,-1.14,0.45,-2.36,-4.41,1.37,-0.57,-0.88,6.69,-3.74,,-3.36,0.89,-3.21,,-1.74,13.56,-6.5,9,-3,1,5.44,-2.03,10.29,12,3.48,-3.06,,7,-2.5,2.5,4,-1.91,-1.7,-1.28,-1,-2.33,5.17,4.14,0.01,-4.05,,6,0.78,5,3,-1.8,4.34,,31,41,9,-2,0.45
Pittsburgh,Louisville,9.5,12.29,7.43,7.36,8.38,9.87,10.43,16.39,9,11.82,8,11.1,8.5,6.73,10.93,7.46,15.65,10.16,11.4,11.05,18.5,13.16,12.9,3.7,9.03,14.23,15.25,,11.92,10.04,12.32,,8.39,23.59,16.4,12,10,12,9.75,11.81,13.69,13.5,10.26,5.83,,9,9.5,11.5,8,7.39,8.7,-8.24,14,6.29,7.68,8.67,9,7.55,,8,11.49,6,11,10.2,3.70,,3,20,9,2,7.4
South Carolina,Tennessee,17.5,19.65,21.04,16.11,25.23,16.72,17.22,18.93,25,10.84,18,20.56,17.5,21.29,20.62,20.47,19.34,19.02,22.05,15.55,29.31,20.09,15.98,18.94,22.96,11.67,22.18,,23.75,19.37,21.69,,19.78,14.88,34.3,13,17,15,10.87,23.99,15.24,6.5,20.55,24.92,,13,17.5,21.1,11,25.65,22.2,23.19,26,6.12,10.9,15.3,26,18.55,,18,19.41,11,14,20.4,4.77,,24,38,9,18,16.49
Southern Miss.,UAB,10,14.54,13.61,7.88,18.58,9.41,9.34,17.91,11,13.55,15,9.92,15,11.2,17.7,14.44,16.55,12.67,11.1,7.15,20.39,7.92,12.82,7.34,11.13,5.68,22.27,,17.49,12,17.62,,19.5,13.63,34,11,13.5,9,10.25,16.47,6.51,8.5,10.68,9.17,,12,10,5.3,13,8.6,13.9,11.85,7,8.58,6.95,7.02,13,9.05,,9,11.97,9,15,12.5,5.17,,50,49,9,16,13.62
Temple,Akron,29.5,35.84,28.61,40.21,30.16,27.67,31.32,42.79,39,34.36,31,36.57,30,31.82,51.33,29.71,43.18,32.13,27.42,40.85,31.64,30.62,40.21,13.46,30.07,29.35,40.38,,36.5,31.29,45.3,,29.84,22.25,55.3,34,27,34,26.47,25.96,33.89,28.5,35.95,33.91,,22,29.5,34.2,22,32.63,32.7,19.17,40,61.78,18.57,28.87,31,31.25,,36,25.24,18,32,23,7.72,,0,30,9,25,27.87
Texas,Baylor,7.5,1.59,0.42,0.36,-0.38,5.16,8.96,2.82,3,11.75,3,3.32,4,0.61,4.34,5.11,12.89,5.26,2.76,4.45,5.36,4.48,8.49,4.89,4.54,11.77,2.68,,1.56,4.04,1.18,,2.45,28.44,2.6,14,9,9,9.25,2.08,18.18,17.5,3.5,4.08,,12,7,3.5,-4,4.24,0.8,-11.68,4,0.22,6.75,11.91,4,-1.5,,9,4.37,10,14,-4.3,5.84,,30,22,9,3,8.46
Texas A&M,Texas Tech,7.5,7.28,3.97,7.21,11.05,10.47,3.42,1.46,8,2.97,7,16.33,2,13.2,-1.14,4.61,8.25,6.01,7.67,6.15,1.97,2.91,-5.21,3.48,9.32,-0.23,3.23,,6.56,5.41,2.28,,0.78,0.66,-1.2,4,6,8,1.84,5.26,0.11,0.5,15.33,11.22,,3,7.5,5.8,16,15.5,13,-6.77,14,-1.88,0.71,7.11,2,5.8,,3,8.5,3,4,16.8,4.75,,27,45,9,4,5.66
Tulane,SMU,-8.5,-6.53,-5.03,-4.24,-2.69,-8.69,-7.7,-5,-2,-13.46,-5,-10.4,-6.5,-8.07,3.78,-10.9,-8.46,-6.57,-2.14,-6.35,-10.28,-11.17,-8.39,-1.53,-5.87,-6.8,-7.53,,-7.58,-6.52,-2.17,,-4.88,-4.52,-13.4,-7,-8.5,-5,-6.65,-4.63,-12.64,-16.5,-10.27,-9.07,,-8,-8.5,-1.1,6,-5.79,-10.4,-22.05,-15,-0.47,0.16,-12.45,-17,-10.4,,-13,-5.82,-5,-10,-2.5,4.37,,31,17,9,-1,-5.94
UCLA,Arizona,-9.5,-9.87,-11.03,-11.96,-28.82,-11.48,-12.73,-4.71,-11,-15.16,-11,-12.04,-11.5,-14.4,0.61,-10.69,-11.93,-10.95,-5.41,-11.75,-13.64,-4.43,-7,-12.23,-11.99,-10.72,-9.3,,-12.87,-11,-6.6,,-8.45,-8.57,-20.5,-8,-8.5,-9,-8.21,-11.65,-6.47,-4,-13.97,-16.53,,-11,-9.5,-12.5,-20,-14.95,-20.5,-7.39,-13,-0.95,-1.26,-4.28,-20,-13.8,,-10,-5.37,-6,-11,-10.3,5.10,,29,21,9,-11,-8.05
UNLV,TCU,-35,-32.34,-33.73,-38.76,-40.83,-28.83,-37.87,-31.84,-31,-42.53,-33,-37.67,-33,-32.93,-38.08,-32.81,-42.35,-34.7,-40.98,-39.55,-49.25,-32.71,-35.59,-22.47,-32.99,-34.18,-40.78,,-37.73,-33.54,-35.3,,-30.25,-24.89,-62.1,-37,-35,-37,-28.65,-32.35,-33.35,-32,-38.48,-39.85,,-33,-35,-39.5,-32,-55.83,-39.4,-19.94,-47,-67.77,-14.76,-29.8,-32,-38.55,,-36,-32.25,-23,-35,-23,7.18,,48,6,9,-30,-27.96
USC,Oregon,-7,-6.18,-8.7,-13.42,-11.22,-7.45,-4.76,-7.15,-6,-9.69,-10,-11.35,-7.5,-4.89,-19.36,-8.05,-9.07,-8.19,-11.02,-12.15,-4.94,-10.51,-9.63,-11.5,-8.79,-4.95,-9.37,,-7.74,-7.99,-5.76,,-5.72,2.72,-9.3,-9,-7,-6,-7.22,-2.74,-10.72,-6.5,-7,-12.14,,-5,-7,-3.7,-14,-5.05,-15,-12.86,-11,-23.89,-4.76,-6.27,-14,-15.05,,-11,-7.92,-2,-1,-4.6,3.98,,53,32,9,-11,-6.71
Virginia,Miami (Fla.),-15,-16.98,-16.59,-18.28,-17.63,-11.79,-18.26,-17.4,-16,-13.83,-13,-15.22,-13.5,-16.91,-13.79,-16.93,-20.49,-15.29,-15.84,-17.55,-27.06,-9.44,-17.84,-6.78,-16.74,-14.59,-17.5,,-14.84,-15.99,-16.46,,-14.25,-10.36,-29,-16,-14,-15,-9.81,-18.24,-18.68,-11.5,-12.9,-19.15,,-18,-15,-19.8,-14,-19.14,-14.2,-34.9,-17,-26.48,-5.79,-9.56,-28,-17.3,,-17,-13.32,-8,-11,-13.3,4.16,,19,24,9,-9,-10.54
Washington,Stanford,-7,-10.38,-11.36,-11.47,-17.15,-12.37,-10.71,-7.02,-8,-9.47,-12,-15.52,-13.5,-13.28,-9.41,-13.1,-13.97,-10.63,-9.15,-13.35,-16.78,-11.25,-8.47,-8.51,-12.88,-2.89,-8.82,,-12.93,-10.85,-10.18,,-8.17,1.41,-16.8,-9,-7,-6,-6.49,-11.39,-8.49,-8.5,-12.65,-17.26,,-6,-8,-8.8,-12,-9.27,-18.5,-22.74,-15,-12.87,-3.5,-9.3,-13,-15.8,,-13,-9.07,-5,-7,-12.3,3.69,,41,0,9,-11,-10.37
Western Kentucky,North Texas,6,9.61,6.99,11.65,3.13,6.27,10.61,8.85,11,7.9,10,10.49,9.5,10.53,4.72,1,9.88,7.26,9.5,12.15,6.78,1.16,0.45,1.03,8.14,8.22,10.31,,6.56,7.83,10.03,,7.76,-4.57,16,8,6,7,5.18,5.59,2.66,,8.98,8.86,,2,6,17.3,9,13.9,5.6,-13.19,10,1.27,2.46,7.3,11,6.8,,3,7.2,2,10,7.5,4.33,,33,6,9,1,5.09
Western Mich.,Northern Ill.,-8.5,-8.71,-7.78,-11,-5.54,-6.59,-12.64,-11.96,-9,-13.8,-6,-4.97,-8.5,-5.37,-14.09,-9.93,-7.39,-8.82,-10.5,-11.55,-17.39,-10.61,-15.29,-1.75,-6.38,-11.3,-10.28,,-10.02,-8.86,-10.47,,-8.03,0.01,-15.3,-6,-8.5,-12,-9.02,-10.16,-5.43,-9.5,-6.46,-9.05,,-5,-8.5,-9.5,-18,-7.46,-6.2,-20.15,-11,-52.78,-4.24,-6.14,-11,-16.35,,-11,-6.43,-3,-17,-5.7,3.68,,28,21,9,-10,-5.72
Wyoming,San Diego St.,-10,-7.36,-7.91,-4.82,-21.24,-4.64,0.1,-1.88,-6,-1.84,-10,-7.15,-9,-12.04,-0.67,-4.99,-5.31,-5.94,-1.88,-7.35,-13.69,-2.25,0.8,-5.47,-5.65,0.88,-3.22,,-9.69,-5.14,-5.05,,-6.35,6.56,-12.2,-5,-10,-5,-0.77,-8.9,0.97,-1.5,-8.89,-7.7,,-6,-9.5,-1.4,5,-14.19,-16.8,3.73,-13,-1.54,0.29,-4.85,-3,-11.35,,-3,-2.44,-1,-3,-9.7,6.23,,48,38,9,-17,-5.22
Arkansas St.,Middle Tenn.,0,8.72,8.1,3.1,5.07,9.53,-1.44,4.76,13,-1.63,7,15.74,7.5,12.63,7.36,8.5,7.42,5.2,8.07,1.95,6.17,-4.09,-7.45,,11.86,0.96,4.87,,9.48,6,7,,5.6,-5.84,7,6,0,1,-1.21,5.56,-3.75,11,12.33,13.34,,-1,1,3,-1,9.02,6.2,23.75,,0.16,-0.8,1.58,14,6.55,,2,7.42,-1,3,6.7,5.07,,24,51,10,2,5.48
Army,Air Force,-6.5,-7.04,-4.27,-7.33,0.79,-6.17,-7.22,-10.37,1,-9.44,-3,-11.2,-5.5,-3.58,-6.92,-11.69,-13.42,-6.92,-7.63,-11.05,-17.61,-4.36,-9.83,,-4.59,-12.74,-12.29,,-5.54,-7,-5.33,,-2.93,-9.06,-17.5,-10,-7,-7,-6.08,-6.96,-8.96,-2.5,-6.17,-6.16,,-12,-6.5,-6.4,-5,-7.4,-8.2,-1.84,-14,-3.96,-2.72,-10.21,-5,-5.5,,-12,-6.43,-7,-7,3.1,4.05,,42,22,10,-3,-9.91
BYU,UNLV,18.5,15.31,15.15,18.83,10.32,11.13,16.8,19.99,16,14.34,14,15.89,14,11.45,28.63,17.49,20.43,16.36,21.14,16.85,23.03,18.84,19.78,,14.17,16.56,22.5,,15.32,16,18.99,,15.03,22.08,27.6,22,19.5,18,11.95,15.21,17.67,7,16.06,15.3,,15,18.5,17.1,13,20.37,13.7,23.78,21,36.25,9.57,15.97,16,11.5,,16,14,10,24,4.9,4.21,,7,55,10,13,18.67
Ball St.,Akron,13,16.34,9.25,17.25,13.67,11.88,12.45,23.63,12,13.55,16,15.87,14,13.17,26.49,5.34,14.8,12.69,12.29,15.55,7,11.33,8.44,,11.1,10.95,16.76,,11.8,12.8,22.9,,8.25,-1.94,13.6,14,13,12,9.31,5.78,14.24,8.5,16.24,12.73,,9,13,14.4,8,12.63,12.5,-7.25,15,1.31,5.07,12.32,13,8.4,,15,13.56,6,14,12.8,4.67,,30,37,10,11,14.75
Boise St.,Hawaii,21,12.78,15.75,17.83,18.04,14.35,21.59,12.96,17,24.4,23,20.75,13.5,12.71,20.15,25.37,26,18.64,21.29,17.15,19.03,17.12,19.83,,16.38,21.47,17.08,,15.97,17.83,15.45,,13.35,33.51,20.4,23,27,18,18.16,12.48,30.39,16,19.76,21.31,,22,21,14.3,15,20.35,17.7,20.06,26,26.81,11.92,26.82,19,12.85,,24,13.92,16,21,15.7,4.86,,7,42,10,15,24.42
Central Mich.,Western Mich.,3.5,-2.93,-5.99,-1.09,-0.39,0.48,0.91,-6.3,1,5.01,-2,-1.81,-2.5,-0.51,0.24,2.92,1.4,-0.23,-5.03,-2.65,-2.81,-2.64,7.58,,-1.71,2.59,-6.02,,-2.83,-1,-4.46,,-3.63,17.74,-12.3,4,4,-6,3.33,-0.76,7.16,0.5,-0.59,-2.63,,5,3,-7.5,12,-6.08,-1,-25.32,-2,-11.89,1.65,7.2,-5,-3.65,,5,-1.12,3,7,3.2,5.17,,22,26,10,-1,1.07
Clemson,NC St.,3.5,-4.78,-6.78,0.41,-1.56,-0.67,2.49,-7,1,1.37,-2,-1.54,-3.5,-1.91,-3.56,6.32,1.75,-1.16,-2.53,-0.35,-9.61,4.47,-6.56,,-1.18,-0.1,-9.87,,-8.03,-1,-8.09,,-7.33,18.79,-19.7,5,4,-2,0.93,-6.07,7.38,-4,-2.31,0.01,,2,2.5,0.1,1,-5.12,-3.3,4.44,-1,-4.02,0.48,2.18,0.01,-9.55,,6,-0.01,2,10,-4,5.90,,13,14,10,-1,1.53
Duke,Virginia,-1,-3.73,-4.2,-2.63,-9.1,-3.41,-2.34,-3.46,1,-1.33,-4,-4.02,-6,-4.03,-4.96,-7.66,-3.08,-3.38,-1.85,-3.55,-7.03,-2.26,-0.73,,-1.98,-1.62,-4.93,,-6.53,-3.46,-2.92,,-2.93,8.17,-10,-1,-2.5,-4,-0.5,-3.64,2.49,1.5,-4.77,-4.63,,2,-1.5,0.8,-11,1.67,-6.7,-13.89,-4,-2.22,0.32,-1.74,-3,-8.55,,-2,-1.45,-3,-7,-6.9,3.55,,48,55,10,-8,0.81
East Carolina,Navy,2.5,4.59,6.24,1.7,-1.28,1.8,0.18,7.16,3,-3.05,5,0.78,5.5,2.11,9.22,-3.31,2.45,2.72,3.3,1.25,4.94,4.08,7.01,,2.41,3.82,8.81,,5.96,2.11,8.59,,7.27,0.01,10.7,4,-1,3,-1.04,6.36,2.76,-0.5,2.61,1.21,,1,2.5,1.4,-1.6,0.11,0.4,-3.33,-5,2.87,0.97,1.67,1,0.55,,2,1,1,1,-2.4,3.15,,76,35,10,4,-1.14
Florida Intl.,Louisiana-Monroe,9.5,6.42,1.21,7.61,8.14,9.48,3.18,-0.92,7,5.25,3,13.84,-3.5,13.66,-1.18,7.54,7.55,4.81,4.99,6.95,1.75,6.86,-4.94,,10.27,2.94,-4.04,,-1.31,5.45,-2.39,,-4.67,-6.83,-16.1,8,7,3,1.93,1.87,5.28,4,13.71,11.56,,3,9,3.8,5,14.67,14.1,13.91,14,-0.52,-1.4,8.51,11,5.45,,6,6.41,3,8,8.5,6.10,,35,42,10,5,11.89
Florida St.,North Carolina,10,9.81,7.81,10.47,10.08,9.86,6.81,8.38,9,6.61,9,14.02,8.5,12.05,6.78,3.55,11.53,9,10.32,11.75,10.53,12.48,7.16,,8.37,8.36,8.31,,8.42,9,9.01,,7.48,3.03,13.6,11,7,7,5.52,9.28,3.68,3,12.84,7.41,,7,10,10,9,15.7,12.2,-0.6,18,2.35,4.42,12.22,8,5.55,,9,10.3,3,4,7,2.80,,37,35,10,10,11.08
Houston,Central Florida,-2,-3.31,-5.41,-2.86,-1.51,-2.96,-4.48,-2.17,-1,-0.53,-3,-2.34,-4,-4.72,-9.5,4.63,2.67,-1.85,-4.54,-4.15,-8.56,-4.88,-1.51,,-1.76,-0.47,-5.09,,-4.43,-2.75,-2.54,,-3.63,20.82,-10.8,4,-3,-2,0.04,-4.99,1.96,2,-5.44,-2.75,,9,-2,-2.9,-1,0.69,-3.8,3.47,-1,-2.77,0.61,1.23,-3,-8.3,,2,-2.67,-1,6,-11,4.79,,40,33,10,-2,1.98
Idaho,Nevada,-11,-10.43,-12.49,-13.62,-8.7,-9.42,-14.46,-14.72,-10,-14.58,-11,-10.14,-14,-5.65,-22.85,-6.22,-14.82,-11.56,-14.2,-14.75,-25.33,-14.3,-15.15,,-11.87,-9.17,-16.66,,-15.01,-11.87,-13.09,,-11.73,8.55,-27.3,-13,-13,-12,-10.59,-15.46,-8.8,-8,-10.75,-14.59,,-9,-11,-9.9,-6,-8.69,-13.5,-19.31,-15,-26.76,-6.6,-8.9,-13,-14.95,,-11,-10.35,-7,-15,-13,5.02,,63,17,10,-11,-12.26
Indiana,Iowa,-18,-23.31,-18.63,-25.88,-26.09,-18.85,-27.57,-24.26,-17,-27.86,-18,-22.26,-21,-22.4,-22.27,-26.43,-26.88,-22.3,-24.17,-28.75,-34.92,-22.8,-18.24,,-21.24,-21.07,-27.32,,-19.02,-22.4,-18.78,,-13.97,-25.21,-36.5,-23,-17,-23,-19.48,-20.98,-22.11,-14.5,-23.17,-26.5,,-15,-18.5,-28.1,-22,-17.19,-26.5,-16.58,-28,-9.51,-11.1,-17.77,-27,-21.55,,-25,-21.55,-16,-24,-23,4.76,,18,13,10,-13,-17.36
Iowa St.,Nebraska,-18,-11.72,-12.69,-18.66,-17.49,-12.78,-17.35,-7.29,-17,-17.43,-13,-19.24,-16,-14.9,-1.34,-23.31,-17.55,-15.02,-11.88,-19.25,-15.56,-20.38,-9.26,,-18.15,-12.92,-8.98,,-12.83,-15.9,-9.78,,-6.91,0.61,-15.9,-17,-17,-15,-10.15,-10.3,-16.83,-18,-15.81,-24.53,,-16,-18,-18,-25,-30.65,-23.1,-41.2,-23,-2.24,-2.88,-17.42,-26,-17.05,,-19,-9.44,-12,-18,-14.5,6.00,,31,30,10,-12,-15.76
Kansas,Colorado,-8,-11.99,-8.19,-13.23,-9.33,-10.18,-5.21,-9.62,-15,-11.44,-9,-18.05,-9.5,-14.68,-21.24,-4.36,-11.89,-9.49,-7.99,-12.95,-15.22,-7.12,-0.33,,-12.93,-7.31,-10.65,,-11.97,-9.5,-9.48,,-9.5,15.8,-22.8,-5,-9,-5,-5.46,-9.21,-6.16,-11.5,-14.63,-18.7,,-6,-8,-7.1,-10.5,-14.19,-12.1,-7.94,-15,-3.04,0.53,-3.47,-19,-14.9,,-9,-9.16,-4,-11,-7,6.07,,45,52,10,-1,-7.58
Kansas St.,Texas,-3.5,4.8,6.88,3.05,5.43,3.1,-2.71,6.07,6,-5.98,5,5.51,2.5,3.85,2.96,-6.85,2.19,0.91,4.64,2.55,4.28,3.16,-0.45,,5.16,-5.99,6.89,,6.21,2.96,7.47,,6.5,-20.66,10.6,-7,-6,-1,-4.27,5.26,-11.64,20.5,5.66,4.62,,-13,-2.5,1.4,-2,-10.77,2.9,-12.5,1,0.62,-2.55,-6.41,6,1.15,,-2,3.95,-4,-4,3.9,6.71,,14,39,10,1,-0.67
Kent,Temple,-3.5,-8.65,-8.43,-8.46,0.56,-4.17,-5.78,-9.83,-3,-7.94,-5,-4.5,-9,-7.44,-10.37,-10.42,-11.21,-6.96,-1.16,-8.25,-14.72,-5.22,-16.16,,-5.82,-8.07,-10.94,,-10.23,-7,-9.67,,-8.59,-5.22,-18.8,-6,-4.5,-7,-5,-10.06,-7.58,-6,-4.82,-7.41,,-1,-4,-3.6,-6,-2.52,-3.9,-18.55,-5,-5.56,-2.06,-7.75,-6,-10.9,,-6,-0.96,-7,-11,-10.4,3.72,,28,10,10,-4,-2.29
LSU,Alabama,-6.5,1.47,1.63,-11.76,-10.79,-5.09,-7.7,7.58,-2,-9.84,-0.25,-8.6,0.5,-5.74,6.17,-13.69,-6.41,-3.87,-2,-11.65,1.17,-3.43,2.02,-1.1,-2.93,-5.52,7.83,,0.58,-4.42,8.82,,4.69,-1.36,7.5,-9,-6,-5,-5.74,1.89,-10.33,1,-6.3,-6.65,,-8,-6.5,-10.9,-15,-12.02,-8.9,-6.99,-9,22.76,-1.64,-5.81,-6,-3.6,,-8,-0.31,-5,-3,-3.6,5.98,,21,24,10,-3,-3.83
Louisiana Tech,Fresno St.,2,-1.24,-2.83,-0.18,-7.29,-0.31,4.57,-2.63,1,5.23,-2,0.89,-3.5,0.21,-0.81,2.45,1.4,-1.18,3.56,3.35,-4.53,3.05,-9.37,,-0.5,0.62,-1.6,,-3.41,-0.31,-2.24,,-4.88,-9.13,-9.3,2,-3,4,3.52,-3.71,-3.35,3,0.67,-0.01,,-1,2,4.2,-5,5.81,-2.9,13.15,-2,-2.51,1.82,0.91,2,-4.2,,-11,1.04,1,1,-1.4,4.20,,40,34,10,-9,-4.87
Memphis,Tennessee,-20,-14.66,-11.17,-26.91,-10.06,-19.05,-19.08,-9.78,-15,-23.33,-15,-27.18,-16,-19.99,-11.33,-25.26,-28.25,-17.7,-12.95,-26.85,-17.92,-20.85,-11.03,,-18.93,-22.69,-12.61,,-13.38,-18.93,-7.51,,-10.89,-13.84,-22.5,-21,-20,-19,-15.26,-8.97,-17.28,-11,-24.76,-25.34,,-17,-20,-18.4,-19,-28.13,-23.3,-34.42,-26,-4.03,-7.19,-20.9,-26,-19.25,,-24,-11.39,-12,-25,-14.7,6.38,,50,14,10,-10,-13.9
Miami (Fla.),Maryland,7.5,11.11,6.11,12.3,7.44,11.23,12.12,8.36,12,10.43,7,13.24,8,15.36,7.09,16.61,14.23,11.06,11.79,10.65,14.61,12.64,4.96,,12.64,11.49,8.31,,6.95,11.23,6.42,,4.76,28.75,7,12,7.5,10,8.28,9.22,15.08,8,14.61,13.28,,16,8,10.3,6,16.16,13.2,6.94,11,1.67,6.14,15.23,12,6,,17,12.63,9,11,11.2,4.60,,20,26,10,1,16.41
Michigan,Illinois,3.5,-2.9,-2.07,-0.98,-2.92,-2.74,-4.07,-2.6,1,0.79,-2,-4.72,-2,-3.2,-3.48,2.76,0.23,-1.67,-4.5,-2.35,-5.83,-2.21,3,,-2.13,1.67,-2.49,,-2.73,-2.2,-1.3,,-1.04,15.18,-6.9,-2,1.5,-4,0.98,-1.58,2.52,-2,-5.68,-3.13,,3,2.5,-8,-7,0.01,-2.2,-8.31,-1,-2.97,1.17,2.27,-4,-7.95,,2,-2.31,-1,4,-8,3.92,,65,67,10,1,3.73
Michigan St.,Minnesota,24.5,29.44,30.92,23.22,32.15,20.42,17.83,36.99,37,15.28,32,24.81,32,23.38,36.19,15.63,25.44,25.73,24.26,23.45,43.44,22.32,29.53,,23.69,20.2,42.73,,34.57,24.1,43.25,,35.36,-2.91,65.4,19,23,25,14.34,33.1,15.16,20,25.61,23.84,,17,24.5,22.4,26,27.93,24.1,27.13,31,10.19,13.39,18.2,24,26.35,,19,23.53,9,21,22,9.98,,8,31,10,34,19.77
Mississippi,Louisiana-Lafaye,28,22.23,20.41,22.21,12.95,19.79,26.74,23.36,11,31.27,24,25.45,21,21.18,21.55,25.98,35.48,22.63,22.83,30.95,30.11,31.35,18.88,,24.85,27.77,27.9,,19.58,22.83,17.91,,19.15,14.39,35.2,26,28,26,24.79,19.11,17,11,25.63,27.21,,15,27,21.8,14,26.55,30,16,31,6.33,18.32,27.62,28,17.05,,25,18.45,14,25,23,6.12,,21,43,10,9,25.4
New Mexico,Wyoming,-9,-15.34,-14.19,-18.8,-5.34,-12.11,-13.84,-18.87,-11,-15.04,-14,-19.25,-15.5,-12.33,-32.49,-11.57,-17.7,-14.92,-23.19,-20.25,-14.06,-9.57,-14.9,,-16.47,-13.99,-23.54,,-15.83,-15,-19.49,,-10.12,-17.55,-27.4,-10,-13,-15,-10.36,-6.9,-15.89,-12,-15.48,-20.15,,-7,-10,-13.2,-31,-9.59,-17.3,-8.01,-19,-47.17,-5.69,-8.45,-20,-18.4,,-16,-18.18,-4,-14,-9.6,6.46,,31,34,10,-8,-14.48
North Texas,Troy St.,-11.5,-7.89,-9.68,-7.96,-4.64,-7.98,-9.14,-9.08,-6,-9.86,-10,-7.04,-16,-7.2,-1.91,-12.16,-9.86,-8.87,-2.88,-7.65,-11.97,-14.78,-14.76,,-6.8,-3.8,-13.38,,-13.93,-8,-12.24,,-11.1,-19.79,-31.3,-10,-12,-1,-7.3,-7.79,-9,-12,-5.91,-6.96,,-8,-10.5,-1.4,-9,-5.86,-4.6,-38.07,-7,-2.44,-4.74,-5.34,-6,-11.8,,-9,-4.48,-8,-10,-9,5.02,,41,35,10,-12,-7.51
Ohio,Buffalo,15,13.12,15.28,16.72,14.8,15.5,18.46,10.17,21,19.34,15,14.57,17,16.15,4.86,13.97,19.88,15.54,17.87,20.65,17,19.01,13.67,,16.32,14.54,13.45,,17.46,15.28,13.95,,13.7,11.25,21.6,14,14,16,14.55,15.04,15.73,18,18.74,18.36,,7,15,22.6,12,14.02,13.3,5.27,21,1.67,9.77,11.26,19,13.7,,16,15.28,6,21,13.7,3.75,,17,34,10,23,13.84
Oklahoma St.,Baylor,7.5,7.39,9.66,6.05,9.82,11.19,5.88,7.08,11,6.47,13,12.34,12,7.67,5.12,10.01,15.17,8.7,6.39,9.15,9.83,5.01,10,6.8,11.28,3.87,10.15,,11.45,8,8.96,,8.6,20.46,14.2,7,6.5,4,5.05,8.03,9.58,7,10.75,13.33,,7,7.5,5.7,8,11.92,9.6,25.79,9,1.06,3.63,6.92,13,7.3,,8,7.69,6,8,3.5,3.21,,28,55,10,6,8.18
Oregon,Washington,35,23.46,25.74,38.35,42.35,27.9,30.41,17.88,35,31.16,35,39.17,34.5,28.42,28.45,34.65,39.91,30.14,31.02,40.05,29.03,31.91,25.59,,31.67,22.26,23.46,,26.86,30.8,23.96,,21.67,21.06,30.8,35,28.5,25,23.05,22.93,29.33,35.5,32.57,36.89,,22,34.5,37,31,47.26,43,62.15,41,25.73,14.94,32.78,38,26.4,,35,26.49,16,31,23,6.83,,16,53,10,31,26.22
Penn St.,Northwestern,6,8.95,6.91,7.16,-0.86,10.21,9.94,8.65,8,11.3,6,11.68,3.5,9.25,11.15,8.55,14.85,8.8,10.24,10.55,13.89,4.71,3,,10.57,12.04,8.88,,6.31,9.01,5.64,,5.39,22.66,9.8,11,6,11,10.16,8.97,10.98,12.5,12.82,12.42,,10,6.5,8.4,1,5.78,8.4,6.97,12,2.96,9.01,12.18,13,4.1,,13,9.1,8,11,4.1,3.97,,21,35,10,1,12.18
Purdue,Wisconsin,-20,-16.15,-16.99,-19.18,-18.96,-11.94,-18.1,-18.3,-15,-15.38,-16,-18.02,-17.5,-15.81,-14.71,-11.33,-19.91,-16.92,-17.33,-23.75,-27.75,-21.33,-16,,-15.43,-17.63,-19.21,,-16.02,-16.99,-17.88,,-12.64,-13.32,-31,-17,-20,-20,-11.27,-18.02,-18.72,-11.5,-15.78,-19.45,,-16,-19.5,-19.5,-13,-22.87,-21.1,-22.69,-25,-8.49,-7.16,-16.68,-21,-19,,-18,-13.8,-9,-13,-14.7,3.71,,34,13,10,-15,-14.4
San Diego St.,Colorado St.,18,18.36,15.92,16.56,26.36,15.27,9.31,16.16,21,12.37,19,20.76,19.5,20.69,22.29,20.73,17.74,16.91,20.04,16.65,27.89,11.68,19.44,,18.11,12.14,16.39,,17.74,17.7,16.23,,14.61,4.67,25.6,15,15,14,9.53,19.48,13.59,17.5,19.84,20.34,,13,18,9,21,15.84,22.6,54.18,24,16.22,6.7,16.73,19,14.25,,15,15.98,6,14,17.7,4.37,,19,24,10,23,18.67
South Carolina,Arkansas,4,2.18,2.43,-0.01,3.4,3.89,1.32,0.8,5,-3.09,4,4.28,3.5,4.14,4.22,8.19,5.12,2.32,4.89,-1.05,2.33,5.67,3.67,2.8,4.55,1.24,1.43,,2.4,3.04,2.41,,3.43,9.12,2.6,0.01,3,1,-0.33,2.91,-0.51,4.5,3.8,5.23,,-1,4,-0.4,-6,-6.04,0.8,12.88,3,-0.77,2.44,3.18,4,-1.3,,-7,4.94,2,4,3.7,3.22,,41,20,10,1,3.56
South Florida,Rutgers,10.5,5.67,4.09,11.66,6.28,8.01,5.43,3.75,9,5.71,5,4.26,3.5,7.98,3.34,3.45,13.87,6.13,8.41,9.95,5.5,6.8,3.4,,5.99,7.13,3.41,,4.15,6.28,4.11,,3.08,6.32,2.7,7,9.5,9,4.81,5.63,6.76,12.5,9.59,6.82,,5,9.5,8.8,1,9.33,6.5,15.65,14,0.28,3.91,12.64,7,3.1,,9,7.26,2,7,-0.4,2.89,,27,28,10,5,7.14
Stanford,Arizona,9,5.96,3.82,8.61,1.58,8,6.45,4.81,7,11.23,2,10.18,1.5,7.36,10.57,6.6,11.42,5.33,5.91,10.65,5.56,12.21,1.95,1.7,6.71,6.79,2.36,,4.74,6,6.05,,2.45,-3.25,-0.3,11,7.5,5,7.12,4.11,6.79,12.5,7,7.27,,3,8.5,6,-25,7.59,6.9,-6.73,8,11.53,3,10.69,8,3.15,,11,4.91,4,10,-2.7,5.74,,17,42,10,5,10.18
Syracuse,Louisville,6,9.63,7.07,4.52,6.4,-0.01,3.16,14.06,7,2.21,7,0.27,9,3.92,3.84,-1.52,4.41,5.41,7.76,4.75,13.67,0.33,14.62,,2.47,7.44,13.66,,10.57,4.65,14.57,,11.33,3.56,20.9,4,4.5,8,4.71,11.48,4.65,-10.5,0.27,-2.87,,1,6,7.1,1,-2.63,0.3,-26.73,6,2.78,7.22,4.76,-1,5.75,,4,6.36,-3,-3,2.7,5.65,,28,20,10,8,3.46
Texas A&M,Oklahoma,-3,-5.99,-8.24,-7.19,-3.57,-3.28,-6.75,-7.78,-3,-11.62,-10,-3.17,-15,-3.93,2.08,-3.6,-10.27,-6.6,-2.29,-8.85,-8.72,-8.69,-12.19,,-4.18,-7,-11.22,,-8.38,-6,-10.54,,-9.01,-0.5,-27.3,-7,-6,-4,-7.63,-5.63,-10.21,1,-3.2,-4.79,,-8,-3,-5.5,-3,-2.33,-3.8,7.4,0,-2.84,-3.65,-3.74,-6,-8.1,,-9,-3.99,-7,-7,-4,4.57,,19,33,10,-8,-5.32
Texas Tech,Missouri,-4,-13.37,-14.55,-10.49,-13.1,-12.49,-9.56,-10.99,-11,-3.23,-16,-16.02,-19,-15.39,-0.5,-5.19,-9.53,-11.15,-12.61,-10.75,-15.83,-8.29,-12.31,,-14.29,-6,-15.61,,-17.88,-12.17,-14.36,,-11.03,4.37,-31.2,-4,-7,-10,-1.65,-12.17,-1.82,-8,-16.86,-17.31,,-2,-5,-11.7,-17,-10.36,-13.4,-13.85,-13,-3.52,-0.01,-4.92,-18,-18.85,,-5,-12.36,-5,-1,-22,6.07,,17,24,10,-14,-7.23
Tulane,Southern Miss.,-10,-4.21,-5.36,-10.7,-8.12,-6.95,-13.8,-1.47,-3,-14.17,-6,-6.84,-8.5,-6.97,-0.76,-13.31,-9.63,-8.06,-6.1,-10.75,-10.19,-8.32,-7.28,,-4.34,-6.2,-5.18,,-7.5,-7.63,-2.89,,-6.35,-5.24,-13.7,-14,-10,-10,-7.76,-6.4,-11.39,4,-6.96,-5.87,,-12,-10,-12.3,-8,-13.44,-9,-16.21,-9,-0.84,-1.34,-9.32,-6,-9.15,,-13,-5.87,-8,-11,-11.3,3.90,,46,30,10,-10,-7.63
Tulsa,Rice,17.5,16.92,14.98,22.34,20.69,16.3,16.39,13.84,23,22.48,21,20.45,22,20.11,12.6,19.8,24.44,19.15,20.66,22.35,25.19,21.8,15.73,,18.97,17.68,15.82,,17.65,20.08,16.1,,15.8,20.35,27,20,21,19,16.4,18.98,15.26,16,20.75,20.08,,17,17.5,21,12,24.59,21.1,29.02,19,2.99,10.32,15.43,21,18.8,,24,18.14,11,25,23,3.76,,27,64,10,21,16.84
UAB,Marshall,10.5,7.71,8.02,15.36,10.55,8.36,12.8,5.88,14,9.82,10,12.32,9,9.55,7.88,12.23,9.33,9.96,12.97,15.85,10.92,14.67,3.47,,10.99,14.45,6.96,,8.38,9.76,7.79,,7.41,-7.02,10.8,11,8,12,8.29,8.46,8.06,7,11.4,11.95,,7,10.5,18.5,8,23.66,12.7,29.85,16,1.43,6.76,7.15,14,7.05,,10,9.76,2,7,7.9,4.52,,31,17,10,9,7.42
UCLA,Oregon St.,-5.5,-8.21,-7.52,-11.26,-14.42,-8.22,-11.75,-4.17,-10,-14.28,-7,-11.5,-8.5,-12.01,-5.75,-9.22,-11.51,-8.76,-7.76,-8.45,-14.14,-8.99,-3.01,,-9.07,-7.62,-5.79,,-8.77,-8.5,-5.41,,-4.74,-4.14,-15.2,-10,-7,-8,-7.7,-8.52,-8.74,1.5,-10.15,-12.84,,-6,-6,-13.9,-10,-13.15,-8.1,-3.14,-10,-2.26,-1.13,-5.86,-13,-12.9,,-11,-4.78,-7,-1,-17.6,3.70,,14,17,10,-8,-6.4
USC,Arizona St.,5.5,5.09,9.72,7.85,5.84,6.73,11.4,5.61,6,8.73,12,8.34,12,4.38,5.58,6.91,14.07,8.52,6.12,14.45,12.19,14.58,8.42,,6.74,8.44,10.13,,9.66,8.37,9.01,,11.88,19.46,17.8,12,7,7,8.55,10.84,11.42,-1,8.38,6.12,,11,5.5,8.6,2,9.54,4.4,-8.91,7,-0.38,8.37,7.5,7,3.15,,10,6.13,7,10,2.8,3.86,,33,34,10,5,11.02
UTEP,SMU,-6.5,-9.87,-7.7,-6.83,-1.41,-7.62,-6.97,-9.56,-7,-8.61,-5,-11.36,-8,-10.2,-3.92,-3.73,-9.42,-7.62,-10.14,-7.45,-14.78,-5.53,-9.99,,-9.7,-8.38,-11.28,,-9.66,-8,-7.6,,-6.28,-3.74,-17.8,-3,-6,-9,-6.52,-7.83,-7.69,-5,-9.88,-12.23,,-5,-6.5,-6.9,10,-15.23,-9.4,-14.74,-15,-3.25,-4.43,-9.27,-12,-13.6,,-8,-8.64,-5,-4,-8.6,4.32,,14,28,10,-3,-7.5
Utah,TCU,-4.5,-1.12,-0.82,-0.26,-3.72,-0.51,-3.48,1.29,2,-5.38,-4,-1.34,-7.5,-3.63,-2.08,-3.38,-0.24,-2.01,-3.28,1.25,-0.39,1.62,0.37,-1,-0.68,-2.31,-0.71,,-1.68,-1.78,-3.15,,3.01,-2.39,-4.1,0.01,-4.5,-2,-1.9,1.4,-4.12,-3,-4.46,-1.89,,-8,-4,-3.8,-1,-4.56,-0.3,-9.35,-4,-0.4,1.59,-2.87,-1,-2.75,,1,-1.62,-5,-7,-7.8,2.53,,47,7,10,-1,-6.97
Utah St.,New Mexico St.,18.5,14.49,11.2,15.34,14.51,13.61,16.08,12,16,17,15,21.84,14.5,17.71,15.99,18.75,18.69,14.91,21.38,19.25,15.36,16.08,10.46,,17.87,11.69,13.64,,15.72,15.72,11.46,,8.88,2.82,18.8,20,19,15,12.25,9.74,14.81,16,20.63,21.9,,15,18,17.2,11,15.7,20,15.87,21,32.03,7.49,16.24,21,8.2,,17,17.28,12,3,18.5,4.70,,22,27,10,3,18.74
Vanderbilt,Florida,-14,-13.4,-14.31,-20.02,-16.36,-14.96,-20.3,-11.11,-13,-22.46,-14,-17.08,-17,-16.09,-7.42,-21.19,-24.71,-16.69,-12.64,-21.15,-26.78,-16.87,-18.18,,-13.55,-13.91,-15.34,,-17.28,-16.36,-11.91,,-13.83,-33.55,-32.6,-20,-14,-16,-14.92,-18.13,-22.87,-9.5,-17.2,-18.05,,-17,-14,-18,-7,-23.28,-16.2,-10.2,-14,-5.12,-7.38,-15.93,-18,-16.9,,-18,-10.59,-16,-22,-14.4,5.76,,55,14,10,-13,-13.51
Virginia Tech,Georgia Tech,13,12.96,18.63,17.51,12.79,16.54,17.95,10.69,12,18.61,13,8.83,12.5,16.21,7.72,16.37,19.12,14.58,23.72,19.95,21.28,11.04,8.94,,20.24,12.89,12.36,,15,15,11.32,,10.56,-1.91,17.1,14,15,14,13.04,15.69,10.96,17,20.11,23.19,,10,13,17.6,20,18.8,18.4,18.24,19,16.06,7.47,12.82,23,11.85,,17,13.16,9,15,16.1,4.59,,21,28,10,11,15.33
Wake Forest,Boston College,-3,-3.27,-4.34,-8.5,-7.98,-5.18,-7.33,-2.29,-2,-5.19,-1,-7.66,-2.5,-4.28,0.17,-0.55,-8.64,-5.27,-3.97,-12.55,-6.58,-4.89,-2.04,,-5.26,-3,-5.02,,-6,-4.89,-1.64,,-0.34,-6.67,-5,-5,-3.5,-10,-3.32,-3.79,-4.25,-4,-5.23,-9.76,,-3,-3,-9.5,-15,-15.89,-8.6,10.19,-8,-0.87,-1.45,-2.35,-11,-8.7,,-7,-3.02,-5,1,-4.6,3.79,,23,13,10,-3,-2.41
Washington St.,California,-14,-13.35,-17.48,-20.48,-32.08,-16.81,-16.82,-8.14,-13,-22.28,-18,-21.53,-16.5,-19.15,-17.58,-17,-27,-18.08,-15.4,-17.55,-28.58,-11.06,-20,,-15.95,-17.73,-11.63,,-13.87,-17.58,-12.36,,-11.17,-18.87,-24.5,-20,-15,-16,-15.18,-17.02,-21.86,-14,-20.42,-20.86,,-20,-14.5,-13.7,-22,-15.09,-23.3,9.63,-22,-16.89,-8.07,-13.09,-19,-19.5,,-23,-13.62,-13,-41,-16.1,4.85,,20,13,10,-18,-18.95
Western Kentucky,Florida Atlantic,-2.5,-2.14,-3.52,0.88,-1.51,-0.39,-1.41,-3.68,1,-0.6,-2,-1.31,-6,-1.05,2.1,-10.44,-7.15,-2.3,-4.35,0.65,-2.11,0.23,-1.32,,-1.75,-2.29,-5,,-4.25,-2,-6,,-1.95,-11.22,-9.6,-4,-2,-2,-1.66,-0.15,-3.66,,0.46,-1.84,,-2,-2.5,-2.7,6,3.3,-4.6,-25.93,-4,-1.65,-2.73,0.01,-2,-5.4,,-2,-2.33,-5,1,-1.3,3.39,,17,16,10,-4,0.5
Air Force,New Mexico,33,29.91,29.38,37.35,31.84,29.82,31.43,25.02,36,35.67,34,41.28,31.5,35.46,25.57,39.2,42.24,32.79,33.06,38.75,41.83,35.25,29.51,,35.52,30.36,30.84,,33.03,31.84,30.2,,25.23,29.37,48.7,35,29,31,24.88,30.18,32.74,34,37.65,41.28,,29,33,31.8,29,45.43,42.5,40.99,47,6.28,14.09,31.12,41,29.95,,41,29.65,18,32,24,6.39,,23,48,11,24,35.9
Alabama,Mississippi St.,13,9.78,7.29,17.12,14.64,14.6,15.74,3.5,14,14.51,9,16.87,10,17.16,1.24,18.16,26.01,12.67,8.7,18.95,7.67,15.88,11.76,7.5,13.38,12.57,4.8,,9.39,13.1,3.78,,7.13,25.68,10.4,19,14.5,10,10.01,7.93,19.06,11.5,15.9,15.16,,17,13,13.2,13,19.04,15.4,16.08,17,-11.36,5.5,17.2,15,5.55,,22,9.08,12,17,7.3,5.65,,10,30,11,4,10.38
Arizona,USC,4.5,6.54,7.51,2.63,12.05,2.26,0.87,7.7,5,2.07,10,2.28,8.5,5.16,5.38,1.77,6.96,5.1,3.12,-0.15,6.42,8.03,9.51,,5.46,2.96,9.49,,6.32,5.16,9.36,,8.04,0.86,13.5,1,4.5,2,2.1,6.54,4.44,1.5,4.72,4.35,,7,4.5,0.9,8,5.99,5.3,-8.7,6,1.67,2.13,1.39,3,5.3,,6,3.96,2,4,6,3.26,,24,21,11,8,0.74
Arizona St.,Stanford,-5,-9.91,-16.24,-9.95,-12.21,-8.34,-12.9,-12.05,-6,-12.97,-16,-9.88,-18.5,-6.77,-15.24,-8,-15.59,-11.01,-6.46,-14.35,-15.56,-3.75,-12.73,,-8.74,-7.82,-19.28,,-16.51,-9.91,-18.16,,-16.06,-7.09,-33.1,-10,-7,-6,-10.08,-12.17,-12.01,-6.5,-8.77,-10.53,,-9,-6,-9.1,-8,-6.54,-9.5,-12.78,-12,-14.78,-7.18,-5.54,-10,-13.5,,-11,-6.49,-7,-7,-8.1,5.11,,17,13,11,-15,-6.15
Arkansas,UTEP,28.5,28.63,25.68,33.13,21.67,26.77,32.79,26.81,28,33.76,24,33.17,25.5,30.5,27.55,35.54,35.99,28.87,28.64,34.45,43.14,33,20.85,,31.05,27.82,30.81,,26.64,28.64,26.67,,25.02,17.26,44.3,32,28,29,26.12,29.45,25.82,26,33.57,34.38,,27,28.5,32.4,26,44.3,30.3,37.7,37,7.2,18.48,30.15,35,26.85,,32,25.27,16,34,22,5.66,,21,58,11,15,28.13
Arkansas St.,Western Kentucky,12,14.02,15.57,16.66,12.91,13.83,18.07,14.08,19,15.48,21,14.64,22.5,14.79,16.9,15.75,15.57,15.79,15.2,17.55,15.36,14.28,17.05,,15.26,14.07,18.06,,18.26,15.26,18.68,,14.61,15.73,29.8,19,14,16,14.34,12.9,15.12,,15.36,15,,13,13,21.4,3,13.6,12.1,12.03,17,2.5,13.2,12.57,16,12.05,,19,13.58,12,15,16.8,3.75,,36,35,11,18,13.26
Auburn,Georgia,7.5,17.77,24.1,8.57,13.3,9.58,7.6,27.88,16,5.26,24,8.72,30,7.78,29.5,7.49,8.76,14.31,11.77,9.65,23.17,4.82,27.22,,12.53,8.36,36.83,,25.98,10,37.16,,24.18,6.91,49.2,3,8.5,10,5.32,18.95,3.81,8,10.04,9.99,,8,8,6,1,20.19,9.2,14.22,16,37.71,5.38,5.76,10,18.1,,10,11.24,3,7,9.9,10.21,,31,49,11,23,9.2
Baylor,Texas A&M,-3,0.77,1.51,-2.15,-4.08,-6.2,-6.17,4.48,1,-2.38,-0.25,-5.78,2.5,-2.66,-0.22,3.7,-1.71,-1.69,-1.05,-6.45,1.03,1.25,5.88,,-1.72,0.52,2.57,,-3.11,-2,5.21,,2.66,0.51,1.2,-2,-3,-6,1.09,0.4,-2.52,3.5,-6.61,-5.11,,-2,-3,-6.7,-8,-8.1,-5.1,10,-4,0.63,4.56,-5.78,-6,-1.9,,-5,-1.59,-2,3,-5,3.67,,42,30,11,1,-3
Bowling Green,Miami (Ohio),-2.5,-2.72,-5.7,1.78,-5.14,-0.59,-0.92,-6.95,1,4.25,-4,2.23,-6,1.39,1.54,0.16,11.38,-1.11,-0.2,1.35,-5.53,-1.54,-1.86,,0.42,3.41,-9.87,,-8.4,0,-7.97,,-10.26,16.78,-23.3,6,-3,0.01,2.95,-4.21,4.79,6,2.04,1.08,,-2,-2.5,0.9,-3.5,-3.2,-2.7,2.37,-2,-2.48,1.65,1.47,1,-9.6,,1,-0.92,3,7,3.7,6.15,,24,21,11,-11,1.27
Buffalo,Ball St.,3,9.03,4.75,1.33,4.69,2.98,1.84,13.18,12,1.26,5,4.42,5.5,4.86,13.86,-2.72,3.56,5.41,2.96,3.35,6.22,4.92,13.36,,3.64,4.5,11.68,,5.59,4.5,13.01,,6.92,16.87,13.9,7,3,5,2.53,5.48,2.74,6,4.46,2.3,,6,3,3.4,13,8.17,7.7,-6.76,8,14.44,3.79,3.54,3,3.05,,2,3.48,4,4,-2.6,4.46,,20,3,11,1,5.88
California,Oregon,-19.5,-11.31,-16.74,-20.27,-16.47,-14.95,-17.11,-12.41,-17,-22.49,-20,-19.48,-23,-9.92,-16.11,-7.03,-14.9,-16.24,-20.42,-24.45,-14.97,-22.4,-16.78,,-15.35,-13.39,-19.9,,-18.13,-16.6,-19.11,,-14.18,-5.88,-26.1,-17,-20,-16,-15.72,-10.08,-14.54,-15,-14.25,-19.79,,-10,-19,-20.6,-10,-24.58,-22,12.94,-19,-26.45,-8.96,-16.6,-21,-19.15,,-17,-15.45,-8,-14,-9.9,4.93,,15,13,11,-18,-13.63
Central Florida,Southern Miss.,10,12.22,12.3,12.21,9.49,12.45,10.2,10.77,14,11.45,14,16.12,13,13.83,11.91,12.33,10.48,11.6,12.91,13.25,16.47,13.12,10.54,,12.6,10.42,12.73,,11.61,12.03,11.64,,9.93,4.58,17.3,9,7,13,9.91,13.94,10.82,14.5,16.58,14.36,,3,10,12.8,7,8.21,12.2,14.33,17,1.64,8.36,11.96,15,10.95,,13,10.86,5,10,9.4,2.61,,31,21,11,10,11.82
Colorado,Iowa St.,-2,-2.48,-3.07,-3.76,-1.66,-3.19,-8.79,-4.94,-1,0.28,-2,0.17,-6,-0.73,-7.11,4.71,0.37,-3.01,-6.14,-5.75,-8.78,-0.01,-8.16,,0.36,-5.41,-7.16,,-6.6,-2.55,-4.91,,-3.7,-2.05,-11.8,0.01,-3,-8,-1.81,-5.56,-0.97,3,-1.31,0.26,,5,-2,-10.5,-4,1.33,1.3,14.4,0,-2.6,-3.9,0.39,0.01,-7.1,,-3,-2.55,-1,1,-8.1,3.72,,14,34,11,-6,1.4
Colorado St.,BYU,-6.5,-5.1,-5.25,-10.44,-6.86,-5.52,-6.49,-4.14,-2,-8.15,-4,-8.22,-5,-6.2,-14.49,-7.49,-6.7,-6.55,-2.34,-8.75,-10.61,-1.46,-13.25,,-5.38,-6.49,-5.27,,-5.18,-6.4,-3.58,,-3.56,-15.06,-10.8,-11,-5,-7,-7.29,-5.34,-13.44,-5,-6.05,-9.14,,-7,-6.5,-0.3,-1,-7.65,-6.4,9.12,-6,-3.3,-6.42,-10.29,-8,-5.3,,-10,-0.52,-8,-15,-3.6,3.64,,49,10,11,-3,-6.59
Connecticut,Pittsburgh,-5.5,-6.21,-7.4,-5.01,-4.47,-9.38,-8.13,-3.96,-8,-8.06,-3,-5.57,-5.5,-9.97,-3.98,-7.95,-7.66,-7.97,-10.17,-9.05,-13.06,-10.47,-6.97,,-10.69,-6.79,-5.86,,-7.86,-7.95,-3,,-3.21,-11.86,-12,-4,-5,-9,-5.56,-9.13,-2,-7,-9.53,-14.24,,-2,-5.5,-13.9,-18,-20.95,-9,2.89,-13,-1.33,-3.05,-5.4,-15,-11.5,,-1,-8.19,-6,-8,-12.7,4.22,,28,30,11,-3,-4.84
Duke,Boston College,-3.5,-0.53,-2.36,-1.8,-7.28,-3.44,-2.41,0.6,1,-4.94,-1,-4.2,-2,-1.67,-5.72,-7.35,-11.91,-3.02,-1.24,-2.55,-3.44,-5.55,-6.76,,-1.83,0.43,-0.53,,-2.83,-2.83,0.38,,0.71,-6.31,-3.7,-3,-3,-1,-1.96,-2.11,-3.35,-0.5,-2.97,-4.5,,-4,-3.5,1.1,-14,-5.03,-3,-15.87,-4,-0.66,1.03,0.23,-3,-6.4,,-4,-0.14,-5,-1,-3.3,3.32,,21,16,11,-1,-2.25
Florida,South Carolina,6.5,3.98,4.38,12.78,7.48,6.91,10.87,3.72,8,16.32,7,7.08,4,4.4,10.43,14.28,13.68,7.38,5.42,12.75,5.67,3.9,5.82,3.25,4.8,8.6,3.96,,5.06,6.89,4.48,,4.97,21.9,5.4,18,7,9,11.6,5.13,12.82,5,7.29,5.39,,9,6.5,13.1,-1,13.8,6.3,4.47,6,1.17,6.87,7.18,7,-0.85,,12,2.8,7,11,-0.8,4.92,,36,14,11,1,4.87
Florida Atlantic,Louisiana-Lafaye,10.5,8.2,8.42,5.62,9.8,6.65,4.53,8.24,9,2.58,8,10.72,7.5,8.21,4.2,6.18,15.14,6.85,9.56,6.75,6.28,4.91,2.18,,9.94,3.52,8.88,,7.36,7.5,11.13,,7.76,-4.75,12.2,9,6.5,6,4.22,6.92,4.24,9,9.43,10.5,,4,10,5,-24,6.73,13.1,15.78,13,1.25,5.86,12.07,11,6.5,,6,7.62,4,7,2.8,5.56,,23,24,11,10,9.89
Florida St.,Clemson,5.5,8.85,6.31,9.14,11.38,7.9,6.37,7.51,8,7.08,6,10.93,5.5,11.48,4.11,4.54,9.04,7.14,6.39,9.25,7.78,5.54,8.49,,6.66,1.09,8.08,,8.21,7.27,7.97,,7.27,-3.86,12.4,8,8,6,4.28,8.74,4.93,1.5,11.39,5.37,,7,5.5,6.3,4,12.61,10.5,0.52,12,0.94,1.49,10.83,5,8.95,,10,6.01,3,4,5.9,3.16,,13,16,11,8,7.4
Fresno St.,Nevada,-8,-7.19,-7.65,-10.84,-10.16,-9.3,-9.99,-6.07,-6,-13.01,-9,-14.66,-11.5,-8.4,-11.31,-6.91,-15.77,-8.55,-10.69,-13.85,-14,-12.85,-1.67,,-9.67,-3.72,-6.41,,-7.57,-9,-6.02,,-2.65,8.32,-10.9,-11,-7,-8,-6.44,-8.15,-6.78,-12,-11.46,-14.04,,-8,-8,-8.2,-3,-13.78,-14.1,-22.63,-15,-2.8,0.12,-5.49,-13,-9.65,,-9,-8.42,-4,-10,-10.8,4.27,,35,34,11,-6,-9.58
Georgia Tech,Miami (Fla.),-2.5,-6.2,-4.8,-2.32,-7.47,-3.61,-1.34,-4.46,-2,2.72,-6,-7.74,-7,-8.85,-1.21,-3.93,0.51,-3.94,-1.73,-2.35,-10.14,-0.65,0.29,,-6.12,1.27,-5.36,,-6.28,-4.46,-4.95,,-5.65,7.48,-13.9,0.01,-4,-1,1.48,-6.54,2.08,-1,-5.89,-8.47,,-3,-2.5,0.6,-10,-9.57,-7.6,-14.02,-4,-0.81,0.24,-4.37,-7,-5.85,,-2,-4.7,-1,1,-8.6,4.24,,35,10,11,-1,-3.52
Houston,Tulsa,2.5,-0.26,-0.55,-1.4,0.63,1.38,0.64,-0.13,-1,-0.55,3,1.22,-1,-0.44,-10.18,4.05,10.05,0.99,-0.01,-2.45,-3.19,0.59,1.79,,0.82,-0.48,-0.9,,-1.21,0.17,-1.04,,-0.62,25.21,-3.2,5,-1.5,1,0.08,-0.68,4.36,-0.5,0.69,1.11,,6,2,-0.6,3,2.3,3,1.17,5,-0.91,0.7,5.31,0.01,-7.25,,2,0.17,2,7,-5.8,4.72,,28,25,11,-1,3.59
Idaho,Boise St.,-34.5,-21.38,-28.81,-39.7,-29.86,-24.31,-38.38,-20.84,-30,-37.53,-32,-34.16,-27.5,-23.25,-42.19,-33.94,-33.64,-30.49,-32.31,-40.95,-40.33,-31.06,-31.83,,-29.58,-32.41,-29.44,,-29.94,-29.94,-25.21,,-22.63,-9.33,-45.6,-35,-30,-36,-26.46,-25.36,-34.65,-32,-30.22,-38.35,,-27,-34,-37.6,-23,-56.51,-33.9,-49.25,-39,-31.27,-15.4,-28.14,-40,-29.5,,-35,-19.88,-22,-38,-23,7.98,,52,14,11,-27,-26.28
Illinois,Minnesota,20.5,25.02,23.05,22.24,27.77,20.93,19.84,26.42,33,11.88,26,25.59,23.5,23.87,34.37,16.01,20.88,21.56,20.47,23.75,34.17,18.52,17.22,,21.83,16.2,29.54,,25.39,22.83,30.66,,24.88,-7.51,43.4,20,17,20,8.53,25.5,12.93,18.5,26.77,24.82,,12,20.5,25.1,15,24.48,23.3,22.72,27,6.1,5.18,16.97,25,24,,17,19.34,8,21,22,7.52,,38,34,11,24,19.15
Kent,Army,0,-1.95,-3.46,0.31,0.51,-0.3,0.01,-0.57,-1,-1.19,-2,-0.77,-3.5,-3.42,-1.24,-5.2,0.89,-1.26,-2.95,0.15,-5.11,-4.69,-0.59,,-4.42,-2.69,-1.03,,-2.63,-1,-0.89,,-2.16,8.85,-7.7,3,0,-2,0,-2.06,3.66,2,-0.34,-6.6,,4,0,1.5,3,-6.77,-1.8,-0.65,-1,-2.35,1.19,3.43,-7,-4.45,,3,-0.25,-1,-1,-9,3.15,,45,28,11,2,0.65
Kentucky,Vanderbilt,14.5,11.78,12.24,12.95,19.4,12.08,16.5,9.33,19,16.93,17,14.9,17,14.37,8.79,10.88,14.1,14.27,13.8,13.25,17.97,12.31,13.75,,14.98,12.2,10.54,,13.19,13.96,11.52,,9.79,19.6,16.7,16,14,14,12.43,14.48,13.96,12.5,14.8,17.77,,14,14.5,10.6,22,32.32,19.5,16.36,18,1.96,7.93,14.31,19,8.7,,16,10.16,9,13,13,4.22,,20,38,11,16,12.65
LSU,Louisiana-Monroe,33.5,37.08,32.48,34.38,25.56,29.87,37.99,40.12,27,37.34,25,34.61,29,34.86,47.82,33.24,35.76,33.26,28.66,38.75,51.33,32.49,41.73,,30.84,41.26,47.62,,34.9,34,39.3,,33.4,21.41,63.6,34,31,40,29.88,34.97,28.78,22,37.14,34.22,,23,33.5,29.5,33,29.76,34.6,39.43,37,31.92,22.42,27.83,34,29.85,,34,28.35,21,39,23,7.72,,0,51,11,23,33
Louisville,South Florida,2,4.82,3.9,6.22,6.71,5,4.61,2.85,10,3.44,3,7.88,4,7.62,2.91,7.84,5.38,4.79,8.37,4.35,5.22,-0.01,-0.55,,9.44,1.85,4.18,,2.13,4.09,1.98,,1.75,-10.59,0.7,3,0,4,1.49,3.93,-2.01,2,8.25,11.17,,3,2,8.2,10,18.24,10.1,8.84,8,0.04,-0.46,2.17,12,1.25,,,6.52,2,11,3.1,4.37,,24,21,11,2,4.2
Marshall,Memphis,16.5,14.19,15.62,22.89,16.88,14.39,17.82,13.11,21,17.76,17,20.04,17,15.72,30.3,16.99,20.33,17.13,15.06,22.25,15.11,19.13,15.08,,16.61,14.55,15.8,,17.13,16.88,16.85,,13.35,19.51,23.2,20,17,20,13.5,11.84,21.2,18.5,19.29,18.79,,13,16.5,23.3,12,30.05,18.9,20.96,24,2.16,9.24,16.17,20,10.8,,22,11.26,11,11,10.8,4.36,,13,28,11,14,13.43
Middle Tenn.,North Texas,10.5,3.56,3.59,5.88,1.79,1.14,8.97,6.33,4,10.07,8,-0.97,8.5,1.19,4.74,9.65,10.59,6.1,3.19,5.85,4.61,4.84,13.14,,1.7,10.08,7.44,,4.06,5.64,7.33,,7.69,20.18,14.9,13,10.5,5,9.31,5.64,11.43,2,0.64,-0.83,,10,9.5,3.1,5,3.58,0.4,-5.92,2,0.94,8.55,11.5,-1,3,,9,3.59,7,11,1.7,4.27,,23,17,11,9,5.13
Missouri,Kansas St.,13,9.29,8.19,7.06,10.31,8.06,4.7,6.54,10,5.04,12,10.25,11.5,11.76,1.77,9.04,21.45,9.24,6.17,5.85,8.89,15.36,10,,9.21,8.54,6.3,,9.7,9.04,8.93,,7.62,5.49,12.1,11,14,5,3.96,8.84,9.81,-6,11.48,8.67,,15,12,4.7,13,17.96,10.8,-23.83,10,0.5,2.88,12.94,9,12.9,,12,7.07,4,7,7.5,4.33,,28,38,11,11,11.26
NC St.,Wake Forest,19,21.42,22.85,25.98,27.74,20.31,20.02,18.92,26,18.61,27,26.13,25.5,24.58,13.55,20.2,20.89,21.74,19.82,26.75,32.42,21.99,15.02,,23.76,17.54,23.32,,25.02,21.99,23.69,,21.67,-0.72,37.7,21,18,21,14.52,25.85,16.26,26.5,24.47,27.05,,15,19.5,24.7,20,34.21,28,41.43,26,3.94,10.42,17.73,27,22.8,,23,18.97,11,17,22,5.86,,3,38,11,23,20.84
Navy,Central Mich.,14,20.82,21.51,20.38,18.15,15.37,22.74,24.64,22,19.21,18,20.12,20,17.44,27.52,10.11,12.78,18.87,23.13,23.05,32.56,20.52,18.66,,21.25,19.39,27.24,,21.51,19.21,25.28,,22.99,4.91,43.4,16,16,22,16.35,22.95,9.62,17,18.9,22.12,,8,15,25.7,1,25.13,19.2,6.3,29,17.29,13.49,9.88,25,17.3,,18,18.44,7,18,7.2,6.51,,37,38,11,19,17.1
Nebraska,Kansas,35,31.5,28.48,36.28,37.25,28.42,30.91,28.36,42,30.89,32,39.46,36.5,34.96,34.63,29.24,39,32.13,26.46,35.95,42.47,40.96,28.41,,34.3,27.93,32.5,,33.22,32.35,33.38,,27.61,10.69,50.8,32,32,28,23.07,32.47,31.12,29,36.88,41.14,,25,35,31.6,40,42.01,37.7,27.58,38,5.79,15.24,29.36,41,32.35,,38,25.33,17,34,23,6.91,,3,20,11,29,32.5
New Mexico St.,Louisiana Tech,-15.5,-10.12,-9.24,-17.49,-4.96,-13.31,-16.79,-3.59,-9,-18.31,-11,-18.4,-11.5,-17.42,-11.34,-17.25,-20.76,-12.47,-13.11,-17.25,-12.89,-11.1,-8.86,,-13.11,-8.83,-8.87,,-15.4,-13.11,-6.07,,-5.16,1.22,-14.9,-15,-15,-14,-11.18,-6.76,-11.3,-15,-16.86,-19.6,,-10,-15.5,-15.2,-4,-13.32,-14.6,-15.74,-16,-2.38,-4.05,-14.55,-20,-14.7,,-15,-11.38,-13,-21,-23,5.06,,41,20,11,-2,-12.75
North Carolina,Virginia Tech,-3.5,2.39,-5.45,-4.77,0.98,-4.28,-5.97,4.36,5,-8.74,1,-2.45,0.01,-0.34,0.19,-7.53,-5.38,-2.79,-8.36,-6.55,-2.97,-2.55,-0.4,,-2.94,-5.08,5.3,,-1.1,-3,3.44,,2.8,-5.17,2.8,-3,-3.5,-2,-3.98,-0.33,-3.58,-9.5,-3.33,-4.64,,-2,-3.5,-3.3,-23,3.39,-2.2,-13.17,-4,-13.18,0.77,-4.15,-4,-4.15,,-6,-1.35,-7,-3,-5.3,4.71,,26,10,11,-4,-5.54
Northern Ill.,Toledo,11.5,6.95,6.15,13.85,8.07,8.61,12.54,3.48,13,16.48,9,13.3,7.5,10.16,13.46,17.15,13.91,10.85,9.81,15.05,10.19,16.87,7.35,,10.66,10.99,4.16,,5.96,10.5,4.53,,5.6,11.07,3.5,20,11.5,16,11.84,8.35,10.47,14,10.55,12.94,,10,11.5,14.3,10,14.94,12.4,20.43,10,2.53,7.2,14.59,13,5.7,,18,5.13,7,24,7.5,4.18,,30,65,11,13,9.21
Northwestern,Iowa,-9.5,-14.61,-13.52,-15.37,-15.67,-14.23,-15.31,-13.12,-10,-17.7,-11,-17.16,-13.5,-16.08,-19.32,-24.13,-14.85,-14.5,-16.54,-17.05,-23.81,-16.74,-9.24,,-15.86,-12.21,-16.36,,-12.42,-14.85,-11.71,,-7.75,-13.66,-22.8,-13,-10,-16,-10,-13.64,-11.75,-17,-17.17,-21.28,,-11,-10.5,-15.2,-16,-18.31,-18.1,-10.58,-20,-5.88,-2.3,-12.12,-20,-12.65,,-14,-15.28,-11,-13,-17.6,4.08,,17,21,11,-9,-14.03
Notre Dame,Utah,-5.5,-9.99,-11.49,-9.52,-12.53,-6.3,-6.65,-12.64,-12,-6.83,-12,-12.14,-13.5,-7.12,-14.49,-8.12,-14.65,-9.71,-9.07,-8.65,-16.64,-4.32,-18.02,,-9,-11.91,-13.59,,-11.15,-9.52,-15.22,,-9.64,0.01,-22.7,-10,-4,-8,-6.38,-11.37,-11.85,-7.5,-5.36,-10.26,,-7,-6.5,-6.2,-6,-9.94,-13.6,-21.09,-12,-16.63,-5.94,-9.38,-10,-13.2,,-8,-6.84,-7,-1,-8,4.00,,3,28,11,-16,-3.89
Ohio St.,Penn St.,18,13.75,13.82,19.75,23.88,15.58,14.32,10.53,21,18.99,16,20.8,15.5,17.53,9.62,15.52,19.77,16.11,14.55,18.75,16.17,19.85,11.25,,17.14,12.52,10.58,,15.07,16,13.58,,9.79,5.55,14.7,21,17,16,12.48,13.04,16.68,17.5,19.69,20.83,,15,18,15.2,20,31.22,22.7,18.29,24,3.13,5.98,13.42,22,12.15,,20,13.39,9,17,11.3,4.57,,14,38,11,19,16.63
Oklahoma,Texas Tech,15,11.85,11.66,14.83,16.34,13.16,11.7,7.32,14,16.04,18,16.65,16,16.04,4.62,20.35,32.49,13.81,8.18,15.25,14.06,17.67,12.45,,13.83,7.38,9.42,,13.06,14,10.15,,11.19,2.19,20.5,15,14,9,10.52,13.26,13.55,10.5,18.34,16.28,,13,15,10.7,16,21.96,15.1,21.14,14,0.53,5,12.86,16,14.3,,17,11.15,8,17,15.5,4.99,,7,45,11,12,15.66
Oregon St.,Washington St.,23.5,21.16,25.04,26.62,31.86,22.44,24.75,18.04,26,28.86,26,26.9,23,24.65,30.28,29.86,43.9,25.02,22.07,24.25,39.14,28.44,26.01,,23.24,19.9,22.75,,23.5,24.75,24.78,,22.3,26.73,37.8,31,27,22,19.86,26.6,30.1,22,26.45,26.36,,25,23.5,24.6,19,25.81,22.6,21.9,29,17.5,10.85,23.28,25,20.95,,30,20.82,17,24,23,5.05,,31,14,11,24,26.02
Purdue,Michigan,-13,-8.81,-10.49,-11.99,-11.04,-9.48,-9,-5.72,-9,-5.64,-12,-12.41,-11.5,-11.71,-10.27,-10.13,-8.91,-9.65,-6.56,-14.95,-16.03,-11.42,-5.99,,-11.57,-8.65,-8.3,,-10.01,-10,-6.95,,-7.19,5.06,-17.4,-5,-13,-10,-3.08,-10.64,-8.39,-7,-11.07,-16.48,,-7,-12.5,-8.9,-12,-15.59,-13.6,-7.41,-15,-3.56,-0.51,-12.55,-15,-9.7,,-13,-4.84,-6,-14,-14.6,3.84,,27,16,11,-8,-7.27
Rutgers,Syracuse,-2.5,-3.55,-1.77,-3.45,-3.2,0.85,1.6,-3.56,-1,3.46,-1,-1.47,-3.5,-3.68,-2.85,-0.24,2.2,-1.03,-1.86,-1.05,-3.94,-0.84,-1.48,,-1.36,2.4,-4.22,,-2.01,-1.59,-2.15,,-1.32,13.69,-6.6,4,1.5,1,2.66,-2.66,5.66,8,-0.22,-1.59,,3,-2.5,-0.7,3,-6.25,-1.7,-8.89,-6,-1.47,1.85,-2.68,-2,-8.65,,-2,-2.01,4,1,-1.8,3.83,,13,10,11,-5,0.16
San Jose St.,Utah St.,-3.5,-3.54,-6.4,-2.38,-11.19,1.69,-2.95,-6.45,-7,-3.27,-7,-1.98,-7.5,-0.67,-14.58,-5.4,-7.84,-3.94,-5.04,-6.15,-8.22,-1.41,-5.79,,0.75,-5.37,-8.39,,0.32,-4,-12.45,,-4.12,7.41,-10.6,-2,-7,-7,-5.61,-1.88,-5.78,1.5,-1.52,-1.34,,-5,-3.5,3.2,-4,3.66,-2.7,-9.09,-1,-15.17,-7.96,-0.61,-1,-2.65,,-6,-0.54,-6,3,-6.8,4.31,,38,34,11,-9,-0.56
TCU,San Diego St.,27.5,23.1,22.68,34.86,27.43,23.03,34.69,20.32,28,36.77,26,31.01,28.5,26,26.24,41.16,38.96,28.3,31.54,34.25,25.39,30.85,28.47,,26.55,31.48,25.25,,22.7,28,26.05,,18.73,29.67,30,34,25,29,26.14,19.03,33.81,31,30.77,31.96,,28,27.5,34,13,45.87,27.3,27.13,33,28.29,15.5,29.23,34,18.5,,37,24.16,24,29,23,6.63,,35,40,11,21,27.63
Tennessee,Mississippi,2.5,3.26,-3.09,4.93,2.09,2.72,-1.3,1.82,7,-1.63,5,5,2,4.89,-1.26,-1.06,-2.39,1.3,-0.01,1.05,0.92,-2.61,-1.09,,0.76,2.6,0.99,,-1.1,1.95,1.95,,2.17,3.69,1.6,5,1,2,-1.75,-0.01,0.54,-2,4.88,0.48,,3,2.5,2,3,-5.25,1.6,-10.19,2,-1.18,-1.87,2.52,0.01,-4,,3,2.43,-1,4,-1.4,2.72,,14,52,11,-4,2.78
Texas,Oklahoma St.,-5,-9.45,-13.61,-11.63,-14.54,-10.93,-8.65,-9.85,-14,0.01,-14,-13.31,-17.5,-9.27,-3.16,-8.02,5.22,-8.77,-10.49,-12.25,-14.44,-2.97,-9.5,,-10.86,-4.12,-13.81,,-16.46,-9.99,-14.18,,-10.68,14.25,-26.6,-1,-6.5,-9,-0.18,-11.38,2.72,-19,-9.99,-14.14,,3,-5.5,-16.2,-14,-7.78,-12.3,-18.99,-11,-2.81,-0.41,4.56,-15,-15.25,,-3,-8.18,2,1,-13.9,7.53,,33,16,11,-19,-4.53
Troy St.,Florida Intl.,8.5,5.83,7.86,10.64,7.09,5.78,10.24,7.48,9,9.89,10,4.63,13,4.28,29.91,11.29,10.95,9.08,4.61,9.85,9.97,9.97,17.74,,4.71,5.08,9.13,,10.41,8,9.85,,10.07,24.92,17.1,12,8,7,8.54,9.74,13.53,9.5,5.53,4.26,,11,8.5,9.6,8,6.65,2.6,-6.56,6,0.68,7.2,7.44,4,5.1,,12,5.29,6,13,3.4,4.97,,52,35,11,14,7.28
Tulane,Rice,4,3.89,4.38,4.95,9.87,4.45,3.82,3.34,7,4.31,7,3.55,6,4.45,6.32,1.33,1.19,4.87,4.67,5.25,4.97,2.73,2.96,,6.07,3.14,3.11,,5.02,4.57,4.57,,4.69,17.88,6.8,4,6,3,3.46,5.09,-0.19,6.5,4.17,6.03,,3,4,2.8,6,13.57,7.3,4.09,3,0.51,2.6,1,6,1.45,,4,4.9,2,7,7.2,2.96,,49,54,11,5,6.02
UAB,East Carolina,2,-6.65,-6.96,1.76,-0.9,-4.09,-1.39,-8.9,-1,-2.72,-8,-2.36,-10,-4.54,-13.18,-7.22,-13.52,-4.75,-4.47,1.75,-14.81,-2.4,-8.09,,-2.6,-4.8,-10.17,,-8.58,-4.09,-8.09,,-8.73,-3.62,-22,-1,-2,-6,-2.2,-8.03,1.01,-3,-4.1,-3.04,,-1,0.5,0.9,-2,2.09,-2,-8.07,3,-3.58,-1.67,-1.22,-2,-9.65,,-1,-3.91,-5,-6,-10.2,4.67,,54,42,11,-1,-2.58
UNLV,Wyoming,-4.5,-2.73,-2.15,-7.31,-1.08,-3.47,-4.86,-2.51,-1,-5.43,-2,-6.89,-2,-3.09,-6,-0.12,-5.46,-3.93,-7.17,-6.95,-2.22,-4.04,-4.24,,-4.16,-3.87,-2.86,,-2.41,-3.87,-1.13,,-0.01,2.1,-4,-5,-7,-5,-0.26,-0.68,-4.54,-3.5,-5.37,-6.88,,0.01,-4.5,-6.6,-30,-8.15,-4.6,16.42,-11,-1.82,4.9,-1.36,-8,-7.3,,-5,-5.31,1,-1,-3.8,4.71,,16,42,11,-1,-5.21
Virginia,Maryland,-2.5,-2.62,-7.09,-4.39,-6.43,-1.46,-1.58,-2.75,-4,-2.6,-7,-5.8,-6.5,-2.51,-7.92,-0.81,-0.01,-3.31,-1.8,-4.05,-8.56,-4.91,-8.25,,-4.58,-1.29,-3.06,,-5.7,-3,-6.36,,-5.93,12.84,-14.2,-3,-1.5,-2,-1.41,-6.19,-3.79,-7,-0.62,-6.67,,-1,-2.5,-2.7,-4,0.79,-0.7,-3.9,-4,-1.32,-0.22,2.93,-8,-7.1,,-3,-0.43,-2,1,-2.1,3.78,,42,23,11,-4,-2.04
West Va.,Cincinnati,5,7.16,9.11,10.19,13.08,5.89,9.19,7.22,11,6.74,10,5.36,9.5,7.36,3.35,5.14,8.1,7.52,8.11,9.25,11.97,5.2,6.94,,8.29,4.35,8.24,,11.03,7.22,10.57,,11.88,-6.33,18.7,8,7,6,5.42,11.49,6.16,8,6.14,6.91,,5,5.5,11.7,6,3.81,4.8,5.2,9,1,4.09,5.31,7,4.45,,9,6.63,1,10,5.3,3.63,,10,37,11,13,6.55
Western Mich.,Eastern Mich.,18.5,12.67,12.97,25.1,20.69,16.84,19.9,5.63,20,22.09,23,24.66,18,19.69,2.3,16.46,27.89,17.46,13.66,25.85,11.19,23.13,10.55,,19.71,15.72,8.08,,13.42,18,8.63,,10.77,18.83,17.2,27,18,20,13.99,10.05,22.25,17,21.74,24.32,,16,18.5,25.5,5,26.82,25.5,17.09,22,0.59,5.88,20.47,26,12.55,,24,11.68,15,25,15.3,6.59,,30,45,11,13,15.08
Wisconsin,Indiana,21.5,24.91,23.3,20.82,24.21,15.05,20.67,32.54,22,21.19,25,20.86,25,18.89,28.39,24.01,28.5,22.75,23.41,21.05,38.17,26.22,26.69,,19.37,21.71,34.87,,23.46,23,31.25,,22.92,23.55,44.3,24,23,23,17.69,26.69,22.17,16,18.93,18.58,,19,21.5,21.2,3,23.19,22.5,21.18,27,9.71,14.19,20.54,20,18.6,,24,20.87,12,18,18.2,5.76,,20,83,11,25,23.02
Akron,Miami (Ohio),-10.5,-20.21,-17.84,-13.25,-15.99,-11.66,-12.44,-29.78,-20,-14.34,-19,-15.54,-22.5,-12.83,-34.89,-13.98,11.38,-15.36,-11.84,-14.45,-15,-15.04,-22.05,,-10.8,-13.53,-32.52,,-22.14,-13.56,-36.96,,-18.93,4.08,-44.3,-11,-13,-15,-9.31,-9.94,-11.18,-7.5,-13.58,-12.92,,-10,-11,-10.6,-14,-19.28,-15.5,-19,-16,-16.73,-6.48,-9.52,-12,,,-13,-11.86,-8,-10,-10.5,9.25,,19,14,12,-22,-10.11
Army,Notre Dame,-8.5,-8.31,-7.55,-12.69,-0.66,-10.4,-12.58,-7.58,-3,-16.01,-6,-12.48,-3.5,-9.35,-7.8,-14.58,,-9.56,-8.11,-17.1,-15.84,-10.68,-9.83,,-7.72,-12.69,-11.23,,-7.75,-9.35,-6.11,,-7.2,-18.89,-15.8,-12,-8.5,-13,-9.3,-9.36,-8.71,-7.5,-12.1,-10.76,,-9,-8.5,-12.4,-4,-8.39,-8.1,-3.68,-11,-1.39,-5.65,-14.26,-14,,,-15,-6.67,-7,-18,-4.8,4.04,,27,3,12,-4,-9.67
BYU,New Mexico,29,22.96,25.8,34.96,23.79,22.87,28.54,21.17,27,28.92,26,32.09,24.5,25.4,24.5,29.7,42.24,27.42,22.4,38.85,30.38,26.35,26.72,,27.33,24.97,26.94,,26.11,26.83,26.52,,22.36,37.85,42.6,34,29,27,22.4,22.52,32.22,26,30.07,31.96,,24,29,27.8,14,41.36,32.6,29.8,34,5.25,17.34,28.14,32,,,33,20.14,15,36,15.1,6.22,,7,40,12,22,27.67
Ball St.,Northern Ill.,-14.5,-17.04,-19.58,-21.82,-16.55,-16.03,-21.09,-17.57,-27,-23.35,-19,-20.65,-21,-16.57,-15.54,-19.86,,-19.23,-17.94,-24.85,-27.25,-17.17,-20.55,,-19.33,-18.79,-21.01,,-20.56,-19,-20.39,,-18.09,-20.84,-39.2,-18,-14,-23,-16.13,-20.06,-14.28,-23,-18.57,-24.56,,-13,-15.5,-24.9,-20,-28.02,-21,-27.06,-23,-7.04,-8.89,-11.87,-26,,,-19,-12.77,-12,-18,-16.9,4.96,,59,21,12,-17,-14.26
Baylor,Oklahoma,-7.5,-4.5,-5.91,-10.94,-8.85,-8.38,-11.63,-1.59,-6,-15.96,-10,-10.14,-11,-7.58,0.58,-7.11,,-8.16,-2.94,-14.45,-4.69,-11.95,-4.74,,-6.67,-7.18,-3.93,,-8.42,-8.42,-3.72,,-5.86,-5,-17.4,-11,-9,-6,-3.34,-5.18,-14.52,-1,-9.94,-9.99,,-11,-7.5,-11.5,-12,-13.07,-8.9,21.86,-7,-0.63,4.17,-10.6,-11,,,-12,-4.14,-9,-11,-6.1,4.54,,53,24,12,-2,-7.75
Boise St.,Fresno St.,30.5,20.82,25.99,31.47,30.11,24.33,33.47,18.06,31,32.82,35,33.88,27.5,24.92,34.8,26.91,,27.54,29.67,33.45,31.47,28.28,25.6,,27.31,28.07,25.23,,24.97,27.5,22.93,,20.48,17.93,34.8,32,30,30,24.48,22.46,32.71,30.5,32.82,33.55,,26,30.5,30.1,26,38.95,30.3,36.62,35,27.62,14.5,27,34,,,34,20.41,17,25,23,5.36,,0,51,12,23,26.92
Boston College,Virginia,6.5,6.3,8.9,7.72,8.67,7.25,10.31,7.81,11,10.76,7,6.35,6.5,4.72,9.85,8.99,,8.63,10.52,8.75,11.22,8.74,14.06,,8.5,9.15,9.63,,8.9,8.9,9.93,,8.53,18.47,15.3,10,10,10,7.75,10.19,10.99,10.5,7.04,7.39,,10,6.5,11.3,9,10.34,3.5,9.92,12,1.23,6.24,3.36,9,,,12,7.32,4,10,2.1,2.75,,13,17,12,5,9.3
Buffalo,Eastern Mich.,7.5,7.37,6.47,8.33,11.9,7.15,7.17,8.23,6,8.43,9,9.72,7,6.47,9.55,4.1,27.89,8.49,-0.01,8.55,6.81,10.57,8.8,,6.34,6.49,10.61,,8.9,8.12,9.51,,8.39,17.73,14.5,14,7,8,6.91,5.71,11.29,11,8.95,6.55,,10,7.5,3.3,19,4,14.6,4.78,11,0.77,4.31,10.09,6,,,11,5.13,8,7,-0.7,4.61,,21,17,12,3,11.17
California,Stanford,-6.5,-9.06,-11.81,-7.27,-8.68,-6.26,-7.83,-10.47,-7,-8.54,-11,-8.09,-16,-7.11,-12.7,-3.93,-15.59,-8.64,-5.72,-8.75,-10.53,-9.03,-11.25,,-7.41,-4.89,-14.7,,-13.67,-7.82,-16.01,,-11.73,2.88,-26.3,-7,-8,-7,-10.31,-8.42,-4.28,-11,-5.72,-9.17,,-3,-6.5,-7.8,-3,-12.77,-11.1,-2.5,-9,-14.25,-5.7,-9.3,-9,,,-7,-5.92,-6,-7,-5.5,4.54,,48,14,12,-13,-5.02
Cincinnati,Rutgers,13,5.17,2.43,4.11,2.1,6.09,-1.25,4.24,3,5.66,3,7.16,2.5,6.34,2.89,4.02,,4.57,0.71,1.75,3.84,10.26,3.06,,4.59,4.04,5.64,,1.81,4,2.73,,3.01,16.48,3.2,4,10,-1,5.51,3.34,5.1,2.5,8.6,5.27,,10,11.5,-5.3,-2,16.03,8.1,3.18,9,0,3.44,12.57,4,,,5,4.35,2,10,-1.1,3.94,,38,69,12,4,7.99
Colorado,Kansas St.,-2,-4.89,-5.22,-8.53,-4.67,-5.49,-5.96,-4.08,-4,-2.42,-5,-7.15,-7.5,-5.64,2.27,0.01,21.45,-4.14,-2.78,-7.45,-13.63,-0.39,-2.25,,-4.98,-2.65,-5.5,,-6.83,-4.94,-5,,-3.84,-3.08,-13.1,-3,-4,-4,-5.09,-7.65,-3.27,-12.5,-5.38,-7.74,,4,-2.5,-5.3,-12,0.2,-5.4,-15.65,-4,-1.48,-3.96,-4.58,-7,,,-3,-1.93,-6,-7,-10.6,5.03,,36,44,12,-5,-1.69
Georgia Tech,Duke,10.5,8.8,9.44,12.31,16.25,9.4,8.99,7.46,12,13.95,13,10.8,10.5,10.18,9.63,9.36,,11.16,6.75,10.85,13.13,14.16,13.83,,10.3,11.89,7.99,,10.16,10.5,10.09,,9.02,25.8,13.5,15,9,8,11.64,11.05,17.08,8.5,11.09,10.82,,14,10.5,5.7,9,15.84,11.7,-3.12,14,1.69,6.34,11.31,10,,,12,7.01,8,21,11.9,3.50,,20,30,12,9,12.26
Hawaii,San Jose St.,29.5,28.29,32.43,35.02,35.31,24.21,28.85,27.99,40,25.7,31,31.33,31.5,28.63,30.12,27.99,,29.3,30.21,34.75,43.63,38,32.29,,27.38,26.25,35.07,,28.22,29.73,38.84,,28.23,9.68,52.6,29,3,33,23.17,31,24.35,25.5,31.7,30.08,,23,29.5,28.2,24,36.54,32.2,34.27,34,18.95,20.43,20.9,32,,,31,23.13,14,32,20.2,6.41,,7,41,12,30,26.46
Indiana,Penn St.,-11,-13.38,-13.14,-16.15,-9.93,-10.29,-12.81,-14.63,-11,-17.58,-12,-14.39,-11.5,-12.14,-13.41,-21.14,19.77,-12.38,-8.59,-18.3,-24.78,-14.19,-11.69,,-12.3,-12.98,-17.13,,-12.87,-12.92,-14.09,,-12.51,-20.25,-25.5,-17,-17,-15,-11.77,-15.57,-18.79,-17,-11.64,-14.55,,-12,-11,-9.5,-9,-15.72,-13.2,-10.85,-17,-2.98,-9.08,-15.12,-15,,,-15,-9.16,-11,-15,7.4,5.99,,41,24,12,-9,-11.55
Iowa,Ohio St.,-3,-0.15,-3.25,-5.14,-2.17,-3.31,-4.83,0.6,-4,-6.59,-4,-6.98,-4.5,-1.57,4.05,-3.94,,-3.49,-2.02,-6.95,-1.56,0.01,-3.14,-4.5,-1.99,-5.16,-0.53,,-6.05,-3.78,-2.43,,-1.88,2.44,-4.7,-5,-3.5,-7,-2.09,-0.38,-6.34,-4.5,-3.69,-4.83,,-6,-3,-6.2,-3,-13.18,-5.4,6.42,-8,-0.98,-2.02,-3.29,-6,,,-2,0.01,-6,6,-2.6,3.18,,20,17,12,-6,-0.25
Iowa St.,Missouri,-11,-11.66,-13.28,-13.85,-15.2,-11.23,-9,-8.13,-11,-8.07,-14,-16.62,-17,-14.82,-2.51,-11.46,,-11.59,-7.41,-13.15,-18,-13.13,-11.36,,-12.97,-8.5,-10.37,,-14.28,-11.3,-11.25,,-9.98,-1.65,-26.4,-10,-12,-10,-1.24,-12.71,-9.64,-10,-14.25,-16.61,,-11,-11,-11.3,-23,-15.3,-16.6,-2.38,-14,-2.41,3.06,-12.35,-17,,,-10,-7.05,-9,-7,-13.7,5.00,,14,0,12,-11,-10.4
Kansas,Oklahoma St.,-24,-22.95,-23.65,-28.62,-30.1,-22.64,-20.88,-19.16,-31,-20.36,-30,-31.67,-35,-26.74,-26.3,-22.5,5.22,-23.57,-17.68,-27.25,-34.84,-20.08,-22.47,,-23.82,-17.82,-24.77,,-27.15,-22.98,-25.22,,-20.95,-13.86,-47.1,-20,-18,-15,-14.38,-24.84,-21.28,-27,-25.17,-31.32,,-17,-24,-22.9,-37,-40.32,-29.9,-18.21,-31,-4.45,-7.57,-19.2,-30,,,-21,-17.5,-14,-20,-23,8.34,,48,14,12,-23,-19.99
LSU,Mississippi,16,25.25,24.19,24.45,23.53,18.13,22.33,27.39,31,18.04,28,22.67,28.5,23.47,23.28,18.86,-2.39,22.16,18.92,25.05,35.47,14.21,28.05,,21.35,21.44,33.39,,26.18,22.27,34.02,,26.14,11.83,53.1,21,21,25,11.43,27.04,17.66,21,24.08,23.22,,13,17,22.2,13,18.5,19,25.33,21,17.32,10.53,15.21,25,,,22,18.32,11,21,22,7.70,,36,43,12,24,20.11
Louisiana-Lafaye,Florida Intl.,-10,-9.33,-10.25,-6.65,-8.91,-9.49,-5.84,-8.33,-7,-3.37,-12,-13.2,-9.5,-10.52,-11.88,-10.29,10.95,-7.68,-8.21,-8.05,-10.13,-6.05,1.07,,-11.65,-0.01,-10.65,,-9.75,-8.13,-10.36,,-6.98,9.02,-21.8,-6,-10,-7,-0.7,-6.44,-0.58,-1,-10.58,-13.35,,-2,-10,-6,-4,-14.5,-14.4,-24.97,-13,-2.41,-0.32,-7.97,-13,,,-6,-7.15,-4,-4,-12.4,5.65,,38,17,12,-13,-7.58
Louisiana-Monroe,North Texas,1,4.36,6.23,-2.96,-0.5,2.47,0.48,8.41,7,0.28,7,-0.76,9,0.43,13.12,2.29,10.59,4.08,3.06,-2.85,5.31,-1.36,6.19,,4.46,4.97,10.36,,9.58,2.62,11.51,,13.63,20.06,27.4,2,1,-3,5.72,6.36,-1.91,7,0.01,1.26,,4,1,1.6,-1,3.67,-1.6,8.97,1,0.75,7.9,1.98,1,,,-2,2.78,-2,4,-1.9,6.10,,37,49,12,4,2.46
Louisville,West Va.,-4.5,-3.46,-4.82,-3.11,-5.22,-2.09,-1.86,-4.24,1,-6.06,-5,-2.26,-5,-2.84,0.53,-2.09,,-3.59,0.01,-3.15,-10.38,-5.74,-3.23,,-1.04,-3.26,-5.48,,-7.39,-3.15,-5.59,,-6.7,-8.46,-18.1,-1,-6.5,2,0.02,-6.93,-7.3,-5,-1.78,-0.97,,-4,-4.5,0.8,1,-2.18,-1.1,-3.41,-2,-1.2,2.32,-6.15,-1,,,-12,-2.1,-4,-3,-3.5,3.71,,17,10,12,-5,-2.48
Maryland,Florida St.,-4,-2.88,-1.48,-3.31,0.33,-4.94,-4.5,-0.52,3,-5.4,0.25,-4.98,-2,-6.47,0.59,-10.62,,-3.26,-0.89,-4.25,-6.13,-8.4,-0.62,,-2.06,-0.88,-1.94,,-1.85,-3,0.83,,0.01,-13.25,-4.5,-4,-3,-3,-3.05,-2.12,-5.66,-1,-5.64,-3.48,,-6,-4,1.1,-1,-1.75,-4.8,-0.63,-5,-0.89,0.49,-7.91,-3,,,-5,-1.71,-7,-3,-8.1,3.24,,30,16,12,-1,-3.98
Miami (Fla.),Virginia Tech,-2.5,1.53,-5.65,-1.33,2.62,-1,-2.74,0.57,7,-7.49,3,1.22,1,3.16,2.15,-4.96,-5.38,-0.65,-6.9,-2.45,-2.28,-6.49,-2.28,,-0.91,-2.89,0.47,,-1.14,-0.5,-0.01,,1.4,1.28,-0.6,2,-3,-2,-4.64,0.68,-2.16,-6,0.45,-2.12,,3,-2.5,-0.8,-6,9.05,0.9,-15.8,3,-13.32,0.32,-0.01,-2,,,2,1.18,-5,-1,-0.4,3.37,,31,17,12,-1,0.01
Michigan,Wisconsin,-4,-5.38,-8.39,-11.21,-7.68,-3.04,-8.51,-6.55,-5,-12.1,-10,-9.21,-11.5,-4.45,-7.13,-3.96,,-7.2,-8.04,-12.15,-8.53,-3.11,-8.71,,-4.64,-7.16,-7.41,,-4.54,-7.16,-7.54,,-2.72,-14.89,-10.4,-12,-7,-8,-6.18,-4.64,-10.89,-5.5,-3.16,-6.94,,-6,-4.5,-9.6,1,-5.65,-7.7,-12.54,-9,-2.87,-4.3,-3.7,-10,,,-7,-6.03,-7,-3,-9.2,3.10,,48,28,12,-9,-5.15
Michigan St.,Purdue,20,21.86,24.12,21.86,28.48,20.3,19.17,21.03,26,19.11,22,22.72,24,22.89,25.76,22.23,,22.25,20.47,23.95,35.03,21.23,22.43,,22.53,17.83,25.71,,25.28,22.53,27.44,,23.34,9.19,43.7,18,26,21,14.89,26.74,18.7,22,24.76,24,,18,20,20.4,31,26.94,23.1,28.61,26,4.63,11.1,17.56,24,,,23,18.64,8,24,14.3,5.29,,31,35,12,25,20.59
Mississippi St.,Arkansas,-3,-3.04,-2.81,-7.06,-1.84,-3.63,-6.9,-0.96,-2,-4.03,-0.25,-5.51,-4.5,-4.76,0.27,-3.57,,-4.12,-5.1,-9.55,-2.53,-6.31,1.52,-2,-3.05,-4,-1.92,,-3.01,-4,-1.06,,-0.55,-2.1,-5.1,-4,-5.5,-2,0.42,-1.17,-6.51,-5.5,-3.39,-4.04,,-7,-3,-9,-5,-17.95,-6.3,-18.88,-11,-0.42,2.62,-6.74,-5,,,-8,-3.88,-7,-1,-5.9,3.42,,38,31,12,-2,-2.58
Navy,Arkansas St.,13,19.18,17.8,16.39,16.01,12.61,18.36,23.59,15,21.05,21,16.08,20,14.92,42.74,13.99,,17.82,15.46,17.85,31.56,16.34,19.78,,16.04,17.54,27.92,,18.99,16.1,22.27,,21.74,27.68,42.5,16,17,17,15.42,21.42,14.56,15.5,15.82,15.62,,11,14,16.1,8,13.45,20.3,20.43,23,4.93,11.04,14.29,16,,,16,14.81,8,14,13,6.54,,19,35,12,12,18.36
Nevada,New Mexico St.,38,33.39,35.66,41.3,38.79,35.01,35.17,29.06,40,38.52,39,44.82,37,38.29,30.31,39.7,,36.23,34.43,40.15,48.06,32.96,35.68,,38.1,27.88,36.1,,42.06,36.21,36.39,,31.45,23.6,60.9,41,36,33,29.51,35.9,34.24,38,42.66,44.42,,33,38,35.8,25,49.17,44.1,41.1,49,7.14,18.17,36.21,43,,,40,32.32,20,42,25,7.13,,6,52,12,32,39.89
North Carolina,NC St.,2.5,1.67,-0.01,-0.01,-0.96,-0.74,1.63,3.56,1,1.34,0.25,-1.61,-1,-0.93,3.86,1.06,,1.3,0.59,-0.55,1.16,3.91,1.82,,1.08,-0.34,4.27,,1.12,1,3,,2.31,18.54,0.9,1,2.5,2,5.18,1.13,5.92,-2,-0.62,0.01,,3,2.5,-1.7,-3,-1.59,-2.9,1.56,-2,0,6.21,2.49,-1,,,5,-0.66,-2,10,-3.2,3.41,,29,25,12,-1,1.07
Northwestern,Illinois,-7.5,-3.54,-1.92,-2.09,-0.81,-9.58,-1.1,0.67,-1,-0.58,2,-10.74,3,-8.05,-4.54,-1.55,,-2.12,-4.01,-3.1,-4.19,-5,11.56,,-4.09,1.84,1.71,,-1.98,-1.98,2.19,,1.89,10.52,2.1,-3,-5,1,-2.26,-0.27,1.21,-10,-10.9,-11.39,,-2,-6.5,-0.4,-1.5,-6.3,-8.6,-9.74,-7,0.11,-0.14,-4.38,-7,,,7,-5.36,-3,-10,-6,4.85,,48,27,12,-3,-3.42
Oregon St.,USC,-3,-3.99,-6.2,-3.95,-5.1,-1.85,-2.85,-5.02,-3,-1.37,-5,-4.27,-9.5,-2.72,1.51,-6.84,6.96,-4.12,-4.82,-6.95,-6.91,2.17,-8.46,,-2.61,-6.2,-6.84,,-5.81,-4.18,-7.41,,-6.07,2.96,-16.3,0.01,-3,-7,1.7,-6.41,2.49,-2,-1.89,-3.31,,-2,-3,-6.5,-3,-9.25,-7.7,-15.41,-4,-1.9,-0.01,-3.43,-5,,,-11,-2.94,-4,-3,-4.1,3.94,,7,36,12,-6,0.49
Rice,East Carolina,-9,-11.39,-14.57,-10.14,-10.1,-10.44,-12.78,-11.96,-13,-12.8,-21,-10.97,-23,-11.05,-13,-13.07,-13.52,-12.75,-11.15,-10.85,-23.19,-6.92,-12.78,,-10.95,-12.76,-15.29,,-17.51,-12,-15.14,,-15.09,-16.82,-36.3,-12,-13,-12,-8.11,-14.67,-7.99,-6,-10.69,-12.22,,-6,-9.5,-11,-6,-9.48,-11.8,-4.74,-9,-3.44,-4.57,-7.27,-12,,,-14,-10.09,-12,-14,-23,5.13,,38,62,12,-14,-10.32
SMU,Marshall,14,10.14,8.18,7.71,9.98,10.89,2.28,8.16,13,8.29,9,13.55,10,12.11,17.01,14.37,,9.07,5.69,7.35,12.25,10.16,1.89,,12.17,6.21,9.08,,9.61,8.97,7.96,,7.69,7.73,13.1,6,13,3,6.72,8.97,8.66,11.5,13.76,13.71,,10,13,2.2,-1,20.24,14.9,27.8,15,1.51,3.98,10.57,13,,,8,8.81,2,10,8.7,4.11,,17,31,12,6,13.59
San Diego St.,Utah,-2.5,-2.29,-3.88,-4.02,-3.76,-5.95,-3.96,-1.17,-3,-11.15,-3,-7.27,-1,-3.46,-0.39,-8.77,-14.65,-4.4,-0.88,-2.65,-5.66,-5.63,-9.11,,-3.88,-5.7,-1.17,,-3.92,-3.94,-2.02,,-2.02,-15.24,-4.9,-6,-2,-3,-10.94,-3.04,-9.24,-6.5,-2.82,-8.06,,-6,-2.5,6.8,-1,-5.75,-6.3,-11.79,1,-1.62,-5.69,-6.71,-6,,,-5,-0.27,-9,-7,-4.7,3.92,,38,34,12,-1,-0.39
South Carolina,Troy St.,22,27.51,22.93,27.58,21.02,24.48,30.27,28.32,23,24.38,26,27.08,25.5,27.1,36.75,28.87,,25.2,28.57,30.85,40.63,19.13,17.47,,25.64,35.19,32.98,,22.88,26,24.57,,26.21,3.36,46,24,22,34,15.21,27.08,17.75,17,29.78,29.74,,17,22.5,32.7,19,27.98,29.8,24.35,33,7.8,11.8,23.88,31,,,27,25.69,11,18,23,7.22,,24,69,12,9,25.86
South Florida,Pittsburgh,-3,-0.81,0.01,-3.15,-2.46,-5.27,-4.36,2.04,1,-7.75,2,-6.17,0.5,-5.28,1.26,-6.78,-7.66,-2.89,-3.32,-3.95,-2.22,-4.77,3.51,,-4.67,1.16,2.27,,0.39,-3.24,4.05,,4.97,-7.48,4.7,-2,-3,0.01,-4.4,-0.01,-1.76,-2.5,-5.04,-7.64,,-2,-3,-3.7,-20,-11.28,-6.8,-9.25,-8,-0.14,-0.01,0.27,-8,,,-3,-4.4,-5,-4,-7.1,4.73,,17,10,12,1,-4.29
Southern Miss.,Houston,4,6.36,7.73,4.46,7.63,2.55,6.98,8.9,10,2.7,11,0.25,11.5,3.69,15.28,4.38,,5.89,7.32,3.35,12.69,2.55,7.74,,5.13,4.02,11.27,,10.14,5.13,11.63,,12.3,-7.82,19.9,4,7,4,1.32,10.36,0.01,0,3.86,1.57,,1,4,7.4,5,8.2,4.2,-8.41,4,1.57,2.24,0.2,3,,,3,6.06,-1,6,7.6,4.71,,41,59,12,9,3.87
Syracuse,Connecticut,4,7.3,5.98,2.28,6.33,2.13,0.62,7.02,10,-2.02,5,2.77,7.5,7.68,7.24,0.41,,4.45,5.5,2.05,9.06,1.67,5.19,,7.11,-0.76,6.73,,5.56,5.19,7.7,,6.09,-4.22,10.8,4,3,0.01,1.04,7.32,-2.25,-2,3.47,5.67,,0.01,4,5.5,9,9.82,4.5,-0.2,7,0.62,2.83,5.93,6,,,3,5.41,-2,3,4.9,3.46,,23,6,12,6,3.96
Temple,Ohio,10,9.98,9.3,13.74,7.14,7.22,9.05,9.08,12,9.91,10,12.67,8.5,10.94,8.92,12.09,,9.76,7.95,10.65,12.38,11.23,12.62,,10.87,9.6,10.29,,9.09,9.91,10.5,,9.72,9.09,15.3,7,10,9,7.54,11.4,10.79,6,10.14,11.27,,8,10,12.8,6,13.89,9.6,4.81,11,2.82,5.16,14.3,12,,,13,5.28,5,17,6.8,2.82,,31,23,12,5,7.96
Texas,Florida Atlantic,21.5,19.81,13.35,21.19,8.46,17.1,24.04,21.49,10,29.46,10,19.29,11.5,18.22,49.16,20.88,,20.25,15.38,25.15,27.66,20.19,19.69,,15.75,25.58,26.76,,13.83,19.81,14.28,,16.36,37.51,30,26,21,21,24.65,17.02,25.1,3.5,21.39,17.85,,25,21.5,17.8,25,28.82,20.9,9.03,22,5.69,16.73,24.77,16,,,28,16.01,13,35,8.2,8.07,,17,51,12,10,20.93
Texas A&M,Nebraska,-2.5,-0.01,-1.83,3.61,-0.71,2.89,-0.53,-2.76,2,-1.51,-2,2.16,-5.5,2.32,-0.31,-6.48,,-0.8,0.01,3.15,-2.41,0.01,-10.25,-4.17,0.11,-0.42,-1.97,,-0.7,-0.61,-4.53,,-1.81,-6.69,-5,2,-2.5,1,-3,0.26,-3.31,2.5,4.59,-0.47,,-1,-2.5,5,-1,6.35,2.1,-23.03,4,-1.27,-3.25,1.8,2,,,-3,1.01,-5,-1,-1.9,3.38,,6,9,12,-3,-2.83
Toledo,Bowling Green,10,14.59,15.65,10.95,16.4,11.7,10,18.45,15,5.58,18,14.94,18,10.89,7.79,1.11,,12.07,12.7,9.75,18.56,12.29,13.54,,13.15,7.63,20.33,,18.59,11.7,20.66,,19.5,-2.71,37.9,6,9.5,9,8.17,16.42,5.73,10.5,13.05,11.83,,10,10,11.6,11,18.08,11.6,1.93,15,4.17,7.35,3.83,13,,,5,11.87,2,7,8.9,6.30,,14,33,12,15,10.9
Tulane,Central Florida,-18,-11.92,-13.7,-18.15,-10.31,-14.93,-17.21,-7.39,-13,-18.69,-14,-19.26,-15,-16.71,-10.56,-17.51,,-14.26,-12.85,-17.55,-21.16,-13.82,-12.83,,-12.96,-12.74,-10.3,,-13.92,-14,-9.15,,-9.98,-10.96,-23.4,-17,-20,-15,-14.82,-14.57,-17.8,-9,-17.64,-16.84,,-9,-17.5,-17.7,-13,-10.64,-18.1,-21.19,-19,-2.11,-7.58,-18.54,-16,,,-19,-11.79,-11,-15,-16,3.82,,61,14,12,-12,-13.67
Tulsa,UTEP,17.5,16.44,15.27,21.35,16.29,16.29,16.51,14.58,20,20.88,18,20.32,16.5,18.34,17.43,21.18,35.99,17.47,17.4,22.25,25.5,20.71,11.23,,17.88,12.82,16.17,,16.39,17.1,16.28,,13.84,8.12,23.7,17,17,21,14.66,18.04,16.26,18.5,19.33,19.77,,14,17.5,19.5,9,23.97,16.6,28.76,18,2.88,9.02,16.61,21,,,21,15.14,8,24,12.1,4.42,,28,31,12,14,17.2
UAB,Memphis,20,13.7,16.02,23.19,18.68,15.88,17.6,10.5,21,18.53,20,21.34,19,17.28,24.65,13.84,20.33,17.26,13.19,22.75,14.44,23.17,10.88,,18.27,16.56,14.98,,16.92,16.96,15.2,,12.09,15.57,22.1,20,19,17,13.85,11.23,20.98,15.5,21.51,21.17,,15,20,17.3,14,33.24,22.6,14.66,24,2,8.35,16.32,22,,,21,11.29,9,11,16.4,4.58,,15,31,12,14,14.9
UNLV,Air Force,-19,-15.14,-17.24,-19.56,-20.96,-15.02,-18.5,-11.59,-17,-19.6,-19,-21.75,-20,-18.78,-19.25,-15.63,,-17.55,-18.12,-23.55,-31.13,-20.68,-14.17,,-17.09,-16.19,-14.68,,-18.06,-18.06,-15.29,,-12.08,-6.87,-29.1,-19,-21,-18,-13.74,-19.44,-15.55,-18.5,-19.24,-21.79,,-15,-19,-17.4,-25,-27.01,-22.6,-8.51,-27,-4.58,-2.9,-14.28,-22,,,-20,-14.23,-13,-17,-20.5,5.13,,35,20,12,-14,-18.58
Utah St.,Idaho,2.5,0.29,1.91,-0.69,3.65,-2.56,1.63,4.28,3,1.87,3,-2.81,2.5,-3.65,9.06,0.67,,1.01,-0.39,1.65,4.22,3.82,0.49,,2.43,1.9,5.21,,1.88,1.65,4.02,,4.06,-12.97,5.1,3,4,1,3.32,2.72,-0.01,1.5,-2.52,0.82,,0.01,2.5,2.7,2.5,2.06,0.2,-6.63,-1,1.51,4.85,-1.79,2,,,1,-1.38,-2,-1,-5.4,3.17,,28,6,12,3,-0.13
Vanderbilt,Tennessee,-8.5,-5.86,-6.72,-14.27,-12.04,-7.1,-10.74,-2.38,-6,-14.54,-7,-11.39,-9,-9.67,-2.71,-11.61,,-8.86,-5.68,-15.55,-12.63,-5.48,-7.35,,-6.69,-9.27,-5.5,,-6.51,-9,-3.49,,-3.7,-11.83,-13.2,-12,-9.5,-10,-4.44,-7.14,-10.77,-3.5,-9.09,-9.66,,-6,-8.5,-16.2,-17,-22.83,-10.8,-11.94,-11,-1.19,-0.5,-8.52,-11,,,-13,-4.14,-7,-4,-9,4.51,,24,10,12,-9,-5.51
Wake Forest,Clemson,-14,-12.32,-13.77,-19.84,-18.85,-13.79,-16.19,-8.64,-14,-13.37,-13,-18.69,-14.5,-16.69,-2.59,-12.04,9.04,-13.86,-12.25,-20.65,-23.03,-10.51,-3.25,,-15.32,-12.53,-11.06,,-14.17,-13.9,-11.38,,-9.08,-10.47,-19.6,-16,-14.5,-16,-9.27,-14.36,-15.29,-16,-14.34,-21.54,,-9,-14,-18.3,-20,-23.88,-18.3,-4.33,-18,-2.63,-7.05,-13.3,-22,,,-18,-11.82,-12,-17,-13.5,5.78,,30,10,12,-13,-13.71
Washington,UCLA,2.5,1.14,0.21,-2.88,2.36,-0.75,-4.18,2.31,1,2.1,2,-0.94,1,0.21,-0.98,0.88,,-0.09,-1.36,-4.05,-3.84,-1.34,-1.67,,0.41,4.09,2.22,,-0.49,0.21,2.79,,1.47,-1.45,0.9,1,2.5,-4,1.37,-0.33,-2,-2,-0.6,-1.47,,4,2,-7.2,-1,1.54,-1.8,0.19,-2,-0.43,0.46,2.05,-2,,,-4,0.41,-2,7,-0.3,2.41,,7,24,12,1,3.48
Western Kentucky,Middle Tenn.,-4.5,4.8,4.33,1.03,4.01,5.64,-0.94,3.87,7,-5.04,3,5.97,3,5.65,2.31,-7.73,,0.77,4.99,1.05,3.47,-6.83,-6.22,,5.79,2.38,4.37,,5.55,3,4.84,,4.55,-24.65,4.7,-5,-1,3,-6.75,3.07,-7.95,,6.71,5.88,,-5,-4,4.2,4,7.37,3.3,-2.46,5,0.08,-6.03,-5.43,-7,,,-4,3.94,-8,-4,0.01,5.84,,27,26,12,-1,2.87
Western Mich.,Kent,3,2.68,3.27,6.36,2.43,5.2,4.58,-0.31,7,5.84,6,6.11,3.5,5.68,-5.21,1.82,,3.77,4.88,6.45,2.75,0.42,-0.74,,6.9,5.92,0.79,,2.87,4,-0.23,,3.78,1.75,3,7,7,5,2.77,3.5,4.42,1,6.38,7.41,,4,3,6.7,-11,10.01,4.4,-2.91,7,-1.77,0.79,5.18,8,,,3,2.7,3,10,4.4,3.47,,3,38,12,1,3.3
Wyoming,Colorado St.,2.5,2.08,-1.8,1.47,2.69,4.73,-0.77,-0.13,1,3.38,0.25,4.29,-0.5,4.28,-4.29,5.93,,1.79,-0.32,-1.05,-1.22,-0.78,5.89,,3.42,1.39,-2.63,,0.27,1.39,-2.4,,-0.83,9.16,-4.7,4,1,-3,2.29,0.63,7.03,7,4.22,4.07,,2,2.5,-5.3,28,-3.45,2,19.17,4,-1.5,1.37,4.51,3,,,3,1.44,-1,-1,0.9,5.12,,0,44,12,-1,4.34
Akron,Buffalo,-1,-12.71,-2.51,-0.66,-5.13,-2.58,1,-23.7,-4,-1.73,,-6.15,-8.5,-4.83,-35.22,-9.15,-7,-4.91,4.21,0.15,-0.14,-2.41,-6.34,-0.36,0.01,0.22,-13.56,,-6.16,-3,-17.84,,-3,-3.2,-12.7,-2,0,1,-3.04,1.37,-3.34,-5,-4.22,-1.48,,-3,-1,6.7,-18,-2.83,-7.2,-18.67,-3,-12.27,-1.72,-1.98,0.01,,,-6,-1.26,-6,-1,-2.9,7.24,,14,22,13,-6,-1.45
Alabama,Auburn,5,1.61,-3.38,6.62,8.63,4.37,5.45,-8.68,3,10.62,,6.61,-3.5,10.04,-12.11,14.33,8.67,3.7,2.53,5.65,1.08,-1.22,-1.27,-3,5.2,6.6,-10.78,,-1.68,4.87,-10.98,,-1.88,20.94,-9.6,12,3,4,7.22,1.58,11.66,5,6.62,6.13,,7,5,3.2,10,-0.76,7.1,13.21,2,-23.49,3.11,8,5,,,11,2.81,4,10,8.7,6.81,,28,27,13,1,5.5
Arizona St.,UCLA,12,9.27,4.61,13.62,20,13.22,11.35,3.62,14,14.33,,15.02,7,16.87,-0.01,17.15,10.45,10.06,11.64,12.45,12.19,16.81,0.99,5.4,13.14,10.76,1.34,,6.02,11.49,2,,0.36,-5.24,-0.6,12,11,11,5.79,7.06,4.3,14.5,14.44,15.81,,5,12,15.1,15,24.67,18.4,30.88,15,-0.04,-0.14,11.82,18,,,13,9.85,4,14,10.8,6.34,,34,55,13,6,11.69
Arkansas,LSU,3.5,1.97,0.44,8.95,7.94,4.19,5.51,-0.78,5,5,,5.01,-1.5,3.97,-2.66,-0.16,-3.28,2.95,8.19,7.45,2.36,-1.13,-11.22,-0.5,1.29,-0.22,-0.37,,0.62,2.43,-0.9,,0.29,-0.01,-3.9,8,3,0.01,2.48,2.64,6.56,6.5,5.38,3.88,,7,3.5,11.5,2,13.76,9.9,-0.71,11,-11.63,0.82,2.22,5,,,10,6.59,-1,1,-3.2,4.69,,23,31,13,2,3.61
Bowling Green,Western Mich.,-6,-4.87,-6.65,-9.4,-9.26,-7.98,-10.18,-1.3,-5,-3.71,,-10.64,-9,-8.64,7.82,-10.25,-6.73,-5.88,-5.52,-11.15,-5.53,-4.1,4.68,-2.05,-6.67,-2.42,-3.38,,-6.53,-6.38,-2.92,,-4.81,13.07,-14.6,-5,-6,-6,0.4,-3.6,-3.87,-8,-8.2,-10.43,,-6,-6,-11.6,1,-16.79,-11.9,-14.72,-13,-0.92,1.25,-6.22,-12,,,-7,-3.79,-5,-4,-8.1,5.28,,41,7,13,-7,-3.37
California,Washington,7,8.67,6.97,10.43,16.82,10.27,7.78,3.84,10,6.61,,14.73,8,14.49,5.58,16.79,11.93,9.16,7.83,8.85,9.75,12.07,3.08,10.2,12.26,6.71,3.02,,5.42,8,3.48,,2.45,18.59,1.9,11,3,4,8.65,6.84,10.05,8.5,14.59,13.86,,8,7,6.5,16,15.42,15.8,30.77,14,0.17,3.81,9.75,13,,,8,7.73,4,7,7.3,4.36,,16,13,13,7,7.28
Clemson,South Carolina,-2.5,-6.54,-7.5,-5.33,-6.68,-4.44,-3.59,-7.96,-3,-3.04,,-6.93,-6.5,-4.82,-2.8,3.45,-4.35,-4.33,-3.6,-6.65,-10.5,-8.46,-5.19,-5.65,-5.04,-1.26,-8.57,,-7.39,-4.4,-7.75,,-7.75,10.52,-14,-1,-2.5,-5,-0.93,-6.24,-1.74,-4,-4.14,-7.53,,-2,-3,-2.2,1,-5.54,-6.1,-4.14,-7,-3.63,-0.95,-2.41,-7,,,-1,-4.11,-4,1,-4.3,3.64,,29,7,13,-4,-2.45
Connecticut,Cincinnati,2,4.85,4.91,7.78,7.04,1.26,9.22,6.4,7,3.71,,2,6,3.01,-0.67,2.48,4.71,4.44,7.73,7.05,7.94,-1.94,7.75,2.77,3.12,8.49,7.19,,8.32,4.78,8.8,,8.46,-15.66,10.9,6,2.5,9,6.7,7.88,4,-1.5,3.02,0.01,,-1,2.5,10.2,2,-5.72,-0.5,13.75,2,1,6.58,-0.5,2,,,10,3.99,-2,7,4.1,4.94,,17,38,13,10,2.17
Duke,North Carolina,-8,-9.13,-12.48,-10.68,-13.01,-9.45,-9.74,-6.45,-8,-9.53,,-12.62,-14,-12.21,-9.37,-16.72,-15.91,-11.16,-7.67,-10.55,-18.39,-12.19,-10.45,-6.42,-10.8,-5.26,-10.76,,-13.01,-10.78,-11.52,,-10.47,-11.94,-24.2,-10,-14,-9,-6.52,-12.97,-11.6,-8,-10.73,-14.49,,-10,-8.5,-6.5,-17.8,-14.22,-11.8,-17.18,-12,-2.9,-2.4,-11.04,-13,,,-13,-5.52,-10,-21,-13.6,3.88,,24,19,13,-7,-8.37
East Carolina,SMU,0,2.98,3.3,0.27,-1.86,1.58,2.33,4.86,5,0.94,,-1.42,4,1.18,1.28,9.32,1.06,2.37,2.47,-0.45,5.56,1.63,5.95,1.58,1.94,6.69,4.82,,3.7,1.79,6.42,,5.39,8.92,6.8,4,1,3,6.25,4.22,-0.8,0.5,1.64,-0.33,,0.01,0,-1.1,9,-7.2,-2.4,5.12,-6,0.64,7.41,0.71,0.01,,,2,1.46,2,4,-2.3,3.31,,45,38,13,5,0.48
Eastern Mich.,Northern Ill.,-23.5,-19.67,-25.49,-34.89,-26.01,-23.4,-32.23,-14.34,-29,-31.92,,-31.21,-29,-25.41,-16.68,-28.57,-36,-26.61,-23.03,-35.05,-32.75,-36.48,-24.26,-15.98,-26.47,-24.7,-21.49,,-25.99,-25.98,-21.87,,-20.88,-20.72,-43.9,-31,-23,-32,-22.25,-22.94,-26.82,-31.5,-25.98,-33.7,,-18,-23.5,-34.5,-28,-32.65,-32.8,-25.54,-29,-6.16,-11.36,-22.34,-35,,,-37,-18.03,-21,-31,-23,6.90,,71,3,13,-25,-20.42
Florida Intl.,Arkansas St.,5,8.01,8.31,4.48,8.79,5.59,4.18,9.22,11,4.45,,6.4,7,6.95,12.22,5.78,6.71,6.86,7.28,3.25,9.06,2.97,4.01,2.46,8.36,4.33,11.75,,9.1,6.98,12.31,,9.65,7.49,17.1,7,4,5,5.25,8.57,2.87,-0.5,7.06,6.04,,4,5,6.5,1,14.36,8.5,2.64,10,1.48,7.93,4.82,7,,,-2,5.88,-1,7,5.2,3.73,,24,31,13,8,6.56
Florida St.,Florida,2,3.15,3.57,1.21,6.1,2.2,4.41,1.8,6,-2.7,,1.56,7,5.56,2.58,-3.78,1.77,2.75,6.19,1.75,2.92,-1.75,2.42,8.69,3.72,2.01,3.32,,4.05,2.68,5.88,,3.64,-14.56,11.1,2,3,3,-1.63,5.11,-1.54,0.5,2.79,0.78,,-1,2,7.3,14,-3.52,0.9,-15.56,7,-1.11,-0.13,1.94,2,,,5,3.53,-4,1,4.6,4.41,,7,31,13,8,1.9
Fresno St.,Idaho,10.5,5.6,7.77,10.59,6.03,4.86,8.39,7.14,10,8.97,,5.37,5.5,3.97,9.66,6.18,6.33,8.05,6.97,8.35,10.61,14.47,15.38,6.91,8.76,12.05,9.56,,9.43,8.35,8.77,,9.37,5.62,13.7,10,15,9,11.48,9.59,8.27,6,5.53,8.07,,7,10,10.3,5,12.22,5.6,6.58,7,1.75,8.94,8.35,9,,,8,5.29,2,14,3.3,2.60,,20,23,13,,8.56
Georgia,Georgia Tech,13.5,10.84,7.75,11.19,12.47,12.24,11.37,7.94,13,8.78,,16.59,6.5,14.93,1.94,11.71,15.11,10.25,10.91,11.15,15.03,10.57,0.73,7.59,14.24,5.1,7.49,,5.78,10.88,5.59,,7.41,-11.68,4.2,13,15,9,8.6,8.51,8.04,15,16.15,17.85,,7,13,12.7,22,17.15,19.1,26.8,17,1.46,8.52,11.12,19,,,9,11.02,5,14,6.7,5.70,,34,42,13,5,12.85
Kent,Ohio,-3.5,-7.73,-10.92,-10.73,-4.85,-5.6,-12.69,-7.78,-10,-9.26,,-6.98,-12,-7.69,-0.78,-9.51,-13.24,-8.83,-9.59,-13.75,-14.86,-6.01,-15.79,-2.42,-6.44,-10.81,-11.26,,-11.74,-8,-12.53,,-9.43,-6.56,-22.1,-8,-7,-12,-3.71,-10.26,-7.36,-6.5,-5.85,-7.78,,-1,-4.5,-16.6,-3.9,-4.01,-4.1,-7.24,-13,-3.25,-2.5,-5.28,-9,,,-8,-6.83,-6,-7,-10.5,4.48,,6,28,13,-10,-4.71
Louisiana-Monroe,Louisiana-Lafaye,7,7.51,11.58,5.98,9.37,7.63,8.1,10.03,11,4.52,,5.86,15,4.96,15.4,5.45,10.77,8.59,10.09,7.55,9.72,3.18,3.86,4.83,9.74,7.03,14.55,,13.11,7.59,15.82,,15.31,3.54,31.7,7,6,10,4.64,9.98,2.47,4,6.79,8.16,,6,7,12.6,3,7.88,7.3,14.93,9,1.54,7.08,6.75,9,,,5,7.96,-1,10,3,4.93,,23,22,13,11,7.14
Marshall,Tulane,10,5.99,5.53,9.51,3.71,6.56,8.69,4.38,9,11.2,,7.4,5.5,7.66,-0.33,10.86,14.07,7.32,7,8.55,6.64,4.03,10.06,2.03,7.3,7.97,5.53,,6.86,7,6.72,,5.95,17.75,7.5,16,10,8,7.04,6.55,13.34,4,7.1,6.33,,7,9.5,9.7,-17,6.57,6.8,3.04,12,-0.07,4.78,14.97,7,,,12,5.63,6,11,2.2,5.06,,23,38,13,4,8.92
Maryland,NC St.,-2.5,-2.32,-4.32,-4.05,1.21,-4.17,-4.42,-0.95,-1,-6.31,,-3.2,-5,-4.42,0.45,-5.4,-3.24,-3.43,-4.34,-3.85,-9.47,1.4,-2.68,-4.6,-3.49,-4.27,-2.97,,-3.91,-3.88,-2.51,,-2.58,-3.52,-8.6,-2,-3,-5,-1.22,-4.75,-3.66,-4,-4.03,-4.55,,-4,-2.5,-4.6,-1,-1.68,-4.2,-0.1,-2,-1.35,2.18,-5.39,-3,,,-3,-2.88,-5,-4,-7.3,2.08,,31,38,13,-1,-2.71
Memphis,Central Florida,-27,-22.14,-27.54,-35.8,-28.21,-26.26,-26.62,-14.25,-29,-30.16,,-35,-30,-31.25,-35.49,-28.41,-33.82,-27.15,-21.61,-36.35,-32.5,-34.27,-19.4,-17.74,-26.7,-22.55,-22.33,,-27.48,-28.28,-22.28,,-20.4,-15.98,-46.7,-28,-24,-30,-17.87,-23.02,-28.64,-27.5,-31.95,-34.21,,-17,-27,-30.1,-30,-35.35,-35,-36.2,-34,-4.96,-8.09,-20.32,-34,,,-31,-18.96,-18,-34,-22,7.21,,37,17,13,-24,-19.33
Miami (Fla.),South Florida,12,12.25,11.69,13.74,13.8,11.67,14.81,10.38,13,11.86,,12.55,13.5,15.61,8.46,14.35,15.68,12.62,13.75,13.15,23.08,14.26,7.95,6.92,15.53,13.69,12.7,,12.25,13.05,12,,11.12,9.39,21.4,12,10.5,10,9.8,15.39,10.32,9,14.74,15.85,,14,12,13.1,4,22.46,15.6,7.47,15,2.27,6.68,10.6,16,,,16,12.32,6,14,9.1,3.44,,23,20,13,5,13.55
Miami (Ohio),Temple,-6,-6.51,-4.65,-12.77,-3.64,-7.61,-10.69,-1.35,-3,-11.6,,-11.95,-4.5,-11.66,-4.69,-14.7,-14.03,-7.95,-5.59,-13.25,-7.94,-12.42,-5.08,-5.46,-7.09,-5.89,-1.15,,-4.35,-8,-1.35,,0.57,-21.21,-3.2,-8,-6,-8,-7.17,-5.32,-12.27,-14.5,-10.55,-11.7,,-3,-6,-10.8,-8,-11.26,-9.3,-24.56,-10,-1.51,-2.33,-12.45,-11,,,-11,-3.8,-10,-14,-13,4.79,,3,23,13,-4,-7.32
Middle Tenn.,Florida Atlantic,4.5,-1.05,-2.61,7.85,1.65,0.01,6.95,-1.42,2,6.42,,-1.69,-2.5,-0.68,1.04,6.48,0.26,2.49,1.75,8.25,0.5,2.2,4.11,4.09,-0.52,2.88,-3.13,,-3.46,1.7,-4.09,,-2.09,17.92,-7.9,9,6.5,7,4.04,1.33,9.51,-6.5,1.35,-1.1,,7,4,7.5,4,3.06,-1.7,6.05,-1,-1.05,0.12,7.38,0.01,,,11,1.07,3,8,2.8,4.97,,14,38,13,1,4.16
Minnesota,Iowa,-15,-17.49,-16.88,-19.16,-27.67,-16.18,-15.29,-15.12,-22,-19.18,,-19.73,-20,-21.04,-36.3,-19.15,-19.74,-17.88,-12.52,-19.25,-29.81,-22.57,-14.26,-11.4,-14.81,-15.18,-18.32,,-18.37,-18,-19.97,,-15.71,-9.89,-34.7,-16,-14,-14,-9.43,-20.58,-17.72,-12,-19.33,-19.38,,-13,-15,-13.5,-24,-15.24,-19.3,-9.1,-20,-3.43,-0.9,-13.63,-18,,,-17,-14.38,-12,-18,-20.3,5.63,,24,27,13,-19,-16.4
Mississippi,Mississippi St.,-2.5,-10.18,-8.3,-9.13,-12.54,-5.24,-5.44,-13.27,-10,-5.3,,-9.39,-11,-7.29,-8.97,-1.73,-11.08,-6.96,-5.94,-6.95,-20.81,-4.24,-7.18,-5.98,-5.69,-2.98,-12.63,,-8.54,-7.14,-13.52,,-8.73,13.63,-21.7,-5,-1,-8,-3.07,-12.18,-3.85,-8,-7.92,-8.74,,-1,-3.5,-9.5,-13,0.44,-7.1,-13.03,-5,-4.08,0.01,0.36,-8,,,-3,-6.35,-2,-4,-6.6,5.28,,31,23,13,-9,-5.56
Missouri,Kansas,25,26.07,23.8,28.15,32.61,23.85,20.7,18.15,34,20.15,,32.52,30,34.27,27.25,25.3,,25.02,19.23,26.6,35.58,27.05,20.84,20.4,25.85,19.87,23.67,,28.99,23.85,26.83,,23.55,10.1,49.4,23,28,19,12,26.89,22.07,26,30.82,30.89,,18,25,22.2,39,29.89,29.5,33.26,30,2.98,5.46,21.51,31,,,22,19.6,13,18,22,7.27,,7,35,13,20,23.95
Nebraska,Colorado,17,17.1,17.82,17.27,21.76,15.98,17.28,14.46,21,16.03,,19.5,21,19.79,5.84,23.51,24.59,18.55,16.6,16.55,24.14,24.54,17.54,15.07,19.11,12.28,17.21,,19.1,19.3,19.94,,14.26,21.73,27.2,20,24,15,16.24,19.57,19.77,19.5,20.27,21.22,,16,17,14.5,27,25.22,20.4,22.74,21,2.86,14.42,21.85,20,,,22,14.78,12,21,20,4.16,,17,45,13,9,21.32
Nevada,Boise St.,-14,-8.64,-10.58,-16.81,-11.91,-9.79,-18.23,-5.92,-11,-15.34,,-16.25,-10.5,-14.97,-16.55,-13.89,-13.06,-12.49,-14.83,-17.25,-7.36,-18.55,-14.36,-11.5,-10.94,-16.42,-7.32,,-9.01,-13,-6.9,,-4.74,-8.77,-11.5,-13,-15,-16,-9.96,-2.64,-18.48,-14.5,-14.45,-16.65,,-12,-14,-16.5,-11,-22.33,-13,-21.19,-17,-25.18,-5.15,-15.1,-17,,,-14,-6.21,-13,-10,-17.1,4.36,,31,34,13,-6,-11.17
New Mexico,TCU,-44,-39.59,-44.34,-48.4,-46.97,-38.53,-42.73,-31.66,-42,-48.54,,-53.05,-43,-49.44,-42.47,-45.7,-58.29,-43.09,-38.98,-52.75,-53.56,-45.61,-44.59,-33.23,-42.45,-38.9,-42.08,,-44.89,-42.87,-45.52,,-35.42,-39.66,-71.5,-42,-43,-43,-31.36,-35.79,-45.28,-48.5,-48.95,-52.88,,-39,-44,-39.4,-41,-63.91,-52.7,-53.93,-53,-20.74,-15.6,-40.1,-51,,,-46,-34.27,-31,-39,-25,8.74,,66,17,13,-38,-43.2
New Mexico St.,Hawaii,-27,-23.87,-27.23,-33.71,-28.39,-25.41,-30,-16.8,-28,-28.38,,-35.51,-28.5,-31.74,-23.1,-27.41,-32.9,-26.79,-26.91,-34.15,-36.86,-33.76,-26.01,-14.67,-28.15,-21.53,-23.77,,-31.42,-27.32,-24.7,,-20.47,-4.22,-45.9,-27,-26,-31,-19.21,-25.25,-22.41,-31,-31.68,-35.19,,-19,-27,-31.4,-23,-36.38,-35.1,-28.5,-31,-6.08,-12.25,-18.59,-35,,,-30,-21.89,-18,-32,-23,7.13,,59,24,13,-20,-23.63
North Texas,Kansas St.,-14,-22.18,-20.71,-18.64,-9.44,-20.38,-19.83,-22.5,-13,-20.08,,-23.21,-22,-21.94,-47.24,-21.72,-24.86,-19.6,-15.15,-22.05,-33.75,-20.03,-16.91,-6.59,-18.26,-21.23,-30.58,,-21.81,-20.05,-21.99,,-22.7,-13.95,-52.7,-18,-19,-17,-15,-19.57,-11.6,-17,-21.9,-22.39,,-7,-14.5,-15.5,-22,-10.6,-21.1,-36.89,-19,-7.46,-10.02,-14.77,-21,,,-19,-16.77,-12,-31,-18.8,8.36,,49,41,13,-6,-18.38
Ohio St.,Michigan,17,16.46,16.87,21.91,23.86,17.47,20.44,12.99,23,27.1,,22.08,24.5,21.4,10.31,20.6,25.67,20.01,16.57,22.15,19.42,21.06,16.39,18.96,18.46,18.18,14.96,,17.81,20.92,17.18,,13.42,25.57,23,27,19.5,19,19.13,14.99,25.09,21,22.99,20.94,,20,17,20.9,25,29.97,22.2,19.93,24,2.82,11.23,18.33,23,,,22,15.75,12,21,22,4.22,,7,37,13,18,16.83
Oklahoma St.,Oklahoma,2.5,3.21,5.46,-1.22,3.75,2.02,0.4,5.64,6,-6.74,,0.83,3,-0.2,2.92,1.84,-1.78,2.07,4.59,-2.15,5.36,-3.23,8.39,3.5,3.49,1.42,6.94,,4.05,2.01,6.62,,3.78,14.77,1.8,-1,0,1,1.22,4.33,-2.75,5,0.14,2.16,,-2,2.5,0.7,2,4.97,2.1,11.23,4,0.77,8.07,-3.66,1,,,-2,3.87,-4,-1,-0.8,3.88,,47,41,13,7,-0.42
Oregon,Arizona,19.5,18.62,18.25,21,20.88,15.73,16.01,19.99,23,21.94,,22.38,17.5,16.78,18.19,21.52,23.83,18.3,19.9,21.15,13.03,15.67,20.16,15.5,18.99,16.54,21.45,,17.66,18.84,23.48,,14.47,13.9,22.1,21,20,16,16.24,10.66,17.95,23.5,18.04,21.09,,11,19.5,18.7,13,23.79,23.7,36.73,21,25.57,10.91,19.01,22,,,22,16.72,6,17,8.7,3.70,,29,48,13,19,19.88
Penn St.,Michigan St.,-1,-4.85,-7.23,1.99,-8.4,-2.59,3.64,-6.74,-1,4.35,,-3.45,-10.5,-3.14,-9.8,1.45,2.76,-2.06,-1.9,1.95,-6.08,-6.83,-7.88,-11.46,-2.61,5.04,-8.78,,-7.77,-3,-10.37,,-6.21,17.23,-16.8,6,0,-1,3.19,-4.27,6.91,2,-1.79,-3.21,,3,-1,5.7,-7,1.85,-3.6,1.02,-5,-2.68,3.92,3.11,-3,,,8,-3.22,2,4,-3.8,6.23,,28,22,13,-7,-0.26
Pittsburgh,West Va.,3,3.09,0.74,2.59,-1.88,3.95,5.02,2.92,4,5.35,,3.68,-1,3.38,1.58,2.68,3.21,2.33,5.38,4.25,0.11,-2.15,1.49,-0.69,4.3,3.58,1.61,,1.48,3,1.7,,-0.01,10.33,-3.2,6,3,5,3.7,1.67,3.1,3.5,4.51,3.41,,2,3,5.2,-14,0.01,3.6,1.36,5,-0.02,2.63,0.91,4,,,5,4.48,-1,1,1.2,3.76,,35,10,13,1,3.24
Purdue,Indiana,3.5,7.88,6.23,7.82,3.51,4.58,3.8,10.86,6,6.12,,5.19,4.5,4.98,4.82,9.45,10.37,6.05,6.94,7.35,8.97,-0.14,5.7,2.74,6.09,3.91,12.18,,6.6,6.05,9.44,,6.85,9.94,11.7,9,2,8,4.01,6.55,4.33,10,4.07,5.68,,3,4,5.8,-2,10.74,5.7,16.46,8,2.25,3.02,4.31,7,,,8,6.26,3,10,2.2,2.99,,34,31,13,1,7.13
Rice,UAB,-3,2.16,-0.41,1.43,-1.66,-0.91,-0.89,4.42,1,-2.16,,-1.14,-1.5,-0.01,0.96,-4.99,0.01,-0.15,3.01,2.65,-0.94,1.24,0.16,-0.51,-0.35,0.77,2.79,,-1.6,-0.16,1.77,,0.91,-7.93,-1,-1,-4,5,-2.26,0.55,-0.75,3,1.73,-1.33,,-1,-2,6.5,2,-0.53,-2.9,0.9,1,0.57,1.18,-0.16,0.01,,,-2,1.35,-4,1,-3.6,2.51,,23,28,13,-2,-0.16
Rutgers,Louisville,-3,-1.1,-2.73,-7.69,-4.92,-5.12,-5.39,1.94,-3,-2.81,,-7.6,-2.5,-4.97,-1.31,-3.11,-6.98,-3.15,-3.03,-7.15,-1.75,-5.49,4.22,-0.96,-5.02,-0.7,-0.17,,-0.35,-2.91,2.28,,0.84,12.86,-0.6,-2,-1.5,-5,0.25,-1.18,2.38,-1,-5.36,-9.5,,0.01,-3,-10,-4,-15.83,-7.3,-0.43,-10,-0.42,0.86,-2.75,-9,,,-3,-2.53,-2,-7,-2.4,4.42,,40,13,13,-2,-0.63
San Diego St.,UNLV,24,19.3,20.2,23.01,25.64,17.59,18.94,14.67,25,16.26,,23.27,25,24.06,20.46,23.62,20.9,20.36,18.44,23.45,28.97,22.69,17.41,17.01,21.21,18.86,19.45,,21.5,20.72,20.59,,17.89,1.46,32.7,22,23,19,12.16,22.97,15.7,22.5,24.52,22.93,,14,24,20,24,29.23,25.2,41.37,30,3.45,7.45,20.86,23,,,20,16.62,9,17,23,4.92,,14,48,13,23,20.4
San Jose St.,Louisiana Tech,-12,-9.92,-13.8,-14.24,-10.81,-7.19,-12.59,-8.24,-16,-13.3,,-10.43,-13,-11.68,-14.34,-8.41,-13.02,-11.13,-12.08,-13.85,-14.61,-16.92,-10.54,-5.83,-6.69,-11.82,-13.68,,-8.58,-11.1,-18.17,,-8.52,-3.09,-19.6,-9,-14,-15,-9.39,-8.1,-11.32,-9,-10.16,-10.52,,-8,-12,-11.2,-5,-13.07,-9.3,-14.37,-11,-15.07,-7.53,-9.75,-11,,,-10,-8.05,-12,-14,-15.6,3.33,,45,38,13,-12,-10.54
Stanford,Oregon St.,13.5,16.05,18.38,17.44,23.6,13.14,14.01,16.34,20,16.52,,16.44,22,16.43,11.76,11.84,18.01,16.72,15.21,18.25,14.72,17.5,21.79,18.61,16.88,18.9,20.45,,18.53,16.7,22.79,,16.92,-0.21,30.9,15,14.5,13,14.06,14.51,10.8,18.5,15.91,17.02,,12,14,17.1,15,26.21,23.9,5.84,21,14.04,11.25,15.79,18,,,17,13.42,6,14,13.8,5.03,,0,38,13,23,11.09
Syracuse,Boston College,3.5,4.56,2.27,3.81,5.03,1.12,-1.25,2.63,6,-1.41,,3.87,2,6.67,-2.01,-3.88,-0.44,2.02,-1.06,2.05,0.83,-2.41,3.03,6.59,2.96,-0.64,1.29,,3.21,2.8,4.14,,3.57,-6.87,0.6,3,3,0.01,-1.5,3.67,2.54,-1.5,3.27,1.65,,1,3.5,-0.01,3,6.37,3.3,-21.07,4,-0.41,-3.29,4.85,2,,,4,1.82,-3,4,4.1,2.96,,16,7,13,5,3.66
Tennessee,Kentucky,2.5,4.46,2.19,8.76,1.76,2.89,2.38,2.87,3,5.14,,4.85,1.5,6.28,2.87,1.54,8.58,3.34,2.19,9.85,1.67,1.41,2.64,-4.12,3.11,6.13,4.37,,2.25,2.95,3.34,,3.64,1.01,5.2,8,3.5,2,4.17,3.01,5.4,3.5,5.8,1.22,,1,2.5,10.5,-2,0.49,-0.8,10.98,3,-0.05,3.01,4.2,3,,,6,2.88,1,4,1.4,2.98,,14,24,13,-2,2.65
Texas,Texas A&M,-3,-8.74,-10.97,-7.73,-11.22,-9.29,-6.91,-7.57,-9,0.28,,-11.52,-12.5,-10.04,-3.55,-1.47,-4.82,-6.97,-11.26,-8.25,-13.25,-0.49,-2.95,-4.99,-8.31,-5.71,-11.76,,-12.66,-8.97,-11.84,,-8.94,26.32,-23.8,-2,-4.5,-11,1.2,-9.91,4.47,-11,-10.43,-10.23,,2,-3.5,-10.6,-11,-2.04,-9.3,-22.83,-7,-2.9,2.74,-2.49,-11,,,-10,-8.3,1,3,-11.1,7.29,,24,17,13,-14,-4.34
Texas Tech,Houston,9,11.78,10.92,6.29,7.28,8.27,7.47,15.67,9,9.17,,6.95,13.5,7.98,21.1,12.19,13.82,9.88,7.87,8.75,18.25,11.4,7.35,0.88,7.67,12.96,20.33,,13.12,9,15.85,,16.29,-0.94,29.4,9,10,9,8.55,13.91,5.66,1,8.87,4.53,,8,9,6.1,8,12.18,10,5.22,9,3.65,8.96,11.01,5,,,13,7.86,1,14,2.8,5.41,,20,35,13,1,9.16
Toledo,Central Mich.,3.5,12.79,14.82,3.4,12.32,6.65,2.32,18.53,12,-0.14,,6.03,14,7.06,10.99,-0.29,7.77,7.96,10.67,2.95,17.28,8.13,14.45,3.98,8.51,4.08,21.45,,16.33,7.03,22.34,,18.45,-11.41,34.8,0.01,6,7,1.36,14.93,-1.33,6.5,9.09,5.94,,2,4,2.3,6,12.05,3.9,-12.51,9,4.83,5.04,-3.93,6,,,-1,11.43,-1,-1,2,7.89,,31,42,13,14,4.18
Troy St.,Western Kentucky,13,11.73,13.51,7.79,8.69,8.31,7.91,11.6,13,12.36,,10.21,20,11.96,14.75,12.48,16.82,12.27,7.15,6.55,13,16.82,20.84,10.04,12.35,6.26,16.37,,15.71,12,17.79,,15.1,35.34,30.5,13,14,2,12.68,12.11,,,12.45,10.32,,13,13,5.3,4,6.33,8,-1.81,11,1.94,11.41,13.6,9,,,11,8.51,8,14,13.2,6.01,,14,28,13,11,13.67
Tulsa,Southern Miss.,3.5,4.91,2.79,1.63,3.73,3.61,-2.32,4.65,4,4.54,,4.84,4,5.18,0.67,2.83,3.84,2.64,0.1,2.35,3.94,-1.3,1.68,3.82,3.69,2.96,4.66,,3.14,3.07,4.86,,2.94,-8.17,2.8,1,3.5,0.01,6.61,3.61,3.2,7,5.58,3.32,,3,3.5,-3.3,1,2.27,1.1,0.6,0,0.15,5.68,4.14,3,,,7,2.53,1,-1,2.4,2.68,,50,56,13,5,4.48
USC,Notre Dame,4,9.34,6.54,1.06,4.91,5.82,-0.97,10.88,11,2.76,,10.05,4,7.27,11.43,2.26,9.51,6.31,5.59,-1.35,9.53,2.88,7.67,7.35,10.47,10.15,10.56,,5.42,7,8.74,,6.43,11.07,11.8,6,4,-2,7.05,6.88,3.39,-2.5,8.61,9.56,,9,4.5,-6.8,3,6.72,8.3,0.16,8,1.99,8.29,9.99,10,,,4,7.18,1,7,0.2,4.21,,20,16,13,7,10.14
Utah,BYU,9,13.48,13.01,7.15,14.81,13.73,6.6,11.73,19,10.6,,15.34,15.5,15.38,3.6,11.65,15.39,11.86,11.52,7.65,19.47,2.5,16.62,11.14,14.6,10.85,13.52,,15.83,12.59,15.98,,13.77,3.65,22,8,10,5,8.77,15.95,7.72,16,13.94,15.55,,10,9.5,1.9,21,8.33,16.5,19.3,16,2.43,4.74,11.43,14,,,11,12.25,5,13,10.7,4.82,,16,17,13,12,12.93
Vanderbilt,Wake Forest,5,6.2,5.34,6.14,5.87,4.64,4.44,6.56,7,3.54,,6.74,2,5.85,-0.56,3.96,4.31,4.33,4.19,7.25,6.47,3.08,-2.22,6.28,6.54,4.08,6.71,,4.93,4.95,6.62,,7.06,-6.23,1.2,6,4.5,4,1.93,4.79,1.96,10,6.12,7.88,,4,5,3.3,-11,5.85,8.3,22.02,8,1.33,0.82,4.98,8,,,4,5.67,-1,14,-0.9,3.66,,34,13,13,1,6.69
Virginia Tech,Virginia,23,20.95,30.02,29.07,24.65,23.12,29.5,18.78,24,29.66,,23.73,26.5,24.41,11.6,26.85,32.63,25.19,28.85,29.65,38.69,20.23,25.73,24.36,27.07,24.46,23.82,,27.86,25,27.91,,24.6,26.15,44.9,28,21.5,25,21.81,28.14,29.44,28.5,25.1,28.27,,21,23,29.6,23,24.4,21.7,25.72,28,16.69,13.17,19.2,29,,,31,20.07,16,28,22,5.20,,7,37,13,19,25.45
Wisconsin,Northwestern,23,18.83,20.72,24.59,18.48,16.96,20.38,19,23,21.26,,22.5,21,18.68,15.78,18.35,25.73,20.21,21.79,25.55,28.17,29.05,16.82,25.27,20.47,19.37,22.18,,18.7,20.51,22.66,,16.71,9.85,31.3,23,24.5,21,14.12,19.91,19.36,20.5,18.66,23.1,,17,22.5,25,-1,29.92,24.3,21.74,27,4.21,9.13,21.09,26,,,24,18.53,10,20,16.3,5.31,,23,70,13,17,20.54
Arizona,Arizona St.,5.5,6.39,8.66,2.88,8.46,2.13,2.67,7.7,6,0.37,10,3.41,9.5,4.28,1.62,8.73,7.84,6.07,0.88,2.65,11.81,3.63,10.66,10.21,4.63,3.34,10.52,,7.88,4.81,10.94,,12.09,18.22,20.5,4,5.5,1,2.52,10.84,8.42,2,4.96,2.76,,11,5.5,-1.2,,8.56,3.5,0.53,3,0.78,4.66,3.12,2,,,5,2.79,4,7,5.1,4.44,,30,29,14,8,3.84
Boise St.,Utah St.,37.5,31.74,35.65,52.04,40.68,37.52,45.77,25.43,38,47.58,36,48.19,33.5,41.05,17.56,42.16,53.91,38.39,37.94,50.05,46.64,36.66,38.11,28.66,38.98,38.52,29.15,,36.13,38.06,32.59,,26.63,32.68,50,47,43,42,33.13,33.4,45.82,44.5,46.39,47.46,,34,37.5,46,,62.74,45.6,42.8,52,6.28,18.69,40.49,49,,,50,30.21,25,38,24,9.61,,14,50,14,29,36.79
Central Florida,SMU,9,6.86,8.82,16.24,9.91,9.42,12.83,3.31,12,12.54,10,12.09,8,10.63,-0.65,11.49,12.73,9.24,9.7,16.15,8.61,6.03,7.83,10.01,6.23,6.74,4.64,,6.26,9.56,5.09,,5.95,8.01,6.4,15,9,14,8.28,10.01,10.09,9,12.03,11.08,,5,9,16,,6.07,11.7,8.91,,0.18,4.02,3.68,10,,,16,7.58,4,11,9.3,3.83,,7,17,14,9,8.73
Cincinnati,Pittsburgh,2,-3.5,-4.52,-3.21,-4.09,-4.36,-4.1,-2.76,-4,-4.96,-4,-3.54,-5,-4.9,-1.27,-2.91,-3.17,-3.24,-4.28,-3.95,-8.75,3.6,-0.61,-0.5,-4,-1.8,-3.04,,-6.58,-3.58,-3.61,,-3.21,11.07,-10.4,-1,-1,-4,-3.29,-5.92,-0.62,-2.5,-3.4,-5.12,,2,0.5,-3.5,,0.81,-1.1,-2.19,-3,-1.2,-1.63,0.01,-5,,,-2,-4.48,-3,-7,-8.3,3.34,,28,10,14,-6,-2.47
Florida Atlantic,Troy St.,-5,-3.2,-4.56,-7.43,-2.51,-4.76,-7.6,-0.68,-2,-3.4,-5,-4.32,-7,-5.73,0.47,-4.52,-4.67,-4.74,-2.86,-8.25,-4.44,-7.01,-6.75,-1.66,-3.95,-1.09,-2.08,,-5.14,-4.54,-1.95,,-2.65,-14.06,-10.6,-3,-4.5,-4,-0.72,-2.92,-5.07,-1,-6.41,-5.6,,-5,-5,-8.7,,-12.49,-0.2,-2.31,-5,-0.69,1.96,-3.72,-5,,,-5,-2.74,-7,-4,-11.2,3.15,,44,7,14,-1,-3.88
Florida Intl.,Middle Tenn.,5,12.65,12.42,8.59,11.26,13.03,6.45,11.18,14,7.6,14,15.92,13,14.24,1.91,8.4,10.26,9.64,10.84,8.15,12.89,-0.8,2.99,4.91,14.73,6.24,13.11,,14.85,10.77,14.12,,12.44,-12.49,23,7,4.5,9,8.25,11.33,0.95,11,14.83,14.19,,3,6,10.2,,17.72,13.7,14.22,14,1.61,8.91,4.92,14,,,-5,10.2,1,10,10.6,6.08,,28,27,14,7,10.71
Fresno St.,Illinois,-5.5,-4.25,-2.5,-8.78,-6.15,-7.62,-9.36,-1.14,-2,-8.33,-4,-9.12,-4,-7.61,-5.98,-7.3,-10.06,-4.52,-4.68,-11.75,-8.75,-8.75,3.19,-0.62,-5.02,-3.82,-0.12,,-2.34,-5.41,-0.23,,-1.11,16.79,-0.5,-7,-4,-7,-1.84,-3.07,0.36,-7,-9.3,-10.28,,-1,-5.5,-5.8,,-7.47,-9.7,-8.79,-4,-1.66,4.65,0.99,-10,,,-8,-3.21,-5,-10,-8.1,5.07,,23,25,14,5,-6.75
Hawaii,UNLV,35,23.29,27.06,30.45,34.06,23.2,26.17,19.46,34,23.43,31,30.74,28.5,27.2,19.14,29.67,26.96,25.68,23.92,28.55,39,30.08,22.35,20.94,27.05,19.25,24.34,,27.46,27,25.76,,23.76,4,42.6,27,30,27,14.85,29.32,20.91,28,29.84,30.32,,19,33.5,27,,45.86,31.2,50.91,36,4.61,6.27,22.52,32,,,27,19.52,10,28,22,6.92,,21,59,14,24,23.22
Idaho,San Jose St.,14,16.94,18.26,16.74,20,13.01,13.69,16.5,26,11.72,19,16.64,19.5,17.47,8.65,14.05,17.78,15.99,17.71,14.75,18.17,12.07,16.76,12.54,12.34,14.4,18.06,,12.72,15.83,25.2,,14.54,17.66,25.8,15,13,14,12.79,14.29,17.06,12,18.25,13.14,,15,14,14.9,,15.96,15.7,1.47,19,14.81,13.85,16.38,14,,,17,15.04,9,15,14.3,3.49,,23,26,14,13,16.79
Louisiana Tech,Nevada,-8,-14.07,-17.6,-17.44,-18.27,-12.9,-15.7,-15.22,-15,-15.56,-19,-17.53,-23,-12.91,-13.53,-4.19,-22.99,-15.71,-14.7,-20.05,-26.19,-14.65,-21.68,-10.84,-14.06,-14.49,-16.41,,-16.47,-15.22,-18.76,,-13.06,-12.29,-30.1,-16,-14,-15,-11.96,-17.21,-15.23,-15,-16.14,-18.1,,-13,-9.5,-13.9,,-23.05,-19.4,-15.09,-21,-4.96,-8.35,-10.62,-17,,,-14,-11.6,-9,-14,-18.2,4.29,,35,17,14,,-15.06
Northern Ill.,Miami (Ohio),17.5,11.9,12.53,26.2,12.89,16.87,19.62,6.89,19,20.74,14,15.83,11,16.98,9.56,19.76,,15.7,15.27,26.5,21.58,25.92,6.78,10.54,17.96,12.5,6.72,,10.05,15.83,7.32,,6.15,14.79,11.2,20,14.5,21,11.13,14.09,17.42,25,19.16,25.65,,10,17.5,18.6,,27.07,20.5,39.26,,1.99,1.51,15.9,28,,,24,11.11,12,18,16.2,6.46,,26,21,14,7,14.75
Oklahoma,Nebraska,4.5,2.29,2.61,8.16,-0.43,2.47,2.77,1.42,4,11.56,4,3.49,5,3.11,-0.73,-4.6,6.67,3.17,-0.64,7.1,2.53,7.01,0.97,5.5,1.28,4.63,3.08,,3.11,3.07,2.57,,3.07,-4.01,10.6,6,4.5,0.01,6.24,1.68,5.16,3.5,3.19,1.3,,6,4.5,6.4,,12.49,3.2,-2.58,,0.19,0.93,3.71,4,,,6,0.01,1,-3,-2.2,3.74,,20,23,14,1,-0.78
Oregon St.,Oregon,-16.5,-13.69,-19.64,-17.73,-27.33,-13.09,-11.84,-13.99,-17,-18.64,-25,-19.03,-22.5,-13.52,-19.02,-12.33,-18.66,-16.88,-15.66,-19.15,-13.08,-18.1,-25.4,-17.16,-15.89,-14.99,-20.76,,-18.57,-15.88,-23.46,,-14.6,-3.34,-31.9,-13,-16,-15,-13.7,-11.21,-12.85,-18,-15.04,-19.43,,-12,-16.5,-12.5,,-24.75,-29.4,-16.49,-19,-26.23,-8.77,-15.86,-19,,,-12,-13.56,-9,-11,-15.4,5.64,,37,20,14,-20,-11.81
South Carolina,Auburn,-5.5,-6,-11.05,-1.02,-4.71,-2.3,-3.78,-15.34,-5,-5.36,-11,-2.42,-14,0.01,-13.13,2.08,,-5.74,-2.75,-3.5,-5.72,-6.98,-18.7,-10,-2.75,-2.52,-21.44,,-9.2,-3.59,-22.13,,-9.29,1.13,-21,0.01,-7,-3,-5.12,-4.39,-0.91,1,-3.14,-1.72,,-3,-5.5,-2.3,,-6.63,-5.1,6.56,-6,-11.86,-4.89,-0.96,-2,,,-1,-2.98,-1,-7,3.1,6.07,,56,17,14,-9,-3.59
South Florida,Connecticut,1.5,3.5,3.37,-0.19,0.16,2.33,-0.34,3.72,5,-3.63,3,3.06,2,3.27,-0.2,4.77,4.97,1.87,2.36,0.25,2.08,-2.48,2.87,2.99,3.87,-0.35,3.45,,1.93,2.94,3.96,,3.5,4.6,4.2,3,1.5,2,-0.21,3.08,0.6,6,3.45,3.65,,2,1.5,-0.6,,4.3,2.3,14.12,4,0.24,3.2,5.51,-4,,,-9,2.88,-2,1,0.9,2.73,,19,16,14,4,3.51
UCLA,USC,-6,-5.62,-7.23,-5.78,-14.2,-8.21,-6.85,-2.78,-6,-11.38,-8,-9.2,-12,-8.64,-2.8,-9.78,-8.46,-7.06,-3.09,-6.75,-15.53,-9.57,0.01,-6.57,-7.16,-5.64,-4.06,,-9.16,-6.74,-4.87,,-5.44,-6.73,-15.2,-6,-7,-4,-7.44,-9.38,-3.73,-5.5,-7.79,-9.85,,-6,-6,-3.9,,-13.85,-11.5,-2.52,-7,-1.08,-3.5,-6.53,-10,,,-4,-3.99,-9,-1,-12.2,4.22,,28,14,14,-7,-5.1
Virginia Tech,Florida St.,4,0.21,5.72,3.66,1.04,1.54,4.57,0.55,-1,10.05,-0.25,-0.3,1,-0.43,0.64,3.76,-0.46,2.97,7.5,3,1.81,2.4,4.75,7,,5.61,-0.68,,2.57,2.57,1.89,,-0.01,11.66,-1.5,1,4,5,6.1,1.68,6.43,5.5,1.25,4.01,,3,4,4.6,,3.36,1.4,2.53,,1.14,2.15,-0.01,4,,,5,1.66,4,-1,2.2,3.01,,33,44,14,5,3.95
Washington St.,Washington,-5.5,-4.69,-8.75,-3.22,-10.3,-5.83,-4.2,-6.06,-4,-2.98,-9,-4.13,-8,-3.57,-8.07,-8.7,-12.39,-6.67,-2.62,-2.95,-14.72,-1.76,-16.14,-2.83,-2.74,-10.86,-8.07,,-8.83,-6.14,-9.61,,-9.92,-9.7,-23,-8,-10,-6,-1.3,-9.8,-8.06,-7,-3.55,-3.69,,-10,-5.5,2.1,,-1.05,-4.3,-10.58,-4,-2.27,0.39,-6.21,-1,,,-9,-3.55,-7,-18,-4.5,4.30,,35,28,14,-7,-7.36
West Va.,Rutgers,21,19.32,21.12,27.99,27.34,20.53,25.19,17.33,27,23.23,18,24.69,19,22.65,4.98,16.19,29.78,21.32,21.53,27.45,33.33,23.68,12.4,14.06,22.18,18.57,20.52,,21.83,21.11,20.31,,21.11,8.71,40,22,21,21,19.25,25.95,18.66,19.5,23.9,24.23,,16,21,33.7,,35.45,21.4,24.87,32,2.77,15.26,19.73,27,,,24,18.83,8,21,13.2,6.15,,14,35,14,17,20.46
Army,Navy,-7.5,-6.47,-7.44,-7.53,-2.94,-5.16,-8.78,-7.09,-8,-13.93,-9,-7.31,-10.5,-5.83,-3.51,-18.47,-16.22,-8.46,-4.46,-9.15,-17.67,-14.52,-13.56,-0.01,-9.11,-9.33,-7.84,,-7.95,-7.9,-6.94,,-6.91,-12.59,-17.7,-6,-9,-7,-9.43,-9.16,-10.2,-8.5,-5.19,-8,,-4,-7.5,-7.3,,-11.91,-6.2,-16.24,-16,-2,-4.94,-12.33,-14,,,-13,-3.73,-8,-10,-5.2,3.87,,31,17,15,,-8.73
Air Force,Georgia Tech,2.5,6.32,8.13,1.29,8.37,5.13,0.98,8.82,5,-1.04,8,6.67,10,3.7,0.82,0.28,,4.58,6.19,4.6,14.25,5.13,3.83,4.61,6.16,-3.33,9.93,,9.25,4.61,10.36,,6.99,-13.29,19.8,2,2.5,1,-1.12,10.61,-0.19,7,4.3,5.59,,2,2.5,3.4,,2.4,7.3,4.44,11,1.02,-1.2,-0.27,4,,,4,6.08,1,-1,2.7,4.91,,7,14,19,6,3.29
Alabama,Michigan St.,10,8.09,2.51,13.67,10.71,8.46,16.26,2.72,6,15.33,3,13.38,1.5,12.99,4.08,19.95,13.96,9.31,7.26,14.4,5.19,6.84,0.21,-1,10.53,12.67,1.21,,1.22,10.05,-1.43,,-3.28,27.4,-5.4,19,7,9,10.3,1.56,17.06,8,11.85,14.39,,9,10,14.7,,19.58,14.9,18.48,13,0.61,5.26,12.22,17,,,15,6.52,10,17,10.1,7.12,,7,49,19,5,9.42
Auburn,Oregon,2.5,-2.21,0.01,-2.25,-8.06,-7.05,5.28,5.34,-4,1,-5,-12.63,1.5,-7.08,-2.42,-8.86,,-1.59,-9.37,-0.4,-0.25,65.48,2.23,0.01,-8.61,-0.71,5.58,,0.2,-2.42,7.23,,2.1,-9.4,3.1,-5,1.5,-1,-0.05,-0.1,-5.5,-7,-9.06,-14.46,,-5,1.5,4.1,,-3.7,-10.2,-6.41,-3,-6.82,-1.1,-7.56,-8,,,-5,-5.9,-2,-3,-3.6,11.30,,19,22,19,1,-6.39
BYU,UTEP,11.5,11.76,10.74,16.61,7.62,12.46,13.87,12.06,10,22.95,8,16.69,8,11.49,11.31,17.45,,12.74,10.63,16.1,20.31,14.17,7.13,0.94,13.01,11.63,12.23,,9.65,12.06,10.66,,7.97,28.64,21,17,9.5,15,16.07,11.16,16.08,7.5,13.52,15.51,,12,11.5,13.3,,20.08,12.2,21.28,14,1.98,9.2,12.61,16,,,15,8.07,8,21,1.1,4.77,,24,52,19,6,11.17
Baylor,Illinois,1,2.21,1.46,-4.34,-3.89,-5.27,-3.66,6.99,-3,-6.54,-1,-5.63,0.5,-2.74,4.03,-2.12,-3.5,-0.83,-4.77,-3.1,4.67,-2.21,3.36,-0.4,-3.63,4.12,7.34,,-0.27,-1.82,5.06,,2.31,4.65,7.2,-1,2,0.01,-0.66,2.22,-1.9,-4,-5.03,-7.43,,1,1,-7.2,,-2.62,-1.8,1.49,-2,0.76,5.23,-0.89,-5,,,-1,-1.84,-2,1,-4,3.83,,38,14,19,1,-2.27
Boise St.,Utah,17,7.76,10.08,16.93,15.55,12.11,15.76,3.09,7,24.03,12,18.02,14.5,14.37,6.56,13.82,,12.92,15.64,15.8,9.58,19.91,6.37,12.75,13.43,9.11,4.58,,9,13.86,5.47,,4.68,5.96,8.5,14,15,15,12.82,5.55,18.6,18,19.37,19.21,,14,17,16.9,,26,14.8,18.05,20,0.95,1.61,16.44,20,,,18,10.87,10,18,11.7,5.57,,3,26,19,6,13.86
Clemson,South Florida,5.5,4.48,4.03,1.47,3.47,5.39,2.34,3.74,2,1.14,3,5.32,3.5,5.55,2.43,6.26,4.42,4.13,4.38,0.8,8.92,5.99,-0.79,2.4,8.18,2.91,4.12,,2.09,3.87,2.05,,2.31,4.86,6.6,0.01,4.5,-1,1.86,3.65,1.74,5.5,6.04,9.14,,4,5.5,-1,,9.72,7.1,7.87,5,0.5,2.57,6.53,9,,,4,6.3,3,7,2.3,2.58,,31,26,19,2,5.52
Florida,Penn St.,7,5.87,3.49,8.13,7.34,6.82,2.7,3.12,4,-2.63,4,9.3,3,8.95,-1.8,7.19,12.12,5.78,2.91,6.6,8.06,4.39,2.2,3.67,6.97,6.66,2.98,,3.39,5,1.91,,0.77,8.79,2,9,5,3,0.51,4.43,5.58,4.5,8.87,9.21,,5,7,3.8,,12.48,9.5,7.32,8,0.27,3.64,7.81,12,,,10,4.45,5,11,4.6,3.23,,24,37,19,3,6.73
Fresno St.,Northern Ill.,-1,-0.88,-1.61,-14.06,-10.71,-4.55,-7.53,3.54,-11,-12.36,-6,-7.55,-3.5,-5.49,9.21,-3.15,-8.67,-4.58,-8.37,-13.5,0.58,1.01,-0.31,-6.2,-5.06,0.18,4.53,,-1.41,-4.78,2.81,,2.72,9.72,8.1,-13,-3,-11,-5.41,-2.64,-7.13,-14.5,-5.02,-13.23,,-4,-1.5,-6.6,,-9.68,-11.7,-8.1,-6,-0.84,1.54,-2.58,-10,,,-15,-2.78,-6,-4,-6.7,6.49,,40,17,19,-4,-2.55
Georgia,Central Florida,6.5,2.57,-2.36,4.18,0.8,4.94,8.53,0.8,1,6.7,-1,7.37,-4,5.07,3.86,9.8,7.59,3.92,5.17,5,2.14,8.98,-4.33,-2.81,5.33,8.82,0.21,,-2.92,5.04,-3.43,,-1.33,5.79,-5.7,8,6,6,6.3,-2.19,4.14,3,6.78,8.14,,8,6.5,7,,10.64,7.2,19.81,6,0.79,5.9,6.47,8,,,4,4.13,4,21,-0.9,4.57,,10,6,19,-6,6.49
Hawaii,Tulsa,10,5.69,5.83,6.9,6.46,8.26,4.69,3.96,13,3.41,13,11.11,10.5,7.37,7.06,0.17,9.63,6.72,6.6,4.7,7.25,8.57,0.96,2.5,9.3,2.73,4.87,,4.81,5.91,3.56,,3.42,3.44,9.7,6,8,4,1.99,5.39,5.66,5.5,7.95,9.85,,3,9.5,5,,18.68,10.8,15.4,17,0.8,0.57,10.62,14,,,9,4.94,1,10,3.9,3.60,,62,35,19,3,7.02
Iowa,Missouri,-2.5,-9.19,-10.1,0.12,-2.59,-4.75,-3.36,-12.57,-6,-0.34,-8,-4.85,-11,-4.92,-2.29,-0.53,,-4.96,-4.56,-2.4,-8.42,2.29,-10.26,-7,-4.16,-6.47,-14.19,,-12.47,-4.34,-13.99,,-10.83,10.49,-26.9,-1,-3,-5,-1.33,-6.94,2.25,-3,-5.05,-1.57,,-1,-2.5,-6.2,,-1.06,-3.5,9.25,-4,-1.83,-2.33,-2.84,-4,,,-14,-4.34,1,6,-2.5,5.91,,24,27,19,-2,-1.83
LSU,Texas A&M,0,1.41,2.23,0.51,-3.26,-2.35,1.35,2.9,1,0.76,3,-1.92,3.5,0.47,4.78,11.36,,1.43,-0.59,0.01,2.89,-1.03,9.05,6,1.27,3.62,1.96,,0.21,1.27,4.22,,1.96,13.76,1.6,0.01,2.5,0.01,2.92,1.27,2.42,0,-1.78,1.52,,-2,0,-3.4,,-4.6,-3.5,2,-1,1.07,5.07,-1.3,3,,,-4,-1.18,6,6,3.5,3.88,,24,41,19,-1,0.32
Maryland,East Carolina,7.5,8.16,7.73,17.58,15.51,9.24,16.16,5.11,10,19.66,22,15,14,11.16,3.78,4.84,15.04,10.79,13.46,19.1,16.14,10.19,8.63,4.63,10.97,17.29,5.54,,6.96,11.39,5.1,,6.36,-21.24,14.1,13,8,16,12.05,11.62,4.91,7,11.84,14.87,,5,7.5,19.3,,19.3,12.8,22.99,15,0.83,4.44,6.44,17,,,16,8.94,2,7,12.2,6.96,,20,51,19,8,7.5
Miami (Fla.),Notre Dame,2.5,-0.99,-2.66,0.15,2.79,-0.77,1.71,-2.96,-2,-1.71,-0.25,0.54,-1.5,2.05,-0.65,2.79,,0.24,-3.23,-1.2,-2.44,-1,-1.09,-0.16,0.8,0.5,-5.31,,-2.43,-0.25,-3.33,,-3.14,10.39,-7.3,3,0,-3,0.19,-2.03,4.78,-2,0.49,0.68,,6,2,-2.4,,3.38,2.6,-2.74,0,-0.59,2.09,5.06,-1,,,4,-0.77,1,3,1.6,3.17,,33,17,19,-3,1.88
Miami (Ohio),Middle Tenn.,0,12.33,10.6,6.33,7.66,5.99,5.44,17.45,8,5.89,8,6.31,11,7.56,13.39,1.3,,6.85,5.47,6.6,15.36,4.07,12.46,-0.71,4.93,8.43,17.97,,13.33,6.33,17.31,,14.46,-25.86,28.5,3,3,9,3.84,11.51,-1.72,4,5.5,2.71,,2,1,8.8,,5.74,8.4,15.91,6,2.51,1.79,-1.88,3,,,6,7.97,-1,1,3.1,7.50,,21,35,19,4,3.25
Mississippi St.,Michigan,5,5.77,5,5.9,8.42,3.44,8.26,7,6,11.33,7,5.07,5.5,4.9,2.6,4.19,5.57,5.89,5.96,5.5,9.19,6.49,4.62,6.96,5.39,9.12,6.29,,4.01,5.76,5.75,,2.31,7.99,5.3,10,5,8,8.23,5.84,5.89,3,6.34,5.52,,2,5,11.1,,4.84,6.3,9.62,7,1.43,5.14,0.69,8,,,3,4.8,1,7,4.3,2.23,,14,52,19,4,3.55
Nebraska,Washington,14,10.85,11.42,12.59,21.97,13.3,16.4,8.2,10,15,14,13.13,16,13.15,0.01,19.08,,12.71,8.55,16,12.36,10.92,11.36,15.03,11.16,8.68,8.86,,14.44,12.59,10.25,,9.99,11.78,16.8,15,14,11,10.02,11.5,16.15,16,14.13,14.13,,11,14,12.4,,15.9,19,9.62,13,1.9,5.04,13.68,13,,,15,9.08,10,18,15.4,3.82,,19,7,19,8,12.12
Nevada,Boston College,7.5,12.1,15.49,14.09,14.11,12.21,8.24,12.49,16,5.63,13,16.84,16.5,11.75,7.48,6.92,15.91,11.97,10.02,12,19.31,7.58,12.9,12.59,13.89,4.22,14.53,,14.57,12.16,16.7,,13.07,-2.07,24.2,11,9,7,3.68,13.42,13.16,18.5,14.08,15.4,,9,8.5,8.9,,26.52,16,15.26,16,2.38,1.73,11.25,15,,,9,10.25,5,10,9.5,4.96,,13,20,19,8,11.04
Ohio St.,Arkansas,3.5,-1.69,0.7,5.37,5.62,4.52,1.48,-7.97,8,5.83,7,6.21,4,4.17,-7.85,7.41,,3,-0.39,4.8,-0.19,7.46,0.93,3.5,2.23,-1.04,-6.74,,3.21,4,-4.32,,0.49,8.68,-1.2,5,2.5,3,3.69,0.52,7.54,9,5.39,5.4,,4,3.5,4.3,,4.12,3.3,1.34,1,-1.15,1.55,4.79,3,,,6,0.01,5,4,6.2,4.05,,26,31,19,3,2.59
Oklahoma,Connecticut,16.5,18.08,19.18,12.72,14.23,16.19,11.91,20.47,18,14.47,17,17.87,20.5,15.74,7.99,16.45,21.75,15.96,12.97,15.2,21.75,13.9,15.12,16.68,17.72,11.19,22.69,,17.28,15.65,21.42,,16.7,0.98,40.3,15,17,8,11.14,14.32,12.01,15,18.57,20.6,,17,16.5,11.6,,32.72,20.6,42.44,18,3.85,7.81,15.49,19,,,16,13.89,9,14,9.1,6.15,,20,48,19,8,14.21
Oklahoma St.,Arizona,5,5.13,9.16,5.97,6.5,4.63,9.7,9.24,6,13.49,10,2.68,12.5,0.14,-0.42,3.26,6.52,6.37,1.35,8.7,5.94,9.03,11.93,5.93,2.03,4.73,11.23,,12.32,5.95,12.36,,10.9,1.8,19.6,9,7,4,8.75,6.49,6.54,8.5,1.52,0.38,,2,5,9.1,,8.6,4.9,4.36,4,1.45,4,1.48,2,,,4,2.83,3,1,2.1,4.67,,10,36,19,11,1.29
Pittsburgh,Kentucky,3.5,5.47,4.21,7.84,3.15,6.32,2.22,3.31,5,5.61,7,7.06,6,8.58,3.06,5.92,,5.54,0.15,8.3,7.28,4.9,1.65,0.25,3.78,3.26,3.19,,7.11,5.17,5.17,,2.86,11.31,11,5,3,7,3.51,7.49,9.4,8.5,6.72,2.43,,3,3.5,8.8,,7.56,1.4,8.09,6,-0.27,1.41,8.72,4,,,7,4.56,4,4,10.6,2.80,,10,27,19,2,3.99
SMU,Army,7,3.84,5.18,1.6,-0.75,2.12,-0.26,5.75,7,6.75,6,3.1,6,1.94,1.32,3.14,3.26,4.02,0.21,1.5,7.64,-0.01,5.6,-0.8,2.14,5.25,6.63,,5.79,3.71,4.82,,4.47,14.7,10,2,7.5,0.01,5.24,3.68,6.93,4,2.33,2.12,,5,6.5,0.01,,14.97,2.8,9.92,7,1.14,3.74,10.07,1,,,4,1.4,4,4,-0.2,3.52,,16,14,19,4,8.17
San Diego St.,Navy,4.5,0.12,-0.79,0.12,-1.74,0.52,-3.44,-0.01,4,-1.36,2,0.68,2,0.33,0.24,-11.76,-2.69,-0.02,0.3,1.8,-2.03,-3.8,-2.74,0.7,-0.01,4.42,1.14,,-1.79,0.06,-0.31,,-1.89,-16.33,0.7,0.01,2.5,0.01,-1.13,-0.97,0.52,-5,1.91,-0.45,,1,3.5,1.3,,14.37,2.6,-6.84,4,0.21,-0.9,7.04,-1,,,3,-0.62,-3,-1,0.2,4.32,,14,35,19,-4,4.75
South Carolina,Florida St.,3,2.4,2.07,-3.06,0.11,0.27,-3.74,5.63,2,-0.4,-1,-0.01,1.5,-2.24,11.32,-5.76,-2.12,0.61,3.24,-5.1,1.44,-1.71,2.23,0.5,1.79,0.01,5.06,,1.69,0.33,5.31,,2.79,-0.24,1.8,-3,2.5,0.01,-0.16,0.89,-0.01,3,-1.07,4.06,,2,3,-4.5,,5.82,0.4,8.63,0,1.35,0.01,-2.44,-1,,,-3,2.11,-2,-1,0.4,3.24,,26,17,19,2,1.99
Southern Miss.,Louisville,-3,0.47,3.35,-1.18,-0.62,-3.38,-1.68,5.36,1,-2.36,0.25,-6.34,5,-5.49,-0.9,-3.43,-4.33,-0.25,0.94,-2,4.94,-5.2,5.73,0.33,-2.39,-1.95,5.56,,5.08,-0.8,6.66,,6.43,2.62,13.4,-3,2.5,-2,-0.8,4.05,1.28,-2,-5.42,-6.18,,1,-3,-0.7,,-2.66,-2.3,-0.5,-6,0.84,0.76,-4.76,-7,,,-6,0.75,-1,-4,-2.3,4.03,,31,28,19,3,-1.74
Stanford,Virginia Tech,3.5,8.75,4.32,5.73,8.46,7.88,0.42,8.58,14,9.83,8,14.48,9,9.43,21.11,4.39,,6.16,3.35,4.7,4.72,0.25,5.06,1.5,9.2,1.89,12.16,,5.09,5.73,7.87,,5.03,-9.43,13,7,3,1,4.65,2.78,0.36,5,10.25,12.51,,4,3.5,3.6,,9.76,12.8,7.77,13,9.61,-0.53,5.92,12,,,4,6.35,-2,3,1,5.18,,12,40,19,2,4.68
Syracuse,Kansas St.,0,-6.42,-7.38,-5.24,-1.83,-7.52,-3.92,-8.73,-5,-3.91,-4,-7.68,-4,-4.04,-3.71,-3.25,-7.18,-4.68,-6.75,-5.2,-12.03,-5.23,-1.7,-4.38,-7.73,-2.65,-10,,-5.87,-5,-6.53,,-7.48,-3.56,-13.6,-5,0,0.01,-3.56,-6.72,-3.94,-11,-7.65,-8.94,,-1,-1,-5.1,,4.52,-6.1,-26.7,-3,-1.96,-3.2,-3.07,-8,,,2,-6.25,-4,-7,0.01,3.22,,34,36,19,1,-4.88
Tennessee,North Carolina,-1.5,-2.64,-3.02,-0.7,-3.96,-1.85,-1.1,-2.88,-3,8.72,-3,-0.18,-4,-2.38,-3.62,-2.27,-2.31,-1.84,-0.79,0.5,-2.72,-3.91,-2.74,-4.77,-2.65,0.01,-1.98,,-4.34,-2.48,-3.76,,-1.68,-2.18,-8.1,0.01,0,-3,2.98,-4.63,-5.32,-3,-1.35,-2.66,,-4,-1.5,-0.6,,-2.58,-2.7,-1.19,0,0,-2.76,-2.9,2,,,-2,-0.97,-2,-3,-3.3,2.71,,30,27,19,2,-1.68
Texas Tech,Northwestern,9.5,6.65,6.63,7.76,5.18,7.31,5.93,8.25,4,14.05,7,8.69,5,5.52,7.71,6.42,10.72,7.61,5.73,10.4,13.25,9.94,-3.37,2.12,6.31,8.19,8.95,,5.97,7.4,6.45,,3.98,6.82,12.6,9,11.5,10,8.52,7.49,8.66,8,5.96,6.54,,9,9.5,9.4,,13.46,9.9,15.48,10,1.2,2.98,11.79,8,,,17,5.39,3,14,3,3.31,,38,45,19,4,6.89
Toledo,Florida Intl.,1.5,7.44,5.73,2.89,4.22,2.06,2.21,12.74,2,3.01,5,1.6,7,2.14,12.18,0.7,2.76,4.28,2.7,2.6,9.5,3.36,11.62,-0.58,0.61,4.73,12.51,,7.14,3.12,9.58,,8.87,2.87,19,-1,5,5,2.33,7.58,3.23,4.5,3.34,-0.45,,2,1.5,3.5,,-2.74,1.4,-5.68,2,1.98,1.65,-3.59,-1,,,8,5.87,2,1,4.6,4.33,,34,32,19,4,1.74
Troy St.,Ohio,3,-5.72,-1.94,0.35,-3.84,-3.8,-1.68,-10.08,-2,-0.25,-4,-1.68,-2.5,-1.32,-11.98,3.13,-3.42,-2.14,-5.21,-1,-5.5,-1.41,-0.84,-2.66,0.94,-4.76,-8.95,,-4.63,-2,-6.54,,-3.84,7.42,-8.1,0.01,-2.5,-6,0.19,-4.11,-1.3,-3,-1.21,-0.49,,3,2,1.5,,9.86,-6.1,-0.86,-2,-1.58,0.62,0.57,2,,,2,-5.48,1,-3,-4.2,4.02,,21,48,19,-2,-2.08
West Va.,NC St.,2.5,-0.01,0.26,3,6.2,0.77,3.84,-0.94,1,6.21,3,1.44,2,1.51,-2.03,2.23,,2.44,0.56,3.4,2.25,0.6,0.67,2.18,-0.99,-0.99,0.01,,2.02,1.97,0.45,,0.91,16.12,0.3,3,4,4,2.94,1.19,6.48,2.5,0.94,-0.28,,3,2.5,3.5,,8.3,-0.7,5.05,6,-0.44,-0.33,3.08,1,,,2,0.57,2,6,3.8,3.09,,23,7,19,4,1.97
Wisconsin,TCU,-3,-5.5,-4.91,-1.97,-8.14,-5.92,-4.35,-3.12,-5,2.69,-13,-7.66,-10,-7.81,-14.86,-11.33,,-5.97,-4.67,0.1,-3.08,-6.55,-7.68,0.5,-6.84,-4.76,-4.81,,-5.44,-5.6,-4.83,,-1.05,-9.33,-5.6,-4,0,-5,-0.22,-2.31,-8.55,-10,-10.71,-6.88,,-9,-3.5,-4.4,,-13.24,-7,-4.81,-9,-8.89,-3.14,-10.77,-5,,,-6,-4.42,-6,-10,-9.8,3.65,,21,19,19,-2,-7.94
