Home,Road,line,linesag,linepayne,linemass,linebmc,linepfz,linelaz,linemoore,linesagr,linemarsee,linenutshell,lineargh,linepaynep,linehow,linesagpred,linepaynewl,linekam,linerwp,lineavg,lineelo,lineloud,lineborn,linedokter,linesuper,linedunk,linebill,linebihl,linebill2,lineround,linerba,linefei,linemedian,lineharville,linesaggm,linetempo,linegiddens,lineespn,linefox,lineopen,linepig,linecons,linecong,lineunion,linepibias,linel2,lineteamrank,lineash,linepimean,lineca,lineburdorf,linekeep,linekerns,linel2hf,linelog,lineatom,linemds,linedwig,linepiratings,linecather,linecrunch,linetalis,linedonchess,linefeng,linemidweek,lineclean,linecurry,linepugh,linelabr,linestd,vscore,hscore,week,actual,total,phcover,phwin
Alabama,Duke,32.5,26.81,28.03,21.02,29.78,31.69,21,17.59,26.81,12,20.5,19,28.71,30.5,26.81,21.89,26.17,16.28,24.66,31.68,11,32.6,29.13,19.63,27.16,12.71,,14.46,,,35.8,26.81,19.29,26.81,,,27.85,22,30,28,15.7,6.8,26,32.2,,28,27,26.7,31.5,24.4,29.48,34.85,,,27,,24,31.3,27,,30.01,16,19,34.5,21,25.56,29.06,,6.77,3,42,1,39,45,0.3248231579,0.9234709986
Arizona St.,Kent,24,22.26,26.24,24.62,21.3,19.17,23.08,19.74,22.26,18,32.5,17,27.4,25.5,22.26,15.77,34.3,13.94,24.85,22.23,8,31.65,25.76,39.5,26.97,20.08,,22.43,,,22.6,25.25,23.87,22.26,,,26.33,33,25.5,29,28.43,35.04,32,26.8,,27.3,26,24.6,24,27.2,18.85,26.8,,,25,,25,26.4,28,,26.21,12.46,21.2,25,14,32.19,28.13,,5.52,7,30,1,23,37,0.5201669247,0.930363385
Arkansas St.,SMU,2.5,2.3,5.56,6.06,2.77,12.96,5.39,5.5,2.3,9,5,2,5.07,9,2.3,9.88,6.58,9.53,5.64,8.78,6,7.55,7.68,11,4.91,6.75,,7.27,,,10.1,6,4.57,2.3,,,1.49,8,5.5,5,7.73,4,-3,-5.8,,4.1,6,-4.3,3,10.3,8.99,8.85,,,6,,5,-5.4,9,,8.75,2.66,2.7,2.5,11.5,12.12,6.23,,3.88,37,30,1,-7,67,0.5761880747,0.6350045513
Army,Rice,22.5,27.91,28.66,30.59,20.42,29.93,23.34,23.64,27.91,21,41,23,29.26,26,27.91,23.28,29.49,18.98,27.52,29.18,-1,36.55,23.55,44.56,29.19,23.83,,26.7,,,30.3,27.91,21.69,27.91,,,26.35,34,23.5,36,31.97,16.03,7,28.7,,30,28,26.4,23,28.4,25.62,27.9,,,27,,31,28.2,33,,35.6,19.16,22.4,23.5,19,36.38,32.33,,6.40,7,14,1,7,21,0.6153588581,0.946078846
Auburn,Oregon,3.5,1.48,6.98,10.69,0.31,13.88,7.26,13.62,1.48,5,19.5,-1,7.04,9,1.48,6.52,16.06,6.65,5.43,11.84,-1,13.05,0.25,16.69,5.68,-1.88,,-2.13,,,8.3,5,4.98,1.48,,,1.16,12,2.5,3,6.55,-1.75,-7,1.5,,5.2,7,0.9,3.5,6.7,1.67,4.1,,,4,,5,3.8,5,,6.72,7.4,4.1,3.5,-4.5,4.73,9.93,,5.16,21,27,1,6,48,0.5460224357,0.62751865
BYU,Utah,-6.5,-9.31,-5.4,-4.55,-5.02,-4.35,-5.32,0.56,-9.31,4,-5,-2,-5.67,-5,-9.31,-3.07,-11.39,-3.36,-5.41,-0.24,-3,-2.75,-5.28,-9.81,-4.66,-4.5,,-5.53,,,-5.1,-5.3,-11.25,-9.31,,,-3.63,-4,-7,-8,-7.59,-13.56,-15,-13.5,,-10.2,-6,-11.5,-6.5,6.7,-5.49,-8,,,-7,,6,-13.5,-3,,-7.67,-1.14,-0.8,-5,5.5,0.26,-7.49,,4.60,30,12,1,-18,42,0.5262892573,0.3717183032
Boston College,Virginia Tech,-4.5,-1.02,3.7,7.71,-3.17,-2.1,2.85,1.13,-1.02,8,4.5,-3,3.73,1.5,-1.02,3.41,5.81,7.48,1.44,7.46,-3,8.35,-2.55,0.88,2.17,4.67,,4.9,,,0.8,2,6.64,-1.02,,,-5.52,8,-2.5,-6,2.05,-7.22,-12,-1.6,,-3.3,2,-2.6,-3.5,-2.9,2.9,7.8,,,2,,-7,-1.5,4,,10.31,3.36,-3.1,-3.5,2,5.22,4.27,,4.44,28,35,1,7,63,0.6406984588,0.5348040782
Cincinnati,UCLA,2.5,-0.18,5.95,6.15,-0.95,8.26,3.66,12.28,-0.18,10,8.5,4,4.66,7.5,-0.18,17.62,8.28,10.17,6.02,8.82,-3,13.35,4.2,13.69,5.03,5.5,,5.84,,,8.9,5.9,1.91,-0.18,,,-1.19,11,4,6,10.96,2.81,-13,3.7,,3.5,8,1.1,3,2.1,9.54,14.95,,,-3,,12,2.6,9,,11.8,5.46,1.4,3,15.5,10.62,3.41,,4.81,14,24,1,10,38,0.5840241425,0.6416634467
Clemson,Georgia Tech,37,25.24,30.88,34.6,40.1,33.64,20.28,31.24,25.24,23,48.5,33,31.34,34,25.24,26.73,30.29,17.34,31.83,28.65,7,38.15,35.05,31.5,38.04,21.04,,24.09,,,32.1,31.8,23.83,25.24,,,37.75,38,33,36,25.44,26.37,33,36.7,,37.4,35,34,36.5,49.2,35.63,24.7,,,29,,34,36.7,46,,32.23,27.66,30.3,36,25,42.78,30.13,,7.82,14,52,1,38,66,0.3850853094,0.9639655549
Coastal Carolina,Eastern Mich.,-6,-5.7,-6.55,-7.07,-0.56,-3.26,-6.05,-7.69,-5.7,-2,-8.5,3,-7.01,-6,-5.7,-2.36,-13.77,-4.43,-5.52,-8.17,1,-16.25,1.22,-8,-17.38,0.71,,0.39,,,-0.7,-5.7,-4.03,-5.7,,,0.8,-11,-5.5,-11,-3.4,3.94,9,-7.1,,-3.4,-6,-4.1,-6,-10.9,-4,-9.15,,,1,,1,-5.2,-17,,-9.63,-7.54,-0.01,-5.5,-9,-17.05,-8.85,,5.26,30,23,1,-7,53,0.5114489184,0.3706718675
Colorado,Colorado St.,13,7.68,14,8.74,9.21,6.64,8.64,10.5,7.68,3,10.5,15,14.69,4.5,7.68,7.72,13.6,11.73,11,5.19,-1,10.7,7.66,12.56,9.42,5,,5.69,,,11.1,11.03,14.39,7.68,,,9.69,12,10.5,13,11.06,21.77,2,20.6,,14.1,12,14.8,13,5.1,11.99,14.55,,,11,,13,20.5,17,,14.89,7.9,10.4,13,16.5,13.31,11.74,,4.54,31,52,1,21,83,0.4517917126,0.7473734574
Florida St.,Boise St.,6.5,3.12,4.48,-4,7.27,-3.58,-2.57,-9.87,3.12,-9,-2.5,-1,4.26,-5,3.12,6.41,-7.01,-5.55,-2.11,-5.81,3,-9.45,-1.9,-11,-12.27,-6.04,,-6.87,,,-6.1,-2.54,-0.28,3.12,,,7.93,-6,3.5,3,-3.44,15.13,7,1.9,,2.5,0.01,3.6,5.5,-9.9,-9.36,-9.75,,,2,,-10,2,-8,,-16.05,4.76,2.9,5.5,2,-5.77,-7.15,,6.18,36,31,1,-5,67,0.3066339526,0.4507135455
Hawaii,Arizona,-11,-9.68,-8.59,-8.06,-8.45,-6.74,-6.2,-2.88,-9.68,1,-2.5,4,-9.78,-3.5,-9.68,2.06,-8.47,-1.17,-6.42,-8.32,-5,-15.35,-4.25,-10.69,-17.33,-0.13,,-0.56,,,-10.2,-7.79,-8.8,-9.68,,,-4.02,-8,-12,-12,-5.72,-7.79,-13,-3.4,,-8.6,-11,-0.3,-10.5,-13.4,,-5.35,,,-4,,1,-2.2,-10,,-6.7,-4.64,-0.9,-11,2.5,-13.68,-9.93,,4.84,38,45,1,7,83,0.6087100156,0.3494433011
Illinois,Akron,18,10.1,9.53,12.82,13.35,-2.85,7.01,6.75,10.1,5,11,15,9.78,0.5,10.1,7.23,2.89,10.75,11.12,13.24,1,9.15,16.96,11.69,7.74,3.63,,3.71,,,6.9,10.1,8.15,10.1,,,16,6,15.5,22,11.12,30.44,35,15.4,,19.5,13,17.3,17,18.9,12.08,2.65,,,12,,21,16.5,9,,4.64,9.16,10.8,17,7,8.68,7.26,,6.07,3,42,1,39,45,0.3428117872,0.7435316659
Indiana,Ball St.,18.5,19.31,15.96,19.29,15.19,14.31,17.41,12.34,19.31,9,27.5,16,16.8,14.5,19.31,8.45,22.85,13.94,16.53,13.25,4,24.3,10.7,25.63,21.66,6.25,,7.11,,,16.2,17.23,17.24,19.31,,,15.87,22,16.5,19,17.23,17.3,11,23.3,,20.9,18,22.4,18.5,15.9,16,17.65,,,18,,7,23.8,23,,17.39,13,7.8,17,-1.5,15.29,23.21,,5.96,24,34,1,10,58,0.4537547336,0.8351838805
Iowa,Miami (Ohio),23,23.85,17.77,21.54,25.04,22.05,20.57,15.24,23.85,11,21.5,16,18.93,18.5,23.85,7.34,25.72,14.51,21.41,13.18,9,25.45,22.49,39.19,16.66,19.67,,21.96,,,18.9,21.98,21.85,23.85,,,24.63,22,21.5,29,27.76,32.43,29,26.8,,25.3,24,26.6,23,16.3,24.32,13.6,,,25,,15,27.4,25,,21.11,14.17,17.2,21.5,13.5,17.29,22.6,,5.26,14,38,1,24,52,0.4621243235,0.8997864636
Kentucky,Toledo,10,4.26,13.84,20.45,11.67,1.19,8.9,11.48,4.26,10,21.5,11,13.87,8.5,4.26,13.54,17.13,14.32,13.08,18.41,-4,17.65,7.6,24.81,15.29,8.63,,9.4,,,6.9,13.22,18.26,4.26,,,12.91,14,13.5,12,19.71,27.34,3,19,,15.4,11,19.7,10,11.3,12.65,16.05,,,14,,16,21.3,17,,16.86,9.06,11.9,12,0.5,21.55,10.52,,6.13,24,38,1,14,62,0.5718072625,0.7789243525
LSU,Georgia Southern,27.5,29.55,22.85,27.31,32.35,23.6,22.21,20.33,29.55,12,24,19,23.8,18.5,29.55,14.37,27.35,13.17,23.67,24.38,5,24.65,27.3,39.06,19.91,10.08,,11.06,,,19.6,24.51,20.67,29.55,,,28.88,25,25.5,29,25.44,33.84,18,27.3,,29.3,25,25.3,27.5,23.3,27.52,25.9,,,24,,18,28,28,,19.56,19.66,21.2,28,12.5,26.31,26.72,,6.53,3,55,1,52,58,0.411712212,0.916061413
Liberty,Syracuse,-19,-24.23,-19.37,-25.66,-16.36,-1.46,-17.79,-23.94,-24.23,-9,-32,-14,-20.37,-22.5,-24.23,-10.31,-21.95,-10.34,-20.42,-20.93,-3,-32.15,-16.06,-42.81,-35.26,-14.08,,-16.43,,,-10.6,-21,-20.29,-24.23,,,-14.53,-26,-16.5,-25,-24.47,-30.59,-27,-21,,-16.1,-21,-19.4,-19,-22.9,-15.18,-26.05,,,-15,,-12,-21.3,-23,,-22.92,-12.34,-19.1,-17.5,-0.5,-30.81,-24.01,,7.48,24,0,1,-24,24,0.467754266,0.1222932953
Louisiana-Lafayette,Mississippi St.,-19,-21.22,-17.09,-24.98,-22.92,-21.84,-18.67,-18.25,-21.22,-10,-20.5,-12,-18.76,-18,-21.22,-2.05,-28.66,-8.89,-20.83,-18.37,-9,-30.65,-18.29,-39.19,-30.32,-13.96,,-15.88,,,-25,-21.53,-23.43,-21.22,,,-23.38,-26,-22.5,-26,-22.93,-23.39,-24,-25.8,,-16.1,-22,-19.6,-19,-22,-19.02,-25.55,,,-24,,-18,-25,-26,,-28,-16,-15.8,-21,2.5,-28.41,-24.43,,6.61,38,28,1,-10,66,0.4576244878,0.1128846206
Louisville,Notre Dame,-18,-18.36,-22.42,-22.67,-17.44,-12.18,-14.7,-21.17,-18.36,-17,-27,-14,-22.68,-19,-18.36,-20,-26.69,-12.51,-22.4,-30.34,2,-38.65,-18.32,-35.31,-41.02,-17.21,,-19.99,,,-18.2,-20.71,-20.71,-18.36,,,-17.09,-32,-20,-23,-25.79,-23.27,-19,-25.9,,-20.7,-21,-22.4,-18,-33.1,-24.36,-30.05,,,-18,,-19,-23.8,-35,,-32.74,-13.34,-13.8,-20.5,-5.5,-38.11,-20.24,,7.88,35,17,1,-18,52,0.4019643349,0.1031331043
Memphis,Mississippi,4,2.83,7.9,1.35,3.81,11.06,2.7,5.32,2.83,6,10,7,7.47,7.5,2.83,11.73,6.23,4.22,5.97,4.7,-1,11.85,3.15,5,8.92,4.25,,4.42,,,7.2,5.16,-3.32,2.83,,,-0.47,9,7.5,8,7.44,-7.2,-1,5.6,,12.7,5,3.7,4,14.2,5.42,3.2,,,8,,5,3.1,19,,1.63,6.36,1.7,5.5,25.5,10.07,2.79,,5.18,10,15,1,5,25,0.5469524968,0.6396372362
Miami (Fla.),Florida,-7,-3.46,-9.75,-11.73,-7.85,1.13,-1.49,-7.4,-3.46,-5,-20.5,-11,-8.86,-1,-3.46,-17.71,-7.74,-5.16,-7.7,-12.54,-2,-13.5,-9.52,-11.06,-12.94,-7.71,,-8.77,,,-5.6,-7.72,-4.45,-3.46,,,-8.67,-5,-8.5,-7,-10.15,-13.47,-1,-8.9,,-7.3,-3,-9.5,-7,-17.3,,-5.75,,,-6,,-19,-11,-13,,-10.82,0.01,-6.9,-7.5,13.5,,-5.63,,5.65,24,20,1,-4,44,0.4834299274,0.3238295627
Michigan,Middle Tenn.,34.5,35.22,26.99,21.28,33.88,25.14,24.15,17.98,35.22,13,6,24,27.3,18.5,35.22,24.21,31.06,14.37,26.16,14.03,5,22.45,25.72,39.56,17.71,14.25,,15.8,,,22.3,25.52,24.5,35.22,,,34.15,26,30,35,29.55,41.38,41,35.8,,38.6,28,33.8,34,19.3,22.92,24.1,,,27,,20,35.2,28,,25.51,24.66,21.5,33.5,16,25.53,30.1,,8.20,21,40,1,19,61,0.3203191645,0.9284341096
Michigan St.,Tulsa,23.5,24,22.63,22.61,25.13,17.63,18.32,15.55,24,13,18.5,21,23.3,19,24,16.58,17.31,15.89,21.48,18.05,6,22.35,24.31,38.13,16.16,22.38,,25.04,,,17.8,22.14,21.44,24,,,25.97,20,20,28,29.55,39.22,18,26.2,,25.7,24,26.4,23.5,21,22.81,18.05,,,19,,14,27.1,23,,21.92,14.76,17.9,22.5,-0.5,22.88,20.75,,5.86,7,28,1,21,35,0.4524924271,0.897833874
NC St.,East Carolina,17.5,25.66,24.43,25.19,18.92,29.55,24.08,18.64,25.66,20,26.5,18,25.18,26,25.66,17.66,34.36,17.12,23.42,19.05,4,31.55,26.95,42.25,25.35,18,,20.06,,,20.4,24.26,26.34,25.66,,,18.63,33,20.5,27,28.82,34.45,9,19.5,,19.5,25,16.1,18,16.6,20.93,23.5,,,22,,18,18.9,27,,28.89,16.66,15.3,17,15,27.98,31.17,,5.77,6,34,1,28,40,0.6370209698,0.917223462
Nebraska,South Alabama,36,36.23,29.44,25.41,28.32,14.07,23.17,22.58,36.23,18,29,26,31.42,16.5,36.23,11.65,26.26,15.53,29.11,24.09,6,36.05,33.86,40.38,31.05,22.17,,24.8,,,24.5,29.22,20.8,36.23,,,34.65,29,32,43,29.56,28.89,29,36.8,,33.4,29,33.8,35.5,37.1,32.96,34.65,,,31,,35,35.9,38,,27.4,24.66,22.4,36,22.5,35.4,31.61,,7.53,21,35,1,14,56,0.3474873008,0.9512062762
Nevada,Purdue,-11,-9.27,-7.35,-10.14,-7.57,2.03,-7.01,0.22,-9.27,3,-9.5,-8,-8.07,-3,-9.27,-0.84,-8.27,-3.11,-6.26,-2.23,2,-1.65,-7.83,-12.5,-5.26,-4.08,,-5.06,,,2.2,-7.01,-10.64,-9.27,,,-5.1,-2,-6.5,-10,-6.96,-12.7,-21,-15.2,,-11.2,-7,-13.4,-10,1.3,-3.81,-6.25,,,-5,,4,-15.2,-7,,-7.77,-5.14,-9.9,-10,5.5,0.83,-8.3,,4.90,31,34,1,3,65,0.612295185,0.3531623538
North Carolina,South Carolina,-11.5,-5.52,-9.39,-10.94,-10.95,-0.69,-7.67,-6.16,-5.52,-4,-1,-20,-8.74,-14.5,-5.52,-15.26,-13.68,-14.9,-9.72,-8.86,3,-7,-12.16,-25.63,-6.1,-8.33,,-9.48,,,-7.2,-9.44,-10.12,-5.52,,,-10.34,-3,-7.5,-11,-15.35,-26.38,-5,-12.7,,-9,-12,-11.3,-11.5,2.6,-15.43,-14.5,,,-13,,-23,-14.3,-7,,-17.6,-3.2,0.4,-7.5,6,-5.96,-10.28,,6.16,20,24,1,4,44,0.5416235101,0.2840760022
Ohio St.,Florida Atlantic,28,33.77,27.38,24.41,25.24,36.29,30.03,23.63,33.77,18,50,20,27.77,34,33.77,23.82,29.93,17.2,28.69,23.27,17,33.85,26.83,42.25,32,18.42,,20.54,,,29.4,28.83,28.36,33.77,,,23.27,28,24,31,32.8,45.11,24,31.7,,29.3,23,31.1,28,31,20.84,22.5,,,19,,30,32.2,30,,28.27,20.16,24.4,27.5,18.5,46.82,33.93,,7.30,21,45,1,24,66,0.5157491803,0.9496928699
Oklahoma,Houston,23,23.64,25.24,21.55,25.35,15.43,22.4,25.11,23.64,17,47,24,25.23,27.5,23.64,25.31,27.43,11.97,24.4,20.61,2,34.85,25.06,37.94,26.92,15.29,,16.98,,,22.5,24.98,25.22,23.64,,,27.41,26,26.5,23,25.69,33.68,5,24.9,,17.6,23,25.7,23,30.3,26.66,29,,,24,,20,28.2,30,,27.16,24.66,19,24.5,13.5,31.05,24.12,,6.58,31,49,1,18,80,0.5324626131,0.9221614004
Oregon St.,Oklahoma St.,-14,-20,-17.18,-15.99,-9.72,-29.4,-15.56,-17.47,-20,-10,-21.5,-7,-18.32,-23,-20,-6.98,-26.79,-10.11,-16.2,-16.87,-7,-27.15,-14.66,-36.75,-28.37,-12.42,,-14.54,,,-17.5,-16,-15.34,-20,,,-8.14,-22,-16.5,-13,-19.7,-4.2,-2,-12.3,,-10.5,-16,-10.8,-14,-21.1,-10.93,-19.4,,,-8,,-1,-11.9,-16,,-24.01,-11.34,-12,-15.5,-14,-23.73,-25.48,,6.37,52,36,1,-16,88,0.448826441,0.1717781943
Pittsburgh,Virginia,-2.5,2.17,-0.88,4.11,0.78,7.51,5.71,-1.64,2.17,5,1,2,-0.93,6.5,2.17,-0.4,1.26,1.89,1.75,4.53,5,1.85,2.77,0.88,0.74,-0.96,,-1.5,,,3.1,1.75,1.33,2.17,,,0.97,3,1,-1,1.98,0.29,-2,2.7,,1,1,2.4,-1.5,-4,-0.23,1.7,,,-1,,-1,3.4,-5,,0.01,4.56,1.8,-2.5,10,7.68,5.86,,2.90,30,14,1,-16,44,0.6038635583,0.5431776465
Rutgers,Massachusetts,16.5,13.62,9.15,8.29,13.34,-2.6,8.9,8.44,13.62,7,16,11,9.84,1.5,13.62,2.96,4.22,3.23,11.1,8.05,6,16.05,11.3,9.13,9.97,2.38,,2.29,,,10,9.98,7.52,13.62,,,14.91,9,10,21,8.24,23.81,21,21.2,,17.4,14,18.1,15.5,19.8,16.84,9.5,,,15,,14,21.2,16,,5.62,3.76,12.4,15.5,5.5,6.54,7.64,,5.97,21,48,1,27,69,0.3750891514,0.7436043822
South Florida,Wisconsin,-10.5,-12.68,-15.12,-18.3,-7.72,-12.85,-12.13,-5.84,-12.68,-5,-15,2,-16.09,-10,-12.68,-6.44,-19.77,-6.91,-12.28,-10.11,-6,-18.55,-4.36,-25.38,-19.8,-7.42,,-8.85,,,-12.3,-12.68,-15.45,-12.68,,,-5.74,-14,-9.5,-15,-14.72,-21.76,-21,-10.9,,-12.6,-13,-10.1,-10.5,-17.4,-16.7,-15.25,,,-12,,-10,-12.1,-6,,-18.15,-5.14,-5.7,-13.5,2.5,-19.65,-17.44,,5.42,49,0,1,-49,49,0.4577428584,0.232047308
Stanford,Northwestern,6.5,5.21,7.22,2.28,6.14,5.78,4.84,0.87,5.21,7,1.5,2,6.77,5,5.21,11.27,4.91,3.92,4.66,2.42,4,4.25,7.4,5.13,0.4,5.92,,6.32,,,5.6,5.03,3.14,5.21,,,9.18,8,7,5,5.64,-1.17,13,1.5,,5.4,7,0.01,6.5,2.3,3.44,3.1,,,9,,-9,0.3,7,,4.92,5.06,2.3,6.5,13.5,2.21,4.42,,3.38,7,17,1,10,24,0.4548711831,0.6129841978
Tennessee,Georgia St.,24.5,23.66,24.64,24.8,27.17,12.94,21.07,16.65,23.66,13,32,21,25.92,17,23.66,13.14,17.36,16.35,22.56,24.82,11,21.55,31.05,34.31,19.35,15.08,,16.75,,,23.3,21.97,19.23,23.66,,,29.69,20,25.5,33,26.37,32.99,16,30.3,,26.3,25,29,24.5,20.7,16.28,26.2,,,21,,19,30.8,20,,21.68,15.36,21.3,26,18.5,22.26,23.26,,5.56,38,30,1,-8,68,0.4540875119,0.910085603
Texas,Louisiana Tech,20.5,24.93,20.75,25.04,21.79,10.09,20.04,20.23,24.93,16,42.5,13,21.57,11,24.93,13.36,21.42,15.08,21.9,21.83,-1,33.45,19.15,37.5,31.2,17.79,,19.83,,,8,21.81,21.64,24.93,,,19.4,28,18,25,27.29,30.58,25,22.5,,23.3,21,23.5,20.5,25.8,16.06,23.35,,,19,,17,23.4,25,,23.71,19.66,14.7,20.5,6,30.62,23.16,,7.11,14,38,1,24,52,0.532074223,0.8959875077
Texas A&M,Texas St.,33,41.26,35.19,37.87,30.86,29.81,33.88,33.47,41.26,22,50,27,36.82,33,41.26,20.5,44.39,18.61,34.34,32.09,9,45.65,37.56,60.69,36.85,24.88,,27.89,,,25,34.4,32.49,41.26,,,31.44,37,33.5,44,39.98,37.05,29,34.9,,33.9,38,33.7,33,28.7,28.66,35.15,,,30,,18,36.5,42,,41.93,25.67,23.9,34,16.5,45.11,44.22,,8.49,7,41,1,34,48,0.5296663829,0.9717681804
Tulane,Florida Intl.,3,5.94,1.78,5.24,-1.95,3.45,6.23,3.42,5.94,1,9,1,1.45,1,5.94,4.84,4.39,3.37,2.62,4.46,-1,5.25,6,4.44,2.21,-3.25,,-4.11,,,-2.2,2.99,2.12,5.94,,,0.17,2,2,1,3.06,-1.54,-15,3.7,,7.7,2,5.4,3,-0.3,-1.95,1.6,,,2,,5,4.4,8,,2.07,0.86,0.8,2,8,2.93,6,,3.28,14,42,1,28,56,0.4906482574,0.5642040192
USC,Fresno St.,13.5,7.26,2.02,-4.21,11.54,10.32,4.81,-4.21,7.26,-2,-1.5,3,1.97,1.5,7.26,2.52,-2.02,-6.7,3.15,-6.43,11,-2.75,5.61,-3.44,-8.69,0.5,,0.16,,,5.7,3.14,3.27,7.26,,,15.45,0.01,10.5,7,1.81,19.43,22,6.8,,15.7,4,8,12.5,-1.4,6.29,-7.6,,,4,,2,7.2,4,,-10.87,4.96,6.9,13.5,13,-13.54,2.39,,6.70,3,14,1,11,17,0.2740484083,0.5725208386
Vanderbilt,Georgia,-22.5,-18.41,-16.08,-15.48,-22.49,-18.22,-12.91,-8.79,-18.41,-3,-11,-16,-15.78,-18.5,-18.41,-18.73,-17.16,-7.98,-15.87,-12.95,-7,-13.85,-18.42,-20.69,-17.56,-9.29,,-10.98,,,-22.5,-16.31,-12.33,-18.41,,,-16.27,-15,-20,-19,-14.78,-16.36,-26,-20,,-24.2,-20,-17.8,-21.5,-11.5,-16.12,-22.7,,,-20,,-10,-18.7,-14,,-16.39,-8.84,-10.3,-20.5,-9.5,-15.06,-16.73,,4.52,30,6,1,-24,36,0.6560480039,0.168140864
Wake Forest,Utah St.,4.5,0.56,-2.79,0.82,4.43,1.06,0.59,-7.37,0.56,-4,12.5,10,-3.45,2.5,0.56,3.18,-4.99,-2.61,0.04,-0.84,-1,-0.35,1.71,-2.63,-4.33,-7.83,,-9.32,,,-7.5,0.38,3.73,0.56,,,9.88,-5,2.5,-1,0.2,18.34,-3,0.01,,3.6,-2,2,3.5,5,-1.36,-5.85,,,3,,4,1.3,-4,,-11.57,0.66,2.7,3.5,0.01,1.44,-1.22,,5.49,35,38,1,3,73,0.3952993858,0.5009500655
Washington St.,New Mexico St.,33,31.25,34.13,31.61,28.49,28.44,30.75,34.93,31.25,22,38,22,36.05,30.5,31.25,16.89,42.29,18.59,33.04,29.18,9,47.75,31.17,54.5,39.74,24.46,,27.41,,,32.1,31.86,32.46,31.25,,,30.83,42,34,42,38.58,41.63,24,37.4,,32.8,34,32.5,33,36.9,30.24,41.55,,,28,,30,37,37,,42.24,20.66,29.9,32.5,21.5,43.8,38.95,,7.55,7,28,1,21,35,0.5009077738,0.9699135424
Wyoming,Missouri,-17,-12.92,-16.7,-15.81,-17.13,-4.7,-9.74,-10.92,-12.92,-2,-15.5,-7,-17.8,-7.5,-12.92,-6.85,-17.66,-8.57,-14.2,-12.62,-4,-17.45,-18.48,-29.5,-18.08,-8.88,,-10.51,,,-15.4,-15.08,-15.87,-12.92,,,-16.89,-14,-15.5,-18,-17.56,-29.49,-32,-17.7,,-15.9,-17,-12.7,-17,-12.9,-15.15,-13.95,,,-12,,-17,-18.5,-18,,-18.67,-9.84,-15,-17.5,11,-9.14,-13.21,,5.83,31,37,1,6,68,0.5657470152,0.2005640924
Akron,UAB,-8.5,-2.58,-12.59,-10.16,-8.55,-12.11,-5.05,-16.8,-3.25,-13,-21,-8,-12.35,-7.5,-2.49,-12.74,-15.13,-12.85,-9.28,-12.78,-2,-9.05,-8.01,-17.44,-10.85,-3.38,,-5.05,,,-7.4,-8.8,-4.72,-4.78,,,-3.37,-13,-9,-22,-10.98,-0.52,-18,-2.3,,-8.4,-15,-3.5,-8.5,-6.5,-10.5,-14.45,,,-6,,4,-1.6,-11,,-13.54,-11.18,-7.1,-9,-7.5,-18.89,-3.23,,5.41,31,20,2,-11,51,0.4814537526,0.2900310902
Alabama,New Mexico St.,55,58.07,45.55,47.83,50,49.84,49.09,54,57.95,41,51,33,61.94,48,58.09,34.62,67.11,19.67,52.47,56.93,19,68.05,54.06,65.81,65.97,27.35,,34.8,,,59.2,54.03,53.19,54.44,,,55.8,62,54,62,45.7,46.22,52,61.9,,58.8,56,53.3,55,54.5,49.61,62.8,,,53,,54,60.8,64,,61.18,34.32,46.1,55.5,36.5,64.34,62.14,,12.09,10,62,2,52,72,0.4495547873,0.9957236772
Appalachian St.,Charlotte,23,27.63,18.33,24.94,18.66,23.63,21.19,21.04,27.27,15,25.5,21,23.36,19.5,27.68,14.97,26.82,19.4,23,18.14,10,28.55,22.31,44.69,26.03,18.04,,20.01,,,30.5,22.66,19.34,26.28,,,18.29,28,21,27,27.96,21.1,9,19.9,,22.1,23,18.5,23,26.8,16.37,16.85,,,25,,22,21.3,29,,27.05,16.82,24.8,22.5,24.5,27.1,27.7,,4.48,41,56,2,15,97,0.5,0.9183992364
Auburn,Tulane,17,19.21,8.84,20.4,23.85,21.13,15.65,12.77,19.75,9,24,14,14.58,18.5,19.15,5.01,23.26,15.71,18.68,13.69,9,20.05,24.83,34.44,17.5,15.94,,16.38,,,25.2,19.46,16.5,21.72,,,21.28,22,18,22,20.17,30.46,28,20.3,,17.9,19,18.5,17,16.3,22.04,8.8,,,20,,7,21.5,22,,17.54,16.22,21.9,17.5,6.5,19.72,23.69,,5.26,6,24,2,18,30,0.5400121391,0.8680172387
Baylor,Texas-San Antonio,25,22.89,15.47,22.6,24.14,9.74,16.31,23.45,22.08,18,41.5,15,21.83,12,23,11.24,24.8,19.27,24.04,23.7,9,27.35,26.91,35.56,29.02,14.42,,16.04,,,27,24.34,16.9,24.71,,,24.53,27,26,32,24.63,32.45,26,34.9,,25.7,25,32.2,25,30.7,34.6,26.35,,,21,,26,35.1,23,,23.72,17.82,26.6,25.5,14.5,30.9,22.56,,7.03,14,63,2,49,77,0.4779542148,0.9169007068
Boise St.,Marshall,12,18.58,11.01,14.74,9.65,14.63,17.71,11.51,20.34,10,11,8,10.19,13.5,18.35,11.56,12.56,15.85,13.86,11.12,4,19.15,16.91,27.25,18.75,13.15,,13.41,,,18.1,13.54,13.58,19.42,,,15.81,15,12,13,17.91,2.66,2,16,,14.2,11,16.3,12,13.2,8.47,17.2,,,13,,3,16.3,13,,14.65,9.52,11.5,12,13,16.13,20.18,,4.04,7,14,2,7,21,0.5452034786,0.8012639523
Clemson,Texas A&M,17,15.49,18.16,23.13,17.5,28.05,20.01,15.1,15.55,17,18,15,19.66,27.5,15.48,17.17,20.45,19.12,18.82,14.68,6,17.25,18.27,8.13,27.56,5.62,,6.28,,,24.1,18.24,18.89,13.41,,,16.6,29,19,16,8.19,11.41,18,20.4,,17.7,21,15.5,17,30.3,19.91,18.3,,,22,,13,18.2,28,,20.13,25.82,18.7,17.5,26,28.01,22.24,,6.27,10,24,2,14,34,0.5424557479,0.8648879178
Colorado,Nebraska,-4,-4.07,-2.81,-2.5,-3.51,6.12,4.71,2.81,-3,8,-8.5,-3,-4.58,-0.5,-4.21,-1.63,2.25,-4.06,-2.41,-3.46,-4,-2.55,-6.45,-7.75,-5.16,-8.28,,-7.73,,,2.2,-2.57,3.23,-7.22,,,0.42,1,-3.5,-9,-2.14,-0.75,-26,-2.3,,-2.6,-2,-4.9,-4,-5,-4.15,1.55,,,3,,3,-2.7,-2,,-0.63,-2.18,-3.6,-4,7.5,-5.53,-0.01,,4.05,31,34,2,3,65,0.5386568801,0.4415258354
Connecticut,Illinois,-21.5,-18.89,-13.39,-16.68,-10.65,-7.6,-17.28,-15.44,-18.94,-15,-16.5,-6,-22.59,-5,-18.88,-7.27,-19.18,-13.19,-16.69,-18.81,-4,-26.95,-10.41,-17.88,-23.39,-3.69,,-5.92,,,-14.5,-18.21,-21.19,-13.48,,,-21.17,-16,-20,-20,-11.45,-26.08,-17,-24.6,,-19.8,-16,-20.2,-21,-24.2,-19.28,-18.55,,,-17,,-27,-23.6,-23,,-20.08,-19.68,-6.9,-21,-6,-19.48,-18.7,,6.58,31,23,2,-8,54,0.6102187243,0.1657306653
Florida Atlantic,Central Florida,-12.5,-15.32,-13.73,-15.35,-7.35,-15.51,-10.06,-15.24,-15.36,-3,-28,-4,-14.66,-16,-15.31,-13.1,-17.24,-13.43,-14.44,-13.76,-3,-19.25,-13,-33.31,-20.08,-10.14,,-14.33,,,-11.3,-14.99,-13.46,-14.98,,,-13.6,-16,-9,-16,-20.25,-7.74,-18,-16.3,,-12.6,-10,-15.7,-12.5,-15.5,-6.32,-14.25,,,-15,,-17,-15.9,-15,,-17.21,-7.68,-10.9,-10.5,-5.5,-25.23,-13.94,,4.80,48,14,2,-34,62,0.4534360462,0.1919445439
Florida Intl.,Western Kentucky,7.5,6.48,16.65,10.96,9.15,14.35,4,1.43,8.4,12,4.5,12,12.92,8,6.21,19.13,8.22,18.21,9.76,12.18,-9,8.55,7.46,8.75,13.05,15.33,,13.97,,,3.3,8.78,8.74,8.63,,,7.76,13,8.5,16,11.18,14.94,17,7.8,,11.4,13,7.9,7.5,4.9,9.04,7.1,,,9,,6,8.8,7,,14.07,5.52,4,7,-0.5,14.57,5.93,,5.04,20,14,2,-6,34,0.5539682938,0.7210638348
Florida St.,Louisiana-Monroe,22.5,27.56,10.77,14.33,22.26,7.07,18.09,12.44,25.2,5,15.5,9,18.57,12.5,27.91,5.57,19.01,16.06,16.23,8.7,13,18.75,21.08,27,16.07,15.81,,16.14,,,19.9,16.09,13.76,25.46,,,23.52,15,21,24,16.3,20.56,9,19.3,,20.1,19,19.2,21.5,7.4,7.03,14.7,,,14,,7,19.1,10,,11.87,16.12,15.3,21,12,19.2,22.47,,5.61,44,45,2,1,89,0.3547870066,0.8324862615
Fresno St.,Minnesota,-3,1.14,4.68,6.3,-3.19,24.18,1.48,1.86,-1.35,6,-10.5,-1,8.9,2.5,1.49,1.85,10.07,9.42,0.68,2.88,-9,0.15,-2.84,0.88,0.96,4.19,,4.3,,,0.01,1.05,-2.04,-1.54,,,-4.39,13,-2.5,-2,1.54,-18.21,-19,-6.5,,3.8,6,-7.2,-2.5,-4.6,-4.49,4.85,,,-2,,-1,-8.4,-5,,9.32,-0.01,-4.8,-3,6.5,2.93,2.93,,6.64,38,35,2,-3,73,0.5846658315,0.5157599994
Georgia Tech,South Florida,6,11.49,11.23,15.23,3.64,9.41,14.58,11.08,11.62,25,22,-3,16.55,9.5,11.47,7.68,20.37,13.29,12.76,14.96,1,23.65,6.75,20.25,23.26,2.23,,1.64,,,6.5,12.98,20.78,8.73,,,8.09,22,6,6,13.79,14.85,3,13.5,,9.7,13,10.1,7,15.9,12.96,20.4,,,20,,13,12.7,20,,18.47,5.72,5.1,6.5,3.5,20.99,15.2,,6.78,10,14,2,4,24,0.6523409172,0.770126937
Hawaii,Oregon St.,6.5,3.74,13.37,3.04,5.75,20.71,4.56,7.69,6.99,9,14,15,8.46,13,3.3,16.65,3.33,12.72,7.89,9.28,-2,6.25,5.51,10.63,7.43,10.22,,12.69,,,9.1,7.02,6.77,5.76,,,8.56,3,5,6,12.77,0.73,-1,7.7,,9.3,9,7.5,6.5,6,5.97,5.25,,,11,,2,6.7,7,,5.55,2.92,6.8,6.5,16,7.04,3.67,,4.40,28,31,2,3,59,0.5336222569,0.6840144382
Iowa,Rutgers,18.5,22.16,16.78,25.36,20.86,42.12,19.36,22.75,21.68,17,30.5,17,22.16,23.5,22.23,13.19,30.74,19.5,24.15,23.58,5,28.65,22.76,45.56,28.04,22.55,,25.7,,,28.6,23.38,20.31,23.26,,,19.21,29,20.5,29,30.58,24.41,13,25.7,,24.5,25,23,19.5,23.7,27.19,18.5,,,23,,20,25.8,25,,32.64,17.82,17.6,20,19,31.51,26.4,,5.63,0,30,2,30,30,0.6313506392,0.9241784853
Kansas,Coastal Carolina,7,12.27,6.07,12.55,8.74,5.62,9.81,11.46,14.54,14,24,-0.25,5.66,5.5,11.96,6.34,18.08,12.4,11.15,10.4,-1,24.05,5.81,13.5,24.12,3.39,,3.89,,,3.3,11.6,11.75,15.04,,,5.18,17,10.5,18,10.82,5.85,-4,17.5,,5.4,11,16.8,7.5,18.6,14.78,15.7,,,8,,2,16.7,16,,13.49,5.82,5,7.5,9.5,22.55,11.94,,6.30,12,7,2,-5,19,0.5959963045,0.7430807939
Kansas St.,Bowling Green,25,25.02,12.26,24.14,21.19,17.18,20.79,25.64,24.99,18,30,20,14.8,14,25.02,10.58,25.9,19.35,23.47,22.1,4,32.25,22.11,38.06,29.17,12.92,,14.25,,,22,24.07,19.5,25.04,,,20.56,26,24,32,25.5,29.82,15,29.4,,16.5,24,30,25,32.1,29.9,23.5,,,27,,23,30.1,36,,26.74,17.32,19.5,23.5,11.5,32.55,29.16,,6.87,0,52,2,52,52,0.4647573579,0.912592643
Kentucky,Eastern Mich.,16,16.8,13.72,19.77,17.39,13.82,18.09,19.08,16.97,10,22,16,17.42,15,16.79,11.24,19.58,18.65,18.05,18.43,6,23.95,19.06,36.38,21.84,12.42,,13.7,,,15.2,18,17.28,15.9,,,21.12,18,14,22,23.43,26.8,27,20.4,,19,18,20.8,16,16.2,19.6,10.8,,,18,,11,22.3,20,,21.8,10.43,16.2,15,4,21.2,17.92,,4.46,17,38,2,21,55,0.5494686309,0.8631569473
Louisiana-Lafayette,Liberty,14,10.08,9.49,10.16,10.82,0.77,11.9,12.15,9.95,13,15,9,13.45,14.5,10.1,6.85,12.48,13.23,10.42,6.96,1,14.95,8.53,13.13,11.79,6.89,,9.85,,,7.4,10.33,8.69,8.27,,,12.38,13,13,7,9.09,11.14,17,7.3,,13.3,13,7.3,13.5,8.2,7.94,14.6,,,14,,11,8.7,12,,13.52,4.52,7.7,13.5,10.5,8.01,10.65,,3.14,14,35,2,21,49,0.4124561651,0.7401860419
Maryland,Syracuse,1,-0.61,3.16,-7.41,-4.58,-10.43,4.41,-10.67,-0.87,-4,-1.5,-12,9.84,-7,-0.57,-1.29,-5.61,-12.4,-4.46,-10.21,3,1.65,-3.77,-18.31,-6.57,-10.09,,-11.99,,,-0.3,-4.92,2.39,-5.22,,,5.97,-7,-2.5,-4,-8.26,-13.39,9,-6.2,,4.5,-5,-5,0,-18,-4.94,-0.25,,,-6,,-1,-4.9,-11,,-4.3,-1.28,-9.2,2,5.5,-17.38,2.88,,6.10,20,63,2,43,83,0.3740850285,0.3965634797
Michigan,Army,22,24.94,18.15,15.86,24.22,5.9,19.62,11.98,24.67,14,6,14,21.71,11.5,24.97,15.78,15.03,11.14,18.21,11.66,9,10.75,25.98,24.94,12.23,7.55,,10.39,,,10.8,17.99,19.99,24.04,,,27.57,15,23.5,21,17.75,43.98,37,22.1,,26.1,22,19.6,22,7.2,18.73,23.1,,,16,,21,21.5,9,,16.69,17.82,15.8,22.5,21,10.48,22.1,,7.07,21,24,2,3,45,0.4136788953,0.8526519387
Michigan St.,Western Mich.,15.5,15.56,12.57,21.42,18.82,23.48,15.09,18.98,15.61,12,18,12,16.01,9.5,15.55,10.27,19.68,15.68,16.73,17.1,1,23.75,19.46,32.38,22,15.79,,15.47,,,9.9,17.09,16.07,17.09,,,15.55,19,17.5,20,21.14,28.61,-1,17.7,,19,19,18.8,15.5,20.8,18.9,12.15,,,13,,9,17.8,22,,17.95,12.42,14.8,16,0.5,23.5,16.78,,5.10,17,51,2,34,68,0.5294026713,0.8421589176
Mississippi,Arkansas,6.5,10.54,9.83,11.72,5.24,14.84,9.74,5.42,8.84,9,1.5,8,13.85,5.5,10.78,7.15,8.55,16.29,9.79,12.13,1,13.05,9.72,14.38,11.8,9.57,,10.44,,,9.2,9.92,10.38,6.1,,,11.91,15,7.5,9,10.2,17.89,3,5,,12.5,10,3.4,7.5,12.4,10.62,12.75,,,8,,17,5.4,13,,11.19,5.02,8.6,6.5,3.5,10.9,9.74,,3.66,17,31,2,14,48,0.5800238591,0.7260642887
Mississippi St.,Southern Miss.,16.5,20.31,13.23,25.53,17.35,31.43,16.59,15.27,20.33,12,21,11,17.74,15,20.31,10.21,28,19.14,20.11,20.08,5,24.75,18.45,35.63,23.76,16.19,,16.04,,,20.1,20.21,21.8,22.3,,,18.94,27,16.5,18,23.46,24.95,34,23,,17.8,20,21.5,17,15.4,14.26,22.65,,,14,,23,23.8,22,,28.61,15.42,12.9,16.5,9,21.65,20.71,,5.27,15,38,2,23,53,0.5854369114,0.885370211
Missouri,West Va.,13.5,3.03,6.87,2.63,11.4,8.03,-0.88,0.75,-0.47,1,-3,9,12.69,-2,3.57,3,-0.01,-3.29,4.38,7.1,-3,2.55,9.97,0.31,2.2,-4.09,,-1.74,,,6.1,4.61,-1.71,0.22,,,12.56,7,10.5,7,2.05,14.29,13,10,,15.9,6,6.9,12.5,12.4,6.14,-18.4,,,10,,13,9.6,5,,2.54,5.82,5.6,13.5,-7.5,2.55,4.22,,6.28,7,38,2,31,45,0.2965802064,0.6012509095
North Carolina,Miami (Fla.),-5,-3.26,-2.17,-6.18,-7.1,-21.88,-4.19,-7.1,0.01,2,-9,-5,-5.79,-6,-3.72,0.25,-7.92,-9.73,-5.41,-2.18,1,-5.85,-7.83,-15.69,-5.54,-0.1,,-0.9,,,-6.3,-5.66,-3.38,-0.69,,,-4.58,-7,-6,-6,-5.27,-7.58,-10,-6.8,,-5.8,-6,-4.4,-5,-0.5,-5.22,-5.8,,,-4,,-5,-7.1,-7,,-12.52,-0.87,2.8,-4,-5,-3.56,-7.94,,3.98,25,28,2,3,53,0.4900069418,0.3704893279
Ohio St.,Cincinnati,15.5,21.01,15.17,18.8,12.4,14.33,17.69,13.26,19.06,11,18.5,8,17.12,24,21.28,13.87,20.46,14.49,15.89,13.71,11,14.95,14.45,21.75,17.55,7.39,,9.28,,,17.4,16.07,16.14,21.44,,,9.74,18,17,13,12.94,24.13,18,16.6,,16.9,15,16.2,15.5,16.3,10.82,11.2,,,14,,9,16.5,16,,12.58,16.22,14.9,15.5,13,24.58,24.54,,4.39,0,42,2,42,42,0.5094459855,0.8326773858
Oregon,Nevada,24.5,21.88,8.07,13.61,22.49,20.12,12.28,9.03,17.89,8,18,20,16.12,9.5,22.45,2.71,16.3,13.2,17.12,9.66,7,15.75,23.98,23.5,12.77,13.37,,14.01,,,14,16.73,10.45,19.69,,,25.37,16,23,22,16.46,34.32,38,23,,22.1,17,20,23.5,17.2,20.02,11.4,,,23,,18,21.7,23,,13.48,12.52,19.3,24,6.5,11.33,15.59,,5.82,6,77,2,71,83,0.3312418112,0.8443635205
Penn St.,Buffalo,30.5,31.47,13.81,20.25,29.59,18.65,31.14,15.44,31.23,9,24.5,21,26.63,17,31.5,5.26,32.7,14.92,24.74,13.25,9,39.95,26.14,35.38,31.83,11.17,,12.57,,,19.8,25.45,31.19,25.9,,,38.67,25,24,32,26.42,33.67,33,32,,33,25,31.1,30.5,17.3,20.5,18.7,,,32,,19,33.1,26,,22.38,19.82,20.9,29.5,19,24.08,32.87,,8.36,13,45,2,32,58,0.3740748046,0.9160655848
Pittsburgh,Ohio,4,5.09,3.06,8.1,9.35,-6.29,3.34,-0.82,2.54,-3,-9,6,3.98,-0.5,5.47,2.43,-0.43,10.57,4.22,1.26,2,0.15,3.82,0.94,0.81,-0.2,,-1.03,,,1.2,3.58,6.15,3.84,,,10.08,4,6.5,4,1.77,19.26,16,11.6,,8.8,2,14.6,4,2.9,2.74,1.35,,,5,,7,13.7,1,,-0.75,7.02,9.5,5.5,2,5.5,5.17,,5.06,10,20,2,10,30,0.5052677718,0.5999782167
Purdue,Vanderbilt,7,5.02,5.9,7.43,3.26,12.19,3.76,-1.14,3.44,7,-10.5,5,6.47,3.5,5.26,5.53,4.3,9.2,4.17,-2.26,-2,-1.55,7.24,2.13,0.74,0.78,,2.25,,,2.8,4.31,4,4.09,,,1.66,6,9.5,2,4.31,1.01,10,7.2,,7.2,8,8.1,7,-2.4,0.47,9.85,,,6,,-2,6.9,3,,5.54,7.62,4.6,7,11,3,3.62,,4.00,24,42,2,18,66,0.4313727336,0.600537619
Rice,Wake Forest,-19.5,-20.4,-16.11,-27.82,-12.14,-20.5,-15.52,-13.32,-21.89,-1,-32,-18,-17.01,-22,-20.2,-15.51,-30.19,-13.64,-19.97,-20.92,-1,-23.85,-18.24,-37.69,-23.26,-14.19,,-10.74,,,-13.4,-20.3,-19.37,-24.48,,,-16.34,-21,-18,-26,-22.93,-28.94,-17,-22.2,,-14.3,-19,-19.5,-19.5,-19.2,-20.72,-19.85,,,-20,,-22,-21.7,-25,,-23.37,-20.68,-15.2,-19,-4.5,-30.1,-25.5,,6.61,41,21,2,-20,62,0.4890982431,0.1227728575
SMU,North Texas,3,4.76,5.32,4.12,5.73,-7.43,4,3.3,6.48,11,8.5,5,5.12,0.5,4.53,5.45,4.58,7.95,4.91,6.51,1,11.35,1.93,2.44,11.42,0.88,,0.2,,,2.5,4.94,3.73,4.68,,,6.55,10,4,5,4.89,2.48,1,7.5,,9.6,5,7.9,3,14.6,-5.1,-3.35,,,-3,,14,8,9,,0.19,4.72,4.3,3,6,9.1,2.68,,4.40,27,49,2,22,76,0.5461556564,0.6171796001
San Jose St.,Tulsa,-6.5,-6.29,-2.45,1.54,-4.19,-7.57,-1.33,2.46,-5.24,6,-8.5,-2,-5.39,0.5,-6.44,-0.48,-7.64,1.47,-3.31,5.66,-3,-1.75,-5.02,0.38,-1.98,-0.89,,-1.27,,,-7.5,-3.75,-0.29,-4.68,,,-1.64,-4,-7,-8,0.63,-6.31,-14,-6.2,,-7.6,-5,-2.4,-6,1.9,-3.07,-6.1,,,-4,,-5,-4.3,-3,,-1.45,-4.68,-3.5,-6.5,-7.5,-2.7,-4.89,,3.39,34,16,2,-18,50,0.5778969832,0.4192123767
Tennessee,BYU,3.5,2.22,1.43,-1.97,8.98,-4.57,-1.47,-3.48,-0.95,-2,-6.5,6,1.23,2.5,2.71,1.56,-4.59,3.74,0.11,0.59,2,-8.35,0.3,-7.63,-11.44,-5.17,,-3.62,,,6.2,0.95,2.87,1.9,,,8.43,-5,3,-1,0.01,10.95,7,6.7,,5.8,-2,8.2,3,-11.6,1.01,-1.7,,,1,,1,8.5,-9,,-0.98,1.02,4.9,3.5,1.5,-10.72,0.89,,5.25,29,26,2,-3,55,0.4196649621,0.5026245944
Texas,LSU,-6.5,-5.09,-4.24,-2.62,-7.03,1.61,-1.38,-4.14,-4.88,-3,-4,-9,-5.95,-5.5,-5.11,-3.09,-3.55,2.47,-4.3,-3.52,-5,-1.35,-6.2,-3.94,2.39,1.21,,1.67,,,-11.6,-3.97,-3.26,-3.03,,,-11.82,1,-4.5,-2,-0.14,-13.55,-1,-10.6,,-7.3,-2,-8.4,-6.5,-4.3,-5.21,-8.35,,,-9,,-16,-11.2,-4,,-1.59,4.92,-9.8,-6.5,0.01,0.5,-3.06,,4.50,45,38,2,-7,83,0.5530365096,0.3971955025
Texas St.,Wyoming,-7,-18.71,-11.51,-15.42,-4.56,-6.82,-17.43,-18.6,-21.59,-7,-10,-9,-11.34,-16,-18.33,-11.62,-22.59,-11.85,-12.02,-15.48,-2,-22.15,-8.93,-25.25,-20.72,-7.21,,-7.55,,,-1.3,-11.46,-15.09,-20.37,,,-5.81,-15,-8,-17,-15.87,-1.58,2,-11,,-6.2,-11,-11.4,-7.5,-13.7,-4.68,-8.35,,,-5,,-4,-9.9,-16,,-15.11,-5.78,2.9,-7,-6.5,-23.62,-22.01,,6.37,23,14,2,-9,37,0.3845784309,0.2411182105
Texas Tech,UTEP,34.5,37.8,22.34,35.28,24.3,34.83,36.17,29.59,37.49,19,39,21,35.06,23,37.85,13.88,38.35,19.64,32.64,29.57,3,47.95,37.79,46.38,42.65,15.71,,18.71,,,25.4,34.95,35.65,33.72,,,33.61,36,33.5,41,30.14,31.87,25,42.9,,30.4,33,38.6,34.5,39.3,35.31,34.8,,,39,,28,44.3,45,,40.43,24.82,28.3,34.5,12,37.86,42.45,,9.74,3,38,2,35,41,0.4602199863,0.9601753502
UCLA,San Diego St.,7.5,6.72,4.26,8.14,14.09,-4.62,3.88,5.09,4.14,7,21,10,13.8,-5.5,7.1,-2.11,2.58,-1.19,8.69,9.1,1,11.15,10.42,2.13,13.47,5.85,,6.51,,,4,8.07,7.43,3.78,,,18.98,12,7,9,5.73,21.16,30,14,,16.7,8,12,7.5,16.7,11.16,5.65,,,9,,11,14.5,16,,6.63,5.43,11.1,7.5,-5,11.74,5,,6.04,23,14,2,-9,37,0.527926166,0.6955339594
UNLV,Arkansas St.,0,0.29,2.97,-3.03,-1.13,-5.85,3.07,-0.01,2.76,6,-1.5,-1,2.19,-4,-0.01,3.5,-10.06,-10.28,-2.54,-4.09,-7,-3.35,-4.23,-3.31,-2.23,-2.73,,-2.18,,,-6.7,-2.23,1.77,-0.11,,,2.5,-6,2,-1,-0.76,-2.22,-10,-1,,-2.1,-4,0.9,0,-4.5,-7.78,-6.95,,,2,,-4,-1.5,-5,,-8.32,-4.18,-4.8,1.5,-9.5,-1.59,-4,,3.65,43,17,2,-26,60,0.4380398492,0.4380398492
USC,Stanford,3,-0.34,2.35,-2.23,1.33,-5.83,0.86,0.45,-0.55,4,-3,1,0.65,-4.5,-0.31,3.47,-1.14,-8.89,-0.61,-1.16,-1,-0.45,1.57,-3.56,-1.45,-1.93,,-2.31,,,-0.3,-0.31,-2.91,-0.01,,,4.02,2,3.5,0.01,-2.04,-7.36,-1,-2.1,,3,1,0.01,2.5,-0.3,2.98,3.25,,,1,,-3,-2.4,2,,-4.17,5.42,1.7,1.5,3,-11.06,-1.2,,3.19,20,45,2,25,65,0.4117858612,0.4849739715
Utah,Northern Ill.,21.5,17.83,15.17,21.39,25.07,14.85,15.77,17.97,17.3,18,20.5,13,23.17,10,17.9,9.84,21.74,16.28,19.69,11.32,5,21.05,22.99,32.38,21.58,19.16,,22.06,,,14.9,19.08,18.82,17.43,,,25.97,25,23,25,23.87,30.99,24,25.4,,28.2,25,24.8,21.5,22,12.88,17.6,,,19,,12,25.1,24,,19.61,14.73,13.8,21.5,11.5,17.72,18.74,,5.24,17,35,2,18,52,0.4568872553,0.8805830042
Virginia Tech,Old Dominion,28.5,29.37,15,22.42,23.68,21.46,26.09,17.5,27.12,13,22,22,25.94,15,29.7,7.7,27.79,17.68,24.62,16.83,4,29.35,27.73,34.25,25.66,16.22,,17.98,,,20.5,25,23.12,24.56,,,34.73,27,26.5,32,22.3,38.55,25,36.2,,32.7,25,35.7,28.5,28.6,23.85,19.65,,,35,,32,35.6,29,,15.78,18.32,25.9,28,7,24.18,27.4,,7.67,17,31,2,14,48,0.4128968457,0.9187346381
Washington,California,13.5,19.17,15.75,17.24,13.46,17.63,16.13,12.93,18.63,11,16,7,18.11,13.5,19.24,14.18,17.06,17.59,15.26,14.16,3,23.85,11.86,25.5,18.98,14.46,,17.14,,,17.7,15.58,14.08,17.56,,,18.2,18,12.5,14,18.76,13.14,13,9.2,,20.3,13,8.4,13.5,18.1,15.6,15.55,,,9,,10,9.3,14,,16.15,14.42,10.2,13.5,13,20.19,11.65,,3.89,20,19,2,-1,39,0.5428790802,0.8247754805
Wisconsin,Central Mich.,35,36.18,27.22,32.12,26.92,32.47,31.52,27.4,35.77,28,42.5,20,35.14,22.5,36.23,21.94,34.26,19.59,32.66,27.52,8,38.35,34.24,52.75,39.14,23.9,,27.16,,,30.2,32.58,32.68,31.52,,,30.73,36,34,39,36.53,49.01,31,38.7,,45.5,35,37.5,35,33.8,31.4,30.95,,,30,,31,39.1,34,,32.93,25.82,19.4,35,23,39.2,36.27,,7.24,0,61,2,61,61,0.4466500579,0.9694023685
Arizona,Texas Tech,-2,-14.4,-3.06,-0.88,-5.3,-9.2,-8.67,-12.38,-16.47,-4,-8,3,-8.94,-4,-14.1,-0.54,-2.79,4.23,-4.04,-0.25,-22,-8.85,-3.47,-17,-7.01,0.72,,0.29,,,3,-3.8,-8.45,-7.87,,,-1.23,-5,-2,0.01,-7.34,5.22,14,-2.6,,0.6,-3,-4,-2,-3.8,-1.92,-8.3,,,-9,,1,-3.8,-2,,-7.11,-0.26,-4.1,-2,6,-0.91,-10.09,,5.61,14,28,3,14,42,0.451776092,0.4051749649
Arkansas,Colorado St.,10,11.86,2.01,7.94,15.2,0.25,3.7,11.64,11.24,15,18,8,3.9,6,11.94,1.2,9.58,10.6,8.77,3.29,-14,9.05,11.79,9.19,4.82,4.44,,3.4,,,12.7,8.46,4.98,10.71,,,8.83,8,10,12,7.42,14.71,18,19.6,,10.8,10,17.2,10,4.7,12.27,2.65,,,1,,4,20.7,5,,6.53,5.84,8.1,10,4.5,9.73,4.51,,5.78,34,55,3,21,89,0.4709800797,0.698159976
Auburn,Kent,35.5,34.4,26.8,37.36,34.89,33.02,34.64,34.75,35.87,32,50.5,25,40.96,28.5,34.22,20.72,44.04,19.6,34.65,31.48,19,39.25,34.57,57.38,34.55,26.76,,31.58,,,34.8,34.58,34.58,33.52,,,35.41,42,35,34,40.8,43.61,35,33.2,,44.3,39,31.8,35.5,36,31.15,26.95,,,32,,36,34.3,41,,38.42,26.84,28.9,35.5,18,35.96,41.92,,6.65,16,55,3,39,71,0.4803050867,0.9779575714
BYU,USC,-4,-13.44,-5.61,-5.63,-4.32,-5.64,-14.44,-9.98,-15.83,-7,-5,-2,-11.68,-8,-13.15,-3.01,-8.51,-8.04,-6.86,-11.55,-26,-12.15,-3.21,-18.38,-11.58,-3.02,,-5.61,,,-0.9,-5.95,-12.62,-9.77,,,-5.37,-6,-4.5,-6,-9.58,-5.02,-14,-2.7,,-9.9,-8,-3.3,-4,-5.9,2.9,-15.15,,,-2,,-1,-2,-3,,-2.49,-2.96,2.4,-4.5,2,-6.41,-9.38,,5.23,27,30,3,3,57,0.4320691414,0.3407483502
Ball St.,Florida Atlantic,-2.5,-8.11,1.82,-7.3,1.22,6.56,-3.1,4.26,-7.69,-1,1,-0.25,3.49,-3.5,-8.17,1.1,-13.63,-5.68,-2.84,-2.92,22,-6.25,-2.33,-3.13,-5.81,-7.2,,-5.86,,,-3.1,-3.01,-1.07,-7.07,,,2.44,-8,-3,-4,-1.88,4.56,-2,-0.9,,-2.2,-6,0.4,-2.5,-1.2,-6.88,-9.95,,,-6,,9,-0.01,-9,,-11.38,-6.36,6,-2.5,2.5,-0.12,-7.27,,6.00,41,31,3,-10,72,0.4920075398,0.4335453346
Boston College,Kansas,20,18.25,19.36,17.47,22.19,19.3,20.59,13.72,21.73,17,2,17,23.42,21.5,17.77,17.62,17.94,18.92,17.98,21.88,27,15.05,21.72,37.63,14.88,16.1,,19.81,,,19.6,17.74,18.16,15.63,,,21.88,20,18.5,24,25.51,17.71,11,16.4,,24.8,21,13.8,20,15.7,9.56,17.35,,,14,,16,15.2,22,,10.32,10.64,12.5,21,17,17.67,18.91,,4.35,48,24,3,-24,72,0.4511614996,0.8626702394
Bowling Green,Louisiana Tech,-11.5,-8.28,-2.7,-5.91,-6.18,-4.85,-0.12,-3.75,-8.16,-7,7,-5,3.18,-7.5,-8.29,-5.21,-17.31,-10.73,-6.28,-0.86,12,-2.25,-8.84,-7.94,-1.6,-7.31,,-6.94,,,-13.3,-6.97,-2.08,-8.16,,,-4.78,-5,-9.5,-13,-4.32,-7.42,-6,-7.8,,-5.9,-10,-7.9,-10.5,-0.2,-17.45,-5.25,,,-4,,-9,-8.2,-7,,-9.87,-10.66,-1.1,-11,-2,-9.42,-7.86,,5.05,35,7,3,-28,42,0.6229938323,0.3530926323
California,North Texas,14,7.73,10.48,18.57,19.11,9.87,17.43,12.68,10.83,12,21,8,11.22,11,7.31,10.16,19.24,16.95,15.35,17.24,9,28.55,13.87,28.31,26.85,12.6,,10.24,,,10.6,16,18.85,9.25,,,16.89,16,14,22,20.14,17.12,5,20.4,,11.6,16,20.5,14,20.6,3.08,16.05,,,19,,9,19.7,23,,11.49,9.84,11.5,14,9.5,30.15,19.18,,5.75,17,23,3,6,40,0.5318641491,0.8183611408
Central Florida,Stanford,9,18.57,10.79,7.95,7.2,15.43,8.11,13.98,18.82,24,10.5,8,15.55,9,18.53,8.74,10.92,12.88,11.39,10.63,25,17.75,13.74,14.38,16.62,6.43,,9.67,,,8.7,10.71,7.81,8.84,,,14.35,15,6,9,11.87,-9.07,-1,10.1,,15.4,10,8.7,9,18.9,4.56,19.4,,,13,,11,8.7,19,,11.24,9.74,12.1,8.5,9,7.65,7.38,,5.46,27,45,3,18,72,0.556603245,0.7512588933
Central Mich.,Akron,1,13.6,3.06,3.11,3.56,4.62,15.03,0.73,16.24,15,2.5,6,6.91,5,13.23,1.4,-1.01,0.95,4.51,4.19,8,3.55,6.26,4.19,0.01,0.23,,0.33,,,4.3,4.19,5.1,7.77,,,6.29,2,5,7,5.26,-2.57,9,-1.2,,7.1,6,-0.7,1.5,4.5,-0.93,9.7,,,4,,9,-1.3,4,,-0.52,-1.06,4.8,1,3.5,0.96,4.97,,4.51,24,45,3,21,69,0.5842187667,0.6076870858
Charlotte,Massachusetts,20.5,11.84,19.17,8.01,10.48,10.22,13.28,17.78,14.71,25,11,17,30.18,12,11.46,14.45,6.13,13.41,14.83,18.41,31,18.95,8.45,11.44,20.71,10.46,,12.11,,,10.1,13.99,13.46,6.94,,,17.16,14,18,20,10.73,15.88,7,20.3,,20.9,17,17,19.5,27.1,22.9,24.8,,,19,,13,19.4,18,,13.97,5.44,9.2,20,8.5,15.15,7.92,,5.99,17,52,3,35,69,0.3691340191,0.808932793
Cincinnati,Miami (Ohio),17,11.75,10.02,11.46,12.66,5.18,7.13,9.91,13.38,-4,7,13,6.72,8.5,11.53,11.43,12.13,12.36,12.1,6.62,-12,9.75,16.3,20.25,7.75,17.6,,18.88,,,14.5,12.07,7.15,12.02,,,14.05,11,15,21,15.58,20.68,18,15.3,,13.6,15,16,16,7.8,16.64,14.75,,,8,,16,15.9,14,,11.44,9.74,12.3,17.5,9.5,8.71,8.92,,5.55,13,35,3,22,48,0.3853860329,0.7640815568
Colorado,Air Force,3.5,2.27,6.41,4.45,6.73,1.83,3.67,4.93,4.9,4,7,3,1.82,6.5,1.92,8.38,8.32,6.78,4.01,3.51,-1,0.35,-2.84,4.19,2.03,13.09,,8.67,,,3.6,3.56,6.64,2.46,,,2.99,3,3.5,7,6.99,12.31,1,3.1,,4.2,2,2.2,3.5,-2.3,2.04,2.7,,,-3,,3,3.6,-1,,-0.55,2.94,-2.1,4.5,10.5,10.42,4.8,,3.86,30,23,3,-7,53,0.5124521686,0.5969496276
Georgia,Arkansas St.,32.5,6.32,19.61,28.98,31.05,19.69,19.26,22.59,6.84,15,30,20,21.45,24.5,6.25,18.82,33.93,19.35,25.38,31.09,8,25.35,28.81,38.56,26.51,19.31,,22.2,,,27.7,26.9,24.88,19.48,,,27.79,26,33.5,31,26.43,35.75,30,35.2,,27.3,28,32.3,31.5,36.4,29.89,37.15,,,30,,20,34.6,28,,28.42,25.84,22.2,33,12,29.85,27.6,,7.63,0,55,3,55,55,0.3430026902,0.9252226653
Houston,Washington St.,-9.5,-13.14,-6.47,-9.78,-10.48,-9.45,-9.89,-13.8,-13.22,-9,-24.5,-11,-9.34,-8.5,-13.12,-5.25,-5.76,-12.43,-11.14,-6.93,-24,-19.45,-7.09,-23.69,-15.29,-7.56,,-11.74,,,-5.8,-11,-16.51,-8.62,,,-14.78,-11,-6,-11,-14.37,-25.24,6,-12,,-7.6,-11,-12.3,-9.5,-17,-10.62,-8.65,,,-8,,-12,-14.3,-13,,-17.52,-1.16,-7.9,-9,4.5,-18.91,-11.4,,5.31,31,24,3,-7,55,0.4609771953,0.2528673221
Illinois,Eastern Mich.,7,4.87,3.18,4.02,8.74,0.59,7.77,9.43,5.18,4,3,9,2.46,2.5,4.83,3.48,0.53,8.82,5.91,0.47,19,1.95,10.66,9.75,1.28,2.86,,3.53,,,4.2,4.85,4.17,3.83,,,9.3,-3,7.5,9,6.65,20.62,31,11,,10.8,6,13.4,7,7.9,5.08,4.7,,,8,,9,12.5,-3,,-1.21,5.84,7.3,7,-0.5,-1.55,1.38,,4.82,34,31,3,-3,65,0.4738072564,0.6391700722
Indiana,Ohio St.,-17.5,-21.27,-11.73,-14.96,-16.83,-18.24,-17.06,-21.11,-20.8,-5,-16.5,-7,-11.96,-22,-21.34,-11.63,-19.8,-13.17,-15.59,-17.5,-1,-21.25,-12.32,-23.31,-20.22,-15.26,,-18.4,,,-13.6,-15.63,-13.5,-19.69,,,-10.77,-16,-13.5,-16,-13.62,-20.8,-13,-12.9,,-14.9,-16,-11.3,-17.5,-20.1,-5.37,-19.5,,,-11,,-12,-11.3,-14,,-17.18,-6.66,-11.5,-16.5,-11.5,-29.11,-19.45,,5.12,51,10,3,-41,61,0.5455870951,0.1749599208
Iowa St.,Iowa,-1.5,-6.71,-5.51,-8.54,-2.86,-6.58,-9.84,-5.4,-6.83,1,-2,2,-17.9,-7,-6.7,-0.21,-3.83,-0.4,-4.78,-9.85,-19,-15.55,1.82,-10.5,-10.93,1.55,,-1.27,,,-6.7,-5.45,-8.86,-1.98,,,-2.66,-8,1,-1,-5.87,2.14,-9,-3.9,,-9.9,-6,-1.4,-1.5,-7.4,-3.28,6.7,,,1,,-11,-4,-8,,-8.74,3.44,1.1,-2.5,-2,-6.47,-5.35,,5.25,18,17,3,-1,35,0.422243127,0.3874908139
Kentucky,Florida,-8,-5.29,1.08,-0.86,-2.7,-1.99,0.71,4.19,-4.41,6,-7,-1,-1.41,1.5,-5.39,2.15,-1.69,-6.11,-3.25,0.61,4,-2.25,-7.29,-0.63,-2.6,-4.7,,-3.23,,,-5.2,-2.85,0.5,-5.95,,,-5.81,-2,-8,-10,-0.01,-3.22,-11,-9,,-7.7,-3,-7.1,-7,-6.5,-9.5,1.2,,,-6,,-6,-8.8,-7,,-3.4,-0.66,-0.4,-8,0.01,-1.49,-2.23,,3.67,29,21,3,-8,50,0.6146827462,0.4209443549
Liberty,Buffalo,-6,-11.55,-8.02,-11.21,-2.8,-6.42,-4.52,-8.4,-12.55,-7,-12,0.25,-13.18,-13,-11.41,-5.81,-12.17,-11.24,-5.88,-7.35,-25,-6.35,-2.5,-14,-5.86,-8.32,,-11.21,,,-4.1,-6.35,-6.35,-9.14,,,-1.63,-11,-4,-3,-6.44,1.22,-8,1.2,,-5,-10,2.7,-6,-3.3,0.16,-5.75,,,-2,,10,2.3,-4,,-11.42,-2.56,-0.2,-6,3,-5.1,-8.77,,5.73,17,35,3,18,52,0.5028364572,0.3637735889
Louisville,Western Kentucky,10,16.2,9.55,9.54,0.53,0.25,15.76,-2.24,15.85,-6,-5,7,17.26,8.5,16.25,6.26,5.3,-1.9,5.99,1.26,6,7.6,9.94,12.19,1.82,1.51,,3.87,,,-6.2,6.62,11.69,11.81,,,10.56,1,7.5,14,6.65,14.62,11,5.7,,11.9,7,7.1,9.5,-1.3,-4.41,6.55,,,11,,2,8.5,1,,-0.59,3.5,6.6,10,-5,2.12,11.62,,6.30,21,38,3,17,59,0.4071837412,0.6371043149
Marshall,Ohio,5,1.11,5.57,-0.98,14.52,1.88,3.08,2.24,2.08,8,-8.5,7,9.5,2.5,0.97,3.89,-1.67,-6.95,2.1,2.53,13,-4.95,3.64,2.69,-4.61,3.33,,6.03,,,-2.9,2.16,0.35,-0.93,,,8.63,-2,4,5,3.45,9.75,5,-0.7,,9.6,3,0.3,4.5,1.4,-0.17,6.85,,,2,,11,-0.4,-1,,-5.75,2.24,3.1,5.5,-1.5,-1.36,-3.01,,4.92,31,33,3,2,64,0.4307344846,0.5502786359
Michigan St.,Arizona St.,14.5,22.28,11.1,9.98,12.67,16.14,13.87,7.32,22.23,11,13,12,20.47,8,22.28,7.09,8.77,11.96,12.52,7.57,9,15.35,13.81,15.63,13.63,7.7,,8.36,,,8.3,12.5,11.52,14.72,,,17.67,9,11,15,13.69,14.34,-4,14.8,,22.1,12,15.4,14.5,12.4,14.63,14.75,,,12,,10,14.8,12,,7.03,9.24,12.6,14.5,6,11.1,12.95,,4.17,10,7,3,-3,17,0.4519900165,0.7772098607
Middle Tenn.,Duke,-6.5,-10.82,-0.52,-11.44,2.48,2.17,-5.14,-6.87,-10.54,1,-12,-3,-1.66,-0.5,-10.86,-0.01,-5.16,-4.06,-5.31,0.74,5,-8.55,-5.24,-17.06,-8.25,2.75,,2.06,,,0.5,-5.65,-8.59,-10.92,,,-4.48,-8,-7,-7,-6.05,-14.64,-20,-9.1,,-4.4,-5,-9.8,-6.5,-7.9,1.73,5.1,,,-9,,-5,-9.5,-9,,-1.61,-4.36,-6.3,-6.5,18,-11.77,-7.73,,6.02,41,18,3,-23,59,0.5279409785,0.3772250957
Minnesota,Georgia Southern,16.5,20.79,9.74,15.85,25.32,13.94,19.41,9.41,21.9,24,22,12,18.4,12.5,20.65,6.02,23.47,10.96,16.79,16.14,4,25.25,17.14,26.19,21.73,3.69,,4.3,,,7.8,17.8,18.75,16.76,,,19.5,17,15.5,19,18.76,19.27,14,17.2,,18.8,17,17.9,16.5,18.6,15.7,22.35,,,21,,14,17.7,24,,11.1,11.64,12.2,16.5,10.5,18.47,19.85,,5.94,32,35,3,3,67,0.5068250361,0.8390430661
Mississippi St.,Kansas St.,7.5,-1.79,8.91,14.46,7.43,9.76,-0.12,6.4,-1.17,-1,-4,10,6.48,12,-1.88,9.95,11.04,13.37,8,8.1,-13,1.85,4.54,13.94,4.28,13.17,,13.47,,,16.1,9.03,5.37,5.03,,,9.07,13,7,8,10.57,12.23,25,9.1,,10.4,11,4.9,7.5,7.5,12.44,-3,,,3,,18,9.4,4,,14.29,9.64,4.9,8,9,9.7,2.21,,6.04,31,24,3,-7,55,0.5117435208,0.6811990204
Navy,East Carolina,7.5,13.13,6.16,12.48,10.1,16.57,14.63,7.65,13.31,10,15.5,3,8.56,12.5,13.1,5.13,16.89,15.02,9.49,9.13,19,13.95,14.27,16.19,12.38,2.39,,3.86,,,6.1,10.03,10.05,12.19,,,6.53,16,7,11,11.11,-2.66,-9,5.2,,10,10,6.1,7.5,4.9,4.71,14.15,,,10,,2,5.3,11,,13.98,5.44,6.8,7.5,9.5,11.99,16.18,,4.72,10,42,3,32,52,0.5478217505,0.7166856923
Nebraska,Northern Ill.,14,9.02,7.87,14.91,10.27,2.42,5.1,5.29,6.81,1,16.5,7,19.4,3.5,9.34,2.93,8.66,14.32,9.44,0.01,4,9.15,10.55,11.56,10.88,8.47,,11.66,,,6.7,9.7,8.69,14.21,,,13.41,12,15,15,10.06,15.51,25,12.5,,15.5,11,16,13,9.1,5.83,-6.45,,,5,,-1,13.3,7,,10.83,11.84,4.8,14,11,7.16,11.27,,5.01,8,44,3,36,52,0.3920686053,0.7146722609
New Mexico St.,San Diego St.,-15.5,-16.32,-11.52,-14.4,-17.04,-25.22,-13.34,-23.09,-18.77,-5,-3.5,-6,-15.15,-19,-15.99,-9.96,-18.79,-12.7,-15.52,-10.86,-31,-21.35,-16.15,-26.94,-20.85,-11.74,,-15.86,,,-18.7,-15.93,-16.48,-16.99,,,-16.11,-15,-16,-28,-16.51,-6.6,-3,-18.7,,-14.6,-15,-18.2,-15.5,-15,-10.84,-23.95,,,-11,,-20,-18.4,-13,,-16.21,-12.16,-14.8,-15.5,-12,-15.7,-19.55,,5.25,31,10,3,-21,41,0.4995227714,0.1766315929
Northwestern,UNLV,17.5,19.13,14.35,26.01,17.28,9.36,15.51,16.32,18.43,21,35,15,22.8,19,19.25,10.72,23.44,19.6,21.72,24.08,-11,26.85,22.84,36.81,26.83,19.59,,21.69,,,20.7,21.55,22.76,19.06,,,19.56,25,20,25,25.55,38.46,14,28.5,,23.2,24,26.3,18.5,21.5,20.39,16.75,,,21,,3,29.5,24,,25.31,15.54,21.6,18.5,19,30.18,25.4,,7.43,14,30,3,16,44,0.5951282162,0.8923561631
Notre Dame,New Mexico,35,34.98,27.41,34.32,32.61,26.21,28.37,23.82,34.12,21,38.5,29,38.27,29,35.09,22.76,35.16,19.66,33.86,24.42,11,37.45,33.98,52.44,36.58,26.48,,28.52,,,34.7,34.84,32.96,33.42,,,36.15,39,37,40,37.6,51.97,42,40.6,,39.5,36,35.2,35,36,38.42,37.25,,,34,,21,40.1,43,,35.85,26.84,32.6,35,18,46.97,33.5,,7.46,14,66,3,52,80,0.4740904536,0.9732186521
Penn St.,Pittsburgh,17.5,15.94,13.55,12.69,20.91,17.47,20.73,12.78,16.42,15,9.5,11,26.55,16.5,15.87,7.99,22.9,12.15,15.44,11.22,37,20.15,20.77,22,16.56,10.76,,13.55,,,14.5,14.75,19.93,13.65,,,22.3,18,16.5,16,17.58,13.62,9,13.3,,24,17,12.2,17.5,11.4,8.81,20.7,,,15,,15,12.8,14,,11.85,13.94,11.4,17,13,10.1,19.77,,5.11,10,17,3,7,27,0.4508468106,0.8227293604
Purdue,TCU,-2,-15.58,1.25,6.24,-2.7,-3.43,7.65,0.93,-16.02,-3,-10,4,0.58,-4,-15.52,1.53,1.47,10.1,1.32,5.11,-18,9.75,1.51,-2.94,7.77,-0.18,,-1.01,,,-1.3,1.49,3.02,-10.45,,,1.13,2,2.5,-1,-0.82,2.4,1,10.4,,1.9,0.01,7.1,-1.5,1,0.77,-7,,,3,,13,11,8,,10.82,5.44,6.9,-2.5,6.5,4.28,3.54,,7.10,34,13,3,-21,47,0.5756980814,0.5302506923
Rice,Texas,-32,-29.92,-19.26,-34.33,-26.78,-24.72,-22.52,-23.66,-28.91,-7,-33.5,-19,-19.36,-23.5,-30.08,-19.21,-37.71,-13.66,-27.83,-24.18,-24,-30.95,-30,-49.38,-31.65,-24.24,,-28.2,,,-23.9,-28.96,-24.59,-33.65,,,-31.39,-31,-29.5,-38,-31.23,-39.07,-26,-33.2,,-28.6,-32,-31.1,-32,-28.3,-31.59,-22.4,,,-24,,-31,-32.9,-29,,-36.04,-22.16,-22.7,-32,-8.5,-34.31,-33.37,,6.80,48,13,3,-35,61,0.5954072472,0.0535263181
SMU,Texas St.,17.5,21.58,20.52,16.9,18.04,18.87,18.86,19.08,24.89,20,13.5,19,23.36,25.5,21.15,19.3,21.31,17.93,18.02,18.18,40,19.45,20.61,30.38,19.44,10.83,,13.78,,,10.2,19.04,18.89,20.62,,,17.22,22,18,22,24.14,12.71,13,19.7,,20.8,23,17.4,17.5,15.2,3.39,19.1,,,9,,12,19.2,16,,16.28,9.54,10.4,17.5,15,20.1,21.69,,5.50,17,47,3,30,64,0.512345091,0.8582565106
South Alabama,Memphis,-19,-24.92,-11.32,-16.53,-17.1,-10.68,-14.81,-18.76,-26.06,2,-16,-15,-12.7,-15.5,-24.76,-10.72,-19.36,-13.33,-18.66,-15.25,-20,-21.95,-18.67,-34.38,-21.31,-8.04,,-8.64,,,-23.5,-18.88,-14.76,-25.23,,,-17.95,-20,-21,-27,-21.31,-13.22,-28,-27,,-16.7,-19,-20.8,-19,-22.6,-23.75,-14.5,,,-20,,-17,-24.9,-29,,-22.25,-20.16,-12.7,-19,-16.5,-22.05,-19.55,,5.98,42,6,3,-36,48,0.5079961273,0.1356446787
South Carolina,Alabama,-25,-21.44,-19.43,-22.59,-21.75,-23.54,-18.15,-27.22,-23.26,-13,-28.5,-13,-17.92,-25,-21.17,-20.09,-30.12,-13.59,-20.3,-30.9,-12,-21.25,-18.25,-20.06,-24.07,-10.09,,-13.45,,,-30.2,-20.3,-19.82,-21.74,,,-15.59,-23,-25.5,-18,-13.27,-4.59,-16,-21.4,,-17.4,-20,-18.1,-24.5,-25,-14.74,-30.45,,,-17,,-26,-20.5,-22,,-24.07,-12.66,-14.3,-25,-17.5,-30.39,-23.6,,5.95,47,23,3,-24,70,0.6092069373,0.1155567543
Syracuse,Clemson,-28,-25.63,-15.96,-25.19,-21.1,-27.32,-25.14,-29.56,-27.11,-14,-31.5,-20,-22.71,-30,-25.42,-13.06,-32.06,-19.67,-23.33,-17.41,-27,-34.95,-24.75,-22.31,-33.66,-9.96,,-10.04,,,-26.5,-24.86,-22.45,-19.14,,,-28.4,-24,-26,-24,-13.4,-9.44,-29,-25.6,,-25.4,-25,-21.7,-27.5,-34.7,-20.59,-26.45,,,-27,,-23,-24.9,-28,,-24.82,-11.66,-17.5,-28,-19.5,-25.81,-29.9,,6.75,41,6,3,-35,47,0.6066931308,0.0881248307
Temple,Maryland,-7,-19.87,-7.67,-5.31,-6.06,0.7,-13.33,-1.73,-20.84,-15,-10.5,5,-21.8,3.5,-19.73,-1.62,-5.07,-2.67,-6.21,-4.29,-23,-20.45,-2.7,-9.88,-15.34,-0.39,,3.34,,,5.9,-5.06,-19.18,-9.63,,,-10.37,2,-5.5,-10,-5.05,-10.45,-16,-2.5,,-12.4,-5,-5.5,-7,-11.7,4.22,-11,,,-4,,-3,-4.7,2,,-2.06,-0.86,-0.5,-7,18.5,2.09,-9.81,,8.46,17,20,3,3,37,0.5175167658,0.3649489436
Texas-San Antonio,Army,-17.5,-11.72,-17.42,-21.18,-17.54,-11.64,-11.85,-15.71,-10.91,-9,-23,-9,-28.36,-13.5,-11.83,-12.74,-34.24,-13.49,-18.33,-17.32,-4,-30.05,-13.94,-29.06,-26.7,-14.07,,-17.52,,,-25.9,-17.53,-17.48,-14.75,,,-12.14,-24,-16,-26,-20.23,-9.09,-6,-23.1,,-20.8,-19,-20.5,-17.5,-21.4,-21.39,-11.95,,,-14,,-21,-22.9,-24,,-27.5,-20.16,-15.6,-17,-6.5,-27.24,-22.04,,6.47,31,13,3,-18,44,0.4806921306,0.1424790444
Troy St.,Southern Miss.,2.5,10.26,10.38,11.02,2.27,10.27,2.52,5.4,10.3,13,11,6,7.42,11.5,10.26,11.64,1.53,17.6,7,7.84,10,3.55,1.63,14.63,5.54,12.03,,14.73,,,4,7.1,4.16,9.41,,,0.63,8,3,4,11.28,3.75,8,1.6,,3.5,6,6,3,1.4,-5.81,5.9,,,1,,11,2.8,9,,6.89,3.84,1.4,2.5,15,7.31,7.71,,4.67,47,42,3,-5,89,0.6071740694,0.6638708791
Tulsa,Oklahoma St.,-14,-9.36,-6.35,-12.98,-10.97,-10.72,-10.52,-10.72,-8.69,-4,-11,-5,-7.49,-18,-9.44,-5.86,-18.12,-13.04,-11.98,-8.01,-14,-14.05,-10.81,-29,-15.15,-12.39,,-14.71,,,-8.6,-12.01,-14.46,-15.67,,,-12.02,-16,-13,-15,-16.91,-16.81,-7,-15.2,,-6.8,-12,-16.6,-14,-12.9,-9.58,-18.05,,,-13,,-7,-16.6,-11,,-17.63,-6.26,-8.4,-13.5,3.5,-14.87,-17.97,,4.37,40,21,3,-19,61,0.5488179528,0.2334443893
UCLA,Oklahoma,-23.5,-23.23,-21.29,-15.05,-9.04,-22.73,-19.84,-19.56,-27.01,-14,-19,-7,-18.87,-28,-22.66,-22.32,-23.86,-13.11,-18.65,-21.22,-42,-25.35,-22.47,-37.19,-26.23,-6.47,,-10.07,,,-17.1,-19,-22.35,-20.14,,,-11.67,-20,-19.5,-19,-23.19,-14.09,-1,-16.7,,-16.9,-18,-15.4,-23,-18.5,-12.55,-40.65,,,-10,,-15,-16.1,-19,,-19.97,-9.16,-11.4,-23,-16,-27.98,-24.93,,7.28,48,14,3,-34,62,0.6093858206,0.1427764194
Virginia,Florida St.,7.5,8.78,9.55,10.41,9.13,12.51,9.91,16.69,12.35,24,18,8,12.9,5,8.29,8.11,12.77,10.28,10.88,19.92,20,16.65,6.64,18.31,18.29,4.49,,7.84,,,1.6,9.81,13.75,2.44,,,5.51,17,8,7,15.12,8.74,3,9.4,,9.7,12,9.2,7.5,22.9,11.48,11,,,11,,8,9,22,,13.24,6.34,8.7,7.5,-3,13.28,6.62,,5.45,24,31,3,7,55,0.5798038038,0.7415936733
Wake Forest,North Carolina,3,1.11,8.98,7.36,-2.72,9.08,2.82,7.51,-0.28,15,16,10,7.88,9.5,1.27,9.45,3.16,13.2,5.13,6.3,4,8.65,3.61,13.06,9.23,3.56,,-0.59,,,5.2,5.05,4.89,1.57,,,-1.01,8,3.5,-3,7.91,14.34,-11,0.8,,-0.5,3,0.5,3,8.2,14.03,1.05,,,4,,2,2,12,,6.32,4.74,-3.8,3,0.5,5.46,6.24,,4.86,18,24,3,6,42,0.5510476535,0.6213487985
Washington,Hawaii,21.5,16.03,10.67,28.7,14.57,25.07,19.05,11.12,10.74,11,17.5,3,22.34,16.5,16.75,5.67,28.45,18.74,19.67,16.28,5,34.05,21.02,34.19,27.73,8.96,,14.14,,,26.2,19.41,18.44,23.24,,,22.27,32,20.5,21,20.51,19.16,19,20.6,,18.1,20,16.4,21.5,21.7,19.48,30,,,20,,3,19.1,25,,28.68,19.34,11.1,21.5,19.5,30.32,27.25,,7.50,20,52,3,32,72,0.4584884377,0.8687421495
West Va.,NC St.,-6.5,-9.88,-7.84,1.05,-6.57,-10.02,-1.91,1.07,-10.98,-2,11.5,-4,-16.23,-5.5,-9.71,-4.24,6.62,0.75,-1.22,-1.47,-33,2.65,-2.11,-6.75,-1.14,0.95,,-0.52,,,4,-1.07,-1.26,-3.6,,,-7.85,3,-5.5,-3,-5.08,-2.89,1,1.5,,-12,-4,2.5,-6,-0.5,14.09,-9,,,-1,,1,2.9,8,,6.77,-0.86,2.5,-6.5,14.5,1.55,2.94,,7.59,27,44,3,17,71,0.6179498316,0.4723589155
Western Mich.,Georgia St.,8.5,15.16,5.59,3.73,3.95,6.75,2.73,5.56,9.99,-2,12,11,9.12,10.5,15.87,4.08,0.39,14.9,8.18,0.72,1,3.05,13.59,9.94,1.72,4.72,,6.43,,,17.8,8.73,0.32,15.06,,,8.26,9,11.5,12,5.45,13.28,21,13.5,,9.8,10,9.5,8.5,4.3,10.69,8.55,,,8,,-6,12.5,4,,6.76,4.34,8.9,8.5,20,2.74,9.91,,5.28,10,57,3,47,67,0.4923689622,0.6875769556
Akron,Troy St.,-18.5,-17.91,-15.8,-18.61,-6.2,-12.3,-16.9,-23.34,-19.19,8,-18,-18,-28.02,-17,-19.13,-9.22,-20.7,-11.44,-15.91,-17.76,-23,-21.35,-12.94,-25.06,-21.24,-9.16,,-14.11,-9,,-11.8,-16.04,-13.88,-15.4,,,-13.82,-16,-16,-22,-12.46,-15.66,-17,-13.6,,-19.1,-18,-14.3,-18.5,-20.5,-11.44,-9.85,,,-16,,-22,-14.3,-22,,-18.43,-21.19,-10.2,-17.5,-13.5,-18.77,-16.04,,5.57,35,7,4,-28,42,0.5611706446,0.1721716158
Alabama,Southern Miss.,38.5,38.52,27.56,39.09,42.32,35.04,32.08,27.79,35.87,37,37,26,38.78,39,38.06,21.52,40.96,18.33,35.06,39.9,17,37.95,40.5,39.63,36.59,15.1,,22.04,23,,43,37,38.21,39.93,,,38.25,40,37,36,28.11,34.72,48,44.3,,39.8,38,42,38.5,31.7,25.69,35.45,,,33,,31,43.5,40,,39.95,32.81,31,38.5,27.5,32.15,44.26,,7.83,7,49,4,42,56,0.422959315,0.9761802134
Arizona St.,Colorado,7.5,14.79,6.54,10.18,12.2,4.41,5.18,8.71,18.06,15,10.5,12,1.72,13,15.5,9.14,11.22,14.21,10.68,9.98,6,8.75,7.38,21.81,8.71,13.66,,16.78,5,,9,10.5,6.98,12.88,,,7.47,10,7,13,14.91,15.19,25,11.1,,6.3,12,9.8,8,11,8.78,8,,,10,,12,10.6,13,,9.2,7.4,13.6,8.5,-3,12.17,4.1,,4.01,34,31,4,-3,65,0.5769982546,0.7428918505
Arkansas,San Jose St.,20.5,17.33,9.54,15.47,20.7,11.63,11.2,12.42,17.11,26,20.5,11,12.35,18,16.75,8.02,17.79,10.25,14.96,6.16,7,14.05,16.58,19.5,12.76,9.14,,9.08,14,,18.3,15,14.92,18.61,,,16.97,15,20.5,22,14.69,17.56,27,18.9,,16.2,18,17.4,19.5,12.4,10.25,15.85,,,15,,4,18.6,13,,14.28,9.61,13.3,21,11,16.89,16.11,,4.32,31,24,4,-7,55,0.3681551252,0.818411778
BYU,Washington,-6.5,-15.42,-3.68,-11.27,-4.27,-12.33,-10.2,-6.69,-11.88,-11,-8.5,2,-7.6,-5,-16.07,-1.58,-12.7,-4.05,-7.1,-3.5,-14,-13.05,-5.34,-12,-8.29,3.94,,-3.41,-5,,-8.5,-6.69,-10.81,-14.7,,,-5.32,-6,-6.5,-2,-6.37,-8.76,-16,-9.2,,-5.5,-6,-7.7,-6.5,-6,-3.41,-8.95,,,-4,,1,-8.3,-4,,-10.88,-2.79,-2.5,-6.5,0.5,-9.68,-9.46,,4.71,45,19,4,-26,64,0.4855478299,0.334045044
Boise St.,Air Force,7,12.33,6.43,10.98,5.57,12.73,4.97,3.36,11.4,-3,20.5,8,0.99,18.5,11.97,9.35,12.09,12.49,9.69,5.04,-10,8.25,6.01,17.13,9.58,17.65,,20.41,-4,,14.1,9.7,6.14,13.21,,,8.13,12,9.5,12,12.64,10.17,13,10.4,,7.6,9,9,7.5,10.7,9.61,10.9,,,5,,6,10.8,10,,9.48,7.71,9.7,7,8,11.13,8.81,,5.64,19,30,4,11,49,0.5634328905,0.7174217435
Buffalo,Temple,-14,-8.57,-14.85,-7.71,-13.96,-6.5,-13.21,-10.55,-16.5,-31,-10,-8,-25.9,-8,-9.07,-8.9,-9.17,-3.7,-12.62,-14.35,-31,-18.75,-9.02,-22.38,-18.97,-0.35,,-2.16,-31,,-9.1,-12.34,-12.93,-6.16,,,-12.34,-7,-11.5,-16,-17.78,-5.91,-9,-15.5,,-13.1,-12,-13.4,-14,-8.6,-6.74,-11.65,,,-14,,-30,-15.1,-10,,-7.93,-13.19,-13,-14,-14,-12.52,-14.26,,7.16,22,38,4,16,60,0.5315771983,0.2343488787
Clemson,Charlotte,41.5,48.27,31.54,48.47,42.02,44.65,40.41,36.32,48.05,32,55.5,34,45.18,44.5,48.05,24.21,46.43,18.87,42.96,38.73,15,51.65,46.95,54.25,51.16,24.47,,27.85,28,,45.6,45.6,44.35,48.79,,,45.3,52,41,47,37.64,47.8,47,48.8,,47.6,47,44.4,42,47.1,38.18,40.5,,,44,,32,48.5,52,,49.42,37.3,45.8,41.5,35.5,55.02,50.64,,9.56,10,52,4,42,62,0.5313978164,0.9897806253
Colorado St.,Toledo,-7,-15.63,-10.22,-3.63,-16.13,-5.86,-12.23,-7.03,-16.74,-8,-8,-10,-21.38,-10.5,-17.07,-4.22,-7.46,-3.46,-10.38,-10.88,-12,-20.95,-8.96,-12.88,-13.94,-5.48,,-7.92,-11,,-5.9,-10.19,-12.02,-12.5,,,-7.04,-13,-7,-12,-10.19,-9.22,-18,-10.4,,-11.6,-11,-5.3,-7,-8.7,-8.49,-6.9,,,-7,,-14,-9.1,-10,,-12.54,-5.5,-7.8,-9,-4,-16.1,-11.59,,4.19,41,35,4,-6,76,0.4184406823,0.2636047061
Florida,Tennessee,14,25.69,23.79,22.51,19.77,20.84,20.97,24.06,35.55,48,30.5,16,24.84,21.5,26.65,23.21,19.94,11.93,22.15,29.62,16,24.45,12.74,40.31,27.76,22.58,,19.78,30,,14.8,21.5,22.6,21.75,,,15.74,24,14.5,19,29.33,13.07,14,16.9,,20.9,22,13.6,15,19.7,20.84,33.5,,,17,,13,16,26,,22.19,20.31,14.6,14,7,30.72,18.3,,6.84,3,34,4,31,37,0.6813687102,0.8999943066
Florida St.,Louisville,7,10.07,5.24,6.77,4.59,4.78,1.52,7.7,5.86,-7,13.5,4,7.61,4,9.17,3.96,7.53,10.82,7.69,8.24,-9,7.25,10.49,9.13,11.86,12.71,,12.79,-1,,13.5,7.7,2.91,12.66,,,7.19,12,0,11,7.48,10.2,10,9.9,,7.4,8,10.1,7,7.1,12.05,-0.01,,,4,,-2,9.4,7,,16.28,7.31,9.2,6.5,11,12.23,4.59,,4.98,24,35,4,11,59,0.5165400317,0.678030306
Georgia,Notre Dame,15.5,4.26,8.28,9.71,11.08,10.54,1.49,11.86,3.43,1,7,6,10.42,7,3.64,7.13,15.22,2.86,8.2,14.02,-6,15.15,7.06,5.88,13.74,2.86,,5.15,-8,,13.8,8.28,5.14,5.44,,,6.16,12,11.5,9,3.69,6.54,7,9.7,,10.5,10,9.6,14,12.2,10.45,13.45,,,12,,11,9.3,13,,5.17,18.31,2.3,14.5,12,6.21,7.51,,4.98,17,23,4,6,40,0.3304208047,0.6889386423
Illinois,Nebraska,-13.5,-11,-4.57,-8.43,-1.32,-4.58,-5.46,-0.85,-9.33,2,-12,-3,-13.23,-6,-10.14,0.1,-10.9,-8.41,-7.87,-9.26,-1,-15.65,-9,-17.63,-12.52,-5.73,,-10.48,1,,-5.2,-8.5,-6.79,-13.27,,,-8.97,-12,-10,-17,-9.83,1.57,-1,-7,,-9.9,-10,-6.9,-12.5,-11.3,-10.57,-3.8,,,-6,,-1,-6.4,-12,,-13.11,-4.4,-4.4,-13.5,-8.5,-14.2,-12.8,,4.55,42,38,4,-4,80,0.6334167692,0.3168390102
Indiana,Connecticut,27.5,23.14,19.42,28.57,11.25,20.6,22.46,20.48,22.63,-8,31.5,20,29.54,22,22.4,13.96,25.31,17.05,24.24,24.18,10,32.85,25.86,32.44,31.78,14.44,,15.77,22,,31.7,24.96,25.81,24.96,,,27.89,34,26.5,31,22.75,27.67,12,35.8,,28.1,28,29.9,27.5,24.7,39.9,13.3,,,26,,15,35.9,33,,34.55,16.81,15.3,28,19.5,29.4,31.64,,8.40,3,38,4,35,41,0.4279794807,0.9114457276
Iowa St.,Louisiana-Monroe,18.5,12.88,6.1,17.36,20.89,15.21,10.85,17.49,8.98,-7,24,11,3.88,13.5,9.75,7.28,27.79,10.52,16.15,8.59,5,23.55,17,31.25,22.8,18.97,,20.82,15,,16.4,17,15.52,20.31,,,15.78,17,19,25,18.76,25.4,5,21.9,,11.4,19,21.8,18.5,15.8,17.63,13.75,,,22,,2,22.3,17,,19.99,19.81,11.7,18.5,9.5,26.63,23.66,,6.87,20,72,4,52,92,0.4459648205,0.8247697151
Kansas,West Va.,-4.5,-7.81,-1.73,-10.44,-9.09,-10.9,-6.32,-1.57,-4.83,1,-7,-2,-1.65,-11,-7.31,-1.76,-9.29,-5.22,-7.55,-9.65,5,-4.35,-7.85,-20.31,-1.64,-8.7,,-11.58,2,,-17.1,-7.85,-8.14,-9.53,,,-5.44,-11,-4,-12,-9.59,-9.8,-16,-5.5,,-2.1,-9,-4.3,-4.5,-0.4,-12.38,-2.85,,,-6,,-4,-5.7,-12,,-16.99,-3.1,-9.1,-4.5,-15,-9.82,-9.08,,4.64,29,24,4,-5,53,0.4268430997,0.3240123302
Kent,Bowling Green,12,15.2,2.74,4.06,9.86,2.66,8.35,6.58,18.14,25,-5.5,10,2.24,1.5,16.58,3.02,6.98,1.03,7.9,6.64,-1,13.65,8.9,6.44,10.65,3.97,,2.65,7,,7.7,7.7,9.51,11.82,,,11.38,5,9.5,15,7.03,10.15,2,11.7,,7.8,9,11.5,11.5,11.5,10.12,5.05,,,13,,4,11.4,10,,4.24,-1.29,7.7,11.5,1,11.35,7.14,,5.40,20,62,4,42,82,0.4034104137,0.6812390531
Louisiana Tech,Florida Intl.,6.5,8.76,12.18,4.97,6.58,8.48,11.75,7.43,12.71,12,5.5,5,11.44,11,9.15,12.58,2.71,3.2,6.23,11.23,9,6.65,4.85,12.06,7.18,10.48,,7.69,16,,7.1,7,8.75,7.22,,,4.47,5,8,7,9.99,-0.62,-20,3.6,,9.3,9,3.8,6.5,-4.1,0.16,6.6,,,5,,-5,3.9,4,,0.66,2.4,1.9,7,10.5,9.43,6.27,,4.20,31,43,4,12,74,0.4934402238,0.6478128395
Massachusetts,Coastal Carolina,-16.5,-19.5,-23.02,-10.72,-7.1,-7.43,-22.3,-11.08,-26.86,-26,-2.5,-16,-35.54,-11.5,-22.37,-16.29,-8.07,-5.4,-14.49,-17.84,-29,-20.45,-10.44,-9.94,-19.91,-2.99,,-4.28,-41,,-4,-13.4,-20.32,-13.03,,,-18.07,-9,-15,-15,-8.28,-17.66,-12,-13.4,,-20.3,-14,-12.2,-16.5,-16,-5.31,-35.1,,,-17,,-16,-13.5,-11,,-5.17,-20.2,-9.3,-16.5,7,-8.91,-12.84,,9.10,62,28,4,-34,90,0.5437328455,0.2142242343
Miami (Fla.),Central Mich.,30.5,32.23,14.72,25.13,32.65,27.69,22.85,21.38,28,21,32.5,16,39.18,16,33.74,1.55,31.49,16.61,27.72,23.89,11,34.75,32.09,38.75,32.41,15.57,,20.24,12,,23.8,28.53,27.58,30.04,,,33.73,37,30,36,25.18,36.1,32,36.6,,37.1,30,33.8,30.5,24.6,24.85,51,,,29,,20,35.7,35,,28.53,24.81,20.6,29.5,22.5,27.07,28.95,,8.70,12,17,4,5,29,0.4389664114,0.9371749264
Mississippi,California,2.5,2.75,-4.35,-0.58,5.88,0.46,1.27,1.01,-0.01,10,2,-2,2.8,-1,2.63,-8.21,0.35,-5.02,-0.35,-1.24,-4,-5.75,1.67,-3.81,-7.28,-6.61,,-3.48,-2,,6.6,-0.06,-2.63,3.47,,,4.22,1,-1.5,-4,-3.68,1.28,11,-4.6,,2.9,1,-3,2.5,0.01,4.43,0.55,,,-4,,3,-2.4,-6,,-2.52,2.2,6.7,2.5,-1,-8.72,-2.95,,4.05,28,20,4,-8,48,0.4309511432,0.4914781772
Mississippi St.,Kentucky,6,6.02,1.32,5.87,-1.02,13.34,1.89,2.08,3.02,-9,0.5,4,4.23,4,5.42,-0.23,8.21,5.21,5.52,2.8,1,6.25,8.17,5.25,4.57,3.27,,2.8,6,,17,5.7,3.21,7.72,,,5.7,10,7.5,4,4.88,6.75,11,10.7,,7.1,7,6.9,6,9.3,12.77,-0.1,,,6,,3,10,7,,5.13,9.51,5.7,6,7.5,6.89,2.96,,4.04,13,28,4,15,41,0.4883115846,0.6319344309
Missouri,South Carolina,9.5,6.72,8.42,11.11,12.58,11.52,10.6,14.03,7.58,12,19.5,5,3.79,6.5,6.76,10.92,12.41,12.01,9.77,10.74,13,19.85,8.61,16.5,18.01,7,,8.66,12,,14.7,9.34,8.79,6.44,,,4.76,16,9.5,8,13.13,4.19,-1,6,,3.7,8,4.7,9.5,17.5,9.43,5.45,,,8,,12,5.7,15,,13.43,10.81,2.7,9,3.5,15.19,9.34,,4.24,14,34,4,20,48,0.5065552935,0.7239479979
NC St.,Ball St.,19.5,23.21,14.28,26.79,20.19,23.98,15.51,14.33,21.39,24,23,11,15.94,25,22.49,13.38,28.85,16.72,20.28,19.54,13,22.55,21.91,38.13,23.05,20.16,,23.42,12,,23.9,21,22.02,25.3,,,16.75,28,19,20,24.44,22.65,7,19.7,,16.9,21,19.3,19.5,15,15,14.45,,,21,,17,18.8,23,,27.64,18.3,13.6,19.5,15,26.16,21.69,,4.54,23,34,4,11,57,0.5188380088,0.8903091013
New Mexico,New Mexico St.,4,11.04,6.88,8.38,5.31,13.05,7.68,15.32,13.11,12,7.5,4,5.85,10,11.24,7.45,6.62,4.95,7.42,14.3,19,5.55,8.15,8.63,9.53,3.58,,5.97,6,,6.5,7.45,7.54,10.21,,,9.67,9,6,6,8.37,-1.43,-4,6.1,,6.2,6,7.5,5,8.8,2.02,8.55,,,5,,15,6.4,4,,6.17,-1.1,7.1,4,10,6.58,10.18,,3.75,52,55,4,3,107,0.5830420116,0.6754179781
North Carolina,Appalachian St.,2.5,8.67,-1.73,-5.45,6.66,-5.9,10.02,-5.13,11.05,16,0.01,-5,4.64,-6.5,10.08,-5.15,-4.98,-7.81,0.21,1.82,-23,-0.01,1.28,-10.38,-1.69,-0.27,,-1.67,-2,,-11.3,-0.4,4.57,5.19,,,7.49,-4,4.5,2,-2.78,0.22,16,1.6,,6.5,-1,2.1,2.5,-5.9,-15.02,13.65,,,-3,,-2,-0.4,-4,,-9.52,2.7,4.2,2.5,-2.5,-0.01,-0.44,,6.89,34,31,4,-3,65,0.4473581601,0.5048413938
North Texas,Texas-San Antonio,17.5,19.53,9.55,13.51,15.45,9.72,12.06,11.89,18.31,33,8,12,12.92,13.5,20.74,7.73,21.65,15.01,15.22,15.32,10,15.15,16.24,15.81,15.79,9.01,,13.49,6,,20.3,15.45,13.66,17.26,,,15.05,19,18.5,18,13.09,16.72,16,19.3,,18,16,15,17,12.7,24.42,13.65,,,16,,16,18.1,17,,16.93,6.1,16.9,19,14,10.24,15.48,,4.67,3,45,4,42,48,0.4451997391,0.8211788789
Northwestern,Michigan St.,-9,-11.14,-4.17,2.86,-16.23,-3.9,-10,-10.09,-12.77,-15,3.5,-7,-6.67,0.5,-12.9,-2.82,-5.33,5.69,-4.7,-0.88,-14,-0.75,-4.44,-7.88,4.72,1.83,,0.33,-35,,-2.5,-4.17,-3.76,-7.11,,,-10.58,3,-6.5,-1,-5.76,1.47,-9,-5,,-6.9,-5,-4.1,-8.5,-0.01,-7.36,-12.15,,,-5,,-16,-3.7,1,,4.15,0.61,-7.6,-9,4.5,8.04,-2.21,,7.38,31,10,4,-21,41,0.5970159279,0.3941649199
Ohio,Louisiana-Lafayette,3,6.73,-7.42,5.67,-1.23,8.64,0.11,1.49,2.78,12,14.5,-1,-14.05,4.5,5.81,-3.84,13.45,5.67,4.13,3.43,-19,3.45,5.17,2.88,5.61,9.64,,9.47,-16,,13.2,5.17,-1.91,9.21,,,-0.92,13,3.5,10,3.07,-2.57,-2,5.6,,-3.3,6,2.4,3,6.4,11.18,-0.01,,,4,,-3,3.7,11,,11.31,0.71,8.1,3,12.5,8.65,7.02,,7.21,45,25,4,-20,70,0.5258372723,0.5936216197
Ohio St.,Miami (Ohio),38.5,41.55,30.97,32.88,36.06,36.45,34.09,31.14,43.22,39,32,27,39.47,35.5,42.46,26.4,39.12,16.52,35.35,27.37,31,44.65,35.77,49.63,37.88,22.81,,30.43,39,,34.8,36.04,37.84,39.33,,,38.26,35,38,38,36.04,46.58,35,40.9,,42.5,38,40.8,38.5,33.9,24.82,35,,,36,,32,40.6,39,,29.51,27.31,28.9,39,21,39.71,40.88,,6.40,5,76,4,71,81,0.426998907,0.9805438279
Pittsburgh,Central Florida,-10,-4.65,-14.82,-9.52,-8.96,-13.25,-10.45,-7.95,-7.6,-19,-5,-8,-18.79,-13,-4.76,-12.69,-12.64,-4.37,-8.37,-9.03,-25,-7.85,-10.61,-18.13,-8.04,-7.81,,-8.94,-10,,-9.1,-8.4,-8.95,-3.93,,,-8.65,-8,-10,-8,-11.65,6.13,-3,-4.9,,-12.9,-12,-2.6,-10,-8.4,0.55,-23.1,,,-6,,-12,-3.1,-6,,-8.72,-1.5,1.8,-11,-0.5,-8.76,-7.64,,5.50,34,35,4,1,69,0.5386444912,0.3091745532
Rice,Baylor,-27,-24.36,-15.41,-24.69,-22.27,-18.5,-15.17,-16.78,-24.04,-4,-33,-18,-21.83,-19.5,-23.58,-11.96,-26.1,-11.48,-22.37,-15.37,-49,-23.15,-27.56,-37.81,-21.56,-11.08,,-15.06,-13,,-29.1,-23.9,-21.38,-26.12,,,-28.15,-22,-25,-30,-24,-30.77,-27,-32.3,,-23.9,-24,-30.5,-26.5,-20.5,-25.94,-14.95,,,-25,,-28,-31.7,-25,,-25.02,-21.69,-20.9,-26,-6,-27.34,-24.26,,7.63,21,13,4,-8,34,0.6036885642,0.1019995512
Rutgers,Boston College,-8,-4.4,-2.64,-7.87,-1.08,-15.62,-3.87,-0.34,-0.25,15,-6.5,-2,-2.1,-12,-4.22,-2.93,-11.15,-6.33,-3.94,2.32,-5,2.85,-6.02,-15.44,4.93,-5.89,,-7.29,-8,,-8,-4.58,-5.2,-5.81,,,-0.01,-9,-6.5,-6,-5.84,-3.34,5,-6,,-2.3,-3,-5,-7,3.8,-9.01,-2.75,,,-2,,6,-5.2,-6,,-6.64,-4.69,-3.8,-8.5,-2.5,-4.58,-8.4,,4.84,30,16,4,-14,46,0.5966241935,0.4061776359
San Diego St.,Utah St.,-4,-6.08,-3.87,-7.37,0.39,3.77,-4.88,-6.19,-2.91,3,-15,8,-22.66,9,-7.72,6.24,-7.14,-7.83,-5.45,-4.46,-7,-17.85,-1.77,-7.88,-15.79,4.72,,-1.8,-9,,-0.9,-4.46,-6.79,-3.4,,,-1.98,-15,-2.5,-3,-2.85,-2.84,-18,-6.9,,-2.9,-3,-2.2,-4,-3.2,-11.88,-9.5,,,-8,,-2,-5.4,-14,,-18.29,-1.09,-3.2,-4,4.5,-11.45,-9.72,,6.68,23,17,4,-6,40,0.466450153,0.3758258523
Stanford,Oregon,-10.5,-17.42,-1.2,3.65,-14.95,-6.7,-13.19,-10.37,-19.18,-23,3,-6,-6.14,2.5,-20.16,1.45,-1.45,2.23,-7.66,-4.38,-26,-17.55,-9.81,-6.44,-13.62,2.75,,-0.31,-17,,-3.7,-8.37,-9.26,-11.79,,,-12.99,0.01,-8,-9,-7,-8.37,-10,-9.5,,-10.2,-6,-9.2,-10.5,-8.5,-4.19,-23.3,,,-10,,-11,-8.2,-13,,-2.06,0.4,-8,-10.5,7.5,-1.53,-8.55,,7.79,21,6,4,-15,27,0.5638046255,0.3324244838
Syracuse,Western Mich.,4.5,4.4,4.65,20.21,6.14,-0.15,1.14,1.34,0.95,1,14.5,-1,5.23,4.5,2.62,4.33,12.08,14.91,7.21,11.22,-21,7.75,5.01,6.25,7.4,7.99,,10.87,-8,,0.01,6.25,6.65,9.08,,,-2,19,4.5,7,7.75,18.3,-6,5.8,,2.1,8,6.6,4.5,9.4,13.34,19.55,,,6,,1,6.2,13,,19.61,9.61,13.3,4.5,-0.5,23.75,5.51,,7.73,33,52,4,19,85,0.5609849093,0.6584736221
TCU,SMU,7.5,14.21,1.61,14.36,10.54,14.12,-0.82,4.44,11.26,7,18,2,4.15,11,13.36,0.25,17.18,6,9.38,5.39,1,5.15,13.19,17.44,11.27,6.82,,10.24,-2,,14.8,10.24,8.68,16.34,,,7.26,13,9.5,13,11.12,16.68,10,3.9,,9.1,15,8.2,7.5,6.1,14.74,6,,,12,,1,4.3,10,,6.72,12,12.9,9.5,5.5,12.24,11.85,,5.05,41,38,4,-3,79,0.5449278467,0.7133104788
Texas,Oklahoma St.,7,3.88,6.12,7.01,10.3,1.42,6.7,11.51,1.24,7,14,5,5.64,0.5,4.11,6.38,5.44,6.4,6.44,4.78,-7,11.45,4.02,6.38,11.73,7.88,,8.58,8,,0.7,6.38,4.26,3.89,,,3.94,7,7,11,6.1,10.81,15,5.3,,9.5,7,4.5,7,4.1,9.55,3.95,,,3,,7,5.1,9,,9.59,13.5,1.5,5.5,-3.5,6.78,4.52,,3.89,30,36,4,6,66,0.4863344934,0.6532102327
Texas A&M,Auburn,4,-4.98,1.7,2.97,-1.5,-5.7,-3.15,0.01,-9.61,-5,9,-4,4.55,-2.5,-6.11,0.16,0.87,3.07,0.91,5.21,-2,7.15,2.49,1,5.88,2.79,,3.3,-16,,-3.8,1.7,-0.89,-2.22,,,1.26,5,4,3,-0.23,0.13,-2,4.6,,3.2,0.01,5.3,4,9.2,5.67,-16.1,,,4,,6,5,7,,3.8,9.41,-1.1,3.5,3,5.52,-0.01,,5.37,28,20,4,-8,48,0.4268567999,0.5216520336
Texas St.,Georgia St.,3,-0.25,-0.81,-1.14,-2.67,-2.06,-2.15,1.43,-4.57,20,10,-7,5.46,-9,1.1,-4.19,-1.95,5.89,0.98,2.49,-8,9.45,-3.18,-2.94,8.68,-1.66,,-1.97,1,,6.8,-0.25,-2.84,-2.27,,,1.23,4,3,-2,-0.62,4.54,1,0.4,,2.6,0.01,-0.9,2.5,9.2,4,5.5,,,3,,-3,-0.5,-13,,2.35,-1.49,7.6,3,7,-0.3,-2.3,,5.44,34,37,4,3,71,0.4520901909,0.5232862875
Tulane,Houston,5,6.15,7.28,3.77,0.01,3.83,7.53,5.91,9.22,7,16,11,8.17,2,7.68,6.8,1.78,4.91,5.4,6.97,7,11.95,0.9,7.63,9.83,0.75,,-1.07,13,,-1.8,6.3,7.74,2.77,,,7.57,5,3,4,8.49,7.52,-23,4.7,,4.2,4,6.3,5,10.9,3.85,9.1,,,7,,16,7.1,13,,2.91,1.9,-0.6,5,-3,8.33,2.54,,4.31,31,38,4,7,69,0.5096995277,0.6286422058
Tulsa,Wyoming,4.5,2.37,-5.57,-3.1,0.5,-1.1,-0.9,-7.37,-0.87,-6,-0.5,-4,3.29,-8.5,3.91,-10.34,-3.81,-7.78,-1.27,-4.16,-9,1.25,2.15,-15.81,-1.06,-7.79,,-4.47,-1,,8.5,-1,-3.5,-0.25,,,2.99,-1,3,0.01,-7.68,2.72,9,0.01,,5.3,0.01,-1.8,3.5,-3.9,-1.97,16.65,,,1,,-6,0.01,-1,,-7.48,-0.9,7.6,3.5,7,-8.43,-0.89,,5.09,21,24,4,3,45,0.364630702,0.4696380292
UAB,South Alabama,11.5,9.95,11.32,12.4,13.7,12.83,0.01,12.09,9.86,9,8,11,1.43,15,8.37,16.65,24.59,13.72,12.71,8.51,10,13.55,11.04,17.88,15.46,14.24,,14.08,1,,19.6,12.4,9.13,13.29,,,10.95,21,13,22,14.85,6.76,8,13.6,,7.1,17,10.4,11.5,13,24.25,-3.6,,,12,,8,12,21,,23.94,5.5,13.9,11,22.5,26.59,9.99,,6.19,3,35,4,32,38,0.5283081042,0.7721595526
USC,Utah,-4,0.67,-0.62,0.96,-0.45,-2.66,5.49,1.23,-0.17,1,0.5,-2,3.16,-3,0.95,-2.65,-0.31,-4.23,-0.94,-2.72,-11,2.15,-1.81,-3.81,2.39,-1.42,,0.82,-7,,-2.4,-0.62,-0.94,0.15,,,2.72,3,-4,-3,-3,-2.88,1,-6.1,,2.8,0.01,-3.8,-4,-0.2,-4.47,6.45,,,-1,,-6,-6.3,-12,,-5.12,5.51,-2.7,-3.5,5.5,-3.05,1.62,,3.74,23,30,4,7,53,0.5744152817,0.4770189265
UTEP,Nevada,-13.5,-13.05,-7.16,-23.45,-2.7,-7.86,-15.79,-13.6,-15.83,-10,-17.5,-8,-2.37,-16.5,-12.46,-9.73,-13.47,-12.02,-14.02,-24.1,3,-15.05,-13.06,-16.5,-19.07,-10.26,,-12.11,-5,,-12,-13.47,-11.05,-13.83,,,-6.18,-13,-13,-23,-9.44,-12.26,-15,-21.3,,-8.1,-13,-18.1,-13.5,-22.4,-14.69,-15.35,,,-10,,-23,-21.9,-23,,-19.14,-20.69,-10.9,-14.5,1.5,-26.39,-16.22,,6.56,37,21,4,-16,58,0.4879242484,0.2071829271
Vanderbilt,LSU,-23.5,-24.93,-21.88,-18.28,-34.99,-23.39,-24.36,-22.93,-30.03,-26,-16,-18,-27.87,-21.5,-25.58,-18.66,-16.94,-8.55,-21.12,-22.04,-52,-19.85,-18.18,-33,-19.61,-14.39,,-18.74,-35,,-21,-21,-19.79,-22.7,,,-21.17,-16,-21,-20,-24.22,-21.7,-15,-21,,-23.8,-22,-19.5,-23,-22,-13.39,-26.75,,,-20,,-33,-21.1,-18,,-16.68,-11.69,-15.8,-24,-10,-23.03,-17.29,,6.88,66,38,4,-28,104,0.5547047521,0.1111046633
Virginia,Old Dominion,27.5,36.29,24.94,31.09,28.18,19.82,32.38,29.28,41.34,34,34.5,23,36.55,21,37.76,18.68,28.85,17.82,30.87,30.63,24,32.65,27.88,48.44,33.64,23.23,,23.44,30,,23.9,32.38,31.84,32.53,,,34.03,33,31,34,34.88,36.83,31,32.5,,33.2,31,32.7,28,37.3,28.1,42.2,,,37,,44,32.6,33,,27.82,25.81,33.6,28.5,5,31.04,30.06,,6.80,17,28,4,11,45,0.5773550649,0.963067802
Washington St.,UCLA,18.5,18.86,19.66,18.97,20.42,26.88,20.05,25.94,24.86,28,10,16,20.94,25,19.9,18.97,21.53,13.79,18.49,20.33,25,21.15,13.05,41.06,21,10.28,,12.24,18,,16.4,18.97,21.04,15.42,,,13.13,23,17,18,27.98,19.74,-9,18.3,,19.1,19,16.4,18.5,18.4,9.37,17.25,,,9,,23,16.8,19,,18.03,15.11,11.3,18.5,17.5,23.27,19.5,,4.76,67,63,4,-4,130,0.4997592916,0.867708566
Wisconsin,Michigan,3.5,10.52,-4.31,0.3,9.42,15.87,21.52,4.04,14.02,24,9,-5,2.32,3,14.46,-7.87,9.25,-3.53,5.39,5.44,22,10.95,3.6,3.75,9.39,-2.69,,1.24,9,,7,5.44,11.17,1.25,,,7.3,6,2.5,-1,4.88,-2.71,-6,0.01,,14.2,5,2.3,3.5,6.8,-3.18,10.9,,,10,,13,0.5,10,,-5.51,6,3.4,3.5,0.5,5.76,9.38,,7.13,14,35,4,21,49,0.5432415791,0.6216136645
Air Force,San Jose St.,19.5,20.87,15.09,17.62,25.48,14.44,18.89,16.84,19.35,14,12,15,23.53,17.5,21.36,10.54,18.75,12.71,18.76,17.52,14,20.15,22.51,36.44,16.12,13.15,,14.04,22,,21.2,18.87,16.2,20.23,,,18.58,22,21,21,21.32,16.62,12,17.1,,22.1,22,14.7,19.5,15,19.85,28.7,,,25,,19,15.5,22,,19.65,17.38,18.9,19,14.5,18.87,21.37,,3.78,24,41,5,17,65,0.4819140887,0.8748639595
Alabama,Mississippi,38,34.59,29.96,34.65,29.06,31.95,24.56,33.62,35.92,27,27,26,43.37,36.5,35.22,22.74,34.37,18.13,32.81,39.92,20,38.75,35.1,30.56,38.52,20.56,,28.84,19,,40.5,34,33.73,33.39,,,33.66,38,34,33,26.9,28.43,20,39.1,,39.5,35,34.3,37.5,36.5,41.52,33.25,,,37,,34,37.1,42,,36.21,30.88,27.4,37.5,30.5,37.51,38,,6.24,31,59,5,28,90,0.3804661583,0.9727877053
Appalachian St.,Coastal Carolina,15.5,18.5,13.89,19.32,15.79,3.46,10.85,17.98,18.48,9,3,16,15.38,21.5,17.33,13.09,17.23,16.96,17.3,13.41,10,17.45,15.88,37.81,17.99,19.28,,20.28,16,,24.3,17.9,11.9,20.39,,,11.63,23,17,24,21.9,12.81,3,21.1,,16.4,19,17.9,15.5,22.6,18,0.75,,,17,,15,21,26,,27.5,20.38,18.4,15.5,21,25.25,16.07,,5.40,37,56,5,19,93,0.5427418877,0.8488921029
Arizona,UCLA,6.5,3.97,6.68,4.79,7.02,26.25,10.45,5.81,6.36,-1,-5,5,4.1,6,4.44,8.07,5.96,0.78,5.9,8.29,19,6.05,8.13,17.13,4.71,-1.68,,-4.16,9,,5.2,5.96,5.57,2.94,,,4.91,5,7,7,9.69,3.47,-5,8,,3.5,7,7.1,6.5,3.9,12.48,10.75,,,7,,7,6.6,11,,3.47,5.58,2.1,6.5,8,7.03,4.72,,5.06,17,20,5,3,37,0.4856356875,0.6383813149
Auburn,Mississippi St.,9.5,9.99,7.33,8.71,17.72,10.27,10.95,10.42,14.54,15,12,12,6.98,12,10.47,7.52,9.13,11.98,9.73,9.01,-1,6.85,12.6,11.25,8.09,10.39,,11.45,12,,5.5,9.99,8.22,8.93,,,10.85,6,10,12,7.89,10.13,-1,7,,12.4,9,9.2,9.5,9.6,12.45,11.1,,,9,,21,7,13,,-0.72,7.79,7.3,10,3,8.74,12.23,,3.65,23,56,5,33,79,0.5056331031,0.7248669007
Baylor,Iowa St.,-3,-1.42,6.75,-2.66,1.01,2.74,0.32,-1.04,-0.61,5,2,2,7.04,3,-1.82,6.59,-5.3,-3.68,-0.71,1.05,7,-7.55,-1.84,3.13,-4.73,-1.57,,-7.36,-1,,9.4,-0.83,-2.33,-0.83,,,-0.52,0.01,-2.5,-4,1.3,-4.55,6,0.3,,1.2,-1,0.6,-3,-3.8,-4.86,-11.7,,,-6,,5,0.7,-2,,-6.68,-2.62,0.2,-3,0.01,-2.58,-7.27,,4.25,21,23,5,2,44,0.5554116694,0.4827697067
Boston College,Wake Forest,-5.5,-8.51,-10.58,-4.45,-9.05,-6.62,-11.86,-4.88,-15.6,-9,-6.5,-6,-18.15,-3,-10.18,-6.51,-4.08,-3.6,-6.18,-11.41,-10,-9.45,-0.47,-13,-11.02,-1.63,,-1.26,-9,,-1.6,-6,-5.95,-5.09,,,-4.38,1,-4,-6,-9.53,-3.12,-2,-0.5,,-4.2,-2,-0.01,-5.5,-7.3,-14,-13.8,,,-7,,-9,-0.5,-7,,-1.66,-1.71,-4.7,-6.5,3.5,-4.78,-8.16,,4.49,27,24,5,-3,51,0.4835609036,0.3539781441
California,Arizona St.,4,0.13,7.55,4.57,2.15,8.81,1.33,3.62,4.52,10,8,3,2.22,5.5,-0.01,10.41,3.28,10.15,4.1,7.75,3,5.85,3.21,-0.94,8.53,7.03,,3.39,10,,1.3,4,4.59,0.01,,,3.66,4,5.5,6,7.35,-1.25,-12,4.2,,2.2,3,4.3,4,4.9,1.87,5.7,,,4,,-3,3.6,8,,1.62,3.78,1.7,4.5,5,11.33,3.39,,3.12,24,17,5,-7,41,0.5024658992,0.6000306391
Central Florida,Connecticut,43,43.15,30.44,43.98,34.44,35.8,40.71,38.14,43.47,28,44,26,50.65,36.5,44.92,19.55,45.76,19.06,39.89,41.69,27,51.15,38.84,60.81,49.2,28.84,,38.18,30,,44.6,41.69,40.54,40.44,,,43.87,51,42.5,42,38.51,29.29,20,43,,43.9,44,35.9,43,43.2,50.65,45.35,,,43,,30,40.6,51,,53.36,34.89,32,44,31,51.57,47.36,,8.29,21,56,5,35,77,0.4310631589,0.9870440824
Charlotte,Florida Atlantic,1,-9.01,-1.86,-5.95,2.39,-0.3,-5.49,13.05,-9.1,1,6.5,-2,-8.29,-4.5,-8.79,1.59,-4.86,-11.23,-2.35,-0.36,4,4.15,-6.87,-4.56,2.3,-0.3,,1.15,-1,,-0.3,-2,-3.69,-9.35,,,-3.65,-1,-1.5,-4,-1.23,-1.81,-10,-0.5,,-7.3,-5,1.1,1,3.1,0.9,-5.45,,,-4,,-4,-0.3,-4,,-0.37,-2.01,-4.3,1,1.5,3.61,-5.58,,4.51,45,27,5,-18,72,0.4195729174,0.4433846812
Florida St.,NC St.,6.5,6.4,0.9,-2.55,3.32,-1.85,7.16,-0.68,7.68,8,1.5,4,-0.65,-1,6.72,1.72,-4.04,2.38,3.21,5.63,-6,4.15,1.6,-6.75,1.86,1.95,,1.82,6,,2.1,3.33,-1.85,5.68,,,7.92,-2,4.5,8,1.91,3.33,7,3.2,,4.9,1,4,6,7.7,10.77,8.75,,,4,,5,3.6,2,,-6.1,3.18,10.3,6.5,6,4.01,3.97,,3.84,13,31,5,18,44,0.4201806999,0.5779035766
Georgia Southern,Louisiana-Lafayette,-3,-8.73,-14.75,0.59,-5.96,-26.77,-8.17,-6.99,-12.62,1,7.5,-7,-35.1,-4,-11.36,-3.8,0.81,-1.25,-4.98,-4.31,-23,-9.05,-2.15,-2.44,-7.72,7.86,,5.58,-13,,3.8,-4,-8.92,-4.46,,,-4.41,-4,-2.5,2,-7.49,0.12,1,0.5,,-12.7,-4,0.01,-3,-2.2,-7.39,-18,,,-4,,-7,0.9,-3,,-0.32,,-0.7,-3.5,0.01,3.36,-10.23,,8.36,37,24,5,-13,61,0.4560651186,0.3906781639
Iowa,Middle Tenn.,23.5,27.61,20.62,26.3,30.86,26.17,27.1,26.46,29.82,20,28,19,24.3,20.5,27.86,18.65,18.68,17.74,25.3,15,22,33.95,23.4,43.13,31.07,15.6,,20.04,33,,24.3,26.3,28.52,27.02,,,25.82,25,24.5,29,33.46,26.46,30,28.4,,26.7,26,27.3,23.5,29.7,21.21,14.6,,,26,,16,28.3,30,,24.94,25.38,19.3,23.5,11.5,31.99,28.74,,5.38,3,48,5,45,51,0.5427632639,0.9344188724
Liberty,New Mexico,7.5,9.95,10.87,3.37,8.75,10.95,4.55,9.56,11.36,3,4,9,27.57,3.5,11.79,1.87,8.37,9.3,9.46,6.68,6,16.15,7.07,4.81,12.97,4.96,,11.15,13,,11,9,8.18,6.88,,,7.8,11,7.5,13,6.85,15.67,4,10.5,,13.7,6,7.3,7.5,16.2,11.16,22.95,,,6,,3,9.2,15,,4.99,8.99,10.6,7,6,15.33,6.63,,4.90,10,17,5,7,27,0.5469581753,0.7154689048
Louisiana-Monroe,South Alabama,15,13.45,5.26,12.22,13.81,5.96,15.49,6.88,14.67,12,10.5,14,7.32,9.5,14.11,4.15,11.07,15,13.2,19.49,-2,13.95,13.93,12.13,12.62,8.25,,9.72,1,,16.7,13.9,9.36,12.27,,,14.67,12,16,17,8.83,16.27,16,18.1,,11.2,12,14.5,15,20.6,22.71,15.9,,,18,,25,17,17,,12.54,14.19,13.9,16,14.5,14.52,12.09,,4.90,17,30,5,13,47,0.4568634518,0.7865434086
Marshall,Cincinnati,-4,-1.53,-0.41,-6.07,-0.01,9.55,0.49,2.87,-2.58,1,1.5,-0.25,1.73,2,-0.9,-1.56,-1.04,11.06,-1.9,-1.32,8,-5.15,-0.13,-1.75,-5.02,-1.63,,-2,2,,-5.1,-1.91,-4.56,-2.46,,,-1.91,-1,-3,-5,-4.2,-3.93,-4,-8.2,,-2.3,-4,-8.2,-4,-4,-6.33,1.55,,,3,,-5,-9.3,-8,,-7.18,-4.11,3.7,-3.5,1,-4.42,-3.53,,4.21,52,14,5,-38,66,0.5508723378,0.453949934
Maryland,Penn St.,-6.5,-6.13,0.33,-5.32,4.43,8.77,-2.51,-8.41,-6.19,9,-9,-10,10.05,-13.5,-4.48,-4.9,-6.69,-7.42,-4.84,2.92,-2,-3.15,-7.7,-12.19,-2.65,-7.52,,-9.76,-6,,-7.6,-6.19,-5.91,-8.13,,,-7.59,-9,-6,-7,-6.44,-8.12,-6,-4.7,,-1.7,-7,-3.8,-6.5,-2.6,-8.7,10.6,,,-11,,2,-4.3,-6,,-5.6,-7.61,-8.5,-6.5,-6.5,-11.02,-6.38,,5.37,59,0,5,-59,59,0.5394549859,0.3863565951
Massachusetts,Akron,-8,-4.77,-5.34,-1.77,3,2.94,-2.8,2.2,-5.51,-6,5,2,-9.03,-2.5,-5.4,-3.35,-0.22,-9.5,-2.78,-0.01,-5,-2.25,-2.54,2.06,-2.34,-1.17,,-0.01,-10,,-5.7,-3.05,-3.17,-4.02,,,-3.05,-2,-4.5,-4,2.75,-4.61,2,-9.2,,-4.8,-4,-6.7,-7,-2.4,-8.62,-9.5,,,-5,,8,-8.8,-4,,-0.74,-2.22,-4.6,-7.5,5.5,-0.7,-4.69,,3.97,29,37,5,8,66,0.6251416459,0.432546052
Memphis,Navy,10.5,7.09,7.31,10.35,19.82,-1.78,2.58,16.99,6.33,15,15,15,2.46,11.5,5.65,9.93,15.02,9.12,12.07,6.23,-5,9.25,4.7,23.25,10.98,11.78,,12.21,4,,14.7,12,5.75,9.4,,,12.05,14,11.5,15,13.47,23.6,31,19.5,,11.5,12,15,10.5,15.3,15.82,1.15,,,12,,18,18.1,22,,13.16,14.38,8.6,10.5,15.5,11.43,3.22,,5.77,23,35,5,12,58,0.5370291317,0.7625734526
Miami (Ohio),Buffalo,-3,-4.58,-5.19,2.2,3.72,-19.9,5.53,-0.61,-6.74,3,4.5,2,-11.16,-3,-5.55,-1.97,-1.88,1.42,-0.6,-0.62,-14,-4.35,-1.36,7.13,-1.06,-3.86,,-4.86,-2,,1.1,-0.61,-3.15,-2.79,,,0.47,0.01,2,2,-1.1,0.72,-2,1.1,,-1.1,1,-0.6,-2.5,4.5,0.6,2.2,,,-2,,4,1.9,-1,,4.51,3.58,-2,-3,3,5.23,-1.47,,4.69,20,34,5,14,54,0.5576381291,0.4855431336
Michigan,Rutgers,27.5,29.84,27.39,27.06,18.63,14.82,19.8,13.92,30.26,21,17,19,37.96,25.5,28.76,21.69,32.76,19.16,25.58,22.23,12,20.55,26.8,46.38,23.95,23.16,,27.02,27,,31.6,26.4,22.33,32.39,,,26.7,26,26,29,30.81,33.98,21,29.1,,31.6,29,26.4,27.5,16.6,27.91,14.45,,,23,,26,28.4,22,,26.81,26.38,26.8,27.5,23.5,24.4,27.02,,5.43,0,52,5,52,52,0.4544423632,0.9363388342
Michigan St.,Indiana,14,15.7,8.28,14.51,20.58,23.08,18.8,13.6,15.31,16,6.5,9,12.9,11,16.57,5.79,12.49,4.16,13.68,16.69,3,14.35,15.4,23.38,15.05,12.46,,16.33,9,,15.8,14.51,11.45,14.33,,,15.2,13,15.5,14,15.72,19.32,3,14.9,,15.1,15,14.6,14,15.6,14.62,23.6,,,10,,6,13.4,11,,10.71,13.69,15.5,14,5.5,15.34,14.51,,4.24,31,40,5,9,71,0.4922310232,0.7974545037
Nebraska,Ohio St.,-17,-22.47,-16.7,-14.89,-17.36,-23.52,-20.28,-19.62,-24.21,-14,-22,-17,-29.67,-27.5,-24.63,-9.72,-24.59,-2.77,-19.25,-15.36,-20,-32.45,-16.09,-20.5,-28.53,-8.5,,-13.01,-20,,-22.7,-20,-23.13,-18.94,,,-18.57,-23,-14,-15,-10.88,-24.87,-4,-23.7,,-23.7,-20,-19.6,-17,-17.8,-22.89,-27.6,,,-18,,-17,-22.5,-24,,-14.07,-12.11,-12.1,-17,-5.5,-25.19,-29.45,,6.38,48,7,5,-41,55,0.4476866229,0.1302677591
Nevada,Hawaii,2.5,-2.47,-3.27,6.24,-11,-0.9,-4.82,1.34,-3.37,-3,-8,-2,-11.92,4.5,-3.87,1.39,5.84,11.5,-0.66,-1.35,-7,-3.35,-0.12,4.19,2.27,3.63,,4.56,-7,,5.8,-0.9,-3.26,-0.14,,,-3.51,10,2.5,2,-1.08,-4.3,-7,0.01,,-4.4,1,-0.2,2,0.01,-6.09,-13,,,-7,,-2,-0.4,1,,11.43,4.28,-3,2.5,4,6.31,-3.33,,5.43,54,3,5,-51,57,0.4253063828,0.4843111993
New Mexico St.,Fresno St.,-20.5,-21.05,-10.1,-24.78,-18.78,-23.45,-18.79,-24.15,-19.58,1,-25,-10,-14.59,-18.5,-21.13,-7.69,-28.1,-13.44,-18.87,-12.39,-20,-31.25,-17.24,-30.38,-27.68,-10.54,,-14.32,-13,,-19.7,-19.58,-20.49,-21.08,,,-16.9,-26,-17.5,-25,-15.7,-10.14,-11,-21.1,,-16.5,-20,-18.4,-20.5,-26.5,-23.15,-19.25,,,-18,,-12,-20.3,-22,,-28.91,-20.62,-16.7,-18,-5,-27.24,-25.62,,6.53,30,17,5,-13,47,0.5378274031,0.1358093107
North Carolina,Clemson,-27.5,-20.34,-16.48,-36,-22.95,-23.45,-13.49,-26.96,-21.26,-12,-36.5,-19,-22.18,-33,-19.88,-13.4,-35.19,-12.71,-24.51,-22.31,-21,-31.45,-26.04,-26.56,-31.41,-9.75,,-16.26,-16,,-30.5,-25.12,-25.37,-21,,,-24.09,-32,-24.5,-24,-16.62,-28.87,-24,-29.3,,-24.1,-28,-25.6,-27.5,-32,-27.4,-11.5,,,-27,,-27,-29.2,-35,,-38.56,-25.12,-20.1,-27,-18.5,-33.56,-26.85,,7.58,21,20,5,-1,41,0.5674781141,0.0817804822
North Texas,Houston,7,-1.47,6.72,-0.83,-5.62,7.69,1.48,-1.98,0.62,3,0.01,10,-0.33,4,-0.96,10.52,4.77,-2.43,0.93,4.08,14,2.45,2.88,-9.44,1.18,1.11,,3.09,11,,-1.4,0,4.1,-2.48,,,1.79,-2,-2.5,-1,4.53,3.65,-16,-0.8,,-3,0.01,-0.6,6,2.3,11.76,-1.75,,,3,,-1,0.8,4,,-3.63,-0.82,-0.4,7,0.01,-3.9,-1.21,,4.18,46,25,5,-21,71,0.3557802181,0.5225888119
Notre Dame,Virginia,10.5,15.04,5.36,14.8,17.47,5.69,12.07,5.98,9.46,17,9,6,15.41,11,16.08,-0.01,15.31,3.06,12.66,9.95,3,19.05,11.06,11.44,13.51,6.67,,11.91,5,,14.8,13.51,12.68,13.85,,,18.36,15,11.5,14,8.62,17.18,6,16.8,,19.5,14,14.2,10.5,12.5,21.03,19.7,,,13,,7,16.6,17,,15.93,9.68,12.9,12.5,12,17.57,18.45,,4.89,20,35,5,15,55,0.5517316891,0.7770193067
Oklahoma,Texas Tech,27,22.23,21.98,19.07,24.47,19.59,16.36,19.15,26.08,34,27,19,28.36,29,22.36,18.53,20.83,14.14,22.78,26.1,12,27.25,24.58,26.38,27.09,18.02,,22.56,16,,32.2,22.36,17.75,21.63,,,22.22,23,24,24,22.27,24.64,20,20.6,,27.6,22,18.6,26.5,25.8,24.19,25.95,,,12,,25,19.7,23,,18.17,24.89,19.9,27,22,31.4,23.15,,4.62,16,55,5,39,71,0.3992734969,0.9158593609
Oklahoma St.,Kansas St.,4.5,5.89,-0.01,3.87,8.07,-2.32,0.93,2.52,1.09,8,-5,1,1.82,6.5,5.24,-1.07,-1.76,0.59,2.23,-1.2,-14,-5.15,3.27,3.19,-3.83,4.65,,10.04,-3,,3.4,1.82,0.19,7.21,,,2.71,5,5,1,0.91,3.29,4,0.6,,6.1,5,1.9,4.5,0.3,7.15,9.9,,,-1,,-3,1.1,-4,,0.97,4.89,2.7,4,9,-0.3,1.4,,4.49,13,26,5,13,39,0.4452777689,0.5537638743
Old Dominion,East Carolina,3,0.77,1.89,-1.45,12.77,4.07,1.3,9.78,-0.17,19,8.5,2,0.01,3,1.09,2.9,9.96,0.97,3.5,4.66,-3,5.55,1.92,2.75,4.03,0.69,,3.29,1,,9.1,2.87,2.61,0.32,,,-2.37,6,3,2,3.54,5.49,-11,1.3,,1.9,5,-1.3,3,5,5.85,11.15,,,-1,,-2,0.3,5,,2.87,3.49,3.1,3,16.5,1.34,3.99,,4.46,24,21,5,-3,45,0.5120947419,0.5840446522
Oregon St.,Stanford,-3,-8.2,-1.91,-11.27,1.46,16.09,1.78,-2.16,-4.59,9,-16.5,-2,-0.79,-13,-6.48,-2.5,-16.13,-8.81,-6.73,1.91,7,-9.55,-4.3,-25.06,-10.17,-13.47,,-14.79,2,,-14.5,-7.4,-7.14,-11.33,,,-1.61,-13,-3,-8,-6.02,-9.82,-16,-7.5,,-7.4,-10,-4.2,-3.5,-4.5,0.23,7.55,,,-5,,-6,-6.5,-10,,-16,-7.62,-3.2,-4.5,-16,-12.31,-8.12,,7.00,31,28,5,-3,59,0.4148822284,0.3490343346
Purdue,Minnesota,-1.5,0.34,-3.71,0.85,-6.95,-7.95,-1.88,1.12,-4.66,-1,-13.5,-4,6.22,-6.5,0.59,-9.06,2.94,-2.59,-2.61,-3.5,-11,-5.05,0.63,-9.44,-6.61,-6.81,,-4.58,-11,,-4.9,-1.88,-1.65,0.38,,,-3.89,3,1.5,-3,-8.72,-3.57,-1,0.01,,3.8,1,-0.2,-1.5,-7.9,0.67,-0.35,,,-4,,4,-0.9,-6,,2.42,0.79,0.5,-1.5,2,-8.19,-1.2,,4.33,38,31,5,-7,69,0.473106671,0.4369807668
Rice,Louisiana Tech,-9,-7.09,-6.1,-11.32,-1.99,-16.44,2.5,-4.23,-8.76,-5,-3,-10,3.92,-18.5,-5.56,-11.5,-13.51,-13.29,-7.16,2.69,-13,1.25,-11.37,-14.56,-0.72,-10.53,,-7.24,1,,-16.9,-7.24,-4.65,-9.42,,,-6.54,-8,-11,-11,-8.08,-6.86,-5,-9.8,,-4.8,-11,-7.3,-9,-5.5,-6.13,7,,,-6,,-8,-8.9,-6,,-10.55,-10.12,-4.7,-9,-12.5,-12.13,-2.75,,5.27,23,20,5,-3,43,0.5437994009,0.3342951288
South Carolina,Kentucky,3,4.02,-5.05,-2.98,-3.05,3.84,-1.68,-0.24,0.89,2,-10,-1,3.28,-2,4.1,-9.53,-4.05,-4.1,0.36,-1.47,-7,-0.95,4.88,-6.75,-2.72,-1.7,,-1.7,-10,,1.2,0.89,-1.63,4.21,,,3.73,-1,1.5,4,-6.2,7.73,6,7.4,,5.1,2,6,3,0.2,10.46,5.25,,,6,,-5,6.3,1,,-3.53,0.98,1.2,3,3,-2.52,2.19,,4.57,7,24,5,17,31,0.4365170169,0.5086929439
South Florida,SMU,-7.5,-6.2,-17.4,-9.04,-18.92,-11.82,-10.04,-21.35,-14.4,-19,-10,-11,-14.92,-8,-8,-18.74,-8.96,-9.59,-10.43,-19.09,-27,-9.15,-0.28,-18.5,-12.29,-6.41,,-5.38,-26,,-2.5,-9.15,-11.78,-2.75,,,-6.1,-6,-6,-7,-19,-2.45,-2,-9.3,,-8.7,-9,-7.4,-7.5,-16.5,-14.8,-13.55,,,-7,,-18,-8.6,-5,,-12.62,-6.22,-8.2,-7.5,5,-11.48,-6.47,,6.23,48,21,5,-27,69,0.4317873472,0.2703840228
Southern Miss.,UTEP,27,24.08,22.18,26.98,17.18,12.22,22.15,22.99,26.49,31,27,21,35.94,25,24.8,14.76,24.42,14.65,25.23,33.27,10,25.75,27.15,30.06,29.42,20.49,,22.28,25,,25,25.75,21.9,22.71,,,27.19,26,25,27,21.67,25.61,11,30.8,,29,26,23.6,27,35.4,26.79,29.95,,,28,,33,31.1,33,,22.81,25.88,25,26.5,12.5,33.88,25.83,,5.65,13,31,5,18,44,0.4581664477,0.9328639515
TCU,Kansas,14.5,18.26,11.61,14.67,19.13,16.02,12.69,12.02,14.4,15,5,12,16.72,18,18.07,8.86,13.58,10.45,14.3,15.7,9,4.85,18.5,33.5,5.48,10.65,,9.24,9,,22.6,14.2,9.97,18.94,,,17.25,16,16,15,18.95,17.85,22,12.4,,21.2,20,14.2,14.5,11.6,9.02,15.25,,,12,,12,12,11,,8.46,15.88,19.1,15.5,11,10.75,11.7,,4.18,14,51,5,37,65,0.4951398849,0.808142153
Temple,Georgia Tech,8.5,4.78,17.46,3.86,8.86,21.88,6.74,9.86,7.05,15,10.5,10,25.4,5.5,6.49,13.18,3.71,5.68,8.86,12.89,19,5.45,2.65,16.94,8.18,11.48,,10.84,21,,6.1,7,3.16,1.65,,,6.28,6,8.5,5,11.14,-0.86,-3,7.4,,10.9,5,7.7,8.5,6.8,13.06,19.5,,,4,,20,6.9,7,,1.53,4.79,8.5,8.5,20.5,2.96,4.41,,5.94,2,24,5,22,26,0.5084723149,0.6994099022
Texas A&M,Arkansas,23.5,24.1,17.26,25.36,21.8,16.89,20.71,25.49,25.75,14,30.5,16,32.57,18.5,25.24,9,22.57,16.54,23.5,25.26,12,34.2,19.38,36.75,30.42,20.65,,26.89,21,,13.5,23.8,23.77,22.06,,,22.49,29,21.5,26,26.05,28.45,5,23.3,,26.6,23,21.2,23.5,30.4,28.53,30.65,,,27,,30,23.8,35,,22.66,23.5,15.9,23,9.5,27.55,26.73,,5.90,27,31,5,4,58,0.5,0.9173540996
Toledo,BYU,-2.5,7.1,3.41,-3.9,-2.62,11.05,4.65,2.3,4.6,12,-3,2,11.35,6,7.71,-0.87,1.85,-8.01,0.78,0.96,7,-0.01,1.41,-11.19,-0.33,-4.24,,-3.6,-1,,0.8,1,3.15,6.33,,,1.83,4,-3,-6,0.01,-6.47,8,-5.3,,1.6,-1,-5.6,-2,-1.1,2.98,1.35,,,1,,1,-6,2,,-2.32,-4.42,-0.6,-2.5,4.5,-1.55,3.75,,4.67,21,28,5,7,49,0.5785655364,0.518798739
Troy St.,Arkansas St.,7,3.77,4.2,3.1,1.5,12.48,-2.4,11,-0.1,5,3,6,8.13,9.5,3.61,2.08,4.08,0.82,4.67,-2.82,8,4.75,4.8,9.69,4.65,9.16,,12.59,-4,,6.1,4.65,3.14,4.39,,,2.72,8,6,5,5.28,7.7,-2,7.2,,3.8,4,8.1,6.5,-1.9,5.21,4.65,,,9,,-5,7.7,8,,3.75,3.49,2.6,7,10.5,8.08,3.96,,4.00,50,43,5,-7,93,0.4434133192,0.6122745983
Utah,Washington St.,6,3.64,4.53,3.91,0.72,11.37,6.31,5.47,5.31,-5,2,9,-0.98,6,3.26,7.5,2.32,1.8,5.27,14.47,1,5.55,6.81,3,8.44,5.45,,5.48,10,,0.5,5.45,3.84,4.06,,,4.93,5,6,6,7.62,0.39,7,6.6,,4.3,6,5.9,6,9.7,7.45,10.45,,,10,,9,6.7,7,,2.44,5.28,4.7,6,1,3.37,3.12,,3.37,13,38,5,25,51,0.4820600642,0.627313685
Utah St.,Colorado St.,24,24.83,24.74,24.28,30.9,20.86,26.01,22.28,29.53,30,22,22,32.79,24.5,26.44,20.4,25.52,19.32,26.1,27.64,23,33.05,23.68,37.94,30.59,19.94,,26.48,30,,24.7,26,28.03,21.88,,,18.51,31,20.5,26,32.2,21.83,15,30.4,,24.8,27,24.3,24,25.8,30.11,28.45,,,25,,30,29.1,32,,30.74,24.89,19.7,24,13,32.96,27.88,,4.36,24,34,5,10,58,0.5507507142,0.9435584948
Vanderbilt,Northern Ill.,7,7.59,3.82,10.84,9.06,-5.32,6.26,7.16,4.74,11,22,5,10.37,2,8.11,0.3,14.43,5.49,7.36,-1.57,-8,12.25,4.78,12.69,10.92,5.38,,5.42,3,,7.2,7.59,8.66,7.01,,,9.8,12,6.5,8,6.11,18.87,8,9.3,,10.2,8,10.5,7,7.9,4.12,-2.6,,,5,,-2,10.6,7,,9.6,7.38,10.5,6.5,2.5,5.45,10.56,,5.23,18,24,5,6,42,0.5085929029,0.6701731399
Virginia Tech,Duke,3,-1.52,-6.02,-8.34,-2.52,5.11,-3.72,-5.39,-4.59,1,-8,1,-13.94,1.5,-2.57,-1.75,4.39,-8.6,-2.77,-19.23,-1,-5.55,1.18,-10.5,-5.88,1.08,,-1.83,-3,,0.7,-1.83,-4.6,0.64,,,0.42,-6,2,0.01,-5,-2.09,3,1.6,,-1.1,-2,1.8,2,-10.3,2.11,-1.4,,,-1,,-19,1.3,-1,,-3.74,0.29,2.5,3,12.5,-9.41,-3.83,,5.48,45,10,5,-35,55,0.3655747897,0.434491569
Washington,USC,11,9.21,7.15,10.89,7.2,10.33,5.84,3.25,6.47,13,5.5,5,8.38,8,9.16,6.49,10.83,9.8,8.02,4.46,9,13.75,9.44,8.06,9.54,1.6,,3.71,13,,10.7,8,7.48,9.53,,,7.95,8,9.5,5,8.46,9.53,1,10.1,,6.8,7,8,10.5,9.3,11.06,6.95,,,6,,2,9.5,12,,10.01,6.98,7.7,10.5,5.5,14.62,7.72,,2.97,14,28,5,14,42,0.4268022099,0.6902636946
Western Kentucky,UAB,-3,0.23,-15.16,-10.73,-6.15,-1.29,4.1,-10.33,-2.33,-3,-9,-5,-9.02,-9.5,0.89,-18.45,-6.9,-10.89,-4.76,-0.38,-18,-5.75,-0.2,-8.81,-6.83,-7.18,,-7.81,-17,,1,-4.31,-6.6,-0.62,,,3.81,-8,-1,-10,-10.24,2.75,-6,2.2,,-2.5,-10,0.4,-3,-1.5,-0.6,3.9,,,-1,,6,1.7,-3,,-15.87,-4.31,-1,-3,-1,-14.87,-0.8,,6.14,13,20,5,7,33,0.4588168436,0.3898575615
Western Mich.,Central Mich.,16.5,13.9,9.34,8.04,18.26,8.18,7.56,13.05,12.15,7,21,17,14.6,13,13.98,6.5,10.77,11.58,13.58,9.19,10,11.15,18.87,24.88,13.9,9.93,,9.67,8,,16.9,13,11.19,13.91,,,16.4,13,16,17,11.96,23.6,23,21,,18.3,13,19.4,16,7.7,13.12,17.55,,,13,,8,21.3,15,,11.96,12.69,6.6,17.5,14,9.75,11.59,,4.24,15,31,5,16,46,0.4294783434,0.7957221495
Wisconsin,Northwestern,24,23.24,26.17,12.82,32.9,51.77,31.17,18.38,29.54,33,13,13,37.06,18,26.32,20.32,21.55,9.34,22.02,24.64,37,25.95,22.41,19,24.13,9.9,,13.9,40,,26.7,21,25,18.38,,,25.18,19,21,19,26.34,8.91,17,16.3,,30.2,23,15.7,24,16.8,27.39,30.5,,,21,,22,15,19,,6.99,15.98,18,24.5,13.5,17.15,31.31,,8.88,15,24,5,9,39,0.4566638014,0.8869483785
Wyoming,UNLV,9.5,15.42,16.41,14.03,25.2,12.5,15,15.29,20.87,28,17.5,13,16.04,17,15.59,16.61,12.59,12.94,14.59,23.54,11,10.95,10.24,28.88,10.97,12.94,,10.48,25,,12.4,14,15.45,14.64,,,10.87,14,9.5,8,21.4,5.11,-3,13.5,,11.3,14,13,10.5,14,15,7.65,,,11,,12,13.1,13,,17.41,11.69,15,9.5,17.5,14.45,14.4,,4.32,17,53,5,36,70,0.6214906337,0.8124228894
Army,Tulane,-2.5,-4.61,-4.42,3.8,-1.54,-4.73,-8.85,-4.29,-8.52,-6,4.5,1,-11.5,6.5,-8.25,-0.6,0.35,-3.58,-1.06,0.78,-3,-9.35,-1.03,0.01,2.44,9.17,,12.07,-8,,10.5,-1.2,-3.28,-1.38,,-3,-2.14,7,-1,1,-1.45,-2.85,-2,3,,-2.8,4,3.7,-2.5,5.2,-9.74,-15.8,,,1,,-11,4,4,,4.22,0.37,-2.2,-3,6,5.64,-12.66,,6.50,42,33,6,-9,75,0.5334473731,0.4753657773
Buffalo,Ohio,-3.5,0.72,8.02,0.01,-2.08,11.76,-0.37,0.31,3.93,4,-3.5,4,6.98,3,1.07,8.58,3.82,9.45,0.02,2.67,5,-5.75,-4.04,-1,-1.22,2.24,,-1.49,10,,-0.2,-0.41,2,-0.46,,7,-3.44,-4,-1.5,-8,4.92,-1.92,-7,-2.7,,1.8,-2,-1.3,-3,0.01,-2.58,2.85,,,-6,,-4,-2.7,-6,,-8.3,-2.73,-5,-3,-6,-4.58,0.01,,4.62,21,20,6,-1,41,0.5843031659,0.5004826169
Central Mich.,Eastern Mich.,-6,-3.97,-6.71,-5.49,-9.16,-0.36,3.47,-5.62,-6.17,-6,-6.5,-5,-1.1,-5.5,-2.56,-9.73,-11.74,0.42,-3.97,-0.65,-12,0.65,-4.42,-10,-1.32,-2.89,,-2.46,-10,,-3.3,-4.33,-6.01,-4.24,,-3,-2.75,-6,-5,-3,-7.92,-8.22,3,-6.8,,-2.7,-4,-6.4,-6,3.3,3.63,8.5,,,-1,,-5,-6.7,-2,,-13.28,-7.14,0.01,-6,-4.5,-9.7,1.73,,4.21,16,42,6,26,58,0.5491822571,0.4045018323
Cincinnati,Central Florida,-3.5,-3.59,3.13,-4.54,-11.76,-3.61,-3.16,-6.32,-0.57,3,-3,5,-1.31,-4.5,-4,5.52,-3.38,4.02,-1.73,0.44,-10,2.55,-4.11,-6.69,0.8,0.98,,-0.8,6,,-6.1,-2.25,-3.09,-4.09,,-3,-2.16,-3,-3,4,2.14,5.83,-13,-1.4,,-1.8,0.01,-1.3,-3.5,1.3,-3.3,-3.55,,,-6,,-1,-0.5,2,,-4.64,-4.33,-6.1,-3,-4,-0.48,-2.35,,3.79,24,27,6,3,51,0.5431811666,0.4577909873
Colorado,Arizona,4,2.37,8.52,1.83,7.31,1.34,5.06,3.86,2.49,8,1,7,9.44,5,2.97,8.02,5.7,5.98,3.04,5.31,3,1.65,0.25,3,1.4,4.67,,-2.21,12,,5,2.99,3.91,1.98,,7,2.98,4,3,-2,6.86,-1.15,-23,0.4,,3.6,1,0.2,4,2.6,1.37,2.6,,,1,,6,0.4,-2,,-1.74,0.36,5.7,4,9,4.29,5.52,,3.27,35,30,6,-5,65,0.4763830164,0.5743943526
Colorado St.,San Diego St.,-7.5,-11.39,-9.29,-9.62,-15.79,-12.12,-10.7,-4.96,-15.66,-7,-3.5,-8,-3.45,-13,-11.02,-12.42,-9.26,-10.93,-9.59,-14.01,-10,-8.65,-8.73,-19.5,-6.55,-12.72,,-11.07,-7,,-15.7,-9.46,-10.47,-10.44,,-6,-7.13,-3,-6,-12,-15.4,-8.48,3,-14.3,,-8.2,-12,-12.5,-7.5,-8.3,-2.97,-0.2,,,-4,,-23,-14.5,-5,,-6.34,-8.53,-6.1,-7.5,-8.5,-12.66,-9.78,,4.08,24,10,6,-14,34,0.4492677177,0.2792437882
Connecticut,South Florida,-11,-10.82,0.12,-11.71,3.74,-2.76,-11.48,-3.31,-8.35,9,-4.5,-3,-4.15,-9.5,-9.72,2.42,-12.3,-3.53,-7.91,-10.53,-6,-12.15,-10.54,-7.81,-12.61,-6.18,,-6.41,-6,,-14.1,-8.95,-8.42,-12.23,,1,-11.23,-12,-11,-16,-2.09,-7.95,-4,-13.2,,-8.7,-9,-8.9,-11,-8.4,-12.84,-1.5,,,-4,,-10,-11.8,-11,,-13.73,-14.03,-1.7,-11,-17.5,-14.16,-11.88,,5.25,48,22,6,-26,70,0.573303657,0.318091623
Duke,Pittsburgh,5,6.33,4.46,7.64,3.49,4.72,5.37,3.56,7.99,12,-4,7,4.61,6,6.73,4.37,-8.47,6.14,5.67,18.33,6,10.35,10.02,11.38,8.73,1.49,,0.82,5,,3.5,6.05,7.69,5.63,,6,8.79,13,5,4,8.6,13.24,-5,6.3,,9.3,10,6.1,5,12,2.52,7.75,,,5,,3,6.1,9,,0.01,5.37,-1.4,5,-6.5,3.8,6.91,,4.68,33,30,6,-3,63,0.5161457543,0.6340466723
East Carolina,Temple,-12,-10.72,-8.05,-12.29,-11.01,-11.81,-11.04,-13.73,-8.81,5,-24.5,-6,-16.45,-8,-12.24,-3.52,-17.63,-5.76,-11.7,-9.45,-11,-14.45,-11.16,-21.81,-11.78,-8.11,,-8.19,-7,,-18.5,-11.18,-12.06,-10.33,,-8,-9.23,-16,-11,-10,-10.89,-13.5,-5,-18.1,,-11.2,-13,-13.6,-12,-9.4,-9.69,-13.2,,,-15,,-7,-16.8,-15,,-21.38,-12.03,-3.9,-12,-19.5,-10.55,-16.79,,4.83,27,17,6,-10,44,0.5072125167,0.2403667709
Florida,Auburn,-2.5,-5.08,-8.73,-2.03,-10.5,-0.96,-6.91,-5.83,-7.07,-1,0.5,-3,-13.79,-3.5,-6.07,-6.01,-2.79,-5.16,-3.11,-5.65,-2,6.45,2.01,0.01,-1.64,1.47,,0.75,-18,,-6.5,-2.9,-3.05,-4.13,,-8,-1.09,-1,-2.5,2,-0.73,-3.36,3,1.7,,-3.2,-3,1.1,-2.5,-3.5,-2.18,-9.05,,,-1,,-9,2,3,,0.28,-2.13,-5.2,-2.5,3,-1.51,-7.48,,4.42,13,24,6,11,37,0.4852354731,0.4251525148
Florida Intl.,Massachusetts,27,21.23,16.76,16.99,8.85,9.61,20.81,14.99,19.62,30,18,20,28.88,17,24.15,10.23,15.15,13.39,19.77,14.47,10,20.45,25.99,11.88,19.22,6.59,,10.33,25,,28.4,20.63,16.7,20.14,,15,25.82,23,26,24,8.83,25.9,27,26.4,,25.5,23,22.9,26,20.2,32.59,23.9,,,26,,2,25.5,24,,21.67,25.47,22.6,26.5,12.5,15.88,23.63,,6.88,0,44,6,44,44,0.3380094773,0.8734240607
Georgia St.,Arkansas St.,-6.5,-9.71,-7.98,-10.94,-13.89,-0.56,-4.98,-5.6,-10.92,-5,-13.5,-5,-11.55,-11.5,-10.15,-6.06,-17.1,-5.8,-9.86,-9.35,-11,-16.65,-4.97,-16.25,-18.3,-5.69,,-8.17,-12,,-12.4,-10.08,-6.71,-9.11,,-10,-4.24,-13,-7,-13,-10.83,-7.48,-10,-4.6,,-9.1,-13,-2.7,-7,-18.7,-13.67,-12.1,,,-5,,-6,-4,-14,,-14.5,-10.53,-6.6,-7,-12,-17.12,-10.74,,4.23,38,52,6,14,90,0.4189698243,0.2741874641
Georgia Tech,North Carolina,-10.5,-11.38,-17.79,-7.29,-18.65,-11.78,-16.01,-17.06,-16.76,-18,-6,-8,-26.36,-3.5,-14.08,-13.16,1.32,-11.11,-11.8,-15.58,-13,-19.15,-3.09,-19.25,-17.07,-7.39,,-11.4,-20,,-4.3,-11.59,-9.83,-8.1,,-14,-14.46,-4,-8,-13,-14.47,-0.73,-9,-9.4,,-13.3,-7,-10.7,-10.5,-22.8,-14.3,-17.05,,,-7,,-27,-8.7,-8,,0.45,-6.73,-13,-10.5,1.5,-9.48,-20.56,,6.49,38,22,6,-16,60,0.469788584,0.2457129378
Iowa St.,TCU,3,1.98,-2.39,-1.06,10.23,-3.03,2.87,1.13,0.73,2,7,2,-0.01,-3,2.79,-3.68,5.74,-3.81,2.66,-1.08,-4,3.95,3.81,-2.56,2.57,6.61,,8.45,3,,-2.7,2.09,1.81,1.86,,1,5.4,2,3,7,-1.03,10.45,-4,7.5,,1.9,0.01,5.1,3,1.8,6.9,6.1,,,9,,-4,8.1,7,,7.47,2.17,3.2,3.5,1,5.44,3.77,,3.98,24,49,6,25,73,0.4917124876,0.5645578909
Kansas,Oklahoma,-32,-34.24,-22.14,-23.25,-28.58,-31.93,-24.65,-22.5,-33.02,-23,-24,-21,-38.4,-30,-37.15,-13.39,-28.09,-11.35,-27.9,-22.26,-28,-32.55,-35.13,-41.19,-25.96,-15.92,,-22.26,-20,,-33.9,-28.25,-27.51,-32.84,,-20,-33.6,-29,-34,-31,-25.6,-29.63,-31,-28.8,,-34.2,-29,-26.5,-31.5,-26,-33.61,-34.75,,,-25,,-28,-28.4,-32,,-25.39,-23.04,-28,-32,-23,-31.5,-37.62,,6.05,45,20,6,-25,65,0.5953609513,0.0502527463
Kansas St.,Baylor,1.5,5.37,1.93,8.64,1.89,11.43,8.79,2.98,6.03,12,-0.5,2,7.72,3.5,6.94,-1.2,10.09,7.76,4.83,14.26,-3,8.15,4.8,6.38,7.24,0.55,,-2.47,4,,-1.3,4.9,5.81,4.25,,-2,2.86,10,4,1,5.03,0.47,-16,3.7,,3.2,4,3,2,8.2,-3.63,13.2,,,7,,15,3.4,11,,8.51,5.07,5,1.5,4.5,4.56,7.29,,4.44,31,12,6,-19,43,0.580044343,0.6152393174
LSU,Utah St.,27.5,17.78,13.85,16.01,27.85,14.11,14.08,16.43,17.47,20,25,22,20.14,17.5,17.07,10.46,21.99,12.21,18.57,20.56,12,17.45,20.44,18.19,15.53,13.8,,13.86,12,,23.2,17.64,14.95,18.3,,20,26.88,15,23.5,20,14.5,37.05,15,21.7,,25.6,19,22.4,26,23.3,17.26,11.75,,,16,,23,24,17,,8.26,24.97,23.9,27.5,11.5,19.81,15.31,,5.29,6,42,6,36,48,0.296767596,0.8664735222
Louisiana-Monroe,Memphis,-15,-18.87,-16.61,-10.89,-20.44,-9.99,-11.8,-18.61,-19.72,-13,-12.5,-11,-20.98,-16,-18.6,-14.25,-16.99,-8.75,-14.93,-7.01,-22,-22.95,-16.18,-32,-19.73,-7.46,,-3.98,-19,,-15.3,-15.23,-15.15,-18.81,,-13,-13.89,-17,-13.5,-17,-20.35,-4.82,-11,-16.1,,-16.6,-15,-14.4,-15,-13.9,-16.63,-17.4,,,-13,,-5,-15,-18,,-13.97,-13.03,-9.8,-14.5,-7.5,-17.14,-20.22,,4.86,52,33,6,-19,85,0.5016820483,0.1842536884
Louisville,Boston College,5,5.74,5.79,-3.51,11.45,6.1,9.23,-4.61,9.4,14,-10,6,15.72,1,7.48,0.44,-7.07,5.1,2.59,5.79,-1,-5.75,4.42,-1.75,-6.41,-4.11,,-0.32,8,,4,3.29,0.47,3.57,,8,10.6,-8,4.5,-1,4.22,1.75,3,-2.9,,7.5,1,-1.7,5,0.3,9.97,17.95,,,10,,6,-1.5,-8,,-13.88,2.36,7.4,5,-1,-7.64,9.85,,6.89,39,41,6,2,80,0.4446175493,0.5594891744
Miami (Fla.),Virginia Tech,14,15.8,14.7,10,11.95,19.83,19.27,14.17,17.99,9,5,9,33.48,8.5,18.69,4.59,14.64,11.05,13.9,13.42,12,17.35,8.75,21.5,15.23,5.84,,9.11,14,,17.7,13.34,14.78,13.27,,11,17.87,18,12.5,14,15.04,3.47,10,12.2,,19.2,13,10.5,14,13.1,18.54,20.5,,,11,,25,11.4,15,,11.92,7.87,11,14,10,12.3,22.16,,5.43,42,35,6,-7,77,0.4976220022,0.7963204763
Michigan,Iowa,4,2.9,-2.8,1.06,-3.23,-9.17,-2.2,-9.12,-1.13,-2,-6,-1,-2.79,0.01,1.35,-2.82,1,-5.93,-0.02,-5.17,-7,-1.15,3.88,-0.56,-3.55,1.8,,2.41,-1,,-1.7,-0.18,-0.99,5.46,,-2,4.22,3,5,3,-1.89,10.45,10,3.5,,5.2,2,3.5,3.5,-6.9,0.44,-6.75,,,3,,2,3.7,2,,-0.36,1.57,0.3,3.5,8.5,-5.7,-1.4,,4.14,3,10,6,7,13,0.4032087746,0.4995136275
Middle Tenn.,Marshall,-4,-4.97,-5.97,-1.65,-5.45,-8.06,-7.85,-3.97,-5.85,1,-4.5,-4,-9.55,-2,-5.82,-4.05,12.36,-7.36,-3.39,4.61,-10,-3.05,-4.9,-6.06,-1.39,-1.02,,-5.21,-6,,-0.4,-4.02,-1.56,-4.21,,0.01,-3.91,-1,-6.5,-8,-4.58,-1.86,-15,-1,,-3.4,-2,-0.4,-4,-1.8,-0.65,-0.2,,,-5,,-10,0.2,-5,,1.47,-4.03,-8.6,-4,7,-5.41,-6.38,,4.05,13,24,6,11,37,0.5148516522,0.4180301309
Minnesota,Illinois,14,13.65,10.23,16.99,4.07,9.98,10.02,3.55,17,11,22,16,-2.27,21,10.83,16.96,16.12,14.12,14.3,14.9,3,15.45,11.31,31.31,16.81,18.32,,15.7,19,,15,15.2,13.56,14.59,,4,12.93,17,14,19,22.03,11.12,-2,15.7,,9.7,15,14.4,14,15.4,19.39,18.2,,,17,,7,15.9,20,,17.05,15.57,13.8,14,10.5,25.82,11.83,,5.08,17,40,6,23,57,0.5071807792,0.8045605634
Mississippi,Vanderbilt,7,8.94,8.49,6.2,16.43,17.76,12.08,10.35,9.62,13,1,7,12.91,8.5,9.41,6.11,4.76,13.2,7.76,10.49,12,5.25,5.33,11.13,4.56,2.07,,2.93,13,,13.3,7.1,5.06,8.44,,13,7,4,6.5,5,11.08,0.87,14,4.5,,7,8,4,7,6.4,10.12,12.55,,,4,,8,3.6,2,,0.96,6.47,7.2,7,0.5,6.36,9.5,,4.11,6,31,6,25,37,0.5184834032,0.6819766931
Missouri,Troy St.,24.5,23.69,21.07,19.95,25.88,25.56,27.16,17.99,27,21,27.5,18,31.55,14,24.95,15.43,22.2,16.37,23.34,21.72,12,34.55,23.55,34,31,8.52,,11.75,30,,18.8,23.85,26.48,22.05,,21,25.5,24,25.5,25,26.73,27.32,21,26.6,,23,22,22.5,24.5,23.4,34.02,31.3,,,25,,18,25.2,25,,25.79,24.97,20.7,24.5,-1.5,23.2,32.12,,6.86,10,42,6,32,52,0.4732608657,0.9114281512
Navy,Air Force,-3.5,-0.88,-2.31,1.46,-2.3,4.03,3.85,-7.76,-2.65,4,6,-6,1.79,0.01,0.57,-4.51,4.71,-4.73,-1.77,-2.99,-4,-0.95,-0.35,-10.44,-0.93,-5.35,,-2.03,-3,,4,-2.07,-0.34,-1.29,,8,-2.5,1,-2,-4,-3.78,-9.91,-4,-6,,0.4,-4,-3.8,-3.5,-2.1,-7.72,0.01,,,-4,,-5,-5.3,-1,,-4.31,-1.83,-4.7,-3.5,1.5,-1.05,0.43,,3.40,25,34,6,9,59,0.5424318792,0.4565908741
Nebraska,Northwestern,7.5,6.28,9.08,0.67,9.62,6.39,4.82,5.99,8.39,11,1,7,3.44,4,5.04,12.12,-2.8,11.32,4.75,10.33,9,3.25,5.31,6.69,3.84,2.52,,3,12,,1.9,4.76,2.72,6.43,,8,6.46,2,6.5,2,10.84,-8.67,15,0.5,,5,6,1.9,7,5,2.79,1.1,,,3,,4,0.01,1,,0.69,6.16,4.7,7.5,8,-1.21,1.44,,4.01,10,13,6,3,23,0.4333075685,0.6141346731
New Mexico St.,Liberty,-4,-5.62,-16.37,-2.17,-2.5,-19.08,-3.17,-13.8,-10.51,1,-3,-11,-19.73,-9.5,-4.93,-14.55,1.83,-11.13,-6.86,-6.1,-22,-5.45,-4.88,-8.88,-8.55,-2.53,,-2.97,-16,,-8.5,-6.4,-9.8,-4.73,,-5,-5.33,-7,-4,-8,-8.15,-5.49,1,-8.3,,-7.5,-4,-7,-4,-7.5,-10.79,-2.4,,,1,,-7,-8.1,-5,,-3.58,-4.83,-3,-4.5,-2.5,-8.8,-6.69,,5.15,20,13,6,-7,33,0.4319667341,0.3405192513
Northern Ill.,Ball St.,4.5,9.36,-2.33,10.42,0.39,-5.18,3.34,-4.27,7.99,2,3,2,-11.08,10,7.8,2.39,10.86,3.28,5.6,8.62,-4,7.95,5.5,6.81,8.9,10.34,,8.79,-2,,4.6,6.19,5.61,10.72,,-2,3.26,10,6,10,5.11,4.48,-4,9.9,,4.5,7,8.9,4.5,7.5,4.37,3.7,,,10,,5,9.4,13,,15.31,6.77,4.3,5,8.5,16.83,3.55,,5.24,27,20,6,-7,47,0.5262331229,0.6311885629
Notre Dame,Bowling Green,46.5,47.25,33.7,43.81,48.67,37.12,44.74,44.05,49.85,38,36.5,32,53.37,36,49.76,23.12,51,19.11,43.78,52.56,31,58.95,42.83,61.13,51.08,29.11,,37.76,41,,51.2,47.63,49,45.09,,51,48.02,48,45,53,42.62,55.35,-43,51.8,,53.2,49,50,46.5,48.1,55.66,46.5,,,44,,46,51.5,54,,46.84,37.46,46.9,46,20.5,53.44,59.01,,9.37,0,52,6,52,52,0.4413404572,0.991231485
Ohio St.,Michigan St.,20,21.96,18.38,18.02,16.25,26.59,17.16,17.86,23.25,25,21,13,33.95,23,23.98,10.01,23.3,10.62,20.34,20.58,16,32.65,19.53,11.13,28.76,11.41,,17.8,20,,23,20,22.18,20.82,,19,18.37,27,20,18,9.3,17.47,10,21.3,,25.5,20,19.9,20,21.8,25.71,23.05,,,17,,17,20.5,31,,17.68,15.17,17.4,20,18,29.04,27.42,,5.50,10,34,6,24,44,0.5080728565,0.8869853384
Old Dominion,Western Kentucky,-3,-4.55,-0.27,-3.25,-2.68,0.78,-0.6,-1.38,-7.33,5,-9,-2,0.95,-1.5,-4.08,-0.92,-3.19,-6.2,-2.62,-0.85,-4,-0.25,1.24,-2.69,-1.55,-2.76,,-0.23,-3,,-6.1,-2.61,-2.77,-4.07,,-1,-7.68,-1,-3,-2,-3.08,-2.07,-6,-5.8,,-1.6,-2,-4.8,-3,-4.9,-6.5,2.2,,,-8,,-5,-4.6,-1,,-0.87,-2.54,-1,-3.5,4,-3.88,-3.93,,2.83,20,3,6,-17,23,0.5094008204,0.4354619241
Oregon,California,19,19.37,7.82,11.98,18.13,23.28,18.18,13.58,17.55,14,20,8,21.84,6.5,21.7,0.26,14.23,7.46,15.89,14.72,10,24.45,20.93,14.75,21.23,6.99,,14.31,9,,15.4,16,14.27,18.56,,19,21.57,16,18.5,17,10.05,22.71,24,13.7,,21.9,14,13.9,19,17.8,22.13,22.5,,,16,,19,13.5,23,,11.84,11.47,13.2,18,4.5,16.71,22.49,,5.61,7,17,6,10,24,0.4267289131,0.8273473949
Penn St.,Purdue,28.5,30.1,34.34,17.78,34.73,33.73,26.43,26.59,35.83,21,29,25,58.26,26,33.23,21.46,29.98,17.77,26.85,25.04,34,39.65,21.71,37.94,34.75,18.03,,20.62,36,,23.5,26.51,30.26,26.86,,28,28.98,27,24,20,30.92,20.54,10,19.1,,32.1,23,17.5,28.5,25.6,34.91,33.9,,,26,,30,18.6,29,,14.21,18.47,16.5,28,17,20.55,38.92,,8.06,7,35,6,28,42,0.4630748198,0.9342640894
Rutgers,Maryland,-13.5,-18.97,-17.1,-14.9,-10.55,-23.58,-19.47,-12.6,-22.63,-6,-6,-8,-40.65,-11.5,-21.84,-4.42,-15.91,-10.94,-14.15,-19.68,-23,-15.65,-13.38,-24.69,-16.56,-6.95,,-8.7,-19,,-11.7,-13.22,-17.22,-16.26,,-6,-13.06,-11,-11.5,-13,-14.28,-8.02,-10,-13.6,,-18.4,-13,-13.5,-13.5,-11.4,-9.81,-21.35,,,-10,,-16,-13.8,-9,,-13.03,-14.53,-6.5,-12.5,-5.5,-10.31,-25.88,,6.34,48,7,6,-41,55,0.4848342673,0.2039050404
SMU,Tulsa,13,11.54,13.44,13.85,12.57,11.7,13.79,17.55,13.86,11,6.5,17,11.9,21,11.82,14.28,11.02,11.96,14.08,16.47,16,17.95,10.08,32.25,17.02,16.79,,15.79,11,,14.1,13.88,13.6,10.97,,13,12.95,17,14,17,18.8,14.05,7,15.4,,16,15,14.3,13,18.7,17.82,13.9,,,10,,16,15.1,17,,13.13,10.47,8.6,13,1.5,15.73,13.01,,3.34,37,43,6,6,80,0.5265393272,0.8072807996
San Jose St.,New Mexico,6.5,3.02,8.39,3.84,10,12.13,6.23,11.93,4.87,15,6,5,15.59,2,3.58,4.51,3.2,5.38,6.55,5.84,5,12.15,6.09,6,10.12,1.62,,2.49,11,,3.3,5.98,4.37,2.16,,11,6.96,6,7,8,6.98,5.55,1,5.5,,8.6,4,4.3,6.5,9.9,11.21,12.85,,,3,,-1,5.4,9,,2.15,5.96,11.1,6.5,0.01,9.09,8.35,,3.80,21,32,6,11,53,0.5012220048,0.6558886924
South Alabama,Georgia Southern,-10,-13.1,-4.63,-13.51,-7.65,7.92,-8.67,-7.05,-13.78,-3,-13,-7,-6.88,-6.5,-12.89,-3.42,-11.77,-6.51,-11.24,-16.16,-2,-21.05,-10.51,-10.38,-18.02,-12.21,,-14.35,-8,,-8.6,-11.88,-10.97,-13.07,,1,-12.14,-9,-13,-18,-6.49,-16.3,-12,-19.6,,-7.4,-11,-15.7,-10,-17.4,-21.23,-5.65,,,-13,,-10,-19.4,-18,,-16.3,-13.03,-10.8,-10,-4.5,-18.9,-14.76,,5.57,20,17,6,-3,37,0.4706219456,0.2520303618
Stanford,Washington,-14.5,-8.68,-10.54,-9.82,-14.28,-19.47,-12.47,-18.97,-11.95,-5,-6,-9,-9.83,-9.5,-8.82,-10.92,-8.78,-10.43,-10.13,-11.04,-23,-16.75,-9.8,-17.94,-14.72,-0.01,,-4.12,-18,,-13.4,-9.95,-9.9,-7.62,,-10,-10.89,-6,-13,-10,-13.96,-2.47,-1,-8.1,,-8.7,-11,-6.9,-14,-15.9,-13.55,-16.3,,,-7,,-11,-6.4,-10,,-8.13,-9.53,-4.7,-17,-0.5,-13.21,-13.62,,4.79,13,23,6,10,36,0.603929679,0.27063705
Tennessee,Georgia,-24.5,-24.53,-27.4,-28.04,-35.02,-25.93,-22.18,-26.44,-31.41,-26,-25,-19,-33.31,-24.5,-24.24,-24.23,-35.25,-12.89,-25.45,-33.53,-26,-30.45,-18.05,-41.5,-30.29,-17.02,,-18.52,-34,,-35.4,-25.45,-26.54,-22.66,,-31,-20.03,-27,-24.5,-21,-29.86,-18.76,-17,-22.1,,-25.9,-27,-18.2,-24.5,-21.5,-28.87,-28.35,,,-21,,-32,-19.6,-24,,-22.58,-23.03,-21.8,-24.5,-9,-30.37,-29.98,,5.81,43,14,6,-29,57,0.4775908056,0.0660852424
Texas Tech,Oklahoma St.,-10,-10.03,-14.27,-5.89,-19.22,-6.26,-9.84,-12,-14.3,-8,-5,-9,-21.96,-12.5,-9.96,-10.14,-8.57,-9.78,-10.33,-20.74,-13,-14.95,-3.08,-18.5,-15.14,-5.87,,-12.3,-15,,-14.8,-9.81,-7.33,-8.82,,-14,-7.6,-7,-8,-9,-14.12,-6.81,1,-5.6,,-9.2,-8,-5,-10,-14.3,-13.17,-11.6,,,-3,,-20,-4.5,-4,,-3.79,-5.93,-11.4,-10,-8,-17.21,-11.51,,4.66,35,45,6,10,80,0.4920432889,0.266193882
Toledo,Western Mich.,1,6.53,4.06,6.22,2.12,7.68,6.33,1.53,6.5,7,2,4,3.31,7.5,5.72,4.46,7.93,0.01,4.39,1.11,-2,7.25,5.17,7,7.89,7.82,,6.28,3,,-7.3,4.97,4.15,7.05,,0.01,2.77,12,4,9,6.08,1.64,-3,-2.6,,2.8,5,-2.3,1.5,5.4,3.67,4.5,,,7,,1,-3.8,10,,12.46,1.87,5,1.5,1,11.66,4.93,,3.90,24,31,6,7,55,0.5821429902,0.6058629721
UAB,Rice,10,7.78,5.75,12.14,5.16,17.88,-4.61,8.49,6.43,14,7.5,11,-4.71,17.5,4.65,11.39,20.57,10.74,9.61,-0.17,13,1.85,11.93,17,4.27,15.4,,11.67,-1,,23.2,10.3,6.57,10.1,,10,8.91,18,10,12,12.48,7.71,12,10.5,,8.9,16,9.8,10,4.6,10.71,-2,,,12,,-1,9.6,11,,21.12,9.96,10.6,9.5,19.5,16.39,-1.54,,6.46,20,35,6,15,55,0.4909231314,0.7124953065
UCLA,Oregon St.,6,9.04,4.14,8.1,3.93,-11.73,-1.58,3.04,7.47,8,7,8,0.66,11,7.06,6.01,9.33,3.43,7.06,4.06,-4,7.75,6.21,9.81,10.53,14.58,,14.07,6,,16.3,7.76,5.69,10.66,,0.01,8.7,12,8.5,11,7.29,7.35,18,6.4,,10.2,11,4.8,6,10,1.09,-8.35,,,8,,3,6.4,9,,13.68,7.77,8,6,10,9.85,3.26,,5.29,48,31,6,-17,79,0.5252546027,0.6634545972
UNLV,Boise St.,-23,-23.08,-24.46,-20.6,-24.05,-21.59,-19.37,-21.66,-26.79,-11,-25,-20,-23.49,-26,-21.72,-24.98,-32.32,-12.6,-22.77,-26.64,-26,-29.05,-19.79,-44.94,-24.09,-20.71,,-21.63,-33,,-27.9,-22.15,-21.16,-22.97,,-18,-22.44,-21,-24,-24,-30.43,-13.32,-15,-22,,-21,-24,-18.8,-23,-21.9,-23.82,-19.5,,,-18,,-25,-21.4,-22,,-24.83,-21.03,-22.3,-22.5,-16.5,-22.43,-24.61,,4.14,38,13,6,-25,51,0.5055928496,0.0825767789
UTEP,Texas-San Antonio,1.5,1.06,-0.9,-5.87,3,3,4.28,2.35,2.25,6,-6,-1,-5.76,-4,3.15,1.72,-3.28,4.11,0.13,-3.88,1,5.25,-2.03,0.81,1.86,-1.78,,-0.4,-4,,8.5,-0.45,0.96,-0.49,,0.01,-2.38,5,0.5,0.01,2.64,-0.87,-7,-3.7,,1,-1,-2.1,1.5,-0.9,5.02,-3.5,,,-1,,-1,-4.9,-3,,3.41,-0.63,3.5,2,7,-0.99,3.4,,3.52,26,16,6,-10,42,0.4664270632,0.5031894888
West Va.,Texas,-10,-10.45,-10.83,-4.69,-21.79,-11.48,-12.91,-14.14,-10.35,-9,-1,-6,-24.88,-2,-13.07,-3.27,-1.23,-6.89,-8.04,-10.65,-11,-5.95,-10.12,-9.75,-7.17,-2.73,,-4.5,-13,,-4.3,-8.39,-4.1,-8.76,,-11,-9.71,-1,-9.5,-9,-7.31,-8.01,-11,-5.2,,-15.8,-9,-5.3,-10,-7.2,-6.8,-14.4,,,-4,,-15,-4.9,-1,,-1.4,-10.03,-9.3,-10.5,12,-5.08,-13.81,,5.75,42,31,6,-11,73,0.5462069799,0.316972739
Wisconsin,Kent,35,32.43,25.1,35.09,35.14,41.58,32.35,25.93,32.76,16,43.5,22,40.97,31.5,32.89,16.55,41.56,16.68,32.43,31.03,25,33.55,34.68,52.44,32.13,27.32,,31.1,24,,40.1,32.68,34.14,32.24,,32,31.69,38,35.5,35,30.99,40.66,36,33.2,,42.5,35,33.4,35,25,32.83,32.6,,,31,,29,33.9,30,,33.23,27.96,22.1,35,29.5,34.55,41.64,,6.37,0,48,6,48,48,0.4402845124,0.9710153431
Air Force,Fresno St.,3,2.32,13.52,-3.98,6.11,7.64,1.25,9.53,2.92,9,-4,9,17.54,3.5,1.74,11.49,-4.63,8.76,3.73,6.77,10,0.85,2.2,11.35,-0.57,-2.11,12.01,-1.7,17,,6.1,2.57,-0.25,2.57,,7,3.71,-1,3,-1,8.98,1.31,-1,1.2,,7.1,0.01,1.7,3,-0.7,0.45,9.75,,,3,,7,0.9,3,,-6.89,1.6,4.1,3,5.5,-4.84,1.14,,5.51,24,43,7,19,67,0.5173250513,0.5878299354
Akron,Kent,-14.5,-16.96,-20.22,-8.24,-5.15,-5.79,-23.57,-13.16,-23.33,-14,-2.5,-18,-26.19,-7,-17.5,-17.23,-6.63,-12.33,-12.84,-17.66,-16,-18.05,-7.5,-7,-16.67,-0.32,-25.3,-0.43,-27,,-8,-12.4,-15.4,-15.71,,-9,-12.03,-2,-11,-17,-8.59,-7.18,-5,-12.6,,-12.4,-10,-11.2,-14.5,-15.8,-22.67,-22.8,,,-9,,-24,-11.5,-13,,-6.95,-8.7,-4.9,-14.5,2.5,-13.32,-26.41,,7.61,26,3,7,-23,29,0.5375626661,0.2328884025
Arizona,Washington,-6,-7.71,1.81,-7.92,-3.72,-0.66,-8.8,-4.31,-3.15,1,-6,-1,-6.58,-5,-10.82,6,-6.69,-0.13,-5.09,-1.2,-2,-9.05,-8.4,-9.8,-9.29,1.04,-3.64,-3.77,1,,-5.4,-6,-6.66,-6.46,,-2,-6.51,-9,-6,-2,-0.9,-8.05,-3,-7.4,,-8,-8,-6,-6,-6.7,-3.62,-7.2,,,-6,,-2,-6.7,-5,,-12.07,-7.3,-3.7,-6,-7,-6.55,-9.64,,3.69,51,27,7,-24,78,0.5222645372,0.3773970774
Arizona St.,Washington St.,0,6.97,12.49,2.72,5.14,8.6,11.31,3.2,11.64,11,6,12,3.95,8,4.87,16.76,3.67,13.63,6.21,13.15,3,6.95,-0.65,12,7.33,3.68,14.54,2.37,19,,5.5,6,3.95,7.47,,6,2.22,-1,2,5,15.89,-1.81,7,1.3,,0.3,2,1,1,6.9,8.41,7.65,,,4,,9,0.6,3,,-3.86,1.6,5.4,1.5,-5,7.42,8.76,,5.15,34,38,7,4,72,0.6450805072,0.6450805072
Baylor,Texas Tech,10,10.33,14.75,4.85,13.9,7.23,8.19,12.58,12.85,14,18,16,15.98,13,9.5,14.13,7.71,9.01,11.07,11.97,14,13.05,6.06,14.25,14.36,9.04,17.28,11.12,13,,28.2,10.53,6.17,10.53,,14,10.23,8,10.5,10,14.26,13.65,13,10.5,,12.3,9,9.8,10,12.1,13.99,1.75,,,6,,7,9.7,9,,1.46,4.8,7.9,11,6,15.51,9.72,,4.45,30,33,7,3,63,0.5258753115,0.7490480776
Boise St.,Hawaii,13,13.64,8.62,13.9,-1.74,9.6,3.65,10.73,10.32,5,11.5,11,7.51,19.5,12.75,9.18,10.57,4.59,10.35,6.17,6,10.05,12.84,22.3,10.99,13.21,-1.2,16.08,5,,15.1,10.9,5.92,14.8,,5,11.48,24,13.5,16,10.69,5.31,6,13.1,,11.1,13,9.8,12.5,11.3,4.76,2.65,,,8,,5,12,12,,20.02,11.29,10.9,12.5,14.5,14.61,4.43,,4.95,37,59,7,22,96,0.4366898856,0.7331714745
Bowling Green,Toledo,-26.5,-24.59,-18.67,-18.29,-37.24,-23.37,-22.72,-27.8,-27.63,-14,-10,-19,-28.24,-23,-25.02,-13.89,-28.82,-12.08,-23.33,-26.07,-24,-33.65,-20.05,-30.35,-29.31,-14.46,-24.27,-17.1,-18,,-27.5,-23.63,-24.95,-23.94,,-26,-23.63,-23,-23.5,-29,-19.14,-17.45,-28,-22.2,,-23.7,-22,-21.7,-26.5,-23.4,-35.96,-18.95,,,-28,,-27,-20.9,-27,,-24.75,-20.7,-17.7,-26.5,-12,-25.75,-34.79,,6.01,7,20,7,13,27,0.5740663566,0.0846728122
Central Mich.,New Mexico St.,10.5,14.44,17.07,9.76,15.98,21.89,11.5,18.65,18.7,16,9,16,17.51,18,12.48,16.86,11.83,16,13.03,13.25,17,15.05,9.3,13,13.98,7.81,16.89,9.23,17,,16.6,13.21,13.14,15.01,,14,14.83,15,12.5,13,13.21,3.97,4,10.7,,12.4,11,8.5,11,14.3,14.19,13.05,,,9,,14,10.1,13,,1.45,9.2,13.1,10,11,11.41,14.34,,3.81,28,42,7,14,70,0.5615821402,0.7876188778
Clemson,Florida St.,27,21.29,17.34,31.64,15.49,25.38,18.86,25.4,21.4,18,41,23,25.31,29.5,20.77,13.35,29.42,13.01,24.43,17.88,14,27.35,24.01,21.3,30.78,15.1,20.44,18.39,16,,32.2,24,26.89,21.66,,16,23.22,36,26,24,18.74,21.21,23,31.4,,26.8,27,27.3,27,30,25.71,19.4,,,29,,15,30.7,40,,37.03,27.3,21.8,27,21,36.56,24.4,,6.95,14,45,7,31,59,0.4410510255,0.920695209
Coastal Carolina,Georgia St.,4,0.15,5.65,2,11.21,8.85,0.81,6.39,-2.47,4,13.5,6,10.7,6.5,1.75,3.14,3.1,-0.73,5.24,2.86,10,9.85,7.26,3.25,13.23,0.14,5.44,5.52,9,,16.1,5.1,3.87,-0.44,,9,4.64,11,6.5,2,5.22,9.61,5,1.3,,6.1,6,1.1,4,4.5,5.77,10.3,,,5,,-1,1.2,6,,3.85,2.8,5.1,5.5,7,7.17,2.41,,4.06,31,21,7,-10,52,0.5301632337,0.6254437629
Duke,Georgia Tech,17,17.79,21.48,20.24,22.82,27.54,21.01,22.56,22.4,28,19.5,18,25.17,15,16.48,19.64,5.48,17.64,20.08,26.93,18,22.85,16.11,38.25,22.46,14.86,24.37,16.82,24,,23.1,20.24,19.25,17.85,,22,21.54,19,18.5,18,27,22.05,5,16.7,,21,19,18.3,17.5,24.3,22.33,22.5,,,15,,31,16.9,20,,11.63,18.8,16.3,17,-2,22.71,27.84,,5.38,23,41,7,18,64,0.572891545,0.8845207893
Eastern Mich.,Ball St.,1.5,3.81,3.55,3.54,2.74,-2.36,0.42,-2.41,0.89,3,6,4,-8.72,10,0.54,9.67,3.84,2.72,1.26,1.56,3,-5.45,-0.99,5.55,-1.8,3.39,1.44,2.34,6,,9,1.56,3.34,6.33,,-1,-0.19,7,-1,-5,6.83,-1.34,-14,0.6,,-0.8,2,0.8,1.5,-7.9,-6.67,-9.8,,,1,,1,0.01,2,,7.63,2.8,-0.2,1,9.5,5.28,-4.6,,4.50,29,23,7,-6,52,0.4941970862,0.530436784
Florida Atlantic,Middle Tenn.,11.5,12.26,12.81,6.71,15.09,16.21,14.26,4.72,13.1,22,-4,12,21.63,10,15.13,8.38,0.49,8.8,10.37,7.74,6,10.05,9.18,10.1,7.91,1.64,17.33,5.43,16,,20.9,10.1,9.64,10.37,,15,12.35,10,11,7,13.81,1.72,14,6.8,,14.9,11,6.5,11.5,10.8,13.46,8.15,,,13,,10,6,12,,2.97,9.09,12.8,10,-1.5,7.08,16.98,,5.51,13,28,7,15,41,0.4731907697,0.7314373189
Florida Intl.,Charlotte,5,8.14,-0.22,6.57,8.09,3.97,2.96,-0.96,5.45,7,-2,4,-0.34,7,8.37,-0.15,7.62,4.72,4.84,-1.21,-1,5.75,5.46,6.75,2.7,0.69,3.97,2.18,1,,6.7,5.59,4.14,8.46,,5,7.97,9,6.5,8,3.37,11.89,18,7.6,,6.3,6,7,5,1.5,4.56,0.1,,,8,,-12,7.8,5,,5.59,5.69,6.7,5,7,3.84,5.66,,3.93,23,48,7,25,71,0.49609669,0.6163754795
Georgia,South Carolina,21.5,17.43,18.72,24.15,16.65,20.1,13.98,20.16,18.06,20,25,19,14.89,21.5,15.02,20.64,22.21,14.02,19.45,19.42,18,19.95,21.95,25.05,18.61,16.03,20.55,19.71,16,,29.4,19.95,17.52,18.76,,20,17.89,23,24,21,21.59,16.25,10,20.1,,21.3,20,19.3,21.5,20.4,20.98,12.45,,,16,,25,19.2,24,,21.27,24.79,16.4,24,15,24.61,15.82,,3.38,20,17,7,-3,37,0.4497449712,0.8846123026
Houston,Cincinnati,-7,-3.49,-11.82,-3.95,-1.62,-5.74,-4.9,-3.81,-5.9,4,-19,-11,-7.78,-6.5,-1.3,-13.84,3.48,-8.75,-5.77,-6.77,-8,-8.55,-4.31,-18.75,-9.45,-8.6,-1.41,-9.27,-13,,-6.1,-6,-7.01,-4.45,,-2,-3.07,-2,-5,-6,-13.22,-9.77,11,-4.9,,-1.5,-6,-4.7,-7,-9.2,-6.85,-5.25,,,1,,-6,-7.2,-7,,-8.61,-4.3,0.7,-7.5,5.5,-9.86,-6.75,,4.48,38,23,7,-15,61,0.5297194631,0.3632492116
Illinois,Michigan,-24,-26.97,-18.48,-21.73,-7.1,-8.16,-14.34,-14.34,-26.88,-9,-17.5,-17,-24.8,-21,-24.92,-15.33,-21.93,-11.54,-19.65,-15,-12,-26.35,-16.77,-42.85,-23.25,-16.27,-18.22,-19.09,-27,,-15.9,-20.3,-20.75,-28.39,,-13,-19.84,-21,-19,-24,-24.94,-19.58,-10,-21.7,,-21,-22,-17.6,-23.5,-13.5,-24.05,-20.95,,,-21,,-16,-20.3,-18,,-22.55,-20.7,-14.5,-22.5,-17,-22.46,-24.65,,4.88,42,25,7,-17,67,0.603309796,0.118370543
Indiana,Rutgers,27.5,22.86,22.58,20.94,25.56,29.92,24.12,22.88,25,26,25.5,21,38.76,21,23.9,14.49,22.73,17.26,22.94,22.52,21,28.35,23.68,30.55,24.75,11.22,28.55,15.62,24,,33.6,23,20.91,21.89,,23,25.17,22,25,23,24.12,20.36,5,24.7,,28.2,21,23.7,26.5,23,34.06,12.1,,,23,,25,24.6,26,,13.88,18.8,21.9,27.5,10.5,19.29,33.09,,5.65,0,35,7,35,35,0.3933440457,0.9133027491
Iowa,Penn St.,-3.5,-5.58,-6.63,-2.1,-4.49,-1.97,-6.07,-3.44,-8.32,3,-9.5,-1,-15.17,-4,-5.82,-2.37,-4.64,-3.75,-4.7,-5.96,-12,-9.85,-6.54,-1.75,-8.1,1.93,-4.01,-0.92,-8,,-2.3,-4,-9.2,-5.03,,-6,-6.12,-3,-2.5,-1,-0.62,-1.42,-4,-0.8,,-8.2,-4,-2,-3.5,-4.6,-13.09,-6.55,,,-7,,-9,-1.1,-2,,-0.43,-3,-2.6,-3.5,-3,-3.56,-14.17,,3.94,17,12,7,-5,29,0.4707587568,0.386927083
Kentucky,Arkansas,7,11.85,11.97,17.37,4.23,4.05,11.57,7.37,12.02,6,15.5,12,12.79,14.5,11.17,11.55,13.79,9.57,12.04,12.05,4,11.65,9.92,21.6,16.58,16.08,6.82,17.99,15,,13.1,12,16.05,12.26,,3,11.92,21,7,12,15.63,20.61,1,11.1,,13,13,9.7,8,7.9,2.8,15.1,,,14,,12,12.1,18,,15.49,9.4,10,6.5,6.5,14.47,11.77,,4.11,20,24,7,4,44,0.6207123,0.768595703
LSU,Florida,13.5,9.02,6.51,9.65,11.51,7.47,7.31,8.55,6.17,16,7,1,14.41,3.5,10.44,2.55,10.51,1.65,8.25,12.68,5,6.95,12.14,4.6,3.74,3.7,18,7.32,7,,20.2,8.1,5.56,8.44,,14,9.8,11,14,4,4.88,14.95,-4,8.1,,11.5,9,8.7,12.5,5.9,8.92,12.15,,,5,,10,8.3,6,,4.59,9.9,10.8,13.5,8,6.57,5.86,,3.91,28,42,7,14,70,0.3740513099,0.6930983786
Louisiana Tech,Massachusetts,31.5,30.29,33.34,26.41,32.3,22.25,31.9,29.02,33.2,39,30,29,41.13,31.5,31.93,29.44,21.74,18.57,28.99,28.35,23,35.25,30.5,29.75,29.5,18.66,38.47,17.52,36,,44.4,29.44,27.35,29.14,,29,29.85,29,31.5,30,23.64,25.57,8,30.4,,33.3,30,27.4,31,32.1,40.71,29,,,28,,18,29.6,29,,23.25,27.8,24.3,31.5,19.5,26.2,36.98,,6.18,21,69,7,48,90,0.4414351044,0.9555896734
Louisiana-Lafayette,Appalachian St.,1,-3.36,1.29,-2.85,1.52,13.37,0.94,-4.47,-0.65,6,-10.5,1,9.61,-3,-0.52,-2.87,-9.88,0.78,-0.28,2.17,-5,2.95,1.75,-9.9,1.32,-2.61,3.37,-0.81,,,-1.8,-0.65,0.18,-5.6,,3,4.97,-5,1,-3,-2.04,3.93,,-1.6,,1.1,-1,-0.5,1,0.01,5.44,24.25,,,-1,,-3,-2.1,-11,,,,-7.5,1,-6,-1.58,1.57,,5.69,17,7,7,-10,24,0.4697472726,0.4933761648
Marshall,Old Dominion,15.5,15.22,13.81,18.09,0.93,5.19,14.32,10.3,13.82,8,7.5,14,15.13,13.5,14.47,13.15,15.27,15.42,13.77,15.46,7,10.65,15.23,19.45,11.07,16.52,9.45,18.33,16,,4.5,15.13,12.5,15.95,,2,18.56,18,14,16,12.35,19.31,19,14.7,,16,16,12.9,15.5,13.8,15.61,10.95,,,18,,23,14.1,16,,17.88,16.29,12.7,15.5,0.01,17.88,15.3,,4.46,17,31,7,14,48,0.4582190424,0.7981768296
Miami (Fla.),Virginia,2.5,-2.2,-7.63,-3.17,-4.41,2.76,1.49,-3.28,-6.38,-4,-11.5,-4,1.1,-2,2.6,-11.99,0.51,-6.64,-2.2,-9.14,-4,-1.95,0.31,-11.15,-3.71,-4.49,-8.66,-3.08,-10,,3.3,-2,-0.41,-4.38,,0.01,3.26,3,1,-1,-10.74,-3.79,6,1.5,,3.9,2,0.01,2,-7.8,4.82,5.65,,,2,,-13,1,-2,,-5.81,-1.1,-0.2,2,13.5,-6.44,0.62,,5.03,9,17,7,8,26,0.3888732336,0.4474445737
Minnesota,Nebraska,7,3.86,6.07,6.91,2.55,11.46,2.77,5.67,6,6,9,9,-4.89,10,2.88,11.53,7.14,7.03,6.38,7.27,5,7.15,5.74,13.4,8.19,7.32,4.8,5.12,7,,12.1,6.47,5.5,4.23,,2,6.47,5,7,6,10.92,10.12,-3,8,,1.4,6,6.9,7,10.1,4.33,7.3,,,8,,8,8.5,15,,1.22,4.3,5.8,7.5,1.5,10.34,3.34,,3.24,7,34,7,27,41,0.4847363114,0.6531385624
Missouri,Mississippi,12,14.32,14.07,17.06,11.46,24.07,16.25,17.43,15.1,12,12,14,21.05,13,15.81,10.58,15.77,12.68,15.51,14.59,13,22.55,14.99,23.55,22.86,10.79,10.65,12.87,16,,18.2,15.1,15.95,13.45,,13,13.62,20,12,15,17.64,17.86,2,15.2,,16.7,15,12.9,12.5,18.9,17.42,15.25,,,19,,10,14.5,22,,23.54,14.1,9.4,12,10,16.37,19.74,,3.63,27,38,7,11,65,0.5853238741,0.8295517336
NC St.,Syracuse,4.5,-2.05,-0.43,-3.31,5.28,10.03,-4.34,4.4,-4.99,3,-6,1,0.17,3,-1.78,-0.72,3.84,-3.08,-0.37,-5.27,1,-6.75,2.74,-0.1,-6.33,5.22,3.12,1.23,-4,,8.1,-0.72,-0.78,-1.7,,8,3.2,-1,3,-3,-1.93,3.29,-2,-2.9,,1.4,0.01,-2.7,3.5,-6.3,3.93,3.45,,,1,,-9,-3,-4,,-1.73,-0.7,0.4,4.5,6,-7.98,-3.31,,4.14,10,16,7,6,26,0.3832865212,0.4910029865
Nevada,San Jose St.,2.5,3.52,-3.15,8.24,-14.66,-7.86,-0.01,-1.78,-0.14,-6,-0.5,1,-18.05,7.5,0.95,4.3,1.16,5.02,1.14,-0.27,-11,-9.75,6.72,7.1,-5.01,11.67,-7.82,10.88,1,,-0.9,1.16,-0.01,5.73,,-9,-2.72,8,4,8,3.76,7.39,12,5.5,,-3.2,5,5.2,2.5,-2.3,-10.11,-5.25,,,3,,1,5.6,7,,6.27,5.8,1.5,2.5,6.5,8.82,-6.13,,6.81,38,41,7,3,79,0.4686227688,0.5263095783
New Mexico,Colorado St.,-4,1.04,4.86,0.58,-0.83,0.16,-0.33,-5.92,2.95,4,-4.5,7,-4.63,5,-1.18,9.6,-4.12,7.7,-0.56,4.18,2,-7.45,-2.6,3.35,-5.82,5.13,-0.61,-0.69,4,,-1.2,-0.69,0.5,2.12,,-1,-1.09,-3,-4,-7,5.09,-0.59,-9,2.5,,-1,0.01,2.8,-3.5,-2.6,-4.76,-18.35,,,-3,,2,3.6,-5,,-5.1,-2.5,-1.8,-3,3,-1.02,-4.07,,4.64,35,21,7,-14,56,0.5823865008,0.486494046
Notre Dame,USC,10.5,11.72,12.85,12.15,7.12,16.96,7.38,12.79,11.31,10,9.5,13,18.13,15.5,12.47,10.2,15.65,6.95,12.17,15.98,14,10.65,10.63,13.75,10.3,7.68,13.09,9.68,15,,16.2,12,12.68,11.32,,12,14.24,11,11,10,11.62,17.31,6,16.6,,13.8,10,14.3,10.5,8.5,9.9,12,,,10,,19,16.8,13,,13.02,10.9,14.6,10.5,4,14.89,10.97,,3.15,27,30,7,3,57,0.5410944243,0.7739741138
Ohio,Northern Ill.,6,8.33,12.64,10.48,7.39,8.99,6.92,9.05,9.45,10,14,10,14.05,10,8.06,11.94,13.28,10.28,9.36,10.73,7,11.35,6.39,15.25,9.81,10.93,11.07,11.83,12,,12.3,9.45,7.34,8.33,,5,5.81,17,6.5,9,10.82,5.51,4,4.5,,7.9,11,3.9,6.5,10.3,8.02,-0.65,,,8,,7,3.8,14,,16.78,9,5.2,6.5,9,9.65,9.32,,3.18,39,36,7,-3,75,0.5822048868,0.7184151176
Oregon,Colorado,21.5,22.91,12.17,18.63,10.58,29.89,20.85,16.85,22.83,16,18.5,18,18.91,17.5,24.95,8.79,18.8,13.47,19.9,17.96,12,24.05,24.2,26.25,21.52,11.33,19.03,17.5,16,,19.9,19.6,18.77,21.75,,18,23,20,19.5,19,17.59,26.39,38,20.8,,21.3,21,19.8,21.5,17.7,28,24.45,,,24,,19,19.6,26,,20.08,18.8,15.4,21,0.01,22.01,26.69,,5.18,3,45,7,42,48,0.4618318445,0.8833220832
Oregon St.,Utah,-15,-11.07,-5.67,-10.04,-5.88,-10.56,-3.99,-13.8,-8.36,1,-16.5,-9,-1.37,-17.5,-9.22,-7.83,-19.52,-6.82,-10.78,-2.19,-10,-10.75,-15.28,-22.85,-11.21,-10.47,-0.75,-10.62,-7,,-16.6,-10.59,-10.59,-12.57,,-5,-10.37,-16,-14,-10,-13.71,-11.5,-16,-18.8,,-11.2,-16,-15,-14.5,-11.8,-6.05,-2.85,,,-10,,-6,-17.7,-17,,-17.01,-12.7,-10.3,-14,-14,-10.52,-4.73,,4.76,52,7,7,-45,59,0.6004985695,0.2576934123
Purdue,Maryland,-3.5,-8.08,-12.19,-2.1,-8.08,-16.66,-7.09,-9.57,-11.06,-8,0.5,-7,-23.16,-5.5,-10.29,-6.7,-3.43,-6.87,-5.52,-7.77,-21,-3.95,-5,-13.65,-4.53,-2.21,-7.59,-0.6,-13,,3.4,-5.31,-8,-6.44,,-3,-5.17,-2,-3,-2,-10.97,1.69,-3,-0.8,,-7.3,-3,-0.5,-3.5,-5.6,-5.31,-15.35,,,1,,-8,-0.8,4,,-2.67,-2.8,6.6,-3.5,-0.5,0.2,-12.51,,5.82,14,40,7,26,54,0.4524540132,0.3720400053
San Diego St.,Wyoming,3.5,1.22,-1.68,3.15,-1.25,7.56,0.62,-1.3,0.01,3,-2,1,-2.22,5.5,0.76,-1.42,1.32,0.94,1.95,1.09,-2,2.95,3.46,2.8,3.34,6.89,-3.26,10.33,-6,,7.9,1.32,1.13,1.7,,1,3.05,1,5,10,0.14,4.1,3,2.7,,4,6,3.1,3.5,1,-2.18,6.85,,,5,,-1,3.3,3,,-8.03,0.7,3.5,3.5,5,1.3,-0.94,,3.77,22,26,7,4,48,0.4621585165,0.5475653846
South Florida,BYU,-4,-2.01,-2.03,-7.02,-1.46,4.37,-2.07,-1.74,-2.28,1,-7.5,-1,0.71,0.5,-1.54,-3.41,-9.25,-4.6,-4.05,-2.48,1,-4.45,-8.05,-11.95,-6.5,-3.95,-1.61,-1.23,1,,1,-3.95,-4.82,-2.26,,0.01,-6.3,-6,-4,-6,-3.86,-4.99,-2,-6.9,,-2.7,-6,-6.1,-4,-2.9,-7.82,-6.45,,,-9,,-10,-7.2,-8,,-12.92,-5.1,-7.2,-5,6.5,-3.78,-5.33,,3.65,23,27,7,4,50,0.4987754422,0.4018231886
Southern Miss.,North Texas,3,3.08,5.23,3.6,-2.19,-0.51,2.48,4.37,6.2,1,8.5,5,-1.91,6,-0.01,8.79,-0.75,5.98,3.65,8.48,1,3.75,1.57,7.9,6.22,9.34,-4.42,4.94,5,,-3.9,4,2.82,4.49,,-3,3.29,6,6,3,7.91,4.59,-11,4,,2.5,5,3.4,3,10.4,-2.17,-5,,,6,,12,4.8,9,,6.73,2.5,4,3,3,16.38,-0.74,,4.13,27,45,7,18,72,0.5158054602,0.5880496739
Temple,Memphis,-4.5,-9.05,-6.92,-6.01,-7.64,5.02,-7.66,-6.53,-10.5,-6,7,-4,-4.15,-2.5,-8.02,-8.32,0.82,-8.44,-5.38,-9.23,-8,-3.65,-2.81,-18.75,-4.84,1.42,-13.1,3.37,-10,,-7.4,-6,-4.6,-9.48,,-10,-4.74,-1,-3,-7,-9.71,-0.87,-17,-0.2,,-6,-4,-1.3,-4.5,-8.3,-11.62,0.25,,,-3,,-11,-0.2,-4,,-5.28,-5.7,-7.1,-5.5,6,-1.85,-9.34,,4.66,28,30,7,2,58,0.4787902631,0.3725207968
Tennessee,Mississippi St.,-6.5,-13.81,-14.5,-13.81,-12.81,-9.54,-10.76,-11.64,-17.13,-9,-13,-9,-13.42,-13,-12.61,-15.04,-15.39,-11.02,-11.33,-19.18,-12,-11.15,-4.88,-27.65,-14.68,-9.51,-15.97,-7.26,-16,,-16.6,-11.9,-12.33,-13.99,,-7,-5.27,-14,-7,-6,-20.07,-4.93,-13,-11.9,,-6.5,-11,-1.5,-7,-9.5,-0.01,-4.75,,,-7,,-14,-5.2,-10,,-19.22,-13.2,-4,-7,0.01,-16.92,-11.01,,4.72,10,20,7,10,30,0.3852737523,0.2469369689
Texas,Oklahoma,-10,-8.69,-3.91,-5.28,-4.1,-6.38,-6.02,-6.14,-7.78,-5,-7,-7,-9.99,-11.5,-9.32,-0.88,-7.47,-1.91,-7.88,-5.35,-9,-8.4,-10.85,-4.1,-7.42,-0.82,-7.55,-4.33,-2,,-15.8,-7.48,-8.37,-8.47,,-9,-11.66,-9,-10,-7,-1.92,-7.39,-1,-11.4,,-10,-8,-10.6,-10,-4.5,-26.51,-10.85,,,-11,,-6,-11.7,-9,,-7.48,-7.1,-11.3,-10.5,-12.5,-7.47,-13.19,,4.22,34,27,7,-7,61,0.5513502396,0.3156977413
Texas A&M,Alabama,-17,-15.26,-11.37,-16.86,-14.2,-12.78,-11.85,-13.93,-16.11,-10,-4,-12,-15.87,-21,-13.94,-9.12,-19.36,-9,-14.38,-28.84,-14,-12.75,-16.52,-8.05,-15.7,-3.21,-14.29,-6.79,-9,,-39.1,-14.29,-16.2,-15.86,,-10,-13.9,-13,-17.5,-12,-7.37,-8.45,-16,-18,,-15.1,-16,-13.9,-17,-15.2,-19.86,-14.75,,,-12,,-21,-15.8,-10,,-12.61,-20.2,-15.8,-17,-14.5,-15.07,-18.67,,5.81,47,28,7,-19,75,0.561583437,0.1974838538
Texas St.,Louisiana-Monroe,-3,2.27,4.47,-2.53,1.12,2.44,5.05,-4.93,5.42,5,-4.5,2,2.51,-2,1.5,5.45,-7.44,4.35,0.55,1.05,1,5.45,-0.84,-0.75,3.97,1.1,2.14,-3.05,7,,-3.8,1.1,1.94,2.25,,-8,3.3,-2,-3,1,3.81,-2.84,-15,-1.5,,0.5,-3,-1.3,-2.5,2.5,0.87,6.1,,,1,,7,-1.5,2,,-3.89,-4.2,0.5,-3,-2,3.03,6.35,,3.45,24,14,7,-10,38,0.5864957855,0.5135049284
Texas-San Antonio,UAB,-12.5,-6.03,-5.87,-7.64,-20.32,-4.17,-5.76,-16.68,-5.68,-6,-13.5,-5,-9.11,-9.5,-6.73,-4.25,-16.49,-2.04,-10.16,-7.81,-13,-14.55,-5.44,-9.65,-13.59,-7.44,-11.34,-8.12,-4,,-28.7,-9.5,-9.31,-5.68,,-17,-7.22,-16,-9,-13,-8.2,-5.06,-10,-11.5,,-10.7,-14,-10.1,-12.5,-11.1,-16.69,-7.5,,,-9,,-3,-10.7,-12,,-18.39,-11.21,-12.3,-12,-13,-11.4,-9,,4.87,33,14,7,-19,47,0.5560309335,0.2703250045
Tulane,Connecticut,34,33.63,30.92,37.89,38.19,35.13,30.73,34.35,37.44,32,29,28,40.3,28.5,34.05,26.22,32.23,18.79,32.61,35.83,29,39.05,30.33,44.8,37.53,23.31,38.16,26.8,38,,41.2,34.17,34.17,32.81,,30,34.33,37,35,35,34.54,24.46,-2,34.3,,34.8,33,28.8,34,37.7,37.77,36.15,,,31,,33,32.1,37,,35.5,30.8,21.2,34,21.5,41.65,39.62,,5.40,7,49,7,42,56,0.4669650444,0.9741063878
Tulsa,Navy,-1,-0.7,-2.17,-2.6,-5.39,-5.3,1.28,-1.15,-0.58,4,3.5,2,-2.47,-3.5,-0.56,-2.03,-1.65,-1.23,0.21,2.11,-13,-2.55,-0.28,-6.35,-2.12,-2.01,1.83,-0.87,-3,,-1.8,-0.58,-0.55,-0.81,,-3,3.05,-2,0,-2,-3.54,10.4,6,5.8,,-0.6,-1,3.1,-1,4,5.24,1.95,,,1,,2,5.1,2,,-2,-0.01,2.3,-1,8,-0.1,0.47,,3.60,45,17,7,-28,62,0.5296278671,0.5051466197
Vanderbilt,UNLV,15,12.27,7.31,14.26,10.13,-1.43,10.11,9.83,11.51,10,14.5,8,9.45,12,11.74,6.24,17.32,6.47,12.55,12.03,-3,13.85,15.97,12.95,14.6,11.73,14.51,12.93,7,,12.3,12.73,15.49,12.73,,12,17.04,16,15,14,9.1,22.46,13,18.9,,14.8,16,16.8,15,10.3,11.78,5.85,,,13,,5,20,17,,18.68,10.99,16.7,14.5,14,14.15,12.05,,4.67,34,10,7,-24,44,0.4411472083,0.7759050796
Wake Forest,Louisville,7,11.46,13.97,13.29,5.54,12.37,10.11,12.33,13.76,13,19,14,10.22,14.5,9.47,15.85,8.69,11.55,11.69,12.14,9,17.35,8.17,22.1,19.98,12.64,10.41,9.94,8,,11.3,11.46,12.12,12.4,,5,7,18,6,12,17.58,10.33,-1,11.9,,8.5,11,10.5,8,13.4,3.42,5.6,,,9,,10,10.8,23,,21.33,9.1,7.2,6.5,5,16.07,9.35,,4.00,62,59,7,-3,121,0.6127465208,0.7624091799
West Va.,Iowa St.,-10,-5.66,-3.66,0.73,-16.51,-12.75,-8.96,-14.59,-7.02,-6,-3,-4,-14.34,2.5,-8.79,1.68,2.24,-3.82,-6.06,-6.48,-12,-7.85,-5.66,-5.9,-4.81,2.17,-15.42,-0.93,-6,,-10.5,-6,-2.2,-3.53,,-10,-10.27,2,-8,-7,-4.78,-10.35,-3,-7.1,,-11.5,-6,-7.5,-9.5,-10.1,-16.16,-13.55,,,-9,,-5,-6.4,-2,,4.66,-4.9,-4.4,-10.5,10,-5.96,-13.77,,5.76,38,14,7,-24,52,0.592243719,0.3598486146
Western Kentucky,Army,-4.5,-7.15,-5.61,-14.91,4.14,1.2,-3.7,-4.4,-4.2,-4,-12.5,-3,-11.17,-4.5,-7.25,-2.84,-14.27,-2.37,-5.25,-3.94,-5,-5.25,-5.65,-11,-6.16,-6.48,-0.47,-10.55,-1,,-3.7,-5.2,-6.3,-7.56,,3,-2.14,-9,-3.5,-8,-4.47,-2.47,-1,-6.9,,-7.2,-8,-8,-4.5,-4.1,4.63,2.35,,,-3,,-16,-8.9,-8,,-11.99,-5.8,-5.1,-4.5,7,-5.13,-5.2,,4.71,8,17,7,9,25,0.4819368733,0.3756023846
Western Mich.,Miami (Ohio),12.5,7.21,5.24,1.82,17.83,16.49,7.66,9.41,5.3,7,3,9,8.57,9.5,8.26,3.58,5.95,4.38,8.26,3.22,10,9.05,13.33,9.5,5.25,2.27,4.04,2.8,4,,15.3,8,7.71,6.86,,14,13.77,3,10.5,10,6.51,11.74,24,12,,11.9,7,13.2,12,-0.3,16.33,12.2,,,14,,2,12.5,8,,-4.32,5.5,9.3,13,11.5,-1.22,11.64,,4.84,16,38,7,22,54,0.3991828075,0.6906418827
Wisconsin,Michigan St.,10,12,12.14,7.98,8.38,24.22,12.01,7.56,14.3,10,8,8,14.91,13,13.19,10.75,12.03,7.52,10.68,8.48,16,13.65,12.21,10.9,11.31,8.33,12.03,10.04,13,,17.4,10.9,12.82,11.19,,15,9.6,12,10,11,8.95,5.67,9,6.7,,13.7,10,6.9,10,4.7,9.77,12.85,,,11,,6,6.6,10,,6.13,6,2.6,10.5,16.5,12.44,15.36,,3.68,0,38,7,38,38,0.5166417867,0.7438811793
Akron,Buffalo,-17.5,-17.46,-17.86,-19.07,-13.1,-17.16,-14.41,-18.16,-20.25,-10,-17.5,-16,-28.4,-17,-17.44,-12.59,-18.17,-12.51,-16.69,-23.1,-16,-21.45,-16.8,-7.72,-20.39,-8.19,-17.53,-15.04,-19,,-26.1,-17.16,-17.36,-17.12,,-13,-14.86,-17,-18,-19,-5.14,-11.98,-11,-15.5,,-18.6,-18,-13.7,-17.5,-22.3,-23.32,-13.8,,,-13,,-26,-13.5,-21,,-20.44,-15.15,-14.4,-17.5,-4,-20.09,-23.03,,4.79,21,0,8,-21,21,0.5194810652,0.1570692366
Alabama,Tennessee,34.5,37.61,31.82,38.15,47.16,35.17,31.72,32.77,37.62,34,36,32,41.58,40,37.32,26.93,39.91,17.84,35.08,43.11,26,37.25,37.11,44.72,35.55,24.52,42.22,25.54,34,,58.7,36,36.1,37.8,,29,31.02,37,34.5,29,33.02,24.79,25,34.3,,37.3,36,29.1,34.5,31.8,43.39,34.45,,,31,,36,32,38,,37.68,33.36,38.4,34.5,24.5,37.79,41.09,,6.66,13,35,8,22,48,0.5134394638,0.9792206822
Appalachian St.,Louisiana-Monroe,15.5,21.71,21.2,15.85,25.1,12.72,15.7,22.35,20.8,17,17.5,25,22.65,24.5,20.28,20.48,18.43,12.18,19.44,16.58,20,26.75,17.82,34.25,23.97,19.82,16.42,19.72,24,,15.6,20,19.63,22.89,,9,16.8,26,16.5,21,26.16,15.46,-7,19.8,,19.3,21,18.1,16,23.8,16.91,8.4,,,20,,21,20.2,28,,14.84,15.26,20.5,15,17,27.35,20.39,,4.01,7,52,8,45,59,0.59507796,0.8824368611
Arkansas,Auburn,-19.5,-24.46,-25.71,-22.42,-21,-20.87,-22.35,-23.71,-28.16,-14,-24,-22,-28.73,-27,-22.77,-24.21,-22.68,-12.37,-22.7,-18.75,-19,-18.95,-18.15,-40.91,-26.65,-22.16,-21.99,-24.91,-34,,-28.5,-22.77,-25.76,-24.83,,-15,-22.61,-23,-18.5,-22,-28.86,-26.97,-8,-20.7,,-23.3,-24,-18.1,-20,-22.3,-17.38,-20.15,,,-23,,-23,-20.7,-25,,-25.56,-21.14,-17.9,-19.5,-6,-27.47,-29.18,,4.48,51,10,8,-41,61,0.4230835931,0.0843696044
Arkansas St.,Louisiana-Lafayette,-6.5,-1.16,-6.93,-0.47,-8.85,-14.23,-2.9,-11.66,-4.1,1,1.5,-6,-15.82,-1.5,-3.4,-2.48,-3.23,-1.35,-5.15,-3.82,-12,-16.75,-3.15,-8.25,-9.78,-4.6,-2.37,-4.83,-6,,-4.4,-4.6,-6,0.68,,-6,-3.38,-3,-5.5,-6,-5.69,-7.32,-1,-6.5,,-5.5,-1,-6.3,-6.5,-5.6,-11.53,-15.85,,,-5,,-9,-6.5,-4,,0.19,-1.54,-3.1,-6.5,4.5,-3.23,-9.69,,4.49,37,20,8,-17,57,0.532608532,0.3774589617
BYU,Boise St.,-7,-13.05,-16.44,-9.37,-18.41,-15.14,-8.37,-14.02,-16.83,-8,-4,-14,-9.96,-20,-11.07,-19.68,-10.54,-10.61,-11.09,-14.39,-22,-6.55,-6.53,-31.59,-11.33,-11.65,-11.41,-14.65,-21,,-16.2,-10.74,-10.74,-13.74,,-8,-5.39,-5,-6.5,-11,-20.31,-0.99,-3,-7,,-7.3,-9,-6,-7,-14.3,-10.97,-7.95,,,-6,,-14,-6.1,-7,,-8.23,-6.94,-6.8,-7,1,-16.33,-12,,5.03,25,28,8,3,53,0.4029938103,0.2527192133
Ball St.,Toledo,3,-5.59,0.27,1.16,4.36,3.91,-4.23,-1.28,0.21,7,-3,0.25,2.18,-5,-6.43,-0.68,-3.5,0.3,-1.12,4.94,-3,-11.35,-2.67,-5.09,-4.5,-4.34,5.71,-0.44,2,,4.1,-0.9,-1.73,-6.01,,5,-3.15,-5,-1.5,-2,-1.67,3.22,-12,-0.3,,0.4,-2,-0.5,2.5,4.8,-2.26,5.2,,,-6,,8,0.2,-2,,-11.67,0.16,1.6,1.5,-7,-0.9,-2.21,,4.13,14,52,8,38,66,0.4008436991,0.4727823421
Boston College,NC St.,-3.5,-2.98,-3.59,-1.99,0.12,-4.42,2.02,4.03,-5.78,2,2,-3,-4.23,-4,-0.33,-3.28,-3.32,0.34,-0.98,-0.25,-4,7.05,-0.72,-9.22,0.3,-3.9,-2.63,-5.01,-4,,0.3,-1,-1.11,-4.13,,0.01,0.25,2,-2.5,-1,-4.09,-2.33,-5,2.2,,-1.1,-1,2.2,-3.5,3.4,0.25,-4.65,,,-1,,-1,2.1,7,,-4.76,-1.84,3.6,-3.5,2,0.01,0.6,,3.02,24,45,8,21,69,0.5619614307,0.4758210069
Bowling Green,Central Mich.,-10.5,-8.3,-3.32,-4.39,-23.65,-9.55,-13.36,-7.23,-8.95,-7,8,-4,-10.32,-6,-11.58,0.17,-13.03,-5.92,-8.47,-12.59,-11,-22.15,-7.8,-5.13,-10.98,-2.04,-10.95,-2.53,-4,,-22.5,-8,-8.76,-6.26,,-16,-8.67,-6,-9,-8,-3.97,-3.2,-5,-8,,-8.3,-8,-8.2,-10,-8.2,-20.06,-7.25,,,-10,,-16,-7.3,-12,,-1.94,-4.44,-10.7,-10.5,-3,-5.28,-15.48,,5.73,38,20,8,-18,58,0.5478655676,0.3078976588
California,Oregon St.,11,12.73,14.42,12.2,16.38,10.95,10.41,10.62,11.28,15,17,13,9.43,17.5,11.46,16.9,15.18,14.12,13.09,7.34,7,7.85,12.83,26.41,12.79,12.56,17.06,10.59,19,,22,12.79,13.5,13.73,,10,12.41,16,10.5,10,21.83,9.84,5,15.3,,11.8,15,12.2,11,9.7,9.82,5.1,,,11,,-2,13.6,17,,19.03,10.45,15.1,11,14.5,15.47,11.13,,4.02,21,17,8,-4,38,0.5507789765,0.7879605422
Central Florida,East Carolina,34,30.27,21.09,34.66,34.08,25.14,31.42,30.68,28.93,23,31.5,20,35.23,24,31.68,14.02,37.46,18.13,30.47,31.9,18,32.35,29.82,44.72,30.55,21.16,32.07,27.9,22,,50.1,30.77,30.27,29.66,,29,30.71,37,33,30,30.77,29.94,23,32.5,,33.9,34,28.7,33.5,33.4,34.88,36.45,,,32,,36,31.5,34,,34.03,27.86,31.6,33,21.5,28.41,39.71,,6.21,28,41,8,13,69,0.4179713131,0.963072516
Cincinnati,Tulsa,16.5,17.94,18.29,22.04,19.15,15.43,15.94,21.2,21.22,17,23,19,21.58,22,15.87,16.63,20.67,14.75,19.65,16.59,11,22.25,18.82,32.72,24.86,22.2,17.5,28.11,16,,17.7,19.58,18.24,18.76,,12,19.58,24,16,24,24.96,26.36,12,21.7,,21.7,23,19.8,17,26.2,19.82,11,,,14,,18,21.7,28,,19.9,15.96,14.7,17.5,2.5,25.61,19.51,,4.66,13,24,8,11,37,0.5754965316,0.8825131238
Connecticut,Houston,-21.5,-23.5,-12.1,-27.08,-26.73,-17.56,-19.76,-25.23,-23.85,-15,-13,-12,-25.44,-19.5,-25.22,-5.44,-27.02,-10.21,-21.92,-24.79,-16,-29.35,-19.48,-20.75,-28.19,-10.66,-23.43,-18.12,-16,,-34,-22.65,-21.29,-22.42,,-17,-21.86,-27,-23,-29,-12.94,-16.6,-18,-28.3,,-25.2,-24,-21.6,-21.5,-26.7,-29.15,-20.3,,,-22,,-29,-24.5,-24,,-27.73,-22.65,-21.6,-22,-19.5,-27.67,-28.43,,6.16,24,17,8,-7,41,0.4901599342,0.0989724262
Eastern Mich.,Western Mich.,-8.5,-9.3,-6.65,-4.53,-8.66,-7.13,-12.26,-12.67,-12.4,-1,-4,-7,-15.41,-5.5,-11.22,-2.27,-5.04,-6.59,-9.02,-9.16,-10,-14.45,-7.37,-14.63,-13.09,-4.2,-8.48,-5.63,-8,,-11.8,-8.54,-7.25,-7.62,,-6,-11.72,-2,-9.5,-13,-8.6,-8.49,,-10,,-10.6,-8,-9.1,-8.5,-16.6,-17.24,-16.75,,,-8,,-15,-10.3,-11,,-1.78,-4.64,-5.5,-8.5,-2.5,-11.37,-17.64,,4.22,27,34,8,7,61,0.4873728624,0.2914601132
Florida Atlantic,Marshall,5,9.26,12.64,8.73,13.13,11.05,9.6,8.19,13.69,17,10,11,16.01,10,8.74,10.96,5.85,10.39,9.61,14.37,4,12.35,7,18.72,11.05,3.57,16.13,4.14,12,,20.6,9.6,9.51,8.89,,9,7.08,7,5.5,8,15.04,0.55,-3,6.9,,11.1,9,6.8,6,13.4,5.74,3,,,6,,17,6.7,10,,2.49,5.76,11.3,5.5,1.5,12.22,12.43,,4.28,36,31,8,-5,67,0.6104069996,0.7205511991
Florida Intl.,UTEP,24.5,20.33,17.05,24.99,35.63,19.2,17.18,22.5,20.47,21,20,18,25.82,23,19.88,12.67,26.68,16.71,22.34,21.41,13,23.55,19.85,18.56,25.85,11.5,24.34,15.96,22,,34.3,22.84,20.65,20.62,,25,24.58,27,21,25,16.1,24.79,31,27.5,,23.8,25,22.9,24.5,25.9,24.65,19.6,,,23,,15,27.8,28,,22.69,24.86,19,24,10,28.18,22.84,,5.27,17,32,8,15,49,0.4486234266,0.9091669483
Fresno St.,UNLV,14.5,15.16,7.42,20.16,15.88,10.75,15.01,7.33,10.02,14,23,10,10.3,13,16.69,5.98,21.39,10.14,14.13,14.72,4,24.85,18.01,20.06,12.02,10.1,13.78,9.35,8,,13.5,14.2,14.57,15.08,,13,14.18,19,13.5,9,14.44,7.79,7,15.8,,14.1,19,14.2,14.5,8.7,24.6,13.35,,,15,,11,15.2,14,,21.5,15.85,16.7,16,15.5,14.45,15.47,,4.64,27,56,8,29,83,0.4910751388,0.8035620253
Georgia,Kentucky,25,19.34,16.12,21.8,23.19,28.55,16.45,22.61,19.6,17,17,15,24.54,17.5,19.24,11.91,22.65,13.32,20.71,19.88,16,27.35,24.51,26.75,21.27,11.99,21.32,16.94,17,,30.3,21,18.49,19.37,,20,23.23,21,24.5,22,20.19,22.31,15,25.6,,25.6,23,23.4,24,21.9,31.65,19.45,,,21,,20,23.6,24,,17.61,19.36,15.3,25,15.5,22.97,23,,4.35,0,21,8,21,21,0.3971812116,0.8958564473
Georgia Southern,Coastal Carolina,6.5,4.21,3.2,7.85,-3.95,-5.25,1.57,-3.61,3.31,4,5,4,0.6,5.5,1.74,4.5,7.6,-6.2,4.58,5.12,-9,1.55,7.83,4.38,8.43,12.88,5.67,11.43,3,,-15.3,5.12,2.29,5.87,,-1,5.34,9,6.5,11,4.96,10.24,6,10.5,,5.6,8,8.9,6.5,6.6,1.8,-3.45,,,3,,4,10.7,10,,12.24,7.86,5.8,6.5,5.5,12.83,-0.13,,5.74,27,30,8,3,57,0.4547190227,0.6069332734
Georgia St.,Army,-4.5,-1.07,2.71,-4.52,-2.5,2.67,5.33,2.1,6.27,7,4.5,1,-5.95,-2,-2.66,7.04,-22.4,10.99,-1.69,7.2,-2,-11.25,-4.73,4.03,-5.86,0.72,-0.67,-4.63,2,,1.4,-2,-1.34,-1.25,,-2,-1.27,-11,-5,-4,2.95,-3.02,-4,-6.6,,-5.4,-8,-5.2,-4.5,0.3,-0.2,4.05,,,-4,,5,-6.7,-7,,-11.23,-5.04,-4.6,-6,-5,-2.07,0.24,,5.68,21,28,8,7,49,0.5661793245,0.4600807231
Hawaii,Air Force,-3,-1.71,1.27,-3.49,-4.4,-2.39,1.38,-4.59,0.37,1,3.5,3,-4.15,1.5,-2.56,3.98,-0.99,2.64,0.17,0.59,-4,5.95,0.38,0.53,-1.39,5.24,0.84,3.74,1,,-3.5,0.53,1.77,-1.45,,0.01,3.11,-9,-2.5,-3,2.16,7.76,6,2.5,,-1.1,-3,4,-2.5,-1.9,4.38,-0.01,,,5,,1,4,-1,,-7.7,-2.64,-5.3,-3,-2.5,-2.62,1.07,,3.57,56,26,8,-30,82,0.5772333648,0.5041679937
Illinois,Wisconsin,-31,-35.24,-31.71,-27.11,-36.7,-40.69,-35.38,-26.06,-39.22,-25,-21,-27,-46.27,-32.5,-36.41,-24.43,-36.18,-13.35,-30.24,-28.98,-27,-30.35,-24.74,-49.75,-28.75,-18.66,-35.34,-19.96,-37,,-47.8,-29.59,-33.4,-34.19,,-32,-29.59,-27,-28.5,-28,-31.15,-19.7,-5,-26.2,,-33.5,-30,-23.9,-31,-23,-49.91,-36,,,-30,,-37,-25.1,-24,,-23.74,-22.65,-27.6,-31,-17.5,-27.72,-49.21,,8.05,23,24,8,1,47,0.5170301911,0.0446536072
Iowa,Purdue,18,16.72,16.05,15.47,18.59,25.36,15.1,16,13.86,16,12.5,14,20.84,16.5,17.77,13.64,18.7,13.52,16.42,15.72,11,22.35,14.43,27.88,17.85,14.27,18.95,16.49,16,,20.5,16,14.92,16.58,,17,16.92,16,16.5,13,21.02,15.04,7,15.1,,17,15,12.8,18,11.2,23.87,20.3,,,15,,20,14.5,16,,14.29,12.16,15.6,17.5,13,14,18,,2.99,20,26,8,6,46,0.4610430587,0.8452906472
Kansas St.,TCU,-3.5,0.87,2.7,-1.92,-5.31,2.97,1.27,2.9,1.8,2,9,4,0.69,0.5,2.7,3.7,-2.96,-1.29,1.24,1.49,1,4.55,2.23,2.44,3.17,5.43,-2.74,4.09,2,,-7.2,2,2.39,-0.32,,-5,0.87,3,-2.5,4,2.77,1.05,-15,5.2,,-1.5,-3,2.5,-2.5,2,-11.97,-0.55,,,2,,8,5.8,10,,4.53,-0.84,1.6,-3.5,1,6,2.21,,3.73,17,24,8,7,41,0.6143531621,0.5303078295
Louisiana Tech,Southern Miss.,-2,2.19,5.85,1.3,13.11,4.25,-0.93,2.73,0.99,7,1.5,6,3.11,8,1.69,7.21,0.01,10.54,2.49,-0.73,3,1.65,0.92,8.19,0.21,4.84,7.54,0.44,2,,9.1,1.65,1.62,2.7,,7,0.6,4,-1,1,6.36,-1,-1,-1.1,,1.7,3,0.6,-1,-0.9,2,1.45,,,-3,,-7,-0.9,-1,,-1.09,2.46,-0.4,-1,8,-1.13,-0.61,,3.62,30,45,8,15,75,0.6086387975,0.5607749409
Louisville,Clemson,-24.5,-22.33,-12.01,-29.61,-21.05,-20.31,-13.83,-21.26,-20.52,-9,-38.5,-20,-19.28,-29,-21.58,-8.37,-35.37,-8.19,-22.48,-13.95,-14,-29.95,-23.77,-18.5,-31.77,-12.59,-14.1,-18.17,-10,,-24.9,-22.33,-23.28,-23.12,,-15,-22.61,-34,-22,-24,-11.93,-23.45,-32,-32.2,,-23.9,-27,-28.6,-24.5,-28.2,-16.44,-10.7,,,-25,,-22,-31.4,-32,,-42.77,-22.64,-19.9,-24,-21,-31.53,-19.08,,8.03,45,10,8,-35,55,0.5452024902,0.1031763302
Maryland,Indiana,-6.5,-0.72,-0.77,4.35,-1.23,2.64,-2.46,-0.74,-4.14,1,-5.5,-1,2.07,-0.5,0.59,-2.19,0.7,-2.89,-0.47,-0.12,-2,8.05,1.86,-4.44,0.41,1.68,-0.45,1.3,-2,,-11.4,-0.6,2.63,-0.89,,-5,-0.12,4,-1,-3,-3.21,-1.09,7,-0.8,,2.2,1,0.3,-5,-3,-10.16,8.35,,,-4,,-4,-0.6,-4,,3.01,4.16,-4.8,-5.5,4.5,-0.01,-1.61,,3.60,34,28,8,-6,62,0.6444828872,0.488481914
Memphis,Tulane,3.5,4.75,2.66,6.07,3.65,-0.51,2.13,-1.58,1.92,6,5.5,3,0.01,7,3.49,3.99,10.25,3.34,4.42,5.79,-1,2.45,4.28,5.66,0.75,1.21,5.34,-2.65,3,,2.3,4.2,1.38,5.94,,2,3.37,8,4,0.01,5.1,1.67,24,5,,4.2,7,4.2,3.5,3.4,9.94,0.85,,,6,,6,5.3,8,,6.92,5.56,7.8,4,13,0.21,-0.6,,3.26,17,47,8,30,64,0.5226349479,0.6074706209
Miami (Fla.),Georgia Tech,18,17.26,18.39,15.45,19.77,24.51,19.2,20.41,20.6,19,3,15,22.17,14.5,18.14,16.5,14.53,15.66,17.45,16.41,18,12.35,20.83,31.81,16.39,15.73,11.42,14.83,18,,20.2,16.5,16.45,16.24,,15,22.59,14,18.5,21,21.32,13.07,18,16.4,,20.8,17,16.8,18,12.3,20.71,21.5,,,15,,29,15.9,15,,7.75,15.66,19.6,18,12.5,15.51,23.44,,4.15,28,21,8,-7,49,0.4866297717,0.8562253252
Miami (Ohio),Northern Ill.,-2,3.88,9.37,6.92,3.23,-2.06,7.49,4.95,6.47,4,7.5,8,10.58,4,2.94,8.77,4.42,6.53,3.63,9.71,1,7.55,-2.31,7.38,4.97,4.32,9.63,3.52,14,,5,4,2.25,4.06,,0.01,-0.42,5,-2,-2,7.88,-0.97,-5,-2.1,,3.8,4,-2.6,-1,3.7,-2.01,3.35,,,-5,,7,-1.8,-3,,3.5,2.46,-1.1,-2.5,0.5,3.07,7.07,,4.05,24,27,8,3,51,0.634435448,0.5876698639
Mississippi,Texas A&M,-6,-7.79,-4.18,-4.84,-0.81,-6.3,-4.32,-8.25,-6.73,4,-10,-4,-9.15,-4.5,-7.97,-1.7,-4.35,-0.66,-5.52,1.05,-7,-6.65,-7.68,-11.84,-5.77,-7.15,-1.16,-5.16,-5,,1.5,-6.3,-7.39,-7.89,,0.01,-8.05,-7,-5,-8,-5.52,-7.45,-2,-7.4,,-8.6,-5,-7.7,-6,-0.6,-3.17,-6.95,,,-12,,-2,-8.8,-7,,-13.2,-7.64,-2,-6.5,-5.5,-3.61,-8.77,,3.29,24,17,8,-7,41,0.5118101392,0.3667432216
Mississippi St.,LSU,-18.5,-16.02,-16.78,-13.81,-24.06,-17.23,-13.73,-23.66,-22.48,-14,-15,-16,-20.65,-19.5,-14.1,-14.85,-7.7,-9.02,-16.29,-22.46,-23,-14.25,-14.48,-22.69,-17.92,-14.37,-20.39,-16.96,-16,,-25.1,-16,-13.96,-16.13,,-16,-13.74,-10,-17.5,-19,-12.81,-15.89,4,-9.1,,-15.8,-13,-15.7,-18.5,-20.7,-31.24,-20.7,,,-12,,-24,-14.3,-17,,-5.38,-19.64,-20.5,-18.5,-6,-22.16,-19.25,,4.97,36,13,8,-23,49,0.5528463994,0.1637189518
Navy,South Florida,15,12.26,17.95,18.59,27.77,22.87,15.05,16.44,15.79,21,10.5,12,22.77,10.5,12.94,15.53,11.89,12.74,14.32,22.29,16,13.65,9.42,31.84,14.15,3.86,23.43,4.36,20,,29.8,14.15,13.98,11.34,,20,11.08,14,11.5,7,21.52,-4.29,-11,5.3,,14.4,12,6.8,15,17.6,14.88,21.45,,,15,,22,5.2,14,,15.99,12.36,17.6,14,-0.5,12.33,19.5,,6.76,3,35,8,32,38,0.4842825456,0.7966984922
North Texas,Middle Tenn.,7.5,5.21,2.29,3.67,11.7,9.91,10.52,2.94,2.08,8,-8,5,6.6,2.5,8.45,0.13,4.58,0.45,4.8,-1.23,5,6.55,9.36,0.66,2.72,-1.19,8.18,2.3,2,,13.5,4.8,5.07,3.74,,10,8.09,4,9.5,4,3.87,2.92,13,5.7,,8,3,5.3,7,-0.4,7.31,9.15,,,11,,1,4.8,5,,-2.11,5.26,6.6,7.5,-0.5,-0.69,12.16,,4.12,30,33,8,3,63,0.4346213774,0.6151084148
Northwestern,Ohio St.,-27,-29.55,-29.97,-21.85,-39.81,-41.24,-27.53,-32.71,-33.95,-23,-21.5,-22,-38.62,-30,-30.05,-25.65,-28.38,-12.59,-26.86,-29.94,-34,-34.45,-23.79,-35.69,-33.16,-12.24,-28.93,-18.13,-36,,-38.5,-26.8,-28.72,-28.67,,-26,-27.14,-25,-27,-20,-23.64,-17.41,-19,-26.8,,-28.9,-26,-24.4,-27,-25.8,-36.07,-25.8,,,-20,,-33,-24.8,-27,,-16.65,-21.14,-21.3,-28,-11.5,-26.42,-33.32,,7.15,52,3,8,-49,55,0.5032077351,0.0614562733
Ohio,Kent,7.5,3.13,-3.9,9.29,-0.51,4.94,-3.64,1.42,-2.56,1,22,-0.25,2.48,5.5,4.5,-7.09,13.72,-4.22,4.91,3.93,-4,11.65,7.27,-7,5.26,9.11,-4.36,10.83,-6,,4.7,4.94,2.05,3.23,,1,3.72,19,7.5,9,-3.71,9.23,14,7.1,,8,10,6.2,7.5,5.6,0.46,-3,,,10,,-2,7.2,14,,22.47,7.76,9.2,7.5,16.5,5.16,-3.28,,6.89,38,45,8,7,83,0.440516786,0.6116862472
Oklahoma,West Va.,32,25.54,24.24,20.84,33.33,31.25,24.87,25.34,27.3,25,19,27,34.23,30.5,26.75,19.24,22.12,15.73,25.22,26.87,25,21.85,28.27,30.38,23.75,15.15,26.59,19.91,20,,37.6,25,22.49,24.45,,25,29.05,23,33,24,22.71,23,15,24.6,,32,25,23.9,31,26.6,37.75,26.9,,,24,,34,24.3,27,,15.36,25.86,26.2,33.5,11.5,28.13,32.36,,5.46,14,52,8,38,66,0.3431368228,0.9335129502
Oklahoma St.,Baylor,4,2.43,-5.21,6.39,-5.19,-1.24,3.1,-0.38,-3.22,4,-4,-6,2.93,-2,6.27,-9.29,4.84,-1.13,0.54,1.7,-8,-2.55,5.88,-2.63,1.75,-4.92,1.05,0.01,-6,,-7.2,1.05,2.48,0.9,,0.01,3.47,7,2.5,-1,-2.37,0.24,-13,1.1,,3.6,4,1.3,3.5,2,-1.46,5.9,,,5,,-4,0.9,2,,8.74,5.56,3.8,3.5,10,0.86,2.25,,4.42,45,27,8,-18,72,0.4168491386,0.5130703797
Penn St.,Michigan,7.5,7.97,13.03,11.83,15.14,21.24,13.75,15.1,10.68,9,17.5,12,22.18,12,10.35,8.45,17.04,8.28,11.41,14.48,11,15.15,10.5,8.81,14.87,5.53,15.06,6.73,12,,17.2,12,13.93,5.91,,12,11.1,12,7.5,6,8.14,1.06,-6,6.5,,13.2,9,7.2,8,12.7,19.52,19.55,,,12,,15,6.4,17,,6.98,8.15,8.8,9,2,10.84,20.01,,4.74,21,28,8,7,49,0.5932929482,0.7545113478
Rutgers,Minnesota,-28,-25.06,-24.52,-24.48,-34.8,-32.32,-24.41,-23.66,-30.42,-20,-25,-21,-24.25,-27,-23.93,-24.64,-24.14,-13.25,-25.32,-24.37,-28,-27.75,-24.12,-46.31,-30.76,-17.43,-25.71,-22.37,-28,,-42.9,-24.41,-23.88,-25.08,,-23,-23.42,-20,-27.5,-28,-30.63,-23.59,-8,-25.3,,-22.4,-22,-25.1,-27.5,-30.9,-39.4,-17.35,,,-23,,-21,-25,-31,,-19.55,-21.64,-24,-28.5,-12,-32.65,-31.54,,5.55,42,7,8,-35,49,0.5633100747,0.0660772395
SMU,Temple,9,10.43,12.13,7.85,15.4,5.61,16.48,8.86,13.22,14,-8,11,11,7,9.53,12.7,0.16,12.51,8.9,14.13,5,10.85,7.2,19.19,8.46,4.37,16.02,2.66,13,,21.9,8.86,7.47,10.63,,11,12.61,5,7,8,13.15,6.12,2,5.6,,10.1,6,6.3,9,9.8,9.67,7.7,,,4,,18,5.6,3,,3.66,6.26,6.4,7.5,-8.5,7.14,17.34,,5.55,21,45,8,24,66,0.4976275414,0.7016925522
San Jose St.,San Diego St.,-7.5,-14.35,-8.07,-9.9,-9.9,-9.4,-8.39,-8.24,-13.63,-6,-8.5,-6,-8.46,-13.5,-14.12,-7.87,-15.05,-9.47,-10.4,-6.88,-5,-10.45,-8.05,-21.97,-12.03,-12.82,-8.59,-12.37,-8,,-15.7,-10,-10.64,-14.62,,-5,-8.8,-10,-7,-14,-15.1,-9.16,-7,-10.8,,-8.9,-13,-10.1,-7.5,-11.2,-8.14,-8.9,,,-11,,-15,-10.4,-10,,-4.64,-7.14,-7.1,-8,-11,-10.47,-11.51,,2.74,27,17,8,-10,44,0.4285702974,0.2592783084
South Carolina,Florida,-4.5,-5.48,-5.61,-5.77,-6.24,-9.01,-4.61,-3.84,-6.62,-1,-8.5,-5,0.56,-7.5,-3.41,-8.69,-6.55,-6.38,-5.01,-2.54,-10,-10.35,-2.42,-10.16,-4.65,-8.33,-2.48,-5.86,-4,,-0.3,-5,-5.6,-6.6,,-5,-3.44,-3,-5,-5,-6.74,1.03,-6,-4.9,,-2.3,-4,-4.1,-4.5,-6.4,3.32,-3.95,,,-5,,-7,-5.4,-7,,-9.2,-4.94,-6,-5,-1,-8.34,-4.3,,2.79,38,27,8,-11,65,0.4873790566,0.3779652472
Stanford,UCLA,3.5,13.65,13.79,14.29,10.94,12.12,11.38,12.88,19.28,13,14,11,13.92,16.5,10.95,13.72,11.71,15.33,13.22,12.92,7,19.65,7.88,22.81,15.69,14.93,12.66,14.45,14,,7.6,13.43,12.42,14.4,,10,7.86,17,8,14,18.92,13.4,-1,13.5,,11.5,12,12.2,5,15.9,18.87,9.75,,,9,,10,12.6,15,,13.43,9.46,9.8,3.5,15,19.12,15.39,,2.98,34,16,8,-18,50,0.726354326,0.7934727105
Syracuse,Pittsburgh,-3.5,0.55,-2.71,3.19,-5.66,-4.95,0.76,-8.15,-3.33,-2,-20.5,1,-0.11,-1.5,1.6,-4.01,-2.77,0.67,-2.53,-4.51,-3,0.85,0.81,-11.16,-4.17,-2.44,-7.79,-0.26,-5,,-11.9,-2,0.12,0.54,,-9,0.38,5,-3.5,-3,-5.15,8.26,-6,2.5,,1.6,2,2.4,-3.5,-3.7,-11.07,-3.2,,,-1,,-1,2.8,1,,1.4,0.26,-6.1,-3.5,-4.5,-11.69,-3.46,,4.74,27,20,8,-7,47,0.5233440119,0.4393142078
Texas,Kansas,21,27.56,24.16,26.22,28.66,30.37,25.62,22.19,25.97,24,23,24,30.65,28,29.41,20.91,24.02,16.22,25.56,24.27,17,25.25,23.84,44.41,23.29,21.43,26.52,25.47,30,,33.2,25.55,24.31,26.68,,19,27.01,28,24,28,31.66,27.5,23,23,,30,27,21.6,22,23.5,18.11,25.55,,,21,,28,22.5,26,,23.06,26.36,24.9,21,11.5,27.13,31.81,,4.01,48,50,8,2,98,0.6096869378,0.9407479881
Texas Tech,Iowa St.,-7.5,-6.98,-5.17,-3.25,-19.07,-4.71,-9.57,-6.23,-8.85,-5,-11,-6,-10.38,-5.5,-7.81,-2.58,-8.81,-4.82,-7.72,-3.6,-9,-11.05,-5.67,-7,-11.66,-1.35,-14.38,-4.11,-6,,-18.3,-7,-5.79,-6.22,,-9,-8.19,-6,-5.5,-6,-7.11,-13.95,-7,-7.7,,-8.6,-9,-7,-7.5,-9.6,-17.78,-7.55,,,-8,,-2,-6.7,-8,,-4.6,-4.64,-4,-7,-3.5,-11.14,-10.99,,3.98,34,24,8,-10,58,0.494637366,0.3185666241
Texas-San Antonio,Rice,-5,-0.01,0.9,-0.16,-10.77,8.88,-6.8,-6.29,-0.36,1,-7,5,-11.15,6,-4.74,6.93,-8.15,9.93,-2.89,-6.62,1,-7.75,-2.75,2.5,-8.45,7.1,-9.44,1.57,-2,,-11.4,-2.9,-4.04,2.9,,-9,-3.64,-2,-3,-2,2.67,-0.3,1,-3.5,,-5.1,-1,-2.9,-5,-6.3,-11.77,-7.95,,,-2,,-7,-3.9,-6,,-7.77,-1.84,-6.3,-4.5,3.5,-1.75,-12.89,,5.57,27,31,8,4,58,0.5499046829,0.4318034678
Troy St.,South Alabama,17,18.89,10.32,17.25,16.94,13.88,15.86,16.09,17.39,12,5,15,13.3,17.5,19.22,8.83,15.99,11.92,16.05,9.46,10,20.55,17.85,14.47,19.2,15.26,10.41,15.4,11,,23,16.94,14.44,18.95,,10,17.26,21,14.5,18,11.73,18.42,8,21.9,,17.8,19,19.7,17,17.7,12.87,11.15,,,20,,15,22.4,25,,20.35,14.46,12.3,17,22,20.49,18.52,,4.11,13,37,8,24,50,0.4768993873,0.8361682893
UAB,Old Dominion,17,15.13,18.63,17.66,26.19,10.66,13.5,14.68,18.14,18,15.5,14,13.68,18.5,12.44,21.11,22.42,16.88,16.27,15.96,17,15.25,9.82,20.25,15,19.72,17.3,14.93,18,,20.6,15.74,14.58,16.36,,17,15.74,19,15,15,20.39,10.18,13,13.5,,14.5,19,14.3,17,18.8,20.98,6.75,,,18,,26,12.9,17,,14.34,14.46,12.5,16.5,8,23,13.03,,3.91,14,38,8,24,52,0.482191586,0.8401881948
USC,Arizona,9.5,11.82,5.53,11.61,12.81,3.23,12.12,12.82,10.56,11,11,8,16.07,9,14.44,0.26,16.85,4.8,10.81,9.75,-2,10.75,9.59,8.72,14.28,5.07,10.21,10.49,7,,9.3,10.75,9.8,10.37,,10,13.17,18,9,11,7.17,10.33,4,10.7,,15.3,13,10.9,9.5,13.7,20.64,9.75,,,14,,11,10.3,14,,10.03,7.85,12.3,9.5,12.5,11.4,14.71,,4.00,14,41,8,27,55,0.531889816,0.7454782825
Utah,Arizona St.,13.5,8.53,3.99,11.69,15.73,18.98,9.16,17.18,7.21,10,11,5,15.68,6.5,10.65,-1.85,11.26,5.34,10.89,10.35,4,13.25,13.68,5.97,15.1,4.98,8.19,9.18,1,,13.5,11,8.74,7.43,,10,13.3,18,13.5,11,4.61,11.61,0.2,15.6,,15.9,12,15.3,13,18.6,21.36,14.5,,,14,,12,16,18,,9.09,7.55,8.3,13.5,11.5,10.56,10.67,,4.78,3,21,8,18,24,0.4374478054,0.7443831651
Utah St.,Nevada,21,19.61,13.66,16.34,15.57,14.22,17.56,22.64,19.09,16,21,14,33.36,12,23.34,3.8,23.36,6.83,19.42,15.97,14,33.15,21.42,22.06,26.96,7.85,19.93,17.89,14,,24.1,19.09,20.86,17.35,,16,23.76,24,20.5,17,15.35,16.52,15,21.4,,24.2,20,16.8,21,19.8,32.86,30.25,,,26,,17,19.8,30,,20.67,16.86,17.6,21,10,18.85,25.67,,6.37,10,36,8,26,46,0.4632053163,0.8718607421
Vanderbilt,Missouri,-21,-23.63,-22.28,-21.96,-36.05,-35.49,-25.79,-31.27,-30.82,-17,-24.5,-20,-30.82,-21.5,-23.51,-18,-20.96,-12.41,-23.88,-30.2,-30,-29.65,-19.71,-42.34,-29.54,-10.53,-25.42,-14.53,-27,,-38.2,-22.28,-22.22,-22.6,,-22,-20.09,-21,-21,-23,-29.2,-17.05,-15,-20.5,,-21,-22,-17.6,-21,-32.1,-37.05,-25.1,,,-22,,-26,-18.8,-25,,-21.95,-21.14,-18,-21,-4,-25.34,-32.96,,6.94,14,21,8,7,35,0.4339929918,0.0840679891
Virginia,Duke,3.5,2.9,3.19,-2.61,-1.87,4.33,0.37,-3.01,1.32,2,-0.5,4,1.68,2,2.67,3.94,1.33,1.52,1.28,-1.25,-3,-2.05,2.67,2.56,-2.46,2.69,-0.64,1.96,4,,-7.7,1.96,0.01,3.34,,0.01,2.89,0.01,3.5,1,2.23,-0.48,8,2,,3,0.01,2.7,3.5,-2.8,1.52,7.25,,,2,,-5,2,1,,3.02,2.06,4.9,3,6.5,-2.24,-0.01,,2.79,14,48,8,34,62,0.4452262699,0.5316478631
Virginia Tech,North Carolina,-3.5,-4.98,-7.86,-5.94,-8.75,-1.88,-11.23,-12.94,-4.92,-2,-7,-3,-18.32,-0.5,-8.16,-2.63,-5.22,-2.3,-6.41,-6.92,-3,-10.35,-0.8,-15,-9.06,1.66,-10.74,-3.45,-10,,-14.4,-5.94,-5.82,-2.93,,-9,-7.06,-5,-3,-3,-7.42,5.57,-1,-3.1,,-7.3,-3,-2.2,-3.5,-13.5,-11.76,-17.2,,,-4,,-11,-2.3,-7,,-8.52,-1.45,-5.1,-3.5,3.5,-6.92,-16.35,,5.00,41,43,8,2,84,0.4305966322,0.3500584908
Wake Forest,Florida St.,1,1.42,6.62,4.14,5.34,14.34,6.38,5.56,2.7,7,9,7,5.97,7,1.94,6.94,2.13,6.62,4.1,1.16,7,8.25,2.03,6.59,3.82,3.41,4.4,2.03,3,,9.8,4,6.27,0.88,,4,1.08,6,2.5,0.01,8.21,1.5,-12,1.7,,2.1,2,0.8,1,1,0.45,8.65,,,5,,-1,1.5,12,,7.35,3.46,4.6,1.5,-1.5,1.38,7.31,,3.30,20,22,8,2,42,0.5758152397,0.5998181279
Washington,Oregon,-2.5,-2.65,-3.7,3.89,-5.08,-13.16,-5.08,-3.75,-3.52,1,-2,-4,-4.42,-1.5,-3.38,-3.34,1.83,-3.17,-2.68,-0.81,-7,-1.85,-4.24,-1.44,-1.19,0.24,-2.16,2.85,-8,,-6.9,-2.65,-4,-2.15,,-7,-3.34,2,-2,-3,-0.57,-4.53,-10,-1.7,,-1.5,1,-2,-2.5,0.9,-6.83,-6.7,,,-4,,-5,-1.4,-8,,2.37,-0.34,-2.1,-2.5,10,2.58,-11,,3.93,35,31,8,-4,66,0.4956088068,0.434910194
Washington St.,Colorado,12.5,8.49,-0.34,9.82,8.59,9.28,5.9,7.01,5.5,10,4,5,11.07,7.5,11.22,-6.05,15.36,-3.53,8.64,3.27,2,4.15,11.68,0.13,6.71,5.95,6.47,10.88,-4,,10.4,8.8,7.31,7.36,,7,11.67,18,12.5,9,1.8,18.59,18,16.5,,12.8,13,15.4,12,8.8,13.02,8.1,,,13,,2,16.1,16,,18.46,9.26,8.9,12.5,5.5,9.91,8.14,,5.41,10,41,8,31,51,0.4089868304,0.6967789982
Western Kentucky,Charlotte,9,13.84,10.28,11.72,22.96,15.6,12.2,8.04,18.32,8,9,11,10.18,13,12.19,10.33,12.85,16.32,11.86,16.52,7,5.55,6.49,21.22,12.92,11.18,16.51,8.76,14,,22.4,11,9.49,14.18,,15,10.88,9,10.5,14,17.17,7.8,2,9.5,,10.5,10,8.5,9,16.4,14.85,7.25,,,10,,11,8,10,,2.07,7.86,10.5,9,12,14.56,14.63,,3.92,14,30,8,16,44,0.5694229244,0.7658678486
Wyoming,New Mexico,17.5,23.34,21.76,22.6,28.67,19.33,24.09,24.31,26.05,24,20,20,27.23,21.5,23.45,19.03,21.4,17.32,22.52,23.78,15,27.15,20.13,33.69,23.23,15.39,31.59,18.32,23,,30.7,22.7,20.87,22.86,,20,19.27,24,19.5,22,25.36,19.02,6,22.7,,21.9,21,20.4,18.5,23.8,25.52,20.95,,,16,,20,21.2,24,,26.82,25.86,24.1,19.5,12.5,28.11,28.21,,3.94,10,23,8,13,33,0.6205492901,0.915724862
Air Force,Utah St.,3.5,3.06,5.61,2.9,13.79,11.44,5.98,6.93,6.32,12,-2,7,10.37,6,3.25,3.04,4.16,5.42,5.12,8.47,3,7.25,1.12,4.31,2.99,1.18,12,-4.51,4,,20.8,5.2,0.13,2.48,,10,5.77,2,3,3,5.4,0.95,-8,-0.01,15.37,8.1,3,2.5,3.5,10.5,13.09,9.9,12.95,0.16,3,,8,0.01,5,,-5.14,1.04,7.4,3.5,5.5,-1.69,6.48,,5.04,7,31,9,24,38,0.5387453826,0.6207427732
Alabama,Arkansas,32,40.46,36.51,40.31,37.66,38.47,31.24,35.36,43.55,30,33.5,39,42.52,44.5,38.41,33.28,38.71,18.15,38.23,41.97,30,40.15,34.82,52.53,41.58,31.37,35.13,35.08,37,,55.6,39.11,40.79,41.21,,28,38.51,42,33,41,39.04,39.26,13,44.5,39.18,41.8,41,39.2,33,34.8,44.06,36.9,35.66,37.04,39,,41,43.1,44,,41.74,32.44,36,32,29.5,45.64,40.67,,5.47,7,48,9,41,55,0.6447016116,0.9886055063
Arkansas St.,Texas St.,12,11.88,7.07,13.79,9.96,1.88,6.42,7.44,8.17,11,10,11,9.54,16,10.46,5.75,15.28,6.46,9.66,6.57,4,6.45,11.49,10.78,11.68,7.62,9.27,13.4,7,,11.1,9.74,9.26,13.38,,8,9.45,16,13.5,8,9.38,9.97,8,8.7,9.98,12.5,17,8,12,11.2,10.54,0.9,28.01,0.65,9,,2,8.8,11,,12.86,9.94,7.1,12,13.5,13.38,6.52,,3.47,14,38,9,24,52,0.4427479266,0.7239063388
Army,San Jose St.,10,11.05,6.64,11.68,9.1,4.77,5.17,4.98,5.86,9,16.5,8,12.03,10.5,11.75,3.74,9.81,3.2,9.73,4.57,3,12.85,9.72,8.31,8.69,12.09,8.23,10.37,9,,10.9,9.76,9.4,11.49,,8,12.58,20,10.5,8,9.04,13.35,13,13.3,9.37,14.2,16,11.4,10,10.8,-2.12,8.6,3.88,-3.93,16,,-5,13.6,17,,12.83,9.53,11,9.5,13.5,6.73,5.16,,4.45,34,29,9,-5,63,0.4934668101,0.7224646546
Ball St.,Ohio,2.5,2.24,9.81,3.54,10.84,12.79,5.93,8.79,9.11,11,-1.5,11,11.97,7.5,1.96,8.65,-2.53,7,5.91,8.81,6,5.15,5.19,13.66,7.14,4.11,9.28,5.23,10,,8.4,6.78,4.94,1.31,,9,6.21,-3,2.5,7,11.02,5.1,7,0.8,10.94,6.5,1,1.7,3,7.2,7.97,18.65,23.92,2.07,-1,,11,1.1,2,,-6.95,0.94,4.9,2.5,-7.5,6.55,9.67,,4.92,34,21,9,-13,55,0.5812820532,0.6389282286
Buffalo,Central Mich.,2.5,1.29,1.12,5.3,-1.4,8.14,-2.34,0.19,-5.73,1,8,2,4.44,1,2.43,-0.67,12.48,-5.86,2.48,-4.13,-2,0.95,7,-3.34,1.81,6.17,1.51,7.09,2,,6.3,1.81,2.24,1.67,,1,1.36,9,2.5,1,-1.23,8.84,2,6,1.81,6.4,5,5.6,2.5,1.2,-2.5,-1.3,-1,-1.68,3,,-7,5.9,5,,11.73,4.04,1.3,2.5,4.5,1.78,-1.41,,4.20,20,43,9,23,63,0.4995140988,0.560023486
Charlotte,North Texas,-4,-8.39,-2.63,-5.66,-0.99,-2.31,-5.64,-2.67,-8.13,1,3.5,-2,-3.75,-3,-7.97,-2.03,-2.9,-11.25,-4.11,-5.98,-7,-4.05,-6.33,-6.38,-4.18,-2.81,-2.4,-3.79,-1,,0.3,-4.07,-5.32,-8.69,,-1,-4.78,-2,-3,-7,-2.23,-6.38,-5,-5.6,-4.91,-5.1,-4,-4.1,-4,-1.9,-5.43,-5.3,13.12,-20.31,-5,,-9,-5.1,-2,,0.01,-4.46,-3.1,-4,-2.5,-0.51,-9.91,,2.81,38,39,9,1,77,0.4972779284,0.3993838118
Clemson,Boston College,34.5,30.38,26.72,32.39,32.96,29.54,25.12,26.83,31.46,26,38,30,34.15,36.5,29.15,22.72,27.32,15.74,30.17,23.43,17,31.55,32.66,35.53,34.62,19.17,29.44,26.4,28,,36.5,30.64,28.95,30.98,,25,33.24,33,34,30,25.56,28.37,27,33.7,34.5,34,32,30.9,34,32.4,36.04,26.7,38.11,17.89,33,,23,33.5,37,,34.99,27.94,29,34,25,38.56,32.49,,5.13,7,59,9,52,66,0.3976139079,0.9647205078
Colorado,USC,-11.5,-12.56,-6.69,-10.07,-16.53,-9.36,-12.93,-21.31,-14.37,-6,-11.5,-7,-15.31,-10,-14.71,-2.04,-9.64,-5.76,-12.41,-11.07,-10,-19.15,-11.43,-16.63,-18.13,-2.99,-10.45,-14.56,-9,,-16,-12.25,-9.85,-10.99,,-8,-13.01,-15,-12.5,-13,-12.1,-11.52,-14,-12.3,-15.71,-13.3,-13,-12.2,-11.5,-21.8,-21.51,-11.4,-14.61,-0.55,-13,,-12,-11.1,-16,,-15.78,-9.06,-11.1,-13.5,-2,-18.42,-17.74,,4.54,35,31,9,-4,66,0.4780250535,0.2261556211
East Carolina,South Florida,-2,-4.67,-0.01,-0.44,-0.94,2.41,-4.51,2.66,-4.9,4,1,0.25,0.88,0.01,-3.11,-0.53,0.49,-1.87,-1.45,-4.5,-2,0.65,0.54,-4.94,0.72,-4.51,-0.01,-2.04,-2,,-2.2,-1.1,-1.91,-5.62,,-1,-1.63,0.01,2,-6,-2.45,-5.23,-5,-2,-0.27,-1.4,-2,-1.2,-2,3.1,-2.25,-0.8,-23.97,-10.27,1,,-5,-2,3,,1.27,-0.96,2.1,-2,-9,0.01,-5.36,,2.65,45,20,9,-25,65,0.5136307139,0.464106052
Florida St.,Syracuse,10,7.98,9.32,3.68,10.83,7.68,7.31,9.3,10.08,9,7.5,8,8.83,9,7.45,9.59,2.38,7.45,7.33,8.72,1,4.45,8.12,18.53,4.75,6.32,10.72,2.98,11,,12.7,7.59,3.61,7.93,,11,10.45,-1,10,7,12.09,0.67,1,3.4,11.58,7.5,6,3.9,10,7.3,15.87,10.8,4.97,2.47,9,,4,3,4,,-6.17,5.13,7.5,10.5,10,5.73,10.68,,3.80,17,35,9,18,52,0.4350291751,0.6733170558
Fresno St.,Colorado St.,14.5,18.51,13.84,23.21,21.36,12.42,19.26,11.47,17.41,15,15.5,16,16.08,18,18.92,12.62,24.97,13.6,17.06,14.93,9,16.55,14.09,27.97,14.37,15.51,18.74,12.88,16,,21.4,16.98,18.4,18.48,,12,15.03,19,14,14,21.06,15.39,5,19.4,21.53,17.9,20,16.3,14.5,15.9,21.07,9.35,36.74,26.26,15,,20,19.2,16,,24.43,17.43,18.5,14.5,8,19,23.22,,3.78,41,31,9,-10,72,0.5623309332,0.8520968747
Georgia Southern,New Mexico St.,14.5,13.93,20.42,16.33,15.06,17.78,9.53,17.01,14.98,16,23,21,15.71,23,10.99,22.96,19.09,18.77,15.82,12.06,13,13.85,15.29,20.28,16.84,18.68,17.19,18.16,19,,8.2,15.86,14.41,15.6,,10,14.84,19,15,17,17.14,19.61,15,16.8,12.33,15.5,15,15.2,14.5,14,7.7,7.75,19.76,42.66,11,,13,18.2,16,,14.57,18.43,17.4,14.5,12,20.18,11.23,,3.60,7,41,9,34,48,0.5323147445,0.8344372533
Georgia St.,Troy St.,1.5,3.26,9.77,1.69,8.6,3.7,7.53,-3.31,10.81,13,14.5,10,4.28,8.5,1.16,12.74,-9.63,8.33,3.39,11.78,1,-0.95,-2.44,16.56,-0.8,4.53,9.85,2.09,9,,4.8,3.25,3.67,3.38,,3,2.51,-4,-1,2,12.11,-5.54,-7,-1.6,6.89,1,-2,-1.3,1.5,2.3,3.77,1.5,7.04,12.79,-1,,13,-2.2,-2,,-7.58,-0.01,7.7,1,-13,3.25,4.98,,5.93,33,52,9,19,85,0.5444065723,0.579285805
Houston,SMU,-14,-5,-14.96,-4.5,-9.03,-11.04,-7.8,-5.92,-10.46,-6,-3.5,-15,-8.44,-16.5,-3.76,-18.46,3.79,-8.79,-7.51,-9.77,-19,-7.65,-6.04,-25.19,-9.11,-7.93,-6.69,-0.43,-14,,-16.6,-7.43,-7.35,-5,,-8,-5.7,-2,-12.5,-6,-16.82,-2.48,6,-7.5,-6.46,-2.2,-3,-7.1,-13,-11.5,-10.58,-12.25,-21.95,-12.44,-2,,-5,-8.1,-5,,-7.6,-4.77,-1.1,-14,6,-11.23,-9.99,,5.16,34,31,9,-3,65,0.6512825986,0.3263952537
Iowa St.,Oklahoma St.,10.5,7.92,8.59,7.54,15.45,12.55,10.27,13.62,13.79,13,15.5,12,9.58,10,7.07,8.06,13.96,7.56,11.18,12.59,6,16.85,5.62,10.63,13.11,8.69,13.45,11.39,10,,19.4,10.5,7.96,7.44,,13,10.31,10,9,12,10.14,15.02,5,11.2,15.98,10.4,10,10.6,10.5,18.6,26.72,13.1,28.04,0.44,11,,7,10.3,17,,3.89,6.04,8.1,10.5,1,13.54,10.31,,4.20,34,27,9,-7,61,0.5165157163,0.752013278
Kansas,Texas Tech,-5,-7.92,-4.22,-5.22,-2.22,-12.06,-5.95,-2.35,-6.01,-1,0.5,-4,-4.91,-6,-8.68,-3.84,-4.2,-3.53,-5.75,-6.05,-9,-3.45,-4.59,-18,-0.38,-6.26,-3.25,-6.12,-7,,-1.9,-5.83,-6.75,-7.79,,-1,-8.24,-5,-3.5,-8,-9.24,-5.71,-13,-6.8,-3.43,-6.1,-6,-6.7,-5,-4.6,-1.61,-11.65,-3.68,-3.15,-8,,-12,-7.7,-7,,-3.73,-5.07,-3.9,-4,0.01,-4.07,-8.86,,2.78,34,37,9,3,71,0.4814407863,0.3606244641
Kansas St.,Oklahoma,-23.5,-17.77,-11.65,-16.25,-20.18,-8.67,-13.09,-10.99,-18.28,-10,-13,-11,-15.43,-22,-17.49,-9.61,-16.26,-8.49,-15.44,-16.31,-12,-17.55,-18.15,-12.38,-17.13,-9.5,-13.67,-16.62,-10,,-19,-15.5,-16.06,-17.86,,-14,-16.83,-17,-20,-14,-7.95,-15.09,-23,-14.8,-17.57,-17.5,-17,-14,-22,-15,-34.37,-15.5,-4.57,-23.84,-13,,-14,-14.6,-11,,-14.35,-19.56,-17.5,-23.5,-15.5,-17.69,-18.44,,4.21,41,48,9,7,89,0.6881972686,0.1735854791
Kent,Miami (Ohio),2,0.41,0.69,-0.75,3.77,7.91,4.28,-1.06,-0.52,7,-10.5,2,1.68,-1.5,1.81,0.17,0.01,2.5,0.82,1.14,3,0.95,5.02,-2.47,-1.92,-5.39,3.77,-4.32,1,,3.2,0.69,1.24,-0.33,,6,4.77,-2,2.5,-1,0.64,1.68,-3,2.5,7.02,1,0.01,3.7,2,0.3,5.32,0.01,16.56,-0.49,5,,-2,2.2,-1,,-5.89,0.01,0.7,2,-2.5,-3.44,4.15,,3.47,23,16,9,-7,39,0.4710548469,0.5201235673
Kentucky,Missouri,-10,-7.08,-3.05,-4.28,-8.93,-17.15,-9.91,-8.68,-6.31,-2,13,-4,-7.41,-5.5,-9.2,-0.69,-5.72,-6.12,-5.93,-4.51,-12,-8.75,-9.8,-9.63,-9.17,1.35,-5.76,-0.94,-6,,-15.3,-5.88,-5.29,-6.08,,-7,-5.13,-3,-9.5,-4,-7.7,-5.42,-10,-6.2,-8.13,-5.3,-7,-4,-9.5,-4.7,-10.5,-4.75,15.12,0.42,-6,,-4,-5,-4,,-9.23,-5.07,-4.7,-10.5,1,-7.71,-9.74,,4.39,7,29,9,22,36,0.5975898517,0.3594066866
LSU,Auburn,10.5,6.38,8.21,9.28,5.45,7.36,4.14,9.96,8.52,6,6,8,6.05,10.5,4.82,9.37,9.41,5.64,7.87,12.3,7,12.55,6.87,5.69,6.34,10.81,7.51,10.24,6,,17.3,7.33,5.31,7.01,,7,5.77,7,11,8,5.16,10.33,1,9.4,6.49,7,7,8.4,10,7.3,12.53,7,7.69,17.15,4,,16,9,9,,0.38,9.24,10.7,10.5,8,12.64,3.49,,2.97,20,23,9,3,43,0.4353175329,0.6869832188
Louisville,Virginia,-3.5,-5.9,0.01,-6.52,-6.84,-6.76,-1.87,-6.98,-5.21,-2,-8.5,-1,-4.33,-1.5,-5.79,2.4,-10.19,-0.71,-5.3,-5.07,-3,-7.95,-4.18,-3.44,-8.03,-0.01,-3.93,-2.05,3,,-0.6,-5.5,-5.91,-6.08,,-3,-4.28,-12,-3,-3,-2.98,-9.47,-18,-8.5,-7.56,-6,-8,-8.7,-3.5,-7,-2.77,0.01,-1.75,-0.05,-6,,-10,-8.1,-13,,-15.09,-4.47,-6.6,-3.5,1,-2.92,-4.17,,3.79,21,28,9,7,49,0.4560920339,0.3726944539
Marshall,Western Kentucky,5,3.47,3.79,5.13,-4.89,-1.43,2.66,3.96,0.01,8,1,2,4.94,1,3.2,3.18,2.92,-0.21,2.56,2.31,-3,-0.25,6.94,1.69,1.88,3.04,-1.85,6.8,-1,,-11.2,2.86,2.6,4.17,,-4,4.39,7,6,4,-0.38,10.13,9,2.1,-2.93,6.1,5,1.2,5,1.3,3.26,4.35,-7.53,5.97,2,,1,2.8,5,,6.81,5.14,5.8,5,-0.5,2.59,3.35,,3.51,23,26,9,3,49,0.4403485238,0.5625615551
Massachusetts,Connecticut,-10,-7.67,-10.12,-4.53,-3.67,2.78,-13.76,-19.45,-8.08,-12,-10.5,-7,-21.99,-5,-11.55,-3.72,-3.78,-4.46,-8.2,-9.83,-7,-14.25,-6.47,1.34,-7.88,4.61,-13.45,-0.55,-10,,-16.1,-7.78,-6.91,-5.54,,-10,-4.6,-2,-8,-8,2.24,-8.83,-6,-7.6,-19.56,-13.2,-5,-9.3,-10,-6.8,-21.99,-18.25,0.02,-18.17,-11,,-15,-7.6,-8,,-1.49,-4.87,-14.5,-10,10,-0.51,-21.48,,6.86,56,35,9,-21,91,0.5414518756,0.3176795705
Michigan,Notre Dame,-1,-0.17,-1.31,-0.91,-1.84,-6.64,-4.18,0.65,-2.33,2,0.01,-1,-3.72,0.5,-1.74,-0.01,3.2,-0.01,-0.46,-3.01,-6,4.85,-1.85,-2.13,2.28,1.88,-3.31,1.28,-4,,-5.7,-0.21,-3.08,1.25,,0.01,-4.24,2,2.5,0.01,-0.24,4.51,9,1.6,-4.62,-0.4,0.01,1.4,-1,0.2,0.91,-7.5,-5.9,0.28,1,,-3,1.5,4,,-3.35,-1.06,-2.4,-1,13.5,-1.74,-6.7,,3.45,14,45,9,31,59,0.5132581356,0.4887054621
Michigan St.,Penn St.,-5.5,-7.9,-11.11,-6.32,-8.43,-14.6,-4.54,-17.98,-10.66,1,-16.5,-12,-11.03,-16,-7.31,-11.16,-15.05,-5.36,-9.2,-5.97,-17,-17.45,-9.03,-11.31,-15.14,-8.74,-4.9,-9.26,-11,,-6.8,-8.87,-13.1,-7.84,,-4,-7.18,-12,-6,-7,-5.91,-3.06,-12,-5.8,-6.79,-8.5,-8,-5.3,-6,-11.9,-9.65,-8.55,-29.3,-12.83,-11,,-9,-5.4,-12,,-7.74,-4.86,-2.2,-6.5,-11,-12.39,-10.25,,3.99,28,7,9,-21,35,0.4105854062,0.2870430892
Middle Tenn.,Florida Intl.,-2,0.64,0.12,3.85,-4.36,-4.47,-1.15,2.41,0.55,2,6.5,-1,3.38,-1.5,-0.21,-1.65,13.24,-2.78,0.16,6.54,-10,-1.45,0.8,-0.53,0.48,6.83,1.38,5.99,-3,,-8.3,0.16,-0.6,1.17,,-5,-1.26,1,-1.5,1,-2.77,-1.5,-14,0.01,0.35,2,1,-0.8,-2,2.2,1.23,1.65,6.57,14.02,-1,,-1,0.2,-8,,1.3,-0.17,3.8,-2,6,-1.48,-1.31,,3.95,17,50,9,33,67,0.5525208442,0.5039016774
Minnesota,Maryland,15.5,12.33,16.67,13.12,15.8,12.29,12.41,4.39,19.12,18,16.5,18,2.51,22.5,9,24.29,10.91,14.81,14.51,12.85,7,14.95,10.36,32.03,14.32,15.95,14.13,17.43,18,,28.6,14.07,9.25,13.35,,14,13.37,11,15.5,16,24.19,15.24,-6,13.3,16.08,7.3,11,13.2,15.5,20.2,20.79,8.25,1.62,12.74,14,,17,12.7,20,,9.46,9.73,17.5,16.5,7.5,24.1,9.94,,5.11,10,52,9,42,62,0.4763317377,0.8078630884
Navy,Tulane,3.5,5.61,9.45,8.59,14.77,12.62,9.61,2.17,8.93,11,2.5,6,12.07,5,4.94,8.03,8.7,8.52,7.41,13.96,7,10.25,3.69,12.91,9.46,0.79,12.46,0.11,8,,19.2,7.5,5.03,5.53,,9,4.24,7,4,7,9.8,-7.11,-1,-1.2,14.06,5.7,6,0.6,4,14.5,18.14,5.95,18.1,2.34,6,,13,-1.3,7,,4.11,4.23,9.2,3.5,5,8.55,12.04,,5.02,38,41,9,3,79,0.5928280809,0.6718503039
Nebraska,Indiana,2,-0.43,-2.71,0.17,-4.36,-6.91,-2.66,-5.67,-2.3,1,1,-4,-8.48,-2.5,-1.92,0.4,-2.04,-1.39,-1.55,-4.06,-8,-0.75,0.26,-6,-1.22,3.77,-2.2,6.31,-3,,-6.5,-1.76,-2.49,0.88,,-1,-0.8,0.01,-1.5,2,-2.64,-0.55,1,-2.1,-2.72,-1.6,-1,0.01,1,-2.7,-4.98,-0.4,2.59,0.51,-3,,-4,-2.1,-4,,2.54,0.01,1.1,2.5,8,-0.01,-6.79,,3.33,38,31,9,-7,69,0.4133761939,0.4619340814
New Mexico,Hawaii,-9.5,-11.98,-13.45,-9.95,-11.23,-7.08,-10.52,-9.65,-16.67,-4,-13.5,-15,-13.2,-17,-10.4,-13.59,-13.46,-8.87,-12.24,-15.45,-16,-14.05,-12.59,-28.25,-11.7,-10.27,-15.11,-8.46,-17,,-15.2,-12.28,-13.03,-12.25,,-8,-7.31,-1,-10.5,-12,-16.36,-16.06,-8,-12.4,-16,-12.4,-12,-10.6,-10,-7.5,-14.01,-22.25,-33.83,-36.78,-12,,-18,-12.2,-12,,-9.98,-12.57,-8,-10,0.5,-12.31,-15.64,,3.96,45,31,9,-14,76,0.4334960173,0.2271815831
North Carolina,Duke,3.5,2.9,4.3,0.14,7.24,4.83,6.02,0.45,3.91,7,-9,4,8.11,3,4.38,2.26,6.23,3.13,3.76,3.97,-1,10.05,3.72,3.22,5.07,1.87,3.96,2.36,6,,5.8,3.94,1.51,1.81,,5,5.2,2,4,5,2.57,-6.26,-2,3,4.56,6,2,2.2,3.5,10.5,6.44,10.1,16.69,0.35,1,,4,1.7,3,,-0.9,1.13,8.9,3.5,10,2.29,7.39,,3.56,17,20,9,3,37,0.5063751029,0.5913835441
Northern Ill.,Akron,22.5,23.18,20.57,28.22,24.75,18.11,21.2,21.69,24.71,23,23.5,19,27.9,22.5,23.51,16.62,23.67,19.16,22.48,27.9,10,25.75,24.97,13.03,25.42,12.9,25.39,19.53,20,,23.9,22.92,21.69,22.84,,16,22.5,22,24.5,27,10.23,21.37,17,23.4,27.96,25.2,23,21,22.5,27.2,28.25,20.25,22.46,37.72,20,,27,22.3,28,,22.62,24.93,22.6,23,12,31.21,26.31,,4.63,0,49,9,49,49,0.4995174934,0.9129961618
Northwestern,Iowa,-9.5,-10.88,-13.44,-6.64,-11.65,-23.86,-8.7,-16.55,-13.25,-6,-10,-10,-11.01,-12,-10.35,-14.76,-18.04,-8.91,-10.95,-8.88,-17,-14.95,-8.43,-29.28,-15.1,-6.62,-10,-6.5,-16,,-13.7,-10,-11.95,-10.8,,-10,-11.81,-10,-9.5,-10,-19.34,-1.58,-11,-10.7,-10.46,-8.6,-11,-8.8,-9.5,-7.9,-14.48,-7.55,-20.35,-4.68,-10,,-10,-9.7,-11,,-4.81,-6.46,-5.2,-10,-5.5,-8.11,-9.16,,4.01,20,0,9,-20,20,0.4647185744,0.2518345171
Ohio St.,Wisconsin,14.5,14.98,15.53,19.66,16.65,13.11,8.22,16.81,15.61,17,16,15,19.39,23.5,14.75,13.44,14.5,9.76,16.15,22.33,7,22.95,17.95,10.28,23.74,11.97,14.91,16.23,15,,13.4,16,14.55,15.05,,10,14.09,23,13,16,7.09,17.56,3,19.8,17.42,16.5,15,18,14.5,21.8,22.13,16.95,39.91,18.46,10,,24,18.7,26,,19.25,12.13,16.9,14.5,6.5,22.67,15.32,,4.48,7,38,9,31,45,0.5398436558,0.8362539633
Old Dominion,Florida Atlantic,-14,-14.56,-15.08,-17.6,-12.25,-10.07,-13.03,-13.87,-17.13,-9,-7,-14,-17.31,-18,-13.53,-13.87,-16.71,-13.07,-13.33,-14.34,-13,-14.85,-14.18,-21.81,-13.11,-10.83,-11.77,-10.27,-15,,-16.2,-13.89,-14.01,-14.81,,-7,-14.99,-12,-13,-13,-15.52,-10.67,-11,-13.9,-13.71,-15.2,-15,-12.1,-14,-14.9,-11.14,-3.35,-42.04,-21.82,-14,,-18,-13,-13,,-17.31,-13.57,-13.4,-14,6.5,-14.74,-18.69,,3.90,41,3,9,-38,44,0.5163466548,0.2074082382
Oregon,Washington St.,14,16.19,17.18,11.63,14.47,24.2,16.4,22.27,18.69,14,17.5,21,15.62,21.5,15.46,18.02,14.97,13.53,15.67,15.82,11,21.85,15.48,22.84,20.66,10.96,15.69,12.97,22,,15.3,15.62,14.16,16.21,,14,15.62,11,13.5,14,17.52,12.33,9,11.2,24.08,14.3,12,11.2,14,14,16.84,19.5,38.05,11.58,16,,16,10.1,19,,9.12,10.34,12.7,14,-1.5,20.32,20.81,,4.46,35,37,9,2,72,0.540336056,0.8290296018
Pittsburgh,Miami (Fla.),5.5,5.34,11.45,7.15,10.34,8.24,2.81,7.82,12.31,14,26,7,3.65,10,1.53,15.65,3.48,5.89,7.98,12.74,1,12.45,2.92,21.53,13.94,9.87,11.65,16.3,11,,8.2,7.48,3.25,6.44,,5,0.95,8,5,8,15.59,7.05,-6,4.4,11.27,1.8,3,5.4,5.5,15.7,3.77,-1.1,-18.48,2.97,2,,10,4.8,11,,9.12,4.64,2.3,6,-1.5,21.32,1.4,,5.61,16,12,9,-4,28,0.5585461197,0.6822223461
Purdue,Illinois,10,10.4,3.29,14.12,8.35,1.87,9.42,8,10.09,6,17.5,6,8.68,4.5,10.93,0.4,13.48,3.97,8.25,9.75,-4,11.15,9.51,9.31,10.61,6.41,7.15,4.61,4,,8.6,9.23,8.27,10.13,,5,8.46,15,7.5,11,6.06,5.18,-11,11.8,7.02,9.8,13,10.5,10,10.3,9.5,9.8,25.01,0.14,11,,4,11.4,13,,9.46,9.14,4.2,9.5,8,9.86,7.75,,3.82,24,6,9,-18,30,0.4573257002,0.6933070133
Rice,Southern Miss.,-10,-11.35,-10.16,-9.09,-2.32,-11.2,-3.9,-7.03,-13.42,-4,-2.5,-12,-3.25,-15.5,-7.9,-13.88,-9.73,-12.97,-8.68,-5.46,-13,-7.65,-11.82,-18.16,-8.13,-13.97,-2.71,-9.79,-6,,-9.2,-9.05,-8.28,-13.2,,0.01,-10.1,-9,-12,-13,-11.49,-11.72,-2,-12.5,-2.14,-8.2,-11,-8.8,-10,-7.8,-5.71,-3,5.97,-31.12,-10,,-5,-11.8,-10,,-10.72,-8.57,-3.4,-9.5,-9,-14.48,-4.87,,3.61,20,6,9,-14,26,0.5323095229,0.2969680819
Rutgers,Liberty,-7.5,-5.05,-10.18,-3.76,-9.35,-18.52,-6.94,-12.19,-11.49,-9,4,-9,-13.36,-12,-5.19,-8.47,0.01,-12.56,-6.81,-12.47,-17,-7.15,-9.09,-7.84,-7.77,-2.51,-7.33,-5.8,-8,,-19.4,-6.92,-5.24,-3.97,,-6,-4.17,-4,-6.5,-6,-6.91,1.97,0.1,-3.9,-10.86,-6.1,-3,-4.2,-7.5,-9.9,-14.66,-0.3,0.89,-9.67,-3,,-9,-2.4,-10,,1.1,-2.66,-6.1,-7.5,0.5,-8.7,-9.98,,4.92,34,44,9,10,78,0.5165576613,0.3409971903
South Alabama,Appalachian St.,-27,-32.39,-29.91,-29.18,-33.41,-18.75,-26.59,-29.66,-36.43,-23,-24,-28,-31.53,-29.5,-30.34,-29.04,-30.5,-12.81,-28.74,-29.14,-32,-35.15,-23.32,-49.59,-34.89,-21.43,-28.38,-23.53,-32,,-29,-29.16,-29.91,-33.09,,-22,-26.29,-29,-25.5,-32,-33.31,-23.42,-19,-32.7,-31.78,-25.8,-27,-28.5,-27,-32.2,-33.13,-16.95,-30.58,-34.28,-28,,-26,-32.1,-34,,-30.64,-22.06,-27.9,-26.5,-20,-37.67,-36.01,,5.11,30,3,9,-27,33,0.458452204,0.0424164615
Stanford,Arizona,1.5,6.45,3.41,7.65,5.71,-3.49,4.05,3.32,1.95,5,4.5,3,7.2,4,8.1,1.37,11.38,1.32,4.73,2.72,-5,9.65,2.3,2.41,5.87,3.06,4.21,2.61,3,,-2.3,5,5.64,6.16,,3,5.63,10,-1,4,3.11,10.76,-2,7.1,5.97,7.5,5,6.7,2.5,3.4,1.96,1.7,26.63,0.31,5,,-3,7.6,5,,8.77,5.63,7.1,0,10,7.95,7.3,,3.42,31,41,9,10,72,0.5788364484,0.614586907
TCU,Texas,-1,-5.31,-5.37,-3.48,0.54,3.56,-2.96,-0.23,-9.11,1,-10,-3,0.53,-10,-4.41,-8.54,-3.47,-4.67,-3.26,-2.72,-4,-6.55,-2.57,-11.03,-6.56,-7.49,-0.11,-9.49,-6,,0.6,-3.47,-5.26,-5.17,,3,-1.34,-2,-1,-7,-6.66,-3.43,5,-4.4,2.22,-1,-2,-2,-1,-1.5,5.73,4.9,9.27,-14.67,1,,-6,-4.5,-4,,-7.25,-1.67,-4.5,-1.5,3.5,-10.93,-3.84,,3.88,27,37,9,10,64,0.445001414,0.420937543
Temple,Central Florida,-10.5,-10.79,-1.68,-10.87,-8.77,-2.32,-10.74,-9.32,-8.64,1,2,-1,-10.27,-2,-11.7,2.95,-8.52,-3.59,-7.76,-9.58,-6,-10.75,-13.41,-11.38,-8.93,-0.67,-7.06,-7.02,-1,,-17.3,-8.69,-9.42,-10.58,,-8,-11.5,-8,-8.5,-8,-4.62,-7.86,-5,-6.7,-12.34,-10.6,-10,-7,-10.5,-10.6,-9.95,-8.55,3.84,-1.3,-7,,-14,-7,-9,,-14.8,-12.07,-7.4,-10.5,5.5,-8.74,-14.33,,4.74,63,21,9,-42,84,0.5656798015,0.319752266
Tennessee,South Carolina,-4.5,-6.71,-4.89,-6.18,-7.4,-7.05,-3.84,-9.25,-7.73,-1,-10,-4,-8.86,-7,-7.29,-2.75,-10.89,-2.77,-6.03,-7.32,-5,-8.75,-5.05,-16.16,-10.51,-5.92,-6.25,-4.3,-5,,-7.8,-5.96,-7.04,-6.22,,-2,-3.87,-5,-4,-4,-9.55,-6.34,-10,-4.7,-8.69,-5.4,-6,-2,-4.5,-4.6,-4.48,-4.35,-36.97,-2.19,-5,,-8,-3.3,-6,,-5.84,-4.77,-2.9,-4.5,2.5,-5.71,-7.92,,2.43,21,41,9,20,62,0.4620491286,0.3536493906
Texas A&M,Mississippi St.,10.5,10.24,7.49,8.97,11.13,12.13,8,10.87,13.12,9,13.5,7,11.72,9.5,10.42,5.22,8.88,8.84,9.18,8.12,7,10.25,10.05,12.31,8.88,8.98,8.66,9.92,7,,7.2,9.5,7.16,9.59,,7,9.76,9,10,14,9.16,6.69,2,3.9,9.67,10.8,8,11.6,10.5,10.3,14.48,13.6,22.42,8,10,,1,9.6,12,,4.17,9.03,9.5,10.5,5.5,9.89,11.14,,2.51,30,49,9,19,79,0.4672720029,0.716058123
Toledo,Eastern Mich.,3.5,5.17,2.9,4.57,-5.12,7.11,6.78,7.65,-0.2,1,5,5,4.31,4.5,6.27,2.14,3.96,2.77,3.85,0.33,-1,5.85,7.77,2.91,5.36,4.18,-1.27,1.58,2,,-3.1,4.24,2.01,5.39,,0.01,7.17,7,4,5,2.45,3.7,15,3.8,-2.33,5.8,6,3.7,3.5,-1.1,-1.39,6.45,4.7,0.12,8,,5,3.5,6,,8.67,3.44,2.8,3.5,5.5,4.48,2.41,,3.00,34,37,9,3,71,0.5086418502,0.594175636
Tulsa,Memphis,-10.5,-12.02,-11.13,-12.3,-14.57,-6.1,-7.31,-13.42,-14.3,-9,-9,-12,-11.8,-17,-9.89,-10.76,-14.35,-8.23,-11.72,-8.44,-18,-12.15,-11.21,-25.25,-12,-12.53,-10.72,-7.98,-10,,-13.2,-12,-11.11,-13,,-8,-11.18,-16,-10.5,-10,-17.35,-11.25,-16,-12.5,-12.03,-12.9,-14,-12,-10.5,-13.4,-15.44,-4.95,-29.35,-1.51,-12,,-5,-12.8,-16,,-13.18,-10.07,-11.2,-10.5,-4.5,-9.94,-10.27,,2.96,42,41,9,-1,83,0.4698879361,0.2339836248
UCLA,Arizona St.,-3,-5.16,-4.92,-2.81,-4.14,-6.54,-5.75,-2.39,-5.93,-3,-1,-4,-0.84,-8,-4.6,-7.12,-5.09,-5.87,-3.46,0.79,-10,-0.95,1.13,-12.84,-0.01,-7.16,-5.05,-0.28,-6,,-5.9,-3.5,-5.26,-5.39,,-3,0.39,-2,-2.5,1,-11.03,-2.24,3,-7.7,-4.81,0.3,-3,-5.7,-3,1.3,-5.04,-2.05,-23.41,-0.29,1,,4,-6.2,-3,,-6.31,-1.66,-2.7,-3.5,-1,-0.34,-6.03,,3.15,32,42,9,10,74,0.4886617648,0.4153506603
UNLV,San Diego St.,-13.5,-13.33,-15.15,-11.33,-16.94,-17.59,-12.8,-10.95,-13.6,-13,-14,-11,-11.25,-18.5,-12.71,-17.24,-20.06,-10.03,-12.87,-13.66,-13,-12.65,-10.13,-34.59,-10.51,-10.89,-15.51,-8.83,-18,,-13.3,-12.42,-13,-13.74,,-12,-11.53,-6,-11,-10,-22.17,-4.28,-6,-12.1,-17.79,-9.8,-13,-12.1,-13.5,-11.7,-12.35,-7.25,-25.21,-3.61,-5,,-18,-11.6,-8,,-6.76,-10.06,-11.6,-13.5,-15.5,-12.48,-13.4,,3.61,20,17,9,-3,37,0.5154340772,0.2146098861
UTEP,Louisiana Tech,-20.5,-21.97,-21.75,-22.54,-25.41,-15.02,-15.26,-20.08,-26.61,-14,-21,-19,-21.59,-29,-19.33,-21.84,-25.01,-12.42,-20.95,-24.05,-22,-22.45,-19.49,-31.38,-23.55,-19.86,-21.34,-14.19,-24,,-30.4,-21.47,-20.3,-22.94,,-17,-18.37,-19,-18.5,-23,-21.84,-16.74,-13,-22.6,-25.39,-19.3,-22,-18.4,-20.5,-22.4,-24.9,-14.6,-54.64,-41.98,-16,,-29,-23.1,-22,,-19.75,-21.07,-15.8,-20.5,-12,-27.59,-20.63,,4.14,42,21,9,-21,63,0.4890588819,0.100808023
Utah,California,21,16.93,15.96,17.8,21.2,26.24,16.77,18.83,19.83,16,14.5,11,21.36,16,17.22,13.06,14.41,12.74,17.78,17.3,13,20.65,15.55,21.84,21.38,12.26,17.79,17.77,14,,23.7,17.78,14.63,16.31,,18,17.09,22,19,18,16.47,17.93,22,20.2,18.25,20.3,20,19.4,20.5,23.4,28.95,17.75,-9.74,2.39,15,,13,20.2,21,,12.8,12.73,14,21.5,11,19.38,18.39,,3.73,0,35,9,35,35,0.421731336,0.8622220965
Western Mich.,Bowling Green,27.5,20.4,15.67,21.49,24.75,20.42,20,19.44,16,20,22,19,26.61,19.5,23.57,9.77,25.02,13.83,21.11,15.8,16,24.55,28.87,22.44,22.98,10.35,24.26,11.35,15,,35.7,21.39,21.22,19.21,,23,25.35,21,26,21,16.96,24.92,15,25.5,30.15,27,22,24.9,26.5,19.2,23.91,22.1,50.99,1.52,23,,8,25.8,25,,17.48,20.43,21.8,27,19,21.28,27,,5.45,10,49,9,39,59,0.3516966924,0.895772454
Wyoming,Nevada,14,15.08,13.37,12.8,23.5,17.66,16.59,20.93,14.92,16,13.5,13,26.02,13.5,18.01,6.56,18.17,10.1,15.48,13.75,14,22.65,15.54,17.09,18,5.4,20.56,7.64,12,,26.9,14.81,14.36,13.28,,17,18.65,16,13.5,11,15.85,10.71,2,13.7,29.56,19,13,13.5,14,19.3,21.53,12.5,39.33,1.5,15,,12,12.9,20,,14.29,10.03,14.7,14,12.5,12.19,21.98,,5.09,3,31,9,28,34,0.5353724095,0.8234547687
Air Force,Army,15.5,17.62,22.5,18.98,23.39,19.84,19.97,22.75,27.44,20,9.5,18,21.67,19,15.87,22.95,7.94,16.23,19.29,23.45,14,23.85,17.35,44.59,31.08,14.41,21.24,16.98,23,,23.2,18.99,15.74,17.19,,15,16.82,16,15.5,23,28.84,11.96,5,15.5,22.78,16.2,11,14.9,15.5,25.3,32.9,24.15,11.43,15.41,18,,19,13.5,22,,12,11.56,10.6,14.5,11,25.79,23.18,,5.42,13,17,10,4,30,0.5893708672,0.8749079667
Appalachian St.,Georgia Southern,15,19.46,21.34,21.28,17.3,17.74,16.33,16.93,21.66,19,15,21,23.68,22,18.26,20.07,19.28,16.21,18.99,22.84,19,20.75,17.56,36.47,19.66,10.93,19.24,15.45,20,,24.1,19.26,18.7,19.95,,18,16.36,22,18,18,24.42,11.57,-1,17.3,20.48,19.7,20,16.3,16,21.1,19,18.15,23.17,14.74,18,,23,16.9,22,,19.87,15.16,18.5,15,17.5,20.47,20.55,,2.97,24,21,10,-3,45,0.59756958,0.8801751535
Arizona,Oregon St.,5.5,4.36,3.68,3.29,-1.05,2.46,0.64,0.47,-0.55,3,15,6,1.21,9,3.87,5.01,11.4,2.53,4.19,-0.93,1,3.55,3.7,4.41,2.09,8.59,2.48,6.18,2,,7.4,3.69,4.25,5.45,,3,4.53,9,7,2,4.69,5.01,3,4.6,2.45,6.4,9,3.1,5.5,0.01,2.73,3.65,9.22,0.29,8,,-1,4.3,7,,2.69,5.46,4.8,5.5,11.5,2.14,-1.18,,3.39,56,38,10,-18,94,0.4678374783,0.6018502744
Arkansas,Mississippi St.,-7.5,-9.92,-8.33,-6.78,-4.63,-7.33,-4.98,-7.98,-9.09,-1,-9,-8,-8.4,-8,-9.07,-8.28,-11.52,-4.67,-8.41,-3.5,-8,-9.55,-7.8,-22.16,-11.01,-10.07,-5.48,-11.95,-10,,-8.9,-8.31,-11.39,-10.67,,-4,-8.95,-13,-7,-7,-14.06,-15.67,2,-15.8,-5.47,-8.7,-11,-7.3,-7.5,-3.3,-3.32,-5.85,3.42,-3.99,-10,,-4,-11.2,-8,,-17.81,-5.24,-4.8,-7.5,-3.5,-10.59,-8.26,,3.37,54,24,10,-30,78,0.4776396755,0.3021373858
Auburn,Mississippi,19.5,22.89,26.4,26.87,26.59,23.17,20.8,20.38,23.92,24,18.5,23,30.45,25.5,22.45,24.21,20.09,16,22.89,22.96,15,18.85,20.69,37.34,23.78,19.91,24.24,23.47,28,,20.5,23.01,22.56,23.01,,16,21.43,23,18.5,19,27.04,23.05,16,21.5,27.07,25.9,22,20.4,20,24.2,23.97,20.2,10.01,23.78,24,,26,21.3,27,,24.75,19.96,18.7,19.5,13.5,23.6,26.13,,3.29,14,20,10,6,34,0.5828130673,0.921003771
Baylor,West Va.,18.5,16.33,26.23,13.58,25.22,29.22,18.36,21.69,21.38,22,14,24,27.71,22.5,14.75,25.43,10.38,16.2,18.7,22.64,23,16.55,14.01,33.03,15.52,12.42,23.45,12.03,23,,34.2,18.33,11.66,16.71,,20,19.21,11,17,16,25.7,13.32,15,15.4,26.18,20.5,13,15.7,18.5,19.4,28.65,18.3,13.63,15.56,14,,23,14.9,15,,7.61,13.66,20.3,18,-3.5,21,22.3,,6.42,14,17,10,3,31,0.5046595037,0.8625991656
Bowling Green,Akron,5.5,10.69,17.81,16.05,10,6.53,9.65,15.55,17.93,10,9,17,15.01,19.5,7.8,19.31,3.53,18.99,10.3,21.25,7,12.85,9.86,6.66,11.94,5.48,10.5,10.6,19,,0.7,9.76,9.19,11.33,,1,7.94,9,6,13,5.84,6.11,9,7,8.94,9.9,9,5.7,6,11.5,6.4,4.2,11.23,30.17,6,,19,5.9,10,,7.73,7.06,6.8,6,2,11.36,12.32,,4.90,6,35,10,29,41,0.6136722705,0.7323507313
Central Florida,Houston,22,16.96,19.08,17.87,16.33,21.8,16.47,14.04,17.5,14,22.5,22,21.63,24,16.86,17.69,15.61,13.74,18.37,15.65,17,19.45,20.39,30.75,18.91,14.94,15.46,16.67,17,,26.3,18.09,19.3,16.94,,16,19.13,21,21.5,15,23.01,16.13,2,18.7,17.7,17.8,16,18.3,21,20,21.44,24.15,-1.38,3.91,19,,15,19.9,25,,24.94,18.45,15.6,22,8,19.85,19.88,,3.34,29,44,10,15,73,0.4114734471,0.8712548191
Central Mich.,Northern Ill.,-1.5,-1.94,5.6,1.13,-0.14,-0.14,0.26,-2.84,3.19,2,-3.5,5,-0.5,6.5,-4.74,8.88,-4.96,6.53,-0.84,5.79,3,-3.25,-2.78,3.25,-3.61,-0.81,-0.45,-0.32,3,,-1.3,-1,-1.48,-1.05,,0.01,-2.65,-3,2,-4,5.16,-8.21,3,-6.5,-2.88,-3.4,2,-5.5,-1.5,-0.8,-1.79,-0.95,6.67,1.32,-4,,-1,-7.2,-4,,-7.25,-0.74,-1,1.5,0.01,-5.87,-1.86,,3.75,10,48,10,38,58,0.5161377683,0.4794644947
Charlotte,Middle Tenn.,-3.5,-7.37,-1.11,-7.01,-8.06,-1.34,-3.29,-4.14,-9.48,-2,-4,-0.25,-5.15,0.5,-5.87,1.06,-8.8,-3.64,-4.47,-8.69,-2,-6.75,-4.69,-6.5,-6.42,-0.6,-3.73,0.56,1,,-0.8,-4.65,-4.86,-7.97,,0.01,-4.18,-6,-2.5,-5,-1.4,-8.45,1,-5.2,-5.49,-4.6,-3,-4,-3.5,-9.9,-7.55,-3.25,4.8,-1.15,-1,,-15,-5.2,-5,,-6.07,-2.14,-3.8,-3,-6,-3.43,-7.51,,3.25,20,34,10,14,54,0.4761324355,0.3913267205
Coastal Carolina,Troy St.,-1,0.36,7.73,1.15,10,3.27,4.21,2.54,2.42,7,8,7,9.64,4.5,1.38,6.7,-6.91,4.24,2.53,7.27,3,1.05,3.47,6.13,0.66,-3.34,8.98,-2.13,8,,5,2.9,3.47,-0.59,,5,3.83,-2,0,-2,5.15,-0.39,-4,-2.3,9.91,2.5,-4,-2.1,-0.5,0.7,7.73,5.75,-18.89,11.39,2,,8,-2.6,-2,,-6.34,0.96,7.2,-1,-10.5,-1.25,6.33,,4.67,35,36,10,1,71,0.5844675663,0.5607617864
Colorado St.,UNLV,7,5.24,7.56,5.03,8.06,11,3.88,6.78,6.81,11,10.5,8,8.33,9.5,5.11,7.15,3.85,5.47,6.73,7.3,4,9.55,6.97,7.22,9.9,1.04,7.9,5.93,5,,4.9,6.85,4.48,5.08,,8,7.28,10,9.5,6,6.08,0.95,0.45,5.1,9.06,5.7,4,6.5,7,10.3,14.75,10.95,-8.57,0.32,7,,1,4.3,9,,2.11,5.76,6.9,8,11.5,8.83,3.46,,2.92,17,37,10,20,54,0.4933271438,0.6616387436
Connecticut,Navy,-27.5,-26.93,-26.57,-29.12,-33.33,-30.27,-26.3,-25.4,-31.13,-20,-21,-24,-32.52,-25,-27.06,-23.36,-24.1,-13.5,-26.02,-27.93,-28,-30.35,-27.5,-46.59,-29.3,-17.76,-27.85,-16.26,-32,,-39.2,-26.28,-27.38,-26.25,,-23,-24.06,-25,-25.5,-27,-30.78,-7.94,-7,-22.6,-32.9,-25.3,-27,-19.8,-27.5,-25.3,-36.11,-25,-32.78,-14.54,-25,,-34,-20.7,-25,,-30.77,-21.54,-20.6,-27.5,-15,-30.46,-35.38,,5.97,56,10,10,-46,66,0.5347663349,0.0625061875
East Carolina,Cincinnati,-24,-25.6,-23.75,-28.31,-31.07,-18.84,-25.5,-22.69,-30.65,-18,-23.5,-18,-25.79,-18.5,-24.04,-22.64,-22.47,-12.72,-23.95,-27.67,-15,-26.45,-21.04,-48.22,-24.26,-17.58,-26.62,-22.43,-27,,-39.3,-24.15,-25.33,-25.86,,-20,-23.29,-22,-23,-25,-31.49,-25.69,-6,-25.2,-30.52,-23.5,-22,-21.8,-24,-26,-26.45,-17.95,-47.92,-22.8,-16,,-27,-24.6,-24,,-26.91,-21.04,-16.1,-23,-9,-26.17,-31.65,,5.19,46,43,10,-3,89,0.5011943914,0.0757750028
Eastern Mich.,Buffalo,-1,1.41,2.38,1.72,-0.14,-8.85,0.43,-8.03,-1.89,4,2.5,2,-0.01,2,1.04,3.71,0.61,0.63,-0.31,0.88,-3,-6.05,0.17,2.88,-3.37,-0.23,3.07,-2.29,3,,-1.7,0.41,1.44,2.16,,0.01,2.83,-2,1.5,-1,1.11,0.38,-16,-1.5,3.11,0.6,0.01,-1.1,-1,-8.5,-2.5,-0.5,13.11,1.2,1,,-2,-0.6,-3,,-1.18,2.76,3.8,1.5,4.5,-1.17,1.02,,2.95,43,14,10,-29,57,0.5170441382,0.4923406282
Florida,Georgia,-6.5,-0.77,2.81,-0.46,2.01,-5.1,-0.29,-2.62,3.56,2,3.5,-0.25,-2.37,5,-2.38,5.59,-6.75,5.41,-0.55,5.67,-1,-1,0.41,4.91,2.05,6.22,0.35,3.59,4,,-12,-0.62,-1.89,-0.46,,-6,-3.79,-5,-3.5,1,1.67,-6.96,-5,-3.8,-1.27,-5.1,-5,-4.5,-5.5,6.5,-3.98,-2.6,28.89,29.07,-3,,5,-3.5,1,,-1,-2.3,1.9,-6.5,-6.5,3.82,-1.83,,4.04,24,17,10,-7,41,0.6417930651,0.4866067294
Florida Intl.,Old Dominion,17.5,13.82,13.3,15.29,10.39,11.91,12.73,9.27,13.72,13,6.5,13,10.91,15.5,13.34,14.59,15.16,18.83,13.28,10.48,12,15.65,13.4,9.59,14.44,9.85,10.03,8.8,13,,18.7,13.32,12.81,14.15,,12,18.22,17,14.5,16,10.32,17.34,18,17.3,11.3,13.3,15,16.9,16.5,12.6,15.88,7.65,11.04,20.07,18,,16,17.4,16,,10.74,10.06,8.6,17,0.5,15.72,13.21,,3.49,17,24,10,7,41,0.3975674365,0.7930623893
Florida St.,Miami (Fla.),3,5.47,7.58,6.03,6.04,0.99,5.01,3.28,7.56,7,9,5,5.13,4.5,3.56,8.9,1.01,6.33,4.68,7.1,-1,9.15,4.38,11.59,6.64,2.9,6.33,7.41,8,,6.4,5,1,6.27,,3,4.24,3,4.5,5,8.09,7.96,-11,1.5,6,3,2,2.9,3,9.5,6.06,0.01,-13.07,1.04,3,,5,2.1,5,,0.32,4.05,0.2,3.5,-1,8.73,4.56,,2.75,27,10,10,-17,37,0.5415249024,0.6142768494
Georgia Tech,Pittsburgh,-7.5,-8,-9.85,-9.19,-9.05,-16.5,-9.07,-5.61,-10.02,-11,-15,-7,-8.6,-9,-8.34,-10.53,-6.53,-8.09,-8.54,-5.49,-11,-8.75,-5.67,-22.59,-6.74,-7.39,-6.87,-8.35,-11,,-8.7,-8,-7.94,-7.46,,-9,-6.91,-3,-8,-5,-16.34,-6.86,-13,-7.4,-9.79,-7.4,-7,-9.1,-7.5,-7.9,-6.86,-7.95,-17.15,-0.16,-4,,-6,-7.6,-6,,-8.96,-6.24,-8,-7.5,-1,-10.96,-10.48,,2.71,20,10,10,-10,30,0.4742550319,0.2979574884
Hawaii,Fresno St.,2.5,-0.78,10.91,-2.5,0.82,1.43,-0.54,3.2,5.88,6,1,12,4.16,12,-4.3,14.54,-8.15,6.71,2.99,8.64,6,0.85,2.86,16.53,1.99,7.59,6,6.11,10,,1.1,2.89,0.71,0.2,,3,2.91,-9,3,2,11.05,6.3,4,4.3,3.76,2.2,-4,6,2.5,0.2,-0.67,6.85,1.97,5.41,4,,3,5.4,1,,-10.9,-0.55,-2.8,2.5,1,-1.77,-0.75,,5.19,41,38,10,-3,79,0.5117022876,0.5710384429
Illinois,Rutgers,20,17.14,17.77,20.89,26.48,25.46,18.84,22.33,20.57,21,18,16,28.19,18.5,18.67,12.16,20.12,15.51,20.28,19.29,16,27.25,21.32,27.22,25.43,9.96,21.98,21.71,17,,32.2,20.17,17.24,15.69,,18,19.06,20,20,22,20.22,22.24,16,19.8,29.39,22.4,14,20.6,20,23.7,27.24,15.9,19.94,2.77,20,,21,19.3,22,,15.1,14.45,21.6,20.5,7.5,21.87,27.63,,4.84,10,38,10,28,48,0.5067300116,0.8891275969
Indiana,Northwestern,10.5,10.51,19.27,9.61,11.85,23.5,7.6,9.36,15.78,17,5,16,15.07,19,8.93,21.53,4.78,14.9,10.87,11.69,18,7.65,8.58,30.66,9.11,7.99,12.19,4.04,19,,10.7,9.49,9.33,10.6,,11,12.34,8,11.5,8,23.26,0.12,8,8,11.02,10.9,8,7.1,10.5,10.6,13.18,8.8,-3.74,3.86,9,,3,7.1,11,,0.79,7.46,5.6,12,3,12.74,7.75,,5.25,3,34,10,31,37,0.5088268082,0.7421749307
Kansas,Kansas St.,-5,-12.46,-12.33,-8.73,-9.58,-17.37,-9.5,-12.18,-13.03,-7,1,-12,-13.08,-10.5,-12.42,-11.93,-8.83,-6.91,-10.57,-8.13,-15,-8.65,-10.53,-28.44,-7.03,-7.69,-10.84,-9.46,-15,,-13.1,-10.9,-11.26,-12.42,,-5,-12.12,-9,-6.5,-11,-18.28,-10.98,-6,-11.7,-11.66,-10.9,-8,-10.9,-6.5,-7.2,-2.78,-13.9,-7.77,-4.24,-11,,-9,-12,-13,,-11.24,-8.54,-9.5,-5,-3,-9.32,-15.45,,3.31,38,10,10,-28,48,0.3656192546,0.2572626803
Louisiana-Lafayette,Texas St.,23,21.69,22.98,23.92,27.38,25.45,17.57,29.49,24.22,23,14,21,32.55,21.5,21.91,17.84,21.34,15.26,22.87,20.1,21,27.95,27.36,36.5,28.51,17.04,23.29,24.43,21,,22.7,22.65,21.65,21.2,,21,23.86,28,22,22,27.69,23.08,13,22.6,26.71,25.2,24,21.5,23,28.6,28.78,21.8,10.08,2.66,19,,17,22.1,26,,17.13,19.46,16.3,22,12.5,30.46,24.58,,4.30,3,31,10,28,34,0.4968464621,0.9178329873
Louisiana-Monroe,Arkansas St.,-2,-5.15,0.16,-0.49,-3.07,-0.69,-4.23,-4.25,-1.19,1,1,-0.25,-2.41,-2.5,-6.41,1.56,-3.91,0.54,-2.01,4.74,-4,-5.35,-2.52,-2.5,-4.94,-0.11,-0.88,-1.22,-2,,-0.01,-2.41,-3.94,-5.03,,-1,-3.39,-3,0,-2,-1.73,-0.57,5,-2.4,-2.85,-3.7,-3,-2.1,-2,-3.2,-3.2,3.7,-0.64,1.41,-2,,-1,-2.6,-7,,-4.16,-0.01,-0.2,-2.5,-4,-3.52,-6.62,,2.37,48,41,10,-7,89,0.4997514414,0.4501699995
Maryland,Michigan,-21.5,-20.01,-14.23,-14.17,-18.83,-13.04,-17.59,-17.25,-24.64,-16,-12,-15,-14.82,-18.5,-18,-13.9,-15.77,-10.06,-17.62,-16.12,-11,-25.65,-14.53,-32.03,-22.85,-13.07,-15.31,-18.64,-18,,-23.9,-17.42,-14.95,-20.55,,-16,-17.77,-18,-16.5,-21,-21.57,-23.09,-8,-18.7,-20.74,-16,-11,-16.4,-21,-22.4,-26.01,-13.35,-8.26,-3.8,-18,,-13,-17.1,-22,,-15.7,-10.55,-19.6,-21,-11.5,-24.18,-20.3,,4.08,38,7,10,-31,45,0.5935699022,0.1411688839
Massachusetts,Liberty,-23.5,-18.89,-20.9,-16.05,-24.08,-12.73,-20.21,-24.88,-21.84,-19,-13.5,-23,-30.24,-22,-21.03,-15.87,-11.38,-13.33,-19.65,-21.71,-23,-24.45,-23.83,-6.91,-21.7,-5.96,-19.61,-10.22,-22,,-33.6,-20.55,-20.93,-17.35,,-16,-19.05,-17,-21,-20,-5.32,-20.07,-8,-26.1,-25.01,-23.9,-18,-23.9,-23,-21.9,-33.92,-21.6,-5.34,-19.6,-21,,-23,-24.7,-24,,-19.9,-20.04,-19.7,-23,-4.5,-18.58,-28.64,,6.30,63,21,10,-42,84,0.5891756409,0.1249596472
Memphis,SMU,6,3.98,-0.38,4.01,3.75,-0.78,0.84,0.71,1.46,3,11,1,3.68,-1,3.92,-2.57,9.64,-0.11,3.34,2.71,-1,2.55,4.19,-1.34,2.23,-0.62,3.39,1.03,-1,,1.9,2.82,1.98,4.35,,2,2.92,7,3,1,1.08,3.24,5,1.3,4.62,5.2,7,2.1,5.5,4.4,11.77,1.05,15.85,-10.58,9,,5,2,10,,6.65,4.36,6.6,5.5,12.5,-0.18,1.31,,3.43,48,54,10,6,102,0.4349517321,0.5814678266
Nevada,New Mexico,3.5,8.46,10.97,11.8,3.49,4.82,5.52,0.22,11.9,8,6.5,10,0.54,13.5,4.66,16.59,4.68,11.74,7.06,10.14,1,1.55,3.36,15,3.12,14.94,6.18,10.7,10,,3.6,7.35,6.04,10.29,,1,2.08,10,6.5,10,11.09,8.7,5,8.8,0.85,3.6,9,7.4,3.5,4.5,-3.07,4.2,11.01,12.93,1,,9,8.7,6,,10.25,9.26,7.3,4,2,13.22,3.09,,4.37,10,21,10,11,31,0.5855870538,0.6659551835
North Carolina,Virginia,2,-0.01,3.33,2.02,3.11,1.2,3.83,2.63,0.01,4,-1,2,2.99,3,0.58,3.52,1.77,2.83,1.9,3.26,-2,5.85,1.71,1.84,3.01,1.91,2.26,3.97,4,,9.5,2.04,0.59,-0.45,,4,1,0.01,2,3,2.07,-6.39,-9,2.8,1.98,2.1,-1,1.6,2,1.5,6.02,5.6,11.39,0.34,-1,,2,1.8,-4,,-2.06,-0.01,3.8,2.5,7,3.61,2.82,,2.57,38,31,10,-7,69,0.4975192993,0.5470241937
North Texas,UTEP,23,22.2,18.32,25.24,24.24,17.19,19.19,14.87,20.85,18,18.5,21,26.57,23.5,22.65,13.89,28.25,16.7,20.53,20.21,13,19.65,22.42,12.19,18.58,14.11,23.24,15.38,18,,30.6,20.78,20.38,22.16,,18,23.45,22,21.5,18,10.9,21.33,17,23.9,27.3,24.4,22,19.5,23,16.9,27.62,20.7,8.3,31.19,24,,20,24.4,21,,17.74,24.96,21.2,23,11,18.66,24.8,,4.36,26,52,10,26,78,0.4403644074,0.8938266032
Notre Dame,Virginia Tech,17.5,20.06,18.18,19.84,19.55,16.74,22.15,19.36,16.99,15,20,20,29.45,17.5,23.03,12.1,21.93,12.25,19.19,13.24,12,22.35,19.37,26.63,16.8,11.59,21.88,15.04,19,,23.9,19.36,21.39,18.69,,18,22.23,19,17,14,19.71,20.81,8,18.5,27.79,24.7,22,17.4,17.5,13.4,24.52,27.6,20.02,2.33,20,,18,19.2,20,,25,16.96,13.9,17.5,7.5,15.47,28.84,,4.62,20,21,10,1,41,0.5407052466,0.8770986114
Oklahoma St.,TCU,2.5,5.21,5.32,3.3,2.01,-5.07,4.67,-0.15,4.93,8,-2,6,4.62,8.5,5.72,5.7,-0.96,5.26,3.83,6.33,1,4.85,4.09,7.13,5.59,1.55,4.52,9.81,3,,-2.6,4.65,4.01,4.96,,0.01,3.59,6,4,4,5.63,2.87,-12,4.7,3.74,2.9,2,3.5,2.5,6.1,3.29,1.35,1.44,1.11,5,,3,5.7,7,,5.83,3.56,6.4,3,8,6.51,4.12,,2.83,27,34,10,7,61,0.5328697908,0.5938788299
Purdue,Nebraska,-3.5,-2,-1.5,2.86,1.93,1.97,1.64,4.3,-2.88,1,5.5,-0.25,1.58,-2,0.97,-3.15,3.15,-2.13,0.85,1.15,-4,5.85,2.18,-7,3.69,-2.3,0.44,-0.34,-2,,4,1.17,1.18,-3.66,,-1,1.07,7,-2,1,-4.23,4.15,-7,3.7,0.61,1.2,5,2.6,-2.5,4.5,-4.28,0.1,-3.25,-1.51,3,,2,3.5,6,,-3.73,-0.64,3.1,-3,-3,5.4,1.71,,2.97,27,31,10,4,58,0.6061658081,0.5209864724
Rice,Marshall,-11.5,-14,-14.95,-13.57,-8.82,-11.63,-5.82,-6.74,-17.31,-9,-4.5,-14,-8.27,-17.5,-10.26,-18.54,-13.09,-13.29,-10.9,-9.43,-13,-6.55,-9.44,-22.78,-10.14,-15.26,-8.16,-12.7,-13,,-12.2,-10,-9.79,-15.87,,-3,-9.66,-10,-10,-15,-15.16,-12.75,-15,-10,-7,-9.2,-11,-6.7,-11.5,-9.9,-10.86,-5,-15.72,-31.74,-7,,-9,-8.4,-10,,-10,-9.54,-7.6,-10.5,-7,-15.15,-8.28,,3.36,20,7,10,-13,27,0.5147492635,0.2508582286
San Jose St.,Boise St.,-17,-20.9,-13.72,-16.44,-13.89,-13.31,-14.66,-11.95,-17.63,-7,-16.5,-15,-14.91,-15,-20.57,-13.08,-21.39,-9.32,-16.5,-12.11,-14,-19.95,-19.52,-33.31,-21.37,-12.07,-13.13,-12.31,-18,,-18.9,-16.27,-16.76,-21.66,,-10,-18.39,-18,-16.5,-16,-22.55,-17.71,-19,-16.7,-14.27,-17.7,-22,-13.8,-17,-13.4,-14.85,-20.55,-18.69,-4.04,-20,,-16,-16.1,-17,,-19.69,-15.04,-13.4,-17.5,-13,-12.16,-19.14,,3.44,52,42,10,-10,94,0.512277997,0.1548669056
South Carolina,Vanderbilt,15.5,15.21,15.04,17.79,17.75,21.58,14.82,17.3,14.93,11,12,15,23.63,14.5,16.09,10.42,12.31,12.78,16.08,17.78,11,19.35,17.9,28.13,18.83,8.26,15.99,12.58,16,,16.1,16.05,14.33,14.8,,11,17.13,14,14,14,18.44,16.58,18,18.1,19.38,19.5,19,16.9,15.5,15.1,22.14,22.5,24.17,3.1,18,,16,17.4,18,,8.89,12.66,14.2,16,7.5,12.58,19.08,,3.60,7,24,10,17,31,0.5142128022,0.8384028716
Syracuse,Boston College,3,3.22,0.61,2.48,-0.51,1.81,3.11,-2.11,0.01,3,-3,1,5.35,1,3.76,-1.94,2.42,-1.88,2,-0.37,-3,4.65,3.88,-7.31,4.22,1.24,1.56,6.35,-1,,-1.3,1.88,1.41,3.43,,0.01,3.84,6,2,1,-2.8,10.38,-2,5.7,3.27,5.5,4,6.3,3,-2.2,-0.17,1.95,11.89,-0.15,4,,-1,6.6,5,,7.15,2.46,4.8,3.5,0.5,1.18,1.26,,2.97,58,27,10,-31,85,0.4753135792,0.5492784055
Tennessee,UAB,13.5,14.35,5.01,12.52,8.07,3.45,13.25,9.51,15.96,1,6.5,3,14.8,1.5,15.93,-0.26,8.82,7.19,10.78,11.18,-8,17.45,17.2,15.34,15.61,-1.84,6.83,9.97,6,,1.8,11.09,11.49,13.13,,0.01,17.2,11,10,20,5.07,24.39,1,20.2,9.61,15.6,6,20,13.5,14.7,16.36,13.85,-0.39,10.87,14,,13,22.4,17,,7.3,7.16,11,10.5,1,9.67,20.07,,6.82,7,30,10,23,37,0.4374525481,0.7336653675
Texas A&M,Texas-San Antonio,38.5,38.6,27.67,36.97,38.13,27.75,32.12,32.58,37.11,25,39,24,42.04,27,40.67,19.93,39.61,18.4,35.5,31.45,17,43.15,35.93,50.19,39.78,21.08,34.77,29.84,29,,39.7,37.16,37.57,37.6,,26,38.68,43,38,40,34.08,42.7,18,43.9,42.64,42.5,37,40.6,38.5,35.6,43.7,37.2,53.7,32.76,37,,33,44.8,41,,47.93,30.95,34.3,38.5,21.5,39.73,44.49,,7.57,14,45,10,31,59,0.4322731126,0.9782380583
Tulane,Tulsa,10,9.93,10.56,9.77,8.29,10.97,7.64,12.05,9.83,12,8,12,12.47,13.5,10.26,9.54,10.06,9.04,9.76,5.83,11,9.05,13.64,15.94,8.32,15.48,9.03,9.73,9,,7.7,9.82,9.31,9.8,,8,11.35,12,9,8,14.2,12.16,8,10.1,10.29,12.5,12,10.8,10,5.6,9.79,7.35,11.92,0.48,11,,7,10.9,10,,6.4,6.46,6.5,10,-0.5,10.1,8.07,,2.65,26,38,10,12,64,0.4940511667,0.7278833933
UCLA,Colorado,6.5,7.04,6.4,6.33,8.88,5.93,5.87,7.51,11.54,9,8,8,8.44,7.5,6.74,5.3,3.04,4.84,7.67,8.57,1,10.55,7.97,11.78,10.94,1.87,6.56,9.85,5,,9.8,7.94,4.49,6.52,,4,9.01,8,4,11,9.07,10.39,13,7.6,8.16,7.9,6,7.8,6.5,12.8,8.84,4.9,-1.63,1.2,11,,6,7.9,10,,8.97,5.26,8.1,6.5,-5.5,12.71,7.1,,3.09,14,31,10,17,45,0.5288381059,0.6823538094
USC,Oregon,-4,-6.43,-4.2,-1.6,-3.45,-17.29,-5.01,-6.38,-6.37,-2,-4.5,-6,-4.05,-7.5,-6.59,-4.27,-1.38,-4.68,-4.7,-1.32,-10,-6.55,-7.34,-6.88,-4.05,-3.74,-4.48,-0.12,-6,,-2.1,-4.73,-6.24,-6.34,,-5,-4.79,0.01,-4.5,-3,-3.24,-9.23,-10,-6.6,-6.94,-3.4,-2,-5.2,-4,-1,-2.47,-7.4,-6.74,-10.35,-2,,-3,-5.7,-6,,-9.14,-2.84,-1.8,-4.5,9.5,-6.45,-9.17,,3.57,56,24,10,-32,80,0.4828411483,0.3863380131
Utah St.,BYU,3,5.87,7.49,9.47,3.93,5.69,3.61,5.23,5.79,7,6,6,6.61,8,5.47,7.96,6.02,7.94,5.63,6.31,7,3.35,3.88,11.84,5.17,6.61,4.85,7.49,8,,0.7,5.83,7.54,6.14,,2,0.12,7,4.5,3,8.95,0.2,17,5.2,3.45,3.8,9,3.6,3.5,3.3,0.82,0.9,10.52,2.03,6,,7,4.4,8,,8.13,5.75,0.6,3.5,2.5,9.26,3.95,,2.49,42,14,10,-28,56,0.5650073344,0.6369736293
Wake Forest,NC St.,7.5,9.23,15.99,9.77,13.29,11.92,15.67,13.36,15.45,11,15.5,14,12.11,13.5,8.63,18.07,2.18,13.26,11.21,11.49,9,15.25,6.76,26.91,12.98,8.25,12.99,6.44,18,,20.2,11.04,9.22,8.53,,11,8.95,5,7.5,10,20.22,4.67,3,6.4,12.71,8,6,5.9,8,12.4,14.15,10.3,20.65,3.09,9,,14,6.2,16,,4.58,6.06,10.3,7.5,2,11.08,17.6,,4.35,10,44,10,34,54,0.5891681031,0.7520886626
Washington,Utah,-3,-0.37,-3.76,0.41,-7.3,-14.37,-1.42,-3.02,-3.55,-2,4,-6,-4.42,-7.5,0.39,-3.41,-3.1,-4.33,-2.98,-3.5,-5,-1.85,1.39,-5.59,0.28,-2.51,-4.53,0.29,-3,,-14.7,-3.01,-2.2,-0.3,,-6,1,0.01,-1,0.01,-2.08,-0.8,-4,-6.2,-4.54,-1.5,-1,-5.7,-3,-4.8,-11.08,-4.25,1.28,-0.54,-4,,-3,-6.3,-1,,4.14,-0.44,-3.1,-3.5,4.5,-1.26,-3.4,,3.72,33,28,10,-5,61,0.5004893719,0.4274875256
Western Kentucky,Florida Atlantic,1.5,-4.8,-4.43,-5.05,-5.36,0.9,-3.82,-6.34,-2.63,-9,-0.5,-1,-10.07,-4,-6.09,-1.4,-5.46,-1.22,-2.78,-0.1,-2,-2.25,-3.87,-10.25,-0.64,3.03,-3.23,1.15,-3,,0.5,-2.81,-5.18,-4.36,,1,-2.41,-3,3,1,-3.22,-2.44,-3,-0.8,-5.92,-7.1,-2,-0.3,0.5,-0.7,-3.17,2.15,-9.81,0.16,-1,,-3,-1.5,-2,,-8.48,-1.04,-5.7,2.5,8.5,1.41,-8.8,,3.38,35,24,10,-11,59,0.3960056664,0.4320011834
Alabama,LSU,5.5,7.37,0.77,8.83,4.17,2.68,4.74,-0.46,4.15,4,3.5,5,5.83,2.5,7.69,-1.96,10.36,4.49,5.41,10.31,-1,4.45,6.69,2.03,4.6,-4.24,2.84,0.2,1,,11.5,5.28,7.09,7.66,,3,8,8,6,8,3.01,0.38,5,9.9,5.21,8.8,8,8.4,5.5,2.5,5.36,0.45,18.67,-1.08,8,,11,9.2,8,,6.46,6.06,9.4,6.5,14,1.26,7.21,,4.02,46,41,11,-5,87,0.4978074874,0.629436454
Arizona St.,USC,-1.5,-1.44,-0.29,-0.15,2.49,4.03,0.01,-5.35,-2.61,5,-5,-0.25,-1.39,-1.5,-1.25,0.29,2.56,0.82,-0.82,-0.35,-1,-2.55,0.01,-3.5,-4.23,1.47,2.34,-4.23,-3,,-5.8,-1.04,-1.08,-1.37,,0.01,-1.16,-1,-1,-4,-0.19,2.23,-4,3.1,0.6,-2.6,-2,1.8,-1.5,1.3,4.78,-1.8,-4.97,-0.39,-4,,3,2.9,-2,,-1.74,-0.84,1.7,1.5,-5.5,-7.34,-1.19,,2.77,31,26,11,-5,57,0.5168295763,0.4797082453
Arkansas,Western Kentucky,1,3.8,-2.62,3.91,-1.59,-12.44,3.8,-3.23,-1.49,3,4.5,-3,1.14,-6.5,4.42,-4.65,1.11,-0.84,0.17,2.02,-9,0.55,6.42,-3.69,-1.92,-9.66,-0.72,-6.57,-6,,-13.5,1.05,2.33,4.28,,-4,4.37,1,2.5,0.01,-5.3,5.61,10,3.9,0.95,4.7,3,5.1,1,-2.9,3.29,2.2,-8.09,-0.83,2,,2,5.8,-1,,-0.92,4.46,3.7,1,-1.5,-4.37,3.97,,4.90,45,19,11,-26,64,0.4800758159,0.5040824837
Army,Massachusetts,34,33.35,28.94,37.7,44.86,23.65,33.9,37.87,30.04,31,38,31,48.61,31,38.22,18.34,29.73,19.45,33.29,35.6,21,42.75,33.8,15.66,33.46,12.66,38.13,22.22,32,,52.6,33.8,32.92,31.21,,32,33.14,,35.5,35,13.62,30.51,13,39.1,48.25,42.1,36,36.9,34,39.7,45.42,35.75,39.2,10.44,38,,31,38.5,44,,38.63,28.36,40.1,34.5,15,27.52,44.22,,9.20,7,63,11,56,70,0.4845674693,0.96517837
BYU,Liberty,17,18.18,13.94,21.71,18.95,7.32,18.36,15.6,20.74,11,19,13,18.3,10,17.7,11.59,16.88,10.68,16.96,19.47,-1,22.05,19.03,31.81,21.99,10.38,18.58,15.45,17,,12.1,17.94,13.76,18.08,,10,18.62,20,18,22,20.25,15.49,3,17.4,21.59,17.6,18,15.9,17,21,17.87,22.8,20.58,3.52,19,,19,17.2,13,,18.17,16.26,17.4,17,10.5,19.08,21.95,,4.47,24,31,11,7,55,0.4990323363,0.8481295032
Boise St.,Wyoming,15.5,12.76,12.58,12.97,9.03,9.5,9.12,6.8,11.65,10,12,11,13.07,14,11.85,12.33,9.78,8.33,11.29,9.88,7,12.65,12.46,18.47,8.64,9.72,10.48,12.5,15,,8.1,11.75,10.27,13.54,,9,12.02,11,11.5,12,13.53,12.51,14,9.6,10.48,14.9,14,7.7,14,8.5,11.95,17.95,30.06,2.2,12,,9,9.9,13,,6.18,9.66,11.9,13,8.5,9.18,12.77,,2.30,17,20,11,3,37,0.3964840289,0.7592329668
Boston College,Florida St.,2.5,-0.43,1.9,3.57,4.44,2.66,2.04,4.89,4.37,6,2,3,0.92,3.5,-0.88,2.41,1.99,3.33,2.37,5.04,2,4.25,-0.14,2.38,6.46,3.28,1.95,3.29,1,,-1.3,2.21,2.7,-1.01,,0.01,-1.2,9,-1,3,3.57,0.59,-0.4,3,1.26,0.4,2,2.4,2.5,12,2.65,1.95,-6.48,-0.15,1,,-1,2.6,7,,1.59,-0.33,-0.9,2,-0.5,4.86,-0.17,,2.55,38,31,11,-7,69,0.4967744764,0.5585921694
California,Washington St.,-7.5,-4.15,0.7,-5.08,-5.91,-2.13,-2.44,-4.02,-3.46,-1,-6,-0.25,-7.73,0.01,-6.4,5.24,-6.63,0.39,-4.62,-3.15,-7,-4.85,-3.54,-0.78,-7.01,-0.54,-2.31,-6.81,3,,-9.9,-4.92,-4.37,-3,,-5,-5.4,-8,-7,-8,0.56,-9.95,-13,-7.3,-0.5,-7.3,-6,-6.7,-7.5,-9.3,-9.22,-4.75,-8.68,0.85,-4,,-8,-7.1,-8,,-7.85,-2.54,-2.8,-7.5,-4.5,-6.67,-5.99,,3.34,20,33,11,13,53,0.5704567066,0.3878990789
Cincinnati,Connecticut,35,36.53,35.69,37.22,35.14,33.59,31.96,30.07,40.3,32,35,32,38.46,33.5,35.13,34.18,38.59,19.56,34.64,31.86,22,39.95,36.89,55.75,39.5,29.17,34.09,33.09,36,,42.5,35.85,36.38,36.9,,25,36.21,39,34.5,39,40.04,34.43,12,40.2,38.62,36.9,37,34.5,35,31,37.61,24.75,44.5,24.03,29,,30,38.8,39,,38.32,27.86,29.4,35,21.5,41.86,37.41,,5.04,3,48,11,45,51,0.491377017,0.9812357694
Coastal Carolina,Louisiana-Lafayette,-14,-12.11,-12.2,-12.92,-14.48,-11.89,-9.62,-13.55,-14.63,-7,2,-12,-16.85,-11,-12.19,-9.69,-13.76,-7.89,-11.92,-11.79,-11,-14.45,-12.34,-27.19,-14.98,-6.27,-12.23,-6.27,-12,,-12.2,-12,-10.6,-11.72,,-5,-10.72,-12,-11.5,-12,-17.15,-9.75,,-12.1,-13.16,-13.4,-12,-10.7,-13.5,-14,-20.83,-14.2,-33.69,-2.46,-10,,-11,-11.7,-14,,-14.46,-10.64,-6.6,-14,-5,-14.29,-15.04,,3.52,48,7,11,-41,55,0.5508971942,0.2317400866
Colorado,Stanford,-3.5,-5.25,-3.09,-4.99,-2.93,-0.51,-1.36,-5.39,-5.27,1,-6.5,-2,-2.68,-2.5,-4.31,-3.31,-3.98,-1.66,-4.08,-1.38,-3,-8.85,-3.62,-12.81,-5.02,-1.88,-1.38,-4.01,-4,,1.4,-3.99,-4.21,-5.86,,0.01,-3.63,-5,-3.5,-5,-7.5,-9.03,-11,-5.6,-2.33,-3,-4,-5.1,-3.5,-3.1,-3.03,-0.01,11.1,-0.99,-3,,-4,-5.5,-4,,-10.36,-2.44,-2.9,-3.5,0.5,-10.18,-4.5,,2.45,13,16,11,3,29,0.485597506,0.3997431565
Duke,Notre Dame,-7.5,-9.15,-8.32,-4.35,-0.64,-5.96,-5.01,1.33,-11.09,-1,-3.5,-9,-5.6,-8.5,-8.65,-9.79,-14.65,-2.89,-6.31,-0.89,-11,-3.95,-6.08,-14.91,-4.89,-8.5,-2.52,-9.15,-11,,-7.7,-6.57,-7.75,-9.13,,-2,-8.14,0.01,-5.5,-9,-9.74,-6.64,-6,-7.3,-3.87,-7.8,-5,-6.5,-7.5,-0.2,-6.49,-8.8,0.01,-1.74,-5,,-9,-7.7,-1,,-8.71,-4.33,-4.4,-8,-3.5,-8.57,-7.86,,3.33,38,7,11,-31,45,0.5292414821,0.3486342477
Florida,Vanderbilt,27,28.21,29.51,33.29,34.49,38.3,27.4,29.4,32.01,26,33,24,33.53,28,26.49,27.34,26.47,18.37,28.83,29.83,23,33.25,25.76,51.03,31.32,23.16,30.42,26.35,31,,29.3,28.58,27.61,28.66,,23,29.33,26,24,28,36.38,22.78,20,29.3,34.91,30.2,29,26.9,27,29.9,32.11,27.75,47.84,5.63,28,,26,28.5,33,,27.09,26.36,23.4,26.5,13,28.9,33.73,,4.34,0,56,11,56,56,0.5442699896,0.9600968142
Florida Atlantic,Florida Intl.,10.5,14.65,17.46,16.99,23.62,12.24,14.73,16.91,17.94,20,16,16,24.25,18,15.54,13.81,12.93,12.43,15.45,18.62,5,17.35,11.83,29.13,18.15,12.9,20.78,16.91,19,,17.7,15.77,13.68,13.59,,11,12.06,15,10,14,21.28,8.46,-2,10.9,23.51,18.6,15,9.5,11.5,22.9,16.6,7.25,13.97,3.2,12,,14,9.4,21,,11.76,10.06,17.3,10,3,18.69,20.09,,4.51,7,37,11,30,44,0.617892651,0.8254174668
Fresno St.,Utah St.,5.5,1.66,-1.79,3.3,6.81,7.57,3.27,1.93,2.51,6,-2.5,-0.25,0.78,1,2.34,-3.18,3.39,2.34,1.99,2.62,-2,5.05,0.88,-5.66,2.5,0.85,3.29,-3.96,-3,,11.8,1.97,0.59,1.1,,6,3.73,4,3,-1,-1.81,1.24,-1,-1.2,6.61,3.1,2,0.9,4.5,8,11.38,-0.3,-4.67,-1.07,3,,4,-1,-4,,0.99,0.01,4.3,5.5,3.5,0.49,3.02,,3.42,37,35,11,-2,72,0.4144393059,0.548764679
Georgia,Missouri,16.5,15.96,18.47,20.87,18.49,17.22,10.51,19.5,22.76,16,31.5,16,18.71,18,12.45,18.34,18.96,12.84,17.58,19.49,10,19.25,13.23,25.56,17.36,15.88,17.84,19.37,19,,21.1,18.05,14.85,16.63,,14,16.29,17,16.5,22,18.35,15.96,8,18.6,20.4,19.2,18,18.6,16.5,23.9,19.24,13.2,35.92,4.1,17,,19,18.1,20,,8.84,12.96,13.2,16.5,13.5,20.8,17.16,,3.67,0,27,11,27,27,0.5264240843,0.8596958764
Hawaii,San Jose St.,8,9.9,8.64,6.33,5.34,4.82,7.85,5.85,7.35,6,11.5,12,7.44,11.5,9.41,9.28,7.13,8.97,9.09,6.39,4,12.35,10.31,17.44,11.99,8.48,8.3,3.15,10,,10.2,9.26,9.23,10.6,,7,11.52,4,7,5,13.63,14.64,13,11.1,9.45,10.5,12,11.5,8,3,6.02,15.05,7.06,2.17,19,,6,12,7,,10.53,6.26,5.3,7.5,7.5,1.15,10.73,,3.43,40,42,11,2,82,0.526755709,0.7121643064
Kentucky,Tennessee,1.5,1.66,2.88,4.78,0.22,2.18,0.84,2.55,-0.39,5,4.5,3,1.51,3,0.68,3.62,7.57,0.65,2.63,-1.11,-1,3.25,5.78,3.25,2.56,4.36,3.83,-2.38,1,,1.9,2.58,4.75,2.54,,2,2.52,9,2.5,-1,4.4,4.39,6,2,3.49,2.9,4,1,1.5,-1.3,-1.58,4.1,-6.7,0.58,3,,-2,2.2,6,,8.2,3.36,2.6,1,1.5,0.12,0.93,,2.55,17,13,11,-4,30,0.5280165763,0.5649705204
Louisiana Tech,North Texas,5.5,7.42,13.67,7.24,6.16,8.31,5.36,7.94,13.24,12,11,15,4.95,16.5,4.37,18.36,5.24,9.44,8.96,11,8,9.35,8.24,22.56,10.39,15.5,7.65,8.36,12,,16.4,8.12,6.33,8.41,,7,6.16,9,6,10,18.69,4.73,-1,6.2,7.39,5.3,8,7.1,6,11.6,5.91,6.6,11.4,3.97,2,,6,6.4,10,,9.07,5.66,3.4,5.5,9,13.14,3.91,,3.86,17,52,11,35,69,0.5838605906,0.7082996073
Louisiana-Monroe,Georgia St.,-2.5,-5.94,-6.18,-1.46,-6.87,-5.29,-6.39,-6.12,-10.05,-8,-11,-7,-5.14,-7.5,-5.53,-6.76,-4,-3.95,-4.75,-2.56,-10,-7.75,-3.18,-12.72,-5.8,-7.65,-4.77,-5.89,-6,,-5.5,-5.4,-5.8,-5.61,,-5,-5.15,-1,-2.5,-7,-10.3,1.64,8,-4.3,-5.29,-2.2,-1,-5,-3,-8.2,-2.59,-1.85,-1.11,-0.63,-2,,-2,-4.1,-7,,-0.35,-0.34,-3,-2.5,7,-8.24,-6.6,,3.19,31,45,11,14,76,0.4447429935,0.3846278159
Miami (Fla.),Louisville,7,6.4,0.43,5.37,6.87,7.31,4.77,3.83,3.47,7,7,4,7.05,5,7.59,-3.12,10.75,4.05,6.61,5.49,1,6.75,5.2,-0.88,8.99,3.41,4.45,4.45,-1,,4.2,6.53,6.86,6.09,,6,8.16,13,5,6,2.03,7.73,16,11.8,7.18,10.7,12,10.4,7,6.7,6.65,4.05,5.03,-0.48,9,,1,10.7,13,,14.34,5.16,9.8,6.5,14.5,5.21,4.29,,3.66,27,52,11,25,79,0.4904505802,0.6575322918
Michigan St.,Illinois,14.5,16.93,10.14,14.31,10.03,7.26,15.31,7.9,11.22,9,13.5,8,15.85,6.5,18.27,7.06,12.05,8.09,11.47,8.32,-1,8.45,17.63,19.13,6.45,10.51,14.47,5.05,13,,15.8,12.07,12.36,16.98,,12,16.6,11,11,6,12.98,12.01,2,13.9,17.29,16.4,16,12.1,14.5,-1.8,16.66,14.95,9.74,1.65,12,,5,14,6,,14.75,13.76,12.3,14.5,6.5,1.68,15.62,,4.73,37,34,11,-3,71,0.427431659,0.7556655618
Minnesota,Penn St.,-6,-11.76,-6.56,-8.77,-5.97,-8.21,-8.99,-10.71,-11.36,-1,-8,-11,-16.23,-10,-13.01,-1.37,-9.6,-3.3,-7.35,-8.87,-9,-9.85,-9.25,-3.78,-9.15,-6.44,-7.17,-6.57,-9,,1.8,-7.78,-11.88,-11.04,,-3,-8.96,-8,-6,-3,-0.2,-4.73,-14,-4.5,-10.24,-12.2,-10,-3.1,-6,-2.2,-6.9,-7.55,-16.27,-1.65,-9,,-7,-3.9,-2,,-4.95,-5.04,-6.2,-7,-4,-5.07,-14.01,,3.64,26,31,11,5,57,0.4669696103,0.3258908063
Mississippi,New Mexico St.,28.5,28.39,22.72,29.19,28.15,26.94,26.02,31.25,27.23,22,33,24,31.14,24,29.18,18.19,31.97,19.5,27.47,23.72,17,36.65,29.16,28.41,34.97,12.27,27.58,24.81,22,,26.3,28.16,27.78,28.17,,21,29.29,34,28.5,36,20.98,32.02,19,32.9,30.71,29.2,26,30,28.5,35.1,26.47,29.75,25.77,20.87,24,,25,33,33,,26.35,26.36,29.3,28.5,11.5,34.46,33.29,,5.79,3,41,11,38,44,0.4756969783,0.9479933029
NC St.,Clemson,-34,-27.95,-24.63,-31.25,-35.9,-27.22,-26.17,-37.55,-32.55,-23,-43,-25,-31.72,-28,-28.49,-20.81,-30.55,-12.08,-29.74,-25.13,-24,-39.25,-27.49,-38.88,-38.92,-15.13,-27.69,-21.21,-26,,-42.2,-28.57,-28.87,-26.82,,-26,-30.85,-31,-30,-34,-25.84,-23.9,-28,-36.9,-34.49,-29.9,-27,-33.8,-33.5,-40,-40.19,-16.55,-18.97,-13.54,-28,,-29,-35.7,-39,,-28.64,-22.64,-27.5,-32,-19,-38.09,-36.51,,7.13,55,10,11,-45,65,0.5966938528,0.0437260493
Northwestern,Purdue,2,0.8,-2.64,1.27,-1.93,-7.68,-0.38,-6.18,-1.32,1,0.5,-5,0.69,-4,0.23,-4.43,-3.6,-4.19,-0.69,1.2,-7,-3.35,1.43,-7.84,-2.39,3.44,0.96,2.3,-3,,-1.9,-0.29,-1,1.5,,0.01,-1.28,0.01,-2,-2,-3.93,6.79,-5,0.7,1.7,1.5,-1,0.5,2,-2.9,-1.06,3.6,0.83,-0.34,-1,,1,1.5,-2,,6.12,0.36,1.3,2.5,4.5,-1.22,-0.2,,2.99,24,22,11,-2,46,0.4338692671,0.4829638386
Ohio,Miami (Ohio),7,4.84,1.76,4.56,3.75,11.07,3.09,5.4,3.89,6,7,4,5.14,4.5,5.72,-0.01,7.73,2.44,5.71,4.66,3,9.05,5.95,2.63,6.14,1.68,3.28,2.65,1,,7.9,5.76,4.39,4.42,,7,7.21,12,6.5,9,2.35,8.33,,7.5,6.83,7,7,7.8,7,6.7,6.25,1.85,-2.72,0.02,12,,3,7.4,10,,6.55,5.76,8.7,7,10,2.69,5.29,,2.81,24,21,11,-3,45,0.4681112419,0.6384020288
Ohio St.,Maryland,42,42.12,39.65,39.79,48.35,55.41,43.48,39.44,46.58,44,34,40,51.82,40.5,43.6,33.09,43.37,18.97,42.11,44.43,30,52.85,44.38,45.53,49.46,26.47,44.69,36.83,42,,59.8,42.57,40.63,40.66,,42,41.58,45,42,39,34.5,42.54,16,44.9,57.82,44.6,38,42.6,42,44,55.09,40.4,58.51,22.85,38,,52,42.4,49,,37.2,27.86,44.3,43,20.5,50.15,52.8,,8.41,14,73,11,59,87,0.5024430656,0.9904695713
Oklahoma,Iowa St.,14.5,12.39,12.19,10.27,10.72,10.05,8.72,9.9,10.51,11,1,14,14.24,16.5,12.61,11.1,12.56,8.06,11.21,7.4,8,11.05,15.7,11.34,13.37,12.34,8.91,12.23,11,,12.4,11.15,12.32,12.65,,8,12.86,16,13,12,9.5,8.95,9,11.2,10.3,14.4,12,10.3,13.5,8.1,10.66,7.35,12.58,2.08,10,,10,11.8,12,,12.1,9.56,10,14.5,18,11.87,12.64,,2.62,41,42,11,1,83,0.4189867048,0.7570189587
Old Dominion,Texas-San Antonio,3.5,0.73,-1.24,2.05,5.57,3.5,1.25,0.34,-3.01,3,1.5,-2,5.31,-1,3.26,-4.78,3.22,-11.8,2.3,2.38,-3,0.25,5.27,1.56,-0.94,-0.87,6.9,2.58,1,,13.5,2.01,1.68,-0.28,,6,2.45,6,3.5,-1,1.68,2.3,-3,0.9,9.95,5.8,5,-1.1,3.5,-1,2.02,7.25,15.64,0.39,2,,1,0.7,4,,8.2,4.86,6.9,3.5,14,-2.93,3.36,,4.23,24,23,11,-1,47,0.4708836471,0.5556740251
Oregon St.,Washington,-10.5,-12.34,-3.32,-9.37,-8.47,-2.2,-8.98,-9.51,-4.82,1,-20,-5,-8.54,-6.5,-15.03,-0.52,-20.06,-3.67,-9.39,-2.17,-9,-14.05,-12.94,-9.13,-13.16,-2.2,-6.58,-6.23,-6,,-12.7,-9.13,-11.18,-12.01,,-6,-12.53,-16,-9.5,-7,-7.28,-11.82,-7,-12.9,-10.46,-12.4,-13,-10.2,-10.5,-6.6,-8.17,-7.65,-31.9,0.03,-11,,-7,-11.6,-12,,-19.22,-9.14,-9,-10,-15.5,-6.74,-11,,4.66,19,7,11,-12,26,0.5267472591,0.285155433
SMU,East Carolina,21,24.34,28.02,24.33,28.25,23.19,24.01,22.21,30.05,27,15.5,29,25.74,33.5,22.27,29.24,24.96,17.32,24.88,26.42,22,21.95,23.62,49.03,21.32,22.69,27.24,16.78,28,,37.1,24.34,23.23,24.75,,23,23.75,25,23,21,35.23,21.93,14,27,29.79,24.7,24,24.6,21.5,22.2,23.07,25.25,25.08,14.23,23,,30,26.3,22,,22.11,24.86,17.2,21,13,22.34,26.88,,4.49,51,59,11,8,110,0.5929726839,0.934245817
San Diego St.,Nevada,17.5,16.81,18.08,16.45,21.93,22.26,16.69,18.15,18.15,19,12.5,14,24.61,17.5,17.42,14.56,17.82,13.24,17.44,15.49,13,21.45,21.01,31.19,18.71,10.6,21.32,11.42,17,,23.1,17.17,17.02,16.27,,18,21.57,15,16.5,16,22.4,13.5,1,15.2,27.62,21.1,18,14.9,17.5,19.5,20.88,17.1,31.16,2.52,15,,12,14.7,22,,9.27,13.26,16.1,17,15,17.24,21.45,,3.87,17,13,11,-4,30,0.4985351111,0.8570842057
South Carolina,Appalachian St.,5.5,1.5,-5.05,-0.24,-3.76,1.32,1.8,2.21,-1.52,-5,-4,-5,1.02,-5.5,3.57,-8.32,0.01,-2.48,0.75,-2.7,-12,5.25,5.89,-7.19,6.25,-5.88,-1.81,1.92,-7,,-1.4,1.01,2.68,0.76,,-3,7.08,1,4,8,-6.38,13.48,7,8.1,-0.27,4.8,2,7.4,4.5,0.3,1.73,7.95,-7.7,-1.39,4,,-1,8.1,4,,-3.56,0.66,1.5,5.5,-4.5,1.98,2.94,,4.93,20,15,11,-5,35,0.3875405396,0.5179925982
South Florida,Temple,-1,2.22,-0.77,-0.11,5.65,0.29,5.23,0.32,2.92,4,-13,0.25,3.07,-2,2.36,-2.85,-8.07,1.24,0.8,3.53,-5,4.55,-0.27,-5.66,3.01,-2.24,3,-0.23,-1,,0.9,0.61,-0.67,2.01,,3,3.72,0.01,-1,5,-2.67,2.47,6,-4.3,4.27,2.1,-1,-1.8,-1,8.1,10.65,-0.75,-6.99,-0.3,-2,,4,-3.9,3,,-3.35,-0.94,-1.9,-1.5,-2,3.32,4.46,,3.84,17,7,11,-10,24,0.5438761186,0.5195321671
Southern Miss.,UAB,7,5.15,5.15,7.47,2.76,3.08,6.34,7.61,5.03,4,4,3,5.52,4,5.23,4.95,2.22,4.85,4.87,4.57,-3,5.15,8.71,12.78,4.92,3.39,4.05,2.89,7,,4.5,4.94,4.42,5.11,,1,8.67,4,7,3,6.34,9.19,-7,6.5,4.17,7.1,3,4,6.5,4.7,1.19,6.2,13.42,10.18,7,,9,7,6,,6.13,5.46,4,4.5,-2,3.09,7.38,,2.33,2,37,11,35,39,0.4471933342,0.6192571631
TCU,Baylor,-3,-2.7,-9.09,1.04,3.08,-0.11,-0.55,-1.43,-9.09,1,-7.5,-9,1.51,-9.5,1.13,-14.79,4.93,-5.27,-2.23,-3.47,-11,-3.65,1.86,-10.25,-1.03,-5.8,0.46,-3.24,-6,,-1,-1.23,-2.11,-4.44,,1,-0.71,2,0,-2,-7.14,-0.32,2,-3.2,2.74,2.6,3,-1.7,-3,-0.8,-6.96,4.4,8.69,-12.56,2,,-6,-4.1,-4,,-0.74,0.76,-2.2,-2.5,2,-7.3,-0.71,,4.25,29,23,11,-6,52,0.5186869219,0.4460266423
Texas,Kansas St.,7,4.14,-0.14,2.99,0.21,-2.3,3.06,-3.67,-1.56,1,6,-0.25,0.66,1.5,4.93,-0.57,3.35,1.29,1.8,-2.63,-5,-0.85,3.86,-0.97,-1.79,0.53,1.78,2.2,2,,2.8,1.64,2.34,4.6,,3,6.18,5,5,0.01,1.05,6.01,14,0.6,1.1,6.4,6,1,6,-7.5,1.45,2.7,3.31,-0.93,2,,2,0.7,-4,,3.38,4.86,3.3,7,4,-1.14,0.77,,2.91,24,27,11,3,51,0.3736491241,0.5444027982
Texas St.,South Alabama,7,8.5,10.97,8.78,8.53,6.05,10.16,1.32,10.23,9,3,8,8.09,9.5,7.92,12.52,3.76,11.55,7.72,9.38,2,7.05,5.88,8.34,5.74,6.95,9.27,1.53,11,,7,8,7.13,8.58,,8,9.73,4,7,8,7.02,6.18,1,9.8,8.95,8,5,7.8,7,4.8,10.57,13.25,4.14,21.15,9,,10,9.8,7,,5.89,6.26,9,8,6.5,4.56,10.86,,2.75,28,30,11,2,58,0.5178234166,0.6840992479
Toledo,Kent,6.5,9.8,9.6,8.8,-2.34,9.06,6.81,5.93,6.79,4,16,11,5.64,14.5,8.9,11.72,9.93,7.04,7.42,5.44,5,5.35,4.61,14.53,6.87,12.06,1.35,10.15,11,,6.1,7.15,7.37,10.87,,3,8.1,11,7.5,6,11.92,5.61,,3.2,0.12,8.4,9,3.2,6.5,-1.9,3.02,7.15,5.77,1.86,9,,8,2.8,4,,10.64,5.86,11.8,6.5,13.5,5.85,5.15,,3.82,33,35,11,2,68,0.5224677885,0.675251281
Troy St.,Georgia Southern,-3,-3.59,-10.87,-2.97,-10.42,3.94,-2.66,-3.95,-9.59,-3,-5,-7,-4.43,-9,-1.42,-14.34,-2.69,-4.83,-4.79,-4.9,-3,-4.05,0.65,-23.31,-7.87,-7.11,-7.78,-7.13,-11,,3.6,-4.05,-4.22,-4.01,,0.01,-0.71,0.01,-1,-7,-14.11,-2.17,,-3.5,-7.45,-0.5,-1,-2.1,-3,-15.2,-8.96,3.15,-9.41,-13.94,-1,,-6,-2.9,-2,,-2.7,-2.44,-5.7,-3,13,-9.08,-6.41,,4.80,28,49,11,21,77,0.457026749,0.386363167
Tulsa,Central Florida,-17,-15.84,-12.29,-14.7,-12.87,-11.55,-10.72,-17.4,-16.98,-6,-14,-15,-15.26,-17.5,-14.56,-10.68,-20.71,-9.3,-14.95,-8.94,-20,-16.75,-20.3,-25.88,-16.08,-15.89,-10.88,-15.2,-10,,-19.1,-15.41,-16.26,-16.42,,-9,-16.02,-20,-16,-14,-18.32,-16.76,-22,-18.3,-12.57,-16.3,-19,-17.1,-17,-12.9,-17.6,-10.4,-27.01,-1.76,-15,,-9,-18.6,-18,,-18.9,-13.64,-11.9,-17,-4,-15.55,-15.27,,3.60,31,34,11,3,65,0.5501100467,0.1791953256
UTEP,Charlotte,-13,-11.03,-12.33,-13.48,-15.01,-8.26,-9.19,-14.11,-15.84,-7,-14,-16,-14.48,-18.5,-10.39,-11.17,-12.97,-10.15,-12.45,-13.79,-12,-14.25,-10.1,-5.91,-15.64,-10.02,-12.28,-13.25,-14,,-23.6,-12.65,-12.1,-10.68,,-10,-10.19,-10,-11.5,-17,-4.81,-9.44,-14,-14.9,-13.9,-10.9,-12,-11.5,-13,-15.7,-14.44,-9.1,-30.46,-29.95,-9,,-16,-15.1,-17,,-15.74,-11.14,-10.4,-13,0.01,-17.31,-13.39,,3.60,28,21,11,-7,49,0.513477798,0.2221689475
Virginia,Georgia Tech,16,17.19,19.94,15.7,16.92,23.85,17.69,17.7,20.3,25,13,18,20.82,18.5,16.93,19.46,14.54,15.84,17.41,14.99,15,17.25,17.18,35.44,15.66,15.26,16.35,15.32,19,,13.1,16.96,16.11,16.82,,15,19.99,16,17,13,26.09,18.04,19,15.9,19.05,19.2,17,17.6,16,19.5,12.02,19.4,26.02,2.02,16,,15,15.8,18,,14.76,16.16,15.7,16,1.5,15.84,20.61,,3.47,28,33,11,5,61,0.5345734611,0.8580082563
Virginia Tech,Wake Forest,-2,-3.78,-9.01,-4.5,-3.15,-6.4,-7.24,-11.36,-4.96,1,-6.5,-9,-8.59,-6.5,-4.33,-9.26,-6.84,-4.12,-4.31,3.03,-11,-9.65,-1.87,-14.72,-3.3,-1.26,-3.01,-0.43,-10,,-7.4,-3.84,-6.36,-3.24,,-5,-3.32,-3,-2.5,1,-9.38,-0.99,1,-1.5,-2.36,-1.9,-1,-1,-2,-3.9,-3.02,-7.55,-13.28,-0.67,-4,,-1,-1.5,-6,,-11.51,-1.04,2.9,-2.5,6.5,-1.57,-10.79,,3.97,17,36,11,19,53,0.4438645354,0.3961170468
West Va.,Texas Tech,-2.5,1.4,2.18,1.89,-1.69,-11.33,-0.68,0.59,2.08,1,4.5,2,-3.04,3,-0.36,4.99,6.29,1.38,1.43,-0.84,-5,3.15,-1.36,2.78,4.21,7.77,0.56,6.3,2,,-3.5,1.39,1.78,2.36,,-1,-1.4,6,0,3,3.34,4.33,-1,1.6,-1,-1.1,2,0.7,-1.5,0.8,1.26,-3.8,5.39,0.41,1,,-1,1.2,4,,3.39,-0.84,-0.4,-2.5,15,4.34,-2.56,,3.82,38,17,11,-21,55,0.5951085347,0.534896802
Western Mich.,Ball St.,6.5,8.95,5.37,7.81,5.88,2.09,9.61,8.77,6.32,5,8,8,6.06,8.5,9.84,5,8.19,8.2,7.34,7.02,6,8.85,6.68,9.47,10.77,2.89,5.82,4.74,4,,8.5,8,6.61,8.86,,4,9.52,9,8,7,8.48,7.87,,10.8,5.39,8.7,8,10.5,6.5,8.2,2.8,3.5,19.06,0.53,8,,7,10.9,8,,4.12,5.77,5.8,6.5,13.5,8.16,8.15,,2.34,31,35,11,4,66,0.5208752118,0.6763232686
Wisconsin,Iowa,8.5,10.18,8.27,6.56,10.32,15.96,14.13,5.35,10.61,10,-0.5,4,16.61,5.5,12.22,3.78,6.78,7.56,7.97,6.2,6,4.65,13.17,5.66,3.17,1.74,12.51,2.48,12,,16.8,6.95,8.06,9.02,,12,9.19,4,9.5,3,5.52,6.88,12,4.3,17.5,13.5,7,5.7,8.5,-0.9,12.48,9,21.41,-0.45,6,,9,4.3,6,,5.84,5.86,6.9,9.5,7.5,-0.97,15.96,,4.55,22,24,11,2,46,0.4871993471,0.6853068481
Akron,Eastern Mich.,-17,-19.97,-21.07,-23.73,-20.57,-9.67,-16,-15.08,-21.64,-14,-19,-24,-23.12,-25,-19.12,-19.96,-20.65,-13.62,-17.55,-23.45,-18,-19.15,-16.23,-11.09,-20.41,-6.35,-18.82,-14.78,-22,,-21,-19,-20.71,-19.64,,-12,-14.42,-17,-17,-21,-5.94,-13.81,-7,-16.4,-22.79,-19.5,-16,-15.1,-17,-15.6,-19.01,-6.55,-22.36,-30.12,-15,,-30,-14.9,-19,,-22.95,,-16.3,-17,-5.5,-20.35,-24.29,,5.25,42,14,12,-28,56,0.4868802486,0.1469596692
Arkansas St.,Coastal Carolina,13.5,11.87,9.62,12.14,12.05,4.57,10.02,5.11,12.18,11,0.01,12,8.55,12,10.83,10.2,7.56,9.77,9.59,9.9,3,9.45,9.79,16.72,11.95,4.17,11.16,4.66,10,,11.9,10.01,7.8,12.59,,2,11.5,14,11,10,13.62,7.71,-3,7.4,11.57,11.6,13,6.2,12.5,14.3,13.82,2.4,8.69,1.82,9,,7,7.2,15,,11.26,8.32,6.3,12.5,13.5,14.65,9.77,,3.43,27,28,12,1,55,0.4048712827,0.7225736009
Auburn,Georgia,-3,1.71,3.4,1.65,4.65,-3.85,2.3,-3.51,1.47,7,4,-1,3.68,1.5,2.2,3.24,-2.06,0.78,1.16,4.4,-3,-3.75,-0.95,3.19,-0.31,1.17,4.77,1.2,4,,-2.7,1.34,0.12,1.51,,2,0.89,0.01,-2.5,0.01,2.84,-1.64,-7,-1.7,4.79,1,-1,-1.2,-2,1,2.49,2.75,1.55,0.88,-3,,9,-1.2,2,,7.64,0.82,2.3,-2.5,-2.5,-0.14,2.68,,2.81,21,14,12,-7,35,0.6018135759,0.5286809863
Ball St.,Central Mich.,2.5,1.83,2.8,2.67,2.26,6.56,2.44,4.12,-0.55,3,7,4,7.34,2,4.33,0.36,4.07,-1.18,3.21,0.37,-2,2.65,7.9,1.81,1.58,3.07,4.97,1.12,5,,3.6,3.08,3.1,1.69,,3,5.1,4,2.5,3,1.01,10.21,-1,4.1,7.41,8,4,3.7,2.5,-1.6,-2.62,3.8,15.01,0.01,4,,2,4.8,-1,,5.84,4.83,3.8,2.5,0.01,2.26,4.79,,2.63,45,44,12,-1,89,0.5175966754,0.5790579334
Baylor,Oklahoma,-10.5,-3.08,3.92,-4.18,-5.51,2.02,-4.64,-3.18,2.67,2,-1,6,-5.7,6.5,-8.15,9.1,-11,2.95,-3.46,0.37,-2,-5.75,-11.05,3.66,-5.26,3.93,-2.04,-1.06,1,,-3.9,-4.41,-7.71,-2.93,,-4,-7.9,-7,-8.5,-2,3.3,-7.06,-9,-6.4,-5.37,-7.6,-8,-5.4,-9,-2.8,-9.61,-5.7,-9.38,11.08,-9,,-2,-6.3,-7,,-7.24,-5.28,-2.5,-10,-12.5,0.1,-8.71,,4.84,34,31,12,-3,65,0.6643018197,0.4174190708
Boise St.,New Mexico,27.5,32.44,33.7,31.34,29.03,27.23,26.76,28.86,35.54,27,27.5,34,31.94,33,29.38,34.64,26.36,18.51,29.64,29.5,22,34.15,28.17,51.16,29.24,26.28,29.98,27.58,34,,34.5,29.6,28.65,32.59,,22,27.31,30,27,30,37.5,28.2,18,29.9,32.52,31,32,26.2,27.5,30.2,25.51,29.7,41.04,15.1,26,,23,28.6,33,,30.2,27.42,26.1,27.5,17.5,32.66,33.13,,3.89,9,42,12,33,51,0.5520830962,0.9651139207
California,USC,-6.5,-4.69,-2.78,-1.75,0.32,1.2,-1.46,-3.65,-4.53,1,-4,-2,-2.79,-3.5,-5.12,-2.78,-2.05,-1.23,-2.94,-2.65,-5,-0.75,-3.09,-8.97,-3.32,-0.81,-0.47,-5.27,-4,,-5.5,-2.79,-3.24,-4.41,,-2,-4.59,-2,-5,-3,-3.74,-2.12,-13,-0.5,-0.61,-4.8,-4,-1.3,-5.5,0.9,-4.76,-4.95,-1.85,-1.13,-4,,-2,-0.6,-1,,-3.12,-1.98,-1.4,-6.5,-6.5,-2.95,-2.64,,1.83,41,17,12,-24,58,0.5881505523,0.427010825
Clemson,Wake Forest,34,27.4,20.06,29.02,28.87,24.37,19.55,28.52,28.41,25,32,28,28.96,25.5,26.72,15.28,28.29,14.88,27.23,20.65,15,32.45,30.1,20.16,33.67,17.52,25.02,23.49,19,,34.9,27.7,26.37,27,,19,29.73,35,30,32,15.73,26.77,32,35.4,31.17,30.9,29,33,33,33.5,38.13,21,39.83,12.11,28,,21,34.5,36,,25.99,26.42,26,34.5,26.5,36.11,26.55,,5.90,3,52,12,49,55,0.3446746573,0.9460615836
Colorado St.,Air Force,-10,-14.39,-16.81,-14.78,-18.33,-11.88,-14.22,-10.48,-15.1,-9,-8.5,-17,-18.46,-16,-14.21,-15.92,-10.13,-9.67,-13.39,-11.23,-13,-10.75,-13.85,-33.69,-7.92,-11.95,-16.85,-6.29,-20,,-20.2,-13.03,-13.96,-14.28,,-11,-13.05,-9,-10,-6,-22.39,-9.58,-9,-15.3,-19.2,-15.4,-15,-12.8,-10.5,-7.1,-9.93,-10.15,-29.47,-3.53,-13,,-12,-15.1,-12,,-14.91,-12.08,-12.9,-10.5,-4,-8.16,-18.41,,3.96,38,21,12,-17,59,0.4179234248,0.2065518752
Duke,Syracuse,10.5,9.33,10.91,11.15,15.87,11.57,10.12,15.64,11.33,11,8,11,13.6,10.5,7.66,9.45,0.91,10.48,10.17,15.09,4,7.65,8.07,21.03,8.88,4.84,16.41,4.44,11,,17.2,9.39,8.66,8.87,,15,8.47,7,10.5,7,14.85,5.43,6,8.1,19.49,10.8,11,7.8,10.5,6.4,14.36,13.9,18.36,2.38,11,,7,7.7,9,,6.81,9.32,8.3,10.5,2,7.79,13.99,,3.82,49,6,12,-43,55,0.4919372907,0.7333197838
Georgia Southern,Louisiana-Monroe,6.5,4.19,7.84,3.89,7.94,6.56,4.73,5.39,-0.39,9,15,9,8.31,10.5,6.69,7.58,11.51,2.66,7.64,6.74,2,8.55,9.44,9.78,7.26,11.14,8.27,11.97,7,,-0.5,8.09,7.19,6.19,,9,8.18,10,7,4,9.31,10.9,-2,14,10.12,8.4,8,13.4,6.5,0.01,8.57,3.5,26.17,0.43,8,,5,14.1,12,,9.72,5.93,9.5,6.5,4,8.37,6.86,,3.54,29,51,12,22,80,0.5279397801,0.6807293645
Georgia St.,Appalachian St.,-16.5,-12.74,-10.5,-10.69,-11.12,-7.95,-5.97,-15.69,-12.82,-5,-0.5,-14,-15.13,-11.5,-12.28,-7.99,-19.92,-5.84,-11.68,-4.54,-13,-16.05,-11.18,-23.16,-15.78,-6.21,-10.23,-10.11,-10,,-8.3,-11.66,-11.72,-13.2,,-6,-10.25,-16,-14.5,-13,-12.92,-15.22,-9,-11.3,-13.21,-13,-15,-9.3,-15.5,-10.3,-16.71,-4.45,-1.86,-1.65,-14,,-8,-11.6,-16,,-17.33,-10.57,-12.5,-16.5,-16,-15.57,-13.57,,3.82,56,27,12,-29,83,0.6160814784,0.2371956912
Georgia Tech,Virginia Tech,-6.5,-8.01,-8.31,-6.66,-4.13,-11.67,-5.7,-1.92,-12.43,-12,3.5,-8,-2.75,-7.5,-5.04,-11.31,-1.87,-8.47,-6.08,-4.78,-12,-4.05,-4.8,-20.28,-7.04,-10.82,-2.08,-9.95,-8,,-1.4,-5.91,-4.49,-6.74,,0.01,-6.02,0.01,-5.5,-10,-13.69,-6.03,-12,-6.6,-2.67,-3.7,-5,-7.8,-6.5,-7.3,0.36,-2.85,-8.97,-0.42,-2,,-7,-6.3,-3,,-4.8,-4.67,-5.8,-5.5,-1,-8.32,-5.52,,3.62,45,0,12,-45,45,0.510289628,0.3544197039
Houston,Memphis,-10.5,-10.16,-16.17,-8.87,-10.28,-9.25,-6.91,-3.44,-14.06,-9,-9.5,-17,-9.05,-15.5,-6.69,-20,-0.71,-9.12,-8.85,-7.09,-17,-5.25,-6.69,-28.84,-6.82,-9.52,-8.68,-0.15,-16,,-12.1,-8.16,-9.39,-10.1,,-6,-6.16,-5,-8.5,-5,-19.35,-2.94,-0.1,-4.6,-8.25,-5.3,-7,-5.1,-10.5,-7.9,-13.16,-10.6,-6.44,-4.35,-5,,-6,-5.9,-10,,-11.84,-8.08,-7.4,-10.5,-3.5,-7.92,-9.55,,4.43,45,27,12,-18,72,0.5398762223,0.2956277906
Iowa,Minnesota,3,3.39,-4.07,5.55,1.08,3.21,4.07,2.87,-1.37,2,3.5,-1,7.35,-3,7.01,-10.22,10.12,-1.03,2.22,5.94,-6,2.55,4.8,-2.84,1.15,-4.79,3.67,-2.47,-3,,-1.2,2.95,3.43,3.95,,3,3.76,7,3,-1,-0.85,4.1,2,2.9,5.85,7.4,6,1.1,3,-1.3,1.25,3.9,12.06,-20.06,6,,8,2.9,2,,3.91,3.02,2.6,3,4.5,-3.64,4.85,,4.06,19,23,12,4,42,0.4810174132,0.553882886
Iowa St.,Texas,7,2.82,0.57,5.07,10.25,4.88,7.44,5.19,2.52,7,5,2,7.19,1.5,4.06,-2.99,6.74,4.24,5.63,8.56,1,8.55,8.18,0.69,4.8,0.73,8.57,2.34,1,,7.7,5.8,2.79,2.03,,9,7.74,6,6.5,3,1.26,7.95,-1,8.8,12.1,5.7,6,8.5,7,9.4,17.56,13.1,10.82,-0.5,10,,6,8.3,10,,-1.06,5.02,5.9,7,5,3.4,6.67,,3.75,21,23,12,2,44,0.4665328702,0.6350088089
Kansas St.,West Va.,14,16.2,20.46,16.29,22.8,31.07,16.24,18.88,19.46,21,10,18,24.45,18.5,15.57,18.31,13.98,13.59,16.86,15.77,16,16.75,11.3,31.28,18.12,10.62,20.42,11,20,,28.4,16.45,12.89,13.42,,14,16.61,13,15,15,24.97,12.17,-0.01,15.9,23.74,18.7,14,15.4,14,19.6,13.19,18.35,17.9,3.67,13,,24,15.1,20,,18.54,12.72,11.2,14,-4.5,20.53,20.82,,5.41,24,20,12,-4,44,0.5677012406,0.84261439
Kent,Buffalo,-6,-6.99,-5.83,-7.26,-6.41,-12.08,-2.7,-5.07,-10.81,-3,-10.5,-5,-6.19,-6,-4.53,-5.62,-5.71,-4.94,-6.14,-7.09,-9,-7.55,-0.81,-10,-7.95,-7.4,-2.16,-9.17,-7,,-11.8,-5.79,-5.95,-5.74,,-5,-2.27,-8,-3.5,-4,-8.26,-3.79,-13,-4.4,-2.47,-4.7,-5,-4,-6,-13.2,-6.72,-4.85,11.61,-0.95,-3,,-7,-3.2,-8,,-5.55,-1.98,-6.5,-6,-3,-8.12,-4.38,,2.68,27,30,12,3,57,0.496530804,0.3514584765
Marshall,Louisiana Tech,6.5,-0.71,-1.58,0.75,-3.62,-1.07,0.48,-5.22,-2.31,-1,2.5,-0.25,0.88,0.01,0.33,-2.9,-1.71,-1,-0.91,1.97,-8,-5.65,0.97,-5.53,-3.02,-1.12,-0.65,2.98,1,,-7.4,-0.98,-1.23,-0.32,,-1,2.1,0.01,2.5,-1,-3.17,2.32,6,-2.8,-2.44,1.3,1,-3.9,5,-4,0.29,1.35,1.55,-0.95,3,,-8,-3,1,,-1.3,1.02,4.4,4.5,-4,-2.9,-0.97,,2.75,10,31,12,21,41,0.3227764357,0.4774777393
Miami (Ohio),Bowling Green,17,19.28,17.02,20.75,23.02,8.55,16.69,15.54,19.09,21,17,16,22.08,15.5,20.42,14.3,21.26,13.74,18.11,14.64,8,20.55,17.88,24.34,21.89,14.06,23.15,16.23,18,,24.9,18.15,17.67,18.55,,15,15.19,21,18.5,21,18.59,17.02,2,18.3,25.51,20.4,19,16.7,17,19.5,21.15,16.15,29.25,2.5,15,,10,17.8,22,,21.47,15.52,16.1,17,12,28.01,20.44,,3.92,3,44,12,41,47,0.5270596814,0.8659598647
Michigan,Michigan St.,13.5,15.09,14.22,16.54,16.49,16.37,7.43,15.88,17.47,18,17,14,13.97,16,12.4,14.36,16.24,10.69,14.76,11.75,11,19.85,12.27,18.66,20.17,15.6,11.77,15.06,14,,10.8,14.41,12.67,15.2,,10,14.27,20,14,19,14.45,15.62,13,15.5,12.38,14,14,14.1,13.5,22.9,18.89,9.7,10.94,3.34,13,,8,14.5,23,,11.11,7.32,8.3,13.5,19,24.07,10.75,,3.71,10,44,12,34,54,0.5308022845,0.817362406
Middle Tenn.,Rice,14.5,12.62,14.15,13.7,11.85,12.91,5.52,8.23,13.02,15,6,15,10.84,15.5,10.41,15.94,23.62,19.4,11.95,10.37,7,11.95,12.73,11.84,11.31,14.36,11.01,14.51,10,,16.1,12.45,10.06,14.58,,7,12.69,16,11,13,9.41,16.26,6,13.6,11.09,12.5,15,11.1,14,12.4,16.5,2.75,15.95,28.86,9,,5,12.8,13,,5.46,9.13,7.8,14.5,17.5,10.88,6.65,,3.79,31,28,12,-3,59,0.4379241261,0.7679637327
Mississippi,LSU,-21.5,-24.24,-27.18,-22.49,-19.29,-22.8,-15.68,-20.73,-29.11,-16,-17,-28,-23.16,-27.5,-19.75,-29.35,-17.97,-11.01,-21.31,-18.14,-24,-18.25,-20.88,-33.13,-19.44,-24.93,-20.36,-20.23,-28,,-26,-20.94,-21.71,-24.23,,-16,-19.42,-17,-21,-19,-21.26,-21.68,-18,-21.7,-20.79,-21,-20,-20.1,-21.5,-17.7,-21.16,-22.1,-17.67,-24.12,-19,,-25,-21.7,-20,,-23.63,-21.08,-17.7,-21,-11,-26.64,-21.27,,3.89,58,37,12,-21,95,0.5046376536,0.0961422403
Mississippi St.,Alabama,-18,-19.59,-13.51,-17.7,-16.78,-17.32,-14.09,-16.18,-20.74,-10,-12.5,-16,-18.22,-15.5,-19.13,-10.97,-16.76,-9.97,-16.55,-21.95,-19,-18.35,-20.65,-15.97,-17.27,-11.85,-14.18,-13.45,-14,,-26.4,-16.77,-17.22,-18.83,,-13,-16.37,-14,-19,-20,-10.44,-13.23,-18,-16.8,-17.93,-18.3,-17,-20.3,-18,-13.9,-21.52,-12.5,-18.7,-10.98,-16,,-19,-20.2,-16,,-13.36,-20.08,-18.5,-17.5,-15.5,-16.39,-20.41,,3.39,38,7,12,-31,45,0.5355890121,0.1539684079
Missouri,Florida,-7,-12.49,-13.19,-12.4,-13.74,-7.54,-6.41,-14.15,-17.49,-9,-24.5,-10,-12.79,-12.5,-7.59,-13.4,-6.15,-7.56,-11.17,-11.8,-10,-15.85,-3.55,-22.25,-15.02,-10.19,-11.92,-15.02,-13,,-7.2,-11.55,-10.11,-10.96,,1,-8.97,-9,-6.5,-17,-12.05,-6.68,-4,-11.7,-13.67,-9.9,-8,-11.2,-8,-15.4,-13.21,-10.15,12.88,-3.67,-10,,-16,-11.4,-13,,-10.86,-5.67,-8.8,-7,-2.5,-13.46,-13.82,,3.72,23,6,12,-17,29,0.3990725818,0.2466523646
NC St.,Louisville,-3.5,-4.14,-6.79,-2.01,-7.84,-0.88,-6.76,-7.62,-7.98,-2,-5,-6,-6.81,-5.5,-3.1,-6.79,4.72,-4.26,-3.79,-6.99,-5,-3.35,-0.6,-19.34,-4.86,-0.11,-6.14,0.01,-10,,-12.1,-3.75,-1.97,-1.18,,0.01,-2.91,4,-3.5,-6,-10.63,3.31,2,0.4,-6.68,-1.8,2,0.01,-3.5,-6.9,-9.94,-7.55,11.75,-2.01,-2,,-9,0.5,-1,,5.93,-1.08,-2.5,-4,4,-5.26,-8.18,,4.15,34,20,12,-14,54,0.4929491216,0.4086604994
Nebraska,Wisconsin,-14.5,-19.78,-16.48,-14.48,-18.22,-30.79,-19.14,-19.42,-22.36,-12,-10,-17,-24.42,-14.5,-20.25,-12.2,-21.04,-9.92,-16.65,-14.55,-17,-17.85,-14.58,-27.53,-16.11,-9.84,-18.77,-11.97,-20,,-30.2,-16.05,-18.24,-16.6,,-15,-15.36,-14,-11.5,-12,-17.58,-15.61,-18,-14.7,-24.4,-18.3,-15,-13.1,-14.5,-10.9,-19.19,-17.2,-11.66,-2.6,-16,,-12,-14,-13,,-17,-11.07,-12.3,-14.5,-5.5,-14.2,-25.36,,4.88,37,21,12,-16,58,0.4485003936,0.1580528445
Northwestern,Massachusetts,41,38.26,27.32,39.32,34.88,15.67,35.88,41.11,35.43,25,43,21,48.65,21.5,43.28,15.83,36,19.56,35.91,35.12,13,50.25,40.51,15.97,46.06,17.03,36.63,29.87,28,,51.3,36.92,39.08,36.79,,26,36.21,41,38,46,12.25,50.93,16,48.4,48.17,45.3,37,45.6,41,35,51.54,42.55,43.35,20.04,40,,36,48.4,43,,48.59,29.43,37.4,40.5,18.5,36.84,50.89,,11.08,6,45,12,39,51,0.3962962088,0.9682079286
Notre Dame,Navy,7,9.56,1.41,5.66,-3.67,2.02,4.28,3.13,6.05,1,14,6,0.01,9,10.28,2.13,13.02,2.39,8.06,-1.53,-4,7.65,12.98,4,7.75,9.89,1.26,15.18,3,,0.6,7.7,10.6,12.16,,-2,14.29,12,10,11,5,32.3,16,21.8,0.91,11.4,13,19,7,5.7,-1.9,7.85,-15.24,0.49,13,,1,23,14,,5.72,9.02,8.3,7,7.5,13.37,4.14,,6.93,20,52,12,32,72,0.5244009863,0.6791664231
Ohio,Western Mich.,-1,-0.89,-1.78,1.75,1.02,-0.64,-2.75,-3.27,-0.68,2,6,-2,-1.46,-1.5,-2.04,-1.95,4.47,-2.54,-0.65,1.8,-9,-0.45,-1.1,-6.81,-0.94,2.24,1.11,3.14,-3,,-3.6,-0.94,-2.26,0.01,,-1,-4.48,4,-1,0.01,-3.47,-1.58,-8,-2,0.86,-1.3,3,-2.6,-1,2.2,0.28,-5.15,15.79,-0.12,2,,-1,-2.6,3,,-0.8,,0.7,-1,1.5,2.81,-4.56,,2.77,37,34,12,-3,71,0.5086641335,0.4839125638
Oklahoma St.,Kansas,17,21.97,19.81,18.39,21.34,22.58,19.21,15.24,20.09,22,8,23,22.96,24,23.88,18.12,16.48,14.85,19.5,16.08,15,15.75,19.08,36.13,16.29,12.18,21.49,16.56,20,,22.7,19.04,18.11,21.88,,15,21.75,20,17,18,27.2,18.85,13,17.3,23.33,22.2,21,17.1,17,17.7,23.02,26.75,9.32,3.62,20,,15,17.6,19,,17.29,18.43,18.3,17.5,17,17.64,22.12,,3.57,13,31,12,18,44,0.5610567698,0.8846315098
Oregon,Arizona,27,28.97,26.13,24.83,32.01,33.57,27.5,32.42,32,27,21,32,31.8,29,28.39,23.07,28.14,16.59,27.55,23.3,21,33.15,26.66,37.47,31.69,18.17,27.84,20.9,29,,28,28.13,26.65,26.48,,24,28.12,30,26,25,29.72,28.47,16,29.2,34.51,28.4,24,27.9,27,33.2,32.3,29,27.72,3.97,25,,25,27.5,36,,31.59,21.93,20.3,27,8.5,34.47,33.73,,5.25,6,34,12,28,40,0.5131208432,0.9502970703
Oregon St.,Arizona St.,-2.5,-1.3,1.16,0.98,1.25,3.34,0.83,2.59,2.53,2,-7.5,1,2.01,1,-3.34,0.7,-7.38,0.71,-0.37,5.48,-2,3.05,-2.61,-1.38,3.6,-0.77,-0.17,2.23,1,,-0.4,-0.08,-3.22,-3.02,,0.01,-1.93,-4,-2.5,3,-1.63,-3.26,-1,-4.5,0.01,-1.5,-4,-2.1,-2.5,5.1,0.27,1.15,-10.99,0.48,-1,,2,-3.9,-1,,-1.79,-0.97,-4,-2.5,-4.5,4.52,0.72,,2.88,34,35,12,1,69,0.5525149096,0.4908519876
Penn St.,Indiana,14.5,18.27,16.75,18.76,18.19,18.18,17.96,17.68,16.78,14,20.5,18,20.32,18,20.03,14.81,23.83,12.79,17.32,17.18,9,20.95,17.12,18.28,18.78,14.16,17.83,15.99,21,,18.2,17.97,19.46,17.98,,13,18.7,20,14,12,13.58,16.37,16,16.1,22.1,19.7,19,15.7,15,12.7,19.6,18.3,13.09,12.65,18,,12,15.8,19,,17.6,14.12,15.8,14.5,14.5,12.62,20.95,,2.88,27,34,12,7,61,0.5693796525,0.8584908832
Pittsburgh,North Carolina,4,3.54,4.4,0.77,2.51,9.93,-0.52,1.44,5.6,8,11,4,-0.58,5.5,1.2,7.08,4,2.26,3.58,4.47,2,1.25,2.83,5.56,4.84,5.89,3.83,6.56,2,,0.01,3.28,2.13,3.76,,2,0.42,7,4.5,5,7.09,7.83,2,2.9,2.8,1.1,4,3.2,4,4.1,3.26,-3.95,7.93,0.83,3,,1,3.3,4,,1.82,2.22,0.5,4,5.5,13.05,-2.89,,3.14,27,34,12,7,61,0.4896463306,0.5875478274
Rutgers,Ohio St.,-52.5,-52.94,-44.18,-46.34,-50,-65.17,-46.58,-56.57,-52.47,-41,-47,-41,-67.21,-39.5,-56.31,-31.77,-55.27,-13.5,-49.11,-48.62,-44,-64.05,-51.94,-55.34,-60.32,-26.22,-50.75,-42.95,-46,,-71.4,-50.56,-53.25,-50.36,,-39,-49.42,-54,-50.5,-45,-36.92,-51.08,-31,-55.8,-66.75,-57.4,-47,-52.7,-52.5,-46.5,-64.1,-45.05,-73.1,-22.85,-44,,-54,-53.2,-55,,-51.12,-33.08,-47.5,-52.5,-24.5,-52.74,-67.29,,11.25,56,21,12,-35,77,0.5691668922,0.0057954065
San Diego St.,Fresno St.,1,4.55,9.34,2.5,3.27,12.35,2.26,1.81,7.53,10,-2,9,1.92,12,0.91,13.33,-4.76,8.17,3.86,7.38,4,-0.01,4.92,16.84,0.01,8.76,5.55,2.33,8,,1.3,2.45,2.15,5,,4,1.76,-1,2,2,13.28,2,-2,3.9,3.65,2.4,2,5.3,1,1.9,-4.7,4.05,-12.88,1.82,-2,,1,4.7,3,,-5.09,2.32,2.2,-1,8.5,0.99,0.16,,4.29,7,17,12,10,24,0.5690365136,0.5927922181
South Alabama,Louisiana-Lafayette,-28,-26.27,-27.03,-25.9,-29.91,-25.21,-22.29,-28.03,-29.33,-21,-13,-23,-31.48,-22.5,-25.46,-24.64,-23.87,-12.73,-24.48,-22.05,-26,-30.05,-26.75,-41.91,-29.58,-17.11,-24.46,-21.51,-27,,-28.8,-25.05,-25.86,-24.25,,-15,-27.24,-24,-25,-25,-27.88,-23.33,-15,-25.2,-27.8,-25.1,-24,-22.1,-27.5,-27.5,-32.66,-25.8,-34.15,-20.71,-24,,-16,-24.3,-27,,-21.96,-21.08,-18,-28,-11.5,-28.37,-31.31,,4.58,37,27,12,-10,64,0.5843593266,0.0692067538
South Florida,Cincinnati,-14,-15.77,-16.29,-15.87,-14.38,-9.99,-12.25,-15.92,-18.77,-11,-17,-14,-15.42,-14.5,-14.57,-16.75,-17.7,-10.32,-13.73,-9.55,-13,-15.35,-10.56,-32.22,-16.12,-10.38,-14.27,-14.72,-17,,-16.6,-14.29,-15.44,-14.3,,-6,-12.29,-11,-12.5,-14,-20.76,-14.2,1,-13.4,-16.97,-13.8,-16,-11.8,-14,-10.9,-11.26,-8.9,-28.2,-11.08,-10,,-12,-13.2,-16,,-18.3,-12.07,-12.3,-14,4,-18.15,-16.37,,3.64,20,17,12,-3,37,0.5066138425,0.1995909492
Temple,Tulane,-5.5,-4.29,-0.69,-2.75,-7.69,-2.89,-6.39,-6.69,-2.52,1,4,-1,-7.39,3,-7.32,2.92,1.24,-0.86,-2.53,-5.87,-5,-5.85,-4.02,-6.06,-2.46,4.08,-4.86,1.82,-2,,-6.6,-2.82,-3.38,-2.94,,-7,-5.13,1,-3.5,-1,-1.13,-1.8,1,2,-9.06,-4.5,-1,0.3,-5.5,-4.4,-8.11,-5.1,-9.7,-0.04,-3,,-5,1.7,-3,,-7.12,-1.98,-0.5,-6,13,-0.97,-9.16,,4.09,21,29,12,8,50,0.571886256,0.4386719254
Texas A&M,South Carolina,11.5,11.95,10.45,9.82,10.61,9.98,7.84,8.8,13.93,12,21,10,9.22,9,9.61,11.12,7.98,8.34,10.29,9.86,8,9.85,9.56,17.13,9.61,11.7,9.75,10.48,12,,9.6,9.79,8.35,12.03,,9,10.75,12,10,13,14.63,5.72,2,8.6,10.3,9.7,9,9,11.5,12.5,9.57,3.8,5.45,2.21,9,,14,8.9,9,,13.92,9.82,6.8,11,8.5,15.84,8.74,,2.59,6,30,12,24,36,0.4700164221,0.7388336647
Texas St.,Troy St.,-7,-7.44,0.83,-7.44,-6.16,-7.75,-2.09,-11.89,-7.76,-3,-4.5,-1,-4.83,-0.5,-7.47,3.87,-13.88,-2.11,-6.49,0.39,-8,-11.15,-7.52,0.01,-11.4,-3.87,-1.78,-11.95,3,,-8.5,-6.63,-5.37,-7.11,,-3,-6.02,-13,-8,-12,-0.53,-10.59,-20,-7,-4.15,-5.6,-11,-7.3,-7,-17.2,-6.26,-0.01,-7.61,0.81,-7,,-5,-7.2,-12,,-7.69,-4.28,-4.4,-7,-13,-14,-3.86,,4.56,63,27,12,-36,90,0.5123169939,0.347177904
Texas Tech,TCU,-3,-1.2,-2.55,-0.5,-3.86,-2.77,-0.46,-0.3,0.63,3,4,-2,-4.22,-0.5,-2.38,-1.67,-1.49,0.3,-1.26,-1.15,-3,3.75,0.15,-5.97,2.79,-1.08,-3.33,3.82,-3,,-6,-1.3,-0.01,-2,,-5,-1.49,3,1.5,-1,-2.78,-1.03,-6,0.3,-4.61,-3,-3,-1,-3,6,-5.35,-8.3,8.49,-0.94,-1,,-2,1.3,7,,-5.09,-1.27,0.3,-3,-2.5,-1.34,-1.97,,2.90,33,31,12,-2,64,0.542931565,0.4688829959
Texas-San Antonio,Southern Miss.,-17,-14.13,-12.12,-17.73,-18.82,-8.36,-12.29,-18.04,-15.03,-9,-8.5,-11,-16.85,-9.5,-14.05,-9.57,-19.49,-9.59,-14.72,-11.97,-14,-18.65,-17.49,-21.94,-16.6,-10.75,-14.45,-10.91,-14,,-25.1,-14.77,-14.85,-13.38,,-11,-15.48,-17,-17,-14,-14.69,-15.39,-1,-19,-18.37,-16.7,-17,-15.2,-17,-19.7,-23.15,-12.75,-14.78,-20.76,-17,,-12,-18.5,-16,,-18.88,-14.58,-12.8,-17,-8,-13.87,-18.8,,3.74,36,17,12,-19,53,0.5555871496,0.1833941723
Toledo,Northern Ill.,2.5,7,12.54,3.69,1.7,6.75,6.71,8,8.35,4,6,13,5.45,13.5,4.93,16.35,5.02,8.5,5.82,5.65,8,6.15,3.05,15.22,6.01,7.13,3.42,3.39,13,,2.5,5.25,4.98,7.75,,2,5.05,6,2,7,13.93,1.51,8,1.8,2.21,4.7,5,2.3,2.5,2.9,-2.36,1.8,6.39,1.96,3,,7,1.1,2,,9.43,3.73,2.1,2.5,6,2.87,5.66,,3.67,31,28,12,-3,59,0.5807357903,0.6395372186
UAB,UTEP,17,20.29,20.21,24.58,19.52,19.1,16.45,12.25,21.53,21,23,17,20.32,20.5,18.09,20.14,26.74,17.36,20.11,25.63,14,17.35,21.21,14.19,18.34,22.29,19.7,20.29,19,,27.9,20,19.11,21.36,,20,20.31,21,17,20,15.24,16.46,20,21.8,21.69,20.5,25,19.9,17.5,17.6,26.13,17.3,27.03,21.55,19,,20,22,20,,19.52,21.43,19.2,18,17,23.05,17.49,,3.03,10,37,12,27,47,0.576297009,0.8933041857
UNLV,Hawaii,-7,-8.64,-12.45,-6.63,-10.24,-5.49,-9.02,-6.86,-8.63,-5,-14,-15,-8.96,-15,-8.63,-14.32,-12.72,-9.63,-8.64,-6.99,-14,-7.15,-6.45,-25.13,-4.12,-6.61,-10.98,-3.26,-14,,-10.1,-8,-9.62,-8.67,,-6,-3.74,3,-6.5,-2,-14.58,-6.31,-8,-6.8,-12.51,-7.7,-8,-7.2,-7,-2.8,-13.03,-8.1,-24.38,-2.38,-9,,-9,-7.5,-8,,-7.3,-6.38,-7.5,-7,-7,-5.71,-11.29,,3.64,21,7,12,-14,28,0.4598968614,0.2978884939
Utah,UCLA,21.5,17.39,19.65,21.54,24.67,32.58,19.86,20.54,16.45,21,10.5,21,23.21,23,17.88,17.74,17.29,15.51,20.11,16.39,16,22.45,20.53,26.41,18.51,17.11,22.69,14.79,20,,28.3,20,18.53,17.78,,20,18.16,23,20,12,20.65,18.12,6,26,25.93,20.9,21,24,21.5,18.5,31.82,21.8,12.69,2.74,20,,17,24.9,24,,18.29,17.42,16.5,21,16.5,18.66,21.29,,4.19,3,49,12,46,52,0.4662625655,0.8897027243
Utah St.,Wyoming,5,1.98,3.5,1.81,-5.41,-6.59,0.54,0.92,-0.82,1,7.5,2,1.76,2.5,3.64,4.43,8.17,-0.25,1.66,-1.02,-3,-0.75,4.05,5.22,-0.16,3.39,-0.38,4.38,5,,-7.5,2.24,3.46,3.33,,-2,2.54,3,6.5,4,2.48,4.15,4,2.8,-2.77,3.9,5,-0.01,4.5,-6.5,-1.38,5.7,-10.68,0.82,6,,1,2.8,1,,0.47,4.52,1.4,5.5,-1,2.52,0.44,,3.27,21,26,12,5,47,0.4183715869,0.5407858083
Vanderbilt,Kentucky,-10,-10.01,-9.1,-10.38,-11.07,-15.55,-9.12,-14.02,-11.73,-4,-10,-8,-13.39,-5.5,-9.1,-6.78,-9.54,-8.16,-10.35,-10.59,-12,-16.75,-9.01,-18.5,-14.33,-3.97,-8.81,-4.33,-9,,-10.2,-10.38,-10.38,-9.16,,-5,-11.02,-12,-8,-13,-12.24,-9.01,-12,-12.4,-11.83,-10.2,-9,-12.4,-10,-11.3,-14.07,-12.25,-6.08,-1.34,-11,,-11,-12.3,-16,,-12.26,-6.68,-6.6,-10.5,-2,-8.47,-14.33,,3.23,38,14,12,-24,52,0.4913817713,0.2614530149
Washington St.,Stanford,11,4.97,3.72,7.46,11.57,9.45,8.66,4.99,4.25,10,2.5,7,11.5,6.5,7.47,-0.47,13.44,5.14,7.58,8.55,6,4.75,9.45,2.16,5.93,4.41,9.62,3.49,5,,14.2,7.68,6.22,3.57,,11,9.78,10,10,6,4.7,8.5,4,11.1,9.47,10.1,10,10.2,10.5,8.8,9.97,11.1,14.42,-0.62,9,,6,10.3,14,,7.88,6.32,7.3,10.5,3.5,5.44,9.09,,3.08,22,49,12,27,71,0.4162513882,0.6803748009
Appalachian St.,Texas St.,30,32.08,29.36,33.32,36.63,29.81,25.53,33.83,33.79,33,26,28,35.03,30.5,30.57,26.29,33.08,17.71,31.19,29.42,25,37.35,31.91,47.69,32.37,23.25,31.23,32.7,28,,30.2,31.8,30.43,32.01,,26,29.31,38,28,34,35.82,30.77,,33,35.6,31.8,33,31.4,30,37.7,27.28,19.05,31.41,4.35,27,,28,32.6,38,,33.15,26.29,27.1,30,22,42.83,32.35,,4.76,13,35,13,22,48,0.5286203716,0.9700781798
Arizona,Utah,-22.5,-21.68,-20.29,-23.36,-29.33,-30.59,-21.88,-24.77,-26.08,-19,-12,-24,-26.94,-22.5,-20.52,-16.7,-20.08,-11.25,-21.93,-20.15,-20,-29.25,-18.5,-31.41,-23.69,-11.57,-22.34,-17.05,-22,,-30.6,-21.64,-20.49,-18.55,,-19,-19.24,-24,-21,-20,-22.73,-20.42,-10,-27.9,-27.51,-21.6,-20,-25.9,-22.5,-27.9,-32.52,-20.35,-23.46,-2.29,-20,,-15,-26.6,-28,,-20.65,-19.21,-18,-22.5,-10,-25.19,-25.86,,5.14,35,7,13,-28,42,0.5136247389,0.0943869669
Arizona St.,Oregon,-14.5,-16.59,-15.36,-13.87,-13.95,-23.85,-12.79,-19.95,-20.62,-9,-14.5,-15,-16.51,-16,-14.2,-14.75,-11.7,-8.2,-14.77,-11.51,-17,-19.55,-14.89,-20.81,-18.7,-11.96,-12.02,-12.92,-18,,-18.3,-14.78,-14.99,-14.83,,-11,-14.84,-13,-14,-15,-13.77,-14.71,-16,-13.7,-17.22,-14.8,-12,-13.4,-14.5,-16.4,-14.14,-15,-28.54,-2.79,-13,,-10,-12.5,-20,,-20.46,-10.71,-8.7,-14.5,-1.5,-21.53,-18.8,,3.74,28,31,13,3,59,0.4933960361,0.182576686
Arkansas St.,Georgia Southern,-1,2.36,1.18,1.02,-2.12,1.53,1.95,-4.11,2.17,3,-6,3,-0.22,2.5,2.2,1.93,1.64,2.52,0.48,1.79,1,-1.95,3.57,-2.22,1.98,-2.38,0.55,-3.82,3,,8.2,0.96,0.91,2.74,,1,3.23,1,1,-1,0.75,-2.77,-4,-3.3,-1.21,2.6,2,-3,-1,0.2,3.24,0.5,1.07,0.25,3,,-2,-3.2,-1,,-1.82,0.01,-3.4,-1,9.5,-2.04,0.45,,2.90,33,38,13,5,71,0.5365378534,0.5118649805
Baylor,Texas,5.5,4.54,10.06,3.66,5.46,9.06,4.67,5.32,9.5,8,1,12,5.48,13,0.01,12.53,-1.92,7.52,5.33,6.95,8,5.25,3.48,8.84,3.16,13.2,6.09,4.55,7,,6.5,4.69,2.11,4.29,,4,4.37,3,3.5,5,7.89,2.35,-1,4.3,5.59,3.2,2,4.7,5.5,3.3,14.42,5.95,-2.39,1.99,3,,4,4.9,3,,1.46,2.89,4.9,5.5,4.5,4.83,3.97,,3.46,10,24,13,14,34,0.495825795,0.6285658904
Bowling Green,Ohio,-20.5,-14.18,-7.47,-14.09,-18.27,-10.42,-13.17,-15.23,-10.82,-8,-17,-9,-18.16,-6.5,-18.05,-1.72,-22.86,-7.23,-14.4,-9.56,-9,-20.95,-18.06,-9.56,-14.93,-4.46,-14.92,-7.57,-8,,-23.2,-14.93,-14.75,-13.84,,-14,-15.13,-18,-17.5,-17,-5.68,-16.34,,-19.6,-21.79,-17,-17,-18.6,-19.5,-14.5,-20.56,-12.4,-26.09,-0.43,-19,,-15,-19.2,-21,,,-13.72,-16.1,-20.5,-12.5,-13.33,-19.45,,5.20,66,24,13,-42,90,0.6425000961,0.1943458838
Buffalo,Toledo,8.5,4.84,4.78,10.91,16.01,13.94,5.1,5.12,9.91,11,4,5,11.24,5,2.4,1.3,15.65,6.1,7.95,11.72,3,10.65,5.8,4.06,10.83,2.07,10.62,10.16,5,,15.7,7.4,5.4,2,,10,3.19,11,7,6,5.35,7.59,,7.9,12.33,8,7,7.6,8.5,19.6,13.76,5.9,31.17,0.28,3,,9,7.2,15,,,5.49,3.2,8.5,0.01,11.13,7.63,,4.38,30,49,13,19,79,0.4866791271,0.6853576485
Charlotte,Marshall,-7,-10.88,-8.24,-11.39,-8.78,-5.41,-6.63,-7.86,-11.95,-4,-6,-8,-8.39,-5.5,-9.49,-8.16,-7.02,-6.7,-7.96,-9.63,-7,-7.55,-7.4,-21.09,-4.27,-5.73,-6.05,-5.81,-8,,-6.5,-7.4,-7.32,-11.45,,-2,-6.34,-7,-6.5,-9,-12.3,-9,-7,-5.6,-7.35,-7,-8,-4.4,-7,-11.4,-11.49,-7.4,-5.08,-3.18,-7,,-14,-5.1,-7,,-7.47,-6.91,-8.6,-7,-2.5,-10.26,-10.27,,2.35,13,24,13,11,37,0.4761493142,0.3099432084
Cincinnati,Temple,10.5,13.21,14.46,13,14.78,11.53,14.3,7.54,13.71,13,8.5,13,15.26,14,12.85,14.02,13.41,12.28,12.1,9.05,6,13.85,11.61,17.63,15.46,9.65,15.18,12.47,14,,15.4,13,12.67,13.41,,12,15.94,11,10,10,14.33,15.84,3,9.5,17.42,15.6,14,10.4,10.5,7.9,10.82,5.45,22.59,10.71,9,,10,10.3,16,,16.2,9.48,9,10.5,-5,9.92,16.19,,3.64,13,15,13,2,28,0.5391318057,0.7712563695
Colorado,Washington,-14,-15.48,-8.97,-16.21,-17.25,-12.27,-14.75,-15.57,-15.05,-8,-11,-10,-15.64,-10,-16.89,-5.37,-14.72,-7.97,-13.82,-11.95,-13,-17.95,-14.31,-21.5,-16.46,-1.69,-12.6,-11.73,-12,,-15.8,-14.7,-12.89,-14.69,,-8,-13.48,-16,-13,-10,-14.91,-15.13,-23,-15.9,-17.32,-13.9,-15,-14.5,-14,-16.3,-22.21,-13.7,-13.52,-1,-13,,-13,-14.7,-16,,-20.64,-11.71,-12.3,-14,-4,-15.1,-17.52,,4.01,14,20,13,6,34,0.5043857565,0.1993149991
Connecticut,East Carolina,-14.5,-7.92,-4.07,-10.39,-8.33,-11.87,-6.07,-11.04,-5.68,-5,-5,-5,-11.18,-6,-10.91,-0.25,-6.94,-13.08,-8.36,-4.11,-9,-15.75,-8.67,-2.84,-16.28,-1.81,-5.17,-7.71,-6,,-11.5,-8.44,-8.77,-7.16,,-3,-10.37,-11,-13,-14,-0.35,-5.56,-5,-12.1,-8.48,-8.4,-7,-9.3,-13.5,-10.9,-16.1,-8.15,-1.55,-0.66,-9,,-10,-10.7,-15,,-9.04,-6.71,-9.4,-14.5,-5,-11.79,-10.38,,3.68,31,24,13,-7,55,0.6468280452,0.3039765571
Florida Intl.,Miami (Fla.),-20.5,-21.4,-13.83,-21.28,-20.68,-11.4,-16.95,-20.59,-24.41,-7,-23,-15,-21.3,-14,-20.81,-9.8,-15.85,-9.72,-18.35,-18.94,-10,-22.55,-16.48,-36.22,-25.87,-8.27,-14.94,-16.5,-16,,-12.8,-18.52,-19.63,-19.01,,-9,-18.11,-15,-17.5,-23,-21.26,-16.92,-13,-23.4,-17.74,-19,-17,-21.8,-20.5,-29.8,-24.99,-16.9,-13.95,-4.49,-17,,-19,-21.9,-20,,-19,-13.71,-16.5,-20.5,-14.5,-25.38,-22.64,,4.87,24,30,13,6,54,0.5515129017,0.1345503
Fresno St.,Nevada,14,9.31,3.76,10.91,12.91,10.64,13.4,8.72,2.67,6,14.5,7,18.27,4.5,15.98,-4.05,21.01,5.17,10.59,5.53,5,13.45,16.69,3.59,11.59,0.43,12.22,2.92,6,,19.3,10.78,12.02,9.61,,12,16.09,15,12.5,6,2.72,10.92,5,10.1,19.26,17.7,14,8.9,14,6.8,19.02,13.9,21.9,-0.92,16,,7,9.6,16,,19.02,9.29,12.3,14,9,3.97,18.06,,5.78,35,28,13,-7,63,0.4200126766,0.7346356372
Georgia,Texas A&M,13,11.76,13.36,15.62,14.38,17.42,14.07,10.69,13.13,16,7.5,16,13.8,16.5,10.84,13.12,16.04,11.36,13.11,13.31,6,13.25,12.18,13.13,15.25,12.85,15.4,11.89,13,,15.4,13.19,12.27,11.37,,11,13.69,14,14,11,10.9,14.76,10,14.3,16.38,14.5,15,12.8,13,11.8,14.77,10.15,-1.27,2.76,13,,14,12.9,17,,7.83,9.19,11.1,13,8.5,14.97,13.47,,2.45,13,19,13,6,32,0.5027320534,0.7928049363
Georgia St.,South Alabama,10,17.31,18.93,15.49,13.28,13.04,15.09,5.68,20.67,17,16.5,23,11.21,23,13.77,23.09,12.13,16.44,14.44,13.98,13,10.55,14.49,22.44,16.04,17.63,14.45,14.3,18,,13.5,14.37,14.63,17.64,,12,15.01,11,11,13,18.73,9.51,8,18.5,13.43,12.5,14,17.2,11,7.8,5.73,8.35,26.21,12.87,16,,17,18.7,10,,12.03,11.89,12,10,5.5,14.66,14.15,,3.98,15,28,13,13,43,0.6069220579,0.8112074977
Georgia Tech,NC St.,2.5,-1.2,-2.57,-0.36,4.01,-5.66,0.86,-0.72,0.3,-1,12,-3,-0.88,-0.5,-1.48,-3.49,0.79,-2.28,0.68,5.86,-7,2.65,-0.97,-3.41,8.34,-4.26,3.81,-1.46,-2,,8.3,-0.72,-1.68,-2.7,,1,-1.69,5,1,3,-0.57,-1.85,,-0.8,3.58,-0.01,-1,-2,2,5.8,0.76,-2.45,10.17,0.76,-1,,3,-1.4,7,,,-0.72,4.7,2.5,3.5,5.79,-1.39,,3.76,26,28,13,2,54,0.4555878458,0.5166231629
Hawaii,San Diego St.,3,-2.22,0.57,-1.2,0.8,-7.26,0.76,0.5,-1.25,1,4,-1,3.18,-1,-2.36,-0.82,-4.39,0.27,0.54,2.38,-2,0.01,-0.68,-2.38,3.08,0.11,2.1,2.79,1,,4.1,0.67,0.01,-3.04,,1,3.18,-3,1,0.01,-1.7,5.03,2,1,2.12,2.7,0.01,1.5,3,2.8,4.12,2,-2.1,0.31,7,,-2,1.8,3,,2.06,-0.61,-1.7,3,-4.5,0.15,1.93,,2.58,11,14,13,3,25,0.4392142062,0.5133927592
Indiana,Michigan,-9.5,-12.59,-7.69,-8.92,-10,-6,-6.9,-11.35,-12.26,-4,-5.5,-9,-9.14,-7.5,-12.08,-6.91,-7.83,-7.19,-9.15,-6.57,-5,-12.85,-7.71,-9.53,-12.17,-6.45,-6.7,-9.63,-9,,-8.6,-9.07,-9.58,-13.46,,-4,-10.29,-10,-8,-11,-5.1,-14.25,-15,-11.7,-10.18,-9.5,-10,-10.9,-9.5,-9,-9.73,-4.4,-5.99,-2.11,-9,,-9,-11.4,-9,,-9.71,-4.61,-8.9,-9.5,-11,-8.63,-10.67,,2.39,39,14,13,-25,53,0.5086971998,0.2843468699
Iowa,Illinois,15.5,16.98,13.8,18.57,15.32,17.46,15.59,14.83,12.53,12,23.5,13,17.52,12.5,19.07,11.78,20.47,11.28,15.63,10.97,5,17.95,14.15,20.25,13.23,12.44,16.73,12.15,16,,20.1,15.8,17.17,18.87,,14,16.13,19,12,14,15.34,13.98,3,18,18.7,18.5,20,15.2,15.5,11,17.63,18.6,7.78,2.7,18,,11,17.8,16,,16.09,14.58,13.1,15.5,15,15.4,17.79,,3.24,10,19,13,9,29,0.5032011473,0.8326655836
Iowa St.,Kansas,24.5,21.64,20.17,21.34,25.04,27.38,22.96,20.46,20.16,21,19,21,24.42,22,23.14,17.88,25.65,15.28,22.5,17.62,15,23.35,23.93,37.16,18.29,11.68,23.8,20.81,22,,32.5,22.1,20.45,21.74,,22,25.77,24,22.5,19,27.51,26.95,24,23.3,27.24,25.4,24,22.2,24.5,20.4,28.99,29.6,16.72,2.79,23,,16,22.7,24,,18.16,20.29,20.2,24.5,13,20.26,25.2,,4.20,31,41,13,10,72,0.4515308388,0.9146861126
Kent,Ball St.,-3.5,-0.01,0.14,-0.93,-1.32,-4.78,0.62,-2.3,0.58,2,-4,0.25,-4.08,1,-1.11,2.41,-2.04,1.05,-1.31,1.17,-3,-1.25,-1.56,-1.13,-1.14,-1.05,0.5,1.23,-1,,-6.5,-1,-1.51,0.27,,-3,-1.33,1,-3,0.01,1.51,-2.7,-17,0.5,-2.38,-2.7,0.01,0.4,-3,0.7,-6.54,-8.6,-4.89,0.17,-1,,3,0.01,-1,,-4.18,-0.91,-5.9,-3.5,0.01,7.61,-3.41,,2.63,38,41,13,3,79,0.5541274807,0.4675582312
LSU,Arkansas,43.5,42.23,44.08,41.13,43.74,48.4,33.76,43.93,50.61,41,37,49,44.56,47.5,36.82,43.82,37.16,18.94,41.47,40.12,36,48.05,35.95,58.22,49.34,35.52,39.99,46.16,43,,49.6,42.75,40.66,39.81,,31,37.04,44,43.5,45,42.43,46.39,15,48,43.45,40.8,38,45,43.5,50.5,45.28,45.95,35.4,25.74,38,,38,47.1,49,,40.65,29.29,34,43.5,19,53.91,42.49,,6.76,20,56,13,36,76,0.4531717521,0.9918796199
Louisiana-Lafayette,Troy St.,14,11.19,18.73,12.3,15.47,14.4,13.67,12.47,12.47,15,8,24,20.2,22.5,11.1,17.94,6.84,12.85,12.49,12.36,11,11.45,15.93,33.69,18.74,11.5,17.01,8.82,19,,17.1,12.47,13.96,10.22,,13,13.28,10,13,9,23.25,10.03,-1,9.8,17.42,15.9,12,8.9,14,6.3,14.11,15.15,11.91,2.62,13,,13,9.2,11,,11.31,10.59,9.7,14,-3,11.97,-28.2,,7.17,3,53,13,50,56,0.4654583152,0.7633351086
Louisiana-Monroe,Coastal Carolina,5.5,3.16,3.87,4.5,2.48,-0.23,2.94,-0.1,5.73,4,-1.5,4,-0.01,5,0.11,5.98,-0.72,5.56,3.26,4.82,-3,1.95,3.08,6.56,8.71,2.27,3.46,0.24,3,,7.6,3.12,0.71,3.66,,1,2.69,7,5.5,6,5.78,2.62,8,0.9,1.69,2.8,4,0.5,5,2.4,5.34,-1.5,-3.35,0.97,4,,6,1.4,5,,1.72,4.08,1.8,5.5,6.5,4.69,0.98,,2.49,42,45,13,3,87,0.444566181,0.5803855615
Louisville,Syracuse,10,4.18,12.33,4.4,7.66,7.65,7.4,10.12,6.47,10,6,13,7.77,14.5,2.62,14.79,-0.74,9.02,6.59,7.42,6,-0.45,4.21,25.25,8.65,6.43,9.76,4.72,13,,14.5,6.22,3.98,3.5,,8,6.01,-2,7.5,6,17.31,-4.63,-6,1.6,8.6,4.6,3,1.5,9.5,4.1,12.38,15.15,12.42,2.48,6,,7,0.9,-5,,1.58,5.79,1.8,10,5,9.92,9.23,,4.82,34,56,13,22,90,0.4185742661,0.6543976947
Maryland,Nebraska,-5,-2.74,0.78,1.09,-0.23,-1.24,-3.84,2.15,-1.88,-1,-1,3,1.3,3,-3.54,0.51,-2.48,-0.01,-1.55,1.16,-1,-4.25,-3.01,-1.78,-2.52,1.68,-0.21,-2.83,1,,-6.1,-1.7,-0.27,-3.02,,-6,0.24,0.01,-4.5,-5,-1.62,-2.06,-2,-3.4,-3.79,-0.5,0.01,-4.4,-4,-0.7,-6.5,1.15,-0.66,0.04,-3,,3,-2.8,-1,,-4.4,-0.92,-5.3,-5,-2,-3.29,-2.9,,2.35,54,7,13,-47,61,0.5851090713,0.461527657
Massachusetts,BYU,-40.5,-39.67,-36.52,-39.85,-42.28,-24.69,-36.39,-39.8,-43.59,-26,-33.5,-39,-47.08,-36,-39.94,-30.84,-33.31,-13.65,-37.53,-38.41,-29,-46.85,-44.42,-39.91,-47.82,-15.26,-37.35,-27.58,-40,,-48.9,-39.74,-39.03,-36.09,,-29,-36.42,-40,-39,-44,-25.76,-36.72,-18,-44.6,-46.65,-41.3,-37,-42,-40.5,-40.6,-50.95,-41.45,-41.61,-22.3,-41,,-43,-43.3,-45,,-49.01,-27.71,-37,-40.5,-15.5,-36.79,-50.07,,8.96,56,24,13,-32,80,0.5647148538,0.0197521488
Miami (Ohio),Akron,31,32.15,36.11,37.15,39.02,23.01,29.6,37.64,38.67,33,29,31,38.65,33.5,28.96,34.76,32.01,19.65,31.65,37.46,21,41.05,26.64,33.28,36.56,18.4,34.5,29.72,36,,36.2,32.18,31.2,29.57,,21,25.29,33,30.5,40,25.27,27.13,,30.7,36.47,32.2,30,27.9,31,42.5,35.09,19.15,38.92,31.89,23,,39,28.6,42,,,26.29,21.5,31,12.5,46.29,36.68,,7.14,17,20,13,3,37,0.5148957135,0.9655058848
Middle Tenn.,Old Dominion,14.5,12.46,13.88,13.84,13.53,9.1,10.2,12,12.73,12,6.5,14,13.71,13,11.57,13.98,22.04,12.9,12.05,10.63,7,16.35,12.86,8.84,17.64,10.91,11.73,9.51,12,,15.1,12.88,12.16,13.33,,9,14.06,18,13,11,8,17.03,3,16.8,12.51,14.2,14,16.1,14.5,14.4,19.51,3.85,8.5,17.88,14,,14,17.3,15,,12.99,9.39,11,14.5,5.5,8.02,-16.5,,5.19,17,38,13,21,55,0.4416886175,0.7646904336
Missouri,Tennessee,4,0.64,0.16,2.02,1.4,12,6.25,4.22,-7.24,2,-9,2,3.42,1.5,6.03,-1.59,10.25,1.66,2.36,-3.54,1,1.65,5.81,-3.78,1.3,1.51,4.72,-3.76,1,,5.6,3.01,5.46,4.29,,5,3.02,7,4,-6,0.01,5.76,16,3.2,5.18,5.4,5,1,4,-8.9,-0.81,3.85,11.55,-0.43,4,,-3,3.4,3,,9.35,5.19,4,4,1,-4.5,4.38,,4.32,24,20,13,-4,44,0.4602964264,0.5570333786
Navy,SMU,3.5,3.1,1.83,3.48,6,9.1,5.57,4.02,0.78,3,5.5,4,7.67,-3,5.65,-1.32,6.02,2.63,3.39,3.53,-1,3.75,3.33,1.81,8.41,0.21,6.45,3.92,2,,2.5,3.54,3.56,2.49,,6,1.57,5,2.5,4,2.04,-3.98,-5,-4.6,7.9,4.9,3,-2.2,3.5,1.5,11.46,10.45,3.77,-0.05,8,,5,-4.8,5,,5.59,1.18,0.3,3.5,5.5,3.36,5.93,,3.48,28,35,13,7,63,0.4972997052,0.5826192095
New Mexico,Air Force,-22.5,-26.38,-26.14,-27.28,-25.88,-23.11,-20.61,-27.06,-33.89,-20,-19.5,-26,-28.64,-24,-22.53,-24.8,-23.49,-12.36,-24.36,-24.27,-20,-29.25,-23.04,-43.5,-26.35,-16.31,-23.52,-21.43,-26,,-32.3,-24,-23.11,-23.54,,-16,-21.63,-24,-21.5,-27,-29,-19.65,,-24.2,-28.09,-23.8,-25,-21.4,-22.5,-30.2,-21.16,-23.45,-28.58,-13.95,-22,,-25,-22,-29,,-27.53,-21.21,-20.2,-22.5,-6.5,-30.78,-27.73,,4.67,44,22,13,-22,66,0.4552471337,0.0704732563
New Mexico St.,UTEP,7.5,8.87,5.19,13.22,9.39,2.16,8.29,2.29,10.29,6,11,7,7.74,7.5,7.95,3.81,6.48,10.11,7.38,9.94,-3,8.25,8.46,4.06,4.26,7.08,6.66,4.78,6,,10.7,7.29,6.37,8.53,,4,7.07,6,7,6,4.17,8.87,5,8.1,9.85,7.8,9,6.8,7.5,6.1,13,6.95,-3.57,-6.18,9,,9,8.7,6,,9.43,6.59,6.7,7.5,6,7.9,8.34,,2.76,35,44,13,9,79,0.4970288007,0.6765371808
Northern Ill.,Eastern Mich.,5,3.9,0.76,3.88,2.68,6.3,5.36,4.95,3.08,5,4.5,1,4.38,2,5.22,-1.18,6.92,1.7,4.39,3.01,-3,7.65,7.09,1.28,5.84,4.17,4.26,3.69,1,,2.7,4.32,2.23,3.48,,3,5,7,4.5,5,1.13,6.42,,7.7,3.85,6,5,7,5,4.1,5.76,8.05,9.64,0,8,,1,7.8,7,,,3.08,4.7,5,2,8.6,4.06,,2.42,45,17,13,-28,62,0.4848488929,0.6077210554
Northwestern,Minnesota,-13.5,-16.66,-24.02,-16.32,-22.57,-20.78,-14.67,-15.93,-23.07,-19,-9,-19,-17.89,-21.5,-12.65,-27.34,-12.69,-11.44,-16.73,-15.28,-20,-20.25,-11.68,-40.84,-20.2,-13.13,-17.64,-14.94,-23,,-24.5,-15.97,-15.14,-14.23,,-12,-16.1,-12,-12,-15,-28.07,-8.27,-6,-16,-19.68,-11.9,-12,-15.4,-13.5,-20.8,-24.71,-8.5,-16.99,-5.56,-12,,-15,-14.6,-20,,-16.59,-12.21,-11.5,-13.5,-2,-19.35,-18.59,,5.03,38,22,13,-16,60,0.4230984336,0.1575213633
Notre Dame,Boston College,19,20.22,21.05,17.09,19,21.35,17.91,19.6,21.51,20,16,26,22.8,24.5,19.5,20.11,17.77,12.95,19.49,16.95,14,20.15,13.72,29.41,16.42,16.62,21.17,19.34,23,,25,19.45,18.95,19.61,,17,21.88,17,18,17,22.18,20.22,6,19.2,24.31,23,18,18.6,19,16.2,24.75,22.75,23.37,3.74,20,,17,19.4,19,,19.27,16.79,19.2,19,11.5,21.9,22.84,,3.08,7,40,13,33,47,0.5120869759,0.8859533818
Ohio St.,Penn St.,18.5,15.48,12.45,16.53,15.33,24.65,14.75,14.98,15.18,17,8,15,20.68,16,16.86,8.01,16.74,10.78,15.99,23.07,10,18.45,10.84,5.09,22.96,7.51,17.54,14.8,12,,27.9,16.5,14.22,14.58,,18,14.31,19,18,17,5.13,19.08,1,21.3,21.59,18.8,13,20,18.5,18.1,23.59,14.2,14.03,17.03,11,,27,19.8,19,,16.46,12.29,18.1,18.5,10,18.67,19.4,,4.89,17,28,13,11,45,0.4399442754,0.8321389393
Oklahoma,TCU,18,16.64,16.93,12.44,14.43,10.71,14.42,13.3,16.76,16,15,22,15.6,22,16.38,17.64,14.75,11.86,15.86,11.4,14,17.55,18.26,17.31,16.08,16.36,14.48,15.49,16,,19.2,16,16.55,16.8,,12,17.12,19,17,14,15.46,16.91,12,17.6,15.4,16.8,16,15.3,18,10.2,25.98,11.05,19.26,2.62,16,,9,18.4,22,,13.97,12.79,13.3,18,19,17.17,17.61,,3.08,24,28,13,4,52,0.447355358,0.8366651119
Rice,North Texas,-6.5,-5.45,-2.55,-2,1.47,-4.41,0.46,1.38,-3.96,1,8,-6,0.46,-5.5,-4.77,-4.18,-3.62,-4.95,-2.3,1.38,-8,1.25,-8.07,-2.34,-1.56,-5.85,-0.36,-1.15,-1,,-2.6,-2.45,-3.13,-7.68,,0.01,-6.26,-1,-5.5,-1,-0.54,-5.09,-10,-5.7,-0.58,-3.4,-5,-3.6,-5.5,3.1,-3.77,0.15,1.81,-0.01,-6,,2,-4.9,1,,2.97,-2.81,-1,-6.5,-7.5,0.01,0.49,,3.30,14,20,13,6,34,0.6022013128,0.4435952125
Rutgers,Michigan St.,-20.5,-20.61,-13.59,-20.89,-17.26,-21.79,-18.5,-15.39,-17.94,-9,-13,-13,-22.57,-9.5,-23.19,-8.74,-23.49,-10.47,-18.18,-15.02,-14,-17.65,-22.93,-30.19,-22.58,-8.35,-19.27,-15.62,-16,,-30.2,-18.44,-19.35,-20.97,,-15,-21.89,-15,-20,-15,-18.37,-22.09,-17,-21.9,-24.9,-23,-20,-20.8,-20.5,-13,-20.63,-15.6,-23.17,-1.93,-17,,-24,-21.5,-18,,-21.51,-20.72,-17.3,-20.5,-4.5,-11.4,-24.28,,5.17,27,0,13,-27,27,0.5552642791,0.1380721783
South Florida,Memphis,-14.5,-14.71,-16.05,-13.85,-15.81,-6.35,-10.36,-14.85,-19.35,-15,-12,-16,-14.35,-17,-11.7,-16.96,-15.25,-9.12,-13.51,-11.51,-18,-12.25,-12.87,-30.34,-14.94,-9.72,-14.77,-5.71,-16,,-16.3,-13.63,-13.22,-13.63,,-9,-10.79,-13,-14,-10,-20.02,-8.36,-6,-14.3,-17.86,-13.3,-14,-12.8,-14.5,-15.2,-13.51,-13,-23.13,-2.56,-15,,-9,-13.6,-15,,-16.86,-12.21,-12.2,-14.5,-3.5,-17.22,-13.62,,3.41,49,10,13,-39,59,0.5243087818,0.2026942165
Southern Miss.,Western Kentucky,4,5.79,8.25,6.97,3.6,2.42,4.21,5.73,6.39,14,4.5,5,5.58,6,4.85,9.69,3.47,5.39,5.48,5.25,3,6.05,5.11,12.25,5.07,6.54,3.31,6.26,7,,-2.8,5.67,6.05,6.21,,3,4.83,8,5.5,4,8.47,8.82,-1,5.6,2.1,7.5,6,4.8,4,5.9,6.34,4,8.96,1.23,6,,6,6.8,6,,4.06,4.99,2.7,4,1.5,6.64,5,,2.31,28,10,13,-18,38,0.5367533009,0.6336749183
Stanford,California,3,0.96,0.33,1.69,-1.66,-2.45,-1.88,-1.74,-2.7,2,8,0.25,0.57,0.5,2.95,0.19,3.63,-0.96,1.14,0.38,-4,1.85,2.39,-2,1.4,1.64,-0.38,0.86,-3,,-1.5,0.98,1.41,3.22,,1,2.04,5,3,1,-1.63,6.91,11,-1,-1.86,4.2,2,-0.6,2.5,-0.4,3.27,1.15,-5.42,0.43,1,,-4,0.01,3,,1.9,1.39,0.9,3,9.5,0.99,-1.23,,2.63,24,20,13,-4,44,0.4539889011,0.5282395376
Texas Tech,Kansas St.,2.5,-2.12,-5.72,-0.9,-1.61,-5.26,-1.03,-2.4,-2.07,1,2,-5,-3.69,-4,-2.17,-6.8,-1.6,-1.69,-1.74,0.99,-6,-0.65,-0.86,-11.22,-2.75,-2.22,-3.01,1.05,-5,,-5.3,-1.65,-2.92,-2.15,,-1,-1.14,1,-1.5,1,-8.03,-2.01,13,-2.3,-4.05,-1.4,-1,-1.1,1.5,3.3,2.18,-2.05,0.74,-1.1,-1,,2,-1.6,-2,,-4.73,-0.91,-0.01,2.5,0.01,-1.29,-3.57,,2.37,30,27,13,-3,57,0.3958294259,0.4568375742
Texas-San Antonio,Florida Atlantic,-21,-18.64,-17.22,-22.67,-25.32,-14.97,-16.66,-22.09,-19.45,-15,-13,-17,-25.05,-16.5,-19.59,-13,-26.82,-10.94,-19.15,-17.81,-15,-20.95,-23.45,-29.16,-19.97,-11.09,-21.35,-14.64,-19,,-30.4,-19.52,-18.84,-16.93,,-16,-18.95,-21,-18.5,-19,-20.78,-16.2,-11,-21.3,-27.2,-22.2,-22,-18.1,-21,-20.8,-20.92,-12.85,-33.75,-3.89,-16,,-18,-19.8,-22,,-21.32,-19.71,-20,-21,-5.5,-22.46,-23.75,,4.52,40,26,13,-14,66,0.544621526,0.1229798307
Tulane,Central Florida,-6,-7.28,-2.42,-6.39,-6.58,-3.53,-4.25,-4.98,-6.76,1,-7,-2,-6.3,-3,-6.72,-0.34,-10.12,-3.22,-6.34,-3.36,-6,-8.05,-9.09,-8.53,-4.29,0.36,-4.31,-2.97,-4,,-13.7,-6.65,-7.11,-8.41,,-3,-8.88,-10,-6,-7,-4.67,-6.79,-20,-9.6,-6.48,-6.9,-9,-8.1,-6,-6.2,-10.77,-5.55,-8.52,-0.32,-6,,-3,-9.5,-7,,-6.76,-5.01,-8.7,-6,-7,-5.46,-7.5,,2.94,34,31,13,-3,65,0.491598941,0.3472686953
Tulsa,Houston,3,1.62,7.3,4.85,4.71,11.16,4.4,0.78,3.83,7,5,7,4.77,6.5,0.78,8.67,-0.57,5.04,3.98,7.08,-1,4.45,1.97,11.47,3.71,-1.04,4.3,1.86,8,,7.9,4.42,3.23,0.23,,5,3.26,1,2.5,5,7.85,-0.92,-16,0.01,3.66,0.6,0.01,0.7,3,8.2,4.57,10.15,-1.41,2.68,1,,9,0.6,5,,9.12,3.59,1.9,3,2,8.42,5.09,,3.24,24,14,13,-10,38,0.5241159923,0.5970234219
UAB,Louisiana Tech,6,-3.73,-4.51,-2.31,-3.39,-1.14,-0.68,-3.99,-5.05,1,-0.5,-3,-2.92,-2.5,-2.89,-5.35,4.18,-1.38,-2.54,-1.41,-4,-4.25,-4.44,-12,-9.77,0.26,-2.48,1.63,-6,,-5.8,-2.9,-3.03,-3.28,,0.01,-3.11,-2,5.5,0.01,-6.35,-4.26,1,-4.1,-4.03,-1.9,0.01,-2.6,4.5,-3.4,2.74,-1.8,18.91,-2.08,1,,-5,-4.4,-1,,-4.21,-1.21,1.3,6,3,-3.6,-4.61,,2.62,14,20,13,6,34,0.2977863458,0.4372811838
UNLV,San Jose St.,-6.5,-2.89,-6.63,-5.48,-9.4,-4.59,-5.12,-4.39,-4.73,-6,-6.5,-7,-6.78,-8,-2.87,-6.55,-7.79,-5.95,-4.25,-6.35,-9,-1.05,-4.09,-7.97,2.08,-0.42,-7.33,-2.71,-6,,-3.8,-4.49,-3.86,-1.1,,-4,-4.22,1,-4.5,-2,-3.79,2.67,9,-3.3,-9.05,-2.6,-3,-3,-6.5,-6,-11.7,-1.45,-11.3,-0.73,2,,-9,-2.5,-5,,-4.6,-3.51,-5.1,-6.5,-2,-10.32,-4.86,,3.09,35,38,13,3,73,0.5553256613,0.3963530959
USC,UCLA,14,12.35,13.35,11.96,13.9,14.54,13.34,18.04,11.61,16,9.5,16,15.31,17,13.21,12.3,11.89,11.48,13.51,10.23,10,14.55,10.91,21.88,5.3,10.83,13.93,13.23,15,,17.5,13.2,12.79,12.19,,11,12.84,18,12.5,10,17.36,11.17,1,13.2,15.97,14.7,14,12.9,14,11.3,22.61,17.35,8.64,1.82,12,,11,12.2,19,,16.2,9.69,10.3,14,17.5,12.53,15.46,,2.96,35,52,13,17,87,0.4878967852,0.7985905852
Utah St.,Boise St.,-8.5,-6.51,-6.18,-5.3,-8.44,-10.26,-4.44,-3.73,-8.86,-4,0.5,-7,-5.85,-7.5,-3.98,-6.35,-1.05,-4.73,-5.38,-5.07,-9,-6.85,-5.61,-9.53,-4.75,-4.58,-5.5,-1.57,-5,,-13,-5.03,-3.52,-6.75,,-5,-6.35,-2,-7.5,-3,-6.39,-4.1,-10,-2.9,-8.17,-5.8,-5,-4.3,-7.5,-4.9,-9.36,-5.45,-10.37,-0.97,-4,,-4,-3.6,-3,,-3.34,-3.12,-6.1,-8.5,-7.5,-0.34,-7.28,,2.48,56,21,13,-35,77,0.57698293,0.368873725
Virginia,Liberty,17,22.18,16.79,20.18,16.99,14.51,17.73,20.43,22.66,13,27.5,17,18.07,14.5,21.1,16.09,23.85,13.64,18.77,17.84,5,21.45,19.21,37.69,19.09,13.3,19.24,13.48,18,,13,19.02,19.34,22.85,,13,18.94,23,19,20,25.14,23.53,18,18.3,20.7,20.1,21,17.4,17,14.7,8.81,17.1,27.24,4.07,22,,13,18.6,21,,19.59,18.79,19.2,17,8.5,21.56,20.67,,4.26,27,55,13,28,82,0.5428821622,0.8732896084
Virginia Tech,Pittsburgh,4,2.21,1.05,2.39,5.83,-0.71,3.84,1.36,3.53,7,-10,1,3.11,2,1.93,-0.01,0.23,0.58,3.17,5.5,1,5.45,1.68,-0.16,4.73,4.82,3.19,5.58,1,,2.3,3.04,1.25,1.31,,1,3.08,4,2.5,9,1.65,6.06,-3,5.6,3.38,3.9,3,5.3,4,11.7,5.79,2.1,1.41,0.15,4,,5,5,10,,4.81,1.99,2.7,4,3,7.1,2.91,,3.08,0,28,13,28,28,0.4795316441,0.5777105783
Wake Forest,Duke,7,9.6,13.46,6.03,11.98,13.21,7.48,8.4,15.87,13,12,14,9.92,13.5,5.61,15.37,4.63,9.02,9.33,7.88,10,13.95,2.87,24.22,7.39,9.05,7.77,10.34,14,,9.6,8.2,6.96,6.25,,5,6.41,7,6.5,11,18.55,4.68,-3,6.5,6.72,6.8,4,6.2,7,19.7,11.81,7.2,-5.82,1.78,6,,5,6.2,16,,14.04,4.89,1.2,7,8,11.44,9.18,,3.97,27,39,13,12,66,0.5566143845,0.7157204323
Washington St.,Oregon St.,10.5,8.52,4.65,8.61,10.73,4.93,7.92,6.46,3.44,10,17,8,12.03,7,12.32,0.66,19.34,4.51,9.86,5.2,4,10.25,11.36,4.66,3.89,4.17,9.75,4.14,5,,13.1,9.87,10.87,9.99,,10,13.44,19,12.5,7,6.01,16.43,7,15.7,9.53,15.3,16,13.3,10.5,10.3,8.81,11.75,3.65,-0.35,13,,1,15.1,16,,10.38,9.69,12.1,10.5,18,9.6,9.41,,4.62,53,54,13,1,107,0.4845612997,0.724531498
West Va.,Oklahoma St.,-6.5,-9.45,-10.06,-8.6,-12.06,-16.12,-8.87,-6.11,-11.23,-6,-0.5,-11,-13.55,-11,-8.89,-8.18,-5.54,-6.99,-8.16,-7.27,-13,-4.65,-8.28,-17.56,-11.03,-2.02,-10.47,0.3,-10,,-16.8,-8.15,-6.51,-8.12,,-9,-8.58,-2,-7,-6,-13.47,-3.54,-5,-6,-13.1,-10.3,-8,-6.7,-6.5,-4.5,-11.59,-13.75,-22.9,-1.51,-5,,-7,-5.8,-3,,-11.49,-7.71,-6.5,-6.5,3,-7.1,-11.72,,4.17,20,13,13,-7,33,0.4597221846,0.3095455569
Wisconsin,Purdue,24.5,24.62,23.64,22.7,23.29,34.16,24.74,20.65,25.49,22,13.5,23,30.11,22.5,24.76,20.15,24.1,16.27,22.55,19.44,18,21.35,20.38,32.41,20.87,15.01,25.8,16.64,27,,32.7,22.58,22.65,23.67,,24,22.78,19,21.5,17,25.12,19.78,23,20,30.95,26.7,21,19.4,24.5,17.1,26.67,23.3,41.02,3.67,21,,22,19.5,21,,24.89,19.29,16.3,24.5,16,18.58,29.5,,4.47,24,45,13,21,69,0.4529393929,0.9142375931
Wyoming,Colorado St.,6.5,10.43,12.97,13.9,14.95,13.58,13.31,8.43,7.42,14,9.5,13,12.73,14.5,12,13.1,13.21,12.24,11.71,10.94,7,8.35,9.98,22.56,6.23,14.1,15.19,7.89,14,,15,12.1,12.37,11.85,,8,11.67,12,7,6,18.2,11.77,7,13.5,15.81,13,14,12.2,7.5,7.9,8.82,3.6,15.07,2.36,8,,10,13.6,10,,13.01,9.78,10.9,6.5,10,11.62,13.98,,2.88,7,17,13,10,24,0.6266280856,0.7660287652
Air Force,Wyoming,11,11.46,13.31,11.98,11.38,8.5,8.66,9.43,15.2,13,9,10,13.45,12,9.61,13.24,11.36,8.25,10.89,11.56,7,10.65,10.82,21.54,11.07,7.74,11.32,9.49,14,,15.5,11,8.83,10.14,,10,10.48,11,10.5,9,14.8,8.39,4,8.3,11.43,13.1,12,7.7,11,10.7,12.25,14.45,21.52,2.66,11,,11,7.8,12,,11.72,8.82,9.5,10.5,4.5,11.1,10.77,,2.22,6,20,14,14,26,0.4972622826,0.7515536224
Akron,Ohio,-28,-26.33,-23.77,-26.57,-27.27,-19.06,-21.35,-26.89,-29.44,-18,-24,-28,-29.36,-25,-25.6,-20.76,-29.08,-13.63,-24.08,-23.77,-21,-30.65,-32.65,-15.54,-29.48,-8.73,-22.72,-17.6,-24,,-29,-25,-24.37,-24.55,,-17,-21.04,-25,-27,-30,-10.94,-22.58,-22,-29.3,-28.93,-25.2,-25,-27.1,-28,-26.3,-26.57,-16.5,-45.03,-37.21,-24,,-28,-27.7,-31,,-29.39,-21.77,-17.4,-28,-12,-29,-29.21,,5.71,52,3,14,-49,55,0.5918626021,0.0767575665
Arizona St.,Arizona,13.5,12.75,11.67,13.71,16.55,10.52,13.08,11.48,14.02,15,5,12,13.83,12.5,13.13,10.51,14.98,10.42,12.42,12.81,7,13.35,8.84,21.89,13.96,7.29,13.74,11.68,12,,11.9,12.55,11.31,11.06,,11,11.31,15,12.5,15,17.94,12.78,-0.01,13.6,14.62,12.1,11,12.5,13.5,16,18.75,10.8,10.74,1.26,10,,13,12.6,15,,11.97,9.22,11.6,14,5.5,13.61,14.75,,2.72,14,24,14,10,38,0.4732677962,0.7796957557
Arkansas,Missouri,13,-11.68,-10.14,-13.76,-9.91,-22.22,-11.61,-14.45,-11.63,-5,2.5,-11,-13.57,-7,-12.5,-8.3,-14.4,-6.5,-12.57,-6.6,-13,-17.65,-11.89,-19.5,-17.73,-11.97,-7.55,-13.12,-9,,-15.7,-12.51,-17.08,-11.85,,-8,-13.18,-16,-11,-13,-13.24,-19.77,-13,-19.7,-10.48,-12.4,-12,-17.5,11.5,-15.5,-12.51,-9.95,-2.78,-1.66,-15,,-10,-20,-16,,-16.27,-11.5,-8.6,13,-2,-14.74,-17.61,,4.44,24,14,14,-10,38,0.0604131433,0.2228469826
Auburn,Alabama,-3.5,-6.91,-2.84,-8.37,-3.87,-0.11,-1.76,-4.67,-6.71,-2,-1,-2,-5.1,-1,-6.56,-1.63,-8.99,-2.51,-4.47,-5.38,-7,-5.35,-5.36,-1.14,-3.66,-2.88,-1.66,-1.67,1,,-15.9,-4.11,-5.85,-7.6,,-2,-5.54,-7,-3.5,-5,0.66,-3.77,-7,-5.9,-3.86,-5.5,-6,-3.7,-3.5,-7.2,-8.44,-0.65,-12.8,-8.73,-4,,-3,-5,-2,,-0.38,-7.28,-6.9,-3,-12.5,-4.22,-3.64,,3.15,45,48,14,3,93,0.4761047896,0.3912038631
Ball St.,Miami (Ohio),3,-2.2,-4.63,2.51,5.35,7.25,2.78,3.49,-6.61,1,-1,-3,6.14,-4,2.47,-10.42,1.14,-3.95,1.3,1.87,-1,5.15,3.54,-14.25,0.4,-5.94,2.68,-3.56,-3,,5.2,2.24,0.59,-2.59,,7,4.98,3,2.5,0.01,-7.35,5.39,17,1.1,6.92,5.3,1,2,3,6.3,3.37,7,14.44,-1.49,5,,2,1.4,4,,5.12,2.73,5,3,-2,-8.67,5.97,,4.39,27,41,14,14,68,0.4588945466,0.5314567409
Buffalo,Bowling Green,29,23.12,19.48,25.89,31.21,28.53,22.04,25.09,22.45,25,23.5,20,30.16,19.5,25.96,13.72,31.95,14.91,24.72,21.66,17,32.55,27.48,22.57,30.72,12.95,26.53,21.47,20,,39,24.96,23.84,21.17,,26,22.87,31,29,25,19.53,24.92,22,29.1,31.98,27.3,25,28.6,28.5,28.4,31.22,20.4,49.27,2.01,23,,13,27.4,32,,24.83,24.73,21.8,29,13.5,29.59,29.06,,5.74,7,49,14,42,56,0.3999185644,0.9284678368
Central Florida,South Florida,23,21.06,18.06,21.26,23.61,19.45,18.5,24.63,20.36,22,22,21,25.03,21.5,22.49,14.31,22.25,13.63,21.52,16.84,16,23.15,25.97,33.71,22.32,12.66,22.28,15.52,18,,28.8,22.13,21.94,20.41,,20,22.56,27,24.5,16,25.4,20.69,11,24.1,26,25.1,25,22.7,23,21.3,23.09,24.5,12.27,2.19,26,,13,24.1,28,,25.8,24.72,19.7,23,9,20.68,23.69,,4.33,7,34,14,27,41,0.4641633549,0.9045507912
Central Mich.,Toledo,11,3.97,6.46,8.4,14.16,8.12,3.21,6.8,10.96,12,0.01,7,8.09,7.5,-0.39,5.59,5.07,7.7,7.24,11.33,4,11.65,7.86,8.96,9.37,2.87,9.49,8.64,6,,12.6,7.69,4.44,1.24,,9,4.23,5,9.5,11,8.88,-3.24,8,5.7,9.9,4.5,3,5.7,10,18,14.33,9.8,23.54,0.95,3,,9,5,15,,8.1,5.22,2.8,11,-0.5,12.9,7.68,,4.22,7,49,14,42,56,0.4094639342,0.6703213786
Coastal Carolina,Texas St.,7.5,8.12,6.45,12.84,12.91,13.19,7.84,9.73,7.29,11,12,9,11.63,10,9.2,3.66,6.84,7.77,9.35,12.64,7,9.65,9.16,7.36,10.23,7.29,10.01,11.82,6,,11.1,9.8,9.12,7.85,,9,10.4,10,7.5,9,6.7,10.81,13,11.3,11.35,10.2,11,11.6,8,10.6,3.69,4.45,-2.65,1.05,8,,11,10.9,7,,10.2,9.02,7,7.5,4,13.03,9.87,,2.46,21,24,14,3,45,0.5458439144,0.7197382018
Colorado St.,Boise St.,14,-18.9,-21.98,-18.42,-18.23,-13.04,-15.33,-15.31,-18.91,-14,-13,-24,-17.93,-24,-17.42,-24.16,-18.41,-9.99,-17.49,-13.3,-20,-15.95,-20.08,-40.79,-12.56,-18.22,-16.91,-12.84,-23,,-20.1,-17.66,-18.69,-20.54,,-10,-17.29,-13,-12,-13,-27.33,-16.59,-22,-18,-18.8,-17.9,-20,-15,12.5,-12.9,-14.64,-11.35,-19.49,-4.09,-14,,-14,-18.1,-13,,-18.97,-20.27,-15.8,14,-10.5,-14.99,-20.75,,3.75,31,24,14,-7,55,0.0267687528,0.1418014585
Duke,Miami (Fla.),-9,-8.29,-5.61,-3.97,-8.67,-8.94,-4.36,-5.48,-14.1,-4,-1.5,-6,-8.28,-5.5,-5.79,-4.17,-13.06,-2.93,-6.21,-5.28,-9,-8.85,-4.78,-12.21,-10.53,0.01,-3.37,-0.39,-6,,-8.8,-5.56,-4.75,-4.07,,-3,-6.13,-1,-7,-9,-9.22,0.12,-5,-6.1,-5.16,-5.9,-4,-5,-8.5,-13.2,-15.3,-7.65,-26.89,-0.58,-4,,-7,-4.6,-8,,-3.27,-1.88,-3.1,-9,-13,-8.66,-6.52,,3.64,17,27,14,10,44,0.5680127133,0.3514835323
East Carolina,Tulsa,-6.5,-6.65,-5.18,-7.03,-7.94,-3.49,-6.56,-6.09,-7.16,1,-5,-3,-7.36,-1,-6.26,-4,-7.22,-1.45,-5.9,-6.6,-1,-6.35,-5.25,-14.5,-4.88,1.28,-6.68,-3.71,-7,,-12.8,-6,-6.88,-6.55,,-6,-3.68,-4,-5,-7,-5.67,-3.48,-1,-7.9,-10.31,-5.8,-5,-5.9,-6.5,-3.2,-6.96,-10.1,-11.71,-9.5,-6,,-4,-6.6,-5,,-12.66,-5.57,-4.2,-5.5,-8.5,-5.58,-10.04,,2.89,49,24,14,-25,73,0.5148308897,0.3573155196
Eastern Mich.,Kent,4.5,5.3,4.14,5.78,4.28,4.94,3.01,1.5,4.5,8,13,5,4.13,7,5.58,4.14,5.92,4.13,5.04,4.57,3,0.85,6.88,6.5,3.22,7.01,4.08,7.82,4,,11.2,4.75,5.38,5.82,,5,5.62,8,6,1,5.74,5.28,3,3.3,3.68,6.2,6,3.6,4.5,4,4.1,5.8,-10.49,0.67,4,,1,3.3,2,,2.88,5.42,8.2,4.5,10.5,3.44,3.26,,2.39,34,26,14,-8,60,0.5134167143,0.6232189239
Florida,Florida St.,18,17.2,17.45,22.57,21.09,23.12,19.42,17.93,18.56,20,18,19,22.26,18.5,16.76,14.86,24.49,12.75,19.31,15.32,11,27.75,16.33,22.89,25.41,15.39,20.73,19.03,16,,13.2,19.21,20.41,16.18,,14,19.84,24,17,21,17.04,19.39,14,22.1,24.74,21,19,20,18,16.9,21,21.9,31.85,2.91,23,,13,22.5,28,,22.88,18.23,17.6,18,7.5,16.83,24.68,,4.01,17,40,14,23,57,0.5318849413,0.8808743526
Florida Atlantic,Southern Miss.,10,8.91,10.08,9.96,11.26,9.89,9.34,10.18,10.4,11,7,11,12.3,12.5,8.67,8.88,7.6,7.45,8.9,9.52,3,8.35,5.06,17.89,10.12,5.05,11.28,6.3,11,,16,8.96,7.44,7.7,,6,7.71,10,7.5,8,12.57,5.26,7,7.3,11.92,10.5,9,7.7,10,8.8,4.04,4.85,-2.37,1.34,3,,13,6.6,10,,8.54,6.72,9,9,0.5,10.63,9.89,,2.83,17,34,14,17,51,0.4728066908,0.7095027321
Georgia Southern,Georgia St.,7.5,4.98,4.56,5.78,9.07,3.55,3.96,5.29,3.14,5,6.5,5,7.37,5,7.03,3.06,9.99,2.27,6.44,4.33,-1,17.65,8.75,6.43,8.5,1.85,7.09,8.29,4,,-1,6.03,4.75,4.74,,4,6.01,11,7.5,7,4.93,12.74,6,7.5,8.08,7.9,8,6.2,7.5,7.6,8.8,3.65,21.51,0.41,6,,4,7.3,12,,5.16,5.93,8.1,7.5,7.5,9.36,6.05,,3.16,10,38,14,28,48,0.4738913038,0.6546451971
Georgia Tech,Georgia,-28.5,-29.92,-29.64,-32.39,-30.08,-37.77,-28.22,-27.94,-32.65,-30,-19.5,-23,-35.07,-23.5,-28.54,-26.73,-31.59,-12.22,-28.77,-22.94,-24,-33.85,-33.37,-45.5,-31.61,-19.81,-25.59,-23.82,-28,,-30.1,-29.97,-29.94,-28.65,,-22,-32.6,-25,-28,-27,-31.26,-30.54,-37,-34.5,-33.27,-31.5,-30,-34,-28.5,-31.6,-30.12,-24.25,-46.76,-3.96,-28,,-27,-34.6,-29,,-31.23,-23.28,-23,-28,-3.5,-31.61,-35.99,,5.91,52,7,14,-45,59,0.4936407963,0.0446987469
Hawaii,Army,2.5,5.4,9.25,2.2,0.74,0.9,3.54,2.06,12,5,0.5,7,-3.34,10,-0.61,16.03,-8.24,8.75,4.15,5.25,2,1.75,2.01,27.68,6.61,11.71,3.95,5.43,9,,4,3.8,3.65,4.57,,1,4.75,-7,3,5,14.92,3.3,1,4.3,0.17,0.01,1,5.7,2.5,1.1,6.05,6.05,-7.95,3.3,6,,3,4.6,-1,,-4.11,1.33,-3.4,2.5,3,7.93,2.52,,4.76,31,52,14,21,83,0.5396547928,0.5988682304
Houston,Navy,-9,-7.3,-14.17,-8.17,-8.28,-17.55,-8.51,-4.25,-9.13,-6,-4,-15,-10.37,-10,-6.77,-16.21,-0.74,-6.77,-6.63,-5.08,-15,-3.25,-7,-23.79,-2.65,-7.99,-8,0.11,-14,,-14.8,-6.49,-8.62,-6.21,,-8,-3.72,-1,-7,-1,-15.6,4.49,4,1.8,-9.63,-3.5,-3,-0.5,-9,-0.01,-12.35,-15,-16.91,-2.68,-4,,-5,0.9,-2,,-13.87,-5.47,-1.3,-9,4,-3.53,-10.41,,5.48,56,41,14,-15,97,0.5561170123,0.3464911136
Illinois,Northwestern,7,9.75,16.77,11.26,15.08,16.62,9.99,11.07,16.53,19,-1,14,13.59,15.5,6.26,18.47,2.01,12.67,10.62,14.45,11,12.65,7.62,30.89,14.38,6.22,12.17,11.12,14,,12.8,11.09,7.51,6.54,,8,8.7,9,10.5,12,20.74,5.42,12,6.1,12.16,8.7,6,6.4,7,16.4,12.36,1.65,5.57,3.21,5,,6,4.6,11,,6.2,6.03,6.5,8.5,-2.5,15.77,11.56,,4.95,29,10,14,-19,39,0.5861679991,0.7384787648
Kansas,Baylor,-14,-18.76,-22.4,-16.87,-15.49,-25.28,-14.43,-15.1,-21.08,-13,-8.5,-22,-17.38,-23,-16.12,-25.11,-12.24,-9.94,-16.72,-12.08,-20,-14.85,-18.98,-35.93,-13.18,-16.37,-14.78,-14.6,-22,,-24.9,-15.95,-15.19,-19.7,,-11,-17.41,-12,0,-15,-25.36,-15.91,-22,-13.3,-16.72,-16.1,-17,-13.1,-14,-12,-17.48,-15.5,-29.82,-4.04,-12,,-19,-14,-12,,-15.98,-14.28,-14.9,-14,-5.5,-18.42,-17.75,,4.17,61,6,14,-55,67,0.4341863308,0.1541663277
Kansas St.,Iowa St.,-4,-1.76,0.43,-1.68,-2.71,3.88,-2.5,0.12,-1.74,3,-7,1,-0.87,1.5,-1.82,1.13,-2.41,0.25,-1.45,-0.19,-1,-1.15,-4.72,0.86,-1.26,2.22,-2.07,0.12,1,,-3.9,-1.28,-0.89,-1.7,,-4,-2.6,1,-3,-2,0.78,-3.81,-18,-0.7,-4.36,-1.7,-2,-1.2,-3,2,-8.93,-6.2,-9.12,0.33,-2,,2,-0.4,2,,2.08,-1.68,-2.8,-5,0.5,-1.29,-2,,2.45,17,27,14,10,44,0.5630706091,0.4640344606
Kentucky,Louisville,3.5,2.3,-1.22,4.05,4.08,6.64,4.76,-0.26,-0.4,4,5.5,2,5.01,-1.5,4.18,-4.57,9.19,1.48,4.12,0.89,-1,10.85,1.93,-10,8.62,1.27,2.44,-0.4,-4,,1.2,4.13,5.24,3.03,,4,6.92,12,3,8,-2.02,10.37,13,8.1,4.82,7.1,7,8.1,3.5,7.1,3.26,6.15,11.48,-1.31,7,,-1,9.2,13,,4.07,1.72,7.5,3.5,5,-0.2,5.81,,4.02,13,45,14,32,58,0.5151014229,0.5993263149
LSU,Texas A&M,17,15.57,19.88,15.97,16.48,15.16,14.24,14.83,19.35,19,13.5,24,15.28,26,12.93,22.36,15.26,12.58,16.14,17.65,13,13.85,14.58,16.75,14.35,21.63,18.02,13.24,18,,22,15.29,14.3,15.04,,13,13.81,13,16.5,15,12.55,16,15,16.6,18.6,15.3,14,15.2,17,15.7,21.39,15.2,18.63,21.17,12,,20,16,16,,14.18,16.72,14.7,17,9,15.35,15.54,,3.26,7,50,14,43,57,0.4788400195,0.8403497004
Liberty,New Mexico St.,14.5,13.34,16.35,12.6,14.94,17.97,11.86,12.89,13.16,17,11,21,17.62,18.5,13.52,15.66,16.39,12.89,14.82,13.79,16,12.55,15.7,12.86,15.22,10.44,15.09,13.66,15,,19.3,14.96,14.99,13.36,,13,18.14,18,13,13,11.8,14.85,11,16.8,13.12,17.1,14,15.7,14.5,17.2,16.48,17.6,1.42,19.18,13,,15,16.5,17,,16.07,12.12,13.3,14.5,10.5,14.8,15.83,,2.37,28,49,14,21,77,0.5079530677,0.8220794148
Louisiana Tech,Texas-San Antonio,20.5,16.12,17.39,18.99,19.94,17.94,14.01,15.33,15.13,20,12,19,18.23,18.5,16.39,16.93,17.93,13.57,17.57,15.99,16,17.45,20.31,23.25,16.27,17.23,19.62,14.41,17,,28.4,17.93,17.25,16.84,,18,18.85,21,20.5,15,20.66,18.3,4,20.5,22.41,20.3,20,19.1,20,15.9,17.15,19.6,32.6,3.54,15,,9,20.7,18,,19.6,18.73,13.8,20.5,17.5,15.86,18.38,,2.88,27,41,14,14,68,0.4279467246,0.8619240829
Louisiana-Lafayette,Louisiana-Monroe,19.5,19.04,20.51,17.64,25.99,24.61,18.76,28.04,19.49,22,9,26,30.64,23,20.76,15.06,20.5,12.75,20.56,16.82,19,31.55,21.02,31.86,26.38,14.86,22.39,16.43,21,,23.3,21.01,21.17,17.1,,20,23.04,26,21,21,25.45,22.97,9,19.7,26.62,25.8,21,19.3,19.5,26.7,24.48,26.35,33.46,1.89,22,,18,19.5,28,,22.37,17.73,14.3,19.5,9.5,25,-20.98,,7.43,30,31,14,1,61,0.524111203,0.8795981425
Marshall,Florida Intl.,8.5,8.31,10.96,10.11,11.36,7.16,9.34,8.61,7.62,11,11.5,10,11.1,10,9.11,10.87,9.43,7.12,9.32,8.23,4,8.95,9.61,18.07,11.22,11,10.63,10.34,14,,8.3,9.38,7.33,8.19,,7,8.69,10,7.5,7,14.64,8.04,7,7.2,10.01,10.3,9,6.3,8.5,9.5,11.73,10.6,23.17,1.56,8,,4,6.3,10,,9.81,7.12,7.5,8,5.5,8.91,9.94,,2.06,27,30,14,3,57,0.5204276293,0.7197965059
Memphis,Cincinnati,12,5.88,3.28,7.89,12.94,5,7.05,9.89,5.1,11,1,3,9.12,4,6.97,0.13,9.27,2.19,7.49,9.59,4,10.65,6.04,3,10.46,0.37,8.78,0.25,2,,12.1,7.47,4.11,5.32,,9,5.91,12,10.5,7,4.17,2.73,11,8.2,10.01,8,5,7.9,11,16.5,16.65,14.35,18.15,-8.39,11,,10,7.2,14,,6.23,5.63,6.8,12,12,8.88,7.75,,4.13,24,34,14,10,58,0.3916790446,0.6760267673
Michigan,Ohio St.,-8.5,-10.14,-10.07,-8.87,-5.52,-19.05,-10.56,-10.27,-9.49,-3,-9,-14,-14.13,-18,-12.09,-7.89,-6.28,-4.74,-8.92,-11.29,-12,-7.95,-10.46,-0.54,-8.16,-6.97,-11,-3.77,-10,,-17.4,-9.55,-12.52,-8.84,,-10,-8.86,-8,-8,-3,0.71,-6.06,-7,-10.1,-15.75,-11.3,-8,-9.9,-8.5,-1.2,-6.27,-10.15,-11.69,-16.8,-7,,-13,-9.6,-2,,-13.79,-11.28,-9.9,-8.5,0.5,-3.8,-14.94,,4.32,56,27,14,-29,83,0.489816532,0.2938451582
Michigan St.,Maryland,22.5,17.1,14.44,16.15,17.34,19.33,17.51,15.85,19.21,18,2.5,14,16.84,12.5,16.95,13.16,13.01,11.98,16.79,14.81,7,22.65,15.85,28.61,19.85,9.35,17.01,17.09,14,,26.7,17.1,13.63,15.1,,19,18.39,17,20.5,18,21.2,21.78,9,19.7,21.32,17.4,16,18.8,21.5,21.3,19.1,16.45,14.35,1.75,17,,14,18.6,22,,18.87,13.53,18,22,3.5,18.03,18.24,,4.32,16,19,14,3,35,0.364277675,0.8462492775
Minnesota,Wisconsin,-3,-5.17,-0.55,-2.41,-0.4,-8.38,-5.66,-4.19,-3.02,3,2,-3,-8.76,0.5,-7.15,3.88,-3.52,-0.22,-1.97,0.36,-4,0.85,-6.98,0.18,1.42,6.59,-3.45,5.23,-4,,-2.2,-2.09,-5.02,-5.07,,-4,-3.72,1,-2,2,1.95,-0.65,-18,0.9,-7.53,-7.3,-4,1.3,-3,5,0.69,-4.2,11.02,1,-5,,3,1.3,4,,-8.52,-1.97,0.01,-2.5,-2.5,3.5,-8.77,,4.18,38,17,14,-21,55,0.5250168198,0.4522355854
Mississippi St.,Mississippi,1.5,6.49,9.13,6.83,2.68,5.89,3.99,-0.39,5.82,4,4,9,5.86,7.5,5.34,10.9,7.06,5.21,5.4,5.15,1,1.05,4.51,14.82,0.51,7.74,5.52,3.76,9,,5.2,5.42,7.05,8.44,,4,5.25,7,3,0.01,11.32,6.09,7,7.5,3.79,7.9,9,1.2,2.5,-0.7,2.21,5.5,-2.38,2.62,8,,3,3.7,3,,4.19,5.53,2.3,1.5,8.5,0.3,4.18,,2.88,20,21,14,1,41,0.5955095679,0.631081201
NC St.,North Carolina,-11,-6.44,-8.05,-8.73,-11.79,-8.18,-9.27,-8.95,-8.27,-5,-10.5,-8,-12.64,-7.5,-7.2,-5.59,-2.09,-4.72,-8.66,-7.14,-8,-14.15,-8.12,-16.82,-11.06,-2.61,-9.29,-3.87,-10,,-14.9,-8.24,-6.63,-3.84,,-8,-8.32,-8,-8,-8,-11.42,-1.57,-9,-11.6,-12.94,-8.2,-5,-11.2,-11,-15,-10.5,-10.8,-4.57,-1.15,-6,,-7,-10.4,-16,,-11.43,-5.17,-11.4,-10,-0.5,-6.51,-12.11,,3.53,41,10,14,-31,51,0.5572097633,0.2971732089
Nebraska,Iowa,5.5,-9.38,-10.85,-11.16,-8.9,-11.92,-8.05,-6.8,-11.09,-6,-9.5,-10,-8.4,-10.5,-8.75,-12.16,-14.77,-6.09,-8.93,-8.13,-9,-8.75,-5.88,-19.96,-10.61,-9.43,-7.65,-10.6,-11,,-12.7,-9,-9.67,-8.24,,-3,-7.41,-9,-4.5,-11,-12.33,-8.41,-4,-10.2,-9.86,-5.9,-9,-7.8,4,-8.2,-4.32,-4.3,-18.61,-2.59,-8,,-7,-9.5,-7,,-9.34,-6.08,-9.5,5.5,0.5,-14.89,-9.77,,2.56,27,24,14,-3,51,0.1847585396,0.2893302998
Nevada,UNLV,7,9.34,12.39,11.37,8.76,5.42,7,1.69,11.94,16,8,11,1.79,14,6.47,18.09,3.61,11.41,8.39,10.08,3,5.05,6.76,22.25,8.39,13.18,8.7,10.86,12,,1.9,8.55,6.99,9.83,,4,3.83,11,7.5,7,16.75,4.72,1,8.7,4.13,3.8,9,8.8,7,9.1,7.42,4.75,7.31,2.61,4,,6,8.8,7,,4.86,8.83,7.9,7.5,9.5,14.29,3.55,,3.86,33,30,14,-3,63,0.5339045276,0.6962315047
New Mexico,Utah St.,-10.5,-16.94,-16.74,-16.09,-7.59,-5.31,-10.53,-11.4,-17.86,-8,-18.5,-16,-12.71,-14.5,-16.04,-18.91,-19.82,-9.21,-13.63,-12.03,-12,-12.45,-15.61,-29.75,-12.9,-12.17,-10.2,-17.63,-18,,-12,-13.21,-15.68,-17.09,,-5,-11.82,-12,-13,-16,-18,-13.52,-5,-16.7,-11.19,-12.5,-15,-12,-11,-8,-10.42,-12.55,-14.05,-12.36,-12,,-14,-14.8,-12,,-16.73,-19.77,-12,-11,-1.5,-17.63,-14.4,,3.69,38,25,14,-13,63,0.4238561861,0.2015056448
North Texas,UAB,-3,-2.36,-5.72,-2.08,-2.78,-1.78,-0.9,-3.75,-6.63,-3,-8,-5,-0.46,-5.5,1.1,-8.55,8.81,-3.57,-3.18,-3.63,-6,-3.55,2.13,-10.14,-5.31,-8.54,-0.85,-6.19,-4,,-5.9,-2.89,-1.66,-1.54,,-2,1.77,0.01,1.5,-8,-8.05,3.26,-8,-0.4,-0.88,2.2,-3,-2.1,-3,-5.2,-3.75,0.9,15.21,-1.53,1,,-1,0.3,-20,,-4.65,-0.47,-1.1,-3,-3.5,-10.09,0.61,,4.25,26,21,14,-5,47,0.4956303758,0.4232808504
Northern Ill.,Western Mich.,9,-9.78,-9.24,-6.63,-11,-5.87,-7.96,-12.75,-14.23,-4,-3,-10,-10.34,-8,-7.94,-8.66,-0.52,-5.98,-8.02,-8.1,-13,-13.75,-9.7,-19.04,-11.39,0.31,-6.47,-2.2,-10,,-10.5,-8.33,-7.04,-7.2,,-5,-9.75,-6,-7,-10,-12.57,-7.53,-4,-9,-8.55,-6.8,-5,-9.2,7.5,-16.2,-8.56,-2.4,10.96,-1.03,-4,,-10,-9.4,-10,,-10.13,-4.77,-1.7,9,-4.5,-6.03,-11.16,,3.69,14,17,14,3,31,0.1481595912,0.3113197646
Oklahoma St.,Oklahoma,-13,-6.41,-6.76,-3.81,-5.91,-7.73,-5.11,-6.95,-5.22,-1,-3,-8,-7.16,-6.5,-6.91,-6.56,-9.04,-1.24,-6.53,-0.83,-8,-5.65,-12.8,-5.39,-2.88,-9.11,-4.49,-3.23,-7,,-9.7,-6.83,-7.55,-7.14,,-7,-9.11,-6,-12,-2,-2.16,-8.66,-21,-10,-7.43,-8,-7,-8.8,-11.5,-0.7,-12.25,-8.45,0.82,-1.35,-8,,-2,-10.2,-3,,-7.57,-5.08,-4.8,-12.5,-6,-6.23,-8.2,,2.84,34,16,14,-18,50,0.6558671634,0.342764322
Old Dominion,Charlotte,-10,-9.78,-13.55,-8.3,-7.72,-4.81,-4.72,-12.81,-17.98,-8,-3,-15,-6.8,-13.5,-4.66,-17.19,-5.42,-8.72,-8.88,-9.24,-13,-13.05,-5.31,-12.93,-15.16,-10.55,-5.22,-10.87,-11,,-10.6,-8.15,-7.64,-7.08,,-5,-7.22,-8,-8.5,-16,-8.39,-6.71,-8,-12.6,-5.48,-4.7,-6,-12.2,-10,-16.3,-9.13,-2.15,-5.68,-19.02,-8,,-9,-12,-12,,-6.79,-5.57,-2.8,-9.5,9,-17.29,-6.63,,4.65,38,22,14,-16,60,0.526990237,0.2956982847
Oregon,Oregon St.,19,20.94,18.74,17.85,18.95,26.29,18.81,19.29,18.85,18,27,24,21.31,23.5,21.69,17.36,23.6,13.18,20.45,13.43,16,20.85,21.02,24.43,18.72,14.48,19.77,13.56,22,,25.9,20.98,21.7,22.25,,19,24.26,25,18,16,21.46,23.61,19,21.2,24.33,24.4,23,19.2,19,15.2,22.54,24.15,19.8,2.28,23,,12,20.2,23,,21.35,19.73,18.1,19.5,14,19.89,22.98,,3.76,10,24,14,14,34,0.5354120524,0.8949951972
Penn St.,Rutgers,40,40.81,38.7,41.22,43.44,49.74,37.6,42.7,40.11,37,44.5,33,48.62,32,42.42,33.36,48.39,18.61,40.54,36.31,30,46.25,39.9,59.79,43.92,29.43,41.02,36.71,40,,51.3,41.12,43.38,39.94,,32,43.58,45,38.5,37,41.97,39.41,35,43.5,48.13,46,40,41.6,40,42.7,45.45,34.6,37.82,7.09,37,,40,42,46,,43.8,33.72,34.2,40.5,25,43.44,47.96,,6.30,6,27,14,21,33,0.5126114629,0.9911935189
Pittsburgh,Boston College,8,4.9,7.6,1.88,4.36,11.82,3.47,4.18,6.07,10,16,7,3.72,9.5,3.4,9.68,2.58,4.42,6.12,5.11,1,5.85,3.31,14.68,6.93,6.49,7.55,7.81,8,,5.5,5.88,3.44,5.21,,8,4.99,6,9,6,11.62,4.8,-1,6.1,7.1,5.6,5,6,7.5,0.5,8.01,5.85,9.92,1.58,5,,3,5.9,6,,2.21,5.23,9.4,8.5,8.5,7.32,2.99,,2.83,26,19,14,-7,45,0.4535910329,0.6478600951
Purdue,Indiana,7,-4.32,-5.18,-3.41,-4.42,-9.02,-2.1,-2.51,-5.81,-2,1.5,-6,-6.42,-5.5,-3.05,-4.51,-2.14,-3.95,-4.37,-4.55,-10,-4.95,-5.63,-12.21,-5.57,-1.49,-3.05,-0.95,-5,,-2.9,-4.41,-2.99,-4.04,,-4,-4.85,-1,-6,-3,-8.46,-2.31,-8,-5.1,-4.41,-3.6,-2,-3.9,5.5,-6.9,-8.89,-6.9,0.91,-0.89,-4,,-6,-4.7,-4,,-6.21,-4.48,-0.2,-7,0.5,-6.73,-4.82,,2.34,44,41,14,-3,85,0.2392964116,0.392682506
SMU,Tulane,3,6.92,11.07,5.39,7.02,4.75,6.26,2.99,10.18,12,-1,13,4.49,16.5,3.74,14.61,4.97,7.91,6.63,6.63,7,5.25,4.85,17.57,5.17,9.51,7.43,4.12,11,,9.5,5.5,4.98,6.76,,4,5.83,7,5,5,13.04,4.35,8,6.5,5.62,5,5,5.9,4,4.6,4.19,1.2,3.46,2.57,2,,9,6.7,4,,1.69,5.22,6,3.5,4.5,5.25,4.84,,3.31,20,37,14,17,57,0.5885679544,0.658683682
San Diego St.,BYU,-5.5,-1.4,-0.52,0.1,-1.23,6.43,0.28,0.5,-4.48,5,-1.5,1,-3.75,3,-0.22,1.23,0.9,4.44,-0.81,-2.06,-1,0.45,-3,-1.07,-2.67,3.32,0.92,-4.5,1,,-2.5,-1,-0.41,0.35,,2,-2.41,-3,-2.5,-3,0.89,-5.67,1,-2.4,-0.69,-1.9,0.01,-1,-4,-5.6,-3.66,-1.9,-3.96,-0.52,-1,,-4,-2.5,-2,,-5.65,-0.97,-2.2,-3,4.5,-0.33,-2.04,,2.70,3,13,14,10,16,0.614567829,0.4799415741
San Jose St.,Fresno St.,-1.5,-4.37,0.58,-2.52,2.48,0.93,-2.11,2.44,0.37,5,-4.5,1,1.65,3,-7.42,-0.01,-9.07,0.23,-1.83,4.04,-1,-1.05,-5.95,-2.57,-0.43,-2.93,1.67,1.52,-1,,-2.5,-2.11,-4.42,-6.48,,2,-3.61,-5,-3,1,-1.16,-3.38,-12,-3.4,0.17,-2.1,-6,-2.6,-1.5,4.5,2.85,-1.35,-6.09,0.09,-6,,-3,-3.4,-8,,-6.32,-1.98,-4,-2.5,-2.5,3,-3.94,,3.32,16,17,14,1,33,0.4918825562,0.4550773362
South Alabama,Arkansas St.,11,-16.28,-16.7,-13.27,-9.99,-6.29,-9.78,-7.36,-19.91,-9,-6.5,-18,-7.76,-17,-12.6,-21.51,-10.13,-10.32,-11.32,-8.81,-16,-8.65,-15.51,-26.14,-11.94,-11.94,-9.19,-12.24,-16,,-8.4,-11.4,-12.4,-16.52,,-5,-12.53,-7,-12,-12,-16.76,-9.36,-7,-14,-9.64,-9.1,-13,-11.7,9.5,11.4,-9.13,-0.4,-2.23,-12.37,-11,,-9,-13.9,-9,,-11.39,-12.77,-8.2,11,-11.5,-17.62,-11.4,,4.92,30,34,14,4,64,0.0896271356,0.2478867193
South Carolina,Clemson,-27.5,-24.9,-22.03,-25.24,-25.3,-27.01,-17.52,-24.09,-27.4,-24,-35.5,-25,-22.61,-22,-22.95,-21.71,-28.52,-10.38,-24.26,-18.29,-25,-29.35,-24,-27.11,-29.79,-19.1,-20.88,-21.08,-22,,-33.8,-24,-24.13,-24,,-22,-21.26,-28,-24.5,-28,-19.08,-18.51,-32,-29.2,-25.26,-21.6,-22,-26.9,-27,-28.3,-28.04,-11.25,-15.7,-12.37,-21,,-21,-27,-30,,-31.08,-22.28,-18.1,-27,-18,-37.16,-23.16,,5.08,38,3,14,-35,41,0.5770662387,0.072758006
Stanford,Notre Dame,-17,-18.03,-19.44,-16.6,-18.89,-24.3,-15.13,-19.73,-21.99,-13,-11,-19,-21.02,-19,-16.57,-18.6,-13.41,-8.12,-16.66,-13.5,-21,-19.75,-15.68,-26.75,-20.58,-12.07,-14.72,-14.47,-21,,-26.1,-16.15,-16.33,-15.04,,-14,-15.18,-16,-14.5,-16,-20.41,-12.61,-15,-16.3,-18.32,-15.8,-14,-15.4,-17,-25,-17.09,-15.85,-5.69,-2.96,-13,,-12,-15.5,-19,,-16.58,-14.28,-12.3,-16.5,5.5,-26.6,-19.03,,4.86,45,24,14,-21,69,0.508170134,0.1577941404
Syracuse,Wake Forest,-4.5,-3.09,-10.21,-5.55,-6.1,-9.5,-5.55,-7.18,-2.99,-4,-10,-10,-4.51,-9,-2.69,-13.26,-3.78,-8.43,-5.24,-2.46,-10,-0.55,-6.24,-24.89,-2.19,-3.32,-5.02,-1.62,-11,,-11.1,-4.53,-4.55,-3.65,,-5,-2.67,3,-4.5,-1,-15.33,4.14,-7,-1.8,-6.09,-0.9,-2,-0.7,-4.5,-1.5,-4.51,-10,-10.78,-1.61,-2,,-6,-0.6,-7,,-7.18,-4.97,0.2,-3.5,0.01,-4.18,-7.59,,3.96,30,39,14,9,69,0.4819614744,0.3743755866
TCU,West Va.,13.5,10.66,11.86,11.71,16.8,24.5,12.05,11.87,10.69,13,2,13,17.88,13,11.56,8.62,12.35,8.82,11.94,11.01,9,8.95,10.98,19.89,9.11,6.13,15.45,5.7,13,,20.8,11.64,8.43,9.78,,14,15.15,9,11.5,7,15,10.02,13,11.2,17.71,17,14,12.6,13.5,11.2,11.01,18.55,23.04,1.79,11,,14,10.3,8,,14.45,11.02,8.4,13.5,-3.5,10.93,13.89,,4.44,20,17,14,-3,37,0.4623002111,0.7655786742
Temple,Connecticut,27.5,27.96,26.54,29.85,25.12,30.06,20.74,24.15,30.7,26,29,23,27.12,25,26.45,26.21,28.64,19.51,26.85,24.77,18,28.95,28.57,41.96,32,23.09,23.35,25.41,26,,34.5,26.5,27,26.9,,17,25.21,32,28,33,29.51,23.69,18,32.2,24.88,26.4,27,27.2,27.5,24.6,30.09,23.75,31.53,20.9,25,,22,30.4,28,,23.3,26.73,22.6,27.5,28.5,34.51,25.83,,3.52,17,49,14,32,66,0.4840563918,0.9506602307
Tennessee,Vanderbilt,22.5,19.84,19.57,22.69,23.6,23.12,17.23,21.47,25.09,22,16.5,17,21.76,16,17.31,18.39,13.66,14.55,19.64,22.68,14,22.75,21.22,38.25,21.47,12.15,19.73,19.65,21,,23.3,19.69,15.73,17.32,,18,19.9,17,20,21,26.88,16.23,8,20.4,21.84,19.5,18,20.7,22,22.5,28.99,18.4,13.5,2.92,17,,16,19.4,21,,18.11,18.22,12.9,21.5,11.5,23.21,20.9,,3.67,10,28,14,18,38,0.4303279915,0.8859853614
Texas,Texas Tech,10,9.55,13.48,6.71,9.06,8.94,7.6,7.05,9.14,12,11,15,10.26,15.5,9.07,15.22,8.89,7.35,9.45,6.21,5,6.75,7.25,21.96,6.46,8.67,11.57,9.9,14,,12.4,8.97,8.84,10.57,,9,9.86,9,9,8,17.65,11.48,-1,7,10.59,12.3,11,6.5,10,4,8.76,7.1,18.19,2.14,7,,6,6.6,8,,10.13,7.32,6.4,10,7,11.18,8.79,,2.82,24,49,14,25,73,0.486394379,0.7210912698
Troy St.,Appalachian St.,13,-14.86,-17.75,-13.05,-12.97,-8.68,-12.36,-12.46,-14.8,-10,-12,-22,-16,-21.5,-14.83,-18.7,-18.27,-8.4,-13.58,-10.55,-15,-14.25,-15.09,-34.29,-12.54,-9.96,-14.17,-8.16,-17,,-13.2,-13.13,-14.97,-15.03,,-11,-11.25,-9,-11.5,-11,-22.06,-9.55,-4,-14.5,-16.99,-12.5,-12,-12.7,11.5,-8.1,-14.44,-7.65,-19.86,-3,-13,,-12,-13.8,-11,,-16.53,-13.78,-14.5,13,-2,-15.06,-17.02,,3.76,48,13,14,-35,61,0.0516158559,0.2025720136
UCLA,California,-1,1.51,0.01,1.72,1.03,-3.75,-0.11,-0.67,3.05,1,4,1,0.39,1,0.89,-0.13,-3.05,-0.35,0.94,3.69,-4,1.15,0.53,-2.82,4.56,-0.42,-0.13,2.11,1,,2.5,1,-1.17,0.66,,2,2.3,1,1.5,5,-1.21,2.2,10,-2.7,-1.68,2.7,2,-1.9,-1,6.1,0.29,1.85,-16.76,0.18,3,,1,-1.9,2,,-1.03,-0.27,0.9,-1.5,-1.5,2.51,-1.2,,2.09,28,18,14,-10,46,0.5482200418,0.5234080853
UTEP,Rice,-7,-10.03,-9.79,-13.03,-11.46,-3.11,-9.36,-11.21,-13.16,-3,-13.5,-7,-12.76,-7,-9.02,-8.19,-9.05,-6.67,-9.08,-10.57,-6,-12.05,-9.19,-1.39,-14.1,-1.33,-9.07,-8.25,-10,,-10.4,-9.58,-9.95,-8.07,,-6,-7.6,-7,-6.5,-13,0.12,-7.1,-7,-11.5,-12.18,-8.6,-7,-9.6,-7,-12.5,-8.26,-9.55,-22.9,-27.08,-6,,-12,-12.2,-13,,-13.64,-10.28,-10.1,-6.5,4.5,-15.09,-14.24,,3.87,30,16,14,-14,46,0.4493511664,0.289202193
Utah,Colorado,28,22.82,23.06,27.04,30.55,36.59,24.77,24.02,22.82,27,19,23,29.1,25.5,23.69,19.81,27.55,15.57,25.19,21.69,19,29.75,24.82,29.86,25.57,14.6,26.49,20.02,23,,38.1,24.98,22.58,22.03,,23,25.32,28,28,18,24.61,26.81,22,31.8,30.42,27.1,27,30.4,28,26.1,37.36,24.5,41.6,2.76,25,,18,31.2,32,,22.75,25.73,21.1,28,10,24.95,26.95,,5.47,15,45,14,30,60,0.4335427522,0.9332314964
Virginia,Virginia Tech,-2.5,3.47,4.52,1.93,-0.96,4.91,2.72,5.62,0.73,2,10,6,4.87,5,4.45,4.33,0.18,2.71,2,-0.21,1,-0.35,3.77,5.11,-3.33,1.23,3.27,-4.3,5,,0.5,2.86,4.58,4.82,,3,5.11,3,1.5,-5,4.22,2.12,7,-2.5,2.09,5.4,3,-1.8,-1.5,-4.5,-4.8,5.05,-0.95,0.86,2,,-2,-1.7,-4,,6.48,3.33,2.4,-2.5,-4,-3.21,4.74,,3.51,30,39,14,9,69,0.6090220099,0.5489501396
Washington,Washington St.,8,6.83,5.5,7.52,5.99,8.62,8.45,9.01,5.56,6,8,9,5.24,9,7.6,5.64,8.84,6.23,6.84,7.32,3,7.75,7.57,12.36,9.62,3.5,6.61,6.01,7,,7.4,6.98,5.35,7.72,,3,6.05,8,6.5,6,8.85,3.59,4,2.6,8.89,6.9,7,2.4,8,15.6,9.42,6.95,17.07,0.86,7,,2,2.2,6,,9.81,5.42,5.1,8,7,7.61,6.78,,2.31,13,31,14,18,44,0.4711779973,0.6650822615
Western Kentucky,Middle Tenn.,9.5,11.11,10.9,12.42,13.86,12.6,11.06,8.98,17.76,9,8.5,11,10.25,12.5,7.54,11.25,5.77,11.19,11.24,15.33,7,13.35,8.19,22.89,15.96,12.32,13.02,13.84,13,,17.1,11,8.01,8.35,,10,9.09,10,9.5,14,18.83,4.99,2,9.6,12.61,8.9,9,9.5,9.5,19.6,8.57,12.55,14.87,2.69,11,,8,8.1,15,,11.71,7.73,6.2,8,3,19.87,10.22,,3.57,26,31,14,5,57,0.5425827604,0.7551622134
Appalachian St.,Louisiana-Lafayette,5,7.78,5.48,9.3,6.75,4.31,5.31,3.21,6.79,7,16,6,2.91,8.5,6.91,6.86,5.28,5.9,7.11,8.69,1,5.95,4.62,6.91,7.28,7.25,6.2,8.64,4,,2.6,6.88,5.51,9.52,,5,5.52,9,5.5,9,6.94,5.86,16,9.1,5.49,5.4,9,8.4,5,10.9,4.74,1.4,-5.03,1.31,7,,8,9.2,9,,6.71,5.74,8.2,6,12.5,10.23,4.12,,2.63,38,45,15,7,83,0.5521662627,0.6707141035
Boise St.,Hawaii,14,15.5,14.51,11.81,14.55,14.46,12.08,10.74,14.9,15,11,21,14.22,19,15.34,14.65,12.55,8.98,14.02,11.84,10,14.25,13.18,17.66,13.47,12.15,13.1,11.53,8,,15.4,14.08,12.35,16.4,,10,18.03,21,14.5,13,14.57,11.07,17,18,13.03,15.4,15,15.7,14,12.9,12.57,12.65,9.79,2.18,13,,9,16.9,16,,14.64,13.94,13,13.5,15.5,11.46,13.91,,2.65,10,31,15,21,41,0.5004957794,0.8081658586
Central Mich.,Miami (Ohio),6,2.55,1.36,4.51,7.59,7.72,3,8.4,4.87,3,-4,2,4.96,1.5,2.4,-0.59,0.7,7.04,4.69,5.12,5,11.6,4.51,4.56,7.47,-0.9,2.42,2.88,2,,9.1,3.55,2.53,0.43,,7,4.46,4,6,6,2.75,0.55,30,3.1,5.03,1.7,1,3.9,6,16.2,9.39,8.05,20.03,-0.27,5,,3,2,10,,5.56,2.8,3.2,7,3,0.14,6.7,,3.46,26,21,15,-5,47,0.4678670663,0.6135857365
Clemson,Virginia,28.5,21.3,18.18,26.21,23.22,25.21,17.7,19.59,18.7,19,27.5,25,25.82,21,23.21,14.05,29.93,14.35,22.87,16.17,17,26.1,21.83,14.53,25.99,16.37,19.53,20.69,17,,34.2,23.21,23.79,21.81,,20,24.93,29,28,24,9.71,22.37,21,30.9,25.35,25.2,23,28.3,27.5,20.7,32.12,20.45,26.8,11.19,24,,20,30.2,30,,25.05,24.5,19.9,28.5,27,24.44,25,,4.91,17,62,15,45,79,0.3673811722,0.915628138
Florida Atlantic,UAB,8.5,12.1,12.27,15.93,16.52,11.98,13.15,14.88,12.47,11,10,11,17.28,13.5,13.15,9.57,13.69,10.64,12.19,12.47,3,15.05,11.78,24.25,12.19,3.87,14.18,8.35,15,,18.3,12.24,11.19,10.76,,8,12.89,15,7.5,10,15.87,12.12,2,12.2,15.49,15.6,12,10,9.5,14.3,9.17,4.3,14.97,1.43,9,,14,11.9,16,,13.65,10.13,11,7.5,-3,13.92,16.43,,3.92,6,49,15,43,55,0.5892728837,0.7720220241
LSU,Georgia,7,4.35,6.63,5.16,7.1,1.48,2.97,6.59,6.26,5,6,0.25,5.45,4,3.29,7.26,-1,6.23,4.72,6.72,4,6.1,4.49,1.03,3.66,8.53,5.51,4.98,5,,9.7,5,3.12,4.02,,4,1.97,3,7,5,0.89,3.73,1,5.5,6.33,3.2,1,5.3,6.5,7.3,9.6,9.25,11.94,10.01,1,,5,5.6,4,,6.48,5.5,5.5,7.5,4,4.45,6.33,,2.27,10,37,15,27,47,0.4434681305,0.6157515765
Memphis,Cincinnati,9,7.68,6.68,9.5,12.94,6.53,8.32,9.1,8.79,13,3,7,9.76,8.5,7.68,5.02,9.69,6.98,8.76,10.19,6,11.45,7.88,6.63,11.3,4.47,9.72,4.51,3,,12.2,8.55,5.67,6.9,,9,7,12,9,9,6.69,3.3,13,8.1,10.45,8.6,7,7.8,9,13.3,16.28,14.55,15.14,0.58,10,,11,6.9,12,,7.77,6.33,7.1,9.5,12.5,9.92,9.31,,2.95,24,29,15,5,53,0.4940699675,0.7062870874
Ohio St.,Wisconsin,15.5,13.37,13.38,16.39,13.15,17.98,10.21,15.46,13.38,12,12,18,16.81,27.5,13.67,11.54,11.92,10.91,14.05,17.34,11,19.3,11.77,3.34,20.58,12.57,12.31,9.67,12,,15,13.71,14.33,13.14,,10,12.7,20,16.5,13,2.3,16.43,1,20.5,15.5,15.1,13,18.8,15.5,18.4,16.65,13.75,22.63,10.92,10,,20,19.4,16,,12.44,14,15.3,16.5,3,17.16,15.45,,4.12,21,34,15,13,55,0.4647738182,0.8041949662
Oklahoma,Baylor,9.5,5.8,1.38,4.1,3.51,2.26,3.88,-0.34,3.65,2,1,1,3.45,1.5,7.4,0.26,8.23,4.57,4.36,2.06,2,-1.3,9.78,1.72,0.2,3.87,3.58,5.05,6,,5.2,4.59,6.64,5.93,,5,6.99,5,9.5,2,1.42,5.33,8,5.4,3.88,6.6,8,4.6,8,-1.6,6.75,9.15,-0.17,0.37,7,,1,5.2,1,,6.19,6.8,4.6,9,17,2.25,5.56,,3.14,23,30,15,7,53,0.3753757138,0.6062064471
Utah,Oregon,7,1.08,3.57,5.17,6.57,5.94,2.06,2.27,2.76,5,-2,5,4.17,5.5,0.67,3.24,5.44,5.73,4.05,5.18,,8,1.77,3.22,7.7,3.96,3.72,5.85,1,,9.9,4,1.19,-0.01,,3,0.38,5,6,5,2.16,0.69,5,6.8,2.8,2.5,4,6.3,6,9.4,9.22,2.6,4.54,0.24,4,,4,7.1,5,,-0.24,3,2.9,6.5,4.5,9.12,0.66,,2.64,37,15,15,-22,52,0.4272776438,0.5993488374
Navy,Army,10.5,17.86,22.56,16.72,18.89,16.02,15.73,20.07,25.13,17,5.5,22,16.75,15.5,13.39,25.46,3.81,11.78,14.86,17.67,,15.4,9.5,40.78,19.55,14.7,17.27,13.04,18,,15.4,15.4,13.89,15.12,,11,9.65,11,10.5,15,25.4,2.77,,8.2,17.93,11.7,9,8.3,11,15.6,21.43,17.5,19.23,5.37,8,,,6.2,8,,10.19,12,4.7,11,4,22.59,17.86,,5.67,7,31,16,24,38,0.6020443705,0.8109816011
Air Force,Washington St.,2.5,2.37,9.98,2.33,,9.35,0.32,6.45,9.4,6,-1.5,14,1.48,14,-2.71,14.22,-2.84,5.48,2.95,4.87,7,1.4,-0.52,12.28,4.22,5.47,1.73,0.76,,,9.7,1.48,-1.26,0.66,,2,-1.47,1,3,1,9.24,-15.94,,-4.4,1.82,-1.9,0.01,-2.8,2.5,14.4,1.33,4.95,6.83,1.77,1,,3,-5.4,10,,0.65,0.1,-1.3,3,-0.5,7.22,-1.16,,5.61,21,31,19,10,52,0.5106608082,0.5695398932
Alabama,Michigan,7.5,5.93,1.45,9.53,,9.8,5.76,4.05,2.68,3,7,1,5.93,-2.5,9.03,-0.79,13.39,4.16,5.27,3.08,5,0.7,7.23,0.78,0.98,0.48,6.36,1,4,,18.8,5.85,6.86,6.87,,5,7.02,8,7,3,0.87,1,,3.2,8.4,7.4,9,1.4,7.5,6.1,8.38,6.5,19.36,-0.23,6,,8,3.2,6,,7.94,11.7,10.7,7.5,5.5,-2.38,5.51,,4.05,16,35,19,19,51,0.4458635521,0.6261526755
Appalachian St.,UAB,17,21.2,19.06,24.55,,14.91,17.98,21.59,22.64,14,17,17,24.27,17.5,21.29,16.45,23.38,12.47,19.34,17.72,14,26.9,14,35.66,24.02,8.59,18.27,13.84,,,18.5,19.66,19.66,19.89,,12,13.74,23,17.5,19,21.82,21.52,,21.7,21.49,20.5,16,20.9,17,24.6,20.05,14.7,28.85,2.66,18,,16,23.1,23,,23.4,17.5,17.2,16.5,8.5,21.42,24.86,,4.40,17,31,19,14,48,0.5564806424,0.8798136975
Arizona St.,Florida St.,3.5,2.23,1.64,5.12,,1.45,4.88,0.98,3.91,3,-1,2,1.56,2,1.45,1.68,1.7,4.37,2.66,3.73,1,4.6,0.01,6.59,3.7,1.41,5.56,2.73,5,,-3.6,2.45,3.55,1.21,,2,2.12,2,4.5,7,4.54,2.3,,3.2,6.92,1.1,2,2.7,3.5,1.3,3.55,2.9,-0.42,0.56,1,,6,3.1,1,,4.04,2.6,4.3,4.5,-5.5,-0.17,6.56,,2.29,14,20,19,6,34,0.4791166364,0.565858857
Arkansas St.,Florida Intl.,1.5,4.58,5.47,6.02,,-0.99,4.96,0.56,3.5,3,6.5,6,3.73,5,5.2,6.34,1.07,5.15,3.37,3.96,3,0.01,3.2,13.09,2.37,2.24,4.63,1.85,,,0.01,3.5,3.55,5.06,,0.01,2.31,-1,3,0.01,7.49,0.01,,0.4,3.5,4.2,3,1.4,1.5,4.9,5.29,1.7,17.5,1.09,3,,4,0.9,2,,4.69,3.3,1.7,2.5,7,1.35,4.47,,2.14,26,34,19,8,60,0.5464681299,0.5833172037
Auburn,Minnesota,7,9.47,4.39,11.1,,9.55,7.08,8.42,8.19,2,7.5,5,9.64,4,10.97,1.77,11.23,4.47,7.22,7.25,3,6.6,8.72,4.91,10.46,0.78,7.5,3.52,3,,1.2,7.8,7.56,9.24,,4,8.12,10,8,10,2.71,6.38,,6.2,9.68,9.8,8,4.3,7,12.3,4.07,9.9,17.88,0.66,9,,12,5.7,11,,11.6,7.6,8.6,7.5,-0.5,10.28,9.1,,3.38,31,24,19,-7,55,0.5054074407,0.6717844122
Boise St.,Washington,-3.5,-1.55,7.89,-3.72,,3.29,-5.46,-4.32,2.78,5,-7.5,8,-3.43,11,-6.37,13.56,-3.67,0.98,-1.31,-3.04,5,-4,-2.77,5.44,-4.22,10.16,-2.77,-2.67,,,1.8,-2.77,-3.23,-1.23,,0.01,-2.83,-3,-3,-2,4.59,-13.26,,-5.6,-5.96,-4.8,-3,-4.3,-3.5,2.6,-5.39,-1.75,3.53,1.26,-4,,-2,-5,-3,,-5.89,-2.4,-2.5,-3,0.01,-2.04,-5.3,,5.24,38,7,19,-31,45,0.5521164073,0.4687681124
California,Illinois,6,7.45,1.89,8.68,,0.46,3.17,2.59,9.92,3,6,4,-1.67,1.5,5.06,3.66,3.9,4.14,3.89,5.37,-2,0.2,3.79,11.41,1.13,3.51,4.89,4.98,6,,2.1,3.8,3.81,7.46,,0.01,4.54,3,4,3,6.65,-1.04,,4.9,3.55,1.3,6,3.2,5.5,6.9,3.88,2.9,-7.42,1.06,4,,1,4,7,,3.08,6.06,1.9,7,4,2.91,1.34,,2.49,20,35,19,15,55,0.4477664972,0.5956395859
Central Florida,Marshall,15.5,16.35,9.14,17.94,,13.84,14.37,15.96,14.63,10,19,11,19.76,8,17.92,3.83,18.2,12.91,15.62,15,10,19,18.6,21.59,16.24,3.65,15.05,11.39,,,21,16.07,16.07,16.49,,12,13.53,17,17.5,14,12.14,11.53,,19.6,18.84,19.2,16,19.4,15.5,18.6,22.93,20.4,13.36,1.29,17,,13,19.6,21,,17.49,15.5,13.4,17.5,13,14.6,20.16,,4.43,25,48,19,23,73,0.5029047346,0.8283750849
Charlotte,Buffalo,-7.5,-7.13,-3.28,-7.82,,-11.79,-5.95,-4.52,-3.51,-2,-7.5,-5,-8.66,-2,-9.38,-0.61,-6.57,-5.34,-6.16,-5.91,-5,-8.3,-9.19,-9.53,-7.06,1.62,-5.08,-3.01,,,-9.8,-6.62,-7.41,-8.34,,-5,-4.64,-9,-4.5,-2,-5.7,-6.72,,-7.6,-6.35,-8.2,-7,-7.1,-7.5,-4.9,-7.82,-5.05,12.63,-0.38,-7,,-6,-6.9,-7,,-6.67,-4.7,-5.5,-7,-5,,-9.05,,2.70,31,9,19,-22,40,0.533159116,0.3510327453
Cincinnati,Boston College,7,6.8,14.3,6.9,,9.16,7.32,5.45,8.69,11,7,14,11.2,15.5,5.22,15.84,3.48,7.31,7.66,4.24,7,5.4,6.14,20.25,4.73,8.44,10.62,4.99,15,,9.4,6.85,5.55,6.66,,6,6.05,3,6.5,4,13.67,0.52,,4.1,11.6,9.1,7,4.1,7,3.4,11.42,5,9.68,2.62,4,,7,4,4,,7.48,6.5,7.9,7,3,5.6,9.47,,3.53,6,38,19,32,44,0.5161865326,0.6811900479
Eastern Mich.,Pittsburgh,-13,-11.41,-8.47,-10.91,,-11.94,-8.85,-13.03,-10.62,-3,-26,-4,-8.41,-6.5,-11.59,-8.5,-10.15,-7.56,-10.5,-8.67,-2,-15.1,-11.95,-21.22,-10.45,-7.91,-9.1,-12.05,,,-4.1,-10.63,-9.98,-12.17,,-6,-7.2,-13,-9.5,-13,-14.47,-16.78,,-12.6,-10.63,-11,-12,-12.3,-13,-4.9,-10.99,-11.55,-17.68,-1.41,-12,,-5,-13.1,-8,,-9.53,-8.7,-11.6,-11,-5.5,-12.19,-9.92,,3.79,34,30,19,-4,64,0.5608677847,0.2600105594
Florida,Virginia,14.5,12.17,12.37,17.44,,16.91,14.1,15.52,10.28,11,9,14,17.98,11.5,13.7,9.56,16.37,9.3,14.12,9.52,9,17.7,13.61,12.69,16.63,10.64,14.01,12.89,8,,14.6,14,14.32,12.36,,9,12.96,16,13.5,13,8.13,14.37,,20.7,18.05,15.9,14,18.8,14.5,14.2,23.42,14.1,27.54,2.26,16,,13,21.1,22,,16.8,13,12.1,14.5,8.5,11.94,19.14,,3.63,28,36,19,8,64,0.4906909942,0.8070643573
Florida Atlantic,SMU,-7,-4.35,-4.16,-0.44,,1.29,-3.48,1.56,-4.74,3,1,1,-2.27,5.5,-3.39,-5.1,2.35,-2.79,-0.98,-5.31,-3,0.6,-2.06,-6.75,-0.01,-2.67,-2.9,1.8,,,2.2,-0.92,-0.27,-5,,3,0.99,2,-3,1,-2.7,3.21,,-2.8,-2.04,-2.1,0.01,-3.2,-5.5,5.4,0.5,-11.75,-6.67,-1.94,-1,,,-3.5,7,,-3.04,-0.84,-0.01,-3,-3,3.22,-3.97,,3.29,28,52,19,24,80,0.6448099654,0.4758979717
Georgia,Baylor,4.5,5.87,3.35,6.65,,7.06,3.93,3.18,4.09,1,5,6,5.55,4,7.48,2.26,10.5,3.1,5.29,3.29,1,1.8,5.61,3.81,3.93,2.61,2.21,6.4,3,,3.9,5.04,7.14,5.83,,4,7.2,7,8.5,6,2.58,11.32,,9.7,2.72,10.2,10,7,4.5,0.01,1.36,2.75,-5.55,1.04,10,,5,8.8,6,,6.01,8.2,4,7,7,5.08,4.71,,2.69,14,26,19,12,40,0.51956633,0.628752261
Georgia Southern,Liberty,4.5,7.22,8.48,12.24,,1.68,8.4,10.25,8.13,5,14,7,7.81,7,6.56,8.81,8.85,6.76,7.84,9.24,1,18,5.61,19.94,8.2,5.2,8.93,7.56,,,1.8,7.98,6.2,6.99,,4,3.72,7,6,7,11.85,7.63,,8.9,9.77,6.2,8,8.3,5.5,11,2.24,0.7,16.4,1.99,7,,10,9.5,8,,7.98,7.8,10.2,4,-1,9.51,8.48,,3.32,23,16,19,-7,39,0.5815798056,0.6855927882
Hawaii,BYU,-1.5,-2.9,-0.65,0.31,,-4.05,-1.62,0.79,-1.71,5,-3,2,-2.4,4.5,-3.67,0.24,0.18,2.67,-0.82,-1.17,-1,0.2,-3.34,-1.41,-0.67,0.75,2.66,-0.66,,,-1.6,-0.67,0.49,-3.28,,2,-1.18,-9,-2,0.01,-0.41,-2,,-1.6,-1.02,-3.9,-4,-0.2,-1.5,1.1,-0.17,-4.1,7.43,-0.29,4,,2,-1.3,2,,-2.68,-0.94,-3,-2,-8,1.5,1.18,,2.66,34,38,19,4,72,0.5168493494,0.4796844109
Indiana,Tennessee,-2.5,-0.4,2.33,0.73,,5.21,0.53,0.49,-2.33,3,3.5,3,4.95,4,0.16,1.01,1.65,0.98,1,0.65,4,0.2,-0.37,2.66,-2.1,2.21,3.48,-0.48,3,,1.9,0.99,1.89,0.73,,2,-0.76,0.01,-1,-4,1.42,-0.01,,-0.6,3.93,3.3,1,-1.5,-1.5,-3.9,-3.18,5.05,-5.43,0.51,1,,2,-0.8,-1,,1.69,2.4,-0.3,-1.5,-2,0.01,3.55,,2.19,23,22,19,-1,45,0.5864484481,0.5248799496
Iowa,USC,2.5,1.86,4.93,2.53,,8.54,2.33,3.67,0.58,1,4.5,6,7.07,5,2.15,3.86,9.21,1.66,2.88,-0.71,3,8,1.44,3.59,4.16,5.09,2.39,-2.64,,,-0.2,2.88,4.37,2.69,,3,-0.01,4,2.5,3,1.97,5.58,,6.2,4.06,3.8,2,5.3,2.5,-2.6,1.56,-2.75,3.95,1.01,2,,-1,7.4,-4,,2.88,1.8,3.7,2,-2,2.83,4.9,,2.99,24,49,19,25,73,0.5093841009,0.5707531202
LSU,Oklahoma,13.5,6.54,9.45,10.98,,10.55,6.43,11.77,9.2,6,9,14,10.92,13.5,5.48,8.71,6.66,6.17,8.93,7.95,5,12.2,11.79,1.81,11.52,7.5,6.2,7.72,,,12.2,8.71,6.56,5.93,,5,6.18,11,10,12,1.38,12.42,,15.1,8.06,9.8,6,13,12.5,18,7.39,3.3,20.83,10.62,7,,13,14.5,15,,8.7,11.2,7.4,13.5,-5,9.76,8.46,,3.82,28,63,19,35,91,0.3897782206,0.7077874245
Louisiana Tech,Miami (Fla.),-7,-9.76,-1.38,-9.93,,-3.62,-9.52,-2.26,-5.8,2,-5,-3,-9.79,-0.5,-13.66,2.82,-8.75,-1.6,-6.82,-5.83,3,-5.6,-13.96,-9.38,-7.2,4.96,-5.12,-3.04,,,-4.3,-8,-10.42,-10.55,,-2,-8.15,-8,-7.5,-8,-2.81,-12.5,,-11.4,-5.98,-11.9,-10,-9.9,-7,0.7,-10.99,-9.7,2.22,-0.55,-12,,-8,-10.6,-4,,-8.13,-7.5,-11.8,-6,-6,-7.73,-11.2,,4.80,0,14,19,14,14,0.5043300297,0.3404462472
Louisiana-Lafayette,Miami (Ohio),14,11.63,11.2,15.89,,18.23,12.62,15.8,11.84,11,5,13,20.34,10.5,13.9,6.63,12.96,9.85,12.86,13.76,13,16.7,12.88,22,15.24,5.85,13.75,12.4,,,21.1,13,12.89,9.23,,15,12.47,14,14,10,13.7,15.91,,12,18.66,16.8,12,13.8,14,16,17.73,18.9,15.53,0.59,16,,11,12.6,15,,17.34,13.7,10.7,14,3,9.87,-16.6,,5.53,17,27,19,10,44,0.4729683677,0.7778482932
Louisville,Mississippi St.,-4,-5.03,-1.09,-6.81,,-5.83,-3.87,-0.37,-2.77,-1,-9,-1,-6.62,1,-6.09,1.67,-9.28,-2.31,-4.61,-2.53,-1,-8.2,-4.06,-1.88,-5.61,0.22,-4.87,-0.8,3,,-3.3,-5.1,-5.57,-6.56,,-4,-5.23,-9,-3.5,-2,-1.24,-8.2,,-13.4,-8.85,-7.2,-7,-6.8,-4,-5,-8.38,-6.7,5.67,0.04,-8,,-2,-9.6,-6,,-5.16,-4.2,-7.4,-4.5,-1.5,2.33,-6.86,,3.54,28,38,19,10,66,0.4850411773,0.3884200086
Navy,Kansas St.,2,-1.76,6.39,-0.31,,3.13,0.54,-0.85,0.01,3,-10,7,3.11,7.5,-2.4,8.03,-5.68,1.7,-0.85,-0.41,3,-5.1,-0.4,2.88,-5.07,4.04,1.78,-3.87,4,,4.7,-0.5,-1.97,-2.65,,5,-1.74,-2,-2,-5,1.82,-16.55,,-9.3,-0.22,2.3,-2,-8.4,2,-4.3,5.79,2.3,3.45,1.19,-5,,-1,-10.8,-7,,0.74,-0.6,-5.3,2.5,4,-2.24,-1.82,,4.94,17,20,19,3,37,0.4319452049,0.4796123811
Nevada,Ohio,-8,-5.12,-3.25,-3.03,,-9.4,-7.1,-14.71,-1.77,-3,-11,-5,-16.39,-1.5,-9.52,3.31,-14.72,-0.01,-7.66,-2.8,-8,-14.4,-9.6,-0.16,-11.34,2.41,-8.37,-1.38,-2,,-16.3,-8.49,-7.29,-4.06,,-10,-7.51,-14,-6.5,-7,-2,-11.55,,-9.8,-14.45,-13.4,-9,-6.6,-8,-9.1,-15.5,-9.1,-25.99,0.28,-11,,1,-8.6,-17,,-9.26,-4.2,-5,-8,-12,-4.71,-10.9,,5.32,30,21,19,-9,51,0.5081009754,0.3236498506
Notre Dame,Iowa St.,3.5,7.12,10.7,5.5,,9.9,3.01,5.32,8.87,6,0.5,13,7.1,12,5.55,12.5,4.9,3.58,6.51,4.68,8,7.4,5.3,8,8.26,11.33,2.1,9.62,,,6.6,6.64,7.3,6.64,,2,6.27,8,3.5,9,6.65,8.06,,8.3,0.52,9,6,6.7,4,10.9,2.79,-0.95,7.75,2.03,4,,4,7.9,8,,5.19,4,1.4,3.5,3.5,13.4,4.84,,3.27,9,33,19,24,42,0.573661549,0.6560250846
Ohio St.,Clemson,-2.5,5.48,8.12,4.44,,10.03,7.46,2.97,7.22,2,-7.5,8,11.04,27.5,5.01,6.67,-1.46,5.55,4.05,12.9,3,1.6,0.69,0.97,1.17,4.87,7.77,0.9,,,5.1,3.55,4.52,4.41,,3,1.38,-2,0,-4,0.55,4.76,,1,10.24,6.8,3,2.3,-1.5,2.4,5.15,6.75,13.8,1.99,-1,,12,1.6,-5,,3.55,2.3,2.8,-2,-6,-3.1,10.75,,5.52,29,23,19,-6,52,0.6516424311,0.5952207794
Oregon,Wisconsin,-3,-0.32,-2.74,1.18,,-1.98,-1.25,2.9,1.17,1,0.5,-1,-7.02,-4,-1.73,-0.59,-3.85,0.76,-1.09,-3,1,0.01,-0.79,-0.66,0.38,1.51,-1.68,-0.26,-6,,-8.3,-0.7,-1.7,-0.23,,-4,1.45,0.01,-3,4,-0.01,1.67,,-0.3,-2.52,-4,-1,-0.7,-2.5,2.5,-2.05,-0.5,0.42,-0.59,-1,,-1,-0.7,3,,-3.03,-1,0.4,-2.5,-8,0.33,-2.7,,2.54,27,28,19,1,55,0.5472845843,0.4729728187
Penn St.,Memphis,7,6.62,1.17,5.92,,7.79,6.56,7.3,2.36,-2,10.5,5,8.79,5,9.25,-2.64,14.18,2.61,5.95,3.55,3,9.1,7.48,3,6.9,2.34,2.61,4.95,,,2,6.48,11.04,7.38,,2,7.66,8,7.5,3,1.36,18.02,,10.3,6.48,9.6,8,10.1,7,1.8,1.32,2.65,-2.67,0.65,11,,2,11.3,5,,8,5.1,7.3,7,0.01,3.82,10.93,,4.01,39,53,19,14,92,0.4744349074,0.6418399539
San Diego St.,Central Mich.,3.5,8.44,4.61,8.21,,7.67,4.92,1.24,8.58,4,7,5,0.21,6,7.8,6.82,8.84,6.03,5.29,2.53,1,2.7,1.55,16.41,4.91,7.28,4.2,6.19,,,-3.5,5,4.82,9.01,,0.01,4.6,3,4.5,7,10.11,5.73,,4.1,4.4,4.8,7,6.1,3.5,4.9,-1.86,1.8,3.49,0.77,2,,5,5.3,12,,3.96,4.8,6.1,3.5,6,7.98,3.6,,2.88,11,48,19,37,59,0.5441692819,0.6284954244
Southern Miss.,Tulane,-7,-7.85,-5.34,-9.46,,-7.46,-8.25,-5.59,-6.72,-2,-10,-7,-11.59,-3.5,-10.02,-2.22,-4.42,-4.63,-6.38,-7.93,-3,-6.7,-5.98,-12.84,-7.78,0.94,-8.46,-2.49,-1,,-6.4,-6.25,-6.79,-7.01,,-4,-5.02,-5,-7,-5,-6.09,-2.15,,-6.1,-10.29,-9.1,-5,-9.6,-7,-3.5,-8.68,-11.85,-1.5,-0.8,-4,,-9,-5.9,-6,,-8.96,-6.6,-5.8,-7.5,-1,-3.35,-11.41,,3.08,30,13,19,-17,43,0.5152928649,0.3465834425
Temple,North Carolina,-5.5,-4.05,1.92,-2.91,,-3.7,-5.85,-4.42,0.17,1,-3,1,-6,2,-7.59,5.88,-4.49,2.21,-3.91,-0.2,1,-8.9,-7.35,2.38,-4.66,3.21,-4.21,1.41,,,-5.5,-4.66,-6.13,-4.75,,-7,-7.3,-9,-6,-4,1.24,-10.19,,-7.9,-7.06,-7.3,-5,-8.3,-5.5,-7.4,-2.69,-7.5,-0.07,0.56,-7,,1,-8.3,-13,,-11.53,-3.1,-6.2,-5,8,0.37,-7.65,,4.58,55,13,19,-42,68,0.5383332924,0.4064622354
Texas A&M,Oklahoma St.,6.5,1.13,0.44,1.34,,3.75,-0.59,1.77,0.68,-2,8,0.25,3.34,-2,1.44,-1.01,0.01,-1.42,1.98,0.52,-1,1.6,8.36,-0.84,0.83,-0.01,-2.58,3.62,,,3.2,1.34,0.97,1.32,,0.01,4.16,3,4,2,-1.15,7.11,,5.1,-1.61,5.5,2,3.2,5.5,8.9,-0.64,-1.55,3.49,-0.31,4,,4,6.3,9,,1.59,3.5,0.6,7,-3.5,6.92,0.27,,3.06,21,24,19,3,45,0.3898957842,0.5487387988
Utah,Texas,7.5,5.28,8.4,6.02,,16.28,7.21,4.02,6.26,8,-1.5,13,8.51,11.5,4.96,8.33,6.78,8.07,7.46,9.55,9,4.5,9.97,6.53,6.02,10.09,7.6,7.96,5,,12.5,7.4,6.36,4.49,,9,5.64,6,6.5,5,5.77,9.02,,10.9,8.52,9.4,8,9,7.5,0.8,13.15,5.4,12.38,0.76,11,,5,10.2,6,,5.26,6.8,3.4,7.5,8,7.08,7.88,,3.02,38,10,19,-28,48,0.4990125219,0.6778276752
Utah St.,Kent,7,8.55,6.7,7.62,,2.18,5.52,4.12,4.7,4,17.5,8,4.03,7,10.47,8.02,13.86,6.27,6.92,2.48,4,3.2,8.35,18.31,0.73,7.95,3.52,7.31,,,2.3,7,8.25,10.53,,2,5.12,6,8,4,11.06,4.34,,7.3,2.94,7.6,10,7.4,7,-1.3,5.21,10.3,2.52,1.06,10,,4,7.8,13,,6.87,8,9.3,7,7,,6.74,,3.35,51,41,19,-10,92,0.4980328261,0.6651395004
Virginia Tech,Kentucky,2.5,-1.13,-0.31,-1.83,,-1.32,-3.22,-4.17,-0.83,3,-0.5,-2,-4.22,2,-1.88,1.65,0.01,0.22,-1.01,2.71,1,-3.5,1.63,0.97,-2.66,2.88,1.51,1.7,3,,-1.2,-0.91,-3.54,-0.65,,0.01,-2.75,-1,2.5,-4,0.92,-1.97,,-0.4,0.25,-2,0.01,-0.8,1.5,-2.6,-9.1,-4.95,3.72,0.5,-1,,-2,-1.9,-2,,-5.62,0.1,0.5,2.5,5,0.16,-5.78,,2.62,37,30,19,-7,67,0.4136509071,0.4749722961
Wake Forest,Michigan St.,-3.5,-4.72,-0.83,-3.37,,1.61,-3.65,-3.25,-5.88,1,9,-1,-6.95,-1,-3.97,2.24,-4.95,-1.25,-2.73,-3.42,1,-4.3,-2.55,-2.22,-4.93,0.89,-4.51,0.68,,,-2.5,-3.37,-1.94,-4.18,,-3,-3.55,1,-3.5,-4,0.32,-7.01,,-3.4,-7.66,-7.2,-5,-4.4,-3.5,0.5,-8.73,-0.45,1.31,0.22,-4,,-6,-4.6,3,,-3.12,-3.1,-6.9,-4,2,-1.3,-6.86,,3.33,27,21,19,-6,48,0.5189304705,0.4331732974
Western Kentucky,Western Mich.,3,0.26,1.25,3.31,,1.42,0.28,2.23,6.4,-3,0.01,2,0.49,3.5,-3.59,1.63,3.38,2.18,1.81,4.45,-1,4.5,-2.72,2.38,6.22,7.08,4.11,7.14,-2,,4,1.52,-1.26,-1.71,,2,-2.03,2,2,6,5.26,-3.25,,-0.6,4.64,-2.3,1,-0.7,3,10.9,5.93,-2.95,20.89,0.59,1,,5,-2.3,3,,1.19,0.3,0.9,3.5,-2.5,8.33,-0.51,,3.48,20,23,19,3,43,0.4708141346,0.5443399345
Wyoming,Georgia St.,7.5,9.52,4.4,7.92,,9.77,7.68,9.18,9.4,6,5,6,9.59,4,10.67,1.8,11.44,4.7,8.74,6.03,5,12.4,8.13,10.16,12.48,1.72,8.47,7.05,,,6.2,8.8,7.8,8.49,,5,8.09,15,7,12,7.61,7.22,,10.5,11.4,8.8,10,10.2,7.5,14.2,13.05,7.45,19.77,0.25,10,,6,9.3,14,,10.56,6.7,6.2,7.5,12,13.01,11.52,,3.15,17,38,19,21,55,0.5305373927,0.7054197695
LSU,Clemson,5,-1.26,3.44,0.17,,-0.81,-0.49,0.85,2.14,-1,-9.5,-5,-0.59,2.5,-3.1,5.46,-7.39,0.98,-0.65,3.49,8,-1.7,-1.34,0.5,-4.85,4.99,1.37,0.01,,,-1.6,-0.49,-1.1,-1.42,,-2,-1.97,-5,3,-4,0.18,0.55,,0.01,0.76,-2.3,-3,0.8,3.5,7.8,3,4.1,11.07,2.05,-3,,3,1.1,-5,,1.53,0.9,-2.5,5.5,-12,-1.02,-0.01,,3.77,25,42,20,17,67,0.3645630896,0.4841109574
