Home,Road,line,linesag,linepayne,linebemiss,linepfz,linelaz,linemore,linesagelo,linemarsee,linenutshell,lineargh,linecpa,linehow,linesagpred,linecparetro,linekam,linemidweek,lineavg,lineelo,linepugh,lineborn,linesuper,linedunk,linebill,linecovers,linebihl,linebill2,linemassbcs,linefeng,lineclaa,linemedian,linewolf,linefremeau,lineanderson,linecoll,linemaas,linefox,lineopen,linepig,linenutshellretro,linecons,linecong,linesportrends,linedoi,linel2,linepimean,lineash,linepibias,lineca,lineburdorf,linesprs,linekeep,linekerns,linel2hf,linebythen,linelog,linegirl,lineatom,linepiratings,linedwig,lineheresy,linecather,lineschmidt,linetempo,linerba,linelaffaye,linerwp,lineps,lineloud,linecurry,linedonchess,linestd,lineharm,linebass,lineaustin,linepivint,linesid,linebf,vscore,hscore,week,linetrexler,linedokter
1234567890123456,0123456789012345,123.45,7890.12,4567.89,,,,,,,,,,,,,,,,,,,,,,,,,,,,,,,,,,,,,,,,,,,,,,,,,,,,,,,,,,,,,,,,,,,,,2349.2,,,,,,,,,,,
Georgia St.,Louisiana-Lafaye,-21,-22.36,-23.56,-22.3,-20.33,-19.01,-19.41,-23.9,-32,-13.75,-34,-23.96,-28.5,-20.7,-20.62,,-21.5,-24.36,-20.77,-23.18,-27.55,-6.58,-29.82,-47.46,-8.88,-17.19,-26.21,-36.43,-16,,-23.56,-38.52,-15,-31.78,-31.2,-23.6,-30,-21,-23,,-21.38,-28.4,,-21.09,-18.24,-25.7,-21,-29.5,-21,-23.5,-24.39,-25.99,-19,-20.07,,-4.9,,-20.58,-30.1,-27,,-26,-30.99,-12,-17,-28.8,-25.12,-15.9,-28,-32.2,-33,6.68,,,,,,,,,,,-20.33
Pittsburgh,Florida St.,-10,-6.32,-12.44,-10.05,-9.27,-8.23,-5.91,-6.32,-20,1,-5,-10.48,-7.5,-6.32,-11.48,-6,-10,-8.96,-3.26,-10.02,-11.25,-16.25,-13.12,-19.33,-14.5,,-9.78,,-2.8,,-9.1,,-6,,,,-14,-7.5,-13,,-12.06,-2.29,-7,-7.92,,-12.2,-15,-9.2,-10,-5.9,-9.55,-12.7,-9.2,,,,,-8.16,-8.8,-4,,-5,,-2,1,-12.7,-15.97,,-3,-15.7,-9,4.76,,,,,,,,,,,-3.12
Arkansas,Louisiana-Lafaye,10.5,10.86,6.41,9.73,5.51,13.51,10.17,10.86,-8,-1,5,10.22,8.5,10.86,10.22,8.67,10.5,6.33,1.47,18.42,6.75,17.75,3.7,0.33,7.5,,3.53,,9,,7.39,,1,,,,13,10.5,11,,5.24,-8.51,-4.5,7.23,,18.7,2,10.6,10,4.9,7.82,-8,2.1,,,,,6.72,12.3,-6,,2,,2,14,7.7,-1.59,,3,8.1,10,6.34,,,,,,,14,34,1,,15.84
Auburn,Washington St.,15.5,14.5,11.14,14,4.46,9.39,2.25,14.5,5,2,9,9.62,14,14.5,9.62,4.38,16.5,8.61,2.39,11.58,0.55,20.25,17.05,11.67,3,,8.31,,9.7,,9.1,,8,,,,13,17,6,,10.39,5.58,4.5,11.53,,11.4,3,8,14.5,3.7,11.15,0.4,6.2,,,,,12.36,9.2,10,,-2,,3,15,8.3,7.58,,3,3.8,15,4.96,,,,,,,24,31,1,,18.37
Bowling Green,Tulsa,3.5,-7.63,-4.47,3.21,-4.56,-6.6,-2.06,-7.63,-7,2,5,-6.78,-6,-7.63,-6.78,-11.62,4.5,-2.38,-0.3,-13.36,-8.05,-15,5.48,-13.33,-2.3,,-1.83,,3.8,,-2.65,,1,,,,-6,3,-6,,-5.89,3.31,-8,-0.76,,2.5,-3,3.4,2.5,4.6,-2.21,1,-3.4,,,,,0.37,3.6,8,,3,,-4,-4,-6,-10.5,,-3,-6.8,-6,5.06,,,,,,,7,34,1,,0.52
California,Northwestern,-5,-1.6,-12.36,-5.85,-7.04,1.01,-14.73,-1.6,-20,-16,-12,-5.68,-3.5,-1.6,-5.68,-3.64,-5,-9.88,-3.9,-0.17,-14.35,-15.25,-3.83,-16,-6.5,,-12.49,,-1.2,,-8.03,,-12,,,,-7,-3,-8,,-15.51,-24.17,-6.5,-4.57,,-16.2,-12,-15.5,-5.5,-19.2,-7.9,-15.1,-9.4,,,,,-8.05,-13.2,-9,,-25,,-8,-4,-7.6,-18.7,,-3,-19.4,-4,6.31,,,,,,,44,30,1,,-6.89
Central Florida,Akron,23,25.28,26.9,21.34,24.08,24.32,31.69,25.28,38,27,21,33.12,26,25.28,33.12,32.11,21.5,25.83,26.37,32.74,32.65,18.75,19.93,31,7.7,,28.34,,19,,26.25,,20,,,,28,21.5,29,,29.96,20.82,29,24.29,,11.2,25,22,23.5,27.7,26.13,30,20.5,,,,,27.89,20.4,25,,30,,16,28,29.1,40.2,,3,39.4,27,6.53,,,,,,,7,38,1,,27.43
Cincinnati,Purdue,10.5,11.51,12.71,10.05,13.79,8.31,14.4,11.51,21,15,11,14.42,13.5,11.51,14.42,17.99,10.5,13.94,10.96,10.98,15.65,23,16.46,20,12.75,,14.09,,10.5,,13.35,,15,,,,19,7.5,15,,18.22,6.23,17.5,12.61,,12.7,14,11.7,11,17.3,13.2,13.2,8.4,,,,,11.02,9.7,13,,12,,8,24,21.9,16.8,,3,16.8,11,4.23,,,,,,,7,42,1,,17.53
Clemson,Georgia,-2,-2.99,-1.64,-2,-3.18,-2.84,-2.89,-2.99,-4,0.01,-3,0.42,0.01,-2.99,0.42,1.45,-1.5,-1.91,-4.41,-4.87,-2.45,-1.25,0.96,1,0.7,,1.92,,-1.1,,-2.02,,-4,,,,1,-2.5,-1,,0.47,-1.04,3.5,-1.52,,-2.2,1,-1.2,-2,-7.8,-2.04,-1.3,2,,,,,-3.22,-1.9,-4,,-1,,-4,1,-10.3,-4.38,,-3,-2.9,-1,2.66,,,,,,,35,38,1,,-3
Colorado St.,Colorado,3,-3.87,2.52,2,11.13,-0.81,-2.37,-3.87,11,4,-1,0.8,0.01,-3.87,0.8,-0.01,3,4.5,0.62,-1.01,6.6,0.5,-0.13,2.33,0.01,,1.4,,2.8,,2.43,,1,,,,0.01,2.5,0.01,,3.83,11.33,11.5,3.54,,19,8,20.8,3,2.8,4.06,14.2,6.7,,,,,1.76,23.2,6,,10,,7,14,12.9,9.71,,-3,2.3,2,5.87,,,,,,,41,27,1,,1.05
Florida,Toledo,23.5,19.93,21.55,22,14.52,18.33,21.6,19.93,23,20,19,25.42,17,19.93,25.42,24.17,24,20.73,24.13,17.97,23.65,30.5,17.4,15,22.5,,27.38,,19.8,,21.6,,16,,,,21,23,23,,22.3,10.18,15,23.13,,19,11,20.8,23.5,18.5,21.59,23.3,15.4,,,,,18.59,23.2,23,,23,,10,17,27,25.94,,3,24.2,12,5.12,,,,,,,6,24,1,,24.34
Fresno St.,Rutgers,10.5,1.27,10.09,10,0.01,5.43,5.85,1.27,7,3,4,7.62,-0.5,1.27,7.62,6.74,10,6.16,11.74,1.62,6.55,-5.25,3,0.17,10,,11.21,,8.9,,6.73,,-4,,,,5,11.5,9,,5.92,5.03,8,10.09,,0.7,7,8.4,9.5,8.1,6.73,18.7,8.2,,,,,5.24,8.2,8,,11,,-1,1,6.4,3.03,,-3,10.1,-6,4.28,,,,,,,51,52,1,,6.98
Hawaii,USC,-23.5,-19.16,-26.91,-23.14,-12.98,-20.35,-21.45,-19.16,-25,-25,-18,-23.38,-17,-19.16,-23.38,-32.68,-23.5,-23.2,-23.11,-22.55,-24.95,-33,-39.68,-20,-9,,-25.26,,-20.6,,-23.05,,-23,,,,-27,-20.5,-27,,-26.7,-15.16,-24,-21.95,,-26,-25,-31.4,-23.5,-15.7,-22.2,-28.6,-22.6,,,,,-14.82,-31.9,-26,,-22,,-15,-35,-28.1,-29.07,,-3,-22.3,-22,6.48,,,,,,,30,13,1,,-24.55
Iowa,Northern Ill.,3,2.65,-7.76,3.19,-5.29,1.68,-1.6,2.65,-16,-15,4,-1.68,-3,2.65,-1.68,-2.07,3,-3.31,-6.5,1.04,-5.95,-8.75,5.03,-18,-3.7,,-3.69,,1.2,,-2.69,,1,,,,-9,3,-2,,-8.4,-3.2,-8.5,0.54,,7.5,-5,4.2,2.5,-8.3,-2.37,-7.8,-8.2,,,,,-2.11,6.9,-2,,-10,,-5,-3,-8.2,-12.18,,3,-12.1,-5,5.72,,,,,,,30,27,1,,3.33
Louisville,Ohio,20.5,14.62,18.94,20.78,9.24,13.46,23.06,14.62,16,15,18,25.92,8,14.62,25.92,15.72,20.5,17.97,13.68,12.48,15.85,20.75,23.16,19.33,20.25,,25.64,,12.2,,18.05,,27,,,,19,21,22,,20.22,11.01,9.5,17.41,,18.6,18,26.1,20,15.9,17.48,24.9,11.4,,,,,19,26.4,15,,17,,10,10,18.9,17.97,,3,18.1,8,5.16,,,,,,,7,49,1,,19.64
Marshall,Miami (Ohio),19.5,9.43,11.97,13.96,8.59,6,9.15,9.43,9,2,12,14.72,8,9.43,14.72,13.09,19.5,12.44,5.89,5.53,11.05,7.75,19.85,7.33,3,,19.29,,,,12.15,,17,,,,17,17,19,,11.27,10.54,7.5,14.47,,17.7,13,14.4,18.5,11.9,13.31,24.3,9.6,,,,,15.56,12.3,14,,13,,4,11,24.1,9.23,,3,10.4,9,5.20,,,,,,,14,52,1,,12.44
Maryland,Florida Intl.,23,16.75,13.36,19.96,0.33,9.71,12.04,16.75,6,-5,15,24.32,3.5,16.75,24.32,6.76,22.5,12.53,1.68,7.51,9.25,6.25,23.25,9.67,3,,13.86,,7.5,,12.01,,3,,,,11,18.5,27,,11.07,15.87,1,10.92,,28.7,14,25,22,10.1,13.45,17.6,7.8,,,,,14.19,23,7,,16,,-2,8,9.9,11.16,,3,8.9,2,7.23,,,,,,,10,43,1,,19.34
Miami (Fla.),Florida Atlantic,31,27.22,25.07,30.7,16.01,24.69,27.5,27.22,23,20,22,30.62,19.5,27.22,30.62,25.5,32,25.36,15.41,28.94,26.35,24.25,35.35,23.33,9.9,,22.81,,19.9,,26.05,,21,,,,31,31.5,34,,29.04,21.48,17,18.23,,35,25,36.9,30.5,26.5,26.58,28.3,18.6,,,,,29.13,35.2,18,,30,,8,25,24,28.93,,3,30.2,24,6.78,,,,,,,6,34,1,,31.92
Michigan,Central Mich.,31.5,24.73,28.04,30,22.68,25.29,23.12,24.73,23,20,24,35.72,19.5,24.73,35.72,31.38,31,26.57,23.42,30.37,31.05,40.25,27.86,22.33,16.5,,37.3,,18.1,,27.79,,17,,,,32,34.5,36,,29.41,7.16,24,28.1,,25.3,29,33.6,31,18.4,27.72,33,22.7,,,,,31.55,34.3,19,,26,,14,42,29.1,25.78,,3,28.5,24,7.25,,,,,,,9,59,1,,28
Michigan St.,Western Mich.,28,20.31,23.17,27.69,16.78,17.09,27.05,20.31,23,21,25,25.02,17.5,20.31,25.02,22.05,28,23.48,21.31,20.89,26.45,38,19.25,29.67,11.25,,30.34,,17.8,,23.09,,17,,,,23,27,28,,28.34,22.25,20,22.7,,32.1,21,31.9,27.5,29.7,23.6,27.6,9.8,,,,,24.53,34.2,21,,29,,8,25,22.1,26.63,,3,32.2,20,5.97,,,,,,,13,26,1,,26.26
Minnesota,UNLV,13.5,13.78,14.64,14.02,10.97,14.06,14.27,13.78,25,10,16,18.32,14,13.78,18.32,22.07,14,15.52,12.87,17.56,21.75,6.5,12.22,18.33,3,,21.33,,10,,15.05,,7,,,,16,14.5,20,,17.87,15.05,9.5,14.14,,13.5,11,17.7,13.5,18.9,15.04,10.9,21.2,,,,,15.4,19.4,16,,21,,5,17,18.3,24.38,,3,17.9,18,5.08,,,,,,,23,51,1,,23.45
NC St.,Louisiana Tech,14,10.21,4.34,12,4.4,3.48,12.77,10.21,-6,0.01,10,14.32,3,10.21,14.32,7.45,14,6.72,-3.95,2.4,6.25,-1,2.61,-6.67,3,,5.92,,1.5,,6.63,,3,,,,10,14.5,15,,3.53,14.34,-7,3.49,,14.9,7,13.6,13,7,7.95,1.5,2.2,,,,,13.12,13,3,,7,,-2,3,13,-5.61,,3,5.3,3,6.04,,,,,,,14,40,1,,11.63
Nebraska,Wyoming,30.5,22.11,24.57,27.12,18.76,20.13,16.9,22.11,32,16,24,26.42,23,22.11,26.42,27.38,30.5,23.74,18.69,24.55,21.75,42.5,31,24.67,14.5,,23.92,,19.9,,23.96,,30,,,,28,27,26,,28.62,15.09,19,22.62,,31.7,23,33.2,29.5,17.1,24.86,20.9,22.3,,,,,26.73,34.1,21,,20,,12,24,28.8,30.51,,3,23.1,20,5.62,,,,,,,34,37,1,,25.58
New Mexico,Texas-San Antoni,3,7.46,3.58,3.42,-4.42,14.65,1.42,7.46,-4,6,-9,6.02,-2,7.46,6.02,2.5,3,1.46,3.35,6.8,8.45,4.5,0.01,2,3,,8.83,,-3.7,,2,,-15,,,,13,3,12,,-0.81,-6.27,,3.37,,0.3,-9,-3.2,3,-6.6,1.95,-3.4,-3.9,,,,,2.21,-5.1,-5,,-8,,-2,4,8.5,-4.88,,-3,0.01,-2,6.18,,,,,,,21,13,1,,7.14
North Texas,Idaho,15,8.17,20.24,12.84,14.63,7.21,20.63,8.17,27,5,23,20.02,10,8.17,20.02,17.29,15,16.24,16.31,7.83,16.95,-5.75,18.51,9.67,3,,11.8,,14.7,,15.99,,13,,,,19,14.5,15,,11.41,29.74,13,15.97,,11.9,29,23.7,15,19.4,15.68,31.8,17.7,,,,,17.54,22.5,18,,29,,8,14,21.4,18.89,,-3,9.9,13,7.30,,,,,,,6,40,1,,15.26
Notre Dame,Temple,29.5,24.35,25.72,28.49,20.77,21.54,32.2,24.35,40,34,27,35.82,20,24.35,35.82,25.65,29.5,28.75,30.07,21.03,30.75,40.5,24.35,31.33,20,,26.85,,19.3,,28.14,,23,,,,28,30,35,,33.12,30.22,25,29.65,,33.9,25,38.9,29.5,24.4,28.17,28,28.1,,,,,24.13,38,24,,34,,13,39,28.2,36.07,,3,34.4,19,6.93,,,,,,,6,28,1,,26.03
Ohio St.,Buffalo,34.5,30.82,35.36,33.64,23.05,28.97,30.47,30.82,39,24,23,41.82,26,30.82,41.82,28.92,34.5,29.48,27.89,33.04,36.55,43,38.77,36,27.5,,40.43,,20.6,,29.02,,26,,,,30,35,39,,35.53,19.41,18,27.92,,24.8,29,29.4,34,23.8,30.28,23.3,22.2,,,,,25.51,29.5,19,,29,,13,28,28.1,37.3,,3,35,26,7.38,,,,,,,20,40,1,,32.3
Oklahoma,Louisiana-Monroe,21.5,25.67,22.45,26.21,19.27,26.71,27.07,25.67,18,25,17,24.32,26,25.67,24.32,26.27,21,23.09,17.5,33.37,31.45,38.75,38.79,21.67,18.5,,22.42,,15.8,,23.3,,17,,,,28,22.5,24,,25.34,6.87,14.5,22.76,,23.1,16,21.7,21.5,25.2,22.19,7.6,22.5,,,,,19.09,23.5,22,,30,,10,28,29.5,23.5,,3,33.1,27,6.77,,,,,,,0,34,1,,27.42
Oklahoma St.,Mississippi St.,13,12.96,13.25,8,12.56,12.81,15.53,12.96,6,10,9,10.5,11,12.96,10.5,14.83,12.5,12.07,7.04,16.14,19.1,12,17.99,5.67,7.5,,11.3,,9.1,,12.65,,18,,,,22,11,10,,11.47,9.34,10.5,11.79,,1.6,18,13.4,13,18.5,12.74,8.5,11.4,,,,,17.6,12.8,15,,15,,6,1,13.2,6.62,,3,17.5,13,4.50,,,,,,,3,21,1,,19.36
SMU,Texas Tech,-4.5,-4.83,-3.11,-6,-0.53,-4.45,1.52,-4.83,-3,5,-1,-2.98,-1.5,-4.83,-2.98,-1.78,-5.5,-2.31,-7.13,0.81,5.35,-9,-9.29,-10.67,3,,-4.87,,-5.3,,-3,,-9,,,,-4,-7,-3,,-4.01,-6.68,6,-5.14,,8.3,-3,-5.3,-4.5,7.8,-3.76,-0.8,-8.4,,,,,-1,-7,-1,,3,,1,3,4.9,-4.59,,-3,2.9,-3,4.21,,,,,,,41,23,1,,-4.36
South Carolina,North Carolina,10.5,13.42,13.15,11,13.52,11.69,18.25,13.42,21,9,16,18.62,15.5,13.42,18.62,20.91,12.5,14.49,19.18,13.42,12.75,24.25,20.05,18.33,18.5,,21.36,,11.9,,13.81,,8,,,,14,10.5,14,,15,9.69,10,12.52,,9.9,6,13.4,11.5,12.8,14.15,10.1,5.1,,,,,10.79,15,14,,12,,6,25,25.3,19.55,,3,15.5,19,4.88,,,,,,,10,27,1,,13.62
Southern Miss.,Texas St.,8.5,12.05,-0.12,7.94,7.25,9.84,-7.02,12.05,-12,-9,-7,8.42,12.5,12.05,8.42,3.72,8.5,2.09,-8.6,15.26,-5.85,-0.5,9.41,2,3,,6.51,,1.4,,3.86,,4,,,,10,7,10,,1.52,-7.36,,0.55,,5.6,8,6.7,8,-11.5,5.37,-3.6,-3.3,,,,,9.19,5.4,-10,,-9,,-1,1,-9.3,-37.61,,3,-5,10,9.76,,,,,,,22,15,1,,7.17
Syracuse,Penn St.,-9,-6,-0.72,-4,0.01,-3.46,5.59,-6,-2,4,-8,-3.68,-6.5,-6,-3.68,2.12,-9,-3.55,0.01,-5.12,1.35,-8,-9.06,-6,-4.4,,-11.1,,-0.9,,-3.76,,-7,,,,1,-7,-5,,-2.49,-5.45,-4,2.08,,-17.7,-5,-10,-8,5.6,-3.83,-1.8,0.4,,,,,-2.13,-9.9,-1,,2,,-1,-11,-4.2,-4.78,,-3,2.9,-7,4.01,,,,,,,23,17,1,,-8
TCU,LSU,-4,-4.83,-4.84,-3.7,-8.7,-6.92,-5.05,-4.83,-11,-10,2,-4.2,-5,-4.83,-4.2,-8.01,-4,-4.93,-7.78,-8.43,-6.2,-9.25,-7.02,-7.67,-8.25,,-3.57,,-3.4,,-5,,-4,,,,-6,-3,-4,,-5.76,-6.51,-5.5,-3.99,,5.5,-4,9.6,-4,2.8,-5.47,-3.3,-1,,,,,-3.13,-2.2,1,,-5,,-6,-20,-5.7,-12.55,,-3,-6.3,-13,3.79,,,,,,,37,27,1,,-9.48
Texas,New Mexico St.,42.5,36.94,50.4,40.86,25.44,34.76,48.71,36.94,50,36,39,46.02,32.5,36.94,46.02,43.05,42,42.11,39.85,38.93,50.75,33.25,39.82,37,19.5,,45.83,,32.1,,41.81,,38,,,,47,41.5,48,,42.73,46.81,32.5,41.55,,34.3,54,57,42.5,47,41.81,56.6,37.6,,,,,40.51,56.4,48,,51,,20,45,31,46.98,,3,48.8,42,10.05,,,,,,,7,56,1,,43.78
Texas A&M,Rice,27,25.54,30.12,27.92,25.83,28.17,29.62,25.54,34,28,20,30.32,27,25.54,30.32,41.18,27.5,27.85,28.79,33.86,38.35,41.25,36.68,23.67,24.5,,28.59,,22.5,,28.01,,31,,,,32,31.5,26,,28.09,14.14,29,30.41,,15.6,28,25.9,27,25.3,28.22,25.5,27.5,,,,,29.41,27.5,28,,27,,15,32,30.1,32.87,,3,34.5,25,6.12,,,,,,,31,52,1,,29.97
Troy St.,UAB,3.5,3.38,13.91,4.67,9.5,7.25,8.09,3.38,21,16,-2,4.12,12,3.38,4.12,9.87,3.5,6.61,17.12,8.53,18.35,2.75,-16.87,4.33,3,,7.07,,5.4,,5.18,,4,,,,10,6.5,4,,9.33,-3.68,11,12.32,,-5.4,1,1.2,3.5,5.3,6.93,1.9,11.1,,,,,4.31,-0.01,5,,4,,6,14,24.2,15.82,,3,11.2,2,6.97,,,,,,,31,34,1,,11.2
UCLA,Nevada,21,17.16,14.72,15.5,1.46,9.8,14.59,17.16,15,21,23,17.42,8,17.16,17.42,20.14,21,17.2,18.61,8.13,17.75,20.5,29.71,18.33,14.75,,18.46,,9.1,,17.29,,11,,,,19,17,22,,18.47,10.99,4,17.69,,9.8,19,27.6,20.5,15.1,16.34,25,11.9,,,,,15.91,29.7,23,,17,,3,11,29.1,17.93,,-3,19.7,11,6.77,,,,,,,20,58,1,,16.35
Utah,Utah St.,2.5,1.5,-8.17,-3.04,-4.47,5.25,-5.35,1.5,-14,-3,-0.25,2.62,2,1.5,2.62,1.74,2.5,-3.06,-8.82,4.59,-4.95,-5.75,-7.82,-11,-3,,2.02,,-4,,-3,,1,,,,1,0,0.01,,-6.03,-9.12,-11.5,1.21,,6.2,1,-0.6,2,-13.1,-1.7,-12,-4.5,,,,,-3.23,0.8,-14,,-6,,-7,-3,-8.8,-14.52,,3,-11.3,1,5.67,,,,,,,26,30,1,,6.57
Vanderbilt,Mississippi,-2.5,0.61,-1.34,-2.5,8.68,3.05,1.81,0.61,4,5,3,4.62,6,0.61,4.62,4.6,-3,1.04,4.34,6.01,3.35,7.25,-4.87,5.33,8.5,,4.22,,-4.2,,1.36,,-8,,,,1,-1,1,,3.77,4.26,1.5,1.51,,-7.9,1,-10.3,-2,-4.9,-0.12,-7.6,6.2,,,,,-0.74,-9.7,-4,,3,,-1,7,12.4,4.61,,-3,5.6,9,4.41,,,,,,,39,35,1,,-0.65
Virginia,BYU,-1,-6.06,-5.9,-2.87,-10.61,-7.75,-11.44,-6.06,-19,-10,-4,-5.88,-9,-6.06,-5.88,-18.14,-1,-9.02,-12.8,-8.92,-11.15,-24.25,2.35,-5.67,-3.3,,-5.49,,-7.9,,-9,,-3,,,,-8,-2.5,-4,,-13.51,-11.07,-14,-7.07,,-6.7,-10,-9.3,-2.5,-13.2,-8.45,-11.6,-11.1,,,,,-9.42,-8.8,-14,,-13,,-9,-11,-19.3,-17.04,,-3,-12,-4,4.58,,,,,,,16,19,1,,-7.81
Virginia Tech,Alabama,-21,-19.35,-19.43,-18,-24.37,-17.8,-30.38,-19.35,-31,-27,-17,-25.2,-18.5,-19.35,-25.2,-30.5,-20,-22.5,-25.15,-24.25,-30,-19.5,-29.79,-16.39,-15,,-20.96,,-19.3,,-21.96,,-12,,,,-21,-17.5,-19,,-15.01,-6.15,-24,-20.51,,-13.1,-27,-22.8,-21,-32.2,-21.91,-31.8,-18,,,,,-22.28,-22,-24,,-29,,-16,-31,-26.7,-29.89,,-3,-31.6,-19,6.37,,,,,,,35,10,1,,-24.7
Washington,Boise St.,3.5,-3.91,2.74,4.1,-8.09,-3.75,5.49,-3.91,-4,-1,12,-3.38,-10,-3.91,-3.38,0.26,3.5,1.79,4.33,-7.52,0.85,-10,-0.95,-7,4.5,,-4.42,,1.3,,0.87,,-4,,,,3,5.5,1,,-2.25,8.95,-4,4.46,,13.3,4,19.3,3.5,8.9,0.58,11.1,-2.1,,,,,4.34,20.5,7,,11,,-5,-4,2.7,-3.1,,-3,0.9,-6,6.13,,,,,,,6,38,1,,-1.88
Western Kentucky,Kentucky,-4,-7.05,2.19,-2.61,10.22,-2.95,3.89,-7.05,15,9,0.25,-0.5,0.5,-7.05,-0.5,5.46,-4.5,0.31,3.72,-5.73,2,-3.25,6.86,-2.67,0.01,,-2.99,,-6.2,,0.13,,4,,,,1,-7.5,-4,,2.49,5.84,,0.69,,-7.4,-1,-7.8,-3.5,3.6,-0.12,5.3,3.6,,,,,-1.73,-10.5,-3,,-1,,4,-4,9.1,8.87,,-3,2.2,5,5.33,,,,,,,26,35,1,,-6.68
Wisconsin,Massachusetts,44.5,34.7,46.03,44,34.21,36.8,47.28,34.7,45,31,32,36.92,33,34.7,36.92,50.65,44.5,40.32,37.9,47.89,55.25,32.5,42.04,28.33,14,,46.46,,33.4,,40.94,,33,,,,54,44,44,,40.32,34.88,,43.45,,35.2,43,47.8,44.5,50.7,41.56,52.4,37.1,,,,,46.17,47.8,46,,52,,23,52,30.3,45.81,,3,46.5,34,10.29,,,,,,,0,45,1,,35.35
Air Force,Utah St.,-9.5,0.01,-16.31,-5.79,-2.35,-2.4,-21.84,0.12,-13,-14,-12,-6.42,1,0.4,-5.28,-12.2,-9.5,-11.34,-13.99,-5.08,-15.65,-13.5,-14.43,-15.65,-1.6,,-14.55,,-10.6,,-12.1,,-11,,,,-8,-7.5,-6,,-13.12,-16.74,-13,-9.39,,-1.9,-10,-14.5,-9.5,-23,-13.11,-26.6,-2.6,,,,,-10.74,-14.8,-28,,-25,,-4,-10,-25.1,-22.5,,3,-16.7,-2,7.88,,,,,,,52,20,2,,-9.22
Auburn,Arkansas St.,10.5,18.32,-0.11,7.03,-10.13,6.59,-4.58,20.7,-14,-12.5,8,-4.42,1,16.25,4.05,0.89,13.5,1.28,-5.91,1.73,-9.75,1.5,-4.21,-10.15,3.7,,10.5,,7.6,,0.39,,-4,,,,-1,13.5,10,,-3.77,-1.86,-20,3.46,,21.4,3,12.2,9.5,-4.2,3.44,-2.9,-5.9,,,,,3.37,13.7,-2,,-11,,-3,-4,-12,-11.12,,-3,-11.7,-3,8.97,,,,,,,9,38,2,,11.26
BYU,Texas,-7.5,0.96,-10.27,-6.55,2.49,-6.14,-3.69,3.31,-1,4.5,-9,-19.16,-1.5,-1.14,-17.05,-6.35,-7,-5.18,-2.58,-12.61,-3.35,-9.75,-1.59,-6.71,-7.7,,-7.76,,-0.4,,-5.91,,-13,,,,-6,-4.5,-9,,-6.93,-5.81,2.5,-2.06,,-8.9,-9,-17.5,-7.5,-3.3,-5.58,-10.7,-7.7,,,,,-4.77,-17.4,-6,,-2,,1,10,14.5,-5.49,,-3,-3.7,-7,6.34,,,,,,,21,40,2,,-10.49
Ball St.,Army,10.5,14.32,19.45,6.06,8.36,15.13,12.78,15.73,33,16,16,20.98,12,13.25,12.52,11.68,7.5,14.9,19.65,19.39,19.85,16.5,4.43,24.33,2.8,,9.47,,9.1,,14.46,,9,,,,12,7,18,,20.58,13.82,18,9.21,,10.7,15,15.4,11,21.3,12.74,22,14.6,,,,,10.82,14.9,7,,21,,11,14,27,26.62,,-3,21.9,17,6.63,,,,,,,14,40,2,,18.34
Baylor,Buffalo,28,25.21,22.95,27.06,21.05,30.46,33.74,24.4,22,14.5,19,36.65,24,26.45,30.44,33.89,27.5,27.04,27.75,45.73,46.75,40.25,23.95,27.41,13.39,,29.25,,17,,27.23,,16,,,,33,27.5,27,,31.34,15.52,15.5,27.05,,12,21,24,28,34.3,28.85,31.1,37.8,,,,,29.95,24.7,24,,40,,20,25,27.8,27.84,,3,39.1,25,8.04,,,,,,,13,70,2,,27.89
Boston College,Wake Forest,2.5,6.68,5.68,10.69,0.81,8.07,7.37,8.53,1,6,-0.25,6.66,2,5.15,0.01,7.06,3,5.21,-0.01,8.84,14.25,4.75,-0.01,-11.33,4,,5.54,,6.6,,5.69,,2,,,,13,0,6,,5.54,-4.66,10,2.58,,-2,6,5.3,3,8.9,6.18,10.2,3.6,,,,,10.18,5.7,5,,14,,5,1,14,-3.79,,3,10.1,-1,5.04,,,,,,,10,24,2,,5.77
East Carolina,Florida Atlantic,20.5,14.81,10.86,17.88,14.83,14.59,13.22,14.66,13,5.5,18,15.64,19,15.31,12.71,12.82,20,14.89,6.35,18.73,13.25,10,10.36,17.22,4.34,,11.21,,11.3,,15.46,,13,,,,16,20.5,25,,19.06,15.61,14,11.41,,23.6,16,21.4,19.5,-8.2,16.32,18.1,22.5,,,,,17.14,19.2,7,,21,,13,21,11.5,22.9,,3,18.4,19,5.91,,,,,,,13,31,2,,19.09
Florida Intl.,Central Florida,-24.5,-9.72,-21.5,-18.48,-5.79,-16.19,-23.48,-6.95,-16,-4.5,-16,-14.91,-10,-12.19,-9.34,-18.76,-24.5,-16.58,-11.31,-24.09,-21.75,-21.5,-14.51,-19.46,-2.33,,-9.86,,-8.4,,-16.17,,-15,,,,-13,-23,-25,,-21.38,-26.89,-13,-12.25,,-20.4,-20,-25.3,-23.5,-22.2,-19.35,-27.1,-20.9,,,,,-16.14,-24.6,-16,,-21,,-10,-14,-12.2,-26.55,,3,-16.8,-9,6.88,,,,,,,38,0,2,,-23.37
Georgia,South Carolina,3,8.75,5.99,5.73,1.71,0.26,5.26,10.45,10,4.5,4,0.41,-1.5,7.42,1.58,11.62,3.5,4.66,1.4,-1.98,4.95,0,1.01,1.45,-2.5,,2.99,,4.2,,4,,1,,,,9,3,3,,2.78,6.83,5,3.36,,3.2,2,4.4,3,8.9,5.29,8.6,2.5,,,,,5.21,4,13,,8,,2,3,8.2,2.22,,3,2,-4,3.64,,,,,,,30,41,2,,9.47
Illinois,Cincinnati,-7.5,-8.48,-21.26,-11.41,-7.02,-11.94,-22.49,-6.89,-29,-15,-7,-16.42,-9.5,-9.76,-8.49,-21.52,-8,-15.37,-17.18,-18.84,-22.45,-26.75,-4.35,-22.17,-6.25,,-14.6,,-12.8,,-14.8,,-21,,,,-18,-7.5,-13,,-20.85,-19.58,-22.5,-11.14,,-4.9,-8,-12.4,-8.5,-22.3,-14.56,-19.6,-17.8,,,,,-11.11,-10.6,-24,,-17,,-11,-28,-20.8,-25.93,,-3,-22.5,-7,6.74,,,,,,,17,45,2,,-17.53
Indiana,Navy,0,4.58,5.32,13.1,1.51,6.57,4.63,5.01,1,-6.5,10,4.17,-4,4.5,2.02,1.01,13,6.65,0.01,10.78,8.95,0.25,-1.54,-2.28,3.3,,10.36,,6.6,,5.99,,11,,,,3,14,11,,5.41,4.37,-2,9.04,,16.4,12,15.2,1,10.1,7.48,16.5,4.7,,,,,16.16,15.7,14,,12,,3,7,5.2,-1.96,,-3,6.8,1,5.59,,,,,,,41,35,2,,6.73
Kansas St.,Louisiana-Lafaye,12,17.97,21.59,13.26,13.42,20.52,23.22,18.44,16,17,13,14.47,13,17.83,15.78,28.27,10.5,16.88,11.49,19.94,25.15,29,8.11,13.15,10.09,,14.38,,10.8,,16.87,,7,,,,15,7.5,16,,19.31,3.98,14,19.07,,9.9,13,20.9,12.5,18.5,16.73,14.2,18.3,,,,,17.28,21.4,15,,21,,18,25,27.6,21.92,,-3,25.9,15,5.67,,,,,,,27,48,2,,20.12
Kent,Bowling Green,-6.5,-1.36,-2.04,-9.99,2.43,-5.99,0.17,-0.01,1,6.5,-7,-2.5,3,-2.32,2.2,0.93,-7.5,-2.61,-3.39,-14.89,-8.45,0.5,-9.78,8.74,0.8,,-0.56,,-3.1,,-2.41,,-8,,,,-4,-8,-10,,-1.49,-1.84,13,3.38,,-5.8,-9,-11.8,-6,-5.9,-4.32,-2.9,-3.3,,,,,-5.3,-9.5,-10,,-7,,-1,3,10.1,15.6,,-3,1.5,7,6.24,,,,,,,41,22,2,,-4.47
Kentucky,Miami (Ohio),18,16.19,16.47,13.09,4.05,13.5,10.42,16.43,15,1.5,7,11.32,7,16.31,7.8,16.46,17,12.65,13.62,18.65,16.55,1,7.44,6.71,3.53,,19.1,,13.2,,13.56,,7,,,,12,16,13,,9.35,3.03,-2.5,16.55,,16.3,12,18.8,17,12,13.94,22.1,15.1,,,,,15.64,19.5,17,,12,,6,14,10.2,7.02,,-3,8.4,7,5.86,,,,,,,7,41,2,,15.72
LSU,UAB,34.5,37.3,37.75,35.47,31.55,31.92,37.8,38.85,33,28,26,45.17,34.5,36.13,34.44,41.19,34.5,33.78,33.88,40.77,42.35,46.75,40.84,35.76,22.78,,39.39,,25.5,,34.47,,24,,,,39,35,34,,39.39,26.09,25.5,34.55,,31.9,33,36.6,34.5,31.3,35.07,32,23.9,,,,,33.95,36.4,27,,33,,21,32,27.2,39.23,,-3,38.7,59,7.75,,,,,,,17,56,2,,36.34
Memphis,Duke,-4,1.95,-4.21,-10.12,-2.38,-7.19,-5.11,4.26,-12,-2,-5,-8.64,-7,-0.01,-7.48,-7.07,-6,-4.82,-4.04,-13.99,-7.15,-7.25,3.57,-5.38,2.4,,-8.31,,-5.8,,-5.25,,-12,,,,-9,-5,-10,,-7.1,-1.63,1,-5.75,,2.7,-7,-4.5,-4,6.3,-4.39,-7,-2.1,,,,,-3.47,-6.5,-7,,-4,,-1,-17,-7.7,-10.25,,3,-7,-8,4.90,,,,,,,28,14,2,,-4.86
Miami (Fla.),Florida,-3,0.27,-5.04,-1.51,-5.56,-4.91,0.8,0.88,-7,4,-4,-8.79,-7.5,0.01,-6.48,-6.97,-3,-3.22,-10.82,-5.61,0.95,-12.5,-8.24,-13.71,-6.25,,-6.81,,-30,,-3.56,,-11,,,,2,-3,-3,,-4.98,-0.44,-11,-3.48,,4,-1,0.7,-3,9.6,-3.36,3.6,-1.1,,,,,-0.84,-1.1,5,,4,,3,-8,-15.4,-13.05,,-3,-5.9,-8,5.32,,,,,,,16,21,2,,-3.64
Michigan,Notre Dame,4,3.13,2.77,2.29,5.21,3.48,-3.69,3.68,8,1,-3,5.14,-1.5,2.96,-15.48,3.9,3.5,0.21,-4.28,7.34,6.85,-0.75,6.36,-6.5,7,,2.74,,-1.9,,1,,-6,,,,1,4,1,,0.57,-7.28,-0.5,3.93,,3.1,3,1.1,4,0.6,0.55,-1.1,4,,,,,0.93,-0.4,-7,,-8,,-2,-3,-7.7,-6.92,,-3,1.2,-3,4.94,,,,,,,30,41,2,,2.99
Michigan St.,South Florida,21,18.64,24.86,22.37,16.15,20.93,18.79,19.24,23,23,23,25.89,15,18.39,26.87,10.93,23.5,22.55,26.08,33.06,30.15,36.75,32.03,28.15,11.75,,25.09,,12.3,,23.5,,13,,,,13,24.5,24,,27.49,28.79,16.5,16.24,,33.9,24,25.7,21,34.2,22.16,26.3,25.5,,,,,18.83,26.2,29,,25,,9,18,13.5,29.92,,-3,30.4,21,7.09,,,,,,,6,21,2,,25.41
Missouri,Toledo,16.5,12.07,7.46,16.84,10.69,13.74,16.2,11.21,1,7,13,12.92,11,13.27,11.02,9.1,17,12.51,8.53,21.04,17.95,23,9.66,-7.1,3.56,,14.53,,12.4,,13.24,,7,,,,15,17,14,,12.87,1.87,0.5,15.09,,15,13,17.8,16,15.8,14.03,21.5,13.2,,,,,14.85,19.6,18,,21,,7,17,18.3,7.65,,-3,9.9,7,6.31,,,,,,,23,38,2,,19.1
Nebraska,Southern Miss.,27.5,26.19,30.42,27.57,15.99,20.66,30.81,27.52,24,22,31,32.39,24.5,25.19,34.68,24.28,28.5,27.08,27.74,22.04,29.25,35,33.74,31.03,14.15,,31.15,,18.7,,27.59,,23,,,,25,31,32,,33.25,27.6,27,28.65,,29.4,25,30.4,27.5,25.4,28.63,25.2,21.4,,,,,25.22,33.7,21,,35,,15,21,27.5,57.41,,-3,39,35,8.16,,,,,,,13,56,2,,30.38
New Mexico St.,Minnesota,-16,-9.17,-15.18,-21.48,-4.19,-17.42,-28.52,-6.31,-10,-20.5,-19,-17.42,-13,-11.72,-18.78,-23.94,-15.5,-19.03,-21.6,-27.37,-30.65,0,-13.37,-11.65,-0.63,,-20.77,,-12.7,,-18.89,,-15,,,,-18,-15,-28,,-17.14,-26.9,-13,-16.4,,-13.7,-21,-23.2,-16,-25.3,-20.65,-25.5,-28.4,,,,,-18.77,-24.2,-27,,-34,,-12,-21,-17.2,-44.6,,3,-28.1,-14,8.70,,,,,,,44,21,2,,-22.37
North Carolina,Middle Tenn.,20,23.5,16.51,19.65,10.26,15.61,19.43,26.06,17,10,10,20.16,9.5,21.35,6.72,25.25,18,17.47,5.55,21.3,24.05,23,23.97,9.33,10.8,,16.72,,11,,19.21,,21,,,,22,17,21,,17.21,8.96,14,18.22,,21.1,21,25.2,20,13.8,18.93,13.9,11,,,,,23.66,23.6,10,,23,,12,25,19.9,13.22,,-3,23.8,9,6.45,,,,,,,20,40,2,,20.13
Northwestern,Syracuse,17,14.26,8.99,12.35,6.94,8.31,4.01,15.35,8,9,16,4.64,11.5,13.51,6.17,8.05,,10.14,10.22,9.81,4.95,20.5,15.13,9.59,13.89,,13.99,,2.2,,10.12,,2,,,,5,16,15,,14.08,15.6,5,10.02,,16.1,14,15.8,16,4.6,10.89,15.7,10.3,,,,,11.59,15.4,10,,10,,4,7,-2.4,9.15,,3,7.8,12,4.27,,,,,,,27,48,2,,12.13
Ohio,North Texas,3.5,14.14,-9.18,0.4,1.12,-3.25,1.88,17.53,10,6,2,9.03,12,11.15,12.43,2.11,4.5,4.24,-3.86,-13.2,-1.15,12.25,3.26,17.16,-0.8,,13.79,,5.2,,3.38,,-1,,,,6,6.5,9,,4.68,4.99,8.5,5.12,,2.2,3,1.2,3.5,6.7,2.62,-3,-10.6,,,,,-2.19,1.4,5,,4,,1,10,5.2,8.56,,3,11.8,8,6.64,,,,,,,21,27,2,,6.09
Ohio St.,San Diego St.,27.5,24.66,26.79,24.36,14.9,21.52,14.97,25.34,16,10.5,22,34.15,18,24.32,32.47,8.51,27.5,22.08,25.33,30.57,26.85,39,34.61,26.14,26.5,,28.12,,12.2,,23.76,,19,,,,21,28.5,33,,25.8,9.58,6,14.69,,29.9,23,26.1,27,25.5,22.1,15.7,25.5,,,,,17.08,26.2,17,,20,,8,14,20.1,27.3,,-3,23.2,21,8.04,,,,,,,7,42,2,,27.75
Oklahoma,West Va.,21,20.38,16.94,17.66,14.13,17.8,15.67,20.75,16,13.5,17,21.95,16,20.4,15.42,20.28,21,18.27,16.72,25.54,20.75,19,22.79,15.45,19,,12.26,,11.4,,18.15,,6,,,,20,17.5,17,,18.4,25.6,12,18.47,,22.7,19,20.3,21,14.5,19.81,16.8,17.6,,,,,24.95,18.3,21,,22,,10,18,27.9,18.08,,3,16.4,12,4.32,,,,,,,7,16,2,,16.51
Oregon St.,Hawaii,27,23.74,30.64,22.99,12.31,15.5,30.26,24.5,24,21.5,24,18.97,14.5,23.32,19.09,33.72,27,25.05,18.4,11.31,24.95,25,23.19,26.87,11.04,,30.06,,25.4,,24,,24,,,,28,25.5,24,,28.51,22.76,32,28.92,,23.9,24,37.4,27,18.9,27.21,34.7,18.2,,,,,22.96,39.5,32,,33,,18,31,28.2,37.62,,3,23.5,19,7.39,,,,,,,14,33,2,,26.78
Penn St.,Eastern Mich.,28,32.68,30.45,29.77,14.41,29.78,34.37,34.45,44,20.5,22,34.34,19.5,31.25,26.27,30.1,24,29.79,27.75,36.95,41.35,36.75,35.67,34.9,9.7,,35.24,,22.6,,30.27,,24,,,,34,24.5,36,,34.63,24.45,28,23.33,,33,27,34.8,28,41.9,28.55,34,24.3,,,,,27.55,35.1,29,,27,,19,34,28.2,40.66,,-3,40.6,19,8.64,,,,,,,7,45,2,,34.04
Stanford,San Jose St.,24.5,28.07,14.21,13.6,14.92,18.09,20.95,30.15,11,9.5,17,20.79,17.5,26.37,28.22,16.72,26.5,19.25,12.94,24.96,22.25,22.25,30.67,7.28,18,,23.05,,15.5,,18.67,,20,,,,28,26.5,22,,16.14,19.25,4.5,17.1,,24.1,18,28,24,20.1,21.28,13.8,6.7,,,,,16.24,28.7,10,,17,,9,18,19.8,10.03,,3,22.5,14,6.86,,,,,,,13,34,2,,22.77
Temple,Houston,-2.5,5.34,5.81,-5.31,-4.87,1.42,3.19,8.6,14,8.5,-3,2.61,-3.5,2.41,10.52,-3.47,-3,1.89,3.38,-1.29,3.75,-4.5,11.63,4.59,1.97,,3.25,,1.8,,2.26,,6,,,,0.01,-3,-8,,-1.07,-1.58,0.5,7.45,,-12.6,-3,-1.1,-2,4.9,0.01,5.6,-7.5,,,,,7.54,1.9,5,,-3,,1,6,12.9,-5.14,,3,2.1,-1,5.46,,,,,,,22,13,2,,0.57
Tennessee,Western Kentucky,14,16.5,11.29,13.84,7.33,8.99,14.5,16.13,10,6.5,11,12.44,9,17.3,12.79,10.8,13.5,12.21,9.56,10.85,12.55,18.75,16.47,10.58,4.7,,11.69,,12.9,,12.32,,6,,,,14,14,15,,11.6,7.04,,13.95,,17.4,10,17,14,12.2,12.69,6.9,11.8,,,,,9.89,18.4,20,,14,,10,14,13.6,7.11,,3,10.6,5,3.85,,,,,,,20,52,2,,19.69
Texas-San Antoni,Oklahoma St.,-28,-33.68,-23.35,-28.04,-17.83,-34.53,-34.78,-32.69,-17,-19,-15,-29.36,-21.5,-34.32,-18.01,-40.91,-26.5,-27.15,-19.83,-42.42,-41.65,-42.5,-43.39,-25.12,-11.5,,-32.2,,-17.4,,-28,,-28,,,,-44,-24.5,-34,,-26.9,-14.9,,-24.64,,-19.8,-28,-35.9,-28,-28.9,-29.76,-21.6,-16,,,,,-29.56,-34,-25,,-32,,-13,-31,-25.6,-22.93,,-3,-27.9,-15,9.27,,,,,,,56,35,2,,-32.83
Tulane,South Alabama,6,11.09,3.56,9.41,8.87,6.6,3.95,11.36,11,0.5,7,4.67,8.5,11.15,11.28,-5.2,6.5,5.71,10.06,7.93,5.25,-0.5,0.85,13.07,3,,8.72,,1.3,,6.24,,-6,,,,10,3.5,12,,6.37,6.69,,5.67,,9.7,7,6.1,6,3.6,3.88,-3.3,7.9,,,,,-3.2,6.9,6,,2,,4,4,-3.3,13.92,,-3,11,10,4.68,,,,,,,41,39,2,,4.46
Tulsa,Colorado St.,12.5,21.41,20.56,14.45,13.98,10.76,21.62,23.33,32,21,16,22.11,19,19.89,21.4,19.95,10,17.56,12.9,13.3,19.25,15.75,25.93,24.64,6.68,,21.63,,9.1,,17.79,,10,,,,18,10,14,,20.39,14.39,23,14.3,,8,17,9.4,13.5,14.9,17.66,8.2,17,,,,,14.67,10.1,14,,23,,10,21,25.5,26.15,,-3,27.8,19,6.09,,,,,,,27,30,2,,17.92
UNLV,Arizona,-11.5,-9.94,-23.9,-22.63,-11.3,-21.13,-18.13,-7.31,-23,-9,-17,-22.29,-19,-12.28,-26.18,-8.53,-10.5,-18.5,-23.48,-32,-28.95,-21.25,-7.88,-24.27,-4.74,,-24.88,,-14.7,,-20,,-19,,,,-20,-10,-24,,-24.32,-15.69,-5,-9.58,,-20.6,-21,-28,-12,-26,-15.51,-12.2,-21.1,,,,,-14.85,-29.7,-20,,-20,,-12,-10,-22.3,-29.34,,-3,-27.6,-29,7.61,,,,,,,58,13,2,,-22.45
USC,Washington St.,14.5,20.71,21.34,19.58,18.15,17.67,17.23,21.46,20,13.5,19,24.35,24.5,20.29,20.72,22.79,15.5,20,19.59,18.86,21.65,41,29.03,19.92,15.15,,16.6,,16.3,,19.76,,20,,,,27,17,17,,26.3,17.15,24,15.48,,17,19,18.5,16,15,20.49,20.6,17.4,,,,,20.71,18.6,17,,19,,16,24,26.4,27.62,,-3,19.5,20,5.06,,,,,,,10,7,2,,26.81
UTEP,New Mexico,7,17.63,9.55,4.66,11.62,11.32,10.28,18.89,4,6.5,4,12.89,11,16.71,9.38,11.41,6.5,7.81,3.59,19.14,3.75,-3.25,3.63,6.21,3.17,,8.42,,9.7,,7.6,,5,,,,14,3,6,,7.02,-0.01,3,6.2,,6.4,8,9.3,7,9,7.13,3.1,1.3,,,,,7.69,9,5,,5,,6,10,8.3,4.64,,3,9.1,10,4.53,,,,,,,42,35,2,,7.72
Virginia,Oregon,-24.5,-10.51,-23.6,-18.64,-14.16,-15.38,-27.59,-8.04,-27,-19.5,-16,-16.79,-19.5,-12.81,-18.35,-30.23,-21.5,-21.44,-24.18,-21.57,-24.75,-26.5,-31.5,-11.97,-19.4,,-14.99,,-21.7,,-19.75,,-20,,,,-28,-22.5,-16,,-19.05,-17.51,-31,-22.18,,-17,-27,-27.4,-24.5,-29.2,-24.02,-37.6,-17.9,,,,,-19.31,-27,-27,,-28,,-12,-15,-26.3,-32.02,,-3,-27.6,-12,7.28,,,,,,,59,10,2,,-28.24
Wyoming,Idaho,28,20.65,19.25,13.69,15.8,21.33,29.84,21.23,33,18.5,21,21.86,16,20.42,13.26,24.81,28,22.24,24.06,31.06,31.95,-3.25,29.95,13.06,3.57,,20.41,,10.8,,21.92,,17,,,,25,24.5,24,,15.35,26.13,13,21.97,,14.9,31,25.3,27,30.5,25.18,32.9,20.9,,,,,23.39,22,20,,32,,15,24,25.8,37.1,,-3,26.5,13,7.68,,,,,,,10,42,2,,24.62
Arizona,Texas-San Antoni,24.5,28.24,26.42,32.55,18.62,25.05,26.56,29.72,17,14,18,28.7,21.5,26.76,28.06,26.18,25.5,24.71,18.95,20.9,33.15,31.17,34.74,24.11,7.99,,28.59,,22.1,,26.09,,22,,,,35,24.5,31,,25.76,16.2,,26.01,,27.2,20,35.3,24.5,21.1,26.49,25.4,18.4,,,,,22.71,35.4,22,,24,,12,28,30.3,26.57,,3,22.4,16,7.05,,,,,,,13,38,3,,26.59
Arizona St.,Wisconsin,5,6.25,4.86,3.82,5.38,4.32,-1.64,4.54,16,-4.5,3,0.56,-3.5,7.42,2.65,2.05,5,3.2,2.28,4.94,5.35,-2.83,-1.64,6.14,-1.3,,2.35,,-0.2,,3.37,,-7,,,,-1,4,2,,2.36,4.94,-1.5,5.83,,7.4,3,5.9,5,-1.6,2.8,4.6,9.3,,,,,2.49,5.1,10,,6,,-2,-1,6.3,-6.02,,-3,2,-2,4.18,,,,,,,30,32,3,,0.45
Arkansas,Southern Miss.,23.5,21.46,29.04,21.68,21.93,23.97,35.96,21.22,43,14.5,24,27.21,21.5,21.53,33.76,28.3,22,24.36,28.41,26.86,29.35,27.42,26.46,20.73,8.48,,22.94,,14.9,,23.5,,10,,,,22,19,28,,27.52,20.1,16,22.07,,29.3,19,20.9,23.5,24.2,24.57,16.6,23.4,,,,,18.56,22.4,27,,31,,14,32,28.8,54.27,,3,34.3,21,8.21,,,,,,,3,24,3,,23.6
Arkansas St.,Troy St.,7,9.17,1.45,14.39,6.85,7.06,16.62,8.53,4,13.5,9,13.02,9,9.67,13.88,11.02,8,10.24,11.19,5.63,9.25,8.67,5.17,22.07,2.19,,6.79,,8.7,,9.84,,1,,,,14,10,8,,11.22,10.36,19,11.28,,1.4,6,8.2,7.5,14.9,10.94,14.7,8.4,,,,,11.45,10,13,,16,,6,7,29.9,24.02,,3,17.1,11,5.56,,,,,,,34,41,3,,6.51
Army,Stanford,-30,-25.95,-38.87,-19.08,-19.02,-31.3,-33.8,-25.17,-37,-27.5,-22,-33.31,-25,-26.94,-29.08,-35.57,-28.5,-30.63,-29.34,-42.88,-43.85,-39.67,-38.33,-36.02,-18.1,,-33.63,,-24.2,,-31.15,,-28,,,,-31,-30,-36,,-34.24,-31.69,-23.5,-28.49,,-23.3,-25,-38.6,-30,-40.6,-32.24,-36.2,-22.1,,,,,-24.26,-39.6,-42,,-34,,-18,-18,-27.8,-36.85,,-3,-42.9,-32,8.20,,,,,,,34,20,3,,-31.3
Auburn,Mississippi St.,6,11.01,3.89,6.68,0.58,10.96,1.78,10.23,8,-5.5,5,5.42,5.5,11.74,5.5,4.26,6,3.53,6.21,15.5,8.45,10.33,8.16,3.7,-1.86,,0.94,,6.3,,4.48,,2,,,,8,7,5,,4.93,-4.05,-7.5,-1.7,,5,2,-0.01,6,8.3,4.44,-7.3,8.6,,,,,4.51,1,-1,,-3,,2,-7,-7.8,-2.18,,3,2.5,3,5.62,,,,,,,20,24,3,,6.67
Boise St.,Air Force,23.5,20.36,19.82,17.3,11.75,14.86,22.7,20.78,20,11.5,20,24.15,18.5,19.77,20.17,13.07,24,19.83,11.49,29.06,21.65,25.92,10.39,21.6,11.56,,27.11,,14.5,,21.32,,16,,,,25,24,22,,23.71,20.12,13.5,21.04,,9.9,23,24,23.5,23,22.25,29.3,7.1,,,,,13.94,22.2,23,,29,,9,24,27.3,27.92,,3,25.2,15,6.24,,,,,,,20,42,3,,27.12
California,Ohio St.,-15.5,-9.36,-14.17,-18.18,-12.59,-8.45,-20.23,-9.42,-10,-21.5,-16,-48.49,-14.5,-9.47,-30.28,-12.49,-14.5,-17.54,-18.08,-11.91,-19.85,-24.33,-12.76,-21.64,-20.99,,-23.34,,-9.8,,-17.68,,-24,,,,-18,-14.5,-23,,-22.08,-26.62,-11.5,-12.03,,-22.5,-22,-23,-15.5,-19.9,-17.35,-14.1,-11.4,,,,,-13.47,-20.7,-16,,-24,,-7,-13,-12.8,-27.79,,-3,-23.4,-11,7.70,,,,,,,52,34,3,,-21.6
Connecticut,Maryland,-6,-0.86,-10.47,-4.56,-6.84,-15.14,4.81,-1.68,-3,14,-0.25,2.18,0.5,-0.27,-5.99,0.01,-6.5,-3.97,-8.25,-17.47,-12.85,-10.17,-11.86,-3.22,0.32,,-5.97,,7.9,,-3.61,,3,,,,-2,-7,-9,,-7.71,5.31,1,-1.39,,-19.7,-2,-6.5,-6,-13.7,-4.79,-9.5,-14.7,,,,,-0.19,-5,-10,,-8,,1,3,3.1,-13,,3,-4,-3,6.60,,,,,,,32,21,3,,1.12
Duke,Georgia Tech,-8.5,-3.37,-7.18,-14.15,-4.45,-13.56,-11.98,-4.02,-3,-10,1,-6.3,-1,-2.99,4.21,-6.96,-8.5,-8.65,-0.62,-27.27,-15.05,-10.5,-19.68,-2.34,-2.59,,-7.18,,-8,,-8.99,,-9,,,,-13,-10,-9,,-8.34,-8.98,-8.5,-7.82,,-9,-6,-13.2,-8.5,-12.1,-10.02,-8.5,-12.2,,,,,-14.35,-12.3,-22,,-17,,-2,-4,-17.4,-12.38,,-3,-9.4,-2,6.40,,,,,,,38,14,3,,-16.82
East Carolina,Virginia Tech,-8.5,-6.34,-12.91,-9.92,-0.65,-4.11,-5.13,-5.55,-3,-1,1,-5.04,-2.5,-7.36,-3.32,-8.49,-7.5,-5.54,-1.96,-8.84,-4.75,-5.42,-9.65,-4.61,-5.59,,-10.19,,-3,,-5.34,,-4,,,,-11,-7,-5,,-4.13,-1.58,-0.5,-7.89,,-9.4,-5,-9.7,-8,-4.2,-6.39,-4.2,1.9,,,,,-8.01,-11.2,-8,,-2,,5,-7,-5.9,0.95,,-3,-7.4,-3,3.81,,,,,,,15,10,3,,-10.63
Florida St.,Nevada,35.5,22.88,30.29,25.9,23.83,28.11,29.08,22.62,31,23.5,24,29.41,22.5,22.95,28.1,32.47,34,27.04,13.91,30.9,30.45,38.83,22.59,24.43,21.77,,28.66,,14,,28.39,,28,,,,33,35,29,,29.61,16.2,25.5,28.48,,23.1,29,28.8,34,28.5,29.94,28,32.2,,,,,24.58,28.3,31,,32,,20,31,30.8,33.29,,3,31,21,5.60,,,,,,,7,62,3,,25.26
Idaho,Northern Ill.,-28.5,-18.96,-23.34,-28.92,-19.4,-27.67,-34.2,-20.34,-27,-27,-21,-28.84,-24,-17.82,-16.56,-28.7,-28,-28,-26.73,-33.61,-39.15,-13.42,-40.2,-32.73,-8.61,,-26.75,,-15.9,,-28.11,,-25,,,,-36,-24,-35,,-28.01,-29.47,-22,-28.21,,-18.7,-35,-30.4,-28.5,-36.5,-31.19,-39.6,-24.2,,,,,-26.35,-27.3,-32,,-41,,-14,-28,-28.8,-50.79,,-3,-37,-33,8.67,,,,,,,45,35,3,,-30.82
Illinois,Washington,-10,-13.17,-15.24,-16.3,-10.33,-15.99,-22.38,-14.55,-9,-11.5,-14,-12.97,-3.5,-11.77,-7.13,-12.44,-9.5,-13.78,-15.53,-18.92,-16.3,-17.58,-4.95,-7.83,-10.86,,-10.69,,-12.6,,-14.22,,-12,,,,-22,-7.5,-13,,-16.32,-24.27,-14,-14.97,,-7.3,-16,-15.9,-10.5,-16.6,-14.77,-21.1,-16.1,,,,,-14.44,-15.7,-24,,-18,,-4,-7,-23.2,-18.08,,-3,-17.3,-4,5.31,,,,,,,34,24,3,,-10.68
Indiana,Bowling Green,3,3.29,-9.86,-1.8,-4.15,-3.21,-11.92,1.83,-15,-12.5,-4,-9.62,-8.5,4.6,-9.07,-6.6,2.5,-5.37,-11.27,-7.41,-12.25,-16.33,5.08,-18.04,-1.76,,-7.5,,1.4,,-4.43,,-1,,,,-6,4,-1,,-11.59,-10.46,-3,2.34,,3.9,-5,-2.3,2,-17,-3.45,2,-4.7,,,,,2.13,1.6,-6,,-12,,-3,-10,-9.3,-7.87,,-3,-17.1,-4,5.71,,,,,,,10,42,3,,-1.87
Iowa St.,Iowa,-2.5,5.08,3.63,2.53,-2.22,-1.47,6.12,5.39,1,9,3,-2.2,1.5,4.6,6.66,7.23,-2,2.63,7.3,-3.07,4.05,-0.17,-4.41,7.96,3.14,,3.77,,3.3,,2.77,,-8,,,,3,-3,0.01,,1.17,0.73,6,9.1,,-8.7,1,0.2,-1.5,1.6,2.28,3.8,-2.8,,,,,2.34,0.8,3,,6,,2,11,11.3,3.91,,-3,2.4,5,3.69,,,,,,,27,21,3,,1.87
Kansas St.,Massachusetts,38.5,32.9,35.54,40.43,24.46,32.3,46.27,32.09,42,32,28,42.65,35,33.6,37.43,56.45,38.5,37.91,30.68,37.54,49.15,29.83,49.65,39.63,11.19,,40.92,,28.2,,39.57,,23,,,,41,35.5,40,,36.9,36.16,,49.98,,23.1,34,42.5,38.5,41.1,41.78,46,32.6,,,,,41.66,43.2,42,,44,,30,52,30.3,47.64,,3,45.9,47,9.64,,,,,,,7,37,3,,34.33
Kentucky,Louisville,-13.5,-9.15,-10.29,-12.88,-9.78,-17.68,-16.73,-12.54,-23,-15.5,-10,-14.98,-10,-6.23,-13.83,-11.01,-13,-15.25,-9.15,-27.07,-19.55,-28.5,-11.4,-22.33,-16.79,,-23.07,,-3.8,,-14.68,,-33,,,,-15,-7.5,-21,,-21.99,-18.02,-16,-11.09,,-14.2,-17,-21.2,-13.5,-18.2,-14.18,-13,-9.5,,,,,-10.8,-17.2,-18,,-21,,-7,-14,-16.7,-21.9,,-3,-24.5,-9,5.22,,,,,,,27,13,3,,-12.61
LSU,Kent,36,31.77,28.9,32.09,19.67,27.46,22.83,31.54,30,5,24,32.52,27,31.85,23.75,30.46,36.5,27.23,32.91,34.35,28.05,38.33,23.08,12.06,22.65,,30.18,,23.3,,28.17,,25,,,,36,38,33,,28.28,15.57,10.5,26.29,,32.4,30,36.8,34.5,20.9,30.67,33.8,21.2,,,,,26.37,36.4,31,,25,,14,27,24.7,19.23,,3,25.3,21,7.75,,,,,,,13,45,3,,31.32
Louisiana Tech,Tulane,7,13.76,17.43,5.76,9.1,7.35,16.66,14.35,30,19.5,4,27.04,24.5,13.01,22.2,25.12,7,14.56,14.64,6.82,16.85,10.25,24.1,27.18,2.18,,21.15,,17.1,,13.88,,6,,,,13,7.5,8,,16.16,-3,24.5,23.04,,-1.5,7,3,7.5,7.4,13.52,24.7,4,,,,,12.43,3.2,5,,17,,14,35,30.9,22.09,,3,24.3,19,8.89,,,,,,,24,15,3,,11.77
Michigan,Akron,37,36.34,36.9,35.33,23.51,37.42,41.42,35.23,30,35,32,40.46,32,37.34,49.95,49.91,37,38.24,39.03,45.32,49.25,39.67,46.41,40,21.29,,50.18,,24.8,,38,,31,,,,43,35.5,40,,41,31.26,35,36.57,,37.2,38,43.1,37,32.6,39.94,41.1,35.9,,,,,41.74,42.8,41,,35,,30,49,29.5,47.75,,3,48.9,38,8.45,,,,,,,24,28,3,,38.52
Middle Tenn.,Memphis,7.5,8.27,10.12,10.61,11.3,7.31,5.28,7.68,25,11,13,13.82,15,8.69,16.3,10.19,7,7.76,11.7,4.17,2.65,0.25,4.14,12.29,2.82,,8.32,,13.5,,7.59,,2,,,,5,3.5,4,,9.2,6.55,6,7.4,,-1.1,8,1.1,7.5,3.4,6.91,8.4,4.3,,,,,8.59,1.5,2,,7,,1,10,4.5,-0.45,,3,8.8,9,4.66,,,,,,,15,17,3,,11.89
Nebraska,UCLA,3,0.8,-2.19,1.73,3.73,-5.98,-3.38,-0.79,-14,-7.5,5,4.1,13,2.33,0.69,6.59,4.5,0.22,-10.5,-7.37,-6.85,5.33,6.57,4.66,1.5,,2.42,,5.6,,1.3,,5,,,,5,4,3,,1.21,-1.22,5,1.88,,9.2,-2,-0.01,3,-5.6,1.29,-4.3,-8.7,,,,,1.89,1.3,-6,,-3,,5,6,-6.3,9.99,,3,-0.01,8,5.52,,,,,,,41,21,3,,2.45
New Mexico St.,UTEP,-4.5,-1.41,-0.98,-5.92,-1.74,-4.38,-8.99,-3.15,-3,-11,1,-0.44,-5,0.01,1.83,-12.82,-5,-4.95,-4.85,-10.59,-12.95,9.67,-2.53,-0.49,1.23,,-7.35,,-4.3,,-4.92,,-2,,,,-7,-6,-8,,-0.64,-5.3,-10,-8.21,,-4.4,-5,-6.9,-4.5,-7.7,-6.74,-9.8,-4.3,,,,,-2.81,-6.5,-2,,-8,,-6,-4,-10.2,-32.31,,-3,-8.1,1,5.63,,,,,,,42,21,3,,-0.49
North Texas,Ball St.,-3,-0.92,-1.79,-5.4,-0.72,-4.04,-8,-2.18,2,-10,-0.25,-4.52,-5.5,0.16,-4.38,-0.24,-3,-4.4,-13.27,-6.47,-8.85,-12.5,-1.11,-12.22,4.46,,-3.99,,2.5,,-4,,-4,,,,-4,-2.5,-11,,-9.94,0.23,-5,-3.43,,-5.6,-8,-5.6,-3,-8.3,-4.52,-3.2,1.1,,,,,-2.56,-3.7,-1,,-6,,-2,-4,-10.2,-21.15,,-3,-14.7,-9,4.75,,,,,,,27,34,3,,-4.42
Northwestern,Western Mich.,30,24.99,29.88,28.9,15.25,23.82,32.79,25.5,32,25,31,28.13,23.5,24.3,43.47,25.27,30.5,29.33,32.17,35.49,39.85,41.5,43.34,40.59,18.96,,32.31,,13.5,,29.74,,12,,,,27,35,34,,35.3,28.48,20.5,25.98,,32.9,22,33.2,30,37.2,31.03,32.1,20.2,,,,,27.12,35.1,31,,38,,15,21,29.6,37.76,,3,43.2,24,7.82,,,,,,,17,38,3,,27.41
Ohio,Marshall,-8,2.48,-10.13,-9.84,-6.89,-11.57,-1.74,0.89,3,7.5,-2,0.99,5,3.73,9.66,0.92,-8.5,-3.08,-3.88,-13.4,-10.15,-3.83,-9.95,12.07,-0.67,,-2.07,,6.4,,-2.54,,-7,,,,-9,-6,-7,,-1.85,0.4,3.5,0.4,,-6.6,-3,-5.7,-7.5,-0.3,-5.32,-10.7,-16,,,,,-7.26,-4.3,-5,,-1,,-2,-8,-6.2,-3.8,,3,0.3,8,6.06,,,,,,,31,34,3,,-6.97
Oklahoma,Tulsa,24.5,22.15,25.14,21.41,15.89,27.73,22.25,20.84,32,9,17,30.17,21.5,23.31,25.4,25.28,24,21.9,29.58,27.07,24.65,31.92,28.96,18.17,16.89,,21.29,,13.9,,22.1,,12,,,,21,28,21,,23.15,15.99,9.5,22.6,,17.7,20,21.3,24.5,,22.72,22.1,26.4,,,,,18.22,20.9,29,,24,,13,22,18.6,14.12,,3,20.4,15,5.80,,,,,,,20,51,3,,24.26
Oregon,Tennessee,27.5,20.4,27.59,27.94,17.11,20.01,29.76,23.69,26,27.5,22,32.79,28,18.66,25.87,25.47,27.5,26.01,24.42,27.67,30.95,24.17,34.26,22.25,17.25,,25.2,,19.9,,26.65,,18,,,,31,20,19,,18.77,21.68,29,25.92,,20.6,28,28.6,27.5,31.1,27.95,35.9,21.1,,,,,31.26,27.3,30,,36,,18,28,32.5,29.48,,3,33.8,18,6.03,,,,,,,14,59,3,,28.36
Penn St.,Central Florida,5.5,5.98,3.62,5.6,1.71,3.96,9.45,4.07,2,4.5,10,6.81,7,7.54,14.05,5.67,5.5,6.87,8.97,-2.83,7.95,8.67,10.33,9.56,2.7,,16.15,,6.4,,6.53,,-3,,,,10,3,5,,6.44,5.18,4,6.29,,14.3,5,11.7,5.5,9.1,6.55,2.8,-1.7,,,,,6.1,13.1,7,,6,,1,14,9,9.61,,3,12.3,10,3.95,,,,,,,34,31,3,,8.27
Pittsburgh,New Mexico,21.5,22.4,12.08,22.16,0.21,17.72,27.16,21.15,12,22.5,17,22.34,16.5,23.5,21.09,26.33,21.5,18.54,21.51,16.44,17.05,19.08,25.34,12.56,2.64,,20.45,,23.2,,20.4,,21,,,,22,20.5,18,,17.52,17.28,16,21.56,,11.9,21,21.7,21.5,22,20.35,10.5,4.8,,,,,17.54,22.6,12,,28,,12,28,26.5,23.99,,3,18.4,14,6.64,,,,,,,27,49,3,,19.98
Purdue,Notre Dame,-20,-14.62,-22.49,-16.49,-8.46,-21.16,-17.4,-13.08,-23,-17,-14,-15.34,-11,-16.38,-15.57,-27.19,-20.5,-18.77,-22.77,-35.73,-25.75,-32.08,-14.22,-17.03,-9.92,,-22.92,,-9.9,,-19.05,,-16,,,,-24,-23,-19,,-21.86,-19.09,-15.5,-19.29,,-20.9,-23,-21.4,-20,-17.8,-20.7,-22.8,-17.6,,,,,-20.68,-20.3,-25,,-19,,-12,-22,-23.8,-23.72,,-3,-20.2,-9,5.59,,,,,,,31,24,3,,-18.47
Rice,Kansas,6,7.83,13.81,8.88,3.63,4.72,23.45,7.2,28,21,17,11.48,8,8.3,8,13.8,6.5,12.57,6.07,14,16.65,13.67,4.58,14.57,2.28,,13.92,,8.8,,12.31,,6,,,,14,0,8,,12.79,26.73,12.5,6.41,,12.8,13,8.1,7,23.8,13.51,17.9,-2.2,,,,,11.84,5.7,16,,29,,10,17,27,27.36,,-3,15.2,5,7.84,,,,,,,14,23,3,,11.06
Rutgers,Eastern Mich.,28,28.22,27.81,21.25,15.44,23.33,24.3,27.84,33,11.5,17,26.09,22,28.44,15,28.51,27.5,23.95,23.64,31.95,27.75,21,19.65,20.35,3.12,,25.58,,17.4,,24.71,,16,,,,27,34,32,,24.65,24.52,24,27.37,,22.5,25,25.2,27.5,27.2,27.28,34,22.8,,,,,24.77,24,29,,23,,19,24,27.4,27.34,,3,23.5,12,6.46,,,,,,,10,28,3,,26.25
South Alabama,Western Kentucky,-8.5,-5.68,-8.14,-5.75,-1.89,-5.36,-7.11,-6.2,-14,-0.5,-1,-11.03,-8,-5.33,-4.27,-13.1,-10,-6.22,-11.37,-3.93,-5.15,4,-12.89,-8.26,1.71,,-11.88,,-3.9,,-6.72,,-3,,,,-7,-7.5,-8,,-6.48,-2.8,,-9.39,,-6.4,-4,-9.1,-8.5,-1.3,-7.53,-12.2,1.8,,,,,-4.7,-8.9,-8,,-6,,-3,-7,8,-12.04,,-3,-8.5,-7,4.41,,,,,,,24,31,3,,-6.96
South Carolina,Vanderbilt,14,15.38,11.87,15.94,8.01,15.68,8.45,14.51,17,13.5,12,15.57,16,16.21,17.63,17.99,13.5,12.69,10.84,17.91,12.95,21.42,9.73,19.25,17.2,,11.59,,12.5,,12.94,,11,,,,6,11,12,,13.86,6.67,11.5,12.92,,13.6,8,12.7,14,2.3,12.18,12.5,10.4,,,,,12.98,12.9,3,,12,,8,17,14.6,7.85,,3,13.1,12,4.23,,,,,,,25,35,3,,15.28
South Florida,Florida Atlantic,12.5,13.14,6.8,13.63,6.34,3.99,11.99,13.63,-3,-4,1,11.74,9,12.48,10.85,12.15,12.5,8.63,-3.2,3.72,4.45,-5.08,20.82,6.63,3.9,,6.8,,10.9,,9.87,,11,,,,19,10.5,11,,6.7,-3.14,11,9.6,,7.5,7,12.6,12.5,-3,10.14,4,11.8,,,,,11.96,12.8,-2,,6,,15,24,11.7,6.47,,3,9.1,11,6.41,,,,,,,28,10,3,,14.76
Texas,Mississippi,2.5,8.07,4.79,8.8,4.8,9.74,-3.43,5.04,-9,-7,8,0.77,9,11.13,1.52,4.51,2.5,4,-6.16,14.32,6.05,6.42,10.4,8.21,1.5,,3.52,,4.3,,4.8,,6,,,,7,3.5,3,,1.18,11.25,8,4.67,,-2.6,4,1.8,2.5,-1.3,4.66,5.6,11.6,,,,,10.7,2.2,-4,,6,,5,6,5.8,-9.78,,3,-4.7,5,5.55,,,,,,,44,23,3,,11.19
Texas A&M,Alabama,-7.5,-6.08,-4.51,-5.21,-5.49,-3.03,-2.7,-6.22,-2,7.5,-7,-6.86,-12.5,-6.11,-6.8,-10.72,-7.5,-3.94,-2.7,1.14,1.05,0.17,0.8,-0.38,0.01,,-2.06,,-4.4,,-3.25,,-2,,,,-5,-7,-5,,2.83,-1.05,-1,-3.29,,-4.9,-10,-8.3,-7,-1.7,-4.91,-2.8,-5.7,,,,,-3.22,-7.3,-1,,-1,,-1,-3,-13.6,-1.44,,-3,1.2,-3,3.89,,,,,,,49,42,3,,-7.01
Texas Tech,TCU,-3,1.95,2.07,2.06,8.82,4.52,-1.53,3.36,8,-6,3,6.99,4.5,0.42,9.91,-4.83,-3,2.64,7.73,0.54,7.55,3.58,2.3,5.24,-1.3,,-3.48,,-4.1,,2.85,,-3,,,,-1,-6,0.01,,4.75,6.22,0.5,0.52,,-5.4,1,-8.7,-2,7.3,0.76,5.2,12.5,,,,,2.7,-8,20,,5,,3,-1,6.9,6.52,,-3,4.9,4,5.05,,,,,,,10,20,3,,6.27
UNLV,Central Mich.,7.5,2.32,3.37,3.19,-2.78,-1.42,0.23,1.36,-3,-2,-0.25,-2.71,-8.5,3.11,-5.47,-1.56,7,0.23,2.7,-3.34,-4.85,10.83,10.09,-8.02,3.02,,-1.44,,3.5,,0.61,,-1,,,,1,16,0.01,,-2.97,-6.52,0,3.7,,2.6,-1,3.9,6,-4.9,2.92,12.9,2.1,,,,,7.49,3.4,2,,-2,,1,-6,5.1,-15.37,,-3,-9.9,-8,4.92,,,,,,,21,31,3,,2.23
USC,Boston College,13.5,16.02,20.52,13.82,11.45,11.77,12.76,14.93,17,19,12,16.68,11.5,17.05,5.84,13.87,14,14.52,13.16,13.62,15.35,22.75,19.68,11.31,10.02,,14.92,,19.1,,14.5,,8,,,,19,17.5,12,,14.6,18.42,20.5,18.25,,12.4,13,12.9,13.5,12.3,14.84,17.6,10.5,,,,,17.21,14.4,9,,11,,8,24,27.3,21.65,,3,7.4,9,4.57,,,,,,,7,35,3,,17.7
Utah,Oregon St.,3,5.01,0.68,3.26,4.28,11.84,-5.64,5,25,-3.5,3,20.56,8,4.84,10.64,-0.94,3,3.04,17.87,22.48,7.65,6.17,9.9,6.06,4.6,,5.86,,-4.8,,3.13,,-14,,,,-3,-3,3,,4.97,-4.59,-8,-2.75,,2.1,-2,-9.4,3,0.01,0.84,-4.2,9.7,,,,,4.25,-10.4,11,,-1,,1,-4,4.6,-7.17,,3,5.1,4,7.76,,,,,,,51,48,3,,0.61
Wake Forest,Louisiana-Monroe,2.5,8.53,1.9,3.88,1.95,1.29,2.64,8.61,-8,0.01,1,-0.58,1.5,8.28,5.13,-0.15,3,0.72,-6.54,1.94,-1.35,2.42,5.44,-3.93,3.86,,-2.95,,-2.9,,0.8,,-1,,,,-2,3.5,5,,-1.24,-8.07,-8.5,-2.22,,10.9,-4,4,2.5,-0.2,0.59,-10.2,4.4,,,,,-2.18,4.6,-6,,-3,,2,-1,3.6,0.58,,3,0.01,3,4.75,,,,,,,21,19,3,,6.05
West Va.,Georgia St.,39.5,37.06,30.82,39.42,21.68,35.68,,36.59,50,25.5,32,50.24,24.5,37.37,55.19,,40,36.02,44.12,43.28,50.95,28.67,44.55,42.56,2.81,,44.33,,32.1,,39.13,,26,,,,51,38,39,,28.74,32.48,,39.34,,26.3,40,43.4,39.5,42.3,39.25,42.6,26.3,,,,,32.79,46.5,31,,40,,7,14,30.6,48.32,,3,49.1,56,12.43,,,,,,,7,41,3,,42.95
Air Force,Wyoming,-5,-0.39,-14.69,-3,-1.36,-6.44,-8.87,-0.83,-15,-4,-4,-3.11,3,0.01,6.18,-6.85,-5,-4.43,-8.95,-3.31,-6.25,-7.2,3.43,4.77,1.71,,-4.74,,8.4,,-4.37,,-13,,,,-1,-2.5,-2,,-5.98,-5.11,4,-1.63,,-6.2,-6,-11.7,-5,-8.5,-5.1,-10.3,-7.6,,,,,0.21,-9.5,-4,,-11,,-3,-4,7.7,-5.32,-39.8,-18,-8.1,1,5.39,,,,,,,56,23,4,,-2.83
Akron,Louisiana-Lafaye,-5.5,-5.86,-5,-9.98,1.75,-3.35,-10.98,-4.02,18,-14,-3,-6.71,-9.5,-7.86,-3.66,-17.69,-7,-8.17,-1.16,-12.46,-14.45,-4.8,-2.85,-16.76,3.08,,-25.02,,-10.1,,-8.14,,-13,,,,-15,-6,-10,,-7.74,-16.16,-14.5,-8.27,,-3.1,-6,-7.6,-5.5,-3.8,-8.6,-17.6,-2.5,,,,,-10.47,-8.6,-12,,-13,,-3,-11,-13.3,-22.82,-5.6,-2,-15.8,-8,7.30,,,,,,,35,30,4,,-2.9
Alabama,Colorado St.,39,40.66,47.42,44.16,34.86,37.35,52.62,39.99,45,37.5,35,48.15,39.5,41.29,48.47,49.35,38.5,41.11,42.68,45.55,48.65,50.95,36.44,44.48,28.23,,44.97,,32.5,,41.54,,26,,,,47,36.5,38,,39.04,24.72,42,38.48,,38.3,46,46.7,39,43.8,39.9,41.6,31.2,,,,,39.08,46,45,,50,,28,45,30.3,37.67,58,23,52.9,46,6.74,,,,,,,6,31,4,,43.51
Army,Wake Forest,-3,-1.19,1.56,2.91,-0.11,-0.99,2.08,-2.35,11,4,-3,2.13,0.5,-0.01,3.14,8.67,-3,-0.26,3.63,0.47,-0.15,6.25,2.83,-6.7,3.12,,-1.12,,-0.1,,-0.59,,-6,,,,3,-3,-4,,0.63,-2.5,4,-3.46,,-4.4,-1,-7.8,-2.5,1.2,-1.2,-3.4,-2.4,,,,,6.38,-9.2,-1,,-5,,2,-3,8.5,-10.26,-5.5,-2,-0.2,-4,4.28,,,,,,,25,11,4,,-4.73
BYU,Utah,7,8.06,4.06,6.19,6.17,-1.85,11.83,9.37,8,10,6,1.77,7.5,6.38,10.24,7.5,7,7.65,3.95,0.41,3.35,4.05,-2.69,3.4,4.45,,6.12,,9.3,,8,,4,,,,11,6.5,8,,7.13,13.38,11.5,6.99,,8.3,9,11.5,7,14.6,8.2,9.9,2.9,,,,,4.55,9.7,11,,11,,1,13,20.7,6.49,12.5,-9,11.8,2,5.08,,,,,,,20,13,4,,8.14
Baylor,Louisiana-Monroe,30.5,25.57,26.04,25.66,16.93,39.31,34.26,28.91,39,28,13,37.71,16,23.96,24.47,33.46,29,27.19,26.79,41.26,51.15,36.05,34.34,14.05,16.43,,24.82,,12.6,,26.3,,22,,,,31,30,27,,27.1,11.2,14,21.13,,15.6,16,23.8,30,36.1,26.4,26,34.1,,,,,29.65,24.1,37,,40,,21,28,30.2,24.03,77.7,29,38,14,8.45,,,,,,,7,70,4,,26.2
Central Mich.,Toledo,-13.5,-7.32,-20.1,-8.43,4.33,-14.77,-4.44,-6.31,-27,1.5,-5,-15.6,-4.5,-8.4,-11.42,-18.43,-13,-10.75,-23.39,-17.56,-8.55,-5.85,-18.41,-12.12,1.96,,-10.77,,-2.5,,-11.1,,-5,,,,-9,-14,-19,,-10,-3.17,-10,-7.13,,-12.9,-12,-15.3,-13,-9.7,-11.7,-15.3,-12.9,,,,,-11.8,-14.5,-12,,-11,,-6,-10,-9.4,-5.48,-31.8,-5,-11.2,-7,6.23,,,,,,,38,17,4,,-13.41
Connecticut,Michigan,-18,-7.76,-18.09,-15.85,-16.72,-20.62,-11.81,-7.44,-16,-13.5,-17,-22.94,-17.5,-8.14,-24.97,-14.67,-17.5,-17.49,-17.21,-14.85,-29.85,-34.5,-30.13,-28.53,-10.23,,-23.71,,-4.8,,-16.86,,-8,,,,-16,-18.5,-19,,-24.07,-14.23,-18,-14.98,,-26.2,-18,-21.6,-18,-17.7,-16.1,-10.2,-20.8,,,,,-14.82,-22.7,-35,,-8,,-7,-17,-14.8,-29.69,15.9,-32,-27.3,-24,6.89,,,,,,,24,21,4,,-15.88
Duke,Pittsburgh,-3.5,3.11,-1.41,-3.41,17.74,-0.71,-4.85,2.28,4,-4.5,4,-0.71,0.5,3.88,1.75,-5.62,-4,-0.11,-4.64,-5.36,0.35,-5.75,0.01,7.82,3.96,,-3.54,,-6.4,,-0.1,,-10,,,,1,-6,1,,-0.28,1.75,-7.5,-3.74,,3.5,0.01,-0.2,-3,-2.4,-1.2,3.3,10.6,,,,,-2.53,0.7,4,,-5,,-3,-3,-8.3,-8.14,-4.8,8,0.5,5,5.20,,,,,,,58,55,4,,-1.59
Eastern Mich.,Ball St.,-10.5,-9.67,-18.57,-13.41,-6.36,-16.5,-10.06,-8.7,-10,-10.5,-8,-13.18,-9,-10.74,4.5,-17.77,-10.5,-12.5,-12.94,-15.47,-19.45,-2.05,-8.54,-12.39,0.65,,-6.93,,-7.5,,-13.05,,-12,,,,-11,-8,-17,,-13.3,-13.54,-15,-11.17,,-14.2,-16,-16.9,-10.5,-14.9,-13.1,-15,-14.1,,,,,-17.01,-16.2,-26,,-14,,-8,-13,-19.8,-20.62,-12.8,-18,-13.3,-6,5.23,,,,,,,51,20,4,,-11.4
Florida,Tennessee,15.5,12.06,12.21,11.94,8.25,9.66,9.89,10.81,7,16,14,8.08,14,13.25,9.75,13.84,16,12.48,6.91,12.23,6.35,21.55,19.57,10.69,5.75,,9.76,,10.9,,12.14,,13,,,,13,15.5,9,,13.53,15.47,17,13.92,,11.3,11,13.6,14.5,4.5,14,23.5,8.9,,,,,17.02,14.9,8,,12,,9,18,28.7,22.84,10.8,-3,10.9,10,5.37,,,,,,,17,31,4,,17.23
Florida Atlantic,Middle Tenn.,-3.5,4.34,5.72,-3.04,-3.36,2.78,2.78,4.21,13,-0.5,-2,7.3,-2.5,4.42,-4.88,-0.6,-3.5,0.1,0.16,3.56,-0.25,4.25,2.85,-13.24,2.11,,3.55,,-3.7,,0.13,,3,,,,6,-4,1,,-0.56,-3.9,-3,-3.02,,-4.9,3,1.8,-3,1.5,-1.1,0.01,-5.9,,,,,1.21,1.7,2,,-1,,-8,-14,7.7,-10.48,8.1,-5,-1.2,-3,5.23,,,,,,,42,35,4,,-0.19
Fresno St.,Boise St.,4,-1.3,0.89,-0.72,3.32,-3.1,6.33,-0.83,2,3.5,4,3.24,-4.5,-1.84,4.99,-0.9,3.5,2.09,2.43,-10.21,3.85,-2.55,-0.66,-3.95,2.38,,-1.76,,0.4,,2.34,,7,,,,-2,3,1,,1.86,3.16,8,3.05,,11.6,2,6,4,2.3,2.4,-1.8,3.6,,,,,-0.43,5.9,2,,7,,3,4,4.4,-2.09,-2.3,1,2,-2,3.61,,,,,,,40,41,4,,0.67
Georgia,North Texas,32.5,29.31,27.88,30.75,13.73,21.14,37.23,29.67,17,23,20,27.85,23.5,28.91,24.99,37.36,32.5,28.15,23.99,29.21,40.45,41.15,29.5,29.46,17.82,,33.61,,22.9,,29.59,,18,,,,32,36.5,32,,29.9,21.08,23.5,31.7,,27.1,25,32.5,32,33,29.8,35.2,12.3,,,,,30.7,32.2,30,,33,,15,34,27.8,41.37,29.4,-1,39.5,23,7.97,,,,,,,21,45,4,,33.49
Georgia Tech,North Carolina,5.5,10.64,8.6,10.2,10.61,16.47,11.25,13.66,20,8,8,14.22,8.5,8.17,11.08,3.18,6,9.62,10.31,12.63,13.95,15.8,2.08,5.14,2.5,,7.98,,4.4,,10.4,,2,,,,16,3.5,11,,12.06,11.56,4.5,5.71,,8,6,11,6.5,14,10.1,18,21.6,,,,,11.36,10.7,24,,11,,5,4,-22.5,-25.84,46.7,29,10.5,7,9.14,,,,,,,20,28,4,,9.13
Houston,Rice,2.5,-1.48,-1.7,2.38,9.39,-2.72,-6.72,0.21,-6,-14,-0.25,6.3,8,-3.09,1.7,1.75,3,-0.81,0.73,6.01,-4.7,-0.8,-10.68,-4.47,1.37,,-2.98,,-0.1,,-0.13,,7,,,,1,4,0.01,,-1.23,4,0.5,-0.32,,1.5,2,-6.5,2,-9.6,0.01,-10.4,9.4,,,,,-0.83,-6.5,1,,-9,,-3,-4,8.1,-12.66,-19.7,17,0.2,3,6.20,,,,,,,26,31,4,,5.32
Indiana,Missouri,-1,1.32,3.18,-4.85,-2.91,-1.52,-5.83,-1.78,-4,-8,-1,-3.69,-9,4.52,-2.25,-6.62,-1,-2.96,-2.28,-7.58,-10.75,-11.15,1.29,-4.49,-1.11,,0.21,,-4.3,,-2.96,,-1,,,,-8,-3,-1,,-4.82,0.87,-2.5,-3.85,,-5.5,-3,-6.9,-1,4.7,-0.9,2,0.4,,,,,3.53,-8.3,-3,,-3,,2,-8,-16.5,-4.98,15.3,-4,-7.7,-2,4.24,,,,,,,45,28,4,,-5.44
Iowa,Western Mich.,16.5,18.69,15.82,17.63,8.97,12.04,16.23,20.77,13,5,16,19.84,16,16.62,24.78,9.93,16.5,15.23,21.46,17.91,20.55,19.95,14.33,23.1,3.84,,15.29,,11,,15.59,,8,,,,13,19,20,,17.4,10.4,12,15.58,,15.9,9,15.6,16.5,12.7,15.5,18.5,10.8,,,,,15.52,18.1,15,,18,,8,14,14.8,24.56,-4.9,13,21.4,16,4.59,,,,,,,3,59,4,,16.06
Kansas,Louisiana Tech,10.5,11.69,10.93,4.94,-1.46,9.62,0.49,12.07,23,-15.5,8,7.62,-2.5,11.27,10.8,2.39,11,5.52,13.69,2.59,-2.55,-0.35,13.05,-10.09,4.09,,1.09,,-8,,7,,2,,,,2,9,12,,3.01,-2.21,-11.5,-0.96,,9.4,4,13.5,10.5,11.4,8.5,7,13.3,,,,,13.46,13.8,12,,-3,,-2,-4,-7.4,-14.36,26.1,2,2.7,-1,8.31,,,,,,,10,13,4,,9.35
LSU,Auburn,16.5,14.43,16.36,13.22,19.67,8.63,18.7,15.24,6,17,10,19.07,18,13.5,20.88,19.33,17,16.6,12.54,14.74,17.05,16.8,24.59,13.21,16.25,,16.72,,12.8,,16.26,,16,,,,18,14,14,,14.26,22.16,23,16.27,,16.4,16,18.9,16.5,13.7,16.2,21.6,8.9,,,,,15.74,17,14,,24,,11,24,26.6,23.28,2.4,5,24.4,11,4.77,,,,,,,21,35,4,,17.6
Louisville,Florida Intl.,42.5,36.53,36.79,41.94,27.96,38.43,35.09,37.89,45,20.5,30,42,26.5,35.24,41.32,33.77,43,38.31,38.04,35.44,40.15,30.5,44.76,41.89,25.47,,45.8,,19.6,,39.05,,34,,,,39,41,46,,39.65,44.46,21,22.64,,48,39,54.6,42.5,43.1,41.3,50.5,39.1,,,,,32.94,52.8,48,,41,,19,36,28.4,36.06,30.3,40,39.5,26,7.93,,,,,,,0,72,4,,47.09
Maryland,West Va.,4.5,0.35,-0.57,0.63,0.63,6.14,-6.29,0.56,-1,-7.5,4,-0.5,-1.5,0.14,-7.06,-5.06,4.5,-0.14,1.46,-0.52,2.5,-2.65,9.24,-12.4,1.83,,-5.58,,-5.5,,0.45,,-7,,,,1,4.5,3,,0.74,4.5,-7,-3.6,,12,-1,0.9,3.5,1.1,1.9,-2,5,,,,,4.2,-3.1,-1,,8,,-4,-3,-6.5,4.14,14.9,8,-2.7,3,4.49,,,,,,,0,37,4,,0.82
Massachusetts,Vanderbilt,-31,-21.99,-28.57,-33.06,-15.33,-16.11,-33.63,-23.3,-28,-19.5,-21,-23.82,-21,-20.8,-24.64,-41.36,-32,-28.32,-31.82,-26.06,-34.25,-14.95,-35.39,-28.48,-4.89,,-40.61,,-20.4,,-28.91,,-17,,,,-36,-36,-30,,-23.88,-31.99,,-30.56,,-23.3,-29,-35,-31,-38.6,-30.5,-28.2,-21.8,,,,,-28.82,-35.4,-34,,-36,,-17,-38,-28.1,-40.41,-14.7,-25,-31,-20,7.99,,,,,,,24,7,4,,-23.54
Memphis,Arkansas St.,-3.5,-0.71,-4.57,-8.24,-13.32,-7.38,-9.38,0.01,3,-5.5,-9,-9.9,-17,-1.55,-6.91,-7.9,-3.5,-5.98,-4.67,-12.94,-7.25,-5.45,-0.87,-14.89,2.75,,-5.15,,-11.6,,-5.14,,-13,,,,-14,-3,-5,,-11.84,0.01,-15,-5.8,,10,-5,-2.7,-3.5,-2.7,-4.8,-4,-5,,,,,-5.12,-3.8,-6,,-8,,-3,-7,-13.7,-20.09,4.8,-19,-15.5,-9,5.37,,,,,,,7,31,4,,-7.87
Miami (Ohio),Cincinnati,-23,-17.54,-21.26,-21.49,-16.05,-30.99,-28.24,-18.49,-19,-23.5,-14,-18.87,-16,-17.1,-10.81,-26.84,-23.5,-22.25,-20.72,-29.06,-27.35,-13.3,-34.34,-11.29,-2.58,,-18.6,,-14.2,,-21.69,,-30,,,,-26,-24,-25,,-22.49,-15.07,-19,-20.95,,-21.9,-20,-27.6,-23,-25.6,-24.8,-39,-28,,,,,-27.11,-25.3,-21,,-27,,-14,-14,-21.1,-31.03,-29.9,-42,-30.4,-17,7.42,,,,,,,14,0,4,,-24.57
Minnesota,San Jose St.,4.5,5.67,4.3,8.72,2.76,4.93,0.14,7.74,-1,-14.5,6,-2.84,4,3.51,7.47,-1.02,4,0.6,-3.66,1.3,-4.35,-2.35,-2.41,-13.76,7.21,,-1.56,,-1.7,,1.12,,5,,,,1,6.5,-1,,1.24,-1.74,-7.5,-3.66,,9.8,0.01,2.8,4,-3.6,2,-2.7,7.2,,,,,2.37,4.5,4,,-3,,-2,1,-12,-9.83,35,18,-9.6,3,6.12,,,,,,,24,43,4,,2
Mississippi St.,Troy St.,13.5,17.03,16.84,14.98,3.53,11.79,18.81,19.54,22,4.5,11,15.14,9.5,14.5,12.86,21.41,13.5,15.06,16.61,16.16,12.05,20.45,11.65,21.14,9.09,,19.75,,10,,15.17,,2,,,,12,13,18,,14.37,16.74,9,14.39,,19.8,15,22.7,13.5,18.1,15.2,19.2,8,,,,,13.05,24.8,9,,16,,10,18,21,18.05,33.5,-4,11,12,5.46,,,,,,,7,62,4,,17.75
NC St.,Clemson,-13,-7.54,-11.7,-9.48,-2.38,-6.31,-10.42,-9.28,-10,-7.5,-14,-12.31,-5.5,-5.79,-13.51,-1.95,-13,-11.05,-18.69,-10.61,-8.65,-15.65,-17.25,-11.51,-16.5,,-19.56,,-7.4,,-11.55,,-10,,,,-11,-13,-12,,-12.22,-14.5,-13.5,-11.49,,-9.7,-13,-17.3,-13,-11.6,-12.3,-15.2,-1.1,,,,,-13.04,-17,-17,,-14,,-3,-3,-6.4,-18.66,,-5,-11.5,-8,4.75,,,,,,,26,14,4,,-10.48
Nevada,Hawaii,9,9.48,-3.08,2.92,13.17,4.96,8.54,13.08,8,6,8,10.98,15,5.93,15.08,13.54,9.5,8.92,17.4,4,9.85,8.65,15.56,15.61,1.78,,11.29,,13.8,,8.52,,-2,,,,5,14,7,,10.19,7.9,17.5,12.06,,6.8,9,3.1,9,7,8,10.6,4.7,,,,,4.87,4.8,9,,7,,5,14,28.4,13.25,17.6,6,10.8,9,5.38,,,,,,,9,31,4,,1.39
Notre Dame,Michigan St.,4.5,9.45,10.93,2.93,1.89,5.87,9.43,9.37,5,9,5,10.67,5,9.48,6.55,9.63,6.5,7.34,7.76,2.54,14.35,9.65,3.59,10.4,3.25,,10.68,,7.6,,7,,1,,,,12,6,5,,7.32,14.03,8.5,9.03,,-0.6,6,3.7,5,4.6,6.9,6.6,8.7,,,,,9.67,3.8,7,,10,,4,10,15.6,11.72,-6.4,-8,5.6,6,3.98,,,,,,,13,17,4,,6.19
Penn St.,Kent,22,21.93,23.71,21.4,11.86,17.57,18.14,20.62,25,4.5,17,20.42,15.5,23.33,18.84,19.48,20.5,19.43,25.43,23.02,23.35,30.4,24.02,5.91,11.39,,16.6,,12.6,,20,,23,,,,25,14,23,,21.17,6.58,11.5,17.04,,24.7,19,23.6,22,18.8,20,25.6,22.6,,,,,18.78,24.9,20,,19,,13,27,17.4,14.94,21.8,21,16.8,13,5.26,,,,,,,0,34,4,,22.49
Rutgers,Arkansas,2.5,4.1,-1.68,-1.89,4.92,-0.38,-0.54,4.67,6,3.5,4,2.61,1,3.47,-1.42,-1.24,1,2.16,6.35,-4.47,3.25,-5.1,0.91,2.26,2.7,,1.77,,-1.9,,2.13,,1,,,,2,0,0.01,,-0.11,11.96,12,4.79,,-2,6,3.2,2.5,2.5,1.9,2.4,-4.8,,,,,0.01,1.1,-3,,10,,-2,3,12.7,-1.67,-13.5,1,-1.7,-4,4.04,,,,,,,24,28,4,,3.82
San Diego St.,Oregon St.,-8.5,-7.84,-20.06,-10.65,-10.04,-17.97,-7.56,-9.16,-13,12.5,-10,-16.64,-5.5,-6.54,-10.85,-8.23,-10.5,-10.68,-17.73,-14.54,-19.35,-22.7,-0.01,-9.63,-1.56,,-6.16,,-5.6,,-10.68,,-20,,,,-12,-8,-12,,-13.41,0.32,-5,-10.51,,-11.6,-10,-18,-9,-15.1,-10.3,-14.6,-18.8,,,,,-7.94,-19.6,-19,,-12,,-4,-4,-17.6,-7.83,-6.1,-20,-10.7,-7,6.65,,,,,,,34,30,4,,-11.63
Stanford,Arizona St.,5.5,7.11,4.66,3.79,6.35,1.35,6.43,7.85,3,9.5,10,8.25,16.5,6.21,8,9.77,7,7.06,9.63,0.63,6.45,6.6,10.47,14.85,13.25,,7.23,,11.5,,7.09,,11,,,,8,6.5,8,,5.64,14.16,8,7.06,,-1.2,3,8.9,5.5,2,5.6,-1.8,-4.4,,,,,6.01,10.2,-4,,3,,2,14,16.9,16.02,-30.1,-3,13.5,10,5.21,,,,,,,28,42,4,,1.94
Syracuse,Tulane,16,17.27,20.83,15.12,8.16,11.62,29.53,15.89,7,30,12,20.33,15,18.73,18.64,25.14,16,18.5,15.07,20.18,30.45,26.45,10.85,22.15,2.05,,23.99,,18.9,,18.68,,12,,,,24,10.5,19,,17.99,14.4,21,19.16,,10.4,13,18.8,16,24.8,18.4,22.8,13.3,,,,,26.05,19.9,10,,29,,12,25,29.3,22.26,9.1,1,30.5,9,7.01,,,,,,,17,52,4,,21.58
Texas,Kansas St.,6,3.52,5.67,8.79,3.1,-4.48,-3.55,3.44,9,-4.5,8,-2.76,0.01,3.5,-1.35,-5.34,6.5,1.87,-0.76,-6.57,-5.45,-7.9,7.66,-0.55,1.3,,5.28,,9.8,,3.05,,-5,,,,8,7,3,,-1.53,10.38,-3.5,-0.69,,8.1,6,10.4,6,-2,4.9,6.2,3.5,,,,,5.69,10.3,10,,3,,-2,-10,-8.9,-9.66,-24.5,-10,-7.1,-8,5.91,,,,,,,21,31,4,,6.29
Texas A&M,SMU,28.5,25.58,33.47,28.46,19.91,27.42,32.41,24.8,29,32.5,24,26.92,23,26.31,28.3,30.76,28.5,28.17,33.84,29.22,35.15,36.65,34.93,24.09,27.82,,31.63,,22.8,,28.15,,23,,,,36,26.5,27,,27.77,18.89,25,28.4,,20.5,28,31.7,28.5,34.9,27.8,27.7,19.3,,,,,31.29,31,35,,34,,19,22,29.8,27.89,35.5,21,31.3,19,4.65,,,,,,,13,42,4,,29.19
Texas Tech,Texas St.,27,28.68,25.98,27.54,14.44,25.44,26.08,27.81,21,9,18,30.9,23.5,29.53,27.68,31.3,27,25.12,22.9,33.04,29.85,40.3,29.48,31.53,12.11,,29.24,,13.8,,26.04,,15,,,,24,25,31,,27.57,23.44,,24.71,,20.6,26,31.7,27,20,26,28.3,17,,,,,29.21,30.6,35,,25,,14,25,28,39.38,26,2,28.1,17,6.97,,,,,,,7,33,4,,26.78
UCLA,New Mexico St.,42.5,41.84,43.4,42.84,25.24,48.16,48.1,43.9,59,42.5,39,55.97,37,39.95,46.81,57.11,42.5,44.15,54.98,48.53,54.05,34.25,39.02,35.91,24.96,,45.89,,24.8,,44.45,,24,,,,45,38,49,,43.49,41.61,34,41.82,,33.9,50,47.7,42.5,48.1,45.8,57.3,49.7,,,,,42.89,47.9,51,,50,,26,39,30.9,62.4,64.6,52,56.6,49,8.47,,,,,,,13,59,4,,47.48
USC,Utah St.,6.5,7.13,6.11,4.58,0.24,-1.21,4.84,6.87,3,-5,8,-2.11,7.5,7.38,6.63,4.09,7,2.87,-4.87,1.7,-2.15,5.15,-7.26,-2.94,0.75,,1.3,,5.1,,3.89,,7,,,,8,7,5,,3.25,-1.59,0.5,5.81,,13.6,9,10.8,6,0.3,4.1,0.01,-3.4,,,,,-2.37,13,-11,,-2,,3,4,3.1,-6.36,20.9,-10,-3.9,8,5.27,,,,,,,14,17,4,,3.77
UTEP,Texas-San Antoni,-3,5.66,-1.3,0.59,2.01,-2.5,2.02,3.68,-11,-2,-5,-1.85,2,7.59,-4.57,-6.56,-3,-0.81,-10.04,7.16,6.05,1.65,-2.88,0.81,0.57,,3.86,,3,,-1,,1,,,,12,1,4,,-1.88,-9.96,,1.91,,3.8,-6,0.01,-3,-1.1,-2.6,-10.1,-6.4,,,,,-2.45,-0.9,-11,,-4,,1,7,6.2,0.04,-16.7,5,-4.4,-3,5.43,,,,,,,32,13,4,,2.19
Virginia Tech,Marshall,7.5,14.47,12.59,8.56,5.39,3.08,15.72,15.52,17,15.5,13,7.52,15,13.3,16.42,20.25,7,11.85,9.01,10.25,6.85,22.05,5.85,15.23,7.59,,12.3,,13.7,,12.15,,5,,,,11,11,13,,15.73,7.49,10,11.48,,12.8,11,14.6,8,12.4,9.5,7,3.3,,,,,11.06,16.9,6,,12,,9,18,28,15.67,22.9,-7,15.2,12,5.54,,,,,,,21,29,4,,11.8
Washington St.,Idaho,30.5,25.17,32.16,30.35,18.54,32.17,31.44,22.52,31,21,28,38.36,21.5,27.91,28.99,26.98,31,28.54,32.17,29.92,36.55,14.5,24.86,16.69,10.17,,31.36,,18.5,,29.8,,8,,,,30,35,38,,27.25,26.49,12.5,24.67,,28,36,39.2,30.5,34.6,31.9,45.2,27.6,,,,,27.91,38,36,,34,,14,18,29.6,50.26,41.3,26,32.6,31,8.09,,,,,,,0,42,4,,32.97
Wisconsin,Purdue,23,22.98,29.93,21.35,19.92,25.23,23.75,21.69,32,20.5,17,26.76,18.5,24.24,19.91,22.18,23.5,24.2,29.85,26.46,35.75,35.45,27.2,11.41,16.11,,23.4,,15.3,,24.1,,14,,,,32,22.5,23,,26.12,14.14,19,21.48,,26.4,27,23.9,23,31,24.2,33.4,24,,,,,24.27,21.4,36,,29,,16,29,28.1,23.8,44.9,25,24.3,14,5.42,,,,,,,10,41,4,,25.37
Alabama,Mississippi,13.5,19.23,13.51,,4.67,21.17,13.85,17.7,9,11,17,34.7,27.5,20.96,33.62,13.24,14.5,16.21,15.96,23.98,20.85,16.63,25.17,17.88,16.5,,12.4,,19.5,,16.5,,7,,,,17,13.5,18,,10.84,9.49,21,17.44,,6.4,18,9.1,13.5,11.9,13.75,12.08,4.7,,,,,20.02,8.6,16,,21,,13,20,23.8,17.05,15.3,4,17.5,17,6.58,,,,,,,0,25,5,,14.97
Arizona St.,USC,3.5,6.96,5.72,,3.82,3.1,5.8,7.41,-3,13.5,1,9.52,0.5,6.57,18.36,5.03,5,6.71,5.85,4.13,7.85,3.44,3.12,6.77,5.75,,10.22,,2.3,,6.5,,10,,,,5,5,6,,4.27,6.64,2,13.59,,10.5,4,6.7,4,6.8,5.99,8.19,-3.8,,,,,8.28,6.7,10,,11,,4,4,21.7,-5.91,-4.3,4,7.3,5,4.93,,,,,,,41,62,5,,3.91
Arkansas,Texas A&M,-13,-7.33,-13.05,,1.38,-13,-19.07,-8.14,-12,-26.5,-6,-14.46,-2.5,-6.2,-15.98,-11.66,,-13.74,-13.08,-17.14,-26.05,-17.38,-22.42,-11.58,-10,,-17.64,,-18.3,,-13.08,,-7,,,,-13,-14,-17,,-11.78,-13.31,-24,-9.16,,-8.9,-16,-20.4,-13,-23.8,-15.57,-17.87,-6,,,,,-17.1,-18.9,-16,,-23,,-10,-8,-16.2,-4.43,-12.3,-8,-22.4,-10,6.22,,,,,,,45,33,5,,-10.13
BYU,Middle Tenn.,23.5,18.71,17.53,,6.88,19.92,23.06,17.3,7,18.5,6,20.38,10.5,20.44,8.04,23.36,24,18.61,13.56,23.42,24.65,19.56,27.87,10.02,6.88,,19.16,,17.2,,19.16,,15,,,,26,22,21,,13.73,14.47,17,17.74,,17.7,18,25.4,23,21.2,20.86,22.56,20.8,,,,,25.77,25.4,23,,25,,6,35,21.6,1.14,8.9,-1,16.8,10,7.58,,,,,,,10,37,5,,24.42
Ball St.,Toledo,1,0.85,5.38,,3.81,1.52,5.27,-1.66,6,8,7,5.15,5,3.68,-9.33,1.93,2,3.1,0.62,0.28,4.05,-0.75,-4.2,2.02,5.84,,1.35,,0.6,,3.45,,6,,,,7,0,1,,3.34,2.33,3,0.01,,3.5,6,1,1,4.1,2.12,-3.57,4.3,,,,,4.59,0.8,3,,8,,5,7,14.4,2.36,-9.1,11,1.5,-3,3.97,,,,,,,24,31,5,,1.96
Boise St.,Southern Miss.,28.5,25.72,23.77,,34.24,27.6,28.1,25.79,17,18.5,26,34.82,25,25.95,29.35,23.44,28,25.83,25.02,27.8,31.85,22.25,30.35,27.65,8.05,,26.78,,24.4,,26.78,,15,,,,26,28.5,31,,26.78,28.98,26,26.25,,18.2,26,24,28.5,27.4,27.23,27.64,16.9,,,,,22.09,23,30,,35,,14,32,28.7,36.8,20.4,25,35,23,5.58,,,,,,,7,60,5,,30.69
Boston College,Florida St.,-24,-17.54,-28.58,,-16.8,-27.59,-22.98,-21,-31,-21,-12,-34.41,-16,-14.61,-19.87,-27.91,-21.5,-23.31,-20.16,-32.01,-38.25,-35.06,-18.13,-18.95,-16.49,,-25.58,,-21.2,,-22,,-26,,,,-24,-23,-22,,-22.83,-21.36,-28,-22.32,,-21.2,-21,-17.4,-24,-25.7,-21.41,-23.02,-34.4,,,,,-21.1,-15.8,-38,,-27,,-16,-38,-28.4,-28.7,-46.5,-27,-28,-14,6.53,,,,,,,48,34,5,,-16.98
Bowling Green,Akron,14,17.1,7.46,,18.39,18.25,22.63,15.88,10,25.5,21,23.9,20,18.68,17.63,17.13,14,18.25,10.44,16.6,15.85,16.81,10.8,26.37,7.46,,28.08,,14.2,,18.33,,15,,,,20,14,18,,21.43,24.95,14,15.97,,14.5,19,20.1,15,15,17.91,22.01,16.6,,,,,18.62,19.3,26,,23,,10,14,16.2,28.81,7.4,14,28.2,17,5.12,,,,,,,14,31,5,,18.33
Buffalo,Connecticut,-2.5,-3.57,-5.07,,-4.56,-1.85,-4.32,-4.01,18,4,8,3.18,4,-2.87,12.97,-4.38,-1,-0.18,8.15,-10.7,-10.05,-1.06,-5.07,6.41,0.27,,-3.08,,-2.9,,-1.85,,-17,,,,-4,-2.5,-4,,2.4,2.12,-1.5,3.78,,6.3,1,1,-2.5,3.7,-1.73,-2.61,-6,,,,,-4.08,1.4,4,,-5,,-7,1,11.3,6.81,1.8,-6,1.2,4,6.01,,,,,,,12,41,5,,-3.61
Central Florida,South Carolina,-7,-1.89,2.63,,-1.3,1.68,-8.06,-2.31,3,-10,0.25,8.03,0.5,-1.19,7.94,1.35,-7,-2.53,2.46,-2.26,-3.05,-2.13,-10.12,-2.4,-8.8,,-10.65,,-6.8,,-2.7,,6,,,,-4,-8.5,-6,,0.36,-4.07,1,-7.36,,-9.3,-5,-12.3,-6.5,-2.7,-5.73,-2.34,5.4,,,,,-5.02,-13.5,1,,-5,,4,-4,12,4.14,2.3,15,-4.1,-5,5.94,,,,,,,28,25,5,,-0.25
Clemson,Wake Forest,28.5,23.83,32.1,,26.64,29.98,30.89,22.68,35,27.5,19,42.53,22.5,25.26,41.37,31.22,29,28.13,27.25,28.1,32.65,45.13,34.15,30.47,27,,32.65,,29.2,,28.2,,20,,,,29,28.5,28,,34.22,19.32,32,22.48,,18.2,23,23.2,28.5,28.2,26.94,33.9,16.2,,,,,25.95,22.4,34,,32,,20,32,29.8,37.13,38,17,34.6,33,5.85,,,,,,,7,56,5,,29.57
Colorado St.,UTEP,14,9.91,10.53,,4.66,11.27,11.68,9,7,3,10,18.67,7,11.13,10.53,7.15,13.5,10.66,9.18,11.53,18.05,-1.56,1.73,1.44,1.82,,10.44,,8,,10.86,,9,,,,12,11,17,,9.85,15.11,0,10.86,,6.5,14,13.2,13.5,18,12.16,14.95,8.7,,,,,14.85,12.6,13,,13,,4,3,27.2,14.35,16.7,3,12.8,10,5.77,,,,,,,42,59,5,,15.85
Duke,Troy St.,13.5,15.31,21.01,,10.37,14.8,14.15,14.21,22,2.5,12,23.6,6.5,16.71,19.04,11.74,11.5,14.23,13.65,18.39,22.05,15.94,16.45,11.99,3.57,,12.7,,8.1,,14.15,,19,,,,10,9.5,16,,13.87,14.68,5,9.31,,16.6,12,15.3,13.5,11.9,13.03,18.7,17,,,,,14.97,16.9,12,,12,,15,11,22.1,24.19,24.6,5,9.3,12,5.08,,,,,,,31,38,5,,13.31
Georgia,LSU,3,5.12,10.58,,-1.28,1.72,7.18,4.4,8,5.5,-0.25,0.7,-5,6.14,-8.84,2.39,3,3.94,3.24,-0.26,4.85,0.56,5.94,0.48,-1.75,,4.21,,5,,4,,4,,,,1,3,4,,2.43,2.7,6.5,1.72,,1.2,2,2.1,3,4.6,3.93,10.02,1.7,,,,,6.2,2.9,4,,11,,3,4,26.9,0.28,3.6,-9,6.3,2,5.50,,,,,,,41,44,5,,1.6
Georgia Tech,Virginia Tech,7,7.76,9.71,,18.63,14.2,13.66,8.1,20,10,5,5.88,3.5,7.64,6.6,3.94,6.5,10.04,14.6,12.37,16.65,11.25,4.43,5.61,6.25,,5.77,,8.6,,9,,9,,,,8,7.5,9,,10.43,9.68,8,5.52,,8.1,8,10.4,7,17.6,9.35,15.76,4.7,,,,,12.66,8.9,16,,17,,5,10,20.5,19.51,14.7,14,15.6,7,5.00,,,,,,,17,10,5,,9.17
Hawaii,Fresno St.,-17,-10.6,-8.1,,-21.16,-10.97,-15.23,-11.4,1,-7.5,-17,-14.68,-16.5,-9.53,-18.55,-15.71,-18.5,-14.81,-12.54,-14.71,-18.05,-16.81,-21.12,-22.66,-6.96,,-22.98,,-19.2,,-15,,-14,,,,-12,-17.5,-22,,-22.24,-13.16,-27,-25.66,,-14,-16,-16.1,-17,-11.5,-16.36,-14.46,-3.8,,,,,-3.54,-15.6,-12,,-17,,-10,-17,-12,-36.25,-10.9,-28,-21.2,-17,7.30,,,,,,,42,37,5,,-15
Idaho,Temple,-7.5,-3.51,-7.91,,-9.41,-6.56,-16.75,-2.65,16,-13.5,-4,-2.08,-4.5,-4.11,5.95,-16.8,-8,-7.8,0.01,-13.51,-12.75,11.88,-5.11,-4.06,0.72,,-10.12,,-10.5,,-8.27,,-12,,,,-15,-10.5,-11,,-1.57,-17.78,-7,-18.66,,-4.7,-17,-13.9,-7.5,-6.3,-9.96,-5.68,-7,,,,,-14.57,-14.6,-13,,-15,,-9,-14,5.8,4.13,5.3,-10,-12,-9,7.30,,,,,,,24,26,5,,-8.27
Illinois,Miami (Ohio),28,23.89,31.26,,37.28,39.07,18.48,25.08,34,14.5,20,34.41,16.5,23.29,33.68,26.5,25,24.83,35.43,26.15,30.45,12.81,32.23,19.87,10.19,,22.84,,15.1,,24,,24,,,,17,24,25,,26.47,5.7,5,20.09,,23.9,23,25.8,27.5,28.8,22.4,25.08,33.7,,,,,24.8,23.9,33,,22,,18,14,22.3,50.79,45.7,34,21.6,29,8.81,,,,,,,14,50,5,,26.95
Kentucky,Florida,-10,-13.99,-15.45,,-16.6,-13.06,-17.47,-16.61,-9,-20.5,-11,-12.88,-14,-10.92,-22.14,-18.04,-12,-14.9,-22.21,-12.38,-13.75,-35.81,-10.01,-16.34,-8.37,,-13.17,,-21.5,,-15,,-13,,,,-15,-12.5,-15,,-21.94,-16.97,-25,-17.42,,-11.4,-15,-16,-11,-15.2,-14.89,-17.67,-0.3,,,,,-10.89,-16,-9,,-14,,-9,-21,-16,-28.43,-22,-9,-19.2,-20,5.13,,,,,,,24,7,5,,-13.81
Louisiana Tech,Army,3.5,4.09,-1.24,,2.36,4.91,0.01,4.08,1,14,-2,4.82,7.5,4.1,-3.03,10.87,-1.5,3.4,-1.01,5.94,4.6,-3.5,11.11,12.23,-0.41,,1.95,,16,,2.36,,-3,,,,5,1,0.01,,3.47,-5.75,15,-1.64,,-5.9,1,-2.3,3.5,5,0.29,11.23,-5.2,,,,,-1.92,-0.6,5,,3,,6,15,27.6,3.68,1.3,-2,12.8,11,6.39,,,,,,,35,16,5,,-2.05
Louisiana-Monroe,Tulane,12,8.79,5.3,,-3.5,0.29,11.96,12.78,8,4.5,11,8.56,14,5.3,18.78,10.76,14,9.57,10.29,3.7,2.95,8.19,15.56,16.95,0.93,,17,,7.4,,10.63,,5,,,,8,10.5,8,,10.1,15.23,13,14.48,,5.4,13,13.3,12,10.2,11.58,10.63,3.7,,,,,11.75,13.1,1,,12,,3,17,7.9,-0.04,4.5,-2,12.5,9,5.50,,,,,,,31,14,5,,10.65
Minnesota,Iowa,-2.5,3.37,-0.71,,-2.75,3.47,3.47,5.35,-4,3,9,5.47,4,1.54,18.89,-4.47,-1,2.42,6.55,-6.21,-6.05,0.63,-5.55,11.91,8.54,,4.69,,2.3,,2,,-4,,,,1,3.5,1,,7.44,6.51,-0.5,-1.2,,4.1,2,2,-1.5,6.2,1.41,-7.69,0.5,,,,,1.76,3.5,8,,2,,-3,-1,5,15.01,3.1,6,1.9,7,5.52,,,,,,,23,7,5,,-2.45
Missouri,Arkansas St.,21.5,24.96,36.37,,21.02,27.73,16.69,24.96,36,-4.5,21,35.66,16,25.24,26.34,22.33,20.5,22.26,29,30.52,26.35,32.69,17.48,6.12,13.86,,23.22,,13.5,,23.39,,29,,,,13,21,24,,26.89,12.86,-1.5,15.74,,29.6,24,27.8,21.5,21.4,21.29,30.63,25.5,,,,,23.39,27.8,25,,22,,13,17,19.3,39.86,45.8,18,13.4,21,9.08,,,,,,,19,41,5,,27.41
NC St.,Central Mich.,23.5,19.54,28.01,,17.48,24.56,25.49,15.88,27,15.5,14,29.42,17,23.58,23.43,27.73,23,21.99,23.74,24.71,30.45,21,30.32,23.55,10.04,,25.69,,22,,23,,21,,,,24,24,28,,23.38,4.89,16.5,17.22,,22.2,18,20.3,23.5,24.3,20.5,19.04,19.6,,,,,18.79,18.4,22,,23,,17,28,23.3,30.9,27.9,15,28.9,17,5.62,,,,,,,14,48,5,,25.63
Nevada,Air Force,11,10.71,16.21,,14.99,11.57,20.2,12.74,21,6.5,13,18.11,13.5,9.08,15.69,13.83,10,13.61,18.24,13.15,18.55,14.56,3.53,8.06,1.83,,10.85,,8.9,,13.82,,13,,,,12,7,8,,14.91,13.82,8,4.07,,15.5,15,16.9,11,23.9,12.38,17.43,14.3,,,,,9.14,16.4,13,,20,,8,17,27.3,30.34,22.7,10,16.4,11,5.78,,,,,,,42,45,5,,11.6
New Mexico,UNLV,0,0.98,11.09,,-1.49,4.13,-2.6,-0.16,20,10.5,0.25,9.62,2,2.39,1.92,16.47,-3,3.07,6.48,-1.17,6.45,3.06,-4.26,1.06,4.9,,5.26,,4.9,,2,,7,,,,2,0,2,,2.03,-0.01,8,-2.04,,-0.2,-2,-4,0,-4.3,-0.75,0.01,-3,,,,,1.71,-3.8,11,,-3,,4,10,19.3,-1.26,10.8,-7,0.9,-3,6.10,,,,,,,56,42,5,,2.75
New Mexico St.,San Diego St.,-16,-13,-5.97,,2.95,-9,-29.57,-15.04,-4,-21.5,-10,-10.88,-13,-10.79,-3.55,-26.79,-17,-16.38,-18.77,-21.22,-19.25,9,-10.63,-13.04,0.12,,-22.62,,-21.7,,-17.78,,-15,,,,-19,-17,-21,,-7.51,-29.7,-24,-17.78,,-8.9,-23,-17.9,-16,-19,-20.23,-25.65,-12.9,,,,,-19.3,-17.3,-7,,-27,,-13,-28,-22.2,-7.39,-6.8,-7,-26.4,-13,8.40,,,,,,,26,16,5,,-13.59
North Carolina,East Carolina,12.5,13.05,13.58,,5.44,5.72,13.27,13.44,17,12,5,16.22,8.5,12.91,17.24,17.78,13,12.04,12.84,10.97,13.45,17.75,16.77,10.31,5.41,,13.27,,13.7,,12.84,,5,,,,13,10,7,,10.11,6.9,11.5,10.93,,11.7,12,10.8,12.5,14,11.05,15.24,3.3,,,,,14.78,11.5,11,,14,,5,18,30.7,1.52,10.4,-4,17.3,7,5.60,,,,,,,55,31,5,,14.35
Notre Dame,Oklahoma,-4,-1.63,-3.25,,-6.83,-5.22,-0.7,-3.47,-5,1.5,-1,-1.35,-1,0.46,-7.99,-1.46,-3.5,-2.09,-10.38,-7.13,-5.05,-2.25,1,-0.24,-4.25,,2.56,,3.9,,-2,,-7,,,,2,-2.5,0.01,,-3.77,0.38,5,2.34,,4,-3,1.1,-4,-3.4,-2.63,-3.3,-7.8,,,,,4.32,3.1,-2,,-9,,-2,3,5.3,-15.23,-9.3,-13,-5.9,5,4.54,,,,,,,35,21,5,,-6.43
Ohio St.,Wisconsin,6.5,5.4,5.14,,9.71,3.7,3.28,5.72,10,9.5,13,4.55,12,5.31,11.44,-0.63,6,6.52,2.54,4.85,4.35,3.06,9.45,16.82,13,,12.43,,5.8,,7,,8,,,,4,7.5,13,,8.99,10.5,-1,9.38,,5.3,7,9.1,6.5,-4,6.52,3.18,2.8,,,,,1.63,9,4,,7,,-2,10,-6.5,13.68,17.5,7,4.3,10,4.94,,,,,,,24,31,5,,7.25
Oregon,California,37.5,32.08,44.23,,37.8,37.25,40.87,36.61,46,32.5,36,61.85,37.5,29.65,58.92,42.46,36,39.95,51.59,37.09,50.75,35.81,40.66,29.43,29.28,,36.7,,33.7,,38.21,,41,,,,45,31,30,,32.6,38.1,36.5,27.11,,41,39,44.2,37.5,46.1,38.21,52.39,42.9,,,,,36.73,40.6,58,,52,,22,35,33,38.13,62.3,43,43.7,24,8.65,,,,,,,16,55,5,,43.24
Oregon St.,Colorado,11,13.78,14.13,,2.02,2.07,26.15,12.97,-1,18.5,21,9.89,22.5,14.9,15.74,27.21,10.5,16.9,5.47,15.1,19.25,26.94,7.41,31.79,6.79,,21.88,,26.2,,15.88,,15,,,,23,10.5,14,,13.72,24.12,36,20.99,,8.4,22,24.2,12,15.4,18.06,28.43,2.3,,,,,21.26,24.4,10,,30,,13,28,32.3,16.89,-5.1,-4,20,9,9.36,,,,,,,17,44,5,,15.88
Pittsburgh,Virginia,6,6.21,9.67,,-1.95,6.23,8.91,6.25,12,6.5,7,12.53,10,6.49,4.25,6.77,4.5,6.62,4.24,6.05,10.25,11.19,9.38,-8.56,11.07,,-1.8,,6.6,,6.5,,6,,,,6,6.5,2,,7.63,8.09,16.5,6.84,,3.6,4,7.9,6,2.5,6.64,13.58,-0.1,,,,,4.87,8.8,5,,6,,7,14,16.9,10.03,9.9,-2,5,4,4.97,,,,,,,3,14,5,,7.23
Purdue,Northern Ill.,-3.5,-4.15,-9.89,,-14.66,-7.31,-0.17,-4.2,-21,-5,-8,-12.86,-11,-3.82,-10.88,-4.13,-3,-6.99,-15.33,-4.92,-3.65,-13.44,0.01,-15.57,-8.42,,-2.67,,-3.6,,-5,,-16,,,,-7,-2.5,-7,,-14.38,0.46,-6.5,-1.56,,-3.7,-8,-2.5,-3.5,-1.2,-3.86,-12.8,-6.9,,,,,-2.45,0.9,-6,,-5,,-1,-4,-15.5,-24.09,-30.2,-21,-10.3,-11,6.26,,,,,,,55,24,5,,-0.64
Rice,Florida Atlantic,14.5,15.34,12.61,,7.79,13.71,14.48,14.63,5,16,12,19.07,12.5,16.33,11.06,14.13,13.5,14.62,13.79,14.28,15.75,11.31,10.05,17.41,4.58,,11.52,,10.7,,14.3,,6,,,,16,14,15,,14.09,11.43,13,13.11,,17.8,12,14.3,14.5,13.4,13.8,18.11,14.5,,,,,18.28,13.3,14,,15,,22,32,27.1,9.49,5,4,19.3,10,4.92,,,,,,,14,18,5,,16.73
San Jose St.,Utah St.,-10,-4.97,-16.15,,-26.57,-14.79,-5.57,-3.68,-12,10.5,-4,-12.77,-2,-6.27,9.02,-9.31,-10,-7.33,-9.2,-16.18,-13.55,-14.38,-4.51,4.73,-1.63,,-4.93,,-5.9,,-7,,-21,,,,-9,-10,-8,,-6.8,-2.86,-2.5,-2.02,,-3.4,-7,-3.3,-9.5,-9,-7.81,-14.77,-17,,,,,-8.86,-1.4,-14,,-8,,-4,-7,-8.5,-12.3,-13,-17,-2.4,-2,6.83,,,,,,,40,12,5,,-14.39
South Florida,Miami (Fla.),-17.5,-18.84,-27.29,,-20.9,-28.01,-20.42,-21.35,-34,-20.5,-24,-33.07,-13.5,-16.19,-32.43,-19.68,-18,-23.59,-38.68,-22.63,-28.85,-31.5,-16.13,-26.68,-14.7,,-25.32,,-12.4,,-22.88,,-16,,,,-16,-20,-28,,-29.77,-26.92,-5.5,-13.88,,-32.2,-22,-25.6,-18,-32.3,-22.23,-22.88,-31.2,,,,,-14.51,-24.1,-35,,-27,,-7,-21,-22.5,-48.37,-49.6,-41,-26.3,-29,8.57,,,,,,,49,21,5,,-17.2
TCU,SMU,17,19.39,18.18,,21.2,16.63,13.9,19.45,18,4.5,14,23.67,14.5,19.62,15.77,10.92,19,16.08,20.01,15.45,11.15,21.38,13.1,13.53,8.28,,19.18,,13.6,,16,,22,,,,23,19.5,15,,15.45,14.82,7,19.48,,12.4,16,22.6,17,11,17.49,18.92,17.4,,,,,12.87,21.8,16,,12,,5,17,13.2,19.65,21.8,9,9.2,7,4.62,,,,,,,17,48,5,,24
Tennessee,South Alabama,16,25.19,25.29,,11.07,17.56,25.04,24.71,24,18,16,22.06,21.5,25.95,18.68,24.26,19,20.86,19.18,22.43,22.45,20.56,28.35,18.95,5.67,,24.86,,22.7,,21.5,,8,,,,25,21,22,,18.53,14.36,,24.76,,19.3,18,22.4,17,20.8,20.79,16.86,5.5,,,,,19.02,24.6,25,,25,,15,32,28.4,12.73,24.2,-1,21,12,6.52,,,,,,,24,31,5,,26.76
Texas St.,Wyoming,-10,-9.3,-14.51,,-0.29,-11.73,-7.13,-8.65,-10,0.01,-1,-7.79,-4.5,-9.69,2.74,-4.44,-11.5,-7,-11.7,-16.62,-12.35,-11.81,-2.85,-3.95,3.36,,-7.22,,-5.6,,-7.79,,-15,,,,-5,-10.5,-11,,-6.06,-4.13,,-7.19,,-4.5,-8,-12.2,-10,-6.1,-9.09,-13.45,-11.8,,,,,-10.17,-9.4,-5,,-10,,-4,-4,7.5,-12.26,-12.9,-10,-11.3,-2,4.92,,,,,,,21,42,5,,-8.06
Texas-San Antoni,Houston,3,-4.42,3.98,,-5.29,0.56,-3.89,-4.32,14,7,-3,4.9,-5,-4.23,3.93,-9.4,-2.5,-1.37,2.48,-8.92,-5.25,-6.56,-7.84,-7.33,4.85,,-6.92,,-1.2,,-3,,-7,,,,-12,-3,-9,,-3.22,0.49,,-9.34,,-8.6,-3,-2.2,2.5,0.8,-2.11,8.23,3.1,,,,,0.54,-1,-3,,-3,,1,3,15.3,1.76,9.7,-15,-3,-4,6.29,,,,,,,59,28,5,,-4.14
Tulsa,Iowa St.,2.5,3.03,-2.57,,1.82,-0.8,-0.97,3.74,2,10,8,1.81,11.5,2.58,2.21,-6.7,2.5,3.69,-6.79,-2.48,-0.25,5.31,4.51,10.05,2.8,,4.69,,1,,3,,-7,,,,8,4,1,,8.28,14.39,7,2.68,,5.6,7,-0.6,2.5,3.4,3.28,0.62,1,,,,,3.71,-1.5,9,,4,,-1,1,27,13.83,-3.5,3,14.1,6,5.88,,,,,,,38,21,5,,5.59
Vanderbilt,UAB,20,20.96,33.69,,9.98,10.12,30.7,20.94,26,19.5,16,15.17,18,21.26,25.35,26.53,19.5,20.99,15.58,18.49,24.65,27.06,25.33,20.67,10.13,,28.49,,23.1,,21,,11,,,,27,23,21,,19.67,18.66,21.5,22.53,,17.7,21,21.2,20,21.5,21.23,16.18,14.5,,,,,23.6,22.2,16,,26,,13,28,29.1,17.62,23.9,8,23.3,14,5.78,,,,,,,24,52,5,,24.71
Washington,Arizona,8.5,6.43,0.9,,18.15,12.04,6.16,2.71,1,-0.5,8,6.42,6,10.11,11.55,18.23,10,6.75,8.3,5.87,6.05,4.94,3.87,6.33,12,,7.27,,1.6,,6.37,,-3,,,,10,7,6,,5.52,4.15,3.5,7.26,,4.5,8,6.1,8.5,9.8,6.37,16.77,6.7,,,,,7.23,3.9,-2,,8,,3,7,19.7,10.38,-0.1,2,0.1,6,4.79,,,,,,,13,31,5,,2.06
Washington St.,Stanford,-8.5,-5.82,-2.53,,0.72,0.41,-15.37,-7.93,-1,-20,-8,-3.31,-12.5,-3.31,-7.47,-15.38,-10,-11.38,-4.76,-10.15,-12.25,-18.94,-19.68,-28.03,-16.3,,-16.1,,-13.3,,-11,,-15,,,,-15,-10,-11,,-9.77,-24.57,-17,-22.26,,-7.3,-9,-14.6,-8.5,-11.2,-12.42,-5.99,7.2,,,,,-12.35,-16.7,-9,,-10,,-4,-18,-23.4,-3.51,3.4,-5,-23.5,-13,7.42,,,,,,,55,17,5,,-10.75
West Va.,Oklahoma St.,-19.5,-15.33,-15.39,,-17.54,-16.86,-14.95,-15.43,-27,-9.5,-15,-28.98,-12,-15.01,-14.02,-12.79,-18,-17.77,-18.12,-23.57,-28.05,-24.69,-25.19,-7.4,-13.2,,-13.23,,-8.6,,-17.54,,-21,,,,-21,-17,-15,,-20.02,-18.78,-9,-15.08,,-18.2,-22,-23.9,-19.5,-21.8,-17.98,-23.02,-20,,,,,-22.59,-21.2,-25,,-21,,-8,-11,-20,-27.31,-33.4,-24,-11,-10,5.50,,,,,,,21,30,5,,-13.77
Western Kentucky,Navy,-4,-8.3,-7.55,,-11.03,-19.94,-4.44,-8.34,-9,-3,-4,-15.31,-4,-7.98,-12.16,-9.89,-2.5,-6.79,-16,-16.42,-12.15,-15.25,-12.47,-3.92,3.25,,-4.3,,0.1,,-7.55,,-8,,,,0.01,0,-10,,-13.49,-2.94,,2.94,,-5.8,-2,-4.9,-4,-11.7,-5.81,-2.98,-7.8,,,,,-1.4,-5.2,-17,,-8,,-4,1,5.8,-30.05,-17.8,-23,-8.5,-12,7.14,,,,,,,7,19,5,,-10.81
Western Mich.,Kent,-2.5,-0.84,-2.17,,0.3,-3.14,-6.12,-1.96,-1,-14.5,-5,-6.43,-2.5,0.54,-11.72,-1.19,2,-4.4,0.73,-6.91,-11.65,7,-16.67,-27.5,2.95,,-5.12,,-2.5,,-3.14,,8,,,,0.01,0,-2,,-4.47,-12.74,-9.5,4.39,,-7.1,2,-4.2,-2.5,-7.4,-3.76,-0.13,3.6,,,,,-4.28,-4.9,-7,,-11,,-2,-3,-7.6,-17.98,0.9,-6,-12.9,-6,6.21,,,,,,,32,14,5,,-2.35
Akron,Ohio,-4.5,-4.55,-8.39,-2.86,-5.29,-9.44,-2.25,-5.13,-7,0.85,-9,-5.62,-12,-4.36,-19.86,-9.58,-5,-5.87,-9.29,-9.75,0.15,-4.13,3,-18.7,-1.6,,-19.3,,-2.7,,-5.31,,-3,,,,-8,-3,-10,,-14.36,-10.95,-8,-3.66,,-5.9,-7,-7.5,-4.5,-0.01,-5.31,-3.25,-0.3,,,,,-1.31,-6.6,-4,,-5,,-5,-7,13.9,-14.33,-7.6,-12,-8.8,-13,6.02,,,,,,,43,3,6,,-1.43
Alabama,Georgia St.,55,60.54,54.81,64.88,41.24,49.6,57.69,60.88,60,44.3,42,73.95,42.5,59.83,82.09,,55,57.11,64,62.56,71.15,48.75,52,56.17,29.01,,53.97,,62.1,,58.46,,34,,,,76,56,63,,47.39,52.69,,76.35,,60.2,67,76.2,55,66.6,58.72,62.82,47.2,,,,,55.52,75.7,69,,37,,38,45,33.2,31.15,61.8,37,72.8,80,13.10,,,,,,,3,45,6,,58.19
Auburn,Mississippi,-3,1.7,1.02,-1.3,-0.19,8.82,-9.68,-2.99,-1,-5.7,2,7.75,5,5.49,5.5,-3.06,-3,-2.17,0.01,9.16,-1.15,-2.06,-5.52,2.17,7.5,,-5.97,,-6.4,,-2.32,,-4,,,,-4,-1,-3,,1.29,-6.15,-10,-4.31,,-8.2,-7,-13.8,-3,-5.9,-4.88,0.59,4.3,,,,,-1.64,-12.7,3,,-10,,1,-4,-7.5,3.07,2.1,2,-11.2,-2,5.24,,,,,,,22,30,6,,-2.32
Baylor,West Va.,28,20.87,48.79,19.39,20.71,33.18,21.84,26.62,31,28.15,17,38.38,11,19.05,10.82,31.57,27.5,25.02,20.23,42.75,41.35,23.63,37.96,9.49,17.77,,16.53,,12.9,,24.2,,28,,,,30,21,16,,19.1,23.47,14,30.82,,20.4,19,24.2,28,24.9,26.83,27.04,33,,,,,28.81,21.9,43,,37,,16,21,31.6,12.18,55.9,33,21.6,10,9.58,,,,,,,42,73,6,,31.5
Boston College,Army,11.5,13.91,14.27,12.02,5.95,18.79,10.56,13.09,10,6.45,8,19.71,8.5,14.35,19.32,5.75,11.5,12,11.55,16.17,14.45,13.31,7.04,8.21,4.54,,7.2,,7.2,,11.82,,2,,,,13,10,16,,13.58,3.11,6,14.81,,9.9,11,16.6,11.5,10.5,12.62,13.73,9.9,,,,,10.23,18.3,9,,15,,8,11,27.9,11.32,6.3,-1,14.8,12,5.25,,,,,,,27,48,6,,16.74
Bowling Green,Massachusetts,26,24.99,25.77,32.5,29.05,26.34,26.39,24.83,30,16.7,25,31.23,27.5,24.91,22.8,36.01,25,27.43,24.35,27.77,28.35,13.75,31.02,37.59,12.29,,29.18,,25.6,,27.94,,28,,,,29,23,28,,27.03,36.01,,27.98,,21.4,28,30.9,26,27.5,27.94,34.26,24,,,,,26.52,29.9,31,,31,,16,28,25.8,20.79,15.9,30,28.7,29,4.84,,,,,,,7,28,6,,26.75
Buffalo,Eastern Mich.,14,19.29,26.79,13.09,7.37,23.81,18.79,20.54,23,11.35,13,31.23,12.5,17.67,10.87,24.41,13.5,17.05,25.48,27.28,22.45,-0.56,20.87,8.82,2.92,,14.97,,13.5,,16.02,,12,,,,14,11,24,,15.82,14.81,11.5,16.99,,12.4,15,17.8,14,24.4,16.03,19.64,15.2,,,,,15.17,16.7,17,,16,,9,13,29.3,12.36,27,7,19.2,13,6.24,,,,,,,14,42,6,,13.74
California,Washington St.,-1.5,-5.73,-6.87,2.49,-14.11,-7.09,0.5,-6.38,-3,0.3,-7,-11.16,0.5,-5.48,-17.98,0.85,-1.5,-4.71,-20.06,-5.46,-5.15,-2.69,-3.69,2.21,-3.84,,-2.75,,1.8,,-4,,-11,,,,0.01,1.5,-5,,-7.45,-5.6,5.5,4.81,,-9.7,-4,-7,-1.5,-6.4,-2.97,-1.3,-7.4,,,,,-2.95,-4.4,-8,,-6,,2,1,-27.7,-8.16,2.8,-16,-0.4,2,6.62,,,,,,,44,22,6,,0.84
Colorado,Oregon,-39,-25.17,-44.66,-39.47,-18.61,-27.73,-41.68,-30.07,-28,-35.85,-28,-32.39,-33,-22.7,-35.03,-50.84,-38.5,-34.72,-36.6,-42.29,-46.45,-42.81,-45.84,-33.36,-20.49,,-38.2,,-38.1,,-35.93,,-32,,,,-40,-35,-32,,-23.75,-32.43,-46,-36.48,,-32.1,-36,-42.9,-39,,-38.09,-46.08,-31.9,,,,,-29.15,-39.6,-39,,-46,,-21,-46,-17.5,-18.9,-39.9,-32,-42.7,-21,8.65,,,,,,,57,16,6,,-37.51
Florida,Arkansas,12,13.14,20.42,13.58,19.42,13.07,9.06,12.72,22,13.4,14,19.96,14,13.22,18.65,21.02,11,15.74,17.48,14.46,14.35,21.13,16.86,11.88,11.5,,12.86,,20.1,,14.35,,10,,,,12,12.5,13,,18.3,18.88,19.5,17.04,,12.2,15,20.3,12,12.6,15.17,31.82,9.5,,,,,12.76,20.6,16,,15,,6,14,26.4,9.43,17.2,5,11.9,14,4.93,,,,,,,10,30,6,,18.43
Florida St.,Maryland,16.5,10.8,16.47,19.43,10.39,13.69,19.07,10.2,14,20.55,14,23.23,21,10.99,10.59,32.8,16,17.2,7.17,14.87,14.35,24.81,27.28,12.28,14.2,,16.14,,20.3,,17.07,,13,,,,23,17.5,15,,12.29,20.05,29,23.27,,15.7,21,18.2,16.5,13.8,17.35,12.21,13.3,,,,,17.07,19.2,21,,19,,12,21,26.1,6.81,3.9,9,17.8,11,5.84,,,,,,,0,63,6,,18.74
Hawaii,San Jose St.,-4,-1.75,-3.31,-2.51,0.73,-4.33,-4.77,-0.58,-2,-8.15,-4,-2.7,-5,-3.33,-3.45,-3.34,-4.5,-5.45,-1.24,-2.29,-5.45,-2.13,-16.2,-22.01,0.95,,-9.08,,-14,,-4.56,,7,,,,-3,-4.5,-6,,-4.56,-11.07,-18,-3.15,,-3,-5,-7.7,-4,-3.1,-5.61,-10.39,-2.9,,,,,-4.83,-8,-1,,-10,,-2,-10,-10.4,-7.17,-7.7,-5,-12.1,-7,4.74,,,,,,,37,27,6,,-1.27
Idaho,Fresno St.,-27.5,-16.5,-13.3,-27.82,-20.38,-14.6,-24.13,-14.11,-6,-15.7,-25,-14.2,-23,-19.45,-22.42,-26.82,-26.5,-21.19,-11.86,-20.93,-24.65,-12.75,-23.43,-23.55,-13.4,,-28.22,,-23.6,,-23.43,,-21,,,,-24,-25,-29,,-23.14,-27.78,-25,-31.79,,-20,-28,-29.1,-27,-21.7,-26.5,-25.61,-16.6,,,,,-24.33,-28.5,-19,,-32,,-13,-20,21.1,-14.99,-9.2,-25,-28,-24,8.97,,,,,,,61,14,6,,-25.44
Indiana,Penn St.,-3,-2.96,-4.65,-5.52,-2.76,4.69,-14.38,-3.09,-8,-17.4,-5,5.59,-10.5,-3.5,-5.82,-8.58,-3,-5.31,-3.14,-1.21,-10.45,-19.31,-16.48,-15.83,-2.87,,-7.68,,-6.7,,-5,,-2,,,,-13,-2.5,-4,,-8.19,-5.2,-15.5,-2.97,,-4.4,-5,-4.4,-3,-11.5,-4.41,-1.78,-3.7,,,,,-1.97,-4.7,6,,-7,,-5,-10,23.5,-4.63,-4.7,-6,-19.7,-4,6.83,,,,,,,24,44,6,,-0.91
Iowa,Michigan St.,0,5.49,26.83,-2.66,13.1,15.86,3.03,3.7,18,2.3,5,17.59,4,7.13,6.7,6.96,-1.5,4.71,15.36,13.5,5.35,4.56,-6.38,-0.6,-2.3,,-2.69,,-1.1,,3.7,,6,,,,-2,2,-1,,11.14,-2.83,-1.5,1.24,,-5.4,0.01,-2.3,0,3.7,0.72,10.08,14,,,,,0.77,-5.3,4,,4,,4,-1,27.6,8.07,8.4,5,-3.4,6,7.69,,,,,,,26,14,6,,2
Iowa St.,Texas,-7,-0.57,-1.83,-7.93,3,4.69,-4.7,-0.88,2,0.9,-4,3.22,-3,-0.66,-0.43,-1.19,-7.5,-3.38,2.84,2.15,-3.55,-8.06,-0.36,-4.85,-2.04,,-7.5,,-2.8,,-3.29,,9,,,,-10,-7.5,-8,,-0.5,-14.7,-3.5,-10.79,,-13.6,-8,-13.5,-7,-9.1,-8.06,-3.29,-0.7,,,,,-5.94,-13.6,-12,,-8,,2,-7,33.1,2.97,11.7,-4,-11.4,3,7.34,,,,,,,31,30,6,,-8.79
Kansas,Texas Tech,-16,-16.44,-33.06,-14.39,-14.25,-23.25,-20.74,-17.73,-20,-16.7,-14,-24.86,-14.5,-15.61,-22.74,-16.48,-17.5,-18.09,-24.16,-28.38,-21.15,-32.5,-14.71,-15.34,-8.37,,-19.35,,-10.5,,-17.9,,-18,,,,-15,-17,-18,,-23.76,-29.08,-11.5,-13.07,,-13.6,-19,-13.9,-16,-19.8,-18.66,-20.36,-19.7,,,,,-14.9,-12.7,-16,,-24,,-9,-21,-21,-13.71,-26,-17,-17.9,-15,5.04,,,,,,,54,16,6,,-17.07
Kent,Northern Ill.,-9,-10.81,-13.13,-9.27,-12.94,-11.68,-5.3,-11.06,-15,1.85,-9,-16.27,-12,-10.96,-20,-14.16,-9,-10.26,-17.62,-16.06,-8.75,-18.94,-5.67,-4.42,-9.87,,-7.82,,-5.9,,-10,,-25,,,,-12,-9.5,-14,,-18.05,2.59,-3.5,-10.46,,-8.1,-8,10.2,-9,-4.6,-7.24,-11.04,-14.9,,,,,-8.3,-10,-10,,-8,,-6,-10,-25,-11.03,-20,-19,-9.5,-13,5.43,,,,,,,38,24,6,,-9.74
Louisiana-Lafaye,Texas St.,12.5,5.63,0.91,14.64,1.2,-1.66,7.78,2.61,-4,8.35,2,6.87,10,8.35,-0.58,8.38,10.5,6.83,-5.74,2.51,9.55,7.06,14.85,13.63,-1.53,,10.61,,11.9,,8,,-5,,,,13,10,7,,-1.74,14.81,,14.54,,5,8,10.2,11.5,2.7,9.77,13.18,1.9,,,,,14,12.3,7,,10,,4,10,6.5,-7.65,-8,-5,6.6,3,6.14,,,,,,,24,48,6,,11.06
Louisiana-Monroe,Western Kentucky,-7,-3.79,-14.94,-0.73,-11.23,-7.32,-0.96,-1.78,-8,7.15,-2,-12.01,1,-6.24,-3.5,-7.47,-7,-4.01,-9.53,-12.71,-10.65,-1.94,-9.45,7.51,-2.01,,0.66,,0.4,,-3,,-16,,,,-2,-3,-7,,-4.36,6.02,,2.49,,-3,3,-1.2,-6.5,-4.9,-2.93,-15.37,-10.5,,,,,-1.82,-0.3,-9,,-4,,-1,-1,-10.5,-7.38,-5.9,-11,-2.8,-2,5.68,,,,,,,31,10,6,,-0.86
Marshall,Texas-San Antoni,14,16.16,20.91,19.2,20.76,21.52,10.74,13.05,18,3.2,14,23.12,12,19.16,7.1,11.45,14,14.67,14.23,25.09,16.85,13.06,7.16,8.39,3.35,,15.33,,9.8,,14.93,,11,,,,26,9.5,19,,12.99,11.2,,20.84,,16.5,12,16.5,14,12.8,15.22,15.81,18.3,,,,,12.8,14.5,14,,16,,5,8,30.9,9.75,22.5,12,6.7,10,5.98,,,,,,,10,34,6,,22.83
Memphis,Central Florida,-9,-13.9,-23.66,-15.73,-13.57,-10.84,-14.19,-13.51,-15,-8.6,-9,-15.96,-15,-14.96,-12.4,-17.15,-10,-13.69,-14.23,-16.23,-13.85,-32.5,-7.91,-18.42,-6.06,,-16.94,,-16.5,,-13.57,,-21,,,,-13,-10,-13,,-19.46,-5.92,-13.5,-16.29,,-6.8,-14,-12,-10,-10.1,-11.58,-12.57,-10.2,,,,,-12.65,-11.6,-10,,-13,,-8,-25,-15.9,-11.87,-18.2,-11,-18.4,-10,3.86,,,,,,,24,17,6,,-13.04
Miami (Fla.),Georgia Tech,5.5,8.11,6.55,1.85,-0.56,-1.23,4.15,12.16,12,2.25,6,0.7,7.5,3.39,15.9,8.89,5.5,6.01,10.36,1.06,1.35,8.81,-5.86,7.96,16.85,,9.72,,4.8,,5.44,,13,,,,7,4,7,,7.18,2.42,-1.5,4.27,,9.5,5,8.4,5.5,4.8,5.44,5.2,3,,,,,-0.42,8.1,-5,,4,,8,7,20.8,5.49,21.4,6,2.8,7,5.26,,,,,,,30,45,6,,2.3
Miami (Ohio),Central Mich.,-3,-1.78,4.9,-3.23,-9.39,10.95,-3.58,-6.74,10,-2.5,2,10.48,-0.5,2.54,-5.49,-0.15,-3,0.76,-0.01,8.32,0.75,6.88,2.36,3.85,2.68,,2.21,,0.01,,0.5,,5,,,,3,-4.5,3,,2.02,-3.91,3,5.01,,0.5,0.01,-1.6,-2.5,-0.7,-1.29,-4.29,2.9,,,,,-2.61,-1.2,3,,1,,-2,-11,17.6,-1.04,4,-10,-2.3,-4,5.45,,,,,,,21,9,6,,0.53
Michigan,Minnesota,18.5,11.75,7.18,16.21,9.03,2.78,11.04,11.67,5,16.5,12,10.63,16.5,11.43,21.16,20.26,19,14.19,2.97,5.95,12.15,23.38,28.11,14.7,8.7,,19.94,,14.2,,14.2,,15,,,,20,16.5,18,,13.18,9.84,16,20.8,,13.4,15,14.9,18,6.3,14.94,17.34,9.2,,,,,17.37,14.9,13,,10,,9,21,29.1,1.01,6.2,4,25.7,14,6.29,,,,,,,13,42,6,,18.74
Middle Tenn.,East Carolina,-7.5,-8.55,-17.15,-8.07,-7.46,-15.07,-7.92,-7.44,-12,-5.5,-7,-16,-2,-10.05,-3.91,-9.93,-7.5,-9.2,-12.77,-20.05,-10.45,-12.94,-17.78,3.07,-4.14,,-5.36,,-3.9,,-9.93,,-13,,,,-9,-9.5,-17,,-13.08,-4.94,-4,-5.77,,-10.4,-11,-14.6,-7.5,-12.1,-9.41,-11.45,-13.4,,,,,-10.62,-13.2,-11,,-11,,-5,-10,6.1,-8.7,-14.2,-12,-8.7,-9,5.18,,,,,,,24,17,6,,-9.65
Mississippi St.,LSU,-9,-8.52,-2.07,-8.21,-4.77,-11.57,-9.78,-9.55,-3,-8.4,-6,-4.84,-11,-7.85,-17.67,-0.84,-9,-7.78,-8.86,-6.82,-4.95,-16.06,-12.46,-12.02,-10.39,,-11.22,,-12.4,,-8.45,,-8,,,,-10,-9.5,-9,,-13.65,-6.56,-4,-13.04,,-9,-9,-7.6,-9,-8.3,-7.53,-0.14,-3.4,,,,,-8.45,-7.1,-12,,-2,,-4,-14,24.2,-10.86,-17.8,-3,-15.3,-14,6.16,,,,,,,59,26,6,,-5.79
Navy,Air Force,11,14.69,26.96,9.03,24.8,25.56,12.28,12.53,22,13.8,23,30.38,15.5,16.57,17.38,-5.88,11.5,16.41,16.18,22.05,16.15,16.31,8.3,3.6,5.97,,11.32,,9.9,,16.15,,26,,,,15,11,12,,20.71,16.55,5.5,14.53,,18.9,13,20.7,12,15.6,15.21,24.03,20.9,,,,,13.4,21,28,,19,,4,13,32.5,16.35,24.8,22,10.8,16,7.41,,,,,,,10,28,6,,16.83
Nebraska,Illinois,9,5.83,-3.57,14.32,4.72,-0.52,10.51,4.72,-6,13.25,8,4.11,15,6.78,5.87,5.81,10.5,8.23,1.35,3.12,11.15,15.5,7.5,7.95,5.87,,12.07,,13.6,,8,,-2,,,,17,9.5,13,,5.49,15.17,21,11.86,,5.7,8,10.4,9,4.6,10.8,11.1,-1.5,,,,,12.45,12.9,-1,,14,,6,18,9.6,-2.45,-9.9,-1,15.1,8,6.10,,,,,,,19,39,6,,11.21
New Mexico,New Mexico St.,10,11.45,6.36,10.48,13.6,10.88,10.43,12.95,12,9.1,19,17.75,16,9.61,17.15,15.88,9.5,12.2,19.02,9.98,14.75,-1.69,6.11,7.31,7.36,,10.12,,14.6,,11.2,,5,,,,10,7,13,,7.87,14.01,14.5,12.57,,7.6,11,5.4,10,10.8,10.55,18.49,11.6,,,,,10.01,5.6,20,,8,,7,14,29.7,11.75,5.5,10,12.1,13,4.69,,,,,,,17,66,6,,11.2
Northwestern,Ohio St.,-6.5,-4.48,-4.63,-5.69,-7.58,-7.03,-0.48,-3.78,1,-4.5,-4,-7.87,-5.5,-5.59,-0.01,-4.7,-7,-4.4,-4.73,-15.21,-10.85,-3.5,1.51,-3.69,-6.5,,-11.13,,-2.3,,-4.73,,-8,,,,-8,-4,-11,,-2.01,-4.18,2,-4.79,,-5.9,-6,-5.4,-6.5,-3.8,-5.51,-12.84,-3.1,,,,,-6.45,-5.7,-7,,-2,,-2,-3,15.6,0.35,-2.1,-9,-1.8,-2,4.88,,,,,,,40,30,6,,-6.5
Notre Dame,Arizona St.,-6.5,-6.88,-24.55,-1.03,-13.89,-20.49,-4.26,-5.04,-15,-8.5,-7,-20.95,1.5,-9.23,-3.26,3.72,-6,-7.98,-18.94,-20.73,-9.6,-3.63,-1.45,4.91,-2,,-3.31,,-1.3,,-6.88,,-7,,,,-4,-6.5,-4,,-11.38,4.23,4.5,-5.49,,-9,-6,-6.7,-6.5,-13,-6.02,-17.73,-11.6,,,,,-3.09,-4.5,-14,,-10,,-3,-3,-31.9,-10.37,-16.5,-12,-7.2,-4,7.98,,,,,,,34,37,6,,-4.81
Oklahoma,TCU,8.5,14.65,0.1,11.88,14.68,2.47,11.79,16.32,6,14.95,15,4.85,20,12.7,20.77,4.95,10,11.99,10.01,5.99,14.55,17.94,17.17,18.82,20,,11.23,,10.6,,11.58,,12,,,,11,10,10,,15.35,15.74,10,6.36,,7.9,11,7.6,9,10.8,11.58,11.57,10.7,,,,,9.73,8.3,15,,16,,7,21,4.2,9.74,3.7,13,21.7,14,4.93,,,,,,,17,20,6,,13.82
Oklahoma St.,Kansas St.,14,10.63,17.19,11.42,19.34,7.45,4.59,10.94,23,4.9,17,16.51,16,9.87,16.5,11.24,14,12.17,16,7.94,12.85,12.81,16.39,4.36,11.45,,8.7,,0.8,,11.45,,8,,,,14,14,7,,15.45,11.79,-0.5,11.23,,10.5,15,14.1,14,7.4,12.46,21.98,8.7,,,,,11.05,12.5,23,,14,,3,7,31.3,7.89,11.3,14,5.4,5,5.94,,,,,,,29,33,6,,12.66
SMU,Rutgers,-3.5,-6.63,-2.59,-2.81,-14.8,-3.53,-4.5,-8.23,1,8.9,-8,-4.54,-7.5,-5.41,-4.63,-7.72,-4.5,-4.77,-11.14,-7.54,-3.15,-11.63,-6.37,-3.96,-7.37,,-5.82,,-6.4,,-5.41,,-12,,,,-8,-3,-7,,-10.04,-7.25,-2.5,-2.08,,-5.8,-6,-5.2,-3.5,-4.1,-5.02,0.69,-6.4,,,,,0.55,-3.5,-10,,-3,,-3,-4,16,-10.28,-7,-25,-4.2,-6,5.81,,,,,,,55,52,6,,-7.25
San Diego St.,Nevada,6,1.38,2.65,8.91,-8.3,-1.17,7.92,0.28,1,12.25,-1,1.09,-1,2.07,-2.85,11.99,5,4.83,-5.41,1.51,0.75,-3.25,-3.7,2.17,4.75,,8.15,,7.7,,4,,12,,,,8,5.5,3,,-1.6,12.15,10,6.83,,2.6,5,8.7,6,-1.1,6.1,11.78,5.5,,,,,10.27,8.4,3,,10,,4,14,14.3,-6.62,9.4,-8,2.4,1,6.33,,,,,,,44,51,6,,3.62
South Carolina,Kentucky,21,23.95,15.02,20.68,22.31,13.98,31.38,25.01,17,21.35,22,21.81,24.5,22.46,35.02,35.6,21,24.32,24.82,15.9,25.25,41.44,26.92,31,18.34,,27.89,,26.4,,24,,22,,,,24,21,25,,29.63,23.5,30.5,21.24,,20.9,25,24.3,21,29.1,23.94,25.85,9.7,,,,,22.94,23.1,19,,30,,13,36,29.8,15.84,15.8,11,32.4,30,6.24,,,,,,,28,35,6,,24.84
South Florida,Cincinnati,-11.5,-17.79,-19.14,-12.93,-21.39,-24.57,-13.77,-17.61,-22,-6.6,-19,-29.52,-15,-18.93,-16.67,-26.67,-11.5,-17.29,-19.21,-25.03,-17.75,-19.56,-21.57,-18.5,-6.12,,-9.71,,-10.3,,-17.75,,-18,,,,-11,-13.5,-16,,-18.34,-19.59,-14.5,-13.03,,-21.6,-14,-16.6,-12.5,-17.7,-15.95,-24.53,-14.1,,,,,-14.8,-14.5,-22,,-20,,-4,-11,-29,-19.01,-6.9,-29,-23.5,-19,5.75,,,,,,,20,26,6,,-19.61
Southern Miss.,Florida Intl.,17,13.13,3.66,13.13,4.92,3.52,2.35,16.38,11,-9.6,5,8.07,7.5,10.13,2.63,-5.29,17,8.69,15.52,8.62,9.85,0.13,18.66,7.01,4.47,,8.76,,6.1,,8.76,,10,,,,14,14.5,11,,3.26,10.48,0,9.38,,11.3,8,14,16,10.2,12.34,16.6,7.7,,,,,14.83,14.1,7,,2,,5,-1,23.7,1.53,4.7,4,1.6,3,6.26,,,,,,,24,23,6,,14.43
Stanford,Washington,7,5.51,-5.98,6.16,-7.69,-0.36,10.66,5.8,1,18.7,5,0.84,14,4.78,13.34,3.3,7,6.92,2.59,3.88,10.95,7.13,12.95,13.39,11,,11.27,,13.1,,7,,6,,,,9,6.5,10,,4.8,12.09,12.5,4.45,,3.6,5,7.5,7,6.8,8.22,0.91,-0.5,,,,,8.88,8.7,-5,,12,,5,10,6.8,-0.12,2.4,-4,17.7,9,5.76,,,,,,,28,31,6,,7.65
Syracuse,Clemson,-14,-9.61,-13.51,-12.58,-4.44,-15.67,-8.09,-11.4,-6,3,-11,-15.09,-12.5,-8.04,-30.31,-12,-13.5,-10.71,-13.46,-14.9,-5.75,-18.25,-15.44,-12.76,-20.5,,-16.96,,-9.8,,-12,,-15,,,,-5,-13.5,-12,,-14.26,-8.41,-10.5,-13.48,,-15.2,-11,-14.5,-14,-5.2,-11.2,-13.44,-9.6,,,,,-5.83,-12.6,-13,,-6,,-5,-7,12.9,-10.73,-17.5,-13,-9.9,-15,6.19,,,,,,,49,14,6,,-12.4
Temple,Louisville,-32,-24.78,-47.59,-27.9,-25.07,-31.68,-20.98,-25.72,-39,-25.2,-23,-35.8,-18,-24.24,-35.01,-23.41,-33.5,-28.32,-25.52,-37.1,-35.75,-35.13,-36.55,-31.86,-20.19,,-36.11,,-16.3,,-29.26,,-32,,,,-24,-30,-34,,-31.98,-21.84,-14.5,-29.26,,-31.3,-23,-36.1,-32,-23.4,-30.26,-40.01,-30.7,,,,,-16.28,-32.6,-38,,-34,,-14,-21,-14.9,-22.34,-30.1,-38,-32.3,-27,7.72,,,,,,,30,7,6,,-27.24
Tennessee,Georgia,-10,-10.24,-10.3,-15.33,-4.69,-13.53,-18.42,-10.97,-2,-11.9,-11,-12.73,-11,-9.88,-16.45,-6.23,-10,-11.87,-11.48,-17.35,-19.55,-20.63,-7.24,-14.9,-11.37,,-16.21,,-13.3,,-12,,-14,,,,-12,-10.5,-15,,-11.95,-14.97,-11.5,-11.26,,-15.3,-12,-18.3,-10,-16.5,-13.5,-18.86,-13.1,,,,,-15.74,-16.6,-6,,-16,,-8,-11,30.7,-7.74,-13.1,-10,-22,-12,7.47,,,,,,,34,31,6,,-15.92
Toledo,Western Mich.,22.5,24.55,30.33,17.72,20.25,22.02,14.23,25.9,32,18.25,21,34.67,20,22.93,34.59,18.11,21,21.88,32.7,27.57,26.55,9.38,17.71,27.08,5.15,,12.73,,14.4,,22,,13,,,,18,17.5,22,,19.77,20.83,17,17.91,,24.7,17,24.5,22.5,20.9,22.01,28.51,19.4,,,,,19.74,24.5,31,,26,,8,14,30.9,17.54,17.4,17,25.4,19,6.61,,,,,,,20,47,6,,23.83
Troy St.,South Alabama,3,3.15,-13.23,5.59,2.65,-1.69,5.86,3.16,-7,12.95,5,-1.74,11.5,2.76,-9.41,-0.69,3.5,1.16,-4.23,-4.88,0.45,1.31,0.39,-0.55,0.93,,-2.54,,5.5,,2.32,,-16,,,,10,2.5,3,,-2.9,2.32,,2.86,,-3.4,2,0.01,3,1.5,3.01,1.82,-5.1,,,,,3.05,-0.2,4,,6,,-1,7,-6.3,-5.81,-14,-4,8.5,-2,5.25,,,,,,,33,34,6,,5.24
Tulane,North Texas,-3,-0.82,-12.22,-0.9,3.38,-9.54,-1.92,0.95,-1,-7.7,-2,-9.71,2,-3.04,-4.89,-7.19,-3,-2.93,-5.36,-10.61,-6.15,-3.31,-4.7,5.61,0.32,,1.24,,-4.2,,-3.57,,-4,,,,2,0,-1,,-5.35,-4.24,-5,-2.56,,-4.1,-2,-6.6,-3,-0.4,-3.57,0.77,-4.9,,,,,-4.16,-6.3,-8,,-7,,-3,-4,14.2,-2.55,-8.3,-2,-3,1,4.57,,,,,,,21,24,6,,-2.1
Tulsa,Rice,3,-1.38,-9.68,2.88,-10.2,-4.78,-0.15,-1.04,-4,-2.4,-1,-7.16,7,-2.11,0.37,-4.46,3,-1.43,-9.11,-3.27,-1.85,0,-7.82,6.3,1.75,,1.71,,4.8,,-1,,-1,,,,1,2.5,0.01,,-3.24,6.19,12,5.66,,-7.6,1,-2.9,2.5,-7.9,0.63,-0.16,-7,,,,,3.74,-0.7,-7,,-3,,-1,1,-8,-4.43,-8.2,-12,2.3,4,5.03,,,,,,,30,27,6,,1.98
UAB,Florida Atlantic,5,4.44,-9.11,5.27,-2.31,4.74,-2.37,4.44,1,4.8,7,0.62,6.5,4.05,3.03,-7.95,4.5,3.2,4.58,-1.11,-1.25,-0.63,-1.36,6.36,2.44,,0.58,,1.8,,3.03,,-5,,,,3,7,1,,3.46,2.73,3,5.46,,4.6,3,2.5,5,-0.2,3.03,-0.84,0.5,,,,,3.46,3.4,-2,,1,,13,24,22.7,3.7,-5.1,-4,6.9,8,5.88,,,,,,,37,23,6,,2.14
UTEP,Louisiana Tech,-2,2.4,5.41,-0.83,5.14,4.12,0.31,1.59,4,-4.2,6,5.31,-1.5,2.83,7.14,-12.44,0,2.02,0.76,1.05,1.35,8.88,-2.35,-2.29,4.68,,0.43,,-7,,1.85,,4,,,,0.01,0,2,,1.85,3.72,-5.5,-2.25,,8.4,-2,6.4,-1.5,7.6,3.09,-0.53,-0.2,,,,,3.23,5.6,4,,1,,-2,3,21.7,3.4,0.2,-1,-5,-5,4.99,,,,,,,38,35,6,,1.02
Utah,UCLA,-5,-3.98,-10.43,-4.39,-0.38,-7.95,-3.05,-9.17,1,-9.45,1,-4.51,3.5,0.27,-16.04,4.46,-5,-3.45,-13.66,-7.03,-2.25,-4.75,-9.77,1.68,-9,,-4.21,,-2,,-4,,-9,,,,-4,-3.5,-3,,-3.73,-6.23,-3.5,-5.78,,-4.2,-5,-8.7,-5,-2.3,-4.87,-0.25,-2.5,,,,,-0.8,-10,3,,-5,,1,-4,30.8,-4.84,-14.7,-13,-6.2,-5,6.92,,,,,,,34,27,6,,-1.4
Utah St.,BYU,4.5,8.25,11.36,4.09,18.14,6.06,4.01,6.95,14,3.15,6,14.53,6.5,9.59,2.32,1.66,6,6.6,8.79,6.26,6.25,7.06,1.49,2.77,5.49,,4.27,,7.5,,6,,6,,,,7,6,5,,5.78,5.23,6,0.96,,-2.3,4,0.7,4.5,7.8,5.49,7.89,8.9,,,,,5.77,-0.4,8,,10,,1,7,30.8,3.82,11.6,7,7,4,5.13,,,,,,,31,14,6,,5.39
Vanderbilt,Missouri,-1,0.99,-5.5,-2.69,-8.45,-10.27,4.4,0.33,1,3.9,-4,-10.35,-4.5,1.25,-6.85,0.74,1,-1.33,-7.96,-11.5,-2.65,-9.69,-5.65,0.01,-1.5,,5.51,,4,,0,,-11,,,,5,2.5,0.01,,-8.5,4.6,5,0.01,,-3.9,0.01,-4.3,-1,4.2,0.26,-5.23,-4.8,,,,,0.19,-5.1,-11,,2,,1,4,14.4,-6.93,-8,-14,1.1,-5,5.85,,,,,,,51,28,6,,-3.96
Virginia,Ball St.,5,2.98,-10.29,4.27,2.31,-0.96,3.18,6,-8,-1.2,-1,-2.1,-2,-0.39,9.58,-1.77,5,-0.13,1.33,0.23,-0.15,-1.25,8.74,2.59,-0.8,,13.51,,0.01,,-0.15,,-9,,,,3,5,3,,-2.12,-3.17,-6,7.38,,-3.9,-3,-4.7,4,1.9,1.28,3.31,-0.6,,,,,2.07,-3.4,-4,,-1,,1,3,-28.2,-2.39,-10.9,-11,-3.3,4,6.33,,,,,,,48,27,6,,3.56
Virginia Tech,North Carolina,7.5,16.22,18.81,6.81,19.08,13.35,9.86,16.88,19,1.6,16,18.83,17.5,15.14,16.66,8.57,7.5,12.37,17.47,15.92,10.75,18.94,-2.49,11.4,8.55,,12.81,,5,,12.04,,15,,,,16,6.5,14,,21.43,8.26,3,8.14,,10.1,9,11.2,8,12,10.18,17.71,21.2,,,,,6.07,11.5,13,,9,,3,3,27.8,14.1,15.8,12,8.1,13,5.90,,,,,,,17,27,6,,12.04
Wake Forest,NC St.,-7,-4.48,-11.33,-6.91,-5.16,-9.12,-12.43,-0.65,-5,-15.1,-1,-9.72,-4.5,-8.85,-13.21,-22,-8,-8.22,-3.68,-16.12,-20.85,-19.31,-16.32,-9.95,-2.23,,-6.48,,-11.5,,-8.85,,-9,,,,-9,-9.5,-12,,-11.11,-1.13,-11.5,-4.16,,-6.5,-2,-5,-7,-9.2,-7.28,-13.37,-11.1,,,,,-6.89,-3.5,-17,,-10,,-9,-18,23.1,-6.68,-8.2,-11,-16.1,-8,7.03,,,,,,,13,28,6,,-6.65
Air Force,San Diego St.,-3,0.45,-1.89,-4.36,-0.5,-1.25,-15.11,-0.48,6,-12.25,-3,-1.71,-2,1.45,-9.11,-13.72,-3,-4.92,-2.34,-3.49,-8.05,-1.71,-5.43,-4.14,0.67,-6.56,-8.62,,-4.6,,-4.48,,-16,,,,-6,-5,-4,,-6.04,-14.85,-9,-1.44,,-6.1,-9,-7.6,-3,-4.3,-6.23,-8.85,-0.6,,,,,-3.97,-11.7,3,,-10,,-4,-7,28.6,-12.69,-10.3,-9,-12.7,-9,7.12,,,,,,,27,20,7,,-6.02
Arizona St.,Colorado,27.5,22.72,23.63,24.01,23.32,21.79,29.74,19.05,15,29.25,27,27.2,25.5,26.84,19.33,35.26,25.5,25.89,17.18,30.67,30.65,38,33.54,28.55,11.11,16.05,28.93,,17.1,,26.95,,19,,,,29,24,26,,22.99,28.41,31.5,26.9,,25.9,28,30.1,27.5,27.9,27.33,37.43,25.2,,,,,31.05,28.5,24,,35,,18,38,32.8,16.36,13.8,13,27.1,17,6.24,,,,,,,13,54,7,,27.49
Arkansas,South Carolina,-4.5,-3.52,-6.58,-7.11,-4.53,-4.61,-8.19,-3.72,-5,-14,-10,-6.64,-7.5,-3.26,-12.37,-3.36,-5.5,-7.49,-6.86,-6.84,-11.85,-16.58,-2.9,-14.43,-8,-8.09,-13.21,,-4.1,,-7.31,,8,,,,-4,-7,-10,,-12.16,-12.13,-12.5,-6.06,,-7.1,-9,-13.3,-5,-10,-7.75,-11.25,-3,,,,,-6.31,-13.9,-13,,-12,,-2,-10,5.9,-4.71,-3.4,-6,-15.4,-10,4.07,,,,,,,52,7,7,,-8.19
Arkansas St.,Idaho,27,13.38,15.18,21.57,22.95,16.19,23.84,10.28,13,28.5,22,21.35,20,16.76,16.36,24.73,24.5,20.2,10.93,18.95,21.35,0.54,27.74,21.89,6.49,13.32,15.03,,15.3,,21.35,,11,,,,31,24,20,,13.21,27.2,30,24.85,,16,22,26.3,26,20.3,23.76,29.72,16.3,,,,,21.88,26,20,,31,,10,18,30.2,12.26,12.2,16,25.8,15,6.19,,,,,,,24,48,7,,24.66
Army,Eastern Mich.,8,16.03,16.61,12.61,11.15,12.38,13.09,17.76,12,6.25,10,17.39,11,14.4,13.58,16.45,7.5,12.61,12.14,18.9,14.25,-2.5,4.45,9.05,5.1,13.3,14.93,,13.8,,12.85,,18,,,,14,7,15,,8.71,9.93,9.5,12.58,,15,12,14.7,9,14.9,11.19,18.34,14.4,,,,,13.77,12,9,,11,,7,11,15.8,7.72,20.3,11,9.3,9,3.43,,,,,,,25,50,7,,10.5
BYU,Georgia Tech,7,4.99,9.53,4.46,-5.2,4.35,9.43,5.09,8,3.25,2,0.78,6,4.88,-5.83,2.76,7,5.35,5,6.38,9.35,3.08,-6.25,5.49,4.3,3.38,6.69,,5.4,,5,,12,,,,4,4,7,,3.31,3.61,5.5,2.77,,2.8,5,4.1,7,14.2,7.08,12.1,5.5,,,,,7.49,2.9,2,,9,,4,14,6.4,-1.3,3.3,-4,9.3,4,4.48,,,,,,,20,38,7,,8.23
Ball St.,Kent,13.5,16.52,27.52,14.46,21.11,17.4,10.28,15.38,24,13.5,21,21.1,17,17.75,17.92,13.48,14,17.13,25.74,21.12,15.05,25.46,16.51,3.48,8.85,24.89,9.59,,13.6,,16.76,,29,,,,16,11,18,,22.85,7.2,5,17.69,,17.2,17,16.5,14,15.8,15.9,29.44,20.1,,,,,12.7,15.5,19,,17,,6,11,29.3,15.67,23,20,15.7,11,5.92,,,,,,,24,27,7,,13.45
Cincinnati,Temple,20.5,18.79,4.44,21.8,22.53,8.31,16.47,16.16,15,4,17,14.78,17.5,21.91,12.67,17.94,20.5,17.19,5.2,9.76,15.75,11.67,26.78,19.33,8.92,7.04,14.12,,5.2,,17.25,,19,,,,22,19,19,,15.23,15.63,21,23.18,,23.3,14,24.3,20.5,14.9,20.55,35.62,13.2,,,,,15.86,23.6,14,,19,,10,21,23,16.48,-2.5,17,23,13,6.24,,,,,,,20,38,7,,20.56
Clemson,Boston College,23,22.19,28.17,23.31,28.92,18.33,28.39,21.03,26,20.75,26,24.85,26,23.44,42.59,32.99,24,26.28,23.05,22.81,30.05,34.83,34.4,29.57,26.47,23.81,33.59,,14.3,,26,,27,,,,27,21,23,,23.85,28.72,29,27.01,,26.3,21,25.4,23.5,28.1,25.12,29.83,25.6,,,,,23.73,25.2,25,,30,,14,34,31.6,12.31,13.7,21,31.2,26,5.21,,,,,,,14,24,7,,26.15
Colorado St.,San Jose St.,3.5,0.88,5.85,4.5,8.25,1.43,-2.87,0.78,4,-2.5,0.25,2.24,-2.5,1.04,-0.82,-0.34,3,0.7,-1.88,2.68,3.85,-3.46,-2.64,-20.47,2.97,0.67,-5.71,,1.4,,0.83,,12,,,,0.01,0,4,,0.55,-4.44,-9.5,3.19,,5.7,0.01,1.5,3,3.5,1.08,2.92,-1.1,,,,,-3.03,1.2,6,,-4,,-2,-3,17.7,6.99,7.3,1,-5.1,2,5.34,,,,,,,34,27,7,,2.01
Connecticut,South Florida,4,5.99,10.08,4.71,2.79,7.16,4.61,6.03,4,9,4,7.9,3,6.03,-2.79,2.99,4.5,4.87,11.32,2.62,4.25,2.04,1.05,3.32,3.66,4.67,2.8,,5.2,,4.46,,7,,,,-2,6,6,,3.88,9.6,1,6.96,,4.3,4,3.9,4,1.8,5.08,0.94,4.1,,,,,7.09,2.9,10,,7,,-2,-3,15.9,-0.69,7,-1,4.2,4,3.88,,,,,,,13,10,7,,3.03
Duke,Navy,4.5,-0.53,-5.37,2.66,-1.51,-0.01,8.78,-0.45,-5,10.5,1,-3.43,-0.5,-0.59,6.01,-1.57,3,1.19,-1.11,-0.37,4.75,-4.67,-1.16,8.23,2.73,-3.96,4.79,,-0.9,,1,,-2,,,,5,3.5,3,,-0.38,3.03,1.5,1.85,,1.5,3,2.6,3.5,1.1,2.3,0.77,-1.5,,,,,2.86,3.9,-6,,1,,1,13,-13.2,1.88,-4.7,-8,2.2,5,4.64,,,,,,,7,35,7,,0.01
Florida Atlantic,Marshall,-10,-5.85,-14.17,-14.4,-8.7,-9.21,-1.62,-3.64,-2,-4.5,-4,-12.47,-4,-8.15,-6.7,-7.76,-11,-7.16,-7.9,-12.69,-8.25,-10.83,-3.08,-7.66,-1.54,-5.86,-4.25,,-3.6,,-7.71,,7,,,,-10,-13,-8,,-8.53,-8.42,-6.5,-10.19,,-11.7,-5,-9.8,-9.5,-2,-8.74,-6.81,-10.7,,,,,-6.46,-8.4,-12,,-7,,-19,-25,15.3,-6.3,-6.1,-13,-7.1,-4,5.69,,,,,,,24,23,7,,-12.08
Florida Intl.,UAB,-6.5,-4.51,2.17,-9.37,-5.81,-6.31,-0.57,-2.49,-9,-2,-6,-13.72,3.5,-6.59,0.73,-6.5,-7,-6.11,-5.24,-12.34,-9.35,5.75,-7.82,0.44,-0.01,0.97,0.01,,-4.6,,-6.4,,-10,,,,-5,-6,-7,,2.42,-16.73,3.5,-4.64,,-11.8,-6,-13,-6.5,-8.7,-7.92,-11.27,-2.3,,,,,-7.47,-13.3,-20,,-10,,-8,-7,-9.9,-1.92,-9.6,-8,-1.4,5,5.24,,,,,,,27,24,7,,-9.42
Georgia,Missouri,6.5,7.03,8.25,8.49,-0.01,2.73,9.6,5.49,4,7.75,7,4.27,9.5,8.47,11.45,8.49,8,7.33,0.62,2.01,7.95,8.58,12.51,15.49,11,7.06,14.86,,6.5,,7.98,,-4,,,,8,11,9,,5.65,10.52,13,11.64,,4,4,4.4,1.5,2.6,8.36,11.97,2.9,,,,,9.72,3.7,2,,8,,7,14,10.4,0.1,2,-5,9.7,9,4.38,,,,,,,41,26,7,,4.43
Georgia St.,Troy St.,-15.5,-10.23,-4.87,-13.92,-9.89,-8.4,-3.92,-12.42,-13,-7,-24,-11.05,-18,-8.14,-22.08,,-17,-13.01,-19.23,-10.65,-12.85,8,-20.43,-25.68,2.73,5.14,-18.67,,,,-13.01,,5,,,,-24,-16,-13,,-4.77,-16.2,,-11.94,,-14.3,-14,-21.6,-15.5,-16.2,-15.11,-22.37,-10.3,,,,,-13.01,-21.8,-21,,-11,,-6,-10,-15.5,-15.52,-6.8,-17,-15.3,-22,6.70,,,,,,,35,28,7,,-12.5
Houston,Memphis,8.5,13.82,18.28,12.03,19.6,7.49,9.28,15.87,20,-2,16,13.35,21.5,11.85,15.91,10.59,8.5,11.87,9.46,10.29,9.35,22.79,6.17,13.08,4.97,7.48,12.96,,13.6,,10.8,,8,,,,17,10.5,10,,21.02,8.65,5,7.61,,11.1,14,8.3,8.5,9.1,10.11,7.3,11,,,,,9.72,7.6,9,,12,,6,13,29.8,13.37,11.8,17,15.1,10,5.39,,,,,,,15,25,7,,14.02
Kansas St.,Baylor,-17,-9.57,-33.75,-11.27,-15.9,-21.72,-9.67,-15.27,-28,-14,-16,-28.62,-3.5,-5.07,-18.84,2.4,-17,-13.9,-23.14,-31.77,-25.35,-16.67,-19.61,-4.04,-18.18,-29.17,-11.06,,-15.9,,-14.47,,-23,,,,-14,-10.5,-9,,-16.25,-9.09,8,-14.99,,-9.2,-8,-11.6,-17,-14.4,-14.53,-24.62,-19.2,,,,,-5.71,-9.8,-35,,-16,,-5,3,24.5,-13.36,-34.2,-38,-16.3,-6,11.61,,,,,,,35,25,7,,-12.45
Kentucky,Alabama,-26,-24.47,-16.17,-27.59,-25.2,-14.63,-30.94,-28.93,-15,-16.25,-22,-23.13,-25.5,-20.51,-41.56,-34.19,-28,-25.05,-27.1,-18.48,-24.25,-39.5,-32.75,-30.15,-21.53,-17.76,-24.1,,-19.6,,-25.35,,-26,,,,-26,-27,-27,,-25.96,-20.54,-34,-20.95,,-22.6,-28,-32.4,-26,-32.2,-26.24,-27.57,-12.8,,,,,-24.29,-29.6,-25,,-30,,-15,-28,-16.3,-21.35,-24.3,-24,-40.5,-49,6.05,,,,,,,48,7,7,,-23.2
LSU,Florida,7,7.54,8.27,8.6,2.05,6.37,11.24,8.39,8,11.25,5,7.37,8,6.68,8.05,4.17,6.5,8.35,7.48,9.64,13.45,5.58,4.42,12.13,6,6.23,13.82,,4.6,,7.88,,4,,,,14,6.5,9,,5.31,10.49,4,7.39,,9.5,8,10.5,7,15.2,7.75,1.97,9.5,,,,,7.71,8.1,16,,16,,5,4,7,0.88,2.4,4,13.8,7,3.61,,,,,,,6,17,7,,11.42
Louisville,Rutgers,19,17.8,35.6,17.8,20.2,20.69,11.76,18.34,27,22.25,17,22.42,11.5,17.43,18.99,19.11,19,19.3,20.1,27.88,21.15,21.42,21.38,13.41,14.7,24.31,21.45,,17,,18.17,,32,,,,18,17,16,,16.2,14.47,9,21.86,,17.2,15,23.4,19,16.7,18.59,29.21,24,,,,,15.87,22.2,26,,21,,12,4,32.1,10.1,22.3,13,13.4,9,6.01,,,,,,,10,24,7,,17.53
Maryland,Virginia,5.5,17.35,16.69,7.78,14.11,16.28,10.92,17.8,17,2,11,18.39,10.5,17.08,19.84,12.35,7,12.66,15.83,12.28,15.05,21.38,22.15,7.18,9.26,15.15,9.92,,5.7,,12.05,,9,,,,10,4,11,,18.39,0.75,5.5,8.29,,12.1,8,11.5,6.5,12.8,9.06,15.42,13.1,,,,,6.66,9.2,16,,12,,4,22,28.9,13.56,11,11,16.1,13,5.49,,,,,,,26,27,7,,10.32
Massachusetts,Miami (Ohio),6,8.31,6.59,5.71,10.47,9.34,8.51,9.1,3,20.5,1,11.84,-1,7.76,4.63,-0.32,4,5.99,12.41,11.31,11.85,2,-0.12,-12.14,3.65,9.9,1.17,,,,5.7,,5,,,,2,2.5,5,,4.67,-4.49,,2.11,,5.7,5,2.8,6,10.1,4.61,9.81,8,,,,,5.33,0.7,12,,8,,-1,10,14.5,5.46,11.9,1,11.9,5,5.60,,,,,,,10,17,7,,4.9
Michigan St.,Indiana,9.5,9.98,-7.22,13.1,10.58,-5.76,11.66,12.66,3,11.25,8,-6.54,15,7.08,14.42,12.78,9,8.07,-0.34,-4.72,6.45,11.58,12.44,15.11,7.2,-0.27,11.08,,8,,8,,5,,,,16,6,7,,6.66,8.69,13,5.36,,8.6,8,10.8,9.5,4.8,8.98,14.26,-1.5,,,,,5.84,12.2,-4,,8,,3,11,28.8,3.29,4.9,-1,22.3,8,7.00,,,,,,,28,42,7,,8.68
Mississippi,Texas A&M,-7,-5.31,-0.62,-5.74,-3.43,-9.23,-8.79,-3.77,3,-10.5,1,-6.67,-5.5,-6.47,-2.54,-10.1,-5.5,-4.27,-3.72,-13.23,-13.75,-13.96,-3.4,-4.58,-9,2.11,-6.76,,-4.9,,-4.92,,-6,,,,-4,-5,-10,,-4.83,-1.63,-14,-0.94,,0.01,-4,1.1,-7,-5.7,-5.35,-4.93,-4.2,,,,,-8.04,1.1,-5,,-10,,-11,-6,32.6,-6.09,-12,-11,-9.1,-9,6.90,,,,,,,41,38,7,,-4.03
Mississippi St.,Bowling Green,11,6.61,10.36,9.01,4.12,-0.38,4.35,6.76,3,0.75,2,7.85,2,6.5,10.16,19.34,10,6.89,8.16,6.96,7.85,3.08,7.64,-0.64,2.46,9.96,8.49,,4.1,,6.98,,6,,,,10,8.5,8,,1,2.21,9.5,11.16,,7.2,5,10.3,10.5,4.3,8.11,10.23,8.3,,,,,5.9,11.6,2,,4,,5,10,20,-2.85,3.5,-4,2,4,4.86,,,,,,,20,21,7,,9.2
NC St.,Syracuse,6.5,2.3,2.28,2.8,-2.94,2.27,-0.76,1.89,7,-7,1,-1.21,6,2.77,-8.24,8.6,7,0.92,-1.56,-1.95,-5.05,-3.33,-10.07,0.74,7.14,3.49,-1.39,,4.7,,1,,-3,,,,-2,4.5,0.01,,1.91,-1.85,1,7.17,,5.1,1,-0.5,5.5,-2.4,3.09,5.88,2.1,,,,,-1.45,-2.3,-11,,-4,,1,10,11.2,-2.6,8.6,1,-1.3,-2,4.73,,,,,,,24,10,7,,0.94
North Texas,Middle Tenn.,6,9.09,14.79,5.18,9.51,10.39,3.78,6.73,11,4.5,6,12.87,5,11.54,7.65,14.42,7,7.67,9.33,8.04,4.45,6.5,9.45,-3.93,6.25,10.96,2.44,,7.9,,7.63,,13,,,,9,4.5,4,,9.07,4.38,4,7.6,,5.5,8,9.4,6,4.9,6,4.59,9.3,,,,,8.04,9,15,,5,,2,-1,26.3,4.06,12.8,5,2,6,4.83,,,,,,,7,34,7,,2.2
Northern Ill.,Akron,23.5,23.73,18.66,19.6,24.27,18.55,29.38,23.24,27,7,29,23.57,30.5,24.28,29.5,33.77,23,25.3,21.11,22.88,22.25,27.63,28,40.97,17.03,22.99,30.77,,19.3,,24.55,,28,,,,31,21.5,25,,30.62,21.11,26,22.27,,23.1,23,25.5,23.5,26.6,24.82,30.66,20.8,,,,,26.21,25.5,23,,29,,16,21,32.6,19.78,18,23,35.8,38,5.72,,,,,,,20,27,7,,25.68
Ohio,Central Mich.,19.5,19.37,36.85,18.25,21.51,26.84,14.02,16.57,28,17,22,33.44,19,22.34,32.37,15.31,17.5,21.54,28.22,32.17,25.85,20.75,24.91,21.05,9.59,31.86,24.31,,16,,21.02,,18,,,,21,10.5,24,,26.47,14.76,13,20.51,,19.2,18,20.2,19.5,21.3,19.22,26.71,23,,,,,14.53,17.9,28,,24,,13,10,29.6,20.46,24.1,20,16.1,16,6.29,,,,,,,26,23,7,,16.99
Penn St.,Michigan,-2.5,0.4,3.74,-3.17,0.81,1.46,0.67,-1.74,2,2.75,-4,3.68,-4,3.02,-17.74,2.86,-1.5,-1.01,3.43,0.6,2.05,-8.25,-5.02,-7.84,-1.6,2.73,-7.95,,-1.7,,-0.39,,-12,,,,-2,-1,-9,,-5.39,-0.28,1,0.61,,0.01,-3,-4.2,-2.5,1.9,-1.16,8.22,2.1,,,,,-1.67,-4.1,-2,,3,,1,-4,18.5,-4.07,-6.4,-9,-8.8,-11,5.37,,,,,,,40,43,7,,-4.38
Purdue,Nebraska,-13,-13.08,-30.77,-17.2,-24.2,-26.04,-10.63,-10.78,-18,-6.25,-18,-27.03,-13.5,-15.59,-26.55,-14.21,-14,-17.08,-25.55,-30.31,-23.25,-30.5,-23.32,-11.79,-8.01,-24.3,-14.1,,-11.9,,-16.03,,-24,,,,-16,-14.5,-21,,-22.2,-7.83,-7,-17.48,,-18.9,-16,-18.8,-13,-19.4,-14.32,-16.05,-16.3,,,,,-12.66,-17.3,-22,,-16,,-10,-14,-10.2,-18.88,-18.5,-27,-19.8,-17,6.29,,,,,,,44,7,7,,-12.08
TCU,Kansas,24.5,24.6,36.68,24.7,17.82,26.19,31.1,23.66,27,17.5,16,33.16,18,25.61,24.07,26.94,25,26.01,28.12,33.38,27.75,36.54,27.5,15.94,6.54,30.38,28.06,,25.6,,26.56,,18,,,,31,24,26,,21.96,34.17,21.5,28.96,,25.5,26,28.3,24.5,27.7,27.47,31.03,23.9,,,,,21.85,26.1,35,,34,,14,35,30.5,8.9,28,10,24.8,15,7.05,,,,,,,17,27,7,,28.8
Texas,Oklahoma,-11,-11.94,-10.28,-7.04,-14.59,-13.52,-8.35,-12.66,-10,-11.5,-15,-12.32,-17,-11.23,-28.98,-10.04,-13,-10.7,-11.41,-15.01,-4.9,-19.38,-19.77,-15.96,-12,-12.35,-9.6,,-8.2,,-10.4,,-20,,,,-8,-11.5,-9,,-17.71,-7.84,-5.5,-6.32,,-9.1,-8,-5,-11,-4.6,-10.83,-12.45,-9.5,,,,,-5.31,-3.4,10,,-4,,-6,-18,-6.9,-12.49,-18.7,-13,-17.1,-13,5.66,,,,,,,20,36,7,,-9.32
Texas St.,Louisiana-Monroe,7,12.4,17,5.8,18.89,8.21,9.05,10.38,15,7.5,8,17.49,6.5,14.55,0.48,12.9,6.5,9.13,13.06,13.12,17.45,8.58,4.17,-0.58,9.85,11.05,8.04,,,,9,,13,,,,8,7,9,,10.25,-1.82,,0.32,,5.9,-1,-0.5,7,14.7,6.29,4.55,13.1,,,,,2.71,-1.4,16,,13,,6,17,28.9,11.28,13.3,9,10.6,6,6.23,,,,,,,21,14,7,,6.55
Texas Tech,Iowa St.,14,18.46,26.6,11.8,21.15,15.79,10.15,20.63,31,9.75,24,23.13,22,16.59,24.62,11.86,14.5,18.14,21.42,19.23,16.65,29.96,23.39,15.7,14.65,22.05,16.88,,16.1,,16.94,,13,,,,17,17,16,,27.48,18.05,7,14.97,,20.9,16,14.3,14.5,17.8,16.57,22.32,18.1,,,,,14.3,13.5,27,,14,,8,10,30.6,16.67,26.2,24,20.6,13,5.67,,,,,,,35,42,7,,18.03
Texas-San Antoni,Rice,-1,-5.66,1.33,-6.11,-9.34,-3.64,-11.71,-5.35,1,-0.25,-5,-1.41,-3.5,-5.9,-0.88,-11.96,2,-4.45,-2.91,-6.58,-10.05,-13.71,-11.09,-9.81,4.11,6.76,-7.82,,,,-5,,-6,,,,-12,-3.5,-11,,-7.86,-2.47,,-3.24,,-6.2,-5,-5.8,-1.5,-7.8,-2.31,2.14,-3.5,,,,,-2.48,-5.6,-1,,-8,,-4,-4,8.8,-8.08,-15,-9,-9.7,-8,4.75,,,,,,,27,21,7,,-4.56
Tulane,East Carolina,-10.5,-7.64,-11.93,-9.1,-6.48,-10.85,-9.47,-7.5,-7,-11.5,-9,-14.91,-5.5,-7.7,-7.4,-11.58,-10,-10.33,-9.77,-15.3,-12.25,-17.75,-20.85,-3.97,-1.06,-14.13,-4.84,,-7.1,,-10.16,,-7,,,,-6,-11,-11,,-11.82,-9.94,-12.5,-10.32,,-11.8,-9,-14.2,-10.5,-9.4,-10.84,-16.75,-11.7,,,,,-11.69,-13.7,-13,,-15,,-9,-24,-10.9,-7.04,-7.3,-8,-8,-9,4.16,,,,,,,33,36,7,,-13.29
UCLA,California,25.5,27.63,34.74,24.76,36.52,29.13,25.8,29.76,28,19.75,33,34.82,24.5,25.67,37.97,28.27,24.5,27.89,41.66,31.2,32.15,35.04,29.36,24.79,23.62,30.41,24.22,,18.8,,27.66,,37,,,,27,23,24,,31.38,28.88,19,22.47,,25.4,24,27.3,25.5,31.7,25.82,27.69,28.4,,,,,24.01,26.7,36,,32,,12,21,32.6,18.07,24.4,32,27.8,23,5.62,,,,,,,10,37,7,,25.49
UNLV,Hawaii,7.5,6.58,6.4,10.54,16.33,4.12,4.33,7.78,8,-6.5,15,4.15,12.5,5.45,13.77,3.67,9,6.08,9.6,6.83,2.85,-1.96,0.51,9.64,3.1,1.07,3.9,,0.01,,5.8,,-9,,,,3,6.5,4,,10.99,4.67,6.5,4.21,,9.4,3,5.9,7.5,7.5,6.63,8.87,1.6,,,,,1.46,5.7,9,,1,,2,6,28.2,18.71,-5.6,15,6.9,11,5.67,,,,,,,37,39,7,,5.59
USC,Arizona,6,1.35,-9.06,5.7,2.21,-2.17,4.16,0.21,-2,3,1,0.97,6,2.76,-0.19,5.24,6,1.08,-5.23,0.75,5.75,2.58,-4.63,2.72,-0.3,-5.79,4.26,,3.9,,2.21,,-7,,,,8,6,4,,-0.17,-1.45,8.5,7.02,,-1.2,4,-2.8,5,0.8,3.98,2.94,0.01,,,,,5.24,-3.7,-10,,3,,3,7,-11.1,-1.49,4,-10,2.2,5,4.89,,,,,,,31,38,7,,5.73
UTEP,Tulsa,-10,-5.65,-0.44,-9.97,7.67,-6.27,-11.23,-6.41,1,-3.25,-7,-5.15,-8.5,-4.8,-9.19,-12.81,-10.5,-6.19,-7.29,-9.76,-7.15,4.79,-12.96,-13.56,4.51,-3.4,-10.05,,-6.2,,-7,,-7,,,,-7,-10,-10,,-3.64,-15.63,-8,-9.31,,0.6,-12,-5.6,-9.5,-5.9,-9.48,-8.19,-6,,,,,-10.79,-6.5,-5,,-11,,-6,-3,19.9,-8.66,-8.8,-1,-11.7,-13,6.09,,,,,,,34,20,7,,-8.44
Utah,Stanford,-7,-5.59,-9.65,-6.06,-5.87,-7.68,-10.58,-6.55,-6,-9,-13,-8.62,-14,-4.45,-30.45,-15.3,-9,-9.23,-10.39,-8.52,-6.95,-11.63,-13.46,-13.09,-12,-6.77,-7.31,,-7.8,,-8.64,,-10,,,,-11,-10,-9,,-8.55,-16.5,-8,-7.72,,-11.4,-9,-18.2,-7,-11.6,-8.66,-1.45,-0.5,,,,,-3.48,-19.2,-9,,-6,,-2,-7,6.5,-9.46,-8.5,-12,-16.4,-14,5.42,,,,,,,21,27,7,,-7.28
Utah St.,Boise St.,-5,3.59,4.81,2.07,17.32,3.21,8.51,2.02,7,12.75,8,5.73,1.5,5.63,-2.15,-6.71,-6.5,4.51,4.92,2.91,6.85,-2.54,-9.44,2.64,6.17,5.84,-0.17,,7.4,,4.87,,8,,,,1,-7.5,-2,,2.67,7.58,4,2.68,,6.7,2,4.2,-3.5,9.5,-0.61,7.71,9.4,,,,,9.4,4.4,2,,9,,-1,11,26.1,-1.37,10.3,-3,1.5,2,6.07,,,,,,,34,23,7,,-6.5
Virginia Tech,Pittsburgh,7,12.12,8.4,9.76,14.65,5.23,6.3,12.03,15,6,13,9.7,14,12.29,11.34,6.8,9,10.38,9.31,5.41,9.15,13.42,12.22,8.58,6.1,12.12,6.43,,6.5,,9.88,,12,,,,17,7,11,,10.18,10.15,2,9.37,,16.3,10,14.6,7.5,6,9.26,10.69,12,,,,,6.78,14,8,,9,,3,8,29.2,4.65,9.2,5,8,10,4.43,,,,,,,9,19,7,,6.81
Washington,Oregon,-13,-4.92,-6.09,-16.68,6.27,-1.74,-14.66,-11.8,-7,-21,-1,-8.81,-7.5,-0.23,-2.01,-6.8,-13,-8.36,-9.47,-6.72,-15.25,-4.58,-17.65,-4.72,-5.5,-6.3,-12.47,,-14.3,,-8.5,,8,,,,-15,-10.5,-10,,-0.67,-5.89,-18.5,-14.16,,-8.6,-7,-8.4,-12.5,-10.4,-10.88,-7.16,-9.9,,,,,-7.75,-7.3,-15,,-12,,-5,-10,10.2,-0.38,-23.2,-10,-16.7,-5,6.20,,,,,,,45,24,7,,-14.84
Washington St.,Oregon St.,2.5,5.63,9.86,-2.43,5.93,5.98,-6.11,5.41,13,-1.25,7,9.31,2,5.93,13.22,-6.3,2,1.4,6,5.65,-0.65,-2.42,-4.16,-9.75,3.95,0.22,-4.71,,-2.5,,-0.19,,5,,,,-5,0,2,,2.42,-8.47,-15.5,1.98,,3.7,-2,-2.7,0,-2.6,-0.59,-4.2,3,,,,,-1.89,-5.5,13,,-6,,-1,-7,29.7,4.74,-0.7,3,-3.6,1,7.56,,,,,,,52,24,7,,-1.4
Western Mich.,Buffalo,-10,-12.78,-20.84,-9,-13.47,-17.11,-10.65,-15.59,-20,-9.5,-17,-20.92,-7.5,-10.07,-15.49,-8.98,-11,-12.4,-26.94,-24.58,-19.45,2.17,-19.77,-10.67,1.1,-19.18,-6.64,,-4.2,,-12.39,,-12,,,,-7,-7.5,-16,,-14.48,-8.53,-2,-7.82,,-13.7,-8,-13.9,-10,-15,-11.57,-15.23,-7.5,,,,,-6.69,-13.8,-21,,-17,,-5,-10,4.2,-18.68,-10.1,-20,-17.8,-11,6.50,,,,,,,33,0,7,,-9.38
Wisconsin,Northwestern,10.5,12.09,10.52,8,7.43,6.77,6.28,10.96,8,8.25,5,15.15,7,13.38,4.15,10.61,11,9.19,9.72,11.52,13.05,5.92,12.41,-5.62,-1.8,4.99,7.67,,9.7,,8.28,,8,,,,16,9.5,8,,1.65,3.74,9,9.08,,9,9,5.8,10.5,12.9,10.47,21.44,8.3,,,,,14.75,5.9,17,,12,,7,7,30.1,-3.94,6.7,2,7.8,-4,6.09,,,,,,,6,35,7,,12.65
Wyoming,New Mexico,13.5,17.27,16.19,14.09,14.77,18.79,11.02,17.17,22,11.5,17,20.17,18.5,17.54,4.51,18.31,15.5,14.99,21.87,12.34,5.55,7,21.56,8.76,5.65,17.96,11.35,,15.9,,14.89,,18,,,,14,10,10,,13.79,10.09,8,16.73,,7.9,16,13,13.5,11.9,13.74,11.58,16.9,,,,,14.65,11.4,23,,15,,8,17,32.8,5.4,22.3,11,18.5,10,5.39,,,,,,,31,38,7,,13.9
Alabama,Arkansas,29,29.75,33.87,31.54,32.33,25.66,32.65,31.22,31,26.25,27,33.03,29.5,28.61,36.46,28.76,27.5,31.48,35.21,34.9,36.15,35.5,24.78,27.03,24.76,,28.64,,27.1,,31,,30,,,22.3,32,28,32,,29.48,28.36,33.5,24.8,,31.1,32,42.7,29,41.1,33.05,49.82,25.5,,,,,29.6,41.1,32,,42,44.05,20,31,,16.55,30.6,25,41.8,40,6.13,,,,,,,0,52,8,,29.65
Arizona,Utah,4,1.87,1.1,2.2,0.64,-0.14,-2.63,0.63,4,4.5,1,-0.23,-1,3.15,-7.27,7.16,4,0.63,-6.27,-6.09,-7.35,-4.4,5.8,-4.16,2.5,,-4.27,,-0.3,,0.64,,-11,,,-3.8,4,4.5,-5,,-3.23,8.13,3,4.8,,7.2,3,8.8,3.5,-2,3.46,1.32,0.01,,,,,0.3,10.3,4,,-1,-5.83,2,3,,-2.56,-12.7,-1,-4.5,-8,4.08,,,,,,,24,35,8,,0.01
Arizona St.,Washington,3,1.54,-4.88,3.86,-4.14,0.29,4.93,0.29,1,13.25,2,0.4,2.5,2.99,1.02,12.9,3,1.95,-7.16,1.02,4.95,1.3,-0.52,0.3,-3.75,,4.06,,-0.3,,2,,-2,,,4.2,5,3,3,,1.55,2.69,7,4.77,,4.1,2,-0.9,3,-1,2.3,1.1,2.7,,,,,4.95,-0.6,-6,,8,-0.66,6,6,,-1.23,-5.9,-1,5.5,4,4.14,,,,,,,24,53,8,,4.97
Baylor,Iowa St.,33,21.99,38.03,21.85,29.66,28.1,24.01,23.26,38,26.5,35,38.61,25.5,20.54,41.27,28.42,34,27.89,28.02,34.71,33.75,35.75,36.48,20.04,26.79,,24.36,,19.6,,26.79,,19,,,31.5,31,33,21,,29.96,24.14,15,27.76,,23.8,22,25.6,32.5,26.5,28.91,38.22,31,,,,,27.06,23.9,46,,34,40.25,17,18,,17.8,21,38,33.6,19,7.32,,,,,,,7,71,8,,26.03
Boise St.,Nevada,24,19.2,23.01,24.54,17.31,17.28,16.25,17.87,20,18.5,20,24.58,18.5,20.35,16.13,17.14,22.5,20.44,20.26,25.04,23.55,25,26.35,15.71,9.59,,20.75,,13.9,,20.35,,24,,,8.3,26,21.5,24,,18.26,16.14,14.5,20.96,,14.1,18,23.3,23.5,18.6,22.23,26.81,24.7,,,,,20.94,22.1,30,,25,24.51,13,31,,8.17,14.9,16,23.4,13,5.17,,,,,,,17,34,8,,28.95
Buffalo,Massachusetts,19.5,21.27,21.69,18.4,18.41,17.08,21.68,20.03,32,7.75,19,19.66,20,22.39,15.95,28.66,20,20.92,28.89,20.52,20.75,8.7,23.69,15.59,6.25,,20.68,,,,21.22,,23,,,22.3,24,20.5,23,,21.16,23.51,,19.58,,17.7,20,25.2,19.5,24.5,21.38,20.54,13.8,,,,,19.01,24.1,17,,22,35.24,15,28,,23.65,18.3,18,23.6,17,5.25,,,,,,,3,32,8,,21.39
California,Oregon St.,-10,-13.11,-14.1,-10.87,-23.63,-12.33,-19.63,-14.45,-9,-1.5,-18,-15.72,-15,-11.92,-19.5,-15.74,-10.5,-15.37,-23.77,-16.93,-17.35,-25.7,-14.56,-17.68,-11.28,,-16.67,,-9.1,,-15,,-24,,,-14.2,-18,-11,-13,,-20.29,-21.28,-16,-7.01,,-17.2,-14,-19.5,-11,-21.9,-14.35,-14.56,-15.1,,,,,-11.66,-19.9,-14,,-24,-36.36,-7,-11,,-13,-14.5,-22,-19.1,-13,5.54,,,,,,,49,17,8,,-11.7
Central Mich.,Northern Ill.,-14.5,-11.85,-17.49,-15.39,-14.07,-16.71,-13.14,-11,-14,-11.5,-16,-20.83,-15.5,-12.93,-15.47,-21.03,-15.5,-15.72,-14.38,-17.23,-16.55,-27.4,-24.87,-25.54,-12.89,,-13.88,,-13.4,,-14.98,,-22,,,-17.9,-14,-18.5,-15,,-20.6,-5.42,-16,-17.85,,-12.1,-13,-14.2,-1.5,-9.8,-14.01,-14.98,-15.5,,,,,-14.98,-13.8,-18,,-16,-30.65,-9,-24,,-13.84,-20.1,-19,-16.9,-21,4.96,,,,,,,38,17,8,,-12.17
Cincinnati,Connecticut,14.5,15.11,11.83,13.59,21.56,11.35,12.19,12.55,22,-0.75,17,15.52,17,17.75,6.38,21.39,13.5,14.3,4.73,12.86,15.85,17.65,5.06,19.96,10.47,,10.52,,8.5,,15.1,,4,,,12,21,16,13,,15.31,15.97,19.5,14.2,,23.8,14,19.3,14.5,15.1,16.04,23,12.7,,,,,15.4,19.8,20,,17,27.02,8,8,,20.55,3.1,17,19.4,15,5.38,,,,,,,16,41,8,,18.1
Clemson,Florida St.,-3.5,-2.96,-13.42,-4.78,-3.39,-5.45,3.41,-5,-5,1,6,-14.42,8,-1.17,-0.01,-3.69,-3,-2.39,-5.6,-12.46,-7.55,1.95,-10.13,10.14,4.5,,4.61,,-5.3,,-2.96,,2,,,1.6,-4,-3,-2,,2.62,1.94,-3,-2.72,,-2.1,-3,1.2,-3.5,-0.7,-2.46,-3.57,-10,,,,,-6.3,1.7,-15,,-5,1.29,-3,-7,,-2.11,-9,-6,1.5,5,5.64,,,,,,,51,14,8,,-8.03
East Carolina,Southern Miss.,23,24.73,31.28,20.98,37.96,28.91,25.48,24.61,35,27.75,33,36.74,25,24.67,30.86,24.98,22.5,26.86,33.25,36.08,31.55,16.35,19.31,25.58,11.91,,21.18,,21.5,,26.42,,28,,,28.9,21,22,27,,28.56,31.62,21,15.84,,32.2,24,31,23.5,29.8,26.42,34.07,26.4,,,,,19.59,29.3,37,,34,53.8,15,21,,26.18,27.1,25,25.5,38,7.15,,,,,,,14,55,8,,22.89
Eastern Mich.,Ohio,-16,-17.25,-24.03,-14.31,-15.24,-18.39,-12.08,-16.82,-11,-10.75,-14,-26.27,-14.5,-17.99,-25.73,-16.11,-17,-16.55,-20.54,-25.7,-21.15,-6.4,-12.78,-14.32,-3.79,,-17.75,,-12.3,,-16.4,,-15,,,-13.9,-15,-17,-21,,-15.05,-18.86,-12,-12.81,,-16.4,-15,-18.2,-16,-20.1,-17.29,-20.39,-17.4,,,,,-12.29,-16.6,-25,,-17,-23.49,-11,-14,,-20.16,-20.1,-21,-16.4,-18,4.65,,,,,,,56,28,8,,-14.47
Fresno St.,UNLV,25,17.45,20.59,17.98,14.88,17.07,18.23,15.9,21,19.5,25,20.62,21,18.84,18.47,34.87,24.5,20.87,14.62,15.56,22.75,30.5,16.73,23.67,17.81,,27.76,,17.2,,20.86,,25,,,18.2,23,20.5,25,,23.08,17.95,28,22.4,,18.1,20,21.6,24,15,22.32,23.57,22.4,,,,,20.86,21.6,20,,25,33.29,16,28,,10.88,17.6,12,22.6,17,5.02,,,,,,,14,38,8,,23.12
Georgia Tech,Syracuse,7.5,8.26,4.93,9.98,7.39,12.09,2.21,6.87,8,7,9,13.55,6,9.68,1.27,2.37,7.5,6.92,8.95,9.64,2.75,10.5,-0.6,3.05,10.11,,6.82,,8.8,,7.11,,5,,,2.6,8,7,5,,7.11,11.09,6,11.78,,9.4,9,10,7.5,3.2,8.31,12.42,8.7,,,,,12.07,9.5,3,,7,10.04,3,7,,3.45,7,1,-4.5,5,3.42,,,,,,,0,56,8,,7.07
Houston,BYU,-10,-4.6,-7.63,-10.34,3.44,-7.75,-12.02,-2.68,1,-9.75,1,-7.92,0.01,-6.93,4.88,-14.38,-10,-6.82,-9.09,-11.15,-11.15,-7.65,-3.22,-4.77,-0.8,,-12.52,,-6.1,,-7.94,,-9,,,4.6,-9,-10,-10,,-0.75,-7.94,-10.5,-11.33,,-3.4,-6,-12.9,-10,-10.1,-9.92,-13.43,-5.8,,,,,-13.03,-13.3,-2,,-10,20.08,-1,-3,,1.52,-8.5,5,-10.3,-6,6.76,,,,,,,47,46,8,,-9.05
Illinois,Wisconsin,-14,-10.4,-9.61,-14.02,-8.94,-4.35,-24.8,-10.85,-4,-13.75,-7,-9.58,-9.5,-10.16,0.95,-16.13,-13,-12.09,-8.55,-11.27,-17.35,-18.6,-15.79,-3.96,2.4,,-16.02,,-10.9,,-12.2,,-13,,,-1.4,-21,-11.5,-13,,-10.26,-18.12,-21.5,-9.76,,-12.2,-13,-14.9,-14,-20.3,-14.66,-24.13,-5.9,,,,,-15.17,-14.6,-8,,-20,4.22,-7,-18,,-4.08,-8.4,-7,-20.7,-10,6.61,,,,,,,56,32,8,,-14.31
Kansas,Oklahoma,-21.5,-18.19,-21.75,-23.46,-17.83,-16.59,-23.57,-17.14,-12,-21.75,-15,-19.68,-18.5,-19.47,-21.64,-25.47,-22.5,-20.14,-16.8,-20.87,-23.85,-37.9,-18.34,-22.61,-11.18,,-23.26,,-13.1,,-19.68,,-15,,,-16.5,-22,-23.5,-19,,-23.63,-34.78,-21.5,-23.96,,-17.7,-22,-20.2,-21.5,-16.2,-22.16,-18.32,-21.4,,,,,-18.03,-20,-14,,-28,-19.57,-11,-32,,-11.79,-15.2,-16,-27.4,-16,4.77,,,,,,,34,19,8,,-18.91
Louisiana Tech,North Texas,-3.5,-8.32,-22.92,-2.8,-8.52,-17.13,-9.42,-5.7,-13,-3.5,-11,-21.94,-2.5,-11.22,-14.33,0.01,-6.5,-9.72,-22.39,-20.55,-10.65,-10.65,-12.2,-5.39,-1.69,,-5.12,,-6.4,,-9.42,,-15,,,-15.8,-2,-4.5,-8,,-11.91,-14.47,7,-1.74,,-11.7,-7,-13.9,-4.5,-15.7,-8.36,-7.55,-13,,,,,-6.64,-11.9,-16,,-11,-19.86,-3,7,,-17.08,-16.3,-11,-4.4,-10,7.23,,,,,,,28,13,8,,-3.62
Louisville,Central Florida,14.5,11.61,13.97,14.7,14.91,9.93,6.77,13.12,10,8,11,14.33,11.5,9.86,11.39,15.55,12.5,11.13,11.33,11.9,9.85,9.85,6.34,8.89,13.5,,15.66,,10.8,,11.5,,2,,,6.5,15,13,11,,9.49,12,2,13.35,,13.1,12,17.6,14,2.4,13.58,20.79,12.6,,,,,10.8,17.2,13,,13,13.66,6,3,,6.33,10.7,11,5.2,7,3.84,,,,,,,38,35,8,,12.78
Memphis,SMU,3.5,2.1,11.76,-0.01,10.06,9.77,1.06,0.71,12,-0.75,6,12.37,-1.5,3.34,8.48,0.01,3,3.74,8.49,12.99,4.75,0.7,-1.13,-1.39,6.73,,-1.09,,2.7,,2.8,,6,,,-0.01,3,2.5,2,,4.89,5.77,-1,-3.04,,5.2,1,2.8,3.5,10,3.06,8.45,8.6,,,,,0.46,0.4,11,,1,2.78,2,-1,,3.69,6.1,8,0.7,3,4.60,,,,,,,34,29,8,,1.21
Miami (Ohio),Akron,-7,-7.26,-10.73,-10.28,-9.37,-8.48,-4.81,-8.84,-9,-10.75,-9,-11.48,-5.5,-5.89,-10.76,-8.17,-7,-7.26,-15.5,-10.18,-11.25,9.3,-11.54,3.49,0.84,,-1.8,,-5.8,,-8,,-9,,,-12,-1,-6,-7,,-1.82,-0.36,2.5,-5.14,,-7.5,-6,-9.2,-7,-10.6,-7.04,-10.53,-7.6,,,,,-6.35,-7.1,-11,,-11,-15.5,-2,10,,-15.4,-19.8,-10,-5.6,-8,5.24,,,,,,,24,17,8,,-7.89
Michigan,Indiana,9.5,7.74,1.87,13.42,10.68,0.91,13.54,8.02,9,16.25,13,-1.57,17.5,7.23,12.55,21.73,7.5,9.74,-0.33,-0.61,8.05,16.1,13.4,19.41,5.95,,15.78,,5.7,,9,,8,,,11,19,12,9,,11.33,10.45,19,12.3,,8,10,11.1,9.5,5.6,8.92,3.69,3.7,,,,,10.62,11.6,4,,9,13.98,7,14,,3.79,0.6,7,19.5,8,5.55,,,,,,,47,63,8,,9.94
Michigan St.,Purdue,27,27.17,31.1,25.42,39.12,29.13,26.19,26.99,32,10.75,24,31.26,22,27.18,27.37,18.65,27,27.08,31.71,34.98,30.55,37.3,30.4,19.86,17.97,,23.86,,21.7,,28,,31,,,26.4,28,24.5,28,,32.45,20.54,18,18.54,,33.7,26,31.6,27,32.9,28.24,40.82,24.1,,,,,21.17,29.6,30,,31,41.98,14,24,,25.54,26.9,24,31.1,34,6.32,,,,,,,0,14,8,,29.02
Mississippi,LSU,-9.5,-7.17,-9.04,-6.06,-14.33,-10.04,-4.19,-4.65,-6,-12,-11,-10.44,-14.5,-9.51,-7.89,-11.07,-8.5,-7.92,-8.13,-14.01,-10.85,-11.55,-3.5,-10.98,-9.2,,-7.64,,-4.5,,-8,,-8,,,-8.7,-6,-9.5,-7,,-7.88,-9.17,-6,-5.03,,-4.4,-5,-3.5,-9.5,-6.6,-7.36,-9.15,-8.8,,,,,-6.42,-2,-12,,-6,-2.82,-6,-10,,-7.26,-9,-14,-8.1,-6,2.98,,,,,,,24,27,8,,-8.6
Missouri,Florida,-3,6.21,8.32,2.24,5.05,8.41,7.61,9.78,13,5.5,10,10.27,9.5,3.17,21.16,-3.61,-3,6.68,12.3,10.78,7.15,6.9,-6,9.59,9.25,,8.34,,5.9,,7.07,,12,,,13.7,6,0,8,,7.93,1.69,-4.5,-1.65,,6.3,6,6.4,-2,10.3,2.72,1.64,9.4,,,,,3.69,5.8,12,,12,29.79,-2,3,,6.47,12.2,11,9.4,11,6.22,,,,,,,17,36,8,,4.68
New Mexico,Utah St.,-11.5,-16.68,-17.15,-16.02,-17.64,-16.1,-17.37,-16.41,-9,-15.5,-14,-22.56,-13,-17.47,-12.96,-18.97,,-16.44,-18.85,-18.84,-18.05,-16.6,-13.58,-18.98,-3.49,,-18.68,,-16.8,,-17.42,,,,,-8,-19,-10,-18,,-13.76,-18.14,-15,-18.09,,-8.7,-19,-17.7,-12.5,-16.5,-17.71,-20.58,-18.9,,,,,-21.87,-17.2,-24,,-24,-13.04,-8,-25,,-16.01,-19.5,-11,-18.1,-14,4.27,,,,,,,45,10,8,,-13.25
New Mexico St.,Rice,-17.5,-21.55,-18.75,-20.18,-22.99,-20.78,-24.15,-23.9,-24,-11.5,-26,-32.5,-24,-19.54,-32.43,-21.89,-18,-22.56,-31.05,-29.13,-24.95,-4.95,-27.43,-20.55,-5.23,,-21.4,,-15.1,,-23.3,,-19,,,-23.8,-24,-20,-22,,-18.65,-25.35,-18,-17.19,,-22.3,-24,-23.9,-18.5,-25.4,-21.58,-24.52,-26.3,,,,,-19.54,-23.3,-27,,-32,-49.76,-12,-14,,-24.52,-20.6,-25,-30.3,-41,6.75,,,,,,,45,19,8,,-17.84
North Carolina,Miami (Fla.),-9,-11.75,-14.93,-5.84,-21.42,-13.83,-10.27,-14.6,-11,-0.5,-16,-10.27,-8.5,-9.27,-16.56,-8.45,-8.5,-11.45,-16.98,-19.9,-8.75,-22.6,-14.12,-10.96,-12.1,,-11.89,,-10.5,,-11.24,,-22,,,-15.6,-12,-9.5,-11,,-20.03,-6.77,2.5,-4.81,,-11.3,-7,-12.8,-9,-12.2,-8.41,-14.41,-18.3,,,,,-4.16,-12,-17,,-9,-18.63,-6,-7,,-16.28,-22.7,-26,-8.4,-15,5.52,,,,,,,27,23,8,,-5.77
Northwestern,Minnesota,12,10.55,11.73,12.93,5.58,9.39,14.95,11.21,10,14.75,8,11.73,10,9.76,9.8,14.11,12.5,12.24,14.09,12.42,13.75,17.35,15.88,7.67,4.4,,14.17,,10.6,,13,,15,,,9.8,16,12.5,13,,12.1,10.79,11.5,14.01,,12.5,13,15.2,12,13.3,13.29,17.23,7.9,,,,,8.96,14,14,,15,19.01,8,17,,6.01,13.4,-1,15.6,11,3.73,,,,,,,20,17,8,,13.81
Notre Dame,USC,2.5,5.16,-7.16,3.96,-2.24,-2.65,8.73,6.84,1,3.25,3,-6.87,6.5,3.03,6.37,0.26,3,3.19,-1.37,-3.25,4.95,6.9,0.01,10.82,6.75,,9.88,,1.2,,3.71,,5,,,4.8,6,0,8,,3.06,12.43,8.5,3.01,,5.2,2,3.6,2.5,3.3,3.71,-3.41,0.6,,,,,6.24,4.8,-8,,7,12.27,3,11,,-1.68,0.3,-1,9.4,7,5.37,,,,,,,10,14,8,,3.95
Ohio St.,Iowa,18,14.83,13.91,16.66,9.47,13.16,18.86,16.03,14,11.5,19,17.95,19,13.35,19.25,12.59,17,17.17,18.39,16.75,16.15,22.25,20.31,20.8,20.3,,23.87,,14.7,,18,,7,,,18.3,22,17,22,,18.16,19.96,12,17.99,,18.2,19,19.3,18,17.5,18.38,17.77,9.4,,,,,16.25,19.5,21,,20,26.13,10,14,,11.31,17.2,13,25.2,19,3.82,,,,,,,24,34,8,,20.82
Oklahoma St.,TCU,7,5.12,6,6.62,13.08,3.63,8.29,4.06,9,11,10,7.82,9,6.08,2.94,6.37,7.5,7.31,1.8,6.49,10.65,8.3,2.15,6.17,12.23,,5.23,,1.7,,8,,11,,,4.1,10,6.5,5,,9.39,9.75,8,8.35,,2.1,9,7.9,7,8.4,8.44,11.26,5.5,,,,,9.58,8.8,8,,14,11.01,4,10,,4.19,-1.1,6,7.2,5,3.07,,,,,,,10,24,8,,9.6
Oregon,Washington St.,40,28.01,37.48,38.17,27.14,28.01,37.72,33.11,34,30.5,28,38.2,30.5,24.52,25.38,36.53,39,33.25,39.63,37.26,40.25,30,32.34,29.54,24.29,,31.71,,34,,33.93,,26,,,16.1,41,37.5,28,,22.83,31.88,37,33.93,,31.9,30,35.7,39,41.7,36.77,52.81,30.3,,,,,29.47,35.1,41,,41,24.67,19,39,,16.03,41.4,24,38.7,26,7.41,,,,,,,38,62,8,,36.09
South Alabama,Kent,7,3.5,7.42,2.32,10.98,6.46,-7.93,3.08,4,-6.5,8,6.62,0.5,3.74,16.29,-0.01,6.5,2.18,11.49,5.19,-4.45,0.2,-4.77,-13.54,6.91,,-1.02,,,,2.16,,16,,,5.2,-1,6,0.01,,6.44,-7.77,,1.35,,-1.5,2,-2.5,6.5,-4.3,2.34,13.91,9.4,,,,,1.84,-2.3,7,,-4,17.52,1,1,,5.1,6.1,6,-7.4,5,6.32,,,,,,,21,38,8,,-1.85
Stanford,UCLA,4.5,1.28,0.14,1.77,-2.34,1.97,6.41,-1.57,4,6,5,-0.97,12,3.97,-9.72,4.01,6,4.03,-3.41,2.41,4.95,1.95,8.77,9.14,2.75,,7.11,,2.9,,4,,3,,,3.7,9,7,4,,3.17,11.42,6,4.87,,7,4,9.8,4.5,6.7,5.75,0.01,-1.9,,,,,7.13,9.5,3,,9,-5.85,4,7,,-1.98,-6.6,-4,7,4,4.56,,,,,,,10,24,8,,1.84
Temple,Army,-1,0.01,-2.65,0.13,-8.09,0.7,-0.31,-1.74,-9,9.5,-8,0.88,-4.5,1.65,-5.96,3.61,2.5,-1.51,-4.46,-2.01,0.35,8.8,-4.16,-4.5,2.26,,-2.44,,2.6,,-0.31,,-9,,,-7.3,4,3,-2,,-2.3,3.02,4,1.28,,-6.6,1,-2.7,-1,-5,0.15,-9.39,0.2,,,,,6.1,-0.3,-2,,-10,-7.07,4,7,,-15.42,-3.5,-12,-0.2,-6,5.20,,,,,,,14,33,8,,0.99
Tennessee,South Carolina,-7,-6.07,-5.41,-11.68,-8.03,-4.22,-11.05,-4.43,-2,-14,-8,-7.74,-10.5,-8,-7.48,-7.63,-7,-9.18,1.09,-6.23,-13.75,-16.2,-17.16,-14.64,-12.07,,-14.06,,-1.4,,-9,,-17,,,-7.8,-9,-7,-9,,-9.36,-10.74,-10.5,-8.85,,-9.7,-8,-11.6,-7,-9.6,-9.59,-16.72,-7.5,,,,,-11.57,-12.2,-4,,-14,-11.27,-4,-11,,-3.94,-2.2,-7,-16.3,-6,3.88,,,,,,,21,23,8,,-9.47
Texas A&M,Auburn,13,10.65,2.35,13.53,3.47,5.88,19.78,12.53,8,17,3,4.22,10,8.67,4.58,20.04,12.5,11.62,9.43,3.26,16.35,10.85,21.82,10.76,12,,9.93,,10.7,,11.9,,7,,,5.5,15,14,10,,7.58,12.46,30.5,14.72,,11.9,15,14,13,12.9,12.97,10.16,6.5,,,,,16.33,14,5,,22,13.45,13,18,,3.5,10.2,-1,17.6,12,6.14,,,,,,,45,41,8,,13.58
Texas St.,Georgia St.,16,19.22,16.4,14.94,21.03,10.59,9.72,20.34,27,8.5,23,17.23,23,18,24.8,,16.5,18.61,19.43,14.23,23.65,-0.35,13.05,32.29,7.22,,21.76,,,,19.1,,9,,,16.3,28,19,14,,13.35,23.86,,18.18,,21.2,19,21.9,16,19.3,19.73,26.3,19.1,,,,,16.58,23.3,20,,17,29.86,,,,21.08,15,15,15.2,31,5.63,,,,,,,17,24,8,,18.64
Toledo,Navy,9,6.14,12.09,7.84,4.04,4.14,12.38,6.42,14,15.5,3,4.61,6.5,5.68,5.24,6.44,8.5,8.45,13.12,7.28,9.45,9.95,3.93,11.82,2.54,,4.25,,10.8,,9,,12,,,6,8,6.5,7,,7.05,9.04,10.5,4.54,,10.4,9,12.8,9,13.1,9.32,9.74,6.7,,,,,4.61,10.9,4,,12,6.91,4,17,,2.25,10.6,-1,10.2,8,3.82,,,,,,,44,45,8,,10.9
Vanderbilt,Georgia,-7,-6.9,-14.8,-9.39,-3.92,-11.6,-6.67,-6.67,-6,-1.5,-12,-15.41,-11.5,-7.3,-16.69,-9.74,-7,-9.4,-10.77,-14.72,-9.85,-18.55,-3.49,-12.3,-9.15,,-9.06,,-9,,-9,,-24,,,-17.7,-4,-9.5,-7,,-14.33,-5.39,-7.5,-9.77,,-8.6,-6,-9.1,-7,-4.6,-8.24,-17.99,-7.7,,,,,-9.57,-8.4,-12,,-6,-20.12,-5,-6,,-6.38,-12.5,-9,-9.2,-14,4.21,,,,,,,27,31,8,,-6.96
Virginia,Duke,2.5,0.4,-0.24,4.66,-1.69,-4.16,-1.89,3.03,1,-1.75,-2,-4.92,0.01,-2.48,3.59,-1.57,2,-0.57,3.73,-4.43,-3.15,-3.45,-4.59,5.83,-4.02,,5.25,,3.4,,-1.1,,-4,,,-3.2,0.01,3,0.01,,-3.24,-3.23,-0.5,3.97,,-1.1,0.01,-2.1,1.5,-1.3,0.28,5.44,-2.5,,,,,1.05,-3.3,-10,,1,4.59,-2,-4,,-4.35,1.6,-9,-1.7,-2,3.59,,,,,,,35,22,8,,0.48
Wake Forest,Maryland,-4.5,-6.58,-7.79,-6.14,-6.82,-10.19,-1.14,-5.06,1,-6.5,-4,-14.27,-2.5,-8.21,-18.19,-3.59,-6,-5.94,-7.08,-10.03,-11.45,-16.25,-3.44,-10.27,-2.07,,-5.99,,-0.4,,-6.14,,4,,,-9.3,-4,-6.5,-6,,-11.97,5.55,-3,-8.03,,-0.9,-1,-1.7,-4.5,-0.7,-4.17,-11.42,-7.2,,,,,-6.93,0.4,-14,,-8,-15.81,-1,-22,,-8.75,-3.7,-7,-7.2,-13,5.13,,,,,,,10,34,8,,-3.64
West Va.,Texas Tech,-5,-7.95,-10.48,-13.32,-15.93,-5.56,-3.88,-6.26,-4,-3.5,-13,-12.1,-9,-9.66,-6.41,-2.85,-6,-7.76,-4.99,-10.95,-10.05,-15.1,-2.47,-5.76,-8.48,,-4.72,,-5,,-7,,-12,,,-4.6,-6,-9.5,-7,,-11.94,-10.87,-3,-6.59,,-10.7,-8,-7.2,-5,-6.3,-8.82,-24.27,-13,,,,,-9.66,-6.2,-4,,-5,-3.53,-2,-1,,-9.77,-13.6,-18,-3.2,-5,4.49,,,,,,,37,27,8,,-9.44
Western Kentucky,Louisiana-Lafaye,4,3.67,1.12,-1.88,1.21,3.8,-3.02,5.46,,-13.25,8,-0.62,6.5,1.66,7.81,2.52,4,0.43,9.52,-1.43,-6.95,6,-1.01,-4.78,5.55,,-2.13,,4.3,,1.86,,4,,,4.8,-5,6,1,,5.45,-4.05,,2.25,,2.8,4,3.1,4,-3.1,2.06,-0.13,4.2,,,,,3.82,2.1,-17,,-3,12.53,3,-3,,4.45,5.9,2,-1.8,6,6.04,,,,,,,37,20,8,,0.32
Western Mich.,Ball St.,-20,-20.72,-30.08,-19.69,-22.85,-22.12,-19.02,-21.68,-31,-17.5,-29,-29.59,-23,-20,-27.88,-24.95,-18.5,-22.25,-30.7,-29.47,-26.55,-13.6,-16.34,-30.54,-7.7,,-18.11,,-10.8,,-22.2,,-18,,,-22.2,-19,-21,-23,,-24.45,-18.63,-16,-13.61,,-26.2,-17,-24.3,-20,-25.1,-20.68,-26.23,-20.5,,,,,-17.64,-23.2,-34,,-28,-36.53,-9,-17,,-23.81,-20.7,-32,-29.6,-21,6.16,,,,,,,38,17,8,,-18.66
Wyoming,Colorado St.,5,9.1,10.85,5.45,15.15,9.9,5.32,8.33,14,8.5,15,9.99,16,9.74,5.37,11.67,6.5,7.81,12.05,7.96,1.25,12.4,12.21,11.65,6.53,,5.4,,3.4,,8,,11,,,10,6,6.5,1,,11.31,2.81,8.5,5.54,,2.2,6,0.5,5,0.5,4.95,7.12,12.2,,,,,3.32,-0.4,11,,5,17.57,8,11,,-5.67,4.3,12,8.3,6,4.69,,,,,,,52,22,8,,6.95
Air Force,Notre Dame,-20,-18.92,-24.3,-21.68,-17.5,-18.65,-27.86,-19.33,-15,-24.25,-22,-20.01,-20,-18.88,-26.68,-30.68,-20,-23.86,-14.73,-25.57,-28.15,-29,-16.41,-25.37,-12.17,-21.13,-29.97,-42.59,-24.9,,-24.23,-28.36,-36,-35.22,-31.24,-32.4,-25,-19.5,-25,,-28.49,-26.26,-18.5,-19.11,-22.79,-27.5,-23,-32.4,-20,-24.2,-24.74,-25.72,-18.4,-13.44,,-30.83,,-20.45,-33.5,-23,,-25,-36.83,-9,-21,-8.1,-23.51,-26.3,-18,-28.8,-26,6.53,,,,,,,45,10,9,,-20.09
Akron,Ball St.,-10,-10.35,-12.62,-11.81,-9.64,-9.61,-15.55,-9.45,-10,-12.75,-17,-12.27,-13.5,-11.67,-12.51,-22.89,-10.5,-13.48,-15.07,-13.69,-11.15,-19.03,-19.62,-28.11,-6.14,-12.45,-19.04,-16.45,-9.2,,-12.88,-15.38,-14,-18.5,-17.64,-12.1,-15,-11.5,-13,,-18.19,-14.25,-15,-6.7,-14.08,-15.3,-14,-16.5,-10.5,-13,-13.02,-12.47,-9.6,-33.53,,-11.73,,-12.32,-15.8,-11,,-15,-12.77,-6,-13,-7.2,-11.61,-9.4,-18,-20.4,-13,3.99,,,,,,,42,24,9,,-11.73
Alabama,Tennessee,28,26.52,26.37,29.45,27.01,22.66,27.21,26.45,26,28,25,25.87,28.5,26.36,22.28,30.1,28,26.65,22.56,28.15,28.05,21.88,34.56,23.57,25.73,21.08,22.95,24.54,29.2,,26.89,26.77,24,20.38,18.69,16.3,30,26.5,24,,19.22,22.4,29,27.39,26.75,28.4,27,33.5,28,27.8,28.46,42.66,22.8,44.03,,20.56,,30.41,32.2,28,,33,34.72,19,28,30,13.47,26.5,18,32.2,19,4.92,,,,,,,10,45,9,,24.71
Arkansas St.,Louisiana-Lafaye,-2.5,-6,-9.1,-2.65,-5.17,-3.94,-3.11,-6.45,-5,-0.5,2,-8.24,1.5,-5.94,-3.24,0.71,-2.5,-4.78,-3.95,-5.53,-11.65,-9.5,-15.61,0.16,-5.48,-2.78,-10.3,-5.21,1.8,,-4.25,-1.9,-12,1.66,-0.19,-1.9,-6,-1.5,-7,,-3.64,-7.85,7,3.95,-3.99,-8.3,-3,-4.1,-2.5,-11.7,-4.64,-8.62,-5.2,-8.76,,-5.15,,-4.39,-3.2,-6,,-5,-6.69,-2,-1,-14.8,-4.02,2.2,-5,-5.7,-5,4.51,,,,,,,23,7,9,,-3.99
Auburn,Florida Atlantic,24,23.38,25.15,24.78,22.02,19.63,25.41,22.77,20,15.25,24,21.89,24,23.61,24.75,20.09,24,24.21,17.27,25.33,26.95,43.03,21.42,36.54,23.9,19.98,31.57,43.05,23.4,,23.86,27.73,17,36.86,31.81,31,26,28,30,,32.11,14.25,10.5,29.21,21.33,25.2,18,27,24,22.8,23.82,24.76,18.7,24.63,,40.71,,21.59,28.1,26,,21,37.11,11,28,13.3,17,22.9,19,28.9,26,6.46,,,,,,,10,45,9,,22.82
BYU,Boise St.,7,4.43,11.09,3.16,5.23,8.89,10.63,2.63,10,7,11,10.46,7.5,6.06,11.07,2.97,7,8.38,9.52,10.39,8.45,9.34,4.71,8.34,8.58,12.01,7.05,10.51,11.9,,8.47,6.25,17,13.5,9.2,9.4,5,6.5,4,,10.57,8.06,4,3.17,12.48,12.3,6,7.9,7,11,7.2,7.64,8.5,10.9,,2.11,,8.15,8.5,10,,11,9,2,11,16.3,4.9,10.4,-2,6.1,7,3.42,,,,,,,20,37,9,,2.07
Bowling Green,Toledo,4,6.14,4.62,4.88,9.14,7.31,10.2,5.42,6,4.75,7,5.09,4.5,6.47,-5.29,4.09,4,5.21,-3.81,7.12,11.15,0.88,0.88,6.82,6.36,2.2,10.24,-4.82,-2.8,,5.04,-1.26,4,4.38,3.31,1.2,7,2.5,6,,4.45,7.51,-1,4.82,2.88,3.2,5,4.4,4,8.5,5.49,13.79,6.7,7.73,,2.42,,7.17,3.9,8,,11,-2.28,5,10,12.3,4.57,-4.3,3,7.1,-4,3.99,,,,,,,28,25,9,,6.17
Central Florida,Connecticut,24,26.59,35.58,16.6,30.21,26.57,24.06,25.47,42,18.5,28,33.17,25,27.37,38,26.12,23,28.95,22.22,29.95,32.55,35.38,34.47,37.27,16.67,30.69,29.74,44.39,26.1,,27.69,42.65,27,44.54,38.29,35.2,22,23,28,,36.97,21.14,22.5,18.85,32.39,30.3,23,24.5,24,36.3,24.24,28.66,25.5,38.89,,35.9,,20.27,22.8,42,,29,58.2,17,24,31.2,27.83,20.1,24,36.9,46,8.31,,,,,,,17,62,9,,23.52
Colorado,Arizona,-13,-10.66,-18.68,-12.77,-11.45,-12.06,-17.27,-7.94,-11,-16.75,-12,-17.2,-8.5,-13.94,-9.48,-11.1,-14.5,-14.29,-8.86,-17.94,-17.55,-19.69,-24.33,-22.92,-5.56,-11.1,-17.16,-3.13,-13.6,,-14.99,-1.55,-27,-4.74,-2.83,-2,-13,-17,-17,,-13.08,-20.4,-20.5,-11.19,-14.99,-17.9,-15,-25.8,-13,-19.5,-17.59,-17.25,-9.6,-7.8,,1.72,,-15.56,-24.9,-16,,-18,1.61,-9,-25,-18.7,-10.72,-14.3,-15,-19.1,-6,6.07,,,,,,,44,20,9,,-15.08
Florida Intl.,Louisiana Tech,-6,-2.67,-2.4,-8.5,-9.4,-3.19,-1.57,-1.8,-9,-5.5,-3,-7.79,-1,-4.09,5.33,-10.11,-5,-3.85,2.46,-10.45,-10.45,5.47,-11.23,-5.37,-1.27,-0.12,-2.38,10.39,-9.8,,-4.55,3.81,-8,1.9,4.03,8.8,-7,-6,-4,,1.51,-8.59,-8.5,-3.88,-7.64,-9.4,-3,-8.8,-6,-2.7,-6.19,-11.51,-5.3,9.56,,3.63,,-5.09,-9.4,-9,,-5,4.18,-5,-7,7.3,-1.24,-12.2,-8,-1.5,6,5.28,,,,,,,23,7,9,,-7.19
Florida St.,NC St.,32,36.19,51.83,32.22,40.33,37.95,30.01,39.13,44,25,32,52.78,28,33.39,39.25,45.76,32,36.32,36.47,51.46,39.55,42.78,21.71,23.84,23.97,44.94,32.89,46.56,48,,35.25,38.27,34,33.58,31.43,35.4,38,27.5,32,,33.57,27.45,30,25.89,54.57,35.9,33,37,32.5,38.4,33.89,53.12,38.3,59.57,,31.09,,34.6,36,47,,47,52,20,24,34.2,21.41,42.3,30,35.1,37,8.84,,,,,,,17,49,9,,33.98
Hawaii,Colorado St.,-1.5,-2.39,-7,-5.17,-7.64,-3.99,-4.27,-1.53,-3,-3.75,-7,-5.31,-5,-3.67,-4.29,0.61,-3.5,-4.43,3.59,-6.26,-10.25,5,-1.08,-1.05,0.2,-2.2,-4.3,-5.54,-6.3,,-4.28,-7.45,-1,-8.42,-7.19,-3.2,-4,-5,-8,,-4.73,-5.56,-6,-1.62,-4.14,-7.4,-4,-7.8,-2.5,-10.6,-5.13,-3.99,-3.6,-9.13,,3.16,,1.86,-7.5,-4,,-8,-8.65,-2,1,-8.3,-18.68,-7.1,-13,-6.4,-8,3.70,,,,,,,35,28,9,,-4.23
Illinois,Michigan St.,-9,-7,3.06,-9.85,-9.86,-1.41,-11.5,-9.31,1,-6,-10,0.81,-10.5,-5.07,-1.86,-8.03,-10,-6.98,-3.08,0.27,-6.05,-19.16,-14.08,-5.35,-3.82,-0.67,-8.56,-16.16,-8.5,,-8.01,-12.1,-9,-13.38,-12.92,-10.8,-8,-13,-9,,-11.57,-14.2,-15,-6.68,3.47,-7.5,-8,-8.2,-9,-7.3,-9.71,-11.98,0.9,-6.61,,-11.06,,-5.19,-9.2,-4,,-8,-13.76,-2,-10,9.4,-6.52,-9.9,-7,-15.1,-8,5.35,,,,,,,42,3,9,,-8.95
Iowa,Northwestern,4,8.51,9.59,1.68,14.21,6.88,2.67,6.69,13,8,7,8.89,8,9.99,6.12,4.05,4,6.04,1.25,8.27,8.05,8,-1.24,0.79,-0.5,9.47,3.49,6.04,7.8,,6,7.63,6,4.22,3.24,3.8,2,3,5,,7.44,-1.73,1,0.76,10.84,2.6,2,1.7,4,8.3,3.6,15.66,9.2,11,,13.95,,5.17,0.9,7,,6,13.11,6,4,25.7,2.36,5.5,4,4.2,5,4.78,,,,,,,10,17,9,,6.89
Iowa St.,Oklahoma St.,-13,-9.87,-13.12,-14.3,-21.85,-10.41,-8.87,-8.1,-14,-4.5,-19,-14.56,-14.5,-12.06,-13.98,-8.37,-13,-13.28,-1.41,-15.97,-17.15,-24.56,-6.88,-10.09,-10.12,-7.79,-11.15,-20.31,-9.6,,-14.25,-16.96,-15,-22.74,-18.65,-14.2,-17,-17,-12,,-19.12,-17.14,-8,-15.12,-8.68,-16.1,-15,-18.1,-13,-9.3,-15.06,-23.41,-14.3,-2.66,,0.47,,-14.36,-17.2,-9,,-17,-13.8,-5,-11,-15.5,-10.64,-9,-22,-16,-8,4.93,,,,,,,58,27,9,,-14.67
Kansas,Baylor,-36,-26.53,-52.13,-31.22,-32.37,-34.4,-32.99,-27.37,-37,-30.75,-30,-50.53,-21,-26.13,-37.15,-25.45,-35,-33.07,-35.88,-52.16,-40.25,-41.47,-43.36,-20.29,-23.32,-41.23,-30.59,-24.34,-35.8,,-32.39,-18.4,-24,-23.78,-21.48,-19.2,-36,-35.5,-27,,-30.12,-37.24,-24.5,-26.87,-53.78,-26.1,-28,-33.2,-36,-32.4,-34.24,-57.15,-37.6,-28.18,,-11.14,,-32.35,-30.8,-57,,-49,-22.94,-20,-35,-33.7,-17.95,-32.8,-40,-35.9,-16,10.09,,,,,,,59,14,9,,-36.17
Kansas St.,West Va.,11.5,10.73,11.92,14.39,10.55,9.96,12.02,8.22,2,8,6,15.21,4.5,12.79,-0.01,13.77,10.5,9.97,3.78,14.93,12.95,9.06,7.37,4.4,4.41,10.87,5.8,-0.19,11.4,,11.25,-1.52,11,-4.66,-0.63,-0.01,12,7.5,7,,6.68,12.49,20,11.18,14.45,10.7,11,12.2,11.5,12.1,11.31,19.07,12.9,-2.97,,10.97,,19.84,11.5,16,,18,3.27,9,17,23.3,3.12,9,1,11.8,5,6.22,,,,,,,12,35,9,,13.98
Kent,Buffalo,-1,-6.53,-10.71,-3.47,-11.04,-7.11,-5.51,-4.98,-7,-4.25,-7,-8.73,-4,-8.57,-4.8,-4.47,-1,-5.74,-8.97,-11,-7.85,-12.13,-10.02,6.45,-0.17,-8.9,-0.67,-11.05,-3.2,,-6.2,-9.98,-5,-11.62,-9.83,-8.4,-2,-3,-11,,-10.29,3.01,11,1.51,-11.47,-4.8,-4,-6.4,-2,-7.1,-3.96,-10.64,-6.8,-27.94,,-1.81,,-0.6,-6,-9,,-5,-14.69,-4,1,7.3,-11.18,-3.9,-14,-6.9,-9,5.42,,,,,,,41,21,9,,-4.47
Louisiana-Monroe,Georgia St.,15.5,15.91,9.84,13.38,8.26,8.83,8.99,19.28,24,5.5,23,10.37,22.5,12.18,35.62,,12,17.2,21.7,9.03,14.25,3.03,7.78,37.05,0.69,8.9,21.17,32.08,7,,15.91,35.74,3,30.62,27.29,20.2,25,11.5,16,,14.18,28.13,,22.51,7.13,18.4,23,24.6,15.5,15.3,17.87,14.85,10.6,-37.19,,6.78,,18.28,26.5,12,,14,37.98,10,14,16.9,19.62,7.4,10,16.5,26,8.76,,,,,,,10,38,9,,14.91
Maryland,Clemson,-17,-9.37,-16.56,-12.54,-12.59,-12.93,-17.11,-9.58,-12,-23.5,-10,-15.76,-9,-9.57,-7.72,-10.13,-14.5,-12.89,-6.39,-17.52,-18.35,-23.03,-9.31,-12.6,-13.9,-13.35,-15.16,-12,-9.3,,-12.97,-8.84,-17,-10.58,-9.16,-10.4,-16,-13,-16,,-13.47,-18.42,-20,-9.4,-19.65,16.5,-13,-19.6,-16.5,-13.9,-15.64,-12.64,-12,9.53,,-17.68,,-11.25,-19.9,-20,,-17,-12.04,-11,-17,-7.4,-8.07,-10.8,-12,-17.6,-10,3.82,,,,,,,40,27,9,,-13.02
Massachusetts,Western Mich.,3.5,7.22,9.45,2.36,8.82,9.35,3.11,8.61,11,9.75,5,12.01,3,5.55,14.34,-2.64,3,5.46,6.81,11.15,8.45,1.28,-0.01,3.86,4.6,8.73,-4.23,11.59,1.3,,5.78,14.47,-4,6.22,8.05,6.4,1,2,3,,5.02,-2.17,,-0.18,10.17,6.7,0.01,0.6,3.5,4.8,2.63,12.1,8.5,11.76,,18.24,,1.01,0.7,9,,7,19.53,-1,6,12.4,6,-2.2,2,5.2,10,4.86,,,,,,,31,30,9,,4.53
Miami (Fla.),Wake Forest,24,19.32,20.18,21.49,21.94,20.34,14.93,17.9,21,25,21,28.74,15,20.32,27.94,26.57,23.5,21.75,25.81,26.36,21.05,31.47,31.43,16.27,23.7,22.69,16.63,25.47,20.7,,21.24,20.34,29,21.42,18.59,16.8,24,23,16,,25.02,19.34,19,25.23,24.99,20,19,22.8,24,11.2,21.75,33.39,23.4,29.68,,19.4,,23.87,22.6,26,,22,29.09,13,21,29.4,13.52,17.3,16,17.5,17,4.72,,,,,,,21,24,9,,19.3
Middle Tenn.,Marshall,-10,-7.7,-10.89,-10.76,-13.64,-9.67,-5.86,-4.92,-6,-3.5,-6,-7.6,-3,-11.03,6.53,-3.52,-10,-7.61,-4.9,-13.92,-7.05,-8.06,-10.63,3.03,-2.79,-6.1,-3.66,-8.47,-8.2,,-8,-4.8,-8,-4.98,-6.54,-4.4,-14,-8.5,-9,,-9.47,-5.49,-1,-4.37,-8.79,-11,-8,-13.6,-10,-10.8,-9.55,-18.59,-11.8,13.86,,4.75,,-10.6,-11.9,-8,,-8,-5.16,-3,-7,-13.6,-6.33,-7.7,-16,-8.1,-4,4.39,,,,,,,49,51,9,,-7.16
Minnesota,Nebraska,-10.5,-4.01,-8.7,-10.5,-2.52,-7.45,-4.11,-1.19,1,-8.25,-1,-11.67,0.01,-7.55,-1.17,-7.74,-10.5,-5.85,-13.22,-12.4,-14.25,-6.91,-7.21,0.73,2.6,-2.12,-4.25,1.93,-2.2,,-6.96,2.94,-8,0.46,1.4,2.2,-11,-8.5,-10,,-4.38,-2.88,-5.5,-4.91,-5.45,-10.5,-7,-10.6,-10,-9.6,-9.12,-17.28,-6.1,4.41,,6.14,,-9.32,-10.9,-18,,-9,5.24,-6,-10,9.3,-2.12,-3.3,-9,-10.6,2,5.62,,,,,,,23,34,9,,-6.92
Mississippi,Idaho,41,36.57,44.59,43.02,31.65,34.83,46.9,36.14,35,32.25,33,42.74,29,37.19,32.96,44.96,41.5,39.14,35.95,42.51,46.35,36.56,38.38,30.07,18.9,40.36,42.76,41.45,36.9,,40.18,28.63,38,31.9,27.31,29.4,47,40,46,,36.82,40.47,31,43.19,48.26,46.4,41,55.4,41,46.7,44.63,47.29,34.4,64.28,,40.87,,41.02,55,40,,48,44.43,20,39,31.2,22.26,31.2,22,48.3,51,7.90,,,,,,,14,59,9,,43.05
Mississippi St.,Kentucky,11,11.77,11.27,11.42,20.74,7.03,12.57,11.61,11,3.25,17,8.98,15,11.54,10.51,18.73,11,13.02,2.96,12.08,14.75,23.38,6.89,18.13,6.87,12.39,11.05,19.97,9.5,,12,17.26,16,17.58,18.89,15.3,13,10,12,,17.8,16.82,16,11.69,11.54,7.9,13,10,11,7.6,12.44,21.47,12.8,14.59,,9.63,,11.28,10.9,8,,15,25.98,8,24,29.4,17.36,8.3,15,12.6,13,5.23,,,,,,,22,28,9,,14.35
Missouri,South Carolina,3,8.79,9.73,3.97,12.03,11.45,8.06,12.02,14,4.5,17,11.98,16,5.73,23.09,3,3,9.93,17.53,13.62,6.75,11.13,-2.11,9.07,13.5,11.5,7.13,19.76,18.4,,9.25,18.04,7,14.7,17.06,15.8,6,2,9,,10.15,2.35,-2.5,1.32,11.56,8.9,7,9.1,4,11.6,5.83,4.53,9.4,-2.45,,12.03,,2.08,8,12,,6,25.35,5,4,15.8,8.84,17.9,11,12.9,14,5.82,,,,,,,27,24,9,,7.49
Navy,Pittsburgh,-6,0.53,-7.07,-3.82,3.07,-3.92,-10.43,-0.7,-1,-10.75,-3,-3.48,0.01,1.34,-6.06,-13.31,-6.5,-4.63,-7.04,-7.69,-7.85,-11.94,-9.06,-9.27,-4.38,-7.13,-7.94,-11.44,-1.1,,-4.5,-6.85,-6,-11.46,-7.03,-9,-2,-6.5,-5,,-9.62,0.82,-6,-3.58,-6.7,-1.4,-3,-4.5,-6,-4.5,-4.97,-4.5,-0.3,23.85,,0.83,,-2.77,-4.2,-2,,-4,-7.54,-2,-11,18.2,-6.55,-1.2,-2,-7.3,-8,4.89,,,,,,,21,24,9,,-4.35
Nevada,UNLV,7,9.39,7.04,4.69,1.55,7.92,8.67,8.13,8,6.5,4,10.35,7.5,10.27,-5.76,22.75,6,7.8,5.87,6.03,9.35,3.66,9.59,8.98,1.87,9.08,9.27,0.64,8.6,,8,-0.81,5,-1.7,-2.76,-0.3,10,3.5,7,,3.42,7.99,15,7.78,11.45,4.7,10,4.9,7,8.5,7.07,11.38,7.7,9.73,,13.79,,10.34,4.6,13,,11,-0.58,10,21,32.4,1.05,5,-4,10.3,-3,6.42,,,,,,,27,22,9,,10.86
North Carolina,Boston College,7,2.15,-2.31,8.63,-3.69,-2.05,3.82,0.48,1,9.5,2,-1.21,3.5,3.43,-1.36,4.78,7,2.11,0.67,-1.92,5.15,-2.81,-1.63,2.97,5.03,-1.05,2.63,-10.23,-6.4,,2.98,-4.4,8,-8.98,-8.96,-10,5,10,4,,-4.12,13.59,12,14.33,-2.3,5.6,5,3,6,0.6,5.78,4.16,-0.8,-6,,-1.59,,8.57,4,-1,,4,-4.82,3,7,14.7,-6.07,-8.8,-5,6.8,-6,5.81,,,,,,,10,34,9,,5.12
Northern Ill.,Eastern Mich.,31.5,31.32,30.11,27.8,29.73,28.36,31.91,32.87,36,22,35,35.38,35,29.48,39.21,31.86,31,32.38,30.39,34.18,34.25,27.56,27.25,38.65,21.67,29.9,32.29,47.56,37.3,,31.94,34.63,25,38.94,36.99,34.7,32,31,35,,35.1,26.54,29,28.98,31.98,28.9,27,31.9,31.5,37.6,30.89,38.05,29.6,20.85,,27.98,,28.74,30.7,39,,36,53.8,19,28,34.8,26.8,35.5,28,44.6,63,5.75,,,,,,,20,59,9,,30.73
Ohio,Miami (Ohio),26.5,26.56,29.97,23.93,25.27,23.03,21.54,24.95,28,21.75,29,28.9,29.5,27.86,29.7,21.02,25,26.38,31.51,28.05,26.35,8.78,21.26,26.71,11.54,28.53,27.74,38.24,26,,26.2,36.74,15,35.74,37.48,33.8,24,24,24,,25.83,23.81,16.5,22.12,30.84,24.1,24,26.3,26.5,24.8,24.97,31.37,23.7,14.09,,15.79,,21.8,23.8,27,,30,49.89,16,21,30.1,26.26,23.2,27,26.5,29,6.04,,,,,,,16,41,9,,26.1
Ohio St.,Penn St.,16,13.53,14.11,13.46,14.18,13.09,13.07,14.41,16,6.5,21,16.55,20.5,12.14,17.56,11.8,15,15.32,17.87,16.31,12.95,21.28,19.28,17.46,17.1,16.16,18.38,20.37,18.5,,15.84,17.08,12,16.54,17.13,14.9,16,14.5,18,,16.64,13.19,5,16.89,15.68,12.5,14,17,16,12.1,15.01,17.89,9.8,36.57,,0.63,,10.38,16.4,15,,17,24.07,9,11,28.1,11.05,15.1,12,12.9,14,3.93,,,,,,,14,63,9,,12.39
Oklahoma,Texas Tech,7,4.74,-1.49,11.12,-0.22,0.68,4.53,3.22,-1,2.5,3,-1.86,4,5.84,-9.72,4.72,7,3.33,-2.17,-0.68,4.25,2.84,10.09,7.62,2.5,-1.24,4.86,0.58,-0.5,,3.4,0.59,2,3.34,1.97,3.4,8,7,1,,2,8.57,8,13.05,-1.03,5.4,5,6.7,6.5,0.3,5.72,-3.83,3.4,-9.43,,6.1,,5.34,7.2,4,,7,0.76,5,17,-6,-2.55,-1.4,-6,5.1,2,4.89,,,,,,,30,38,9,,8.47
Oregon,UCLA,24,14.99,19.11,20.22,12.7,13.43,22.69,17.94,20,11.5,19,19.28,24,12.55,20.85,23.92,24,18.04,18.4,17.66,20.55,9.78,15.61,12.26,10,18.31,17.58,12.75,21.8,,18.36,9.9,9,10.14,10.87,10.4,23,17.5,18,,8.39,15.42,20,21.78,23.6,22.9,16,23,23,22.5,20.74,28.66,15.9,20.12,,-2.21,,16.25,20.3,25,,24,12.94,11,17,27,8.94,21.4,14,23.5,10,4.97,,,,,,,14,42,9,,21.49
Oregon St.,Stanford,-4.5,-3.25,-7.33,-4.98,0.49,-6.3,-0.82,-3.08,-3,-8.25,-7,-7.41,-5.5,-3.97,-2.95,-6.91,-4,-3.8,-2.29,-9.59,-6.35,-6.84,-14.16,-6.09,-7,-0.42,-1.61,-2.44,-5.5,,-3.58,-0.4,-8,-4.9,-3.45,-3.6,0.01,-6.5,-3,,-3.14,-6.04,2,-5.08,-2.2,-4.7,-3,-4.9,-4.5,-1.9,-3.57,7.31,1.6,-0.06,,6.08,,-4.81,-4,-9,,2,10.88,-1,-3,-5.4,-4.06,-5.6,-5,-4.1,-5,3.94,,,,,,,20,12,9,,-1.12
Rice,UTEP,18,20.78,22.87,16.79,19.26,18.89,20.86,20.86,26,12,29,24.04,28,20.32,27.41,15.76,17.5,21.99,26.15,21.36,17.15,12.03,19.88,26.08,4.78,24.7,18.75,44.42,24.7,,20.31,38.14,19,35.5,34.3,35.3,19,18,17,,23.89,20.18,7,16.13,24.84,15.7,20,16.9,18,20.5,18.34,20.3,19.8,24.77,,25.16,,19.64,16,25,,23,46.66,11,11,32,22.76,22.5,16,24.1,34,8.06,,,,,,,7,45,9,,17.87
Rutgers,Houston,7,2.52,-6.44,4.09,-1.23,-5.11,2.92,2.89,-2,7,-1,-5.91,3.5,1.79,4.78,2.5,7,1.11,0.68,-8.99,-2.15,-0.63,-3.03,3.31,6.3,-4.29,5.96,0.95,-4.3,,1.37,3.03,-7,-1.38,-1.33,0.9,5,9.5,2,,-1.89,3.36,7,12.38,-5.01,-0.8,2,4.8,6,-7,4.09,-0.47,-2.8,-22.71,,18.25,,6.92,5.6,-7,,2,8.76,2,7,16.3,-1.14,-6.4,-4,0.4,3,4.97,,,,,,,49,14,9,,0.86
SMU,Temple,14,10.2,5.2,11.44,3.68,4.76,9.64,10.93,16,10.5,13,5.1,12.5,9.08,19.48,6.96,13,10.76,11.44,3.29,12.05,9.38,15.73,14.42,2.07,7.02,9.55,17.5,3.6,,10.97,14.47,11,16.06,12.52,13.4,5,10,11,,10.83,6.78,11,14.54,5.85,12.4,7,10.2,13.5,12.9,11.05,21.23,7.2,28.47,,21.26,,9.27,10.4,6,,13,21.97,5,14,21.2,6.56,1.2,1,15.6,10,4.86,,,,,,,49,59,9,,11.95
San Diego St.,Fresno St.,-7,-5.92,-14.2,-11.57,-14.59,-8.53,-4.38,-4.66,-13,-5,-16,-11.28,-8.5,-7.54,-11.67,-2.15,-9,-9.57,-3.11,-11.57,-12.35,-20.28,-5.6,-10.75,-11.32,-7.08,-10.87,-13.98,-3.1,,-9.96,-16.48,-22,-20.66,-14.7,-12.1,-6,-9.5,-13,,-16.3,-0.3,-5,-7.6,-9.93,-11.3,-6,-10.4,-7,-11.1,-8.79,-15.21,-11.8,-11.14,,2.34,,-3.09,-10,-10,,-9,-16.87,-1,-3,-6.4,-9.62,-2.7,-16,-8.2,-10,4.57,,,,,,,35,28,9,,-13.04
San Jose St.,Wyoming,9,8.48,7.4,3.16,-4.46,5.28,13.64,9.36,9,1,7,6.91,7,7.18,9.66,3.6,7,9.18,1.11,6.59,11.95,11.25,3.16,20.68,-0.82,8.81,13.16,14.88,8.8,,8.7,9.22,3,7.66,6.75,11.1,12,3.5,11,,8.56,13.77,12.5,4.87,8.6,7.1,8,11.8,9,17.8,9.68,18.52,5.5,-9.92,,15.8,,14.75,12.2,16,,13,17.73,3,7,29.8,3.4,6.2,-6,12.6,7,6.10,,,,,,,44,51,9,,8.03
South Florida,Louisville,-21,-19.8,-35.94,-19.64,-30.47,-23.17,-15.48,-16.84,-26,-21.5,-21,-32.25,-15.5,-23.69,-15.97,-22.79,-21,-22.26,-23.35,-30.6,-26.95,-33.63,-34.9,-29.39,-11.35,-20.21,-23.66,-16.72,-19.6,,-22.16,-16.48,-22,-21.06,-17.56,-15.6,-15,-21,-20,,-26.29,-25.39,-13.5,-19.79,-28.4,-29.1,-20,-26.4,-21,-21,-22.32,-30.05,-25.7,-39.58,,-16.44,,-17.04,-24.7,-25,,-23,-19.15,-11,-24,-29.3,-16.22,-18.1,-26,-14.5,-18,5.71,,,,,,,34,3,9,,-17.22
Southern Miss.,North Texas,-12,-16.14,-24.84,-11.22,-30.76,-19.41,-17.7,-15.16,-23,-18,-22,-27.97,-15.5,-17.57,-25.96,-16.07,-11.5,-19.73,-24.61,-29.25,-24.45,-4.91,-21.39,-15.48,-6.08,-23.48,-13.74,-25.12,-27.5,,-20.9,-25.82,-21,-23.06,-21.51,-18.9,-11,-10,-17,,-17.34,-22.51,-12,-2.33,-30.08,-25.5,-14,-24.8,-13,-20.8,-16.92,-17.32,-18.8,-8.39,,-22.26,,-8.7,-22.7,-32,,-24,-37.39,-10,-11,-25.6,-21.78,-28.4,-24,-22,-18,6.91,,,,,,,55,14,9,,-13.51
TCU,Texas,2,2.59,0.28,-0.12,1.98,3.6,-4.27,1.98,1,2,-1,3.84,1,2.81,-4.32,-2.91,2,0.02,2.29,1.74,-7.35,-4.38,-2.9,-4.12,-0.13,1.19,-0.18,-3.44,2.7,,-0.08,-2.47,-2,-5.06,-3.64,-0.8,1,3,-4,,-2.56,-4.13,1,6.24,1.81,1.1,0.01,-2.6,2,-4.3,-0.82,-1.51,3.7,14.24,,0.99,,-0.01,-3.8,3,,-2,-1.31,1,4,24,-1.9,-0.4,-2,-6,-4,4.40,,,,,,,30,7,9,,2.22
Texas A&M,Vanderbilt,17,12.57,13.61,17.2,9.24,13.1,15.78,10.95,12,11,15,14.24,16.5,13.66,7.31,15.65,17,14.02,16.82,15.15,17.25,18.66,14.93,12.24,15.27,10.7,12.61,15.41,14.4,,14.17,13,12,12.78,12.84,12.7,17,18.5,10,,14.92,7.55,18.5,16.3,11.55,15,12,15.1,16.5,14.1,14.88,17.49,10,27.55,,13.21,,18.87,15.6,16,,15,15.17,12,17,30.1,6.17,12.2,9,10.2,7,3.72,,,,,,,24,56,9,,17.93
Texas St.,South Alabama,-2,0.38,-6.68,-4.49,3.97,-3.43,-0.39,-0.35,2,1.5,1,-4.42,6,0.71,-5.65,3.35,-2,-2.77,-7.91,-5.14,1.15,-4.5,-5.18,-4.96,2.89,-7.9,-2.43,-2.09,-6.3,,-2.71,0.12,-18,2.54,2.25,0.5,1,2.5,-5,,-1.78,1.06,,2.81,-9.68,-3.3,-3,-6.4,-2,-7.7,-2.83,-12.68,-2.6,1.14,,-14.75,,-1.25,-5.4,-9,,1,1.06,,,-5.7,-1.21,-8.5,-3,-4.8,2,4.02,,,,,,,31,33,9,,-2.29
Texas-San Antoni,UAB,8,5.99,13.34,5.74,4.94,7.37,5.86,5.64,7,7.75,6,9.04,6,5.95,8.74,1.09,7,6.62,4.58,10.99,8.25,0.78,1.53,6.29,5.79,6.89,5.58,0.71,5.6,,6,3.32,13,4.22,3.1,2.6,1,3.5,4,,5.73,8,,5.7,10.16,6.4,6,5.3,8,4.4,6.74,13.76,10.1,-1.41,,5.67,,12.13,4.9,5,,7,5.1,9,11,12,-6.57,4.1,1,7.4,2,3.68,,,,,,,31,52,9,,12.24
Tulane,Tulsa,-3,4.03,8.71,-3.9,12.74,10.08,0.44,3.43,15,2.25,14,9.87,10.5,4.21,16.66,-6.07,-3,6.67,18.66,8.33,2.05,13.59,9.34,8.53,5.84,12.13,7.64,22.18,11.7,,6.2,19.64,5,20.38,19.55,18.8,-1,-3,6,,14.09,-4.46,-12,-6.81,10.54,3.5,0.01,0.01,-2,6.4,-0.76,-1.5,7.6,15.19,,18.76,,-5.54,-1.8,13,,-2,32.55,2,-7,25,9.65,10.3,10,3.9,11,9.15,,,,,,,7,14,9,,-0.83
USC,Utah,6,2.57,-0.38,6.13,5.88,0.47,3.48,1.65,3,0.75,2,-1.47,2.5,3.2,-0.43,3.2,7,2.57,-6.83,-0.95,-0.01,-0.78,-7.3,0.62,-0.35,0.95,4.27,-0.84,0.01,,2.2,-0.23,-5,1.42,1.98,2.4,9,6,2,,0.63,5.92,7,11.09,-0.35,5.5,6,6,5.5,1.8,5.5,6.35,0.7,2.08,,-4.25,,3.21,6.5,-1,,5,-1.5,3,7,12.4,0.62,-2.3,-4,5.3,2,3.79,,,,,,,3,19,9,,6.4
Virginia,Georgia Tech,-10.5,-11.43,-18.29,-10.32,-14.39,-13.48,-14.18,-8.15,-12,-11.5,-12,-20.69,-8.5,-15.94,-0.28,-20.11,-10,-12.54,-1.1,-19.8,-20.65,-22.13,-6.91,-3.23,-7.86,-14.13,-9.7,-9.68,-6.2,,-13.24,-8.06,-10,-8.98,-7.65,-6.9,-15,-8.5,-10,,-14.41,-17.29,-13,-3.79,-18.44,-14.7,-12,-18.1,-10.5,-15.6,-13.62,-20.12,-15.5,-7,,-6.26,,-16,-18.5,-14,,-19,-15.41,-7,-15,-21.2,-8.15,-4.7,-14,-14.6,-7,5.05,,,,,,,35,25,9,,-12.81
Virginia Tech,Duke,14,13.13,11.17,14.27,9.74,8.48,11.48,14.26,12,10,12,10.18,15.5,11.55,12.61,13.51,14,12.68,13.72,9.59,11.85,21.38,17.97,10.54,15,12.98,10.88,22.44,9.1,,13,20,15,15.5,14.44,15,15,13.5,13,,15.62,10.17,10.5,15.09,13.05,14,11,14.7,14,6.3,13.11,14.08,4.8,-14.39,,15.02,,9.43,14.1,1,,10,29.3,6,14,26,8.04,6.8,2,10.8,11,4.85,,,,,,,13,10,9,,14.44
Washington,California,28,27.41,32.63,22.44,36.49,26.65,22.08,26.96,27,14.5,30,35.14,25,27.6,21.17,30.9,25,26.39,37.12,33.96,26.95,36.94,29.92,21.18,14.64,27.4,22.8,25.08,26.3,,26.8,24.37,32,22.86,22.58,19.5,28,23,23,,30.48,28.73,16,20.77,32.97,30.6,25,31.7,28,27.3,26.24,25.36,24.3,39.3,,17.85,,23.58,30.3,33,,28,33.35,13,21,31.4,17.97,23.3,23,22.3,19,5.57,,,,,,,17,41,9,,21.98
Western Kentucky,Troy St.,10,11.57,13.18,7.97,8.41,8.24,8.03,11.42,8,-2.5,9,11.77,7.5,11.33,9.2,5.56,10.5,10.26,17.18,11,15.05,11.63,13.06,6.59,6.64,10.7,4.99,7.42,7.7,,10.39,6.64,14,7.26,5.15,6.4,10,7.5,11,,9.45,11.84,,10.07,13.16,12.5,10,13.5,10,10.8,11.39,16.51,12.9,20.79,,2.15,,11.46,14.2,16,,9,11.31,8,10,22.5,5.52,5.9,4,6.8,8,3.88,,,,,,,32,26,9,,10.74
Air Force,Army,0,1.22,-8.74,1.23,-9.43,-0.33,-0.67,0.46,-6,-2.75,-5,-4.26,-4,2.26,4.65,-2.49,0,-2.82,-4.29,-3.04,1.25,7.69,-2.76,7.36,-0.68,-7.68,2.61,-8.19,-9.5,,-2.88,-8.03,-11,-7.78,-7.9,-5.7,1,1.5,6,,-1.1,-0.34,6.5,-3.02,-10.23,-6.2,-3,-5.3,0,1.4,-2.26,-6.1,-3.5,-19.74,,4.24,,4.14,-3.1,-2,,-8,-3.26,-2,3,-6.2,-5.19,-11.6,-11,3.4,-6,4.43,,,,,,,28,42,10,,-0.19
Akron,Kent,1.5,1.95,4.16,1.5,6.55,3.64,-2.68,1.79,5,-3,4,3.29,4.5,2.38,4.65,-9.74,1,0.92,1.79,3.2,1.15,4.28,-6.07,-14.54,2.7,3.45,-5.73,5.03,6.6,,1.87,3.46,3,4.3,4.58,4.6,-1,-2.5,1,,3.35,-6.89,-10.5,1.22,2.74,-2.2,0.01,-2.6,1.5,-0.3,-0.55,5.6,4.4,-15.02,,3.9,,-2.02,-2.4,6,,-2,5.21,-2,-7,10.4,1.16,5.7,2,-3.2,3,4.70,,,,,,,7,16,10,,1.94
Arkansas,Auburn,-8,-10.36,-22.37,-9.06,-20.67,-14.08,-9.76,-8.57,-17,-9,-18,-20.4,-14.5,-11.73,-13.75,-8.54,-8,-14.94,-13.95,-21.96,-19.35,-27.03,-5.79,-12.34,-17.39,-16.27,-15.44,-22.75,-16.5,,-14.04,-16.44,-26,-19.38,-18.74,-13.4,-12,-10,-18,,-20.65,-11.65,-0.5,-10.4,-21.41,-13.6,-9,-19.1,-9,-20.2,-12.26,-25.4,-11.9,-24.75,,-0.84,,-8.72,-17.4,-24,,-14,-13.69,-8,-1,-14,-10.68,-17,-20,-17.6,-12,5.61,,,,,,,35,17,10,,-10.01
Boston College,Virginia Tech,-4.5,-5.98,-4.87,-7.67,-10.54,-4.1,-7.14,-5.17,-3,-3,-9,-4.97,-9,-6.5,-5.49,-5.16,-5,-6.5,-5.88,-6.56,-8.15,-16.69,-1.2,-7.31,-6.12,-4.36,-0.42,-14.1,-0.4,,-6,-11,-21,-10.82,-10.88,-7.2,-7,-6,-6,,-12.28,-12.67,-7,-5.84,-3.2,-6,-6,-4,-4.5,-5.2,-6.11,-9.36,-2.3,-3.98,,2.17,,-3.37,-5.8,-9,,-1,-12.01,-4,-7,-6.4,-5.96,0.2,-8,-6.4,-9,3.00,,,,,,,27,34,10,,-3.95
California,Arizona,-16.5,-17.03,-22.9,-14.04,-25.63,-17.56,-14.77,-17.07,-19,-9.25,-22,-24.38,-15.5,-16.89,-19.78,-13.8,-16,-18.4,-23.15,-21.89,-17.45,-28.19,-19.29,-15.71,-10.51,-18.36,-15.97,-17.24,-14.9,,-17.64,-19.78,-27,-17.46,-16.94,-15.8,-17,-14.5,-18,,-22.53,-21.4,-9.5,-15.53,-21.74,-22.8,-15,-22.2,-16.5,-21.7,-17.73,-19.68,-16.6,-30.46,,0.23,,-13.29,-21.6,-20,,-18,-17.57,-8,-17,-30.4,-14.92,-15,-25,-18.9,-16,4.23,,,,,,,33,28,10,,-15.23
Colorado St.,Boise St.,-7,-10.09,-6.73,-10.42,-4.73,-6.36,-6.39,-10.83,-3,-8.75,-8,-9.24,-6,-9.06,-15.68,-15.4,-6.5,-8.37,-9.75,-9.59,-7.15,-18.84,-3.94,-16.64,-0.86,-5.58,-14.45,-15.72,-0.2,,-8.88,-8.05,-3,-5.3,-5.61,-6.5,-12,-10,-11,,-9.89,-6.59,-13,-10.03,-6.31,-1.5,-9,-5.9,-7,-2.6,-7.41,-12.79,-10.8,-13.96,,-1.09,,-9.56,-5.7,-13,,-10,-10.62,-9,-14,-9.8,-4.93,0.3,-9,-10.7,-8,3.56,,,,,,,42,30,10,,-10.92
Florida,Georgia,-3,-0.75,-1.77,-0.95,8.13,-1.71,-2.43,-1.32,1,3.25,-1,-1.46,-2,-0.2,0.95,0.72,-3,-0.42,1.26,-1.6,-1.6,-2.53,-4.97,-2.2,0.75,-1.26,-4.02,-1.1,-1.4,,-1.28,-2.16,-9,-4.08,-3.1,-3.8,0.01,-2.5,2,,-2.34,-2.61,-0.5,-2.27,-1.84,1.6,-2,1.3,-3,4.8,-1.29,-4.01,-2.1,-2.84,,-0.37,,-3.7,1.7,-1,,-3,2.27,3,4,18,-0.1,-2.9,-1,0.3,-3,3.64,,,,,,,23,20,10,,5.46
Florida Atlantic,Tulane,3.5,0.84,2.31,1.39,-4.69,-0.41,-0.47,1.08,1,5.25,-5,3.52,-6,0.87,-3.76,-0.87,3.5,-0.83,0.01,1.98,-1.05,-12.66,-4.16,-19.92,0.67,2.79,-3.6,-11.3,-0.9,,0.5,-8.46,2,-13.3,-14.69,-10.2,2,3,-5,,-8.28,0.32,3,3.11,4.17,0.3,1,2.3,3,2.4,1.22,10.15,3.4,3.1,,-0.14,,5.47,2.1,-3,,3,-11.71,-2,7,17.9,-6.69,-4.6,-9,-5.9,-6,6.44,,,,,,,17,34,10,,2.14
Florida Intl.,East Carolina,-25,-22.87,-31.91,-23.42,-24.36,-27.38,-19.82,-20.61,-34,-17,-29,-37.21,-20,-24.98,-23.67,-22.68,-24,-26.49,-31.76,-38.48,-29.95,-13.53,-32.28,-22.48,-8.99,-29.36,-17.38,-18.6,-35.6,,-26.99,-24.81,-31,-23.38,-23.54,-19.7,-22,-20,-27,,-23.53,-31.44,-13,-26.97,-39.02,-32.2,-22,-33.1,-25,-27.3,-27.31,-39.06,-27.1,-34.65,,-9.23,,-22.86,-32.1,-40,,-27,-26.25,-14,-21,-30.6,-23.99,-34.4,-26,-22.1,-45,6.61,,,,,,,34,13,10,,-28.84
Florida St.,Miami (Fla.),21,19.09,29.64,18.23,16.55,19.59,19.01,21.01,19,16.25,12,27.1,14,17.89,20.77,32.55,22,18.89,22.42,26.53,29.65,9.88,18.18,10.69,6.5,20.06,15.92,15.71,24,,19.28,13.67,5,6.7,6.23,10.6,23,21,17,,8.06,11.74,25,20.77,28.56,19.8,15,18,21,23.3,18.58,29.06,20.8,35.35,,5.62,,20.07,16.3,24,,29,13.65,12,21,32,6.97,21.5,10,20.5,8,6.77,,,,,,,14,41,10,,19.46
Fresno St.,Nevada,21,14.71,19.18,18.6,19.7,13.72,17.36,14.57,22,14.5,30,17.1,25,15.13,25.28,16.55,20.5,20.03,16.71,15.42,18.75,32.69,17.13,23.75,20.88,19.04,24.35,24.77,15.8,,19.26,30.46,23,31.1,29.17,25.6,19,23,22,,27.75,15.7,18,19.25,19.26,17.4,16,20.4,21,14.5,20.09,20.03,18.7,19.7,,7.79,,16.28,20.2,21,,20,32.87,8,17,32.6,14.36,15.5,18,21,28,5.37,,,,,,,23,41,10,,18.37
Georgia St.,Western Kentucky,-18.5,-16.55,-17.05,-17.29,-14.91,-14.01,-10.49,-17.25,-24,0.75,-24,-18.66,-18,-15.57,-25.82,,-20,-17.5,-14.22,-17.81,-19.25,6.03,-21.35,-29.69,-2.02,-11.04,-18.31,-26.34,-11.3,,-17.29,-27.13,-14,-20.42,-19.53,-12.5,-21,-19,-16,,-11,-20.61,,-17.74,-12.35,-20.8,-18,-24.6,-18.5,-15.3,-20.19,-34.05,-16.4,-31.2,,1.3,,-17.64,-25.6,-17,,-18,-14.68,-10,-8,-17.1,-21.03,-12.7,-18,-13.1,-22,6.11,,,,,,,44,28,10,,-16.37
Georgia Tech,Pittsburgh,11.5,11.6,14.61,12.67,17.04,11.02,14.31,8.05,11,7.5,14,16.64,11.5,16.07,7.27,12.72,10,12.27,8.25,16.35,18.05,13.28,6.92,12.05,3.3,12.7,11.29,-1.32,7.4,,12,6.41,12,9.74,7.31,5.6,18,10,12,,10.93,17.17,6,10.03,14.66,11.1,12,16.6,11.5,15.6,13.1,18.33,15.2,22.91,,3.37,,18.74,16.3,9,,18,7.3,5,18,29,5.32,4.7,9,11.5,9,5.06,,,,,,,10,21,10,,12.75
Houston,South Florida,19,22.12,34.48,15.06,30.07,24.97,21.02,20.73,38,11.75,28,26.54,23,23.79,17.31,11.31,18,23.62,23.8,30.24,28.75,34.81,30.23,29.29,10.75,26.56,18.27,20.23,25.3,,23.85,26.47,27,29.02,25.57,20.3,16,10.5,22,,29.65,24.55,12.5,15.95,28.77,31.7,19,19.8,19,33.9,20.16,32.34,19.8,18.39,,9.43,,16.64,17.5,28,,27,27.81,15,18,32,17.23,20.9,24,23.9,24,6.51,,,,,,,23,35,10,,19.14
Idaho,Texas St.,-11,-5.22,-11.97,-9.1,-17.81,-8.94,-10.22,-2.81,-8,-3,-11,-12.34,-9,-7.5,-8.61,-3.61,-10.5,-8.89,-7.21,-11.37,-13.65,3.47,-8.66,-7.63,-6.86,-8.73,-11.85,-4.31,-6.5,,-8.97,-6.88,5,-9.38,-10.78,-6.2,-9,-13,-13,,-6.85,-15.71,,-10.09,-11.26,-11.1,-10,-11,-11,-10.9,-11.3,-8.17,-13,6.51,,-3.38,,-5.77,-10.3,-8,,-16,-6.5,-7,-7,-5,-10.42,-4.9,-19,-9.8,-11,3.45,,,,,,,37,21,10,,-7.69
Indiana,Minnesota,8,5.94,7.67,4.03,-1.03,6.58,-0.01,3.82,2,5.75,1,9.81,-2,8.39,-4.39,9.9,9.5,3.35,5.42,8.53,4.45,-3.72,0.39,-9.53,2,4.47,-2.71,-2.1,5.5,,4.12,-4.18,7,-7.14,-6.94,-4.4,2,7,0.01,,-1.24,2.54,1.5,8.76,7.14,5.8,7,2.5,7.5,3.8,5.29,8.75,9.5,18.21,,3.48,,9.51,2.7,7,,2,-3.01,6,1,19.6,-0.92,4.3,-3,-3.8,3,5.37,,,,,,,42,39,10,,7.85
Iowa,Wisconsin,-9,-5.81,-9.39,-8.46,-2.8,-4.92,-11.36,-6.28,-3,-4.5,-1,-9.04,2.5,-5.04,2.8,-9.67,-10,-6.58,-9.32,-9.83,-10.65,-5.31,-13.85,-1.78,-2.3,-3.99,-9.94,-1.42,-9.2,,-7.99,4.16,-5,1.66,3.14,4.1,-14,-7,-8,,-2.97,-7.6,-8.5,-8.48,-7.98,-11.9,-9,-10.7,-9,-16.7,-8.88,-11.84,-6.5,-14.09,,3.79,,-10.34,-10.4,-6,,-10,5.44,-5,-8,-5.3,-3.19,-8.3,-7,-12.7,2,4.97,,,,,,,28,9,10,,-10.13
Kansas St.,Iowa St.,17.5,14.76,20.15,14.26,20.85,17.77,17.02,12.82,20,13.75,17,22.45,14.5,16.97,22.82,17.42,17,17.89,13.16,22.4,20.75,20.5,22.42,11.62,7.47,17.12,16.06,13.63,19.6,,17.6,15.94,12,13.34,15.22,14.3,20,14,16,,18.84,17.25,21,16.38,20.9,19.4,14,19.1,17.5,20.1,17.19,28.77,17.9,12.97,,5.5,,18.73,18.5,26,,24,19.34,10,20,30.1,10.51,15.4,13,24,13,4.41,,,,,,,7,41,10,,18.91
Louisiana-Lafaye,New Mexico St.,32.5,33.33,34.24,30.21,31.51,28.12,36.82,34.96,40,25,35,41.61,30.5,32.21,30.53,31.33,32,33.68,41.38,37.57,40.15,12.44,40.52,32.38,19.69,34.39,33.82,42.73,32.3,,33.91,34.63,19,28.22,29.71,26.7,39,27,31,,28.51,38.48,30,30.22,37.46,30.9,30,34.2,32.5,43.5,34.35,48.41,34.5,42.88,,18.6,,30.74,32.9,43,,42,30.79,16,34,34,25.63,27.8,26,39.2,57,6.00,,,,,,,35,49,10,,34
Marshall,Southern Miss.,32,26.57,32.73,26.09,40.19,29.61,22.31,24.67,36,30.25,35,41.77,26.5,28.87,32.77,27.04,31,29.23,31.2,40.46,31.55,5.31,23.35,19.72,14.25,32.44,22.53,31.54,35.2,,29.76,32.3,27,23.98,24.17,20.6,29,28.5,25,,22.66,32.72,20.5,29.34,40.3,34.2,23,32.3,32,27,29.91,37.06,30.2,46.4,,16.31,,24.15,30.1,40,,34,35.66,14,25,34.3,25.81,30.4,28,26,32,6.40,,,,,,,13,61,10,,31.83
Massachusetts,Northern Ill.,-27,-22.22,-20.42,-24.97,-18.74,-15.49,-21.48,-23.55,-30,-9.25,-27,-21.34,-27.5,-20.65,-43.15,-24.57,-23.5,-24.86,-25.61,-20.24,-22.65,-22.75,-20.7,-40.72,-15.14,-18.42,-30.1,-37.88,-23.6,,-24.1,-37.78,-22,-36.34,-34,-29.1,-26,-24,-24,,-28.72,-24.39,,-22.08,-19.74,-22.1,-20,-25.9,-27,-24.2,-25.13,-29.2,-16.3,-32.91,,-6.44,,-22.08,-25.6,-22,,-26,-46.04,-14,-24,-28.8,-24.63,-24.7,-30,-33,-59,7.19,,,,,,,63,19,10,,-23.86
Memphis,Cincinnati,-3,-3.66,7.28,-8.51,-9.84,3.35,-6.01,-2.61,1,11.5,-1,-1.27,-6,-4.64,4.86,-4.22,-3,-2.15,5.52,3.74,-1.35,-2.38,2.16,-8.56,-2.92,6.61,-4.3,-6.88,5.3,,-3.29,0.23,7,-4.1,-5.42,-1,-14,-5,-4,,-2,-4.69,-9.5,-2.22,7.24,-3.9,-5,-9.5,-3,2.7,-4.87,-1.63,-1.2,25.62,,9.48,,-6.54,-10.9,3,,-6,0.39,-1,-6,7.5,-5.13,3.3,-11,-8.8,7,5.54,,,,,,,34,21,10,,-6.81
Michigan St.,Michigan,4.5,7.78,2.55,3.87,9.5,1.88,3.37,8.54,4,-0.5,7,4.22,8,7.28,1.89,1.22,6,4.47,8.15,4.43,6.15,4.88,0.92,0.91,3.5,3.92,0.17,3.75,5.9,,4,5,4,1.02,3.82,2.9,3,3.5,4,,4.42,3.18,-0.5,2.3,3.21,4.5,4,3.2,4.5,5.2,4.66,15.17,-1.5,-3.94,,3.88,,1.76,3.8,-2,,6,9.56,2,4,21.3,3.94,3.8,-1,4.7,4,3.96,,,,,,,6,29,10,,4.44
Missouri,Tennessee,10.5,14.92,16.45,13.66,21.84,16.99,16.15,14.25,19,19.5,21,19.83,21,15.83,6.92,12.48,10.5,17.1,15.61,19.55,17.95,19.84,8.85,15.67,18.46,16.25,12.68,25.91,19.6,,16.75,15.87,26,16.14,18.06,17.6,16,13,12,,18.4,14.57,10,13.85,17.77,18.4,15,19.8,12,16,14.9,19.12,18.2,20.52,,4,,14.54,19.6,22,,19,18.9,8,20,30.3,10.73,17.3,13,16.5,11,4.11,,,,,,,3,31,10,,16.26
NC St.,North Carolina,-6,-3.16,-5.07,-4.57,-2.76,-4.01,-2.85,-3.42,-1,-4.25,-3,-7.26,1.5,-2.65,0.97,2.62,-4,-3.46,-10.84,-7.89,-4.05,-9,-8.07,5.39,3.09,-3.33,-1.97,3.92,-4.5,,-3.25,-0.35,-14,2.46,2.18,0.7,-2,-3,-6,,-2.69,-6.39,-1,-2.85,-4.17,-10.5,-5,-13.2,-5.5,-8.8,-5.92,-2.83,4.6,1.33,,3.43,,-6.66,-12.9,-3,,-4,-0.15,-1,3,-6.7,-1.81,-6,-1,-5.2,-4,3.85,,,,,,,27,19,10,,-2.15
Nebraska,Northwestern,4.5,6.69,4.68,7.18,8.9,6.68,2.72,4.16,6,11,10,6.98,8,9.78,0.59,4.13,7,6.58,1.98,6.82,10.45,4.66,18.64,6.41,2,2.73,5.33,8.28,0.01,,6.38,5.49,2,7.66,5.94,4.6,8,7,10,,7.02,2.96,4,5.68,2.27,8.1,4,6.3,4.5,6.3,6.35,8.7,11.2,-1.45,,1.28,,10.62,7.3,8,,8,4.24,4,4,14.9,2.38,-2,10,11.3,1,3.35,,,,,,,24,27,10,,7.57
North Texas,Rice,3,3.34,5.65,1.55,7.22,4.32,1.92,1.91,7,6.5,4,6.99,4,5.18,2.93,9.34,4,4.24,8.4,3.84,4.55,2.91,7.26,-3.21,5.12,6.52,0.32,-0.26,4.1,,3.94,0.76,6,-1.22,0.65,2.1,3,2.5,2,,2.87,3.65,3.5,3.04,5.94,1.8,4,3.1,3,6.5,3.44,9.56,5.3,6.48,,4.67,,2.42,2.4,11,,2,3.85,3,7,15.3,1.62,2.5,1,1.6,4,3.16,,,,,,,16,28,10,,3.88
Notre Dame,Navy,17,15.19,14.39,19.98,9.63,11.79,24.9,14.27,14,21,13,10.64,14,16.44,8.17,18.12,17,17.07,8.69,13.94,22.35,26.38,27.15,21.43,13.34,11.98,27.14,22.96,13.6,,16.72,12.58,21,18.86,15.58,14.8,25,17,19,,19.37,21.08,20.5,15.39,14.02,18.9,17,21.5,17,18.6,18.93,15.6,9.6,27.96,,3.9,,20,22.9,7,,23,12.46,10,31,7.9,7.84,12.5,5,21.1,14,5.70,,,,,,,34,38,10,,18.13
Oregon St.,USC,4,2.71,1.99,0.84,5.12,2.65,7.37,3.57,1,8.5,3,-2.75,5,1.91,2.92,1.62,4.5,4.55,4.71,0.33,4.55,3.72,1.1,7.64,7.95,6.87,5.8,14.54,4.1,,4.63,6.51,4,3.26,5.92,5.3,5,2,3,,4.94,6.3,6,2.88,6.4,3,2,7.4,4,5.1,5.14,8.34,7.8,-3.84,,4.31,,2.53,8.7,4,,6,10.1,-2,4,5.1,1.39,2.8,4,4,5,3.01,,,,,,,31,14,10,,7.28
Penn St.,Illinois,12,10.5,7.86,11.89,13.31,5.99,17.4,9.84,12,17.75,15,6.73,13.5,11.44,16.14,17.58,10,12.25,10.04,4.97,11.35,21.06,15.58,11.08,8.73,9.75,12.8,13.66,6.3,,11.51,14.3,6,16.94,13.74,12.7,15,10,11,,15.11,17.97,21.5,8.91,8.48,10.4,11,10.8,12,13.3,11.57,16,7.1,34.26,,8.26,,12.49,11.2,8,,12,12.34,8,18,24,5.79,6.2,6,20.7,9,4.03,,,,,,,17,24,10,,10.95
Purdue,Ohio St.,-33,-27.92,-39.67,-27.27,-40.83,-28.88,-31.53,-27.31,-30,-18.5,-34,-38.63,-29.5,-28.28,-44.31,-30.54,-32,-31.45,-32.31,-40.48,-36.35,-40.41,-37.03,-29.33,-26.39,-33.43,-32.05,-34.22,-28.3,,-31.61,-31.27,-32,-34.1,-31.69,-27.4,-31,-31,-32,,-34.82,-25.31,-18,-31.06,-40.06,-33.6,-28,-35,-33,-29.9,-32.49,-36.54,-23.7,-26.44,,-6.88,,-24.33,-32.2,-38,,-33,-32.18,-18,-18,-31.2,-27.04,-26.9,-37,-34.6,-59,5.85,,,,,,,56,0,10,,-30.59
Rutgers,Temple,13,13.64,8.18,13.93,12.64,7.94,10.67,15.17,19,6.5,21,8.8,19,12.43,25.44,2.44,14,13.83,12.05,8.07,12.05,18.09,21.04,24.22,14.37,10.07,17.87,26.89,7.5,,12.75,22.8,6,25.9,22.66,20.5,12,14,15,,18.23,12.54,12,13.76,8.14,14.4,12,12.8,13,8.6,13.47,11.18,12.7,-0.61,,11.86,,9.36,11.8,12,,11,23.47,5,14,17.2,12.02,5.9,12,13.8,19,5.59,,,,,,,20,23,10,,13.52
San Diego St.,New Mexico,14,12.73,6.26,14.94,3.01,10.12,17.34,14.12,4,1.25,12,8.18,14,11.64,15.73,20.64,15,13.28,12.72,7.88,9.15,3.97,5.03,17.19,3.21,12.06,18.44,28.02,16.4,,14,14.48,5,13.58,16.31,19.2,16,17,14,,12.98,18,17,12.83,11.01,10.8,16,15.8,14,14,15.2,19.65,7.7,22.74,,10.81,,16.97,15.9,11,,15,18.07,9,20,18.4,16.69,16.9,5,19.9,17,5.19,,,,,,,30,35,10,,10.42
South Alabama,Arkansas St.,3,5.28,6.36,1.55,1.65,3.9,-0.96,5.42,3,-2,2,3.27,3,5.41,5.5,5.27,3.5,4.12,9.78,1.69,0.65,2.5,1.07,-2.46,6.66,9.55,2.74,6.8,6.8,,3,4.62,19,0.3,2.13,3,-3,2.5,2,,4.7,0.13,,2.97,9.69,5.9,3,0.7,3,4.8,2.06,8.39,8,16.26,,3.93,,3.62,-0.7,2,,3,6.2,1,7,21.6,4.43,6.1,1,-2.3,6,3.96,,,,,,,17,16,10,,1.7
South Carolina,Mississippi St.,13,15.9,13.08,13.1,11.82,12.48,17.2,16.68,18,17.75,13,12.83,15,15.34,17.44,18.66,12,15.59,17.64,10.09,14.85,21.72,18.09,15.27,17.98,14.26,17.01,17.21,15.7,,15.7,17.53,20,16.78,12.91,15.7,18,11.5,15,,16.66,11.66,14,12.94,13.54,16.4,14,15.6,13.5,18.9,13.84,21.56,8,-8.82,,7.45,,16.99,16.1,7,,21,18.47,5,15,28.2,9.98,13.1,2,23.3,12,4.16,,,,,,,16,34,10,,12.87
Syracuse,Wake Forest,4,2.99,-4.23,4.57,3.75,0.34,3.57,3.09,-1,14,3,1.61,2,3.18,7.5,8.53,3,2.41,-1.87,0.32,5.25,5.5,-4.17,6.9,1.71,-1.37,2.33,2.4,-5.4,,2.17,3.98,-1,1.18,0.61,1.8,7,3,0.01,,1.6,3.66,13,3.4,-3.38,-3.7,2,-0.8,4,-3.4,2.59,2.93,3.1,-2.1,,3.94,,7.92,1.4,2,,3,7.2,1,14,7.6,-0.67,-5.5,-3,8.8,5,4.12,,,,,,,0,13,10,,4.59
TCU,West Va.,12,9.24,7.31,16.53,15.19,7.64,7.46,7.99,3,2.5,8,8.19,6.5,10.7,6.99,4.98,14,8.38,3.94,8.96,10.15,8.19,4.5,4.5,4.16,5.58,7.63,6.59,5.1,,7.69,4.5,7,6.38,4.49,5.6,12,14,8,,7.74,12.25,7.5,11.98,6.24,14.6,10,13.2,11.5,5,11.54,7.5,10.3,4.35,,3.41,,13.09,11.7,9,,9,4.85,2,13,14.6,3.36,3.6,4,4.6,5,3.43,,,,,,,30,27,10,,13.31
Texas,Kansas,27.5,24.16,27.33,26.57,26.27,20.74,32.38,23.1,27,15,24,26.06,21.5,25.5,21.53,24.08,28,25.8,27.03,23.88,32.15,36.63,16.92,23.94,11.52,24.95,29.29,22.2,23.3,,26.42,21.17,23,23.66,20.3,19.8,31,27,29,,28.83,37.48,24,26.04,26.67,25.2,27,30.2,27.5,29.2,29.39,38.54,16.2,16.48,,7.5,,27.58,30.4,25,,36,22.44,13,28,30.9,14.96,20.9,16,30.7,24,5.72,,,,,,,13,35,10,,28.06
Texas A&M,UTEP,47,39.68,45.66,41.88,28.99,38.52,49.63,39.63,40,32,50,47.11,42.5,40.02,46.61,42.52,46,43.13,46.38,48.04,50.65,39.31,49.13,38.35,22.96,41.98,45.39,62.84,46.8,,44.34,44.06,41,44.62,43.91,45,45,45.5,44,,43.25,35.38,33.5,43.91,47.16,40,39,45.9,46.5,48.3,45.26,51.87,33.1,44.42,,20.52,,45.78,45,52,,49,45.08,25,39,35.9,30.04,44.3,33,49.5,59,7.16,,,,,,,7,57,10,,46.52
Texas Tech,Oklahoma St.,-1,1.44,-1.65,-2.87,0.37,-0.96,-3.88,2.77,2,2.5,3,-3.12,7,0.27,5,-3.74,3,0.68,0.75,-3.09,-3.65,0.88,-1.89,6.79,6,0.27,1.48,14.03,-0.01,,-0.2,8.17,-4,5.5,7.91,6.8,-4,-2.5,-1,,3.01,-1.79,-3.5,-2.72,-0.71,-0.3,-3,-6.1,-1,-5.2,-0.93,4.76,5.5,-10.11,,4.23,,-2.4,-5.9,4,,-3,10.23,-2,-6,8.5,0.75,-1.2,-1,-0.7,6,4.49,,,,,,,52,34,10,,0.89
Toledo,Eastern Mich.,31,28.85,31.33,27.81,26.65,28.15,28,29.64,31,25.5,30,36.51,23.5,28.36,36.85,25.88,31,29.31,34.96,36.06,32.35,17.13,32.88,26.02,11.17,29.57,25.12,35.36,35.2,,29.51,27.59,26,25.74,26.99,26.2,26,28,34,,27.46,27.6,25,28.46,34,29.7,25,33.7,31,33.2,30.55,33.07,26.4,18.29,,14.47,,24.44,31.3,39,,30,29.53,14,27,33.4,18.66,32.9,21,35.1,43,5.24,,,,,,,16,55,10,,29.44
Troy St.,Louisiana-Monroe,3.5,5.03,3.87,6.41,8.07,6.07,4.3,3.51,9,6.25,8,1.13,7.5,6.83,-2.14,-1.06,3,4.3,5.73,5.6,3.35,1.03,-0.92,2.61,6.07,2.36,7.99,0.83,7.6,,4,4.07,4,2.46,3.96,4.3,6,3,4,,4.82,-4.38,-1,2.54,2.15,1.3,0.01,-0.01,3.5,3.2,1.9,7.79,4.9,-4.81,,3.9,,4.36,-1.1,12,,5,0.56,2,4,24.7,3.03,5.7,3,5.7,4,4.20,,,,,,,49,37,10,,5.88
Tulsa,Texas-San Antoni,4,5.56,-1.26,10.32,1.79,-0.31,8.36,6.32,2,4,1,-1.87,4,5.09,1.43,0.81,3,4.04,2.57,-1.66,7.35,3.13,-0.19,14.74,1.37,-0.56,10.4,3.68,3.7,,4,-1.57,4,-0.01,0.28,1.1,15,3.5,9,,1.87,8.25,,4.82,-1.01,3.1,6,5.7,4,4.3,5.16,3.93,0.9,2.92,,4.01,,6.7,6.3,-1,,8,-0.62,2,13,5.3,-1,4.6,-2,4,2,4.33,,,,,,,34,15,10,,6.09
UAB,Middle Tenn.,-3.5,-2.64,-14.15,-3.1,-2.89,-7.93,-5.8,-3.29,-6,-9,-8,-9.28,-4,-1.71,-9.85,-7.37,-4,-6.35,-12.57,-12.91,-10.35,-1.97,-9.31,-10.99,1.54,-9.48,-10.84,3.73,-8.5,,-6.5,-7.81,-18,-8.1,-8.4,-8.3,0.01,-6,-9,,-6.3,-5.22,-4.5,-5.95,-12.95,-6.3,-1,-3.6,-4,-6.7,-4.64,-7.12,-3.5,-6.7,,-1.73,,-0.93,-2,-15,,-6,-7.23,-6,3,11.2,-6.68,-9,-5,-8,-11,5.01,,,,,,,24,21,10,,-4.47
UCLA,Colorado,28,23.23,27.07,24.94,26.3,18.91,28.09,22.4,26,24,25,25.54,21.5,24.33,22.03,35.54,27,25.53,21.85,25.34,30.75,34.84,37.69,34.09,18.42,22.22,26.76,20.67,25,,25.82,18.45,25,19.82,16.62,12.8,27,24,26,,25.86,27.4,34,25.78,24.88,24.7,25,32.5,28,27.3,27.28,27.56,21.2,29.51,,6.74,,27.21,32,32,,28,16.91,12,36,29.6,10.59,20.8,18,29.3,14,5.75,,,,,,,23,45,10,,26.58
UNLV,San Jose St.,-5,-2.43,-4.45,-0.46,6.8,-3.37,-3.56,-0.84,1,-8,1,-4.84,3.5,-3.73,9.41,-5.34,-4,-2.72,0.01,-3.78,-5.75,0.78,-0.37,-10.92,1.89,-3.55,-3.76,4.35,-8.4,,-3.74,6.51,-6,4.94,6.37,5,-5,-2.5,-4,,0.52,-8.52,-13.5,-4.79,-6.69,-2.2,-5,-8,-5,-2.1,-4.68,-6.5,-7.4,-21.15,,6.68,,-9.06,-7.6,4,,-9,7.31,-4,-7,-6.7,0.34,-9,1,-3.7,7,5.08,,,,,,,34,24,10,,-2.11
Utah St.,Hawaii,24,22.92,26.49,22.45,33.8,20.99,22.32,20.73,26,27.5,26,28.63,23,25.78,19.03,21.79,23,23.71,21.1,26.75,28.65,19.53,27.01,28.63,10.99,23.55,24.58,21.11,19.6,,23.97,25.02,13,22.3,20.81,17.5,27,21,25,,23.75,24.94,29.5,23.18,26.26,21.2,21,24.8,24,22,23.82,28.99,25.9,6.47,,8.62,,25.98,24,22,,28,27.84,12,28,31.5,23.97,16.2,21,24.2,26,4.07,,,,,,,10,47,10,,23.94
Virginia,Clemson,-18,-15.49,-19.63,-15,-15.92,-14.8,-16.93,-14.95,-17,-16.5,-17,-19.14,-17,-15.75,-14.71,-21.95,-17,-17.89,-13.18,-16.44,-17.45,-32.56,-24.59,-19.51,-21.03,-16.64,-21.19,-24.91,-10.9,,-17.03,-20.34,-8,-22.74,-21.26,-21.8,-17,-20,-16,,-23.94,-14.43,-21,-17.05,-19.82,-21.4,-16,-22.6,-18,-13,-17.76,-18.72,-16.4,-29.51,,-1.94,,-15.25,-22.4,-18,,-17,-24.09,-11,-21,-19.1,-14.22,-10.9,-18,-25.4,-16,3.17,,,,,,,59,10,10,,-16.04
Washington St.,Arizona St.,-11,-8.26,-14.24,-13.5,-13.01,-13.95,-16.87,-6.42,-4,-23.5,-10,-20.25,-2.5,-10.4,-2.61,-7.42,-12,-11.77,-9.94,-18.89,-18.55,-12.59,-21.94,-12.07,-4.75,-10.18,-11.47,-4.32,-8,,-12.33,-2.69,-23,-7.54,-5.42,-6.1,-16,-13.5,-11,,-11.31,-15.7,-13.5,-13.39,-14.98,-16.2,-11,-15.1,-11,-16.2,-13.38,-24.03,-13.8,-19.81,,3.71,,-10.9,-15.9,-8,,-19,-0.2,-8,-18,15.4,-6.93,-7.6,-13,-14.1,-8,6.74,,,,,,,55,21,10,,-12.58
Alabama,LSU,14,14.94,14.08,15.12,12.16,13.66,15.63,15.91,14,5.75,20,14.41,15,14.22,23.43,13.72,13,14.85,15.64,16.87,18.05,8,18.92,13.63,9,12.34,13.04,14.84,16.1,,14.5,16.12,8,13.42,13.14,11.3,13,9,19,,8.71,7.89,15,11.45,13.7,15.2,12,17.5,14,14.6,14.63,23.08,10.6,12.54,,9.57,,15.74,17.1,19,,20,15.7,9,17,26.5,8.16,14.7,10,21.5,11,3.92,,,,,,,17,38,11,,14.4
Arizona,UCLA,1.5,-0.1,-0.13,-2.03,0.32,0.87,-1.56,-2.36,3,1.75,2,-0.92,4,2.24,-0.3,11.06,-1,0.77,-2.06,-1.83,-4.15,-3.06,2.17,-0.56,-6.5,2.27,-1.04,-7.04,-1.4,,0.53,-1.24,5,-0.01,0.9,2.2,-1,-2.5,1,,0.01,1.68,-3,-2.01,0.56,3.5,1,2.1,1.5,0.5,-0.67,11.06,1.1,8.24,,2.31,,0.67,1.8,4,,-1,0.37,2,-4,11.3,0.46,-1.9,-1,2.4,-3,3.44,,,,,,,31,26,11,,-1.82
Army,Western Kentucky,-6,-2.75,-5.74,-2.95,-0.96,-5.14,-4,-2.76,-2,2.5,-6,-6.78,-4.5,-2.83,-7.82,-1.17,-7,-4.5,-9.37,-6.28,-5.55,-1.66,3.65,-6.17,-0.22,-2.71,-4.08,-10.38,-1.2,,-4.48,-8.11,-1,-6.5,-6.36,-4.3,-2,-5,-6,,-5.79,-4.45,,-5.86,-2.09,-1.3,-4,-3.6,-6,-7.4,-5.27,-10.72,-4,0.12,,-24.11,,-4.2,-4.9,-8,,-5,-4.49,-2,3,-5.5,-6.07,-2,-7,-7.4,-12,3.33,,,,,,,21,17,11,,-4.79
Ball St.,Central Mich.,21,18.22,25.36,20.94,21.34,21.52,20.28,15.71,26,19,26,24.54,22.5,20.66,8.06,16.67,21,20.97,20.38,25.63,22.05,30.31,24.52,26.74,13.86,23.69,17.69,17.93,25.3,,21.2,18.45,24,22.78,21.41,18,21,21.5,19,,25.23,15.08,17,20.97,26.85,22.2,21,23,21,21.1,20.49,22.21,22.3,24.03,,5.14,,19.04,21.3,21,,25,19.69,10,22,27.9,15.25,21.8,21,18.9,16,3.95,,,,,,,24,44,11,,19.96
Baylor,Oklahoma,16,14.44,33.81,17.31,19.34,20.99,16.18,15.84,26,22.25,13,32.59,3,13.15,28.45,23.77,15,17.45,21.98,31.35,26.05,8.47,10.95,-1.83,9.5,26.29,12.63,5.08,25.8,,16.75,5.05,10,3.5,4.09,3.6,21,9,12,,7.83,9.45,9.5,20.29,35.23,12.7,10,18,16,17.9,16.66,37.26,22.2,46.68,,7.66,,18.69,15.4,38,,28,7.1,12,7,29.6,8.41,20,17,14.4,7,9.69,,,,,,,12,41,11,,21.46
Buffalo,Ohio,4,5.74,4.7,1.85,4.15,4.95,11.46,5.82,11,9,1,9.7,2.5,5.56,6.25,9.89,4,6.56,10.34,4.41,7.55,3.56,1.08,-3.39,1.81,8.38,0.83,4.39,6.5,,5.65,4.33,4,3.82,2.04,3.8,10,2.5,8,,4.96,-0.01,-1,2.74,8.35,4.6,3,6.8,4,11.6,4.87,5.84,0.4,1.66,,0.95,,3.87,6.1,9,,8,3.33,3,10,15.9,4.61,3.5,-2,13.6,5,3.83,,,,,,,3,30,11,,3.66
California,USC,-18,-16.93,-20.42,-16.86,-27.12,-16.5,-18.9,-16.32,-19,-7.5,-20,-22.75,-17,-17.84,-17.67,-19.02,-17,-19.13,-20.48,-21.18,-20.75,-32.78,-26.26,-16.06,-8.86,-16.74,-19.59,-14.55,-16.5,,-19.1,-21.83,-28,-20.74,-20.92,-16.8,-22,-17,-18,,-24.47,-19.62,-16,-17.15,-19.18,-20.2,-17,-20.3,-18,-22.8,-18.67,-19.01,-14.8,-17.21,,-4.75,,-13.83,-19.2,-20,,-23,-21.06,-10,-17,-24.5,-14.68,-16.6,-17,-24.7,-22,3.96,,,,,,,62,28,11,,-16.8
Central Florida,Houston,13,8.4,6.04,6.99,5.96,4.67,7.03,7.53,8,13.25,5,6.33,2,9.24,8.46,12.31,10.5,8.02,5.96,5.86,9.45,9.81,0.77,8.64,11.3,4.76,15.38,12.15,6.7,,7.02,6.78,9,4.54,4.04,5.1,9,10,12,,6.67,6.84,13,9.38,6,5.3,6,10.4,12,7,9.4,12.99,6.2,3.76,,10.91,,12.22,10.2,9,,10,7.53,6,3,24,4.11,5.4,1,12.2,6,3.99,,,,,,,14,19,11,,10.36
Cincinnati,SMU,7.5,11.16,9.56,10.22,19.26,11.01,9.61,8.36,13,-8,15,12.85,13.5,14.07,-5.12,16.84,9,10.28,6.88,12.71,8.35,10.78,3.06,12,12.65,9.14,6.04,0.94,11.3,,10.41,5.17,7,6.62,7.56,4.9,19,7,8,,10.61,12.09,10.5,8.49,9.67,10.7,10,13.8,8,7.7,10.04,15.17,12.7,22.31,,3.21,,11.74,13.3,10,,12,4.83,6,21,29.5,8.14,9.2,13,9,5,5.76,,,,,,,25,28,11,,12.45
Colorado St.,Nevada,9,6.15,10.74,7.64,10.19,7.53,7.95,5.52,10,8.25,8,9.1,7,6.71,-1.42,3.95,9.5,8.08,9.58,9.69,11.95,5.47,17.15,-1.08,7.65,8.29,6.1,-4.42,14.1,,8.13,4.59,13,3.02,3.07,2.5,9,7.5,11,,6.47,6.81,0,6.18,9.37,9.6,5,12.5,9,12.7,8.76,14.85,9.7,-2.5,,0.26,,8.65,11.8,11,,9,8.76,1,7,22.2,4.38,13.7,4,7.4,5,4.48,,,,,,,17,38,11,,8.81
Connecticut,Louisville,-28,-24.69,-36.9,-27.68,-37.19,-27.27,-20.59,-22.77,-36,-16,-29,-32.49,-22.5,-27.2,-28.41,-21.96,-28,-27.71,-22.12,-36.58,-32.15,-27.5,-25.26,-30.7,-13.83,-26.52,-27.77,-32.21,-25.2,,-27.95,-33.59,-26,-32.5,-30.79,-25,-26,-27,-27,,-31.61,-24.1,-17.5,-29.29,-34.95,-32.6,-22,-31.2,-28,-29.3,-27.25,-35.86,-28.2,-36.74,,-8.85,,-19.35,-29.5,-32,,-29,-30.17,-17,-28,-27.2,-27.72,-22.2,-32,-27.9,-41,5.39,,,,,,,31,10,11,,-27.16
Duke,NC St.,10,11.91,8.96,4.84,16.27,10.25,7.7,12.25,15,10.25,17,12.45,15.5,11.47,9.15,5.71,9,11.67,17.04,13.01,7.95,23.59,13.74,12.04,6.2,10.25,11.29,15.46,11.4,,11.44,18.36,22,18.86,18.12,16.3,9,10,13,,18.85,10.88,2,4.98,7.54,9.9,9,11.6,10,14.7,9.74,7.97,9.2,-4.21,,5.58,,7.85,12.8,8,,10,16.32,1,1,23.5,11.29,10.5,11,13.4,10,4.72,,,,,,,20,38,11,,6.76
East Carolina,Tulsa,17,16.77,23.76,12.1,21.84,19.5,14.71,15.39,23,11.5,25,22.24,21,18.06,15.78,10.68,17.5,18.47,23.04,22.22,16.75,27.16,23.29,17.69,10.93,22.87,12.11,22.25,23.7,,19.02,25.19,18,23.42,24.57,22.4,14,14,17,,24.8,9.45,3,14.91,23.92,20.7,13,19.3,17,16.5,15.78,21.9,21.1,20.1,,13.31,,10.87,17.9,24,,19,28.42,7,10,29,15.64,19.8,18,13.2,21,5.61,,,,,,,24,58,11,,15.17
Eastern Mich.,Western Mich.,-3,1.83,1.06,-1.86,-0.8,-0.43,-4.07,1.77,7,-4.75,7,-3.66,6,1.84,2.73,-7.05,-3,-0.24,-3.27,-4.38,-2.95,2.72,2.69,7.31,2.37,-1.8,-0.88,8.9,-10.3,,-1.08,9.86,-6,5.18,5.8,4.4,0.01,-4,-5,,2.92,-1.15,-0.5,-2.96,-4.53,-1.3,-2,-3.9,-3,-5.4,-2.36,-4.83,-2.3,-0.15,,-11.6,,-0.83,-2.6,-6,,-1,10.51,1,-1,12.4,11.28,-13.8,-2,-5.7,-2,4.80,,,,,,,32,35,11,,-1.18
Florida,Vanderbilt,10.5,10.71,12.93,12.17,13.01,11.97,8.41,8.44,13,12.25,10,14.01,9,12.7,4.82,12.55,10,10.68,8.2,13.18,11.75,10.06,16.16,6.66,10.48,11.7,8.99,12.84,10,,10.75,7.42,6,9.34,7.41,8.3,12,7.5,7,,10.8,9.22,11.5,11.13,12.18,12.3,8,12,10.5,10.3,9.79,13.16,8.2,19.25,,3.28,,9.7,12.6,15,,9,8.76,3,14,25.7,4.69,6.5,3,5.1,5,3.54,,,,,,,34,17,11,,10.98
Indiana,Illinois,9,8.33,9.77,6.97,8.5,9.25,10.67,6.64,8,6.25,15,9.97,11,10,6.01,12.81,10,9.17,8.12,9.98,10.15,10.88,14.21,-0.89,7.56,9.16,7.91,7.97,8.3,,8.7,6.22,13,8.38,7.36,6.5,9,9.5,10,,9.66,14.4,10.5,7.79,9.28,8.7,8,8.5,9,9.7,9.8,12.56,8.3,15.58,,4.11,,9.56,8.8,10,,11,4.38,8,3,26.1,4.18,6.3,5,8.7,8,3.66,,,,,,,35,52,11,,9.81
Iowa St.,TCU,-7,-4.32,-7.29,-8.43,-11.23,-6.11,-2.5,-2.85,-8,-2,-8,-8.49,-4,-5.81,-14.86,-8.17,-7.5,-6.33,2.44,-9.31,-8.15,-10.22,-3.31,-2.51,-0.73,-1.88,-6.95,-13.41,-6.4,,-6.11,-8.09,-6,-7.86,-6.04,-6.5,-10,-6.5,-6,,-5.82,-9.39,-2.5,-9.12,-4.54,-14,-6,-11.5,-7,-2.9,-6.84,-8.31,-8.7,-1.13,,0.18,,-5.3,-10.7,-3,,-4,-6.28,-3,-1,-6.1,-4.58,-5.5,-11,-2,-5,3.35,,,,,,,21,17,11,,-8.9
Kentucky,Missouri,-15,-18.59,-20.62,-15.03,-24.58,-16.49,-22.83,-20.77,-20,-17,-24,-21.23,-22,-16.5,-27.48,-19.65,-14.5,-20.47,-21.55,-20.68,-20.75,-39.34,-25.16,-25.41,-19.01,-20.52,-19.1,-42.95,-21,,-20.69,-27.81,-31,-27.78,-28.38,-25.6,-17,-13.5,-16,,-27.67,-16.7,-15.5,-16.93,-21.56,18.7,-18,-19.1,-16,-23,-17.52,-21.45,-13,-36.25,,-15.69,,-14.39,-20.5,-23,,-19,-23.87,-11,-14,-20.1,-16.52,-20.7,-21,-23.7,-53,5.12,,,,,,,48,17,11,,-17.24
Louisiana Tech,Southern Miss.,17,14.36,10.69,16.48,26.47,12.08,16.03,15.06,20,16,17,17.6,15,13.58,13.83,12.22,16,15.47,12.69,18.32,22.55,-5.09,21.48,12.6,9.84,14.71,15.3,6.96,17.3,,15.03,18.54,8,11.98,13.15,9,18,14,17,,8.9,14.38,22,12.72,18.23,17.2,11,15,17,14.8,16.56,23.21,15.8,4.08,,14.41,,11.15,14.7,18,,19,22.05,11,21,19.9,19.7,15.5,15,21.4,10,4.09,,,,,,,13,36,11,,18.12
Louisiana-Lafaye,Troy St.,14,15.51,17.84,12.84,13.54,13.98,16.05,14.77,15,13.25,17,14.05,14,16.16,8.62,8.19,14,15.33,15.7,16.86,22.85,20.31,22.58,16.9,12.08,13.92,11.47,11.65,11.9,,15,11.81,17,13.26,13.12,13.2,18,13,15,,16.78,18.84,11.5,11.4,15.25,15.4,12,16.4,14,17.2,16.42,16.09,15.5,13.48,,4.63,,13.37,16.7,15,,21,13.79,8,21,29.3,8.9,8.4,9,21.3,10,3.93,,,,,,,36,41,11,,13.68
Louisiana-Monroe,Arkansas St.,3,3.58,0.65,-0.1,-1.31,-0.37,1.13,5.82,6,-1,2,-2.47,5.5,1.29,6.82,-3.42,5,2.64,6.28,-2.5,-0.65,5.59,0.01,-1.18,0.48,4.16,6.57,6.73,-1.3,,2.36,8.23,-1,6.38,6.64,5.2,-1,3.5,5,,5.07,5.88,-2,0.43,1.56,3.2,6,0.4,3,4.3,3.16,2.36,0.6,-9.65,,3.91,,3.38,0.01,,,1,13.37,2,-1,6.2,2.83,-1.7,-1,5.6,6,3.44,,,,,,,42,14,11,,2.78
Marshall,UAB,24.5,19.12,28.65,22.46,23.79,21.47,19.35,16.29,24,22.25,26,25.35,20.5,22.07,16.14,27.32,23.5,21.24,20.25,26.97,24.45,13.06,16.34,17.62,11.72,21.62,16.95,15.24,21.4,,21.44,17.72,26,16.78,18.29,14.9,24,20.5,19,,20.04,19.55,16.5,21.81,26.27,22.5,17,21.9,24,19.9,21.74,25.44,26.5,32.14,,13.36,,21.25,19.9,27,,24,18.96,12,24,31.2,13.64,17.8,20,16.6,15,4.36,,,,,,,14,56,11,,25.44
Maryland,Syracuse,6,4.3,6.61,4.46,0.98,6.79,-4.72,3.11,2,-6.5,4,7.3,4.5,5.39,13.48,8.53,6,3.33,0.46,7.82,0.01,2.97,9.37,2.23,6.3,5.01,3.54,10.65,5.6,,4.15,5.04,2,5.58,5.42,8,-2,3,-2,,5.91,-4.98,-3.5,4.48,4.87,4.8,1,1.6,6,-5.2,1.86,7.84,4.3,33,,3.59,,2.35,-0.9,-2,,1,5.21,-1,3,15.9,2.7,3.7,1,-4.6,4,4.50,,,,,,,20,3,11,,5.43
Miami (Fla.),Virginia Tech,5.5,6.95,6.91,5.69,6.76,5.99,9.74,7.68,11,2,8,7.91,6.5,6.14,16.35,7.56,7,8.41,7.89,7.7,7.35,13.44,12.9,14.81,9.75,9.43,13.09,3.44,6.8,,7.9,12.19,4,11.74,10.63,8.5,9,6,11,,10.22,7.11,3,6.93,9.77,11.2,7,11.3,6,9.6,8,3.86,9.7,-3.29,,19.5,,7.43,10.1,5,,13,10.34,3,6,4,6.65,4.9,7,12,12,2.97,,,,,,,42,24,11,,7.19
Miami (Ohio),Bowling Green,-23.5,-22.2,-24.49,-22.12,-21.32,-21.93,-23.11,-22.33,-19,-21.25,-21,-30.34,-18,-22.19,-28.66,-20.21,-23.5,-22.05,-21.93,-27.12,-26.65,-0.75,-26.22,-23.13,-8.38,-19.76,-20.02,-31.94,-22.3,,-22.06,-25.19,-16,-21.86,-23.93,-21.2,-23,-24,-22,,-16.64,-20.85,-10.5,-22.99,-24.48,-21.7,-20,-26.7,-23.5,21.6,-24.01,-31.01,-20.8,-17.78,,-19.74,,-20.45,-24.8,-24,,-27,-23.02,-12,-17,-17.7,-25.14,-22.1,-23,-23.3,-31,7.47,,,,,,,45,3,11,,-20.38
Michigan,Nebraska,7,6,4.81,5.29,4.51,4.74,5.74,7.35,7,7.75,9,3.78,8.5,4.41,8.82,10.22,7,6.27,7.91,3.21,2.45,9.78,-4.45,6.34,5.8,6.92,9.86,11.28,8.4,,6,9.54,9,9.26,8.2,8.3,6,6.5,4,,8.59,5.69,8.5,5.3,6.45,5.1,7,3.4,7,5.6,5.57,2.85,4.9,5.44,,4.75,,5.2,3,6,,6,10.37,3,11,16.9,3.37,8.4,1,5.3,9,3.35,,,,,,,17,13,11,,5.2
Middle Tenn.,Florida Intl.,18.5,18.88,22.16,16.81,18.26,19.28,14.1,18.19,33,18.5,26,26.62,22.5,19.61,28.08,15.49,18.5,20.65,25,25.89,20.15,4.16,21.23,21.98,8.33,22.92,21.45,9.22,24.7,,20.12,27.51,18,24.54,22.53,19.4,16,17,18,,17.99,27.14,11,20.46,27.44,22.1,17,20.1,18.5,19.9,19.09,24.33,18,25.87,,41.17,,17.29,19.4,30,,19,29.44,9,10,28.3,22.98,21.4,14,19.6,33,5.55,,,,,,,0,48,11,,20.19
Minnesota,Penn St.,3,1.72,3.29,-0.3,7.04,4.27,2.25,2.68,9,-11.25,8,3.53,9.5,0.72,-2.18,1.23,3,3.82,4.3,4.12,2.65,5.66,8.36,4.54,1.9,6.01,5.18,3.41,5.8,,3.96,7.13,9,6.86,9.06,7.4,2,1.5,5,,6.22,2.64,-4,-1.72,3.83,2.8,0.01,4.9,3,8.6,2.83,3.92,2.6,24.73,,3.45,,-0.22,4.2,4,,9,9.04,-3,-4,13.1,2.68,2.5,3,0.5,5,4.16,,,,,,,10,24,11,,2.88
Mississippi,Arkansas,17,17.17,24.68,16.32,24.63,16.9,21.01,17.72,24,15,19,22.1,17,16.87,16.07,18.74,17,20.24,20.05,21.45,24.15,28.31,12.85,14.16,12.85,22.93,15.39,22.89,21.5,,19.62,19.23,29,18.14,16.8,15.6,21,17.5,20,,23.35,21.07,17.5,18.22,27.09,22.3,18,29,17,24.7,19.93,25.98,18.6,26.53,,16.26,,15.74,27.9,19,,24,19.58,10,14,27.6,12.27,18.8,13,25.1,16,4.29,,,,,,,24,34,11,,18.82
Navy,Hawaii,16,17.09,14.24,13.72,23.66,13.66,13.48,16.86,20,3.75,24,16.45,21,17.24,22.15,11.21,17,16.7,20.37,16.2,14.65,12.94,7.94,22.78,7.57,15.15,16.48,25.06,17.7,,16.42,28.84,6,25.34,24.24,21.6,15,17,20,,19.84,14.33,16.5,14.56,14.09,18.4,13,16.4,16,13.8,15.99,15.3,15.5,33.7,,22.37,,11.26,16.7,18,,16,32.68,7,11,26.7,23.86,15.9,17,19.6,25,5.58,,,,,,,28,42,11,,15.39
New Mexico,Air Force,3,2.23,8.61,1.99,8.24,4.52,2.69,0.74,8,16,7,7.56,4.5,3.64,5.4,0.68,3,4.56,2.48,7.41,6.65,3.81,-0.17,-3.19,8.22,7.75,-0.71,4.79,2.3,,3.8,4.1,6,2.3,1.69,1.9,3,1.5,0.01,,3.79,4.61,1.5,3.42,8.18,3.8,2,4.3,3,4,3.11,7.4,6.8,3.36,,3.26,,2.68,3.5,6,,3,4.32,2,4,25.5,-8.74,0,2,-1,4,4.66,,,,,,,37,45,11,,3.02
New Mexico St.,Boston College,-24.5,-24.77,-30.22,-24.82,-14.66,-21.85,-24.38,-27.66,-22,-19,-23,-32.47,-16.5,-22.13,-27.93,-23.97,-24,-24.44,-34.38,-32.16,-25.05,-7.53,-31.33,-19.44,-8.38,-28.82,-27.56,-40.79,-30,,-24.19,-27.91,-16,-21.78,-21.41,-20.3,-24,-24,-26,,-20.55,-17.93,-16.5,-28.17,-36.43,-23.8,-23,-28.9,-24.5,-22.4,-24.01,-24.58,-23.2,-25.39,,-40.76,,-17.19,-26.5,-36,,-27,-23.4,-14,-14,-28.3,-23.53,-31.4,-18,-25.2,-56,6.10,,,,,,,48,34,11,,-23.39
North Carolina,Virginia,13,12.67,16.19,13.7,9.84,12.08,16.14,10.65,20,12.5,13,14.35,11.5,14.6,0.13,8.44,14,13.64,12.48,10.85,18.95,17.53,7.41,4.64,9.82,14.64,12.98,1.07,11.7,,14,11.46,9,11.02,10.49,10.7,17,14,14,,14.52,16,15,12.14,16.31,19.1,14,19.6,13,17.9,15.82,19.34,10.4,-8.7,,3.91,,14.28,18.9,15,,19,19,8,18,26.6,7.41,8.5,7,22.7,8,4.68,,,,,,,14,45,11,,16.01
North Texas,UTEP,26,23.71,31.36,24.32,28.72,23.98,26.46,21.35,32,15.5,33,29.24,30,26.13,27.66,23.82,25,26.88,31.66,29.51,28.65,17.66,29.24,24.58,10.99,28.52,21.64,40.67,29.8,,27.93,35.94,24,32.06,34.07,30.7,23,24,26,,28.61,25.71,13,21.14,30.96,22.7,22,24.5,26,30.2,25.69,26.05,28.2,32.05,,41.32,,19.77,22,35,,29,37.97,14,24,29.8,25.75,27.8,20,31.1,36,5.91,,,,,,,7,41,11,,24.08
Oklahoma St.,Kansas,31.5,27.98,31.89,28.42,33.43,26.07,33.26,26.53,33,19,30,33.09,28,29.41,21.38,35.44,31,29.41,30.18,30.38,31.45,42.34,24.47,26.16,24.2,30.75,31.94,22.16,28.4,,29.92,26.06,27,28.46,27.76,22.6,34,32,29,,34.11,37.46,28.5,30.49,32.37,26.3,31,31.6,31.5,32,31.98,36.96,27.6,24.62,,11.47,,31.46,31.3,33,,38,27.55,16,25,29.7,18.23,25.3,26,33.9,19,4.63,,,,,,,6,42,11,,29.84
Pittsburgh,Notre Dame,-4,-5.42,-2.71,-5.48,-1.91,-2.04,-7.58,-4.76,-1,-1.75,-5,-1.15,-6,-6.18,-2.3,-6.12,-4.5,-5.81,-0.64,-2.09,-6.45,-16.22,-1.97,-15.83,-0.01,0.21,-15.4,-1.02,-4.9,,-5.45,-7.47,-12,-12.5,-10.96,-8.5,-7,-3.5,-12,,-9.74,-11.33,-6,-3.28,-1.1,-8.7,-7,-8.2,-4,-4.2,-6.4,-4.04,-2.1,19.05,,1.76,,-8.67,-9.8,-8,,-4,-5.42,-5,-8,12.8,-3.9,-7.3,-7,-12.8,-9,4.65,,,,,,,21,28,11,,-4.29
Purdue,Iowa,-16,-17.75,-26.55,-13.73,-30.03,-18.64,-15.29,-17.06,-18,-9.75,-13,-26.09,-12.5,-18.55,-23.16,-25.02,-15,-17.49,-19.34,-25.13,-20.05,-22.13,-18.46,-9.08,-10.05,-19.94,-13.28,-16.59,-15,,-17.45,-15.07,-22,-13.14,-12.02,-10.6,-14,-14.5,-16,,-19.3,-9.36,-9,-18.04,-27.37,-17.4,-12,-18.5,-16,-12,-15.44,-24.54,-17.5,-46.85,,-4.62,,-13.03,-15.5,-22,,-19,-15.09,-11,-28,-21.1,-21.92,-13.5,-19,-12.4,-38,5.40,,,,,,,38,14,11,,-16.39
San Jose St.,San Diego St.,7,8.29,8.49,2.87,7.12,7.06,4.88,7.41,18,8.25,12,8.39,12,9.08,9.31,0.76,7,7.75,9.6,7.32,7.55,10.34,3.27,13.33,2.01,7.18,4.44,1.72,7.8,,7.45,10.27,8,11.1,8.8,6.8,7,6.5,7,,9.52,4.66,4,4.02,6.16,6.1,5,8.2,7,10.6,6.74,10.42,7,10.11,,7.19,,6.8,7.5,15,,8,11.7,-1,3,23.1,4.6,4.8,3,10,3,4.15,,,,,,,34,30,11,,5.33
Stanford,Oregon,-11,-6.61,-11.95,-13.78,-6.27,-4.61,-9.08,-11.36,-6,0.75,-4,-2.93,1,-3,-13.82,-16.6,-10.5,-6.67,-16.78,-10.97,-10.25,0.28,-13.12,0.16,0.01,-7.52,-7.78,-2.01,-12.5,,-7,-1.62,3,-0.26,3.24,4.1,-9,-7.5,-8,,2.03,-1.45,-9.5,-12.79,-13.14,-11,-6,-8.5,-10.5,-9.1,-8.24,-17.35,-11.8,-18.88,,-9.96,,-3.23,-6.6,-14,,-7,0.03,-5,-7,8.1,-3.78,-14.1,-12,-6.1,-7,5.77,,,,,,,20,26,11,,-11.19
Tennessee,Auburn,-8,-6.35,-10.38,-6.13,-14.78,-6.88,-5.67,-4.8,-9,-2.75,-11,-10.15,-11,-7.77,1.87,-1.84,-8,-8.38,-6.09,-11.05,-7.95,-16,-4.22,-9.13,-15.85,-6.01,-10.8,-10.83,-9,,-8.1,-10.67,-21,-10.74,-11.69,-8.1,-7,-7,-10,,-11.34,-4.45,2.5,-6.02,-8.1,-9.1,-4,-9.3,-8,-10.4,-6.87,-14.8,-9.6,1.98,,1.75,,-6.65,-8,-10,,-4,-11.57,-5,-7,-6,-6.1,-10,-15,-10.1,-7,3.79,,,,,,,55,23,11,,-5.98
Texas A&M,Mississippi St.,20,17.8,16.24,19.38,11.33,16.36,24.06,18.9,17,14.25,16,14.48,16.5,16.58,17.27,23.24,19,17.75,18.8,17.41,21.15,22.88,21.44,13.23,19.13,14.67,19.1,19.05,20.1,,17.8,16.56,16,14.46,14.66,14.5,24,19,19,,18.39,13.12,23.5,16.7,15.72,19.4,16,19.1,20,22.6,19.04,17.79,12.7,15.91,,16.8,,20.86,18.7,15,,21,16.88,13,21,16.3,12.01,18.3,11,23.4,19,3.23,,,,,,,41,51,11,,18.98
Texas Tech,Kansas St.,3,2.67,-2.77,3.06,4.47,-1.36,-4.39,3.08,9,3.25,12,-2.76,13.5,2.12,3.43,-2.97,3,2.38,-3.38,-3.86,-2.25,7.66,-3.07,9.73,9.5,-1.01,1.24,27.71,-4.8,,1.12,12.4,-1,15.42,12.58,9.6,1,2.5,-1,,7.41,3.66,-8.5,-0.64,-4.79,3.2,3,-0.4,3,-5.3,1.21,4.23,1,-2.19,,3.33,,-0.68,0.01,5,,-1,10.37,-5,-3,4.8,2.89,-5.2,6,-3.4,2,6.75,,,,,,,49,26,11,,3.08
Texas-San Antoni,Tulane,9,2.78,4.11,5.9,-1.61,3.1,6.35,1.9,3,0.5,-0.25,4.47,-1.5,3.55,-4.14,2.27,9,2.19,0.58,4.84,5.05,-4.87,-8.2,-4.37,1.35,3.1,0.16,-15.37,-2,,3,-3.7,3,-5.06,-6.5,-4.3,2,7.5,3,,-1.66,6.97,,5.16,4.31,4.2,4,5.2,7.5,3.9,6.57,12.26,3.2,17.66,,-1.27,,10.02,5.8,-2,,9,-6.84,3,10,13.5,-2.14,-5.6,-3,7.1,-5,5.35,,,,,,,7,10,11,,7.07
UNLV,Utah St.,-16,-14.34,-23.69,-16.69,-15.13,-16.02,-15.67,-10.99,-13,-23,-10,-24.51,-4.5,-18.23,-1.85,-21.22,-14,-14.85,-12.28,-22.95,-23.85,-13.44,-10.28,-9.43,-3.75,-17.2,-13.9,5.71,-18.8,,-16.85,2.15,-20,3.1,4.2,4.1,-19,-13,-18,,-9.67,-18.14,-19.5,-19.04,-25.15,-12.5,-15,-17.6,-16,-18,-17.08,-23.55,-21,-39.12,,2.01,,-20.85,-16.3,-23,,-22,2.33,-12,-24,-26.9,-5.48,-18.1,-10,-16.4,-4,8.63,,,,,,,28,24,11,,-18.46
Utah,Arizona St.,-7,-6.6,-12.7,-8,-12.85,-9.67,-14.02,-4.99,-8,-9.75,-6,-11.6,-4,-8.92,-0.27,0.89,-7,-8.44,-9.02,-12.93,-13.05,-10.72,-16.72,-1.51,-0.25,-8.17,-7.17,-2.07,-7.3,,-8,-5.03,5,-7.46,-7.5,-6.9,-12,-7,-8,,-7.56,-10.28,-4,-9.12,-11.94,-15.4,-8,-13.9,-7,-16.2,-9.7,-15.66,-11.3,4.54,,2.67,,-5.78,-13.4,-7,,-13,-6.88,-8,-8,8.8,-6.43,-6.6,-12,-14.8,-6,4.75,,,,,,,20,19,11,,-11.13
Wake Forest,Florida St.,-35,-27.51,-39.32,-30.65,-26.6,-29.86,-24.84,-28.11,-25,-29.75,-25,-41.68,-21.5,-27.32,-36.35,-27.12,-35,-29.18,-29.77,-42.16,-37.85,-32.88,-37.99,-22.88,-21.26,-29.81,-23.27,-30.68,-31.9,,-29,-29.82,-29,-23.94,-25.33,-23.5,-29,-35,-26,,-24.57,-21.41,-31.5,-35.08,-40.7,-30,-23,-30.1,-34,-26.5,-30.98,-42.18,-31.8,-34.74,,-20.7,,-27.08,-29,-41,,-33,-26.47,-18,-25,-21.8,-16.39,-31.7,-29,-30.3,-38,6.22,,,,,,,59,3,11,,-31.11
Washington,Colorado,29.5,23.11,26.43,24.09,26.91,20.23,26.22,21.34,22,23.75,24,27.31,21,24.82,19.23,35.18,28,24.27,22.12,27.34,27.35,31.44,32.28,27.1,13.72,22.16,23.4,10.97,25.1,,25,15.49,29,19.1,16.49,12.9,26,26,25,,24.91,27.09,28,25.49,26.02,28.5,25,35.1,28.5,24.4,26.77,28.16,19.3,35.51,,10.32,,26.16,33.6,26,,27,14.57,13,25,26.7,12.68,23.3,19,25.2,15,5.33,,,,,,,7,59,11,,26.4
West Va.,Texas,-6,-7.2,-8.5,-13.51,-12.88,-6.37,-10.74,-5.41,-4,1,-10,-7.71,-6,-8.96,1.22,-4.18,-7,-8.39,-7.11,-9.4,-15.65,-15.5,-13.91,-6.63,-2.86,-4.38,-5.48,-6.53,-3.9,,-8.69,-6.09,-12,-10.1,-8.68,-5.8,-10,-8,-9,,-10.92,-13.96,-6,-8.83,-6.55,-12.4,-9,-13.6,-6,-12.7,-10.26,-11.22,-8,7.61,,1.47,,-10.83,-13.6,-12,,-12,-4.11,-5,-7,5.2,-6.55,-5.5,-11,-8.7,-8,4.11,,,,,,,47,40,11,,-11.02
Wisconsin,BYU,9,9.91,7.74,7.67,12.7,2.5,10.92,10.92,8,4,2,6.54,3.5,8.64,0.43,11.05,7.5,7.03,9.96,6.02,9.65,5.19,9.85,0.75,3.75,6.93,7.18,2.89,10.9,,7.82,2.96,-1,-0.34,-1.98,-1.1,11,7.5,7,,3.39,3.48,6.5,7.99,9.3,10.7,7,8.7,9,7.9,8.11,12.2,4.7,25.71,,4.6,,10.01,8.6,17,,11,-0.47,5,8,13.1,3.5,8.2,4,7.3,8,4.08,,,,,,,17,27,11,,10.75
Wyoming,Fresno St.,-8,-7.09,-10.85,-13,-3.84,-7.4,-14.9,-7.84,-8,1,-18,-9.89,-14,-6.42,-26.43,-14.29,-10,-12.43,-10.03,-9.18,-14.05,-30.13,-21.86,-22.58,-6.89,-9.57,-19.8,-27.14,-6.6,,-11.54,-22.48,-7,-23.54,-20.42,-20.5,-12,-14,-15,,-20.3,-10.87,-14,-11.47,-10.53,-11.6,-10,-12.7,-8.5,-12.4,-11.39,-13.93,-7.9,-24.6,,-20.12,,-8.34,-13.4,-6,,-12,-22.44,-5,-7,-5.7,-10.9,-7.8,-13,-12.6,-22,6.13,,,,,,,48,10,11,,-10.43
Arizona,Washington St.,12,11.03,11.61,12.86,13.73,11.46,10.17,9.8,11,10.25,13,13.27,11.5,12.77,6.35,15.24,13,12.02,9.33,11.65,10.85,15.03,9.86,17.52,9.15,12.05,13.2,6.66,9.3,,11.55,8.18,18,8.7,9.68,7.9,15,12.5,11,,12.84,16.3,15,11.6,13.07,12.7,10,13.2,12,10.2,12.5,19.42,11.6,2.3,,3.32,,11.81,15.6,11,,13,11.36,5,11,28.4,6.71,7.2,8,9.6,7,3.65,,,,,,,24,17,12,,12.2
Arizona St.,Oregon St.,14.5,16.04,17.73,12.41,15.33,14.45,12.18,15.06,21,13,21,17.96,17,17.83,5.09,14.17,14,14.24,13.53,18.85,15.75,15.5,20.91,5.97,4.75,13.03,10.73,15.48,14.1,,14.11,13.69,16,15.42,14.12,12.7,14,13.5,11,,13.97,9.6,3,12.36,15.33,17.9,12,12.3,14.5,16,13.66,17.84,13.7,21.81,,4.03,,15.55,10.4,15,,17,12.65,7,8,29.4,7.82,10.9,11,13.1,9,4.52,,,,,,,17,30,12,,15.47
Arkansas St.,Texas St.,7.5,9.57,10.81,11.46,7.86,9.42,14.06,10.24,9,10,8,11.64,6.5,9.08,4.8,13.62,7.5,9.66,10.72,11.75,10.35,9.64,3.98,8.27,0.27,9.89,6.05,9.37,10.3,,9.95,7.39,6,7.02,5.52,5.9,16,7,10,,8.05,10.55,,10.15,11.23,6.3,10,13,8,15.3,10.02,15.3,6.4,6.48,,4.51,,11.17,13.7,15,,14,9.62,3,7,17.6,1.83,7.9,1,9.3,6,3.81,,,,,,,21,38,12,,10.53
Auburn,Georgia,4,7.57,8.29,2.07,12.09,6.46,7.14,7.87,13,11.75,14,7.1,13,7.52,6.8,0.32,4,7.81,8.64,8.47,7.25,8.61,1.11,10.93,14.45,6.71,10.57,11.76,6.4,,7.63,11.04,2,9.42,10.16,8.2,8,3,9,,7.68,-0.65,-8.5,-0.49,5.95,9.2,1,7.5,5,12.6,4.85,11.19,4.8,13.41,,4.72,,0.46,6.9,10,,7,12.37,-2,3,22.2,4.42,5.2,6,8.4,6,5.39,,,,,,,38,43,12,,2.89
Baylor,Texas Tech,27,22.41,34.38,23.02,21.14,21.83,22.05,26.39,26,20.25,28,32.88,11.5,19.14,28.98,8.94,27,23.34,25.51,32.54,32,20.28,33.95,13.18,19,29.31,19.88,19.94,32.8,,22.72,14.78,22,14.72,13.87,12.6,27,24.5,18,,15.23,17.13,15,25.25,34.66,19,14,23.9,27,26.4,25.36,31.9,25,29.85,,31.28,,19.54,21.4,33,,31,21.86,16,24,31.8,11.34,28,22,28.4,20,6.98,,,,,,,34,63,12,,30.91
Boise St.,Wyoming,24,23.2,25.55,24.03,13.43,19.42,24.25,23.85,23,9.5,22,24.34,18.5,22.74,26.65,20.53,23,22.07,24.18,24.42,27.45,30.97,20.58,23.82,6.33,20.19,26.89,22.93,19.2,,22.67,19.3,15,16.06,16.06,17.2,29,20,25,,22.42,20.29,19.5,19.62,22.56,18.2,19,23.3,24,29.4,23.71,29.61,19.5,17.17,,23.76,,23.28,22.6,28,,28,24.9,10,22,31.8,11.61,15.5,12,24.1,14,5.66,,,,,,,7,48,12,,25.86
Boston College,NC St.,7.5,14.12,7.99,8.24,9.89,8.45,4.63,17.21,11,11,12,9.68,11.5,11.19,5.23,8.51,7.5,9.41,13.69,9.37,4.25,18.33,0.74,4.44,2.45,9.99,9.27,19.64,14.1,,9.14,16.45,10,15.02,15.63,14.5,7,7,9,,13.76,2.1,0,5.08,8.59,9.4,8,12.9,7.5,6.9,6.84,1.76,5.9,29.16,,6.01,,6.41,12.7,9,,8,18.68,2,1,20.2,9.11,14.5,6,6.6,10,4.89,,,,,,,21,38,12,,8.19
Bowling Green,Ohio,10,9.07,7.75,10.21,7.1,10.89,14.96,7.43,10,11.5,4,17.93,3,10.94,0.4,12.05,10,10.59,5.77,11.13,15.25,5.31,7.17,6.14,4.27,6.54,5.94,0.94,9.3,,9.23,-1.74,12,0.7,-0.73,2,19,9.5,10,,4.78,9.86,4,6.95,7.71,7.6,8,10.5,10,11.7,11.47,14.04,8.7,8.87,,-1.57,,11.02,10.6,13,,15,-2.96,5,25,17.1,4.16,7.1,1,,2,5.50,,,,,,,0,49,12,,9.43
Clemson,Georgia Tech,11,8.84,9.22,11.39,5.83,7.42,9.23,11.13,12,7,9,9.48,10.5,6.06,17.09,8.14,11,9.78,9.46,4.12,9.95,12.64,2.23,17.62,15.3,8.52,16.36,12.79,5.8,,9.47,13,-1,11.66,12.17,11.9,11,10,10,,10.83,4.75,12,9.24,9.39,12.9,8,12.1,11,8.5,9.82,11.96,9,11.21,,10.57,,2.95,11.1,8,,12,12.83,3,7,12.8,7.01,5.6,5,17.6,9,3.40,,,,,,,31,55,12,,13.4
Colorado,California,1,9.02,0.01,-0.18,9.02,4.65,-1.66,12.13,7,-4.5,13,4.02,10.5,6.05,12.31,-0.53,3,4.09,8.22,2.04,-2.55,5.67,-6.39,-0.48,5.96,4.39,0.65,14.75,1.9,,2.45,16.25,-1,10.3,12.97,11.1,3,1,0.01,,7.81,1.61,-9,-0.01,1.59,4.3,1,-1.1,1,0.5,1.12,-2.8,4.4,-6.46,,4.53,,-0.36,-0.8,9,,-1,19.91,-4,-4,25.9,7.52,0.2,3,-0.4,9,6.83,,,,,,,24,41,12,,5.19
Duke,Miami (Fla.),-4,2.11,-1.15,-3.47,0.82,0.49,3.7,1.81,3,6.5,1,-2.32,2,2.61,-4.64,-1.15,-3,0.74,3.86,-0.96,3.35,-4.11,8.96,0.4,-4,-1.96,3.25,-1.74,33,,-0.46,-0.84,3,-0.34,0.56,1.1,-2,-3,4,,-1.07,-1.76,-2,-6.58,-3.51,-7.5,-3,-8.1,-3,8.4,-0.44,-2.42,-1.1,-10.67,,2.94,,-2.08,-7.5,-6,,-1,-3.39,-2,-3,9.1,0.51,0.8,-2,8.1,-3,3.67,,,,,,,30,48,12,,-0.59
East Carolina,UAB,28.5,24.9,31.75,24.03,27.94,24.71,28.88,24.87,28,19.75,35,28.01,26,25.13,17.76,26.77,27,26.65,26.52,29.81,32.45,25.36,32.35,29.84,12.99,26.55,23.14,26.71,28.7,,26.89,24.97,32,26.22,28.7,24,26,25,29,,28.86,23.33,22,24.42,30.67,28.9,21,29.3,28.5,26.6,27.33,31.45,30.8,34.85,,12.26,,22.92,28.2,28,,30,25.84,13,24,31.2,17.51,26,23,26.3,25,4.43,,,,,,,14,63,12,,27.12
Florida St.,Syracuse,39,34.99,45.1,34.17,28.89,32.28,26.92,38.62,35,32.5,32,44.23,28.5,33.01,33.69,40.3,39.5,33.59,33.91,43.47,38.95,31.03,46.18,24.99,29.17,36.6,26.59,32.47,41.7,,33.8,31.09,31,25.1,25.78,24.6,35,38.5,26,,25.75,27.07,28,37.05,47.21,40.1,26,38.3,38.5,28.7,34.9,41.84,36.4,37.27,,18.27,,29.74,35.7,36,,40,31.12,18,38,30.3,16.37,37.9,26,24.5,30,6.93,,,,,,,3,59,12,,35.22
Hawaii,San Diego St.,-5.5,-2.41,-2.53,-7.81,-7.43,-2.53,-8.42,-3.95,1,-2,-12,-2.59,-9.5,-0.71,-23.24,-6.38,-5,-7.09,-4.79,-3.2,-5.75,-5.03,-7.11,-20.76,-2.09,-5.17,-9.87,-23.19,-2.3,,-5.97,-21.08,4,-17.54,-19.49,-16.2,-5,-5,-8,,-10.87,-10.6,-16,-5.95,-4.42,-5.5,-6,-6.6,-5.5,-4.1,-6.46,-5.25,-2.6,11.42,,-21.37,,-1.37,-6.7,-1,,-5,-23.38,-6,-10,8.4,-20.38,-3.8,-14,-13.3,-27,6.92,,,,,,,28,21,12,,-4.32
Illinois,Ohio St.,-36,-20.26,-27.52,-24.42,-27.9,-18.52,-30.02,-20.41,-29,-24,-35,-26.93,-25.5,-19.92,-24.33,-22.48,-32.5,-25.79,-21.71,-26.57,-31.95,-35.47,-21.44,-25.04,-20.82,-22.51,-27.4,-27.99,-23.3,,-25.46,-25.29,-27,-26.74,-27.64,-20.4,-30,-32,-27,,-26.27,-29.99,-23,-25.42,-27.06,-25.4,-20,-28.9,-34.5,-23.9,-29.5,-38.36,-19,-18.09,,-6.68,,-21.5,-28.2,-30,,-30,-21.91,-18,-22,-30.8,-15.41,-23.3,-28,-34.1,-26,4.62,,,,,,,60,35,12,,-24.57
Kansas,West Va.,-7,-8.09,-10.84,-8.88,-5.43,-6.55,-10.85,-9,-7,2,-6,-9.96,-5,-6.98,-17.66,-11.23,-7,-8.19,-10.81,-8.22,-7.85,-14.28,-2.84,-7.59,-1.58,-8.51,-14.8,-7.78,-11.6,,-7.95,-5.9,-8,-4.34,-5.6,-4.2,-7,-7.5,-13,,-7.44,-12.4,-9,-9.46,-11.23,-5.2,-8,-7.9,-7,-7.1,-8.88,-8.53,-6.8,-11.35,,-3.61,,-6.57,-7.9,-9,,-13,-5.75,-7,-10,-9,-6.16,-12.2,-9,-10.3,-8,3.19,,,,,,,19,31,12,,-6.66
Kansas St.,TCU,12,16.6,16.93,8.43,11.42,13.9,18.6,16.2,12,20.25,11,16.04,11,17.25,8.52,11.05,10.5,14.73,17.83,17.23,19.05,16.81,20.58,9.25,6.51,16.87,13.81,13.6,15.7,,13.95,12.38,13,10.3,11.33,11,13,10.5,15,,17.14,10.33,17.5,8.96,19.31,9.9,9,11.8,12,23.3,14.22,17.05,14,13.23,,6.19,,12.4,11.5,24,,23,15.6,9,15,14.1,8.89,14.3,6,26.1,11,4.73,,,,,,,31,33,12,,14.19
Kent,Miami (Ohio),18,21.33,14.86,15.01,12.11,13.81,16.87,24.17,18,14.5,17,17.43,17.5,18.88,20.08,15.08,18,16.49,17.08,16.14,17.25,-5.47,11.5,13.79,6.5,17.37,14.22,20.14,19.7,,17,21.7,10,14.62,16.51,15.8,16,18.5,13,,9.47,17.58,19.5,15.89,18.78,15.6,15,18.4,18,16.7,17.33,21.74,12.4,16.76,,37.73,,18.24,16.4,19,,19,24.47,8,17,25,21.2,17.7,11,,14,3.81,,,,,,,6,24,12,,17.24
Louisville,Houston,16.5,9.39,8.72,14.77,14.09,6.81,8.37,8.08,8,4.25,9,8.38,6.5,11.08,7.1,14.12,16,8.85,4.72,8.73,7.75,10.97,2.08,9.09,11.3,5.99,13.65,3.19,5.8,,8.23,3.65,7,3.66,5.08,4.2,15,16.5,9,,7.95,11.41,10.5,15.97,9.49,7.2,11,15.1,15,3.4,11.56,17.14,12,7.88,,3.47,,14.61,15.8,6,,11,3.45,5,4,22.7,5.21,4.9,7,4.2,5,4.42,,,,,,,13,20,12,,9.49
Massachusetts,Akron,-7,-8.25,-6.6,-7.3,-5.59,-3.18,-4.56,-12.41,-11,3,-8,-5.59,-7.5,-4.23,-17.65,-10.03,-7,-6.86,-10.43,-3.8,-9.25,11.67,-3.57,-12.44,0.12,-2.32,-9.91,-10.48,-7.4,,-7.35,-13.26,-5,-6.42,-6.52,-3.9,-6,-7,-10,,-2.55,-9.49,,-6.52,-4.45,-7.7,-3,-10.1,-7,-9.2,-7.75,-7.53,-3.9,-18.29,,-31.38,,-5.62,-9,-8,,-11,-16.23,-6,7,-7.7,-15.99,-9.5,-10,-10.8,-11,4.44,,,,,,,14,13,12,,-3.86
Mississippi,Troy St.,28,26.14,30.11,25.61,17.63,22.95,31.99,30.03,20,23,25,26.12,18,23.59,27.66,26.31,29,26.43,26.35,28.77,30.65,39.11,26.6,20.74,14.05,27.33,25.25,32.77,25,,26.22,23.46,32,23.26,20.97,22.9,29,28,29,,28.39,21.46,17.5,28.7,33.36,33,23,36.9,28,26.7,28.15,28.47,25.5,26.47,,8.14,,24.61,38.6,26,,26,27.66,12,38,29.7,14.74,22.4,11,30.1,33,5.59,,,,,,,21,51,12,,27.43
Mississippi St.,Alabama,-24,-23.42,-23.65,-23.36,-19.35,-20.03,-25.48,-28.31,-20,-18.75,-24,-22.63,-21.5,-19.47,-27.29,-27.13,-25.5,-23.23,-26.34,-23.81,-23.95,-24.94,-27.89,-21.59,-21.12,-19.06,-21.8,-29.5,-25.6,,-23,-26.22,-21,-19.7,-20.68,-17.1,-23,-24.5,-24,,-17.64,-15.41,-22,-22.94,-23.17,-26.7,-19,-29,-24,-26.8,-23.37,-21.91,-15.7,-29.36,,-6.99,,-21.82,-27.5,-30,,-23,-22.95,-15,-25,-18.4,-15.21,-25.7,-19,-30.7,-32,4.08,,,,,,,20,7,12,,-22.03
Navy,South Alabama,7.5,13.18,9.15,9.53,10.42,10.49,10.46,13.1,16,10,14,12.2,13,13.45,15.22,5.5,8,10.82,9.34,13.59,12.45,16.81,6.46,11.04,1.9,7.98,11.68,16.68,11.3,,10.88,13.37,5,14.22,13.69,14,13,9.5,16,,12.53,10.85,,8.66,8.32,9.3,8,10.3,8,10.4,10.71,8.75,7.8,5.52,,4.92,,11.08,10.9,10,,12,16.77,4,7,22.9,7.24,9.2,5,15.2,8,3.82,,,,,,,14,42,12,,7.31
Nebraska,Michigan St.,-6,-5.59,-4.1,-2.19,-6.81,-3.52,-6.17,-7.01,1,-3.5,-4,-2.94,-2,-3.9,-1.51,-5.73,-7,-4.11,-7.24,-3.5,-5.15,-5.86,-9.15,0.54,-6.8,-2.61,-0.18,-1.52,-7.6,,-3.95,-1.31,-7,-1.46,-1.31,-0.8,0.01,-3.5,-3,,-4.63,-2.37,-0.5,-2.67,-4.38,-5.4,-3,-3.4,-6,-8.2,-4.88,-6.07,-0.9,-21.98,,2.84,,0.54,-3,-7,,-9,0.72,-4,-8,-6.5,-4.6,-9.1,-4,-3.9,-5,2.68,,,,,,,41,28,12,,-5.56
Nevada,San Jose St.,-7,-3.25,-4.43,-2.66,-1.36,-2.7,-5.25,-4.25,-3,-6.25,-6,-4.03,-4,-2.08,-14.48,-3.29,-7.5,-4.66,-5.15,-4.65,-4.75,-10.69,-2.29,-9.03,-1.1,-3.48,-5.11,-9.29,-7,,-4.9,-8.29,-6,-7.46,-7.62,-6,-3,-7,-6,,-6.51,-6.46,-5,-4.59,-4.35,-2.9,-2,-7.3,-7,-4.8,-5.65,-6.12,-5,-10.33,,-14.56,,-5.78,-6.9,1,,-6,-8.43,-2,-1,8.1,-5.13,-8.8,-9,-7.7,-8,3.15,,,,,,,16,38,12,,-1.89
New Mexico,Colorado St.,-7,-5.03,-8.26,-7.17,-3.99,-7.46,-8.92,-4.71,-4,0.5,-4,-7.96,-4,-5.3,-1.16,-1.09,-7,-6.53,-5.78,-7.16,-9.45,0.47,-13.6,-1.85,1.49,-4.58,-5.88,-4.97,-11.8,,-6.28,-3.22,-12,-4.18,-5.05,-4.7,-8,-4,-9,,-4.63,-7.11,0,-6.55,-6.58,-8.3,-7,-12.3,-7,-12.7,-7.8,-11.32,-4.9,-12.84,,-5.23,,-6.69,-12,-6,,-11,-2.86,-4,-4,-10.5,-5.34,-12.6,-7,-9.4,-5,3.18,,,,,,,66,42,12,,-5.28
Northern Ill.,Ball St.,8.5,5.75,4.28,9.27,4.98,4.99,6.13,6.81,8,5.5,8,7.91,6,5.03,13.84,9.79,8.5,7.87,4.43,3.26,8.75,11.47,10.45,8.02,10,6.28,8.84,14.08,5.8,,7.74,11.7,2,8.22,8.02,8,12,5.5,8,,8.28,4.2,8,5.83,5.5,3.8,4,4.5,8.5,5,6.64,13.33,5.8,2.14,,10.89,,8.1,5.1,7,,11,17.89,4,10,21.9,4.36,4.6,2,,10,3.70,,,,,,,27,48,12,,7.74
Northwestern,Michigan,3,3.27,0.44,0.51,-1.33,-0.49,1.91,4.56,2,-5.5,-3,-0.01,-1.5,2.09,1.99,1.57,3,-0.15,2.62,-0.88,-1.25,-5.89,-8.29,-3.24,1.2,2.18,-2.26,-1.9,1.8,,-0.07,-2.93,-4,-7.22,-5.87,-3.4,-1,-1,-2,,-4.42,1.15,-1.5,-0.51,1.5,-2.5,0.01,0.7,2.5,1.1,0.89,3.61,-0.4,17.52,,2.43,,-2.57,-0.01,1,,4,1.22,-3,-1,16.4,-1.2,-0.1,-8,-0.5,-4,3.78,,,,,,,27,19,12,,0.66
Oklahoma,Iowa St.,24,18.76,18.89,21.66,21.23,16.03,17.14,18.57,32,15,28,18.64,24.5,19.14,26.68,19.67,24.5,22.53,13.55,19.5,23.95,37.67,27.63,22.83,18.35,16.62,21.89,36.03,17.3,,21.45,34.83,15,35.9,34.02,28.6,26,21,21,,30.86,25.45,16,18.89,17.5,27.7,18,24.9,24,18.6,23.13,28.99,19.4,25.02,,12.12,,18.01,24.4,25,,25,32.81,8,24,27.9,15.07,14.3,20,29.2,23,6.25,,,,,,,10,48,12,,20.4
Oregon,Utah,28.5,20.44,22.01,26.1,24.36,17.35,25.23,22.01,19,13.25,22,20.71,20.5,19.04,9.57,23.8,26.5,21.45,22.61,20.26,24.35,20.94,30.74,22.22,16,20.43,20.7,20.11,19.4,,21.4,19.28,7,18.62,19.3,16.2,28,25,18,,17.07,23.27,24.5,25.01,23.77,26.7,20,29.1,27.5,23.3,24.55,25.28,20.8,28.49,,5.25,,18.43,28,25,,29,24.73,10,18,27.9,12.28,15,21,27.9,12,4.44,,,,,,,21,44,12,,24.99
Penn St.,Purdue,22,25.31,22,19.31,30.06,17.95,18.54,26,24,9.5,22,22.18,18.5,24.85,32.44,19.05,21.5,20.7,20.2,21.25,20.15,23.47,14.75,19.31,20.71,19.31,21.14,21.57,12.9,,20.86,22.28,15,22.78,20.39,17.4,21,20.5,20,,22.84,17.07,17,19.8,22.79,23.2,18,21.3,22,16.2,20.38,24.03,19.4,21.69,,10.99,,19.08,19.9,27,,21,25.6,11,28,27.3,24.52,10.9,18,23.2,24,4.41,,,,,,,21,45,12,,21.35
Pittsburgh,North Carolina,0,4.09,-0.82,-1.64,2.89,1.36,-2.23,6.14,2,1,5,0.95,6,2.08,8.62,5.03,0,1.73,1.34,0.96,-2.45,4.36,-6.72,3.78,8.57,2.5,3.54,8.68,3.3,,1.68,8.2,3,5.82,7.68,7.1,1,0,0.01,,4.76,-1.42,5,0.01,0.2,-5.5,-1,-3.4,0,-3.6,-1.38,-0.74,2.3,-2.43,,4.64,,-0.47,-2.6,2,,-3,10.27,-2,3,9.8,2.4,2.7,-1,-4.1,4,3.88,,,,,,,34,27,12,,0.14
Rice,Louisiana Tech,15.5,21.57,19.44,12.54,13.53,17.42,14.45,21.53,21,10.5,16,21.22,15,21.81,22.08,16.78,17,17.46,17.86,20.9,15.65,17.56,20.12,16.65,7.76,19.24,13.52,25.85,19.9,,17.88,23.63,14,22.3,20.54,19.7,15,15,14,,19.95,19.42,3.5,15.55,21.97,18.2,14,18.5,15.5,13.4,16.64,16.28,13.4,21.29,,40.05,,15.18,17.9,21,,19,24.38,6,11,27.3,11.38,17.7,9,13.1,23,4.94,,,,,,,14,52,12,,14.04
Rutgers,Cincinnati,0,2.28,-1.12,-0.81,-4.61,-1.81,-2.71,5.28,1,6.5,2,-3.26,2.5,-0.72,10.5,-2.35,1,0.28,1.63,-3.51,-2.95,4.39,-2.4,2.23,5.6,2.23,9.22,8.2,1.4,,-0.74,8.46,-6,6.14,6.41,6,-3,-3,0.01,,3.46,-0.9,-3,-0.76,0.01,-1.9,1,-4.5,0,-4.8,-1.02,-11.68,-3.7,0.2,,4.96,,-2.64,-5,-1,,-2,10.13,-2,-7,7.6,-0.7,0.8,-4,-3.1,7,4.68,,,,,,,52,17,12,,0.98
SMU,Connecticut,16,12.61,11.16,14.53,13.08,10.4,12.6,14.61,23,12.75,23,11.24,17.5,10.87,15.88,13.91,15,14.48,12.23,10.87,16.85,2.17,19.97,16.76,4.67,10.88,11.85,21.03,10.2,,13.8,23.8,10,18.38,16.79,14,11,13.5,14,,12.53,11.57,14,10.06,10.21,19.4,10,13.7,16,18.4,14.29,19.48,9.7,20.92,,10.17,,12.73,14,15,,17,24.93,3,18,29,21.35,6.9,10,19.8,11,4.90,,,,,,,21,38,12,,11.92
South Carolina,Florida,14,11.66,11.51,7.7,9.79,9.23,14.57,11.72,15,13.75,11,10.57,13,11.8,8.97,8.32,14,12.39,12.22,10.53,15.35,17.67,20.05,16.17,11,10.98,11.71,18.03,10.3,,11.59,17.7,16,17.58,18.22,15.8,11,11,14,,16.18,8.41,4,6.74,11.01,11.2,9,11.2,14,17.5,12.79,16.13,9.6,9.32,,5.39,,8.08,10.7,14,,19,20.61,4,8,6.7,7.7,9.9,8,17,7,4.01,,,,,,,14,19,12,,11.25
South Florida,Memphis,-1,-4.06,-6.02,2.06,-6.97,-5.08,1.91,-1.73,-5,-3.5,-3,-7.84,0.5,-6.32,3.22,-0.5,-1.5,-1.48,2.11,-7.66,-3.05,-0.61,0.24,-3.37,0.47,0.48,3.15,3.15,-2.7,,-1.64,2.06,-7,2.54,2.36,3.6,9,-2.5,-1,,0.24,-4.98,0,-2.44,-2.99,-8,0.01,0.01,-1,0.9,-2.18,-6.21,-5.6,-12.56,,3.86,,-1.54,0.9,-6,,-4,4.5,-3,1,-4.5,-2.88,-2.7,-7,0.9,3,3.77,,,,,,,23,10,12,,-2.81
Southern Miss.,Florida Atlantic,-17,-23.83,-21.62,-13.29,-23.78,-18.11,-19.21,-27.59,-21,-16.75,-22,-27.9,-14,-20.38,-33.2,-19.87,-17,-19.81,-25.56,-27.82,-24.65,7.53,-13.95,-3.48,-7.04,-21.96,-19.91,-24.55,-23.5,,-20.39,-25.7,-15,-14.42,-15.27,-13.1,-14,-14,-24,,-11.16,-18.82,-7.5,-16.04,-28.72,-20.4,-12,-20.5,-17.5,-24.1,-19.9,-24.68,-16.6,-35.12,,-43.94,,-9.01,-18.9,-32,,-24,-25.9,-10,-10,-26.5,-22.34,-22.8,-18,-22.4,-39,6.76,,,,,,,41,7,12,,-20.16
Temple,Central Florida,-18,-20.95,-22.98,-14.84,-19.6,-16.81,-17.42,-21.28,-27,-12.75,-25,-22.55,-18.5,-20.46,-32.04,-15.83,-17,-21.43,-18.62,-22.95,-23.55,-34.61,-23.77,-30.63,-16.35,-18.61,-23.86,-36.06,-17.3,,-20.75,-32.23,-27,-34.1,-31.64,-26.3,-15,-17,-22,,-29.26,-14.42,-17.5,-19.76,-21.71,-20.9,-14,-20.5,-18,-20.6,-18.74,-22.6,-17.6,-13.67,,-26.1,,-11.55,-19,-22,,-20,-30.06,-13,-18,-17.6,-16.86,-17.6,-22,-23.8,-30,5.71,,,,,,,39,36,12,,-17.45
Texas,Oklahoma St.,-3,-0.58,-4.29,-4.38,-2.62,-2.69,-0.59,0.84,1,-0.5,-2,-6.05,-1,-2.02,6.95,-4.75,-3,-1.51,-0.42,-5.04,-1.55,-1.53,3.72,3.56,-4.6,-2.3,-0.13,5.27,-1.7,,-1.85,2.79,-4,1.82,1.38,3.3,-1,-1,0.01,,-0.57,-0.01,-1,-4.08,-3.83,-0.3,-2,-1.5,-3,-6.6,-2.01,3.17,-3.2,-1.37,,4.58,,-2.7,-0.4,-6,,-3,3.63,-4,-3,-8.1,-1.75,-2.1,-7,-4.3,7,3.24,,,,,,,38,13,12,,-2.75
Toledo,Buffalo,4.5,2.13,0.01,6.34,2.98,2.39,-1.77,3.68,1,-0.5,3,4.76,4.5,0.78,5.11,4.92,4.5,2.87,-2.09,1.92,-1.25,0.61,-4.12,5.55,2.24,1.07,4.18,7.28,6.3,,2.98,1.96,6,0.86,2.76,4.7,4,3.5,1,,1.17,4.82,10,3.89,-1.07,2.4,3,2.3,4.5,-6.3,1.92,5.07,5.1,-1.55,,-0.03,,4.67,2.9,5,,-2,3.43,-1,11,12.9,-3.28,4.8,-3,,-6,3.86,,,,,,,41,51,12,,5.47
Tulsa,Marshall,-13,-15.38,-22.22,-12.21,-17.87,-14.6,-8.51,-13.45,-16,-12,-18,-18.36,-12,-17.25,-9.41,-6.79,-13,-13,-13.23,-20.87,-16.05,-12.08,-17.39,-2.74,-5.57,-14.93,-7.42,-11.85,-15,,-13.19,-13.16,-11,-10.98,-11.38,-8,-12,-12.5,-13,,-13.12,-7.51,3.5,-13.49,-19.87,-15.5,-7,-13.5,-13,-15.6,-12.73,-13.75,-19.9,-6.83,,-6.71,,-5.53,-11.2,-17,,-14,-13.89,-6,-3,-23.9,-10.84,-12.4,-22,-9.3,-9,5.50,,,,,,,45,34,12,,-16.83
UCLA,Washington,3,2.73,-0.76,0.88,2.14,0.85,4.06,5.35,7,-5.5,6,2.65,6.5,0.12,4.28,11.61,2.5,3.55,4.49,-1.53,-0.25,7.44,7.52,7.91,13,2.22,4.01,11.93,2.9,,2.69,11.46,4,7.74,7.93,7.7,2,3,2,,6.21,0.89,8,0.77,-0.19,-1.6,1,-1.9,3,3.3,1.43,-0.21,-0.3,2.02,,4.72,,2.4,-0.7,1,,1,13.22,-1,7,10.5,1.34,1.3,-2,6.1,6,4.29,,,,,,,31,41,12,,-0.82
USC,Stanford,-4,-4.15,-4.89,-1.98,-2.4,-4.63,-4.35,-6.35,-1,-6.5,-5,-5.2,-6,-1.09,-1.97,-6.6,-4,-4.82,-6.5,-5.07,-5.55,-7.19,1.28,-13.37,-15.5,-4.01,-1.59,-10.46,-7.1,,-4.95,-8.86,-5,-5.62,-9.17,-8,-1,-3,-6,,-3.89,-7.39,-2,-4.73,-5.19,-4.1,-3,-7.8,-4,-3.5,-4.98,2.61,1.1,8.56,,2.03,,-2.46,-8.2,-11,,-2,-8.19,-3,-3,2.8,-3.98,-7.9,-7,-7.3,-5,3.58,,,,,,,17,20,12,,-6.19
UTEP,Florida Intl.,6,11.71,5.15,3.45,8.42,9.97,6.33,10.66,15,4,11,13.03,8,12.91,8.98,8.12,6,8.85,5.82,12.9,12.05,0.72,11.22,5.71,7.47,8.07,5.33,0.46,8.4,,8.7,3.08,8,3.5,2.14,1,13,6,6,,4.64,12.47,7,8.1,12.05,13.7,6,12.8,6.5,9.3,8.89,11.44,5.4,17.88,,3.66,,13,14.2,14,,9,2.47,4,10,26.2,4.68,6.3,1,6.6,8,4.55,,,,,,,10,33,12,,9.54
Vanderbilt,Kentucky,13,17.6,11.46,12.05,15.81,8.29,19.03,21.85,18,3,17,9.83,16,14.05,31.2,15.08,13,15.86,18.08,9.79,14.05,31.89,17.88,19.69,7.58,14.75,17.03,28.99,13.1,,15.91,24.07,19,19.82,19.67,17.4,19,13.5,18,,20.73,17.58,18.5,11.95,13.15,9.3,15,10.2,13,16,14.9,12.51,7.4,13.97,,12.91,,14.5,11.4,14,,18,25,8,14,26.1,11.66,11.2,9,21.7,33,5.38,,,,,,,6,22,12,,14.59
Virginia Tech,Maryland,14,19.92,18.17,14.24,18.56,16.78,16.85,20.52,22,20.5,15,16.89,15.5,19.51,15.22,16.04,16,17.41,18.91,18.02,17.25,26.14,20.71,7.55,11.07,19.54,12.02,21.25,19.2,,17.26,19.55,28,17.26,17.43,15.3,21,13.5,15,,21.18,20.87,16,14.99,21.01,14.5,16,16.1,14.5,20,16.86,23.83,12.5,30.16,,6.07,,11.51,17.5,13,,17,24.81,9,11,22.7,9.83,15.9,7,12.3,11,4.22,,,,,,,27,24,12,,16.74
Western Mich.,Central Mich.,-3,-6.59,-4.27,-2.95,0.24,-2.02,-3.56,-10.3,-9,2.75,-7,-4.01,-5,-2.72,-23.45,-7.02,-3,-5.32,-8.34,-3.6,-6.05,11.42,-12.45,-8.11,-0.3,0.16,-6.68,-14.79,3.1,,-5.35,-16.03,1,-6.82,-8.8,-6.6,-2,-2.5,-8,,-2.41,-7.3,-2,-0.38,-0.36,-6.6,1,-4.9,-3,-6.4,-4.98,-0.12,1.1,-6.33,,-35.26,,-2.63,-5.4,-10,,-8,-12.15,-3,-4,-5.3,-15.81,2.9,-5,-10.3,-14,4.90,,,,,,,27,22,12,,-5.58
Wisconsin,Indiana,27,22.2,20.28,19.58,25.45,14.61,24.66,23.75,24,21,25,19.18,21,20.76,16.35,26.98,23,20.74,21.43,18.91,22.75,27.86,18.9,18.3,9.45,19.49,19.78,22.22,22.3,,20.99,19.26,21,17.02,15.75,15.5,26,18.5,16,,21.26,16.12,21.5,17.39,21.06,17.7,17,20.4,25.5,23.1,20.95,33.87,15.7,29.65,,6.36,,20.98,18.9,27,,24,22.01,8,21,32.6,11.56,19.2,11,25.1,13,4.88,,,,,,,3,51,12,,20.66
Air Force,UNLV,3,-4.42,-6.19,0.4,-6.34,-3.61,-4.73,-4.67,-4,1,-8,-5.25,-7.5,-4.22,-11.6,1.84,3,-4.56,-3.96,-6.83,-5.35,2.14,-6.53,-3.62,-0.71,-4.14,-5.41,-12.92,-2.5,,-4.39,-11.33,-4,-10.58,-12.14,-10.7,-1,0,-4,,-5.01,-2.8,5.5,2.92,-4.36,-3.1,-2,-5.7,1.5,-7.6,-2.72,-3.04,-3.1,-20.14,,-10.62,,1.6,-4.9,-4,,-5,-7.82,-1,3,-7.4,-6.83,-2.9,-9,-6.3,-8,3.92,,,,,,,41,21,13,,-3.27
Arizona,Oregon,-21,-13.32,-18.94,-20.28,-14.67,-12.51,-22.26,-15.78,-15,-14.25,-16,-18.15,-13.5,-10.42,-1.68,-17.79,-21,-16.39,-18.41,-19.41,-24.95,-16.14,-17.49,-17.7,-12.5,-14.96,-19.04,-14.73,-18.5,,-17,-12.59,-13,-11.14,-11.46,-8.4,-21,-17.5,-17,,-10.92,-15.14,-20.5,-18.24,-19.72,-18.3,-18,-20.6,-20,-24.9,-19.77,-20.25,-14.5,-20.3,,1.47,,-14.18,-18.2,-19,,-22,-10.27,-10,-17,-13,-8.43,-17,-18,-26,-11,4.41,,,,,,,16,42,13,,-20.92
Arkansas,Mississippi St.,-3,-5.02,-11.77,-3.77,-11.04,-6.06,-3.53,-2.29,-5,-3.75,-7,-12.4,-3.5,-7.74,-6.82,-5.48,-1.5,-6.52,-3.15,-14.93,-11.35,-8.81,-13.52,-4.71,-1.97,-7.51,-3.89,-2.83,-7.1,,-6,-1.23,-12,-2.5,-2.77,-0.7,-2,-3,-5,,-5.89,-9.84,-6.5,0.12,-12.67,-4.5,-6,-10.9,-3.5,-6.6,-6.85,-11.54,-7.1,-14.43,,2.79,,-6.74,-9.3,-14,,-6,-0.05,-6,-4,-17.7,-4.22,-9.6,-9,-6.2,-3,4.01,,,,,,,24,17,13,,-3.14
Arkansas St.,Georgia St.,25,22.86,22.68,23.33,25.09,19.9,25.48,24.39,36,13.75,32,23.94,28.5,21.37,25.53,,23.5,25.61,21.88,23.07,27.45,5.75,31.85,47.4,7.88,21.06,24.98,38.22,18.1,,25,41.5,9,33.42,34.29,25.7,33,22.5,24,,22.42,27.64,,25.71,21.2,25,27,30.2,25,30.5,26.06,25.29,20.2,7.49,,10.88,,20.92,31.4,23,,28,34.3,11,21,30.6,26.41,16.7,21,31.6,33,6.91,,,,,,,33,35,13,,21.5
Central Florida,Rutgers,17.5,21.41,25.17,13.81,18.92,17.53,19.02,20.41,24,17.75,23,23.56,18.5,22.38,22.24,14.84,17.5,20.35,19.63,22.16,23.75,31.39,14.27,16.75,14.7,21.13,15.85,25.52,19.4,,20,22.07,27,20.14,19.4,17.3,20,14.5,20,,24.35,14.36,15.5,18.81,24.28,16.9,15,17.7,18,25.7,19.69,27.38,21.6,15.59,,6.3,,15.2,16.5,25,,24,23.04,9,21,32.8,11.25,17.4,13,24,20,4.52,,,,,,,17,41,13,,19.26
Central Mich.,Massachusetts,13.5,11.81,4.83,10.9,7.66,2.52,9.63,15.47,21,0.01,14,4.76,15.5,8.15,33.58,4.25,12,11.3,11.03,1.38,8.25,-5.53,17.11,15.76,5.29,5.83,13.65,25.59,4.8,,10.84,27.87,2,15.82,16.19,13.9,15,8.5,10,,9.51,18.66,,10.18,3.56,9.4,10,11.6,13.5,11.2,11.04,9.28,3.4,-2.02,,37.09,,13.05,12.1,6,,11,29.64,2,14,20.2,19,4.9,7,16.4,16,7.16,,,,,,,0,37,13,,10.77
Colorado,USC,-21.5,-15.43,-23.35,-21.6,-20.57,-15.28,-24.21,-13.08,-20,-19.5,-17,-20.85,-15,-18.31,-13.95,-20.6,-22.5,-20.94,-16.13,-22.69,-28.15,-30.42,-36.59,-21.8,-15.53,-17.01,-26.84,-14.67,-21.5,,-21.09,-12.37,-33,-14.82,-14.21,-10.6,-23,-21.5,-24,,-21.34,-22.84,-27,-20.37,-21.4,-22.6,-23,-27.7,-21.5,-26.4,-23.87,-24.38,-13,-15.99,,0.22,,-19.33,-26.2,-24,,-26,-10.17,-14,-25,-24.3,-9.74,-21.1,-16,-32.9,-13,5.52,,,,,,,47,29,13,,-18.56
Eastern Mich.,Bowling Green,-26.5,-27.27,-32.67,-28.72,-22.68,-26.47,-27.27,-25.79,-26,-21,-23,-34.82,-14.5,-28.95,-23.64,-27.75,-24.5,-26.2,-26.34,-37.52,-38.55,-9.83,-37.3,-22.18,-12.73,-24.08,-20.51,-15.12,-27.2,,-27,-13.54,-26,-13.14,-14.22,-11.5,-27,-24,-29,,-19.09,-29.99,-18,-22.86,-32.96,-29.1,-25,-32.7,-26.5,-32.3,-30.79,-37.65,-29.2,-33.42,,-20.64,,-24.96,-30.8,-35,,-35,-11.8,-19,-27,-29.7,-16.87,-26.3,-24,-25.1,-26,7.37,,,,,,,58,7,13,,-29.41
Florida Atlantic,New Mexico St.,23,25.77,28.77,19.49,20.73,18.48,22.98,28.09,26,18.75,26,27.55,20.5,23.65,27.13,21.66,22,22.86,31.76,24.64,19.15,1.67,31.47,11.6,14.88,24.74,24.1,24.4,18.9,,23.74,26.16,15,15.26,17.37,14.7,24,21,20,,17.06,23.83,19,22.07,28.43,18.9,26,22.7,23,25.5,22.65,25.98,25.1,29.1,,39.29,,20.33,21.5,29,,24,27.65,11,28,31.4,15.13,16.1,15,22.6,35,5.05,,,,,,,10,55,13,,21.16
Florida Intl.,Marshall,-32,-32.39,-31.33,-29.12,-26.64,-27.79,-24.36,-31.19,-30,-19.75,-32,-38.36,-24.5,-33.72,-26.89,-24.21,-33,-28.35,-28.5,-39.04,-34.55,-1.44,-21.6,-19.35,-12.22,-27.33,-21.48,-25.57,-29.5,,-29.06,-27.02,-29,-19.06,-20.86,-15.7,-31,-33,-27,,-19.16,-34.62,-15,-31.32,-37.33,-33.5,-28,-34.1,-32,-30.2,-33.15,-38.84,-30.6,-20.39,,-31.41,,-28.08,-32.1,-38,,-35,-25.13,-17,-25,-32.4,-25.7,-27,-31,-27.7,-32,6.49,,,,,,,48,10,13,,-29.6
Florida St.,Idaho,59,63.65,74.18,64.97,53.77,54.73,61.62,67.23,68,46.75,57,73.23,48.5,61.49,57.99,71.32,57,60.8,62.41,72.41,76.15,45.72,76.29,51.8,40.53,59.32,63.72,57.03,60.7,,61.86,54.93,47,47.98,47.53,42.4,72,56,63,,47.14,61.25,51.5,57.93,75.43,71.7,63,73.7,59,65.4,66.93,71.82,62.1,84.02,,29.88,,58.75,71.6,74,,76,53.09,32,56,36.1,29.66,54.5,50,68.2,59,11.48,,,,,,,14,80,13,,62.37
Fresno St.,New Mexico,34,23.19,25.72,25.53,23.64,22.23,26.78,22.63,31,12,42,25.42,32,23.95,29.49,28.37,31.5,27.87,21.92,23.16,26.25,35.08,27.29,34.01,17.42,24.94,31.49,39.63,23,,27.14,38.49,27,37.42,36.48,32.8,30,31,28,,33.66,25.18,26.5,26.86,25.9,24.4,29,27.4,33,27.4,28.09,33.64,23.5,25.69,,22.06,,25.56,28.4,27,,31,40.69,12,31,35.6,18.52,21.4,22,30.9,33,6.30,,,,,,,28,69,13,,26.69
Georgia,Kentucky,27,24.36,22.38,21.47,21.23,17.75,22.59,25.65,24,11,26,21.82,24,23.09,30.87,26.52,24,23.08,20.55,20.71,20.75,39.64,25.82,24.73,15.46,22.4,22.29,35.24,19.8,,23,30.99,30,28.14,27.19,25.5,23,26,20,,29.55,22.87,26.5,24.78,23,18.8,25,19.1,26.5,21.3,22.44,27.94,15,24.28,,12.84,,25.87,19.8,22,,23,29.4,12,18,31.7,15.1,17.8,17,23.3,38,4.80,,,,,,,17,59,13,,20.91
Houston,Cincinnati,3,11.65,12.7,2.86,5.64,7.12,2.94,13.11,10,18.75,10,10.6,9.5,10,12.27,3.6,3,7.48,10.18,9.53,6.05,13.75,12.94,4,4.8,12.61,8,10.74,10.6,,7.86,10.25,8,8.86,8.34,8.4,2,2.5,5,,10.74,2.56,-1.5,4.83,13.43,5.2,5,0.01,3.5,5.8,4.48,-0.65,7.5,11.56,,4.35,,-1.36,-1.7,13,,4,9.02,2,-1,22.2,3.97,9.4,1,3.6,9,4.98,,,,,,,24,17,13,,6.63
Iowa,Michigan,6,6.67,5.41,-2.2,5.11,3.21,3.27,6.37,5,1.25,1,5.56,3,6.94,7.33,3.28,6,2.63,4.58,4.6,2.25,0.25,-0.5,-3.34,-2.3,5.54,-1.67,1.65,4.5,,2.89,1.48,3,-2.34,-2.24,-0.6,-3,3.5,1,,1,-2.62,-4.5,8.07,6.54,-2.8,-1,-0.7,5.5,3.5,2.6,12.43,3.4,17.18,,3.9,,0.65,-2,4,,3,2.3,1,1,18.7,1.18,3.4,-2,-1.4,5,4.16,,,,,,,21,24,13,,2.77
Iowa St.,Kansas,4,6.14,3.53,6.27,3.8,3.79,4.37,5.86,-6,-2.5,-1,5.04,0.5,6.39,-9.04,12.84,6,2.63,5.6,2.23,-1.15,-0.81,-4.97,0.95,3.86,6.19,2.15,-5.59,4,,3.21,-7.19,4,-5.7,-5.23,-2.6,2,4.5,1,,1.19,9.51,11.5,7.74,6.34,-2.5,9,0.2,4,-4.3,3.99,3.41,2.8,11.68,,2.24,,8.58,1.2,5,,3,-3.19,2,28,16.2,-0.26,3.3,-4,-4.4,-4,6.37,,,,,,,0,34,13,,3.85
Kansas St.,Oklahoma,5,6.12,5.1,-2.07,4.36,5.8,5.57,5.49,-3,10.75,-3,6.92,-0.5,6.78,-1.48,4.3,5,3.23,6.59,6.17,2.15,-2.56,8.4,-3.59,-4.15,6.25,2,-2.8,8.3,,3.59,-4.15,3,-7.06,-4.61,-2.1,3,4,3,,-0.7,-2.38,7.5,5.29,7.36,-1.1,1,0.9,5,6.1,3.61,2.71,5.7,5.08,,2.91,,5.53,1.2,16,,5,0.81,2,7,12.8,0.39,7.5,-3,3.7,2,4.99,,,,,,,41,31,13,,3.48
LSU,Texas A&M,4,4.84,2.41,1.35,6.28,0.52,0.79,5.28,5,11.25,4,3.08,4.5,4.5,-0.48,3.54,4,3.09,4.49,-0.85,-1.65,0.33,-2.17,2.76,-3.5,3.98,2.5,0.12,2.3,,3,0.41,1,-0.5,-2.17,-0.8,4,4,-2,,1.12,4.74,-4.5,4.6,3.66,4.1,3,4.8,4,4.6,2.71,4.33,2.5,12.95,,3.01,,2.47,4.1,4,,3,2.57,-3,7,34,0.12,0.9,-5,1.1,2,5.49,,,,,,,10,34,13,,7.17
Louisiana Tech,Tulsa,-3,-0.96,-1.77,0.13,8.07,-1.6,0.94,-1.12,4,3.75,3,-2.52,5,-0.84,-8.01,-2.86,-3.5,-0.19,-1.39,-4.07,-1.65,5.5,-1.28,-0.55,5.33,-0.73,-0.93,2.05,-1.6,,-0.98,3.53,-7,5.02,5.28,3.4,0.01,-3.5,-1,,2.27,-9.79,-1,-2.26,-3.51,-1.2,-3,-3.6,-2.5,2.3,-2.67,1.63,1.2,-12.29,,-19.12,,-3.88,-4,-1,,-1,5.43,-3,7,7.2,1.91,-1.8,4,2.2,-5,3.81,,,,,,,24,14,13,,-1.23
Louisville,Memphis,24,21.17,22.11,23.15,27.3,15.68,20.94,21.63,24,14,18,20.81,18.5,20.73,20.25,27.06,23,21.43,18.24,19.82,22.05,34.53,20.76,30.47,15.91,18.34,26.69,20.93,17.5,,21.05,21.72,17,23.66,22.98,18.9,28,22.5,21,,27.11,22.01,16,26.2,21.2,20.7,24,26.1,23.5,19.1,22.61,26.21,18.4,25.23,,5.66,,17.07,26.3,19,,23,19.72,8,31,23.6,14.27,16.3,17,18.4,14,4.29,,,,,,,17,24,13,,21.1
Maryland,Boston College,1.5,-0.8,-2.17,1.26,1.89,-1.94,0.93,-1.53,-2,-11.5,2,-1.64,2,-0.11,6.94,4.4,0,-0.2,-2.05,-2.16,0.65,-2.19,-3.98,3.3,3.91,-2.86,3.73,0.88,-5.7,,0.51,0.81,-5,0.62,1.15,0.8,0.01,0,1,,-0.01,0.69,1,1.69,-5.4,0.4,-1,-1.7,1.5,-0.3,-1.29,5.23,1.4,6.86,,2.87,,3.22,-1.7,-7,,-4,-3.12,-4,1,9.1,-1.16,-5.9,-3,2.1,3,3.39,,,,,,,29,26,13,,1.41
Miami (Fla.),Virginia,21,17.45,20.65,16.19,16.57,15.98,14.68,15.57,25,13.5,25,20.44,20.5,19.31,11.14,16.9,20,18.75,12.78,16.77,17.85,30.47,7.14,15.81,15.04,20.07,17.32,21.59,16.1,,19,20.62,18,23.5,23.18,19.3,23,19.5,15,,24.69,19.19,15.5,21.51,22.17,24,20,24.7,21,14.2,19.38,19.06,18.9,23.99,,4.93,,19.03,24.7,19,,19,25.83,8,18,31.4,13.34,12.9,16,17.6,14,4.41,,,,,,,26,45,13,,16.68
Miami (Ohio),Buffalo,-24.5,-30.59,-28.42,-21.44,-23.53,-22.07,-25.58,-31.29,-28,-18,-27,-29.21,-25,-30.04,-35.18,-25.52,-24.5,-26.65,-28.08,-28.74,-28.85,-6.86,-32.46,-22.67,-12.77,-26.2,-23.03,-33.26,-24.4,,-26.45,-36.08,-17,-27.62,-30.61,-25.9,-25,-25,-26,,-21.28,-18.58,-12,-22.35,-31.49,-25.8,-24,-29.5,-24.5,-29.6,-26.4,-33.89,-20.8,-28.72,,-36.5,,-19.83,-26.7,-29,,-29,-34.6,-17,-22,-28.7,-27.47,-22.8,-27,-31.7,-55,5.48,,,,,,,44,7,13,,-24.06
Minnesota,Wisconsin,-16,-15.83,-21.76,-15.1,-11.28,-11.54,-13.62,-14.81,-10,-14.5,-7,-19.78,-4,-16.88,-6.91,-15.81,-16.5,-13.02,-13.74,-20.63,-20.15,-9.78,-18.24,1.16,-7.2,-13.61,-7.59,-3.02,-17.4,,-14.66,-2.1,-16,1.18,2.34,1.4,-19,-14.5,-9,,-6.21,-10.67,-14,-14.06,-20.42,-14.9,-17,-15.4,-16,-16.7,-15.94,-26.86,-13.7,-13.93,,2.15,,-16.25,-14.2,-15,,-16,-2.15,-11,-18,-21.4,-5.87,-15.4,-9,-14,-6,6.80,,,,,,,20,7,13,,-16.16
Mississippi,Missouri,-3,-5.71,-6.23,-0.78,-5.62,-5.7,-1.98,-3.05,-5,-6.75,-8,-8.54,-7,-7.6,5.44,-6.08,-3,-4.19,-4.46,-8.7,-7.35,-2.25,-7.15,-0.32,-7,-4.58,-2.85,-0.84,-5.1,,-4.71,-1.08,-5,-3.86,-4.85,-3.5,-1,-2,-1,,-2.33,-2.41,2.5,-1.29,-6.05,-2.7,-3,-1.6,-3,-8.7,-4.3,0.37,-2.8,-24.51,,3.48,,-0.93,-1.5,-10,,-5,1.08,-4,1,-10,-5.1,-5.2,-7,-5.5,-3,3.30,,,,,,,24,10,13,,-5.14
NC St.,East Carolina,-6,-8.89,-9.52,-6.56,-14.54,-7.51,-5.8,-10.92,-10,2,-15,-9.08,-10.5,-6.87,-2.36,3.74,-7,-8.21,-11.05,-9.02,-8.25,-16.97,-1.89,-8.18,-4.98,-6.15,-1.77,-9.1,-7.5,,-8.39,-11.55,-16,-8.02,-11.72,-6.8,-6,-6,-9,,-13.62,-11.84,-4,-5.28,-7.01,-11.6,-9,-13.4,-6.5,-8.5,-9.13,-6.9,-9.1,-4.88,,1.77,,-5.04,-13,-11,,-10,-10.9,-4,-1,-10.5,-9.32,-7.9,-18,-7.3,-7,4.05,,,,,,,42,28,13,,-8.28
North Texas,Texas-San Antoni,9,12.03,13.8,9.11,18.29,10.39,12.22,10.98,14,4.25,14,11.71,12,13.11,10.25,13.49,7.5,11.96,10.82,11.66,15.45,15.89,17.16,11.04,8.32,11.44,7.03,10.95,13.6,,12,11.26,7,11.02,11.76,9.9,17,7,12,,13.88,9.61,,10.28,12.55,12.5,10,13.2,9.5,10.7,11.46,12.1,12.5,9.39,,4.37,,8.5,11.8,12,,13,12.16,5,15,20.5,7.28,13,10,11.5,8,2.97,,,,,,,21,13,13,,12.35
Northwestern,Michigan St.,-7,-9.49,-6.98,-6.53,-15.18,-7.4,-9.3,-10.32,-9,-11.25,-13,-6.93,-11,-8.73,-3.65,-9.6,-7,-10.08,-11.68,-8.34,-12.85,-20.5,-16.46,-9.55,-6.3,-5.6,-7.28,-16.58,-8.4,,-9.52,-15.4,-11,-15.62,-14.84,-11.9,-7,-7,-11,,-15.58,-4.79,-3,-4.05,-5.52,-11.9,-7,-8.7,-7.5,-13.8,-8.36,-14.27,-5.1,-21.74,,1.15,,-6.48,-8.9,-10,,-6,-12.52,-7,-11,-9.4,-8.8,-8.9,-13,-22.4,-10,3.56,,,,,,,30,6,13,,-8.31
Notre Dame,BYU,-2,-1.99,-7.28,0.61,-4,-4.62,-4.03,-1.12,-2,-5,-0.25,-6.47,1.5,-3.13,7.07,0.46,0,-1.56,-5.53,-6.72,-4.95,2.56,1.5,2.33,3.5,-3.99,3.95,7.08,-1.5,,-2,5.06,-1,5.34,4.17,5.6,0.01,1,-3,,0.61,2.75,5,0.68,-7.07,-2.1,0.01,-3.9,-2,-10.5,-2.16,-6.95,-5.7,5.04,,4.16,,2.84,-1.2,-4,,-2,0.97,-2,1,-10.5,-1.47,-0.3,-3,-3.2,5,4.43,,,,,,,13,23,13,,-5.51
Ohio,Kent,6,10.87,9.87,8.45,11.52,8.17,3.91,11.61,12,4.5,15,2.6,13.5,10.14,14.58,5.57,6,7.27,9.33,8.9,4.25,10.92,2.75,16.22,10.6,9.3,13.76,16.13,5.5,,8.85,18.03,-1,15.82,17.86,14,0.01,5.5,9,,12.79,5.64,2,10.31,8.7,5.8,9,5.4,6,4.4,6.83,6.68,10,9.45,,15.86,,3.2,5.3,9,,7,18.01,1,1,17.5,9.17,5.3,10,7.4,13,4.74,,,,,,,44,13,13,,9.4
Ohio St.,Indiana,35,22.62,25.37,29.1,30.73,17.76,27.02,22.64,30,22,42,25.74,31.5,22.58,29.35,30.92,34.5,26.49,20.5,24.3,31.25,31,23.33,31.04,21.2,22.56,29.15,28.28,23.7,,26.04,25.27,22,26.22,26.1,21.8,34,31.5,25,,26.08,26.39,23,27.18,25.76,27.1,23,30.5,33.5,21.6,29.51,41.98,21.8,43.26,,11.48,,23.44,29.8,26,,32,28.14,13,25,36.7,14.69,22.4,23,27.8,20,5.50,,,,,,,14,42,13,,27.87
Oklahoma St.,Baylor,-8,-7.15,-16.13,-8.27,-6.01,-7.84,-1.93,-10.84,-5,-8.5,-7,-14.96,5.5,-3.93,-18.4,2.92,-10,-6.04,-7.6,-15.74,-9.95,-1.28,-6.56,-2.98,-3.5,-9.54,-2.78,-5.41,-11.8,,-5.31,-2.8,-4,-1.54,-1.79,-1.4,-5,-10.5,-2,,-0.01,-3.44,-1,-6.86,-17.18,-5.2,-2,-5.5,-8,-0.4,-7.65,-22.26,-14.4,-6.69,,-2.7,,-4.72,-3.7,-19,,-8,1.53,-8,3,11.9,-3.58,-12.1,-13,-4.5,-10,6.40,,,,,,,17,49,13,,-4.18
Oregon St.,Washington,1.5,-3.85,-4.86,-3.66,-3.44,-1.87,4.24,-3.52,-2,6.5,-2,-5.05,0.01,-4.44,1.38,3.53,,-0.21,-1.19,-5.84,-2.15,-2.06,-0.76,1.91,5.5,0.62,0.4,2.12,-0.2,,-0.88,1.59,-3,-0.66,2.21,2.8,0.01,-2.5,0.01,,-0.01,0.01,7.5,-1.31,-2.03,-4.6,-1,-2.4,1,2.4,-1.28,4.73,-1.5,-6.5,,3.96,,-1.21,-1.3,-1,,1,3.47,-3,-1,5.9,-1.66,-0.1,-7,3.8,4,3.27,,,,,,,69,27,13,,-2.54
Penn St.,Nebraska,0,1.02,-1.87,-2.26,-0.55,-1.89,1.11,2.11,2,-4,-0.25,-2.71,1,-0.15,3.38,0.95,2,-0.75,1.05,-4.17,-3.55,-4.33,4.06,0.36,3.7,0.83,-1.21,-0.41,-1.3,,-0.48,1.03,-9,2.62,1.05,0.6,-4,2.5,-2,,-1.03,-0.01,1,2.48,-0.21,-1.9,0.01,-4,0,-3.1,-1.53,-3.25,0.5,-6.39,,3.03,,-3.17,-4.1,-2,,-5,1.85,-2,-1,8.4,-0.45,-0.8,-4,-1.5,-1,2.83,,,,,,,23,20,13,,-0.99
Purdue,Illinois,-7,-13.02,-13.3,-6.82,-15.27,-8.32,-2.99,-14.2,-7,4,-11,-13.21,-5.5,-11.89,-18.66,-10.22,-7,-8.08,-9.3,-13.9,-9.55,-4.89,-9.79,-2.67,-7.38,-7.56,-6.68,-4.86,-4.9,,-7.9,-5.86,-12,-2.58,-2.02,-2,-4,-6,-8,,-5.52,0.35,4.5,-5.34,-13.04,-11.9,-7,-9.8,-7,-7.6,-8.14,-8.31,-10,-11.89,,-2.2,,-7.47,-7.8,-16,,-9,-10.96,-6,-8,-18,-18.98,-3.7,-11,-5.1,-11,5.04,,,,,,,20,16,13,,-9.14
San Diego St.,Boise St.,-7,-11.28,-16.97,-11.91,-10.82,-10.48,-6.97,-10.51,-14,-6,-10,-14.96,-5.5,-12.15,0.48,-12.51,-7,-9.06,-10.08,-15.47,-15.15,-12.97,-4.1,-2.78,-1.34,-7.21,-10.99,-1.71,-8.1,,-10.04,-3.38,-11,-2.74,-1.18,0.2,-13,-7.5,-14,,-8.24,-5.23,-5,-9.51,-11.56,-6.2,-11,-9.4,-7,-12.7,-10.53,-9.3,-10.9,-4.95,,2.95,,-7.43,-8.5,-14,,-12,-2.88,-7,-7,-16.3,-5.24,-7.2,-11,-9.3,3,4.48,,,,,,,31,34,13,,-11.2
San Jose St.,Navy,3,-4.14,-5.99,-1.31,-6.61,-3.99,-4.63,-5.46,-3,7,-3,-5.37,-0.5,-2.84,-2.12,-5.93,3,-2.93,-9.82,-7.05,-6.55,-6.83,-12.31,-0.75,0.47,-3.3,-2.37,-4.85,-4.8,,-3,-3.16,-8,-2.26,-1.58,-0.6,-2,3,-11,,-3.8,1.74,9.5,2.81,-5.01,-1.7,0.01,2.5,2,-11.4,-1.48,0.01,-5.8,-8.19,,1.06,,5.04,2.5,-3,,-3,-4.01,-4,4,5.6,-3.57,-5.3,-7,-5.9,-5,4.38,,,,,,,58,52,13,,0.29
South Alabama,Louisiana-Monroe,3.5,9.07,7.75,4.95,4.65,7.14,3.51,6.82,1,-6.5,2,9.45,0.5,11.37,0.01,3.33,3.5,3.86,5.54,7.53,6.05,-1.64,-4.17,-0.01,9.26,7.33,0.38,-2.9,9.4,,3.8,-2.86,13,-6.98,-5.62,-1.5,3,3,2,,1.56,-1.55,,5.3,9.31,4.3,1,2.7,3.5,4.4,4.07,6.77,9.5,0.95,,3.36,,3.31,2.3,4,,5,-0.7,1,10,24.5,1.65,8.4,-1,-2.8,3,5.28,,,,,,,14,36,13,,3.59
South Florida,SMU,-6,-2.4,-4.24,-4.47,-5.77,-2.1,-5.93,-2.47,-9,-5.75,-6,-3.01,-2.5,-2.36,-4.17,-8.4,-4,-4.66,-4.62,-3.19,-7.25,-3.39,-8.48,-10.41,2.6,-0.01,-5.76,-1.4,0.5,,-4.54,-3.24,-8,-3.86,-2.54,-0.9,1,-5.5,-7,,-2.27,-8.13,-6,-2.24,-0.78,-9.6,-5,-5.5,-6,-8.3,-5.69,-7.97,-1.1,-7.96,,2.88,,-4.27,-5.5,-4,,-8,-4.37,-4,-7,-9.2,-5.38,1,-7,-9.9,4,2.78,,,,,,,16,6,13,,-4.9
Southern Miss.,Middle Tenn.,-23.5,-24.22,-22.02,-18.49,-25.46,-18.49,-17.11,-27.87,-25,-17.75,-30,-26.9,-21.5,-21.17,-32.81,-21.35,-23,-22.78,-23.53,-28.07,-26.25,0.56,-27.1,-19.69,-8.18,-22.67,-24.55,-31.08,-24.4,,-23.31,-33.9,-20,-21.54,-23.84,-19.3,-15,-20.5,-23,,-14.94,-24.29,-15,-21.33,-28.86,-26.6,-15,-23.9,-23.5,-19.4,-24.34,-24,-20.6,-29.88,,-37.68,,-10.89,-21.8,-32,,-29,-33.22,-14,-14,-30,-24.38,-23.2,-23,-25,-38,5.74,,,,,,,42,21,13,,-23.08
Stanford,California,31.5,35.3,36.47,31.1,39.21,30.59,38.18,36.64,40,27.5,37,36.95,34.5,33.98,33.29,27.42,31.5,35.59,35.6,36.06,41.25,49.19,44.81,34.7,32.72,33.06,31.86,41.35,35.7,,35.99,39.93,39,36.7,38.95,33.5,39,28.5,36,,39.53,38.73,29.5,33.28,35.98,35.8,34,40.4,32.5,41.4,37.32,32.72,24.9,32.41,,13.04,,28.9,39,38,,43,40.19,15,25,33,21.64,33.5,25,44.7,49,5.73,,,,,,,13,63,13,,34.09
Syracuse,Pittsburgh,0,1.66,-3.93,-0.93,2.52,-2.75,5.82,3.1,3,-7,-1,-4.38,2,0.27,6.42,2.11,-1,0.94,3.9,-6.7,-0.45,1.47,7.1,8.6,-2.98,-1.57,2.24,2.43,-6.3,,1.58,2.61,-12,3.5,2.29,1.3,3,-1.5,2,,0.87,-0.01,-2,-2.99,-4.2,2.1,2,1.1,0,7,0.47,1.24,-2.3,-4.8,,3.02,,1.17,1.5,-6,,3,4.65,-3,3,7.9,1.01,-6,-1,10.5,5,3.61,,,,,,,17,16,13,,0.25
Temple,Connecticut,7,10.43,11.9,7.84,11.52,9.53,9.83,10.97,12,7,14,10.65,10.5,9.91,4.89,8.11,8.5,9.78,10.21,10.38,12.95,-0.33,16.72,4.91,5.9,9.93,8.67,7.15,11.6,,9.97,11.36,6,7.34,4.84,5.3,10,7,10,,7.06,8.69,6.5,10.26,10.91,13.2,8,8.5,7.5,14.2,10.04,4.58,8.4,22.8,,-4.67,,6.17,8.1,12,,12,13.71,3,17,20.1,18.52,9.8,7,10.5,7,3.53,,,,,,,28,21,13,,9.8
Tennessee,Vanderbilt,3,-2.51,-1.66,-1.68,-4.47,-0.38,-5.7,-3.46,-1,10.25,-0.25,-0.47,-1,-1.86,-1.92,-4.09,3,-2.53,-4.06,-1.77,-5.85,-11.75,-8.36,-5.36,0.59,-0.28,-2.3,0.75,-3.2,,-2.45,-0.27,-11,1.18,-0.01,1.4,-5,2.5,-6,,-3.46,-6.66,-4,1.61,-2.23,-2.4,-4,-3.9,1.5,-7.2,-3.14,-0.66,-3.8,4.62,,2.84,,-2.35,-3,-2,,-7,-3.57,-5,-4,10.3,-3.56,-3.2,-5,-8.1,-3,3.45,,,,,,,14,10,13,,-0.94
Texas St.,Western Kentucky,-5,-4.01,-5.09,-4.69,1.23,-2.97,0.37,-4.76,1,-1,-0.25,-4.85,1,-3.29,4.55,-2.07,-5,-2.13,-2.42,,0.45,-0.56,-6.03,5.01,2.78,-2.68,0.8,-0.32,-6.5,,-2.36,1.09,-10,1.42,2.73,1,-2,-3.5,0.01,,-1.01,-2.58,,-3.31,-4.59,-2.3,-6,-4.4,-4.5,1.9,-3.53,-10.73,-3.8,4.02,,2.82,,-6.75,-4.5,-1,,-5,0.83,-3,7,-7.3,-2.07,-7.6,-3,2.2,-4,3.55,,,,,,,38,7,13,,-0.81
Toledo,Northern Ill.,-3,1.11,0.65,-3.87,-0.39,-0.42,-3.09,-0.49,-2,1.5,-5,-3.52,-3.5,2.48,-7.42,1.82,-3,-2.22,0.01,1.07,-2.75,-9.28,-7.17,-10.66,-3.5,-0.24,-3.63,-7.9,-2.5,,-1.96,-5.21,-1,-6.74,-4.85,-3.3,-7,-3,-1,,-4.89,0.33,-3,0.93,-0.31,-0.7,-1,-0.01,-3,-2.7,-1.54,-2.41,0.6,-2.02,,-3.55,,-1.91,-0.3,4,,-3,-10.09,-1,-4,14.1,-4.5,-3.7,-8,-3.5,-10,3.98,,,,,,,35,17,13,,-1.82
Tulane,UTEP,16,20.72,17.51,17.31,17.31,14.04,12.94,22.77,22,16.5,20,18.29,21,18.7,24.3,8.59,17,17.51,21.27,16.51,14.65,5.56,14.34,17.87,8.96,17.68,15.71,28.02,21.1,,17.6,27.95,15,22.22,24.46,20.7,13,15.5,18,,17.42,16.3,1.5,18.75,18.28,12.7,16,12.4,16,18.6,16.01,12.55,17.9,20.5,,33.75,,11.01,11.4,20,,14,31.26,6,7,29.8,13.76,21,13,17.4,18,5.77,,,,,,,3,45,13,,15.28
UAB,Rice,-17.5,-14.03,-22.84,-17.4,-19.47,-15.92,-20.49,-12.17,-20,-11.75,-21,-16.96,-14,-15.99,-9.06,-17.06,-17.5,-17.83,-13.09,-22.79,-26.45,-10.92,-25.84,-19.35,-7.26,-15.99,-16.4,-16.75,-15.8,,-17.23,-16.48,-21,-18.98,-18.93,-14.8,-20,-14,-19,,-16.93,-15.36,-12.5,-17.06,-21.7,-20.2,-14,-20.1,-17.5,-20.1,-19.91,-20.62,-17.9,-13.33,,-4.4,,-13.92,-18.3,-25,,-25,-12.53,-14,-17,-19.7,-12.22,-15.3,-20,-20.7,-15,4.17,,,,,,,37,34,13,,-16.53
UCLA,Arizona St.,-3,-0.3,-5.44,0.29,-1.5,-3.73,-3.3,2.21,1,-19,-0.25,-4.48,-0.5,-3.54,4.23,7.53,-3,-1.6,0.82,-6.12,-4.35,0.67,0.94,5.95,6.5,-3.36,0.01,1.89,-3.1,,-1.64,3.3,-8,1.9,0.4,-0.4,-2,-2,0.01,,0.92,-1.78,1,-0.8,-5.55,-5.6,-3,-2.5,-3,-4.3,-3.18,-8.5,-2.6,3.54,,3.49,,-3.06,-1.9,-4,,-7,4.32,-7,-3,12,-0.97,-3.4,-4,-0.9,-2,4.75,,,,,,,38,33,13,,0.71
Utah St.,Colorado St.,11,16.01,15.25,12.14,18.13,11.81,9.75,15.08,13,19,17,17.65,13.5,17.44,18.77,16.91,10,13.63,9.75,16.32,12.35,21.89,14.72,16.2,6.24,14.47,13.08,12.25,11.8,,13.28,11.58,10,9.42,8.99,7.5,15,7.5,10,,13.49,14,18.5,17.21,16.98,10,14,12.4,11,6.1,12.38,14.25,16.1,-2.8,,6.08,,17.84,11.8,14,,13,13.19,6,21,31.1,5.98,10.1,8,8.7,8,4.38,,,,,,,0,13,13,,12.56
Wake Forest,Duke,-7,-9.02,-10.13,-7.13,-7.99,-9.89,-7.01,-6.08,-8,-9,-12,-11.61,-9.5,-11.91,-9.95,-2.85,-5.5,-8.85,-5.66,-13.31,-13.15,-18.11,-11.82,-9.74,-9,-6.96,-7.95,-11.5,-9.1,,-9,-9.61,-18,-12.02,-12.79,-10.7,-6,-5.5,-11,,-14.44,-7.8,-5.5,-3.71,-9.35,-3,-6,-3.5,-7,-6.2,-8.75,-5.34,-8.5,-3.64,,1.89,,-7.67,-4.4,-17,,-11,-11.87,-6,-7,-4.7,-8.2,-8.4,-12,-13.5,-6,2.91,,,,,,,28,21,13,,-7.19
Washington St.,Utah,1.5,1.42,-4.4,-4.7,3.27,-2.95,-1.76,2.18,4,-11.25,1,-5.13,4,0.56,5.62,-9.73,1.5,-1.84,0.58,-6.17,-6.05,2.31,-7.57,-3.94,-3.99,-2.19,0.22,6.19,-3.6,,-2.64,5.8,-12,4.94,5.36,6.4,-2,1,1,,1.11,-4.33,-9,-2.67,-5.17,-3,-3,-2.6,1.5,-3.4,-2.38,-8.01,-1.6,-27.81,,3.83,,-4.41,-3.3,1,,-6,10.11,-3,1,-5.6,1.37,-3.3,-1,0.2,-3,4.71,,,,,,,37,49,13,,-2.88
Wyoming,Hawaii,7,4.82,0.01,2.91,15.77,1.9,1.96,6.16,7,10.5,17,1.55,15.5,3.47,9.53,2.04,7,5.87,2.77,0.22,0.35,-2.03,-3.32,12.71,8.85,2.79,2.84,14.24,0.5,,3.83,18.39,-3,15.42,16.45,10.9,3,6.5,2,,7.85,3.49,11,8.67,0.2,7.5,6,6.7,7,-2.8,5.98,-1.76,3.5,-0.07,,5.07,,3.26,6.6,7,,14,19.31,2,11,13.4,20.67,1.1,10,3.9,10,6.38,,,,,,,56,59,13,,3.76
Akron,Toledo,-7.5,-12.03,-13.48,-11.58,-5.49,-9.49,-11.86,-12.46,-8,-7,-12,-9.43,-8,-11.76,-7.02,-20.5,-7.5,-12.3,-12.57,-14.83,-12.65,-21.97,-18.16,-12.08,-8.04,-11.26,-13.25,-16.31,-7.2,,-12.05,-13.58,-12,-10.18,-12.55,-11.2,-11,-7.5,-15,,-14.14,-13.08,-13.5,-10.99,-13.93,-13.6,-13,-15.6,-8.5,-11.3,-12,-11.49,-10.3,-27.77,,0.87,,-11.84,-15.3,-14,,-13,-13.77,-11,-11,-12.1,-8.41,-5,-10,-16.4,-11,3.03,,,,,,,29,31,14,,-14.06
Arizona St.,Arizona,11,11.11,12,12.36,15.92,11.53,14.51,11.3,15,20.5,16,12.36,17,10.68,7.75,19.09,13,13.34,10.66,13.02,12.75,16.28,22.69,14.82,13.25,11.96,12.21,18.83,8.6,,12.53,16.65,11,14.22,16.17,14.7,15,14,9,,12.43,9.75,12,11.86,12.63,13,12,11.7,11,9.1,12.9,17.67,10.3,20.92,,4.9,,11.95,10.6,10,,19,16.34,6,14,11,6.63,6,8,19,9,3.42,,,,,,,21,58,14,,12.92
Auburn,Alabama,-11,-9.92,-8.23,-14.71,-6.7,-6.4,-9.8,-12.7,-3,-2,-9,-9.97,-4,-8.09,-12.56,-21.41,-10.5,-8.26,-8.72,-9.32,-9.95,-0.44,-7.5,-7.67,1.5,-5.35,-2.36,-3,-12,,-8.98,-3.46,-7,1.02,2.7,2.1,-8,-9.5,-10,,0.41,-9.63,-23,-9.84,-8.96,-12.1,-14,-15.8,-11,-8.1,-10.62,-9.37,-4.5,-6.4,,-2.64,,-13.49,-15.2,-9,,-12,-2.92,-10,-15,-14.3,-5.43,-12.5,-7,-12.3,-8,5.41,,,,,,,28,34,14,,-8.92
Ball St.,Miami (Ohio),34.5,37.13,33.33,32.49,31.95,28.65,30.79,39.21,39,18,39,37.63,35,35.14,42.53,29.24,34.5,33.44,30.99,34.51,31.75,17.75,31.88,38.67,20.03,32.24,31.96,46,32.9,,33.2,47.16,28,38.14,41.99,36.8,32,33,32,,31.93,27.47,24,34.38,35.22,34.8,33,36.6,34.5,30.3,33.51,38.54,28,33.59,,47.65,,28.99,34,35,,36,46.33,14,29,30.7,31.17,26.9,32,36.3,59,6.19,,,,,,,14,55,14,,33.07
Boise St.,New Mexico,36,26.34,29.9,30.03,22.74,24.29,24.68,25.9,29,14,31,29.78,25.5,26.81,19.77,30.9,36.5,26.63,23.56,28.85,26.85,24.97,38,24.14,9.64,24.39,26.73,26.42,25.5,,26.77,24,26,20.7,22.09,20.9,33,35,27,,25.6,26.24,25.5,31.32,28.35,20.9,31,27.9,34.5,27.1,29.23,34.75,24.5,34.43,,16.4,,29.67,27.2,33,,32,26.69,13,38,33.6,14.95,20,19,28.9,17,5.65,,,,,,,17,45,14,,30.18
Buffalo,Bowling Green,-1.5,1.43,-2.69,-5.36,0.18,-1.98,-0.57,2.05,3,6.5,0.25,-5.74,3.5,0.51,0.34,5.93,-1.5,-0.14,4.97,-3.73,-6.15,0.78,5.22,0.66,3.7,2.1,-1.27,5.94,0.3,,0.28,7.24,-3,4.78,4.68,4.2,-3,-1,-2,,2.23,-9.3,-2,-0.69,0.32,-1.2,-1,-1.7,-1.5,1.9,-2.87,-5.83,-3.8,3.69,,3.97,,-4.26,-2.6,-2,,-5,8.24,-2,-17,3.9,0.19,-1.1,-3,2.5,5,4.55,,,,,,,24,7,14,,-2.24
Central Florida,South Florida,27,28.73,28.31,23.48,30.74,22.83,23.76,27.69,39,19.5,28,23.02,24.5,29.69,24.82,23.54,27,27.35,23.03,26.7,27.65,40.47,31.76,38.88,23.63,23.59,33.62,35.11,22.7,,27,34.53,28,35.02,34.24,28.5,24,25,29,,34.56,26.82,22.5,25.46,25.33,28.8,25,25.1,27,25.5,26.54,26.95,23.4,34.96,,7.55,,20.27,23.1,33,,27,36.58,12,28,29.8,19.01,19.8,24,31.4,21,5.20,,,,,,,20,23,14,,27.91
Central Mich.,Eastern Mich.,19,17.75,15.95,17.1,14.21,13.35,19.45,18.39,22,9.5,16,23.19,15,16.97,22.03,12,18.5,17.44,18.52,17.99,21.85,-2.78,23.52,11.19,9.92,16.22,14.86,18.17,17.2,,17.74,16.45,12,12.38,13.93,13.1,20,19,19,,10.81,19.84,11,17.72,18.84,18.3,14,19.2,19,22.6,18.65,23.87,17.1,27.65,,28.85,,15.32,18.2,17,,20,16.55,8,20,28.5,10.89,13.1,12,19.8,13,4.41,,,,,,,10,42,14,,21.13
Colorado St.,Air Force,18,16.91,23.01,15.74,17.64,17.39,20.16,15.34,24,11.5,21,21.99,19.5,18.42,13.07,11.63,16,18.11,16.98,20.39,23.45,8,13.65,9.56,11.99,19.12,17.6,16.97,18.5,,17.62,16.45,17,15.02,16.08,15.4,19,14,21,,14.92,18.09,6,17.94,21.75,17.2,17,21.8,18,25.9,19.36,26.43,17.7,-0.04,,17.74,,15.38,20.6,19,,24,14.98,5,14,31.1,11.93,12.6,12,24.9,11,4.80,,,,,,,13,58,14,,17.18
Connecticut,Rutgers,-3,-3.9,-2.08,-2.9,-4.92,-3.29,1.29,-4.85,-10,1.5,-14,-3.46,-11,-3.08,-14.15,-6.75,-3,-4.84,0.84,-3.94,-1.05,-2.64,2.26,-17.97,-6.23,-2.13,-11.14,-13.42,-3.1,,-3.38,-16.14,4,-15.14,-14.23,-10.9,-1,-4,-3,,-7.39,-4.74,-6.5,-2.57,-1.28,-10.4,-5,-5.1,-3,4.6,-4.88,3.66,-0.7,-15.87,,-4.98,,-1.77,-5.2,-2,,-17,-16.01,-3,-7,5.2,-8.41,-5.4,-13,-2.2,-7,5.99,,,,,,,17,28,14,,1.72
Florida,Florida St.,-28.5,-24.84,-32.77,-22.03,-22.33,-19.07,-20.63,-31.28,-31,-10.5,-25,-31.16,-21.5,-20.89,-28.55,-18.71,-27.5,-24.91,-28.78,-32.18,-35.95,-25.97,-46.69,-26.85,-17.7,-21.88,-23.65,-30.25,-25.9,,-25.12,-28.45,-17,-21.3,-23.19,-17.8,-29,-26,-27,,-18.63,-19.57,-14,-25.23,-29.62,-33.6,-18,-29.5,-28.5,-28,-27.25,-27.36,-26.9,-41.61,,-10.36,,-17.12,-26.8,-36,,-31,-24.46,-15,-14,-13.3,-13.93,-26.6,-31,-32,-26,6.85,,,,,,,37,7,14,,-24.61
Florida Atlantic,Florida Intl.,28,34.84,31.72,25.4,26.11,27.74,31.74,34.47,34,24,27,29.21,24.5,35.14,33.86,25.53,28,29.3,32.39,36.8,36.25,0.31,25.15,11.66,15.38,30.17,29.01,30.21,28.7,,30.09,29.82,24,22.22,23.68,20.4,32,28,34,,20.13,30.6,10.5,32.84,37.67,29.2,27,32.6,28,37.1,31.76,40.74,28.2,39.3,,40.87,,23.86,30.4,38,,35,28.1,14,28,30,26.59,21.2,21,34.5,44,6.70,,,,,,,6,21,14,,32.71
Georgia St.,South Alabama,-7.5,-12.74,-12.26,-12.73,-9.61,-10.69,-6.32,-13.93,-16,-7,-20,-12.78,-16,-11.67,-13.72,,-9,-12.66,-10.25,-12.64,-9.75,7.5,-4.2,-33.84,-4.88,-10.72,-11.25,-20.35,-9,,-12.33,-24.92,-13,-14.34,-16.32,-11,-11,-10,-10,,-7.71,-13.62,,-10.96,-12.15,-14.2,-16,-16.4,-8.5,-7.9,-11.75,-11.73,-12.4,-12.78,,-3.87,,-9.5,-17,,,-10,-18.4,-7,-7,-15.7,-21.98,-8.5,-14,-12.4,-20,5.15,,,,,,,38,17,14,,-13.09
Georgia Tech,Georgia,-3,-0.01,-0.78,-4.77,7.69,-2.47,-4.17,-2.57,-1,2,6,1.98,3,2.68,-3.83,-0.15,-3.5,-1.23,-4.5,1.03,-2.45,-2.61,-6.39,-1.68,-1.52,-0.41,-4.83,-1.2,-3.9,,-1.68,-1.01,-5,-1.62,-0.12,-3.1,3,-3,-2,,-1.45,1.88,-1.5,-2.4,-2.1,-0.7,-1,-2.1,-3,-7.1,-2.52,-4.41,2.5,9.87,,1.35,,-0.73,-1.8,-2,,-9,-1.55,-4,1,18.2,-0.97,-4.1,1,-8.5,-2,4.04,,,,,,,41,34,14,,-2.99
Hawaii,Army,7,6.86,5.35,4.35,-6.14,6.71,5.39,6.28,1,12.5,-2,7.79,0.01,7.31,7.56,6.89,7,4.33,4.06,6.76,6.65,4.75,8.07,-1.77,-0.39,4.49,2.41,-3.02,1.1,,5.24,-5.55,5,-5.38,-4.94,-1.7,4,4.5,6,,1.55,3.91,0,5.65,5.19,0.2,2,4.7,7,11.2,5.99,6.09,1.5,13.04,,11.82,,11.05,5.3,7,,7,-7.69,-1,6,18.5,-15.81,-0.6,-8,10.7,-4,6.11,,,,,,,42,49,14,,10.25
Houston,SMU,9.5,16.17,17.61,8.81,16.35,15.28,10.26,14.52,14,10,23,21.25,18,17.78,7.22,7.74,9.5,12.95,9.89,17.98,13.25,18.89,6.66,13.42,13.89,15.76,10.83,12.5,15.5,,12.99,13.47,6,13.26,14.37,11.8,15,10,9,,16.81,11.57,5,17.03,17.62,13.8,12,10.7,10,11.1,12.45,6.24,14.4,7.3,,4.37,,5.95,9.3,14,,12,14.44,6,11,30.4,8.42,13.1,11,7.5,10,4.62,,,,,,,0,34,14,,12.72
Illinois,Northwestern,-4,0.71,-1.83,-9.87,-2.59,-1.98,-6,-0.15,1,-5,2,-1.67,3,1.42,1.46,-4.85,-3.5,-2.63,-1.13,-1.76,-4.15,-1.42,-5.81,-1.94,-2.8,-0.66,-3.71,2.34,-2.1,,-2.7,2.87,-5,2.46,1.04,1.8,-6,-4,-3,,-0.59,-10,-12.5,-2.8,-1.79,-4.3,-4,-8.4,-4,-4.7,-4.61,-2.16,0.8,1.2,,3.52,,-1.36,-8.2,-5,,-7,3.47,-3,-11,7.5,-1.28,-2.3,-1,-3,-2,4.00,,,,,,,37,34,14,,-6.68
Indiana,Purdue,20.5,23.58,24.16,16.32,23.9,19,17.2,23.63,21,9.5,31,24.87,21,23.4,24.06,17.92,21,19.74,20.13,23.31,18.35,20.17,25.72,9.93,19.23,19.76,16.78,19.97,15.5,,19.54,20.55,18,16.62,16.29,14.2,16,21,19,,19.48,14.64,8,22.04,23.99,20.4,20,18.5,20.5,20,19.79,21.23,18.3,24.66,,10.57,,18.87,16.9,27,,22,22.86,10,17,31,24.54,13.2,16,19.6,24,4.72,,,,,,,36,56,14,,19.32
Kansas,Kansas St.,-18,-18.75,-22.39,-17.53,-17.93,-17.74,-22.34,-16.13,-8,-9.5,-14,-23.11,-10,-21.62,-13.57,-23.05,-16,-18.03,-15.18,-23.75,-22.55,-26.08,-28.8,-8.68,-8.53,-18.91,-16.81,-13.65,-17.9,,-18.92,-11.06,-22,-9.78,-11.66,-10.6,-20,-16.5,-18,,-18.93,-24.08,-25,-20.42,-24.4,-17.7,-21,-19.7,-18,-18.6,-20.14,-20.75,-19.8,-30.27,,1.45,,-22.58,-19.8,-12,,-23,-12.64,-16,-24,-19,-11.47,-14.7,-16,-20.1,-10,5.17,,,,,,,31,10,14,,-19.98
Kentucky,Tennessee,-4,-5.19,-4.78,-4.4,-4.22,-2.37,-6,-7.82,-2,-3.5,-6,-3.64,-3,-2.78,-19.05,-3.21,-4,-4.9,-4.99,-4.61,-5.15,-13.31,-0.44,-9.29,-0.25,-4.59,-6.44,-15.08,-2.7,,-4.38,-11.71,-3,-9.86,-8.58,-7.6,-4,-4,-7,,-8.14,-3.47,-5,-4.59,-4.36,-3.1,-4,-1.9,-4,-2.8,-4.1,-4.77,1.3,1.91,,-4.84,,-3.16,-2.7,-2,,-5,-6.86,-4,-1,4.9,-5.88,-1.8,-6,-5.3,-14,3.78,,,,,,,27,14,14,,-4.57
LSU,Arkansas,24.5,28.12,31.3,23.02,30.96,23.92,27.66,27.5,31,21.5,26,23.7,24.5,28.68,23.91,28.99,24.5,27.06,26.16,29.29,29.35,36.42,33.21,21.71,24.33,27.61,22.18,28.78,26.8,,27.45,25.18,30,23.66,24.34,21.8,27,24.5,22,,29.9,28.35,24.5,28.26,32.78,26.9,29,32.8,25,27.4,28.24,33.57,24.3,39.25,,7.07,,25.01,30.8,27,,32,24.28,14,25,30.1,15.92,20.1,19,28.4,25,4.12,,,,,,,27,31,14,,24.46
Louisiana-Lafaye,Louisiana-Monroe,17,17.1,18.12,13.45,16.63,15.09,19.05,13.98,17,-1,19,19.28,14.5,20.18,6.77,8.18,15,15.12,15.76,,20.95,21.03,5.88,18.92,15.17,13.44,14.62,15.98,16.4,,15.16,14.35,14,15.18,15.93,16,18,13,15,,18.09,12.62,8,14.45,15.15,12,11,11.9,17,16.9,15.97,17.02,14.8,-4.65,,4.77,,14.23,11.2,13,,20,16.88,5,20,29.8,10.91,13.5,13,20.6,10,4.70,,,,,,,31,28,14,,14.94
Marshall,East Carolina,4,-0.01,-0.56,3.17,1.8,-1.03,-2.4,-2.14,1,3.5,-4,5.08,-1,1.98,3.16,9.13,3,-0.65,-3.25,-1.69,-2.85,-10.44,6.24,-5.52,-0.2,-1.43,-0.84,-5.9,-3,,-1.23,-2.98,-5,-4.26,-3.75,-3.8,3,1.5,-3,,-4.72,1.22,0,-0.01,-1.96,-2.3,-1,-3,3,-2,-0.3,1.88,0.6,7.56,,2.37,,3.04,-3.6,1,,1,-2.95,-3,-7,14.1,-2.37,-2.8,-1,-3.6,-6,3.71,,,,,,,28,59,14,,-1.96
Memphis,Temple,8.5,13.48,11.91,9.56,8.74,11.25,9.04,12.91,21,5,13,13.18,13,14.04,17.04,2.94,9,11.3,10.53,13.07,11.15,5.97,1.81,11.14,6.15,11.72,9.2,23.2,8.7,,11.2,22.32,9,16.22,16.06,15.6,8,7,12,,12.79,7.52,6.5,10.52,12.62,7.7,7,9.2,8.5,12.7,10.11,12.86,11.4,12.35,,19.91,,7.94,7,13,,9,24.84,5,7,15.9,9.87,4.7,6,15.3,13,4.68,,,,,,,41,21,14,,10.72
Michigan,Ohio St.,-17,-12.87,-15.77,-12.78,-12.95,-9.4,-14.16,-14.03,-12,-16,-21,-15.7,-14,-11.92,-21.25,-5.99,-15,-13.62,-12.02,-16.31,-16.35,-16.11,-19.84,-17.88,-11.5,-11.42,-16.48,-14.84,-12.3,,-14,-13.1,-9,-10.26,-10.61,-7.9,-11,-14,-16,,-10.08,-11.42,-2,-14.17,-15.34,-14.7,-11,-16.3,-16.5,-14.2,-14.16,-20.4,-11.8,-10.25,,-4.22,,-10.5,-15.2,-19,,-14,-13.73,-9,-7,-15.9,-8.99,-12,-17,-15,-11,3.79,,,,,,,42,41,14,,-17.01
Michigan St.,Minnesota,17,17.02,14.62,18.3,17.02,12.85,13.99,16.72,15,21.5,13,14.48,12.5,17.25,8.25,13.95,14.5,15.1,14.51,13.83,16.65,16.33,18.31,9.35,14.2,12.13,9.36,15.47,15.5,,14.81,13.18,16,10.62,10.14,10.3,20,14.5,12,,14.07,14.02,14.5,13.81,13.55,19.1,18,18.8,17,18,15.78,21.96,11.1,4.72,,4.73,,13.75,18.8,13,,17,14.85,7,18,20.5,8.67,15.2,8,17,9,3.52,,,,,,,3,14,14,,18
Middle Tenn.,UTEP,24,22.37,25.49,21.91,20.02,18.06,18.14,22.1,27,20.5,28,23.68,24,22.52,27.93,19.47,23,21.99,20.75,,23.05,9.06,25.54,24.73,8.73,22.22,22.95,29.73,23.3,,22.45,29.16,23,23.58,25.82,22.7,18,21,21,,19.47,22.14,9.5,23.41,24.97,18.1,18,17.4,24,18.4,21.92,24.53,20.9,28.89,,36.31,,17.05,15.8,25,,24,30.51,11,17,30.7,14.49,17.7,17,19.3,19,4.80,,,,,,,17,48,14,,24.51
Mississippi St.,Mississippi,-4,-2.02,-1.57,-3.41,-1.06,-1.84,-3.88,-6.61,1,-4,-2,1.55,-1.5,1.77,3.08,2.51,-3,-2.86,-4.68,-0.55,-0.55,-9.5,-6.03,-6.86,1.7,-2.11,-4.25,-7.89,-2.4,,-3.1,-6.47,-6,-4.66,-4.84,-4.4,-4,-3,-4,,-5.64,-0.36,-2,0.9,-2.16,-8.1,-4,-7.8,-4,-2.8,-2.71,1.86,-1.9,-8.75,,1.67,,-1.65,-9.4,-6,,-2,-5.92,-1,-1,7.6,-3.87,-1.4,-5,-4.6,-8,3.14,,,,,,,10,17,14,,-5
Missouri,Texas A&M,5,11.02,8.81,1.96,14.72,8.09,9.57,11.51,14,11.5,22,9.59,18.5,10.64,0.74,4.02,4.5,9.92,12.45,7.97,9.45,8.31,1.2,10.31,12.5,10.6,7.59,10.73,10.1,,10,11.16,12,11.34,11.95,11.1,6,3,8,,8.65,5.67,-11,7.11,10.14,9.8,5,9.7,6,16.3,8.31,10.4,7.6,14.36,,3.96,,1.38,8.8,10,,11,12.63,2,6,30.2,7.02,7.4,5,15.4,8,5.72,,,,,,,21,28,14,,8.88
NC St.,Maryland,-3,-2.02,1.44,-1.96,-4.35,0.52,-1.46,-4.15,1,6,-4,-0.46,-2.5,0.01,-3.46,5.25,-3,-1.4,-3.62,-0.76,-0.85,-7.89,-4.75,-3.48,1,1.47,-5.34,-8.73,-0.6,,-1.98,-6.39,-3,-6.98,-6.34,-5.3,2,-2,-5,,-4.94,3.86,7,0.01,3.36,-3.4,0.01,-4.5,-3,-3.3,-1.37,2.92,2.2,9.31,,2.02,,-0.01,-3.6,-3,,-2,-0.73,2,3,6.7,-5.21,-0.8,-5,-7.1,-6,3.72,,,,,,,41,21,14,,-0.73
Nebraska,Iowa,3,0.31,-1.64,3.49,2.16,0.73,1.79,-0.32,2,3,3,-3.56,3,0.81,0.18,-1.2,3,2.09,-0.18,-0.28,3.35,1.53,0.14,7.61,5.5,-1.73,4.81,2.78,-2,,2.37,2.76,-2,4.62,4.94,4.4,9,2.5,4,,2.24,5.67,6,-0.47,-3.53,5.9,4,5.3,3,2.5,3.28,1.12,1.2,-13.28,,3.16,,6.94,6.9,3,,6,3.32,-2,3,-4.7,0.31,-3.3,2,4.6,-4,2.95,,,,,,,38,17,14,,-0.23
Nevada,BYU,-16,-15.87,-20.74,-16.55,-13.82,-15.14,-15.47,-15.99,-15,-18.5,-17,-20.03,-12.5,-16.05,-14.89,-13.35,-14,-16.96,-17.38,-20.65,-17.55,-27.83,-27.83,-16.39,-10.98,-16.81,-20.16,-18.6,-20.3,,-16.68,-14.42,-24,-15.86,-13.58,-11.1,-17,-14.5,-15,,-19.25,-14.92,-11,-17.67,-20.66,-20.7,-17,-24.1,-16,-15.4,-17.1,-17.99,-19,-3.21,,-0.39,,-15.58,-23.8,-12,,-16,-18.17,-10,-17,-20.2,-10.12,-16.7,-14,-16.8,-11,3.34,,,,,,,28,23,14,,-14.05
New Mexico St.,Idaho,3,1.99,3.01,2.86,6.99,3.69,3.87,0.2,9,8,2,2.29,1,3.48,-9.16,1.28,4,2.42,-2.24,0.84,2.45,5.25,0.01,0.94,2.85,0.66,4.51,-1.52,1.1,,2.29,-1.64,5,1.74,0.57,-0.3,5,4.5,8,,2.1,6.2,-1,1.64,-0.7,3.7,2,4.4,3,8.9,3.06,3.29,2.3,9.68,,-23.49,,5.96,4.8,3,,1,-2.23,-3,-4,11.8,0.93,-0.6,1,3.9,-6,3.61,,,,,,,16,24,14,,0.72
North Carolina,Duke,4.5,2.42,5.92,9.44,2.12,3.88,3.3,0.56,1,-0.5,0.25,6.1,-1,4.35,-0.01,8.12,6,3.03,1.71,5.91,10.95,-3.5,1.96,-6.96,-5.5,1.93,3.66,-3.16,0.8,,2.66,-2.96,-3,-5.86,-5.53,-2.8,9,5.5,6,,-1.8,5.93,9,3.83,2.9,6.1,6,7.5,4.5,4.9,6.6,12.46,0.8,-0.63,,3.04,,8.64,6,-2,,13,-3.7,1,4,18.3,-2.9,-0.4,-3,5.4,-3,5.25,,,,,,,27,25,14,,7.06
Northern Ill.,Western Mich.,36.5,37.74,37.2,34.18,30.23,31.67,35.76,41.37,50,19.5,45,35.02,37.5,34.41,50.83,32.48,36.5,36.92,38.21,35.89,40.75,35.08,43.25,47.94,25.45,32.75,36.33,61.15,31.2,,36.27,51.67,26,46.14,45.55,40.3,31,33.5,40,,40.36,30.13,29,34.96,36.21,34.7,30,35.4,36.5,39.4,37.36,39.98,31.3,34.46,,43.99,,30.51,33.7,,,44,56.34,17,31,32.6,31.64,28.6,32,,59,8.18,,,,,,,14,33,14,,38.11
Ohio,Massachusetts,18,18.54,15.84,18.35,16.18,10.97,10.99,20.28,26,4.5,20,19.58,20,16.71,27.64,15.55,16.5,16.55,13.92,13.06,13.85,-0.81,3.78,25.98,13.11,13.13,19.09,25.52,11.5,,16.09,29.66,4,19.58,21.26,16.7,20,14,15,,14.68,23.18,,15.31,14.12,15.9,19,17.6,18,9.8,16.43,11.88,13.2,7.16,,40.25,,15.56,17.6,13,,16,32.14,8,21,24.2,23.66,11.6,16,15.6,19,5.73,,,,,,,23,51,14,,16.95
Oregon,Oregon St.,23,20.02,24.56,25.45,20.05,19.68,22.8,18.89,29,12.5,27,17.45,21.5,21.33,7.5,19.22,21.5,19.22,16.36,23.87,23.75,19.58,11.39,15.59,16.1,19.3,17.54,15.59,19.2,,19.3,15.01,17,16.78,15.15,13,24,21,16,,17.69,18.47,18,22.4,23.85,20.5,21,18.8,22.5,19.3,21.04,23.16,19.5,19.2,,4.21,,19.5,17.2,17,,22,13.79,8,21,30.7,10.65,15.4,19,20.1,9,4.70,,,,,,,35,36,14,,22.28
Pittsburgh,Miami (Fla.),-3,0.47,-1.48,-3.5,-0.39,-0.29,3.21,1.25,1,8,-2,-4.11,0.01,-0.46,-2.45,2.65,-3,0.73,2.74,-2.37,2.55,-3.64,7.76,-4.93,-2.65,-1.18,1.82,0.1,41,,-0.39,-0.25,-3,-3.22,-2.57,0.3,-2,-2.5,1,,-2.76,-2.48,6,-2.35,-2.53,-7,-3,-5.3,-3,6.1,-1.65,2.77,-2.1,-3.57,,3.2,,0.22,-5.8,-5,,,0.14,-1,4,11.5,-2.09,-0.4,-7,8.5,-3,3.76,,,,,,,41,31,14,,-4.24
Rice,Tulane,10,6.94,7.55,9.86,6.99,6.83,6.36,5.55,9,10,8,9.3,7.5,8.22,6.66,18.42,11.5,7.98,3.64,7.8,6.45,11.67,3.98,12.23,6.19,7.32,5.15,8.65,6.1,,7.8,8.3,3,9.1,7.42,7.6,10,12.5,4,,9.04,8.56,15,11.05,8.59,8.3,9,8.8,10,1.2,8.66,13.18,7.4,23.56,,3.86,,11.67,9.3,4,,9,7.06,3,14,17.8,3.24,3,4,5.8,5,3.45,,,,,,,13,17,14,,9.33
San Jose St.,Fresno St.,-8,-6.87,-13.82,-14.52,-13.48,-9.22,-14.13,-5.74,-15,1.5,-20,-8.32,-11.5,-8.33,-2.22,-13.23,-7.5,-12.57,-8.65,-12.58,-16.55,-24.08,-22.78,-15.55,-11.97,-10.73,-16.52,-19.56,-5.6,,-13.02,-20.04,-15,-18.82,-18.27,-14.2,-12,-8.5,-19,,-18.63,-8.74,-6,-10.98,-12.94,-13.1,-11,-10.5,-8.5,-13.5,-11.6,-16.63,-12.3,-25.24,,-5.94,,-7.21,-11,-6,,-15,-20.91,-7,-11,-11.1,-10.63,-7.7,-19,-16.2,-17,5.05,,,,,,,52,62,14,,-13.19
South Carolina,Clemson,3,0.53,-4.48,0.91,-0.25,0.74,1.14,-0.62,1,5,2,-0.55,2.5,1.62,-4.27,3.32,5,0.72,0.13,-1.21,0.65,0.03,-3.53,-0.32,0.5,-1.42,-1.68,0.27,3.7,,0.58,1.25,7,3.1,3.24,3.8,1,6,0.01,,1.77,1.62,-3.5,0.64,-3.17,-4,1,-2.5,2.5,-2.6,1.38,0.49,-4.4,-7.39,,-1.93,,1.6,0.01,-6,,3,7.01,-3,10,12,-1.45,2.3,-5,-2.7,-6,3.70,,,,,,,17,31,14,,-2.39
Stanford,Notre Dame,16,15.49,18.14,12.39,19.39,15.74,16.05,14.33,16,17,12,18.88,12,16.62,3.14,9,14,13.66,14.95,17.04,19.25,11.28,10.12,12.63,14.5,15.85,10.24,9.79,13.3,,13.87,8.32,10,9.18,8.83,9.8,16,14,11,,9.83,10.68,4,16.22,19.46,13.4,13,18.8,16,17.9,16.08,16.2,11.3,31.75,,4.42,,12.95,18.2,11,,20,10.17,3,11,25.2,7.99,10.9,9,15.4,8,4.61,,,,,,,20,27,14,,14.54
Syracuse,Boston College,-3,0.94,-3.79,-0.01,2.31,-1.52,6.73,1.05,-1,-10,-1,-3.5,-1,0.74,-1.55,7.48,-2,-0.34,1.28,-3.63,2.55,-4.78,2.93,-0.56,-7.19,-2.6,2.5,-5.35,-8.6,,-0.43,-4.51,-6,-3.78,-4.16,-5.1,4,-2.5,3,,-3.37,5.88,8,-3.2,-4.09,-1.8,2,-2.2,-3,5.7,-0.22,2.14,-0.2,7.26,,2.43,,1.99,-0.3,-7,,-1,-4.93,-1,10,5.4,-1.39,-10.2,-5,1.9,2,4.17,,,,,,,31,34,14,,0.59
TCU,Baylor,-14,-16.98,-26.5,-19.51,-17.44,-18.53,-14.56,-16.32,-21,-24.5,-25,-26.44,-15.5,-17.98,-22.55,-15.37,-12.5,-18.43,-14.25,-25.87,-22.95,-25.61,-10.2,-16.26,-17.56,-20.05,-15.2,-19.59,-12,,-17.77,-19.73,-16,-19.7,-19.3,-15.4,-18,-14,-13,,-19.8,-15.01,-12.5,-20.19,-27.06,-15.8,-15,-19,-14.5,-14.3,-18.62,-26.23,-24.5,-14.13,,0.76,,-16.38,-17.1,-24,,-23,-17.61,-13,-8,-13.3,-11.36,-11.4,-26,-27.4,-11,4.59,,,,,,,41,38,14,,-15.93
Texas,Texas Tech,5,5.64,5.98,6.6,6.87,4.63,9.33,6.33,8,10.5,10,7.44,6,4.8,7.43,-0.63,4.5,7.59,8.39,4.61,9.45,10.64,2.06,9.18,8.83,4.98,10.26,10.67,7,,7.95,8.49,6,8.22,7.65,8.3,11,5.5,11,,8.46,8.49,7.5,4.47,4.45,7.9,7,10.7,5.5,8.4,7.52,3.84,4.2,-7.28,,4.3,,5.46,11.3,9,,10,9.44,2,8,16.3,3.23,6.5,1,8.3,7,3.10,,,,,,,16,41,14,,5.2
Texas-San Antoni,Louisiana Tech,16,20.88,19.76,11.92,8.96,16.08,17.78,20.62,22,14,16,20.28,16.5,21.01,25.04,4.77,16,17.91,20.81,19.84,18.35,10.31,13.48,13.38,5.87,19,17.47,25.14,18.1,,18.46,22.88,18,20.62,21.12,20.1,11,14,19,,18.06,18.57,,17.95,20.98,17.9,14,18.9,16.5,23.9,18.24,19.78,14.6,13.17,,30.5,,14.12,17.3,22,,21,21.5,6,10,27.7,11.6,9.3,7,24.5,20,5.24,,,,,,,10,30,14,,18.08
Troy St.,Texas St.,7,9.14,9.04,7.4,2.88,7.31,9.48,9.04,8,9,9,9.22,8,9.12,4.07,6.37,7,7.77,9.75,,6.85,7,1.35,1.5,-0.49,7.53,9.69,8.21,10.8,,7.9,6.87,5,5.02,3.64,4.3,11,4,9,,5.69,5.31,,6.72,7.8,4.2,9,7.2,7,11.7,7.65,14.38,5.5,9.71,,4.33,,11.06,6.2,14,,11,7.66,1,7,22.9,2.24,7.2,-1,10,5,3.98,,,,,,,28,42,14,,8.84
Tulsa,North Texas,-4.5,-8.79,-11.52,-3.93,-14.44,-8.93,-8.05,-7.12,-10,-12,-12,-10.52,-9,-10.71,-3.11,-4.21,-5,-8.35,-6.87,-11.43,-10.55,-11.97,-18.21,-6.13,-6.95,-8.65,-4.45,-9.57,-10,,-8.72,-9.9,-5,-10.9,-11.77,-8.9,-4,-3,-7,,-10.42,-3.42,3,-8.02,-10.9,-10.6,-4,-9.1,-5,-9.3,-7.81,-5.5,-11,-7.51,,1.44,,-0.95,-7.9,-7,,-8,-9.1,-5,-4,-10.8,-8.67,-10.3,-15,-7.3,-7,3.73,,,,,,,42,10,14,,-5.73
UAB,Southern Miss.,14.5,21.99,11.61,14.77,14.85,13.39,13.7,26.08,18,7,29,18.92,22,18.48,28.4,7.69,14.5,15.92,19.6,17.5,13.45,-3.19,17.1,7.08,9.52,15.91,11.36,23.71,19.2,,15.3,25.46,7,12.38,13.78,12.9,12,13.5,14,,8.28,17.45,9.5,16.19,18.49,17.5,14,17,14.5,17.1,15.94,13.83,13.4,19.86,,39.95,,10.48,16.8,11,,17,26.81,6,11,30.9,21.79,14.1,10,15,19,5.93,,,,,,,62,27,14,,17.34
UNLV,San Diego St.,-4,0.96,1.11,-4.55,5.23,0.24,-1.75,-0.16,7,-1,2,-0.39,2.5,1.95,-6.51,-2.97,-3.5,-1.85,-0.48,0.55,-0.85,-6.72,-7.17,-10.74,-5.08,-1.92,-4.51,-5.71,-2.4,,-2.12,-2.75,-3,-0.74,-2.25,-2.9,-1,-3,-3,,-2.89,-5.59,-11,-3.05,-2.35,-1.1,-5,-4.3,-4,2.3,-2.32,-4.51,-1.5,-3.46,,0.73,,-5.47,-4.1,4,,-2,-4.38,-5,-3,7.9,-0.6,-0.8,-2,-7.1,-8,3.65,,,,,,,19,45,14,,-1.71
USC,UCLA,4.5,2.35,1.92,3.07,4.37,2.22,6.83,0.4,7,16,5,1.77,6.5,4.42,0.34,8.38,3.5,4.82,3.86,0.8,3.55,2.89,12.71,2.99,3.25,2.73,8.31,3.1,3.2,,3.92,2.89,5,3.98,4.86,4.5,6,3.5,6,,4.32,3.12,4,2.52,1.68,3.1,4,2.7,4.5,8.4,3.58,9.01,0.7,-1.76,,3.26,,3.22,1.9,5,,7,3.76,2,7,12.4,2.05,4.8,-1,12.2,5,3.23,,,,,,,35,14,14,,2.42
Utah,Colorado,16,18.15,22.26,14.57,13.47,15.79,16.1,16.79,18,25.5,18,22.77,15.5,19.4,21.71,25.27,17,18,14.4,22.13,21.15,20.53,13.86,15.31,15.01,18.19,17.83,12.18,22.1,,18,10.77,27,9.98,8.05,6.7,19,14,15,,16.03,19.63,27,19.33,21.96,18.1,20,21.8,16,15.7,19.02,24.23,13.4,29.15,,5.86,,23.51,20.6,29,,20,6.51,9,14,31,6.31,16.8,8,14.3,10,5.59,,,,,,,17,24,14,,17.62
Utah St.,Wyoming,24,24.88,29.66,23.11,21.57,22.27,25.97,22.02,26,28.5,23,29.87,19,28.27,17.26,21.41,21,23.81,21.02,28.86,31.35,25.22,35.87,18.98,11.9,23.7,24.63,19.07,23.1,,23.92,15.84,18,14.54,13.97,14.2,28,20,26,,22.18,24.91,20.5,23.95,28.7,20.5,22,24,24,28.3,25.34,28.57,23.7,16.91,,10.84,,25.76,23,27,,29,17.35,12,31,31,12.07,16.7,13,26.2,13,5.84,,,,,,,7,35,14,,23.89
Vanderbilt,Wake Forest,15,16.6,12.03,15.14,11.75,12.3,13.85,16.91,15,9,13,13.49,13.5,16.43,17.4,17.61,14,14.59,14.35,12.38,16.05,24.72,19.37,16.43,10.77,12.56,14.77,19.7,12.5,,14.88,17.13,12,16.3,15.29,15.2,17,14,16,,18.06,14.95,16.5,13.82,14.36,9.2,16,13.2,15,10.8,14.81,16.09,10.8,14.64,,7.12,,14.5,13.4,14,,17,19.48,7,22,15.7,9.69,10.5,7,14.8,10,2.98,,,,,,,21,23,14,,13.09
Virginia,Virginia Tech,-11,-13.07,-17.76,-12.73,-14.03,-12.77,-11.77,-12.34,-15,-15.5,-14,-15.49,-13,-13.91,-2.89,-20.56,-13,-13.95,-11.33,-14.01,-15.55,-25.72,-21.9,-4.89,-14.99,-14.35,-7.46,-15.67,-13.2,,-14.5,-15.41,-17,-16.9,-17.94,-15.1,-15,-13,-11,,-19.73,-12.91,-12.5,-15.19,-16.65,-14.4,-15,-14.6,-11.5,-14,-13.7,-13.96,-11,-35.67,,1.99,,-9.85,-15.5,-15,,-11,-21.57,-9,-8,-17.1,-11.77,-12.9,-14,-11.7,-12,3.60,,,,,,,16,6,14,,-14.76
Washington,Washington St.,16.5,12.53,18.02,18.64,19.14,13.58,12.82,9.84,11,13,14,13.92,11,15.53,4.3,20.27,14,14.13,9.27,17.98,18.75,10.97,24.02,12,9.08,15.12,12.44,4.61,10.4,,13.86,5.34,16,6.38,6.77,4.8,20,14.5,9,,11.45,20.27,17,16.32,18.81,15.4,16,17.5,16.5,13.5,16.83,23.13,16.4,5.16,,3.57,,14.96,19,12,,21,6.32,7,20,28.5,6.09,7.4,9,9.2,7,5.51,,,,,,,17,27,14,,13.8
West Va.,Iowa St.,7.5,5.55,7.25,6.74,6.6,5.28,1.75,5.11,18,10.5,11,6.77,11.5,5.86,2.18,11.28,8,7.25,2.01,5.79,4.65,8.31,0.94,3.62,6.43,6.01,9.25,12.48,13,,6.76,12.37,6,10.62,10.87,9.4,9,8.5,5,,8.33,5.78,5,7.57,6.66,10.4,5,9.8,7.5,2.2,6.94,8.39,7.1,27.02,,4.43,,4.09,9.8,9,,7,8.03,2,1,18.5,3.92,9.2,6,9,5,3.81,,,,,,,52,44,14,,4.57
Western Kentucky,Arkansas St.,6,7.87,5.96,5.87,3.7,4.29,3.32,7.08,8,-3,3,5.11,4,8.52,0.01,0.88,6.5,4.33,4.28,3.79,4.15,-0.81,-9.87,-5.13,5.05,4.96,6.13,-0.01,4.7,,4.91,0.58,9,-0.01,0.38,1.4,6,4,2,,3.19,4.47,,5.33,4.92,8.6,6,5.2,6,6.1,5.44,16.75,8.7,-5.8,,3.28,,7.86,4.9,7,,6,1.87,2,1,16.5,3.29,4.4,1,-3.3,4,4.25,,,,,,,31,34,14,,7.5
Wisconsin,Penn St.,25,25.8,28.66,21.17,23.87,19.97,24.07,25.73,27,25,21,28.34,20,25.77,20.24,23.9,24,23.62,24.32,26.91,27.35,25.78,30.88,14.99,15.75,24.19,19.08,22.56,26.9,,24.13,19.9,25,15.02,16.07,15.3,27,23.5,20,,21.63,18.07,15,26.08,28.44,22.7,21,24.4,25,27.3,25.11,33.56,19.2,30.49,,5.77,,20.95,22.2,34,,34,20.7,11,24,29.3,12.63,21.6,13,26.1,15,5.45,,,,,,,31,24,14,,25.37
Arizona St.,Stanford,3,5.41,8.1,4.16,5.97,5.31,4.4,3.86,7,4.5,5,7.25,5,7.18,0.62,7.01,3,4.59,4.78,,6.85,2.11,-0.9,0.78,2.5,7.33,3.71,5.66,4.2,,4.75,4.72,2,3.58,4.16,4.7,6,3,3,,3.91,0.17,1,5.57,8.16,8.1,5,3.3,3,7.8,4.66,10.15,8.6,25.83,,3.6,,3.42,2.6,2,,10,4.75,-2,1,-9,2.02,2.5,2,3.5,5,3.30,,,,,,,38,14,15,,7.03
Auburn,Missouri,-1.5,-2.81,-0.69,-1.88,-2.61,-2.93,-1.9,-3.43,-1,1.5,-1,-2.76,-1.5,-2.35,0.95,-7.63,2,-0.98,-1.97,,-2.9,-0.14,4.87,5.47,2,-2.35,5.2,3.11,-3,,-1,1.51,-1,0.48,0.87,-0.3,-1,3,3,,-0.56,-4.72,-7,-0.68,-2.87,-2.3,-5,-2.9,-1.5,-0.8,-1.27,0.23,-1.9,-6.57,,0.96,,0.13,-3,1,,-4,4.32,-1,1,-10,-0.78,-2.6,-1,-1.5,-3,3.26,,,,,,,42,59,15,,0.2
Baylor,Texas,16,15.12,22.41,17.79,16.69,17.29,10.13,12.87,19,15,22,24.17,15,17.58,11.5,23.8,15,15.3,9.76,21.65,13.55,13.86,27.72,12.12,10.5,18.72,11.18,11.14,13.6,,13.28,12.58,13,9.82,10.74,9.3,16,14,8,,11.31,11.29,12,18.79,24.58,11.4,13,13,16,10.7,14.79,21.26,21.4,33.85,,4.36,,15.53,10.6,16,,19,13.42,8,11,40.5,7.1,10.9,15,15.8,7,6.01,,,,,,,10,30,15,,12.32
Cincinnati,Louisville,-3.5,-5.52,-7.17,-5.71,-6.4,-2.39,1.1,-5.99,1,5.5,-6,-6.48,-1.5,-5.44,-8.34,-2.13,-3.5,-2.5,-0.76,-6.64,-1.25,-10,1.93,-3.41,2.75,-4.33,-6.63,-4.8,-3,,-3.21,-4.44,-7,-3.62,-3.45,-2.7,1,-7,-2,,-5.91,-2.19,2,-6.12,-8.43,-0.01,-5,-1.7,-3.5,4.2,-2.67,3.05,-5.3,-8.43,,2.16,,1.21,-2.2,-5,,2,0.97,-5,14,-10.8,-3.72,-3.3,-7,4.2,-8,4.34,,,,,,,31,24,15,,-0.8
Connecticut,Memphis,-1,-3.51,-6.1,-3.27,-2.54,-6.44,3.77,-1.07,-8,-2,-5,-7.7,-3.5,-6.33,1.23,3.36,0,-2.16,2.5,-7.67,-1.45,2.81,-11.87,-0.51,-3.09,-3.35,6.01,-0.23,-5.1,,-1.85,-1.43,-5,-1.7,-0.99,-0.8,3,0,6,,-1.31,-0.99,-2,-3.75,-6.25,-6.9,-1,-2.1,-1,2.5,-1.98,0.33,-4.5,-3.35,,3.41,,0.3,-0.5,-4,,1,-4.93,-3,3,-10.2,-3.82,-4,-7,3,3,3.82,,,,,,,10,45,15,,-0.86
Florida St.,Duke,29,26.42,32.79,30.08,23.33,21.6,22.35,32.98,20,16,24,32.4,18,22.99,27.05,31.55,29,24.24,26.68,,30.5,13.17,34.62,16.65,13,25.45,21.39,16.37,27.7,,25.23,15.89,13,9.92,7.93,8.4,31,30,20,,10.11,21.85,28.5,31.63,35.09,31.3,23,30.8,28.5,18,27.57,32.01,27.1,33.32,,28.11,,27.3,29.5,32,,30,16.03,18,32,38.9,11.95,26.2,20,16.6,15,7.56,,,,,,,7,45,15,,26.85
Fresno St.,Utah St.,3,-1.62,-0.51,5.69,-2.59,0.45,-0.28,-1.34,6,6.5,4,-2.97,5,-2.63,4.98,0.81,3.5,1.57,-0.78,,-3.95,6.25,-3.52,9.72,6.25,,4.11,8.84,-1.6,,0.81,11.34,-1,12.14,12.17,11.3,1,3.5,-1,,7.01,0.81,3.5,1.09,-0.52,3.9,2,0.8,3,-3.9,1.08,7.86,-0.3,-1.2,,3.87,,-1.93,2.8,-5,,3,13.24,-2,1,-19.8,2.1,-1.8,3,-0.4,,5.72,,,,,,,17,24,15,,4.17
Michigan St.,Ohio St.,-5,-2.49,-9.2,-5.42,-1.24,-3.72,-3.72,-0.61,-5,2,-6,-9.81,-4.5,-4.23,-10.8,-2.86,-6,-4.54,-0.49,,-4.5,-3.19,-8.66,-10.6,-4.8,-7.1,-8.05,-5.72,-4.3,,-5.2,-6.33,-4,-4.4,-4.84,-2.6,-9,-6.5,-7,,-2.8,-7.33,-4.5,-7.67,-9.9,-5.4,-6,-6.6,-5,1.1,-5.6,-5.92,-8.9,-14.51,,-20.58,,-6.63,-6.6,-6,,-5,-1.76,4,4,15.2,-0.68,-3.3,-8,-1.1,-6,4.44,,,,,,,24,34,15,,-6.44
Northern Ill.,Bowling Green,4,1.42,-2.94,0.47,-0.27,0.11,-0.38,6.83,3,-5,6,0.49,8,-3.4,16.41,-0.27,4.5,3.1,5.53,,-6.3,14.28,5.8,13.75,6.2,2.52,9.11,26.41,7.2,,0.75,16.67,7,13.36,13.33,11.8,-3,3,-1,,8.37,-5.5,7,1.44,-0.01,-1.9,1,-3.2,4,-2.6,-0.57,-3.56,-0.8,-3.51,,28.14,,-2.37,-3,-1,,-6,27.7,-3,10,11.2,6.16,7.9,3,4.8,15,7.64,,,,,,,47,27,15,,-0.12
Oklahoma St.,Oklahoma,10,11.95,15.3,9.75,15.53,11.81,15.34,10.18,14,12,13,15.01,11.5,13.55,4.11,12.86,10,12.53,13.72,15,17.45,9.11,5.92,8.85,11.5,13.24,9.27,6.55,15.5,,12,8.22,12,6.62,7.08,6.6,16,10.5,12,,7.93,8.53,6.5,12.7,14.43,11.1,13,15,10.5,21.5,12.69,10.74,11.6,14.85,,3.83,,11.43,13.7,21,,16,12.47,4,11,28,6.25,12.7,7,11.3,6,4.62,,,,,,,33,24,15,,17.6
Rice,Marshall,-7,-2.38,-7.74,-6.63,-1.21,-2.85,-3.38,-1.9,1,5.5,2,-6.66,3,-3.29,4.37,6.59,-5,-1.91,-5.14,,-7.35,1.75,3.91,2.69,2.64,-3.07,-3.8,6.07,-6.1,,-3.34,5.2,-7,7.58,6.01,5.9,-6,-4.5,-5,,0.46,-5.01,-1.5,-4.8,-5.68,-6,-3,-6.5,-6.5,-7.8,-4.94,-5.16,-5.7,5.6,,3.68,,-2.46,-5,-4,,-7,4.27,-2,6,12.5,-1.14,-5.2,-6,-3.4,,5.25,,,,,,,24,41,15,,-8.29
Rutgers,South Florida,4,7.57,2.53,4.53,9.65,3.92,0.96,7.52,14,-6,13,3.88,11,7.33,4.84,-3.46,6,5.57,2.37,2.25,-0.25,7.94,-2.55,17.16,8.52,2.94,7.03,8.48,1.3,,5.44,11.79,-1,12.14,12.6,8.9,4,7,2,,8.22,10.56,8.5,3.75,0.89,9.8,9,6.3,4,-3.6,4.81,0.39,2.5,-17.98,,4.01,,9.09,6.2,7,,1,13.87,2,11,22.2,7.33,0,7,4.4,4,5.64,,,,,,,6,31,15,,6.04
SMU,Central Florida,-14,-13.91,-14.16,-8.63,-13.42,-11.87,-8.11,-13.29,-12,0.01,-21,-15.32,-15,-14.81,-17.46,-7.24,-10,-13.05,-6.64,-15.68,-11.25,-28.94,-16.08,-19.09,-16.48,-11.58,-18.02,-22.71,-14.2,,-12.8,-21.29,-18,-19.54,-20.04,-16,-10,-10,-15,,-20.77,-9.27,-8.5,-11.41,-14.2,-10.6,-10,-10.7,-14,-6.5,-10.9,-5.25,-12.3,-9.96,,0.04,,-6.27,-9.2,-12,,-8,-20.3,-10,-14,-24.2,-9.89,-13.7,-17,-14.3,-15,5.07,,,,,,,17,13,15,,-11.59
South Alabama,Louisiana-Lafaye,3,-0.54,-0.35,-1.38,-2.67,-0.36,1.3,-0.48,-5,-0.5,-4,-2.36,-3.5,-0.88,6.01,-1.48,3,-1.11,0.78,,-0.45,-6.44,-9.1,-5.86,-2.07,2.5,-1.82,-5.54,-0.2,,-1.29,-5.43,4,-8.42,-8.55,-5.9,-3,0,2,,-4.84,-5.33,,2.12,2.91,-0.3,-2,-1.2,2,7.6,0.01,0.48,1.6,10.85,,3,,-3.25,-2.1,-3,,2,-7.64,-2,-1,17.4,-2.87,-0.2,-7,-2.6,-2,4.40,,,,,,,8,30,15,,-0.25
Navy,Army,13.5,18.51,16.76,13.27,10.74,16.89,17.34,20.13,17,20.5,20,18.46,17.5,16.93,21.66,17.28,13,17.21,18.71,19.21,19.4,16.58,21.58,22.16,5.91,15.28,14.66,29.11,13.3,,17.23,25.45,9,21.28,22.53,20.6,13,10,21,,20,14.18,9.5,12.99,15.53,11.6,13,14.5,14,19.3,13,17.23,13.3,22.58,,14.84,,11.66,15.3,23,,17,27.69,8,10,,,13.2,,23.2,19,4.89,,,,,,,7,34,16,,14.47
Alabama,Oklahoma,17,14.19,16.1,14,15.52,11.66,6.56,14.17,7,12,12,14.82,9.5,14.22,-1.42,16.99,15.5,10.66,9.48,14.56,4.6,5.64,3.14,7.61,4,11.66,3.63,10.7,13.2,,11.33,8.31,11,2.64,3.46,3.8,9,14,7,,4.48,2.93,14,15.06,15.29,18.5,13,17.5,16,4.8,11.49,17.25,8.3,18.08,,5.48,,14.55,17,14,,7,8.46,8,18,16.11,7.54,11.8,10,1.9,13,5.20,,,,,,,45,31,19,,10.14
Arizona,Boston College,7.5,9.93,11.33,6.3,8.19,9.01,4.89,6.85,4,-5.5,8,12.83,5,13.19,16.32,10.54,7.5,7.68,7.51,11.75,9.9,11.64,3.92,3.06,3.64,9.75,6.72,6.59,5.1,,7.97,3.17,16,6.4,3.82,6,6,7,7,,7.94,12.27,6.5,9.52,12.62,8.6,9,10.8,7.5,8,8.95,13.96,8.4,32.38,,2.93,,10.63,12.6,11,,8,6.56,4,3,4.59,5.37,3,5,-1.6,7,3.64,,,,,,,19,42,19,,5.69
Arizona St.,Texas Tech,14,14.59,22.47,14.82,16.67,17.3,15.97,13.21,17,20.5,24,20.25,19,16.39,10.27,4.9,14,16.78,15.39,21.31,19.7,20.58,26.94,12.58,10,17.6,13.39,20.8,16.6,,16.39,15.33,23,14.48,16.56,17.1,17,11.5,16,,16.24,10.88,10.5,16.04,21.15,22.6,14,19.4,14,20.6,15.43,15.16,14.6,21.28,,6.74,,12.62,18.8,26,,20,19.08,8,7,33.24,20.08,14.5,14,,13,5.03,,,,,,,37,23,19,,10.28
BYU,Washington,-3,-8.44,-9.09,-5.99,-8.98,-5.32,-5.86,-8.18,-2,-1,-3,-9.11,-2.5,-8.92,-6.17,-0.63,-3,-5.01,-7.15,-9.39,-10.8,-6.22,2.9,-0.38,1.5,-7.45,-6.2,-8.24,-3.9,,-5.86,-3.78,-3,-5.04,-2.47,-4.9,-6,-3,-7,,-3.71,-2.6,4.5,-7.8,-9.75,-7.8,-4,-10.1,-3,-7.1,-5.37,-7.25,-4.4,-0.69,,-3.69,,-4.75,-10.6,-7,,-6,2.37,1,-4,5.27,0.41,-3.4,-6,,-6,4.06,,,,,,,31,16,19,,-5.76
Ball St.,Arkansas St.,9,10.74,11.43,8.28,4.13,8.43,5.8,10.46,12,0.01,8,10.02,7.5,11.01,4.48,6.77,9,8.51,7.68,10.51,8.1,16.03,-1.48,13,5.83,9.69,6.75,10.26,9.3,,8.8,8.45,16,5.2,8.09,8.6,7,9,9,,11.68,8.31,1.5,9.77,11.09,15,10,12.2,9,4.9,9.08,11.3,9.5,9,,2.7,,6.84,11.2,10,,10,12.06,3,10,10.07,3.55,8.5,7,7.7,8,3.13,,,,,,,23,20,19,,7.36
Baylor,Central Florida,17,13.87,21.28,18.36,14.2,17.57,18.14,11.89,14,15,12,24.22,7,16.43,5.82,11.74,17,13.99,12.97,24.16,23.3,7.25,19.37,5.79,6,16.96,12.36,4.31,12.7,,14.6,2.5,7,4.96,3.86,5.1,19,16.5,8,,6.59,15.1,5,20.96,23.43,11.6,15,21.4,17,20.5,17.13,25.78,19.1,38.41,,-0.11,,18.37,21.1,24,,22,5.63,6,11,0.5,2.16,10.6,10,19.2,3,6.96,,,,,,,52,42,19,,17.28
Boise St.,Oregon St.,-3.5,-2.92,-1.34,0.98,3.71,-2.27,-3.64,-3.78,6,-5,2,-0.2,1.5,-1.94,-13.3,-1.72,-3,-2.16,-4.87,-1.1,1.1,-1.11,-4.85,-0.62,-4.34,-5.29,-4.86,-8.06,-6.7,,-2,-1.37,2,-5.2,-0.38,-3.8,0.01,-1.5,0.01,,-0.2,1.6,3,-4.53,-5.46,-5,-1,-7,-3.5,0.8,-1.01,-4.66,0.2,-7.86,,-6.15,,-1.08,-9.6,-5,,-2,2.01,4,-4,-6.34,-12.57,-7,7,,-7,4.31,,,,,,,38,23,19,,2.83
Bowling Green,Pittsburgh,4.5,7.45,9.48,5.95,9.16,5.55,10.47,6.46,15,13.5,5,6.74,6,8.42,-1.3,3.49,5,8.33,11.12,4.46,13.9,10.11,16.32,7.75,3.91,4.39,3.09,1.69,4.8,,7.64,4.39,5,1.6,4.95,2.6,11,5.5,9,,8,13,0,5.71,6.96,13.3,7,12.5,5,15.1,7.92,12.14,8.6,6.38,,-0.19,,4.51,11,8,,19,13.04,6,14,19.2,13.79,3.6,9,,5,4.55,,,,,,,30,27,19,,7.64
East Carolina,Ohio,14,12.85,16.07,13.45,11.51,12.65,13.39,11.35,14,24.5,14,16.09,10.5,14.34,8.84,14.51,14,14.69,11.61,16.34,17.6,18.67,34.07,7.82,8.1,13.57,11.5,8.54,13.5,,14,7.62,28,8.08,6.65,6.4,16,12.5,14,,14.17,10.32,9,14.44,16.51,18.9,12,20.8,14,12.5,13.82,23.2,14.9,31.42,,2.61,,15.96,19.9,21,,17,8.14,8,28,12.99,2.09,11.6,8,,5,5.55,,,,,,,20,37,19,,15.76
Florida St.,Auburn,8,14.63,18.27,18.08,12.75,11.28,8.24,19.61,10,1,16,19.48,9,12.9,10.54,18.23,8.5,11.23,13.18,17.54,17.2,1.08,3.54,2.89,0.5,14,4.36,-1.86,16.3,,12.85,1.98,4,0.4,-1.79,-2.5,18,9.5,8,,1.38,16.67,26,18.24,20.64,17.2,14,14,8.5,7.7,12.48,15.02,20,18.04,,18.54,,14.14,12.8,18,,20,5.34,8,11,17.19,4.52,15.1,12,9.1,4,7.01,,,,,,,31,34,19,,16.55
Fresno St.,USC,-5,-10.04,-7.8,-1.64,-5.2,-6.32,-6.8,-10.98,-2,-2.5,-4,-7.87,-2,-8.96,-11.16,-9.5,-7,-6.3,-12.76,-9.11,-8,-7.39,-20.77,0.42,0.75,-7.25,-11.23,-9.9,-10.9,,-6.9,-0.66,-11,-4.96,0.62,-3.9,-8,-4.5,-5,,-3.72,-0.24,4,-7.91,-8.67,-7.3,-7,-10.1,-5,-6.8,-6.03,-0.85,-2.5,-2.8,,-5.68,,-6.08,-10.7,-8,,-3,5.11,-2,-10,-5.06,-2.25,-10.7,2,-9,-8,4.89,,,,,,,45,20,19,,-3.41
Georgia,Nebraska,9,9.58,13.14,9.48,6.55,7.9,13.14,9.73,10,10,9,10.12,9,9.41,11.11,8.05,9,9.98,11.59,9.65,11.2,11.36,1.6,2.96,1.55,12.02,12.63,7.21,11.1,,9.87,7.94,13,6.08,6.17,4.9,11,9,6,,9.34,10.57,7,11.29,13.9,9,10,10.7,9,15.9,9.91,11.66,9,11.43,,5.05,,7.06,9.3,13,,20,9.78,5,14,22.64,9.32,10.6,5,11.5,6,3.85,,,,,,,24,19,19,,14.88
Georgia Tech,Mississippi,-3,0.21,-0.85,-1.72,6.16,-1.3,-4.55,-4.77,-2,-4,2,2.93,0.5,4.97,-9.56,-0.61,-3,-1.45,-5.02,2.95,1.4,-4,1.08,-5.15,-6.61,-1.27,-1.4,-5.85,-5.8,,-1.3,-4.8,-1,-4.4,-2.63,-5.4,1,-2.5,0.01,,-2.63,4.63,1,-2.05,-1.66,-3.8,-1,-5.3,-3,-3.5,-0.83,-0.41,2.3,1.62,,-4.92,,3.98,-6.4,-1,,2,-3.44,1,4,4.15,-4.5,-6.1,3,,-5,3.69,,,,,,,25,17,19,,3.36
Kansas St.,Michigan,3.5,2.2,1.4,0.11,-0.01,2.16,4.28,0.79,-4,1,-5,2.71,-2.5,3.72,5.46,7.65,3.5,1.18,0.2,3.01,1.8,0.28,0.62,2.76,-1.33,2.87,5.4,-3.56,1.9,,1.4,-3.28,-1,-4.24,-3.77,-2.9,0.01,3,1,,-0.58,0.42,5,2.06,3.63,-6.7,1,0.5,3.5,2.8,2.22,4.32,3.6,6.72,,-0.49,,3.03,0.8,3,,4,3.32,2,8,-0.58,-9.52,1.2,-1,,-5,3.36,,,,,,,14,31,19,,1.84
LSU,Iowa,7.5,7.53,8.18,9.37,6.52,5.43,9.46,9.55,6,12,4,6.5,4.5,5.72,9.8,11.05,7.5,8.23,7.85,6.63,5.2,7.19,16.3,6.21,9.3,6.24,7.53,6.44,10.2,,7.77,6.82,8,4.08,4.14,3.4,11,7,5,,5.44,10.45,10,9.59,7.92,12.4,12,14.3,7.5,7.7,7.62,8.72,6.6,0.35,,5.21,,8.79,13.7,8,,5,8.97,4,17,4.62,7.38,10.4,3,7.5,6,3.12,,,,,,,14,21,19,,9.26
Louisville,Miami (Fla.),3.5,4.28,4.87,1.83,13.11,4.43,6.18,2.67,6,11,7,4.45,4.5,6.07,3.08,6.9,3.5,5.83,3.41,3.33,6.7,5.28,12.64,8.2,3.6,1.53,4.47,-1.76,39,,4.47,1.54,5,0.96,1.74,1.5,5,3,5,,4.5,5.29,5,3.67,4.41,-0.8,4,0.01,3.5,-1.5,4.49,9.91,6,9.7,,-0.22,,3.21,0.5,1,,5,6.31,6,18,18.77,10.9,1.9,7,,4,4.35,,,,,,,9,36,19,,3.9
Maryland,Marshall,-3,-1.94,-6.21,-4.83,-10.12,-2.71,2.55,0.31,-7,4.5,-0.25,-6.2,0.01,-4.37,5.31,2.09,-3,-2.41,0.01,-3.62,-1,-2.17,1.49,-2.27,-4.21,-3.68,6.45,4.93,-3,,-1.94,-0.47,-10,2.56,-0.54,2.1,-7,-1,5,,-2.57,-12.58,-9.5,-4.87,-5.68,-1.2,-6,-1.1,-3,2.4,-3.86,-4.28,-9.5,2.65,,1.09,,-4.14,-1,-1,,-1,-0.04,-6,-3,2.63,0.36,-1,-9,,-2,4.93,,,,,,,31,20,19,,-4.62
Minnesota,Syracuse,4.5,3.27,6.65,5.24,5.74,6.57,2.55,3.16,6,13.5,6,7.25,5,3.39,5.24,2.78,4.5,6.15,4.44,7.79,7.6,11.22,10.47,6.65,9.52,5.87,5.12,8.61,6.8,,6,6.89,9,8.72,8.61,9,1,4.5,5,,9.14,5.74,-0.5,4.95,7.75,13.1,2,7.6,4.5,5.1,5.36,3.37,4.4,27.57,,2.92,,4.16,7.8,3,,8,11.22,1,11,-1.53,2.72,5.6,5,,7,3.08,,,,,,,21,17,19,,6.65
Missouri,Oklahoma St.,-1,1.06,-1.46,-2.46,-2.58,-0.2,-5.15,3.85,-1,-4.5,3,-1.7,4,-1.97,-2.82,-0.35,1,-1.54,1.88,-2.54,-9,2.44,-14.1,2.13,2.5,0.01,-0.24,7.67,-1.3,,-1.8,5.03,-2,2.24,4.83,5.1,-6,0,-1,,1.17,-7.29,-5.5,-3.85,-0.62,1.9,-3,-4.8,-1,-6.2,-1.92,-1.91,-5.6,-2.27,,4.79,,-5.74,-4.3,-4,,-6,5.69,-2,-3,-8.27,-1.05,-0.8,-1,-4,8,4.25,,,,,,,31,41,19,,-4.87
Navy,Middle Tenn.,6,9.48,5.76,5.64,4.52,8.18,8.03,9.55,6,4.5,6,9.91,4.5,9.42,4.42,11.76,6,6.67,8.45,10.08,6.8,8.28,9.54,0.25,1.8,6.67,-3.67,9.14,10.7,,6.8,5.33,2,5.12,4.67,5.7,9,6.5,8,,7.09,4.45,0,3.11,7.56,5.9,7,8.5,6,7.3,6.46,7.45,3.7,22.14,,3.14,,7.73,8.5,10,,6,9.2,2,18,9.01,7.27,11.5,4,,7,3.34,,,,,,,6,24,19,,4.74
North Carolina,Cincinnati,3,3.14,6.32,2.23,-4.58,1.25,1.1,3.47,-2,-6,3,5.44,0.01,2.79,3.98,1.69,3,1.16,3,6.38,6.9,2.06,0.25,-8.28,-8.67,2.95,6.59,4.97,1.9,,1.9,1.56,1,-0.96,-1.11,0.8,1,3,4,,0.57,0.63,-3,3.93,3.21,2.5,2,3.3,3,3.7,2.81,-2.35,-1.1,7.71,,2.41,,0.94,2.1,8,,7,3.1,-1,-3,-14.75,-11.92,1.8,-2,,5,4.64,,,,,,,17,39,19,,5.89
North Texas,UNLV,7,6.96,9.21,5.93,10.15,5.9,1.63,5.42,7,-3,11,8.77,,8.68,1.64,11.88,6.5,6.93,4.7,6.23,3.5,9.08,10.13,2.37,7.16,7.8,-0.77,2.28,7.3,,7.16,4.56,10,3.76,3.46,1.5,7,6.5,-1,,7.19,8.13,10.5,7.82,9.95,11.7,10,10.7,7,4.3,6.78,6.13,10.8,6.1,,1.8,,5.9,10.8,12,,9,8.43,7,13,11.18,13.95,7.1,7,5.1,4,3.78,,,,,,,14,36,19,,8.39
Northern Ill.,Utah St.,1,-0.45,-3.9,-1.57,-4.78,-2.9,-0.91,4.43,5,-3,2,-5.43,6,-6.05,4.97,-6.28,1.5,0.94,7.04,-7.09,-4.3,11.75,-0.73,14.09,4.5,-0.28,3.09,15.44,3.7,,-1,13.01,-2,11.84,13.16,12.4,-4,2,-1,,7.52,-4.04,0,-3.06,-3.63,-0.4,-1,-4.3,1,-2.5,-0.95,-3.04,-3.2,-9.58,,6.23,,-8.15,-3.8,-2,,-3,18.77,-1,4,9.8,17.86,3.7,7,,9,6.86,,,,,,,21,14,19,,-0.72
Notre Dame,Rutgers,14,18.37,20.92,18.54,9.15,16.32,16.86,18.09,16,13,13,20.04,14,18.65,24.63,13.73,15,17.91,17.09,21.27,20.9,30.64,28.53,11.61,11.15,17.2,16.43,25.78,18.5,,17.8,19.53,29,18,16.88,17.2,16,15.5,21,,21.99,17.8,14,16.75,19.67,16.4,17,19.6,15,21.3,17.33,21.46,13.8,14.54,,9.22,,16.97,20.4,22,,16,22.6,7,21,11.86,17.65,17.2,6,,13,4.30,,,,,,,16,29,19,,17.05
Ohio St.,Clemson,3,1.28,1.56,3.22,3.88,2.14,3,0.63,4,-6,8,3.48,6,2.06,-2.55,1.45,3,3.21,2.34,3.88,1.8,2.86,9.29,5.77,3.2,0.88,0.56,3.51,5.3,,3.16,1.34,5,5.28,4.79,3.7,3,2.5,4,,2.31,4.8,-2,2.25,2.38,4.2,4,4.5,3,1,2.85,-1.41,0.2,11.13,,-1.58,,3.11,5.7,1,,-1,5.39,4,14,6.75,3.72,4.8,3,-0.5,6,3.13,,,,,,,40,35,19,,5.55
Oregon,Texas,14,13.16,16.5,16.16,13.1,14.82,8.89,11.45,11,10,16,18.18,12,15.37,6.67,12.61,14,10.7,7.37,16.07,6.3,10.94,20.8,8.32,9,14.92,6.26,11.17,12.5,,10.2,8.84,13,7.04,7.95,7.7,10,10.5,6,,8.27,7.01,15,18.54,19.02,10.2,12,7.7,13.5,0.8,11.94,16.69,11.3,22.36,,3.6,,12.17,6.6,12,,4,13.22,5,3,10.95,4.14,10.2,15,,7,4.44,,,,,,,7,30,19,,9.5
Rice,Mississippi St.,-7.5,-6.36,-8.65,-7.06,0.72,-5.54,-9.56,-7.99,2,-11,-1,-8.78,1.5,-4.78,-19.1,-10.78,-7,-5.86,-9.19,-9.96,-9.1,-5.97,-2.51,4.38,0.85,-7.06,-9.4,-6.97,-8.7,,-5.98,-0.16,-4,-1.52,1.76,-2.1,-3,-7,-9,,-3.09,-3.15,-3,-9.09,-9.84,-5.3,-6,-10.6,-7.5,-4.4,-6.54,-10.4,-4,-6.14,,-6.19,,-5.96,-15,-9,,-4,-0.17,-2,-17,-1.92,-4.81,-8.6,3,-8.1,-6,4.98,,,,,,,44,7,19,,-3.57
San Diego St.,Buffalo,0,-7.72,-10.66,-0.74,-12.17,-5.42,-6.16,-5.75,-16,-6,-5,-7.69,-4.5,-9.79,2.62,-4.35,1.5,-4.88,-8.65,-6.74,-9.1,-4.39,-10.27,-3.34,-3.06,-6.62,0.32,-0.1,-3.9,,-5.59,-1.83,-6,-2.88,-1.51,0.01,-5,-1.5,-6,,-4.62,-2.54,4,-6.67,-9.44,-9.2,-4,-6.8,-1,-8.9,-4.64,0.88,-6.6,-1.01,,-0.94,,2.52,-6,-7,,-9,0.73,-3,10,-6.13,-16.1,-3.1,-7,-0.7,-6,4.76,,,,,,,24,49,19,,-4.15
South Carolina,Wisconsin,-1.5,-2.11,-3.85,-0.44,-4.84,-1.01,1.47,-1.07,-1,-5,1,-3.06,3,-3.42,3.5,-4.73,-1,0.67,0.24,-3.07,1.5,2,8.04,8.31,6.5,-1.83,6.36,6.85,-2.7,,-0.42,7.96,2,6,7.8,6.8,-1,-2,5,,1.78,-0.41,-2.5,-3.7,-4.54,-1.9,-2,-0.3,-1.5,2.3,-1.18,-2.53,-3.7,-9.83,,4.73,,-4.29,0.8,4,,7,12.71,-2,6,-2.45,1.63,-1.1,-1,3.1,2,4.42,,,,,,,24,34,19,,-3.33
Stanford,Michigan St.,7,3.68,8.98,2.63,0.56,6.4,6.53,0.54,4,-0.5,1,8.85,2.5,6.76,1.77,7.21,4.5,3.77,3.47,8.38,6.5,0.47,0.41,-1.05,-2,7.9,2.93,0.01,4.7,,3.15,-1.39,7,0.24,2.61,3.3,8,3,2,,1.46,7.77,3.5,8.26,10.18,2.6,5,8.2,6.5,10.4,5.37,6.29,3.6,4.09,,0.7,,6.4,8.9,3,,13,4.41,-1,-7,-0.39,0.42,2.9,2,2.1,-4,3.97,,,,,,,24,20,19,,2.72
Texas A&M,Duke,13.5,8.19,9.15,11.81,3.89,8.47,8.21,8.66,1,3,1,11.07,0.01,7.84,9.7,14.67,12.5,7.53,6.13,9.88,9.1,4.42,2.13,-0.58,0.25,6.79,9.01,4.59,7.8,,7.92,2.88,3,0.56,-0.58,2,12,11.5,5,,3.76,8.48,19,10.79,10.02,8.7,12,11.8,12,7,9.64,11.49,6.2,15.82,,5.43,,15.94,12.9,8,,6,4.71,9,25,9.21,6.4,7.4,3,2.6,6,5.30,,,,,,,48,52,19,,7.8
Tulane,Louisiana-Lafaye,3,1.49,1.82,-1.77,-0.37,0.63,3.83,1.35,7,12,3,-0.79,2.5,1.63,0.7,-6.12,1.5,0.92,0.78,0.46,3.9,0.44,9.46,-6.85,-4.97,0.89,4.02,-2.15,-1.1,,1.42,-1.56,6,-3.28,-1.85,-2,1,0,3,,-1.27,-3.66,-9,-3.2,2.38,4.7,-3,3.3,3,10.7,1.1,2.63,2,9.94,,-1,,-5.4,2.8,3,,4,1.64,2,-14,-8.54,4.97,-0.6,-4,5,-2,4.82,,,,,,,24,21,19,,0.24
UCLA,Virginia Tech,8,8.86,11.06,7.05,6.33,9.18,13.04,8.53,10,1.5,5,11.57,4,9.2,11.46,2.31,7,9.68,12.26,11.45,16,10.83,23.52,10.66,7.25,8.89,17.32,12.22,8,,9.04,7.47,4,8.4,5.7,7.8,10,7.5,15,,6.81,6.38,4.5,8.32,12.09,9.7,6,14.4,8,17.6,8.75,5.19,7.4,0.85,,4.57,,7.63,14.6,13,,13,10.09,3,13,3.72,6.04,6.9,5,18.5,6,4.19,,,,,,,12,42,19,,8.62
Vanderbilt,Houston,3,-0.01,-5.48,0.77,-5.61,-4.72,-1.12,4.53,-4,-11.5,-3,-6.72,-1.5,-4.5,17.67,1.41,3,-0.75,3.01,-5.5,-5.4,6.31,-1.92,4.81,-4.25,-2.61,5.66,10.62,-1,,-1.06,4.77,-4,3.6,1.53,3.2,-1,2,2,,-0.01,-0.95,-2,-1.66,-4.45,-3.2,1,2.2,2.5,-3.6,1.01,0.19,-4.8,-6.39,,7.64,,1.42,3.8,1,,-2,7.85,-3,-10,-11.87,-1.49,0.5,-4,3.5,5,5.13,,,,,,,24,41,19,,-2.48
Washington St.,Colorado St.,6,14.38,7.8,2.35,-0.01,5.66,4.72,17,4,-2.5,10,8.17,9,11.64,25.1,12.87,5,7.34,13.12,7.89,2.7,22.31,-0.35,10.62,-2.38,9.12,12.39,23.37,10.1,,7.4,14.91,4,17.04,10.3,13.8,3,4.5,7,,11.58,-2.86,-4,8.05,9.46,6,8,6.8,6,4.9,5.31,2.32,2.9,-2.68,,11.42,,6.86,6.9,8,,2,19.22,1,-1,11.24,20.04,11.2,2,6.1,11,7.23,,,,,,,48,45,19,,3.9
