Home,Road,line,linesag,linepayne,linemassey,linebmc,linepfz,linelaz,linemoore,linesagelo,linemarsee,linenutshell,lineargh,linecpa,linehow,linesagpred,linecparetro,linekam,linerwp,lineavg,lineelo,linethocal,lineborn,linedokter,linesuper,linedunk,linebill,linecovers,linebihl,linebill2,linethoavg,linefremeau,linemedian,linesaggm,lineespn,linefox,lineopen,linepig,linenscombo,linecons,linecong,linesportrends,linepibias,linel2,linelaffaye,linepp,lineash,linepimean,lineca,lineburdorf,linekeep,linekerns,linel2hf,linedoi,linelog,linegirl,lineatom,linethoats,linemds,linedwig,linepiratings,linecather,linecrunch,linenseye,linedonchess,linefeng,linerba,linetempo,linemidweek,lineps,lineclean,linecurry,linepugh,lineloud,linestd,vscore,hscore,week,actual,total
Alabama,Wisconsin,12,8.08,10.91,11,,11.27,7.21,9.4,8.08,11,8.5,9,11,12.5,8.08,9.9,11.4,5.29,8.53,6.59,9.5,13.4,9.4,7.75,,1.67,9,,1.73,10.5,14,9.1,8.08,11.82,8,9.5,13,,5.18,11.67,,10.8,,,11,5,9.1,12,11.7,3.35,14,,10.18,,,4,9.5,5.06,2,11.4,8,12.4,,10.1,8.2,,,10.5,,0.01,6.18,12.14,4,3.65,17,35,1,18,52
Arizona,Texas-San Antonio,31,28.09,29.97,25,,19.64,22.44,37.67,28.09,28,19.8,32,36.62,22,28.09,34.12,24.42,16.09,29.14,23.27,32.5,33.85,31.19,37.25,,21.96,16.5,,28.06,34,38,28.09,28.09,34.55,30,32,38,,32.7,35.22,,48.6,,,22,36,31.3,31,38.7,37.89,26,,26.38,,,30,30.5,17.29,32,49.3,43,22,,27.5,21.6,,,31.5,,22,28.39,27.82,4,8.20,32,42,1,10,74
Arkansas,UTEP,33,26.39,33.53,30,,21.06,22.66,37.9,26.39,25,24.91,31,30.62,17,26.39,32.92,30.08,12.53,28.82,24.58,32,41.15,31.52,38,,19.25,17.5,,24.36,30,34,30,26.39,36.56,36,-4,33,,29.31,24.21,,42,,,34,35,30.9,32.5,42.8,30.28,38,,26.97,,,32,32,14.26,25,42.3,41,29.1,,28.5,26.1,,,33,,2.5,38.5,30.89,7,8.58,13,48,1,35,61
Auburn,Louisville,10.5,8.82,10.12,7,,3.27,5.66,8.13,8.82,6,3.97,7,11.2,1.5,8.82,11.3,7.66,2.89,6.52,3.6,9.5,3.9,10.34,6.58,,2.5,23.5,,1.28,9.5,5,7,8.82,10.02,5,10.5,9,,5.58,3.54,,9.9,,,10,3,7.5,9.5,6.7,0.92,12,,7.44,,,8,9.5,1.84,-1,11.8,6,10.5,,7.5,5.8,,,10.5,,-1,2.98,7.85,2,4.19,24,31,1,7,55
Boise St.,Washington,13,2.74,12.59,2,,3.98,3.59,10.7,2.74,11,9.08,15,14.92,10.5,2.74,13.82,2.32,5.13,9.46,7.68,13,8.05,15.85,6.75,,10.5,15,,9.56,12,22,10,2.74,9.37,7,10.5,10,,11.91,19.09,,16.1,,,8,5,12.3,12.5,17.1,14.3,14,,3.48,,,2,13,12.75,1,16.3,19,6,,5.6,11,,,12,,15.5,10.37,-1.08,2,5.57,13,16,1,3,29
Central Florida,Florida Intl.,11,20.66,17.81,17,,21.6,19.24,18.7,20.66,26,14.92,13,16.32,21.5,20.66,13.12,23.58,11.54,16.13,8.24,14.5,22.05,14.81,29,,12.38,3,,15.49,14,18,16.32,20.66,8,24,16.5,16,,19.97,9.83,,8.4,,,17,10,11.2,11.5,13.1,7.46,13,,23.56,,,18,12.5,12.17,16,8.4,19,7.1,,25.5,11.4,,,13.5,,25.5,20.77,21.64,7,5.63,15,14,1,-1,29
Central Mich.,Oklahoma St.,-21,-22.72,-18.76,-14,,-2.91,-12.88,-12.95,-22.72,-2,-4.05,-13,-22.18,-12.5,-22.72,-21.08,-15.87,-4.31,-13.79,-8.13,-23.5,-15.55,-17.5,-20.58,,-12.83,3,,-18.97,-22.5,-17,-14.4,-22.72,-19.01,-11,-19,-20,,-14,-8.59,,-29,,,-17,-13,-23.5,-20,-15.4,-4.87,-5,,-8.13,,,-17,-23.5,3.92,-16,-30.3,-12,-5.9,,-17,-14.4,,,-24.5,,10,-21.17,-14.89,-10,7.99,24,13,1,-11,37
Eastern Mich.,Old Dominion,-4.5,-7.1,-14.96,-10,,-13.21,-8.05,-14.4,-7.1,-16,-13.43,-10,-16.48,-11.5,-7.1,-12.68,-18.87,-10.63,-10.14,-11.83,-5,-19.15,-8.16,13,,-0.13,3,,-1.34,-4.5,-14,-10.14,-7.1,-5.01,-14,-7,-15,,-5.74,-11.07,,-6.2,,,-15,-5,-2.8,-5.5,-15.5,-10.57,-15,,-9.63,,,-5,-3,-10.14,-12,-6.9,-19,-10.1,,-12.5,-8,,,-4,,-7,-19.49,-14.91,-5,5.29,38,34,1,-4,72
Florida,New Mexico St.,37,35.63,37.09,35,,30.52,33.76,44.27,35.63,38,26.48,24,41.62,29.5,35.63,37.52,42.04,21.09,32.84,34.42,36,48.15,31.91,27.17,,20.08,3,,25.81,36.5,26,34.42,35.63,31.15,45,36,42,,34.28,12.33,,38.6,,,31,31,33.3,37,37.3,22.3,49,,40.46,,,31,36,21.84,33,39.6,43,35.1,,34.5,25.2,,,37,,19.5,48.13,42.79,11,9.64,13,61,1,48,74
Florida St.,Texas St.,29,32.28,29.62,29,,25.19,30.93,32.69,32.28,27,17.92,28,28.22,33,32.28,31.22,34.7,16.21,27.5,24.35,30,31.05,28.76,44.75,,18.83,20.5,,22.03,29.5,37,28.76,32.28,27.35,32,29.5,29,,31.43,25.37,,31.6,,,25,26,28.1,29,22.6,18.17,32,,29.47,,,27,30,17.24,26,33.4,28,29.4,,30.5,25.6,,,29,,15,33.03,34.25,11,5.77,16,59,1,43,75
Georgia,Louisiana-Monroe,35.5,36.39,35.68,35,,34.13,32.26,42.18,36.39,33,25.63,28,44.62,26.5,36.39,40.22,38.93,20.04,34.66,30.09,36,45.15,33.32,49.83,,23.83,23,,27.83,37,38,35.1,36.39,38.46,41,35,39,,36.73,28.24,,44.4,,,35,37,39.6,35.5,38.1,34.37,44,,35.1,,,35,36,21.86,35,45,41,45,,32,24.8,,,35,,26,42.19,39.09,7,7.68,14,51,1,37,65
Georgia St.,Charlotte,8,6.08,7.5,7,,2.54,10.5,,6.08,2,1.37,19,-7.18,-1.5,6.08,-1.78,-11.08,-1.65,2.81,1.21,7,,-2.25,3.58,,3.21,3,,8.79,5.5,-1,3.3,6.08,2.37,5,4,6,,0.81,0.8,,7.6,,,,4,3.4,7,,6.08,,,3.96,,,5,7,5.48,-1,8.2,-14,6,,2.3,1.6,,,8,,-7.5,-5.54,5.66,-5,5.79,23,20,1,-3,43
Hawaii,Colorado,-7.5,-4.7,-10.91,-6,,3.22,-2.46,-4.18,-4.7,1,-6.35,-8,-9.18,-0.5,-4.7,-10.98,-4.08,0.48,-4.91,-1.98,-8.5,-5.55,-3.31,2.67,,-3.67,3,,-5.25,-8.5,4,-4.7,-4.7,-3.71,0.01,-8,-15,,-2.88,3.38,,-15.9,,,-7,-7,-7,-7,-5.5,-6.44,-9,,-2.36,,,-5,-6.5,0.87,-15,-16.8,-10,-6.3,,-6,-3.3,,,-7.5,,6,-4.56,-7.36,-1,4.91,20,28,1,8,48
Idaho,Ohio,-7,-8.52,-10.44,-7,,-10.65,-6.45,-10.21,-8.52,-5,-2.3,-11,-13.28,-14,-8.52,-14.28,-4.43,-9.01,-8.96,-6.36,-7.5,-6.65,-11.64,11,,-4.29,3,,-6.59,-4.5,-9,-8.52,-8.52,-9.96,-8,-10,-15,,-6.8,-21.45,,-15.9,,,-14,-15,-10.6,-7,-8.7,-12.14,-3,,-9.76,,,-4,-7.5,-0.37,-20,-16.5,-8,-13.9,,-8.5,-5.4,,,-8.5,,-1,-9.49,-8.05,-8,4.72,45,28,1,-17,73
Illinois,Kent,14.5,15.68,16.64,17,,10.7,12.62,15.29,15.68,17,13.35,18,15.02,11,15.68,16.12,18.22,13.19,15.25,17.09,15.5,20.65,15.35,4.17,,14.46,3,,17.74,16,3,15.68,15.68,14.1,15,15.5,20,,16.79,12.31,,18.5,,,14,13,14.4,14.5,15,10.97,17,,13.59,,,16,13.5,13.73,26,21.3,16,15.3,,18,11.2,,,14.5,,10,19.49,18.77,1,4.30,3,52,1,49,55
Kentucky,Louisiana-Lafayette,17,10.82,13.03,10,,-4.42,8.6,10.15,10.82,1,2.3,17,14.72,-4.5,10.82,13.12,11.5,2.76,9.81,6.56,16,9.15,14.51,-5.25,,7.58,3,,9.81,16,5,10.15,10.82,17.12,9,13.5,14,,6.48,4.11,,24.4,,,7,17,16.5,16,4.6,13.61,23,,11.52,,,13,16,4.07,12,25.3,12,12.8,,10.3,8.4,,,17,,-3,4.53,11.14,-3,6.45,33,40,1,7,73
Marshall,Purdue,7.5,9.95,13.87,14,,34.5,11.67,19.25,9.95,28,13.94,7,6.92,21.5,9.95,8.52,18.89,14.95,14.66,19.66,6.5,21.65,6.01,36.67,,12.58,3,,17.06,6.5,20,14.9,9.95,3.62,27,8.5,9,,22.7,15.48,,1.7,,,10,13,-1.5,8.5,21.4,18.58,19,,17.48,,,7,8.5,20.79,22,-1,15,14.9,,18.5,7.7,,,7.5,,27.5,25.39,16.2,3,7.71,31,41,1,10,72
Minnesota,TCU,-16.5,-13.51,-16.36,-13,,-12.84,-8.72,-19.12,-13.51,-17,-6.63,-8,-23.08,-6,-13.51,-19.28,-13.26,-8.31,-14.22,-12.97,-14,-22.75,-15.5,-14.58,,-6.58,-18.5,,-6.29,-14.5,-16,-14,-13.51,-17.73,-20,-14,-17,,-9.46,-11.7,,-19.1,,,-25,-17,-5.4,-16.5,-23,-17.92,-23,,-14.95,,,-15,-14,-7.11,-15,-17.5,-18,-11.4,,-14,-10.8,,,-15,,-5.5,-21.07,-18.71,-6,5.42,23,17,1,-6,40
NC St.,Troy St.,26,22.66,30.9,21,,16.34,17.34,29.01,22.66,32,14.69,24,27.32,16,22.66,34.22,22.73,15.25,25.88,22.45,27,34.15,26.75,18.33,,19.67,3,,26.55,30.5,26,25.35,22.66,28.38,30,25,38,,26.69,27.93,,39,,,25,25,44,26,35.2,25.05,33,,25.35,,,24,25,19.33,44,40.5,30,24.5,,26,17.5,,,26,,16,32.39,25.89,4,8.32,21,49,1,28,70
Nebraska,BYU,7,9.3,6.51,7,,6.34,9.69,12.32,9.3,14,14.13,7,8.32,6.5,9.3,9.32,10.6,6.66,8.6,11.06,8,14.65,6.34,7.92,,9.04,3,,9.17,7,3,8.95,9.3,7.71,6,6,7,,9.44,4.02,,6.2,,,5,10,5.8,7,7.6,10.67,6,,8.95,,,9,6,6.97,17,8.2,9,9.7,,8.2,5.9,,,7,,9.5,15.48,8.02,2,3.02,33,28,1,-5,61
North Carolina,South Carolina,-2,-5.67,-8.18,-7,,-10.73,-8.58,-7.9,-5.67,-9,-2.3,3,-5,-10,-5.67,-0.2,-12.01,-5.33,-4.49,-7.08,-1.5,-10.1,-2.24,-16.92,,-1.46,0.01,,-2.71,-1,-12,-5.33,-5.67,2.12,-11,-1,-1,,-5.64,2.44,,4,,,-11,0.01,6.4,-2,-2.1,-0.01,-12,,-5.86,,,-2,-1.5,-2.78,-12,3.6,1,-0.8,,-7.8,-3.2,,,-2.5,,-1,-9.5,-8.31,-5,4.76,17,13,1,-4,30
Northern Ill.,UNLV,23.5,14.97,19.12,14,,23.07,15.8,18.36,14.97,29,21.35,22,25.62,24.5,14.97,25.52,16.4,16.49,20.21,19.36,22,17.15,26.82,20.25,,16.13,3,,20.42,22,27,20.15,14.97,22.17,21,20.5,28,,25.4,35.25,,18.8,,,28,23,18.6,23,22.6,23,16,,16.96,,,17,22,16.98,29,18.2,21,14.7,,20.5,17.3,,,23,,22,23.65,20.15,11,5.44,30,38,1,8,68
Northwestern,Stanford,-11.5,-12.35,-13.12,-14,,-14.97,-7.79,-15.3,-12.35,-11,-7.56,-10,-12.48,-12.5,-12.35,-12.88,-15.29,-6.28,-11.62,-11.71,-11,-14.95,-10.09,-25.08,,-5.96,-9.5,,-7.79,-6.5,-12,-12.35,-12.35,-11.48,-15,-12,-11,,-13.33,-3.01,,-14.6,,,-14,-13,-7.6,-11.5,-19.7,-12.09,-13,,-10.1,,,-13,-11,-3.74,-8,-12.7,-19,-16.4,,-14,-9.2,,,-12,,-8.5,-16.24,-11.64,-7,3.55,6,16,1,10,22
Notre Dame,Texas,9,5.63,8.81,4,,5.08,3.44,2.29,5.63,5,-1.75,9,8.82,10,5.63,11.62,5.55,4.6,7.87,1.09,8.5,2.15,8.6,8.67,,6.13,21,,4.8,9.5,22,7,5.63,8.46,6,8.5,10,,9.85,19.2,,12.6,,,7,9,10.1,9,7.3,7.63,3,,7.49,,,10,10.5,10.66,16,13.1,7,3.3,,6.2,10.8,,,9.5,,18,2.97,6.11,2,4.89,3,38,1,35,41
Oklahoma,Akron,31.5,31.46,30.15,30,,24.11,30.2,26.47,31.46,29,23,24,28.72,27.5,31.46,31.62,35.12,16.11,28.9,23.14,32.5,32.25,29.96,38.08,,18,18.5,,23.09,33,36,30.15,31.46,37.84,32,30.5,33,,32.39,17.11,,41.5,,,32,39,31.5,31.5,23.1,31.98,42,,31.41,,,31,32.5,16.87,21,44.6,22,35.9,,28.5,28.2,,,31.5,,20.5,31.39,35.06,15,6.94,3,41,1,38,44
SMU,Baylor,-36,-31.15,-40.87,-34,,-43.95,-26.84,-39.15,-31.15,-42,-25.88,-29,-35.18,-28,-31.15,-36.98,-44.09,-23.06,-34.3,-35.01,-36.5,-46.55,-37.12,-33.33,,-20.33,-21,,-25.15,-35.5,-40,-35.01,-31.15,-35.94,-39,-34,-36,,-35.4,-31.31,,-41.8,,,-43,-30,-29.9,-36,-38.1,-38.42,-51,,-38.88,,,-34,-34.5,-21.65,-45,-40.2,-42,-32.1,,-32.5,-28.1,,,-35.5,,-17,-43.97,-45.56,-8,8.59,56,21,1,-35,77
Southern Miss.,Mississippi St.,-21,-23,-28.14,-28,,-35.69,-22.53,-33.77,-23,-30,-24.56,-18,-17.88,-22,-23,-22.78,-36.44,-17.77,-25.13,-23.28,-22,-39.45,-17.97,-30.25,,-15.54,3,,-21.17,-23,-28,-24.56,-23,-17.35,-36,-23,-29,,-27.83,-13.32,,-27.1,,,-35,-20,-20.7,-21.5,-25.7,-21.88,-38,,-32.79,,,-30,-22,-13.24,-27,-25.4,-38,-34.8,,-26.5,-18.6,,,-21,,-13.5,-38.52,-34.89,-8,8.55,34,16,1,-18,50
Temple,Penn St.,-7,-6.99,-4.55,-7,,-4.92,-7.27,-2.83,-6.99,-1,-2.65,0.25,-5.78,-6.5,-6.99,-4.68,-4.48,-3.34,-4.18,-3.69,-6,-2.25,-5.55,-16.67,,-4.29,3,,-8.59,-3,1,-4.55,-6.99,-4.58,2,-6,-3,,-5.96,2.56,,-6,,,-10,-4,-4.9,-7,2.4,4.68,-4,,-4.37,,,-1,-6,0.28,-16,-6.4,-1,-13.8,,-6.6,-2.3,,,-7,,5,-7.76,-5.49,-5,4.10,10,27,1,17,37
Tennessee,Bowling Green,21.5,18.27,25.73,25,,5.06,13.48,28.72,18.27,16,16.74,15,19.4,7.5,18.27,21.4,17.31,10.58,19.09,19.17,21.5,30.7,21.27,15,,12.08,11.5,,16.12,22,15,19.17,18.27,27.25,22,21,20,,18.23,10.03,,29.8,,,22,14,20.4,21.5,31.7,17.73,33,,20.55,,,24,19.5,7.33,8,32.2,29,23.2,,23,21.9,,,20.5,,-1.5,25.08,20.79,-1,7.84,30,59,1,29,89
Texas A&M,Arizona St.,3.5,-0.34,2.24,2,,-6.77,0.51,-4.8,-0.34,-5,-0.22,-5,-3.1,2.5,-0.34,-1.9,-1.77,-1.86,-1.02,-1.29,2.5,-2.1,5.79,-1.75,,-2.71,-4,,-1.82,2,-4,-1.77,-0.34,9.05,-3,3,0.01,,-2.19,-5.34,,-2.3,,,-1,-3,2.6,2.5,-3.9,-7.22,4,,3.2,,,6,2.5,-3.02,-1,-0.8,-2,1.4,,-1.6,5.6,,,3.5,,-8.5,-2.3,0.34,2,3.46,17,38,1,21,55
Tulane,Duke,-7,-13.31,-16.51,-17,,-8.77,-10.94,-11.31,-13.31,-18,-8.2,-4,-12.38,-12,-13.31,-11.98,-19.24,-12.68,-10.86,-14.06,-8.5,-14.25,-10.91,-26,,-9.08,3,,-13.13,-8.5,-12,-11.98,-13.31,-4.14,-12,-11,-13,,-15.25,-6.27,,-3.9,,,-10,-7,-1.2,-7.5,-10.6,-1.05,-8,,-13.86,,,-9,-8.5,-8.83,-32,-4,6,-4.2,,-19,-10.4,,,-7.5,,-2.5,-20.73,-17.18,-6,6.33,37,7,1,-30,44
Tulsa,Florida Atlantic,7,2.26,4.49,-3,,-5.55,2.82,2.92,2.26,-2,0.7,-2,6.12,4.5,2.26,4.92,-1.12,-2.44,2.21,-4.11,6,3.45,6.24,8.25,,0.5,3,,0.01,6.5,9,2.82,2.26,5.55,3,6,6,,3.02,2.33,,8,,,-6,6,10.5,6.5,-9.2,6.49,6,,3.46,,,7,6,1.76,-5,7.5,5,-2.5,,0.2,8.5,,,7,,5.5,4.05,0.39,5,4.24,44,47,1,3,91
UCLA,Virginia,19.5,14.5,16.79,13,,19.5,14.45,16.3,14.5,19,13.52,27,19.12,21,14.5,19.12,15.75,9.77,18.07,11.73,19,13.85,18.12,27.75,,14.67,19,,15.8,19.5,24,18,14.5,23.99,15,17,15,,21.61,28.7,,26.4,,,17,18,22.4,19.5,19.2,23.98,14,,12.6,,,20,21,13,24,27.2,21,16.1,,20.5,18,,,20,,20.5,22.37,18.22,6,4.69,16,34,1,18,50
USC,Arkansas St.,27.5,25.27,26.89,24,,21.5,21.58,30.52,25.27,24,14.61,21,34.62,18.5,25.27,30.62,26.85,12.14,24.41,23.83,28,31.75,27.89,30.83,,16.96,21.5,,19.37,28.5,24,24.59,25.27,24.59,29,28,25,,25.51,20.62,,40.9,,,28,23,31,27,30,19.78,26,,21.48,,,25,28,13.59,23,36.8,32,26.1,,27.5,18,,,27,,10,31.54,23.19,4,6.61,6,55,1,49,61
Utah,Michigan,5,3.09,4.82,9,,8.52,6.27,14.09,3.09,16,8.59,17,5.12,7.5,3.09,5.82,9.27,9.02,8.05,11.99,6,11.05,6.03,12.5,,5.08,3,,4.5,6,9,7.5,3.09,1.75,13,4.5,3,,11.82,11.91,,10.4,,,7,15,6.4,5,10.9,6.56,5,,7.57,,,5,6,9.63,22,9.9,19,-9,,8,3,,,5,,7,16.45,6.87,-1,5.25,17,24,1,7,41
Vanderbilt,Western Kentucky,-2.5,1.79,1.45,1,,-10.19,3.79,0.95,1.79,-10,-6.9,8,-2.68,0.01,1.79,-0.18,-2.51,-6,-2.24,-5.35,-1.5,-2.85,1.19,-5.58,,-7.63,3,,-12.42,-1,-6,-2,1.79,3.99,-4,2.5,1,,-5.76,-6.35,,-2,,,-4,-1,-3.8,-2.5,-5.7,-6.83,5,,0.46,,,3,-1.5,-7.65,-1,0.4,-6,2.4,,0.9,4.7,,,-2.5,,-7.5,-7.5,-2.01,1,4.76,14,12,1,-2,26
Virginia Tech,Ohio St.,-14,-8.74,-15.85,-17,,-14.58,-9.86,-28.3,-8.74,-19,-18.82,-11,-8.08,-12,-8.74,-12.98,-17.05,-8.93,-14.11,-14.5,-12.5,-29.85,-11.7,-12.17,,-4.1,-22,,-2.61,-12.5,-13,-14.5,-8.74,-11.75,-20,-14,-16,,-8.66,-16.11,,-16.1,,,-17,-12,-6.5,-14,-23.3,-20.85,-25,,-11.06,,,-15,-12.5,-8.9,-8,-15,-24,-16.1,,-14.5,-5.7,,,-11.5,,-13.5,-26.19,-18.64,-4,6.55,42,24,1,-18,66
West Va.,Georgia Southern,19.5,14.79,8.28,17,,0.46,13.59,23.44,14.79,8,12.08,12,22.72,14.5,14.79,19.92,16.48,5.4,15.45,13.91,20.5,23.35,17.56,17.25,,13.21,3,,17.4,20.5,8,14.79,14.79,17.5,21,19,16,,12.98,17.39,,32.9,,,3,10,25.3,19,20.3,9.76,29,,16.71,,,18,18.5,5.19,11,33.9,24,8.5,,16,12.5,,,19.5,,13.5,18.13,18.22,-1,7.22,0,44,1,44,44
Western Mich.,Michigan St.,-17.5,-18.56,-19.45,-26,,-25.09,-19.48,-24.4,-18.56,-16,-11.79,-16,-24.58,-21,-18.56,-24.38,-27.07,-11.06,-19.03,-18,-14,-30.55,-17.13,-38.75,,-12.21,-16.5,,-14.4,-9.5,-19,-19,-18.56,-16.25,-24,-18.5,-19,,-19.6,-9.77,,-22.9,,,-18,-13,-15.5,-17.5,-21.5,-12.07,-27,,-21.46,,,-21,-17,-6.62,-23,-23.5,-21,-18.9,,-22,-11.7,,,-18,,-4.5,-29.65,-27.44,-10,5.85,37,24,1,-13,61
Air Force,San Jose St.,5,3.26,19.2,8,,0.42,1.47,16.96,2.8,25,21.38,1,8.79,7.5,3.48,7.27,14.2,13.65,10.22,18.17,5,16.65,4.91,12.25,2.85,16.79,3,,22.51,5,5,7.8,2.54,1.29,17,7,5,13.3,14.3,13.67,21.5,2.1,,,7,13,4.9,5,12.3,3.99,1,,7.59,,3.56,4,5,11.89,24,3,11,6.9,,10.1,5.4,,,6,,11,25.95,5.87,1,7.23,16,37,2,21,53
Akron,Pittsburgh,-12,-14.89,-6.61,-16,,-11.54,-10.22,-18.23,-15.54,-6,-16.45,-12,-9.75,-11.5,-14.64,-11.97,-17.59,-6.63,-13,-10.68,-14,-18.75,-5.6,-14,-8.31,-5.36,2.28,,-11.61,-14.5,-19,-14,-16.01,-15.22,-12,-13.5,-20,-14.76,-14.33,-9.7,-9.5,-19.8,,,-13,-14,-14.8,-12,-19.8,-17.75,-18,,-10.48,,-14.46,-19,-14,-2.83,-7,-19.8,-19,-11.7,,-11,-14.8,,,-13,,-4,-21.89,-18.13,-7,5.26,24,7,2,-17,31
Alabama,Middle Tenn.,34.5,33.91,22.49,38,,29.74,31.01,42.58,36.66,38,28.4,23,39.78,28.5,33.22,40.52,47.63,19.9,32.52,31.37,34.5,43.15,27.67,43.38,40.68,22.65,26.5,,24.97,33.5,40,32.35,36.46,26.45,36,36,35,37.11,29.59,20.46,35,32.5,,,30,28,31.3,34.5,39.2,18.06,45,,37.84,,38.19,34,34.5,20.81,38,32.2,29,35.8,,29.5,31.4,,,35.5,,21.5,43.58,40.17,12,7.76,10,37,2,27,47
Arkansas,Toledo,22.5,17.64,19.68,25,,7.28,17,26.74,16.71,18,21.03,23,23.39,9,17.79,26.82,24.31,11.34,19.49,21.16,22,31.75,20.14,22.75,26.77,7.9,17.5,,10.46,23,13,20.57,17.13,18.8,24,22,21,18.83,19.48,9.99,14,29.5,,,21,19,26.4,22.5,30,19.19,26,,18.85,,21.08,22,22,12.99,22,30.8,23,25.2,,26,17.5,,,21,,-6.5,21.37,21.72,1,7.49,16,12,2,-4,28
Arkansas St.,Missouri,-10,-18.18,-18.47,-25,,-9.01,-14.62,-24.66,-15.85,-19,-20.02,-11,-18.55,-14,-18.58,-14.82,-19.49,-12.04,-16.61,-21.29,-11.5,-25.35,-13.13,-35.94,-7.57,-6.1,-9.93,,-13.19,-16,-18,-17.15,-16.66,-11.54,-18,-13,-17,-19.98,-20.88,-8.88,-3,-23.9,,,-11,-15,-21.1,-11,-23.3,-10.24,-16,,-14.39,,-21.36,-16,-11.5,-3.52,-25,-25.2,-20,-18,,-20,-10.1,,,-10.5,,-1,-31.33,-17.3,-5,6.37,27,20,2,-7,47
BYU,Boise St.,-3,0.52,-4.59,-2,,2.54,2.08,-9.03,-1.68,6,-6.43,-3,3.36,-1.5,0.78,1.63,1.74,-5.44,-1.63,1.36,-1.5,-4.85,-1.29,-4.63,-6.5,-1.62,1.75,,-0.48,-2.5,-4,-1.62,-0.55,-0.12,-1,-2,0.01,-2.96,-2.03,-9.78,-0.5,-4.4,,,-2,1,-2.2,-3,-5.3,-3.23,4,,0.92,,-0.9,4,-3.5,4.59,-3,-6.5,-5,-5.4,,-2.6,-1.7,,,-2.5,,1.5,-6.5,3.06,-3,3.46,24,35,2,11,59
California,San Diego St.,12.5,11.37,8.05,7,,-4.78,8.71,5.51,10.54,5,4.8,14,13.21,0.5,11.55,15.32,9.2,1.08,8.73,4.8,13,12.35,13.21,2.5,8.6,3.96,3,,3.72,14,3,8.33,10.72,19.69,10,7.5,14,1.2,7.69,7.46,3,23.2,,,10,15,12.1,12,5.1,19.39,18,,7.2,,5.28,14,13,5.5,13,24.6,12,5.9,,6.3,9.4,,,14,,3,2.04,10.42,-3,5.94,7,35,2,28,42
Cincinnati,Temple,6,2.33,5.77,5,,12.47,-1.5,3.03,7.74,7,7.8,-0.25,-2.3,11.5,1.65,4.21,6.07,5.9,4.02,2.28,5.5,0.75,6.59,18.38,1.95,4.41,3.2,,4.99,4,-1,4.41,4.93,2.03,8,7.5,1,10.11,7.16,2.1,9.5,0.8,,,3,5,-1.7,6,-1.7,2.49,5,,11.66,,7.74,1,5.5,3.5,-6,0.6,5,3.6,,7.5,4,,,6.5,,8,5.28,7.24,4,3.60,34,26,2,-8,60
Clemson,Appalachian St.,18.5,24.59,16,31,,13.65,20.44,22.48,27.72,25,7.55,10,25.22,23,23.99,25.97,26.24,14.89,20.1,20.44,19,23.85,16.41,44.81,22.83,17.17,18,,20.96,20,21,21,26.77,16.57,26,19,19,19.03,23.28,3.15,,22.3,,,21,15,22.4,18.5,15,3.51,18,,28.25,,30.48,19,19,9.25,27,24.5,19,18.1,,27,21.9,,,18,,8,25.65,27.02,7,6.75,10,41,2,31,51
Colorado,Massachusetts,13,13.76,9.6,12,,2.75,10.04,12.13,15.72,9,10.36,10,8.06,16,13.74,10.93,11.95,3.44,11.1,10.2,14,18.65,12.54,-3.31,18.29,3.86,2.83,,4.2,15,4,10.97,13.83,9.07,16,13.5,11,10.99,7.8,-3.84,,19.5,,,7,10,24.2,13,14.5,8.59,22,,11.85,,12.27,15,12,8.11,19,22.2,11,5.4,,10.7,16.2,,,13,,2,16.52,15.39,6,5.72,14,48,2,34,62
Colorado St.,Minnesota,-4,-7.05,2.78,-5,,5.2,-9.69,-11.24,-5.22,-2,-6.42,-5,-9.88,4,-7.6,-5.18,-0.11,0.42,-3.96,-5.23,-7.5,-16.75,-9.4,0.81,-15.97,4.06,-4.2,,5.8,-8.5,1,-5,-5.06,-9.86,-3,-4.5,-11,-0.95,-1.29,6.66,2.5,-14,,,-10,-2,-13.7,-4,-11.2,6.14,3,,2.05,,0.68,-11,-7.5,2.23,2,-11.9,-12,,,-1.5,-1.8,,,-6.5,,10.5,-9.5,-8.47,-2,6.65,23,20,2,-3,43
Connecticut,Army,7.5,9.15,5.86,3,,6.47,8.77,4.09,7.07,12,1.17,8,16.9,7,8.96,14.02,1.73,-1.01,5.78,2.26,7,2.95,9.79,-0.56,2.98,9.25,3,,7.4,7,9,6.17,9.88,8.84,5,6.5,11,-1,7.16,-0.11,1.5,3.5,,,-6,9,0.6,7.5,8.8,10.49,13,,5.47,,1.9,4,7,5,4,5.1,4,9.1,,5.1,10.2,,,8,,7.5,-1.63,3.81,2,4.23,17,22,2,5,39
Florida,East Carolina,20.5,20.24,13.23,15,,10.93,19.63,11.8,15.6,9,7.38,14,28.27,8.5,21.16,19.14,12.67,6.58,15,15.38,19.5,22.25,13.95,19.25,11.63,9.89,8,,14.93,19.5,7,14.93,16.6,27.66,12,15,20,7.28,17.16,1.57,7.5,26.8,,,19,18,17.2,19.5,9.6,22.09,17,,10.68,,12.79,23,19.5,12.81,18,27.7,20,18.6,,10.7,10,,,20.5,,2.5,13.28,18.38,3,6.21,24,31,2,7,55
Florida Atlantic,Miami (Fla.),-18.5,-20.06,-14.38,-18,,-8.2,-17.58,-17.49,-18.84,-12,-9.77,-10,-19.64,-14.5,-20.06,-16.19,-16.3,-12.64,-16.13,-14.36,-18.5,-19.75,-19.84,-21.19,-14.54,-8.78,-4.48,,-13.05,-19.5,-11,-17.53,-20.07,-18.64,-17,-16.5,-21,-16.36,-19.45,-4.04,-16,-23.5,,,-20,-19,-20.3,-18.5,-13.4,-12.81,-28,,-21.29,,-18.99,-20,-18.5,-6.44,-23,-24,-14,-24.7,,-19.5,-13.7,,,-17.5,,-3.5,-19.94,-19.28,-7,5.55,44,20,2,-24,64
Florida St.,South Florida,28,26.44,20.97,31,,30.37,24.01,34.02,28.74,38,16.16,29,29,28,26,32.62,37.12,20.31,28.61,31.19,27.5,29.75,26.74,50.69,33.65,24.27,20.5,,30.54,27,43,28.69,28.02,29.02,28,27.5,29,26.61,33.09,28.63,22.5,27.1,,,31,23,20.2,28,27.9,23.69,32,,31.62,,27.31,25,27.5,17.25,39,28.4,31,26.7,,27.5,23.1,,,28.5,,26.5,36.66,34.77,11,5.78,14,34,2,20,48
Georgia Southern,Western Mich.,-5,-3.39,-1.77,3,,3.79,-5.96,-5.36,3.66,-5,-3.55,2,-6.41,1.5,-4.78,4.12,4.48,2.7,-1.75,1.16,-3.5,-9.75,-3.6,0.56,-6.91,1.74,2.43,,-0.84,-3.5,4,-1,1.97,-4.04,-1,-4,-1,-1.42,0.33,-11.13,,-5.8,,,-5,1,-3,-5,-8.6,-3.73,-1,,5.34,,-0.94,-3,-3.5,3.16,-6,-4,-7,-3.8,,-0.5,7.3,,,-4.5,,-21.5,-5.13,1.56,6,5.08,17,43,2,26,60
Georgia Tech,Tulane,31,32.3,30.52,32,,26.06,29.8,38.75,27.16,43,32.37,23,43.97,24.5,33.2,33.72,35,19.11,31.28,36.14,29.5,45.75,34.16,42.56,24.13,23.99,17.58,,30.07,30,31,31.29,28.99,30.97,39,29,33,20.72,36.76,31.58,19,33.8,,,31,32,21.1,31,43.1,34.18,31,,23.51,,15.53,33,29.5,19.47,45,32.8,42,28.7,,28.5,24.4,,,28.5,,22,47.51,35.91,8,7.96,10,65,2,55,75
Indiana,Florida Intl.,8,7.61,-3.59,9,,6.48,5,9.14,13.22,1,4.96,8,2.81,8.5,6.78,5.32,8.83,4.54,6.53,-1.7,8.5,7.65,7.32,12.19,3.42,4.32,3.01,,3.21,8.5,4,6.48,10.79,4.6,7,7.5,8,13.45,5.38,4.55,-7.5,10,,,6,0.01,10.6,8,-2.2,0.37,7,,13.67,,15.8,11,8.5,0.53,16,12,8,8.5,,6.2,8.9,,,7.5,,5,4.7,11.45,1,4.26,22,36,2,14,58
Iowa St.,Iowa,-3,-0.85,-3.82,-3,,-4.18,0.9,-9.28,-3.69,-16,-4.37,-1,-1.67,-5.5,-0.3,-1.18,-8.66,-5.44,-4.49,1.09,-4.5,-7.25,-2.04,-13,0.78,-4.88,3,,-7.32,-4,-6,-4.28,-2.84,-0.01,-8,-4.5,-3,-5.2,-6.18,-7.98,-6.5,-5.1,,,-3,-4,-10.7,-3,-4.2,-4.12,-5,,-7.97,,-1.31,-5,-4.5,1.13,-6,-3.7,-5,-11,,-4.3,-1.9,,,-3,,-7.5,-6.79,-4.26,-2,3.47,31,17,2,-14,48
Kansas,Memphis,-12,-13.06,-27.56,-5,,-12.78,-14.35,-13.89,-6.35,-20,-2.78,-16,-20.51,-8,-14.18,-11.29,-6.17,-9.74,-13.6,-10.64,-14.5,-17.95,-17.92,-19.94,-10.18,-10.85,3,,-12,-17,-20,-12.97,-9.47,-12.94,-18,-11.5,-15,-4.55,-19.23,-27.66,-13.5,-25.4,,,-17,-14,-29.3,-12,-12,-23.12,-8,,-12.6,,0.23,-13,-14.5,-6.73,-9,-22,-24,-10.6,,-19,-2.7,,,-13.5,,-17.5,-14.89,-15.39,1,7.17,55,23,2,-32,78
Louisville,Houston,13.5,11.94,10.03,14,,11.78,12.71,8.58,10.3,12,5.57,13,18.21,8.5,12.52,14.22,12.17,5.65,11.75,14.45,12.5,12.05,14.46,20,21.5,8.06,11.75,,8.79,13.5,14,12,9.79,15.25,13,11.5,10,10.48,12.27,12.19,9,16.1,,,14,11,12.4,13.5,4.3,8.02,18,,13.39,,11.52,12,14.5,11.84,14,18.3,12,18.6,,10.6,7.7,,,13.5,,6.5,4.82,15.92,3,3.79,34,31,2,-3,65
Maryland,Bowling Green,7.5,12.48,13.72,15,,6.24,16.91,17.04,10.45,15,13.45,5,11.51,7,12.69,9.12,16.04,8.8,11.3,16.27,8.5,21.95,11.23,18,17.06,4.33,3.56,,7.41,9,2,11.61,11.66,10.96,17,9,13,15.21,13.97,-0.39,5,6.2,,,10,11,-0.4,8,15.2,11.56,22,,16.11,,12.72,14,8.5,5.76,16,9.4,13,10.8,,15.1,7.4,,,7.5,,5.5,18.06,13.82,1,5.26,48,27,2,-21,75
Michigan,Oregon St.,15,8.75,10.6,6,,0.49,7.96,6.17,7.61,13,4.1,7,22.57,2,9.28,17.25,3.21,3.3,10.83,2.62,17.5,9.15,18.76,3.25,6.04,11.38,3.7,,15.36,16.5,17,10.3,6.7,22.11,6,14,14,8.57,9,17.07,2.5,23.2,,,13,10,21.6,14.5,12.7,18.47,11,,6.02,,6.31,20,15.5,11.9,-2,23.1,10,13,,10,11.8,,,16.5,,11.5,11.61,7.95,3,6.14,7,35,2,28,42
Michigan St.,Oregon,5,-2.6,5.08,-3,,0.51,-3.29,-5.92,-5.08,-1,-3.6,6,2.55,-1.5,-2.32,4.72,-7.85,2.11,0.74,-4.56,3,-3.55,4.32,2.5,6.19,4.49,-1.5,,4.35,2,-3,0.56,-4.03,5.37,-1,2.5,0.01,0.41,2.95,7.88,1,1.6,,,-1,1,2.6,4.5,-0.8,0.01,1,,-3.18,,3.01,7,3,9.43,1,0.8,6,9.6,,0.6,-4.7,,,4,,5.5,0.17,-5.17,-3,4.19,28,31,2,3,59
Mississippi,Fresno St.,32,26.33,26.35,28,,14.54,24.22,29.08,20.97,32,16.38,24,44.03,11.5,27.56,31.32,27.85,14.02,26.83,24.47,31,38.25,25.53,30.56,34.68,17.67,22,,20.41,30.5,33,26.77,22.3,40.43,30,26.5,29,18.59,27.85,27.18,31.5,43.1,,,35,25,27.8,31.5,18.2,30.84,35,,25.35,,20.48,30,29,20.65,35,44.2,37,28.5,,23.5,20.5,,,30,,15.5,23.52,30.74,1,8.37,21,73,2,52,94
Mississippi St.,LSU,-3.5,-3.97,-0.9,4,,-1.92,-4.41,-0.77,-2.92,4,5.48,-5,-8.17,1,-4.25,-2.98,4.73,6.22,0,5.94,-4,2.85,-2.58,1.88,1.14,2.49,-5,,2.42,-5,-4,1,-2.84,-12.1,5,-2,-2,5.73,1.38,1.09,12,-10,,,-6,1,-10.2,-3,-3.1,4.97,3,,0.77,,3.98,-3,-4,4.4,5,-9.8,3,1,,1.9,-2.2,,,-5,,11.5,4.8,-0.77,-4,4.85,21,19,2,-2,40
Nebraska,South Alabama,27,26.62,16.55,25,,14.81,23.78,31.18,25.86,16,17.35,23,35.82,16,27.24,26.81,21.99,14.98,24.99,18.85,28.5,32.45,29.03,32.56,31.98,18.23,10.7,,21.77,28.5,30,25.78,24.29,29.3,24,25.5,28,21.93,24.77,27.51,,35.7,,,30,29,25.7,27,31.3,29.21,27,,24.58,,27.39,32,28.5,14.99,26,38.2,40,24.3,,26,23.5,,,27.5,,10.5,27.8,28.46,9,6.83,9,48,2,39,57
Nevada,Arizona,-10,-8.89,-7.46,-10,,-3.98,-6.43,-13.16,-10.55,2,-8,-14,-11.76,-8,-8.66,-14.58,-8.13,-6.88,-9.99,-4.05,-12.5,-12.45,-9.53,-21.56,-15.57,-9.11,-9.5,,-11.24,-12,-10,-10,-10.03,-14.47,-10,-11,-15,-8.51,-13.66,-10.56,-6,-18.3,,,-10,-11,-6.8,-10,-7.4,-9.66,-14,,-9.41,,-6.54,-11,-10.5,-4.68,-10,-19.7,-12,-5.2,,-9.5,-7.1,,,-11.5,,-2,-13.32,-13.86,-2,3.97,44,20,2,-24,64
New Mexico,Tulsa,5.5,5.96,18.81,4,,3.68,3.89,5.49,0.74,8,4.03,10,11.81,2.5,7.16,5.18,1.33,9.24,6.32,11.3,4.5,7.55,8.24,2.63,1.11,7.21,2.97,,7.43,5.5,-7,6.15,1.46,5.63,6,4,6,4.34,6.99,8.36,4.5,8.6,,,7,6,4.3,5.5,8.4,9.07,3,,3.3,,0.94,1,4.5,10.17,22,10,11,6.4,,6.3,-2.2,,,3.5,,3.5,9.46,4.41,-6,4.81,40,21,2,-19,61
New Mexico St.,Georgia St.,5,5.1,4.01,4,,1.13,10.59,1.74,5.69,10,4.95,5,5,8,4.71,8.37,-0.27,0.85,4.65,4.39,6,3.95,4.74,2.19,10.05,5.34,2.17,,5.29,5.5,12,4.6,6.6,7.26,7,5.5,4,4.52,3.76,1.14,,4.6,,,7,6,5.8,5,1.4,-4.06,4,,3.34,,4.02,6,6,4.58,3,3.5,-2,5.4,,4.6,12,,,7,,2.5,2.99,4.4,2,3.04,34,32,2,-2,66
Ohio,Marshall,-3,-8.02,-11.56,-20,,-3.51,-10.2,-18.11,-9.68,-6,-10.48,-5,-5.44,-8.5,-7.73,-5.48,-17.75,-12.47,-10.1,-14.69,-4,-22.75,-4.21,-25.06,0.87,-6.14,-3.01,,-9.27,-5,-13,-10.1,-9.2,-1.91,-21,-4,-11,-11.83,-13.38,-0.53,-16,-4.2,,,-3,-10,0.4,-4,-14.9,0.01,-16,,-15.11,,-10.48,-11,-4,-3.55,-18,-4.9,-12,-12.6,,-13,-8.1,,,-3,,-12.5,-18.85,-18.29,-1,6.07,10,21,2,11,31
Ohio St.,Hawaii,41,31.17,30.65,36,,28.92,27.21,47.87,32.43,39,40.14,35,40.89,34.5,31.11,39.74,37.26,21.59,36.96,31.8,42,46.15,40.88,51.44,35.12,24.42,27.88,,27.34,41.5,47,37.38,31.43,43.75,44,39,45,28.49,34.79,40.41,27,47.4,,,45,39,37.5,41,44.4,42.24,42,,32.63,,26.48,40,42,25.15,38,51.2,51,42.8,,32.5,31.6,,,41,,33.5,43.57,42.68,12,8.07,0,38,2,38,38
Penn St.,Buffalo,17.5,12.6,7.91,17,,5.03,2.56,14.95,20.09,11,15.58,22,22,10,11.61,23.38,17.3,7.15,15.7,7.47,22,9.05,19.8,17.5,28.13,12.56,6.85,,18.55,22,23,15.27,16.38,21.07,13,18.5,20,14.81,14.42,13.27,11,32.8,,,18,18,28.3,17.5,13.3,6.8,18,,19.8,,20.23,18,20,13.49,6,34.2,11,17.2,,14.6,22.1,,,21,,10,12.17,13.79,7,6.74,14,27,2,13,41
Rutgers,Washington St.,5.5,9.72,24.11,7,,13.15,13.65,7.41,2.31,23,8.13,5,25.71,12,10.45,22.61,-0.59,8.61,10.07,21.16,3.5,12.95,9.91,24,-0.92,7.68,3,,7.85,6.5,-4,9.21,6.93,10.31,11,0,10,10.5,17.1,14.86,5.5,4.4,,,5,11,8.1,6,13.3,9.58,-5,,2.8,,9.22,11,3.5,6.55,34,4.2,11,9.2,,9.7,-1.4,,,2.5,,8,23.65,6.65,3,7.50,37,34,2,-3,71
SMU,North Texas,6.5,0.34,-3.27,-3,,-8.53,1.29,2.53,0.5,1,0.98,-1,13.76,-2.5,0.33,7.19,-6.45,-3.42,-0.03,-5.59,4,-1.05,-1.96,12.44,1.28,5.23,2.33,,3.31,2.5,3,0.42,0.32,0.17,-7,3,4,1.79,0.58,0.34,-7.5,2.1,,,-2,-1,1.9,5,2.3,-5.85,-5,,0.92,,3.74,-5,4,1.19,-14,4.1,-2,1.7,,0.01,5,,,5,,2.5,3.46,-6.18,1,4.41,13,31,2,18,44
South Carolina,Kentucky,7.5,12.14,7.2,8,,21.19,10.32,9.92,11.8,7,6.6,6,14.82,19,12.17,11.53,13.54,6.85,9.67,6.98,8.5,8.85,10.51,24.75,4.53,6.59,6.75,,7.93,8.5,27,8.54,12,7.94,15,9.5,8,10.05,12.55,9.19,11.5,7.8,,,9,9,8.5,7.5,8.4,7.58,8,,8.73,,12.66,10,8.5,8.57,6,7.7,12,-2.3,,6.8,12.9,,,7.5,,7,6.01,10.39,9,4.30,26,22,2,-4,48
Stanford,Central Florida,20,16.42,12.73,16,,8.49,12.22,18.88,16.92,19,10.66,14,20.95,9,16.44,20.24,18.24,6.57,16.33,16.15,20,16.25,20.65,19.13,14.46,13.06,12.54,,16.22,19.5,17,16.22,16.37,23.61,16,17,15,11.52,16.87,14.46,10,26.8,,,10,15,20.1,19.5,21.2,20.21,22,,17.73,,13.83,19,20,11.69,16,27.5,24,15,,16.3,17.1,,,19,,5.5,22.02,15.23,5,4.73,7,31,2,24,38
Syracuse,Wake Forest,4,8.2,6.97,6,,11.47,5.54,5.04,8.51,7,6.86,1,6.71,5.5,8.16,5.02,8.25,2.82,5.22,4.65,4.5,7.25,7.6,9.75,12.49,2.92,3,,2.79,3.5,2,5.65,8.33,6.44,10,6,4,3.46,6.05,-0.35,12.5,-1.1,,,3,3,-1.2,4,-1.8,2.68,11,,9.97,,5.77,3,2.5,5.93,4,-0.4,7,14.1,,6.2,1.9,,,3.5,,9,2.6,9.08,3,3.52,17,30,2,13,47
Tennessee,Oklahoma,-2,-2.04,4.41,3,,-7.74,-1.15,8.16,-1.58,3,4.88,7,3.97,-6,-2.19,5.22,-3.86,-1.45,1.11,3.94,-0.5,3.35,-0.15,-7.44,1.52,3.35,-2,,2.67,0.5,-3,1.61,-1.46,4.02,2,1,4,-2.78,1.68,9.84,-8,2.3,,,-3,-6,1.3,-2,12.7,-6.79,-6,,-6.4,,-7.14,1,-0.5,1.53,3,2.7,9,-5.4,,0.2,0.2,,,-1.5,,-2.5,9.77,-1.1,-7,4.76,31,24,2,-7,55
Texas,Rice,14.5,9.38,-0.5,10,,0.01,3.97,9.95,16.33,-1,7.71,12,16.22,3,8.31,22.31,7.92,3.33,10.1,4.54,16,4.05,14.02,5.63,17.93,11.86,6.5,,13.07,15.5,14,9.78,13.84,18.12,7,15.5,15,17.67,6.62,5.3,12,23.2,,,10,9,17.8,14.5,5.7,-5.06,15,,15.05,,22.65,14,14,7.16,-9,23.8,4,16.6,,9.6,18.3,,,15,,6.5,7.29,9.29,5,6.89,28,42,2,14,70
Texas A&M,Ball St.,30.5,34,27.24,29,,16.69,35.8,26.04,28.24,41,23.75,23,44.76,21,34.94,31.83,26.77,14.91,27.88,24.36,30.5,40.05,24,40.44,39.59,21.72,18.5,,26.3,30.5,17,27.62,30.47,34.03,28,28.5,33,18.28,30.45,19.35,15,34.2,,,25,29,31.9,30.5,28.2,16.78,44,,26.47,,23.17,35,30.5,17.73,40,36.5,24,31.2,,27,21.3,,,29.5,,13.5,33.15,33.75,6,8.04,23,56,2,33,79
Texas Tech,UTEP,20.5,18.34,0.8,13,,18.29,17.19,17.11,17.65,4,4.35,19,22.97,16,18.27,20.27,12.98,4.13,15.09,6.35,20,15.65,18.68,21.88,24.08,9.2,3.67,,14.07,19,25,16.68,18.67,23.47,14,19.5,22,9.99,16.37,11.29,0.5,22.4,,,18,17,8.9,19.5,19.7,20.96,17,,15.51,,12.19,19,20,5.7,15,23.5,21,19.2,,13.9,18.8,,,21,,4.5,18.44,15.85,6,6.09,20,69,2,49,89
Texas-San Antonio,Kansas St.,-16.5,-21.18,-7.37,-24,,-14.75,-15.44,-29.58,-24.89,-14,-16.7,-21,-15.72,-15,-20.39,-21.62,-27.26,-17.2,-19.96,-17.55,-18,-26.75,-22.69,-36.19,-27.14,-12.27,-4.21,,-18.08,-20.5,-32,-21.4,-24.15,-17.79,-25,-20,-26,-18.36,-23.44,-21.85,,-26.9,,,-22,-20,-7.6,-17,-28.8,-17.15,-23,,-26.47,,-22.11,-22,-18,-4.21,-15,-30.2,-30,-23,,-20.5,-19.1,,,-17,,-9.5,-23.72,-27.19,-7,6.76,30,3,2,-27,33
UNLV,UCLA,-32,-24.16,-23.58,-28,,-20,-22.21,-32.94,-25.86,-18,-23.58,-33,-32.77,-25,-23.55,-38.28,-32.58,-19.57,-28.2,-24.5,-31,-32.85,-29.29,-32.13,-34.58,-19.13,-15.67,,-22.47,-32.5,-36,-28.16,-26.48,-35.27,-28,-28.5,-36,-20.24,-32.16,-34.7,-23,-43.3,,,-32,-27,-34.9,-32,-33.7,-27.23,-30,,-28.32,,-20.18,-29,-31,-10.98,-33,-45.2,-31,-33.6,,-25,-28.5,,,-30,,-15.5,-34.85,-33.67,-10,7.36,37,3,2,-34,40
USC,Idaho,44.5,49.2,37.83,39,,37.35,44.44,47.23,45.28,49,28.1,37,62.02,40,49.8,53.43,49.52,30.06,41.92,38.53,44,55.25,39.94,32.19,38.48,27.31,19.34,,34.67,45.5,45,42.86,47.21,46.69,51,43,50,30.43,42.64,43.08,23.5,53.6,,,42,48,41,44.5,44,42.37,45,,43.16,,34.63,42,42,23.67,48,55.4,48,47,,36,31.2,,,43,,26.5,51.73,49.89,13,9.63,9,59,2,50,68
Utah,Utah St.,12.5,13.31,11.57,10,,-2.08,18.92,16.98,8.31,5,7.57,13,25.56,5,13.99,17.99,8.19,3.54,12.29,13.39,14,19.95,16.18,8.94,16.62,5.81,10,,5.1,16,8,12.15,10.47,16.94,16,12,13,10.3,13.93,8.53,2,25.4,,,10,19,20,12.5,16.8,17.4,10,,10.53,,13.14,12,14,10.08,19,26.3,23,7.1,,12.3,6.6,,,13,,-1.5,13.65,15.25,1,6.41,14,24,2,10,38
Vanderbilt,Georgia,-18,-21,-21.8,-25,,-16.04,-18.17,-23.69,-21.39,-19,-14.28,-9,-17.91,-18.5,-20.66,-22.48,-28.79,-14.79,-20.83,-21.75,-20,-29.75,-16.59,-35.25,-27.81,-14.79,-19.06,,-18.33,-20.5,-26,-20.89,-22.27,-20.79,-29,-19,-17,-15.62,-24.31,-15.31,-31,-24.3,,,-30,-20,-21.5,-18,-25.5,-19.94,-27,,-26.41,,-17.34,-15,-22,-11.47,-12,-23.9,-28,-25.3,,-21.5,-10.3,,,-21,,-20.5,-26.96,-29.61,-5,5.70,31,14,2,-17,45
Virginia,Notre Dame,-12,-17.11,-11.63,-5,,-15.07,-17.17,-5.94,-11.93,-7,0.52,-13,-17.28,-14.5,-17.98,-11.99,-10.03,-4.07,-11.07,-5.77,-14,-9.35,-6.26,-22.94,-7.9,-8.98,-17.36,,-11.69,-13.5,-17,-11.66,-14.34,-15.49,-4,-10,-14,-3.83,-15.04,-18.78,0.5,-19.8,,,-13,-14,-17.3,-12,-9.1,-14.52,-4,,-6.54,,-5.39,-14,-14,-3.45,-8,-18.2,-6,-10,,-7.5,-10.5,,,-13,,-14.5,-8.95,-9.34,-8,4.85,34,27,2,-7,61
Western Kentucky,Louisiana Tech,-1,2.01,-3.98,-3,,2.39,0.88,-2.98,2.59,1,0.67,7,5.71,4.5,1.68,8.62,-3.93,-2.06,1.18,-6.41,-1,-9.65,-1.44,2.31,-9.32,7.43,3.01,,7.78,0.5,7,1.84,3.33,2.16,-2,2,2,5.54,0.8,6.42,,3.4,,,1,0.01,3.2,-1,-3.2,2.25,-5,,-2.1,,5.88,5,-1,5.7,9,3.1,-5,-6.9,,-1.1,3,,,-2,,-3.5,-3.04,-2.31,-1,4.65,38,41,2,3,79
Wisconsin,Miami (Ohio),31.5,33.34,25.6,34,,22.48,27.15,36.17,36.26,44,25.05,25,41.25,24.5,33.15,44.74,37.97,20.07,31.91,28.57,33,33.45,32.79,34.25,43.5,26.07,14,,29.95,34.5,39,33.25,34.14,27.33,39,33,38,30.85,33.38,25.41,28,40,,,28,30,33.4,31.5,30.3,33.38,37,,34.46,,33.96,39,33,17.39,39,40.1,33,20.6,,28.5,30.2,,,32,,24.5,33.92,39.93,11,7.37,0,58,2,58,58
Wyoming,Eastern Mich.,12.5,8.99,4.36,13,,11.14,4.2,16.88,14.62,5,14.93,8,12.41,13.5,8.26,12.21,19.14,8.83,10.47,4.88,12.5,10.65,10.34,-1.44,9.62,6.99,3.1,,10.7,11.5,17,10.7,11.79,4.03,19,14,12,11.73,6.77,3.46,12.5,10.5,,,11,10,3.5,12.5,12.4,9.48,18,,17.28,,11.86,8,12.5,7.77,7,12.3,13,3,,10.7,11.7,,,13.5,,8.5,15.61,16.03,3,4.36,48,29,2,-19,77
Alabama,Mississippi,7.5,6.25,11.14,11,,8.84,3,7.81,12.33,6,10.55,8,7.71,20.5,4.89,14.09,13.08,6.57,7.2,8.88,6,-1.55,2.57,6.5,2.8,8.48,7,,5.49,5.5,17,7.71,10.72,-1.9,6,8,8,,6.14,3.42,11,-0.01,,,-3,9,4,7.5,5.1,,7,,5.52,,,3,6,8.25,-3,-1.3,-1,14.1,,16,10.6,14,10,7,,9.5,8.06,5.98,8,5.04,43,37,3,-6,80
Arizona St.,New Mexico,27.5,25.32,12.07,30,,14.35,21.99,30.76,31.68,31,18.91,17,30.68,25.5,24.21,31.39,34.27,16.2,24.43,19.69,26.5,24.25,29.32,28.96,34.37,19.6,11.37,,22.53,27,40,25.32,29.82,22.16,28,24.5,28,,26.43,22.61,23.5,27,,,24,22,20.6,27.5,21.5,,26,,26.32,,,26,26.5,11.51,30,27.7,23,13.5,,28,25.8,25,17,27.5,,20.5,25.41,28.39,10,6.38,10,34,3,24,44
Arkansas,Texas Tech,10,4.37,12.38,15,,8.13,-0.75,15.8,8.17,-4,20.01,14,5.55,5.5,4.11,8.09,7.06,9.21,10.77,11.5,12.5,10.15,9.18,12.38,9.08,8.03,6.11,,7.97,12,17,10.3,5.32,7.37,18,9.5,9,,10.42,13.41,24.5,14.2,,,14,10,18.6,10,15,,15,,16.2,,,11,12.5,13.37,6,14.5,13,12.9,,15.7,10.3,28,8,11.5,,6.5,11,11.45,1,5.38,35,24,3,-11,59
Army,Wake Forest,-6,-8.32,-9.19,-5,,-2.81,-6.15,-5.31,-6.35,-12,0.15,-13,-7.64,-7.5,-8.44,-9.62,-1.77,0.01,-6.31,-7.92,-7,-5.85,-5.64,7.71,-4.27,-5.09,3.15,,-2.01,-9,-3,-6.23,-7.89,-10.23,-9,-3,-15,,-5.84,-4.16,2.5,-15.8,,,-4,-11,-11.7,-6,-11.4,,-16,,-2.52,,,-9,-7,-3.27,-10,-17.9,-11,0.5,,-8,-9,4,2,-6,,10,-6.46,-6.23,-2,5.25,17,14,3,-3,31
Boston College,Florida St.,-7.5,-8.67,-7.19,-7,,-5.21,-13.11,-10.47,-11.24,-4,-6.28,-12,-9.25,-13,-8.23,-11.1,-7.15,-5.02,-9.11,-8.66,-8.5,-14.15,-3.11,-15.04,-4.79,-9.97,-16.5,,-11.18,-8.5,-21,-9.25,-10.31,-11.4,-4,-9,-10,,-10.93,-14.19,-5,-10.2,,,-10,-8,-5.3,-7.5,-8.6,,-16,,-6.3,,,-2,-8.5,-0.35,-10,-10.2,-3,-7.8,,-8.5,-9,-10,-4,-7.5,,-9,-15.56,-11.57,-9,3.88,14,0,3,-14,14
Bowling Green,Memphis,-3.5,-9.16,-8.63,-12,,-10.91,-11.79,-14.29,-4.05,-14,-9.29,-1,-13.31,2.5,-10.23,-0.9,-11.75,-9.04,-8.35,-6.01,-4.5,-22.35,-7.09,-19.21,-9.83,-1.76,1.84,,-5.24,-6,-1,-9,-5.69,-7.09,-17,-4,-7,,-11.21,0.01,-7,-6.7,,,-6,-9,-2.1,-4.5,-11.3,,-16,,-11.42,,,-12,-4.5,-1.64,-11,-7.3,-17,-8.6,,-11,-1.8,-11,-5,-3.5,,-7,-17.13,-13.49,4,5.53,44,41,3,-3,85
Colorado St.,Colorado,-3,0.68,8.56,-1,,9.18,2.15,3.44,0.81,9,2.91,-4,-0.01,9,0.52,2.64,2.35,8.28,3.52,8.89,-4,2.6,-1.95,10.92,-1.07,11.3,-0.32,,14.27,-3.5,12,2.6,1.31,-9.22,8,-3.5,-1,,6.66,15.25,15,-11.2,,,5,0.01,-8,-2,1.6,,4,,6.06,,,-7,-2,3.71,17,-10,7,-2.7,,-1.4,1.2,17,4,-3,,14,1.48,-1.08,1,6.74,27,24,3,-3,51
Duke,Northwestern,5,1.79,5.82,3,,1.12,3.57,2.74,2.17,10,2.06,3,4.64,5,2.02,-7.22,5.72,4.64,3.5,-0.3,2.5,6.45,4.16,1.33,-2.67,0.79,-3,,-0.51,3,6,3.91,0.98,4.04,10,3,4,,3.91,7.73,6,0.8,,,6,4,-1,5,1.2,,4,,7.83,,,6,2.5,10.14,13,-0.8,7,-7.3,,4.5,5.4,10,-1,3.5,,14,4.21,2.73,-1,4.25,19,10,3,-9,29
Eastern Mich.,Ball St.,-4,-4.58,0.01,-7,,-1.55,-1.07,-11.9,-10.68,-1,-2.23,-9,-0.87,-10.5,-3.58,-6.16,-14.07,-7.86,-6.55,-1.2,-6,-1.55,-7.91,11.58,-14.73,-3.41,3.75,,-1.34,-6.5,-28,-7,-8.4,-7.08,-15,-7,-9,,-4.3,-14.15,-11.5,-7.5,,,-10,-6,1.6,-4,-8,,-5,,-6.3,,,-9,-6,1.83,6,-7,-15,-2.3,,-10,-13.7,-17,-4,-5,,-1.5,-8.5,-9.88,-6,5.91,28,17,3,-11,45
Florida Atlantic,Buffalo,1.5,-1.99,-2.23,-1,,-7.5,-1.86,-1.97,0.42,1,1.71,3,1.43,-1.5,-2.32,4.68,5.43,-7.86,-0.31,-0.39,2,-3.55,-0.78,6,-1.11,0.01,2.71,,0.16,1.5,5,0,-0.81,3.94,-1,0,1,,-0.16,-0.45,1,2.6,,,-2,2,0.9,1.5,-4,,0.01,,-1.19,,,2,-1,2.78,-21,2.8,-8,7.2,,-3.6,4.5,4,5,1,,3,-5.52,-0.85,-1,4.33,33,15,3,-18,48
Fresno St.,Utah,-13.5,-13.49,-11.6,-18,,-10.85,-13.1,-18.87,-11.75,-14,-8.34,-17,-22.33,-10.5,-13.52,-21.9,-20.51,-9.91,-15.07,-9.5,-15,-19.65,-16.11,-30.21,-16.3,-11.9,-11.48,,-15.72,-17,-19,-15.72,-13.47,-17.53,-17,-16,-17,,-19.87,-18.03,-15,-27.4,,,-19,-19,-12.8,-13.5,-18.8,,-13,,-13.65,,,-15,-15,-5.73,-23,-27.3,-18,-10.3,,-19.5,-8.7,-3,-9,-14,,0.01,-13.82,-17.74,-2,5.57,45,24,3,-21,69
Georgia,South Carolina,17,16,17.53,14,,20.94,13.7,21.63,15.11,21,15.22,14,20.41,14.5,16.01,23.61,15.92,11.9,16.92,18.16,17.5,20.75,19.5,23.33,22.32,11.3,21,,12.62,17,13,17,15.97,18.98,20,15,17,,17.9,16.9,18,17.5,,,12,16,12,17,23.9,,22,,12.23,,,15,17.5,15.27,17,17.9,25,23.6,,19,9,17,10,16.5,,19,21.37,17.16,-2,4.64,20,52,3,32,72
Indiana,Western Kentucky,-2,-2.98,-5.27,1,,-1.47,-2.42,-2.22,-1.02,1,-4.67,-3,-6.68,-2.5,-3.2,-2.1,1.72,-3.59,-2.25,-3.5,0.5,1.25,-2.26,-8,6.06,-4.73,4.47,,-5.92,-1.5,-10,-2.26,-2.11,-3.38,-2,2,0.01,,-4.9,-12.73,,-4.7,,,-2,-5,0.01,-2,-8.7,,-4,,2.44,,,-1,0.5,-4.01,-1,-3.6,-2,7.4,,-0.5,-0.3,1,3,1.5,,-5,-5.39,0.97,-2,3.63,35,38,3,3,73
Iowa,Pittsburgh,4.5,10.65,4.98,7,,6.34,18.11,4.76,6.48,-4,3.27,-0.25,16.4,4.5,11.15,7.56,6.23,3.34,5.83,16.62,4.5,14.25,7.51,13.08,12.79,1.73,2.94,,1.22,5,-1,5.77,8.64,5.77,5,3.5,7,,7.08,1.44,2.5,-0.8,,,4,2,1.3,4.5,7.4,,8,,0.64,,,8,6.5,6.85,15,0.5,1,4.6,,4.7,0.3,10,2,5.5,,7.5,11.61,6.96,1,4.87,24,27,3,3,51
Kansas St.,Louisiana Tech,10.5,15.97,8.12,21,,13.58,15.66,13.12,16.49,16,6.88,10,14.93,18.5,15.65,17.89,20.47,7.13,13.16,12.22,10,13.85,15.25,25.63,19.58,7.83,10.08,,10.34,11,19,13.58,17.1,7.31,15,10,11,,14.84,4.14,-7,10.8,,,11,10,1.4,10.5,9.1,,16,,18.93,,,17,10,12.55,10,13.2,10,14,,13,13.7,17,10,9,,6,16.76,19.02,6,4.58,33,39,3,6,72
Kentucky,Florida,-3.5,-2.46,2.78,-3,,-7.99,1.34,-5.86,-3.48,8,-2.08,5,3.36,-4,-2.61,2.45,-8.08,-4.74,-2.55,3.32,-2,-5.05,-2.21,-7.67,-8.21,2.49,5.7,,0.37,-3,-7,-2.61,-1.83,-2.71,-7,-3,-4,,-2.27,1.42,-9,-2,,,-3,-4,-1.9,-3.5,-1.5,,-5,,-6.66,,,-4,-4,2.23,-2,-2.1,-3,-16,,-1.5,-5.6,-13,-4,-3,,-9.5,2.68,-6.55,-5,4.50,14,9,3,-5,23
LSU,Auburn,7,7.75,7.75,3,,10.48,8.37,0.83,4.47,10,6.49,8,8.33,6,7.92,8.04,1.73,1.11,6.16,7.32,8,7.55,4.01,5.5,2.43,2.69,8.5,,4.02,7,9,6.75,6.97,15.03,8,7,5,,6.75,6.32,-3.5,9.4,,,9,10,6,7,11.8,,1,,0.93,,,8,6,10.97,6,9,8,9.9,,3.3,7.2,4,1,7,,-0.5,2.87,4.98,2,3.34,21,45,3,24,66
Louisville,Clemson,-6,-10.78,-8.9,-7,,-10.39,-12.42,-8.14,-8.83,-3,-3.2,-4,-14.69,-8.5,-10.62,-11.38,-7.45,-5.86,-6.51,-11.92,-6.5,-10.65,-4.08,-14.92,-2.52,-1.33,-10.52,,-2.52,-6,-7,-7,-11.34,-9.07,-4,-4.5,-8,,-10.59,-0.52,1,-4.1,,,-8,-6,-3.2,-6,-17.8,,-5,,1.11,,,-8,-4.5,-1.19,-9,-4.4,-10,-1,,-5.2,-1.8,1,-2,-5.5,,-2.5,-12.94,-4.87,-2,4.25,20,17,3,-3,37
Maryland,South Florida,7,2.21,1.24,14,,3.03,-5.88,9.34,8.21,-20,6.37,8,-2.09,8.5,1.42,5.42,6.31,9.34,6.07,3.94,6,0.55,6.65,8.42,1.09,7.8,2.98,,8.15,6.5,10,6.78,5.13,2.09,6,8.5,7,,5.78,6.78,12,7.5,,,4,2,-1.7,7,2.9,,16,,10.45,,,11,8,2.5,11,9.2,3,8.9,,8,7.4,24,4,7,,13,9.35,9.64,2,6.08,17,35,3,18,52
Massachusetts,Temple,-13,-24.91,-21.28,-16,,-23.17,-33.03,-21.93,-18.91,-24,-11.39,-16,-31.86,-20,-25.29,-21.4,-21.74,-5.72,-18.29,-20.82,-11.5,-28.95,-14.55,-10.25,-23.22,-10.58,-4.35,,-17.25,-16,-18,-18.91,-23.49,-15.77,-22,-11,-21,,-21.42,-8.22,,-20.3,,,-12,-17,-18.8,-14,-24,,-17,,-14.73,,,-14,-11.5,-9.51,-36,-20.2,-23,-15.3,,-19,-13.3,-8,-15,-10.5,,1,-23.86,-19.45,-7,7.09,25,23,3,-2,48
Miami (Fla.),Nebraska,3.5,3.29,3.48,-1,,2.02,2.65,-2.02,2.06,10,-0.52,2,10.25,4,3.17,7.77,-0.01,-0.51,2.09,4.61,4,-0.98,3.46,0.5,-1.07,0.4,6.43,,-3.84,3.5,-4,2,3.73,9.62,3,3,3,,2.03,-5.21,3,2.8,,,2,2,6.7,3.5,-0.6,,8,,2.67,,,2,2,7.22,2,1.8,1,4,,1,-0.01,1,-2,3,,4.5,2.4,-1.02,-3,3.52,33,36,3,3,69
Miami (Ohio),Cincinnati,-20.5,-20.5,-15.54,-17,,-14.92,-18.26,-18.74,-19.34,-14,-11.31,-16,-22.42,-17,-21.04,-15.71,-22.48,-9.27,-17.59,-7.08,-20.5,-23.45,-16.73,-6.92,-20.83,-11.11,-4.99,,-20.5,-21,-21,-18.26,-18.52,-19.32,-22,-18,-26,,-17.46,-18.63,-12,-27.6,,,-22,-20,-20.4,-20.5,-14.4,,-14,,-16.91,,,-25,-20.5,-5.69,-22,-26.1,-25,-18,,-19.5,-12.9,-15,-15,-19.5,,-9.5,-11.4,-22.17,-7,5.34,37,33,3,-4,70
Michigan,UNLV,34,27.59,22.81,28,,25.49,21.06,28.31,26.37,24,17.32,18,31.73,21,27.89,37.11,27.78,17.08,26.32,22.28,33,29.85,30.22,22.5,27.57,18.99,11.36,,26.74,33.5,30,27.19,26.55,33.93,26,34,36,,28.24,27.72,14,37.5,,,24,27,31.8,32.5,29.6,,25,,29.38,,,31,33,20.05,30,38.3,24,23,,28.5,27.5,27,15,34,,17.5,27.19,30.7,10,6.04,7,28,3,21,35
Michigan St.,Air Force,24.5,14.95,11.23,28,,14.24,2.82,28.16,22.95,21,15.1,24,16.71,21.5,13.71,34.5,29.63,12.8,21.02,19.07,25,20.25,26.5,26.83,17.74,12.99,27.14,,9.01,25.5,35,21,19.96,24.6,24,26.5,24,,19.25,20.84,9.5,32.1,,,21,18,19.5,24.5,21.4,,22,,28.05,,,22,25,13.84,3,31.2,25,35.3,,27,18.4,29,13,26,,18.5,27.1,26.96,8,7.69,21,35,3,14,56
Middle Tenn.,Charlotte,18,22.1,6.71,17,,1.21,24.3,19.62,20.55,26,16.87,21,23.99,14,22.73,12.8,20.33,3.67,16.45,14.33,19.5,26.75,18.23,4.88,30.89,12,2.42,,13.69,20,12,17,19.84,17,27,18,23,,13.02,15.16,,26.4,,,14,20,24.1,18,11.5,,4,,22.02,,,16,21.5,10.83,8,26.8,18,21,,16.5,17.7,4,3,20.5,,5.5,15.32,26.03,3,7.49,14,73,3,59,87
Minnesota,Kent,24,28.06,24.73,30,,15.06,22.04,31.1,25.3,43,26.6,18,36.95,17,28.58,27.14,37.71,15.57,27.08,26.99,25,42.15,27.84,25.54,41.42,21.18,11.82,,27.2,27,16,27.2,26.14,23.83,30,22.5,28,,28.83,21.01,25,32.5,,,23,24,27.8,24.5,25.7,,34,,29.18,,,26,25,17.74,40,32.8,38,29.5,,27,17.2,28,19,24,,20.5,33.27,32.52,2,7.93,7,10,3,3,17
Missouri,Connecticut,21,23.27,27.19,31,,18.44,15.51,32.62,25.88,30,32.81,22,27.2,24,23.19,30.2,29.35,19.64,26.65,30.57,22.5,28.05,26.01,42.38,18.98,18.88,16.93,,24.88,26.5,34,27.2,23.74,27.3,33,22,30,,29.9,32.79,21.5,37,,,20,29,27.1,22,32.9,,27,,27.2,,,25,22.5,22.63,28,37.7,34,16.8,,28.5,21.4,32,14,21.5,,20,38.49,31.48,9,6.33,6,9,3,3,15
Navy,East Carolina,7,3.81,8.64,2,,3.82,2.69,-1.73,2.36,5,3.72,7,9.98,7,4,5.74,-0.51,3.46,3.99,7.52,5.5,4.45,7.55,4.17,-1.93,4.48,3.15,,6.4,5.5,3,3.84,3.12,3.25,2,4,6,,6.47,-1.88,-1,9.3,,,4,5,7.9,6.5,0.4,,-5,,-4.28,,,7,5.5,3.33,5,9.9,11,6.3,,3.9,0.01,3,2,4.5,,3.5,3.84,2.1,2,3.38,21,45,3,24,66
New Mexico St.,UTEP,-2.5,-5.81,-5.04,-8,,4.53,0.01,-13.88,-9.39,-7,-10.41,-3,1.2,-9.5,-5.11,-15.66,-8.61,-21.3,-6.09,-12.94,-3.5,-9.25,-6.05,9.58,-10.81,-3.58,3.37,,-3.91,-4.5,3,-6.65,-8.46,2.4,-10,-5,-9,,-1.73,1.34,-13,-7.1,,,-5,-4,-9.2,-3,-10.7,,-5,,-6.65,,,-5,-3.5,-0.69,-7,-6.8,-11,3,,-8.5,-0.6,-8,-2,-2.5,,-0.5,-22.96,-6.93,-4,5.59,50,47,3,-3,97
North Carolina,Illinois,7,-3.43,-3.29,3,,-1.52,-10.53,0.52,4.27,-5,4.61,7,-4.54,6,-4.65,1.84,3.55,-0.71,2.4,-1.66,8.5,-7.35,3.7,-2.33,13.14,4.85,5.22,,5.2,6,12,3.7,0.18,5.75,4,6.5,4,,-1.5,3.98,15,4.5,,,4,4,6.9,6,-7.2,,10,,12.3,,,-1,8.5,-1.71,-7,4.7,-1,5.1,,6.4,11.3,3,-1,9.5,,8,2.83,1.52,3,5.16,14,48,3,34,62
North Texas,Rice,-7,-9,-11.6,-11,,-13.04,-10.01,-13.4,-5.26,-10,-6.99,-6,-18.11,-7,-9.09,-7.57,-6.24,-14.27,-9.15,-15.15,-7.5,-13.65,-11.47,-0.17,-15.85,-7.95,2.93,,-11.48,-7.5,1,-9.22,-8.68,-7.67,-8,-6,-11,,-9.35,-5.26,-7.5,-4.8,,,,-11,-2.6,-7,-13.8,,-10,,-10.33,,,-6,-7.5,-4.01,-19,-5.1,-16,-9.6,,-13.5,-2.1,-1,-3,-8.5,,-6,-19,-8.39,-2,4.82,38,24,3,-14,62
Notre Dame,Georgia Tech,-2,2.72,1.91,-3,,-0.59,3.85,-8.99,5.19,5,-10.01,6,-9.67,7.5,2.07,1.09,2.77,-5.94,-0.04,-0.97,-1.5,-11.85,-1.26,-1.75,-7.14,4.68,2.5,,2.26,0.5,3,2,4.82,6.27,-8,1.5,3,,2.2,-4.44,-2,3.2,,,-4,4,7.1,-1.5,-4.4,,1,,0.94,,,2,-1.5,4.14,-11,2.5,-12,3.4,,-0.2,4.7,1,2,-2.5,,7.5,-8.54,-4.53,4,5.40,22,30,3,8,52
Ohio St.,Northern Ill.,33.5,31.29,23.08,32,,17.79,31.4,42.84,27.64,35,26.6,29,47,23.5,31.87,37.49,33.7,16.41,31.07,31.06,35.5,43.25,34.05,34.29,29.51,16.3,23.8,,18.87,37,31,31.29,29,34.42,36,33,34,,25.33,25.21,24.5,49.7,,,35,33,35.6,33.5,42.8,,43,,28.2,,,38,35.5,24.67,29,48.6,43,31.3,,28.5,25.4,31,22,34.5,,19.5,38.34,34.34,3,9.09,13,20,3,7,33
Oklahoma,Tulsa,32,30.15,18.38,30,,24.54,24.37,26.13,31.79,,16.19,23,34.38,26.5,30.07,30.9,31.61,16.05,26.88,21.92,32,26.25,34.38,43.29,24.97,21.23,20.67,,24.3,31,26,27.25,30.44,29.62,29,30.5,28,,28.41,15.93,30,34.2,,,34,31,24.7,31.5,17.7,,42,,33.79,,,29,32,18.58,32,34.7,22,20.3,,28.5,22.6,42,19,31,,20,28.81,32.38,8,6.65,38,52,3,14,90
Oklahoma St.,Texas-San Antonio,26.5,23.53,16.54,24,,21.94,9.26,27.56,30.81,11,19.03,22,23.03,23,22.27,34.44,15.92,14.62,23.1,16.64,25.5,20.65,26.61,30.71,17.39,19.99,16.31,,24.48,27.5,35,23.28,28.66,29.06,23,25.5,32,,27.55,28.95,,34.6,,,,25,31.9,26,30.3,,9,,22.12,,,26,25.5,14.58,20,35.6,30,24.4,,26,23.7,21,11,24.5,,13.5,29.53,19.02,8,6.98,14,69,3,55,83
Old Dominion,NC St.,-17,-21.95,-7.01,-15,,-7.93,-22.76,-19.35,-17.95,3,-11.03,-9,-30.28,-5,-22.88,-14.6,-17.5,-7.59,-15.21,-12.98,-19.5,-27.45,-15.59,-22.63,-13.04,-12.53,-2.21,,-19.13,-20,-14,-16,-18.48,-17.94,-15,-16,-23,,-14.64,-9.83,,-25.8,,,-16,-18,-20.1,-17,-25.4,,-21,,-16.56,,,-23,-19.5,-3.53,-22,-25.9,-21,-10.7,,-19,-6.8,-1,-6,-18.5,,2,-18.4,-18.6,-2,7.68,38,14,3,-24,52
Oregon,Georgia St.,43,44.4,31.6,47,,28.56,35.79,60.72,49.12,41,44.73,31,48.45,41.5,43.93,47.67,54.38,32.41,43.95,46.01,44.5,61.35,48.96,37.88,63.36,27.48,21.63,,34.57,47,50,45,46.38,41.19,62,46.5,50,,40.24,35.23,,54.5,,,49,45,47,43,51,,53,,51.7,,,40,44.5,20.28,42,54.2,56,43.2,,41,46.2,39,30,43.5,,30.5,59.37,56.76,20,10.83,28,61,3,33,89
Oregon St.,San Jose St.,7,3.93,5.07,14,,2.96,-3.53,16.3,9.42,8,15.5,2,-0.87,9.5,3.09,11.14,17.25,6.61,7.02,16.2,6.5,5.75,5.81,11.17,3.54,8.37,5.87,,8.84,4.5,6,6.61,7.18,0.16,13,9,7,,6.85,-1.14,12,3.4,,,6,8,-2,7,6,,-5,,11.73,,,2,6.5,5.66,3,4.2,8,3.5,,10.4,7.6,21,6,7.5,,6,8.17,13.22,3,5.30,21,35,3,14,56
Penn St.,Rutgers,8.5,7.42,7.76,4,,2.7,5.57,1.04,11.64,8,2.4,11,10.87,5,6.5,15.3,3.54,1.09,7.65,4.29,9.5,3.05,8.86,4,4.68,8.58,7.58,,12.13,10.5,18,7.76,10.96,10.41,3,8.5,6,,8.78,6.6,9.5,11.1,,,7,8,14.6,8.5,4.7,,9,,5.8,,,10,9.5,7.02,5,9.2,9,15,,9.8,10.6,10,5,10.5,,8,0.01,5.01,2,3.88,3,28,3,25,31
Purdue,Virginia Tech,-4.5,-11.06,-5.56,-7,,-7.84,-9.05,-11.6,-11.57,1,-5.61,-7,-7.88,-11,-10.98,-15.62,-13.83,-4.74,-8.07,-5.61,-7,-7.15,-6.38,-16.17,-4.46,-8.81,-2.07,,-12.2,-8,-21,-8.81,-11.42,-7.36,-10,-5.5,-9,,-11.74,-11.7,-5,-13.2,,,-8,-12,-7.6,-5,-9.7,,-9,,-3.92,,,-6,-7,1.63,-2,-11.4,-9,0.7,,-9,-10,-3,-4,-6,,4,-9.66,-10.32,-6,4.44,51,24,3,-27,75
San Diego St.,South Alabama,17.5,17.32,10.65,7,,14.29,14.76,18.15,15.4,11,9.25,11,21.93,10.5,17.78,18.5,7.34,5.96,14.38,10.84,18.5,17.05,14.79,7.42,13.52,9.41,3.2,,13.55,18.5,17,14.29,15.66,20.67,15,15,19,,13.69,19.58,,24.3,,,20,16,21.9,17,19.9,,12,,12.25,,,14,16.5,9.05,17,24.5,26,15.7,,12.1,14.2,18,6,17.5,,6.5,16.34,12.67,6,5.22,34,27,3,-7,61
Syracuse,Central Mich.,8,16.32,10.56,7,,8.61,11.34,5.07,15.98,2,-2.42,10,14.08,8.5,16.14,16.85,7.53,-3.59,8.63,6.15,8,12.05,9.7,12.67,0.94,6.99,3.61,,5.17,10,2,8.85,16.97,12.44,12,5,13,,11.68,-3.19,4,14.3,,,6,9,15,8,3.3,,10,,10.37,,,7,8,8.85,11,16.8,10,9,,7.4,6.2,15,4,7,,2,8.7,11.03,3,5.13,27,30,3,3,57
TCU,SMU,37,36.48,37.07,39,,38.9,26.99,47.45,38.23,42,34.55,32,47.09,28,36.28,42.9,47.93,24.02,38.87,37.23,38.5,51.85,41.26,47.5,47.04,25.67,25.33,,31.58,40,44,39,37.29,40.52,52,38,42,,39.37,37.75,45.5,47.6,,,39,40,29.1,37,47.3,,50,,44.76,,,40,38.5,24.51,47,46,60,28.7,,38.5,33.3,46,22,37.5,,31.5,48.94,47.75,8,9.44,37,56,3,19,93
Texas,California,-5,-5.28,-0.96,6,,-2.99,-8.37,0.55,2.24,-1,8.12,-0.25,-8.15,6,-6.43,2.05,-1,4.82,0.11,1.62,-6,-3.95,-0.59,0.75,1.11,3.99,4.74,,5.23,-4.5,2,-0.13,-0.57,-1.97,0.01,-3,0.01,,-0.27,-5.24,12,-10,,,1,-5,-4.7,-4.5,-3.7,,0.01,,2.6,,,-1,-6,-0.47,-15,-8.6,-4,-4.1,,0.5,3.3,21,-3,-7,,8.5,12.16,-0.13,5,5.82,45,44,3,-1,89
Texas A&M,Nevada,32.5,28.98,19.82,25,,20.62,30.44,27.87,25.16,35,20.83,24,38.68,25,29.4,31.94,23.99,8.67,26.14,21.16,33,30.45,29.47,39.54,23.52,19.77,19.97,,25.12,32.5,28,26,27.37,40,26,29,31,,29.94,26.49,7.5,33.9,,,31,27,27.7,31.5,31.5,,31,,20.89,,,33,33,20.27,35,33.6,25,24.6,,26,20,18,15,34,,11,28.67,28.72,5,6.79,27,44,3,17,71
Texas St.,Southern Miss.,2.5,0.88,8.27,7,,8.2,4.48,9.24,3.25,1,5.11,4,2.08,9.5,0.38,8.3,0.79,10.09,6.28,6.76,4,6.75,3.37,0.29,5.13,9.53,2.19,,8.72,3.5,8,6.07,2.74,4.53,10,1.5,8,,8.32,3.73,,2.6,,,5,1,6.2,3,12.8,,-4,,5.69,,,5,4,6.07,5,1.1,15,0.6,,6.8,5,17,5,3,,17.5,17.28,6.5,1,4.42,56,50,3,-6,106
Toledo,Iowa St.,7,7.5,20.93,5,,16.51,4.02,14.05,6.88,33,10.16,10,21.35,16.5,6.59,20.56,10.29,9.93,12.01,8.42,9,9.55,7.95,23.75,1.43,16.9,12.03,,18.84,8.5,17,10.29,11.18,8.65,17,6.5,8,,18.42,22.98,13,10.4,,,7,15,9.3,7,16.5,,3,,8.28,,,4,9,16.5,11,7.6,15,11.5,,7.8,2.4,8,8,8,,20,18.95,4,3,6.41,23,30,3,7,53
UCLA,BYU,17,8.52,8.42,10,,7.29,5.86,12.42,8.35,6,12.74,15,7.82,8.5,8.88,4.1,8.19,9.27,9.38,6.42,16,9.95,10.12,10.04,2.95,1.95,5,,5.08,14,14,9.27,7.1,14.35,10,15.5,5,,8.08,11.72,10.5,16.2,,,7,9,14.9,15.5,9.8,,8,,16.7,,,12,16,10.68,10,19.7,12,5.7,,15.3,12.5,10,6,17,,10,10.98,10.64,1,3.92,23,24,3,1,47
USC,Stanford,9.5,12.21,9.49,3,,11.72,18.89,6.58,8,22,3.62,10,27.78,6.5,12.68,23.15,9.02,3.97,9.64,9.44,11,10.15,10.7,12.75,13.54,8.7,12.5,,9.74,10.5,5,9.44,10.59,13.02,7,9.5,11,,10.83,17.61,6.5,6.9,,,10,10,7.8,9.5,3.6,,12,,3.46,,,6,11,8.14,18,10.3,9,13,,6.5,1.3,1,7,10,,5,2.9,8.89,-2,5.55,41,31,3,-10,72
Washington,Utah St.,7,16.53,7.34,11,,11.32,16.55,12.77,10.11,10,8.07,5,17.86,5.5,17.79,5.16,10.85,0.84,9.67,17.2,7,20.55,9.18,16.54,18.84,1.01,-3.64,,1.69,8.5,-2,10.11,11.81,11.5,16,5.5,12,,9.09,3.94,0,10.1,,,10,12,9.7,7.5,13.4,,11,,10.33,,,10,7,9.93,21,10.4,14,7.2,,9.9,0.8,14,3,6,,2.5,11.04,14.73,1,5.82,17,31,3,14,48
Washington St.,Wyoming,26.5,24.96,17.19,20,,12.38,27.35,23.26,22.36,28,13.87,20,46.1,18.5,25.02,32.39,17.91,10.6,20.35,13.73,25,29.65,20.95,4.04,27,11.36,3.41,,15.3,24,18,20.79,24.74,22.72,23,24,29,,17.56,16.1,6.5,24.6,,,21,21,15.6,25.5,24,,24,,19.44,,,21,25,13.19,22,24.2,25,17.7,,25.5,18,14,13,24,,13.5,21.85,20.79,1,7.16,14,31,3,17,45
Wisconsin,Troy St.,29.5,33.86,28.42,32,,26.01,23.73,37.81,34.73,32,22.02,24,36.42,27,34.05,41.81,43.52,18.19,32.72,23.51,35.5,36.75,34.63,40.71,46.83,23.5,14.95,,28.83,37.5,41,32.32,33.26,32.32,41,35,36,,34.6,31.64,30.5,43.1,,,39,31,45.3,29.5,27.3,,45,,40.9,,,35,35.5,20.17,33,43.8,33,24.9,,30,30.6,53,22,34.5,,25,32.32,41.13,9,8.60,3,28,3,25,31
Alabama,Louisiana-Monroe,38,37.76,25.04,35,,24.72,37.51,39.9,40.39,32,27.82,25,46.05,28.5,37.6,35.8,42.94,23.62,34.78,29.02,39,45.05,31.97,50.75,48.01,23.22,23.13,,27.74,39,48,35.9,39.31,34.58,36,38,40,,34.77,30.63,33,46.6,,,41,36,48,38,30.2,34.67,37,,36.45,,,37,39,18.83,37,46.3,37,36.8,,31,30.9,39,26,38,45.3,27.5,36.39,42.59,17,7.76,0,34,4,34,34
Arizona,UCLA,-3,-1.57,0.72,-3,,2.82,-5.28,-4.31,-1.45,-3,-2.78,-9,-1.45,-1,-1.57,-6.48,-3.96,-2.54,-2.53,-0.14,-2,3.35,1.16,-2.45,1.56,-4.19,2.5,,-0.01,-2.5,-9,-1.83,-1.75,-2.6,4,-3,1,,-1.54,-3.6,7,-4.5,,,1,0.01,-5.3,-3,-6.9,-0.99,-13,,-0.01,,,-5,-4,-1.91,-1,-4.7,2,-7.4,,-2.4,-4.6,3,-3,-3,-22.3,-0.5,-1.14,-0.31,1,4.28,56,30,4,-26,86
Arizona St.,USC,-5.5,-12.32,-6.62,-2,,-9.57,-16.17,-2.82,-4.01,-18,-3.29,-3,-11.61,0.5,-13.02,-2.1,-3.19,0.01,-5.04,-3.94,-4.5,-9.35,-7.08,-4.7,-2.95,4.02,-3,,-0.23,-5.5,5,-3.97,-6.35,-12.28,-4,-5.5,0.01,,-3.84,-1.78,0,-5.7,,,-1,-5,-5.8,-5.5,-5.3,-11.92,-17,,-3.72,,,-8,-6.5,-7.38,-4,-3.8,-4,-19.5,,-5.2,2.8,3,-3,-5.5,-4.1,0.5,-2.6,-9.28,1,5.51,42,14,4,-28,56
Arkansas,Texas A&M,-7,-7.92,-6.81,-6,,-13.38,-10.53,-2.34,-8.7,-19,-1.06,-9,-12.93,-16.5,-7.69,-17.56,-3.65,-2.62,-6.78,-15.45,-6.5,-1.1,-5.44,-14.45,-9.98,-8.06,-12.85,,-10.64,-6.5,-6,-6.73,-10.07,-8.33,-3,-5.5,-7,,-11.28,-6.64,4,-3.1,,,-3,-6,-7.5,-7,-3.6,-1.14,-4,,-0.86,,,-9,-6.5,-7.76,-10,-3,-1,3,,-4.2,-1.7,11,-4,-7.5,-18.6,-5,-6.48,-9.94,-2,5.38,28,21,4,-7,49
Auburn,Mississippi St.,2.5,0.23,1.76,2,,-12.24,-4.79,3.82,6.11,1,-0.72,1,-4.87,2.5,-0.17,-4.56,7.91,-1.28,0.49,-3,3,-7.55,5.12,0.4,-2.51,6.72,5,,1.43,3.5,2,1,4.31,-0.15,-1,3.5,3,,0.14,0.01,5,5.5,,,-4,-3,9,2.5,-3.4,-7.45,-11,,7.39,,,1,1,2.94,-3,6.5,2,4.1,,4.7,4.1,4,-2,2,-5.1,-1.5,5.46,-0.81,1,4.59,17,9,4,-8,26
Baylor,Rice,34.5,26.16,19.23,24,,14.77,24.92,30.07,28.24,30,18.9,21,31.25,19.5,25.99,33.01,33.74,13.97,26.86,24.27,33.5,27.85,34.3,36.5,26.01,14.86,26.76,,18.55,32,43,27.34,27.8,31.41,25,32.5,29,,27.72,26.2,20,37.6,,,33,22,29.2,33.5,30.5,34.49,27,,27.68,,,27,33.5,5.09,29,37.9,26,34.6,,29.5,31,38,19,34.5,50.1,20.5,27.78,29.89,9,7.96,17,70,4,53,87
Boston College,Northern Ill.,5,6,5.18,6,,5.2,0.9,4.61,5.74,-12,2.35,2,4.38,-0.5,6.08,7.17,8.61,-1.84,3.58,4.25,6,10.95,9.13,5.4,8.41,0.24,3.3,,-0.62,7,-5,5.09,5.28,8.34,9,4,6,,1.93,-6.51,8,7.9,,,7,4,12.3,5,-2.6,0.58,-3,,9.73,,,10,6,-1.16,10,10,5,4.8,,6.3,5.4,14,3,5,-24.9,1.5,6.36,7.96,-1,6.25,14,17,4,3,31
Buffalo,Nevada,0,5.78,8.74,3,,18.64,10.24,0.55,-0.11,16,1.1,5,4.57,2,6.14,0.01,2.91,4.06,4,2.51,2,5.25,5.6,1.5,-1,0.49,3.9,,0.9,1,-3,3,2.61,5.27,3,2,0.01,,5.65,3.6,-4.5,-0.5,,,3,2,0.01,0.5,2.9,6.25,9,,-2.8,,,4,-1,10.46,15,-3.6,6,5.7,,3.5,-7.3,-3,1,1,27.3,6,4.57,2.11,1,5.61,24,21,4,-3,45
Charlotte,Florida Atlantic,-12,-9.93,8.68,-6,,5.36,-8.9,-7.93,-6.87,-1,-4.67,-2,-9.42,5.5,-10.37,-2.17,-12.27,11.44,-4.36,1.8,-10.5,-15.55,-3.83,6.1,-10.18,2.2,3.27,,1.81,-9,1,-4.79,-6.03,-4.79,-13,-9,-8,,3.33,0.78,,-11.6,,,-4,-5,-12.7,-11,2.5,-11.86,-11,,-9.55,,,-4,-10.5,0.9,-6,-10.5,-3,-13.5,,-1.5,-7.4,-1,-8,-11.5,,-6,-0.85,-15.11,4,6.31,17,7,4,-10,24
Connecticut,Navy,-7,-7.67,-9.3,-11,,-3.44,-6.64,-11.49,-6.76,-13,-12.93,-5,-11.71,-8.5,-7.71,-6.39,-13.72,-10.13,-9.36,-13.73,-8,-13.25,-9.02,-19.4,-9.51,-5.3,3.25,,-9.81,-9,-10,-10.07,-7.33,-6.3,-14,-9,-14,,-12.81,-13.3,-13.5,-14.3,,,-11,-12,-11,-7.5,-12.4,-1.78,13,,-11.1,,,-7,-8,-7.71,-12,-14,-16,-1.8,,-12,-3.6,-10,-6,-7,-21.8,-4,-17.52,-13.07,-6,5.27,28,18,4,-10,46
Duke,Georgia Tech,-7.5,-6.69,-2.73,-7,,2.83,-4.79,-13.23,-5.03,-4,-13.07,-4,-14.1,-2,-6.88,-11.87,-8.91,-9.03,-7.86,-6.12,-9,-9.75,-11.43,-11.2,-11.29,-5.89,5.1,,-5.88,-9,-11,-7.5,-5.49,-10.59,-11,-9,-7,,-6.64,-13.34,-6.5,-17.1,,,-11,-9,-9.5,-7.5,-13.3,-4.53,-1,,-8.4,,,-8,-9,-0.29,-10,-18.1,-13,-9,,-9,-5,-7,-6,-8,-16,-4,-11.34,-8.95,-1,4.58,20,34,4,14,54
East Carolina,Virginia Tech,-10,-15.16,-7.14,-8,,-17.69,-16.7,-11.14,-11.46,3,-6.85,-15,-21.29,-6,-15.45,-15.91,-5.38,-3.47,-9.87,-10.54,-9.5,-17.35,-10.97,-18.95,-12.78,-5.83,-2.37,,-11.34,-11.5,-12,-11.24,-12.71,-17.58,-4,-8,-16,,-12.39,-9.18,0,-22.7,,,-9,-13,-14.3,-10,-17.8,-13.27,-22,,-2.45,,,-15,-9.5,-3.05,-14,-22.4,-15,-5.5,,-8.5,-7.4,10,-2,-8.5,16,7,-10.36,-11.96,-3,7.60,28,35,4,7,63
Eastern Mich.,Army,1.5,-4.15,7.46,-3,,2.22,-2.2,-0.99,-4.43,10,1.22,9,-3.38,6,-4.22,1.85,-5.54,-3.53,0.04,4.31,1.5,-3.95,-0.13,4.35,-2.45,7.52,3.35,,5.76,1,-9,-0.85,-3.5,4.06,-5,-1,-1,,3.16,2.16,-6.5,-0.7,,,-1,2,-0.2,1.5,3,-0.64,-12,,-2.85,,,-3,1.5,12.61,4,0.6,-6,2.1,,-4,-2.1,-3,-1,2.5,-7.8,3.5,-6.05,-5.13,-2,4.97,58,36,4,-22,94
Florida,Tennessee,-1.5,-1.47,0.77,1,,5.69,-7.93,0.69,2.62,2,1.6,3,-2.74,10,-1.83,4.45,4.86,3.1,1.27,1.7,-1,1.95,-1.18,6.5,3.87,3.6,0.65,,0.57,-1,-5,1,1.99,-1.92,5,2,-1,,4.21,-5.92,6.5,-6.2,,,8,2,-5,-1,-1.2,-3.69,-4,,6.68,,,-1,-2,7.84,-1,-5.8,-1,2.2,,-0.2,0.2,7,3,-1,-0.5,9,4.51,0.52,5,3.97,27,28,4,1,55
Houston,Texas St.,16.5,18.66,13.94,14,,26.37,12.64,22.9,20.75,33,13.36,14,21.53,18.5,18.33,24.19,17.67,6.8,17.69,20.64,17.5,19.25,18.67,24.25,12.42,15.49,4.97,,20.82,17.5,20,17.84,21.71,11.68,20,16,21,,22.07,8.24,,19.4,,,14,16,20.7,16.5,17.1,12.29,27,,17.3,,,18,17.5,14.61,19,16.4,18,15.4,,19.5,13.2,14,13,16.5,36.1,11.5,27.09,16.69,-3,6.25,14,59,4,45,73
Idaho,Georgia Southern,-16,-16.58,-12.47,-18,,-21.04,-12.91,-18.01,-16.85,-21,-5.55,-13,-19.92,-11.5,-16.55,-20.68,-14.31,-14.51,-15.7,-16.69,-17,-21.35,-18.47,-1.8,-23.44,-7.72,1.88,,-13.65,-17,-18,-16.64,-16.81,-14.65,-18,-16,-23,,-15.32,-17.97,,-19.9,,,-16,-22,-14.5,-16,-19.4,-20.77,-17,,-17.36,,,-12,-17,-7.16,-19,-20.9,-16,-13.7,,-20.5,-15.3,-14,-9,-16,-11.9,-6.5,-17.9,-20.11,-12,4.91,44,20,4,-24,64
Illinois,Middle Tenn.,6,7.22,-2.25,10,,8.5,13.34,8.66,7.26,-2,4.85,3,-1.04,2.5,7.31,2.41,7.55,15.2,5.24,2.16,7,1.95,7.25,5.3,1.46,5.32,4.3,,7.49,7,2,5.32,6.7,3.72,3,6.5,8,,2.88,-0.45,6.5,11.2,,,3,1,9.8,6,6.6,-0.91,14,,6.41,,,10,7,-1.76,12,11.9,5,2.2,,6,7.8,11,4,6,-11.7,2.5,9.9,5.13,-1,4.86,25,27,4,2,52
Iowa,North Texas,25,28.55,22.28,29,,44.23,36.43,30.94,28.34,31,17.01,19,33.46,20.5,28.3,32.42,28.37,17.42,26.25,35.48,25.5,33.35,27.28,25.9,32.67,19.89,10.14,,23.59,25.5,24,26.07,30.91,25.88,20,24.5,30,,31.62,16.57,22.5,25.1,,,21,25,21.3,25,31.3,31.34,33,,25.22,,,25,25.5,17.87,40,24.9,29,22.7,,28,21.3,21,14,24.5,35.1,19,33.3,26.26,10,6.98,16,62,4,46,78
Kent,Marshall,-7,-11.18,-9.05,-14,,-3.14,-6.07,-13.6,-13.02,1,-14.84,-9,-11.36,-12,-11.07,-7.18,-20.4,-12.88,-10.43,-2.01,-8,-14.35,-8.42,-11.2,-6.6,-8.79,-2.71,,-13.6,-9.5,-11,-11.27,-12.25,-9.6,-17,-8.5,-12,,-14.67,-12.21,-22.5,-10,,,-12,-14,-7.1,-7.5,-9.3,-3.36,15,,-10.59,,,-14,-8,3.36,-19,-10.1,-12,-13.8,,-14.5,-10.6,-25,-10,-7,6.2,-19,-20.08,-18.68,-7,6.63,36,29,4,-7,65
Kentucky,Missouri,2.5,-2.07,-3.46,-5,,-1.01,4.19,-2.9,-6.38,2,-7.15,-3,0.3,-10.5,-1.8,-2.2,-4.04,-10.17,-2.39,6.56,1.5,4.35,0.53,-9.6,-1.34,0.38,-0.8,,-0.14,-1,-18,-2.2,-4.8,2.4,-3,1.5,1,,-3.86,-5.45,-9,-1.9,,,-3,-3,-2.6,1.5,0.2,-3.75,6,,0.96,,,-6,1.5,1.23,3,-2.1,-1,-0.01,,-4.4,-7.5,-11,-3,2.5,9.8,-10.5,-10.04,-2.2,-12,4.93,13,21,4,8,34
Louisiana Tech,Florida Intl.,14.5,18.33,9.86,18,,4.71,15.34,20.03,15.63,14,17.2,7,18.09,11,18.67,8.89,21.85,12.15,15.04,17.82,15,18.55,17.22,19.6,11.12,8.35,3.21,,9.97,14,14,15.6,15.57,16.84,21,14,11,,13.73,18.61,15,13.9,,,17,15,9.1,14.5,23,16.11,24,,18.71,,,15,15,10.96,16,15,20,6.6,,20.5,12.2,28,11,14,22,19,16.09,17.91,3,5.28,17,27,4,10,44
Louisiana-Lafayette,Akron,8,12.93,8.82,11,,8.87,10.87,11.07,10.38,17,16.4,7,18.8,14.5,13.13,9.26,11.22,15.42,11.38,18.84,9.5,18.85,14.42,10.2,13.47,5.45,4.71,,8.92,9.5,10,11,11.11,16.36,8,8,15,,13.02,10.85,5,4.3,,,11,9,1.9,8.5,19.4,8.37,1,,11.39,,,12,7.5,16.37,18,5.3,12,5.7,,10.4,8.6,10,8,8.5,16.2,17.5,21.63,14.9,10,4.58,35,14,4,-21,49
Memphis,Cincinnati,7.5,13.48,12.8,8,,19.92,19.37,10.05,6.07,29,10.43,7,19.34,4.5,13.89,14.86,10.58,8.01,11.09,16.15,9,21.85,14.73,19.25,17.4,3.93,4.9,,4.47,9,2,10,9.86,8.55,12,6.5,10,,13.69,6.73,7,6.9,,,16,7,5.2,7.5,15,15.02,18,,4.55,,,10,9,12.42,26,6.4,13,2.5,,7.9,-2,7,6,10,27.9,9.5,19.98,13.69,-8,7.03,46,53,4,7,99
Michigan,BYU,7,0.01,-0.2,-1,,2.81,-3.67,0.48,1.06,-7,0.5,-2,-8.93,-1.5,0.15,-3.48,-0.84,-1.69,-0.28,-3.69,4.5,-1.35,-0.01,-3,-1.25,-3.05,-1.5,,0.56,3.5,-2,-0.92,-0.47,4.21,-1,5,-1,,-1.43,-2.6,-4,4.8,,,-1,-1,4.9,5.5,-4.6,5.72,-3,,3.26,,,5,4.5,1.86,-1,6.9,-3,2.9,,4.1,5.5,1,2,5.5,-8.5,4,-4.74,0.79,11,3.69,0,31,4,31,31
Michigan St.,Central Mich.,26.5,23.81,24.37,28,,19.03,17.88,31.4,31.68,17,18.98,26,31.03,26.5,23.2,44,28.19,17,26.78,23.32,27.5,35.85,28.53,45.6,34.79,28.1,27.58,,28.28,28.5,36,28,29.62,27.54,31,27.5,31,,31.23,32.14,23.5,38.2,,,25,27,28.4,26.5,,16.21,13,,28.88,,,22,27.5,19.23,24,40.2,31,12.3,,28.5,23.2,49,14,26.5,11.4,21,38.84,29.93,9,8.03,10,30,4,20,40
Minnesota,Ohio,10,6.59,6.06,12,,-7.13,-1.75,16.32,11.56,1,13.06,4,4.34,4.5,6.38,10.3,18.4,1.25,9.85,3.75,11.5,9.75,8.43,10.65,8.09,8.52,6.5,,11.92,11.5,15,9.38,8.66,6.86,20,11,10,,7.54,5.69,12.5,18.9,,,13,9,14.1,10,10.1,8.35,7,,16.41,,,13,11.5,6.16,6,20.8,18,2.4,,10.5,14.7,31,6,10.5,6.6,13,12.52,13.97,-1,6.27,24,27,4,3,51
Mississippi,Vanderbilt,24,31.55,27.11,28,,28.96,31.39,25.51,28.18,35,19.15,22,46.6,23,31.67,38.36,31.07,11.78,29.14,31.41,26,44.15,30.15,44.2,39.92,22.97,28.66,,24.89,28,31,28.97,30.64,31.7,33,27,30,,31.08,24.74,38,34.7,,,34,25,34.6,24.5,23.3,25.75,24,,28.98,,,22,26,25.08,36,35,39,17.3,,26.5,14.8,35,15,25,49.1,22,36.21,36.67,1,8.33,16,27,4,11,43
Nebraska,Southern Miss.,21.5,22.61,9.47,25,,11.02,16.61,29.67,22.89,23,15.39,14,23.03,19.5,22.77,17.32,29.37,14.17,21.79,15.45,22.5,27.25,21.93,32.05,24.93,13.78,7.01,,19.54,23,35,21.97,21.33,19.59,28,24,21,,21.04,17.42,29,28,,,17,22,24.3,21.5,22.1,20.21,27,,24.85,,,26,22.5,13.52,18,27.4,30,12,,27,23.9,49,19,21.5,33.5,21.5,29.04,28.57,12,7.15,28,36,4,8,64
Northwestern,Ball St.,20,30.66,22.71,24,,35.29,32.49,19.26,23.96,29,23.16,16,38.72,13.5,31.04,28.58,20.89,9.19,22.44,25.57,21.5,34.95,23.15,40.75,14.54,15.78,18.19,,23.54,21.5,13,22.93,27.24,18.3,18,18.5,26,,26.06,8.49,8,23.5,,,21,20,22.5,20,21.3,22.6,47,,19.66,,,22,21.5,21.61,28,24.4,25,7.3,,26,8.4,7,11,20.5,43.5,8,29.33,28.53,1,8.99,19,24,4,5,43
Notre Dame,Massachusetts,28.5,38.89,29.99,31,,45.9,43.46,35.81,39.2,39,29.04,28,46.48,35,38.69,46.9,37.79,16.82,33.46,33,30,43.25,33.39,39.8,41.5,25.68,21.12,,29.04,32.5,41,33,40.63,36.12,38,29,37,,38.82,23.73,,37.8,,,24,30,31.3,29,35.9,29.72,23,,30.49,,,34,30,24.51,46,38.9,33,32.1,,29.5,32,28,21,29,32.8,24,44.52,37.27,15,7.57,27,62,4,35,89
Ohio St.,Western Mich.,31.5,32.13,28.95,31,,31.06,33.28,41,34.04,33,27.69,29,38.11,33,31.89,39.87,32.51,16.31,31.44,30.93,32.5,38.35,30.81,48.75,25.83,20.98,28.85,,25.13,32.5,37,32.02,34.48,28.45,37,28.5,36,,33.85,24.52,24.5,41.8,,,33,33,31.9,31.5,36.8,33.73,30,,28.43,,,33,32.5,23.81,35,41.8,38,20.6,,28.5,25.4,43,20,31.5,34.5,22.5,40.01,36.76,10,6.71,12,38,4,26,50
Old Dominion,Appalachian St.,-8,-7.03,-1.78,-4,,-7.11,-3.12,-7.27,-3.91,2,-4.7,-4,-9.63,8,-7.35,-4.61,-8.41,-7.06,-6.08,-6.38,-7,-13.05,-10.32,3.2,-4.08,-2.36,3.73,,-2.4,-8,-11,-5.59,-4.2,-11.18,-8,-7,-12,,-2.33,-10.11,,-11.8,,,-11,-11,-4.5,-8,-15.2,-21.32,-16,,-6.38,,,-17,-7,-4.37,-3,-8.8,-15,-11,,-5.9,2.9,1,2,-8,8.9,-3.5,-4.82,-5.28,1,5.88,49,0,4,-49,49
Oregon,Utah,12.5,6.52,4.89,13,,-3.49,-0.62,12.99,10.58,2,15.94,-4,8.01,6.5,6.42,6.35,11.73,9.76,8.56,11,10.5,13.85,9.23,10.8,9.95,3.43,7.5,,4.98,10,18,9.09,7.49,11.63,15,14,10,,4.56,9.17,18,8.2,,,9,7,5.7,12,15.9,14.05,-4,,11.18,,,7,10.5,-0.3,6,8,10,10.6,,15.7,15.1,17,9,11.5,-4.6,16.5,11.74,12.45,7,5.47,62,20,4,-42,82
Oregon St.,Stanford,-15,-17.78,-13.27,-17,,-7.99,-15.14,-19.38,-15.69,-15,-12.75,-11,-26.16,-9,-17.94,-15.93,-17.25,-11.37,-16.01,-12.51,-16,-21.85,-17.38,-26.35,-7.98,-7.54,-8.43,,-13.93,-17,-26,-16.22,-16.37,-19.76,-17,-15.5,-17,,-17.38,-14.63,-12,-23.9,,,-17,-17,-23.1,-15,-21.9,-21.57,-25,,-16.36,,,-19,-16,-13.79,-14,-22.6,-22,-11.4,,-20,-11.3,-15,-10,-15,-12.2,-10.5,-24.28,-16.08,-8,5.01,42,24,4,-18,66
Penn St.,San Diego St.,15,18.2,16.11,15,,16.22,20.3,18.64,16.46,18,11.73,14,19.44,11,18.22,16.03,16.37,7,16.25,15.07,16,23.45,19.25,25.4,18.41,9.11,10.93,,15.77,15.5,14,16.02,18.04,20.78,13,14.5,18,,21.11,11.7,11.5,15.2,,,13,17,12.9,15,16.4,17.99,41,,12.67,,,16,16,14.99,23,16,17,16.1,,14.4,10.1,14,9,15,31.7,11.5,18.39,16.1,3,5.57,21,37,4,16,58
Purdue,Bowling Green,-5.5,-4.32,-6.71,1,,-0.68,-6.38,3.05,-2.43,-12,4.89,2,-6.27,-4.5,-4.36,-5.47,-2.85,-5.64,-1.83,-8.72,-1.5,-1.15,-0.17,-3.75,-3.5,-0.29,1.92,,-2.46,1,-1,-1,-3.94,2.49,1,2,0.01,,-4.08,-5.75,4,1.9,,,-1,-1,0.9,-5,-0.9,-9.25,-13,,1.84,,,5,-1.5,0.23,-5,6,5,-4.6,,0.1,9.4,3,-1,-2.5,-18.6,-1,0.25,-0.76,-2,4.83,35,28,4,-7,63
Rutgers,Kansas,14.5,7.26,16.33,6,,20.05,0.97,12.48,6.6,11,7.5,18,7.52,17,7.31,8.29,12.96,5.07,11.01,2.83,13.5,5.25,15.88,11.3,8.52,11.42,3.51,,11.94,14,17,11.1,6.78,12.64,16,12.5,13,,10.81,26.75,8.5,22,,,20,15,20.8,14,8.3,11.2,-3,,10.04,,,11,13.5,13.45,9,21.6,14,4.1,,16.9,10.5,25,4,12.5,-12.9,13.5,12.61,9.49,1,6.94,14,27,4,13,41
San Jose St.,Fresno St.,4.5,2.33,1.29,-1,,12.87,0.4,-6.5,-1.58,1,-3.8,1,6.2,-1.5,2.64,1.48,-2.57,-6.82,1.28,-1.94,3.5,3.15,4.31,4.4,-1.45,-1.21,4.05,,0.63,3,3,1,-0.5,7.62,2,5,3,,-1.37,3.96,5,0.6,,,3,1,0.3,3.5,2.6,5.03,2,,-0.65,,,4,3.5,5.85,13,4.6,3,1.4,,0.7,1.4,-1,-3,4.5,-1.6,0.5,-7,-0.76,-1,3.78,23,49,4,26,72
South Alabama,NC St.,-17,-21.24,-11.19,-13,,-20.14,-21.53,-21.26,-15.9,-14,-13.35,-14,-25.88,-8.5,-21.7,-15.91,-14.01,-12.4,-16.21,-14.18,-18,-19.15,-17.26,-22.95,-19.33,-6.83,-3.43,,-13.65,-18,-15,-16.46,-17.12,-23.74,-11,-16,-20,,-18.86,-17.92,,-25.6,,,-20,-17,-22.7,-17,-24.3,-20.06,-12,,-13.06,,,-18,-18,-8.29,-27,-28.4,-27,-15.7,,-19,-9.2,-7,-6,-17,-24.4,1,-21.2,-17.76,-7,6.42,63,13,4,-50,76
South Carolina,Central Florida,15,16.22,18.3,14,,11.61,16.44,8.58,15.95,16,0.36,15,18.49,11.5,16.1,22.55,7.61,4.35,13.19,20.21,14,13.15,13.01,25.5,12.1,15.52,7.82,,13.51,14.5,12,13.49,17.32,18.54,12,14,15,,17.9,14.13,0,18,,,17,11,13.4,15,10.5,16.13,12,,9.62,,,9,14,13.09,21,20.9,12,12.8,,11.5,12.9,7,5,15,15.7,-2.5,13.65,13.48,6,4.83,14,31,4,17,45
Syracuse,LSU,-24,-19.12,-7.68,-20,,-11.19,-15.49,-20,-18.7,-16,-11.87,-12,-20.48,-10,-19.12,-22.41,-22.27,-9.29,-17.77,-17.24,-23.5,-19.35,-23.5,-26.55,-25.84,-14.38,-15.63,,-20.21,-22.5,-30,-19.12,-19.24,-23.14,-15,-23.5,-17,,-15.29,-19.97,-10,-28.8,,,-21,-20,-20.1,-23,-18.4,-16.69,-23,,-20.06,,,-20,-23.5,-11.33,-17,-28.4,-15,-10.1,,-19,-16.1,-21,-8,-24.5,-20,-1.5,-21.85,-21.86,-1,5.81,34,24,4,-10,58
Texas,Oklahoma St.,-3,-6.22,-0.71,-1,,-20.35,-1.79,-2.04,-3.52,-9,-3.59,-1,-8.55,-8,-6.37,-6.33,-9.19,2.68,-3.9,-2.48,-2,-6.45,-3.62,-10.45,-6.19,1.35,0.88,,-1.7,-3,-11,-3.25,-4.78,-2.16,-3,-3,0.01,,-6.79,-6.15,7,-3.1,,,-3,-1,-3.8,-3,-3.6,-12.85,-9,,0.99,,,-4,-4,-5.95,-11,-1.9,-3,-3.4,,-0.2,-0.8,7,-3,-3,-11.3,4,-5.16,-4.15,-5,4.50,30,27,4,-3,57
Texas Tech,TCU,-7,-5.14,-9.44,-10,,-2.08,1.66,-12.4,-10.25,3,-13.96,-9,-3.96,-7,-4.89,-11.79,-10.49,-10.5,-8.47,-5.63,-8,-8.55,-4.37,-11.2,-10.13,-4.04,-15.32,,-5.18,-8.5,-17,-9.2,-7.62,-6.51,-16,-7,-9,,-5.89,-13.6,-17.5,-14.7,,,-16,-7,-12.6,-7,-5.9,-11.85,0.01,,-13.02,,,-11,-8,4.08,-4,-13.4,-16,2.8,,-19,-9.4,-18,-3,-7,3.6,-13.5,-13.56,-14.17,-6,5.69,55,52,4,-3,107
Texas-San Antonio,Colorado St.,-10,-9.28,-8.06,-7,,-29.88,-3.61,-14.03,-8.78,4,-4.33,-16,-11.34,-4.5,-9.41,-7.35,-11.59,-8.91,-10.32,-2.02,-9.5,-18.85,-8.36,-2.45,-6.52,-7.01,1.09,,-13.52,-10,-16,-9.71,-8.18,-7.12,-14,-9.5,-16,,-7.93,-27.66,,-14.3,,,-11,-13,-10.6,-10,-15.3,-13.78,-9,,-10.69,,,-10,-9.5,-2.12,-14,-16.6,-24,-4,,-10,-7.2,-10,-5,-8.5,-6,-11,-8.67,-10.21,-6,6.05,33,31,4,-2,64
Toledo,Arkansas St.,7,10.22,13.05,10,,14.01,15.27,15.21,12.13,29,13.1,8,11.75,10,9.8,17.21,12.43,11.21,11.04,18.01,8.5,6.95,5.31,23.85,10.83,12.44,13.96,,14.05,8.5,13,10.95,14.07,6.23,11,9,8,,18.58,7.81,14,12.1,,,5,10,10.4,7.5,10.9,-0.35,9,,6.21,,,7,8.5,13.15,18,12.2,10,7.2,,7,4.2,11,7,7.5,19.3,9,19.15,3.69,5,4.79,7,37,4,30,44
Virginia,Boise St.,-2,-7.6,-9.34,-2,,-21.48,-1.77,-5.22,-6.98,-1,-2.03,-10,-10.71,-11.5,-7.63,-6.38,-1.64,-8.98,-7.35,-4.41,-3.5,-11.65,-4.85,-13.5,-12.53,-8.17,-6.5,,-8.95,-4.5,-15,-7.05,-7.21,-3.33,-8,-1.5,-6,,-8.95,-22.35,-4,-5.5,,,-7,-8,-3.1,-3,-8.3,-16.34,-16,,-2.41,,,-2,-3.5,-2.87,-6,-5.7,-10,-2.5,,-8,-7.1,-4,-2,-2.5,-4.2,-11,-7.3,-6.12,-8,4.59,56,14,4,-42,70
Wake Forest,Indiana,-3,0.17,-1.32,-3,,-0.41,-3.14,-6.49,-4.21,-6,-9.55,-2,-0.94,-2,0.59,-9.19,-0.72,-0.63,-2.46,-6.12,-2.5,-7.85,1.33,-10.65,-6.63,-7.53,-1.32,,-10.42,-0.5,1,-2,-3.7,-1.21,5,-4,-4,,-7.01,-0.44,-1,2.4,,,-1,3,6.3,-3,-2.5,2.37,-5,,-4.65,,,5,-2.5,7.81,-2,3.2,-4,-9.1,,0.6,2.5,-1,-5,-3.5,-1.7,3,-10.05,-5.11,1,4.40,31,24,4,-7,55
Washington,California,-3,3.07,-2.62,5,,3.47,0.84,6.42,2.83,15,9.8,-2,-1.75,8,3.17,-3.45,10.05,1.96,3.7,1.84,-3,7.35,-0.88,4.05,4.62,1.96,4.5,,4.2,-2,3,3.07,2.26,-4.59,8,-2,3,,1.4,5.73,5.5,-11.5,,,3,0.01,-8.2,-2,4.5,3.08,19,,2.82,,,6,-3,6.63,7,-11.4,1,-5.5,,-0.3,-0.4,17,5,-4,25.8,9,11.15,7.55,4,6.48,30,24,4,-6,54
West Va.,Maryland,17,19.72,11.97,14,,28.32,26.41,19.01,15.5,25,11.45,14,32.49,9.5,19.96,24.07,21.22,8.64,18.82,29.67,18,18.75,20.45,27.3,21.02,11.85,11.66,,19.29,18,19,18.68,17.79,23.35,18,16,16,,21.55,18.98,11.5,22.2,,,17,18,18.6,17,19.1,18.44,33,,18.98,,,16,18,21.69,20,21.7,25,16.8,,16,18.1,10,14,17,38,11,14.36,18.35,-1,6.50,6,45,4,39,51
Western Kentucky,Miami (Ohio),20.5,22.57,17.87,14,,16.52,21.18,20.11,22.17,36,21.47,22,26.9,22.5,22.56,25.5,22.14,11.17,21.09,16.55,21.5,23.05,20.27,13,17.48,17.72,5.72,,21.49,21,28,21.49,22.7,22.99,23,20.5,25,,24.3,25.35,,27.8,,,24,19,18,20.5,19.7,30.48,33,,18.67,,,24,21.5,18.11,30,26.8,24,7.1,,18,17.3,18,13,20.5,29,16.5,20.53,21.81,3,6.12,14,56,4,42,70
Wisconsin,Hawaii,24.5,28.47,17.67,28,,22.45,18.83,24.89,25.68,17,21.66,15,26.45,19,28.9,24.39,31.87,16.74,23.58,12.88,25.5,27.15,23.75,38.35,21.15,18.49,15.14,,22.1,24.5,33,23.83,24.79,29.35,29,27,26,,24.25,20.21,22,21.8,,,28,20,22,24.5,17.3,28.46,31,,26.84,,,26,25.5,22.83,25,23.4,23,20.7,,28,24.6,32,17,24.5,23.9,28,22.32,30.93,10,5.10,0,28,4,28,28
Wyoming,New Mexico,-3.5,-7.56,-14.52,-3,,-14.22,-11.3,0.38,-2.87,-1,0.61,-14,-16.51,-3,-7.78,-13.15,-3.84,-5.31,-5.52,-9.06,-4,-7.35,-7.92,7.85,0.92,-2.68,3.11,,-1.32,-5.5,1,-5.24,-5.69,-7.27,-2,-2,-9,,-1.24,-13.03,-0.5,-11.3,,,-6,-8,-8.9,-3.5,-6,-1.33,-22,,-0.44,,,-7,-4,-3.53,-7,-10.1,-15,0.3,,-7,2.1,3,2,-3,-4,1,-5.67,-5.16,5,5.67,38,28,4,-10,66
Akron,Ohio,-2.5,-3.57,-1.12,-3.42,,-4.69,-3.98,-2.73,-1.79,7,-6.87,-4,-12.37,-4,-3.77,-5.71,-1.28,-5.19,-3.36,-1.62,-3.5,-4.95,-3.3,-10.2,-6.14,-3.74,-3.33,,-1.57,-3.5,-7,-3.65,-2.81,-6.34,5,-3,-5,,-4.83,-9.5,-5,-5.2,,,1,-3,-4.1,-2.5,-3.3,-2.18,7,,-1.4,,,-3,-3.5,-4.37,-6,-6,-5,-2,,-2.4,-0.6,-4,-2,-2.5,-7.3,-1,-10.12,-4.54,-7,3.37,14,12,5,-2,26
Appalachian St.,Wyoming,25.5,29.53,36.74,21.65,,31.49,33.48,21.66,24.79,33,21.41,28,31.03,17.5,29.6,32.29,15.02,23.52,25.84,37.02,26.5,32.55,24,3,32.95,13.22,2.99,,13.7,26.5,22,27.07,29.52,29.35,25,19.5,29,,24.62,31.18,,25.9,,,28,29,23.6,25.5,33.3,36.43,39,,14.18,,,30,26.5,31.93,37,21.7,37,19.6,,27.5,,28,16,25.5,18.2,26.5,24.76,27.07,31,7.59,13,31,5,18,44
Arkansas St.,Idaho,22,18.88,12.86,16.8,,16,7.2,19.49,18.05,8,8.65,16,23.11,18.5,19.41,18.32,21.15,1.22,17.17,9.02,19,22.65,20.46,-5.3,16.88,13.44,3.16,,16.51,19.5,19,18.19,16.86,22.17,25,20.5,24,,10.7,23.58,12,20.9,,,18,21,13.1,21.5,17.3,20.49,23,,22.42,,,24,21,12.05,19,21.5,21,12.4,,19.5,14.5,24,9,20,11,18,18.99,21.63,12,5.42,35,49,5,14,84
Auburn,San Jose St.,20,17.06,9.88,26.42,,-4.77,4.81,25.2,22.71,15,10.21,11,19.32,13.5,16.16,14.43,31.77,6.06,17.97,15.12,19,16.25,20.15,28.9,17.45,18.63,12.57,,19.86,19.5,26,18.45,20.57,20.44,22,20,22,,18.6,13.18,27,25.3,,,28,20,20.7,20,9.3,15.11,3,,25.6,,,21,19,5.12,12,26.7,18,18.3,,26,18,55,14,20,16.1,16,22.01,18.81,-4,8.97,21,35,5,14,56
BYU,Connecticut,14.5,21.47,18.18,21.16,,9.92,19.49,19.45,22.11,19,14.77,14,27.92,15.5,21.14,23.37,22.9,10.65,20,23.63,18.5,16.25,20.62,31.05,20.55,19.03,6.02,,22.44,19.5,25,21.15,22.75,22.99,24,17.5,23,,22.67,28.18,22.5,28.7,,,28,23,19.8,15.5,19.7,22.19,16,,22.24,,,20,18.5,20.86,24,27.9,26,7.5,,23,15.8,17,8,17.5,12.3,11.5,24.36,23.5,1,5.87,13,30,5,17,43
Ball St.,Toledo,-7,-14.65,-11.35,-11.06,,-17.3,-17.64,-10.24,-12.54,1,-13,-9,-17.02,-6,-14.63,-14.1,-10.09,-9.16,-10.5,-7.04,-8,-19.15,-11.39,-24.6,-3.22,-8.64,-6.47,,-10.17,-9.5,-4,-10.17,-14.68,-8.42,-8,-9,-14,,-13.39,-6.21,-6,-12.8,,,-9,-12,-8,-7.5,-11.2,-8.16,-20,,-24.86,,,-11,-8,-9.21,-16,-12.8,-10,-3.6,,-5.7,1,-10,-2,-7,1.8,-8.5,-18.87,-18.17,-13,5.31,24,10,5,-14,34
Baylor,Texas Tech,17.5,12.81,8.61,11.55,,10.54,13.36,11.56,13.52,13,3.97,12,11.9,13.5,12.8,10.71,12.09,4.83,12.35,10.01,16,9.4,13.45,17.55,13.02,5.2,15.5,,9.16,13.5,22,11.95,12.84,13.23,17,13.5,9,,9.43,16.66,17.5,16.5,,,23,9,21.8,16.5,8.2,25.94,4,,10.11,,,12,16,0.01,14,15.9,11,5.6,,17,15.7,8,9,17,31.1,17.5,10.38,16.79,14,5.47,35,63,5,28,98
Boise St.,Hawaii,25,25.41,15.83,22.14,,34.35,17.59,27.37,21.5,25,9.77,17,27.05,20,26.54,17.28,27.62,10.49,23.99,12.11,23.5,34.75,29.67,37.65,21.07,18.91,10.67,,23.14,24.5,35,24.07,21.2,27.79,31,24,28,,22.56,31.95,16,26.4,,,25,21,19.5,25,29.6,33.98,41,,14.95,,,22,25.5,28.87,28,27.1,33,23.1,,26.5,22.3,31,15,24.5,21.7,25,26.84,25.68,19,6.64,0,55,5,55,55
Buffalo,Bowling Green,-8,-1.65,-0.72,-2.63,,2.16,2.12,-0.9,-4.73,1,-3.06,-2,-4.2,-2.5,-0.98,-7.15,2.72,0.01,-2.92,-3.13,-7,-3.85,-6.58,-7.55,-6.21,-2.28,3.01,,-3.72,-5,-1,-2.63,-4.16,-3.83,3,-6.5,-9,,-2.63,-5.76,2,-9.4,,,1,-4,-6.8,-7,-6.3,-7.93,-8,,-7.68,,,-2,-7,-0.01,-4,-10.1,3,-7.6,,-1.8,-0.2,-1,1,-8,4.6,-3,-6.71,-1.66,2,3.55,28,22,5,-6,50
California,Washington St.,17.5,22.05,27.21,11.68,,25.48,27.5,10.6,18.12,42,11.12,22,26.1,15.5,22.34,20.4,8.1,12.18,18.66,29.17,18,19.45,16.56,25.85,16.34,15.46,14,,15.43,18.5,14,19.72,20.91,21.29,15,13.5,18,,23.23,18.96,9.5,24.5,,,21,20,22.7,17.5,20.6,21.93,30,,10.06,,,22,18,16.22,22,22.3,20,16.3,,21,14.3,11,9,19,22.3,5.5,20.83,20.33,17,6.28,28,34,5,6,62
Central Mich.,Northern Ill.,-3,-6.07,-5.14,-4.26,,-6.53,-8.16,-3.38,-7.35,1,3.06,-7,-10.22,-6.5,-5.82,-6.65,-2.55,-4.48,-4.52,-1.91,-3.5,-4.85,-4.13,-9.8,-1.06,-7.49,-1.93,,-8.24,-4,-8,-4.66,-7.04,-2.63,-4,-3,-4,,-5.76,-10.46,-1.5,-5.2,,,-5,-6,-5.6,-3,-3.2,-4.06,4,,-5.2,,,-2,-3.5,0.41,-6,-6.8,-5,-2.1,,-4.1,-3.3,-4,-2,-2.5,-4.1,-3,-2.19,-7.42,-5,2.85,19,29,5,10,48
Charlotte,Temple,-20.5,-27.77,-19.82,-27.62,,-20.88,-22.39,-27.63,-28.48,-21,-17.82,-21,-34.52,-12,-27.34,-31.52,-30.64,-14.24,-23.98,-20.43,-23.5,-30.15,-21.31,-9.4,-29.5,-14.72,-5.34,,-20.95,-24,-18,-23.46,-29.8,-21.02,-31,-24.5,-31,,-23.91,-17.56,,-37.9,,,-25,-26,-36.4,-20.5,-24,-21.86,-22,,-24.94,,,-20,-21.5,-20.6,-29,-36.3,-26,-23,,-21,,-56,-14,-22.5,,-6.5,-28.59,-28.48,-18,8.18,37,3,5,-34,40
Cincinnati,Miami (Fla.),-7,-8.42,-4.36,-5.25,,-9.06,-10.59,-4.25,-6.56,-11,-4.59,-6,-11.9,-3.5,-8.3,-12.07,-6.63,-10.75,-4.9,-8.78,-6,-8.75,-5.9,-13.65,-8.6,-0.21,-3.94,,-1.25,-6,-2,-4.64,-8.9,-8.04,-3,-4,-6,,-10.23,4.63,0,-3.3,,,-1,-3,-4.7,-7,-1.8,4.21,-12,,-5.7,,,1,-6,-3.73,-11,-3.9,2,-7,,-0.8,-2.9,-3,-1,-7,-3,9,-9.63,-9.46,-11,4.55,23,34,5,11,57
Clemson,Notre Dame,2,5.11,3.4,5.8,,4.96,2.87,2.26,4.13,11,4.53,-4,-6.59,3,5.26,-8.19,7.5,2.1,1.89,0.76,2,1.05,1.4,5.25,-3.04,-0.7,1,,0.58,1.5,5,2.39,4.47,1.39,7,1.5,0.01,,3.32,-6.27,4,-5.7,,,4,1,-0.2,2,1.5,3.9,-1,,2.52,,,3,-1,4.89,2,-5.1,9,-1.9,,5.5,-1.1,7,5,1,-3.2,4,3.14,4.13,1,3.95,22,24,5,2,46
Colorado,Oregon,-7.5,-5.45,3.56,-17.6,,9.39,3.4,-16.76,-12.78,2,-2.22,4,-10.84,-10.5,-4.52,-16.76,-17.1,1.17,-7.36,-1.06,-8.5,-6.05,-9.71,-19.4,-2.42,-6.77,-5.2,,-5.8,-9,-25,-6.77,-9.15,-6.71,-16,-11.5,-11,,-5.11,-14.83,-20,-8.9,,,-6,-7,-5.5,-7.5,-8.8,1.58,2,,-17.86,,,-8,-8.5,13.46,-1,-9,-6,-4.1,,-19,-8.5,-15,-10,-7.5,5.4,-17,-21.62,-9.87,7,8.06,41,24,5,-17,65
Duke,Boston College,7.5,12.44,7.14,7.66,,7.56,16.61,10.35,9.5,11,5.03,5,10.42,4.5,12.93,9.35,8.73,7.65,10.05,14.6,8,13.65,9.58,11.2,10.63,8.32,5.9,,10.51,8.5,18,10.38,10.7,10.07,7,7,12,,10.83,10.34,3.5,10.7,,,1,6,2.9,7.5,13.1,11.55,26,,17.89,,,11,8,22.43,13,8.2,13,0.3,,6.3,10.4,6,5,7,11,6,12.89,11.3,2,4.68,7,9,5,2,16
Florida,Mississippi,-7,-8.97,-5.82,-4.85,,-1.56,-13.95,-6.03,-4.2,-9,-7.21,-5,-24.3,-1.5,-9.7,-14.45,-8.56,-3.64,-7.45,-12.7,-8.5,-11.55,-6.04,-3.7,-10.13,-1.08,-9,,-0.54,-7.5,-18,-7.29,-5.83,-9.36,-5,-5.5,-6,,-1.78,-14.83,-10,-12,,,-4,-3,-10.1,-7,-7.8,-13.03,-11,,-3.97,,,-8,-8.5,-2.89,-15,-12.6,-10,-4.4,,-0.9,-8.1,-7,1,-7.5,-9.9,0.5,-7.91,-12.8,-9,5.05,10,38,5,28,48
Georgia,Alabama,1.5,-0.56,0.99,0.82,,2.23,-1.65,5.39,1.4,8,6.83,4,2.62,2,-1.04,2.74,3.47,1.95,2.81,3.78,1,-2.95,-2.02,1.75,5.36,2.99,9,,5.04,1,-5,2.99,1.29,2.82,4,2.5,0.01,,3.43,0.47,1,3.7,,,4,3,-2.2,1.5,8.3,0.76,1,,1.16,,,-2,1,5.79,3,3.6,8,5.7,,1.2,5.2,3,-1,2,19.9,4,4.73,-3.08,5,3.81,38,10,5,-28,48
Georgia Tech,North Carolina,7,8.32,7.64,12.53,,8.13,2.25,14.27,4.86,-1,14.55,5,5.61,5.5,9.56,8.21,14.43,-3.77,8.75,7.03,8.5,10.55,7.97,12.75,4.58,8.32,2.8,,6.15,8.5,17,8.17,4.7,8.06,19,10,5,,5.48,15.58,16,9.3,,,9,7,6.4,7,8,11.73,6,,16.16,,,12,6.5,10.27,9,9.5,19,7.4,,12,6,20,6,7.5,0.3,12,13.22,10.24,-4,5.09,38,31,5,-7,69
Illinois,Nebraska,-7,0.97,3.88,-6.79,,4.52,9.2,-5.67,-3.36,1,3.63,4,-6.02,-2,1.5,-0.74,-7.76,2.39,-2.94,-5.32,-6,0.35,-4.42,-5.1,-10.15,-0.65,2.13,,-3.4,-4,-12,-2.2,-0.81,0.25,-7,-7,0.01,,-0.13,-1.56,-11.5,0.3,,,-14,-8,0.9,-6.5,-2.4,0.37,-5,,-10.98,,,-2,-6,-4.9,1,0.7,-4,-8.3,,-6,-6.6,-17,-2,-7,-4.8,-6,-6.76,-0.79,2,4.91,13,14,5,1,27
Indiana,Ohio St.,-22.5,-17.05,-9.86,-23.45,,-4.57,-10.09,-28.12,-16.09,-1,-8.27,-18,-23.66,-18.5,-17.58,-22.25,-20.11,-4.15,-18.25,-14.01,-20.5,-20.75,-18.97,-23.55,-18.43,-7.64,-14.6,,-10.06,-21,-32,-18.84,-14.9,-20.93,-27,-19.5,-23,,-10.83,-32.22,-24.5,-33.8,,,-24,-27,-22.7,-22.5,-24.3,-18.71,-14,,-24.12,,,-27,-20.5,-14.99,-16,-33,-26,-12.7,,-22,-11.8,-20,-13,-21.5,2.1,-22.5,-25.49,-21.72,-5,8.20,34,27,5,-7,61
Iowa St.,Kansas,17,18.47,17.92,11.49,,19.89,20.71,9.32,15.92,30,10.61,16,14.57,11.5,18.58,17.28,15.17,14.17,14.51,24.89,15.5,12.35,18.55,8.15,18.16,8.56,3.53,,9.06,16,19,14.79,18.13,18.85,9,15,15,,16.29,15.47,4.5,19.5,,,14,13,21.6,17,17.6,21.93,23,,8.23,,,18,15.5,14.19,17,18.6,14,11.3,,14,9.6,11,8,16.5,5.5,4.5,8.75,17.38,17,5.25,13,38,5,25,51
Kent,Miami (Ohio),11,8.99,6.87,6.69,,16.83,7.92,10.93,6.25,7,10.72,7,7.77,7.5,9.57,10.47,7.38,2.41,9.15,8.17,10,15.15,10.78,-1.05,13.62,2.15,2.98,,8.02,9.5,16,8.28,6.8,9.86,13,11,13,,6.04,12.51,2,11.4,,,3,6,7.9,11,16.1,18.65,12,,10.39,,,8,10,17.45,13,10.4,13,5.8,,9.6,8.4,1,6,11,13.7,3,4.44,9.79,9,4.11,14,20,5,6,34
LSU,Eastern Mich.,45,48.44,38.86,41.52,,38.6,38.88,45.39,53.18,44,31.33,41,50.4,36.5,47.27,51.08,51.19,23.7,42.05,42.72,43.5,48.45,40.91,38.85,46.53,31.48,21.98,,31.86,44.5,55,42.66,53.41,46.59,52,46,48,,43.8,34.36,34,54.8,,,37,46,41.9,45,42.6,44.92,65,,41.4,,,46,43.5,27.11,45,54.8,48,35.4,,36,39.6,45,25,44.5,40.6,21.5,52.2,49.39,17,9.67,22,44,5,22,66
Louisiana Tech,Louisiana-Lafayette,17,18.17,12.75,9.82,,17,23.74,20,15.94,17,12.29,13,14.94,8,18.13,16.03,14.13,11.3,16.3,16.56,17,20.85,14.81,17.5,21.12,9.55,3.02,,13.43,16.5,20,16.24,18.36,17.56,20,16.5,15,,17.62,12.66,21,20.7,,,17,17,12.9,17,20.8,28.48,35,,10.92,,,11,17,16.37,22,20,24,16.4,,14.8,16.1,20,13,18,23.7,12.5,12.68,17.48,12,5.26,14,43,5,29,57
Louisiana-Monroe,Georgia Southern,-6,-5.9,-1.97,-10.46,,-4.11,-8.09,-6.29,-8.22,1,0.26,-7,-14.84,-2.5,-5.32,-10.42,-6.05,-7.94,-6.13,-10.03,-6.5,-8.25,-8.69,-13.5,-9.43,-3.43,2.28,,-6.22,-7,-5,-6.94,-8.07,-5.91,1,-7.5,-12,,-8.91,-5.34,,-9.6,,,1,-11,-14.5,-6,-9,-6.34,2,,-8.6,,,-7,-6.5,-1.86,-10,-8.6,-7,-9.3,,-4.6,,-1,-6,-5.5,5.7,-7,-8.16,-6.94,-14,4.33,51,31,5,-20,82
Marshall,Old Dominion,18,23.42,15.03,23,,15.86,18.91,24.36,21.13,13,13.16,17,16.89,19,24.12,10.18,22.82,9.53,20.57,18.43,19.5,31.35,20.43,15.1,28.44,14.09,6.25,,20.37,20,33,20.9,21,20.62,31,20.5,21,,18.14,22.12,,22.5,,,14,25,14.3,18,26.2,22.16,27,,18.03,,,27,19.5,27.73,22,20.9,29,12,,26.5,,28,14,18.5,20,20,24.98,24.7,16,5.84,7,27,5,20,34
Maryland,Michigan,-14.5,-18.14,-12.81,-9.91,,-26.12,-24.59,-15.32,-13.57,-20,-12.46,-12,-9.86,-9,-18.84,-19.94,-10.63,-13.31,-15.48,-24.6,-14.5,-22.45,-16.19,-24.75,-21.13,-8.09,-8.41,,-15.08,-15,-23,-15.04,-15.63,-16.87,-11,-16,-15,,-17.96,-9.2,3,-21,,,-13,-12,-18.8,-14.5,-21.1,-32.92,-30,,-8.67,,,-14,-16.5,-19.8,-19,-20.1,-15,-5.6,,-8.5,-16,-11,-10,-15.5,-25.4,0.01,-9.15,-21.3,-16,6.35,28,0,5,-28,28
Massachusetts,Florida Intl.,2.5,-1.73,-0.12,3.59,,-22.24,-3.89,-2.53,-1.55,-4,-3.96,-0.25,-1.57,-8,-1.51,-6.28,-6.84,-5.31,-2.19,2.46,1.5,-7.05,-0.44,9.15,6.07,0.18,2.14,,-2.56,0.5,-5,-2.53,-2.59,-0.9,-6,2.5,-4,,-2.97,8.6,,0.2,,,-4,0.01,1.4,1.5,-4.1,-4.03,-8,,-6.8,,,3,1.5,-3.34,-7,0.4,-7,0.9,,0.4,,1,1,2.5,-5.2,8,-9.26,-5.05,-12,4.96,14,24,5,10,38
Michigan St.,Purdue,21.5,24.07,29.57,27.45,,26.43,20.31,31.07,29.49,37,19.17,27,30.71,30.5,22.81,38.2,26.71,18.06,25.82,26.46,22,30.35,23.64,45.1,27.24,25.28,28.35,,24.96,24,36,26.45,29.26,22.77,34,24.5,26,,34.63,30.91,22,25.4,,,27,27,20.2,22,27.4,21.91,17,,27.31,,,21,22,17.94,21,23.9,27,15.9,,28,18.9,28,17,21,19.9,22,39.71,25.78,23,5.38,21,24,5,3,45
Middle Tenn.,Vanderbilt,3,5.87,9.82,-3.28,,12.23,4.88,-6.65,2.41,5,-1.81,4,14.29,5,6.3,6.67,3.13,3.4,3.72,2.43,2.5,6.15,3.97,4.2,5.64,5.89,5.67,,3.59,3,2,4,4.5,5.12,5,3,2,,5.83,8.13,11,1.1,,,4,4,6,3,-1.3,7.82,-6,,-0.01,,,2,2.5,10.29,3,0.5,12,-3.3,,2.3,-8.4,10,3,1.5,-13.7,15.5,2.4,6.54,9,5.31,17,13,5,-4,30
Missouri,South Carolina,2.5,3.43,6.34,2.93,,8.92,-0.92,3.57,4.55,-2,3.33,6,3.38,6.5,3.3,-3.37,-1.88,1.37,4.61,-1.13,3.5,2.25,2.55,7.75,6.23,5.74,8.02,,6.08,3,6,4.28,4.01,2.54,4,3.5,5,,4.84,6.82,12.5,6.2,,,4,5,6.1,2.5,3.7,7.13,2,,3.01,,,7,3.5,7.07,3,5.6,7,3.4,,6.2,3,10,2,2.5,2.5,13,13.57,0.85,7,3.21,10,24,5,14,34
NC St.,Louisville,4,6.06,16.3,-1.29,,17.1,6.79,4.85,7.11,7,8.34,13,7.96,9,5.07,12.35,-5.13,11.64,6.28,12.19,5.5,1.55,2.27,8.45,1.58,6.4,5.75,,7.01,4.5,-5,6.4,9.19,8.05,3,5.5,4,,15.36,6.38,-3,6,,,3,7,6.5,4,11.1,11.25,-2,,0.36,,,1,5.5,19.43,14,6.9,7,6.3,,5,4.5,-1,-2,4.5,16.1,3.5,7.8,-1.94,21,5.82,20,13,5,-7,33
Navy,Air Force,5.5,6.67,5.17,7.88,,4.37,10.11,5.46,9.56,15,0.21,7,7.6,9,5.87,6.77,11.09,7.26,5.59,5.8,4,-0.45,4.41,9.65,-1.03,0.65,4.45,,-1.57,5,17,5.94,9.67,2.64,6,7,6,,9.96,-4.89,-0.5,7.4,,,1,5,4.8,5.5,2.2,6.35,-1,,7.94,,,4,6,5.14,1,6.8,6,1.9,,6,10.3,11,4,5,22.8,6,0.01,6.48,3,4.77,11,33,5,22,44
Nevada,UNLV,7,4,5.69,9.5,,-0.82,-7.72,13.69,11.19,1,6.26,4,14.02,11.5,2.64,10.81,13.74,3.87,6.93,5.61,6,-3.65,4.15,9.9,3.49,11.19,3.82,,10.33,6.5,17,9,9.04,4.67,11,9.5,9,,9.37,11.63,19.5,12,,,7,9,14.7,7,7.3,-7.28,-8,,11.7,,,4,8,8.01,2,13.1,4,1.6,,10.7,10.1,14,9,7,2.4,10.5,12.49,-0.67,1,5.74,23,17,5,-6,40
New Mexico,New Mexico St.,13,14.43,17.8,7.37,,19.58,8.42,17.54,13.88,13,11.68,17,22.99,21,14.2,17.06,12.97,8.2,13.73,9.11,13,17.25,11.19,-5.5,10.13,11.48,3.93,,12.18,12.5,10,13.75,15.38,8.43,20,14.5,16,,9.21,12.2,13,18.6,,,15,14,18.9,13,14.1,13.72,10,,12.45,,,11,13,11.11,16,19.1,20,9.5,,15.8,11.4,14,10,12,16.3,7,27.13,15.49,18,4.47,29,38,5,9,67
Northwestern,Minnesota,4.5,14.53,11.36,9.06,,21.15,17.81,3.93,11.69,20,5.6,6,23.29,7,14.52,20.73,9.85,11.32,9.12,18.46,4.5,7.75,5.04,16.8,1.08,6.86,10.3,,11.9,7.5,12,8.94,14.79,8.21,4,6,9,,13.41,0.34,-4.5,0.3,,,-3,7,2.5,5,7,8.96,16,,19.24,,,7,4.5,14.66,16,0.3,4,1.9,,5.9,8,3,5,3.5,14.5,-6,8.91,12.59,9,6.27,0,27,5,27,27
Oklahoma,West Va.,7,3.26,6.87,2.78,,-6.07,-7.7,-0.8,9.52,7,-0.67,6,-3.27,10.5,2.09,4.03,3.19,-1.82,3.53,-1.44,6,-2.85,2.87,2.4,2.49,6.42,9,,1.76,5,16,3.33,7.75,6.76,2,7.5,4,,4.63,-5.88,11,8.1,,,11,9,10,7,-2.9,11.65,3,,6.68,,,8,6,-5.06,-1,7.4,-5,4.3,,6.3,3.4,4,-1,7,1.8,7,2.31,-1,-3,5.07,24,44,5,20,68
Oklahoma St.,Kansas St.,7.5,2.69,5.09,-3.43,,6.53,-3.75,-2.26,4.25,8,6.13,3,11.1,5,2.5,4.9,-0.67,-1.52,3.27,2.12,6.5,0.85,2.15,1.5,10.02,5.79,10,,5.54,4,-1,2.86,3.49,5.76,-1,5.5,6,,2.73,4.99,-8,7.6,,,-3,2,19.3,6.5,1.5,7,12,,4.03,,,2,6.5,4.27,2,5.7,2,6.1,,0.6,-1.5,-3,-1,7.5,-1.8,-4.5,2.64,-1.54,3,4.52,34,36,5,2,70
Penn St.,Army,27.5,22.78,24.58,21.76,,13.85,13.27,24.35,26.38,10,18.27,23,28.01,21,21.94,28.51,20.77,13.94,21.04,13.74,24,22.65,21.48,20.8,17.51,19.91,10.3,,21.88,23.5,22,21.82,26.01,24.54,24,24,26,,26.08,24.21,17,28.2,,,14,26,20,26.5,21.1,19.56,24,,27.85,,,20,24,20.97,19,29.6,24,16.3,,27,18,22,12,25,10.9,15.5,22.17,21.73,9,5.13,14,20,5,6,34
Rice,Western Kentucky,-7.5,-7.67,-9.91,-0.9,,-12.06,-17.72,-5.62,-5.27,-6,-11.62,-11,-3.59,-2.5,-7.91,-5.73,-2.14,-8.57,-7.61,-5.25,-6.5,-13.75,-5.19,-9.55,-10.01,-0.63,2.18,,-4.42,-7,-19,-6.48,-6.77,-7.9,-3,-5.5,-8,,-11.9,-11.13,,-13.2,,,-10,-5,-6.7,-7.5,-5.3,-10.74,-19,,-6.25,,,-3,-8.5,-4.24,-13,-12.5,-4,-15.2,,-3.8,-13.6,-4,-3,-7.5,-18.2,-4.5,-2.51,-10.37,-17,5.15,49,10,5,-39,59
SMU,East Carolina,-6,-3.56,-9.52,-10.13,,-6.28,-1.94,-7.91,-8.56,-9,2.19,-9,-0.91,-10.5,-2.52,-14.83,-14.08,-4.09,-7.06,-9.1,-7,-5.35,-7.17,-9.45,-10.23,-11.43,4.71,,-10.63,-6.5,-12,-8.71,-7.54,-2.62,-14,-4.5,-9,,-8.86,-11.59,-17.5,-3.4,,,-5,-9,-2.6,-6,-9.1,-4.97,3,,-11.57,,,-5,-7,-0.95,-5,-3.1,-9,-0.01,,-12.5,-6.1,-11,-4,-6,4.7,-10.5,-11.82,-6.82,-9,4.68,49,23,5,-26,72
San Diego St.,Fresno St.,8.5,4.19,4.78,6.58,,12.18,-0.34,7.05,2.57,1,4.91,3,-1.52,2.5,4.83,0.01,5.8,-2.58,5.47,3.38,7.5,10.05,6.05,0.4,3.52,5.21,4.31,,6.63,6.5,10,5.11,1.75,8.91,11,11,5,,3.9,9.28,10,13.1,,,10,8,9.4,8,12,-0.33,-5,,6.7,,,5,7.5,7.51,5,10.5,10,7.2,,9.9,4,7,4,8.5,2.6,6,4.66,3.97,4,3.77,7,21,5,14,28
South Florida,Memphis,-7.5,-12.44,-13.38,-20.47,,-10.78,-12.61,-16.47,-14.19,-6,-5.65,-16,-18.78,-12,-11.53,-21.44,-15.3,-13.21,-13.44,-18.79,-9,-17.45,-9.63,-30,-18.34,-11.87,-3.79,,-14.15,-11.5,-13,-13.3,-15.86,-9.66,-13,-12.5,-14,,-18.96,-11.71,-18.5,-15.8,,,-11,-12,-6.9,-8.5,-16.7,-17.17,-10,,-12.93,,,-15,-9,-1.73,-17,-13.8,-19,-7.3,,-16,-8.4,-13,-7,-8,-11.1,-17,-20.29,-17.03,-19,4.42,24,17,5,-7,41
Southern Miss.,North Texas,16,15.43,23.03,9.59,,31.68,19.18,10.08,10.31,20,14.06,19,13.35,11,15.81,15,8.79,16.26,14.16,23.56,15.5,18.15,14.02,-5.45,18.92,9.8,3.42,,13.42,15,5,14.04,14.02,17.19,9,14,17,,13.61,14.08,4.5,12.1,,,17,17,7.5,16,15.6,14.71,22,,10.63,,,9,15.5,19.97,27,13.1,13,14.5,,15.6,12.6,7,5,16.5,19.2,2.5,10.65,15.25,22,5.63,14,49,5,35,63
Stanford,Arizona,13.5,12.84,9.02,10.35,,9.95,10.78,13.7,13.6,21,15.57,9,8.76,10.5,12.56,3.27,14.46,6.31,11.41,13.06,13,11.85,13.89,13.25,9.76,6.1,13,,9.39,11.5,20,10.89,13.94,12.1,12,14,8,,11.58,2.76,1,10.6,,,7,11,14.4,13.5,18.4,10.23,26,,11.36,,,13,13,19.16,9,8.4,15,7.8,,9.9,12.6,14,8,14,16.3,4,13.39,9.48,-3,4.68,17,55,5,38,72
TCU,Texas,15,17.02,21.62,15.7,,29.71,9.99,21.86,19.7,16,15.23,23,12.44,21,16.38,18.25,19.13,12.71,18.76,12.24,16,21.65,17.17,29.9,11.93,14.85,21.85,,11.57,16.5,28,18.18,19.94,17.74,25,17.5,18,,22.89,22.97,19,23.1,,,20,18,12.9,15.5,22.1,32.26,14,,18.12,,,21,16,11.5,23,22,31,8.8,,25.5,16.1,24,11,15,17.4,17,25.76,18.56,25,5.41,7,50,5,43,57
Tennessee,Arkansas,7,10.03,9.61,3.84,,15.69,13.58,2.09,9.24,20,0.46,7,15.2,7.5,9.82,11.74,3.66,8.34,7.2,12.59,8,3.05,4.46,10.55,9.55,6.62,9.49,,8.32,7,6,6.81,10.81,9.15,3,6.5,7,,11.22,3.3,-2.5,6,,,4,6,7.2,7,0.01,8.26,11,,4.59,,,4,8,9.18,13,5.4,3,4.9,,3.9,6.3,4,3,7,11.3,6.5,3.86,8.69,11,3.98,24,20,5,-4,44
Texas A&M,Mississippi St.,5.5,4.27,6.8,1.33,,1.9,7.2,8.5,5.45,-3,10.63,7,7.94,7,4.04,10.2,0.74,3.55,4.86,1.83,6,2.75,3.24,3.05,2.78,5.98,6.5,,5.14,6,9,5.07,5.26,9.09,2,7,5,,6.73,10.26,-3,7.7,,,-3,3,10.9,5.5,8,3.25,0.01,,7.6,,,2,6,6.74,5,8.9,2,8.7,,6.1,5.5,4,4,7,3.9,-2.5,2.58,4.04,5,3.27,17,30,5,13,47
Troy St.,South Alabama,7,12.1,6.13,0.3,,11.48,19.01,2.9,3.55,17,10.66,4,6.33,0.5,13.67,-1.57,-0.86,4.48,5.15,5.53,7,13.55,6.62,6.65,7.8,-3.04,2.24,,-3.46,6,2,4.91,6.24,11.74,1,3.5,4,,4.91,3.35,,2,,,10,5,-6.2,7,6.2,12.16,22,,-11.27,,,10,5,8.41,12,1.9,15,5.7,,1.9,,-3,1,6,9.9,-2.5,5.78,9.15,4,6.50,24,18,5,-6,42
Tulane,Central Florida,2,-2.88,9.08,-4.83,,8.49,0.32,-6.33,-1.49,-8,-0.75,7,4.26,-2,-3.74,9.28,-15.73,7.77,-1.72,5.53,-1.5,4.35,-2.31,5.7,-5.49,2.04,0.52,,-4.09,-2,-8,-1.75,0.37,0.11,-7,0,0.01,,2.12,3.27,-10,-2.1,,,-7,-7,0.01,1.5,1.7,4.91,-8,,-3.26,,,-5,-3.5,-6.36,1,1.2,1,-2.1,,-1.1,-8.4,-11,-7,-2.5,-12.5,-10.5,-0.56,-5.84,3,5.56,31,45,5,14,76
Tulsa,Houston,-7,-9.35,-3.63,-12.47,,-12.49,-10.95,-12.45,-10.3,-11,-3.59,-6,-2.51,-7.5,-9.21,-6.22,-18.39,-6.88,-8.48,-9.73,-8,-13.55,-10.8,-20.45,-10.53,-9.5,6.21,,-13.92,-7.5,-5,-9.43,-9.85,-2.55,-12,-7.5,-11,,-8.16,-4.34,-12,-7.1,,,-10,-4,-7.9,-7,-8,-5.95,-2,,-15.62,,,-4,-6,-0.11,-14,-5.8,-12,-6.5,,-11.5,-1.7,-14,-6,-7,2.6,-10,-18.41,-12.56,-8,4.82,38,24,5,-14,62
UCLA,Arizona St.,13,19.01,21.93,11.24,,25.02,31.23,15.83,15.53,44,17.83,22,18.3,18,19.1,21.89,11.07,17.21,17.64,27.56,15,23.75,15.7,24,11.46,11.52,17.7,,11.38,15,11,16,18.68,17.32,16,14,12,,22.71,10.8,4,15.3,,,14,15,14.5,13.5,26.3,30.16,20,,9.64,,,16,15,26.12,25,15.6,22,9,,11.9,15.6,11,7,14,26.9,8.5,21.65,20.03,19,6.82,38,23,5,-15,61
UTEP,Texas-San Antonio,-4,-0.93,3.61,-2.16,,13.02,-11.75,0.72,6.51,-2,-1.39,13,-2.07,7.5,-2.4,8.89,-2.31,6.07,0.63,-7.01,-2,-7.15,0.8,3.25,-7.61,7.56,2.67,,3.28,-0.5,-5,0.8,4.51,1.53,2,-1,3,,4.76,9.36,,3.8,,,6,3,5,-3,0.3,-5.05,-14,,0.27,,,-1,-2,1.26,-6,5.2,-1,-6.7,,0.01,,8,1,-3,-12.5,9,0.28,-8.11,5,6.05,25,6,5,-19,31
Utah St.,Colorado St.,3.5,8.6,0.01,3.33,,-8.04,6.31,5.35,9.72,19,8.55,1,0.26,4.5,8.44,11.92,6.44,0.28,5.87,1.66,5,5.25,10.41,4.05,6.56,7.51,5.43,,9.48,6.5,7,5.65,9.2,9.25,3,6,9,,4.98,3.27,2.5,5.9,,,1,3,4.8,3.5,4.9,3.68,10,,6.21,,,8,5,5.87,4,4.2,3,5.1,,1.7,11.2,8,5,4,15.8,3,9.71,6.76,-9,4.60,18,33,5,15,51
Virginia Tech,Pittsburgh,4,3.6,3.07,3.14,,3.91,0.62,5.47,1.55,-1,12.2,6,10.49,5.5,4.51,-4.77,0.9,-4.19,4.06,-3.25,3.5,7.15,7.16,3.9,1.84,3.19,6.95,,6.34,4,11,4.21,0.34,6.73,10,4.5,7,,0.69,12.67,2.5,10,,,3,6,6.3,4,8,3.51,0.01,,1.16,,,1,5.5,10.52,6,11,9,-2.2,,5.4,0.6,7,-2,4.5,-11.2,0.01,5.83,5.2,1,4.65,17,13,5,-4,30
Wake Forest,Florida St.,-20,-20.84,-18.33,-24.45,,-16.46,-9.18,-24.55,-23.74,-5,-17.43,-14,-28.26,-19.5,-20.12,-27.31,-23.48,-10.17,-19.58,-21.45,-20.5,-26.95,-20.25,-37.55,-25.49,-15.61,-19.04,,-21.23,-20.5,-25,-20.54,-23.63,-22.56,-20,-18,-20,,-21.11,-25.1,-18,-17,,,-22,-21,-13.5,-20,-21.3,-11.83,-19,,-23.39,,,-13,-20.5,-15.98,-24,-17.3,-21,-17.2,,-21.5,-11,-27,-12,-19.5,-12.2,-19.5,-27.95,-24.33,-15,5.21,24,16,5,-8,40
Wisconsin,Iowa,7,9.13,9.31,8.73,,-3.48,9.19,9.9,7.04,1,10.3,8,9.52,7,10.06,9.6,9.37,0.89,7.86,3.86,8,6.55,7.97,6.4,4.17,7.94,10.2,,9.51,8,11,8.52,5.68,7.38,14,8.5,7,,5.94,11.58,12,8.3,,,13,10,7.7,7,7.3,11.46,4,,7.05,,,9,6,11.32,5,10,11,6.8,,10.6,5.7,14,7,7,-7.5,11,7.81,9.31,-2,3.96,10,6,5,-4,16
Air Force,Wyoming,21.5,25.98,29.68,26.72,,22.43,30.52,19.3,24.52,36,21.82,24,32.6,22.5,25.79,32.34,19.05,22.3,24.03,36.42,25,27.85,22.64,6.18,27.17,20.75,6.94,,23.89,24,15,24.07,26.87,20.56,25,18.5,25,,24.05,27.87,28,18.4,,,37,25,20.3,21.5,24.1,16.62,33,,19.09,,,23,25,25.83,34,17.3,28,13.2,,27.5,21.1,18,13,24,25.3,16.5,30.3,29.54,26,6.06,17,31,6,14,48
Alabama,Arkansas,15.5,20.59,18.17,16.92,,21.62,20.78,16.98,20.6,18,12.16,15,23.27,20.5,20.45,19.23,19.83,12.19,16.35,19.01,15.5,22.65,13.68,23.5,21.78,12.92,19.34,,11.3,16.5,27,16.17,21.09,12.86,19,16.5,14,,17.15,15.4,21.5,12.4,,,20,15,15.9,15.5,15.4,16.43,22,,12.47,,,15,15.5,15.84,20,12.2,15,6.8,,12.7,9.6,14,14,16.5,1.5,19.5,12.15,22.87,14,4.53,14,27,6,13,41
Arizona,Oregon St.,9.5,8.22,5.03,7.38,,10.8,2.67,10.79,7.75,1,1.12,12,9.73,11,8.49,9.91,9.19,2,9.81,3.68,8.5,8.75,11.8,12.82,6.65,12.11,8.08,,14.07,9,12,10.41,7.14,12.2,14,10.5,13,,8.24,18.49,21,18.8,,,15,12,14.5,9.5,7.6,10.03,-8,,14.64,,,15,10.5,11.37,9,20.1,14,7.1,,11.6,5.5,14,5,9.5,1.5,16,14.47,7.31,10,5.01,7,44,6,37,51
Arizona St.,Colorado,16.5,14.96,9.13,16.44,,12.3,13.47,16.89,20.25,11,8.01,10,14.03,15.5,13.9,20.04,16.82,9.11,14.66,11.69,16,19.35,15.14,29.11,10.05,13.53,4.85,,12.52,15.5,33,14.58,19.27,14.08,16,14,20,,17.93,19.74,9,12.4,,,20,13,12.4,16.5,14.2,21.43,25,,17.79,,,13,16,-7.67,16,12.6,16,15.9,,13.8,15.4,17,13,15,11.4,16,16.11,16.35,1,5.62,23,48,6,25,71
Army,Duke,-13,-18.55,-23.84,-18.56,,-12.35,-10.11,-18.86,-21.69,-10,-14.83,-19,-24.74,-17,-17.73,-31.26,-18.03,-12.65,-16.92,-12.37,-13.5,-22.55,-13.84,-28.68,-10.11,-19.65,-3.52,,-17.56,-16.5,-17,-17.64,-21.61,-16.24,-21,-11.5,-25,,-23.4,-18.27,-11,-20.9,,,-14,-16,-11.3,-13.5,-14.9,-13.6,-24,,-25.11,,,-17,-13.5,-17.19,-19,-22.2,-23,-4.1,,-19.5,-11.9,-10,-7,-12.5,-8.8,-3,-21.48,-20.76,-15,5.79,44,3,6,-41,47
BYU,East Carolina,9.5,10.01,9.49,6.18,,4.03,9.55,5.18,9.81,6,4.07,10,14.01,8.5,9.91,13.45,7.21,3.85,7.89,9.45,9,3.65,10.36,12.32,4.04,8.6,7.67,,8.68,8.5,13,8.31,10.42,11.56,7,7.5,7,,9.39,8.11,9,12,,,-1,10,8,9.5,3,7.44,7,,4.22,,,13,7,12.73,13,12.8,11,6.4,,9.6,5,7,3,8,1.1,2,3.39,10.71,-1,3.62,38,45,6,7,83
Boston College,Wake Forest,7,9.82,9.39,13.2,,22.91,2.9,14.27,12.11,8,14.6,8,8.17,8,9.44,11.14,16.37,4.15,10.81,10.15,8.5,18.85,11.01,19.75,4.33,12.07,5.69,,15.35,9,7,11.08,11.25,9.7,17,9.5,12,,12.01,14.01,13,8.2,,,16,11,9.3,7.5,14,13.71,6,,13.34,,,7,8.5,0.13,12,8.8,17,8,,11.6,6.4,14,6,7.5,4.7,14,15.29,10.41,6,4.29,3,0,6,-3,3
Bowling Green,Massachusetts,13.5,16.38,11.96,11.59,,18.85,13.66,11.5,17.51,14,13.78,14,15.3,22.5,16.12,12.25,12.17,11.23,13.04,10.1,12.5,15.15,13.06,17.36,16.5,9.74,4.42,,8.31,13,18,12.17,17.38,11.54,17,12.5,12,,15.46,11.16,,10.8,,,12,11,11.7,13.5,13.8,13.4,11,,8.79,,,9,12.5,14.83,20,10.8,13,12,,12.9,,18,8,13.5,6.2,10.5,17.19,17.78,10,3.56,38,62,6,24,100
Central Florida,Connecticut,2.5,-0.74,-13.88,4.74,,5.49,-11.98,6.59,0.99,-16,-2.25,-4,-4.91,1.5,-0.43,-9.01,10.79,-12.58,0.15,-10.32,2,-0.75,1.84,5.11,-4.24,-0.39,1.02,,0.6,1,6,0.5,-1.89,3.71,12,2.5,0.01,,-4.99,9.17,22,7.3,,,-1,6,5,2.5,0.2,-4.71,-13,,6.05,,,8,2,4.19,-9,7.1,5,0.4,,5.7,0.3,14,1,3,-14.5,13.5,-0.58,-5.13,-11,7.27,40,13,6,-27,53
Clemson,Georgia Tech,7.5,8.85,14.97,8.68,,10.64,9.56,7.16,15.41,15,7.21,13,10.02,15,6.84,24.73,8.52,13.34,9.6,15.04,8,7.95,4.6,21.07,9.89,13.3,21.5,,11.08,8.5,13,9.26,15.4,5.8,5,8.5,12,,18.56,-5.85,0,1.8,,,11,8,4.8,7.5,10.9,6.2,8,,9.52,,,4,8,7.73,9,0.9,6,11.4,,6.3,7.2,10,4,7,13.2,5,9.77,5.84,8,4.98,24,43,6,19,67
Colorado St.,Boise St.,-15.5,-19.68,-16.46,-10.34,,-10.92,-22.08,-19.87,-17.04,-10,-12.43,-15,-25.24,-12.5,-20.17,-18.58,-13.48,-11.48,-15.95,-14.89,-16.5,-33.25,-15.81,-28.21,-13.07,-8.62,-8.93,,-9.58,-17.5,-16,-15.41,-18.21,-20.05,-17,-14.5,-21,,-18.67,-14.51,-19,-22.1,,,-20,-14,-17.6,-15.5,-20.4,-24.59,-28,,-4.11,,,-15,-16.5,-11.23,-26,-20.6,-20,-17.5,,-12.5,-11.2,-14,-10,-15.5,-10.4,-6,-21.43,-24.84,-17,5.84,41,10,6,-31,51
Eastern Mich.,Akron,-8,-9.4,-11.08,-13.43,,-7.53,-7.44,-9.18,-13.51,-6,-4.36,-9,-12.99,-7,-8.59,-15.38,-8.55,-8.14,-8.75,-17.74,-8.5,-10.45,-10.9,8.46,-12.03,-5.34,5.77,,-5.07,-9,-9,-8.88,-12.68,-4.26,-14,-9.5,-12,,-7.89,-8.35,1.5,-10.9,,,-6,-10,-5.6,-8,-11.2,-12.78,-19,,-8.78,,,-6,-8.5,-0.79,-12,-8.8,-13,0.4,,-13,-4.5,-7,-6,-7.5,-2.8,-1.5,-13.46,-9.16,-8,4.46,47,21,6,-26,68
Florida Atlantic,Rice,4.5,-0.01,2.54,-6.37,,1.52,4.45,-5.66,-3.37,2,-5.37,-0.25,3.14,-5.5,0.58,-6.22,-1.28,-0.67,-0.03,-0.34,2.5,0.15,-0.9,8.29,5.97,-7.43,1.19,,-6.11,1.5,12,0.03,-2.63,4.38,-2,1,-5,,0.56,1.65,-4.5,0.3,,,3,-3,0.6,3.5,-4.9,8.44,4,,-1.34,,,1,2.5,-2.24,4,0.3,-1,15,,-1,5.1,-7,3,3.5,7.1,0.5,-7.3,2.43,-3,4.81,27,26,6,-1,53
Florida Intl.,UTEP,14.5,12.61,9.47,8.13,,10.82,18.38,9.41,5.44,22,8.07,9,24.7,4.5,13.9,8.84,12.16,5.15,12.43,15.11,13.5,20.15,13.34,-2.86,16.1,5.15,6.13,,11.83,13.5,18,11.76,7.8,17.16,13,14,14,,8.53,8.45,16.5,13.7,,,19,11,11.5,14.5,14.1,18.81,24,,11.02,,,11,13.5,16.5,22,11.7,20,8.3,,9.6,14.1,10,8,14.5,19.5,-2.5,11,18.69,10,5.48,12,52,6,40,64
Florida St.,Miami (Fla.),7.5,12.3,12.69,13.02,,15.62,10.93,13.2,15.58,15,10.09,15,13.72,17.5,11.46,17.89,15.43,8.37,12.6,14.66,10,13.85,9.87,21.61,13.38,11.23,16.2,,9.8,11,18,13,15.6,9.41,13,9.5,14,,15.95,17.91,9.5,7.2,,,10,11,9,8.5,12.4,11.89,12,,13.65,,,10,10,13.37,15,8.9,15,6.1,,12.3,12.7,13,8,9,17.1,12.5,17.68,14.53,8,2.94,24,29,6,5,53
Fresno St.,Utah St.,-11.5,-12.51,-10.92,-12.17,,-9.84,-15.16,-14.17,-11.8,-17,-13.79,-8,-18.98,-6.5,-12.48,-13.54,-14.43,-10.4,-12.14,-16.77,-12,-18.25,-9.34,-5.14,-14.1,-8.99,-1.37,,-15.14,-11.5,-14,-12.17,-12.63,-11.75,-9,-10,-12,,-12.61,-14.87,-8.5,-11.3,,,-13,-12,-2.2,-11.5,-17.6,-13.59,-23,,-4.61,,,-11,-12,-3.98,-16,-9.5,-9,-8.2,,-8.5,-12,-15,-8,-11,-16.8,-9,-18.14,-16.98,-10,4.17,56,14,6,-42,70
Georgia St.,Appalachian St.,-15.5,-20.77,-24.01,-18.63,,-22.56,-15.58,-21.29,-19.63,-21,-11.01,-20,-26.43,-15,-20.72,-22.27,-31.85,-12.96,-18.61,-18.81,-16.5,-22.75,-17.03,1.93,-14.11,-11.46,3.11,,-9.77,-19,-15,-19.63,-21.06,-18.91,-23,-19.5,-22,,-16.67,-17.31,,-20.5,,,-14,-21,-23,-16,-22.2,-24.94,-24,,-20.57,,,-17,-16.5,-12.28,-30,-18.2,-30,-16.3,,-21,,-22,-16,-15.5,-12.4,-15,-20.19,-23.51,-24,5.82,37,3,6,-34,40
Hawaii,San Diego St.,2,-2.41,3.35,-1.63,,-11.75,3.78,2.02,0.8,6,7.37,1,0.13,-2,-3.47,8.04,-0.37,3.16,0.2,12.73,1,-1.05,-2.12,-1.93,-1.11,2.22,4.98,,0.7,1,-6,0.14,1.61,-0.42,-3,-1,-3,,3.47,-3.55,1.5,-2.6,,,3,1,-5.3,2,3.3,-7.12,1,,10.94,,,1,1,-3.31,3,-1.9,-1,-2.7,,-0.9,-1.3,1,-4,2,0.2,-6,0.15,-0.21,-9,4.36,28,14,6,-14,42
Houston,SMU,25,22.89,32.1,21.93,,35.36,21.9,20.57,25.31,29,12.07,30,26.48,25,21.97,25.53,22.44,17.03,24.12,29.4,24.5,26.85,21.2,30.64,27.42,23.14,9.44,,28.2,24,27,24,26.44,19.66,29,22,24,,30.36,19.79,16,21.2,,,,24,22.6,25,24.9,35.88,24,,23.9,,,21,24.5,17.21,31,18.3,28,19.8,,27.5,19.9,28,13,25.5,16.8,22,29.73,25.33,31,5.34,28,49,6,21,77
Iowa,Illinois,10,10.79,6.67,15.05,,13.52,4.35,14.98,15.22,18,10.91,6,10.3,11,9.82,17.32,16.27,8.24,11.29,18.91,10,14.15,9.2,20.82,9.04,9.17,9.7,,8.57,11,17,10.96,14.61,7.3,13,10,11,,13.84,3.19,3.5,4.6,,,7,12,8.1,10,14,8.76,12,,18.68,,,11,10,14.19,11,2.5,9,7.5,,10.3,14.3,21,6,11,18.6,11,16.12,8.31,6,4.28,20,29,6,9,49
Kansas,Baylor,-45,-34.06,-35.58,-29.15,,-37.66,-32.87,-37.71,-34.12,-47,-29.45,-39,-44.83,-33,-33.63,-41.03,-32.55,-22.04,-36.03,-41.39,-44,-42.55,-38.18,-37.64,-48.07,-22.74,-23.61,,-28.09,-40,-47,-35.83,-35.66,-40.41,-36,-38,-36,,-34.45,-43.58,-39.5,-48,,,-41,-34,-47.4,-44,-41.1,-47.04,-34,,-32.09,,,-34,-44,-15.86,-44,-44.8,-41,-43,,-31.5,-37.5,-32,-21,-45,-54.8,-23.5,-39.17,-41.79,-48,8.22,66,7,6,-59,73
Kansas St.,TCU,-9.5,-3.3,-6.47,-2.26,,-5.17,2.77,-9.14,-7.02,3,-7.7,-8,0.2,-4,-2.71,-12.95,-1.79,-1.9,-6.52,0.21,-9.5,-13.75,-9.12,-7.54,-4.18,-7.02,-8.75,,-4.35,-8.5,-2,-5.99,-5.67,-10.3,-7,-7.5,-14,,-4.31,-11.76,-5.5,-18.4,,,-2,-6,-18.3,-9,-10.3,-14.84,-12,,-5.98,,,-7,-9.5,11.93,-5,-16.2,-15,-2.7,,-8.5,-4.1,-3,2,-10.5,-7.8,-5,-13.58,-4.1,-9,5.61,52,45,6,-7,97
LSU,South Carolina,20.5,15.6,19.85,13.85,,22.62,15.94,13.46,18.55,,11.54,18,22.9,9,14.91,16.88,12.45,10.25,14.12,23.57,18.5,16.05,17.74,25.04,9.98,8.68,23.21,,6.6,16.5,16,13.93,18.96,12.85,13,19.5,19,,22.16,10.96,20,18.9,,,24,16,17.8,19.5,6.2,10.42,23,,8.62,,,8,18.5,9.04,13,17.6,14,16.5,,5.8,15.3,7,4,19.5,17.5,3.5,11.68,11.2,15,5.37,24,45,6,21,69
Louisiana-Lafayette,Texas St.,4,5.43,-0.27,5.1,,7.92,3.13,7.63,4.91,8,8.05,2,4.03,9,5.79,7.93,2.5,0.39,5.39,2.61,5,7.65,6.25,-0.93,5.88,3.54,5.04,,5.51,4.5,8,5.1,4.04,3.05,7,5,5,,3.37,5.9,,4.2,,,5,5,3.4,4,4.6,3.36,-1,,6.56,,,9,5,7.85,2,3.9,7,9.6,,4.9,,11,3,4,14.6,6,9.31,5.7,-2,2.95,27,49,6,22,76
Marshall,Southern Miss.,3,5.94,5.81,15.93,,15.86,2.45,17.06,11.65,4,4.42,10,4.6,16,4.99,6.48,14.09,6.85,9.36,3.85,6,4.05,6.68,17.36,1.94,11.23,10.57,,11.48,6.5,19,9.45,9.6,5.1,18,6.5,7,,12.49,12.8,4,9.1,,,9,10,8.1,4,9.3,-1.11,-3,,11.07,,,10,6,2.63,2,8.5,15,-1.1,,16.5,12.8,21,10,5,8,25,17.21,3.69,5,5.82,10,31,6,21,41
Michigan,Northwestern,10,6.84,0.01,3.36,,2.93,9.69,5.4,2.8,7,4.45,-1,7.78,0.5,7.94,-2.24,8.9,0.01,5.62,6.97,6.5,7.65,8.65,0.82,10.44,0.16,-1,,-0.24,6.5,-1,6.89,2.65,8.38,8,9.5,7,,2.42,6.94,2,11.2,,,3,8,7,9.5,9.4,17.43,13,,0.93,,,8,6.5,9.8,7,11.6,6,10.2,,6.1,6.1,7,4,7.5,1.6,10.5,-0.5,8.91,-2,4.38,0,38,6,38,38
Mississippi,New Mexico St.,45,46.6,39.77,42.84,,39.11,41.75,46.83,47.75,40,31.08,43,55.5,41,46.09,63.77,47.13,26.26,42.28,43.8,46,47.85,38.41,33.71,40.07,29.74,23.24,,34.21,46,44,42.92,48.77,44.38,49,40.5,47,,41.02,34.46,39,51.2,,,43,39,45.6,45,36.8,47.06,58,,40.93,,,44,44,26.61,56,53.5,48,45.2,,35.5,37.4,56,26,45,39.2,23,56.17,53.86,42,8.97,3,52,6,49,55
Mississippi St.,Troy St.,30.5,28.53,22.04,31.94,,28.02,16.62,31.96,31.77,28,16.91,21,31.71,21.5,27.99,29.82,39.13,16.55,29.39,28.06,31.5,33.45,33.68,34.5,36.81,23.23,14,,28.35,30.5,45,30.16,30.6,33.12,38,31,36,,30.94,30.5,27.5,41.1,,,29,33,38.3,30.5,27.1,24.55,35,,33.77,,,31,31.5,20.99,29,42.7,34,23.9,,27.5,31,35,16,30.5,35.1,22.5,31.88,28.24,15,7.02,17,45,6,28,62
Missouri,Florida,-4.5,-6.2,-12.2,-3.35,,-0.48,-7.97,-5.15,-5.98,-8,-4.56,-4,-12.66,-1,-5.94,-17.81,-7.32,-5.22,-5.49,-12.19,-5.5,-13.85,-4.51,-6.32,-1.49,-3.38,-7.5,,-5.61,-7,4,-4.78,-7.47,-7.71,-4,-4.5,-9,,-7.16,4.13,1,-3.8,,,-6,-4,-2.8,-4.5,-9.2,-10.01,-21,,-2.56,,,-1,-5.5,2.37,-13,-3.2,-4,-5,,1.3,-3.3,1,-3,-4.5,-10.3,4,-1.63,-12.99,-10,5.08,21,3,6,-18,24
Nebraska,Wisconsin,-2.5,-4.64,-2.54,-2.69,,-5.06,-1.88,-6.4,-4.16,2,-6.48,-3,-6.87,-2,-4.78,-6.65,-3.17,-4.17,-2.74,-4.23,0.5,-6.45,-3.16,-13.18,-6.04,0.45,-3.8,,-2.57,-2,3,-3,-4.23,-0.96,-2,0,-3,,-4.26,0.97,0.5,2,,,-4,1,-1.7,-2.5,-2.9,-0.25,-2,,-9.59,,,-5,0.5,-3.08,-1,2,-6,4.7,,-0.3,-1.2,-4,-2,1.5,-3.2,-4.5,-4.99,-5.37,-7,2.82,23,21,6,-2,44
Nevada,New Mexico,4.5,9.41,1.17,10.83,,2.1,10.77,9.15,10.22,12,7.59,2,10.6,7,9.4,3.93,11.51,2.77,7.19,15.41,6,13.75,8.21,4.43,3.03,0.81,3.03,,3.37,6.5,11,7.55,9.48,4.11,11,6.5,5,,6.03,2.85,14,1.7,,,-2,6,4.7,4.5,9.1,7.61,16,,3.6,,,8,6,4.7,16,1.4,9,0.7,,7.1,14.3,13,6,5,18.2,7.5,7.87,10.55,-7,4.97,17,35,6,18,52
Northern Ill.,Ball St.,9.5,8.89,3.06,8.24,,12.44,7.58,6.96,6.63,8,6.32,6,8.76,8,9.44,2.56,6.79,0.52,7.93,5.45,9.5,9.75,7.63,10.39,7.37,3.52,8.04,,6.69,7.5,12,8.02,6.88,4.82,12,10,9,,4.27,11.95,9,8.5,,,11,12,9.4,9.5,7.3,10.8,0.01,,6.62,,,11,9.5,8.92,11,9.3,16,6.2,,11.8,3.4,10,3,10.5,-1.1,16,8.79,10.77,1,3.63,41,59,6,18,100
Notre Dame,Navy,14,10.82,0.44,11.63,,1.93,0.48,13.64,12.24,8,6.21,8,10.51,7,11,13.12,15.1,-3.4,11.05,2.65,13.5,11.75,10.1,7.57,10.61,9.43,12,,9.52,13.5,19,11.1,10.15,21.1,12,15,17,,5.61,19.05,-2,26.2,,,6,12,19.4,13.5,12.8,18.61,16,,12.2,,,21,13.5,10.15,8,26.4,16,15.3,,11.2,6.6,3,4,14.5,-7.9,14.5,11.61,7.67,-7,6.89,24,41,6,17,65
Ohio,Miami (Ohio),14.5,21.35,21.31,16.75,,24.22,21.66,16.69,21.34,24,14.72,19,27.32,20,21.05,25.38,19.59,16.14,19.99,18.08,17.5,25.75,20.46,10.93,23.9,19.14,12.88,,23.35,19,23,20.86,22.48,20.18,18,17,24,,24.72,23.45,23,21.5,,,21,18,19.2,15.5,17,21.89,21,,21.06,,,17,17.5,20.71,28,19.9,25,7.9,,18,18.2,15,13,16.5,22.7,8.5,21.91,23.69,21,4.05,3,34,6,31,37
Ohio St.,Maryland,31.5,25.79,23.06,26.07,,28.79,20.81,34.62,27.72,29,21.27,27,28.42,28,25.5,32.79,26.36,15.89,29.38,27.21,32,30.95,29.06,42.5,29.88,22.21,27.93,,27.73,30,44,28.61,27.17,30.68,35,29.5,35,,31.01,35.25,31.5,42.2,,,35,32,34.9,31.5,32.3,35.2,33,,31.93,,,31,32,29.63,26,39.8,40,21.9,,28,27.1,31,20,33,25.9,23.5,37.01,25.67,22,5.67,28,49,6,21,77
Oregon,Washington St.,17,15.14,12.64,19.9,,20.69,12.21,20.16,20.1,17,8.93,16,16.61,20.5,14.26,23.23,13.68,10.5,16.6,20.24,16,14.15,13.03,31.68,12.02,15.87,11.28,,16.26,16.5,24,16.26,18.75,17.19,23,17,16,,17.52,25.96,14,22.7,,,13,19,19.6,17,19.7,13.57,15,,18.19,,,20,16,1.57,8,22,20,10.3,,27,13.9,15,12,17,3.7,21,27.03,15.25,6,5.34,45,38,6,-7,83
Penn St.,Indiana,6.5,6.03,1.41,6.17,,9.34,1.29,4.57,6.56,-1,-2.21,5,1.57,6,6.18,-0.54,6.09,0.31,4.76,-2.81,5.5,2.65,5.55,4.04,2.48,-0.54,2.5,,1.45,5,7,5.37,5.43,7.63,9,7,2,,3.16,11.66,1.5,8.4,,,11,10,9.8,6.5,2.9,4.63,-6,,8.15,,,7,5.5,12.65,3,8.4,7,8.8,,9.7,5.3,10,3,6.5,-3.1,14.5,2.72,2.24,-4,4.42,7,29,6,22,36
Pittsburgh,Virginia,8,16.01,15.07,10.95,,18.45,16.61,8.81,15.17,18,7.55,14,16.22,13,15.8,13.79,12.79,14.29,13.21,20.34,11,13.85,8.61,22.39,13.44,9.52,6.28,,10.61,12.5,19,12.9,16.82,11.52,10,10,11,,20.07,12.8,27,9.2,,,10,16,11.5,9,14.7,26.7,25,,6.77,,,11,11,12.49,17,7,15,4.2,,9.8,15.8,10,9,10,18.5,12,13.29,14.94,16,4.39,19,26,6,7,45
Purdue,Minnesota,-3.5,-2.24,-12.58,-2.44,,-7.07,1.71,-0.76,-9.81,-1,4.32,-6,-0.79,-7,-0.68,-9.31,-4.64,-5.28,-3.53,-3.34,-2,6.15,-1.9,-14.96,-6.11,-10.04,-2.27,,-7.22,-3,-4,-3.47,-8.28,0.5,-4,0,1,,-10.82,-4.28,-1,-3.6,,,4,-3,-2.1,-3.5,5.1,-7.2,4,,-4.87,,,-1,-4,0.64,-1,-3.2,-4,-5.8,,-3.8,-3.8,-3,-1,-3,-7.6,-6,-10.42,-0.49,-5,4.20,41,13,6,-28,54
Rutgers,Michigan St.,-13,-12.96,-17.79,-15.89,,-13.41,-12.98,-14.53,-18.63,-14,-9.41,-16,-21.86,-15,-11.77,-26.73,-16.27,-13.35,-15.32,-18.55,-14.5,-13.75,-9.36,-31.71,-18.83,-16.57,-22.21,,-13.91,-14.5,-29,-14.77,-18.05,-13.43,-13,-16.5,-17,,-21.28,-19.34,-13.5,-18.1,,,-12,-13,-15.8,-13,-15.2,-9.23,-15,,-14.45,,,-13,-14.5,-10.49,-12,-16.6,-14,-9.1,,-19.5,-13.4,-17,-9,-13.5,-15.2,-13,-20.93,-14.11,-12,4.02,31,24,6,-7,55
South Florida,Syracuse,1.5,-7.37,-10.23,-10.87,,-8.38,-11.53,-5.88,-10.39,-4,-0.54,-8,-8.77,-5.5,-6.38,-12.71,-10.01,-12.66,-5.1,-12.79,1.5,-4.15,-1.27,-15.25,-3.02,-3.56,-4.21,,-1.83,-4,-3,-4.26,-11.08,-6.05,-2,3,-5,,-12.23,5.52,-1.5,-4.3,,,-4,-2,-1.8,0,-3.4,-0.64,-4,,2.89,,,-4,1.5,5.61,-6,-4.4,-4,1.9,,-1.1,-5.1,-8,-4,2.5,-12.7,3.5,-6.05,-9.87,-13,4.67,24,45,6,21,69
Temple,Tulane,14,20.68,24.09,16.89,,17.11,18.74,13.02,19.79,28,5.53,21,28.12,15.5,20.56,25.7,20.44,14.91,18.71,19.98,17,8.75,13.41,29.18,13.01,18.65,14.27,,21.69,18.5,20,19.3,21.35,21.69,16,15,18,,26.56,18.44,28.5,22.9,,,25,23,19.9,14.5,13.8,19.81,14,,14.82,,,20,17,30.87,23,20.5,13,12,,15.3,21.3,25,14,16,26.2,12,16.56,18.81,22,5.00,10,49,6,39,59
Tennessee,Georgia,-2.5,-1.86,-4.56,-3.46,,-9.14,3.26,-5.02,-5.61,1,-5.27,-5,1.18,-9,-1.02,-6.97,-4.32,-3.21,-2.46,-0.74,-2,-1.15,0.26,-11.11,1.04,-4.71,-3.25,,-3.07,-1.5,-7,-3.05,-4.79,0.66,-6,-2.5,0.01,,-4.41,-3.04,-2.5,0.7,,,-4,-2,3.3,-2.5,-1.4,-2.11,8,,-5.91,,,-1,-2,-3.9,-1,0.4,1,-2.7,,-1.9,4.8,-7,-3,-3,11.6,-10.5,-6.88,0.81,-3,3.97,31,38,6,7,69
Texas,Oklahoma,-16.5,-20.78,-25.83,-14.33,,-23.04,-27.48,-12.93,-19.02,-27,-11.06,-21,-30.25,-18,-20.6,-25.28,-18.38,-18.52,-18.21,-21.18,-18,-19.2,-15.1,-32.82,-19.61,-10.1,-18.91,,-10.04,-19,-28,-18.51,-21.68,-18.3,-13,-15.5,-12,,-24.65,-11,-28,-19.6,,,-21,-20,-18.3,-16.5,-8.9,-28.88,-32,,-8.58,,,-19,-18,-11.41,-28,-18.5,-10,-12.5,,-15,-15.9,-14,-14,-17,-23.2,-10.5,-13.3,-27.65,-27,6.31,17,24,6,7,41
Texas Tech,Iowa St.,10.5,7.45,8.24,6.32,,5.48,3.31,15.63,9.35,13,12.47,11,9.76,14,6.98,13.08,13.35,3.44,12.12,8.83,11.5,13.15,11.75,15.57,16.38,15.88,7.74,,17.43,10.5,14,12.24,9.18,14.37,16,12,14,,11.13,16.97,25.5,18.6,,,8,14,12,10.5,10.9,12.97,9,,10.73,,,10,9.5,16.24,12,17.9,13,22.4,,14.5,8.6,21,8,10.5,10.8,9,15.57,7.25,-1,4.51,31,66,6,35,97
Texas-San Antonio,Louisiana Tech,-13,-15.45,-12.8,-11.88,,-15.36,-15.65,-14.29,-12.94,-14,-5.77,-15,-19.9,-9.5,-15.91,-10.68,-14.02,-9.37,-13.76,-11.11,-12.5,-19.65,-13.5,-13.07,-12.38,-8.31,-0.29,,-10.96,-14,-17,-14,-13.83,-20.33,-15,-13,-19,,-13.64,-19.73,,-18.2,,,-20,-16,-13.6,-13,-14.9,-17.8,-9,,-8.28,,,-12,-12.5,-7.58,-19,-18.5,-22,-12.5,,-14.5,,-14,-8,-11.5,-18.9,-14,-13.31,-19.42,-21,4.36,34,31,6,-3,65
Toledo,Kent,14,29.4,23.93,22.4,,19.61,29.01,20.97,28.17,28,19.35,16,34.12,17.5,29.18,30.66,24.53,18.13,23.01,23.57,18.5,28.85,23.3,35.61,27.91,23.56,14.5,,24.64,21.5,22,23.56,30.25,23.79,22,17,24,,30.42,20.24,30,20.8,,,20,24,16.1,15,21.5,25.65,31,,20.79,,,24,15.5,12.95,33,20.2,26,13.4,,14.9,21.5,21,12,14.5,25.9,16,29.89,32.7,16,5.45,7,38,6,31,45
Tulsa,Louisiana-Monroe,9.5,9.38,11.99,4.95,,3.94,11.95,8.77,8.94,16,13.98,9,9.68,8,9.12,11.23,3.09,9.34,10.4,8.13,10,11.85,3.73,6,12.38,5.87,8.06,,7.52,10.5,9,9.85,10.36,9.69,7,9,12,,14.25,4.86,10,13.7,,,16,10,20.6,9.5,7.6,12.08,11,,4.1,,,12,10,15.05,14,12,9,15.1,,5.6,16.9,14,8,9,30.8,10,10.73,10.5,15,4.64,24,34,6,10,58
UNLV,San Jose St.,-3,1.96,8.49,0.24,,-2.13,6.67,0.92,0.41,9,8.16,6,3.38,3,2.11,-0.34,-2.96,0.68,1.43,7.88,-2,9.75,-1.82,2.18,-10.28,2.45,1.81,,1.05,-1,-1,1,1.45,-1.19,1,1,-1,,4.62,-3.74,-11.5,-9.1,,,4,1,-10.4,-2,4.2,11.32,0.01,,-3.09,,,-3,-2,-1.33,8,-9.6,6,-0.5,,-0.3,0.2,4,1,-3,7.6,-1,5.9,7.5,2,4.82,33,27,6,-6,60
USC,Washington,17,15.09,13.38,12.53,,14.46,17.34,14.43,14.12,14,10.71,14,22.39,11.5,15.36,18.77,13.56,11.15,15,10.98,16.5,15.85,16.48,21.18,19.91,8.69,12,,9.24,16.5,26,14.43,14.46,23.17,15,16.5,10,,16.27,15.86,8.5,23.8,,,,14,22.5,16.5,14.2,23.9,19,,14.08,,,13,16.5,15.49,15,23.9,21,15.7,,19,10.9,13,10,17.5,4.7,9,11.98,19.03,8,4.68,17,12,6,-5,29
Utah,California,7.5,9.64,8.3,10.24,,7,15.7,13.14,8.01,16,5.64,11,11.17,11,9.67,6.79,12.21,9.43,10.53,17.7,8,16.85,7.08,16.43,1.6,7.21,8,,8.97,8.5,23,11,9.53,8.05,11,7.5,11,,11.1,14.34,3.5,11.5,,,,11,11.3,8,17.4,8.89,19,,4.93,,,13,8,13.44,13,12,14,-3.7,,6.5,11.1,11,9,7,15.8,6.5,13.2,14.46,1,4.50,24,30,6,6,54
Virginia Tech,NC St.,2.5,0.35,-6.45,2.13,,-5.32,0.1,1.42,1.59,3,0.25,-3,-1.19,0.01,0.32,-1.27,0.17,-2.94,-0.09,0.01,1,-3.45,1.72,-3.86,-2.5,-1.35,4.3,,-2.44,0.5,13,0.14,0.4,1.68,2,3,0.01,,-2.87,4.94,-4.5,4.1,,,-4,4,-0.8,2,1.9,-2.93,-4,,3.46,,,3,1,-6.2,-5,2.9,4,-5.1,,0.5,7.6,-1,1,2,0.5,-4.5,-3.26,0.81,-13,3.93,13,28,6,15,41
West Va.,Oklahoma St.,7,4.99,1.49,5.21,,7.64,11.68,2.56,-0.75,4,1.76,1,8.23,-6,6.11,1.17,4.49,2.74,4.18,8.58,6,1.95,1.35,1.54,9.66,-0.3,-7.6,,3.6,5.5,-6,4.11,0.83,6.89,6,6.5,4,,3.01,8.52,13.5,5.5,,,8,7,2.7,7,0.9,4.11,13,,2.7,,,6,6,11.03,12,6.3,11,5.8,,5.8,5.4,8,4,7,0.2,-4.3,-0.64,10.1,2,4.46,33,26,6,-7,59
Western Kentucky,Middle Tenn.,7.5,9.93,10.6,12.95,,7.92,7.21,17.67,14.2,13,12.86,11,11.53,14,8.9,11.01,10.79,8.96,10.92,11.91,9.5,12.15,7.98,17.64,12.87,12.95,9.21,,14.09,9,15,10.85,13.42,6.99,12,10.5,10,,16.96,7.99,,10.9,,,4,10,9.3,8,17.1,7.38,10,,9.88,,,6,9.5,6.89,9,9,13,6.3,,10.7,12.5,11,9,8.5,14.2,8.5,19.99,6.5,7,3.20,28,58,6,30,86
Western Mich.,Central Mich.,5.5,-0.01,-3.33,-1.12,,-2.42,-2.34,0.65,1.41,-3,-2.3,2,-3.71,-0.5,-0.01,-0.48,1.08,-4.79,1.31,-7.51,6.5,-3.55,1.32,-5.46,9.95,3.37,1.9,,3.88,2.5,5,1,-0.21,6.83,2,3.5,1,,-1.49,13.09,0,10.2,,,1,5,6.4,5,-1.8,0.43,1,,9.8,,,5,6.5,4.64,-4,11.1,5,-1.4,,6.1,-0.8,-1,2,7.5,-11.5,5,-0.77,-3.29,-8,4.77,39,41,6,2,80
BYU,Cincinnati,4.5,11.58,9.06,7.58,,8.49,19.04,6.42,9.33,15,11.93,11,16.23,10.5,12.49,9.28,10.85,7.67,9.07,12.55,7.5,5.35,6,16.18,10.61,7.53,4.34,18.31,6.51,7.5,14,8.25,11.42,6.36,5,5.5,5,,12.74,6.69,0.5,3.2,22.12,,-4,6,1.9,5.5,7.7,,10,,8.66,,,6,7.5,12.75,17,3.9,6,5.3,,6.4,9.7,8,5,6.5,9.1,2.5,9.86,20.25,-3,5.00,24,38,7,14,62
Ball St.,Georgia St.,13,20.49,18.06,23.41,,9.38,20.51,20.59,20.32,31,14.44,22,27.82,22,20.57,23.95,15.35,15.54,19.05,22.68,15.5,20.55,17.53,-8.32,20.29,14.21,3.7,26.89,16.59,17.5,14,18.69,21,18.37,26,15.5,18,,13.52,16.62,,15.2,31.12,,,18,17.8,14,21.5,,29,,14.29,,,14,15.5,2.9,28,14.2,19,9.2,,26,,18,16,14.5,31.5,9,19.56,24.88,12,6.26,31,19,7,-12,50
Baylor,West Va.,20.5,15.04,11.11,14.67,,8.45,9.82,20.67,17.27,24,14.71,13,15.45,16.5,13.87,19.06,21.52,7.82,17.03,19,20.5,25.45,20.49,17.5,22.99,10.01,23.3,17.21,11.17,18.5,21,17.13,17.1,18.85,20,18,17,,12.59,14.42,14,19.2,17.15,,14,13,19.7,20.5,23.5,,15,,17.16,,,14,20.5,-6.69,23,17.6,22,22.9,,19.5,27,18,11,21.5,42.1,15.5,25.66,14.25,12,6.54,38,62,7,24,100
Bowling Green,Akron,11.5,11.19,8.3,8.65,,9.6,9.77,8.8,11.47,8,11.28,9,10.28,10.5,11.06,11.31,10.25,7.72,9.89,4.91,10.5,11.25,10.92,16.93,8.81,9.68,5.46,7.51,7.77,11,12,10,11.44,9.43,7,10,12,,11.64,13.88,-0.5,13.9,5.94,,5,9,11.3,11.5,9.1,,13,,10.63,,,11,10.5,13.12,10,13.6,12,7.1,,10,9.3,10,6,11.5,9,12.5,13.32,12.16,4,2.35,10,59,7,49,69
Central Mich.,Buffalo,7,3.1,2.31,6.43,,6.99,1.66,9.22,4.31,6,7.79,3,4.57,5.5,2.52,11.54,9.38,0.93,5.8,7.58,6.5,7.25,5.86,9.86,6.58,6.74,2.14,6.27,6.54,5.5,5,6,4.02,5.38,8,7,10,,6.04,6.24,-5.5,5.5,5.2,,1,6,2.4,7,11.3,,12,,5.3,,,6,6.5,0.01,6,5.8,6,3.3,,6.7,6.6,7,3,7.5,7,7,11.01,1.91,-1,2.81,14,51,7,37,65
Clemson,Boston College,17,22.18,21.13,20.91,,17.49,20.94,21.6,24.73,25,11.06,9,21.62,13,21.05,38.18,20.92,15.16,20.77,19.63,16.5,16.75,18.4,33.86,20.23,20.67,23.79,26.33,20.47,19,34,20.93,24.83,22.23,18,17,21,,26,14.19,4,22.3,27.31,,21,19,17,17.5,23.4,,31,,23.63,,,16,16.5,23.93,23,20.3,23,11.4,,20.5,18.3,14,12,15.5,21.4,14,26.01,22.25,9,5.45,17,34,7,17,51
Colorado,Arizona,-7,-10.77,-7.97,-10.51,,-4.9,-13.3,-7.71,-11.83,-6,-2.42,-8,-14.09,-9.5,-10.3,-12.59,-9.02,-11.49,-8.17,-7.02,-9,-10.75,-8.52,-19.25,-3.99,-4.39,-0.95,-8.77,-5.26,-9,-6,-8.04,-11.75,-7.75,-9,-8,-13,,-11.1,-8.07,-12,-4.2,-9.46,,-9,-7,-3.2,-7,-7.1,,-18,,-7.79,,,-8,-9,8.29,-12,-4,-12,-8,,-8.5,-6.3,-7,-6,-8,-2.9,-11,-12.68,-14.92,-11,4.08,38,31,7,-7,69
Colorado St.,Air Force,-3,-2.88,-5.01,-0.69,,-3.12,-4.61,1.25,-0.7,1,-2.45,-2,-6.3,,-3.89,-6.83,5.1,-10.51,-1.72,-1.97,-2,-3.25,-2,-9,-4.95,-3.09,0.69,-0.34,-2.02,-3,6,-2,-2.16,-2.59,2,0,-2,,-6.25,3.76,-9,0.01,-0.47,,-7,-1,-6.1,-3,-1.7,,3,,1.1,,,-1,-2,-3.43,-7,1.3,2,-4.8,,-0.2,1.4,1,1,-3,0.5,4.5,-7.86,-4.26,-13,3.70,23,38,7,15,61
Connecticut,South Florida,0,2.32,-1.25,3.79,,0.18,7.97,2.44,2.19,11,1.77,1,2.39,3.5,2.38,-1.03,1.99,2.82,2.2,5.47,1.5,-3.75,2.67,0.54,0.98,2.44,5.39,8.53,4.64,1,11,2.44,2.86,-0.17,-1,2.5,-5,,3.04,-3.73,1.5,-1.7,10.33,,4,0.01,-3.6,0.5,4.6,,-2,,0.26,,,3,1.5,-4.15,4,-2.5,1,-0.8,,0.7,3.1,4,3,2.5,3.5,4,1.87,2.92,-4,3.57,28,20,7,-8,48
East Carolina,Tulsa,14,10.71,1.5,13.98,,9.25,9.33,14.42,12.16,16,6.18,7,9.29,12,10.05,10.35,16.1,6.31,11.2,14.64,11,11.15,10.24,15.75,9.83,9.56,-0.93,16.56,14.23,10.5,14,11.07,11.3,8.85,15,10,12,,8.8,11.81,5.5,7.9,17.89,,11,11,6.2,13.5,14,,21,,16.43,,,11,11,0.89,12,8.2,14,8.9,,10.2,11.2,14,10,12,11.7,14,15.39,10.89,-2,4.32,17,30,7,13,47
Florida Atlantic,Marshall,-3,-12.22,-15.14,-17.82,,-5.76,-7.98,-18.69,-14.96,-11,-13.55,-15,-18.32,-17,-11.05,-14.68,-14.82,-13.06,-12.68,-12.77,-8,-16.55,-10.84,-8.29,-3.11,-13.15,-6.04,-10.84,-14.01,-10.5,-11,-13.1,-14.6,-7.44,-17,-6.5,-15,,-16.51,-14.26,-9,-11.8,-12,,-13,-15,-8.4,-4.5,-18.7,,-9,,-6.92,,,-9,-8,-4.57,-13,-11.6,-14,-7.9,,-19.5,-11.2,-14,-6,-7,-10.5,-16,-17.06,-11.63,-17,3.87,33,17,7,-16,50
Florida St.,Louisville,7,7.79,17.03,7.05,,13.23,1.93,6.62,12.69,11,2.23,15,5.98,16,5.72,17.47,8.41,9.07,8.46,3.49,6,1.35,5,19.21,4.96,10.89,19.54,7.24,5.12,7,11,7.3,12.09,8.15,9,7.5,7,,15.87,11.67,11.5,5,3.39,,11,10,4.5,7,2.1,,0.01,,13.28,,,5,8,20.74,3,7,5,9.9,,9.8,6.7,14,5,7,5.4,10,7.36,2.89,10,4.72,21,41,7,20,62
Fresno St.,UNLV,-4.5,-7.65,-9.53,-2.23,,-15.61,-15.75,0.01,0.41,-9,-7.71,-8,-20.72,0.01,-11.44,-4.2,0.66,-7.91,-4.9,-10.32,-6,-18.95,-2.91,8.21,-2.94,2.68,2.58,-10.5,1.37,-6,-4,-3.11,-3.25,-6.94,-1,-3,-3,,-3.29,2.71,-4,-1.4,-16.44,,-9,-2,3.2,-4.5,-10.8,,-16,,4.9,,,-4,-6,2.44,-19,1.7,-11,-1.5,,0.8,0.4,3,1,-7,-8.5,6,-3.21,-20.41,-13,7.02,28,31,7,3,59
Georgia,Missouri,14.5,12.42,5.51,10.42,,11.74,11.54,13.25,9.55,16,8.81,4,14.76,4.5,13.51,-1.11,11.72,4.14,11.19,11.92,15,11.25,14.98,9.64,20.15,4.98,5,13.8,8.21,13,13,11.73,10.91,16.45,17,16,9,,7.47,12.51,5.5,14.3,17.29,,18,13,10.1,14,13,,11,,7.25,,,12,15,14.01,16,14.3,14,17.7,,12.6,9.2,13,9,16,9.4,9,6.71,14.81,2,4.34,6,9,7,3,15
Georgia Southern,New Mexico St.,30.5,30.3,29.36,32.86,,30.33,32.73,29.2,31.31,33,18.83,32,35.9,28,29.86,41.95,34.47,26.09,28.4,37.43,30,35.05,29.46,7.36,25.09,19.24,4.63,32.06,23.02,29.5,24,29.36,32.37,26.41,30,26,32,,26.81,20.9,,26.6,34.13,,28,28,27.2,30.5,32.8,,38,,21.62,,,27,28,14.48,40,26,32,26.8,,29.5,,21,20,29,27.3,17.5,37.52,36.86,27,6.73,26,56,7,30,82
Georgia Tech,Pittsburgh,3,5,-2.89,4.04,,0.33,1.81,6.81,0.34,-2,5.67,1,6.46,0.01,7.32,-5.62,9,-7.13,4.75,-6.49,4.5,11.35,7,-0.25,7.35,0.72,5.51,-0.91,6.03,5,2,5,0.94,9.74,15,2.5,4,,-4.46,17.26,-3.5,11.6,2.76,,7,4,9.7,3,4.4,,7,,3.08,,,7,4.5,14.09,5,13.7,12,3.8,,7.6,3.6,8,5,3.5,0.8,8,3.2,8.82,-1,5.22,31,28,7,-3,59
Indiana,Rutgers,5.5,7.24,14.34,2.18,,7.57,9.34,1.39,8.42,17,5.68,11,9.91,8,6.73,17.78,7.61,13.26,7.54,14.19,6.5,3.65,3.95,12.11,10.07,11.25,8.24,16.81,12.1,6.5,12,7.1,9.42,6.55,1,5.5,5,,14.88,-0.9,10,3.9,17.52,,-2,2,6.5,5.5,3.5,,6,,6.2,,,5,6.5,5.95,13,2.3,5,4.5,,3.8,7.2,7,6,,9.4,-1.5,0.93,8.62,7,4.84,55,52,7,-3,107
Iowa St.,TCU,-20,-18.23,-22.47,-16.11,,-24.75,-10.63,-27.79,-22.58,-20,-17.3,-26,-19.1,-25.5,-16.57,-23.28,-21.33,-10.98,-21.36,-15.18,-21.5,-27.45,-20.93,-37,-16.9,-20.44,-18.2,-21.99,-22.1,-21,-30,-21.66,-21.02,-23.08,-31,-22,-24,,-22.06,-29.52,-26,-32.9,-23.56,,-21,-23,-25.6,-20,-23.3,,-23,,-18.56,,,-19,-21.5,-4.97,-19,-31.1,-31,-17.6,,-22,-17.6,-18,-10,-20.5,-17.5,-22.5,-30.78,-19.34,-20,5.52,45,21,7,-24,66
Kansas,Texas Tech,-33,-26.59,-27.79,-15.87,,-30.55,-23.61,-25.99,-22.32,-35,-20.49,-35,-33.78,-25.5,-28.58,-31.32,-23.07,-21.44,-26.54,-32.17,-30,-30.15,-28.34,-21.21,-33.48,-17.25,-6.19,-32.06,-23.77,-29.5,-28,-27.8,-25.22,-28.21,-22,-28,-30,,-25.06,-27.82,-43.5,-36.8,-42.1,,-35,-25,-32.3,-32.5,-27.9,,-37,,-24.42,,,-26,-30,-15.79,-34,-34.2,-30,-33,,-22,-23,-29,-13,-31,-27.8,-7.5,-25.96,-30.78,-34,7.14,30,20,7,-10,50
Kansas St.,Oklahoma,-4.5,-0.4,-4.17,1.87,,0.11,-5.25,5.47,-2.23,3,5.8,-5,-3.67,0.01,0.41,-2.38,1.18,-3.9,-0.35,-0.7,-3,3.95,-4.2,-1,-6.84,-0.21,-3.25,-0.88,3.02,-3,2,-0.21,-1.84,-5.46,7,-5,0.01,,-1.98,2.45,-2.5,-6.6,-3.17,,-3,-5,-13.9,-3.5,5.7,,-3,,-1.89,,,-2,-3,7.44,1,-2.9,6,1.8,,-1.8,0.5,3,3,-4,3,0.01,6.38,-2.73,-5,4.06,55,0,7,-55,55
Kentucky,Auburn,-1.5,-1.79,7.49,-2.57,,10.64,2.74,-0.45,-4.13,4,5.86,5,2.34,0.5,-1.05,10.82,-3.61,2.85,-0.09,-0.51,-1,-3.65,-3.56,1.71,1.32,1.81,6.2,4.54,-1.71,-1.5,-6,-1.2,-2.83,-1.83,-6,-2,-2,,5.74,-4.07,7.5,-4,4.94,,,0.01,-5.7,-1.5,-1.2,,-2,,-5.23,,,-5,-1,9.4,1,-4.5,-4,-2.9,,-3.9,-1.5,-7,-1,-2,2.9,-6,5.2,1.78,7,4.52,30,27,7,-3,57
LSU,Florida,7,0.01,-2.41,1.88,,-0.99,-1.85,-0.27,2.92,1,-0.59,-2,0.15,-0.5,-0.87,0.81,0.56,-0.51,1.3,2.84,8,-6.45,6.61,-0.36,-3.44,2.11,9,-1.31,-0.61,3.5,12,1,1.58,4.7,2,6,1,,1.07,6.15,5,6.6,-5.72,,-8,2,6.6,6,-5.9,,-8,,4.05,,,3,8,13.54,-3,6.9,1,7.4,,6.3,4.7,3,-1,9,5.3,2,-0.7,-5.28,-6,4.51,28,35,7,7,63
Louisiana-Monroe,Appalachian St.,-14,-11.23,-12.19,-9.05,,-9.64,-5.58,-12.65,-9.29,-12,-7.95,-11,-9.14,-5.5,-12.27,-7.37,-17.59,-10.83,-10.95,-9.64,-12,-11.75,-11.76,-8.5,-13.91,-6.24,2.53,-13.76,-5.23,-12.5,-9,-11,-10.97,-11.83,-7,-10,-13,,-13.76,-13.25,,-14.2,-16.87,,-10,-13,-17.5,-13.5,-12.4,,-8,,-8.15,,,-12,-12,-15.06,-13,-12,-17,-20.5,,-9,,-18,-10,-11,-7.8,-15,-10.71,-9.48,-22,4.18,59,14,7,-45,73
Massachusetts,Kent,7,6.23,2.58,3.31,,-7.42,8.36,-0.53,4.14,9,1.11,4,7.02,-1.5,7.17,5.37,7.13,-3.78,4.92,2.91,6,5.35,4.98,4.36,5,7.52,3.97,7.15,8.2,6,-2,6.11,5.32,6.11,0.01,6,8,,4.13,6.72,,9,8.75,,7,7,8.9,7,-0.7,,9,,7.34,,,12,6,-2.47,9,7.9,3,3.4,,2,,7,5,7,6.7,6.5,2.66,7.15,-4,3.94,15,10,7,-5,25
Memphis,Mississippi,-10,-8.98,1.93,-3.34,,4.04,-7.46,-8.05,-8.51,3,-4.03,-3,-13.51,-4.5,-9.19,-8.65,-8.62,-0.6,-5.7,-4.58,-9.5,-5.85,-8.55,-4.11,-3.99,-1.98,-2.5,0.01,-3.99,-9,-10,-4.79,-7.99,-13.43,-2,-9.5,-8,,-0.34,-8.49,-2,-14.6,-7.61,,-12,-4,-11,-9.5,-2.5,,3,,-13.04,,,-12,-9.5,-3.39,-10,-17.8,-5,-14,,-0.2,-7.2,-7,-3,-10.5,0.7,9,-4.55,-12.81,-6,5.25,24,37,7,13,61
Miami (Fla.),Virginia Tech,3,2.16,4.52,0.01,,1.56,-2.03,-2.78,1.72,3,-0.01,3,-1.77,3.5,2.38,2.71,3.79,1.26,1.44,-0.88,4.5,-0.01,2.43,2.43,9.91,4.25,2.67,-0.53,2.79,2.5,1,1.83,1.95,2.18,6,6,-1,,2.97,-5.02,-1,-0.9,-3.4,,3,1,0.8,3,-5,,-2,,-1.32,,,-1,4.5,7.67,-1,-1.1,-3,6.9,,3,0.8,4,2,6,4.8,7,2.16,-2.45,3,3.05,20,30,7,10,50
Miami (Ohio),Northern Ill.,-14.5,-17.8,-11.46,-12.22,,-19.22,-16.67,-17.81,-15.8,-12,-14.23,-16,-23.39,-15,-18.72,-11.55,-17.86,-9.93,-15.66,-10.16,-16.5,-22.85,-18.1,-2.04,-20.44,-6.56,-3.21,-16.08,-14.44,-16.5,-22,-16,-16.8,-15.21,-18,-15.5,-20,,-11.36,-22.18,-16.5,-17.5,-25.02,,,-15,-14.9,-14.5,-18.2,,-20,,-7.24,,,-17,-16.5,-7.81,-23,-16.7,-22,-9,,-19,-15,-14,-10,-15.5,-15.2,-11.5,-18.52,-24.33,-18,4.88,45,12,7,-33,57
Michigan,Michigan St.,7.5,16.69,10.64,7.23,,17.43,22.73,7.73,6.93,21,7.86,6,23.32,2.5,20.82,10.21,8.84,10.1,10.56,24.91,9.5,14.25,8.37,6.71,12.14,-2.58,-1,23.28,7.56,11.5,5,8.39,10.82,8.54,4,6.5,5,,9.01,-3.64,6,8.2,29.43,,4,7,8,7.5,16.2,,34,,-2.07,,,13,7.5,9.91,27,6.6,10,8.4,,2.8,15.1,3,8,8.5,24,-4.5,-1.61,26.73,6,8.86,27,23,7,-4,50
Middle Tenn.,Florida Intl.,10.5,10.59,7,7.25,,7.95,9.83,2.89,9.24,5,6.07,8,8.87,6,11.37,9.81,6.03,7.37,7.41,9.57,8,9.95,7.97,9.96,12.88,4.44,5.66,9.34,3.17,8.5,7,7.25,10.12,11,8,6,8,,6.58,13.96,-3.5,4.8,12.45,,,7,3.1,10,2.4,,10,,5.16,,,9,8,6.36,12,6.9,6,9.2,,6.6,4.5,7,4,9,1.7,8.5,-0.54,15.77,4,3.19,34,42,7,8,76
Minnesota,Nebraska,2.5,-2.2,9.36,0.63,,2.15,-2.73,3.36,2.19,5,5.83,6,-4.58,6,-4.01,8.58,-3.88,4.2,1.75,2.92,1,-0.45,-1.02,9.46,4.8,8.1,3.23,2.66,6.06,1,-5,1.9,1.11,-1.07,1,0,1,,10.42,2.1,5.5,1.7,-2.69,,-3,-3,2.3,2.5,5.7,,-3,,8.2,,,-4,1,-0.26,-3,1.3,6,-3.9,,0.1,2.5,-3,-3,2,7.4,3,6.95,-4.86,1,4.23,48,25,7,-23,73
Mississippi St.,Louisiana Tech,12,10.48,6.26,14.61,,10.16,5.02,9.97,13.15,5,4.82,10,7.32,9.5,9.3,16.99,16.85,7.57,10.59,11.72,12.5,10.65,13.48,21.43,14.07,9.04,12.17,5.47,11.35,11.5,14,10.32,11.52,9.74,13,13.5,14,,11.19,8.15,10,15.2,4.41,,13,12,13.8,12,4.4,,12,,16.49,,,16,12.5,9.83,10,16.3,9,13.2,,7.8,9.8,11,5,13.5,8.2,8,8.32,7.86,1,3.61,20,45,7,25,65
New Mexico,Hawaii,5,1.96,3.55,-5.03,,15.85,-0.69,-3.02,-1.59,6,-2.7,6,0.68,5,3.55,-7.39,1.31,-1.14,2.09,-6,4.5,0.95,2.98,7.14,-1.16,2.42,1.15,1.9,1.79,3.5,10,1.93,-0.3,8.3,2,5,1,,1.98,6.09,3,4.2,2.41,,8,1,3.9,4.5,-1.9,,-3,,-4.7,,,1,4.5,14.1,3,5.4,-1,10.2,,0.01,2.1,4,4,5.5,3.6,5,-0.28,1.6,11,4.59,27,28,7,1,55
North Carolina,Wake Forest,17,16.86,9.77,15.31,,17.67,14.14,16.48,17.83,19,11.78,9,18.87,9,16.4,12.2,20.18,9.64,16.17,11.95,18.5,18.95,19.37,22.32,20.91,10.99,9.26,19.95,14.51,17.5,21,16.05,17.86,21.39,15,15,16,,15.87,20.32,16,22.5,22.44,,19,15,17.7,17,18.5,,16,,15.48,,,12,16.5,12.23,19,22,20,25.3,,15.6,15.3,14,11,17.5,16.1,13.5,17.61,17.23,9,3.96,14,50,7,36,64
North Texas,Western Kentucky,-34,-35.94,-40.65,-27.33,,-41.48,-36.15,-32.09,-27.29,-40,-28.91,-37,-51.82,-26.5,-40.53,-20.7,-22.2,-23.39,-30.95,-33.79,-34,-48.25,-35.52,-10,-30.1,-19.2,-6.7,-33.83,-26.28,-34,-33,-30.1,-32.42,-34.29,-27,-29.5,-33,,-27.73,-33.02,,-33.6,-44.23,,,-28,-25.9,-34,-40,,-49,,-16.51,,,-26,-34,-14.9,-48,-32.1,-44,-26.2,,-26,-25.9,-24,-13,-33,-28.5,-13.5,-35.93,-48.19,-41,9.78,55,28,7,-27,83
Northwestern,Iowa,-1,1.66,3.4,3.85,,-0.14,4.09,-0.8,0.29,2,-0.68,3,2.43,1.5,2.2,3.62,-0.81,1.54,1.56,4.96,-1,-3.95,-1.17,1.32,1.08,1.73,-0.5,4.21,5.1,-0.5,6,1.73,1.49,1.18,0.01,-1,-2,,2.66,2.53,-1,0.9,2.47,,-1,2,-0.6,-0.5,0.5,,-2,,8.87,,,-1,-1,9.68,5,2.2,-6,-6,,3.2,3.2,1,2,-2,4.3,-6.5,1.17,3,-4,3.17,40,10,7,-30,50
Notre Dame,USC,5.5,1.18,7.92,4.61,,5,3.86,3.09,4.04,11,7.2,7,2.62,8.5,-0.27,10.53,-0.01,6.52,5.22,8.91,6,4.75,1.01,7.5,1.41,9.97,14.6,6.87,6.41,4.5,8,4.9,3.77,1.81,0.01,4,9,,9.56,0.48,-1.5,4.8,3.91,,-4,2,5,5.5,8.8,,1,,5.06,,,5,6,-0.66,5,4.8,4,2.7,,1.5,9.7,7,2,7,15.5,8.5,10.79,-0.34,4,3.93,31,41,7,10,72
Ohio,Western Mich.,3,11.28,13.26,9.37,,19.07,10.34,4.73,8.8,19,1.57,12,11.02,13,12.42,6.34,7.64,10.91,9.3,15.37,5,8.05,5.5,14.68,8.88,10.37,12.16,16.04,10.99,7.5,11,10,10.52,5.76,4,4,4,,14.84,0.92,23,1.6,16.21,,15,6,6,4,8.4,,8,,5.38,,,3,5,12.77,11,0.8,5,10,,5.7,11.3,10,7,4,20.8,-0.5,7.18,10.23,13,4.67,49,14,7,-35,63
Ohio St.,Penn St.,19,12.95,9.09,18.98,,9.85,9.5,18.7,15.08,11,12.25,11,13.13,14,12.33,17.25,17.13,5.61,15.81,12.72,16,14.55,20.47,21.86,20.4,13.13,20.6,12.23,13.02,15.5,23,14.58,14.14,16.19,23,18,22,,12.8,23.31,19,25,12.76,,19,19,14.8,18.5,14.6,,10,,24.6,,,20,16,16.78,13,24.9,22,10.7,,20.5,13.5,17,10,17,11.1,16.5,22.88,12.2,8,4.79,10,38,7,28,48
Old Dominion,Charlotte,4.5,8.38,5.76,9.97,,2.56,3.93,15.01,11.26,12,14.86,8,25.23,9.5,6.98,11.36,11.75,4.2,8.26,6.03,8,10.65,13.26,-2,2.96,5.41,4.49,10.71,6.75,7.5,-5,8.94,9.77,2.22,17,8.5,11,,6.24,5.98,,,13.05,,10,10,,5,10.8,,0.01,,10.98,,,2,8,-4.81,11,,7,4.9,,10.4,,3,7,7,9.7,10,16.68,7.27,1,5.23,34,37,7,3,71
San Jose St.,San Diego St.,2.5,4.62,1.59,-0.14,,5.86,6.11,-2.55,1.16,8,2.42,2,6.17,1.5,6.17,1.34,1.04,2.35,3,4.31,3.5,7.75,6.01,3.75,9.3,0.78,3.03,5.45,-0.74,3,1,2,3,4.58,2,2,5,,2.08,0.21,10,0.2,6.26,,7,-1,-0.8,2.5,0.2,,4,,1.05,,,6,1.5,8.95,12,1.2,2,1.3,,-0.4,3.8,1,2,2.5,6.6,-1.5,-0.42,7.19,-1,3.20,30,7,7,-23,37
South Alabama,Arkansas St.,-4.5,-5.47,-0.43,0.01,,-4.18,-5.44,-3.4,-1.57,9,0.35,-4,-11.61,1,-7.26,2.57,-3.03,2.95,-2.82,4.57,-5,-10.15,-11.89,-0.21,-12.72,3.15,4.35,1.1,3.6,-5,-9,-2.4,-1.46,-11.78,-6,-6,-9,,2.71,-12.68,,-8.9,-4.96,,,-5,-2.8,-4.5,-3.7,,-5,,3.85,,,-10,-5,2.02,-1,-10,-13,-2,,-1,,-3,-1,-4.5,5.5,0.01,3.72,-7.23,-5,5.53,49,31,7,-18,80
South Carolina,Vanderbilt,1.5,4.28,-1.84,9.72,,-9.16,-1.28,3.81,8.24,-4,-5.5,-1,-6.92,5,2.59,10.42,6.32,2.94,3.44,-2.56,1.5,-1.75,2.92,9.07,5.51,10.3,4.54,-1.18,9.38,2.5,1,4.14,6.18,2.06,10,5.5,3,,3.9,2.45,3.5,6.9,-5.62,,-4,5,9.9,1.5,-2.1,,-12,,12.82,,,3,1.5,8.88,-2,8.5,7,3,,6.8,5.6,11,4,2.5,4.5,10,6.19,-3.61,-6,5.76,10,19,7,9,29
Southern Miss.,Texas-San Antonio,7.5,6.02,7.67,0.28,,14.75,4.04,0.83,5.3,8,0.69,14,7.06,8.5,6.38,7.58,-1.02,8.57,6.64,2.99,9.5,6.65,12.47,0.54,14.04,7.81,6.45,4,5.96,8,7,6.9,5.82,11.61,7,7,10,,6.9,14.84,,8.4,3.21,,13,9,8.7,7.5,1.5,,-4,,8.84,,,8,9.5,13.52,9,10.7,4,6,,6.2,,11,2,10.5,4,3,-1.88,4.89,11,4.28,10,32,7,22,42
Stanford,UCLA,7,7.57,3.7,5.7,,8.32,1.83,8.78,8.86,6,10.44,2,6.93,5,7,7.37,7.58,3.13,6.84,12.84,8,15.25,6.25,5.68,12.62,0.86,4,5.44,8.23,7,8,6.25,8.27,4.78,11,5,10,,5.44,-2.48,17,5.1,4.62,,,6,8.2,7,12.1,,16,,3.34,,,6,6,4.17,12,2.9,14,8.2,,4.4,6,10,4,7,8.3,1,9.58,4.83,1,3.81,35,56,7,21,91
Temple,Central Florida,20.5,26.36,41.09,22.26,,36.78,29,20.73,23.34,39,16.64,28,28.74,20,27.73,38.47,16.48,27.54,24.88,30.62,22.5,33.45,20.12,26.64,19.12,20.99,11.67,27.74,27.2,24,24,26.43,26.76,24.96,18,20.5,28,,35.45,25.23,17,28.2,27.08,,27,22,26.5,21,29.5,,24,,16.93,,,17,22.5,22.96,31,27.4,28,16.7,,20.5,19.7,17,14,21.5,31.1,2,28.34,30.66,31,7.04,16,30,7,14,46
Texas A&M,Alabama,-4,-5.04,4.02,-4.93,,-1.16,-1.07,-6.64,-4.09,2,0.5,2,-4.34,-2,-5.4,7.14,-6.96,2.6,-1.96,2.89,-3,-8.55,-1.28,1.11,-9.18,3.04,7.5,2.05,1.06,-3,-1,-2.94,-3.49,2.04,-8,-4,-2,,3.99,-2.88,-13.5,-3.5,-1.85,,-3,-2,-3.1,-4,-9.8,,-6,,0.63,,,-5,-3,3.52,-3,-3.2,-6,-8.6,,-4.3,1.4,-7,-4,-4,8.2,-8,-3.06,-4.26,1,4.33,41,23,7,-18,64
Toledo,Eastern Mich.,28,36.13,34.38,33.83,,31.96,29.72,35.47,38.61,31,28.37,33,36.53,30.5,35.11,46.09,32.32,24.74,31.83,37.14,29.5,38.55,28.61,29.93,36.1,26.77,11.87,29.86,27.95,31,35,32.75,38.73,29.03,36,29,37,,36.84,33.26,32.5,34.6,32.41,,23,33,22.6,28.5,41.3,,38,,34.83,,,29,29.5,21.99,36,32.5,40,22.5,,28.5,26.5,28,22,28.5,26.4,19.5,44.4,36.27,23,6.40,20,63,7,43,83
Troy St.,Idaho,10,10.8,4.11,9.91,,10.87,6.71,10.58,9.54,10,8.44,5,8.54,9.5,11.37,6.66,8.81,4.26,8.54,7.14,11.5,9.15,8.18,-1.29,8.52,6.48,3.73,8.53,10.09,9.5,4,8.76,10.06,8.42,13,13.5,9,,5.22,5.3,13.5,8.5,6.89,,13,10,0.9,10,6,,15,,8.71,,,12,11.5,13.62,11,8,6,4.8,,10.3,8.8,11,5,12.5,9.7,8,12.15,10.66,5,2.80,19,16,7,-3,35
Tulane,Houston,-20.5,-19.35,-19.88,-13.54,,-17.81,-18.12,-14.96,-16.61,-24,-15.11,-17,-24.21,-16.5,-20.6,-17.75,-22.45,-12.17,-18.53,-21.98,-18,-26.85,-16.29,-28.07,-21.17,-14.53,-7.75,-27.91,-20.82,-19,-24,-17.53,-18.61,-15.28,-15,-16.5,-17,,-21.89,-8.59,-19.5,-15.6,-34.99,,-24,-17,-17.3,-20.5,-14.6,,-12,,-11.1,,,-13,-18,-20.17,-30,-11.6,-11,-25,,-14.5,-22.3,-25,-13,-19,-30.5,-13,-20.27,-25.22,-28,5.77,42,7,7,-35,49
Utah,Arizona St.,5.5,12.46,16.44,6.33,,17.98,18.89,7.31,8.05,20,7.75,16,14.93,12,14.15,15.74,7.21,11.33,11.25,14.81,8,11.55,8.47,15.25,14.58,8.77,16.5,17.05,6.24,9.5,12,11,10.97,8.72,8,6.5,6,,14.45,5.49,7.5,11.6,15.22,,6,11,10.6,6.5,10.2,,11,,3.56,,,7,8,28.35,16,11.8,12,3.8,,6.4,12.2,10,6,7,22.4,-1.5,9.6,15.49,12,5.13,18,34,7,16,52
Utah St.,Boise St.,-7.5,-9.82,-9.19,-8.62,,-12.88,-8.87,-11.38,-6.99,-6,-4.95,-8,-15.01,-7,-11.45,-11.01,-12.51,-6.45,-9.56,-6.47,-10.5,-20.35,-10.94,-17.75,-16.5,-3.12,-10.12,-9.02,-2.85,-10,-12,-9.9,-8.14,-11.85,-14,-9.5,-10,,-9.56,-11.4,-8,-15.4,-12.64,,-14,-9,-11.1,-7.5,-12.8,,-14,,-1.99,,,-8,-10.5,-9.97,-12,-15.7,-16,-6.5,,-11,-3.2,-11,-4,-9.5,1.4,-4,-9.65,-13.67,-12,4.24,26,52,7,26,78
Virginia,Syracuse,7,2.36,-6.54,6.99,,-9.45,4.39,10.2,3.83,10,4.46,-4,2.54,-2,1.71,5.6,4.07,-2.85,4.52,5.14,6,4.65,7.37,0.18,8.64,7.21,-5.51,8.19,9.9,4.5,6,5.07,2.73,3.65,5,8,6,,-0.38,7.24,4.5,10.4,9.39,,-2,5,3.9,7,11.3,,4,,9.88,,,8,6,-3.3,1,10.1,7,0.01,,6.3,6.1,10,4,7,5.4,3.5,9.15,2.93,-15,5.32,38,44,7,6,82
Washington,Oregon,3,13.02,14.83,0.18,,15.33,17.05,1.3,5.18,22,7.74,14,18.24,7,16.06,20.02,0.47,12.41,8.51,15.42,4,12.55,1.65,12.79,-1.13,6.63,0.5,25.62,8.23,6.5,7,7,9.07,4.44,1,0,10,,12.55,0.18,2,-3,29.32,,8,5,0.7,3.5,6.3,,19,,4.66,,,9,4,14.82,22,-5,4,0.5,,-1.7,7,1,4,3,18.3,-6.5,3.57,22.02,5,8.10,26,20,7,-6,46
Washington St.,Oregon St.,7.5,7.15,1.28,4.16,,7.24,2.48,16.54,5.63,7,13.15,6,6.96,5.5,7.79,-1.34,8.5,-0.54,8.94,8.5,9,11.85,9.48,8.04,10.45,10.31,4.39,11.6,12.49,9,20,8.89,5.75,10.11,13,8,12,,8.56,8.87,18,14.8,10.08,,12,9,12,7.5,15.4,,16,,8.36,,,6,9,8.91,8,13.7,9,3.2,,6.3,9.6,11,6,8,15.9,6,12.68,4.96,11,4.26,31,52,7,21,83
Wisconsin,Purdue,23.5,25.91,21.15,20.13,,28.38,21.03,22.95,27.3,23,12.09,18,24.74,19,25.29,21.96,24.82,15.25,21.17,20.75,22.5,21.55,19.22,36.36,21.38,19.02,16.43,23.06,19.4,22,21,21.02,26.87,19.46,27,19.5,18,,26.09,17.66,15,16,27.36,,24,22,16.4,23.5,20.3,,26,,11.56,,,21,22.5,19.48,24,15.2,20,23.9,,25,17.1,25,17,23.5,13.4,21.5,26.13,26.55,16,4.08,7,24,7,17,31
Wyoming,Nevada,-5,-14.66,-19.41,-18.8,,-12.63,-14.38,-9.3,-16.67,-13,-7.21,-17,-17.66,-16,-13.76,-18.46,-16.27,-18.7,-11.45,-19.07,-7.5,-12.75,-11.32,8.57,-14.34,-4.78,3.24,-9.14,-2.87,-10.5,-11,-11.16,-16.8,-8.2,-9,-7,-9,,-9.53,-11.31,-20,-10.1,-12.61,,-10,-11,-10.8,-6,-8.7,,-12,,-7.36,,,-7,-7.5,-9.56,-16,-9.2,-15,-1.9,,-13.5,-10.3,-7,-6,-6.5,-9.8,-5.5,-13.65,-17.77,-14,4.95,21,28,7,7,49
Air Force,Fresno St.,16.5,10.69,12.03,13.36,,21.75,17,12.22,7.63,19,17.2,13,19.42,10.5,15.73,5.52,15.3,8.89,14.08,12.78,16.5,18.95,17.01,6.53,13.83,11.2,8.18,16.76,14.68,15,16,14,10.06,16.23,19,16.5,9,,12.95,17.81,17.5,13.8,19.17,,,16,12.8,16.5,14.5,,14,48.67,4.85,0.27,,15,16.5,16.19,17,13.3,18,13.3,,16.5,10.2,21,10,17.5,11.9,11,15.23,17.68,16,3.71,14,42,8,28,56
Alabama,Tennessee,14.5,15.9,13.97,13,,14.9,7.57,17.37,17.87,15,14.1,17,13.17,21.5,12.83,11.8,20.87,9,14.35,15.08,14.5,22.85,13.39,18.16,12.9,15.37,14.95,8.88,14.97,14.5,12,14,16.02,6.18,22,14,12,,14.39,16.54,23,13.1,7.36,,,14,15.4,14.5,19.6,,13,-9.93,13.1,10.25,,14,14.5,12.32,12,12.8,18,17.9,,12.3,12.4,17,12,15.5,9.4,17.5,19.8,9.59,8,3.65,14,19,8,5,33
Appalachian St.,Georgia Southern,7,3.57,6.53,-2.31,,6.26,0.43,7.49,1.08,12,9.5,8,6.91,4.5,8.2,0.58,8.47,0.95,6.58,1.28,6.5,7.85,6.9,-0.06,8.52,2.9,3.2,10.55,1.69,6.5,9,6.76,3.21,7.15,10,5,5,,5.26,10.06,,7.8,12.34,,,5,7.5,7,5.5,,12,23.61,6.71,-4.41,,11,4.5,23.9,8,6.8,15,3,,3.2,,31,8,7,-0.8,7,3.81,1.46,7,5.62,13,31,8,18,44
Arizona,Washington St.,5.5,6.53,7.27,3.2,,8.08,1.55,4.3,6.52,6,-1.9,9,4.68,10.5,6.53,-3.47,4.06,0.7,4.9,-4.13,6.5,7.45,6.81,4.09,12.13,4.93,2,-4.01,8.4,6.5,-13,6,6.18,8.79,10,7,6,,2.92,14.6,10,11.8,-5.42,,,8,10.7,5.5,5,,2,-5.41,1.44,-14.17,,13,6.5,-0.53,3,12.1,13,8.2,,7.7,-3.1,4,6,7.5,-11.5,14.5,6.6,3.91,2,5.78,45,42,8,-3,87
Arkansas,Auburn,6.5,1.6,0.01,5.02,,5.37,6.05,8.32,-1.58,5,4.9,1,6.45,-1.5,5.67,4.27,0.58,-1.71,4.89,6.14,5,10.45,6.08,-0.19,2.89,-3.66,0.77,5.98,-0.62,5.5,11,5.98,0.01,7.45,8,5.5,4,,-0.8,8.69,11,7.6,8.56,,,7,4,6.5,17.8,,15,-12.03,0.94,2.82,,6,7,7.51,8,7.4,13,7.1,,6.2,6.5,7,2,6,6,-3,8.16,9.8,-3,4.63,46,54,8,8,100
Arkansas St.,Louisiana-Lafayette,7.5,9.53,9.39,6.18,,7.99,9.96,5.27,9.79,8,3.75,12,10.46,6.5,9.14,12.44,5.94,11.61,7.85,10.85,8.5,10.15,10.29,13.41,12.93,7.35,0.37,8.4,7.91,8.5,9,7.99,9.86,8.67,8,7.5,9,,9.73,7.83,-1.5,8.1,6.4,,,9,4.4,7.5,7.7,,10,1.17,7.66,18.6,,7,8.5,6.8,12,7.6,10,7.2,,7,3.2,7,5,7.5,-1.3,3,1.8,12.7,7,2.91,27,37,8,10,64
Ball St.,Central Mich.,-7.5,-8.85,-8.94,-12.14,,-12.41,-10.24,-11.97,-7.9,-9,-7.7,-7,-12.49,-4,-10.55,-17.06,-8.93,-6.75,-9.02,-12.63,-8.5,-14.15,-6.67,-5.28,-3.58,-3.27,2.88,-12,-5.04,-9,-20,-8.69,-8.69,-4.3,-8,-7.5,-14,,-8.12,-2.27,9,-9,-16.48,,,-7,-9.1,-7.5,-16.3,,-24,-35.75,0.82,-10.8,,-8,-8.5,-1.68,-17,-6.7,-14,-7,,-9,-3,-3,-3,-7.5,-7.2,-5.5,-17.21,-16.39,-9,5.27,23,21,8,-2,44
Baylor,Iowa St.,37,28.99,27.19,26.13,,35.48,26.55,35.33,29.31,40,23.9,34,36.07,30,28.47,35.39,39.32,15.08,32.46,31.19,36,37.55,35.92,40.63,40.47,24.47,29.33,36.33,31.03,35,37,33.3,29.59,33.88,39,36,30,,28.6,38.65,31.5,40.5,43.51,,,31,39.5,36.5,34,,31,40.85,33.3,10.72,,26,36,17.39,40,38.5,37,41.4,,31.5,33.5,35,21,37,38.1,29.5,34.43,33.15,28,6.05,27,45,8,18,72
Boise St.,Wyoming,34.5,37.27,31.69,34.36,,36.44,34.75,32.69,36,41,22.15,30,44.75,30,39.92,41.85,33.55,21.24,33.18,35.31,34,40.35,38.9,23.63,31.19,24.68,14.07,35.85,29.6,34,37,34.75,37.93,36.01,40,31.5,31,,33.98,42.14,41,36.5,41.57,,,35,29,34.5,29,,35,45.34,27.4,24.27,,35,34,22.94,40,35.9,43,21.8,,33,27.7,39,20,35,22.8,28,35.02,43.03,23,6.84,14,34,8,20,48
Buffalo,Ohio,-3,-3.23,-8.23,-3.58,,-7.61,-1.94,-2.97,-3.75,-4,-0.55,-7,-5.58,-8,-2.38,-13.57,4.53,-6.4,-3.81,-3.77,-4,-2.05,-2.65,-11.25,-4.87,-7.56,-2.62,-2.02,-5.75,-3,-3,-3.58,-3.93,-5.28,2,-2.5,-6,,-8.85,-5.97,-1.5,-5.4,-0.86,,,-4,-3.3,-3,-2.8,,-2,0.35,-3.04,-8.39,,-1,-4,-0.01,-2,-6,-1,-0.3,,-4.4,-3.4,-4,-1,-3,-4.6,0.5,-7.06,-0.36,-8,3.03,17,41,8,24,58
Central Florida,Houston,-22,-20.93,-33.37,-18.73,,-30.16,-22.28,-18.07,-20.26,-33,-19.15,-28,-27.9,-23,-22.01,-34.34,-13.81,-25.1,-21.03,-27.95,-20.5,-22.85,-15.22,-23.09,-19.17,-17.51,-11.61,-24.49,-22.88,-21,-31,-21.5,-22.34,-15.75,-13,-20,-22,,-28.78,-13.21,6,-19.2,-28.71,,,-15,-21.5,-22,-22.2,,-33,-40.18,-15.22,-30.4,,-8,-22.5,-9.49,-30,-17.2,-20,-23,,-19.5,-14.7,-13,-10,-21.5,-22.1,-2.5,-27.32,-27.86,-36,7.19,59,10,8,-49,69
Charlotte,Southern Miss.,-15.5,-17.43,-10.93,-14.32,,-8.93,-12.04,-18.9,-15.84,-13,-13.8,-14,-24.83,-12,-20.1,-13.3,-23.27,-2.35,-14.06,-14.05,-16.5,-26.45,-17.09,4.66,-23.95,-5.65,1.14,-16.59,-10.01,-16.5,-15,-14.32,-16.53,-10.8,-20,-15.5,-18,,-8.47,-8.61,,-18.3,-23.68,,,-17,-16.7,-15.5,-19,,-17,-10.45,-1.28,-2.12,,-13,-16.5,-4.8,-20,-18.1,-12,-14.6,,-13,,-17,-8,-15.5,-12.8,1,-17.89,-21.2,-14,6.19,44,10,8,-34,54
Cincinnati,Connecticut,11,12.19,11.04,13.28,,9.22,3.43,11.31,15.09,6,4.05,11,6.66,11.5,7.59,21.7,11.9,5.19,11.75,9.49,13.5,11.65,11.23,17.38,9.9,13.66,3.53,6.13,16.19,12.5,9,12,12.6,14.11,17,13.5,16,,13.21,19.26,25,21.1,1.38,,,16,15.3,11,9.3,,14,-3.55,19.23,6.76,,16,11.5,15.7,6,20.8,14,1.9,,15.2,12,10,8,12.5,11.2,13.5,14.64,3.87,7,4.88,13,37,8,24,50
East Carolina,Temple,3,-1.77,-7.84,1.06,,-4.23,2.25,1.33,-1.87,4,8.05,-9,-3.77,-1,-1.59,-5.25,4.81,-5.39,-0.58,2.64,1.5,-2.05,-0.93,-7.75,-1.15,-1.97,-10.8,6.37,2.34,-0.5,1,-1,-2.04,-3.6,1,2.5,-1,,-5.09,-3.05,-3,-8.4,7.44,,,-2,-7.2,2.5,4.1,,12,10.97,-1.28,-6.95,,-4,1.5,-0.01,5,-8.7,-3,1.9,,-0.6,1.3,1,-2,2.5,-2.5,6,2.54,3.52,-10,4.69,24,14,8,-10,38
Florida Intl.,Old Dominion,14,10.85,2.34,9.86,,14.97,12.13,11.24,6.58,17,8.7,5,15.37,4,18.01,1.14,12.9,-3.47,12.19,11.95,14,22.95,17.34,0.81,20.62,5.16,3.22,15.95,11.42,14,26,12.06,9.45,16.31,17,15,15,,3.63,8.5,,20.6,18.83,,,14,15,14,15.8,,25,18.38,0.11,-8.65,,15,14,20.68,19,17.9,21,3.6,,7.5,,20,10,13,12,-1,8.16,17.45,5,6.90,12,41,8,29,53
Georgia Tech,Florida St.,-6,-8.17,-14.77,-4.46,,-7.9,-1.99,-3.75,-11.52,-7,-3.9,-16,-6.39,-16.5,-2.66,-16.35,-0.62,-10.38,-5.59,-7.57,-5,-4.15,-2.2,-23,-8.07,-9.06,-13.06,-3.37,-6.37,-4.5,-13,-5,-9.71,-2.14,0.01,-5.5,-7,,-15.36,1.93,3,2.2,-1.22,,,-5,-0.8,-6,-3.9,,-5,2.16,-6.69,-7.54,,3,-5,3.94,-1,2.7,3,-5.6,,-1.5,-4.1,-10,-1,-6,-8.2,-1.5,-14.17,-1.51,-11,5.35,16,22,8,6,38
Idaho,Louisiana-Monroe,1.5,-1.23,1.34,-1.53,,4.71,1.2,-3.06,-0.96,4,0.35,2,-2.63,1,-1.66,3.34,-5.72,10.17,-0.11,2.43,-0.5,0.65,0.64,2.41,1.75,-0.45,1.54,0.45,0.93,-1,-5,0.45,-0.85,-1.92,-5,-2,0.01,,3.58,-5.18,-10.5,-1.4,-2.59,,,-3,5.3,1.5,1.1,,2,-20.97,3.93,-6.41,,-3,-2.5,1.33,1,-3.2,1,-5.7,,-3.6,-4.2,3,1,-1.5,-2.9,0.5,1.55,-2.2,-1,3.04,13,27,8,14,40
Illinois,Wisconsin,-4.5,-6.82,0.37,-9.09,,1.09,2,-10.51,-8.78,2,-2.3,-2,-2.63,-4,-3.4,-4.58,-8.6,-1.62,-3.62,-4.41,-5.5,-5.55,-4.05,-9.09,-8.39,-1.09,-3.96,1.9,2.06,-4.5,1,-3.3,-6.53,-2.37,-10,-6.5,-3,,-1.66,-3.85,8.5,-1.2,-0.57,,,-8,-3.3,-4.5,-4.5,,2,16.2,-1.84,-1.79,,-7,-5.5,2.71,1,-0.6,-4,-3.3,,-10.5,-4.3,-17,-5,-6.5,-2,-13,-1.91,-0.01,-3,4.22,24,13,8,-11,37
Kent,Bowling Green,-14,-16.47,-11.75,-11.29,,-10.54,-17.65,-10.46,-14.78,-13,-8.6,-12,-24.68,-10,-19.29,-9.78,-15.2,-14.77,-13.87,-10.33,-15.5,-20.35,-15.07,-20.25,-20.86,-9.98,-7.08,-18.58,-9.36,-15.5,-18,-13.2,-16.11,-13.88,-11,-12.5,-15,,-13.07,-12.97,1,-18.1,-24.74,,,-13,-18.7,-14,-13.2,,-21,-25.4,-6.68,-24.36,,-14,-13.5,-0.72,-21,-16.4,-16,-14.2,,-9.5,-11.1,-14,-6,-14.5,-12.4,-9.5,-14.54,-25.34,-13,4.85,48,0,8,-48,48
LSU,Western Kentucky,15,15.5,13.06,16.19,,13.1,9.51,11.48,19.51,6,4.1,17,9.57,14.5,10.34,31.23,15.86,11.53,13.37,14.76,16,8.75,14.14,22.97,13.86,15.24,16.5,9.04,11.1,14.5,17,14.14,16.77,14.78,12,15,17,,15.51,2.82,,16.2,6.73,,,13,14.7,15,6.3,,15,20.28,23.87,38.92,,16,16,9.79,9,18.3,9,11.2,,13.9,15.8,17,9,17,16,6,17.97,10.19,1,5.04,20,48,8,28,68
Louisiana Tech,Middle Tenn.,7.5,8.02,4.3,10.2,,2.71,4.67,11.94,9.6,8,7.3,5,4.6,9,5.26,5.92,10.74,-1.04,7.49,8.99,6.5,7.05,5.75,10.94,4.16,11.48,0.58,4.64,11.73,7,12,7.3,8.11,6.01,13,8,5,,8.65,2.76,16,7.6,0.01,,,8,6,7.5,9.2,,6,13.74,8.53,3.47,,6,6.5,6.83,6,7.1,9,4.8,,10.4,7.8,21,6,7.5,7.1,10.5,13.7,0.97,1,3.85,16,45,8,29,61
Louisville,Boston College,8,11.28,3.73,10.8,,-3.24,10.51,7.77,11.45,8,2.55,1,4.84,4,10.99,10.99,9.63,5.79,8.92,10.84,8.5,7.85,10.03,13.59,9.9,9.76,2.45,7.14,13.57,9,11,9.63,10.6,10.92,8,8,12,,9.06,8.46,-4,13.1,6.03,,,9,9.6,8,6.9,,11,25.8,15.65,8.77,,9,8.5,10.9,11,11.4,11,4.6,,8.3,7.7,17,6,7.5,6.4,8.5,12.95,9,-1,3.80,14,17,8,3,31
Marshall,North Texas,27.5,29,36.91,33.39,,37.19,25.91,31.42,27.77,36,17.65,34,39,29.5,31.57,31.58,30.16,25.67,29.86,32.74,30,35.85,34.36,9.09,36.18,25.51,10.17,22.89,27.6,30.5,36,30.6,29.68,29.01,33,27,29,,28.47,33.74,30,27.8,25.3,,,31,22.9,27.5,33,,41,42.29,19.43,7.55,,27,30,20.15,35,26.7,39,33.7,,32.5,27.6,31,17,29,30.6,27,34.8,32.28,31,5.86,13,30,8,17,43
Maryland,Penn St.,-6,-6.55,-8.92,-2.67,,-14.01,-2.37,-8.3,-7.04,-10,-1.85,-8,-7.44,-7.5,-5.94,-2.49,-3.49,-5.65,-6.62,-4.24,-7.5,-7.95,-4.19,-12.19,-2.92,-10.77,-4.34,-6.4,-12.97,-6.5,-16,-6,-6.21,-9.01,-4,-8,-5,,-10.4,-9.18,-8,-8.9,-4.7,,,-7,-11.7,-6,-5.8,,-4,-1.39,-4.08,-0.53,,-2,-7.5,-5.86,-4,-7.6,-9,-4.5,,-4.7,-6,-7,-5,-6.5,-4.7,-6,-5.95,-3.13,-11,3.25,31,30,8,-1,61
Massachusetts,Toledo,-14,-23.16,-22.54,-20.27,,-26.28,-16.77,-22.68,-23.84,-18,-12.1,-22,-26.32,-22,-22.06,-26.63,-16.52,-20.71,-19.29,-20.39,-15.5,-24.25,-13.12,-32.5,-11.86,-16.25,-12.63,-19.63,-18.01,-18,-25,-20.3,-23.92,-17.86,-21,-13,-22,,-25.74,-14.26,,-16,-23.09,,,-16,-13.1,-15,-24.5,,-24,10.36,-20.32,-40.07,,-14,-15.5,-5.87,-23,-15.4,-21,-22.1,,-18,,-17,-9,-14.5,-15.2,-9,-28.75,-24.07,-26,5.07,51,35,8,-16,86
Miami (Fla.),Clemson,-7.5,-9.53,-12.31,-8.68,,-10.26,-9.4,-9.99,-10.87,-4,-7.6,-11,-11.84,-9.5,-7.46,-18.92,-5.79,-7.96,-8.58,-5.95,-8,-11.65,-3.78,-17.22,-10.46,-8.47,-14.3,-10.23,-5.06,-7,-19,-8.3,-10.8,-5,-7,-4.5,-6,,-10.33,-5.35,-0.5,-6.3,-15.63,,,-6,-7,-7.5,-8.8,,-9,-6.47,-4.72,-26.34,,-11,-8,1.79,-12,-6.8,-8,-8.3,,-8,-4.9,-7,-5,-7,-7.1,-6.5,-6.85,-13.82,-8,3.59,58,0,8,-58,58
Michigan St.,Indiana,14.5,19.8,19.2,19.6,,18.37,13.33,20.68,23.22,19,12.1,24,17.55,23,15.79,26.49,20.43,12.84,19.73,16.03,17.5,19.85,17.76,33.47,25.42,22.15,23.97,14.54,18.36,18.5,20,19.6,20.69,18.42,25,17,22,,22.67,27.39,11.5,23.2,12.45,,,22,18.8,15.5,23.3,,22,19.8,18.27,22.37,,19,17.5,13.18,15,23,22,17.2,,25.5,17.7,17,13,16.5,15.1,22.5,29.6,15.8,9,4.25,26,52,8,26,78
Mississippi,Texas A&M,6.5,1.91,0.65,-0.59,,1.55,1.4,-2.92,0.01,5,0.8,1,4.79,1,4.79,7.16,2.44,-2.11,2,-2.89,5,-2.25,3.47,0.31,7.44,0.84,0.01,2.59,0.38,3,-7,1.4,1.2,5.37,4,4,-3,,0.51,3.54,5,2.4,1.5,,,1,-0.01,5.5,-3.1,,-4,22.66,5.96,6.69,,4,5,8.17,5,3.5,6,13.6,,0.9,2.5,4,1,6,1.8,9.5,0.01,4.75,5,3.56,3,23,8,20,26
Mississippi St.,Kentucky,13,12.14,9.58,13.09,,12.44,9.99,11.54,11.62,14,6.5,10,13.04,11.5,12.91,6.65,17.86,5.06,12.27,14.45,12.5,17.75,12.7,15.56,6.84,6.28,5.63,12.31,9.12,12.5,18,12.23,11.66,12,21,11,10,,11.72,15.19,7,12.5,11.06,,,15,11.4,13,19.1,,17,-2.01,12.23,6.55,,16,12.5,16.57,13,11.5,19,12.4,,11.5,12.5,11,8,11.5,9.3,17.5,14.07,12.89,5,3.73,16,42,8,26,58
Navy,Tulane,24,24.68,24.81,24.37,,28.72,28.82,22.12,21.44,36,19.6,23,34.68,21,30.12,26.48,29.49,15.46,26.1,28.32,24.5,33.25,28.42,34.47,28.96,19.88,15.12,36.55,23.72,25,45,25,24.85,23.83,25,22,22,,28.64,15.91,33.5,20.2,43.27,,,26,18.8,24,26.1,,32,67.18,18.02,13.66,,23,24.5,31.03,38,18.1,22,26,,25.5,28.5,32,18,23.5,32.5,15.5,25.71,37.08,25,6.68,14,31,8,17,45
Nebraska,Northwestern,7,3.64,-4.14,3.31,,1.56,5.08,11.28,2.57,7,-0.25,-1,4.48,-2,5.29,-12.91,10.59,-4.52,4.98,2.48,8.5,9.05,8.19,-10.31,3.15,-3.26,-3.71,2.68,1.41,7.5,7,5,1.49,8.64,15,8,5,,-3.5,11.49,-10,10.7,5.14,,,10,8.7,7,14.5,,14,3.7,-1.71,-17.14,,8,6.5,12.3,3,10.8,14,18.5,,6.3,4.2,7,8,7.5,1.1,13.5,2.8,6.6,-1,6.07,30,28,8,-2,58
Nevada,Hawaii,7.5,6.42,3.82,5.82,,14.68,5.12,4.11,5.28,10,5.85,5,8.11,7,8.27,2.86,11.82,3.42,6.78,1.2,8,11.15,6.12,-0.34,4.06,2.01,1.49,6.35,5.37,7.5,13,5.97,5.97,8.83,9,8,4,,5.68,6.55,11,4.6,7.05,,,5,6.8,7.5,5.4,,5,6.98,1.49,-0.49,,4,6,14.35,10,5.3,8,12,,5.5,9.9,14,8,7,10.2,10,7.04,7.45,8,3.26,20,30,8,10,50
New Mexico St.,Troy St.,-3,-7.57,-4.24,-7.77,,-4.28,-7.05,-6.1,-7.23,1,-3.8,-4,-11.06,-5.5,-8.16,-12.1,-4.34,-12.65,-4.08,-5.36,-3.5,-7.45,-6.52,8.97,-4.88,0.51,2.88,-0.36,-1,-3.5,-2,-4.88,-7.99,0.73,-5,-3.5,-4,,0.27,5.13,-5.5,0.7,-5.39,,,-3,1.8,-3,-0.4,,-8,-23.15,-3.97,-13.66,,-8,-1,4.92,-9,2.2,-8,5.8,,-9,-6.5,1,-5,,-9.6,1,-5.77,-12.08,-7,4.54,52,7,8,-45,59
North Carolina,Virginia,16.5,16.66,16.05,11.89,,24.73,17.25,14.42,15.22,21,9,21,21.45,16,19.06,5.51,16.19,13.32,17.5,14.38,18.5,25.05,19.13,23.75,24.44,12.21,11.88,21.4,16,19,29,17,16.47,18.66,17,14.5,17,,20.37,20.76,20,21.7,24.06,,,16,23.7,16.5,22.4,,22,39.12,9.12,-0.36,,13,18.5,14.04,23,20.8,22,25.7,,13.6,15.5,17,13,17.5,13.1,11,18.14,21.16,22,4.87,13,26,8,13,39
Northern Ill.,Eastern Mich.,28,27.16,20.77,25.52,,23.49,22.77,29.12,27.72,28,21.6,29,31.2,25.5,26.43,20.23,27.75,15.01,24.75,26.56,26.5,30.05,29.39,4.94,24.38,15.84,5.35,25.02,18.25,26.5,30,25.52,27.53,22.81,34,28,30,,20.63,32.88,16,26.9,27.99,,,28,21.4,28,33.5,,37,19.9,7.04,4.4,,26,28.5,8.95,29,25.5,35,21,,28.5,23.6,21,19,27.5,20.7,22,35.64,29.71,17,6.64,21,49,8,28,70
Oklahoma,Texas Tech,14.5,13.39,11.98,10.26,,15.75,15.66,10.28,12.97,12,4.2,22,13.5,15,14.15,2.32,13.93,6.67,12.54,9.41,15,14.55,15.44,11.28,17.07,6.15,10.75,13.47,7.22,14,23,13,12.88,13.83,14,14,6,,11.93,11.41,7,18.4,14.34,,,16,23.7,14.5,10.8,,13,25.53,3.88,-3.83,,17,13,15.46,12,18.3,15,16.3,,11.1,10.3,14,10,14,7.5,15,7.16,15.59,8,4.53,27,63,8,36,90
Oklahoma St.,Kansas,34,33.29,39.35,26.33,,42.85,24.87,27.84,34.28,46,23.65,34,39.67,34,32.01,45.96,32.87,26.61,32.29,34.15,32.5,30.65,33.53,39.22,36.46,29.48,22.42,34.12,31.54,33.5,43,33,34.59,35.17,33,32.5,32,,37.67,36.31,33,40.4,37,,,31,43,34,24.6,,34,53.75,33.02,24.61,,30,32.5,24.56,36,38.2,31,25.1,,29.5,25.8,38,17,33.5,24.5,16,33.44,28.9,33,6.41,10,58,8,48,68
Oregon St.,Colorado,1,3.19,0.35,3.27,,-3.74,4.07,-3.66,5.4,5,0.75,-1,0.89,3.5,-0.32,3.44,1.23,0.79,-0.33,2.57,1,-2.15,-1.16,3.66,-1.4,-1.18,0.93,3.03,-6.47,-1,-12,0,4.42,-1.76,0.01,3,-1,,3.94,-5.6,-5,-10.8,-1.55,,,-2,-8.3,1,-4.1,,-3,15.12,12.99,13.9,,-2,1,3.34,1,-10.4,-3,0.7,,1,4.5,-3,3,2,2.8,3,-2.81,-0.65,-7,4.48,17,13,8,-4,30
Rice,Army,7.5,7.06,10.58,4.4,,1.63,-0.73,5.51,9.29,11,5.8,10,5.28,12.5,3.49,14.04,5.95,2.09,6.18,0.18,8.5,1.65,4.6,0.84,5.36,17.61,3.41,2.41,9.62,6.5,-12,7,7.41,11.26,11,11,11,,8.83,10.27,3,8.3,-5.16,,,11,3.7,7.5,10.9,,1,-35.18,5.66,0.4,,7,8.5,8.41,-3,9.3,9,0.01,,7.2,2,10,4,9.5,-1.1,9.5,12.58,-2.45,1,5.50,31,38,8,7,69
Rutgers,Ohio St.,-21,-20.73,-18.38,-18.23,,-10.89,-15.06,-21.33,-22.73,-14,-11,-23,-23.86,-21.5,-18.14,-18.43,-19.45,-12.33,-18.39,-14.66,-20.5,-17.55,-17.92,-27.94,-17.5,-15.07,-23.13,-14.41,-14.78,-20,-18,-18.38,-21.64,-20.34,-19,-21,-22,,-19.1,-24.01,-21,-27.2,-19.67,,,-22,-22,-21,-20,,-17,-8.56,-20.84,-7.15,,-24,-20.5,-5.85,-17,-25.1,-21,-15.7,,-21.5,-15.6,-17,-13,-21.5,-12.7,-18,-21.71,-18.58,-15,4.05,49,7,8,-42,56
San Diego St.,Utah St.,-4,-9.82,-7.21,-8.4,,-6.44,-10.9,-9.16,-8.53,-12,-6.4,-5,-15.5,-3.5,-11.91,-20.09,-10.66,-5.08,-9.58,-10.62,-6,-13.35,-7.26,-15.28,-1.93,-7.88,-6.26,-18.7,-11.58,-7,-22,-8.53,-10.63,-7.39,-6,-4,-11,,-9.75,-10.38,-6.5,-2.2,-26.27,,,-6,1.9,-5,-10.3,,-15,-56.59,-16.26,-19.67,,-5,-6,-2.13,-18,-3.1,-6,-4,,-3.6,-11.1,-14,-6,-5,-14.6,-5,-8.24,-18.6,-4,5.47,14,48,8,34,62
San Jose St.,New Mexico,7.5,9.92,1.04,9.73,,6.45,10.25,5.38,9.37,9,7.5,2,6.53,3.5,10.82,2.51,5.96,3.46,7.29,10.55,8.5,12.05,9.43,2.69,12.45,2.06,3.36,6.44,5.59,8,1,6.9,9.31,8.48,10,8,10,,5.17,3.83,18,6.5,5.79,,,5,7.8,7.5,6.9,,15,-0.32,3.66,0.37,,13,6.5,7.55,12,5.5,8,4.8,,6.8,10.6,10,5,7.5,10.4,5.5,9.2,11.29,-3,3.56,21,31,8,10,52
South Florida,SMU,12,12.12,19.57,11.96,,21.27,8.97,10.58,12.69,21,3.95,20,15.6,12,11.22,15.35,9.19,16.62,12.96,17.76,12.5,16.45,14.78,17.16,15.47,10.81,2.01,10.27,11.27,12.5,22,12.12,12.13,11.4,18,12.5,15,,14.25,11.99,1.5,10.1,10.8,,,14,12.1,12,15.5,,20,16.33,13.14,3.28,,11,12.5,10.13,13,9.4,14,16.3,,18,6.7,10,5,11.5,8.4,8.5,14.21,12.97,15,4.20,14,38,8,24,52
Stanford,Washington,16.5,11.04,11.6,11.96,,13.93,9.41,14.95,12.27,12,13.05,10,12.25,11.5,8.97,3.88,11.93,8.45,12.18,10.62,14.5,18.75,15.94,16.44,18.83,10.47,16.55,5.68,11.12,14.5,7,11.6,11.17,14.7,16,17,13,,14.14,7.62,18.5,18.5,3.69,,,11,20.3,15.5,17.1,,20,11.26,4.12,3.24,,11,1,10.47,12,19.1,24,10.1,,12.1,9.7,14,7,,5.4,9.5,20.32,8.27,9,4.42,14,31,8,17,45
Syracuse,Pittsburgh,-7.5,-10.44,-7.95,-9.79,,-7.01,-6.54,-11.74,-12.07,-10,-3.35,-7,-11.05,-7.5,-7.9,-15.02,-11.03,-8.18,-9.34,-10.04,-8,-9.65,-8.92,-18.81,-3.03,-11.61,-4.27,-10.64,-13.24,-8.5,-16,-10,-11.21,-7.48,-5,-7,-10,,-12.76,-11.66,-22,-12.6,-11.54,,,-10,-8.4,-7.5,-12.2,,-19,-1.42,-9.08,-8.47,,-10,-8,-1.65,-11,-10.6,-13,0.6,,-9.5,-7.7,-4,-5,-7,-6.1,-5,-14.39,-6.77,-5,3.66,23,20,8,-3,43
Texas,Kansas St.,7,1.93,4.22,-0.38,,-2.98,0.78,0.25,3.72,2,-0.1,4,-0.01,0.01,-0.45,12.68,-4.78,0.01,2.38,6.62,3,1.45,4.15,6.22,0.97,1.73,-0.81,3.78,6.23,4,5,2,2.3,5.7,-4,3.5,7,,4.38,0.34,-19,4.5,3.62,,,2,12.2,6,5.3,,10,-10.64,6.92,8.38,,-2,3,3.87,-1,4,2,8.3,,0.01,2.6,-13,2,4,4,-1.5,1.57,2.2,-3,4.16,9,23,8,14,32
Texas St.,South Alabama,-1,-0.28,-2.22,-2.09,,-2.23,2.15,-0.74,-2.18,1,0.95,3,-0.63,-0.5,2.83,-15.75,-3.38,-10.05,0.57,-3.54,2.5,1.15,4.07,8.81,6.06,-2.55,1.99,0.97,-0.72,2,-1,0.67,-1.9,10,3,2.5,3,,-1.61,9.15,,4.4,0.39,,,3,3.8,-1,2,,-5,15.95,3.49,-11.53,,4,2.5,10.31,-4,6.7,6,-2.6,,2.6,,3,3,3.5,-4.3,4,-0.65,-1.93,-4,4.47,18,36,8,18,54
Tulsa,Memphis,-10,-15.45,-16.19,-17.58,,-18.01,-8.82,-15.39,-16.62,-10,-3.1,-20,-14.59,-13.5,-13.5,-26.32,-16.15,-11.69,-14.21,-13.89,-11.5,-13.35,-10.85,-33.22,-7.87,-13.4,-9.8,-13.81,-13.56,-13.5,-24,-14,-16.37,-11.21,-17,-10,-16,,-17.8,-11.78,-12.5,-16,-15.33,,,-13,-10.9,-11,,,-21,-17.23,-24.41,-32.42,,-12,-11.5,-2.5,-14,-15.7,-15,-15.1,,-19.5,-7.1,-7,-5,-10.5,-14,-14,-18.45,-15.15,-18,4.69,66,42,8,-24,108
UCLA,California,4,1.18,-2.74,2.7,,-5.48,-0.01,7,1.13,1,2.55,0.25,1.8,4.5,1.24,-9.36,5.65,-4.44,1.87,-6.04,2,5.85,2.11,-4.09,0.83,4.79,-1.25,-3.13,3.74,2,-12,2.4,0.77,2.86,9,4,2,,-0.27,11.57,7,3.2,-2.45,,,3,4.2,4,2.4,,-3,-31.83,3.05,-16.39,,9,2,1.92,-3,5.5,8,4,,5.6,-0.8,8,5,3,-9.1,16,4.55,-0.97,-8,5.16,24,40,8,16,64
USC,Utah,6.5,-0.42,-11.66,-2.32,,-6.73,-1.24,-1.97,-1.89,1,0.95,-11,-5.63,-9.5,2.36,-12.01,2.06,-9.11,-2.11,-7.13,2.5,-1.95,-1.29,-12.28,5.91,-8.57,-16.42,1.25,-1.05,1,-13,-1.89,-2.07,7.98,5,3.5,-4,,-7.64,3.66,10.5,-2.1,-0.79,,,0.01,-0.5,5.5,-4,,-2,-10.68,2.94,-19.88,,7,2.5,3.03,-3,-2.6,1,6.2,,5.3,-2.5,-1,2,3.5,-10,9,-6.75,0.89,-9,5.66,24,42,8,18,66
UTEP,Florida Atlantic,-4.5,-3.47,-2.61,-5.12,,-3.49,-10.01,-4.37,-0.44,-2,2.4,-1,-8.84,3.5,-8.81,-1.15,-1.71,-6.72,-4.89,-8.03,-6.5,-10.55,-6.32,7.66,-8.55,4.74,1.06,-4.8,-1.97,-6,-20,-4.8,-2.04,-5.4,-4,-5.5,-7,,0.81,-4.99,0.5,-3.3,-12.14,,,-3,-3.8,-4.5,-5.9,,-17,-27.34,0.24,-9.17,,-5,-6.5,-8.52,-10,-2.9,-11,-6.6,,-4,-7.4,-1,-6,-5.5,-13.7,4.5,-4.94,-14.33,-7,5.10,17,27,8,10,44
Vanderbilt,Missouri,0,-6.58,-3.29,-9.59,,0.45,-2.68,-5.46,-8.75,2,1.85,-2,-1.34,-3.5,-3.23,-6.63,-12.41,-7.19,-4.08,-1.75,-3.5,-3.05,-2.21,-11.78,0.88,-8.88,-5.79,0.77,-6.82,-4,3,-3.29,-7.09,-1.83,-5,-2.5,-6,,-6.9,-1.8,-12.5,-7,0.5,,,-5,-9.1,-0.5,-3.1,,2,-5.89,-2.51,-16.17,,-1,-3.5,1.94,1,-7.3,-6,-4.3,,-6.1,-1.9,-1,-3,-2.5,-1.1,-13,-10.27,-2.2,-4,3.86,3,10,8,7,13
Virginia Tech,Duke,3.5,-0.75,-7.17,0.4,,-6.22,-0.45,-1.46,-0.45,1,-2.9,-6,-3.69,-2.5,-1.31,-7.31,-1.99,-5.75,-1.57,0.56,1.5,-8.85,-0.49,-9.94,4.86,-4,-3.84,-1.23,-1.52,-0.5,-3,-1.46,-0.72,3.33,-2,3.5,-5,,-6.61,2.33,-3.5,2.8,-3.25,,,5,2.1,2.5,-1.9,,0.01,-31.78,0.49,-4.98,,1,1.5,-1.32,-2,4.2,-1,-5.6,,3,3.7,-3,1,2.5,-0.01,-2.5,-7.65,-3.5,-11,3.50,45,43,8,-2,88
Wake Forest,NC St.,-9.5,-8.64,-3.48,-7.64,,-11.3,-8.25,-9.72,-7.22,-1,-5.4,-4,-10.51,-2,-11.33,-1.35,-8.38,-4.89,-7.09,-2.16,-8.5,-9.35,-7.13,-6.47,-4.61,-1.84,-2.06,-2.94,-7.76,-9,-2,-7.64,-8.38,-14.55,-9,-10,-5,,-5.18,-12.71,-11.5,-12.8,-6.15,,,-8,-10.5,-9.5,-18.3,,-4,9.28,-2.8,0.36,,-8,-8.5,-4.62,-8,-13,-11,-10.1,,-9.5,-0.3,-14,-4,-9.5,0.7,-12.5,-6.92,-9.04,-10,4.10,35,17,8,-18,52
Western Mich.,Miami (Ohio),24.5,24.96,23.2,20.03,,24.9,22.91,25.75,24.53,24,21.2,25,31.37,20.5,25.7,27.78,24.35,20.05,24.43,21.3,26.5,31.55,26.01,10.16,30.12,15.27,4.08,27.27,23.01,26,26,24.9,24.78,26.16,26,22,31,,24.29,30.68,5.5,31.1,31.54,,,23,25.2,24.5,30.5,,43,41.04,18.86,16.92,,25,26.5,20.8,31,29.5,32,18.8,,26,18.3,17,18,25.5,15.5,15,29.8,31.85,20,6.06,13,35,8,22,48
Akron,Central Mich.,-3,-4.34,-2.63,-5.65,,-6.37,-5.05,-8.23,-2.64,-1,-2.8,-3,-9.18,-3,-7.16,0.28,-6.75,-4.29,-5.24,-1.99,-4,-9.95,-2.68,-6.16,-5.71,-0.01,0.86,-5.08,0.21,-5,-12,-5,-3.96,-4.64,-7,-3,-5,,-3.62,-6.71,4.5,-5.3,-10.02,,,-4,-2.2,-3,-6.1,,-17,1.04,-0.34,-0.75,,-7,-4,-7.85,-10,-4.6,-9,-4.9,,-4.6,-5.6,-7,-4,-3.5,-9.8,-4.5,-8.24,-11.43,-7,3.51,14,6,9,-8,20
Appalachian St.,Troy St.,24,20.49,26.06,21.39,,23.03,18.04,23.65,20.58,31,16.6,21,21.85,18,20.76,27.23,19.44,16.61,23.4,29.06,23,24.45,21.23,31.09,21.01,21.57,12.64,25.5,18.11,23.5,29,23.03,21.15,23.58,24,22,27,,28.35,28.09,,27.2,29.91,,,23,28.3,24,26.2,,25,19.62,29.37,36.31,,18,25,25.1,29,26.5,28,39.1,,26.5,13.6,32,15,24,17.5,20,26.08,19.91,22,5.03,41,44,9,3,85
Arizona St.,Oregon,3,2.32,5.14,-0.88,,2.36,4.19,0.55,1.14,1,3.7,7,5.9,3,3.67,1.71,-2.91,1.75,2.76,3.04,2,4.65,3.03,5.84,-1.47,6.6,2,5.41,5.09,3,9,3.03,1.95,1.98,-1,0,5,,4.09,3.35,-2.5,3.3,6.01,,,1,5.3,3,1.5,,-1,-11.43,2.6,1.01,,5,2,4.58,7,3.4,7,4.4,,-1.3,-1.8,1,2,3,-0.3,-3.5,-4.78,7.01,1,2.99,61,55,9,-6,116
Arkansas St.,Georgia St.,17,21.57,19.12,19.37,,14.48,17.16,17.48,22.34,19,15.7,22,20.99,21,20.37,23.15,16.94,11.72,16.95,15.39,17.5,21.05,16.31,6.06,20.86,11.92,1.68,15.02,11.14,18,11,17,21.64,18.39,24,19.5,21,,16.45,15.75,,16.3,14.36,,,19,16.8,17,16.6,,21,24.98,11.49,8.12,,17,17.5,16.35,18,15.4,19,3.6,,26.5,17,18,12,18.5,6.7,14,24.29,22.39,13,4.87,34,48,9,14,82
Auburn,Mississippi,-7.5,-5.88,-9.69,-5.33,,-11.04,-8.09,-4.94,-3.27,-4,0.01,-10,-14.9,-6.5,-9.57,-9.38,-1.37,-6.08,-6.14,-6.06,-6.5,-7.25,-7.8,-11.81,-9.89,-3.43,-8.5,-4.81,1.11,-7,-12,-5.88,-4.93,-7.5,-4,-5,-5,,-6.32,-9.41,-9,-3.7,-9.02,,,-6,-2,-7.5,-3.5,,-12,-1.32,-6.72,-36.21,,-8,-6.5,-3.27,-11,-5,-2,-17.2,,-1.6,-3.9,-1,-1,-7.5,-6.6,-2.5,-3.21,-15.15,-17,4.21,27,19,9,-8,46
Ball St.,Massachusetts,1,3.02,0.12,2.53,,9.38,0.95,5.6,3.33,6,6.3,4,1.41,6,2.51,-11.69,1.99,1.89,2.64,2.58,2,4.65,3.04,4.53,-1.4,2.88,3.9,5,2.81,2,4,2.88,3.26,5.79,11,3,1,,3.03,5.11,,-2.1,4.28,,,2,-2.4,1,3.2,,-3,-6.64,1.27,-2.54,,2,4,0.5,1,-1.6,2,-8.1,,3.1,9.5,10,4,1.5,4.3,0.01,5.41,1.53,4,3.76,10,20,9,10,30
Boston College,Virginia Tech,-3,-2.63,0.8,-3.25,,9.27,-1.57,-2.4,-3.2,2,4.6,3,-1.5,1,-1.64,-5.92,-2.83,-1.59,-0.7,-0.8,-2,3.15,-0.99,-4.03,0.99,-0.87,1.13,1.02,-3.36,-1.5,-1,-1,-2.58,-4.38,3,-3,-2,,-0.89,-5.01,3,-7.2,1.29,,,-5,-1.1,-3,-2.5,,3,-1.66,-8.42,-5.31,,-2,-2,3.35,1,-6.2,-2,7.3,,-0.5,-2.7,-1,2,-3,3.2,4,0.54,0.16,2,3.36,26,10,9,-16,36
California,USC,-4,-4.81,1.07,-4.89,,1.43,-6.02,-10.13,-4.41,1,-4.6,0.25,-5.96,1.5,-5.6,6.96,-8.7,-0.43,-4.15,-1.9,-5,-9.95,-4.57,2.06,-8.11,3.36,-2.05,-5.61,-3.51,-5.5,-7,-4.6,-3.51,-5.99,-7,-6.5,-7,,1.42,-10.05,-6,-3.8,-8,,,-4,-4.7,-4,-9.1,,-9,0.63,1.92,0.79,,-7,-5,-0.13,-3,-3,-7,-6.7,,-3.6,-2.8,-10,-4,-6,-0.8,-7.5,-6.32,-9.77,-1,3.94,27,21,9,-6,48
Charlotte,Marshall,-17,-25.8,-20.13,-26.19,,-11.87,-15.29,-28.55,-26.94,-21,-16.2,-19,-24.18,-19.5,-24.13,-14.61,-34.01,-14.32,-21.08,-19.38,-17,-28.45,-24.15,-4.19,-17.11,-17.64,-5.4,-20.36,-18.79,-20.5,-21,-21,-25.59,-16.4,-32,-20,-25,,-18.9,-20.04,,-25.9,-26.09,,,-25,-24.5,-17.5,-24,,-15,-8.47,-4.3,-5.47,,-19,-17,-14.09,-22,-25.4,-23,-14.4,,-22,-21.8,-31,-15,-16,-19.6,-19,-31.28,-22.57,-22,5.89,34,10,9,-24,44
Cincinnati,Central Florida,24.5,21.93,29.98,21.37,,32.68,20.38,19.99,22.36,34,20.1,30,23.88,25,21.39,38.48,16.55,24.65,23.36,27.12,26,26.75,22.05,15.69,30.43,18.28,4.99,22.72,26.34,24.5,29,23.07,22.42,21.14,21,23,26,,26.16,21.21,19.5,26.5,23.65,,,21,23.2,24.5,24.3,,35,13.9,22.75,21,,17,26,20.57,27,26.1,27,34.9,,25.5,13.2,15,13,27,19.2,7,25.34,23.07,25,6.19,7,52,9,45,59
Colorado St.,San Diego St.,-3.5,-4.9,-3.48,-1.22,,-3.51,-1.79,-1.77,-5.25,-2,0.5,-3,-3.5,-3.5,-4.38,1.71,2.16,-4.22,-2.88,-5.82,-4,-1.05,-4.65,-8.97,-6.16,-0.01,-4.91,-2.64,-0.97,-4,-3,-3,-3.96,-2.32,0.01,-3.5,-5,,-5.12,4.64,-5.5,-7.8,-3.42,,,-1,-11.5,-3.5,-11.7,,-3,-9.51,1.86,-2.65,,2,-4,-4.95,-7,-4.9,-3,-14.5,,-0.3,-1.1,4,-2,-3,-3.2,6,-7.31,-4.06,-6,3.73,41,17,9,-24,58
Connecticut,East Carolina,-6,-7.36,-7.42,-8.97,,-4.12,-5.41,-8.27,-8.43,-2,-6.1,-6,-7.77,-6,-5.61,-14.26,-10.61,-5.26,-7.28,-5.47,-8,-9.35,-5.85,-13.84,-9.97,-7.06,4.97,-5.84,-12.01,-7.5,-3,-7.36,-7.67,-6.51,-8,-6.5,-10,,-8.65,-12.55,-5,-8.4,-7.29,,,-8,-6.6,-6,-7.6,,-9,-22.67,-11.37,-7.12,,-7,-8,-4.82,-6,-8.1,-6,-8.9,,-5.6,-6.5,-4,-4,-7,-6.5,-7.5,-11.32,-7.45,-6,2.92,13,31,9,18,44
Duke,Miami (Fla.),10,9.27,11.8,6.45,,17.47,10.8,10.26,7.57,13,10.6,14,14.58,10.5,12.04,9.53,7.93,6.45,10.81,7.18,12,19.75,9.47,16.28,4.1,8.53,12.22,13.53,8.02,11,16,10,8.85,7.07,12,7,10,,12.9,13.94,20,8.8,16.11,,,6,8.7,10,13.3,,18,7.18,2.5,3.51,,13,10,14.05,13,8.5,21,25,,4.3,5.6,10,8,11,7.6,7.5,9.2,15.33,10,4.33,30,27,9,-3,57
Eastern Mich.,Western Mich.,-20,-21.01,-20.38,-21.01,,-16.07,-15.48,-23.09,-22.94,-12,-15.3,-24,-21.59,-17.5,-18.05,-23.67,-21.1,-13.56,-18.28,-22.41,-21,-22.55,-19.87,-4.22,-18.48,-12.22,5.15,-16.28,-9.65,-20.5,-21,-20,-20.95,-19.71,-22,-19,-24,,-17.79,-26.45,-4,-26.5,-18.35,,,-21,-18.2,-20,-24.5,,-34,-30.36,-9.62,-10.27,,-20,-21,-5.55,-22,-24.9,-27,-10.2,,-22,-12.3,-13,-12,-20,-7.3,-11.5,-26.23,-21.31,-18,6.52,58,28,9,-30,86
Florida,Georgia,3,3.38,9.25,2.95,,6.42,5.28,-0.2,2.9,8,-3.7,6,6.62,6.5,4.05,16.3,0.66,7.57,4.41,9.64,4,7.5,5.87,11.94,-1.11,5.76,10.8,6.81,3.63,3.5,11,5,3.3,1.4,1,1,5,,7.71,-6.23,5.5,0.5,6.17,,,1,3.4,3,8.9,,8,5.2,9.05,47.02,,-1,4,10.04,8,-0.9,4,-1,,-4,4.2,-1,2,3,12.7,-6.5,5.35,7.43,6,4.57,3,27,9,24,30
Florida Atlantic,Florida Intl.,-3,-6.02,-7.62,-3.28,,-7.85,-6.34,-9.54,-4.54,-10,-8.4,-8,-12.73,-7.5,-8.46,-4.06,-7.74,-6.72,-6.53,-5.44,-2.5,-13.05,-9.23,10.25,1.2,-2.19,1.38,-9.43,-9.83,-6,-3,-6.34,-5.98,-6.12,-6,-3.5,-11,,-4.38,-3.17,-6,-13,-12.55,,,-6,-11.4,-3.5,-13.2,,-18,-16.08,1.4,-0.82,,-3,-2.5,-2.51,-13,-11.5,-13,4.2,,-3.5,-2.2,-4,-1,-1.5,-3,4.5,-7.42,-10.91,-11,4.72,17,31,9,14,48
Florida St.,Syracuse,14.5,21.86,16.92,20.77,,19.08,15.03,21.77,23.63,19,15,19,17.94,19,18.98,11.07,22.3,11.78,19.31,13.83,19.5,24.05,17.73,29.63,17.05,20.8,14.25,16.59,23.95,20,19,19,22.37,21.96,24,19.5,19,,23.31,28.56,18,22.5,17.5,,,22,20.2,15.5,18.1,,24,21.28,12.73,3.42,,17,21.5,13.44,17,23,23,11.4,,27,17.3,24,13,20.5,12.9,20,23.65,17.18,10,4.25,21,45,9,24,66
Georgia Southern,Texas St.,21,17.92,15.74,16.3,,22.41,20.35,15.55,17.61,23,13.1,20,23.1,16,18.43,21.26,20.24,12.36,17.67,19.35,20,21.65,22.32,20.38,18.36,10.7,12.31,22.98,12.56,20,28,17.8,18.88,18.06,15,19.5,18,,19.02,15.75,,18.7,23.73,,,17,15.9,20.5,20.3,,15,57.58,7.55,7.77,,16,20,8.56,25,17.5,21,36.6,,16.8,18.1,14,9,21,17.8,9,14.37,24.3,15,5.11,13,37,9,24,50
Hawaii,Air Force,-6.5,-8.03,-9.06,-8.4,,-15.93,-8.01,-6.81,-5.98,-7,-5.5,-9,-13.45,-7,-11.46,0.21,-5.5,-7.56,-8.03,-5.84,-8,-12.35,-8.35,-0.56,-11.17,-5.84,0.88,-6.85,-11.81,-7.5,-6,-8.03,-7.15,-4.16,-9,-7.5,-9,,-8.52,-10.59,-12.5,-2.7,-10.52,,,-6,-4.7,-6.5,-8,,-13,4.68,-2.53,-0.97,,-5,-8,-9.45,-11,-2.9,-9,-13.4,,-9.5,-6.2,-7,-5,-7,-10,-9,-13.15,-13.09,-17,3.59,58,7,9,-51,65
Houston,Vanderbilt,11,13.94,17.98,14.07,,14.78,16.61,10.15,13.62,24,10.7,13,16.3,13.5,14.52,15.92,12.76,13.21,14.79,15.48,13,16.05,13.73,25.06,9.14,12.26,15.39,19.83,18.11,13.5,15,14.52,14.87,10.13,17,13.5,12,,20.77,8.31,15.5,11.1,21.01,,,12,20.4,11.5,13.4,,16,-1.02,8.79,10.48,,6,13,13.08,18,8,19,22.4,,12.9,9.6,21,10,12,17.4,24.5,16.08,15.31,17,4.06,0,34,9,34,34
Iowa,Maryland,17.5,22.27,25.21,17.95,,40.11,15.66,21.49,22.74,27,13.6,23,21.53,22.5,21.62,22.9,16.99,16.12,21.23,21.76,18,28.35,21.11,40.03,14.12,21.62,21.51,22.74,22.99,20.5,35,21.53,22.3,20.3,20,18,21,,28.35,13.11,21,21.1,23.67,,,16,24,18,25.1,,30,14.63,15.99,22.64,,17,18,18.7,24,19.4,21,18.5,,16.7,16.5,24,12,17,22,10,24.75,19.74,20,5.18,15,31,9,16,46
Iowa St.,Texas,-3.5,-6.03,-8.61,-6.09,,-3.34,-1.62,-9.01,-9.15,-1,-1.5,-7,-2.38,-4.5,-1.48,-19.29,-4.63,-4.4,-5.84,-7.49,-5,-1.55,-3.26,-15.56,-10.14,-8.31,-0.01,-2.33,-13.02,-5,-4,-5.53,-6.88,-5.53,-6,-8,-9,,-9.09,-7.07,2,-8.5,-2.87,,,-8,-8.9,-3.5,-3.4,,-2,25.61,-24.58,-7.8,,2,-5,2.61,-5,-7.9,-1,-2.8,,-9.5,-2.8,-3,-1,-6.5,-1.8,-6.5,-11.17,-3.72,-4,4.72,0,24,9,24,24
Kansas,Oklahoma,-39,-36.04,-37.65,-29.42,,-43.68,-33.75,-32.08,-34.41,-41,-18.8,-37,-44.26,-31,-38.81,-31.71,-35.64,-26.09,-34.34,-32.49,-39,-41.15,-43.83,-32.44,-33.45,-22.25,-16.55,-33.68,-28.97,-40,-47,-34.41,-36.02,-39.81,-35,-36,-35,,-33.3,-36.28,-44,-47.7,-45.87,,,-38,-48.3,-38.5,-32.8,,-48,-49.81,-26.2,-18.13,,-35,-41,-20.36,-42,-45.4,-40,-46.9,,-31,-26.6,-25,-18,-40,-29.4,-20.5,-31.91,-42.92,-38,8.24,62,7,9,-55,69
Kentucky,Tennessee,-10.5,-9.4,-4.21,-11.25,,-9.08,-13.9,-10.77,-7.07,-4,-4,-5,-18.91,-2.5,-13.35,0.22,-5.34,-3.23,-8.85,-9.01,-10,-12.55,-12.02,-9.41,-11.4,4.53,2.97,-11.29,-0.8,-10.5,-16,-9.5,-8.98,-12.87,-10,-7.5,-9,,-4.85,-11.17,-2,-13,-16.81,,,-9,-11.3,-10.5,-18.7,,-20,-16.89,-3.38,0.05,,-12,-10,-8.92,-13,-12.1,-14,-12.4,,-12.5,-9.5,-4,-4,-9,-8.2,-2,-10.59,-19.49,-6,5.75,52,21,9,-31,73
Louisiana-Lafayette,Louisiana-Monroe,11,9.5,7.13,13.04,,13.63,5.72,13.05,10.14,12,5.4,9,6.82,11,8.47,10.11,7.15,15.17,10.5,12.42,12.5,12.15,11.29,-6.06,13.91,9.33,4.69,8.99,10.19,11.5,8,10,9.26,10.12,12,12.5,14,,8.4,10.01,-1.5,9.8,8.56,,,10,13.9,11,13.1,,20,-2.5,9.25,17.22,,10,10.5,9.24,7,9.1,15,16,,9.7,5.8,14,6,11.5,9.7,15,16.13,5.51,6,3.20,24,30,9,6,54
Memphis,Tulane,31,29.33,33.22,28.95,,35.23,25.93,26.24,28.06,36,17.1,37,35.42,31.5,31.4,42.04,30.39,19.13,30,30.25,31.5,34.25,29.9,47.16,28.09,24.85,23.9,35.21,27.52,30,47,29.9,29.99,27.8,31,26,30,,34.54,23.97,30,29.9,38.68,,,30,25.8,31,27.4,,38,37.11,37.02,60.82,,27,31.5,27.61,37,27.6,28,30.2,,28,22.1,28,18,32.5,32.5,23,32.85,34.86,32,5.59,13,41,9,28,54
Miami (Ohio),Buffalo,-7,-12.76,-11.1,-8.61,,-13.24,-13.84,-10.42,-11.34,-11,-9.2,-12,-16.92,-8.5,-15.09,-11.64,-9.97,-9.35,-9.86,-8.67,-8,-15.25,-8.65,8.97,-4.92,-3.46,-0.44,-11.97,-9.29,-9.5,-11,-9.45,-12.38,-9.45,-11,-7.5,-16,,-7.52,-9.42,-16,-9.7,-18.31,,,-9,-10,-8,-9.5,,-11,-5.01,-9.08,-11.72,,-9,-8,-6.49,-15,-7.6,-11,-6.8,,-9,-4.2,-4,-8,-7,-7.5,-1.5,-11.47,-18.4,-16,3.82,29,24,9,-5,53
Minnesota,Michigan,-10.5,-15.72,-12.45,-15.28,,-18.41,-20.7,-14.33,-12.25,-13,-7.5,-9,-24.82,-7.5,-21.73,-18.37,-11.83,-10.47,-13.37,-16.15,-14.5,-17.95,-15.64,-23.31,-17,-4.37,-10.84,-17.23,-7.39,-14,-29,-13,-14.2,-13.78,-9,-12.5,-12,,-13.88,-5.4,-9,-12.7,-24.57,,,-11,-10.2,-10.5,-16.4,,-18,-24.5,-5.27,-10.54,,-14,-14.5,-17.37,-21,-12,-7,-15.8,,-12,-9.1,-8,-9,-13.5,-13.8,3.5,-10.61,-26.63,-14,5.95,29,26,9,-3,55
NC St.,Clemson,-10.5,-15.52,-18.49,-15.63,,-14.07,-12.34,-14.5,-16.99,-9,-6.1,-16,-15.93,-14.5,-12.8,-26.78,-20.41,-9.78,-13.58,-12.62,-11,-17.35,-11.25,-24.41,-7.1,-10.1,-16.3,-15.19,-8.42,-12.5,-30,-13,-16.31,-8.99,-12,-10,-12,,-13.48,-6.14,-6,-10.2,-21.78,,,-11,-8.1,-11,-15.4,,-28,-36.72,-8.68,-30.37,,-13,-11,-3.65,-18,-8.7,-14,-18.8,,-12,-10.8,-14,-9,-10,-15.4,-4,-12.62,-19.53,-9,5.37,56,41,9,-15,97
Navy,South Florida,7,10.73,11.42,14.44,,8.49,11.15,10.4,11.17,9,6.6,10,10.49,9.5,9.99,12.49,13.22,9.88,10.51,10.26,8,7.55,9.82,19.53,3.95,15.33,12.7,8.81,13.75,8,16,10.4,11.77,8.11,12,9,6,,15.21,9.21,15,10,9.34,,,11,7,8,7.7,,3,26.61,19.71,12.01,,10,8,10.41,10,10.4,13,0.01,,11.4,9.9,17,8,7,7.1,11.5,7.61,10.72,8,3.40,17,29,9,12,46
New Mexico St.,Idaho,-7,-9.3,-13.16,-9,,-8.67,-7.77,-10.36,-9.58,-7,-3.3,-15,-12.51,-12.5,-8.88,-16.91,-7.45,-17.1,-7.48,-11.95,-8,-13.05,-7.58,13.94,-3.11,-2.08,3.66,-8.94,-6.03,-7.5,-1,-7.58,-9.7,-1.76,-6,-3,-11,,-3.94,0.27,-11.5,-3.7,-11.15,,,-3,-7.1,-7,-12.4,,-20,-17.33,-4.46,-21.02,,-6,-8,3.38,-13,-2.2,-15,-2.1,,-8.5,-0.7,-1,-7,-7,-5.5,3,-14.7,-12.21,-12,5.37,48,55,9,7,103
North Texas,Texas-San Antonio,-7,-7.92,-12.01,-11.46,,-12.77,-7.42,-6.51,-5.31,-10,-6.3,-9,-15.98,-5,-12.38,-17.43,-5.31,-15.17,-7.31,-13.1,-8,-13.25,-14.96,12.09,-7.2,-3.46,6.05,-4.53,-6.33,-8,-12,-6.8,-7.68,-7.26,-4,-9,-4,,-1.33,-2.6,,-2,-7.56,,,-6,-0.3,-7,-8,,-13,-12.66,-6.07,-13.16,,-5,-8,-1.63,-14,-2.4,-10,2,,-13,-4.1,-3,-1,-9,-6.8,1.5,-10.78,-13.85,-8,4.99,23,30,9,7,53
Old Dominion,Western Kentucky,-24.5,-25.59,-18.13,-23.07,,-20.21,-22.98,-24.31,-23.05,-23,-18.6,-21,-33.21,-17,-29.96,-14.63,-28.09,-12.72,-22.94,-24.09,-25,-33.05,-29.94,-20.44,-29.79,-14.48,-6.35,-26.75,-18.37,-25.5,-41,-23.07,-24.81,-25.74,-24,-24,-26,,-20.2,-20.73,,-31.7,-32.85,,,-23,-24.1,-24.5,-25.9,,-29,-42.65,-17.66,-10.74,,-24,-25,-19.31,-32,-29,-25,-20.3,,-21.5,-15.6,-20,-13,-24,-20,-4.5,-23.83,-32.94,-23,6.73,55,30,9,-25,85
Penn St.,Illinois,3.5,6.17,7.9,8.85,,1.36,1.61,9.07,9.49,9,3.3,6,-1.58,9,0.87,3.31,8.63,6.29,5.26,8.18,3.5,0.45,4.16,11.19,9.18,7.7,6.8,5.26,0.55,4,5,6,6.69,4.92,7,7,2,,9.52,5.16,1,1.9,2.26,,,9,3.5,3.5,5.1,,-5,18.95,9.74,13.54,,1,3.5,9.4,1,0.9,5,6.5,,10.8,7.6,7,5,4.5,3.2,10.5,7.38,-1.3,1,3.63,0,39,9,39,39
Pittsburgh,North Carolina,-1.5,0.65,3.63,1.74,,0.46,-3.06,-3.03,2.42,4,-2.1,1,-4.44,4.5,-2.08,13.01,0.45,1.55,-0.27,2.1,-2.5,-8.75,-1.79,4.66,1.18,3.79,6.25,2.03,-0.98,-3,3,0.65,1.61,-2.93,-1,-1,-5,,3.98,-4.21,4,-6.1,-2.94,,,2,-6.4,-1.5,-3.9,,-8,-20.97,9.06,10.61,,1,-2.5,5.66,-2,-7.2,-4,-18,,0.01,1.5,3,2,-1.5,0.9,2,-0.21,-5.69,-8,4.88,26,19,9,-7,45
Purdue,Nebraska,-7.5,-13.96,-10.82,-11.15,,-15.65,-9.44,-12.2,-15.01,-7,-0.9,-11,-13.73,-7,-12.22,-8.26,-18.42,-8.66,-11.07,-12.02,-10,-9.65,-10.46,-16.44,-13.58,-7.38,-1.05,-11.08,-11.42,-11,-19,-11.1,-14.13,-8.13,-13,-11,-9,,-11.14,-10.05,-4,-9.8,-14.27,,,-14,-8.1,-8,-11.1,,-22,-28.46,-17.5,-13.5,,-11,-10,-4.87,-13,-9.2,-8,-19.6,,-12.5,-6.7,-14,-8,-9,-3.4,-8,-13.37,-13.76,-12,4.11,45,55,9,10,100
Rice,Louisiana Tech,-11.5,-10.97,-6.23,-8.26,,-9.25,-11.52,-11.05,-8.3,-6,-8.3,-9,-19.02,-4.5,-15.28,-4.18,-9.24,-5.46,-10.77,-8.95,-12,-19.65,-11.91,-11.03,-8.54,-0.68,-2.88,-9.94,-8.27,-13,-27,-9.6,-10.61,-14.57,-12,-9.5,-11,,-6.39,-10.45,-8,-15.5,-15.63,,,-10,-9.6,-11.5,-14.9,,-22,-18.99,-9.14,-1.22,,-9,-14,-7.16,-17,-15.7,-15,-19.2,,-12,-8.7,-14,-6,-13,-7.4,-8,-10.87,-18.77,-10,5.09,42,17,9,-25,59
SMU,Tulsa,-2.5,-3.4,-12.01,-2.15,,-5.76,-1.85,-1.7,-3.78,-8,2.1,-12,-4.54,-7,-2.8,-11.72,-7.35,-12.81,-4.2,-3.18,-4,-4.25,-2.86,2.19,-1.06,-5.45,0.21,0.01,-3.94,-3.5,-5,-3.78,-3.87,-3.76,-3,-3.5,-4,,-4.91,-5.25,-5,-4.4,-1.78,,,-5,-3.4,-2.5,-3.7,,-2,-11.39,-4.26,-9.14,,-5,-4,-0.43,-3,-3.4,-7,-3.3,,-5.2,-3.4,-4,-2,-3.5,-2.5,-2.5,-3.68,-4.27,-13,3.11,40,31,9,-9,71
Southern Miss.,UTEP,24,18.1,17.84,20.47,,20.25,24.58,18.27,13.82,26,13.5,21,30.69,17,25.49,11.12,16.57,12.05,20.12,21.9,23.5,28.45,22.52,5.87,21.04,9.79,15.17,24.28,16.19,22.5,37,20.25,16.97,23.48,21,20.5,20,,16.77,18.7,15.5,18,29.35,,,19,16.2,23.5,24.6,,38,40.85,8.42,5.07,,22,23.5,20.9,28,17.2,22,33,,23.5,13.3,21,14,24.5,22.2,2,16.21,31.1,18,6.80,13,34,9,21,47
TCU,West Va.,13,13.05,14.04,11.86,,14.76,4.13,18.63,16.42,12,12.1,20,4.98,21,7.86,18.78,14.18,8.74,13.45,11.57,14,20.25,10.71,19.25,19.24,15.38,21.43,4.59,10.98,13.5,9,13.61,14.01,13.61,18,14,18,,14.14,11.97,8.5,17.8,-1.1,,,13,13,13,19.4,,11,9.29,11.03,13.97,,13,14,5.74,9,16.6,20,17.1,,18,11.3,18,4,13,14.8,16,24.22,4.37,11,5.18,10,40,9,30,50
Temple,Notre Dame,-10.5,-9.4,-1.89,-9.17,,-2.82,-11.12,-10.27,-9.02,-2,-7.8,0.25,-14.67,-1,-9.99,-8.7,-8.06,-2.02,-7.19,-5.57,-9.5,-8.25,-8.95,-5.13,-13.54,-1.41,-2,-5.43,-2.19,-10,-15,-8.06,-9.32,-12.06,-5,-9.5,-8,,-2.33,-5.69,9,-11.4,-15.4,,,-8,-6.5,-10.5,-10,,-21,2.81,0.01,3.74,,-9,-9.5,6.07,-14,-12.1,-5,-9.3,,-10,-8.7,-1,-3,-10.5,-5.4,-1,-8.49,-16.98,-1,5.14,24,20,9,-4,44
Texas A&M,South Carolina,15.5,13.26,16.04,12.68,,21.38,16.8,12.2,12.64,15,14.5,15,17.13,12.5,14.18,12.79,11.07,11.48,13.99,14.33,15.5,17.25,12.83,25.63,14.23,12.53,13.37,16.04,10.81,14,31,13.93,13.93,15.23,12,14,13,,19.08,15.38,14.5,14.8,16.33,,,14,15.1,15.5,9.9,,9,27.5,14.74,20.78,,15,15.5,11.63,15,14.5,13,9.4,,14.2,10,20,9,16.5,10.3,7,11.78,19.11,11,3.64,28,35,9,7,63
Texas Tech,Oklahoma St.,0,-6.01,-9.16,-2.21,,-10.68,-4.52,-4.68,-6.92,-8,-3.6,-14,-6.21,-9.5,-4.68,-7.67,-5.77,-5.65,-4.88,-1.49,-2.5,-6.05,-2.25,-10.09,0.96,-3.28,-12.1,-5.79,-0.64,-4,-13,-4.52,-6.34,-3.64,-6,-3,-1,,-6.42,-5.48,-6.5,-4.3,-6.94,,,-2,-10,-1,-2.8,,-15,-14.4,0.93,-10.03,,-3,-2.5,0.18,-5,-3.5,-2,-3.2,,-1.1,-1.8,-4,-1,-1.5,-1.9,-0.5,-6.59,-7,-10,3.71,70,53,9,-17,123
UCLA,Colorado,23,21.14,19.06,22.38,,14.33,23.35,20.58,21.62,23,20,21,24.01,18.5,20.35,22.31,18.29,12.58,20.74,19.79,22,23.05,21.26,31.5,23.96,13.66,14.46,22.84,11.51,22,24,21.14,21.8,22.68,21,19.5,19,,25.03,22.09,18.5,20.7,24.2,,,20,19.7,23,20.8,,26,22.29,22.31,10.18,,22,22,15.07,22,20.5,24,33.6,,26.5,20.6,21,14,21,19.7,22,24.42,25.28,11,4.24,31,35,9,4,66
UNLV,Boise St.,-20.5,-18.92,-14.16,-17.94,,-14.89,-11.83,-24.47,-19.98,-17,-10.6,-15,-16.89,-14,-17.41,-22.88,-27.04,-11.72,-18.73,-17.26,-19,-19.75,-16.08,-23.28,-24.07,-14,-9.65,-19.13,-21.24,-19.5,-21,-18.92,-19.54,-18.47,-24,-19.5,-20,,-19.29,-28.56,-24.5,-26,-24.36,,,-21,-20.5,-20.5,-17.3,,-18,-33.72,-16.6,-8.23,,-20,-19,-9.15,-18,-27.1,-20,-21,,-21.5,-17.5,-28,-12,-20,-8.5,-21,-26.87,-15.58,-15,4.84,55,27,9,-28,82
Utah,Oregon St.,26,25.98,28.29,27.06,,31.7,26.02,28.03,24.98,29,20.3,27,32.04,25,27.61,31.13,23.8,17.91,27.17,28.43,25,31.65,24.31,44.63,32.88,21.97,20.87,30.53,21.68,26.5,45,27.06,26.28,26.83,26,23.5,24,,32.3,31.13,22,36.1,32.81,,,28,32.9,26,29.8,,30,35.97,22.76,13.52,,24,25,17.75,34,35.1,31,32.7,,27,19.3,24,14,24,25.7,12.5,31.97,32.57,21,5.73,12,27,9,15,39
Utah St.,Wyoming,26.5,28.25,23.21,29.3,,24.92,24.61,22.18,29.2,30,17.9,22,28.63,22,26.8,45.35,18.88,18.54,23.56,29.54,27,25.45,23.95,12.31,22.15,19.88,9.08,23.55,25.27,24.5,31,23.21,29.42,22.88,24,23.5,22,,24.34,28.57,30,22.6,25.29,,,23,19.4,26.5,20.3,,18,38.86,8.47,8.92,,21,27,15.32,27,21.7,23,20,,27.5,20.5,27,13,28,20.8,21,25.69,27.83,14,5.77,27,58,9,31,85
Virginia,Georgia Tech,-5.5,-9.85,-7.35,-8.33,,-14.64,-6.94,-8.56,-8.33,1,0.01,-10,-14.44,-6.5,-12.58,-1.5,-9.37,-4.34,-8.37,-3.82,-7,-11.65,-8.9,-13.34,-8.89,-3.19,-3.39,-6.7,-7.12,-8.5,-10,-8.56,-9.23,-11.5,-11,-4,-8,,-7.31,-18.21,-9,-10.7,-12.1,,,-10,-11.3,-6,-7.5,,-14,-11.84,-3.61,-1.71,,-9,-7,-5.88,-10,-11.3,-11,-8.8,,-12,-6.4,-8,-7,-6,-2.4,-10,-6.43,-13.45,-14,3.79,21,27,9,6,48
Wake Forest,Louisville,-11,-13.14,-6.88,-13.32,,-7.49,-9.42,-11.41,-13.23,-5,-8.9,-5,-13.19,-4.5,-13.02,-5.81,-15.85,-4.86,-10.32,-8.1,-12.5,-14.15,-8.29,-14.69,-14.54,-4.23,2.35,-8.77,-12.08,-11.5,-9,-11,-12.6,-12.3,-13,-11,-10,,-9.3,-11.69,-0.5,-11.3,-12.96,,,-11,-9.8,-11,-6.9,,-16,-14.78,-8.32,-4.34,,-9,-12.5,-5.22,-12,-10.7,-15,-23.2,,-12.5,-7.2,-14,-7,-11.5,-8.1,-13,-14.92,-13.06,-5,4.12,20,19,9,-1,39
Washington,Arizona,4,6.05,3.16,7.32,,4.31,8.51,6.6,4.98,10,5.8,5,9.7,3.5,7.9,7.67,7.05,1.71,6.32,9.34,5.5,9.45,6.78,8.69,6.59,1.78,1.75,11.93,5.72,5.5,21,6,5.91,5,5,5,4,,4.62,5.21,1,1.5,13.91,,,6,2.8,4,8.7,,7,-0.37,-0.73,2.45,,7,5.5,8.38,11,-0.3,4,5.9,,3.3,6.3,10,4,4.5,14.5,-2,8.95,9.16,-4,4.12,3,49,9,46,52
Washington St.,Stanford,-10,-13.47,-12.8,-14.55,,-11.75,-14.08,-13.63,-13.29,-12,-9.8,-14,-15.84,-10.5,-13.77,0.73,-14.33,-7.54,-11.95,-7.16,-11.5,-20.85,-14.84,-15.47,-10.14,-3.17,-11,-7.45,-4.71,-13.5,-20,-13.12,-13.61,-13.14,-13,-13,-10,,-8.67,-14.06,-19,-16.9,-12.45,,,-14,-19.3,-10,-14.8,,-18,-5.39,1.65,-0.65,,-17,-11.5,-3.61,-12,-16.4,-19,-17.7,,-15.5,-10,-11,-6,-10.5,-9.9,-9.5,-13.12,-17.87,-7,4.97,30,28,9,-2,58
Wisconsin,Rutgers,18.5,22.45,15.52,17.72,,19.35,17.75,15.69,22.25,21,11.8,15,21.67,14,22.78,10.96,23.05,12.96,18.16,14.58,19.5,20.95,18.41,25.91,24.54,12.78,18.77,17.26,14.24,20,24,18,22.6,19.47,21,20,17,,19.67,15.61,23,18.3,22.28,,,18,20.8,18.5,17.7,,22,19.53,8.8,5.88,,23,21.5,12.06,21,17.3,22,17,,19,17.6,28,14,20.5,14.8,18.5,14.84,22.48,10,4.09,10,48,9,38,58
Air Force,Army,17,18.23,21.89,13,,17.29,14.21,17.14,16.48,21,19.13,20,20.93,17.5,20.21,17.61,19.53,9.33,17.76,5.49,18,24.85,20.55,9.75,14.52,21.28,4.48,13.41,19.32,18.5,9,18.62,17.56,19.4,24,17,19,,18.62,25.25,11,20.2,13.59,,,20,17.1,17,23.5,,32,14.13,8.98,1.78,,19,18,18.16,18,22.1,25,12.2,,20,12.9,24,10,17,7.7,17.5,22.99,17.89,16,5.24,3,20,10,17,23
Alabama,LSU,7,8.45,0.97,8.72,,4.89,5.35,11.34,6.88,4,10.5,4,8.74,8,9.54,-7.88,13.03,2.06,6.46,3.97,7.5,13.45,8.28,2.94,3.05,0.4,1.5,4.34,5.87,7,3,6.8,7.14,3.33,13,7,6,,3.24,12.65,18,6.8,6.68,,,9,8.2,7,9.5,,4,-2.97,3.02,-27.37,,11,7.5,7.08,7,7.6,13,3.3,,9.9,6.3,10,5,6.5,1,10,5.77,8.39,-1,4.07,16,30,10,14,46
Appalachian St.,Arkansas St.,13,13.29,14.91,9.28,,14.57,14.74,11.11,9.75,20,10.25,17,19.57,13,16.93,14.29,12.76,10.33,14.17,16.1,11,14.05,14.96,22.19,8.3,10.7,13.02,18.39,6.44,13,22,13.29,12.83,13.73,12,11.5,11,,16.38,12.33,,14.4,25.16,,,13,15.4,13,11.6,,19,34.31,20.31,13.5,,15,11,17.03,21,13,20,27.3,,11,6,18,11,10,12.2,11,11.15,16.11,12,4.40,40,27,10,-13,67
Boston College,NC St.,-4,-5.28,-4.97,-4.21,,1.68,-3.4,-2.82,-5.4,-4,-0.25,-1,-4.43,-2.5,-5.27,0.47,-3.35,-5.74,-3.42,-0.81,-5,-1.35,-3.75,-7.25,-1.11,-5.03,-1.51,-3.3,-4.07,-4,-2,-4,-5.12,-5.27,0.01,-4,-4,,-7.15,-3.63,-1.5,-7.2,-4.17,,,-4,-5.2,-4,-3.6,,-7,-6.28,0.64,-3.93,,-2,-3,-4.09,-5,-7,-5,-2.2,,-3.7,2,-3,-4,-4,-0.4,-2.5,-6.72,-2.13,-8,2.27,24,8,10,-16,32
Bowling Green,Ohio,20,18.73,15.18,16.14,,15.88,19.44,20.73,17.55,21,14.5,16,28.58,12.5,20.1,10.8,18.87,9.17,18.27,18.57,21,27.75,20.15,24.91,30,9.42,6.89,22.36,12.83,20.5,19,17.55,17.27,15.53,25,17,21,,17.71,14.81,-10.5,22.4,26.41,,,14,21.7,20,29.6,,35,33.21,7.08,8.76,,15,21,13.49,28,21.2,24,38.2,,12.7,10.4,13,9,20,14.3,12,18.95,26.61,10,6.90,24,62,10,38,86
Clemson,Florida St.,10.5,11.37,14.94,10.87,,17.25,10.21,11.76,10.83,12,10,12,14.88,13.5,11.88,26.01,10.6,7.08,12.55,12.9,13.5,15.85,12.47,14.28,16.46,11.96,11.5,14.03,8.42,13,26,11.86,11.12,8.58,11,12,11,,10.35,4.99,0,12.9,17.16,,,10,12,10.5,14.4,,27,18.17,14.1,40.99,,15,13.5,11.86,18,11.5,20,15.7,,7.7,5.4,10,6,12.5,9.6,4,11.28,13.56,7,4.65,13,23,10,10,36
Colorado,Stanford,-16.5,-21.18,-19.61,-21.72,,-16.37,-19.39,-18.83,-23.87,-18,-21.5,-19,-21.82,-17.5,-18.6,-21.75,-19.61,-12.9,-18.17,-22.16,-17,-23.35,-17.59,-34.41,-14.13,-10.95,-15,-19.48,-10.37,-17,-30,-18,-22.86,-17.13,-18,-16,-18,,-23.02,-12.54,-26,-14.9,-21.91,,,-17,-17,-16.5,-17.5,,-18,-12.94,-17.29,-14.91,,-17,-17,-8.8,-22,-13.6,-20,-22.9,,-21,-16.4,-14,-12,-16,-18.5,-13,-24.43,-22.77,-16,4.25,42,10,10,-32,52
East Carolina,South Florida,4,3,1.3,5.11,,0.15,2.93,1.77,3.59,2,-0.01,1,1.7,4,2.37,1.48,8.63,0.79,3.2,3.7,3,0.25,3.47,0.94,5.88,2.65,3.33,2.99,7.87,3,4,3.1,4.17,3.83,5,5,0.01,,3.1,7.4,16.5,3.9,2.49,,,5,1.5,4,-2.1,,-4,13.39,3.19,-1.84,,7,3,5.08,-1,3.9,3,-7,,4.9,7.6,13,3,4,3.2,11,-1.4,0.77,-4,3.46,22,17,10,-5,39
Florida,Vanderbilt,20.5,25.13,24.53,25.16,,27.73,22.93,25.39,25.66,26,13.63,15,25.51,17,24.65,27.52,23.34,17.29,22.69,20.1,22,27.55,21.64,38.09,27.82,19.3,22.98,22.82,21.71,21,28,24,25.59,22.1,27,19,22,,28.11,13.42,20.5,25.2,24.1,,,22,25.4,21,25.4,,27,23.77,17.85,48.84,,14,22,21.49,26,24.6,26,17.9,,21,16.6,24,13,21,22.2,18.5,25.67,27.5,17,4.21,7,9,10,2,16
Florida Intl.,Charlotte,17,18.89,11.55,17.54,,15.9,14.03,19.25,15.52,22,16.13,13,22.94,12.5,22.3,8.96,28.11,8.21,17.01,15.8,19,24.75,19.63,-5.72,23.08,6.5,5.07,21.14,14.76,18,13,17.43,17.27,17.43,26,19.5,19,,10.15,13.7,,26,26.27,,,19,25.6,17,19.1,,17,52.82,6.41,0.22,,15,17,21.74,22,25,23,6,,19,16.8,25,9,18,15.1,6.5,18.77,20.58,12,6.06,31,48,10,17,79
Fresno St.,Nevada,-3.5,-1.82,-1.71,-1.95,,-12.43,-3.72,-6.46,-0.28,-5,-6.5,-2,-4.52,-1,-3.38,2.57,-3.5,-4.5,-3.21,-2.14,-3,-9.75,-5.44,5.88,-7.23,2.02,1.32,-3.39,1.77,-3.5,-9,-3.39,-1.05,-4.28,-5,-4.5,0.01,,-1.76,-4.02,-5.5,-6.5,-6.06,,,-4,-5.1,-3.5,-8.9,,3,-10.75,3.34,0.58,,-1,-3,-0.63,-3,-5.1,-7,-1.8,,-3.6,-1.5,-7,-3,-4,-5.1,0.01,-5.77,-5.35,-11,3.53,30,16,10,-14,46
Georgia,Kentucky,16,14.19,10.29,13.26,,14.87,10.18,14.6,14.8,13,11.25,12,14.37,10,13.74,2.57,19.78,5.67,13.23,9.02,13.5,16.35,15.27,15.28,17.06,7.43,7.88,12.1,7.47,14.5,15,13.8,14.45,15.44,22,14,11,,13.06,18.91,10.5,16.7,14.07,,,16,13.4,16,17.8,,15,8.7,8.24,0.76,,16,15.5,9.76,13,16.6,18,13.8,,21,13.8,18,7,14.5,6.7,20.5,14.51,12.74,8,4.18,3,27,10,24,30
Georgia St.,Louisiana-Lafayette,-2.5,-7.62,-4.53,-7.64,,-2.32,-3.84,-6.35,-8.31,-6,-4.88,-5,-6.33,-5,-6.93,-12.91,-20.34,-3.43,-4.81,-2.5,-4.5,-5.55,-5.85,9.78,-5.47,-2.88,1.56,-1.47,1,-4,4,-5,-7.87,-5.76,-11,-6.5,-6,,-1.53,-4.07,,-4.2,-3.08,,,-7,-7.5,-2.5,-2.3,,-1,-20.04,-6.49,-2.34,,-5,-4.5,0.89,-2,-4.2,-7,5.4,,-11,-7.9,-3,-3,-3.5,0.7,-7.5,-8.55,-6.37,-5,4.12,23,21,10,-2,44
Houston,Cincinnati,9,11.2,13.39,8.3,,11.24,10.96,11.4,9.54,17,9.63,18,14.89,14,12.93,2.24,10.71,9.16,10.73,9.71,9,13.35,9.67,15.88,6.13,8.25,10,14.14,8.97,9.5,9,10,11.2,9.32,11,8.5,10,,13.39,7.13,-3,9.6,16.11,,,7,13.9,9,13.4,,6,27.06,9.72,8.83,,6,9,8.08,15,8.2,14,22.5,,9.6,6.4,14,5,8,10.7,6,15.54,12.16,11,3.59,30,33,10,3,63
Indiana,Iowa,-6.5,-16.83,-16.33,-14.29,,-20.11,-13.54,-14.83,-18.09,-14,-11,-19,-17.14,-15.5,-15.75,-16.36,-14.48,-12.66,-13.94,-16.76,-7.5,-17.35,-11.97,-27.91,-3.16,-12.18,-13.07,-14.62,-11.56,-11,-13,-14,-17.31,-10.09,-12,-7,-14,,-16.65,-8.91,-3,-12.8,-16.92,,,-13,-13.7,-8,-17.6,,-27,-25.13,-3.65,-21.18,,-14,-7.5,-7.51,-18,-11.5,-15,-16.3,,-13,-9.4,-11,-8,-6.5,-14.2,-9,-16.5,-17.9,-14,3.89,35,27,10,-8,62
Kansas St.,Baylor,-17.5,-15.91,-16.3,-11.13,,-21.79,-15.45,-16.37,-15.8,-17,-11.75,-21,-20.59,-9,-16.02,-11.4,-14.87,-11.52,-16.63,-19.52,-18,-24.25,-17.26,-23.44,-14.06,-8.78,-18.26,-18.81,-10.35,-18,-22,-16.37,-16.14,-18.46,-11,-16,-17,,-15.11,-18.75,-5,-21.5,-27.44,,,-12,-26.6,-17.5,-20.3,,-28,-34.63,-15.74,-15.03,,-13,-18,-2.91,-26,-20,-21,-28.6,,-20,-12,-17,-10,-17,-18.1,-9.5,-17.38,-21.55,-26,5.60,31,24,10,-7,55
Kent,Buffalo,1,-7.56,-2.96,-3.86,,-0.93,-8.62,-2.29,-4.85,-4,-3.5,-4,-11.15,-2.5,-10.34,1.51,-7.81,-3.89,-4.25,-1.97,-4,-6.35,-6.13,-3.63,-5,-1,-0.01,-7.26,-0.48,-4,-9,-4,-6.52,-2.98,-6,-3,-4,,-2.04,-2.66,-8,-2.6,-10.88,,,-4,-5,0,-1.5,,-6,-28.18,0.4,-0.28,,-8,-4,-4.32,-8,-1.2,-6,1.1,,-1.7,0.3,-6,-5,-3,-5.3,-2,-2.83,-11.55,-8,3.21,18,17,10,-1,35
Louisiana Tech,North Texas,29.5,30.39,30.32,30.27,,33.99,26.64,28.3,27.19,37,24.25,33,37.57,26.5,33.79,14.44,29.53,18.24,28.89,31.35,31,36.95,35.02,13.25,33.53,21.21,10.63,26.8,27.96,30.5,37,30.27,29.38,33.58,32,29,27,,25.56,30.33,33,33,31.25,,,31,27.2,29.5,29.6,,38,36.25,22.3,7.58,,27,31,19.87,35,32.6,39,33.4,,33,23.4,28,13,30,25.6,21,32.51,34.21,26,6.20,13,56,10,43,69
Louisville,Syracuse,13.5,13.53,8.77,11.79,,12.85,9.14,12.62,14.88,10,15.88,8,11.33,10,12.1,5.03,11.99,5.06,12.24,9.18,13,18.25,13.42,18.63,9.89,14.65,-0.01,9.48,18.87,13.5,12,12.67,13.26,12.67,16,12,14,,13.45,17.12,9.5,15.9,11.12,,,13,15.7,13.5,11.5,,16,27.73,12.85,2.06,,13,13,7.95,11,16,16,8.3,,15.5,10.8,14,6,14,8.2,15,14.98,10.19,4,3.80,17,41,10,24,58
Maryland,Wisconsin,-10.5,-15.03,-12.74,-11.46,,-26.47,-8,-15.29,-14.97,-11,-10.25,-13,-12.39,-10.5,-15.09,-3.02,-14.87,-10.92,-12.66,-8.07,-13,-18.85,-12.59,-25,-17.14,-11.12,-11.59,-7.78,-15.27,-12.5,-14,-12.8,-14.39,-13.67,-15,-13,-13,,-15.52,-12.8,-9.5,-15.7,-11.52,,,-14,-17.6,-10.5,-12.8,,-14,-15.47,-11.03,-13.07,,-12,-13,-4.63,-10,-15.7,-16,0.2,,-15.5,-10.9,-17,-9,-12,-6.9,-11.5,-14.31,-12.71,-16,4.01,31,24,10,-7,55
Massachusetts,Akron,2.5,-2.43,-4.17,-1.9,,-6.66,-0.01,-0.74,-5.15,-2,-4.38,-4,-1.02,-2,0.24,-8.02,0.99,-4.35,-0.82,-4.13,1.5,0.55,0.64,4.28,-2.94,-1.25,4.03,-3.7,-1.13,1.5,-4,-1.25,-3.51,1.49,-4,1,-2,,-2.52,5.08,,3.5,-3.21,,,1,0.8,1.5,-1.7,,3,1.08,-6.6,-3.31,,4,1.5,12.89,-2,4.1,-6,3,,-0.2,2.5,1,2,2.5,7.1,5,-7.92,0.17,-7,3.94,17,13,10,-4,30
Memphis,Navy,7.5,7.76,10.93,9.48,,9.3,4.44,7.18,8.76,11,4.13,11,6.78,13.5,6.77,17,8.76,3.28,8.71,7.49,8.5,6.85,6.97,13.88,4.02,7.51,11.6,8.2,9.36,8.5,7,8.76,8.14,9.95,12,8,10,,9.11,10.98,2,13.2,6.72,,,8,10.4,7.5,7.9,,10,4.56,11.07,40.15,,10,8.5,7.46,8,13,11,6.8,,10,4.9,8,1,7.5,8.4,12,10.07,5.6,4,2.83,45,20,10,-25,65
Miami (Fla.),Virginia,6,9.4,10.43,10.7,,12.82,6.3,5.35,10.14,10,1.63,12,6.23,11.5,8.74,4.4,9.64,7.24,7.91,8,6.5,5.65,8.66,15.5,4.53,9.22,9.94,7.06,12.73,6.5,15,8.07,9.8,10.09,11,7.5,8,,12.93,7.74,11.5,6.3,5.2,,,11,7.5,6,6.7,,-3,2.97,3.25,1.14,,3,6.5,8.07,5,4.9,6,1.4,,10.5,6.6,10,4,7.5,4.2,10,9.46,5.61,9,3.37,21,27,10,6,48
Miami (Ohio),Eastern Mich.,5,4.38,5.06,9.9,,1.95,3.48,7.7,6.19,5,6.75,1,3.07,5,2.68,5.99,4.18,3.33,4.56,9.47,5.5,5.65,5.4,1.41,2.06,4.91,-0.4,3.24,-3.16,4.5,9,4.38,4.93,2.55,9,6.5,7,,4.12,6.88,-1.5,4.3,1.08,,,7,1.3,5,9.7,,11,1.87,2.19,-8.11,,3,5.5,1.45,3,3.4,7,-0.3,,10.2,5.7,4,-2,4.5,2.3,5.5,10.88,2.23,-2,3.45,13,28,10,15,41
Michigan,Rutgers,24.5,26.15,23.04,22.14,,28.68,24.37,22.25,23.58,27,21.63,19,30.92,19,28.87,17.78,25.67,14.61,23.48,20.97,25.5,28.35,26.46,31.63,29.15,15.01,19.4,25.58,18.37,24.5,40,23.97,24.85,23.97,25,24,22,,25.96,19.61,20.5,27.5,30.72,,,21,26.3,24.5,26.1,,23,28.86,9.53,3.4,,27,25.5,24.19,29,26.4,27,23.4,,26,19.6,32,15,24.5,22.7,10,19.83,30.12,15,5.58,16,49,10,33,65
Middle Tenn.,Marshall,3,-3.26,-7.19,-8.49,,2.47,-1.22,-9.08,-7.36,-5,0.13,-8,5.45,-9,0.82,-1.31,-2.98,-8.14,-3.52,-3.83,2,2.25,3.4,-12,-1.84,-11.17,-0.88,1.17,-6.77,1,-11,-3.26,-4.74,3.28,-5,1,-1,,-9.26,-2.5,-7,-0.01,2.92,,,-4,-1.6,2,-7.2,,3,17.3,5.2,-0.7,,-1,2,-1.8,1,0.7,1,-0.01,,-5.3,-6.3,-15,-5,3,-7,-10.5,-9.03,2.93,-9,4.89,24,27,10,3,51
Mississippi,Arkansas,9.5,11.95,15.01,10.29,,12.08,9.8,4.97,11.4,13,1.87,16,14.57,15,12.48,14.72,7.31,8.63,10.01,8.76,9.5,6.15,12.04,15.34,14.04,10.16,17.29,10.16,4.26,10.5,12,10.29,12.11,10.33,8,11,7,,13.07,10.07,6.5,6.8,10.63,,,9,8.2,9.5,4.6,,13,6.11,12.1,34.74,,11,11.5,12.82,12,7.7,7,12.6,,6.2,6.6,7,4,10.5,8,13.5,6.21,12.58,13,3.44,53,52,10,-1,105
Missouri,Mississippi St.,-8,-8.23,-9.9,-9.67,,-12.13,-8.83,-8.21,-7.34,-7,-3.75,-5,-11.48,-5.5,-9.07,-4.69,-8.41,-8.31,-7.76,-9.99,-8.5,-10.45,-7.67,-19.22,-4.58,-6.89,-5.62,-9.64,-6.68,-8,-16,-7.6,-7.52,-7.6,-5,-7,-10,,-11.68,-2.87,1,-5.2,-11.78,,,-8,-4.1,-8,-8.2,,-16,-7.81,-5.4,-13.35,,-7,-8.5,-4.73,-10,-3.8,-6,-15.9,,-3.6,-2.8,-3,-7,-7.5,-8.7,-0.5,-9.65,-12.34,-9,3.29,31,13,10,-18,44
Nebraska,Michigan St.,-5.5,-7.22,-17.39,-6.64,,-9.13,-3.39,-10.88,-12.37,-9,-11.12,-19,-3.96,-17.5,-2.98,-22.74,-5.34,-9.77,-8.82,-3.97,-6.5,-8.55,-5.61,-27,-3.61,-18.65,-19.44,-6.5,-9.76,-6,-11,-7,-9.69,-6.76,-7,-4.5,-14,,-17.91,-9.69,-8,-6.7,-4.76,,,-4,-4.4,-5.5,-11.8,,-12,-6.72,-17.1,-23.03,,1,-6.5,0.01,-6,-5.8,-6,-0.2,,-7.5,-3.4,-3,-4,-5.5,-6.2,-4,-19.62,-4.26,-12,5.67,38,39,10,1,77
New Mexico,Utah St.,-16,-19.33,-9.99,-20.74,,-9.4,-17.71,-19.73,-19.17,-16,-17.75,-10,-22.48,-9,-19.51,-21.82,-21.23,-10.05,-16.26,-20.31,-15.5,-23.45,-16.57,-14.66,-21.14,-7.8,-2.08,-19.78,-17.78,-15,-25,-17.75,-19.66,-13.31,-17,-14,-18,,-14.36,-14.89,-11,-10.9,-25.55,,,-14,-8.8,-16,-21.7,,-14,-14.56,0.94,-7.14,,-16,-15.5,-7.47,-24,-9.1,-18,-24.1,,-19.5,-16.2,-14,-12,-14.5,-18.9,-14,-23.1,-22.71,-6,5.96,13,14,10,1,27
North Carolina,Duke,7,6.33,6.38,6.06,,5.43,7.23,6.11,7.55,10,7,6,6.4,6.5,5.01,3.78,3.72,4.55,7.03,4.79,8.5,5.45,8.47,10.13,3.82,7.64,7.75,9.19,3.81,8.5,8,6.71,6.71,8.8,4,8,7,,7.74,4.83,4,10.3,9.13,,,7,10.8,7,9.4,,8,-8.92,3.43,2.17,,4,8.5,6.05,11,10.9,7,25.2,,7.2,8.1,1,3,7.5,11,1.5,12.48,6.42,4,3.50,31,66,10,35,97
Northwestern,Penn St.,-1,2.23,2.9,4.87,,5.98,3.24,-2.69,1.99,3,1,0.25,2.5,2,2.42,13.43,3.05,0.18,1.91,6.8,1.5,0.01,1.86,4.44,-0.81,4.77,4.85,3.06,4.6,1.5,8,2,3.09,1.03,0.01,2.5,3,,3.54,-2.29,15,-0.2,0.97,,,0.01,0.01,-0.5,-1.1,,-6,18.41,2.88,-4.21,,2,1.5,-0.28,2,0.2,-2,-5.7,,0.5,2,3,-3,2.5,7.3,-6.5,6.31,0.81,-3,3.51,21,23,10,2,44
Ohio St.,Minnesota,22.5,24.85,23.25,27.15,,23.48,22.88,26.34,25.37,26,19.5,23,26.33,22.5,24.52,31.1,25.48,15.45,24.48,23.54,24.5,24.55,26.42,33.03,26.89,19.76,27.32,23.33,19.8,25,31,25,24.79,27.1,27,23,27,,24.6,26.26,23.5,28.8,27.02,,,27,23.6,22.5,23.8,,30,21.78,33.55,26.33,,25,24.5,21.02,25,27.3,26,21.6,,28.5,19.5,21,14,23.5,17.7,16.5,29.6,26.49,20,3.95,14,28,10,14,42
Oklahoma,Iowa St.,24.5,22.45,21.69,20.33,,30.54,20.78,22.6,21.51,27,19.75,23,28.11,22.5,23.58,7.22,27.57,12.45,22.83,23.13,24,26.25,24.78,27.41,29.52,16.14,22.05,23.93,21.36,24.5,32,23,22.9,27.31,26,24,18,,21.89,25.74,29.5,29.5,29.55,,,28,29.5,24.5,18,,28,23.57,3.42,0.29,,22,24,17.02,26,29.5,27,26.4,,27.5,18.3,28,13,25,15.4,23.5,20.56,25.39,20,5.66,16,52,10,36,68
Oklahoma St.,TCU,-5.5,-3,0.39,-2.43,,-3.59,-1.18,-8.28,-3.03,2,-5.38,-1,-2.25,1.5,-3.01,0.16,-4.72,-0.18,-3.83,-0.81,-5.5,-7.65,-6.2,0.16,-7.45,-2.14,0.5,1.32,-0.01,-5.5,-1,-3.01,-2.9,-6.39,-8,-5,-6,,0.89,-7.68,-10,-11.5,0.89,,,-6,-5.2,-5.5,-8.6,,-5,16.72,-4.07,-0.26,,-7,-5.5,2.41,-3,-11.3,-11,-8.4,,-10,-4.1,-3,-3,-4.5,-2.4,-10.5,-4.55,-3.2,-3,3.64,29,49,10,20,78
Oregon,California,3.5,1.47,-1.82,3.97,,-5.1,-3.64,10.33,6.67,4,2.63,-3,-8.27,2.5,-3.1,2.22,7.32,-0.41,2.88,0.2,3.5,3.45,0.97,0.38,6.82,3.11,3.8,-2.6,5.61,3.5,-4,2.91,2.91,0.56,12,6,8,,1.8,10.04,6,2.7,-4.43,,,4,1.4,3.5,7.7,,4,-19.73,2.82,-0.24,,3,3.5,-0.35,-2,2.8,6,-3.1,,6.1,8.4,10,4,4.5,0.8,18,13.28,-7.68,-3,5.15,28,44,10,16,72
Oregon St.,UCLA,-17,-16.12,-17.4,-14.7,,-16.51,-13.5,-17.23,-16.5,-13,-17.87,-18,-17.55,-14.5,-15.78,-19.5,-17.88,-11.79,-16.67,-17.71,-19,-16.75,-16.79,-30.5,-20.24,-13.92,-8.15,-14.03,-13.48,-18.5,-25,-16.51,-15.99,-18.28,-14,-16.5,-15,,-20.19,-21.59,-20,-24.7,-17.22,,,-16,-22,-17,-14,,-16,-25.81,-17.14,-12.15,,-18,-17,-5.03,-16,-24.7,-19,-28.8,,-20.5,-12.1,-18,-9,-18,-10.7,-16,-22.24,-18.76,-18,4.15,41,0,10,-41,41
Pittsburgh,Notre Dame,-8.5,-8.54,-9.17,-8.19,,-5.48,-8.44,-9.41,-8.72,-3,-5.88,-9,-12.08,-6,-8.4,-16.54,-7.28,-5.88,-8.33,-7.11,-9.5,-12.25,-10.42,-12.53,-6.14,-6.6,-5.5,-5.44,-4.49,-9.5,-15,-8.19,-8.22,-9.9,-6,-7.5,-9,,-6.88,-12.12,13,-12.3,-8.05,,,-8,-9.1,-8.5,-10.7,,-14,-6.83,-5.84,-31.39,,-8,-9.5,-2.92,-9,-12.9,-7,-14.8,,-10.5,-6.6,-3,-5,-8.5,-7.7,-3.5,-10.4,-12.52,-9,3.12,42,30,10,-12,72
Purdue,Illinois,-3.5,-2.95,-4.96,2.46,,-7.16,-1.19,5.79,-3.21,2,1.13,-4,-3.54,-1.5,-2.68,-3.36,0.72,-3.6,-0.34,-5.84,-1,5.35,-0.44,-5.34,-5.59,-1.94,-1.76,-1.56,-4.64,1,6,-0.95,-3.93,-0.95,4,0,4,,-4.72,0.38,-11,-0.4,-1.32,,,0.01,0.8,-3,7.9,,7,4.32,-2.6,-3.94,,1,-1,7.03,-1,-0.4,5,-3.1,,0.8,3.2,-4,1,-2,3.3,1,0.8,-2.71,-7,3.71,48,14,10,-34,62
SMU,Temple,-13,-20.17,-27.15,-21.34,,-23.21,-14.72,-19.24,-22.87,-24,-6.63,-28,-17.65,-21,-17.49,-30.45,-19.52,-16.99,-19.5,-21.22,-14.5,-22.75,-16.74,-30.59,-21.37,-20.98,-10.84,-13.28,-21.63,-16.5,-23,-20.98,-21.64,-17.58,-19,-14,-21,,-25.11,-22.37,-15,-23.3,-15.3,,,-20,-20.4,-14,-23.2,,-18,-20.9,-23.86,-27.78,,-17,-14.5,-9.03,-18,-22.2,-24,-13.3,,-22,-14.1,-17,-9,-13.5,-17.3,-9,-25.51,-18.17,-22,4.83,60,40,10,-20,100
San Jose St.,BYU,-13,-14.41,-14.87,-18.91,,-9.14,-13.63,-17.27,-15.87,-13,-16.25,-15,-16.7,-11.5,-13.02,-21.29,-16.04,-11.55,-14.87,-20.2,-14.5,-13.75,-13.17,-26.91,-15.99,-11.91,-6.02,-17.45,-16.33,-14,-27,-15,-15.58,-11.94,-16,-12,-17,,-17.66,-13.86,-3,-13.8,-21.22,,,-16,-9.1,-13,-17.5,,-26,-12.27,-11.47,-10.47,,-12,-14.5,-7.64,-17,-12.8,-15,-12.2,,-19.5,-12.4,-10,-9,-13.5,-16.7,-4,-16.39,-18.42,-11,4.25,17,16,10,-1,33
South Alabama,Idaho,9,5.43,5.61,7.65,,3.12,-0.23,5.18,8.16,3,1.62,5,2.35,6.5,2.67,8.2,4.43,2.71,5.58,2.66,9,2.05,4.44,-0.28,2.88,9.61,4.94,4.47,5.45,7,9,5.13,7.42,4.84,10,7,5,,6.37,3.39,,4.7,3.06,,,6,5.7,8.5,-0.9,,3,-15.81,14.04,13.86,,5,9,5.13,7,5.1,-1,10.3,,10,7.5,11,4,10,10.3,12.5,5.25,2.68,1,3.22,45,52,10,7,97
Tennessee,South Carolina,17,16.79,14.65,17.32,,26.04,22.22,18.28,13.84,21,16.88,16,26.35,12,19.91,6.29,15.84,10.58,16.81,16.81,18,19.65,20.22,23.53,20.88,6.53,8.8,21.82,11.48,18,32,16.93,15.79,19.4,15,17,18,,18.15,13.52,15,18.9,25.22,,,16,16.6,17,21.6,,23,23.79,8.81,3.16,,17,18,15.3,23,17.2,20,21.4,,19,10.8,11,10,17,13.6,5,16.93,26.72,13,5.61,24,27,10,3,51
Texas,Kansas,28,24.27,27.42,24.13,,23.69,17.52,22.49,25.1,32,21.13,24,25.7,22,23.65,33.96,25.57,22.41,24.8,28.85,28,23.45,27.94,18.81,31.95,15.72,5.89,20.87,26.2,28,27,25,25.6,28.24,27,27.5,29,,23.85,27.55,15.5,33,25.61,,,25,34.2,27.5,16.6,,24,43.75,33.18,10.73,,20,28,21,29,31.1,26,38.6,,28.5,22,24,11,29,25,17,27.33,21.92,17,5.77,20,59,10,39,79
Texas A&M,Auburn,7,7.99,12.97,7.91,,15.26,9.93,7.01,7.48,10,8.88,14,10.35,12,8.44,9.72,5.17,8.82,8.61,8.71,8,9.05,8.67,15.88,3.94,10.74,12.92,9.53,4.23,7,20,8.6,8.14,9.26,8,7.5,5,,13.18,11.31,12.5,6.2,10.39,,,10,6.3,7,4.4,,7,23.2,10.38,16.65,,8,8,7.26,9,7,7,0.7,,7.8,7.9,11,4,7,8.6,2,5.57,11.34,9,3.27,26,10,10,-16,36
Texas St.,New Mexico St.,17,14.18,13.16,14.32,,6.31,10.79,13.88,14.47,12,6,19,14.45,16.5,13.89,12.44,14.64,8.6,13.38,19.71,16,14.35,15.41,-7.38,21.39,12.99,3.29,12.88,13.29,15.5,6,13.45,14.26,13.3,20,14,12,,10.29,11.93,,12.9,13.6,,,13,15.5,16,14.4,,22,17.61,14.02,13.43,,15,16,10.61,14,13.6,16,,,20.5,8.8,13,11,17,10.7,11,13.99,12.56,9,3.65,31,21,10,-10,52
Texas-San Antonio,Old Dominion,8,8.86,-0.87,14,,5.55,7.77,8.46,5.24,9,12.38,-2,11.52,0.01,12.57,4.57,5.88,0.83,7.41,14.82,9,13.15,11.07,3.59,7.09,0.01,-0.82,10.41,4.27,9,21,7.98,6.97,7.72,12,12,4,,2.12,0.36,,8.8,11.43,,,8,5.1,8,11.8,,10,19.77,5.72,0.51,,11,9,14.79,11,7,9,1.8,,8.5,5.8,10,7,10,8.9,-3,7.98,10.54,-3,5.12,36,31,10,-5,67
Toledo,Northern Ill.,7.5,12.6,17.82,10.79,,10.98,10.41,9.89,13.99,13,12.75,17,6.93,10,11.18,14.39,8.33,11.84,11.33,12.92,8.5,11.65,9.09,27.78,13.81,14.07,15.57,10.3,13.49,9,12,11,13.44,10.69,6,8,11,,19.73,5.64,17,10.1,9.47,,,10,9.4,8.5,10.1,,9,3.15,20.57,24.84,,9,8.5,13.79,11,12.3,11,16.3,,6.2,6.6,11,5,7.5,8.6,2,11.16,10.84,9,3.45,32,27,10,-5,59
Troy St.,Louisiana-Monroe,9.5,11.05,8.65,12.08,,11.25,12.96,11.23,9.1,13,8.13,10,16.24,9,13.09,7.29,6.31,17.11,10.09,6.34,10.5,14.55,11.3,-6.19,15.83,1.83,2.22,12.65,5.03,10.5,11,10,10.42,8.48,9,8,9,,8.6,3.17,0,8,16.25,,,9,9,9.5,15,,24,-5.76,4.07,8.67,,12,10.5,12,16,6.5,15,12.7,,7.3,3.8,13,7,9.5,10.8,6,8.28,14.66,8,4.33,14,51,10,37,65
Tulane,Connecticut,-6,-6.59,-3.27,-4.35,,-8.2,-5.32,-6.22,-4.17,-7,-4.5,-3,-9.87,-2.5,-9.03,-13.21,-9.12,-4.88,-5.7,-4.73,-5,-10.85,-8.68,-5.63,-8.7,-4.65,-1.89,-8.49,-7.47,-5.5,-18,-5.29,-5.47,-3.48,-2,-6,-6,,-3,2.08,-1.5,-1.6,-14.53,,,-5,-2.7,-6,-6.9,,-10,-7.17,-13.15,-9.47,,-3,-7,-5.29,-11,-2,-4,-6.1,,-2,-3.4,11,-6,-6,-7.9,0.01,-0.22,-10.64,-10,4.45,7,3,10,-4,10
Tulsa,Central Florida,17,14.27,25.73,9.45,,27.1,17.29,9.93,11.93,31,19.63,28,21.04,23,16.65,24.23,4.48,21.92,15.66,14.73,16,19.55,12.75,-1.59,20.72,10.24,5.71,18.21,13.25,16,23,14.6,13.93,14.34,10,14,16,,18.16,12.55,-6.5,14.6,20.11,,,10,15.2,17,13.7,,25,3.13,13.09,17.28,,9,16,17.94,21,13.9,16,26.6,,9.9,6.6,10,8,17,12.7,-1.5,17.85,20.11,21,6.51,30,45,10,15,75
UNLV,Hawaii,9.5,9.76,7.4,6.38,,17.3,9.46,5.46,5.65,9,11.25,10,16.94,6.5,13.95,2.95,5.37,4.09,8.34,4.97,8.5,19.55,12.13,-1.88,17.82,2.19,0.72,9.19,5.35,9.5,12,7.4,7.4,10.74,10,8.5,10,,6.48,4.32,0.5,4.1,11.34,,,3,3,9.5,8.9,,15,3.83,3.54,-0.08,,7,10.5,14.62,14,3.2,13,14,,4.4,3.1,10,4,9.5,10.6,3,5.59,15.16,8,4.63,21,41,10,20,62
USC,Arizona,19.5,19.44,17.58,17.07,,20.38,22.07,19.94,17.91,22,19.62,22,25.61,17.5,21.01,10.33,19.91,10.08,19.33,17.02,21.5,24.05,23.58,28.94,22.55,8.66,7.75,24.05,14.61,21,38,19.65,17.92,21.96,17,17,17,,20.13,19.35,12,20.7,29.34,,,17,21.2,19.5,23.1,,37,22.69,9.83,7.83,,16,21.5,19.18,24,19.1,20,27.3,,20,15.1,25,11,20.5,20.7,5,19.65,26.57,10,6.32,30,38,10,8,68
UTEP,Rice,-7,-7.56,-6.38,-7.55,,-2.15,-7.99,-6.97,-7.06,-4,-5.5,-7,-10.47,-4.5,-8.3,-2.68,-6.57,-5.23,-6.12,-8.67,-5.5,-8.35,-6.82,9.59,-10.25,-6.63,-1.37,-8.41,-3.07,-6,-5,-6.63,-7.08,-7.49,-7,-6,-5,,-4.86,-4.39,-7,-4.8,-10.68,,,-7,-5,-7,-2.7,,-6,-16.72,-0.39,-6.01,,-7,-5.5,-1.43,-8,-4.2,-10,-4.9,,-10.5,-3.3,-11,-4,-6.5,-8.7,1.5,-5.99,-10.74,-9,2.78,21,24,10,3,45
Washington,Utah,2.5,-0.73,-6.61,-1.26,,-2.48,-0.35,4.24,-2.89,2,-0.25,-5,1.24,-6,1.68,-2.08,1.07,-5.35,-0.7,-4.37,0.5,5.45,2.06,-10.53,-3.17,-7.25,-10.69,0.27,1.72,1,-1,-0.29,-2.62,0.01,4,1,2,,-5.37,-0.29,5,-7,1.99,,,-2,-5.5,2.5,6.1,,9,5.25,-3.27,-4.64,,3,0.5,4.31,2,-8.4,3,4.5,,-1.5,-2,1,1,1.5,-1.9,4,0.51,1.14,-5,4.04,34,23,10,-11,57
Washington St.,Arizona St.,2,0.42,1.62,0.25,,3.68,4.14,1.19,-1.23,4,8.75,2,4.11,4.5,1.88,1.52,-1.1,3.01,1.46,3.84,1.5,2.55,-0.01,2.16,-0.83,3.66,5.76,7.69,5.21,1,4,1.88,-0.35,-0.56,0.01,1,2,,4.57,-11.08,0,-6.9,5.15,,,-2,-6.4,2,1.5,,9,6.47,2.79,1.75,,-3,1.5,5.64,5,-7.7,-2,-0.7,,-0.7,1.1,-1,-3,2.5,8.3,-6.5,4.89,2.81,3,4.10,24,38,10,14,62
West Va.,Texas Tech,8,5.5,3.89,6.16,,7.53,5,6.03,4.25,8,2.25,7,8.99,2.5,6.86,1.09,7.72,0.75,5.87,2.73,7,4.65,8.2,2.06,4.46,1.8,2.57,8.11,0.17,7.5,6,6,4.67,8.37,12,7.5,1,,4.22,12.1,7,9.2,9.73,,,6,12.2,8,5.8,,3,34.87,2.86,-3.09,,8,7,7.57,7,9.4,10,13.5,,6.4,5.4,14,3,8,0.01,7,2.81,7.18,1,3.49,26,31,10,5,57
Western Kentucky,Florida Atlantic,24,25.32,25.19,24.63,,21.55,21.21,22.87,25.12,29,25.63,28,29.01,25.5,25.52,18.14,25.31,15.26,23.58,26.73,25,25.95,26.94,24.41,30.02,20.87,13.89,27.21,23.96,24,25,24.63,25.78,24.42,25,25,23,,27.41,22.9,,28.4,29.71,,,23,24.6,24,19.5,,22,32.33,23.67,11.75,,21,25,16.78,30,27.6,25,23.2,,27,17.5,21,9,24,17.1,14.5,23.69,26.96,22,4.32,19,35,10,16,54
Western Mich.,Ball St.,14.5,15.48,17.7,14.59,,16.33,12.59,15.14,16.59,16,14.63,18,16.26,15,14.36,25.04,8.78,9.55,15.19,17.06,15.5,15.05,14.2,21.88,17.09,14.06,1.98,15.56,15.13,15,22,15.13,15.32,14.49,15,14.5,15,,18.89,16.08,-6,20,14.95,,,16,18.1,14.5,18.5,,12,2.19,19.11,9.11,,14,13.5,11.41,19,19.8,20,14.4,,19,6.1,14,7,14.5,5.5,14.5,19.76,15.76,11,4.02,7,54,10,47,61
Wyoming,Colorado St.,-9.5,-9.97,-9.51,-12.17,,-10.93,-4.12,-7.23,-12.92,-6,-7.38,-11,-7.07,-7,-7.1,-16.29,-9.82,-9.37,-8.16,-13.65,-9.5,-6.45,-8.16,10.22,-8.43,-10.3,1.41,-2.46,-9.42,-9,-11,-8.43,-11.42,-5.61,-8,-11.5,-9,,-5.69,-16.03,-13,-9.2,-3.47,,,-11,-6,-9.5,-5.8,,-10,-31.36,-6.19,-3.87,,-10,-9.5,4.33,-7,-9.6,-9,0.01,,-15.5,-5.8,-7,-4,-10.5,-4.2,-12,-5.74,-7.93,-10,3.89,26,7,10,-19,33
Air Force,Utah St.,-3,-0.67,4.61,2.57,,5.33,2.73,2.46,-2.39,3,-0.75,5,1.35,4,1.24,-9.15,3.03,2.59,1.57,1.27,-1,2.15,0.56,3.96,-3.94,7.84,2.13,1.1,2.46,1,-6,1.75,-2.13,0.14,3,0,1,,3.92,0.67,10,-0.5,0.19,,,2,4,-2,2.1,,12,13.67,3.08,-0.89,,2,-1,3.89,-1,0.01,8,1.6,,1.6,-2.5,-4,1,-1,-0.4,-1.5,1.75,1.06,6,3.43,28,35,11,7,63
Arizona,Utah,-6,-10.71,-15.14,-9.74,,-15.12,-9.17,-10.74,-11.64,-9,-9.5,-18,-12.36,-17,-9.84,-11.71,-9.67,-9.18,-10.6,-11.21,-7,-14.05,-7.35,-26.29,-16,-9.88,-9.5,-12.86,-6.48,-8,-26,-10.7,-11.13,-7,-6,-5,-7,,-15.79,-9.24,6,-11.9,-15.93,,,-9,-11.9,-7,-10.7,,-14,-11.43,-4.79,-4.93,,-6,-7,-5.02,-14,-11.6,-11,-10.6,,-7.5,-5.2,-11,-6,-6,-11.3,6,-15.04,-12.66,-11,4.40,30,37,11,7,67
Arizona St.,Washington,2.5,-3.09,-2.05,-1.73,,-5.88,-4.55,-2.35,0.01,-1,2.5,-3,-8.81,-1,-6.37,6.66,-1.75,-1.44,-0.77,-0.01,1.5,-7.25,-0.91,-4.43,-4.02,4.72,3.19,-4.27,3.14,1.5,-7,-1,-1.49,0.01,0.01,3.5,1,,-0.44,2.61,4,4.7,-7.25,,,0.01,4,2,-0.01,,-11,-15.1,10.5,0.79,,-1,1.5,0.24,-6,6.5,2,-2.8,,0.8,4.3,-1,-1,2.5,-2.8,5.5,-0.67,-8.92,-4,4.30,17,27,11,10,44
Army,Tulane,2.5,1.97,-2.19,2.17,,8.37,2.39,2.02,-0.24,1,1.13,1,4.01,1,4.17,-2.18,4.7,0.18,2.33,3.72,2,2.95,5.99,6.82,5.03,-2.13,7.26,5.76,3.68,2,9,2.17,1.19,3.03,2,2.5,-3,,1.39,0.64,6,-2,8.44,,,4,2.3,2.5,-1.5,,-3,-0.58,3.29,5.61,,5,2,7.68,3,-4.3,-2,7.8,,1.5,1.1,-1,1,3,5.3,6,2.83,2.83,5,3.20,34,31,11,-3,65
Auburn,Georgia,-1,1.13,0.59,-0.26,,-4.76,1.55,1.56,2,4,7.5,-1,0.01,1.5,0.43,6.07,1.12,-0.38,1.52,3.05,2.5,2.55,1.35,-0.36,-1.03,0.88,-3.2,2.26,4.75,1.5,3,1.5,1.31,-0.45,2,1.5,3,,1.74,-1.44,2,2.3,-0.23,,,-1,5.9,-0.5,4.6,,6,-5.95,3.12,0.52,,-1,2.5,8.45,4,1.8,5,2.2,,-1.7,0.3,-4,-1,1.5,3,-4.5,3.94,0.23,-5,2.91,20,13,11,-7,33
Baylor,Oklahoma,2.5,1.86,3.23,5.24,,1.02,-0.44,2.14,4.2,4,-0.13,2,-0.69,-2,-0.64,12.08,3.88,2.33,2.76,4.86,3.5,-0.95,3.3,4.43,5.2,7.76,6.5,3.2,2.99,3,1,3,2.94,2.71,6,5,5,,3.71,8.04,4,3.5,1.64,,,0.01,3.3,2.5,-2.1,,-13,-3.7,17.86,10.22,,-2,3.5,-1.11,1,3.8,3,-7.8,,8,5.8,1,-2,2.5,6.3,6.5,4.4,-2.41,1,4.46,44,34,11,-10,78
Boise St.,New Mexico,30.5,29.08,18.8,28.9,,22.93,26.52,28.13,27.5,28,20.5,21,32.19,19,30.93,23.27,32.48,13.98,25.76,23.51,29,33.95,28.36,31.07,32.79,12.48,14.85,28.76,21.14,28,31,27,28.79,30.37,34,30,24,,24.77,29.33,24.5,26.9,34.74,,,28,22,30,26.6,,27,43.36,19.82,4.1,,30,29,20.57,28,26.4,34,24.1,,28.5,24.4,28,17,30,21.2,26,27.64,31.96,13,5.76,31,24,11,-7,55
Buffalo,Northern Ill.,-7,-6.79,-3.01,-6.1,,-6.06,-4.35,-10.7,-6.55,-4,-2.25,-4,-8.97,-3,-7.04,-5.47,-3.91,-3.02,-7.27,-7.04,-7,-11.75,-8.47,-10.43,-3.12,-4.42,2.19,-6.17,-11.01,-7.5,-10,-7.04,-6.88,-8.41,-8,-6,-11,,-5.12,-11.83,1,-9.9,-9.89,,,-9,-8.6,-7,-13,,-10,-13.93,-4.74,-1.42,,-9,-7,1.96,-11,-10.8,-10,-5.7,,-9.5,-9.3,-7,-5,-7,-10.3,-9.5,-12.34,-9.46,-7,3.34,41,30,11,-11,71
California,Oregon St.,21.5,20.57,20.43,19.56,,26.08,18.88,17.76,18.19,23,18.63,21,25.14,19.5,23.1,24.23,19.57,12.92,20.79,20.49,22.5,20.95,21.63,32.71,24.48,14.1,9.58,22.52,18.8,21.5,35,20.7,19.94,24.36,20,20.5,19,,23.91,21.25,11,29,25.16,,,21,25.3,21.5,20.7,,25,34.62,19.25,6.82,,20,20.5,17.99,26,27.7,21,24.5,,26,14.2,22,9,21.5,17.7,8.5,21.9,24.39,17,4.78,24,54,11,30,78
Central Mich.,Toledo,-4,-5.66,-5.03,-3.1,,-1.69,-3.53,-4.65,-6.28,1,-2.63,-5,-4.01,-1,-5.02,-6.63,-0.2,-5.2,-3.55,-1.62,-5,-5.55,-3.18,-12,-8.62,-5.76,-5.76,1.02,-7.21,-4,-1,-4,-6.42,-4.62,-1,-4.5,-4,,-6.46,-6.15,-7.5,9.4,-0.67,,,-4,-6.7,-4,-3.4,,2,20.53,-5.31,-4.32,,-5,-5,5.43,-1,-10,-3,-8.8,,-2.2,-2.8,-7,-1,-4,-1.7,-3,-0.6,-4.75,-8,3.42,28,23,11,-5,51
Charlotte,Texas-San Antonio,-4,-7.53,1.69,-6.62,,0.19,-3.39,-7.38,-5.72,-1,-9.25,1,-8.15,1.5,-9.29,1.04,-18.17,-0.43,-4.05,-2.7,-6,-9.05,-6.04,4.46,-3.13,2.96,5.04,-6.67,-2.91,-5.5,-5,-5,-6.3,0.36,-10,-6,-3,,1.63,2.95,,-8.2,-10.29,,,-6,-8.2,-4,-4.6,,1,-16.18,3.26,-0.21,,-3,-6,-6.25,-6,-7.9,-5,-2.6,,-5,-6.9,-7,-5,-5,-5.5,2.5,-4.89,-7.5,-1,4.47,30,27,11,-3,57
Cincinnati,Tulsa,18,13.71,9.7,15.73,,13.09,11.72,16.82,14.5,14,15,14,12.21,11,12.92,16.2,16.18,6.36,15.3,15.81,17,19.05,17.39,19.96,13.8,11.84,6.47,13.21,20.45,16.5,20,15.1,13.72,14.71,22,16,19,,13.71,15.76,21.5,18.9,15.1,,,16,15.7,17.5,18.7,,24,17.24,14.62,3.49,,18,17,12.23,16,18.1,21,19.6,,18.5,11.4,20,10,18,12.1,14.5,16.51,12.5,7,3.77,38,49,11,11,87
Colorado,USC,-16.5,-21.45,-17.84,-20.35,,-18.7,-19.26,-16.11,-22.23,-15,-11.75,-18,-25.04,-16.5,-20.66,-19.92,-21.16,-11.42,-17.39,-16.29,-17.5,-17.75,-16.51,-31.96,-20.01,-7.02,-5.81,-20.25,-10.72,-17.5,-30,-17.68,-21.66,-21.15,-16,-16,-17,,-21.21,-18.66,-15,-16.6,-24.45,,,-18,-15.5,-16.5,-15,,-17,-28.22,-13.28,-6.82,,-16,-17.5,-10.76,-22,-14.3,-17,-22.6,,-21.5,-14.4,-21,-12,-16.5,-15.5,-13,-17.68,-25.24,-14,4.75,27,24,11,-3,51
Colorado St.,UNLV,7,5.45,4.17,7.79,,6.44,0.79,10.32,8.63,9,10.38,4,-0.49,4.5,2.2,4.72,9.88,3.54,7.61,7.89,8,4.75,5.33,7.54,4.5,11.73,6.07,5.51,13.84,7.5,9,7.79,6.68,5.36,11,7,10,,6.44,16.71,16.5,9.5,5.35,,,10,8.5,7,11.3,,2,0.27,9.76,0.48,,9,8,3.83,6,11.7,9,7.4,,8.2,10.6,10,7,7,2.6,16,11.96,-0.59,1,3.87,35,49,11,14,84
Duke,Pittsburgh,3,2.03,0.6,0.39,,5.47,2.83,1.36,0.49,1,7,3,2.48,0.01,3.62,1.56,1.73,0.63,2.11,0.01,2.5,5.35,3,-1.29,9.06,2.02,2.75,-0.47,3.4,2.5,-1,1.73,1,1.7,5,3.5,3,,0.75,6.32,5,1.3,-0.6,,,1,1.5,3,0.3,,-3,-3.35,2.88,-0.86,,2,2.5,3.63,-1,1.8,4,0.5,,1,-0.9,10,1,3.5,-2.1,6,1.92,2.71,3,2.48,31,13,11,-18,44
Eastern Mich.,Massachusetts,-7,-6.65,-4.9,-8.32,,-1.43,-7.81,-8.31,-6.16,-3,-4.75,-4,-9.16,-4.5,-7.2,-4.96,-9.88,-4.33,-6.35,-7.24,-8,-9.85,-6.52,8.71,-9.45,-1.47,5.07,-4.56,-2.08,-7,-7,-6.65,-6.35,-5.78,-6,-7,-11,,-1.01,-10.96,,-12.8,-7.98,,,-8,-8,-7,-8.9,,-10,-9.25,-7.87,-0.92,,-5,-6,-2.79,-7,-11.4,-11,-6.5,,-12.5,-4.6,1,-8,-7,-6.6,-3.5,-6.92,-9.28,-5,3.45,28,17,11,-11,45
Florida Atlantic,Middle Tenn.,-6,-8.4,-8.77,-5.07,,-8.17,-5.91,-3.24,-7.4,-3,-9,-11,-12.74,-7.5,-9.47,-11.14,-5.22,-6.23,-6.06,-5.69,-7,-8.85,-8.36,0.11,-2.95,-2.9,-1.35,-8.43,-3.35,-6.5,-2,-6.18,-8.51,-7.18,-5,-6,-7,,-5.91,-7.69,-3,-7.3,-10.97,,,-8,-4.4,-6,-1.2,,-2,-1.94,-6.18,-3.52,,-7,-7,1.28,-7,-8.5,-4,-10.1,,-8.5,-2.9,-4,-2,-6,-3.3,-2.5,-4.38,-11.66,-11,3.13,24,17,11,-7,41
Florida St.,NC St.,8.5,9.97,9.75,9.87,,5.17,7.73,9.7,12.57,9,9,9,6.35,9.5,7.04,11.09,12.54,5.37,8.78,7.48,8.5,7.95,8.57,14.89,6.83,8.91,13.8,8.08,8.52,9,9,8.91,11.13,8.95,11,9.5,8,,11.27,10.18,16.5,7,7.37,,,9,5.6,8.5,7.8,,6,12.22,9.17,2.33,,7,10.5,3.74,8,6.7,8,7.4,,10.5,13.2,15,2,9.5,12.4,8.5,8.97,9.18,2,2.53,17,34,11,17,51
Georgia Tech,Virginia Tech,2.5,4.32,3.66,3.6,,3.11,5.48,2.87,2.98,3,-1.12,4,7.88,4,5.98,7.55,6.55,-0.29,4.19,1.32,3.5,1.55,3.78,3.89,0.81,1.67,4.38,6.07,0.68,4,3,4,3.92,5.42,6,3.5,1,,3.32,6.38,10.5,4.3,7.01,,,3,3.4,2.5,-2.7,,4,15.81,9,0.54,,7,3.5,7.59,6,5.5,1,10.9,,7,5.2,4,3,2.5,7.8,11.5,-0.01,7.44,1,2.88,23,21,11,-2,44
Hawaii,Fresno St.,4.5,1.01,2.46,4.59,,2.8,5.3,1.45,0.38,6,2.75,2,3.91,2,1.64,1.13,-0.41,1.7,3.01,5.76,3.5,1.25,4.42,2.79,6.9,2.92,5.67,5.12,1.41,3.5,5,2.92,1.34,6.78,4,5,-2,,2.9,2.44,4.5,6.8,4.63,,,6,4.1,4.5,3.3,,0.01,2.64,3.01,0.21,,5,3.5,0.01,2,5.9,3,4.5,,5.3,1.2,1,-2,4.5,4.4,0.01,1.79,4.22,-1,2.23,42,14,11,-28,56
Houston,Memphis,7,6.73,3.79,1.94,,4.57,5.88,11.02,6.22,10,8.75,9,4.95,6,7.26,4.36,7.05,2.35,6.6,4.27,8,16.45,9.72,4.36,12.92,5.34,5.5,6.33,9.24,7.5,4,5.94,5.94,5.92,8,6,10,,4.7,5.56,-1.5,8,8.36,,,4,11.5,7,13,,14,2.16,-5.39,-1.19,,5,6,4.49,7,6.4,13,4.4,,2.4,5.9,7,5,7,5.2,0.01,9.28,4.25,4,3.65,34,35,11,1,69
Idaho,Appalachian St.,-20,-18.76,-18.46,-14.78,,-17.15,-16.43,-19.3,-17.1,-16,-18.13,-22,-23.2,-16.5,-20.7,-22.79,-24.08,-11.23,-17.99,-12.47,-18,-22.05,-18.45,-18.14,-22.94,-13.97,-7.7,-17.85,-10.61,-18.5,-21,-18.22,-18.22,-19.62,-18,-17,-19,,-17.71,-22.08,,-21.1,-24.93,,,-20,-18,-20,-15.5,,-20,-37.09,-16.61,-5.26,,-20,-18,-8.93,-20,-20.4,-22,-31.8,,-21,-9.3,-21,-14,-19,-11.6,-16.5,-18.11,-21.31,-22,4.46,47,20,11,-27,67
Illinois,Ohio St.,-17,-16.01,-14.72,-18.68,,-9.44,-8.53,-21.94,-19.2,-13,-15.88,-17,-12.66,-17,-13.05,-19.54,-17.85,-10.65,-15.82,-13.34,-17.5,-16.25,-12.15,-21,-24.52,-13.72,-19.71,-11.29,-8.35,-16.5,-21,-16.34,-17.23,-16.34,-21,-17,-20,,-14.97,-21.37,-24.5,-21.8,-14.18,,,-21,-16.2,-17,-15.3,,-21,-25.59,-21.4,-12.59,,-19,-17.5,-9.89,-15,-20.1,-18,-20.2,,-22,-17.2,-21,-13,-16.5,-13.5,-17,-25.18,-13.49,-15,4.15,28,3,11,-25,31
Indiana,Michigan,-13,-17.9,-14.35,-15,,-20.92,-15.02,-15.29,-16.45,-13,-8.25,-17,-20.35,-14,-19.5,-10.75,-12.78,-10.29,-14.66,-11.18,-14,-17.15,-11.68,-24.25,-17.56,-9.67,-11.47,-13.48,-12.15,-14.5,-15,-15,-16.62,-15.73,-16,-11.5,-14,,-15.95,-15.42,-5,-20.3,-17.01,,,-16,-16.7,-13,-16.7,,-16,0.91,-5.8,-2.68,,-20,-14,-12.07,-18,-19.5,-15,-9.8,,-20,-11.5,-15,-10,-13,-12.5,-7.5,-15.45,-20.5,-13,3.55,48,41,11,-7,89
Iowa,Minnesota,10,19.3,21.98,19.59,,26.52,17.72,12.91,20.85,22,11.38,17,19.34,20.5,18.05,21.04,15.39,15.28,15.48,19.49,13.5,14.55,13.12,33.75,9.08,17.3,21.71,20.69,12.25,13.5,26,15.39,19.76,13.47,13,11.5,12,,23.26,4.43,2,9.8,21.7,,,13,12.4,11,10.5,,11,13.91,13.25,16.45,,11,13.5,16.22,19,8.5,9,12.1,,15.9,9.6,11,7,12.5,15.8,4,13.23,19.25,15,5.10,35,40,11,5,75
Iowa St.,Oklahoma St.,-12.5,-14.32,-20.5,-9.94,,-25.55,-9.8,-15.99,-16.89,-19,-13.88,-21,-14.84,-22,-12.14,-16.34,-12.2,-11.25,-15.34,-12.42,-13.5,-16.45,-12.21,-28.5,-16.94,-17.11,-20.66,-15.63,-19.04,-14.5,-24,-15.63,-16,-15.44,-16,-13.5,-15,,-18.47,-18.28,-6,-17.4,-18.44,,,-14,-17.7,-13,-14,,-16,-28.36,-5.88,-21.52,,-8,-15.5,-4.7,-15,-16.6,-15,-14.4,,-20,-10.7,-14,-8,-14.5,-12.2,-9,-21.97,-15.12,-20,4.33,35,31,11,-4,66
LSU,Arkansas,7.5,11.4,15.22,10.44,,14.3,11.1,7.14,13.57,15,5.75,18,9.92,14.5,9.71,10.41,7.64,8.86,10.24,11.37,8.5,7.65,9.34,15.36,9.52,15.05,20,12.08,7.33,9,18,10,13.13,11.54,8,8.5,8,,13.21,5.01,4,8.7,11.62,,,10,10.2,8,8.3,,4,5.07,10.48,2.42,,6,8.5,10.45,9,7.8,5,12,,7.5,7.8,10,5,7.5,10.1,10.5,3.93,10,8,3.49,31,14,11,-17,45
Louisiana-Monroe,Arkansas St.,-14.5,-15.45,-18.79,-17.07,,-15.51,-11.7,-19.86,-18.86,-14,-16.25,-20,-14.17,-18,-12.21,-28.93,-14.23,-19.69,-15.16,-19.61,-15.5,-20.75,-12.29,-2.79,-9.98,-11.72,4.03,-12.82,-15.07,-14.5,-17,-15.45,-15.91,-13.73,-14,-14.5,-22,,-16.01,-13.47,-1.5,-17.6,-14.77,,,-13,-18.6,-14.5,-20.4,,-23,-24.14,-11.36,-16.56,,-10,-15.5,-4.62,-19,-16.4,-19,-19.2,,-19,-4.9,-11,-9,-14.5,-8.2,-8.5,-22.61,-14.74,-21,5.28,59,21,11,-38,80
Louisville,Virginia,14,12.32,10.92,10.48,,18.96,8.67,6.43,12.12,9,4.63,12,11.27,11,12.5,1.57,13.27,7.24,10.13,6.8,12.5,13.45,12.34,18.79,9.61,7.21,6.23,9.03,11.04,11.5,15,10.69,12.05,10.93,14,10,8,,13.31,11.95,10,9,10.69,,,12,13.5,13,6.8,,7,25.59,6.56,1.21,,8,12.5,10.65,10,8.9,12,14.5,,11.2,7.4,11,6,13.5,6.1,14.5,7.76,11.66,10,3.04,31,38,11,7,69
Marshall,Florida Intl.,10,13.86,13.95,19.58,,7.51,9.03,13.26,17.45,14,7.87,13,8.2,13.5,10.3,11.54,13.54,10.35,12.92,14.33,11,10.65,10.4,18.89,14.37,17.05,9.62,9.62,12.32,11.5,21,12.6,15.3,9.36,16,12,11,,15.94,15.27,19.5,8.7,8.48,,,14,7.1,10,12.6,,16,18.35,12.1,3,,12,13,9.09,10,8.6,11,16,,18,13.2,22,9,12,11.7,20.5,13.6,8.93,8,3.73,0,52,11,52,52
Miami (Ohio),Akron,-7,-8.86,-8.58,-5.06,,-9.78,-7.58,-3.92,-9.1,-9,-3.25,-7,-11.1,-5.5,-8.61,-9.37,-6.45,-5.75,-6.2,-5.32,-8,-6.35,-7.45,7.18,-3.91,-4.41,2.62,-9.56,-5.79,-7,-8,-6,-9.18,-7.65,-9,-7,-8,,-5.55,-5.16,0,-8,-12.56,,,-6,-7.9,-7,-5.5,,-7,0.61,-4.9,-2.49,,-5,-8,1.3,-10,-7.1,-6,-1.4,,-7.5,-1.8,-6,-4,-7,-1.5,1,-5.06,-9.41,-9,3.00,37,28,11,-9,65
Michigan St.,Maryland,15,19.14,22.09,18.1,,31.9,12.71,18.52,22.59,23,16.37,24,14.55,24,16.28,15.47,18.11,13.65,19.18,14.02,16,19.95,15.95,36.04,12.5,22.22,20.18,16.3,20.91,18,32,18.52,20.44,20.82,23,18,18,,26.27,24.47,22,22.9,15.87,,,20,21.2,15.5,17.4,,15,22.64,18.36,2.95,,13,16,14.57,15,23.5,23,11.1,,26.5,18.2,24,9,15,17.2,16.5,20,14.11,16,4.68,7,24,11,17,31
Mississippi St.,Alabama,-8,-7.17,-5.51,-6.92,,-4.07,-4.56,-8.87,-9.4,1,-12.5,-6,-5.17,-7,-5.33,-9.42,-4.27,-4.08,-5.64,-4.1,-7,-8.95,-2.72,-5.39,-4.58,-6.81,-8,-1.48,-2.5,-7,-6,-6,-7.87,-2.79,-6,-7,-7,,-2.61,-7.64,-1,-9.3,-2.74,,,-4,-11,-8,-7.3,,-5,-15.83,-8.73,-1.65,,-4,-9,1.28,-4,-9.9,-2,-3,,-10,-6.8,-6,-4,-8,-3.7,-1,-7.76,-6.47,-4,2.88,31,6,11,-25,37
Missouri,BYU,-6,-3.06,-9.97,-4.09,,-11.47,-3.62,2.44,-3.88,-10,-4.12,-8,-6.77,-7,-2.34,-4.79,0.24,-6.78,-4.06,-3.49,-2.5,0.35,-1.66,-14.57,-8.81,-9.91,-6.4,-9.52,-5.03,-2,-9,-4,-3.47,-1.11,1,-3.5,-4,,-9.97,-5.26,5,1.5,-6.27,,,-2,0.2,-6,-1.1,,-9,2.92,-1.01,-1.45,,-2,-2.5,-2.62,-6,3.2,-1,-1.8,,-3.1,1.2,6,-3,-3.5,-4.3,2,-7.25,-8.65,-7,3.96,16,20,11,4,36
Navy,SMU,21,28.67,36.65,32.85,,34.1,25.62,29.2,31.24,39,20.25,39,30.15,31,26.12,35.28,25.03,21.36,28.57,34.79,22,33.05,24.86,40,32.24,28.68,17.59,28.34,27.15,24.5,38,29.2,29.81,24.3,30,21.5,30,,35.2,23.55,27,24.9,30.77,,,28,23.3,22,34.2,,31,12.56,32.39,27.23,,22,22,19.22,32,23.7,31,29,,30.5,21.3,25,12,21,27.9,17,33.49,30.89,27,5.61,14,55,11,41,69
Nevada,San Jose St.,1,1.12,1.62,1.6,,1.64,-0.96,2.77,2.93,5,-1.62,2,-3.62,3.5,-0.7,3.38,5.33,1.35,1.49,-0.79,-1,0.75,1.31,1.64,-1.45,3.22,2.68,1.18,2.54,1,5,1.64,1.8,-1.19,4,1,-2,,3.25,2.97,12.5,-0.5,-0.52,,,4,1.1,1,2.5,,-8,-0.9,-1.96,-0.18,,-3,2,5.2,-3,-0.01,4,3.9,,1.3,2.4,7,2,1,-0.3,7,6.03,-3.15,1,2.85,34,37,11,3,71
North Carolina,Miami (Fla.),13,11.65,10.3,10.59,,15.77,14.99,14.13,9.76,17,8.5,14,16.97,11.5,13.41,4.36,11.84,7.44,12.99,11.69,14,20.25,15.49,15.71,9.85,7.8,16.02,16.89,7.04,13.5,19,12.16,10.73,12.16,12,11,9,,11.79,15.6,-1,18.5,21.1,,,10,19.1,13,16.8,,17,10.35,3.18,0.53,,13,14,12.96,18,19.1,20,23.7,,10.4,9.7,11,8,13,14.2,5.5,12.51,17.86,12,4.51,21,59,11,38,80
Northwestern,Purdue,14.5,19.38,24.19,17.66,,25.27,15.52,15.38,22.11,20,9.63,19,16.12,20.5,16.78,26.86,13.29,14.53,16.54,17.56,15,16.05,15.99,35.75,11.89,17.5,14.27,18.59,16.54,15,24,16.59,21.2,12.42,15,13,14,,27.09,11.36,8.5,11.5,17.04,,,15,11.5,14.5,18.8,,18,1.63,19.2,6.79,,12,15,9.73,17,10.2,17,22.2,,17.5,10.2,15,8,16,13.2,5,23.54,16.59,13,4.64,14,21,11,7,35
Notre Dame,Wake Forest,26.5,29.48,32.47,31,,29.6,25.39,27.42,32.53,31,22.38,25,29.37,27.5,26.55,27.64,30.54,18.34,27.38,27.2,28,26.15,24.39,46.07,24.01,24.21,23.64,29.06,24.89,27,41,27.5,30.65,29.13,26,28,24,,33.73,29.51,21,31.6,30.26,,,28,24.7,26.5,26.7,,24,34.6,20.14,33.95,,23,28,21.73,29,30.9,30,33.4,,29.5,24.9,25,14,27,28.4,26,31.36,29.4,17,4.46,7,28,11,21,35
Ohio,Kent,6.5,11.15,10.47,9.95,,9.33,9.46,2.54,9.34,12,10,9,14.38,10.5,12.98,7.25,11.91,7.44,9.18,5.02,7.5,6.85,10.31,9.68,3.52,12.75,8.97,11.56,6.62,8.5,12,10,11.75,10.83,12,7,6,,11.19,10.93,7.5,9.4,11.72,,,11,10.1,7,0.8,,6,9.46,11.87,2.12,,11,7.5,12.72,10,8.7,9,-0.2,,10.1,6.4,11,5,6.5,7.1,8,7.65,10.23,6,3.05,0,27,11,27,27
Old Dominion,UTEP,7,2.09,4.47,2.21,,3.71,4.86,1.8,1.6,7,6.38,5,5.06,4.5,2.63,2.42,-1.05,1.45,3.35,2.44,4.5,4.75,2.87,2.93,2.5,-2.29,6.38,4.11,-0.98,3.5,6,3,1.91,5.25,4,3.5,0.01,,4.2,5.41,,1.7,5.38,,,2,3.9,6,2.6,,7,3.64,3,0.38,,3,4.5,0.74,3,2.2,7,13.6,,4.8,4.1,3,2,5.5,3.6,5.5,1.7,4.93,2,2.62,21,31,11,10,52
Rice,Southern Miss.,-7.5,-5.54,-6.59,-4.34,,-8.2,-7.92,-5.8,-1.89,-6,-6.87,-9,-11.76,-5,-9.27,-3.46,-4.62,-5.93,-6.61,-5.92,-6,-11.35,-7.94,-7.46,-12.49,-1.83,-5.04,-6.08,-4.3,-6.5,-19,-6,-3.98,-7.83,-3,-7.5,-11,,-4.65,-6.31,10,-7.3,-10.06,,,-5,-5.4,-7.5,-12.5,,-16,-14.74,-2.75,-1.15,,-7,-6,-2.93,-10,-6.4,-6,-12.4,,-4.3,-0.4,-7,-4,-7,-3.6,5,-9.52,-12.62,-12,4.03,65,10,11,-55,75
Rutgers,Nebraska,-8,-9,-4.73,-5.04,,-8.86,-8.82,-7.97,-7.24,-6,-5.13,-5,-11.57,-4.5,-10.76,4.52,-11.11,-3.71,-7.61,-2.77,-8.5,-12.05,-6.61,-8.5,-5.93,-0.01,-0.38,-6.73,-4.7,-9,-25,-8,-8.31,-9.26,-10,-9.5,-10,,-5.28,-9.71,-12,-12.4,-11.92,,,-10,-12.7,-8,-10.5,,-9,3.34,3.91,1.52,,-12,-8.5,-5.95,-10,-11.2,-11,-10.8,,-10,-8,-6,-8,-9.5,-7.3,-5.5,-7.21,-11.82,-7,4.52,31,14,11,-17,45
San Diego St.,Wyoming,24.5,27.45,25.68,30.39,,29.01,20.78,26.38,30.27,33,20.5,23,24.59,23.5,24.72,25,18.37,19.48,24.66,29.6,25.5,25.45,25.4,11.71,20.84,21.51,12.73,20.53,25.57,25,31,25.34,27.42,23.75,27,23.5,28,,24.64,25.39,18.5,29.6,21.76,,,23,29.8,24.5,36,,32,4.03,19.02,4.05,,18,25.5,17.75,26,26.9,30,19.2,,28,17.3,24,11,24.5,,15.5,32.86,25.29,19,5.19,3,38,11,35,41
South Alabama,Louisiana-Lafayette,2.5,-1.05,2.9,1.49,,-2.17,-1.07,-5.21,0.44,1,-4.25,3,-2.01,3.5,-2.58,6.29,-5.56,1.75,-0.96,1.01,1.5,-4.75,-1.55,4.07,-2.1,2.06,1.64,1.23,-2.42,-1,4,-1,0.77,-5.94,-3,-1,-3,,3.23,-8.65,,-5.4,-0.64,,,-1,-2.8,2,-5.7,,-1,-13.88,-1.01,0.81,,-5,1.5,0.92,2,-6.2,-8,-2.3,,1.3,0.01,-1,1,2.5,5,0.01,-3.31,0.19,-4,3.28,25,32,11,7,57
South Carolina,Florida,-7.5,-12.8,-17.64,-12.19,,-23.54,-11.67,-9.06,-14.04,-12,-9.75,-15,-14.53,-15,-11.74,-11.28,-14.07,-10.9,-10.93,-8.15,-8.5,-12.25,-5.91,-29.07,-12.5,-13.16,-17.15,-11.42,-7.93,-8.5,-21,-11.28,-13.28,-9.96,-8,-7.5,-11,,-18.47,-2.94,-5,-9.6,-12.34,,,-10,-8.2,-8,-6.2,,-12,-9.48,-7.14,-4.33,,-8,-8.5,-8.11,-13,-8.1,-4,-7.2,,-7.5,-2,-10,-8,-7.5,-5.9,-5,-12.11,-14.89,-17,4.22,24,14,11,-10,38
South Florida,Temple,-3,-6.53,-7.85,-4.72,,-4.8,-3.75,-5.93,-8.02,-3,1.25,-6,-3.82,-7,-5.03,-7.47,-4.74,-7.31,-5.71,-3.72,-4,-5.65,-2.55,-15.96,-4.86,-9.2,-11.57,-1.52,-6.34,-5.5,-6,-5.79,-7.55,-6.46,-4,-4,-5,,-9.19,-10.07,-10,-12.1,-2,,,-6,-8.8,-3.5,-4.8,,-3,9.34,-3.57,-13.08,,-7,-4,0.01,-2,-12.5,-7,,,-4.9,-6.4,-7,-3,-3,-7.1,-4.5,-4.52,-3.54,-7,2.76,23,44,11,21,67
Stanford,Oregon,9.5,11.87,14.38,8.68,,17.62,13.76,9.29,8.97,15,11.87,21,16.36,18,14.08,5.21,7.98,7.64,11.55,9.46,11,16.55,12.18,16.61,14.5,11.39,19,13.16,9.57,10.5,23,11.39,10.7,11.24,12,8.5,9,,12.17,3.89,0.5,10.9,14.65,,,9,14.5,9.5,11.6,,5,18.83,3.17,2.07,,14,11,15.3,15,10.1,18,8.6,,7.5,5,11,4,10,12,0.01,10.37,16.34,9,4.52,38,36,11,-2,74
Syracuse,Clemson,-29,-25.65,-27.48,-23.12,,-31.9,-19.77,-28.03,-27.65,-21,-22.5,-29,-27.43,-29.5,-23.6,-28.88,-27.06,-15.62,-24.36,-19.36,-27,-32.25,-20.61,-40.11,-33.25,-21.12,-20.1,-21.91,-24.86,-25,-38,-24.86,-26.07,-21.77,-24,-26.5,-25,,-26.22,-24.78,-12.5,-28.4,-27.55,,,-24,-25.4,-28.5,-28.5,,-33,-33.14,-16.18,-42.26,,-23,-27,-11.05,-26,-26.6,-28,-25.5,,-23,-15.6,-15,-16,-28,-18.4,-16.5,-28.83,-26.54,-21,5.18,37,27,11,-10,64
TCU,Kansas,45,42.2,43.58,37.69,,53.85,32.46,40.97,42.03,54,35.88,48,44.92,42.5,42.5,44.7,48.36,29.09,42.38,33.58,44,49.35,42.45,39.68,48.51,32.99,22.28,38,38.2,44.5,53,42.5,42.65,47.04,49,44,45,,40.67,50.1,33.5,56,45.98,,,41,51.4,45,38.5,,50,44.62,42.96,23.18,,44,44,27.78,47,53.3,54,55.7,,44.5,34.3,41,23,45,35.4,32,46.22,42.33,39,7.87,17,23,11,6,40
Tennessee,North Texas,41.5,44.01,38.19,43.21,,43.5,41.68,40.54,40.25,42,29.37,40,53.91,31.5,48.08,29.35,41.93,23.46,39.21,35.25,42.5,47.05,43.09,28.04,45.72,21.82,9.75,39.55,33.71,42.5,51,41.37,43.02,47.86,40,40.5,43,,35.97,37.79,26,50.7,48.54,,,40,42.9,41.5,36,,48,48.76,31.37,8.66,,42,42.5,24.42,51,51,48,48.1,,41.5,36.9,38,18,41.5,40.9,18.5,41.37,55.03,29,9.64,0,24,11,24,24
Texas St.,Georgia St.,2.5,6.78,6.44,4.17,,-2.66,5.61,0.59,7.54,9,-4.88,9,5.39,8,6.02,5.76,1.17,2.89,3.37,-1.43,4,0.75,3.34,1.46,5.47,6.11,2.13,3.19,-1.85,4,-6,3.34,7.42,7.17,8,3.5,0.01,,4.66,3.05,,0.7,1.5,,,7,4.8,2.5,-2.6,,-3,8.87,-0.97,-0.24,,6,4,7.44,2,1.8,1,-2.4,,9.7,8.5,3,3,3,-0.3,10,1.68,5.06,1,3.92,41,19,11,-22,60
Texas Tech,Kansas St.,5.5,4.55,6.42,2.87,,9.67,3.09,-1.13,4.36,5,-0.63,9,5.21,9,4.75,9.64,0.17,3.83,4.09,4.45,4.5,3.35,5.37,10.21,0.84,5.27,3.6,7.23,5.34,4.5,10,4.4,4.86,4.76,-2,5.5,3,,7.27,2.46,-10.5,4.4,8.5,,,4,5.6,5.5,1.1,,15,1.3,5.48,3.08,,3,4.5,6.27,8,4,4,-2.8,,2.2,-0.6,-1,2,5.5,0.01,-3.5,-0.86,5.14,4,3.51,44,59,11,15,103
Troy St.,Georgia Southern,-6.5,-6.19,-9.2,-7.93,,-5.62,-3.12,-2.5,-9.43,-3,-5.12,-7,-3.29,-5,-2.84,-18.76,-0.21,-6.93,-6.28,-7.09,-7.5,-2.55,-6.85,-14.54,-3.41,-14.21,-6.71,-5.61,-8.49,-7.5,-5,-6.85,-7.94,-8.59,-2,-4,-10,,-10.65,-9.48,,-9.1,-2.72,,,-8,-11.1,-6.5,-2.2,,5,0.3,-11.3,-5.62,,-3,-7.5,4.45,-5,-9.7,-1,-12.7,,-10.5,-8.3,3,-2,-6.5,-4.2,-8.5,-9.48,-3.89,-10,4.47,45,10,11,-35,55
UCLA,Washington St.,10,10.87,12.08,6.96,,12.11,10.71,4.6,9.88,17,-4.13,15,11.56,13,11.86,3.02,6.6,4.84,9.53,0.01,11.5,8.95,12.8,11.86,6.82,8.37,11.5,7.33,3.78,11.5,6,9.6,10.9,14.43,11,7.5,5,,10.21,18.23,18,16.1,8.58,,,12,15.4,10,4.2,,3,-6.94,2.93,-0.9,,16,11.5,8.76,6,17.8,13,22.6,,14.4,9.6,8,7,10.5,2.6,18,5.94,11.8,4,5.14,31,27,11,-4,58
Vanderbilt,Kentucky,3.5,2.46,2.83,3.71,,7.69,3.38,6.08,0.66,8,7.75,2,5.81,3,4.24,-0.36,1.81,-0.51,4.06,6.84,4,8.65,4.8,1.36,-1.03,-0.34,-0.6,5.96,-0.01,3.5,11,3.6,1.26,3.09,9,4,6,,2.02,8.68,-5.5,3,6.33,,,3,1.7,3.5,16.2,,5,2.15,2.78,-1.28,,4,4,9.37,7,1,9,1.2,,3.6,6,-3,-1,3,6.6,0.5,9.16,4.83,2,3.69,17,21,11,4,38
West Va.,Texas,8.5,8.9,7.4,8.22,,12.48,7.1,4.03,6.6,9,3.63,7,11.88,5,11.13,4.98,10.68,3.84,8.44,5.27,9.5,7.35,10.88,9.04,10.5,9.21,5.82,12.4,7.39,8.5,14,8.22,7.44,9.87,11,8,4,,9.17,13.38,12.5,9.9,15.62,,,8,8.2,8.5,3.6,,11,39.53,10.09,1.64,,12,7.5,11.52,10,10.9,12,3.2,,7.7,5.2,21,6,8.5,-0.4,4,-0.76,10.82,5,3.82,20,38,11,18,58
Western Mich.,Bowling Green,-3,-4.07,-3.19,-1.68,,-4.79,-5.8,0.48,-2.8,-4,-0.13,-3,-9.32,-3,-5.54,-0.34,-0.85,-3.29,-2.42,-2.33,-2,-4.65,-4.51,-8.18,-7.22,-1.89,-6.67,-4.83,0.39,-3,-7,-2.7,-4.07,0.01,-3,-3.5,-4,,-2.7,1.97,12,-4.2,-6.91,,,0.01,-6.6,-3,-1,,9,-0.63,1.17,-3.07,,1,-2,-0.28,-7,-2.5,-2,-0.9,,-0.7,1.9,4,-1,-3,-3.8,2.5,-3.56,-7.26,-5,3.25,41,27,11,-14,68
Akron,Buffalo,4,1.01,1.94,1.62,,4.31,0.7,1.16,2.23,6,3.87,1,-0.53,1.5,-0.21,0.32,2.55,0.78,1.96,3.19,3,1.45,0.61,2.18,7.07,4.79,-0.3,4.08,3,2.5,1,1.94,1.57,2.26,2,3.5,2,,3.16,0.54,-6.5,2.4,2.32,,,3,2.4,3.5,3,4.59,4,-0.16,1.74,-0.44,,1,3,-3.13,,2.6,2,4.5,,1,1.8,1,-2,4,-1.5,1.5,2.66,-1.01,-2,1.95,21,42,12,21,63
Arizona St.,Arizona,,4.81,3.3,5.2,,5.15,3.26,7.18,5.69,5,6.75,5,3.13,4,4.02,3.44,8.79,1.82,5.66,4.53,5.5,7.15,4.74,7.61,8.44,3.89,-0.48,7.12,5.33,5.5,13,5.27,5.14,5.05,6,,5,,6.27,9.04,-1,6.6,8.51,,,4,7.3,,7.9,7.36,8,12.94,6.9,0.76,,4,5.5,5.98,,7.3,8,8.4,,5.3,5.9,11,3,,3.3,2,5.27,4.2,-1,2.46,37,52,12,15,89
Arkansas,Mississippi St.,4,2.25,1.12,1.21,,-1.92,2.01,6.62,3.58,3,2.12,-1,0.84,1,1.05,2.46,-0.66,-0.13,3.25,5.71,5,5.35,3.45,3.54,1.54,2.31,-1.69,2.55,3.27,5,2,2.55,1.79,2.79,6,3.5,9,,2.92,5.03,2.5,8.1,0.54,,,0.01,7.3,4,10,8.2,7,-9.32,2.86,0.64,,1,5,3.36,,8.9,10,5.7,,5.6,6.4,1,-1,4,6.6,-7.5,10.7,1.84,-3,3.56,51,50,12,-1,101
Army,Rutgers,-4.5,-8.56,-11.02,-9.31,,3.75,-3.52,-5.88,-10.32,-3,-4.87,-13,-4.07,-11.5,-6.83,-22.48,-7.41,-5.81,-6.45,-4.86,-5.5,-5.65,-3.99,3.18,-1.48,-10.88,4.12,-2.35,-6.04,-6.5,4,-6.04,-9.4,-8.58,-3,-4.5,-9,,-6.14,-6.12,2.5,-10.5,-1.64,,,-8,-2.5,-4.5,-3.1,-4.17,-12,-13.65,-18.02,-5.58,,-6,-5.5,-2.6,,-14.3,-4,-0.4,,-11,-5.7,-13,-5,-4.5,-0.7,1.5,-7.55,-6.63,-3,5.03,31,21,12,-10,52
Auburn,Idaho,34,32.51,20.72,29.55,,17.87,24.27,39.09,34.9,24,26,23,30.26,19.5,30.27,35.42,36.73,15.07,29.7,27.39,35,36.75,29.73,25.96,29.05,19.77,7.98,27.27,31.79,34.5,29,30.27,33.18,35.15,39,31.5,39,,26.21,29.3,29.5,44.9,30.88,,,31,38.7,33.5,32.6,27.83,32,32.29,34.47,8.51,,33,35,14.54,,46.9,33,41.9,,32.5,30,38,13,34,28.6,22,36,30.58,13,8.11,34,56,12,22,90
BYU,Fresno St.,26,23.71,23.72,26.8,,28,24.51,21.72,22.86,28,27.5,25,30.07,22,24.58,23.68,23.23,16.63,24.28,24.33,25,25.65,25.77,28.14,22.89,16.97,13.61,27.17,22.45,25.5,33,24.58,23.76,26.92,26,26,25,,26.94,23.12,21.5,29.5,30.59,,,25,22.8,26,21.2,30.96,35,34.56,17.88,5.19,,23,25,18.67,,27.1,28,26.4,,28,20,25,10,26,25.6,16,23.66,29.11,17,4.71,10,52,12,42,62
Boise St.,Air Force,10.5,9.4,3.62,4.98,,6.62,6.75,8.36,8.97,9,4.12,5,8.44,5,10.03,23.13,13.74,2.02,8.76,3.71,10,9.85,11.63,4.61,8.5,3.95,11.86,8.44,4.92,10.5,11,8.5,10.2,13.02,14,14,7,,6.3,12.86,16,15.1,9.03,,,10,8,10.5,4.6,10.49,11,8.18,8.27,1,,12,10,7.69,,15.5,11,4.2,,10.6,11.4,17,3,11,5.6,12.5,5.65,8.9,1,4.15,37,30,12,-7,67
Boston College,Notre Dame,-15.5,-20.18,-24.55,-23.69,,-10.9,-15.18,-16.57,-24.28,-21,-6.25,-13,-18.09,-17.5,-16.07,-21.54,-13.81,-16.69,-17.79,-20.37,-16.5,-13.25,-10.09,-37.46,-11.92,-22.13,-17.37,-21.34,-17.76,-17,-32,-17.55,-21.05,-18.71,-10,-17.5,-17,,-25.11,-15.5,1.5,-22.3,-18.98,,,-17,-15.4,-15.5,-19.3,-17.55,-17,-18.23,-16.14,-33.57,,-16,-16.5,-10.84,,-20.9,-15,-14.6,,-24,-14.6,-18,-10,-15.5,-17.9,-11,-25.25,-20,-16,4.78,19,16,12,-3,35
Bowling Green,Toledo,6.5,3.83,3.06,3.03,,4.62,6.64,6.06,2.1,9,13.5,2,3.21,6.5,5.7,-0.01,5.76,1.13,5.35,5.41,5.5,11.75,7.16,2.75,14.85,3.56,2.6,8.12,5.47,6,5,5,2.49,3.72,1,7.5,11,,3.48,7.04,-22,10,7.91,,,2,11.9,6.5,10.6,14.14,5,12.87,-2.61,-0.62,,2,5.5,7.43,,8.2,13,1.8,,5.6,-1,-6,2,6.5,-0.01,2.5,11.61,7.7,-1,4.36,44,28,12,-16,72
Central Florida,East Carolina,-14,-13.56,-20.11,-14.94,,-22.6,-15.54,-9.83,-11.5,-21,-16.63,-20,-21.22,-17.5,-15.68,-24.88,-11.07,-20.95,-13.58,-15.19,-13,-17.25,-13.32,4.29,-18.53,-5.06,3.29,-15.98,-13.81,-13,-22,-13.56,-13.76,-11.82,-9,-14.5,-13,,-12.32,-12.31,7,-11.2,-21.11,,,-10,-11.6,-14,-9.8,-16.56,-17,-31.49,-11.82,-14.81,,-8,-13,-8.82,,-11,-10,-18.4,,-14.5,-6.4,-7,-10,-14,-12.6,0.5,-10.56,-20.27,-17,5.53,44,7,12,-37,51
Clemson,Wake Forest,29,32.5,35.46,31.55,,39.03,24.79,28.52,35.3,31,23.63,27,30.48,30,29.74,34.03,32.79,19.39,29.12,25.16,28,29.75,27.79,48.43,32.95,27.88,29.22,29.09,23.01,29,43,29.7,33.48,29.86,32,31,26,,34.55,27.06,12.5,29.7,32.16,,,29,27,29,23.8,38.25,31,28.71,22.71,42.64,,24,30,22.34,,29.1,35,35.8,,30,20.9,25,15,29,24.4,26,31.81,30.42,21,5.19,13,33,12,20,46
Connecticut,Houston,,-14.92,-20.43,-14.65,,-13.65,-11.41,-14.5,-15.4,-13,-13.25,-16,-15.4,-15.5,-14.43,-14.46,-17.94,-10.89,-13.95,-8.89,-14,-17.45,-8.95,-31.25,-9.04,-14.04,-10.94,-12.61,-13.08,-14,-15,-14.04,-15.56,-11.53,-16,,-17,,-20.14,-16.39,-13,-18.9,-15.91,,,-14,-18.9,,-11.2,-13.53,-13,-13.21,-13.72,-22.77,,-11,-14,-6.25,,-18.1,-17,-9.1,,-19.5,-8.5,-10,-10,,-11,-10,-19.29,-14.3,-19,3.32,17,20,12,3,37
Florida,Florida Atlantic,30.5,38.63,36.14,36.33,,34.39,29.68,34.86,41.36,36,24.63,26,35.52,28,36.15,37.22,35.12,22.13,32.34,31.79,32,37.55,31.64,43.5,27.91,30.34,26.16,34.3,31.75,33.5,34,34,39.78,33.05,36,31,35,,39.62,22.69,25.5,38.6,36.9,,,35,32.8,30.5,32.3,39.77,38,38.25,27.08,9.95,,28,32,21.61,,39.5,34,25.2,,31.5,28.3,29,13,31,31.2,19.5,37.81,37.5,20,6.02,14,20,12,6,34
Florida Intl.,Western Kentucky,-16.5,-16.93,-16.32,-13.93,,-10.14,-12.02,-17.11,-18.15,-13,-16.5,-17,-17.64,-14,-15.71,-15.91,-10.06,-10.05,-15.22,-15.33,-15.5,-20.35,-14.71,-23.54,-19.32,-15.25,-6.43,-14.41,-13.33,-15.5,-25,-15.33,-17.09,-15,-15,-15,-16,,-17.22,-15.81,,-17.2,-18.12,,,-13,-14,-16.5,-16.8,-22.69,-17,1.81,-13.97,-6.01,,-13,-15.5,-6.08,,-16.3,-17,-23.3,,-19.5,-9.5,-14,-10,-16.5,-11.8,-9.5,-18.68,-18.27,-17,3.69,63,7,12,-56,70
Georgia,Georgia Southern,13.5,14.07,7.02,12.41,,9.08,5.88,16.61,16.33,6,7.25,8,8.4,9,12.03,9.47,23.81,4.91,12.13,9.91,14.5,10.25,11.85,16.86,10.06,6.33,4.4,8.47,14.11,14.5,9,11.5,14.53,15.03,17,15.5,13,,10.81,10.54,,19.8,11.05,,,13,13.5,13.5,3.7,3.98,15,26.35,17.29,3.76,,14,14.5,5.82,,21.8,12,2.7,,20,14.7,59,3,13.5,12.9,11.5,15.76,8.46,1,8.08,17,23,12,6,40
Georgia St.,South Alabama,3,-1.03,-5.02,-3.13,,3.68,3.76,4.54,-3.79,-1,5.37,-4,1.87,-4.5,1.77,-12.28,-11.97,-2.6,0.76,4.78,2,5.45,2.25,6.07,-0.73,-2.2,2.89,3.63,3.6,2,7,1,-3.46,4.77,1,0,1,,-1.92,8.71,,5.9,3.73,,,1,1.2,3,8.2,2.34,-3,-11.29,-2.13,-2.09,,4,2,5.85,,6.6,6,3.7,,-3.6,-3.9,3,-1,3,-0.9,-2.5,-0.22,0.73,-2,4.40,10,24,12,14,34
Hawaii,San Jose St.,-10.5,-10.68,-7.96,-10.21,,-18.28,-8.58,-13.88,-9.11,-8,-13.63,-9,-13.77,-6,-12.27,2.05,-8.52,-7.47,-9.14,-11.16,-9,-18.05,-7.78,8.14,-6.95,-0.54,3.53,-8.7,-9.19,-9.5,-9,-9,-9.03,-7.86,-11,-10,-14,,-5.35,-8.61,-9,-10,-12.81,,,-4,-9.7,-10.5,-20.1,-15.09,-17,-13.78,-2.33,-1.44,,-6,-9,-8.01,,-8.7,-17,-10.2,,-8,-4,-7,-7,-10,-6.9,-1,-16.12,-12.96,-13,4.88,42,23,12,-19,65
Iowa,Purdue,23,26.33,31.08,21.7,,34.67,20.43,23.45,30.45,28,20.5,29,23.39,29.5,22.6,29.32,18.97,18.8,22.91,22.42,21.5,23.05,17.97,47.5,27.42,23.12,27.14,25.59,19.49,21,28,22.6,27.74,19.37,23,19.5,19,,33.33,15.62,17.5,18.5,25.34,,,21,19.7,23,22.6,28.62,26,6.88,17.65,16.52,,18,21.5,15.49,,16.9,22,30.4,,25.5,13.9,21,11,22.5,17.1,15,25.94,23.63,22,5.09,20,40,12,20,60
Kansas,West Va.,-28,-25.49,-28.56,-17.32,,-33.15,-20.37,-20.21,-24.65,-29,-17.37,-28,-29.81,-20.5,-26.34,-28.86,-22.98,-22.74,-23.92,-17.34,-27,-22.85,-23.83,-21.32,-22.31,-16.36,-1.94,-22.81,-24.56,-27,-31,-24.56,-25,-27.46,-25,-28,-27,,-24.06,-30.55,-37.5,-34,-32.31,,,-24,-33.4,-27.5,-13.3,-24.75,-27,-17.88,-30.92,-13.92,,-22,-27,-14.77,,-32.5,-28,-33.1,,-24.5,-16.9,-35,-17,-28,-12.7,-13,-23.58,-27.03,-26,6.51,49,0,12,-49,49
Kansas St.,Iowa St.,6,3.99,2.71,6.69,,3.82,2.71,4.14,4.01,6,-1.5,3,2.4,3.5,3.98,0.61,11.1,1.06,5.02,0.53,5,0.01,5.03,1.86,,6.66,7.1,4.42,8.98,5.5,6,4.28,5,7.44,12,6,2,,3.32,10.46,23.5,6.4,2.92,,,9,1.3,6,-3.8,-2.57,6,3.54,3.76,-1.65,,5,5,5.82,,7.7,1,8,,10.1,9.7,14,2,6,4.1,15,3.55,2.5,-1,3.90,35,38,12,3,73
Kent,Central Mich.,-10.5,-15.04,-11.39,-13.82,,-13.11,-14.11,-15.46,-12.53,-13,-9.25,-9,-19.16,-8.5,-17.62,-13.09,-16.59,-8.45,-12.26,-10.86,-11.5,-18.25,-11.7,-11.07,-8.06,-4.94,0.91,-16.43,-5.36,-11,-19,-12.53,-14,-12.64,-17,-10,-13,,-10.76,-10.28,2,-11.7,-22.05,,,-12,-11.4,-10.5,-16.5,-20.13,-13,-21.03,-6.83,-3.02,,-14,-11.5,-10.87,,-10,-17,-8.4,,-12,-7.2,-14,-9,-10.5,-12.3,-7,-13.07,-20.31,-12,4.44,27,14,12,-13,41
Kentucky,Charlotte,24.5,29.61,20.23,28.14,,11.43,20.66,29.43,30.96,23,20.63,19,25.64,17,28.3,28.9,33.14,15.15,24.29,24.4,25.5,29.45,26.34,4.04,28.43,18.57,7.99,25.97,25.68,27.5,19,25.7,29.86,25.21,29,24,31,,19.22,17.1,,34.5,30.09,,,27,29.7,24.5,21.8,25.95,32,29.47,22.08,7.49,,25,25.5,13.97,,36.6,24,20.9,,28,25.7,28,9,24.5,25.9,9,27.83,27.99,10,6.68,10,58,12,48,68
Louisiana-Lafayette,New Mexico St.,17,12.74,9.76,8.49,,11.69,8.58,13.02,12.32,12,10.63,12,11.86,12,13.16,10.48,12.88,6.58,11.65,7.7,16,13.95,11.96,-5.68,10.63,10.7,5.67,10.94,8.26,13,15,11.9,12.93,12.1,20,13,7,,9.65,13.65,11,13.5,12.47,,,13,14.6,15.5,9.7,10.8,13,0.32,10.04,1.95,,16,16,9.19,,13.5,17,14.4,,16.7,11.9,17,6,17,11.9,14,9.58,10.96,10,2.87,37,34,12,-3,71
Maryland,Indiana,3,3.09,-0.01,4.87,,-7.65,4.01,1.03,3.24,3,0.63,-0.25,3.66,-1,2.93,6.35,4.92,-1.04,2.05,3.65,2,-0.15,2.34,-1.39,5.46,-0.29,1.04,3.21,-1.18,2,-4,2.62,3.31,2.62,4,2.5,1,,0.29,4.64,-9.5,0.6,2.09,,,5,-1,3,1,9.7,6,1.72,-3.29,0.64,,8,2,3.63,,0.2,-6,3.8,,4.6,2.4,4,-2,3,1.5,8.5,3.03,3.82,-6,3.45,47,28,12,-19,75
Massachusetts,Miami (Ohio),10,8.56,6.18,6.99,,6.71,9.77,6.26,6.63,11,8.63,7,10.53,7.5,10.45,4.96,10.27,3.81,8.23,5.64,9,9.35,9.35,-0.75,7.11,5.77,4.41,9.39,7.74,9.5,8,8,7.99,11.41,9,10,9,,6.66,12.05,,12.1,11.23,,,9,10.3,10,7,7.61,8,21.74,10.05,0.5,,10,9,13.56,,12.1,7,3.4,,9.7,6.2,11,5,10,9.2,6,5.39,10.41,5,2.33,20,13,12,-7,33
Miami (Fla.),Georgia Tech,-3,-0.38,6.76,0.76,,-1.68,-2.89,-1.75,4.25,7,7.38,4,-9.03,5.5,-5.38,2.94,-2.62,4.76,-0.56,4.17,-0.5,-5.05,-4.51,12.57,-4.67,10,2.81,-0.77,6.54,-1.5,-5,-1.7,1.14,-4.6,-2,1,3,,9.16,-10.74,-3.5,-4.9,-7.34,,,0.01,-4.2,-3,-0.7,-4.96,-6,0.87,2.59,2.09,,-8,-2.5,-1.73,,-6.8,-3,-5,,-1,-3,-3,-4,-1.5,-1.7,-3.5,6.8,-7.98,-1,5.17,21,38,12,17,59
Middle Tenn.,North Texas,23.5,22.12,24.95,22.43,,31.28,19.92,13.77,19.1,28,10.5,28,28.09,21.5,25.27,16.42,20.43,15.48,20.37,18.19,23,22.55,23.94,1.68,27.91,12.79,6.59,19.25,15.12,21.5,27,21,21.39,25,18,23,19,,17.66,25.29,20,21.7,22.74,,,21,17,23.5,11.4,27.94,30,26.74,14.94,3.85,,21,23,15.79,,22.3,25,28.5,,27.5,14.5,18,8,24,16.6,14,18.33,26.97,22,5.76,7,41,12,34,48
Minnesota,Illinois,4.5,1.19,0.24,3.36,,-2.52,-1.99,7.68,2.26,5,7.5,-0.25,-2.46,2,0.01,-1.65,7,-0.69,3.41,3.43,3.5,5.75,2.52,-0.96,1.43,1.67,1.64,1.6,1.63,4,3,3,1.81,2.05,9,5.5,6,,1.74,6.41,-7,3.6,-0.24,,,5,3.9,4.5,9.1,6.34,-1,-5.35,1.36,-1.46,,4,3.5,10.95,,3.2,11,5.9,,5.6,7.8,3,1,4.5,6.7,10,9.17,-1.83,-3,3.58,23,32,12,9,55
Mississippi,LSU,6,4.09,0.84,1.79,,2.33,3.45,3.77,1.97,3,1.13,2,6.33,4,6.11,-0.01,4.98,0.56,3.34,2.97,3.5,3.95,6.55,0.96,8.54,-2.16,0.01,2.74,0.16,4,-1,3,2.64,5.22,5,4.5,3,,1.71,8.21,3,1.9,3.05,,,4,1.7,5.5,3.4,10.62,7,11.06,1.83,0.19,,8,3.5,6.08,,3.8,8,7.6,,1.3,2.9,1,1,4.5,3.5,6.5,0.65,6.38,2,2.79,17,38,12,21,55
Missouri,Tennessee,-7,-8.9,-6.09,-12.76,,-11.16,-10.66,-6.38,-7.12,-3,-3.37,-4,-13.52,-5,-10.66,-5.25,-7.42,-6.17,-6.66,-8.24,-8.5,-4.65,-6.97,-13.68,-3.88,-1.49,-0.01,-8.94,-2.09,-7.5,-10,-6.97,-8.29,-10.22,-2,-9,-9,,-8.07,-3.16,3,-8.9,-13.13,,,-7,-7.5,-7,-6.7,-5.4,-14,-19.83,-6.49,-1.88,,-7,-6.5,-4.86,,-8.2,-4,-5.4,,-8,-4.6,-3,-8,-7.5,-9.4,8,-4.77,-13.41,-7,3.94,19,8,12,-11,27
NC St.,Syracuse,17.5,12.85,10.78,10.69,,18.81,10.49,12.9,12.61,16,14.25,13,12.56,12,13.28,2.73,8.73,8.2,13.22,9.84,16,15.95,12.62,17.14,21.11,11.11,5.77,11.73,16.75,15,15,13,12.43,14.61,16,17,13,,16.25,18.98,21,17.4,11.97,,,15,16.8,16.5,13.6,21.18,17,18.04,7.89,0.33,,12,16,13.99,,18.2,15,12.3,,16,7.6,18,7,17,5.3,15,15.97,10.54,9,3.87,29,42,12,13,71
New Mexico,Colorado St.,-2,-2.3,3.26,-3.7,,1.4,-1.96,-0.76,-2.88,3,-6.12,3,-2.28,4.5,-1.73,4.04,-5.54,-0.46,-0.83,-0.26,-1,-0.75,0.51,4.86,-7.23,3.75,1,0.64,2.14,-0.5,-2,-0.76,-2.75,-0.2,-2,-1.5,2,,3.4,-3.63,-5,1.5,-2.59,,,-4,3.1,-2,1.7,-5.26,-8,-13.5,-4.22,0.77,,-4,-1,5.54,,1.9,-3,3.8,,-2.1,-2.9,-3,-5,-2,1.2,-8.5,1.75,-2.06,2,3.42,28,21,12,-7,49
Northern Ill.,Western Mich.,3,4.62,2.63,4.84,,5.17,3.53,4.16,5.6,9,-2.87,5,4.07,6,3.6,1.41,3.62,2.81,3.91,7.19,4,0.55,5.03,6.86,-1.81,5.34,5.96,4.15,8.88,4,8,4.62,5.11,0.34,6,3,5,,4.81,1.9,18,-2,3.02,,,5,1.4,3,5.4,-0.11,-1,-0.15,1.68,-0.57,,2,4,5.03,,-1.7,4,-2.1,,6.1,7.8,4,-2,3,13.2,6.5,8.05,2.17,2,3.26,19,27,12,8,46
Ohio,Ball St.,9,10.24,13.08,10.05,,15.17,8.58,7.09,9.68,14,10,11,10.48,11.5,10.81,14.61,7.51,9.01,10.03,8.23,8,9.55,8.21,9,11.07,13.37,6.88,10.24,8.44,9,16,10,10.6,6.51,9,9.5,9,,12.19,7.93,11.5,10.2,9.02,,,10,11.3,9,8,19.7,15,12.76,6.59,3.3,,8,10,8.84,,9.4,14,13.5,,11.1,2,3,4,9,4.4,8.5,13.77,9.42,8,3.23,31,48,12,17,79
Ohio St.,Michigan St.,13.5,10.49,8.89,12.9,,7.81,9.18,13.47,9.21,11,8,13,11.3,12,11.46,11.25,9.04,6.44,11.67,10.83,12,12.45,13.19,8.64,17.1,10.55,8.5,9.9,10.81,13,5,11.35,9.75,11.35,12,13,15,,6.9,12.27,10.5,18.2,11.1,,,13,14.7,13.5,13.3,16.54,14,6.32,13.93,9.64,,15,14,11.2,,16.6,17,14.8,,13,10.1,14,5,13,8.4,9.5,15.54,11.87,8,2.98,17,14,12,-3,31
Oklahoma,TCU,,9.17,6.9,11.27,,8.37,14.73,12.89,6.02,15,17,12,15.46,9.5,12.08,-5.37,9.9,4.23,10.35,12.94,9.5,18.15,12.64,6.04,19.56,1.21,8.5,12.99,10.5,9.5,12,10,7.49,8.81,10,,10,,6.28,5.28,0.5,9.3,17.61,,,10,13.9,,19.7,17.04,14,12.36,2.02,-9.2,,9,9.5,11.88,,8.7,14,24.6,,4.8,5.9,7,6,,11.1,0.5,8.58,15.03,6,5.33,29,30,12,1,59
Oklahoma St.,Baylor,1,0.45,6.68,0.79,,2.81,-1.75,-1.48,3.15,5,1.87,9,-3.9,16.5,-1.71,16.31,-3.46,2.67,0.76,3.7,-1,-1.85,-2.3,5.93,-2.9,8.23,6.5,0.86,4.5,-1,5,0.79,0.88,-4.03,-1,1,3,,5.14,-4.9,-9.5,-5.3,-3.99,,,-3,-4.4,1,3.6,-2.49,6,8.06,-10.81,19.18,,-2,-1,5.51,,-5.5,1,-5.8,,-4.7,-2.3,-4,-5,0,2.5,-10,7.14,-1.99,-2,5.49,45,35,12,-10,80
Oregon,USC,4.5,-2.97,-1.57,1.51,,-6.18,-3.89,5.62,0.55,5,2.63,-5,-9.1,-2,-5.79,1.99,-1.31,-0.48,0.53,4.51,3.5,2.95,-1.56,0.5,0.94,2.21,2,-2.41,2.77,1.5,-4,0.89,-1.39,-4.91,5,3.5,4,,0.89,0.9,-2,0.4,-5.89,,,0.01,-1.6,3.5,9.5,3.04,-5,-17.04,1.95,0.09,,-2,3.5,-2.84,,-0.01,5,8.2,,0.01,5.5,3,-1,4.5,0.9,8,13.08,-8.36,-3,4.37,28,48,12,20,76
Oregon St.,Washington,-15,-15.43,-12.15,-14.09,,-21.45,-11.75,-18.16,-12.63,-11,-12.63,-11,-20.11,-9.5,-18.51,-18.34,-18.28,-8.04,-15.09,-11.78,-14,-22.95,-14.4,-18.93,-20.53,-4.97,-0.58,-14.3,-14.38,-14.5,-28,-15,-13.9,-15.82,-17,-16,-15,,-12.33,-20,-18.5,-18.7,-20.82,,,-15,-16.8,-15,-19,-20.95,-19,-18.12,-8.84,-3.74,,-17,-14,-8.49,,-16.7,-18,-27.6,,-14,-6.4,-24,-9,-15,-11.6,-9,-16.3,-20.05,-13,5.43,52,7,12,-45,59
Penn St.,Michigan,-3,-6.12,-3.96,-4.58,,-10.26,-5.45,-4.41,-4.41,-2,-10.88,-4,-8.59,-4.5,-7.87,-4.67,-4.14,-2.91,-4.78,-2.01,-5,-6.15,-4.49,-7.79,-0.9,-1.57,-6.1,-5.11,-2.97,-5,-10,-4.54,-4.96,-4.54,-5,-5.5,-5,,-4.38,-2.96,-8,-8.1,-7.41,,,-4,-5.1,-3,-2.3,-2.66,-8,6.43,-6.06,-0.6,,-8,-5,-3.03,,-8.1,-2,1.2,,-4.4,-2.9,-8,-5,-4,-6.3,3.5,-4.54,-7.61,-6,2.68,28,16,12,-12,44
Pittsburgh,Louisville,2,3.91,6.28,5.82,,3.61,4.57,4.97,4.53,10,2.88,4,3.89,6.5,3.31,2.86,-0.35,4.15,4.44,7.22,3,2.25,2.14,8.07,5.66,5.94,12.53,8.79,6.8,3,8,4.15,4.63,3.56,4,2,3,,7.44,2.78,21.5,4.7,6.58,,,5,2.1,2.5,7,2.42,4,4.57,2.23,0.66,,3,3,7.73,,3.8,5,-3.8,,3.5,5.3,1,2,2,5.1,-3,2.85,3.44,-1,2.81,34,45,12,11,79
SMU,Tulane,3,2.18,-3.3,0.4,,-3.28,3.7,-0.27,-0.79,-6,3.37,0.25,4.1,1.5,5.13,-0.81,2.06,-1.51,1.32,-1.36,2,3.85,2.22,7.89,-1.47,-1.01,6.03,5.86,-0.23,1.5,7,1,1.3,2.67,0.01,3,0.01,,1.34,-2.14,10.5,-0.4,6.67,,,3,0.5,3,-1.4,3.04,5,10.05,2.1,-0.28,,4,2,15.3,,-0.5,-4,2.3,,-0.3,1.5,1,3,3,1.1,1,-4.68,4.36,-3,3.43,21,49,12,28,70
South Florida,Cincinnati,-1.5,1.1,2.6,2.67,,2.84,3.67,0.46,0.46,5,-1.5,5,4.49,3.5,1.73,-3.23,-0.89,2.13,0.13,5.58,-1.5,1.45,-2.86,3.36,0.82,-2.17,-3.69,4.69,-2.59,-2,2,0.16,0.16,-0.63,-2,-3,0.01,,2.63,-3.75,-17.5,-5.9,3.89,,,-3,-1.8,-1.5,3.6,-2.94,6,14.46,-4.7,0.42,,-4,-1.5,3.22,,-5.7,-2,-0.6,,-0.5,-1.7,-4,-3,-2.5,2.9,-8.5,3.2,5.01,-1,3.38,27,65,12,38,92
Southern Miss.,Old Dominion,21,20.94,15.13,21.51,,18.41,20.24,20.34,16.12,22,16.12,18,26.98,15,26.06,10.12,16.11,11.33,19.56,18.6,20,29.25,23.05,13.86,15.55,9.59,12.2,22.37,13.22,20,35,20.24,18.93,23.79,24,20,20,,15.01,19.73,,22.4,27.01,,,22,19.1,21,24.4,30.94,29,15.98,12.19,1.77,,25,20,20.81,,21.4,25,22,,25.5,10.6,25,12,21,18.2,2,15.83,26.42,15,6.24,31,56,12,25,87
Stanford,California,11.5,11.42,10.1,11.92,,11.15,9.35,15.8,13.47,14,12,12,7.85,12,9.22,3.81,16.51,7.23,11.58,11.17,10.5,17.25,8.94,15.82,14.5,10.01,15.3,9.05,10.98,11,19,11.15,11.51,8.58,17,12,12,,12.97,10.71,21,10.9,9.4,,,11,12.9,11.5,14.8,15.74,8,22.67,2.28,1.02,,14,10.5,10.32,,9.8,16,8.5,,10.3,10.9,18,6,11.5,9.9,13.5,15.53,9.39,5,3.43,22,35,12,13,57
Temple,Memphis,-1.5,-0.95,-3.7,-3.87,,-2.01,-0.94,-1.08,-0.72,1,-2.37,-1,-3.87,-0.5,-1.19,-4.42,-0.78,-1.9,-1.63,-1.79,-0.5,3.05,-1.61,-5.43,1.71,-0.17,4,-2.88,-0.75,-1,-6,-1.19,-1.15,1.23,-3,-2,-3,,-2.18,2.48,-1,1.7,-4.42,,,-1,2.7,-1.5,-1.5,-8.91,-11,-9.71,-6.75,-10.67,,1,-0.5,1.23,,1.8,-3,-5.1,,-4.3,3.1,7,-4,-1.5,-0.6,-6,-4.15,-4.23,-4,3.17,12,31,12,19,43
Texas St.,Louisiana-Monroe,6.5,4.1,6.79,4.57,,5.2,6.36,3.21,4.22,6,2.5,9,4.14,7.5,3.98,9.74,3.36,13.68,5.23,3.41,5.5,4.25,7.33,0.39,8.83,6.11,2.41,5.99,3.99,5.5,-1,4.96,4.41,5.97,5,4.5,5,,5.78,4.92,,5.9,5.17,,,6,9.8,6.5,,1.62,4,12.43,2.14,9.98,,3,5.5,8.7,,5.8,5,4.4,,6.2,-0.01,11,4,6.5,0.6,10.5,3.05,4.03,5,2.70,3,16,12,13,19
Texas-San Antonio,Rice,3,1.68,-1.1,2.84,,6,3.68,1.36,-1.78,4,5.63,-1,5.81,-1,5.17,1.9,0.81,-1.23,2.56,1.64,2,7.05,3.02,7.11,-1.51,-5.04,-2.05,4.73,1.16,2,18,1.9,-0.01,1.25,2,3,-1,,0.4,0.27,,2.4,6.44,,,1,1.4,3,3.4,10.12,8,2.49,-2,-0.81,,3,2,11.46,,2.2,7,9.7,,0.3,2.9,4,1,3,2.6,-1,0.44,4.84,-2,4.05,24,34,12,10,58
Tulsa,Navy,-12.5,-15.9,-17.38,-19.32,,-17.4,-15.72,-17.03,-16.91,-12,-12,-21,-19.53,-13.5,-14.88,-19.77,-15.98,-12.63,-15.29,-19.87,-13,-22.35,-9.67,-32.64,-19.54,-13.1,-9.23,-16.05,-14.29,-12.5,-26,-15.9,-16.1,-10.58,-15,-10.5,-17,,-19.85,-9.72,-13.5,-12,-20.25,,,-13,-11.9,-12.5,-17.5,-15.98,-12,-23.32,-18.34,-23.25,,-10,-13,-6.82,,-12.4,-16,-21.4,,-20,-7.8,-11,-11,-12,-13.9,-6,-17.32,-20.37,-17,4.20,44,21,12,-23,65
UNLV,San Diego St.,-16,-11.8,-10.26,-13.57,,-12.7,-6.66,-17.39,-14.81,-13,-19.12,-10,-7.56,-9.5,-8.74,-0.69,-13.36,-9.26,-12.35,-13.84,-15,-10.15,-10.42,-15.61,-12.23,-10.82,-8.28,-9.62,-17.53,-14.5,-14,-12.08,-11.65,-9.92,-13,-12.5,-19,,-12.5,-14.17,-1,-18.8,-12.08,,,-11,-20.6,-15.5,-23.6,-16.17,-5,-13.97,-6.07,-1.95,,-9,-15,-6.32,,-18.1,-16,-20,,-12.5,-9.7,-14,-11,-16,-5,-8,-20.98,-8.08,-12,4.55,52,14,12,-38,66
UTEP,Louisiana Tech,-24.5,-23,-16.02,-22.14,,-16.28,-21.29,-24.62,-20.05,-20,-20.38,-19,-29.8,-14.5,-26.09,-13.8,-19.38,-12.07,-21.33,-19.34,-23.5,-32.85,-22.03,-10.5,-28.79,-9.59,-7.6,-21.33,-16.15,-23,-35,-21.52,-21.52,-26.65,-25,-23,-25,,-16.16,-21.09,-17,-25.9,-28.77,,,-22,-21.8,-24,-26.1,-28.26,-33,-12.77,-17.04,-4.51,,-21,-23.5,-11.11,,-24.3,-31,-26,,-23,-14.7,-24,-14,-24.5,-19,-11,-27.2,-29.6,-21,6.32,17,15,12,-2,32
Utah,UCLA,1.5,5.46,7.15,6.47,,7.61,2.83,2.89,6.08,6,6.13,8,4.99,10,4.83,4.19,-1.13,4.38,4.43,6.65,3,3.45,3.15,10.79,-1.94,5.83,8.5,6.94,3.53,3,12,4.83,6.4,2,6,2,1,,8.11,3.63,-0.5,3.6,5.48,,,7,3.6,2,5,0.58,3,-13.81,2.34,1,,2,3,7.56,,2.8,6,-3.2,,3.5,2.3,6,-2,2,8.2,-6,4.46,4.6,1,3.25,17,9,12,-8,26
Utah St.,Nevada,15,13.06,6.57,13.94,,6.88,12.72,11.4,10.8,13,12.75,8,17.15,6,15.36,21.82,12.76,4.4,12.4,10.88,14,13.85,13.26,8.61,17.89,6.92,6.23,15.06,12.71,13,20,12.75,13.22,15.71,15,14,9,,8.31,16.13,6,12.3,18.12,,,12,9.3,14.5,12.3,17.2,18,33.95,7.22,0.56,,16,14,12.61,,12.8,14,14.2,,12.8,11.6,11,7,15,11.3,13,9.28,15.73,2,4.00,27,31,12,4,58
Vanderbilt,Texas A&M,-6.5,-8.07,-6.77,-8.47,,-4.58,-7.5,-3.34,-8.97,1,-0.75,-5,-7.32,-4,-7.23,-10.23,-12.78,-6.65,-5.97,0.13,-7.5,-4.95,-7.28,-14.14,-9.97,-4.83,-5.38,-4.15,-2.16,-7,-8,-6.53,-9.86,-8.34,-3,-7.5,-2,,-9.97,-6.48,-15.5,-9.2,-6.41,,,-8,-11.8,-6.5,3.2,-0.72,-4,-9.01,-6.53,-2.32,,-7,-7.5,1,,-11.5,-3,-5.1,,-11,-6.3,-11,-7,-6.5,-2.6,-7,-3.25,-8.68,-6,3.51,25,0,12,-25,25
Virginia,Duke,2,-3.04,-5.44,-0.29,,-11.24,-0.83,4.28,-2.48,2,-1.38,-7,-3.91,-3.5,-3.69,1.98,-2.79,-4.33,-1.37,2.87,1.5,-0.25,-1.35,-8.5,-1.69,-1.63,-9.47,-0.56,-1.39,0.5,-1,-1.39,-3.1,-1.64,1,2.5,3,,-5.23,-5.34,-13,-0.5,-1.71,,,-1,-1.8,1,7.1,2.9,-5,-14.71,-1.29,-1.17,,-2,1.5,1.19,,-0.2,2,-1.9,,-1,1.9,-4,-3,2.5,4.6,-6.5,8.36,-3,-10,3.71,34,42,12,8,76
Virginia Tech,North Carolina,-5,-6.33,-10.82,-5.83,,-9.54,-9.34,-8.8,-6.84,-10,-6.5,-11,-9.56,-9.5,-5.78,-1.83,-3.19,-6.68,-6.79,-6.95,-6,-10.55,-4.3,-17.46,-1.86,-7.49,-13.86,-9.35,-3.87,-6,-12,-6.68,-6.22,-4.09,-4,-6,-7,,-10.79,-1.57,-4.5,-9.3,-12.22,,,-2,-9.5,-5,-8.4,-5.28,-4,-4.94,1.15,-2.55,,-2,-6,-2.54,,-8.4,-2,-17.8,,-5.1,-0.7,-4,-6,-5,-9.2,-1.5,-11.34,-10.57,-15,3.90,30,27,12,-3,57
Washington St.,Colorado,15,14.71,13.87,15.3,,12.45,12.37,15.14,17.6,13,18.63,15,13.05,16,11.8,24.92,12.65,10.7,14.27,17.57,14,15.15,11.66,29.25,18.42,13.9,13.63,17.66,15.47,13.5,22,14,15.38,11.16,16,14.5,18,,21.98,7.73,6,8.8,16.27,,,10,7.8,15,17.3,19.3,15,21.6,17.28,5.39,,9,14,11.58,,6.5,14,9.8,,13,11.7,14,5,15,14.5,7.5,26.08,13.12,11,4.19,3,27,12,24,30
Wisconsin,Northwestern,10,10.22,3.28,10.05,,9.67,8.31,12.42,8.81,12,19.25,5,10.98,3,11.45,-3.12,15.98,3.49,9.83,8.97,11.5,12.85,12.39,7.46,14.61,1.26,5,9.16,6.28,11,6,10.6,9.11,13.37,17,11,10,,5.89,12.73,-7.5,11.4,11.69,,,12,11.4,10,13.3,19.71,8,19.47,2.17,0.59,,11,11.5,11.94,,11.8,12,14.5,,10.8,10.6,14,7,10.5,4.2,20,8.52,11.55,4,4.72,13,7,12,-6,20
Akron,Kent,10.5,13.8,12.79,12.77,,12.43,12.78,14.68,13.93,18,11.75,10,13.48,10,13.69,7.38,12.15,9.18,11.56,11.94,11.5,15.25,10.22,7.61,23.42,10.87,2.86,14.52,9.74,11,13,12,13.44,10.28,16,10.5,12,,12.41,9.26,6.5,10.9,14.86,,,12,2.6,10.5,17.9,17.04,6,17.7,5.46,1.38,,9,11.5,9.7,15,9.3,14,11.8,,8.1,5.4,14,4,10.5,6.5,7.5,15.65,13.32,9,3.85,0,20,13,20,20
Appalachian St.,Louisiana-Lafayette,23.5,20.34,23.03,18.58,,20.94,20.75,19.16,18.01,25,17.25,23,25.4,21,22.87,26.13,12.8,13.87,20.14,18.58,22.5,24.05,23.37,22.18,19.62,15.57,10.44,22.78,18.49,21.5,24,20.34,19.76,22.42,18,21,22,,22.53,18.87,,21.6,28.01,,,21,20.1,23,22,29.64,27,16.84,17.32,4.55,,20,22.5,15.78,27,19.2,26,20.8,,21,8.8,17,12,23.5,15.3,11,25.86,,17,4.49,7,28,13,21,35
Arkansas,Missouri,14,12.91,11.05,15.11,,16.19,12.38,16.52,13.17,15,14.12,8,13.97,9.5,12.7,4.17,7.73,7.76,12.92,15.15,15,17.15,16.34,17.11,17.34,10.43,2.32,13.28,12.27,14.5,17,13.23,11.76,12.53,14,13.5,18,,15.24,11.35,7,15.5,13.52,,,12,13.9,14,18.7,18.03,19,8.35,10.4,1.65,,10,15,12.45,17,15.3,19,14.1,,12,9.9,11,6,14,12.4,-3.5,19.9,14.43,6,4.34,3,28,13,25,31
Auburn,Alabama,-14,-15.7,-16.42,-20.37,,-21.84,-14.02,-18.71,-15.65,-14,-16.5,-18,-17.64,-20,-15.87,-1.23,-14.04,-10.17,-15.29,-14.91,-15.5,-21.45,-16.71,-16.89,-10.53,-14.35,-20.34,-13.12,-10.55,-15.5,-23,-15.33,-14.91,-10.85,-15,-13,-16,,-12.37,-15.01,-7,-17.5,-15.84,,,-15,-17,-14,-24,-17.58,-20,-38.34,-9.69,-2.48,,-15,-15.5,-10,-16,-16.1,-19,-12.4,,-14.5,-10.9,-8,-11,-14.5,-12.1,-6,-26.16,-18.05,-15,4.45,29,13,13,-16,42
Ball St.,Bowling Green,-23,-19.99,-21.18,-16.15,,-25.51,-18.13,-18.86,-18.76,-20,-20.62,-24,-25.07,-20,-21.4,-22.37,-16.86,-12.44,-19.37,-15.79,-20.5,-26.95,-19.47,-24.89,-19.86,-14.24,-5.8,-19.72,-14.57,-20,-28,-19.86,-18.99,-15.66,-22,-21,-21,,-19.86,-16.43,-2,-26.6,-24.78,,,-16,-26.5,-22.5,-21.1,-33.51,-23,-17.85,-14.06,-6.38,,-18,-20.5,-7.21,-27,-24.1,-24,-30.7,,-20,-2.9,-17,-11,-23,-9.7,-11.5,-25.42,-25.83,-20,5.97,48,10,13,-38,58
Buffalo,Massachusetts,6.5,11.43,12.9,11.94,,12.15,8.2,6.82,13.25,13,3.25,13,9.67,11.5,9.71,11.42,12.5,8.36,8.8,10.81,7.5,6.75,7.94,-1.36,3.4,9.25,5.29,10.85,8.71,7.5,10,9.35,11.89,6.5,14,6.5,10,,11.22,5.09,,2.6,9.44,,,8,4.3,7,8.3,10.5,10,21.71,4.11,2.7,,8,7.5,6.67,13,1.8,8,7.4,,9.6,6.3,10,1,6.5,5.7,4,13.66,9.68,7,3.23,31,26,13,-5,57
California,Arizona St.,3.5,4.07,4.92,3.13,,7.44,7.25,-2.11,0.9,7,2.5,7,9.55,6,7.29,2.56,4.69,2.17,3.76,2.25,3,0.95,3.75,5.21,6.94,2.35,6.18,7.53,1.13,3,4,3.89,3.89,7.73,2,4,-2,,4.54,-1.82,-1.5,3.1,6.37,,,5,3.2,3.5,,6.55,10,17.89,4.72,0.4,,4,3,7.47,5,3.6,1,3.6,,6.1,1.6,1,-2,4,5.4,-6,-0.76,7.49,2,3.18,46,48,13,2,94
Central Florida,South Florida,-23,-23.35,-32.31,-24.45,,-36.46,-24.9,-25.77,-21.94,-37,-23.37,-29,-31.43,-27,-24.79,-33.21,-15.59,-24.84,-23.94,-28.2,-25.5,-35.25,-24.44,-13.43,-35.27,-12.5,3.63,-25.4,-24.78,-25.5,-35,-24.69,-21.27,-20.26,-21,-23,-30,,-24.29,-18.11,3.5,-22.8,-32.22,,,-17,-24.6,-23,-34.3,-37.28,-30,-31.49,-9.68,-16.66,,-13,25.5,-15.05,-36,-21.6,-30,-43.5,,-20.5,-6.2,-7,-13,,-19.6,4.5,-30.63,-31.93,-27,9.70,44,3,13,-41,47
Central Mich.,Eastern Mich.,23.5,28.92,29.07,33.25,,29.61,25.03,28.65,30.34,32,21.5,28,28.92,28,27.69,29.68,29.23,18.84,26.04,30.11,25,29.55,23.32,9.29,21.27,17.19,2.14,29.31,18.16,25,35,28,28.72,23.36,33,24,29,,24.34,25.89,20.5,25.7,32.06,,,28,21.1,23.5,29.5,35.29,39,34.16,23.96,5.58,,23,25,18.86,33,22.9,28,18.6,,29,22.1,21,14,24,26.2,15,33.88,30.66,18,6.50,28,35,13,7,63
East Carolina,Cincinnati,1.5,0.4,-1,1.59,,0.68,3.24,1.16,-1.79,2,-1.63,1,3.54,0.01,2.65,-2,4.1,0.01,0.33,-0.19,-0.5,2.25,0.45,-2.68,3.21,-2.74,-3.35,4.21,-2.6,-0.5,2,0.38,0.36,0.84,2,-1,-2,,-0.01,1.53,0,-4.7,4.1,,,-1,-2.4,1.5,2.3,-0.57,0.01,9.24,-1.33,-1.03,,-2,-1,3.02,3,-4.3,1,-2.1,,-0.2,2.1,3,-1,0,1.1,0.01,-2.49,4.65,-4,2.36,19,16,13,-3,35
Florida,Florida St.,-2.5,2.4,5.48,0.2,,5.93,-1.48,0.19,5.03,3,-3.5,5,-3.09,6,0.24,5.08,0.54,1.84,1.55,1.91,-1.5,-2.35,-2.25,7.39,1.42,10.21,7.5,1.58,1.77,-0.5,7,1.2,2.5,0.78,1,0,4,,5.2,-3.04,-3,3.9,-2.15,,,3,-1.1,-2,-6.1,-6.54,-3,8.65,4.01,2.74,,-1,-1.5,8.97,1,3.5,-1,-4.5,,-1.8,-0.01,8,1,-2.5,1.4,0.5,-0.75,-2.64,1,3.81,27,2,13,-25,29
Fresno St.,Colorado St.,-10.5,-7.24,-8.41,-8.72,,-17.72,-6.18,-10.53,-6.69,-10,-18.62,-9,-10.37,-7.5,-7.81,-1.67,-5.43,-6.72,-9.46,-7.96,-11,-15.35,-10.22,-0.11,-14.63,-7.35,-0.63,-7.51,-10.79,-10.5,-14,-8.72,-6.67,-8.72,-9,-9.5,-12,,-5.25,-13.08,-10.5,-12.5,-11.31,,,-8,-8,-10.5,-14.4,-11.08,-14,-15.33,-4.91,-1.34,,-7,-11,-2.55,-12,-10.4,-13,-12.8,,-7.5,-5,-8,-8,-10,-10.3,-8,-17.79,-10.74,-12,3.72,34,31,13,-3,65
Georgia Southern,South Alabama,21.5,22.46,16.47,22.27,,21.27,24.56,25.18,19.66,24,21.63,18,27.76,14.5,25.33,8.9,23.78,12.29,21.64,22.21,21.5,30.45,25.1,22.14,19.39,15.68,11.62,23.31,17.21,23,23,22.73,20.92,26.08,24,20.5,26,,18.46,25.57,,27.4,25.93,,,23,24.1,21.5,31.7,28.36,24,33.69,18.31,3.34,,22,21.5,14.6,28,26.8,34,25.9,,25.5,18.3,14,9,20.5,15.8,10,25.73,27.14,14,5.73,17,55,13,38,72
Georgia St.,Troy St.,1,-3.32,0.11,-3.01,,2.73,-3.65,1.71,-0.62,-2,3.87,-1,-4.79,2.5,-6.08,-6.39,-8.67,0.62,-0.12,4,-1,-1.95,-2.4,2.5,3.26,7.71,4.11,-0.16,8.04,1,3,-0.39,-3.57,-3.58,-2,1,3,,3.26,4.13,,0.6,-4.54,,,-1,0.6,1,1.2,-3.28,-5,-18.94,-2.13,1.08,,-4,-1,2.22,-3,0.6,-2,3.2,,-2.2,-3.4,4,-2,1,0.9,2,6.02,-7.05,-1,3.94,21,31,13,10,52
Georgia Tech,Georgia,-4,-4.21,-8.19,-3.77,,-4.75,3.32,-6.74,-9.28,-3,-1.5,-7,6.74,-5.5,1.06,1.13,-0.33,-6.79,-2.88,-4.59,-4,-4.35,-3.39,-17.79,-3.11,-8.54,-2.49,0.99,-5.05,-5,-6,-3.58,-5.22,-1.79,-2,-5,-7,,-11.02,0.65,0,-5.9,2.57,,,-3,-1.9,-4,-6.2,5.67,8,8.77,-4.43,-4.16,,1,-6,6.53,1,-5,-15,-5.7,,-1.1,1.4,-4,-3,-5,2.9,2,-11.57,3.49,-7,4.71,13,7,13,-6,20
Hawaii,Louisiana-Monroe,,4.5,5.92,4.32,,-0.39,5.9,5.43,5.58,5,0.5,5,5.83,7,3.43,19.25,3,11.95,5.12,4.21,6,4.85,5.4,1.07,4.88,5.98,3.68,6.19,2.15,6,-1,5,5.61,5.74,6,,5,,4.44,3.1,5,10.8,5.74,,,8,14.1,,-0.01,1.77,3,2.24,2.1,11.99,,6,6,-1.33,3,11.4,5,7.8,,6.2,3.7,7,-2,,6.5,6,6.29,4.74,1,3.60,26,28,13,2,54
Houston,Navy,-3,-0.55,-2.59,-4.9,,-1.66,-2.22,-1.36,-1.04,2,0.25,-2,-2.28,0.01,-0.01,2.04,1.93,-3.22,-0.74,-7.54,-1,-3.65,0.32,-3.21,-5.7,1.74,4,-1.43,1.78,1,-7,-0.44,-0.34,2.45,3,1,-2,,-0.85,2.98,1,2.9,-2.66,,,0.01,4.5,-3,-6.4,-3.92,1,0.79,4.52,-10.01,,3,-1,-1.32,-5,3.2,2,-10.8,,0.2,0.3,6,-2,1,-3.9,5,-4.13,-4.82,-2,3.48,31,52,13,21,83
Idaho,Texas St.,3.5,2.34,2.57,1.36,,4.23,3.25,4.15,1.7,7,4,4,2.76,5,2.97,2.48,-0.81,1.21,2.99,5.43,3.5,5.65,2.18,-0.04,6.81,0.68,1.97,5.53,4,2.5,6,3,2.09,0.5,4,2.5,3,,3.39,-1.02,,3,5.54,,,0.01,4.1,3.5,6.2,10.36,8,2.5,-4.31,0.54,,4,1.5,4.56,6,1.8,5,0.3,,-0.1,0.8,6,-2,2.5,3.5,-5.5,2.91,,-2,2.90,31,38,13,7,69
Illinois,Northwestern,-3.5,-6.01,-9.9,-10.01,,-7.11,-1.83,-4.98,-9.63,-10,6.5,-6,-0.47,-9,-2.59,-13.72,-1.83,-8.02,-5.06,-4.84,-2.5,-3.25,-2.55,-22.07,1.21,-11.84,-10.17,-5.75,-5.86,-3.5,-12,-4.27,-7.08,-2.68,-1,-3.5,-6,,-11.79,-0.61,-5,-2,-1.8,,,-4,-3.3,-3.5,-6,-1.31,2,-3.82,-4.53,-3.71,,-4,-2.5,-0.66,-3,-0.7,-3,-3.5,,-7.3,-2.9,-1,-3,-3.5,-11.2,1.5,-13.16,-3.98,-6,4.29,24,14,13,-10,38
Kansas,Kansas St.,-20,-19.73,-20.35,-14.31,,-22.97,-15.28,-15.24,-19.05,-25,-12.38,-22,-21.51,-17.5,-20.42,-24.75,-21.26,-20.15,-18.74,-11.79,-21,-20.15,-21.67,-8.46,-23.86,-13.35,-1.71,-14.14,-21.05,-20.5,-21,-20.07,-19.68,-21.62,-24,-20,-24,,-14.18,-22.65,-19,-28.7,-20.74,,,-19,-24.3,-20,-11.6,-15.48,-11,-39.08,-22.67,-11.48,,-21,-21,-13.2,-20,-27.4,-22,-18.5,,-21,-15.1,-28,-13,-20,-10.3,-13.5,-18.96,-18.51,-19,5.06,45,14,13,-31,59
Kentucky,Louisville,-6,-7.45,-5.8,-6.99,,-5.95,-7.69,-2.46,-6.84,-4,-8.75,-5,-11.86,-6.5,-8.07,-6.2,-4.98,-3.09,-5.19,-3.54,-5,-6.45,-6.07,-9,-2.04,1.35,5.41,-5.63,-1.9,-5,-4,-5.66,-6.98,-3.68,-6,-4,-1,,-6.29,-2.95,-7,-2.8,-9.53,,,-4,-7.9,-6,-6.1,-14.86,-10,0.31,-0.96,0.57,,-7,-5,-4.23,-9,-2.2,-6,-4.9,,-4.9,-4.7,-1,-5,-4,-5.7,-4.5,-6.21,-10.21,-6,3.31,38,24,13,-14,62
LSU,Texas A&M,5.5,5.01,5.15,3.56,,5.09,4.43,2.98,5.37,7,8.75,4,5.12,3,4.69,3.32,4.23,1.74,5.44,4.65,6.5,4.35,3.85,5.39,7.41,4.9,10.3,5.78,5.1,6,6,5.01,5.2,6.5,6,5,5,,5.73,1.61,7,16,4.15,,,5,4.9,5.5,3.1,8.52,11,5.99,3.86,0.46,,3,4.5,8.49,5,5.4,6,11.8,,5.7,4.2,7,1,5.5,4.7,5.5,6.22,4.63,1,2.57,7,19,13,12,26
Louisiana Tech,Southern Miss.,4.5,7.28,2.8,5.39,,3.22,5.32,5.08,9.21,6,4.12,4,4.28,4.5,5.24,10.83,8.77,2.11,5.97,3.45,7,4.15,5.19,6.36,0.78,7.78,1,5.41,9.46,6,7,5.71,8.17,7.49,10,6,6,,6.51,5.16,20,8.2,3.01,,,6,6.1,4.5,1.4,-3.67,9,5.76,9.24,1.95,,3,7,6.64,2,8.4,5,1.7,,8,11.1,14,3,6,6.1,14.5,9.17,4.03,-1,3.39,58,24,13,-34,82
Memphis,SMU,21.5,22.76,28.7,25.28,,30.67,18.69,15.63,23.43,35,15.13,35,24.13,31,22.1,34.31,22.3,15.75,22.91,21.4,20.5,16.55,21.36,38.75,18.94,23.65,14.05,22.76,23.84,20.5,31,23.45,24.44,23.16,25,21.5,18,,28.11,23.47,30,23.6,23.79,,,25,20.4,21.5,13.3,22.44,25,11.57,23.48,5.83,,22,22.5,16.15,26,22.9,14,22.6,,28.5,18.2,24,10,21.5,23.1,22.5,24.09,23.52,22,5.20,0,63,13,63,63
Michigan,Ohio St.,-1,-0.01,0.18,-2.95,,6.77,0.67,-3.76,-1.42,2,-9,-1,1.11,-0.5,1.24,0.53,-2.43,-0.39,-1.5,0.82,-1,-0.95,-2.12,1.71,-4.13,-2.99,-5.5,1.63,1.02,-1.5,4,-1.36,-1.3,-2.65,-2,1,-3,,1.65,-9.1,-15,-6.2,0.01,,,-4,-3.5,-1,-1.7,2.22,-1,-4.6,-3.85,0.26,,-2,-1,6.36,1,-5.9,-1,-3.1,,-4.1,-3.7,-4,-3,1,1.2,-9,-0.42,0.3,-2,3.19,42,13,13,-29,55
Michigan St.,Penn St.,9.5,11.36,12.57,14.62,,16.27,9.42,12.75,14.27,16,22.5,10,8.81,15,9.12,10.63,13.76,7.32,12.68,12,12,12.55,9.85,19.11,15.56,16.12,15.1,11.16,12.16,12,22,12.48,12.18,11.62,17,11,16,,15.4,15.84,17,13.9,9.62,,,13,11.1,10,15.7,13.34,11,19.75,7.71,2.19,,9,12,9.39,10,13.8,14,5.8,,12.4,11.1,11,4,11,13.2,10,19.92,9.08,5,3.65,16,55,13,39,71
Minnesota,Wisconsin,-3,-8.69,-5.71,-7.28,,-13.37,-6.56,-2.5,-8.11,-4,0.5,-6,-7.86,-4.5,-9.26,-8.94,-8.52,-5.8,-4.71,-1.66,-3.5,-2.95,-3.42,-11.43,1.32,-3.74,-13.53,-4.35,-0.48,-3,-6,-5,-8.45,-6.68,-3,-2.5,0.01,,-6.51,-1.5,-4,-1,-8.18,,,-7,-2.8,-3,2.4,-3.98,0.01,-10.49,-7.43,-2.32,,-9,-3.5,0.46,-5,-2.3,2,-1.9,,-7,-4,-7,-5,-2.5,,-5,0.2,-8.7,-10,3.67,31,21,13,-10,52
Mississippi St.,Mississippi,-1,-1.09,-0.26,-0.4,,1.6,-1.44,-0.69,-0.31,3,5.75,1,-3.32,0.5,-1.87,-0.47,1.29,0.13,0.03,1.7,-0.5,0.35,-2.07,0.07,-4.53,1.61,-2.5,1.63,4.39,-0.5,5,-0.05,-0.64,-3.19,2,-1,1,,1.82,-2.98,-2,-3.1,-0.01,,,2,-3.4,-1,1.2,2.35,-4,14.35,-4.77,-0.56,,-1,-1,2.47,-1,-5.1,1,-4.1,,-0.1,-2,3,2,0,-2.9,3.5,6.65,-3.42,-5,2.81,38,27,13,-11,65
NC St.,North Carolina,-3.5,-6.2,-7.74,-5.39,,-4.32,-7.37,-10.25,-8,-9,-6.62,-9,-6.14,-9,-4.19,-4,-4.84,-4.81,-6.6,-6.15,-7,-9.95,-6.61,-14.57,-2.96,-7.18,-10.3,-7.35,-4.88,-7,-9,-6.4,-5.94,-4.88,-4,-7,-8,,-8.31,-5.64,-2,-12.3,-9.62,,,-4,-9.6,-4,-11.1,-2.62,-5,-7.57,-1.48,-2.68,,-5,-7,2.58,-8,-10.4,-6,-10.9,,-3.9,-5.9,-10,-4,-6,-9,3.5,-12.66,-8.54,-9,3.14,45,34,13,-11,79
Nebraska,Iowa,-1.5,-6.5,-13.54,-5.05,,-12.5,-3.51,-4.15,-9.78,-7,-6.63,-14,-4.6,-16.5,-3.66,-17.75,-3.12,-8.87,-4.89,-5.02,-3.5,-3.85,0.01,-21.25,-4.14,-13.56,-17.31,-6,-5.07,-3.5,-1,-4.14,-7.58,-0.01,1,-2.5,-4,,-12.06,3.72,9,0.2,-6.33,,,2,-2.3,-1.5,-1.1,-0.62,-4,-15.56,-0.95,-13.99,,2,1,3.14,-6,1.2,-16,0.8,,-0.5,1.2,-1,-2,0,-5.2,3.5,-0.8,-5.49,-11,5.59,28,20,13,-8,48
New Mexico,Air Force,-10,-11.96,-9.21,-14.23,,-12.47,-12.8,-9.26,-10.87,-9,-10.25,-9,-14.51,-8,-13.13,-10.84,-12.86,-7.7,-10.42,-9.37,-11,-11.05,-10.17,-18.54,-12.48,-3.14,-0.11,-10.88,-6.1,-10,-11,-10.5,-11.6,-10.61,-11,-9.5,-7,,-10.39,-9.35,-17,-7.3,-15.39,,,-11,-9.2,-10,-7.3,-23.94,-21,-15.26,-13.31,-1.65,,-12,-9,-5.13,-10,-5.9,-13,-12,,-12,-7.4,-7,-10,-10,-8,-10,-15,-13.65,-10,3.86,35,47,13,12,82
New Mexico St.,Arkansas St.,-18,-17.58,-16.78,-14.78,,-14.1,-12.93,-18.96,-18.38,-13,-14.75,-20,-19.24,-16,-16.91,-22.53,-16.05,-10.2,-15.97,-14.39,-18,-22.85,-19.32,-7.71,-14.33,-10.07,3.13,-13.8,-13.83,-18,-21,-16.95,-17.76,-16.99,-20,-16.5,-19,,-13.9,-17.28,-13.5,-19.2,-18.21,,,-16,-17.3,-18,-19.4,-17.43,-16,-21.76,-18.02,-5.64,,-17,-18,-4.02,-20,-18.2,-23,-24.3,,-20,-10.7,-14,-12,-17,-12,-8.5,-18.17,-18.47,-20,4.63,52,28,13,-24,80
North Texas,UTEP,2.5,-1.15,-6.26,-2.69,,-13.33,0.36,-2.51,-0.65,-7,2.63,-6,-0.91,-5,-1.73,1.91,5.61,-5.48,-1.41,-0.93,2,-2.45,-1.25,9.14,5.96,-3.18,5.73,3.06,-7.67,1,3,-1.54,-1.57,-0.61,0.01,2.5,-1,,0.15,-3.52,-2,-4,2.51,,,-1,-3.2,1.5,-2.3,-1.8,4,14.93,-0.14,-0.22,,-1,2,2.84,-2,-4,-10,8.2,,-1.7,-0.6,4,-2,3,-1.5,-3,-1.57,-0.54,-8,4.00,20,17,13,-3,37
Northern Ill.,Ohio,13.5,13.27,9.64,12.97,,9.84,11.16,15.24,14.3,14,6.75,11,11.83,9,12.24,9.17,14.14,5.23,12.37,14.3,14.5,16.85,13.8,18.5,10.09,6.56,1.1,13.02,14.73,13.5,17,13.01,12.64,11.09,13,13,16,,12.58,13.62,6.5,13.8,14.75,,,12,14,13.5,16.9,14.85,11,16.48,10.17,1.38,,12,14.5,9.23,18,14,18,14.6,,10.7,12.7,15,3,13.5,14.4,14,13.89,15.51,7,3.50,26,21,13,-5,47
Oklahoma St.,Oklahoma,-7,-4.6,-2.13,-2.49,,-3.75,-6.41,-5.21,-2.26,-1,-5.13,-5,-9.04,-3.5,-6.69,-3.96,-7.69,-1.55,-4.72,-2.78,-5,-6.55,-5.9,1,-4.37,2.2,1.5,-2.59,-0.36,-5.5,-6,-4.33,-3.46,-6.29,-3,-7,-3,,0.86,-2.93,-13.5,-9.2,-7.04,,,-7,-7.6,-7,-4.3,-14.98,-13,-2.8,-9.53,-0.2,,-9,-5,-1.76,-7,-8.1,-5,-10.7,,-3.8,-2.5,-4,-5,-6,-2.6,-6.5,-4.07,-7.68,-6,3.42,58,23,13,-35,81
Old Dominion,Florida Atlantic,-4,-2.1,4.6,-3.59,,1.33,-3.8,-5.61,2.12,2,-0.25,4,-7.88,6,-6.4,3.14,-6.85,2.82,-2.46,-1.53,-3.5,-8.85,-5.83,-1.29,-6.35,6.41,4.46,-2.17,3.89,-3.5,-15,-3.59,-0.46,-5.62,-6,-4,-4,,5.63,-3.17,,-6.4,-6.67,,,-3,-4.6,-4,-8.7,-4.98,-8,-18.19,-5.95,1.06,,-6,-1,-3.58,-4,-5.1,-8,-0.01,,-1.4,-2.8,1,-5,,-11,6.5,0.14,-7.81,-1,4.93,33,31,13,-2,64
Oregon,Oregon St.,36,27.6,27.48,27.4,,32.6,23.24,35.49,30.17,35,31.13,32,26.67,30,25.75,24.51,28.27,17.11,30.02,29.64,34,37.55,31.33,41.79,31.92,19.31,17.08,27.24,30.67,34,44,29.32,27.33,27.65,37,33.5,37,,32.48,34.18,27.5,36.7,29.63,,,29,32.5,35,40.6,38.15,29,22.36,24.05,5.91,,26,34,18.9,31,34.4,38,55.1,,28,25,28,17,35,24.6,25,47.48,26.94,25,7.17,42,52,13,10,94
Pittsburgh,Miami (Fla.),7,7.56,7.96,7.2,,14.32,7.39,6.04,7.02,10,0.5,8,7.23,9.5,8.06,4.76,6.65,4.3,7.65,6.85,7,9.65,7.39,10.79,4.02,4.6,9.48,10.87,5.47,6.5,15,7.34,7.26,7.48,8,5.5,5,,9.2,7.69,1.5,7.3,12.09,,,6,7.7,7,7.4,14.5,12,4.1,2.54,0.7,,11,7,11.1,11,6.9,11,6.4,,5.5,6.3,10,3,6,7.1,3,5.64,9.5,3,2.99,29,24,13,-5,53
Purdue,Indiana,-7,-4.6,-6.44,-2.87,,-7.69,-2.08,-7.77,-6.35,-2,-5.38,-8,-2.58,-6,-2.79,-7.46,-5.42,-5.14,-4.12,-5.51,-6,-5.95,-7.26,-11.21,-10.14,-0.89,-0.83,-4.26,-2.52,-5.5,-8,-3.93,-4.97,-1.09,-4,-6.5,-3,,-6.53,-0.85,2.5,-2.3,-5.88,,,-2,-2,-6.5,-10.8,-2.97,-3,-13.73,-2.9,-2.35,,-2,-6,2.82,-4,-1.1,-6,-14.2,,-0.4,2.1,-7,-5,-7,1.2,2.5,-9.04,-3.85,-11,3.42,54,36,13,-18,90
Rice,Charlotte,11,13.5,9.3,10.89,,5.87,8.44,12.15,14.97,14,11.38,12,9.27,12,12.01,3.44,14.95,6.6,10.59,8.55,12,11.35,10.36,-2.54,14.18,10.07,5.98,12.16,11.25,11,-1,10.89,14.23,10.35,19,10.5,10,,8.34,8.53,,11.8,11.37,,,15,13.3,11,8.4,10.81,7,8.23,13.89,1.36,,11,12,7.9,10,12.3,8,6.7,,12.9,13.3,18,5,11,11.7,7.5,10.58,10.35,6,3.42,7,27,13,20,34
Rutgers,Maryland,2.5,0.31,2.33,1.02,,9.82,-1.13,2.16,1.73,4,-2.5,4,-3.77,3.5,-1.11,-4.46,-1.06,2.87,0.62,3.09,-1,-0.35,-1.69,2.5,-3.59,7.57,1.64,0.01,5.05,-0.5,-5,0.6,0.1,0.01,3,-1,-1,,3.67,1.92,0.5,0.7,-3.48,,,2,1.3,2.5,0.5,-6.82,-4,4.5,-1.22,0.3,,-5,-1,1.58,-2,2.5,1,-4.6,,1.4,1.9,10,-4,-1,-0.2,0.5,0.21,-3.52,2,3.56,46,41,13,-5,87
San Diego St.,Nevada,17.5,16.04,13.71,16.78,,16.09,14.84,19.57,15.6,19,29.5,13,17.8,12,16.49,15.02,13.71,9.08,16.48,16.92,18,18.75,18.96,17.89,13.76,14.65,13.07,15.69,20,18.5,19,16.29,14.64,16.53,20,17,21,,16.57,15.96,3.5,21.5,17.22,,,14,20.3,17.5,26.3,23.3,14,6.87,10.63,1.45,,14,18,15.11,21,19.5,24,20.3,,12.6,8.9,11,8,17,10.5,7,20.75,17.89,10,4.43,14,31,13,17,45
San Jose St.,Boise St.,-7.5,-10.34,-7.75,-6.86,,-6.25,-7.8,-11.09,-9,-5,-8.75,-9,-11.65,-7,-12.01,-8.56,-15.14,-4.67,-9.41,-2.03,-8.5,-13.05,-11.02,-9.21,-3.84,-6.75,-8.55,-8.92,-9.4,-8.5,-13,-9.2,-11.16,-11.51,-12,-8,-6,,-7.61,-16.18,-13,-10.6,-14.3,,,-12,-5.7,-7.5,-5.1,-13.1,-12,-17.67,-16.11,-1.52,,-10,-8.5,-5,-9,-11.5,-8,-7.1,,-12,-9.4,-11,-11,-7.5,-5,-15.5,-6.73,-11.84,-9,3.20,40,23,13,-17,63
South Carolina,Clemson,-19,-20.57,-29.85,-19.68,,-36.32,-18.98,-10.58,-21.87,-28,-13.13,-26,-25.48,-27.5,-19.41,-24.18,-18.6,-15.03,-18.88,-15.72,-16,-19.65,-16.45,-36.25,-21.04,-21.83,-23.93,-18.57,-14.69,-16.5,-30,-18.87,-20.95,-15.65,-15,-17.5,-18,,-24.41,-12.06,-6,-14,-23.58,,,-17,-17.2,-19,-15.1,-34.86,-23,-29.05,-10.9,-29.67,,-19,-16,-9.34,-23,-12.6,-15,-14,,-20.5,-6.1,-7,-11,-17,-13.3,-8.5,-18.77,-24.14,-21,6.40,37,32,13,-5,69
Stanford,Notre Dame,3,2.45,-2.18,2.65,,4.64,1.45,9.55,1.16,2,8.63,-1,0.88,-4,3.48,-7.84,9.16,-1.42,3.07,1.03,4.5,8.35,3.64,-0.21,8.1,-2.21,0.5,1.01,5.63,4,3,2.72,2.15,4.22,11,3.5,4,,1.84,2.45,6,5.9,-1,,,5,5,3,9.1,3.75,4,12.4,-0.15,-17.66,,4,2.5,4.77,1,5.4,10,1.9,,2.8,0.8,8,1,3.5,-2.3,4.5,7.52,0.67,-1,3.81,36,38,13,2,74
Syracuse,Boston College,-2,2.05,2.82,2.65,,-11.02,1.7,-2.87,2.68,6,-9.63,1,0.12,3,1.29,3.98,-1.78,2.07,-0.31,2.72,-2,-5.35,-2.41,3.39,-5.41,3.97,5.3,2.5,-2.7,-2.5,-2,-0.05,2.29,0.53,-1,-3,-3,,3.28,-5.4,-7,-2.7,0.7,,,0.01,-3.6,-2,-1.1,-4.21,-6,3.56,-2.66,1.16,,-1,-2,6.78,2,-3.7,-4,-0.01,,-0.4,-1.4,3,1,-3,-1.6,-2,2.52,-0.28,-2,3.60,17,20,13,3,37
TCU,Baylor,1,-0.91,-2.28,-1.33,,-0.21,-2.77,-2.78,-0.32,1,-4.63,-1,-4.19,4,-1.4,0.81,1,-1.29,-0.97,-1.93,-1.5,-3.95,-2.18,0.46,-4.58,1.1,2.5,-3.18,-2.78,-1.5,-1,-1.05,-0.38,-0.73,0.01,2,-1,,1.02,-1.39,-0.5,-1.5,-7.67,,,1,-5.8,1,-3.4,0.25,2,-9.68,-4.39,-0.87,,2,-1,3.49,-5,-1.8,3,-1.1,,-0.4,0.5,7,-4,,-1.1,2,1.55,-3.14,-6,2.71,21,28,13,7,49
Temple,Connecticut,13,13.69,14.28,17.23,,14.86,12.39,10.65,14.07,15,9.88,10,13.15,13,13.31,8.45,15.14,9.81,12.91,12.06,13,13.75,11.21,26.14,10.85,12.06,13.19,11.9,8.73,12.5,12,13.04,14.69,15.68,16,12,8,,18.27,19.83,15.5,17.7,11.42,,,16,15.3,13,10.3,14.06,9,17.83,12.03,2.13,,15,13,13.45,10,18.3,12,9.9,,16,13,14,4,12,13.1,11,13.07,12.97,9,2.99,3,27,13,24,30
Tennessee,Vanderbilt,18,20.89,15.46,20.42,,21.17,19.85,18.58,20.63,19,17.12,11,20.92,12,21.17,10.75,21.08,12.57,17.99,17.32,18.5,18.95,17.56,27.5,14.16,8.39,9.18,18.35,12.87,18.5,23,19,20.89,20.56,20,16.5,17,,21.78,15.78,23.5,22.8,19.92,,,19,22.4,18,22.1,21.34,18,13.88,20.9,2.08,,16,18.5,18.81,21,22.3,20,20.3,,23.5,15.1,18,11,17.5,15.3,13.5,24.58,21.75,11,4.19,28,53,13,25,81
Texas,Texas Tech,-1.5,-2.57,-2.12,0.45,,-7.7,-2.81,-1.03,-0.94,-1,5.75,-2,-5.16,-3.5,-4.17,-0.61,-2.76,-2.73,-1.57,-1.81,-1,-3.05,-2.78,-6.89,3.92,-3.07,-0.66,-3.49,-1.15,0.5,-7,-1.58,-1.71,-1.45,0.01,1,0.01,,-2.95,-0.89,2.5,0.01,-6.79,,,-1,4.4,-1.5,-2.3,-2.69,-11,19.76,-1.34,-1.17,,-3,-1,-0.42,-2,0.01,-1,1.9,,-0.3,2.5,-3,-4,1,3.3,5.5,0.43,-4.45,-6,3.04,48,45,13,-3,93
Texas-San Antonio,Middle Tenn.,-12,-10.11,-11.28,-6.63,,-8.33,-7.52,-9.33,-9.54,-8,-11.88,-13,-12.48,-10.5,-10.74,-11.21,-8.9,-6.65,-9.78,-7.17,-11,-14.55,-13.29,-1.18,-16.94,-6.96,-3.9,-8.97,-4.91,-11.5,-7,-9.9,-10.09,-11.9,-9,-12,-16,,-7.43,-15.25,,-12.5,-12.92,,,-10,-9.9,-12,-13,-15.14,-16,0.94,-8.47,-3.03,,-11,-13,-0.92,-12,-13.3,-15,-12.4,,-8.5,-4.1,-4,-7,-12,-5.8,-5,-12.75,,-13,3.59,42,7,13,-35,49
Toledo,Western Mich.,8,12.82,13.75,12.51,,12.93,10.93,11.47,14.96,17,8,16,8.23,13.5,10.68,13.65,9.2,9.9,10.83,13.88,9,10.55,10.08,25,4.1,13.12,13.18,10.8,12.51,9.5,18,10.74,13.78,7.63,11,9,11,,18.05,5.25,4,8,10.12,,,10,7.7,8.5,13,7.15,8,13.05,8.46,3.82,,6,9,9.84,11,7.2,9,10.4,,8.2,9.5,10,1,8,14.7,6,13.83,10.57,9,3.32,35,30,13,-5,65
Tulane,Tulsa,-7,-7.88,-9.05,-5.46,,-6.65,-6,-7.04,-6.36,-6,-4.63,-11,-10.82,-10,-9.42,-11.32,-11.12,-5.27,-6.91,-6.27,-6,-10.35,-6.96,1.32,-3.02,-4.84,-2.59,-7.28,-3.4,-6.5,-10,-6.63,-7.06,-6.62,-4,-6,-8,,-5.1,-4,-1.5,-6.3,-12,,,-7,-5.7,-7,-9.2,-8.47,-6,-17.44,-6.71,-3.19,,-8,-6,-10.08,-9,-4.3,-6,-8,,-4.4,-4.2,-10,-8,-7,-6.3,-1,-4.71,-10.45,-11,2.57,45,34,13,-11,79
USC,UCLA,3,4.8,2.68,3.18,,3.9,4.32,0.26,4.4,3,5.38,3,5.78,2,5.19,1.8,3.4,0.81,3.13,2.43,2.5,-0.95,2.29,3.57,4.25,-0.68,6.5,6.45,2.32,3,8,3.18,4.81,5.41,3,3,4,,2.86,3.34,5,-0.01,5.83,,,5,2,3,-2.3,3.37,10,-1.49,3.91,0.01,,2,2.5,7.44,4,-0.3,-1,3.1,,6.1,2.3,6,1,3.5,4,-1.5,-3.24,5.09,-1,2.67,21,40,13,19,61
Utah,Colorado,16,21.41,21.48,21.76,,23.93,17.09,14.75,22.52,21,14.88,19,21.37,21,20.26,26.25,19.67,13.92,18.55,14.45,17,18.45,17.07,36.96,13.89,14.45,17.13,21.15,11.17,17,30,18.91,23.12,18.83,20,16.5,14,,27.19,20.17,16,18.1,21.85,,,20,16.9,16,15,19.1,21,25.46,20.26,4.74,,16,17,15.44,22,17.7,21,17.1,,23,16.3,15,8,16,15.2,13.5,16.17,21.32,12,4.18,14,20,13,6,34
Utah St.,BYU,-3,-3.33,-7.33,-4.91,,-8.05,-3.04,-3.77,-4.15,-2,-2.25,-7,-4.49,-6.5,-2.5,-5.16,-1.41,-5.26,-3.62,-6.04,-4,-2.95,-4.45,-17.68,1.62,-3.87,-2.64,-2.6,-4.39,-4,-1,-3.82,-3.06,-3.2,-3,-2.5,-10,,-8.14,-0.42,1,-8.5,-3.73,,,-4,-6.3,-3,-4.1,-4.2,-7,15.78,-2.69,-3.36,,-2,-4,2.41,-5,-6.9,-3,-2.1,,-4.2,-0.9,4,-2,-3,-3.7,8,-3.09,-5.03,-7,3.01,51,28,13,-23,79
Virginia,Virginia Tech,-3,-4.38,-1.94,-3.93,,-8.9,-2.28,-3.62,-3.39,1,-2.5,-3,-5.15,-2,-5.46,5.05,-5.36,-2.88,-3.54,-1.94,-4.5,-6.45,-5.46,-3.14,-1.06,1.96,-1.86,-5.98,-1.66,-4,-7,-3.71,-4.32,-6.1,-4,-4,-1,,-2.62,-10.29,-0.5,-6.3,-5.38,,,-6,-7.2,-3,-7.9,-4.36,-3,-8.23,-2.51,-0.22,,-3,-4.5,0.59,-4,-6.2,-9,-0.5,,-3.8,-4.8,-1,-5,-3.5,-0.2,-1.5,-1.82,-5.32,-7,2.90,23,20,13,-3,43
Wake Forest,Duke,-3,-6.6,-6.01,-5.07,,-12.08,-3.82,-1.96,-6.82,-2,-1,-6,-5.88,-5,-6.44,-2.9,-7.4,-5.53,-4.53,-0.76,-3,-0.75,-2.1,-11.75,-6.94,-3.48,-6.47,-5.89,-0.85,-4,-2,-4.64,-7.05,-6.88,-4,-4,-2,,-6.06,-7.29,-9.5,-4.5,-4.27,,,-5,-1.1,-3,3.4,-1.29,-4,-10.65,-7.92,-1.66,,-5,-5,-0.28,-2,-4.5,-3,-9.4,,-5.2,-2.3,-17,-6,-4,-0.4,-11,-1.79,-4.78,-6,3.29,27,21,13,-6,48
Washington,Washington St.,7,4.55,0.75,1.45,,5.2,3.73,-0.01,1.22,6,-3.13,2,7.59,-1.5,8.25,-0.44,6.85,-2.36,2.85,-4.2,3.5,5.55,2.93,-5.93,1.76,-4.94,-7,3.32,-1.59,3.5,3,3.52,3.95,6.16,8,6,-2,,-2.72,11.55,13,4,5.69,,,6,5,6.5,-2.1,3.91,8,4.03,2.84,-2.51,,9,1,6.52,4,4.9,4,15.5,,4,1,10,2,,-2,10,-8.38,6.72,-3,4.79,10,45,13,35,55
West Va.,Iowa St.,14,13.04,15.33,11.94,,25.73,10.92,12.2,12.73,16,8.12,14,13.81,12,13.43,9.74,18.78,8.74,13.92,8.22,13,12.25,14.99,26.68,12.07,11.5,7.33,15.88,15.58,14,17,13.9,13.26,17.31,17,13.5,12,,18.21,20.19,19,16.3,17.57,,,15,15.6,14,9.7,14.1,13,21.33,14.68,2.11,,11,15,10.52,16,17.4,15,20.1,,16.2,11.9,21,8,14,6.2,14.5,12.41,14.79,12,3.66,6,30,13,24,36
Western Kentucky,Marshall,10.5,8.28,7.49,6.16,,10.73,9.2,7.69,7.24,10,9.5,5,11.36,6,9.36,11.65,5.79,2.53,7.99,8.1,9.5,10.05,11.3,16.29,13.88,6.26,5.7,10.38,8.53,10,9,8.4,7.55,9.65,7,10.5,11,,9.38,6.77,,14.3,11.19,,,6,12.7,10.5,7.9,14.65,11,16.39,9.57,2.91,,6,9.5,7.49,13,13.5,9,7.6,,6.2,2.8,-10,-1,10.5,3.6,-2,10.61,10,4,4.13,28,49,13,21,77
Wyoming,UNLV,-1.5,-6.37,-7.17,-7.04,,-9.99,-4.45,-1.12,-5.8,-6,1.38,-11,-7.57,-7.5,-7.01,-13.25,-5.73,-7.09,-3.12,-4.35,-2,-2.45,-2.02,11.79,-6.1,-1.99,4.42,-0.25,1.99,-2,-3,-2.02,-6.08,-1.14,-1,-3,-2,,-1.78,-1.78,-0.5,-2.2,-1.78,,,-2,-0.7,-1.5,-1.8,2.37,-2,-8.9,-2.83,-1.94,,-2,-2,,-3,-0.2,-4,6.3,,-4.8,2,-1,-2,-3,-3.8,1.5,-1.28,-7.9,-9,3.82,28,35,13,7,63
Alabama,Florida,18,13.37,9.29,18.81,,12.12,12.4,21.41,13.37,11,14.38,8,10.81,10.5,13.45,4.41,11.5,6.94,13.49,15.37,16,20.8,15.1,6.55,14.39,9.12,8.5,10.68,10.75,16,17,12.89,12.3,10.69,17,16,15,,6.04,17.84,16,17.8,12.06,,,12,18.3,17.5,26.8,17.03,20,5.85,9.48,1.05,,14,16,8.38,15,17.4,20,9.7,,17,11.6,,,18,8.4,8,20.28,14.23,7,4.58,15,29,14,14,44
Arkansas St.,Texas St.,25.5,21.41,22.6,18.61,,19.77,17.42,26.96,24.37,28,24.25,27,26.4,22.5,18.56,28.82,16.42,13.82,21.69,26.18,24.5,29.35,22.73,12.05,31.84,18.94,2.56,20.61,24.67,24,28,22.04,21.05,19.29,26,22,29,,22.28,22.04,,25.3,21.08,,,18,21.8,25.5,32.3,26.75,20,16.41,13.04,5.5,,17,24.5,11.69,26,23,29,25.2,,20.5,13.9,21,6,25.5,16.3,8,33.46,,19,6.25,17,55,14,38,72
Baylor,Texas,20.5,21.12,19.96,19.28,,29.19,20.01,20.19,20.82,28,20.38,23,22.71,21,21.41,16.67,24.35,12.19,21.34,18.32,21.5,25.15,20.74,29.25,17.66,21.12,22.47,22.58,16.72,21,28,21.27,20.42,21.1,25,20,16,,23.17,24.57,23.5,25.3,25.95,,,19,24.9,20.5,24.2,28.27,22,42.03,24.4,3.23,,22,21.5,15.3,22,24.5,26,18,,26.5,16.3,25,11,20,12.8,17.5,21.98,21.77,20,3.98,23,17,14,-6,40
Bowling Green,Northern Ill.,13,6.9,8.15,4.72,,7.81,7.68,5.25,5.08,10,14.38,9,10.86,7.5,8.97,9.32,5.03,4.12,7.58,5,10.5,11.1,8.61,12.4,7.17,4.4,7.11,9.08,6.64,9.5,7,7.36,6.22,7.23,7,9.5,9,,8.53,5.01,1,13.5,10.57,,,4,12.3,12,8.5,13.43,9,7.68,5.71,2,,6,10.5,7.09,12,11.3,12,12.8,,3.5,-2.3,,,12.5,-0.5,-1,11.5,10.49,6,3.49,14,34,14,20,48
Clemson,North Carolina,4.5,5.91,8.42,3.48,,8.95,0.01,-1.5,7.46,-1,-4.75,10,3.21,11,4.61,14.09,8.9,3.82,3.32,0.68,4,-2.5,2.73,6.9,-3.18,8.82,5.5,0.92,2.08,2.5,8,2.95,6.9,3.09,1,5.5,1,,3.13,-0.3,3,-1.7,1.57,,,5,-0.8,4.5,-8.7,9.95,8,5.09,5.69,12.77,,8,4,2.77,1,-0.7,-1,-3.1,,4,2.7,,,4.5,2.8,8.5,-2.37,2.64,1,4.52,37,45,14,8,82
Georgia Southern,Georgia St.,21,22.15,19.33,22.29,,16.96,20.92,18.17,20.53,28,14.88,20,25.28,16.5,23.81,24.75,24.16,11.95,20.83,17.76,22,23.55,22.76,26.85,24.19,15.39,11.83,21.21,16.55,21.5,18,22.07,23.15,22.52,26,20.5,23,,20.32,19.52,,22,22.92,,,23,22.6,21,22.5,25.69,27,28.93,17.8,3.66,,19,22,14.09,25,21.5,23,22.2,,27,24.8,24,10,21,18.9,17.5,20.63,25.74,14,4.13,34,7,14,-27,41
Houston,Temple,5.5,6.06,5.74,5.52,,6.02,5.88,7.56,5.93,9,10.13,6,7.2,4.5,6.18,6.67,7.9,2.25,6.28,4.44,5.5,7.85,4.76,7.05,10.2,6.73,3.5,8.15,3.82,6.5,11,6.04,5.64,5.62,9,6.5,6,,6.9,3.08,7.5,5.2,8.69,,,4,7.5,5.5,6.3,6.84,11,11.57,6.33,0.39,,4,5.5,5.37,8,4.9,9,3.4,,6.2,3.8,,,6,4.4,7.5,5.11,6.36,5,1.99,13,24,14,11,37
Iowa,Michigan St.,-3.5,-1.54,0.69,-2.56,,1.44,-1.07,-7.35,-1.71,-1,-7.5,0.25,-0.24,-1,-1.45,-0.87,-2.36,1.65,-3.71,-1.65,-4.5,-7.1,-2.48,0.35,-9.1,-2.4,1.5,-0.54,-7.75,-4,-10,-2.56,-1.73,-4.76,-9,-3,-6,,-1,-13.11,-11.5,-7.8,-1.26,,,-6,-4.1,-3.5,-8.6,-6.84,-1,-1.38,-2.91,11.03,,-3,-4.5,-2.96,-3,-8.4,-6,0.7,,-4.2,-5.4,,,-3.5,-1.8,-6.5,-7.04,-1.97,1,3.44,16,13,14,-3,29
Kansas St.,West Va.,-5.5,-6.73,-8.52,-3.56,,-14.24,-6.11,-5.15,-5.65,-5,-3.25,-8,-8.01,-6.5,-7.94,-7.79,-5.95,-4.93,-6.24,-4.62,-7.5,-8.25,-8.01,-13.8,-10.13,0.13,2.67,-8.05,-4.49,-6.5,-9,-6.25,-5.94,-6.39,-3,-6.5,-5,,-8.54,-7.59,2,-7.8,-12.98,,,-5,-11.3,-5.5,-6.1,-13.91,-16,-5.2,-6.4,-2.27,,-4,-5.5,-1.82,-10,-7.3,-9,-10.4,,-3.6,-0.2,-1,-6,-6.5,-1.2,3,-6.57,-10.3,-9,3.85,23,24,14,1,47
Louisiana-Lafayette,Troy St.,2,-0.32,1.57,-2.3,,2.87,-2.4,-0.48,2.31,2,-1.62,1,-7,2.5,-2.97,7.03,-0.69,-0.13,0.08,-0.92,0.5,-2.95,-1.9,4.95,-4.43,5.46,5.6,-1.07,3.23,0.5,-1,0.5,0.68,1.36,3,0,0.01,,2.84,5.95,4.5,0.5,-4.75,,,2,2.6,2,-3.4,-3.97,-3,-8.85,2.83,0.68,,-1,1,2.45,-3,1.4,1,-1.5,,1.2,5.1,4,-2,2,-0.4,10,0.51,-29.45,-1,5.13,41,17,14,-24,58
Louisiana-Monroe,New Mexico St.,0,1.02,-5.47,-3.91,,-1.19,0.01,-2.38,-1.56,-2,-3.75,-7,2.97,-6,3.56,-5.26,-0.81,-5.2,-0.43,-5.72,-1,-1.65,-0.89,10,5.43,-0.44,3.91,-0.11,-2.94,-1,7,-0.47,1.46,4.22,3,3,-6,,-0.47,2.9,7,0.2,0.22,,,3,-1.7,0,-5.4,-1.41,3,-17.84,,-11.98,,7,-1,1.2,-3,0.7,-2,-7.1,,5.2,8,3,-2,3,4.2,3,-7.14,1.76,-4,3.87,35,42,14,7,77
San Diego St.,Air Force,6.5,7.34,3.88,7.44,,6.75,4.39,11.95,9.44,1,17.88,5,2.51,4.5,5.08,2.88,8.43,4.07,6.55,10.11,8,9.95,8.79,9.2,3.15,7.09,10.24,5.07,10.25,9,7,7.04,6.39,6.29,11,6.5,14,,8.09,4.88,-3,12.8,3.76,,,4,12.1,6.5,11.2,7.71,-5,7.41,0.81,0.18,,2,8,7.16,8,10.6,12,3.8,,-1.5,4.1,,,4.5,-3.1,0.5,7.93,5.36,1,4.32,24,27,14,3,51
South Alabama,Appalachian St.,-18,-18.13,-17.49,-17.5,,-20.04,-18.41,-17.13,-14.21,-16,-15,-19,-20.13,-14.5,-22.27,-17.51,-23,-10.99,-17.24,-12.88,-17,-22.05,-16.92,-19.7,-14.89,-11.37,-5.92,-16.36,-11.94,-17.5,-23,-17.5,-16.29,-22.05,-15,-18,-17,,-14.48,-22.18,,-21,-24.94,,,-18,-18.1,-18,-15.8,-23.16,-21,-34.3,-18.86,-3.27,,-21,-17,-10.32,-21,-19.6,-25,-25.1,,-19.5,-6.8,-20,-13,-18,-10.6,-9,-17.48,-21.92,-21,4.55,34,27,14,-7,61
Stanford,USC,4.5,1.76,4.94,4.63,,4.54,2.07,5.1,3.09,6,5.5,7,1.08,6.5,0.56,1.45,2.13,3.44,3.57,3.96,3.5,6.67,3.47,7.35,3.15,6.98,8,1.24,1.99,4.5,8,3.59,2.54,-0.52,4,3.5,2,,4.46,-2.25,0,3.9,0.97,,,2,5.4,4.5,6.4,3.85,1,12.18,0.01,1.22,,5,3.5,-0.19,6,3.7,9,2.2,,1.8,3.2,,,4.5,5.1,0.5,4.47,1.24,3,2.43,22,41,14,19,63
Western Kentucky,Southern Miss.,7.5,9.6,8.66,8.07,,9.02,9.65,6.84,10.06,12,5.62,11,8.18,10.5,9.13,4.9,8.6,5.32,8.82,6.63,8.5,6.75,7.1,13.75,10.48,8.05,3.5,9.9,8.97,8.5,12,8.99,10.66,11.09,11,8.5,6,,11.73,10.65,,14,9.57,,,10,11.3,7.5,1.9,5.28,7,0.45,10.17,1.91,,8,8.5,8.1,10,13.5,7,4.9,,10.5,12.4,,,7.5,8.3,12.5,5.42,9.61,4,2.58,28,45,14,17,73
Navy,Army,21.5,29.97,35.64,30.5,,22.81,25.1,22.77,30.95,38,25.87,30,33.75,31,28.41,33.85,24.03,18.68,27.09,27.09,24,30.6,22.88,30.05,29.49,27.22,13.6,28.48,23.48,25.5,34,27.22,30.22,25.75,26,22.5,27,,34.27,20.63,17.5,27.6,31.51,,,26,24.3,22.5,28.4,32.47,28,25.12,21.54,8.33,,20,24,22.58,36,27.8,27,20.9,,25,20.1,34,17,22,26.1,14.5,31.41,31.73,23,5.30,17,21,15,4,38
