Home,Road,line,linesag,linepayne,linemass,linebmc,linepfz,linelaz,linemoore,linesagr,linemarsee,linenutshell,lineargh,linepaynep,linehow,linesagpred,linepaynewl,linekam,linerwp,lineavg,lineelo,lineloud,lineborn,linedokter,linesuper,linedunk,linebill,linebihl,linebill2,lineround,linerba,linefei,linemedian,lineharville,linesaggm,linetempo,linegiddens,lineespn,linefox,lineopen,linepig,linecons,linecong,lineunion,linepibias,linel2,lineteamrank,lineash,linepimean,lineca,lineburdorf,linekeep,linekerns,linel2hf,linelog,lineatom,linemds,linedwig,linepiratings,linecather,linecrunch,linetalis,linedonchess,linefeng,linemidweek,lineclean,linecurry,linepugh,linelabr,linestd,vscore,hscore,week,actual,total,phcover,phwin
Army,Middle Tenn.,3.5,6.94,,6.65,,13.99,7.07,9.83,6.94,,,1,,8.5,6.94,,1.05,,6.69,5.82,1,4.85,9.22,9.31,,,,,,,5.7,6.92,5.41,6.94,,,13.09,7,5.5,,4.66,-0.44,,4.5,,9.6,,6.9,4,,-3,,,,,,,5.2,1,,,,,3.5,3.5,23.69,8.71,,4.88,0,42,1,42,42,0.5761563035,0.6564541803
Memphis,Arkansas St.,18.5,16.42,,12.81,,12.76,14.91,11.82,16.42,,,15,,16.5,16.42,,25.09,,17.92,20.53,1,27.05,21.97,20.38,,,,,,,18.4,16.46,14.09,16.42,,,16.12,24,16,,14.88,17.22,,17.7,,19.4,,13.9,18.5,,28.79,,,,,,,18,29,,,,,19,13.5,6.93,21.25,,5.90,24,37,1,13,61,0.4863406102,0.8549891922
Navy,BYU,-1,4.09,,8.1,,7.73,7.33,3.82,4.09,,,2,,8.5,4.09,,15.32,,9.27,13.31,10,19.85,5.66,9.81,,,,,,,11.5,7.91,9.27,4.09,,,7.24,11,2.5,,9.78,10.13,,3.3,,9.1,,4.5,0.5,,6.99,,,,,,,4.9,16,,,,,-1.5,12,42.35,2.3,,7.46,55,3,1,-52,58,0.7209046127,0.7014297969
Southern Miss.,South Alabama,13.5,7.14,,8.25,,16.47,13.29,19.11,7.14,,,13,,14,7.14,,17.59,,12.42,8.86,2,12.95,13.32,12.56,,,,,,,12.1,12.63,10.78,7.14,,,9.62,10,16,,10.15,16.5,,9.3,,12.7,,6.5,13.5,,15.39,,,,,,,7.3,20,,,,,13.5,15.5,20.07,18.59,,4.60,32,21,1,-11,53,0.4739493172,0.7738172768
Texas St.,SMU,-23,-18.6,,-12,,-11.25,-14.09,-19.63,-18.6,,,-17,,-18.5,-18.6,,-23.73,,-18.38,-19.83,-4,-21.35,-23.39,-16.63,,,,,,,-16,-18.6,-12.5,-18.6,,,-15.29,-20,-17,,-9.8,-15.75,,-24.1,,-21.2,,-21.1,-22,,-23.17,,,,,,,-22.6,-22,,,,,-22,-2.5,-10.96,-42.77,,7.19,31,24,1,-7,55,0.6045347446,0.145787726
Appalachian St.,Charlotte,17,27.4,,12.33,,23.68,20.87,26.34,27.47,,,19,,25,27.5,,21.98,,22.17,23.26,12,25.85,22.23,25.25,,,,,,,23.6,22.74,17.13,27.21,,,18.06,24,20.5,,18,15.96,,20.1,,20.1,,17.6,18,,,,,,,,,18.8,26,,,,17.9,17,24,27.61,20.83,,4.67,20,35,2,15,55,0.6226391015,0.9098313644
Army,Louisiana-Monroe,21.5,23.42,,11.47,,21.99,16.81,21.26,23.08,,,12,,14,22.09,,15.74,,14.01,2.16,2,16.25,11.65,11.88,,,,,,,9.9,13,13.74,25.21,,,15.62,13,16,,7.23,2.63,,12.6,,16.7,,12.9,20.5,,,,,,,,,11,13,,,,7.7,21,10.5,4.88,20.04,,6.28,7,37,2,30,44,0.330435806,0.7940642354
Florida St.,Georgia Tech,13,11.73,,5.46,,8.26,8.91,2.56,11.75,,,6,,9.5,11.76,,11.38,,10.91,13,6,17.05,10.3,9.94,,,,,,,10.3,10.7,10.94,11.66,,,9.5,14,11,,10.47,6.28,,12.9,,11.2,,10.3,12.5,,,,,,,,,11.2,18,,,,6.7,12.5,9.5,24.87,11.79,,4.23,16,13,2,-3,29,0.4493826676,0.746689015
Iowa St.,Louisiana-Lafayette,11.5,17.46,,13.34,,10.06,13.96,13.99,17.52,,,7,,4.5,17.53,,15.22,,11.18,7.26,1,9.45,13.09,15.63,,,,,,,11.4,11.13,12.01,17.36,,,11.37,7,11,,9.65,8.49,,10.9,,9.5,,10.8,11.5,,,,,,,,,10.9,9,,,,13,11.5,4,-8.57,22.68,,5.76,31,14,2,-17,45,0.4924412448,0.7460144073
Kansas,Coastal Carolina,6.5,13.21,,14.45,,-1.89,10.31,11.64,13.24,,,-2,,1,13.25,,6.94,,8.15,9.99,-2,13.65,2.04,8.5,,,,,,,5.8,7.42,10.59,13.13,,,-1.27,13,3.5,,4.96,2.95,,2.3,,4.5,,3.7,6.5,,,,,,,,,4,4,,,,7.9,6.5,6.5,28.82,19.3,,6.94,38,23,2,-15,61,0.5379354354,0.6809643748
Kansas St.,Arkansas St.,10.5,19.51,,17.46,,9.91,15.82,5.96,17.84,,,5,,9,17.1,,20.61,,15.95,17.7,1,24.55,11.85,16.88,,,,,,,14.9,17.25,19.76,23.4,,,18.58,21,10,,13.56,8.07,,17.8,,16.6,,14.6,11.5,,,,,,,,,17.4,20,,,,12.6,10.5,2,31.19,17.84,,6.57,35,31,2,-4,66,0.6244542352,0.8233793289
Louisville,Western Kentucky,12,21.09,,12.42,,-0.24,10.67,0.12,21.15,,,9,,7.5,21.18,,4.93,,10.91,5.87,-1,6.85,11.28,12.75,,,,,,,5.1,10.97,12.39,20.96,,,17.27,7,11.5,,9.14,15.46,,13.6,,11.8,,15.2,12,,,,,,,,,15.8,10,,,,6.6,11.5,5.5,4.45,12.37,,6.19,21,35,2,14,56,0.4744951036,0.7390229084
Miami (Fla.),UAB,14.5,13.75,,17.59,,12.19,14.66,1.37,16.23,,,-3,,6,17.77,,18.38,,11.31,4.91,9,9.75,12.14,11.69,,,,,,,15.1,12.14,15.3,6.27,,,8.18,16,14,,8.96,12.64,,9.8,,15.2,,11.6,14.5,,,,,,,,,9.5,3,,,,,14.5,14,7.03,21.99,,5.63,14,31,2,17,45,0.424885812,0.7490629573
North Carolina,Syracuse,23,9.21,,4.56,,3.09,5.88,1.83,9.24,,,17,,3,9.24,,10.31,,11.76,11.85,6,17.55,16.66,8.06,,,,,,,11,11.21,8.95,9.16,,,15.06,16,19.5,,11.42,18.58,,19.9,,15.3,,17.3,21.5,,,,,,,,,19.5,26,,,,7.3,23,15.5,-3.65,17.9,,6.58,6,31,2,25,37,0.2565089095,0.7531414906
Notre Dame,Duke,20,18,,15,,22.46,18.03,14.48,18.05,,,24,,21.5,18.07,,23.75,,18.91,22.53,3,33.45,18.41,18.63,,,,,,,18.5,18.55,17.26,17.9,,,16.85,25,20,,15.98,23.9,,21.1,,19.2,,18.6,20,,,,,,,,,20.3,34,,,,11,20,3.5,-2.07,20.02,,7.40,13,27,2,14,40,0.4751876964,0.8598616778
South Alabama,Tulane,-10,-4.88,,-10.77,,-10.93,-6.65,-8.5,-7.04,,,-7,,-6,-10.4,,-10.18,,-8.27,-7.5,2,-11.35,-13.38,-11.44,,,,,,,-10.4,-8.75,-5.02,4.02,,,-4.23,-12,-11,,-6.43,-10.36,,-8.3,,-9,,-7.5,-10,,,,,,,,,-8.5,-11,,,,-10.2,-8,0.01,-9.52,-13.53,,4.09,27,24,2,-3,51,0.5420227411,0.306963985
Texas,UTEP,43,39.72,,34.22,,35.97,36.29,48.51,41.95,,,38,,28,43.28,,44.88,,41.68,41.51,5,53.85,42.79,36.69,,,,,,,39.8,41.73,37.4,34.32,,,53.32,47,43,,26.26,49.18,,54.1,,45.6,,48.9,43,,,,,,,,,53.5,56,,,,34.7,43,22,34.03,48.47,,10.84,3,59,2,56,62,0.4726236657,0.9849398313
Texas St.,Texas-San Antonio,8,0.72,,3.1,,-1.32,4.91,3.8,2.46,,,3,,0.5,3.05,,1.42,,1.55,8.79,-3,6.55,5.9,2.25,,,,,,,2.4,2.91,4.18,-3.54,,,-2.82,4,7.5,,2.82,3.96,,3.1,,-2.6,,5.2,6.5,,,,,,,,,4.2,-5,,,,2.3,8.5,6,-0.01,-22.88,,5.54,51,48,2,-3,99,0.3506359783,0.5367240404
Wake Forest,Clemson,-33,-20.67,,-14.55,,-27.89,-17.6,-28.2,-20.74,,,-24,,-29,-20.76,,-32.79,,-23.74,-23.65,-12,-36.55,-30.15,-13.94,,,,,,,-23,-23.1,-18.34,-20.5,,,-29.57,-32,-31,,-8.46,-17.52,,-27.7,,-21.6,,-22.9,-32,,,,,,,,,-23.2,-34,,,,-24.4,-33,-20.5,-17.73,-30.14,,6.71,37,13,2,-24,50,0.7044900102,0.0841581461
Duke,Boston College,5.5,8.18,,3.18,,1.93,2.99,1.67,8.2,,,-4,,1,8.88,,-3.8,,3.21,0.88,1,4.85,5.39,3.13,2.75,,,,,,4.1,3.05,2.6,7.5,,,-1.58,6,6,,2.58,0.12,,2.4,,3.1,,3.9,5,,,,,,,,,3,7,,,3.8,7.2,6,-1,-0.73,7.57,,3.33,26,6,3,-20,32,0.4438595644,0.5784437826
Georgia St.,Louisiana-Lafayette,-15.5,-16.09,,-8.81,,-6.62,-14.14,-15.61,-19.32,,,-12,,-13,-13.81,,-20.76,,-14.69,-14.41,1,-23.35,-15.47,-17.19,-25.43,,,,,,-7.8,-15.44,-16.15,-15.52,,,-10.88,-19,18.5,,-9.27,-3.95,,-17,,-15.4,,-16.7,-15.5,,,,,,,,,-16.9,-22,,,-9.7,-10.4,-17,-6,-23.39,-14.16,,5.91,34,31,3,-3,65,0.5190698722,0.1929048882
Georgia Tech,Central Florida,-7.5,-7.11,,-2.81,,-15.88,-6.65,-10.22,-5.87,,,-2,,-10.5,-8.54,,-18.45,,-9.43,-10.93,6,-17.05,-10.48,-9.88,-13.75,,,,,,-7.6,-8.97,-3.4,-6.83,,,-10.82,-14,-7.5,,-6.88,-3.55,,-9.4,,-12.1,,-8.2,-7.5,,,,,,,,,-7.1,-16,,,-7,-6.4,-7.5,-4.5,-16.33,-11.61,,5.17,49,21,3,-28,70,0.4539867707,0.2861054914
Louisiana-Monroe,Texas St.,-4.5,2.93,,5.1,,8.02,5.25,1.86,4.06,,,8,,13.5,2.07,,8.01,,5.97,10.69,1,6.65,6.06,4.94,8.83,,,,,,10,5.19,5.13,2.65,,,4.95,13,-5.5,,5.04,7.96,,4.6,,6.8,,4.1,-3,,,,,,,,,4.5,8,,,-3.2,2.8,-5.5,4.5,8.74,5.39,,3.41,38,17,3,-21,55,0.7404974619,0.6434555706
Louisville,Miami (Fla.),2.5,4.35,,2.42,,-11.32,-0.75,-4.1,4.12,,,10,,0.5,4.37,,0.66,,3.8,5.78,1,9.25,-0.31,0.13,10.66,,,,,,1.5,3.99,2.3,4.57,,,10.18,6,2.5,,3.86,10.25,,10,,1.2,,9.1,2.5,,,,,,,,,11.2,15,,,-1.3,-2.7,2.5,-0.5,7.64,-2.5,,5.51,47,34,3,-13,81,0.5308344054,0.5894580775
Marshall,Appalachian St.,-5,-3.55,,-0.91,,-7.55,4.7,-12.36,-1.67,,,-5,,-7,-1.49,,-12.39,,-4.86,-11.83,-7,-2.15,-0.71,-7.13,-6.26,,,,,,-8.6,-4.11,0.32,-7.39,,,-0.79,-5,-4,,-3.39,-3.91,,-4.3,,-5.9,,-1.4,-5,,,,,,,,,-2,-2,,,1.3,-6.6,-4.5,-9,-19.46,-2.2,,4.76,7,17,3,10,24,0.5033701057,0.3846632538
Middle Tenn.,Troy St.,-3,-3.79,,0.61,,-1.19,-7.79,-3.36,-5.38,,,8,,-4,-4.54,,7.13,,-2.46,-6.39,1,-4.25,1.52,-2.38,-7.81,,,,,,2.9,-2.24,-4.22,-1.44,,,-12.49,0.01,-3.5,,-0.34,-0.37,,-1.7,,-8,,-2.5,-3,,,,,,,,,-1.5,6,,,-2.1,-4.5,-3.5,3.5,-17.18,-1.11,,5.16,47,14,3,-33,61,0.5129035494,0.4414190368
NC St.,Wake Forest,1,-0.26,,-0.81,,3.01,-1.43,-2.55,-0.01,,,9,,0.01,-0.51,,-5.84,,-2.65,-5.16,3,-13.15,-0.18,-3.19,-10.82,,,,,,-1.2,-1.71,-4.1,-0.23,,,0.67,-7,2.5,,-0.23,-3.03,,-3.3,,-4.5,,-4.2,0.5,,,,,,,,,-3.3,-7,,,3.3,-1.7,2.5,-1,-14.29,-1.72,,4.60,42,45,3,3,87,0.4126058869,0.4363063187
North Texas,SMU,-14,-3.46,,-6.38,,1.11,-0.41,-4.02,-2.73,,,-12,,-6,-2.4,,-2.9,,-7.93,-11.68,-3,-11.05,-15.16,-8.44,-10.75,,,,,,-9.5,-6.59,-5.66,-5.33,,,-7.03,-9,-13.5,,-4.88,-13.57,,-20.1,,-5,,-19.8,-13,,,,,,,,,-21.5,-11,,,-6.8,-5.2,-14,2,-9.79,-5.38,,5.74,65,35,3,-30,100,0.6404226498,0.3192576233
Notre Dame,South Florida,24,27.42,,23.44,,23.56,22.44,29.55,27.03,,,21,,20.5,27.12,,31.19,,25.38,23.87,-3,32.85,24.94,28.44,32.98,,,,,,23.4,25.02,28.5,28.15,,,23.58,34,25,,20.24,36.57,,26.1,,25.1,,24.6,24,,,,,,,,,24.3,35,,,17,20.6,26,4.5,15.66,28.41,,7.88,0,52,3,52,52,0.5310295232,0.9239154188
Oklahoma St.,Tulsa,23.5,23.82,,12.21,,16.9,16.57,20.46,23.8,,,21,,19,23.85,,13.26,,18.06,12.42,,13.55,23.19,24.19,15.77,,,,,,13.6,17.09,17.28,23.8,,,15.59,15,23,,16.83,29.98,,19.6,,14,,18.1,23,,,,,,,,,16.9,22,,,21.5,13.7,23,5,8.58,26.4,,5.38,7,16,3,9,23,0.3727655581,0.859352963
Pittsburgh,Syracuse,21.5,12.73,,7.89,,5.34,13.77,6.71,15.03,,,12,,10.5,13.75,,6.73,,12.09,6.82,6,15.75,16.05,16.25,10.96,,,,,,7.6,11.95,13.22,9.64,,,15.16,9,22,,11.34,16.08,,11.5,,14.2,,11.7,20,,,,,,,,,11.9,17,,,14,7.9,21.5,17.5,17.78,10.96,,3.63,10,21,3,11,31,0.2816673152,0.7711023794
Southern Miss.,Louisiana Tech,5.5,-6.82,,-1.23,,2.24,-5.13,5.68,-8.24,,,9,,-5,-5.13,,-9.51,,-1.45,-6.81,-2,-7.45,5.44,1.38,-9,,,,,,1,-1.32,-5.43,-7.1,,,-1.4,-3,5,,-1.52,8.25,,0.9,,1.4,,2.5,4.5,,,,,,,,,3.4,1,,,3,-2.1,5.5,0.01,-10.63,3.76,,5.20,31,30,3,-1,61,0.3386850303,0.4654141487
Tulane,Navy,7,6.52,,1.39,,-0.93,11.7,7.49,9.27,,,4,,4,6.15,,6.22,,3.91,6.63,-9,7.15,2.71,5.69,12.88,,,,,,-5.5,4.5,11.6,3.89,,,5.99,0.01,7.5,,5.17,1.53,,-0.5,,9.7,,0.6,7,,,,,,,,,-1.6,5,,,3,2.7,7,-6.5,-6.31,5.55,,5.31,27,24,3,-3,51,0.4267663859,0.5923537333
Western Kentucky,Liberty,14,5.7,,8.26,,6.47,8.07,12.51,5.89,,,16,,7.5,6.4,,12.07,,9.14,7.23,10,7.85,12.38,9.25,7.68,,,,,,12.9,8.28,4.29,4.83,,,8.31,9,14,,6.77,19.91,,11.4,,8.4,,9.4,13,,,,,,,,,11.2,14,,,5.4,9.3,14,11.5,4.56,8.03,,3.46,30,24,3,-6,54,0.3824138613,0.7131442197
Arkansas,Georgia,-28,-22.61,,-14.1,,-36.23,-19.75,-22.52,-22.54,,,-19,,-26.5,-22.65,,-33.94,,-24.84,-27.9,-1,-34.85,-26.84,-22.13,-35.67,,,,,,-20.2,-22.65,-22.32,-22.65,,,-19.87,-32,-24.5,,-18.27,-27.36,,-27,,-24.2,,-21.1,-27.5,,-29.01,,,,,,,-23.9,-30,,,-16.5,-20.2,-28,-14,-40.86,-23.1,,7.76,37,10,4,-27,47,0.5709705106,0.0798825762
Auburn,Kentucky,6.5,17.11,,10.37,,16.96,12.32,6.98,17.07,,,6,,11.5,17.13,,17.01,,11.03,11.68,-1,8.05,12.77,7.63,9.29,,,,,,17,11,11.04,17.12,,,14.71,11,7,,7.53,-0.64,,8.9,,9.3,,8.7,7,,6.17,,,,,,,10.1,5,,,6.5,13.9,7.5,11.5,5.72,18.55,,4.94,13,29,4,16,42,0.6073686818,0.7464708309
BYU,Troy St.,14.5,17.22,,11.56,,3.53,24.67,7.84,19.57,,,17,,7.5,18.86,,12.61,,15.24,19.1,25,22.55,14.73,21.56,27.22,,,,,,8,15.6,16.38,13.98,,,13.85,13,14,,14.62,20.28,,18.2,,17,,15.6,14.5,,30.09,,,,,,,19.1,18,,,7.6,0.3,14,8,9.6,13.76,,6.59,7,48,4,41,55,0.5171714261,0.8123836307
Baylor,Kansas,17.5,25.8,,14.65,,22.96,23.96,14.31,27.75,,,17,,24,23.43,,24.34,,23.48,27.9,-1,37.25,25.45,25.81,35.44,,,,,,22.5,23.96,24.68,26.17,,,20.81,32,18.5,,21.24,23.98,,25.1,,21.8,,23.6,18.5,,32.42,,,,,,,23.7,34,,,17.5,14.1,17.5,16.5,4.84,19.71,,7.88,14,47,4,33,61,0.6320964008,0.9073841101
Boston College,Texas St.,20.5,22.4,,18.24,,20.98,19.48,16.32,24.25,,,20,,18.5,20.09,,20.7,,20.24,16.62,10,18.45,21.11,20.5,15.9,,,,,,20.9,20.55,21.78,23.19,,,22.56,23,18,,17.26,24.33,,26,,23,,23.6,20.5,,19,,,,,,,24.4,19,,,15,14,17.5,12.5,24.41,20.55,,3.70,21,24,4,3,45,0.4936365536,0.8928375618
Cincinnati,Army,12.5,9.03,,6.59,,3.68,-1.08,-1.58,7.7,,,14,,4,8.54,,5.61,,9.82,8.02,-1,8.65,13.13,7.13,11.18,,,,,,10.1,8.65,4.76,10.79,,,5.81,13,14,,10.06,22.79,,18.3,,3.9,,15.2,12,,15,,,,,,,18.5,23,,,12.2,2.5,13.5,5,20.92,7.54,,6.41,10,24,4,14,34,0.4378074999,0.7168655928
East Carolina,Central Florida,-27,-24.34,,-14.17,,-25.93,-21.91,-29.51,-25.56,,,-15,,-25.5,-24.09,,-27.07,,-22.78,-21.56,-48,-25.65,-21.22,-24.69,-25.75,,,,,,-17.3,-24.09,-22.25,-23.46,,,-24.29,-27,-25.5,,-18.24,-18.24,,-21,,-24.7,,-18.4,-26.5,,-31.07,,,,,,,-18.6,-28,,,-16.5,-20.6,-27,-15.5,-28.19,-26.57,,6.34,51,28,4,-23,79,0.5975023899,0.0913110401
LSU,Mississippi St.,15,13.54,,16.31,,15.35,16.39,18.27,13.51,,,16,,21,13.55,,29.25,,22.68,30.7,-1,42.95,23.95,12.44,42.44,,,,,,20.6,19,20.98,13.56,,,24.12,36,16.5,,14.98,27.71,,19.9,,18.5,,18.9,15.5,,32.97,,,,,,,19,38,,,11.1,18,16.5,22.5,48.62,17.38,,10.38,44,34,4,-10,78,0.6572205647,0.8840909819
Liberty,Florida Intl.,8,2.79,,1.61,,3.39,2.42,1.9,3.24,,,6,,2.5,0.86,,5.56,,3.75,7.77,17,10.25,4.83,0.94,12.25,,,,,,2.8,4.11,7.47,4.32,,,6.15,7,6.5,,6.22,-1.6,,-4.9,,10.5,,-2.2,7.5,,8.75,,,,,,,-5.3,10,,,6.5,0.8,7.5,10.5,-13.75,4.11,,5.70,34,36,4,2,70,0.4005283861,0.5879734498
Louisiana-Lafayette,Georgia Southern,11.5,12.8,,11.34,,6.53,22.24,12.6,19.02,,,14,,10.5,13.2,,14.51,,15.31,22.25,2,18.55,14.81,16.81,23.8,,,,,,6.1,14.5,20.97,6.76,,,15.57,19,-21,,14.33,13.87,,13,,18,,12.9,12,,30.1,,,,,,,14.5,22,,,12.8,1.6,11.5,13.5,18.2,19.16,,6.08,18,20,4,2,38,0.5886634968,0.8160864033
Louisiana-Monroe,UTEP,9.5,0.92,,10.93,,12.71,6.59,12.69,-4.13,,,4,,5,1.24,,11.77,,10.19,11.7,-11,10.65,13.12,6,10.04,,,,,,18.8,10.93,6.81,5.56,,,11.78,15,6,,3.52,20.72,,17.5,,12.1,,16.4,9.5,,6.47,,,,,,,18.9,10,,,7.6,13,9.5,16.5,14.56,7.66,,6.68,31,6,4,-25,37,0.515979924,0.7229762379
Miami (Fla.),Florida St.,11,7.09,,4.5,,13.01,12.33,16.94,10.47,,,4,,13,4.22,,10.37,,8.14,12.93,39,8.75,5.07,14.25,11.11,,,,,,3,8.75,13.1,6.65,,,2.16,5,11,,13.15,5.56,,1.8,,11.9,,5.8,11,,10.45,,,,,,,1.4,1,,,11.3,5,11,9.5,3.33,10.54,,6.82,10,52,4,42,62,0.4342668742,0.6812149302
Mississippi,Florida,-14,-10.24,,-5.35,,-14.19,-8.45,-8.88,-10.21,,,-12,,-13,-10.27,,-12.59,,-11.28,-9.93,-1,-13.05,-13.9,-10.88,-13.46,,,,,,-4.6,-11.13,-11.02,-10.26,,,-11.25,-13,-12.5,,-8.44,-17.17,,-14.5,,-9.3,,-14.3,-14,,-11.13,,,,,,,-13.2,-16,,,-7.2,-6.9,-14,-10,-14.51,-13.18,,3.52,51,35,4,-16,86,0.5664273659,0.2439215182
Missouri,Alabama,-29,-25.02,,-10.54,,-19.89,-11.39,-15.46,-24.95,,,-16,,-23.5,-25.07,,-21.02,,-20.01,-20.08,-1,-21.15,-27.47,-8,-21.07,,,,,,-22.1,-21.02,-12.82,-25.05,,,-25.54,-19,-28,,-9.64,-19.35,,-21,,-23.8,,-21.1,-27.5,,-27.34,,,,,,,-20.3,-16,,,-24,-17.7,-27.5,-20,-21.4,-23.65,,5.86,38,19,4,-19,57,0.7023758268,0.11851346
Oklahoma,Kansas St.,27.5,22.32,,12.1,,16.24,16.01,24.84,23.34,,,19,,20.5,19.91,,16.28,,18.02,17.38,38,15.35,25.34,21.94,18.25,,,,,,13.6,18.25,15.3,23.57,,,15.51,15,28,,16.6,21.26,,15.7,,20.2,,16.6,26,,26.93,,,,,,,15.4,19,,,22.5,12.9,28,19.5,-5.06,21.37,,6.56,38,35,4,-3,73,0.2904930797,0.8529479725
Oklahoma St.,West Va.,6.5,11.59,,5.05,,11.52,8.14,7.43,11.22,,,14,,8.5,10.9,,8.88,,9.5,7.84,-19,6.25,11.21,10.81,4.35,,,,,,9.9,10.47,6.22,12.79,,,5.27,7,6,,10.47,18.59,,12.5,,11.3,,11.9,7,,15.02,,,,,,,12.8,13,,,3.9,4.4,7,5.5,3.13,12.1,,6.09,13,27,4,14,40,0.5700307342,0.7118392756
Pittsburgh,Louisville,3,7.78,,6.55,,11.2,9.74,8.64,12.43,,,8,,9,9.15,,5.21,,6.33,3.94,10,13.15,5.94,6.19,9.7,,,,,,2.7,6.55,10.05,1.71,,,0.16,9,3.5,,6.96,0.77,,-0.4,,5.3,,-0.4,3.5,,5.11,,,,,,,-1.7,11,,,4.9,5.1,3,4,11.02,7.06,,3.94,20,23,4,3,43,0.5806667464,0.6506301936
South Alabama,UAB,-6.5,-0.71,,3.02,,-11.1,3.58,-2.31,0.64,,,-7,,-4.5,-0.51,,1.57,,-2.77,4.7,-7,6.25,-10.58,-2.63,1.86,,,,,,-3.2,-2.31,0.33,-2.24,,,-4.11,2,-5,,-0.62,-10.89,,-5.8,,-1.8,,-5.5,-6,,-6.76,,,,,,,-6,-5,,,-9.8,-12,-6.5,-1,3.25,-4.61,,4.94,42,10,4,-32,52,0.588753772,0.4338418842
South Carolina,Tennessee,-4,-0.01,,3.53,,6.71,4.09,0.22,-0.01,,,-4,,3,-0.01,,1.98,,-0.61,-2.36,-1,-2.15,0.28,2.25,-2.98,,,,,,1.9,0.22,1.96,-0.01,,,1.1,2,-3,,-1.69,-17.22,,1.6,,-2.7,,0.5,-3,,-8.5,,,,,,,2.7,-5,,,-0.2,1,-3.5,-4,-6.71,2.82,,4.34,31,27,4,-4,58,0.581602618,0.4852158084
Southern Miss.,Tulane,-3.5,-10.31,,-8.39,,2.04,-4.57,-0.19,-12.17,,,-5,,-5.5,-9.56,,-9.62,,-4.63,-9.93,-16,-2.05,0.73,-5.88,-4.12,,,,,,-0.8,-4.8,-6.14,-9.31,,,-1.62,-5,-5,,-2.98,-1.62,,-4.9,,-5.4,,-4.3,-3.5,,-10.58,,,,,,,-4.8,-3,,,-2.6,0.5,-3.5,7,-11.19,-1.64,,4.72,66,24,4,-42,90,0.4728010073,0.3899057871
Syracuse,Georgia Tech,-7.5,2.9,,4.59,,8.81,-0.12,2.5,1.18,,,-6,,-1,4.84,,3.26,,1.8,1.06,-1,10.65,-2.76,-2.81,7.15,,,,,,3.6,2.03,4.73,2.72,,,-6.27,11,-7,,2.03,0.41,,-1.5,,1.9,,-0.5,-6,,-7.34,,,,,,,-3.2,9,,,-4.6,8,-8,-4.5,5.03,4.61,,4.81,20,37,4,17,57,0.7124794162,0.5432050133
TCU,Iowa St.,-3.5,9.61,,4.23,,7.39,12.94,-0.68,12.28,,,-2,,5.5,6.75,,5.34,,4.63,8.64,3,3.15,-0.7,4.81,8.97,,,,,,2.5,4.81,5.78,9.4,,,10.94,6,3,,6.23,-5.59,,-0.3,,5.8,,-2.2,-2,,-0.91,,,,,,,-0.9,-4,,,-1.6,0.6,-2.5,3.5,26.65,4.74,,6.11,37,34,4,-3,71,0.6836527967,0.6072595649
Texas A&M,Vanderbilt,31,20.48,,13.52,,22.69,16.56,21.81,20.43,,,20,,18,20.51,,25.52,,22.59,26.46,-1,25.45,24.19,23.5,25.89,,,,,,20,22.69,17.91,20.49,,,24.46,23,29.5,,21.02,23.73,,26.6,,31.1,,25.5,29.5,,35.65,,,,,,,24.9,27,,,17,15.5,30.5,18,27.77,20.72,,6.22,12,17,4,5,29,0.3109120139,0.9074074988
Texas Tech,Texas,-17.5,-20.09,,-10.15,,-4.57,-21.68,-12.64,-23.85,,,-10,,-10.5,-23.95,,-10.94,,-14.56,-15.31,-41,-26.05,-11.17,-11.38,-22.07,,,,,,-4.6,-14,-17.5,-12.09,,,-20.39,-14,-19,,-10.07,-13.79,,-17.6,,-21.6,,-17.5,-17.5,,-29.65,,,,,,,-17.6,-15,,,-12.2,-7.2,-18,-7.5,7.9,-15.77,,8.56,63,56,4,-7,119,0.5647448396,0.2097499622
Texas-San Antonio,Middle Tenn.,7,6.34,,1.74,,-4.2,12.04,3.74,12.29,,,7,,9.5,7.89,,-3.39,,4.08,7.62,,10.25,-5.58,1.44,10,,,,,,-7.8,4,10.98,-1,,,11.87,1,7,,6.43,1.27,,-1.6,,10.6,,-2.2,7,,8.28,,,,,,,-1.2,6,,,4,-3.4,6.5,-3.5,14.34,3.92,,6.08,35,37,4,2,72,0.4318073862,0.5948402046
Virginia,Duke,4.5,4.36,,5.84,,7.42,7.18,11.11,6.95,,,,,11,2.01,,10.17,,10.24,14.62,,19.95,11.12,10.69,18.61,,,,,,5.7,10.09,10.42,3.83,,,2.88,14,9,,13.52,17.38,,10.6,,6.8,,9.3,5.5,,9.84,,,,,,,10.3,20,,,10,6.6,5.5,4.5,21.62,9.35,,5.18,20,38,4,18,58,0.6344906432,0.7301535333
Virginia Tech,NC St.,6.5,6.35,,5.76,,7.72,7.98,5.89,6.57,,,10,,7.5,8.06,,13.67,,13.54,15.72,-23,22.15,17,15.69,22.16,,,,,,12,12.32,7.12,4.26,,,16.81,22,11,,12.61,23.21,,19,,10.9,,16.7,7,,25.25,,,,,,,17.2,33,,,11.7,9.7,7,15.5,5.2,12.32,,9.27,24,45,4,21,69,0.6491282105,0.7693051334
Air Force,Navy,-7,1.93,,3.55,,12.16,14.94,6.9,1.9,,,2,,,2.91,,10.51,,6.51,12.13,-6,16.35,2.12,,19.2,,,,,,1.5,6.2,7.89,0.93,,,9.61,9,2,,,9.24,,5.2,,1,,6.2,-5.5,,-5.29,,,,,,,3.2,12,,,-4.3,4.1,-7,7.5,6.21,14.64,,6.10,7,40,5,33,47,0.7865224884,0.6490659913
Alabama,Texas A&M,18,21.2,,13.74,,18.47,18.26,12.22,21.33,,,4,,17.5,21.58,,23.96,,16.77,18.18,7,23.75,16.34,9.63,21.57,,,,2,,21.6,17.84,17.33,20.66,,,19.47,24,18,,8.69,9.89,,12.4,,17.1,,11.8,18,,19.03,,,,,,,10.5,19,,,23,17.3,18,16.5,13.58,24.49,,5.75,24,52,5,28,76,0.4709604195,0.8397247168
BYU,Louisiana Tech,24.5,25.3,,16.12,,21.12,34.48,18.79,30.93,,,22,,8.5,29.97,,17.61,,21.31,25.76,26,26.55,24,24.31,28.48,,,,28,,4.8,22.5,24.6,18.18,,,21.88,15,22,,16.4,20.95,,23.8,,27.7,,23,24.5,,29,,,,,,,25.2,18,,,14.5,9.1,24,12,8.55,30.12,,7.24,14,45,5,31,59,0.4274672106,0.8890184294
Boston College,North Carolina,-14.5,-11.8,,-2.76,,-7.25,-3.57,0.94,-11.7,,,-2,,5.5,-13.41,,-9.48,,-7.09,-2.34,-9,-14.65,-8.35,-1.13,-9.78,,,,-1,,-2.8,-8.43,-4.13,-10.5,,,-9.03,-10,-13,,-4.42,-6.58,,-10.5,,-8.5,,-9.8,-13.5,,-15.66,,,,,,,-8.9,-20,,,-7.5,-11.2,-14,-2.5,10.18,-16.43,,6.10,26,22,5,-4,48,0.6684971099,0.338358052
Central Florida,Tulsa,21,23.83,,12.25,,25.22,16.37,19.85,26.04,,,21,,25,24.18,,15.37,,17.99,14.74,16,15.55,22.07,28.56,16.15,,,,-17,,11.6,19.38,16.62,21.86,,,19.54,21,-10.5,,19.98,20.84,,19,,15.4,,18.4,21,,19.22,,,,,,,15.7,20,,,25,15,21.5,7.5,19.58,16.07,,7.39,34,26,5,-8,60,0.4317556213,0.8478932452
Cincinnati,South Florida,21.5,30.32,,16.68,,21.71,19.64,28.31,34.23,,,19,,15.5,33.32,,27.6,,22.59,17.42,25,31.35,24.41,29.94,28.94,,,,21,,10.2,21.96,22.39,23.69,,,17.52,26,1,,21,23.21,,22.2,,19.8,,21.2,21.5,,20.13,,,,,,,20.4,27,,,17,19.6,22,0.5,29.27,27.67,,6.63,7,28,5,21,35,0.5252573614,0.9054051427
Clemson,Virginia,28.5,15.74,,18.05,,17.59,10.66,18.83,14.05,,,16,,25,14.38,,25.49,,21.21,21.18,11,24.75,23.12,15.06,25.34,,,,15,,26.4,21.23,16.95,20.42,,,30.1,30,28.5,,13.04,14.32,,23.7,,23.3,,21,27.5,,29.18,,,,,,,19.7,31,,,25,22.5,28,28,25.1,21.28,,5.63,23,41,5,18,64,0.3325782289,0.8960265353
Coastal Carolina,Arkansas St.,-3.5,-14.92,,-3.12,,1.81,-1.36,-5.87,-16.36,,,0.25,,-3,-18.53,,-9.86,,-5.31,-1.61,13,-5.15,-2.48,-4.69,-4.81,,,,-14,,-3.9,-4.73,-2.03,-11.37,,,1.67,-5,-3.5,,-1.72,-6.58,,-2,,1.6,,-3.5,-3.5,,-4.77,,,,,,,-2.4,-6,,,-2.9,-5.1,-3.5,-6.5,-8.96,-7.32,,5.82,23,52,5,29,75,0.4573757015,0.3767434174
Duke,Virginia Tech,-12.5,-8.82,,-3.69,,-11.61,-8.55,-10.91,-12.5,,,-16,,-9,-7.11,,-14.85,,-11.52,-9.01,-44,-14.75,-10.07,-15.38,-13.42,,,,-16,,-1.9,-11.5,-7.96,-6.72,,,-16.31,-8,-12.5,,-11.5,-16.42,,-13.9,,-11.5,,-11.2,-12.5,,-21.57,,,,,,,-10.9,-17,,,-7.6,-6.9,-11,-11.5,-14.86,-14.33,,6.99,38,31,5,-7,69,0.5225264928,0.2533095265
Florida,South Carolina,17.5,17.5,,10.8,,18.33,15.01,16.29,18.63,,,13,,16,15.74,,20.75,,18.16,19.42,32,23.05,15.49,20.25,22.71,,,,14,,14.2,17.78,18.42,18.1,,,18.07,22,-22,,16.79,23.26,,14.8,,17,,14.9,17.5,,25.02,,,,,,,13.3,24,,,22.5,17.1,18,14.5,24.78,21.63,,4.55,24,38,5,14,62,0.5159404325,0.8642704101
Florida Atlantic,Charlotte,6.5,20.45,,13.38,,19.7,14.56,10.81,20.17,,,8,,16,19.91,,20.83,,13.27,14.39,4,25.25,11.02,15.25,22.57,,,,,,18.1,14.39,14.18,21.29,,,12.95,22,-1,,12.66,0.77,,-4,,5.2,,-2.5,7.5,,9.73,,,,,,,-3.6,17,,,11.7,16.6,6.5,12.5,6.3,14.79,,7.61,17,21,5,4,38,0.6497073101,0.7744928146
Georgia,Auburn,7,1.51,,4.71,,9.7,4.68,-1.74,1.61,,,4,,7,1.93,,7.11,,5.11,7.13,5,4.25,10.07,4.19,5.43,,,,2,,3.5,4.69,4.39,0.95,,,2.54,9,7,,4.8,8.23,,5.8,,7.7,,4.9,6.5,,9.49,,,,,,,5.1,3,,,13.4,0.9,6.5,4,8.66,3.85,,3.15,6,27,5,21,33,0.4535143229,0.6239069485
Georgia St.,East Carolina,2,-4.6,,0.89,,9.82,7.15,4.44,-5.87,,,2,,7,-5.54,,7.04,,4.5,13.91,-8,6.65,1.95,3.25,5.69,,,,26,,4.3,4.49,8.87,-2.41,,,2,8,6,,5.12,14.21,,-0.2,,4.8,,-2.1,2,,-0.73,,,,,,,-1.5,7,,,2.5,8.9,2,8,1.78,4.54,,6.51,29,49,5,20,78,0.5579182259,0.6034348193
Iowa St.,Oklahoma,-7,-22.49,,-5.65,,-10.95,-10.15,-11.35,-24.92,,,0.25,,-7,-26,,-4.11,,-8.49,-7.14,-6,-4.45,-11.81,-10.19,-4.99,,,,-17,,-6.2,-7.01,-3.36,-15.53,,,-7.01,-5,-7.5,,-2.97,-9.18,,-4.4,,-8,,-4.8,-7,,-6.22,,,,,,,-4.1,1,,,-3.6,-5.1,-7,-10.5,-7.03,-8.57,,6.27,30,37,5,7,67,0.4652144828,0.3094311049
Kansas,Oklahoma St.,-22.5,-24.97,,-12.41,,-21.61,-22.05,-19.57,-29.17,,,-23,,-22.5,-23.67,,-22.04,,-21.89,-18.27,-27,-22.35,-27.05,-28.94,-22.67,,,,-23,,-15.7,-22.58,-18.65,-22.14,,,-20.94,-18,16,,-18.08,-24.66,,-26.4,,-22.9,,-24.5,-22.5,,-27.52,,,,,,,-25.1,-32,,,-23.5,-16,-21.5,-9.5,-8.67,-26.74,,5.33,47,7,5,-40,54,0.5145299034,0.0955608507
Kansas St.,Texas Tech,2.5,18.35,,6.86,,1.76,14.92,1.77,21.66,,,6,,13,21.41,,6.31,,10.26,13.8,-9,14.95,5.29,9.56,13.77,,,,-3,,8,9.58,11.06,12.24,,,8.04,12,2.5,,10.69,8.05,,9.4,,11.4,,9.7,4,,5.87,,,,,,,9.6,7,,,13.2,9.4,2.5,8.5,18.83,9.32,,6.18,21,31,5,10,52,0.6756517258,0.7265272769
Kentucky,Mississippi,6,5.93,,4.08,,11.55,5.17,11.58,6.33,,,12,,7.5,5.85,,3.52,,7.47,6.48,-1,7.35,6,10.94,8.23,,,,2,,0.8,6.49,6.38,5.6,,,4.54,10,7,,9.51,20.95,,9,,6.2,,9.5,6,,9,,,,,,,8,16,,,6.5,2.2,6,5,8.11,2.16,,4.20,42,41,5,-1,83,0.5356660011,0.6754137206
Louisiana-Monroe,Georgia Southern,-20,-14.22,,-5.6,,-9.88,-8.11,-16.39,-17.31,,,-14,,-12,-12.56,,-16.5,,-12.88,-12.23,-19,-19.95,-11.19,-9.5,-21.09,,,,-24,,-4.1,-13.15,-14.56,-13.55,,,-14.02,-10,-20,,-4.24,-5.01,,-20.2,,-16.8,,-18,-19,,-9.91,,,,,,,-17,-18,,,-12.1,-10.9,-20,3,-15.28,-12.75,,5.70,35,30,5,-5,65,0.6635359002,0.2225429247
Middle Tenn.,Western Kentucky,-7,-7.11,,-3.51,,-1.75,-8.44,-4.32,-9.79,,,-7,,-2.5,-9.87,,-3.12,,-7.56,-5.2,-7,-15.05,-8.7,-2.19,-15.49,,,,20,,-3.5,-7.21,-9.71,-1.81,,,-17.24,-7,1.5,,-2.57,-15.01,,-13.5,,-13.1,,-12.9,-7,,-6.69,,,,,,,-12.4,-11,,,-5,-7.3,-7,-1,-20.94,-12.32,,6.92,20,17,5,-3,37,0.4871026051,0.3312307568
Mississippi St.,Arkansas,17,22.8,,14.42,,33.46,19.3,19.06,25.37,,,15,,21.5,20.9,,22.8,,20.42,23.55,38,30.95,13.32,25.63,32.78,,,,14,,14.1,20.68,23.58,22.46,,,9.34,27,17,,20.47,13.96,,22.6,,16.4,,17.2,17.5,,17.74,,,,,,,18.5,23,,,17.5,22.3,17.5,9.5,23.22,20.45,,6.50,21,14,5,-7,35,0.5790221692,0.8830800054
North Texas,Southern Miss.,1.5,10.7,,2.63,,6.05,10.13,4.69,12.93,,,11,,10,10.17,,8.54,,4.94,3.96,17,1.15,-2.89,4.75,4.39,,,,46,,-3.6,4.17,8.99,9.17,,,1.94,3,1.5,,4.74,-3.93,,-3.5,,5.3,,-4.4,1.5,,-2.05,,,,,,,-4.8,-1,,,3,-2,1.5,0.01,3.49,9.34,,9.04,41,31,5,-10,72,0.5746834252,0.6065825106
Pittsburgh,NC St.,14,22.68,,11.04,,20.81,13.57,13.22,28.21,,,13,,13,26.73,,10.46,,15.43,11.43,22,19.85,11.75,18.94,17.24,,,,17,,8.2,13.79,13.75,13.66,,,10.24,17,14,,14.79,13.82,,12.7,,11.5,,14.4,14,,18.58,,,,,,,12.6,24,,,16,16,14,13,9.97,15.42,,4.84,30,29,5,-1,59,0.5343331301,0.8237520522
SMU,Memphis,0,-6.34,,-0.01,,-4.86,-3.06,-3.73,-6.75,,,1,,0.5,-7.29,,-2.2,,-3.59,-4.17,11,-6.15,1.98,-1.75,-4.66,,,,-15,,-6.8,-4.22,0.77,-5.27,,,-4.58,-1,-2.5,,-0.65,-6.36,,-4.9,,0.7,,-4.2,-0.5,,-4.23,,,,,,,-5.1,-1,,,1.8,-3.6,-2.5,-4.5,-6.18,-4.47,,4.19,27,30,5,3,57,0.4134550097,0.4134550097
Tennessee,Missouri,12.5,6.56,,2.56,,6.14,0.62,-1.85,7.09,,,18,,6,4.98,,-0.18,,7.78,9.83,26,5.65,6.24,5.38,6.45,,,,14,,2.8,6.51,6,7.65,,,5.43,3,12.5,,9.8,17.7,,11.9,,8.9,,12.2,12,,18.96,,,,,,,12.5,13,,,13.5,3.4,11.5,14,8.03,-1.8,,6.21,12,35,5,23,47,0.390935275,0.6759439143
Texas,TCU,12,16.48,,9.62,,13.68,12.01,15.06,19.98,,,22,,16.5,16.23,,10.24,,14.99,11.75,60,13.75,11.14,19.19,16.19,,,,68,,4.7,13.72,13.76,12.68,,,12.09,14,13,,14.17,17.6,,11,,13.4,,11.9,12,,20.7,,,,,,,11,18,,,17.5,9.2,11.5,7.5,-4.88,13.38,,12.96,33,31,5,-2,64,0.5580065545,0.767774453
UAB,Texas-San Antonio,20.5,18.31,,8.68,,14.09,15.22,18.89,19.1,,,12,,7,20.87,,24.4,,16.34,15.85,2,19.55,18.93,16.25,21.88,,,,4,,12.2,17.55,14.28,15.5,,,20.03,15,20.5,,11.63,19.13,,19.5,,18.3,,19.9,20,,24.12,,,,,,,19.5,21,,,14.5,10.9,20.5,10,17.23,17.87,,5.39,13,21,5,8,34,0.4020131658,0.8351365344
Vanderbilt,LSU,-21,-16.64,,-17.27,,-21.24,-13.3,-13.12,-13.75,,,-8,,-17,-17.64,,-29.62,,-21.33,-29.04,2,-30.65,-19.34,-20.31,-29.14,,,,2,,-28.8,-19.83,-16.8,-18.91,,,-17.14,-35,-21,,-14.16,-21.03,,-26,,-16.8,,-22.1,-21,,-35.44,,,,,,,-22.3,-27,,,-17,-33.8,-21,-22,-42.72,-14.3,,9.55,41,7,5,-34,48,0.4928931517,0.1247617032
West Va.,Baylor,-2.5,-5.06,,-2.95,,-2.49,-2.27,-0.57,-6.17,,,2,,-3,-4.95,,-9.65,,-4.62,-9,-9,-13.35,0.9,-4.13,-9.53,,,,7,,-4.7,-4.41,-7.65,-3.96,,,-1.2,-7,-3,,-3.9,-6.06,,-6.3,,-6.5,,-6.4,-2.5,,-9.77,,,,,,,-6.1,-1,,,-2.7,-12.8,-3,-1,-2.87,-3.82,,4.13,21,27,5,6,48,0.4485785331,0.3890963341
Auburn,Arkansas,13.5,16.35,,16.73,,21.5,13.99,16.38,11.33,,,14,,15.5,16.37,,23.44,,19.1,17.91,1,21.05,18.87,23.19,19.99,,,,-1,,16.9,18.29,15.71,20.72,,,17.92,30,18,,18.18,27.59,,22.4,,17.1,,18.4,14.5,,23.78,,,,,,,20.6,29,,,22,22.2,13.5,16,28.37,17.08,,6.35,28,30,6,2,58,0.6283639968,0.8680218471
BYU,Texas-San Antonio,35,35.52,,25.43,,26.71,30.49,29.99,37.17,,,23,,21.5,39.28,,30.8,,31.51,31.94,29,42.25,36.61,35.25,42.45,,,,34,,32.1,32.11,33.06,32.12,,,31.44,33,35,,24.32,26.71,,35.2,,33.3,,34.1,35,,35.77,,,,,,,34.9,29,,,24,23.4,35,21.5,30.21,34.98,,5.50,20,27,6,7,47,0.4177121972,0.9696517697
Boston College,Pittsburgh,-6,-2.05,,-0.91,,-3.4,1.31,-0.75,-0.19,,,-1,,-1,-2.23,,-0.19,,-0.99,7.87,-6,2.55,-6.02,-5.13,5.22,,,,2,,2,-0.96,0.62,-3.49,,,-0.69,1,-4,,0.14,-3.73,,0.01,,0.2,,-1.7,-5,,-4.56,,,,,,,0.01,-2,,,-7.4,-1.4,-6,-3,-3.38,-2.66,,3.00,30,31,6,1,61,0.621761062,0.475568478
Clemson,Miami (Fla.),14,15.26,,17.26,,19.52,8.92,20.21,13.16,,,15,,20.5,14.48,,24.33,,17.93,15.24,-1,21.95,11.87,9.19,24.19,,,,-2,,18.5,16.93,14.07,17.74,,,15.44,31,16,,9,22.61,,21.3,,13.9,,16.6,14,,32.7,,,,,,,18.4,34,,,15.5,22.9,14,14,29.75,13.02,,7.76,17,42,6,25,59,0.5879982254,0.8448656906
Florida Intl.,Middle Tenn.,4.5,6.45,,6.31,,6.76,10.83,8.66,10.94,,,12,,13,8.77,,12.8,,10.6,14.26,19,12.75,10.92,7.75,13.54,,,,22,,9.9,10.88,14.23,-0.19,,,11.91,11,6,,7.21,6.93,,16.1,,9.8,,14.7,5.5,,-1.7,,,,,,,15.6,7,,,5.5,5.2,4,-3,40.32,12.1,,7.34,31,28,6,-3,59,0.6363600255,0.7277485244
Georgia,Tennessee,12.5,18.49,,14.11,,26.14,16.31,12.45,19.07,,,6,,18.5,19.66,,21.76,,15.77,16.6,12,17.35,14.18,10.75,18.11,,,,26,,16.8,16.55,15.21,17.27,,,17.33,20,12.5,,8.48,3.28,,14.2,,16.7,,12.9,13,,11.99,,,,,,,14.2,12,,,16.5,15.7,12.5,6,22.38,19.8,,5.02,21,44,6,23,65,0.5778475704,0.8282103399
Georgia Tech,Louisville,-5,-14.12,,-3.35,,0.68,-7.34,-6.45,-13.95,,,-2,,-4,-15.79,,-7.19,,-7.99,-4.85,-16,-10.05,-2.86,-5.94,-6.3,,,,-16,,-6,-8.07,-8.22,-12.66,,,-8.14,-3,-5,,-4.4,-9.79,,-10,,-10.7,,-11.2,-5,,-7.97,,,,,,,-10,-9,,,-8,-9.9,-4.5,-2.5,-9.58,-11.02,,4.26,27,46,6,19,73,0.4278254554,0.313442585
Houston,Tulane,7,0.93,,-1.07,,-4.26,2.7,-0.62,1.2,,,10,,0.5,0.45,,2.58,,2.03,2.9,-8,-3.75,4.89,1.25,1,,,,,,5,1.3,-2.38,1.17,,,8.75,-2,4,,1.3,3.31,,8,,3.2,,6.9,6,,5.88,,,,,,,8.5,-1,,,3.1,-4.2,7,3,-3.8,3.47,,4.16,31,49,6,18,80,0.3810090117,0.5492203775
Iowa St.,Texas Tech,12.5,13.51,,7.45,,7.65,12.16,8.06,14.83,,,17,,18,13.3,,11.22,,13.02,12.65,6,15.25,12.42,16.63,12.46,,,,21,,7.4,12.55,13.13,12.34,,,9.65,11,12.5,,15.62,13.76,,11.5,,13.9,,12.3,12.5,,20.43,,,,,,,11.9,13,,,23.5,9.1,12.5,9.5,7.28,13.7,,4.06,15,31,6,16,46,0.5126584824,0.7865787806
Kentucky,Mississippi St.,2,-4.41,,-0.36,,-3.49,-2.24,1.62,-5.56,,,5,,-4,-3.92,,2.2,,1.47,-3.37,-14,4.05,2.86,-3,6.22,,,,-12,,-2.4,1.36,-2.12,-3.64,,,5.18,8,3,,1.11,20.45,,2,,2.3,,3.1,2,,12.28,,,,,,,2.6,16,,,0.6,-5.6,2,2.5,10.88,-2.75,,6.93,2,24,6,22,26,0.4877953752,0.5338152512
Liberty,Louisiana-Monroe,19.5,16.22,,7.17,,19.68,13.45,15.26,22.53,,,22,,23.5,13.76,,16.5,,17.16,25.25,24,17.95,17.63,13.13,25,,,,29,,14.9,17.5,20.48,12.79,,,14.48,18,22,,12.53,1.61,,17.4,,17.6,,17.9,19,,14.06,,,,,,,15,20,,,23.5,7.4,19.5,13,26.59,18.2,,5.98,7,40,6,33,47,0.4451420193,0.8441341902
Louisiana Tech,UTEP,15,17.77,,13.77,,13.18,13.63,18.75,14.52,,,10,,14.5,19.6,,19.31,,17.69,11.11,6,17.55,15.86,14,15.91,,,,18,,20.9,18.4,16.39,19.37,,,18.57,23,16,,11.53,19.11,,21.3,,19.2,,18.5,15,,25.86,,,,,,,20.1,19,,,24,18.3,14.5,18.5,25.85,14.58,,4.30,17,21,6,4,38,0.5649635518,0.8589566072
Mississippi,Alabama,-24,-18.65,,-13.15,,-24.21,-16.13,-21.82,-17.48,,,-16,,-27.5,-17.29,,-23.27,,-19.15,-16.56,-29,-17.95,-27.06,-15.19,-17.33,,,,-7,,-21.6,-18.58,-17.84,-21.71,,,-21.47,-20,-23,,-9.86,-24.25,,-18,,-20.6,,-18.7,-23,,-22.19,,,,,,,-16.3,-17,,,-25.5,-21.8,-24,-18.5,-16.05,-23.15,,4.75,63,48,6,-15,111,0.6151331134,0.1238807136
Missouri,LSU,-14.5,-13.81,,-19,,-20.13,-9.71,-11.86,-12.45,,,-8,,-20,-14.72,,-17.59,,-15.46,-13.05,-12,-23.55,-15.41,-15.19,-20.83,,,,7,,-15.9,-16.46,-18.25,-14.75,,,-16.79,-25,18,,-10.3,-16.46,,-21.9,,-12.6,,-19.9,-14.5,,26.68,,,,,,,-20.5,-23,,,-9.4,-27.3,20.5,,-39.35,-17.11,,10.46,41,45,6,4,86,0.4798617834,0.2080321676
Navy,Temple,-3.5,0.49,,6.2,,-2.58,-0.64,-8.42,0.01,,,-3,,-1,-0.86,,2,,1.02,2.16,-10,0.01,0.2,0.13,-4.58,,,,,,0.6,0.3,0.38,2.4,,,-3.8,9,-3.5,,4.05,2.57,,-0.9,,-0.1,,-2.1,-2.5,,8.6,,,,,,,0.3,5,,,3.1,8,-3.5,2,5.8,-1.29,,4.30,29,31,6,2,60,0.6082696261,0.5247245873
North Carolina,Virginia Tech,4,1.06,,3.58,,4.87,3.35,1.23,0.93,,,6,,1,1.13,,4.76,,3.18,8.01,2,8.45,1.92,2.13,6.04,,,,7,,3.6,3.59,4.97,1.12,,,-0.78,8,7,,4.62,-6.34,,1.8,,4.2,,3.1,4,,4.28,,,,,,,2.8,5,,,4.6,6.2,5,-1,-5.9,6.46,,3.35,45,56,6,11,101,0.4798451627,0.5776969125
North Texas,Charlotte,-3,2.02,,-0.13,,8.13,1.36,-7.02,-2.43,,,-1,,4,1.52,,1.97,,-2.34,-10.33,2,-12.25,-0.3,0.5,-12.65,,,,7,,-0.5,-2.07,-4.03,7.02,,,-3.71,-4,-4,,0.71,-6.99,,-8.2,,-3.8,,-7.1,-3,,-2.03,,,,,,,-7.6,-13,,,-2.1,-5.9,-3,6,-4.41,-0.26,,5.55,49,21,6,-28,70,0.515652152,0.4446703449
Notre Dame,Florida St.,21,30.19,,21.26,,30.1,26.47,32.49,34.03,,,21,,22.5,32.12,,30.75,,25.93,26.61,17,41.25,21.91,32.88,36.07,,,,23,,25.3,25.75,29.86,24.22,,,25.08,30,21,,23.18,21.86,,22.2,,29.6,,22.8,21.5,,26.19,,,,,,,21.7,35,,,13.6,20.6,20.5,9,8.36,30.33,,7.09,26,42,6,16,68,0.6116298512,0.9320812103
South Florida,East Carolina,4.5,3.56,,4.96,,12.22,8.58,6.01,4.58,,,3,,12,2.53,,5.34,,6.72,10.39,-1,7.55,6.51,7,7.07,,,,15,,7.3,6.29,6.23,3.6,,,2.13,9,2,,6.09,4.21,,2.7,,4.5,,1.7,4.5,,12,,,,,,,3.4,11,,,7.8,3,4.5,13.5,7.73,6.34,,3.70,44,24,6,-20,68,0.5541687475,0.6599342335
Syracuse,Duke,-1,-0.62,,4.77,,8.13,3.23,0.64,2.54,,,9,,8,-2.99,,-0.87,,2.8,7.33,7,7.65,2.81,4.06,6.23,,,,7,,1.3,2.68,4.34,-1.68,,,2.32,6,-1,,6.01,0.19,,0.2,,1.9,,0.3,-0.5,,-3.7,,,,,,,-1.3,6,,,-1.4,-2.7,-2.5,0.5,6.34,3.74,,3.67,38,24,6,-14,62,0.5922085601,0.5682236948
TCU,Kansas St.,8.5,6.42,,3.79,,8.32,6.24,2.22,6.2,,,4,,1.5,7.28,,3.84,,4.63,2.86,3,2.65,5.29,4.56,3.3,,,,18,,4.3,4.15,4.68,5.75,,,9.35,4,10,,3.95,0.21,,1.4,,6.9,,0.2,7.5,,6.98,,,,,,,1.4,5,,,6.8,-0.3,8.5,2.5,-1.57,9.32,,3.54,21,14,6,-7,35,0.4059663402,0.6120474685
Texas,Oklahoma,-2.5,3.15,,0.35,,-0.99,2,0.28,6.44,,,6,,0.5,2.43,,0.41,,1.17,2,15,2.7,-2.33,1.75,3.88,,,,16,,-3,1.1,2.54,-0.9,,,6.04,0.01,-2,,2.04,-6.16,,-0.8,,1.7,,-1.8,-1.5,,1.8,,,,,,,-0.7,7,,,-3.1,0.2,-2.5,-12.5,-0.14,3.02,,5.03,53,45,6,-8,98,0.5872186273,0.5280076318
Texas A&M,Florida,-6.5,-14.82,,-3.28,,-8.35,-8.52,-3.92,-17.7,,,-5,,-7.5,-16.31,,-7.66,,-8.22,-10.79,-19,-13.35,-2.01,-4.5,-11.47,,,,-26,,-4.5,-7.5,-10.3,-9.89,,,-7.45,-7,-7,,-2.61,3.25,,-7.5,,-7.1,,-6.1,-6.5,,-8.8,,,,,,,-6.8,-7,,,-4.4,-8.5,-6.5,-4.5,-7.73,-11.28,,5.49,38,41,6,3,79,0.4592174838,0.3122785141
Troy St.,Texas St.,7.5,8.24,,4.14,,10.2,6.46,3.99,9.29,,,7,,12.5,6.45,,7.79,,7.79,8.31,-1,1.55,11.13,10.06,2.66,,,,11,,9.3,8.02,6.38,9.01,,,8.97,11,7.5,,7.58,6.76,,9.5,,8.7,,8.4,7.5,,4.22,,,,,,,7.7,6,,,13.9,0.7,7.5,11.5,7.78,6.55,,3.32,17,37,6,20,54,0.5071330902,0.6844999013
Vanderbilt,South Carolina,-13.5,-14.12,,-4.95,,-9.67,-6.73,-1.34,-14.73,,,-6,,-5.5,-15.89,,-10.22,,-9.2,-5.41,-14,-8.05,-4.64,-5.13,-8.58,,,,-34,,-4.3,-8.32,-7.99,-11.73,,,-11.69,-6,-12,,-4.85,3.04,,-14.6,,-12.3,,-12.5,-13,,-15.52,,,,,,,-14.1,-9,,,-7,-10,-13.5,-6,-4.61,-8.83,,6.11,41,7,6,-34,48,0.599780215,0.2943131051
Virginia,NC St.,8,5.89,,8.18,,11.19,9.89,13.28,5.68,,,4,,5,6.85,,16.44,,11.01,14.18,-2,18.95,11.97,12.06,18.55,,,,-4,,10.6,11.14,9.53,5.24,,,4.41,19,8,,10.77,17.86,,13.9,,9.2,,13.8,8.5,,16.13,,,,,,,13.9,23,,,3.3,17.3,9,5,12.14,11.08,,6.06,38,21,6,-17,59,0.5702953913,0.7414731535
Western Kentucky,Marshall,-7,-20.55,,-3.99,,-12.03,-13.7,-10.89,-25.64,,,-8,,-8,-22.4,,-3.64,,-8.83,-13.26,-18,-14.15,-5.16,-11.56,-10.54,,,,-26,,-0.8,-8,-13.35,-14.74,,,-11.19,-3,-2,,-6.94,1.84,,-4.2,,-7.6,,-4.1,-7,,-2.05,,,,,,,-5.3,-8,,,-3.3,-3.4,-7,10,0.63,-15.12,,7.83,38,14,6,-24,52,0.4588300421,0.308949389
Alabama,Georgia,4.5,-9.97,,4.99,,-12.96,-3.43,4.89,-10.81,,,-1,,2,-10.8,,5.19,,1.72,0.68,-4,1.55,7.01,4.19,2.93,,,,-10,,8.5,3,2.57,-8.51,,,3.65,10,5,,3.52,10.16,,1.6,,2.4,,3,4.5,,6.1,,,,,,,0.7,10,,5.69,8.7,5.3,4,12.5,-3.81,3.73,,6.68,24,41,7,17,65,0.4358794721,0.5397779206
Arkansas,Mississippi,-1.5,7.04,,-1.11,,13.29,4.16,-0.85,8.69,,,-0.25,,-2.5,6.84,,-10.55,,-1.34,6.71,2,-3.95,-1.27,-5.06,-2.3,,,,5,,-0.6,-1.28,-0.19,5.66,,,2.53,-7,-2,,0.24,-7.05,,-6.3,,-1.7,,-2.6,-1.5,,-10.61,,,,,,,-4.5,-6,,-11.19,-3.3,-6.2,-2.5,1.5,-12.23,-1.28,,5.90,21,33,7,12,54,0.5037686484,0.4684699971
Arkansas St.,Georgia St.,3,-8.81,,3.78,,-9.25,-1.48,0.49,-8.49,,,6,,10.5,-10.42,,5.63,,2.08,4.84,-9,1.95,5.07,4.94,5.56,,,,-5,,3,3,2.39,-7.6,,,0.29,7,3,,3.87,3.55,,1.8,,-1.9,,3.6,3,,5.73,,,,,,,2.1,6,,1.9,10,0.9,3,10,12.24,2.54,,5.94,52,59,7,7,111,0.4783584245,0.5488302328
East Carolina,Navy,-2.5,7.26,,-6.03,,10.41,3.15,6.61,5.57,,,0.25,,-9.5,9.3,,-7.18,,-2.65,-2.81,6,-0.35,-0.79,-6.88,1.39,,,,-11,,-3.2,-2.37,-2.37,6.88,,,3.98,-9,-3,,-3.36,-7.04,,-1,,1,,-0.01,-2.5,,-14.11,,,,,,,-1.6,-4,,-16.27,-4.1,-11.7,-3,-10,-16.26,0.11,,7.04,27,23,7,-4,50,0.4965538247,0.439352321
Florida St.,North Carolina,-13.5,-28.68,,-6.13,,-27.07,-17.46,-17.75,-32.67,,,-20,,-11.5,-27.82,,-10.83,,-15.56,-17.79,-25,-18.05,-7.16,-18.25,-16.38,,,,-29,,-7.3,-15.4,-16.71,-25.98,,,-9.35,-12,-8,,-14.7,-4.86,,-11.6,,-15.4,,-12.2,-13.5,,-19.17,,,,,,,-10.1,-18,,-13.8,-6.6,-12.6,-13.5,-2.5,-7.27,-17.83,,7.75,28,31,7,3,59,0.4535817783,0.1891982323
Georgia Southern,Massachusetts,31,19.4,,11.64,,22.01,14.94,,19.27,,,25,,,18.69,,37.27,,25.28,26.77,14,36.95,31.79,,34.68,,,,,,27.3,23.74,20.95,20.22,,,23.46,37,30,,,23.98,,32.9,,,,23.5,30.5,,35.43,,,,,,,30.1,6,,39.41,17.5,,31,18.5,33.09,20.1,,8.84,0,41,7,41,41,0.3764614702,0.9179220076
Georgia Tech,Clemson,-27,-33.51,,-21.85,,-29.46,-23.53,-31.14,-33.17,,,-22,,-30,-33.99,,-38.79,,-29.62,-28.86,-28,-33.25,-25.29,-29,-32.07,,,,-29,,-27.7,-30,-28.98,-33.45,,,-26.08,-33,-27,,-16.07,-22.88,,-31.7,,-30.7,,-29.1,-27.5,,-31.5,,,,,,,-27.2,-32,,-39.59,-27.5,-35.2,-27,-18,-39.18,-32.09,,5.47,73,7,7,-66,80,0.4380055782,0.0388704357
Houston,BYU,-4.5,-10.93,,-9.16,,-11.82,-6.89,-9.05,-12.39,,,-10,,-15,-12.25,,-2.64,,-6.86,-11.64,-19,-3.75,-2.74,-18.25,-8.14,,,,-9,,-5.3,-6.2,-10.13,-8.1,,,-0.79,-4,-4,,-4.54,-4.87,,-1.5,,-4.5,,-1.2,-4.5,,-5.64,,,,,,,-0.2,-4,,-11.14,-2.5,-6.2,-5,0.01,-0.96,-10.93,,4.59,43,26,7,-17,69,0.4432215501,0.3390319071
Louisiana Tech,Marshall,-13.5,-27.86,,-6.83,,-22.6,-16.35,-6.06,-28.55,,,-11,,-4,-28.93,,-9.05,,-12.41,-15.61,-11,-14.35,-15.86,-7.69,-11.01,,,,-4,,-8.1,-13.2,-13.44,-26.29,,,-13.2,-7,-13,,-6.38,-12.67,,-14.4,,-13.2,,-14.1,-13.5,,-15.86,,,,,,,-15.5,-14,,-2.51,-5.5,-7.6,-13.5,6,-2.44,-18.31,,7.80,35,17,7,-18,52,0.5245684382,0.2414653427
Louisiana-Lafayette,Coastal Carolina,9,1.85,,9.12,,-4.17,4.55,5.5,2.93,,,11,,14.5,0.4,,10.11,,9.52,-1.27,-6,6.15,11.18,13.38,5.79,,,,21,,9.4,9.4,8.49,2.35,,,7.51,18,8,,10.29,15.13,,9.1,,8.2,,8.9,9,,14.05,,,,,,,10,19,,19.74,15,13.6,9,11,13.56,7.73,,6.31,30,27,7,-3,57,0.5121419412,0.7113342417
Memphis,Central Florida,-3,-9.57,,-0.97,,-1.32,-1.16,-0.26,-9.08,,,1,,1.5,-10.37,,0.35,,-0.71,5.44,-2,5.35,-5.13,-4.13,5.58,,,,3,,4.2,-0.14,-0.14,-9.34,,,-8.07,4,-3,,1.3,4.15,,-2.3,,-5.5,,-1.9,-2.5,,-5.83,,,,,,,-0.5,4,,3.82,1.2,0.5,-3.5,3,2.52,-0.34,,4.56,49,50,7,1,99,0.5551331375,0.4828568211
Miami (Fla.),Pittsburgh,13.5,5.5,,3.77,,-1.88,8.71,5.81,6.97,,,5,,9,4.66,,12.08,,7.73,15.96,7,10.95,9.99,10.13,13,,,,14,,10.6,8,8.4,4.84,,,8.63,7,11,,10.75,-0.73,,7.3,,11.1,,8,12.5,,-3.38,,,,,,,6.9,8,,6.96,8.8,5.5,13.5,7,10.3,10.81,,4.07,19,31,7,12,50,0.3623802048,0.681432839
Middle Tenn.,North Texas,6.5,5.41,,4.12,,1.18,2.46,2.2,7.84,,,2,,2.5,4.48,,11.79,,5.75,14.29,-6,9.65,4.27,0.88,10.05,,,,-1,,4.6,4.29,3.7,4.08,,,1.1,8,6.5,,4.29,3.34,,10.2,,2.2,,9.7,6.5,,10.72,,,,,,,9.5,13,,9.26,4.2,6,6.5,9,4.09,2.33,,4.24,52,35,7,-17,87,0.4817966215,0.6368098635
Mississippi St.,Texas A&M,-5,2.34,,0.91,,-2.29,0.92,-4.53,-0.95,,,-8,,-6,4.72,,0.9,,-3.78,0.39,-13,-3.15,-5.87,-0.75,-5.27,,,,-13,,1,-3.2,-2.36,3.22,,,-5.01,-3,-5.5,,-5.95,-17.06,,-3.2,,-4.9,,-4.8,-5,,-10.2,,,,,,,-4.2,-8,,-5.47,-4.2,-1.1,-6,-1,-13.88,-2.64,,4.97,28,14,7,-14,42,0.5292337472,0.410116358
NC St.,Duke,4.5,13.36,,3.13,,13.68,9.93,13.21,15.77,,,18,,14.5,12.37,,3.99,,7.75,10.08,14,6.65,5.82,12.31,8.27,,,,17,,4.4,7.91,8.94,12.18,,,5.74,2,5,,12.58,2.66,,2.5,,7.4,,1.5,4.5,,-0.17,,,,,,,1.3,4,,-4.47,8.6,-1.2,4.5,4,13.34,7.91,,5.63,20,31,7,11,51,0.5765060089,0.6772930033
Notre Dame,Louisville,17,22.59,,17.24,,30.76,21.37,25.31,26.52,,,24,,24.5,20.35,,25.94,,21.41,22,17,30.75,18.78,24.06,30.48,,,,24,,21.2,21.37,22.48,20.61,,,16.35,27,14,,20.99,12.16,,18,,20.5,,15.9,17.5,,17.03,,,,,,,16.8,28,,23.22,17.5,17.8,17,7,14.53,23.53,,5.25,7,12,7,5,19,0.6040170467,0.8998180169
South Alabama,Texas St.,3,-4.82,,0.34,,1.08,-2.8,2.12,-3.43,,,2,,1,-6.14,,3.23,,0.63,-0.77,-6,-0.45,3.23,1.38,-5.37,,,,2,,2.2,1.1,-1.3,-4.9,,,4.15,2,3,,3.52,1.84,,5.2,,1.1,,4.8,3,,-1.44,,,,,,,4.5,-1,,2.12,0.6,-1.1,2.5,2,7,-1.99,,3.30,20,30,7,10,50,0.4418926214,0.5154973901
South Carolina,Auburn,-3,-10.04,,-3.11,,14.43,-2.54,-1.27,-11.8,,,-3,,-6.5,-8.34,,-6.4,,-4.96,-2.09,-4,1.15,1.08,-13.38,-3.44,,,,-17,,-4.6,-4.6,-3.79,-9.92,,,-5.74,0.01,-3,,-6.03,-10.67,,-2.6,,-3.3,,-3.2,-3,,-11.36,,,,,,,-2.5,3,,-8.07,-5.4,-9.5,-3,-4,-8.96,-4.66,,5.28,22,30,7,8,52,0.4533674749,0.3834313313
Syracuse,Liberty,-2.5,8.18,,12.22,,-22.38,6.66,-2.65,4.14,,,-2,,-6,10.47,,6.81,,2.94,-0.01,-15,4.75,4.09,6.44,1.57,,,,-2,,5,4.14,5.2,10,,,5.46,6,-3,,-0.68,15.71,,3.8,,5.4,,3,-1.5,,2.72,,,,,,,4.3,8,,-0.92,-3.1,1.1,-3.5,-2,-5.53,9.24,,7.36,38,21,7,-17,59,0.6220567405,0.56671471
Temple,South Florida,11.5,7.23,,9.93,,5.59,11.79,12.06,8.51,,,13,,12.5,9.3,,16.49,,11.45,17.14,6,15.35,15.14,11.75,19.38,,,,-1,,14.5,11,13.13,3.85,,,8.59,17,10,,9.66,13.18,,10,,11,,10.7,11.5,,9.39,,,,,,,8.7,11,,10.94,13.2,10,11,8.5,21.17,12.01,,4.29,37,39,7,2,76,0.4987870589,0.7568641528
Tennessee,Kentucky,6.5,8.67,,3.49,,-0.2,7.8,1.52,9.7,,,11,,7,8.25,,0.7,,5.11,7.71,9,-0.65,5.81,14.31,0.58,,,,21,,4.5,4.87,7.06,8.11,,,5.1,0.01,7,,8.98,4.87,,0.3,,5.6,,0.5,6.5,,1.95,,,,,,,0.9,1,,3.37,6.8,1.3,6,7.5,-0.67,4.85,,4.42,34,7,7,-27,41,0.4663902221,0.6217506556
Texas-San Antonio,Army,-7.5,-2.95,,-9.61,,-8.81,-1.32,-17.95,-2.05,,,-2,,-4.5,-3.15,,-20.5,,-6.71,-3.76,-8,-2.55,-15.93,-15,-3.6,,,,3,,-10.5,-5.55,-4.48,-3.68,,,-5.55,-9,-6,,-2.6,-3.46,,-10.7,,-6.1,,-12.1,-7.5,,-0.16,,,,,,,-10.7,-6,,-10.33,-4.1,-10.3,-7.5,-0.5,-7.07,-6.87,,5.06,28,16,7,-12,44,0.5189075566,0.3435838439
Tulane,SMU,-7,-12.01,,-0.01,,-8.08,-5.99,-6.98,-14.72,,,-10,,-11,-10.82,,1.38,,-5.38,-8.1,-11,-3.95,-2.17,-6,-6.6,,,,-8,,-0.8,-5.6,-5.71,-10.58,,,-3.13,0.01,-9,,-6.27,-1.49,,-5.5,,-1.9,,-4.8,-7,,-5.28,,,,,,,-4.5,-2,,-2.59,-3.4,-5.6,-6.5,0.5,-5.94,-6.21,,3.99,37,34,7,-3,71,0.5394198593,0.3711966276
UAB,Western Kentucky,13.5,14.12,,4.9,,20.39,15.74,17.27,16.96,,,15,,11,12.84,,12.97,,10.09,17.81,16,9.25,10.84,11.31,10.89,,,,24,,8,11.31,11.94,12.61,,,12.36,3,15,,11.36,-0.18,,3.4,,12.4,,3.8,13.5,,5.66,,,,,,,4.1,10,,-2.86,13.1,0.3,13.5,0.01,7.19,11.73,,6.20,14,37,7,23,51,0.4207023209,0.7231002076
Virginia Tech,Boston College,13,6.22,,5.64,,2.07,6.5,1.83,5.78,,,6,,3.5,6.31,,6.97,,9.01,7.32,3,7.15,14.02,14.69,8.74,,,,8,,7.1,8,6.89,6.52,,,11.34,14,11,,8.95,18.88,,12.4,,9,,10.9,12,,12.78,,,,,,,10.7,18,,10.17,15,6.2,12,11,4.64,10.07,,4.09,14,40,7,26,54,0.4038434414,0.7087229573
Wake Forest,Virginia,-2.5,5.74,,2.24,,4.67,5,-2.87,6.01,,,-0.25,,1,5.89,,-1,,1.15,2.25,6,0.25,4.2,-6.44,3.12,,,,5,,0.8,2.24,2.92,5.32,,,5.82,3,-1,,0.21,-5.69,,-5.5,,6.2,,-4.5,-2,,-3.8,,,,,,,-5.1,-1,,-4.26,-0.4,-3.1,-2.5,5,6.05,3.55,,3.88,23,40,7,17,63,0.5883758285,0.5280530138
West Va.,Kansas,23,29.21,,16.33,,47.88,24.45,28.38,31.05,,,22,,19.5,28.83,,19.45,,23.64,24.56,29,29.55,27.08,30.75,30.6,,,,22,,21.3,22.4,21.79,27.78,,,23.26,25,27,,19.26,15.65,,22.2,,22.4,,20.5,23,,18.42,,,,,,,20.3,29,,17.57,23.5,14.3,22.5,14,13.85,25.83,,6.55,17,38,7,21,55,0.5148639059,0.9156737541
Appalachian St.,Arkansas St.,14,13.46,,7.85,,19.21,10.02,9.28,11.43,,,10,,7.5,14.67,,14.1,,11.47,2.21,4,10.55,13.29,13.31,11.61,,,,3,,12.2,11.5,7.95,14.23,,,13.27,19,12,,12.42,8.61,,11,,14,,8,14,,12.35,,,,,,,10.3,19,,19.36,3.4,13.6,14,11.5,9.41,10.37,,4.31,17,45,8,28,62,0.4388783157,0.7572016335
BYU,Texas St.,28.5,42.89,,23.18,,26.09,31.03,27.92,47.13,,,36,,31.5,41.16,,29.86,,32.61,30.29,32,36.85,27.77,53.88,37.76,,,,46,,30.1,31.03,30.7,40.54,,,29.04,30,30,,36.31,23.34,,33.6,,31.7,,30.8,29,,28.53,,,,,,,32.1,32,,30.58,24.5,19.1,28.5,21.5,33.71,33.86,,6.49,14,52,8,38,66,0.5947031109,0.9713841192
Boise St.,Utah St.,16.5,13.2,,6.47,,13.28,12.18,5.12,13.12,,,12,,14,13.26,,9.43,,15.01,14.91,-1,19.55,14.47,14.69,18.09,,,,,,14.3,14.8,8.62,13.24,,,17.32,16,15,,17.77,11.44,,16,,22.9,,16.1,16.5,,18.51,,,,,,,15.8,17,,19.68,17,13.5,16.5,19.5,23.88,17.96,,5.04,13,42,8,29,55,0.4643579663,0.8162615593
Boston College,Georgia Tech,3.5,14.43,,6.8,,14.34,15.32,10.95,12.01,,,11,,9.5,16.25,,8.05,,10.15,8.06,11,12.35,4.59,15.88,10.15,,,,15,,7.2,10.15,12.42,14.99,,,6.9,11,2,,12.98,6.88,,9.2,,11.5,,8.7,5,,1.6,,,,,,,8.1,12,,10.19,6.9,7.8,3.5,3.5,9.7,9.16,,3.42,27,48,8,21,75,0.6589238554,0.7340370856
Central Florida,Tulane,19.5,12.38,,8.81,,13.37,14.41,8.5,12.59,,,12,,11,12.24,,13.26,,13.46,15.17,1,10.85,17.22,20.88,11.57,,,,7,,10.7,13.26,10.81,12.37,,,19.21,13,20,,16.2,14.63,,16.9,,13.8,,15.7,18,,19.52,,,,,,,15.1,16,,12.15,15,11.4,19.5,13.5,8.68,15.28,,3.56,34,51,8,17,85,0.3552206229,0.7959812704
Charlotte,UTEP,14.5,21.95,,13.83,,14.29,16.14,14.82,19.88,,,10,,5,24.06,,21.25,,17.7,14.83,2,18.55,16.65,14.13,15.45,,,,14,,17.2,17.6,16.83,21.97,,,21.16,21,14,,11.36,25.59,,20.4,,21.2,,17.6,15,,25.01,,,,,,,20,22,,18.52,17.5,17.3,14.5,10,21.25,18.83,,5.16,28,38,8,10,66,0.5760126441,0.8555091728
Clemson,Syracuse,46,49.94,,28.88,,43.07,34.04,44.3,53.14,,,34,,38,48.78,,40.44,,42.87,42.6,36,52.65,40.6,50.5,51.76,,,,42,,38.4,43.07,41.97,47.96,,,43.58,46,45,,36.02,32.63,,45.7,,43.6,,42.2,46,,49.09,,,,,,,42.4,52,,45.8,36.5,37.4,46,33.5,47.58,43.4,,6.56,21,47,8,26,68,0.4276983529,0.9937199939
Coastal Carolina,Georgia Southern,5.5,24.67,,2.77,,5.21,18.8,9.88,27.81,,,12,,6,24.31,,-0.91,,10.31,27.47,7,12.75,4.4,12.69,17.05,,,,24,,2.8,9.8,13.02,22.34,,,10.93,4,4,,13.97,-1.05,,5.9,,11,,5.5,5.5,,5.19,,,,,,,6.1,6,,-1.97,0.7,-0.5,5.5,3,9.8,15.28,,8.58,14,28,8,14,42,0.6050925891,0.7161151422
Fresno St.,Hawaii,4,4.93,,5.78,,11.51,8.59,,4.89,,,4,,3.5,4.94,,5.81,,2.99,-3.24,-1,-5.55,7.55,11.94,-6.74,,,,,,4.8,4,0.79,4.95,,,7.4,6,8,,3.01,-5.3,,1.7,,4.6,,1.5,4,,-3.42,,,,,,,1,4,,-0.14,9.8,1.3,4,-1.5,-11.58,11.94,,5.26,34,19,8,-15,53,0.4759210311,0.5709484352
Indiana,Penn St.,-6,-13.29,,-6.15,,-9.53,-10.59,-9.11,-13.2,,,-3,,-13.5,-13.4,,-13.78,,-9.3,-9.18,-1,-11.05,-12.33,-16.25,-11.05,,,,,,-9.7,-9.62,-9.38,-13.29,,,-7.72,-10,-7.5,,-7.57,0.98,,-9,,-10.3,,-9,-7,,-8.59,,,,,,,-10.8,-7,,-8.02,-3.8,-14.3,-6,-7,8.27,-14.44,,4.71,35,36,8,1,71,0.4210222852,0.2871928523
Kansas St.,Kansas,20,13.77,,17.98,,27.02,18.33,24.78,16.45,,,22,,25,12.11,,22.76,,23.13,20.59,26,30.25,25.5,47.31,29.9,,,,14,,24.5,24,23.06,12.83,,,25.11,29,17,,30.44,18.78,,27.9,,22.2,,25.5,20.5,,16.18,,,,,,,26.2,30,,24,23,21.5,20,12.5,25.05,24.2,,5.37,14,55,8,41,69,0.574087489,0.9162588278
LSU,South Carolina,6,-7.47,,12.57,,13.02,-3.18,2.89,-11.1,,,-2,,5.5,-6.19,,16.13,,7.92,-4.98,-5,10.15,14.35,8.94,9.25,,,,-14,,10.4,8.94,5.79,-4.81,,,7.95,24,7,,5.58,26.35,,9.7,,5,,8.5,6,,15.27,,,,,,,7.2,16,,24.5,9.3,19,6,18.5,22.1,3.01,,10.27,24,52,8,28,76,0.5404428822,0.6623524101
Liberty,Southern Miss.,11,12.97,,6.97,,8.92,15.7,17.69,15.47,,,19,,19,11.92,,12.58,,13.05,16.06,17,17.45,9.73,26.94,16.48,,,,19,,10.7,12.7,15.67,11.62,,,7.7,15,11,,18.51,-0.3,,12.2,,12.3,,12.7,11,,3.28,,,,,,,10.3,15,,7.88,6.8,8.4,11,8.5,20,14.68,,4.83,35,56,8,21,91,0.5491662646,0.7842227284
Louisville,Florida St.,5,5.07,,3.14,,1.37,6.14,3.47,-1.24,,,1,,0.01,9.14,,3.45,,3.67,1.78,-5,2.25,6.37,2.75,0.66,,,,-4,,3,3.47,4.17,7.88,,,6.8,4,9,,1.41,12.53,,4.4,,6.7,,7,5,,1.28,,,,,,,5.7,4,,5.84,0.7,2.3,5,5,-0.41,4.69,,3.46,16,48,8,32,64,0.4673808217,0.5893494606
Marshall,Florida Atlantic,17,12.4,,3.75,,9.04,14.43,13.51,15.52,,,16,,12,14.53,,1.02,,10.37,14.81,14,4.85,17.67,24.06,3.84,,,,7,,5.9,10.6,10.6,6.55,,,8.73,3,13,,11.98,14,,21.3,,13.8,,20.6,16,,7.15,,,,,,,22,9,,-5.65,7.5,-1.4,17,0.01,9.95,13.52,,6.46,9,20,8,11,29,0.3494312127,0.7274381711
Memphis,Temple,13.5,26.12,,9.64,,13.39,18.37,15.34,26.9,,,16,,14,26.64,,17.18,,17.44,16.77,2,22.35,9.98,24.38,18.38,,,,29,,13.5,16.24,16.24,24.85,,,17.51,20,13,,20.51,14.45,,15.9,,16,,14.5,14,,14.81,,,,,,,15.4,21,,18.42,7.9,14.9,13.5,3.5,14.34,22.12,,6.08,29,41,8,12,70,0.5916514714,0.8475583305
Miami (Fla.),Virginia,12.5,13.15,,6.68,,10.25,13.94,14.29,16.99,,,18,,17,10.98,,9.8,,12.49,19.39,20,12.95,13.78,24.44,15.78,,,,25,,12.6,12.95,12.16,11.23,,,13.88,7,10,,18.46,-4.37,,9,,13.9,,10.7,12.5,,1.76,,,,,,,8.2,10,,2.7,21,4.7,12.5,16.5,9.29,16.12,,5.88,14,19,8,5,33,0.4997643165,0.7697041421
Michigan St.,Rutgers,13.5,21.56,,15.47,,31.59,19.5,11.87,21.41,,,3,,17,21.68,,26.5,,18.2,21.34,-1,20.05,22.21,34,19.63,,,,,,23.7,18.91,18.46,21.61,,,3.48,21,14,,18.79,12.67,,11,,10,,9.8,14,,6.8,,,,,,,8.5,13,,18.92,22.5,18.8,13.5,14.5,39.47,18.89,,7.96,38,27,8,-11,65,0.6043656756,0.8472871247
Minnesota,Michigan,-3,-4.28,,-2.47,,-3.61,-2.23,-0.15,-4.24,,,4,,-4,-4.33,,-0.36,,-0.95,-1.93,-1,-2.05,-3.89,-5.25,-1.6,,,,,,-4.4,-1.35,-1.1,-4.26,,,-0.58,-4,1.5,,1.72,4.39,,2.2,,-0.2,,3.6,-3,,2.89,,,,,,,1.9,5,,-0.81,-2.4,-0.01,-3,1.5,2.24,-3.41,,2.84,49,24,8,-25,73,0.5505745835,0.4765134496
Mississippi,Auburn,-3,-4.59,,-5.56,,-12.46,-3.81,-0.84,-5.56,,,-4,,-5,-3.48,,-6.45,,-5.38,-1.58,-6,-1.85,-4.89,-8.63,-3.41,,,,-3,,-3.4,-4.66,-5.3,-4.66,,,-9.23,-4,-6,,-8.38,-10.83,,-6.1,,-4.5,,-6.1,-3,,-4.01,,,,,,,-6.6,-4,,-7.26,-3.8,-9.3,-3,-7,-4.4,-4.31,,2.45,35,28,8,-7,63,0.4411056927,0.3688385876
Missouri,Kentucky,-5.5,-10.99,,,,-6.49,-5.81,-8.55,-12.85,,,-5,,-2.5,-10.56,,0.37,,-6.45,-8.42,1,-9.55,1.11,-8.5,-6.03,,,,,,-1.2,-7.3,-3.13,-9.67,,,-3.65,-2,-6,,-4.3,-9.84,,-9.3,,-8.1,,-9.3,-5.5,,-11.94,,,,,,,-9.2,-11,,,-3.3,-0.01,-5.5,-3,-7.3,,,4.10,10,20,8,10,30,0.4768981006,0.3470179497
Navy,Houston,-14,-19.99,,2.85,,2.96,-13.08,-14.08,-16.78,,,-5,,4.5,-23.08,,0.01,,-4.72,-2.49,-7,-6.85,-6.41,-6.5,-7.03,,,,-7,,-4.6,-5.52,-2.53,-20.08,,,-11.6,5,-11,,-0.91,3.25,,-6.4,,-9.4,,-6,-13,,-5.52,,,,,,,-6.4,1,,10.37,-3.3,5.1,-14,7,9.19,-11.55,,8.29,37,21,8,-16,58,0.6978144225,0.3960714278
Nevada,Wyoming,-4.5,-5.61,,-4.14,,-3.97,-3.76,-2.49,-5.57,,,5,,-2,-5.66,,-10.05,,-4.91,-7.13,-1,-10.85,2.6,-6.75,-8.02,,,,,,-6.9,-5.49,-5.33,-5.6,,,-3.71,-8,-2,,-4.41,1.84,,-5.2,,-6.8,,-5.4,-4.5,,-11.95,,,,,,,-4.4,-4,,-11.59,-2.1,-11.8,-4.5,-10,15.5,-8.81,,5.25,34,37,8,3,71,0.4902187599,0.3845139734
North Carolina,NC St.,15,-0.92,,5.43,,6.67,7.18,3.63,-2.46,,,5,,0.5,-0.41,,11.68,,7.91,4.65,6,6.45,12.46,4.13,3.09,,,,4,,7.7,7.18,5.42,-0.14,,,7.11,17,18,,8.93,12.96,,12.6,,7.4,,12,14,,17.33,,,,,,,12.2,17,,18.6,21.5,15.1,15,12,-6.9,7.84,,6.41,21,48,8,27,69,0.3393775166,0.6779819014
Northwestern,Maryland,11,5.9,,5,,9.68,7.36,11.34,5.85,,,12,,6.5,5.91,,3.75,,9.43,8.04,-1,15.85,12.98,17.38,14.35,,,,,,8.5,9.83,4.67,5.92,,,15.69,13,8,,12.12,14.26,,14.6,,7.4,,10.5,11,,18.78,,,,,,,10.5,18,,9.97,7.8,10.1,11,8,-16.45,5.22,,6.21,3,43,8,40,46,0.4633079754,0.7099390138
Ohio St.,Nebraska,26,30.05,,17.69,,37.08,24.87,24.37,29.84,,,24,,32,30.21,,35.92,,28.55,33.38,-1,37.05,26.02,32.56,35.6,,,,,,30.7,28.27,26.63,30.1,,,25.76,40,23.5,,19.17,20.84,,26.7,,25.9,,24.4,26,,25.35,,,,,,,25.3,37,,30.08,19,34.9,26,23,24.92,30.31,,7.67,17,52,8,35,69,0.5575028489,0.9473207082
Oklahoma St.,Iowa St.,3.5,26.62,,6.6,,15.52,17.35,8.47,27.29,,,12,,5.5,27.09,,5.67,,11.15,18.95,7,7.25,6.85,11.44,8.53,,,,19,,7,8.73,9.68,25.58,,,8.73,9,4,,9.11,9.89,,6.5,,12.1,,6.9,5,,5.5,,,,,,,6.8,8,,1,7.1,2.2,3.5,9.5,8.42,13.11,,6.89,21,24,8,3,45,0.6707937213,0.7403343755
Pittsburgh,Notre Dame,-10.5,-6.48,,-9.82,,-7.85,-3.64,-4.33,-8.28,,,-9,,-12,-5.13,,-15.88,,-9.47,-3.5,-7,-9.95,-10.34,-15.69,-12.86,,,,-6,,-12,-9.82,-8.9,-5.99,,,-11.24,-10,-8,,-13.27,-8.3,,-14.2,,-9.5,,-12.3,-10.5,,-14.99,,,,,,,-14.6,-11,,-15.41,-7,-11.7,-10.5,4,-6.34,-7.98,,4.04,45,3,8,-42,48,0.5250679257,0.2815964117
Purdue,Iowa,-3,-8.14,,-4.55,,-12.84,-7.36,-8.24,-8.08,,,-1,,-11.5,-8.21,,-14.99,,-8.73,-11.69,-1,-16.65,-14.4,-22.69,-15.9,,,,,,-10.8,-8.18,-8.5,-8.13,,,-4.95,-13,-3.5,,-9.84,-7.84,,-4.9,,-4.1,,-3.2,-4,,-9.81,,,,,,,-4.4,-2,,-11.99,-7,-13.4,-3,-8,6.81,-5.63,,4.90,20,24,8,4,44,0.365080198,0.2996197489
Rice,Middle Tenn.,3.5,8.17,,4.07,,-0.62,10.68,4.97,10.21,,,15,,3,7.83,,1.61,,7.28,8.74,8,11.85,3.49,5.69,15.08,,,,,,4.5,6.89,11.87,6.57,,,18.89,7,2,,5.45,6.77,,7.3,,15.2,,5,4,,3.53,,,,,,,7.9,9,,0.95,5.3,1.5,3.5,-4.5,16.11,9.54,,5.06,40,34,8,-6,74,0.5897370357,0.6689197024
SMU,Cincinnati,2.5,7.81,,-0.41,,-0.71,3.35,-3.95,8.78,,,2,,6,7.83,,-2.45,,0.15,-2.13,-2,-2.55,-5.12,-4.81,-3.22,,,,4,,-0.3,-0.3,2.6,6.96,,,-1.39,0.01,-1,,0.7,-4.28,,-6.3,,1.4,,-5.5,2,,0.24,,,,,,,-6.1,-3,,-0.99,2.4,-0.3,2.5,6,-1.87,0.55,,4.07,42,13,8,-29,55,0.4429882608,0.5036514719
San Diego St.,UNLV,14.5,18.5,,10.89,,16.27,14.69,12.48,18.38,,,11,,16.5,18.59,,15.16,,15.78,13.99,-1,22.85,13.49,24.44,16.62,,,,,,17.4,16.53,12.74,18.54,,,12.29,19,16,,17.97,21.46,,15.9,,16.7,,14.2,14.5,,13.94,,,,,,,14.4,21,,18.08,10.2,17.1,14.5,18,-2.69,16.56,,5.20,6,34,8,28,40,0.5305378132,0.8275694035
San Jose St.,Air Force,-7,-24.22,,-9.25,,-20.59,-20.38,-11.54,-24.5,,,-10,,-14,-24.49,,-17.85,,-16.8,-19.21,-38,-24.55,-17.66,-28.88,-22.63,,,,,,-17.6,-17.66,-14.97,-23.68,,,-4.25,-21,-7,,-21.44,-7.77,,-14.1,,-16.1,,-12.2,-8,,-4.84,,,,,,,-13.3,-18,,,-3.5,-16,-7,-10.5,-23.67,-21.83,,7.29,6,17,8,11,23,0.2873811847,0.168074355
South Alabama,Louisiana-Monroe,14.5,26.35,,7.77,,9.75,18.8,23.34,28.16,,,17,,13,26.02,,11.03,,14.29,23.67,10,17.55,8.56,13.13,16.94,,,,19,,13,13,15.69,25.05,,,12.18,9,15,,10.09,-0.26,,12.6,,16.7,,12.6,14.5,,7.54,,,,,,,11.6,12,,7.14,15,2.1,14.5,3,17.25,17.83,,6.93,14,38,8,24,52,0.4951630006,0.7953333985
South Florida,Tulsa,-11,-37.38,,-9.58,,-7.49,-23.14,-10.05,-40.24,,,-11,,-5.5,-37.73,,-18.48,,-16.84,-25.25,-8,-18.85,-9.71,-22.25,-21.7,,,,-30,,-11.6,-15.9,-18.18,-34.42,,,-18.25,-12,-8,,-16.36,-0.2,,-11.7,,-19.1,,-11.1,-11,,-18.93,,,,,,,-11.4,-14,,-9.28,-3.8,-12.5,-11,-0.5,-15.9,-21.94,,10.04,42,13,8,-29,55,0.3779162272,0.1849483367
TCU,Oklahoma,-6.5,-3.26,,-3.01,,-3.92,-0.37,-3.74,-3.19,,,-3,,-7,-3.16,,-6.25,,-4.94,-1.23,-4,-2.65,-10.29,-12.63,-1.59,,,,-1,,-2.7,-3.57,-2.21,-3.48,,,-2.12,-4,-5,,-3.36,-17.36,,-6,,-5.4,,-8,-6.5,,-11.73,,,,,,,-6.1,-3,,-8.03,-7,-5.9,-6.5,-11,4.38,-3.57,,3.79,33,14,8,-19,47,0.5380720586,0.3810733138
Tennessee,Alabama,-21,-20.8,,-14.25,,-25.3,-11.86,-18.4,-25.13,,,-17,,-27.5,-18.49,,-26.24,,-19.2,-20.32,-27,-24.05,-21.23,-14.63,-23.85,,,,-21,,-21.2,-20.32,-17.99,-19.08,,,-21.36,-22,-20,,-9.49,-5.34,,-16.1,,-19.8,,-16.1,-21,,-24.25,,,,,,,-14.5,-17,,-16.75,-24,-21.2,-21,-10.5,-21.78,-23.36,,5.14,48,17,8,-31,65,0.5429532527,0.1249309514
Texas,Baylor,9,-11.62,,5.03,,3.09,-0.01,1.98,-13.7,,,4,,5,-11.35,,3.45,,1.53,-7.75,1,-0.55,8.67,7.25,-1.68,,,,1,,3.9,3,0.32,-9.56,,,10.12,3,14,,2.79,8.45,,4.3,,5.6,,3,8,,2.59,,,,,,,4.6,7,,-1.75,7.6,1.1,9,1.5,-0.1,6.43,,5.78,16,27,8,11,43,0.3291977048,0.5360775685
Texas Tech,West Va.,-3,-27.46,,-3.82,,-8.29,-15.16,-9.9,-29.88,,,-11,,-9,-27.03,,3.26,,-8.84,-13.94,-15,-6.95,-1.76,-17.56,-9.05,,,,-18,,0.7,-8.29,-7.33,-25.49,,,-3.4,-1,1,,-11.81,0.7,,-0.7,,-8.5,,-1.9,-3,,-9.16,,,,,,,-0.7,-1,,0.8,-7.1,-1.4,-3,-6.5,-10.13,-9.96,,8.50,27,34,8,7,61,0.3728366486,0.3117246482
Texas-San Antonio,Louisiana Tech,-2,-4.68,,-0.35,,-3.64,4.38,-0.01,-5.66,,,1,,-0.5,-4.03,,-4.69,,-1.89,9.64,-1,0.45,-0.29,-1.13,-1.14,,,,-3,,1.8,-3,-1.4,-4.34,,,-1.09,-4,-2,,-2.77,-1.79,,-3.6,,2.4,,-4,-2,,-3.63,,,,,,,-3.6,-4,,-7.8,-3.6,-5,-2,-4,-5.12,2.93,,3.32,26,27,8,1,53,0.5027057538,0.4536148827
Troy St.,Georgia St.,2.5,0.89,,2,,8.88,-0.44,3.46,2.95,,,6,,12,-0.94,,3.28,,2.38,-1.08,-1,-0.65,4.82,11.94,4.47,,,,4,,5.7,2,0.32,0.65,,,-1.16,6,1,,6.78,-8.07,,-1.6,,-1.2,,-0.5,2.5,,-3.69,,,,,,,-2.1,2,,0.01,6.6,-4.4,2.5,10.5,6.76,-0.79,,4.29,36,34,8,-2,70,0.4970886229,0.5575418427
UAB,Louisiana-Lafayette,-2,-1.86,,-1.97,,4.34,0.8,0.89,-1.74,,,1,,1,-1.82,,1.96,,-1.5,0.28,4,-0.01,2.17,-1.25,-2.81,,,,-8,,0.01,-1.25,-1.86,-2.05,,,-0.38,-5,3,,-0.98,-1.77,,-5.9,,0.01,,-4.7,-2,,-7.25,,,,,,,-5.8,3,,-8.64,3.4,-11.2,-2,4,-2.46,1.85,,3.76,24,20,8,-4,44,0.5122254732,0.463369461
Wake Forest,Virginia Tech,-9,4.21,,0.76,,2.56,-0.43,-2.58,2.46,,,-7,,-4,5.42,,-1.46,,-2.95,-0.73,-11,-0.15,-4.12,-8.38,-4.55,,,,-3,,-1.2,-2.58,0.9,4.84,,,-6.66,-1,-7,,-7,-10.65,,-11.3,,0.8,,-9.1,-8,,-11.39,,,,,,,-9.4,-8,,-8.37,-6.3,-2,-9,-6.5,9.75,0.39,,5.28,16,23,8,7,39,0.6411963872,0.4300111054
Wisconsin,Illinois,19.5,28.45,,16.66,,29.66,23.22,19.84,28.26,,,20,,21,28.62,,27.17,,22.76,22.9,-1,28.45,27.29,40.69,26.29,,,,,,25.7,23.4,19.35,28.5,,,23.3,27,20,,23.81,20.47,,20.2,,22.9,,18.4,20,,29.22,,,,,,,20.4,28,,20.81,23.5,18.1,19.5,18.5,-29.05,26.1,,10.49,7,45,8,38,52,0.5680224241,0.8841981234
Air Force,Boise St.,-14,-3.16,,0.19,,-2.09,-0.41,-14.21,-4.12,,,-4,,-8,-0.13,,0.18,,-3.94,0.93,-7,-2.45,-7.76,-15.08,-3.09,,,,,,-1,-3.16,-2.19,-4.94,,,-11.21,5,-8,,-4.47,-0.78,,-6.3,,-11.9,,-5.4,-12.5,,-3.65,-6.8,,,,,,-6.4,3,,3.28,-14.5,-0.2,-14,-3,0.67,-3.97,,4.60,49,30,9,-19,79,0.7286418157,0.4057848464
Alabama,Mississippi St.,31,32.25,,19.93,,22.58,29.77,39.8,37.69,,,34,,37,30.18,,30.01,,30.22,34.43,36,34.75,30.01,28.92,33.97,,,,39,,28.1,30.01,29.46,28.61,,,28.39,33,33,,26.02,30.56,,23.8,,31,,24.3,31,,37.4,22.6,,,,,,22.6,37,,28.29,29.5,23.3,31,22.5,34.65,32.56,,5.55,0,41,9,41,41,0.4815026233,0.9638346711
Arkansas St.,Troy St.,3,1.71,,3.14,,0.29,2.93,-4.09,1.86,,,10,,6,1.51,,2.11,,4.54,8.49,-2,4.55,4.48,9.33,3.5,,,,12,,0.9,4.5,6.71,1.78,,,3.66,5,6,,7.02,14.33,,4.5,,3.5,,4.6,3,,6.05,-3.5,,,,,,5,8,,3.05,4.5,6.7,3,0.5,8.03,5.22,,3.79,38,10,9,-28,48,0.5375890635,0.6095640839
Auburn,LSU,-2,-0.59,,-6.43,,-2.77,7.55,-10.14,0.48,,,7,,1,-1.71,,-5.26,,-3.08,7.18,-2,-11.55,-5.81,-2.92,-7.54,,,,12,,-2.9,-2.83,-1.46,-0.79,,,-0.71,-14,2,,4.42,-7.26,,-6.8,,-0.8,,-5,-2,,-0.78,1.15,,,,,,-4.2,-9,,-12.52,0.7,-9.7,-3,-3.5,-16.82,-1.47,,6.21,11,48,9,37,59,0.4747419203,0.4283097713
BYU,Western Kentucky,30.5,33.39,,23.91,,16.94,34.46,47.76,37.78,,,29,,30,33.86,,21.61,,28.44,38.37,32,37.85,24.65,48.08,36.17,,,,36,,29.3,29.15,30.32,29.72,,,26.79,26,27,,34.07,7.33,,23.2,,29.9,,22,30.5,,23.04,31.55,,,,,,23.2,25,,19.15,24.5,14.4,29,13,28.34,33.06,,7.98,10,41,9,31,51,0.4538491226,0.9452760474
Baylor,TCU,-3,0.6,,4.7,,2.73,7.02,5.91,0.73,,,5,,4,0.01,,6.01,,5.31,7.38,2,8.35,4.71,7.08,9.17,,,,-4,,3.3,5.9,7.21,0.96,,,1.28,12,-1,,6.19,11.69,,5.9,,4.7,,8.2,-1.5,,10.89,0.45,,,,,,5.6,10,,9.13,-0.6,6.5,-2.5,9.5,7.21,1.7,,3.76,33,23,9,-10,56,0.6947508263,0.6275899364
Cincinnati,Memphis,6.5,7.08,,5.22,,7.41,6.05,18.25,10.87,,,13,,10,6.52,,10.51,,7.86,12.87,12,10.85,8.75,15.58,11.33,,,,13,,4.1,7.33,7.35,4.82,,,4.09,8,4,,9.25,2.48,,6.9,,7.1,,6.1,6.5,,6.56,6.5,,,,,,5.9,13,,1.24,7.3,1.9,6.5,-5,9.45,8.57,,4.15,10,49,9,39,59,0.5330300324,0.6840480027
Clemson,Boston College,25,31.22,,25.61,,31.49,22.97,32.88,29.91,,,25,,28,31.25,,33.68,,30.79,31.08,20,39.95,32.43,30.92,36.43,,,,25,,28.7,31.15,30.47,32.42,,,29.68,39,32,,21.64,25.84,,33.4,,32.2,,31.6,26,,34.65,23.25,,,,,,30.5,40,,36.95,30,32.6,31,24.5,30.94,32.11,,4.90,28,34,9,6,62,0.6362670087,0.9680760584
Duke,Charlotte,10,9.74,,10.69,,4.11,1.36,1.34,5.16,,,-4,,-2.5,9.82,,2.03,,5.58,-0.35,-9,6.25,11.14,11.33,7.82,,,,-12,,7.9,6.33,5.15,14.1,,,6.89,8,11,,2.06,10.88,,11.2,,6.4,,11.8,9.5,,3.18,5.1,,,,,,12,7,,0.27,3.4,4.1,9.5,7.5,5.23,6.61,,5.70,19,53,9,34,72,0.3966345572,0.6296195437
Florida,Missouri,13.5,9.52,,10.12,,9.22,11.9,1.29,6.82,,,14,,10.5,9.85,,17.67,,12.67,11.43,7,6.35,18.65,13.75,6.88,,,,6,,11,11.95,11.21,11.94,,,16.77,14,15,,12.78,17.51,,16.4,,13.8,,16.6,13.5,,20.07,8.15,,,,,,17.4,18,,16.29,23.5,8.7,15,17.5,8.51,11.95,,4.76,17,41,9,24,58,0.4800277968,0.7777250189
Florida Atlantic,Texas-San Antonio,4,11.08,,14.36,,13.78,10.75,6.4,9.93,,,7,,2.5,10.93,,17.74,,13.19,10.2,1,19.65,10.75,15.83,18.93,,,,15,,13.8,12.97,13.65,12.35,,,13.51,25,8,,16.02,12.63,,5.1,,8.1,,5.6,5.5,,12.54,16.3,,,,,,5,22,,24.98,13.3,18,5,9,20.98,12.31,,5.72,3,24,9,21,27,0.7069859495,0.7827873302
Fresno St.,Colorado St.,-2.5,0.6,,3.19,,4.45,6.58,-1.2,-1.36,,,-1,,7.5,1.63,,9.57,,0.83,-1.55,-7,-4.05,6.08,7.25,-6.14,,,,,,3.6,1.4,2.64,1.58,,,-5.68,4,2,,3.48,1.62,,1.4,,-6.9,,1.3,-2.5,,-3.4,3.1,,,,,,2,-3,,-3.71,-2.1,4.6,-2.5,-3,-3.29,-0.76,,4.15,17,38,9,21,55,0.5804132944,0.5201720351
Georgia Southern,South Alabama,4,2.34,,6.47,,10.73,3.85,3.84,0.79,,,8,,8,1.39,,15.83,,7.78,1.8,6,7.15,9.89,13.25,8.51,,,,10,,8.6,8.25,7.03,4.82,,,5.76,12,7,,9.07,14.61,,10.7,,6.5,,9.5,4.5,,9.46,4.5,,,,,,9.7,12,,10.49,13.3,10.2,4,5,1.39,3.66,,3.77,17,24,9,7,41,0.5916019896,0.6832544819
Georgia St.,Coastal Carolina,-3.5,-3.57,,0.26,,1.79,-3.07,-5.7,-9.24,,,-13,,-13,-1.95,,-6.14,,-4.1,-6.57,-11,-5.35,-1.06,-10.83,-9.02,,,,-11,,-1.2,-3.58,-5.07,-1.14,,,-4.48,-1,1,,-8.91,9.87,,-6.3,,-3.6,,-6.1,-3.5,,-3.26,0.4,,,,,,-5.4,-2,,1.69,-3.3,-0.7,-3,3.5,-9.95,-3.18,,4.79,51,0,9,-51,51,0.4855681101,0.4023564496
Georgia Tech,Notre Dame,-20.5,-26.92,,-21.55,,-25.27,-21.91,-31.27,-26.63,,,-24,,-25.5,-28.35,,-29.29,,-25.22,-13.9,-28,-30.15,-23.28,-37.92,-28.86,,,,-22,,-22.9,-26.25,-26.77,-25.91,,,-23.71,-26,-18,,-26.49,-19.31,,-28,,-27.5,,-27.4,-21.5,,-24.67,-19.5,,,,,,-27.2,-30,,-28.17,-23.5,-23.4,-20,-3.5,-29.81,-27.38,,5.08,31,13,9,-18,44,0.3885090296,0.0651095917
Houston,Central Florida,-3,-2.5,,-4.75,,-6.9,2,-3.04,2.09,,,6,,-2,-3.4,,-7.35,,-3.03,0.23,5,-2.35,-5.01,-4.75,-0.01,,,,10,,0.2,-3.59,-2.86,-5.99,,,-6.75,-5,-2,,-0.82,-7.75,,-5.3,,-4.4,,-5.1,-3,,-6.68,6.7,,,,,,-3.4,-5,,-11.18,-1.9,-10.2,-2.5,-3.5,-4.65,-3.68,,4.54,44,21,9,-23,65,0.4992750765,0.4271916477
Illinois,Purdue,-8,-13.39,,-6.12,,-18.82,-8.66,-14.96,-14.9,,,-3,,-5,-12.57,,-6.93,,-6.36,-3.15,-32,-9.45,-1.78,-11.83,-6.38,,,,,,-2.4,-5.27,-6.12,-12.76,,,-4.86,-3,-4,,-9.33,4.49,,-3.5,,-3.4,,-4.6,-8,,-2.41,-5.4,,,,,,-2.8,-8,,-0.36,-4.1,-3.5,-7,3,-5.27,-11.48,,6.57,31,24,9,-7,55,0.5380275527,0.3556089789
Iowa,Northwestern,2.5,2.99,,6.3,,-0.01,3.99,-3.13,-0.01,,,3,,8.5,3.25,,9.24,,6.62,7.28,-33,11.05,5.68,8.58,9.63,,,,,,7.6,6.1,4.61,5.85,,,-1.38,16,3,,5.67,15.01,,5.4,,-1.3,,6.1,3,,9.09,-0.65,,,,,,6.4,18,,17.08,2.3,15.6,2.5,9,14.38,0.53,,8.59,21,20,9,-1,41,0.5902782145,0.6431041151
Kansas,Iowa St.,-27.5,-26.68,,-15.65,,-19.96,-16.43,-29.81,-28.13,,,-22,,-22.5,-27.27,,-22.28,,-23.69,-16.43,-23,-26.85,-27.6,-41.58,-24.4,,,,-22,,-21.8,-23.29,-21.18,-24.66,,,-23.18,-20,-29,,-26.61,-18.82,,-29,,-23.4,,-27.1,-27.5,,-28.87,-17.85,,,,,,-27.5,-31,,-21.29,-25,-20,-28,-6.5,-22.57,-26.94,,4.99,52,22,9,-30,74,0.5905441414,0.0772891518
Kentucky,Georgia,-17,-14.4,,-7.56,,-10.2,-12.14,-9.57,-13.68,,,-9,,-15,-15,,-13.27,,-10.73,-14.28,,-6.55,-14.2,-11.75,-7.89,,,,-23,,-10.5,-10.35,-11.56,-14.48,,,-15.42,-5,-13,,-9.6,0.62,,-9.9,,-12.3,,-9.2,-15.5,,-8.22,-8.7,,,,,,-10.2,-2,,-6.85,-14.5,-10,-13,-4.5,-13.5,-13.07,,4.36,14,3,9,-11,17,0.6483449473,0.2572754504
Louisiana Tech,UAB,-13.5,-5.57,,-1.85,,-1.14,-6.86,-5.87,-8.51,,,-7,,-4,-5.44,,-1.84,,-5.91,-9.08,-6,-4.75,-9.75,-15.08,-5.64,,,,-6,,-6.5,-6.02,-5.07,-3.01,,,-8.56,4,-10,,-6.03,-8.14,,-10.1,,-9,,-10.2,-12,,-8.98,-8.5,,,,,,-10.4,-4,,2.5,-4.4,-2.2,-12,2.5,-9.93,-8.19,,3.69,34,37,9,3,71,0.6792848178,0.3584443705
Louisiana-Monroe,Appalachian St.,-31,-35.36,,-18.81,,-21.92,-32.47,-39.96,-39.45,,,-28,,-28,-34.79,,-33.55,,-30.22,-34.97,-29,-36.35,-26.08,-35.25,-36.54,,,,-38,,-28.5,-31.62,-31.23,-32.16,,,-29.34,-28,-28,,-26.71,-16.26,,-32,,-32.7,,-28.7,-31,,-34.33,-20.75,,,,,,-29.6,-34,,-29.57,-24.5,-24.5,-31.5,-17,-32.96,-35.54,,6.20,31,13,9,-18,44,0.5182530402,0.0380913987
Louisville,Virginia Tech,-3.5,-5.59,,-1.96,,-6.35,-8.42,0.4,-9.81,,,-8,,-7.5,-4.37,,-5.72,,-4.22,-6.4,-5,-3.75,-2.97,-15,1.41,,,,-9,,-1.4,-3.79,-5.64,-2.19,,,-3.8,-2,-4,,-8.07,-3.77,,-0.6,,-5.2,,1.2,-3.5,,-3.76,-3.75,,,,,,1.5,-5,,-7.24,-3.4,-1.9,-3.5,-1,2.69,-5.71,,3.16,42,35,9,-7,77,0.4822591084,0.3971509337
Maryland,Minnesota,-20,-15.29,,-6.8,,-12.48,-12.11,-13.05,-15.38,,,-8,,-11.5,-16.55,,-19.49,,-17.07,-13.52,-8,-26.65,-14.07,-25.83,-23.76,,,,,,-13.6,-15.29,-12.63,-14.07,,,-12.79,-16,-18,,-17.38,-23.93,,-21,,-15,,-18.6,-19.5,,-22.73,-13.75,,,,,,-17.6,-29,,-32.1,-7.7,-21,-20,-13.5,-25.37,-15.08,,6.20,44,45,9,1,89,0.5682487877,0.1582731154
Michigan,Michigan St.,21.5,25.82,,14.85,,20.28,21.57,30.34,29.75,,,22,,16,23.47,,26.48,,24.56,33.52,36,34.25,21.33,30.42,35.15,,,,,,21.8,24.07,24.07,24.03,,,22.55,29,23,,25.2,19.33,,19.1,,26,,17,21.5,,28.76,32.3,,,,,,17.1,28,,31.85,15.5,15.5,24.5,20,28.61,28.52,,6.22,27,24,9,-3,51,0.5712202725,0.9251435414
Oklahoma St.,Texas,3.5,7.59,,0.68,,4.97,11.79,4.48,11.2,,,19,,14,6.08,,-2.44,,5.89,17.97,7,4.35,2.62,7.92,3.8,,,,19,,4.1,4.54,5.35,5.52,,,-0.48,2,4,,10.37,4.17,,3.7,,3.9,,4.3,3.5,,5.37,1.45,,,,,,3.7,5,,-0.42,4.4,-1.1,3.5,6,7.08,4.6,,5.21,41,34,9,-7,75,0.5568697337,0.6377708689
Penn St.,Ohio St.,-10.5,-14.27,,-7.47,,-7.59,-10.49,-13.19,-15.35,,,-6,,-10,-13.49,,-11.4,,-11.49,-16.24,-35,-18.25,-8.84,-3.5,-18.67,,,,,,-12.4,-12.06,-12.06,-13.89,,,-11.29,-15,-8,,-2.12,0.95,,-12.1,,-13.8,,-9.7,-10.5,,-11.28,-9.1,,,,,,-9.7,-12,,-16.53,-14,-15.5,-12,-6,-15.32,-16.51,,5.77,38,25,9,-13,63,0.4766322384,0.2481870215
Rutgers,Indiana,-13,-14.86,,-6.76,,-8,-6.74,-13.76,-12.6,,,-13,,-11.5,-15.93,,-19.1,,-13.31,-9.78,5,-15.65,-14.7,-30.25,-12.85,,,,,,-11.9,-13.02,-8.98,-16,,,-9.89,-14,-12,,-13.41,-22.9,,-13.9,,-9.7,,-11.7,-13,,-17.09,2.35,,,,,,-9.8,-17,,-20.49,-3.5,-16.1,-10.5,-12,-21.44,-13.02,,5.78,37,21,9,-16,58,0.4926795115,0.2153777947
SMU,Navy,13,9.63,,4.82,,5.51,14.39,19.06,10.35,,,16,,17,10.53,,8.01,,10.93,9.92,17,14.05,15.04,20.08,11.34,,,,16,,9.2,10.44,12.47,8.03,,,12.09,9,16,,15.82,6.62,,8.8,,12.4,,8.8,13,,7.95,12.6,,,,,,8,12,,2.07,17.5,5.4,13,-1,8.34,15.5,,4.59,37,51,9,14,88,0.4501589487,0.7458207433
San Jose St.,New Mexico,13.5,19.09,,2.92,,15.93,15.32,16.11,23.58,,,6,,3.5,18.87,,14.87,,13.84,25.6,17,21.35,10.38,15.25,19.26,,,,,,11.1,15,16.16,15.4,,,6.23,15,-8,,18.48,17.59,,8.1,,8.3,,8.5,13.5,,16.36,12.65,,,,,,7.3,21,,12.53,16,14.8,13.5,4.5,11.54,14.69,,5.89,21,38,9,17,59,0.5080097752,0.7931296248
Southern Miss.,Rice,1.5,11.85,,2.5,,10.74,2.93,1.8,12.25,,,-1,,11.5,10.64,,1.98,,5.67,7.35,6,5.95,4.27,6.5,5.34,,,,24,,6.7,5.08,2.42,12.7,,,0.29,7,2,,3.74,5.62,,-0.8,,0.4,,2.1,2,,7.05,1.05,,,,,,-0.6,3,,6.79,6.6,1.7,1.5,10,4.83,4.81,,4.98,30,6,9,-24,36,0.5989539778,0.6333725453
Syracuse,Wake Forest,-14,-18.36,,-5.28,,-6.11,-15.59,-13.6,-24.18,,,-14,,-13,-16.98,,-11.57,,-11.54,-18.14,-15,-12.35,-9.11,-23.33,-9.5,,,,-18,,-5.2,-11.28,-13.14,-13.96,,,-11.8,-6,-12,,-14.91,-6.09,,-8.7,,-14.4,,-8.2,-14,,-11,-4.45,,,,,,-9,-6,,-8.69,-9.7,-6.7,-11,-4,-9.71,-14.52,,4.76,38,14,9,-24,52,0.5590049895,0.2430975518
Texas A&M,Arkansas,14,9.38,,10.17,,19.37,0.49,4.65,7.47,,,11,,15,8.24,,12.33,,13.17,2.75,4,7.85,16,23.08,7.22,,,,10,,7.9,12.16,10.44,12.31,,,10.5,19,15,,17.79,32.49,,16.6,,10.4,,14.3,14,,22.25,9.45,,,,,,14.7,17,,19.19,24,13.3,12.5,12,17.89,7.53,,6.34,31,42,9,11,73,0.4806353092,0.7795015786
Texas St.,Louisiana-Lafayette,-16.5,-16.58,,-10.36,,-10.44,-12.4,-14.9,-24.19,,,-21,,-21,-12.75,,-21.3,,-17.7,-15.13,-16,-17.45,-16.71,-30.33,-18.65,,,,-30,,-13.4,-17.27,-17.24,-13.7,,,-16.56,-16,-15,,-21.95,-16.35,,-23.3,,-17.3,,-21.1,-16.5,,-22.51,-1.25,,,,,,-22,-20,,-22.45,-13,-19.6,-16.5,-7,-23.64,-15.65,,5.45,44,34,9,-10,78,0.4715031338,0.145825752
Texas Tech,Oklahoma,-15.5,-13.91,,-8.41,,-9.13,-10.57,-10.28,-12.4,,,-10,,-14,-14.18,,-11.32,,-12.95,-6.12,-10,-11.65,-17.87,-23,-9.13,,,,-7,,-9.1,-13.35,-10,-15.34,,,-14.01,-12,-15,,-13.94,-19.52,,-13.2,,-16,,-13.9,-15,,-13.95,-10.95,,,,,,-13.5,-11,,-14.65,-17,-12.1,-14.5,-16,-16.43,-14.5,,3.10,62,28,9,-34,90,0.5626388839,0.2116580179
Tulane,Temple,5,5.15,,5.39,,3.47,8.85,10.72,3.98,,,5,,2,6.35,,6.69,,4.98,6.69,2,9.85,2.9,1.75,5.78,,,,9,,3.1,5.08,6.43,5.27,,,7,10,0,,3.87,1.68,,3.3,,8.4,,2.9,5,,2.34,-1,,,,,,3.4,10,,7.52,3.1,4,4,-6,2.16,8.07,,3.36,3,38,9,35,41,0.4995082967,0.6205390863
Tulsa,East Carolina,17,18.03,,14.48,,17.37,22.66,23.74,21.8,,,19,,15.5,18.4,,19.04,,19.63,25.99,13,21.75,13.64,33.5,19.93,,,,28,,17.5,19.49,21.78,14.84,,,18.43,21,19,,24.52,7.16,,13.5,,22.1,,12.1,17,,25.39,22.95,,,,,,13.6,21,,15.78,22.5,15.4,17,18.5,22.07,23.84,,4.57,30,34,9,4,64,0.5632482722,0.8826470643
UNLV,Nevada,-13.5,-13.07,,-1.38,,-10.74,-6.45,-11.38,-14.38,,,-9,,-7,-12.06,,-7.69,,-7.14,-3.77,-33,-4.25,-8.34,-10,-3.09,,,,,,-2.3,-7.21,-5.12,-12.8,,,-6.41,-1,-8,,-7.21,-10.62,,-9.2,,-3.8,,-7.1,-12.5,,-4.52,-10.2,,,,,,-7.7,-8,,0.37,-10.9,-5.7,-14,-0.5,-3.17,-11.46,,5.87,37,19,9,-18,56,0.6464644663,0.3365561566
Utah St.,San Diego St.,-8.5,-6.31,,-2.04,,-12.35,-4.03,-3.65,-7.71,,,-1,,-3,-6.49,,-3.19,,-7.06,-7.46,-39,-15.35,-0.39,-6.67,-12.22,,,,,,-4.7,-6.5,-7,-4.67,,,-11.01,-5,-7,,-10.36,-3.13,,-5.3,,-8.8,,-5.4,-8.5,,-13.17,-1.2,,,,,,-3.3,-10,,-12.73,-9.2,-8.2,-7.5,-6.5,-13.2,-12.45,,6.71,38,7,9,-31,45,0.533297532,0.3410187584
Vanderbilt,Mississippi,-17.5,-11.36,,-5.15,,-5.24,-15.63,-10.59,-11.49,,,-8,,-9.5,-12.68,,-14.44,,-11.32,-13.75,-16,-13.65,-6.59,-15.42,-13.85,,,,-17,,-9.8,-11.35,-9.38,-10.16,,,-11.06,-9,-18,,-9.04,2.27,,-12,,-15.6,,-10.5,-16,,-24.02,-13.25,,,,,,-10.8,-10,,-13.09,-15.5,-11.4,-16.5,-5.5,-11.34,-13.88,,4.42,54,21,9,-33,75,0.6461942232,0.2460370554
Virginia,North Carolina,-7.5,-7.35,,-1.54,,0.11,-7.26,-10.02,-14.55,,,-12,,-10,-4.18,,-3.1,,-7.23,-7.41,-21,-6.75,-5.45,-17,-9.94,,,,-12,,-4.7,-7.38,-5.14,-3.59,,,-7.86,-6,-4,,-12.91,6.26,,-10.1,,-6,,-9,-7.5,,-8.15,-6.7,,,,,,-8.9,-11,,-2.73,-8.3,-5.5,-7,-7.5,-6.33,-7.51,,4.58,41,44,9,3,85,0.5065187591,0.3308485767
West Va.,Kansas St.,5.5,-5.32,,-0.49,,3.61,3.06,-7.94,-8.53,,,-2,,-5.5,-4.19,,-3.32,,-2.83,-0.98,-6,-5.25,2.11,-5.75,-6.05,,,,-4,,-3.7,-3.34,-3.29,-3.36,,,-0.72,-2,5,,-6.35,-0.35,,-7.1,,-2.5,,-6.1,4,,2.97,2.95,,,,,,-6.7,-2,,-7.27,2.3,-6.5,3.5,6,-5.31,-2.37,,3.72,10,37,9,27,47,0.3047058795,0.4310995081
Wyoming,Hawaii,1,1.99,,2.8,,-1.81,-0.81,0.32,-0.87,,,4,,0.5,4.16,,1.22,,2.44,-2.34,-22,-0.75,3.63,-5,0.73,,,,,,3.7,2.75,-3.39,2.65,,,9.54,7,-1,,-1.49,4.85,,4.2,,3.1,,3.7,1,,6.84,2.75,,,,,,2.3,12,,4.82,1.9,3.8,1,5.5,0.94,2.89,,5.20,7,31,9,24,38,0.5343490208,0.5580680312
Akron,Western Mich.,-20.5,-17.53,,-9.05,,-12.19,-14.5,-10.25,-17.04,,,-13,,-16.5,-17.42,,-26.05,,-19.04,-24.1,-1,-32.55,-25.64,-16.06,-29.42,,,,,,-19.3,-17.3,-16.79,-18.14,,,-11.49,-24,-17,,-6.58,-11.6,,-17.3,,-17.2,,-14.2,-20.5,,-23.15,-23.05,,,,,,-14.5,-25,,-30.83,-13.2,-23.4,-20.5,-17,-30.99,-27.26,,7.44,58,13,10,-45,71,0.5331865264,0.1387185841
Arkansas,Tennessee,-1,0.01,,0.31,,-0.52,3.82,4.52,4.56,,,2,,0.01,-0.81,,-4.57,,-1.02,9.16,2,4.25,-1.43,1.5,5.75,,,,3,,2.5,-0.26,0.72,-3.42,,,0.95,-2,-3,,-1.41,-24.78,,-5.3,,0.6,,-2.8,-1,,-6.88,4.6,,,,,,-4,-3,,-13.92,-3.2,-3.7,-2,-5,-2.22,3.88,,5.84,13,24,10,11,37,0.4995283091,0.4759583294
Boise St.,BYU,-4.5,-1.5,,0.83,,9.18,0.77,-2.82,-2.22,,,-13,,-16.5,-1.28,,3.31,,0.26,-1.5,-7,2.05,3.38,-1.94,-2.18,,,,1,,-3.7,0.8,-1.53,-1.23,,,-0.99,4,3,,1.3,2.33,,1.2,,0.6,,2.1,-3.5,,-2.05,3.35,,,,,,1.6,2,,5.17,-3.4,5.1,-3,10.5,5.48,0.01,,5.00,51,17,10,-34,68,0.6125527611,0.5062314972
Central Mich.,Ohio,-2.5,-1.42,,-1.22,,-5.35,-3.89,-16.98,-1.35,,,-5,,-6,-1.42,,-5.08,,-3.31,0.43,-1,-4.95,-5.9,-14.13,-6.86,,,,,,-2.4,-2.33,-0.42,-1.49,,,2.49,-9,0,,-2.32,0.27,,-1.2,,-4.1,,-0.9,-2.5,,-5.57,4.1,,,,,,0.4,-8,,-4.35,3,-1.7,-2.5,1.5,-4.81,-2.33,,3.88,27,30,10,3,57,0.4802353146,0.4197491571
Cincinnati,Houston,13,15.39,,13.56,,20.23,11.59,29.62,19.96,,,23,,24.5,13.95,,20.26,,18.02,20.46,19,22.65,13.39,30.69,23.36,,,,20,,11.8,17.6,17.6,13.3,,,10.37,22,10,,21.28,14.97,,18.1,,13.3,,17.6,13.5,,15.06,9.35,,,,,,16.7,26,,15.99,16.5,16.6,13.5,4,26.05,19.68,,5.26,10,38,10,28,48,0.6179894926,0.8593999331
Coastal Carolina,South Alabama,17.5,17.07,,10.72,,12.05,21,26.77,24.47,,,26,,25,15.81,,12.98,,19.78,27.39,18,24.35,14.57,37.56,30.58,,,,29,,16.5,20,22.13,13.01,,,18.66,18,15,,27.3,11.95,,22,,19.5,,20.5,17.5,,18.88,19.3,,,,,,21,23,,11.72,9.8,13.3,18,7.5,21.24,21.3,,5.97,6,23,10,17,29,0.5534666472,0.8782319366
Colorado,UCLA,-6,-2.84,,-0.4,,7.5,1.74,1.97,-2.74,,,8,,2,-2.83,,1.3,,1.45,3.14,-1,5.95,-4.7,-0.75,6.96,,,,,,1.9,1.41,2.74,-2.96,,,-2.45,6,-6.5,,2.31,1.41,,-2.1,,-5.9,,0.9,-4.5,,0.83,2.5,,,,,,-1.9,8,,-1.48,-3.5,0.8,-6.5,9,7.55,2.89,,3.96,42,48,10,6,90,0.6755724696,0.5353103551
Colorado St.,Wyoming,-3.5,-22.59,,-3.88,,-12.35,-12.38,-10.56,-25.04,,,-6,,-7,-23.15,,-9.62,,-10.03,-13.68,-32,-11.55,-3.18,-12.94,-11.54,,,,,,-6.8,-10,-14.06,-19.82,,,-11.76,-7,-42.5,,-12.29,-6.78,,-10,,-6.7,,-9.2,-4.5,,-7.96,10.45,,,,,,-8.6,-10,,-4.87,-3,-12.6,-3,1,-8.96,-16.64,,7.65,24,34,10,10,58,0.3554753575,0.2846082931
Duke,North Carolina,-11.5,-8.48,,-3.02,,-5.46,-10.16,-3.92,-10.1,,,-12,,-11.5,-8.3,,-12.1,,-8.6,-4.68,-14,-3.75,-10.32,-17.81,-1.07,,,,-8,,-5.2,-8.39,-7.48,-7.21,,,-8.97,-6,-10,,-13.36,-6.74,,-11.9,,-8.3,,-10.4,-11.5,,-13.88,-8.2,,,,,,-10.3,-9,,-13.76,-7.6,-10.2,-10.5,-7,-4.73,-8.53,,3.32,56,24,10,-32,80,0.5709558032,0.297966368
East Carolina,Tulane,-3,-8.21,,-6.03,,-7.64,-2.92,-9.21,-6.64,,,-7,,-11.5,-8.67,,-8.95,,-6.74,1.48,-7,-9.25,-4.54,-14.69,-3.8,,,,-6,,-4.6,-6.82,-7.32,-9.44,,,-4.18,-12,-2,,-6.21,-6.46,,-4.4,,-8,,-4.2,-3.5,,-5.8,-1.6,,,,,,-4.1,-11,,-8.04,-3.4,-8.6,-5,-3,-8.78,-7.93,,2.84,38,21,10,-17,59,0.4083032027,0.3379963806
Florida Atlantic,Western Kentucky,7,15.04,,14.83,,15,17.97,23.58,17.27,,,15,,12,14.36,,14.82,,14.34,20.71,12,28.05,6.14,24.69,24.53,,,,23,,15.4,15.02,16.58,13.6,,,13.28,22,9,,20.74,-4.65,,-2.1,,11.3,,-2.1,8,,4.34,17.8,,,,,,-2.7,19,,17.13,7.6,13.5,6.5,1,29.78,17.67,,8.36,6,10,10,4,16,0.6587847665,0.7879548616
Florida St.,Pittsburgh,2,-6.72,,-1.83,,-6.55,-8.7,-7.33,-7.72,,,-4,,-3,-7.99,,-1.23,,-2.6,-0.94,-4,0.45,-0.61,-8.69,-0.65,,,,-3,,-0.6,-1.96,-4.33,-4.35,,,-1.38,1,1,,-1.76,-4.07,,3.5,,-4.6,,1.1,1,,-2.08,-6.05,,,,,,3.4,3,,-3.38,0.2,-1.1,2,-1,2.98,-5.62,,3.29,41,17,10,-24,58,0.3883002557,0.4362902755
Georgia,Florida,3,5.93,,3.41,,7.62,7.57,7.74,6.81,,,9,,12.5,5.71,,7.49,,5.16,9.14,5,3.2,4.59,2.31,3.2,,,,12,,4.5,4.88,7.69,5.31,,,4.82,2,5,,2.11,0.26,,3.4,,7.5,,2.8,3,,2.21,5.15,,,,,,3.3,2,,4.94,3.4,2.9,3,1,6.97,5.11,,2.83,44,28,10,-16,72,0.5532809133,0.6255171864
Georgia Southern,Troy St.,-3.5,-3.53,,2.04,,1.75,-3.67,-3.95,-5.78,,,5,,2,-3.51,,3.77,,-0.16,-6.85,1,-3.25,1.34,-4.81,-7.42,,,,1,,1.2,0.92,0.84,-1.56,,,-0.01,3,2,,2.39,9.66,,2,,0.8,,1.7,-3,,-3.26,-0.9,,,,,,2.3,4,,3.65,-3,4.7,-3,-7,2.19,-2.64,,3.79,13,20,10,7,33,0.5810807198,0.4960888231
Georgia St.,Louisiana-Monroe,19,19.47,,9.83,,11.16,24.26,21,24.56,,,31,,22,18.23,,11.33,,17.1,30.1,26,17.95,17.98,15.94,16.43,,,,24,,17.8,17.21,18.54,15.92,,,15.73,13,21,,13.59,14.73,,18.6,,17.5,,17.4,19,,11.68,13.75,,,,,,17.5,15,,11.32,18.5,9.7,18,6.5,16.52,17.01,,5.55,34,52,10,18,86,0.45502275,0.845382928
Hawaii,New Mexico,16,11.6,,9.5,,14.83,12.51,7.06,11.17,,,11,,15,9.66,,16.77,,14.85,18.62,-24,17.25,13.61,14.25,15.66,,,,,,12.6,14.83,14.83,14.05,,,10.86,19,19,,14.99,22.53,,16.1,,8.2,,15,16,,17.61,11.95,,,,,,15.7,26,,17.43,24,16.4,16,8.5,21.11,14.4,,7.80,33,39,10,6,72,0.4740790396,0.7994353438
Illinois,Minnesota,-7,-1.21,,-6.71,,-9.68,0.45,-6.91,2.71,,,2,,-9,0.66,,-7.87,,-4.65,0.77,5,-3.95,-8.7,-13.06,-5.72,,,,,,-4.3,-4.3,-2.65,-7.96,,,-1.05,-7,-9,,-4.26,-8.78,,-2.9,,-4.4,,-3.6,-7,,-3.94,-0.9,,,,,,-2.3,-2,,-8,-7.4,-10.9,-7,-10,-6.6,2.51,,4.10,41,14,10,-27,55,0.5569825027,0.3883596878
Indiana,Michigan,-3.5,4.64,,-5.3,,-2.48,-0.15,2.9,9.96,,,13,,-4,4.77,,-6.4,,-0.31,1.63,16,-3.85,-5.2,-1.63,0.24,,,,,,-5.9,0.24,0.47,-1.56,,,2.32,-8,-2,,4.89,3.81,,1.3,,-0.5,,1.8,-3,,3,2.15,,,,,,0.6,1,,-9.17,-2,-6.3,-3,-8,-2.48,3.72,,5.65,21,38,10,17,59,0.575075662,0.4926610556
Iowa,Michigan St.,6.5,6.89,,5.65,,8.19,9.55,10.5,5.22,,,8,,3.5,7.82,,8.77,,9.64,10.06,-4,12.55,10.92,12.69,8.9,,,,,,8.1,9.34,5.62,8.11,,,10.1,16,9,,6.55,16.66,,12.6,,6.6,,11.6,7,,17.29,4.25,,,,,,11.7,14,,15.21,5.3,6.9,6.5,12,10.31,9.34,,4.17,7,49,10,42,56,0.575862159,0.7215195251
Iowa St.,Baylor,14,9.03,,3.27,,7.59,6.49,9.27,13.14,,,14,,14.5,6.77,,5.41,,8.06,15.3,10,8.35,7.48,18.13,2.95,,,,20,,4.8,7.14,6.09,6.32,,,5.51,2,14,,15.1,3.43,,6.8,,5.7,,5.9,13,,10.62,11.45,,,,,,6.3,9,,-4.58,14.5,1.6,14,0.5,9.3,8.06,,4.86,31,38,10,7,69,0.3602486432,0.6863362626
Kansas St.,Oklahoma St.,-12.5,-7.9,,-1.9,,-5.63,-6.49,-2.28,-8.56,,,-7,,-4.5,-7.55,,-4.33,,-5.44,-3.18,-5,-3.15,-6.48,-6.25,-3.74,,,,-10,,-2.3,-5.37,-4.02,-7.51,,,-5.72,-1,-11,,-4.76,-9.3,,-4.5,,-6.8,,-5.1,-11,,-14.02,-10.75,,,,,,-5,-7,,0.23,-7,-1.3,-12.5,-3,-0.54,-7.62,,3.08,20,18,10,-2,38,0.6688044853,0.3682740386
Kent,Eastern Mich.,4,-0.57,,0.76,,-1.31,1.27,-3.47,-0.52,,,8,,-2.5,-0.57,,-0.52,,3.71,7.94,-1,7.85,5.8,-2.38,9.87,,,,,,0.6,2.84,2.81,-0.61,,,2.84,5,7,,4.7,6.09,,8.3,,6.3,,6.4,4,,11.06,-0.01,,,,,,9.2,10,,7.03,5,-0.2,4,2,14.45,-0.71,,4.49,23,27,10,4,50,0.4929874664,0.5889661698
Louisiana-Lafayette,Arkansas St.,14.5,14.95,,9.26,,11.19,14.35,19.95,20.71,,,23,,22,13.04,,16.1,,15.65,13.25,14,21.55,13.7,25,4.24,,,,20,,12.7,15.56,15.61,12.02,,,14.96,19,11,,21.4,9.68,,16.8,,17.2,,15.7,14.5,,17.01,13.85,,,,,,17.1,20,,16.63,12.1,15.1,14,5.5,13.13,15.5,,4.39,20,27,10,7,47,0.5278343751,0.8290089605
Marshall,Massachusetts,44.5,51.55,,24.63,,37.83,51.39,48.03,56.44,,,33,,,52.54,,45.4,,44.75,52.17,43,59.85,40.67,42.31,57.27,,,,49,,40.3,45.4,45.18,47.01,,,43.02,50,44,,36.38,30.8,,44.3,,46.6,,35.9,44.5,,58.51,31.15,,,,,,42.7,54,,47.67,35,44.7,45,24.5,51.94,54.42,,9.69,10,51,10,41,61,0.5053624063,0.9919383304
Memphis,South Florida,17,21.06,,14.7,,17.42,17.89,20.03,24.29,,,25,,27,19.03,,23.69,,21.57,21.65,18,24.15,18.19,31.56,24.08,,,,25,,19.5,21.62,20.25,19.88,,,16.07,26,19,,26.23,24.27,,22,,16.8,,21.6,17.5,,16.98,22.25,,,,,,20.9,25,,26.25,24.5,17.9,18,8.5,27.08,19.73,,4.14,33,34,10,1,67,0.6097061851,0.905702587
Miami (Ohio),Ball St.,1,2.88,,3.77,,3.86,6.43,8.64,2.84,,,8,,10,2.86,,2.79,,4.03,2.97,-1,1.25,5.64,11.19,2.23,,,,,,4.5,3.5,2.75,2.95,,,4.68,4,3,,5.18,10.07,,2.4,,3.2,,2.8,2,,0.98,-3.75,,,,,,3.5,6,,-2.65,1.9,-2,1,6.5,7.73,4.83,,3.14,31,38,10,7,69,0.5742622848,0.5983313465
Mississippi St.,Vanderbilt,19,18.06,,13.9,,20.52,17.39,15.88,18.41,,,11,,10.5,18.29,,20.01,,17.05,19.02,11,19.65,15.96,21.69,18.54,,,,21,,17.7,17.54,17.01,17.91,,,16.3,18,16,,16.23,4.13,,19,,19,,17.1,19,,23.56,16.5,,,,,,16.8,15,,14.98,24.5,15.1,19,13,13.52,18.6,,3.75,17,24,10,7,41,0.4524217429,0.8520471104
NC St.,Miami (Fla.),-10.5,-6.16,,-3.78,,-5.3,-4.83,-10.81,-6.81,,,-5,,-7,-6.26,,-3.78,,-6.67,-2.1,-9,-6.05,-11.11,-14.94,-2.78,,,,-6,,-6.4,-6.26,-5.07,-5.64,,,-6.14,-4,-9,,-7.36,-3.48,,-7.4,,-7.6,,-9.4,-9.5,,,-5.5,,,,,,-7.4,-4,,-9.72,-7.4,-10.2,-10.5,-9,-7.14,-8.05,,2.27,44,41,10,-3,85,0.5943851182,0.3387258423
Nevada,Utah St.,17.5,8.67,,2.73,,17.39,10.38,10.72,13.83,,,17,,4.5,9.11,,0.52,,9.05,14.61,30,11.25,4.39,10.81,11.43,,,,,,5,9.11,11.1,3.83,,,13.87,6,27.5,,14.92,4.63,,5.7,,8,,5.3,16,,14.7,7.75,,,,,,3.9,13,,4.44,12.6,4.1,17.5,2,11.3,17.14,,5.97,9,34,10,25,43,0.309150184,0.7032047069
Northern Ill.,Buffalo,-13.5,-4.85,,0.62,,-4.68,0.44,-6.4,-4.68,,,-5,,-2,-4.82,,-2.26,,-7.36,-9.05,-1,-13.45,-3.17,-5.69,-11.71,,,,,,-1,-6.3,-3.19,-5.03,,,-3.89,-9,-9,,-5.38,-10.18,,-12.9,,-9.1,,-11.2,-12.5,,-24.82,-7.15,,,,,,-12.3,-12,,-19.78,-6.7,-6.3,-13.5,-3.5,-6.88,-10.49,,5.50,49,30,10,-19,79,0.6426193161,0.3306617614
Northwestern,Nebraska,3.5,3.99,,7.06,,26.15,13.18,17.28,6.31,,,12,,6.5,4.08,,2.04,,7.03,8.45,36,7.75,6.23,20.38,6.64,,,,,,8.3,6.51,9.33,1.6,,,6.51,8,3,,12.69,3.43,,3.3,,5.7,,2.8,3.5,,-1.46,6.75,,,,,,2.1,2,,-4.86,6.9,1.3,3.5,2,10.55,11.23,,7.33,13,21,10,8,34,0.5799992411,0.6561827451
Notre Dame,Clemson,-5.5,-9.13,,-3.52,,-5.78,-5.67,-8.57,-8.91,,,-2,,-6.5,-9.13,,-10.06,,-6.03,-10.51,-4,-10.65,-3.16,1.25,-8.56,,,,-8,,-2.6,-5.89,-6,-9.34,,,-5.6,-7,-4,,1.79,-1.62,,-4.8,,-7.2,,-3.3,-5.5,,-3.9,-3.15,,,,,,-1.7,-2,,-12.19,-3.3,-12.2,-5.5,-12,-6.57,-5.47,,3.44,40,47,10,7,87,0.4869847534,0.3552274578
Ohio St.,Rutgers,39,40.93,,29.49,,44.69,28.6,36.9,37.01,,,30,,33.5,39.94,,54.03,,39.96,35.38,8,47.55,41.85,47.88,45.64,,,,,,40.3,39.27,36.01,45.88,,,36.22,53,37,,29.31,33,,41.1,,38,,37,39,,44.88,31.1,,,,,,36.7,50,,47.9,36.5,44.6,38,36.5,48.07,39.27,,8.61,27,49,10,22,76,0.5211980069,0.9865445563
Oklahoma,Kansas,38,37.55,,25.01,,37.34,29.63,48,38.12,,,40,,36.5,37.5,,35.59,,37.04,30.58,33,38.75,40.79,58.19,40.05,,,,31,,35.4,37.53,33.52,37.2,,,36.79,42,37,,37.86,36.96,,40.7,,38,,39,38,,39.31,28.6,,,,,,39.1,44,,34.55,29.5,28.7,38,26,40.3,41.35,,5.35,9,62,10,53,71,0.4771518464,0.9864802611
Oregon,Stanford,8.5,13.27,,9.38,,21,15.44,10.73,12.99,,,5,,12.5,13.22,,22.03,,17.96,23.24,-1,29.35,16.01,19.5,29.5,,,,,,12.6,17.6,17.68,13.72,,,13.49,25,11.5,,18.5,15.18,,17.6,,15.2,,17.9,9.5,,17.75,24.4,,,,,,16.9,33,,33.33,7.7,20.9,9,5,30.2,19.25,,7.93,14,35,10,21,49,0.7030330591,0.8442751129
Oregon St.,Washington St.,3,-2.59,,-2.3,,-10.87,-4.67,-11.67,-2.48,,,-5,,-12,-2.57,,-8.33,,-2.93,3.39,-1,1.95,-6.63,-17.63,3.33,,,,,,-7,-2.4,-2,-2.69,,,-0.3,-4,-3.5,,-2.77,5.64,,-2.1,,-2.4,,1.8,2,,0.86,-2.2,,,,,,0.2,-5,,-0.27,-0.9,-1.5,1.5,-0.5,4.91,-4.24,,4.16,38,28,10,-10,66,0.3589137313,0.4291458862
Penn St.,Maryland,25.5,32.9,,15.37,,25.78,25.88,24.83,31.38,,,16,,19.5,35.98,,30.62,,28.71,23.24,7,34.65,29.25,37.88,29.04,,,,,,25.7,29.7,22.86,32,,,29.8,32,21,,24.98,31.3,,32.5,,27.8,,29.7,26,,33.82,27.45,,,,,,30.9,40,,34.02,25.5,29.6,25,19.5,30.81,32.42,,6.77,35,19,10,-16,54,0.5737820601,0.9519109416
San Diego St.,San Jose St.,10,12.43,,10.45,,20.28,6.02,15.49,9.74,,,7,,12.5,12.94,,13.89,,12.76,4.11,-1,16.65,15.84,24.56,14.93,,,,,,13.7,13,9.86,14.27,,,13.25,18,14.5,,13.76,14.5,,11,,14.1,,9.2,10,,7.98,5.55,,,,,,9.7,18,,10.96,16,8.3,9.5,13,17.12,11.52,,4.35,28,17,10,-11,45,0.5665823668,0.7808936424
South Carolina,Texas A&M,-7.5,-6.49,,-0.81,,-4.27,0.23,-5.12,-11.89,,,-8,,-11,-2.94,,-1.39,,-4.66,-8.03,-9,-2.65,-0.01,-9.56,-2.13,,,,-13,,-1.6,-3.1,-2.81,-4.74,,,-1.84,3,-8,,-9.98,-16.17,,-1.2,,-3.6,,-2.7,-7,,-11.53,-2.45,,,,,,-0.8,2,,-4.31,-9.4,-3,-7.5,-2.5,-3.93,-3.19,,4.43,48,3,10,-45,51,0.5684048588,0.3886875374
Syracuse,Boston College,-14.5,-9.72,,-3.31,,-4.42,-8.45,-17.02,-15.78,,,-14,,-14,-7.7,,-7.53,,-9.61,-12.98,-13,-8.15,-9.77,-21.94,-9.57,,,,-11,,-6.1,-9.06,-8.68,-5.57,,,-11.73,-5,-14,,-12.45,-4.19,,-12,,-9.1,,-10.4,-13.5,,-11.09,-8.05,,,,,,-11.7,-9,,-7.2,-3.6,-6.6,-14,-4.5,-14.67,-9.02,,3.65,16,13,10,-3,29,0.6179909041,0.2776019877
TCU,Texas Tech,9.5,11.02,,9.03,,11.01,11.79,11.79,9.7,,,10,,9.5,12.17,,8.87,,11.07,7.15,4,13.95,10.7,20.13,9.15,,,,10,,9.2,10.85,10.8,11.28,,,14.04,14,10,,14.41,5.72,,10.7,,13.1,,9.8,9.5,,5.97,16.75,,,,,,10.9,11,,12.49,8.6,8,9,8.5,14.01,13.13,,2.65,18,34,10,16,52,0.5388562676,0.754223203
Temple,SMU,-17.5,-14.41,,-4.75,,-2.39,-12.95,-18.14,-19.05,,,-21,,-20,-13.44,,-5.96,,-10.66,-10.9,-23,-11.15,-6.66,-21.81,-10.35,,,,-26,,-6.4,-10.72,-12.35,-10.76,,,-9.22,-5,-10,,-16.7,-0.53,,-6.6,,-10.7,,-5.8,-16.5,,-11.64,-7.3,,,,,,-6.2,-6,,-10.74,-9.5,-9,-17.5,7,-11.52,-15.85,,6.55,47,23,10,-24,70,0.6548073305,0.2673680604
Texas,West Va.,5.5,7.63,,7.9,,8.66,5.42,5.61,6.55,,,7,,8,7.58,,12.57,,9.06,5.26,1,8.05,11.7,12.56,5.17,,,,9,,9.1,9.01,9.02,8.71,,,12.99,11,11,,9.08,16.96,,11.7,,11,,10.5,6.5,,7.84,9.9,,,,,,11.6,10,,8.84,7.7,9.9,6.5,1.5,10.07,10.15,,2.98,13,17,10,4,30,0.5872201314,0.7125689578
Texas St.,Appalachian St.,-21,-19.05,,-13.3,,-19.26,-12.69,-11.74,-21.92,,,-21,,-17,-16.55,,-22.9,,-18.27,-15.92,,-20.25,-19,-27.13,-16.78,,,,-15,,-14.6,-18.85,-15.34,-18.63,,,-17.16,-21,-17,,-21.73,-20.27,,-21.9,,-16.8,,-18.7,-21,,-23.33,-3.05,,,,,,-20,-22,,-23.06,-13,-20.6,-17.5,-16.5,-25.4,-15.09,,4.30,38,17,10,-21,55,0.5659229421,0.133295543
Toledo,Bowling Green,23.5,19.51,,10.58,,15.96,17.38,21,19.05,,,14,,18,19.38,,20.39,,17.13,10.85,-1,18.15,17.27,20.56,18.17,,,,,,15.7,17.38,12.24,20.14,,,15.21,19,18,,10.21,12.23,,19,,22.5,,15.1,22.5,,26.2,13.3,,,,,,15.6,25,,13.66,13.3,20.5,23.5,14.5,13.59,22.21,,5.02,3,38,10,35,41,0.3510019276,0.8482416123
UNLV,Fresno St.,-11,-2.39,,-8.47,,-11.42,-7.47,-15.88,-1.03,,,-4,,-9.5,-0.64,,-17.68,,-7.72,-5.25,-10,-11.45,-10.26,-14.31,-7.44,,,,,,-8.4,-7.47,-6.83,-5.44,,,-5.02,-8,-10,,-4.67,-1.77,,-11,,-7.3,,-9.7,-10.5,,-6.53,3.1,,,,,,-10.5,-7,,-8.69,-13.2,-10,-11,-6,-5.23,-10.81,,4.17,40,27,10,-13,67,0.5792026857,0.3190387428
USC,Arizona St.,11,6.57,,5.99,,2.63,6.52,9.73,6.45,,,11,,6,6.54,,9.81,,8.91,7.34,-1,5.55,14.79,12.88,6.22,,,,,,7.6,7.6,5.48,6.77,,,16.24,7,10.5,,9.54,11.16,,9.9,,13.1,,8.7,11,,17.33,13.15,,,,,,10.9,11,,5.89,8.1,3.8,11,17,5.12,6.04,,4.00,27,28,10,1,55,0.4492067831,0.7068683271
Virginia Tech,Liberty,17,18.16,,15.98,,9.63,18.8,13.07,14.47,,,11,,7,19.41,,19.47,,16.18,14.66,-1,14.95,15.34,24,12.5,,,,12,,13.6,15.58,16.78,20.15,,,19.28,15,19,,14.57,37.08,,17.4,,19.1,,14.8,17,,20.08,11.65,,,,,,17,21,,15.81,18,11.6,14.5,13,5.45,20.56,,5.83,38,35,10,-3,73,0.480665386,0.8306320043
Appalachian St.,Georgia St.,18,19.1,,13.91,,21.52,13.82,16.44,17.92,,,22,,16.5,19.25,,19.05,,18.82,14.35,6,20.65,19.38,27.44,20.17,,,,12,,16.8,18.8,17.2,20.14,,,17.71,25,15,,22.14,12.4,,16.6,,18.6,,15.2,18,,24.55,16.85,,,,,,15.9,25,,23,23.5,17.6,16,19,17.62,19.17,,3.96,13,17,11,4,30,0.5199864825,0.8749913292
Arizona,USC,-14.5,-11.02,,-5.01,,-4.02,-6.97,-4.6,-10.79,,,-12,,-8,-10.19,,-6.89,,-11.24,-7.73,-14,-9.45,-17.31,-17.31,,,,,,,-8.3,-11.21,-7.29,-12.2,,,-9.09,-10,-10,,-15.41,-7.69,,-13.4,,-15.7,,-12.4,-14,,-22.04,-12.45,,,,,,-13.3,-14,,-13.78,-11.4,-14.6,-14,-14.5,-12.88,-10.56,,3.95,34,30,11,-4,64,0.5789834538,0.2459988436
Ball St.,Eastern Mich.,9,2.89,,1.37,,7,2.75,3.58,2.88,,,8,,-1,2.87,,1.15,,5.5,2.94,-2,6.15,8.45,4.5,4.53,,,,,,2.4,4.5,2.86,2.94,,,4.29,5,9,,5.38,3.62,,10.6,,11.1,,7.9,8.5,,15.69,10.95,,,,,,10.8,11,,4.91,6.6,4,9,2.5,4.25,7.55,,3.81,31,38,11,7,69,0.4151176035,0.6319091925
Boise St.,Colorado St.,14,18.52,,10.73,,19.07,24.33,16.98,17.22,,,17,,19.5,18.48,,26.74,,17.42,20.48,14,14.85,22.16,35.25,14.55,,,,,,17.6,17,15.15,19.85,,,14.91,17,14,,21.63,18.7,,16.2,,17.4,,15.4,14.5,,8.61,18.35,,,,,,16.6,14,,11.65,7.6,15.2,14,15.5,19.32,13.09,,4.02,21,52,11,31,73,0.5827210009,0.856299272
Boston College,Notre Dame,-11.5,-14.56,,-14.14,,-16.9,-7.59,-15.11,-16.78,,,-16,,-16.5,-13.11,,-19.08,,-14.67,-11.42,-15,-14.25,-15.47,-17.06,-15.36,,,,-12,,-14.1,-15.06,-13.35,-14.7,,,-15.33,-14,-16,,-12.1,-14.84,,-18,,-14.7,,-17.8,-12.5,,-18.4,-10.2,,,,,,-18.4,-11,,-18.06,-15,-16.2,-13.5,-2.5,-18.31,-15.74,,3.22,45,31,11,-14,76,0.4224249321,0.1825674954
Bowling Green,Kent,-20.5,-10.91,,-9.29,,-20.38,-10,-17.49,-12.42,,,-9,,-5.5,-10.52,,-14.89,,-16.32,-16.31,-32,-29.55,-9.4,-8.31,-29.63,,,,,,-9.4,-14.5,-15.58,-9.83,,,-13.21,-19,-18,,-8.52,-11.13,,-20,,-13.8,,-14.5,-20,,-30.53,-19.8,,,,,,-16.7,-31,,-31.21,-12.7,-23.9,-20.5,-10.5,-30.91,-15.47,,7.99,62,24,11,-38,86,0.5929784851,0.1792190005
Buffalo,Miami (Ohio),7.5,9.93,,3.78,,13.52,8,8.41,10.14,,,8,,5,10.29,,13.11,,9.44,9.65,6,10.85,10.59,12.06,10.13,,,,,,8,9.29,7.81,9.37,,,9.29,14,12,,8.98,3.86,,5.3,,9.1,,5.9,7.5,,7.64,9.65,,,,,,3.8,13,,16.69,20.5,12,7.5,5.5,7.37,9.04,,3.66,10,42,11,32,52,0.5473974466,0.7188683474
Central Florida,Temple,25.5,26.51,,16.77,,20.85,28.51,38.13,30.1,,,31,,22,26.15,,20.27,,25.81,27.45,22,29.85,25.96,42.69,28.84,,,,26,,21.1,26.05,24.65,23.2,,,32.15,26,30,,30.12,14.46,,26.1,,28.2,,24.3,25.5,,29.82,20.6,,,,,,24,32,,26.14,23,19.3,24,7,24.68,31.11,,5.78,13,38,11,25,51,0.5073205346,0.9367262869
Cincinnati,East Carolina,27.5,31.79,,23.1,,31.22,27.31,40.92,37.88,,,36,,36.5,30.49,,34.73,,31.32,33.56,29,34.95,26.88,51.69,33.26,,,,38,,27.4,31.07,31.51,28.08,,,23.83,33,25,,38.96,24.96,,29.7,,27.9,,28,27.5,,30.92,27.05,,,,,,28.3,36,,26.39,26.5,24.9,27.5,12.5,38.68,34.84,,5.73,17,55,11,38,72,0.5895339075,0.9682590825
Florida,Arkansas,16.5,18.68,,14.62,,26.93,14.85,17,18.02,,,20,,17,18.16,,20.49,,20.51,17.38,12,22.65,19.8,19.44,21.17,,,,17,,16.6,19.77,18.95,20,,,19.05,28,18,,19.68,31.55,,23.2,,18.1,,20.5,17,,26.1,15.55,,,,,,21.8,24,,25.22,24.5,21.2,17.5,17.5,23.75,19.74,,4.14,35,63,11,28,98,0.5965466419,0.8943740649
Florida Intl.,Florida Atlantic,-9.5,-16.26,,-9.58,,-9.64,-16.74,-12.35,-22.2,,,-15,,-13,-14.16,,-9.85,,-12,-14.78,-11,-19.15,1.17,-17.81,-14.76,,,,-27,,-7.1,-13.48,-14.7,-12.55,,,-11.86,-14,-8,,-18.8,0.46,,6,,-10.5,,5.1,-10,,-13.95,-18.1,,,,,,6.7,-15,,-23.04,-7.1,-12.3,-9.5,-2,-25.81,-12.22,,8.06,38,19,11,-19,57,0.4441594649,0.2501327515
Georgia Southern,Texas St.,10.5,12.5,,9.75,,17.78,6.94,15.65,17.95,,,20,,14.5,8.84,,15.98,,12.94,11.19,14,14.55,11.19,21.69,11.75,,,,15,,12.4,12.61,11.01,10.84,,,10.37,15,12,,18.97,14.28,,15.8,,10.1,,14.4,10.5,,9.38,3.65,,,,,,13.9,14,,12.71,7.1,10.2,10,6,21.69,8.82,,3.96,38,40,11,2,78,0.5592804596,0.7855158728
Houston,South Florida,14,18.65,,9.75,,8.74,17.69,17.07,22.02,,,21,,18,17.8,,18.37,,16.17,16.33,13,18.05,15.59,27.88,17.26,,,,24,,16,16.57,15.79,16.2,,,16.81,17,13,,21.13,12.14,,14.9,,16,,14.3,14.5,,13,22.9,,,,,,14.4,12,,12.93,18,8.1,14,1,13.76,17.53,,4.47,21,56,11,35,77,0.552341786,0.8365763575
Kentucky,Vanderbilt,17.5,24.83,,17.39,,25.23,26.79,31.19,28.37,,,18,,13,25.16,,26.25,,24.65,24.4,19,32.75,20.87,38.56,29.08,,,,24,,21.2,24.61,22.95,21.59,,,23.02,29,18,,24.13,21.79,,25.7,,27.1,,24.1,18.5,,27.39,19.9,,,,,,23.4,30,,29.14,24,18.6,17,14,28.22,26.45,,4.63,35,38,11,3,73,0.6672783951,0.9319873869
Louisiana-Lafayette,South Alabama,15.5,15.62,,12.75,,17.3,15.75,8.69,21.52,,,19,,20,12.67,,19.1,,17.97,16.05,12,16.05,18.86,25.19,16.62,,,,24,,13.4,17.52,18.83,13.62,,,15.35,20,14,,26.55,24.28,,17.7,,16.1,,16.9,15.5,,23.22,14.95,,,,,,18.8,18,,18.88,22.5,20.2,15.5,15,17.33,16.05,,3.79,10,38,11,28,48,0.5601451481,0.8645569562
Marshall,Middle Tenn.,24,28.85,,18.78,,21.84,34.05,35.21,36.12,,,36,,30,28.71,,24.18,,27.26,33.23,30,31.25,24.71,46.06,21.39,,,,37,,26.9,26.99,31.97,22.96,,,27.15,26,24,,36.68,20.24,,22.6,,27.1,,23.3,24,,23.22,25.85,,,,,,23.3,30,,23.31,25,16.7,24,2.5,27.07,32.02,,6.80,14,42,11,28,56,0.5748631717,0.9427725056
Michigan,Wisconsin,-6.5,-8.26,,-1.27,,-9,-8.61,-8.91,-10.99,,,-12,,-5,-8.15,,-0.87,,-7.32,-12.51,-21,-11.25,-4.79,-8.81,-10.38,,,,,,-4.5,-8.26,-6.99,-5,,,-16.41,-1,3,,-5.65,-4.45,,-12.8,,-9.5,,-11.8,-6.5,,-10.14,-3.25,,,,,,-13.5,-10,,-0.49,-0.7,-3.3,-4.5,5.5,-7.85,-13.68,,5.32,49,11,11,-38,60,0.4804697034,0.3309870119
Michigan St.,Indiana,-7.5,-12.53,,-3.23,,-8.23,-14.06,-23.06,-18.32,,,-19,,-5.5,-12.64,,-2.72,,-12.36,-13.89,-24,-17.85,-8.73,-24.75,-13.32,,,,-21,,-6,-13.26,-10.5,-7.25,,,-17.43,-7,-9,,-16.91,-14.07,,-15.3,,-14.7,,-14.2,-8,,-9.4,-6.25,,,,,,-13.2,-14,,-14.82,-6.9,-6.8,-7,-2,-12.71,-16.55,,5.73,24,0,11,-24,24,0.3866849917,0.2319722316
Minnesota,Iowa,-3.5,-7.83,,-1.12,,-4.51,-10.98,-11.88,-8.84,,,-6,,-2.5,-9.45,,-4,,-4.93,-3.45,-11,-9.75,0.69,-10.19,-4.03,,,,-21,,-2.8,-4.01,-4.45,-5.06,,,-5.02,-4,0,,-4.51,5.7,,-2.4,,-2.1,,-1.7,-3.5,,-7.62,-13,,,,,,-2.5,1,,-2.52,-2.7,-0.9,-3.5,3.5,-0.46,-11.08,,5.09,35,7,11,-28,42,0.4658192007,0.3837129321
Mississippi,South Carolina,13,7.11,,2.98,,4.43,7.94,12.47,6.19,,,11,,7.5,8.62,,1.86,,7.22,7.99,3,10.75,4.26,13.88,10.28,,,,10,,9.1,7.26,5.87,6.67,,,6.2,5,7,,7.41,3.36,,3,,8.9,,3.2,12,,12.48,13.7,,,,,,2.5,8,,10.19,4.2,1.9,11,3,6.64,11.42,,3.36,42,59,11,17,101,0.360840538,0.6718249741
NC St.,Florida St.,10.5,14.91,,6.13,,10.77,18.4,19.65,19.82,,,21,,15,14.57,,8.76,,11.28,16.06,7,15.15,6.06,24.13,19.26,,,,17,,9.4,11.59,13.18,10.12,,,8.88,9,7,,18.37,1.05,,4.3,,12.4,,5,10.5,,5.27,13.6,,,,,,3.3,9,,3.88,4.2,0.7,9.5,0.5,12.68,14.57,,5.94,22,38,11,16,60,0.5183509462,0.7471189885
Nebraska,Penn St.,-2.5,-4.9,,-4.34,,-11.87,-3.84,-2.24,0.35,,,3,,-5.5,-7.36,,-14.4,,-5.03,2.98,-5,-0.75,-5.24,-7.63,3,,,,,,-5.8,-4.9,-3.33,-10.64,,,-4.82,-9,-4,,-1.17,-13.41,,-6.3,,-3.5,,-6.6,-2.5,,0.24,-6.25,,,,,,-7.1,-1,,-1.7,-2.9,-15.6,-3,-5,-10.23,-3.22,,4.60,23,30,11,7,53,0.4391675048,0.3804324293
Nevada,New Mexico,17,15.2,,5.66,,17.7,14.54,20.27,18.57,,,22,,13,13.78,,12.27,,14.98,15.45,-18,19.65,16.47,27.81,19.77,,,,,,10.2,14.54,13.71,13.53,,,11.41,17,14,,23.17,20.6,,10.6,,10.8,,8.7,17,,10.67,15.4,,,,,,8.5,24,,12.34,22.5,9.3,17.5,-3.5,21.48,11.59,,7.90,20,27,11,7,47,0.4546525552,0.8008820959
North Carolina,Wake Forest,12.5,3.35,,3.28,,6.28,4.32,6.43,3.4,,,6,,5,3.17,,4.51,,7.1,3.54,3,6.45,8.47,8.19,8.2,,,,2,,7.1,6.44,3.66,3.49,,,4.74,10,17,,6.27,7.6,,13,,4.5,,12,11.5,,14.29,16.45,,,,,,12.4,13,,6.68,8.4,7,13.5,10.5,6.51,5.3,,3.63,53,59,11,6,112,0.3700946638,0.6685802062
Northern Ill.,Central Mich.,-7.5,-3.81,,1.94,,-2.61,-0.7,1.17,-5.81,,,2,,1.5,-2.4,,4.58,,-4.19,-6.64,-25,-6.75,-1.71,-1.63,-4.31,,,,,,-1.4,-4.7,-4.91,-3.22,,,-6.39,0.01,-7,,-6.46,-8,,-9.6,,-5.1,,-7.4,-7.5,,-15.96,-6.1,,,,,,-9.3,3,,-14.44,-8.7,-4.7,-7.5,-6.5,-0.57,-5.86,,5.79,40,10,11,-30,50,0.5776475537,0.4020843945
Ohio,Akron,27.5,24.34,,17.71,,28.56,24.21,28.11,24.31,,,19,,19,26.24,,32,,28.98,30.87,21,42.75,31.37,26,40.3,,,,,,27.5,27.4,26,22.65,,,24.4,41,22,,14.65,27.04,,29.4,,31.3,,24.8,27.5,,41.44,29.1,,,,,,26.5,43,,46.69,23,27.4,27.5,25,37.2,31.41,,7.87,10,24,11,14,34,0.5332842738,0.949035716
Purdue,Northwestern,-2.5,-4.7,,-0.01,,-3.19,-4.86,-8.33,-6.04,,,-7,,-3,-6.5,,-1.72,,-2.83,-2.76,-6,-1.35,1.71,-11.13,-1.49,,,,,,-2.9,-2.8,-2.9,-2.52,,,-4.98,1,2,,-1.62,3.68,,-1.1,,-6.2,,0.9,-2.5,,-8.36,-9.25,,,,,,0.3,7,,1.24,-2.8,2,-2.5,-2.5,-2.8,-6.78,,3.60,27,20,11,-7,47,0.4919130888,0.4309916499
Rutgers,Illinois,6,8.33,,2.53,,5.33,14.81,19.02,13.72,,,13,,6,8.71,,-7.1,,6.28,16.85,19,10.95,0.63,12.25,8.61,,,,22,,3.5,7.12,8.28,2.91,,,8.24,3,7,,12.36,-10.37,,0.4,,8.7,,1.7,6,,1.09,13.25,,,,,,2.2,1,,-3.06,8.4,1,7,-3.5,0.16,11.18,,7.35,23,20,11,-3,43,0.5063855784,0.6402073681
San Diego St.,Hawaii,10,10.24,,8.52,,13.35,13.24,16.17,8.06,,,10,,6.5,11.69,,11.52,,11.24,10.67,-19,16.25,12.71,18.25,12.46,,,,5,,12,11.19,6.98,11.01,,,14.5,11,9.5,,11.38,9.42,,8.7,,13,,8.4,10,,8.97,15.2,,,,,,7.1,17,,8.33,14,6.9,11,9.5,13.8,12.91,,5.75,10,34,11,24,44,0.5292718007,0.7471964499
San Jose St.,UNLV,16,21.19,,12.8,,17.99,26.82,27.99,30.11,,,25,,16,20.59,,12.56,,20.82,34.24,30,24.85,17.61,31.75,23.18,,,,32,,16.8,20.25,23.98,14.67,,,17.28,16,15,,27.42,11.46,,17,,19.9,,16.9,16,,21.51,24.4,,,,,,16,16,,14.6,25,17.4,15.5,13.5,20.76,24.14,,5.99,17,34,11,17,51,0.6118226424,0.8900985421
Stanford,Colorado,9,6.31,,5.46,,-9.94,4.21,5.43,4.27,,,6,,5.5,7.58,,8.03,,4.7,-1.03,-36,2.55,15.62,14.44,-0.25,,,,,,4.4,5,0.88,7.15,,,9.5,5,7,,0.99,9.92,,8.8,,8.3,,4.1,8.5,,13.66,-1.15,,,,,,7.8,-1,,-0.98,6.9,2.1,7,4.5,-4.68,4.12,,8.30,35,32,11,-3,67,0.4051584955,0.6034719886
Texas Tech,Baylor,-1.5,-4.4,,-4.68,,-3.18,-4.51,-4.24,-0.27,,,-1,,0.01,-7.24,,-5.03,,-4.58,1.88,-1,-5.55,-1.28,-6.63,-2.11,,,,4,,-2.1,-5.06,-5.32,-6.82,,,-6.17,-8,2,,-2.27,-7.92,,-7.1,,-7.4,,-8.4,-2,,-5.89,-5.1,,,,,,-7.4,-7,,-12.41,3,-8.1,1,-6.5,-4.99,-4.71,,3.45,23,24,11,1,47,0.4248159679,0.3890024561
Texas-San Antonio,UTEP,6.5,9.54,,9.06,,6.51,10.14,4.96,7.97,,,10,,11.5,10.13,,8.21,,9.93,5.14,4,7.95,9.22,10.25,8.37,,,,16,,14.8,9.9,9.27,10.58,,,11.11,9,6,,9.12,13.08,,9.8,,12.9,,7.9,7.5,,15.54,7.45,,,,,,9.7,10,,11.42,7.6,10.7,7,10,10.36,12.02,,2.63,21,52,11,31,73,0.5844021374,0.7314259808
Tulane,Army,3,-2.91,,2.93,,-0.83,0.6,-2.2,-5.45,,,-6,,-7.5,-2.6,,0.19,,1.99,-4.1,-9,9.25,2.16,-4.38,4.26,,,,-4,,-1.2,2.18,1.41,-0.78,,,2.21,9,4,,-3.51,11.3,,7.1,,3.4,,6.2,3,,11.07,4.85,,,,,,8,9,,3.71,3.4,2.9,4.5,5.5,7.69,0.84,,5.26,12,38,11,26,50,0.4759204501,0.5473609107
Tulsa,SMU,-1,0.87,,1.29,,3.19,7.45,3.94,2.67,,,0.25,,-12,1.43,,-0.01,,2.38,8.1,-3,4.45,2.83,0.31,5.01,,,,1,,3.2,2.75,2.92,-1.02,,,6.7,2,3,,-0.5,-7.04,,1.8,,6.2,,1.6,-0.5,,3.88,8.95,,,,,,2.9,6,,3.84,2.4,0.01,2.5,9,-2.22,4.45,,4.10,24,28,11,4,52,0.5816630001,0.5577071915
UCLA,California,-3.5,-9,,,,-6.25,-2.18,-10.78,-10.1,,,-12,,,-8.18,,-4.83,,-5.56,-2.77,6,-4.75,-5.81,-14.94,,,,,,,-0.01,-5,-3.33,-8.68,,,,-2,-2.5,,-4.18,-13.74,,-6.3,,-4,,-5.6,-3.5,,,-5,,,,,,-4,-9,,,5.1,,,1,1.29,,,4.78,10,34,11,24,44,0.4505570738,0.3686747954
Utah St.,Fresno St.,-10,-7.15,,-4.82,,-10.3,-5.79,-6.89,-10.68,,,-9,,-4,-7.97,,-1.02,,-6.48,-6.57,-43,-10.65,-0.38,-8.44,-8.29,,,,-10,,-5.2,-6.94,-8.39,-2.71,,,-7.44,-3,-15,,-7.62,9.94,,-6.2,,-7.7,,-6.6,-9.5,,-10,-11.55,,,,,,-5.4,-6,,-9.53,-7,-6.6,-10,-0.5,-4.55,-15.43,,7.32,35,16,11,-19,51,0.5797832536,0.355450297
Virginia,Louisville,4,3.81,,3.19,,12.66,5.02,4.15,6.7,,,7,,5,2.69,,6.63,,3.46,7.04,,4.05,2.39,6.56,0.4,,,,,,3.6,4,6.71,1.31,,,-2.57,4,0,,8.47,4.31,,-1.6,,3.6,,-2.3,4,,-4.21,0.15,,,,,,-2.8,6,,4.48,2.8,3.5,3.5,-5.5,9.09,4.8,,3.89,17,31,11,14,48,0.4868215404,0.5838285192
Virginia Tech,Miami (Fla.),2,-1.85,,1.53,,-1.4,1.56,-2.69,-6.12,,,-6,,-7.5,-0.18,,4.93,,0.56,-0.5,-5,2.05,-1.77,-3.88,-0.47,,,,-4,,0.6,-0.17,-1.67,0.01,,,4.24,6,2,,-2.7,15.17,,0.8,,-0.2,,-1.6,2,,8.39,-0.15,,,,,,0.01,8,,8.58,1.3,0.01,2.5,2.5,-2.4,-0.62,,4.51,25,24,11,-1,49,0.4652313403,0.5135357097
Washington,Oregon St.,14,19.54,,13.69,,18.43,17.69,18.89,20.29,,,13,,21,18.68,,18.83,,17.09,17.29,5,21.75,16.2,34.88,,,,,,,20.9,17.8,14.7,19.64,,,13.42,23,14,,17.58,4.04,,11.5,,17.9,,8.3,14,,11.23,13.8,,,,,,9.6,22,,15.38,19,12.8,13.5,13,22.19,20.87,,4.79,21,27,11,6,48,0.5739104588,0.8486339668
Washington St.,Oregon,-10.5,-12.51,,-3.94,,-16.42,-6.96,-6.55,-11.83,,,-7,,-5,-13.31,,-5.98,,-10.16,-5.59,-6,-13.55,-13.37,-12.5,-12.95,,,,,,-5.6,-11.4,-6.5,-12.37,,,-14.42,-10,-10,,-5.59,-10.76,,-11.2,,-14.7,,-11.9,-10.5,,-14.32,-10.6,,,,,,-12.3,-9,,-10.61,-11.4,-12.8,-10,1.5,-14.05,-11.5,,4.01,43,29,11,-14,72,0.5082833496,0.2674642613
West Va.,TCU,3,1.92,,0.67,,0.69,5.06,6.53,3.16,,,5,,3,1.73,,1.33,,2.51,4.36,4,3.95,2.19,2.25,5.67,,,,1,,0.8,1.96,1.19,0.83,,,0.85,5,1,,2.34,3.11,,0.2,,1.5,,2,3,,3.33,0.45,,,,,,0.01,7,,0.95,3.1,-1.5,3,8.5,0.69,1.58,,2.21,6,24,11,18,30,0.4878052753,0.5622221467
Western Kentucky,Southern Miss.,8,10.89,,5.18,,4.93,12.64,12.19,12.26,,,5,,5.5,11.21,,9.31,,9.62,10.84,6,13.95,6.92,7.81,18.05,,,,10,,7.1,9.4,9.48,9.31,,,8.8,10,8,,7.85,12.5,,10.7,,8.4,,10,8,,8.75,17.65,,,,,,9.7,13,,7.7,5.4,7.5,4.5,8,6.82,10.86,,3.22,7,10,11,3,17,0.5398325698,0.7237098174
Western Mich.,Toledo,2.5,0.77,,4.56,,3.44,3.8,2.25,1.2,,,2,,3,1.21,,14.56,,6.55,9.46,5,15.65,7.52,7.19,14.37,,,,,,9.1,5.49,8.25,-0.01,,,7.07,15,3,,5.49,4.55,,4.8,,5.6,,4.1,2.5,,8.76,5.8,,,,,,3.2,14,,11.94,-2.6,3.2,2.5,13.5,14.85,1.85,,4.96,38,41,11,3,79,0.5961944108,0.653144162
Air Force,New Mexico,9.5,16.21,,15.79,,19.35,13.76,10.96,15.18,,,15,,14.5,16.21,,25.74,,18.89,11.17,-12,21.75,25.54,26.38,21.16,,,,15,,19.9,18.8,15.98,17.43,,,11.43,28,8,,19.5,27.54,,19.3,,15.4,,18.8,11,,14.1,17.15,,,,,,19,30,,,20.5,20.8,7,15.5,28.07,19.21,,7.06,0,28,12,28,28,0.7055476115,0.8615210358
Alabama,Kentucky,32,26.96,,19.79,,24.91,23.44,31.28,28.73,,,28,,29.5,25.89,,26.83,,25.88,31.12,24,27.65,31.3,22.75,27.9,,,,32,,27.8,26.5,26.75,26.39,,,28.8,26,31,,21.68,10.31,,23.9,,26.5,,23.8,31,,29.77,25.1,,,,,,22.5,27,,,24.5,22.4,30,21,23.93,29.7,,4.17,3,63,12,60,66,0.3546242234,0.9425744615
Arkansas,LSU,-1,-2.59,,-11.79,,-18.84,7.1,-4.59,5.28,,,8,,3.5,-4.4,,-16.32,,-5.81,10.13,1,-7.25,-10.36,-8.19,-0.36,,,,15,,-2.8,-4.59,-3.15,-9.54,,,-6.75,-23,2,,-0.36,-26.11,,-12.6,,-2.8,,-9.1,-1.5,,-2.81,4.3,,,,,,-10.4,-12,,,0.7,-19.3,-2.5,-12,-20.67,0.56,,9.63,27,24,12,-3,51,0.3978004023,0.3771782944
Army,Georgia Southern,3,4.73,,9.48,,8.27,6.88,7.47,0.51,,,3,,1.5,7.45,,8.97,,5.71,7.52,3,7.45,12.86,13.31,10.08,,,,4,,6.2,6.21,6.03,6.21,,,7.52,10,8,,3.36,-2.92,,1.6,,8.9,,2.6,3,,-2.95,2.85,,,,,,1.9,10,,,2.8,1.6,4,11,-0.75,10.35,,4.01,27,28,12,1,55,0.5657283438,0.6363537799
Auburn,Tennessee,10.5,15.69,,14.12,,21.22,12.7,15.73,16.73,,,13,,11.5,14.96,,18.89,,14.79,11.75,10,19.15,11.89,21.13,23.78,,,,13,,14.8,14.8,14.24,15.39,,,15.77,17,10,,18.28,-0.97,,12.6,,13.9,,11.8,11.5,,11.92,13.75,,,,,,12.5,19,,,11.5,16.8,10.5,7.5,19.28,17.22,,4.24,17,30,12,13,47,0.6029820062,0.8159568681
Ball St.,Northern Ill.,14.5,4.28,,5.21,,9.1,7.17,14.88,6.43,,,10,,2.5,4.05,,12.12,,10.13,15.57,9,16.95,7.07,10.56,14.63,,,,,,6.6,10.46,11.1,2.34,,,7.08,13,10.5,,8.61,9.2,,13.6,,10.8,,11.4,13.5,,20.43,12,,,,,,13.6,16,,,10.9,9.6,14.5,6,11.31,10.35,,4.26,25,31,12,6,56,0.395172605,0.7311483153
Bowling Green,Buffalo,-31.5,-29.41,,-16.88,,-32.19,-28.2,-41.75,-33.14,,,-28,,-16,-31.05,,-31.07,,-31.24,-30.83,-47,-45.85,-30.05,-30.69,-40.89,,,,,,-24.4,-30.76,-30.35,-24.43,,,-29.39,-33,-30.5,,-23.66,-17.65,,-34.2,,-36.3,,-28.6,-31.5,,-40.6,-40.35,,,,,,-29.3,-48,,,-26,-32.9,-31.5,-16,-40,-40.87,,8.76,42,17,12,-25,59,0.5057202893,0.0424531546
Central Florida,Cincinnati,-4,-4.7,,-0.35,,-0.61,-4.31,-13.13,-7.69,,,-16,,-14.5,-4.87,,-1.76,,-4.26,-9.43,-12,-7.55,-0.01,-5.75,-8.58,,,,-8,,-2.6,-4.07,-4.17,-2.1,,,2.19,-1,0,,-4.26,2.02,,-3.1,,-1.2,,-3.1,-4,,-4.07,-6.25,,,,,,-3.7,-3,,,-1.4,-2.1,-6,8.5,-6.71,-5.78,,4.88,36,33,12,-3,69,0.4937544468,0.3987761264
Central Mich.,Western Mich.,0,-1.28,,0.83,,0.96,-0.7,-2.88,-0.91,,,4,,-0.5,-2.12,,4.95,,2.34,5.76,-8,7.15,5.08,-1.25,5.62,,,,,,-0.8,1.83,0.45,-0.87,,,2.54,1,2.5,,3.7,8.7,,4.9,,0.4,,2.9,0,,1.86,4.65,,,,,,5.3,7,,,0.8,1.8,0,1,6.95,2.41,,3.44,52,44,12,-8,96,0.557274254,0.557274254
Coastal Carolina,Appalachian St.,3,0.38,,-3.12,,-5.89,6.31,16.82,6.35,,,11,,9,0.5,,-8.1,,3.27,9.01,3,7.25,3.1,10.88,12.44,,,,12,,4.1,3.5,5.08,-4.35,,,3.22,-1,4,,6.27,-11.01,,3.5,,3.4,,4.5,3,,-0.31,9.85,,,,,,3,3,,,3.3,-7.3,5.5,-10,6.06,5.34,,6.46,23,34,12,11,57,0.5062847237,0.5756588056
Eastern Mich.,Toledo,-6.5,-10.35,,1.74,,-3.99,-7.95,-11.38,-12.51,,,-9,,-3.5,-10.46,,1.12,,-4.03,1.35,-23,3.55,-6.12,-10.56,5.54,,,,,,-1,-4.9,-2.1,-8.12,,,-4.52,6,-7.5,,-5.28,3.81,,-5.7,,-8.4,,-5.9,-6.5,,-3.36,-17,,,,,,-6.5,6,,,-15.5,0.01,-6.5,4.5,5.49,-7.08,,7.06,45,28,12,-17,73,0.5565221866,0.4082918689
Florida Atlantic,Massachusetts,33.5,35.64,,24.86,,37,31.89,36.64,37.01,,,19,,23,35.3,,42.88,,34.87,38,,47.65,29.51,33.38,73.7,,,,27,,36,34.68,34.59,34.68,,,34.31,46,32,,26.47,19.89,,32,,36.1,,23.8,33.5,,39.07,30.65,,,,,,28.9,45,,,25.5,42.2,33,26,47.37,39.45,,10.25,2,24,12,22,26,0.5288980363,0.9675039691
Georgia,Mississippi St.,25,21.69,,16.16,,20.8,24.12,26.49,22.77,,,19,,17.5,22.4,,27.2,,22.67,23.25,17,25.15,22.23,34.19,21.46,,,,27,,20.2,22.77,22.29,19.73,,,22.93,24,24,,25.48,23.46,,20.7,,24.9,,20.1,25,,25.73,16.3,,,,,,20.4,31,,,23,17,25,13,26.98,24.8,,3.87,24,31,12,7,55,0.4433030341,0.9173466821
Hawaii,Boise St.,-13.5,-16.35,,-8.45,,-9.28,-11.62,-22.79,-16.01,,,-13,,-10.5,-16.74,,-14.28,,-13.77,-13.68,17,-18.35,-18,-29.75,-18.01,,,,-12,,-12.6,-12.6,-9.8,-16.32,,,-10.96,-11,-11,,-15.93,-6.43,,-11.9,,-18.8,,-11,-13.5,,-11.76,-6.6,,,,,,-10.9,-13,,,-10,-9,-14,-11,-19.33,-16.84,,6.35,40,32,12,-8,72,0.4936997762,0.2102824032
Iowa St.,Kansas St.,13.5,6.09,,4.36,,9.59,5.32,2.74,8.93,,,8,,6.5,4.27,,7.64,,6.91,6.99,1,7.25,9.9,9.5,8.11,,,,8,,4.7,6.5,6.02,4.78,,,5.14,6,10,,10.23,8.83,,5,,6.1,,5.1,12,,9.49,11.4,,,,,,5.1,9,,,11.5,4.1,11,3,6.25,6.79,,2.46,0,45,12,45,45,0.3408226663,0.6664525693
Kent,Akron,26.5,19.76,,17.52,,23.94,22.32,27.23,22.25,,,26,,13.5,20.02,,27.62,,24.6,29.23,36,38.55,23.87,20.13,36.35,,,,,,22,23.91,28.08,17.1,,,21.53,30,22.5,,19.55,21.61,,24.9,,22.3,,21.7,26,,26.02,26.35,,,,,,24.4,32,,,24,23.1,26.5,16,43.03,24.45,,6.46,35,69,12,34,104,0.4558602596,0.9244215496
Louisville,Syracuse,19,9.6,,6.57,,4.64,10.22,6.7,9.31,,,11,,8.5,9.83,,8.1,,11.63,9.93,10,10.65,15.16,17.25,9.72,,,,7,,8.5,10.65,8.83,10.2,,,14,12,19,,11.48,18.62,,16.6,,11,,16.3,17.5,,18.97,16.65,,,,,,18.1,13,,,13.3,9,19,15.5,10.88,9.99,,3.68,0,30,12,30,30,0.3255329248,0.7622966062
Minnesota,Purdue,-1.5,-2.88,,2.96,,3.5,-8.38,-7.92,-8.03,,,-12,,-0.5,-3.07,,5.73,,-0.13,-3.82,-12,1.35,4.35,-4.19,3.9,,,,-22,,2.7,1.35,-1.55,2.31,,,-2.39,8,0,,-5.5,16.6,,1.8,,0.9,,1.5,-1.5,,1.41,-1.7,,,,,,1.5,2,,,-0.2,5.5,-2.5,14.5,4.88,-5.74,,7.18,31,34,12,3,65,0.5313389998,0.4970231888
NC St.,Liberty,4,9.25,,7.89,,3.52,9.24,1.68,4.41,,,-2,,-3.5,10.67,,9.41,,4.86,3.72,-9,4.35,6.77,5.63,2.22,,,,4,,6.8,3.72,7.47,11.82,,,7.29,0.01,4,,1.15,16.96,,3,,7.4,,1.6,4,,2.42,3.5,,,,,,3.7,2,,,2.3,-0.4,3.5,3,3.19,9.61,,4.75,14,15,12,1,29,0.5206947702,0.6153461438
Nebraska,Illinois,16.5,13.25,,10.97,,10.92,13.48,16.98,14.63,,,13,,8,12.56,,11.77,,13.36,15.21,5,16.45,15.74,26.31,12.73,,,,16,,11.7,13,11.91,12.59,,,11.85,14,14,,17.04,0.58,,11.7,,14.7,,10.9,16,,17.69,9.1,,,,,,10.9,13,,,23,8.6,15.5,11,13.67,15.59,,3.81,41,23,12,-18,64,0.4237430261,0.7934095039
Nevada,San Diego St.,-1.5,-3.96,,-4.33,,-4.54,-2.19,-5,-0.72,,,2,,-0.5,-5.69,,-8.99,,-3.88,-2.41,-24,-7.55,-1.98,-2.44,-3.75,,,,-1,,-5,-4,-3.23,-5.31,,,-3.83,-4,-1,,-0.01,-2.12,,-4.7,,-6,,-5,-2,,-3.81,0.55,,,,,,-4.7,-4,,,-3.3,-8.7,-1.5,-8.5,-6.16,-4.76,,4.17,21,26,12,5,47,0.4423537417,0.40656365
North Texas,Rice,2.5,1.34,,-1.09,,4.23,-2.05,-2.17,-2.83,,,-1,,7.5,0.46,,2.01,,-1.83,-2.45,-7,-2.95,-2.08,0.69,-2.87,,,,1,,1.3,-2.05,-3.51,6.34,,,-6.31,0.01,0,,-0.22,-1.39,,-10.5,,-6,,-8.5,1.5,,-1.66,-15.4,,,,,,-11,-6,,,2.5,-3.1,-1,6.5,-2.19,-2.6,,4.82,17,27,12,10,44,0.3970395388,0.4560799714
Northwestern,Wisconsin,-7.5,-8.27,,-7.95,,-18.64,-3.57,-6.37,-4.6,,,8,,-1,-8.77,,-18.66,,-10.11,-5.69,-10,-18.35,-15.1,-5.69,-16.15,,,,11,,-11.3,-11.3,-8.21,-10.01,,,-15.47,-14,-8,,0.94,-18.15,,-16.6,,-13,,-15.8,-7.5,,-14.46,-9.9,,,,,,-18.2,-19,,,-4.3,-15.1,-7,-7,-13.08,-11.45,,7.20,7,17,12,10,24,0.4404855296,0.2809502547
Ohio St.,Indiana,21,17.72,,14.97,,21.25,12.14,11.23,13.55,,,9,,10,17.45,,24.34,,17.25,15.82,3,17.75,19.38,10.81,18.24,,,,11,,19.4,18.24,16.3,21.2,,,18.69,26,21,,7.51,9.22,,19.7,,18.8,,18.1,20.5,,21.22,14.5,,,,,,19.8,23,,,24,23.2,20.5,21.5,18.45,18.67,,5.22,35,42,12,7,77,0.411223575,0.8490186552
Oklahoma,Oklahoma St.,7,5.8,,7.71,,9.36,5,11.12,4.41,,,-3,,-3,6.54,,9.03,,7.1,8.03,3,10.05,12.64,6.56,14.54,,,,-3,,7.9,7.71,4.94,6.76,,,8.95,14,10,,2.54,8.63,,5.6,,8.3,,5.3,7,,6.95,2.35,,,,,,4.9,10,,,8.7,6.2,7,11,14.16,9.42,,4.32,13,41,12,28,54,0.5024248268,0.6669659473
Oregon,UCLA,13.5,18.03,,11.56,,24.32,17.97,21.88,18.16,,,15,,15,17.67,,19.8,,19.01,18.07,28,21.65,20.02,31.44,20.25,,,,,,22.1,18.75,17.77,18.28,,,16.28,28,14,,20.67,21.05,,19.8,,14.8,,17.7,14.5,,19.23,8.15,,,,,,18,25,,,15.5,19.3,13.5,10.5,23.71,19.73,,4.41,35,38,12,3,73,0.6309691084,0.8757054903
Oregon St.,California,-2.5,1.18,,0.91,,6.35,7.17,6.29,1.75,,,-10,,-7.5,0.84,,-1.07,,0.41,5.37,-1,10.95,-4.87,-4.31,8.24,,,,,,-3.6,0.31,3.32,0.84,,,-0.22,2,-8,,-0.76,-4.65,,-2.1,,-2.4,,-1,-2.5,,-3.42,1.25,,,,,,-1.1,-1,,,-8,1.8,-3.5,3,-2.02,10.7,,4.85,27,31,12,4,58,0.5695829858,0.5098530311
Penn St.,Iowa,1.5,-8.12,,-3.27,,-4.6,-8.36,-15.78,-14.33,,,-13,,-5,-6.47,,-5.88,,-5.73,-8.23,-19,-16.25,-1.12,-15.88,-14.58,,,,-14,,-3.6,-5,-6.73,-0.54,,,-1.91,-3,0,,-8.21,6.42,,-0.4,,-2.8,,0.01,0.5,,-5.16,-3.95,,,,,,0.9,-5,,,-2,1.6,-2.5,5,-6.46,-9.77,,5.96,41,21,12,-20,62,0.3349015858,0.3677005613
Pittsburgh,Virginia Tech,-3,-2.89,,-0.68,,4.78,-3.48,-2.31,-2.74,,,-2,,-3,-3.19,,-6.59,,-2.92,-0.85,-2,-4.95,1.64,-4.94,-4.41,,,,-3,,-3.1,-3,-1.67,-2.76,,,-5.29,-1,-3,,-3.93,-5.89,,-4.9,,-4.1,,-3,-3,,-5.94,-4.15,,,,,,-3.5,-3,,,-1.5,-3.9,-3.5,-0.5,-2.27,-3.21,,2.15,14,47,12,33,61,0.5019922176,0.4276844034
Rutgers,Michigan,-12,-11.71,,-12.09,,-17.83,0.82,-2.89,-7.84,,,1,,-7.5,-10.4,,-17.79,,-9.87,-1.12,-1,-6.55,-15.11,-20.69,-7.21,,,,1,,-11.6,-8.2,-7.56,-17.29,,,-4.73,-15,-9,,-8.49,-21.02,,-8.2,,-7,,-6.3,-12,,-15.72,0.8,,,,,,-5.9,-8,,,-19,-14.4,-10.5,-21,-14.24,-5.03,,6.43,48,42,12,-6,90,0.5494913252,0.2821943248
South Alabama,Georgia St.,-3.5,-1.7,,-0.56,,-0.35,-1.46,-2.83,-2.81,,,-1,,-1.5,-1.32,,0.71,,-1.86,-5,-9,-1.95,0.01,-3.81,-1.3,,,,1,,0.01,-1.32,-1.23,-0.97,,,-1.76,-1,-1,,-1.46,-11.13,,-3.9,,-0.6,,-3,-3,,-0.64,0.8,,,,,,-3.9,-3,,,1.6,-5.4,-3.5,-1,-3.99,-0.74,,2.57,31,14,12,-17,45,0.5406139862,0.4539606119
South Carolina,Missouri,-6,-4.88,,1.67,,-3.72,-0.77,-6.36,-7.9,,,-2,,-2,-4.07,,0.96,,-2.13,-1.89,-3,-5.75,1.05,-7.5,-7.59,,,,-6,,0.01,-1.99,-1.34,-2.45,,,-1.99,0.01,-1,,-4.8,-1.26,,0.8,,0.01,,1,-5.5,,-1.05,-0.5,,,,,,2.6,-6,,,-2.3,-1,-6.5,7,-4.24,-2.37,,3.13,17,10,12,-7,27,0.5945153063,0.4476347963
Southern Miss.,Texas-San Antonio,-9,-6.68,,-0.22,,5.11,-10.16,-18.69,-11.64,,,-12,,-13,-5.81,,-4.51,,-5.07,-7.75,-14,-11.35,2.27,-11.19,-12.85,,,,-12,,-3.9,-5,-6.51,-2.79,,,-3.58,1,-3,,-6,10.58,,-0.6,,-4.4,,0.8,-9,,-0.17,-12.15,,,,,,0.8,-5,,,-3.2,-0.4,-9,5.5,-8.52,-8.42,,6.38,23,20,12,-3,43,0.5908376581,0.383488701
Temple,East Carolina,-7,1.13,,3.63,,10.21,-3.3,-4.64,-0.47,,,1,,1.5,0.41,,8.36,,2.72,-2.65,-4,0.35,4.77,2.56,-1.24,,,,-1,,1.4,1.5,2.17,3.47,,,-0.53,6,3,,4.65,12.62,,1.4,,0.6,,1.5,-5.5,,2.65,2.4,,,,,,1.4,2,,,7.5,5.1,-3.5,16,5.04,-0.64,,4.38,28,3,12,-25,31,0.7224791546,0.5655929672
Texas St.,Arkansas St.,-4.5,-2.89,,-2.39,,-4.44,2.25,3.11,-4.69,,,-8,,-4,-0.95,,-2.4,,-2.7,-0.61,-3,1.65,-5.2,-4.56,0.53,,,,-5,,0.7,-3.11,-2.93,-3.11,,,-4.18,-1,-5,,-4.52,-11.23,,-5.4,,-0.6,,-4.7,-4.5,,0.48,5.65,,,,,,-4.4,-1,,,-3.2,-4.4,-6,-5,-7.53,-0.49,,3.27,45,47,12,2,92,0.5442139533,0.4338488064
Troy St.,Middle Tenn.,10.5,16.18,,8.91,,11.87,19.84,21.61,19.53,,,21,,14.5,15.85,,12.9,,15.49,20.81,14,18.45,13.58,23.88,18.13,,,,17,,19.5,15.93,15.93,13.25,,,18.16,14,10,,16.43,8.31,,13.4,,16.1,,14,11.5,,8.81,19.05,,,,,,12.9,16,,,15,7.9,11.5,11,11.69,16.63,,3.79,20,17,12,-3,37,0.6200954654,0.82870352
Tulsa,Tulane,6,3.48,,1.88,,3.61,7.84,-0.79,6.59,,,11,,4,2.94,,-0.36,,4.79,6.06,,0.85,5.57,5.81,1.83,,,,12,,5.6,4.68,6.47,1.46,,,5.69,-1,5,,11.99,-3.09,,2.1,,4.6,,1.5,6,,5.36,8.75,,,,,,3.2,7,,,9.3,3.2,6,11,7.49,4.68,,3.77,24,30,12,6,54,0.4704426742,0.61545454
Utah,USC,-2.5,0.76,,4.82,,19.17,8.78,7.92,-0.01,,,-5,,8.5,1.87,,15.76,,4.91,10.42,-16,13.45,1.74,9.19,,,,,,,10.4,6,7.15,0.43,,,1.8,11,-2.5,,-3.44,3.39,,-2.5,,-2.6,,-2.2,-1.5,,-1.64,15.15,,,,,,-4.4,6,,,-3.3,7.1,-3,6,9.29,7.17,,7.19,33,17,12,-16,50,0.6646403496,0.6109206526
Vanderbilt,Florida,-31.5,-33.78,,-19.23,,-28.94,-30.68,-34.08,-41.56,,,-41,,-32,-31.51,,-30.07,,-31.17,-33.01,-38,-35.25,-27.49,-42.63,-34.13,,,,-39,,-28.7,-31.4,-31,-28.77,,,-30.56,-27,-31,,-32.93,-18.08,,-33,,-31.7,,-31.4,-31.5,,-38.85,-27.2,,,,,,-31.1,-27,,,-26,-27.6,-31.5,-17.5,-34.54,-33.66,,5.85,38,17,12,-21,55,0.5077808103,0.0327141484
Washington,Arizona,11.5,15.13,,13.18,,22.78,13.72,10.71,13.52,,,8,,14,12.3,,21.65,,15.32,14.75,6,21.65,12.65,24,21.39,,,,,,18,14.26,13.97,19.79,,,7.37,25,11,,19.87,3.58,,11.5,,10.6,,10.4,12,,13.87,5.9,,,,,,9.9,22,,,17.5,18,11.5,17.5,22.26,14.51,,5.40,27,44,12,17,71,0.590103353,0.8195440466
Western Kentucky,Florida Intl.,7,7.4,,4.04,,7.03,9.63,3.18,11.55,,,9,,7,6.19,,5.68,,7.69,10.97,4,9.15,5.57,8.56,5.82,,,,13,,2.4,7.58,8.8,4.74,,,9.52,7,11,,8.72,14.87,,2.4,,8.9,,3.4,7,,13.6,7.85,,,,,,2.7,11,,,9.4,4.5,7.5,11,7.58,6.98,,3.26,21,38,12,17,59,0.5169797811,0.6824260573
Akron,Miami (Ohio),-14,-14.53,,-11.97,,-10.59,-10.4,-19.46,-15,,,-16,,-11,-13.74,,-22.5,,-16.91,-19.7,-19,-25.65,-20.48,-10.88,-24.16,,,,,,-14.4,-16.58,-16.39,-14.87,,,-13.84,-18,-14,,-9.35,-18.58,,-22.5,,-17.8,,-18,-14,,-19.27,-5.2,,,,,,-21.6,-28,,,-9.2,-21,-14.5,-10.5,-33.58,-16.76,,5.88,38,7,13,-31,45,0.4317562366,0.158912494
Alabama,Auburn,24.5,15.58,,14.97,,21.16,20.85,28.53,17.07,,,26,,23,15.66,,22.23,,20.56,25.06,19,25.55,26.31,11.25,19.83,,,,23,,21.9,21.4,21.91,14.33,,,21.03,25,23.5,,12.03,13.69,,21.5,,23.5,,21.4,24,,27.23,23.25,,,,,,19.2,25,,,17.5,12.5,24.5,15.5,20.96,26.29,,4.51,13,42,13,29,55,0.4056485751,0.8935954748
Appalachian St.,Troy St.,14,10.83,,11.16,,15.01,10.5,14.79,11.68,,,15,,10,10.05,,8.08,,13.29,12.59,8,12.35,9.09,20.63,15.02,,,,14,,8.2,12.86,13.32,10.76,,,12.86,15,17,,19.05,21.37,,12.9,,12.8,,11.1,14,,14.68,8.75,,,,,,12.9,16,,,22,15.5,14,9,16.42,11.83,,3.41,10,47,13,37,57,0.4825603134,0.7934721702
Arkansas St.,South Alabama,7.5,3.51,,6.42,,8.87,4.58,4.4,2.46,,,8,,5.5,3.38,,8.65,,7.28,7.13,-1,5.15,9.91,8.94,7.27,,,,6,,4.9,6.75,6.81,4.77,,,6.25,10,7,,7.13,15.79,,5.7,,4.7,,5.7,7.5,,11.8,4.8,,,,,,6,10,,,14,7.8,7,13.5,8.33,6.75,,3.30,38,31,13,-7,69,0.4945873668,0.6732745548
Baylor,Kansas St.,6,0.56,,4.74,,8.42,1.4,0.71,-2.2,,,-3,,-4,2.19,,6.58,,3.17,0.34,-5,6.75,5.41,-3.13,5.02,,,,-6,,4.7,3.8,3.04,2.64,,,6.65,11,4,,-2.81,8.73,,2.8,,5.2,,3.8,6,,9.09,6.2,,,,,,3.6,8,,,3.1,4.3,5.5,6,-4.37,5.56,,4.30,31,32,13,1,63,0.431687958,0.5764234401
Boston College,Louisville,1,0.94,,1.56,,8.52,3.3,1.39,6.23,,,7,,7,-1.13,,-0.1,,2.41,5.61,-1,1.25,3.25,5.56,4.21,,,,10,,3.5,1.93,4.45,-2.86,,,0.85,3,-2,,9.65,-5.6,,-1.3,,1.8,,-2.1,1,,-5.87,-1.85,,,,,,-2.5,3,,,0.7,,1,,8.25,1.93,,4.03,27,34,13,7,61,0.5343010126,0.5584892678
Buffalo,Kent,7,7.64,,5.99,,11.87,9.07,9.92,7.1,,,13,,9,6.66,,17.23,,10.37,15.76,3,11.25,10.77,19.25,8.86,,,,10,,10.7,10,7.88,9.16,,,8.22,13,7,,11.76,8.29,,9.9,,12.3,,10,7.5,,7.98,0.85,,,,,,8.8,17,,,16,10.2,7.5,6.5,10.64,10.34,,3.48,41,70,13,29,111,0.5821360056,0.738289516
California,Stanford,1.5,-1.47,,1.31,,9.56,-4.61,1.81,-3.77,,,-2,,0.5,-1.01,,-0.3,,1.36,0.72,-3,1.15,-0.54,0.31,2.15,,,,,,0.4,0.62,0.52,1.11,,,-3.3,5,2,,0.01,11.09,,2.9,,0.9,,4.6,1.5,,-2.05,-0.35,,,,,,2.4,12,,,2.7,2.8,1.5,-2,6.5,-2.88,,3.89,24,23,13,-1,47,0.4965830523,0.5331553524
Clemson,Pittsburgh,24,17.05,,20.3,,25.74,16.82,14.33,14.26,,,20,,18.5,17.57,,25.02,,20.87,15.79,14,23.45,24.43,16.94,24.76,,,,20,,21.9,20.2,22.93,19.24,,,25.14,27,26,,18.73,18.87,,24,,23.3,,21.9,24,,17.38,20.2,,,,,,22.3,28,,,17.5,24.1,24,18,25.13,19.98,,3.73,17,52,13,35,69,0.4238964602,0.89968747
Colorado,San Diego St.,5,6.81,,,,-0.3,3.28,-7.82,11.7,,,,,,5.76,,1.71,,3.39,7.91,-8,3.95,,-3.25,4.93,,,,,,,3.4,8.72,3.21,,,,2,0,,5.59,,,1.2,,2.5,,3.4,5,,,4.3,,,,,,3.5,2,,,,,3,,,,,4.60,10,20,13,10,30,0.4612012639,0.5812533753
East Carolina,SMU,-12,-12.45,,-7.92,,-9.63,-7.74,-4.84,-13.5,,,-19,,-15,-11.96,,-8.74,,-10.36,-6.51,-15,-6.95,-11.83,-19.69,-6.09,,,,-14,,-7.4,-9.63,-11.58,-11.86,,,-9.08,-7,-10,,-17.97,-10.16,,-8,,-9.3,,-7.4,-12,,-10.82,-7.95,,,,,,-7.4,-8,,,-12.1,-12.5,-12,-6,-11.66,-10.59,,3.35,38,52,13,14,90,0.5402573553,0.2615601341
Eastern Mich.,Central Mich.,-7,-8.41,,-0.47,,-0.48,-9.01,-11.01,-12.44,,,-15,,-3.5,-7.36,,-5.65,,-7.95,-3.95,-23,-9.25,-9.69,-11.88,-8.08,,,,-14,,-4.6,-8.53,-6.61,-5.43,,,-9.63,-2,-4,,-10.91,-3.47,,-12.3,,-9.9,,-10.4,-7,,-12.32,-12.45,,,,,,-12.1,-3,,,-8.9,-2.8,-7,-4.5,-8.26,-8.53,,4.76,31,23,13,-8,54,0.4771441695,0.3157209406
Florida,Kentucky,24,15.09,,13.35,,19.15,18.16,24.9,18.78,,,26,,21,14.19,,19.52,,19.3,24.1,18,24.05,18.66,27.06,24.73,,,,22,,20,19.52,19.86,13.35,,,18.95,20,21.5,,22.41,6.38,,16.8,,18,,16.6,23,,20.74,20.05,,,,,,16.9,21,,,22.5,15.8,25.5,14.5,18.74,22.25,,4.03,10,34,13,24,44,0.387066452,0.8806856996
Georgia St.,Georgia Southern,2.5,-2.03,,0.14,,-3.98,3.46,1.34,-1.75,,,-2,,-1.5,-1.35,,-0.91,,0.54,7.06,1,2.45,1.68,-0.63,2,,,,1,,-0.4,0.14,1.14,-2.98,,,1.06,2,4,,-1.51,6.05,,-0.4,,0.8,,-1,2.5,,-1.14,0.35,,,,,,-0.4,2,,,-0.1,-0.7,-2,2.5,4.98,1.65,,2.36,24,30,13,6,54,0.4513985238,0.5134209651
Georgia Tech,Duke,-1.5,-5.13,,-2.63,,-4.67,-5.84,-3.4,-3.54,,,-1,,0.01,-6.78,,-6.29,,-2.93,-1.3,-5,-7.15,-1.58,-4.81,-6.52,,,,-1,,-1.1,-3.2,-3.98,-5.06,,,-2.09,-3,0,,0.99,2.2,,-3.2,,-5.1,,-3.7,-1.5,,-1.38,-6.75,,,,,,-2.8,-5,,,1.8,-3.9,0,5.5,-1.23,-2.97,,2.80,33,56,13,23,89,0.4646547565,0.4278816725
Hawaii,Nevada,-7.5,-6.84,,-0.9,,-1.04,-5.89,-9.79,-11.85,,,-16,,-6.5,-5.18,,2.38,,-4.3,-2.06,,-3.15,-2.92,-14.88,-5.33,,,,-7,,-1.3,-3.15,-2.9,-3.7,,,-2.88,2,-2,,-10.66,1.07,,-1.6,,-2.9,,-0.8,-7,,-5.82,-8.6,,,,,,0.3,-3,,,-6.9,0.8,-7,7,-7.91,-5.69,,4.51,21,24,13,3,45,0.5768787049,0.3972108988
Indiana,Maryland,12,12.69,,11.12,,19.77,15.4,24.21,11.05,,,13,,12,13.54,,18.01,,17.53,10.42,13,21.85,19.08,30.88,15.87,,,,6,,16.6,16.26,13.72,13.35,,,17.03,23,15,,16.26,29.51,,26.8,,16.5,,24.2,12.5,,12.8,14.25,,,,,,23.5,28,,,15,19.6,11.5,9.5,23.76,15.33,,5.65,11,27,13,16,38,0.6286153398,0.8509115395
Iowa,Nebraska,13.5,15.69,,16.18,,28.36,19.93,25.61,19.58,,,19,,13,14.49,,19.83,,19.71,22.2,19,29.25,16.44,33.31,27.98,,,,18,,20.1,19.58,20.21,13.01,,,15.56,26,12,,21.14,16.06,,15.9,,17.5,,15.8,14.5,,17.66,20.8,,,,,,15.2,23,,,20,16.1,13.5,9.5,23.59,23.75,,4.57,20,26,13,6,46,0.6465080949,0.8835859974
Kansas,TCU,-24,-22.77,,-17.19,,-22.76,-17.49,-27.9,-22.67,,,-21,,-12,-24.52,,-22.66,,-21.28,-17.16,-21,-24.95,-23.22,-34.63,-26.55,,,,-16,,-18.9,-22.4,-20.22,-21.54,,,-23.25,-22,-25,,-19.17,-10.44,,-26.8,,-22.4,,-24,-24,,-24.35,-21.05,,,,,,-25.4,-25,,,-16,-18.3,-24,-6.5,-20.99,-25.05,,4.66,59,23,13,-36,82,0.5652947365,0.0991787419
Liberty,Massachusetts,35.5,29.72,,19.21,,29.12,28.06,37.66,34.3,,,25,,27.5,28.38,,36.67,,33.36,41.54,31,45.95,37.86,37.69,65.04,,,,20,,31.8,32.6,30.93,26.99,,,29.91,42,43,,26.79,17.38,,42.7,,36.1,,35.4,35.5,,32.83,25.05,,,,,,39.3,44,,,29,32.6,37,23.5,42.59,34.96,,9.25,0,45,13,45,45,0.4536394419,0.96528788
Louisiana-Monroe,Louisiana-Lafayette,-28.5,-29.22,,-16.9,,-17.7,-25.35,-31.76,-38.64,,,-35,,-28.5,-26.47,,-27.27,,-26.89,-27.36,-27,-26.05,-25.91,-35.44,-28.68,,,,-35,,-26.3,-27.36,-29.31,-23.84,,,-25.23,-21,-21,,-29.28,-18.62,,-29.6,,-27.7,,-28.6,-28.5,,-32.09,-24.6,,,,,,-29.2,-25,,,-24.5,-22.8,-28.5,-9.5,-30.17,-28.49,,5.61,70,20,13,-50,90,0.5380916635,0.0551158933
Michigan,Penn St.,1,3.09,,4.08,,2.86,4.02,4.46,7.49,,,13,,7.5,-1.12,,3.68,,3.5,6.88,11,2.75,3.99,10.69,5.46,,,,7,,3.7,3.7,4.01,-1.18,,,-1.1,4,4,,10.76,0.59,,-1.3,,2,,-1.7,1.5,,1.01,-2,,,,,,-2.1,5,,,2.5,-0.3,2,5,6.13,1.6,,3.73,27,17,13,-10,44,0.5609263735,0.5849782002
Michigan St.,Northwestern,-13.5,-12.74,,-6.58,,-10.91,-23.11,-29.4,-22.01,,,-22,,-10.5,-12.62,,-15.16,,-15.55,-22.17,-22,-19.95,-10.83,-33.5,-15.95,,,,-34,,-11.3,-14.7,-17.12,-7.15,,,-17.36,-9,-9,,-22.09,1.44,,-16.5,,-18.7,,-14.7,-13.5,,-17.49,-12.2,,,,,,-14.1,-13,,,-7,-6.8,-13.5,-2,-14.34,-23.56,,7.40,20,29,13,9,49,0.4534102592,0.1873063529
Mississippi,Mississippi St.,9.5,4.7,,3.44,,-0.55,11.12,9.84,7.22,,,15,,9.5,4.33,,8.59,,8.2,8.33,7,12.45,9.34,14.63,11.86,,,,10,,8.7,8.7,6.83,2.03,,,6.53,9,12,,10.52,3.94,,5.1,,9.1,,5.2,9.5,,11.01,10,,,,,,5.7,14,,,7,3.5,9.5,4,14.48,10.61,,3.65,24,31,13,7,55,0.4681948012,0.6926609793
Missouri,Vanderbilt,14.5,15.82,,,,22.85,17.13,15.03,21.99,,,22,,,12.95,,20.71,,17.53,17.17,7,18.85,21.53,30.94,18.19,,,,,,16.2,17.2,19,12.21,,,17.01,22,-2,,24.8,8.82,,17.4,,17.2,,15.9,15,,17.21,13.35,,,,,,15.6,17,,,21,,15,,-1.59,,,5.35,0,41,13,41,41,0.5717693931,0.8523305954
Navy,Memphis,-11,-9.31,,,,-3.76,-6.55,-8.63,-10.51,,,-9,,-7.5,-9.66,,-3.67,,-7.16,-3.01,,-9.75,-3.8,-11.94,-3.97,,,,,,-6.1,-6.99,-6.06,-7.75,,,-6.1,-3,-11,,-8.92,-6.97,,-11.3,,-6.2,,-11.2,-10,,-5.32,-1.55,,,,,,-11,-7,,-6.73,-7.1,-6.5,-11,,-9.27,,,2.64,10,7,13,-3,17,0.594295249,0.3281943339
North Carolina,Notre Dame,-5.5,-5.68,,-6.69,,-10.73,2.22,-0.87,-7.42,,,-15,,-14,-4.32,,-8.73,,-5.49,-4.02,-8,-1.65,-5.12,-3.38,-5.29,,,,-6,,-6.4,-5.5,-5.74,-5.92,,,-7.75,-3,-7.5,,-3.38,-7.8,,-5.3,,-5.3,,-5.5,-5.5,,-2.73,-3.95,,,,,,-6.2,-7,,,-3.8,-8.5,-5.5,6,-8.58,-4.48,,3.79,31,17,13,-14,48,0.5002444512,0.3682850453
Ohio,Bowling Green,23,18.67,,18.71,,27.66,20.6,23.08,18.84,,,18,,16,18.93,,28.44,,24.3,24.74,20,33.05,28.98,21.31,29.26,,,,,,24,24.37,22.15,18.37,,,25.05,35,28,,17.11,22.26,,28.5,,27.8,,23.2,23,,29.28,16.9,,,,,,24,35,,,25.5,29.1,24.5,25.5,26.14,24.97,,5.18,10,52,13,42,62,0.5310291104,0.9272107045
Oklahoma St.,Texas Tech,12,13.88,,11.22,,13.08,16.82,9.56,12.88,,,22,,16,14.65,,10.61,,14.96,12.24,11,13.65,14.41,26.56,9.83,,,,22,,12.2,14.33,15.46,14.33,,,12.69,14,13,,23.68,20.35,,15,,16.9,,16,12,,10.94,17.75,,,,,,15.8,16,,,11.5,10,11,14,12.1,15.58,,3.49,44,50,13,6,94,0.5722540514,0.8213240682
Oregon St.,Oregon,-14,-16.63,,-9.71,,-18.24,-13.79,-9.56,-18.64,,,-19,,-11.5,-14.9,,-19.61,,-15.36,-14.88,-20,-12.55,-18,-24.81,-14.19,,,,-24,,-12.1,-14.9,-14.55,-16.45,,,-17.38,-13,-16.5,,-18.53,-8.29,,-16,,-17,,-13.5,-14,,-18.1,-13.55,,,,,,-15.2,-15,,,-24,-14.5,-14,-3.5,-12.07,-14.88,,4.15,38,41,13,3,79,0.4669720195,0.1746113873
Purdue,Rutgers,12.5,10.47,,12.23,,22.4,11.86,8.75,11.16,,,20,,9.5,8.99,,17,,13.17,14.48,6,11.45,16.68,21.56,10.75,,,,20,,10.9,12,12.69,11.17,,,9.39,12,13,,19.69,14.38,,10.1,,10.2,,9.9,12.5,,15.4,11.45,,,,,,8.3,13,,,16.5,12.2,12,9.5,12.33,14.54,,3.71,37,30,13,-7,67,0.5163903812,0.7904016051
South Carolina,Georgia,-22,-17.25,,-10.75,,-19.15,-15.02,-15.17,-20.65,,,-20,,-15.5,-15.39,,-19.34,,-16.21,-14.49,-17,-14.85,-19.33,-23.31,-11.94,,,,-21,,-16,-16,-16.58,-15.14,,,-18.17,-11,-18,,-20.78,-17.27,,-15.3,,-18.1,,-14.7,-21,,-18.54,-12.6,,,,,,-14.2,-14,,,-17,-13.5,-21.5,-7,-16.91,-17.28,,3.17,45,16,13,-29,61,0.6397034287,0.158330803
South Florida,Central Florida,-25,-26.9,,-17.28,,-19.55,-20.49,-32.3,-29.84,,,-28,,-22,-26.55,,-30.05,,-24.75,-22.02,-25,-28.75,-20.22,-43.25,-28.34,,,,-23,,-20.7,-25.11,-22.87,-24.48,,,-25.11,-24,-26,,-25.7,-18.49,,-28.6,,-24.5,,-27.5,-25,,-28.83,-25.6,,,,,,-26,-23,,,-21,-20.8,-25,-4,-29.97,-26.69,,5.16,58,46,13,-12,104,0.5059747531,0.0690734178
Syracuse,NC St.,-17,-12.8,,-3.06,,-4.57,-8.87,-13.23,-19.71,,,-20,,-16,-10.04,,-5.43,,-10.09,-11.46,-17,-9.25,-8.22,-24,-9.6,,,,-18,,-7,-9.28,-9.65,-8.46,,,-8.17,-2,-15,,-17.81,-0.65,,-11.4,,-8.5,,-10.4,-16,,-9.27,-10.05,,,,,,-11.2,-4,,,-7.1,-3.5,-14.5,-3.5,-17.14,-9.28,,5.14,36,29,13,-7,65,0.6605939415,0.2727066263
Texas,Iowa St.,-1.5,1.88,,3.88,,3.62,4.92,0.53,1.95,,,0.25,,0.01,1.54,,4.3,,2.34,0.95,1,-0.25,6.64,1.19,4.13,,,,2,,2.5,2,2.25,2.2,,,8,6,0,,1.57,7.5,,-0.3,,3.5,,-0.5,-0.5,,-2.84,-0.45,,,,,,-0.01,2,,,2.6,0.5,1,4,3.42,2.52,,2.39,23,20,13,-3,43,0.5945254881,0.5579460186
Texas A&M,LSU,15,6,,-2.02,,1.78,12.06,11.5,12.39,,,20,,14.5,4.03,,0.96,,8.02,15.62,11,7.95,8.5,10.38,14.33,,,,22,,7.8,8.09,8.09,1.46,,,9.63,-5,14.5,,15.14,2.37,,5.5,,9.8,,7.2,14.5,,15.33,15.1,,,,,,6.4,7,,,15,-7,14.5,-1.5,-3.44,11.7,,7.11,7,20,13,13,27,0.3440956465,0.6776383593
Texas St.,Coastal Carolina,-17.5,-17.39,,-9.5,,-11.55,-14.52,-25.56,-27.54,,,-34,,-26.5,-14.71,,-18.37,,-18.59,-18.86,-21,-20.05,-17.57,-33.75,-21.31,,,,-23,,-14.5,-17.78,-17.78,-11.87,,,-17.1,-13,-16,,-27.51,-5.92,,-22.6,,-17.2,,-21,-17.5,,-15,-14.7,,,,,,-21,-20,,,-24,-12.7,-17,-2,-21.53,-16.94,,6.43,49,14,13,-35,63,0.474626023,0.1388530813
Texas-San Antonio,North Texas,2.5,2.91,,3.71,,1.49,11.85,6.04,5.69,,,17,,13,3.25,,5.23,,7.03,9.23,6,9.55,4.73,9.75,5.77,,,,14,,9.1,6.04,8.12,-0.15,,,6.18,6,5,,10.7,1.99,,5.2,,7.4,,5,3.5,,2.74,14.7,,,,,,5.2,12,,,7.5,4,3,2,6.99,8.3,,4.01,17,49,13,32,66,0.6089913208,0.666180386
Toledo,Ball St.,10,11.24,,3.93,,8.13,14.85,14.98,10.77,,,12,,7.5,12.9,,6.42,,8.42,13.05,12,4.15,9.02,15.31,4.75,,,,17,,8.6,9.09,9.48,10.08,,,10.24,5,9,,9.09,1.92,,1.2,,10.4,,3.3,10,,9.56,19.45,,,,,,1.1,-1,,,16.5,0.7,9.5,4,-4.54,13.64,,5.51,27,24,13,-3,51,0.4625444234,0.6918401122
UCLA,Arizona,10,9.44,,6.53,,9.99,9.73,7.81,11.5,,,11,,5.5,9.78,,9.5,,9.84,14.67,-2,13.15,7,13.63,13.34,,,,,,10.4,9.84,9.58,7.01,,,8.27,11,10,,12.28,-3.51,,6.5,,12.1,,7.5,10,,13.09,22.8,,,,,,6.9,12,,,11.7,9.9,10,6.5,7.59,10.41,,4.42,10,27,13,17,37,0.4961263596,0.7247999316
UNLV,Wyoming,-16.5,-14.89,,-8.35,,-10.94,-9.16,-11.31,-13.89,,,-11,,-8.5,-15.46,,-19.2,,-12.69,-13.27,-4,-11.55,-15.16,-13.88,-9.79,,,,-4,,-10.7,-13.1,-11.62,-15.76,,,-14.64,-13,-13,,-9.1,-10.12,,-14.5,,-13.1,,-13.1,-15.5,,-18.19,-14.85,,,,,,-13.1,-17,,,-13.7,-13.9,-16.5,-13,-11.19,-13.32,,3.35,45,14,13,-31,59,0.5928262422,0.2170717355
Utah St.,New Mexico,-6,2.2,,4.56,,5.79,-4.57,-0.95,0.01,,,2,,6,0.46,,8.09,,2.72,-11.62,6,1.75,10.38,4.81,4.28,,,,1,,3.2,2.2,0.28,5.91,,,-0.5,9,-5,,4.13,20.28,,2.8,,-1.1,,1.7,-4.5,,-0.11,-6.75,,,,,,3,10,,,-1.5,5.1,-6,1,6.48,-1.74,,5.40,27,41,13,14,68,0.6984876471,0.5644333917
Washington,Utah,7,8.72,,,,13.98,7.19,10.33,9.26,,,,,,4.88,,1.63,,7.57,7.4,15,9.25,,10,10.52,,,,,,6.7,7.29,5.86,12.02,,,3.63,6,9,,12.19,0.31,,5.4,,6.9,,4.4,7,,1.18,17.05,,,,,,5.5,9,,,7.4,,7,,,,,4.14,21,24,13,3,45,0.513857548,0.6777468881
Western Mich.,Northern Ill.,19,17.25,,8.87,,15.57,24.14,27.23,23.97,,,37,,13.5,16.85,,19.64,,19.92,22.33,41,20.55,16.56,28.63,19.18,,,,32,,17.9,19,23.82,11.35,,,17.67,19,18,,25.53,9.38,,17.2,,20.7,,16.8,19,,26.92,27.55,,,,,,16.1,13,,,25.5,10.7,20,17,14.41,23.25,,7.37,27,30,13,3,57,0.5209587562,0.872447751
Akron,Bowling Green,2.5,-0.66,,2.38,,8.59,2.76,3.42,-0.21,,,3,,1,-0.35,,-0.2,,1.94,4.22,1,0.25,2.21,3,3.02,,,,5,,2.4,2.39,2.06,-1.31,,,4.88,4,4,,3.56,-0.4,,2.5,,3.3,,1.3,2.5,,-4.43,2.2,,,,,,0.5,4,,-2.34,2.6,1.5,2.5,3,-0.2,3.28,,2.34,3,31,14,28,34,0.4860805115,0.5481136397
Appalachian St.,Louisiana-Lafayette,3,0.71,,2.85,,6.86,2.25,1.64,-3.22,,,-2,,-4,1.51,,-0.39,,1.57,4.57,,3.65,1.37,0.01,1.04,,,,-3,,3.5,1.56,-0.11,3.04,,,2.17,4,4,,0.01,1.95,,1.3,,1.6,,0.3,3,,-2.31,1.8,,,,,,0.4,7,,3.07,2.3,0.2,2.5,8.5,0.25,3.64,,2.73,24,21,14,-3,45,0.4646298404,0.5388225093
Arizona,Colorado,-8,-4.94,,-0.33,,-23.9,-7.89,-7.37,-11.25,,,-19,,-5,-2.79,,0.52,,-5.76,-7.49,-29,-3.85,-0.01,-14.25,-3.43,,,,-22,,-4.2,-4.97,-6.91,-1.04,,,-1.57,-1,-2,,-16.14,10.12,,2,,-3,,-1.2,-8,,-1.47,-7.9,,,,,,1.6,-6,,-2.2,-7.3,-5.3,-7,-7,-10.09,-5.57,,7.68,24,13,14,-11,37,0.5505362856,0.3719800908
Arizona St.,UCLA,2.5,1.67,,0.86,,-2.96,0.56,-0.55,0.56,,,3,,7.5,3.21,,4.11,,2.84,3.51,-7,-0.15,9.01,2.81,1.05,,,,,,2.3,2.6,2.6,1.35,,,0.89,7,3,,2.73,9.62,,3,,2.4,,2.5,2.5,,4.19,-4.25,,,,,,1.9,7,,5.58,2.8,2.3,3,3.5,5.66,2.3,,3.33,25,18,14,-7,43,0.5083616452,0.569494204
Arkansas St.,Louisiana-Monroe,21,15.77,,10.93,,21.04,17.6,14.71,15.37,,,29,,18,16.99,,15.61,,17.34,19.51,,16.65,20.64,14.63,17.91,,,,18,,19.8,17.42,18.86,15.57,,,17.42,17,23,,11,13.87,,19.1,,18.2,,18.8,20,,16.77,16.95,,,,,,18.2,20,,,23.5,12.8,21,13,15.36,18.26,,3.54,15,48,14,33,63,0.4109743274,0.856826618
Auburn,Texas A&M,-6,-1.07,,1.4,,-9.17,-0.62,-3.23,-4.65,,,-5,,-5.5,-0.47,,3.67,,-1.43,-4.52,-5,-0.75,-2.74,-2.81,1.2,,,,-4,,0.01,-1.78,-0.66,1.58,,,1.05,3,-4,,-2.46,-3.98,,-3.6,,-1.1,,-3.8,-5,,-4.72,-3.55,,,,,,-2.9,3,,6.86,-4,4,-7,3,-4.69,-0.36,,3.39,31,20,14,-11,51,0.6108519709,0.4648998536
California,Oregon,-9,-12.31,,-8.88,,-12.79,-16.14,-11.88,-16.62,,,-18,,-8,-10.34,,-17.19,,-12.93,-11.56,-22,-13.45,-9.9,-27.69,-13.92,,,,-26,,-10.5,-12.16,-14.45,-9.01,,,-12.72,-12,-11,,-20.83,-0.9,,-10.7,,-11.6,,-9.2,-9.5,,-13.55,-8.3,,,,,,-10.4,-11,,-17.62,-15,-13.8,-10,-3,-11.41,-14.65,,4.75,17,21,14,4,38,0.4062539439,0.2175837378
Central Mich.,Ball St.,1.5,4.27,,3.56,,6.27,11.08,5.53,3.58,,,7,,4.5,5.04,,6.34,,5.51,4.45,5,6.25,5.79,9.25,3.24,,,,9,,7.2,5.66,6.03,4.19,,,8.5,6,3,,7.15,8.39,,4.1,,6.3,,4.4,2.5,,1.99,11,,,,,,3.7,-2,,2.68,3.8,0.7,1.5,10.5,1.07,7.56,,2.79,45,20,14,-25,65,0.59823602,0.6337662979
Charlotte,Western Kentucky,2,-1.55,,3.05,,6.92,4.63,8.23,-0.34,,,6,,0.5,-1.13,,1.7,,1.64,5.52,,6.25,2.34,4.06,8.15,,,,2,,2.5,2.5,3.92,-3.16,,,2.82,6,3,,4.4,-2.86,,-3.5,,3,,-4.2,2,,-10.28,3.7,,,,,,-4,5,,,-1.2,-0.7,1.5,-6.5,4.87,1.4,,4.29,37,19,14,-18,56,0.4912664603,0.5397234347
Coastal Carolina,BYU,-10.5,-9.89,,-9.53,,-1.13,-5.48,-2.93,-5.99,,,-2,,,-10.81,,-11.77,,-6.45,-6.06,,-9.45,-10.9,-6.19,-6.32,,,,,,-7.2,-6.32,-5.69,-11.56,,,-6.02,-8,-10,,-0.16,-8.91,,-7.7,,-8.9,,-7.2,-9.5,,-6.87,-0.01,,,,,,-8.1,-6,,,-2.8,-5.9,-10,,-0.5,,,3.39,17,22,14,5,39,0.5985082727,0.3455611539
Duke,Miami (Fla.),-15,-14.88,,-6.61,,-16.54,-12.97,-17,-22.28,,,-24,,,-12.44,,-14.59,,-14.1,-11.91,-5,-12.85,-15.59,-32.25,-8.92,,,,,,-11.1,-13.5,-14.67,-10.42,,,-14.51,-7,-11,,-23.99,-3.43,,-14.9,,-14.1,,-15.8,-15,,-12.35,-13.5,,,,,,-13.6,-11,,,-11.1,,-15,-9.5,-13.38,,,4.78,48,0,14,-48,48,0.5216450441,0.1975432048
Georgia Southern,Florida Atlantic,2,-2.4,,-4.02,,-2.15,-0.39,0.5,-4.17,,,-4,,-0.5,-1.33,,-3.81,,-1.56,3.49,,-2.85,0.11,-5.06,0.72,,,,-4,,2.5,-1.97,-3.18,-1.79,,,-3.88,-4,1,,-6.42,6.25,,4.1,,0.3,,4.4,1.5,,3.27,-8.05,,,,,,4.9,-1,,-7.94,3.2,-5.2,2.5,2,-12.36,-3.44,,4.08,3,20,14,17,23,0.4140232159,0.4620855578
Hawaii,San Jose St.,-2.5,-5.34,,-2.21,,-6.56,-10.05,-5.45,-10.89,,,-10,,-3.5,-4.87,,-1.36,,-4.99,-12,-13,-2.95,-2.58,-9.31,-6.61,,,,-12,,-1.4,-5.11,-4.64,-1.17,,,-3.48,2,7,,-8.81,7.1,,-6.7,,-3.9,,-7.9,-2.5,,-7.29,-6,,,,,,-6.2,-4,,-0.38,-7.5,-4.4,6,3.5,-1.35,-11.46,,4.44,35,24,14,-11,59,0.4399663057,0.3810531777
Illinois,Iowa,-13.5,-15.98,,-15.27,,-20.2,-14.98,-11.51,-13.58,,,-14,,-10,-17.14,,-23.83,,-15.32,-8.31,-16,-17.05,-17.62,-30.25,-9.42,,,,-13,,-15.4,-15.24,-15.2,-17,,,-13.73,-18,-12,,-16.59,-8.81,,-11.5,,-15.5,,-11.1,-13.5,,-15.09,-14.55,,,,,,-10.8,-14,,-17.1,-23,-16.4,-13.5,-9.5,-17.23,-18.71,,3.59,35,21,14,-14,56,0.455481575,0.1732792362
Iowa St.,West Va.,6.5,5.48,,7.15,,4.44,5.2,2.5,5.47,,,9,,9,5.32,,13.12,,8.02,6.67,2,8.35,7.25,10,3.25,,,,14,,8.3,8.25,9.38,5.7,,,5.32,7,8,,12.22,11.48,,12.7,,8.4,,12.3,6.5,,8.2,7.95,,,,,,12.9,9,,11.04,8,9,6.5,-0.5,5.74,8.54,,3.31,6,42,14,36,48,0.5373395895,0.6895473797
Kansas St.,Texas,-7,-9.12,,-5.92,,-10.64,-5.82,-7.99,-13.2,,,-8,,-5,-6.94,,-7.74,,-7.97,-2.79,-9,-10.55,-7.95,-14.19,-10.62,,,,-10,,-4.8,-7.97,-5.83,-6.55,,,-10.17,-6,-7,,-9.59,-8.43,,-7.7,,-8.6,,-7.7,-7,,-10.3,-13.3,,,,,,-8.1,-7,,-4.68,-3.9,-5.1,-7,0.01,-12.27,-10.51,,2.84,69,31,14,-38,100,0.4760190165,0.3105814377
Kentucky,South Carolina,11.5,7.04,,4.18,,8.93,8.12,7.82,11.44,,,7,,5,4.84,,6.39,,8.22,9.39,4,9.35,6.32,13.5,9.46,,,,8,,7.6,7.91,6.62,4.53,,,6.42,9,13,,11.59,19.78,,9.1,,7.6,,9.1,10.5,,8.19,9.7,,,,,,7.5,10,,6.26,9.3,4.5,11.5,4.5,10.85,6.94,,2.92,18,41,14,23,59,0.4194843253,0.69471896
LSU,Alabama,-29.5,-21.73,,-9.52,,-26.65,-22.51,-23.12,-27.52,,,-36,,-29,-20.07,,-17.02,,-20.74,-23.44,,-24.55,-27.87,-13.44,-27.85,,,,-31,,-24.2,-22.12,-21.68,-16.85,,,-23.23,-11,-25,,-14.05,-3.28,,-20.3,,-24.7,,-20.8,-28.5,,-30.94,-28.7,,,,,,-18.9,-16,,-5.22,-24,-10.7,-29.5,-7,-14.58,-29.23,,7.97,55,17,14,-38,72,0.689038895,0.1215002713
Marshall,Rice,24.5,25.99,,18.41,,25.1,26.96,24.11,30.25,,,35,,27,25.35,,20.98,,24.5,30.86,,26.05,22.85,45.56,18.24,,,,39,,26.8,23.39,26.55,23.29,,,20.93,22,25,,33.88,15.07,,20,,19.8,,21.8,24.5,,22.95,17.9,,,,,,19.5,22,,16.06,23.5,17.5,23.5,11,30.9,28.77,,5.90,20,0,14,-20,20,0.5,0.9260245923
Michigan St.,Ohio St.,-22.5,-20.88,,-16.13,,-23.08,-21.43,-19.73,-19.83,,,-23,,-13,-20.57,,-27.3,,-23.54,-14.25,-24,-23.75,-28.62,-30.88,-22.99,,,,-18,,-21.2,-23,-22.62,-22.41,,,-30.57,-29,-24,,-17.97,-19.51,,-30.9,,-27.3,,-28.7,-22.5,,-23,-20.5,,,,,,-29.5,-27,,-30.55,-25,-27.8,-23.5,-19.5,-25.57,-25.43,,4.72,52,12,14,-40,64,0.474963535,0.0775978159
Missouri,Arkansas,2.5,4.43,,5.05,,7.6,4.68,8.4,3.6,,,6,,4.5,4.26,,8.42,,6.15,2.83,7,8.45,2.54,10.88,9.44,,,,5,,3.8,5.8,6.36,5.4,,,3.49,15,1,,9.91,16.33,,7.9,,4.2,,5.8,3,,-0.37,-3,,,,,,6.5,10,,,2.6,7.7,3,2,9.39,6.12,,3.68,48,50,14,2,98,0.5886150636,0.6470608653
NC St.,Georgia Tech,6.5,9.03,,8.04,,17.63,14.79,6.9,8.71,,,20,,16,10.04,,11.12,,10.04,8.8,12,11.05,8.48,18.94,8.98,,,,15,,9.3,8.89,12.84,8.39,,,7.26,8,7,,18.12,3.49,,7.7,,11.4,,7.7,7,,5.78,8.8,,,,,,6.7,9,,7.15,7.3,5.8,7,1.5,12.13,9.4,,3.93,13,23,14,10,36,0.5856849976,0.7303632199
Navy,Tulsa,-12,-10.27,,-4.81,,-16.98,-13.21,-17.91,-17.65,,,-14,,-10,-9.54,,-6.81,,-10.59,-9.59,,-10.95,-11.96,-27,-12.4,,,,-15,,-10.4,-10.47,-10.53,-4.61,,,-14.13,-2,-10,,-17.33,7.94,,-7.3,,-12.4,,-7.1,-12,,-16,-17.2,,,,,,-7.3,-9,,,-7.5,-4.4,-12,-1,-11.71,,,5.56,19,6,14,-13,25,0.5334017118,0.2644880579
Nevada,Fresno St.,6.5,2.69,,0.41,,6.74,7.75,2.84,4.32,,,9,,7,2.51,,-0.01,,3.96,5.38,2,2.85,4.31,6.81,2.6,,,,9,,3.9,3.19,3.38,1.27,,,2.32,2,8,,8.38,12.07,,1.9,,3,,1.5,6,,4.37,9.3,,,,,,1.3,5,,-4.24,3.9,-0.7,7,1.5,5.34,3.01,,3.25,26,37,14,11,63,0.4377211113,0.5965322042
New Mexico,Wyoming,-16,-15.98,,-9.79,,-12.16,-11.45,-16.01,-17.43,,,-21,,-11.5,-15.62,,-17.87,,-16.14,-10.76,-17,-20.45,-14.78,-18.88,-18.84,,,,-13,,-11.8,-16.05,-16.11,-15.33,,,-15.29,-17,-14,,-12.48,-19.65,,-17.8,,-13.7,,-16.7,-16,,-24.47,-16.45,,,,,,-15.9,-27,,-18.83,-12.5,-16.1,-17.5,-6.5,-21.35,-20.4,,4.20,16,17,14,1,33,0.4965988737,0.16283718
North Texas,Louisiana Tech,0,-8.63,,-11,,-1.74,-7.82,-8.57,-10.68,,,-12,,-8,-9.06,,-3.31,,-6.98,-6.81,,-8.65,-1.43,-9.31,-7.99,,,,-12,,-5.8,-7.58,-7.62,-6.15,,,-8.94,-6,-2,,-7.53,-0.79,,-8.6,,-6.6,,-8.9,-1.5,,-7.45,-2.6,,,,,,-8.3,-7,,-6.57,-2,-7.1,0,-2,-6.19,-8.02,,2.97,42,31,14,-11,73,0.3327939677,0.3327939677
Northern Ill.,Toledo,-9.5,-7.55,,-2.29,,-8.14,-9.49,-8.48,-9.63,,,-11,,-5,-7.2,,-0.01,,-5.76,-6.02,,-3.15,-7.7,-9.75,-3.91,,,,1,,-3.5,-5.95,-5.59,-5.87,,,-5.39,-1,-10,,-5.54,-1.75,,-7.5,,-7.6,,-8.1,-9,,-11.44,-9.1,,,,,,-8.3,2,,-1.42,-16,-4.3,-9.5,-2,1.38,-7.99,,3.97,41,24,14,-17,65,0.5903896081,0.3624238951
Notre Dame,Syracuse,33.5,29.02,,26.29,,47.8,26.22,30.36,39.98,,,32,,31,24.71,,31.86,,32.87,32.47,29,33.15,34.91,50.94,34.43,,,,35,,31.3,32.56,32.69,23.63,,,33.24,34,32,,39.61,28.29,,37.9,,31.4,,36.6,33.5,,36.63,29.25,,,,,,38.2,38,,29.72,25.5,28.3,33.5,16.5,39.62,32.65,,5.72,21,45,14,24,66,0.4851093027,0.9742860916
Oklahoma,Baylor,21.5,18.11,,13.5,,21.38,17.96,24.14,22.78,,,24,,19,15.7,,15.71,,19.24,19.49,20,22.25,21.55,29.25,25,,,,22,,16.5,19,15.92,14.81,,,18.98,19,23,,23.39,15.67,,19.2,,18.7,,18.3,21.5,,20.49,19.45,,,,,,18.2,23,,9.91,17.5,9.8,22,14.5,25.88,21.77,,3.89,14,27,14,13,41,0.4450146229,0.8804235234
Purdue,Nebraska,1,1.99,,3.56,,15.87,8.87,1.47,3.72,,,10,,5.5,1.12,,1.02,,3.5,6.61,7,2.15,2.64,2.25,2.12,,,,9,,4.9,2.28,4.53,0.6,,,2.31,2,1,,8.05,3.75,,1.1,,2,,2.6,1,,-1.08,9.2,,,,,,1.5,2,,-1.41,2.4,1.3,2,-2.5,-0.33,5.07,,3.69,37,27,14,-10,64,0.5609570513,0.585020667
Rutgers,Penn St.,-13,-9.76,,-5.43,,0.94,2.72,2.23,-2.29,,,7,,2.5,-11.46,,-16.58,,-7.06,2.9,6,-3.85,-10.3,-8.13,-2.58,,,,5,,-4.9,-6.33,-3.65,-17.29,,,-6.47,-13,-10,,-1.41,-22.81,,-9.7,,-6.1,,-8.5,-12,,-10.16,-6.2,,,,,,-9,-5,,-25.55,-13.2,-16,-11,-16.5,-7.92,-3.6,,7.74,23,7,14,-16,30,0.6316958527,0.344663919
San Diego St.,Colorado St.,7.5,10.64,,11.06,,21.92,17.98,13.36,8.46,,,14,,9,12.83,,15.08,,12.5,10.66,16,13.15,13.13,21.81,10.05,,,,9,,13,12.43,12.4,10.77,,,10.67,13,8,,14.62,16.53,,10.7,,11,,10.7,9,,7.48,12.45,,,,,,10.4,13,,14.48,8.8,14,7.5,9.5,10.35,14.15,,2.89,17,29,14,12,46,0.6216743739,0.7807424574
South Alabama,Troy St.,-4.5,-2.14,,-0.72,,0.61,-0.34,5.56,-1.65,,,1,,1,-1.79,,-3.92,,-0.86,0.56,,-0.45,-3.96,0.01,3.64,,,,2,,-1.5,-0.97,0.15,-2.99,,,-2.33,-1,-1,,1.14,-0.94,,-2.1,,-0.8,,-2.1,-3.5,,-3.05,-2.05,,,,,,-2.2,6,,-4.97,-3.9,-2.6,-4.5,-10,5.04,-0.33,,3.03,29,0,14,-29,29,0.5891004358,0.4787806794
TCU,Oklahoma St.,-2.5,-3.33,,1.1,,-0.39,-0.77,1.88,-4.76,,,-5,,-6,-2.05,,-1.5,,-1.17,0.56,-4,2.85,-0.32,-3.56,5.09,,,,-7,,-0.3,-0.94,-1.78,-2.96,,,1.41,5,-3,,-5.67,-11.14,,-1.2,,-1.1,,-2.7,-2.5,,1.1,1.35,,,,,,-2,1,,-0.64,-0.3,-1.5,-2.5,-2,4.15,0.21,,3.32,22,29,14,7,51,0.5326780493,0.4712458639
Tennessee,Florida,-17.5,-17.89,,-11.32,,-23.19,-16.54,-15.79,-24.78,,,-24,,-19,-15.78,,-18.1,,-16.7,-20.82,-22,-19.05,-14.43,-23.75,-18.73,,,,-19,,-16.4,-16.47,-16.8,-13.61,,,-14.99,-16,-18,,-19.07,2.27,,-16.7,,-15.6,,-16.2,-17.5,,-16.75,-12.6,,,,,,-16,-16,,-14.77,-14.5,-16.2,-17.5,-5.5,-24.21,-19.33,,4.97,31,19,14,-12,50,0.5191801851,0.1576876849
Texas Tech,Kansas,26.5,18.37,,13.96,,26.5,16.9,21.88,19.14,,,29,,16.5,19.45,,20.88,,21.02,20.83,17,25.45,23.63,27.69,26.55,,,,17,,19.7,20.21,19.92,16.72,,,20.42,25,31,,16.73,14.91,,24.9,,20,,22.7,25.5,,29.72,18.4,,,,,,23,38,,16.64,17.5,15.5,27.5,9.5,20.6,23.31,,5.30,13,16,14,3,29,0.3716776355,0.8954204649
Tulane,Memphis,3,1.75,,3,,2.33,6.59,11.21,1.43,,,2,,0.01,3.18,,7.35,,3.33,7.98,,7.45,2.95,8.25,10.34,,,,1,,4.9,3,3.73,0.63,,,4.88,6,-1,,-2.12,-6.92,,0.01,,6.5,,0.2,3,,6.8,8.95,,,,,,-1.1,8,,,1.3,-2.7,1.5,-4,-0.9,5.5,,4.16,21,35,14,14,56,0.5080217677,0.5804002559
USC,Washington St.,13,8.49,,4.83,,20.92,5.82,8.41,10.29,,,17,,6,7.08,,9.68,,10.88,8.1,7,8.95,14.61,17.44,11.83,,,,,,5.9,10.29,7.65,8.31,,,13.33,9,13.5,,13.24,15.89,,11.3,,13.6,,12,13,,15.51,9,,,,,,13.5,14,,5.5,15,7.2,13,12.5,11.92,6.94,,3.91,13,38,14,25,51,0.4484093846,0.7471451715
Utah,Oregon St.,14,4.88,,6.82,,-1.36,3.75,-1.17,0.36,,,1,,9,6.03,,13.15,,6.46,1.29,-11,6.15,13.29,8.81,4.48,,,,-3,,11.6,6.21,6.27,8.9,,,9.01,14,9,,3.18,7.24,,6,,6.9,,4.2,13,,7.48,4.8,,,,,,4.5,8,,15.4,6.7,8.2,11,17.5,4.99,4.39,,5.38,24,30,14,6,54,0.3264243791,0.6500218373
Utah St.,Air Force,-11.5,-13.35,,-28,,-25.63,-16.43,-12.68,-13.43,,,-13,,-6.5,-16.13,,-13.14,,-14.66,-14.81,-17,-17.65,-12.12,-19.69,-15.04,,,,-13,,-13.8,-14.15,-13.85,-10.69,,,-12.27,-15,-11,,-13.41,-4.96,,-14.3,,-15.2,,-14.6,-12.5,,-9.47,-19.7,,,,,,-13.6,-15,,-14.7,-14,-15.3,-11.5,-11,-17.89,-18.53,,4.69,35,7,14,-28,42,0.4243058798,0.1879206765
Virginia,Boston College,4,2.84,,4.2,,4.52,3.93,2.57,0.01,,,3,,-0.5,3.89,,5.94,,3.64,4.68,-2,4.65,4.23,4.63,2.79,,,,3,,2.7,3.85,4.13,4.47,,,2.45,5,8,,3.15,12.75,,3.4,,4,,3.6,4,,-2.67,0.9,,,,,,3.6,7,,7.22,3.3,4.3,4,-1,3.81,4.57,,2.67,32,43,14,11,75,0.4910789071,0.5894467859
Virginia Tech,Clemson,-23.5,-19.01,,-15.01,,-22.5,-10.82,-19.26,-22.67,,,-23,,-18.5,-16.6,,-24.77,,-18.69,-14.38,-19,-25.05,-17.47,-19.69,-24.99,,,,-16,,-16.2,-19.47,-20.12,-17.15,,,-16.35,-23,-21,,-13.87,-5.09,,-24.4,,-19.9,,-23.3,-23,,-16.13,-14.25,,,,,,-23.2,-22,,-24.29,-8.5,-21.3,-22.5,-9,-24.64,-20.35,,5.05,45,10,14,-35,55,0.6136194752,0.1309222942
Washington,Stanford,11.5,9.46,,9.75,,25.73,12.72,14.88,12,,,15,,9.5,7.91,,16.12,,13.69,7.62,18,19.55,8.48,23.25,19.1,,,,15,,17,12.94,13.15,8.35,,,7.74,20,10,,20.91,7.62,,11.7,,8.9,,10.9,11.5,,9.61,14.65,,,,,,10.1,18,,18.56,8.4,13.5,11.5,9.5,22.4,15.61,,4.83,31,26,14,-5,57,0.5525014196,0.7953281077
Western Mich.,Eastern Mich.,13.5,13.99,,7.36,,18.23,17.03,15.22,21.13,,,34,,16.5,11.41,,10.42,,15.92,15.3,30,13.15,17.29,27.19,15.39,,,,25,,14.1,14.96,17.5,9.77,,,14.03,13,14,,24.82,4.35,,14.7,,16.2,,14.3,13.5,,16.25,22.7,,,,,,14.1,13,,9.49,23.5,7.1,13.5,14.5,16.88,14.24,,6.16,53,42,14,-11,95,0.5565088934,0.8250963755
Wisconsin,Indiana,14,4.37,,9.82,,22.62,12.72,4.14,-0.36,,,4,,1,4.93,,15.13,,9.16,3.98,4,8.75,18.01,6,4.96,,,,4,,9.8,9.27,8.94,7.72,,,14.19,13,14,,3.19,7.28,,9.6,,12.5,,8.4,13,,11.79,10.75,,,,,,10.8,13,,16.02,12.1,6.3,14,12.5,5.85,12.05,,4.92,14,6,14,-8,20,0.3854390184,0.709239492
Arizona,Arizona St.,-11.5,-6.38,,-3.5,,-8.02,-4.96,-5.69,-5.52,,,-6,,-7.5,-6.41,,-3.3,,-6.55,-8.37,-4,-6.95,-10.21,-17.75,-7.51,,,,1,,-5.2,-6.62,-5.41,-7.3,,,-5.14,-5,-8,,-6.17,2.3,,-7.4,,-8.3,,-7.4,-10,,-12.5,-6.45,,,,,,-6.5,-9,,-8.07,-6.8,-8.9,-11.5,-1.5,-6.74,-7.33,,2.77,70,7,15,-63,77,0.6206406902,0.3422062861
Arkansas,Alabama,-30,-25.7,,-22.06,,-32.09,-22.22,-24.08,-23.82,,,-37,,-32,-26,,-34.18,,-28.76,-23.38,,-32.45,,-18.75,-31.36,,,,-27,,-27.8,-30.14,-29.51,-27.03,,,-30.14,-34,-31,,-18.98,-33.42,,-35,,-30.8,,-33.3,-30,,-29.43,-26.05,,,,,,-32.8,-33,,-32.68,-23.5,-32.1,-32.5,-19.5,-33.09,-32.33,,4.84,52,3,15,-49,55,0.5297820025,0.0415420009
Army,Navy,7.5,5.33,,4.26,,20.94,11.68,13.71,3.5,,,15,,13.5,7.81,,4.14,,7.59,10.04,15,5.05,13.36,18.94,7.44,,,,13,,13.7,7.67,9.23,4.65,,,9.35,5,4,,15.81,-5.28,,2.8,,8.9,,3.9,7.5,,1.36,9.4,,,,,,1.1,11,,-6.57,8.1,0.8,7,2,2.73,7.53,,5.86,0,15,15,15,15,0.5021220304,0.6731337684
BYU,San Diego St.,17,13.47,,12.18,,11.64,19.2,17.72,14.79,,,18,,20.5,14.28,,13.18,,17.03,22.04,,22.55,21.27,32.44,22.09,,,,22,,24.8,18,18.36,11.44,,,16.77,18,14,,18.85,7.99,,19.1,,21,,17.6,17,,20.17,17.35,,,,,,18.9,18,,7.25,10.4,7.8,16.5,10.5,12.64,18.98,,4.63,14,28,15,14,42,0.5007237201,0.8484487675
Ball St.,Western Mich.,-2,1.82,,2.61,,5.79,1.35,10.39,5.46,,,8,,1.5,0.62,,4.19,,4.5,13.04,-1,12.85,2.32,-9.31,16.63,,,,7,,2.2,4.34,4.59,-0.56,,,1.23,6,2,,6.48,3.77,,5.1,,4.1,,3.7,-0.5,,1.91,4.6,,,,,,5.7,12,,2.03,2.9,4.5,2.5,-8,9.09,6.37,,4.51,27,30,15,3,57,0.6531707208,0.6074567534
Baylor,Oklahoma St.,-6,-3.56,,0.01,,-3.78,-2.42,-0.48,-3.74,,,-9,,-10,-3.45,,-0.61,,-2.88,-1.66,-9,0.95,-4.18,-15,0.81,,,,-11,,-0.6,-2.28,-2.53,-3.48,,,-2.36,4,-4,,-11.82,-3.36,,-1.9,,-2.2,,-1.8,-5,,0.81,-1.4,,,,,,-2.6,-9,,3.93,-3.9,0.8,-5.5,0.5,2.44,-2,,3.88,42,3,15,-39,45,0.5757070079,0.4300540576
Buffalo,Akron,33,30.81,,23.73,,34.28,35.19,35.31,31.83,,,37,,22.5,32.25,,40.06,,35.53,41.13,38,43.95,39.91,41.5,42.39,,,,36,,34.7,35.66,37.29,28.45,,,33.71,39,30,,34.04,26.51,,38.4,,37.8,,34.8,33.5,,44.65,33.4,,,,,,36.2,45,,37.49,27,34.9,32.5,21.5,46.54,40.02,,6.34,7,56,15,49,63,0.5588293149,0.9811664787
Colorado,Utah,2,-1.91,,-0.98,,15.65,11.89,4.95,1.88,,,18,,2,-1.45,,-4.69,,1.08,12.79,11,-3.75,0.29,0.81,-2.74,,,,20,,-2.4,-0.12,3.64,-5.85,,,0.84,-6,3,,11.39,-8.24,,-4.7,,2.1,,-1.7,2,,-0.52,7.85,,,,,,-2.8,1,,-14.85,2.3,-7.7,2,-5,-6.42,3.19,,7.75,38,21,15,-17,59,0.4792351506,0.5243719647
Eastern Mich.,Northern Ill.,6,5.21,,5.03,,4.72,7.68,10.88,8.36,,,14,,7,4.73,,5.64,,7.14,9.15,7,11.35,6.05,1.94,11.33,,,,9,,6.6,6.95,8.38,2.55,,,5.22,11,3,,8.27,8.39,,4.6,,5.8,,4.6,6,,6.89,6.4,,,,,,4.2,9,,7.13,7.2,6.1,6,6.5,7.6,8.5,,2.41,33,41,15,8,74,0.5283019985,0.6717309931
Florida,LSU,23.5,11.17,,5.02,,25.06,18.03,17.58,14.54,,,29,,24.5,11.27,,10.17,,15.13,21.38,16,15.15,18.83,16.44,18.92,,,,22,,17.9,15.56,15.51,7.57,,,15.38,8,23,,20.05,0.73,,13.7,,15.6,,14.1,22.5,,18.48,22.35,,,,,,13.9,16,,-0.19,24,5.4,23.5,6.5,12.13,18.66,,6.84,37,34,15,-3,71,0.3141247947,0.8092805005
Florida St.,Duke,3.5,2.06,,1.06,,1.46,0.73,3.47,0.39,,,5,,3,2.25,,0.72,,3.43,2.89,,4.75,8.33,2.38,-0.97,,,,5,,2.9,3.12,2.72,3.63,,,5.64,4,3,,5.14,3.2,,6.6,,2.4,,5.2,3.5,,10.06,-3.1,,,,,,6.2,5,,3.03,0.3,3.9,5,8,2.48,3.63,,2.64,35,56,15,21,91,0.4982647443,0.5843884167
Georgia Southern,Appalachian St.,-9.5,-7.34,,-6.35,,-2.24,-5.57,-2.07,-4.68,,,-3,,-2,-8.79,,-6.31,,-6.95,-3.23,-7,-6.75,-6.82,-20.75,-6.18,,,,-4,,-3.4,-6.33,-5.96,-8.56,,,-9.82,-5,-11,,-6.23,-8.75,,-9,,-8.2,,-7.9,-9,,-12.02,-3.9,,,,,,-9.2,-5,,-11.23,-5.4,-8.4,-9.5,-12,-5.76,-8.39,,2.63,34,26,15,-8,60,0.5629560318,0.3329058413
Georgia Tech,Pittsburgh,-7,-8.7,,-7.09,,-12.43,-9.28,-4.71,-6.63,,,-9,,-7,-10.63,,-8.37,,-7.69,-5.41,,-7.45,-8.35,-15.13,-2.23,,,,-8,,-5.6,-8,-9.56,-8.69,,,-8.67,-6,-4,,-9.15,-7.36,,-8.7,,-10,,-9.1,-7,,-7.32,-3.55,,,,,,-7.7,-8,,-10.08,-3.9,-8,-7,-1.5,-4.51,-9.04,,2.35,34,20,15,-14,54,0.482851466,0.3158937896
Hawaii,UNLV,19.5,13.33,,10.17,,19.26,13.66,16,16.3,,,21,,15,12.67,,11.94,,15.66,20.44,14,19.45,15.33,20.69,15.66,,,,19,,14.7,15.57,15.67,11.13,,,13.33,15,25,,15.27,15.91,,16.8,,13.7,,15.9,18.5,,15.84,17.7,,,,,,16.7,13,,16.03,15,14,20,14,18.86,15.48,,2.60,21,38,15,17,59,0.4056642523,0.8348474488
Iowa,Wisconsin,-2,-1.27,,-0.01,,-7.98,-1.09,-0.33,0.11,,,2,,4,-1.35,,-2.33,,-0.44,4.58,1,2.75,-2.02,-1.5,2.28,,,,1,,-0.4,-0.73,0.81,-3.18,,,-6.56,5,3,,4.56,-3.25,,-3.4,,-3.7,,-2.6,-2,,-2.95,-1.65,,,,,,-4.1,3,,-3.93,2.7,1.5,-1,0.5,3.98,-1.06,,3.12,7,28,15,21,35,0.5384085928,0.4891513544
Louisville,Wake Forest,0,-4.52,,-2.42,,-3.42,-5.09,-7.13,-7.53,,,-7,,-4.5,-3.76,,-2.3,,-1.84,-5.77,,-3.55,0.53,-11,-2.33,,,,-8,,-0.8,-2.38,-5.41,-1.76,,,-0.38,0.01,4,,-9.22,9.75,,2.4,,-4.4,,2.9,0,,4.92,8.15,,,,,,3.9,-2,,-0.74,3.1,-0.7,1.5,8.5,-2.48,-4.19,,4.64,21,45,15,24,66,0.4557048698,0.4557048698
Maryland,Rutgers,3,4.25,,3.92,,0.78,3.72,6.75,6.32,,,12,,5,2.4,,3.73,,4.8,11.36,2,5.25,7.36,6.5,9.74,,,,12,,2.8,4.38,5.51,4.51,,,0.18,4,9,,12.65,1.36,,-3.9,,2.8,,-3.1,3,,11.81,5.2,,,,,,-4.1,-2,,6.08,11.6,0.01,7.5,9,3.73,3.34,,4.49,27,24,15,-3,51,0.5434420629,0.6144582331
Memphis,Houston,-4.5,-1.62,,2.07,,6.18,-3.41,-5,-2.06,,,1,,6,-2.65,,5.59,,1.12,-2.91,,0.55,2.01,-1.38,-3.37,,,,-3,,-2,0.77,1.03,-0.01,,,-3.59,5,-3,,3.48,12.1,,2.9,,-2.8,,3.7,-3.5,,-7.5,-7.55,,,,,,3.6,8,,9.57,-2.2,7.4,-5,8,5.91,-2.48,,4.85,27,30,15,3,57,0.632539249,0.5268987147
Miami (Fla.),North Carolina,3,4.83,,4.26,,6.51,6.67,6.61,5.78,,,15,,12.5,4.87,,6.89,,5.71,5.37,,7.65,9.45,4.63,2.58,,,,12,,5.5,5.64,7.85,3.95,,,6.32,1,3,,8.04,-0.71,,1,,6.3,,2.9,3.5,,9.77,10.1,,,,,,1,5,,-0.29,4.8,0.8,3,6,2.72,7.82,,3.58,62,26,15,-36,88,0.5661281852,0.6371572494
Mississippi St.,Auburn,-6.5,-8.12,,-6.35,,-7.28,-5.62,-9.63,-7.12,,,-8,,-7.5,-8.78,,-6.01,,-8.64,-4.82,,-11.55,-4.78,-21.13,-14.04,,,,-9,,-4.9,-8.53,-7.53,-8.74,,,-9.12,-7,-7,,-12.85,-11.09,,-8.6,,-8.7,,-8.9,-6.5,,-7.35,-2.6,,,,,,-9.3,-12,,-13.05,-5.3,-10.1,-6.5,-4.5,-11.22,-8.46,,2.64,24,10,15,-14,34,0.4471021818,0.2956628562
Missouri,Georgia,-14,-9.99,,-8.72,,-6.05,-7.16,-5.45,-7.09,,,-9,,-8,-11.15,,-10.55,,-9.01,-7.37,,-4.65,,-6.69,-1.73,,,,-8,,-11.1,-9,-10.1,-11.73,,,-13.53,-6,-13,,-6.24,-11.4,,-11.4,,-13.6,,-10.9,-12.5,,-11.57,-7.15,,,,,,-11.8,-7,,-11.94,-8.8,-10.5,-13,-8.5,-10.13,-10.23,,2.63,49,14,15,-35,63,0.6217628838,0.2877583405
Nebraska,Minnesota,9.5,-0.48,,1.67,,0.67,6.07,3.53,-0.73,,,4,,0.5,0.76,,0.91,,1.85,5.66,-1,1.55,5.15,-0.25,-0.81,,,,7,,2,1.74,2.8,-1.53,,,2.01,1,10,,3.17,-10.84,,1.8,,3.6,,0.7,8,,8.6,8.55,,,,,,1.8,5,,-4.06,6.6,-1.1,10.5,-1,-2.62,4.89,,3.70,24,17,15,-7,41,0.3194293218,0.5451788316
New Mexico,Fresno St.,-14,-8.41,,-7.16,,-7.83,-4.53,-5.79,-7.02,,,-13,,-8.5,-9.04,,-11.87,,-8.71,-4.02,-13,-7.55,-8.73,-19.31,-6.22,,,,-4,,-8.3,-8.38,-8.35,-9.23,,,-8.59,-8,-9,,-8.05,-7.44,,-11.8,,-5.7,,-11.2,-13,,-14.53,-7,,,,,,-11.4,-16,,-12.83,-4.2,-9.7,-11.5,1,-8.56,-10.77,,3.31,39,49,15,10,88,0.6278778784,0.2955813465
Northwestern,Illinois,13.5,11.62,,14.78,,29.03,21.75,13.08,7.81,,,21,,14.5,14.4,,12.73,,14.54,13.32,15,10.15,18.9,33.88,8.53,,,,25,,16.5,13.66,16.63,12.25,,,14.23,14,15,,26.03,2.23,,9.7,,16.3,,8.7,13.5,,11.72,15.1,,,,,,8,10,,6.31,16,8.9,14,9.5,12.68,18.03,,5.56,10,28,15,18,38,0.5246530996,0.8063456702
Oregon St.,Stanford,-3,-2.62,,-0.47,,6.41,2.69,3.69,-2.6,,,-3,,-2,-1.77,,-0.17,,1.04,-1.08,-3,5.95,-0.58,7.94,4.13,,,,-4,,2.3,1.09,0.48,-3.49,,,-2.63,6,-4,,-2.17,3.54,,1.7,,-1.9,,3.8,-2.5,,-1.07,2.05,,,,,,1.7,6,,5.38,-4.2,2.4,-3,-2,5.39,1.72,,3.27,27,24,15,-3,51,0.5984255143,0.5255823691
Penn St.,Michigan St.,15,8.61,,9.32,,13.73,11.08,9.62,2.48,,,6,,4.5,11.47,,14.12,,12,7.28,2,12.95,14.84,9.69,9.47,,,,4,,8.8,12.61,10.75,12.27,,,15.76,19,13,,8.72,19.61,,14.7,,15.5,,13.9,15,,13.37,14.6,,,,,,14.6,18,,15.47,12,14,15,17,11.02,13.6,,4.36,24,39,15,15,63,0.4277000199,0.7669781156
Rice,UAB,-7,-5.89,,-0.7,,1.12,-10.47,0.28,0.48,,,-6,,-7,-8.18,,-4.16,,-4.55,-1.47,,-0.85,-5.21,-18.81,3.36,,,,-8,,-7.2,-4.81,-3.73,-9.66,,,-7.09,3,-9,,-6.03,-5.46,,-5.5,,-4,,-7.7,-7,,-8.41,-2.7,,,,,,-5.3,-1,,-1.5,-4.4,-2.7,-7.5,-6,-2.82,-4.27,,3.46,21,16,15,-5,37,0.5599324799,0.3897182356
San Jose St.,Nevada,0,1.86,,4.2,,7.48,8.73,4.83,6.14,,,6,,-1.5,1.3,,6.93,,4.12,14.29,5,7.75,0.81,5.5,7.37,,,,11,,1.5,5.29,5.28,-1.1,,,1.24,4,5,,7.82,-5.62,,-0.4,,5.3,,0.9,0.5,,5.6,5.7,,,,,,0.01,-4,,7.47,2.1,6.3,3,6,1.13,6.31,,4.04,20,30,15,10,50,0.5992871227,0.5992871227
Southern Miss.,Florida Atlantic,-9,-11.55,,-9.96,,-13.77,-10.1,-8.08,-11.12,,,-13,,-10.5,-12.15,,-15.78,,-9.87,-6.39,,-9.95,-7.85,-20.38,-6.13,,,,-14,,-7.6,-10.03,-11.54,-11.45,,,-7.34,-9,-7,,-15.17,1.3,,-7.8,,-7,,-7,-9,,-5.5,-15.45,,,,,,-6.2,-11,,-11.67,-7.1,-12.4,-9,1,-15.69,-8.14,,3.95,31,45,15,14,76,0.4787929124,0.2731359791
TCU,Louisiana Tech,21.5,18.65,,20.95,,17.65,12.91,13.94,17.46,,,10,,4.5,19.86,,21.42,,18.67,7.11,,23.05,24.51,30.19,21.87,,,,5,,16.2,19.41,18.95,18.61,,,21.07,21,24,,16.39,18.87,,24.9,,20,,22.5,21.5,,25.86,27.55,,,,,,25.1,21,,18.17,14.5,14.5,21.5,6.5,26.03,25.48,,6.03,10,52,15,42,62,0.4338251633,0.8641983919
Toledo,Central Mich.,11.5,5.02,,4.66,,12.49,5.01,10.14,4.47,,,5,,4,5.48,,6.95,,5.35,10.42,3,8.85,6.88,-1.31,11.77,,,,1,,5.5,5.12,4.82,5.17,,,3.91,7,13,,5.07,-2.78,,2.1,,6.4,,3.5,10.5,,9.41,5.3,,,,,,2.3,9,,-1.96,10.8,2.2,11.5,-0.5,7.2,7.24,,3.52,23,24,15,1,47,0.3526291976,0.6289338436
Troy St.,Coastal Carolina,-13.5,-11.62,,-7.84,,-13.29,-12.56,-17.76,-16.79,,,-22,,-22.5,-12.01,,-13.67,,-13.97,-15.72,,-17.75,-9.61,-31.31,-21.69,,,,-19,,-13,-13.84,-14.88,-7.34,,,-12.52,-7,-15,,-21.36,-2.41,,-16.4,,-13.5,,-15.2,-13.5,,-18.13,-10.75,,,,,,-15.5,-14,,-5.21,-7.9,-10.9,-13.5,9,-25.59,-15.12,,6.46,42,38,15,-4,80,0.489061591,0.207514962
UCLA,USC,-3.5,-3.69,,-0.73,,0.65,2.42,-1.2,-3.21,,,-6,,-2.5,-2.76,,-3.61,,-4.02,4.35,-5,-3.75,-5.73,-7.44,-5.5,,,,2,,-1.9,-3.7,-2.69,-5,,,-3.23,-5,-2,,-4.35,-15.04,,-9.3,,-2.8,,-7.8,-3.5,,-3.71,2.5,,,,,,-9.4,-6,,-7.43,-3.3,-4.9,-2.5,-11,-6.26,-1.44,,3.86,43,38,15,-5,81,0.4873037691,0.4028135586
UTEP,North Texas,10,-6.65,,-5.22,,4.05,2.34,2.16,-6.62,,,-6,,-3,-5.2,,-2.69,,-4.37,3.68,,2.15,-7.02,1.75,-0.35,,,,-6,,-3.3,-5.1,-5.22,-8.11,,,-4.17,-2,7,,3.02,-14.37,,-6.5,,-3.9,,-4.5,8.5,,-12.97,0.35,,,,,,-6.7,-5,,-12.02,-3.4,-7.5,10,-12.5,-8.36,-7.52,,4.64,45,43,15,-2,88,0.1924685862,0.3958060245
Vanderbilt,Tennessee,-15.5,-13.11,,-9.42,,-8.55,-9.02,-13.27,-13.5,,,-14,,-10,-13.42,,-12.97,,-12.73,-8.5,,-13.55,,-21.19,-12.47,,,,-14,,-11.6,-12.97,-11.85,-12.41,,,-13.01,-9,-14,,-11.24,-16.57,,-15.8,,-14.8,,-15.1,-14.5,,-17.85,-8.4,,,,,,-15.2,-11,,-14.86,-14,-12.7,-15,-10,-10.54,-12.61,,2.46,42,17,15,-25,59,0.5684555086,0.214036802
Virginia Tech,Virginia,2.5,-1.3,,0.15,,-2.16,2.88,-4.07,-3,,,-1,,-0.5,-0.75,,1.72,,0.12,-0.14,-2,-4.35,4.55,-0.44,-7.99,,,,1,,2,-0.3,-0.16,-0.01,,,5.05,1,3,,-2.33,7.08,,-3.3,,1.5,,-3.3,2,,6.75,6.2,,,,,,-3.3,-3,,-1.38,3.1,-1.1,2.5,15.5,-10.38,-0.17,,4.50,15,33,15,18,48,0.4426517187,0.5029015156
Wyoming,Boise St.,-9.5,-9.96,,-3.62,,-0.89,-4.14,-9.45,-13.62,,,-12,,-8,-8.03,,-6.8,,-8.51,-11.01,-12,-9.55,-10.43,-18.75,-9.42,,,,-18,,-5.9,-8.02,-8.09,-7.83,,,-6.07,-5,-12,,-17.1,-7.71,,-8.6,,-9.9,,-8.1,-9.5,,-5.97,-5.35,,,,,,-9.3,-1,,-6.35,-6.7,-4.9,-11.5,-6,-15.52,-7.35,,3.85,17,9,15,-8,26,0.5241639586,0.3011915454
Army,Air Force,-2.5,-3.37,,-4.96,,0.87,-1.59,-1.88,-2.28,,,4,,10.5,-4.18,,-5.03,,-2.54,-0.01,,-5.35,1.32,0.75,-2.86,,,,4,,-0.5,-2.79,-2.06,-3.76,,,0.72,-4,0,,2.77,-9.02,,-5.3,,0.2,,-4.6,-2.5,,-9.22,-7.4,,,,,,-5.3,-2,,-10.56,0.01,-6.2,-2.5,-8.5,-2.71,-4.06,,4.22,7,10,16,3,17,0.4990285739,0.438559299
Buffalo,Ball St.,13.5,8.8,,4.81,,8.96,8.08,13.29,7.64,,,8,,,9.85,,4.81,,9.6,14.01,,10.9,11.97,12.13,9.04,,,,8,,9.2,9.45,8.41,8.9,,,10.79,10,14,,8.12,7.3,,11.9,,10.5,,12.5,12.5,,11.17,9.45,,,,,,11.3,11,,4.84,13.9,5,13.5,7.5,12.64,11.26,,2.61,38,28,16,-10,66,0.4042288319,0.7246517831
Cincinnati,Tulsa,13.5,11.21,,12.16,,14.64,14.12,15.46,8.73,,,14,,17,12.32,,16.61,,14.23,16.09,,18.65,17.15,15.31,17.8,,,,12,,13.3,14.4,13.07,12.24,,,11.79,18,13.5,,10.68,19.1,,18.8,,12.6,,18.1,13.5,,16.53,12.1,,,,,,17.2,20,,12.92,15.5,12,14.5,-4.5,15.28,14.16,,4.24,24,27,16,3,51,0.5177187229,0.8067709702
Florida,Alabama,-16.5,-15.33,,-13.91,,-20.81,-13.64,-18.83,-15.92,,,-27,,-25,-15.26,,-18.33,,-16.79,-14.99,,-24,-15.48,-3.06,-25.48,,,,-14,,-17.6,-17.28,-16.96,-14.88,,,-17.78,-20,-14.5,,-4.52,-8.21,,-19.9,,-19.2,,-19.7,-16.5,,-22.56,-14.95,,,,,,-18.1,-24,,-12.52,-9.2,-15.1,-17,-9,-18.93,-20.46,,5.00,52,46,16,-6,98,0.4930488356,0.1565257554
Iowa St.,Oklahoma,-5.5,-4.03,,-4.44,,-2.68,-3.75,-1.23,-1.37,,,2,,2,-5.08,,-8.16,,-3.26,-2.43,,1.6,-5.31,-1.94,-2.36,,,,-1,,-3.1,-2.89,-2.41,-6.28,,,-5.85,-6,-4.5,,0.4,-10.95,,-0.9,,-5.5,,-1.3,-5.5,,-1.96,1.2,,,,,,-1.1,-1,,-6.35,-3.5,-3.3,-5.5,-12.5,-4.23,-4.57,,3.25,27,21,16,-6,48,0.554977607,0.4202712749
LSU,Mississippi,-1,4.33,,8.38,,5.65,0.96,5.1,4.65,,,3,,-1,2.47,,9.61,,6.25,6.85,,8.15,0.87,0.13,7.22,,,,2,,1.6,5.65,6.01,5.95,,,4.28,16,4,,5.65,24.98,,7.9,,3.4,,7.2,0.5,,0.72,-1.5,,,,,,6.8,11,,18.42,1,11.4,-3,10,13.81,1.97,,5.54,48,53,16,5,101,0.6668522106,0.6449629591
Marshall,UAB,5,3.34,,9.19,,10.8,8.19,7.72,-2.05,,,11,,,6.64,,8.84,,6.43,3.83,,7.55,10.71,16.5,-6.68,,,,7,,7.2,6.64,7.47,6.22,,,6.39,12,7,,10.41,5.14,,6.5,,4.6,,6.2,5,,-1.69,5.15,,,,,,6.2,7,,8.53,3.1,5.5,5,-1.5,13.16,4.92,,4.18,22,13,16,-9,35,0.5347113383,0.6523706305
Mississippi St.,Missouri,-1,-1.7,,1.02,,-4.78,-1.47,-0.89,-5.31,,,-6,,-7,-0.79,,3.17,,-1.92,-1.78,,-2.65,1.04,-13.56,-3.54,,,,-6,,1.5,-1.45,-2,0.91,,,-1.66,-1,-1,,-8.12,-2.12,,0.2,,-0.01,,0.2,-1,,-0.46,1.6,,,,,,0.6,-2,,-1.44,-1.5,-1.3,-1,1.5,-3.12,-0.8,,2.61,32,51,16,19,83,0.4771983121,0.4525007159
Notre Dame,Clemson,-10.5,-4.96,,-6.08,,-1.27,-6.47,-6.43,-0.77,,,2,,3,-6.72,,-11.61,,-5.76,-1.14,,-10.6,-9.83,-1.13,-6.73,,,,-1,,-3.4,-6.45,-7.06,-7.3,,,-7.51,-9,-7.5,,-0.21,-4.87,,-8,,-8.4,,-6.8,-9.5,,-6.05,-2.85,,,,,,-5.8,-11,,-9.3,-4.9,-6.6,-10.5,-15,-6.42,-7.3,,3.81,34,10,16,-24,44,0.6142176814,0.3621174187
Ohio St.,Northwestern,17,17.59,,14.39,,8.53,5.78,14.4,16.42,,,6,,2.5,15.84,,18.49,,16.65,13.96,,21.3,15.88,11.94,21.74,,,,14,,13.6,17.21,16.07,20.55,,,19.64,25,20.5,,5.96,16.29,,19.2,,17.6,,18.5,17,,17.91,13.85,,,,,,19.5,22,,31.9,24,24.4,20.5,17.5,20.38,16.91,,5.90,10,22,16,12,32,0.4917549943,0.837254483
Oregon St.,Arizona St.,-7,-8.07,,-4.68,,-13.94,-7.77,-5.55,-5.7,,,-7,,-5.5,-10.15,,-8.66,,-6.55,-7.17,,-9.95,-11.12,-1.75,-8.37,,,,-5,,-4.9,-6,-8.05,-8.54,,,-8.12,-1,-8,,-4.09,2.73,,-3.6,,-13.4,,-2.7,-7,,-17.89,-10.65,,,,,,-3.2,-6,,,-4.5,-2.2,-7,-2.5,0.53,-10.71,,4.18,46,33,16,-13,79,0.5109355196,0.344933183
Penn St.,Illinois,16,13.29,,13,,16.77,9.34,10.21,6.17,,,10,,8,15.21,,17.71,,14.02,10.45,,12.25,14.76,20.81,10.72,,,,11,,14,14,13.26,18.5,,,13.15,19,15,,16.68,16.35,,10.6,,14.5,,10.2,16,,15.22,18.6,,,,,,10.8,11,,,23.5,16.4,15,16,18.91,14.49,,3.68,21,56,16,35,77,0.4516469134,0.8051960898
Rutgers,Nebraska,-6.5,-3.17,,-3.39,,5.99,0.79,2.9,2.64,,,4,,3,-4.22,,-7.49,,-1.99,3.35,,0.25,-3,-9,4.18,,,,3,,0.8,-2.1,-0.63,-7.55,,,-0.9,-1,-6,,1.44,-6.36,,-4.8,,-2.1,,-3.4,-5.5,,-5.84,-0.65,,,,,,-2.9,-5,,,-7.2,-7.1,-6.5,-12.5,-2.77,-1.14,,4.16,28,21,16,-7,49,0.6082661707,0.4517447284
San Jose St.,Boise St.,-6.5,-8.04,,-4.12,,0.01,-0.01,0.12,-3.02,,,7,,1.5,-8.01,,-9.89,,-4.88,1.18,,-3.7,-5.32,-8.94,-2.28,,,,6,,-4.3,-4.34,-2.63,-12.33,,,-6.44,-11,-8,,-1.73,-16.36,,-9.5,,-9.8,,-8.5,-6.5,,-1.97,3,,,,,,-10.4,-6,,-9.63,-3.2,-5.1,-6.5,-15,-3.07,-4.39,,5.35,20,34,16,14,54,0.5385204162,0.3854053673
Tennessee,Texas A&M,-13.5,-11,,-9.14,,-22.13,-9.26,-11.18,-13.64,,,-15,,-16,-10.44,,-12.88,,-12.32,-12.27,,-12.75,-13.18,-20.44,-12.82,,,,-15,,-10.2,-12.23,-11.76,-9.08,,,-12.18,-10,-14,,-16.77,-9.32,,-14.4,,-11,,-14.4,-13.5,,-13.37,-11.3,,,,,,-13.8,-13,,-7.8,-10.3,-9.2,-14,-3,-14.25,-11.35,,3.16,34,13,16,-21,47,0.529056579,0.223295576
UCLA,Stanford,6.5,3.2,,4.36,,14.75,12.22,10.61,3.4,,,5,,2,4.54,,5.49,,6.32,9.51,,8.65,5.13,13.81,6.8,,,,4,,7.2,5.49,5.33,1.76,,,5.61,6,8,,4.29,-2.25,,4.9,,8.1,,6.1,6.5,,10.85,15.15,,,,,,5.3,7,,,4.9,4.5,7,-4.5,8.03,9.52,,3.97,48,47,16,-1,95,0.4956117184,0.6503341158
USC,Oregon,3,3.16,,1.77,,8.8,7.67,12.98,8.01,,,18,,,1.46,,1.63,,6.16,11.52,,9.75,2.03,10.94,11.77,,,,15,,4.7,5.07,5.59,-0.7,,,2.36,4,1,,11.26,6.85,,4.8,,5.3,,4.2,3,,0.97,4.7,,,,,,5.2,9,,,3,-1.2,3,6.5,4.94,3.65,,4.50,31,24,16,-7,55,0.5759438459,0.6455587985
Utah,Washington St.,10.5,7.12,,6.18,,22.3,9.17,12.69,6.67,,,11,,5,7.32,,13.66,,10.37,9.67,,13.95,9.32,10.69,10.49,,,,14,,11,10.1,9.03,7.34,,,8.98,12,10,,14.11,6.72,,6.7,,8.7,,8,10.5,,10.1,10.9,,,,,,6.4,11,,,13.7,11,10.5,10,17.21,10.99,,3.54,28,45,16,17,73,0.4968112043,0.7381369437
Wisconsin,Minnesota,12.5,10.03,,11.5,,22.54,17.25,11.5,6.7,,,13,,6.5,12.77,,17.52,,13.03,9.01,,13.85,21.53,29.06,9.72,,,,15,,15.9,12.77,12.66,11.73,,,17.67,14,14,,10.79,7.77,,13.5,,16.2,,11.8,12.5,,12.02,15.45,,,,,,14,14,,,7,7.9,12.5,2.5,7.37,16.37,,4.29,17,20,16,3,37,0.512856542,0.7859433756
Alabama,Notre Dame,20,15.89,,16.39,,13.58,17.36,16.99,15.59,,,19,,25.5,16.3,,18.95,3,16.22,16.23,8,25.5,17.82,3.56,24.38,,,,,,12.8,17,17.31,15.78,,,12.49,20,7.5,,2.03,5.97,,19,,17.2,,17.9,19.5,,22.58,17.95,,,,,,17,23,,15.06,8.5,18.8,19.5,16,,22.27,,5.51,14,31,17,17,45,0.4110021587,0.8328122419
Appalachian St.,North Texas,21,20.5,,16.99,,20.53,21.66,22.7,22.08,,,28,,,20.93,,26.56,17,23.01,21.57,,24.7,20.17,34.63,20.95,,,,,,26,22.69,22.58,18.54,,,18.75,23,18,,24.6,23.94,,28.7,,23.9,,27.3,21,,29.66,24.65,,,,,,28,27,,,16,23.8,21,14,20.25,22.68,,3.90,28,56,17,28,84,0.5489301044,0.9203755218
Army,West Va.,-7,-8.58,,-7.66,,-0.34,-5.16,-6.97,-8.08,,,4,,5,-8.8,,-1.26,5.8,-6.54,1.21,,-10.9,-6.52,-8.31,-13.35,,,,,,0.3,-7.9,-7.04,-8.83,,,-8.59,-8,-9,,0.62,-11.98,,-10,,-6.8,,-8.2,-7,,-25.26,-7.9,,,,,,-10,-12,,,-5.5,,-7.5,-6,,-10.86,,6.05,24,21,17,-3,45,0.5108000667,0.3501421476
BYU,Central Florida,6.5,4.22,,2.67,,9.84,7.78,12.48,6.37,,,21,,15,4.74,,-0.63,12,5.8,8.32,10,7.3,1.46,9.5,7.26,,,,,,14.4,4.74,6.96,1.86,,,-2.52,2,3,,6.69,-2.64,,3.2,,4.3,,3.2,6.5,,10.8,9.4,,,,,,3.3,3,,,3.1,-1.4,6.5,1.5,0.54,5.9,,5.21,23,49,17,26,72,0.483290763,0.6357565931
Buffalo,Marshall,4.5,2.97,,-0.23,,-1.43,-0.24,7.12,4.83,,,-5,,-12,2.16,,-1.46,6.4,3.02,5.76,,6.1,3.2,-1.75,13.05,,,,,,3.1,3.35,2,1.86,,,1.83,5,1,,3.36,-4.71,,7.5,,3.6,,7,4.5,,7.36,3.35,,,,,,6.3,9,,,3.8,1.4,4.5,5.5,5.85,,,4.60,10,17,17,7,27,0.464323007,0.5724940174
Cincinnati,Georgia,7,-7.06,,-9.15,,2.67,-4.23,-1.78,-4.48,,,7,,7.5,-7.26,,-12.17,4.6,-5.12,-0.28,10,-5.8,-6.39,-2.13,-3.27,,,,,,-0.5,-6.5,-7.73,-8.92,,,-7.21,-9,8,,1.24,-14.02,,-8.8,,-6.5,,-7.7,5.5,,-9.06,-5.1,,,,,,-7.8,-12,,-9.37,-3.4,-8.3,,-4.5,,-8.29,,5.70,24,21,17,-3,45,0.2361824276,0.3807230085
Clemson,Ohio St.,7.5,-0.39,,0.36,,0.87,-0.01,10.32,0.18,,,-5,,19.5,0.35,,3.37,12.1,1.47,-0.46,3,-0.3,3.86,1.25,-2.23,,,,,,-0.01,0.24,-0.55,-1.77,,,0.01,1,20.5,,0.24,6.45,,0.2,,2.8,,1.7,6.5,,2.06,0.2,,,,,,0.01,2,,-7.23,6.7,-4.1,7.5,1,,-2.9,,4.81,49,28,17,-21,77,0.3580944076,0.5353113545
Coastal Carolina,Liberty,7.5,7.48,,5.15,,7.47,10.36,10.29,10.39,,,17,,18,7.6,,11.1,13.3,8.42,11.86,,6.4,3.37,12.25,12.24,,,,,,15.6,7.72,9.53,5.6,,,7.58,1,4,,10.32,5.37,,6.9,,8.5,,4.6,7.5,,7.83,4.8,,,,,,7,5,,,7.9,6.5,7.5,-2.5,10.66,,,4.22,37,34,17,-3,71,0.5223327966,0.6958867881
Georgia St.,Western Kentucky,4,3.27,,2.44,,4.2,7.1,8.67,4.87,,,9,,7.5,3.26,,-1.95,10.4,3.51,9.86,6,1.1,0.95,8.69,-1.32,,,,,,8,3.27,4.52,1.76,,,2.53,-2,5,,6.66,-1.8,,1.5,,3.3,,0.4,4,,10.39,3.7,,,,,,0.6,-2,,,3,2.9,4,-7.5,5.29,3.62,,4.03,21,39,17,18,60,0.4880659837,0.5848492538
Houston,Hawaii,8.5,8.56,,4,,1.74,9.65,9.36,7.73,,,4,,4.5,9.34,,7.68,13.5,8.59,6.1,2,8.6,16.91,11.81,6.5,,,,,,8.4,8.63,6.75,8.63,,,13.16,10,13,,6.55,4.16,,10.2,,14.8,,8.9,8.5,,12.96,9.85,,,,,,10.6,13,,,15,1.4,8.5,4,1.74,10.66,,4.05,28,14,17,-14,42,0.5021917164,0.6999848985
Indiana,Mississippi,8,6.56,,4.31,,18.72,7.09,13.15,10.37,,,23,,0.01,5.44,,5.08,12.8,9.36,13.88,11,12.9,3.92,9.19,14.65,,,,,,10.8,8.57,9.89,4.33,,,8.57,7,7,,15.49,20.75,,10.3,,7.5,,9.4,8,,8.28,3.5,,,,,,8,12,,5.35,7.6,5,7,3.5,,9.2,,5.07,26,20,17,-6,46,0.5325191587,0.7128149067
Iowa St.,Oregon,4,2.46,,0.41,,8.83,-0.01,9.9,3.8,,,10,,15.5,3.01,,-0.01,2.9,3.48,-4.94,7,10.1,1.18,9.44,7.29,,,,,,2.9,3.4,1.73,0.59,,,0.31,4,3,,4.56,-7.09,,4.1,,3.6,,4.2,4,,7.21,8.2,,,,,,3.4,5,,-6.86,2.6,-1.6,4.5,-1.5,,6.54,,4.75,17,34,17,17,51,0.48748249,0.5831729124
Kentucky,NC St.,-2.5,4.06,,6.15,,-4.92,3.38,1.12,2.49,,,-5,,-9.5,4.61,,9.55,-12.4,3.08,1.74,-9,5.3,3.2,1.56,3.86,,,,,,-2.3,3.38,2.02,4.95,,,2.56,10,3,,-7.68,15.83,,8.3,,3,,7,-1.5,,0.9,6.5,,,,,,7.7,6,,13.79,-0.5,10.6,,-1.5,,5.28,,6.34,21,23,17,2,44,0.6279576208,0.5714984615
Louisiana Tech,Georgia Southern,-7,-4.01,,-4.17,,-10.96,-5.54,-9.55,-4.03,,,-5,,-5,-4.33,,-2.41,-5.3,-5.88,-6.46,-4,-7.5,-2.46,-10.94,-3.91,,,,,,-12.3,-5.3,-3.47,-3.67,,,-2.82,-6,-4,,-4.14,-7.98,,-8.8,,-5.4,,-8.8,-7,,-12.55,-10.7,,,,,,-8.6,-1,,,-3.7,-6.9,-7,3,-5.8,-4.61,,3.21,38,3,17,-35,41,0.5275677888,0.3582741486
Memphis,Florida Atlantic,9,8.73,,4.71,,1.35,5.89,11.01,10.8,,,3,,3,7.9,,2.8,8.3,8.73,8.16,3,13.8,8.43,14.25,15.34,,,,,,4.4,8.16,6.18,7.45,,,5.19,8,11,,9.67,16.12,,16.4,,9.1,,16.4,9,,4.35,6.25,,,,,,18.5,11,,,7.1,4.2,9,7.5,10.13,10.31,,4.38,10,25,17,15,35,0.4934590673,0.7019963648
Miami (Fla.),Oklahoma St.,-1.5,-3.52,,-3.61,,-4.61,4.22,0.91,-2.41,,,1,,4,-3.34,,-7.79,6.6,-2.07,3.67,4,-6.5,-0.71,-1.06,-6.13,,,,,,-0.2,-1.68,-1.16,-4.81,,,-1.68,-6,-4,,1.47,-8.97,,-1.3,,-0.6,,0.5,-1.5,,-8.36,-2.15,,,,,,-2.7,-1,,-8.36,-0.9,-3.9,-2,1.5,,-4.4,,3.87,37,34,17,-3,71,0.4860867187,0.4495974151
Nevada,Tulane,-1.5,-4.7,,-3.71,,0.34,-4.25,-5.21,-3.4,,,3,,-2.5,-5.16,,-9.32,-6.1,-5.74,-4.78,16,-12,-7.01,-9,-7.9,,,,,,-3.7,-5.35,-5.35,-5.49,,,-3.81,-12,-4,,-1.26,-1.95,,-8.2,,-11.3,,-8.2,-2.5,,-5.35,1.35,,,,,,-9.1,-13,,,-3.3,-5.9,-1.5,-6.5,-9.56,-6.45,,5.11,27,38,17,11,65,0.3996515759,0.3653495728
Northwestern,Auburn,3.5,-4.96,,-3.08,,12.52,3.46,-0.49,-2.32,,,5,,-2,-4.32,,-3.98,5,-1.75,1.46,4,-2,-2.47,-2.44,-2.79,,,,,,5,-2.4,-0.61,-8.05,,,-3.51,-6,3,,2.7,-7.62,,-0.7,,-2.2,,-2.4,2.5,,-2.65,-0.65,,,,,,-3.3,-6,,-12.81,3.4,-8.9,3.5,-3.5,,0.01,,4.74,19,35,17,16,54,0.3756591656,0.4579364377
Oklahoma,Florida,7,1.5,,0.51,,6.76,-3.57,-0.39,0.97,,,3,,-3,1.31,,1.12,6.2,0.31,-7,5,-1.2,1.12,0.81,2.46,,,,,,2.1,0.97,-1.15,2.16,,,2.5,0.01,-3,,1.65,0.87,,-1.6,,1.6,,-1.2,5.5,,1.55,-3.95,,,,,,-1.2,1,,-0.46,-2.9,-6.5,-3,4.5,,1.39,,3.01,20,55,17,35,75,0.3394236779,0.5076534572
San Jose St.,Ball St.,9.5,4.15,,6.5,,5.92,5.79,5.9,6.23,,,13,,8,4.44,,3.27,6.5,4.98,7.61,6,5.2,2.21,14.63,2.56,,,,,,3.9,4.44,4.74,2.61,,,3.06,2,7,,5.32,3.31,,1.9,,1.8,,3.3,8.5,,9.59,8.3,,,,,,1.6,2,,3.19,3.4,4.7,8,2,,5.51,,2.51,34,13,17,-21,47,0.3892636445,0.6216664363
Texas,Colorado,9.5,13.23,,11.21,,1.22,1.12,18.85,11.5,,,6,,15,13.38,,17.19,2.9,12.54,-0.54,12,17.2,17.03,25.19,18.88,,,,,,8.3,13.5,8.75,14.65,,,11.9,18,11,,5.52,15.75,,18.1,,16.4,,15,10,,19.27,8.3,,,,,,17,19,,13.5,12.5,11.2,9.5,1.5,,14.98,,5.73,23,55,17,32,78,0.5714736264,0.7712665765
Texas A&M,North Carolina,7.5,6.7,,8.08,,8.35,6.3,-1.21,7.03,,,12,,9,6.49,,8.91,1,5.45,7.41,-2,7.2,6.76,4.5,8.29,,,,,,0.6,6.7,7.41,6.75,,,4.77,2,5,,4.13,10.01,,2.5,,4.1,,2.1,7.5,,3.75,11.55,,,,,,2.1,1,,6.92,3.3,7.2,7,-3.5,,7.29,,3.71,27,41,17,14,68,0.4499650137,0.6309272849
Texas-San Antonio,Louisiana-Lafayette,-14,-14.98,,-12.63,,-7.4,-12.24,-8.86,-17.39,,,-17,,-16.5,-14.03,,-17.01,-9.3,-15.2,-15.77,,-11.2,-15.06,-22.81,-11.76,,,,,,-14.9,-15.28,-16.97,-14,,,-12.22,-16,-13,,-18.81,-24.41,,-19.9,,-15.8,,-19.7,-14,,-21.37,-12.35,,,,,,-20.5,-9,,,-15.5,-21.1,-14,-8.5,-11.8,,,4.11,31,24,17,-7,55,0.4708293529,0.1769598574
Tulsa,Mississippi St.,-1.5,-1.26,,-1.22,,16.6,2.46,9.92,3.14,,,10,,12.5,-1.68,,1.17,13.6,3.68,7.01,15,1.6,2.98,12.5,1.84,,,,,,7.5,2.46,1.59,-4.94,,,3.69,2,1,,16.2,-8.12,,-2.7,,4.9,,-1.6,-1,,1.43,2.55,,,,,,-1,7,,-1.48,3.1,-2.4,2.5,11,,-1,,6.14,28,26,17,-2,54,0.6195654873,0.5855881713
Wisconsin,Wake Forest,-9.5,9.69,,10.75,,12.76,5.22,-0.53,9,,,10,,-5.5,9.23,,14.44,-8.8,9.29,5.35,1,11.8,9.72,7.38,12.92,,,,,,9.7,9.72,8.47,11.14,,,8.24,10,-7,,5.57,20.31,,13.9,,7.6,,11.2,-8,,7.98,14.8,,,,,,13.7,10,,20.47,4.4,12.7,7,9,,12.71,,5.85,28,42,17,14,70,0.8666235756,0.7085246476
Alabama,Ohio St.,8,3.85,,2.18,,6.74,0.24,-1.97,3.3,,,7,,35,4.92,,6.57,,4.99,2.56,5,5.3,8.45,1.94,9.37,,4.38,,,,6.8,4.7,4.7,2.85,,,4.35,5,7,,0.78,6.95,,5.8,,6.3,,7.6,7.5,,,6.65,,,,,,6.2,6,,-3.97,3.9,-1.5,8,0.01,1.99,4.34,,5.95,24,52,19,28,76,0.4295441695,0.6157427222
