Home,Road,line,linesag,linepayne,linemass,linebmc,linepfz,linelaz,linemoore,linesagr,linemarsee,linenutshell,lineargh,linehow,linesagpred,linekam,linerwp,lineavg,lineelo,linebc2,lineborn,linedokter,linesuper,linedunk,linebill,linebihl,linebill2,lineround,linethoavg,linefei,linemedian,linesaggm,lineespn,linefox,lineopen,linepig,linecons,linecong,linepibias,linel2,lineteamrank,lineash,linepimean,lineca,lineburdorf,linekeep,linekerns,linel2hf,linelog,lineatom,linemds,linedwig,linepiratings,linecather,linecrunch,linetalis,linedonchess,linefeng,linemidweek,lineclean,linecurry,linepugh,linelabr,lineloud,linestd,vscore,hscore,week,actual,total,phcover,phwin,linejens
Colorado St.,Oregon St.,4,0.24,5.3,3.3,,10.57,1.44,-1.05,0.24,10,0.01,4,9,0.24,4.01,5.28,3.88,2.96,,-0.15,1.25,10.58,,1.33,,0.48,,,,3.1,0.24,-0.63,4,3.5,3,7.37,10.25,3.1,,3.2,2,1.8,4,6.7,15.5,3.1,,,4,,2,1.8,11,2.2,2.38,5.2,4.9,4,12.5,-0.75,3.79,2.4,-1,3.86,27,58,1,31,85,0.4970698489,0.5938593305,
Massachusetts,Hawaii,3,-7.98,-2.71,-1.41,,1.74,-0.22,-6.83,-7.98,-2,-3.5,2,-5,-7.98,0.26,-4.69,-1.78,-3.71,,-1.25,1.22,9.67,,-5.75,,-10.3,,,,-1.41,-7.98,7.19,3,1.5,-10,-3.03,-4.33,1.4,,1.1,-3,-1.4,2,-2.3,3.3,6.1,,,6,,-5,0.2,-1,1.5,-1.45,-0.9,-1.1,2,-1.5,-6.4,1.42,4.2,-2,4.26,38,35,1,-3,73,0.3855863345,0.4568769048,
San Jose St.,South Florida,-21,-16.97,-15.63,-11.38,,-18.97,-10.85,-21.79,-16.97,-16,-21,-17,-12.5,-16.97,-17.78,-9.94,-17.79,-15.22,,-22.15,-21.69,-26.5,,-14.08,,-17.01,,,,-17,-16.97,-11.66,-19,-19,-26,-22.95,-15.47,-23.3,,-10.5,-18,-20,-21,-20.1,-17,-14.6,,,-16,,-22,-21.4,-29,-24,-21.79,-20.7,-8.8,-21.5,-15.5,-20.61,-15.73,-24.4,-1,4.59,42,22,1,-20,64,0.5770133702,0.140831055,
Stanford,Rice,30.5,33.79,30.53,31.3,,34.63,29.18,33.09,33.79,26,26.5,26,26.5,33.79,36.27,15.27,31.18,31.29,,36.45,33.44,39.25,,22.29,,26.7,,,,31.65,33.79,34.54,36,31.5,39,40.11,27.8,36.4,,24.5,33,35.2,30.5,29.6,34,40.4,,,30,,30,38.4,41,32,33.33,25,24.2,30.5,21,30.58,34.32,22.5,9,5.62,7,62,1,55,69,0.5161053703,0.9679579579,
Alabama,Florida St.,7.5,7.21,8.85,12.37,15.91,16.83,8.65,13.74,7.21,12,25,9,19.5,7.22,20.09,9.9,10.18,14.14,,14.7,9.08,1.92,,0.61,,0.62,,,,9.44,7.22,3.12,16,7.5,4,2.1,-2.66,6.3,,5.2,12,3.8,7.5,9.8,10.01,7.8,,,9,,15,6.6,21,14.4,15.22,7.1,4.5,7,12,8.53,15.02,10.1,2,5.75,7,24,2,17,31,0.5630641425,0.7267405835,
Arizona St.,New Mexico St.,22.5,26.86,17.68,15.54,13.15,10.07,23.81,11.1,26.85,13,17,12,27.5,26.87,28.82,7.49,19.22,12.44,,17.35,23.33,6,,14.67,,20.88,,,,19.94,26.87,20.81,23,25,29,21.08,5.91,22.8,,28.2,24,25.7,22.5,6.2,13.7,19.3,,,26,,20,23,15,21.6,19.88,17.3,18.5,22.5,4.5,18.37,27.16,24.1,10,6.74,31,37,2,6,68,0.4245805326,0.8674592436,
Auburn,Georgia Southern,34,34.93,22.06,21.29,30.41,17.57,20,27.4,34.91,20,53,24,18.5,34.94,26.79,17.26,29.4,20.55,,30.15,30.22,32.5,,19.04,,18.64,,,,29.5,34.94,38.9,29,35,38,31.41,32.36,47.2,,26.2,31,42.9,33.5,31.9,41.41,21.7,,,25,,32,46.7,30,39.6,27.01,25.8,22.6,34,20.5,32.14,25.47,35.6,3,8.69,7,41,2,34,48,0.399667488,0.9478888642,
Boise St.,Troy St.,10.5,14.1,7.38,6.1,8.25,4.06,14.71,-0.42,14.09,4,13,3,16.5,14.1,10.28,8.23,8.48,4.78,,7.35,12.5,16,,6.96,,6.61,,,,8.22,14.1,10.57,11,12.5,13,10.29,0.44,8.2,,11,8,6.2,10.5,0.01,4.25,16.7,,,9,,-2,8.3,8,15.9,8.72,6.6,0.6,10.5,12.5,3.69,16.05,7.4,6,4.88,13,24,2,11,37,0.4515965415,0.6951843038,
Central Florida,Florida Intl.,17,22.27,13.58,13.54,6.72,8.49,14.02,15.21,22.27,12,30,9,11.5,22.27,15.56,10.73,16,12.41,,20.45,17.66,-0.08,,8.83,,12.68,,,,16.7,22.28,19.12,15,17,20,17.77,7.74,16.6,,17,18,19.6,17,9.2,9.31,22,,,13,,19,17.1,13,17.5,22.74,16.8,17,17,15,20.13,19.98,18.6,7,4.87,17,61,2,44,78,0.4759898412,0.8323603847,
Clemson,Kent,39.5,43,33.93,41.02,27.58,49.15,33.34,50.7,42.99,48,38,30,38,43.01,42.24,18.45,40.24,32.17,,55.65,38.44,46.08,,24.11,,25.31,,,,41.35,43.02,37.43,51,38,50,41.6,30.4,46.2,,33.5,35,42.9,39.5,46.1,53.5,56.7,,,38,,43,48.3,50,39,43.27,29.8,32.6,39.5,27,50.42,45.07,41.1,12,8.88,3,56,2,53,59,0.5162255522,0.9865255227,
Coastal Carolina,Massachusetts,-2.5,-2.45,1.76,3.55,10.12,-4,5.44,,-1.76,2,3,-6,-3,-4.26,,14.12,1.8,-5.91,,8.65,3,5.67,,4.68,,5.03,,,,3,-2.43,3.9,-2,3,8,6.77,-27.6,-8.4,,5.1,6,-7.8,-2.5,6.4,-1.72,,,,1,,13,-10.5,11,-2.5,7.64,-5.8,8.7,-2.5,9,14.1,6.17,2,3,7.78,28,38,2,10,66,0.5960819287,0.5405472053,
Colorado,Colorado St.,3.5,-1.54,8.39,6.52,6.81,21.36,0.63,2.39,-2.24,4,26.25,7,2.5,-2.47,9.5,5.34,5.28,7.03,,3.4,5.95,20.58,,6.49,,4.92,,,,5.42,0.01,4.04,8,7,4,9.49,-0.31,7,,-0.7,7,8.3,3.5,-9.6,-7.53,16.6,,,1,,5,9.4,1,4.7,11.88,5.5,1.2,4.5,7,6.9,9.5,4.9,-2,6.20,3,17,2,14,20,0.5415938867,0.6216546094,
Eastern Mich.,Charlotte,14,17.98,11.46,9.56,20.02,13.55,8.8,16.7,17.97,16,18,13,10.5,17.98,8.32,8.44,14.64,13.19,,16.05,12.67,-5.17,,7.58,,9.94,,,,13.36,17.99,11.61,12,12.5,23,13.53,20.9,21.7,,11.6,17,18.5,14,21.2,23.69,24.7,,,13,,11,22.1,18,10.4,10.98,9.3,13.6,14,9.5,20.23,9.6,10.9,1,4.83,7,24,2,17,31,0.5153841783,0.8112018965,
Florida,Michigan,-5.5,-4.18,-3.44,-4.35,2.42,-20.82,-7.59,1.79,-4.18,-7,-28.75,1,-2.5,-4.18,-9.91,-9.58,-5.45,-4.48,,-11.4,-3.52,-4.58,,-0.63,,-0.81,,,,-4.18,-4.18,-0.17,-10,-5,0.01,-3.05,8.3,-0.8,,-4.8,-2,-1,-5.5,5.1,-4.25,-17.1,,,-3,,-9,-1.1,-18,-10.2,-17.37,-4.9,-3.4,-4,-13.5,-3.93,-9.36,3.7,-1,6.82,33,17,2,-16,50,0.5011545432,0.3762109111,
Florida Atlantic,Navy,-9.5,-15.99,-14.14,-14.8,-7.22,-21.06,-16.24,-22.83,-15.98,-14,-28,-9,-24,-16,-22.45,-9.19,-16.11,-13.77,,-28.65,-14.66,-15.17,,-13.25,,-20.55,,,,-15.39,-16,-3.94,-21,-14.5,-17,-18.4,-9.82,-11.1,,-11.6,-13,-9.8,-10.5,-14.6,-16.02,-31.3,,,-19,,-22,-12.5,-21,-11.2,-25.54,-13.2,-7.5,-9.5,-9.5,-23.2,-22.01,-4.2,-8,6.21,42,19,2,-23,61,0.3490887121,0.1723017588,
Georgia,Appalachian St.,12.5,15.81,8.46,3.48,5.57,-4.87,10.41,9.51,15.8,-2,0.01,9,8.5,15.81,5.05,-2.38,9.18,0.55,,7.15,13.27,5.75,,11.89,,7.9,,,,9,15.82,21.18,8,13.5,17,9.29,9.87,19.1,,13.3,12,23.9,12,5.6,7.94,2.3,,,8,,8,19.6,9,19.2,0.63,5.7,12.6,14.5,-4.5,9.08,15.84,11.4,3,6.74,10,31,2,21,41,0.4236674859,0.7027509787,
Georgia Tech,Tennessee,-3.5,2.72,0.48,-1.07,-1.84,-7.93,-0.69,4.14,2.72,1,-6,-1,-2,2.72,0.18,1.04,0.63,3.2,,2.75,-1.36,-5.75,,-0.21,,-0.01,,,,0.85,2.72,-6.46,2,-3,0.01,0.35,2.74,4.8,,3.6,3,3.9,-2.5,8.3,1.98,-1.4,,,3,,5,4.8,2,-6.6,-2.07,-3.5,0.7,-3,-2.5,1.38,-1.69,5,-1,3.37,42,41,2,-1,83,0.6004448407,0.5154837814,
Illinois,Ball St.,6.5,13.65,6.7,7.51,-0.01,4.65,10.9,6.61,13.64,1,14,8,7,13.65,6.24,-0.65,7.86,4.83,,6.25,7.65,1.17,,10.5,,15.3,,,,7.51,13.65,6.7,9,8.5,12,7.67,-0.44,11.2,,3.2,6,14,6.5,0.8,1.2,16,,,5,,8,14.4,6,8.5,6.46,5.5,2.9,6.5,10.5,11,12.47,4.8,-1,4.55,21,24,2,3,45,0.5328208095,0.6829654266,
Indiana,Ohio St.,-21,-23.95,-18.72,-15.24,-14.61,-29.36,-18.63,-16.18,-23.94,-14,-14,-16,-28,-23.95,-25.31,-10.24,-19.18,-10.6,,-19.05,-24.14,-27.75,,-8.88,,-4.52,,,,-19,-23.95,-26.35,-19,-21,-21,-16.94,-17.49,-23.9,,-18.8,-23,-21.6,-21,-6.7,-24.09,-27.1,,,-19,,-27,-25.1,-14,-24,-27.28,-21.2,-11.5,-21,-10.5,-16.86,-25.65,-15.7,-11,6.08,49,21,2,-28,70,0.5426338825,0.1295820204,
Iowa,Wyoming,12,12.94,8.67,12.86,7.99,19.07,17.19,13.63,12.94,4,-9,11,17.5,12.95,19.14,10.36,13.09,13.26,,14.65,15.12,27.5,,11.54,,8.75,,,,13,12.95,14.2,13,13.5,13,17.05,8.89,17.1,,15.6,12,18.4,12,13.2,6.38,19.2,,,17,,18,16.2,10,12.5,13.62,9.5,12.8,11.5,9.5,17.71,20.3,16.7,6,5.01,3,24,2,21,27,0.5261036621,0.7841681733,
LSU,BYU,14.5,14.51,10.37,15.58,9.05,10.12,12.91,15.35,13.87,6,25,6,6.5,16.78,12.87,0.53,13.6,9,,21.6,13.57,12.83,,6.58,,4.59,,,,13.87,14.03,19.78,15,12.5,11,10.44,6.3,20.6,,17.9,8,19.8,14.5,17.5,19.06,16,,,13,,16,20.5,23,20.1,13.86,10.5,12.5,14.5,6,18.56,13.65,16.1,3,5.50,0,27,2,27,27,0.4786384513,0.7908915056,
Marshall,Miami (Ohio),-3,3.6,0.72,-6.12,-1.34,-3.79,3.35,-16.63,3.6,-1,0.01,-1,12.5,3.59,-1.08,-5.32,-3.83,-12.2,,-12.05,-0.74,3.17,,-1.38,,-5.31,,,,-3.9,3.6,-0.73,-3,1,-4,-2.66,-7.84,-11.1,,7.1,-4,-9.8,-3,-16.7,-15.04,-13.3,,,-4,,-7,-9.4,-15,-4.5,-8.56,0.4,2.5,2.5,-4.5,-16.19,5.68,8.5,7,7.03,26,31,2,5,57,0.480933417,0.4126933648,
Memphis,Louisiana-Monroe,25.5,29.53,20.9,16.88,27.79,28.48,22.09,27.72,29.52,22,31,19,23.5,29.54,33.97,14.47,25.87,16.4,,35.45,24.02,18.58,,15.5,,21.76,,,,27.28,29.54,23.04,36,27,36,27.45,16.61,33.3,,22.5,21,28.9,25.5,22.9,27.92,33.4,,,27,,32,30.8,32,23.6,29.64,25.3,13.6,25.5,21.5,30.47,32.23,27.1,3,6.17,29,37,2,8,66,0.5086656472,0.9356020336,
Michigan St.,Bowling Green,17,22.01,13.18,13.65,-2.74,8.94,16.31,9.71,22,9,21,6,14,22.02,21.83,-3.46,15.08,11.11,,24.95,18.81,22,,9.88,,14.61,,,,14.76,22.02,17.16,20,20,21,15.81,12.29,14.9,,14.4,13,20.5,17,6.8,14.61,31.3,,,10,,20,16,10,15.5,20.84,18.3,10.4,17.5,8.5,9.9,24.91,19.1,5,6.77,10,35,2,25,45,0.4557032051,0.8089114265,
Middle Tenn.,Vanderbilt,-3,-2.4,-1,-8.65,-2.43,0.56,-2.63,-11.34,-2.4,1,4,-6,2,-2.41,-5.3,-1.77,-6.87,-9.87,,-18.05,-6.99,-6.75,,-9.88,,-13.25,,,,-7.96,-2.41,-9.85,-9,-5.5,-9,-7.16,-7.61,-15.8,,-8.3,-6,-14.9,-3.5,-19.6,-9.97,-14,,,-11,,-12,-17.7,-11,-5.3,-9.18,2,-9.7,-3,14,-14.46,-5.55,3,-1,6.66,28,6,2,-22,34,0.4110682356,0.344924533,
Minnesota,Buffalo,24,22.19,24.27,28.46,18.75,24.87,25.92,27.7,22.19,36,28,19,23.5,22.19,33.27,18.15,26.45,26.73,,35.25,25.51,20.25,,17,,21.13,,,,26.01,22.2,18.25,30,26.5,36,31.76,16.6,28.4,,24.3,28,26.1,24,23.5,24.65,32.7,,,25,,33,30.6,32,26.3,35.03,26.3,21,24,22,37.04,32.06,25.6,5,5.36,7,17,2,10,24,0.5581335904,0.9428070728,
Mississippi,South Alabama,22,19.19,15.29,19.82,12.01,8.57,26.39,18.9,19.19,12,37,16,22,19.19,27.14,8.8,19.95,10.96,,22.15,24.23,32.25,,11.54,,16.33,,,,20.78,19.19,23.35,25,27,26,23.09,7.61,22,,23.6,22,22.4,22,10.5,16.58,22.1,,,21,,19,26.8,23,23,20.55,25.3,18.7,23.5,10,25.38,30.06,25.1,7,6.25,27,47,2,20,74,0.4521813085,0.8788557118,
NC St.,South Carolina,7,3.55,3.28,12.25,13.43,19.07,6.77,13.65,3.55,9,7.5,6,3.5,3.55,7.7,5.74,8.67,10.96,,17.8,3.79,19.58,,2.71,,1.83,,,,8.15,3.56,4.41,13,4.5,5,9.14,7.16,9.3,,9.4,6,8.4,7,15.3,19.68,11.6,,,12,,11,8.8,16,5.7,12.51,7.9,4.8,5,2.5,15.08,8.99,3.9,-3,4.74,35,28,2,-7,63,0.5401450056,0.6996207237,
Nebraska,Arkansas St.,14,15.97,11.87,10.14,4.89,8.67,15.61,5.51,15.97,12,4,14,10.5,15.98,13.88,8.6,10.98,5.51,,3.85,16.66,14.33,,10.08,,8.98,,,,11.3,15.98,14.08,5,16.5,14,13.66,10.2,17,,11.2,12,19.2,14,-1,2.6,16.8,,,7,,13,19.4,8,13.8,10.68,7.81,11,14.5,1,14.86,13.38,11.4,2,4.86,36,43,2,7,79,0.4278292899,0.7458083643,
North Carolina,California,12.5,9.01,10.64,11.14,8.78,22.06,8.28,3.62,9.01,13,23,8,13,9.01,10.09,12.28,11.91,8.16,,10.15,13.28,25.5,,5.92,,4.87,,,,11.51,9.01,16.49,10,12.5,12,14.29,9.89,16.6,,11.3,9,17.1,12.5,5.7,18.3,9.7,,,15,,15,16.1,17,13.2,13.5,13.2,11.8,12,14.5,11.71,9.6,13.6,4,4.09,35,30,2,-5,65,0.4856452801,0.7662351454,
Northern Ill.,Boston College,-4,4.76,-1.66,-6.68,10.17,0.33,0.01,-0.25,4.76,-2,12,-5,3.5,4.77,1.24,1.22,-0.76,1.48,,3.45,-4.7,-2.83,,1.75,,-0.27,,,,-0.26,4.77,-5.38,3,-1.5,-5,-1.3,-5.7,-12.6,,-0.01,-3,-14.1,-3.5,-4.7,-0.13,-1.4,,,-5,,-5,-13.3,-5,1.9,-0.38,0.9,-2.3,-3.5,17,0.89,-2.59,1,4,5.90,23,20,2,-3,43,0.5758537208,0.4821045713,
Northwestern,Nevada,24,24.27,17.62,22.39,13.05,21.9,17.77,23.51,24.26,11,41,22,15,24.27,21.75,15.66,23.18,20.82,,23.75,23.38,34.42,,18.83,,21.53,,,,22.39,24.27,26.69,20,23,30,26.49,17.49,31.8,,22.5,22,28,24,21.3,26.23,31.1,,,21,,22,34.5,29,25.8,23.68,19.8,20.9,24,21.5,27.07,21.63,25.6,5,5.43,20,31,2,11,51,0.4805084267,0.9164659067,
Notre Dame,Temple,18.5,16.01,5.87,4.58,21.18,-6.26,7.4,4.63,16.01,-3,1,10,3.5,16.02,5.74,-7.1,7.46,-0.6,,4.85,17.81,1.83,,10.5,,7.9,,,,6.17,16.02,24.12,6,15,18,5.81,1.48,15.3,,13.7,11,13.1,17,1.8,6.33,2.5,,,8,,6,15.7,-7,14.6,-0.39,5.8,10.7,18.5,-7.5,-0.39,6.41,15.4,6,7.68,16,49,2,33,65,0.265655874,0.6638548913,
Oklahoma,UTEP,43,45.19,34.12,37.05,41.91,40.79,36.99,48.05,45.17,37,46,35,38.5,45.2,46.16,19.22,42.33,34.71,,53.15,42.52,41.58,,27.17,,30.01,,,,43.79,45.2,45.35,46,45.5,53,43.75,34.02,52.3,,41.2,41,46.1,43,49.4,50,55.1,,,49,,45,52.6,55,34.9,43.83,33.3,36.7,42,28.5,56.1,45.32,43.6,13,8.13,7,56,2,49,63,0.4850172301,0.9911856834,
Oklahoma St.,Tulsa,17.5,22.48,11.98,9.76,15.61,9.61,13.1,10.65,22.48,8,-5,13,18.5,22.49,8.64,14.39,12.86,10.27,,12.45,15.22,21,,11.54,,7.8,,,,13.05,22.49,14.52,16,16.5,18,14.68,3.03,16.1,,17.5,17,14.5,17,16.3,16.46,7.4,,,11,,7,14.5,20,11.3,7.32,9.1,10.4,17.5,3,9.28,17.67,14.4,7,5.52,24,59,2,35,83,0.3912512138,0.7778978593,
Penn St.,Akron,30.5,34.14,28.06,27.07,24.17,20.6,24.09,36.3,34.13,30,48,27,22.5,34.14,31.93,18.32,32.76,31.44,,45.55,29.6,42,,21.33,,22.01,,,,32.02,34.15,33,38,33,41,35.2,24.63,43.9,,30.2,33,36.7,30.5,45.8,47.13,43.8,,,30,,38,43.6,42,28.3,34.19,26.3,22,30.5,30,45.3,31.04,32.1,7,7.99,0,52,2,52,52,0.5505967008,0.9673638516,
Purdue,Louisville,-25,-21.12,-21.68,-19.44,-20.94,-32.6,-17.4,-18.98,-21.12,-22,-26.25,-18,-23,-21.13,-25.57,-12.25,-22.39,-13.7,,-23.7,-28.25,-37.67,,-11.46,,-8.67,,,,-21.85,-21.13,-23.99,-29,-26.5,-23,-28.35,-20.09,-21.7,,-24.6,-26,-18.5,-25,-10.9,-29.4,-35.7,,,-24,,-29,-22,-17,-30.4,-32.67,-23.5,-19.6,-24.5,-27.5,-18.92,-26.99,-19.2,-9,5.70,35,28,2,-7,63,0.5614885352,0.0921748899,
Rutgers,Washington,-27.5,-29.33,-25.93,-25.02,-18.96,-47.35,-19.73,-35.78,-29.32,-33,-32,-21,-22,-29.34,-38.98,-13.4,-30.55,-29.71,,-47.05,-27.52,-40.92,,-20.54,,-23.05,,,,-29.33,-29.34,-23.12,-43,-31,-29,-31.66,-25.42,-31.8,,-23.7,-29,-25.5,-27.5,-43,-51.65,-39.9,,,-29,,-45,-29.9,-47,-35.2,-39.44,-22.2,-17.4,-27.5,-26.5,-40.93,-30.48,-22.2,-5,9.01,30,14,2,-16,44,0.4336403123,0.0470774776,
Southern Miss.,Kentucky,-10,-9.08,-4.01,-6.01,-5.28,12.25,-2.38,-9.42,-9.08,1,-12,-14,0.01,-9.09,-5.64,-5.97,-7.56,-3.91,,-6.35,-8.58,-1.33,,-3.04,,-6.93,,,,-6.8,-9.09,-13.81,-5,-10,-13,-8.39,-9.72,-24.1,,-8.3,-5,-21.2,-10,-5.6,-4.71,-1.1,,,-13,,-15,-24.5,-12,-13.1,-8.63,-1.1,-8.7,-10,8.5,-6.66,-6.14,-4.7,-3,6.78,24,17,2,-7,41,0.5562004055,0.3307182323,
Texas,Maryland,19,15.34,12.81,7.89,13.51,10.98,9.46,9.45,15.33,8,22,9,6,15.34,10.04,13.4,12.32,2.95,,15.25,14.85,12,,12.17,,10.52,,,,12.23,15.34,17.72,15,16.5,16,13.16,6.63,14.3,,14.5,12,12.3,17.5,9.2,23.86,10.5,,,16,,14,14,12,6.7,8.32,9.8,11.1,18.5,10.5,8.89,17.33,15.4,2,4.04,51,41,2,-10,92,0.3417041126,0.7740168793,
UCLA,Texas A&M,5,-2.15,0.68,-3.89,0.15,-7.46,-0.9,-9.99,-2.14,-2,4,-1,-4.5,-2.15,-7.81,-7.02,-1.09,0.3,,-5.45,0.74,-14.08,,2.79,,2.74,,,,-1,-2.15,6.58,-4,3,2,-4,-2.72,4.8,,2.6,-1,5.5,4,-2.7,2.45,-7.1,,,2,,-5,4,-4,0.4,-7.65,3.6,-0.9,3.5,1.5,-0.9,-3.78,9.5,-1,4.15,44,45,2,1,89,0.3552537661,0.4735163345,
USC,Western Mich.,28,17.44,13.77,11.63,14,4.96,13.82,13.41,17.44,6,-1,14,12.5,17.44,11.66,3.52,15.39,11.59,,16.95,23.34,12.08,,11.96,,8.59,,,,14.65,17.44,24.18,15,23.5,25,13.52,11.24,21.1,,18.2,19,25.8,26.5,17,20.61,14.3,,,16,,11,22.4,19,31.5,7.2,18.8,8.2,26.5,9,18.79,21.03,28.1,6,6.50,31,49,2,18,80,0.2311174257,0.8152066425,
Virginia Tech,West Va.,5,4.24,5.17,3.65,5.35,2.41,1.09,9.6,4.23,5,23.75,4,1.5,4.24,2.3,-9.23,5,3.35,,8.4,7.22,4.75,,0.21,,0.01,,,,4.24,4.24,6.04,5,4.5,0.01,4.42,14.72,9.6,,1.5,7,7.5,5,6.5,10.63,0.9,,,8,,3,9,9,3.3,3.24,3.5,8.6,4,1.5,8.24,0.01,4.4,-1,4.81,24,31,2,7,55,0.5,0.6184630957,
Wisconsin,Utah St.,27.5,30.69,27.05,25.44,22.25,35.9,22.43,35.06,30.69,31,23,25,21.5,30.7,28.04,19.13,28.83,26.51,,35.65,29.11,44.5,,23.42,,24.89,,,,28.6,30.7,31.32,29,29,31,32.15,38.07,36.9,,23.1,26,34.4,27.5,35.1,29.71,24.9,,,27,,33,37.6,39,23.3,28.2,25.8,24.9,27.5,19.5,37.21,26.48,29.1,5,5.29,10,59,2,49,69,0.5316773266,0.9575569258,
Alabama,Fresno St.,44,53.46,35.57,46.17,49.22,58.74,35.53,52.94,54.68,51,60.5,32,37,49.51,58.03,19.59,45.45,49.07,,52.45,41.52,43.58,54.69,30.86,,34.55,,,,47.8,53.96,38.39,54,41.5,49,44.88,32.35,47.8,,34.4,47,45.5,44,48.7,38.24,41.8,,,39,,49,48.8,54,48.6,51.71,37.3,37.1,44,35,61.8,50.88,43.8,13,9.09,10,41,3,31,51,0.5315883259,0.9935131152,
Arizona,Houston,-1,0.42,-6.7,-2.05,-7.87,-7.96,-0.33,-8.07,0.44,-10,-8,-1,-6.5,1.27,-9.66,-10.43,-4.65,-2.23,,-5.35,-0.77,-17.42,-7.34,2.21,,2.02,,,,-4.6,-0.14,3.32,-8,0,1,-10.8,-14.45,-4.6,,-2.4,-5,-2.4,-1,-2.6,-13.13,-13.5,,,-7,,-4,-2.3,-12,3,-9.3,-4.2,-3.6,-1,-6.5,-5.73,-5.88,1.6,1,4.68,19,16,3,-3,35,0.4127283726,0.3893736452,
Arizona St.,San Diego St.,3.5,3.91,1.87,-1.63,-0.74,-4.12,0.45,-13.43,4.22,-16,-8.5,2,-2,2.77,-4.85,-12.71,-2.37,-4.97,,-8.65,4.07,-8.58,-6.32,0.13,,-0.35,,,,-0.74,4.19,5.91,-11,3,2,-5.13,-4.5,3,,2.2,3,4.9,3,-12.3,-10.76,0.01,,,-2,,2,5.9,-11,0.6,-6.44,-1.8,5,4,-15.5,-9.52,-0.55,6.6,1,6.31,30,20,3,-10,50,0.3655538535,0.4448242767,
Arkansas,TCU,-3,5.43,1.21,3.54,-3.7,7.34,1.54,3.87,5.86,8,7,1,3,3.66,-0.01,6.07,0.78,5.48,,0.01,-3.52,6.08,4.58,5.75,,4.44,,,,1,5.87,-5.58,5,2.5,-1,1.29,-5.77,1.1,,-4,-4,3.3,-2.5,-0.2,-10.49,-3.3,,,-4,,-4,0.8,-1,-5.7,-0.64,-0.4,-0.01,-3.5,-4.5,9.1,-2.4,-7,-3,4.60,28,7,3,-21,35,0.5904592219,0.5188220964,
Army,Buffalo,15,14.8,21.71,15.49,2.13,13.68,15.7,11.02,14.78,11,16,15,11.5,16.56,11.4,18.09,16.65,12.52,,25.05,21.23,3.5,20.66,6.15,,7.93,,,,16.03,13.88,21.52,22,16.5,29,18.68,27.05,15.6,,21.5,19,12.9,15,9.8,24.28,22.1,,,20,,21,16.7,23,10.3,20.64,17.3,11.7,16.5,16,16.03,18.05,16.7,-2,5.44,17,21,3,4,38,0.5391637065,0.839452326,
BYU,Utah,-3,-6.93,4.31,-0.39,5.71,-2.34,-3.51,2.38,-7.02,-1,2,1,-3.5,-7.78,-2.26,3.66,-0.95,2.1,,-2.75,1.76,-12,-1.71,1.65,,1.35,,,,-1,-6.25,0.73,3,1.5,-1,1.91,3.28,-2.6,,-1.9,4,-6.6,-3,-4.5,-6.45,-6.1,,,-4,,-1,-2.8,1,1.7,-0.77,1.3,0.01,-2,4.5,-1.94,-1.55,-5.2,-1,3.55,19,13,3,-6,32,0.5501449759,0.4767137923,
Ball St.,UAB,14,4.82,0.53,10.76,1.52,19.84,6.55,,3.92,13,25,7,8.5,7.77,-5.43,-9.34,9.13,-4.03,,12.65,9.16,-7.75,7.41,6.87,,9.7,,,,9.1,4.44,9.01,13,12.5,11,7.48,27.5,16.4,,7.4,7,13.8,13.5,-12.1,16.04,,,,13,,21,17.2,4,14,4.33,12.1,9.1,14.5,6.5,12.44,14.66,14.7,4,7.84,31,51,3,20,82,0.3916415703,0.6969453827,
Baylor,Texas-San Antonio,15.5,11.7,8.05,15.53,4.36,4.22,14.3,12.46,10.2,2,34,7,16.5,12.42,20.8,-1.77,11.85,7.6,,5.75,18.71,18.17,9.91,8.07,,13.36,,,,12.46,13.81,13.49,17,16,13,19.16,5.39,10.3,,9.5,14,13.3,15,6.2,2.98,12.5,,,16,,9,12.6,8,15.7,12.86,9.7,15,16.5,8.5,9.39,23.14,15.9,8,6.10,17,10,3,-7,27,0.4150233635,0.7570517436,
Boston College,Wake Forest,0,-2.8,3.94,1.77,4.79,14.29,3.75,-0.01,-1.79,4,-8,2,4,-4.8,-0.14,8.82,1.04,2.03,,-0.45,3.58,13.33,-1.19,5.2,,4.54,,,,1.77,-3.15,-1.34,-1,3,-1,1.06,2.23,2.5,,0.2,1,3.7,0,3.2,-7.7,-0.7,,,1,,-7,2.3,2,-1.2,-3.35,1.91,2,0,-2,6.21,2.86,-0.3,1,3.98,34,10,3,-24,44,0.5253352308,0.5253352308,
Central Florida,Memphis,5,5.57,14.12,2.59,1.73,21.63,15.7,6.33,2.35,9,21,-1,-6,7.15,2.31,18.4,7.12,6.52,,8.55,7.89,7.7,3.88,-2.93,,-1.84,,,,6,-0.37,10.08,6,3,4,-6.15,3.13,1.1,,16.1,9,3.6,5,13.6,23.03,19.7,,,7,,17,0.4,8,0.3,,3.81,23.5,4,0.01,7.54,,4.3,-12,7.67,0,0,3,0,0,0.5478528235,0.6568272005,
Clemson,Auburn,5,2.05,11.93,16.74,3.45,5.24,8.01,21.8,1.77,11,-6.5,7,18,3.18,9.77,7.05,9.43,11.62,,20.15,6.72,7.58,20.12,4.4,,4.49,,,,7.2,1.83,6.26,17,6,7,6.76,7.35,6.6,,6.2,6,5.7,5.5,14.3,19.01,12.8,,,5,,14,7.4,21,-0.2,10.89,5.21,7.2,5,15,19.58,9.46,7,5,6.42,6,14,3,8,20,0.6020746176,0.7090907731,
Colorado,Texas St.,36,35.41,30.13,37.87,27.04,36.37,36.79,42.26,35.76,41,61,23,20,36.79,46.33,19.57,38.15,36.77,,51.35,38.23,29.58,48.15,24.74,,30.4,,,,37,34.13,36.57,46,34.5,46,36.55,31.74,46.6,,35.8,37,40.6,36,44.9,41.39,39.9,,,35,,44,47.4,50,42.1,49.1,28.8,25.9,35.5,29,51.98,40.27,35.7,2,8.66,3,37,3,34,40,0.5473170443,0.9825505691,
Connecticut,South Florida,-23.5,-23.05,-15.3,-21.27,-28.78,-23.69,-21.26,-20.07,-20.28,-15,-26.5,-20,-19.5,-23.92,-22.56,3.96,-21.17,-13.39,,-28.65,-23.28,-26.97,-29.62,-12.93,-20.6,-17.05,-17,,-28,-21.27,-20.79,-19.99,-23,-23,-20,-25.07,-24.56,-24.1,-20.34,-22,-20,-19.9,-23.5,-20,-26.2,-25.5,-13.97,-2.72,-25,,-21,-23.2,-28,-14.8,,-22.35,-14.7,-23.5,-17.5,-22.42,-27.13,-21.7,-25,5.40,0,0,3,0,0,0.5552545166,0.1033912936,
Duke,Northwestern,-2,-3.73,-1.49,-3.98,-6.38,-3.93,0.6,-8.08,-4.67,6,-6,-5,-2.5,0.01,-5.93,-8.7,-3.29,-6.48,,2.25,-3.22,-8.92,-4.4,-8.31,,-6.11,,,,-4,-4.59,2.3,1,0,-1,-7.86,-9.88,-4,,5.4,-5,-2,-2,-5.8,-5.07,8.9,,,3,,-13,-2.7,-4,1.8,-6.17,-2.8,-0.4,-3,-9.5,-4.02,-0.24,-4.8,-2,4.35,17,41,3,24,58,0.4687677257,0.420791761,
Florida St.,Louisiana-Monroe,25.5,27.57,20.41,0.01,26.87,16.55,21.9,23.7,29.05,16,33.5,26,22,25.53,28.85,8.5,25.35,21.85,,29.95,29.71,29.94,21.89,16.29,22.67,24.5,16,,19,26.87,30.83,28.26,33,27,31,41.3,27.89,37.4,20.69,28.3,27,36.1,25.5,26,29.18,42.1,10.43,2.6,28,,31,38,29,23.1,,27.32,21.6,27,19.5,30.94,,26.2,,8.51,0,0,3,0,0,0.4966778274,0.9203390169,
Idaho,UNLV,6,10.34,17.57,13.84,5.9,9.18,11.7,17.74,12.11,28,17,14,13.5,9.31,6.87,13.84,12.7,16.23,,24.15,6.31,-0.92,25.85,11.64,,14.89,,,,12.38,8.16,6.12,14,7.5,14,12.2,14.79,6.3,,5.3,6,5.3,6.5,30.8,19.4,13.2,,,8,,15,5.9,26,-0.8,12.38,4.61,4.1,6.5,13,25.32,10.24,3.6,-1,7.06,44,16,3,-28,60,0.6501208039,0.767610981,
Illinois,Western Kentucky,-7,-5.29,-6.92,-9.32,-10.65,-5.23,-2.04,-20.17,-5.28,-20,0.5,-7,-12.5,-4.78,-17.6,-6.36,-9.96,-12.39,,-15.35,-4.63,-20.33,-20.29,-3.79,,-3.55,,,,-8,-5.66,2.48,-18,-6,-8,-17.58,-13.95,-10.4,,-4.8,-8,-2.5,-7,-19.5,-19.75,-5.4,,,-8,,-11,-7,-23,-4.7,-17.53,-13.2,-6.5,-7.5,-16.5,-20.93,-9.5,2.7,-5,6.64,7,20,3,13,27,0.4317063769,0.2813408775,
Iowa St.,Iowa,-3,-5.52,-7.26,-5.11,-2.38,-5.76,-4.81,-8.52,-5.16,-13,22,-8,-12.5,-6.44,-3.52,-8.39,-5.65,-8.26,,0.01,-5.38,-18.08,-1.08,-8.88,,-7.7,,,,-5.53,-5.53,-2.68,-4,-3,-4,-11.43,-19.83,-8.3,,-9.4,-3,-7.3,-3.5,-5.3,-0.21,-9.1,,,-4,,-6,-9.3,-2,-3,-7.44,-4.9,-7,-2.5,-2.5,-11.58,-6.01,-1.1,-6,5.59,44,41,3,-3,85,0.437444679,0.3685494618,
Kansas,Central Mich.,5,5.38,3.53,6.05,-1.04,-0.97,6.73,0.76,4.81,-3,-15,-2,-7,8.08,0.17,4.62,2.9,0.01,,14.85,-1.85,8,10.98,1.33,,1.2,,,,4.3,4.64,7.44,7,3.5,5,-2.93,-9.23,4.3,,4.7,-1,8.6,5,17.1,4.73,5.9,,,8,,6,5.4,1,6.6,1.84,-0.89,-2.1,5.5,1.5,2.16,2.52,4.4,-4,5.65,45,27,3,-18,72,0.4504055156,0.5683274594,
Kansas St.,Charlotte,35,44.46,25.51,33.45,34.98,21.93,35.24,40.35,44.76,25,38,22,27,43.82,35.64,17.79,34.74,28.54,,45.45,37.33,27.25,44.13,24.13,,26.57,,,,35.64,44.37,34.31,39,36.5,46,37.07,24.79,42.1,,34.6,39,38.9,35,41.5,32.4,33.3,,,38,,33,42.2,43,27.5,36.08,27.31,31.8,36.5,16,43.19,41.26,36.8,12,7.91,7,55,3,48,62,0.4941514661,0.9749368793,
Louisiana Tech,Mississippi St.,-10,-11.44,-1.12,-3.65,0.57,-9.93,-6.68,2.36,-10.51,11,10,-5,-1.5,-15.66,-0.45,2.22,-4.45,1.15,,-11.75,-6.84,-15.33,-3.61,4.25,,3.59,,,,-5,-10.42,-15.97,2,-8,-10,-1.6,-2.96,-11.4,,-10,-2,-11,-9.5,-2.1,-5.6,-6.9,,,-18,,-6,-12,-6,-6.6,-3.7,-0.7,-7.6,-8.5,17.5,-4.03,-7.68,-9.9,-3,7.10,57,21,3,-36,78,0.6252015687,0.399009446,
Massachusetts,Old Dominion,-4,-9.26,-9.77,-6.53,-3.58,-3.99,-2.08,-8.06,-10.96,-15,-4,-7,-17,-6.83,-5.97,-11.42,-7.12,-9.47,,-9.35,-4.11,-0.83,-11.46,-5.48,,-8.65,,,,-6.83,-8.05,0.01,-5,-2.5,-12,-10.87,-16.63,-5.3,,0.2,-4,-8.3,-4,-7,-5.8,1.5,,,-3,,-13,-4.5,-9,-1,-10.33,-4.99,-0.5,-3.5,-13.5,-12.62,-4.23,-0.2,-8,4.50,17,7,3,-10,24,0.4250123176,0.3330501669,
Michigan,Cincinnati,34,27.62,27.57,35.41,25.08,40.54,32.26,30.66,27.45,32,34,20,20,30.23,41.43,18.45,31.38,27.69,,43.75,28.94,51.25,37.02,24.03,,24.2,,,,31,26.25,30,37,29,23,32.06,24.58,30,,31.4,29,28.4,33.5,32.5,39.85,42.2,,,31,,37,32.3,35,37.2,44.01,26.8,21.9,34.5,28,41.81,35.05,34.7,4,6.26,14,36,3,22,50,0.43898389,0.9670449612,
Michigan St.,Western Mich.,7.5,11.83,-1.63,0.01,3.03,8.18,6.85,-3.83,12.46,-10,-22.5,-4,6,10.48,0.98,-3.85,0.34,-9.46,,-1.15,5.02,7.33,-5,-1.9,,-1.3,,,,-0.24,11.63,5.32,-3,7.5,7,-7.32,-0.24,-6.3,,5.7,-1,2.7,6.5,-7.6,3.03,13,,,-1,,-4,-5.2,-10,15.2,-6.85,5.01,0.9,7,-5,-9.82,3.88,9.6,6,7.57,14,28,3,14,42,0.3419449172,0.507712851,
Missouri,South Carolina,3,-7.12,2.46,-1.01,-1.68,-2.59,-0.18,0.45,-7.89,-6,-16.5,2,1,-6.15,-1.79,-1.87,-0.74,3.63,,1.05,2.46,-6.42,5.51,-1.63,,-0.19,,,,-0.18,-6.57,-1.55,7,3,-4,1.53,-4.24,0.8,,4.9,6,-1.9,2.5,-1.7,13.15,-9.5,,,1,,1,1.3,-4,2.3,2.87,1.2,-0.2,2.5,0.01,-1.54,2.66,0.7,-1,4.90,31,13,3,-18,44,0.4109364399,0.4822346816,
NC St.,Marshall,23,15.35,14.71,27.49,10.07,14.08,14.7,27.01,13.46,16,23.5,18,7,19.13,21.9,8.8,22.55,27.97,,25.85,25.63,23.08,32.43,12.43,,13.66,,,,23.5,16.16,23.55,25,20,19,29.09,22.47,33.8,,15.9,24,32.7,23,26.5,41.1,40.7,,,24,,26,35.2,36,19.1,27.76,19.31,18,24.5,15.5,28.41,19.87,24.2,-1,8.10,20,37,3,17,57,0.4899267229,0.8971428367,
Navy,Tulane,11,17.27,15.2,12.31,9.69,14.35,12.7,11.21,17.31,17,18,9,21,16.47,19.72,14.66,14.18,10.16,,12.75,12.87,30.08,14.13,16.51,,20.04,,,,14.13,17.69,6.64,20,13,16,18.53,10.4,7.6,,16.6,13,8.6,11.5,9.6,17.62,11.5,,,17,,14,8.1,16,14.8,12.78,14.1,11.4,13,17,12.44,17.11,13.2,8,3.62,21,23,3,2,44,0.5774278712,0.8081078727,
Nevada,Toledo,-11,-13.97,-8.78,-11.06,-3.17,0.18,-5.65,-6.48,-14.84,-7,-23.5,-12,-13.5,-10.56,-13.23,-5.28,-9.73,-9.41,,-2.75,-10.22,-18.33,-5.18,-8.42,,-12.26,,,,-10,-14.67,-4.84,-9,-8,-11,-15.61,-7.8,-9.8,,-7.5,-12,-6.8,-11,-5.4,-16.92,-14.1,,,-5,,-12,-10.5,-10,-8,-12.2,-13.69,-7,-9.5,-8,-13.03,-10.6,-3.9,-5,4.33,37,24,3,-13,61,0.5307606891,0.2771513911,
New Mexico,New Mexico St.,7.5,12.97,14.29,12.28,4.44,3.46,10.32,13.55,13.99,14,15,8,20,9.08,13.77,19,12.37,14.48,,17.15,10.24,5.42,20.34,13.18,,18.45,,,,12.97,13.74,1.86,20,10,14,17.34,8.6,10.4,,12,12,11.8,8.5,12.5,2.84,7.5,,,12,,16,8.6,15,9.9,14.49,10.2,8.2,7,13,17.04,15.16,7.1,4,4.43,30,28,3,-2,58,0.6161927643,0.7735453905,
North Carolina,Louisville,-9.5,-8.56,-9.01,2.55,-6.03,-4.17,1.04,-2.74,-10.34,1,7.5,-4,-6,-4.47,-2.36,1.26,-3.23,5.18,,-1.55,-5.11,-10.25,-0.89,-3.61,,-0.19,,,,-3.6,-8.19,-2.42,0.01,-6,-7,-1.33,-0.01,-5.8,,-8.5,-7,-4.4,-8.5,5.4,-8.69,-7.7,,,-7,,-3,-3.8,5,-12.1,-3.6,-1,-0.8,-9.5,-8.5,1,-2.28,-12.1,-2,4.71,47,35,3,-12,82,0.6475340479,0.4226678455,
Notre Dame,Georgia,5,3.09,1.54,3.1,2.35,7.91,6.93,1.83,2.87,6,13,-5,-2,4.19,6.47,2.68,3.12,0.6,,12.05,2.71,2.75,5.77,0.1,,2.13,,,,2.71,2.8,2.8,10,6,2,-1.06,-4.89,-2.2,,4.3,0.01,-5.4,4.5,1.8,13.86,6.8,,,5,,2,-2.2,3,9,9.03,0.4,2.2,4,4.5,-0.86,1.35,1.1,-1,4.29,20,19,3,-1,39,0.4544914001,0.5752378163,
Ohio St.,Oklahoma,7.5,7.75,11.19,2.31,5.73,17.6,7.28,7.19,7.98,10,4,9,13,7.19,10.5,3.47,6.46,1.76,,2.75,9.94,5.17,-0.01,5.09,,4.39,,,,7.1,7.72,10.12,4,5.5,8,4.37,4.81,9.8,,8.5,8,10.5,7.5,-9.8,3.46,7.1,,,4,,6,11.6,4,15.2,8.2,5.4,4.1,7.5,5.5,-0.54,9.24,3.8,2,4.47,31,16,3,-15,47,0.4748606706,0.6523523761,
Oregon,Nebraska,13.5,3.75,1.83,0.55,2.83,-3.05,8,-0.39,2.75,1,-10.5,1,1,7.61,0.78,-6.2,4.75,0.37,,9.95,9.65,-6.08,5.21,2.46,,3.31,,,,3.31,2.99,16.31,10,10,4,0.18,2.27,9.8,,13.8,5,5.1,12.5,10.6,21.99,2.7,,,14,,3,10.2,9,7,-2,1.21,6.7,13.5,-1,5.8,6.15,15.8,3,5.96,35,42,3,7,77,0.3029064873,0.6103174414,
Oregon St.,Minnesota,3,-3.38,-4.6,-7.45,-2.47,-6.17,-10.48,-4.16,-4.16,3,10.5,-4,-10.5,-4.47,-5.87,-8.06,-4.58,-2.91,,-7.85,-4.79,-20.25,-7.29,-5.97,,-4.1,,,,-4.5,-1.34,0.64,-7,-1,-3,-5.73,-1.78,-5.4,,-6.4,3,-4.5,1.5,-3.4,-15.1,-1.4,,,-5,,-12,-4.1,-7,0.3,-9.89,-1.8,-3.3,2,-2.5,-9.51,-9.79,3.5,-2,4.40,48,14,3,-34,62,0.3227036133,0.3904932424,
Penn St.,Pittsburgh,21,12.48,19.7,7.98,22.44,4.89,13.1,18.79,11.4,15,11.5,21,8,16.53,13.31,15.17,16.38,12.89,,16.65,16.27,8.83,17.46,9.59,,8.44,,,,16.65,11.74,22.4,19,17,17,12.74,24.71,20.9,,26.6,18,17.1,20.5,25.3,36.65,20.8,,,19,,19,19.4,21,19.8,11.63,9.01,9.9,21,13.5,22.04,11.08,21.2,2,6.07,14,33,3,19,47,0.3928701677,0.8324314322,
Purdue,Ohio,2.5,0.24,-0.47,0.54,-4.69,4.04,1.65,3.73,0.11,2,5,2,-8.5,0.01,-2.48,-10.9,0.36,-2.32,,-0.15,-1.43,-4.08,1.03,5.85,,6.42,,,,0.24,0.5,-0.52,-5,4,0.01,-2.94,-8.57,8.1,,0.2,0.01,8.7,2.5,-1.3,0.36,4.1,,,3,,-2,8.3,-2,2.1,-5.08,-1,2.5,3.5,-4.5,3.75,0.57,5.5,-4,4.19,21,44,3,23,65,0.4481460173,0.5087471072,
Rutgers,Eastern Mich.,5,1.31,1.65,4.39,0.98,0.83,9.89,0.84,0.42,6,-3,-2,2.5,4.01,2.93,-7.3,1.06,-2.01,,2.95,4.43,0.17,-3.8,-0.5,,-2.71,,,,1.31,1.09,7.01,2,4,5,-1.38,-14.23,6.2,,5.6,1,6.5,4.5,-2.1,-16.96,6.8,,,-1,,-5,7.1,-8,9.2,-0.01,3.1,6.4,5,-7,-3.91,9.66,6.4,6,5.75,16,13,3,-3,29,0.4077364535,0.5250312395,
SMU,North Texas,13,7.26,8.41,10.94,2.15,7.5,7.84,17.43,7.27,10,9,11,5,7.03,9.9,9.71,10.91,12.15,,13.25,15.64,-0.25,13.54,7.58,,9.79,,,,10,7.41,9.3,7,14,17,12.97,9.37,17.9,,9.8,12,16.1,12.5,15.9,10.72,15.3,,,11,,12,17.6,14,7.1,7.72,9.71,11.4,13,10,15.21,9.85,13.2,1,3.57,32,54,3,22,86,0.4488935932,0.7487491653,
South Alabama,Oklahoma St.,-28,-26.58,-18.22,-24.7,-15.54,-19.03,-23.5,-33.97,-26.94,-21,-22.5,-17,-22.5,-26.13,-26.3,-12.22,-25.88,-19.19,,-41.55,-27.38,-38.17,-38.88,-16.27,,-17.16,,,,-26.13,-26.28,-25.31,-31,-24.5,-31,-26.66,-21.99,-36.1,,-27.4,-26,-30.2,-28,-41.8,-34.52,-18.2,,,-29,,-25,-34.5,-39,-20.1,-28.11,-21.19,-13.7,-28,-14,-36.36,-29.8,-27.9,-9,7.52,44,7,3,-37,51,0.5480357807,0.0703142833,
Syracuse,Middle Tenn.,10,10.98,9.75,11.82,4.7,4.94,9.41,13.56,11.56,7,13.5,14,5.5,11.57,7.55,6.31,10.95,8.4,,16.15,13.26,10.5,13.15,2.02,,1.48,,,,11.56,9.67,16.53,10,10,15,6.77,8.98,21.7,,15.3,6,20.4,10,20.6,20.68,21.2,,,17,,15,23.7,14,-0.3,5.84,3.11,13.6,10,-11,13.47,9.4,9.7,-1,6.53,30,23,3,-7,53,0.522067626,0.7382330569,
Texas,San Jose St.,25,19.25,15.97,16.75,10.65,2.5,14.09,13.89,17.42,5,40.5,16,9.5,21.24,18.5,7.85,17.96,13.19,,13.85,25.44,12.25,16.47,14.29,,18.72,,,,17.22,21.21,24.64,17,24,25,24.11,11.43,26.5,,21.5,25,28,24,13.2,20.81,11.3,,,22,,18,25.8,12,17.4,17.22,21.8,16.6,26,15.5,9.03,25.04,26.1,3,6.89,0,56,3,56,56,0.3420873442,0.8503029275,
Tulsa,Louisiana-Lafayette,14,8.6,14.13,14.16,3.79,3.37,10.83,15.9,7.82,11,8.5,13,6.5,10.69,9.72,9.47,14.47,14.7,,22.35,16.47,10.42,21.21,13.1,,15.55,,,,14.7,8.56,14.09,20,15.5,16,19.83,18.07,21.6,,14.5,17,18.4,14,14.7,21.69,21,,,17,,17,21.5,21,4.2,17.23,12.41,8.3,14.5,16,24.88,15.48,14.7,-1,5.30,42,66,3,24,108,0.5112027,0.80638457,
UCLA,Hawaii,23.5,20.81,11.4,16.2,20.51,18.16,19.4,14.55,20.71,12,31.5,13,14,20.63,23.18,6.51,18.89,12.98,,23.55,22.56,28.33,18.64,15.3,,17.21,,,,19.4,21.1,28.72,23,21.5,26,20.08,7.43,22.6,,22,18,20.5,23,10.9,15.02,30.1,,,21,,16,23.3,18,27.4,16.53,19.81,15.4,23.5,8.5,19.06,24.74,23.8,11,5.66,23,56,3,33,79,0.3922270278,0.8688084945,
USC,Stanford,5.5,2.9,7.84,7.45,7.77,4.16,3.9,11.58,3.75,9,16.5,3,1.5,-0.38,4.61,8.23,6.39,11.84,,13.15,3.79,4.5,16.46,7.47,,4.52,,,,5.65,3.43,-3.61,10,5.5,8,5.65,-2.23,4.2,,-1.6,6,5,5.5,12.7,4.83,3,,,1,,7,2.9,4,14.4,10.87,6.91,0.5,6.5,9,16.25,12.01,3.6,-2,4.86,24,42,3,18,66,0.5213775796,0.649850619,
UTEP,Rice,1,0.43,2.42,2.24,-4.25,4.2,5.38,2.58,0.01,11,9,3,0.5,2.4,2.45,3.99,3.05,3.64,,8.15,2.91,4,2.23,4.76,,7.03,,,,2.42,-0.12,2.3,8,0,-2,2.67,1.98,0.4,,2.2,2,2.9,1,1.4,4.7,6.8,,,-1,,4,-0.6,11,7.7,0.46,0.8,-1.4,1.5,9.5,1.54,3.04,-1.4,-4,3.42,31,14,3,-17,45,0.5502327567,0.5744968107,
Virginia,Indiana,-3.5,0.01,-5.48,-2.45,-3.08,4.4,0.63,-7.79,0.67,-11,12.5,-6,-1.5,-1.38,-1.91,-9.06,-3.25,-3.07,,-5.55,-0.94,-1.5,-4.69,-5.79,,-8.29,,,,-2.5,0.01,-2.22,-1,-2.5,-2,-7.04,-9.83,-1.4,,-1.9,-1,-2.5,-3.5,-1.7,0.96,-4.3,,,-2,,-9,-2.4,-7,-9,-6.09,-2.89,-1.3,-3,-3.5,-3.91,-2.8,-6.8,-2,4.05,34,17,3,-17,51,0.5060879292,0.4213699783,
Washington St.,Boise St.,10,4.3,6.56,9.63,5.94,-0.98,3.09,15.71,3.77,-1,13.5,9,-3,5.67,11.07,7.94,9.56,12,,14.15,7.04,-2.25,14.29,8.96,,5.86,,,,9.63,4.27,12.87,10,7.5,8,8.91,11.87,23.3,,5.2,8,21.8,10,15.7,19.35,12.1,,,11,,16,23.4,16,2.7,11.01,4.9,11.6,10.5,0.5,11.03,6.11,10.6,-3,6.04,44,47,3,3,91,0.4896668757,0.7132238522,
West Va.,East Carolina,24.5,19.37,24.89,24.15,24.14,23.79,21.4,22.6,19.49,32,36,17,20.5,20.71,23.43,18,23.6,21.09,,26.15,18.56,35.58,27.37,24.93,,27.74,,,,24,18.44,17.88,27,19.5,29,27.13,17.35,24.2,,25.7,18,24,24.5,23.6,28.83,27.8,,,19,,24,24.3,27,27.6,28.34,17.3,13,24.5,22,32.97,23.18,24.2,3,4.61,20,56,3,36,76,0.4782903043,0.9233064951,
Wisconsin,Florida Atlantic,33,40.4,34.13,36.86,28.37,36.16,37.24,50.42,40.34,35,49,30,34.5,41.76,43.97,18.84,38.54,36.08,,52.15,36.3,40,49.36,26.1,,31.29,,,,37.3,39.75,40.21,42,33,40,40.06,32.51,42.2,,37.3,36,37,33.5,44.3,46.18,52.5,,,34,,38,44.7,54,30.5,44.76,27.8,29.2,31.5,26.5,51.46,43.57,31.8,11,7.83,14,31,3,17,45,0.6228593086,0.9852758932,
Akron,Iowa St.,-10.5,-12.82,3.74,-13.59,-8.48,2.58,-14.65,-10.83,-12.37,3,-32,2,2.5,-15.49,-11.36,-12.76,-11.12,-10.96,,-27.05,-11.64,-2.58,-23.17,-0.48,,-4.2,,,,-11.93,-11.93,-10.86,-9,-7.5,-19,-4.39,11.1,-15.7,,-2.6,-7,-12.3,-10.5,-12.5,-19.7,-30.4,,,-18,,-11,-15.1,-14,-15.1,-22.46,-10.22,-6.5,-10.5,-2,-15.84,-17.31,-9.3,-5,8.74,41,14,4,-27,55,0.4863542295,0.2697396283,
Alabama,Colorado St.,28.5,34.04,25.93,36.17,30.85,24.36,25,28.35,34.51,26,36,22,33.5,33.2,34.82,15.26,28.85,27.16,,34.45,28.65,33.33,30.16,18.25,,13.79,,,,30,33.84,32.61,33,27,30,24.19,17.43,31.2,,30.1,31,28.7,28.5,29,32.61,23.7,,,32,,24,32.1,30,26.4,28.19,27.79,24.4,28.5,22,39.35,34.82,29,10,5.74,23,41,4,18,64,0.5082709169,0.9562783208,
BYU,Wisconsin,-16.5,-14.71,-15.68,-10.39,-6.28,-15,-15.51,-11.54,-15.25,5,-1,-13,-13,-15.15,-9.12,-7.74,-11.09,-10.04,,-10.65,-11.59,-25.25,-12.86,-3.05,,-1.77,,,,-11.54,-13.53,-16.98,-6,-13,-10,-6.01,-13.54,-15.1,,-17.5,-11,-14.4,-15.5,-10.9,-24.44,-10.8,,,-12,,-15,-17.3,-7,-15,-9.25,-9.22,-9.3,-17.5,-3.5,-14.67,-12.06,-8.2,-26,5.13,40,6,4,-34,46,0.6271332819,0.2531135024,
Boise St.,New Mexico,14.5,20.36,9.71,12.18,20.08,11.91,16.59,13.09,20.82,18,21,11,18,20.71,19.35,5.66,15.9,14.72,,15.35,18.79,25.17,8.83,12.28,,10.61,,,,16.16,19.42,18.36,16,15.5,22,16.16,9.78,11.8,,19.5,21,10.4,14.5,12.7,18.94,29.7,,,18,,15,12.9,17,17.3,13.08,14.88,13.3,14.5,16.5,15.13,19.83,17.6,8,4.44,14,28,4,14,42,0.5338450915,0.8326437717,
Boston College,Notre Dame,-12.5,-18.66,-3.74,-9.9,-8.23,-5.01,-16.72,-15.55,-18.07,-9,-17,-6,-6,-20.73,-18.42,-5.1,-12.09,-7.41,,-22.25,-13.48,-15.42,-15.26,-9.04,,-11.61,,,,-12.2,-18.38,-17.39,-16,-11.5,-15,-6.22,0.78,-8.8,,-13.2,-11,-5.1,-12.5,-12.2,-17.87,-20.2,,,-9,,-16,-8.1,-13,-22,-15.68,-12.72,-8.2,-13,-3.5,-9.17,-15.19,-8,-14,5.56,49,20,4,-29,69,0.5097234895,0.2361374522,
California,Mississippi,-3.5,-1.52,2.07,0.5,-8.93,-1.12,3.74,8.57,-0.66,10,-8,3,-4,-1.93,2.49,11.34,1.25,6.93,,8.35,-1.13,-3.25,6.87,5.28,,4.2,,,,0,-2.57,-1.18,2,-3.5,0.01,-2.11,5.66,-4.3,,-1.9,0.01,-5.2,-3,10.6,3,-0.4,,,1,,8,-4,8,-5.1,-1.46,-1.72,-2.5,-3.5,8,6.55,-3.51,-4.5,-6,5.11,16,27,4,11,43,0.6121134521,0.5298750232,
Duke,Baylor,13.5,13.39,13.59,4.98,0.46,21.01,17.31,8.37,16.47,20,1,12,9,16.05,1.67,11.04,11.12,20.3,,24.05,7.58,26,13.41,9.13,,5.94,,,,11.1,6.55,14.08,8,14,16,-4.65,0.73,11.7,,20.4,12,9.2,13.5,14,27.61,27.8,,,15,,10,13.2,15,7.1,2.54,6.88,3.6,14,-3.5,20.46,6.26,11.1,43,7.44,20,34,4,14,54,0.4460079782,0.7370502991,
East Carolina,Virginia Tech,-23.5,-21.99,-26.18,-24.98,-14.59,-25.51,-21.05,-26.44,-23.67,-24,-38.5,-19,-24,-22.05,-22.61,-11.88,-23.26,-26.76,,-24.55,-20.72,-30.92,-28.47,-21.03,,-21.22,,,,-23,-19.26,-19.31,-23,-22,-25,-24.55,-24.99,-28.7,,-22.4,-25,-26.4,-23.5,-25,-20.9,-12.5,,,-23,,-21,-28.3,-29,-23,-32.59,-22.22,-16.7,-22,-12.5,-33.08,-20.05,-20.8,-38,4.93,64,17,4,-47,81,0.5057601653,0.0808481909,
Florida,Tennessee,4.5,-0.47,2.84,3.99,2.39,-6.92,0.11,4.75,-2.02,-1,3.5,2,-2,2.06,2.85,3.38,2.66,-7.77,,5.85,5.93,-5.75,6.31,1.64,,2.72,,,,3,0.63,4.23,7,5,4,5.19,-0.18,7.5,,4,7,7.7,4.5,2.5,6.97,2.8,,,5,,4,6.4,-7,5.1,3.48,4.98,3,4.5,2.5,2.06,0.89,1.3,-22,3.59,20,26,4,6,46,0.4549944799,0.5649118466,
Florida St.,Miami (Fla.),-2.5,3.37,-6.41,-5.35,3.54,-16.78,0.52,-4.71,-4.42,-7,1,-1,1,4.96,-0.01,-8.74,-0.78,-4.83,-2.98,-1.95,-1.09,-2.21,1.08,-1.08,,0.46,-3,,,-0.02,0.73,4.48,1,0,4,7.61,7.15,4.2,,5.7,1,5.3,-2.5,-2.8,3.13,-5.8,,,4,,-8,4.6,1,-4.4,-1.89,-1.86,-2.1,-3,-3.5,-7.33,0.23,3.9,-23,4.85,0,0,4,0,0,0.5412620894,0.4812615305,
Houston,Rice,22.5,25.58,23.53,22.82,27.47,23.26,24.32,27.79,25.02,10,32,16,23,25.46,31.32,12.09,24.97,16.03,,29.15,27.32,29.17,27.21,13.81,,21.31,,,,25.2,26.68,22.58,30,24,29,30.81,23.83,25.2,,26.7,24,23.8,23,15.2,36,32,,,24,,31,26.1,37,24.4,26.54,25.29,25.1,22.5,28,20.62,29.57,23,14,5.64,3,38,4,35,41,0.5582774435,0.9308376911,
Iowa,North Texas,21.5,25.14,12.96,29.96,24.86,18.85,20.84,31.29,26.56,19,21,20,26,23.35,37.09,18.22,26.1,27.07,,34.95,26.71,36.5,31.42,25.02,,28.23,,,,26.56,23.99,20.07,26,24,33,31.28,21.6,33,,23.1,25,31.3,22,31.3,10.77,23.6,,,28,,29,33.3,30,26.9,27.91,27.28,25.3,21.5,18.5,36.14,29.96,22,7,5.76,14,31,4,17,45,0.6073506915,0.9389103853,
Louisiana-Monroe,Southern Miss.,-5,-5.62,-8.14,-7.37,-2.79,-11.51,-5.83,-2.34,-5.56,5,-17.5,-1,-7.5,-4.93,-12.92,-3.04,-5.75,7.58,,-14.65,-6.98,0.83,-9,-2.12,,-5.18,,,,-5.56,-6.2,-0.51,-14,-6.5,-17,-5.95,-1.56,-4.3,,-2.4,-3,-3.9,-5,-5.2,-9.79,-7.7,,,-3,,-3,-2.8,-10,-1.9,-9.13,-6.12,0.3,-6.5,-2,-10.77,-10.01,-1.5,-17,5.03,28,17,4,-11,45,0.4820385905,0.3649382628,
Louisville,Clemson,-3,-5.97,-3.46,-13.87,-6.94,-8.68,-6.63,-20.58,-5.72,1,-14,-7,-14.5,-7.32,-11.32,-2.09,-7.25,-4.34,,-16.15,-2.42,-3.17,-17.02,-0.5,,0.13,,,,-6.94,-5.51,-6.73,-12,-2.5,-5,-1.68,-8.26,-7.1,,-4.1,-5,-5.5,-3.5,-15.3,-8.78,1,,,-8,,-13,-8.2,-13,-6.9,-9.37,-2.62,-3.6,-3,3.5,-15.63,-7.47,8.6,-14,5.88,47,21,4,-26,68,0.4008929389,0.3342386494,
Marshall,Kent,14.5,13.66,7.78,2.51,7,7.82,8.74,-0.21,13.23,8,-0.5,6,12,15.94,6.06,6,8.46,7.28,,10.65,11.58,-4,-0.01,5.24,,10.37,,,,7.82,12.99,12.97,7,13,22,4.85,6.38,4.7,,13.7,7,4.9,13.5,12.1,15.75,16.6,,,12,,7,4.6,9,11.1,-2.37,9.18,7.9,14.5,5.5,2.63,13.61,14.8,3,4.82,0,21,4,21,21,0.3578980894,0.6949592194,
Memphis,UCLA,-2.5,0.38,-2.17,-3.54,3.27,1.46,-8.12,0.56,0.52,-4,-23.5,3,-1,-2.2,-2.56,4.01,-1.54,-0.92,,1.75,-3.17,-4.75,2.46,-4.05,,-2.87,,,,-1.4,1.9,-3.79,2,-4.5,-5,4.88,4.28,-1.4,,-2.1,-3,-2.3,-2.5,-1.5,2.98,-16.3,,,1,,-1,-2.3,3,-10.9,1.56,-4.92,-3.3,-3,11.5,1.3,-0.82,-4,-14,5.47,45,48,4,3,93,0.5227958504,0.4634629621,
Miami (Ohio),Cincinnati,4.5,-4.32,1.76,1.98,7.99,5.28,0.54,3.32,-5.07,-5,-8.5,3,-5,-2.42,-2.37,12.73,2.66,4.93,,-0.55,1.08,-1.17,2.68,2.45,,4.98,,,,3,-4.31,3.91,2,4,-6,3.94,16.05,5.2,,2.2,4,4.3,4.5,8.5,14.58,2.4,,,1,,6,4.5,8,-1.2,4.12,5.58,3.7,5.5,11.5,4.04,-4.44,4.2,1,5.30,21,17,4,-4,38,0.4562293897,0.5631386505,
Michigan,Air Force,23,21.9,10.81,25,15.91,12.01,15.69,24.68,23.12,11,53,20,16,18.86,29.74,14.47,21.02,19.65,,17.15,20.34,23.5,25.63,17.45,,12.26,,,,21.4,21.77,19.56,21,26,25,22.79,4.7,25.7,,17.3,23,25.4,23,17.9,24.34,11.6,,,23,,24,26.8,21,24.4,26.26,25.28,21.4,23.5,21,19.44,21.83,23.9,-14,7.05,13,29,4,16,42,0.4546181987,0.8869106441,
Minnesota,Middle Tenn.,9,13.19,12.75,21.86,9.39,17.57,16.62,20.69,13.63,15,0.01,10,14.5,14.54,17.47,15.06,16.24,18.37,,24.95,11.6,35.58,26.33,17.69,,17.88,,,,16.62,11.71,13.81,19,8,14,18.22,8.6,16.2,,15.4,13,17.2,10,23,17.31,13.8,,,18,,21,17.5,23,14.4,22.31,9.78,17.9,10,6.5,30.33,19.98,10.5,16,5.39,3,34,4,31,37,0.6670745482,0.8336472308,
Mississippi St.,LSU,-7.5,-5.69,-3.37,-13.21,-7.67,-3.66,-0.46,-12.59,-5.85,2,-34,-4,-4,-3.49,-11.19,-3.88,-7.13,-5.38,,-4.05,-4.11,-5,-10.61,-4.95,,0.56,,,,-5.85,-6.59,-2.06,-8,-6.5,-4,-10.46,-4.73,-10.6,,0.7,-5,-7.9,-7.5,-7.3,-10.77,-7.5,,,-8,,-12,-10.3,-8,-6.5,-13.49,-11.22,-5.2,-7.5,-5.5,-10.81,-5.49,-1.4,8,5.56,7,37,4,30,44,0.5087742177,0.3358344105,
Missouri,Purdue,7,1.23,-3.52,0.21,0.85,6.69,-4.21,-0.7,0.56,-12,-5.5,8,8.5,-1.37,0.26,1.87,2.77,-4.43,,-4.45,7.84,8.67,5.62,3.84,,3.65,,,,3.65,3.88,8.36,8,7,6,14.75,7.63,5.7,,3.8,8,2.8,6.5,1.7,0.11,-4.7,,,-2,,6,7.8,2,5.8,1.07,4.48,4.1,7.5,9,1.12,5.2,6.5,-2,5.00,35,3,4,-32,38,0.399680027,0.566096945,
Nebraska,Northern Ill.,11,14.1,14.75,14.55,9.75,1.71,11.79,9.18,14.27,18,14,14,12.5,13.53,14.82,10.48,12.52,6.25,,7.75,12.93,16.42,10.44,14.39,,15.91,,,,13,14.2,15.14,10,15.5,13,17.76,7.41,19.7,,10.9,13,22.3,11,5.4,3.07,18.4,,,10,,12,20.7,16,14.4,9.99,12.79,11.5,13.5,7.5,5.64,14.02,13.9,3,4.33,21,17,4,-4,38,0.5368018894,0.7766471318,
New Mexico St.,Troy St.,-7.5,-8.28,-5.07,-8.75,-8.89,-3.36,-1.34,-6.2,-7.65,-1,-9.5,-3,-9,-6.57,-8.6,-6.82,-6.34,-1.95,,-2.15,-7.79,-6.83,-7.24,-0.51,,-8.77,,,,-7,-10.36,-0.6,-10,-5.5,-7,-16.21,-6.99,-3.4,,-8.1,-11,-6.3,-7.5,1.5,-1.21,2.4,,,-6,,-5,-3.5,-8,-13.8,-14.11,-7.52,-10.4,-7,-10.5,-0.64,-8.59,-1.7,1,4.00,27,24,4,-3,51,0.5282439172,0.349279632,
Northwestern,Bowling Green,21.5,21.08,23.21,21.79,10.85,16.93,12.31,19.25,21.4,6,40.5,18,15,19.17,17.49,15.35,20.65,23.23,,20.35,19.98,17.33,24.24,16.36,,17.08,,,,20.35,21.92,22.51,20,23,23,26.4,25.24,30.2,,21.4,19,28.8,21.5,22,17.35,13.3,,,18,,21,31.2,24,15.6,27.21,20.28,19.1,21.5,16.5,22.83,20.26,22,13,5.59,7,49,4,42,56,0.4798581271,0.8901051561,
Ohio,Kansas,7.5,9.05,14.37,4.14,9.2,15.92,12.58,9.95,8.61,17,10.5,10,16,11.57,12.49,7.7,10.18,8.42,,12.05,9.16,6.08,7.57,9.59,,16.74,,,,9.47,8.25,9.47,13,10.5,9,13.66,16.34,5.7,,14.8,10,2.8,7.5,3.7,15.57,10.8,,,9,,7,4,19,7,6.6,7.58,7.7,7.5,17,6.34,9.52,7.8,-3,4.04,30,42,4,12,72,0.5649808906,0.7328559638,
Ohio St.,Army,31,31.53,17.28,28.39,28.73,13.09,20.49,31.29,30.06,9,41.5,17,23.5,30.69,35.3,17.19,26.62,22.21,,27.35,29.98,37.75,30.27,21.72,,22.78,,,,28.73,34.85,29.96,29,29.5,28,30.35,13.64,34.5,,25,31,33.7,31,3.7,19.82,32.1,,,25,,24,36.2,29,34.9,32.76,27.29,20.7,30.5,22,31.06,34.69,30.4,-7,7.62,7,38,4,31,45,0.401769883,0.9347232135,
Oklahoma,Tulane,34.5,40.2,27.2,31.74,29,22.37,25.61,35.88,41.91,9,38.5,25,32.5,37.44,35.48,18.78,33.18,30.25,,39.05,32.45,46.25,41.23,27.18,,29.33,,,,33.54,39.43,33.54,39,34,37,35.35,24.73,36.6,,32,33,33.4,34.5,38.5,39.08,30.1,,,34,,36,36.1,45,33.1,36.52,31.28,28.8,35,29,44.21,35.98,36,13,6.70,14,56,4,42,70,0.4694658672,0.972932963,
Old Dominion,North Carolina,-10.5,-8.24,3.39,-12.63,-3.54,9.4,-8.37,-4.31,-5.92,5,-11.5,2,2,-9.65,-13.26,1.95,-6.9,2.58,,-11.25,-8.83,1.25,-8.39,-3.93,,-9.06,,,,-8.83,-11.29,-12.6,-12,-7,-10,-11.89,5.91,-14.3,,-6.3,-4,-12.1,-10.5,-3.9,-4.81,-14.4,,,-13,,-7,-16.3,-10,-13.8,-14.99,-9.22,-9,-10,11,-5.05,-16.18,-4,13,6.80,53,23,4,-30,76,0.582560743,0.3447524776,
Penn St.,Georgia St.,37,45.48,41.7,39.51,28.32,29.22,44.1,44.14,47.09,42,33,25,28,43.77,37.64,19.34,40.25,38.91,,52.35,41.32,36.42,50.85,31.14,,32.09,,,,42,44.1,43.22,44,38.5,54,38.41,35.9,46,,44.6,43,43.7,37.5,51,48.85,54.7,,,38,,42,45.2,45,37.8,39.72,33.28,26.7,37,25.5,52.87,42.01,37.5,42,8.27,0,56,4,56,56,0.5720413327,0.9877348336,
Pittsburgh,Oklahoma St.,-10,-9.78,-10.12,-4.63,-5.84,-9.98,-10.87,-14.45,-9.64,-6,-11,-9,-10.5,-12.14,-7.98,-5.41,-9.41,-10.71,,-14.05,-11.25,-17.25,-13.15,-3.63,,-3.07,,,,-9.78,-8.61,-11.71,-12,-10,-9,-3.47,-11.83,-12.3,,-15.3,-13,-8.6,-10,-17.8,-18.6,-12.7,,,-8,,-7,-9.8,-9,-10.5,-9.26,-6.62,-1.6,-13,1,-12.16,-9.77,-7,-23,4.00,59,21,4,-38,80,0.5143757405,0.2826976021,
San Diego St.,Stanford,-8.5,-7.94,-6.25,-7,-5.36,4.08,-8.75,-4.76,-5.35,-6,-12.5,-6,-1,-11.58,-6.26,-4.74,-7.04,-3.05,,-10.15,-6.84,-1.67,-6.76,-0.82,,-1.78,,,,-7,-10.03,-14.71,-2,-7.5,-9,-6.74,-9.97,-12.8,,-13.3,-8,-12.1,-8.5,-7.6,-3.03,-20,,,-8,,-9,-15,-7,-10.8,-4.63,-5.22,-8.3,-8.5,10.5,-6.05,-9.76,-2.5,6,5.03,17,20,4,3,37,0.5349326198,0.336234079,
South Carolina,Kentucky,5,9.8,4.03,3.17,-0.78,5.31,11.11,8.21,10.22,3,3.5,4,7,11.76,5.59,2.05,6.02,10.88,,9.85,10.86,10,2.87,7.92,,6.95,,,,4.49,8.01,12.9,4,7.5,12,0.69,2.99,0.2,,9.4,10,1.2,5,9.7,4.49,22.7,,,2,,4,0.5,9,1,-3.38,2.78,2.1,6.5,3.5,10.94,7.75,3.9,9,4.54,23,13,4,-10,36,0.524628257,0.6422885376,
South Florida,Illinois,17,8.6,6.47,8.37,15.62,14.33,5.25,16.77,7.48,4,17.5,12,10,8.26,13.5,8.51,13.28,3.58,,7.95,20.01,18.08,16.98,7.49,,6.62,,,,13,10.54,13.59,15,16.5,15,25.89,25.81,22.9,,11.3,13,17.3,16.5,15.5,22.46,-0.5,,,12,,16,20.5,28,4.1,12.99,17.78,12.6,17.5,23.5,15.83,7.9,17.6,-2,6.53,23,47,4,24,70,0.4142167394,0.7804267866,
Syracuse,Central Mich.,9.5,7.89,2.33,6.65,5.04,2.25,6.42,4.63,4.54,-8,16,11,-2,11.84,1.31,5.2,7.17,-1,,7.05,9.49,-3.08,8.36,2.3,,0.98,,,,7,10.88,11.66,10,10.5,7,9.3,4.79,17,,11.3,6,16.3,9.5,3.6,1.95,22.1,,,13,,12,18.3,9,9,8.15,6.28,6.7,10,-2,-2.92,8.28,10.4,-15,5.91,17,41,4,24,58,0.4452922943,0.6639694254,
TCU,SMU,20.5,23,8.27,14.61,20.67,17.38,13,16.54,23.83,17,18.5,14,21.5,22.39,23.17,6.88,18.79,14.89,,16.85,23.94,31.58,16.66,18.19,,22.95,,,,19,22.26,20.77,24,17,21,21.17,15.18,18.6,,23.6,22,16.1,20.5,17.6,23.89,24.7,,,21,,14,19,26,19,19.92,19.28,16.5,19.5,12.5,12.43,24.52,19.4,4,4.41,36,56,4,20,92,0.4586704363,0.8729419545,
Temple,Massachusetts,15,21.63,15.08,21.3,8.46,12.1,12.21,16.72,23.52,16,32.5,13,25,18.22,24.04,18.08,18.87,17.44,,23.35,14.08,9.92,28.08,17.76,,22.76,,,,18,20.81,9.16,24,14,21,27.49,14.37,14.5,,11.7,16,15.6,15,18.4,11.97,12.9,,,18,,23,14.2,31,11.2,26.3,17.78,13.1,14.5,28,27.39,22.08,14.2,-2,5.89,21,29,4,8,50,0.590392456,0.8674516145,
Texas A&M,Louisiana-Lafayette,23,25.53,16.96,23.11,15.17,17.39,23.84,22.32,25.5,16,34.5,17,21,25.38,25,7.22,21.53,20.59,,20.95,24.39,31.58,21.27,14.28,,16.04,,,,22.78,25.78,23.88,23,23,27,26.87,13.89,22.7,,24.6,26,19.9,23,10.5,19.29,35.1,,,24,,17,23.9,21,23.9,22.99,22.78,21.3,24,11.5,17.92,26.18,24.5,19,5.45,21,45,4,24,66,0.4651019402,0.9002261549,
Texas St.,Appalachian St.,-21.5,-20.07,-16.84,-27.76,-14.11,-17.68,-13.57,-24.97,-19.44,-11,-25.5,-14,-15,-20.98,-33.32,-13.28,-22.64,-20.07,,-25.25,-24.08,-9.25,-29.79,-12.02,,-20.68,,,,-21.95,-20.59,-20.39,-31,-23,-28,-24.98,-22.47,-27.4,,-21.9,-21,-19.6,-21.5,-32.8,-36.69,-16.8,,,-24,,-31,-25.8,-36,-16.2,-31.53,-22.72,-12.8,-23,-22,-27.26,-24.04,-21.8,-8,6.36,20,13,4,-7,33,0.4734252275,0.0927694239,
Texas Tech,Arizona St.,7,7,5.18,9.83,-2.85,19.73,19.14,13.01,7.36,7,24,4,3,10.34,10.21,13.28,10.93,21.29,,25.55,12,21.17,19.55,3.96,,5.23,,,,9.83,4.34,13.25,14,6,9,4.92,6.27,5,,9.7,7,4.6,7,18.2,16.49,25.9,,,7,,19,5.3,14,3.3,15.98,6.58,8.5,7.5,10,19.38,11.02,7.4,20,6.65,45,52,4,7,97,0.5903004692,0.7372829154,
Toledo,Tulsa,8,10.81,5.14,0.86,3.4,12.82,8.07,1.98,10.87,6,-11,8,15,10.16,2.9,-0.01,3.86,3.98,,-4.25,6.67,16.75,-5.71,3.33,,3.19,,,,3.75,11.12,4.89,3,9.5,3,3.75,0.55,1.3,,9.3,8,0.4,7.5,-0.01,14.14,-5.5,,,5,,-5,-0.4,6,6.1,-4.04,5.38,5.7,8.5,0.01,-0.01,5.07,10.6,10,5.45,51,54,4,3,105,0.4025796294,0.59095111,
UAB,Coastal Carolina,1,-1.84,-1.86,-12.35,-9.79,0.4,-4.04,-17.81,-3.65,8,-21,3,4,0.77,,-13.03,-4.1,11.23,,-9.35,-6.76,11.5,-4.04,0.33,,0.13,,,,-3.33,-0.53,-2.38,1,-2,-8,-0.61,4.51,-8,,2.3,-3,-3.8,0.5,7.2,6.5,,,,-8,,-27,-8.3,-6,-1,-10.24,,-16.7,-1,11.5,-14.09,-11.31,5.4,-10,8.45,23,30,4,7,53,0.3883658841,0.4098322158,
USC,Texas,15.5,13.5,19.01,18.91,15.38,11.48,18.57,25.99,16.38,22,22,18,25,9.97,16.96,16.69,17.88,28.16,,23.65,11.99,28.25,30.92,15.81,,11.97,,,,16.96,10.67,9.76,25,14,15,17.84,14.3,13.2,,12.6,17,11.3,15.5,24.4,15.46,21.5,,,11,,22,13,25,21.7,16.03,20.28,9.6,15.5,17.5,33.82,16.12,15.1,9,5.79,24,27,4,3,51,0.5560059106,0.8550071363,
UTEP,Arizona,-23,-20.18,-11.37,-15.77,-15.79,-14.48,-18.8,-20.98,-20.54,-4,-20,-11,-14.5,-21.65,-19.03,-1.45,-16.36,-16.21,,-22.95,-21.03,5.17,-17.83,-5.09,,-16.43,,,,-17.17,-18.73,-21.54,-12,-21,-30,-10.34,-7.05,-20.1,,-20.5,-17,-17.6,-22,-14.2,-26.38,-18.6,,,-18,,-8,-23.3,-17,-19.7,-17.17,-19.72,-16.6,-23,1,-16.79,-20.63,-14.1,-32,6.17,63,16,4,-47,79,0.6516944657,0.1683627533,
Utah,San Jose St.,26,30.34,21.26,25.91,20.39,24.64,23.47,25.64,30.42,38,53.5,18,24.5,31.13,33.49,14.6,26.96,25.17,,36.05,23.59,38,30.3,20.85,,24.4,,,,26.1,29.8,22.81,31,26,29,29.1,18.21,24.9,,26.1,28,27.2,26,29.6,30.88,30.6,,,26,,25,23.9,36,22.5,26.59,26.28,18.3,26,20,29.28,28.23,26.5,24,6.35,16,54,4,38,70,0.5223890908,0.9425903389,
Vanderbilt,Kansas St.,-3.5,-9.29,-0.53,-7.48,-2.41,1.49,-7.39,-7.91,-8.03,3,-11,3,-1.5,-10.36,-5.11,-4.59,-4.75,-0.8,,-13.75,-3.68,-8.75,-10.68,-5.29,,-2.9,,,,-5.11,-10.61,-4.84,-4,-3.5,-8,-6.38,0.47,-3.2,,-0.6,0.01,-3,-3.5,-9,-7.56,5.3,,,-7,,-10,-1.6,-10,5.3,-13.95,-5.11,0.7,-3.5,2.5,-8.07,-11.97,0.2,-2,4.83,7,14,4,7,21,0.4699756878,0.3873403722,
Virginia,Connecticut,10.5,9.11,4.95,14.22,9.12,4.57,9.64,14.9,7.66,-4,13,7,4.5,11.21,12.43,12.47,11.63,-0.01,,19.05,8.3,3.42,15.95,9.87,,14.14,,,,11.36,10.2,11.83,17,11.5,18,11.36,2.99,17,,8.2,7,13,10.5,19.3,10.78,29.4,,,10,,16,16.2,19,14.6,17.67,10.58,10.9,10.5,4.5,15.54,13.3,10,-7,5.70,18,38,4,20,56,0.5267050003,0.7547328041,
Wake Forest,Utah St.,11,17.89,17.63,14.26,-0.68,16.59,13.23,21.4,18.39,39,23.5,12,8.5,19.31,17.42,16,16.61,20.09,,20.65,17.21,27.5,19.77,9.33,,15.46,,,,17.42,16.27,18.85,16,13.5,19,14.24,24.91,21.2,,19.6,17,21.4,12,23.9,19.07,7.1,,,19,,18,21,18,4.4,10.26,12.78,15.2,13.5,9.5,18.85,11.98,12,29,6.09,10,46,4,36,56,0.6292863479,0.8357034639,
Washington,Fresno St.,33,36.29,23.75,37.67,37.95,24.68,20.43,36.99,37.2,7,36,20,25,31.8,38.16,19.53,33.09,38.74,,35.55,30.05,48.92,47.19,25.91,,30.78,,,,35.93,37.58,28.72,42,33,38,42.79,27.51,44.5,,21.9,29,41.5,33,39.2,36.06,22,,,26,,37,43.8,39,32.8,43.34,33.78,22,33,35,43.88,35.93,33.5,10,8.31,16,48,4,32,64,0.5020035892,0.9675918436,
Washington St.,Oregon St.,21,20.57,19.12,16.49,24.73,26.31,27.39,20.97,21.88,29,22.5,23,24.5,23.04,27.61,13.65,21.94,23.9,,26.45,22.93,39.33,18.57,14.79,,11.95,,,,22.93,16.77,22.89,23,15.5,21,18.2,23.59,27.6,,23.9,23,24.1,21,19.8,38.36,29.2,,,24,,29,27,24,13.7,21.77,16.78,15,21,14,13.34,24.02,21.5,34,5.29,23,52,4,29,75,0.5224016009,0.9051238862,
Western Kentucky,Louisiana Tech,6,6.24,5.04,6.2,3.79,8.56,4.78,14.62,5.29,6,-4,9,8.5,7.08,12.4,8.81,8.47,5.99,,9.75,6.13,14.17,12.19,2.58,,3.08,,,,8.56,7.33,4.74,12,7,5,13.09,9.09,12.1,,11.7,5,7.8,6,9,9.98,9,,,14,,15,11.5,14,11.8,9.91,7.28,8.3,7,12.5,12.35,8.3,9.2,-1,3.77,23,22,4,-1,45,0.5601667486,0.6981704755,
Western Mich.,Idaho,20.5,20.39,16.44,17.35,19.61,2.29,21.82,16.8,20.92,27,30.5,13,15,21.86,26.31,11.74,19.66,21.5,,29.85,21.21,19.58,21.35,12.96,,10.85,,,,20.9,18.71,21.82,26,17,23,20.72,11.6,22,,25.8,20,15.8,20.5,22.2,21.15,17.7,,,26,,28,21.4,22,10,22.23,13.58,18.4,20.5,13,18.81,26.99,20.9,-2,5.71,28,37,4,9,65,0.4801431742,0.8780760088,
Wyoming,Oregon,-13.5,-14.56,-6.3,-4.43,-2.71,-8,-20.11,-5,-14.97,-2,3,-6,-14.5,-16.3,-12.1,-2.43,-8.37,-5.25,,-12.25,-11.87,-22.83,-8.82,-5.25,,-2.54,,,,-8,-12.88,-17.63,-7,-14,-8,-4.23,4,-9.7,,-12,-10,-8.6,-13,-6.5,-19.69,-16.6,,,-12,,-10,-9.5,-8,-10,-0.53,-7.72,-5.8,-14,9,-6.16,-17.18,-9.9,-25,5.99,49,13,4,-36,62,0.6188190074,0.3108799226,
Air Force,San Diego St.,-3,-6.44,-3.6,-4.41,1.03,-2.31,-0.24,-5.3,-8.94,2,-14.5,-6,-6.5,-3.08,-1.49,7.5,-3.08,-2.81,,3.95,-2.09,-11.44,1.39,-5.92,,-4.4,,,,-3.03,-4.63,-3.03,-2,-4.5,-6,-4.45,-0.63,-7.2,,1.1,-3,-6,-3,-5,-6.71,-0.3,,,-6,,-2,-6.3,-1,3,-6.52,-2.79,-2.5,-3.5,-4.5,-1.21,-0.95,0.2,4,3.71,28,24,5,-4,52,0.4980424139,0.4250785521,
Appalachian St.,Wake Forest,-6,-7.15,-8.55,-7.59,-1.05,-12.43,-11.69,-6.87,-7.5,1,-10,-1,1.5,-10.26,-8.13,-2.17,-5.16,-12.92,,-15.55,-4.98,-12.69,-4.16,5.28,,5.78,,,,-6.1,-4.73,-9.43,-1,-3.5,-8,9.55,-2.19,-5.5,,-7.2,-6,-7.6,-6,-11.4,-21.33,-10.1,,,-8,,-11,-6.1,-3,2,-0.36,-0.89,-2.5,-5,17,-5.59,-7.97,-5.3,-13,6.57,20,19,5,-1,39,0.5194992101,0.3819490955,
Arizona,Utah,-3.5,-6.55,-3.3,-8.5,1.38,-7.12,2.15,-4.71,-8.01,16,-14,-1,-11,-2.67,-8.24,-6.07,-4.69,-7.62,,-2.55,-0.01,-14.81,-9.25,-8.2,,-5.29,,,,-5.29,-6.5,6.94,-6,-3,-3,-12.83,-4.87,-5.6,,4.7,-4,-6.7,-3.5,-4.6,-0.01,-0.8,,,-5,,-8,-3.6,-8,-3.6,-13.57,-7.28,-2.6,-3.5,-6,-12.26,-5.13,1,-1,5.28,30,24,5,-6,54,0.4716476941,0.3896119939,
Arizona St.,Oregon,-14.5,-10.84,-8.89,-5.42,-6.44,-9.48,-12.43,-12.9,-12.44,1,-8,-11,-15,-12.07,-9.26,-9.97,-10.23,-9.98,,-16.95,-11.43,-21.94,-15.92,-5.53,,-3.24,,,,-10.84,-7.48,-12.39,-11,-16.5,-8,-1.89,-5.48,-11.2,,-10.9,-9,-7.1,-13.5,-18.6,-24.81,-16.1,,,-8,,-13,-11,-15,-17.5,-14.96,-9.19,-3,-14.5,-3.5,-11.73,-12.32,-6.2,-26,4.80,35,37,5,2,72,0.6015854309,0.2686827394,
Baylor,Oklahoma,-27.5,-28.53,-26.03,-21.33,-15.23,-32.94,-24.46,-28.22,-32.65,-23,-22.5,-27,-27,-27.65,-20.43,-13.61,-25.65,-33.43,,-36.05,-25.74,-35.63,-38.35,-16.36,,-12.99,,,,-26.3,-22.21,-27.04,-22,-25.5,-28,-10.7,-23.51,-27.2,,-27.3,-24,-21.3,-27.5,-32.6,-40.23,-34.4,,,-27,,-34,-25.9,-30,-27.3,-30.16,-22.69,-13.5,-27.5,-13.5,-37.02,-22.84,-26.3,-34,6.99,49,41,5,-8,90,0.542471834,0.0695877765,
Boise St.,Virginia,12.5,12.53,10.16,8.71,14.27,17.81,11.32,10.71,12.83,30,-1.5,11,19,12.44,14.24,14.52,13.04,17.31,,14.05,11.16,18.94,11.77,12.84,,16.8,,,,12.8,12.08,11.81,16,13,14,20.76,21.37,3.2,,14.8,18,3,12.5,15.5,10.47,13.9,,,11,,6,5.1,13,14.9,11.21,10.51,9.3,13.5,26.5,12.76,14.24,12.8,3,5.50,42,23,5,-19,65,0.5128197403,0.7811603416,
Buffalo,Florida Atlantic,1.5,2.05,-0.85,2.19,1.72,14.18,3.04,7.66,2.51,12,2,1,0.5,1.4,5.45,-4,2.91,13.69,,0.01,3.37,3.13,6.26,3.21,,4.88,,,,2.05,1.7,2.99,1,3,-2,1.06,-2.13,3,,-0.1,0.01,1.5,1.5,4.3,2.26,12.1,,,-2,,4,2.1,4,-0.8,-0.6,1.31,1.2,3,7,9.46,0.69,0.3,1,4.05,31,34,5,3,65,0.5342922868,0.570489977,
California,USC,-17,-11.09,-12.23,-9.1,-13.87,-7.6,-6.33,-11.17,-10.01,1,-20.5,-9,-10,-11.6,-3.15,-10.5,-12.92,-8.1,,-13.55,-15.64,-11.25,-18.99,-7.9,,-4.64,,,,-12.34,-12.34,-13.39,-13,-15,-12,-15.89,-13.4,-18.2,,-15.2,-13,-18.4,-16.5,-15,-21.1,-29.5,,,-16,,-9,-16.4,-11,-23.3,-23.78,-19.69,-6.9,-17.5,-12,-16.16,-16.59,-2.8,-1,5.64,30,20,5,-10,50,0.595680285,0.2215679631,
Central Mich.,Miami (Ohio),1,3.8,4.33,1.14,-3.22,4.22,-0.24,1.57,5.75,1,7,5,11,0.61,4.45,-0.98,1.7,3.72,,-1.65,7.02,2.94,2.47,2.36,,1.57,,,,1.44,2.6,1.21,0.01,2.5,4,3.26,2.65,-0.4,,2.6,1,-0.8,1,-0.6,-0.7,-4.8,,,-1,,1,1.3,-3,-4.5,-6.58,-0.68,5.9,1,-1,9.01,3.06,2,5,3.25,31,14,5,-17,45,0.5172289651,0.5417781311,
Charlotte,Georgia St.,3,-4.11,2.01,1.23,-8.93,5.54,4.25,-1.76,-3.92,22,-11,-4,-2.5,-2.25,-10.46,10.52,-0.25,5.04,,4.05,2.55,3.75,4.77,2.98,,3.27,,,,0.34,-5.54,1.98,1,-2.5,2,-0.57,0.34,-6.1,,0.6,-1,-3.4,2.5,0.9,3.12,1.7,,,-1,,-6,-6.7,-3,-4.5,2.85,-1.09,-9.1,-1,3.5,1.07,-0.69,-2.6,1,5.63,28,0,5,-28,28,0.4235040799,0.4940793864,
Clemson,Boston College,33,34.18,25,31.05,28.82,28.96,28.3,44.1,35.61,37,48,25,32,34.33,34.94,18.06,33.96,28.46,,45.95,31.08,42.56,44.32,23.14,,25.61,,,,33.9,32.02,35.91,43,31.5,32,26.68,23.31,36.8,,33.9,33,31.9,33,37.6,51.71,38.4,,,29,,41,36.5,43,42.3,37.93,27.81,27.9,34.5,27.5,42.63,34.59,35,31,7.23,7,34,5,27,41,0.5219446382,0.9742240448,
Colorado,Washington,-11,-9.47,-7.24,-6.28,-8.12,-2.58,-5.84,-6.91,-8.26,7,8,-2,-6,-10.41,-3.33,-0.84,-7.71,-3.08,,-16.05,-12.11,-9.31,-11.26,-1.95,,-1.06,,,,-7.5,-10.73,-13.69,-13,-10,-10,-5.61,-5.68,-15.2,,-9.7,-7,-10.9,-11,-14.1,-18.94,-7.5,,,-12,,-10,-12.3,-13,-8.7,-11.71,-5.59,-4.3,-11.5,-4.5,-6.41,-12.52,-5.4,-5,5.30,37,10,5,-27,47,0.5779191539,0.3225205677,
Connecticut,East Carolina,4,2.05,11.45,-1.39,5.38,17.2,6.16,2.66,2.54,-2,6.5,9,3.5,3.6,-0.49,11.54,3.95,16.71,,-1.65,8.42,3.06,-0.65,2.9,,0.11,,,,2.9,0.27,3.69,1,5.5,0.01,-1.06,5.79,7.5,,11,5,7.9,4,,8.42,-0.5,,,,,,6.6,-1,0.01,,-0.69,,4.5,2,-0.18,,4,,4.93,41,38,5,-3,79,0.498800077,0.5939095528,
Eastern Mich.,Ohio,3,0.01,2.38,1.57,-3.03,9.24,-1.4,2.83,1.66,17,14,5,-4,-1.72,-1.16,5.19,2.21,8.74,,0.65,-0.94,-1.06,1.82,1.93,,-1.48,,,,1.57,-1.62,-0.12,-4,2,-1,-0.71,9.3,6,,0.01,2,4.7,3,7.3,7.65,5.4,,,-2,,-1,6.9,1,0.6,1.82,0.41,-0.3,2.5,-0.5,2.91,-4.99,4.2,-2,4.60,27,20,5,-7,47,0.4809373351,0.5531889461,
Florida St.,NC St.,11.5,15.42,8.28,12.4,14.26,5.69,11.45,15.33,14.82,3,20,10,13,18.08,17.01,10.27,13.45,5.18,,20.55,14.86,19.38,18.35,11.16,,8.43,,,,14.37,15.01,15.2,17,11.5,19,13.63,14.86,16.1,,15.8,14,14.8,11.5,10.4,22.94,4,,,13,,16,16.5,10,18.4,17.21,13.71,11.1,13.5,9.5,17.43,14.48,12.5,-18,4.52,27,21,5,-6,48,0.5470198361,0.7924156899,
Georgia,Mississippi St.,3,-0.4,-3.95,1.48,-0.57,-2.63,-4.61,2.66,-1.16,-1,5,7,3,-3.26,-3.2,3.58,0.59,-3.13,,-11.75,0.25,1.81,-2.62,6.52,,2.4,,,,0.25,2,-1.17,-2,6.5,-1,10.46,6.2,7.3,,-2.8,2,8.2,3,-6.2,-9.75,2.4,,,-6,,-6,7.7,-2,6.8,0.69,5.61,3.4,5.5,6,-2.65,-3.06,6.3,-14,4.96,3,31,5,28,34,0.442395712,0.5141486917,
Georgia Tech,Pittsburgh,7,7.44,5.11,4.85,2.36,8.19,11.95,7.4,7.36,13,-2,10,7.5,9.3,6.5,-0.93,8.44,7.69,,11.45,11.05,14.06,6.93,5.1,,4.98,,,,8,6.39,14.52,9,6.5,10,4.73,20.07,9.5,,12.3,12,8,7,21.9,13.54,23.9,,,14,,7,10.8,8,-2,-1.47,5.41,8.6,8.5,-0.5,13.45,9.77,7.9,11,5.35,17,35,5,18,52,0.5342532688,0.6928187673,
Houston,Texas Tech,7,5.35,6.77,0.39,14.46,-3.76,-1.48,8.33,5.45,21,-6,11,15.5,4.39,10.53,11.64,5.42,-4.26,,0.55,0.01,8.5,-2.32,0.85,,-0.15,,,,5.35,5.75,0.86,8,5.5,4,11.73,13.66,5.6,,10.8,6,3.7,7,7.3,4.08,-3,,,10,,6,4.6,14,9.9,-2.48,4.81,3.8,6.5,17.5,1.28,2.95,5.5,-8,6.03,27,24,5,-3,51,0.4629352717,0.6252003964,
Indiana,Georgia Southern,23.5,22.1,24.69,20.82,13.41,24.85,19.49,18.92,24.18,-1,18.5,17,12,21.86,11.57,18.71,20.31,24.36,,24.45,18.95,24.88,22.31,13.42,,15.31,,,,20.2,18.93,23.81,18,22.5,23,14.43,19.84,28.9,,20.2,19,26.8,23.5,22.8,27.88,18.9,,,17,,19,28.1,27,26.2,22.08,24.81,15.6,24,18.5,25.85,16.85,24.5,16,5.46,17,52,5,35,69,0.4246480142,0.8868208285,
Iowa,Penn St.,-11.5,-9.63,-7.64,-7.52,-7.39,-4.27,-5.63,-17.89,-8.53,-2,-26.5,-5,-1,-12.14,-6.55,-5.92,-9.67,-4.77,,-15.35,-9.18,-7.75,-12.95,-1.51,,-2.2,,,,-9.41,-9.89,-12.54,-11,-11,-13,-5.38,-10.87,-15.6,,-12.1,-8,-12.2,-11.5,-16,-7.57,-8.5,,,-14,,-9,-14.3,-16,-13.4,-16.18,-11.19,-4.3,-12.5,-10,-11.55,-9.67,-5,-11,4.88,21,19,5,-2,40,0.5438707444,0.2801950984,
Kansas,West Va.,-24.5,-19.24,-13.49,-21.25,-10.03,-20.32,-16.49,-18.99,-20.55,-21,-53,-13,-23.5,-18.32,-27.36,-10.17,-19.83,-20.83,,-20.75,-15.61,-20.81,-22.46,-15.82,,-22.3,,,,-20,-17.68,-14.13,-22,-20,-20,-23.29,-14.52,-19,,-20,-19,-15.9,-23.5,-17.7,-16.16,-31.2,,,-14,,-25,-18.4,-21,-22.7,-23.49,-21.69,-9.9,-21,-17,-23.78,-23.69,-6.8,-17,6.94,56,34,5,-22,90,0.6062431778,0.1262003312,
Kentucky,Florida,-3,-3.57,1.48,-9.68,2.23,12.03,-3.59,-5.27,-1.04,13,-3,4,-1.5,-5.47,-6.28,3.18,-2.06,11.53,,-8.05,-6.63,-11.19,-8.86,-2.17,,-0.42,,,,-2.69,-6.09,-2.45,-7,-2.5,-3,-8.48,-1.32,1,,-0.3,-4,-0.01,-3,-0.5,-2.27,-3.3,,,-4,,-5,0.5,8,-2.6,-7.03,-2.69,0.5,-1.5,-3.5,-7.34,-9.99,1.8,10,5.41,28,27,5,-1,55,0.5223494812,0.4511186579,
LSU,Syracuse,22,20.54,9.65,21.03,21.66,21.22,18.6,21.44,19.62,12,32,7,14.5,20.55,25.52,15.1,19.99,20.72,,24.55,18.23,29.94,30.91,19.23,,21.93,,,,20.72,22.37,17.69,26,23.5,17,26.62,11.16,12.7,,14,18,11.2,22,18.3,12.56,26.2,,,18,,23,11.2,29,26.7,21.4,24.82,12.6,21.5,22.5,32.16,23.62,23.8,-2,6.05,26,35,5,9,61,0.4529116666,0.8803242015,
Louisiana-Lafayette,Louisiana-Monroe,6.5,5.86,-1.06,5.08,5.47,-6.97,-2.22,5.99,6.99,9,26,2,11,1.83,2.41,11.42,5.12,-7.47,,8.65,4.55,-4.25,8.13,8.73,,10.34,,,,5.47,6.57,0.58,14,5,9,10.21,3.34,6.7,,-1.9,1,6.3,6.5,5.7,-4.86,-10.2,,,-1,,3,5.4,8,3.7,15.49,7.11,3.5,6.5,10.5,9.3,4.28,3.9,-4,6.10,56,50,5,-6,106,0.4676602029,0.6183266052,
Louisville,Kent,41.5,37.96,26.57,34.49,26.61,30.1,29.65,26.6,37.62,20,25,25,27.5,39.28,38.21,18.69,33.35,29.6,,41.35,37.59,31.13,34.28,22.1,,22.41,,,,34,37.76,35.34,34,38,43,36.42,23.6,36.7,,33.5,32,34.8,40.5,28.2,52.8,43.7,,,39,,36,37.5,34,41.7,33.99,32.81,27.5,44,30,33.01,40.51,44.5,20,7.10,3,42,5,39,45,0.3196550176,0.9724307577,
Maryland,Central Florida,6,3.74,6.04,10.06,-6.95,11.3,6.09,0.78,5.29,15,-16,10,9,3.36,3.72,2.28,5.27,10.8,,-0.25,6.63,11.06,1.83,8.61,,9.06,,,,5.29,1.65,5.19,2,3.5,9,2.61,5.06,5.1,,5.1,4,6,6,9.2,7.69,20,,,8,,6,5.9,2,10.8,-0.01,4.11,7.2,3.5,1.5,-0.49,3.96,5.8,11,5.46,38,10,5,-28,48,0.4826581442,0.6232066621,
Miami (Fla.),Toledo,13.5,9.78,3.2,16.37,10.32,6.61,4.3,13.63,9.55,8,3,8,1.5,8.68,12.58,14.77,11.12,6.11,,12.35,14.74,16.88,14.25,5.09,,3.83,,,,11.01,11.01,16.36,15,12.5,16,13.91,7.58,19.5,,7.6,11,19.7,13.5,10.2,5.01,3.9,,,9,,11,22,13,14.1,17.66,14.71,13,13,11.5,14.24,9.25,13.4,-12,4.80,30,52,5,22,82,0.4429442452,0.7487339337,
Michigan St.,Notre Dame,-3,-2.71,-1.6,-2.99,-3.48,1.06,-3.88,-5.58,-1.81,-2,-11,-6,2,-4.34,-1.32,5.31,-4.35,0.55,,-3.85,-4.8,-7.13,-5.86,-2.47,,-2.2,,,,-3.88,-3.16,-10.43,-3,-3.5,-7,-5.28,-1.7,-11.1,,-6.9,-7,-6.4,-3,-8.8,-9.04,-9.3,,,-7,,-4,-11.7,-12,-2.9,-6.72,-2.68,-5,-3.5,2.5,-5.1,-2.79,2,-3,3.89,38,18,5,-20,56,0.4670871896,0.3950671605,
Middle Tenn.,Bowling Green,7,10.12,19.91,4.93,5.43,22.41,6.17,8.95,11.49,29,27.5,15,11,8.71,9.08,0.79,11.89,21.92,,15.35,11.03,-0.69,6.85,9.28,,9.4,,,,11.03,8.78,12.45,12,10.5,15,9.76,11.75,14,,15.8,13,14.4,8,10.1,16.92,14.6,,,6,,15,14.3,13,13.3,1.22,8.91,7.1,7,19.5,6.31,9.59,6.6,13,5.76,13,24,5,11,37,0.6139371295,0.7593300955,
Missouri,Auburn,-17.5,-24.13,-12.24,-20.67,-17.17,-19.7,-15.77,-23.82,-24.97,-32,-43,-10,-12,-24.19,-28.58,-6.64,-18.95,-20.2,,-20.95,-14.71,-33,-18.44,-8.79,,-8.43,,,,-19.7,-22.79,-16.5,-17,-17,-16,-15.52,-16.21,-22.2,,-15.5,-17,-21.8,-17.5,-19.7,-20.74,-16,,,-21,,-24,-21.3,-17,-24.8,-24.58,-21.69,-15.4,-17.5,-10,-22.65,-19.55,-4.8,-12,6.71,51,14,5,-37,65,0.4664730161,0.1357515215,
Navy,Cincinnati,10,10.52,14.13,12.36,11.18,11.22,15.25,7.93,10.38,9,3,9,12.5,11.54,10.43,14.68,12.43,10.72,,14.35,13.47,15.69,17.38,11.73,,14.36,,,,12,10.09,12.15,16,10.5,7,17.03,22.06,9.4,,16.5,9,9.9,10,10.7,12.45,15.4,,,16,,16,11.2,12,12.8,18.45,10.11,10.3,11.5,15,10.3,14.75,11.9,13,3.24,32,42,5,10,74,0.5596139116,0.7785290743,
Nebraska,Rutgers,11,16.56,5.18,15.09,13.81,14.23,8.6,11.27,16.49,5,16,7,13.5,13.96,19.05,17.5,13.1,13.73,,8.35,13.18,20.81,16.42,13.97,,20.78,,,,13.81,18.46,8.6,15,13.5,11,25.95,10.91,6.4,,6.8,13,8.6,11.5,12.6,5.42,15.2,,,14,,17,6.9,15,11,13.23,15.71,10.6,11.5,19.5,13.94,14.09,11.8,-9,4.46,17,27,5,10,44,0.5506703686,0.7865343949,
New Mexico St.,UTEP,19.5,11.06,13.64,10.58,15.61,24.93,13.89,18.63,11.83,19,21,15,10.5,14.11,18.04,4.1,15.2,24.44,,20.95,15.45,-8.44,15.09,9.31,,13.9,,,,15,8,17.15,12,17,21,4.42,16.75,16.8,,16.7,15,11.4,19,15.6,34.57,25,,,13,,23,18,18,16,2.6,12.72,12.1,18,9,14.64,10.67,18.5,23,5.60,14,41,5,27,55,0.3991958087,0.8167138409,
North Carolina,Duke,1,-1.43,-7.55,4.63,-0.9,-2.35,0.14,2.8,-3.71,-3,7,-1,-1,-1.19,3.02,1.35,1.57,-2.85,,0.95,2.94,2.44,-1.89,2.47,,5.89,,,,1.96,1.96,0.74,8,-2.5,-1,16.52,9.23,2.6,,-3.9,2,2.8,1,3.5,-6.87,-9.5,,,-5,,1,2.7,8,2.7,6.89,3.11,3.3,-2.5,17,1.43,2.66,-5.1,-17,5.22,27,17,5,-10,44,0.5136045255,0.5374243205,
North Texas,UAB,10,8.19,0.43,2.92,0.21,2.64,7.85,7.97,6.9,7,23,7,6.5,10.87,3.1,2.61,8.4,2.14,,10.25,6.28,0.38,5.8,3.14,,4.83,,,,7,8.67,9.91,15,11,8,5.11,30.12,18.3,,6.5,3,17,9.5,-4.6,14.49,25,,,12,,15,20.3,5,13,5.62,6.11,5.8,13,-7.5,7.49,11.33,11.4,-1,7.21,43,46,5,3,89,0.4634395636,0.6850272005,
Ohio St.,UNLV,39,37.94,31.16,35.83,33.16,26.31,40.33,36.92,35.91,4,43.5,32,34,40.27,36.27,19.1,36.39,25.8,,44.75,40.68,44.5,49.93,22.41,,23.49,,,,37,40.23,44.41,41,39.5,44,41.04,33.98,43.5,,36.9,35,39,39,32.8,42.37,44.7,,,43,,37,44.7,49,35.8,41.81,27.81,28.9,40,25,41.71,46.35,40.5,9,8.67,21,54,5,33,75,0.442630815,0.9778869374,
Oklahoma St.,TCU,11,9.21,5.39,10.03,8.08,12.7,13.02,18.11,7.83,23,16.5,6,9,11.47,9.27,11.69,12.12,12.21,,20.95,6.51,9.38,19.04,9.14,,6.57,,,,11,9.94,6.73,16,10.5,8,10.75,8.61,15.7,,9.3,7,15.1,11,20,18.67,13.5,,,8,,11,14.2,17,14.1,19.54,10.41,5.1,12.5,14,19.42,11.43,10.5,-7,4.54,44,31,5,-13,75,0.527039609,0.7685317106,
Purdue,Michigan,-11,-14.24,-8.83,-20.94,-8.92,-8.74,-7.9,-8.04,-13.91,-8,-24,-10,-21,-11.24,-22.99,-10.48,-12.88,-9.24,,-10.85,-11.4,-23.38,-19.93,-9.7,,-3.01,,,,-11.24,-16.44,-10.76,-20,-9,-12,-27.56,-9.16,-10.2,,-7.9,-16,-9.6,-11,-3.9,-5.02,-4,,,-12,,-20,-11.7,-8,-14.2,-19.33,-20.19,-11.1,-10,-21,-17.84,-17.95,4.7,-7,6.45,28,10,5,-18,38,0.4563140248,0.2261073248,
Rice,Florida Intl.,3,7.22,1.98,4.09,0.5,6.86,7.38,2.93,7.9,18,-13.5,3,4.5,6.75,2.53,4.31,3.94,6.37,,6.45,5.45,1.56,5.85,1.71,,-0.57,,,,4.12,6.43,4.79,6,2.5,2,2.2,5.36,-0.7,,5.7,5,0.9,3,9,-3.39,21,,,3,,7,0.01,-1,-4.1,3.69,2.51,6.3,2.5,-4,5.42,4.12,4.1,-9,5.23,13,7,5,-6,20,0.5224230864,0.5931721022,
SMU,Arkansas St.,3.5,3.1,4.58,0.35,-1.43,-0.95,7.76,1.09,3.5,9,-9,8,-3.5,4.7,-4.62,-1.15,2.32,-1.44,,7.55,5.78,1.19,1.76,-1.09,,-6.2,,,,3,1.47,9.58,-6,3.5,5,-2.15,6.4,9.4,,6.8,3,9.4,3.5,-1.2,6.05,-7.6,,,7,,5,10.8,1,3.1,-5.1,-0.69,4.8,5.5,-3.5,6.48,2.64,9.3,16,5.04,21,44,5,23,65,0.471759047,0.5553918519,
San Jose St.,Utah St.,-1.5,-2.79,-5.32,-0.72,-6.61,-0.66,-1.65,1.21,-2.3,-1,-7.5,-3,-4,-3.43,-2.04,10.05,-1.95,-1.17,,-7.05,-0.38,9.38,-1.29,2.94,,3.1,,,,-1.37,-3.2,-4.19,-5,-2.5,-3,-1.37,5.47,0.5,,-7.1,-5,0.8,-1.5,-4.6,-9.59,-11.4,,,-4,,-1,0.3,-4,-0.4,-0.01,-1.09,3.1,-1,0.01,1.34,-4.85,1.2,-8,3.84,61,10,5,-51,71,0.4890093091,0.4524805758,
South Alabama,Idaho,6.5,8.66,6.09,-1.65,3.1,8.57,7.41,0.38,10.26,5,6,6,5,7.68,3.56,-4.97,3.72,8.08,,6.85,8.27,4.13,2.09,3.87,,-2.08,,,,4.9,6.72,10.15,4,4,8,-2.63,-2.16,4.1,,10,5,5.6,6.5,-0.01,2.44,19.5,,,4,,1,4.9,-1,7,-10.63,-0.49,7.3,3.5,-7.5,-5.62,5.59,3,6,4.96,29,23,5,-6,52,0.433626709,0.588491389,
South Carolina,Louisiana Tech,9.5,10.71,5.11,5.69,2.09,12.53,10.52,9.37,10.12,10,6.5,13,3.5,12.47,3.27,8.92,9.21,12.03,,8.55,13.11,13.13,6.12,3.53,,4.84,,,,10,10.56,21.29,1,11.5,16,4.17,13.33,20.2,,13.9,11,20.1,9.5,11.4,6.85,13.5,,,10,,11,22.1,12,10.3,-3.68,5.71,11.2,8,-2.5,1.49,5.46,8.9,4,5.36,16,17,5,1,33,0.4930953662,0.7087322835,
South Florida,Temple,19.5,10.89,13.88,6.51,15.15,14.16,14.43,16.56,11.34,18,13,16,10,12.16,9.45,10.17,13.07,13.66,,13.25,16.77,21.13,9.72,10.58,,10.53,,,,13.25,9.37,16.51,10,17.5,17,9.2,14.99,19.4,,18.2,14,15.9,18.5,14.7,26.35,17.4,,,13,,13,18.3,11,14.6,1.32,13.41,9,19.5,4.5,11.91,8.51,20,17,4.08,7,43,5,36,50,0.3474228902,0.7873868256,
Stanford,UCLA,7,5.59,6.27,12.58,-1.05,8.5,7.8,7.81,3.83,13,-1,9,8,7.56,6.67,11.9,9.23,8,,7.55,10.09,12.63,9.37,4.96,,5.36,,,,9,7.67,8.76,15,6.5,5,16.2,16.34,9.3,,12,10,9.2,7,10.8,12.69,12.8,,,9,,12,9.8,16,10.3,15.37,7.21,9.6,7.5,8.5,8.63,9.39,7.8,-5,3.68,34,58,5,24,92,0.5544256341,0.714448325,
Tennessee,Massachusetts,27.5,32.66,25.15,28.78,19.92,25.06,27.09,27.81,34.24,29,27,27,34,30.91,28.32,19.41,28.5,24.56,,30.05,26.28,32.06,34.12,28.37,,29.06,,,,28.78,31.32,29.96,30,27.5,35,36.07,28.83,29.8,,28.3,29,30.3,27.5,26.8,24.78,26.7,,,28,,31,31.5,31,22.8,28.82,26.81,22.2,28,18.5,33.09,32.93,28.5,18,3.95,13,17,5,4,30,0.5243718507,0.9592617658,
Texas A&M,Arkansas,1.5,1.3,2.75,4.02,3.62,10.64,3.59,9.2,2.55,18,16.25,0.25,4.5,0.53,8.09,-1.17,4.18,10.63,,5,0.62,9.06,3.81,-0.37,,1.58,,,,3.59,-0.47,1.86,1,3,2,5.31,4.69,-0.01,,-0.7,4,-0.5,1.5,7.8,-7.47,10.7,,,4,,4,1.1,2,11.5,6.57,3.1,6.1,2.5,12.5,2.4,2.93,2.8,-4,4.76,43,50,5,7,93,0.5642342442,0.5995663105,
Texas St.,Texas-San Antonio,-13,-16.05,-14.59,-18.2,-11.14,-13.38,-12.95,-17.11,-17.17,-12,-18.5,-8,-8.5,-16.55,-20.2,-12.92,-15.96,-13.89,,-17.55,-16.3,6.06,-23.96,-6.69,,-11.43,,,,-16.3,-13.99,-16.67,-19,-15.5,-22,-9.14,-13.8,-22.4,,-12.9,-16,-18,-13,-21.1,-25.78,-9.2,,,-18,,-21,-19.2,-27,-7.8,-23.83,-19.69,-11.7,-12,-6,-22.77,-15.41,-12.3,-11,5.04,44,14,5,-30,58,0.42947123,0.1689683819,
Troy St.,Akron,17.5,14.76,9.22,11.55,13.09,14.4,11.79,12.94,15.07,34,18,12,13,15.23,16.16,17.23,14.51,13.91,,14.35,13.99,7.94,17.13,8.8,,13.8,,,,14.35,13.98,13.46,16,14.5,16,17.24,13.11,13.6,,13.5,16,10.5,16.5,-10.4,28.02,17.1,,,11,,14,14.1,15,15.8,14.42,14.51,17.6,15.5,23,15.07,12.46,15.1,13,5.69,17,22,5,5,39,0.4296311143,0.8052361066,
Tulane,Army,3,-3.36,-6.96,1.19,5.5,6.35,-0.1,2.86,-3.56,9,0.01,-4,-2.5,-2.86,-2.55,-1.88,0.18,5.85,,-0.55,-2.64,-1.25,-2.76,-0.18,,2.27,,,,-0.24,-3.34,-0.24,-2,2,-1,-2.37,-6.59,0.01,,-1.6,1,1.5,2.5,6.4,3.61,17.4,,,-2,,-6,0.7,-7,7.9,-2.91,0.11,-1,2.5,0.5,2.2,-1.53,4.2,-4,4.55,17,21,5,4,38,0.4322067796,0.5043481801,
Tulsa,New Mexico,10.5,10.93,9.12,10.82,13.59,13.24,7.48,15.91,11.83,16,15.5,10,10.5,10.75,11.4,10.04,13.16,12.75,,17.55,11.57,18.25,19.01,11.65,,9.02,,,,12.23,9.56,14.45,16,14,14,13.88,13.73,13.6,,12,12,13.2,10.5,19.8,3.66,33.8,,,15,,17,14,15,4.1,12.1,10.71,10.5,10,15.5,21.64,12.23,11.6,8,4.68,16,13,5,-3,29,0.563848141,0.7867529371,
Vanderbilt,Alabama,-20,-22.47,-9.81,-25.62,-13.87,-11.15,-15.51,-14.24,-20.95,2,-23,-8,-20,-21.58,-20.34,-10.58,-16.39,-11.65,,-19.05,-15.67,-15.5,-22.62,-6.04,,-2.57,,,,-17,-25.31,-17.37,-18,-18.5,-16,-15.21,-7.86,-17.8,,-12.9,-16,-15.4,-20,-17,-15.78,-10.2,,,-17,,-22,-18.3,-19,-20.2,-27.77,-21.69,-13.8,-19,-15.5,-23.16,-25.03,-3.8,1,6.32,59,0,5,-59,59,0.5836586007,0.1687378663,
Virginia Tech,Old Dominion,28.5,26.99,15.99,22.7,24.07,21.54,24.04,28.85,27.3,35,54,15,21.5,27.68,33.15,10.14,25.77,21.04,,33.55,25.94,39.56,26.73,17.82,,19.98,,,,26.06,26.06,27.63,31,27.5,29,22.85,14.08,31.1,,28.6,24,27.6,28.5,27.9,34.32,33.6,,,23,,25,31.1,28,25,22.52,25.81,21.6,28,10,29.83,27.49,28.5,21,7.23,0,38,5,38,38,0.4378215557,0.9301944767,
Washington St.,Nevada,28.5,28.6,24.47,26.25,22.1,29.93,21.6,20.07,30.82,18,38,30,29.5,26.77,26.87,18.3,26.99,29.43,,32.05,28.74,35.75,28.14,25.77,,23.92,,,,26.81,26.15,28.86,25,26,34,30.04,23.38,33.2,,25.3,26,30.2,28.5,25.6,30.35,15.6,,,26,,29,36,31,22.6,25.27,26.81,23.9,28,23,28.93,28.45,28.5,33,4.48,7,45,5,38,52,0.4635315846,0.9491021473,
Western Kentucky,Ball St.,10,12.37,-1.27,12.23,9.15,-4.12,5.42,19.5,10.25,-1,14,5,11,11.33,14.29,11.47,12.17,-4.62,,13.35,10.66,18.06,16.95,14.44,,16.6,,,,12.23,16.62,2.25,25,10,12,28.75,14.78,17.4,,6.3,8,14.3,10,8.4,2.71,3.9,,,11,,18,17.8,21,14.8,25.02,13.41,8.2,7.5,30,18.64,16.64,7.9,-12,7.47,21,33,5,12,54,0.5492191921,0.7560597124,
Wyoming,Hawaii,4.5,3.37,2.32,7.29,-1.37,10.75,4.02,6.13,2.52,-4,6,3,1.5,3.45,7.76,6.62,7.37,10.26,,8.65,8.37,5.56,8.66,5.91,,10.77,,,,7.34,4.73,7.31,12,7.5,10,11.57,7.6,9.8,,6.5,5,7.5,5,8.2,7.34,20.6,,,10,,11,11.2,11,9,11.47,7.21,7.3,6,5,11.29,7.54,6.8,-2,3.96,21,28,5,7,49,0.5696250741,0.6738135045,
Alabama,Mississippi,28,30.28,25.32,29.38,25.53,28.23,22.16,32.72,31.67,30,27,28,33.5,30.2,27.75,14.39,30.41,31.33,,41.75,26.14,27.95,37.21,19.55,,14.42,,,,30.2,29.54,27.08,33,28,31,19.75,32.39,35.3,,34.5,32,31.3,28,41.5,42.37,33.4,,,29,,41,34.6,44,34.7,39.91,27.22,17.8,28,25,39.78,28.56,28.5,17,6.78,3,66,6,63,69,0.5555118482,0.9609234752,
Arkansas,New Mexico St.,17.5,21.85,2.95,16.95,19.59,1.07,8.23,13.64,20.77,9,20,6,15,21.06,21.91,1.55,15.44,3.7,,14.95,19.68,20.4,18.13,12.75,,17.71,,,,16.95,27.18,15.41,25,18.5,20,29.44,7.02,21.3,,18.8,17,23,17.5,12.6,5.51,3.6,,,18,,12,21.4,20,19.3,15.57,18.72,16.7,17,5,15.55,16.6,17.5,9,6.97,24,42,6,18,66,0.4527128044,0.8134015003,
Army,UTEP,22,24.22,24.94,20.94,14.8,35.44,25.22,27.91,22.84,29,16.5,21,17.5,25.16,18.17,17.4,24.26,27.79,,33.85,25.88,-1.3,31.32,8.78,,14.59,,,,24.5,20.58,30.99,28,24,29,17.77,29.46,29.1,,31.6,23,24.2,22,23.7,38.68,24.3,,,29,,28,28.3,31,19,16.83,22.22,21.3,24,13,25.2,27.5,24.5,29,6.14,21,35,6,14,56,0.5528203086,0.9229845562,
Auburn,Mississippi St.,8,4.06,-4.76,6.21,7.58,-7.21,-4.87,12.89,4.6,1,29.5,3,3,3.22,10.53,-1.57,5.53,-1.67,,1.65,6.88,4.7,3.25,3.73,,3.17,,,,5,7.87,4.69,10,9.5,8,16.11,10.81,17,,4.9,7,14.2,8,3.4,-2.95,-18.7,,,2,,3,17.5,5,5.7,6.26,9.81,11,9,10.5,7.44,-0.85,9.9,-8,7.53,10,49,6,39,59,0.4441047542,0.6235120546,
Boston College,Central Mich.,10,11.29,8.67,14.8,6.85,-6.35,13.57,13.25,11.15,14,5.5,8,4,11.59,8.15,8.42,11.23,20.39,,20.45,9.54,14.05,11.25,8.07,,11.23,,,,11.25,9.8,11.24,14,9,10,11.14,7.97,11,,12.7,11,11.7,10,16.4,11.33,17.8,,,11,,11,12,15,15.5,12.67,13.42,11.6,7.5,3,14.82,15.14,7.9,-4,4.50,8,28,6,20,36,0.5297113717,0.7519364006,
Bowling Green,Akron,-2.5,3.73,-13.99,-0.01,0.64,-14.08,1.25,-0.13,2.69,-5,-8.5,-7,-2,3.76,3.45,-5.61,-0.79,-11.81,,-3.55,1.18,6.85,6.64,-2.43,,-0.67,,,,-0.08,4.43,-1.74,2,1,1,2.99,-5.81,0.4,,-3.3,-2,-3.7,-2.5,1.5,-0.51,0.3,,,-2,,3,-0.6,-2,2.9,6.64,0.62,2.4,-2.5,6,5.06,1.08,-4.1,-10,4.72,34,23,6,-11,57,0.541121603,0.4809757496,
Central Florida,Memphis,7,7.99,9.31,0.01,8.65,9.65,9.35,6.4,9.91,7,5.5,18,15.5,8.11,5.94,7.66,6.61,6.98,,-0.45,11.28,10.34,6.54,9.29,9.88,4.03,7,,15,6.98,5.45,6.98,3,7,2,-6.15,0.96,4,6.64,9,8,5.5,7,1.7,4.66,14.4,5.87,-0.63,5,,6,3.5,2,4.3,14.52,7.22,10.3,7,-0.5,2.74,9.67,7.6,,4.32,13,40,6,27,53,0.4905441602,0.656069964,
Cincinnati,Marshall,3.5,4.78,0.22,5.46,1.76,0.43,3.54,7.07,4.92,15,11,2,2.5,4.47,9.81,3.84,5.68,2.98,,5.95,3.79,8.2,8.07,2.7,,0.73,,,,5.46,6.29,1.38,8,5,8,9.22,-0.98,7.8,,3.2,5,8.5,3.5,1.6,14.61,7.8,,,4,,9,7.3,8,6.5,9.08,5.42,5.8,3.5,9,7.24,4.25,4.4,-1,3.46,38,21,6,-17,59,0.5533715432,0.6366871378,
Duke,Miami (Fla.),-6.5,1.1,2.66,-6.6,-1.35,21.07,10.18,-5.21,0.46,10,3,4,3,2,-3.36,9.47,0.22,8.8,,1.75,-5.96,-3.55,1.14,-1.43,,1.29,,,,-0.3,-3.23,1.67,-5,-4.5,-1,-14.39,-8.6,-6.1,,6.7,-2,-4.4,-6,-3.1,13.66,31.5,,,7,,2,-5.4,1,-16,-6.18,-4.78,-0.3,-6,-16.5,-7.63,6.02,-3.9,11,8.67,31,6,6,-25,37,0.6448670499,0.5048518841,
East Carolina,South Florida,-21,-18.27,-33.11,-18.78,-13.83,-34.16,-22.11,-27.74,-18.93,-22,-23,-26,-27,-18.79,-18.87,-11.05,-22.86,-15.41,,-30.35,-25.01,-32.05,-24.38,-19.9,,-21.42,,,,-22,-15.06,-16.8,-22,-24,-27,-20.51,-26.06,-25.4,,-23.5,-21,-20.8,-21,-26.9,-31.23,-14,,,-25,,-31,-24.4,-33,-28.2,-25.96,-21.78,-14.6,-23,-17,-31.4,-21.31,-21.8,-38,5.64,61,31,6,-30,92,0.4560453056,0.0874103847,
Florida,Vanderbilt,9,11.11,3.38,8.77,3.54,0.47,8.11,6.97,7.6,11,10.5,5,7.5,11.47,11.26,3.38,9.24,-4.21,,15.85,11.07,15.3,13.53,7.9,,6.91,,,,9.5,11.69,13.31,14,9.5,11,15.63,9.14,11.5,,9.4,9,12.1,9,7,20.41,-1,,,12,,8,11.4,8,9.5,12.5,6.82,12,10,8.5,9.68,12.37,10.4,-2,4.36,24,38,6,14,62,0.5058154383,0.7126829794,
Florida Atlantic,Middle Tenn.,2.5,-0.39,0.12,-5.38,2.58,3.33,9.71,-5.25,-6.66,6,-11,-0.25,-7.5,1.42,-3.62,2.44,-0.92,-3.06,,10.35,-0.68,3.2,-1.96,-4.44,,-6.58,,,,-1,-4.74,4.05,1,1.5,-5,-7.59,2.32,-4.3,,6.6,-4,-2.1,2,6.1,6.54,-1.7,,,9,,-1,-4.9,-12,-0.4,2.45,-5.08,6.9,3,-11.5,-6.02,3.72,4.4,1,5.64,20,38,6,18,58,0.4195689226,0.4782256937,
Florida Intl.,Charlotte,9.5,14.16,19.24,7.8,12.55,19.36,8.41,11.81,19.86,32,13,15,17.5,13.35,9.4,18.28,13.11,19.95,,11.15,9.52,-8,11.41,9.03,,9.89,,,,12.55,13.86,10.3,13,10,14,6.02,9.78,13.5,,16.1,15,10.3,10,19.1,21.08,6.5,,,12,,11,12.8,12,7.9,5.44,9.22,18.8,12.5,4,19.13,12.64,12.1,13,5.06,29,30,6,1,59,0.5857648685,0.7843099356,
Fresno St.,Nevada,9,7.38,19.45,0.62,-5.25,25.41,13.47,0.52,6.25,27,6.5,16,9,8.49,1.55,14.71,8.95,10.75,,15.85,9.12,-4.65,6.99,4.23,,0.14,,,,7.6,2.64,15.48,5,9,10,-2.16,1.88,6.2,,17.5,9,3.2,9,5.1,31.55,22.8,,,12,,17,7.6,10,5,0.45,2.72,8.4,9,1,5.87,13.3,10.2,18,7.85,21,41,6,20,62,0.4988736922,0.6933469091,
Georgia Tech,North Carolina,10,8.89,2.31,4.99,1.88,21.76,8.65,10.16,11.46,6,9,7,7.5,8.57,5.5,7.53,8.18,8.9,,10.75,6.46,13.15,11.22,9.89,,8.34,,,,7.97,8.26,5.74,5,10,12,3.15,13.92,6.9,,7.1,9,5.8,10,9.8,14.2,16.9,,,9,,13,7.3,6,11.9,4.03,6.02,6.6,9.5,0.01,18.26,7.69,9.8,6,4.63,7,33,6,26,40,0.4561765076,0.689599347,
Hawaii,Colorado St.,-7,-9.13,-12.48,-7.64,-8.9,-8.36,-11.09,-15.7,-7.55,-3,-14.5,-9,-11,-9.68,-14.18,-2.3,-10.87,-12.89,,-20.35,-7.32,-15.4,-18.92,-1.23,,-5.81,,,,-11,-7.55,-7.65,-16,-9,-14,-9.72,-8.06,-11.3,,-12.9,-11,-8.6,-7.5,-16.9,-15.44,-12.9,,,-10,,-25,-11.2,-18,-16.3,-22.77,-10.78,-3.5,-6.5,0.01,-14.53,-15,6.9,-8,5.70,51,21,6,-30,72,0.4092533744,0.2596188994,
Illinois,Nebraska,-6,-6.09,-4.71,-5.14,-4.36,-0.73,-2.98,-0.16,-2.17,2,-7.5,-2,-5,-6.49,-2.48,5.98,-4.27,-2.54,,-6.15,-3.96,-4.4,-5.45,4.07,,1.94,,,,-4.71,-7.2,-3.63,-2,-6.5,-5,-15.24,-9.91,-6.8,,-3.1,-5,-7,-6,-5.6,-18.82,-8,,,-4,,-1,-6.7,-8,2.8,-6.36,-4.29,-4.5,-4.5,-5,-0.4,-5,-2,3,4.31,28,6,6,-22,34,0.5418786282,0.3975955191,
Iowa St.,Texas,-4.5,-5.69,-2.98,-0.61,0.62,-2.48,-2.85,3.06,-0.89,1,-2,-1,-2.5,-6.57,0.89,2.62,-2.4,8.3,,-3.25,-4.22,0,6.83,-1.68,,-2.82,,,,-2.5,-5.95,-5.39,-1,-4,-5,-6.91,-9.96,-6.6,,-6.2,-3,-6.9,-4.5,-0.2,-8.58,-9.7,,,-5,,4,-7.3,1,1.7,7.77,-2.28,-9,-4.5,-1,6.18,-7.73,-8.7,3,4.40,17,7,6,-10,24,0.5507176245,0.4420849162,
Kansas St.,Baylor,14.5,14.77,10.74,9.48,8.73,26.85,16.71,14.62,17.24,8,10,16,11,14.61,6.35,13.04,13.47,16.39,,13.95,18.73,23.05,29.23,14.37,,7.74,,,,13.9,13.43,13.7,14,14,14,10.61,16.07,16.5,,13.8,14,13.8,14.5,14.6,9.98,4.9,,,10,,19,16.2,18,13.9,19.87,11.62,-3.8,17,6.5,18.96,11.83,13.6,18,5.29,20,33,6,13,53,0.4754576596,0.7895979745,
Kent,Buffalo,-7.5,-10.36,-11.59,-5.19,-3.25,-19.24,-11.25,1.93,-7.95,-6,7,-3,-3,-11.51,1.48,-5.56,-5.4,-5.6,,-15.25,-6.49,9.95,-5.41,6.01,,4.96,,,,-5.56,-6.38,-8.09,0.01,-4,-9,7.23,-2.34,-0.7,,-6.1,3,-1,-7.5,-9.2,-24.83,-9.9,,,-12,,-9,0.6,-8,-7,-4.79,-2.88,-3.7,-7.5,0.5,-3.94,-11.58,-10.2,-16,6.49,27,13,6,-14,40,0.5487328849,0.3764192682,
Kentucky,Eastern Mich.,14,16.09,7.51,17.34,18.86,11.33,12.73,15.65,19.56,20,14,11,14.5,15.52,21.31,14.39,15.94,17.37,,18.65,15.43,30.8,15.93,14.83,,18.92,,,,16.09,16.5,19.5,20,14,22,17.3,7.4,21.3,,17.9,18,20.2,14,16,3.34,16.9,,,15,,13,21.4,15,13.3,14.47,16.71,15.4,14.5,6,22.07,17.44,14.9,5,4.14,20,24,6,4,44,0.5470698573,0.834399304,
LSU,Troy St.,20.5,24.3,7.68,23.23,16.1,12.08,18.81,26.42,20.76,12,32.5,7,11,24.77,22.23,8.36,19.85,10.45,,28.55,20.31,31.15,30.04,10.98,,11.31,,,,21.8,24.79,24.24,25,19.5,23,21.9,8.89,26.6,,17.8,17,23,20.5,18.2,12.68,25.1,,,24,,18,25.1,29,21.8,27.2,20.22,7.7,21,8.5,33.22,26.54,21.5,7,7.22,24,21,6,-3,45,0.485135374,0.8724667509,
Louisiana Tech,South Alabama,11.5,10.74,7.82,13.04,9.53,9.26,7.73,15.78,14.21,15,18,12,15,10.1,16.28,11.37,13.69,19.03,,12.35,12.55,11.45,18.48,13.54,,15.13,,,,13.04,11.35,11.31,16,14,18,17.3,8.59,10,,11.9,16,7.3,11.5,14.8,10.16,12,,,12,,22,9.2,20,11.3,19.24,15.61,9.4,13.5,21.5,21.38,13.08,13.9,10,3.83,16,34,6,18,50,0.5533403548,0.7990720709,
Louisiana-Monroe,Coastal Carolina,7.5,12.13,14.62,2.02,-3.17,12.25,8.87,4.95,10.42,14,-6.5,17,16.5,12.95,,6,9.48,13.57,,12.05,6.07,-3.75,6.95,11.4,,13.97,,,,10.36,9.17,9.91,11,11,9,1.17,36.58,10.3,,14.2,7,12.5,7.5,12.2,5.51,,,,12,,16,13.4,6,11,1.36,,5.1,7.5,-4,7.88,9.6,12,7,6.83,43,51,6,8,94,0.5456073581,0.7083433115,
Massachusetts,Ohio,-4.5,-11.33,-24.77,-4.77,-9.9,-11.22,-10.66,-2.63,-16.66,1,0.01,-16,-20.5,-10.42,-5.12,-10.89,-7.52,-8.2,,-2.95,-4.25,1.35,-11.08,-10.03,,-8.59,,,,-8.2,-11.99,-6.15,-3,-8.5,-10,-9.19,-6.35,-4,,-8.7,-7,-5.6,-4.5,0.9,-11.36,-0.01,,,-10,,-10,-3.1,-4,-1.1,-8.65,-3.18,-3.2,-7.5,-4,-9.19,-9.14,-1.7,-24,5.37,58,50,6,-8,108,0.4284952212,0.3268146049,
Michigan St.,Iowa,4,1.29,-7.45,-3.71,-3.58,6.1,0.8,-1.38,0.37,1,-1,-6,-3,1.21,-0.36,-1.21,-1.8,-5.22,,-0.65,1.09,-5.25,0.11,-2.97,,-0.87,,,,-2.7,2.45,-3.63,2,2.5,-3,-7.53,-5.52,-9.4,,-2.4,-3,-7.1,3,-4.2,11.06,6,,,-4,,-6,-10.4,-6,4.6,-3.49,-0.88,-2.7,3.5,-3,-7.49,0.01,8.1,-8,4.44,10,17,6,7,27,0.36247363,0.4565234073,
Minnesota,Maryland,13.5,10.66,4.57,11.25,7.03,16.07,4.37,20.4,11.8,8,17.5,12,15,10.79,13.84,3.24,11.42,8.92,,20.15,10.98,19.75,14.11,12.23,,10.81,,,,10.79,9.12,8.8,19,10.5,9,15.34,8.55,10.6,,10.4,10,8.3,13,16.3,10.31,3.8,,,10,,9,10.8,21,12.6,18.33,8.82,-1,12,12.5,21.7,10.04,8.4,11,4.76,31,24,6,-7,55,0.4500614434,0.7546125386,
NC St.,Syracuse,14,13.12,8.34,12.82,8.58,12.39,13.3,9.76,16.45,12,-2.5,12,13.5,12.53,11.97,13.17,13.64,11.14,,14.85,11.16,25.9,16.91,17.3,,20.08,,,,13.12,13.46,14.74,14,11.5,16,17.37,11.39,12.2,,11.3,13,12.5,14,18.7,18.69,20.1,,,13,,18,11.5,18,14.8,12.97,13.52,12.8,12,12,20.91,13.9,14.7,2,3.83,25,33,6,8,58,0.4912056144,0.798225595,
New Mexico,Air Force,-2.5,-5.1,-8.92,-4.07,-6.32,-12.45,-6.44,-1.44,-2.39,-4,7,-1,-4,-5.88,-6.53,0.41,-3.52,-2.87,,-8.15,-4.96,-10.85,-7.25,2.62,,2.46,,,,-4,-3.46,-4.65,-5,-2,-4,-0.93,-0.45,2.5,,-6.4,-3,2,-2.5,1.6,-5.28,-20.4,,,-6,,-7,2.3,-3,1.2,-1.46,-2.59,-4.6,0,1,-6.56,-9.84,1.8,-13,4.66,38,56,6,18,94,0.4754193203,0.4157549041,
Notre Dame,Miami (Ohio),21,29.5,16.62,27.05,21.31,19.4,25.69,27.91,29.4,19,23.5,16,21.5,29.55,28.82,14.55,24.61,31.65,,36.15,24.41,43.25,32.66,18.85,,19.26,,,,25.69,29.37,26.83,28,23,27,20.62,13.36,21.8,,27.2,23,19.5,21.5,28.4,26.45,35.4,,,20,,29,23.1,24,24.2,26.17,26.22,23.9,21,8,31.79,31.7,22,15,5.85,17,52,6,35,69,0.5844928513,0.9271364364,
Oregon,California,17,9.91,3.6,1.84,18.9,15.04,6.11,-1.94,5.92,9,-9,6,5.5,10.65,2.15,-2.14,7.78,6.62,,3.25,16.04,0.9,7.1,3.18,,5.02,,,,7.1,9.36,16.35,10,15,2,7.25,8.32,14.9,,14.8,9,14,16,8.2,14.38,18,,,8,,6,14.3,11,16.8,5.58,6.01,6.1,13.5,2.5,-2.79,5.99,15,7,6.07,24,45,6,21,69,0.2937531763,0.6764273741,
Oregon St.,Washington,-27,-28.98,-34.06,-27.32,-21.71,-30,-33.01,-28.38,-28.96,-29,-21,-27,-29,-29.87,-29.81,-12.66,-28.42,-39.65,,-38.45,-24.5,-41.6,-35.91,-12.51,,-10.81,,,,-29,-24.17,-29.94,-32,-28,-27,-18.29,-22.79,-36.6,,-31.7,-28,-31.1,-27,-36.2,-42.08,-35.1,,,-30,,-43,-34.4,-31,-16.2,-26.89,-22.78,-24.4,-26.5,-19.5,-29.23,-38,-25.3,-39,7.39,42,7,6,-35,49,0.4676835035,0.052291821,
Penn St.,Indiana,17.5,17.5,12.73,13.97,15.9,20.13,13.9,18.33,16.16,9,19.5,18,20,17.71,20.56,8.65,18.41,22.06,,18.05,15.35,19.9,26.83,16.05,,11.7,,,,18.33,17.53,19.06,20,18,21,21.4,24.05,24.5,,18.8,19,22.4,17.5,22,23.99,15,,,19,,23,24.5,17,21.5,24.98,13.52,14.2,18,17,21.15,16.71,18,20,4.02,14,45,6,31,59,0.5221573345,0.8695357546,
Pittsburgh,Rice,20.5,24.66,8.14,28.11,19.36,4.73,19.32,26.52,22.44,5,43.5,11,16,24.95,29.6,6.22,22.46,14.46,,30.05,22.25,10.55,27.57,19.65,,26.84,,,,24.66,25.11,21.29,24,21.5,29,32.02,13.82,27.9,,18.4,18,28,20.5,24.3,18.47,15.7,,,25,,26,28.8,29,21.9,32.41,26.22,12.5,21,25.5,26.81,26.66,20.4,5,7.72,10,42,6,32,52,0.5442004498,0.8983522715,
Rutgers,Ohio St.,-28.5,-29.11,-20.78,-27.01,-21.34,-8.49,-16.66,-26.4,-31.65,-24,-18,-16,-25,-28.03,-35.63,-11.59,-25.58,-20.08,,-26.45,-27.32,-42.05,-35.19,-19.2,,-20.04,,,,-26.45,-32.76,-28.82,-30,-29,-27,-32.88,-25.83,-30.3,,-23.8,-26,-27.7,-28.5,-23.7,-22.58,-22.1,,,-29,,-30,-30.5,-31,-33.7,-28.29,-22.78,-17.8,-30,-26,-30.01,-26.3,-28.3,-15,5.88,56,0,6,-56,56,0.5684690804,0.0654001362,
SMU,Connecticut,16.5,15.24,20.53,15.76,15.93,17.15,18.55,24.46,16.62,28,11,23,16.5,15.65,12.77,13.32,19.19,23.66,,29.85,19.03,16.05,24.15,13.78,,19.53,,,,18.55,12.05,21.69,20,17.5,24,12.61,19.04,14.4,,21.7,20,11.5,16.5,32.7,28.97,18.7,,,17,,31,14.4,25,15.2,27.72,16.72,16.2,17,7,27.01,19.33,17.6,18,5.71,28,49,6,21,77,0.5633439274,0.8723372146,
San Diego St.,Northern Ill.,10,10.66,13.3,12.84,8.71,11.01,12.94,11.1,14.03,17,5.5,13,15.5,10.16,17.74,14.21,13.3,10.45,,11.15,8.85,24.75,11.9,12.36,,15.99,,,,13,10.93,13.69,17,12,11,17.68,11.45,17.7,,13.5,14,17.3,10.5,6.9,21.41,19.5,,,15,,13,17,16,14.4,10.51,13.01,10.8,11,15.5,11.64,13.32,11.5,7,3.21,28,34,6,6,62,0.5807327657,0.794247632,
Southern Miss.,North Texas,7.5,10.24,4.15,10.01,2.68,14.62,10.72,12.91,9.98,12,8,8,10.5,10.53,12.4,9.64,10.89,16.72,,11.85,11.93,10.1,12.72,9.94,,12.65,,,,10.72,8.97,8.15,16,9,15,13.12,12.21,8.8,,12.7,14,8.4,8.5,13.2,12.32,11.6,,,13,,11,9.2,17,6.3,4.54,9.32,9.1,8,8.5,15.9,12.19,9.3,1,2.97,43,28,6,-15,71,0.58313045,0.7499421727,
Stanford,Arizona St.,17.5,15.37,7.03,16.07,14.78,14.22,12.58,20.83,13.55,15,28,13,15,15.93,19.99,6.59,16.6,10.37,,18.95,16.69,22.25,21.02,8.18,,9.39,,,,16.69,14.17,19.55,24,15.5,13,22.38,23.39,19.4,,20.1,17,17.9,17.5,20.5,3.46,14.1,,,18,,22,19.3,25,18.3,21.54,17.22,13.6,17.5,18.5,17.2,16.43,15.5,7,4.94,24,34,6,10,58,0.4784129467,0.8409887093,
Temple,Houston,-11,-11.89,-16.24,-3.16,-7.58,-17.35,-15.26,-8.73,-8.62,-6,0.5,-8,-7,-13.06,-6.24,-6.08,-8.43,-14.55,,-14.15,-11.75,-18.05,-6.89,3.63,,-0.81,,,,-8.4,-8.21,-10.72,-6,-14,-11,0.51,-9.51,-8.4,,-15.6,-9,-6.7,-11,-8.7,-30.1,-21.6,,,-10,,-13,-8.4,-1,-9.9,1.83,-4.48,-7.1,-14,6,-1.53,-14.02,-7.2,-14,6.40,20,13,6,-7,33,0.5596768887,0.311177456,
Tennessee,Georgia,-9.5,-10.4,-12.67,-4.56,-10.45,-17.15,-7.76,-11.6,-12.54,-19,-4,-10,-8,-10.57,-7.2,-9.61,-8.83,-21.69,,-17.25,-3.1,-9,-5.09,-2.65,,-2.1,,,,-8,-7.95,-7.02,-1,-6.5,-8,5.2,1.35,-9.9,,-9.5,-8,-10.5,-9.5,-14.2,-24.08,-21.8,,,-9,,-10,-7.7,-5,-17.6,-4.99,-5.19,-6.2,-7.5,1,-4.3,-11.3,-7.5,-15,6.13,41,0,6,-41,41,0.5157038043,0.3019113891,
Texas A&M,South Carolina,7,7.14,-2.73,6.11,11.57,6.86,2.83,6.37,8.48,10,18.5,-1,5.5,6.71,10.03,1.37,6.82,6.81,,9.65,5.85,3.8,8.83,5.01,,5.01,,,,6.37,8.6,3.51,14,8,6,15.04,4.4,2.3,,6.9,6,1.1,7,3.2,7.7,5.6,,,11,,2,2.6,4,10.9,10.13,6.12,9.6,8,11,8.8,6.06,8.8,-5,4.02,17,24,6,7,41,0.4956151946,0.6614589281,
Texas Tech,Oklahoma St.,-10.5,-9.01,-1.65,-5.58,-13.57,3.16,-3.18,-13.01,-4.85,-3,-16,-2,-9,-9.65,-13.23,3.45,-8.39,-0.72,,-10.45,-6.99,-3.3,-0.71,-4.27,,-3.11,,,,-9,-9.57,-6.25,-11,-11,-6,-12.9,-11.61,-18.5,,-10.6,-10,-14.8,-10.5,-14.2,-7.69,-8.2,,,-11,,-9,-16.3,-17,-16.7,-13.84,-7.79,-1.1,-9.5,-13,-7.04,-7.57,-3.8,3,5.35,41,34,6,-7,75,0.5501129895,0.3082549727,
Tulsa,Navy,-8.5,-4.56,-16.66,0.31,-1.69,-15.27,-7.77,3.4,-9.23,-13,0.01,-11,-15,-3.74,-2.76,-10,-2.61,-0.57,,2.35,-1.88,-13,2.03,-2.33,,-0.6,,,,-1.88,-5.1,0.38,3,-3,-4,5.2,5.9,6.8,,-5.1,-1,5,-7.5,6.5,-23.22,-4.2,,,-3,,-4,6.7,7,-9.8,3.55,-0.28,-3.8,-7.5,3.5,6.07,-5.27,-5.9,-21,6.92,31,21,6,-10,52,0.6331300245,0.4400940627,
UCLA,Colorado,7,4.98,-4.83,-3.66,3.6,-4.82,2.1,-0.37,1.66,4,2.5,-2,0.5,5.59,-1.56,-2.37,1.03,-3.41,,2.05,6.92,0.75,-3.42,1.13,,2.85,,,,1.05,4.56,10.84,3,7,3,-2.63,0.44,1.1,,5.5,1,0.9,6,0.7,3.39,8.9,,,7,,-1,-0.6,-1,11.4,-6.32,-0.99,3.8,7,-5,-4.66,2.52,3.5,-8,4.21,23,27,6,4,50,0.358104877,0.525005029,
UNLV,San Jose St.,17,14.28,10.21,2.11,13.72,18.46,10.28,14.21,13.88,18,23,11,6,14.9,16.14,9.44,12.44,14.39,,24.65,9.5,-1.3,6.61,6.24,,10.3,,,,11.9,11.49,14.72,14,10.5,8,2.51,10.25,11.9,,20.1,14,14,16,15.7,31.12,5.2,,,16,,26,10.7,13,17.3,6.49,9.12,3.6,13,9,7.88,12.81,10.4,15,6.11,13,41,6,28,54,0.3943149204,0.7677231177,
Utah St.,BYU,0,-0.85,3.82,-5.52,-2.59,17.21,3.02,-4.31,-0.43,19,-18.5,5,1,-0.23,-5.83,11.54,-1.53,6.21,,0.45,-6.15,-2.5,-10.15,-7.97,,-10.48,,,,-4,-4.57,-1.4,-4,-3,-8,-15.64,-8.69,-8.7,,6.5,-1,-7.3,0,3.3,25.73,6.5,,,-4,,5,-7.2,-5,-6.8,-9.55,-5.68,-4.1,-1.5,1,-6.8,-0.74,0.7,12,8.36,24,40,6,16,64,0.4660191837,0.4660191837,
Virginia Tech,Clemson,-7,-5.5,-10.51,-12.58,-7.34,-6.08,-5.52,-9.05,-7.53,2,8.5,-9,-15,-5.11,-8.31,-1.4,-6.91,-9.61,,-8.55,-5.91,-2.1,-14.87,-3.54,,-3.2,,,,-7.36,-6.01,-7.46,-8,-5.5,-5,-2.54,-2.09,-6.4,,-7.4,-7,-5.5,-7,-9.6,-7.36,-14.8,,,-9,,-7,-7.9,-8,-13,-7.41,-5.38,-2,-8,-0.5,-10.35,-9.77,-4.4,-3,4.39,31,17,6,-14,48,0.5021800099,0.3374062719,
Wake Forest,Florida St.,-7.5,-7.61,9.62,-8.94,-5.75,32.06,1.67,-1.85,-2.66,10,-7.5,7,0.5,-7.86,-3.43,16.76,-3.24,17.47,,-6.15,-9.93,-0.5,-3.91,-0.4,,-1.66,,,,-4.33,-10.94,-7.78,-5,-7,-9,-16.22,-6.7,-15.2,,-0.2,-2,-14.8,-7.5,-1.8,-7.62,5.4,,,-10,,2,-15.7,-4,-15.2,-16.34,-5.99,1.3,-7,-3,-6.28,-4.33,-1.5,25,9.24,26,19,6,-7,45,0.5916935129,0.4299987678,
Washington St.,USC,-5.5,-3.07,-11.24,-7.55,-3.76,-1.72,-5.68,-6.72,-6.11,-6,-3.5,-4,-10.5,-2.48,0.99,-4.6,-4.78,-4.67,,-6.85,-2.88,-6.2,-13.26,-4.19,,-0.76,,,,-4.6,-4.04,-2.03,-7,-4,-5,-3.2,2.78,-0.2,,-4.8,-6,-1.6,-5.5,-6.6,-1.38,-7.3,,,-3,,1,0.3,-6,-12.3,-10.89,-5.69,-4.6,-3.5,-1.5,-12.12,-7.82,0.2,1,3.63,27,30,6,3,57,0.5176326012,0.3845609383,
Western Mich.,Ball St.,14,14.57,7.64,14.19,15.37,2.03,8.11,16.96,14.75,5,25,11,16,14.14,14.58,4.79,14.66,5.87,,17.75,11.64,20.9,21.67,15.51,,17.81,,,,14.78,16.73,9.99,25,12,16,28.7,19.34,23,,10.2,12,19.5,14,14.8,9.08,15.1,,,12,,12,23.4,20,1.7,21.77,8.82,13,14,18.5,19.89,15.25,13.9,1,5.89,3,55,6,52,58,0.5155450801,0.8066811031,
Wisconsin,Northwestern,16.5,16.92,18.61,13.36,19.01,26.79,20.12,17.88,17.39,21,13,16,16.5,17.29,17.17,14.01,16.66,25.28,,12.55,17.94,22.65,18.88,13.08,,11.11,,,,16.71,14.65,19.3,19,13,15,12.33,16.49,13.7,,20.7,19,13.2,16.5,18.3,24,28,,,14,,23,15.7,18,13.4,13.89,12.32,13.4,14.5,9,17.24,21.51,14.1,16,4.56,24,33,6,9,57,0.5038643634,0.8434227295,
Wyoming,Texas St.,16.5,20.2,8.46,23.99,10.52,8.96,14.84,17.95,21.04,-1,31,10,14,19.98,17.86,11.26,18.82,12.14,,18.95,22.74,-3,26.48,17.04,,23.49,,,,19.98,20.76,20.87,25,18.5,26,21.9,22.63,25.2,,16.4,18,21.2,16.5,20.3,7.82,12.2,,,25,,19,25.7,28,9.8,29.15,25.22,9.8,16.5,19,25.93,19.19,16.5,7,6.61,10,45,6,35,55,0.5536647204,0.8631380884,
Akron,Ball St.,6,4.36,5.57,0.58,4.77,4.55,1.71,5.79,4.34,10,4,7,4,4.4,-1.02,5.8,4.9,6.31,3.25,6.85,4.87,-1.92,-1.47,7.1,,6.54,6,,,5,4.16,5.19,6,9,5,6.09,13.94,9.3,,6.4,5,11.8,6,1.1,6.7,5,,,4,,2,10.7,8,3,-3.33,3.24,3.1,7,2.5,2.43,7.46,5.6,-1,3.01,3,31,7,28,34,0.4728619676,0.6191519843,
Appalachian St.,New Mexico St.,13.5,11.23,6.11,13.26,13.37,5.92,3.92,14.24,12.35,10,8.5,9,13,10.46,13.36,4.66,11.94,7.88,11.86,12.85,11.19,15.71,17.83,8.67,,14.04,14,,,12.85,14.3,10.68,18,10,14,28.81,11.72,13.4,,14.9,14,12.9,13.5,14.4,9.76,1.8,,,11,,2,13.3,16,10.9,13.52,11.24,15.5,11,19,15.04,7.61,10.1,8,4.56,31,45,7,14,76,0.4623745937,0.7651385455,
Auburn,Mississippi,22.5,23.09,17.38,15.48,20.57,26.52,14.3,30.11,23.02,28,26,20,16.5,23.34,26.52,14.68,23,26.26,19.97,29.35,20.7,30.88,23.61,12.98,,12.28,18,,,24,21.77,24.84,24,20,25,15.43,26.78,29,,27.1,21,26.3,22.5,28.4,30.11,24.8,,,24,,35,27,30,24.2,23.85,20.14,25.1,22.5,15,24.82,27.42,22,18,5.27,23,44,7,21,67,0.5119232849,0.9154370556,
BYU,Boise St.,-7.5,-8.41,-15.68,-2.54,-9.19,-13.06,-8.59,1.29,-7.91,-8,3,-8,-9.5,-8.57,-6.07,-10.42,-4.92,-6.35,-8.88,-4.45,-9.05,-12.67,3.63,-0.66,,-1.01,-17,,,-6,-8.22,-4.73,3,-7.5,-2,4.67,0.22,0.01,,-6.5,-4,0.7,-7.5,1.8,-13.57,-6.2,,,-5,,-11,-0.5,5,-6.6,2.22,-5.06,-6,-8,-4.5,2.35,-12,-7.4,-13,5.40,24,7,7,-17,31,0.5611473913,0.3845915925,
Boston College,Virginia Tech,-16.5,-17.81,-7.75,-16.93,-14.94,-18.84,-11.79,-17.26,-16.21,-9,-28,-8,-14,-18.35,-22.64,-7.19,-15.13,-10.48,-11.07,-18.75,-14.61,-23.17,-20.53,-11.55,,-12.95,-7,,,-14.94,-16.36,-14.08,-19,-17,-15,-13.64,-10.84,-18,,-11.7,-12,-16,-16.5,-11.8,-22.47,-13,,,-12,,-26,-17,-15,-32.2,-22.09,-14.36,-8.2,-16.5,-16.5,-15.75,-14.22,-1.8,-19,5.53,23,10,7,-13,33,0.5324765701,0.1840510412,
Buffalo,Western Mich.,-6.5,-12.28,-3.89,-17.06,-11.52,0.85,-0.91,-12.82,-9.27,5,-24,-3,-11,-12.83,-18.91,1.68,-10.52,0.45,-2.55,-16.45,-10.4,-17.21,-15.74,-8.83,,-12.17,-3,,,-11.98,-11.98,-7.07,-20,-10.5,-13,-26.9,-12.44,-14.5,,-8.6,-13,-11,-7,-10.4,-7.36,-3.3,,,-14,,-9,-15.1,-14,-6.4,-21.61,-13.86,-7.1,-7,-13.5,-14.97,-12.44,1.6,-6,6.70,71,68,7,-3,139,0.4077574739,0.2707415138,
Charlotte,Marshall,-14,-24.22,-29.19,-13.51,-17.6,-19.42,-19.26,-18.7,-31.13,-22,-6,-21,-24.5,-22.96,-22.39,-12.87,-16.9,-15.46,-15.32,-19.95,-11.76,3.08,-13.76,-9.81,,-16.13,-31,,,-17,-25.7,-16.52,-14,-15,-24,-1.07,-7.59,-14.7,,-20.9,-18,-12.6,-14,-21.9,-25.1,-20,,,-17,,-29,-13.5,-14,-5.3,-7.93,-9.36,-10.4,-15,3,-18.07,-25.21,-7.7,-22,7.46,14,3,7,-11,17,0.4343350984,0.1676285546,
Cincinnati,Central Florida,-16.5,-17.83,-18.88,-16.92,-13.52,-28.17,-20.35,-18.18,-22.46,-5,-23.5,-10,-5.5,-17.57,-15.46,-11.04,-17.53,-22.64,-12.28,-26.55,-15.25,-28.08,-19.34,-8.32,,-13.76,-31,,,-17.57,-15.73,-16.96,-13,-14,-16,-3,-16.24,-20.3,,-18.8,-15,-19.9,-16.5,-23.1,-24.95,-22.8,,,-17,,-34,-20.6,-17,-24,-18.14,-12.36,-21.1,-17.5,-7,-22.41,-27.03,-2.3,-33,6.88,51,23,7,-28,74,0.476262223,0.1554622667,
Clemson,Wake Forest,21.5,19.62,12.56,25.19,24.76,19.96,16.74,24.27,23.13,15,22.5,15,25.5,18.75,25.94,14.31,22.67,24.41,22.34,27.75,20.43,18.67,31.46,18.42,,17.56,22,,,22.49,21.75,21.11,27,21.5,21,24.25,16.19,26.8,,18.1,20,25.1,21.5,20.9,29.35,24,,,21,,26,27,29,28.7,29.9,25.64,20.2,21.5,19.5,31.24,22.49,22,8,4.44,14,28,7,14,42,0.5282910822,0.9154671341,
Coastal Carolina,Georgia St.,0,-3.2,-14.85,-0.53,7.79,1.65,0.57,1.72,-2.76,-5,-22,-6,-6,-3.5,,1.67,-2.42,-2.35,-2.53,-5.75,1.89,4.63,3.51,0.21,,-3.96,-6,,,-2,-1.97,1.28,-5,-2.5,5,4.25,-25.27,-10.1,,-1.1,3,-9.7,0,-2,-2.24,,,,-4,,-1,-11.6,-2,-2,2.77,-2.56,4.6,-1,8.5,2.51,0.17,0.9,-5,6.52,27,21,7,-6,48,0.4439322651,0.4439322651,
Colorado,Arizona,7,3.07,3.33,12.02,8.25,0.49,-1.37,5.67,7.66,9,21,7,7,1.41,13.66,7.51,7.6,11.38,12.38,1.25,-0.74,9.75,11.97,11.76,,9.04,7,,,7.61,7.17,-0.42,9,6.5,3,20.46,10.04,13.9,,2.9,9,13.4,7,4.7,0.57,1.3,,,2,,8,14.7,6,0.2,12.74,10.73,10,6.5,15.5,7.61,0.64,7.4,-2,5.41,45,42,7,-3,87,0.5142697515,0.6747868985,
Connecticut,Memphis,-14.5,-17.01,-3.18,-11.86,-16.29,-6.27,-10.44,-14.19,-21.65,-5,-3,-16,-19.5,-15.68,-13.31,-9.05,-14.7,-16.28,-12.77,-20.25,-9.08,-12.29,-24.75,-15.65,,-19.89,-27,,,-13.8,-20.82,-13.78,-14,-14,-23,-20.27,-13.78,-13.8,,-10.8,-13,-9.8,-14.5,-16.6,-9.62,-9.2,,,-15,,-21,-13.7,-17,-13.4,-29.77,-11.86,-10.4,-13.5,-9.5,-22.74,-15.06,-12.3,-20,5.35,70,31,7,-39,101,0.495236716,0.1900818102,
East Carolina,Temple,-3,-6.11,-14.58,-11.99,-4.32,-8.65,-4.77,-8.84,-5.26,-9,-6,-5,-8,-6.34,-8.87,-3.02,-7.82,-1.94,-1.2,-8.65,-3.94,-1.83,-12.02,-10.36,,-11.14,-5,,,-7.3,-5.74,-5.34,-11,-4.5,-9,-14.81,-10.95,-7.2,,-7.3,-8,-6,-4,-8.8,-1.55,1.3,,,-13,,-9,-7.2,-17,-3.1,-18.95,-6.87,-5,-2.5,-13,-12.84,-6.65,1,-8,4.05,34,10,7,-24,44,0.3842959882,0.3165600666,
Florida,LSU,1.5,2.23,11.07,4.95,0.39,6.02,7.44,3.93,10.13,10,-1,9,7,0.59,1.04,12.22,6.07,11.48,16.57,7.75,0.6,15.67,7.71,10.15,,10.07,22,,,5.94,4.43,3.7,5,4.5,10,-0.1,5.94,6.3,,5,7,7.5,2.5,9.8,5.71,5.6,,,2,,10,7.3,-3,3.2,0.01,3.64,7.5,2.5,-1,5.4,7.37,2.7,2,4.62,17,16,7,-1,33,0.6088862581,0.6432446543,
Florida St.,Miami (Fla.),-2.5,3.37,-6.41,-5.35,3.54,-16.78,0.52,-4.71,-4.42,-7,1,-1,1,4.96,-0.01,-8.74,-0.78,-4.83,-2.98,-1.95,-1.09,-2.21,1.08,-1.08,,0.46,-3,,,-0.02,0.73,4.48,1,0,4,7.61,7.15,4.2,,5.7,1,5.3,-2.5,-2.8,3.13,-5.8,,,4,,-8,4.6,1,-4.4,-1.89,-1.86,-2.1,-3,-3.5,-7.33,0.23,3.9,-23,4.85,24,20,7,-4,44,0.5412620894,0.4812615305,
Georgia Southern,Arkansas St.,-9.5,-6.5,-18.46,-9.87,-10.07,-20.83,-6.86,-5.54,-7.39,-7,-13,-7,-8.5,-6.33,-4.09,-9.21,-8.34,-24.06,0.88,-4.95,-6.32,6.42,-11.11,-1.93,,-2.05,-13,,,-7.39,-6.68,-6.87,-10,-6,-8,-3.78,-9.23,-8.7,,-8.9,-8,-6.9,-9.5,-12.7,-5.35,-7.1,,,-1,,,-6.5,-8,,-18.68,-5.66,-4.2,-9.5,-13,,-7.65,-2.4,-20,4.73,43,25,7,-18,68,0.5279157814,0.3073050912,
Houston,SMU,7,9.5,-7.02,7.02,9.24,9.68,5.59,2.95,8.18,1,7,5,10.5,9.54,14.83,-0.79,7.86,-4.13,5.4,7.95,10.8,10.17,11.86,7.44,,9.08,-3,,,8,10.34,5.83,15,8.5,9,20.24,11.16,7.3,,7.2,8,7.3,7,6,3.87,14.7,,,13,,8,8,14,12.8,14.89,6.14,1.8,6.5,13,13.29,5.85,3.8,-5,5.14,22,35,7,13,57,0.5205531976,0.6812047169,
Idaho,Louisiana-Lafayette,6,5.36,10.05,8.1,-3.98,14.26,11.61,6.29,6.24,11,8,10,7,5.28,2.04,11.14,7.5,4.99,11.65,8.35,3.64,-3.54,4.2,5.26,,10.53,11,,,6.97,5.08,3.76,8,3.5,8,6.97,7.07,4.1,,6.6,8,3.8,6,4.7,21.17,16.8,,,6,,9,3,6,3.7,8.84,6.73,1.4,7,6.5,16.18,11.09,4.9,9,4.67,21,16,7,-5,37,0.5361137599,0.6748116041,
Iowa,Illinois,15.5,18.01,16.34,18.18,22.51,19.02,17.9,17.56,15.51,20,14.5,13,13.5,18.83,21.66,15.33,19.44,22.46,16.52,25.45,17,30.33,19.49,8.01,,10.88,18,,,19.02,15.76,20.24,20,18,18,24.75,25.43,23.8,,21.5,20,21.6,16,23.6,34.28,24.5,,,15,,27,22.9,21,17.2,21.32,16.64,21.3,18.5,13,21.92,24.77,19,9,4.59,16,45,7,29,61,0.5942236372,0.8802791571,
Kansas,Texas Tech,-15.5,-22.42,-24.07,-19.51,-5.58,-18.49,-27.53,-16.46,-26.8,-16,-36,-23,-25.5,-21.72,-19.12,-12.54,-20.53,-30.98,-27.2,-25.55,-17.88,-24.75,-25.88,-14.19,,-19.34,-30,,,-19.34,-22.64,-17.53,-16,-17,-17,-12.73,-14.15,-14.5,,-19.6,-19,-10.7,-16,-17.8,-27.85,-33.9,,,-19,,-35,-14.6,-22,-15,-18.24,-20.86,-17.2,-17.5,-3.5,-25.2,-30.57,-16.3,-26,6.99,65,19,7,-46,84,0.3859238503,0.1183114024,
Kentucky,Missouri,9,14.14,17.61,13.67,14.99,24.98,17.85,15.28,21.1,22,20.5,16,14.5,12.94,14.46,17.16,15.63,23.77,22.56,20.05,10.42,28.17,15.31,12.02,,11.76,22,,,15.28,15.59,11.3,13,14,15,8.28,18.4,18.6,,14.5,13,19,10,21.5,6.42,10.2,,,14,,26,17.8,17,4.6,16.02,9.64,16.5,10,7.5,18.81,14.21,10.5,16,4.81,34,40,7,6,74,0.655312839,0.8269777355,
Miami (Ohio),Bowling Green,15.5,10.93,18.73,9.39,17.3,23.76,16.15,13.38,15.46,28,15,17,11,10.27,11.72,17.39,14.82,17.31,18.05,19.95,10.83,-4.75,11.71,9.24,,12.34,26,,,14.1,10.83,16.1,13,14,14,7.47,14.1,16.7,,15.2,16,16.8,15.5,20.5,20.31,12.9,,,13,,20,15.8,15,13.7,10.78,9.94,9.5,14,11,13.01,16.13,14.1,15,4.37,37,29,7,-8,66,0.4835274805,0.8159785883,
Michigan,Michigan St.,10,9.98,10.23,16.71,12.5,7.83,13.46,14.34,12.52,18,22,14,13,9.5,18.81,11.45,14.54,15.31,16.05,15.75,14.34,15.29,18.42,10.7,,7.16,16,,,14.34,10.9,15.28,20,12,14,23.29,8.51,17,,15.9,19,15.4,10.5,13,10.69,10.3,,,16,,20,18.4,23,7.5,11.11,13.84,12.9,10,22,17.92,10.87,11,11,4.13,14,10,7,-4,24,0.6090238889,0.8123028424,
Middle Tenn.,Florida Intl.,9,11.4,0.9,7.1,3.28,1.96,8.23,9.95,4.77,6,12.5,3,4.5,12.78,11.26,2.26,8.7,2.25,8.57,11.15,9.35,1.17,7.61,2.17,,7.01,-4,,,9,9.86,12.26,13,8.5,12,14,8.82,10.3,,11.5,10,11.2,9,7.7,16.67,26.7,,,9,,16,10.6,10,6,3.71,7.44,5.8,10,15.5,4.37,12.53,10.4,-5,5.04,17,37,7,20,54,0.4928146394,0.6992859923,
NC St.,Louisville,-3,-0.01,-1.2,-0.84,-2.82,4.71,2.28,0.87,0.55,3,0.01,3,-1.5,0.12,-5.6,2.81,0.32,-4.75,0.9,1.75,0.87,0.79,0.39,0.39,,4.38,1,,,0.87,-1.22,3.94,1,-1,2,-2.48,4.56,2.3,,-0.7,-1,3,-2,11.1,-8.81,-1.8,,,1,,1,2.5,9,-8.1,1.24,-2.57,4.8,-3,-13,4.31,0.01,-6.1,-2,4.18,25,39,7,14,64,0.5801406891,0.5077766097,
Navy,Air Force,7.5,10.66,14.33,5.89,5.92,9.48,11.95,9.91,20.39,16,23.5,15,15.5,8.1,7.53,16.81,10.8,9.32,20.38,7.35,8.6,27.96,9.86,10.46,,5.57,16,,,10.23,16.19,10.92,8,10,11,7.75,7.46,12.4,,10.3,9,12.6,8,11.7,18.15,2.3,,,11,,6,12.4,10,11,4.52,6.64,8.9,7.5,13,6.45,10.23,7.1,9,4.39,45,48,7,3,93,0.5793983174,0.7439931976,
Nebraska,Wisconsin,-10.5,-13.58,-11.93,-11.18,-9.99,-16.24,-11.41,-11.2,-14.17,-7,-13,-14,-12,-13.49,-14.75,-5.76,-12.16,-7.97,-8.76,-13.95,-13.31,-16.79,-16.15,-6.19,,-0.39,-14,,,-13,-13.52,-15.83,-14,-13.5,-12,-7.39,-16.45,-16.4,,-14.3,-12,-12.1,-10.5,-9.8,-12.48,-13.5,,,-13,,-21,-17.4,-13,-11.8,-19.45,-10.36,-4.9,-11,-5.5,-18.77,-14.46,-5,-14,3.95,38,17,7,-21,55,0.4595886297,0.2286502343,
Nevada,Hawaii,-3.5,-3.72,-5.74,-2.25,6.42,-2.31,1.46,3.77,-7.94,-1,-1,-7,-5,-2.59,6.14,-7.47,-1.19,-5.6,3.39,1.75,-2.94,11.33,0.82,-4.42,,-5.34,-6,,,-1,-6.4,1.99,7,-3.5,-3,1.69,-0.39,0.8,,2.9,1,0.9,-3.5,-2,-7.78,-0.8,,,2,,-1,-0.8,2,-4.7,6.5,-1.26,-2.1,-3.5,-3,-0.76,0.99,-3.4,-9,3.73,21,35,7,14,56,0.5563287014,0.470910913,
North Carolina,Notre Dame,-14,-16.02,-22.79,-9.02,-20.55,-22.52,-13.96,-15.49,-19.75,-18,-7,-17,-16.5,-15.4,-10.56,-11.43,-13.1,-23.34,-13.76,-15.65,-10.46,-23.92,-13.6,-5.14,,-5.97,-26,,,-13.76,-16.04,-13.23,-9,-16.5,-12,6.96,-4.56,-8.6,,-15.7,-13,-5.9,-14,-17.3,-20.46,-18,,,-10,,-19,-5.9,-8,-19.4,-12,-10.86,-14.3,-14.5,8,-15.92,-19.42,-9.2,-22,6.82,33,10,7,-23,43,0.5207717695,0.2241631203,
Northern Ill.,Kent,23.5,25.64,16.08,23.48,16.91,30.21,20.33,18.81,24.73,20,15,13,17,26.28,23.13,13.67,21.57,22.99,17.86,29.45,22.58,10.25,24.49,13.21,,18.09,17,,,22.99,23.11,18.92,23,23,29,13.62,17.69,13.5,,20.5,19,11.9,23.5,27.4,32.15,30.2,,,25,,31,13.6,24,24,24.89,25.14,17.6,23.5,15.5,32.5,26.99,23.1,20,5.67,3,24,7,21,27,0.4544225686,0.8996604084,
Northwestern,Penn St.,-14,-14.79,-21.9,-13.2,-10.56,-15.77,-13.66,-18.19,-18.05,-11,-15,-17,-16,-14.22,-10.8,-11.2,-14.16,-18.81,-13.92,-9.65,-9.96,-21.79,-20.12,-11.01,,-8.32,-23,,,-14.2,-14.76,-13.57,-11,-14,-14,-5.82,-11.3,-14.9,,-14.6,-13,-14,-14,-15.5,-17.81,-17.8,,,-16,,-19,-14.2,-13,-23.4,-16.61,-14.36,-10,-14.5,-8,-13.1,-18.91,0.2,-22,4.34,31,7,7,-24,38,0.4961216134,0.1947893454,
Ohio,Central Mich.,10.5,14.03,16,8.61,13.65,13.91,16.38,17.3,15.75,12,10,16,14.5,14.01,8.42,13.59,12.9,18.18,17.58,19.55,9.75,9.13,15.08,12.22,,11.95,22,,,13.07,12.73,13.07,14,10.5,12,7.24,8.02,5.7,,14.1,12,5.5,11,16.4,11.15,8.7,,,11,,13,4.8,18,13.9,16.87,9.24,11,12,10,15.17,17.27,12.4,17,3.78,26,23,7,-3,49,0.5584655662,0.7853981588,
Ohio St.,Maryland,30,24.47,10.28,16.49,29.94,14.53,14.62,26.73,17.49,14,25.5,17,23,26.15,28.29,7.01,22.32,10.13,18.21,34.85,25.29,20.67,29.12,10.27,,10.04,2,,,23,22.27,28.37,33,30,20,29.11,26.85,31,,25.9,23,27.1,29,19,28.82,16,,,24,,17,31.8,34,37.7,30.83,24.64,14.2,30.5,22.5,21.24,21.32,31.9,6,7.99,14,62,7,48,76,0.3328301984,0.8954101,
Oklahoma,Iowa St.,31,25.64,20.07,20.07,26.73,21.79,19.52,26.52,32.61,23,20,25,31.5,23.84,27.56,14.75,25,23.14,21.4,21.85,22.95,33.21,30.53,20.93,,19.86,18,,,24,30,28.68,29,26.5,24,28.98,32.01,26.3,,27.1,24,23.2,30,23.1,34.89,22.6,,,25,,32,26.2,29,20.3,21.31,26.13,25.3,28,22.5,34.97,22.67,28.5,18,5.22,38,31,7,-7,69,0.3597735819,0.932686236,
Old Dominion,Florida Atlantic,-4.5,-1.79,-10.98,7.21,1.08,-7.14,-7.77,2.74,-0.3,-3,9.5,-3,3.5,-2.89,4.12,-1.39,0.58,-3.92,3.29,-6.65,4.84,4.04,7.52,7.19,,7.93,-13,,,2,2.73,-2.3,2,-1.5,2,17.5,8.33,3.4,,-8,4,3.6,-4,-3.3,-14.11,-9.1,,,-4,,-4,4.3,3,-4.5,9.39,4.84,-0.7,-4.5,18,5.73,-8.75,-5.9,-9,6.98,58,28,7,-30,86,0.6152260389,0.5133416952,
Oregon,Washington St.,-2.5,1.5,-0.92,1.64,-0.18,5.04,6.57,-2.18,-1.67,6,-17,-3,-1.5,2.39,-2.84,-0.55,0.06,4.59,-2.07,-6.65,5.16,-1.42,-0.35,-5.06,,-1.23,6,,,-0.35,-0.64,6.11,4,-1,-5,-5.44,-6.26,-2.3,,6,3,-2.6,-2.5,3,3.96,7.7,,,-1,,2,-1.9,2,3.9,-4.37,-0.76,1.2,-2.5,-6,-5.32,4.73,1.5,-1,4.61,33,10,7,-23,43,0.5615326335,0.5014479342,
Purdue,Minnesota,3.5,-1.93,-0.73,-6.84,-2.26,1.34,3.14,3.07,-0.17,-1,5,-2,-7.5,-1.99,-8.52,-2.02,-1.71,4.17,-2.58,2.85,-0.98,-7.92,-4.59,-1.17,,2.6,2,,,-1.7,-3.07,-0.11,-4,-1.5,2,-16.45,-5.74,-2.2,,-0.01,-2,-1.7,2.5,-0.2,2.17,4,,,1,,-2,-3.1,-2,1.8,-8.12,-1.26,-5.3,3.5,-10.5,-6.23,0.27,5.8,-4,4.68,17,31,7,14,48,0.3764610604,0.4588551555,
Rice,Army,-11.5,-13.54,-19.11,-12.92,-8.99,-16.46,-13.3,-14.27,-10.85,,-8.5,-12,-9.5,-14.48,-14.63,-9.5,-11.95,-9.16,-4.35,-16.45,-11.94,0.58,-15.9,-3.63,,-3.44,-19,,,-12.46,-10.92,-14.92,-12,-12,-12,-9.95,-16.54,-15.3,,-15.8,-10,-13.8,-11.5,-6.6,-15.69,-1.8,,,-15,,-21,-14.8,-18,3.4,-15.63,-11.36,-10.5,-13.5,-6.5,-10.29,-18.76,-5.2,-18,4.97,49,12,7,-37,61,0.4892085893,0.2362501459,
San Jose St.,Fresno St.,-17,-13.26,-24.05,-4.1,-11.79,-23.25,-17.6,-14.63,-10.27,-15,-23,-16,-9.5,-14.86,-12.71,-9.05,-13.7,-8.39,-11.39,-28.35,-13,8,-12.38,-0.19,,-1.81,-18,,,-12.38,-7.53,-17.5,-11,-14.5,-12,7.45,-7.16,-11.4,,-21,-13,-8.8,-16.5,-15.6,-38.31,-33.7,,,-22,,-31,-10.2,-20,-14.4,-10.95,-5.46,-7.9,-17,2,-9.28,-24.95,-10.7,-24,8.89,27,10,7,-17,37,0.5719719133,0.225703524,
South Carolina,Arkansas,-3,-1.31,0.24,-0.66,-3.62,-1.06,3.17,5.17,0.91,1,-4.5,5,4,-1.62,-3.98,5.8,1.26,-1.41,13.87,1.55,0.01,9.38,2.67,3.09,,3.38,3,,,1,-1.62,5.86,-3,-2,3,-2.73,5.55,1,,0.3,3,1.6,-2,1.6,-6.69,0.4,,,-2,,3,1.7,1,5.7,-1.74,-0.86,1.3,-2,7,3.88,-0.87,1.2,-8,3.54,22,48,7,26,70,0.6033028977,0.5308732005,
Syracuse,Pittsburgh,3,-3.75,0.44,-7.26,-0.01,10.68,-0.34,4.61,-6.72,4,0.01,6,-2.5,-2.49,-8.66,-2.56,-1.37,-1.95,2.99,0.01,3.03,-7.08,-7.53,-7.78,,-9.63,-3,,,-0.04,-7.5,5.24,0.01,3.5,0.01,-9.94,5.14,5.9,,5.6,2,4,2.5,0.3,1.17,1.3,,,1,,-3,5.9,-1,-9.5,-15.09,-4.46,2.3,3.5,-10,-5.41,-2.4,1.1,7,5.11,24,27,7,3,51,0.3966423517,0.4672628263,
TCU,West Va.,12.5,13.34,22.15,5.3,13.53,26.9,18.71,11.71,18.65,21,-4,20,13,12.51,4.55,16.25,14.29,24.54,16.71,18.75,11.44,16.5,9.27,8.68,,9.88,27,,,13.6,14.17,17.29,9,12,13,2.1,13.6,13.4,,17,16,9.7,12.5,15.7,24.32,38,,,18,,20,13,20,11.4,6.66,6.44,19,13.5,-5.5,10.35,17.88,14.5,17,7.72,24,31,7,7,55,0.5403898378,0.7909228221,
Texas,Kansas St.,6.5,1.35,4.95,-1.01,2.69,6.14,4.17,-2.83,1.03,6,5,4,-2,1.71,0.4,3.58,2.45,6.88,5.67,4.95,2.66,1.58,-8.91,-0.73,,1.85,10,,,2.9,0.01,4.51,-2,5.5,5,-4.49,-1.92,2.9,,5.7,4,3.6,5.5,3.1,10.74,16.3,,,3,,3,2.6,-2,5,-7.67,0.34,1.2,3.5,1.5,-1.2,5.3,5.2,-3,4.12,34,40,7,6,74,0.4024760677,0.5593752459,
Texas A&M,Alabama,-25.5,-23.9,-22.95,-25.72,-16.48,-18.69,-22.03,-22.1,-19.6,-16,-20.5,-22,-31,-25.2,-27.01,-8.45,-23.23,-18.94,-12.34,-33.95,-16.87,-12.21,-26.99,-7.37,,-6.63,-19,,,-23,-20.32,-22.53,-26,-25.5,-20,-6.32,-18.67,-32.7,,-27.2,-23,-29.8,-25.5,-27.6,-44.47,-32.6,,,-26,,-37,-32.6,-31,-33,-28.03,-21.36,-12.7,-26,-10.5,-27.91,-32.43,-25.3,-23,8.22,27,19,7,-8,46,0.5505275206,0.0968702467,
Texas St.,Louisiana-Monroe,-6.5,-9.51,-4.63,-8.95,-11.11,-4.37,-9.5,-10.4,-9.03,-1,-12,,-8,-9.94,-11.61,-5.88,-8.03,-8.76,-3.23,-9.05,-8,11.54,-13.86,-3.75,,-6.21,-8,,,-8.78,-7.67,-11.62,-7,-6.5,-10,-0.84,-8.87,-7.4,,-8.8,-9,-5.5,-6.5,-13,-4.63,4.5,,,-16,,-13,-7.5,-16,-4,-12,-6.96,-4.9,-6.5,-4,-14.68,-11.43,0.5,-8,4.19,45,27,7,-18,72,0.462878987,0.3123996631,
Texas-San Antonio,Southern Miss.,12,7.18,9.24,7.49,7.83,10.59,5.71,14.15,12.88,23,12,7,3,5.92,5.63,8.7,9.77,13.83,9.83,13.25,7.6,10.88,9.58,9.1,,9.13,5,,,9.13,9.1,10.16,7,9,12,2.35,6.15,15.6,,8.3,10,13.6,12,14.3,16.77,4.5,,,6,,12,13.4,11,9,12.5,6.34,14.1,12.5,4.5,14.04,7.87,13.1,11,3.98,31,29,7,-2,60,0.4458109524,0.7247274567,
Toledo,Eastern Mich.,14,15,6.05,11.48,16.15,6.31,8.25,14.17,17.61,14,8,9,17.5,14.13,16.18,12.04,11.94,3,10.45,10.25,14.87,24.21,14.07,14.23,,15.77,14,,,12,17.6,12.89,19,13,10,19.25,5.97,8,,12.4,12,6.8,14,9.7,11.44,5.3,,,10,,9,6.7,13,9.7,13.77,10.34,11.4,13.5,8.5,20.66,13.72,13.9,8,4.02,15,20,7,5,35,0.4499469268,0.7670374015,
Tulane,Tulsa,5,-1.36,8.16,-4.39,-1.02,9.58,5.31,2.17,3.96,10,-2,7,0.01,-2.46,-9.24,10.81,0.41,9.03,10.41,0.75,3.85,7.13,-4.13,-1.94,,-6.07,13,,,-0.14,-0.14,4.35,-6,3,3,-13.23,-4.13,-0.9,,2.7,-1,-1,4.5,0.4,4.11,1.7,,,-3,,1,-1.5,-4,1,-12.61,-0.97,0.01,4.5,-11.5,-0.63,-0.19,5.7,6,5.65,28,62,7,34,90,0.3926569168,0.5097061459,
UAB,Louisiana Tech,-10,-14.01,-6.97,-11.79,-2.97,-0.01,-6.55,-18.05,-15.26,3,-23.5,-9,-19,-13.54,-7.69,-4.76,-12.4,-4.87,-12.35,-15.35,-11.14,2.04,-15.96,-13.79,,-18.04,-7,,,-13.54,-15.48,-4.43,-21,-12,-17,-16.14,-26.82,-21.4,,-5.9,-10,-19.2,-10,-4.9,-1.94,-19,,,-17,,-15,-22.5,-14,-13,-17.16,-14.86,-8,-12,-2.5,-22.22,-12.67,-5,-4,6.80,22,23,7,1,45,0.444731673,0.2363538631,
UNLV,San Diego St.,-8.5,-13.27,-18.18,-16.85,-6.86,-10.95,-11.72,-10.27,-18.55,-9,-13,-17,-23,-11.98,-16.07,-9.63,-13.72,-11.67,-12.79,-16.05,-9.7,-33.83,-19.89,-13.64,,-16.11,-20,,,-13,-16.83,-9.77,-16,-10,-18,-20.05,-10.83,-11.3,,-8.3,-11,-8.4,-9.5,-11.9,-11.47,-25,,,-18,,-20,-11,-18,2.9,-20.97,-11.36,-12.2,-10,-11.5,-19.89,-14.49,4.2,-11,5.50,41,10,7,-31,51,0.3780184336,0.2070782774,
USC,Oregon St.,33,30.05,28.94,31.34,30.56,39.93,35.62,35.88,32.08,30,40.5,30,32.5,30.02,33.84,18.91,31.5,35.23,26.59,36.85,35.53,46.96,41.61,20.18,,16.86,37,,,31.34,28.68,31.85,34,34,30,24.9,26.92,31.1,,33.8,31,29.5,33,32.7,37.14,39.4,,,31,,40,29.9,34,25.5,31.75,27.14,22.8,34,21,32.5,41.11,34.5,27,5.72,10,38,7,28,48,0.4645834455,0.9690320583,
UTEP,Western Kentucky,-17,-19.69,-13.66,-23.67,-23.64,-22.29,-13.57,-26.94,-20.95,1,-23,-15,-23,-19.29,-30.69,-9.59,-19.21,-18.51,-10.32,-26.55,-17.81,7.75,-29.49,-11.38,,-19.37,-18,,,-19.37,-20.91,-11.99,-26,-18.5,-23,-26.04,-13.74,-20.3,,-18,-18,-15.3,-17,-19.3,-10.23,-10.5,,,-19,,-22,-19.4,-24,-17.2,-30.09,-21.36,-14.3,-19,-22.5,-26.31,-16.15,-16.8,-24,5.98,15,14,7,-1,29,0.4481772122,0.1287480222,
Utah,Stanford,-4,-3.11,-3.18,-1.92,-7.19,6.54,-5.89,-0.71,1.56,1,1,-1,1.5,-4.41,-5.75,-3.74,-2.82,-1.32,3.42,-2.25,-2.8,-3.67,1.27,3.92,,0.83,-4,,,-2.8,0.27,-9.89,-1,-4.5,0.01,-3.7,-7.17,-6.5,,-6.5,-3,-4.3,-4,-0.8,-1.78,-8.8,,,-6,,-5,-7.5,2,-14,-3.85,-2.76,-5.8,-5.5,0.01,3.4,-9.49,-8.1,1,4.12,23,20,7,-3,43,0.5286799843,0.4317371166,
Utah St.,Colorado St.,-9,-6.56,-3.65,-2.71,-1.22,-3.4,-3.76,-6.73,-2.6,-6,-6,-3,-4,-7.56,-6.4,0.25,-6.62,-1.91,1.28,-3.55,-3.69,-7.58,-13.72,-0.11,,-7.27,-4,,,-6,-4.72,-6.07,-6,-7,-6,-8.37,-12.58,-12.4,,-4.5,-5,-11.3,-8.5,-11.1,-13.56,-6.8,,,-10,,-10,-11.6,-8,-15.8,-18.68,-7.07,-14.2,-8,-3,-7.8,-8.43,-2.5,-3,4.05,27,14,7,-13,41,0.5577495935,0.3430845312,
Vanderbilt,Georgia,-17.5,-19.71,-17.29,-12.3,-13.91,-19.82,-17.24,-17.09,-17.94,-15,-12,-13,-15.5,-20.43,-16.41,-9.76,-15.54,-19.64,-12.11,-25.95,-12.45,-20,-15.02,-8.14,,-4.32,-17,,,-15.29,-17.17,-16.36,-9,-14,-14,-5.23,-8.82,-15.8,,-14.9,-12,-16.4,-17.5,-16.7,-38.19,-21.5,,,-16,,-25,-14.5,-20,-25.1,-15.29,-11.36,-11.7,-17.5,-5,-12.73,-24.08,-10.2,-18,6.01,45,14,7,-31,59,0.5459620038,0.1799703247,
Virginia,Duke,1.5,-5.13,-3.61,-8.09,-6.08,-4.39,-4.1,-3.84,-3.11,1,10,-4,-7,-5.56,-6.46,0.79,-4.09,2.16,-1.89,-8.85,-2.16,-9.58,-11.32,-2.82,,-5.59,-3,,,-4.39,-4.48,-4.92,-4,-2.5,-5,-4.26,-6.13,0.5,,-5.7,-5,-1.1,0.5,-4.4,-7.83,-14.2,,,-8,,-13,-2.3,-4,4.3,-10.48,-2.57,-1.9,2.5,6,-8.89,-6.26,4.3,-5,4.52,21,28,7,7,49,0.3674288236,0.4021472021,
Washington,California,28.5,20.99,18.56,21.13,31.22,24.24,13.59,18.55,20.2,23,15,21,20.5,21.25,22.61,11.1,22.96,27.05,15.92,25.45,23.39,23.46,28.37,12.35,,10.6,17,,,23.28,20.25,27.28,27,27,21,23.28,23.78,34.1,,27.4,24,31,27.5,28.9,27.3,20,,,23,,26,31.7,28,24.8,26.94,25.63,24.6,27.5,22,24.52,21.08,27.5,20,5.27,7,38,7,31,45,0.3702394491,0.9150781804,
Air Force,UNLV,8,8.33,4.21,11.03,,8.96,5.59,9.91,1.76,14,8,9,11.5,10.04,12.71,1.61,10.94,9.65,1.83,16.15,11.84,10.58,9.09,7.29,5.23,15.62,8,,,10.62,5.45,10.62,18,10.5,15,19.1,14.66,9.1,,12.2,11,7,8,13.1,14.56,32.8,,,15,,14,8.9,20,-1.2,17.21,8.77,11.7,7.5,9.5,17.94,11.57,7.8,5,5.64,30,34,8,4,64,0.5692724973,0.741964242,
Alabama,Arkansas,35,31.96,26.87,33.28,,32.72,31.48,35.75,35.18,30,29,32,40,31.63,35.67,18.03,32.69,27.09,25.77,45.25,28.99,37.46,52.28,19.64,33.5,16.27,32,,,33,30.73,33.58,37,31,30,18.64,29.87,38.6,,35.4,34,34.8,35,35.4,43.85,34.2,,,33,,44,39.1,38,25.7,34.07,27.57,26.3,30,27.5,42.21,40.23,30.5,24,7.05,9,41,8,32,50,0.4471041076,0.9700742567,
Arizona,UCLA,-3,0.22,-0.19,1.89,,10.65,7.99,1.91,-1.34,5,-16,1,-3,1.01,-1.9,2.42,0.84,1.99,-1.91,4.05,0.99,-2.96,3.02,-0.86,3.4,-0.01,-1,,,1,-2.27,-1.19,1,0,2,-7.33,-0.99,-4.3,,3.8,0.01,-3.9,-2,3.9,8.44,5,,,-2,,9,-3.6,4,1.4,1.17,-1.23,0.8,-1,-0.5,1.74,6.81,-1.8,3,4.38,30,47,8,17,77,0.5921884746,0.5203403181,
Arizona St.,Washington,-18,-18.12,-15.05,-19.64,,-24.84,-12.05,-20.41,-20.17,-10,-23.5,-20,-22.5,-17.78,-19.95,-9.11,-18.56,-19.19,-12.73,-23.25,-16.49,-21.96,-28.44,-10.57,-12.18,-8.2,-8,,,-18.2,-18.2,-15.7,-23,-16.5,-17,-17.92,-18.12,-26.7,,-16.3,-18,-22.8,-18,-23.6,-18.54,-11.5,,,-18,,-17,-25.4,-25,-13.3,-28.85,-21.93,-15.8,-17.5,-23.5,-24.85,-19.47,-17.2,-23,5.03,7,13,8,6,20,0.4865867507,0.132523761,
Arkansas St.,Coastal Carolina,16.5,18.26,18.09,15.96,,15.53,13.43,17.49,19.43,21,21,24,28.5,18.12,,12.13,18.46,17.08,12.89,20.65,17.83,-1.92,23.35,17.44,16.22,20.74,14,,,18.14,18.16,16.28,29,21,22,16.12,34.52,21.3,,20.6,17,21.9,16.5,20.9,7.26,,,,17,,13,21.6,23,,21.31,19.06,8.2,18.5,7,18.44,17.08,19.5,14,5.17,17,51,8,34,68,0.5467239522,0.865552151,
Army,Eastern Mich.,4,8,8.7,6.27,,9.09,7.29,5.84,9.32,11,-5.5,8,8,7.74,1.73,12.67,6.73,8.65,10.13,6.85,8.76,16.21,8.54,4.4,10.81,-0.9,13,,,7.29,8.32,11.49,13,5.5,4,8.14,7.52,6.2,,12.9,7,6.2,5,1.7,7.27,-3.3,,,7,,-3,5.6,6,1.6,7.91,5.76,2.9,6.5,6.5,8.11,10.8,5.3,8,4.11,27,28,8,1,55,0.5661161735,0.6592594888,
Bowling Green,Ohio,-10,-6.35,-14.16,-4.69,,-17.71,-6.34,-7.45,-5.75,-5,-9,-13,-13,-6.51,-3.58,-3.35,-6.27,-0.82,-7.65,-11.55,-7.4,2.21,-9.9,-4.73,1.49,-0.01,-8,,,-6.02,-6.02,-8.85,-3,-8,-6,-3.97,-7.53,-6.2,,-6.6,-6,-6.9,-9,-3.7,-5.63,-1.6,,,-10,,-4,-6.3,-6,-7.2,-3.21,-5.13,-1.7,-9.5,-7.5,-3.28,-6.78,-5,-20,3.58,48,30,8,-18,78,0.5906488435,0.3500070814,
Buffalo,Northern Ill.,-7,-7.03,-3.19,-8.86,,-6.21,-0.53,-5.48,-7.39,3,-11,-1,-6.5,-6.76,-5.43,2.59,-4.67,-4.2,-2.45,-2.15,-4.17,-9.54,-6.82,-8.8,-1.06,-6.19,-1,,,-5.2,-8.11,0.12,-5,-3.5,-7,-10.35,-3.9,-1.2,,-1.9,-8,-0.01,-7,-2.6,-8.35,-3.8,,,-6,,-8,-2.7,-3,-5.2,-8.68,-5.24,-4.3,-5,-6,-8.81,-1.54,0.5,-5,3.34,14,13,8,-1,27,0.5571012067,0.3867254577,
California,Washington St.,-16.5,-13.54,-19.01,-7.96,,-24.02,-8.08,-14.42,-16.54,-8,-14.5,-17,-18.5,-13.17,-8.83,-8.62,-13.33,-13.02,-12.47,-20.95,-12.48,-21,-19.36,-9.79,-13.19,-6.19,-18,,,-13.54,-13.58,-11.07,-7,-13.5,-13,-9.18,-15.69,-17.8,,-12.9,-11,-16.4,-16,-15.4,-22.13,-17,,,-14,,-10,-16.5,-15,-12.1,-16.43,-13.93,-10.2,-14,-7.5,-13.9,-15.04,-0.6,-19,4.54,3,37,8,34,40,0.5761212148,0.2097506907,
Central Florida,East Carolina,36,31.55,40.57,23.54,,50.48,41.89,38.88,34.76,39,32.5,37,26,31.8,26.39,18.74,34.86,39.6,24.18,40.95,27,35.42,41.56,24.18,50.92,25.03,46,,,35,27.93,35.27,31,32,36,13.06,27.43,35.7,,42.2,34,34,36,40.6,57.87,45.6,,,34,,55,34.1,35,35.6,34.85,26.06,36,35,16.5,39.83,49.01,35.5,44,9.57,21,63,8,42,84,0.4754813065,0.969983004,
Central Mich.,Toledo,-7.5,-16.17,-12.76,-15.17,,-2.99,-12.97,-13.34,-17.8,-4,-10.5,-11,-12.5,-15.79,-14.64,-8.8,-11.11,-7.05,-4.36,-14.15,-9.04,-22.58,-15.91,-11.14,-12.09,-12.27,-14,,,-11.93,-17.06,-10.43,-11,-9.5,-6,-11.78,-7.72,-8.2,,-9.4,-12,-6.7,-8,-12.6,-8.31,-11.4,,,-12,,-21,-7.5,-12,-3,-18.17,-11.93,-8.3,-7,-4,-12.72,-15.4,-2,-12,4.22,30,10,8,-20,40,0.4130269816,0.2494119764,
Colorado St.,Nevada,24.5,20.52,19.42,19.9,,24.62,20,23.84,21.83,29,26.5,22,23,20.55,21.42,15.55,22.92,25.96,16.43,29.95,22.08,21.75,35.28,15.53,20.63,18.84,22,,,22.1,19.37,22.37,25,24.5,25,18.53,19.22,24.8,,24.2,22,22.1,24.5,31,30.78,27.8,,,20,,28,25.9,28,14.4,23.67,24.57,20.9,24.5,14,28.44,23.35,25,17,4.54,42,44,8,2,86,0.4618824162,0.9174537442,
Duke,Florida St.,-7,-8.59,-0.45,-8.44,,19.69,0.42,-3.74,-5.56,1,-6,0.25,-3,-9.06,-6.83,7.77,-5.37,-0.38,3.98,-9.85,-6.98,-5.75,-2.56,0.14,-3.38,-6.13,-6,,,-6,-9.2,-7.9,-7,-6.5,-10,-18.49,-15.69,-12.6,,-5,-8,-12.3,-7,-10.8,-5.22,9.2,,,-6,,-4,-12.5,-5,-10.9,-11.15,-5.84,-7.9,-7,-10,-9.81,-3.76,-1,8,6.50,17,10,8,-7,27,0.537848829,0.3771299821,
Florida,Texas A&M,1.5,0.41,0.43,3.74,,-1.13,2.92,2.62,0.2,1,-0.5,5,0.01,0.46,-1.43,0.86,2.87,-0.69,9.95,2.15,5.76,4.33,6.94,4.99,-1.65,5.47,3,,,2.92,0.25,4.23,8,4,3,6.74,7.8,10.4,,3,5,11.3,1.5,5.3,-5.51,-2,,,3,,-3,10.1,2,1.3,5.92,4.66,-2.1,2.5,1.5,5.45,-0.37,0.4,-1,3.75,19,17,8,-2,36,0.5334666603,0.5698309535,
Florida Intl.,Tulane,-13,-15.16,-14.19,-19.8,,-6.41,-15.9,-22.71,-13.35,-8,-15,-9,-6,-16.1,-14.33,-9.13,-13.28,-13.66,-2.63,-29.95,-9.51,-9.04,-23.87,-1.68,-16.98,-8.21,-11,,,-14.33,-11.91,-16.68,-13,-11,-19,-2.78,-12.56,-16.1,,-15.4,-10,-15.5,-13,-23.4,-19.02,-0.7,,,-17,,-22,-15.9,-16,4.6,-15.62,-14.43,-7.8,-13.5,5,-14.28,-25.47,-13.2,-12,7.26,10,23,8,13,33,0.4936006354,0.2233804424,
Fresno St.,New Mexico,-1,0.56,4.59,-3.92,,7.5,4.33,-3.2,-0.79,2,-6,4,0.5,1.17,0.82,6.44,-0.11,-3.03,10.56,-6.45,5.08,1.63,-6.14,-6.51,3.69,-13.15,10,,,-0.79,-1.52,6.03,-4,3,-6,-10.64,-5.36,-2,,6.3,3,-2.7,-1,-7.2,3.82,5.2,,,4,,9,-1.7,-3,-2.2,-4.62,-1.04,2,2,-7.5,-4.97,5.55,6.1,4,5.55,0,38,8,38,38,0.5211046923,0.4973903556,
Georgia,Missouri,29,34.85,32.7,30.87,,43.17,36.36,38.27,39.36,41,28.5,33,30.5,34.45,33.18,19.08,33.9,46.01,33.25,43.95,27.28,49.25,49.69,25.07,45.61,20.32,37,,,33.1,33.47,30.39,31,29.5,30,16.86,29.04,32.9,,33.1,30,34.1,29.5,41.6,41.33,42.2,,,32,,54,31.4,39,24.6,34.36,27.06,31.5,30,16,37.37,42.93,30.5,29,7.96,28,53,8,25,81,0.608693086,0.9718610225,
Georgia Southern,New Mexico St.,-6,-4.66,-14.74,-4.88,,-16.27,-10.06,-2.46,-6.88,-12,-5,-11,-3,-4.7,2.61,-11.88,-5.8,-18.1,-4.94,-5.45,-0.87,11.67,-6.35,-0.47,-6.97,2.01,-9,,,-5,-2.84,-5.94,2,-6,-5,12.34,-10.83,-7.9,,-3.1,-4,-4,-6,-8.5,-9.53,-1,,,-1,,-19,-7.4,-5,-3.8,-7.46,-4.64,-3.6,-7,-1,-8.62,-13.88,-0.7,-16,5.66,35,27,8,-8,62,0.5047345344,0.3653585071,
Hawaii,San Jose St.,17,12.4,4.86,8.77,,13.49,9.21,9.31,9.43,12,22,12,9.5,13.15,12.63,9.13,11.86,8.41,12.05,14.95,16.14,-3.54,16.45,4.51,9.61,11.33,6,,,12,10.9,14.69,10,18,8,7.02,13.49,13.6,,12.5,11,14,16,13.4,20.1,16.6,,,15,,20,13,16,13.3,6.33,9.87,10.5,17,10,7.98,11.17,16.6,9,3.75,26,37,8,11,63,0.3763383768,0.7664136105,
Idaho,Appalachian St.,-12,-11.44,-14.41,-10.66,,-7.2,-6.16,-12.01,-16.05,-7,-10,-11,-11.5,-10.38,-13.07,-6.46,-10.39,-17.58,-11.55,-9.55,-4.85,-7.67,-14.71,-6.5,-16.78,-5.48,-12,,,-10.9,-13.29,-10.21,-7,-10,-15,-10.45,-6.37,-12.5,,-14,-12,-8.4,-12,-10.9,-13.49,-7.6,,,-7,,-13,-12.9,-11,-6.4,-1.2,-10.93,-16.4,-13,-5.5,-7.07,-12.85,-6.5,-13,3.37,23,20,8,-3,43,0.539516015,0.2609977626,
Illinois,Rutgers,0,2.13,0.33,0.52,,-2.87,-3.48,3.67,8.04,4,-0.5,2,4.5,0.25,6.14,5.99,2,-0.63,12.71,3.65,0.38,5.92,6.96,14.73,-1.58,15.07,5,,,2,6.97,-3,9,2.5,2,7.21,-0.94,-2.7,,-1.5,1,-0.8,0,-1,-8.91,-9.5,,,5,,-6,-2.2,4,3.9,3.14,2.06,-2.4,2.5,11.5,4.42,-10.39,-0.4,-1,5.59,35,24,8,-11,59,0.54729482,0.54729482,
Indiana,Michigan,-6.5,-8.15,-7.62,-13.41,,-6.87,-7.57,-6.64,-6.83,2,-11,-8,-12.5,-8.23,-11.88,-3.81,-7.43,-11.76,-4.88,-11.65,-6.78,-9.79,-11.33,-5.27,0.89,-3.47,-8,,,-7.2,-8.86,-4.39,-11,-6,-7,-14.28,-3.5,-5.7,,-6.7,-11,-6.6,-6.5,-7.1,-7.69,-7.9,,,-10,,-5,-6.7,-1,-7.4,-10.34,-4.73,-4.9,-7.5,-11.5,-6.37,-7.2,-1,-9,3.61,27,20,8,-7,47,0.4772239179,0.324064287,
Iowa St.,Kansas,22,25.07,22.88,23.83,,20.58,28.42,26.25,29.26,34,42,27,22.5,24.64,34.26,18.42,27.64,39.35,21.48,37.65,23.82,22.29,37.42,18.17,41.88,23.47,30,,,26.25,24.03,25.58,27,20,28,14.6,17.16,26.9,,29.3,26,22.6,23,33.8,35.43,35.4,,,27,,46,25.1,35,25.5,26.36,26.07,24.5,22.5,11,28.95,35.31,21.5,18,7.30,0,45,8,45,45,0.6265779744,0.943171352,
Kansas St.,TCU,-7.5,-4.8,-21.1,-6.21,,-13.89,-5.66,-6.97,-14.93,-2,0.01,-15,-14.5,-2.61,-3.42,-7.16,-6.67,-17.88,-13.27,-4.85,-3.49,-15.71,-9.58,-6.98,-12.4,-6.35,-24,,,-6.21,-7.99,-4.89,0.01,-4.5,-7,7.61,-0.33,-2.5,,-6.9,-8,-0.01,-7.5,-1.6,-9.15,-17.4,,,-1,,-15,-2.2,-1,-4.7,-1.06,-4.84,-6.3,-6,4.5,-6.78,-6.26,-0.6,-17,6.37,26,6,8,-20,32,0.5193494,0.3482978367,
Kent,Miami (Ohio),-8,-11.63,-4.49,-11.9,,-12.42,-8.42,0.49,-8.68,-2,-2.5,-4,-6,-12.59,-10.41,-6.24,-7.12,1.1,-0.01,-6.55,-11.54,9.46,-7.95,3.64,-4.11,-5.9,-2,,,-7.95,-9.07,-9.62,-5,-9.5,-9,-4.01,-8.73,-9.2,,-5.2,-8,-8.9,-8,-4.8,-11.29,-5.1,,,-13,,-10,-8.4,-10,-4.3,-13.55,-12.94,-7.5,-9.5,-7,-3.02,-11.55,-3.5,-11,4.04,14,17,8,3,31,0.5214219688,0.3319025013,
LSU,Auburn,-7.5,-9.25,-8.65,-7.62,,-6.63,-8.96,-10.53,-12.31,-7,-14.5,-5,-6.5,-8.82,-9.79,-5.29,-7.92,-17.57,-5.73,-10.45,-3.46,-8.58,-15.76,0.56,-15.08,-2.84,-7,,,-7.62,-8.83,-8.2,-4,-6,-8,4.85,-3.52,-10.9,,-9.2,-6,-10.7,-7.5,-6.9,-15.83,-6.8,,,-7,,-22,-11.4,-3,-6.7,-2.01,-7.94,-11.7,-7,1,-0.79,-15.81,-1.1,-8,5.07,23,27,8,4,50,0.4899462773,0.3172979318,
Louisiana-Lafayette,Texas St.,13.5,14.5,6.42,14.67,,7.43,10.01,15.1,14.53,16,32,15,16.5,14.5,13.79,10.66,15.34,9.62,13.64,19.65,15.61,-6,22.03,10.2,13.45,14.62,12,,,14.67,14.41,17.03,23,14.5,18,14.55,17.89,18.4,,13.7,14,15.8,13.5,23.5,14.97,1.2,,,21,,13,17,24,8.1,26.07,17.07,6.8,13.5,15,23.88,12.89,13.9,4,5.25,7,24,8,17,31,0.543810213,0.8205278304,
Louisiana-Monroe,Georgia St.,6,5.49,1.31,2.38,,7.68,6.43,7.28,6.56,8,-9,9,9.5,5.39,-6.01,9.7,5.08,3.52,7.9,4.15,6.38,-3.75,6.88,9.98,0.01,7.14,10,,,6,5.15,8.12,3,6,10,1.93,5.76,-0.9,,7.8,6,1.4,6,5.4,2.32,8.6,,,3,,8,0.01,1,8.1,6.2,2.46,8.8,7,2.5,4.45,8.81,8.6,5,4.05,47,37,8,-10,84,0.4776073129,0.6217571375,
Louisville,Boston College,19,15.94,8.19,9.6,,23.14,11.86,11.31,15.64,12,11,13,14,15.81,18.47,10.92,15.23,11.39,16.3,13.85,18.35,21.58,18.61,16.16,10.93,14.85,7,,,15.47,16.9,18.66,20,19.5,15,21.5,9.78,18.6,,17.1,17,17.2,18.5,10.4,21.28,24.9,,,15,,14,18.4,15,16.3,15.88,15.47,9.8,22,25,9.46,13.27,22.5,13,4.39,45,42,8,-3,87,0.4094752407,0.8224357491,
Marshall,Old Dominion,12.5,11.8,16.99,2.45,,24.53,15.96,16.45,16.52,22,6,13,13,11.36,9.64,13.39,11.99,18.6,17.3,12.85,9.3,16.71,16.07,8.77,25.11,12.65,19,,,12.65,10.47,14,11,16.5,14,-7.85,-1.34,8.4,,18,12,5.6,12.5,17.3,27.27,19.3,,,8,,19,7,11,11.8,-3.31,5.66,12.4,16,-11,9.69,17.69,16.4,15,7.86,3,35,8,32,38,0.4885150123,0.750767753,
Maryland,Northwestern,-3,-2.24,6.34,-0.33,,2.84,7.71,-0.67,5.08,9,-18,6,1.5,-3.92,-5.75,10.38,0.16,14.17,4.78,-11.65,-1.66,6.75,0.4,6.83,8.9,3.49,15,,,0.1,0.44,-1.62,-7,-3.5,0.01,-10.25,-6.22,-4.9,,1,0.01,-1.1,-2.5,0.01,-3.88,2.3,,,1,,7,-4.9,-8,1,-13.36,-1.23,3.9,-3.5,-4.5,-3.87,3.15,0.7,5,6.36,37,21,8,-16,58,0.5733077111,0.5037328675,
Memphis,Navy,3.5,2.48,-11.29,-3.65,,-0.99,-2.59,1.99,0.01,3,1,-4,-8,2.79,4.26,-1.54,0.9,7.26,-2.64,4.15,2.73,-5.63,-1.38,0.15,1.46,1.53,1,,,1,2.52,5.99,0.01,5.5,7,6.12,0.45,6.8,,0.5,2,5,3,1.4,-4.35,-6.4,,,1,,2,6.5,5,-0.6,0.75,-0.44,4,3.5,3,2.97,-1.9,0.6,-1,3.91,27,30,8,3,57,0.436825132,0.5219493458,
Miami (Fla.),Georgia Tech,6.5,6.2,13.19,6.98,,4.83,4.99,8.85,12.23,19,14,14,10.5,4.77,11.24,9.08,9.18,4.67,16.04,5.95,7.89,11.5,6.17,9.01,23.19,7.13,21,,,9.01,9.74,8.87,11,7.5,6,8.71,2.06,10.7,,10.4,9,9.3,6.5,10.4,-0.94,2.8,,,4,,13,9.3,10,3.7,10.72,9.46,11.4,5.5,11,8.87,6.12,6.4,8,4.59,24,25,8,1,49,0.5644225724,0.7107466436,
Minnesota,Michigan St.,-4.5,-6.39,-9.35,-6.53,,-9.23,-0.31,-5.83,-12.85,1,-3,-2,-6,-4.84,-2.79,-5.77,-3.31,-11.84,-2.29,-6.35,-0.87,-14.71,-9.6,-5.26,-2.52,-2.65,-12,,,-4,-9.26,-0.4,-1,-3,-8,12.18,0.92,4.9,,1.1,-1,4.4,-4.5,-5.4,-11.94,-4.3,,,-1,,-4,5.9,6,-3.5,-2.52,-4.74,-3.3,-4,9.5,-4.15,-4.41,-4.2,-2,5.38,30,27,8,-3,57,0.5283001088,0.4217258437,
Mississippi,Vanderbilt,3,1.42,-7.26,0.01,,-3.55,1.11,-0.94,-2.49,2,19.5,-3,0.01,2.12,6.32,-4.95,0.29,-4.13,-3.13,2.65,4.53,-6.29,-1.18,-1.48,-3.85,0.87,-4,,,0.08,0.66,2.88,4,3,-1,5.96,-6.83,-0.2,,0.3,0.01,-0.01,2,-2.3,13.14,-3.6,,,1,,-1,0.6,3,1.3,-6.39,0.16,0.8,3.5,1,1.87,-2.18,0.01,-5,4.47,35,57,8,22,92,0.4347425489,0.5070143454,
Mississippi St.,BYU,22.5,21.3,19.94,14.59,,30.38,26.11,19.58,24.36,27,-6,17,16.5,21.07,18.37,17.59,19.05,27.34,21.29,22.65,17.41,34.13,22,14.93,28.27,15.22,27,,,19.89,19.89,25.21,12,21,20,-0.01,8.44,17.3,,22.8,15,18.5,22.5,22.3,27.9,25.3,,,20,,26,17.1,19,16,10.74,16.57,15.9,24,3.5,22.38,26.71,26.4,21,7.16,10,35,8,25,45,0.4214747123,0.8630179773,
Nebraska,Ohio St.,-24.5,-20.55,-17.92,-18.07,,-20.54,-18.38,-20.74,-17.18,-11,-15,-17,-18,-21.76,-24.12,-9.98,-20.27,-14.11,-13.73,-25.55,-17.85,-23.21,-27.87,-7.61,-23.37,-2.68,-17,,,-20.54,-18.88,-25.81,-23,-21.5,-18,-10.42,-21.71,-30.1,,-24.8,-18,-25.6,-24,-18.3,-35.41,-25.2,,,-24,,-28,-29.5,-23,-29.4,-25.7,-19.94,-14.5,-24.5,-12,-21.2,-28.36,-24.2,-20,6.57,56,14,8,-42,70,0.5972446373,0.1190230956,
North Carolina,Virginia,-3,-0.88,-14.28,1.8,,-19.18,-0.89,-0.34,-9.1,-3,-10,-8,-5.5,0.75,3.2,-9.71,-0.75,-6.35,-4.77,6.55,1.52,-10.38,-5.7,-1.32,-8.16,5.04,-12,,,-0.88,-2.9,4.36,8,-2.5,-1,24.28,12.89,1.3,,1.3,2,3.7,-3,1.4,-5.34,-2.8,,,3,,-5,4.2,6,-7,8.67,-0.33,1.3,-3.5,12.5,-1.99,-2.06,-4.5,-15,7.35,20,14,8,-6,34,0.5511730191,0.482900518,
North Texas,Texas-San Antonio,-3,-2.65,2.38,-3.87,,-7.29,0.01,-6.44,0.63,1,-2,2,1.5,-3.36,-5.68,3.62,-1.83,3.22,2.57,-1.45,-5.14,0.54,4.18,-0.01,1.31,-4.66,8,,,-1.57,-1.57,1.03,-2,-4.5,-3,-4.97,-4.09,-9.7,,-0.8,-4,-8.4,-3,-0.4,-0.13,0.5,,,-2,,1,-8.4,-6,0.2,-9.54,-3.13,-1,-2.5,-2.5,-4.62,0.62,-0.7,-1,3.61,26,29,8,3,55,0.5286460676,0.455250298,
Oklahoma St.,Baylor,26.5,24.42,31.11,17.17,,36.33,25.91,23.77,31.13,30,23,32,27.5,22.96,14.3,18.98,24.39,25.17,22.46,24.15,24.27,42.96,29.28,21.06,24.22,13.01,36,,,24.27,25.77,22.07,21,23,19,13.76,20.4,25.2,,25.6,24,21.1,26.5,20.2,35.19,35.4,,,19,,31,24.4,24,24.4,30.47,25.57,13.5,25.5,16.5,27.69,28.72,26,31,5.85,16,59,8,43,75,0.4503757914,0.9252889568,
Oregon St.,Colorado,-10,-12.67,-11.81,-14.23,,-23.98,-12.05,-11.3,-12.02,-5,-18.5,-9,-11,-13.12,-14.39,-9.56,-11,-22.37,-6.15,-11.25,-9.73,-16.83,-14.22,-2.27,-11,-1.07,-9,,,-11,-10.87,-10.44,-10,-12.5,-11,-9.18,-10.28,-12.8,,-12.4,-11,-12.1,-10,-8.8,-12.28,-17.8,,,-10,,-14,-13.6,-8,-1.6,-9.13,-11.43,-9.4,-10.5,-10.5,-3.5,-15.43,-3.5,-18,4.53,36,33,8,-3,69,0.4758503289,0.2526148181,
Pittsburgh,NC St.,-11.5,-7.44,-18.05,-6.55,,-15.96,-8.08,-8.17,-13.79,-4,-1.5,-17,-15.5,-6.36,-4.57,-8.67,-8.54,-8.7,-13.7,-7.55,-6.43,-21.96,-12.89,-7.76,-12.09,-2.27,-17,,,-8.17,-7.96,-11.92,-3,-11,-10,3.08,-7.57,-10.5,,-8.1,-8,-8.6,-11,-6,-13.05,-13.2,,,-9,,-11,-9.6,-9,-8.7,-1.81,-5.04,-5.7,-11,8,-11.97,-11.12,-7.9,-17,4.88,35,17,8,-18,52,0.5707240218,0.3035622555,
San Diego St.,Boise St.,6,4.43,9.78,5.96,,12.62,10.82,11.66,12.11,15,-3,11,11,3.04,4.32,8.56,8.68,11,18.37,9.25,2.03,16,15.16,12.27,15.1,7.46,11,,,8.6,6.14,7.15,12,7,8,3.22,6.66,8,,7.7,4,8.6,6,15.6,10.56,7.4,,,9,,13,6.6,9,4.4,9.97,4.56,4.7,7,1.5,16.49,9.63,6.3,9,4.34,31,14,8,-17,45,0.5646852677,0.7010659105,
South Florida,Cincinnati,24,18.44,14.15,22.43,,28.3,14.58,24.36,22.64,16,34,21,20,17.79,24.62,19.08,22.85,14.87,23.03,29.15,29.12,36.75,36.2,19.24,14.01,22.72,10,,,22.43,18.66,19.32,27,24.5,24,24.45,30.07,28.2,,20.5,20,24.6,24,,20.81,22.1,,,22,,22,28.4,34,27.2,,26.57,17.3,24.5,23.5,31.9,18.32,25,22,5.67,3,33,8,30,36,0.4728054309,0.91236971,
Southern Miss.,UTEP,23,20.04,24.56,15.22,,32.52,20.52,17.45,22.85,20,22,25,24,19.61,17.17,17.3,20.69,26.06,20.18,19.55,18.05,-1.92,24.32,11.83,26.23,15.94,34,,,20.18,20.3,20.85,19,20.5,25,15.05,16.72,17.3,,23,22,15.5,23,17.8,32.37,28.4,,,16,,28,17.5,18,23.9,7.11,16.56,21.6,22.5,13.5,23,22.82,23,27,4.95,0,24,8,24,24,0.4447525755,0.8933163162,
Stanford,Oregon,9.5,5.7,2.88,8.42,,-3.28,2.2,6.61,7.76,11,17.5,9,9.5,5.17,6.01,5.16,8.09,9.22,11.96,5.55,6.81,10.88,8.69,6.07,8.85,5.63,8,,,8.42,6.59,7.87,11,10.5,9,16.99,15.03,9.1,,9.9,8,10.2,9.5,10.3,-1.65,3.3,,,12,,3,8.9,11,7.7,8.7,7.07,9.5,10.5,12,14.56,2.48,10.9,-1,4.06,7,49,8,42,56,0.4657149448,0.6892396496,
Syracuse,Clemson,-23.5,-24.03,-25.24,-30.51,,-20.79,-20.17,-21.47,-30.27,-22,-23,-23,-32.5,-22.49,-34.63,-11.32,-23.91,-29.13,-28.42,-26.25,-19.34,-30.25,-32.33,-17.32,-25.81,-19.55,-26,,,-23,-27.31,-20.24,-26,-21,-18,-21.53,-16.79,-19.4,,-20.9,-23,-18.2,-23.5,-18.6,-24.66,-22.1,,,-22,,-33,-19.2,-23,-29.3,-31.24,-22.94,-20,-22.5,-20.5,-28.91,-26.37,-22.2,-15,4.88,24,27,8,3,51,0.4901524716,0.0749831841,
Temple,Connecticut,10,15.49,6.46,22.17,,14.85,12.21,17.55,18.11,16,16.5,11,17.5,14.88,22.72,12.97,17.65,10.81,16.77,24.65,13.17,7.5,25.11,18.45,14.72,22.63,15,,,17,16.62,14.96,25,12.5,22,26.37,18.65,15.1,,15,17,12.3,11,26.1,20.49,9.7,,,18,,23,14.9,30,0.01,30.72,17.07,13.6,10,19,29.57,18.08,9.6,8,5.84,28,24,8,-4,52,0.67445451,0.8516230421,
Tennessee,South Carolina,1.5,-1.12,-6.5,2.87,,-4.53,-1.17,-3.37,-1.13,-2,0.01,-4,-1.5,-1.48,-1.93,-2.18,0.13,-1.19,-2.96,-0.45,3.05,-3.17,-0.21,6.18,-4.5,1.37,-5,,,-0.63,0.93,-0.63,4,2.5,2,16.59,5.57,-0.9,,-0.7,2,-0.8,1,-3.9,-2.05,-0.2,,,3,,1,-0.01,-3,0.01,4.33,3.37,-0.01,3.5,6,2.63,-3.29,-0.7,-5,3.78,15,9,8,-6,24,0.4665440276,0.503178351,
Texas,Oklahoma,-9,-9.86,-6.38,-8.75,,-2.47,-6.02,-9.73,-10.63,-4,-5,-7,-14,-9.29,-11.63,-3.46,-8.53,-4.71,-8.75,-3.8,-5.09,-8.67,-5.61,-5.69,-8.29,-5.95,-8,,,-8.75,-12.01,-11.63,-13,-8,-11,-15.07,-12.13,-8.7,,-9.7,-9,-6.5,-9,-2.4,-12,-1.4,,,-13,,-5,-8.6,-11,-9.7,-17.59,-10.5,-6.4,-7.5,-14.5,-14.56,-7.84,-2,-4,3.57,29,24,8,-5,53,0.5115214899,0.3000642141,
Troy St.,South Alabama,15.5,14.16,20.2,16.76,,21.36,10.24,15.81,23.31,22,18,18,18.5,12.12,14.44,17.56,17.5,25.9,21.45,15.85,15.65,12.29,22.79,17.31,28.31,17.7,26,,,17.56,17.81,15.54,8,17,19,17.97,18.74,15.4,,11.9,20,13.1,15.5,18.4,23.21,22.3,,,14,,15,15.8,18,11.9,9.94,19.06,20,15.5,17.5,13.87,15.87,15.1,14,4.10,19,8,8,-11,27,0.5485421343,0.8570852696,
Tulsa,Houston,-13,-14.1,-17.72,-9.91,,-22.18,-10.19,-13.03,-19.47,-7,-11,-16,-19,-13,-13.02,-9.95,-11.1,-13.91,-13.55,-13.95,-10.78,-29.04,-16.78,-4.9,-10.62,-5.03,-16,,,-11,-15.47,-8.82,-5,-13,-11,0.49,-2.68,-8.7,,-11,-10,-7.3,-13,-11,-18.23,-11.1,,,-13,,-16,-8.1,-12,-14.7,-5.68,-9.93,-10,-13.5,2.5,-10.55,-14.9,-0.6,-17,5.10,17,45,8,28,62,0.5453662413,0.2527755636,
UAB,Middle Tenn.,-4,-7.59,-1.67,-2.89,,6.88,-2.38,-2.12,-8.17,1,-7,-2,-7,-7.04,5.67,-3.56,-4.31,0.63,-5.81,3.65,-4.61,4.5,4.11,0.83,-3.09,-1.55,-1,,,-3,-10.01,-2.8,-7,-4,-3,-8.81,-22.78,-16,,-2.1,-3,-14.3,-4,8,-6.32,-13.1,,,-10,,-6,-17.5,-1,-4.5,-1.23,-6.74,-0.6,-6.5,-2.5,-2.86,-7.43,-1.9,4,5.97,23,25,8,2,48,0.4927084085,0.399698448,
USC,Utah,12.5,10.45,11.25,14.93,,8.7,14.68,13.78,11.47,11,18,12,12.5,10.3,12.67,12.38,13.06,10.42,16.95,12.15,11.48,15.67,13.16,9.64,13.6,7.32,18,,,12.5,10.49,16.17,14,12.5,11,12.85,11.37,15,,13.7,14,13.1,12.5,10.6,14.13,16.8,,,12,,11,15.4,12,10.9,19.88,17.57,11.8,13,11,14.49,16.45,12.5,5,2.45,27,28,8,1,55,0.5139064578,0.7919226561,
Utah St.,Wyoming,1.5,2.31,0.48,3.19,,4.08,7.16,5.92,1.91,6,2,3,3.5,2.63,4.19,3.6,3.63,7.62,2.07,11.25,3.61,4.46,8.01,-0.1,8.25,-4.09,6,,,3,0.91,2.6,6,3.5,3,-3.22,-5.26,0.7,,8.8,6,0.2,1.5,8,14.45,10,,,3,,16,0.01,5,1.5,1.73,0.26,-3.4,3,-3,1.41,7.32,0.3,-2,4.85,28,23,8,-5,51,0.5510513557,0.5865514486,
West Va.,Texas Tech,5.5,-2.76,-8.89,0.84,,-4.12,-7.54,4.86,-3.13,1,10,-3,1,-3.04,6.28,-4.17,0.65,3.86,-0.53,-5.45,2.13,-5.5,-2.19,4,-2.75,5.23,-7,,,1,-1.07,-1.61,6,6,3,14.06,2.51,6.1,,2.1,3,6.2,5,4.3,-8.36,-12.7,,,-2,,-5,5.3,2,1.6,0.19,3.36,5.4,3.5,15.5,-0.66,-6.49,3.6,-6,5.64,35,46,8,11,81,0.3867231203,0.5153875822,
Western Kentucky,Charlotte,17,23.44,16.85,20.05,,20.12,11.84,24.15,26.91,18,22,17,25.5,22.31,26.67,15.07,20.5,7.82,18.47,24.85,22.62,-6.92,31.53,21.86,8.11,22.84,17,,,21.86,26.9,14.56,34,17.5,23,33.44,18.38,22.9,,22,23,19.6,17.5,20.5,5.61,12.1,,,19,,15,22.6,25,12.4,28.14,25.06,14.2,16,24.5,30.1,11.03,16.5,16,6.34,14,45,8,31,59,0.5811109074,0.884768988,
Western Mich.,Akron,14,14.99,7.86,11.54,,7.47,12.39,12.92,12.63,10,23,12,14.5,15.45,21.79,8.29,15.14,6.98,15.32,26.05,12.22,21.04,24.95,11.96,10.58,14.65,14,,,14.5,14.44,13.57,24,13,15,26.11,11.89,20.8,,14.4,12,15.3,14,15,14.71,9,,,16,,17,19.8,21,10.9,23.49,10.56,13,14,20.5,20.16,15.22,15,11,4.88,14,13,8,-1,27,0.5273642577,0.819027633,
Wisconsin,Purdue,16.5,20.01,11.49,17.27,,21.22,12.17,10.58,19.39,16,28,17,22,19.57,19.7,10.5,18.31,13.16,16.35,14.85,20.14,21.21,19.36,13.78,15.35,9.47,13,,,18,22.63,24.2,25,18,17,34.19,28.25,20.8,,20.2,22,17.8,16.5,16.8,18.11,15.4,,,12,,13,23,22,12.7,22.39,19.06,18,17,21.5,20.56,16.04,17,9,4.97,9,17,8,8,26,0.5433205796,0.8644759977,
Alabama,Tennessee,36.5,34.07,29.85,29.39,,42.82,31.18,30.27,34.69,34,40,27,34,34.28,34.7,17.77,32.76,28.35,29.81,40.15,31.09,33.5,46.37,18.35,37.21,17.25,34,,,34,32.38,32.55,37,33,28,11.77,22.48,38.2,,37.1,33,34.7,36,32,50.44,38,,,33,,41,37.4,40,37.5,34.02,27.73,24.4,36,21,36.48,42.43,36.5,25,7.59,7,45,9,38,52,0.4158319473,0.968695615,
Appalachian St.,Coastal Carolina,23.5,24.88,26.26,21.43,,21.86,21.63,23.68,28.31,25,25,28,29,24.11,,17.98,24.44,15.61,21.03,28.35,21.62,7.81,33.54,24.02,20.64,25.88,25,,,25,26.3,21.37,31,25.5,28,25.31,43.36,29.5,,26.4,21,27.5,23.5,25.6,18.73,,,,20,,20,30.8,26,8.8,25.52,25.72,20.3,23.5,13,28.45,27.91,24,20,5.49,29,37,9,8,66,0.5223133815,0.9271617997,
Arkansas,Auburn,-15.5,-13.62,-9.11,-14.02,,-13.59,-10.53,-19.14,-15.13,-9,-21,-10,-11.5,-13.58,-18.97,-8.26,-13.62,-12.65,-13.56,-17.55,-13.42,-20.69,-27.43,-4.65,-13.12,-3.99,-6,,,-13.58,-12.5,-15.3,-13,-13,-12,-7.31,-13.11,-19.1,,-12.4,-13,-17.2,-15.5,-16.7,-13.74,-8.7,,,-15,,-18,-18.6,-11,-15.6,-16,-14.78,-13.1,-15.5,-12,-15.71,-15.37,-14.3,-14,4.24,52,20,9,-32,72,0.5455436879,0.2035902807,
Arkansas St.,Louisiana-Lafayette,12.5,9.53,8.53,10.76,,12.06,11.05,14.95,8.31,15,19,12,7.5,9.96,11.63,-1.46,11.28,15.03,10.12,12.35,12.8,5.91,11.77,8.12,15.63,8.23,7,,,11.05,8.35,11.33,15,13,15,11.74,5.29,10.4,,16.1,15,8.7,12.5,13.3,11,13.9,,,9,,11,9,16,7.7,10.49,13.73,10,12.5,10,11.25,12.32,16.4,10,3.49,3,47,9,44,50,0.4700830631,0.7561611603,
Army,Temple,6.5,5.27,14.84,-0.7,,13.96,10.39,12.93,6.24,14,-7,12,8.5,5.48,-6.08,12.99,7.16,11.17,14.14,9.75,9.37,14.44,9.56,3.93,13.15,0.85,14,,,8,3.39,10.76,8,6.5,7,-7.37,14.1,9.1,,14.1,5,7.8,6.5,11.1,10.31,10.2,,,4,,6,8.3,6,5.4,3.43,4.33,3.4,6.5,-5,3.46,14.42,5.6,11,5.85,28,31,9,3,59,0.5155578321,0.6639155761,
Ball St.,Central Mich.,-3,-2.67,-1.53,1.07,,2.47,-2.2,-3.55,-2.12,1,4,-1,-2.5,-2.83,-3.09,0.01,-2.44,4.14,-5.13,-4.05,-0.72,10.78,-5.94,-0.37,-2.99,-0.99,1,,,-2.12,-2.31,0.59,0.01,-2.5,-6,-2.31,-7.6,-11.7,,1.6,1,-11,-3,-2.3,-7.93,0.9,,,-2,,-8,-12.4,-2,-8.6,2.33,0.33,-1.3,-2.5,-2.5,-0.45,-6.41,-4.4,-3,3.81,56,9,9,-47,65,0.5136814284,0.4405975951,
Baylor,West Va.,-9,-10.82,-22.6,-14.41,,-25.28,-10.67,-12.73,-19.7,-17,-15.5,-22,-19,-8.89,-7.33,-13.13,-11.77,-17.2,-12.28,-9.95,-8.68,-25.53,-18.39,-10.89,-13.22,-5.13,-21,,,-10.89,-13.18,-7.36,-7,-9.5,-13,-0.91,-5.32,-8.7,,-10.2,-9,-7,-9,-9,-13.27,-7.2,,,-3,,-20,-8.3,-6,-8.5,-11.95,-13.28,-6.7,-9,-9,-16.15,-16.9,4.2,-25,5.91,38,36,9,-2,74,0.4350510223,0.2435746219,
Boise St.,Wyoming,14,15.08,10.89,13.95,,11.57,14.96,11.22,14.59,14,16,10,14,15.27,15.62,14.79,14.63,16.81,15.6,17.25,15.31,24.59,8.18,6.17,18.63,12.87,18,,,14.72,14.51,14.2,17,14,14,14.75,8.72,12.4,,16.7,19,10.9,14,12.6,24.83,18.9,,,15,,21,11.3,18,15,14.72,16.13,14.7,14,14.5,11.06,17.71,14.3,3,3.31,14,24,9,10,38,0.515494555,0.8165132234,
Bowling Green,Northern Ill.,-14,-12.34,-19.23,-13.99,,-23.42,-11.17,-15.22,-15.57,-17,-20,-15,-16.5,-11.83,-13.86,-9.43,-12.95,-14.42,-14.02,-19.65,-10.86,-8.59,-19.55,-11.49,-13.97,-6.76,-16,,,-13.83,-12.39,-9.95,-11,-14,-11,-3.08,-8.56,-5.4,,-11.7,-11,-4.4,-14,-16.9,-20.81,-16.5,,,-13,,-18,-5.6,-15,-15.1,-4.31,-12.27,-8,-13.5,-7,-19.21,-13.83,-5.3,-18,4.64,48,17,9,-31,65,0.5253108856,0.2168095043,
California,Arizona,-3.5,1.29,1.31,6.29,,-6.34,-1.18,4.37,7.43,3,6.5,3,5,-0.01,11.22,3.83,3.18,3.8,11.54,8.95,-0.91,9.44,0.01,4.99,3.7,5.4,2,,,3.34,3.63,-2.12,8,1.5,4,9.8,3.76,3.3,,-1.7,3,2.7,-2.5,8.9,-2.6,-2.5,,,3,,7,3.9,11,-6.5,3.34,0.62,-1.2,-2.5,4,3.31,2.89,-5.1,-5,4.30,45,44,9,-1,89,0.6576872295,0.5766580712,
Charlotte,UAB,-7.5,-10.3,-20.32,-8.53,,-17.14,-6.21,-7.11,-15.35,-14,-10,-19,-20,-9.39,-14,-12.11,-8.54,-6.63,-10.59,-11.45,-4.34,15.81,-20.08,-5.62,-7.37,-5.83,-17,,,-8.53,-11.12,-7.08,-3,-4,-12,2.79,13.3,-0.2,,-8,-9,0.5,-7.5,-15.1,-16.99,-9.2,,,-2,,-13,1.7,-7,-8,-7.19,-3.97,-2.4,-7.5,-6,-11.3,-9.09,5.7,-20,6.86,24,25,9,1,49,0.4760218053,0.3107070123,
Cincinnati,SMU,-7.5,-7.04,-14.36,-12.03,,-11.5,-7.81,-8.19,-8.31,-7,-3,-13,-9,-7.29,-5.81,-6.63,-7.78,-14.94,-1.34,-10.05,-10.9,-14.69,-16.63,-1.99,-11.15,-4.26,-9,,,-8,-4.63,-9.93,-5,-7,-6,2.01,-12.02,-8.5,,-9.1,-8,-7.2,-7.5,-9.9,-7.22,-6.3,,,-6,,-10,-9.3,-8,-3.2,-8.67,-10.28,-5.5,-7.5,0.01,-7.8,-12.9,5.7,-18,4.27,31,28,9,-3,59,0.493205187,0.3180098801,
Connecticut,Tulsa,-4,-9.77,-3.85,-12.25,,-3.07,-9.31,-11.02,-8.87,-2,-3,-7,-8.5,-10.28,-13.39,-7.84,-10.14,-6.93,-0.93,-17.65,-7.19,-3.16,-11.9,-6.92,-8.27,-12.8,-8,,,-10,-7.9,-10.71,-17,-7,-15,-19.35,-18.79,-10.9,,-10.6,-10,-8.5,-5,-17.1,-9.45,-8.7,,,-14,,-14,-11.3,-16,2.2,-24.44,-9.77,-4.6,-6,-10.5,-15.78,-14,2.3,-6,4.99,14,20,9,6,34,0.3560804158,0.2711569956,
Duke,Pittsburgh,8,6.68,11.15,3.8,,22.1,10.42,11.9,8.74,10,4,12,8.5,6.49,2.81,10.66,7.43,8.44,16.79,6.65,8.31,17.56,9.65,7.52,12.6,0.62,11,,,7.52,5.76,10.64,8,8,7,-7.94,3.2,6.8,,11.9,9,5.9,8,4.3,9.67,16.9,,,9,,7,7.3,6,3.2,-2.28,5.53,4.8,8,-9,9.95,11.58,5.4,11,5.19,24,17,9,-7,41,0.4863874925,0.6717906325,
East Carolina,BYU,-6,-7.42,-10.76,-9.02,,-4.74,-3.96,-9.96,-3.63,-5,-19,-3,-3.5,-8.3,-9.79,5.64,-7.52,-4.69,4.49,-10.05,-7.3,4.34,-8.9,-8.08,-2.24,-10.51,2,,,-8.05,-5.99,-7.66,-13,-7.5,-12,-18.24,-13.71,-9,,-10.7,-12,-6.7,-6,-6.7,-8.05,-8,,,-6,,-7,-9,-13,-1.3,-18.14,-8.28,-9.5,-5.5,-2.5,-9.96,-6.01,0.5,-3,4.86,17,33,9,16,50,0.4635278206,0.3252991453,
Eastern Mich.,Western Mich.,-2.5,-6.61,-6.63,-8.69,,-2.73,-1.52,-2.98,-7.86,2,-4,-5,-13,-6.13,-17.5,-2.71,-4.84,0.34,-0.93,-7.85,-3.83,-17.06,-11.18,-1.87,-2.19,-5.58,-7,,,-4.4,-8.08,-3.14,-11,-4,1,-16.37,1.98,-1.6,,-4.6,-4,0.01,-2.5,2.1,-4.4,4.8,,,-8,,-9,-0.7,-2,1.3,-14.64,-7.78,-1.7,-3,-7,-7.01,-5.83,0.7,-9,4.72,20,17,9,-3,37,0.4438185924,0.3850475707,
Florida Atlantic,North Texas,3.5,4.39,-3.49,3.11,,5.32,8.87,6.14,1.5,6,-1,0.25,-1,5.48,4.14,4.29,4.63,1.37,2.43,9.45,9.45,1.22,5.12,2.75,3.69,5.89,-1,,,4.29,1,7.89,9,6.5,3,3.1,9.83,9.3,,8.4,3,10,3.5,8.2,1.44,-1.3,,,11,,6,8.7,9,4,8.07,5.12,2.5,3.5,1,2.96,8.67,0.8,-5,3.62,31,69,9,38,100,0.5276637293,0.6119285293,
Florida St.,Louisville,6.5,11.61,6.04,7.83,,-2.4,8.96,10.86,12.53,10,9,8,6,11.43,9.09,3.77,9.35,8.04,6.39,11.75,6.3,15.63,11.82,5.37,13.45,7.92,12,,,10,11.76,11.6,12,6.5,13,7.65,13.14,13.1,,10.3,9,13.3,7,17.1,8.64,-0.2,,,10,,12,13.9,12,3.4,18.7,6.13,7,7,-5.5,18.15,10.91,7.4,-3,4.41,31,28,9,-3,59,0.5686687666,0.7148179424,
Georgia St.,Troy St.,-9.5,-7.63,-3.16,-10.76,,-5.48,-1.81,-0.16,-4.63,1,-2.5,-6,-10,-7.97,-15.41,-1.8,-5.73,6.54,-1.14,-5.25,-10.39,-6.97,-2.67,-8.26,3.88,-10.3,-4,,,-5.9,-8.33,-7.02,-8,-10,-8,-13.45,-9.62,-4.3,,-6.3,-8,-5.9,-9,-1.2,-1.59,-17.7,,,-3,,-9,-5,-4,-2.5,-7.49,-7.48,-10,-7.5,-6,0.64,-5.8,-3,-4,4.63,34,10,9,-24,44,0.5901789467,0.3644670024,
Georgia Tech,Wake Forest,4,6.3,-4.58,8.74,,5.6,6.62,8.62,5.36,2,4.5,-3,-1,6.49,11.61,4.94,6.72,8.2,1.91,12.75,5.43,-0.97,11.74,7.05,-4.42,9.33,-4,,,6.9,6.22,4.35,9,8.5,10,13.9,10.46,10.5,,2.4,7,10.6,4.5,9.7,8.29,6.9,,,8,,5,11.7,11,3.6,15.42,7.32,6,6,6.5,16.45,4.44,5.5,-2,4.59,24,38,9,14,62,0.5653700937,0.6578695751,
Houston,Memphis,2.5,0.01,-0.47,6.51,,6.28,5.76,3.48,-7.01,3,8.5,-0.25,0.5,1.56,4.87,-0.35,1.99,-1.56,6.82,-1.15,3.97,-6.47,2.97,-3.05,0.01,-3.53,-5,,,1.71,-2.64,1.71,6,3,-4,5.59,5.65,0.01,,4.7,5,0.6,2.5,-1.4,-0.76,5.8,,,5,,-2,0.4,6,0.3,5.48,5.42,5.7,2.5,2,1.57,-0.01,2.8,-7,3.64,42,38,9,-4,80,0.4875094579,0.5486245494,
Kansas St.,Oklahoma,-14,-11.68,-15.56,-10.54,,-8.85,-7.17,-7.06,-16.7,-5,-8,-12,-15.5,-10.29,-11.91,-6.64,-10.38,-8.89,-10.78,-5.85,-9.86,-24.28,-7.79,-4.84,-11.35,-4.46,-17,,,-10.29,-14.16,-11.78,-6,-12.5,-12,-3.58,-6.57,-7,,-10,-10,-5.6,-13,-6.1,-21.96,-18.5,,,-13,,-10,-6.6,-8,-14.5,-13.19,-11.78,-10.5,-14,-10.5,-17.91,-13.71,-7.2,-8,4.09,42,35,9,-7,77,0.5873813327,0.2633137562,
Louisiana Tech,Southern Miss.,3,3.54,-2.92,6.08,,-3.38,0.51,3.52,4.34,4,12.5,-1,1.5,3.03,9.54,0.87,3.62,0.6,3.72,5.85,7.37,3.41,3.26,5.44,0.75,10.14,-2,,,3.72,5.57,4.92,8,3.5,3,11.91,-0.33,4.2,,2.7,5,4,3,4.4,-2.04,-2.8,,,2,,3,3.6,7,-6.3,8.44,5.83,5.2,2.5,9,6.11,-1.08,2.9,-5,3.97,34,27,9,-7,61,0.515112645,0.5875447499,
Massachusetts,Georgia Southern,7.5,0.94,-0.69,2.65,,13.47,5.08,9.41,-0.97,10,-2,1,-7.5,1.72,-5.55,11.07,4.5,6.46,2.52,12.45,6.74,2.53,12.8,-3.08,-2.7,0.32,-2,,,4.73,-2.01,9.78,7,7,7,-5.11,11.16,10.9,,2.9,4,8.3,7.5,13.6,7.77,-7.3,,,1,,14,10.5,8,5.2,1.4,4.73,4.5,7,8,10.51,5.33,4.4,7,5.81,20,55,9,35,75,0.4295695369,0.6049594469,
Miami (Fla.),Syracuse,17.5,16.8,15.76,17.74,,12.89,18.34,12.8,22.7,16,10,17,12,15.32,19.94,13.83,17.16,13.41,15.93,17.75,15.53,25,21.42,16.23,27.41,17.64,20,,,16.8,21.02,17.3,19,14.5,13,23.39,14.65,13.9,,15.2,19,13.3,17.5,14.2,14.01,13.7,,,16,,20,13.7,17,19.1,21.93,25.23,16,17,22.5,20.34,16.92,16.5,5,3.57,19,27,9,8,46,0.4916642588,0.8542049361,
Miami (Ohio),Buffalo,2.5,-1.42,-7.97,-3.81,,0.47,-2.31,-4.51,-4.16,1,5,-5,-4.5,-1.15,4.7,-2.83,-0.28,-7.26,2.95,-8.75,2.44,3.13,-10.16,2.36,-4.42,4.78,-7,,,-1,-0.66,2.35,2,2.5,-4,14.75,5.17,6.2,,-0.8,6,6.8,2.5,-7.1,-2.36,-3.2,,,-1,,-3,7.3,-2,6.8,2.02,2.92,5.2,2.5,9,-10.04,-7.51,6.7,-6,5.59,14,24,9,10,38,0.4344021402,0.4933632702,
Michigan St.,Indiana,6.5,7.6,10.87,5.33,,17.23,7.32,8.54,11.3,9,-4.5,10,13,6.72,6.95,10.36,7.85,14.37,17.66,8.85,4.49,16.16,18.09,13.27,5.83,9.76,15,,,8,9.68,3.59,9,7,9,1.49,6.7,1.6,,6.5,7,3.5,6.5,9.1,10.34,5.6,,,4,,8,1.5,-2,10.7,9.97,5.13,6.6,7,0.01,8.9,7.94,8.6,6,4.69,9,17,9,8,26,0.5325032839,0.6823497092,
Middle Tenn.,Marshall,-2.5,-4.71,-8.21,-3.21,,-9.32,-6.45,-8.41,-7.95,-4,9.5,-6,-7,-4.54,0.16,-5.83,-3.12,-3.18,-6.53,-7.55,-2.38,-12.56,-7.72,-8.25,-5.25,-8.69,-5,,,-4,-3.07,-3.08,-1,-2.5,-8,11.95,-0.64,-3,,-3.4,-1,-2.2,-2.5,-6,-2.34,1.6,,,-5,,-4,-1.8,-1,7.1,-3.02,-0.88,2.5,-2.5,14.5,-4.54,-6.63,-6,-10,5.12,38,10,9,-28,48,0.4851755303,0.4258150582,
Minnesota,Illinois,13.5,16.71,12.14,18.13,,20.06,20.88,17.84,14.36,17,10,14,11.5,17.8,18.94,13.89,18.08,20.54,14.86,22.45,15.78,22.38,20.02,7.42,21.13,13.66,13,,,18.13,13.5,17.28,19,14.5,19,22.39,18.77,20.7,,20.6,18,19.1,14,22.2,22.93,23.6,,,17,,25,19.7,22,,23.59,17.23,15.6,13.5,14,26.46,25.77,14,12,4.13,17,24,9,7,41,0.6099642778,0.864828237,
Mississippi,LSU,-7,-6.91,-5.59,-2.84,,-9.22,-0.34,-7,-4.35,2,0.01,-7,-6.5,-7.34,-3.86,-1.07,-5.74,0.55,-12.16,-6.75,-6.92,-12.03,-10.04,-4.78,0.72,-2.76,-5,,,-5.85,-6.6,-6.37,-7,-7,-8,-9.78,-11.52,-8.6,,-5,-5,-6.1,-7,-5.5,-3.99,-5.3,,,-8,,-2,-6.3,-9,,-13.72,-4.87,-5.6,-7,-7.5,-12.15,-3.24,-4.4,-8,3.27,40,24,9,-16,64,0.5309828172,0.3616125595,
Mississippi St.,Kentucky,12,12.68,2.62,8.24,,10.63,14.21,11.64,5.17,9,0.5,3,3.5,14.46,15.47,5.84,9.57,12.84,3.55,14.55,12.27,9.81,9.21,4.98,10.37,6.81,7,,,10,8.46,11.27,12,10,10,5.12,2.52,0.6,,12.4,9,1.4,12,10,25.81,29.1,,,14,,12,-0.3,15,7.8,10.99,9.02,11.3,11.5,4.5,11.65,16.49,11.8,4,5.80,7,45,9,38,52,0.4428359429,0.7143901899,
Missouri,Idaho,14,7.15,2.61,1.77,,-7.09,4.29,7.19,8.45,4,2,8,5,6.7,4.5,1.48,7.32,5.03,13.86,6.75,12.95,1.47,7.89,8.51,7.27,9.8,8,,,7.89,8.44,15.34,6,14,16,9.88,0.71,14.6,,11.8,12,12.4,13,7.4,3.06,8.3,,,10,,13,16.4,9,13.1,-5.33,8.03,10.7,14,-2,4.84,3.02,14.1,-1,4.91,21,68,9,47,89,0.3438489019,0.6702104866,
Navy,Central Florida,-7.5,-8.02,-4.05,-5.86,,-10.41,-9.76,-11.47,-7.48,-5,-18.5,-4,5,-8.8,-6.8,-4.07,-7.03,-8.16,-8.25,-10.85,-8.64,-10.66,-8.32,1.83,-11.64,0.6,-10,,,-8,-4.31,-8.9,0.01,-6.5,-8,10.53,1.18,-12.5,,-7.7,-6,-12.6,-7.5,-10.9,-16.43,-12.3,,,-9,,-22,-11.4,-5,-7.4,-2.96,-3.07,-5.7,-7,3,-8.32,-17.45,1.4,-17,6.05,31,21,9,-10,52,0.5110349115,0.3395168649,
Nevada,Air Force,-7,-6.12,-9.14,-5.11,,-9.21,-5,-2.42,-4.25,-7,-2.5,-10,-10.5,-6.7,-4.92,-7.13,-5.76,-4.3,-1.2,-9.05,-7.13,1.72,-10.41,-4.72,-3.01,-10.73,-8,,,-5.36,-4.88,-4.81,-6,-5.5,-4,-9.4,-5.36,-1.4,,-6.8,-5,-1.4,-7,1.1,-3.84,-11.6,,,-7,,-5,-2.8,-3,-3.4,-5.36,-5.58,-5.4,-7,-7.5,-11.99,-6.35,-1.9,-15,2.97,45,42,9,-3,87,0.5306015082,0.3606714186,
New Mexico,Colorado St.,-7.5,-9.91,-5.59,-4.27,,-9.57,-4.32,-8.97,-10.44,1,-7,-6,-10,-10.18,-8.18,3.13,-6.56,1.31,-6.46,-6.25,-7.88,-8.78,-12.54,-4.04,-4.08,-0.64,-6,,,-7.4,-8.05,-8.97,-6,-6.5,-9,-3.06,-5.46,-11.5,,-7.4,-8,-11,-7.5,-11.1,-8.4,-3.6,,,-8,,-11,-12,-8,-4.8,-9.88,-5.18,-4.7,-7,1.5,-8.03,-7.52,-1,-9,3.73,27,24,9,-3,51,0.5229857222,0.3437266713,
Northwestern,Iowa,2,-1.05,-7.83,-5.28,,-3.58,-2.86,-0.01,-1.02,2,11,-5,-5.5,-1.13,-2.6,-5.16,-0.6,-5.86,-3.38,2.15,-2.8,-9.78,-0.78,0.01,-1.68,3.12,-10,,,-0.78,-0.65,-1.05,2,-1,3,3.06,2.17,4.6,,0.01,0.01,2.4,1.5,1.9,5.59,-0.8,,,-3,,-4,4.2,5,0.01,-0.16,-0.98,0.01,-1.5,3.5,4.61,-4.13,-4.4,-7,3.96,10,17,9,7,27,0.4368703462,0.4853735575,
Notre Dame,USC,3.5,5.22,2.6,4.77,,6.39,8.63,6.33,3.5,11,-6,2,-2.5,5.87,4.29,6.7,4.68,19.7,3.73,8.55,5.97,5.09,3.53,-3.89,9.63,3.01,3,,,4.29,2.82,10.94,4,3.5,3,-8.56,1.48,3.2,,7.5,3,1.5,3.5,11.8,10.23,5.5,,,5,,15,2.3,6,6,3.73,2.22,2.4,3.5,-3.5,4.68,9.43,2.7,4,4.95,14,49,9,35,63,0.5282873291,0.6108195682,
Ohio,Kent,17.5,19.28,12.83,13.28,,23.43,14.59,13.67,17.12,16,8,16,16.5,19.95,13.36,13,15.92,10.51,15.52,17.75,21.18,5.75,18.19,12.48,12.76,11.93,12,,,16,17.59,18.46,18,21,19,14.51,17.75,14.5,,17.2,16,14.2,17.5,15.9,15.8,12.2,,,21,,12,14.1,18,14.2,20.16,19.22,16.6,19,17,16.1,19.43,18.6,20,3.08,3,48,9,45,51,0.4610803009,0.8375764485,
Old Dominion,Western Kentucky,-7.5,-8.07,-7.59,-6.16,,-12.77,-0.69,-15.39,-7.56,-4,-8.5,-6,-9.5,-8.38,-14.25,-4.69,-7.96,-3.92,-2.72,-14.05,-5.98,7.03,-15.04,-6.91,-4.93,-8.71,-2,,,-7.59,-6.88,-5.03,-18,-10,-10,-10.51,-0.72,-9.3,,-10.5,-8,-5.2,-7.5,-14.9,-11.07,-4.7,,,-10,,1,-8.3,-12,-7,-12.95,-8.77,-5.2,-10,-4.5,-15.99,-3.79,-4,-15,4.30,35,31,9,-4,66,0.4888432791,0.3141957027,
Penn St.,Michigan,9.5,10.93,11.15,5.76,,13.06,10.83,13.94,9.33,16,19,10,6,11.63,10.53,7.42,12.28,11.12,12.44,11.65,13,7.78,16.48,8.68,17.2,7.08,14,,,11.65,8.52,16.49,8,12.5,12,3.62,19.75,19.9,,15,8,15.9,9.5,19.5,13.37,14.6,,,10,,23,18.2,20,5.2,15.38,9.13,5.8,9.5,3,16.59,17.54,10,10,4.86,13,42,9,29,55,0.5664907564,0.770245982,
Rutgers,Purdue,-10,-9.96,-9.12,-10.91,,-2.32,-9.66,-13.2,-11.4,-7,-5,-8,-6.5,-9.98,-15.41,-6.93,-9.61,-8.87,-14.91,-18.85,-5.93,-18.78,-15.12,-9.15,-10.95,-14.23,-11,,,-9.66,-8.87,-4.53,-10,-8,-13,0.85,-3.71,-7.4,,-7.6,-7,-5.9,-10,-12.6,-11.22,-11.4,,,-16,,-19,-6.2,-17,-4.4,-12.94,-9.27,-4.8,-9.5,-3.5,-14.25,-11.46,-4.4,-8,4.37,12,14,9,2,26,0.5094482445,0.2797333546,
San Diego St.,Fresno St.,7.5,10.79,7.21,12.9,,8.22,9.98,6.43,10.35,8,16.5,9,14,10.04,17.33,6.62,10.89,4.12,20.05,8.35,8.87,22.19,15.47,13.55,8.98,20.26,12,,,9.98,15.03,6.79,17,11.5,9,30.01,12.05,9.7,,7.3,10,11,8,5,-0.18,9,,,9,,10,9.4,9,4.9,7.29,10.83,12.9,7.5,20,14.5,4.35,7.8,1,5.14,27,3,9,-24,30,0.5805019944,0.7430207718,
South Alabama,Louisiana-Monroe,4.5,6.74,0.72,4.79,,3.21,3.64,6.98,7.9,2,7,3,3,6.55,5.73,2.03,5.67,0.01,-0.2,9.65,5.94,-0.47,4.78,6.24,1.05,11.29,1,,,5.3,6.84,2.09,15,5,12,7.56,4.82,9.2,,4.6,4,9.8,4.5,11.6,6.38,11,,,1,,5,8,9,0.01,7.16,4.82,5.3,4.5,1,12.77,5.94,4.9,-4,3.98,23,33,9,10,56,0.5284966531,0.6355007928,
TCU,Kansas,39,39.49,40.34,36.54,,50.38,39.15,42.34,46.45,41,52,41,40.5,38.54,42.88,19.46,41.03,54.52,,48.45,43.12,39.78,56.37,30.65,49.17,36.86,45,,,41,39.7,39.49,43,38,41,28.89,38.43,44.1,,46.5,43,37,39,44,42.86,50.6,,,40,,55,42.5,49,34.4,30.87,33.72,30.6,39,16.5,43.24,44.91,39.5,36,7.88,0,43,9,43,43,0.5455905839,0.98968889,
Texas,Oklahoma St.,-7,-6.8,-9.31,-6.5,,-2.53,-4.83,-9.63,-7.17,-6,-8,-6,-11.5,-6.7,-9.14,-4.37,-7.24,-6.17,-2.15,-7.65,-6.81,-12.19,-8.95,-5.43,-8.16,-1.55,-8,,,-6.87,-7.06,-4.22,-10,-6,0.01,-7.63,-7.4,-8.5,,-6.5,-6,-6.1,-7,-7.1,-13.98,-3.9,,,-6,,-8,-7.9,-12,-16.1,-16.53,-6.87,-5.3,-7,-10,-8.61,-6.64,-2.5,-14,2.95,13,10,9,-3,23,0.4940704931,0.3269374023,
Texas Tech,Iowa St.,7,2.55,1.2,0.37,,8.53,5.05,1.6,0.2,4,0.01,2,5.5,2.95,5.85,0.4,2.87,-0.79,2.68,1.15,2.68,5.31,-1.22,4.07,1.77,6.34,3,,,2.59,2.59,5.84,7,5,-2,8.64,8.27,-1,,4.3,3,-0.01,6,-2.7,7.05,6.3,,,-1,,9,0.7,-1,2.1,0.45,3.63,8,7,2.5,3.41,-1.05,6.5,3,3.15,31,13,9,-18,44,0.3992914847,0.5703751987,
Texas-San Antonio,Rice,19.5,18.94,17.78,17.3,,32.43,20.39,26.99,16.25,24,21.5,17,13.5,20.06,18.85,13.89,20.11,20.89,15.2,26.45,21.48,-3.91,24.45,10.03,23.66,14.74,20,,,20,15.38,19.64,22,18.5,21,13.07,16.23,21.2,,22.2,21,20.7,19.5,24.2,31.97,26.9,,,16,,25,19.8,27,18.4,13.19,18.22,17.6,20,17,17.93,26.31,20.5,22,4.68,7,20,9,13,27,0.5146999931,0.8878230016,
Toledo,Akron,15,15.57,7.35,9.53,,6.26,12.66,12.15,15.02,10,18,9,15,15.35,15.76,11.25,13.12,3.63,13.42,12.95,14.89,25.47,13.3,11.39,12.58,13.17,10,,,13.17,17.44,13.19,14,14,13,22,12.01,15.4,,10.5,12,12.3,15,12,21.44,15.5,,,15,,11,15,16,9.1,10.48,12.03,13.9,16,15.5,15.07,15.65,15.6,10,3.40,21,48,9,27,69,0.4539028234,0.7905075952,
Tulane,South Florida,-11,-14.17,-7.79,-13.95,,-13.68,-5.73,-12.47,-16.34,-6,-28,-10,-13.5,-13.65,-13.56,-7.66,-12.58,-1.71,-14.53,-11.95,-12.56,-22.38,-10.94,-12.92,-6.62,-13.12,-4,,,-13.12,-15.18,-6.42,-13,-11,-18,-18.95,-9.14,-14.8,,-7.9,-11,-12.5,-11.5,-15.2,-19.35,-13.8,,,-13,,-13,-14.1,-17,-17.8,-13.33,-15.28,-9.5,-11.5,-17.5,-18.14,-10.43,-3.2,-16,4.76,34,28,9,-6,62,0.4620238948,0.2239055681,
UCLA,Oregon,6,-0.55,-2.32,-0.77,,-7.53,-5.6,-0.89,-0.96,4,22,-1,-0.5,-0.51,-0.01,-2.09,0.53,0.53,3.78,-1.85,2.57,-2.81,-0.45,1.54,0.25,-1.81,2,,,0.1,-0.34,1.61,2,6.5,3,4.28,2.98,0.5,,1.4,0.01,2.1,4.5,0.4,-4.79,-2.4,,,6,,-7,0.01,-1,4.2,-2.67,0.12,1.5,6.5,5,3.04,-6.24,3,-6,4.34,14,31,9,17,45,0.3698081123,0.5128450087,
UNLV,Utah St.,3.5,-0.89,-2.76,-3.11,,0.9,3.45,-2.91,-0.82,4,-3,-2,-3,-0.88,-0.97,6.32,0.01,5.16,3.73,-4.95,-1.29,1.59,-6.78,-0.34,10.33,1.19,-3,,,-0.88,-1.03,0.16,-1,2,-7,-2.36,2.32,-2.4,,0.3,-1,0.01,3,-3.1,3.71,-3.2,,,1,,2,-3.1,-6,8.2,-3.16,3.13,5.2,3.5,3.5,1.52,2.55,4.9,-2,3.75,52,28,9,-24,80,0.4152897218,0.5002445761,
Utah,Arizona St.,10,6.14,0.16,9.27,,15.01,1.98,9.46,5.15,6,11.5,4,5.5,6.12,10.14,5.29,7,6.1,5.72,7.95,6.83,5.34,7.82,6.36,4.6,4.76,-1,,,6.14,7.02,3.68,12,7,6,15.18,10.19,4.9,,7,8,7,9.5,6,1.53,4.9,,,5,,4,4.4,14,4.3,11.62,9.22,9.3,10,16,6.14,1.04,10.3,4,3.72,30,10,9,-20,40,0.4270086575,0.6661554919,
Virginia,Boston College,6.5,8.5,7.76,3.72,,23.53,8.67,6.61,12.38,9,14,8,6,7.81,4.09,10.91,7.04,7.49,8.08,4.75,7.64,13.75,14.63,10.7,9.03,7.05,5,,,7,9.53,6.15,7,7,6,-4.1,-5.48,7,,6.6,5,5.6,6.5,5,9.68,12.6,,,4,,3,6.3,4,8.6,4.06,5.42,5.9,7,5,2.45,9.07,7.4,12,4.38,41,10,9,-31,51,0.513079936,0.6654982009,
Virginia Tech,North Carolina,20,17.18,20.25,14.53,,28.51,15.2,19.11,21.15,23,27,20,22.5,16.37,17.92,17.83,18.73,20.41,17.93,18.35,20.5,36.34,24.03,14.94,22.86,12.48,24,,,18.35,17.88,16.28,21,21,17,7.46,17.88,20,,17.4,18,18.7,20,18.3,26.12,20.3,,,13,,26,18.4,17,9.7,18.46,20.23,13.5,21,11,25.65,16.61,21.5,19,4.42,7,59,9,52,66,0.4692860048,0.8721375751,
Washington St.,Colorado,10,10.49,13.87,11.99,,14.42,16.81,17.08,9.97,13,11,14,14.5,10.67,12.48,14.92,12.97,11.62,19.49,20.55,13.29,26.84,21.47,13.72,13.77,12.02,16,,,12,9.98,10.48,11,10.5,12,5.52,11.41,12.6,,10.7,11,9.8,10,11.5,22.5,17.8,,,11,,17,10.7,14,11,8.84,7.63,9.8,10,4,18.66,17.1,10.4,9,3.78,0,28,9,28,28,0.57220879,0.7866340024,
Wisconsin,Maryland,24,22.72,18.43,16.92,,33.56,17.56,22.84,23.67,19,29,26,24,22.64,23.16,15.01,22.62,15.48,21.5,29.25,22.2,25.81,30.09,15.28,17.61,14.77,17,,,22.72,22.45,24.63,29,24,21,26.08,25.02,22.7,,22.2,23,18.8,24,23.3,32.89,23.2,,,18,,20,24,30,24.5,28.45,24.73,17.7,24.5,18.5,27.54,21.2,25,17,4.68,13,38,9,25,51,0.466773916,0.9141464499,
Akron,Buffalo,-1,1.22,6.3,2.79,,5.88,-1.7,9.09,7.3,7,5.5,6,7,-0.19,7.04,3.45,4.09,5.9,12.11,-1.35,3.45,11.44,6.86,12.53,2.73,9.12,8,,,4.25,3.58,1.6,7,2.5,7,11.29,7.97,2.7,-3.15,4.4,7,4.3,0,3.4,-7.61,-4.3,4.94,2.09,2,,3,4.2,3,-0.4,4.54,5.1,3.4,5.5,1,7.81,-3.8,0.8,-1,4.19,20,21,10,1,41,0.6217219647,0.5983588383,
Arizona,Washington St.,-3,-2.89,-4.9,-3.2,,-3.48,-2.27,-2.77,-1.41,1,-12.5,-8,-10,-2.76,-5.02,-2.89,-3.89,-0.6,-2.53,-8.05,-3.46,-9.41,-5.81,-4.61,-0.95,0.87,-4,,,-3.33,-4.75,1.14,-4,-3,-2,-15.48,-9.15,-10.7,-3.21,-0.6,-6,-8.7,-3,-0.6,-0.89,-1.2,8.03,-1.55,-6,,6,-10,-7,6.6,-5.33,-4.91,-2.7,-3,-7,-3.59,-1.6,0.7,-3,4.31,37,58,10,21,95,0.4784248331,0.4065256463,
Arizona St.,USC,-3.5,-3.35,-3.25,-5.48,,-5.19,-1.16,2.1,-2.64,4,-10.5,-4,-6.5,-2.92,-4.7,-3.46,-3.42,1.71,-2.59,1.35,-5.85,-6.63,-5.51,-3.5,0.82,-0.91,-2,,,-3.3,-6.42,-3.53,-4,-3,1,-17.53,-5.52,-4.7,-2.46,-2.7,-7,-5.3,-3.5,8.2,5.73,-2.1,-5.86,-1.23,-5,,6,-5,-2,0.4,-20.58,-11.8,-1.5,-3.5,-16.5,-0.49,0.01,0.7,-4,4.81,48,17,10,-31,65,0.5019241185,0.418322743,
BYU,San Jose St.,9.5,14.4,6.93,14.05,,8.93,11.08,11.62,10.69,9,42,7,7.5,14.98,25.01,4.91,14.9,11.63,9.83,22.75,10.59,-1.38,21.7,5.87,14.06,12.02,12,,,14.41,14.41,15.93,22,15.5,16,27.51,16.42,15.1,17.34,17.4,18,14.8,10.5,11.4,13,20,42.86,16.53,15,,19,15,21,7,19.13,16.69,11.5,12.5,17.5,16.44,12.12,12.5,6,6.33,20,41,10,21,61,0.6239792775,0.8083369916,
Ball St.,Toledo,-25.5,-28.33,-24.45,-22.3,,-14.12,-24.65,-31.03,-29.93,-18,-19,-25,-24.5,-28.43,-28.87,-12.51,-24.82,-19.73,-26.39,-31.75,-20.37,-20.72,-35.06,-17.28,-27.63,-17.48,-26,,,-24.9,-27,-21.71,-22,-23,-25,-17.59,-24.9,-29.3,-35.32,-21.3,-21,-26.8,-25.5,-32.1,-38.45,-24.9,-27.77,-12.73,-27,,-40,-29,-30,-24.5,-14.79,-20.8,-13.8,-25.5,-11.5,-29.31,-33.93,-23.8,-23,6.39,58,17,10,-41,75,0.5158496294,0.0734602798,
Baylor,Texas,-9.5,-17.23,-20.67,-14.32,,-27.25,-15.59,-8.94,-19.55,-16,-13.5,-19,-15.5,-17.37,-7.72,-13.31,-12.66,-9.69,-16.29,-13.55,-8.68,-18.47,-19.24,-6.71,-12.85,-3.79,-17,,,-13.28,-15.08,-13.25,-6,-10.5,-13,4.38,-7.86,-13.7,-17.12,-12.9,-11,-11.7,-10,-9,-18.29,-16.5,-9.62,-20.45,-13,,-22,-12.9,-8,-11.9,-9.44,-12.81,-4.8,-7.5,-0.5,-13.35,-22.58,7.2,-15,6.38,38,7,10,-31,45,0.4267378945,0.2296771385,
Boston College,Florida St.,-5.5,-8.2,3.12,-8.34,,3.91,-4.83,0.76,-2.17,7,-9,1,1,-8.47,-11.21,3.7,-4.16,5.13,8.81,-3.95,-7,2.69,-2.87,-2.36,0.44,-2.49,3,,,-3.42,-11.67,-9.63,-8,-3.5,-2,-18.65,-8.2,-10.5,-0.32,-7,-9,-10.5,-5.5,1.8,-0.24,-2.9,-17.08,1.55,-9,,-1,-11.7,-2,-5.8,-18.58,-6.41,-8.3,-4.5,-7,1.35,-2.88,1.7,1,5.72,3,35,10,32,38,0.5316454086,0.4026413505,
Clemson,Georgia Tech,14,11.98,14.07,12.02,,13.04,9.83,7.52,12.69,14,23.5,17,22,11.57,16.92,9.52,12.8,9.28,16.35,8.55,14.68,13.97,11.4,9.71,17.24,6.64,16,,,13.52,13.54,16.26,16,15.5,6,13.85,6.39,14.7,13.03,16.4,14,13.8,14,4.3,13.82,14.6,5.99,0.54,11,,15,14,13,6,10.2,15.2,10.8,14,15,8.29,13.71,13.5,6,3.85,10,24,10,14,34,0.4707198418,0.7833562795,
Coastal Carolina,Texas St.,10,9.25,2.18,13.85,,4.42,8.74,7.2,6.98,7,23,5,2,9.84,,8.37,9.73,13.45,10.78,8.75,12.55,1.38,6.97,0.21,15.44,2.66,7,,,10.19,7.9,11.98,12,9,9,10.17,-8.45,6.4,16.05,10.8,14,2.4,10,12.5,19.02,,34.25,5.94,15,,13,3.9,17,13.5,12.11,11.69,11.8,8,15,10.21,12.48,8.3,1,5.44,27,7,10,-20,34,0.4935815402,0.7189799152,
Colorado,California,4,-3.29,-1.6,0.82,,4.18,-1.77,-8.79,-7.38,2,7.5,1,0.01,-3.14,4.85,-1.75,-0.47,-3.35,-7.02,-10.05,2.19,-6.28,-5.05,0.15,-2.05,-2.5,-1,,,-0.98,-0.96,2.19,-1,4,-6,14.16,6.35,3.2,-5.55,2.8,3,4.7,3.5,-11.6,-4.74,-3.1,9.17,-1.1,-1,,-3,3.9,-6,0.6,1.97,4.99,2.4,3.5,11,-6.43,-7.37,7.1,-2,5.29,28,44,10,16,72,0.3946836885,0.4887960919,
Colorado St.,Air Force,10,9.95,10.33,6.48,,8.77,8.92,10.42,14.04,12,17.5,14,16,9.15,10.13,10.49,10.35,8.18,19.6,9.85,10.75,18.16,17.3,9.41,10.05,3.8,11,,,10.06,10.73,10.06,9,11.5,12,5.63,7.99,15.6,10.04,9.9,10,14,10,11.6,10.44,2.6,21.87,1.98,5,,10,15.8,13,8.5,10.57,7.69,10.4,10.5,3,10.65,8.67,10,4,3.54,45,28,10,-17,73,0.5085845794,0.7377347813,
Connecticut,Missouri,-14,-6.2,1.57,-4,,1.24,-4.32,-8.16,-0.01,1,2,-4,-1,-7.38,-7.52,2.11,-6.45,2.32,-3.85,-12.75,-6.67,-0.34,-9.06,-1.26,-3.67,-11.25,-4,,,-7.26,-5.02,-10.77,-8,-11,-10,-12.87,-7.51,-8.6,-5.59,-9,-9,-5.3,-13,-9.8,-17.58,-13.8,0.89,0.98,-11,,-5,-9.8,-13,-13.3,-10.38,-6.4,-8.3,-13,3.5,-7.13,-9.44,-10.4,-2,4.90,52,12,10,-40,64,0.6752369815,0.3489289354,
Florida,Georgia,-13.5,-17.99,-19.1,-14.73,,-20.67,-17.45,-15.06,-19.22,-20,0.01,-17,-19,-18.27,-11.24,-13.49,-15.11,-28.8,-17.46,-15.5,-10.2,-19.94,-19.11,-12.43,-22.31,-7.18,-15,,,-15.04,-15.58,-13.64,-7,-14,-12,3.4,-7.87,-13.5,-26.26,-16.1,-12,-13.6,-13.5,-13,-27.09,-23.3,-26.26,-34.96,-13,,-28,-12.3,-17,-14.2,-13.32,-16,-16.7,-13.5,-4,-15.02,-23.61,1.2,-17,6.78,42,7,10,-35,49,0.462845757,0.1907002598,
Fresno St.,UNLV,21.5,20.46,24.53,19.01,,20.78,15.5,19.41,25.19,28,7,23,21.5,20.69,12.86,16.72,19.32,26.72,16.33,23.65,17.05,28.31,22.47,14.11,21.67,13.37,26,,,19.76,16.11,18.94,16,15,23,0.54,13.48,17.4,21.24,20.3,17,12.9,21.5,26.9,33.49,29.7,25.28,5.99,21,,32,16.4,25,14.6,14.04,16.09,14.2,21,2.5,22.12,26.05,20.1,16,6.50,26,16,10,-10,42,0.4494359844,0.8699784294,
Georgia St.,South Alabama,0,-3.97,3.94,-4.85,,1.68,0.01,-4.13,-4.01,3,2,0.25,-3.5,-4.1,-8.04,0.34,-0.66,4.84,10.37,-3.65,-3.02,7.13,0.89,-0.59,8.37,-1.91,2,,,-0.55,-3.24,0.19,-6,-2,-6,1.02,-0.47,-1.1,3.82,0.6,1,-3.5,0,-5.7,4.26,-1.3,9.67,1.66,1,,-5,-0.7,-2,1,-3.85,-0.51,0.2,0,6.5,-2.87,-3.09,1.8,-1,3.81,13,21,10,8,34,0.4838759931,0.4838759931,
Hawaii,San Diego St.,-9.5,-14.18,-19.37,-15.14,,-12.34,-16.97,-10.93,-13.52,-11,-14.5,-16,-18.5,-14.29,-20.98,-9.63,-13.91,-15.04,-13.54,-20.15,-9.25,-22.47,-22.58,-9.83,-19.19,-7.22,-24,,,-14.4,-14.23,-9.24,-18,-9,-13,-15.54,-8.11,-8,-24.82,-15.2,-14,-6.2,-10,-10.5,-15.85,-16,-44.34,-21.79,-15,,-22,-7.1,-13,-1.1,-17.39,-14.8,-8.4,-9,-9,-20.37,-19.75,4.2,-13,5.59,28,7,10,-21,35,0.396653466,0.2042720371,
Idaho,Louisiana-Monroe,2.5,0.39,-4.16,4.43,,0.76,2.77,-0.22,-0.49,-2,8,-3,-2,0.13,3.33,1.4,1.92,-3.67,0.89,1.95,-0.45,4.78,1.81,3.71,-4.79,9.23,-5,,,1.8,2.5,-0.93,9,2.5,5,13.68,4.82,3.3,-11.21,-1.9,1,2.5,2.5,1.8,0.12,4.7,-13.09,-2.17,3,,2,1.8,4,-4.3,15.09,4.1,1.7,3,9.5,6.65,0.01,0.4,-7,4.32,23,31,10,8,54,0.4859386337,0.5464521471,
Illinois,Wisconsin,-27,-30.93,-27.86,-30.08,,-33.07,-27.17,-24.33,-33.95,-19,-30.5,-26,-26,-30.6,-30.31,-12.69,-27.87,-25.69,-26.8,-30.45,-24.71,-42.66,-41.3,-15.24,-28.37,-14.14,-28,,,-28.15,-30.29,-30.04,-25,-26,-28,-26.13,-30.22,-30.8,-37.39,-28.3,-29,-26.5,-27,-27.6,-36.27,-33.3,-54.94,-13.56,-23,,-37,-30.8,-28,-19.2,-33.56,-23.31,-22.2,-26.5,-15,-34.38,-35.47,-25.3,-25,6.00,24,10,10,-14,34,0.4795580401,0.0502765084,
Iowa,Minnesota,7,9.13,9.26,10.24,,6.81,8.85,8.34,9.13,12,11.5,7,7.5,9.16,9.14,8.35,9.45,15.16,10.54,10.95,10.6,18.66,8.13,4.17,12.03,5.16,14,,,9.21,9.1,11.15,10,9,9,5.85,11.67,10,10.49,10.3,9,8.5,7.5,13.8,9.92,13.5,19.79,2.28,7,,13,9.5,11,5.7,6.41,9,12.3,7,2,7.84,11.54,7.3,2,2.56,10,17,10,7,27,0.5605497574,0.7216286659,
Iowa St.,TCU,-7,-5.84,-9.98,-6.82,,-16.16,-1.76,-5.48,-9.52,1,3,-10,-13.5,-4.69,-4.27,-4.52,-5.35,-7.28,0.86,-0.85,-4.03,-6.06,-5.91,-7.21,-2.66,-6.17,-7,,,-5.17,-8.84,-6.25,-5,-7,-4,-10.79,-11.82,-6.1,-5.15,-7.6,-9,-4.1,-7,-3.4,-1.79,-5.2,-22.81,-18.76,-3,,-3,-6.6,-4,-2.2,1.12,-8.8,-7.5,-6.5,-1.5,-3.27,-0.01,-3.9,-11,3.72,7,14,10,7,21,0.5403016827,0.3714130504,
Kansas,Kansas St.,-24.5,-25.2,-11.44,-23.18,,-20.4,-18.74,-22.59,-20.62,-10,-39,-14,-14.5,-26.5,-26.83,-10.29,-22.03,-24.22,-9.44,-29.75,-24.43,-3.41,-32.03,-12.46,-16.11,-20.63,-10,,,-22.99,-22.76,-23.5,-27,-22.5,-26,-25.99,-26.17,-30.5,-27.04,-24.6,-21,-26.4,-24.5,-24,-19.39,-18.1,-14.66,-9.93,-30,,-29,-29.6,-29,-14.6,-20.89,-21.81,-18.1,-24,-11.5,-21.61,-24.45,-22.8,-18,6.63,30,20,10,-10,50,0.5570835667,0.1001695911,
Kentucky,Tennessee,3.5,1.5,6.99,-1.27,,16.83,2.96,-2.68,6.39,8,7,7,7,0.67,-0.46,7.09,3.16,6.62,10.44,-0.55,2.05,5.16,4.74,4.05,6.2,4.22,6,,,2.42,2.47,2.11,-2,4.5,2,-6.79,0.15,7.7,2.36,3.4,3,6.9,3.5,-1.1,5.8,-4.1,-7.35,0.11,2,,-1,6.4,1,5.3,1.04,2.29,1.9,5,0.01,1.02,1.21,5.2,4,4.10,26,29,10,3,55,0.4917272839,0.5764196575,
Marshall,Florida Intl.,17,20.92,14.4,18.07,,16.92,20.51,21.74,16.34,19,14,12,16,22.36,19.57,14.39,16.72,14.22,16.97,20.85,17.1,25.63,19.74,14.41,18.71,14.02,14,,,16.98,17.37,18.65,19,16.5,20,5.55,12.41,14.3,17.05,20,17,14.2,17,20.8,22.5,15.5,19.02,0.64,18,,24,13.2,19,11.6,10.82,15.3,14.8,17,4.5,15.06,24.37,16.6,12,3.97,41,30,10,-11,71,0.4931737542,0.8465652204,
Maryland,Indiana,-6,-2.94,1.21,-2.98,,-4.73,-0.01,-4.13,-1.49,1,-6,2,0.5,-3.51,-6.44,-0.3,-2.29,0.6,-2.15,-7.25,-1.08,-0.09,-3.25,3.88,0.21,-1.4,4,,,-1.64,-1.15,-2.58,-6,-4.5,-2,-1.67,0.49,-1.6,-1.39,0.2,0.01,0.4,-5,-4.3,-8.85,-3.1,-26.91,0.57,-2,,-1,-0.9,-11,-8,-10.03,-4.81,1,-4.5,-2.5,-5.98,-0.16,-0.01,-3,3.11,39,42,10,3,81,0.5906990542,0.4437128051,
Massachusetts,Appalachian St.,-4,-8.71,-18.25,-9.07,,-5.09,-6.8,1.29,-17.94,-4,-11,-16,-21.5,-6.03,-11.09,-12.72,-8.3,-9.16,-12.35,1.55,-4.12,1.34,-8.67,-15.05,-7.84,-11.49,-20,,,-7.95,-15.75,-5.1,-3,0.5,-6,-21.57,-6.32,-4.3,-8.53,-7.9,-10,-3.5,-4.5,1.5,4.66,-1.4,-5.67,-28.56,-6,,-8,-4.6,-5,0.2,-17.88,-12.31,-12.3,-4,-10,-7.09,-4.07,2.5,-14,6.15,27,30,10,3,57,0.4003056812,0.3129549457,
Memphis,Tulane,11,12.72,10.33,7.33,,10.98,7.53,5.96,20.11,13,10,16,18.5,10.58,16.37,11.97,12.21,13.05,17.27,7.75,8.83,26.34,11.97,18.13,13.29,16.18,17,,,11.93,18.59,11.27,12,10,14,21.15,6.76,11.9,12.64,10.3,12,11.5,11,6.9,11.98,11.9,30.15,3.32,9,,15,12.3,11,11.1,6.77,9.29,9.3,11,17,15.29,9.44,10.1,12,3.70,26,56,10,30,82,0.5295872847,0.7730933484,
Michigan,Rutgers,22.5,21.06,15.59,23.04,,16.12,16.86,16.02,22.64,18,24,13,16.5,20.13,30.74,15.88,21.58,18.63,23.87,25.75,20.15,34.34,26.19,21.62,19.42,19.79,20,,,20.45,24.87,19.92,31,21.5,20,37.22,18.02,19.5,19.8,20.8,25,20.2,22.5,14.8,26.21,21.9,22.82,11.63,25,,18,20,25,15.4,29.31,26.19,20.7,24,31,21.56,15.58,24,10,4.80,14,35,10,21,49,0.4778802554,0.9034113057,
Mississippi,Arkansas,2.5,2.2,2.9,5.28,,1.69,3.48,8.08,5.1,7,11,4,4.5,1.92,4.97,6.25,4.35,6.04,7.59,7.25,2.84,8.31,11.53,3.59,4.43,5.92,1,,,4.47,1.16,3.79,5,4,6,2.38,0.52,5.6,-0.34,2.2,5,5.5,2.5,10.4,4.64,-0.3,3.29,0.22,2,,4,6.4,2,5.3,-1.14,2,3.5,3.5,6,9.46,1.91,0.9,3,2.78,38,37,10,-1,75,0.5456951933,0.6063881158,
New Mexico St.,Arkansas St.,-3,-5.73,-4.96,-8.01,,0.57,-0.7,-6.38,-6.3,-2,-10,-3,-4.5,-5.32,-7.16,-2.89,-4.98,-5.24,1.46,-9.95,-1.83,-5.66,-11.63,-2.56,-3.63,-1.78,-4,,,-5.28,-7.43,-1.83,-11,-5.5,-8,-12.62,-0.64,-4.3,-11.56,-6.4,-7,-6.4,-3,-10.4,2.9,7.5,9.96,0.69,-5,,-3,-3.1,-11,-1.1,-8.49,-5.61,0.8,-3,-8.5,-6.59,-5.36,-1.5,-12,4.12,37,21,10,-16,58,0.4519546469,0.3807009807,
North Carolina,Miami (Fla.),-20.5,-18.92,-27.12,-19.64,,-27.13,-15.49,-18.86,-26.15,-18,-16.5,-25,-23,-17.84,-16.75,-11.99,-18.72,-14.03,-20.69,-20.25,-17.11,-37.75,-27.17,-15.57,-24.06,-9.87,-27,,,-18.89,-19.86,-15.94,-16,-20,-17,-1.37,-14.34,-19.6,-20.19,-15.5,-17,-17.9,-20.5,-21.5,-25.77,-21.6,-22.8,-28.72,-13,,-21,-19.1,-16,-22.2,-17.99,-21.3,-11.9,-20,-6,-27.63,-19.9,-18.8,-20,5.37,24,19,10,-5,43,0.542293629,0.1319897322,
North Texas,Old Dominion,11.5,9.22,16.6,2.18,,16.24,11.81,8.25,11.8,15,3,20,15.5,9.24,5.32,10.22,8.78,16.93,13.19,9.95,5.99,3.47,20.17,3.7,14.71,1.9,17,,,9.23,7.04,12.16,6,10,8,-10.1,-2.07,3.9,12.06,11.6,7,2.7,11.5,12.6,14.52,18.5,8.51,17.95,4,,12,3.4,5,13,0.95,5.49,8.4,11,-8,7.66,11.83,11.4,16,6.46,38,45,10,7,83,0.4369550501,0.6957634937,
Northern Ill.,Eastern Mich.,7,9.92,11.05,8.28,,19.18,8.5,9.97,14.93,14,6,9,11.5,8.8,11.01,11.37,9.36,10.2,18.9,9.05,9.93,20.81,16.58,14.3,11.67,9.7,11,,,9.03,11.5,6.41,12,8,9,6.81,0.16,1.6,9.42,9.1,8,1.3,7,8.7,13.95,6.6,5.16,2.12,5,,11,1.1,6,6.8,7.68,7,6.5,7,7,16.1,8.73,7.4,9,4.08,27,30,10,3,57,0.5572424004,0.7160153162,
Northwestern,Michigan St.,-3,-1.63,-6.92,-3.2,,-8.67,-0.01,-1.39,-5.35,1,12.5,-4,-7,-0.98,-0.15,-5.12,0.23,-0.74,-0.23,2.85,2.17,-9.09,-5.63,-5.05,0.33,-0.74,-7,,,-0.48,-2.75,3.89,2,0,0.01,14.09,7.83,9.5,-0.79,3.3,3,7.1,-2.5,1,-2.07,-0.2,3.43,-17.45,-1,,-1,10.4,5,-5.8,-4.1,-1.5,3.6,-2.5,9,3.64,0.6,-4.9,-5,5.20,31,39,10,8,70,0.5766643903,0.5054929417,
Notre Dame,NC St.,6.5,12.78,9.26,9.95,,10.99,12.23,18.25,11.24,12,1.5,10,9.5,13.32,12.58,8.88,10.95,21.21,12.71,18.55,8.91,9.22,10.59,6.27,12.91,7.92,11,,,11,11.21,10.24,16,8.5,9,1.19,6.54,6.3,16.78,14.5,11,4.9,7.5,12.6,11.82,12.7,20.2,25.45,9,,17,5.7,10,11.7,12.05,10.19,11.5,7,8.5,10.41,16.59,7.4,8,3.96,14,35,10,21,49,0.6071897333,0.748350528,
Ohio St.,Penn St.,7,2.58,-2.9,-2.12,,4.48,5.06,2.45,-1.66,3,-9,-6,-4.5,3.41,9.1,-3.49,2.63,-3.94,-5.02,7.45,7.62,-0.31,7.24,-3.38,1.55,0.25,-3,,,3.21,3.02,7.94,8,5,3,6.04,5.68,7.8,1.89,7,4,8.4,6.5,-0.7,14.04,4.8,2.16,-17.93,4,,7,9,9,7.8,-1.28,-0.91,-1.6,6.5,4,-3.47,4.49,5.5,-2,5.01,38,39,10,1,77,0.3964622232,0.5627674866,
Oklahoma,Texas Tech,20.5,15.37,11.11,11.66,,10.48,8.37,13.68,21.57,13,15,18,19.5,13.48,16.24,11.12,16.05,13.26,14.7,11.95,17.38,16.91,15.52,11.96,12.2,11.61,10,,,15.56,19.8,17.04,18,18,19,23.84,19.55,21.5,12.85,17.7,18,19.3,20,18.2,16.26,15.6,2.31,0.65,23,,13,20.3,21,14.7,14.9,18.69,14.5,20,22,20.33,14.02,20.4,5,3.86,27,49,10,22,76,0.3926549734,0.8370726267,
Oregon,Utah,-3,3.09,3.01,2.05,,5.11,7.22,-0.73,1.15,1,-8,4,1.5,3.63,-5.37,4.33,0.78,0.47,1.37,-1.85,-2.58,4.25,-5.93,1.45,2.82,1.49,7,,,1.47,2.11,8.71,-1,-3,-3,-2.79,-1.32,3.9,0.11,3.8,2,1.8,-2.5,-4.4,4.34,5.3,-14.77,-0.15,-1,,-5,5.3,-2,1.9,-3.66,-0.11,2.2,-3,-3.5,-4.81,6.5,-4.9,1,3.80,20,41,10,21,61,0.5915620725,0.5190555128,
Oregon St.,Stanford,-21,-29.02,-25.48,-22.47,,-28.04,-23.56,-24.91,-28.33,-20,-14.5,-27,-26,-29.99,-23.95,-13.39,-24.26,-24.93,-30,-29.05,-25.92,-32.5,-32.44,-11.44,-26.63,-11.44,-27,,,-24.96,-24.54,-27.62,-24,-21.5,-21,-15.75,-23.85,-25.8,-34.19,-27.8,-22,-23.9,-21.5,-25,-28.58,-31.6,-13.82,-13.53,-27,,-34,-25,-25,-15.7,-22.33,-22.31,-19.6,-21,-11,-23.08,-35.35,-19.3,-29,6.07,15,14,10,-1,29,0.4239430925,0.0767262676,
Pittsburgh,Virginia,1.5,5.44,-3.89,4.17,,-8.5,2.49,6.74,3.55,5,-3,-2,-2.5,5.75,6.25,-1.49,4.82,3.62,-0.24,8.85,4.2,-2.25,-2.27,0.01,4.32,5.68,-2,,,5.18,5.26,5.6,10,3,7,22.7,11.87,5.1,3.16,6.1,5,6.9,2.5,14.1,9.75,3.7,-21.59,-0.83,8,,3,6.2,9,1.5,10.92,3.8,8,3,13,5.79,5.92,5.3,-7,5.16,14,31,10,17,45,0.5788235578,0.6136107221,
Purdue,Nebraska,5,5.29,4.96,2.49,,12.6,10.03,10.72,2.99,11,-1,7,2.5,6.82,0.27,6.45,5.61,7.46,8.98,8.65,4.69,7.38,8.08,1.39,11.2,0.65,6,,,6.23,-0.19,3.09,6,5.5,5,-16.3,0.86,7,10.41,9,3,4.3,5,9.1,8.08,10.9,18.4,-0.21,9,,12,5.4,7,6.8,8.73,4.7,5.5,5.5,-5.5,7.29,11.89,5.8,6,5.00,25,24,10,-1,49,0.5146197867,0.6319799684,
Rice,Louisiana Tech,-13,-15.03,-11.77,-14.94,,-15.42,-10.33,-13.34,-11.5,-4,-24,-12,-14.5,-15.87,-20.56,-12.57,-12.63,-7.41,-4.15,-16.05,-13.62,10.84,-15.7,-8.41,-8.56,-10.85,-15,,,-13.17,-13.64,-12.26,-14,-11.5,-14,-15.63,-5.6,-11.3,-14.79,-11.6,-14,-11.4,-13,-14.9,-9.97,-9.6,-24.73,-16.8,-13,,-11,-10.8,-17,-7.2,-12.47,-14.8,-12.1,-13,-17,-13.91,-14.54,-4.7,-16,3.87,42,28,10,-14,70,0.5090327004,0.2197786853,
SMU,Tulsa,9.5,9.13,15.57,4.8,,16.91,11.73,11.75,9.99,15,6,20,17,9.27,-0.13,12.06,8.25,10.01,16.37,8.25,12.44,21.38,12.09,11.05,14.76,3.9,18,,,8.58,7.74,8.1,1,10,7,-10.24,-1.04,5.2,12.75,9.7,8,4.9,9.5,4.2,14.95,12.4,27.22,1.98,3,,9,4.6,3,3.9,-2.46,7.09,6.8,8.5,-6,6.02,13.15,8.9,16,5.99,34,38,10,4,72,0.4706360647,0.6865975855,
South Carolina,Vanderbilt,7,12.56,12.94,8.16,,13.92,12.7,14.92,12.98,15,15.5,12,12.5,12.78,5.63,10.25,11.39,10.1,15.91,13.35,10.61,23.69,18.65,7.99,13.61,5.45,14,,,11.75,11.1,13.83,10,7.5,14,0.84,8.75,9.2,14.67,11.3,9,8.6,8,14.5,21.46,11.5,11.88,2.44,6,,14,8.8,16,9.3,8.11,6.09,9.7,7,5.5,15.68,14.59,7.4,9,3.83,27,34,10,7,61,0.6059667596,0.7572450742,
South Florida,Houston,10.5,9.66,11.37,11.84,,12.54,7.4,14.21,15.7,15,19,13,12,8.78,10.99,16.94,12.35,8.01,17.05,15.15,10.8,20.69,18.2,12.98,11.46,11.45,8,,,11.67,9.19,7.87,11,10,15,6.21,9.93,14.7,6.7,9.7,9,12.7,10.5,18.3,17.85,11.4,29.9,9.49,9,,17,13.5,19,9.7,,10.1,,11,11.5,16.9,12.68,10.5,,3.46,28,24,10,-4,52,0.5453291797,0.7764182857,
Southern Miss.,UAB,12.5,16.28,12.72,12.31,,10.77,12.96,16.16,15.61,12,11,14,14.5,16.55,11.68,11,14.29,12.76,12.17,13.35,14.2,7.38,14.06,12.86,14.18,11.62,16,,,14.18,15.45,11.68,20,14,16,14.73,28.98,15.8,14.41,14.8,14,15.2,12.5,,17.9,22.6,19.81,1.47,16,,15,17.4,16,7.5,7.32,13.29,12.2,13.5,3,19.96,16.17,14,7,3.77,30,12,10,-18,42,0.5436806414,0.8094436235,
Texas A&M,Mississippi St.,-3,-3.9,-1.86,-0.39,,-4.07,-4.5,-0.01,0.35,1,12,-1,2.5,-5.27,2.18,-0.13,-0.71,-3.51,1.46,-1.65,-2.6,-0.22,3.45,2.59,-3.19,2,-2,,,-0.69,0.11,-2.42,4,0,0.01,10.62,1.93,0.5,-5.62,-2.9,0.01,-1.5,-3,0.01,-9.85,-5.6,25.65,-0.04,-4,,-8,1.4,-1,-4.6,-2.37,-1.11,3.8,-1.5,7.5,2.53,-7.09,-5,-5,4.44,35,14,10,-21,49,0.5552493038,0.4828204896,
Troy St.,Georgia Southern,25,21.47,31.46,21.48,,32.88,18.29,22.47,27.59,33,16.5,24,25.5,20.66,11.76,19.4,23.3,29.77,25.11,24.15,20.39,6.38,27.22,20.68,24.77,20.25,34,,,22.73,21.02,21.24,22,24,21,14.36,27.19,24,22.35,21.6,23,22.5,25,28.1,28.23,29.8,12.22,39.47,15,,25,23.8,25,21.4,13.26,26.19,19.5,26,20,26.36,22.96,26,23,4.67,16,38,10,22,54,0.4590893916,0.9204313622,
UTEP,Texas-San Antonio,-15,-19.23,-18.32,-17.54,,-28.41,-14.44,-16.97,-21.01,-11,-10.5,-18,-15.5,-19.23,-19.73,-11.99,-15.61,-18.34,-13.23,-17.15,-14.75,12.53,-21.4,-6.42,-16.04,-10.75,-15,,,-16.02,-17.96,-15.08,-11,-15,-16,-6.9,-12.12,-19.5,-21.51,-15.9,-17,-17.3,-15,-12.8,-22.96,-21.2,-44.22,-18.16,-14,,-19,-18.4,-13,-13,-10.56,-19.8,-15.5,-16.5,-7.5,-12.17,-16.54,-1.3,-26,4.74,31,14,10,-17,45,0.4853138847,0.1730312668,
Utah St.,Boise St.,-9.5,-8.54,-9.75,-8.61,,-4.79,-4.33,-1.28,-11.39,-4,-12.5,-8,-12.5,-7.68,-13.88,-5.59,-7.77,-7.27,-11.66,-4.85,-6.88,-20.19,-9.25,-6.46,-5.58,-12.23,-12,,,-7.74,-10.84,-6.05,-5,-8,-8,-14.47,-8.85,-6.4,-8.11,-3.9,-9,-5.5,-9.5,-2.2,-4.2,-4.3,-18.86,-4.42,-7,,-9,-6.4,-5,-7.8,-7.62,-11.8,-9.6,-8,-13.5,-9.59,-4.88,-2,-6,3.26,41,14,10,-27,55,0.5425093495,0.3157973633,
Virginia Tech,Duke,17,16.9,15.93,16.02,,16.39,12.47,18.1,18.83,22,23,13,16.5,16.73,22.01,12.67,18.22,18.35,16.49,24.45,18.7,28.13,25.31,14.23,20.21,14.07,19,,,18.1,16.2,14.64,23,16.5,19,20.48,22.22,20.2,21.37,15.5,17,18.7,17,17.9,26,11.6,22.01,3.36,13,,22,18.5,22,18.1,15.12,17.19,12.3,15.5,24,22.97,18.8,16,13,4.15,3,24,10,21,27,0.5296334891,0.8665766146,
Wake Forest,Louisville,-1.5,2.62,2.31,-0.95,,3.48,5.49,5.28,0.61,6,0.01,5,1,3.61,-0.23,1.82,1.04,3.34,1,2.95,1.51,2.06,4.43,0.01,5.28,-0.14,6,,,1.36,-0.67,-0.17,2,-2.5,0.01,-12.07,3.73,-3.6,5.94,3.3,1,-3.8,-1,6.5,-4.1,-1,14.27,0.08,-1,,3,-3.4,3,-2.5,4.51,-1.71,1.2,-3,-11,4.57,4.58,-5.9,2,3.98,32,42,10,10,74,0.5616664784,0.5253336145,
Washington,UCLA,17.5,17.02,13,21.75,,24.94,18.35,13.47,13.77,18,5,19,16.5,17.94,19.59,13.12,18.22,15.38,14.55,21.15,19.46,16.47,24.94,9.98,19.28,7.29,10,,,19,15.66,19.61,22,17,15,18.74,17.43,24.7,19.34,19.3,19,21.8,17.5,20.1,24.84,14,27.89,0.62,19,,19,23.7,25,16.5,27.01,19.2,14.7,17.5,20,19.86,22.96,17.5,15,4.47,23,44,10,21,67,0.517412014,0.86538189,
West Va.,Oklahoma St.,-7.5,-11.93,-8.27,-5.8,,-7.98,-9.42,-7.45,-8.32,-3,-3,-9,-9,-12.94,-6.42,-4.8,-8.35,-3.51,-5.38,-12.45,-8.64,-7.97,-9.08,-2.7,-6.67,-0.81,-8,,,-8.26,-9.69,-8.26,-7,-7,-4,-2.34,-9.76,-12,-11.79,-9,-8,-9.7,-7.5,-6.9,-22.02,-20.4,6.99,-8.81,-13,,-14,-11.3,-10,-16.1,-14.01,-7.11,-1.1,-7.5,-0.5,-6.71,-12.74,0.5,-7,4.63,50,39,10,-11,89,0.479500953,0.3067830847,
Western Kentucky,Florida Atlantic,-6.5,-6.65,-7.65,-0.53,,-2.57,-13.22,-3.55,-4.61,-4,16,-4,2.5,-8.61,7.36,-5.18,-2.44,-10.23,2.86,-7.35,-4.34,-8.34,-4.05,12.05,-13.14,11.12,-13,,,-3.77,1.68,-4.87,7,-2,2,31.51,0.81,0.01,-19.59,-4.4,2,-2.3,-6,-10.1,-21.86,-11.9,-4.7,-1.78,-5,,-19,0.6,3,-22,12.76,0.99,0.2,-7,20.5,6.78,-20.7,-9.1,-4,10.48,42,28,10,-14,70,0.5845046198,0.4489680842,
Wyoming,New Mexico,-1.5,4.79,3.5,1.44,,9.18,0.83,4.74,5.94,4,6,4,4,4.62,3.49,3.37,3.33,0.31,11.62,1.85,4.91,7.06,6.06,8.74,0.46,4.62,4,,,4.25,4.79,5.59,5,4,7,4.9,5.18,5.5,-2.25,3.5,3,6.1,-0.5,6,-9.06,-2.3,-21.04,0.48,1,,5,7.2,6,-8.4,-1.96,1.9,4.5,-1.5,3.5,4.58,0.84,-4.4,4,3.82,3,42,10,39,45,0.6163081957,0.5807982191,
Air Force,Army,6,2.59,-1.28,2.65,7.03,3.61,2.71,9.6,3.45,7,3,-0.25,1,2.52,7.77,0.36,4.68,3.13,,7.75,2.34,-0.5,4.14,4.29,6.09,12.67,1,,4,3.61,2.28,1.14,8,7,8,8.41,0.01,1.3,2.46,3.7,6,1.6,6,11.5,2.91,12.9,1.71,-0.18,6,,3,1.4,8,6.7,3,4.65,4.2,6.5,9.5,12.97,1.84,7.3,-1,3.78,21,0,11,-21,21,0.4677637698,0.6128673673,
Alabama,LSU,21,23.78,17.61,21.17,22.85,26.09,23.13,21.08,21.11,21,10,20,22,24.58,23.92,14.39,21.3,25.73,,27.95,24.24,14.94,29.88,14.82,20.57,8.59,20,,18,22,21.33,22.1,25,20,20,6.48,20.3,24.1,26.75,25.6,22,23.5,21,17.6,25.41,23.3,29.39,10.62,20,,27,25.8,26,14.7,23.95,24.66,15.2,21,15.5,16.57,28.51,21.5,15,5.14,10,24,11,14,34,0.5071720128,0.8991063903,
Arizona St.,Colorado,4,5.26,5.52,5.37,6.78,-0.68,7.13,4.37,5.12,7,1.5,5,5,5.5,2.29,2.83,4.68,1.32,,6.35,5.94,10.41,13.18,4.46,6.69,4.86,8,,14,5.26,4.1,5.29,5,5,8,-8.81,-1.63,2.5,3.86,5.5,3,1.7,4,5.9,7.66,8.2,7.59,0.95,6,,14,0.7,5,5.5,4.83,0.76,5.3,3.5,-12.5,9.16,7.07,4.4,-2,4.29,30,41,11,11,71,0.5164919912,0.6120218893,
Arkansas,Coastal Carolina,23.5,29.23,23.38,23.72,16,15.43,22.56,27.44,33.27,21,34,29,28,28.17,,16.94,25.66,16.63,,31.05,25.45,4.75,28.67,24.51,21.29,33.85,29,,7,26.65,32.04,26.16,31,25,34,25.94,35.27,33.8,21.79,26.5,23,33.4,24,25.6,27.17,,14.48,5.38,29,,27,35.4,31,16.5,25.72,26.65,12.2,23.5,2,35.26,27.28,24.5,14,6.81,38,39,11,1,77,0.5497513882,0.9312742684,
Boise St.,Nevada,20,21.96,24.68,19.06,18.25,25.35,17.63,22.82,27.47,27,27,25,26.5,20.88,16.89,17.09,21.77,22.39,,26.25,22.27,29.63,30.76,20.62,16.83,25.11,27,,27,22.39,23.16,18.7,24,22,26,24.63,17.52,22,16.21,21.2,23,19.7,20,23.2,17.15,17.2,6.69,4.11,17,,18,23.4,24,18,9.51,24.65,15.3,22,24.5,26.32,18.6,22.5,18,3.78,14,41,11,27,55,0.5431846746,0.9088979357,
California,Oregon St.,7,18.01,15.37,19.11,15.86,19.99,17.49,11.27,20.61,14,9,17,16.5,18.09,19.77,19.22,14.6,22.71,,15.25,15.66,20.09,17.39,11.28,17.81,10.11,16,,14,15.25,15.47,13.24,14,8,12,5.51,9.97,11.3,18.28,14.6,12,10,8.5,9.6,23.16,16.3,34.92,12.15,14,,22,11.8,11,2.2,21.06,10.15,10.7,7.5,6.5,9.94,21.67,7.6,14,4.74,23,37,11,14,60,0.6768015237,0.8109297618,
Connecticut,South Florida,-23.5,-23.05,-15.3,-21.27,-28.78,-23.69,-21.26,-20.07,-20.28,-15,-26.5,-20,-19.5,-23.92,-22.56,3.96,-21.17,-13.39,,-28.65,-23.28,-26.97,-29.62,-12.93,-20.6,-17.05,-17,,-28,-21.27,-20.79,-19.99,-23,-23,-20,-25.07,-24.56,-24.1,-20.34,-22,-20,-19.9,-23.5,-20,-26.2,-25.5,-13.97,-2.72,-25,,-21,-23.2,-28,-14.8,,-22.35,-14.7,-23.5,-17.5,-22.42,-27.13,-21.7,-25,5.40,37,20,11,-17,57,0.5552545166,0.1033912936,
Eastern Mich.,Ball St.,24,21.53,13.1,16.4,31.28,11.64,23.23,24.54,15.03,21,17,13,10.5,23.73,15,13.19,20.59,10,,32.15,21.1,-2.13,26.18,7.87,24.37,10.51,16,,29,21.2,15.77,19.71,22,24,22,8.84,27.05,28.6,28.9,21.2,18,26.7,24,30.2,26.18,27.6,19.06,1.3,20,,27,29.2,30,22.8,21.49,14.76,12.6,24,13,19.54,29.15,24,9,6.76,14,56,11,42,70,0.4216585021,0.883653363,
Florida Atlantic,Marshall,6.5,4.31,2.94,2.94,0.7,2.17,6.12,11.46,5.57,6,7.5,3,0.5,4.72,1.2,1.89,6.32,2.75,,14.45,8.51,3.41,11.14,0.3,6.51,1.13,7,,10,6.12,1.44,5.37,12,8,5,0.85,8.87,6.9,5.66,7.7,2,7.8,6.5,14,8.31,7.3,10.82,-0.73,10,,10,7.1,12,12.3,10.43,5.26,2.9,7.5,4,9.79,9.82,9.9,1,3.85,25,30,11,5,55,0.4956040196,0.6505849815,
Florida Intl.,Texas-San Antonio,-7,-5.88,2.74,-2.5,-1.28,-5.12,-4.34,-4.95,3.76,2,-4.5,-0.25,1.5,-7.74,-7.31,2.36,-2.41,-11.19,,-3.65,-5.75,8.13,0.84,4.35,2.4,1.94,6,,-9,-3.5,-3.71,-5.87,-4,-3.5,1,-4.77,-3.97,-3.7,-0.48,-4.2,-5,-5.2,-6,1.6,-5.23,-8.8,-14.55,3.97,-4,,5,-3.4,-1,-3.3,-7.27,-4.44,-2.2,-4.5,-3.5,3.97,-2.71,0.5,-6,3.85,7,14,11,7,21,0.6106496183,0.4413501813,
Florida St.,Syracuse,7,6.1,-1.29,4.38,2,-10.02,5.5,-2.12,4.72,1,5.5,-0.25,-1,5.33,11.68,-0.34,4.61,13.62,,2.75,4.59,0.78,0.26,2.66,3.02,6.81,-1,,-2,4.59,11.63,9.55,10,4,0.01,27.5,10.41,6.8,0.16,8.6,10,8.4,6.5,-4.3,3.59,-3.3,-1.98,-1.53,9,,2,7.6,2,4.7,5.45,8.95,6.2,5,16,0.64,2.42,4.9,-8,5.98,24,27,11,3,51,0.4439761474,0.6071004241,
Fresno St.,BYU,10,15.65,20.8,11.59,26.21,23.17,18.53,18.81,17.88,21,2.5,14,16,16.66,8.68,19.25,13.93,9.7,,17.95,14.78,15.44,25.6,12.06,21.12,10.55,21,,15,14.78,9.04,12.83,6,11.5,12,-24.47,5.43,9.9,21.03,16.3,9,7.9,10.5,18.1,23.91,16.4,30.32,12.34,14,,28,8.8,12,12.3,16.38,9.65,6.6,14.5,-2,12.28,23.53,15.4,17,8.47,13,20,11,7,33,0.5864549877,0.7806085282,
Georgia,South Carolina,23.5,21.41,17.77,22.05,30.01,24.64,19.83,23.11,20.53,21,14.5,18,19,21.88,20.57,15.33,22.34,29,,27.95,21.27,18.44,28.02,16.39,24.14,12.63,20,,33,22.05,19.67,19.62,23,23.5,19,14.89,17.24,24,27.22,22.6,21,23.8,23.5,25.9,28.67,30.1,18.72,21.63,21,,29,22.7,25,26.4,26.04,25.66,20.7,24,12.5,18.73,26.29,24.5,14,4.45,10,24,11,14,34,0.4719528571,0.9123024922,
Georgia Southern,Georgia St.,-4,-5.86,-20.25,-8.32,-6.56,-15.92,-5.89,-8.09,-13.87,-7,-5,-13,-11.5,-4.84,-4.44,-13.2,-6.84,-17.27,,-6.65,-2.23,13.84,-15.79,-3.12,-8.48,-3.89,-14,,1,-6.44,-5.03,-3.47,0.01,-3.5,-4,9.59,-6.44,-8,-10.3,-2.3,-4,-5.6,-4,-8.4,-3.89,-4.6,-10.83,-15.24,-3,,-15,-7.4,-8,-7.4,-2.27,-6.05,-1.4,-4,-3,-13.03,-6.74,3.4,-16,5.38,21,17,11,-4,38,0.4327213806,0.3415958069,
Houston,East Carolina,24,21.53,25.33,19.78,29.42,33.19,22.32,22.48,17.15,30,16.5,23,23.5,22.66,22.23,15.23,23.64,31.28,,23.85,21.69,27.56,29.35,15.12,,19.62,22,,44,23,19.29,22.77,24,24.5,23,24.8,26.62,24.1,24.25,27.2,23,21.7,24,20.8,27.17,22.3,24.34,3.3,23,,26,23.7,25,20.8,,25.65,21.9,24.5,17.5,24.93,23.12,24.9,-10,3.82,27,52,11,25,79,0.4912042054,0.92618057,
Indiana,Wisconsin,-10.5,-14.06,-18.83,-14.86,-6.74,-20.89,-10.92,-9.2,-18.46,-8,-14.5,-20,-22,-12.97,-13.37,-9.72,-12.97,-11.61,,-10.85,-10.5,-21.97,-23.66,-12.89,-9.31,-6.14,-16,,-14,-12.96,-16.21,-12.96,-11,-9,-14,-13.91,-15.37,-11.1,-15.06,-11.8,-14,-10,-10.5,-11.2,-10.33,-10.8,-7.92,-13.22,-10,,-14,-13,-9,-16.6,-12.12,-9.35,-10.2,-13.5,-7.5,-14.36,-14.01,-9.3,-17,3.87,45,17,11,-28,62,0.4399228785,0.213665272,
Iowa,Ohio St.,-20,-15.75,-11.14,-11.99,-20.63,-16.63,-12.25,-16.46,-14.55,-11,-14.5,-9,-11.5,-16.03,-17.14,-3.86,-14.77,-1.84,,-20.75,-16.13,-8.22,-29.04,-9.46,-12.21,-5.62,-9,,-11,-15.77,-15.77,-17.84,-16,-17,-16,-7.92,-15.63,-23.2,-19.11,-16.8,-14,-20.2,-19,-14.9,-17.4,-18.2,-25.32,-1.59,-17,,-19,-22.9,-20,-19.7,-14.98,-12.34,-3.6,-18,-10,-17.38,-17.96,-16.2,-15,5.28,24,55,11,31,79,0.6227159053,0.1886527162,
Kansas,Baylor,-7,-8.05,3.82,-8.12,-6.26,3.88,-2.96,-7.79,-3.7,7,-27,2,0.5,-8.86,-14.76,16.82,-7.66,-17.84,,-12.65,-9.39,4.22,-13.08,-2.83,-5.17,-14.95,1,,-14,-8.84,-7.55,-7.73,-12,-9,-9,-18.88,-11.07,-13.3,-11.68,-9.4,-9,-10.8,-7,-7.8,-3.39,-8.8,-9.31,0.82,-14,,-9,-12.3,-14,-1.4,-10.16,-8.84,-12,-7.5,-4.5,-9.27,-3.87,-0.6,-2,7.22,38,9,11,-29,47,0.4849056117,0.3302467302,
Kent,Bowling Green,-2.5,-5.37,4.66,-3.58,6.29,4.24,0.59,4.83,-1.48,13,1,3,2.5,-6.23,-3.41,2.8,-0.15,2.26,,0.85,-1.99,2.38,0.52,4.04,1.35,-0.94,4,,-3,0.12,-4.27,0.48,-8,-2,-3,-0.01,0.13,0.01,-2.46,-3.5,2,1,-2.5,3.8,-2.89,2.5,5.45,-0.29,-8,,-4,0.4,-1,-1.3,-3.29,-1.94,-1.3,-2.5,0.5,3.71,-3.74,,-2,3.88,44,16,11,-28,60,0.5571703211,0.4963383014,
Kentucky,Mississippi,3.5,2.23,11.53,2.16,5.4,14.95,3.44,1.65,7.9,8,1,13,13,1.16,1.35,9.05,5.51,8.18,,0.75,3.75,17.44,7.79,9.78,7.45,3.6,14,,18,4.67,3.95,3.86,-1,4.5,6,1.19,11.02,7,4.67,5,4,6.4,3.5,2,5.61,-4.4,18.58,2.43,2,,5,6.3,4,6.3,4.84,3.85,4.4,3.5,4.5,5.12,4.11,3.8,5,3.94,37,34,11,-3,71,0.5489056916,0.6319026908,
Louisiana Tech,North Texas,3.5,5.81,-2.25,5.1,4.97,3.63,3.44,8.43,1.78,5,8.5,-0.25,0.01,6.38,16.08,2.46,6.37,-3.6,,7.55,10.1,-0.97,0.9,7.23,3.65,10.32,-1,,12,6,6.12,5.06,15,4,6,21.53,6.78,8.7,3.27,7.5,10,8.4,3.5,10.9,4.18,1.4,-2.87,-1.13,7,,4,8.5,14,4,8,5.75,7.9,4,14.5,8.5,2.55,3.8,-2,4.75,24,23,11,-1,47,0.568759071,0.6496791675,
Louisiana-Monroe,Appalachian St.,-8,-9.09,-7.03,-11.02,-8.9,-7.03,-5.65,-8.82,-12.66,-2,-9.5,-9,-10,-7.97,-18.68,-5.52,-9.19,-4.57,,-10.45,-8.81,5.25,-14.17,-8.29,-5.65,-7.6,-6,,-1,-9,-12.15,-7.11,-13,-10,-11,-20.63,-8.05,-12.5,-6.74,-8.3,-10,-9.2,-8,-8.8,-11.35,-9.6,-2.5,-0.03,-9,,-6,-11.8,-13,-1.4,-15.77,-11.84,-10,-9.5,-12.5,-7.45,-9.26,-2,-9,3.61,45,52,11,7,97,0.4708630825,0.2861959872,
Miami (Fla.),Virginia Tech,3,-3.09,3.85,-1.69,0.13,-3.13,0.18,-2.32,4.91,1,-7,2,-1,-4.87,-2.89,2.14,-0.01,2.06,,-3.85,-3.83,3.28,1.3,10.08,1.28,5.59,3,,6,0.13,0.96,1.54,-2,-2,3,4.41,-0.98,0.01,-9.35,-0.9,1,-0.01,2.5,1.5,-3.36,-0.3,-3.58,17.7,-3,,-7,1.1,-1,2.6,-3.98,-0.01,3.3,-2.5,2.5,5.72,-5.76,1.2,-4,3.63,10,28,11,18,38,0.426672145,0.4997549977,
Michigan,Minnesota,15.5,12.56,13.03,15.29,13.96,12.77,10.77,14.77,17.92,14,20,10,11.5,11.12,14.51,11.9,13.35,17.38,,15.65,12.56,23.31,19.42,12.05,12.42,6.56,15,,11,13,15.52,13.75,16,14,16,14.61,9.19,11.8,10.25,12.9,16,11.4,15,11.8,13.7,13.6,2.19,2.92,14,,12,12.1,15,11.8,10.2,16.65,9.5,15.5,13,12.45,11.3,15,5,2.59,10,33,11,23,43,0.4468316564,0.7967303643,
Michigan St.,Penn St.,-10,-14.89,-9.84,-14.42,-20.51,-7.08,-12.13,-14.14,-10.98,-9,-29.5,-10,-10,-16.11,-11.58,-5.23,-14,-0.33,,-16.75,-15.32,-4.72,-16.08,-4.72,-13.91,-2.59,-11,,-14,-14.42,-11.9,-17.78,-14,-9,-13,-16.41,-18.2,-22.2,-21.13,-16.9,-14,-18.9,-10.5,-16,-18.98,-15.2,-18.83,-0.79,-17,,-16,-22.5,-20,-6.4,-17.05,-13.85,-10.5,-9,-14,-17.2,-18.82,-1.6,-14,5.65,24,27,11,3,51,0.4061829387,0.2030397733,
Middle Tenn.,UTEP,17.5,17,18.53,19.1,18.55,19.77,13.92,10.61,21,17,16,18,18,15.91,17.98,19.32,16.75,20.35,,11.75,15.69,-8.75,16.5,7.82,19.58,10.75,18,,16,17.7,19.71,19.05,11,18,16,16.13,11.26,15.7,18.36,17.7,18,13.7,17.5,9.3,18.89,22.1,17.97,22.11,16,,24,15.3,12,21.8,12.43,20.15,20.4,17.5,18.5,14.77,17.53,18.1,13,3.50,3,30,11,27,33,0.4815995463,0.848600126,
Mississippi St.,Massachusetts,33.5,34.46,31.66,31.56,39.26,28.12,29.92,24.6,39.03,26,31.5,31,31.5,33.41,31.15,18.5,30.21,32.83,,29.85,29.42,37.38,31.35,25.11,33.57,28.25,40,,31,31,36.47,32.39,26,28,30,27.4,20.78,28.6,34.06,31.6,30,29.5,33,27.7,44.96,33.9,46,8.19,34,,33,28.5,29,20.6,32.1,27.66,22,28,13.5,30.39,33.63,28.5,20,5.47,23,34,11,11,57,0.4223311867,0.9640011152,
Missouri,Florida,1.5,-5.01,-3.28,-8.05,3.39,-0.22,-2.34,0.01,-6.92,5,-21.5,-3,-2,-4.17,-9.09,-2.24,-2.96,-13.84,,-1.95,-2.23,-13.34,-5.62,-5.71,0.56,-4.88,-2,,-5,-2.34,-7.93,-1.73,-4,1.5,-4,-13.26,-5.47,-6.4,0.19,-0.1,-5,-7.8,0.5,3.4,1.32,0.01,-13.87,-2.81,-1,,5,-6.5,4,7.7,-2.32,-2.94,-1.2,3,-2,-2.46,1.77,7.8,-1,5.36,16,45,11,29,61,0.3950429976,0.4298837436,
NC St.,Clemson,-8,-10.3,-6.65,-13.72,-11.68,-11.3,-5.84,-11.95,-9.36,-3,-16.5,-10,-12,-10.35,-17.69,-4.46,-9.35,-15.89,,-10.05,-7.8,-4.28,-9.47,-4.35,-7.53,-2.16,-6,,-16,-10,-10.76,-7.55,-9,-7,-3,-7.66,-7.32,-7.1,-14.47,-9.3,-10,-5.8,-8,-4.4,-11.03,-10.6,-11.15,-1.2,-10,,-12,-7.7,-5,-6,-16,-12.84,-7.2,-7.5,-11,-11.59,-10.62,-1,-8,3.72,38,31,11,-7,69,0.4670044936,0.2831597175,
Nebraska,Northwestern,-3,-3.84,-3.7,-4.56,-5.9,-6.54,-3.46,-5.65,-6.32,-1,-4.5,-3,-3.5,-3.66,-2.85,-2.27,-3.63,6.93,,-7.55,-0.12,-10.91,-7.8,-1.53,-2.97,-1.26,-2,,-1,-3.5,-2.91,-3.47,-3,1.5,-8,1.43,-6.3,-7.3,-5.88,-3.5,-2,-4.5,-3,-3.5,-2.41,-2.4,-4.95,-2.71,-2,,-7,-6.4,-3,-4.3,-10.11,-2.14,-5.3,1,1,-10,-4.95,5.2,-6,3.07,31,24,11,-7,55,0.4844602562,0.4111854629,
New Mexico,Utah St.,3.5,-4.46,-1.6,-1.51,0.39,-3.05,-1.46,-5.34,-3.51,7,11,-2,-1,-5.15,-1.47,-1.26,0.31,7.21,,-3.35,-1.4,-2.78,0.01,2.07,-0.33,6.88,-2,,1,-1,-1.56,-1.78,0.01,4.5,-2,8.81,5.44,-0.7,-3.78,-2.1,-1,-1.1,3,-3,-5.65,5.7,8.29,-0.24,-1,,-1,-1.6,1,6.2,0.01,2.15,5.7,4,7.5,5.89,-4.88,3.5,-6,4.14,24,10,11,-14,34,0.4229072468,0.5075385703,
Notre Dame,Wake Forest,14.5,18.52,17.68,21.34,20.5,20.41,18.66,16.95,20.48,18,13.5,17,19.5,18.27,19.72,14.71,18.33,23.11,,23.45,17,18.88,23.2,12.87,18.65,10.74,21,,25,18.65,18.34,19.85,19,15,15,10.78,10.21,17.6,19.54,17.5,17,16.4,15.5,21.1,24.63,20.6,18.23,12.65,16,,22,16.5,20,17.8,19.9,19.66,18.3,14,8.5,20.15,23.65,13.1,12,3.60,37,48,11,11,85,0.5930030716,0.8699197147,
Ohio,Miami (Ohio),9,10.53,12.41,6.2,5.91,12.65,7.97,14.6,11.23,13,5.5,13,12.5,10.43,8.74,8.78,10.12,5.67,,13.55,13.41,15.06,17.1,15.75,9.88,5.74,12,,7,10.16,10.45,9.4,13,9.5,14,7,9.84,8.1,8.34,12.6,8,7.5,9,11.1,11.58,8.2,8.85,0.98,8,,11,8.3,12,12.1,8.72,5.96,5.3,9,8.5,15.08,12.02,,13,3.03,28,45,11,17,73,0.5276254692,0.7344064852,
Oklahoma St.,Oklahoma,1.5,1.84,1.97,-0.78,7.4,7.88,3.92,6.44,-0.53,8,7.5,4,3,2.7,-0.01,1.79,3.05,5.5,,5.95,4.96,2.53,6.06,4.84,5.41,2.77,3,,1,3.1,-1.15,-0.14,6,3.5,-3,-0.44,1.95,5.1,3.2,4.2,3,4.6,1.5,4.6,5.03,5.4,0.37,-0.59,-4,,6,4.7,5,1.1,0.58,0.96,-2,2.5,0.5,4.76,2.5,3.1,3,2.91,62,52,11,-10,114,0.5382568153,0.5749488763,
Old Dominion,Charlotte,9.5,12.35,6.87,9.59,6.23,6.44,9.81,6.92,12.36,14,6.5,11,11,11.85,10.56,10.72,10.25,4.23,,10.35,10.23,-0.59,10.25,10.76,7.37,10.13,9,,13,10.35,15.02,7.63,14,8.5,11,19.43,16.76,12.3,7.05,10.4,13,12.8,9.5,7.7,10.92,6.4,-4.65,-1.32,11,,8,12.5,10,3.4,12.52,9.15,8.6,7.5,17,7.89,10.4,7,3,3.18,0,6,11,6,6,0.5184742726,0.7366671994,
Purdue,Illinois,14,17.48,12.69,16.56,26.68,17.45,20.38,15.93,16.94,15,21,12,10,18.47,12.59,13.84,16.2,20.79,,18.35,17.63,21.25,20.4,5.24,20.72,10.2,14,,32,16.3,13.4,15.05,13,14,13,2.44,12.37,17.6,22.99,18.8,15,15.4,14,14.3,26.11,22.2,14.31,1.22,17,,20,16.3,14,11.7,20.51,17.65,11.7,14,2,14.42,23,13.6,10,5.03,10,29,11,19,39,0.5525507654,0.8346733922,
Rutgers,Maryland,-4,-4.01,-4.62,-7.04,-2.86,6.24,-1.22,0.89,-5.58,1,1.5,-7,-4.5,-3.27,-6.67,-5.8,-4.42,-13.65,,-1.55,-1.61,-16.09,-1.96,-10.56,-6.79,-11.18,-7,,-6,-4.62,-6.62,-1.48,-1,0,-5,-7.27,-6.55,-3.2,-5.19,-1.5,-3,-4.5,-4,-4,-3.38,-2.6,-5.31,-3.04,-7,,-5,-3.1,-5,-3.3,-5.33,-6.9,-5,-2.5,-10,-7.08,-4.03,2.1,-3,3.55,24,31,11,7,55,0.4897006312,0.3929186202,
SMU,Central Florida,-15,-13.74,-9.23,-10.3,-21.81,-9.7,-11.99,-10.95,-14.78,-7,-17,-14,-6,-13.91,-14.35,-7.99,-12.5,-6.41,,-15.25,-10.29,-17.84,-17.02,-4.94,-16.08,-8.31,-13,,-19,-12.9,-12.33,-8.93,-10,-12.5,-14,-1.5,-5.48,-13,-18.27,-12.4,-10,-12.9,-15,-15.1,-18.94,-16.9,-8.08,-2.28,-15,,-25,-11.9,-14,-19,-15.36,-9.85,-12,-14.5,-6,-16.97,-19.78,0.7,-15,5.01,31,24,11,-7,55,0.5596915475,0.2263455498,
San Jose St.,San Diego St.,-23.5,-26.62,-29.98,-26.64,-30.54,-28.33,-23.21,-22.66,-25.6,-21,-29,-25,-27.5,-26.97,-29.84,-13.53,-25.41,-31.51,,-31.55,-22.85,-13.63,-36.18,-13.33,-28.14,-15.45,-33,,-34,-25.6,-25.84,-22.37,-24,-24,-23,-19.06,-19.63,-20.7,-35.78,-25.1,-23,-19.3,-23.5,-24.7,-29.66,-29.1,-40.16,-23.66,-29,,-32,-19.3,-25,-28.7,-23.27,-22.85,-16.1,-23.5,-17.5,-30.14,-29.51,-22.3,-25,5.37,52,7,11,-45,59,0.4546304111,0.0647304349,
South Alabama,Louisiana-Lafayette,6,7.69,7.26,2.82,7.63,6.41,9.47,9.94,6.23,8,11,7,6,8.38,2.23,5.45,6.52,-4.49,,9.55,6.81,-1.34,8.19,2.98,9.19,4.17,9,,2,7,5.25,5.03,10,4.5,6,0.85,4.99,7.6,8.23,9.8,7,8.5,6,7.7,11.15,15.6,4.34,0.8,3,,7,7.7,10,5.8,2.63,4.85,7,5.5,-3,7.44,11.1,5.8,5,3.47,19,14,11,-5,33,0.5127647348,0.655883685,
TCU,Texas,6.5,6.52,13.07,5.98,8.07,16.3,7.55,8.27,11.44,11,-2.5,12,14.5,5.3,3.78,10.19,8.18,18.28,,4.45,7.87,13.47,13.51,13.19,10.98,7.6,15,,17,7.87,8.02,7.74,8,8,5,7.38,7.5,5,8.12,8.9,9,3.1,6.5,3,5.81,6,-5.54,1.65,5,,7,5.3,8,9.5,5.21,8.76,8.2,7,5.5,2.46,5.42,8.8,11,3.82,7,24,11,17,31,0.5409756657,0.6918095686,
Temple,Navy,-7,-8.93,-15.09,-5.78,-10.73,-6.72,-9.71,-8.05,-12.04,-8,-9,-11,-11,-8.51,-3.59,-8.54,-8.07,-7.59,,-9.65,-6.63,-23.69,-12.63,-6.36,-11.89,-7.17,-15,,-12,-8,-8.68,-5.72,-6,-8,-10,5.22,-4.85,-6.7,-14.74,-9.6,-6,-6.7,-7,-6.2,-12.22,-13.4,-33.67,-3.78,-7,,-19,-6.4,-1,-8.8,-3.24,-6.45,-6.4,-7.5,7,-6.5,-13.43,-3.4,-13,4.52,26,34,11,8,60,0.4741578234,0.3124591161,
Tennessee,Southern Miss.,6.5,11.05,2.17,15.67,6.36,-8.31,7.58,13.78,13.93,3,17,2,0.5,10.05,12.19,6.23,11.08,4.27,,13.75,12.86,16.41,3.96,11.47,11.93,15.42,5,,1,12,13.94,14.98,14,7.5,18,25.67,14.4,21,12.59,11.6,12,20.4,7,11.7,13.13,7,-2.92,2.79,14,,18,23.3,13,6.5,12.11,11.15,13.3,6.5,7.5,10.37,11.01,5.9,-6,6.16,10,24,11,14,34,0.6060317062,0.7423950431,
Texas A&M,Auburn,-15.5,-12.13,-5.46,-12.04,-17.12,-10.01,-7.32,-12.11,-9.57,-9,-15,-7,-5,-12.88,-11.65,-4.67,-10.71,-11.39,,-9.05,-11.01,-6.88,-11.21,-0.6,-11.86,-0.6,-2,,-19,-11.39,-10.09,-14.02,-10,-14,-5,-2,-8.63,-16.8,-17.52,-12,-10,-15.9,-15,-11.9,-18.22,-13.2,-18.91,-0.29,-10,,-14,-16,-12,-17.2,-16.15,-14.84,-7.5,-15,-1.5,-8.7,-15.06,-8.5,-9,4.58,42,27,11,-15,69,0.6140677484,0.2584044235,
Texas St.,New Mexico St.,-10,-12.81,-8.35,-12.61,-19.25,-6.3,-11.82,-4.35,-7.44,-6,-25,-9,-9,-14.4,-15.86,-6.42,-10.41,-13.17,,-10.25,-12.36,12.22,-8.67,-5.4,-11.45,-7.92,-6,,-8,-11,-9.02,-12.96,-11,-10,-11,0.34,-11.67,-12.8,-15.57,-10,-10,-8.1,-10,-5.9,-17.32,-13,-19.59,-2.27,-17,,-12,-11.9,-13,-4.1,-14.42,-13.34,-4.4,-10,-3.5,-8.28,-14.99,-1.7,-5,4.69,45,35,11,-10,80,0.4901188435,0.2646942719,
Texas Tech,Kansas St.,4,3.06,8.32,1.44,7.64,5.91,6.98,4.07,2.17,7,-2,8,8,3.71,0.32,4.27,3.46,8.23,,4.65,3.33,15.06,1.14,2.66,9.08,3.06,12,,8,3.33,0.8,3.6,2,2.5,1,-9.76,-2.76,-4,6.49,3.5,1,-3.2,4,-0.01,10.17,19.5,26.44,3.43,-2,,7,-3.2,3,1.2,4.82,2.16,1.1,3,-2.5,4.68,5.82,3.6,2,4.78,42,35,11,-7,77,0.4870086771,0.5826550247,
Toledo,Northern Ill.,7.5,7.08,6.88,5.43,7.88,-0.44,6.29,10.03,7.63,9,4.5,6,6.5,6.75,6.98,8.51,7.75,-6.17,,6.55,8.85,14.13,7.67,6.32,6.56,10.62,8,,3,7.63,8.53,10.67,10,10,10,15.94,11.89,13.5,4,9,10,12.9,7.5,9.6,5,7.8,5.96,9.83,7,,3,12.7,13,9,6.58,6.46,7.1,7.5,7.5,11.87,6.79,9.4,5,3.56,17,27,11,10,44,0.5061305419,0.6831036564,
Troy St.,Idaho,18.5,14.63,18.65,10.77,24.81,16.95,11.75,14.48,16.99,19,13.5,16,17,14.32,13.55,12.09,16.37,22.19,,17.55,19.96,13.66,20.94,16.96,21.36,13.29,19,,25,16.95,14.33,18.73,16,18.5,17,11.84,14.76,17.5,18.92,19.8,18,17.5,18.5,15.9,14.35,20.2,3.92,3.67,14,,13,18.6,18,19.7,8.05,15.05,15.4,17.5,11,11.48,14.45,20,13,3.25,21,24,11,3,45,0.4477124049,0.8437999515,
Tulane,Cincinnati,6.5,5.89,7.07,8.26,3.72,10.31,6.25,4.42,5.11,7,1.5,8,7,6.59,6.95,7.88,7.18,16.46,,10.35,9.06,12.19,18.75,4.21,6.4,7.48,7,,16,7,2.85,7.89,9,7,5,2,15.49,8.8,6.49,8.6,6,7.9,6.5,5.4,5.07,5.1,22.44,1.26,7,,7,9.7,6,-1.6,9.84,6.05,5.4,5.5,1.5,7.64,6.36,5.8,6,3.47,17,16,11,-1,33,0.5166890353,0.6706969149,
Tulsa,Memphis,-13.5,-10.11,-14.61,-3.64,-13.32,-11.46,-8.25,-8.69,-16.1,-9,-8,-20,-20.5,-8.63,-6.64,-9.75,-9.18,-12.8,,-11.85,-6.31,-30.25,-21.13,-14.19,-10.93,-8.1,-18,,-14,-8.63,-13.68,-6.95,-1,-12,-12,2.58,-0.16,-7.9,-15.25,-6.2,-6,-6.4,-13,-8.2,-9.19,-7.9,-12.51,-5.15,-5,,-15,-7,-5,-13.6,-2.51,-7.35,-2.9,-11.5,1,-13.18,-11.71,2,-19,5.53,41,14,11,-27,55,0.6013996798,0.2925106955,
UAB,Rice,10,10.44,14.11,11.17,11.94,26.05,9.93,16.65,14.14,16,20,16,17.5,10.37,15.52,18.84,12.24,12.55,,16.85,9.46,-7.72,20.95,13.09,11.25,12.67,13,,22,11.9,7.83,12.05,10,11.5,15,2.99,-5.33,4.9,10.21,11.7,11,5.4,10,19.3,12.74,8,17.62,11.23,6,,10,3.2,16,10.5,9.75,7.46,8.2,10.5,17,15.06,11.68,11.9,18,5.25,21,52,11,31,73,0.5532876933,0.7679346342,
UNLV,Hawaii,9,7.26,7.11,4.94,17.7,8.45,10.56,16.37,10.37,7,-0.5,9,8,7.2,6.76,8.62,9.02,13.85,,15.65,4.85,-2.22,15.98,7.29,15.35,7.94,9,,23,8,5.06,10.07,12,8.5,12,-1.01,3.62,6.1,14.96,10.9,8,6.3,9,16.8,12.93,5.6,-7.13,2.87,9,,13,5.7,9,6.2,3.12,5.65,4.5,7.5,2,12.72,11.35,7.8,4,4.33,23,31,11,8,54,0.5004849343,0.7082272448,
USC,Arizona,7,7.96,7.44,12.97,6.13,6.02,4.85,6.48,9.4,7,12.5,12,12.5,7.08,16.88,7.03,9.9,12.75,,7.75,5.8,11.38,9.45,5.48,8.2,4.61,9,,6,9.26,11.72,9.26,15,10,7,29.19,12.74,13.6,6.03,10.3,14,13.8,7,8.1,7.1,10.5,-2.83,1.23,14,,12,12.9,13,1.1,7.5,13.96,9.4,7.5,15,6.85,6.01,6.5,-1,4.46,35,49,11,14,84,0.5698069108,0.7258890822,
Utah,UCLA,6.5,-0.91,-2.93,3.84,0.77,5.97,0.34,-0.01,-3.61,2,-6,-1,-1.5,-0.55,-1.26,0.37,0.86,4.32,,1.85,1.87,-7.47,0.27,3.32,0.11,1.77,-6,,-1,0.37,-0.28,-3.02,4,4.5,1,9,3.45,-0.7,-2.81,1.2,2,1.1,5,-1.3,1.28,0.1,-9.85,-0.98,-1,,-3,-0.9,6,3,2.62,1.05,3.2,6,6.5,-1.24,-1.36,8.2,-1,3.20,17,48,11,31,65,0.3638083144,0.5211775582,
Vanderbilt,Western Kentucky,12.5,10,5.48,10.31,15.84,-0.01,9.35,8.87,9.62,6,3,6,3.5,10.49,5.72,8.47,8.17,18.7,,5.45,13.39,13.5,0.12,5.69,12.68,12.8,10,,-3,9.3,7.7,12.13,4,11.5,11,-2.76,5.94,11.2,11.23,9.3,11,12.6,12,8.9,9.73,14.6,23.63,1.83,6,,15,13.4,5,8.9,1.63,9.05,10.4,9.5,-8,8.45,10.1,11.4,-4,4.79,17,31,11,14,48,0.3969979962,0.6888878359,
Virginia,Georgia Tech,-7.5,-13.46,-4.18,-15.4,-20.01,-2.04,-11.39,-17.14,-12.18,-4,-6.5,-4,-1.5,-14.17,-12.34,-4.03,-11.75,-2.71,,-19.75,-10.87,-12.88,-15.45,-4.01,-9.09,-6.59,-8,,-10,-12,-10.8,-11.83,-13,-9,-12,-16.93,-22.15,-11.9,-16.34,-10.7,-12,-11.4,-8,-20.2,-15.39,-12.7,-30.65,-1.89,-14,,-13,-13.3,-17,-17.3,-19.43,-10.84,-10.4,-10,-6,-19.25,-14.74,-2.5,-6,5.33,36,40,11,4,76,0.3998252609,0.2414391408,
Washington,Oregon,17,16.16,13.56,19.95,23.03,17.82,14.07,14.3,15.7,18,18,18,16.5,16.41,20.14,12.28,18.56,23.08,,19.25,21.21,18.03,29.82,11.33,18.06,7.17,13,,25,18.6,15.56,17.28,21,16.5,15,19.53,18.19,24,19.29,18.5,18,21.7,17,19.6,19.13,12.7,21.01,1.06,22,,17,22.6,23,18.6,23.25,19.65,13.5,17.5,22,23.54,18.86,21.5,13,3.95,3,38,11,35,41,0.5379885284,0.8717344995,
Washington St.,Stanford,-2,-1.8,0.16,3.97,8.61,8.82,4.42,0.18,-6.11,2,6.5,-0.25,1,-0.99,3.76,5.25,0.37,6.72,,0.65,-3.16,1.16,0.87,3.51,0.42,2.16,1,,2,0.16,-2.18,-5.29,-3,1,-3,-1.05,-2.6,-1.4,-1.47,-3,1,-2.3,-2,-2.8,-0.64,2.5,28.73,-0.18,-3,,-2,-1.4,-4,-5.7,1.37,-0.84,0.01,2.5,2.5,-1.41,0.3,4.5,-2,3.50,21,24,11,3,45,0.5579570167,0.5090794225,
West Va.,Iowa St.,3.5,-5.22,-6.57,-5.19,-6.89,-2.01,-5.46,-3.32,-6.94,-2,7.5,-6,-6,-5.71,5.98,-4.7,-2.23,2.95,,-6.65,-2.02,-8.03,-9.44,0.01,-5,4.95,-7,,-15,-3.32,-1.6,-0.28,5,2,-6,19.19,5.06,-1.2,-7.74,0.8,0.01,0.6,2.5,-8.8,-6.25,-5.8,-9.63,-1.29,-7,,-4,-0.01,-3,-0.2,-1.35,0.76,-0.4,2.5,15,-4.17,-9.45,2,-3,5.81,16,20,11,4,36,0.3673113073,0.447521696,
Western Mich.,Central Mich.,3.5,11.62,8.23,11.08,6.94,8.57,9.78,13.43,10.98,8,15,10,10.5,11.59,17.31,9.35,11.1,19.09,,18.65,11.29,14.66,16.23,10.09,7.48,12.56,10,,17,10.7,12.33,10.08,14,7,6,22.89,10.63,11.4,6.95,9.1,12,8.6,5,10.8,6,6.7,-6,1.46,10,,5,10.7,15,1.5,17.05,10.15,11.6,3.5,13.5,13.46,9.98,4.8,5,3.87,35,28,11,-7,63,0.6790820333,0.7515386325,
Wyoming,Colorado St.,-4.5,-0.18,1.07,0.84,-5.59,2.22,-1.81,5.9,2.78,3,-4,2,-1,-0.6,-2.07,1.94,0.36,-11.63,,5.15,-1.01,0.81,-0.46,4.91,-0.1,3.61,2,,10,-0.34,-0.34,-1.32,2,-2.5,6,-1.65,2.02,-1.9,-2.66,-0.9,-3,-1.2,-3,9,-2.01,-2.7,-6.54,0.55,-2,,2,-0.9,6,-2.1,-7.96,-2.35,-0.8,-3,3.5,4.04,0.52,-0.5,1,3.44,13,16,11,3,29,0.6176045655,0.5088408868,
Air Force,Wyoming,3,-1.44,-3.58,-2.3,-1.81,0.51,1.76,-1.8,-4.44,1,-3,-2,-2.5,-0.91,4.28,-2.37,0.38,10.45,,-1.95,2.18,-6.06,-4.29,-0.59,1.7,-0.26,-1,,,-0.2,-1.79,1.33,3,3,-3,6.52,1.32,-0.7,-1.91,3.4,2,-0.3,2.5,-4,4.82,9.3,4.32,-1.23,2,,1,-2,1,2.3,2.02,2.62,1.5,3,2.5,-0.67,-0.15,1.4,-2,3.16,28,14,12,-14,42,0.4357078894,0.5093646839,
Appalachian St.,Georgia Southern,18.5,18.52,21.54,18.38,16.97,26.14,17.24,15.73,21.07,27,6.5,24,25,18.14,13.35,19.34,19.34,31.35,,17.55,19.09,-9,27.33,15.28,17.17,13.28,21,,,19.34,18.85,20.06,20,17.5,13,19.97,21.78,22.1,18.36,20.2,20,19.1,18.5,17.2,16.05,21.8,44.74,12.35,14,,16,21.7,22,11.3,20.46,25.62,19.7,18,23,15.39,20.73,,21,4.95,6,27,12,21,33,0.5201431501,0.8775849485,
Arizona,Oregon St.,21,22.86,24,21.26,24.06,31.19,24.41,21.58,26.31,22,27,30,26,23.07,17.6,19.4,21.08,27.47,,20.75,20.09,30.75,31.57,18.29,22.8,17.29,25,,,21.35,19.06,21.43,17,22,21,-0.79,13.55,16.8,23.93,21.9,17,15,21,20,21.46,25.4,23.55,13.29,18,,28,16.3,16,16,28.86,20.62,13.8,22,8,22.33,27.05,21.1,24,5.70,28,49,12,21,77,0.5018920739,0.8942977897,
Army,Duke,-4,-1.47,6.15,-4.49,1.32,7.14,0.01,2.06,4.89,9,-10.5,5,7,-2.36,-9.41,2.77,0.78,-0.5,,1.05,-1.47,4.84,9.2,8.19,1.75,2.68,5,,,1.02,-2.17,-2.18,4,-1.5,2,-0.13,11.91,-1.4,-3.38,1.1,0.01,-2.6,-3,5.4,1.25,-6.1,-10.87,0,1,,-12,-3.3,2,5.1,-2.85,-3.18,-2.5,-3,12.5,1.94,-1.91,-4,5,5.25,16,21,12,5,37,0.6125062106,0.5186023697,
Auburn,Georgia,-2,-2.26,-8.73,-4.62,-2.5,-4.73,-3.24,-1.56,-4.42,1,5,-10,-14,-2.26,1.67,-4.88,-2.08,-5.09,,-2.15,-0.54,-3.38,-5.91,-8.94,-1.04,-1.6,-8,,,-1.88,-0.64,0.49,3,-2,-3,9.15,0.29,0.8,-3.29,1.3,1,-1.2,-2,-2.5,-0.26,0.2,-16.66,-21.21,-1,,-4,1,4,-5.5,-4.92,-0.88,-1,-2.5,3.5,3.02,-4.59,-5.4,-6,4.12,17,40,12,23,57,0.4980539734,0.4495384249,
Baylor,Texas Tech,-8.5,-12.31,-17.36,-8.05,-11.51,-18.89,-13.71,-5.94,-10.75,-15,-11.25,-16,-14.5,-13.16,-4.96,-11.15,-9.17,-14.6,,-7.3,-12.84,-20.25,-12.2,-8.79,-10.85,-3.91,-20,,,-10.27,-10.03,-10.44,-6,-7.5,-5,6.15,-4.8,-1.1,-12.27,-9.7,-7,-0.8,-8.5,-0.8,-13.95,-18.4,-13.44,-13.79,-6,,-13,-2.2,-2,-14,-13.2,-10.1,0.01,-7.5,0.5,-3.09,-15.69,-2.4,-14,5.83,38,24,12,-14,62,0.4841980285,0.2938189376,
Boston College,NC St.,-3,-3.29,-0.01,-3.69,-1.29,-2.42,-2.91,4.65,0.95,3,-8.5,0.25,-1.5,-3.47,-5.48,-1.37,-2.26,-7.17,,1.95,-2.08,0.59,-0.7,-3.14,0.67,-3.46,1,,,-2.66,-5.24,-3.19,-2,-3.5,2,-8.52,-0.01,-4.1,-1.16,-0.9,-3,-3.5,-3,4.8,-0.01,-8.1,-2.32,-0.07,-3,,-3,-4,-8,-6.1,-4.01,-3.77,-4.8,-3,-2,0.92,-1.37,0.7,-4,3.13,17,14,12,-3,31,0.5182384209,0.4444600959,
Buffalo,Bowling Green,7.5,8.28,8.95,6.63,14.46,14.66,10.76,7.23,3.36,20,16.5,10,8.5,9.67,9.92,9.73,9.09,13.47,,14.65,11.84,0.03,9.76,2.43,10.39,4.37,10,,,9.73,5.18,11.38,7,11.5,5,-3.77,7.84,7.6,11.65,11.3,6,7.5,7.5,9.8,9.91,16.2,9.35,-0.12,7,,13,6,10,1.9,13.23,7.53,6.5,7.5,3.5,10.04,12.06,,8,4.21,28,38,12,10,66,0.5385628084,0.7100332351,
Central Florida,Connecticut,39,34.18,27.65,30.08,43.43,35.88,34.91,32.85,35.56,35,37.5,39,30.5,34.74,30.37,18.24,33.72,35.1,,38.05,34.44,48.28,45.26,23.38,40.04,24.99,38,,,34.5,30.51,34.9,34,37,31,17.62,27.74,32.9,37.97,36.9,32,31.3,38.5,33.1,45.46,39.7,37.18,3.48,28,,46,31.9,35,41.8,37.58,27.62,27.2,38.5,18,34.56,43.14,41,34,6.64,24,49,12,25,73,0.3794883778,0.9749725503,
Central Mich.,Eastern Mich.,-2,-1.95,3.5,-4.86,0.88,5.01,-1.89,0.75,5.13,6,-7,3,4,-3.58,-1.13,1.69,0.04,-5.43,,-2.65,0.46,5.34,5.55,6.55,2.87,3.71,2,,,0,0.49,-0.17,1,-1,2,3.97,-2.32,-1.4,-1.38,-0.2,0.01,-0.4,-2,-0.7,3.47,-4.3,-17.53,0.6,-4,,-6,-1.4,-2,0.9,-5.06,-1.08,1.5,-2,2.5,2.64,-3.87,,1,3.37,30,42,12,12,72,0.5500177312,0.5009833225,
Charlotte,Middle Tenn.,-13.5,-14.7,-13.42,-12.92,-8.91,-11.01,-8.66,-7.56,-16.77,-13,-9.5,-11,-12,-13.9,-13.73,-9.33,-10.84,-7.41,,-7.85,-11.19,10.5,-12.61,-4.02,-9.29,-4.41,-12,,,-11.01,-17.42,-10.18,-10,-14,-8,-9.52,-7.5,-11.6,-13.2,-10.7,-13,-10.1,-13,-7.8,-18.55,-15,-17.97,-2.33,-12,,-12,-11.2,-6,-13.4,-8.86,-13.88,-10.4,-12,-10.5,-5.11,-12.88,-5.2,-10,3.23,35,21,12,-14,56,0.5652102524,0.2517107838,
Cincinnati,Temple,-3,-2.39,0.01,-6.77,-0.01,-1.15,0.64,0.86,-3.6,3,5,0.25,-0.5,-2.19,-6.66,-0.25,-1.93,-0.28,,-0.95,-1.04,-0.09,-5.49,-1.59,2.52,-0.88,2,,,-1.09,-2.51,-0.66,-4,-2.5,-1,-11.75,-7.33,-1.7,-0.93,0.7,-2,-1.6,-3,-2.2,-0.23,0.01,-2.4,-0.17,-5,,3,-3,-5,-0.9,-3.94,-1.87,-2,-2.5,-12.5,-3.21,0.16,-0.7,-2,3.36,35,24,12,-11,59,0.5262878468,0.452660882,
Clemson,Florida St.,16,18.02,19.15,21.83,22.75,35.45,17.38,19.86,21.45,23,18.5,18,22,17.95,19.69,15.68,19.1,24.51,,21.05,17.9,21.31,31.09,18.35,20.6,15.4,21,,,19.42,15.29,15.11,20,17.5,15,4.53,12.81,15.3,22.89,17.5,17,12.8,16.5,20.8,23.27,24.5,23.79,3.15,14,,23,14.4,24,11.5,23.13,20.12,12.9,16,12,23.23,21.85,15.6,17,5.08,14,31,12,17,45,0.5737729796,0.87408734,
Coastal Carolina,Troy St.,-17,-17.17,-24.64,-17.01,-10.66,-15.82,-11.98,-14.57,-25.19,-16,-10.5,-21,-24,-15.69,,-10.88,-16.58,-12.29,,-15.75,-13.91,0.81,-31.85,-21.23,-12.24,-20.94,-23,,,-15.81,-18.97,-13.01,-16,-17,-17,-12.7,-30.9,-20.8,-12.92,-13.9,-14,-21.2,-17,-12.9,-16.35,,-19.43,-5.99,-15,,-18,-22.2,-12,-8.6,-13.5,-17.88,-7.5,-17,-7.5,-19.38,-14.32,-15.8,-18,5.37,42,17,12,-25,59,0.5099977113,0.1612341155,
Colorado,USC,-14,-12.62,-14.57,-10.47,-10.43,-10.72,-10.78,-15.49,-15.63,-7,-16.5,-13,-15,-12.18,-7.84,-7.29,-11.64,-5.85,,-14.45,-8.69,-24.22,-21.06,-9.46,-10.29,-4.56,-14,,,-11,-13.03,-10.3,-11,-12.5,-11,-5.22,-6.29,-11.7,-13.82,-10.6,-11,-10.5,-14,-16.5,-18.67,-17.3,-8.9,-2.74,-11,,-11,-9.7,-14,,-16.44,-14.87,-7.3,-13,-2,-19.22,-14.53,-4.8,-9,4.05,38,24,12,-14,62,0.5572709903,0.2386963109,
Colorado St.,Boise St.,-6,-7.53,-9.05,-11.19,-7.13,-4.06,-5.87,-6.4,-11.98,-1,-9.5,-7,-8.5,-6.8,-8.9,-5.57,-5.91,6.58,,-8.65,-3.35,-20.53,-10.65,-4.43,-4.1,-5.61,-9,,,-5.61,-7.71,-3.37,-4,-4.5,-11,-2.6,-1.52,-2.6,-6.55,-3.3,-5,-1.7,-6,-11,-8.96,-2.5,-17.88,-2.61,-4,,-13,-2.2,-5,,-5.08,-5.07,0.2,-6,-8.5,-5.34,-7.29,-1.5,-7,3.75,59,52,12,-7,111,0.5022012268,0.3585534694,
East Carolina,Tulane,-5.5,-6.28,-13.24,-4.81,-9.38,-13.88,-6.4,-8.5,-1.39,-9,-2,-8,-6.5,-7.84,-2.38,-4.15,-6.35,-19.49,,-9.35,-6.44,-1.84,-11.56,1.97,-7.01,-0.68,-7,,,-6.4,-2.18,-8.22,-3,-5,-5,1.94,-11.25,-8.6,-13.04,-10.5,-5,-7.2,-5.5,-4.5,-3.68,-2.1,-4.96,-0.33,-3,,-9,-8.2,-6,,-11.61,-6.27,-5,-5,2,-1.28,-9.26,-3.1,-10,4.31,31,24,12,-7,55,0.4793934576,0.3497299646,
Florida Intl.,Old Dominion,9.5,7.3,15.77,6.5,12.11,16.18,7.38,12.37,17.31,16,3,12,12,6.07,4.7,11.39,9.36,6.18,,10.65,6.58,7.16,18.21,12.23,14.21,9.76,18,,,9.83,6.1,7.55,9,8.5,12,-9.9,1.88,9.9,12.95,9.4,6,6.6,9.5,16.9,12.39,11,8.13,3.62,5,,15,8.9,13,11.8,4.78,6.13,5.1,9.5,-8,13.95,8.33,9.9,10,5.59,37,30,12,-7,67,0.4966817399,0.7109288789,
Georgia Tech,Virginia Tech,-3,-3.83,-7.54,-1.32,-1.74,-5.67,-0.48,-1.45,-4.01,-1,-4.5,-7,-8.5,-3.92,-1.71,-2.23,-2.78,0.39,,-2.75,-3.19,-8.34,-4.4,-3.41,-4.62,-2.22,-5,,,-2.95,-3.34,-2.57,-5,-2.5,-2,-0.81,0.44,-4.6,-5.18,-2.1,-1,-4.7,-3,1.1,-4.32,1.4,-0.54,-1.78,-3,,-5,-2.9,-8,3.6,-3.37,-1.87,4,-3,-5.5,0.17,-3.83,0.7,-8,2.69,22,28,12,6,50,0.5054508438,0.4314597245,
Hawaii,Fresno St.,-10,-13.9,-16.86,-14.08,-15.07,-12.9,-12.65,-14.72,-16.13,-7,-15.5,-15,-14,-14.62,-11.15,-9.4,-11.3,-9.84,,-17.35,-11.17,-9.69,-22.66,-9.17,-14.12,-5.63,-17,,,-12.38,-8.67,-10.01,-10,-9,-14,10.97,-4.68,-7,-19.37,-13.8,-11,-4.5,-10,-11.3,-17.31,-12.1,-21.71,-4.11,-10,,-18,-6.3,-14,-7.9,-15.07,-11.88,-2.8,-10,4.5,-12.06,-18.05,3.2,-15,6.16,31,21,12,-10,52,0.4695732264,0.2534750146,
Illinois,Indiana,-9.5,-11.25,-6.75,-12.51,-11.61,-7.94,-8.63,-5.27,-12.27,-3,-7.5,-7,-7,-11.32,-11.39,-6.46,-9.15,-10.34,,-8.15,-10.02,-16.16,-9.91,-0.72,-9.21,-4.22,-7,,,-9.91,-10.12,-10.68,-6,-9,-7,-8.73,-8.65,-13.1,-12.03,-8.7,-10,-10.6,-9.5,-5.6,-10.56,-12.6,-25.16,-1.74,-14,,-13,-11.6,-10,-8.2,-11,-19.88,-7,-8,-4.5,-12.36,-9.91,0.3,-8,3.52,24,14,12,-10,38,0.5085865357,0.2868118342,
Iowa St.,Oklahoma St.,-6.5,-4.1,-1.89,-1.42,1.07,-5.23,0.65,-0.65,-1.65,1,-6.5,0.25,-1.5,-4.06,-3.24,2.7,-3.44,-3.67,,-1.25,-6.65,0.28,2.14,-2.88,0.63,-2.53,1,,,-3.06,-6.22,-4.85,-6,-7,0.01,-18.04,-10.94,-7,-1.83,-5.5,-5,-6.6,-6,3.3,-9.24,-7.5,-5.27,-0.34,-5,,2,-7.4,-4,-6.9,-2.24,-6.88,0.2,-6.5,-11.5,-3.67,0.01,-2,-4,4.13,49,42,12,-7,91,0.5739913446,0.4169466834,
Kansas St.,West Va.,1,1.79,-4.51,-2.16,-2.25,0.54,1.21,-3.18,-2.5,1,-1,-3,-4.5,2.51,-0.01,-0.28,-0.29,-3.08,,-0.75,5.13,-9.19,-3.92,-0.99,-2.15,-0.11,-3,,,-0.33,1.56,4.43,2,2.5,-2,6.2,6.26,2.6,-4.76,2,1,2.6,1,-3.8,-6.7,-8.9,3.75,-1.86,3,,-1,3.1,2,4.3,6.02,-0.37,2.3,2.5,-4,-4.96,0.42,-0.4,-5,3.31,28,23,12,-5,51,0.4682988095,0.4928662393,
LSU,Arkansas,17,15.52,12.85,17.38,18.02,17.27,13.59,22.37,16.14,17,21,14,13.5,15.7,13.14,12.09,17.47,4.35,,24.75,16.07,28.16,27.69,11.13,15.99,11.21,14,,,16.75,14.02,17.17,23,17,21,15.66,19.05,22.5,14.68,16.2,16,19.9,17,28.3,27.53,16.1,20.89,1.51,16,,17,21.2,24,17.6,16.82,15.92,15.3,17,17,25.19,16.68,17.5,10,4.64,10,33,12,23,43,0.5113357488,0.8545879496,
Louisiana Tech,Florida Atlantic,-4.5,-6.03,-9.34,-5.19,-12.6,-6.78,-9,-8.84,-10.1,-7,-17.5,-9,-7.5,-6.38,2.57,-5.07,-5.92,-1.36,,-9.85,-3.79,-16.06,-15.25,-2.48,-9.02,-1.72,-11,,,-5.97,-1.17,-2.56,-2,-4,-4,21.92,-5.55,-5.9,-12.49,-5.6,2,-5.3,-4.5,-8.3,-15.31,-10.3,-16.8,-1.93,-4,,-12,-5,-4,-13.9,-13.2,-2.67,2,-5.5,12.5,-8.2,-14.18,-1.2,-9,6.72,48,23,12,-25,71,0.4671772352,0.3656520462,
Louisville,Virginia,12,9.87,3.34,6.98,11.91,3.38,8.57,8.24,6.4,8,-7.5,7,4.5,10.4,15.28,3.63,9.83,4.61,,10.75,13.57,6.84,5.44,2.61,9.16,0.82,4,,,9.9,10.08,16.1,15,11.5,5,29.1,17.33,12.7,8.23,14.6,14,13,12,9.3,14.03,18.6,2.37,-0.19,14,,10,13.1,11,10.4,9.27,9.92,9.4,11,20.5,5.29,9.98,13.4,1,5.79,21,38,12,17,59,0.4489053087,0.7196395148,
Marshall,Western Kentucky,11.5,10.78,12.61,8.86,20.84,11.71,15.57,8.57,10.1,15,13,11,10.5,11.74,2.11,12.55,9.03,15,,6.85,8.72,16.03,4.86,5.12,16.33,1,16,,,10.1,6.33,10.96,1,12.5,7,-21.86,2.78,4.7,16.5,10.1,8,5,11.5,10.6,19.12,12.8,21.86,2.12,7,,19,3.7,5,20.1,11.73,5.93,6.5,13.5,-13,5.29,16.74,12.8,5,7.52,23,30,12,7,53,0.444088233,0.6963947214,
Maryland,Michigan,-17,-13.02,-10.15,-13.18,-11.46,-17.8,-8.29,-13.24,-14.84,-7,-18,-11,-11.5,-12.62,-17.98,-7.64,-12.15,-4.82,,-17.85,-10.44,-14,-18.6,-10.93,-7.41,-5.73,-9,,,-11.55,-13.72,-10.97,-18,-13.5,-14,-19.45,-8.25,-11.2,-12.62,-10.5,-14,-10.3,-16,-13.3,-19.02,-9.8,-19.28,-1.43,-15,,-7,-11.6,-10,-12,-9.81,-13.87,-8.6,-16.5,-15,-16.14,-10.58,-7.3,-12,4.28,35,10,12,-25,45,0.6159982806,0.2299567563,
Miami (Fla.),Notre Dame,-3.5,-6.43,-2.64,-5.94,-7.2,-5.19,-6.3,-1.21,-1.56,-1,0.5,-1,-8.5,-7.56,-1.77,-0.48,-3.02,-11.78,,-4.75,-4.03,0.84,-1.7,8.58,-2.69,2.15,-5,,,-2.99,-2.99,-3.83,-1,-2.5,0.01,11.83,2.1,1.6,-12.96,-6.2,-3,2.6,-3.5,-4.4,-8.24,-9.7,-9.79,7.11,-3,,-10,3.1,-1,-5.6,-11.1,-2.78,-2.4,-3,14,1.55,-11.78,-6.5,-4,5.37,8,41,12,33,49,0.5114244759,0.4284983474,
Miami (Ohio),Akron,6.5,0.77,-7.36,-2.42,1.4,-0.21,4.22,-4.3,-4.16,1,-6,-4,-5,1.63,3.06,-0.7,0.66,-6.4,,1.25,1.75,-6.63,-8.76,-6.97,0.91,-1.17,-5,,,1,0.26,3.91,1,4,0.01,6.96,0.99,4,1.19,1.2,2,2.9,5.5,0.2,12.71,9.2,7.63,-2.47,1,,1,3.4,1,7.9,4.24,1.33,4.4,6.5,11.5,-4.49,3.18,,-3,4.61,14,24,12,10,38,0.361933292,0.5159244496,
Minnesota,Nebraska,2,2.24,0.01,2.64,1.45,9.28,3.95,2.47,-0.94,4,-2,3,1.5,3.21,3.51,3.1,2.81,3.68,,0.95,3.78,-1.66,-1.5,3.39,4.57,2.33,1,,,3,0.01,3.37,6,2.5,0.01,3.65,2.94,4,3.9,6.3,3,4.2,2,-1,-0.15,2.1,2.36,-0.93,3,,3,4,2,2.6,6.97,2.23,6.9,2.5,4.5,1.34,4.48,2.8,2,2.14,21,54,12,33,75,0.5201655092,0.569629374,
Mississippi,Louisiana-Lafayette,20,18.74,11.15,16.4,18.78,3.59,17.46,15.65,17.58,9,21,17,12.5,19.05,21.27,12.16,17.52,12.57,,22.05,19.53,14.69,13.77,12.66,16.64,18.37,16,,,18.76,18.16,20.54,19,17.5,24,20.44,8.95,23.6,17.16,19.4,20,22.2,20,13.7,22.02,27.5,14.23,2.58,20,,19,25.1,19,21,15.13,19.62,16.4,20,5.5,19.01,19.93,20.5,8,4.73,22,50,12,28,72,0.4404959426,0.8548907561,
Mississippi St.,Alabama,-13.5,-14.24,-10.15,-14.68,-6.4,-10.76,-7.42,-11.11,-12.56,-4,-3,-15,-17.5,-14.21,-18.21,-5.71,-12.89,-8.94,,-15.75,-12.94,-4.72,-20.65,-11.79,-6.85,-3.57,-8,,,-13.47,-15.68,-12.81,-19,-14,-13,-13.44,-14.85,-20.8,-13.41,-13.5,-14,-17.9,-13.5,-11.1,-13.02,-12.2,-14.92,-10.15,-17,,-15,-22.3,-14,-14.7,-14.94,-15.37,-10.3,-14,-15.5,-14.7,-12.51,-5.1,-11,4.46,31,24,12,-7,55,0.514756259,0.2171699305,
Missouri,Tennessee,12.5,3.55,3.63,0.81,12.71,10.93,5.44,9.92,5.27,11,0.5,4,3,3.97,-0.84,3.61,5.49,-9.83,,11.05,4.21,3.84,11.58,0.65,7.4,1.73,3,,,5.2,-0.11,5.13,6,8.5,9,-11.57,-0.18,6.5,7.91,6.2,4,5.1,11.5,14.7,19.23,8.4,-0.15,-0.36,6,,11,5.4,12,16.9,6.25,4.72,-0.3,11,0.01,4.27,10.28,9.6,4,5.74,17,50,12,33,67,0.3389706272,0.627496095,
Navy,SMU,3.5,2.58,-0.94,1.22,1.45,-0.79,1.99,-2.28,1.62,4,-3,2,0.5,2.26,6.38,1.2,3.36,-1.29,,3.15,4.56,-1,3.21,3.69,2.57,8.79,1,,,3.07,5.13,2.79,10,4.5,2,15.53,6.6,4.6,0.16,5.5,4,5.4,3.5,2.1,4.46,5.5,-0.43,-0.37,11,,-2,4.9,7,4.8,-3.78,3.33,4.5,4,11.5,3.77,1.1,3,-4,3.60,40,43,12,3,83,0.4965690426,0.5817630211,
Nevada,San Jose St.,18.5,15.6,10.92,12.82,23.55,14.98,15.69,21.26,12.99,10,21.5,16,13.5,16.63,19.45,18.12,16.69,10.12,,25.45,14.26,-2.34,25.12,4.65,20.7,13.36,14,,,16.42,12.43,14,21,19,20,5.2,16.11,18.4,24.23,18.1,15,17.7,18.5,24.7,22.48,17.9,31.47,18.19,12,,25,16.2,25,19.9,16.83,16.02,11.1,18.5,5.5,20.23,18.34,17.6,10,5.22,14,59,12,45,73,0.456877013,0.8410243281,
North Texas,UTEP,22.5,21.08,28.36,21.04,24.03,27.75,19.46,20.47,27.28,23,28.5,36,31.5,20.17,20.43,19.47,21.59,28.75,,21.35,19.82,-1.06,32.63,14.45,22.88,17.24,30,,,21.22,21.09,20.86,14,21,23,5.43,13.34,16.5,21.83,19.9,18,14.6,22.5,21.4,25.57,23.4,21.37,22.56,19,,24,15.8,16,25.1,21.68,25.13,17.2,22.5,9,26.44,22.43,22.1,27,5.80,10,45,12,35,55,0.4785298728,0.8992791699,
Northern Ill.,Ball St.,31.5,29.63,24.6,23.72,38.95,30.03,29.46,30.17,28.22,29,38,23,22,30.67,26.33,17.06,28.34,20.79,,38.05,31.01,15.5,43.44,19.91,31.35,18.19,26,,,29.3,25.63,24.53,30,29.5,30,12.15,26.09,29.4,35.87,27.8,23,27.1,31.5,31.4,36.39,32.1,37.66,3.74,25,,38,29.3,34,38.4,33.49,25.13,16.5,31.5,16,32.75,35.13,,19,6.73,17,63,12,46,80,0.4272956425,0.9498676662,
Northwestern,Purdue,4,6.25,8.94,7.79,7.34,5.68,4.09,5.16,12.69,11,4.5,7,9,4.48,6.08,6.53,8.11,-5.68,,9.55,5.19,16.75,17.19,11.22,6.01,10.62,9,,,7.64,10.08,8.45,11,6,11,25.36,14.25,10.2,2.69,6.9,9,9.3,4.5,6.3,7.48,4.2,-0.98,2.78,7,,4,10.4,8,2.4,2.23,6.12,11.1,4.5,13.5,18.92,3.45,4.8,2,4.71,13,23,12,10,36,0.5980197156,0.6878643671,
Ohio,Toledo,-4,-5.14,-7.37,-7.37,-4.74,2.83,-0.72,-3.46,-8.96,1,-13.5,-7,-8.5,-4.18,-7.39,-4.4,-4.95,-1.68,,-2.95,-3.5,-18.16,-9.79,-1.91,-3.96,-9.59,-7,,,-4.97,-7.36,-1.7,-4,-6.5,-5,-8.04,-4.25,-6.7,-4.59,-2.4,-5,-5,-4,-5.8,-6.37,-8.6,-1.46,-11.62,-4,,-10,-6.2,-3,4.6,-3.81,-4.97,-2.1,-4,1,-11.3,-1.42,,-4,3.56,10,38,12,28,48,0.4767168034,0.3804606276,
Ohio St.,Michigan St.,16.5,13.05,5.67,8.56,23.17,10.92,15.23,10.17,2.45,12,17,8,5.5,15.41,19.82,4.58,14.13,4.58,,13.45,19.58,4.91,18.03,2.77,13.7,3.88,8,,,14.05,12.01,20.93,18,17,10,25.95,20.45,25.9,16.1,20.7,18,23.8,16.5,3.2,17.9,17.9,22.2,-0.9,17,,14,27.2,21,14.1,12.83,9.83,10.3,16,21,10.89,16.09,17.5,9,6.58,3,48,12,45,51,0.4451471687,0.7945619145,
Oklahoma,TCU,6.5,4.52,1.46,1.77,2.22,-6.95,3.53,2.33,6.1,5,0.01,-2,0.01,3.88,3.24,1.35,4.55,-7.57,,3.95,6.68,3.19,3.18,4.69,3.41,4.2,3,,,4.51,7.11,5.11,8,8,7,14.69,7.59,6.7,1.55,5.3,4,7.2,6.5,3.8,10.13,4.8,-2.79,0.19,6,,1,6.6,9,7,10.68,5.63,4.5,6.5,15,11.17,4.52,3.6,-4,4.12,20,38,12,18,58,0.4526769836,0.6092770002,
Penn St.,Rutgers,31,31.54,23.32,30.45,33.19,27.08,26.46,24.82,26.76,26,43,22,23,32.48,39.66,16.37,30.53,31.26,,35.45,31.04,34.38,37.76,18.45,30.13,19.48,29,,,31.15,31.32,32.29,38,31.5,24,37.33,34.06,34,35.45,32.9,32,31.3,31,29.8,38.2,37,48.34,3.33,31,,35,33,37,26.3,29.9,29.63,26.2,30.5,31,27.56,31.6,31.5,19,5.59,6,35,12,29,41,0.4888603839,0.9651637956,
Pittsburgh,North Carolina,9.5,9.19,11.33,8.64,12.22,15.47,7.69,6.76,12.67,15,8.5,11,11.5,8.56,6.42,11.49,8.94,4.04,,8.35,7.16,19.28,15.68,7.04,10.58,5.24,11,,,8.86,9.57,5.82,10,10.5,10,1.92,5.49,9.1,8.86,8.6,7,9,9.5,10.1,11.42,7.8,17.01,2.49,6,,11,8.3,10,3.2,6.74,9.03,6,9,5,14.84,9.23,,6,3.02,34,31,12,-3,65,0.4861781654,0.7099410654,
Rice,Southern Miss.,-10,-13.81,-14.25,-12.65,-12.98,-21.42,-9.84,-13.62,-9.61,-8,-11,-14,-14.5,-15,-14.7,-13.02,-12,-14.63,,-13.35,-13.31,12.16,-18.98,-6.79,-8.71,-10.18,-14,,,-12.81,-11.1,-11.48,-13,-10.5,-13,-7.22,-9.88,-10,-14.23,-11.8,-12,-9.5,-10,-9.9,-10.95,-17.1,-13.84,-11.4,-13,,-13,-9.8,-13,-6.7,-12.58,-13.88,-8.7,-10,-10.5,-15.66,-14.38,3.2,-17,3.65,43,34,12,-9,77,0.4511415147,0.2306624431,
South Alabama,Arkansas St.,-11,-10.8,-10.35,-15.58,-21.61,-9.75,-7.5,-8.16,-11.6,-13,-22.5,-9,-5.5,-10.99,-13.46,-6.64,-11.62,-18.69,,-13.55,-8.75,-4.34,-18.47,-7.25,-13.76,-4.17,-9,,,-11,-9.24,-12.19,-11,-11.5,-16,-7.39,-6.28,-10,-19.82,-11.1,-11,-7,-11,-15.6,-14.94,-10.9,-10.39,-1.6,-11,,-17,-8.4,-15,-8.8,-17.77,-12.88,-2.9,-11.5,-12.5,-15.68,-13.76,2.7,-14,4.80,19,24,12,5,43,0.4850903439,0.2417748273,
South Carolina,Florida,5.5,8.23,10.62,5.06,10.42,11.59,9.37,12.4,11.42,14,-4.5,9,11,8.14,0.14,9.78,7.4,3.17,,8.15,9.59,18.91,8.78,9.36,11.47,8,12,,,8.07,5.96,6.75,5,7.5,10,-11.28,4.76,5.6,10.65,7.7,4,5.2,5.5,13.9,3.98,7.5,13.87,0.93,1,,13,5.6,13,5.4,6.94,4.22,7.3,7,-0.5,13.41,11.11,7.8,7,4.81,20,28,12,8,48,0.5455999906,0.6722558838,
Stanford,Washington,-6,-6.95,-5.78,-5.65,-10.21,-14.05,-7.34,-6.12,-4.04,-2,-6,-7,-6.5,-7.74,-6.45,-5.09,-6.24,-10.87,,-7.15,-6.51,-3.91,-10.35,-1.94,-5.2,1.02,-5,,,-6.26,-5.89,-4.73,-4,-7,-6,0.96,0.12,-8.7,-9.2,-3.9,-6,-6.1,-6,-8.7,-10.67,-4.7,13.91,-0.31,-7,,-10,-7.5,-5,-6.4,-10.7,-6.77,-2.6,-6,-6.5,-7.01,-11.02,-1.5,-9,3.04,22,30,12,8,52,0.4940766911,0.349729797,
Syracuse,Wake Forest,1,-2.62,-2.3,-0.91,-1.18,2.99,-0.36,-2.51,-3.87,1,3,-2,-2.5,-2.24,-2.41,-0.44,-0.96,-8.9,,-0.55,-0.56,-4.72,-2.99,0.27,-1.44,-4.95,-1,,,-1.23,-3.44,0.65,-1,2,-1,-0.78,-1.31,5.5,-5.92,-1.9,-1,5.9,0.5,-1.3,5.67,5.2,-3.71,-0.56,2,,-1,6.1,-2,-7,-2.48,-1.28,2.2,0,-4.5,-2.02,-2.16,-3.5,-1,3.15,64,43,12,-21,107,0.4518035547,0.4763497291,
Texas,Kansas,33.5,34.75,26.68,30.55,39.27,37.73,29.56,33.71,33.42,30,54,25,25,35.73,36.96,17.74,33.63,38.81,,40.35,35.2,24.53,45.97,18.96,33.28,30.06,29,,,34.25,31.65,33.37,37,33.5,34,25,32.49,39.5,37.82,37.2,33,34.6,33.5,38,40.83,42,28.91,24.19,31,,44,37.7,37,25.6,37.52,28.63,27.4,34,15.5,37.16,36.87,34.5,20,7.04,27,42,12,15,69,0.5029867756,0.9736138267,
Texas A&M,New Mexico,17.5,22.09,15.69,18.21,22.6,16.59,15.37,20.98,23,14,28.5,15,16,21.91,28.96,13.94,19.26,9.99,,23.65,19.37,30.13,24.36,14.3,18.78,14.65,18,,,19.05,22.42,22.04,23,18,24,20.92,14.19,21.3,20.83,19.1,19,20.9,17.5,21,16.71,16.1,29.39,3.45,15,,21,22.7,22,18.7,18.73,19.62,18.9,18,12,21.6,18.64,18.5,12,3.91,14,55,12,41,69,0.5428618564,0.8806002561,
Texas St.,Georgia St.,-6.5,-8.98,-14.88,-10.83,-16.05,-4.56,-7.79,-4.98,-11.08,-2,-10.5,-8,-9,-8.7,-18.76,-7.35,-8.33,-12.34,,-6.05,-7.18,12.81,-15.95,-6.23,-11.65,-8.62,-10,,,-8,-8.79,-7.03,-7,-5.5,-7,-2.42,-7.14,-9,-11.94,-7.2,-8,-6,-6.5,-4.7,-6.97,-2.3,-19.14,-4.35,-8,,-10,-8.3,-12,-2.4,-6.68,-10.88,-4.9,-6,-4.5,-13.65,-7.71,0.3,-8,3.83,33,30,12,-3,63,0.4553861714,0.3049881249,
Texas-San Antonio,UAB,8,7.89,2.74,4.09,4.03,7.52,5.21,3.6,3.57,5,-7,5,0.5,8.43,5.46,4.28,6.68,13.56,,2.75,9.72,4.41,-0.42,2.68,7.9,2.95,4,,,6.32,8.56,8.61,10,7,2,13.58,21.12,14,7.13,8.8,9,14,8,-0.9,9.53,15.8,12.47,-1.38,6,,6,15,5,6.8,7.65,9.13,9.6,8,2.5,1.6,6.64,9.4,1,4.92,24,19,12,-5,43,0.4683476977,0.6561335071,
UCLA,Arizona St.,3,-0.58,-2.98,0.71,0.34,-1.4,-0.01,-5.07,-6.63,1,-6,-1,-2.5,0.22,3.43,-1.05,-0.53,4.79,,-5.05,0.97,-5.56,-6.38,1.15,0.26,0.97,-1,,,-0.3,0.3,4.27,1,0,-8,9.67,1.63,-1.5,-2.03,2.4,1,-0.5,2,-8.6,-4.16,-0.3,-6.19,-0.39,2,,-1,-1,-2,-0.3,-2.16,2.52,1.2,3,10,-4.53,-2.51,1.4,-5,3.68,37,44,12,7,81,0.4142554575,0.4870277079,
UNLV,BYU,3.5,4.28,8.75,1.44,7.81,11.61,7.29,9.74,10.19,4,6,9,9.5,3.72,-3.45,18.3,4.18,7.7,,5.75,0.88,-1.03,13.01,6.56,9.75,6.17,8,,,3.9,2.35,0.73,0.01,4.5,3,-21.5,-0.65,1.8,7.27,3.8,-1,3,3.5,7.6,1.58,-2.6,0.96,10.2,-2,,10,1.1,2,4.7,6.76,2.52,-0.5,5,-0.5,3.42,6.82,1.7,8,5.82,31,21,12,-10,52,0.5160414322,0.5976384881,
Utah,Washington St.,-1,-3.19,-7.19,0.36,-4.92,-7.02,-6.39,-2.09,-3.07,-1,-13.5,-6,-8,-3.39,-1.94,-4.15,-3.28,-5.93,,-2.95,0.13,-10.72,-9.74,-4.68,-1.86,-2.44,-7,,,-3,-2.27,-1.4,2,-1,-2,0.85,-2.9,-6.8,-4.44,-0.4,-3,-3.8,-1,1.1,-5.36,-2.6,8.65,-1.29,-5,,-3,-7,1,,-2.24,-1.08,-0.5,-1,0.01,-7.49,-3.81,5.1,-7,3.37,33,25,12,-8,58,0.4441368258,0.4199165508,
Vanderbilt,Kentucky,1.5,0.4,-2.88,1.06,-0.36,-0.83,0.84,5.34,-2.08,3,-0.5,-2,-2.5,1.05,3.73,-0.56,1,4.95,,3.15,1.18,-5.66,-3.31,1.07,0.47,2.22,-1,,,0.92,-1.26,-0.01,7,3,1,3.35,2.49,-1.8,-3.08,2,2,-1.5,1.5,6.9,-0.97,5.2,1.42,-0.8,1,,-1,-1.7,4,-2.6,1.46,0.42,1.6,2.5,3.5,9.13,0.32,-0.9,-3,2.81,44,21,12,-23,65,0.4876294562,0.524729196,
Western Mich.,Kent,21.5,26.59,19.28,23.68,23.53,26.27,19.47,25.75,22.92,21,24.5,22,19.5,27.53,30.93,15.49,24.14,18.28,,35.65,23.17,4.75,32.85,10.47,22.36,17.25,21,,,24.5,24.85,23.86,33,22,22,30.17,26.72,27.6,25.93,25.9,23,24.5,22,28.4,25.32,20.7,22.32,1.96,25,,25,26.9,31,15,25.59,26.12,20.4,21.5,22,24.44,26.38,,21,4.76,20,48,12,28,68,0.5632815297,0.927383582,
Wisconsin,Iowa,11.5,8.28,8.92,8.75,11.52,18.33,8.72,7.73,8.71,13,12.5,12,12,7.87,9.66,9.55,9.41,5.65,,4.05,13.88,9.94,17.64,13.02,7.57,5.54,7,,,9.6,10.15,11.42,11,13.5,9,11.89,9.95,8.8,4.8,9.7,11,6.9,11,2.5,9.81,6.3,11.93,10.35,6,,4,10,12,9.3,9.67,9.83,6.1,12,10.5,10.99,5.66,12.4,7,3.18,14,38,12,24,52,0.4486390331,0.7194678693,
Akron,Ohio,-13,-11.99,-7.5,-8.94,-9.92,-8.47,-9.42,-12.52,-15.07,-6,-8,-7,-7,-10.96,-9.14,-5.21,-9.81,-7.46,,-14.95,-7.01,-15.6,-4.08,-7.94,-7.02,-0.25,-7,,-14,-9.14,-10.18,-9.73,-7,-10,-17,-3.46,-6.46,-10.9,-12.09,-7,-7,-9,-12.5,-16.1,-22.72,-9.8,1.73,-0.7,-11,,-16,-10.3,-10,-21.5,-10.24,-5.95,-5.6,-13,-11,-12.74,-14.58,-7,-15,4.28,34,37,13,3,71,0.5769244893,0.2753560999,
Arkansas,Mississippi St.,-13,-16.5,-14.22,-17.97,-19.36,-20.52,-15.49,-20.03,-18.2,-10,-28.5,-15,-16,-17.11,-13.68,-8.74,-14.97,-17.08,,-22.75,-13.08,-28.9,-23.69,-5.08,-15.25,-4.22,-14,,-24,-15,-12.04,-14.06,-12,-11.5,-17,5.3,-12.42,-13.5,-20.64,-13.5,-12,-13.5,-13,-20.7,-19.37,-15,-11.67,-2.5,-15,,-24,-12.9,-14,-9.1,-16.85,-13.34,-8,-12.5,-4,-14.98,-21.05,-11.3,-15,5.77,28,21,13,-7,49,0.4535792987,0.1877499125,
Arkansas St.,Texas St.,26,24.17,21.17,24.79,30.11,18.25,21.48,21.39,21.56,26,31,22,20.5,26.07,34.01,15.43,24.52,19.71,,23.95,27.14,-1.15,36.2,18.05,25.71,18.63,20,,22,24.56,23.65,26.42,32,24.5,23,22.79,22.48,26,29.77,27.3,27,23.1,26,23.6,24.56,25.5,45.66,2.91,27,,26,24.2,30,17.7,31.26,26.66,17.1,26.5,21,25.11,26.8,26.5,17,4.33,12,30,13,18,42,0.4641656312,0.9319092761,
Auburn,Louisiana-Monroe,37.5,41.9,30.8,40.91,48.08,34.04,36.16,41.48,44.66,29,51,38,36,40.11,44.07,18.02,39.81,36.16,,47.35,36.65,44.65,46.37,27.51,39.02,34.33,33,,42,40.91,42.37,38.55,44,37,45,39.07,31.85,50.5,41.96,39.4,39,46.6,37.5,41.9,50.92,51.8,37.93,5.47,43,,43,49.5,48,31,40.78,34.66,31.5,36.5,23,44.79,43.44,37,20,7.32,14,42,13,28,56,0.5525676578,0.9886207104,
BYU,Massachusetts,4,5.03,3.72,3.57,1.44,-3.95,0.77,-2.59,5.91,1,-9,4,5,2.76,6.34,2.8,3.23,3.41,,-1.75,2.85,0,-5.94,7.63,3.99,4.15,5,,-6,3.57,9.53,6.68,5,3.5,0.01,30.93,6.26,2.7,0.23,5.9,9,4,4,-2,-3.91,3.5,-5.13,2.73,7,,9,3.3,-1,-2.7,-0.57,5.76,5.1,4,11,0.54,0.3,5.7,-4,5.71,16,10,13,-6,26,0.4817984608,0.5759143779,
Ball St.,Buffalo,-20,-15.95,-12.24,-13.24,-25.9,-10.86,-20.08,-14.17,-12.66,-11,-26,-14,-11.5,-19.73,-11.47,-8.31,-14.6,-11.44,,-24.85,-18.24,10.7,-19.8,1.16,-17.24,-2.56,-13,,-22,-14.45,-11.74,-14.45,-13,-17.5,-15,8.7,-13.43,-18.3,-25.77,-14.5,-8,-17.1,-19.5,-15.9,-23.37,-16.2,-17.41,-1.4,-16,,-23,-16.9,-20,-15.6,-25.04,-10.34,-5.6,-20,-2.5,-13.41,-25.26,-4.8,-15,7.01,40,24,13,-16,64,0.6221768716,0.2000617002,
Baylor,Iowa St.,-8,-18.29,-23.51,-20.72,-21.05,-18.99,-17.45,-13.1,-22.42,-22,-18.5,-20,-22,-17.33,-6.88,-11.1,-14.72,-16.01,,-15.45,-12.86,-34.2,-29.23,-10.73,-17.41,-4.87,-22,,-26,-14.09,-14.09,-11.38,-8,-10,-14,14.78,-4.22,-12.7,-21.87,-12.4,-11,-10.3,-9,-13.8,-11.96,-22.1,-24.46,-15,-11,,-20,-11.6,-14,-11.6,-19.26,-13.85,-4.2,-9.5,3,-15.79,-22.72,-8.3,-18,7.49,23,13,13,-10,36,0.3509122359,0.2008348216,
Boise St.,Air Force,17,18.65,17.81,15.52,21.41,15.46,15.49,16.42,22.83,20,26.5,20,22,16.44,13.59,14.4,16.88,18.19,,18.75,15.21,30.9,19.48,12.07,16.67,15.06,19,,24,16.72,17.9,15.67,17,17.5,21,11.73,11.75,17.3,16.72,15.4,18,15.2,17,20.8,17.32,7.5,4.25,2.86,14,,17,17.1,17,13,11.98,16.15,12,17.5,15.5,19.23,15.93,18,9,3.25,19,44,13,25,63,0.4970457649,0.851217643,
Boston College,Connecticut,21.5,25.61,18.65,26.01,28.59,22.67,25.06,29.2,28.72,22,24.5,16,15.5,25.47,22.58,12.16,23.99,23.04,,33.95,25.28,34.25,38.38,9.87,22.42,19.75,16,,33,25.28,21.69,22.99,28,21,30,18.96,26.04,26.5,26.86,26,23,24.4,21.5,33.1,34.62,26.1,18.09,2.48,22,,29,26.7,26,17.1,27.81,22.5,14.3,21.5,3,26.18,28.4,22,10,6.37,16,39,13,23,55,0.5578712748,0.9196231566,
Bowling Green,Toledo,-18,-16.65,-20.97,-14.92,-17.48,-16.64,-12.51,-14.56,-16.16,-21,-31.5,-23,-23,-16.5,-18.32,-9.94,-17,-9.58,,-16.15,-15.38,-18.05,-30.62,-15.9,-14.05,-13.66,-19,,-19,-16.23,-17.98,-16.52,-12,-17,-15,-15.52,-16.41,-18.2,-17.01,-15.4,-16,-16.1,-18,-11.7,-19.31,-25.5,-35.77,-2.68,-17,,-16,-17.1,-16,-15.1,-15.41,-19.84,-11,-18,-10.5,-21.92,-16.23,-16.8,-22,4.41,66,37,13,-29,103,0.5242007668,0.1510611564,
Colorado St.,San Jose St.,32.5,28.53,27.15,23.7,37.03,32.22,26.54,35.46,26.75,30,41,32,30,30.6,32.14,19.29,30.69,27.49,,42.55,31.02,4.75,44.82,14.56,30.36,27.41,29,,31,31,26.53,28.64,36,32,34,20.24,29.45,35.9,36.68,32.3,28,33.9,32.5,36.7,36.24,34,38.03,13.09,32,,37,35.2,39,22.7,28.84,27.15,22.4,32.5,15.5,37.22,32.04,33,24,6.40,14,42,13,28,56,0.4578930701,0.9635103311,
Duke,Georgia Tech,-7,-9.61,-6.08,-11.25,-13.23,-6.03,-7.65,-6.78,-12.57,-5,-12,-4,-5,-8.08,-7.13,-4.65,-8.47,-8.89,,-10.95,-5.9,-15.85,-13.4,-5.61,-5.96,-5.41,-9,,-10,-8.08,-8.13,-5.24,-5,-5.5,-11,-9.17,-11.81,-7.3,-10.6,-3.9,-8,-5.2,-7,-8.6,-14.83,-9.5,-13.03,-2.03,-7,,-10,-7.3,-9,-20.5,-8.43,-7.35,-7.6,-6.5,-8.5,-14.56,-7.72,-0.5,-6,3.48,20,43,13,23,63,0.4639612671,0.3011082579,
East Carolina,Cincinnati,-3.5,-2.81,-10.36,-2.14,-7.17,-9.43,-3.29,-4.72,-1.47,-8,-1.5,-5,-5.5,-3.91,-1.33,-1.09,-3.84,-1.61,,-3.05,-1.24,9.9,-5.65,1.52,-3.9,-1.36,-6,,-11,-3.9,-2.17,-4.06,1,-3,-4,0.44,-0.84,-4.3,-7.13,-5.4,-4,-3.2,-3.5,-2,-7.52,-4.3,-17.15,-0.25,-2,,-4,-3,-2,-6.6,-7.12,-2.14,-2.3,-3.5,0.5,-5.48,-4.85,-7,-6,2.62,20,48,13,28,68,0.4915701603,0.4056815828,
Florida,UAB,10.5,13.7,5.91,16.35,15.35,-4.54,10.59,8.73,6.22,1,17,6,0.5,16.37,20.91,5.2,13.71,6.33,,12.45,18.01,16.35,11.53,4.63,12.17,16.52,8,,2,14.6,19,18.53,19,10.5,15,38.59,26.3,24.4,13.78,15.9,18,23.8,11,3.1,12.97,18.7,19.77,2.32,18,,16,27.3,12,12.7,18.03,19.16,18.1,10.5,8.5,9.5,14.6,10.9,-7,7.63,7,36,13,29,43,0.5723112778,0.781846446,
Florida Atlantic,Florida Intl.,14.5,16.49,13.66,14.53,26.17,13.91,20.5,21.9,14.08,19,39,16,15,19.44,13.27,10.34,17.09,13.14,,23.65,19.36,23.95,17.17,7.45,18.61,8.2,17,,24,17,13.05,17.39,22,14,16,2.91,15.51,14.2,19.24,20.8,13,15.1,14.5,22.7,18.48,17.9,20.99,0.38,21,,18,13.4,19,20.3,23.99,16.06,12.9,14,6,17.45,24.72,14.1,9,5.65,24,52,13,28,76,0.5610853895,0.8447862504,
Georgia,Kentucky,21.5,22.24,19.27,23.47,29.32,25.08,22.6,19.97,17.81,21,24.5,20,21,25.4,24.98,13.35,22.44,21.85,,24.65,24.74,24.15,37.48,18,24.13,11.2,21,,31,22,20.84,23.29,24,22,16,12.08,17.23,20.7,27.8,23.4,21,20.5,21.5,19.3,33.01,34.4,28.73,3.17,21,,28,19.6,22,17.6,28.39,25.65,16.6,21.5,12.5,22.46,27.82,22,14,6.13,13,42,13,29,55,0.5220259213,0.9063621532,
Georgia Southern,South Alabama,-5,-10.77,-15.64,-11.81,-4.75,-13.22,-7.09,-12.28,-16.23,-12,-1.5,-13,-15.5,-8.73,-4.4,-13.12,-7.83,-10.59,,-10.35,-3.39,13.95,-10.94,-4.29,-4.97,-2.14,-12,,-4,-8.34,-8.18,-4.26,-6,-6,-9,7.11,-8.34,-9.9,-7.6,-4.3,-5,-9.7,-5,-12,-5.69,-8,0.91,-12.96,-3,,-12,-9.1,-10,-1.2,-8.09,-7.84,-1.9,-4.5,-0.5,-11.64,-9.13,0.6,-14,4.76,0,52,13,52,52,0.4322027026,0.318291745,
Idaho,Coastal Carolina,7,12.75,13.31,11.31,5.99,12.6,11.64,13.56,16.19,18,26,15,15.5,11.13,,11.94,12.26,9.51,,12.75,8.35,-2.65,20.5,12.75,6.77,17.19,13,,2,12.75,12.68,11.33,15,9,14,11.35,26.61,13.9,4.84,8.9,8,13.6,8,15.4,11,,-5.24,2.39,13,,14,13.8,14,0.6,13.12,7.56,3.4,8.5,6.5,21.4,12.22,5.5,6,5.05,13,7,13,-6,20,0.6239104503,0.7691316286,
Indiana,Rutgers,10.5,7.67,3.34,9.76,6.22,8.14,5.68,4.58,4.67,7,2,4,5.5,8.74,12.58,5.97,8.17,5.38,,8.95,11.62,11.3,1.68,5.91,7.63,9.48,6,,13,8.45,9.74,9.81,13,11,5,19.44,9.15,8.7,6.65,8.6,10,9,10.5,4.7,12.56,9.8,2.14,-0.03,10,,4,8.3,11,,6.05,12.75,9.8,11,17.5,1.95,4.39,11.3,2,3.64,0,41,13,41,41,0.4431226415,0.6920325555,
Iowa,Purdue,7,11.82,12.42,13.58,8.04,7.81,6.44,7.59,15.25,11,3.5,9,11.5,9.26,13.58,8.64,11.19,11.24,,12.85,8.6,16.65,14.19,10.79,9.94,9.71,14,,13,11.82,12.37,11.92,16,8.5,14,25.8,16.18,12.2,9.17,11.3,12,12.9,8,14.5,6.69,7.6,9.96,2.27,5,,13,13,13,5.9,4.77,8.75,13.4,7.5,13,13.9,9.81,7,5,3.64,24,15,13,-9,39,0.6015075022,0.7539668314,
Kansas,Oklahoma,-37.5,-41.02,-37,-35.69,-38.54,-36.61,-30.57,-36.8,-48.17,-29,-50,-41,-40.5,-37.48,-37.78,-12.79,-37.35,-36.76,,-40.15,-36.12,-33.6,-52.43,-26.12,-33.9,-29.85,-36,,-50,-37.44,-40,-35.7,-37,-35,-38,-33.08,-36.57,-42.2,-41.17,-37.4,-35,-35.4,-37.5,-37.6,-41.12,-41.2,-46,-26.84,-40,,-41,-40,-41,,-40.27,-29.85,-28.9,-37,-23,-47.88,-38.15,-35.8,-34,6.62,41,3,13,-38,44,0.5034788331,0.0149526363,
Kent,Central Mich.,-17.5,-17.87,-14.51,-17.84,-19.63,-18.49,-11.46,-18.3,-20.61,-14,-18,-14,-14,-17.31,-16.99,-8.59,-16.31,-14.32,,-22.45,-16.24,2.45,-25.37,-5.83,-15.33,-8.37,-13,,-20,-16.99,-15.18,-14.44,-16,-17,-24,-3.78,-17.33,-19,-20.48,-13.6,-11,-17.4,-17.5,-26.5,-22.62,-13.4,-24.33,-2.09,-18,,-22,-18.5,-22,-14.4,-12.52,-14.85,-9.9,-17.5,-7,-23.53,-17.81,-16.3,-18,4.91,42,23,13,-19,65,0.5285469046,0.1631526304,
Louisiana-Lafayette,New Mexico St.,-5,-0.51,-0.39,0.72,-2.22,-5.1,-2,-1.34,1.85,1,-10.5,-1,1.5,-3.11,-1.24,2.18,-1.22,2.25,,-3.45,-4.31,6.7,4.06,1.73,-2.3,3.45,1,,-2,-1.73,2.47,-3.75,1,-4,-2,11.39,-1.73,-2.7,-5.71,-1.9,-1,0.6,-4,-2.3,-6.98,-10.4,-0.24,0.42,-3,,-3,-2.4,-2,-3.5,-5.05,-0.94,1.8,-4.5,5,2.89,-4.98,-4.8,-5,3.75,34,47,13,13,81,0.5916336659,0.4701879465,
Louisville,Syracuse,13,7.61,6.23,5.44,5.91,7.11,4.46,7.46,9.39,8,0.5,9,7,5.42,11.14,6.82,7.52,6.95,,7.95,7.96,10.4,3.32,7.68,6.18,10.51,4,,3,7,9.97,8.58,10,13,7,23.35,7.21,6.7,5.43,9,10,6.8,11.5,6.3,6.21,-2.2,-1.26,0.82,7,,9,6.2,7,12.4,3.05,9.45,4.3,13,23.5,7.16,5.4,10.3,3,4.14,10,56,13,46,66,0.3691715297,0.6766682235,
Memphis,SMU,11.5,10.09,7.8,5.54,9.78,7.83,6.04,9.6,13.69,13,22,14,10,7.23,12.92,9.3,10.91,10.19,,14.35,10.9,18.25,18.38,11.03,8.78,12.2,10,,7,10.83,12.33,10.83,14,11.5,15,18.15,11.63,13.4,8.65,8.8,9,12.2,11.5,15.9,11.33,3.8,7.53,2.58,9,,9,13.2,15,12.6,1.57,6.85,5.6,12.5,14.5,18.35,6.62,12.1,7,4.19,45,66,13,21,111,0.4856664834,0.746821634,
Miami (Fla.),Virginia,19.5,25.26,24.29,26.03,24.95,19.3,22.4,31.3,33.42,21,23,23,21,22.48,24.51,15.06,24.9,19.97,,32.95,20.64,31.75,26.24,22.72,25.44,12.95,26,,37,24.65,23.98,24.2,28,17,25,29.14,28.27,26.8,21.89,22.8,23,26.4,20.5,33.3,27.08,18.7,32.78,13.63,24,,23,27.4,28,30.9,25.86,24.65,19.4,19,21,34.4,25.61,20,15,4.43,28,44,13,16,72,0.6284078102,0.9345779176,
Miami (Ohio),Eastern Mich.,3,0.01,0.38,-2.3,-3.6,3.34,0.99,0.31,4.5,1,-6.5,0.25,1.5,-2.89,-2.54,3.77,-1.04,-0.01,,-3.45,-0.83,-0.5,-8.48,0.74,-0.55,1.58,1,,-5,-0.68,0.19,0.01,-1,2.5,-2,4.21,-5.21,-3.9,-3.58,-2,-1,-2.7,2,-3.3,-0.68,-6.3,-1.77,-0.18,-3,,-6,-4.6,-6,3.7,0.96,-0.15,1.8,3,4,-0.01,-2.43,5.1,-2,3.16,27,24,13,-3,51,0.401447686,0.4743840273,
Michigan St.,Maryland,15.5,14.58,15.01,15.44,16.65,23.03,11.98,13.47,16.28,17,17,15,16,13.41,15,11.84,14.38,14.44,,17.15,10.95,25.25,23.94,18.15,13.92,16.08,16,,19,14.44,14.91,11.67,19,17,14,6.66,11.45,11.4,13.74,12.4,13,9.2,15.5,17.8,19.63,14.1,11.3,2.19,11,,16,9.6,13,10.7,11.65,13.15,9.3,16,3.5,20.56,12.99,16.4,7,3.73,7,17,13,10,24,0.4726222034,0.8110577947,
Mississippi,Texas A&M,-1.5,-3.57,-3.42,-0.99,-4.5,-6,-2.09,-2.95,-1.64,1,-5.5,-3,-4.5,-4.45,-6.01,-0.51,-3.09,-0.53,,-6.45,-2.49,-9.65,-8.14,-0.71,-2.75,-0.39,-4,,-6,-3,-4.45,-1.84,-3,2.5,-4,-2.93,-6.18,-1.3,-7.31,-2.9,-2,-0.4,-1.5,-0.4,-4.04,-7.7,-4.65,-1.23,-5,,-7,-1,-4,-1.4,-3.58,-0.94,-1.2,2.5,-5,-0.48,-5.3,6.2,-4,2.63,31,24,13,-7,55,0.4606418463,0.4238553245,
New Mexico,UNLV,1.5,-1.77,0.5,-0.42,-4,-4.32,-2.09,-0.47,-1.7,9,3,-0.25,-1,-2.48,-3.73,-0.53,0.99,2.83,,-0.01,0.57,6.7,-2.63,4.86,-2.02,8.79,1,,-5,0.16,-0.01,0.16,2,2,2,14.67,3.6,2.4,-4.29,0.7,3,0.01,1.5,-0.2,-1.38,13.5,-9.07,-0.3,1,,1,1.8,1,3.1,-2.74,0.75,3.5,2.5,6.5,4.84,-3.31,-1,-6,4.01,38,35,13,-3,73,0.4875746748,0.5241089565,
North Texas,Army,2.5,-7.34,-2,-7.28,-6.31,-3.32,-4.53,-7.97,-8.67,1,-2,-4,-0.5,-7.06,-8.01,-2.18,-5.46,-2.76,,-7.25,-6.18,-12.5,-6.79,-4.4,-3.4,-6.77,1,,-11,-6.31,-6.31,-4.07,-8,-0.5,-7,-8.84,-11.42,-11.8,-7.09,-6.2,-4,-10.2,1,-5.5,-3.95,-5.7,-17.16,-0.8,-10,,-14,-12.1,-8,6.4,-6.51,-2.05,-4,2.5,2,-3.35,-7.72,5.8,-3,4.15,49,52,13,3,101,0.3137823348,0.3696487166,
Northern Ill.,Western Mich.,8,6.5,6.28,4.54,8.46,12.01,6.48,7.12,8.74,10,14.5,8,7.5,5.8,-0.01,6.56,6.14,8.23,,4.25,5.84,10.7,9.9,10.9,8.48,6.02,7,,8,6.56,4.59,3.36,3,10,11,-13.05,1.73,1.4,6.83,5.2,4,1.9,8,9,9.76,11.2,3.61,1.1,4,,7,1.2,7,11.4,5.47,5.05,1.3,8,-3,12.03,7.34,8.8,3,4.49,31,35,13,4,66,0.4551135743,0.6451291231,
Northwestern,Minnesota,7,8.93,10.79,9.87,10.74,8.16,8.11,7.54,13.86,11,16.5,9,11,5.97,4.64,7.99,8.51,10.21,,9.85,6.41,17.05,21.35,8.62,8.34,7.03,12,,6,8.11,9.37,7.46,6,6.5,11,5.41,9.62,8.5,6,7,8,5.8,7,4.9,8.6,7.9,9.85,2.38,4,,5,7.8,10,10.3,4.76,7.15,7.3,7.5,3,11.16,6.97,7.3,3,3.12,0,39,13,39,39,0.5371810485,0.7005595215,
Notre Dame,Navy,18,22.68,18.53,26.29,32.83,25.38,24.04,22.71,22.85,17,26,22,23.5,23.31,22.13,13.75,21.82,21.57,,24.65,21.13,27,33.59,14.21,21.95,17.06,19,,21,22,20.73,25.16,21,18.5,22,7.53,13.7,21.3,25.14,21.7,22,18.7,18.5,23.2,27.74,29.1,23.79,3.32,23,,25,20.9,22,14.6,28.53,25.15,15.4,17.5,3.5,27.94,26.54,18,10,6.14,17,24,13,7,41,0.5887900825,0.9000742585,
Ohio St.,Illinois,41,38.44,34.79,36.49,46.14,43.84,36.69,37.05,38.29,35,58,35,33,39.84,42.18,17.88,39.01,31.36,,43.85,39.43,48.5,52.76,22.17,37.06,23.21,38,,47,39,37.77,41.55,41,38.5,34,36.17,41.19,48.1,43.24,41.9,39,43.4,41,36,48.76,46.4,41.84,4.83,37,,40,46.7,45,44,38.3,31.16,27.6,41,27,45.66,42.92,41.5,30,7.46,14,52,13,38,66,0.4548366247,0.9869249606,
Oklahoma St.,Kansas St.,19.5,16.16,19.26,12.02,20.1,19.83,14.33,16.88,18.58,19,14,22,23.5,15.1,12.91,11.39,16.77,15.52,,17.55,14.27,21.6,18.76,14.93,19.57,10.47,21,,24,16.88,14.53,14.14,16,21,12,6.64,12.41,17.3,19.67,17.1,16,15.4,19,17.8,29.63,30.8,23.44,2.8,12,,17,16.5,20,13.9,17.98,17.16,9.4,19.5,13.5,17.52,17.57,20.1,12,4.73,45,40,13,-5,85,0.4345402175,0.8443520307,
Old Dominion,Rice,8,12.64,13.03,14.9,12.39,13.21,10.95,13.24,15.99,15,8.5,14,15.5,10.83,13.22,18.73,13.18,12.08,,13.55,9.74,-6.25,12.92,11.66,12.21,9.05,14,,21,13.21,12.05,10.18,13,9,16,18.2,15.57,14.7,11.89,10.5,12,15.6,9.5,13.9,10.46,6.1,-2.1,11.32,13,,16,14.6,14,5.3,15.23,9.86,11.1,8,21.5,16.74,13.87,7.6,9,3.05,21,24,13,3,45,0.6256843021,0.7925609927,
Oregon,Arizona,3,-1.58,-2.1,2.81,-1.97,0.89,-0.34,-7.02,-5.73,-2,-3,0.25,-2.5,-0.27,0.82,-0.81,-1.11,-2.85,,-5.45,-1.02,-8.5,-10.65,-3.63,-0.34,-3.09,-1,,-8,-1,1.96,4.55,0.01,0,-6,13.55,-0.12,0.4,-3.91,1.2,3,0.5,2,-8.6,-1.39,1.3,-5.04,-0.59,-1,,-3,0.6,-2,-4.1,-1.77,3.86,2.5,1,0.01,-8.69,0.01,6.3,-7,4.02,28,48,13,20,76,0.4009188395,0.4729803475,
Oregon St.,Arizona St.,-7,-15.25,-16.22,-10.15,-14.14,-18.31,-11.96,-6.34,-17.93,-8,-10,-18,-16.5,-14.35,-7.65,-13.2,-10.42,-10.08,,-7.95,-12.2,-16.6,-20.72,-5.91,-11.15,-5.27,-15,,-23,-10.15,-13.21,-10.36,-6,-6.5,-10,3.13,-5.85,-9.1,-14.43,-11,-9,-7.5,-7.5,-4.4,-11.26,-15.4,-25.22,-12.78,-10,,-12,-7.9,-4,-5.7,-17.01,-12.35,-6.4,-7,5,-7.94,-15.5,6.2,-16,5.55,40,24,13,-16,64,0.4194190926,0.2677427204,
Penn St.,Nebraska,25.5,27.22,24.28,28.87,31.25,34.97,24.9,32.81,27.99,27,34.5,27,26,28.08,30.58,15.49,27.91,24.08,,32.65,26.72,37.3,33.17,16.47,27.99,9.66,26,,37,28.87,24.28,29.53,31,23,27,14.88,29.02,33.3,31.76,30.5,26,29.9,26,32.8,27.97,31.5,37.76,3.06,30,,37,32.1,32,27.5,29.88,26.65,21.2,26.5,16.5,29.32,32.01,26.5,21,5.52,44,56,13,12,100,0.5570108941,0.9516076465,
San Diego St.,Nevada,16.5,17.3,23.81,16.66,17.98,25.12,15.77,12.38,16.69,28,14.5,23,23.5,17.1,16.03,15.08,18.09,11.95,,15.45,18.93,27.8,25.34,19.09,16.39,11.42,23,,24,17.1,19.35,19.41,18,15,14,24.35,14.18,15.8,15.24,18,18,14.2,16.5,10.3,21.66,26.9,4.69,4.44,20,,16,16.1,14,15.8,19.86,19.15,14.1,16.5,20.5,19.74,16.68,16.1,15,4.07,23,42,13,19,65,0.5386468758,0.8651800919,
South Florida,Tulsa,22,17.43,19.51,15.61,19.97,26.77,18.29,17.2,18.04,22,24.5,24,21,16.98,16.29,15.48,18.1,12.23,,18.55,20.05,33.15,30.12,20.72,17.99,12.66,18,,24,18,17.59,14.25,15,23,18,9.22,12.16,19.4,15.31,17.2,16,17.4,21,16.5,27.74,21.4,31.53,2.81,18,,16,18.3,20,13.4,15.11,19.65,11,22,11,18.68,19.26,22.5,17,4.18,20,27,13,7,47,0.406105858,0.8648964692,
Southern Miss.,Charlotte,17.5,19.78,19.41,13.14,15.58,24.3,14.59,18.22,19.51,26,13.5,19,20,19.84,13.77,15.26,17,11.99,,16.55,19.64,-5.9,24.29,15.97,14.8,17.98,20,,20,16.42,20.39,18.31,22,17.5,15,15.45,16.42,15.2,14.66,19.3,20,13.8,17.5,16,18.64,23.6,10.65,1.28,13,,12,15,15,10.6,13.28,16.65,13.7,17,11.5,18.8,15.82,16.6,15,3.56,21,66,13,45,87,0.4877408359,0.8519783873,
Stanford,California,14,13.68,13.56,15.48,18.18,12.39,13.01,14.63,13.73,16,11,15,14.5,13.53,17.67,8.16,15.29,10.71,,15.15,12.85,18.75,18.27,11.32,13.77,11.63,15,,23,15,13.96,17.44,17,17.5,15,20.73,18.95,18.3,13.32,19.1,16,17.3,14,14.1,15.53,15.6,34.46,1.38,17,,18,16.9,19,17.5,11.1,17.15,13.6,15,11.5,19.47,13.72,15,9,2.64,14,17,13,3,31,0.5319449359,0.8289722315,
Temple,Central Florida,-13,-17.32,-18.7,-14.87,-19.03,-16.42,-15.95,-14.35,-18.98,-13,-25,-22,-17.5,-17.81,-9.98,-9.34,-14.77,-13.26,,-14.75,-16.38,-29.5,-23.5,-10.95,-18.85,-8.89,-20,,-18,-15.1,-14.14,-14.64,-8,-14,-14,12.25,-7.3,-15.9,-22.66,-17,-12,-16,-13,-10,-13.85,-22.1,-14.36,-2.58,-12,,-27,-15.1,-6,-21.8,-18.31,-19.34,-11.2,-14,6,-7.83,-22.98,-12.8,-23,6.95,45,19,13,-26,64,0.4593258377,0.1970358966,
Tennessee,LSU,-16,-14.06,-11.11,-12.38,-13.17,-18.86,-8.45,-13.31,-16.42,-9,-17,-9,-10,-13.11,-13.82,-5.49,-12.02,-10.68,,-16.15,-13.13,-23.35,-18.78,-5.52,-9.95,-7.05,-9,,-13,-12.77,-12.77,-10.46,-12,-14,-13,-1.8,-5.66,-16.5,-12.93,-9.8,-9,-13.8,-15,-15.2,-22.32,-16.1,-8.74,-2.26,-13,,-14,-14.4,-16,-14.4,-12.55,-11.84,-6.1,-15.5,-4,-20.68,-12.11,-1.6,-12,4.48,30,10,13,-20,40,0.5953395462,0.2330751934,
Texas Tech,TCU,-6,-10.9,-11.72,-11.4,-11.37,-17.29,-5.43,-8.28,-15.21,-10,-14,-14,-15,-7.94,-10.33,-5.88,-9.95,-11.43,,-8.65,-6.84,-13.15,-21.8,-7.84,-9.17,-6.84,-11,,-16,-10,-10.21,-8.46,-7,-6,-8,-5.65,-9.08,-12.3,-11.42,-9.5,-11,-9.8,-7,-10,-10.56,-10.4,-12.88,-2.11,-12,,-13,-11.5,-9,-10.8,-6.76,-9.85,-7.5,-6.5,-3,-9.5,-8.39,6.9,-11,3.99,27,3,13,-24,30,0.4046591161,0.2716448491,
Texas-San Antonio,Marshall,1,-5.16,-7.19,-7.95,-8.96,1.9,-5.41,-0.53,-6.85,-3,-14.5,-3,-7,-4.54,-3.79,-3.99,-2.86,-2.79,,-2.55,-1.8,-9.8,-1.35,-3.45,-4.94,-2.69,-6,,-1,-3,-4.03,0.01,1,-1.5,-4,9.72,0.42,-0.5,-6.89,-2.1,0.01,1.3,0,-1.2,-5.06,3,-20.36,-3.42,-4,,-6,0.3,-1,5.1,-7.96,-2.25,-0.5,0,8.5,-6.25,-7.51,-1.6,-2,4.29,7,9,13,2,16,0.4071996839,0.4309574114,
Tulane,Houston,-9.5,-8.73,-6.57,-8.55,-10.95,-8.61,-7.29,-5.28,-8.28,-5,-14,-6,-5.5,-8.35,-9.92,-3.1,-8.16,-5.27,,-7.05,-7.28,-16.1,-13.54,-7.91,-4.59,-9.13,-6,,-9,-7.85,-10.54,-7.11,-9,-9,-11,-16.24,-6.44,-7.7,-6.86,-6.3,-8,-6.9,-9.5,-10.4,-7.61,-10.6,2.45,-1.61,-8,,-4,-7.7,-10,-13.8,-4.83,-7.85,-7.8,-9.5,-11,-11.55,-6.9,-3.5,-8,2.74,17,20,13,3,37,0.5331467926,0.3062373076,
USC,UCLA,15.5,15.52,15.46,19.41,13.84,22.09,13.94,20.87,21.26,19,24,21,21,12.86,16.05,12.52,17.23,16.09,,20.35,13.61,23.5,27.2,14.73,14.84,9.25,16,,20,16.3,14.15,11.51,21,15,17,18.35,16.39,18.3,15.03,15.2,16,17.5,15.5,24.1,23.01,16.3,22.24,1.61,13,,15,17.8,23,14.5,16.54,15.55,11.8,16,15.5,19.34,15.92,16.5,11,3.73,23,28,13,5,51,0.5422424773,0.8546428358,
UTEP,Louisiana Tech,-17,-18.23,-17.23,-21.6,-17.48,-18.74,-14.01,-16.13,-18.39,-9,-20.5,-21,-19,-18.14,-20.3,-13.35,-15.72,-14.4,,-18.15,-15.68,16.8,-21.53,-7.63,-13.73,-9.9,-16,,-17,-16,-18.65,-14.63,-13,-15.5,-17,-16.46,-10,-15,-18.51,-14.9,-16,-13.4,-17,-15.2,-18.97,-14.2,-28.71,-21.16,-15,,-13,-14.5,-14,-10.2,-18.83,-20.85,-13.9,-17,-13,-14.67,-16.92,-2.3,-19,3.89,42,21,13,-21,63,0.5312120516,0.1680673449,
Utah St.,Hawaii,10,13.32,14.17,12.71,15.27,12.7,13.19,17.51,17.72,14,25.5,16,14,11.92,12.67,11.58,13.58,16.53,,19.45,14.02,4.85,23,11.03,14.7,13.18,15,,17,14,9.98,15.56,19,10,18,4.85,7.65,11.9,14.91,15.7,14,10.2,11,18.1,12.92,8,9.38,2.86,14,,18,12,16,7.3,11.54,9.16,4,11,3,16.87,13.56,7.6,9,4.39,0,38,13,38,38,0.5860417838,0.7951910356,
Vanderbilt,Missouri,-8,-6.64,-4.81,-4.19,-14.09,-3.84,-7.84,-14.43,-9.92,-7,-18.5,-4,-1.5,-6.27,-5.19,-1.51,-7.16,-7.3,,-14.95,-4.57,-11.3,-6.93,1.74,-6.69,1.96,-4,,-5,-6.63,-2.57,-6.63,-8,-7.5,-12,8.13,-2.72,-7.2,-13.06,-5.6,-3,-5.4,-8,-20,-23.34,-13.4,-18.34,-0.5,-9,,-9,-6.6,-14,-17.5,-10.43,-4.05,2.2,-9,2,-6.88,-12.61,-4.9,-8,6.11,45,17,13,-28,62,0.5196946594,0.3368893733,
Virginia Tech,Pittsburgh,15.5,15.92,17.37,17.31,19.84,24.7,16.52,16.51,13.48,19,23.5,17,17,18.31,19.89,12.76,17.11,12.73,,17.75,18.43,25.85,19.61,10.36,19.75,13.14,20,,25,17.6,15.01,18.16,20,17,10,9.04,18.86,17.6,21.13,19.1,18,16.8,15.5,11.7,20.43,26.2,13.33,2.34,16,,22,17.3,18,5.5,19.43,17.66,11.1,15.5,10,14.29,20.02,16,14,4.72,14,20,13,6,34,0.5387234459,0.849237803,
Wake Forest,NC St.,1.5,-0.01,-0.23,0.01,4.53,2.38,2.21,7.99,-1.67,5,-6,1,-0.5,1.24,1.93,0.18,0.78,2.82,,2.45,2.65,2.05,-4.08,-1.54,3.86,0.82,1,,1,1,-0.74,-1.74,4,0,2,-6.09,3.04,-2.5,4.17,4.6,2,-3.5,1.5,4.8,1.19,-2.2,4.56,-0.78,-3,,-1,-2.4,1,2.4,0.27,-0.84,0.4,1.5,3,2.28,1.52,-0.01,1,2.86,24,30,13,6,54,0.4821977532,0.5192846558,
Washington,Utah,17.5,17.1,15.74,22.38,21.7,21.79,19.66,14.4,15.35,17,18.5,15,16,19.22,19.1,12.56,18.24,13.9,,17.85,18.93,21.15,29.66,10.96,18.82,7.33,17,,22,18.3,16.6,23.5,21,17.5,13,13.24,16.44,25.4,19.66,20.1,18,21.7,17.5,17.7,16.86,13.8,24.52,0.9,19,,20,25.1,20,19.5,20.14,17.65,13.1,17.5,15.5,18.3,22.46,18,13,3.97,30,33,13,3,63,0.5180344084,0.8674967154,
West Va.,Texas,3,1.7,5.16,1.26,3.56,0.16,1.58,6.88,7.13,8,-2.5,5,6,-1.68,2.3,4.16,3.29,3.34,,3.05,1,5.8,2.52,9.06,4.32,4.4,6,,6,2.3,1.42,1.18,7,3,4,8.79,0.97,2.3,2.09,1.5,2,2.3,3,6.1,2.06,-2.9,1.72,0.75,-1,,2,2.3,6,6,-0.37,1.46,0.3,3.5,12,8.22,-0.23,2.5,4,3.13,28,14,13,-14,42,0.507149737,0.5805613888,
Western Kentucky,Middle Tenn.,-1.5,1.08,-1.7,-0.38,-0.2,3.86,0.38,4.84,-0.19,3,8,0.25,-0.5,1.47,9.02,-0.01,3.23,-1.12,,8.25,-0.34,1.45,11.48,9.63,-0.45,11.25,-3,,5,2.09,2.09,1.4,13,-2,5,20.42,7.59,6.8,-1.89,4.5,3,5.8,-1,4.7,-1.7,-1.7,-5.98,-1.2,4,,2,7,11,-8,4.17,-0.74,1.6,-3,8.5,3.68,-0.91,-5.9,1,5.26,38,41,13,3,79,0.6113416656,0.576571083,
Wisconsin,Michigan,7,9.99,11.86,9.33,12.18,17.79,10.27,8.99,11.47,11,14,13,15,9.55,6.33,9,10.17,9.26,,9.65,9.31,9.6,11.92,10.91,11.13,6.6,11,,13,10.5,9.13,10.91,8,10,9,3.13,14.17,10.6,10.75,10.5,8,8.6,8,12,14.62,12.4,13.87,10.9,2,,12,11.1,14,11.3,9.22,6.66,9,7.5,1,9.02,11.73,7.9,7,3.08,10,24,13,14,34,0.577709226,0.7353008791,
Wyoming,Fresno St.,-2.5,1.91,1.93,1.82,4.62,2.79,1.16,6.19,4.17,7,7,1,0.5,-0.2,3.75,1.05,4.18,5.18,,8.35,0.48,3,8,3.86,1.61,9.82,2,,12,3.75,3.89,0.89,10,1,8,19.04,9.07,7.4,0.69,1.3,2,8.2,-1,11.7,-4.92,-1.7,1.2,0.18,-1,,5,8.6,11,-8.1,-3.14,-0.64,5.1,-1.5,10.5,13.87,-0.43,-1.1,-1,4.95,13,7,13,-6,20,0.6560540506,0.5992375791,
Air Force,Utah St.,1.5,-2.38,-1.61,-4.84,-3.09,0.4,-1.81,-3.59,-4.33,1,-20.5,-1,-1.5,-1.84,1.98,-3.62,-0.27,-2.58,,-4.25,-1.01,-3.09,0.5,3.29,-0.23,4.64,-1,,1,-0.3,-0.58,0.83,1,2,-5,13.24,5.12,-0.3,-2.44,0.5,1,0.9,1.5,-5.7,3.6,8.9,-3.59,-0.17,1,,1,-0.3,2,-0.7,-2.31,2.16,6.8,1.5,7.5,-2.31,-1.99,3.5,-3,4.78,35,38,14,3,73,0.4574890751,0.4935032487,
Akron,Kent,15,19.85,19.32,20.72,19.05,22.26,15.25,22.91,22.09,22,24,17,17.5,19.32,14.35,15.53,17.97,18.45,,22.55,17.19,2.09,25.78,13.59,18.07,16.8,18,,19,18.45,17.66,16.54,22,15,21,7.56,19.49,16.6,19.04,18.7,15,16.9,15.5,24.4,11.75,12.3,17.22,2.44,15,,20,16.2,21,9.4,18.45,17.36,14.4,15,5,21.66,19.62,,15,4.20,14,24,14,10,38,0.5717703402,0.8631177095,
Arizona St.,Arizona,-2.5,1.23,1.58,3.56,1.12,-0.47,-0.62,0.01,2.56,4,-6.5,3,3,-0.01,4.1,1.07,1.34,2.37,,1.35,0.75,0.69,-4.87,0.85,1.61,1.05,2,,4,1.35,2.25,0.13,4,0,2,8.16,2.59,1.3,-0.68,1.3,3,1.2,-1.5,3,4.54,1.4,-4.86,0,1,,7,0.6,3,-6.3,-1.93,0.16,2.7,-2,-2.5,3.55,-0.72,-2.7,-5,2.74,30,42,14,12,72,0.5942063371,0.5331474864,
Arkansas,Missouri,-8,-5.05,-5.07,-6.87,-11.89,-7.71,-7.4,-11.68,-9.11,-8,-20,-5,-4.5,-4.85,-4.58,-4.56,-6.76,-7.81,,-14.05,-4.9,-11.09,-17.07,0.57,-6.36,3.03,-4,,-3,-6.87,0.73,-5.62,-9,-11,-12,11.7,-9.05,-7.6,-10.05,-5.1,-5,-6.6,-8,-19.4,-13.87,-1.9,-8.94,-0.16,-7,,-8,-7.9,-10,-12.9,-8.68,-4.63,0.5,-10,-3,-5.72,-11.06,2.9,-10,5.60,48,45,14,-3,93,0.5293608994,0.3439949249,
Auburn,Alabama,-5.5,-5.14,-4.66,-1.26,4.06,-5.05,-0.8,-0.43,-3.66,2,-8.5,-11,-11,-5.7,-7.16,-1.52,-3.44,2.72,,-6.65,-4.9,-0.28,-10.51,-8.98,2.28,-1.2,-4,,6,-4,-5.8,-3.72,-8,-4.5,-6,-0.83,-4.56,-6,0.5,-4.1,-4,-5.9,-5.5,-0.8,-1.38,0.6,-3.57,-10.3,-7,,-2,-7.3,-4,-0.3,-3.29,-1.14,0.3,-4.5,-6,-4.28,-4,0.01,-6,3.61,14,26,14,12,40,0.5503491244,0.4163206268,
Ball St.,Miami (Ohio),-18,-14.7,-8.97,-11.78,-20.54,-10.47,-16.55,-13.39,-13.37,-9,-26,-10,-10,-16.79,-16,-8.33,-14.59,-9.68,,-20.85,-16.61,13.34,-21.57,0.12,-14.33,-4.93,-10,,-16,-14.75,-11.59,-14.88,-14,-18.5,-17,-2.55,-16.2,-21,-20.65,-12.7,-12,-20.5,-18,-14.8,-22.81,-17.4,-18.29,-0.87,-16,,-21,-20.5,-19,-22,-20.71,-11.13,-8.2,-18,-9,-12.47,-20.11,,-13,5.52,28,7,14,-21,35,0.580383257,0.1926929737,
Buffalo,Ohio,-6.5,-8.42,-7.49,-4.83,-5.88,-6.41,-4.52,-10.31,-11.28,-4,-10,-7,-8,-6.7,-2.39,-3.52,-6.64,-3.66,,-8.85,-4.43,-11.53,-13.4,-11.35,-4.44,-2.08,-6,,-1,-7,-8.33,-7.2,-8,-4.5,-10,-11.25,-8.33,-8.4,-7.17,-5.9,-7,-8.6,-6.5,-8.1,-7.03,-0.3,8.71,-1.16,-8,,-8,-9.4,-8,-6.2,-4.92,-4.63,-3.9,-4,-7,-4.51,-8.01,0.01,-10,3.00,24,31,14,7,55,0.4965428682,0.3405329596,
Central Florida,South Florida,9,11.89,12.91,10.68,18.16,8.91,12.61,12.51,15.16,14,10.5,18,16.5,11.3,7.81,10.12,11.19,15.45,,12.25,8.63,16.78,12.34,7.59,16.24,6.61,16,,19,11.74,9.11,11.33,9,9.5,12,-10.95,3.42,7.8,17.01,12.9,9,8.8,9,15.9,11.74,13.6,25.16,1.28,7,,18,6.8,9,13.2,11.34,7.56,13,10,-3,14.54,16.49,10.4,11,5.16,42,49,14,7,91,0.552190512,0.7486877287,
Central Mich.,Northern Ill.,-3,-5.35,-3.34,-5.54,-1.16,-5.62,-3.43,-3.48,-3.17,2,-4,-4,-4,-6.48,-5.64,-2.48,-3.08,0.56,,-4.65,-2.01,-8,-4.35,-4.21,-1.53,-2.94,-5,,-5,-3.17,-5.78,-2,-4,-3,-1,0.66,0.61,0.8,-4.04,-3.1,-3,1.8,-3,0.6,-2.89,-6.8,-8.52,-0.95,-7,,-7,1.1,-3,-3,-8.43,-2.74,-0.6,-3,0.01,-2.63,-5.88,0.7,-6,2.48,24,31,14,7,55,0.4980135347,0.4239866439,
Charlotte,Florida Atlantic,-24.5,-30.27,-28.63,-26.46,-30.65,-25.19,-25.66,-32.17,-35.72,-32,-32.5,-32,-31.5,-28.97,-25.46,-12.65,-26.8,-21.95,,-35.95,-23.82,-10.97,-38.83,-18.05,-26.16,-16,-32,,-34,-28,-25.76,-23.02,-28,-22.5,-26,1.57,-23.58,-28.5,-32.59,-26.6,-22,-26.5,-25,-34.8,-34.72,-28.7,-24.79,-3.03,-21,,-35,-27.1,-32,-28.5,-32.26,-22.14,-17.4,-21.5,-4,-30.39,-34.21,-20.3,-28,7.68,31,12,14,-19,43,0.4481126536,0.0642797853,
Cincinnati,Connecticut,6,3.37,-0.99,2.53,5.7,9.15,6.42,1.54,-0.72,3,-2.5,3,4,5.3,5.52,3.83,4.24,0.9,,3.45,5.91,2.22,8.5,3.61,4.88,4.6,4,,11,4,4.89,7.88,7,4.5,1,11.12,3.36,3.2,1.91,6.6,6,2.6,6,-3.5,4.79,3.5,-5.42,-0.19,4,,6,2.6,8,3.7,5.66,4.06,5,5.5,5,0.9,4.81,7.7,2,2.83,21,22,14,1,43,0.4565417676,0.6037062965,
Eastern Mich.,Bowling Green,12.5,11.76,13.5,12.03,18.37,16.5,12.27,16.55,10.22,26,20.5,15,13.5,13.49,11.01,11.57,14.62,11.98,,19.35,13.83,3.13,16.3,8.13,10.9,8.31,13,,22,14.27,9.95,14.91,15,15,16,6.76,19.65,17.7,15.52,15.9,15,16.8,12.5,19.1,16.43,22.8,1.3,0.81,13,,10,17.7,20,13.1,13.21,12.27,11.5,12.5,9.5,16.62,14.71,,10,3.91,31,34,14,3,65,0.5515902663,0.8144203313,
Florida,Florida St.,-5.5,-4.35,-2.71,-4.58,-4.55,0.95,-3.29,1.49,-3.45,2,0.01,-2,-2,-4.51,-0.01,-0.23,-3.16,-1.42,,-1.85,-3.09,-6.44,-1.59,2.61,-4.36,2.37,-2,,-5,-3.29,-5.84,-4.82,-3,-4.5,-3,-0.98,-5.89,-7.9,-5.91,-6,-2,-8.4,-5.5,2.4,-4.42,-7.5,-7.37,0.39,-6,,-6,-8.9,-3,-3.5,-3.81,-4.64,-6.7,-5,3,-0.96,-8.75,-2.4,-2,3.09,38,22,14,-16,60,0.5575216924,0.4225431738,
Florida Intl.,Western Kentucky,-3,0.39,5.95,0.63,1.63,1.48,1.63,0.01,5.79,4,-7.5,5,5,-1.8,-6.95,5.45,-0.36,6.71,,-2.65,-1.43,7.5,3.66,2.49,4.77,-0.18,8,,4,-0.18,-2.5,-1.17,-7,-1.5,-2,-23.92,-3.18,-2.7,4.35,-2,-1,-2.2,-3,0.7,-1.74,-0.6,10.98,1.19,-3,,4,-2.7,-2,2.8,-2.73,-0.74,-1.1,-2.5,-14.5,-2.24,0.68,1.2,-1,6.25,17,41,14,24,58,0.5614847964,0.4915828636,
Fresno St.,Boise St.,-6.5,-6.09,-3.96,-9.84,-7.46,-1.61,-4.96,-4.09,-5.79,-1,-15.5,-2,-4,-5.21,-10.91,-1.82,-6.73,-4.53,,-8.85,-3.98,-10.78,-12.66,-0.2,-3.1,-7.56,-5,,-17,-5.99,-8.83,-3.87,-9,-7,-8,-23.29,-7.43,-8,-5.99,-4,-7,-7.7,-6.5,-8.1,-8.91,-4,-9.16,-0.85,-4,,-6,-8.2,-8,-1.5,-2.1,-4.93,-5.1,-7,-16.5,-8.89,-4.56,-2.5,-3,4.20,17,28,14,11,45,0.4944121822,0.3409549945,
Georgia St.,Appalachian St.,-6,-5.25,4.08,-8.89,-2.19,-2.5,-5.24,-3.92,1.41,-3,-1,-2,-2,-8.51,-17.03,-1.94,-5.43,1.94,,-7.05,-8.98,1.25,-0.29,-0.95,-0.43,-0.58,-2,,-9,-5.83,-7.75,-9.3,-8,-7,-3,-19.06,-7.03,-6.5,-5.95,-7.8,-8,-5.8,-6,-3.3,-8.16,-7.2,-10.63,2,-7,,-8,-6.8,-5,-2,-10.24,-5.83,-7.4,-7,-10,0.5,-9.76,-4.4,-4,4.37,31,10,14,-21,41,0.5138086705,0.3707747198,
Georgia Tech,Georgia,-11.5,-11.9,-14.52,-7.16,-11.57,-12.63,-5.66,-11.48,-15.68,-8,-6,-15,-19.5,-9.85,-5.57,-6.03,-9.7,-10.33,,-11.15,-8.82,-14.44,-12.24,-14.2,-10.53,-7.52,-14,,-20,-9.63,-9.65,-11.12,-9,-10,-9,2.06,-5.06,-15,-11.74,-8.9,-9,-15.3,-11.5,-14.7,-7.52,-5.3,-5.5,-3.23,-7,,-10,-13.3,-8,-9.1,-10.15,-9.63,-1.1,-11,1,-9.15,-8.08,-4.3,-13,4.21,38,7,14,-31,45,0.5436350581,0.2773942382,
Hawaii,BYU,-3.5,-3.86,-0.53,-6.41,-5.35,1.99,-2.28,-5.1,-3.67,1,-7,1,0.01,-4.04,-9.4,-0.23,-4.38,-3.76,,-8.95,-3.54,7.38,-7.22,1.15,-3.14,0.66,-2,,-7,-3.87,-3.87,-3.02,-10,-3.5,-8,-16.99,-4.75,-3.6,-6.71,-5.3,-7,-2.2,-3.5,-7.9,-10.25,-2.8,-7.28,-0.42,-6,,-4,-3.4,-8,-4.2,-2.63,-3.03,-3,-3,-1,-7.77,-4.53,0.7,-1,3.63,30,20,14,-10,50,0.4784522611,0.3939786336,
Houston,Navy,4.5,1.27,-1.36,2.87,3.71,9.06,2.47,0.26,-0.79,3,5,0.25,-1.5,2.48,4.13,2.39,2.53,1.76,,1.75,6.87,-2.84,10.24,1.59,0.73,0.82,-2,,4,2.47,1.79,5.22,4,6.5,2,8.21,4.68,3.9,-0.56,2.7,4,3.6,4.5,-0.4,-3.35,-1.2,-3.62,-0.37,2,,1,4.2,4,6.2,-0.17,3.87,1.8,4.5,5,2.8,-0.01,1.8,1,2.78,14,24,14,10,38,0.4513533633,0.5623744352,
Illinois,Northwestern,-16,-23.29,-21.18,-22.63,-19.98,-24.51,-17.39,-20.42,-30.61,-16,-19.5,-19,-20,-19.89,-18.23,-11.35,-19.81,-20.8,,-24.95,-15.5,-36.81,-32.18,-10.11,-17.82,-12.3,-20,,-23,-20,-20.85,-18,-16,-15,-23,-17.31,-20.67,-23.1,-22.2,-17.8,-19,-20,-16.5,-22.3,-20.86,-19.8,-20.62,-3.83,-17,,-24,-21.9,-21,-11.6,-21.2,-21.14,-15.1,-16.5,-8.5,-27.4,-22.19,-15.3,-19,4.60,42,7,14,-35,49,0.4088436003,0.1153443859,
Kansas St.,Iowa St.,2,-1.85,-4.63,-6.28,-6.31,-1.34,-2.87,1.85,-2.36,1,-2.5,-4,-6,-2.53,1.38,-2.81,-0.82,-1.28,,-0.65,0.75,-8.34,-8.23,0.69,-5.2,4.75,-5,,-9,-0.65,0.6,0.72,5,2.5,2,21.9,7.85,1.3,-7.62,0.7,1,2.1,2,-0.3,-6.89,-12.4,-12.15,-0.92,-2,,-2,2.3,1,6.6,-4.79,-0.24,1.4,2.5,7.5,5.32,-5.24,0.9,-4,5.36,19,20,14,1,39,0.4331679668,0.4804825638,
Kentucky,Louisville,-9.5,-6.83,-3,-8.04,-5.67,-7.73,-5.86,-9.61,-2.72,-2,-6,-4,-2,-9.31,-8.11,-1.96,-7.24,-4.66,,-12.55,-7.29,-6.53,-2.01,2.85,-5.97,2.64,1,,-6,-7,-6.64,-7.64,-8,-9,-7,-8.81,-4.74,-7.1,-10.36,-8.4,-6,-5.9,-9.5,-10,-24.2,-22,-10.52,-0.01,-12,,-14,-6,-9,-6.8,-9.93,-8.63,-6.5,-10,-9.5,-9.34,-13.85,-4,-5,4.91,44,17,14,-27,61,0.5540917472,0.3315269245,
LSU,Texas A&M,11,7.82,6.91,9.31,6.68,10.17,5.89,7.99,8.37,9,12.5,8,7,7.56,4.14,6.26,8.63,8.36,,6.65,9.34,9.25,11.21,8.21,6.81,8.26,8,,11,8.5,7.69,9.14,11,10.5,9,10.35,8.44,12.2,4.79,8.9,9,11.1,10.5,10.5,10.49,5.4,7.9,0.65,9,,5,11.2,12,12.5,8.54,7.77,8.5,10.5,5,11.98,6.2,9.8,3,2.13,21,45,14,24,66,0.4411852982,0.704984612,
Louisiana Tech,Texas-San Antonio,1.5,1.07,0.91,2.54,2.02,-3,2.03,-0.76,-0.53,1,3,-0.25,1.5,1.38,2.77,1.5,1.54,0.97,,1.25,3.17,1.34,1.74,-0.35,1.66,-1.04,2,,-3,1.38,2.9,1.86,5,1.5,0.01,13.06,1.06,-0.5,-0.18,2.4,2,-0.5,1.5,9.8,-0.39,-3,-13.13,0.11,1,,4,-0.2,1,-1.2,2.39,2.76,2.8,2,8.5,-0.28,1.41,-1.2,-4,2.84,6,20,14,14,26,0.5009895245,0.53803891,
Louisiana-Lafayette,Georgia Southern,5.5,5.4,10.94,8.44,7.25,10.18,6.88,7.32,7.46,19,10,14,17,3.62,-0.31,12.49,6.01,8.53,,0.95,3.91,-5.06,19.69,9.62,3.65,7.76,8,,4,6.73,6.73,4.77,6,6,9,2.54,7.69,9,0.74,2.4,5,7.9,5.5,4.3,-2.51,-1.8,27.13,1.43,1,,3,8.3,5,2.2,3.61,6.67,4.3,6,11.5,13.51,-31.84,3.4,8,7.31,34,24,14,-10,58,0.5116395405,0.6345272009,
Louisiana-Monroe,Arkansas St.,-9.5,-8.33,-5.04,-8.75,-6.77,-9.15,-3.45,-6.18,-8.27,-3,-12,-7,-4,-8.17,-13.56,-4.63,-7.24,-6.45,,-8.15,-7.31,0.88,-11.83,-7.9,-5.64,-6.16,-2,,-5,-7.9,-8.99,-6.16,-10,-8,-7,-11.44,-4.61,-10.3,-8.98,-7.1,-8,-8.7,-9.5,-4.4,-7.28,-12.8,-6.89,-0.12,-8,,-8,-8.3,-8,-2.7,-11.57,-8.14,0.01,-8,-10,-2.19,-7.27,-2,-12,2.93,67,50,14,-17,117,0.5556712031,0.3268942838,
Marshall,Southern Miss.,2.5,7.55,5.43,8.53,10.22,6.32,8.84,5.58,9.05,8,5.5,5,6,6.92,2.97,8.14,5.93,8.07,,5.25,5.68,7.88,9.67,5.12,9.23,2.39,6,,8,6.32,6.72,5.76,3,5,6,-3.87,3.73,9.2,8.78,7.2,6,8.3,3.5,7,4.01,-2.1,4.18,0.28,7,,10,8,6,-1.3,10.57,5.67,7.4,2.5,-4,0.19,8.53,2.8,1,3.37,28,27,14,-1,55,0.5836949843,0.642595206,
Maryland,Penn St.,-23.5,-23.56,-18.19,-19.45,-25.28,-28.31,-18.1,-17.99,-23.66,-17,-25,-22,-22,-24.14,-23.24,-10.23,-21.31,-16.14,,-24.85,-20.64,-22.13,-33.89,-14.22,-19.28,-8.15,-18,,-28,-22,-22.27,-23.36,-24,-21,-20,-19.57,-23.2,-24.8,-26.23,-22.3,-22,-21.5,-23.5,-20.8,-22.29,-23.5,-35.47,-2.15,-25,,-18,-24,-22,-19,-21.31,-21.64,-15,-22,-15,-24.06,-24.29,-20.8,-21,4.37,66,3,14,-63,69,0.5529099875,0.0977751641,
Memphis,East Carolina,29,24.46,31.32,18.84,32.28,30.73,23.62,23.58,26.08,37,34.5,38,33.5,23.81,24.54,16.81,26.86,22.61,,27.45,25.71,40.5,42.63,21.04,26.84,20.61,30,,37,25.87,24.27,26.58,25,27,25,22.71,26.96,27.7,30.73,28.2,25,24.9,28.5,25,26.9,23.4,25.67,3.89,24,,30,27,24,31.7,23.74,25.87,21.2,28,20,32.68,26.67,29,25,5.11,13,70,14,57,83,0.4489502415,0.9463578773,
Michigan,Ohio St.,-13,-6.88,-5.32,-1.7,-13.64,-9.47,-8.87,-9.1,-2.43,-3,-25.5,-4,-5,-10.66,-8.96,0.01,-7.88,0.36,,-10.85,-9.96,-1.59,-12.18,-1.66,-8.23,-2.03,-7,,-8,-8.23,-6.82,-11.87,-7,-10,-4,0.84,-12.67,-14.8,-12.92,-10.2,-5,-11.4,-12,-3.8,-16.26,-15.1,-19.19,-0.52,-11,,-9,-13.6,-10,-14.8,-8.96,-4.13,-1.6,-12,-0.5,-4.49,-12.68,-4.5,-9,5.35,31,20,14,-11,51,0.6200591486,0.3190370902,
Middle Tenn.,Old Dominion,13.5,5.58,4.94,5.78,11,10.99,6.56,5.65,1.92,10,10,5,4,7.69,6.57,4.88,6.71,7.06,,7.25,8.21,2.69,7.58,0.58,9.09,3.22,4,,6,7.06,6.04,9.47,10,13,5,0.6,2.76,7.7,8.93,10.3,8,5.8,12,9.3,10.62,13.8,4.16,0.4,8,,9,6.9,10,15.3,4.58,9.47,9.6,12,3,6.74,-19.39,11.3,3,4.92,10,41,14,31,51,0.3414277343,0.6568038934,
Minnesota,Wisconsin,-18,-19.89,-22.26,-20.41,-19.66,-28.31,-15.44,-17.76,-23.37,-16,-28.5,-20,-25.5,-17.95,-17.07,-10.63,-18.62,-16.42,,-20.65,-15.84,-28.84,-27.73,-16.75,-16.85,-4.91,-22,,-25,-18.3,-19.95,-18.17,-16,-16,-18,-7.24,-17.98,-19.2,-19.24,-15.9,-17,-16,-18,-22.4,-23.72,-18.3,-6.38,-13.03,-16,,-23,-19.4,-20,-17.9,-16.61,-20.14,-13.4,-17,-6.5,-23.03,-19.56,-15.8,-16,4.80,31,0,14,-31,31,0.4850893919,0.1307765864,
Mississippi St.,Mississippi,13.5,18.06,17.84,14.4,18.74,26.09,15.82,16.49,19.96,17,16,21,20.5,17.72,15.14,12.72,16.36,16.57,,16.15,16.66,29.34,21.2,12.02,18.62,10.74,19,,27,16.35,16.03,16.21,14,17,15,2.81,14.83,12.7,20.36,18.6,14,12.9,14,13.5,20.67,21.1,29.64,2.95,15,,20,11.6,19,11.9,17.34,15.17,11.4,14.5,5.5,18.22,20.47,,11,4.10,31,28,14,-3,59,0.5692422903,0.8408304032,
NC St.,North Carolina,16,14.68,18.51,15.87,19.72,20.19,14.08,13.11,16.21,21,23,19,20,13.86,12.11,13.78,15.32,14.02,,9.95,12.94,29.94,25.31,10.29,18.72,9.7,18,,28,14.77,14.27,14.36,13,17.5,9,2.34,12.42,14.7,18.01,15.9,15,14.1,16,16.8,19.49,23.1,23.61,2.42,12,,15,14,11,17.5,14.77,17.37,11.9,16,1,16.29,14.65,15.6,9,4.53,21,33,14,12,54,0.483571111,0.8233088592,
Nebraska,Iowa,-5,-9,-8.58,-6.89,-5.55,-13.87,-5.69,-6.24,-11.02,-1,-1,-9,-9,-8.39,-6.61,-5.19,-7.11,-5.87,,-8.95,-7.28,-16.41,-12.14,0.99,-7.93,-0.59,-10,,-23,-7,-7,-6.98,-6,-2.5,-6,1,-7.68,-9,-11.86,-8.4,-6,-9.1,-5,-5.6,-5.44,-8.5,-16.93,-1.56,-9,,-11,-9.3,-4,-9.1,-9.6,-5.13,-6.4,-3.5,0.5,-2.48,-11.88,0.01,-10,3.54,56,14,14,-42,70,0.4483923518,0.3310095412,
Nevada,UNLV,3,0.78,-1.99,0.6,5.14,-1.28,3.44,1.71,-2.45,4,1,0.25,-1.5,2.91,0.92,-2.11,2.45,3.03,,4.65,4,8.25,-1.19,-1.09,3.36,-2.19,1,,1,3,0.51,3.33,8,3,4,6.2,6.04,4.7,3.38,3.9,3,4,3,5.6,4.53,6.4,-9.89,-1.07,5,,4,3.8,9,1.9,2.65,0.16,3.1,3,0.01,2.85,4.47,0.01,-5,2.75,16,23,14,7,39,0.4863835118,0.5604340332,
New Mexico St.,Idaho,10,6,6.21,0.01,7.06,8.71,3.66,6.73,9.03,10,3,8,7.5,5.48,4.18,3.3,5.5,5.72,,5.55,7.89,0.22,4.59,7.26,8.62,5.12,5,,6,5.75,2.86,8.51,7,7,3,-7.86,5.44,9.1,7.91,7.6,5,7.5,9,5.6,5.75,9.9,11.58,0.49,6,,9,9.9,4,8.1,3.1,4.06,2.3,8,-1,1.7,4.39,7.1,4,3.28,10,17,14,7,27,0.390661787,0.6328014605,
Oklahoma,West Va.,22.5,18.89,17.09,13.11,15.73,16.7,14.92,18.51,22,19,13.5,21,22.5,17.26,13.35,12.09,17.82,17.8,,18.55,20.28,19.97,17.42,16.06,15.53,10.76,16,,24,18,18.92,19.08,18,19.5,17,13.29,19.39,19,15.45,18,17,16.8,21.5,21.9,24.02,19.4,15.48,2.19,21,,17,18.4,22,23.4,18.02,18.36,16.5,22.5,9.5,20.95,17.74,23.5,10,3.28,31,59,14,28,90,0.3864006365,0.8641877016,
Oklahoma St.,Kansas,41.5,38.83,34.32,29.44,42.69,43.23,31.88,34.61,40.4,35,38.5,42,39,38.72,39.81,18.52,37.27,33.52,,38.55,39.24,32.03,55.61,26.91,36.45,30.28,34,,47,38,37.68,36.77,39,40.5,33,36.13,37,43.5,41.61,40.5,37,37.8,41,31.4,41.7,43.8,27.24,23.5,36,,42,41.7,38,42.4,41.14,31.87,28.1,41,27,37.6,38.71,41.5,31,5.87,17,58,14,41,75,0.4013224225,0.9861695921,
Oregon,Oregon St.,25.5,23.32,23.49,24.73,22.66,33.85,24.04,21.29,26.36,20,28,28,23,22.25,16.4,19.55,20.76,18.72,,18.85,24.26,25.78,18.56,15.25,20.7,13.65,25,,22,21.22,21.22,21.96,16,21.5,20,9.26,14.19,17.3,21.22,21.5,19,14.9,25,18.8,23.63,25.6,29.02,12.78,16,,18,16.6,15,24.8,26.17,24.86,15.9,25,7.5,18.5,26.75,25.5,19,4.96,10,69,14,59,79,0.3878238426,0.8940224778,
Pittsburgh,Miami (Fla.),-11,-17.23,-24.7,-15.24,-13.22,-19.5,-12.13,-18.94,-27.45,-13,-18.5,-23,-23,-13.23,-13.22,-10.4,-15.6,-11.95,,-17.65,-10.98,-29,-27.33,-21.19,-16.68,-11.04,-24,,-30,-15.14,-16.14,-13.49,-12,-13.5,-16,-2.95,-13.27,-15.8,-14.84,-12.9,-15,-14.9,-11.5,-16.5,-11.89,-11.8,-15.22,-14.32,-7,,-17,-16.3,-12,-10.9,-16.21,-15.14,-10.8,-13.5,-4.5,-22.59,-15.94,-10.8,-19,5.48,14,24,14,10,38,0.3920770344,0.1764676245,
Purdue,Indiana,2.5,4.53,5.42,6.97,8.3,6.13,8.47,3.7,5.03,7,11,6,5.5,4.93,0.17,5.48,4.66,7.6,,5.15,5.26,6.13,7.97,3.8,7.08,5.26,7,,15,5.42,2.82,2.19,2,3,7,-9.79,1.51,-0.3,8.82,6.1,4,-0.2,3,5.7,3.57,9.4,4.96,0.48,1,,3,-0.2,-3,6.2,7.88,1.86,5.5,3,-4,5.9,8.57,2.2,1,3.77,24,31,14,7,55,0.5526629385,0.6124168659,
Rice,North Texas,-12,-16.67,-22.8,-12.61,-15.49,-18.09,-12.87,-16.05,-22.18,-13,-14,-28,-28,-14.41,-11.25,-13.52,-14.34,-11.38,,-16.35,-11.65,0.03,-27.64,-14.52,-14.11,-9.49,-22,,-18,-13.6,-14.07,-13.11,-11,-13,-18,2.4,-8.78,-13.2,-17.07,-11.9,-10,-12.6,-12,-13.6,-12.15,-15.1,-12.41,-12.6,-9,,-20,-12.7,-12,-0.6,-17.33,-13.64,-8.4,-10.5,-5.5,-19.42,-18.36,-9.3,-24,5.86,30,14,14,-16,44,0.4450051099,0.1983645648,
Rutgers,Michigan St.,-13.5,-14.2,-14.18,-14.08,-9.15,-15.9,-8.86,-12.08,-14.24,-7,-4.5,-10,-13,-13.37,-14.91,-8.55,-11.8,-9.49,,-15.55,-11.04,-28.81,-17.75,-12.09,-10.11,-14.64,-16,,-17,-11.7,-16.48,-8.79,-15,-11,-10,-10.43,-10.45,-9.5,-13.8,-8.8,-11,-9.5,-13.5,-11.7,-18.29,-12.5,-8.06,-2.97,-11,,-10,-8.2,-12,-10.5,-12.15,-14.63,-8.9,-13.5,-7.5,-12.2,-11.55,-5.3,-9,3.09,40,7,14,-33,47,0.5418583817,0.2328071763,
SMU,Tulane,7,7.66,8.57,6.97,11.08,7.8,8.62,5.11,6.61,11,4,10,10,8.26,7.22,6.07,7.9,7.14,,5.65,8.6,11.91,11.5,8.41,10.03,9.1,10,,5,8,7.91,8.13,8,8,4,6.49,4.78,6.8,10.07,9.2,9,7.1,7,8.4,9.36,12.7,24.75,0.54,6,,11,6.9,7,4.9,9.23,6.87,8.5,8,6.5,4.39,9.8,8.3,5,2.02,38,41,14,3,79,0.5224259569,0.6892374711,
San Diego St.,New Mexico,20.5,21.22,24.59,18.76,25.54,29.01,20.54,18.88,20.4,26,27.5,21,23.5,22.05,22.1,15.74,21.15,15.61,,22.35,21.3,28.63,25.19,15.89,22.35,7.35,24,,28,21.22,20.83,21.19,24,18.5,19,15.88,18.52,21.2,22.7,21.3,20,20.7,20.5,21.9,25.2,21.5,18.16,3.82,17,,24,20.5,24,18,23.97,19.36,14.9,20,14.5,26.6,23.68,20.5,17,3.87,10,35,14,25,45,0.5158652464,0.9022259562,
San Jose St.,Wyoming,-18,-25.02,-25.48,-25.88,-28.59,-27.76,-19.49,-27.95,-27.48,-21,-24,-21,-21.5,-24.64,-23.36,-13.56,-23.81,-23.57,,-35.25,-23.16,2.47,-49.26,-12.29,-22.43,-18.18,-24,,-30,-24,-22.22,-19.83,-25,-22,-26,-8.08,-23,-27,-30.55,-22.8,-18,-25.4,-19,-26.9,-25.2,-23.5,-34.8,-13.64,-15,,-30,-26.8,-33,-17.8,-24.5,-21.13,-15,-20,-11,-29.75,-27.25,-18.8,-23,6.64,17,20,14,3,37,0.3678118613,0.0832185313,
South Carolina,Clemson,-13.5,-15.32,-11.24,-21.48,-17,-18.46,-12.74,-10.76,-14.43,-8,-18.5,-11,-14,-15.74,-23.42,-7.69,-15.24,-13.37,,-16.95,-11.71,-9.88,-18.76,-8.28,-13.68,-6,-11,,-22,-15.57,-15.57,-14.51,-16,-14,-11,-16.8,-13.41,-18.4,-18.1,-15.7,-15,-16.7,-13.5,-11.3,-21.61,-23.9,-28.05,-1.62,-19,,-21,-18.2,-15,-11.3,-20.24,-20.64,-14.3,-14,-8.5,-15.83,-19.9,-2.3,-10,4.65,34,10,14,-24,44,0.4581112284,0.178434414,
Stanford,Notre Dame,-3,-3.15,-6.76,-8.29,-11.7,-9.72,-7.85,0.2,-2.56,-1,-4.5,-5,-8.5,-3.65,-0.01,-4.47,-2.63,-6.24,,1.95,-3.89,-4.28,-1.06,-0.56,-5.91,1.63,-7,,-7,-3,-2.69,0.01,3,-1.5,2,13.41,4.79,4.3,-9.1,-1.5,-2,4.8,-3,1.2,-6.71,-9.4,-1.32,-2.1,-1,,-6,5.3,3,-6.6,-9.93,-5.14,-2.8,-2,10.5,0.69,-7.81,-3,-5,5.27,20,38,14,18,58,0.5088246379,0.437525964,
Syracuse,Boston College,-3,-5.46,-6.24,-3.49,-3.61,-3.94,-1.27,-6.98,-12.41,-1,0.5,-5,-4.5,-2.35,-4.54,-2.91,-3.97,-5.07,,-10.85,-2.17,-11.94,-7.38,0.69,-3.71,-1.4,-6,,-7,-3.61,-2.67,-1.17,-3,-2,-8,1.66,-3.97,-2.2,-6.58,-1.6,-1,-3,-3,-10.7,-4.96,6,-4.81,-1.33,-1,,-9,-1.6,-9,-14.9,-4.13,-0.94,5,-3.5,-1.5,-7.05,-6.07,-1.7,-4,3.96,42,14,14,-28,56,0.476362962,0.4041435096,
TCU,Baylor,24,29.25,34.85,25.64,30.21,43.66,24.8,26.42,33.89,39,32.5,28,31,27.14,21.19,18.28,26.76,26.21,,24.65,25.29,42.63,39.15,24.63,27.77,17.65,34,,36,26.21,26.89,25.86,25,23.5,23,6.51,23.13,24.4,28.59,27.8,27,21.2,24,26,25.31,31.1,32.45,14.07,21,,26,24.2,30,32.6,25.67,26.86,18,24.5,9,28.71,28.89,25,23,8.50,22,45,14,23,67,0.5609154334,0.9313937733,
Tennessee,Vanderbilt,2,5.15,4.58,5.54,6.63,-0.97,6.2,6.63,4.55,7,15,4,3,5.24,5.24,3.79,6.12,5.99,,6.75,7.58,6.84,5.5,3.82,6.1,6.08,6,,10,6.04,6.04,6.93,9,1,7,13.94,7.29,3.9,6.56,6.7,6,3.6,3.5,7.5,7.43,8.4,3.35,0.41,4,,9,4.4,8,3.3,6.91,4.27,5.8,1,6,7.72,6.05,1.4,1,2.56,42,24,14,-18,66,0.6011123312,0.6482534732,
Texas,Texas Tech,7.5,11.4,8.4,8,12.87,14.37,7.73,11.41,15.71,14,17.5,10,10.5,8.83,7.48,8.47,10.71,13.52,,12.25,6.4,15.5,12.72,6.69,9.94,8.48,8,,12,10.8,9.95,9.18,12,10.5,14,8.77,10.9,13.8,9.17,11.4,11,12.7,8,15.3,10.81,11.9,-3.28,0.88,12,,12,12.5,10,2.3,7.69,8.87,10.8,10,8,17.51,9.74,9.5,4,3.16,27,23,14,-4,50,0.5786046791,0.7459188287,
Toledo,Western Mich.,11.5,9.86,12.64,7.58,12.71,7.51,9.81,7.04,11.68,16,12,15,15.5,8.53,1.93,10.06,9.46,9.65,,4.25,7.77,22.84,14.07,14.65,8.84,10.53,12,,8,9.02,10.28,8.59,5,12,11,-0.61,7.2,8.3,9.02,8.6,9,8.1,11.5,10.5,12.25,15.9,2.6,1.74,8,,6,7.5,9,11.6,7.67,9.06,6.2,13.5,0.5,14.65,10.18,13.9,7,3.68,10,37,14,27,47,0.4501848328,0.7192308937,
Troy St.,Texas St.,24.5,24.35,27.12,23.94,27.8,20.26,20.71,19.34,25.4,25,21.5,20,24.5,23.63,23.1,17.07,24,19.05,,20.85,27.78,6.88,32.87,25.07,24.22,23.44,27,,27,24.25,24.57,26.25,27,24.5,23,26.37,25.03,25.2,23.53,25.1,26,23,24.5,20.5,23.98,25.2,-3.35,4.72,22,,18,24.9,24,25.9,24.43,26.36,23.7,24.5,22.5,24.25,23.27,25,16,2.82,9,62,14,53,71,0.4876295577,0.9317072467,
Tulsa,Temple,-4.5,-0.89,-3.12,-0.38,-0.14,0.12,-0.01,2.72,-4.04,1,-3,-2,-4,1.36,-1.51,-3.15,-0.18,0.78,,2.35,3.3,-5.53,-9.2,-3.62,0.82,2.9,-3,,-4,0,-1.72,5.07,6,-2,1,3.49,7.88,4.7,0.97,3.9,1,3.9,-3.5,2.4,-8.07,0.01,6.29,-1.29,-1,,-1,5.1,-8,-5.7,3.54,0.87,2.9,-3.5,-1,-3.49,0.5,-5.1,-3,3.68,43,22,14,-21,65,0.604542072,0.4955930821,
UAB,UTEP,21,20.56,23.95,23.2,23.73,30.89,17.6,22.64,27.04,26,29.5,27,27,17.91,23.91,19.58,20.69,23.64,,23.95,17.63,-9.38,38.63,17.11,20.11,17.84,21,,20,20.1,17.56,19.52,19,20,24,3.82,5.84,17.8,19.94,19.1,19,13.1,21,23.8,22.16,14,29.13,21.13,18,,21,16.1,23,21.2,18.69,18.36,14.4,20.5,14,29.99,18.07,20.1,23,5.85,7,28,14,21,35,0.4926903929,0.8893248392,
UCLA,California,7,1.49,4.67,4.38,6.19,0.72,3.13,-0.18,-0.77,6,0.01,6,5.5,2.25,4.47,1.98,3.5,2.58,,-1.35,1.69,6,1.83,3.56,3.7,7.32,5,,7,3.56,3.54,6.98,1,8,4,8.03,2.74,2.6,1.71,6.3,5,3.1,6,-0.4,5.2,6.2,9.21,0.66,5,,3,1.6,1,6.7,0.36,5.87,4.2,7,3.5,5.16,0.73,3.8,-2,2.30,27,30,14,3,57,0.4136339247,0.5863660753,
Utah,Colorado,10.5,6.11,5.84,10.22,10.43,7.57,7.26,10.49,2.62,9,15.5,6,6.5,8.32,5.89,5.34,7.84,6.14,,11.05,8.04,11.03,8.48,4,8.2,4.42,7,,9,8,6.76,5.2,9,11,5,2.87,5.48,4.7,8,8.8,7,4.6,10,9,15.79,13.3,7.7,0.67,8,,9,2.7,12,15.8,9.3,7.16,8.1,10.5,1,7.78,9.22,10.8,2,3.25,13,34,14,21,47,0.4348019349,0.6857520408,
Virginia,Virginia Tech,-6.5,-13.21,-7.33,-12,-12.09,-12.53,-11.05,-10.22,-11.27,-4,0.5,-9,-8,-15.04,-16.04,-5.74,-10.47,-5.1,,-12.65,-14,-14.63,-12.05,-1.57,-9.51,-1.43,-9,,-10,-11.9,-12.48,-13.65,-14,-7.5,-5,-21.24,-17.57,-13.2,-14.97,-11.9,-13,-14.2,-7,-5.1,-10.26,-7.8,-19.65,-1.3,-14,,-13,-13.7,-11,-4.9,-14.83,-10.63,-6.4,-7,-13,-7.9,-14,-1.9,-11,4.50,10,0,14,-10,10,0.4049304538,0.2628629614,
Wake Forest,Duke,11,9.05,11.86,11.22,16.41,8.53,10.3,8.34,11.06,15,9.5,11,13.5,8.31,9.82,8.51,10.52,11.44,,10.35,8.45,18.75,19.79,8.91,12.24,12.51,12,,13,10.3,7.86,7.15,9,10.5,13,5.78,11.73,7.1,11.61,9.9,10,4.8,11,13.6,9.5,12.3,21.49,1.45,7,,5,5.9,12,19.3,8.3,7.36,6.1,12,11.5,18.06,8.38,11.8,6,3.35,31,23,14,-8,54,0.4881989051,0.7416402846,
Washington,Washington St.,10,9.53,5.43,12.42,10.05,7.18,8.13,6.66,6.63,8,7,8,5.5,11.66,14.68,6.2,9.7,5.62,,9.15,12.4,5.5,12.72,1.5,10.55,2.72,6,,10,10,10.43,14.38,15,11,5,10.59,8.56,12.1,11.35,13.7,11,11.8,10,7.5,8.53,7.7,22.73,-0.38,10,,13,11.8,13,17.3,12.66,9.66,8.2,10,12,5.9,13.18,10,5,3.32,14,41,14,27,55,0.4926209005,0.7251109796,
Appalachian St.,Louisiana-Lafayette,14.5,14.68,13.88,0.01,18.17,16.24,15.3,14.77,13.34,16,18.5,17,14.5,15.62,12.65,11.38,14.13,11.98,,14.25,18.95,2.69,10.59,11.56,16.67,8.57,14,,19,15.15,14.41,17.14,17,15,12,20.92,14.53,15.6,17.92,19.3,18,13.2,14.5,-15.2,18.66,24.8,24.68,0.94,17,,8,15.7,18,9.8,18.03,15.92,15.4,14.5,15,13.61,,13.9,11,6.12,14,63,15,49,77,0.4913237998,0.7969013992,
Arkansas St.,Troy St.,-1,1.12,-3.17,0.01,0.49,1.85,1.47,5.02,0.11,2,1.5,-3,-6.5,1.93,3.83,1.34,0.54,4.31,,0.55,0.58,-6.34,1.91,-1.42,2.34,-2.81,-6,,-3,1.12,0.68,1.79,3,2,1,-0.01,-1.51,0.5,3.56,2.7,2,0.01,-1,4,1.44,-1.4,9.28,-1.81,2,,1,-0.8,3,-4.6,1.14,1.22,-1.9,0,1.5,2.7,1.91,-1.9,-2,2.48,32,25,15,-7,57,0.5381804476,0.5134059283,
Auburn,Georgia,-1.5,2.14,-1.37,0.01,1.22,-2.04,-0.31,2.28,6.72,-1,6.88,-4,-4,-0.25,-0.57,-1.03,0.81,3.12,,0.9,1.59,-0.63,0.87,-1.85,0.39,-0.53,-2,,5,0.39,2.27,0.16,0.01,3,7,5.65,-0.89,3.1,1.55,1.2,1,1.1,-1.5,-2.2,-0.01,3.5,3.01,-0.3,1,,-1,3.1,-3,-1.5,-1.95,1.5,4.1,2.5,1,4.96,-0.19,-2,,2.61,28,7,15,-21,35,0.5570876165,0.5200780629,
Boise St.,Fresno St.,9.5,6.32,4.84,0.01,9.09,5.75,7.67,2.18,1.58,7,13,4,4,7.3,10.76,4.72,8.06,4.41,,7.55,7.78,7.44,17.65,2.58,7.35,5.18,3,,18,7.4,10.27,8.34,13,8.5,4,30.29,10.8,10,7.46,9,11,10.5,9.5,4.5,8.95,12.4,4.66,-0.15,7,,2,10.6,10,7.4,4.54,6.92,8.4,8.5,21.5,5.07,6.47,9.1,,5.23,14,17,15,3,31,0.465674357,0.685164465,
Central Florida,Memphis,7,7.99,9.31,0.01,8.65,9.65,9.35,6.4,9.91,7,5.5,18,15.5,8.11,5.94,7.66,6.61,6.98,,-0.45,11.28,10.34,6.54,9.29,9.88,4.03,7,,15,6.98,5.45,6.98,3,7,2,-6.15,0.96,4,6.64,9,8,5.5,7,1.7,4.66,14.4,5.87,-0.63,5,,6,3.5,2,4.3,14.52,7.22,10.3,7,-0.5,2.74,9.67,7.6,,4.32,55,62,15,7,117,0.4905441602,0.656069964,
Clemson,Miami (Fla.),10,7.74,4.69,0.01,9.65,11.96,6.11,4.99,5.93,5,8.13,6,11,8.8,11.89,4.7,7.41,8.48,,6.1,6.93,4.25,-1.35,2.58,6.4,3.3,7,,10,7.9,7.15,9.28,8,7.5,5,5.14,7.3,8.6,9.68,8.9,9,6.4,10,8.7,10.98,17.5,23.68,0.54,11,,10,7.9,11,9.5,9.21,7.3,6.8,8.5,2.5,7.94,8.01,9.1,,3.33,3,38,15,35,41,0.4365672159,0.6761071407,
Coastal Carolina,Georgia Southern,-3.5,-5.8,-1.45,0.01,3.52,2.08,1.08,-6.93,-11.64,3,-1,-1,-1,-2.95,,2.17,-1.78,-0.1,,-6.85,1.91,4.56,-0.53,-2.71,-0.01,-4.81,-4,,6,-1.45,-4.13,0.73,-3,0,-3,-1.84,-12.12,-5,-1.33,-2.1,2,-5.9,-3.5,-6,-6.8,,-0.47,-0.41,-2,,-3,-6.2,-5,0.3,-1.15,3.22,3.9,-3,9.5,-4.72,-1.79,-0.7,-1,4.00,17,28,15,11,45,0.5418376359,0.4567085571,
Florida Atlantic,North Texas,12,10.96,7.23,0.01,15.52,10.81,13.19,13.03,10.99,12,18.5,12,9,12.21,11.18,9.05,11.53,11.62,,14.25,13.42,11.56,15.27,4.73,13.14,6.69,7,,22,12,8.04,10.53,15,10,7,3.1,12.42,15,15.02,14.4,11,14.8,12,13,14.39,12.3,19.05,-0.06,13,,12,14.3,15,17.4,15.38,9.32,11.3,11.5,5,9.37,15.2,10.8,,4.02,17,41,15,24,58,0.4885517325,0.7593078994,
Florida Intl.,Massachusetts,-3,2.12,9.37,0.01,-1.99,2.33,0.22,-1.57,7.25,6,-6.5,9,13.5,-1.7,-3.06,-0.01,1.25,4.92,,-2.45,0.86,7.13,-2.78,11.55,2.92,5.69,9,,1,0.3,4.13,-2.82,-1,2,-2,4.47,1.76,0.3,-0.01,0.5,2,1.1,-2.5,0.2,-8.59,-5.3,-2.07,2.07,1,,7,-0.2,-2,-4.1,,1.12,0.3,1,5.5,-5.97,,-1.6,,4.68,45,63,15,18,108,0.6013322091,0.5301028859,
Florida St.,Louisiana-Monroe,25.5,27.57,20.41,0.01,26.87,16.55,21.9,23.7,29.05,16,33.5,26,22,25.53,28.85,8.5,25.35,21.85,,29.95,29.71,29.94,21.89,16.29,22.67,24.5,16,,19,26.87,30.83,28.26,33,27,31,41.3,27.89,37.4,20.69,28.3,27,36.1,25.5,26,29.18,42.1,10.43,2.6,28,,31,38,29,23.1,,27.32,21.6,27,19.5,30.94,,26.2,,8.51,10,42,15,32,52,0.4966778274,0.9203390169,
Georgia St.,Idaho,7,5.17,13.91,0.01,7.24,6.5,3.57,5.49,11.93,4,-0.5,8,9,1.68,-5.12,6.18,4.32,6.16,,2.05,5.07,-2.78,14.83,8.88,9.78,5.28,7,,1,4.12,3.92,5.13,3,4,2,-5.11,0.34,6.5,6.6,5.6,5,6.3,7,1.7,4.1,-0.9,-8.52,2.03,4,,1,7.5,4,7.1,-0.27,4.12,2.1,6,-1,6.72,1.18,2.6,5,4.04,24,10,15,-14,34,0.4350159872,0.6040107283,
New Mexico St.,South Alabama,10.5,7.26,4.26,0.01,7.02,11.62,4.08,2.59,11.46,9,10,6,5.5,6.5,7.66,5.43,6.55,5.72,,10.05,6.34,-0.28,1.18,5.26,8.18,6.19,1,,11,7,3,7.41,5,8.5,7,-1.74,8.87,7.8,8.2,6.7,6,4.7,9.5,8.3,11.95,11.6,19.87,0.21,9,,8,7.9,8,11,8.02,5.42,2.2,9.5,8,4.28,7.7,6.6,3,3.15,17,22,15,5,39,0.4035945632,0.6571498264,
Oklahoma,TCU,7.5,5.24,4.49,0.01,3.25,-5.52,3.67,3.06,8.13,4,0.63,-2,4.5,3.34,3.56,-1.2,4.67,4.02,,5.4,5.59,3.25,6.82,5.6,2.91,1.78,5,,8,4.5,6.36,3.4,5,7,6,11.19,6.05,7.2,3.18,3.7,3,6.9,7,3.5,10.61,6.4,6.43,0.91,3,,3,6.5,5,10.4,3.13,4.5,5,7,13,12.29,2.18,7.6,,3.46,17,41,15,24,58,0.4308607299,0.6131096454,
Toledo,Akron,21,16.36,13.85,0.01,17.38,12.08,16.13,16.62,13.53,14,27,12,13,17.42,20.48,8.55,15.7,13.02,,20.15,12.19,23.91,20.29,8.61,12.74,9.68,11,,21,16,18.17,13.87,20,18.5,19,22,13.75,17.2,17.18,16.9,18,13.5,20,18.3,23.91,24.3,21.72,1.3,14,,15,16,22,18.7,15.11,13.5,10.2,21.5,15,21.28,15.83,20.8,,5.25,28,45,15,17,73,0.3756218086,0.8261443,
USC,Stanford,4.5,-1.43,0.16,0.01,-3.49,3.29,-1.06,-3.95,-0.45,-1,-1.88,-4,1,-2.15,-0.28,1.09,-0.89,0.28,,-3.6,0.3,0.66,4.79,3.38,-1.27,-1.61,-1,,-4,-1,-0.42,-2.25,-1,3,-1,2.15,-3.29,-0.6,-2.35,-2.2,0.01,0.2,3,-1.6,-0.24,-1,15.17,0.25,-1,,-8,-0.7,-8,-0.01,0.01,1.7,-2.4,4,7.5,-2.07,-3.13,1,,2.64,28,31,15,3,59,0.3688302304,0.4779466816,
Wisconsin,Ohio St.,-4,0.26,3.46,0.01,-3.9,4.46,-1.84,-3.04,5.5,1,-22.5,11,12.5,-2.88,-3.65,5.19,-1.39,3.73,,-3.4,-2.47,2.63,-4.22,6.98,-0.11,-0.65,1,,2,-1.6,-0.41,-5.18,-5,-5.5,1,-3.03,-3.26,-7.5,-3.7,-4.6,-1,-6.7,-4,3.3,-6.4,-14.9,3.54,9.98,-3,,-1,-6.3,-4,-1.6,-1.54,-0.1,2.2,-6.5,-4,2.04,-3.07,-1.6,,5.60,27,21,15,-6,48,0.56160385,0.467097724,
Navy,Army,3,0.42,-0.89,2.61,2.3,-7.21,2.8,-1.7,-3.91,,3.75,-1,0.5,2.14,3.98,-0.01,1.89,0.58,,1.5,3,4.69,-1.24,-0.83,3.81,1.75,3,,3,2.4,3.1,-0.15,2,3.5,2,9.16,,0.3,5.02,2.5,3,1,3,-1.1,2.86,6.4,-8.07,0.2,3,,4,0.4,2,3.7,4.01,4.6,5.2,3,5,-0.94,2.7,,-2,2.75,14,13,16,-1,27,0.4725345392,0.5466953813,
Arizona,Purdue,3,-2.9,-2.76,-6.79,-5.56,-0.9,-4.31,-5.28,-6.14,-1,-5.31,-5,-3,-1.76,-4.48,-3.72,-2.34,-5.21,,-4.7,1.78,-4.16,-0.88,1.63,,2.88,-3,,-6,-2.9,-0.51,3.14,2,3.5,-2,6.43,1.42,-0.8,-5.99,-1.6,0.01,-0.3,2,-5.3,-7.83,-3.8,-13.1,0.3,-3,,-3,0.8,-3,,-4.7,-2.4,-0.4,4,3,-2.66,-7.14,2.4,2,3.23,38,35,19,-3,73,0.3708354544,0.4425727189,
Arizona St.,NC St.,-7,-5.11,-5,-10.24,-8.78,-6.68,-6.13,-3.87,-4.79,-4,-2.81,-6,-6.5,-5.36,-8.02,-5.69,-6.27,-6.27,,-5.1,-6.48,-8.5,-7.02,-1.51,,1.04,-4,,-4,-6.13,-4.96,-4.51,-5,-6,-3,-11.27,-8.11,-8.4,-7.8,-5.7,-5,-8.7,-7,-7.7,-12.59,-11.1,-11.4,-0.44,-7,,-4,-8.3,-10,-8.3,-7.9,-7.2,-5.7,-6.5,-7.5,-2.71,,-2,-3,2.72,52,31,19,-21,83,0.5180757165,0.3485289717,
Arkansas St.,Middle Tenn.,3.5,4.76,4.29,3.69,8.21,6.12,3.63,8.44,2.22,5,10,5,3,6.59,8.46,2.46,5.7,4.41,,6.5,5.18,3.06,13.3,7.95,6.89,9.39,4,,10,5,4.22,4.32,7,3.5,4,4.41,3.92,5.7,11.03,7.1,6,5.7,3.5,2.5,4.76,4.2,13.69,-0.14,3,,5,5.9,6,0.3,5.99,3.2,2,3.5,1.5,-0.46,29.16,0.9,7,4.36,35,30,19,-5,65,0.5531541226,0.6354166952,
Auburn,Central Florida,9.5,7.33,-0.16,7.72,10.42,5.28,1.97,8.8,2.77,-1,-2.5,-2,-3,8.48,9.19,3.13,7.2,6.34,,7.5,8.48,-0.59,6.22,0.01,3.56,7.96,-2,,6,7.75,9.99,8,9,9.5,7,21.27,8.36,14.8,7.77,7.4,9,12.5,9.5,9.5,11.24,17.3,13.42,0.92,11,,10,15.8,11,,,7.2,7.3,9.5,2,9.23,,10.9,-5,5.16,34,27,19,-7,61,0.4452009015,0.6668969646,
Boise St.,Oregon,-7,-1.74,3.59,1.18,-0.31,-1.69,-4.41,-2.63,0.62,3,-3.13,5,10,-3.39,2.42,1.31,-1.16,-0.41,,-9,-2.58,0.88,5.17,1.2,-0.01,-1.36,3,,10,-1.65,-1.25,-4.68,-2,-5,-8,3.52,1.31,-5.9,-1.65,-1.8,0.01,-5.7,-6,-4.7,-7.22,-5.8,5.38,0.24,-5,,-6,-6.6,-6,-4,-4.63,-1.2,-1.6,-7,13,-1.01,-6.71,-2.5,2,4.38,28,38,19,10,66,0.6385631469,0.4719223744,
Clemson,Alabama,-3,-0.67,1.76,6.63,3.88,1.64,1.97,2.52,3.84,3,-4.69,2,6.5,-2.73,-1.59,4.25,0.78,2.82,,1.1,-1.07,2.19,-2.94,1.79,3.41,2.57,1,,8,1.44,-2.36,-2.73,-3,1,-2,-1.07,-0.58,-1.7,0.77,-3.4,-2,-2.4,-2.5,7.3,-0.67,3.3,10.02,0.32,-1,,2,-2.8,2,,1.33,1.9,2.6,-3,-4.5,3.97,1.44,1.5,-2,3.03,24,6,19,-18,30,0.5924660976,0.5192469578,
Colorado St.,Marshall,5,2.45,-0.75,-0.01,2.65,-0.56,0.5,6.2,2.25,-1,9.38,-0.25,-1,2.33,6.61,-2.01,3.25,-0.37,,4.7,4.33,-1.16,7.3,2.25,1.1,9.84,-2,,-9,2.65,3.17,3.3,6,5.5,6,17.13,7.06,8.7,1.93,2.9,4,8,5,4.6,-1.93,4.2,-9.47,-0.17,1,,4,10.4,5,-0.5,1.07,3,2.4,5.5,6.5,9.16,1.72,2.1,-1,3.90,31,28,19,-3,59,0.4573741363,0.5787941488,
Duke,Northern Ill.,5,7.79,0.8,8.55,6.5,-3.32,4.72,13.36,10.47,-1,4.69,1,-2,6.66,6.58,3.92,5.99,7.22,,10.8,1.46,8.09,2.06,0.68,3.95,10.48,1,,-1,6.4,6.59,6.22,8,4.5,14,4.96,1.75,12.8,6.19,6.3,4,13.8,5,14.5,7.18,7.7,15.82,0.45,6,,10,14.7,12,-0.01,,4.6,8.2,5.5,-8,9.97,8.94,5.4,-2,4.91,14,36,19,22,50,0.5237566741,0.6407692215,
Florida Atlantic,Akron,22.5,12.84,10.94,12.56,17.79,10.76,13.11,12.64,15.71,16,14.69,16,15.5,12.76,10.71,12.29,13.85,11.49,,17.8,15.34,19.03,20.44,7.09,11.1,1.78,14,,23,13.88,9.31,12.18,13,17,14,-5.35,11.82,16.4,13.77,12,10,14.8,21,21.7,23.91,16.1,25.19,0.81,15,,14,15.2,18,29.3,16.91,9.6,8.6,22.5,6.5,18.6,18.27,,14,5.31,3,50,19,47,53,0.3026516569,0.796011858,
Florida Intl.,Temple,-7,-6.79,0.36,-9.31,-4.6,1.91,-6.05,-2.12,-3.53,1,-2.81,-0.25,2.5,-8.08,-14.13,-2.44,-5.59,-3.82,,-4.3,-9.12,-5,-3.42,2.22,-6.14,-4.66,1,,-3,-5.8,-8.42,-5.69,-7,-7,-3,-23.02,-5.64,-5.2,-6.53,-6.7,-8,-6.1,-7,2,-9.36,-13.6,-8.49,-0.06,-9,,-7,-5.8,-4,-0.9,-7.35,-7.6,-7.2,-7,-16.5,-7.76,-8.16,-2.5,1,4.89,28,3,19,-25,31,0.5338215981,0.3682431513,
Florida St.,Southern Miss.,16.5,19.08,10.09,23.35,21.23,2.66,14.65,15.36,19.77,5,6.56,9,7,17.79,16.73,9.79,16.42,14.13,,19.4,13.37,26.69,11.92,3.21,16.37,14.01,9,,11,17.3,21.54,15.19,18,14,21,28.35,18.61,27.3,18.74,19.1,18,27.4,16.5,17.3,13.4,16.9,16.48,1.59,19,,20,29.4,17,16,17.92,23,18.1,15.5,5.5,19.16,20.7,16.9,1,6.31,13,42,19,29,55,0.498131606,0.8317905433,
Fresno St.,Houston,-2.5,0.76,3.07,-2.43,-2.76,0.45,-2.47,4.52,5.61,1,-5.31,3,5.5,-0.42,-5.98,0.63,-1.29,1.06,,0.01,-0.01,-2.69,3.62,2.84,-0.39,5.64,2,,-9,-0.4,-3.48,0.19,-3,-2,2,-27.52,-6.02,-2.7,-1.18,-1.1,-2,-4.5,-2.5,4.2,-1.49,0.01,5.17,0.28,-3,,2,-3.5,1,-3.2,,-3.5,-6.7,-2.5,-13,2.59,-0.44,1.2,1,5.27,27,33,19,6,60,0.5288366098,0.4692604979,
Iowa,Boston College,2.5,3.69,2.59,2.21,1.35,2.26,3.93,0.12,-1.78,-1,5,3,2.5,5.78,4.35,2.69,2.94,-0.01,,4.9,2.75,1.47,-3.7,0.12,2.87,6.58,3,,4,2.95,6.61,2.23,4,3,-3,11.96,2.95,-0.5,5.24,5.5,5,1,2.5,-2.6,1.94,7.3,0.07,0.2,5,,3,0.3,-3,7.7,6.35,3.1,6.4,2.5,8.5,-3.8,6.8,2.3,3,3.32,20,27,19,7,47,0.5108215753,0.5719225683,
Memphis,Iowa St.,3.5,-1.69,2.3,-6.44,0.71,2.16,-3.73,-3.18,1.2,8,-0.63,7,9,-4.28,-0.91,4.72,1.3,-1.18,,1.3,0.88,5.56,5.55,5.21,-1.03,-3,6,,-6,0.88,0.22,2.56,2,3,0.01,11.28,11.3,3.9,-2.78,-1.3,-1,3.1,3.5,2.2,1.35,-8.7,-4.6,1.37,-1,,2,4,5,5.6,-2.94,-0.7,-1.5,3.5,11.5,5.29,-1,0.6,7,4.50,21,20,19,-1,41,0.4469690228,0.5313968671,
Miami (Fla.),Wisconsin,-4.5,-7.96,-7.2,-5.66,-6.9,-15.37,-9.48,-7.46,-6.07,-4,-8.13,-6,-8.5,-9.38,-9.42,-3.11,-6.71,-6.99,,-11.9,-5.29,-3.38,-9.78,-3.05,-6.92,-1.94,-7,,-8,-6.92,-6.72,-1.6,-8,-6.5,-6,-2.3,-5.16,-3.6,-9.53,-9.5,-9,-2.1,-5,-12.4,-12.31,-6.8,5.71,-0.3,-9,,-7,-3.4,-6,-10.2,-8.08,-1.06,-3.7,-6.5,-2,-4.81,-8.79,-2,-6,3.20,34,24,19,-10,58,0.4457226552,0.3393026395,
Michigan,South Carolina,7.5,6.74,5.18,11.19,8,7.29,8.05,8.06,4.41,7,5.63,4,4,7.76,8.92,6.04,8.3,8.5,,13.1,9.39,7.19,9.39,2.65,5.52,4.21,5,,10,8.06,7.92,3.59,13,8.5,8,17.84,4.62,8.6,8.35,9.8,8,8.6,7.5,,15.62,10.3,0.3,0.29,11,,7,8.3,9,,9.87,8.2,5.1,7.5,14.5,9.03,11.46,7.8,3,3.19,26,19,19,-7,45,0.5197033106,0.6958907472,
Mississippi St.,Louisville,-6.5,0.88,-0.36,-2.83,-1.29,2.97,0.69,-2.16,0.27,-4,10.63,0.25,0.01,1.35,-1.23,-0.14,-2.41,-2.06,,-4.7,-0.38,0.06,-2.07,1.55,-1.61,0.55,2,,1,-2.07,0.67,-0.29,-4,-5,-3,-10.69,-4.5,-5.8,-1.4,-1.5,-1,-4.5,-5.5,-10.5,-9.24,-4,5.65,0.44,-3,,-5,-5.6,-9,-7.1,-0.9,-2.9,-2.1,-6.5,-13.5,-3.08,-2.83,-4.4,2,3.97,27,31,19,4,58,0.5986845287,0.4414565756,
Navy,Virginia,1.5,0.61,2.09,-0.87,-0.82,-3.47,2.75,-2.53,-0.73,6,-0.94,5,6,1.43,1.96,2.55,1.82,-0.24,,-0.9,0.5,3.19,0.01,-0.95,1.13,-7.43,5,,9,1.13,0.91,3.61,5,0,-4,13.28,12.24,-1.2,1.44,3.8,3,0.5,1.5,-1.4,1.79,-0.5,-7.64,-0.12,6,,-5,-1.1,5,6.4,3.73,0.9,3,0,9.5,-0.16,3.88,-1.9,3,3.97,7,49,19,42,56,0.5078012154,0.5442809228,
New Mexico St.,Utah St.,-4,-9.34,-5.7,-9.78,-9.3,-0.29,-10.13,-11.43,-9.36,-4,3.44,-9,-5,-9.42,-12,-7.04,-7.89,-6.95,,-16,-4.99,-3.78,-16.19,-3.25,-7.79,-8.36,-8,,-4,-9,-9.16,-4.58,-11,-3,-13,-8.52,-4.28,-8.8,-9.01,-11,-9,-9.6,-4.5,-12.3,-6.4,-4,-9.18,-0.54,-10,,-11,-9.1,-10,-7.8,-11.37,-4.2,-0.9,-4,-1,-10.32,-12.38,0.01,-5,3.99,20,26,19,6,46,0.406078169,0.314899308,
Northwestern,Kentucky,7.5,14.34,11.95,14.11,15.67,14.48,15.01,17.88,15.69,15,5.63,12,12,14.67,12.69,9.33,13.18,13.29,,23.2,6.59,19.53,23.62,5.23,12.61,6.13,10,,12,12.8,11.57,7.17,14,7,16,5.83,10.35,9.9,15.9,12.8,9,7.9,8,19.1,23.28,21.2,23.78,1.31,14,,20,8.4,18,6.2,18.49,8.1,8.9,7,8,22.9,20.75,7.3,9,5.15,23,24,19,1,47,0.6331961994,0.7851516337,
Notre Dame,LSU,-3.5,4.2,6.84,6.28,10.2,5.25,12.1,-2.8,1.09,2,14.69,7,9,6.22,0.37,5.54,3.29,1.72,,-1.8,5.33,5.69,-6.29,0.61,9.42,-0.44,10,,12,3.94,3.92,3.68,-3,-2,-4,-11.56,-1.48,-3.6,11.45,6.4,4,-1.8,-2.5,-8.5,3.96,15.7,24.96,0.88,3,,7,-3.1,-4,,12.85,6.5,3.3,-3,-5,-7.92,12.81,-1,2,6.23,17,21,19,4,38,0.6547398535,0.5764882489,
Ohio,UAB,6.5,11.7,8.37,10.87,13.1,4.96,11.75,6.84,7.72,7,1.56,9,6.5,13.72,10.69,7.72,10.75,6.78,,9.4,12.03,13.22,4.6,1.07,12.94,1.94,10,,16,10.87,12.86,8.83,10,7.5,9,13.52,21.48,13.6,16.18,12.8,11,16.3,7,7.6,17.46,17.2,28.93,0.84,13,,19,14.7,9,12.5,17.31,13.7,11.2,7.5,4.5,3.24,18.16,7,5,4.59,6,41,19,35,47,0.6014824403,0.7423248828,
Ohio St.,USC,7.5,9.01,7.41,11.59,17.19,12.59,11.44,8.27,2.59,9,3.44,10,9.5,12.37,12.97,5.38,10.02,9.33,,12.4,8.41,3.59,12.81,2.67,11.16,1.65,7,,8,10,8.37,9.94,11,7,5,1.6,11.16,12.2,16.01,13.3,7,10.4,7.5,9.3,23.31,13.6,20.89,0.49,14,,13,11.6,12,16,14.52,6.7,6.1,7.5,5.5,8.68,16.04,7,8,4.27,7,24,19,17,31,0.5609183209,0.7289172602,
Oklahoma,Georgia,-2,-1.26,-1.25,-0.61,-3.28,-6.24,0.27,-3.17,-0.41,2,7.5,-7,-7.5,-2.47,-0.87,-2.1,-0.34,-1.56,,0.9,1.36,-1.06,2.38,-3.87,-1.89,0.7,-4,,-1,-0.61,1.16,-1.03,0.01,1,1,8.24,-0.01,-1.8,-2.4,0.4,-1,-3.2,-2,4,2.65,1.1,-0.61,-0.47,1,,-1,-2.4,3,,-1.43,-0.01,2.8,-2,7.5,2.58,0.76,-4.9,-2,3.29,54,48,19,-6,102,0.5407759081,0.4916343262,
Oklahoma St.,Virginia Tech,6,1.22,0.39,0.88,3.15,-2.17,2.74,1.66,0.91,3,7.5,-5,-3.5,1.23,2.4,-2.14,2.22,2.39,,5.5,4.86,-1.75,4.02,2.78,1.01,-0.76,-2,,7,2,1.84,1.47,1,6.5,4,1.43,0.32,2.6,2.73,4.3,2,1.8,5,4.2,6.02,7.3,-0.22,-0.13,1,,-1,1.9,3,10.8,2.59,2.8,1.9,4,2.5,4.22,3.32,1.1,1,2.76,21,30,19,9,51,0.407256157,0.5547952925,
Penn St.,Washington,1.5,4.32,5.53,8.82,5.97,1.97,3.89,2.21,4.74,4,9.38,4,5.5,4.32,2.53,4.26,3.98,8.06,,5.2,1.71,2.69,5.56,1.57,5.71,-0.12,5,,-1,4,3.58,1.12,3,1.5,4,-1.33,5.95,2.7,9.07,5.8,2,3.5,2,1.3,6.23,8.3,16.25,0.69,4,,7,2.4,3,0.3,5.29,3.4,3,2,-1,2.53,6.26,-0.6,2,2.64,28,35,19,7,63,0.561237276,0.5976684394,
SMU,Louisiana Tech,4,7.27,8.14,6.1,11.38,2.44,9.07,3.68,7.53,6,16.56,13,13,7.78,3.99,6.36,7.01,5.82,,6.8,6.56,17.78,7.48,3.03,10.96,6.55,9,,7,6.8,5.51,6.19,3,5,6,-8.56,5.31,11.1,13.22,7.8,4,10.5,4.5,6.8,4.58,9.6,13.61,1.96,6,,18,11.7,9,-2.1,11.74,6.9,5.5,5,-8,5.09,12.35,4.9,7,4.83,51,10,19,-41,61,0.5719733357,0.6636568082,
San Diego St.,Army,6,3.01,5.1,4.78,6.03,4.9,4.35,3.35,-1.75,4,10.94,4,4.5,5.05,7.88,3,4.49,0.85,,5.1,5.98,11.06,7.88,3.35,4.64,-3.91,4,,-1,4.18,5.51,3.59,5,6.5,5,12.86,0.51,3.2,6.05,3.7,6,2.3,6,2.1,2.98,8.1,-10.59,1.2,2,,4,2.4,3,8.4,,6.6,3.5,6.5,11,7.93,4,3.8,2,2.92,42,35,19,-7,77,0.4627341974,0.6095572443,
South Florida,Texas Tech,2.5,0.92,3.56,0.54,-0.36,6.83,-1.22,-2.17,3.35,6,6.56,5,5.5,-1,0.65,4.82,1.98,-0.32,,-2.5,2.84,7.75,5.09,5.63,1.34,-6.27,6,,3,1.32,1.53,-0.54,0.01,2,-3,10.94,8.24,4.5,-2.43,0.7,3,3.2,2.5,-4.1,0.44,-2.5,-1.46,0.03,2,,-4,3.8,1,3.4,,3.2,1.3,2.5,16,0.68,-1.56,-1,7,4.04,34,38,19,4,72,0.4873384268,0.5481023209,
TCU,Stanford,3.5,-0.01,1.27,7.59,8.43,12.64,2.18,-1.66,-3.26,4,-2.81,1,1.5,1.64,2.77,2.95,1.64,4.62,,-0.9,0.48,1.16,5.13,1.49,4.03,0.12,-2,,-1,1.5,0.41,1.5,0.01,2.5,-1,-8.31,-2.93,-0.6,5.45,2.2,1,-1.2,3.5,5.2,7.28,3,24.72,0.14,3,,5,-1.3,7,0.01,1.94,3,1.2,2.5,-4,-5.52,1.95,1.7,2,3.82,37,39,19,2,76,0.4546489791,0.5400061481,
Texas,Missouri,-2.5,4.65,0.66,6.65,5.49,5.86,5.38,-0.66,-0.47,-1,10.94,3,1.5,6.75,7.21,2.95,3.45,3.89,,2.7,2.96,4.81,0.8,-0.91,4.15,1.75,-1,,13,3.89,7.44,3.09,1,-1.5,-2,6.52,0.88,5.5,5.71,5.2,4,6.3,-1,1,-0.22,7.8,3.24,0.25,5,,9,4.2,-3,-9.5,6.37,3.4,10.6,-3,2.5,-1.81,7.01,-2.8,-1,3.90,16,33,19,17,49,0.6420710669,0.5835793581,
Toledo,Appalachian St.,7,7.79,11.4,9.95,10.69,2.92,9.17,5.67,8.86,9,5.63,12,13,6.98,5.07,8.5,7.7,8.18,,6.8,8.42,22.66,12.83,7.25,8.56,8.97,11,,9,7.74,8.2,3.72,5,8,11,-0.84,6.43,7.7,7.38,5.9,6,7.1,7,7.7,10.17,11.8,17.04,2.47,6,,14,5.9,6,3.9,,7,1.5,7.5,-3.5,14.09,10.26,4.9,5,3.49,34,0,19,-34,34,0.5171750088,0.6821471278,
Troy St.,North Texas,6.5,6.37,4.14,6.72,11.23,6.83,4,9.7,4.73,8,7.5,6,5,7.19,14.45,2.47,7.84,5.31,,10.2,4.98,6.19,5.11,4.72,7.02,9.36,3,,17,7,6.76,5.06,12,5.5,6,18.69,11.29,11.8,9.87,8.5,9,11.2,6.5,9.4,4.87,0.7,2.51,0.62,7,,4,12.5,10,6,4.54,6.6,10.7,7,13,8.56,4.57,9.5,5,3.40,30,50,19,20,80,0.5328896908,0.6854153031,
UCLA,Kansas St.,-2.5,-3.68,-0.58,-7.71,-5.01,-5.21,-4.74,-4.86,-5.09,-5,-4.38,-0.25,0.5,-3.14,-3.07,-2.59,-4.18,-5.46,,-6.4,-2.29,-0.06,-8.9,-1.51,-3.19,-0.19,1,,-7,-4.8,-2.67,-0.79,-8,0,-6,-8.5,-5.6,-8.4,-5.47,-3.8,-2,-8.5,-2.5,-8.1,-1.54,9,5.34,0.27,-2,,-6,-7.7,-8,-7.1,,-2.4,-6.1,-2,-4,-4.36,-5.46,1.2,-4,3.35,35,17,19,-18,52,0.4587655777,0.3983471759,
Wake Forest,Texas A&M,3,3.71,4.87,6.93,9.53,5.77,7.89,6.72,3.01,5,1.56,8,6.5,5.01,-2.73,4.79,4.79,5.36,,4.1,3.29,7.53,4.7,-2.88,8.28,-1.52,6,,12,5.01,1.51,3.48,1,3,1,-11.99,3.59,7.4,9.64,6.4,3,6.6,3,12.3,7.18,9.6,12.67,-0.05,4,,9,6.4,6,7.3,11.06,3.5,3.3,3,-4,3.26,10.81,0.3,2,4.23,52,55,19,3,107,0.5433804139,0.6146876299,
Washington St.,Michigan St.,-2,-0.97,-3.94,-6.2,-1.24,1.14,0.21,-5,-3.76,-1,3.44,-2,-2.5,0.83,1.53,-3.22,-0.01,-5.32,,0.7,3.75,-4.5,-2.96,-1.19,-2.09,-1.34,-2,,3,-1,-1.03,2.45,1,3.5,0.01,14.14,5.21,4.2,-1.89,0.7,3,3.1,-2,-5.1,-3.2,2.4,0.79,-0.55,3,,-2,5.8,1,,-0.99,-1.6,1.7,2.5,9,-1.33,-2.34,-1.5,2,3.85,42,17,19,-25,59,0.5484831506,0.4997557633,
West Va.,Utah,-6.5,-0.77,1.82,3.71,2.06,-1.58,0.48,-3.52,0.83,2,1.88,1,1.5,-2.01,-1.35,0.94,-0.51,1.73,,-4.9,-0.73,2.81,0.98,1.21,2.24,-0.01,-1,,-4,-0.19,-0.42,-0.28,-1,-4.5,-2,0.3,-4.21,0.2,2.82,-0.1,-2,0.7,-5,-3.2,-2.24,-1,9.4,0.33,-2,,1,0.2,-4,-5.7,,-0.3,0.2,-7,4.5,-3.1,-0.46,-9.4,1,2.58,30,14,19,-16,44,0.6452192939,0.4873513839,
Western Kentucky,Georgia St.,6.5,5.36,-2.68,5.66,-0.56,2.35,2.3,1.34,6.68,8,-0.31,2,2.5,4.34,4.66,2.81,4.83,2.72,,9.1,3.14,-4.5,4.75,5.08,-1.38,2.35,1,,5,4.66,6,2.95,11,5,7,25.87,8.51,7.3,-0.9,5.5,6,6.9,6.5,6.8,7.09,-1,-0.55,-0.09,7,,4,6.6,5,1.1,2.81,3,4.3,6.5,15,8.11,4.49,3.9,3,4.54,27,17,19,-10,44,0.4597150589,0.6150677841,
Wyoming,Central Mich.,3.5,0.62,-3.01,-1.91,-3.1,0.74,0.56,-2.14,-4.75,-6,-6.88,-1,-2,2.99,1.34,-0.56,-1.64,-4.98,,-2.2,-0.84,-6,-3.44,-2.73,-3.2,-0.59,-3,,-2,-1.4,2.69,2.27,1,0,-8,6.05,0.39,-1.4,-2.08,1.1,1,-0.8,2,-7.4,-11.84,-0.01,-7.94,-0.68,1,,-2,0.4,-4,-3.1,-0.59,-1.3,0.5,0,2,-8.34,0.3,-1.6,1,3.28,14,37,19,23,51,0.3755835412,0.4597053163,
Georgia,Alabama,-4,-3.73,1.29,-1.09,,-3.76,0.14,1.98,-0.66,2,-12.75,-2,1,-4.33,-8.18,3.94,-2.01,5.13,,-1.7,-3.67,1.81,-4.01,3.75,1.11,1.37,,,-4,-2.5,-5.75,-2.58,-7,-4,-1,-9.98,-4.15,-4.8,1.25,-5.6,-4,-3.7,-4,4.2,-2.65,-0.8,2.13,0.69,-5,,-0.01,-6.5,-7,-0.01,1.05,-3,-3,-3.5,-9.5,15.08,-2.42,,,4.65,26,23,20,-3,49,0.5478811497,0.451639985,
