Home,Road,line,linesag,linepayne,linenatsportrank,linepfz,linelaz,linemore,linesagelo,linemarsee,linenutshell,lineargh,linecpa,linehow,linesagpred,linecparetro,linekam,linebass,lineavg,lineelo,linepugh,lineborn,linesuper,linedunk,linebill,linecovers,linebihl,linebill2,linemassbcs,linebf,lineclaa,linemedian,linewolf,lineharm,lineanderson,linecoll,linemaas,linefox,lineopen,linepig,linenutshellretro,linecons,linecong,linesportrends,linedoi,linel2,linepivint,lineash,linesid,lineca,lineburdorf,linesprs,linekeep,linekerns,linel2hf,linebythen,linelog,linegirl,lineatom,linepiratings,linedwig,lineheresy,linecather,lineschmidt,linetempo,linerba,linelaffaye,linerwp,lineps,lineloud,linestd,lineaustin,vscore,hscore,week,linetrexler,linedokter
Akron,Central Florida,-24,-20.28,-27.94,-27,-29.19,-17.19,-26.94,-20.28,-23,-21.6,-21,-30.5,-18,-20.28,-30.5,-26.18,,-23.37,-20.12,-24.68,-35.15,-21.8,-35.86,-9.67,3,,-12.9,,-31.39,-15.3,-23.65,,,,,,-32,-16.5,-29,-16.25,-16.78,-26.64,,-26.58,,-16,-22,-16.15,-24,-33.6,-26.6,-32.3,-31.2,,-20,,-10.9,-27.49,-29.3,-7.7,-34.51,-35,-15.8,-23,-24,-22,-28.36,,-3,8.14,,56,14,1,-23,-23.65
Alabama,Michigan,14,18.8,10.43,11.34,21.97,8.38,24.88,18.8,14,15.3,10,6.6,17.5,18.8,6.6,22.04,,12.88,23.85,18.68,17.8,7.25,21.16,3.61,4.5,,11.18,,14.83,9.97,12,,,,,,19,11,8,11.54,3.97,-4.47,,10.31,,3,8,10.56,14,22.3,17.24,5.3,9.3,,7,,7.77,9.92,3.4,-0.25,9.79,13,17.4,12,24,18.2,17.29,,3,6.78,,14,41,1,15,14.65
Arizona,Toledo,11,10.62,-0.01,6.5,-7.71,-0.92,1.78,10.62,-6,4.1,6,6.5,5.5,10.62,6.5,5.71,,2.82,-3.44,8.87,-0.45,6.45,-8.54,-4.33,3,,9.59,,-16.11,-19.77,3,,,,,,2,4.5,12,3.3,0.77,0.01,,5.43,,17,1,0.01,10,-0.7,1.4,-2.2,6.7,,-9,,2.49,6.41,15.2,0.15,16.21,-5,-3.9,1,4,3.3,-10.01,,3,7.36,,17,24,1,-1,5.44
Auburn,Clemson,-3,3.36,-1.82,-4.2,-0.53,-1.84,5.22,3.36,-2,6.1,9,-5.1,3,3.36,-5.1,-1.77,,-0.26,4.1,2.18,1.2,0.15,6.29,-0.67,-3.75,,-1.45,,3.25,-8.1,-0.67,,,,,,0.01,-3.5,-3,2.55,-0.99,0.97,,0.29,,-8,-3,-1.61,-3,5.7,-1.77,-1.9,-10.3,,-6,,-1,0.28,-7.5,0.01,0.01,-3,1.5,1,4,-2.6,-1.25,,-3,3.98,,26,19,1,-5,1.08
BYU,Washington St.,11.5,15.31,11.21,12.2,17,10.04,13.82,15.31,19,9.5,20,12.2,20.5,15.31,12.2,9.08,,13.93,11.9,14.05,12.75,22.6,17.11,24.33,3,,10.04,,32,23.46,13.82,,,,,,14,12.5,11,9.57,21.34,24.17,,10.79,,13.5,17,5.45,11.5,17.7,15.25,23.7,1.8,,14,,9.65,11.27,9.4,8.55,18.4,16,11.7,8,17,11.8,21.43,,3,5.85,,6,30,1,14,18.95
Ball St.,Eastern Mich.,3,8.82,4.99,2.57,-0.77,5.7,5.97,8.82,7,3.5,6,5.2,8.5,8.82,5.2,4.57,,4.75,3.49,8.43,6.35,7.3,0.39,7,3,,4.13,,3.03,5.93,4.99,,,,,,9,6,5,6.73,5.02,-2.94,,3.55,,0,5,3.8,3,2.5,1.37,4.9,-2.9,,5,,9.96,4.98,3.4,-0.8,4.18,2,4.7,5,10,7.5,5.1,,3,3.03,,26,37,1,1,7.99
Baylor,SMU,10,10.93,9.48,14,12.56,15.46,23.06,10.93,18,13.7,23,12.1,11.5,10.93,12.1,11.61,,14.21,14.8,5.5,21.55,19.45,8.92,14.67,3,,8.35,,12.49,10.73,13.2,,,,,,18,16,13,12.28,17.86,15.88,,10.5,,-0.5,15,10.1,10.5,27.8,11.53,20.4,24.8,,12,,10.86,17.97,16.2,13.2,19,22,13.31,8,14,9.5,18.42,,3,5.36,,24,59,1,12,14.47
Boston College,Miami (Fla.),-2.5,-3.26,-1.97,0.39,-6.78,-6.77,1.77,-3.26,-2,1.9,0.25,1.6,-2,-3.26,1.6,-7.45,,-0.83,0.45,-6.57,-1.55,-12.5,-6.04,-1.33,3,,-2.53,,-5.78,-5.71,-2,,,,,,-2,-2.5,-2,-1.04,-2.79,7.38,,-2.5,,7,5,-3.93,-2.5,10.4,-2.89,7.8,-8.3,,6,,-3.99,4.1,6.6,0.6,1.67,12,-3.3,-3,-6,-2.5,-10.22,,3,4.81,,41,32,1,-5,0.37
California,Nevada,11,7.54,7.76,7.5,0.55,9.41,3.57,7.54,7,10.3,6,9.9,3.5,7.54,9.9,13.23,,7.22,6.48,4.58,5.45,14.45,11.56,9.33,3,,13.04,,-5.66,-4.14,7.5,,,,,,6,9.5,10,9.15,9.28,6.8,,12.55,,14,10,4.47,10.5,4,5.53,15.6,14.7,,17,,8,8.61,14.5,4.15,11.66,2,5.5,2,7,9.5,6.79,,3,4.46,,31,24,1,6,10.01
Colorado St.,Colorado,-6.5,-7.43,-8.03,-3,-0.45,-4.79,-10.46,-7.43,-4,-12.3,-13,-5.4,-6,-7.43,-5.4,-8.91,,-5.07,-8.4,-8.44,-9,-10.45,-3.98,-10.67,0.01,,5.62,,5.82,0.66,-5.05,,,,,,-11,-6,-7,-8.68,-5.02,6.8,,-8.09,,-4,-5,-3.94,-6.5,-6.3,-3.23,-7.2,-10.3,,4,,-5.05,-2.73,-5.7,-6.35,-3.47,4,-6.2,-4,-1,-6.8,-7.4,,-3,4.50,,17,22,1,-4,-10.37
Connecticut,Massachusetts,21,17.61,28.48,20.14,21,18.54,20.5,17.61,18,26.6,26,20.3,22.5,17.61,20.3,,,20.22,-1.61,22.79,30.95,-8.05,22.36,18.67,3,,20.23,,20.79,18.29,21.02,,,,,,27,21,24,19.54,21.02,23.08,,27.25,,22.5,22,13.78,21,21.4,22.75,31.6,,,38,,12.47,19.62,33.3,22.2,31.9,22,16.4,7,1,13.1,23.21,,3,7.94,,0,37,1,15,26.11
Duke,Florida Intl.,2.5,5.06,1.02,0.21,-15.03,3.14,4.84,5.06,-12,7.5,-1,0.4,-2.5,5.06,0.4,4.42,,1.57,2.15,4.26,8.55,4.6,1.31,4.67,3,,4.77,,-13.71,-16.75,3,,,,,,3,5.5,6,7.21,-1.48,-6.82,,2.91,,12.5,4,-0.3,2.5,5.5,-5.52,-1.4,4.2,,9,,6.92,8.18,8.9,-8.6,5.1,5,1.2,2,3,-0.9,-6.76,,3,6.15,,26,46,1,-5,6.52
Florida,Bowling Green,29,26.07,27.33,25,16.21,17.81,25.61,26.07,16,22.1,22,22.9,20.5,26.07,22.9,26.82,,20.92,14.78,26.61,23.55,40.8,17.55,18.67,15.5,,20.04,,9.17,1.6,21.9,,,,,,26,23,26,19.52,26.07,16.74,,27.37,,23,21,11.69,27.5,16.9,22.61,13.1,25.5,,10,,16.94,18.41,27.1,9.2,28.73,18,14.65,17,42,17.6,21.22,,3,6.89,,14,27,1,20,25.62
Georgia,Buffalo,38,28.85,33.91,38.09,34.49,28.57,37.25,28.85,33,30.1,33,44.1,26,28.85,44.1,39.74,,32.66,28.77,30.65,37.15,50.6,39.47,34.67,23,,38.17,,24.71,28.56,33.91,,,,,,38,37,40,25.86,38.64,23.2,,41.13,,33,35,20.29,37.5,33.2,36,41.7,36.8,,41,,21.63,33.57,39.8,19,44.17,41,25.34,23,46,24,37.64,,3,7.88,,23,45,1,34,35.4
Houston,Texas St.,36,32.97,57.65,37.5,43.4,35.79,42.67,32.97,51,36.7,31,32.1,34.5,32.97,32.1,,,33.31,33.19,29.77,50.95,18.45,35.13,39.67,3,,34.87,,46.61,45.19,35.13,,,,,,49,37,34,28.48,36.91,26.87,,36.88,,20,31,32.75,36,39.5,39.95,44.9,,,45,,20.26,36.22,35.3,25.95,35.71,43,32.2,7,7,26,41.76,,3,11.18,,30,13,1,31,32.78
Illinois,Western Mich.,10,10.4,4.81,7.69,9.77,8.47,8.85,10.4,3,6.4,9,9.2,7.5,10.4,9.2,8.27,,7.42,1.44,11.81,6.65,11.1,-0.84,9.67,3,,10.63,,-9.91,0.56,8,,,,,,7,8.5,8,7.35,10.36,5.28,,7.15,,13,10,4.89,10,5.9,9.89,13.2,16,,6,,8.29,9.7,15.1,3.05,12.31,5,2.7,6,7,8.2,7.64,,3,4.16,,7,24,1,8,5.03
Iowa St.,Tulsa,-1.5,-1.36,0.01,-2.67,-8.69,0.01,-3.38,-1.36,-3,3.6,5,0.8,-3,-1.36,0.8,-3.79,,-0.82,-0.36,0.23,-1.95,-8.65,6.58,-0.33,3,,-0.72,,-15.2,-14.42,-1,,,,,,-3,-2,0.01,4.19,-2.46,-1.38,,-0.66,,-6,-1,-0.8,-1.5,-3.5,-4.85,1.3,3.3,,8,,4.77,-0.35,4,-2.75,-6.48,2,11.3,-3,-1,0.6,-3.43,,-3,4.45,,23,38,1,-1,0.01
LSU,North Texas,43,40.39,38.22,39.81,43.54,36.87,43.92,40.39,42,40.9,34,47.1,34.5,40.39,47.1,49.92,,38.75,43.35,39.96,44.75,55.2,55.06,36.67,27.5,,43.3,,33.15,30.8,40.39,,,,,,45,48,46,34.27,39.02,21.58,,39.98,,40,37,28.24,43,40.5,43.27,42.5,45.7,,33,,27.64,34.97,49.4,16.45,49.31,33,40.63,27,59,25,46.31,,3,9.42,,14,41,1,43,37.55
Louisville,Kentucky,13,4.95,14.57,11.66,17.09,7.45,11.02,4.95,13,5.1,10,18.9,5.5,4.95,18.9,8.16,,11.26,9.22,9.86,11.55,15.85,8.39,11.33,3,,10.92,,22.25,11.83,11.33,,,,,,14,13,16,3.37,14.96,18.15,,13.7,,12,11,6.14,13,15.6,15.55,13.8,7.5,,9,,1.65,10.19,12.9,6.9,21.45,17,6.5,10,11,12.5,7.57,,-3,5.00,,14,32,1,12,10.95
Michigan St.,Boise St.,6.5,-5.47,4.34,6.06,-5.98,-3.2,0.98,-5.47,-1,2,6,9,-8.5,-5.47,9,-8.23,,1.29,-0.95,-0.33,0.15,-3.1,-0.54,1.33,10,,7.8,,-5.85,-9.5,0.51,,,,,,-5,7.5,6,0.13,3.87,11.37,,5.38,,10,-5,-0.45,6,2.9,0.51,11.2,-8.7,,2,,-1.73,0.12,13.7,6.05,8.15,9,-3.3,-7,-1,0.01,-4.95,,-3,6.00,,13,17,1,3,6.6
NC St.,Tennessee,-3,-1.17,-6.96,-1.96,8.79,-4.91,4.72,-1.17,4,2.5,-6,-0.3,2.5,-1.17,-0.3,1.29,,-0.19,1.45,-3.11,6.5,1.5,5.12,10,0.01,,-0.28,,15.33,4.84,-0.3,,,,,,4,-7,0.01,1.24,0.45,-0.46,,-1.81,,3.5,-4,-2.01,-2.5,5.3,2.65,-0.3,-11.2,,-12,,-0.01,-4.94,-9.9,0.85,-10.29,7,-2.6,-1,3,-3.1,-0.15,,-3,5.17,,35,21,1,-2,-5.88
Navy,Notre Dame,-15.5,-7.64,-16.79,-18.81,-11.7,-12.23,-16.9,-7.64,-12,-14.7,-21,-19.9,-6.5,-7.64,-19.9,-10.76,,-14.93,-9.47,-11.68,-16.4,-20.25,-18.24,-22.67,-11.5,,-12.57,,-5.03,6.64,-15,,,,,,-15,-14,-15,-10.18,-19.44,-24.66,,-18.7,,-22,-20,-10.54,-15.5,-15.5,-14.35,-11.5,-21.7,,-21,,-5.65,-23.45,-30.3,-14.85,-20.2,-24,-8.8,-6,-18,-14.3,-13.92,,3,6.74,,50,10,1,-15,-18.93
Nebraska,Southern Miss.,19.5,9.54,12.94,12.3,1.45,4.97,3.71,9.54,-1,5.9,20,16.2,7.5,9.54,16.2,9.51,,9.09,0.33,11.59,-1.05,13.95,21.39,3.33,15.75,,16.28,,-11.57,-4.4,9.54,,,,,,2,17.5,14,7.48,10.06,13.42,,14.82,,17,14,3.13,18,-6.2,10.48,11.7,7.9,,17,,9.06,14.33,23.3,10.4,19.41,9,2.5,5,1,2.3,3.77,,3,7.23,,20,49,1,8,15.78
Northern Ill.,Iowa,-10,-4.39,-0.78,-1.72,6.41,-0.73,5.95,-4.39,5,-3.5,-3,-1.8,1.5,-4.39,-1.8,-2.19,,-0.64,3.04,-7.51,2.75,-8.25,-2.13,7,3,,-3.43,,20.16,20.73,-1.72,,,,,,3,-6,-6,-1.5,1.77,1.87,,-9.15,,-15,4,-3.17,-8.5,8.8,-1.8,5.4,-3.7,,-13,,0.51,-7.32,-12.1,6.4,-11.1,2,-0.1,-1,-11,-1.9,1.66,,-3,6.77,,18,17,1,-2,-8
Ohio St.,Miami (Ohio),24.5,24.82,23.96,19.37,11.95,14.48,16.6,24.82,11,15,16,25.5,18.5,24.82,25.5,19.54,,18,10.53,25.44,16.85,33.45,24.7,20,18.75,,20.24,,-0.01,5.32,18,,,,,,17,20.5,26,14.82,23.91,8.19,,26.27,,25,15,7.12,24,12.6,17.48,13.6,15.9,,14,,14.64,19.13,24.2,14.8,29.35,19,20.22,13,28,10.4,19.07,,3,6.54,,10,56,1,17,25.24
Oregon,Arkansas St.,37,30.02,26.15,31.55,24.87,23.84,33.18,30.02,21,21.7,28,33,27.5,30.02,33,36.95,,27.43,26.2,32.86,35.15,41.15,37.44,14.33,26.5,,31.07,,12.32,8.78,29.29,,,,,,32,31,30,20.71,26.4,17.02,,34.48,,33.5,29,17.86,35.5,33.3,30.19,32.2,32.3,,21,,19.71,33.42,38,9.55,40.9,32,22.5,18,29,23,26.26,,3,7.89,,34,57,1,23,33.94
Penn St.,Ohio,6.5,16.55,12.26,8.14,0.85,14.29,10.46,16.55,7,8,9,4.5,10.5,16.55,4.5,15.84,,7.44,10.25,14.92,12.85,25.45,4.12,11,3,,7.85,,-2.77,1.31,8,,,,,,15,15.5,10,9.06,9.9,-7.82,,9.47,,6,12,6.19,6.5,3.6,3.43,2.7,11.4,,10,,10.11,7.25,4.9,-4.35,3.59,3,8.8,8,11,12.2,11.92,,3,5.36,,24,14,1,3,9.03
Rice,UCLA,-16,-7.61,-12.27,-14.35,9.65,-6.6,-12.58,-7.61,-3,-6.1,-10,-18.1,-4.5,-7.61,-18.1,-6.73,,-8.89,-4.43,-11.85,-10.95,-13.3,-7.64,-7.33,3,,-13.57,,4.64,3.53,-9.15,,,,,,-10,-14,-17,-4.51,-11.63,-9.15,,-16.94,,-19,-13,-3.64,-15,-13.8,-2.93,-15.9,-11.6,,-13,,-2.93,-14.61,-18.5,-4.25,-20.08,-18,-2.8,-3,-13,-2.2,-7.59,,-3,6.47,,49,24,1,-11,-5.41
South Alabama,Texas-San Antoni,6,12.84,20.11,8.84,3.5,4.49,14.07,12.84,9,4.5,7,6.2,3.5,12.84,6.2,,,5.96,3,5.52,5.15,3.8,11.58,3,3,,3,,6.79,5.4,5.08,,,,,,6,6.5,5,5.25,4.43,0.01,,4.45,,,4,2.05,6,10.3,5,3.6,,,8,,6,1.34,,5.5,-0.01,7,6.54,7,-1,3,13.14,,-3,4.36,,33,31,1,8,6.81
Stanford,San Jose St.,24.5,32.1,27.16,30.8,46.28,27.24,35.39,32.1,32,25.1,35,29.2,29.5,32.1,29.2,41.79,,30.06,24.49,29.22,35.35,48.35,36.32,31.67,22.5,,23.88,,18.89,21.49,30.3,,,,,,39,24.5,28,23.43,34.81,28.11,,27.79,,18,37,22.44,25.5,30.3,35.89,32.8,43.1,,34,,21.75,37.73,33.5,17.9,32.28,39,22.5,22,46,24,33.35,,3,7.57,,17,20,1,29,29.89
Syracuse,Northwestern,0,-0.65,1.02,-2.3,3.99,-3.16,-7.04,-0.65,-1,-4.7,6,1.4,-0.5,-0.65,1.4,-3.54,,-0.97,-3.98,0.05,-7.25,-7.35,-0.27,-6.33,3,,-0.01,,-6.44,-1.15,-0.65,,,,,,-1,-2.5,-4,-1.03,-1.88,-0.01,,-2.04,,0,3,-1.9,0,-8.5,1.5,5.5,-5.4,,-7,,2.64,0.36,1.2,-0.2,7.15,-3,-1.43,1,-1,0.01,-4.27,,-3,3.34,,42,41,1,-2,1.86
Texas,Wyoming,31.5,22.93,30.2,24.78,13.91,21.28,20.79,22.93,18,18.6,22,28.5,17.5,22.93,28.5,25.11,,21.24,17.56,22.61,23.05,39.5,12.75,13.67,18,,21.64,,9.7,4.06,22,,,,,,22,24.5,26,14.94,26.28,20.57,,27.59,,27.5,25,12.62,30,24.8,21.46,22,33.6,,27,,11.27,23.5,33.1,4.4,27.09,23,15.7,14,29,22,19.93,,3,6.81,,17,37,1,20,27.22
Tulane,Rutgers,-20,-19.65,-26.21,-20,-14.63,-20.41,-28.33,-19.65,-25,-14.5,-21,-27.3,-17.5,-19.65,-27.3,-23.33,,-20.69,-22.4,-20.53,-30.25,-28.95,-37.24,-20.33,3,,-21.52,,-26.52,-28.25,-21,,,,,,-25,-24,-23,-10.76,-23.78,-18.65,,-25.16,,-15,-17,-13.61,-20,-27,-17.32,-29.8,-24.7,,-16,,-7.02,-17.67,-26.6,-20.3,-24.99,-29,-18.7,-12,-13,-17.6,-34.25,,-3,6.98,,24,12,1,-22,-22.13
UAB,Troy St.,-6,-1.98,-0.94,-2.41,-1.96,2.86,6.1,-1.98,5,6.1,-3,-4.3,-3,-1.98,-4.3,-3.94,,-0.41,6.77,-1.56,3.35,0.05,-7.44,2.33,3,,-2.04,,5.42,-0.59,-1.96,,,,,,5,-4.5,-3,4.32,1.64,-7.07,,-2.47,,2,-3,-0.2,-4.5,3.4,-3.73,-0.4,1.3,,-2,,2.54,-4.02,0.4,-0.85,-0.46,-4,7.5,-3,3,3.5,3.85,,-3,3.61,,39,29,1,-2,-4.24
UNLV,Minnesota,-9,-7.14,-9.65,-10.46,-3.73,-11.22,-16.53,-7.14,-7,-7.7,-9,-20,-4,-7.14,-20,-10.6,,-9.16,-11.94,-10.04,-18.65,-13.8,-6.52,-0.01,3,,-14.02,,-8.23,-1.07,-9,,,,,,-11,-12,-16,-3.97,-6.91,-4.03,,-15.21,,-13.5,-9,-5.7,-9,-16.3,-6.37,-5.9,-13.7,,-9,,-0.25,-6.89,-18.4,-7.1,-11.11,-12,-7.8,-10,-1,-3.4,-15.45,,-3,5.32,,30,27,1,-9,-9.82
USC,Hawaii,42,22.19,38.2,38.48,13.03,23.45,41.54,22.19,33,27,37,46.7,21,22.19,46.7,28.63,,31.62,28.17,26.34,39.75,42,44.56,30.67,27,,36.89,,31.77,19.68,31.77,,,,,,34,39,40,20.96,34.98,30.3,,40.17,,34.5,35,18.71,41,48.7,26.52,49.8,35,,38,,14.91,32.39,51.1,25.35,36.6,52,20.34,16,25,24,29.01,,3,10.29,,10,49,1,30,35.66
UTEP,Oklahoma,-30.5,-25.21,-29.47,-32.79,-27.4,-25.95,-27.24,-25.21,-22,-19.5,-31,-34,-26,-25.21,-34,-26.45,,-26.46,-20.9,-28.64,-28.35,-41.3,-31.99,-25.33,-20,,-25.47,,-15.16,-20.25,-27.24,,,,,,-26,-30,-30,-15.79,-29.78,-24.85,,-30.47,,-22,-34,-19.29,-30,-29.2,-28.95,-25,-43.1,,-24,,-12.08,-27.62,-38.4,-17.1,-34.58,-31,-19.5,-11,-32,-22,-28.64,,-3,7.07,,24,7,1,-29,-32.05
Vanderbilt,South Carolina,-6.5,-10.68,-6.04,-2.5,-18.7,-2.98,-2.76,-10.68,-6,-9.8,-6,-7.9,-12.5,-10.68,-7.9,-6.32,,-6.76,-4.01,-9.96,-2.25,-11.65,-8.93,-11.33,-3,,-10.83,,-1.5,-6.82,-6.32,,,,,,-4,-8,-8,-7.9,-10.35,-6.88,,-8.34,,-8,-7,-1.77,-6.5,1.4,-12.85,-6.4,-3.6,,1,,-6,-4.79,-3.8,-9.55,-4.53,-1,-3.7,-10,-8,-0.6,-12.04,,-3,3.98,,17,13,1,-12,-6.1
Virginia Tech,Georgia Tech,7.5,12.04,7.21,4.4,12.99,8.8,5.09,12.04,13,8,13,8.9,14.5,12.04,8.9,9.28,,9.09,7.71,10.78,7.95,14,4.55,9,16.5,,9.51,,12.59,12.94,9,,,,,,9,7.5,8,6.38,11.06,13.06,,6.9,,3.5,9,6.63,7.5,7.5,10.25,15,3.9,,6,,4.75,8.48,7.9,4.3,9.91,10,7.01,10,10,15.9,11.41,,3,3.41,,17,20,1,7,9.41
Washington,San Diego St.,14.5,7.89,10.56,12.21,-2.84,6.12,11,7.89,6,10.6,13,17.7,5,7.89,17.7,6.37,,9.54,10.14,7.34,13.45,10.6,16.58,11,3,,15.44,,-0.96,-4.83,10.14,,,,,,11,10.5,18,9.07,12.58,5.7,,19.09,,15.5,7,4.24,14,14.2,5.83,11.8,7.8,,22,,7.55,13.41,16.2,1.95,13.17,16,5.3,3,11,6.1,5.5,,3,5.59,,12,21,1,7,10.66
West Va.,Marshall,25.5,19.97,22.96,26.71,23.53,18.6,23.15,19.97,19,12.6,20,24.1,17.5,19.97,24.1,25.57,,21.18,15.76,24.42,25.15,37.1,32.01,17.67,20.75,,23.71,,15.84,5.92,22,,,,,,24,22,24,11.95,24.71,18.68,,25.72,,13,24,14.68,25,26.7,23.77,22.7,26.2,,18,,11.31,20.56,20.7,6.65,33.5,29,13.5,16,24,19.3,21.29,,3,5.98,,34,69,1,22,25.39
Alabama,Western Kentucky,37.5,44.49,43.66,38.74,36.53,37.93,48.29,47.83,43,34.65,31,47.67,29.5,43.88,47.05,46.53,,37.18,43.19,43.85,47.65,50.58,49.62,34.37,28,,41.5,,30.38,34.79,38.74,,,,,,43,37,34,30.02,30.54,12.52,,39.06,,30.5,35,30.7,37.5,33.5,39.38,24.5,27.6,,37,,25.4,37.39,41.7,10,44.92,38,39.32,32,46,25,37.92,,-3,9.98,,0,35,2,35,40.35
Arizona,Oklahoma St.,-11,-8.54,-11.35,-12.94,-21.12,-12.43,-22.52,-2.17,-17,-10.12,-20,-14.02,-14.5,-10.24,-18.8,-16.79,,-15.6,-15.86,-1.76,-21.85,-18.92,-9.24,-14.52,-9.25,,-5.58,,-22.17,-11.03,-15.23,,,,,,-25,-13.5,-12,-7.6,-15.43,-21.49,-19.5,-15.23,,-6,-19,-13.21,-11.5,-24.1,-13.32,-26.2,-6.6,,-19,,-5.07,-16.5,-20,-19.95,-19.72,-27,-22.28,-7,-11,-23,-27.03,,3,6.78,,38,59,2,-21,-18.93
Arizona St.,Illinois,4,8.47,0.58,6.26,6.45,7.64,0.84,5.72,1,0.83,-2,14.78,3.5,9.12,8.5,11.41,,3.79,2.08,12.72,10.65,2.83,-3.23,-1.71,-2.25,,4.75,,1.99,-1.75,4.59,,,,,,10,6,3,2.81,1,-6.72,9,-1.52,,5,1,4.59,4,-3.1,5.85,6.8,21,,-2,,4.79,7.24,-1.6,-5.6,-1.97,2,4.97,5,10,6.9,10.33,,-3,5.51,,14,45,2,-1,8.43
Arkansas,Louisiana-Monroe,30.5,26.89,29.06,28.08,22.54,22.82,34.32,25.86,31,29.3,28,24.23,24.5,27.05,31.12,31.2,,27.52,30.06,23.24,30.15,48.08,31.66,34.38,25,,28.39,,21.71,29.19,28.08,,,,,,31,28,31,25.24,34.41,24.98,8,32.22,,27.5,21,18.61,30.5,26.9,30.18,32.1,10.2,,18,,21.17,23.99,35.9,14.05,40.51,29,25.76,16,41,23,37.47,,-3,7.63,,34,31,2,26,30.68
Arkansas St.,Memphis,23,20.04,38.04,23.5,16.38,22.9,26.35,22.86,44,18.18,21,36.73,22,19.53,35.83,31.91,,24.98,20.33,25.44,31.85,30.5,29.21,34.58,2.55,,24.22,,33.9,33.53,24,,,,,,28,21,24,14.66,23.19,25.85,33,16.1,,20.5,32,22.8,23,,24.98,30.4,26.4,,28,,11.14,25.33,18.4,16,25.07,24,20.99,22,31,24,56.12,,-3,9.06,,28,33,2,24,17.89
Bowling Green,Idaho,17,9.69,15.57,15.55,10.45,14.57,12.68,9.07,26,9.02,19,21.52,9,9.81,14.85,8.94,,14.26,10.03,12.75,19.35,13.08,9.75,17.84,2.74,,15.91,,13.97,18.82,13.87,,,,,,15,7.5,16,7.51,13.77,26.29,16.5,11.43,,19.5,19,8.54,17,,12.11,31.8,18.9,,27,,6.01,12.99,18.4,17,16.71,21,14.66,8,7,11.7,14.73,,3,5.76,,13,21,2,13,16.09
Central Mich.,Michigan St.,-19.5,-19.78,-31.95,-26.49,-21.43,-26.37,-31.29,-22.25,-30,-26.53,-15,-43.5,-14.5,-19.33,-35.68,-27.87,,-24.95,-26.96,-25.04,-40.55,-40.67,-38.69,-32.72,-15,,-35.44,,-24.27,-28.03,-24.64,,,,,,-28,-24,-29,-21.57,-30.06,-18.85,-19,-26.45,,-20.5,-16,-20.61,-20,,-25.47,-20.3,-28.5,,-14,,-16.6,-18.75,-22.7,-15.95,-24.25,-26,-22.79,-15,-21,-23,-33.15,,-3,7.41,,41,7,2,-25,-17.96
Cincinnati,Pittsburgh,5.5,10.99,2.99,4.56,13.84,12.42,9.04,11.32,23,4.1,8,21.56,10,10.93,21.58,6.2,,10.96,9.28,13.69,20.05,20.17,2.11,17.73,4,,5.94,,11.42,25.1,9.75,,,,,,15,-2,8,4.35,18.09,16.28,10,4.15,,15,7,8.38,6,22.9,4.18,15.3,28.3,,7,,4.59,8.53,0.01,9.75,1.56,14,14.83,4,3,14,19.98,,3,6.65,,10,34,2,7,9.45
Clemson,Ball St.,27.5,23.05,24.08,25.21,19.91,17.72,19.84,24.5,16,20.53,23,19.14,20.5,22.79,19.64,24.64,,20.87,14.18,25.19,18.85,36.25,26.18,26.62,12,,22.69,,5.85,16.24,22,,,,,,22,26,29,17.94,25.43,20.27,12,27.71,,26,23,14.95,26.5,14.9,26.41,21.9,25.9,,18,,15.35,19.43,28.7,11.3,24.84,21,14.09,16,24,22,20.25,,3,5.46,,27,52,2,22,22.82
Connecticut,NC St.,-3,4.73,1.65,1.4,7.91,5.34,0.72,-0.23,11,2.58,-1,9.05,4.5,5.72,2.9,1.57,,3.12,11.94,9.97,3.75,5.25,4.28,-2.59,11.48,,-7.02,,1.99,7.79,2.63,,,,,,2,2.5,0.01,1.94,3.57,-2.81,5,-7.41,,-9,2,3.76,-2,1.5,0.14,7.9,18.2,,14,,1.3,5.45,1.2,-1.75,-0.01,4,5.37,7,4,4.2,-1.56,,-3,5.16,,10,7,2,-6,2.63
Florida Intl.,Akron,24,17.19,30.59,30.73,29.05,16.31,29.97,15.2,23,21.72,27,28.4,20.5,17.61,24.82,28.46,,23.33,18.34,19.68,28.75,17.17,28.56,13.21,3.41,,21.16,,37.61,21.19,23,,,,,,30,25,24,17.94,15.06,34.91,25,19.33,,20.5,25,18.37,24,,25.24,43.3,17.4,,16,,14.16,23.55,26.9,19.25,21.56,33,13.7,22,27,23,27.78,,3,7.35,,38,41,2,23,21.89
Houston,Louisiana Tech,-3,2.7,4.26,2.9,4.76,3.48,6.79,3.18,-10,-0.95,7,-7.08,8,2.62,-7.64,14.19,,0.13,-8.23,-11.23,-3.35,6.58,-12.81,11.07,2.66,,-0.83,,2.08,-2.29,0.9,,,,,,13,6,-2,-0.18,1.06,0.01,12.5,-11.2,,-3,4,1.87,-2.5,-8.9,3.92,-0.1,-30.8,,-4,,0.59,0.79,1.7,4.65,-11.37,-3,-5.6,9,18,0.9,4.99,,3,7.98,,56,49,2,6,-0.51
Iowa,Iowa St.,3.5,8.93,5.66,3.25,10.09,3.29,-0.83,10.14,2,-2.22,4,2.37,9,8.72,3.9,8.27,,2.72,0.41,2.46,-2.05,13,-4.14,1.1,-3.41,,-2.07,,5.58,2.51,2.37,,,,,,6,4,1,-0.75,4.17,-0.29,10.5,8.52,,4,0.01,1.94,3.5,-1.8,4.44,0.3,-4.3,,2,,0.72,1.23,-3.3,-0.15,2.77,-4,-0.28,7,11,4.3,6.54,,-3,4.17,,9,6,2,2,8.89
Kansas,Rice,10.5,9.21,12.04,8.9,0.78,8.84,9.77,6.47,7,4.95,6,8.4,9,9.72,2.63,5.07,,8.04,10.06,13.5,10.65,14.25,8.45,9.1,3.49,,2.88,,-3.01,12.16,8.55,,,,,,6,6,14,6.25,9.72,3.7,-12,11,,6,2,4.03,10.5,,8.64,11.2,23.5,,10,,7.55,6.28,16.5,-0.2,9.26,7,10.77,3,13,5.1,8.42,,3,5.40,,25,24,2,4,7.18
Kansas St.,Miami (Fla.),7,3.14,7.55,7.58,8.46,6.88,6.99,-0.2,12,6.78,12,9.31,5,3.84,8.4,2.08,,8.53,8.32,5.94,7.05,8.5,5.25,18.74,10.75,,8.45,,2.75,11.37,7.55,,,,,,5,6.5,11,4.94,10.63,20.87,2,10.02,,10,8,4.23,7,6.6,6.52,24.7,2.6,,17,,3.11,8.78,23.1,5.25,15.41,7,7.26,5,7,8.5,15.7,,3,5.22,,13,52,2,8,7.65
Kentucky,Kent,6.5,11.53,8.06,8.2,0.22,3.64,8.3,14.75,6,14.08,3,2.6,7,10.94,6.73,10.69,,6.41,7.04,6.97,6.45,10.83,5.02,12.93,2.64,,14.56,,-6.06,-4.6,6,,,,,,11,0,5,11.78,4.93,-0.2,-1,12.21,,6.5,5,1.67,6.5,7.6,5.67,5.6,11.7,,6,,9.48,10.41,8.1,-6.35,2.83,-6,0.35,4,31,5,3.62,,3,5.99,,14,47,2,5,10.22
LSU,Washington,23.5,19.91,22.94,24.25,26.46,19.42,26.91,18.55,22,21.85,21,25.83,23.5,20.18,31.36,23.38,,22.4,28.56,16.7,27.15,26.5,27.45,13.27,23,,19.62,,34.81,19.84,22.1,,,,,,27,22,22,16.6,18.44,14.13,28,18.97,,17.5,20,20.71,23.5,23,22.72,28.2,11,,15,,11.35,22.1,28.2,11.15,16.84,26,20.42,19,31,25,31.27,,-3,6.30,,3,41,2,26,18.37
Massachusetts,Indiana,-14,-1.06,-18.55,-4.41,-9.46,-8.31,-3.67,3.28,4,-9.03,-11,-11.65,-7.5,-1.88,-6.71,,,-6.73,13.07,-10.04,-11.85,-5.08,-12.42,-2.64,2.29,,-6.29,,3.53,-13.66,-7.12,,,,,,-2,-13,-7,-5.12,-1.64,-7.66,,-16.35,,-12.5,-4,-8.62,-13,,-11,-8.8,,,-17,,-1.21,-6.62,-22.5,-12.3,-7.23,3,-5.92,-20,-20,4.8,-5.69,,-3,7.11,,45,6,2,-3,-4.05
Michigan,Air Force,21.5,9.7,22.46,23.4,2.07,16.05,22.18,15.4,18,10.45,28,19.35,6,8.72,22.1,15.9,,18.91,16.47,9.11,19.95,15.83,24.1,19.26,22,,24.61,,9.1,15.13,19.35,,,,,,12,20,26,8.73,21.36,28.37,17,24.53,,15.5,23,18.03,21.5,17.5,20.73,25,7.1,,30,,7,25.17,36.7,16.05,25.07,27,16.37,13,20,23,23.55,,-3,7.45,,25,31,2,19,21.72
Middle Tenn.,Florida Atlantic,7.5,7.23,7.11,4.47,1.81,7.8,3.46,8.25,1,6.5,-0.25,6.65,1.5,7.04,4.24,6.82,,4.75,8.29,8.66,3.95,1.83,10.52,-0.74,3,,3.05,,4.05,-6.42,6.58,,,,,,7,7,7,5.93,3.03,-0.7,6,6.88,,7,8,8.13,7.5,,7.21,3.3,-16.4,,6,,5.35,5.86,0.01,-4.2,6.75,4,5.73,10,7,10.7,9.89,,-3,4.82,,17,31,2,7,11.22
Mississippi,UTEP,8,8.26,4.49,7.87,9.46,4.24,4.17,4.44,-5,7.98,10,2.34,8,8.96,3.5,5.39,,5.34,2.89,7.34,2.75,11.92,9.09,0.01,3.34,,0.01,,-7.1,6.24,5.49,,,,,,3,4,11,7.18,7.84,-2.45,-9.5,13.5,,12.5,7,1.9,8,4.1,6.97,9.2,5.9,,5,,6.38,5.49,11.6,7.35,3.81,4,6.73,1,7,4.6,7.38,,-3,4.67,,10,28,2,1,5.12
Mississippi St.,Auburn,3,-0.29,3.91,8.99,17.86,5.83,3.49,-5.06,8,2.68,-7,14.41,1.5,0.7,11.27,7.73,,3.69,7.73,5.8,4.75,1.67,-0.01,-4.21,-6,,5.29,,12.5,9.2,3,,,,,,10,2,4,1.83,4.66,-4.58,9,1.9,,3.5,3,6.41,3,2.8,4.18,-2.3,5,,2,,0.98,2.36,1.1,-1.9,-0.01,13,5.23,3,6,10.8,5.54,,3,5.22,,10,28,2,1,-3.17
Missouri,Georgia,-1.5,4.87,-1.35,2.31,4.77,2.74,3.26,2.14,10,1.85,-0.25,8.35,4.5,5.51,5.4,6.69,,1.49,3.12,4.73,3.95,2.83,2.03,1.41,-17,,-3.29,,3.6,-0.01,2.14,,,,,,3,-3.5,-1,1.68,0.55,0.27,4.5,-4.45,,-1,3,2.65,-0.5,4.4,0.3,3.4,5.1,,0,,1.52,1.06,0.5,-7.7,5.78,-3,-0.24,3,1,5.9,-1.18,,-3,4.30,,41,20,2,-4,0.56
Nevada,South Florida,0,4.46,4.19,-3.69,7.19,2.6,3.56,6.32,15,0.88,2,7.48,7,4.11,7.01,7.87,,4.66,9.97,6.8,7.65,11.92,0.01,9.08,5.5,,0.5,,14.59,6.9,4.46,,,,,,9,1.5,0.01,3.15,6.12,2.07,2,-0.83,,5,-3,1.86,1,7.2,2.72,4.5,15.8,,-1,,5.41,1.13,-3.9,0.5,2.89,6,5.29,6,4,12.7,13.34,,-3,4.73,,32,31,2,-1,4.03
Northwestern,Vanderbilt,-3.5,3.41,1.26,-4.99,7.99,-3.51,-5.12,3.11,1,3.41,-4,-1.93,9.5,3.46,1.55,-5.82,,-2.28,-2,-1.99,-5.55,11.67,2.27,2.45,-8.51,,3.84,,-0.31,4.97,-2.78,,,,,,-2,-1.5,-1,3.8,1.17,-5.3,-2,0.39,,-1,-7,-2.78,-3.5,-8.1,-2.96,-12.3,-11.2,,-8,,4.19,-6.53,-9.1,-4.45,-9.5,-11,-2.89,1,-7,-5.7,1.25,,3,4.86,,13,23,2,-2,-5.38
Notre Dame,Purdue,14,15.21,18.17,17.37,12.1,14.36,16.06,16.36,25,17.22,17,20.49,12.5,15,19.2,24.3,,15.95,16.22,18.34,17.85,25.17,10.74,18.42,14.5,,17.85,,19.33,13.39,16.36,,,,,,19,13.5,11,13.34,17.08,10.37,18.5,11.41,,3.5,19,12.08,14,14.4,15.83,4.1,17.4,,18,,9.47,17.3,16.4,5.7,23.45,19,13.69,15,24,22,13.91,,3,4.81,,17,20,2,10,15.11
Ohio,New Mexico St.,21,16.29,19.77,22.31,17.17,12.94,19.21,18.51,30,12.6,21,19.21,17,15.88,25.66,22.56,,19.61,18.08,14.88,16.25,33.83,10.11,28.08,8.75,,16.88,,26.06,19.47,19.21,,,,,,19,20,21,12.92,24.39,20.63,18,22.68,,22,26,10.25,21,17.6,21.14,29.6,22.8,,25,,13.24,19.99,23,19.1,31.14,31,13.48,18,18,17.2,13.91,,3,5.69,,24,51,2,19,19.61
Ohio St.,Central Florida,17,15.96,17.91,17.02,9.78,15.52,17.27,16.6,15,9.47,18,15.63,13,15.86,10.9,17.24,,14.66,8.95,16.33,18.95,25.25,20.36,14.82,10.5,,22.4,,3.39,12.63,15.63,,,,,,13,14.5,13,9.75,17.16,5.19,3,12.64,,20.5,16,7.72,17,13.2,15.68,12.2,25,,9,,10.03,15.85,16.9,15.85,18.29,19,11.38,10,21,8.9,16.95,,3,4.89,,16,31,2,10,19.65
Oregon,Fresno St.,34,25.39,31.89,29.24,26.48,24.24,38.18,27.36,34,26.72,30,32.71,28,25.01,40.1,29.34,,28.92,31.1,24.97,36.05,38.42,37.87,37.45,26.5,,30.62,,33.7,30.2,29.34,,,,,,38,30,28,23.2,31.96,24.51,28.5,30.87,,23,32,26.38,33,30.4,30.09,25.7,5.2,,24,,19.67,26.07,31.1,18.45,23.6,31,21.36,25,38,25,35.76,,-3,7.29,,25,42,2,30,26.02
Oregon St.,Wisconsin,-6.5,-4.52,-17.01,-14.2,-29.93,-11.63,-13.62,-4.1,-27,-8,-4,-12.41,-11.5,-4.6,-22.78,-12.72,,-11.7,-11.45,-1.76,-11.75,-26.58,-24.18,-18.38,-14,,-13.3,,-22.86,-21.26,-11.5,,,,,,-15,-11,-9,-3.4,-15.66,-8.64,-22.5,-13.5,,0,-10,-14.63,-7.5,-1.8,-10.18,-6.7,4.9,,-3,,1.2,-6.31,-6.9,-6.6,-9.78,-10,-9.88,-15,-14,-14,-22.11,,3,7.46,,7,10,2,-17,-1.91
San Diego St.,Army,6,8.27,13.53,4.13,6.1,10.31,11.04,8.97,14,7.57,7,12.71,10,8.12,10.94,15.01,,9.17,9.89,10.33,9.85,17.25,11.54,17.53,2.81,,11.87,,15.27,12.95,9.34,,,,,,10,6.5,6,8.45,12.57,10.34,8.5,4.12,,15.5,7,7.33,6.5,9.1,8.5,13.2,4.4,,1,,9.34,1.96,4.7,5.9,0.01,8,9.37,10,14,10.1,42.92,,-3,6.18,,7,42,2,7,9.28
South Carolina,East Carolina,20.5,17.92,29.43,22.4,19.72,17.79,28.53,20,25,20.93,24,25.52,16.5,17.53,29.23,28.01,,22.83,20.59,13.39,25.85,34.75,19.6,29.57,22.5,,29.95,,24.49,20.39,22.5,,,,,,25,23.5,22,18.07,28.5,21.95,19,21.67,,22.5,26,17.11,20.5,18.6,23.75,27.5,5.9,,25,,15.22,25.35,25.3,12.4,25.2,28,17.38,18,31,23,32.43,,-3,6.34,,10,48,2,21,21.81
Stanford,Duke,15.5,23.73,19.15,20.69,35.42,17.61,20.57,25.66,17,16.24,24,22.42,26,23.37,36.28,21.54,,20.56,15.88,9.92,23.05,41,35.23,28.47,12.5,,15.66,,25.18,21.08,21,,,,,,30,14,16,10.69,25.46,18.66,28,22.9,,19,23,22.87,16,14.9,16.76,19.8,5.1,,16,,5.14,21.47,18.6,10.1,12.05,22,13,21,29,25,34.87,,-3,7.53,,13,50,2,21,17.38
Syracuse,USC,-26,-17.5,-21.61,-26,-12.5,-19.27,-28.53,-15.32,-23,-19.18,-22,-22.01,-18.5,-17.95,-21.2,-22.3,,-22.81,-18.83,-27.55,-28.45,-36.42,-34.41,-25.25,-21.54,,-21.76,,-29.85,-24.2,-22.3,,,,,,-23,-24,-25,-14.36,-24.75,-23.54,-15,-24.35,,-24.5,-22,-16.73,-25.5,-36.6,-24.2,-25.9,-12.3,,-36,,-9.53,-25.61,-30.9,-18.7,-27.28,-32,-14.09,-13,-27,-23,-29.76,,-3,6.64,,42,29,2,-21,-34.41
Temple,Maryland,9.5,7.61,20.52,9.97,19.12,13.51,12.86,4.79,27,7.6,2,22.51,8,8.17,20.56,11.93,,12.61,17.94,15.63,21.45,22.5,8.72,15,3,,10.58,,36.12,15.16,12.24,,,,,,17,13.5,4,5.21,16.58,14.01,21,-3.42,,-3,6,12.24,9.5,19.6,9.86,20.4,6.9,,13,,2.82,3.88,-3.2,8.3,8.93,23,15.95,14,18,23,29.99,,-3,8.38,,36,27,2,16,4.32
Texas,New Mexico,39.5,32.39,52.1,38.9,36.6,30.53,40.53,35.43,48,26.13,33,37.52,26,31.84,48.86,42.83,,35.98,33.82,33.24,38.25,53.5,43.54,33.73,17,,41.71,,38.62,33.21,37.41,,,,,,39,41,40,23.94,38.82,36.56,40,42.14,,31,44,24.89,39.5,,40.46,38.4,24.7,,42,,21.74,37.3,41.6,14.65,39.67,40,27.4,28,56,25,40.47,,-3,9.65,,0,45,2,33,37.92
Texas A&M,Florida,-1,3.75,1.28,5.9,9.97,9.22,7.45,5.88,14,5.12,-1,16.1,1,3.37,13.06,8.14,,5.77,9.28,6.99,13.45,2.17,-0.19,3.9,-9,,1.56,,11.58,5.55,5.55,,,,,,11,2.5,0.01,3.57,3.62,-1.11,4.5,-2.74,,-2,8,6.48,0,6.8,3.16,9.1,32.2,,7,,2.01,5.64,2,-5.05,-0.01,12,8.41,4,4,9.1,10.75,,-3,6.32,,20,17,2,4,-2.41
Texas St.,Texas Tech,-19,-20,18.54,-21.16,-17.31,-14.31,-13.49,-18.18,12,-16.15,-18,-0.22,-14,-20.41,2.7,,,-10.38,-1.19,-14.1,-9.25,-21.92,-26.84,-8.45,9.25,,-4.62,,9.72,-5.22,-13.41,,,,,,-21,-14.5,-22,-11.66,-12.35,-16.21,,-16.38,,-15.5,-18,-10.43,-18.5,-7.8,-18,-23.3,,,-25,,-7.17,-19.58,-30.7,-16.35,-13.41,-12,-1.67,21,4,-6,-12.01,,3,11.34,,58,10,2,-12,-22.39
Troy St.,Louisiana-Lafaye,3,2.85,-6.55,-2.15,-3.43,-2.36,-8.48,6.63,-5,-4.92,-4,-1.87,1.5,2.11,-5.44,-6.77,,-2.71,-4.04,2.34,-5.45,-3.33,4.89,-10.32,7.5,,-5.06,,-8.85,-6.26,-4,,,,,,-6,1,-4,-1.23,-5.88,-6.35,-6.5,-2.68,,-0.5,-4,-5.17,2,-6.7,-1.94,-8.6,-5.4,,2,,2.47,0.83,-4.5,-12.35,-0.61,-6,-2.27,3,-3,-8.3,-16.64,,3,4.64,,37,24,2,-5,2.32
Tulsa,Tulane,23.5,24.17,25.59,28.33,16.33,18.86,29.59,24.34,22,18.98,24,26.78,25.5,24.15,30.98,22.42,,23.88,22.67,18.61,29.25,33.67,40.67,28.06,2.95,,35.12,,37.23,20.77,23.96,,,,,,34,26.5,21,15.45,23.92,22.3,32,28.21,,19.5,23,21.48,23.5,,23.73,29.4,1.8,,16,,11.92,26.3,23.7,15.6,20.53,32,18.34,20,28,25,60.07,,-3,9.30,,10,45,2,21,27.92
UCLA,Nebraska,-5.5,-7.34,-7.51,-12.56,-18.44,-7.58,-9.04,-7.94,-7,-4.6,-9,-7.14,-9,-7.23,-6.5,-8.79,,-7.68,-5.62,-12.49,-9.75,-17.92,-13.28,-14.96,-1.1,,-4.51,,-6.03,-10.77,-7.23,,,,,,-4,-4.5,-5,-4.42,-10.07,-14.18,-10.5,-7.32,,1,-8,-6.69,-5.5,-4.2,-6.07,-0.9,-9.7,,-2,,-4.25,-4.61,-4.8,-11.15,-11.95,-3,-7.07,-6,-10,-6.2,-11.01,,-3,3.74,,30,36,2,-8,-9.7
Utah St.,Utah,-7,-9.62,-4.14,-3.99,-0.01,0.61,-10.12,-8.74,-2,-5.5,-11,3.43,-7.5,-9.89,-4.19,-14.63,,-5.27,-3.4,-3.75,-3.55,-18,-9.35,-8,3,,-6.92,,3.38,4.6,-5.5,,,,,,-7,-4.5,-12,-4.8,-9.63,-10.28,5,-11.52,,-13,-12,-0.87,-7,-6.5,-9.66,-8,8.6,,-4,,-4.11,-5.67,-15.8,-7.1,-17.82,-4,5.58,-3,-1,3.8,-1.32,,3,5.93,,20,27,2,-5,-11.31
Virginia,Penn St.,10,-3.74,2.36,3.36,10.33,0.01,4.43,-6.55,5,7.8,1,0.18,-1.5,-3.22,1.1,-3.73,,3.18,4.04,5.41,1.45,-7.25,-2.77,-0.46,3.21,,4,,2.83,5.26,3.21,,,,,,0.01,5,7,6.59,4.52,9.35,-4.5,6.08,,10.5,2,-0.63,9,8,4.32,15.7,19.3,,1,,5.38,0.19,9,3.85,3.41,2,3.14,-3,-1,-4.7,-2.82,,3,5.03,,16,17,2,5,6.39
Wake Forest,North Carolina,-10,-7.04,-2.55,-7.09,-12.2,-8.54,-2.48,-2.1,1,4.2,-3,-16.66,-3,-8.13,-1.88,-2.32,,-6.56,-0.85,-18.74,-14.65,-13.33,-12.17,-0.01,3,,-1.5,,-3.74,-2.6,-5.81,,,,,,-10,-4.5,-10,1.98,-8.61,-6.22,-5,-1.24,,-19.5,-8,-5.81,-9.5,-8.9,-6.71,-22.3,-27.9,,-6,,-0.24,-11.06,-13.2,-10.05,-12.53,-11,-5.77,-1,-4,-3,-1.08,,3,6.35,,27,28,2,-5,-5.52
Wyoming,Toledo,3,-1.13,-1.25,-3.4,-11.59,-3.2,-4.03,0.16,3,-0.55,5,-2.29,-0.5,-1.36,-6.1,-6.35,,-1.13,-3.18,-4.56,-5.95,-4.92,5.27,2.11,2.76,,3.21,,-12.59,0.56,-1.13,,,,,,-6,-2.5,1,0.75,-1.41,3.22,-15,0.01,,0.5,-1,-4.69,2.5,-4.8,-1.46,4.1,3.8,,-3,,2.06,-0.76,1.2,3.65,6.71,-3,-3.34,-3,-3,-5.4,-11.52,,-3,4.44,,34,31,2,-2,2.04
Arkansas,Alabama,-20,-21.93,-8.26,-11.56,-14.97,-17.51,-20.7,-19.88,-19,-10.75,-17,-30.46,-17,-22.36,-30.89,-24.32,,-17,-25.19,-22.46,-22.25,-14.31,-21.72,-8.81,-12.75,,-20.08,,-13.92,-24.7,-17,,,,,,-13,-13,-14,-9.82,-8.66,-2,-17,-21.78,,-11.5,-12,-19.17,-20,,-18.66,-15.8,-24.8,,-13,,-8.9,-14.68,-15.3,-17.75,,-18,-16.96,-11,-7,-20,-14.05,,3,6.40,,52,0,3,-16,-12.94
Army,Northern Ill.,-3,-19.89,-16.52,-5.93,-16.88,-15.84,-15.04,-5.89,-14,-6.41,-5,-13.36,-11,-22.93,-4.02,-8.12,,-10.46,-11.96,-22.71,-16.15,-20.31,0.12,-17.16,1.08,,-9.02,,-23.13,-19.44,-10,,,,,,-10,-1.5,-8,-4.22,-14.36,-6.64,-5,-0.98,,-14.5,-5,-9.54,-4,,-10.98,-13.3,-16.6,,-5,,-2.02,0.84,-2.4,-17.15,,-12,-13.92,-7,-10,-8.3,-45.52,,3,7.95,,41,40,3,-10,-9.87
Auburn,Louisiana-Monroe,16.5,4.58,2.31,17.77,-12.09,6.12,10.96,-3.27,-5,16.15,19,-3.06,12.5,5.87,-2.77,11.4,,7.32,-1.99,6.35,4.75,5.25,21.95,14.51,8.72,,12,,-5.47,-3.84,8.42,,,,,,12,17,16,11.65,6.25,18.32,1,8.8,,8.5,7,5.4,15.5,,8.42,6.4,-22.4,,3,,7.14,12.62,20.3,1.6,,10,5.7,10,18,5.8,14.76,,-3,8.68,,28,31,3,2,17.4
Boise St.,Miami (Ohio),21,32.79,38.98,21.19,11.33,28.95,29.86,26.59,36,32.79,15,35.25,27.5,33.99,22,37.26,,26.29,28.88,30.13,37.45,47.75,37.58,30.68,12.31,,27.53,,31.5,27.93,26.17,,,,,,35,21.5,25,24.8,29.55,18.51,33,22.03,,19,23,26.17,21.5,,27.95,24.2,19.7,,14,,16.8,19.85,16.9,18.7,,25,25.3,24,45,22,27.23,,-3,8.61,,12,39,3,12,22.18
Central Florida,Florida Intl.,17,27.23,30.18,11.36,12.14,22.46,12.64,14.02,37,17.92,8,30.43,10,30.14,14.49,22.78,,16.73,20.59,30.29,23.35,18.81,7.68,7.15,13.12,,9.71,,11.96,13.4,15.95,,,,,,19,13.5,18,13.34,15.75,5.13,9.5,15.65,,18,10,12.81,17,,19.37,13,44.2,,18,,8.77,18.11,18.2,7.8,,18,16.45,11,17,16.3,3.82,,-3,8.52,,20,33,3,5,18.13
Florida St.,Wake Forest,28,12.31,18.41,27.2,15.73,18.31,21.63,-2.07,19,6.72,19,8.38,12.5,15.96,19.25,20.27,,19.07,13.97,16.18,20.45,25.31,27.23,10.31,24.51,,17.98,,24.26,3.19,19.25,,,,,,28,24.5,22,6.01,20.8,27.29,19,20.09,,15,28,14.63,27,,16.23,39.2,8,,22,,5.31,24.13,25.4,24.3,,30,12.59,16,18,23,31.96,,-3,8.31,,0,52,3,26,21.75
Fresno St.,Colorado,15.5,22.29,19.42,11.28,12.35,17.97,4.47,31.05,27,-0.39,12,32.66,15.5,20.85,17.87,8.42,,14.93,7.96,21.23,16.85,18.25,17.48,9.45,2.86,,17.6,,10.11,31.9,13.82,,,,,,9,15,14,1.89,14.48,13.23,10,6.84,,17,13,11.19,15.5,,17.33,23.7,36.4,,19,,4.17,13.82,9.7,13.35,,15,15.33,8,10,22,13.11,,3,7.69,,14,69,3,8,10.97
Georgia,Florida Atlantic,42,41.9,49.33,48.98,26.72,41.61,49.46,46.05,45,32.18,31,50.1,30,41.21,56.67,43.44,,41.74,48.2,47.71,57.85,57.94,39.87,40.77,23.28,,46.8,,41.23,45.57,43.43,,,,,,50,44.5,49,28.49,43.76,36.21,33,43.43,,38,43,34.57,42,,43.55,46.7,35.8,,42,,24.79,41.21,50.2,32.1,,54,42.64,29,39,26,53.17,,3,9.81,,20,56,3,34,49.14
Georgia Tech,Virginia,10,4.88,12.79,13.09,5.37,8.06,11.37,-6.59,16,4.7,6,3.16,6,7.46,7.05,7.49,,8.5,9.93,5.98,16.15,10.63,4.77,1.61,11.51,,10.73,,8.57,-4.94,8.64,,,,,,15,9.5,9,4.61,6.66,11.72,9,8.91,,13.5,9,8.64,10,,6.95,10.9,6.7,,11,,4.52,12.97,12.9,8.4,,20,6.33,9,13,13.4,-5.53,,3,5.09,,20,56,3,4,9.54
Indiana,Ball St.,3,9.79,6.68,7.72,13.28,4.89,7.07,5.56,10,1.9,5,10.89,4.5,10.59,1.92,2.6,,4.15,6.09,11.58,6.95,6.75,0.01,-7.47,-1.43,,-5.68,,-4.75,5.46,5,,,,,,3,3.5,6,0.29,3.7,-4.7,-2.5,8.59,,5.5,1,2.98,3,,5.31,6,8.8,,-1,,-1.32,8.57,7.7,-8.1,,2,2.93,2,10,1.8,-5.18,,3,5.00,,41,39,3,4,6.46
Kansas,TCU,-21,-15.26,-20.73,-20.92,-18.53,-10.71,-20.24,-2.59,-28,-16.53,-16,-24.18,-21,-19.94,-26.85,-24.65,,-20.28,-18.86,-20.62,-24.65,-39,-18.68,-20.1,-11.54,,-20.34,,-38.86,-16.89,-20.34,,,,,,-27,-26.5,-21,-13.07,-26.06,-25.41,-33,-23.94,,-14,-28,-16.89,-21,,-18.33,-23.9,-12.8,,-19,,-9.61,-24.25,-8.9,-24.6,,-30,-7.73,-18,-25,-23,-34.11,,-3,7.24,,20,6,3,-29,-23.73
Kansas St.,North Texas,28,30.43,21.99,26.13,21.41,27.3,29.11,23.34,21,27.38,22,31.3,24.5,31.72,28.44,31.82,,26.92,28.65,35.05,34.95,43.19,33.86,32.77,17.66,,24.11,,13.52,26.84,27.02,,,,,,27,28,31,24.16,31.73,25.05,11,27.02,,29.5,24,19.93,28,,28.54,34.5,25,,28,,20.94,26.37,39.2,15.65,,22,31.74,16,39,23,27.23,,-3,7.19,,21,35,3,32,31.16
Kentucky,Western Kentucky,7,11.79,5.46,4.82,2.72,6.47,7.01,5.16,1,11.66,5,8.56,9.5,12.97,7.99,9.67,,5.99,6.53,11.39,10.55,11.75,3.94,6.92,3.6,,10.88,,-2.78,3.61,6.22,,,,,,8,4.5,6,10.22,6.22,-5.98,,9.16,,1,3,4.56,7,,8.09,0.6,-1.7,,6,,8.77,5.4,5.8,-4.8,,2,6.69,8,17,1.8,-3.2,,3,4.62,,32,31,3,4,9.75
LSU,Idaho,42.5,48.27,40.73,49.12,39.38,42.18,52.47,51.61,41,43.12,35,51.71,35,47.67,56.17,49.65,,44.39,42.93,46.71,60.05,59.38,39.77,46.53,27.17,,49.37,,52.86,58.51,44.8,,,,,,54,43.5,49,36.97,45.25,41.39,42,44.8,,35.5,46,29.92,42.5,,45.12,57.5,33.2,,31,,30.82,39.3,54.7,36.15,,53,42.85,31,49,25,52,,3,9.98,,14,63,3,44,42.75
Louisiana Tech,Rice,21,4.66,25.27,23.57,13.76,14.65,24.29,0.61,12,19.54,14,20.08,15.5,5.27,16.99,25,,16.94,15.6,10.36,27.85,31,21.57,16.05,8.81,,11.35,,32.35,12.18,16.99,,,,,,25,21,18,13.24,22.8,22.55,22,13.29,,13.5,18,16.4,21,,13.49,10.3,-10,,20,,6.95,20.65,14.9,15.4,,33,14.12,15,25,25,37.9,,-3,8.55,,37,56,3,21,20.03
Louisville,North Carolina,3,8.15,8.18,1.61,6.99,4.87,7.03,18.49,12,8.53,8,14.6,4.5,5.47,7.27,4.37,,6.81,10.08,5.55,2.55,10,-1.84,7.09,7.25,,11.62,,14.82,17.52,7,,,,,,1,3,6,6.37,12.01,10.05,2.5,6.63,,8.5,4,1.11,3.5,,6.67,7.9,8.6,,1,,4.21,-0.89,0.01,-1.9,,1,10.53,7,10,11.7,20.51,,3,4.97,,34,39,3,4,2.21
Marshall,Ohio,-6,-13.86,-19.34,-7.8,-10.27,-12.43,-2.73,-13.69,-10,-7.35,-2,-16.63,-5.5,-13.89,-10.71,-3.66,,-8.26,-12.36,-15.43,-11.35,-20.63,0.8,-7.53,-3.04,,-4.27,,-6.92,-16.3,-7.65,,,,,,-2,-7,-11,-3.92,-12.42,-1.36,-4,-7.53,,-7,-1,-7.65,-6,,-9.55,-8.8,-34.9,,-7,,-0.49,-3.29,-4.9,-9.55,,-7,-11.18,-2,-10,-6.2,-10.41,,3,6.19,,27,24,3,-10,-3.42
Maryland,Connecticut,-3,5.68,8.41,-1.8,0.73,-3.14,-4.78,18.51,17,-2.93,1,4.31,3,3.38,11.71,4.18,,0.57,1.19,-0.51,-3.85,0.56,0.96,4.66,-3.51,,6.4,,-12.7,13.28,-1.23,,,,,,-4,-3,-3,2.12,1.4,-2.99,-3.5,4.39,,-1,-2,-1.23,-3,,2.57,-9.9,7.2,,0,,7.16,-1.81,-1.7,-10.2,,-9,0.79,-1,-4,-2.1,-17.93,,3,6.64,,24,21,3,-2,-2.85
Memphis,Middle Tenn.,-3.5,-0.31,3.9,2.77,0.5,2.2,4.16,-10.83,19,-2.09,0.25,4.33,-5.5,1.13,-1.4,-1.61,,0.98,8.22,-1.52,8.35,0.81,-5.2,2.01,2.65,,7.62,,7.3,-7.28,0.77,,,,,,6,-4.5,1,-2.25,1.5,0.77,-4.5,-1.28,,3.5,-7,0.42,-2.5,,-0.01,-8.3,0.01,,1,,-2.4,2.83,2.8,-1.65,,6,5.27,-1,1,8.8,-16.54,,3,5.59,,48,30,3,-8,-0.88
Michigan,Massachusetts,45.5,40.76,60.85,40.75,19.75,37.74,38.8,36.4,43,38.34,34,45.68,31.5,42.24,43.64,,,40.04,27.78,42.52,50.65,52,47.87,41.63,23.82,,46.63,,41.34,44.67,41.41,,,,,,42,46.5,43,30.55,37.94,44.48,,46.51,,35.5,40,40.56,45,,31.93,47.9,,,45,,22.76,41.41,52.7,29.6,,43,31.98,42,56,25,43.17,,3,9.57,,13,63,3,37,38.17
Michigan St.,Notre Dame,5.5,5.22,3.36,3.88,7.98,0.19,8.09,7.44,10,2.85,3,6.68,7.5,4.88,15.87,5.57,,6.16,10.63,-0.49,5.85,6.63,10.4,11.54,11,,9.83,,11.77,6.33,6,,,,,,6,2.5,6,4.73,6,8.48,6,4.13,,4.5,3,3.92,5.5,,4.72,14.5,7.9,,1,,6.62,-0.85,-0.3,-2.5,,1,6.93,5,7,9.2,12.83,,-3,4.18,,20,3,3,6,1.4
Minnesota,Western Mich.,2.5,10.6,0.53,1.56,2.73,3.72,4.44,11.94,-2,5.13,5,3.54,4,10.35,-0.99,2.55,,2.81,4.05,6.96,5.95,6.31,-3.06,-6.38,-0.59,,1.29,,-5.01,13.26,2.73,,,,,,0.01,1,5,6.82,5.81,-4.06,-11.5,2.29,,-0.5,0.01,1.28,2.5,,5.03,0.8,1.1,,-1,,8.51,-0.54,7.5,1.15,,-5,4.98,1,-4,6.9,11.38,,-3,4.90,,23,28,3,6,2.84
Mississippi,Texas,-10,-10.2,-15.14,-13.3,-9.38,-9.23,-12.81,0.25,-4,-13.16,-11,-10.63,-10,-13.47,-17.73,-12.96,,-12.68,-9.23,-9.52,-15.05,-24.94,-16.65,-17.28,-12.69,,-21.29,,-23.47,-6.85,-12.81,,,,,,-15,-13.5,-13,-8.51,-16.79,-23.95,-17.5,-15.27,,-7.5,-15,-9.58,-10,,-10.86,-11.5,-1.4,,-13,,-3.86,-11.59,-14.9,-9.8,,-21,-4.57,-9,-21,-16.1,-18.35,,3,5.71,,66,31,3,-12,-18.7
Missouri,Arizona St.,6,-18.44,-0.1,6.62,-5.41,-9.55,7.85,-19.47,-16,5.07,11,-12.64,6,-18.59,2.07,-3.19,,-0.05,-1.52,-16.87,-6.05,1.25,3.14,12.95,1.05,,1.63,,10.29,-13.64,1.85,,,,,,3,7.5,7,3.04,1.85,14.94,6.5,15.73,,-4,11,-3.32,5.5,,-6.46,1.7,-36.6,,5,,1,2.04,10.3,-2.85,,3,-8,3,7,14.8,21.12,,3,10.71,,20,24,3,-1,6.29
NC St.,South Alabama,31.5,27.01,25.2,33.08,16.07,25.93,30.8,37.45,14,29.85,20,41.29,22.5,25.3,36.7,,,27.11,29.37,30.26,40.65,35.88,39.08,26.59,2.67,,32.65,,16.1,23.43,26.84,,,,,,38,33,40,25.14,26.84,25.97,,42.21,,33,23,20.08,31,,29.97,15.4,,,32,,20.43,25.36,37.9,27.3,,38,28.61,6,14,24,37.31,,3,9.64,,7,31,3,17,33.28
Nebraska,Arkansas St.,24,24.52,20.18,20.79,12.6,20.83,20.48,23.79,23,18.84,23,17.56,16,24.66,9.72,22.87,,19.15,20.4,24.9,20.75,29.19,16.19,3.79,13.48,,20.35,,5.64,16.43,20.35,,,,,,17,23,19,16.05,21.86,21.74,8,21.73,,24,20,15.74,23,,21.67,17.3,25.9,,17,,13.26,21.01,30.7,16.65,,23,18.54,12,18,22,10.26,,-3,6.10,,13,42,3,14,27.42
Northwestern,Boston College,3.5,11.55,16.53,-0.57,7.08,6.67,3.94,20.01,23,5.55,9,14.8,9.5,10.02,15.94,5.88,,7.53,12.68,9.16,3.75,18.31,2.26,14.1,10.08,,12.47,,10.73,19,7,,,,,,4,4.5,8,7.16,14.07,2.11,7.5,5.64,,11,1,6.75,3.5,,8.57,2.2,4.4,,1,,8.77,-5.11,1.6,1.1,,-8,10.38,7,10,4.6,7.39,,-3,6.18,,13,22,3,3,0.26
Ohio St.,California,16.5,22.06,13.55,14.07,17.37,17.06,11.77,18.52,24,12.48,17,20.93,15,23,17.96,14.26,,15.58,14.4,19.9,13.65,22.88,15.27,9.01,20.02,,13.42,,16.49,21.64,15,,,,,,10,13,17,10.31,20.37,8.55,4,18.19,,22,12,7.51,16.5,,15.8,15.4,28.3,,11,,8.15,13.44,14.8,20.95,,18,11.77,12,14,4.6,2.02,,-3,5.99,,28,35,3,14,13.69
Oklahoma St.,Louisiana-Lafaye,22.5,8.83,24.8,25.39,15.13,15.66,30.67,5.68,3,16.05,21,23.9,22.5,9.79,16.35,23.5,,19.12,11.91,10.45,27.75,30.63,35.52,12.99,11.26,,13.8,,16.84,-1.37,19.3,,,,,,34,21.5,18,14.1,19.3,17.18,21,19.83,,8,24,23.15,22.5,,16.09,31.2,12,,24,,12.15,32.4,31.6,3.05,,31,6.99,20,21,24,27.07,,3,8.78,,24,65,3,19,29.21
Penn St.,Navy,7,12.67,16.99,9.48,15.28,11.72,7.41,-1.81,17,11.7,7,8.31,6.5,15.43,1.04,6.85,,9.51,9.31,16.73,11.45,10.75,2.8,22.57,0.11,,9.67,,5.32,8.86,9.48,,,,,,12,8.5,11,7.71,10.77,12.42,10,8.25,,11,10,6.54,7,,9.5,17.1,19.6,,15,,3.71,3.54,8,12.55,,10,10.85,8,14,10.7,10.95,,-3,5.11,,7,34,3,9,6.37
Pittsburgh,Virginia Tech,-10,-12.34,-2.82,-8.01,-16.84,-11,-7.84,-16.05,-12,-4.86,-13,-19.58,-14.5,-11.68,-19.05,-6.63,,-10.7,-3.14,-14.01,-11.05,-28.81,-15.11,-17.37,-14.47,,-14.6,,-3.84,-26.81,-10.33,,,,,,-11,-9,-12,-7.3,-20.8,-16.95,-2,-7.55,,-18,-7,-5,-10,,-10.33,-15.9,3.3,,-8,,-9.73,-5.62,-8.2,-21.85,,-8,-6.64,-2,-3,-4.5,-13.32,,-3,6.04,,17,35,3,-16,-10.1
Purdue,Eastern Mich.,24,30.78,25.38,21.99,20.45,27.16,20.83,29.16,33,17.98,19,33.26,19.5,31.53,19.96,22.19,,22.68,18.03,35.47,30.45,28.81,22.27,19.03,6.4,,24.73,,7.92,28.56,22.19,,,,,,27,23,28,14.64,24.59,12.74,12,21.56,,25,18,16.28,24,,25.75,27.3,41.9,,19,,11.3,22.94,25.5,19.8,,27,19.29,16,21,12.3,15.63,,3,7.32,,16,54,3,22,24.74
SMU,Texas A&M,-12.5,-1.84,-16.4,-7.76,2.4,-9.77,-13.83,-5.36,6,-12.08,-8,1.91,-3.5,-1.12,-4.76,-12.61,,-6.98,-5.3,-8.21,-5.45,-18.5,-17.02,-0.54,-1.67,,-1.83,,-12.51,-3.48,-7.3,,,,,,-10,-10,-8,-4.66,-9.26,-4.76,-3,-7.31,,-2.5,-10,-6.63,-11.5,,-6.32,-6.1,-9.8,,-8,,2.77,-10.8,-11.3,-4.6,,-8,-3.56,-5,-14,-7.3,-13.55,,3,5.21,,48,3,3,-4,-10.79
San Jose St.,Colorado St.,11,18.96,18.75,10.64,13.25,18.36,10.04,13.53,30,7.94,12,24.19,9,20.18,5.93,13.48,,13.7,17.27,20.98,19.35,18,17.72,12.19,0.54,,10.46,,16.47,21.14,12.4,,,,,,17,16.5,7,6.67,14.43,8.36,8,0.41,,15.5,12,12.75,11,,14.65,25.2,24.5,,9,,5.39,9.25,9.4,12.4,,7,17.51,9,7,23,26.43,,-3,6.81,,20,40,3,12,10.75
South Carolina,UAB,33.5,38.28,43.47,41.43,32.48,35.77,40.2,48.82,40,31.96,34,47.59,30.5,36.54,48.28,43.25,,37.44,37.56,38.48,44.85,55.5,38.75,37.33,25.37,,40.15,,36.59,43.8,38,,,,,,37,33.5,38,27.38,41.47,37.56,29.5,37.16,,29.5,35,32.15,34,,38.56,38.8,39.9,,34,,22.8,38.52,42.4,27.65,,43,36.33,27,38,25,42.07,,-3,7.99,,6,49,3,33,39.29
South Florida,Rutgers,7.5,11.75,10.44,11.54,9.07,13.38,6.16,23.7,16,4.81,4,17.4,2,10.54,8.54,6.49,,8.11,8.15,17.24,15.25,10.13,6.19,-3.26,5.25,,14.26,,-1.53,8.77,8,,,,,,6,7,9,4.83,7.88,-0.61,3,3.6,,14.5,8,4.16,7.5,,11.22,6.7,22.6,,8,,4.86,9.94,9.1,0.45,,11,9.4,4,1,5.9,-5.94,,3,5.90,,23,13,3,1,13.14
Southern Miss.,East Carolina,7.5,5.1,18.56,5.46,-7.1,4.96,17.54,-1.71,11,7.35,9,12.94,12.5,6.05,12.64,13.67,,9.7,10.08,3.74,18.05,16.94,5.75,22.71,9.22,,9.37,,22.67,6.11,9.8,,,,,,18,8,8,6.8,13.03,12.39,19.5,7.98,,8,10,12.02,7.5,,6.94,9.8,-8.3,,11,,6.25,10.84,7.1,-4.8,,15,3.22,12,20,22,18.81,,-3,6.98,,24,14,3,5,10.23
Stanford,USC,-8.5,-0.32,-7.41,-5.59,6.82,-0.16,-0.43,4.21,1,-3.55,0.25,3.54,4,-1.1,-4.02,1.91,,-1.42,-3.2,-2.5,2.65,2.13,-1.48,3.7,-5,,-12.66,,-7.84,6.97,-1,,,,,,5,-6.5,-6,-2.28,1.55,0.56,9.5,-8.04,,0,1,4.52,-7.5,,-1.17,-7,-13.2,,-5,,-1.02,4.03,-7,-5.75,,-1,1.83,8,4,-1.8,-2.16,,-3,5.18,,14,21,3,-5,-8
Tennessee,Florida,2.5,-2.09,-0.8,-2.44,4.3,-0.98,1.36,-0.68,8,2.27,1,-7.11,-4,-2.3,-2.89,-1.09,,-0.72,5.19,-1.81,-0.25,-7.88,-3.16,-6.9,-8.5,,-1.29,,-2.16,-2.8,-1,,,,,,-3,0,-1,0.86,-1.51,-4.85,-4.5,-3.59,,0,3,-1.52,2,,-0.71,8.3,-6.6,,3,,-0.55,-1.37,2,1.55,,-2,5.06,-1,-3,-2.3,-1.78,,-3,3.42,,37,20,3,4,0.34
Texas Tech,New Mexico,33,37.1,52.79,31.43,27.66,26,29.15,27.71,32,23.74,27,42.55,28,39.67,37.88,30.77,,31.19,34.49,36.66,35.85,43.5,41.41,29.47,5.98,,23.73,,24.51,29.08,31.07,,,,,,32,31,35,20.27,31.16,29.09,24.5,32.23,,22.5,37,29.89,33,,32.42,44.3,,,32,,16.81,39.14,36.9,14.9,,34,25.86,27,42,24,28.06,,3,8.56,,14,49,3,33,29.49
Toledo,Bowling Green,3.5,15.24,14.74,7.77,12.03,11.24,12.77,9.28,16,8.73,4,15.21,11.5,16.32,16.23,12.25,,10.36,9.99,11.76,14.45,19.19,1.45,12.1,3.1,,6.7,,19.05,13.19,11,,,,,,19,7,6,9.44,14.23,2.46,11,7.47,,8,12,11.78,4.5,,10.44,7.3,9.7,,7,,10.16,5.6,6.5,0.5,,10,12.13,11,11,23,19.72,,3,4.90,,15,27,3,6,3.66
Troy St.,Mississippi St.,-16,-12.83,-25.57,-23.84,-13,-17.33,-26.71,-16.2,-14,-19.75,-17,-25.11,-11.5,-12.17,-22.73,-24.41,,-17.68,-18.34,-19.96,-23.85,-34.44,-25.09,-20.14,-1.97,,-19.86,,-15.28,-16.2,-17.5,,,,,,-23,-13,-23,-14.27,-23.44,-12.01,-14,-21.08,,-20.5,-15,-17.01,-16,,-17.83,-7.8,6.3,,-11,,-8.79,-16.19,-25.4,-21.65,,-25,-23.25,-9,-18,-16.3,-33.43,,3,7.31,,30,24,3,-16,-17.04
UCLA,Houston,17,29.78,11.87,11.03,8.71,18.23,2.24,39.92,35,12.78,16,37.37,10,28.44,26.02,1.7,,16.27,25.7,29.07,9.75,22.75,14.55,10.05,14.19,,23.19,,-1.75,32.89,15.32,,,,,,-4,16.5,16,12.92,20.02,3.64,-18,24.21,,22.5,9,6.7,17,,19.74,28.5,59.1,,16,,13.05,14,20.4,17.2,,4,15.32,1,-6,1.1,-2.48,,-3,13.28,,6,37,3,18,15.94
UNLV,Washington St.,-8,-5.2,-16.75,-12.34,-0.69,-4.57,-12.42,-18.6,-25,-4.83,-5,-19.97,-6,-2.84,-20.14,-8.18,,-10.05,-3.73,-2.65,-13.95,-12.56,-16.91,-11.97,3.68,,-16.75,,-6.65,-14.81,-10.08,,,,,,-13,-11.5,-15,-3.19,-7.23,-3.55,-7,-19.48,,-9,-12,-10.16,-8,,-10.08,0.3,-0.7,,-11,,-1.55,-12.67,-19.7,-10.2,,-16,-5.06,-5,-10,-6.6,-14.37,,3,6.39,,35,27,3,-11,-8.66
UTEP,New Mexico St.,12,0.01,1.39,14.44,-7.15,5.33,11.6,-2.35,1,6.71,6,6.43,5.5,0.54,6.58,14.18,,6.66,3.84,5.59,7.75,4.19,8.82,6.49,2.65,,5.27,,7.64,-0.95,6.58,,,,,,12,13,9,6.87,5.05,7.51,11,9.32,,8,14,1.42,11.5,,5.32,15.1,9.1,,13,,7.04,12.58,16.8,1.35,,12,-0.19,10,13,6.4,-0.44,,3,5.42,,28,41,3,1,12.75
Utah,BYU,-4,-3.53,0.53,-1.14,-4.66,-3.17,-3.79,-13.91,-3,-4.54,3,-2.55,-0.5,-0.92,-5.62,-3.76,,-2.54,-6.01,-0.87,-4.65,-5.94,-3.14,-3.47,-1,,-1.67,,-11.48,-12.28,-2.55,,,,,,-1,1,-4,-3,-5.45,0.95,-4,-4.28,,-7.5,1,0.7,-4,,-2.67,-1.6,-6.1,,2,,-1.46,1.36,0.8,-1.7,,-1,-3.41,1,6,0.7,-7.87,,-3,3.73,,21,24,3,-6,3.51
Wisconsin,Utah St.,13.5,5.36,8.19,13.62,0.01,6.25,23.02,12.04,7,17.82,8,-0.78,11.5,4.05,4.79,27.07,,11.39,10.65,0.97,12.85,11.94,11.66,7.41,13.65,,9.74,,16,-6.55,11.5,,,,,,27,12.5,13,12,10.6,10.44,20.5,12.86,,7,19,11.67,13.5,,10.54,8.1,-2.2,,12,,6.18,12.88,21.7,-2.2,,22,7.37,21,18,19.9,12.41,,3,7.46,,14,16,3,5,18.1
Alabama,Florida Atlantic,49.5,58.06,56.14,57.87,53.48,54.46,73.38,55.02,57,53.2,34,67.73,38.5,59.47,66.01,61.43,,54.41,63.85,64.7,75.55,62.25,46.85,47.68,29.08,,59.57,,69.87,48.68,55,,69,,,,66,52,58,42.32,46.02,43.94,53.5,51.82,,45,55,44.19,50,,52.47,62.8,56.4,,42,,31.44,47.4,65.6,48.65,,70,53.19,42,56,30.2,58.28,41.9,34,10.96,,7,40,4,46,54.82
Arizona St.,Utah,6,9.03,5.93,5.82,8.29,15.6,3.38,4.76,8,5.31,-0.25,19.03,1,10.12,8.57,9.59,,5.82,6.88,14.2,11.85,5.1,9.79,-2.94,-1.72,,3.69,,-0.33,8.71,5.88,,5,,,,12,5.5,2,4.05,2.23,-8.4,6.5,-1.07,,15,0.01,6.9,6,,6.68,5.8,21.6,,8,,2.78,3.32,0.01,7.05,,6,10.41,5,10,12.4,-9.23,-6.1,10,5.89,,7,37,4,3,3.85
Arkansas,Rutgers,9,-0.78,6.53,8.92,-1.94,8.19,15.86,-10.1,-6,9.71,-3,-1.37,-1,0.39,-9.4,-0.27,,2.68,-1.99,5.64,6.05,-2.55,22.11,5.7,1.29,,7.69,,0.01,-20.27,4,,-7,,,,10,0,4,6.14,-1.51,6.06,3,-2.79,,12,6,2.35,8,,4.81,-1.9,-5.3,,5,,2.57,7.94,4.7,-2.3,,7,-0.17,6,4,14.6,3.62,-20.4,-19,7.64,,35,26,4,-3,4.04
Auburn,LSU,-20.5,-17.53,-17.68,-17.9,-27.65,-20.11,-22.13,-8.88,-20,-18.38,-11,-29.06,-16,-19.4,-26.45,-27.26,,-19.9,-24.87,-25.54,-29.15,-23.35,-24,-8.81,-14.3,,-20.12,,-36.41,-18.82,-20,,-20,,,,-23,-17.5,-19,-14.34,-16.35,-4.8,-23,-10.6,,-13.5,-12,-20.5,-20.5,,-19.24,-24.8,-12,,-15,,-10.31,-20.07,-21.2,-17.55,,-23,-22.29,-12,-18,-26.5,-28.53,-51.6,-24,6.48,,12,10,4,-24,-15.3
Ball St.,South Florida,-9,-6.39,-9.33,-14.09,-10.52,-5.31,-8.29,-5.46,-9,-8.28,-4,-5.08,-3.5,-6.74,-6.48,-14.79,,-7.15,0.67,-7.95,-8.25,-14.95,-7.62,-2.21,2.7,,-9.85,,-1.01,0.99,-7.62,,-19,,,,-10,-11,-10,-3.61,-6.07,-2.24,-9,-11.75,,-19,-10,-11.24,-9,,-8.1,0.2,-8.4,,-2,,1.07,-10.75,-11.3,-4,,-11,-3.18,-7,-14,-4.2,-9.84,-13.7,-5,4.71,,27,31,4,-6,-9.43
Boise St.,BYU,6.5,8.63,3.12,4.2,4.39,5.24,13.05,12.26,9,4.29,8,4.86,11,7.55,9.79,10.33,,7.78,9.13,4.51,13.05,13.4,5.16,11.95,6.25,,11.76,,11.78,8.61,8,,6,,,,17,6.5,7,5.48,6.83,2.11,20.5,9.42,,1,10,8.51,6.5,,6.94,-2.7,4.9,,4,,6.68,3.06,-2.2,-1.1,,9,8.36,13,21,17,6.51,-26.8,-4,5.20,,6,7,4,1,4.07
Buffalo,Kent,3.5,3.36,9.15,-0.48,4.1,4.88,-0.72,7.94,12,1.31,-2,2.33,2.5,2.37,-1.05,5.37,,2.16,8.99,2.87,1.85,3,1.62,-1.56,3.12,,-1.07,,2.38,6.06,2.33,,8,,,,0.01,2.5,-3,1.25,4.28,2.11,5,-4.61,,5,0.01,2.87,3.5,,2.04,-7.4,5.7,,3,,1.19,4.19,0.01,2.8,,-3,2.76,2,1,5.7,-19.88,31.8,12,4.79,,23,7,4,3,2.22
Colorado St.,Utah St.,-13,-14.53,-21.96,-10.3,-18.85,-15.97,-11.3,-13.46,-25,-3.84,-14,-22.8,-11,-14.9,-12.77,-13.17,,-13.56,-12.97,-20.53,-16.15,-27.55,-7.22,-19.99,4.33,,-16.38,,-13.05,-19.56,-13.46,,-17,,,,-14,-13,-10,-3.14,-16.95,-9,-14,-5.85,,-11,-14,-12.87,-13,,-11.78,-21.3,-23.7,,-19,,-2.44,-12.27,-8.9,-20.4,,-11,-13.41,-8,-4,-16.7,-22.17,-16.3,-16,5.68,,31,19,4,-14,-16.23
Duke,Memphis,23.5,19.21,19.34,27.17,12.1,16.51,27.1,31.76,24,18.27,29,19.91,24,17.06,29.42,20.3,,22.31,17.4,21.31,24.15,22.15,19.99,20.55,7.99,,20.06,,14.1,34.27,21.5,,33,,,,24,21.5,26,17.65,19.03,23.7,20.5,18.19,,8.5,29,16.37,23.5,,20.21,25.4,17.6,,20,,17.02,23.07,28.5,23.85,,25,19.83,14,31,26.6,33.44,3.3,23,5.80,,14,38,4,23,22.96
Florida,Kentucky,22.5,23.07,22.02,22.92,17.04,13.43,17.3,33.01,22,9.74,23,19.77,20.5,21.62,28.19,21.53,,21.43,24.64,18.18,17.35,38.25,23.74,20.19,15.91,,17.59,,16,30.93,21.38,,35,,,,20,25.5,20,13.81,27.66,21.38,22,26.13,,19.5,18,14.36,22.5,,18.92,19,24.5,,17,,17.89,19,27.4,13.3,,19,19.54,14,24,26.1,20.69,25.5,8,5.23,,0,38,4,21,24
Florida Intl.,Louisville,-13.5,-14.2,-16.89,-7.82,-10.6,-23.08,-17.58,-14.92,-16,-21,-10,-17.81,-9.5,-14.18,-12.2,-17.61,,-14.59,-22.35,-21.33,-22.55,-30.25,-19.85,-13.31,-10.49,,-19.53,,-14.14,-21.77,-14.87,,-32,,,,-12,-11.5,-16,-16.19,-21.01,-4.27,-2,-11.94,,-13,-9,-7.68,-13.5,,-14.87,-4.9,-12.6,,-11,,-11.38,-7.53,-15.3,-16.4,,-15,-15.57,-6,-7,-6.7,-19.79,-21.5,-21,5.82,,28,21,4,-16,-16.65
Florida St.,Clemson,14,11.68,10.84,14.62,8.5,8.97,15.32,-2.63,24,4.64,5,20.11,5,14.53,20.47,20.17,,11.98,3.48,13.65,19.05,10.85,14.36,-0.13,10.25,,13.83,,23.22,2.28,12,,12,,,,20,12,11,2.75,7.35,8.67,12.5,10.23,,9.5,13,14.68,14,,11.08,20.5,4,,13,,0.86,16.81,12.9,9.05,,20,8.72,12,14,24.3,17.79,50.3,15,6.16,,37,49,4,17,12.33
Georgia,Vanderbilt,14,13.55,15.9,9.66,14.08,9.39,11.78,27.61,15,12.66,14,8.86,19,11.06,17.22,8.89,,13.85,22.64,10.72,7.65,28.4,20.22,16.69,17.02,,9.48,,16.8,21.03,13.8,,21,,,,11,14,16,12.57,21.09,10.76,11,17,,20,12,5.22,14,,12.75,12.5,-10,,17,,12.47,10.78,13.8,12.5,,10,19.09,10,8,11.3,14.97,19.9,17,5.54,,3,48,4,17,14.99
Georgia Tech,Miami (Fla.),14,6.1,13.94,7.78,14.14,9.84,10.71,-3.54,-5,8.7,10,16.87,6.5,7.79,-0.48,9.18,,9.28,4.39,14.46,18.35,3.2,1.6,12.01,6.5,,12.66,,10.56,-1.58,9.45,,19,,,,12,12,13,6.9,7.89,16.3,5,7.44,,19.5,11,6.18,13.5,,9.72,25.7,18.3,,21,,5.11,9.45,17.6,8.45,,16,2.78,7,7,5.8,-5.28,-3.7,13,6.44,,42,36,4,12,12.01
Hawaii,Nevada,-8,0.01,-6.57,-8.18,0.71,-4.49,-13.78,-4.38,-11,-9.69,-7,-1.31,-3,0.81,-5.31,-5.41,,-6.19,-10.14,-2.48,-1.15,-14.8,-4.07,-4.32,-2.62,,-5.6,,-13.89,-5.66,-5.6,,-19,,,,-4,-8.5,-9,-4.86,-8.67,-3.4,-5.5,-13.63,,-10,-5,-3.4,-8,,-5.43,-4.1,-0.4,,0,,-0.01,-7.2,-9.7,-11.05,,-10,-3.09,-6,-11,-4.6,-19.64,-10.9,-4,4.53,,69,24,4,-7,-8.26
Idaho,Wyoming,2.5,-6.76,-12.89,-7.96,-3.66,-10.65,-9.59,-3.45,6,-7.18,-7,-12.49,-4,-7.67,-5.75,-6.45,,-6.64,-4.09,-8.59,-9.05,-5.45,-7.26,-12.08,2.85,,-1.44,,-12.08,-9.75,-7,,-5,,,,-7,-2,-7,-7.98,-3.61,-14.05,-5,-7.69,,1.5,-11,-5.73,1,,-5.43,-10.9,-6.4,,-6,,-8.78,-4.19,-5.8,-10.75,,-9,-7.65,-2,-4,-5.1,-28.99,-15.1,-10,4.86,,40,37,4,-3,-7.02
Illinois,Louisiana Tech,3,6.76,-3.17,1.07,4.4,1.62,-7.43,-2.15,-7,-4.28,3,1.38,2.5,8.23,0.55,1.17,,-0.7,-1.82,4.35,-7.55,-3,-0.4,-1.95,0.01,,6.59,,-13.49,-11.15,0.01,,-1,,,,-1,2.5,0.01,-1.35,-5.83,-1.37,-9.5,3.99,,-1,1,1.11,2.5,,1.84,3.4,8.7,,-1,,1.58,3,0.3,-1.65,,-6,-0.18,2,1,-7,-19.64,-7,1,5.20,,52,24,4,-3,-2.3
Iowa,Central Mich.,14,26.47,34.9,20.15,19.1,24.63,20.57,24.64,33,21.79,11,33.54,15,26.76,24.21,25.03,,21.66,22.05,27.64,27.65,34.9,13.63,25.01,3.99,,22.36,,22.83,25.85,22,,20,,,,21,17.5,23,18.75,23.79,8.25,17,20.05,,19.5,11,18.52,15,,20.83,22.8,37.3,,22,,15.7,16.02,19.7,20.2,,22,21.21,17,24,27.3,31.15,58,10,6.51,,32,31,4,14,23.01
Louisiana-Monroe,Baylor,-7.5,-11.47,-1.37,-12.16,-6.61,-15.56,-18.28,-8.01,3,-18.2,-14,-18.19,-10.5,-12.3,-15.21,-10.08,,-10.9,-10.42,-14.87,-20.45,-21.1,-5.09,-14.06,-0.3,,-7.65,,-11.33,-17.68,-12.16,,-6,,,,-13,-8,-14,-12.97,-15.1,-13.91,-1,0.15,,-2.5,-6,-17.58,-8,,-12.06,-14.1,17.1,,1,,-7.74,-9.26,-18.3,-18.5,,-15,-13.72,-7,-4,-7.5,-23.15,-15.8,-19,7.18,,47,42,4,-19,-13.21
Miami (Ohio),Massachusetts,24.5,18.93,27.74,22.03,12.54,18.83,16.78,15.1,16,17.21,21,25.72,18.5,19.77,28.86,27.78,,20.62,14.16,22.3,27.45,14.3,22.44,14.56,4.02,,20.34,,26.34,19.52,20.12,,26,,,,24,25,19,13.23,11.72,23.86,,22.3,,19.5,21,15.72,24,,19.68,19.9,,,29,,9.26,20.81,27.1,17.5,,21,18.48,22,35,18.2,36.15,7.1,12,6.24,,16,27,4,16,24.37
Michigan St.,Eastern Mich.,31,32.44,32.26,33.27,34.08,30.8,34.08,35.81,45,32.93,28,35.22,29,31.79,37.42,35.57,,32.68,23.03,37.78,39.65,52.2,41.83,39.85,15.65,,39.97,,30.08,37.82,32.44,,42,,,,38,32.5,36,27.51,37.57,24.35,30,29.43,,33,30,21.97,31,,31.23,33.2,39.6,,24,,22.09,26.3,35.7,25.15,,32,24.23,26,52,27.7,47.01,16.9,22,6.93,,7,23,4,31,32.51
Minnesota,Syracuse,-1,5.38,-11.65,2.71,3.91,2.29,0.33,9.83,-13,-3.22,6,2.42,8.5,4.34,7.84,-4.29,,1.82,-4.34,2.89,4.85,6.05,2.97,0.69,3.89,,-6.63,,11.22,12.43,2.71,,-3,,,,2,1,3,1.52,7.38,1.28,-1,2.76,,-1,-1,1.94,-0.5,,1.47,-1.5,-12.8,,8,,6.25,2.73,4.4,-1.5,,2,3.21,-2,4,7.7,26.8,-9.4,12,6.46,,10,17,4,7,1.63
Mississippi St.,South Alabama,34,33.22,35.7,33.64,28.94,33.96,31.19,39.27,22,39.1,23,41.38,26.5,32.14,42.43,41.84,,33.33,33.08,36.64,37.35,50,48.87,35.43,14.3,,36.76,,22.63,34.54,33.8,,42,,,,41,35,44,30.45,35.14,29.66,,44.91,,36,27,21.73,34,,33.16,22.1,,,34,,21.8,23.27,42.7,38.35,,38,32.3,18,38,27.8,44.89,29,23,7.72,,10,30,4,28,35.79
New Mexico St.,New Mexico,6,7.91,8.78,5.8,12.84,7.3,10.26,5.23,1,4.87,5,10.47,6.5,8.29,12.75,12.44,,7.08,8.36,9.95,10.25,6.35,2.88,6.91,3.9,,11.87,,14.14,2.29,7.91,,2,,,,9,7,8,4.29,3.83,8.5,21,6.85,,0.5,4,13.36,6,,7.95,4.8,-14.5,,10,,3.71,8.48,-0.01,-1.95,,1,8.64,11,17,27,19.71,-3.2,-1,6.26,,27,14,4,5,3.83
North Carolina,East Carolina,17,8.75,14.18,12.25,9.88,11.22,11.7,-4.07,2,13.27,6,10.57,4.5,11.31,-3.3,13.14,,9.74,6.2,12.08,13.95,7.55,11.14,-1.79,10.87,,7.71,,4.77,-5.98,10.95,,24,,,,15,15,12,7.6,6.74,6.61,10.5,6.29,,9.5,9,11.15,16,,11.08,18.7,8.6,,13,,1.94,14.61,15,10.95,,15,1.59,7,17,22.2,4.47,12.6,7,5.97,,6,27,4,13,12.36
North Texas,Troy St.,-2,4.65,17.93,6.81,6.29,8.94,10.91,6.28,2,3.85,7,12.39,2.5,4.21,10.34,10.85,,7.18,7.94,7.34,11.95,10.15,-2.26,5.25,-1.49,,6.49,,18.98,7.57,6.74,,3,,,,10,0,4,-0.19,8.11,6.74,13,3.8,,1,2,6.12,-0.5,,5.52,3.5,16.5,,5,,-4.23,8.88,7.2,4.4,,14,15.58,5,4,21.7,15.98,33.8,1,5.31,,14,7,4,1,6.88
Northern Ill.,Kansas,9,10.55,9.3,11.39,18.61,9.79,10.98,10.55,19,9.25,14,11.54,16,10.43,15.62,17.54,,12.84,10.25,9.09,10.75,24.45,17.37,18.86,7.83,,11.31,,24.76,12.38,11.54,,12,,,,20,9,7,7.82,17,16.48,25.5,10.73,,13.5,17,9.08,9.5,,9.46,15.2,6.9,,13,,6.39,12.82,-1.6,13.5,,17,10.15,11,20,26.7,19.34,18.7,10,5.23,,23,30,4,6,15.54
Notre Dame,Michigan,6,14.07,9.75,4.58,8.58,14.2,4.97,15.8,4,12.61,14,19.47,11,13.7,23.14,6.47,,9.48,13.84,14.29,11.45,11.75,3.95,4.79,0.5,,4.11,,7.45,21.19,9,,23,,,,8,5,4,8.61,9.56,2.72,3.5,1.14,,7.5,5,6.86,6,,8.73,1.5,11.7,,9,,4.62,7.57,10,13.25,,12,11.44,4,14,11.7,-1.57,-2,8,5.49,,6,13,4,5,9.12
Ohio St.,UAB,37,35.45,41.49,40.84,34.97,35.56,34.37,38.46,28,32.1,35,42.56,31,34.79,43.06,36.22,,34.41,34.41,39.26,40.85,51.2,40.36,26.42,15.94,,28.75,,38.03,41.48,34.97,,40,,,,34,37.5,41,25.37,37.26,27.28,26,37.56,,33,31,30.68,37,,33.9,28.7,24.9,,33,,18.64,40.63,38.9,32.25,,41,29.94,26,38,28.6,24.69,24.9,37,6.19,,15,29,4,36,44.73
Oklahoma,Kansas St.,14.5,9.23,12.25,13.45,12.05,-1.15,4.46,5.91,-10,-1.37,11,3.03,11.5,9.74,7.32,11.55,,7.94,0.79,1.81,2.75,7.2,13.02,2.2,9,,8.53,,2.2,0.64,8.53,,12,,,,11,14.5,10,1.86,5.23,6.29,17,13.55,,6.5,14,9.61,13.5,,7.51,12.5,8.1,,11,,5.09,11.54,9.4,6.45,,12,0.01,7,8,23.5,-3.44,-16.3,1,5.73,,24,19,4,8,15.19
Oregon,Arizona,21.5,3.42,9.63,17.29,11.23,1.81,19.42,1.16,4,12.76,14,-4.55,18,3.73,-6.3,10.38,,11.26,5.02,2.03,11.45,8.85,27.1,11.18,15.5,,13.02,,18.33,-7.14,13.02,,15,,,,18,23.5,14,10.57,9.05,15.08,21.5,19.58,,12,18,7.05,20,,12.09,19.2,-20.6,,12,,8.38,19.28,13.2,2.9,,20,2.91,13,14,28.6,17.01,-9.9,-2,8.91,,0,49,4,16,14.95
Penn St.,Temple,7.5,9.38,12.97,6.3,1.88,8.39,5.96,9.36,12,3.84,10,9.17,7.5,9.26,6.7,6.38,,7.51,11.08,6.43,7.35,7.45,-4.95,15.49,8.63,,15.04,,-7.07,3,7.89,,15,,,,7,9,13,4.58,8.43,0.56,1,9.71,,8,10,3.6,7.5,,7.89,12.8,20.8,,17,,5.31,6.12,10.8,4.95,,3,9.31,2,3,6.1,-13.88,15.9,-4,5.98,,13,24,4,2,12.04
Rice,Marshall,-3,0.44,-0.3,-1.07,-2.29,-0.96,-2.69,7.49,2,0.6,1,-0.65,-0.5,-1,0.7,4.07,,-1.14,-3.38,-4.16,-3.55,-1.35,-1.06,-5.19,4.05,,-2.68,,-3.53,6.39,-1,,-4,,,,-3,0,-3,1.67,-0.45,-11.64,-2.5,0.14,,3,-3,2.88,-3,,-0.87,-11.3,-5.5,,1,,2.73,-1.74,2.3,-9.5,,-5,-1.01,2,1,9.4,-1.53,-6.1,-5,4.11,,54,51,4,-3,0.2
San Diego St.,San Jose St.,3,3.83,2.16,2.64,5.81,-3.94,6.86,3.81,12,2.91,7,-5.9,7,3.69,-5.85,10.06,,3.19,-5.61,-0.24,-1.55,2.95,-2.61,11.14,2.15,,5.61,,3.26,-6.05,3,,6,,,,8,3.5,3,2.73,3.16,9.56,10,6.5,,2,9,0.3,3,,2.74,2.4,-3.4,,0,,2.55,4.88,2.7,-3.35,,1,-1.06,9,10,7.9,-3.12,-3.8,-6,4.94,,38,34,4,2,8.31
South Carolina,Missouri,10.5,12.46,6.97,7.84,13.3,12.57,11.55,6.17,28,15.97,14,14.29,11,13.47,12.21,13.96,,11.94,9.53,12.58,10.65,12.1,9.3,9.63,20.7,,14.28,,20.98,17.64,11.43,,17,,,,9,9.5,9,12.03,12.37,12.95,7,6.99,,11.5,8,6.69,10.5,,11.43,11.2,4.1,,14,,8.08,12.01,10.8,10.6,,15,9.81,9,17,11.6,13.96,7.9,9,4.12,,10,31,4,11,9.68
TCU,Virginia,18,20.93,29.33,15.99,19.09,11.09,20.87,16.26,28,13.66,15,16.24,19,21.73,12.83,19.56,,19.39,20.97,16.01,21.45,28.5,22.27,7.33,19.63,,14.74,,38.06,12.48,19.3,,32,,,,24,16.5,15,11.02,20.66,19.03,22,13.26,,10,20,17.15,18,,16.47,25.1,6.1,,19,,8.37,22.86,18.2,19.3,,28,16.36,18,27,27.3,31.95,21.8,22,6.23,,7,27,4,22,21.33
Tennessee,Akron,33,26.3,30.26,34.57,18.51,24.12,40.84,39.13,29,37.44,31,18.76,25,24.19,32.87,36.18,,30.56,32.28,25.14,29.35,37.95,43.25,25.73,9.52,,34.38,,35.38,31.34,30,,42,,,,34,34,32,28.32,30.58,29.41,25,35.52,,33.5,30,22.89,33,,29.66,26.6,26.4,,19,,19.2,27.23,43.8,20.9,,29,24.37,24,49,27.2,44.35,22.6,12,8.09,,26,47,4,26,42.43
Tulane,Mississippi,-19,-15.9,-13.67,-12.23,-8.04,-19.23,-13.99,-16.11,10,-10.8,-14,-16.82,-20.5,-16.01,-18.63,-11.61,,-12.59,-10.73,-21.15,-13.65,-18.65,-18.19,-4.77,1.34,,-11.8,,-4.5,-21.97,-13.65,,-13,,,,-11,-13.5,-15,-8.46,-11.41,-0.95,-7,-18.82,,-18.5,-6,-13.22,-18,,-13.89,-13.6,-5.4,,-11,,-6.13,-13.42,-17.4,-18.75,,-12,-14.65,-8,-14,-14.3,-32.76,-13.7,-25,6.77,,39,0,4,-24,-11.89
Tulsa,Fresno St.,6.5,6.01,-1.98,7.47,7.94,-0.32,8.21,8.91,9,6.61,14,-1.81,10,5.16,-2.21,0.53,,6.34,2.57,0.31,0.01,9.85,2.42,21.72,2.84,,10.09,,5.29,7.92,6.01,,-1,,,,13,6.5,6,6.31,8.05,13.41,10,11.56,,6,10,1.66,6.5,,5.29,14.7,-5.7,,5,,6.01,5.19,10.3,4.65,,7,3.67,6,8,20.5,4.74,7.1,1,5.34,,26,27,4,4,0.96
UCLA,Oregon St.,7.5,7.38,9.12,11.35,-1.38,9.79,6.87,4.54,6,6.67,12,13.51,9.5,7.71,9.21,10.74,,8.57,10.03,8.06,9.65,9.5,-2.35,5.29,14.95,,9.44,,15.64,19.36,9,,4,,,,7,11.5,10,3.55,9.17,11.61,6,3.43,,8.5,7,6.05,7.5,,7.96,17.5,13.4,,12,,0.43,7.02,10.7,13.15,,8,10.99,5,7,10.1,0.67,0.3,14,4.31,,27,20,4,7,1.75
UNLV,Air Force,-10.5,-13.41,-16.89,-7.85,-11.87,-8.82,-14.82,-16.51,-27,-8.21,-11,-12.84,-18.5,-13.15,-20.95,-18.07,,-14.37,-15.82,-13.09,-18.05,-24.35,-21.36,-23.84,2.91,,-20.7,,-22.18,-18.59,-14,,-17,,,,-22,-13,-11,-6.92,-12.78,-7.06,-13.5,-13.05,,-13,-15,-15.06,-11,,-11.92,-3.3,-8.7,,-12,,-5.63,-13.43,-7.7,-16.8,,-15,-11.29,-12,-20,-26.9,-34.97,-17.4,-11,6.34,,35,38,4,-15,-9.42
USC,California,15.5,18.85,22.67,20.88,12.74,17.67,21.6,19.95,16,20.89,21,22.21,17,18.48,19.05,17.89,,18.75,16.77,19.6,18.35,28.25,14.6,20.23,23.23,,22.01,,22.33,25.62,18.85,,19,,,,18,17,19,15.84,22.92,18.85,13,19.72,,22.5,18,13,16,,17.18,22.3,16.5,,15,,10.79,14.17,21.7,20.15,,23,14.84,10,14,19.9,22.61,18.1,12,3.91,,9,27,4,12,17.64
Virginia Tech,Bowling Green,17,13.61,9.22,20.92,18.24,7.37,18.35,19.27,11,17.83,12,2.71,18,12.5,11.13,17.08,,13.96,4.51,8.77,11.35,25.4,20.19,20.13,12.28,,15.42,,9.53,5.98,15.42,,30,,,,22,19.5,17,17.19,18.39,16.11,9.5,20.95,,25.5,18,7.56,17,,14.36,11,-4.1,,12,,16.56,12.14,17.1,5.2,,13,4.69,12,21,16.8,28.6,-19.1,10,6.50,,0,37,4,18,16.13
Wake Forest,Army,7,9.18,5.12,6.26,7.9,9.07,13.74,17.9,13,16.5,9,5.22,14,7.56,20.31,11.72,,10.41,11.22,5.8,5.75,20.1,15.61,20.58,3.25,,16.57,,8.51,20.82,9.18,,27,,,,6,8,13,15.27,14.7,1.5,2.5,13.33,,24,4,3.68,7,,9.28,1.2,0.4,,11,,14.04,-0.24,10.2,5.8,,9,5.44,6,27,9.9,33.82,-0.7,13,7.10,,37,49,4,11,9.18
Washington St.,Colorado,20,16.3,21.08,12.93,15.71,17.79,10.84,20.52,25,5.81,16,22.72,13,15.41,32.18,12.59,,16.03,9.83,18.48,21.05,17.35,20.35,13.04,3.26,,14.85,,11.54,32.06,15,,10,,,,13,17.5,16,6.83,14.89,12.79,13.5,13.34,,9,15,12.65,19.5,,14.09,20.6,32.5,,24,,7.85,14.08,20.5,17.6,,19,13.95,7,11,21.3,11.43,20,17,6.00,,35,34,4,16,15.12
West Va.,Maryland,25.5,20.62,29.84,24.69,23.51,25.77,20.95,15.7,33,18.37,19,35.8,20,21.63,32,17.3,,24.25,30.83,28.59,25.05,34.45,33.63,20.47,20.27,,21.12,,28.75,22.97,23,,26,,,,22,27,21,14.82,28.61,30.33,20,21.29,,16,23,20.37,25.5,,21.59,39,20.2,,20,,11.26,18.62,24.3,28.45,,31,20.88,14,18,29.4,33.09,43.3,20,5.84,,21,31,4,27,24.37
Western Kentucky,Southern Miss.,3.5,0.98,18.24,0.92,11.84,9.54,0.81,6.37,15,2.32,9,17.83,-2,-0.01,9.81,0.59,,4.95,12.57,7.95,2.85,3.25,6.11,-6.15,-4.23,,9.19,,8.02,17.95,4,,-1,,,,-3,2.5,4,0.62,9.06,4.68,,0.27,,0,2,-0.01,3.5,,3.01,6.4,20.1,,11,,-1.09,-0.79,3.4,15.8,,4,6.23,-3,-4,4.6,15.54,13.8,20,6.76,,17,42,4,9,-0.75
Western Mich.,Connecticut,-1,-2.96,-3.42,1.19,1.04,2.5,-8.13,-8.06,-12,-8.21,-6,4.81,-3,-2.09,-3.06,0.01,,-1.92,-8.65,-0.14,-1.15,-11.7,-0.01,-4.19,3.3,,-1.22,,-4.41,-8.82,-2.28,,-10,,,,-1,1,-4,-5.28,-5.45,3.94,9.5,0.6,,0,-2,0.68,-1,,-2.12,7.3,10,,4,,-2.35,-2.28,-2,-6.3,,2,3.18,-3,-7,13.9,-8.52,-0.3,-7,5.24,,24,30,4,-7,-4.56
Wisconsin,UTEP,17.5,21.32,20.61,23.28,23.31,13.32,28.62,22.66,16,23.45,15,15.78,18.5,21.07,19.27,29.34,,21.6,19.85,16.67,24.85,38.05,15.48,23.09,13.07,,23.77,,29.89,9.86,22.66,,25,,,,31,17.5,22,19.02,27.29,16.04,28,23.22,,19.5,27,19.44,18,,19.8,20.2,9.3,,19,,14.59,25.77,22.7,12,,33,12.9,23,35,29.6,31.68,21.3,7,6.20,,26,37,4,19,24.26
Air Force,Colorado St.,14.5,11.49,1.87,10.7,14.17,11.05,12.53,2.36,21,4.87,15,9.52,17.5,13.38,-12.26,16.49,,10.42,7.14,11.38,9.65,13.1,10.69,17.89,2.03,,10.5,,18.7,-1.38,10.69,,24,,,,23,15,5,4.99,8.88,7.52,14,-0.14,,3.5,15,11.06,14,,10.16,17.6,-2.9,,12,,5.11,11.13,2.3,4.4,,9,7.82,13,18,29.8,23.5,9.7,7,7.37,,21,42,5,10,14.27
Akron,Miami (Ohio),-3,-2.14,12.94,-10.95,7.47,0.57,-16.31,-16.1,14,5.59,-4,-0.29,-7.5,0.34,-14.14,-8.76,,-4.29,-1.74,4.89,-2.35,-5.45,-2.18,-8.58,3.36,,-9.1,,-14.78,-4.25,-4.47,,-3,,,,-14,-8.5,-6,1.13,-2.21,-9.37,-11,-12.95,,-9.5,-10,-3.07,-3,,13.33,6.8,11.2,,2,,-3.33,-4.47,-11.6,3,,-9,-0.32,-6,-11,-12.6,-20.2,10.9,1,7.94,,56,49,5,-3,-7.52
Alabama,Mississippi,29.5,27.64,31.67,32.24,25.59,25.14,45.73,22.77,25,21.41,29,28.56,31,29.56,35.71,36.51,,31.66,37.15,27.53,36.95,34.05,44.82,34.47,27.55,,39.14,,47.71,19.56,30.52,,38,,,,41,32,29,19.24,23.35,33.2,40,29.94,,29.5,33,31.83,29.5,,27.78,34.6,24.6,,32,,17.06,29.58,36,21,,45,22.26,29,45,29.5,43.24,34.1,19,7.34,,14,33,5,23,30.52
Arizona,Oregon St.,3,0.64,1.85,5.2,-8.43,7.4,-2.44,-0.92,-11,-7.63,1,-2.84,6.5,0.82,-0.01,2.41,,0.87,0.77,0.33,-0.35,0.7,1.06,1.27,-1.25,,0.42,,5.93,1.02,1,,-1,,,,2,2.5,1,-2.58,-1.07,4.54,6.5,-1.26,,-2,-1,4.17,3,,-2.23,2.8,7.6,,-4,,2.47,-0.97,-1,2.05,,-5,8.39,2,7,9.5,4.39,-8.8,3,4.15,,38,35,5,-4,-2.63
Arkansas St.,Western Kentucky,-2.5,1.06,-6.33,3.81,-7.22,-5.11,-6.28,-10.99,-15,-6.06,-4,-4.73,5,3.28,-0.4,0.97,,-2.76,-12.89,-2.54,-7.15,-4,-4.79,9.48,1.9,,-5.24,,-6.17,-8.36,-4,,-19,,,,4,0,-2,-2.6,-5.65,-4.58,,-1.25,,0,1,0.67,-2.5,,3.39,1,-2,,-5,,0.86,2.58,-5.2,-9.8,,-5,-15.9,5,4,13.3,4.26,1.7,-6,6.23,,26,13,5,-4,1.5
BYU,Hawaii,26,17.76,31.12,24.26,25.37,18.84,27.21,10.79,21,24.32,18,24.47,15,19.67,8.75,26.96,,22.72,25.17,22.77,29.75,33.4,25.79,19.79,12.91,,16.89,,33.48,12.47,22,,43,,,,22,27.5,25,16.18,21.73,24.83,15,20.95,,22,22,17.61,26,,28.23,32.6,18.1,,30,,8.04,26.5,29.2,17.9,,35,17.68,14,31,28.4,21.89,32.1,12,6.93,,0,47,5,18,27.35
Boston College,Clemson,-7,-7.54,-14.74,-6.1,-11.71,-6.41,-1.51,-15.46,-11,-6.78,-10,-15.89,-10.5,-5.97,-15.08,-9.28,,-8.52,-15.48,-9.68,-2.45,-21.15,-7.52,-17.09,-15.04,,-8,,-3.3,-15.24,-8.5,,-5,,,,-2,-9.5,-10,-7.99,-16.33,-10.26,-9,-9.29,,-14.5,-8,-5.17,-7,,-10.11,-9.9,-5.7,,-10,,-9.2,1.03,-10.4,-13.75,,3,-7.15,-6,-7,6.4,-12.13,-14.9,-15,4.97,,45,31,5,-10,-7.23
California,Arizona St.,-1,-12.56,-6.06,-2.33,-26.76,-14.32,-4.28,-8.75,-1,-9.83,-7,-19.59,-4.5,-14.14,-6.5,-2.69,,-6.75,-9.77,-19.91,-11.75,-16.3,3.67,-2.39,-0.97,,-3.13,,-1.18,-15.43,-5.27,,-11,,,,-3,2,-4,-7.26,-12.91,3.47,3,3.85,,-7.5,-1,-10.88,-1.5,,-25.07,-12.6,-17.3,,-11,,-4.7,-3.52,1,-17.85,,-1,-10.91,-2,-7,11,-2.42,-14.7,-23,7.69,,27,17,5,-6,-2.31
Central Florida,Missouri,1.5,-4.05,3.31,-3.91,7.26,0.5,-7.45,-8.31,4,11.09,-0.25,-3.19,-2,-3.21,-7.12,-3.9,,-2.04,-4.33,-2.02,-7.05,-10.6,3.63,-12.81,8.2,,-13.84,,5.5,2.01,-2.84,,16,,,,-2,1,0.01,3.75,-2.52,-0.61,-0.5,-2.45,,-1,-6,-3.62,1,,6.99,-6.1,-11.2,,5,,-3.59,0.58,-5.4,-1.85,,-4,-5.3,-2,-6,-9.7,-18.68,-8.2,3,6.09,,21,16,5,-1,-0.58
Colorado,UCLA,-19.5,-21.45,-23.45,-17.83,-18.4,-29.72,-17.64,-18.44,-40,-16.78,-25,-34.99,-14.5,-22.05,-25.6,-11.66,,-21.72,-15.65,-32.46,-28.35,-33.8,-30.21,-24.74,-7.61,,-19.3,,-17.89,-34.45,-19.5,,-38,,,,-14,-19.5,-18,-12.97,-27.02,-19.34,-10,-13.55,,-15.5,-20,-18.14,-19.5,,-32.68,-27.9,-43.1,,-26,,-9.16,-16.59,-26.6,-26.45,,-24,-15.3,-10,-17,-12.4,-14.45,-21.7,-26,7.99,,42,14,5,-18,-21.9
Connecticut,Buffalo,17,21.25,23.86,18.67,12.5,13.89,22.73,19.69,14,14.85,15,19.61,14.5,21.6,15.09,22.41,,18.43,19.14,19.38,22.45,23.1,24.58,15.71,8.61,,15.89,,19.32,9.79,19.32,,22,,,,22,18,20,13.47,15.63,8.8,14.5,22.35,,21.5,17,12.02,17,,24.26,30.7,32.2,,22,,12.08,24.2,20.1,6,,23,18.48,15,21,23.9,24.2,-5.2,8,5.50,,17,24,5,15,20.5
East Carolina,UTEP,4,6.38,-7.32,3.86,9.69,1.95,4.73,8.31,5,-1.36,8,3.02,10,6.01,4.41,6.64,,5.23,6.31,1.17,3.15,9.6,-2.36,16.46,2.82,,7.62,,6.6,3.36,5.58,,-4,,,,9,5,7,2.91,6.85,6.71,1.5,14.32,,4,8,1.77,4,,4.98,3.9,1.9,,3,,7.18,5.58,4.6,2.05,,11,6.15,4,7,9.9,8.23,-4.9,1,4.20,,18,28,5,5,3.37
Florida Atlantic,North Texas,-7,-2.05,-2.62,-6.55,-10.19,-9.1,-10.56,-0.57,4,0.34,-4,-5.1,-1,-2.39,-12.62,-6.84,,-6.8,-9.18,-5.6,-9.45,-4.4,-4.91,-4.34,2.7,,-7.59,,-13.58,-2.03,-7,,-15,,,,-9,-4.5,-8,-0.9,-1.68,-10.47,-15,-4.77,,-7,-7,-3.09,-7,,-10.65,-13,-9.8,,-10,,-2.14,-7.85,-12.9,-10.4,,-14,-3.82,-6,-8,-12.6,-21.7,0.1,-8,4.86,,20,14,5,-4,-4.23
Fresno St.,San Diego St.,7,6.79,16.11,9.13,11.72,7.84,3.25,0.47,11,7.06,6,8.92,6.5,8.48,6.12,9.65,,7.56,4.67,9.37,10.85,9.2,10.33,-4.75,3.24,,10.46,,6.33,4.33,7.06,,14,,,,6,8,8,4.1,8.25,1.11,1,8.77,,5,4,6.29,7,,15.02,15.6,19.8,,14,,1.14,11.09,7.6,3.9,,11,5.95,3,3,11.8,-2.35,10.9,7,4.65,,40,52,5,5,11.28
Georgia,Tennessee,14,15.83,17.38,14.45,12.79,17.05,19.67,10.98,24,23.08,17,24.55,16.5,16.53,18.18,20.02,,18,18.3,21.17,25.25,22.65,21.68,16.16,20.3,,16.51,,26.97,14.99,17,,22,,,,22,15.5,17,15.56,16.25,16.28,15,11.96,,12,15,18.71,14.5,,18.16,22.8,15.2,,20,,8.03,18.53,16.9,13.6,,27,17.93,12,17,27.5,24.57,23.3,10,4.50,,44,51,5,10,15.93
Georgia Tech,Middle Tenn.,26.5,20.87,11.15,33.97,16.54,19.58,32.12,20.75,34,-0.85,23,18.85,20.5,21.12,28.34,24.99,,24.81,9.69,21.87,37.75,32.75,25.72,29.91,7.04,,31.79,,25.86,10.29,25.7,,32,,,,35,28,30,6.54,21.05,29.68,23.5,26.11,,23.5,24,25.41,26.5,,24.09,25.7,44.4,,27,,13.92,31.65,35.5,15.5,,39,18.76,16,43,32,31.21,0.7,5,9.33,,49,28,5,15,28.78
Illinois,Penn St.,-1,-2.78,-4.02,0.2,3.04,-1.45,-5.33,1.96,1,-10.56,0.25,-2,-2.5,-3.8,9.36,-4.59,,-1.21,0.5,-3.23,-10.45,-3.25,3.08,-6.01,-1.72,,-0.26,,-5.71,2.67,-1,,-13,,,,-2,1.5,-3,-4.5,-0.54,5.16,-6.5,2.3,,1.5,0.01,-0.59,-1,,2.51,-3.3,-0.1,,0,,1.56,1.32,4.6,-2.75,,-1,1.58,-1,-7,-4.2,-6.99,-0.2,-3,4.23,,35,7,5,2,-2.48
Iowa,Minnesota,7,1.22,10.02,5.09,-4.66,0.65,3.89,1.03,1,-1.09,-1,-3.17,3.5,1.25,-4.7,6.32,,2.59,3.1,-2.94,-1.05,0.55,13.16,9.38,2.32,,-4.43,,0.46,-8.23,2,,10,,,,8,5.5,1,-0.94,-2.25,7.26,12.5,3.13,,-1,6,4.14,6.5,,-6.7,-0.7,0.9,,3,,-0.79,6.22,1,-4.55,,5,0.49,7,10,18.5,10.24,5,-7,5.51,,13,31,5,-3,5.84
Iowa St.,Texas Tech,-2,-5.14,-10.47,0.48,-3.84,-3.88,8.28,4.31,1,-9.42,4,-10.51,3,-7.07,-1.15,-2.45,,-0.5,-7.83,-6.31,0.25,1.95,-3.6,6.41,3.11,,11.54,,4.65,-2.91,-1.1,,-17,,,,3,-1,-1,-0.87,1.49,-1.51,6.5,-0.01,,-7,-2,-0.14,-2,,-1.1,-9,0.6,,0,,7.68,-1.32,-5.7,-4.75,,3,-2.29,2,7,18,3.29,-6.1,-10,6.09,,24,13,5,-4,2.4
Kent,Ball St.,-2.5,-2.32,-12.94,-0.76,2.57,-2.01,-1.42,-9,-5,-1.66,-0.25,-7.16,-2,-1.24,-14.46,-5.62,,-2.74,-7.81,-2.65,-2.05,-9.45,4.18,-7.49,-2.36,,-5.89,,2.41,-2.74,-2,,-10,,,,1,-2,0.01,-4.53,-5.47,2.05,0,-12.9,,2,0.01,-1.32,-2.5,,-3.81,1.9,-12.3,,-3,,-7.4,-5.34,-2.8,-0.7,,3,0.79,2,-3,8.9,-0.1,8.3,-6,4.66,,43,45,5,-1,1.53
Kentucky,South Carolina,-20.5,-21,-16.54,-20.37,-29.91,-15.21,-20.26,-18.57,-26,-18.92,-18,-27.71,-18.5,-21.51,-27.71,-17.61,,-20.4,-13.75,-23.31,-25.65,-37.1,-24.38,-21.48,-20.76,,-19.23,,-23.38,-24.17,-20.07,,-27,,,,-17,-20,-21,-16.05,-22.92,-20.07,-17,-20.24,,-21,-18,-15.51,-20.5,,-20.69,-20.7,-17.2,,-15,,-13.19,-19.95,-25.7,-19.45,,-19,-12.72,-12,-28,-18.4,-24.91,-16.1,-23,4.11,,38,17,5,-22,-19.97
Louisiana-Lafaye,Florida Intl.,7,9.33,4.38,0.47,11.54,9.87,7.31,10.68,8,-0.56,10,8.8,12,9.07,9.75,6.84,,7.99,17.64,5.09,4.75,18.2,4.3,15.17,4.36,,9.77,,11.3,14.95,8.57,,6,,,,11,6,3,6.69,14.26,4.36,6,1.48,,8,7,8.57,7,,10.09,-1.4,-3.5,,11,,13.95,3.19,5.3,12.95,,5,11.95,4,7,16.6,13.5,10.6,11,4.66,,20,48,5,7,4.61
Massachusetts,Ohio,-23.5,-28.36,-41.5,-24.75,-24.37,-31.84,-17.13,-28.14,-31,-28.12,-28,-44.55,-28,-28.79,-34.94,-32.87,,-27.66,-28.17,-36.83,-30.45,-38.65,-31.63,-32.94,-5.44,,-28.03,,-36.96,-42.49,-28.07,,-31,,,,-21,-23.5,-27,-20.81,-27.99,-29.74,,-26.74,,-28,-19,-26.52,-24,,-30.95,-30.4,,,-29,,-13.5,-17.2,-28.7,-37.55,,-22,-26.35,-20,-22,-18.7,-28.43,-34.3,-39,7.17,,37,34,5,-26,-23.54
Miami (Fla.),NC St.,2,3.2,6.74,6.25,-5.47,6.71,2.65,8.55,8,-5.66,1,2.43,5,2.44,6.03,8.06,,4.12,10.96,0.4,3.85,10.2,-0.75,8.48,11.52,,6.99,,-3.25,2.25,4,,3,,,,8,3.5,4,1.51,5.65,-1.49,8,3.35,,6,3,4.35,2,,-0.14,-9.3,8.1,,7,,8.69,5.83,2.5,1.35,,1,7.56,3,3,17.1,5.39,0.4,-5,4.64,,37,44,5,-1,4.59
Michigan St.,Ohio St.,3,-0.51,1.95,3.26,6.22,-1.78,6.45,4.58,-5,-3.11,2,-4.27,1,-1.22,0.7,3.24,,3.2,4.81,-2.83,2.85,1.95,-3.68,11.18,2.75,,7.29,,5.99,-0.48,2.85,,9,,,,3,1,0.01,-0.06,3.03,12.31,11,-0.93,,1.5,5,5.19,3,,-0.96,14.5,9.7,,1,,3,0.88,2.9,-2.45,,5,1.73,2,6,17.3,12.82,2.6,-6,4.97,,17,16,5,1,-1.41
Navy,San Jose St.,-2.5,-8.17,-27.13,-1.2,-17.05,-19.02,-5.95,-10.84,-15,-18.11,-3,-21.99,1.5,-7.66,-15.53,-11.41,,-9.25,-26.75,-21.45,-16.45,-17.55,-0.81,-11.79,0.35,,-6.89,,-14.91,-21.61,-8,,-11,,,,3,0,-3,-12.27,-14.74,-6.35,1,5.32,,-11,2,-11.63,-3,,-23.44,-6.5,-5.8,,-3,,-6.42,0.76,-6.2,-21.35,,-8,-15.95,2,3,-5.8,-5.88,-26.8,-18,8.36,,12,0,5,-10,-1.44
Nebraska,Wisconsin,11.5,5.6,4.86,11.96,18.11,10.4,4.31,-9.28,8,11.59,10,11.39,5,8.93,0.14,5.95,,7.24,6.24,12.53,12.35,6.15,14.75,3.62,5,,9.68,,4.65,-1.87,6.24,,12,,,,3,11.5,9,8.15,5.11,16.79,-5,3.43,,10,6,2.08,11,,21.54,21.5,12.5,,14,,4.7,7.31,10.8,10.35,,9,3.68,1,-1,-5.3,-1.57,6.2,11,6.20,,27,30,5,8,8.86
New Mexico,Boise St.,-25.5,-22.58,-12.89,-30.21,-15.5,-14.14,-38.1,-18.08,1,-9.35,-16,-15.62,-21.5,-23.42,-20.72,-37.97,,-23.49,-15.87,-19.72,-33.95,-39.75,-41.3,-30.49,-9.31,,-29.38,,-36.89,-8.19,-22.58,,-47,,,,-36,-27,-28,-10.68,-19.7,-23.86,-48.5,-26.89,,-17.5,-32,-23.58,-25.5,,-17.8,-21.4,-12.8,,-24,,-12.02,-26.83,-20.6,-9.3,,-33,-8.28,-28,-52,-29.5,-37.86,-10.2,-12,11.11,,32,29,5,-16,-26.74
New Mexico St.,Texas-San Antoni,-1.5,6.82,-2.22,4.07,-6.33,14.54,5.18,4.2,9,-11.32,-9,2.81,-7.5,7.32,7.93,4.31,,1.91,1.21,10.41,8.65,1.55,2.02,7.82,1.25,,3.4,,-13.13,-11.38,3.7,,-27,,,,3,5,5,-3.57,-4.37,-0.36,,10.97,,-7,-10,13.53,-1,,18.02,-2.3,,,19,,4.18,5.96,3.3,0.75,,-3,11.51,-7,4,13.3,10.4,-3.2,-13,9.10,,35,14,5,-9,4.21
North Carolina,Idaho,27,29.42,20.35,26.78,31.03,23.25,26.55,30.75,42,16.28,29,30.39,26,29.54,25.96,25.94,,26.23,16.32,28.44,30.65,35.1,31.76,29.43,10.14,,20.84,,23.88,31.27,26.78,,31,,,,32,23.5,31,15.47,26.82,25.99,19.5,24.33,,29.5,26,20.68,27,,37.17,32.6,30.2,,26,,14.66,22.34,30.1,23.35,,29,26.85,15,31,28.1,30.61,12.7,29,5.83,,0,66,5,20,25.03
Northern Ill.,Central Mich.,10,13.53,12.56,11.74,13.55,16.39,15.84,0.52,11,7.68,8,10.86,14,15.77,-5.7,15.83,,11.81,3.66,15.71,14.85,14.05,8.5,18.99,8.75,,14.43,,22.08,6.62,12,,7,,,,19,10,12,8.03,10.65,9.08,15,-2.82,,8,8,16.69,10,,21.67,17.2,6.8,,17,,8.38,12.56,9.7,7.45,,15,10.18,12,17,30.1,27.12,6.1,6,6.30,,24,55,5,6,12.83
Northwestern,Indiana,11,15.68,8.51,19.57,13.21,15.3,17.65,18.36,13,2.38,16,17.55,21,15.17,17.1,15.21,,15.67,9.2,15.72,21.85,31.4,8.99,27.26,9.3,,29.25,,20,18.71,15.3,,8,,,,18,13.5,22,9,22.23,14.54,16,16.97,,17.5,13,14.94,11.5,,13.63,15.3,13.9,,12,,15.62,10,12.4,10.15,,17,16.52,11,17,29,22.08,14.7,4,5.38,,29,44,5,9,11.6
Oklahoma St.,Texas,-2.5,-2.51,-1.48,5.05,-5.01,-7.1,12.4,-3.48,-7,-10.25,1,-5.04,5.5,-2.3,-8.08,3.52,,-0.14,-8.07,-8.96,5.15,0.95,-5.24,4.01,-5.28,,-2.42,,3.74,-16.86,-1.48,,-7,,,,18,2,-1,-3.84,-2.67,4.79,14,-6.16,,-2.5,7,-0.31,-2.5,,1.18,7.8,-4.7,,1,,2.58,5.33,2.4,-5.3,,8,-6.15,3,8,12.8,13.56,-15.4,-1,7.02,,41,36,5,-4,3.71
Purdue,Marshall,16,15.98,24.73,19.15,22.41,20.66,15.99,8.65,14,18.22,15,20.17,7.5,17.47,15.41,21.37,,16.48,20.48,26.21,22.35,24,18.35,0.21,10.19,,9.47,,16.23,18.13,16.23,,30,,,,15,16,19,10.77,16.97,10.34,5.5,14.81,,20,10,19.3,16,,27.75,14,18.7,,22,,3.32,20.48,19.8,15.6,,23,14.65,10,17,25.6,17.34,25.9,15,5.85,,41,51,5,15,18.66
Rice,Houston,-8,0.65,6.12,-10.91,7.69,3.93,-15.42,0.98,9,1.48,-4,6.33,-8,0.58,4.55,-7.05,,-3.56,4.47,2.02,-9.4,-3.1,-0.72,-11.29,0.87,,-4.79,,0.42,7.97,-3,,8,,,,-22,-7,-7,2.54,-1.16,-12.14,-26,3.51,,-2,-11,-8.08,-8,,11.78,-10.8,9.1,,1,,3.59,-10.39,-4.5,3.65,,-14,1.7,-11,-21,-31.6,-26.44,1.5,7,9.81,,35,14,5,1,-4.54
SMU,TCU,-15.5,-19.22,-26.2,-15.07,-26.58,-9.47,-16.11,-17.72,-15,-19.72,-15,-16.72,-18.5,-19.59,-13.51,-24.22,,-17.24,-16.97,-15.38,-11.65,-33.75,-17.49,-9.97,-16.03,,-5.55,,-30.02,-23.65,-16.72,,-46,,,,-15,-17.5,-16,-13.57,-22.55,-12.4,-13,-10.46,,-15.5,-16,-9.48,-15.5,,-21.43,-19.7,-8.2,,-19,,-7.42,-19.66,-16.5,-18.6,,-16,-8.64,-14,-18,-9.3,-18.03,-24.3,-24,6.56,,24,16,5,-27,-19.68
South Alabama,Troy St.,-10,-10.75,-8.85,-10.14,-5.81,-11.46,-4.93,-10.92,-5,-4.77,-6,-17.52,-9,-10.77,-18.58,-12.56,,-9.03,-14.45,-11.79,-14.75,-13,-9,-7.27,-0.47,,-11.04,,0.11,-9.49,-9.25,,2,,,,-9,-10,-14,-8.15,-7.41,-10.06,,-17.34,,-13.5,-5,-6.63,-10,,-13.1,-2.6,,,-19,,-11.54,-5.82,-14.7,-15,,-6,-9.73,-5,-4,3.8,-6.66,-9.8,-7,5.12,,31,10,5,-7,-10.02
South Florida,Florida St.,-17,-17.27,-14.14,-17.85,-15.2,-17.62,-18.21,-14.09,-26,-13.9,-15,-29.2,-12.5,-17.82,-22.31,-21.03,,-17.4,-15.15,-25.95,-23.45,-24.25,-22.06,-15.45,-18.56,,-19.54,,-18.44,-21.34,-17.27,,-22,,,,-17,-15,-22,-10.6,-18.09,-15.69,-7.5,-9.7,,-20,-15,-11.35,-17,,-26.82,-29.3,-10.1,,-15,,-7.3,-11.86,-20.3,-23.75,,-17,-15.09,-10,-8,-12.5,-17.75,-25,-28,5.33,,30,17,5,-20,-16.51
Southern Miss.,Louisville,-10,-10.53,-22.47,-8.14,-33.53,-15.46,-7.56,-15.3,-17,-15.33,-16,-21.36,-8,-9.74,-19,-11.64,,-12.27,-15.73,-19.63,-8.85,-29,-15.54,-4.03,-4,,-10.21,,-11.87,-35.1,-11.4,,-40,,,,-2,-11,-13,-10.61,-22.36,-3.08,7,-7.34,,-13,-5,-3.81,-10,,-21.58,-10,-13.3,,-11,,-5.89,-3.42,-11.4,-18.35,,-7,-12.59,-2,-3,11.8,1.5,-16.2,-29,9.50,,21,17,5,-22,-11.51
Texas A&M,Arkansas,13,20.9,10.76,8.83,37.28,24.33,5.41,15.11,34,20.71,18,29.45,8,22.48,20.61,19.12,,17.04,16.07,32.48,26.95,21.85,7.12,-3.14,5.08,,1.55,,23.92,28.86,17.3,,18,,,,15,11,13,13.13,20.61,8.99,9,10.68,,14.5,11,20.62,13,,43.45,23.4,33.2,,13,,5.54,11.49,17.3,12.8,,20,20.33,6,18,27.1,0.91,21.6,22,9.56,,10,58,5,15,19.21
Texas St.,Nevada,-18.5,-20.27,-27.31,-24.52,-7.25,-11.05,-25.55,-13.21,-13,-15.42,-14,-15.85,-17,-21.69,-3.16,-22.77,,-16.84,-2.97,-16.7,-28.75,-20.65,-22.41,-3.42,0.71,,-15.59,,-27.72,-4.43,-16.91,,-30,,,,-31,-20,-21,-11.01,-11.71,-16.81,,-11.73,,-19.5,-15,-17.82,-18.5,,-22.93,-21.1,,,-15,,-6.6,-21.82,-25.2,-5.95,,-22,-7.29,-11,-25,-22.3,-16.52,-8.9,-12,7.83,,34,21,5,-11,-27.93
Tulane,Louisiana-Monroe,-19.5,-16.07,-27.88,-16.5,-27.02,-17.89,-23.07,-8.23,-19,-16.02,-13,-28.56,-11.5,-17.7,-22.97,-19.78,,-18.64,-21.88,-22.57,-28.45,-19.7,-22.63,-13.37,-6.59,,-23.9,,-25.84,-10.58,-18,,-29,,,,-22,-17,-18,-12.7,-12.21,-13.61,-18.5,-24.2,,-16,-16,-19.37,-19.5,,-12.23,-22.5,-25.9,,-15,,-9.37,-15.5,-16.6,-21.1,,-27,-12.01,-13,-10,-22.3,-23.3,-20,-19,5.68,,63,10,5,-17,-18.86
UAB,Tulsa,-16,-15.34,-22.08,-21.65,-25.44,-12.52,-17.58,-21.34,-13,-11.88,-19,-20.78,-17.5,-14.26,-29.72,-20.16,,-17.03,-17.72,-14.75,-20.05,-31.5,-20.45,-20.14,0.47,,-17.91,,-16.14,-17.17,-18,,-5,,,,-18,-15.5,-18,-10.08,-19.01,-20,-18,-19.66,,-17.5,-15,-16.97,-16,,-25.48,-24.8,3.2,,-15,,-8.27,-19.67,-18.6,-20,,-18,-11.81,-12,-18,-25.7,-27.11,-14.1,-24,5.99,,49,42,5,-17,-16.36
Utah St.,UNLV,21,18.53,30.29,19.21,22.23,18.72,18.05,22.32,31,8.5,20,23.06,21,17.83,26.36,21.7,,20.98,20.9,17.44,21.75,34.15,15.61,31.07,3.78,,25.3,,22.08,23.03,21,,25,,,,23,17.5,18,9.44,25.43,19.26,23,16.86,,25,20,19.72,21,,23.63,23,27.8,,27,,10.37,25.07,21.7,19.4,,24,19.06,14,17,29.9,27.56,12.8,12,5.30,,13,35,5,18,20.38
Virginia,Louisiana Tech,-3.5,-4.47,-12.63,-3.97,-12.94,-7.51,-12.03,-7.45,-19,-17.32,-8,-12.74,-4.5,-4.01,-7.95,-7.75,,-8.61,-13.32,-10.18,-15.35,-14.75,-6.5,5.82,-4.7,,-0.42,,-26.21,-15.25,-7.7,,-18,,,,-10,-4,-4,-8.27,-12.59,-7.2,-11.5,3.77,,-5,-4,-9.3,-4,,-15.82,-8.8,-0.8,,-5,,0.77,-3.09,-7.7,-9.05,,-17,-11.01,-5,-7,-15.8,-8.94,-11.8,-17,5.97,,44,38,5,-7,-3.92
Virginia Tech,Cincinnati,7,0.16,-8.66,9.02,-1.41,-2.32,-3.65,-4.29,12,-1.77,3,-2.05,4,0.93,-3.59,-0.32,,0.3,-15.33,-0.12,4.9,-4.4,4.65,0.89,2,,10.53,,-2.95,-8.26,0.83,,-9,,,,3,6,3,0.4,-2.95,6.11,-3.5,5.22,,12.5,2,0.83,6,,0.69,2.9,-2.1,,2,,2.57,5.32,9.8,-2.8,,-1,-12.17,2,-11,3.8,-3.17,-8.4,-6,5.93,,27,24,5,-1,7.78
Wake Forest,Duke,2,0.11,-4.3,2.92,-3.96,-2.9,3.29,9.23,11,-6.14,0.25,-1.69,7.5,-1.21,7.5,-0.48,,1.58,5.39,-6.65,2.85,5.85,1.3,11.13,-1.81,,10.49,,-0.59,0.96,1,,-1,,,,1,4,5,-0.15,2.4,-2.93,2,10.82,,-2.5,-1,1.83,2,,-10.47,-9.7,0.6,,-3,,5.84,-4.12,2.3,-8.05,,-1,1.73,2,6,13.7,9.1,-2.8,-9,5.50,,34,27,5,-1,3.23
Washington,Stanford,-6.5,-14.02,-14.19,-9.16,-11.21,-12.81,-14.76,-14.61,-8,-15.79,-13,0.01,-12.5,-13.98,3.89,-18.32,,-11.6,-6.02,-17.06,-15.25,-19.45,-4.54,-9.18,-15.52,,-9.01,,-16.18,-26.58,-12,,-21,,,,-13,-7.5,-10,-5.83,-12.99,-8.76,-19,-9.03,,-15.5,-14,-14.08,-7.5,,-18.86,-9.3,-9.3,,-11,,4.13,-10.88,-11.9,-13.55,,-12,-8.7,-12,-17,-17.5,-16.07,-13.5,-12,5.48,,13,17,5,-11,-6.03
Washington St.,Oregon,-31,-30.11,-36.07,-26.18,-27.04,-23.23,-28.13,-30.16,-41,-23.42,-29,-41.05,-30,-30.15,-42.14,-33.4,,-30.99,-28.02,-38.63,-45.35,-42.3,-26.23,-33.59,-22.03,,-36.69,,-32.37,-36.11,-30,,-42,,,,-30,-29,-29,-18.63,-31.58,-25.62,-26,-31.89,,-33.5,-27,-28.96,-31,,-34.81,-42.2,-36.4,,-26,,-13.85,-30.55,-27.5,-24.65,,-29,-30.07,-23,-28,-29.8,-35.67,-26.7,-32,6.11,,51,26,5,-23,-39.1
West Va.,Baylor,11,6.57,7.08,7.91,13.54,4.43,0.54,5.26,6,5.23,8,2.06,10.5,6.83,0.86,4.74,,6.97,11.04,8.25,2.05,4.35,14.28,0.11,15,,6.72,,3.61,11.66,6.57,,14,,,,3,10.5,6,5.05,7.21,6.51,6,9.86,,16.5,6,-2.74,10.5,,15.68,9.1,17.3,,9,,4.87,9.23,5.4,1.45,,5,0.88,6,7,11.7,-2.59,2.3,5,4.92,,63,70,5,7,11.45
Western Mich.,Toledo,1.5,2.16,-9.43,2.92,1.61,-0.82,-0.86,-2.77,6,1.11,2,-1.83,-2,3,-1.34,-3.67,,1.87,-9.25,4.15,8.55,-8.9,-4.77,-4.62,8.88,,5.74,,-3,-0.51,2,,8,,,,3,3,8,-1.01,-2.1,3.72,0,4.49,,4.5,0.01,0.26,1.5,,7.38,11.3,18.5,,4,,-3.12,6.35,3.4,-2.95,,8,2.03,2,-4,11.7,-6.12,-3.7,-1,5.38,,37,17,5,-1,7.19
Air Force,Navy,8,10.05,13.07,7,16.3,11.95,11.66,5.99,9,14.94,6,11.81,8,11.06,-2.16,11.41,,10.77,17.52,12.55,15.05,13.05,14.94,11.72,4.59,,6.29,,20.21,4.89,10.05,,33,,,,12,9,6,10.25,9.37,9.87,10,21.37,,4.5,7,8.94,8,,12.21,13.1,-7.9,,11,,5.56,7.07,5.8,7.2,,14,10.61,8,18,27.3,18.5,16.4,8,6.35,,28,21,6,11,7.59
Akron,Bowling Green,-4,-4.31,-3.85,-9.79,1.01,-4.52,-10.68,-8.84,4,1.1,-5,-6.35,-9,-3.39,-8.81,-14.54,,-6.97,-11.69,-2.31,-3.95,-6,-2.02,-11.13,1.78,,-14.15,,-12.5,-8.07,-6.41,,-1,,,,-12,-6,-9,1.48,-4.1,-15.08,-15.5,-14.82,,-4.5,-9,-5.36,-4,,-0.01,-5.7,-17.2,,-3,,1.86,-6.44,-15.2,-7.45,,-11,1.15,-6,-7,-5.5,-5.37,-12.6,-3,5.10,,24,10,6,-4,-11.67
Army,Boston College,-9.5,-16.56,-11.83,-9.9,-6.18,-15.49,-11.99,-12.91,-23,-2.27,-13,-18.59,-9,-17.24,-15.7,-8.03,,-12.17,-11.5,-19.79,-19.85,-15.2,-19.5,-10.39,2.09,,-14.3,,-8.91,-19.67,-11.99,,-16,,,,-10,-8.5,-12,-2.29,-9.07,-8.77,5,-12.52,,-15,-6,-7.66,-9.5,,-18.23,-10,-23.9,,-10,,-2.31,-10.41,-13.7,-18.25,,-20,-10.2,-4,-3,-14.8,-21,-9.2,-16,6.05,,31,34,6,-10,-14.38
Auburn,Arkansas,8,10.28,12.41,4.9,6.67,11.43,4.11,9.83,20,18.4,14,12.59,9,10.51,13.77,13.05,,10.46,9.01,15.54,16.55,13.1,14.26,4.31,8.94,,7.24,,9.14,14.36,9.88,,24,,,,5,11,10,14.13,13.02,8.63,1.5,23.99,,15,4,3.32,8,,15.97,15.9,10.4,,7,,9.87,4.67,14.5,9.2,,8,5.66,3,1,19.1,9.26,16.8,10,5.32,,24,7,6,5,9.89
BYU,Utah St.,6.5,8.39,11.32,11.75,6.33,4.62,12.58,0.58,12,5.87,5,4.62,6.5,10.96,-3.34,15.23,,8.47,0.38,6.06,14.45,6.55,5.49,4.54,9.35,,7.02,,10.54,-2.44,8,,20,,,,18,9,13,4.77,3.5,16.12,6.5,2.83,,1.5,12,7.54,6.5,,4.86,10.2,7.6,,8,,3.68,10.47,15.3,1.15,,16,3.49,8,11,13.6,-1.96,-0.4,1,5.40,,3,6,6,2,14.18
Ball St.,Northern Ill.,-2.5,-2.65,3.88,-3.13,-5.69,-3.04,-6.12,0.01,17,-2.88,-2,-1.67,-5.5,-2.98,1.21,-6.38,,-0.9,7.6,-2.97,-7.75,-9.6,-1.05,-11.48,2.83,,-2.66,,-5.33,-2.09,-2.44,,8,,,,-8,-2,-4,-0.69,-1.22,-2.44,-6,8.21,,-9.5,-2,-4.51,-2.5,,2.53,0.7,5.6,,0,,1.49,-2.86,-2.6,-1.65,,-3,0.85,-6,-7,30.3,-3.92,-2.1,-8,6.56,,35,23,6,-4,-4.33
California,UCLA,-3,-5.41,-3.38,-1.5,-17.03,-4.94,-4.83,-11.7,-7,-8.18,-11,-10.7,-5.5,-3.94,-18.14,-1.18,,-6.27,-9.15,-6.5,0.25,-19.1,0.45,-9.03,-9.19,,-5.33,,-10.37,-18.1,-5.41,,-11,,,,2,-1.5,-4,-6.11,-15.81,-0.81,6,-8.57,,-9,-3,-0.86,-3,,-14.85,-11.7,-7.7,,-7,,-4.04,0.54,-5.3,-13.3,,-8,-3.34,2,1,6.2,-23.23,-9.6,-16,6.24,,17,43,6,-9,1.16
Central Florida,East Carolina,11.5,7.2,14.28,12.33,11.78,9.77,7.05,3.11,6,12.25,9,5.74,4,8.18,6.69,10.31,,8.91,5.68,12.07,8.15,7,8.3,-4.63,14.34,,1.21,,11.92,6.97,9,,27,,,,11,13.5,11,5.82,7.64,9.55,11,8.03,,6,9,8.05,11,,16.51,12.2,11.1,,10,,-0.61,12.24,10,3.9,,9,2.93,9,15,8.1,0.87,6.8,6,4.78,,20,40,6,7,12.33
Cincinnati,Miami (Ohio),20,21.2,37.97,16.3,21.25,20.34,24.68,18.49,4,18.88,17,20.52,17.5,21.97,20.52,32.27,,22.1,31.69,23.02,19.15,29.45,22.9,23.98,17.81,,19.77,,24.13,22.94,20,,45,,,,20,20.5,21,17.68,25.92,19.31,21,55.21,,27.5,17,16.68,20,,24.3,22.8,33.3,,19,,16.48,15.7,19.8,17,,18,16.29,18,32,13.2,25.5,27.8,15,7.88,,14,52,6,18,19.31
Clemson,Georgia Tech,10,13.73,15.08,7.53,15.29,10.56,9.21,22.51,35,9.99,21,15.74,17.5,11.97,17.5,11.56,,14.46,21.19,13.46,16.85,25,1.4,15.98,17,,11.16,,14.05,21.62,14.05,,21,,,,6,11,15,9.72,22.3,11.88,4,13.14,,21.5,13,9.02,10.5,,12.43,17.8,14.9,,13,,9.45,8.57,14.4,12.3,,15,18,7,3,31.2,24.84,14.5,10,6.33,,31,47,6,9,11.21
Colorado St.,Fresno St.,-17.5,-14.44,-27.44,-13.52,-19.16,-16.27,-13.94,-9.08,-28,-15.18,-20,-18.23,-15.5,-15.56,-17.18,-19.97,,-16.13,-14.95,-20.15,-20.85,-24.65,-15.24,-10.32,1.01,,-14.33,,-19.39,-17.12,-15,,-41,,,,-14,-14.5,-13,-9.94,-17.31,-10.03,-10.5,-28.1,,-21,-14,-12.69,-17.5,,-21.09,-27.1,-19.5,,-16,,-4.7,-11.94,-13.9,-16.8,,-14,-12.63,-9,-14,-12.1,-23.74,-13.9,-22,6.38,,28,7,6,-13,-16.23
Duke,Virginia,1.5,1.76,10.02,2.3,11.41,4.53,6.54,9.89,9,10.71,13,4.68,6.5,0.59,10.48,2.46,,5.92,13.08,4.44,2.25,10,-0.21,-2.71,9.78,,2.3,,12.27,10.64,5.15,,15,,,,5,1,3,8.29,11.2,2.91,3,16.91,,7.5,3,0.01,2,,3.23,5.3,-8.8,,4,,5.87,1.09,3,7.15,,5,7.63,2,10,18.2,17.01,4.1,14,5.39,,17,42,6,6,-2.78
Eastern Mich.,Kent,-3,-7.39,-4.72,1.63,-16.7,-3.82,-1.83,-10.55,-34,-5.29,-13,-13.2,-9.5,-6.68,-15.29,-4.09,,-6.4,-0.27,-8.33,-4.15,-14.7,-5.55,-11.29,-3.75,,-11.21,,-2.7,-21.67,-4.72,,-1,,,,-2,-3.5,-8,-4.07,-11.01,2.32,1.5,-4.34,,-11.5,-4,-3.25,-3,,-6.58,-9.6,8.3,,-9,,-2.85,2.98,-4.3,-13.65,,-3,-6.15,-2,-7,7,-29.84,-11.5,-20,7.79,,41,14,6,-11,-0.96
Florida,LSU,-2.5,4.45,2.92,-4.94,7.86,5.55,-5.53,1.8,13,0.7,3,8.23,-2.5,4.92,-2.37,-5.48,,2.16,11.32,7.98,7.35,3.25,0.3,-7.47,0.5,,-4.79,,-2.77,8.83,1.8,,11,,,,-3,-4,-6,1.31,4.73,4.37,-10,0.58,,3.5,-2,-1.11,-2.5,,11.27,3.1,11.6,,6,,1.91,-3.31,0.01,2.35,,-10,14.83,-3,-10,26.9,11.09,7.8,-4,7.15,,6,14,6,-2,5.37
Florida Intl.,Arkansas St.,-2,-1.18,-2.54,-0.9,-6.66,-2.51,-5.04,1.35,9,0.55,-1,-5.78,-3,-1.51,-3.09,-0.01,,-1.69,2.5,-2.33,-8.95,-6.85,-8.22,-12.63,3.27,,-6.63,,-0.62,-2.02,-2,,-1,,,,-7,1.5,0.01,-1.18,-2.45,2.59,-3.5,-5.03,,-1.5,-2,-2.57,-2,,-4.56,-6.5,-3.3,,-2,,-2.91,-1.53,0.5,-3.85,,-2,2.72,2,1,16.1,-5.41,-7.9,-8,4.40,,34,20,6,-2,-1.37
Houston,North Texas,11.5,8.01,-10.63,11.31,-4.68,1.61,15.58,13.89,-9,4.68,4,4.14,9,7.06,9.45,7.32,,6.11,6.92,2.46,11.45,8.2,7.7,17.25,3.04,,7.3,,2.55,-0.3,7.32,,-6,,,,21,12,13,5.43,3.93,7.94,21,-17.16,,17.5,13,9.9,11,,2.25,11.4,-3,,7,,6.18,9.97,10.2,-6.3,,13,7.35,9,18,-7.4,1.17,-9.9,-6,7.98,,21,44,6,3,7.32
Idaho,New Mexico St.,9.5,-0.18,-4.11,7.4,-9.49,0.88,12.51,-3.53,-14,-3.5,-8,-2.32,0.01,0.57,-10.84,4.82,,2.73,19.39,0.27,4.95,3.15,16.16,-1.79,2.12,,10.81,,-2.42,-4.63,2.12,,18,,,,4,8.5,7,1.46,2.48,-4.25,2,5.23,,-2,5,-1.35,8.5,,-3.06,1.7,16.8,,9,,6.43,9.58,7.4,-4.35,,8,1.37,4,10,-6.2,-8.89,6.9,-15,7.66,,18,26,6,2,9.05
Indiana,Michigan St.,-14,-10.75,-2.06,-19.58,-9.89,-8.26,-15.25,-18.98,10,-1.32,-12,-10.06,-13.5,-9.11,-18.66,-11.75,,-11.64,-4.74,-8.67,-13.95,-28.75,-19.12,-28.57,-3.81,,-23.91,,-12.57,-11.65,-12,,-13,,,,-18,-15,-19,-4.72,-15.22,-22.02,-23,-0.92,,-19,-15,-11.83,-14,,-0.85,-9.2,-12.8,,-9,,-8.13,-10.47,-14.4,-9.9,,-18,-5.5,-11,-24,16.8,-11.22,-3.3,-4,7.95,,31,27,6,-10,-13.75
Kansas St.,Kansas,24.5,23.83,31.75,25.83,26.07,24,28.75,31.76,48,16.17,28,36.23,24.5,22.63,38.42,31.46,,29.15,34.91,28.51,33.25,49.3,22.3,32.65,23.67,,28.78,,30.76,33.3,28.6,,41,,,,32,24,29,18.61,36.32,32.97,29,47.37,,25.5,27,21.93,25,,27.16,34.4,26.1,,31,,21.06,28.52,28.6,23.7,,33,25.92,18,28,29.7,33.42,22.9,26,6.16,,16,56,6,23,30.4
Kentucky,Mississippi St.,-10,-8.44,-6.48,-9.5,-18.56,-1.82,-6.83,-10.13,-16,-5.8,-11,-9.58,-10,-8.05,-7.41,-7.11,,-8.6,-8.73,-4.09,-0.35,-22.75,-17.65,-11.65,-9.31,,-4.05,,-12.9,-13.73,-9,,-16,,,,-7,-10.5,-12,-5.8,-14.8,-8.17,-12.5,-9.23,,-18,-8,-6.22,-10,,-10.36,0.1,2.9,,-2,,-5.8,-3.22,-11.6,-15,,-9,-5.38,-5,-11,7.8,-20.42,-13.5,-19,5.51,,27,14,6,-14,-9.13
Louisiana Tech,UNLV,27,19.98,25.24,24.04,17.92,17.02,27.3,29.12,45,14.33,37,23.86,30.5,18.59,27.19,28.39,,25.57,17.52,17.11,26.55,39.75,29.98,37.57,10.15,,24.9,,31.89,32.68,25.24,,30,,,,33,26,25,14.17,31.86,27.97,27,15.45,,29.5,26,26.79,27,,22.86,23.4,16.7,,23,,14.02,23.81,30.3,20.15,,35,18.89,18,25,33.6,32.48,7.7,21,6.76,,31,58,6,22,27.51
Louisiana-Lafaye,Tulane,27.5,27.6,31.43,23.08,38.55,23.41,27.75,20.79,31,25.79,30,33.12,27.5,29.25,28.14,27.38,,27.95,25.48,30.83,33.45,32.25,28.85,23.78,7.22,,30.03,,43.01,33.29,27.81,,39,,,,34,23,25,18.68,26.04,27.81,30,37.22,,28.5,23,28.22,27.5,,41.77,39.3,13.4,,30,,11.57,22.43,25.3,26.8,,32,21.3,20,29,30.4,39.14,22.2,31,6.81,,13,41,6,24,26.57
Marshall,Tulsa,-4,-4.64,-9.84,-8.72,-3.64,-3.83,-5.97,-3.38,-7,-5.18,-10,-9.31,-7.5,-4.71,-8.08,-8.99,,-4.64,-0.21,-7.69,-6.05,-15.8,-1.33,-7.08,0.35,,-8.54,,-4.44,-7.81,-5.18,,-16,,,,-9,-5.5,-4,-2.07,-8.18,-1.56,-5,-9.95,,-7,-6,-5.78,-4,,-2.83,-10.3,9.2,,-5,,1.03,-6.2,-7.7,-6.25,,-4,-0.13,-4,-1,22.3,-8.5,-6.3,-11,5.43,,45,38,6,-6,-3.62
Maryland,Wake Forest,6,9.45,15.23,0.42,12.73,10.08,4.04,-1.32,22,10.72,5,5.93,2.5,11.57,-6.12,7.33,,7.25,4.85,13.18,11.35,-3.75,3.3,-2.25,5.06,,6.45,,8.83,5.02,6,,23,,,,8,4,5,6,3.49,5.08,2.5,8.53,,12,5,6.11,6,,8.82,10.8,22.4,,10,,1.27,12.9,4.3,2.4,,4,7.66,6,-3,26.3,-0.75,12.6,2,6.46,,14,19,6,4,10.31
Memphis,Rice,-5.5,-7.53,4.31,-6.98,2.64,-4.84,-9.37,-14.44,-11,5.1,-10,-1.54,-10.5,-6.21,-15.28,-7.28,,-6.04,-0.57,-4.75,-9.35,-4.4,-4.15,-11.18,3.28,,-7.88,,-5.55,-8.08,-7.08,,-1,,,,-6,-7.5,-8,1.11,-0.94,-7.08,-11,11.19,,-3.5,-12,-10.33,-5.5,,-4.6,-8.1,-20.6,,-8,,-2.87,-6.84,-12.9,-7.6,,-9,-3.95,-5,-10,14.1,-13.51,0.2,-6,6.06,,10,14,6,-6,-7.39
Middle Tenn.,Louisiana-Monroe,-3.5,-3.78,4.57,-10.52,-6.12,-5.22,-13.15,-4.1,-36,5.07,-3,-4.12,1.5,-3.62,1.21,-2.97,,-6.11,2.77,-3.46,-12.25,-2.75,-25.69,-8.85,-2.47,,-4.25,,-11.51,6.22,-4.25,,-2,,,,-14,-4.5,-9,2.23,0.9,-12.24,-12.5,9.75,,0.5,-12,-10.24,-3.5,,-0.78,-10.9,-31.4,,-5,,-0.61,-10.74,-13.2,-4.35,,-13,-2.77,-4,-8,18.7,5.49,1.4,2,9.09,,31,17,6,1,-3.72
Mississippi,Texas A&M,-12.5,-12.42,-14.65,-14.95,-15.17,-12.28,-17.37,-6.65,-10,-7.45,-9,-19.7,-7.5,-14.65,-8.63,-15.76,,-13.52,-11.4,-18.76,-24.65,-22.9,-9.46,-13.4,-4.65,,-11.57,,-25.48,-9.61,-12.28,,-6,,,,-22,-8.5,-12,-3.08,-9.09,-21.25,-17.5,-17.92,,-3.5,-15,-21.1,-12.5,,-26.36,-12,-22.1,,-10,,1.29,-12.87,-12.6,-10.65,,-24,-11.54,-8,-25,-6.6,-11.62,-11.1,-15,6.00,,30,27,6,-9,-14.5
Missouri,Vanderbilt,7,14.07,16.03,7.61,11.99,9.07,7.19,19.75,13,9.93,11,14.58,13.5,13.19,17.82,10.35,,10.39,7.61,12.49,10.95,25,4.19,12.96,5.68,,5.44,,13.4,18.34,9.6,,13,,,,9,7.5,10,10.37,17.23,6.14,11,10.92,,18.5,9,7.46,7.5,,9.52,7.8,6.2,,6,,10.8,7.33,9.6,5.75,,6,7.35,9,14,16,19.03,5,7,3.99,,19,15,6,7,8.36
NC St.,Florida St.,-17,-12.5,-16.08,-14.64,-12.13,-14.86,-10.96,-14.08,-12,-7.12,-15,-19.34,-10.5,-12.07,-21.69,-16.81,,-14.53,-19.89,-14.79,-12.55,-21.95,-18.55,-12.39,-21.53,,-12.69,,-9.42,-14.95,-14,,-25,,,,-15,-12.5,-13,-6.82,-14.82,-13.16,-14,-23.78,,-12,-17,-10.77,-16.5,,-18.23,-21.3,-11.8,,-19,,-6.52,-11.41,-21.6,-17.5,,-12,-12.24,-9,-14,-10.3,-20.31,-13.6,-21,4.13,,16,17,6,-15,-15.06
Nevada,Wyoming,17,13.86,14.96,15.72,23.67,10.21,15.47,16.44,50,15.23,24,14.87,20.5,13.5,9.63,17.69,,16.73,12.54,11.52,19.25,26.95,22.94,14.2,7.9,,19.13,,18.71,17.62,15.72,,23,,,,20,14.5,17,9.5,20.16,10.5,15,9.67,,30.5,13,12.71,17,,12.28,25.2,10.7,,19,,3.77,15.32,16.7,11.65,,22,13.11,13,21,28.9,26.05,-0.5,18,6.98,,28,35,6,16,16.18
New Mexico,Texas St.,3,7.25,14.55,2.52,-1.65,5.72,3.14,4.44,4,2.95,8,5.63,6,7.95,-2.88,-0.94,,6.36,-2.81,4.26,8.95,-1.2,7.24,-7.2,-0.48,,0.82,,3.43,3.27,4,,6,,,,12,3.5,4,1.99,3.35,4.66,,3.09,,-0.5,-1,3.01,3,,21.52,10.2,,,2,,1.04,3.03,12,2.65,,1,4.69,-5,84,29.5,-0.28,,4,12.59,,14,35,6,-1,9.85
North Carolina,Virginia Tech,5.5,7.65,5.17,1.24,9.87,11.98,2.51,0.5,23,13.5,2,11.88,0.5,10.05,0.76,4.9,,6.14,2.72,14.41,19.25,5.55,1.53,-2.19,0.3,,3.19,,10.98,3.78,5.17,,8,,,,6,3.5,10,7.28,5.79,-3.93,0.5,-0.01,,6,2,5.9,5.5,,14.47,18.9,13.9,,11,,1.05,6.78,7.9,5.4,,12,11.18,1,-7,28.7,9.42,-0.8,11,6.68,,34,48,6,4,7.59
Notre Dame,Miami (Fla.),14,12.55,12.72,8.22,19.12,14.12,10.58,9.32,3,10.46,18,16.98,12,13.01,13.47,10.66,,12.58,11.6,18.96,11.4,13.25,9.43,12.08,10.9,,9.71,,19.59,14.92,11.6,,33,,,,10,11.5,9,7.28,11.22,14.7,10,10.76,,6,14,12.91,14,,18.7,10.3,10.1,,16,,4.11,13.29,20.9,8.3,,19,8.12,7,7,19.7,18,13.8,9,5.01,,3,41,6,11,15.48
Ohio,Buffalo,14,18.54,18.07,19.84,14.49,18.93,15.19,30.5,18,10.59,24,16.86,23,16.88,25.42,18.16,,17.74,22.39,13.65,14.25,36.3,12.68,33.17,8.17,,19.07,,22.63,23.29,18,,9,,,,15,16,20,15.13,25.79,14.95,17.5,4.89,,20.5,15,13.24,14,,23.56,18.7,3.1,,13,,19.66,12.51,15,14.05,,18,18.86,10,15,29.2,34.02,5.9,19,6.15,,31,38,6,17,15.83
Ohio St.,Nebraska,3,4.32,3.14,1.5,3.15,3.2,-1.24,14.42,10,3.82,12,2.03,7.5,3,9.87,-1.62,,3.12,0.12,3.08,-4.15,4,-3.27,7.69,7,,-0.66,,6.71,11.76,3,,-2,,,,1,4,5,4.73,6.67,-7.9,-1,-0.01,,3.5,-2,0.7,3,,-0.25,-9.1,11.8,,-2,,5.64,1.1,-2.3,-2.45,,4,4.57,2,3,12.3,12.01,-3.1,-1,5.06,,38,63,6,4,2.15
Oregon,Washington,25,18.58,28.58,22.88,15.13,15.24,19.52,8.78,25,21.55,18,19.12,21.5,20.15,12.67,25.72,,19.1,19.99,19.6,21.75,16.25,30.24,8.94,16,,14.62,,31.38,12.36,19.52,,22,,,,23,24,15,14.07,14.24,14.95,25.5,24.64,,13.5,20,15.56,24,,25.93,26.1,14.8,,21,,6.59,22.84,19.7,9,,20,19.26,16,22,23,18.93,22.1,16,5.30,,21,52,6,17,19.76
Oregon St.,Washington St.,15.5,21.58,24.76,13.42,32.58,23.1,18.5,32.13,38,11.28,23,30.61,18,20.27,38.75,17.19,,22.43,27.76,25.45,20.85,40.7,13.34,31.78,19.97,,25.6,,18.54,40.94,20.5,,35,,,,17,13.5,20,14.79,33.44,12.92,6.5,27.26,,28.5,18,12.72,16.5,,34.79,25.1,27.8,,23,,18.29,14.84,20.5,21.75,,18,19.08,10,11,30.3,35.55,16.7,11,8.37,,6,19,6,16,15.33
Penn St.,Northwestern,2,3.02,-2.37,2.47,-3.09,-0.12,1.96,-2.68,-4,4.41,-0.25,-3.31,3,4.4,-7.84,2.05,,1.41,-3.05,-1.27,4.15,-7.8,-1.26,4.41,2.2,,3.85,,3.72,-8.11,2,,11,,,,10,4,2,2.08,-5.43,2.52,10.5,-5.53,,-2.5,5,6.14,2,,3.2,-2.2,1.5,,3,,-0.25,5.09,-0.5,-5.75,,6,-0.92,5,7,10.4,-11.55,-5.4,-5,4.89,,28,39,6,-3,7.12
Purdue,Michigan,-3,3.41,5.42,-7.1,12.68,10.4,-6.48,3.62,3,5.94,2,3.08,0.01,3.51,1.81,-5.97,,0.76,8.82,10.22,-2.15,-1.15,-0.93,-12.12,-0.25,,-11.79,,0.84,12.56,0,,8,,,,-5,-3.5,-4,1.27,4.73,-3.12,-11,4.34,,-4,-8,-2.68,-3,,10.73,-4.5,-2.4,,0,,-3.41,-5.39,-4,7.9,,-2,7.59,-6,-7,28.1,16.41,7.4,7,7.61,,44,13,6,3,-5.27
Rutgers,Connecticut,7,8.4,14.01,11.38,10.58,4.38,12.74,18.74,15,5.01,9,7.88,10,6.87,17.87,10.55,,11.38,22.91,1.34,10.75,26.35,-1.25,21.07,9.69,,16.63,,7.01,14.93,10.75,,23,,,,11,10,14,8.3,18.69,13.35,10.5,6.94,,14.5,10,6.06,7.5,,14.63,12.4,3.6,,13,,11.59,3.02,12.7,7.95,,8,16.38,4,11,23,24.56,6.2,7,5.73,,3,19,6,8,7.25
San Diego St.,Hawaii,21.5,14.07,31.74,11.79,21.21,17.91,15.93,8.37,21,26.54,15,21.34,8.5,15.41,12.72,27.24,,17.82,23.91,22.04,22.45,17.25,19.24,5.88,7.83,,8.19,,31.67,16.8,15,,44,,,,12,17.5,13,17.21,14.28,14.84,13,43.01,,21,12,14.31,21,,24.75,24.8,8.1,,14,,7.88,14.61,15.8,14.75,,20,13.2,14,20,31.3,18.48,32.4,11,8.05,,14,52,6,15,13.79
South Carolina,Georgia,1,5.51,0.27,2.87,8.01,5.77,4.31,-0.2,9,2.29,9,9.31,8,6.5,3.73,9.81,,4.61,-0.77,3.84,3.35,3.9,-2.44,6.12,4.5,,5.81,,8.32,4.07,4,,7,,,,3,2.5,2,3.85,3.93,4.45,4.5,0.01,,-4,4,8.4,1.5,,4.29,2.3,3.7,,2,,5.4,4.64,2.8,2,,2,0.48,5,1,28.3,4.97,-0.3,-1,4.48,,7,35,6,2,0.72
Southern Miss.,Boise St.,-10,-15.55,-15.01,-9.82,-27.52,-13.1,-13.58,-19.28,-13,-8.42,-16,-17.78,-15,-14.73,-20.92,-16.14,,-13.97,-12.02,-14.67,-11.65,-30.7,-9.28,-14.12,-3.01,,-11.31,,-17.42,-23.88,-13.1,,-36,,,,-13,-11.5,-14,-9.14,-21.74,-3.64,-11,-8.19,,-4.5,-12,-11.72,-10.5,,-19.22,-11.8,-11.2,,-7,,-9.85,-8.36,-8.1,-15.7,,-8,-11.42,-10,-10,-15.7,-30.22,-10,-18,6.09,,40,14,6,-16,-12.35
Stanford,Arizona,9,10.42,8.53,12.17,11.04,6.18,16.13,9.16,9,12.38,16,8.16,13.5,10.78,3.03,16.45,,10.75,1.97,8.58,14.65,13.75,3.89,7.72,14.5,,11.99,,17.68,6.25,10.5,,5,,,,19,12.5,10,8.81,10.57,18.99,22.5,6.82,,10,16,12.58,9,,5.5,8.2,-2.8,,4,,5.24,16,11.9,3.25,,24,5.46,16,18,14.2,7.29,1,3,5.45,,48,54,6,6,9.83
Syracuse,Pittsburgh,1.5,0.61,-3.36,-2.56,-0.19,9.82,-4.61,-6.66,22,0.92,0.25,1.88,-3,2.16,-8.96,-4.5,,-0.53,-10.67,6.49,2.65,-7.15,-3.81,-4.96,1.07,,3.48,,-1.87,1.4,-1,,-10,,,,-4,-3,-2,-1.21,-2.8,-1.78,-4,-21.88,,-7,-3,1.3,1.5,,3.47,1,4.6,,4,,-3.34,3.02,-0.9,-1.8,,-6,4.08,-3,-1,26.3,-2.96,-0.6,-3,6.96,,13,14,6,-4,-1.26
TCU,Iowa St.,7,12.03,2.54,13.02,12.12,0.52,12.46,8.81,2,2.37,7,2.97,14,12.77,6.07,13.47,,8.81,-0.11,0.25,10.05,13.5,11.43,10.58,11.2,,13.89,,15.61,-0.71,10,,4,,,,17,13,13,2.28,6.57,13.58,18,-8.89,,13.5,13,8.49,7,,10.77,8.5,-6.1,,7,,2.19,9.5,7.6,2.6,,15,7.26,13,17,19.8,7.62,-6.1,5,5.96,,37,23,6,10,13.58
Temple,South Florida,-3.5,0.75,-8.24,-2.64,-1.3,2.03,0.24,-6.64,-4,1.5,-2,-2.42,0.5,2.42,-7.29,-2.69,,-2.39,-12.5,3.57,0.65,-5.75,-8.08,1.04,-4.35,,-4.46,,10.95,-6.4,-2.64,,4,,,,5,-6,-3,1.34,-5.95,-0.24,4.5,-9.59,,-9,-7,3.24,-3.5,,-0.71,-6.4,-8.2,,-10,,1.18,-4.41,-13.5,-4.9,,1,-1.82,3,7,-4.7,-9.08,-4.5,-4,5.03,,28,37,6,-4,-1.95
Texas,West Va.,6.5,10.18,12.53,6.91,7.85,9.2,4.26,6.66,10,9.97,13,13.42,8,11,8.53,11.52,,8.3,3.35,10.27,7.15,6.55,-2.07,-0.14,0.5,,5.98,,7.48,5.65,8,,12,,,,9,7,5,7.18,5.81,4.14,5.5,14.99,,5,5,12.78,6.5,,20.15,8.8,12.6,,14,,4.39,11.61,12.2,0.25,,8,8.67,6,7,30.8,7.96,9.6,3,5.20,,48,45,6,2,9.76
Texas Tech,Oklahoma,-4.5,4.62,12.58,-12.15,13.51,8.4,-10.34,6.94,9,13.51,5,10.43,1.5,4.25,2.66,-1.89,,2.89,15.02,12.53,-2.65,2.6,-2.55,0.62,-3.5,,-6.81,,5.06,21.09,2.66,,8,,,,-8,-7,-3,6.83,9.02,-7.43,-22,14.93,,-3.5,-3,-3.37,-3.5,,10.55,15,8.7,,6,,0.16,-4.85,-6.2,8.65,,-3,8.79,-3,-14,26.7,22.52,14.5,11,9.81,,41,20,6,4,-6.6
Toledo,Central Mich.,12,15.63,26.33,15.3,19.23,20.74,21.42,9.4,25,16.6,14,17.98,16,16.98,9.02,19.21,,17.26,21.53,21.77,22.35,25.7,8.03,15.99,5.45,,14.12,,30.62,16.11,16.6,,23,,,,21,14,18,14.22,18.36,10.78,22.5,30.69,,12,12,19.91,13,,26.11,18.6,5.6,,17,,11.84,12.84,15.7,12.05,,21,15.11,14,20,31.3,17.43,14,13,5.83,,35,50,6,9,14.7
UTEP,SMU,2.5,-4.55,5.41,-1.42,2.72,1.81,-2.75,-3.77,11,7.76,-0.25,-5.39,-1.5,-4.58,-2.71,4.69,,0,1.94,-4.47,-5.05,-4.3,-6.25,-10.19,4.94,,-10.21,,6.68,0.29,-1.3,,20,,,,-2,-2,-4,2.62,-1.29,-3.58,-1.5,11.87,,-3,-4,-2.21,2,,-5.41,-1.3,1.1,,2,,-2.53,-0.37,0.9,-2.25,,-3,-3.86,2,-1,13.4,-7.44,6.3,-1,5.69,,17,0,6,-1,3.06
Utah,USC,-14,-7.31,-15.32,-15.37,-8.61,-8.83,-18.63,-6.69,-8,-11.34,-8,-9.96,-4.5,-7.35,-7.99,-11.93,,-10.46,-6.18,-9.64,-17.65,-14.5,-22.86,-9.33,-9.6,,-13.24,,-16.69,-10.41,-9.33,,-27,,,,-15,-13.5,-12,-6.87,-10.21,-8.18,-10,-8.66,,-18.5,-9,-4.67,-13.5,,-6.73,-13.8,-7.3,,-5,,-2.4,-5.37,-20.5,-8.1,,-15,-5.99,-4,-17,11.5,-12.01,-5,-8,5.84,,38,28,6,-9,-10.58
Western Mich.,Massachusetts,17,19.11,17.29,22.52,14.38,25.76,15.32,16.1,11,15.96,23,26.95,20,19.87,29.72,27.18,,19.49,11.75,25.23,21.25,20.3,14.83,19.35,14.77,,20.34,,24.96,24.42,19.3,,12,,,,24,18,21,12.94,14.2,24.29,,16.77,,17,18,20.39,17,,18.35,18.3,,,24,,9.91,23.08,27,20.6,,21,13.38,17,29,25.4,27.61,14.8,18,4.93,,14,52,6,14,21.17
Wisconsin,Illinois,13.5,16.35,29.29,13.23,7.95,15.31,23.01,16.29,26,17.08,11,20.3,13,16.52,13.84,15.84,,18,25.1,19.44,25.75,27.2,12.52,13.82,11.44,,15.81,,27.69,18.16,16.67,,29,,,,23,14.5,16,14.38,21.13,12.57,25.5,32.23,,18,15,15.03,14,,19,21,10.2,,19,,11.67,16.67,18.4,8.75,,20,15.07,17,24,26.9,20.34,21.8,6,5.87,,14,31,6,9,17.65
Arkansas,Kentucky,18.5,9.97,-0.72,16.36,3.82,0.26,17.79,12.41,6,-1.39,3,,9.5,9.35,,8.1,,8.89,11.74,-1.2,10.65,15.35,18.63,13.57,3.59,0.85,12.96,,3.91,0.99,9.99,,10,,,,16,16.5,14,3.91,6.86,15.16,17,-0.01,,16,12,7.76,17,,4.12,2.6,1.4,,8,,9.22,15.96,10.3,1.65,,14,6.92,10,14,16.5,11.04,0.4,-2,5.89,,7,49,7,10,12.18
Arkansas St.,South Alabama,21,18.03,13.74,22.33,10.72,13.77,17.66,20.09,10,6.7,17,,20.5,17.47,,18.03,,16.6,11.97,15.21,24.05,23,20.53,31.65,3.23,8.64,21.38,,14.84,13.84,16.57,,6,,,,28,20,25,8.47,15.31,22.19,,7.83,,21,16,14.68,20.5,,19.97,17.9,,,25,,10.24,16.57,23,10.5,,22,9.95,14,20,11.2,21.03,10.6,10,5.97,,29,36,7,14,15.66
Army,Kent,-3,-5.57,-10.44,3.07,-9.48,-10.81,-1.01,-5.54,-21,-4.84,-14,,-9,-5.8,,3.93,,-6.28,-6.12,-10.55,-5.85,-9.5,-11.48,-5.91,-3.54,-8.07,-7.11,,-10.92,-20.53,-6.06,,-7,,,,1,1.5,-3,-2.73,-10.96,-6.19,4.5,-6.42,,-4.5,-1,-5.67,-3.5,,-11.4,-7.8,-0.5,,-9,,-0.62,4.86,-2.3,-17.7,,-6,-7.04,2,10,-25.7,-26.26,-7.4,-18,7.34,,31,17,7,-8,-2.21
BYU,Oregon St.,5.5,3.96,3.76,5.8,3.2,0.01,3.39,-8.96,4,7.37,1,,5,6.23,,4.26,,2.64,-4.54,3.69,7.95,-3.9,6.32,-5.7,-7.3,-2.32,-0.96,,13.06,-13.81,3.57,,1,,,,9,3.5,4,1.64,-6.45,16.19,11,0.01,,4,4,6.37,5.5,,1.87,8.1,-4.5,,4,,-4.1,7.97,3,-6.15,,8,0.69,6,14,10.7,-14.76,-0.7,2,6.35,,42,24,7,-1,4.94
Ball St.,Western Mich.,3,-0.01,7.34,-2.4,-3.75,1.84,-0.48,1.5,11,0.44,4,,4,-0.56,,-1.29,,2.14,6.42,0.47,-1.65,3.75,-2.88,2.33,1.58,8.8,1.11,,-0.28,3.86,1.06,,9,,,,-3,1.5,-2,2.31,5.47,0.81,-5,6.16,,-7,2,0.86,3,,0.9,0.01,-0.5,,2,,4.18,3.39,1.4,-0.35,,-4,4.01,-1,-1,20.8,7.35,3.1,-2,4.67,,24,30,7,1,0.52
Baylor,TCU,7.5,-0.51,24.89,1.5,-4.28,12.93,10.86,0.22,18,7.29,1,,-5.5,-0.89,,9.09,,7.98,19.72,16.99,12.45,3.85,1.49,3.64,3.1,20.96,3.43,,14.67,10.14,6.47,,14,,,,6,6,6,5.05,7.6,5.36,-2,23.76,,15,2,4.57,7.5,,7.12,7.6,20.1,,6,,2.81,3.31,5.5,6.95,,12,11.35,-2,4,31.8,7.21,15.1,3,7.77,,49,21,7,4,4.83
Boise St.,Fresno St.,7.5,9.53,-3.96,7.19,2.34,0.11,14.44,15.77,8,-1.68,14,,16.5,8.02,,5.28,,7.74,-1.78,-1.49,5.95,16.55,5.3,24.35,11.42,-3.36,11.24,,9.96,9.12,8.01,,4,,,,20,9,12,4.5,10.82,13.06,22.5,-6.55,,3.5,14,9.83,7.5,,0.54,-7.6,1.4,,0,,10.67,6.61,7,-1.5,,14,2.03,12,24,9.7,9.04,-5.7,-1,7.37,,10,20,7,5,10.14
Bowling Green,Miami (Ohio),7.5,5.74,14.24,5.99,11.47,9.73,2.76,-2.34,13,9.35,6,,5.5,6.97,,5.68,,8.04,9.83,11.03,8.85,3.35,9.48,3.96,4.69,12.65,10.1,,9.2,5.74,7.16,,12,,,,6,6.5,8,6.41,4.25,10.57,7,14.89,,2,3,5.5,7.5,,12.92,16.9,12.5,,10,,3.47,6.94,8.9,7.35,,11,3.58,5,3,25.7,-0.75,19.8,5,4.72,,12,37,7,4,11.08
Central Florida,Southern Miss.,17.5,15.06,24.86,13.27,36.22,20.92,9.68,12.6,25,19.64,21,,13,15.33,,15.3,,16.76,18.24,27.86,15.35,23.65,18.34,4.24,11.22,20.87,5.76,,20.31,25.81,16.28,,33,,,,11,14,17,13.51,21.81,7.46,-0.5,24.26,,18,8,11.84,17.5,,30.8,16.3,11.2,,18,,7.38,13.14,16.5,17.45,,13,16.26,7,13,30.4,34.8,15.2,21,7.67,,31,38,7,17,18.06
Central Mich.,Navy,2,-2.35,-1.15,-4.66,3.89,-4.15,-3.6,-0.24,3,0.49,3,,0.5,-2.96,,-9.17,,-1.29,-0.84,-7.56,-6.15,-3.2,-5.73,1.61,2.88,-1.82,-5.46,,-3.44,2.25,-2.07,,12,,,,-5,-2.5,-6,1.14,2.38,7.58,-3.5,-2.33,,-7.5,1,-4.26,1.5,,-5.9,-3.4,-7.6,,-4,,1.78,-3.97,2.5,-2.95,,-8,-1.18,-2,-4,13.3,7.04,0.7,-3,4.69,,31,13,7,2,-2.14
Colorado,Arizona St.,-22.5,-30.95,-41.98,-21.16,-31.95,-33.67,-19.07,-23.27,-33,-15.73,-27,,-20,-33,,-21.99,,-26.18,-19.71,-42.32,-36.15,-34.85,-21.73,-22.33,-10.19,-25.54,-17.98,,-21.09,-31.81,-25,,-37,,,,-25,-23.5,-22,-11.02,-28.25,-18.75,-19.5,-33.08,,-15.5,-20,-34.16,-22.5,,-39.22,-35.5,-45,,-31,,-6.31,-23.51,-24.5,-30.2,,-29,-23.55,-16,-31,-30.8,-37.46,-23.2,-32,8.19,,51,17,7,-20,-26.4
Connecticut,Temple,5.5,0.29,2.22,0.45,5,-0.85,0.94,1.18,9,3.41,5,,4,-0.11,,0.17,,2.79,3.15,-2.13,-4.15,-0.8,-1.71,1.2,6.8,4.9,0.61,,-1.04,2.38,2.04,,2,,,,2,4,1,2.47,3.22,1.55,-4.5,2.81,,0.5,7,-0.65,4.5,,0.88,10.3,3.8,,8,,1.53,6.62,10.2,-0.4,,1,2.07,2,3,19.5,-0.03,2.1,-1,3.97,,17,14,7,4,3.54
East Carolina,Memphis,17.5,19.79,15.16,21.36,11.45,16.08,17.25,24.2,22,3.43,16,,19.5,18.79,,17.37,,16.83,9.66,17.29,22.65,19.25,16.1,19.01,2.68,11.76,13.23,,15.56,16.19,17,,10,,,,23,20,19,7.13,14.62,21.11,20,9.26,,16,23,12.99,17.5,,13.32,22.3,30.2,,19,,10.83,18.89,22.9,11.2,,22,14.83,13,18,28.8,15.46,7.5,6,5.59,,7,41,7,13,21.02
Eastern Mich.,Toledo,-16.5,-20.39,-22.49,-11.13,-26.1,-15.3,-18.14,-25.09,-28,-12.75,-24,,-25,-19.79,,-24.66,,-18.49,-20.05,-20.1,-18.75,-32.95,-20.55,-23.59,-1.56,-20.21,-13.5,,-23.17,-27.89,-19.75,,-24,,,,-20,-13.5,-17,-12.05,-23.02,-4.92,-18,-22.11,,-22,-14,-13.64,-16.5,,-21.38,-19.7,-17.2,,-18,,-11.35,-11.25,-17.8,-22.3,,-14,-20.05,-13,-17,-18,-41.05,-19,-25,6.35,,52,47,7,-18,-16.07
Florida Intl.,Middle Tenn.,-3,-2.31,-20.64,7.78,-10.24,-8.45,1.64,-1.07,-14,-13.37,-0.25,,0.01,-2.76,,-3.76,,-4.75,-19.75,-9.96,-8.75,-11.15,-11.44,4.13,-1.55,-17.55,-5.49,,-2.8,-7.54,-3.76,,-24,,,,6,-2.5,3,-9.84,-5.93,13.34,15,-22.06,,-2,6,-2.33,-3,,-9.48,-5.4,6.3,,-4,,-6.32,4.9,3.4,-12.55,,2,-8.07,4,-3,-18.9,-23.89,-7.6,-14,9.16,,34,30,7,-7,-0.76
Florida St.,Boston College,28.5,20.99,29.26,24.64,34.07,23.57,21.27,22.4,32,16.61,28,,25,20.6,,23.97,,25.51,25.27,25.22,25.75,39.1,30.08,28.3,26.01,30.19,21.76,,26.03,28.67,25,,34,,,,24,28,24,16.88,32.42,22.37,24.5,26.71,,32,26,17.26,28,,32.15,40.9,28.2,,28,,17.16,19.36,27.3,22.6,,23,21.09,18,25,30,37.72,17.7,26,4.96,,7,51,7,25,25.85
Hawaii,New Mexico,-3,-1.03,-20.1,3.32,-13.01,-11.26,-0.31,-0.51,-17,-15.4,-9,,1,-1.35,,-1.1,,-5.74,-18.87,-12.48,-10.65,-9.6,-9.17,3.86,0.01,-19.01,3.2,,-16.14,-16.29,-4.18,,-10,,,,6,-2,-2,-7.14,-7.23,2.47,18,-25.19,,-4.5,7,-1.99,-3,,-12.56,-10.3,7,,1,,1.11,6.73,-3.7,-17.65,,-5,-10.83,3,11,-21.2,-25.47,-17.1,-17,9.67,,35,23,7,-6,-0.16
Houston,UAB,13.5,6.67,-2.32,14.14,2.16,0.29,22.04,12.85,9,9.31,6,,13.5,5.29,,11.85,,8.86,5.63,-5.36,11.85,12.5,16.43,20.97,4.5,1.71,10.35,,16.61,1.7,9,,1,,,,22,13.5,15,8.19,6.7,17.18,33,0.01,,14,15,8.06,13,,-1.39,4.4,-16.1,,5,,7.07,11.69,14.3,0.9,,19,1.29,17,20,-7.5,2.26,2.1,1,8.60,,17,39,7,9,11.37
Indiana,Ohio St.,-17.5,-18.71,-17.21,-19.79,-16.46,-15.08,-16.18,-30.21,-12,-8.16,-27,,-27,-16.95,,-13.8,,-17.72,-13.47,-19.11,-17.95,-39,-14.56,-33.19,-14.58,-14.94,-25.38,,-19.53,-26.33,-17.08,,-13,,,,-20,-18,-21,-9.52,-25.34,-16.17,-16.5,-15.4,,-20,-18,-15.81,-17.5,,-12.04,-16.4,-16.5,,-17,,-10.89,-17.34,-17.5,-18.5,,-21,-13.64,-11,-18,-7.5,-28.33,-11.1,-18,5.22,,52,49,7,-16,-19.1
Iowa St.,Kansas St.,-6.5,-4.71,-6.43,-7.15,-1.87,-3.5,-9.05,-6.9,-6,-4.55,-2,,-2.5,-4.61,,-5.43,,-5.56,-9.12,-6.64,-11.25,-6.75,-1.19,-3.12,-10.75,-6.75,-8.25,,-8.45,-1.47,-5.86,,-9,,,,-7,-6.5,-6,-2.04,-1.54,-10.4,-5.5,-9.15,,-13.5,-3,-3.39,-6.5,,-1.23,-5.5,1.9,,-6,,0.47,-3.76,-12.8,-7.35,,-5,-13.7,-5,-7,8.8,-4.82,-11.2,-9,3.91,,27,21,7,-7,-5.71
Kansas,Oklahoma St.,-27.5,-16.93,-30.29,-18.49,-22.14,-13.56,-26.67,-13.93,-17,-11.03,-25,,-21,-17.99,,-28.72,,-21.53,-22.73,-22.72,-28.25,-34.15,-24.48,-16.26,-7.23,-21.74,-17.5,,-26.82,-11.8,-21.37,,-22,,,,-34,-20,-21,-9.61,-20.53,-27.98,-34.5,-25.41,,-19.5,-28,-20.85,-27,,-26.41,-32.8,-34.2,,-20,,-8.19,-24.79,-25.2,-19.35,,-28,-10.98,-17,-24,-20.5,-19.19,-15.3,-32,6.47,,20,14,7,-19,-20.56
LSU,South Carolina,3,-1.6,-7.4,6,-10.43,-6.73,0.7,0.83,-4,-4.67,-7,,-4,-2.24,,6.79,,-2.22,-4.52,-11.8,-6.55,-0.5,-4.97,-2.39,-5,-0.26,0.99,,-3.34,-9.09,-1.92,,-11,,,,6,4,2,-2.56,-0.89,-2.63,11.5,-0.01,,-1,1,0.42,2,,-5.32,-5.2,-7.7,,-7,,-0.46,2.56,1.2,-8.65,,3,-6.16,4,3,-12.3,-8.52,-6.8,-6,5.15,,21,23,7,-1,0.84
Louisiana Tech,Texas A&M,-7.5,-13.9,-26.25,-9.32,-15.75,-14.44,-8.27,-3.89,-15,-2.93,-13,,-2.5,-16.02,,-15.11,,-11.39,-13.01,-19.5,-14.8,-12.5,-6.58,3.17,-0.75,-15.93,-4.81,,-5.58,-5.9,-10.16,,-15,,,,-12,-6,-9,-0.02,-5.5,-8.07,-3,-23.61,,-6.5,-11,-27.28,-7.5,,-16.73,-18.3,-40.2,,-10,,2.89,-18.31,-9.1,-8.95,,-5,-12.22,-5,-3,-34.8,-11.72,-11.8,-6,8.34,,59,57,7,-4,-8.62
Louisiana-Monroe,Florida Atlantic,23.5,24.35,24.51,23.51,31.44,23.16,25.93,25.45,22,20.71,22,,18.5,24.03,,22.46,,25.63,31.27,26.73,29.25,34.3,36.87,25.48,13.77,19.71,24.7,,33.85,21.18,24.75,,45,,,,28,23,26,20.83,24.8,21.96,22,22.24,,28.5,26,19.66,23.5,,27.21,37.1,36.5,,31,,20.94,22.41,28.7,20.05,,26,30.92,16,31,30.4,38.32,14.3,19,6.02,,14,35,7,20,20.47
Miami (Fla.),North Carolina,-8,-7.97,-13.41,-1.47,-13.87,-6.98,-1.09,8.47,1,-14.52,1,,2.5,-11.63,,-3.36,,-4.72,1.61,-11.96,-9.65,8.1,-7.66,5.1,-0.01,-4.51,3.65,,-14.67,3.9,-5.22,,-13,,,,-6,-5.5,-4,-4.51,2.09,-6.23,0,-10.71,,1,-2,-6.79,-8,,-10.74,-19.8,-9.1,,-9,,5.5,-6.81,-10.2,-4,,-7,1.66,-4,-3,-7.6,1.9,-6.8,-13,6.24,,18,14,7,-6,-7.98
Michigan,Illinois,25,18.28,33.84,22.75,17.96,20,29.25,15.95,30,23.2,21,,16,18.52,,20.11,,23.98,30.74,28.27,33.75,35.8,26.18,20.71,14,28.38,23.69,,37.16,22.53,23.46,,28,,,,24,21.5,25,18.19,26.84,23.44,21,32.59,,26,19,17.22,25,,27.71,36.3,20.6,,24,,13.18,22.78,26.2,15.95,,31,23.48,15,31,29.6,27.4,22.6,14,5.95,,0,45,7,16,22.41
Michigan St.,Iowa,9,7.68,9.31,13.56,9.52,5.4,11.14,10.25,12,5.36,8,,8,7.06,,10.42,,9.51,7.12,7.24,6.25,20,4.39,18.12,6.84,11.26,10.58,,11.66,8.81,9.71,,13,,,,13,11.5,12,5.33,12.47,16.57,12,9.23,,8.5,13,6.43,9,,12.01,9.9,10.4,,9,,5.31,10.37,11.8,4.2,,14,5.18,5,10,13.2,6.3,1.7,2,3.34,,19,16,7,6,11.02
Minnesota,Northwestern,-3,-1.83,-6.74,-4.86,0.61,-1.25,-8.66,-2.19,-5,-2.6,-1,,-4,-1.97,,-6.87,,-3.52,-5.37,-2.69,-6.75,-11.4,-1.31,-9.94,-4.69,-8.18,-3.68,,-2.85,1.62,-3.03,,-12,,,,-5,-3.5,-5,-0.81,-3.58,-4.01,-4.5,-7.39,,2,-2,-3.25,-3,,-1.12,-1.3,-1.8,,-1,,0.99,-2.9,-1.3,-3.55,,-4,-1.92,-3,-7,8.6,0.02,-4.7,-2,3.24,,21,13,7,-3,-3.06
Mississippi,Auburn,5,4.58,14.42,-2.85,27,10.5,0.64,-0.74,15,11.71,6,,3,5.46,,3.3,,5.6,8.37,13.36,11.75,8.4,-4.96,-8.8,-2.65,11.25,-5.04,,4.12,11.55,5.37,,6,,,,1,3.5,4,5.91,10.46,-10.73,-4.5,8.99,,11.5,-2,5.28,5,,12.03,14.9,13.8,,7,,0.11,1.08,2.5,7.5,,4,10.7,2,3,17.4,16.95,8.4,5,7.19,,20,41,7,8,4.04
Mississippi St.,Tennessee,3,7.51,5.53,2.58,6.77,4.15,5.56,7.69,13,5.89,14,,12,7.31,,7.8,,6.69,2.57,2.52,-0.95,11.95,8.39,7.19,11,8.29,3.93,,17.26,11.28,6.17,,2,,,,7,2.5,6,3.83,11.84,4.53,9.5,6.33,,6.5,4,6.87,3.5,,6.6,3.8,-4.3,,3,,1.78,1.19,1.4,8.35,,8,4.7,4,7,30.8,14.3,4.2,6,5.30,,31,41,7,6,-0.73
Missouri,Alabama,-21,-21.04,-27.27,-13.7,-27.7,-15.3,-25.15,-15.25,-20,-18.88,-16,,-17,-22.69,,-28.26,,-19.62,-26.7,-20.34,-19.95,-20.75,-29.99,-15.65,-19.18,-20.89,-15.37,,-26.76,-18.6,-19.04,,-29,,,,-16,-17.5,-17,-14.51,-13.32,-11.32,-18,-17.75,,-21,-12,-14.76,-21,,-17.28,-18.9,-10.4,,-22,,-10.13,-15.62,-19.3,-18.25,,-20,-19.77,-18,-24,-20.6,-27.58,-20.6,-19,4.90,,42,10,7,-21,-17.36
Northern Ill.,Buffalo,14.5,20.16,19.36,14.66,14.85,15.98,22,24.91,18,14.76,22,,23,19.1,,20.9,,17.34,15.31,15.83,22.75,31.9,18.83,32.13,9,11.98,19.84,,23.46,22.78,16.78,,12,,,,20,14,19,14.91,24.42,13.28,16,10.76,,24,16,12.19,14.5,,16.83,14.1,6.3,,14,,15.05,15.6,16.9,11.25,,20,16.22,13,17,14,37.27,7.4,16,5.41,,3,45,7,13,16.74
Notre Dame,Stanford,7,9.8,11.68,8.17,14.79,6.36,8.03,4.98,15,11.84,12,,8.5,10.39,,2.72,,9.51,8.41,10.16,10.35,8.15,10.92,7.88,6.5,10.09,3.16,,15,10.85,8.75,,20,,,,6,9.5,8,9.97,7.31,5.9,-1,10.49,,16,5,9.17,7,,11.79,11.5,9.5,,11,,8.1,7.92,13.3,6.85,,13,8.09,1,7,27.9,11.12,7.6,7,4.50,,13,20,7,8,9.55
Ohio,Akron,20.5,21.77,17.48,21.96,15.67,19.98,24.25,36.84,32,16.64,34,,35.5,19.21,,24.49,,23.4,23.15,16.79,17.75,43.3,26.58,37.45,13.2,23.81,23.36,,35.75,33.77,21.98,,22,,,,25,20,24,14.43,30.42,26.22,29,23.1,,20.5,21,18.12,20.5,,21.04,16.5,14.6,,17,,12.22,15.55,22.1,21.7,,24,21.05,18,21,31.5,39,17.2,23,6.58,,28,34,7,20,18.07
Oklahoma,Texas,3.5,-0.68,-4.26,7.52,-2.42,-6.85,1.76,-0.4,-1,-4.76,1,,1.5,-0.75,,-0.39,,1.13,1.71,-7.5,0.7,0.8,4.82,3.33,-3,-1.56,0.64,,-1.59,-4.23,1,,1,,,,4,3.5,2,-2.71,-1.34,2.88,8,-2.81,,3,4,3.4,3,,-3.81,1.4,-1.1,,4,,-0.67,5.56,6.2,-1.35,,3,6.36,2,11,8.7,-1.98,-2.2,1,3.90,,21,63,7,1,4.79
Pittsburgh,Louisville,-3,-4.1,5.11,-1.21,-4.34,-6.15,1.19,-11.25,-6,1.2,-10,,-6.5,-3.07,,3.96,,-2.54,6.33,-6.24,-0.15,-16.7,-1.02,-12.2,-9.98,-0.62,-4,,-4.01,-18.91,-2.23,,-3,,,,3,-1.5,-2,-0.15,-14.7,-5.9,3,2.82,,-3.5,0.01,-2.6,-3,,0.96,7.6,8.2,,-5,,-1.5,-1.16,-0.7,-6.8,,-3,-2.47,1,1,3.7,-17.97,-4.9,-10,5.78,,45,35,7,-7,0.13
Purdue,Wisconsin,2,-3.33,3.98,-2.98,7.84,8.36,-6.6,-8.21,7,1.02,3,,-4,-2.61,,-7.53,,-0.64,1.56,7.74,-5.15,-5.5,-6.81,-6.14,-1.65,3.24,-7.44,,0.62,4.4,-1.15,,-2,,,,-10,0,-1,-0.31,-0.01,2.37,-17,4.09,,-1,-7,-2.11,2,,9.06,4.7,1.5,,0,,-1.64,-2.76,-2.6,0.95,,-2,4.33,-9,-13,16.9,6.04,4.1,3,6.03,,38,14,7,2,-1.29
Rice,Texas-San Antoni,2.5,3.42,-11.16,6.73,-13.94,7.45,8.64,3.23,-7,-9.31,-12,,-8,3.25,,2.57,,-1.11,8.16,6.92,5.85,-0.1,1.02,2.83,-0.28,-11.1,-2.57,,-14.51,-13.22,1.85,,-4,,,,6,4,7,-2.91,-9.02,-1.21,,-9.42,,-16,-1,7.8,2.5,,8.74,1.9,,,11,,3.5,9.88,8,-8.55,,5,-2.25,-2,-4,-27.9,-18.42,-1.9,-25,9.46,,14,34,7,-12,1.85
Rutgers,Syracuse,7.5,14.06,7.24,10.83,15.76,4.81,14.61,20.27,23,10.45,15,,16.5,12.94,,10.56,,13.4,18.23,5.46,10.45,27.4,5.06,20.99,15.48,15.86,10.42,,23.02,19.53,13.09,,23,,,,15,7.5,12,10.33,22.38,16.38,15.5,10.87,,13,11,9.88,8.5,,13.23,7.9,-2.7,,16,,10.2,8.18,12.3,9.15,,16,16.1,8,14,28.5,26.43,10,11,5.91,,15,23,7,11,6.21
San Diego St.,Colorado St.,22.5,18.29,23.41,18.29,21.08,16.14,19.37,11.8,26,16.41,24,,20,19.41,,23.9,,18.77,18.09,18.87,20.15,24.65,21.26,17.17,5.61,18.33,14.85,,24.62,18.24,18.31,,32,,,,24,19,16,14.41,18.34,18.95,18.5,21.3,,22,19,15.68,22,,18.38,20.9,10,,15,,12.41,14.07,18,13.55,,17,15.08,15,27,28.5,28.83,9.1,17,4.74,,14,38,7,16,20.94
San Jose St.,Utah St.,3,3.19,6.02,-4.45,5.04,4.6,-0.29,5.41,8,1.6,3,,2.5,2.52,,3.38,,2.69,5.93,5.55,-0.65,3.9,0.81,-3.4,4.05,9.33,-6.12,,7.17,11.15,2.51,,-1,,,,0.01,0,-1,4.48,9.14,-1.59,-4.5,7.43,,6.5,0.01,0.89,3,,5.33,2.4,2.3,,1,,7.36,-3.66,1.4,3.45,,-8,7.17,2,-1,12.8,14.07,5.4,3,4.69,,49,27,7,3,-2.09
Texas St.,Idaho,2.5,4.69,9.57,3.69,16.86,10.39,-0.54,6.38,18,11.07,16,,9.5,4.14,,3.86,,6.67,10.47,9.68,10.25,11.55,1.3,13.22,6.8,9.71,3.12,,4.62,15.06,6.8,,5,,,,3,2.5,5,6.75,9.6,7.48,,12.58,,12.5,7,5.94,3,,7.19,8.9,,,8,,2.43,1.91,-2.1,8.85,,7,9.51,1,-21,19.5,23.23,4.5,11,6.57,,7,38,7,4,2.31
Texas Tech,West Va.,-3.5,-0.85,1.58,-3.37,3.56,1.6,-10.75,-8.71,-5,0.7,1,,-4.5,0.16,,-1.4,,-2.33,-5.04,-2.38,-9.05,-5.35,-6.68,-3.43,-13.01,0.26,-9.98,,-9.38,-5.09,-2.5,,-8,,,,-3,-5,-6,-1.31,-1.81,-6.86,-10,0.68,,-12,-1,1.84,-3.5,,4.6,8.6,0.2,,3,,-3.32,3.89,-0.8,-6.6,,-6,1.94,-2,-1,31.3,-1.28,-6.8,-4,6.52,,14,49,7,-3,-1.56
Troy St.,Western Kentucky,-2,-0.62,-3.52,-2.29,-1.85,-1.02,-9.07,-9.01,3,3.66,-4,,1,0.61,,-3.5,,-2.76,-1.19,-0.77,-9.45,-7.4,2.74,-14.23,4.61,-0.73,-8.31,,-4.36,-1.33,-2.65,,-8,,,,-8,-2,-5,3.57,-5.2,-8.97,,-0.15,,-9,-3,-3.09,-2,,1.9,-0.5,-1.6,,-5,,3.47,-0.01,-5.7,-3.4,,-9,-4.36,1,-4,14,-3.07,3.5,-4,4.63,,31,26,7,-3,-1.26
Tulane,SMU,-17.5,-24.98,-22.91,-22.58,-22.55,-15.68,-21.33,-16.41,-11,-11.13,-14,,-15,-27.12,,-20.98,,-18.32,-11.9,-23.65,-31.45,-21.8,-13.72,-18.63,1.17,-13.01,-31.44,,-22.14,-12.61,-18.62,,-20,,,,-28,-20,-23,-9.8,-10.36,-18.69,-19,-15.26,,-19,-14,-14.31,-17.5,,-23.29,-27.6,-17.2,,-16,,-8.47,-17.02,-24.4,-18.6,,-30,-13.04,-13,-22,-21.5,-26.67,-9.1,-18,6.35,,26,27,7,-14,-24.6
Tulsa,UTEP,17,16.4,18.9,12.1,24.67,14.84,16.65,18.96,25,16.48,28,,25.5,15.73,,17.93,,18.24,21.33,17.67,16.65,40.55,18.88,24.71,6.34,18.11,18.15,,22.2,26.79,17.89,,14,,,,20,15,15,12.64,27.85,17.86,15,17.73,,20,19,12.44,17,,22.97,27.1,4.1,,16,,8.8,18.23,16.4,16.3,,20,15.26,11,14,28.8,34.98,11,22,5.74,,11,33,7,17,15.23
UCLA,Utah,9,5.98,6.45,5.27,11.91,7.81,6.85,5.82,15,9.26,7,,6,5.81,,6.24,,6.84,5.31,4.1,5.25,9.7,9.82,6.26,5,10.44,8.15,,10.68,14.07,6.12,,11,,,,7,5.5,1,5.97,11.36,-0.93,1.5,9.51,,3.5,5,1.73,8.5,,5.71,14.6,7.9,,4,,2.69,1.56,5.3,7.65,,4,3.54,1,4,16.1,16.61,4,7,3.92,,14,21,7,8,4.92
UNLV,Nevada,,-14.77,-19.51,-15.54,-13.65,-10.2,-16.11,-18.74,-23,-11.13,-24,,-23.5,-14.26,,-11.28,,-15.72,-15.66,-10.68,-15.95,-25.6,-16.66,-24.91,-6.74,-13.07,-17.72,,-19.81,-18.99,-15.72,,-21,,,,-21,,-15,-8.13,-18.52,-15.79,-17.5,-17.29,,-18.5,-17,-15.07,,,-10.48,-18.8,-6.6,,-14,,-5.13,-15.61,-18.3,-18,,-18,-11.14,-12,-14,-27.2,-27.79,-8.8,-23,4.84,,42,37,7,-13,-13.2
Vanderbilt,Florida,-8.5,-17.36,-20.42,-8.36,-23.02,-13.57,-12.65,-19.92,-18,-15.42,-13,,-13.5,-17.23,,-17.07,,-13.8,-15.41,-16.45,-15.45,-23.3,-6.71,-10.17,-19.45,-18.08,-11.76,,-19.4,-23.28,-13.5,,-29,,,,-7,-9,-11,-12.29,-17.08,-8.6,-7.5,-19.46,,-16.5,-6,-6.36,-9,,-15.02,-13.6,-5.8,,-11,,-9.16,-7.35,-13.5,-15.9,,-8,-13.03,-10,-14,-11.5,-26.41,-10.6,-12,5.25,,31,17,7,-13,-9.86
Virginia,Maryland,1.5,-2.02,-14.42,4.12,-6.25,-1.48,-3.51,-2.59,-9,-6.83,-2,,0.01,-2.13,,-3.27,,-1.63,-5.87,-4.82,-1.05,-6.2,-0.77,8.85,-0.4,-12.83,3.5,,-7.35,-6.63,-0.88,,-16,,,,2,3,1,-2.46,-4.93,5.77,4,-15.38,,0.5,4,-0.3,1.5,,3.63,3.2,1.9,,-1,,1.91,-0.34,-0.3,-6.75,,1,-1.67,-1,3,6.7,-6.26,-10.4,-8,5.46,,27,20,7,-2,1.05
Virginia Tech,Duke,10,9.7,10.65,11.87,0.8,1.86,3.97,0.5,4,1.23,1,,6,11.14,,14.1,,6.07,0.19,1.65,6.75,-1.1,12.02,2.38,-0.45,5.02,3.68,,5.46,-9.96,5.91,,14,,,,14,9.5,4,0.9,-2.8,14.48,13,8.48,,2.5,9,8.08,9.5,,7.14,2.4,10.6,,1,,0.58,11.41,7.1,-7.1,,7,-2.13,11,18,19.2,-11.26,5.3,-9,6.75,,20,41,7,1,11.98
Washington,USC,-13,-9.68,-7.53,-15.3,-8.56,-5.08,-10.13,-3.03,1,-8.71,-8,,-7.5,-10.84,,-8.67,,-8.14,-2.28,-8.18,-7.45,-6.45,-15.01,2.17,-11.5,1.18,-4.97,,-16.15,-3.26,-8.62,,-21,,,,-11,-13.5,-7,-2.21,-4.92,-10.48,-10,-2.18,,-11,-11,-9.29,-12,,-11.97,-12.3,-10.5,,-9,,4.28,-9.06,-13.5,-4.8,,-13,-4.1,-8,-10,-6.7,-5.96,-4.8,-7,4.86,,24,14,7,-8,-15.8
Washington St.,California,-7,-9.33,-12.15,-7.89,-4.48,-8.21,-9.75,-6.38,-2,-6.64,-9,,-6.5,-10.11,,-6.81,,-7.83,-9.28,-12.64,-14.15,-15.4,-5.54,-9.67,2.32,-7.09,-9.89,,-9.4,-4.78,-8.1,,-14,,,,-11,-7,-12,-4.85,-8.84,-10.96,-7,-12.84,,-7,-8,-7.83,-7,,-8.73,-10.4,-11.9,,-6,,-3.06,-6.61,-9.8,-6.25,,-13,-6.14,-7,-7,4.6,-12.98,-3.2,-6,3.68,,31,17,7,-4,-7.37
Wyoming,Air Force,-3,-0.91,10.14,-3.09,-3.44,4.24,1.28,0.73,2,2.07,2,,-1,-1.49,,-3.31,,2.06,10.3,3.12,-0.15,-0.55,-5.01,2.51,1.8,7.88,1.78,,-0.97,6.3,1.78,,-1,,,,-3,-1.5,2,4.73,3.02,6.57,-2.5,5.68,,-0.5,1,2.7,-2,,1.65,-7.5,8.9,,0,,7.39,0.69,4.7,-0.8,,2,5.25,-1,-3,30.5,1.31,1.5,-5,5.64,,28,27,7,-5,-1.17
Air Force,New Mexico,11,8.59,3.48,13.95,3.24,2.79,11.38,3.14,6,6.1,-1,,4,9.73,,15.06,,4.93,-1.89,3.41,6.35,-6.5,12.24,5.14,5.54,4.45,6.47,-11.88,2.7,-5.49,6,-8.12,20,-9.42,-7.17,-20.2,16,11,6,2.84,-0.38,8,26,5.68,6.76,0.5,15,5.61,10.5,,4.07,10.1,6,29.36,8,-4.93,2.16,15.96,4,-4.2,,11,-3.25,14,17,7.5,-4.7,6.4,-4,8.16,,23,28,8,6,11.71
Akron,Northern Ill.,-17,-20.39,-21.67,-15.44,-14.1,-17.81,-25.56,-27.19,-25,-17.76,-25,,-23.5,-19.17,,-23.38,,-21.01,-18.31,-20.96,-24.15,-37.67,-13.16,-30.03,-5.2,-20.86,-20.39,-29.8,-30.93,-28.44,-20.39,-23.69,-22,-26.87,-26.62,-45.2,-25,-14,-19,-12.13,-24.84,-20.58,-22.5,-17.03,-23.66,-16.5,-18,-17.87,-17,,-15.27,-18.4,-15.2,-29.09,-17,-11.58,-9.14,-16.63,-22.8,-20.1,,-23,-16.33,-15,-17,-15.8,-34.42,-13.4,-21,6.19,,37,7,8,-18,-16.91
Arizona,Washington,7.5,5.44,10.88,5.5,7,8.67,2.07,1.47,9,3.62,7,,6.5,6.17,,7.58,,5.41,7.57,6.34,2.05,5.29,4.55,-3.87,0.92,6.38,1.58,3.71,8.08,7.66,5.84,4.55,17,5.84,4.45,6.7,4,6,2,0.08,6.68,-0.98,5,5.75,7.81,1,4,6.24,7.5,,12.86,10,14.1,15.49,7,-2.87,-4.33,2.09,5.4,1.4,,-5,8.52,5,-3,16.5,6.99,6.1,5,4.29,,17,52,8,6,6.35
Arizona St.,Oregon,-8,-1.84,-5.52,-10.24,0.01,-0.96,-10.87,-7.11,1,-8.85,-10,,-8,-0.31,,-11.03,,-5.98,-11.66,-2.11,-10.55,-8.63,-7.47,-13.79,-11.75,-5.66,-10.89,-8.63,-9.84,-6.8,-7.11,-6.16,-6,-8.45,-7.26,-19.9,-7,-10.5,-8,-6.2,-3.99,-12.09,-12.5,-6.1,-8,-6,-10,2.1,-8,,4.2,5.4,1.5,10.4,0.01,-13.18,-5.73,-7.04,-11.3,-6.15,,-3,-5.73,-4,-8,31.5,-8.53,-6.2,-8,6.79,,43,21,8,-8,-6.27
Boise St.,UNLV,28,28.7,24.67,28.42,23.98,17.62,30.02,32.19,35,14.03,30,,32.5,28.15,,32.81,,27.4,19.71,20.34,28.85,47.08,26.37,44.07,15.71,18.16,29.5,32.67,28.1,30.12,28,31.82,20,38.87,33.58,63.7,37,28,30,14.82,34.03,28.86,39.5,15.22,21.3,27,31,22.27,28,,24.45,25.7,22.1,22.68,20,8.99,14.78,23.72,27.7,19,,30,18.84,25,28,29.9,31.81,14.3,17,8.10,,7,32,8,24,27.66
Buffalo,Pittsburgh,-9,-12.82,-19.05,-12.85,-6.16,-4.06,-16.61,-11.94,1,-2.86,-5,,-4,-12.93,,-18.6,,-8.27,-9.25,-8.4,-14.05,-7.83,-9.59,-11.62,-0.35,-9.85,-14.84,0.1,-9.87,-1.29,-9.25,2.4,-11,-1.35,0.52,-2.8,-15,-11,-14,-5.14,-5.54,-5.4,-9,-10.43,-14.55,-21,-11,-5.4,-9,,-7.61,-17.8,-10.9,-10.01,-4,-4.88,-7.3,-8.75,-16.3,-7.1,,-11,-4.03,-9,-3,12.2,-18.75,-5.1,-7,6.18,,20,6,8,-12,-11.19
California,Stanford,-2.5,-4.9,-1.95,-3.42,-6.52,-5.96,-5.32,-8.36,-4,2.56,-9,,-6,-4.14,,-7.75,,-5.24,-3.21,-5.64,-3.85,-14.92,0.21,-12.34,-2.05,-3.29,-12.31,-11.72,3.68,-11.13,-4.88,-8.71,-6,-14.27,-11.03,-29.2,-6,-2.5,-3,-1.12,-9.95,-7.82,-9.5,-1.38,-1.78,-15.5,-8,-4.88,-2.5,,-2.25,0.9,2.1,-18,0.01,-11.02,-3.92,-3.82,-4.7,-9.1,,-5,-2.72,-5,-4,10.8,-11.53,-2.2,-7,5.60,,21,3,8,-5,1.32
Central Mich.,Ball St.,-3,-3.56,-7.16,-4.28,-3.2,-8.77,-7.57,0.27,-6,-9.66,-5,,-3,-4.18,,-9.84,,-5.82,-4.78,-11.35,-9.45,-8.58,-1.33,-2.94,-3.04,-5.08,-8.74,-0.74,-13.29,-7.44,-5.46,-1.23,-10,-3.12,-3.44,-3.8,-3,-3.5,-9,-2.16,-5.48,-3.41,-2.5,-5.46,-7.97,-3,-1,-9.45,-3,,-5.8,-12.3,-4.6,-35.07,-8,-0.28,0.01,-3.07,-8.5,-8.3,,-8,-3.7,-2,-6,-11.5,-11.86,-2.1,-10,3.47,,41,30,8,-6,-1.08
Clemson,Virginia Tech,8,6.77,5.85,9.15,12.14,11.25,6.63,8.85,11,2.04,10,,9.5,6.42,,6.02,,9.21,9.31,10.88,10.25,18.04,13.92,10.39,16.7,7.6,8.17,11.12,2.43,10.1,9.5,10.96,10,13.43,11.01,16.7,4,9.5,11,8.56,13.08,5.11,2,5.78,8.71,5,8,5.24,8,,5.66,9.9,6.4,25.56,11,0.69,9,5.08,13,7.75,,11,9.66,3,4,23.4,14.56,6.5,8,3.82,,17,38,8,9,9.55
Duke,North Carolina,-10.5,-12.03,-11.71,-9.78,-7.43,-9.13,-6.25,-2.81,-3,-1.8,-5,,-4.5,-13.97,,-7.99,,-7.9,-5,-12.21,-17.05,-11.75,-15.34,-0.01,-1,-6.97,-3.05,-0.86,-15.85,-1.59,-7.99,0.35,-16,1.4,1.17,-2.1,-11,-11,-8,-1.49,-7.11,-4.9,-6.5,-8.01,-12.06,-9,-5,-12.72,-10.5,,-11.99,-17.4,-17.2,20.65,-6,-0.08,2.89,-10.31,-9.4,-6.5,,-14,-5.14,-6,-11,-20.4,-5.29,-7.5,-9,5.29,,30,33,8,-8,-12.01
Eastern Mich.,Army,-2,-2.89,0.97,-0.79,-4.38,3.13,-1.51,-7.32,1,-4.97,-0.25,,-0.5,-1.99,,-3.58,,-0.99,0.46,-0.22,-1.25,-1.13,-4.45,-5.72,1.57,-0.54,-3.59,3.59,-2.7,0.1,-1,-2.14,7,-0.86,-0.58,-0.4,-1,-3,-4,-2.7,1.01,7.26,-1,-0.71,-1.06,-10,-3,0.19,-2,,2.22,-13,-5.3,17.07,2,1.11,-2.5,-1.8,-3.7,-3.3,,2,0.88,-2,1,15.8,-9.65,-0.5,-4,4.17,,38,48,8,-5,-1.58
Florida,South Carolina,3.5,2.23,0.37,1.02,3.89,-0.71,-1.01,11.27,5,0.01,6,,5,0.93,,4.75,,3.85,4.78,-2.76,2.15,5.88,5.09,3.41,3.5,3.61,2.74,14.09,2.03,7.74,2.74,15.47,11,10.61,11.14,20.1,2,3,2,-0.16,5.1,0.18,0.5,0.63,0.78,5,0.01,0.61,3.5,,3.64,5.5,1.4,-33.74,0.01,6.79,3.5,-0.77,0.01,1.95,,1,4.05,1,-1,6.8,6.93,1.5,-2,4.40,,11,44,8,4,2.23
Fresno St.,Wyoming,16.5,15.92,22.38,17.39,24.06,14.73,12.83,15.18,26,6.07,23,,19.5,16.32,,21.51,,17.33,14.57,19.43,19.55,27.75,17.38,7.98,7.33,18.94,16.32,19.51,22.26,19.01,16.32,21.02,10,22.96,18.88,39,14,15.5,16,9.31,20.76,8.9,9,16.11,21.99,19.5,13,12.34,16.5,,17.94,29.9,26.5,59.01,18,10.01,3.68,14.3,13.8,14.7,,16,13.71,10,17,29.5,22.8,12.1,15,6.08,,14,42,8,15,17.6
Georgia Tech,Boston College,14,7.57,14.92,10.86,19.32,6.12,9,5.08,12,5.32,15,,11.5,8.31,,8.08,,10.45,6.88,8.67,9.15,12.25,19.07,16.22,7.61,11.55,11.66,7.76,12.28,7.92,10,9.89,17,9.15,8.37,13.2,12,14,10,6.71,10.49,10.44,15,10.29,13.6,12.5,8,7.99,13,,15.67,14,12,4.71,10,12.43,7.66,6.58,10.1,4.2,,8,4.62,9,8,20.1,18.62,6.4,9,3.77,,17,37,8,12,11.95
Iowa,Penn St.,2.5,-1.63,5.37,1.11,1.43,1.57,-2.65,1.15,1,-5.41,1,,1,-2.09,,1.29,,0.83,3.12,1.96,-3.15,4.21,-8.91,4.7,-2.68,2.62,2.56,7.4,-6.56,2.68,1.15,3.56,8,2.37,3.46,5.2,-3,2,0.01,-2.68,2.43,2.74,-0.5,3.72,4.84,6,-1,-0.26,2.5,,-0.94,-2.1,0.8,-17.2,1,-0.12,-2.33,-0.47,2.5,-2.65,,-1,2.55,2,1,4,3.62,5.2,-3,3.21,,38,14,8,-1,1.26
Kent,Western Mich.,3.5,3.65,11.89,3.1,4.5,5.72,5.01,6.95,19,8.35,10,,9.5,3.14,,2.81,,7.37,11.28,3.37,4.35,14.88,-1.22,10.18,3.93,12.77,6.53,14.41,11.85,15.04,6,14.39,6,18.36,16.71,25.5,0.01,3.5,6,3.6,13.2,4.18,-4.5,7.34,10.18,11.5,3,3.39,3.5,,4.6,3.3,-2.3,27.14,4,0.62,3.48,1.47,0.01,8.25,,2,6.75,2,-7,22.8,16.34,6.7,6,6.30,,24,41,8,7,3.78
Kentucky,Georgia,-26,-18,-19.19,-20.86,-29.13,-14.22,-17.31,-18.86,-22,-17.61,-23,,-16,-17.78,,-14.76,,-19.28,-13.31,-21.95,-25.05,-30.25,-31.28,-14.27,-15.81,-15.49,-16.69,-13.26,-28.17,-18.58,-18.58,-13.18,-23,-20.32,-16.13,-30.2,-18,-27,-20,-10.29,-22.15,-19.45,-16.5,-14.44,-20.34,-22.5,-16,-17.29,-25,,-17.98,-26.6,-20.2,-2.96,-18,-7.28,-9.45,-19.17,-28.3,-17,,-23,-11.44,-9,-24,-20,-26.65,-12.3,-22,4.98,,29,24,8,-25,-24.39
Louisiana Tech,Idaho,30.5,31.04,40.95,32.36,32.9,30.62,37.63,29.74,49,28.33,49,,36.5,31.41,,32.53,,34.32,26.68,38.32,45.35,47.58,28.15,35.77,17.45,33.16,28.56,34.45,44.93,37.27,33.91,34.9,40,38.23,33.43,61,43,30,36,22.87,35.93,36.22,27,29.52,38.65,28,29,37.32,31,,37.34,40.1,26.9,42.72,30,21.52,17.25,28.66,34.1,25.55,,45,26.58,21,32,37,40.74,27.5,32,7.54,,28,70,8,28,35.74
Louisville,South Florida,5.5,9.48,13.59,6.19,15.02,7.87,10.65,17.67,19,9.61,18,,15.5,8.32,,7.01,,12.46,11.52,8.42,8.05,27.38,12.73,19.44,13.79,13.19,15.08,21.9,16.1,19.27,10.9,20.58,7,27.08,22.91,38.2,9,8,14,10.84,21.17,10.9,2.5,8.35,11.07,18,6,4.75,6.5,,10.24,11.9,3.5,-2.15,9,5.32,13.75,1.77,8,8.45,,9,8.61,6,10,15.9,24.81,7.8,10,6.60,,25,27,8,14,6
Maryland,NC St.,-3,-2.31,0.92,-6.96,-2.64,-1.66,-6.69,0.01,1,1.9,-1,,0.01,-2.64,,-3.53,,-2,0.36,-5.39,-8.75,-1.33,-1.06,-1.11,2.87,2.05,-8.24,2.51,-3.6,2.26,-2,3.53,-3,-0.46,3.47,4.5,-4,-5,-5,-0.38,-1.49,-6.81,-3,-0.01,-0.01,-7.5,-3,-2.29,-3,,-5.57,-7.1,-3.4,-7.89,1,-0.43,-0.94,-1.27,-2.6,-4.55,,-10,-0.53,-2,-3,4.4,-1.36,-2.8,-4,3.40,,20,18,8,-3,-3.77
Massachusetts,Bowling Green,-18,-16.18,-22.36,-16.25,-14.7,-15.73,-11.72,-14.52,-20,-11.95,-20,,-17.5,-16.43,,-21.32,,-16.83,-13.66,-18.82,-15.45,-19.42,-19.04,-14.56,-3.22,-19.66,-19.03,-16.32,-20.41,-22.87,-16.38,-16.87,-12,-20.16,-18.59,-39.2,-15,-17,-16,-6.66,-12.09,-21.65,,-15.26,-22.13,-15.5,-12,-12.99,-18,,-9.26,-24.2,,4.56,-17,-6.97,-3.1,-13.98,-23.5,-22.15,,-18,-12.52,-11,-14,-19,-33.41,-19.1,-22,5.77,,24,0,8,-19,-14.88
Memphis,Central Florida,-22,-22.65,-19.76,-26.22,-17.15,-19.11,-23.71,-21.96,-21,-7.89,-21,,-17.5,-22.69,,-21.82,,-19.79,-12.26,-25.16,-27.65,-25.83,-19.49,-15.61,-9.28,-14.78,-13.54,-17.79,-19.41,-20.85,-19.76,-13.75,-17,-22.91,-15.78,-41.3,-25,-23.5,-26,-8.53,-17.95,-24.44,-22.5,-13.57,-19.58,-20.5,-22,-16.59,-22,,-18.59,-23.5,-23.2,-7.86,-20,-6.83,-7.4,-21.78,-25.2,-17.2,,-26,-13.18,-14,-25,-15.6,-24.54,-12.4,-20,5.49,,35,17,8,-20,-24.79
Miami (Fla.),Florida St.,-21,-13.48,-14.36,-14.94,-24.59,-14.32,-11.47,-2.63,-12,-3,-12,,-8.5,-15.76,,-16.12,,-12.58,-7.23,-15.92,-11.25,-9.67,-24.19,-2.63,-14.91,-12.06,-7.45,3.29,-20.22,-6.46,-13.48,-1.12,-22,-1.67,-1.66,-2.4,-15,-17.5,-8,-4.36,-9.77,-18.61,-11.5,-12.72,-17.92,-13.5,-17,-11.66,-20,,-17.49,-29.1,-18.2,-16.24,-18,-0.52,1.99,-15.45,-22,-11.5,,-17,-6.61,-10,-17,-20.3,-11.81,-12.2,-22,6.91,,33,20,8,-20,-17.77
Michigan,Michigan St.,9.5,9.94,15.78,13.05,8.46,9.61,15.57,5.94,16,6.46,7,,5.5,10.92,,12.85,,11.69,15.11,13.17,19.85,10.63,7.63,7.9,8.3,13.18,23.04,4.47,23.78,5.91,11,6.04,-2,4.15,4.44,4.7,17,11.5,12,7.28,9.83,10.75,6,11.43,16.63,9,11,8.02,9.5,,17.09,24,14.7,5.75,18,3.26,6.96,15.96,13.4,7.95,,22,11.49,9,6,21,12.1,7,6,5.53,,10,12,8,6,15.25
Mississippi St.,Middle Tenn.,18.5,22.22,9.25,20.2,16.73,11.3,25.88,28.43,19,3.96,25,,21,21.37,,18.77,,19.34,16.64,13.61,17.25,37.63,10.42,27.33,14.05,9.74,18.29,27.09,15.2,20.5,19.13,24.33,9,29.26,20.76,42.5,26,20.5,25,4.79,25.1,22.69,23,7.81,10.45,25,22,14.6,18.5,,14.95,18.1,28.6,1.48,18,7.88,5.72,19.13,28.3,12.5,,26,18.46,13,14,22.9,25.48,13.9,11,6.98,,3,45,8,16,19.69
Navy,Indiana,2.5,2.21,-2.32,4.15,0.4,-2.88,-1.28,12.89,5,-4.42,7,,10.5,0.26,,-2.93,,3.4,4.41,-7.43,-0.55,8.46,8.87,14.92,-1.13,2.73,6.86,6.32,5.66,3.35,3,11.39,-14,12.06,10.87,19.5,8,3,3,-0.93,5.14,1.12,10,-1.95,-3.04,-11,6,-0.53,2.5,,-1.79,2.7,0.5,-18.52,6,4.49,3.17,4.22,-3.2,0.85,,2,3.27,4,7,13.4,0.12,-5.1,-1,6.10,,30,31,8,-1,1.22
Nevada,San Diego St.,6,5.19,4.4,2.68,7.03,3.82,3.34,13,12,9.22,15,,15.5,3.74,,3.76,,8.08,5.64,0.28,0.95,17.13,2.5,14.09,9.44,7.25,8.06,14.6,4.81,12.57,6.91,15.24,12,17.31,14.91,23.5,7,6.5,3,5.37,12.59,2.49,5,3.73,5.71,9,7,4.14,6,,4.75,12.4,1.4,-31.66,8,5.02,6.34,7.53,5.4,2.45,,7,6.91,4,8,31.9,11.4,4.9,6,5.72,,39,38,8,8,4.16
North Texas,Louisiana-Lafaye,-3.5,-9.18,3.79,-6.3,-5.9,-9.99,-5.78,-12.07,-2,-8.61,-8,,-4,-8.54,,-4.79,,-5.54,-11.48,-9.14,-3.85,-19.17,-5.84,-12.99,-0.71,1.84,-4.32,-10.47,-6.05,-12.85,-5.95,-9.31,2,-11.12,-10.18,-17.9,-1,-4.5,-9,-5.16,-10.49,-5.99,-3,1.11,1.68,-12.5,-6,-4.55,-3.5,,-9.49,0.8,8.2,9.95,-10,-14.01,-3.85,2.98,-4.3,-12.85,,1,-12.6,-2,-7,12.1,-28.31,5.8,-13,6.44,,23,30,8,,-2.25
Northwestern,Nebraska,-6.5,-3.5,-3.87,-6.37,0.17,1.04,-0.17,0.63,7,2.2,3,,4.5,-4.17,,-7.12,,-0.5,2.66,-0.54,-3.05,6.25,-9.48,1.54,5.2,-0.96,-4.51,6.3,3.94,5.26,-0.9,7.25,7,9.48,9.01,8.4,-5,-6.5,-3,1.78,3.35,-11.85,-7.5,-0.9,-1.66,-4,-9,-2.01,-5.5,,-0.39,-3.4,-10.6,13.42,-6,1.49,-0.15,-9.47,-8.6,0.45,,-3,3.64,-3,-4,16,6.61,2.7,-3,5.72,,29,28,8,-1,-5.6
Notre Dame,BYU,13.5,15.24,16.75,14.26,15.2,16.31,18.58,22.45,21,10.06,16,,14.5,13.72,,13.13,,17.7,15.15,18.84,17.35,24,23.3,21.06,16.4,17.58,18.54,34.91,18.92,28.07,16.31,27.01,19,26.84,27.59,53.8,16,13.5,15,10.72,20.27,10.83,13,13.63,18.47,22,13,9.97,14,,18.93,10.2,15,22.41,13,13.87,12.24,10.28,17.8,16.6,,19,13.7,10,17,14.1,24.86,11,9,7.02,,14,17,8,16,12.01
Ohio St.,Purdue,18,16.52,18.18,16.13,17.4,10.05,15.16,26.29,24,9.98,27,,26,15.2,,15.47,,18.3,13.41,12.38,16.25,30.67,20.97,22.05,19.4,15.92,18.52,24.44,20.53,22.65,16.52,26.1,28,28.45,25.81,44.1,17,16.5,16,13.89,23.48,7.7,12,12.42,16.78,22.5,15,8.75,18,,15.71,26.4,17,-9.63,12,8.7,13.39,12.94,13.6,11.2,,15,11.48,12,21,31.1,22.72,9.1,13,6.62,,22,29,8,19,15.81
Oklahoma,Kansas,35,30.64,46.96,36.65,36.36,27.41,31.03,32.15,40,18.69,31,,28,30.51,,39.56,,34.94,40.06,37.89,37.95,51.04,41.9,32.35,21.96,40.34,31.13,37.82,38.37,34.71,35.99,36.98,32,35.8,31.53,59.5,37,35,32,18.33,36.69,37.53,40,33.81,47.24,30,36,28.7,35,,36.76,45.4,39.1,70.83,38,40.69,17.37,35.99,38,27.75,,39,38.31,22,31,32.5,39.38,30,29,6.84,,7,52,8,31,39
Oklahoma St.,Iowa St.,14,5.11,-2.18,8.22,7.47,-2.01,12.35,1.19,-3,0.61,-0.25,,3,6.04,,7.75,,2.6,-4.65,-3.87,8.65,-5.88,11.84,-4,2.5,-4.39,5.74,-14,4.33,-10.1,3,-9.39,-5,-8.37,-7.67,-20.3,19,14,6,2.3,-3.13,14.04,20.5,-3.33,-5.11,7,14,2.15,13,,6.61,14.6,14.6,43.7,3,-9.86,0.92,9.28,13.5,-2.45,,11,-7.38,10,11,-8,-5.48,-9.5,4,8.45,,10,31,8,8,10.7
Oregon St.,Utah,9.5,12.48,16.26,5.89,26.55,13.65,15.39,22.07,23,8.34,16,,12,11.13,,11.66,,16.74,17.57,13.8,15.05,31.38,18.82,15.12,16.7,17.7,12.03,35.82,24.43,29.69,15.1,30.09,30,34.75,31.24,59.5,12,10.5,13,10.8,25.76,-0.78,2.5,11.96,16.12,20,8,7.31,10.5,,12.99,19.6,15.1,22.23,14,11.76,11.32,1.74,8.9,15.25,,12,14.71,7,7,19.2,29.65,12.1,10,9.82,,7,21,8,17,13.52
SMU,Houston,-4.5,3.27,-0.26,0.26,-2.62,0.43,-9.1,-0.16,-7,-3.39,-2,,-1,4.07,,-7.21,,-2.53,-1.67,-1.13,-5.75,-2.46,-8.51,-1.79,0.11,-3.55,4.79,-2.84,-12.8,-6.57,-3.28,-1.05,-9,-4.01,-3.28,-9.1,-8,-3,-4,1.19,-3.93,-0.65,-14.5,-3.96,-5.56,-13,-4,-0.53,-4.5,,2.25,-6.9,6.6,8.09,2,3.9,6.83,-0.44,-2.4,-3.6,,-8,4.54,-4,-7,18.9,-1.65,-3.8,-5,5.42,,42,72,8,-6,-1.35
South Alabama,Florida Atlantic,5,1.5,-8.08,1.6,9.7,-0.01,4.31,0.97,-2,3.47,3,,2.5,1.69,,-3.43,,1.35,1.44,-2.88,-3.95,1.08,0.01,0.88,4.38,-5.21,1.21,0.92,1.48,0.53,1.55,2.73,13,1.8,2.55,-1.4,3,2.5,0.01,3.76,2.27,1.84,,-4.34,-5.49,0,6,1.15,4,,2.69,8.7,,14.3,-1,9.33,4.57,4.46,-0.2,-1.75,,2,4.72,4,7,-5.6,-1.09,-3.4,3,3.74,,34,37,8,3,-0.66
Southern Miss.,Marshall,3.5,2.25,2.05,5.89,-14.37,-2.5,4.83,-0.37,-1,-2.14,-7,,0.01,2.86,,8.05,,0.42,-2.38,-1.19,0.85,-5.29,-1.01,3.88,4.7,1.36,1.98,-2.52,-1.56,-4.39,1.36,-7.11,-4,-7.48,-5.22,-10,9,3,3,-1.17,-1.38,2.64,14,1.53,2.21,-0.5,4,2.82,3.5,,-1.26,-2.7,2,17.69,1,-3.55,2.13,5.53,2.6,-7.05,,6,-1.39,8,7,11.2,-21.36,-2.8,-13,6.10,,59,24,8,-6,0.78
Syracuse,Connecticut,4.5,1.56,10.49,5.84,2.56,5.19,3.78,2.35,2,1.9,2,,2.5,1.51,,6.89,,4.54,7.18,5.03,6.95,8.38,6.77,4.22,-0.43,5.83,9.31,6.68,3.04,4.04,4.04,3.71,3,2.93,5.68,6.6,1,4,7,5.1,5.15,1.49,-1,5.09,6.77,4.5,3,1.7,4.5,,5.78,13.3,10.4,17.96,3,0.37,8.45,0.59,5.7,2.45,,1,5.27,1,1,9.2,4.81,5.1,-2,3.04,,10,40,8,1,3.16
TCU,Texas Tech,-1.5,2.72,-14.89,2.71,-0.86,-9.66,8.09,2.21,-9,-0.4,-1,,5,2.92,,-0.28,,-3,-8.32,-14.36,-0.01,-1.79,-12.04,1.18,2.25,-12.28,5.32,-10.03,-6.58,-10.34,-1.5,-5.19,-1,-4.33,-4.11,-14.7,9,2.5,1,-1.13,-1.62,5.61,18.5,-12.18,-17.77,-7,2,-0.01,-1.5,,-5.08,-15.9,-9.5,-65.11,-7,-8.03,1.4,-2.31,-1.4,-6.7,,3,-9.15,6,14,-7.9,-5.56,-7.5,-8,7.48,,56,53,8,-4,0.01
Temple,Rutgers,-4,-3.4,-5.96,-2.23,-8.91,1.37,-5.71,-12.8,-8,-3.7,-9,,-7.5,-2,,-3.61,,-6.53,-9.97,0.39,-1.85,-18.08,-6.89,-12.81,-12.8,-6.04,-7.03,-11.87,-2.24,-8.02,-6.6,-11.49,-8,-13.62,-9.87,-22.3,0.01,-5,-8,-5.9,-11.45,-5.23,3,-3.43,-5.26,-1.5,-6,-0.65,-4,,-1.07,-4.3,2.5,3,-6,-5.4,-8.18,-0.94,-13,-6.6,,-13,-7.24,2,-3,-6.7,-16.53,-5,-8,4.99,,35,10,8,-11,-1.46
Tennessee,Alabama,-20,-25.13,-29.86,-19.46,-28.35,-21.86,-27.81,-21.64,-23,-13.97,-27,,-24,-25.9,,-31.95,,-22.2,-21.46,-29.08,-22.15,-18.88,-24.35,-16.51,-17,-21.79,-18.53,-22.1,-29.26,-22.82,-21.86,-15.72,-12,-17.42,-16.94,-35.6,-23,-20,-18,-11.54,-14.76,-14.83,-25.5,-20.08,-27.34,-16.5,-18,-27.63,-20,,-20.64,-31.1,-14.3,-15.05,-23,-3.53,-10.41,-20.06,-20.5,-21.25,,-24,-17.12,-19,-21,-31.2,-25.6,-19.9,-19,5.32,,44,13,8,-23,-18.94
Texas,Baylor,8.5,10.53,14.85,8.77,16.2,10.06,4.2,9.79,12,7.8,18,,15,10.78,,10.03,,10.1,13.1,12.12,7.75,11.42,1.02,3.14,3.2,12.28,7.36,11.65,6.48,9.79,9.9,9.13,7,11.33,9.9,15,7,10.5,9,9.86,11.12,6.66,5.5,11.34,16.23,11.5,8,9.26,8.5,,14.26,10.4,4.4,-27.51,11,3.16,8.93,10.24,10.3,6.85,,8,10.54,9,8,36,11.7,8.3,7,4.80,,50,56,8,6,12.94
Texas A&M,LSU,-3,3.27,11.86,-1.92,11.24,9.23,-3.75,-3.69,5,0.43,2,,1.5,4.66,,2.9,,3.21,2.54,8.65,6.45,2,-5.37,-6.15,-5.25,7.66,-10.76,2.9,15.79,4.53,3.1,2.3,9,3.42,3.51,5.8,3,-2,-3,-0.28,3.11,3.14,-6.5,6.35,9.29,-3.5,1,-0.53,-2.5,,14.02,3,18.1,53.95,6,-5.03,-2.8,1.43,-3,3.25,,7,6.17,-2,-1,23.2,5.96,1.8,2,6.16,,24,19,8,-2,3.5
Texas-San Antoni,San Jose St.,-11.5,-14.41,-12.61,-15.45,-1.38,-20.14,-16.52,-13.04,-4,1.78,-3,,-1,-14.59,,-15.3,,-11.32,-22.54,-26.17,-21.55,-19.83,-10.85,-13.13,1.27,-12.36,-7.78,-16.67,-0.5,-9.4,-12.78,-4.08,-22,-4.09,-2.3,-7.4,-10,-15,-19,-5.34,-10.68,-3.11,,-10.91,,-3,-5,-13.88,-11.5,,-19.06,-17.7,,,-22,,-12.32,-18.45,-16.1,-12.05,,-15,-15.76,-3,-14,12.8,-13.47,-13,4,8.02,,52,24,8,-3,-12.78
Toledo,Cincinnati,-5.5,-7.19,-11.48,-5.07,-4.58,-2.76,-8.72,-9.06,-2,-1.96,-5,,2.5,-6.94,,-7.9,,-4.87,-6.24,-7.81,-3.25,-2.54,-8.44,-3.05,-7.49,-6.83,-9.06,-0.59,-4.8,-4.15,-5,-0.66,-8,-3.12,0.82,-7.1,-4,-8,-7,-2.21,-5.87,-5.44,0,-8.82,-12.72,-14.5,-3,-5.18,-5.5,,-6.79,-4.4,-11.8,-16.13,-2,-1.96,-2.19,-3.12,-2.2,-7.6,,-1,-1.83,-4,-3,13.4,-7.02,-3.8,-9,4.20,,23,29,8,-10,-3.59
Troy St.,Florida Intl.,6.5,11.86,18.3,9.02,19.66,13.49,11.59,12.25,24,14.37,17,,14.5,11.9,,6.72,,14.46,17.53,14.99,14.85,20.67,10.76,3.95,7.83,17.11,11.25,19.23,23.63,18.16,14,19.03,13,21.11,18.53,34.1,9,6.5,7,16.38,16.94,3.58,-1,13.85,19.51,6,8,8.33,7.5,,15.74,26.8,18.3,14.82,15,3.5,16.76,10.29,9.3,11.8,,12,15.56,6,7,30.7,32.82,14.7,12,6.86,,37,38,8,9,12.72
Tulsa,Rice,21.5,18.18,23.01,20.86,20.36,19.02,20.42,21.71,24,7.9,30,,26.5,17.64,,20.53,,21.66,18.79,21.8,23.65,40.04,28.54,30.23,13.41,19.1,24.2,27.53,19.05,24.22,21.3,24.26,18,28.7,26.17,46.1,23,21,22,14.6,26.64,21.81,20,15.7,24.9,22.5,18,16.76,21.5,,23.03,20.2,16.5,21.5,20,15.75,12.67,22.99,21.3,16.95,,22,17.02,13,20,31.7,28.73,15.4,19,5.58,,24,28,8,20,21.59
UAB,East Carolina,-2.5,-6.42,-2.96,-5.17,-4.96,-0.64,-5.53,-13.92,-6,1.9,-4,,-5.5,-4.92,,-6.48,,-4.12,-0.92,-1.23,-1.75,-12.42,-0.79,-13.92,1.17,-3.89,-4.03,-5.81,-9.63,-5.66,-4,-7.26,10,-5.87,-6.61,-9.6,-3,-4,-9,1.78,-5.58,-6.74,-6,-2.39,-3.73,-7,-3,-2.12,-2.5,,-0.47,6.7,5,15.15,-3,-6.98,-0.18,-3.83,-7,-5.8,,-3,-2.97,-4,-10,-7,-11.66,1.5,-5,4.19,,42,35,8,-7,-3.25
USC,Colorado,40.5,35.97,41.6,37.85,36.67,31.62,35.28,33.78,44,20.31,39,,33,36.49,,27.99,,36.77,30.44,38.02,42.55,53.71,44.74,41.95,29.47,32.04,36.52,39.81,38.86,38.17,36.67,36.11,40,42.67,35.59,70.3,40,41,38,17.92,39.63,41.19,33.5,27.26,37.22,30.5,36,32.58,40,,41.25,48.1,40.9,30.26,37,18.37,14.22,35.37,44.3,27.15,,45,30.11,24,36,33.7,42.36,26.6,27,7.63,,6,50,8,31,37.75
UTEP,Tulane,16.5,14.75,21.3,16.55,16.08,13.63,12.55,4.24,15,4.25,6,,8,17.12,,16.54,,12.03,2.27,17.31,19.25,1.67,13.06,8.41,6.77,14.93,22.17,-2.38,16.49,4.64,13.63,-1.88,20,-0.54,-1.03,-5.4,22,16.5,11,10.28,5.16,13.88,18,14.49,20.96,14.5,11,12.47,16,,15.79,23.6,17.6,-11.03,12,-8.01,6.09,15.59,19.8,4.7,,18,4.32,13,14,29.5,2.84,16.1,8,7.34,,20,24,8,8,20.48
Utah St.,New Mexico St.,31,28.88,39.95,35.13,26.74,31.7,37.64,27.33,39,21.59,26,,24.5,29.33,,32.68,,32.09,39.1,38.03,43.95,39.5,28.49,31.85,8.94,38.38,34.35,31.8,38.98,31.44,31.8,28.48,44,30.88,26.86,49.9,33,30,36,18.66,31.57,23.15,22.5,30.65,39.44,28.5,28,26.7,31,,35.14,44.6,44.1,41.96,39,20.73,18.48,34.34,30.5,24.15,,41,30.11,19,21,32,39.57,24.7,15,7.76,,7,41,8,25,32.2
Vanderbilt,Auburn,6.5,3.24,5.06,6.08,18.9,7.06,6.9,4.71,7,3.8,9,,5,3.07,,1.52,,7.32,8.16,6.07,9.65,11.17,11.34,8.11,-1.45,6.07,9.24,11.1,2.98,9.96,7,11.7,-4,13.76,10.75,21.4,8,7,9,-0.04,9.51,2.01,5.5,3.6,5.28,7.5,6,5.06,6.5,,11.8,9.8,12,36.29,7,0.41,-2.21,2.03,5,6.25,,13,8.14,2,11,12.5,10.66,5.1,6,4.43,,13,17,8,6,6.62
Virginia,Wake Forest,3.5,3.75,0.79,3.44,5.24,4.58,-1.5,-0.51,-1,-3.32,1,,0.5,4.6,,1,,1.82,-2.85,3.69,-0.15,-2.83,7.38,7.18,1.65,-0.46,5.98,-0.88,-3.59,-1.44,1.65,-1.96,-1,-3.04,-4.75,-7.2,5,5.5,3,0.89,-0.43,6.78,3.5,-0.52,-1.02,6.5,5,3.16,3.5,,5.66,12.1,11.2,38.33,5,-0.57,2.56,8.13,1.7,-3.7,,-4,1.79,2,-3,17.6,-1.9,3.8,-3,4.48,,16,10,8,-1,2.34
West Va.,Kansas St.,2.5,-4.1,-13.21,-1.8,-5.18,-1.57,-3.88,-6.77,-7,3.19,-11,,-3,-3.78,,-5.59,,-5.01,-8.34,-10.57,-7.45,-3.21,0.74,-2.69,-1.5,-10.89,2.32,-5.9,-12.75,-3.79,-4.41,-9.18,-6,-4.41,-2.04,-5.9,-4,4,-5,2.22,-1.1,-1,0,-9.26,-13.3,-2.5,3,-10.95,1,,-11.44,-10,1,-45.94,-7,-12.73,4.42,-3.43,-6.7,-5.25,,-1,-18.56,-1,-1,-17.3,-9.04,-17.8,-8,4.90,,55,14,8,-1,-1.88
Western Kentucky,Louisiana-Monroe,3.5,-0.53,-1.95,0.51,2.71,-1.78,3.98,9.46,3,-3.39,10,,7.5,-2.16,,-2.92,,3.47,0.01,-2.9,0.35,11,-0.12,7.45,2,2.67,5.26,15.73,-1.77,8.11,2,15.91,-13,13.03,12.68,22.9,5,1.5,2,-2.07,8.15,8.32,,-1.28,-1.93,3.5,3,-0.01,3.5,,0.39,0.9,-4,20.8,6,3.37,0.45,1.95,1.9,1.2,,3,3.46,2,-1,11.9,7.32,0.9,-1,5.82,,43,42,8,3,2.62
Wisconsin,Minnesota,17,13.6,19.74,17.1,5.42,9.43,22.89,13.32,16,7.11,9,,12,13.75,,20.37,,15.32,18.49,11.52,18.75,20.46,22.31,18.54,10.65,20.64,16.65,8.57,18.08,8.83,16.2,9.8,17,8.91,6.91,16.2,28,17.5,17,6.86,15.54,19.34,30,14.17,19.84,16.5,19,13.11,17,,10.15,15.5,11,14.91,18,-0.31,6.09,20.76,19.1,6.65,,24,13.55,18,24,21.5,12.57,10.7,5,5.59,,13,38,8,10,19.58
Air Force,Nevada,-3.5,-3.81,-5.7,-3.19,-3.52,-3.43,-3.63,-3.48,-4,-0.5,-3,-0.39,-2,-3.75,7.12,-3.02,,-3.71,-2.6,-3.67,-4.25,-6.31,-6.15,-5.58,-5.3,-3.39,-6.81,-3.36,-0.92,-4.38,-3.78,-3.18,-9,-4.17,-4.03,-7.6,-1,-2.5,-6,-0.87,-5.05,-5.92,-3,-1.43,-4.18,-3.5,-4,-4.92,-3.5,,-1.9,-8.8,-1.3,-21.94,-3,-2.97,-1.25,-2.75,-7.3,-5.8,,-4,-2.28,1,1,-9.9,-6.11,0.3,-8,2.66,,31,48,9,-5,-5.8
Alabama,Mississippi St.,23.5,24.39,26.74,24.12,28.87,23.19,28.11,14.66,22,1,18,30.71,18.5,26.95,15.09,25.79,,21.07,23.71,27.12,24.25,10.59,28.4,16.88,12.5,20.38,22.85,15.1,18.67,15.63,22,11.77,21,7.78,8.59,19.1,27,23.5,17,7.74,8.92,18.13,24,20.64,25.99,12.5,21,18.7,23.5,,23.76,35.3,23.5,26.55,27,0.77,14.47,25.86,26.3,10.95,,26,17.88,22,21,29,17.67,19.6,8,6.67,,7,38,9,18,23.85
Arizona,USC,-5.5,-2.97,3.87,-9.28,-5.24,3.46,-6.74,-1.16,-1,-9,-6,1.79,-4.5,-3.18,3.14,-6.01,,-2.85,1.76,1.73,-3.25,-2.13,-8.88,-4.72,-13.5,3.69,-3.74,4.28,-5.01,1.82,-3.05,0.53,1,0.19,0.14,3.8,-7,-8,-5,-4.48,-0.91,-11.61,-8.5,3.29,2.1,-10,-7,-3.76,-5.5,,-1.87,0.6,3.4,1.85,0.01,-0.41,0.01,-6.97,-8.1,-3.05,,-10,3.47,-3,-11,-11.8,-1.68,0.9,-3,4.91,,36,39,9,-6,-7.55
Arizona St.,UCLA,6.5,10.08,12.02,6.79,10.55,9.44,8.12,4.28,7,17,5,14.63,5.5,11.74,-1.91,9.81,,7.96,10.03,12.04,14.75,4.34,4.13,2.92,6.45,7.64,5.43,4.44,13.4,2.84,8,2.34,3,0.92,1.82,-0.4,13,7,9,10.4,5.42,2.99,9.5,8.82,9.99,5,4,10.93,6.5,,18.33,16.8,13.4,23.61,9,0.05,3.8,9.14,2.1,4.25,,11,10.85,8,14,22.8,7.46,5.7,6,4.86,,45,43,9,5,6.28
Arkansas,Mississippi,6.5,-1.81,-4.15,8.27,-9.99,-5.06,10.26,2.6,-5,13,1,-5.04,3.5,-2.66,0.83,4.11,,1.74,3,-7.42,0.35,-0.72,11.57,6.34,-0.67,-2.37,4.73,1.71,-7.94,-2.36,1,2.66,5,1.4,0.33,-0.5,13,4.5,7,7.36,0.51,14.96,16,-1.29,-4.08,2,10,2.06,6,,-1.6,-0.7,-4.5,-12.52,3,-3.17,1.71,5.38,-1.1,-5.55,,10,0.93,8,10,-13.6,-9.13,-12.6,-5,6.41,,30,27,9,-1,5.7
Army,Ball St.,-3.5,-11.68,-9.69,-2.23,-7.98,-10.36,-4.84,-15.62,-18,-18.5,-21,-11.99,-17,-10.84,-13.2,-3.2,,-10.76,-7.23,-12.07,-7.15,-19.59,-9.07,-12.24,-2.35,-8.12,-9.37,-20.34,-12.36,-18.82,-9.69,-19.7,-14,-22.18,-19.67,-39.8,-4,-4.5,-9,-11,-13.31,-5.85,1.5,-4.22,-7.93,-6.5,-3,-8.27,-4.5,,-11.2,-10.4,-10.4,-4.59,-12,-7.26,-3.51,-2.22,-8.2,-15.05,,-6,-10.6,-2,1,-14.6,-26.31,-6.6,-16,7.08,,30,22,9,-9,-7.18
Auburn,Texas A&M,-14.5,-19.73,-21.6,-8.88,-31.91,-16.86,-12.74,-17.54,-16,-28.5,-19,-20.69,-14.5,-20.17,-10.94,-12.57,,-16.52,-10.91,-21.14,-18.95,-28.38,-17.83,-10.5,-6.65,-18.54,-6.41,-19.18,-25.55,-21.27,-16.86,-16.84,-18,-19.36,-18.88,-36.1,-15,-9,-12,-13.69,-20.93,-6.1,-11,-13.81,-21.97,-13.5,-11,-13.62,-14.5,,-24.82,-21.6,-27.5,-19.41,-15,-7.99,1.13,-13.11,-11.6,-18.25,,-17,-12.91,-7,-11,-13.3,-27.06,-10.6,-19,6.56,,63,21,9,-20,-12.76
Boston College,Maryland,2.5,-3.23,-6.65,0.2,-13.14,-1.8,-2.09,-15.42,-6,-7.5,-7,-0.01,-5.5,-0.79,-16.96,-0.95,,-5.73,-7.98,-1.93,-5.05,-18.69,-1.47,-11.9,-1,-6.74,-3.58,-18.37,-13.04,-14.92,-5,-17.53,-10,-12.89,-13.77,-29.9,4,1,-6,-4.43,-9.29,4.23,1,-2.6,-5.29,-7.5,2,0.35,1.5,,-0.67,-14.3,-4.9,-11.22,-5,-10.92,-1.35,1.05,-0.6,-12.3,,3,-4.81,-2,-1,9.2,-20.88,-3.6,-9,6.99,,17,20,9,-6,-0.95
Bowling Green,Eastern Mich.,14.5,17.13,12.59,13.12,20.83,11.35,9.88,16.76,25,13,20,15.75,19.5,17.34,14.74,7.09,,15.4,9.51,12.19,11.75,17.75,18.24,14.89,6.02,13.04,13.91,15.05,18.99,18.72,14.89,22.04,7,23.21,22.03,35.9,16,14,10,9.81,16.61,9.53,11,10.14,12.18,19,12,9.25,14.5,,19.47,23.5,19.9,11.46,17,2.68,6.62,13.22,14.1,12.4,,15,14.47,11,14,28.7,29.98,16.2,14,5.75,,3,24,9,17,16.86
Buffalo,Toledo,-7,-17.37,-20.01,-11.23,-10.93,-11.37,-17.98,-28.05,-20,-24.5,-22,-12.76,-18,-15.55,-25.27,-18.81,,-16.51,-16,-14.84,-15.65,-36.56,-7.66,-29,-8.58,-15.95,-12.07,-27.34,-23.9,-23.39,-15.95,-25.19,-21,-26.62,-25.42,-44,-14,-8.5,-16,-16.96,-22.81,-8.95,-16.5,-10.29,-16.27,-19,-11,-11.76,-8.5,,-14.5,-1.8,-3.5,-20.49,-7,-11.51,-9.42,-10.26,-16.1,-17.45,,-15,-13.58,-8,-14,-12.1,-35.69,-12.7,-19,7.46,,25,20,9,-15,-9.92
Central Mich.,Akron,7,6.12,7.02,7.09,1.56,3.93,10.55,20.54,12,11,13,0.17,12.5,3.68,21.92,8.39,,8.92,7.81,3.11,5.25,13.06,5.24,16.34,3.87,9.63,7.77,19.35,5.73,11.53,8,17.26,5,15.13,14.5,23.9,11,6,7,7.39,9.42,11.33,11,8.41,9.25,2,13,3.19,7,,1.54,6.1,3.8,-18.09,3,14.74,3.79,7.2,11.8,4.75,,5,5.51,9,8,13.9,17.71,3.7,1,5.35,,14,35,9,5,8.83
Colorado St.,Hawaii,6.5,6.29,15.48,4.41,12.86,10.3,6.76,6.72,8,7.5,-1,13.61,-1.5,6.33,4.4,12.43,,6.88,11.46,10.85,10.25,5.16,4,-6.71,7.7,15.88,2.3,4.29,19.56,6.55,6.29,2.27,7,-0.01,-0.17,-5,0.01,6,5,4.34,4.5,3.53,1,16.47,19.89,9,2,2.69,6.5,,10.95,15.3,6.2,17.92,11,5.93,1.18,6.71,6.1,4.55,,11,4.52,5,7,19.7,8.28,15.8,1,5.71,,27,42,9,3,9.11
East Carolina,Navy,4,5.46,3.99,3.8,7.09,6.55,2.41,-0.77,7,12.5,1,7.51,3,6.64,2.33,0.92,,3.74,-0.16,6.07,5.05,-1.31,1.43,10.49,3.89,3.45,5,1.13,4.05,-2.94,3.25,0.53,-3,-2.88,0.47,-6,6,4,5,8.27,2.09,10.49,3.5,4.86,5.21,8.5,3,3.94,4,,2.72,8.9,1.1,25.04,4,-5.6,4.04,2.79,7.8,-0.3,,8,2.36,2,7,18,3.27,2.4,1,3.89,,56,28,9,3,3.25
Florida Atlantic,Troy St.,-7,-10.77,-3.92,-7.74,-12.01,-8.97,-9.4,-16.07,-6,-4.5,-13,-7.94,-10,-9.83,-15.21,-11.67,,-9.97,-8.68,-11.44,-8.05,-16.72,-9.22,-9.91,-3.45,-3.72,-9.99,-16.91,-13.62,-14.59,-9.91,-13.93,-12,-13.62,-13.23,-23.7,-6,-8.5,-13,-6.8,-11.33,-9.69,-9,-0.99,-3.71,-13.5,-10,-6.34,-7.5,,-14.98,-9,-8.5,-10.66,-14,-11.64,-9.1,-8.42,-13.4,-12.4,,-7,-9.71,-8,-10,10.8,-27.26,-5.9,-13,5.16,,27,34,9,-12,-8.58
Florida Intl.,Western Kentucky,-6.5,-12.38,-16.76,-7.35,-20.93,-10.98,-14.33,-20.38,-18,-21,-19,-14.23,-13,-10.82,-12.85,-7.32,,-14.53,-14.21,-13.7,-16.95,-27.38,-11.93,-15.1,-6.96,-15.51,-13.47,-22.04,-18.26,-18.62,-14.2,-20.99,-9,-24.04,-20.92,-42.5,-12,-7,-9,-14.09,-18.97,-7.8,,-11.14,-16.65,-11.5,-8,-9.14,-7.5,,-16.4,-18,-14.2,-8.38,-14,-13.72,-7.19,-6.05,-13.2,-17.8,,-15,-14.05,-2,-7,-20.1,-30.11,-8.5,-17,6.35,,14,6,9,-13,-8.61
Florida St.,Duke,27.5,20.8,22.5,27.86,22.56,21.27,20.36,11.1,21,27.5,22,25.92,16.5,23.06,14.87,26.66,,20.67,15.5,21.17,24.05,16.59,30.08,8.54,19.4,20.65,14.85,10.14,18.11,11.4,21,10.04,30,13.03,10.83,14.3,26,25,17,18.2,17.69,22.52,24,20.06,25.77,21,23,21.01,26.5,,20.1,29.8,27.9,44.65,22,0.48,8.9,24.39,23.8,10.65,,30,16.19,19,28,31.2,17.24,16,15,5.97,,7,48,9,21,26.06
Georgia,Florida,-6.5,-14.33,-13.09,-6.41,-13.17,-8.86,-14.34,-17.05,-11,-39,-18,-11.24,-16,-14.21,-12.43,-10.45,,-11.79,-13.61,-11.88,-14.3,-7.03,-0.01,-8.29,-7.5,-10.74,-12.11,-18,-12.84,-13.54,-11.24,-17.06,-22,-8.8,-13.19,-26.8,-8,-5,-8,-23.23,-6.42,-6.11,-3.5,-8.55,-11.81,-4.5,-2,-12.09,-7,,-14.9,-6.2,-4.4,-4.81,-7,-39.54,-7.46,-5.13,-6.7,-10.85,,-5,-12.68,-7,-8,-25.9,-14.69,-11,-5,6.33,,9,17,9,-7,-10.93
Georgia Tech,BYU,1,-8.31,-9.83,1.15,-6.18,-6.46,-0.65,-8.68,-4,6,-7,-7.71,-4.5,-8.43,-3.88,-5.84,,-4.97,-9.58,-9.62,-9.25,-13.53,-6.99,-3.24,0.62,-6.52,-4.14,-11.43,-8.48,-9.35,-5.84,-7.13,-3,-6.68,-5.28,-17.6,1,2,-4,4.37,-8.5,-1.44,1,-3.49,-6.95,-11,-2,-6.79,0,,-4.37,-8.4,-2.8,-15.45,-6,-0.45,2.73,-7.83,-1.8,-6.4,,9,-8.85,-1,-1,-16,-10.24,-7.3,-2,4.77,,41,17,9,-1,1.23
Houston,UTEP,14,8.87,5.38,11.9,12.93,8.09,16.22,6.44,11,28.5,11,5.07,10.5,9.45,3.45,11.52,,10.97,10.99,5.71,14.45,9.78,15.79,14.44,5.38,5.26,10.27,6.84,19.72,9.73,10.39,7.68,12,9.23,9.23,11.9,20,13,14,16.85,10.02,12.44,23.5,5.9,6.34,10,15,8.75,13.5,,4.92,23.9,3.9,17.52,9,0.26,5.2,12.73,9.1,3.85,,22,8.07,12,17,11.3,15.4,2.9,4,5.26,,35,45,9,12,10.39
Illinois,Indiana,2,-4.05,-10.14,2.73,-3.67,-5.23,-2.85,6.79,-5,-6,0.25,-6.48,3,-6.11,10.64,-0.23,,-1.07,-5.45,-8.43,-5.85,1.91,-5.55,18.95,-2.54,-5.09,8.61,4.61,-11.92,-0.73,-1.31,5.81,-17,6.73,4.96,9.4,4,2,0.01,-1.83,1.32,5.99,10.5,-5.22,-9.06,-3,8,-3.73,1.5,,-6.62,-3.9,-3.5,-9.35,-2,3.75,2.35,1.4,0.2,-2.45,,1,-1.61,1,1,-11.2,-4.56,-8.3,-7,6.38,,31,17,9,-1,-0.23
Iowa St.,Baylor,2.5,3.74,9.04,-1.47,12.11,3.15,-0.17,8.92,6,9,13,2.89,11,2.83,8.31,3.6,,5.77,7.8,4.77,2.95,11.56,-1.9,3.91,4.8,8.18,-1.47,11.57,10.83,9.36,4.75,10.64,9,11.9,12.22,18.4,1,2,4,7.33,8.8,-2.83,-2.5,7.4,7.85,3.5,0.01,2.04,2.5,,14.32,2.6,-1.6,21.58,6,5.46,5.65,3.27,2.3,4.75,,2,5.31,2,-1,27.1,6.74,9.2,3,5.45,,21,35,9,2,2.21
Kansas,Texas,-18.5,-19.59,-16.35,-18.08,-19.78,-16.68,-14.56,-24.82,-19,-7,-25,-19.15,-18.5,-18.44,-27.6,-19.64,,-18.45,-17.13,-18.56,-18.95,-38.5,-25.39,-21.76,-11.7,-14.7,-17.99,-21.1,-11.06,-21.08,-18.44,-22.97,-23,-24.6,-20.38,-40.7,-18,-21,-20,-8.06,-24.21,-22.69,-21,-11.65,-18.6,-14.5,-18,-15.81,-18.5,,-16.01,-1.6,-15.6,-36.73,-14,-31.95,-9.12,-16.92,-17.9,-18.35,,-20,-13.87,-12,-28,-14.1,-26.23,-10.6,-24,5.65,,21,17,9,-19,-17.77
Kansas St.,Texas Tech,7.5,6.76,7.86,11.14,4.39,6.43,16.57,15.74,10,-2.5,13,6.37,12,5.9,13.88,7.45,,9.97,13.02,9,15.65,6.66,20.6,9.84,11,8.27,11.06,11.88,15.15,8.95,9.84,16.34,13,10.85,7.29,12.4,14,8,9,1.97,6.04,12.5,14,7.67,8.56,8.5,4,9.61,7.5,,7.82,6.3,0.3,3.91,8,7.02,6.45,6.45,14.3,5.85,,14,13.25,9,11,17.5,8.55,11.5,4,4.20,,24,55,9,5,11.31
Louisiana-Lafaye,Arkansas St.,4,7.87,8.15,4.07,5.3,10.05,5.65,3.32,14,9,8,1.93,3.5,8.93,1.29,9.13,,6.1,10.73,9.78,4.85,5.78,-0.9,-2.77,6.24,9.66,4.85,2.92,13.73,6.89,5.29,5.28,11,4.15,4.66,4.9,-3,4.5,3,7.01,6.31,6.71,3.5,2.22,11.22,3.5,2,6.11,4,,12.65,2.1,-1.7,7.74,9,-5.54,5.02,-1.35,5.6,3.8,,6,12.19,5,4,26.3,12.8,4.4,4,4.84,,50,27,9,2,2.18
Louisiana-Monroe,South Alabama,22.5,27.21,31.61,24.56,20.5,24.63,24.66,27.68,31,25,24,30.34,21.5,27.29,26.95,25.73,,25.97,28.66,29.07,32.85,36.84,22.92,31.35,13.59,25.37,26.13,26.1,32.88,23.64,26.12,22.88,33,23.53,20.58,33.9,27,24,27,21.3,27.09,23.65,,22.7,30.07,28,21,23.83,23,,24.04,26.6,,12.6,30,20.91,17.61,22.08,30.6,17.65,,28,26.16,17,28,32.5,37.45,15.6,18,4.69,,24,38,9,20,23.1
Louisville,Cincinnati,3.5,2.04,-1.86,3.34,2.32,1.93,-0.01,9.32,4,3,6,1.11,7.5,1.13,11.69,-2.61,,3.62,-0.65,1.2,3.95,12.84,0.94,5.48,9.3,0.01,3.74,11.47,-3.81,6.48,3,10.81,-2,11.98,6.57,12.3,1,4,5,3.69,6.47,2.48,-4,-0.58,-3.76,6,2,1.23,3.5,,-1.95,7.5,-0.7,-18.36,6,-0.13,4.38,4.32,6.6,0.4,,6,2.81,1,3,12.9,6.03,-0.2,-3,4.25,,31,34,9,3,2.57
Marshall,Central Florida,-1.5,-4.29,-1.55,-5.52,-2.3,-5.24,0.86,-4.06,-1,-12,-7,-4.79,-2.5,-4.21,-3.15,-2.56,,-2.54,0.71,-5.93,2.65,-7.59,-7.31,-3.57,-8.58,-2.3,3.55,-6.11,-0.42,-7.05,-3,-2.08,-2,-6.35,-6,-10.7,-3,-4,-4,-5.89,-5.82,2.65,-2.5,-0.95,-3,-1,0.01,-5.53,-1.5,,-8.95,11.4,-2.3,-13.66,0.01,-2.09,0.22,-1.66,-3.3,-6.05,,5,-0.7,-2,-4,12.8,-9.38,-1.3,-6,4.35,,54,17,9,-4,1.2
Miami (Ohio),Ohio,-6.5,-9.86,-12.11,-5.16,-10.61,-9.15,-5.68,-21.53,-11,-42,-16,-9.03,-13,-8.83,-12.37,-11.66,,-10.93,-8.25,-12.11,-9.25,-29.66,-3.66,-17.76,-8.88,-9.87,-6.5,-11,-13.1,-16.22,-9.86,-18.05,-21,-17.42,-12.74,-23.4,-3,-7,-11,-22.23,-15.51,-9.41,-9,-7.93,-12.53,-4.5,-3,-8.62,-7,,-11.66,-7,-7.6,-31.57,-8,-9.46,-2.47,-0.44,-7.3,-13.65,,-9,-5.93,-4,-13,-9.3,-18.18,-12.7,-20,6.46,,20,23,9,-13,-4.65
Middle Tenn.,North Texas,3,2.45,3.25,2.64,3.43,6.98,-4.26,4.64,2,3.5,2,6.4,3.5,2.16,10.13,3.85,,2.82,7.63,3.66,-0.55,3.91,0.32,4.5,7.84,3.79,4.48,3,2.87,2.67,3,3.14,16,2.29,4.77,-1,-5,3,0.01,4.83,4.27,-6.29,-10.5,5.22,3.7,1.5,0.01,2.62,3,,2.24,-1.1,-7.6,2.33,5,11.36,6.16,0.41,6,1.65,,-6,7.15,-2,7,12.1,8.24,-7.2,1,4.46,,21,38,9,5,5.19
Minnesota,Purdue,-2.5,-2.41,-6.14,-3.35,2.08,-4.23,-3.65,1.61,1,3,-1,-5.86,0.5,-3.07,-1.04,-2.53,,-1.74,-2.33,-6.83,-1.25,-1.63,-5.13,-1.55,0.15,-3.26,1.2,-0.44,0.01,-0.47,-2.33,3.86,5,4.07,4.04,-0.6,-3,-3.5,-6,3.65,-0.63,-8.84,-3,-3.16,-6.45,1,-3,-4.59,-2.5,,-7.91,5.4,-1.3,-29.58,-2,2.28,4.31,-4.48,-4.9,-1,,-7,-2.82,-2,-7,8.1,-0.39,-3.7,-2,3.61,,28,44,9,1,-3.28
Missouri,Kentucky,14,12.79,8.13,14.36,14.34,11.26,12.72,14.43,12,30.5,13,11.08,11,12.65,9.45,14.52,,12.67,5.32,11.52,14.55,18.59,12.5,8.76,6.84,7.93,10.23,12.56,14.14,11.07,12.33,11.22,12,12.87,12.17,17.9,17,15,12,20.55,15.01,14.09,19.5,8.04,8.76,11.5,15,10.42,14,,14.46,15.5,15.4,24.27,6,0.31,10.6,12.33,19.6,8.05,,14,7,10,28,18.8,15.71,6.4,8,4.47,,10,33,9,11,17.69
Nebraska,Michigan,1.5,-2.91,-4.69,1.59,3.23,-3.17,-6.17,-0.19,1,-4.5,-2,-2.15,3,-3.25,0.99,-3.03,,-1.53,-2.18,-6.5,-4.75,-0.72,-5.33,-1.05,-1.5,-2.65,-2.49,-0.11,-11.46,-1.01,-1.76,3.2,3,2.05,2.76,1,-2,1,-5,-0.99,0.01,-0.72,-1.5,-1.76,-6.17,0,0.01,-7.83,1,,-2.68,-3.1,2.7,9.2,1,-2.23,2.53,-1.34,-2.3,-3.5,,-6,-2.55,-2,-1,6.4,-5.21,-0.7,-2,3.16,,9,23,9,1,-1.2
New Mexico,Fresno St.,-15.5,-12.57,-16.05,-15.48,-11.01,-9.78,-15.46,-6.24,-9,-21.5,-5,-14.25,-4,-13.92,-4.52,-15.4,,-10.74,-6.04,-14.76,-15.85,-14.97,-11.65,-4.29,-3.19,-11.78,-13.08,-3.06,-9.25,-6.04,-11.33,-1.93,-19,-0.3,-0.59,-3.6,-12,-12.5,-14,-11.66,-10.46,-11.57,-21.5,-11.33,-17.16,-6,-14,-10,-15,,-10.96,-19,-16.8,15.3,-11,-5.57,-1.81,-16.86,-11.7,-8.75,,-18,-3.53,-9,-17,-10.9,-6.69,-11.7,-8,5.36,,49,32,9,-10,-13.04
New Mexico St.,Louisiana Tech,-29,-27.46,-30.82,-29.52,-17.55,-26.06,-36.24,-29.04,-33,-27,-38,-29.03,-26.5,-27.05,-21.57,-30.09,,-28.73,-30.19,-32.67,-37.65,-41.72,-33.98,-31.02,-11.95,-28.77,-27.74,-28.13,-36.52,-30.96,-28.77,-26.55,-35,-29.93,-24.81,-49.1,-31,-28.5,-34,-20.81,-29.02,-24.44,-20.5,-23.85,-34.01,-32.5,-26,-32.66,-29,,-19.97,-34.8,-22.2,-61.88,-27,-22.99,-14.62,-24.7,-33.2,-26.4,,-40,-22.24,-16,-21,-30.9,-36.44,-22.4,-26,6.39,,28,14,9,-26,-27.3
North Carolina,NC St.,7,8.64,11.13,7.65,6.2,9.63,2.3,-0.87,7,24.5,5,12.6,4.5,10.99,3.14,10.88,,6.48,5.52,9.97,9.15,-0.53,3.61,1.66,5.7,7.31,-3.72,-0.43,13.69,1.22,7,1.03,2,-1.43,0.29,-3.6,10,7.5,4,13.97,4.13,5.59,9,9.04,10.94,-11,5,7.49,7,,15.74,11.1,11,31.05,9,-0.3,3.43,8.38,8.2,-0.8,,7,6.19,7,7,19.5,6.29,3,5,5.51,,35,43,9,4,8.35
Northwestern,Iowa,5,6.75,6.53,6.59,10.94,5.21,8.37,6.42,14,6,8,7.64,7.5,6.94,6.45,3.29,,7.05,6.4,5.76,8.75,10.19,2.71,2.43,9.64,7.97,6.19,6.27,8.36,6.4,6.59,8.81,7,8.99,7.81,11.1,8,6,6,6.29,9.26,5.79,-0.5,6.9,7.32,7,4,4.52,5,,8.85,9,6.2,-14.52,10,0.61,6.59,5.43,6.8,4.05,,10,6.17,3,3,18.8,8.64,2.9,4,2.83,,17,28,9,5,5.48
Oklahoma,Notre Dame,13,5.09,21.13,11.8,4.78,6.73,7,0.65,10,17.5,-7,13.6,-5,5.99,1.18,9.05,,7.48,20,10.38,8.45,3.03,6.39,-3.82,1.5,15.8,3.13,-3.49,16.69,-2.83,7,-0.15,7,-2.07,-8.02,-18,9,9.5,7,8.5,2.85,11.59,9,16.12,19.53,4.5,7,3.5,12.5,,7.54,19,21.8,28.46,16,7.16,-0.49,8.72,12.6,0.75,,10,20.38,4,7,18.5,6.01,14.1,5,8.09,,30,13,9,4,12.85
Oklahoma St.,TCU,6.5,2.09,7.11,9.12,4.96,4.76,10.4,2.64,3,12.5,7,6.22,2.5,2.06,7.26,8.16,,6.06,2.91,5.6,9.95,3.78,3.61,0.69,2.75,5.36,3.41,5.04,6.89,3.35,5.04,3.05,5,3.66,3.37,6,11,9,5,7.96,4.4,6.94,7,4.91,5.62,9.5,7,3.63,6.5,,12.66,9,11.6,15.83,4,4.68,3.41,9.66,11.9,2.75,,9,2.4,4,10,9.2,1.85,2.7,6,3.10,,14,36,9,3,10.21
Oregon,Colorado,47,46.28,59.41,43.8,53.01,41.75,43.9,44.32,57,65,54,54.93,42.5,46.78,51.34,41.92,,47.12,45.72,52.38,56.65,56.59,43.83,47.36,33.37,45.93,41.81,46.78,62.97,48.16,46.11,44.75,54,47.11,41.66,76.7,48,45.5,45,43.03,43.56,43.44,44,43.59,56.12,40.5,39,45.57,47,,52.75,54.5,50.9,50.35,49,20.11,21.05,43.63,50.9,36.45,,50,44.45,32,35,35.1,49.9,41.1,46,8.36,,14,70,9,40,46.11
Penn St.,Ohio St.,-1.5,-0.52,-0.88,-4.14,0.21,-1.31,3.75,-10.93,-1,-7.5,-6,-1.83,-4.5,1.05,-11.87,-1.33,,-1.32,3.32,-3.26,6.15,-7.03,-5.77,-4.95,-7.6,-1.19,-0.16,-11.55,11.57,-6.8,-1,-9.54,3,-6.92,-7.97,-16.1,4,-1.5,-1,-3.43,-3.2,-2.45,5.5,0.16,-1.7,0.5,-2,3.05,-1.5,,4.67,9.9,0.01,-3.47,-1,-3.26,0.64,-4.23,-2.2,-4.45,,6,-0.21,2,1,13.4,-7.76,-0.1,-5,5.50,,35,23,9,-4,-1.32
Pittsburgh,Temple,6.5,0.01,6.86,6.19,8.24,-1.12,5.96,-5.06,3,4,3,2,3,1.24,-5.84,8.88,,3.84,6.1,-0.31,2.75,-5.84,4.78,-0.14,4.04,8.15,7.46,-5.91,5.91,-3.91,4.41,-4.27,9,-4.5,-2.15,-8.8,8,7,7,5.54,0.6,5.04,-0.5,9.1,10.76,-1.5,9,-0.49,6.5,,1.01,17,7.4,9.69,6,0.27,7.09,3.64,12.2,-2.65,,3,0.59,4,7,14.3,-1.24,2.4,-1,5.18,,17,47,9,5,7.78
Rice,Southern Miss.,3,5.72,11.81,-2.52,15.84,6.51,1.47,5.63,14,27.5,11,6.99,7,5.88,3.7,1.94,,5.99,8.5,8.88,3.25,5.81,5.75,-10.48,2.64,10.1,1.77,6.22,17.73,9.06,5.88,10.54,11,9.4,7.69,8.1,-1,-2,-3,14.03,6.41,-4.36,-11.5,9.51,10.88,7.5,-1,3.35,3,,6.51,14.9,5.4,-21.85,6,-3.73,0.56,-1.96,0.9,4.7,,2,8.34,-2,1,23.8,26.27,8.4,8,7.21,,17,44,9,5,3.93
Rutgers,Kent,13.5,17.28,14.23,14.77,17.31,9.05,15.4,21.41,13,11,17,12.63,14.5,16.89,13.51,16.95,,15.5,14.87,12.42,13.45,25.38,18.12,14.65,13.8,14.47,14.39,17.21,5.57,12.76,14.77,17.7,24,16.34,13.63,24.8,18,13,15,11.38,18.76,12.11,15,13.05,15.89,16.5,14,11.93,13.5,,14.19,17.6,18.7,-2.13,17,5.16,11.75,15.66,16.6,8.4,,16,16.99,11,31,23.8,21.02,11.8,5,4.22,,35,23,9,14,13.48
SMU,Memphis,21.5,22.32,23.3,25.06,13.94,17.01,25.04,16.71,26,12.5,20,22.89,18,23.61,10.14,20.32,,19.96,19.57,23.86,30.85,20.41,31.69,19.97,2.84,16.94,25.66,14.64,22.51,16,20.04,15.08,11,18.28,14.94,27.8,27,20.5,21,13.52,15.89,26.88,26,14.26,18.82,20.5,23,18.08,21.5,,21.03,21.9,20.4,22.25,21,-1.28,14.54,19.4,24.3,11.6,,24,20.04,15,18,30,26.73,14.2,12,5.54,,13,44,9,16,22.39
San Diego St.,UNLV,18,16.6,21.35,20.4,18.14,13.84,17.93,15.66,29,27.5,26,15.74,22,16.97,18.62,24.58,,19.02,15.33,16.55,19.65,24.16,22.18,25.07,8.24,17.76,15.39,16.54,26.28,18.53,18.1,20.9,19,22.07,20.84,32.4,22,18,17,18.38,19.92,20.56,22,15.51,19.26,29.5,18,14.93,18,,19.3,18.1,14.3,15.7,16,3.81,9.26,17.59,19.5,15,,18,13.47,16,22,31.4,23.84,10.4,16,4.76,,13,24,9,17,17.3
San Jose St.,Texas St.,20.5,19.07,23.52,19.01,15.78,14.71,17.33,15.35,21,23,19,21.66,18.5,19.92,13.54,15.16,,18.05,13.28,17.51,19.65,25.31,18.81,15.33,7.07,17.61,14.34,14.38,25.26,16.72,17.61,15.64,29,15.45,13.63,24.9,22,19,17,17.5,20.63,16,,15.63,19.14,18,15,14.27,20.5,,27.53,20.7,,-30.81,15,7.91,11.99,17.9,23.2,11.35,,20,,6,17,30.2,17.26,14.2,11,4.62,,20,31,9,15,19.21
South Carolina,Tennessee,13.5,17.41,17.97,15.76,18.41,18.21,19.03,15.49,23,19,23,20.18,17.5,17.86,15.67,20.52,,17.21,11.75,17.9,17.95,19.94,11.24,18.17,17.75,15.5,18.67,19.19,16.43,17.38,17.4,16.34,12,17.63,16.94,27.2,17,14,16,15.22,17.95,16.83,15.5,14.2,17.04,19,14,17.62,14.5,,19.3,17.4,9,17.62,16,5.48,11.43,17.35,19.4,13.15,,21,11.9,11,21,31.3,18.86,9.8,11,3.74,,35,38,9,13,13.1
South Florida,Syracuse,3.5,1.3,-0.01,5.56,-2.05,1.86,-0.97,1.98,2,-16,1,1.1,3.5,1.27,-0.58,1.19,,1.32,1.41,-0.2,-0.85,-1.16,-3.74,2.84,5.25,1.87,-3.09,0.33,-3.5,-0.01,1.41,3.08,4,-0.38,-0.51,-2.5,5,6,-3,-8.7,0.01,6.33,9,2.53,1.86,-6,6,3.71,3.5,,1.39,-4.2,-2.1,14.51,3,-0.27,-1.4,7.52,2.6,-4.1,,5,2.72,3,3,20,-2.81,0.5,-3,4.55,,37,36,9,-1,5.25
Stanford,Washington St.,24.5,27.46,27.03,22.2,29.88,23.15,26.4,28.74,28,32.5,27,27.83,25,27.33,32.93,23.37,,27.41,25.53,27.16,28.35,46,27.7,32.78,17.81,25.33,32.62,31.16,26.45,30.59,27.33,30.4,34,34.43,30.09,58.4,30,22,25,23.48,33.77,29.13,28,21.05,26.79,28,25,20.89,24.5,,29.65,28.6,22.2,18.98,23,17.77,14.46,22.97,24.6,19.95,,32,22.65,22,28,29.5,32.98,13.8,16,6.05,,17,24,9,21,20.03
Texas-San Antoni,Utah St.,-23.5,-22.23,-22.33,-26.16,-6.93,-23.28,-28.02,-17.25,-14,-31.5,-11,-28.4,-7,-23.21,-16.2,-24.19,,-19.83,-25.72,-31.26,-30.85,-31.34,-25.08,-22.16,-1.44,-17.55,-22.99,-16.94,-18.84,-13.85,-21.93,-8.02,-33,-7.48,-6.4,-10.2,-22,-21.5,-29,-20.63,-18.58,-14.08,,-15.33,-23.03,-15.5,-11,-19.17,-23.5,,-25.44,-22.3,,-23.69,-28,-16.41,-9.76,-27.12,-24.4,-15.25,,-25,-20.72,-11,-27,-19.9,-19.96,-20.8,-4,7.74,,48,17,9,-12,-21.58
Tulane,UAB,-5,-8.48,-4.9,-7.4,-14.62,-7.43,-3.58,5.86,1,-13,-6,-13.95,-2,-11.18,7.5,-7.78,,-4.33,3.2,-9.15,-13.15,3,-1.25,2.25,-0.15,-0.89,-10.86,3.87,-2.43,-6.76,-3.58,6.99,-9,3.5,3.04,1.5,-12,-6,-3,-4.84,1.04,-3.23,-5,-2.41,-4.63,-9.5,-3,-8.98,-5,,-16.59,-14.7,-5.3,-16.22,-2,3.69,3.33,-7.19,-9.9,-4.95,,-12,2.92,-1,-3,-12.6,-1.35,-2.4,-10,5.88,,45,55,9,-5,-6.78
Utah,California,1,2.22,0.77,0.36,1.21,0.3,-2.59,0.8,5,-12,2,2.53,2,2.66,16.75,2.31,,1.59,2.19,0.37,-4.15,-0.38,-2.52,8.92,3.4,0.95,2.42,-1.14,-7.31,-0.17,1.74,2.37,-3,-0.01,-0.15,-2.1,-2,1,-2,-4.12,0.6,4.97,-2,1.42,0.18,1,4,1.56,1,,1.87,6.7,1.7,5.72,5,0.87,3.75,4.68,2.9,-2.05,,3,1.74,2,-1,14.7,-1.34,2,-3,4.19,,27,49,9,-1,0.76
Vanderbilt,Massachusetts,33,34.43,33.95,35.23,20.21,30.67,31.56,33.88,33,29,28,39.41,22.5,34.93,38.53,38.1,,31.55,30.4,37.06,35.75,38.75,35.67,32.5,10.92,33.35,40.5,34.36,22.27,32.64,32.25,30.74,22,32.65,27.44,55.3,36,32.5,35,22.78,26.26,33.85,,30.4,39.57,32,29,22.88,33,,19.83,36.5,,57.37,32,9.07,16.56,29.78,41,27.05,,33,26.5,22,38,30.4,45.08,24.5,21,7.43,,7,49,9,25,31.85
Wake Forest,Clemson,-12.5,-16.66,-16.97,-17.59,-17.6,-14.8,-14.96,-8.22,-12,-38,-16,-23.28,-10.5,-18.06,-8.63,-13.46,,-14.48,-10.64,-19.79,-16.85,-17.59,-14.03,-11.47,-19.05,-13.21,-12.7,-7.59,-14.75,-10.34,-14.27,-6.01,-15,-9.74,-8.04,-16.9,-15,-14,-14,-22.1,-16.25,-19.83,-9,-11.01,-17.7,-17,-13,-14.44,-12.5,,-17.77,-11.1,-17,-29.05,-12,-1.03,-6.2,-14.27,-18.9,-12.45,,-19,-11.28,-7,-14,-19,-17.34,-12.7,-15,4.86,,42,13,9,-13,-16.73
Washington,Oregon St.,-3,-12.06,-12.74,-5.57,-22.18,-8.58,-8.95,-13.8,-14,-32,-13,-9.6,-7,-11.92,-14.53,-5.62,,-10.86,-9.48,-12.23,-7.45,-16.19,2.23,-6.17,-13.16,-9.1,-0.6,-15.16,-22.94,-17.86,-9.6,-16.28,-26,-16.93,-16.83,-31.6,-4,-4,-5,-17.02,-12.83,1.26,0.5,-6.96,-11.73,10,-5,-8.47,-4,,-16.49,-11.7,-12.8,-10.93,-11,-3.85,-2.04,-2.97,-6.7,-12.9,,-7,-8.2,-4,-4,-12.1,-18.24,-10.5,-10,7.36,,17,20,9,-12,-9.37
Western Mich.,Northern Ill.,-7.5,-12.62,-14.74,-6.18,-8.54,-10.08,-10.19,-10.67,-15,-7,-14,-10.17,-11.5,-12.9,0.2,-7.02,,-10.69,-9.38,-13.04,-11.95,-23.81,-14.76,-15.82,0.86,-12.44,-7.27,-12.89,-18.67,-15.85,-10.17,-11.44,-14,-16.45,-14.91,-26.3,-7,-6.5,-10,-4.52,-16.72,-6.52,0,-9.18,-14.53,-12,-6,-8.13,-8,,-9.71,-11.6,-7.5,-10.81,-9,-0.53,-2.03,-7.87,-5.5,-14.95,,-6,-9.39,-5,-10,-11.9,-19.94,-9.7,-15,4.85,,48,34,9,-11,-9.43
Wisconsin,Michigan St.,5.5,6.69,7.04,3.79,2.62,5.93,8.86,8.93,10,3,5,6.56,6.5,6.4,6.19,6.76,,8.11,10.49,6.25,9.45,11.44,13.32,4.15,5.4,8.98,9.46,9.98,15.25,8.68,7.63,10.98,6,10.69,11.55,15.5,13,5.5,6,5.31,10.62,0.76,9.5,7.48,8.08,12,7,4.7,6,,9.11,13.2,6.5,-1.46,11,0.97,7.63,8.35,7.1,7.15,,10,9.07,9,8,11.1,11.4,6.4,4,3.07,,16,13,9,4,5.47
Wyoming,Boise St.,-15.5,-18.52,-12.43,-16.48,-18.13,-10.78,-20.67,-21.8,-21,-11.5,-21,-13.84,-19.5,-17.78,-14.74,-16.18,,-17.33,-11.31,-15.93,-20.05,-33.81,-18.51,-23.45,-9.79,-9.63,-17.83,-23.15,-22.2,-23.16,-17,-21.86,-14,-29.69,-25.15,-49.8,-21,-15,-21,-9.28,-24.7,-13.72,-21.5,-6.77,-10.86,-30.5,-17,-12.2,-15.5,,-16.24,-19.6,-13.8,-15.98,-14,-7.46,-7.05,-11.95,-13.8,-18.1,,-15,-10.44,-13,-18,-10.8,-26.57,,-17,6.67,,45,14,9,-18,-15.84
Arkansas,Tulsa,9,1.02,1.78,9.93,-6.55,1.08,14.97,-2.56,-5,1.5,-8,1.32,-7,1.87,-1.35,5.37,,2.31,8.63,2.7,9.55,-7.31,3.61,-5.4,-6.88,1.73,8.89,-0.01,-6.43,-6.74,3.2,-8.34,4,-8.05,-9.4,-14.8,9,6,10,2.22,-3.64,5.81,-1.5,4.46,3.83,5,5,5.44,8,,-0.65,9.6,6.9,11.17,7,-4.38,2.49,10.87,3.2,-6.1,,10,5.22,5,21,10,-4.27,-1.2,-12,7.05,,15,19,10,-1,6.19
Army,Air Force,-7,-11.32,-11.63,-5.62,-10.37,-10.81,-9.34,-8.37,-20,-31,-19,-10.63,-15,-11.67,-2.02,-10.71,,-11.5,-9.5,-12.53,-11.55,-17.22,-14.35,-14.06,-0.99,-11.17,-12.35,-11.09,-11.53,-14.27,-11.17,-12.46,-11,-16.37,-15.72,-31.5,-11,-7.5,-9,-18.63,-12.45,-2.88,-9,-7.85,-12.93,-15,-4,-9.52,-8,,-15.7,-12.8,-12.7,-2.88,-12,0.69,-6.46,-6.38,-4,-14.05,,-8,-12.39,-10,-6,-15.4,-22.26,-9.3,-15,5.46,,21,41,10,-12,-8.4
Auburn,New Mexico St.,24,19.04,23.38,25.72,-6.58,19.51,26.12,19.03,18,10,16,23.8,14,19.29,22.87,27.72,,20.38,25.62,22.01,23.35,24.97,31.71,24.22,8.21,23.23,29.41,22.57,12.98,17.12,21.67,18.24,22,17.39,14.95,31.2,24,22,26,20.8,16.54,23.37,8,21.67,26.95,24.5,25,12.92,24,,17.86,19.3,27.2,31.28,23,19.67,17.12,23.8,28.6,13.05,,22,17.13,15,18,17.5,20.87,14.4,3,6.78,,7,42,10,12,21.12
Baylor,Kansas,16.5,14.19,11.42,16.79,8.46,11.54,12.85,15.1,19,6,24,16.14,18.5,14.26,24.38,17.56,,15.46,9.78,11.86,14.95,26,18.82,24.19,14.91,11.46,15.6,17.17,12.74,14.06,15.6,20.22,18,17.07,15.37,23.6,20,17,16,8.44,17.54,22.18,14,10.5,12.95,11.5,18,17.63,16.5,,14.42,10.5,18.6,3.7,13,24.9,4.86,18.68,14.7,7.7,,18,9.8,10,21,27.3,19.17,8.2,13,4.75,,14,41,10,15,16.02
Boise St.,San Diego St.,16.5,11.92,10.93,12.97,12.34,9.3,16,11.48,16,-3,18,13.71,15.5,12.27,12.59,13.28,,13.72,10.8,10.45,14.45,21.28,11.25,21.2,11.87,10.05,16.99,15.48,13.04,13.83,13.28,14.05,15,17.15,14.42,24.3,19,15,16,1.56,17.62,12.91,4,8.62,10.14,14.5,15,13.55,16,,11.77,16.7,11.6,9.07,12,1.8,7.83,12.92,13.9,6.2,,17,10.93,10,24,25.1,15.16,10.7,5,4.61,,21,19,10,11,15.87
Buffalo,Miami (Ohio),3,-1.04,5.62,0.74,4.75,4.75,2.8,-14.11,1,13,-5,6.58,-4,1.55,-9.17,5.99,,0.03,4.08,5.06,4.55,-10.88,-1.73,-12.23,3.74,5.64,0.59,-9.82,3.15,-5.65,0.74,-15.21,15,-10.96,-10.95,-19.9,2,2.5,0.01,4.96,-4.63,2.65,-0.5,9.06,10.1,-9,-1,2.02,3,,-0.32,10.6,10.2,11.26,3,-6.94,-0.14,-0.61,0.5,-6.7,,-15,-0.91,2,-1,10.9,-18.77,3.8,-4,7.72,,24,27,10,-3,1.95
California,Washington,4,-0.64,4.74,3.85,0.77,1.43,0.12,-13.25,1,21,-2,1.47,-0.5,1.5,-8.25,6.98,,-0.07,-3.42,2.3,1.55,-18.66,-4.84,-10.79,0.12,0.44,-6.81,-4.82,10.35,-7.17,1,-11.8,-1,-11.52,-8.66,-23,6,4.5,-4,4.21,-6.36,2.52,10.5,4.64,4.59,-8.5,3,3.56,4,,4.38,7.9,7.4,13.03,3,-20.61,-2.75,5.33,3.6,-7.1,,4,-0.91,3,7,9.7,-9.11,1,-1,7.00,,21,13,10,-1,4.47
Central Florida,SMU,9,6.74,8.93,9.57,11.13,8.21,10.01,10.08,14,28,15,10.08,13.5,6.23,12.83,9.78,,10.83,6.79,7.6,7.85,15.41,24.25,8.65,10.32,10.74,0.74,12.73,10.69,13.26,10.32,13.49,18,14.4,14.12,22.1,12,10,11,9.45,13.99,8.78,13,10.23,12.04,7,8,5.4,9,,8.87,9.4,6.3,15.31,11,7.98,2.52,11.83,10.8,6.1,,11,5.59,5,13,15.4,10.7,7.2,9,4.59,,17,42,10,10,14.41
Central Mich.,Western Mich.,-1.5,-0.74,0.57,-2.71,-2.29,-2.31,-3.01,6.52,2,-11.5,5,-2.78,5,-1.84,7.97,-1.51,,-0.58,1.84,-3.57,-4.75,4.94,-5.36,1.06,-2.6,2.59,-5.23,6.02,-2.99,3.09,-1.5,8.13,-3,8.99,8,14.3,-5,-2.5,-2,-5.07,3.53,-2.87,4,2.12,0.74,2,0.01,-4.41,-1.5,,0.01,-8.8,-6.9,6.72,-3,1.14,1,-1.28,-5.9,0.01,,-6,1.5,-3,-6,-6.4,3.06,-0.3,-3,4.71,,42,31,10,-2,-0.77
Cincinnati,Syracuse,4.5,6.71,9.39,6.25,8.62,5.78,7.5,8.56,14,-2.5,11,7.9,10,6.57,10.89,12.92,,8.42,7.46,5.39,2.35,11.66,8.63,16.58,10.06,10.53,5.39,10.78,13.12,10.33,8,11.69,11,11.01,11.86,18,11,7,4,6.39,11.63,12.62,17,9.57,12.07,6,7,5.95,5.5,,14.88,-3.1,0.8,27.53,4,6.15,5.66,4.24,2.7,3.35,,8,7.17,6,13,17.8,13.48,5.6,7,4.39,,24,35,10,6,7.54
Colorado,Stanford,-27.5,-28.13,-34.5,-27.18,-37.82,-26.47,-26.82,-27.17,-35,-45,-31,-32.58,-26,-28.16,-24.86,-21.8,,-29.65,-22.41,-32.94,-33.95,-45.09,-25.44,-32.82,-20.81,-26.35,-27.72,-33.37,-33.89,-34.03,-28.7,-30.97,-43,-33,-30.5,-60.6,-29,-27.5,-31,-25.62,-32.12,-31.84,-19,-22.26,-31.78,-24,-26,-24.41,-27.5,,-32.48,-28.7,-27.8,-44.92,-27,-21.63,-5.05,-25.2,-32.1,-27.5,,-33,-21.87,-22,-28,-28.7,-35.01,-23.9,-28,7.07,,48,0,10,-26,-29.75
Duke,Clemson,-13,-9.62,-14.4,-14.96,-9.68,-9.5,-13.14,-2.77,-10,-20.5,-11,-12.05,-8,-10.72,-4.08,-13.81,,-11,-9.67,-13.64,-17.45,-16.53,-15.28,-4.74,-13.72,-11.05,-7.5,-0.5,-15.87,-7.19,-11,-4.03,-19,-10.07,-5.06,-12.1,-12,-14.5,-11,-8.74,-12.03,-14.65,-12,-8.93,-14.77,-14.5,-10,-13.32,-13,,-2.79,-12.9,-11.2,-16.8,-10,-0.67,-2.58,-10.53,-15.9,-10.15,,-17,-8.03,-9,-11,-14.3,-11.76,-11.7,-12,4.15,,56,20,10,-11,-16.36
East Carolina,Houston,-3,3.33,0.36,-0.95,4.37,1.5,-7.65,5.92,4,-14.5,5,3.59,6,3.07,8.38,-0.48,,0.54,-0.63,-0.09,-2.75,6.63,-8.91,1.26,1.95,2.18,1.26,10.31,-2.52,-2.57,0.65,6.94,-10,4.07,5.53,7.3,-6,-2.5,-2,-4.43,2.46,-2.67,2.5,1.82,0.4,-1,-3,-1.72,-2.5,,6.5,-2.6,1.8,5.33,1,3.89,5.35,0.65,0.5,0.5,,-5,2.36,-6,-7,18.6,2.26,-3.3,-1,5.13,,28,48,10,-2,-0.74
Florida,Missouri,17.5,21.12,24.01,18.23,28.96,15.77,16.9,19.83,27,40.5,18,22.15,19,21.56,25.38,17.06,,20.6,19.21,19.24,21.05,22.88,18.61,20.36,23.31,21.37,18.93,31.07,24.41,21.78,20,23.13,33,21.02,22.17,37.8,17,15,16,24.47,19.83,16.14,12.5,18.36,24.14,22.5,10,12.86,17.5,,23.09,22.6,12.3,15.73,22,22.31,10.68,13.99,17.1,13.9,,23,17.21,8,21,26.3,25.39,17.4,11,5.98,,7,14,10,18,19.76
Fresno St.,Hawaii,33.5,30.74,43.59,29,38.3,31.59,30.38,23.8,39,45,34,40.69,28,32.52,25.99,38.19,,31.67,35.53,36.27,36.35,39.38,31.74,18.34,16.63,38.15,24.74,23.82,50.43,34.25,31.74,30.04,34,28.62,27.77,46.3,25,33.5,29,29.16,31.55,22.06,40.5,35.2,46.38,29,21,28.58,33.5,,37.65,38.4,34,50.64,34,11.17,12.35,25.41,28.5,25.45,,36,27.99,17,32,32.5,41.01,33.5,26,7.57,,10,45,10,27,31.69
Georgia,Mississippi,14,9.14,10.2,14.28,9.46,6.52,9.44,18.34,15,10,22,13.32,17.5,8.04,23.94,14.12,,13.41,10.14,9.69,9.45,18.75,2.68,21.93,16.5,11.76,16.46,13.8,6.22,14.88,13.32,21.95,16,19.25,16.51,30.2,16,14,14,10.52,15.2,19.26,8,9.88,11.3,16,16,10.37,14,,13.32,11.5,10.7,11.57,12,14.79,4.82,13.12,15.5,6.7,,16,10.47,6,14,23.1,11.96,6.2,10,5.22,,10,37,10,11,13.86
Idaho,San Jose St.,-21,-26.64,-31.16,-17.65,-30.83,-22.33,-18.05,-21.2,-34,-36.5,-28,-28.28,-23.5,-27.54,-13.9,-21.43,,-24.17,-21.04,-29.91,-27.25,-35.13,-24.32,-23.81,-8.5,-24.94,-14.43,-21.66,-35.56,-28.93,-24,-29.23,-31,-27.83,-25.58,-51.9,-20,-16,-20,-24.31,-24.93,-18.47,-13,-21.35,-31.1,-18,-16,-21.51,-21,,-30.39,-35.3,-31.4,-27.87,-24,-13.88,-9.36,-15.27,-18.7,-25.35,,-24,-19.48,-11,-20,-29.5,-32.13,-19.8,-27,7.48,,42,13,10,-22,-15.77
Indiana,Iowa,2,3.64,4.18,-1.55,2.8,1.24,1.86,-2.37,4,1.5,0.25,4.07,-0.5,5.04,0.39,-0.01,,0.49,4.37,1.48,-0.75,-7.97,-5.5,-14.24,3.7,3.56,-6.99,-8.92,4.78,-2.54,1,-2.62,1,-6.27,-4.01,-12.2,1,-1.5,-2,-0.74,-2.32,-1.64,-0.5,4.08,3.83,0.5,-1,0.83,2,,1.36,7.2,4.7,-3.46,7,-1.53,1.38,3.9,0.8,-4.1,,2,3.16,-3,-1,16,-0.38,0.9,-1,4.59,,21,24,10,-1,0.61
Iowa St.,Oklahoma,-13,-8.82,-12.82,-15.46,-12.25,-9.06,-8.03,-6.92,-5,-24.5,-4,-11.22,-1,-8.93,-6.39,-11.87,,-8.83,-6.4,-12.43,-11.75,-6.5,-18.84,-3.56,-1,-9.58,-7.09,-7.88,-14.83,-4.08,-8.82,-4.13,-11,0.83,0.94,-3.1,-11,-12.5,-5,-11.9,-4.15,-12.67,-14.5,-8.05,-12.59,-11,-11,-7.64,-12.5,,-7.81,-17.9,-17.7,1.23,-8,-20.04,0.4,-12.32,-15.2,-7.3,,-9,-6.46,-10,-14,-2.7,-6.79,-5.4,-10,5.02,,35,20,10,-10,-10.99
Kansas St.,Oklahoma St.,7.5,13.85,16.99,6.62,12.93,15.6,7.13,22.02,23,18.5,22,19.47,21.5,12.65,21.58,9.66,,14.66,18.23,18.46,12.55,13.81,21.61,18.76,16.75,18.23,12.2,24.19,20.89,20.01,13.85,27.89,21,18.12,18.62,28.8,5,8,9,14.11,10.75,7.67,15.5,16.37,20.58,14,1,13.05,8.5,,8.56,8.9,3.9,28.36,14,22.6,8.07,6.36,11,11.8,,12,17.54,4,4,29.4,15.96,13.3,6,6.59,,30,44,10,10,11.63
Kent,Akron,18.5,21.91,26.45,19.22,17.94,21.26,33.21,28.48,39,50.5,31,22.69,27.5,21,30.26,23.71,,26.84,28.7,21.06,29.65,41.31,31.11,39.9,17.72,26.8,27.5,28.88,37.56,33.75,26.8,34.61,26,35.72,33.74,52.6,27,20,29,28.73,30.67,24.75,25.5,21.39,27.65,25.5,20,17.78,19.5,,22.77,22.5,14.6,18.2,20,23.05,10.64,13.3,27.7,24.8,,29,20.64,15,18,30.8,41.06,16.8,20,8.04,,24,35,10,22,21.7
Kentucky,Vanderbilt,-6.5,-4.68,-3.13,-10.64,-16.85,-2.89,-8.94,-6.37,-5,-12.5,-9,-2.34,-4.5,-4.29,-0.49,-4.69,,-6.61,-3.12,-4.42,-11.65,-13.69,-5,-3.43,-0.63,-1.79,-7.79,-3.9,-13.87,-6.51,-6.37,-6.3,-3,-7.81,-7.03,-12.7,-7,-8,-11,-6.08,-8.1,-9.5,-2,-0.22,-2.13,-10.5,-6,-2.93,-6.5,,-11.29,-7.5,-11.3,9.07,-4,-1.19,-2.36,-8.18,-12.8,-9.45,,-13,-1.95,-4,-11,4.1,-12.41,-2.8,-13,4.25,,40,0,10,-10,-10.06
LSU,Alabama,-7.5,-9.16,-14.99,-4.34,-23.03,-12.57,-8.75,5.33,-7,-14,-10,-14.68,-12.5,-12.69,3.81,-15.37,,-8.65,-14.59,-16.77,-9.35,0.19,-5.57,-3.94,-0.5,-8.48,-2.39,0.73,-16.69,-8.58,-8.58,-1.42,-5,-0.54,-4.5,-10.9,-5,-9,-5,-8.21,0.87,-6.22,-17,-8.15,-12.76,-3.5,-7,-8.17,-7.5,,-13.22,-16.3,-12.9,-23.41,-15,8.39,-1.09,-6.6,-6.6,-9.35,,-7,-9.16,-12,-10,-17.5,-12.61,-13.6,-10,5.80,,21,17,10,-10,-6.3
Louisiana Tech,Texas-San Antoni,30.5,19.49,25.81,31.96,7.8,27.08,34.61,17.4,29,26.5,27,33.1,19.5,20.11,29.34,29.64,,26.69,24.53,32.5,34.75,37.28,29.77,33.34,15.02,22.43,27.98,27.9,26.88,23.8,27.08,18.98,37,19.65,18.92,22.9,35,31.5,37,22.42,27.36,26.09,,21.5,27.07,20.5,20,31.07,30.5,,22.65,30.9,,36.23,28,18.09,16.27,31.23,34.9,16.4,,36,21.39,19,38,33.3,27.76,23.2,13,6.75,,27,51,10,20,33.37
Louisiana-Monroe,Louisiana-Lafaye,9.5,12.17,20.09,7.46,15.16,10.09,13.87,14.1,16,27,15,18.13,15.5,12.01,15.3,9.88,,14.06,18.22,13.49,18.25,21,8.46,10.93,9.63,15.06,12.89,11.31,19.35,13.17,13.17,12.68,28,15.53,13.52,20.8,11,11,12,16.13,16.02,4.95,8.5,14.54,18.12,12,9,11.49,10,,4.72,19.3,28.4,12.59,11,14.68,8.8,13.91,11.5,9.45,,16,12.38,4,17,30.5,14.58,9.2,8,5.46,,40,24,10,10,10.08
Louisville,Temple,16,15.52,19.61,12.91,19.54,11.8,16.93,21.21,25,31.5,22,16.33,20,14.84,22.84,11.42,,18.27,14.13,15.51,13.85,33.63,16.95,22.98,22.73,19.03,16.16,17.91,12.92,24.05,16.2,27.31,25,29.18,26.71,44.4,13,14,15,23.78,26.59,15.49,9,15.14,18.85,18,15,10.67,16,,11.22,24.3,16.2,8.42,16,11.42,13.59,10.85,18.8,14.15,,14,14.13,6,18,26.8,26.98,11.8,12,6.42,,17,45,10,18,15.72
Marshall,Memphis,18.5,12.73,14.24,19.53,17.82,13.53,21.16,8.7,24,27.5,27,16.16,21,13.75,13.23,16.06,,17.09,12.09,14.58,23.85,13.38,16.88,9.39,5.3,11.47,18.03,14.25,17.51,13.4,16.16,13.88,13,16.02,14.52,26,20,20,20,20.88,13.14,25.72,8,11.32,13.49,11,22,16.87,18.5,,12.49,24.6,16.5,10.49,18,4.09,10.96,20.03,19.7,9.5,,24,11.04,12,28,29.2,18.52,9,17,5.56,,28,38,10,16,22.53
Maryland,Georgia Tech,-7.5,-0.68,-0.19,-4.86,1.23,0.36,0.66,5.72,6,11.5,1,0.17,4,-1.78,6.12,-5.37,,1.41,3.62,-3.63,0.85,1.34,-9.14,1.66,2.37,1.62,1.66,15.33,7.37,5.97,1.1,8.67,3,3.98,6.3,7.5,-3,-6.5,-1,7.45,2.79,-5.28,-6,1.1,-0.25,5,-2,-1.29,-6,,-1.5,2.8,-3.6,-19.88,3,0.58,2.28,2.34,-1.4,2.2,,-2,2.06,-1,3,10.7,2.75,0.7,-1,4.62,,33,13,10,-2,-8.9
Miami (Fla.),Virginia Tech,-1,1.91,1.07,1.78,-5.72,6.21,2.98,6.01,4,-11,2,9.89,2.5,1.25,7.63,-2.75,,1.95,2.95,4.47,6.85,5.84,-4.11,2.33,1.32,2.5,4.25,10.53,-6.19,6.92,2.33,6.26,-5,8.59,7.87,13,-1,-2,6,-1.42,4.59,-8.73,-2.5,2.61,1.87,5,-3,2.95,-0.5,,-0.79,-3.6,-1.2,-1.97,2,-0.45,4.11,0.01,-1.2,3,,5,4.68,-4,-3,10.8,5.52,-0.6,-2,4.78,,12,30,10,-2,-1.06
Michigan St.,Nebraska,0,-0.4,0.36,-0.83,-1,2.19,0.39,-1.93,1,-14,-0.25,1.68,0.01,0.1,0.01,-0.37,,-0.88,1.59,1.3,-2.55,-4.25,-8.42,-1.01,-3.8,1.05,-5.28,-2.05,-0.93,-0.82,-0.82,-2.83,5,-2.4,-3.04,-7.5,1,0,0.01,-8.79,-2.16,-0.48,4,2.83,1.92,-2,-2,3.64,0,,4.06,-2.8,-9.3,8.62,-4,-0.88,-3.93,-2.2,-1.9,-6,,4,1.66,2,3,12.2,-2,0.6,-6,3.83,,28,24,10,-3,0.39
Minnesota,Michigan,-7.5,-9.32,-15.34,-14.02,-7.76,-8.2,-12.5,-6.28,-5,-5.5,-9,-9.84,-5,-9.68,-5.49,-16.21,,-10.78,-6.87,-10.88,-13.95,-16.03,-24.83,-13.13,-3.28,-11.44,-12.77,-11.3,-16.39,-5.35,-10.88,-5.53,-5,-3.85,-2.54,-12.5,-16,-12.5,-9,-1.83,-10.26,-19.51,-13,-8.96,-15.23,-11,-15,-9.55,-8,,-10.88,-15.5,-10,-15.62,-11,-1.63,-1.9,-16.1,-16.1,-6.9,,-15,-6.11,-12,-25,-11.4,-5.85,-7.3,-8,4.82,,35,13,10,-7,-12.54
Mississippi St.,Texas A&M,-5.5,-6.39,-10.48,-5.35,-8.27,-8.42,-6.35,0.66,1,-1.5,1,-12.53,0.5,-7.87,4.02,-5.94,,-4.31,1.08,-11.88,-12.25,-0.63,-3.17,5.36,1,-6.25,-1.93,1.99,-5.35,-1.17,-5.35,4.28,-15,4.79,4.49,4,-10,-3.5,-1,-3.21,0.69,-6.84,-6.5,-5.86,-10.58,-4.5,-5,-6.21,-5.5,,-1.69,-10.2,-16.4,-5.86,-7,-3.66,0.71,-13.54,-8.3,-3.15,,-7,-0.4,-5,-1,-5.9,1.62,-3,-4,5.32,,38,13,10,-4,-6.97
NC St.,Virginia,10.5,18.17,20.38,14.55,15.76,13.45,17.85,14.6,25,28.5,18,20.44,16.5,19.1,12.15,15.4,,17,15.97,17.07,19.25,23.47,18.18,9.77,11.97,19.2,15.5,19.88,25.48,18.11,16.45,18.67,23,20.14,19.42,31.8,17,14,13,16.15,20.24,12.63,13,16.45,20.64,18,10,13.29,11.5,,18.57,13.3,13.5,41.17,14,2.27,7.59,13.49,13.5,15.1,,22,14.47,8,14,28.5,20.9,11,12,4.76,,33,6,10,12,13.95
Navy,Florida Atlantic,17,13.47,12.48,18.54,14.21,13.48,20.53,22.94,15,18,19,14.09,17.5,12.08,15.19,12.19,,17.67,16.87,14.84,18.85,31.38,30.23,24.52,6.04,11.78,18.21,28.6,24.84,17.88,17.88,22.48,21,22.56,20.17,34.5,23,15,21,14.63,20.88,11.44,11,9.06,9.88,19.5,16,10.28,17,,19.85,11.5,15.2,11,21,14.75,12.84,18.76,19.5,13,,18,18.56,11,28,15.7,25.41,3.8,12,5.56,,17,24,10,13,17.13
North Texas,Arkansas St.,-4,-4.18,-0.47,-6.28,-4.81,-3.3,-6.66,-7.07,1,-17,-5,-2.19,-3,-3.42,-3.29,-0.41,,-3.91,-3.95,-4.28,-5.05,-9.78,-7.24,-14.2,1.62,1,-4.22,-0.72,-4.53,-4.85,-4.18,-6.26,-2,-5.46,-4.58,-10.2,-7,-4.5,-6,-7.25,-6.02,-4.54,5,2.24,1.28,-8.5,-5,-2.95,-4,,1.66,-3.8,1.1,-12.62,-6,-7.64,-0.23,-3.67,-1.4,-7.65,,-3,-5.33,-3,-1,6.5,-9.32,0.3,-7,4.04,,37,19,10,-7,-6.31
Northern Ill.,Massachusetts,35,36.01,41.51,32.37,29.75,35.92,33.02,24.85,49,40.5,40,44.39,34,38.97,36.22,44.44,,36.39,31.6,44,40.85,43.59,32.81,40.09,17.87,37.38,32.81,36.71,54.95,42.38,36.04,35.47,44,38.39,37.41,58.2,38,36,36,28.08,34.92,36.09,,33.98,44.77,30,27,33.87,35,,28.26,43.5,,56.91,34,7.27,15.97,32.06,37.1,32,,42,28.88,28,36,31.7,52.21,28.2,35,7.50,,0,63,10,33,36.06
Notre Dame,Pittsburgh,16,30.37,30.03,20.35,27.23,26.64,21.31,36.36,35,26,25,31.37,26,29.44,38.98,21.52,,26.77,23.92,31.89,29.05,40.16,13.81,34.14,26.13,24.93,27.17,44.35,19.95,35.91,26,39.97,31,34.92,35.62,68.5,21,17.5,24,15.76,28.56,20.14,14,20.42,26.12,28.5,19,19.83,17.5,,26.76,22.2,20.3,20.51,24,38.37,13.69,23.09,29.2,22.05,,27,25.45,10,18,27.3,34.62,20.7,11,8.90,,26,29,10,19,20.52
Ohio,Eastern Mich.,16.5,14.58,11.02,13.78,18.66,12.37,8.21,17.88,28,32.5,28,19.91,25,14.45,24.08,13.22,,17.09,6.81,13.68,10.85,32.34,14.99,26.54,14.48,11.15,12.4,27.33,15.17,23.51,15,29.74,15,29.99,27.43,43.4,16,15.5,11,25.15,22.19,11.68,15,9.38,10.81,18,13,12.06,16.5,,20.23,15.3,15.3,18.27,15,2.91,8.38,10.23,12.1,15,,14,14.49,10,15,28.8,28.91,12.4,20,7.54,,14,45,10,21,16.25
Ohio St.,Illinois,27,28.23,32.11,23.6,29.96,25.65,26.8,29.96,39,45.5,36,31.77,32.5,28.37,30.15,23.77,,29.89,27.63,30.23,33.85,47.34,32.18,34.76,30.53,29.11,27.83,33.68,40.07,38.82,28.37,40.92,40,39.44,39.3,64.7,26,24,29,32.79,36.52,19.38,24.5,24.62,31.77,34,19,19.3,27,,25.98,28.1,23.2,38.27,26,8.89,15.65,22.93,24.3,25.8,,26,24.4,15,24,29.6,37.92,24,25,7.82,,22,52,10,28,25.75
Oregon St.,Arizona St.,3,7.15,4.63,2.83,9.68,3.33,4.24,16.04,11,3,13,2.87,10,5.02,15.75,13.26,,8.21,9.48,1.65,0.35,17.09,0.92,14.8,8.25,8.44,5.76,22.09,6.57,14.12,6,19.57,22,20.22,18.18,34.9,1,4,4,4.27,12.81,3.34,10,5.71,6,4.5,5,2.31,3.5,,0.95,4.3,-2.7,10.86,6,19.8,5.4,2.29,6.6,6.5,,5,7.56,1,4,17.9,13.89,6.2,-3,6.90,,26,36,10,6,3.91
Purdue,Penn St.,-3.5,-1.84,-3.44,-2.52,-4.23,-2.11,-10.23,-3.53,-4,-31.5,-5,0.8,-2.5,-1.27,1.72,-6.43,,-5.57,-7.35,-0.82,-11.55,-12.38,-2.08,-10.68,-2.75,-0.89,-7.07,-0.15,-20.53,-7.12,-4,-7.22,-17,-9.18,-6.87,-13.4,-7,-3.5,-9,-14.14,-8.57,2.6,-7,-0.01,-1.76,-15,-4,-1.85,-3.5,,-3.24,-11.8,-1.8,-9.24,-3,-1.81,-2.56,0.28,-1.8,-8.7,,-4,-3.91,-5,-11,6.7,-8.73,0.8,-8,5.85,,34,9,10,-7,-3.36
South Alabama,Florida Intl.,-3.5,1.58,3.24,-3.93,10.93,0.23,-1.25,2.95,7,15,4,2.65,5.5,1.55,2.31,-3.38,,1.22,-1.11,-0.84,-3.25,1.47,-8.73,-5.96,3.43,4.59,0.51,4.15,3.57,3.68,1.28,6.14,-1,8.35,7.64,11.5,-3,-4.5,-7,9.55,3.28,-9.77,,4.96,4.95,0.5,-2,-1.43,-3,,0.01,5,,3.57,-5,2.43,2.94,-2.54,-6,2.35,,-1,0.48,-4,1,12.1,12.16,1.5,2,5.24,,28,20,10,1,-4.71
South Florida,Connecticut,7.5,9.83,11.27,10.68,5.31,9.58,10.19,5.92,6,7.5,5,11.7,6,10.86,8.26,9.97,,8.14,9.25,10.17,12.15,9.16,4.14,4.25,2.89,9.43,9.38,8.41,10.17,6.09,8.7,5.27,13,3.66,4.6,7.7,10,9.5,8,6.12,7.46,8.96,12.5,9.75,11.58,13.5,9,7.36,7.5,,4.63,12.7,8.7,13.08,9,0.32,4.97,9.77,10.3,2.25,,9,8.59,4,6,14.6,6.4,8.1,2,2.99,,6,13,10,3,10.24
Southern Miss.,UAB,3,-1.24,-0.49,6.15,-9.26,-2.45,5.38,1.39,2,-15.5,-4,-2.61,2.5,-1.51,1.45,5.83,,1.57,0.4,-4.72,-0.75,0.94,-4.44,11.07,3.71,1.74,7.92,-0.63,0.13,-5.59,1,-0.51,-1,0.11,0.13,-1.5,7,3.5,7,-6.05,2.43,10.9,-1,1.9,0.56,2,9,-0.24,3,,-4.62,0.8,-1,-4.68,1,1.29,5.64,9.05,5.7,-3.8,,2,0.1,9,4,5.3,-16.15,-1.2,-8,5.37,,27,19,10,-1,5.34
Tennessee,Troy St.,18.5,14.72,16.22,20.64,5.97,12.77,21.36,18.78,9,9,16,18.96,12.5,14.15,27.49,16.84,,15.87,21.79,17.2,20.35,24.56,11.89,23.15,7.17,14.17,25.58,11.05,1.91,10.29,16,12.35,20,11.98,7.89,19,21,20.5,23,6.55,15.14,13.64,19,13.52,16.8,28,15,16.01,18.5,,15.71,11.2,21.5,8.37,19,20.16,9.74,20.11,25.5,6.45,,19,18.87,10,15,24.7,16.89,10.7,2,5.89,,48,55,10,8,20.24
Texas Tech,Texas,6.5,8.03,11.82,0.23,13.5,5.37,0.27,8.66,10,15.5,11,10.18,9.5,8.16,9.66,3.64,,7.65,8.94,7.32,4.75,6.81,5.2,7.74,7,11.15,2.42,10.3,12.52,5.91,7,8.93,5,5.68,6.51,9.8,3,5,4,7.73,6.32,0.72,6,10.08,11.58,7,4,5.43,6.5,,13.78,20.2,16.1,-10,10,7.98,3.89,6.54,2.8,3.2,,6,7.34,-1,3,27.1,5.05,2.6,5,4.84,,31,22,10,6,7.05
Tulane,Rice,-6,-6.6,-9.59,-8.29,-10.84,-5.25,-8.1,3.58,-5,-9,-4,-7.32,-2.5,-8.42,7.62,-9.96,,-5.44,-1.12,-7.82,-9.35,-0.09,-12.77,-5.19,-2.57,-5.67,-9.08,5.28,-11.2,-0.29,-6,3.97,-12,2.77,3.18,3.5,-12,-4.5,-5,-2.59,-0.65,-6.79,-5.5,-5.25,-9.05,0,-5,-7.38,-6,,-5.92,-13.2,-8.3,-17.87,-3,0.85,3.06,-7.97,-10.9,-3.1,,-12,-1.63,-8,-7,-13.7,-5.19,-6.2,-9,4.97,,49,47,10,-6,-7.07
UCLA,Arizona,3,0.2,-2.06,0.8,2.72,-1.49,-2.87,-3.95,6,-2.5,3,-0.01,3.5,1.14,1.88,6.13,,0.27,-4.88,-2.28,-4.75,-1.69,4.79,-2.78,1.05,-1.09,-4.3,-3.93,1.55,-0.21,0.34,-0.74,-5,0.35,0.34,-6,0.01,1.5,-4,1.74,0.58,1.86,2,0.56,-0.87,5,4,-1.58,2.5,,-2.49,4.3,-2.4,15.02,1,-18.22,3.56,5.07,0.5,-2.35,,1,-4.76,-1,3,20.1,-2.83,-0.5,-3,3.97,,10,66,10,3,1.73
UNLV,New Mexico,3,-1.19,-0.64,1.79,-4.13,0.01,3.61,-3.05,-9,-3.5,-9,0.83,-7,-0.62,-1.81,8.26,,-1.7,-1.43,1.01,0.55,-10.19,-1.77,-11.45,2.35,-0.55,0.6,-5.81,-5.47,-5.3,-1,-9.82,11,-11.28,-8.72,-19.8,1,4,2,-0.48,-4.16,1.12,5.5,2.85,1.58,-9.5,3,-0.3,2.5,,-1.75,-0.5,-2.7,12.2,-1,1.82,1.55,3.98,-2.2,-7.6,,2,-4.2,2,-1,-4.4,-11.59,-0.4,-10,5.34,,7,35,10,-3,3.47
USC,Oregon,-8,-4.07,-13.59,-4.55,-9.1,-7.63,-6.67,-3.79,-7,-17,-10,-9.85,-6.5,-3.91,-8.7,-10.13,,-7.25,-12.06,-10.95,-11.25,-4.34,-5.55,-8.48,-5,-10.06,-7.25,-7.35,-15.86,-9.33,-7,-6.14,-7,-6.6,-7.11,-13.7,-6,-6,-7,-9.26,-2.19,-1.05,-5,-8.89,-13.84,-7,-3,-3.35,-8,,0.01,-8.8,-10.7,-3.05,-6,-4.22,-2.91,-4.32,-6,-10.1,,-2,-9,-3,-7,8.6,-10.41,-11.4,-16,4.21,,62,51,10,-11,-5.4
Utah,Washington St.,12,14.05,13.51,11.54,13.22,11.1,11.8,12.88,12,17,14,15.84,12,14.61,23.92,11.72,,13.59,13.8,14.11,12.15,20.03,19.54,22.75,9.47,11.54,15.97,7.97,11.65,11.71,13.19,15.5,15,13.19,11.55,19.5,12,12,14,12.37,15.27,18.16,14,10.75,12.78,14,13,10.69,12,,14.55,10.9,13.8,17.39,15,3.05,7.09,13.85,15.1,7.55,,15,12.9,9,14,21.2,15.4,6.1,7,3.36,,6,49,10,9,12.08
Utah St.,Texas St.,26,22.56,29.48,27.74,21.74,19.73,26.84,15.3,25,36,21,27.28,20,24.52,17.87,21.69,,23.29,22.92,25,26.55,30.72,29.14,23.12,9.98,21.54,24.12,13.08,34.33,20.29,23.91,17.85,33,18.28,16.9,26.9,30,24.5,25,24.55,25.53,23.81,,20.03,25.57,17,20,17.72,26,,34.28,32.4,,9.77,25,8.94,12.43,27,28.1,14.05,,28,19.7,9,18,27.9,25.53,20.2,14,5.96,,7,38,10,22,26.45
Wake Forest,Boston College,3,-0.32,3.56,-0.25,7.02,1.09,2.72,11.96,9,-9.5,7,-0.59,8.5,-2.41,17.52,0.41,,4.73,6.85,-1.16,3.65,12.78,-0.11,14.84,4.2,5.09,4.17,23.74,8.46,10.01,4,14.71,5,14.24,13.93,20.8,-2,3,3,-1.87,8.99,-1.36,0.5,4.16,3.54,2,2,-0.35,3,,0.34,7.1,0.3,-1.52,3,1.49,6.98,-3.66,1.9,5.45,,-2,4.88,2,4,-4,9.42,-0.2,2,6.08,,14,28,10,5,1.42
West Va.,TCU,3.5,-0.6,-3.54,3.83,-2.65,3.72,1.21,14.27,3,-11,4,1.74,3.5,-2.55,14.94,-2.38,,2.05,4.11,0.57,0.45,9.81,-11.87,6.55,5,0.84,9,12.43,-1.46,10.42,1.7,12.95,-10,11.17,11.28,18.2,-4,7,0.01,1.62,7.33,1.92,5.5,0.54,-1.45,8.5,1,-1.82,3.5,,-4.01,-9.7,-5.4,-4.97,-1,15.77,8.22,-0.41,1.7,4.05,,3,2.15,-3,-1,-10.6,3.12,-1.1,1,6.38,,39,38,10,5,3.52
Western Kentucky,Middle Tenn.,8.5,11.39,9.83,10.56,16.45,8.39,14.5,12.49,16,5.5,14,7.26,12,11.43,5.04,8.64,,12.02,7.46,9.29,15.05,16,14.72,17.83,7.41,7.55,12.25,17.73,14.18,9.67,12,14.48,10,13.92,10.97,20.5,20,10,11,3.16,13.36,21.24,,7.39,8.25,10.5,14,9.37,9,,10.91,13,18.3,9.48,13,0.71,5.11,14.69,15.8,5.05,,16,9.2,6,14,22.2,10.44,7.1,6,4.30,,34,29,10,7,12.53
Wyoming,Colorado St.,7,4.33,6.56,9.1,1.04,5.69,6.54,0.14,5,5.5,5,6.24,5,5.35,2.1,11.95,,5.55,7.02,3.35,5.45,1.97,5.15,8.46,4.05,5.51,7.15,5.53,4.67,2.58,5.5,0.01,17,0.75,1.24,0.2,10,8.5,4,8.61,3.73,8.65,14.5,6.09,6.98,-4,9,5.62,7,,3.82,4.5,2.2,10.47,6,-5.4,6.21,4.87,8.3,-1.4,,3,5.55,5,10,13.4,2.25,4,1,3.72,,31,45,10,2,8.49
Akron,Massachusetts,14.5,13.47,15.71,11.28,12.5,13.86,5.99,-0.84,15,3,22,20.18,14,16.62,13,12.98,,12.13,8.89,19.27,16.45,4.94,18.73,0.75,8.6,12.94,8.33,3.46,21,11.12,12.71,5.1,21,6.33,5.95,8.7,12,13.5,14,3.96,5.51,12.91,,15.02,17.89,11.5,7,20.61,14.5,,9.45,19.5,,13.95,13,-3.04,4.91,14.02,12.4,5.65,,13,8.37,10,11,31.2,19.3,13.4,13,5.85,,22,14,11,12,17.01
Alabama,Texas A&M,13.5,12.08,11.08,14.73,17.79,10.39,16.3,12.37,15,19.5,24,10.04,25.5,11.8,15.43,11.56,,13.91,15.72,11.74,9.15,7.5,16.93,19.64,9.5,10.01,16.51,15.76,11,14.08,13,19.05,12,12.63,14,24.8,11,14,13,16.81,6.8,8.74,10,9.99,10.41,11,11,15.67,13.5,,12.02,9.6,3.9,-3.65,13,25.02,14.13,11.1,13.9,8.65,,13,12.47,16,22,28.7,15.99,13.6,7,4.66,,29,24,11,13,12.28
Arizona,Colorado,28.5,29.47,36.7,28.66,37.14,30.6,27.22,31.08,40,6,41,34.59,32,29.22,30.9,30.05,,31.14,26.48,33.72,30.75,47.03,43.54,35.3,22.75,29.7,30.18,34.21,35.5,34.81,31.5,35.32,42,34.19,31.83,56.3,29,31,32,8.72,33.52,26.15,22,27.47,33.46,19,22,33.1,29,,39.71,34,35.7,45.19,31,9.23,11.44,24.97,33.4,23.5,,28,25.75,19,21,34.2,36.48,26.3,29,7.53,,31,56,11,25,29.32
Arkansas St.,Louisiana-Monroe,7,-0.98,-1.35,1.06,0.92,-3.16,6.01,2.8,1,3,5,-0.39,5.5,-1.88,1.8,-5.67,,1.68,3.59,-3.71,1.65,0.03,-10.06,6.82,-4.93,1.13,1.26,4.25,3.5,1.54,1.8,6.13,-9,3.1,3.96,5.2,8,4,6,1.49,2.44,5.16,0,-0.43,-2.43,5.5,2,-2.88,6,,1.66,6.7,-3.3,-31.11,3,-2.17,-0.01,2.2,2,0.95,,8,1.47,1,-3,12.3,-0.78,3.3,-2,4.09,,23,45,11,2,4.1
Auburn,Georgia,-14.5,-16.44,-17,-15.63,-30.79,-13.89,-15.74,-22.99,-22,-18,-23,-18.38,-20,-15.65,-20.8,-8.82,,-18.46,-16.69,-17.76,-19.55,-30.83,-23.92,-17.3,-17.57,-15.77,-17.46,-25.45,-14,-25.17,-17.5,-25.93,-22,-25.98,-25.42,-49.4,-14,-15,-17,-11.36,-22.8,-9.14,-15,-11.4,-17.01,-26.5,-13,-12.66,-15,,-17.61,-23.1,-17.6,-1.59,-16,-44.93,-4.71,-10.17,-17.5,-22.35,,-18,-14.71,-6,-15,-14.9,-27.86,-12.7,-20,6.54,,38,0,11,-20,-19.74
BYU,Idaho,40.5,37.54,46.93,36.67,46.03,34.09,41.31,22.43,47,50.5,29,42.95,27,41.37,21.63,37.28,,36.87,33.73,43.45,49.15,41.61,35.44,36.18,16.76,35.57,39.06,26.15,43.5,31.4,37.28,29.28,46,27.97,26.49,48.6,46,37,42,33.78,33.21,40.59,31,36.27,45.57,37.5,34,30.11,40.5,,41.2,56,39.8,49.66,42,18.22,17.07,37.16,41.6,23.85,,46,28.82,21,49,31.4,39.23,29.2,25,8.72,,13,52,11,30,41.56
Boston College,Notre Dame,-20,-29.7,-31.03,-19.82,-35.17,-25,-24.87,-36.33,-31,-42,-27,-29.51,-29,-28.7,-40.06,-28.67,,-29.09,-24.76,-30.42,-30.95,-45.42,-27.56,-35.95,-21.46,-26.88,-26.52,-41.68,-31.5,-38.03,-28.2,-41.36,-37,-36.56,-38.74,-74.8,-22,-18.5,-25,-27.79,-31.93,-19.34,-21.5,-20.98,-29.75,-26.5,-19,-20.81,-21,,-32.34,-35.3,-26.8,-40.64,-23,-34.99,-13.58,-18.45,-27.1,-32.05,,-21,-23.52,-16,-18,-28.2,-36.8,-20,-21,9.08,,21,6,11,-26,-21.61
Buffalo,Western Mich.,-2.5,-4.48,-4.11,0.49,-3.94,-2.19,-3.28,-3.75,-2,-9,-2,-4.74,-0.5,-4.81,-1.9,-0.17,,-3.18,-0.79,-4.28,-6.65,-7.39,-0.69,-9.7,-2.73,0.8,-5.47,-3.26,-7,-1.74,-3,-1.88,-1,-0.7,-1,-1.2,-5,-3.5,-2,-3.66,-2.37,-3.74,3.5,1.49,-0.12,-4,-3,-3.01,-2.5,,-0.41,-5.3,-1.7,0.41,-2,-0.65,1.67,-3.29,-6.4,-4.5,,-9,-1.52,-3,-7,-6.9,-6.82,1.3,-6,2.73,,24,29,11,-5,-4.41
California,Oregon,-28.5,-19,-24.63,-19.67,-30.6,-18.43,-24.62,-21.88,-31,-37.5,-32,-24.41,-26,-18.59,-38.22,-22.33,,-24.1,-26.47,-21.93,-26.85,-29.33,-30.42,-27.54,-21.06,-21.36,-20.92,-25.43,-29.5,-26.37,-23.9,-28.51,-27,-25.74,-25.02,-46,-23,-27,-22,-24.12,-21.98,-18.5,-17,-17.4,-24.91,-26.5,-16,-14.84,-27.5,,-22.84,-20.9,-24.3,-26.88,-20,-20.65,-10.73,-20.46,-23.9,-23.9,,-22,-21.59,-14,-17,-18.6,-29.99,-18.4,-30,5.93,,59,17,11,-27,-23.11
Clemson,Maryland,32,24.59,29.22,24.39,24.43,21.95,26.25,20.63,32,45.5,27,26.56,25.5,25.25,16.95,27.6,,26.48,25.73,27.47,29.95,40.83,33.34,22.7,22.89,26,23.32,26.49,35,26.88,26.25,26.85,25,30.88,27.42,47.9,26,28,26,30.23,31.24,27.03,28.5,23.38,29.09,27,21,17.67,31,,28.4,30.7,24.4,19.38,24,4.53,14.97,18.6,27.7,20.8,,30,21.88,13,17,30.4,29.9,18,19,5.91,,10,45,11,24,34.62
Colorado St.,UNLV,0,-2.53,-4.02,0.01,0.39,-2.09,-5.33,-0.9,1,-16,-1,-3.63,0.5,-3.01,-1.43,4.79,,-1.91,-5.47,-4.37,-6.15,-1.03,-8.9,10.44,1.93,-1.52,-1.44,-0.51,-6.5,-1.17,-1.2,0.71,-16,1.56,1.4,-1.6,-1,-2.5,-4,-6.84,-0.01,1.19,-9,-2.1,-5.02,-0.5,2,-2.28,0,,-1.19,-0.6,-0.5,-0.8,-1,-0.13,2.32,4.25,-1.2,-3,,-6,-2.61,-1,-1,6.4,-3.87,-1.6,-4,4.23,,11,33,11,-1,-5.58
Connecticut,Pittsburgh,-3,-7.78,-11.22,-2.68,-4.77,-6.38,-13,-3.53,1,-18.5,-5,-6.15,-7,-8.84,2.08,-9.83,,-7.26,-11.17,-8.43,-11.85,-11.67,-13.31,-0.57,2.07,-11.07,-11.96,-4.9,-16,-6.26,-7,-3.08,-9,-5.3,-6.61,-17.2,-8,-4.5,-9,-10.82,-7.83,-5.21,-14,-8.89,-13.88,-9.5,-4,-3.15,-4,,-11.67,-8.2,-8,-12.56,-3,-2.77,-3.13,0.44,-7.3,-9.75,,-6,-4.88,-6,-7,-6.1,-9.79,-8.7,-7,4.46,,17,24,11,-4,-7.74
Eastern Mich.,Central Mich.,-3,-2.68,-2.42,-0.1,-4.8,-2.05,-0.88,-2.15,-7,8,-7,-2.22,-4.5,-3.06,-4.99,-6.15,,-1.96,2.93,-3.89,-3.45,-4.25,-4.39,-2.87,2.22,0.27,1.95,-3.07,-2,-4.04,-2.15,-4.56,2,-6.92,-4.66,-13.2,-1,-2.5,0.01,5.55,-1.69,3.85,-2,0.4,-1.26,-8.5,-2,-2.59,-3,,0.14,-7.3,-3.5,-9.06,-2,-0.53,3.1,-1.41,-1.8,-5.55,,-3,-0.51,-3,-1,13.4,-9.52,0.1,-7,3.99,,34,31,11,-5,-3.74
Florida,Louisiana-Lafaye,27.5,26.35,29.1,26,26.63,22.37,28.35,31.38,24,48,27,28.41,27.5,25.29,38.5,26.77,,27.6,23.92,29.04,31.35,37.81,45.8,22.83,24.55,24.94,31.65,36.6,16,27.06,27,29.41,38,28.62,27.82,54.5,27,27,26,32.45,27.55,19.66,16.5,22.66,27.81,32.5,19,21.46,27.5,,22.75,22.2,32.3,21.32,22,48.18,16.91,27.35,31.5,19.45,,31,22.68,14,34,29,29.87,21.7,9,7.51,,20,27,11,21,26.85
Hawaii,Boise St.,-27.5,-25.32,-32.78,-26.32,-29.95,-25.12,-30.98,-20.92,-30,-26.5,-25,-31.07,-22.5,-26.52,-19.86,-35.33,,-27.32,-28.8,-30.98,-32.55,-36.56,-34.89,-24.88,-16.46,-27.64,-21.46,-25.13,-42,-31.41,-26.5,-25.45,-41,-26.46,-25.29,-46.7,-27,-29,-29,-18.54,-28.32,-24.52,-26.5,-24.96,-34.61,-25.5,-21,-19.79,-27.5,,-30.3,-26.3,-17.7,-51.79,-22,-18.91,-10.59,-19.9,-25.2,-25.8,,-29,-21.19,-22,-31,-29.2,-38.35,-27.5,-24,6.15,,49,14,11,-26,-27.1
Houston,Tulsa,-3.5,-6.28,-8.68,-2.87,-6.95,-5.26,-4.4,-7.67,-8,-8,-11,-9.02,-8.5,-6.17,-10.1,-6.22,,-6.23,-6.13,-7.66,-5.95,-15.72,-0.58,-6.53,-3.85,-5.81,-7.86,-7.54,-4.5,-8.42,-6.28,-8.42,-7,-10.07,-8.68,-19,0.01,-2.5,-5,-3.7,-9.11,-4.69,1,-3.93,-6.85,-12,-1,-7.61,-4,,-10.41,-2.1,-8.9,3.71,-4,-6.03,0.6,-4,-6.9,-10.8,,-1,-5.11,-1,3,-14.2,-10.46,-4.1,-11,3.82,,41,7,11,-6,-5.16
Illinois,Minnesota,-2.5,-5.97,-6.74,-3.79,-6.3,-6.29,-4.77,-4.76,-8,-10.5,-6,-9.42,-4,-6.37,2.18,-3.52,,-5.44,-4.69,-9.31,-9.15,-9.83,-9.96,-3.93,-2.72,-4.69,-4.12,-6.42,-10,-9.4,-5.97,-6.33,-9,-7.32,-7.56,-13.2,0.01,-2.5,-6,-5.83,-7.12,1.09,-1,-3.83,-7.04,-4.5,2,-4.64,-3,,-6.55,-7.8,-5.9,3.03,-4,-1.92,-1.16,0.34,-2.8,-10.95,,-4,-2.86,-2,1,-7.6,-12.75,-6.3,-10,3.48,,17,3,11,-7,-4.95
Indiana,Wisconsin,-7.5,-4.24,-4.48,-8.9,-4.41,-5.31,-10.83,-4.61,-4,-9,-7,-6.72,-5,-4.34,-2.8,-10.74,,-7.56,-5.13,-7.06,-11.35,-16.92,-9.63,-13.64,0.32,-5.26,-7.71,-4.93,-5.5,-6.79,-7,-5.15,-4,-7.16,-7,-16.3,-16,-6.5,-8,-5.02,-10.02,-12.4,-7,-3.25,-6.31,-5.5,-13,-7.73,-7.5,,-3.51,-8.5,-3.4,-11.44,-7,-1.75,-1.05,-11.02,-12.7,-8.1,,-12,-4.12,-12,-14,-10.5,-8.65,-5,-5,3.53,,62,14,11,-7,-9.83
Iowa,Purdue,5,5.42,9.26,1.9,5.59,4.4,7.34,5.92,11,14.5,4,4.38,3.5,5.16,5.4,7.84,,6.61,9.85,3.53,7.65,12,1.15,9.38,3.33,6.08,5.41,6.62,14.5,6.56,6,8.36,21,7.21,6.22,7.9,6,3.5,5,10.69,7.94,0.97,5,7.51,7.73,10,4,1.62,5,,5.42,8.1,5.4,-4.76,5,2.07,6.89,1.71,2.2,4.1,,4,7.18,6,7,14,9.35,3,2,3.58,,27,24,11,4,6.92
LSU,Mississippi St.,15.5,11.89,13.38,19.76,12.45,10.31,20.61,14.21,15,23,9,12.42,10,11.49,12.96,17.46,,14.25,14.7,12.66,18.05,13.06,17.44,11.78,11.5,12.67,20.19,15.48,9.5,11.21,13.38,14.04,22,9.96,7.72,15.1,20,15,14,16.43,10.42,12.76,8,12.49,14.38,14.5,13,8.84,15.5,,11.22,23,11.6,21.25,13,23.33,9.87,16.37,20.1,5.65,,16,11.4,10,20,15.8,9.03,13,4,4.26,,17,37,11,10,16.27
Memphis,Tulane,1.5,3.97,3.98,1.04,6.94,0.94,-3.79,1.58,-4,-6,-1,4.54,1,4.3,2.67,0.91,,0.78,0.23,1.35,-2.15,1.86,-7.59,7.82,6.03,4.2,3.26,0.45,-4.5,-1.11,0.58,0.22,6,-3.2,-1.9,-7.4,4,0,-4,-3.98,1.6,-0.94,5,5.07,4.86,-4,-2,0.91,1.5,,8.47,5.2,5.3,17.56,0.01,1.17,-1.95,2.32,0.6,-4,,-2,0.58,-2,-3,14.9,-3.51,3.1,-2,4.13,,23,37,11,-2,-0.01
Miami (Ohio),Kent,-6.5,-10.58,-16.1,-4.06,-10.6,-12.31,-12.57,-9.05,-15,-39,-12,-13.89,-10.5,-11.19,-7.12,-14.24,,-12.01,-12.88,-13.71,-15.45,-20.81,-4.35,-19.17,-13.43,-12.41,-13.47,-10.87,-24,-16.11,-11.36,-11.36,-18,-14.11,-12.09,-22.3,-6,-6,-13,-21.07,-14.72,-7.57,-4.5,-9.92,-14.93,-11,-2,-10.81,-7.5,,-13.13,-8.1,-7.9,-18.88,-6,-3.14,-3.13,0.11,-9.3,-15.55,,-10,-7.14,-8,-7,-14.5,-17.44,-9.6,-15,5.95,,48,32,11,-10,-9.35
Michigan,Northwestern,8.5,7.98,10.61,9.3,7.32,7.95,11.12,5.29,6,6.5,8,10.52,5.5,8.31,6.45,12.03,,9.15,5.98,8.79,12.05,8.61,9.53,6.16,4.25,8.83,13.74,5.26,12.5,4.78,8.83,5.34,-1,2.45,2.59,3.6,17,12,9,5.84,6.67,18.31,10,9.32,10.98,11.5,15,8.88,8.5,,8.85,19.3,9.4,7.91,11,1,5.18,17.62,16.6,1.15,,19,5.04,8,14,22.6,1.58,3.5,3,4.83,,31,38,11,5,10.11
Mississippi,Vanderbilt,2.5,4.44,4.46,0.57,3.63,7.03,-0.23,0.92,9,3.5,-1,5.53,2.5,4.87,6.47,0.01,,2.34,2.66,4.59,0.65,-1.11,-0.61,2.13,7.13,4.97,-0.42,2.45,3.5,5.04,2.61,1.72,5,2.61,4.12,2,-2,3,-1,3.77,3.81,-6.98,10,5.47,5.18,1.5,-3,3.26,2.5,,-0.29,4.1,0.5,5.62,3,0.8,4.03,-0.47,0.01,1.1,,-6,3.08,2,-1,10.1,5.6,3.7,-4,3.42,,27,26,11,-1,1.82
NC St.,Wake Forest,8.5,10.72,7.02,12.91,11.26,10.05,5.98,2.65,10,3.5,7,13.2,6,12.02,3.38,7.5,,7.64,1.15,10.36,8.15,4.06,0.52,5.47,9.36,6.51,12.04,4.04,6.5,4.9,7.17,3.59,15,2.37,2.47,1.5,12,9,5,3.14,6.42,10.46,6.5,7.55,7.32,8,8,9.04,8.5,,13.34,12,12.1,2.42,9,0.3,2.77,13.86,6.9,0.55,,9,4.64,4,8,22.9,5,9.9,4,4.18,,6,37,11,,4.84
Nebraska,Penn St.,8.5,6.83,7.49,10.99,8.88,2.5,5.41,12.13,7,13.5,9,6.36,8.5,5.66,13.9,6.52,,8,6.57,4.39,5.55,11.97,0.43,7.21,7.8,7.86,8.79,14.67,-2.5,7.28,7.49,13.75,9,9.15,10.46,17.6,6,8,5,10.93,9.28,14.13,5,6.95,7.23,7,11,1.16,8.5,,9.44,10.7,12.7,11.59,12,3.62,8.35,11.82,10.4,4.7,,7,6.48,4,4,10.1,7.01,4.9,3,3.65,,23,32,11,5,7.19
Nevada,Fresno St.,-3,-6.6,-8.48,-2.6,-4.97,-5.87,-5.92,-2.46,-2,-22,-6,-9.71,-3.5,-7.88,-5.61,-3.08,,-5.18,-7.4,-9.88,-8.75,-7.89,-2.75,-3.2,-0.4,-4.95,-6.21,-2.52,-9.5,-4,-4.97,-2.99,-1,-2.15,-2.11,-7.6,0.01,-3,-7,-9.88,-6.26,-1.58,-9,-3.92,-7.18,-3.5,0.01,-10.65,-3,,-5.44,-7.3,-11,-13.45,-6,-1.97,2.24,-2.2,-3.6,-6.15,,-4,-5.78,-1,1,-15.9,-6,-7.4,-6,4.03,,52,36,11,-2,1.32
New Mexico,Wyoming,-3,3.99,2.8,1.51,5.26,3.45,-6.47,4.9,13,-11,10,4.22,9,3.65,5.44,4.04,,2.81,2.1,2.07,-1.05,4.47,5.87,-0.38,2.77,3.22,1.62,5.29,7,5.81,3.05,9.36,-3,10.36,8.99,14,0.01,0,-2,-5.72,4.55,-3.98,-1,3.31,2.44,7,-4,3.05,-2,,4.5,5.8,5.7,15.05,3,-0.4,-0.44,-6.74,-1,3,,-6,4.33,-5,-3,18.9,8.58,2,5,5.22,,28,23,11,2,2.01
New Mexico St.,San Jose St.,-20,-25.55,-26.48,-17.46,-18.91,-21.4,-18.98,-23.74,-29,-35.5,-26,-25.91,-24,-26.07,-16.99,-23.92,,-24.26,-28.9,-25.52,-23.85,-35.86,-21.04,-27.87,-6.95,-26.43,-16.75,-26.38,-33.5,-29.56,-24.64,-30.66,-31,-29.29,-29.35,-55.6,-16,-20,-22,-23.76,-25.97,-12.7,-17,-20.67,-29.23,-25.5,-17,-19.79,-20.5,,-24.64,-25.3,-29.9,-38.93,-22,-30.94,-12.01,-17.19,-21.2,-27.25,,-25,-20.13,-13,-17,-29.7,-34.55,-16.9,-22,7.19,,47,7,11,-23,-23.27
North Carolina,Georgia Tech,8.5,11.59,9.48,6.12,9.06,11.15,7.19,11.16,13,18.5,16,12.11,13.5,11.63,3.66,7.72,,10.91,7.76,10.88,14.55,19.56,10.75,10.36,10.22,9.7,6.48,14.02,17.5,14.13,10,14.73,6,14.4,14.21,22.9,9,8.5,9,12.16,14.27,5.19,4.5,9,9.71,18.5,6,11.06,8.5,,17.48,10.1,8.6,4.21,9,1.95,5.82,8.86,9.5,9.25,,11,8.86,4,10,31.1,14.21,7,11,4.69,,68,50,11,9,8.8
North Texas,South Alabama,7,9.91,11.53,10.49,2.85,6.37,8.82,10.7,12,0.01,10,9.82,11,9.61,6.19,10.87,,9.75,9.62,8.94,9.65,13.22,7.83,13.56,3.39,12.06,8.42,12.9,6.5,11.89,9.96,14.57,3,12.38,13.31,22.1,13,9.5,8,3.67,10.16,12.6,,10.21,11.56,5.5,8,5.64,7,,13.82,5.4,,14.52,11,3.02,7.34,8.12,14.8,6.4,,12,8.29,7,10,15.4,12.12,10.8,4,3.62,,14,24,11,6,8.3
Ohio,Bowling Green,2.5,2.29,3.42,3.41,2.26,3.71,1.33,7.18,9,21.5,5,1.11,6.5,1.34,4.77,4.7,,4.93,0.55,4.97,2.05,15.06,5.15,14.88,6.89,3.75,3.41,7.39,1.5,8.49,3.75,10.64,11,10.36,8.92,11.6,2,3.5,2,12.49,8.69,4.85,12,4.41,3.61,2.5,4,1.59,2.5,,3.52,-2.6,1.8,5.11,6,1.05,3.48,0.85,1.4,2.15,,3,3.93,2,14,7.1,6.68,1.6,5,4.13,,26,14,11,4,4.6
Oklahoma,Baylor,21.5,17.45,25.05,20.9,30.59,16.55,15.44,20.45,19,28,30,20.92,22.5,16.59,22.42,22.21,,20.74,19.28,19.68,20.15,24.08,18.66,13.89,15.6,21.98,14.86,23.81,30,19.2,20.39,22.41,28,19.09,17.7,33.9,17,20,15,19.34,19.85,15.44,23,20.39,24.22,19,16,26.7,21.5,,30.7,25.3,21.4,38.74,19,17.08,10.68,21.81,21.6,14.7,,21,16.23,11,21,34.3,22.21,14.4,15,5.18,,34,42,11,16,20.1
Oklahoma St.,West Va.,10,12.32,18.6,11.46,14.14,10.26,14.97,3.52,12,29.5,17,13.29,12,13.77,3.26,16.66,,12.65,10.26,12.1,16.75,10.28,13.01,3.98,3.5,13.44,4.76,6.63,24,4.75,12.66,4.21,21,4.95,4.49,7.2,20,7.5,11,15.49,9.24,10.25,12.5,13.39,15.64,12,11,10.66,10,,22.89,24.9,21.7,38.74,14,-0.18,1.48,18.14,14.9,-0.3,,18,,7,18,33.3,9.1,10.6,9,6.80,,34,55,11,4,13.06
Rutgers,Army,17,23.48,19.97,19.87,20.88,19.66,18.84,19.7,35,26.5,26,20.47,22.5,24.06,15.89,20.67,,22.19,14.98,19.02,19.35,35.86,12.93,31.12,16.71,18.73,25.06,25.49,20.5,27.43,20.67,27.57,28,32.74,30.43,51.7,20,19,18,20.41,30.09,20.16,14.5,15.77,18.73,19,17,15.12,18,,30.85,17.5,21.3,21.23,22,4.07,14.33,15.87,21.1,20.75,,22,18.38,13,13,30.1,32.94,14.2,17,6.61,,7,28,11,21,19.8
SMU,Southern Miss.,14,19.02,20.88,15.26,22.37,17.08,16.56,17.45,21,28,22,21.88,16,19.26,15.99,12.96,,17.37,20.82,20.95,20.35,21.17,11.31,16.44,6.37,17.04,18.51,21.77,27.5,17.81,17.71,25.52,5,19.09,19.09,28.2,15,12.5,18,17.97,16.35,10.35,13.5,15.31,18.17,20,9,15.18,14.5,,24.37,20.4,18,22.09,17,26.63,7.95,9.1,13.8,14.9,,18,19.64,4,11,30.5,39.29,7.4,14,6.06,,6,34,11,14,19.57
San Diego St.,Air Force,7,13.9,14.71,7.86,10.52,9.85,13.45,12.08,13,18.5,14,13.49,12,14.1,15.37,7.32,,12.42,13.99,13.6,15.65,18.89,5.3,12.64,8.27,12.05,10.19,14.55,16.5,12.6,12.34,14.79,16,13.27,12.34,20,12,9.5,16,13.14,14.89,13.45,8,11.7,13.24,18.5,8,10.5,8,,13.69,12.1,11.8,17.15,8,3.25,7.78,8.58,13.4,9.7,,16,10.55,5,8,26,13.73,7.4,6,3.72,,9,28,11,8,11.38
South Carolina,Arkansas,13.5,20.62,20.09,12.41,24.11,16.69,9.07,21.9,28,5,23,21.93,20,20.29,24.31,20.59,,17.62,15.98,19.27,12.55,24.42,4.89,19.73,20.49,19.33,16.36,22.55,8.5,20.26,18,22.71,20,20.86,20.49,36.5,9,14,13,7.91,20.62,11.57,19.5,17.68,21.36,17,12,15.46,14,,23.28,14.5,16.8,27.02,18,43.82,10.82,13.13,22.6,12,,16,15.34,7,21,29,22.37,17.7,14,5.80,,20,38,11,13,14.13
Stanford,Oregon St.,4,1.06,0.54,5.47,1.68,1.62,7.09,0.38,3,6.5,2,0.24,4,1.03,2,6.33,,3.09,0.43,0.83,7.65,3.97,1.81,0.87,4,1.16,10.67,0.17,2.5,-0.26,2,-0.3,-6,-1.26,-1.05,-6,13,6.5,8,2.6,2.4,13.95,-5.5,2.78,1.64,12.5,7,1.12,4,,1.23,-0.9,-0.4,-12.97,-1,-0.39,-1.29,6.22,7.4,-2.45,,12,-0.51,7,10,4.5,-2.01,-1.1,3,4.43,,23,27,11,2,6.1
Syracuse,Louisville,0,-1.83,0.62,-0.51,-4.83,-1.5,-3.22,-9.36,-7,0.01,-12,-1.45,-11,-0.7,-13.45,0.64,,-4.85,-0.95,-2.35,-2.25,-18.72,-3.94,-16.79,-14.84,-1.74,-0.8,-13.94,-4.5,-13.01,-2,-15.94,-4,-17.9,-16.12,-29.8,-2,-2.5,-5,-0.95,-12.27,-7.09,1,1.53,0.1,-10,-2,-0.35,-0.5,,-3.6,2.4,3.9,8.73,0.01,-15.6,-1.9,1.97,-0.5,-12.25,,-3,-1.88,-2,-1,11.8,-15.75,-1.7,-9,6.91,,26,45,11,-9,-0.55
TCU,Kansas St.,-6,-12.22,-18.13,-7.17,-13.03,-16.72,-14.35,-16.23,-15,-25,-18,-19.22,-16,-11.67,-15.89,-5.69,,-13.65,-15.93,-20.63,-19.15,-12.31,-6.69,-14.86,-12.25,-15.35,-10.44,-19.12,-21.5,-18.62,-13.9,-21.1,-20,-13.54,-14.86,-30.6,-7,-7.5,-11,-14.01,-8.9,-8.41,-12,-13.04,-18.9,-16.5,-1,-13.9,-7,,-13.33,-7.2,-9.2,-35.19,-13,-27.87,-3.01,-6.37,-15.6,-20.75,,-10,-14.36,-4,-7,-13.1,-17.68,-13.5,-16,5.78,,23,10,11,-8,-11.3
Temple,Cincinnati,-8,-10.6,-19.25,-6.57,-14.82,-9.74,-14.65,-10.36,-17,-28,-14,-12,-10.5,-10.81,-4.96,-14.71,,-12.76,-12.99,-12.91,-10.75,-19.83,-13.12,-12.57,-3.57,-15.76,-10.94,-10.95,-10.5,-13.59,-12,-11.55,-24,-12.49,-13.56,-26.5,-10,-11,-11,-16.5,-15.81,-10.92,-15.5,-13.14,-19.8,-10.5,-9,-9.84,-9,,-15.95,-13.6,-12.5,-14.18,-10,-4.92,-5,-5.87,-12.3,-12.8,,-9,-10.46,-6,-18,-15,-17.39,-11.3,-15,4.71,,34,10,11,-12,-11.64
Tennessee,Missouri,3.5,1.41,2.12,1.87,4.01,0.54,-1.52,-1.39,5,-1,1,0.22,4,1.73,9.48,-4.1,,1.6,2.05,-0.25,-0.45,-1.86,-1.43,5.7,9.5,2.74,0.41,-2.24,1.5,0.93,1.34,1.34,8,0.19,0.27,-2.4,-1,3.5,0.01,0.22,0.87,0.68,5.5,3.42,2.86,2,0.01,-0.14,3,,6.28,2.4,2.1,-3.18,7,9.39,1.43,1.66,3,-2.95,,1,1.98,-1,-1,7.1,4.57,3.5,-1,2.87,,51,48,11,2,2.72
Texas,Iowa St.,10,7.74,4.5,7.73,11.67,6.57,5.13,7.82,13,6.5,9,6.52,9.5,7.59,4.49,7.2,,7.94,7.35,5.47,5.05,11.72,12.9,9.53,6.55,6.04,7.11,8.79,4,9.03,7.82,9.78,6,10.28,10.62,13.3,8,10,8,4.98,10.23,10.42,6,5.78,6.05,10,10,3.48,10,,2.73,12.4,8.3,-3.71,8,1.9,3.46,8.53,9.2,6.55,,10,6.46,7,10,7,10.34,3.5,5,2.47,,7,33,11,9,9.4
Texas St.,Louisiana Tech,-20.5,-12.78,-19.3,-21,-8.62,-13.04,-20.19,-12.17,-17,-19,-24,-18.32,-19,-13.05,-18.64,-15.36,,-17.34,-12.22,-18.16,-18.55,-29.81,-21.55,-22.16,-11.15,-12.51,-15.79,-13.73,-22.5,-18.7,-17.95,-15.29,-23,-17.58,-14.85,-29.3,-24,-20,-20,-13.24,-21.09,-21.44,,-11.11,-16.16,-20,-17,-12.97,-20,,-19.42,-23.5,,-20.51,-14,-17.77,-7.49,-17.77,-25.6,-17.2,,-20,-11.64,-12,-11,-17,-23.22,-15.2,-20,4.45,,62,55,11,-19,-18.13
Texas Tech,Kansas,24,23.37,25.08,21.57,33.88,18.91,15.15,24.9,29,31.5,27,23.84,25,22.91,30.12,23.42,,24.5,18.84,22.7,21.75,43.89,33.3,29.93,17.36,24.29,19.81,26.99,24,25.47,24,30.36,24,30.64,27.53,47.7,21,24,24,20.29,30.63,22.89,18,21.75,26.57,20.5,23,16.82,24,,29.96,28,31.4,18.36,22,27.02,9.08,22.46,20.7,19.15,,23,17.14,12,28,26.8,29.38,12.8,24,5.81,,34,41,11,24,25.83
Toledo,Ball St.,6.5,5.38,6.2,6.25,7.8,6.01,9.36,8.47,10,15,13,2.84,11,4.9,4.97,6.1,,8.27,7.8,4.51,7.35,15.69,4.27,15.91,12.41,7.96,4.32,10.56,7.5,9.97,7.5,10.55,10,11.25,10.66,16.5,8,7,8,10.29,11.48,7.02,4.5,6.91,7.15,7.5,7,4.24,6.5,,14.02,2.5,2,7.4,4,3.98,5.58,6.06,7.6,5.85,,10,6.62,5,14,18.9,9.71,6.6,5,3.56,,34,27,11,7,7.65
Troy St.,Navy,-3,1.13,-0.56,-1.67,1.03,0.01,-5.69,-10.67,4,-11.5,-7,0.94,-5,3.08,-8.6,-7.73,,-3.13,-4.07,-0.09,-4.15,-12.81,2.45,-10.95,5.62,-0.63,1.64,-12.63,-11.5,-6.4,-1.93,-9.81,4,-12.33,-10.89,-23.7,-3,-1,-6,-6.71,-7.17,5.4,-7,2.54,1.72,-9,0.01,1.06,-3,,-5.31,3.5,-1.4,-12.49,0.01,-6.04,-1.93,-1.6,-1.8,-10.75,,-2,-3.22,-2,1,10.8,-7.49,4.4,-5,5.79,,31,41,11,-2,-1.75
UAB,Marshall,-3,0.46,-0.59,-1.28,-3.48,0.6,-4.77,-5.15,-1,-6.5,-3,0.24,-3,1.36,-4.66,-1.76,,-2.32,-3.32,-0.17,-1.85,-7.58,-14.24,-8.03,-0.17,-0.64,-4.85,-4.76,-4,0.62,-2.23,-6.71,4,-4.33,-3.44,-9.3,1,-2.5,-4,-2.63,-3.52,-7.96,0,0.71,-0.97,-1.5,-4,-0.4,-3,,1.35,-0.8,1.2,-5.95,-1,-15.38,1.25,-1.34,-3.3,-6.15,,-1,-1.95,-4,-3,17.5,-7.28,1.2,-6,4.06,,31,38,11,-6,-2.23
USC,Arizona St.,8,3.79,2.44,13.78,2.73,2.53,13.02,8.7,9,10.5,9,0.68,9.5,2.08,11.04,14.12,,8.16,9.13,1,10.35,12.06,6.33,9.68,10.5,4.99,11.42,8.79,9,6.96,9,11.3,11,9.96,8.51,13,13,11,11,8.44,9.85,16.88,12.5,4.76,4.3,16.5,11,-0.21,8,,-1.73,1.9,0.8,15.08,5,4.4,6.37,9.2,15.4,2.8,,14,5.74,6,11,12.6,6.98,4.4,1,4.48,,17,38,11,6,8.84
UTEP,Central Florida,-13.5,-15.85,-16.02,-14.51,-17.06,-12.91,-18.46,-13.68,-16,-33,-17,-16.18,-15,-16.46,-10.22,-10.78,,-15.76,-16.44,-16.95,-20.35,-28.75,-8.31,-16.93,-5.97,-12.8,-11.62,-15.58,-23,-18.91,-15.91,-15.91,-16,-18.14,-18.45,-33.5,-16,-12,-19,-19.2,-20.41,-14.84,-13,-10.22,-15.43,-18.5,-10,-9.79,-14,,-18.48,-15.4,-12.4,-26.89,-15,-6.92,-5.4,-12.35,-15.5,-18.3,,-18,-13.4,-9,-17,-14.6,-25.84,-8.1,-19,4.91,,31,24,11,-17,-15.64
Virginia,Miami (Fla.),2,-5.5,-7.16,-6.32,4.42,-7.17,-8.25,-6.57,-10,-5,-8,-7.78,-5.5,-5.46,0.62,-10.99,,-6.07,-5.09,-7.31,-8.25,-12.86,-15.18,-2.69,-2.95,-7.35,-7.03,-8.64,-3.5,-8.99,-6.32,-7.32,-1,-10.88,-10.72,-23.6,-5,-2.5,-4,-4.42,-9.17,-0.62,0,-4.92,-8.26,-11,0.01,-6.46,0.5,,-12.93,8.6,0.3,0.95,-3,-1.67,-3.85,-1.5,-1.7,-10.95,,-6,-5.84,-3,-10,-6.5,-11.37,-0.3,-6,4.86,,40,41,11,-1,-5.24
Virginia Tech,Florida St.,-13.5,-11.42,-15.58,-13.65,-16.58,-18.21,-16.82,-8.26,-16,-26,-15,-17.62,-11.5,-12.77,-1.46,-6.74,,-14.76,-12.11,-18.71,-20.25,-24.53,-19.22,-4.9,-16.36,-13.01,-12.15,-11.12,-18,-16.61,-15.5,-11.21,-16,-13.78,-12.93,-23.8,-14,-13,-15,-15.24,-16.09,-9.71,-10,-11.65,-17.46,-15,-12,-11.45,-13.5,,-16.81,-20.3,-16.9,10.67,-17,-2.24,-4.48,-12.8,-18,-17.75,,-19,-11.23,-9,-13,-18.6,-20.67,-11.2,-22,4.67,,28,22,11,-18,-19
Washington,Utah,-1.5,-0.01,-5.27,1.17,-1.67,0.39,-1.81,14.36,2,-25.5,3,-4.01,6,-2.88,6.86,3,,1.3,4.19,-3.98,-2.05,14.03,-7.28,10.03,7.12,1.07,5.86,16.92,-7.5,8.86,0,15.45,-2,15.05,13.69,24.2,0.01,2,2,-9.71,7.6,-2.52,-3,-1.53,-4.12,6,0.01,-6.06,-1.5,,-6.33,-6.1,-5,19.74,0.01,5.09,6.09,-3.24,-1,4.9,,-3,2.88,-4,-4,-4.7,6.27,0.2,-2,7.49,,15,34,11,1,-2.66
Washington St.,UCLA,-16.5,-18.86,-20.25,-11.21,-25.7,-13.79,-15.97,-19.67,-18,-41.5,-23,-19.99,-18.5,-18.87,-20.06,-14.65,,-18.76,-14.92,-20.04,-20.45,-35.78,-3,-23.33,-14.56,-16.46,-19.7,-20.67,-23,-22.41,-18.86,-22.45,-26,-24.36,-22.96,-44.1,-14,-15,-20,-23.73,-24.84,-16.36,-11,-12.93,-18.84,-20.5,-13,-14.4,-16.5,,-16.69,-20.9,-20.3,-10.08,-16,-8.48,-5.96,-12.18,-18.1,-20.45,,-20,-12.47,-10,-13,-17.8,-25.27,-9.1,-21,6.48,,44,36,11,-18,-19.61
Western Kentucky,Florida Atlantic,16,14.95,13.49,19.59,19.96,14.44,16.99,18.39,20,6,18,14.21,16.5,14.15,17.89,10.18,,16.9,13.79,15.29,17.45,27.64,12.41,25.33,16.35,13.31,18.41,20.6,17.5,17.7,16.99,20.75,22,20.46,20.28,31.5,21,15.5,15,9.61,20.76,22.5,,11.79,13.41,17,18,9.71,16,,21.24,14.3,12.5,18.7,19,7.58,13.21,15.36,20.2,12.95,,15,15.59,9,21,19.2,25.52,,13,4.29,,37,28,11,16,15.11
Air Force,Hawaii,21.5,14.65,22.12,18.05,24.1,16.37,18.6,14.27,24,23,23,17.73,18.5,14.6,11.94,21.5,,18.73,21.81,18.13,18.65,18.78,26.32,13.81,14.8,21.35,17.21,16.91,27.4,20.27,18.55,19.3,26,16.66,17.82,26.4,18,22.5,16,16.35,15.95,13.05,24.5,20,25.89,16,13,13.9,21.5,,19.56,21,16.2,18.76,24,15.62,9.7,16.65,16.5,13.8,,22,14.11,12,21,,25.83,20,17,4.19,,7,21,12,19,17.6
Arizona St.,Washington St.,22.5,22.09,22.26,13.95,27.18,17.69,14.83,17.8,21,23.5,23,24.18,17.5,23.29,21.04,17.76,,19.4,16.58,22.93,18.85,32.41,24.34,23.73,14.44,18.58,17.95,18.44,19.85,17.81,18.72,20.3,21,19.01,18.57,30.6,21,19,13,15.93,22.48,15.41,13.5,16.33,21.13,16.5,15,20.43,22,,32.86,19.2,25.8,14.7,20,5.89,8.36,18.59,15.9,13,,17,17.69,11,28,,25.54,10.7,16,4.58,,7,46,12,17,17.72
Army,Temple,3.5,-2.64,4.34,-2.82,4.66,-0.54,3.72,-3.06,-2,5.5,-2,-1.28,0.01,-2.69,-2.44,4.96,,0.49,5.17,-0.99,4.05,-6.94,8.41,-8.5,2.77,4.32,-2.92,-2.51,15.16,-2.11,0,-4.09,3,-3.85,-2.53,-9,1,1.5,4,2.2,-0.95,0.01,5,3.5,4.29,2,2,-0.66,3,,-6.47,10.2,-1.5,11.16,0.01,-0.9,-1.11,-0.5,3.2,-5.75,,1,0.13,-4,1,,-5.3,1.3,-3,4.32,,63,32,12,-1,0.68
Ball St.,Ohio,6.5,7.7,10.12,0.71,3.6,7.41,7.88,8.02,8,-4,6,10.63,6,7.56,10.07,3.16,,6.6,11.61,6.82,7.25,10.47,2.25,2.22,-2.33,9.53,5.46,11.39,13.31,6.92,7.63,9.46,14,8.59,8.3,13.2,9,3.5,8,1.5,8.31,0.54,6,7.7,10,4,4,5.9,6.5,,-1.21,9.7,7.2,0,8,1.94,7,8.84,10,5.2,,3,7.78,3,-7,,6.65,3.1,-3,4.33,,27,52,12,2,6.07
Baylor,Kansas St.,-11.5,-14,-17.76,-7.77,-26.77,-13.19,-14.15,-25.16,-16,-31.5,-34,-16.15,-30.5,-12.11,-21.34,-13.01,,-17.76,-17.1,-17.25,-16.55,-21.16,-21.82,-17.4,-18.79,-16.48,-12.6,-25.68,-25.49,-22.2,-16.48,-28.39,-24,-22.26,-23.58,-46.6,-10,-11,-13,-19.36,-15.59,-10.59,-12.5,-14.01,-18.34,-21.5,-6,-20.58,-12,,-21.53,-7.2,-11.7,-23.39,-14,-29.7,-7.22,-9.28,-16.6,-24.1,,-12,,-10,-14,,-23.53,-11.5,-20,7.46,,24,52,12,-17,-12.62
Boise St.,Colorado St.,29.5,22.46,24.71,26.69,24.77,20.43,31.03,16.39,35,15.5,22,24.08,22,23.79,18.39,28.45,,24.92,19.35,23.76,25.85,40.28,33.89,31.13,16.59,20.94,24.67,21.11,29.95,26.04,24.69,24.37,41,27.4,26.47,45.1,32,28.5,23,14.38,30.52,26.59,21.5,18.17,23.85,24,25,17.28,28.5,,26.13,25,20.1,36.35,22,4.06,13.26,20.11,25.8,18.2,,25,18.59,18,38,,31.52,18.2,18,6.07,,14,42,12,23,27.47
Boston College,Virginia Tech,-10,-6.94,-8.82,-8.67,-13.4,-2.96,-4.97,-5.36,-9,-4.5,-8,-6.5,-5,-7.47,-3.98,-7.13,,-7.46,-5.9,-6.07,-7.65,-13.75,-5.16,-14.48,-4.08,-7.55,-6.11,-6.31,-9.87,-5.66,-7,-7.52,-12,-5.63,-5.77,-13,-7,-9,-5,-3.53,-8.94,-10.47,-4.5,-6.98,-9,-5.5,-7,-4.34,-9.5,,-8.13,-15.9,-10.8,10.46,-6,-2.15,-2.55,-5.31,-5.3,-7.05,,-5,-4.59,-9,-14,,-11.71,-5,-7,2.88,,30,23,12,-9,-9.3
Bowling Green,Kent,2.5,0.01,-2.35,5.07,2.38,-3,0.17,-3.94,-4,-9.5,1,-3.02,-0.5,0.6,-3.44,-5.33,,-1.37,-2.52,-2.69,-0.55,-8,-1,-11.59,-6.68,-1.42,0.45,-5.39,-1.02,-5.69,-1,-5.53,-9,-6.19,-4.68,-9.8,2,2.5,-1,-3.69,-4.59,3.25,-8,-0.86,-1.34,-2,1,1.85,1.5,,3.5,7.2,5.1,-10.52,1,-2.1,2.11,5.11,0.5,-6.8,,5,-0.68,-2,1,,-5.87,1.7,-4,4.14,,31,24,12,-1,4.02
Central Mich.,Miami (Ohio),5,3.1,6.96,1.58,6.41,4.1,3.22,2.08,5,12,4,4.12,3,3.15,3.1,3.29,,3.22,2.24,4.68,5.05,3.13,0.42,2.78,4.4,5.08,3.15,2.42,7.78,1.73,3,0.48,9,1.8,0.66,-0.5,3,3,2,7.06,2.33,3.5,1.5,5.8,7.14,3,2,3.11,4.5,,1.6,4.5,3,9.57,2,0.1,2.11,2.84,1.9,-0.75,,1,0.66,2,3,,0.87,2.5,1,2.33,,16,30,12,2,4.38
Cincinnati,Rutgers,6.5,3.27,8.25,6.88,4.8,6.13,4.81,0.27,5,8,1,6.85,2.5,3.77,0.11,9.07,,3.97,4.84,6.14,2.05,-0.31,-5.49,2.28,1.25,6.77,4.3,-0.35,4.51,1.77,4.4,0.01,10,-0.3,1.03,-0.4,9,6,2,5.89,1.88,4.87,11,7,9.48,2,5,2.23,6,,8.44,9.5,8.3,8.31,5,-0.52,3.78,4.94,1.2,-0.55,,6,3.4,1,-3,,-0.27,4.7,1,3.48,,10,3,12,2,7.66
Clemson,NC St.,15,15.73,23.23,17.23,16.83,15.67,16.37,11.77,22,21.5,21,19.2,18.5,16.62,6.03,20.55,,18.53,20.37,19.42,20.95,26.25,31.18,15.44,19.59,20.23,13.83,16.87,30.25,18.49,18.8,19.02,14,19.89,18.37,32,19,18.5,19,16.64,21.2,19.35,26,17.12,23.05,16.5,15,13.14,15.5,,18.36,24.6,18.6,29.19,19,2.83,11.78,14.01,22,14.65,,23,16.69,8,15,,22.71,12.6,13,4.75,,48,62,12,13,19.79
Colorado,Washington,-20,-20.86,-26.18,-17.39,-31.11,-18.63,-22.8,-25.9,-29,-27.5,-23,-26.01,-18.5,-20.36,-22.74,-5.4,,-22.9,-19.38,-24.05,-29.65,-41.78,-18.5,-30.15,-17.74,-20.25,-25.82,-26.63,-27.96,-25.61,-22.86,-28.46,-31,-25.82,-22.43,-48.1,-21,-20,-30,-17.68,-25.84,-24.15,-17.5,-18.5,-23.86,-21,-16,-13.6,-20,,-15.08,-23.3,-21.6,-25.26,-23,-9.02,-7.87,-17.78,-27.5,-24.25,,-29,-16.37,-15,-22,,-29.92,-18.1,-22,6.29,,38,3,12,-19,-22.91
Florida Atlantic,Florida Intl.,1.5,5.65,8.33,0.22,9.4,4.15,4.83,5.73,10,19.5,7,1.95,8,5.52,0.01,0.14,,4.43,7.25,3.45,6.05,4.56,-0.89,-4.23,2.11,8.95,2.45,8.05,8.39,6.81,4.4,9.13,-3,9.96,9.83,16.9,4,-1,3,10.63,6.47,-5,2,6.84,8.85,-0.5,-1,3.8,2,,2.77,7,6.6,11.23,4,0.94,1.77,-1.11,-0.6,4.65,,3,5.32,-4,-1,,7.42,3.9,2,4.65,,34,24,12,2,0.01
Georgia Tech,Duke,12,8.38,13.02,13.52,9.56,9.04,13.9,-0.93,8,21.5,7,10.5,4.5,10.13,0.33,8.24,,8.77,8.68,10.35,15.55,3.5,18.71,-1.04,3.25,8.94,9.18,-1.7,16.87,-0.36,9.37,-2.67,23,0.11,-2.74,-7.1,18,12.5,12,12.61,4.53,12.85,15.5,9.6,12.38,6.5,8,9.66,12,,2.46,17.2,15.5,9.18,11,-0.88,3.73,13.96,11.4,-0.95,,18,6.01,7,10,,3.28,9.2,3,6.47,,24,42,12,8,11.31
Idaho,Texas-San Antoni,-5,-6.56,-11.07,1.45,-24.87,-2,1.64,-6.11,-17,-15,-15,-6.15,-14,-6.85,0.96,-4.1,,-5.98,-2.3,-4.27,-4.55,-3.56,-5.73,-1.99,-5.63,-5.19,1.22,-4.32,-11.47,-8.71,-5.08,-11.62,-1,-10.15,-10.46,-24.1,-3,-4,-4,-5.85,-4.08,-7.36,,-5.96,-7.96,-6.5,-6,-5.08,-5,,0.16,-9.9,,0.26,-2,-11.9,3.3,4.01,1.1,-12.15,,-5,-2.3,-1,1,,-16.31,-4.1,-19,6.36,,34,27,12,-12,-2.86
Illinois,Purdue,-6.5,-8.9,-9.5,-4.8,-8.7,-7.25,-4.39,-3.16,-8,4,-9,-12.17,-9,-10.09,0.75,-7.21,,-6.66,-7.05,-11.69,-7.75,-10.84,-2.77,-7.34,-4.4,-7.98,-2.58,-6.2,-8.61,-8.32,-7.13,-5.98,-6,-5.79,-5.66,-12.7,-4,-7,-6,2.08,-7.74,-6.11,-8.5,-7.35,-9.86,-2,-1,-9.83,-6.5,,-11.31,-8.2,-5.8,-18.34,-6,-1.9,0.17,-4.93,-6.2,-9.25,,-6,-5.03,-4,-7,,-13.19,-9.9,-9,3.24,,20,17,12,-7,-7.29
Kansas,Iowa St.,-3,-8.27,-9.08,-7.74,-11.24,-6.33,-6.82,-15.65,-10,-9,-11,-8.97,-10,-6.99,-23.31,-7.19,,-10.01,-6.16,-9.17,-9.65,-29.22,-8.55,-20.82,-8.87,-8.59,-8.95,-15.19,-7.77,-13.34,-8.91,-18.47,-12,-17.82,-15.86,-32.2,-8,-6.5,-11,-5.24,-15.87,-10.75,-8.5,-7.31,-9.69,-5.5,-8,-3.98,-4.5,,-13.28,4.5,-7.4,-1.59,-7,-22.5,-1.48,-7.27,-6.9,-13.45,,-9,-5.35,-7,-7,,-16.98,-5.8,-12,5.33,,51,23,12,-9,-7.58
LSU,Mississippi,19,14.71,17.05,18.98,15.77,11.83,21.97,20.06,22,31,19,15.07,18,13.79,22.09,20.21,,19.05,16.69,14.85,18.25,24.56,20.16,22.41,20.21,17.46,21.72,22.74,13.47,19.19,19,23.84,26,20.46,20.4,35.9,24,20,18,21.48,19.25,21.03,10.5,14.55,18.83,19,19,13.76,19,,20.21,19.3,13.1,11.66,13,23.34,11.95,16.93,22.4,13.55,,23,14.97,13,27,,20.55,13.3,11,4.68,,35,41,12,16,18.99
Louisiana Tech,Utah St.,-3,-4.3,-4.62,-0.87,-6.09,-1.67,-1.18,5.61,3,-11.5,-2,-4.01,2,-6.75,6.14,1.69,,-0.7,-6.67,-4.14,-3.35,1.88,1.04,6.8,10.45,-2.35,0.12,6.07,-6.61,3.94,-0.93,7.31,-5,7.46,6.29,8.4,4,1,0.01,-3.75,2.56,4.22,2.5,-2.84,-4.24,4,4,-15.32,-3,,-10.47,-6.3,-9.9,5.89,-7,10.32,4.01,-5.74,3.6,0.01,,2,-2.64,-1,3,,1.87,-0.4,1,5.32,,48,41,12,-2,-0.53
Louisiana-Lafaye,Western Kentucky,4.5,7.22,4.8,3.84,0.5,6.96,8.26,3.45,7,7.5,6,6.13,5,7.86,2.91,2,,4.96,7.85,6.4,5.35,6.41,-11.2,10.91,-3.95,5.32,8.45,4.88,7.2,4.96,5.33,4.67,-2,4.07,3.39,4.8,7,3.5,10,7.43,5.67,4.08,,4.72,6.05,5.5,4,4.87,4.5,,8.86,5.9,8.6,0.1,7,-0.1,7.36,2.89,5.6,1.95,,6,6.52,3,3,,5.97,7.1,-1,3.51,,27,31,12,-1,4.64
Louisiana-Monroe,North Texas,10,13.69,13.18,10.99,16.28,13.46,8.39,8.49,15,6.5,13,15.72,9.5,14.55,13.23,13.08,,11.45,10.13,14.49,11.85,17.78,4.91,16.23,13.06,10.29,12.02,10.55,13.33,10.53,11.43,10.04,20,10.36,10.08,13.4,11,11,9,7.17,13.05,9.43,6.5,10.08,12.93,15,12,11.77,10,,11.59,11.8,13.2,8.71,13,2.42,7.83,8.24,10.9,6.65,,9,11.39,3,17,,17.35,3.5,7,3.12,,16,42,12,10,9.66
Marshall,Houston,3.5,3.41,2.52,-1.44,9.77,1.56,2.18,1.46,4,4,5,2.36,5.5,3.65,2.07,-2.24,,2.21,3.13,1.73,4.45,-0.38,-3.19,-0.18,2.52,1.98,4.9,-0.49,7.67,0.28,2.12,0.9,2,-0.01,0.14,-2.7,0.01,3,2,3.44,1.34,5.27,-0.5,1.58,1.72,3.5,0.01,2.77,3.5,,2.48,9.3,4,-2.74,3,-0.56,2.87,1.09,1.5,-1.55,,3,2.07,-5,3,,1.11,0.6,2,2.70,,41,44,12,3,6.15
Maryland,Florida St.,-31.5,-20.88,-24.9,-25.43,-24.92,-22.57,-21.97,-10.19,-25,-40.5,-22,-27.82,-18.5,-24.02,-1.4,-23.31,,-23.11,-17.78,-26.24,-26.45,-33.69,-32.22,-15.66,-15.76,-21.76,-18.73,-16.99,-27.85,-22.08,-23.15,-18.54,-27,-21.94,-20.95,-39.3,-25,-29.5,-23,-24.83,-25.08,-24.56,-24,-20.32,-26.7,-25,-21,-15.11,-30,,-27.91,-29.9,-27.2,-20.59,-22,-3.79,-9.17,-22.91,-25.1,-22.9,,-28,-16.44,-18,-25,,-26.91,-17,-25,6.16,,41,14,12,-27,-31.52
Massachusetts,Buffalo,-12,-9.06,-10.59,-13.91,-5.62,-11.5,-8.37,-5.2,-10,-11,-12,-16.01,-8,-10.54,-7.6,-14.74,,-10.29,-5.46,-15.76,-13.35,-7.47,-19.1,-11.7,-5.59,-11.27,-14.31,-5.98,-13.21,-11.99,-10.59,-6.14,-16,-6.76,-7.19,-16.8,-10,-10,-14,-5.91,-4.06,-14.49,,-12.75,-16.91,-9,-8,-13.25,-12,,-2.33,-15.3,,-18.34,-9,-12.87,-0.82,-8.37,-15.2,-10.95,,-11,-3.83,-13,-1,,-14.74,-11.4,-15,4.24,,29,19,12,-10,-10.98
Miami (Fla.),South Florida,6.5,6.74,7.38,4.83,1.91,7.1,9.34,6.5,12,9,11,7.03,10,6.67,7.76,7.03,,7.74,9.05,7.55,11.85,13.34,5.06,11.72,3.91,8.5,13.9,10.93,5.61,9.56,7.44,10.76,-1,13.6,12.77,23.9,7,7,11,9.06,11.17,3.62,3,6.43,8.09,11,3,6.61,6.5,,14.61,3.2,4.2,10.69,5,1.25,9.13,5.31,2.1,7.65,,9,7.59,-2,10,,12.41,2.4,3,4.16,,9,40,12,4,3.49
Michigan,Iowa,17,16.04,17.67,16.03,19.2,13.32,19.66,16.14,20,17.5,16,16.49,15,15.9,16.96,15.62,,18.02,14.72,15.65,21.45,28.28,22.08,17.97,12.78,17.12,22.64,20.61,24.15,19.34,17.82,21.51,12,21.75,21.02,37.7,21,17,20,14.96,23.15,21.74,13,13.56,18.18,25.5,19,12.59,17,,17.51,29.6,18.1,5.89,21,4.56,12.42,21.31,20.1,16.15,,24,12.22,8,20,,18.28,8.2,11,4.92,,17,42,12,7,15.39
Michigan St.,Northwestern,7.5,1.71,3.51,7.33,4.86,2.97,6.89,0.26,1,10,2,2.9,1,1.86,2.94,4.27,,3.66,3.87,3.09,4.75,0.91,3.74,3.03,0.3,2.94,4.01,0.58,2.94,1.4,3,0.01,6,-1.18,-0.78,-4.5,11,6.5,8,5.47,1.47,12.12,5.5,2.89,3.57,6,8,3.02,6.5,,4.92,7.9,1.3,0.06,3,-1.02,0.94,7.73,7.5,-4.15,,9,2.45,3,7,,-1.64,2.6,-2,3.45,,23,20,12,2,8.23
Mississippi St.,Arkansas,5,10.4,11.14,3.72,14.77,7.24,0.21,13.33,19,0.5,14,10.19,12.5,9.78,14.76,9.28,,8.61,8.02,8.19,3.25,14.44,7.8,12.02,14.38,12.02,6.6,12.69,1.91,11.87,7.85,14.29,8,13.6,14.45,22.3,3,6,6,2.01,13.66,1.64,10.5,9.65,12.55,9,4,7.42,5.5,,18.23,3,9.1,19.98,6,12.67,3.51,-0.62,7.9,7.1,,7,7.38,-1,4,,16.52,7,8,5.02,,14,45,12,7,6.83
Missouri,Syracuse,6,7.01,4.83,6.13,-0.66,5.69,4.79,12.37,7,-4,10,8.26,7,5.92,8.5,7.21,,6.15,8.44,7.94,6.45,14.75,1.83,10,1.46,6.71,9.46,13.69,-3.49,7.26,6.61,9.85,-6,10.53,7.97,19.5,8,5.5,4,0.05,8.58,9.31,2,5.31,6.51,7,8,5.69,6,,5.57,1.4,7.3,7.62,3,2.82,4.1,9.39,8.6,1.1,,5,7.4,1,14,,8.45,3.9,1,4.32,,31,27,12,1,5.83
Navy,Texas St.,12,9.66,13.71,14.33,9.4,7.79,13.07,12.01,11,16.5,17,10.05,15.5,9.12,11.4,5.63,,12.66,10.02,9.23,11.75,20.19,11.13,12.16,3.65,11.57,8.98,15.8,22.03,13.9,12,16.76,13,17.15,17.01,30.8,18,13,10,11.78,16.08,10.29,,8.53,10.68,14,14,7.58,12,,18.34,20.2,,10.74,13,3.76,7.06,16.81,15.6,11.7,,12,9.34,6,15,,16.08,,8,4.51,,10,21,12,11,10.96
Nebraska,Minnesota,21,15.97,20.52,17.94,20.84,12.8,19.32,15.88,19,32,21,15.67,18,15.87,15.88,20.02,,19.31,17.83,15.13,21.05,26.41,21.6,19.63,19.33,18.22,19.36,20.97,22.5,17.24,19.35,21.27,27,18.84,19.19,35.3,20,17.5,19,21.61,21.37,23.06,20.5,14.93,19.3,20,20,10.83,21,,20.92,24.7,20.9,38.15,20,4.64,11.22,19.98,20.9,12.95,,19,14.81,12,21,,18.65,13.7,12,4.21,,14,38,12,15,18.68
New Mexico,Nevada,-10.5,-5.41,-7.79,-10.15,-5.86,-4.01,-10.65,-4.39,-8,-10.5,-6,-6.32,-4.5,-5.76,0.87,-6.57,,-7.63,-4.46,-6.29,-8.05,-12.53,-16.23,-8.23,-4.37,-6.38,-5.7,-5.82,-5.4,-6.76,-7.28,-6.17,-12,-4.82,-6.6,-12.5,-10,-9.5,-9,-7.14,-7.83,-9.89,-6,-6.71,-8.93,-10,-12,-4.93,-10,,-5.2,-8.5,-6,1.1,-8,-2.95,-3.77,-16.54,-9,-8.85,,-11,-2.31,-13,-14,,-8.92,-3.5,-7,3.22,,31,24,12,-10,-7.88
Northern Ill.,Toledo,10,11.09,14.91,7.96,11.13,11.04,11.25,2.02,14,1,12,12.66,6.5,12.65,2.81,9.93,,9.91,8.5,13.8,19.55,9.22,19.08,8.3,3.4,8.76,12.88,2.62,25.87,5.75,9.92,3.47,9,3.26,2.28,-0.2,13,10.5,15,3.67,8.57,11.98,6,9.91,12.53,11,7,11.33,10,,13.84,20.1,16.5,18.93,14,-0.31,6.33,12.86,8.7,4.55,,20,7.84,6,-1,,10.13,5.2,8,5.36,,24,31,12,7,15.34
Notre Dame,Wake Forest,23.5,36.78,34.94,28.8,34.28,29.52,29.47,37.95,34,61.5,25,35,28.5,37.02,33.16,31.39,,31.75,26.7,35.65,33.65,43.25,21.52,28.85,26.27,30.55,31.06,39.64,30.24,34.08,31,38.82,42,32.17,32.43,60.2,33,24,29,37.92,32.3,28.5,31,26.14,34.32,30.5,26,24.17,25,,40.38,37.8,32.1,33.17,30,32.14,14.34,30.25,33.9,24.6,,32,25.85,17,31,,37.03,26,18,7.71,,0,38,12,25,26.07
Oklahoma St.,Texas Tech,10,4.45,7.22,10.05,4.51,7.17,18.1,0.61,6,17.5,8,5.49,4.5,5.1,-0.38,8.17,,8.3,8.99,5.31,16.65,4.94,16.59,2.13,2.25,4.99,13.19,4.33,17.13,4.94,7.09,1.75,9,3.9,3.5,5.8,19,10.5,11,10.57,5.24,13.41,9.5,3.89,4.86,11,9,3.13,10,,14.81,7.8,8.4,11.98,6,-0.93,3.64,10.62,15.3,2.6,,17,6.19,7,13,,5.58,7.2,4,4.82,,21,59,12,5,10.55
Oregon,Stanford,20,10.97,21.73,16.37,16.14,13.42,16.35,8.89,21,17,16,18.89,14.5,11.22,18.16,7.63,,15.02,20.29,16.74,19.95,7.44,21.17,14.62,11.5,17.09,13.9,10.2,22.29,10.89,15.93,11.87,15,7.86,7.9,8.8,18,21.5,15,14.29,7.26,12.97,21.5,16.63,21.59,12.5,11,7.38,19.5,,15.93,20.8,23.4,18.45,18,12.72,11.58,13.5,18.5,7.15,,19,16.85,4,14,,16.59,16,12,4.61,,17,14,12,14,19.82
Oregon St.,California,15,20.62,18.67,7.69,28.1,16.97,15.77,21,30,26,20,17.71,18,20.42,23.35,16.44,,18.88,17.48,17.36,16.45,30.25,17.88,22.53,19.81,18.74,14.2,23.09,25.09,24.71,18.08,27.32,31,28.05,27.12,48.1,14,14,14,18.48,25.41,9.15,16,14.01,18.24,18,11,14.03,15.5,,25.43,19.8,16.2,11.04,17,6.94,10.96,12.95,14.4,17.55,,18,16.08,7,8,,27.68,13.6,10,7.09,,14,62,12,8,19.76
Penn St.,Indiana,16.5,12.71,15.39,12.71,16.06,12.31,17.14,7.58,18,36.5,18,14.2,14.5,13.72,8.56,14.1,,15.75,11.62,13.45,22.55,19.78,21.95,21.38,8.95,13.25,17.44,11.24,22.88,13.82,14.55,12.94,16,15.61,14.82,24.7,24,16.5,19,22.29,18.06,17.3,16,11.26,14.59,20,15,13.63,16.5,,13.84,26.5,13.2,1.56,13,1.67,8.09,14.26,18.1,9.95,,24,9.63,8,21,,14.28,9.4,9,5.28,,22,45,12,14,18.24
Rice,SMU,-3.5,-4.87,-4.3,-8.04,0.28,-4.3,-2.86,0.01,1,2.5,-2,-7.28,1,-6.02,1.14,-1.94,,-3.19,-2.91,-7.13,-7.75,-5.38,-10.87,-6.07,2.91,-1.99,-7.21,-0.67,-2.87,-1.36,-3,-0.01,7,-0.54,-0.7,-4.7,-4,-3,-5,1.32,-2.55,-6.6,-1,-1.92,-2.98,-5,-3,-4.93,-3.5,,-9.03,-4.3,-8.2,3.06,-3,-1.36,0.15,-5.05,-5.5,-5,,-4,-2.81,-5,-4,,-7.39,1.5,-5,3.25,,14,36,12,-3,-2.42
San Jose St.,BYU,-3,-0.32,-3.38,-9.91,-4.3,-2.33,-11.61,5.58,7,-5,2,-3.55,4.5,-2.41,0.67,-11.92,,-1.9,-1.92,-4.53,-9.15,1.03,-5.41,2.22,2.2,-0.43,-10.03,6.91,6.79,5.56,-2.45,10.46,-4,9.31,9.52,11.5,-8,-6,-9,-2.69,3.5,-8.96,-3,-2.09,-2.87,-9,-6,-3.96,-3,,-1.6,-4.8,-3.5,-24.08,-2,0.57,-0.37,-9.37,-11.5,2.5,,-6,-0.3,-6,-11,,2.41,-1.5,2,5.98,,14,20,12,1,-4.27
South Alabama,Middle Tenn.,-7,-9.17,-10.22,-2.91,-3.27,-8.94,-9.1,-9.55,-11,-20.5,-12,-11.85,-9.5,-9.26,-10.51,-11.33,,-10.76,-14.26,-10.95,-11.35,-19.28,-14.66,-17.33,-6.1,-11.97,-12.03,-14.5,-4.93,-16.53,-10.55,-16.39,-10,-15.56,-17.2,-32.3,-6,-10,-14,-13.25,-13.71,-4.3,,-8.51,-11.43,-14,-3,-9.4,-8,,-10.55,0.01,,-17.82,-11,-5.77,-6,-1.41,-9.2,-18.7,,-6,-10.87,-5,-3,,-23.25,-6.1,-12,5.60,,20,12,12,-10,-12.14
Southern Miss.,UTEP,-3,-3.71,-8.04,-0.44,-6.24,-5.78,-5.5,-6.86,-5,-11,-7,-8.43,-3,-3.25,-20.35,-1.39,,-4.66,-5.83,-8.51,-6.25,-2.47,-2.05,1.75,0.21,-5.74,-1.44,-8.58,-8.72,-6.15,-5.1,-10.62,-3,-5.22,-4.5,-11,1,-3.5,-6,-5.37,-0.85,3.05,-6.5,-5.88,-7.84,-6,3,-4.08,-3,,-6.1,-7.2,-6.7,-13.1,-6,-13.55,0.26,0.95,-3.9,-8.2,,-2,-5.2,2,1,,-34.82,-3.7,-8,5.60,,34,33,12,-5,-3.88
Troy St.,Arkansas St.,-3,-1.48,-3.62,-5.33,-1.53,-0.31,-6.5,-3.67,1,-12,-6,-2.92,-5,-1.19,-6.65,-4.7,,-4.49,-4.52,-2.1,-4.25,-11.97,1.9,-15.73,4.02,-2.72,-2.66,-6.09,-10.09,-5.5,-4,-6.72,-1,-6.92,-7.19,-15.4,-8,-3,-3,-7.57,-6.92,-5.45,-12,-1.83,-2.68,-8,-3,-1.82,-3,,-8.5,0.8,-2.6,-14.4,-2,-2.14,-3.13,-0.84,-5.1,-10.35,,-5,-3.43,-4,-1,,-6.35,-3.8,-8,3.75,,41,34,12,-4,-4.27
Tulane,East Carolina,-10,-10.3,-10.1,-12.75,-15.13,-9.2,-11.71,-4.91,-12,-27,-14,-13.48,-11.5,-11.54,-5.54,-14.69,,-11.59,-6.2,-11.54,-15.05,-15.59,-15.44,-8.46,-4.27,-8.33,-14.13,-9.95,-7.9,-8.89,-11.32,-11.21,-2,-12.01,-13.78,-27,-15,-10,-15,-15.94,-10.66,-11.43,-9.5,-7.72,-10.42,-15,-10,-9.65,-10,,-18.92,-14.4,-11.1,-7.4,-7,-3.03,-4.89,-12.02,-17.1,-14.75,,-18,-5.86,-10,-14,,-18.05,-4.7,-13,4.60,,28,23,12,-11,-13.26
Tulsa,Central Florida,0,1.79,2.95,0.61,2.68,0.91,3.08,1.48,5,-0.5,3,-0.01,3.5,1.72,2.78,2.6,,2.14,1.47,-0.05,2.25,0.91,-2.93,4.15,3.6,2.34,6.97,1.88,-1.73,1.21,2.35,2.9,3,3.74,3.47,3.7,4,1.5,0.01,1.97,2.08,3.09,1.5,1.62,1.93,3,5,0.28,0.5,,4.92,3,3.4,2.12,1,-0.09,4.44,2.36,1.9,-1,,5,1.18,-1,-4,,0.35,2.7,-1,2.01,,21,23,12,1,3.07
UAB,Memphis,9,8.91,7.96,14.57,9.83,8.81,9.91,2.47,15,10,14,9.92,11,10.05,1.94,9.7,,9.17,4.2,10.5,13.95,6.34,16.33,-0.87,3.39,6.1,8.88,4.93,8.49,12.03,9.48,5.19,10,9.23,9.26,15.2,14,10.5,10,9.18,6.85,12.14,5.5,5.48,6.96,8.5,12,9.04,9,,7.22,14,10.8,14.52,10,-0.6,8.37,13.07,12.6,4.2,,13,5.07,4,10,,10.41,5.9,8,3.65,,46,9,12,8,10.45
UCLA,USC,-4.5,-0.77,0.01,-8.78,2.35,-0.66,-5.95,0.35,3,13.5,4,-0.58,4,-1.16,6.14,-2.78,,-0.44,-3.66,-1.66,-3.25,0.16,-11.27,2.18,1.5,1.28,-1.89,2.49,1.59,3.36,-0.39,2.59,2,4.87,5.81,6.2,-6,-3.5,1,7.76,2.63,-6.01,-10.5,-0.12,-0.39,-1,-3,-0.39,-3.5,,-2.93,0.2,-1.3,-3.53,-2,-1.37,2.01,-4.53,-4.8,1.05,,-3,-3.27,-8,-3,,-0.35,-1.7,1,4.33,,28,38,12,1,1.16
UNLV,Wyoming,-1.5,2.18,1.72,3.26,-0.13,1.64,4.71,0.64,1,-0.5,-0.25,1.67,0.01,2.35,-1,8.56,,0.27,0.01,2.85,1.15,-2.91,0.62,-11.28,2.57,1.38,-0.15,0.45,4.4,-0.45,0.53,-1.97,3,-1.35,-1.92,-5.6,0.01,-1,-2,-1.19,-0.12,-3.41,2.5,2.45,2.88,3.5,-2,1.35,-1.5,,1.01,6.2,2.8,-2.58,3,-0.78,-1.88,0.99,-2.5,-4.2,,-1,0.25,-3,-3,,-2.8,2.2,-3,2.99,,28,23,12,-2,1.16
Utah,Arizona,3,1.28,3.92,-1.78,-0.97,-1.35,0.61,-9.44,1,21,-3,2.7,-4,3.15,-5.9,13.78,,-0.46,-2.33,0.8,6.55,-10.97,9,-4.18,-3.66,1.03,1.54,-11.43,5.44,-8.85,0.54,-10.02,-1,-10.88,-10.51,-23.9,4,3,3,10.73,-6.68,9.12,11.5,2.96,3.83,2.5,3,3.95,3,,-33.04,6.9,-2.8,40.07,0.01,-4.52,0.46,9.47,2.8,-8.8,,13,-2.98,1,10,,-8.89,-0.4,-7,8.46,,34,24,12,-3,4.81
Vanderbilt,Tennessee,2.5,5.92,5.64,1.53,9.75,3.59,8.4,10.89,7,7.5,13,3.98,7.5,5,4.89,-1.85,,6.56,5.71,3.66,8.55,11.56,0.74,3.79,-2.74,5.3,7.22,12.21,19.22,7.32,5.82,12.22,-1,11.09,10.49,15.4,10,3,9,5.67,9.38,6.84,-7,3.16,3.72,11.5,5,4.8,3,,10.94,4.1,5.4,-14.13,6,2.42,3.84,6.49,2.6,8.6,,11,4.59,-1,10,,8.03,1.2,6,4.47,,18,41,12,5,5.38
Virginia,North Carolina,-3,-7.96,-8.01,-6.54,-3.73,-7.01,-2.12,1.14,-8,-21,-8,-13.39,-5,-10.17,-0.35,-10.27,,-5.46,-0.83,-9.2,-4.85,-6.56,7.64,3.5,-9.81,-6.18,-4.2,0.68,-6.61,-4.11,-5.79,-0.95,-8,-2.23,-3.78,-8.3,-8,-5.5,4,-10.34,-5.74,-4.25,-9.5,-6.89,-9,3,-3,-7.9,-3,,-18.51,1.8,-5.5,-4,-4,-0.35,0.32,-6.01,-6.8,-5.85,,-7,-3.42,-6,-13,,-9.3,-2,-12,5.01,,37,13,12,-5,-4.33
West Va.,Oklahoma,-10.5,-13.66,-19.93,-12.12,-16.9,-11.37,-11.45,-10.79,-9,-29.5,-18,-18.45,-12.5,-14.23,-8.17,-14.37,,-13.1,-9.94,-17.2,-15.15,-11.84,-12.65,-6.72,-7.82,-14.82,-2.95,-11.12,-28.18,-10.53,-12.06,-11.27,-27,-7.08,-6.74,-17.3,-12,-10.5,-10,-15.65,-9.51,-8.87,-13.5,-14.71,-19.11,-11.5,-8,-19.97,-10.5,,-13.47,-18.1,-18.8,-11.56,-13,-14.28,-1.8,-16.58,-15.5,-8.9,,-11,-9.7,-8,-13,,-15.9,-10.5,-15,5.27,,50,49,12,-9,-12.24
Western Mich.,Eastern Mich.,14,13.98,13.38,9.79,17.48,13.27,12.46,9.29,24,11.5,19,15.6,15,14.86,8.05,14.16,,13.27,9.79,15.26,15.85,15.63,15.28,6.37,9.25,10.64,10.41,11.39,15.79,13.43,13.38,14.81,10,13.92,13.37,20.5,17,13,10,7.95,11.7,9.22,9.5,9.76,12.56,9,12,12.86,14,,14.59,21.9,18.2,17.77,16,1.07,4.41,18.94,13.4,9.1,,15,11.26,9,14,,20.12,8.5,10,3.81,,29,23,12,12,14.98
Wisconsin,Ohio St.,1,1.35,4.38,-1.66,-3.35,1.02,5.17,-11.05,-3,-5,-6,1.9,-7.5,3.37,-6.34,3.72,,-0.63,2.22,1.09,7.55,-4.5,-1.59,-9.3,-16,3.52,0.01,-11.71,7.97,-8.07,1.18,-14.32,-1,-10.71,-10.33,-21.5,10,1.5,0.01,-1.61,-2.42,4.83,8,3.97,5.1,-8,3,5.63,1,,9.88,7.6,1.9,-0.76,1,-15.26,1.77,3.26,4.6,-8.45,,11,0.22,3,1,,-6.88,0.7,-6,6.86,,21,14,12,-4,2.18
Alabama,Auburn,34.5,30.97,38.87,31.66,49.76,30.15,36.41,27.99,44,36.5,28,37.36,28,35.39,25.53,33.4,,33.2,28.77,35.92,33.85,39.67,41.94,28.16,31.52,,29.32,32.97,41.21,33.71,32.43,33.99,48,31.36,32.35,55.2,35,33,27,27.04,32.63,24.16,36.5,32.09,40.2,33.5,27,28.44,34.5,,35.26,40.7,32.5,33.47,31,24.84,17.59,27.9,35.2,24.8,,37,26.83,23,35,29.1,39.46,25.2,22,6.62,,0,49,13,32,30.24
Arizona,Arizona St.,2.5,5.02,-1.24,-1.97,-2.38,1.69,2.89,12.33,3,0.01,9,-3.13,10,-2.69,14.46,10.58,,3.73,7.21,-1.46,-4.05,11.71,-6.82,9.81,5.25,,3.55,14.38,-0.6,10.52,2.98,15.28,7,14.64,14.44,25,1,3,4,3.19,9.8,0.9,-1.5,1.05,-0.66,5,2,-5.23,2.5,,-0.86,-4.8,-0.01,14.7,3,3.73,6.39,-3,3.4,6.35,,-1,6.02,-3,-3,-12.4,7.53,3.4,1,6.63,,41,34,13,4,-2.23
Arkansas,LSU,-12,-15.52,-15.9,-8.85,-20.98,-12.44,-15.18,-16.27,-22,-16.5,-17,-16.57,-14.5,-14.82,-18.63,-18.56,,-15.9,-13.37,-15.89,-17.05,-22.58,-19.57,-17.63,-22.25,,-16.2,-19.68,-15.68,-18.07,-16.23,-19.62,-21,-16.61,-18.1,-34.6,-13,-12.5,-16,-11.97,-17.45,-7.8,-11,-12.81,-18.59,-18.5,-8,-17.27,-12.5,,-15.2,-11.3,-14,-10.83,-9,-24.35,-7.44,-7.43,-20.2,-18.65,,-14,-10.81,-10,-18,-17.9,-21.24,-13.4,-11,4.59,,20,13,13,-16,-14.56
Baylor,Texas Tech,3.5,-1.8,3.04,-0.71,-10.54,1.73,12.02,-4.72,2,-3,-5,3.27,-4.5,1.8,-6.95,-0.66,,1.16,4.09,3.17,13.9,-4.13,-6.73,-3.32,-3.2,,7.12,-12.59,13.13,-2.54,1.34,-5.23,4,-6.22,-5.36,-10.3,10,2,9,-1.53,-2.29,7.3,6,0.87,1.18,2.5,-1,4.12,3.5,,8.98,3.7,-2.9,10.1,3,-4.93,-0.01,0.01,6.5,-2.05,,18,2.15,2,7,-8.8,-2.5,3.4,-8,6.25,,45,52,13,-1,4.31
Bowling Green,Buffalo,9.5,12.57,13.63,13.02,11.18,9.47,12.57,10.62,12,27.5,9,11.26,11,14.85,6.43,7.59,,11.37,11.29,7.56,13.95,16.46,7.35,11.33,13.57,,6.93,13.11,16.89,12.61,11.09,13.97,10,13.11,13.9,20.7,13,9,12,16.69,14.74,10.61,6,10.05,11.26,13,9,7.13,9.5,,9.92,8.1,8.1,1.89,6,2.06,5.88,7.5,12.8,8.8,,16,10.89,6,14,12.5,16.21,5.7,9,3.71,,7,21,13,10,9.74
Central Florida,UAB,21.5,21.32,28.76,21.09,18.88,20.72,27.34,20.41,31,21.5,27,26.11,23,22.62,12.98,25.84,,24.28,23.2,24.78,33.05,34.17,45.72,23.66,14.24,,20.87,22.85,33.74,20.11,23.52,25.14,28,23.93,23.73,39.2,27,22,24,14.72,26.78,25.87,23,23.23,28.49,22.5,19,26.29,22,,30.01,23.3,22.2,21.38,23,5.29,7.93,23.37,25.7,18.15,,29,20.42,15,21,31.7,29.43,14.4,13,6.01,,24,49,13,18,28.72
Cincinnati,South Florida,13.5,11.22,16.62,9.65,17.71,11.32,15.48,10.86,21,22,17,12.46,13.5,11.86,6.57,15.06,,14.39,11.93,12.49,12.15,21.25,15.54,18.98,14.18,,14.7,15.5,22.36,16.08,14.01,15.65,19,18.12,18.75,30.2,13,13,12,15.11,18.68,12.92,18,14.27,16.89,16.5,8,11.63,13.5,,27.63,11.3,14.8,20.97,9,2.54,8.22,7.83,7.9,12.95,,12,11.07,5,17,17.6,20.49,9.7,10,4.73,,10,27,13,13,10.77
Clemson,South Carolina,3.5,-3.14,4.79,6.7,3.15,3.28,3.53,-6.04,6,-2.5,3,2.22,4,-0.22,-9.46,6.76,,3.08,2.09,2.06,9.15,-0.71,10.82,-0.39,6.5,,1.09,-7.4,16.23,2.72,3.38,-0.85,-1,3.9,3.61,2.4,10,5,5,0.73,3.49,6.63,10.5,3.81,3.5,2.5,3,-4.22,3.5,,0.18,13.4,4,14.03,4,-22.3,3.96,0.3,2.1,2.15,,10,0.99,-2,4,5.3,-1.92,-0.4,3,4.59,,27,17,13,2,6.32
Colorado,Utah,-24,-17.72,-27.71,-17.52,-28.49,-17.43,-18.46,-13.63,-25,-5.5,-19,-27.43,-12.5,-21.93,-21.24,-13.39,,-19.76,-13.72,-25.56,-24.95,-26.92,-33.43,-21.12,-11.82,,-19.97,-11.39,-28.13,-15.61,-19.99,-14.92,-29,-10.47,-9.36,-18.8,-21,-22,-24,-4.53,-14.8,-25.39,-21,-18.3,-25.46,-13.5,-15,-24.53,-23.5,,-20.87,-23.9,-24.5,-34.49,-20,-4.28,-3.56,-20.92,-25.6,-14.3,,-27,-12.44,-17,-29,-30.4,-22.61,-18.1,-18,6.25,,42,35,13,-18,-21.52
Colorado St.,New Mexico,3.5,3.74,3.55,0.91,-0.01,1.82,4.19,4.65,-1,-7,1,2.58,2,3.08,2.13,9.93,,3.47,5.15,3.15,5.05,5.04,2.6,1.78,2.8,,2.86,5.92,7.69,2.59,3.25,4.62,-6,1.64,2.95,1.1,5,2.5,6,0.66,4,4.91,0,4.27,3.42,5,6,1.86,3.5,,5.01,5,4.6,18.3,3,1.71,7.83,11.89,3.9,1.25,,6,2.54,2,7,9.9,-0.92,2.4,-4,3.29,,20,24,13,-1,3.95
Duke,Miami (Fla.),-5.5,-3.07,-5.59,-2.87,2.65,-5.16,-10.11,-0.5,-1,-9,-0.25,-5.92,1.5,-5.34,1.9,-5.99,,-4.08,-2.63,-6.15,-14.45,-3.63,-4.97,3.98,2.47,,-5.13,4.29,-7.43,-0.9,-4,2.79,-11,-1.43,1.45,-0.2,-9,-5,-8,-4.64,-2.19,-3.97,0,-2.46,-5.16,-4,-1,-8.29,-5.5,,-8.37,-10,-3.8,11.75,-4,-0.02,-0.29,-6.25,-3.9,-4.65,,-13,-2.22,-6,-3,-7.9,-3.36,-4.2,-1,4.07,,52,45,13,-4,-7.26
East Carolina,Marshall,6,7.7,5.16,2.08,4.26,6.49,5.85,9.57,13,13.5,12,6.62,10,6.11,4.93,9.12,,7.25,6.81,5.65,6.25,10.58,2.95,7.1,4.04,,5.82,13.25,9.02,5.86,6.72,11.01,-2,10.69,12.17,17.1,7,4.5,9,10.93,9.57,0.93,8.5,6.55,6.7,11,3,6.13,6,,8.72,3,4.1,11.01,5,1.42,8.35,6.74,8.9,6.9,,7,6.83,2,6,22,10.92,3.3,2,3.97,,59,71,13,5,3.51
Eastern Mich.,Northern Ill.,-20.5,-19.81,-24.94,-18.42,-21.81,-20.72,-19.72,-16.02,-34,-19.5,-29,-24.65,-21,-23.55,-6.36,-19.08,,-21.65,-13.85,-25.53,-25.75,-36,-28.6,-26.28,-14.33,,-15.83,-18.87,-26.62,-25.2,-21.26,-22.5,-22,-25.49,-24.31,-44.6,-22,-20,-20,-13.21,-26.18,-14.6,-16.5,-16.61,-23.35,-20.5,-14,-24.94,-20.5,,-23.72,-29.6,-25.5,-13.34,-20,-3.87,-6.92,-18.31,-20.4,-25.8,,-21,-15.41,-16,-17,-28.2,-31.9,-13.7,-25,6.07,,49,7,13,-24,-19.68
Florida Intl.,Louisiana-Monroe,-4,-9.42,-10.52,-5.82,-12.9,-8.25,-3.85,-7.86,-9,-23.5,-13,-11.43,-9.5,-10.83,-7.01,-7.91,,-8.28,-2.72,-11.23,-6.05,-15.92,-2.22,-12.4,-6.35,,-7.88,-11.13,-4.89,-11.26,-7.89,-9.47,-9,-13.06,-12.37,-25.1,-5,-6,-1,-13.24,-11.37,-1.29,-5.5,-7.66,-11.84,-8,-5,-12.61,-4.5,,-5.71,-4.6,-11.3,-12.2,-6,-3.22,-3.48,-1.33,-7.8,-12.5,,-2,-5.76,-4,-4,-13,-17.2,-6.2,-11,4.74,,23,17,13,-9,-1.47
Florida St.,Florida,7,-5.47,4.77,11.81,2.37,5.41,5.11,-10.57,7,0.01,-2,4.78,-4,0.01,-7.27,10.37,,2.67,-0.45,2.25,9.75,-4.04,13.05,-4.7,1.5,,3.18,-15.45,9.03,-2.72,3.45,-9.31,-1,-4.33,-4.76,-14.8,13,8,6,3.42,0.78,8.74,9,4.34,3.72,3.5,10,1.73,6.5,,-1.35,17.2,7.9,6.32,7,-23.95,6.84,8.54,8.8,-2.35,,17,-0.7,3,-3,-2.4,-5.2,-1.2,6,7.10,,37,26,13,5,10.99
Fresno St.,Air Force,16.5,18.25,24.19,9.52,17.58,17.57,17.48,16.29,22,8.5,20,23.69,16.5,20.81,16.25,16.68,,17.8,19.73,21.44,22.35,25.75,22.37,13.17,10.24,,13.76,15.94,24.76,16.59,17.57,17.36,19,15.45,14.82,25.8,16,16.5,21,7.44,19.89,16.16,19,19.25,23.26,18.5,12,22.37,16.5,,20.09,20.4,19.9,34.86,17,3.21,6.38,13.3,18.2,13.05,,23,17.12,4,14,30.3,20.82,14.2,14,4.91,,15,48,13,11,18.13
Georgia,Georgia Tech,14.5,21.53,18.01,11.82,18.81,15.48,14.66,25.79,25,25,28,19.43,23,17.51,25.54,16.27,,18.84,15.36,18.58,16.85,30.08,11.14,21.7,23.34,,21.19,33.22,17.09,22.61,17.74,28.25,14,25.14,22.81,38.1,13,13,15,14.78,21.55,12.95,9.5,15.99,18.54,24,14,24.91,15,,14.12,19.3,16.1,15.59,18,25.87,4.56,17.16,18.4,14.95,,17,15.28,7,17,31.2,25.59,15.6,10,6.28,,10,42,13,13,12.61
Hawaii,UNLV,-3,-5.11,-9.75,-1.22,-10.02,-6.75,-10.68,-3.44,2,-11,-2,-9.12,-1,-6.52,0.37,-0.57,,-3.95,-10.07,-9.85,-8.05,-0.17,-0.89,10.41,-5.8,,-0.95,-4.13,-13.97,-5.23,-3.72,-1.16,-11,1.4,1.18,0.9,0.01,-4,-5,-4.73,0.61,-1.12,-10.5,-8.07,-13.04,-4.5,3,-7.49,-3,,-0.99,-1.4,-3.2,-23.38,-3,-13.79,2.04,0.82,-2.4,-5.6,,-7,-4.06,-4,1,-7.8,-9.94,-10.8,-7,4.75,,10,48,13,-4,-3.14
Houston,Tulane,12.5,9.7,12.02,15.84,13.38,9.62,12.37,8.19,13,24,17,12.64,13.5,11.51,3.07,15.56,,12.82,7.11,11.25,12.35,12.75,9.8,11.65,9.89,,14.11,11.18,8.18,10.84,12.01,10.56,15,11.09,11.58,17.6,22,13.5,10,15.01,10.95,16.54,16,10.89,12.67,10,17,14.48,12.5,,11.87,13.5,10.7,12.86,12,1.46,6.01,17.46,16.6,6.3,,18,7.91,13,21,28.8,15.04,9,8,4.42,,17,40,13,10,14.21
Iowa,Nebraska,-16,-12.51,-12.38,-15.64,-20.17,-8.27,-15.25,-13.42,-15,-14,-18,-11.07,-14.5,-11.49,-17.72,-11.59,,-15.42,-12.86,-11.31,-17.15,-24.83,-19.94,-14.73,-9.82,,-16.8,-17.87,-19.2,-17.32,-14.81,-20.29,-20,-19.11,-20.63,-39.9,-12,-14.5,-18,-12.77,-19.16,-15.42,-11,-7.69,-11.86,-24.5,-14,-9.83,-16,,-12.43,-23.1,-19,-6.79,-16,-5.44,-11.55,-14.89,-16.5,-20.6,,-13,-9.6,-9,-10,-9.8,-18.34,-7.7,-11,5.03,,13,7,13,-16,-13.56
Iowa St.,West Va.,-3,4,9.8,-6.14,5.23,4.9,2.22,2.23,7,5,10,7.26,10,5.75,8.53,4.16,,4.85,4.72,6.23,3.75,4.83,2.1,5.76,3.82,,-2.11,4.91,12.21,4.51,4.96,6.1,13,6.08,5.94,8,5,-1,3,5.08,5.51,-1.09,4,8.44,9.28,1,-1,7.13,-2,,8.27,-2.7,2.6,7.79,5,0.1,5.16,4.42,2.5,-1.7,,4,5.44,-4,3,29.8,5.76,3.9,-1,5.23,,31,24,13,-2,0.88
Kent,Ohio,9,12.24,13.89,4.95,9.93,12.4,16.18,14.15,16,16,15,12.17,13.5,11.36,7.62,9.62,,12.56,18.06,10.35,15.85,23.21,7.8,15,10.6,,12.32,13.84,19.65,14.91,12.51,17.51,16,15.61,15.54,23.2,11,10,15,11.23,16.38,6.59,12,10.82,12.44,14,5,12.04,9.5,,5.02,10.8,7.2,13.82,12,3.5,6.46,6.91,10.7,12.8,,13,12.57,4,1,26.5,16.87,8.4,2,4.79,,6,28,13,8,12.72
Louisiana-Lafaye,South Alabama,18.5,21.32,18.83,17.39,14.57,19.32,21.04,20.77,25,14.5,23,21.24,20.5,22.18,15.52,14.7,,20.36,18.54,,21.45,30.92,23.75,27.35,9.41,,20.53,21.27,20.37,24.04,20.67,25.56,12,24.82,24.54,43.2,23,18.5,20,14.24,23.63,22.9,,16.34,19.48,20.5,16,20.67,18.5,,24.3,16.6,,13.55,23,4.96,14.47,15.2,23.5,18.25,,21,19.01,9,21,29.2,31.57,15.8,12,5.46,,30,52,13,15,16.51
Louisville,Connecticut,10.5,15.82,14.03,11.91,15.72,13.07,10.07,17.17,19,16,16,14.29,16,14.81,7.7,14.95,,14.64,9.81,14.32,10.65,27.04,18.61,19.41,15.71,,11.26,21.4,16.95,22.18,14,23.14,15,25.87,26.04,43.8,10,13,7,14.44,23.11,13.72,14.5,12.3,14.12,19.5,11,11.57,11,,11.22,14.4,11.1,22.28,11,3.83,12.88,6.08,9.1,16.9,,9,11.72,4,14,15.5,23.73,10.4,10,6.02,,23,20,13,13,9.89
Massachusetts,Central Mich.,-11,-9.95,-11.48,-10.59,-5.87,-10.56,-7.88,-8.24,-13,0.01,-18,-14.51,-12,-12.71,-6.98,-22.31,,-11.18,-6.27,-14.81,-12.05,-12.38,-18.73,-15.9,-7.06,,-8.08,-8.14,-16.05,-13.89,-11,-12.79,-10,-11.93,-13.31,-25.7,-10,-11,-10,-1.73,-7.13,-14.35,,-9.76,-14.68,-10,-9,-18.3,-11,,-1.4,-9,,-17.79,-7,-14.31,-2.96,-10.6,-14.2,-13.8,,-11,-5.74,-11,-7,-17.5,-20.72,-9.7,-13,4.72,,42,21,13,-12,-12.78
Memphis,Southern Miss.,3.5,10.49,10.6,-4.08,14.05,5.87,6.74,13.62,7,6,14,8.72,13,7.76,23.85,1.46,,8.09,14.4,7.64,8.35,8.88,-2.67,9.83,6.01,,1.3,14.14,16.96,11.84,8,22.53,5,11.58,13.45,19.4,0.01,3.5,12,3.14,7.72,-3.91,10,9.27,10.34,12.5,-5,7.93,4.5,,14,8.6,5.7,7.66,8,15.2,0.29,-2.11,-0.2,10.5,,8,10.78,-5,3,17.8,42.79,4.6,4,7.90,,24,42,13,6,7.85
Miami (Ohio),Ball St.,-7,-11.58,-15.87,-5.62,-11.12,-11.46,-15.41,-12.03,-15,-20.5,-16,-13.92,-12.5,-11.75,-4.53,-17.56,,-12.73,-12.77,-14.57,-15.55,-21.63,-5.4,-13.72,-7.68,,-13.9,-9.3,-18.03,-15.45,-12.63,-14.22,-20,-15.88,-15.26,-30,-8,-7,-16,-13.29,-16.26,-8.73,-10,-10.92,-16.05,-11,-4,-15.42,-8,,-5.81,-12,-14.4,-19.16,-11,-3.76,-6.08,-8.18,-13.5,-17.3,,-12,-8.86,-9,-3,-16,-18.02,-9.2,-10,4.74,,31,24,13,-10,-10.81
Middle Tenn.,Troy St.,3,6.17,6.3,0.17,4.14,4.13,2.47,9.47,6,3,9,4.96,8.5,3.16,7.39,2.84,,5.82,8.8,,1.75,9,0.84,16.92,6.82,,4.82,7.71,4.03,9.43,5.16,10.96,9,11.33,12.79,18.2,2,3,4,5.52,9.42,-1.4,3.5,7.39,7.96,8,2,5.35,3,,6.51,1.3,-0.6,4.04,4,2.63,8.04,-2.54,0.6,9.4,,3,6.78,-1,3,20.7,10.75,3.6,2,4.62,,21,24,13,4,6.86
Minnesota,Michigan St.,-8.5,-4.27,-7.51,-11.18,-7.97,-4.68,-8.02,-3.14,1,-2,-2,-5.4,-1.5,-5.1,-1.99,-11.4,,-5.5,-5.73,-6.8,-8.45,-9.25,-10.76,-4.52,-2.72,,-3.28,-1.35,-5.03,-2.71,-5.25,-0.26,-16,0.01,0.9,-3.5,-7,-8.5,-10,-0.44,-3.85,-12.24,-8.5,-4.41,-7.44,-6,-8,-2.59,-8,,-7.15,-8.7,-2.8,-11.37,-5,-0.84,1.12,-6.48,-8.7,-1.45,,-7,-3.89,-10,-11,-5.7,-3.87,-5.5,-3,3.62,,26,10,13,-6,-5.84
Mississippi,Mississippi St.,1,0.11,0.79,-1.4,1.83,2.77,-0.68,-1.03,-2,1,-4,1.24,-3,1.45,-6.47,1.06,,-1.26,1.32,0.92,1.15,-7.08,-2.81,-6.97,-3.17,,0.98,-1.74,2.21,-2.99,-0.84,-5.37,1,-5.63,-6.42,-13,-2,1.5,-1,2.1,-5.41,-5.26,2,1.43,-0.01,-0.5,-3,0.55,1,,-2.3,4.9,1.4,4.35,3,-10.44,3.19,3.21,-0.6,-6.25,,-4,0.57,-3,-1,-4.9,-7.08,3.8,-3,3.36,,24,41,13,-3,-0.63
NC St.,Boston College,13.5,11.87,11.78,8.92,20.3,10.36,13.69,12.96,21,15.5,15,11.51,14,11.13,13.26,10.68,,13.38,10.1,10.26,14.35,21.54,14.87,19.87,11.09,,15.56,16.61,17.29,15.31,12.5,18.02,17,16.74,16.97,25.3,11,13.5,10,10.52,16.39,10.16,7,11.44,11.52,12.5,9,11.43,13.5,,12.89,15,13.5,14.62,11,2.5,5.54,9.84,10.4,11.5,,10,9.85,6,11,20.2,19.78,9.2,10,3.87,,10,27,13,14,11.45
New Mexico St.,BYU,-27.5,-28.12,-36.55,-27.7,-26.78,-27.96,-32.16,-23.27,-31,-31,-23,-34.15,-20.5,-33.96,-16.11,-39.08,,-29.67,-33.63,-35.24,-37.65,-38.5,-39.75,-28.65,-12.86,,-30.7,-21.85,-36.65,-26.4,-29.45,-25.45,-40,-21.7,-21.55,-45,-32,-29.5,-33,-20.82,-24.77,-27.96,-24,-27.56,-37.99,-38,-26,-29.03,-27.5,,-31.59,-40.7,-36.8,-38.65,-30,-30.04,-11.13,-29.6,-37.5,-25.9,,-36,-23.73,-22,-28,-29,-36.75,-23.2,-20,7.00,,50,14,13,-25,-29.39
North Carolina,Maryland,25,15.95,17.47,15.51,19.83,15.76,16.59,12,20,30,20,20.69,16.5,20.86,2.86,18.62,,17.5,13.51,18.96,21.55,20.29,25.51,12.01,13,,13.78,11.57,24.49,15.92,17.04,13.94,20,16.58,15.77,24.4,20,22.5,17,19.34,18.71,16.51,20,14.74,17.08,14.5,13,18.2,24,,24.22,20.2,17.2,15.43,15,1.55,9.18,17.82,16.8,11.75,,23,12.15,9,21,26.1,21,11.5,12,4.62,,38,45,13,18,20.04
Northwestern,Illinois,18.5,23.78,26.86,13.78,25.47,19.57,21.65,23.87,35,21,25,23.9,22.5,24.06,12.56,19.6,,23.25,23.97,22.85,25.55,40.92,26.26,26.07,19.06,,19.46,23.35,30.42,26.96,23,30.37,34,29.67,29.14,49.3,20,18.5,23,17.56,30.55,15.73,19.5,21.58,26.47,22,13,22.2,19,,27.2,23,19,26.36,21,5.96,14.63,12.66,19.2,22.35,,21,20.16,9,18,28.5,32.97,19,15,6.52,,14,50,13,19,20.25
Ohio St.,Michigan,3.5,4.38,2.23,6.3,7.47,3.8,3.61,7.59,12,18.5,11,2.9,12.5,2.34,8.97,-1.39,,6.28,7.77,3.14,1.35,7.75,0.33,13.67,18.5,,4.04,12.47,5.08,10.53,5.04,16.6,11,12.71,13.44,19.5,5,5,6,9.91,7.6,-2.03,1.5,3.43,1.94,9.5,1,-0.41,3.5,,4.54,4.2,1.1,-3.46,5,12.84,1.33,0.43,2.8,5.75,,4,7.45,-2,7,8.1,12.99,6.6,5,5.17,,21,26,13,6,7.38
Oklahoma,Oklahoma St.,6.5,6.01,4.73,10.02,5.68,2.1,-1.61,6.92,7,6,10,6.13,10,5.12,5.73,7.06,,5.3,2.29,5.02,-1.45,7.04,-5.16,9.96,4.75,,1.56,11.19,2.77,7.1,4.99,11.57,12,7.38,8.19,10.6,1,7.5,2,4.28,6.15,3.12,8,6.26,6.06,5.5,4,10.45,6.5,,3.86,5.5,1.5,25.25,4,1.69,2.55,6.65,4.7,3.1,,4,4.66,2,1,22.3,6.24,4.2,2,4.06,,48,51,13,4,4.86
Oregon St.,Oregon,-9.5,-0.86,-7.71,-9.29,-8.44,-3.76,-8.08,0.22,-5,-7.5,-1,-7.21,-2.5,-1.87,1.33,-9.51,,-4.84,-5.58,-6.93,-8.55,-1.71,-5.73,-6.77,-4,,-9.14,-5.81,-6.93,-2.26,-5.77,0.76,-1,2.69,0.63,1,-10,-11,-7,-5.11,0.11,-11.7,-7,-5.37,-8.9,-6.5,-8,1.07,-9,,4.08,-4.3,-10.3,-9.69,-4,-0.49,-2.73,-8.14,-12.2,-4.8,,-7,-3.47,-7,-7,11.9,-4.29,-4.5,-16,4.57,,48,24,13,-8,-7.13
Penn St.,Wisconsin,2,0.57,-0.17,-1.04,4.8,2.02,-0.49,0.35,6,3.5,2,-0.42,3.5,1.07,-4.11,-9.12,,0.62,1.08,-0.39,-0.75,-1.88,-5.47,6.66,6.7,,2.22,0.01,2.68,2.53,0.66,1.85,-1,4.07,3.95,3.2,-2,2,2,2.07,2,-2.57,0.5,0.22,-1.58,3.5,-3,0.01,2,,3.5,0.3,0.7,-19.86,-1,-0.97,0.63,-2.31,-2,0.5,,-5,0.76,-6,-3,5.1,1.03,0,-2,3.06,,21,24,13,2,1.18
Pittsburgh,Rutgers,1,-8.37,-0.89,1.44,-3.83,-0.71,-1.81,-12.3,-14,-6,-9,-0.63,-6,-4.16,0.51,3.17,,-5.12,-3.46,-1.67,-1.85,-21.54,-2.84,-17.85,-11.92,,-3.69,-13.32,-3.61,-13.76,-3.32,-17.55,-7,-17.98,-17.11,-31.4,3,2,-5,-3.75,-13.76,-3.19,2,2.72,1.58,-11,0.01,-2.69,0,,3.23,6,4.9,0.64,-2,-3.41,-1.51,-0.64,-2.9,-14.3,,-2,-5.1,-1,-1,-6.5,-16.61,-0.9,-6,7.21,,6,27,13,-6,5.65
Purdue,Indiana,5.5,3.79,4.23,5.69,8.84,4.65,4.06,2.96,6,0.01,10,7.35,10,4.81,3.22,7.19,,6.21,0.66,6.37,6.35,7.79,7.53,12.17,1.17,,2.44,5.34,3.68,6.59,6.18,7.28,-4,8.18,8.33,12.9,10,5.5,5,3.62,7.32,12.42,7,4.97,4.68,5.5,9,8.86,5.5,,10.66,8.7,4.5,0.89,5,0.79,7.24,7.84,8.1,3.55,,11,2.98,1,7,21.6,4.68,5.3,1,3.87,,35,56,13,4,7.2
SMU,Tulsa,-5,-5.46,-6.05,-3.88,-7.3,-3.79,-10.72,-8.04,-11,-17.5,-11,-4.63,-10,-2.39,-11.44,-5.04,,-7.67,-5.86,-4.36,-7.85,-18.79,1.65,-12.64,-4.61,,-4.34,-7.55,-6.49,-12.45,-6.25,-12.9,-15,-14.59,-14.54,-28,-7,-5.5,-10,-8.24,-12.65,-5.91,-7,-3.51,-6.45,-9.5,-6,-3.03,-5,,-4.57,-7.1,-5.7,9.62,-5,-5.32,1.03,-5.35,-7.6,-13.35,,-8,-3.18,-5,-4,-5.7,-9.86,-5.3,-8,4.69,,27,35,13,-8,-5.71
San Jose St.,Louisiana Tech,4,7.61,5.95,-2.74,10.98,3.44,3.08,6.86,5,-4.5,15,4.66,12,8.58,4.07,4.41,,5.8,6.61,3.79,5.05,10.21,5.96,3.33,0.4,,4.01,1.58,8.57,4.87,5.02,8.29,8,6.08,6.63,10.2,1,3,5,-0.61,6.57,-2.13,2.5,5.46,5.53,3.5,0.01,14.24,4,,17.85,8.2,10.8,4.54,7,1.38,3.27,4.53,1.5,2.4,,2,4.88,-1,-3,33.1,6.3,2.6,-1,5.67,,43,52,13,2,4.53
Temple,Syracuse,-7.5,-7.99,-12.06,-7.36,-9.75,-7.73,-9.28,-6.43,-8,-11.5,-8,-9.05,-7,-9.29,-0.63,-8.36,,-8.72,-8.13,-9.43,-9.35,-13.71,2,-3.45,-6.64,,-14.4,-6.77,-10.1,-7.67,-8,-6.9,-17,-7.81,-6.78,-17.3,-5,-9,-11,-9.1,-9.18,-3.23,-5,-7.18,-11.23,-7.5,-6,-13.42,-7.5,,-10.7,-16.5,-12.7,-8.17,-8,-2.76,-6.71,-5.81,-13.3,-10.95,,-7,-6.62,-5,-3,-12.8,-10.7,-7.8,-8,3.61,,38,20,13,-8,-9.23
Tennessee,Kentucky,14,10.48,15.58,15.45,18.63,10.58,13.53,7.47,19,20,18,12.76,14.5,13.56,9.65,17.32,,13.79,11.87,12.16,13.55,16.92,20.89,9.65,14.72,,14.74,10.75,19.81,10.84,13.56,9.46,22,10.36,9.26,14.6,15,15.5,12,14.11,13.05,14.06,23,13.54,16.06,9.5,12,17.47,14,,16.91,14.1,13.4,28.49,13,1.13,8.21,16.47,20.6,3.75,,13,8.56,9,14,26.6,15.74,9.4,11,4.25,,17,37,13,10,14.72
Texas,TCU,7,10.79,9.49,4.79,7.9,11.67,8.88,12.12,15,11,12,10.67,11.5,9.68,3.72,6.03,,9.44,9.88,10.84,8.85,13.21,-2.93,8.94,12.3,,6.49,12.34,13.56,14.45,9.79,13.08,12,14,13.7,21.7,4,8,8,8.16,11.97,6.06,10,9.3,10.36,8,5,8.62,7.5,,7.17,5.8,3.7,-3.13,10,1.89,5.33,7.92,9.7,13.55,,10,9.19,1,7,12.3,13.56,7,5,3.90,,20,13,13,6,10.07
Texas A&M,Missouri,22.5,17.43,25.6,16.36,28.57,17.09,20.3,15.13,27,22.5,22,23.2,20.5,20.41,22.25,21.91,,21.13,17.63,20.28,23.25,21.46,27.43,21.28,24.27,,20.85,15.73,27.67,19.3,20.92,20.17,27,15.78,18.42,27.2,20,19,20,14.94,19.77,15.06,20,21.64,26.81,22,14,22.29,22.5,,24.07,30.7,21.8,17.65,23,22.59,7.38,19.72,21.6,15.9,,27,15.3,10,18,30.3,23.85,15.2,12,4.80,,29,59,13,20,18.53
Texas-San Antoni,Texas St.,-1,3.58,2.95,-2.95,10.47,-1.87,-4.59,5.24,5,-9.5,9,-2.58,12,2.19,3.49,-3.4,,2.04,-1.13,,-4.45,5.38,-0.01,-1.69,3.28,,-3.28,3.25,4.74,5.34,1.16,9.19,-2,9.31,10.25,17.5,0.01,-2,-1,-4.23,6.45,2.73,,0.6,-1.02,3.5,6,-1.37,-1,,1,2.8,,-4.89,-3,0.23,0.55,-1.58,-1,5.8,,-2,2.29,-4,3,13.6,8.41,,5,5.21,,31,38,13,5,1.31
Toledo,Akron,19,25.53,24.97,15.88,16.42,20.65,26.38,30.9,35,33.5,32,21.96,27.5,20.93,23.86,26.61,,26.12,24.68,22.1,24.75,39.04,29.53,35.3,15.43,,24.64,36.81,29.29,32.04,25,39.25,26,34.59,35.98,60.2,24,18.5,25,21.16,29.5,23.85,24,22.63,27.68,22.5,21,22.16,20,,25.73,18.4,18.2,21.07,20,29.59,9.33,19.74,33.8,25.9,,26,21.87,17,21,31,36.92,16.8,17,7.73,,23,35,13,19,21.84
UCLA,Stanford,-3,-2.68,0.98,-3.16,-3.87,0.59,-2.14,-4.5,1,-0.5,-2,0.74,-3,-0.91,0.64,-5.04,,-1.81,-1.18,-0.31,-0.15,-3.38,8.58,-5.28,0.5,,-4.68,-3.96,2.18,-1.73,-1.83,-5.16,-2,-1.67,-2.16,-8.9,-4,0,1,1.97,-0.35,-3.36,-1,1.71,0.29,-5,-3,-1.93,-3,,2.14,-1.3,2.9,4.38,1,-2.32,4.43,-2.87,-1.1,-4.8,,-10,-1.11,-8,-4,-9.7,-1,-1.1,-2,3.22,,35,17,13,-2,1.5
USC,Notre Dame,-4.5,-5.94,-0.8,4.34,-9.53,-1.66,-1.4,-9.04,-3,-23.5,-15,-0.97,-16,-2.72,-14.77,-4.77,,-5.48,1.81,-2.26,0.15,-6.38,2.86,-16.72,-7.5,,1.28,-12.32,-5.3,-12.18,-3.1,-18.41,-10,-11.36,-14.84,-26.7,3,-5,-5,-13.35,-4.79,0.01,0,0.58,-1.21,-8.5,0.01,-7.98,-4.5,,-5.51,-1,4.3,-9.43,0.01,-15.12,-3.21,0.28,-2.2,-14.6,,1,0.77,-3,-3,-9.5,-9.61,-0.5,-4,7.07,,22,13,13,-13,1.84
UTEP,Rice,1,-3.9,-2.22,1.01,-4.46,-1.02,-5.57,-3.47,-3,-5,-3,-0.2,-2.5,-4.13,2.26,2.73,,-2.07,-5.94,-1.45,-3.15,-6.42,-9.67,-5.32,-0.38,,-1.01,1,-9.65,-2.97,-2.34,-3.11,1,-2.23,-3.21,-7.7,-1,2,-6,-2,-3.59,0.55,0.5,0.76,-0.64,-6,1,-1.06,0.5,,-0.38,-2.9,2.7,-7.16,0.01,-1.21,1,3.91,0.4,-7.05,,-6,-3.53,-2,1,6.2,-9.7,0.1,-5,3.30,,33,24,13,-3,-0.72
Utah St.,Idaho,38,34.53,44.73,32.45,44.3,33.67,37.21,30.69,46,38,36,44.19,32.5,38.96,20.31,36.05,,37.14,39.32,42.58,42.45,48.29,41.68,39.24,23.32,,33.24,28.62,50.42,37.08,38,39.12,43,35.4,34.86,59.5,39,39,38,27.98,37.52,35.36,30,35.34,44.44,34.5,28,40.79,38,,43.58,47.4,41.6,43.41,42,19.35,18.47,33.67,34,30.6,,39,32.02,18,38,32.4,44.82,32.8,27,7.32,,9,45,13,34,39.77
Virginia Tech,Virginia,10,9.98,14.52,10.41,10.06,9.39,10.8,8.09,18,15,12,11.72,10.5,12.34,2.83,16.37,,11.06,9.71,10.57,9.05,11,10.65,4.05,8.91,,12.7,3.29,12.57,8.28,10.65,7.61,16,7.78,8.09,12.9,17,10.5,5,11.18,10.64,15.42,16,14.22,15.39,7,10,11.55,10,,19.4,13,10.5,24.71,10,0.71,7.37,11.46,9.6,4,,12,8.84,8,14,21.2,10.95,7.5,2,4.01,,14,17,13,7,11.34
Wake Forest,Vanderbilt,-11,-15.61,-16.02,-9.3,-14.08,-11.01,-16.73,-13.8,-9,-1,-12,-17.08,-8,-17.24,-1.81,-14.75,,-13.18,-13.36,-16.81,-20.05,-24.42,-23.51,0.53,-7.16,,-17.82,-13.47,-20.71,-9.22,-13.9,-9.75,-13,-8.29,-6.18,-15.9,-15,-10,-16,-0.08,-13.2,-15.72,-10.5,-10.41,-15.24,-16,-9,-13.03,-11,,-18.13,-19,-21.9,-14.25,-14,-4.69,0.85,-15.55,-17.1,-11.7,,-19,-10.7,-9,-21,-15.6,-16.47,-12.7,-9,5.19,,55,21,13,-12,-13.03
Washington St.,Washington,-14,-16.29,-11.41,-8.38,-20.08,-10.13,-15.69,-19.96,-15,-10,-15,-11.97,-12.5,-13.04,-18.41,-10.02,,-15.53,-14.86,-12.81,-17.25,-34.83,-20.01,-24.43,-12.47,,-19.76,-22.63,-19.3,-18.91,-14.8,-25.34,-16,-22.91,-21.5,-43.9,-14,-10,-17,-8.48,-21.99,-14.74,-6.5,-7.45,-11.4,-25.5,-9,-8.26,-14,,-11.21,-10.8,-12.5,-4.96,-12,-9.62,-6.95,-8.74,-17,-21.35,,-16,-11.54,-9,-15,-12.8,-23.42,-4.9,-10,6.22,,28,31,13,-15,-13.84
Western Kentucky,North Texas,12,10.49,11.58,10.5,16.77,12.6,12.74,8.97,16,17.5,11,13.33,9.5,12.26,8.92,9.67,,11.34,10.73,12.98,15.15,13.13,17.08,8.95,11.43,,12.06,8.4,14.04,10.18,11.01,9.59,19,8.91,9.27,13,13,11,10,9.34,12.05,13.74,,9.93,11.02,14.5,10,11.93,12,,11.4,11,7.7,8.43,13,2.03,1.69,10.4,10.4,4.9,,10,11.03,2,10,18.8,17.02,,5,3.40,,24,25,13,10,13.32
Wyoming,San Diego St.,-7,-9.59,-11.8,-8.45,-8.15,-8.36,-10.09,-7.74,-16,-12,-14,-10.58,-11,-11.24,-12.97,-8.16,,-10.84,-9.01,-12.45,-12.15,-23.21,-14.75,-10.57,-7.25,,-11.04,-12.32,-13.97,-13.2,-10.59,-13.87,-16,-13.46,-13.36,-27.5,-12,-7,-13,-6.47,-14.26,-7.73,-8.5,-6.85,-11.68,-19.5,-6,-10.12,-7.5,,-13.06,-8.6,-11.5,-20.68,-9,-3.92,-0.94,-8.47,-9.3,-14.15,,-10,-6.65,-10,-7,-10.6,-16.18,,-14,3.74,,42,28,13,-11,-9.14
Arkansas St.,Middle Tenn.,13.5,8.07,9.79,13.58,12.05,6.02,12.57,7.67,11,4.2,11,8.92,9,8.71,2.36,8.21,,9.34,7.39,,11.25,11.53,3.81,6.97,5.5,6.11,7.01,8.41,17.8,7.21,8.56,8.75,4,7.78,6.38,11.4,18,10.5,8,3.94,9.53,15.75,17.5,6.96,7.22,9.5,12,7.76,13,,12.44,16,,0.8,11,0.1,3.63,14.91,14,2.9,,14,7.69,5,10,21.6,6.87,6.8,5,4.22,,0,45,14,2,12.02
Baylor,Oklahoma St.,-4,-1.68,-4.03,-2.81,-10.96,-3.58,-5.14,-1.53,1,-10.5,-6,-2.21,-1,-1.72,-2.72,-3.59,,-3.57,-1.61,-2.98,-4.25,-5.53,0.59,-0.63,-3.45,-2.41,-3.02,-1.01,-0.2,-5.94,-3.52,0.31,-3,-2.07,-1.4,-6.9,-5,-4.5,-1,-5.02,-2.28,-4.24,-4.5,-1.41,-3.77,-6,-4,-2.82,-4,,-5.35,0.2,,10.91,-4,-0.59,0.46,-6.94,-7.2,-4.85,,-5,-0.65,-6,-6,-12.4,-4.14,2,-10,2.83,,34,41,14,-4,-4.16
Connecticut,Cincinnati,-3.5,-8.28,-10.69,-6.13,-9,-8.54,-6.94,-6.83,-6,-3.3,-7,-8.7,-6,-9.53,-3.89,-7.35,,-7.76,-5.26,-10.18,-6.25,-14.63,-12.29,-10.77,-7.5,-9.03,-3.55,-6.28,-12.03,-12.84,-7.17,-7.55,-16,-9.74,-9.88,-21.3,-5,-5.5,-4,-4.11,-11.33,-8.2,-14,-7.78,-11.94,-8.5,-4,-5.45,-4.5,,-12.24,-3,,-5.17,-4,-2.02,-4.98,-0.88,-3.4,-10.25,,-4,-6.56,-7,-14,-7.9,-14.85,-7.1,-11,3.69,,34,17,14,-6,-7.9
Florida Atlantic,Louisiana-Lafaye,-8.5,-9.65,-6.54,-12.51,-6.48,-8.76,-9.86,-9.5,-10,-7,-12,-8.14,-10,-9.58,-11.66,-13.06,,-10.29,-6.47,,-8.25,-19.13,-10.27,-22.61,-4.37,-6.07,-13.25,-9.96,-7.51,-11.95,-10,-11.21,-8,-11.93,-11.74,-22.9,-10,-9.5,-9,-7.62,-12.45,-12.7,-10.5,-4.48,-7.42,-12,-10,-10.02,-8.5,,-19.94,-9.1,,-17.51,-12,-3.19,-8.74,-10.34,-13.1,-13.25,,-8,-8.06,-9,-11,-11.5,-18.82,-7.9,-8,3.79,,35,21,14,-10,-1.41
Georgia,Alabama,-8,-3.42,-10.68,-9.43,-12.12,-6.37,-8.6,1.03,-6,0.01,-7,-10.18,-6,-9.38,0.22,-22.56,,-6.64,-4.06,-9.67,-5.1,-2,0.92,-3.56,-4.75,-8.72,-4.13,-0.57,-3.73,-3.52,-7,1.48,-11,0.01,-0.59,-2.9,-11,-7.5,-2,-3.83,-1.48,-6.97,-11,-9.61,-12.43,1.5,-8,-12.58,-8,,-9.26,-7.2,,-5.33,-7,3.04,-7.66,-10.07,-7,-0.01,,-1,-4.59,-13,-14,-22.3,-6.01,-5.7,,5.13,,32,28,14,-8,-7.24
Georgia Tech,Florida St.,-14,-13.71,-14.64,-11.61,-16.83,-13.78,-10.29,-13.16,-19,-18,-21,-16.38,-15.5,-14.75,-10.58,-13.22,,-14.11,-7.58,-15.01,-14,-25.25,-11.49,-10.33,-14.66,-14.13,-9.53,-12.03,-14.6,-15.67,-13.99,-14.83,-13,-13.97,-14.61,-23.8,-13,-13,-7,-12.1,-16.99,-13.75,-11.5,-12.8,-16.6,-13.5,-13,-18.88,-14,,-11.8,-13.9,,-13.39,-14,-8.83,-6.2,-17.47,-15.9,-11.8,,-14,-9.63,-11,-17,-33.8,-17.53,-11.5,,4.11,,21,15,14,-14,-12.17
Hawaii,South Alabama,7,1.91,-2.47,0.11,-5.55,0.37,5.13,2.58,1,1,3,0.43,1.5,1.5,-2.01,-0.66,,2.24,0.73,1.19,8.85,2.22,-1.86,7.87,-4.2,-3.12,5.09,2.88,3.7,-3.34,2.39,1.5,-10,4.15,3.12,1.4,10,3.5,4,4.15,3.35,4.73,,-3.34,-5.88,8,3,2.39,6,,2.74,-0.7,,-10.91,5,-0.7,7.81,5.98,8.2,-0.7,,5,-0.01,1,11,12.5,4.13,-4.4,-6,4.36,,7,23,14,2,5.1
Kansas St.,Texas,10,10.39,13.93,6.93,13.12,11.81,11.33,10.21,14,16.2,17,13.76,15.5,10.85,6.59,10.3,,12.05,9.28,12.6,10.95,7.66,21.13,16.5,10.5,13.25,10.51,11.08,14.09,9.37,11.57,14.75,13,10.2,12.62,19.4,12,10.5,8,10.21,8.54,9.98,6,12.32,13.97,15,6,14.32,10,,14.17,9.5,,7.95,11,2.05,4.17,7.96,13,7.7,,11,9.14,3,17,28.3,11.99,8.5,9,4.10,,24,42,14,11,13.48
Kent,Northern Ill.,-6.5,-3.67,-10.42,-6.19,-5.87,-6.41,-5.05,0.57,-5,5.8,-5,-8.96,1,-7.2,-0.96,-5.75,,-4.83,-0.24,-7.42,-10.6,-3.91,-11.15,1.16,1,-5.68,-4.98,0.3,-12.18,-0.89,-5.27,2.95,-6,2.1,2.38,4.5,-7,-5,-5,1.46,-2.29,-7.07,-2,-7.94,-9.98,0.5,-6,-10.04,-6.5,,-8.49,-15.5,,-1.81,-7,1.78,-2.83,-11.29,-6.7,-0.5,,-14,-1.97,-7,1,-17.3,-3.17,-1.5,,4.89,,44,37,14,-4,-4.46
Nevada,Boise St.,-7.5,-6.63,-8.84,-5.55,-6.39,-7.56,-13.86,-3.7,-7,-8.5,-12,-9.44,-7,-9.63,-7.17,-11.68,,-9.06,-8.09,-11.88,-13.05,-15.97,-7.31,-10.9,-5.33,-5.31,-9.27,-6.98,-17.53,-8.39,-8.35,-6.88,-13,-7.48,-6.32,-13.4,-11,-8.5,-13,-5.48,-12.02,-10.31,-5,-4.09,-6.84,-6.5,-7,-15.61,-7.5,,-12.16,-8.3,,-10.43,-6,-2.39,-2.45,-6.17,-8.9,-9.4,,-10,-6.31,-11,-10,-20.1,-11.9,-7.1,-6,3.40,,27,21,14,-8,-4.52
Rutgers,Louisville,3,6.36,6.37,-0.77,5.02,2.21,5.37,6.65,8,8,7,2.74,7,6.35,1.2,2.07,,5.57,8.22,2.06,6.05,8.34,-2.96,5.48,6.05,6.31,7.94,5.6,6.31,4.27,6.05,7.09,11,5.36,4.65,6.4,6,2.5,8,5.57,6.36,4.01,6.5,6.12,6.37,3,3,6.31,3.5,,9.79,-1.3,,-1.97,5,0.71,3.13,4.52,7.6,1.9,,7,5.97,1,4,18.2,6.72,4.6,2,3.24,,20,17,14,2,5.64
South Florida,Pittsburgh,-7,-2.37,-6.57,0.01,-6.75,-3.23,-10.98,-0.01,1,-14,-5,-2.99,-5,-4.72,-1.79,-7.12,,-4.3,-6.78,-4.39,-9.45,-6.5,-10.77,0.7,-1.14,-5.92,-5.63,-1.63,-14.03,2.07,-4.44,-0.31,-1,-2.8,-2.64,-7.9,-5,-5.5,-5,-6.29,-4.3,-3.21,-8.5,-4.59,-7.51,-5,0.01,-3.15,-7,,-13.06,-8.5,,-3.29,-2,-1.21,1.42,0.4,-3,-8.25,,-6,-2.5,-6,-1,7.3,-8.53,-1.4,-2,4.07,,27,3,14,-7,-1.63
Stanford,UCLA,8,10.32,9.31,8.56,14.01,7.76,12.32,11.54,12,10.7,12,7.75,13.5,9.54,6.23,12.83,,10.95,11.83,8.11,11.45,9.81,11.33,14.37,9,9.14,11.46,12.18,10.4,7.73,10.36,14.95,9,10.77,11.76,19.1,16,10.5,9,7.51,8.24,12.03,8.5,8.5,9.3,14,10,10.23,8,,8.28,14.5,,10.26,8,2.28,4.27,10.78,9.2,7.2,,16,9.74,8,10,25.2,10.8,7.2,,3.32,,24,27,14,6,8.05
TCU,Oklahoma,-6.5,-5.69,-7.72,-12.72,-3.68,-6.61,-4.71,-5.39,-2,-11.5,-7,-8.86,-5,-5.76,-3.19,-3.84,,-5.84,-1.74,-9.85,-6.35,-5.28,-0.35,-6.76,-9.13,-6.34,-5.49,-8.65,-6.95,-10.65,-5.73,-8.44,-14,-6.11,-7.6,-15.8,-2,-7,0.01,-6.03,-4.08,-5.03,-6,-5.03,-7.8,-6.5,-4,-7.18,-6.5,,-1.49,-4.8,,-11.64,-5,-2.26,-0.55,-9.96,-10.1,-13.55,,-1,-3.68,-4,-3,8.7,-8.05,-1.9,-8,3.96,,24,17,14,-6,-4.67
Texas St.,New Mexico St.,13.5,13.12,16.08,8.05,12.71,12.97,11.55,12.14,22,18.7,18,15.18,15.5,14.42,3.42,15.08,,14.02,18.48,,15.65,11.09,21.38,12.77,9.92,16.68,10.55,12.36,23.08,15.71,13.11,16.91,16,13.03,13.11,21.3,12,12.5,13,12.17,9.41,8.79,,16.17,19.28,17.5,10,14.56,13.5,,10.05,15.2,,15.84,13,24,6.08,8.64,9.4,8.75,,15,11.32,8,13,28.2,20.97,9.8,7,4.73,,28,66,14,9,17.66
Tulsa,Central Florida,3,0.88,1.55,5.85,2.81,0.01,-0.41,0.9,3,4,2,0.39,2.5,1.09,5.03,1.51,,1.76,-1.04,-0.93,0.85,2.81,-6.63,1.33,3.6,1.24,5.25,2.93,-3.03,4.3,1.69,3.19,2,3.9,3.46,4.1,2,1,-2,4.14,1.87,2.07,1.5,1.83,0.55,0,6,-0.44,3,,-2.19,10.1,,1.11,0.01,0.1,4.28,3.09,1.5,-1.5,,3,0.01,-2,3,10.7,-0.27,0.4,,2.87,,27,33,14,1,0.01
West Va.,Kansas,21.5,16.25,14.68,16.9,23.35,13.05,20.85,19.75,26,24.5,28,14.41,22,13.38,25.11,18.86,,19.59,15.86,13.75,21.95,35.72,22.36,25.56,14.13,14.51,26.13,20.07,17.29,19.58,19.05,24.9,12,24.74,23.02,37.8,20,20,22,18.66,24.11,24.2,14.5,12.99,14.84,13.5,19,17.63,21.5,,17,19.1,,15.28,15,19.84,12.82,16.76,17.7,19.35,,23,11.82,12,25,24.9,24.46,10.1,14,5.16,,10,59,14,19,15.96
Wisconsin,Nebraska,-3,-5.14,-1.6,-4.2,-9.98,-0.57,0.28,-8.23,-7,-7,-8,-0.94,-9,-2.09,-6.69,3.02,,-4.21,-2.18,-0.76,0.2,-8.91,3.89,-10.21,-11.51,-2.09,-3.95,-13.37,-1.96,-7,-3.34,-14.31,-6,-12.11,-12.81,-22.6,4,-3,-3,-5.89,-7.72,-4.27,-0.5,-0.27,-0.38,-8.5,-3,1.9,-3,,-1.15,-2.1,,2.13,-4,-10.9,-4.78,-1.58,-1,-10.4,,3,-2.67,3,-4,10,-7.27,-2.3,,5.37,,31,70,14,-6,-1.79
Army,Navy,-7,-13.65,-13.78,-2.14,-13.59,-11.75,-9,-14.46,-23,-15,-20,-12.94,-17,-13.07,-3.38,-15.93,,-12.51,-11.66,-12.79,-12,-21.39,-4.98,-15.42,-4.01,-9.08,-10.61,-15.9,-14.9,-15.98,-12.55,-20.31,-6,-21.81,-21.85,-38.2,-10,-8.5,-6,-10.03,-17.2,-4.92,-11,-10.08,-12.5,-8,-6,-12.76,-8,,-16.3,-11.8,-13.9,-13.08,-13,-8.34,-5.55,-8.97,-7.8,-15.85,,-9,-11.47,-8,-3,-17.8,-23.69,,-8,6.18,,17,13,15,,-12.59
Arizona,Nevada,9,13.51,11.41,11.45,3.52,12.59,11.85,14.92,5,7.7,18,11.63,10.5,12.26,15.26,6.18,,11.02,12.96,15.84,9.9,23.59,5.82,11.36,5.71,9.01,20.12,18.63,1.18,14.88,11.18,14.49,11,14.46,12.34,,9,9,10,6.23,14.18,2.43,-3.5,7.47,9.06,7.5,5,21.7,9,,11.99,4.9,21.9,11.04,11,15.55,4.71,7.69,14.6,10.75,,10,12.72,1,10,23.2,15.27,8.3,,5.23,,48,49,19,7,9.51
Arizona St.,Navy,14.5,14.32,19.87,18.21,11.41,17.26,16.76,8.53,14,8.2,7,21.22,5,20.61,7.35,9.29,,13.6,13.04,21.44,21,14.38,17.37,10.22,7.78,13.51,26.29,6.68,2.23,4.04,14.48,1.6,18,1.21,-1.38,,18,14.5,17,7.29,9.26,11.64,6.5,14.82,18.56,13,11,18.75,14.5,,14.64,15.8,23.5,14.52,14,7.23,6.34,15.02,19.2,1.5,,19,11.7,6,34,26.9,12.4,10.3,,7.02,,28,62,19,9,15.11
Boise St.,Washington,5,-1.66,3.36,3.31,6.35,0.74,3.56,-5.3,7,2,5,3.56,4.5,1.92,-5.73,9.95,,2.94,-1.33,1.94,2.6,3.13,-4.68,5.42,2.25,1.62,-9.11,-5.43,12.27,-0.78,2.71,-1.26,11,0.57,2.28,,7,5.5,2,1.4,5.18,7.11,8.5,2.83,3.57,2.5,5,4.54,5,,9.08,7.3,-4.5,11.09,2,-6.07,0.79,1.96,-2.6,2.15,,3,-0.01,10,17,8.3,3.52,3.7,,4.70,,26,28,19,7,2.57
Central Florida,Ball St.,7,0.72,8.09,4.72,5.3,7.14,5.23,-6.96,2,-1.8,3,8.2,-1,7.78,-2.48,4.91,,3.43,2.56,9.8,7.7,-3.5,11.74,-0.01,-2.2,5.21,6.12,-7.22,-0.29,-1.01,4.1,-9.25,4,-8.08,-6.25,,11,7.5,2,-2.55,-1.55,6.98,5,7.12,8.78,5,4,11.37,7,,9.66,4.2,0.01,3.67,5,-8.61,-3.35,7.06,6.6,-5.05,,11,2.61,6,3,19.1,2.93,0.5,,5.53,,17,38,19,2,6.51
Duke,Cincinnati,-9,-8.56,-15.01,-8.28,-13.45,-9.81,-11.54,-6.46,-14,-10,-14,-12.08,-11,-10.68,-2.33,-11.79,,-11.67,-9.45,-10.74,-11.5,-15.78,-12.4,-7.94,-11.84,-11.59,-5.32,-6.53,-28.43,-7.78,-11.33,-7.74,-29,-11.95,-8.1,,-14,-10,-9,-6.45,-13.67,-12.92,-16,-11.33,-14.74,-7,-9,-13.34,-9,,-17.11,-13.2,-12.2,-2.89,-12,-4.92,-2.89,-10.53,-6.4,-10.4,,-11,-8.67,-11,-24,-25.6,-14.07,-11.6,,5.12,,48,34,19,-12,-7.54
Florida,Louisville,14,19.62,19.62,13.56,16.83,14.8,17.01,20.32,15,19.25,16,18.41,17,19.18,14.14,15.84,,16.32,19.68,19.14,21,18.75,21.62,16.04,11.25,18.39,18.09,21.44,14.48,11.65,16.44,21.03,18,13.65,15.41,,13,13.5,18,12.41,12.41,10.96,13.5,17.51,22.13,21.5,9,18.28,14,,19.26,10.4,15.3,20.01,16,55.28,5.57,13.6,18.6,10.95,,14,17.13,8,14,28.8,21.03,14.4,,4.24,,33,23,19,13,11.93
Florida St.,Northern Ill.,13,5.16,5.82,16.07,8.4,7.95,8.75,1.63,2,5,5,9.01,3.5,9.06,13.31,15.33,,7.19,4.65,,5.7,5.72,0.56,-1.19,1.5,8.49,14.51,0.23,-7.98,4.49,7.77,-1.99,5,0.57,1.1,,8,15,5,7.44,3.63,8.69,7,8.65,10.81,11,12,10.3,12,,2.45,7.6,13.4,22.82,8,-0.33,9.89,13.6,15.9,2.05,,12,4.74,6,21,17.5,5.88,3.8,,5.43,,10,31,19,8,7.97
Fresno St.,SMU,12.5,11.22,16.58,13.35,15.42,11.33,12.63,11.15,20,15,15,14.82,13.5,11.55,9.18,16.2,,13.44,13.87,13.22,14.1,20.84,18.5,8.18,8.97,15.53,6.69,9.9,21.06,15.51,13.43,12.52,20,14.05,12.66,,10,12.5,12,9.08,16.34,5.46,17.5,15.26,19.48,17,8,12.36,12.5,,11.81,24.4,18.1,40.4,13,11.6,3.15,9.67,9.7,9.85,,14,11.46,5,17,25,16.43,13.7,,4.39,,43,10,19,12,9.75
Georgia,Nebraska,8,8.91,12.59,2.87,7.57,10.17,16.08,6.87,14,7,7,12.5,5,10.83,12.53,6.62,,9.33,9.77,12.46,16,3.31,21.29,11.43,9.5,10.31,12.29,4.14,17.21,3.87,9.25,6.48,4,1.78,2.44,,12,9.5,12,2.38,3.97,6.43,6.5,11.38,13.22,12,3,15.53,8,,1.76,9,4.7,34.46,9,42.73,-2.23,6.19,13.6,3.35,,13,7.77,3,14,24.8,11.2,7.2,,5.08,,31,45,19,8,10.01
Kent,Arkansas St.,-4,-1.14,-6.18,-3.94,-5.12,0.47,-4.13,1.12,1,-5,-1,-3.79,1.5,-3.1,-1.1,-2.73,,-2.61,-4.24,-3.56,-4.7,0.69,-4.76,5.23,0.6,-5.45,-1.09,2.01,-9.25,5.67,-3,2.28,1,3.15,3.21,,-6,-3,2,-3.03,1.18,-2.86,-6.5,-6.47,-8.43,3.5,-4,-5.16,-4,,-3.36,-15.4,-9.4,-9.99,-3,1.42,-1.05,-5.33,-1.5,0.85,,-3,-1.25,-3,-4,-13,1.34,1.6,,4.07,,17,13,19,-1,-1.65
LSU,Clemson,6,7.23,3.93,-0.21,2.59,1.52,3.32,10.54,4,7,6,3.17,5,4.23,10.03,11.44,,4.81,5.67,2.93,0.2,6.63,-0.97,7.92,2.5,4.92,8.88,12.3,-4.66,2.14,4.49,10.68,8,5.73,4.56,,5,3.5,6,3.04,2.86,-1.13,-5,4.42,5.27,10.5,3,9.6,6,,6.59,1.9,2.1,5.94,2,48.67,-0.91,4.29,3.9,2.6,,1,5.29,6,3,19.5,-7.62,4.1,,4.41,,25,24,19,6,3.18
Louisiana-Lafaye,East Carolina,6,6.23,10.58,4.03,2.73,5.93,6.26,3.69,9,-10,7,9.66,7,8.76,8.59,8.43,,6.48,9.08,,5.1,7.38,8.44,2.76,3.39,9.66,4.52,1.93,9.21,8.37,6.38,4.17,15,4.93,1.66,,3,4.5,2,-5.48,5.45,6.95,5,9.91,12.12,0.5,4,8.96,6,,12.38,11,9.8,18.74,9,6.74,-0.96,4.79,3.4,0.85,,10,6.49,4,-1,21.8,7.38,7.8,,4.60,,34,43,19,4,5.8
Louisiana-Monroe,Ohio,7,7.9,14.38,0.82,8.05,9.31,8.35,3.45,8,-0.8,6,13.24,3.5,12.24,9.5,13.85,,7.68,11.67,11.49,11,6.91,8.15,1.71,1.89,11.78,6.58,3.24,9.82,2.73,7.2,2.39,8,3.39,2.85,,6,6.5,5,0.97,5.56,2.36,6,13.16,16.62,1,5,13.7,7,,0.3,11.6,10.9,19.97,8,3.95,2.68,8.74,7.4,5.45,,6,6.89,5,7,23,9.59,2.9,,4.83,,45,14,19,6,6.09
Michigan St.,TCU,-3,-3.32,-7.29,0.01,0.18,-1.94,-2.34,-2.33,-5,-2.5,-0.25,-4.31,-0.5,-4.31,-7.7,-0.74,,-2.63,-2.64,-2.78,-2.8,-4.97,-0.36,-3.97,0.01,-5.44,-6.99,-2.83,2.9,1.57,-2.71,-1.27,1,-2.75,-1.18,,-5,-2,-3,-2.8,-2.68,-2.3,1,-5.6,-6.96,-1.5,-3,-1.41,-3,,-2.98,-2.8,-10.7,-20.28,-2,-5.86,-3.1,-0.4,-4,1.7,,-2,-2.37,2,8,-8,-3.75,0.6,,2.97,,16,17,19,-2,-2.88
Mississippi,Pittsburgh,3.5,6.97,3.76,3,2.58,4.49,1.66,9.66,8,-2,1,5.1,-1.5,3.9,2.13,-0.01,,2.69,3.97,6.9,3.7,8.75,12.97,6.83,0.11,3.57,12.26,9.88,-9.78,8.21,3.41,6.02,-8,6.22,5.06,,-3,3,8,0.18,4.33,-4,-4.5,2.55,2.76,11.5,-2,4.69,3.5,,-1.87,-0.2,3.9,9.8,4,7.15,2.37,3.25,4,0.4,,-2,4.95,-4,3,-9.2,7.08,2.5,,4.79,,17,38,19,1,0.8
Mississippi St.,Northwestern,-1.5,-1.26,0.35,2.91,-4.32,-2.29,-1.19,-1.92,-1,-4,-3,0.55,-4,-0.66,-3.17,-0.77,,-1.27,-0.88,-0.99,-4,-4,5.49,-2.65,-3.25,1.51,4.97,-2.58,-9.64,-0.41,-1.14,-3.67,-17,-4.52,-3.47,,2,3,-4,-3.43,-3.71,1.39,-1.5,2.29,2.66,-3.5,2,0.53,-1.5,,-5,-1.1,-1.3,13.79,-2,-2.12,-2.86,-0.75,1,-4.45,,-3,-0.87,-2,7,10.7,-2.46,-2.5,,3.84,,34,20,19,-1,0.33
Notre Dame,Alabama,-10,-1.3,-9.92,-0.47,-7.83,-6.06,-10.46,2.83,-7,10.5,3,-10.47,5,-5.99,4.18,-14.01,,-4,-4.92,-8.66,-4.1,-0.34,-6.28,3.55,-0.5,-7.96,-8.66,5.64,-6.36,2.37,-6,6.43,1,3.47,5.81,,-9,-7.5,-3,4.08,0.01,-6.42,-9,-10.17,-12.32,-2,-6,-3.11,-9,,-0.2,-4.9,-7.9,-20.34,-8,4.91,-2.34,-6.35,-7.9,4.35,,-7,-3.31,-10,-10,-6,-2.85,-6.6,,5.58,,42,14,19,-7,-7.17
Oklahoma,Texas A&M,-3,-0.49,-2.18,-0.44,-3.63,-3.27,-6.66,1.1,-6,-5,-0.25,-4.23,-2.5,-2.55,3.61,-4.73,,-2.61,-5.06,-3.13,-6.4,-1.25,-2.89,5.32,-6,-3.98,-2.35,1.05,-13.4,-2.11,-2.72,-0.96,3,2.67,0.65,,-4,-3.5,-5,-0.87,-0.65,2.83,-9.5,-4.23,-5.98,-5,2,-3.12,-3,,-5.32,-2.9,2,-8.54,-3,-35.8,3.27,-0.89,-1.3,-1.15,,-12,-2.29,-2,-1,-8.9,-3.19,-6.9,,3.67,,41,13,19,-5,-3.64
Oklahoma St.,Purdue,17,14.3,25.84,15.21,16.21,16.06,19.35,10.91,16,16.8,15,19.69,8,18.34,15.67,20.24,,17.46,15.76,17.97,23.6,22.38,31.52,10,8.79,18.69,20.98,9.2,18.2,14.77,16.9,8.14,26,10.42,7.17,,24,17,15,12.34,15.17,19.61,12.5,19.37,24.23,16.5,16,20.11,17,,14.85,24,27.6,38.72,17,10.61,7.94,19.62,22.9,5.5,,20,13.63,11,24,34.8,16.22,6.5,,6.02,,14,58,19,13,16.58
Oregon,Kansas St.,8.5,1.03,6.34,10.07,8.59,1.82,5.85,-0.27,6,1.8,4,5.04,3.5,2.64,-0.91,12.83,,4.49,9.55,4.71,11.2,1.59,16.98,-0.13,4,4.31,8.08,0.7,9.76,0.97,4.4,0.48,-1,-0.89,-0.74,,11,7.5,8,2.08,1.08,0.75,12,4.49,5.93,3,7,1.16,8,,1.98,13.2,8.1,7.55,5,-2.36,2.41,6.53,3.7,0.35,,11,5.61,3,-3,-10.5,3.72,6,,4.67,,17,35,19,5,5.27
Rice,Air Force,-3,1.2,2.87,-3.73,1.39,1.06,6.9,-0.56,1,3,1,1.61,0.5,2.99,-3.35,-6.38,,1.55,2.29,2.52,5.4,-0.88,7.34,3.28,0.17,-0.21,-2.41,1.21,15.64,-1.27,1,0.97,1,-1.7,-0.1,,3,0,9,1.06,0.62,4.11,-4,-0.01,-0.58,5,-2,3.3,-2,,0.01,-2.9,-3.8,2.59,0.01,-4.97,-0.88,-3.2,6.4,1.55,,9,1.51,-2,3,10.8,0.04,-1.1,,3.96,,14,33,19,-1,1.76
San Diego St.,BYU,-3,-4.76,-7.17,-8.15,-9.56,-5.15,-3.72,-1.96,2,12.3,-0.25,-8.27,1,-8.47,-0.48,-7.03,,-3.4,-3.85,-5.33,-4.5,-2.84,0.74,-1.91,0.4,-4.36,-5.32,1.25,-2.73,1.19,-3.93,3.04,-4,3.55,4.58,,-5,-3,-2,6.51,-0.24,-7.67,-1,-4.61,-5.96,1,-7,-11.41,-3,,-2.54,-10.3,-11.5,-4.22,-9,-0.29,0.77,-7.87,-8.7,4.95,,-4,-4.6,-2,-11,-15.5,0.52,-5,,4.91,,23,6,19,1,-2.26
San Jose St.,Bowling Green,7,13.07,14.32,5.89,10.43,11.25,5.53,12.67,15,2,7,14.43,8.5,13.48,11.07,9.25,,9.8,12.02,15.76,10.1,21.22,2.61,13.55,5.25,12.7,9.06,11.43,11.22,10.34,10.22,12.55,16,12.19,10.8,,8,7.5,7,3.86,14.08,-0.01,12.5,12.46,15.82,5,4,8.4,7,,10.91,8.9,14.7,11.46,11,8.57,5.72,6.29,6.8,8.85,,8,9.96,4,1,19.6,20.09,4.5,,4.39,,20,29,19,6,6.99
South Carolina,Michigan,5.5,6.62,4.59,5.33,4.82,3.47,6.96,7.48,10,8.5,4,4.44,5.5,5.88,9.56,2.37,,5.02,7.52,4.77,1.2,4,3.43,11.8,6,6.33,4.82,6.43,-2.18,3.52,5,8.95,5,5.98,7.47,,0.01,3.5,5,5.98,3.82,0.22,2,5.85,6.69,3.5,2,4.42,5.5,,3.1,1,0.4,10.2,3,42.78,3.46,-0.01,8.6,6.5,,3,6.71,2,1,12.3,12.27,8.7,,3.07,,28,33,19,7,3.97
Stanford,Wisconsin,6,8.43,4.9,2.13,9.15,4.99,2.14,11.37,12,5.05,9,4.09,11,5.52,14.68,7.37,,7.02,6.68,5.2,2,9.38,14.94,17.93,13.64,5.65,13.74,14.15,0.27,10.16,5.5,14.45,3,12.84,15,,1,6,4,5.01,7.24,1.52,-1.5,3.61,4.93,10,4,3.71,6,,0.84,-1.2,4,-10.42,1,12.09,5.02,2.04,4.4,11.9,,8,5.26,2,4,13.7,10.56,4.1,,4.85,,14,20,19,11,1.58
Syracuse,West Va.,-3.5,-7.18,-6.2,-9.44,-1.48,-5.4,-2.47,-9.45,-5,9.5,-2,-5.29,-0.5,-5,-11.65,-5.68,,-4.28,-3.05,-6.52,-8.1,-9.59,-8.58,-7.46,3.3,-4.06,-8.02,-5.43,3.55,-0.92,-4.93,-2.65,5,-4.6,-2.15,,-5,-3.5,-4,4.15,-4.18,-11.01,-0.5,-4.85,-5.56,-4,-6,-5.68,-3.5,,-1.22,-7.4,-7.4,0.31,-3,-7.8,-1.19,-5.4,-9,-0.4,,-5,-3.52,-3,-1,-10.8,-6.23,1.1,,3.87,,14,38,19,-3,-4.22
Texas,Oregon St.,-3,-2.83,-3.95,2.15,-6.8,-1.38,-2.54,-2.37,-1,1.8,-8,-3.5,-7,-3.32,1.39,-1.69,,-2.91,-4.94,-3.45,-7.9,-2.88,0.83,-3.35,-4.5,-2.56,-3.29,-3.3,-4.45,-2.08,-3,-5.46,-3,-1.45,-4.49,,-5,-1,-4,0.65,-3,5.03,-3,-1.31,-1.63,-2.5,1,-6.59,-3,,-8.66,-4.6,-6.2,0.78,-3,-0.38,-0.44,-1.09,3.1,-3.5,,-1,-3.78,1,-11,-14.8,-4.66,-3.8,,3.42,,27,31,19,-2,-3.41
Texas Tech,Minnesota,13,12.28,18.56,12.41,15.03,10.87,5.51,9.75,11,2,10,14.96,7.5,14.74,11.63,13.92,,11.16,10.93,13.64,8,16.84,14.8,8.99,10.32,15.44,6.66,7.74,1.03,7.29,11,7.49,13,8.88,6.67,,8,12.5,8,2.93,11,12.18,5,15.44,19.53,8,12,14.42,13,,9.29,19.6,23.4,21.24,13,10.52,3.87,12.96,14.2,4.25,,10,9.68,6,7,23.5,13.32,4.8,,4.60,,31,34,19,12,10.35
Tulsa,Iowa St.,-1,-6.13,-7.58,1.45,3.51,-4.65,-1.92,-7.68,2,15.2,1,-5.68,3,-4.53,-12.7,-0.22,,-1.82,-4.41,-6.12,-2.8,-2.13,2.53,-1.04,3.17,-5.62,-6.99,-5.69,10.15,1.21,-1.92,0.46,-5,-2.83,4.02,,0.01,-1,-3,6.06,0.71,0.68,5.5,-6.45,-7.96,-3,2,-4.54,-1,,3.63,7.1,-11.6,-4.31,-4,-10.44,-3.13,-1.8,-5.5,4.1,,-1,,2,-7,-14.1,-2.99,-2.8,,5.38,,17,31,19,3,-2.38
UCLA,Baylor,3,0.46,-2.92,0.01,7.21,-1.19,-3.13,1.6,2,3.5,8,-3.08,6,-0.84,-0.87,0.66,,0.51,0.53,-1.22,-1.6,4.06,-1.01,0.01,9.2,-1.01,0.49,2.33,-5.27,10.29,-0.34,3.19,-2,2.42,4.68,,-3,1,-1,2.14,3.39,-7.78,1,-2.04,-2.07,5,-2,-0.72,2.5,,9.67,-6.5,-4.8,7.39,-1,-0.18,0.77,0.01,-2.3,2.3,,3,-0.92,-2,-4,14.9,2.23,-1.6,,4.17,,49,26,19,1,0.27
USC,Georgia Tech,7,14.1,13.46,7.55,7.26,10.53,8.19,14.86,12,5.5,14,12.42,11,13.36,12.97,13.48,,10.46,9.73,14.18,12.8,23.44,14.53,6.22,5.42,11.18,9.62,13.61,3.52,10.32,10.42,13.04,13,13.08,10.23,,10,10,6,3.92,13.92,7.93,7.5,10.09,13.28,8,9,15.91,7.5,,8.4,8.4,13.4,13.4,10,12.18,2.34,9.65,11.7,5.65,,8,10.88,7,4,27.7,15.36,8.8,,4.02,,21,7,19,6,6.18
Utah St.,Toledo,10.5,10.88,14.03,9.71,14.22,10.58,10.81,6.4,11,10.3,10,13.89,6.5,14.95,0.65,5.61,,10.37,16.78,15.18,14.2,11.81,13.91,6.04,9.33,10.85,13.85,2.4,19.78,4.34,10.83,4.5,8,3.07,0.98,,9,10,13,6.64,9.67,6.65,6,11.42,14.49,12,3,15.55,10.5,,14.54,16.8,17.2,6.81,16,3.67,3.03,12.36,8.5,4.1,,11,11.94,4,-1,27.2,13.27,9.1,,5.25,,15,41,19,9,9.77
Vanderbilt,NC St.,7,10.22,12.01,2.3,6.51,5.41,6.63,13,11,4.2,13,8.45,10,7.35,5.27,7.87,,9.26,12.56,,8.5,18.53,13.4,2.2,4.25,9.97,7.52,12.95,19.41,6.57,8.83,11.5,2,11.14,8.51,,9,6.5,8,2.86,11.55,7.16,5,8.66,11.17,9.5,6,7.91,7,,15.75,13.8,12.5,14.59,10,13.11,1.47,9.78,11.7,7.1,,14,9.88,2,3,20.9,14.74,4.3,,4.36,,24,38,19,7,6.79
Virginia Tech,Rutgers,2,-4.19,-2.3,5.09,-2.56,-1.44,0.01,-5.91,-8,-1.5,-5,-1.04,-6,-2.34,-1.63,-0.2,,-2.45,-2.31,-0.33,1,-10.53,4.17,-1.52,-7.71,-2.43,2.06,-5.73,-5.74,-13.39,-2,-7.3,-9,-9.21,-8.33,,1,2,2,-0.03,-7.35,2.18,-3,-0.01,-1.49,4,1,-2.37,1.5,,5.48,6.9,2.9,2.99,-2,-4.4,1.44,2.41,-1,-6.2,,-1,-3.78,-2,-11,-8.7,-10.68,-3,,4.50,,10,13,19,-5,0.9
Western Kentucky,Central Mich.,5.5,6.93,11.15,10.28,8.16,7.69,3.68,2.9,11,9,8,11.84,6.5,10.91,1.88,9.96,,7.19,6.64,10.42,6.6,6.56,6.2,3.22,6.6,11.42,9.82,0.83,-1.84,6.25,6.62,3.97,13,3.39,3.72,,7,6,0.01,4.99,6.26,9.37,,11.59,14.72,-1.5,7,13.92,5.5,,10.34,14.3,10.4,6.93,8,2.12,1.74,6.44,4.8,1.95,,3,6.16,5,3,25,10.06,5.6,,4.59,,24,21,19,6,2.95
