Home,Road,line,linesag,linepayne,linemass,linepfz,linelaz,linemoore,linesagr,linewayward,lineargh,linepaynep,linehow,linesagpred,linepaynewl,linekam,linerwp,lineavg,lineelo,lineloud,lineborn,linedokter,linedunk,linebill,linepugh,linebihl,linecurry,lineround,lineclean,linefei,linemedian,lineharville,linesaggm,linemidweek,linedonchess,lineespn,linetalis,lineopen,linepig,linepiratings,linecons,linecong,linedwig,linepibias,linel2,lineteamrank,linelog,linepimean,lineca,linel2hf,linekerns,linekeep,linebig200,linecfp,linestd,vscore,hscore,week,actual,total,phcover,phwin
Georgia Tech,Florida St.,-10.5,-14.68,-16.75,-11.97,-22.43,-12.28,-20.35,-14.68,-10.52,-6,-11.3,-14.5,-14.68,-19.68,-18.56,,-13.51,-8.6,-5,-3,-11.82,,-17.22,-14.71,,-9.03,,,-14,-14.37,-9.95,-14.68,-10,-13,-13.79,-14.23,-12.5,-11,-16.1,-15.53,-16.4,-7,-18.4,,-15.6,,-17.1,-11,,-15.9,-10.3,-15.4,-4.8,4.26,21,24,1,3,45,0.427345713,0.2055436147
Nevada,SMU,-27.5,-24.2,-26.24,-18.89,-34.85,-12.32,-24.17,-24.2,-15.66,-9,-33.51,-19,-24.2,-22.31,-24.82,,-24.47,-15.28,-4,-26.35,-30.44,,-25.06,-24.32,,-28.99,,,-19.1,-24.57,-22.81,-24.2,-24.5,-25.5,-18.39,-26.35,-20.5,-34,-23.8,-29.16,-31.19,-30,-28.5,,-26.9,,-26,-27.5,,-33,-32.34,-29.68,-21,6.70,29,24,1,-5,53,0.5697915003,0.0777900458
Alabama,Western Kentucky,31.5,31.43,27.18,33.3,28.67,25.25,47.2,31.51,29.42,23,31.35,28.5,31.5,24.93,31.52,16.79,30.83,25.16,9,40.95,32.65,,16.61,31.2,,41.16,,,31.8,31.41,27.95,31.38,31.5,24.5,34.57,30.44,32.5,33,35.6,30.59,23.52,33,37.4,,31.5,,35.3,31.5,,39.5,36.46,31.02,37.7,7.36,0,63,2,63,63,0.4847268127,0.9609717129
Arizona,New Mexico,31,28.58,28.76,29.08,29.06,22.32,36.52,28.22,24.38,21,35.57,19.5,28.16,25.09,32.88,18.05,31.61,33.37,5,42.45,33.41,,37.18,32.66,,46.3,,,27.8,32.77,28.84,29.43,31,22,25.64,33.45,31.5,39,34,37.02,28.48,38,35.9,,37.2,,35.3,31,,43.75,45.23,33.16,36.1,8.07,39,61,2,22,100,0.5136626612,0.9620532361
Arizona St.,Wyoming,7,7.77,-8.75,7.53,-16.07,5.9,4.1,7.78,6.54,6,-3.6,-5,7.78,-11.52,-0.62,-3.84,1.98,3.77,-3,-1.35,6.18,,-17,8.17,,-3.9,,,3.1,4.75,6.47,7.75,7,6.6,9.88,-3.15,7,,9.3,-0.36,15.96,-2,8.5,,7.6,,8.2,7,,-1.55,4.75,-1.92,5.6,7.98,7,48,2,41,55,0.388761935,0.5443674548
Charlotte,James Madison,-9.5,-11.42,-24.6,-17.43,-25.86,-15.62,3.79,-11.45,-15.84,-5,-22.73,-15.5,-11.44,-25.6,-25.31,-12.36,-16.09,-21.08,-9,-27.65,-10.5,,-25.89,-15.39,,-23.72,,,-21.5,-15.73,-12.45,-11.39,-9,-5.7,-10.99,-23.59,-10,-18,-7.7,-22.04,-7.91,-28,-7.4,,-5.6,,-7.9,-10,,-16.7,-21.5,-16.84,-14.7,7.84,30,7,2,-23,37,0.3548615323,0.1817215525
Florida,Miami (Fla.),-2.5,-1.75,-1.26,8.16,-3.68,3.74,-10.34,-1.77,11.35,4,0.41,4,-1.76,-2.16,3.89,-1.29,0.96,1.96,2,7.35,-1.44,,-1.17,0.83,,8.46,,,4.9,0.35,2.91,-1.74,-2.5,-5,2.96,-1.1,-2,-2,-2.4,1.86,-1.41,1,-2.2,,0.3,,-2.5,-2.5,,3.15,5.42,4.23,5.8,3.93,41,17,2,-24,58,0.5837825946,0.5234061601
Florida St.,Boston College,17,17.71,24.73,16.68,35.82,15.9,33.06,18.72,17.56,11,23.26,14.5,16.54,25.51,25.76,12.85,19.74,17.45,3,15.85,17,,19.3,22.55,,18.76,,,17.3,18.4,13.6,18.07,16.5,23.5,14.57,22.86,22,15,23.9,25.28,16.22,19,25.5,,17,,24.2,17,,21.4,11.92,23.51,19.7,5.97,28,13,2,-15,41,0.5641665808,0.8777489035
Georgia,Clemson,12,19.11,19.34,16.6,21.91,13.84,13.25,19.16,16.98,9,20.6,19,19.15,18.66,15,13.58,16.57,15.65,3,23.35,16.2,,4.44,17.66,,17.29,,,15.3,17.23,12.84,19.09,13.5,7.9,15.23,17.17,13,17,17.6,8.81,14.56,20,21.1,,17.6,,17.9,13,,23.15,23.89,8.85,26.5,5.09,3,34,2,31,37,0.6080175692,0.8398982763
Georgia Southern,Boise St.,-13,-11.72,-7,-10.56,-6.12,-12.3,-15.8,-11.76,-8.48,-8,-11.98,-9,-11.76,-4.32,-8.22,-6.72,-11.8,-8.57,-5,-18.75,-13.22,,-8.94,-15.04,,-19.83,,,-11.4,-11.73,-4.9,-11.7,-13,-10.8,-6.24,-14.43,-9.5,-18,-12.4,-16.63,-11.74,-21,-15.4,,-13.3,,-13.3,-13,,-8.7,-22.04,-14.02,-10.5,4.46,56,45,2,-11,101,0.5290091062,0.2370998634
Georgia Tech,Georgia St.,20.5,17.78,9.52,11.51,9.33,15.61,24.57,18.36,6.94,17,15.5,8,16.99,6.29,10.57,10.64,16.44,12.83,-2,21.25,26.87,,11.98,18.18,,22.02,,,10.7,16.71,17.88,18.08,21,16,12.34,14.84,20,40,20.1,18.05,16.43,22,20.4,,24.6,,20.4,20,,8,23.24,21.99,15.5,7.06,12,35,2,23,47,0.4076104916,0.8280012271
Hawaii,UCLA,-14,-12.45,-14.13,-24.42,-28.7,-20.21,-9.69,-12.82,-12.69,-5,-22.36,-9,-13.28,-9.69,-24.57,-9.23,-15.75,-13.66,-2,-26.95,-16.05,,-14.46,-20.92,,-20.44,,,-18.9,-14.5,-22.53,-11.29,-14,-12.6,-14.54,-23.13,-17,-18,-13.3,-20.02,-15.05,-29,-12.6,,-12.2,,-14,-14,,-23.9,-14.95,-15.25,14.5,6.39,16,13,2,-3,29,0.4592722953,0.178680634
Houston,UNLV,3,1.19,-5.56,7.19,-17.09,5.67,5.18,1.18,7.52,9,-2.49,6,1.18,-7.21,-0.09,-4.84,1.12,-0.94,3,-1.05,1.62,,-6.17,4.65,,-1.69,,,7.4,1.09,7.96,1.18,2.5,-2.8,5.69,-3.4,3,1,12.9,0.34,-10.01,-4,14.1,,4.8,,11.3,3,,-3.8,-0.06,-1.87,8.3,6.44,27,7,2,-20,34,0.4563058092,0.526064274
Indiana,Florida Intl.,22,20.64,11.62,26.97,11.66,19.88,9.65,20.68,22.51,11,20.37,14,20.69,6.9,23.59,12.65,19.56,16.46,6,28.65,25.47,,11.61,25.61,,28.19,,,20.2,20.62,20.67,20.61,21.5,21,17.25,19.97,18.5,29,29.4,19.05,9.72,16,30.2,,22.5,,26.7,22,,24.05,25.52,11.12,21.6,6.79,7,31,2,24,38,0.4438021017,0.8713945756
Jacksonville St.,Coastal Carolina,3,-0.3,1.6,-4.08,10.19,-0.52,4.43,-0.3,-0.51,-6,2.54,-11,-0.3,1.1,4.81,2.21,1.28,1.73,-1,5.95,0.64,,1.06,3.9,,5,,,2.3,1.5,1.83,-0.29,3,3.1,1.16,2.08,4,12,-0.7,1.5,0.54,-1,2.2,,4.4,,1.5,3,,-8.55,2.7,0.64,6.3,4.18,55,27,2,-28,82,0.4582787257,0.5310737164
Kentucky,Southern Miss.,27,25.76,20.92,26.22,13.42,18.76,27.69,25.82,21.96,16,25.52,16.5,25.83,18.45,28.06,16.97,24.72,19.72,5,28.35,28.54,,21.61,25.86,,29.22,,,23.8,25.79,23.5,25.72,28,17.5,17.77,25.46,24,30,29,31.71,33.33,27,31.4,,27.9,,29.3,27,,29.55,33.53,32,25.2,6.03,0,31,2,31,31,0.446594228,0.9272729949
Maryland,Connecticut,20,23.18,24.07,30.17,25.85,22.44,22.6,23.24,24.55,16,28.41,20.5,23.24,21.72,31.8,17.56,25.14,21.41,7,34.05,24.15,,23.56,28.6,,31.48,,,28.4,24.77,25.39,23.15,20,23,16.75,27.58,24.5,31,26.2,31.72,20.46,31,26.7,,23.2,,25.9,21,,29.95,24.98,25.28,29.5,5.24,7,50,2,43,57,0.6207511061,0.9336801317
Massachusetts,Eastern Mich.,2.5,-7.75,-2.04,-5.29,-2.82,-1.43,0.66,-7.78,-6.6,1,0.32,-9.5,-7.78,-3.31,-6.7,1.2,-1.71,2.29,-7,-0.45,-5.76,,-3.67,-3.33,,-8.26,,,-7.6,-1.43,-1.43,-7.74,3,-0.4,2.57,7.35,1,-8,6.8,0.45,-2.5,1,5.7,,0,,5,2,,2.75,5.96,2.49,-3.2,4.71,28,14,2,-14,42,0.3996517217,0.4588744795
Michigan,Fresno St.,21,21.79,34.13,30.63,35.86,23.69,46.2,21.83,25.31,15,36.16,23.5,21.83,33.03,33.48,18.21,27.51,31.8,6,39.65,20.25,,18.95,30.28,,48.61,,,29.4,27.45,30.35,21.75,21,7.4,20.61,33.18,21,26,32.5,24.4,16.97,31,32.9,,24.1,,30.1,21.5,,31.3,28.9,24.78,25,8.92,10,30,2,20,40,0.6396440518,0.9345748883
Michigan St.,Florida Atlantic,13,8.3,8.58,13.8,-5.01,12.23,4.7,8.31,10,12,3.57,8,8.32,11.29,7.15,8.84,9.68,13.81,3,6.85,12.07,,9.39,7.47,,15.79,,,6.5,9.69,12.51,8.29,14,10.5,6.75,5.16,11,16,14.3,12.91,14.38,6,11,,12.8,,11.5,13,,8.1,11.73,9.15,12.2,4.10,10,16,2,6,26,0.4197619413,0.7225484824
Minnesota,North Carolina,-2.5,1.43,-3.65,-0.48,-8.74,0.64,-8.04,1.43,1.35,3,-7.93,0.5,1.43,-1.34,-0.12,-3.33,-1.74,-2.2,1,-2.65,1.56,,-5.89,-2.76,,3.56,,,-0.6,-1.47,-2.18,1.43,-2.5,0.5,-1.84,-8.62,1.5,-1,-1.8,-1.76,6.2,-7,-2,,0.1,,-1.6,-2.5,,-8.15,-0.26,-6.22,1,3.58,19,17,2,-2,36,0.5186245577,0.4574252021
Nebraska,UTEP,27.5,29.72,15.68,23.22,13.1,18.11,25.77,29.79,18.6,16,17.56,9.5,29.78,14.68,20.29,15.42,22.77,15.53,3,21.05,36.06,,13.28,25.22,,17.04,,,21.4,22.31,18.37,29.67,27.5,24,18.33,16.98,28,39,31.1,25.3,30.38,25,34.7,,31.4,,31.6,27,,17.75,27.92,24.12,26,7.95,7,40,2,33,47,0.3949559143,0.9001765293
Northwestern,Miami (Ohio),3,5.58,2.75,11.67,1.94,8.14,16.48,5.58,9.23,2,4.86,-1,5.58,1.61,7.83,2.2,6.58,3.89,-2,11.95,7.63,,0.78,8.67,,15.49,,,7,6.8,12.18,5.57,2.5,1,8.2,9.79,3,7,10,7.29,2.38,12,7.2,,2.8,,6.6,3.5,,7.45,5.07,1.69,12.5,4.39,6,13,2,7,19,0.5860428263,0.6552512111
Ohio St.,Akron,48.5,48.5,47.63,45.05,44.78,41.86,44.88,48.6,48.29,27,50.75,38.5,48.61,45.95,57.09,19.49,47.06,41.15,19,51.05,50.44,,36.33,55.64,,48.9,,,55.1,48.47,39.66,48.43,48.5,37.5,40.32,52.59,50.5,59,51.2,47.1,58.22,54,51.5,,50.9,,51.6,48.5,,47.45,60.99,59.82,39.9,9.45,6,52,2,46,58,0.4689376878,0.9945694942
Oklahoma,Temple,42.5,39.51,36.72,37.94,42.03,34.27,39.67,39.6,35.6,25,45.18,33,39.59,32.17,48.62,19.09,40.37,33.37,11,46.35,45.35,,32.44,44.62,,42.34,,,40.5,40.36,35.53,39.45,42.5,30,40.21,47.33,39.5,50,48.4,44.04,43.27,46,49.9,,42.6,,46.7,42.5,,57.3,58.28,44.05,33.2,9.20,3,51,2,48,54,0.453790616,0.9861057497
Pittsburgh,Kent,24,27.69,22.88,25.79,17.71,21.15,12.3,27.76,16.96,16,27.71,16.5,27.76,20.28,26.56,14.82,23.81,23.72,5,26.15,31.7,,15.22,27.54,,27.72,,,24.8,24.85,22.07,27.66,24,23,24.91,28.34,23,33,29.5,22.2,16.89,27,27.8,,23.8,,27.5,24,,22.7,28.32,31.43,21.4,5.90,24,55,2,31,79,0.4955245229,0.9201181628
Rice,Sam Houston St.,10,10.55,11.25,6.54,7.49,8.29,3.49,10.58,7.2,6,10.63,14,10.58,11.58,8.6,11.31,10.54,3.87,4,18.45,14.75,,9.11,12.2,,8.83,,,2.8,10.61,6.68,10.54,10,-2.7,11.43,10.63,12.5,12,16.6,11.31,17.42,7,17.6,,14.4,,16.2,10,,12.7,17.99,16.87,8.7,4.63,34,14,2,-20,48,0.5130246397,0.7380523616
South Alabama,North Texas,6,3.15,12.66,10.49,25.56,8.58,2.34,3.14,8.12,7,17.37,10.5,3.15,10.12,14.64,11.17,10.59,12.41,1,18.55,7.21,,17.44,10.56,,13.76,,,12.4,9.91,9.31,3.14,5.5,6.8,5.58,16.67,6.5,6,9.7,13.29,4.75,11,8.6,,6.9,,8.3,6.5,,29.75,13.48,9.06,13.8,6.10,52,38,2,-14,90,0.6063773236,0.7332545477
South Carolina,Old Dominion,21,18.28,8.45,21.13,11.36,16.58,23.47,18.32,19.01,16,16.16,11,18.32,4.3,15.7,8.93,17.69,9.01,5,23.05,24.65,,12.17,21.66,,19.74,,,17.3,18.32,18.69,18.25,21,20,19.01,17.35,17,24,22.6,22.33,18.22,18,23.6,,20,,22.1,21,,18.6,25.69,15.85,24.6,5.40,19,23,2,4,42,0.4217520819,0.8543004875
Stanford,TCU,-9,-12.78,-8.38,-12.42,-28.33,-8.29,-14.72,-12.82,-10.49,-1,-15.03,-11.5,-12.82,-4.8,-14.25,-6.17,-9.48,-3.61,-4,-13.35,-9.6,,-10.33,-12.8,,-12.86,,,-10.3,-10.1,-9.46,-12.76,-9.5,-7.2,-2.97,-14.31,-10.5,-8,-2.8,-12.3,-2.12,-12,-4.2,,-9.9,,-5.1,-9,,-14.3,-9.75,-1.71,-4.6,5.02,34,27,2,-7,61,0.4885009656,0.2845596622
Syracuse,Ohio,18,15.98,-2.06,7.13,-7.59,7.38,15.16,16.01,1.73,13,0.23,0.5,16.02,-3.31,6,-0.16,7.64,-1.41,-2,-4.65,18.83,,-9.22,13.99,,-5.44,,,2.2,7.67,9.88,15.96,17.5,15.5,10.68,2.53,15,22,20.4,7.64,15.86,9,21.5,,15.5,,19.4,17,,-1.7,7.7,9.96,4.8,9.26,22,38,2,16,60,0.28646518,0.6611968781
Texas,Colorado St.,32,35.55,33.69,34.46,47.13,28.59,53.45,35.63,31.04,21,36.52,29,35.64,32.16,37.99,18.42,35.3,28.05,10,41.45,35.68,,27.44,36.95,,40.92,,,33.9,35.66,31.4,35.51,32,28.5,36.29,36.44,36.5,34,44.4,36.74,37.48,39,45.4,,35.7,,43.3,32.5,,41.6,42.29,35.9,30.4,7.91,0,52,2,52,52,0.5738068394,0.9767284001
Texas A&M,Notre Dame,3,-1.95,-7.87,-4.68,-11.35,-3.19,-6.35,-1.96,-3.05,4,-9.71,-8,-1.96,-6.89,-2.49,-4.11,-3.81,-7.81,-12,-11.25,-0.77,,-7.56,-4.43,,-12.29,,,-4.1,-3.65,-3.24,-1.94,3,0.5,-3.59,-7.49,1.5,-1,1,-1.21,-0.4,-7,2.4,,-0.5,,1.3,1.5,,-3.7,-3.98,-3.97,6.7,4.06,23,13,2,-10,36,0.3388488223,0.4080670059
Texas-San Antonio,Kennesaw St.,25,31.02,,30.35,32.12,24.23,,31.09,19.24,21,,30.5,31.09,,27.6,19.61,27.79,19.23,7,42.25,34.28,,29.11,33.97,,44.44,,,19.7,27.87,19.81,30.98,25,24,21.92,32.68,21.5,,26,27.87,22.11,38,26.9,,29.2,,26.3,25,,15.85,40.46,49.06,20.3,7.65,16,28,2,12,44,0.5628991857,0.9426017975
Troy St.,Nevada,9,13.05,31.85,20.28,40.97,14.26,1.62,12.76,18.13,10,33.61,21.5,11.93,30.89,22.64,18.49,20.22,24.55,2,27.55,15.19,,30.25,16.28,,32.48,,,17.8,17.95,15.47,14.51,9,15.5,11.5,27.37,15.5,16,17.8,26.68,12.14,22,17.9,,11.4,,17.5,10.5,,41.75,21.56,15.05,20.5,9.22,28,26,2,-2,54,0.7294784991,0.8646676716
USC,LSU,-4,-6.13,-8.12,-4.55,-14.16,-2.76,-9.52,-6.14,-8.33,-2,-8.97,-9.5,-6.14,-7.67,-7.31,-1.46,-6.98,-5.91,-3,-12.7,-6.42,,-3.61,-6.2,,-11.68,,,-7.7,-6.36,-4.62,-6.12,-4.5,-5,-2.13,-5.08,-6.5,-6,-7.3,-4.01,3.32,-12,-9.2,,-7.4,,-8.2,-4.5,,-9.6,-11.72,-6.3,-16.9,3.48,20,27,2,7,47,0.4272536342,0.3337776757
Vanderbilt,Virginia Tech,-13.5,-13.54,-13.59,-7.85,-14.22,-6.54,-18.79,-13.58,-3.88,-7,-13.15,-6.5,-13.57,-13.82,-9.59,-10.27,-12.45,-15.92,-4,-22.65,-18.15,,-14.5,-8.27,,-21.63,,,-10.3,-13.33,-5.79,-13.51,-13.5,-10.8,-3,-12.51,-12,-16,-8.1,-17,-18.38,-25,-9.1,,-14.3,,-9.8,-13.5,,-3.2,-22.81,-15.1,-4.7,5.47,27,34,2,7,61,0.5249312909,0.2292021108
West Va.,Penn St.,-7.5,-6.32,-9.56,-9.01,-27.7,-8.56,-11.8,-6.34,-10.21,-6,-14,-11.5,-6.34,-7.17,-16.88,-5.36,-10.11,-6.51,-4,-10.15,-10.44,,-4.78,-14.36,,-4.27,,,-11.6,-9.29,-8.21,-6.31,-8,-7.2,-12.34,-14.74,-10,-7,-14.8,-5.86,-7.67,-17,-15.3,,-9.9,,-13.9,-7.5,,-14.95,-11.73,-5.25,-6,4.75,34,12,2,-22,46,0.4374164031,0.2708730461
Wisconsin,Western Mich.,24,23.96,18.02,25.89,20.05,20.83,29.76,24.01,19.99,13,23.66,14,24.01,14.99,24.02,15.98,21.82,17.1,4,27.35,25.65,,11.61,27.22,,22.8,,,25.3,22.8,21.93,23.92,24,23,18.95,24.03,23,,27,29.05,20.03,20,28.1,,20.8,,26.4,24,,23.95,21.4,20.37,19.2,5.60,14,28,2,14,42,0.448480064,0.9025487838
Air Force,San Jose St.,3,7.69,4.48,4.35,8.29,1.11,6.18,7.82,6.99,4,1.64,7.5,6.57,6.01,3.88,-9.23,3.52,-3.33,4,-2.75,8.81,,6.93,5.17,,2.28,,-2.5,9.2,4,1.24,8.99,5.5,6.2,-2.2,0.84,6,10,1.9,9.38,5.04,-3,2.8,,6.6,,3.2,3,,-2.95,-1.38,1.04,3.4,4.42,17,7,3,-10,24,0.5125862955,0.5845701156
Alabama,South Florida,30.5,27.57,31.2,38.5,28.62,32.33,38.83,30.54,39.17,18,32.56,35,27.19,30.48,47.47,19.04,31.75,28.78,15,36.05,30.46,,24.67,34.38,,37.44,,14,42.8,31.63,35.61,26.94,30,22.5,34.77,34.54,31,25,36.6,31.63,22.67,39,36.4,,29.5,,35.3,30.5,,65.7,33.67,24.16,20.7,9.10,16,42,3,26,58,0.5272338553,0.9586547237
Arizona St.,Mississippi St.,5.5,4.6,-2.67,-2.16,0.88,3.47,-7.25,4.25,4.33,3,-2.93,-3.5,4.65,-2.53,4.9,9.14,2.19,8.5,-2,5.45,6.11,,3.45,-0.77,,0.44,,7.5,5.3,3.47,-1.15,4.91,6,7,2.47,-0.22,4.5,4,4.2,-1.01,-3.2,-27,3.6,,4,,3.3,5.5,,15.75,12.84,5.78,1.7,6.59,23,30,3,7,53,0.4236381955,0.5506986611
Arkansas St.,Tulsa,7.5,10.32,9.92,-0.89,-3.28,0.44,2.75,10.15,-0.45,3,10.19,1.5,9.96,9.77,-0.01,5.46,6.79,8.49,-3,10.75,10.38,,11.06,3.18,,6.47,,10.5,4,8.4,1.22,11.3,7.5,13.7,-1.38,8.1,6,10,8.8,9.16,18.25,4,9.8,,-0.7,,8.4,7.5,,11.65,18.22,3.34,5.4,5.49,24,28,3,4,52,0.4831435569,0.6569672675
Auburn,California,12.5,12.07,4.22,10.26,9.41,7.49,17.47,14.02,10.03,8,7.03,8.5,12.48,2.71,6.05,0.43,8.93,1.56,3,12.85,10.4,,1.69,10.95,,3.5,,4.5,9.5,9,10.12,10.45,13,15.5,14.18,5.63,12,11,6,8.73,10.84,9,7.1,,20.5,,7.5,11.5,,18,8.17,3.02,16.6,4.70,21,14,3,-7,35,0.4146379764,0.7051868666
Central Florida,Sam Houston St.,21.5,24.31,18.19,25.15,11.82,17.95,20.54,27.77,21.11,14,21.88,20,24.06,16.21,21.48,12.91,19.97,13.39,9,26.15,25.85,,14.62,28.01,,16.8,,10.5,18.1,21.48,24.26,22.77,22,10.4,22.56,25.5,23.5,23,23.3,29.23,16.27,3,22.3,,23.3,,22.8,21.5,,13.25,27.05,24.83,20.8,6.14,14,45,3,31,59,0.4641872011,0.8796569948
Cincinnati,Pittsburgh,2,4.56,0.49,0.2,-1.55,-0.5,-8.8,4.16,4.17,-0.25,1.14,3,3.92,0.13,2.4,-1.09,0.54,0.09,3,-2.75,6.02,,3.03,-0.04,,-1.87,,-4,1.7,1.3,-1.17,5.65,2,3.4,-2.77,1.6,2.5,2,2.9,3.8,1.76,-8,2.7,,1.3,,3.1,2,,-12.3,7.52,3.84,-5,3.93,28,27,3,-1,55,0.4644289621,0.5131714986
Clemson,Appalachian St.,17,11.97,10.12,17.55,0.02,11.39,27.28,12.99,15.43,13,14.1,6,12.17,7.98,9.69,9.53,12.45,10.11,3,16.55,19.09,,7.2,15.5,,13.52,,2.5,15,13,15.51,11.36,17,13,14.22,13.46,17,16,17.4,16.68,12.11,15,17.6,,14.3,,17.5,16,,0.01,14.55,11.41,4.3,5.39,20,66,3,46,86,0.3930361445,0.7711566836
Florida Atlantic,Army,3.5,4.27,-2.48,-0.48,-3.05,0.41,-0.06,4.82,0.19,1,2.54,-6,4.77,-5.19,0.28,-5.26,0.23,-5.68,-2,0.45,4.72,,-4.32,3.37,,-3.65,,6.5,2,0.45,2.87,3.29,4,3,6.71,1.07,2.5,2,3.4,-0.95,-8.95,-7,5.2,,-2.5,,3.4,3,,8.25,0.75,-3.19,0.4,4.16,24,7,3,-17,31,0.421027886,0.5055912135
Florida Intl.,Central Mich.,-4.5,-3.32,-1.87,-11.75,-10.28,-9.14,-2.1,-3.74,-9.02,-0.25,-2.52,-9,-4.31,-1.51,-7.63,-4.27,-6,-3.63,-5,-22.05,-5.1,,-3.02,-8.96,,-11.07,,-1,-4.5,-4.45,-7.1,-2.44,-6.5,-4.4,-11.09,-6.26,-5,-4,-2.9,-1.95,-5.19,-12,-3.9,,-16.9,,-3.8,-4.5,,1.5,-7.42,-7.72,,4.70,16,52,3,36,68,0.4639039582,0.3585218391
Illinois,Kansas,-4,-2.05,-8.9,-1.03,7.19,3.58,-23.17,-1.74,3.1,4,-11.18,0.5,-1.66,-7.67,-5.79,-3.81,-4.22,-7.83,1,-1.65,-0.95,,-10.49,-3.25,,-3.65,,4.5,-1,-3.81,-0.72,-3.13,-5.5,-3.9,-6.86,-10.22,-5,-3,-7.6,-9.18,-4.05,-12,-8.1,,-6,,-11.5,-4,,8.5,-5.85,-11.1,2.3,5.94,17,23,3,6,40,0.4948221131,0.401692562
Iowa,Iowa St.,3,6.81,5.15,1.22,4.41,5.9,16.24,8.25,3.2,3,-2.98,4.5,7.04,9.52,0.47,3.75,4.07,0.93,2,4.25,3.19,,5.9,-1.33,,2.36,,1.5,-1.1,3.75,5.03,5.43,2.5,3.4,8.86,-1.08,3,6,0.8,4.27,13.27,-1,-0.4,,7.1,,0.8,3,,12.65,0.72,0.63,1.5,4.19,20,19,3,-1,39,0.5259799901,0.597887559
Kennesaw St.,Louisiana-Lafayette,-15,-15.48,,-20.32,-4.35,-10.46,-7.24,-16.07,-8.5,-12,,-20.5,-14.36,,-13.35,-9.29,-13.51,-6.55,-9,-18.75,-18.66,,-5.45,-20.99,,-22.64,,-3,-15.9,-15.48,-10.2,-17.44,-15,-15.5,-8.28,-17.74,-14,,-16.7,-13.31,-9.36,-21,-17.8,,-18.5,,-17.2,-15,,5.65,-25.62,-33.53,-7.1,6.64,34,10,3,-24,44,0.5345035251,0.2161762652
Kentucky,South Carolina,9,7.64,5.99,8.2,10.07,9.03,11.78,8.67,6.44,6,4.2,7,8.23,6.96,11.58,4.47,8.11,10.15,2,9.15,4.3,10.7,4.86,6.16,,13.34,,4,11.1,7.8,7.07,6.31,10,7.5,7.99,4.94,8,7,6.3,8.37,13.12,10,7.8,,11,,7.8,9,,13.05,12.26,11.31,6.1,2.79,31,6,3,-25,37,0.477981446,0.6925839381
Louisiana-Monroe,UAB,-11,-9.63,-4.31,-8.39,-7.79,-4.32,-4.56,-10.97,-6.86,-3,-5.9,-6.5,-10.48,-3.44,-7.21,-10.86,-8.13,0.64,-6,-11.35,-12.33,,-0.75,-11.38,,-10.7,,0.01,-4.3,-8.05,-4.77,-8.47,-13,-7.4,-11.9,-6.17,-11,-16,-8.3,-4.12,-14.17,-12,-9.8,,-14.5,,-10,-11,,-16.1,-18.17,-5.08,,4.56,6,32,3,26,38,0.5689804918,0.3112630431
Louisville,Jacksonville St.,28.5,26.44,12.96,29.15,22.15,29.69,34.3,28.01,23.75,19,15.94,21.5,27.63,11.37,25.96,14.92,24.66,16.25,-1,30.15,29.45,,11.02,29.87,,14.45,,7,21.3,25.96,29.55,25.4,29.5,22.5,31.92,20.94,26.5,26,35.7,23.15,24.39,32,37,,31.1,,33.4,28.5,,44.25,29.06,25.03,26.4,9.14,14,49,3,35,63,0.4169877241,0.9108586516
Maryland,Michigan St.,8.5,13.08,14.63,12.76,17.5,12.77,21.41,14.86,10.28,3,20.06,10,13.73,11.7,18.03,10.62,14.66,16.4,-1,23.45,12.56,20.3,15.38,13.34,,19.93,,14,13.2,14.16,14.32,11.4,9.5,5.9,14.87,18.32,8.5,10,12.4,17.23,13.55,23,15,,13.5,,13.6,10,,19,23.05,14.75,16.8,4.95,27,24,3,-3,51,0.6444649766,0.8109898936
Memphis,Troy St.,19,16.81,0.29,5.4,9.79,5.11,27.32,17.08,9.44,9,-0.87,4.5,16.62,0.92,0.89,-2.08,9.83,3.02,2,5.85,21.97,,12.43,11.24,,7.94,,3,5,9,5.4,17.63,18.5,22.5,4.58,1.01,16,25,8.9,7.28,24.8,4,9.5,,18.9,,10.8,18,,18.05,15.79,10.55,9.5,7.91,17,38,3,21,55,0.302559035,0.710302605
Michigan,Texas,-7,-6.3,12.3,7.32,6.54,3.18,-6.13,-8.65,5.57,2,10.11,13,-5.99,13.47,4.97,11.57,1.13,11.05,2,2.95,-5.59,7.3,5.48,-0.45,,18,,5.5,6.7,2.47,1.73,-5.22,-7.5,-13.4,-10.02,7.49,-5.5,-2,-2.5,3.81,-7.86,-6,-2.4,,-6.9,,-3.4,-6.5,,-17.35,-6.06,-3.99,3.2,8.09,31,12,3,-19,43,0.6759256936,0.5252866487
Mississippi,Middle Tenn.,43,41.17,31.77,35.41,21.19,32.44,51.88,45.59,24.66,22,28.67,19,42.15,33.45,30.62,16.72,35.84,29.33,6,49.05,46.22,,35.43,40.29,,39.75,,4.5,26.2,35.92,38.77,38.76,42,29,35.92,32.85,40.5,49,40.4,38.28,53.62,37,41.3,,44.5,,41.1,42,,68.1,46.55,34.9,27.5,12.19,3,52,3,49,55,0.3602594484,0.9633393583
Missouri,Buffalo,34.5,35.97,39.39,31.13,14.61,23.07,46.38,38.58,20.88,18,39.47,18,35.94,39.34,32.63,17.96,33.12,33.14,3,39.15,33.86,,32.65,33.98,,42.31,,12,25.3,35.64,28.35,35.78,34.5,27.5,33.1,36.75,34,42,44.3,40.77,35.64,37,45,,36.5,,42.9,34.5,,32.9,45.93,40.3,21.8,9.85,0,38,3,38,38,0.4705577592,0.9618714758
NC St.,Tennessee,-9,-6.21,-0.76,-15.28,-7.3,-10.87,-2.65,-8.39,-10.78,-3,-3.88,-4,-7.15,0.93,-6.73,-0.7,-7.48,2.35,-2,-12.65,-8.54,,-4.81,-15.03,,-5.64,,-0.5,-9,-7.1,-14.03,-3.98,-8,-3.7,-19.06,-9.94,-6.5,-3,-7.5,-1.05,-7.12,-11,-7.1,,-14.4,,-7.9,-9,,-35.4,-11.48,-1.83,-7,6.74,51,10,3,-41,61,0.5351153428,0.3322468452
Navy,Temple,11.5,14.14,10.34,14.02,20.22,11.34,6.91,14.59,13.36,8,12.27,13,14.05,9.3,16.3,14.37,13.07,10.27,5,18.35,16.28,,5.66,15.09,,16.24,,6.5,11.3,14.02,9.57,14.49,12.5,8.8,7.23,11.53,12.5,21,13,12.5,20.77,17,15,,19.1,,14.2,11.5,,6.4,16.95,14.53,17,4.37,11,38,3,27,49,0.537984401,0.7863535513
Nebraska,Colorado,6.5,8.1,4.68,9.17,16.46,8.2,9.91,9.06,10.51,11,3.68,7,8.35,5.22,10.95,11.55,7.65,6.84,1,7.05,4.36,,3.01,8.5,,4.3,,12.5,8.3,7.2,7.13,7.2,7,7.2,4.12,2.7,6.5,7,1,6.99,9.93,8,3,,13.6,,2.5,6.5,,28.85,4.82,0.98,9.3,4.86,10,28,3,18,38,0.5276106557,0.6775156011
Nevada,Georgia Southern,0.5,-3.71,-10.77,0.98,2.35,4.93,5.14,-4.22,2.08,3,-10.53,0.01,-3.03,-10.88,3.95,13.63,-0.05,2.76,1,5.95,-4.35,7.24,3.61,0.86,,6.6,,2,1.4,0.92,1.75,-4.44,-1,-3.4,5.5,-3.23,-3,-3,-0.7,-4.59,-10.57,-1,-0.3,,-0.6,,-1.1,0.5,,1.7,2.64,1.47,4.8,5.19,20,17,3,-3,37,0.486863805,0.4988055864
New Mexico St.,Liberty,-22,-12.92,-10.96,-7.52,-1.49,-2.62,-32.62,-14.22,-7.57,-5,-6.83,-8,-12.71,-13.18,-9.14,1.82,-10.77,-8.53,-7,-4.75,-14.39,,-9.78,-13.12,,-9.52,,-7,-13.9,-10.96,-3.75,-13.1,-22.5,-23,-5.37,-8.17,-20.5,-15,-13.3,-17.43,-13.31,-13,-14.6,,-19.7,,-15.5,-20.5,,-1.45,-16.29,-11.57,-4.5,6.31,30,24,3,-6,54,0.7445556719,0.2641758596
North Carolina,Charlotte,22,24.02,23.85,29.27,20.66,23.8,30.13,25.07,25.59,22,25.26,26,23.97,23.09,29.04,18.21,24.84,24.38,6,25.15,26.72,23.41,22.94,26.72,,26.7,,14.5,26.3,25.11,25.97,24.49,22.5,15.5,22.03,26.61,21.5,31,25.7,30.73,29.96,24,26.4,,24.3,,24.6,22.5,,32.15,27.67,25.2,20.3,4.77,20,38,3,18,58,0.5680226565,0.9330166152
Northwestern,Duke,1.5,4.34,-0.86,0.33,-2.98,-0.72,16.73,4.23,3.48,-0.25,-5.08,-1,4.16,1.4,-3.34,8.39,2.31,1.01,1,2.35,5,,7.46,-1.71,,7.39,,6,-1.6,1.4,-1.87,4.66,2.5,0.9,1.72,-5.82,2.5,6,1,-0.01,17.68,2,1.8,,4.7,,0.8,1.5,,7.05,0.91,-2.67,1.5,4.88,26,20,3,-6,46,0.5194489425,0.555309108
Notre Dame,Northern Ill.,28,31.88,27.96,33.8,16.82,25.04,47.61,34.02,29.74,19,37.68,23,30.8,22.72,34.24,13.81,29.63,27.45,11,38.25,32.23,,24.78,36.1,,36.38,,9,33.2,31.88,30.57,32.95,28,25.5,29.86,34.31,30,32,38.9,34.44,19.49,35,39.7,,27.5,,37.6,28,,42.7,34.35,21.12,16.2,8.43,16,14,3,-2,30,0.5361275802,0.9503666952
Ohio,South Alabama,-2,3.46,2.2,0.44,-1.44,2.42,4.19,3.17,3.93,-1,-6.68,3,3.9,6.99,-1.92,11.54,1.12,4.33,2,-4.55,1.13,0.87,11.12,-5.22,,2.98,,4,1.8,1.08,1.02,3.26,-2,-1.9,0.89,-3.88,1,1,-2.7,-0.48,3.58,-10,-2.2,,-1.1,,-2,-1.5,,10.3,-5.03,4.21,-1,4.71,20,27,3,7,47,0.5747293339,0.5269641873
Ohio St.,Western Mich.,37,36.48,36.52,38.16,31.45,30.73,42.53,38.38,36.46,21,43.21,33.5,35.4,32.92,45.73,19.16,36.69,33.14,11,44.25,40.18,39.98,31.11,47.06,,40.17,,19.5,41.4,38.1,35.22,38.03,38,32,36.28,43.11,38.5,42,41.5,40.96,39.09,40,42.7,,36.2,,41.9,37,,30.95,40.1,40.03,35.8,7.60,0,56,3,56,56,0.4929735125,0.9814502292
Oklahoma,Houston,27.5,23.45,24.86,26.75,23.61,25.33,40.45,24.79,20.83,15,28.9,24,23.55,22.69,30.76,16.81,26.16,24.44,5,32.05,30.48,31.33,21.31,26.11,,30.92,,16.5,26.4,25.48,25.46,23.44,29,24,31.45,29.07,27,27,23.1,27.32,38.04,34,22.8,,26.5,,23.1,27.5,,34,30.49,26.03,25.5,6.21,12,16,3,4,28,0.4686714949,0.9375652216
Oklahoma St.,Arkansas,10,12.8,16.6,6.58,1.35,13.81,23.61,13.32,7.35,8,10.48,10,11.7,19.9,5.69,14.85,11.78,11.51,5,18.35,8.8,,16.68,10.09,,21.96,,10.5,11.9,12.16,5.67,13.97,7.5,13.4,2.37,10.62,9.5,11,13.9,16.95,12.16,15,13.7,,-0.1,,12.8,10,,-4.45,26.18,19.52,0.6,6.23,31,39,3,8,70,0.5415669738,0.7551540729
Old Dominion,East Carolina,1.5,2.28,13.32,-0.67,-5.53,-0.57,5.89,2.71,-0.94,-3,3.52,0.01,3,18.59,5.84,12.64,3.85,13.09,-3,3.55,-1.71,,13.84,-2.92,,6.48,,13,4.8,2.48,1.74,1.09,-2.5,0.8,0.44,1.85,2,5,1.7,4.6,3.7,5,-0.5,,-1.6,,0.9,1.5,,14.4,2.48,1.93,-4.7,5.82,20,14,3,-6,34,0.5552689837,0.5900597845
Oregon,Boise St.,19,15.12,22.91,20.03,13.58,12.04,33.68,16.42,15.58,8,27.04,12,13.96,20.69,22.65,14.54,18.92,19.77,2,23.15,20.29,,15.08,22.4,,27.45,,9.5,23.9,19.42,19.42,16.08,20,15,13.21,24.93,18,20,27.8,16.64,24.05,25,29.2,,11.9,,27,19,,8.1,20.53,18.35,14.4,6.68,34,37,3,3,71,0.4981469744,0.8640090949
Penn St.,Bowling Green,35,30.69,24.26,36.3,25.7,27.61,44.67,33.25,35.22,20,31.65,22.5,30.08,20.28,39.61,15.39,30.4,21.07,8,33.75,31.49,,27.46,37.77,,32.64,,10.5,35.8,31.65,30.96,30.81,34.5,25.5,34.16,33.61,33,33,38.1,32.13,23.75,36,39.3,,35.7,,37.8,35,,51.15,34.29,23.92,21.6,8.53,27,34,3,7,61,0.3992625037,0.954189903
Rutgers,Akron,23,28.18,30.73,28.41,23.38,18.97,23.93,29.29,18.9,18,31.43,20,28.14,30.36,23.85,18.22,26.28,25.31,7,31.65,28.3,,20.39,26.84,,26.95,,8,24,27.3,25.05,28.86,22.5,24,20.31,30.81,23.5,37,32.2,29.39,33.61,30,28.9,,26.8,,29,23.5,,22.8,30.33,32.28,27.3,6.15,17,49,3,32,66,0.5763832533,0.9386507255
SMU,BYU,11.5,7.06,14.95,3.89,10.18,-1.95,16.56,7.35,6.62,5,19.42,9.5,6.45,12.53,11.83,15.21,9.29,5.19,1,3.65,4.64,,14.55,9.04,,9.9,,23.5,5.3,9.1,6.47,7.62,11.5,7.7,12.57,10.3,11.5,10,5.9,14.78,13.51,-1,9.5,,10.5,,9.1,11.5,,5.4,13.86,8.67,11.6,5.31,18,15,3,-3,33,0.4474851157,0.7105364427
San Diego St.,Oregon St.,-6,-7.48,-16.88,-16.88,-8.11,-9.77,1.57,-7.93,-9.97,-2,-22.7,-6,-7.2,-13.75,-20.7,-9.78,-12.22,-13.9,2,-12.95,-8.5,,-17.83,-13.83,,-16.15,,-1.5,-14.6,-13.75,-15.76,-8.17,-6,-2.2,-10.8,-22.81,-3.5,-7,-17.6,-19.01,-10.1,-21,-17.4,,-3.8,,-14.9,-7,,-17.3,-15.48,-16.59,-7.1,6.54,21,0,3,-21,21,0.3585596867,0.2382918887
Syracuse,Georgia Tech,-3,3.36,-5.77,-4.17,4.64,-2.57,-9.24,1.79,1.73,-3,-9.27,-2,3.37,-3.89,-4.41,-7.29,-3.97,-7.38,-1,-12.75,-0.91,-11.27,-0.93,-1.03,,-14.2,,-4,-3.1,-3,-2.3,4.74,-2.5,-1.1,-4.95,-8.22,-1.5,-3,-2.7,-5.18,-2.8,-16,-1.4,,-2.5,,-1.4,-3,,-2.55,-14.7,0.71,-5.1,4.93,28,31,3,3,59,0.4767341467,0.4056218554
Texas St.,Texas-San Antonio,1,0.19,-2.52,-6.06,-4.01,-5.53,8.91,0.16,-7.38,-3,-4.17,-8,-0.24,-1.63,-6.99,-11.66,-2.15,-0.41,-6,-2.25,-2.48,,-3.66,-4.5,,-3.37,,-0.5,-2.4,-2.4,-4.95,0.41,0.5,-0.9,-9.17,-4.37,2,0.01,1.6,-4.7,-1.41,-2,1.5,,-2.2,,0.8,0.5,,18.4,1.47,-0.62,-7.5,4.86,10,49,3,39,59,0.4247573365,0.4484796227
Toledo,Massachusetts,18,28.31,26.58,25.57,22.11,23.21,7.32,30.06,26.5,14,26.6,25.5,28.55,26.57,24.27,18.09,23.27,21.2,10,29.55,25.75,,29.86,24.71,,33.55,,16.5,28.4,24.7,19.63,28.12,19,24.5,14.92,18.78,19.5,28,18.5,23.33,25.07,27,20,,24.7,,19.1,19,,19.3,25.68,19.62,20.2,5.66,23,38,3,15,61,0.6227368906,0.9163056418
Tulane,Kansas St.,-9,-8.16,-5.96,-14.21,-4.7,-6.67,-14.18,-8.4,-8.57,-1,-17.43,-2.5,-7.39,0.21,-15.84,-3.57,-8.81,-12.94,-2,-8.75,-5.77,,3.44,-13.37,,-12.91,,5.5,-13.6,-8.4,-11.29,-9.52,-9,-8.1,-2.11,-17.93,-11,-6,-20,-9.81,2.16,-19,-17.9,,-3.7,,-16.5,-9,,-4.95,-18.16,-10.01,-6.2,6.89,34,27,3,-7,61,0.5043797864,0.3053530618
USC,Utah St.,28.5,24.99,19.38,26.65,12.62,26.07,36.17,27.03,22.85,21,25.51,17.5,24.8,16.08,24.89,7.89,24.88,21.66,1,34.85,24.93,,25.66,28.32,,33.47,,10.5,27.9,25.92,27.53,24.78,28.5,22.5,27.33,26.45,27,28,30.8,28.91,25.92,30,31.8,,28.2,,30.3,28.5,,37.45,30.95,17.23,17.3,7.39,0,48,3,48,48,0.418110738,0.9223174662
Utah,Baylor,15,14.41,19.63,12.82,13.06,12.32,23.46,15.41,11.86,6,18.09,11,13.93,20.46,17.34,16.51,14.7,15.44,4,16.75,11.01,,19.51,14.88,,14.42,,10.5,13.7,14.7,13.13,14.66,14.5,11.1,12.2,18.65,17,15,15,20.89,15.91,15,15.6,,14.7,,16.4,15,,7.45,12.64,14.28,11.6,3.91,12,23,3,11,35,0.492680333,0.8156968314
Virginia Tech,Marshall,21,12.93,11.82,14.13,-5.35,5.74,27.18,14.05,7.7,12,18.88,-2.5,12.91,8.01,10.71,17.71,14.17,12.79,-2,16.98,19.08,,6.32,15.28,,19.45,,15,8.8,14.05,13.26,12.55,20.5,18,3.98,15.45,17,19,19.5,20.4,24.43,18,20.9,,12,,19.7,20,,32.9,26.52,11.87,6.5,7.83,14,31,3,17,45,0.3498072294,0.7882873572
Wake Forest,Virginia,-0.5,3.01,2.93,3.97,8.15,3.52,-4.5,2.99,8.38,4,3.56,7,3.09,2.58,5.06,-4.48,2.5,1.99,2,1.65,3.24,,8,3.59,,-4.66,,1,4.1,2.99,3.74,2.9,1.5,2,6.45,2.35,2,0.01,0.7,4.56,5.87,-2,1.8,,4.7,,1.6,0.5,,-0.35,-5.91,0.02,5.3,3.33,31,30,3,-1,61,0.5733648348,0.5612435416
Washington,Eastern Mich.,25,26.64,42.46,35.92,19.28,28.15,23.01,28.69,25.88,15,43.51,20.5,26.95,41.9,35.55,17.62,30.38,30.88,7,41.85,27.51,,30.52,31.3,,41.44,,11.5,33.5,30.52,30.46,25.99,24.5,19,23.34,41.77,23.5,33,44.2,38.97,22.39,33,43.1,,21.5,,39.3,25.5,,15.15,39.24,35.03,29.2,9.76,9,30,3,21,39,0.6135906571,0.9484688794
Washington St.,Texas Tech,0.5,3.77,-1.32,3.38,6.24,8.55,-15.26,3.27,1.71,-3,3.02,-0.5,6.1,-3.65,2.51,0.77,2.24,6.58,-1,14.15,0.92,,-8.39,5.57,,-3.97,,8,2.8,1.71,6.54,1.64,2.5,1.2,5.08,4.14,-1,0.01,-1.5,-3.04,-2.06,6,-1.9,,3.2,,-2.2,0.5,,29.85,6.34,0.47,0.01,6.94,16,37,3,21,53,0.5399998262,0.5514372616
Arkansas,UAB,22.5,18.25,8.82,21.67,14.62,18.47,24.5,20.97,18.51,12,14.3,10,19.36,5.87,21,15.84,18.71,18.47,23,25.15,22.49,23.89,17.19,23.65,,16.11,,0.01,19,19,23.46,16.05,24.5,16.5,23.66,19.12,21,28,23.4,18.74,23.86,23,24.2,,26,,22.6,22.5,,29.1,17.01,16.65,,5.89,27,37,4,10,64,0.4114415716,0.8654238753
Auburn,New Mexico,26.5,26.73,16.89,28.11,20.37,20.33,27.87,27.42,22.23,27,24.4,24.5,27.02,12.85,23.82,13.8,23.79,19.92,32,20.95,33.39,18.09,19.76,29.14,,17.41,,9.5,26.9,24.73,25.32,27.78,28,25,24.73,20.7,28,33,30,32.35,31.52,24,32.3,,37.7,,31.6,26.5,,4.45,26.21,19.69,,6.88,19,45,4,26,64,0.4377679968,0.9154338035
Baylor,Air Force,16.5,16.5,-9.98,11.61,0.02,15.26,22.6,21.97,3.38,10,-6.38,-1.5,16.23,-11.92,2.74,1.74,9.09,1.39,9,11.25,16.97,1.47,-9.46,14.02,,1.99,,-2,2.9,12.75,12.75,12.83,16,16,15.95,3.13,13.5,20,18.8,0.92,14.32,14,21.5,,21.3,,18.6,16,,14.3,25.41,21.73,,10.15,3,31,4,28,34,0.347072034,0.6852364517
Buffalo,Massachusetts,4,11.25,4.76,13.62,8.76,10.65,10.92,11.95,19.3,7,9.34,14,10.6,2.29,9.94,6.11,9,8.99,8,13.35,9.95,11.98,8.86,11.86,,17.37,,7,18.1,9.34,7.96,11.68,4,4.7,4.93,10.19,5.5,10,2.5,6.16,3.83,10,3.5,,7.2,,3.6,5,,8.3,12.5,5.18,,3.74,3,34,4,31,37,0.6204170697,0.7094701272
California,San Diego St.,17.5,16.73,13.14,17.5,13.2,15.51,18.92,20.6,11.28,12,16.11,8,15.37,11.54,20.69,15.31,18.43,17.78,9,19.85,20.62,17.56,13.92,18.34,,24.3,,10.5,15.2,17.78,19.99,15.55,18.5,14,20.89,14.53,17.5,25,30,20.28,21.71,20,32.1,,17.9,,28.5,17.5,,30.05,23.37,26.62,,5.56,10,31,4,21,41,0.5220458833,0.8633890948
Colorado St.,Colorado,-7.5,-8.62,-2.75,-9.99,2.6,-7.97,-12.54,-10.45,-0.51,1,-7.26,1,-9.72,-0.32,-5.26,15.75,-5.87,1.64,-5,-9.05,-10.3,-8.61,3.71,-9.01,,-6.66,,8,-4.9,-7.5,-10.11,-7.5,-7,-5.2,-13.57,-7.93,-8,-9,-15.5,-7.42,0.39,-13,-13.9,,-6.4,,-13.7,-7.5,,-7.6,-8.33,-5.78,,6.52,28,9,4,-19,37,0.5378372944,0.3661496426
Duke,Connecticut,16.5,16.29,24.58,26.51,18.88,20.71,11.51,18.09,22.96,14,27.76,20.5,15.46,22.86,34.27,15.77,22.57,20.3,21,24.65,17.96,31.63,28.82,23.59,,28.8,,15.5,28.4,22.86,23.99,16.41,16.5,17.5,13.93,19.3,15,32,24.3,28.13,14.33,26,23.1,,16.7,,23.2,17,,52.9,21.28,24.45,,7.41,21,26,4,5,47,0.6355073721,0.9011785118
East Carolina,Appalachian St.,-1.5,0.31,-15.82,0.32,6.55,8.33,-6.22,2.54,0.19,6,-7.34,-2,0.73,-20.38,0.5,-8.89,-1.85,-6.71,25,8.95,-0.14,-2.93,-14.55,3.3,,-7.02,,2,-4.8,-2,4.33,-2.99,-2.5,-3.2,2.9,-6.4,-3,-6,-3.8,-14.3,-5.92,6,-3.1,,3.7,,-4,-1.5,,28.8,0.29,1.79,,9.34,21,19,4,-2,40,0.4924187762,0.4599926992
Eastern Mich.,Jacksonville St.,-1,-0.36,-12.51,1.14,5.85,8.21,9.57,2.37,7.98,8,-17.45,9,-0.88,-9.84,-1.46,0.61,-0.58,3.65,18,-0.35,-0.13,4.52,-8.1,-0.08,,-1.7,,2,-1.4,-0.36,2.44,-3.06,2,-0.5,7.31,-6.86,1.5,-3,-2.5,-9.13,-0.38,1,-2.6,,2.9,,-2.3,-1,,8.25,-10.6,-3.37,,6.75,34,37,4,3,71,0.5097130221,0.4865879811
Florida,Texas A&M,-4,-3.73,-2.33,-1.67,-5.89,-4.95,-10.82,-5.53,-0.56,1,-3.95,0.01,-3.9,-1.45,-5.7,-4.62,-4.3,-6.28,-1,-6.45,-0.46,-11.16,-3.67,-5.16,,-1.07,,-6,-5.6,-4.62,-0.8,-2.95,-3.5,-5.5,-3.61,-4.25,-4,1,-4.8,-2.67,-6.19,-11,-6.8,,-4.7,,-5.7,-4,,-11.1,0.04,-4.95,,3.12,33,20,4,-13,53,0.4926024378,0.3951976406
Florida Atlantic,Florida Intl.,4.5,5.68,8.27,13.11,5.37,6.66,-1.52,5.69,12.59,1,15.57,4,3.16,4.32,9.14,3,5.67,4.05,-14,1.35,5.77,8.45,2.62,9.64,,9.94,,10,8.9,5.68,4.69,8.04,5.5,3.4,1.73,11.35,6,9,10.2,11.5,-1.98,-4,11.4,,0.1,,9.7,4.5,,-0.25,-1.98,0.77,,5.62,20,38,4,18,58,0.5276943733,0.6318240323
Florida St.,Memphis,6.5,6.33,15.62,10.58,-3.09,-0.48,11.62,4.85,2.99,2,13.59,-2,5.54,16.7,10.34,12.97,6.8,0.11,-26,-3.95,9.5,-1.99,-4.4,6.16,,-1.15,,8,2.7,6.33,9.51,8.75,7,4,9.31,10.78,5,3,15.2,14.91,9.12,1,16.3,,3.9,,13.8,6.5,,18.5,0.81,4.79,,8.29,20,12,4,-8,32,0.5066831994,0.6479294821
Fresno St.,New Mexico St.,19,14.51,3.85,17.1,5.88,11.97,6.05,15.31,16.43,12,4.37,10,13.61,3.57,12.52,-7.66,12.5,10.45,-8,14.35,17.86,14.42,4.11,15.31,,8.59,,9,12.8,13.61,9.6,15.45,19.5,24,17.11,5.91,21,19,19.2,16.85,19.6,11,21.5,,16.3,,20.2,18,,18.7,19.3,10.46,,7.10,0,48,4,48,48,0.3542912918,0.7638586777
Georgia St.,Vanderbilt,-9.5,-6.85,11.55,-6.54,-1.76,-9.87,-6.11,-10.95,-0.61,-7,3.46,3,-8.29,15.91,-8.96,-1.67,-4.48,-2.12,-27,-10.85,-11.52,-4.74,4.56,-12.53,,-0.91,,10,-1.5,-6.3,-9.87,-3.3,-10.5,-7.8,-11.99,-8.07,-9.5,-21,-6.7,6.48,-2.14,-16,-6.8,,-16.3,,-6.3,-9,,-4.25,-9.76,-2.76,,8.36,32,36,4,4,68,0.6101871852,0.401406515
Houston,Rice,4.5,8.24,3.12,14.21,-1.38,11.29,9.63,9.04,17.18,5,3.11,6,7.21,3.13,12.03,4.73,8.52,11.65,-15,6.75,7.89,18.5,12.07,10.23,,7.55,,3,14.4,8.8,9.74,8.64,4,7.2,5.41,9.09,5,10,10.3,8.96,-12.4,10,9.3,,4.9,,8.8,5,,35.25,7.56,9.86,,7.49,7,33,4,26,40,0.5905642346,0.6862810432
Illinois,Central Mich.,18.5,22,13.52,,17.28,19.82,14.75,24.93,24.82,18,17.04,15.5,22.17,11.62,28.77,17.16,22.74,21.56,21,28.35,20.48,39.7,25.79,26.62,,30.75,,10.5,22.9,22.09,22.88,20.78,19,17.5,17.02,28.24,18,37,29.5,19.86,13.79,24,29.9,,20.1,,23.9,18.5,,53.1,22.99,24.85,,8.08,9,30,4,21,39,0.5940764009,0.8991419861
Iowa,Troy St.,24,22.37,1.22,16.39,11.64,18.71,29.09,26.16,14.32,13,-3.35,7.5,21.67,3.67,9.99,13.98,16.03,9.53,23,14.15,28.33,12.66,7.91,16.82,,10.05,,0.5,14.1,15.54,16.31,21.14,22.5,23,15.54,5.32,22,30,24.4,13.06,34.02,23,25.6,,23,,23.7,23.5,,14.6,20.37,19.95,,8.61,21,38,4,17,59,0.329493141,0.8126246684
Kansas,UNLV,9,6.28,10.15,10.89,1.13,-2.5,29.32,2.63,7.13,5,13.38,2.5,6.1,8.41,5.91,2.32,7.85,6.36,-9,3.05,8.26,10.83,6.16,5.65,,6.59,,9.5,7.7,7.03,7.91,9.38,7.5,6.9,9.79,12.88,8.5,8,15.4,18.55,7.8,1,16.8,,4.2,,13.8,9,,-2.75,6.96,7.03,,6.31,23,20,4,-3,43,0.4731655049,0.6770614936
Kansas St.,Arizona,7,10.33,3.2,11.23,15.77,11.64,6.01,13.32,10.94,10,5.7,18,8.96,1.86,14.79,-1.12,8.08,-0.08,5,6.05,10.01,-2.28,3.17,12.36,,-1.91,,-1.5,11.1,9.62,9.62,8.95,7,10.6,9.56,2.33,7,8,13.1,6.55,10.93,7,11.7,,14.5,,11.8,7,,12.15,10.61,8.2,,5.15,7,31,4,24,38,0.5257996538,0.6858660419
Kentucky,Georgia,-22,-17.07,-20.07,-20.13,-22.15,-18.14,-27.6,-20.78,-22.39,-10,-20.71,-24.5,-16.57,-19.72,-23.4,-11.75,-20.36,-21.36,-24,-28.85,-22.5,-31.8,-10.29,-23.64,,-23.16,,-6.5,-22.2,-20.78,-16.75,-16.74,-24,-20.5,-23.08,-25.77,-23.5,-19,-24.9,-7.99,-13.65,-28,-28.7,,-26.5,,-25.9,-22,,-10.25,-29.81,-17.25,,6.33,13,12,4,-1,25,0.5382222536,0.116775956
Liberty,UTEP,24,20.46,29.77,17.92,21.22,16.09,35.01,21.12,18.73,15,22.1,28,19.88,33.9,21.65,18.05,23.19,23.12,35,21.75,27.46,25.8,39.61,20.77,,28.2,,15.5,25.1,22.1,15.86,22.03,23,23.5,14.83,19.16,21,25,23.2,31.14,30.93,16,26,,23.6,,25.4,24,,6.25,27.09,34.01,,7.03,10,28,4,18,38,0.4813930716,0.909190893
Miami (Fla.),Ball St.,36,28.22,20.45,24.03,16.18,23.55,43.23,32.85,16.11,21,24.95,17,28.5,18.03,28.46,9.24,26.88,22.48,21,21.65,35.91,,19.19,31.98,,16.39,,7,25.3,26.24,25.97,25.92,36.5,26.5,35.14,17.75,35.5,42,40.7,30.82,33.42,32,41.9,,37.4,,40.4,35,,31.15,31.78,35.79,,8.85,0,62,4,62,62,0.3078888038,0.9304455699
Miami (Ohio),Cincinnati,-3.5,-4.26,15.96,-4.82,-1.01,-1.08,3.51,-1.85,-2.14,0.25,7.76,2.5,-4.22,20.38,4.29,13.18,4.76,11.83,-22,9.65,-0.63,11.12,18.02,-3.65,,13.63,,16.5,-1.6,2,-2.26,-7.65,-3.5,-1.2,-1.79,11.35,-2.5,1,-0.7,5.86,22.61,2,1.6,,1.3,,0.5,-2.5,,8.1,8.2,12.45,,8.96,27,16,4,-11,43,0.674779743,0.6030067491
Michigan,Arkansas St.,23,23.19,40.66,38.33,24.01,28.58,38.67,25.61,31.72,15,40.95,25,22.58,40.49,42.05,18.56,30.52,32.76,-9,36.55,26.74,35.46,25.6,36.1,,49.28,,14,33.5,32,32.51,23.32,23.5,15,23.38,39.57,24.5,33,37.5,35.55,24.24,32,39.7,,29.5,,36.5,23.5,,21.85,32.56,23.58,,10.40,18,28,4,10,46,0.6540545675,0.9461205623
Middle Tenn.,Western Kentucky,-7,-8.06,-6.88,-5.46,-2.87,-0.95,5.39,-10.88,-2.11,-0.25,-1.39,-5,-7.67,-9.84,-0.4,2.35,-5.31,-7.35,1,-3.75,-7.39,-1.01,-17.09,-4.82,,-8.89,,6,-5,-5,-1.85,-7.49,-7,-6.7,-0.38,-0.76,-8.5,-14,-3.6,-6.31,-17.61,-9,-3.9,,-2.6,,-4.3,-7,,-15.9,-2.74,-8.6,,5.60,49,21,4,-28,70,0.5399835003,0.3762163311
Minnesota,Nevada,17,19.39,21.01,22.53,17.66,14.55,14.65,20.01,15.91,13,20.56,14,18.92,21.25,15.66,13.33,17.38,8.89,18,18.15,25.45,13.26,8.51,19.45,,20.38,,9,16.4,18,20.38,20.6,17.5,17.5,14.81,18,14,27,22.5,25.55,30.16,14,23,,20.7,,21.7,17,,-6.5,15.9,11.69,,6.30,0,27,4,27,27,0.5088761935,0.845589132
Mississippi St.,Toledo,10.5,9.19,-4.26,15.53,1.07,11.91,14.67,11.54,10.24,5,0.12,-2,8.76,-6.62,7.67,-10.09,6.88,1.82,-6,11.95,9.44,7.43,-5.73,12.9,,2.89,,-5.5,8.8,8.1,11.06,7.77,12,7.2,14.32,-0.98,9.5,9,14.6,4.69,-3.05,27,15,,8.1,,13.2,10.5,,27.95,8.62,5.23,,8.71,41,17,4,-24,58,0.4207720528,0.6480110087
Missouri,Boston College,15.5,14.98,23.79,15.66,9.78,6.91,31.52,13.87,14.59,7,26.82,12.5,14.04,22.15,18.61,15.43,16.15,10.99,12,18.65,11.32,22.6,13.18,15.47,,22.84,,16.5,16.6,15.47,9.6,17.4,16.5,22.5,11.31,25.97,15.5,11,18.6,25.24,6.16,9,19.3,,11,,18.8,15.5,,7.7,21.55,16.91,,6.08,21,27,4,6,48,0.5152513522,0.8289659232
NC St.,Louisiana Tech,21,19.64,27.56,24.01,10.82,12.92,34.41,20.65,18.54,14,27.66,17.5,19.76,27.52,22.26,19.3,22.61,24.28,-7,28.25,21.91,,30.89,20.38,,30.67,,7,18.3,23.13,18,20.27,21.5,24.5,13.32,30.42,21,32,31.3,36.2,26.27,13,33.5,,20.9,,30.8,21,,-3.15,26.63,28.06,,9.41,20,30,4,10,50,0.5347651563,0.8897780126
Oklahoma,Tulane,13,13.23,13.09,19.05,10.99,8.91,18.88,12.25,13.03,13,23.71,14,12.02,7.38,15.96,8.67,14.06,13.09,9,9.15,16.94,13.8,5.23,15.21,,14.41,,10,13.5,13.8,17.54,15.89,13.5,18,11.85,17.97,14.5,15,23.6,17.88,9.98,8,21.7,,9.8,,20.8,13,,14.35,17.57,14.48,,4.66,19,34,4,15,53,0.525543419,0.8022974977
Old Dominion,Virginia Tech,-16.5,-9.55,-6.2,-13.51,-4.42,-2.02,-17.34,-10.14,-5.74,-10,-12.55,-6,-9.57,-2.78,-5.44,-8.33,-10.37,-4.74,-10,-14.95,-15.52,-15.44,-6.54,-11.09,,-18.85,,3,-8.9,-10.14,-11.01,-10.71,-14.5,-17,-8.52,-14.42,-13.5,-14,-14,-17.06,-17.56,-10,-14.5,,-11.1,,-14.3,-15.5,,-1.3,-19.88,-6.86,,5.20,37,17,4,-20,54,0.6431884604,0.2673532915
Oregon St.,Oregon,-17,-8.91,-11.99,-5.89,0.88,-0.49,-38.98,-8.01,-4.21,-3,-13.65,-4,-9.38,-11.09,-1.09,-5.66,-10.1,-3.01,8,-7.75,-17.24,-8.19,-2.29,-11.21,,-12.24,,-1.5,-7.9,-8.91,-3.16,-11.67,-16,-18,-7.5,-12.63,-14,-18,-19.6,-7.81,-26.47,-10,-22.6,,-9.4,,-20.8,-16,,4.4,-14.5,-11.36,,8.63,49,14,4,-35,63,0.6487272877,0.288083065
Pittsburgh,West Va.,-2,-2.73,-11.94,-3.33,6.98,0.53,-8.81,-1.92,1.52,5,-9.98,3.5,-3.74,-12.99,-5.43,-2.91,-4.51,-3.29,18,-10.35,-2.42,-6.67,-7.44,-3.05,,-13.04,,8,-0.9,-4,-1.73,-3.53,-2,-3.3,0.99,-10.09,-2.5,-7,-8.4,-11.31,-12.12,-10,-9.5,,-4,,-8.6,-2,,25.1,-14.05,-9.36,,7.96,34,38,4,4,72,0.4438019217,0.399764835
Purdue,Notre Dame,-7.5,-11.1,-17.43,-10.39,-3.3,-4.23,-29.57,-12.28,-7.93,-0.25,-25.26,-8.5,-10.27,-13.22,-14.63,-6.86,-11.41,-12.52,21,-8.35,-9.53,,-11.39,-13.04,,-11.75,,4,-13,-11.57,-4.95,-12.82,-10,-10.8,-10.03,-17.43,-12.5,-8,-13.5,-17.03,-19.01,-14,-15.3,,-10.2,,-15.9,-8,,-1.75,-10.84,-12.11,,7.93,66,7,4,-59,73,0.4128084294,0.2601290005
Sam Houston St.,Hawaii,4,1.21,-0.79,0.59,3.46,7.92,3.29,1.76,-2.02,1,6.3,-2,0.81,-4.62,0.39,2.81,2.96,3.91,-7,6.15,4.43,-0.26,4.69,5.01,,2.09,,9.5,0.5,2.81,5.34,0.52,4.5,3.3,9.01,4.67,2.5,4,0.7,0.45,-0.3,6,1.3,,4.3,,2.1,4,,19.7,5.25,6.94,,4.24,13,31,4,18,44,0.4747668108,0.5714786978
San Jose St.,Kennesaw St.,17.5,19.65,,31.59,19.18,24.72,15.59,22.21,26.62,19,,26.5,19.29,,31.21,19.56,24.85,27.78,28,38.85,21.57,67.66,27.14,29,,42.94,,25.5,23.3,22.68,22.62,19.02,19,10.7,22.68,38.7,18.5,,23.1,21.18,5.52,26,21,,18.5,,20,18.5,,17.15,32.02,42.51,,10.28,10,31,4,21,41,0.651234971,0.9055819568
South Carolina,LSU,-6.5,-3.56,-14.29,-4.67,-1.85,1.67,-13.59,-2.15,-6.07,6,-13.78,-1,-4.27,-14.57,-6.4,-3.61,-4.18,-0.85,8,2.75,-1.19,0.85,-2.8,-4.11,,-2.94,,-3,-9.9,-3.56,-0.37,-5.78,-7,-7.9,-0.48,-10.06,-7.5,1,-8,-9.27,-3.11,-4,-9.1,,-1.8,,-8.5,-6,,16.9,-1.8,-3.32,,6.06,36,33,4,-3,69,0.5542993585,0.4028443144
Southern Miss.,South Florida,-12.5,-10.49,-6.12,-4.18,-2.76,-9.56,-12.78,-12.58,-4.63,-3,-6.79,-1.5,-11.49,-5.75,-8.87,2.12,-7.93,-1.81,-21,-13.55,-10.74,-9.64,-6.63,-10.48,,-6.28,,-1,-9.1,-8.8,-5.34,-9.41,-11,-6.7,-6.38,-1.72,-11,-15,-8.8,-6.82,-17.58,-15,-12.4,,-17.2,,-11.3,-12,,9.05,-16.86,-10.21,,5.79,49,24,4,-25,73,0.6065982742,0.3194215829
TCU,Central Florida,2,-0.14,3.27,4.65,0.23,-3.84,-3.52,-3.46,4,7,4.29,5,-0.48,2.72,3.02,-0.59,1.06,2.53,5,-5.75,1.56,1.12,3.59,-2.91,,1.4,,3,0.4,1.12,-2.39,2.33,-2.5,3,-2.04,-2.07,2,-2,3.1,5.01,0.99,16,3.1,,-2.6,,2.5,2,,-9.15,0.16,-0.1,,4.12,35,34,4,-1,69,0.4771481592,0.5257652675
Temple,Coastal Carolina,-19,-17,-16.27,-16.96,-22.02,-21.1,-6.48,-21.84,-16.89,-11,-16.66,-25.5,-18.39,-16.05,-23.77,-12.4,-19.25,-24.14,-39,-28.15,-15.94,-24.63,-17.52,-17.7,,-24.87,,-3,-19,-18.1,-15.65,-13.83,-17.5,-11.9,-19.1,-22.86,-16,-25,-18.1,-14.75,-21.31,-35,-17.3,,-20.8,,-17.4,-19,,-27.6,-27.38,-27.96,,6.69,28,20,4,-8,48,0.4942111515,0.1319229854
Tennessee,Kent,49,45.05,42.64,43.2,42.44,48.9,49.47,55.47,38.13,27,47.95,38.5,43.96,39.78,50.4,19.64,46.75,43.68,49,67.55,48.13,56.2,39.02,56.67,,59.34,,15.5,42,48.13,48.79,41.72,49,31,50.9,54.85,47.5,54,51.3,43.26,43.74,62,50.5,,55.8,,51.2,49,,66.9,62.46,56.74,,10.94,0,71,4,71,71,0.4535426226,0.9923478217
Texas,Texas-San Antonio,35,32.75,22.1,32.97,26.94,38.65,57.74,41.44,31.03,24,23.42,25.5,32.19,21.39,41.97,17.4,34.41,32.5,41,51.45,34.28,53.35,17.94,43.54,,32.28,,9.5,40.4,32.75,35.03,28.84,35,26,39.67,30.46,34,36,45.9,22.96,32.14,55,47.1,,43,,43.9,35,,24.8,48.5,51.19,,11.28,7,56,4,49,63,0.4879167627,0.9613639985
Texas St.,Arizona St.,1,-1.36,7.41,-10.74,2.86,-15.89,3.3,-4.71,-5.4,-4,5.8,2.5,-0.94,8.27,-2.85,-8.18,-1.98,-2.79,-13,-2.55,1.05,-2.8,5.66,-6.66,,3.48,,12.5,-6.2,-2.8,-9.26,0.37,0.5,-2.3,-6.23,-4.72,-3,0.01,-7.4,1.82,18.01,-24,-5.8,,-2.9,,-4.7,0.5,,-4.35,-3.48,-3.98,,7.58,31,28,4,-3,59,0.432739372,0.455190836
Texas Tech,North Texas,10,10.78,16.48,15.88,4.43,3.38,17.5,9.69,11.2,10,18.8,7.5,9.1,15.22,12.03,7.8,11.04,1.56,-8,7.05,13.5,5.04,11.16,10.5,,15.77,,3,16.1,11.16,9.99,14.15,9.5,8.1,6.42,11.45,12,11,18.3,26.19,12,4,15.7,,5.9,,15.6,10,,0.05,12.77,13.74,,6.14,21,66,4,45,87,0.5243600067,0.7416997239
Tulsa,Oklahoma St.,-18,-22.43,-19.97,-19.69,-4.35,-21.38,-35.39,-24.84,-11.98,-11,-19.96,-17,-22.59,-19.97,-22.27,-12.77,-22.54,-14.61,-9,-25.15,-28.38,-21.55,-24.74,-23.69,,-26.53,,3.5,-18.9,-22.59,-21.88,-23.11,-19,-25,-14.87,-30.44,-20.5,-30,-29.2,-27.51,-25.01,-34,-30.1,,-18.8,,-27.8,-19,,-37.35,-31.66,-31.77,,8.05,45,10,4,-35,55,0.3993391951,0.1027027396
UCLA,Indiana,-3.5,1.09,15.36,8.37,9.25,-1.71,3.38,-2.03,7.94,4,14.67,9,-0.85,15.73,8.36,6.63,5.56,8.38,-19,0.55,4.98,11.9,15.54,1.96,,13.81,,7,9.5,5.8,0.8,5.27,-3,2.3,-3.4,7.22,-2.5,1,4.1,17.53,13.58,-9,3.3,,-5.3,,5.8,-2.5,,4.9,6.79,-10.15,,7.36,42,13,4,-29,55,0.6976732622,0.6246505487
Utah St.,Utah,-18.5,-23.08,-12.03,-26.75,-24.69,-23.86,-34.99,-28.67,-17.66,-11,-16.04,-14,-23.75,-9.88,-25,-10.52,-21.55,-13.98,-27,-32.05,-24.3,-23.11,-11.17,-28.9,,-21,,3.5,-24,-23.65,-24.63,-20.38,-20,-17,-23.65,-23.15,-21.5,-26,-25.6,-22.67,-15.5,-30,-28.5,,-29.7,,-26.8,-19,,-18.65,-29.07,-32.02,,7.70,38,21,4,-17,59,0.431368864,0.1109354189
Virginia,Maryland,-1,-4.08,-10.74,-7.74,-11.19,-8.34,-2.61,-3.79,-2.92,2,-12.94,-3,-5.7,-9.55,-11.72,-0.79,-6.39,-4.5,12,-11.85,0.04,-7.81,-5.58,-7.89,,-6.85,,-1,-3.8,-5.9,-6.9,-3.89,-2.5,-1.6,-6.83,-11.74,-2,-1,-5.4,-11.6,-4.89,-17,-7.4,,-6.9,,-5.9,-2,,-19.55,-2.16,3.06,,5.35,27,13,4,-14,40,0.373826656,0.3514434645
Wake Forest,Mississippi,-21,-19.68,-22.13,-17.88,-14.13,-18.97,-38.32,-25.72,-10.12,-9,-19.1,-16.5,-18.9,-23.78,-19.87,-11.51,-20.73,-15.65,-32,-31.75,-18.28,-20.72,-20.68,-25.36,,-24.24,,-1.5,-14.1,-20.4,-23.15,-18.15,-22.5,-22,-19.77,-22.02,-22,-20,-20.4,-20.04,-26.17,-32,-21.7,,-27.4,,-22.2,-21,,-26.65,-27.17,-25.25,,6.47,40,6,4,-34,46,0.506282867,0.1132913239
Washington,Washington St.,5.5,3.4,27.22,9.3,14.22,7.61,20.45,0.96,7.34,6,15.26,15,3.5,33.67,8.17,15.58,10.36,13.25,-2,4.95,7.72,10.67,15.61,0.79,,17.58,,5,7.9,8.17,7.65,5.02,5,-1.6,5.52,7.14,4,9,15.8,18.21,15.68,-2,15.3,,2.5,,13.5,6,,11,5.47,6.09,,7.53,24,19,4,-5,43,0.6089495017,0.7222660723
Wisconsin,Alabama,-16,-12.71,-17.91,-18.7,-11.94,-18.77,-18.6,-18.13,-16.17,-6,-16.09,-19,-12.19,-18.89,-20.5,-7.5,-16.07,-13.82,-23,-23.05,-12.03,-20.9,-17.82,-19.82,,-22.83,,-2,-11.9,-16.62,-17.46,-10.37,-16,-10.2,-22.8,-16.98,-15.5,,-12.9,-8.04,-14.6,-33,-12.5,,-24.4,,-13.5,-16,,-22.15,-16.89,-16.34,,5.80,42,10,4,-32,52,0.498347695,0.1708473741
Wyoming,BYU,-9.5,-10.33,9.58,-11.72,-8.36,-15.15,-14.09,-15.55,-6.34,-10,4.18,-9.5,-11.01,12.48,-8.76,1.12,-7.6,-3.8,-34,-10.35,-8.42,-8.66,-6.57,-13.65,,-11.01,,7.5,-7.1,-9.13,-15.38,-6.8,-11.5,-5.8,-17.42,-3.13,-8.5,,-10.1,2.73,-2.78,-17,-10.2,,-16.3,,-9.6,-9.5,,-24.45,-7.02,-11.85,,8.58,34,14,4,-20,48,0.5419238391,0.3368313168
Appalachian St.,South Alabama,7.5,9.25,4.93,2.33,-3.19,8.92,17.42,10.17,7.12,10,-1.52,11.5,6.26,8.4,1.2,9.86,6.86,13.25,-4,-8.85,7.09,6.85,17.59,1.81,,9.3,5,-0.5,6.6,7.12,-1.18,11.3,7.5,6.6,1.19,0.17,7.5,18,11.4,11.09,12.16,1,12.1,,2.5,,11.1,7.5,,13.3,15.93,9.84,-6.7,6.48,48,14,5,-34,62,0.4851124631,0.6554549086
Army,Rice,7,6.17,2.74,13.2,11.74,19.43,10.33,5.22,19.49,8,-1.28,12.5,7.26,4.91,12.11,10.13,10.58,23.33,18,11.35,3.73,20.1,10.4,11.99,,19.02,32,6,14.4,10,6.55,5.47,6.5,4.9,10.85,1.89,5,8,4.1,19.25,2.71,18,3.3,,6.6,,4.5,7,,30.05,5.02,17.06,10,7.37,14,37,5,23,51,0.5810287763,0.7272235226
Auburn,Arkansas,2.5,8.1,9.73,5.85,-0.32,4.96,6.46,7.95,9.02,5,9.63,4,7.53,9.79,5.71,8.24,6.61,5.35,-1,13.65,6.05,11.23,1.2,8.99,,8.55,-2,5.5,9.3,6.46,3.9,8.51,3,4,3.25,10.15,4,6,9,11.2,8.82,3,9.9,,4.3,,8.7,3.5,,-2.25,9.63,5.42,5.3,3.73,24,14,5,-10,38,0.5994943835,0.6573886731
BYU,Kansas St.,-6.5,-6.46,-15.1,-10.94,-11.89,-4.79,-17.71,-7.96,-8.55,-1,-21.27,-6,-5.98,-11.77,-14.91,-11.46,-9.78,-6.92,-6,-13.85,-7.76,-18.85,-6.32,-11.12,,-10.09,-2,-1.5,-12.1,-10.09,-7.82,-7.54,-6.5,-8.2,-7.9,-21.37,-7,-6,-13,-5.95,-5.04,-11,-12.3,,-10.3,,-12.5,-6.5,,1,-12.53,-5.71,-16.6,5.04,9,38,5,29,47,0.4219430458,0.2785436818
Boston College,Michigan St.,6.5,7.61,6.1,4.47,10.37,11.34,12.64,7.89,4.18,-1,6.06,0.5,8.72,6.12,5.67,6.44,8.02,12.88,-2,12.95,9.13,9.69,9.73,12.24,,4.66,-2,6.5,5.4,7.61,8.04,6.1,6.5,6.9,12.28,11.74,6.5,8,4.9,6.65,16.05,14,6.3,,10.6,,6.5,6.5,,10.4,21.36,15.48,0.7,4.59,19,23,5,4,42,0.5366471677,0.6862931931
Central Mich.,Ball St.,6.5,6.24,2.52,3.9,6.68,4.04,7.53,6.17,1.02,5,-0.65,2.5,7.46,4.23,1.25,-6.98,2.83,-4.92,7,5.05,5.27,-7.52,1.58,8.95,,-4.77,-8,3.5,-0.3,3.5,5.13,4.61,6.5,6.9,12.4,-6.45,6.5,4,-0.4,0.01,12.68,1,0.4,,11.5,,0.3,6,,-2.3,11.35,8.15,1.2,5.26,34,37,5,3,71,0.4131423515,0.5671946249
Cincinnati,Houston,3.5,4.37,-1.26,4.26,7.08,1.75,1.94,3.44,5.22,4,0.88,6,3.1,-2.42,0.99,3.01,2.05,6.91,6,-3.45,9.57,5.44,7.95,-1.83,,4.68,-6,-1.5,4.6,2,1.46,5.72,3.5,3.5,4.6,-3.64,6,6,-0.9,5.25,8.26,2,-1.4,,-0.6,,-0.1,3.5,,-3.75,-4.26,1.38,-0.8,3.91,0,34,5,34,34,0.464665379,0.5498905801
Clemson,NC St.,18,13.98,4.04,16.01,11.55,16.2,14.33,15.5,19.01,14,5.75,10.5,15.31,3.11,14.39,4.62,15.51,16,3,22.95,18.34,20.74,8.15,18.92,,14.03,15,6.5,19.2,15.31,14.22,11.54,20.5,11.3,18.86,12.55,15.5,15,19.9,18.55,16.21,23,21.6,,20.9,,20.3,18,,41.75,30,20.89,11.7,7.22,35,59,5,24,94,0.4432351087,0.8130830977
Coastal Carolina,Virginia,-3.5,2.11,10.1,-0.23,12.52,6.26,-4.45,1.1,3.56,3,6.84,14.5,2.2,11.84,0.72,8,4.04,12.24,6,5.95,-5.06,4.98,17.88,-1.06,,7.17,-5,11.5,2.3,3,0.54,1.94,-3.5,-2.1,2.91,3.85,-3,-2,-3.1,8.05,7.03,3,-4,,1.2,,-1.6,-2.5,,9.65,-0.29,7.08,7.1,6.02,43,24,5,-19,67,0.6715257944,0.5940474301
Colorado,Baylor,2,0.03,8.24,-7.38,-5.9,-3.7,-3.84,-2.36,-6.26,-2,8.72,-4,-0.62,7.98,-3.65,-3.78,-1.19,-1.69,-10,-5.55,-2.02,-2.17,-2.99,-5.71,,0.12,5,4,-6,-2.02,-2.24,1.5,2,1,2.22,-5.12,1,-2,4.4,-2.45,-1.82,-9,2.2,,-5.5,,3.6,1.5,,1.15,-0.41,-6.62,-2.9,4.46,31,38,5,7,69,0.4232940719,0.4712319144
Colorado St.,UTEP,9,11.95,8.25,7.2,3.84,8.54,3.91,11.03,6.82,10,6.62,7,11.63,9.14,5.41,7.07,9.33,5.79,4,8.05,13.1,10.58,17.06,9.72,,3.1,13,8,8.5,8.54,4.45,13.28,9,6.5,7.5,7.01,10,17,14.3,9.45,18.32,6,16.4,,10.8,,14.7,9,,-2.35,12.85,11.56,12.2,4.45,17,27,5,10,44,0.5079843824,0.7142639236
Connecticut,Florida Atlantic,1.5,-0.99,-0.86,-3.16,-0.68,-0.82,1.36,-1.62,-5.99,1,-4.78,0.01,-0.98,1.27,-3.35,1.9,-1.11,6.53,-1,2.75,0.99,-0.61,2.64,-4.21,,2.64,-9,1,-6.6,-0.74,-0.74,-1.75,2.5,-0.4,1.4,0.73,-2,-8,-0.7,2.1,4.87,-5,-2.1,,-1.2,,-2.3,1.5,,-10.2,3.45,-0.86,-6.4,3.51,14,48,5,34,62,0.4362251161,0.4727819326
Florida St.,California,2.5,6.27,22.81,6.2,-0.15,-4.24,17.13,5.56,5.91,-5,17.02,-1,5.3,25.92,3.56,6.64,3.87,-5.86,-22,-2.85,5.53,-2.68,4.35,2.07,,-2.42,-16,8,1.3,4.17,0.54,7.48,2.5,6.2,3.55,8.47,3,1,2.6,-8.75,14.3,-6,2.9,,5.7,,3.3,2.5,,-7.85,4.17,5.33,5.8,8.91,9,14,5,5,23,0.5299941478,0.5841735209
Indiana,Charlotte,28.5,23.52,10.89,28.68,21.53,28.26,19.39,25.24,22.8,21,15.01,19,25.79,8.67,20.89,16.8,24.07,28.97,40,32.85,24.89,33.52,16.37,33.87,,25.29,28,9.5,22,24.89,28.13,21.42,29,22.5,33.84,25.06,27.5,28,25.1,35.35,24.46,32,25.1,,32,,23.4,28,,30.2,29.87,22.56,23.9,7.02,14,52,5,38,66,0.3992727938,0.9172437387
Iowa St.,Arkansas St.,21,18.41,14.68,26.45,20.55,18.08,17.59,19.59,19.46,12,18.57,13,17.63,12.58,25.03,14.3,19.05,18.69,8,14.25,22.88,18.03,15.56,19.67,,23.44,19,12,22.3,19,20.29,19.07,21,11.2,14.62,20.07,20,24,28.1,26.95,17.25,20,29.6,,19.9,,27,21,,13.7,28.65,21.76,13.7,5.28,7,52,5,45,59,0.4536001396,0.8726079191
Jacksonville St.,Southern Miss.,6,5.31,16.57,3.2,5.41,3.21,1.02,5.32,3.22,-5,16.9,2,4.17,16.39,10.4,10.91,6.97,8.04,-5,7.55,6.15,6.24,13.65,3,,7.55,13,14.5,10.9,6.2,6.61,5.84,6,3.3,0.79,10.53,6.5,6,4.7,6.65,12,1,5.6,,3.7,,6.2,6,,9.65,6.46,7.55,3.6,5.13,7,44,5,37,51,0.5231807637,0.6619374573
Kentucky,Ohio,20,20.09,7.02,23.22,5.65,15.28,28,23.3,14.89,9,14.05,5.5,19.41,3.23,16.92,7.52,16.56,11.57,-2,24.45,23.89,16.32,6.19,21.2,,17.25,2,3,16.3,17,14.88,19.06,20,17,18.75,22.04,17.5,25,26.6,15.75,27.16,20,27.2,,20.6,,25.4,20,,15,26.35,19.1,13.4,8.13,6,41,5,35,47,0.4235187485,0.8234544656
LSU,UCLA,21,18.4,15.56,13.03,15.51,17.01,30.43,18.93,21.33,13,16.25,14.5,19.05,15.19,22.23,12.53,18.15,15.47,10,21.55,18,26.83,18.67,19.79,,15.51,10,11.5,18.5,18.26,13.27,18.26,24,17.5,18.7,20.3,22.5,18,24.6,24.85,11.04,24,26.4,,19.5,,24.4,20.5,,16.95,15.99,19.25,21.1,4.72,17,34,5,17,51,0.4316893094,0.8634268321
Liberty,East Carolina,7.5,7.09,30.52,5.39,7.09,1.61,25.41,5.68,7.23,3,16.42,15,5.98,38.1,10.07,17.68,11.27,12.48,5,7.45,9.97,9.21,24.81,4.2,,14.65,14,16.5,12.1,9.15,7.41,9.12,6,10,1.42,12.3,6.5,9,7,18.2,12.48,-1,5.7,,3.6,,8.3,7.5,,6.8,9.15,14.52,5.8,8.10,24,35,5,11,59,0.5837718898,0.7364413872
Louisiana Tech,Tulsa,3,1.22,0.13,-3.79,-0.03,2.59,2.92,0.2,-2.68,-2,1.8,0.01,1.64,-0.78,1.28,16.91,0.76,-1.8,-4,-0.05,4.59,-5.04,0.29,3.36,,1.89,-3,8.5,3.1,0.29,2.89,0.63,3,0.8,-0.04,0.01,-4,0.01,-2.7,3.15,0.64,-5,-3.4,,1,,-1.9,2.5,,8.25,1.47,3.03,-3,3.92,23,20,5,-3,43,0.4455158093,0.5185368758
Louisiana-Lafayette,Tulane,-1.5,-2.46,-9.8,-5.54,-2.33,-5.98,-14.57,-4.51,-0.84,-1,-3.25,1,-3.42,-13.33,-6.84,-8.93,-5.2,2.4,11,-8.35,-2.64,-11.45,-17.08,-10.93,,-7.24,-3,7.5,-0.2,-5,-6.14,-1.26,-3,-3.6,-4.79,-7.3,-3,-7,-6.2,-0.35,-3.39,-18,-5.6,,-5,,-5,-2,,3.85,-4.77,-6.64,2.5,5.96,41,33,5,-8,74,0.4136425031,0.3795593428
Louisville,Georgia Tech,10,10.89,9.37,10.84,13.56,12.33,10.65,11.5,12.48,0.25,9.32,8,10.47,9.41,12.25,9.24,10.26,9.51,12,16.45,14.69,5.55,8.11,16.17,,5.26,2,7,11.3,10.8,12.17,10.86,10.5,10.4,12.04,5.28,10,10,12.3,8.95,12.29,18,13.5,,10.8,,12.5,10,,11.25,11.36,9.63,7.2,3.43,19,31,5,12,50,0.5063863146,0.7362189605
Michigan,USC,-4.5,1.47,24.5,9.67,8.64,-1.57,0.46,-1.88,7.85,1,20.53,10.5,1.63,26.63,5.34,16.06,4.92,5.44,-14,3.05,-1.25,4.72,5.88,0.56,,18.46,3,5.5,7.5,3.32,1.56,3.32,-5.5,-5,-2.8,19.12,-6,3,3.2,3.62,-0.05,-9,4.4,,-2.7,,3,-3,,-14.4,4.94,-3.13,7.1,8.70,24,27,5,3,51,0.6986056461,0.607111464
Middle Tenn.,Duke,-15,-14.56,-15.41,-20.2,-17,-14.38,-7,-17.7,-11.01,-13,-15.75,-13.5,-15.34,-15.23,-18.14,-5.74,-17.59,-23.2,-25,-25.65,-16.74,-29.92,-22.94,-18.55,,-28.52,-17,4.5,-16.9,-17,-18.79,-13.92,-15,-11.7,-14.9,-16.09,-13,-25,-21.6,-25.9,-18.19,-24,-21,,-15,,-19.4,-15,,-24.95,-19.56,-25.57,-14.9,6.30,45,17,5,-28,62,0.4397302475,0.1515159454
Minnesota,Iowa,-2.5,-2.53,-6.96,-1.42,2.09,3.71,-3.34,-4.03,0.06,2,-4.6,-1,-1.55,-8.21,-1.74,-4.75,-2.41,1.03,2,0.95,-5.52,-1.92,-7.83,3.01,,-4.54,8,-0.5,0.01,-1.92,1.17,-3.61,-2.5,-1.6,-0.1,-6.19,-2.5,-2,-7.7,-5.25,-6.31,-3,-7.6,,-1.2,,-7.3,-2.5,,-0.2,-0.87,-5.59,1.6,3.69,31,14,5,-17,45,0.5022029537,0.4412237614
Mississippi,Georgia Southern,35,28.72,27.46,32.9,26.57,27.62,47.5,34.31,24.09,22,28.61,25,27.76,26.86,32.25,18.19,31.68,23.14,32,41.55,35.85,35.39,26.7,40.18,,37.24,31,14,30,32.25,37.13,27.17,36,25,31.79,37.36,35,38,37.7,34.65,35.74,39,39.1,,37.7,,38.4,35,,40.85,33.22,32.05,32.5,6.75,13,52,5,39,65,0.4236893901,0.9668598844
Mississippi St.,Florida,-6.5,-2.86,-1.28,-0.98,4.29,8.28,-7.98,-3.37,-3.89,-1,-6.25,2,-3.03,1.4,-5.71,-1.41,-2.17,2.81,6,-2.25,-11.13,-6.83,5.85,-1.48,,-2.6,12,4.5,-5,-2.6,0.4,-3.81,-6,-3.5,-1.1,-8.34,-5,-12,-6.1,0.01,-9.26,14,-7.3,,-6.1,,-6.7,-6,,-0.85,-8.82,-1.84,-4.4,5.85,45,28,5,-17,73,0.6009911611,0.4489746834
Missouri,Vanderbilt,20,22.54,34.33,20.34,21.3,17.8,33.92,23.94,22.99,14,31.27,23,21.23,35.97,25.83,18.67,24.32,22.18,15,27.15,21.3,31.93,24.22,23.76,,30.92,23,16,23.3,23.3,18.71,24,20,24.5,18.76,31.18,20.5,23,24.8,29.75,20.66,22,25.6,,22,,26.1,20.5,,20.2,32.81,30.03,17.4,5.31,27,30,5,3,57,0.6018354129,0.9268897157
Navy,Memphis,-9.5,-11.04,-14.8,-9.3,-7.93,-5.46,-21.72,-14.57,-6.45,-8,-13.81,-12.5,-10.6,-15.34,-12.09,-5.33,-12.44,-12.72,3,-16.15,-13.66,-14.55,-22.66,-12.85,,-17.93,-1,-1,-10.7,-12.85,-10.14,-10.83,-9.5,-15,-10.45,-15.68,-11,-15,-13.2,-17.85,-13.71,-18,-12.9,,-12.5,,-12.7,-10,,-3.3,-18.45,-18.67,-10.3,5.52,44,56,5,12,100,0.4305681548,0.2295981227
Nebraska,Illinois,9,7.73,2.42,4.3,1.35,5.45,15.25,7.56,6.14,3,5.05,0.5,7.26,1.01,4.36,2.14,4.86,3.41,2,3.45,7.81,2.03,-11.82,4.78,,-0.35,10,3,6.6,4.78,3.36,8.01,7.5,6.7,7.67,1.88,9,7,7.5,5.25,4.04,4,8,,5.6,,11.4,8,,14.2,3.68,5.81,3.4,4.99,31,24,5,-7,55,0.4017598834,0.6148808015
New Mexico,Fresno St.,-13.5,-11.56,-10.04,-16.44,-18.26,-15.42,-3.49,-12.15,-18.52,-18,-10.07,-21.5,-13.4,-10.02,-20.52,-8.77,-16.07,-18.21,-24,-18.35,-16.06,-17.16,-19.96,-19.87,,-16.29,-24,-4,-16.9,-17.16,-13.43,-11.81,-14,-19.5,-13.19,-14.25,-16,-18,-16.5,-19.6,-22.07,-22,-18.9,,-19.4,,-18.8,-14,,-15.85,-20.47,-17.56,-20.3,4.76,38,21,5,-17,59,0.438383104,0.166113123
North Carolina,James Madison,10.5,8.34,-3.3,9.37,3.35,8.31,22.87,7.87,5.73,11,-0.02,8,8.94,-5.06,4.11,3.44,6.64,5.3,4,3.75,12.54,-1.9,-4.1,9.56,,1.35,12,2,3.3,7.87,10.11,7.89,10.5,7.4,7.53,-1.16,10.5,10,14.7,12.6,17.29,11,14.9,,11.6,,13.2,10,,-2.25,3.83,8.36,4.8,6.28,70,50,5,-20,120,0.4105535616,0.6513528286
North Texas,Wyoming,7,2.59,-10.98,0.14,3.59,4.81,7.6,2.37,2.62,12,-5.98,10.5,2.19,-13.67,4.52,6.55,2.36,5.63,15,-2.25,3.2,7.53,0.81,1.95,,4.53,12,10.5,1.9,2.61,2.09,2.25,7,7.6,8.38,0.14,9,,-3.7,5.95,-6.24,6,-2,,8,,-0.7,6.5,,8.45,-2.95,0.28,6,5.99,17,44,5,27,61,0.3922462633,0.5553113219
Northern Ill.,Buffalo,13.5,12.3,11.28,8.64,9.58,11.9,1.01,12.26,8.25,7,9.81,7,12.69,12.08,12.91,11.71,12.58,18.24,14,14.25,17.51,20.21,14.93,12.58,,12.71,18,10,6.7,12.26,8.68,12.22,13.5,14.5,11.96,9.22,15,19,13.1,17.5,25.04,12,14.9,,17.7,,13.7,13.5,,11.8,16,12.58,10.6,4.25,23,20,5,-3,43,0.4776793039,0.7779984098
Notre Dame,Miami (Ohio),27.5,26.63,15.66,33.36,29.92,24.92,42.45,29.74,27.71,17,28.88,19.5,26.11,8.55,31.98,12.95,25.83,19.68,28,38.45,25.2,32.79,8.48,33.87,,26.74,38,13.5,27.8,27.2,29.63,26.3,28,23.5,31.13,31.43,26,23,27.5,31.15,15.44,31,27.9,,31.9,,27.2,27.5,,26.75,35.88,17.97,23.7,8.22,3,28,5,25,31,0.4627847719,0.9257626689
Ohio St.,Marshall,39.5,30.65,29.4,36.97,26,26.98,46.11,35.09,35.96,19,36.33,25.5,28.78,25.66,42.98,19.53,34.55,32.28,27,47.45,37.23,42.26,21.88,40.92,,37.14,32,22,37.7,35.96,32.92,31,40,31,31.41,42.68,39,39,40.8,35.47,42.33,39,44.4,,38.2,,42.2,39,,47.3,40.64,35.11,36.2,7.81,14,49,5,35,63,0.3898245229,0.9745773355
Oklahoma,Tennessee,-7,-0.39,6.85,-2.86,-2.63,-6.51,-8.14,-4.56,-3.76,7,8.92,4,-0.94,5.74,-3.55,1.13,-2.31,-6.61,-19,-12.65,-2.85,-10.62,3.98,-10.42,,-1.03,1,4,-5.2,-1.8,-8.29,2.1,-7.5,-5.5,-8.55,-5.58,-7,0.01,0.5,0.7,-1.34,-17,-0.6,,-10.7,,-1.8,-6.5,,-11.25,6.56,3.03,-3.3,6.51,25,15,5,-10,40,0.6077180717,0.4464450546
Oklahoma St.,Utah,-1,2.24,3.79,2.06,-6.18,4.55,4.43,2.28,2.73,3,1.37,2.5,2.15,5.09,0.11,5.28,3.23,1.78,-2,4.05,1.95,8.12,7.22,2.34,,13.08,7,2,2.1,2.73,1.91,1.37,2.5,2.8,4.06,4.51,2.5,3,2.4,3.85,3.84,5,1.1,,-0.5,,1.3,0.5,,11.25,3.82,6.64,-2.8,3.20,22,19,5,-3,41,0.6030319662,0.5790457114
Oregon St.,Purdue,3.5,8.72,14.75,9.09,16.6,5.5,-0.65,7.16,14.73,2,18.55,11.5,9.48,12.71,18.66,11.94,9.93,13.14,10,12.05,5.35,17.42,15.68,7.83,,10.88,12,10.5,15,9.66,9.66,9.08,4.5,4.3,10.74,8.4,6,2,8.2,14,10.42,4,7.5,,5.2,,8.6,4.5,,9.85,6.33,10.74,8.5,4.49,21,38,5,17,59,0.6516369854,0.7263764699
Penn St.,Kent,49,44.57,49.48,45.11,48.45,41.32,49.79,49.66,37.97,31,56.79,38,44.26,45.54,54.87,19.65,47.98,47.64,36,58.25,52.05,53.99,40.55,53.65,,60.12,45,24,46.4,49.48,45.59,44.45,49,33.5,50.4,54.32,48.5,58,59.3,46.89,50.14,57,60,,50.8,,57.6,49,,52.1,68.56,61.45,38.8,9.71,0,56,5,56,56,0.4781464195,0.9950319034
SMU,TCU,-2.5,0.93,10.49,-2.33,2.96,-2.01,3.43,0.07,-2.47,-1,8.34,4,0.54,11.64,0.29,2.68,1.65,-3.16,-4,-1.65,1.14,0.48,8.35,-0.16,,3.99,-6,15,-2.8,0.93,0.7,0.97,-3,-0.7,1.44,3.36,-2,2,0.5,1.75,10.11,-2,3.1,,-2,,1.4,-2,,-7.8,0.11,-1.01,2.6,4.73,42,66,5,24,108,0.5989105522,0.5396720699
Sam Houston St.,New Mexico St.,16.5,11.37,-11.43,5.23,5.43,11.96,11.29,10.07,8.88,12,-5.89,1,14.01,-14.41,3.42,-6.86,7.84,8.25,13,14.75,9.3,10.01,-10.14,14.06,,2.94,26,7,6.2,9.3,7.78,10.02,16.5,7.2,17.22,-2.87,12,15,11.1,10.5,9.29,7,12,,19.9,,11.8,15.5,,32.8,17.18,12.6,8,9.56,11,31,5,20,42,0.3201529118,0.6638619146
South Carolina,Akron,27,30.35,27.2,34.76,22.84,29.39,29.99,32.53,30.01,22,31.81,24.5,31.02,24.72,33.38,18.04,29.88,28.42,17,39.75,31.05,40.85,26.53,36.41,,32.58,8,13,35.9,31.05,29.08,30.06,28,24.5,25.59,34.16,27.5,40,35.6,36.05,34.19,32,34,,31.5,,34.2,27.5,,32.95,38.51,35.43,21.3,7.04,7,50,5,43,57,0.5658630472,0.9573481002
South Florida,Miami (Fla.),-17,-10.17,-8.01,-13.71,-10.66,-10.42,-23.15,-13.66,-11.27,-5,-12.79,-10,-9.58,-5.45,-20.41,-9.49,-13.36,-11.99,-21,-15.55,-16.57,-18.08,-2.08,-16.97,,-5.16,-10,-0.5,-15.7,-13.58,-18.47,-10.08,-16.5,-13.9,-16.26,-15.96,-16.5,-14,-24.7,-16.45,-6.96,-21,-24,,-14.4,,-22.6,-17,,-30.8,-9.14,-13.58,-6.9,6.62,50,15,5,-35,65,0.5837988424,0.2186617675
Syracuse,Stanford,9.5,10.01,7.67,5.73,16.2,9.87,15.86,9.27,8.78,7,5.42,13,9.53,8.87,7.84,6.51,9.59,9.64,9,8.95,7.92,11.06,23.43,9.67,,14.63,30,6.5,4.8,8.78,10.42,11.11,8.5,6.9,7.74,2.85,9.5,11,4.4,19.25,7.46,11,7.2,,6.4,,7,9.5,,33.7,-2.57,0.48,1.8,6.87,26,24,5,-2,50,0.5020759107,0.7103707759
Temple,Utah St.,-6.5,-8.79,-8.12,-5.73,-5.43,-3.99,-7.77,-10.54,-2.91,-5,-8.02,-10,-8.93,-8.17,-9.48,-7.78,-7.09,-6.15,-12,1.85,-11.56,-3.02,-5.99,-7.88,,-4.99,3,3,-8.3,-7.88,-5.69,-9.33,-6,-6.7,-3.77,-5.16,-7,-16,-12.1,-4.9,-12.88,-11,-12.9,,-9.3,,-11.3,-6.5,,0.8,-10.14,-8.96,-5.4,4.19,29,45,5,16,74,0.4856658051,0.3329187072
Texas,Louisiana-Monroe,44.5,42.61,42.94,40.32,37.26,26.96,55.26,52.74,36.34,24,46.65,32,38.64,40.93,47.3,19.43,42.77,39.64,12,46.55,49.59,52.52,37.52,46.81,,52.9,29,18.5,42.8,42.8,40.97,42.36,44.5,34.5,43.66,50.02,45,53,55.5,39.55,63.04,47,58.8,,45.9,,55.7,44.5,,31.95,56.81,48.29,42.3,11.31,3,51,5,48,54,0.4646396562,0.9858882474
Texas A&M,Bowling Green,22.5,22.86,11.7,27.15,15.67,12.68,34.75,24.26,21.99,14,20.44,14,21.9,6.99,21.44,5.57,18.28,3.63,1,16.15,20.74,15.71,13.95,23.27,,18.42,5,7,24.2,20.44,18.65,24,22.5,25,21.09,15.39,23,23,25.6,23.74,15.69,11,27.4,,21.3,,26.3,22.5,,20.7,19.66,9.91,28,7.45,20,26,5,6,46,0.4049102971,0.8514028332
Texas Tech,Arizona St.,3.5,4.67,14.25,6.69,6.69,-10.71,10.47,3.82,7.99,0.25,16.42,4.5,3.65,13.07,8.45,2.32,3,-4.51,-7,2.65,5.66,3.26,-1.65,0.34,,5.08,-13,5.5,5.2,3.65,2.21,5.78,2.5,3.1,0.89,6.15,3.5,2,2,-2.45,12.28,-18,1.8,,2,,3.2,3.5,,-10.3,6.42,-3.24,7.5,6.96,22,30,5,8,52,0.4884940147,0.5687023342
Virginia Tech,Rutgers,3.5,4.16,1.87,3.37,3.28,6.19,2.99,3.63,3.34,5,4.42,4,4.17,0.49,3.78,5.13,4.19,-1.32,-15,6.05,6.27,3.84,3.01,6.08,,4.6,-4,13,6.1,3.89,1.84,3.89,3.5,6.8,3.24,8.54,7.5,4,0.9,2.1,8.18,-1,1.7,,3.8,,3,3.5,,8.55,17.87,5.1,4.6,4.66,26,23,5,-3,49,0.5166344666,0.5999715404
Washington,Northwestern,12,11.49,23.61,18.89,16.14,15.58,11.82,11.63,16.31,6,20.58,11.5,11.75,25.26,18.54,8.48,13.33,13.8,10,14.75,10.96,11.06,3.74,14.55,,15.08,19,8.5,17.9,13.8,14.07,11.2,10.5,7.5,15.43,8.12,10,9,14.8,19.25,1.85,13,13.8,,10.1,,14,12,,13.2,16.35,8.98,11.8,5.09,5,24,5,19,29,0.5317957866,0.7880424679
Washington St.,San Jose St.,13,16.57,1.83,15.86,4.55,12.97,10.08,18.12,15.91,11,6.54,6,16.03,-0.71,11.6,-6.86,12.47,6.86,14,19.55,15.23,23.52,7.93,18.15,,11.32,17,-1.5,15.2,15.23,15.98,16.43,12.5,17.5,12.18,4.29,14,20,17.5,19.6,10.55,21,18,,17.6,,17.6,13,,8.1,21.26,17.71,7.1,6.83,52,54,5,2,106,0.487766895,0.7647240436
West Va.,Kansas,2,1.69,-0.42,4.99,-3.79,0.69,-1.64,1.84,4.39,3,-1.05,4.5,0.75,-0.08,1.7,3.16,1.13,0.63,-3,1.05,5.09,0.56,0.9,-1.16,,7.06,1,0.01,3.3,1,1.67,1.45,2,0.5,0.23,-1.35,2.5,6,2.2,1.4,3.94,-2,2.7,,-1.5,,3.1,2,,-3.5,-2.93,-4.76,4.6,2.58,28,32,5,4,60,0.4784288869,0.5280082706
Western Kentucky,Toledo,-2.5,-0.13,-3.16,-0.17,-4.58,-3.89,-2.83,-0.03,0.45,-2,-3.07,-3,-1.55,-3.21,-4.31,-9.29,-4.34,-3.47,-16,-7.35,-2.27,-16.65,-2.25,-4.82,,-2.21,-2,-3.5,1.3,-3.16,-5.59,-0.08,-2.5,-2,-5.35,-8.38,0,-3,-2.9,-8.75,0.42,-7,-2.8,,-5.7,,-2.5,-2.5,,-14.8,-5.77,-10.02,-13.2,4.09,21,26,5,5,47,0.4553125102,0.3955956057
Alabama,Georgia,-1,3.52,-1.12,2.61,7.46,12.19,-2.01,6.14,3.91,-1,-4.33,0.5,3.41,0.61,3.75,12.47,3.7,6.73,0,8.75,1.2,3.52,-0.48,12.18,,1.63,17,3.5,-1.3,3.37,7.01,0.52,-2,-2.7,6.17,-2.89,-1.5,0.01,-2.5,3.84,3.37,16,-5.2,,4.5,,-2.9,-0.5,,19,0.95,0.64,13,5.80,34,41,6,7,75,0.6095318745,0.5866473671
Auburn,Oklahoma,-2,-2.29,-12,-7.75,-2.31,-8.54,-7.47,-4.11,-7.9,-4,-12.95,-9.5,-2.33,-11.49,-9.6,-9.75,-8.06,-6.6,0,-9.65,-3.2,-13.37,-14.01,-12.38,,-10.96,-18,-2.5,-6.2,-8,-8.12,-2.31,-2,0.8,-2.79,-9.85,-2.5,-7,-8,-15.75,-3.07,-10,-6.1,,-5.2,,-6.8,-3,,-11.7,-9.5,-16.04,-6.1,4.42,27,21,6,-6,48,0.3565271549,0.3123751257
Baylor,BYU,3,1.66,-3.77,0.26,-8.37,-1.52,2.42,-0.95,-5.16,-5,-1.46,-9,1.56,-5.02,-4.57,3.5,-4.2,-10.2,0,-10.85,4.23,-12.3,-13.47,-5.56,,-14.39,-14,1,-4.6,-4.57,-5.61,2.66,3.5,3.2,-0.63,-6.57,3,-6,-2.2,-14.7,-3.08,-8,-0.8,,-1.1,,-1.3,2,,2.7,-5.93,-11.51,-0.2,5.52,34,28,6,-6,62,0.3341718234,0.4013272976
Boise St.,Washington St.,6.5,6.36,5.47,-1.95,6.23,-0.03,11.24,6.2,0.28,-4,1.15,-0.5,6.22,7.79,0.06,-5.88,2.61,1.59,0,1.05,11.41,-0.08,-5.47,0.07,,-4.19,-12,12,0.7,1.59,-4.83,6.16,7.5,7,4.55,0.29,7,7,4.3,-1.64,17.8,-4,7.1,,6,,6.1,6.5,,2.95,8.04,-8.11,8.6,5.87,24,45,6,21,69,0.4091065849,0.5612794764
Boston College,Western Kentucky,13,10.72,2.04,12.72,22.82,13.81,17.35,11.64,9.7,11,3.56,3.5,11.34,1.22,9.61,12.08,12.1,13.26,0,12.55,10.47,20.99,2.58,17.17,,5.52,9,4,5.9,12.55,15.4,9.5,13,11.1,19.07,14.9,11,15,15.1,17.5,12.77,18,15.1,,16.9,,13.8,13,,24.95,15.94,19.2,9.5,6.02,20,21,6,1,41,0.4788599379,0.7620024201
Bowling Green,Old Dominion,9.5,8.61,4.67,4.54,15.99,5.59,6.7,11.19,9.17,11,5.99,11,8.48,3.96,7.58,9.65,10.11,21.1,0,16.75,10.59,18.76,6.74,9.44,,16.43,17,6.5,6.5,9,7.76,6.41,9.5,7.9,8.55,11.62,9,8,8.4,14.73,15.69,14,10.7,,11.7,,9,9.5,,8.05,16.81,16.39,4.6,4.58,30,27,6,-3,57,0.5147250786,0.7296920125
Central Florida,Colorado,14,9.53,6.92,14.38,11.58,15.62,9.66,10.02,15.64,11,9.73,14.5,9.67,5.41,16.07,16.12,11.1,14.37,0,13.55,13.11,7.67,8.42,19.27,,7.6,17,9,14,11.15,14.1,8.93,14,7.5,14.11,16.89,11,7,5.4,17.97,11.15,-1,6.2,,16.2,,7.2,14,,3.6,16.56,14.6,11.6,4.74,48,21,6,-27,69,0.4305241787,0.7485647106
Central Mich.,San Diego St.,2.5,-0.32,0.34,-3.87,8.47,2.62,5.93,-0.97,-3.12,3,-2.61,2.5,-0.4,1.93,-8.06,9,0.2,-3.43,0,-1.25,-0.15,-9.92,0.13,1.29,,3.04,3,10,-7.7,-0.15,0.7,-1.04,2.5,2.1,4.75,-1.41,0,-6,-3.9,2.8,7.01,-5,-2.6,,1.5,,-3.7,2.5,,-0.9,5.33,3.52,-3,4.48,21,22,6,1,43,0.4445483571,0.5048373958
Clemson,Stanford,23.5,19.01,22.58,20.39,8.8,-102.9,37.59,19.86,22.07,11,24.45,22,18.72,21.57,16.96,-1.81,17.4,15.13,0,27.35,24.57,25.61,23.74,19.74,,28.17,11,12.5,25.3,20.3,17.69,19.68,21.5,23.5,19.23,30.66,21.5,20,20.2,23.14,20.77,17,22.9,,20.3,,22.9,23.5,,29.3,16.54,26.85,15.3,20.27,14,40,6,26,54,0.4063655067,0.7504034452
Connecticut,Buffalo,6,7.88,5.16,2.16,7.48,3.59,-0.21,5.99,-0.73,1,3.34,-2,9.25,6.15,2.97,-1.22,3.6,5.44,0,9.65,6.77,2.93,-7.59,6.42,,1.17,-1,3,-1.6,3.5,3.48,7.92,6,3.5,7.67,4.58,5.5,2,8.5,1.05,8.63,-2,8.6,,5.3,,6.5,6,,0.15,4.58,4.72,2.3,4.16,3,47,6,44,50,0.4418634521,0.5868189057
Duke,North Carolina,2.5,3.32,4.86,2.51,5.04,5.24,-3.44,3.57,3.25,9,5.38,8,3.44,4.58,5.7,-0.76,4.91,12.03,0,11.35,-2.65,10.54,7.04,4.75,,15.74,12,1.5,1.4,4,4.38,2.03,2.5,2.9,2.64,3.87,2.5,4,1.5,10.5,-1.47,4,0.5,,2.3,,1.1,2.5,,8.9,8.08,16.84,4.1,4.19,20,21,6,1,41,0.5583480673,0.6175475537
East Carolina,Texas-San Antonio,4,2.71,-15.49,1.44,6.93,9.82,12.13,3.01,1.53,6,-8.94,-1,3.87,-19.01,2.37,10.84,1.25,6.93,0,-0.25,4.64,7.97,-9.14,7.22,,-3.86,-3,-2.5,3.4,2.77,2.77,0.21,4,3.3,4.47,-6.8,3,-1,5.5,1.4,-6.21,9,5.9,,6,,4.3,4,,4.35,-0.68,9.29,0.5,6.71,20,30,6,10,50,0.4366149745,0.5289083304
Florida Intl.,Louisiana Tech,-3,2.9,1.73,-2.95,1.32,5.3,-2.81,-0.22,1.8,3,-3.31,-1,3.74,4.46,-1.23,11.9,2.19,2.28,0,3.75,-1.28,7.62,3.34,3.99,,-6,8,0.5,-0.3,2.1,0.2,3.8,-3,-1.4,3.59,1.79,-2,-1,2.1,2.45,8.02,-1,3.4,,3.5,,1.7,-1.5,,3.75,11.9,4.63,-1.5,3.79,10,17,6,7,27,0.6247541009,0.5533703361
Georgia St.,Georgia Southern,3.5,-0.19,5.62,4.54,7.89,-1.99,1.6,-1.26,6.52,3,3.9,4,-0.21,6.56,-0.04,4.23,2.6,-0.32,0,4.25,-2.88,8.36,9,-1.4,,9.65,2,4.5,4,3.16,3.4,-0.57,3.5,2.5,0.15,2.09,0,-4,3.3,4.9,-0.5,-5,3.8,,-3.2,,2.1,3.5,,7.4,3.16,-0.03,6.9,3.67,38,21,6,-17,59,0.4779758116,0.563388679
Houston,Iowa St.,-16,-10.33,-9.06,-15,-23.16,-13.32,-19.99,-13.79,-14.54,-11,-10.3,-11.5,-10.61,-8.39,-17.89,-6.65,-14.96,-10.58,0,-20.45,-14.35,-20.79,-10.69,-17.92,,-18.29,-19,-5,-16.1,-14.54,-11.97,-9.72,-14.5,-11.3,-12.2,-18.51,-12.5,-16,-16.3,-24.15,-24.93,-18,-17.6,,-12.4,,-16.3,-16,,-13.45,-19.56,-28.39,-14.8,5.21,20,0,6,-20,20,0.5248189013,0.185267876
Indiana,Maryland,7,4.47,-12.21,-0.8,1.72,2.8,-2.48,6.6,0.27,3,-11.18,0.01,4.62,-12.76,-3.32,5.67,1.17,5.25,0,8.15,4.54,6.69,3.72,6.32,,-6.39,-4,-0.5,-0.5,2.2,3.31,2,7,6.6,6.52,-3.39,7,3,2.2,4.55,1.25,7,2,,7.8,,1.8,6,,0.95,4.12,-1.2,3,5.10,28,42,6,14,70,0.3633106473,0.5279686642
James Madison,Ball St.,20.5,20.91,25.98,19.74,27.23,19.2,13.43,21.86,24.26,16,24.92,24,22.14,26.55,33.96,15.12,23.45,19.47,0,26.85,20.24,28.4,31.44,25.68,,24,25,17,27.3,22.2,20.75,20.27,20.5,12.7,23,17.75,18.5,31,21.5,32.2,16.69,22,21.8,,22.2,,21.9,20.5,,39.35,28.53,34.22,22.5,6.72,7,63,6,56,70,0.5679460008,0.9131602415
Kansas,TCU,2,5.41,11.17,0.28,7.29,2.29,13.34,4.4,-1.15,-1,5.99,-3,6.1,13.95,3.05,-7.48,4.46,3.77,0,8.15,2.06,9.8,4.95,2.79,,7.7,-6,4,0.7,4.4,1.66,5.04,2,2.5,4.16,11.4,2.5,3,7.4,1.05,7.34,7,7.7,,3.7,,6.4,2,,4.55,2.74,5.61,3.1,4.47,38,27,6,-11,65,0.5592927148,0.6065959341
Kansas St.,Oklahoma St.,5,1.93,8.2,4.39,4.33,-0.99,-3.37,0.55,4.79,1,16.02,5,0.99,3.99,10.71,1.17,2.88,6.08,0,-0.05,-0.62,6.57,5.47,-3.12,,9.4,-3,5,4.4,3.19,3.19,3.11,5,5.5,-1.03,9.23,5,-4,6,2.45,-0.63,-5,5.4,,-0.1,,5.1,5,,-3.85,4,-3.01,7.8,4.40,20,42,6,22,62,0.44879583,0.5693987088
Kent,Eastern Mich.,-14,-11.51,-10.48,-9.14,-40.34,-13.41,-11.24,-17.23,-6.59,-13,-5.79,-16.5,-12.56,-13.01,-14.68,-12.72,-14.72,-18.93,0,-21.85,-10.66,-16.16,-16.19,-19.3,,-21.99,-16,-5.5,-13.4,-13.4,-13.9,-8.42,-15,-16.5,-17.37,-12.73,-13.5,-18,-8.3,-10.17,-15.59,-30,-7.4,,-15.8,,-9.1,-14,,-11.4,-20.7,-30.03,-8.3,6.67,52,33,6,-19,85,0.4833227643,0.1963029567
LSU,South Alabama,21,19.53,20.07,20.27,5.99,17.67,33.94,19.86,21.96,18,19.5,18,17.22,20.38,20.72,18.36,19.55,18.35,0,8.45,23.6,15.56,16.47,15.1,,19.58,14,7.5,22.3,19.53,16.18,23.04,22,23.5,11.94,21.27,20.5,25,30.5,26.6,22.24,16,30.9,,14.2,,29.1,21,,24.05,18.34,25.35,13.9,6.53,10,42,6,32,52,0.4663423734,0.8726181457
Marshall,Western Mich.,3.5,11.04,9.67,8.1,12.17,11.29,5.44,11.19,9.41,5,9.43,9,11.99,9.81,10.58,3.01,8.49,2.81,0,9.45,6.38,7.91,12.54,16.79,,8.95,13,6,9.6,9,10.18,10.08,3,5.1,11.29,3.14,5.5,9,6.8,7.15,3.5,19,5,,8.2,,6.2,4.5,,1.4,9.76,9.63,2.7,3.86,20,27,6,7,47,0.6199861781,0.6983581172
Memphis,Middle Tenn.,26,28.88,20.58,24.13,35.7,22.17,32.54,33.57,24.63,21,17.17,24,29.02,22.42,28.59,17.72,26.62,28.62,0,29.05,29.67,31.27,24.41,29.78,,32.59,16,10,26,26,20.18,27.24,26,24.5,23.74,25.09,24,33,24.1,31.52,37.07,32,25.6,,30.1,,25.4,26,,35.45,29.74,40.68,25.4,7.01,7,24,6,17,31,0.5142499902,0.9374799098
Miami (Fla.),Virginia Tech,18,15.52,4,11.21,26.11,17.9,26.81,20.74,14.55,16,4.42,17.5,14.69,3.78,19.63,9.29,16.5,17.86,0,23.55,17.5,21.74,12.77,24.59,,14.64,22,5,17,17.5,16.61,13.12,17.5,12.4,20.09,7.54,16.5,18,20.1,20.65,10.99,25,21.9,,21.1,,20.8,18,,23.05,17.13,22.71,18.5,6.59,34,38,6,4,72,0.4652273274,0.8314726608
Miami (Ohio),Massachusetts,17.5,26.52,25.79,25.5,-9.54,16.49,16.36,29.6,24.7,7,25.4,12,26.95,25.99,23.87,8.37,21.87,19.37,0,33.05,25.48,26.77,26.68,25.27,,32.64,9,11.5,25.6,24.7,17.82,25.59,17.5,22.5,16.8,23.6,17,32,24.7,15.4,34.06,23,27.6,,23.8,,25.4,18,,17.5,28.65,32.41,15.9,8.98,20,23,6,3,43,0.5946730361,0.8847377807
Michigan,Minnesota,9.5,12.87,35.44,22.91,3.85,7.31,18.98,12.62,17.32,9,37.61,17.5,11.92,34.25,21.6,4.1,17.58,16.8,0,19.25,11.61,22.92,23.89,12.49,,36.08,24,14,18.7,17.2,15.09,14.52,9.5,6.6,11.1,26.06,10,16,20.3,23.1,11.6,9,21.7,,12.7,,20.2,10.5,,12.25,14.01,18.8,17.2,8.65,24,27,6,3,51,0.6725412869,0.8345814809
Michigan St.,Ohio St.,-23.5,-18.14,-24.18,-24.56,-7.38,-14.69,-31.74,-22.46,-17.19,-5,-29.66,-16,-17.22,-21.22,-28.2,10.73,-20.08,-11.33,0,-24.45,-26.45,-19.96,-11.85,-26.21,,-18.76,-7,-15.5,-28.4,-21.22,-19.73,-19.09,-24,-24.5,-23.3,-27.27,-23,-20,-22.7,-13.65,-28.25,-26,-25.7,,-24.5,,-25.4,-23.5,,-19,-27.6,-22.28,-21.2,8.68,38,7,6,-31,45,0.5749660611,0.1335273017
Mississippi,Kentucky,17,15.36,16.66,14.01,15.06,17.62,23.88,18.56,10.21,11,12.31,15,14.45,19.01,14.03,14.15,15.63,17.91,0,17.45,18.54,15.19,11.56,23.12,,13.61,18,8.5,11.1,15.19,20.02,14.77,17.5,11.9,20.54,6.48,17,15,15.9,15.4,18.72,19,15.1,,19.9,,16.3,17,,13.4,19.04,18.47,14.2,4.32,20,17,6,-3,37,0.4668153274,0.8289683436
NC St.,Northern Ill.,7,9.74,19.95,15.24,-10.68,-4.52,24.27,7.52,5.27,2,21.36,7.5,8.25,19.19,6.56,-7.73,6.39,-6.88,0,2.75,13.42,3.45,16.09,-0.28,,13.3,-5,-1,6.3,6.56,8.12,13.41,6.5,7.3,3.26,15.97,6.5,14,14.6,2.8,1.75,-7,13.1,,2.3,,13.3,7,,-0.75,-6.28,0.95,-2.1,8.91,17,24,6,7,41,0.4866333954,0.6372228715
New Mexico St.,New Mexico,-9,-0.18,13.84,3.19,8.38,4.72,-0.86,-3.53,2,8,13.35,14,-0.49,14.1,1.22,16.27,2.89,8.89,0,-7.95,1.6,-3.15,19.14,0.54,,6.15,10,5.5,1.4,1.6,3.05,1.69,-9.5,-8.4,-4.36,5.55,-6.5,0.01,-3.3,6.3,5.42,-6,-3.2,,0.6,,-2.2,-7.5,,-13.4,-1.19,0.15,-1.1,7.45,50,40,6,-10,90,0.7511189633,0.5654490281
North Texas,Tulsa,7,10.49,6.57,4.99,6.6,8.71,3.2,8.57,8.45,7,7.81,10.5,11.7,5.9,10.31,4.07,9.33,12.06,0,11.05,8.78,17.58,12.15,11.81,,11.47,12,8.5,8.8,8.78,8.4,11.02,6.5,7.3,6.34,13.89,7,12,6.8,11.55,7.85,8,9.3,,9,,8.3,7,,18.3,15.97,12.89,4.1,3.61,20,52,6,32,72,0.5569038997,0.7167150679
Notre Dame,Louisville,7,8.98,8.84,10.68,8.16,3.63,9.34,8.01,7.82,7,16.11,9,8.63,4.92,13.29,7.3,7.53,3.46,0,10.65,4.24,15.73,2.19,0.64,,9.31,-3,10.5,8.9,8.01,2.64,9.95,6.5,6.5,6.76,10.64,6,4,7.1,3.14,8.24,2,8,,7.7,,8.1,7,,15.75,13.42,3.25,10.7,4.30,24,31,6,7,55,0.512854464,0.676475562
Ohio,Akron,12.5,13.53,26.17,17.71,22.6,10.45,6.14,13.44,16.96,9,21.96,19.5,13.84,28.45,17.81,16.44,14.84,14.84,0,15.65,10.1,16.48,21.47,14.49,,18.39,6,11,19.3,14.25,14.01,13.78,12.5,8.3,8.24,14.18,11.5,15,8.5,12.25,14.93,12,7.6,,12.5,,9.4,12.5,,17.5,14.25,14.16,20.2,5.63,10,30,6,20,40,0.555247721,0.8108640136
Penn St.,Illinois,18.5,13.56,23.14,20.62,11.92,7.66,24.14,12.55,16.98,6,29.23,12.5,13.04,19.86,21.01,-3.34,15.79,11.34,0,13.55,21.31,17.45,10.21,13.26,,12.58,3,10,17.7,15.57,13.99,15.36,18,22,16.99,15.95,18,14,24,10.5,20.23,8,24.8,,16.4,,26.6,18.5,,19.2,21.46,15.57,21,7.01,7,21,6,14,28,0.4379475292,0.8185793772
Purdue,Nebraska,-10,-8.16,1.15,-2.47,-16.94,-10.3,-15.35,-9.35,-8.42,-6,-0.03,-2,-9.92,1.78,-8.95,-10.91,-8.6,-6.92,0,-10.65,-7.88,-6.07,6.78,-13.27,,-1.36,-19,-1.5,-8,-8,-8.79,-7.66,-10,-9.1,-12.6,-5.43,-9,-7,-6.1,-16.8,-7.76,-24,-7.3,,-12.8,,-8,-10,,-29.25,-7.08,-17.28,-9.1,7.14,28,10,6,-18,38,0.5320538226,0.3106204275
Rice,Charlotte,4.5,10.06,12.38,8.06,11.54,5.54,4.73,10.14,3.13,7,14.05,7,10.21,11.47,0.66,3.23,7.26,5.05,0,8.85,10.14,0.61,3.5,9.81,,7.42,-1,8,0.7,8.06,8.44,9.87,7,3.5,9.49,11.31,6,10,7.8,4.16,20.33,3,8.6,,10.9,,8.2,5,,-3.1,11.81,-2.96,11.2,4.57,21,20,6,-1,41,0.5663433183,0.6698402577
Rutgers,Washington,2.5,2.72,-17.86,-9.14,-6.23,-6.26,4.22,2.72,-7.45,2,-11.82,-7,2.04,-21.12,-10.9,-8.69,-3.77,-0.8,0,-5.45,5.83,-6.63,-2.49,-5.45,,-5.8,-6,-3.5,-11.7,-3.5,-3.81,2.44,2.5,2.9,0.45,-5.15,3,3,-3.2,-0.37,1.05,-5,-2.2,,3.4,,-2.4,2,,2.45,-5.21,0.56,-1.1,5.88,18,21,6,3,39,0.3555609705,0.4118913655
SMU,Florida St.,6,4.52,-8.77,0.82,22.16,9.6,-2.99,4.73,5.49,8,-0.07,9.5,5.5,-13.45,3.27,10.62,5.16,7.94,0,8.85,3.06,6.32,4.27,12.56,,3.11,12,9.5,5.2,5.49,6.39,2.41,6.5,6.8,8.46,5.3,5.5,4,1.3,14.35,-0.35,9,2.5,,5.9,,2.4,6,,3.2,17.29,9.42,6.1,6.16,16,42,6,26,58,0.4803277532,0.619067778
Sam Houston St.,Texas St.,-8,-3.81,-9.94,-4.92,0.46,0.19,1.27,-4.21,-2.81,2,-6.17,-2.5,-3.66,-11.97,-3.52,-3.96,-4.81,3.83,0,-6.55,-10.11,-8.5,-4.08,-2.89,,-5.84,1,-4,-7,-4.21,-1.26,-5.43,-8,-10.3,-4.19,-6.31,-8,-5,-8.7,1.05,-10.75,-13,-9.3,,-3.8,,-9.2,-7.5,,0.95,-5.05,1.46,-8,4.08,39,40,6,1,79,0.5771540162,0.3845882263
Temple,Army,-12.5,-9.15,-8.93,-13.74,-22.31,-17.47,-6.73,-13.03,-9.82,-9,-9.34,-14,-9.56,-8.71,-13.88,-13.34,-13.21,-13.91,0,-15.15,-12.9,-10.92,-5.89,-19.75,,-17.07,-11,-5,-12.9,-13.03,-11.02,-7.92,-12.5,-9.1,-14.16,-9.64,-11,-14,-15.6,-19.6,-16.47,-23,-17.3,,-17.6,,-15.8,-12.5,,-19.55,-11.17,-21.07,-11.4,4.84,42,14,6,-28,56,0.4829389606,0.2130377141
Texas,Mississippi St.,38,31.43,26.81,26.69,38.4,31.04,41.82,38.79,31.41,29,27.91,32.5,30.09,26.21,40.07,18.47,35.06,43.4,0,41.05,31.93,47.99,24.83,42.26,,43.4,43,18.5,36.2,36.2,31.27,29.91,38.5,29.5,35.09,35.41,40,38,38,39.2,42.86,37,40.1,,37.5,,38.9,38,,47.15,47.23,53.77,26.6,9.18,13,35,6,22,48,0.4363145567,0.9720517445
Texas A&M,Arkansas,4.5,5.31,11.71,6.07,-3.71,3.47,7.66,3.27,9.19,2,13.84,3.5,5.41,10.56,8.06,-0.44,6.57,5.44,0,6.9,6.93,10.12,2.91,6.52,,8,1,7,8.8,6.52,1.53,7.75,4.5,3.3,2.41,18.7,5,5,10.2,6.3,9.59,2,12.3,,3.9,,10.3,4.5,,1.2,13.6,10.26,6.5,4.42,17,21,6,4,38,0.5499820946,0.6549408789
Texas Tech,Cincinnati,3,4.47,16.42,5.08,-1.94,-0.17,9.3,3.4,3.99,4,14.92,5,3.7,17.23,6.31,-0.71,5.49,2.02,0,6.15,1.41,8.08,5.66,-0.56,,13.17,11,8.5,5.4,4.8,3.51,5.44,3,3.7,2.86,7.54,3.5,2,5.1,5.95,6.44,9,4.4,,1.5,,4.8,3,,1.55,2.98,0.68,4.4,4.37,41,44,6,3,85,0.5601045228,0.6306004722
Troy St.,Louisiana-Monroe,6.5,11.31,30.64,16.47,5.38,-2.65,8.53,9.73,11.04,1,32.2,11,10.87,29.79,15.17,-11.9,11.37,0.98,0,12.35,11.83,12.28,17.58,5.39,,15.07,-10,11,9.2,11.04,9.82,13.34,7,5.2,7.98,23.04,9,15,15.2,6.72,20.36,-3,15.4,,7.8,,14.7,7,,7.85,19.24,7.63,17.2,9.33,13,9,6,-4,22,0.60428907,0.7315298173
Tulane,South Florida,5,7.76,13.66,12.34,6.62,6.27,7.26,8.19,12.19,5,9.83,14.5,7.91,15.73,14.95,-3.85,8.58,6.38,0,8.35,6.75,7.36,15.62,9.68,,9.2,6,7,11.1,7.91,9.73,6.99,5,6,8.79,2.15,6.5,7,7.1,10.15,7.82,5,6.9,,6.5,,6.6,6,,13.05,10.93,10.55,8.4,4.04,10,45,6,35,55,0.5864970602,0.6997811581
UAB,Navy,-3.5,-0.24,0.93,-3.01,-4.88,-9.97,-3.73,0.7,-11.94,-5,1.13,-3.5,-2.73,0.82,-9.5,-7.92,-6.74,-13.92,0,-10.85,-1.51,-15.06,-13.21,-13.93,,-9.39,-19,4.5,-10.9,-4.88,-2.53,0.08,-3.5,-3.4,0.22,-8.85,0,-7,-3.2,-15.75,-10.38,-24,-4,,-6.8,,-3.8,-3.5,,-17.15,-4.2,-13.56,-2.2,6.39,41,18,6,-23,59,0.4249174043,0.3468453435
UCLA,Oregon,-24,-15.87,-16.17,-15.95,-27.83,-19.97,-33.28,-20.27,-16.72,-11,-19.19,-17,-15.46,-14.54,-25.84,-11.34,-20.59,-20.53,0,-27.15,-21.98,-31.28,-15.33,-23.24,,-24.2,-17,-8.5,-23.1,-20.8,-16.51,-15.93,-25.5,-23,-19.13,-23.68,-23,-21,-24.5,-24.15,-22.79,-30,-27.4,,-17.8,,-24.6,-24,,-22.4,-25.34,-22.48,-20.8,6.38,34,13,6,-21,47,0.5789873755,0.1144069558
UNLV,Fresno St.,2,7.56,4.65,-0.18,15.17,6.85,1.78,8.89,-0.73,5,5.97,0.5,6.82,3.94,-1.72,10.66,4.68,7.16,0,3.45,2.6,2.4,5.89,7.8,,8.76,11,1,-2.2,4.48,4.48,6.93,2,1.6,4.47,4.32,4.5,6,1.6,9.8,-2.41,13,-0.8,,11.3,,0.9,2,,3.1,7,8.24,-2.9,4.23,14,59,6,45,73,0.5647915314,0.6121269436
USC,Wisconsin,15.5,12.69,9.34,11.57,20.63,15.68,18.16,17.1,11.42,15,10.52,11.5,11.96,8.7,17.87,13.35,14.5,16.11,0,18.15,12.47,16.21,19.96,19.56,,19.64,15,8.5,12.3,14.91,15.61,9.72,15.5,9.9,18.17,10.11,13.5,,15.3,16.74,16.64,18,13.9,,17.1,,14.5,15.5,,26.5,14.27,14.82,8.8,4.53,21,38,6,17,59,0.4758485626,0.8101224644
Utah,Arizona,8.5,14.89,-3.69,12.17,23.57,18.06,12.42,17.85,14.25,16,-6.59,19.5,14.93,-2.12,10.7,17.82,10.98,9.58,0,9.65,16.11,-3.63,2.19,19.96,,-4.23,26,-1.5,8.8,12.42,11.1,12.64,11,14,11.29,-2.19,11,13,9.8,17.5,14.2,17,11.1,,17.7,,11,9,,24.65,6.15,22.19,1.7,8.38,23,10,6,-13,33,0.5549364768,0.7296050634
Wake Forest,Louisiana-Lafayette,3.5,2.5,2.92,8.21,-0.12,1.68,7.66,1.25,4.51,5,2.81,-1,2.03,2.98,1.26,-2.6,2.23,1.2,0,1.45,5.53,7.8,2.9,0.79,,0.74,12,-3,1.6,2.5,6.91,3.08,3.5,3.1,3.01,-0.09,3,5,8.1,2.8,-0.56,-3,5.5,,0.5,,4.8,3.5,,-6.95,-4.1,-0.03,-6.4,3.75,41,38,6,-3,79,0.4689708604,0.554369877
Wyoming,Air Force,-4,0.62,3.37,-6.5,-8.41,0.61,-5.15,-1.17,-4.66,-2,-0.74,-5.5,0.57,5.58,-3.61,-5.46,-1.68,-0.28,0,-5.05,-3.3,-2.96,-3.9,-2.15,,-5.78,-1,-1,-9.8,-2,-0.84,0.96,-4,-3.3,-4.7,0.27,-2.5,,1.1,-2.45,7.69,-2,1.6,,-2.9,,0.3,-4,,2.4,4.39,-5.13,-3.1,3.66,19,31,6,12,50,0.556625219,0.4589296851
Air Force,Navy,-10,-5.81,15.46,0.17,-12.05,-16.47,-12.15,-9.85,-5.32,-14,15.38,-4.5,-6.59,15.51,-2.75,-1.98,-8.75,-15.17,0,-12.35,-6.99,-10.82,-5.99,-20.04,,-9.98,-28,3.5,-3.9,-7.58,-3.56,-2.63,-10,-6.8,-8.17,-2.87,-8,-9,-3.8,-22.05,-8.29,-26,-6.1,,-13.6,,-6.1,-10,,-18.1,-12.49,-18.77,-4.3,9.48,34,7,7,-27,41,0.5269516732,0.318012034
Akron,Bowling Green,-16,-13.24,-18.32,-12.7,-23.25,-10.88,-9.44,-18.87,-9.83,-7,-16.54,-9.5,-13.65,-19.28,-20.68,-11.45,-14.86,-21.12,0,-23.15,-13.7,-18.12,-4.86,-16.49,,-12.3,-3,-6,-15.3,-15.15,-11.83,-10.12,-15.5,-15,-12.7,-18.87,-14.5,-19,-16.6,-6.3,-23.43,-28,-16.4,,-17.6,,-16.2,-16,,-19.3,-20.78,-11.82,-15.6,6.05,27,20,7,-7,47,0.5267485331,0.1908847357
Arizona,Texas Tech,6.5,3.9,12.12,1.78,0.52,-0.57,10.51,3.07,-2.99,-0.25,13.87,0.01,3.83,11.18,5.9,14.37,5.26,6.08,0,8.15,7.68,9.99,11.99,-1.61,,16.5,-3,9,1.3,4.82,4.67,4.97,6,3.4,3.1,11.74,6,10,9.2,2.8,7.24,-2,10.2,,2.2,,8.9,6.5,,1.15,8.38,6.28,1.2,5.22,28,22,7,-6,50,0.4704263106,0.6235220896
Arizona St.,Kansas,2.5,1.45,-14.8,0.19,4.35,6.41,-6.77,3.38,6.4,9,-16.49,8,0.35,-13.88,-1.28,2.97,2.66,4.36,0,7.55,0.67,11.71,5.26,2.1,,10.2,17,-1.5,5.4,2.65,1.85,0.44,2.5,2.2,2.69,-11.01,2.5,2,2.6,14.7,-10.19,3,1.9,,-1.1,,2.2,2.5,,13.35,3.24,7.07,0.2,7.59,31,35,7,4,66,0.503627341,0.5600764944
Arkansas,Tennessee,-13.5,-9.65,-14.88,-16.78,-8.21,-15.99,-12.11,-14.87,-16.44,-8,-13.66,-12,-8.48,-15.54,-22.73,-8.64,-15.43,-13.06,0,-22.05,-12.4,-20.64,-12.59,-28.05,,-18.29,-15,-6,-16.2,-14.95,-18.09,-8.76,-13.5,-10.8,-13.92,-26.59,-13,-9,-14.9,-13.65,-11.07,-27,-14.6,,-17.1,,-15.7,-13.5,,-17,-16.98,-16.67,-16,5.63,14,19,7,5,33,0.4543824556,0.1797865964
Arkansas St.,South Alabama,-3,-0.81,-4.21,-5.44,-12.21,2.29,0.02,-0.17,-2.97,-0.25,-9.89,-2.5,-3.84,-1.15,-8.98,9.74,-2.51,-1.7,0,-9.15,-0.27,-7.03,-0.62,-7.41,,-5.43,1,-1.5,-7.2,-1.4,-7.21,1.04,-3.5,-1.8,-7.67,0.42,-3.5,2,-1.2,2.1,5.5,-6,-1.3,,-10.3,,-2,-3,,-1,-0.73,6.39,-14.3,4.49,16,18,7,2,34,0.5118475244,0.4395360993
Ball St.,Western Mich.,-9.5,-4.26,2.49,-1.56,-9.36,-2.44,-6.33,-5.54,-2.72,-1,5.23,1,-6.12,1.02,-5.64,8.91,-4.02,-0.95,0,-5.75,-8.53,-4.28,1.47,-10.13,,1.63,5,2.5,-3.5,-4.27,-2.77,-2.27,-9.5,-7.1,-9.41,3.12,-7,-9,-7.8,1.05,-9.36,-10,-9,,-11.1,,-8.2,-9,,-10.55,-15.24,-6.05,-7.5,5.33,45,42,7,-3,87,0.6282545642,0.4051452618
Boise St.,Utah St.,27,25.18,12.85,20.54,33.25,29.1,22.15,28.4,30.99,26,18.03,27,26.61,10.06,30.29,15.09,29.4,38.23,0,43.75,23.22,40.2,22.8,39.25,,33.48,41,12.5,30.9,28.75,21.98,23.89,27,24,30.07,31.84,26,30,24.9,39.9,24.28,43,27.6,,30.1,,26.1,27,,43,38.4,38.57,24.5,9.60,30,62,7,32,92,0.5514721773,0.9435083741
California,Miami (Fla.),-10.5,-7.59,-2.58,-3.3,-10.24,-12.45,-19.01,-11.18,-6.87,-9,-4.33,-10,-7.01,-1.64,-6.95,2.05,-10.37,-10.74,0,-14.25,-4.42,-12.49,-8.17,-18.06,,-6.08,-16,-3,-9.2,-9.86,-10.14,-6.57,-10.5,-10.4,-8.56,-6.85,-11.5,-10,-8.4,-10.48,-9.71,-24,-9,,-16,,-9.6,-10.5,,-11.5,-12.93,-18.45,-12.4,5.19,39,38,7,-1,77,0.5031053268,0.2673254756
Charlotte,East Carolina,-9,-7.44,1.9,-11.3,-11.91,-4.47,-10.21,-10.94,-4.52,-6,-4.82,-6.5,-7.21,5.52,-9.01,-4.61,-6.83,-9.14,0,-9.75,-9.05,-8.15,-11.3,-4.14,,-11.35,3,-0.5,-7.6,-7.52,-5.68,-5.95,-9,-7.8,-8.25,-12.23,-7,-10,-7.6,-4.2,-8.87,-12,-9.1,,-7.4,,-8.2,-9,,-7.15,-3.45,-4.38,-14.1,4.35,24,55,7,31,79,0.5524427032,0.3390903745
Coastal Carolina,Old Dominion,5.5,4.89,8.49,10.13,8.93,7.93,-1.53,2.68,6.55,10,9.2,16,4.77,8.1,0.37,12.14,6.07,4.66,0,2.45,6.24,0.45,10.62,4.51,,9.17,8,4.5,6.4,6.43,6.62,7.29,5,7,6.2,8.3,5,1,2.9,13.11,8.95,1,0.7,,2.2,,2.9,5.5,,1.4,5.16,6.46,5.2,3.99,37,45,7,8,82,0.5138903256,0.6446271801
Connecticut,Temple,17,17.05,5.59,12.43,25.04,19.55,16.02,19.63,17.05,19,7.1,15.5,19.37,4.79,20.06,13.13,18.14,19.88,0,32.85,17.71,29.66,6.11,27.07,,21.05,18,12,13.2,18,15.06,14.54,17.5,8.9,22.54,12.8,14,16,18.4,21,17.36,27,20.3,,21,,17.6,17,,19.85,29.93,21.21,14.3,7.05,20,29,7,9,49,0.5261667379,0.851859182
Florida,Central Florida,-1.5,2.32,3.59,4.95,-6.65,-7.33,4.54,0.65,4.84,0.25,2.97,-0.5,3.25,3.92,1.33,-5.16,0.73,-1.61,0,4.05,4.31,9.8,0.23,-3.03,,4.64,-11,0.5,0.7,0.9,-1.74,2.8,-2.5,0.6,0.52,-3.17,1.5,6,7.9,-4.55,5.79,4,8.8,,1.1,,7.2,-1,,-5.25,2.91,-1.89,-0.9,4.51,13,24,7,11,37,0.5537458403,0.5176417376
Florida St.,Clemson,-14.5,-5.73,12.71,-7.19,-21.9,-12.17,-9.56,-10.65,-10.03,-12,6.64,-11,-5.31,15.97,-5.29,-0.34,-10.04,-9.86,0,-16.95,-11.36,-15.62,-7.33,-18.28,,-13.75,-14,3,-16.2,-10.83,-8.73,-2.8,-14.5,-16,-12.74,-12.44,-14,-10,-8.6,-18.9,-0.49,-18,-9.2,,-12.4,,-9.6,-14,,-15,-16.64,-23.2,-10.2,7.98,29,13,7,-16,42,0.5991054034,0.2860015354
Georgia,Auburn,22,19.26,27.77,24.09,15.58,23.74,21.59,20.8,26.07,18,26.5,25.5,18.22,28.45,27.1,16.6,24.83,25.55,0,23.25,23.8,31.87,22.58,29.37,,34.08,30,11,24.5,24.05,19.58,21.41,24,22,21.25,33.43,23,22,28.4,29.05,22.5,23,31.4,,24,,29.4,22,,16,35.82,40.01,14.6,6.44,13,31,7,18,44,0.5656113861,0.926407191
Georgia Tech,Duke,9.5,6.16,-1.06,4.42,6.13,1.17,10.05,9.6,0.75,-3,-1.39,-5.5,5.48,-0.89,-1.15,4.48,2.55,3.46,0,7.75,10.38,5.59,-3.46,1.25,,-1.32,-8,3,1.1,3.73,2.08,4.33,9,7,6.63,8.9,8,9,6.1,-2.45,11.27,5,7.1,,7.8,,7.1,8.5,,3.95,0.82,-7.81,3.5,4.80,14,24,7,10,38,0.3375825255,0.5611002994
Iowa St.,Baylor,11.5,10.86,17.85,11.7,19.31,15.57,6.33,12.27,14.58,13,18.06,14.5,9.9,17.73,17.5,14.72,15.3,11.62,0,13.75,10.7,16.34,17.23,17.35,,17.5,15,12,13.2,15,12.13,11.67,12,15,10.84,18.55,12.5,13,17.6,23.8,17.26,13,17.8,,11.7,,17,12,,16.75,17.38,25.33,8.9,4.05,21,43,7,22,64,0.5917097412,0.8248183734
Kennesaw St.,Jacksonville St.,-17,-12.87,,-16.53,-4.95,-7.51,-11.09,-14.39,-6.96,-14,,-15.5,-13.38,,-15.62,-13.02,-13.81,-11.23,0,-22.15,-11.78,-40.57,-17.68,-14,,-24.28,-16,-12,-11.9,-12.94,-12.56,-13.11,-16.5,-8.1,-12.38,-18.11,-14.5,,-11.8,-4.9,-8.52,-16,-11,,-14.1,,-11.3,-16.5,,-8.55,-23.1,-24.05,-6.5,6.53,63,24,7,-39,87,0.5737158272,0.2105424914
Louisiana-Monroe,James Madison,-16,-13.77,-26.75,-17.14,-12.51,-5.42,-7.62,-15.73,-15.39,-5,-27.1,-12,-13.91,-26.55,-20.72,-11.11,-16.72,-8.5,0,-22.15,-15.93,-19.79,-14.12,-15.04,,-18.22,-9,-10,-19.1,-15.92,-14.9,-14.12,-17,-9.5,-14.56,-23.81,-14.5,-23,-16.6,-17.5,-19.58,-15,-17.4,,-15.9,,-17.4,-16,,-20.15,-21.42,-24.12,-23.2,5.84,19,21,7,2,40,0.4830247645,0.161473994
Louisville,SMU,6.5,4.47,3.94,6.4,5.73,6,6.42,6.03,4.19,4,0.64,2.5,3.76,5.73,7.78,2.81,4.45,4.35,0,7.55,8.32,3.17,6.6,4.31,,6.07,3,-2.5,4.1,5.37,6.88,4.1,7,4.6,6.66,5.59,7,6,8.8,2.8,6.1,8,7.3,,6.1,,7.3,6.5,,6.2,5.14,1.15,1.6,2.26,34,27,7,-7,61,0.4491365607,0.6093069353
Marshall,Appalachian St.,3,2.6,-5.57,-0.27,16.17,11.46,6.14,1.28,6.44,5,-7.6,2,5.54,-4.47,3.08,-9.82,3.58,7.55,0,8.15,2.44,10.33,-1.22,11.98,,-0.65,10,-1,4.5,3.29,5.29,0.7,3.5,-0.4,5.84,-6.05,2,3,0.1,5.95,0.35,17,-1.6,,6,,-0.5,3,,-1.9,7.09,12.81,5.1,5.94,37,52,7,15,89,0.5136481678,0.5836363199
Minnesota,USC,-8.5,-6.61,-8.39,-9.21,-7.72,-3.6,-11.76,-9.16,-4.34,-7,-14.53,-7.5,-5.04,-5.07,-10.78,3.05,-9.47,-9.14,0,-8.65,-9.87,-12.02,-13.96,-6.67,,-15.16,-12,-4,-9.6,-9.15,-9.44,-7.15,-8.5,-7.1,-8.35,-10.79,-8.5,-8,-13,-14,-7.45,-10,-13.2,,-9.6,,-13.1,-8.5,,-15.85,-2.4,-18.33,-7.3,3.98,17,24,7,7,41,0.4763674824,0.2814052842
NC St.,Wake Forest,4,7.98,17.46,6.36,3.49,3.45,11.96,6.14,4.74,9,16.45,14,7.86,18.02,8.94,16.09,9.14,5.05,0,9.35,6.76,12.15,20.35,4.38,,15.86,10,7,1.3,7.09,6.99,10.71,5.5,5.1,4.43,19.88,5.5,9,6.1,14.7,7.08,2,6.6,,6,,7.1,4.5,,0.65,6.81,6.14,4.3,5.41,34,30,7,-4,64,0.6203818798,0.7071207523
Nebraska,Rutgers,7,5.31,-3.77,4.84,5.17,6.27,1.02,5.45,4.62,2,-2.32,2,5.49,-4.55,4.96,6.72,2.5,-0.36,0,0.55,4.67,-1.89,-6.98,4.71,,-6.64,1,7.5,6.6,2.92,1.96,5.33,7,8.1,6.21,4.01,7,4,1.3,0.7,-0.73,-2,2.8,,4.3,,3,6,,12.6,2.84,0.32,5.2,4.22,7,14,7,7,21,0.3920661152,0.560480594
North Carolina,Pittsburgh,-3,-1.4,15.2,-0.27,-6.15,-1.72,1.32,-5.09,3.02,-4,13.46,3,-0.91,16.14,8.45,6.41,0.52,-3.79,0,-7.35,-1.12,0.21,5.66,-4.71,,-1.39,-5,2.5,4.9,-0.49,-0.91,0.86,-3,-0.7,-4.59,4.3,-1.5,-6,4.5,-3.5,8.3,-4,3.9,,-0.8,,3.4,-2.5,,-3.45,1.58,-7.61,0.6,5.54,34,24,7,-10,58,0.5829177414,0.5123367963
Northern Ill.,Massachusetts,16.5,21.38,13.49,20.34,17.36,22.59,15.99,23.58,20.71,16,16.6,16.5,21.87,11.82,19.27,14.97,20.58,22.51,0,25.55,21.97,24.55,17.46,25.48,,28.01,22,15.5,21.1,20.53,17.34,21.42,17.5,23,17.98,17.68,17,26,16.8,19.33,25.69,24,19.2,,23,,18.2,17,,14.85,23.75,25.63,17.5,4.85,20,34,7,14,54,0.5970893714,0.8925025131
Northwestern,Indiana,-13.5,-8.83,14.41,-6.73,-13.27,-15.42,-7.81,-13.96,-8.69,-10,8,-7,-9.11,17.85,-5.84,4.03,-8.79,-14.01,0,-12.15,-7.87,-5.78,5.73,-26.02,,-2.02,-17,0.5,-6.4,-8.76,-11.79,-5.78,-14,-13.1,-15.76,-1.44,-11.5,-10,-3,-19.6,6.16,-27,-4.4,,-16.3,,-4,-13.5,,-16.75,-17.88,-15.51,-8.1,9.79,41,24,7,-17,65,0.5996971185,0.3186975216
Ohio St.,Iowa,18,13.46,15.69,19.4,10.71,9.24,14.98,17.09,15.94,12,24.06,16.5,12.36,11.19,20.04,13.54,16.46,17.51,0,19.65,19.26,22.52,11.09,17.63,,17.79,18,16,21.7,17.05,17.11,13.23,19.5,22.5,19.59,14.99,20,17,15.6,11.91,12.63,15,17.1,,19.9,,17.5,18,,18.05,21.39,21.44,21.6,4.43,7,35,7,28,42,0.4627764766,0.8410372768
Oklahoma St.,West Va.,3,7.33,4.44,4.67,9.9,11.41,7.14,8.79,5.3,7,1.98,10,6.62,5.77,5.39,10.83,6.17,4.7,0,5.25,6.03,3.15,8.87,6.4,,4.66,10,1.5,7.4,6.02,5.29,7.34,3,5,5.9,0.45,5,6,6.8,9.8,6.61,10,5.4,,5.4,,6.1,4,,13.35,2.3,7.12,-4.4,2.93,38,14,7,-24,52,0.5778420514,0.6488511846
Oregon,Michigan St.,23.5,22.57,31.4,24.92,21.85,16.5,25.71,23.89,21.32,11,40.19,20,21.87,26.66,30.66,16,23.86,14.99,0,26.15,27.7,27.95,19.96,19.22,,30.63,16,19,30.4,23.45,20.99,24.95,23.5,25,22.7,32.7,24.5,23,29.5,21,35.43,13,33.2,,19.6,,31,23.5,,24.95,27.43,19.9,25.4,7.28,10,31,7,21,41,0.5082233262,0.9140726933
Oregon St.,Colorado St.,11,15.71,20.78,27.22,23.04,14.73,7.06,19.36,18.34,11,26.91,18,15.08,17.48,28.71,15.63,18.53,19.33,0,23.95,16.36,28.53,20.39,17.86,,27.87,10,10,24.4,17.94,21.39,14.85,11,11.9,17.87,25.93,13.5,16,18.2,22.05,13.28,12,17.7,,13.8,,16.6,12,,28.45,12.43,19.45,19.2,6.43,31,39,7,8,70,0.6699190517,0.8603734203
Penn St.,UCLA,28.5,20.25,16.65,21.41,49.16,22.83,26.32,24.23,19.73,20,18.85,22.5,18.94,15.46,24.59,15.96,24.35,26.04,0,25.95,26.37,26.31,21.38,25.99,,22.75,19,13,22.5,24.12,20.74,20.38,27.5,23.5,27.28,23.07,27.5,24,26.8,30.8,18.05,28,29.2,,25.4,,26.3,27.5,,30.15,24.96,30.52,29.1,6.70,11,27,7,16,38,0.4048417049,0.9211852243
San Diego St.,Hawaii,2.5,2.54,3.98,6.19,-4.65,1.26,3.75,2.08,4.32,-0.25,7.75,2.5,2.13,1.94,6.86,0.93,2.28,-1.14,0,5.05,3.16,8.3,6.68,0.87,,5,1,5.5,6.1,2.17,4.42,3.33,2.5,2.9,2.2,5.42,2.5,0.01,0.01,1.05,-3.27,-1,-0.6,,0.6,,1,2.5,,3.8,-1.29,-2.39,1.9,2.98,24,27,7,3,51,0.4945663973,0.5561271698
San Jose St.,Nevada,7,8.14,23.22,12.19,3.65,6.75,4.49,9.72,12.11,6,27.57,13,6.8,20.87,18.38,18.09,12.3,20,0,14.95,9.24,15.47,19.23,3.17,,27.25,11,19,13.9,11.1,11.39,8.86,7,5.3,7.68,25.03,7.5,10,11.2,14.35,9.4,4,10.4,,6.4,,10.5,7.5,,8.9,6.28,12,12.1,6.67,31,35,7,4,66,0.6208759479,0.7624750979
South Carolina,Mississippi,-8,-6.54,-15,-7.74,-5.89,-5.44,-11.27,-11.15,-1.32,-1,-8.86,-5.5,-5.23,-18.32,-5.85,-2.25,-5.96,-1.7,0,-7.35,-6.55,1.42,-2,-9.52,,-4.92,-1,-0.5,-8,-5.87,-9.65,-5.2,-9,-8.1,-10.23,-2.51,-8.5,-6,-5.8,0.01,-15.62,-11,-5.6,,-10.7,,-7.2,-8,,0.1,-6.93,0.52,-10.9,4.64,27,3,7,-24,30,0.549086429,0.3592793047
Southern Miss.,Louisiana-Lafayette,-17,-12.72,-4.88,-11.11,-19.25,-14.64,-11.32,-14.99,-17.47,-9,-8.27,-14,-14.09,-3.05,-19.83,-2.11,-14.39,-15.09,0,-17.55,-11.04,-12.09,-3.92,-21.3,,-10.73,-15,-8,-22.7,-14,-10.71,-11.39,-14.5,-14,-12.84,-9.15,-14,-14,-13.3,-13.07,-16.42,-26,-16.3,,-18,,-15.3,-16.5,,-23.95,-20.17,-21.95,-12.8,6.17,23,13,7,-10,36,0.5609039855,0.1990571778
Stanford,Virginia Tech,-8,-6.33,-11.06,-5.35,-0.62,-4.06,-6.75,-8.28,-5.16,1,-13.98,-1.5,-6.18,-9.48,-6.32,-5.68,-5.86,-4.17,0,-12.65,-0.56,-8.89,-3.21,-7.49,,-5.19,-2,-8,-5.4,-5.59,-6.27,-5.97,-8.5,-13.1,-3.47,-14.05,-6,-5,-2.6,-4.2,-10.39,-13,-3.9,,-7.2,,-4.1,-7.5,,-8.75,-8.51,0.48,-3.2,3.77,31,7,7,-24,38,0.5521724761,0.3597467077
TCU,Houston,16.5,12.72,9.64,15.8,21.62,8.63,14.98,13.27,11.46,14,14.98,16.5,12.55,6.77,17.09,12.46,13.27,14.92,0,13.95,15.36,13.92,10.79,9.6,,15.7,9,8.5,12.2,13.13,12.17,13.75,16.5,16.5,15.98,17.54,16.5,13,9,19.6,18.92,8,9.1,,12.9,,10.1,16,,9.3,15.18,14.71,9.2,3.98,30,19,7,-11,49,0.4217765215,0.7912562533
Texas A&M,Missouri,2.5,2.91,-10.57,1.61,3.78,-3.85,1.9,2.92,2.4,-0.25,-4.24,-0.5,3.3,-13.98,4.1,-4.93,-1.82,-0.78,0,-0.05,5.42,-4.5,-7.85,-2.51,,-6.95,-10,1.5,2,-0.3,-0.34,2.37,2.5,-3.3,-0.57,-6.48,2.5,1,1.9,-4.29,4.53,-7,4.1,,1.7,,2.6,2.5,,2.55,-1.81,-8.69,0.9,4.69,10,41,7,31,51,0.3970611638,0.4562276698
Toledo,Miami (Ohio),6.5,9.07,3.34,8.43,22.51,13.07,3.4,9.32,8.49,11,3.75,12.5,10.07,3.13,9.51,12.5,8.98,17.32,0,13.05,7.12,10.31,5.39,14.25,,6.35,16,8.5,7.5,9.14,9.21,8.7,6.5,5,9.51,5.84,6.5,6,4.4,16.45,-0.8,13,3.1,,9.5,,4.3,7,,4.2,8.34,9.58,9.4,4.72,20,30,7,10,50,0.5595156037,0.706162421
Troy St.,Texas St.,-13.5,-4.34,14.87,5.88,-7.24,-4.49,-2.84,-6.26,3.2,-3,15.69,4.5,-4.04,14.43,3.19,6.46,-2.71,-7,0,-6.75,-8.81,-7.16,-1.99,-3.62,,-2.41,-9,4,-1.6,-3.76,2.45,-3.91,-13.5,-16,-2.19,7.68,-13,-9,-1.4,-4.2,-9.5,-14,-3.1,,-6.2,,-3.1,-12,,-9.7,-4.94,-10.4,-0.3,7.24,38,17,7,-21,55,0.7318330253,0.4382892845
Tulsa,Army,-13,-11.2,-4.96,-9.83,-16.15,-19.87,-6.45,-14.39,-12.03,-11,-3.87,-10.5,-12.72,-5.54,-17.18,-13.37,-15.27,-17.63,0,-21.65,-7.95,-17.5,-10.15,-26.32,,-17.74,-20,-8.5,-15.6,-14.05,-12.14,-8.83,-12.5,-7,-11.06,-15.65,-11,-14,-12.5,-22.4,-15.75,-27,-14.1,,-16.4,,-13,-13,,-24.6,-23.37,-25.38,-12.9,6.35,49,7,7,-42,56,0.447191833,0.1859137242
UAB,Tulane,-18,-13.68,-14.91,-14.44,-16.4,-16,-17.4,-17.01,-14.02,-12,-10.62,-14.5,-14.92,-17.22,-20.24,-14.66,-18.62,-17.02,0,-27.45,-15.11,-24.28,-23.47,-25.93,,-21.81,-19,0.5,-21,-17.31,-15.4,-11.83,-15,-13.5,-16.94,-18.79,-13.5,-21,-16.7,-21.19,-24.48,-31,-18.6,,-19.8,,-17.4,-18,,-28.55,-19.65,-28.3,-14.6,6.09,71,20,7,-51,91,0.4854565048,0.1367423989
UNLV,Syracuse,6,9.86,9.38,4.45,14.35,12.06,5.34,13.79,10.92,8,9.87,9,10.19,9.12,11.06,13.06,12.11,14.02,0,24.45,11.45,21.76,9.63,22.39,,16.47,13,9.5,8.4,11,5.69,7.33,6.5,4,12.42,15.19,4.5,8,5.3,17.85,6.6,20,4.5,,14.7,,5.7,7,,17.2,19.98,22.08,11,5.50,44,41,7,-3,85,0.641961815,0.7645044079
UTEP,Sam Houston St.,-10.5,-8.17,2.82,-6.5,-19.78,-16.09,-8.71,-11.42,-7.03,-14,0.82,-11.5,-7.89,3.89,-7.92,-3.73,-11.84,-13.53,0,-16.55,-6.11,-16.66,-21.18,-18.83,,-17.58,-23,-2,-9.7,-11.46,-7.53,-7.08,-10.5,-4.4,-9.21,-6.91,-10,-17,-9.1,-16.58,-13.98,-26,-11.7,,-12.7,,-10.3,-10.5,,-15.55,-12.89,-28.11,-8.7,6.93,41,21,7,-20,62,0.4691652364,0.247109664
Vanderbilt,Alabama,-22.5,-22.8,-33.13,-27.97,-19.65,-22.84,-28.66,-28.39,-27.32,-21,-29.69,-33.5,-20.15,-34.98,-32.26,-13.05,-26.82,-17.74,0,-28.95,-28.27,-28.52,-19.51,-31.32,,-36.45,-27,-12.5,-28.1,-27.99,-24.41,-24.21,-22.5,-25.5,-22.34,-30.49,-23.5,-26,-29.7,-22.4,-27.04,-28,-32.1,,-28.6,,-31.8,-23,,-26.35,-29.79,-36.19,-21.4,6.75,35,40,7,5,75,0.4011149041,0.059978533
Virginia,Boston College,1,0.16,-2.21,1.46,-8.95,-1.04,-2.04,-1.04,2.29,-3,1.06,-4.5,0.25,-3.97,-3.69,-3.87,-2.09,-2.84,0,-0.85,3.14,-0.44,-7.57,-1.72,,0.69,-5,5,2.8,-1.74,-2.39,0.77,1,1.9,-1.77,-1.96,3,-2,0.6,-6.65,-7.29,-13,-0.5,,-5.3,,-0.5,0.5,,-0.75,3.42,-4.54,-4.3,3.67,14,24,7,10,38,0.4247921579,0.4489661459
Washington,Michigan,1.5,-2.09,-4.18,-6.2,8.71,-0.54,-6.88,-1.65,-2.16,-2,-8.8,-5.5,-1.63,-1.67,-5.46,-3.36,-2.88,4.11,0,-0.95,4.21,0.22,-6.19,-4.09,-4.72,-11.61,-5,1,-1.8,-3.36,-2.52,-3.86,2.5,0.9,2.93,-5.69,2,-8,-1.7,-6.65,-5.17,-8,-4.5,,-3.8,,-3.4,0.5,,4.25,2.96,-5.69,-0.4,4.12,17,27,7,10,44,0.3947115834,0.4303037384
Wisconsin,Purdue,13.5,13.57,8.67,10.2,9.33,15.51,12.09,12.14,16.53,8,9.77,10.5,15.15,8.08,10.07,8.91,13.65,12.2,0,15.35,14.56,14.03,5.15,18.89,,12.28,12,6,16,13.3,11.26,14.86,14,13.2,11.68,8.15,12.5,,14.2,21,18.59,21,15.8,,13.3,,15.9,13.5,,21.55,18.02,22.63,7.2,4.56,6,52,7,46,58,0.5036233588,0.7957428626
Alabama,South Carolina,21.5,15.71,24.94,21.98,14.78,18.44,15.54,20.42,17.99,15,20.58,22.5,13.89,27.29,19.96,11.66,17.84,14.51,14,16.95,19.94,14.34,12.21,18.3,,24.1,18,10.5,18.1,18.2,17.64,15.29,21,23.5,20.97,14.52,21,13,18.4,17.15,20.33,19,19.4,,20,,19.5,21,,16.65,18.52,21.27,22.8,3.82,25,27,8,2,52,0.4113186694,0.8627149382
Arizona St.,Utah,-5.5,-3.63,-12.48,-7.68,-0.92,3.47,-8.76,-6.98,2.12,1,-13.5,-3.5,-2.62,-11.93,-3.16,0.12,-2.27,2.17,-2,-2.65,-8.82,1.82,-3.41,5.47,,-0.41,4,0.5,0.4,-2.58,-2.72,-2.54,-4,-3.5,-0.42,-8.02,-3,-6,-4.9,0.35,-15.01,1,-6.6,,-3.4,,-6.5,-5,,9.25,4.07,7.52,0.4,5.40,19,27,8,8,46,0.5763817852,0.446152242
Army,UAB,27.5,19.23,7.86,17.73,27.84,25.63,21.3,21.89,20.98,22,6.14,22,19.83,8.79,21.55,18.51,23.63,28.71,26,30.55,28.05,31.83,21.18,28.47,,28.25,25,14.5,25.1,23.05,18.32,18.6,26.5,17.5,22.27,27.31,22.5,23,23.2,32.9,24.83,28,23.7,,22.6,,23.1,27,,35.4,32.22,39.32,17.8,6.89,10,44,8,34,54,0.4115294536,0.9139307668
BYU,Arizona,3,7.83,-14.45,6.94,19.6,13.82,3.61,10.77,12.34,14,-18.12,14.5,5.26,-12.46,7.81,13.69,7.13,15.68,9,6.85,7.11,4.73,6.64,15.95,,-0.95,20,-3.5,7.5,7.06,7.01,8.6,3.5,3.4,6.8,-4.02,3.5,8,3.4,18.55,6.98,13,3.5,,9.1,,3,3.5,,3.5,11.04,24.92,-0.4,8.26,19,41,8,22,60,0.5912650091,0.6548514002
Bowling Green,Northern Ill.,2.5,3.27,8.39,1.78,-2.61,-0.1,3.38,4.43,4.04,2,7.53,1,4.28,8.84,1.47,-1.85,2.2,4.99,-5,3.65,5.25,1,-1.53,2.97,,1.84,1,0.01,3.5,2.46,2.56,1.42,3,2,2.83,5.87,2.5,4,7.3,-0.7,1.99,1,7.4,,3.4,,5.8,2.5,,3.1,2.36,-3.97,-4.8,3.08,17,7,8,-10,24,0.4925990943,0.5541094448
Buffalo,Toledo,-10.5,-11.49,-19.27,-8.94,-11.85,-7.1,-5.27,-10.79,-6.54,-5,-14.71,-8.5,-14.8,-21.73,-11.22,-3.02,-10.69,-3.19,-10,-12.55,-12.1,-12.34,-14.14,-15.38,,-7.79,-4,-5.5,-9.9,-11.11,-10.89,-10.78,-9.5,-14.5,-9.19,-14.38,-9.5,-11,-15.8,-8.05,-17.18,-12,-15.9,,-13.9,,-15.4,-10.5,,-10.6,-11.9,-10.67,-13.8,4.19,15,30,8,15,45,0.4953832667,0.2574857301
Central Florida,Cincinnati,3.5,2.29,12.73,3.13,1.16,2.34,9.68,3.09,-4.09,4,14.91,3.5,1.5,11.57,2.15,-3.2,2.51,-3.53,-1,-2.45,3.66,-7.79,0.92,-2.89,,-0.1,6,9.5,1.1,2.37,5.03,2.3,3,3.7,2.77,9.16,4,4,3.6,1.75,7.85,1,3.3,,3.7,,3.9,3.5,,-3.55,-2.41,-8.03,2.4,4.54,19,13,8,-6,32,0.4760951748,0.5604107532
Central Mich.,Ohio,-2.5,-0.96,-10.05,-3.21,-1.9,-1.78,2.77,1,-8.44,1,-9.84,-2.5,-1.23,-10.17,-11.29,-8.05,-4.09,-7.14,2,5.05,-1.23,-6.42,-12.17,-3.97,,-2.62,1,-0.5,-7.4,-3.43,-2.61,-2.9,-3,-0.6,-0.16,-8.26,-1.5,-3,-6.1,-2.45,4.4,-13,-6.1,,-1.3,,-6.4,-2.5,,-5.75,-5.64,-3.64,-7.1,4.52,27,25,8,-2,52,0.4616312369,0.4021525681
Colorado,Kansas St.,-3.5,-2.78,-15.73,-13.2,-0.78,-3.34,-5.52,-4.25,-8.4,-2,-19.11,-10,-2.11,-13.91,-9.84,-0.41,-5.72,-1.85,-3,-2.75,-1.77,-0.33,-10.18,-2.95,,-11.2,-2,-1.5,-12.2,-4.88,-6.98,-2.94,-3.5,-6.6,-0.78,-12.19,-4.5,0.01,-6.9,-2.93,-7.51,-7,-6.9,,-6.5,,-6.4,-3.5,,4.3,-2.96,-6.48,-10.7,5.05,31,28,8,-3,59,0.4469944414,0.3656672319
Colorado St.,San Jose St.,1.5,-1.35,-7.66,-8.58,-10.96,-7.99,0.68,-3.71,-5.23,-3,-10.93,-10.5,0.11,-5.9,-10.33,-8.74,-6.27,-13.82,-15,-9.85,2.05,-6.41,-11.29,-11.42,,-15.68,-4,-6.5,-8,-6.74,-7.39,-1.26,-1,-1.3,-6.97,-12,-1,-1,-1.2,-8.4,2.51,-12,0.4,,-1.7,,0.01,0.5,,-9.2,-6.41,-14.1,-6.2,4.84,24,31,8,7,55,0.3198137545,0.3527785284
Eastern Mich.,Miami (Ohio),-2.5,1.32,-16.1,-1.28,13.17,4.9,7.13,0.07,1.92,11,-18.07,9,0.1,-15.03,-2.94,13.65,-0.24,7.98,17,0.75,-0.36,-0.83,-1.22,2.79,,0.59,12,0.5,-1.2,0.09,1.32,3.44,-2.5,-4.9,2.42,-3.96,-3.5,-2,-10.8,10.85,-9.96,1,-11.3,,-0.7,,-9.4,-2.5,,-4.45,-5.16,-5.42,0.01,7.99,38,14,8,-24,52,0.5505952181,0.4946127354
Florida Atlantic,North Texas,-5.5,-5.07,1.01,-3.5,-0.53,-3.59,-11.65,-6.9,-2.14,-4,3.7,-8,-4.48,-0.45,-6.82,-6.77,-4.96,-5.12,-10,-12.55,-6.5,-15.99,-9.67,-2.35,,-11.26,-6,-2.5,-4,-4.89,-4.24,-5.1,-6.5,-5.2,-1.5,-8.25,-6,-9,-3.3,-7,-2.82,-13,-3.5,,-3.4,,-4.7,-5.5,,-12.3,-2.79,6.91,-5.7,4.03,41,37,8,-4,78,0.5131514661,0.3810012576
Fresno St.,Washington St.,-3.5,-4.67,2.37,-5.23,-1.26,-5.29,-1.3,-2.82,-5.99,-9,-7,-5,-4.76,7.41,-5.26,-9.05,-5.66,-8.01,-16,-5.05,-2.37,-8.05,-1.8,-10.7,,-5.8,-17,6.5,-8.3,-5.27,-8.3,-7.61,-3.5,-3.7,-4.31,-13.82,3,-3,-1.8,-15.75,7.49,-9,0.9,,-5.9,,0.1,-3.5,,-5.6,-9.11,-15.67,-1.7,5.59,25,17,8,-8,42,0.4489373397,0.3683164217
Georgia,Mississippi St.,34,26.79,31.95,27.53,31.75,26.63,33.35,27.79,29.35,25,35.04,29.5,24.36,30.28,33.29,18.47,30.22,32.71,17,32.35,32.63,36.47,23.48,30.76,,39.37,23,16.5,34,31.2,24.56,31.41,34,28.5,26.85,40.19,32.5,33,35.6,35.35,35.66,31,39.1,,33.1,,37.2,34,,30.1,34.46,35.5,21.4,5.67,31,41,8,10,72,0.4112821863,0.9634973153
Georgia Southern,Marshall,-1,2.98,1.61,1.9,-2.55,4.68,1.04,2,5.14,3,2.74,1.5,2.52,0.99,7.32,8.65,3.2,12.53,1,5.05,-3.38,7.58,-2.11,6.17,,0.91,5,0.5,0.2,2.26,0.62,4.39,-1.5,-3.6,2,-3.02,-1.5,2,1.1,5.95,5.79,5,1,,0.7,,1.4,0,,14.6,6.27,12.13,-5.5,3.82,23,24,8,1,47,0.601497004,0.5776871127
Georgia St.,Old Dominion,2,0.54,4.16,4.06,-1.51,-1.08,2.03,-3.35,5.4,5,2.86,7.5,-0.51,4.87,-3.55,10.16,1.07,1.06,4,-1.35,-4.11,-1.63,6.57,0.71,,3.07,6,-2,1.6,0.71,1.43,4.67,1.5,0.7,0.28,-4.5,1.5,-11,-1.1,7.35,1.44,-6,-1,,-4.4,,-1.7,2,,-3.65,-0.01,-3.75,4.8,4.19,21,14,8,-7,35,0.4774145995,0.5259808574
Hawaii,Boise St.,-20.5,-19.09,-12.49,-18.8,-10.15,-20.7,-17.42,-21.97,-22.13,-17,-19.61,-21,-17.72,-8.64,-24.75,-13.24,-21.28,-28.03,-22,-22.75,-18.23,-27.55,-22.07,-29.97,,-19.87,-27,-11.5,-25.3,-20.75,-17.86,-20.8,-20.5,-24,-18.16,-21.46,-21,-24,-18.3,-31.85,-18.38,-29,-20.4,,-19.4,,-19.5,-20.5,,-25.3,-28.89,-30.03,-15.2,5.28,28,7,8,-21,35,0.4814079824,0.1017054678
Illinois,Purdue,22.5,19.45,4.08,13.24,30.44,22.84,17.52,21.45,21.03,19,2.63,17,19.61,4.86,17.77,18.31,20.53,26.36,22,26.25,19.2,23.16,16.69,29.15,,24.74,28,10,17.9,19.6,19.6,19.83,23,15,22.04,16.9,19.5,21,15.5,31.5,18.22,31,17,,22.7,,14.4,22.5,,28.25,26.57,28.42,15.7,7.62,49,50,8,1,99,0.4554581125,0.8781862838
Iowa,Washington,2.5,5.62,-14.1,-1.6,-1.48,7.02,0.12,4.49,2.4,1,-14.01,-0.5,5.81,-14.17,-2.11,5.08,0.59,3.78,-5,-0.95,7.09,-5.61,0.02,8.42,,-6.38,-3,-2,-2.5,1.38,-0.01,6.86,3,2.8,3.83,-3.53,2.5,6,0.5,1.75,11.84,4,1.9,,7.1,,1.9,2.5,,-0.45,5.47,2.87,-2,5.73,16,40,8,24,56,0.4549496857,0.5139429348
Jacksonville St.,New Mexico St.,21.5,16.47,3.85,9.97,11.38,14.87,13.96,18.77,16.56,17,5.67,9.5,19.58,2.87,16.01,11.61,15.31,12.74,11,23.55,11.43,13.48,14.05,24.51,,17.49,16,13.5,15.8,15.3,12.41,13.36,21.5,17.5,18.8,13.11,20,15,14,12.91,18.27,16,14.4,,21,,15.6,20.5,,24.05,30.29,24.12,16.3,5.20,13,54,8,41,67,0.355475407,0.8203161046
James Madison,Coastal Carolina,9,9.37,12.34,8.5,13.41,8.4,9.78,11.18,10.89,8,12.84,6.5,9.42,12.08,15.33,10.2,10.72,10.93,7,16.05,8.71,15.85,8.41,9.39,,11.43,10,9,13.8,10.37,9.14,8.61,9,4.6,10.15,12.77,9,10,10.5,11.2,2.05,10,12.9,,11.7,,11.4,9,,18.1,10.23,10.75,10.7,2.95,7,39,8,32,46,0.5424197334,0.7466435785
Kent,Ball St.,-4.5,-6.63,-12.85,-5.09,-16.25,-1.24,0.13,-9.52,1.49,-3,-13.72,-5,-3.84,-12.38,-3.09,-10.93,-5.72,-10.67,-7,-6.45,-4.11,-6.32,-4.57,-3.56,,-11.64,2,-3,-6,-5.05,-4.38,-8.1,-6.5,-8.9,-3.81,-13.63,-6,-6,-6.8,1.4,-3.64,-8,-6.2,,-3.7,,-6,-4.5,,5.95,-3.85,-21.01,2.2,4.52,37,35,8,-2,72,0.4705405698,0.3644707505
Kentucky,Vanderbilt,13,11.94,19.28,16.88,8.95,9.08,11.32,14.91,12.87,6,18.41,10.5,12.32,19.75,14,4.64,11.52,4.43,-2,11.45,14.61,8.93,7.69,9.08,,18.61,5,10,14.9,11.26,9.31,10.82,13.5,10.5,7.16,16.12,11.5,14,13,11.2,17.61,5,14.6,,10.8,,14.6,13,,13.6,15.73,4.91,11.1,4.66,20,13,8,-7,33,0.4643595126,0.7568829608
LSU,Mississippi,-3.5,-2.76,1.84,-2.3,-10.44,-8.35,-9.76,-8.45,0.57,-5,7.47,-2.5,-1.39,-1.2,-1.08,-5.88,-3.52,-2.38,-13,-4.15,-4.28,0.44,3.61,-14.63,,-1.01,-7,4,-1.5,-2.63,-7.23,-0.39,-3.5,-1,-6.81,-3.09,-2,-5,2.7,-0.35,-9.66,-15,2.6,,-9.2,,1.4,-3.5,,-7.15,-10.81,-6.43,3.9,5.23,26,29,8,3,55,0.4995226152,0.4165972656
Liberty,Florida Intl.,17.5,16.77,31.9,19.98,9.04,4.64,22.51,19.34,13.23,13,29.15,21.5,13.64,33.36,17.98,15.19,17.11,14.71,9,18.35,13.04,16.27,35.59,-2.24,,30.7,10,15.5,16.4,16.75,13.77,19.84,17.5,23.5,8.46,17.34,19,21,21.7,21.7,16.72,1,22.4,,12,,22.5,17.5,,9.45,9.23,14.6,17,8.55,24,31,8,7,55,0.4913720185,0.8286631278
Louisiana Tech,Middle Tenn.,4.5,4.36,-3.01,2.22,18.46,3.02,7.34,6.61,0.4,1,-4.19,-1,4.62,-2.38,4.11,-8.74,2.38,8.15,6,4.65,8.87,2.63,1.54,3.75,,-3.31,-7,3,3.2,2.67,2.7,2.4,4.5,2.9,6.25,-5.31,5,5,-0.1,1.05,6.36,2,-0.9,,4.4,,0.6,4.5,,11.3,0.13,4.44,3.5,4.81,21,48,8,27,69,0.4491499204,0.5570460644
Louisiana-Lafayette,Appalachian St.,10.5,8.29,-6.65,5.07,17.53,14.25,12.44,7.06,13.26,13,-3.26,11,9.59,-8.48,8.44,,9.89,14.39,14,13.75,9.3,12.61,0.22,15.8,,7.96,14,6.5,14.4,9.71,7.23,8.85,10.5,10.5,9.71,1.13,9.5,8,2.8,14,11.83,17,3.5,,11.8,,4.3,10.5,,22.85,15.69,24.08,9.5,6.83,24,34,8,10,58,0.4859223063,0.7164202373
Louisiana-Monroe,Southern Miss.,6.5,11.36,-1.99,8.25,19.58,19.52,14.04,12.34,16.23,13,-2.45,15,10.06,-1.73,15.95,18.27,13.74,23.7,17,21.25,5.42,21.5,22.06,20.54,,15.22,27,7.5,18.8,13.36,11.34,13,6.5,4.4,10.38,4.1,6,9,9.1,24.82,-1.86,22,9.9,,10.9,,9,7.5,,17.35,13.72,23.46,4.3,8.04,21,38,8,17,59,0.657954214,0.7799974447
Maryland,Northwestern,10.5,12.59,5.45,15.06,20.55,16.89,11.6,12.67,14.06,12,10.83,11.5,12.07,2.56,15.05,15.64,12.76,17.65,13,9.45,17.86,6.29,0.57,20.49,,12.01,20,8,11.8,12.63,13.34,14.5,11,11.3,17.12,5.38,9.5,12,8.4,21,1.31,17,9.7,,14.3,,9.4,10.5,,21.75,17.31,13.08,7.7,5.52,37,10,8,-27,47,0.5534820875,0.7761290697
Massachusetts,Missouri,-27.5,-29.64,-36.5,-35.45,-17.47,-25.92,-27.93,-31.7,-27.43,-23,-41.16,-24.5,-28.69,-33.98,-30.34,-12.82,-28.78,-21.29,-25,-30.35,-27.61,-28.81,-29.31,-31.41,,-41.18,-33,-1,-30.4,-29.14,-28.96,-33.45,-27.5,-26.5,-26.78,-40.9,-27.5,-37,-34.5,-34.39,-26.52,-35,-34.9,,-30.8,,-33.5,-27.5,,-16.35,-24.07,-28.79,-25,7.66,45,3,8,-42,48,0.47105331,0.0512483024
NC St.,Syracuse,-3,-3.75,15.97,2,-10.22,-5.98,3.87,-6.9,-0.67,-8,18.38,-1.5,-2.68,14.69,1.08,-5.43,-2.53,-9.29,-12,-4.15,-2.09,-6.11,-1.44,-9.84,,-4.33,-12,5,-1.4,-2.86,-2.75,-2.82,-4,-0.3,-2.93,5.63,-3.5,-3,-1.2,-9.1,2.24,-11,-2.7,,-2.9,,-1.4,-3,,-13.05,-9.5,-10.46,4.4,7.02,24,17,8,-7,41,0.5108020487,0.4420509956
Nevada,Oregon St.,-3,-8.97,-26.14,-16.78,-2.38,2.38,-3.62,-8.02,-6.65,-7,-33.35,-12.5,-7.05,-22.25,-15.33,-4.29,-9.45,-0.36,-11,-5.85,-11.72,-15.19,-16.98,5.03,,-20.98,-8,-2.5,-13.9,-9.08,-10.94,-13.34,-3,-5.1,-3.44,-18.4,-5,-12,-15.2,-12.25,-11.45,1,-15,,-6,,-14.1,-3.5,,-0.9,7.31,3.85,-11.1,8.18,37,42,8,5,79,0.3589654484,0.2983204121
New Mexico,Air Force,6.5,2.78,-12.87,-6.58,1.33,3.86,9.78,6.42,-5,5,-14.72,-5,1.9,-11.88,-0.83,4.65,1.75,3.87,-1,9.95,3.18,7.74,0.37,4.24,,4.5,3,1,-3.8,2.67,0.6,0.51,6.5,3.1,5.95,-0.77,4,2,2.3,3.4,-0.12,6,3.4,,-1,,1.6,5.5,,16.15,2.56,8.92,3.5,5.85,37,52,8,15,89,0.3894413658,0.5411945213
North Carolina,Georgia Tech,-3.5,-1.17,3.85,0.69,-5.57,2.57,-8.92,-5.4,2.83,-3,3.66,-0.5,0.66,3.96,0.42,-1.07,-2.14,-2.45,-5,-6.55,-3.06,-7.19,-1.7,0.38,,-11,1,4.5,1.4,-2.49,-0.35,0.3,-4.5,-5.5,-2.54,-9.03,-3.5,-5,-3.3,-4.2,-2.63,-5,-3.2,,-3,,-3.8,-3.5,,-2,1.29,-9.11,-2.6,3.67,41,34,8,-7,75,0.5332602522,0.4477534896
Notre Dame,Stanford,22.5,24.95,29.1,30.22,26.52,21.66,24.23,28.49,26.29,17,37.57,24.5,23.69,24.54,29.73,15.16,25.77,18.45,16,37.45,28.54,32.03,22.09,24.34,,30.73,24,22,25.1,25.66,25.18,26.14,23,24.5,28.67,31.68,22.5,24,25,31.15,28.36,27,28.1,,26.2,,27.2,23.5,,24.7,26.55,17.67,22.6,4.71,7,49,8,42,56,0.5782805798,0.9401957764
Oklahoma,Texas,-15.5,-10.28,-5.53,-8.1,-14.46,-9.17,-10.48,-14.23,-8.1,-9,-1.32,-11.5,-8.55,-7.79,-13.88,-13.68,-11.83,-22.69,-17,-10.7,-8.47,-16.1,-6.23,-11.43,,-17.2,-15,-6,-12.9,-11.55,-9.8,-10.24,-14.5,-16.5,-15.79,-10.84,-15,-10,-13.9,-6.3,-14.62,-12,-16.1,,-11.6,,-14.8,-15,,-14.35,-13.11,-21.19,-6.5,4.04,34,3,8,-31,37,0.5886362856,0.2350941205
Oregon,Ohio St.,-3,-2.53,4.67,-4.74,-4.18,-5.93,-3.73,-8.65,-4.4,-3,7.98,-4.5,-1.54,2.89,-3.22,-4.1,-2.27,-4.06,-6,-6.35,1.91,-0.43,3.29,-13.92,,-0.71,-2,1.5,-1.4,-2.69,-4.75,1.01,-3,-3.3,-5.38,0.76,-4,-3,1.4,3.15,1.24,-16,2,,-10,,0.4,-3,,-2.85,-6.94,-7.7,4.6,4.75,31,32,8,1,63,0.5175697747,0.445518013
Pittsburgh,California,3.5,4.83,-5.29,4.59,14.17,7.31,0.57,2.78,6.12,13,-4.08,12,4.07,-5.94,-1.55,12.17,4.75,7.59,13,3.85,6.45,-2.61,8.43,9.48,,5.94,16,5.5,-0.3,5.17,5.56,7.61,3.5,4.1,7.13,-0.26,3,3,-4.4,17.15,-3.36,2,-4.8,,3.4,,-3.9,3.5,,2.4,7.13,9.35,5.7,5.98,15,17,8,2,32,0.5293708204,0.6102672996
Rice,Texas-San Antonio,-4,-1.96,-6.31,-5.28,1.21,3.75,-0.03,-5.14,1.31,2,-4.81,-5.5,1.03,-7.12,-4.37,-3.15,-1.79,-2.71,1,-4.05,-2.01,-3.65,-11.96,8.41,,-14.39,4,0.01,-4.1,-1.98,0.63,-2.77,-5,-2.7,0.79,-6.45,-4,-3,0.8,0,-1.82,5,0.4,,4.9,,-0.5,-4,,-10.8,6.73,3.58,-5.3,4.89,27,29,8,2,56,0.5529235081,0.4570909131
Rutgers,Wisconsin,1.5,2.09,4.15,-2.05,10.57,0.51,3.27,1.89,0.29,9,2.78,5,0.38,4.89,-0.57,11.05,3.74,12.02,7,1.65,-1.37,0.7,9.84,-0.74,,7.97,12,0.5,-1.5,2,2.88,3.84,2,1,4.03,0.67,1.5,,1.9,12.6,0.68,2,0.2,,4,,0.3,1.5,,0.3,-0.63,5.93,-0.5,4.42,42,7,8,-35,49,0.5540597297,0.5897672393
South Florida,Memphis,-8.5,-4.64,-10.07,-10.35,-7.08,-4.04,-2.41,-3.39,-9.99,-4,-9.34,-12,-5.47,-10.48,-10.75,-9.32,-6.85,-5.56,-13,-3.65,-4.87,-3.86,-4.96,-7.89,,-8.85,-5,-2.5,-10.3,-6.3,-6.49,-6.01,0,-7.8,-4.64,-7.88,-7.5,0.01,-6.4,-10.15,-4.05,-7,-5,,-3.9,,-5.7,-8.5,,-10.35,-7.06,-6.2,-5.7,2.95,21,3,8,-18,24,0.5406995793,0.3356846002
South Florida,Memphis,-8.5,-4.64,-10.07,-10.35,-7.08,-4.04,-2.41,-3.39,-9.99,-4,-9.34,-12,-5.47,-10.48,-10.75,-9.32,-6.85,-5.56,-13,-3.65,-4.87,-3.86,-4.96,-7.89,,-8.85,-5,-2.5,-10.3,-6.3,-6.49,-6.01,-7,-7.8,-4.64,-7.88,-7.5,0.01,-6.4,-10.15,-4.05,-7,-5,,-3.9,,-5.7,-8.5,,-10.35,-7.06,-6.2,-5.7,2.95,21,3,8,-18,24,0.5406995793,0.3356846002
Tennessee,Florida,14.5,12.21,13.15,16.19,26.13,19.99,16.4,16.44,14.1,11,11.42,13.5,10.86,14.08,18.62,10.88,15.57,16.85,16,22.05,17.32,20.88,16.55,24.25,,14.86,10,11,15.6,15.35,19.82,11.71,15.5,12.6,17.16,19.66,15.5,8,13.9,17.15,15.1,24,13.2,,19.8,,14.9,14.5,,27.55,14.1,11.96,19.2,4.39,17,23,8,6,40,0.5259009497,0.8277728182
Texas St.,Arkansas St.,13.5,10.2,6.29,7,18.39,12.89,13.39,11.45,10.77,6,5.8,5.5,11.68,6.55,13.2,6.48,10.74,12.78,11,13.65,10.61,11.88,6.86,14.53,,10.16,9,9.5,15.5,10.4,8.22,8.63,14,9.1,12.5,3.17,13.5,12,9.4,8.05,9.79,16,10.2,,14.8,,10.6,13,,22.3,16.39,27.43,8,3.99,9,41,8,32,50,0.4330517203,0.7441241919
UCLA,Minnesota,-4.5,-3.97,8.6,-0.44,-28.65,-12.16,-12.15,-7.65,-2.55,-5,14.9,-3,-3.47,5.2,-5.02,-11.01,-4.53,-6.49,-11,-8.15,-1.91,-6.24,-1.53,-13.63,,1.85,1,5,-6.5,-3.84,-3.28,-2.44,-5.5,-3.5,-3.7,0.55,-4.5,-9,-2.5,-7.7,-2.79,-15,-3.7,,-5.1,,-2,-4.5,,-6.7,-8.31,-6.15,-5.2,6.86,21,17,8,-4,38,0.4993079198,0.3966787997
USC,Penn St.,-3.5,-1.26,-6.66,-4.38,-3.7,3.94,1.68,-0.01,-2.86,-7,-9.02,-10,0.18,-5.39,-5.05,-5.09,-3.53,-5.65,-10,-0.35,5.65,-4.14,-5.92,1.66,,-5.54,-6,-2.5,-2.1,-3.9,-2.4,-4.86,-4.5,-4.6,0.59,-7.5,-4,-5,-2.1,-4.55,2.13,-1,-2.8,,-2.5,,-2,-3.5,,3.1,-1.49,-13.03,-4.1,3.61,33,30,8,-3,63,0.4992648556,0.4141710197
Utah St.,UNLV,-19,-17.87,-6.75,-12.22,-29.37,-23.43,-14.17,-21.64,-15.4,-20,-8.2,-15.5,-17.98,-5.97,-23.12,-12.42,-20.29,-24.31,-27,-33.95,-16.31,-28.1,-14.4,-34.82,,-23.58,-27,-1.5,-19,-18.28,-18.55,-17.22,-18.5,-17,-21.15,-23.88,-18,-18,-16.5,-25.55,-9.78,-46,-17.4,,-26,,-17.4,-19,,-22.45,-23.9,-40.02,-17.9,8.41,50,34,8,-16,84,0.4713780754,0.1293610546
Virginia,Louisville,-7.5,-5.39,-14.46,-9.25,-6.79,-4.17,-9.63,-8.32,-4.72,2,-15.12,-2,-6.67,-14.11,-9.36,2.37,-6.72,0.22,-1,-11.95,-9.36,-0.56,-1.92,-9.58,,-0.88,3,-4,-6.8,-7.56,-9.89,-2.74,-7.5,-9,-10.74,-14.68,-6.5,-3,-9.7,-0.35,-13.07,-13,-11.8,,-12.1,,-10.6,-7.5,,-8.95,-5.27,0.33,-13.2,5.21,24,20,8,-4,44,0.5186191021,0.3437551222
Wake Forest,Clemson,-21,-14.34,-13.85,-15.72,-12.37,-12.5,-17.61,-20.05,-11.92,-14,-14.55,-16,-13.02,-13.48,-16.9,-7.53,-16.49,-12.57,-12,-20.65,-19.26,-20.63,-18.22,-16.7,,-22.96,-10,-6,-18,-16.65,-15.21,-13.18,-20.5,-23,-17.53,-26.93,-20,-17,-19.8,-21.7,-15.86,-19,-22.3,,-18.3,,-21.2,-20.5,,-24.1,-17.92,-16.6,-15.6,4.33,49,14,8,-35,63,0.607994006,0.1581290408
West Va.,Iowa St.,-3.5,-3.05,3.68,-2.46,-10.8,-11.3,2.02,-5.86,-5.16,-8,1.97,-7,-0.92,4.6,-5.02,-7.85,-4.62,-3.55,-9,-2.45,-1.6,-0.35,-2.18,-9.84,,-0.92,-7,-2,-6.1,-3.85,-4.02,-3.53,-3,-3.7,-1.66,-3.7,-2.5,-2,-4.8,-9.1,-2.28,-15,-5.2,,-3.5,,-4,-3.5,,-10.75,-8.03,-4.8,-3,4.17,28,16,8,-12,44,0.4727973338,0.3891674611
Western Kentucky,UTEP,19.5,21.95,16.23,20.67,18.78,25.7,11.26,24.22,21.03,21,12.04,25,20.3,18.5,16.8,18.95,21.41,28.11,16,25.65,23.4,22.75,33.54,29.42,,28.93,26,7.5,21,20.95,16.62,24.31,19.5,16.5,18.54,18.85,18,27,18.5,26.25,28.08,27,20.1,,20.9,,19.5,19.5,,14.65,27.45,35.94,12.4,5.66,17,44,8,27,61,0.5451174221,0.898032015
Western Mich.,Akron,9.5,11.78,13.66,13.01,18.26,9.02,11.13,12.36,8.57,14,10.09,15,11.59,15.58,6.15,9.26,10.6,12.89,9,10.45,13.34,8.63,7.83,8.63,,13.83,6,6,11.2,11,9.14,12.69,9.5,11,9.17,5.69,9.5,11,12,10.15,16.8,6,10.7,,11.9,,11.8,9.5,,6.75,8.34,12.12,11.4,3.04,24,34,8,10,58,0.5271306446,0.7440367039
Wyoming,San Diego St.,1,2.25,16.71,4.27,-0.74,2.2,-5.93,0.77,6.46,-3,12.72,1,2.41,18.86,4.77,8.14,3.58,7.7,-10,0.05,5.07,4.19,9.29,1.84,,4.83,-1,2.5,1.1,2.5,2.91,3.35,-1.5,2,0.6,7.36,-1.5,,6.9,2.8,9.2,1,7.1,,-1.7,,5.5,1,,2.2,5.2,-2.11,-6,5.24,27,24,8,-3,51,0.5613262581,0.5847855246
Air Force,Colorado St.,-7,-6.11,14.69,7.49,1.76,-5.97,-11.84,-8.3,0.71,-10,15.12,-3,-5.31,14.46,0.82,-10.97,-4.36,-8.94,-10,-6.55,-4.83,-7.34,-0.8,-9.96,-11.39,-6.74,-15,3.5,-1.3,-5.84,-2.56,-6.2,-7,-3.4,-4.38,-1.05,-8,-10,-5.2,-8.05,-3.22,-11,-7.1,,-5.6,,-6,-7,,-4.8,-9.01,-5.84,-3.5,7.14,21,13,9,-8,34,0.5602719015,0.4011133016
Arizona,Colorado,3,-1.49,20.18,4.46,-8.37,-5.63,-2.2,-5.68,2.01,-2,21.06,2.5,-0.66,19.7,5.91,-3.07,1.28,-1.02,-3,-0.35,-3.26,0.12,9.44,-7.77,-2.5,7.84,-2,9.5,3.4,-0.35,1.96,1.07,3,3.2,-3.32,8.91,3.5,-3,1.4,-3.15,3.89,-8,1.6,,-0.9,,1.5,3,,-3.65,-4.66,-1.65,3.8,6.91,34,7,9,-27,41,0.4604349288,0.5294653666
Arkansas,LSU,-2.5,-4.56,-20.63,-5.57,5.51,-3.01,0.02,-3.01,-8.21,-1,-19.9,-5,-4.87,-21.03,-12.18,-1.72,-6.23,-2.56,1,-7.65,-2.56,-6.88,-3.62,-3.33,-7.18,-8.27,-2,-6.5,-11.2,-5,-3.46,-6.28,-2.5,-4.2,-1.42,-17.72,-3,-1,-10.7,-4.9,-6.51,-7,-10,,-3.2,,-9.7,-2.5,,-0.1,-4.41,0.75,-9.5,5.59,34,10,9,-24,44,0.4123026505,0.3556285335
Army,East Carolina,16,15.86,11.92,13.93,20.69,23.65,21.72,18.15,21.59,18,2.85,17,16.83,16.8,18.4,16.98,20.31,29.05,18,23.45,16.48,27.34,11.94,32.07,29.18,19.03,26,17,24.9,18.4,14.82,14.82,16.5,13.2,17.14,19.1,15.5,19,15.1,31.15,17.01,32,14.8,,18.6,,15.8,16,,30.65,36.4,35.23,7.3,6.90,28,45,9,17,73,0.5983156895,0.8796650831
BYU,Oklahoma St.,9.5,8.03,-9.45,2.21,21.51,11.19,7.7,9.55,13.97,18,-7.8,17,6.3,-10.33,12.94,14.76,11.56,23.43,14,19.75,5.59,23.09,11.53,15.11,22.19,17.17,22,4.5,13,11.19,8.59,9.45,9,9.2,4.95,10.4,7.5,12,6.4,22.75,2.94,16,7.3,,8.8,,6.4,9.5,,7.7,23.62,24.38,6.5,8.58,35,38,9,3,73,0.5454445414,0.7391172531
Bowling Green,Kent,20.5,21.65,27.77,18.02,32.23,20.77,22.99,23.68,17.52,23,27.69,20.5,22.7,27.81,24.52,19.24,24.65,24.72,18,29.75,25.41,26.14,17.13,31.88,23.2,21.4,21,13.5,24.3,24.72,23.68,21.47,20.5,25.5,27.25,30.7,21,26,27.3,14,29.7,31,27.6,,28.3,,26.3,21,,28.4,34.01,33.52,17.5,4.86,6,27,9,21,33,0.5986955405,0.9311981604
Buffalo,Western Mich.,-1,3.98,-2.26,3.1,4.09,7.94,3.62,5.65,8.9,6,1.86,6.5,2.43,-4.47,6.79,11.66,5.59,12.24,6,9.75,0.11,10.49,10.56,10.36,7.61,9.45,16,4.5,6.7,6,4.92,4.26,-1,-1,3.23,6.54,-1,9,-2.6,12.25,-1.75,9,-2.9,,1.3,,-1.8,0,,10.35,13.55,8.74,-0.2,4.96,48,41,9,-7,89,0.6540394891,0.6316100158
California,NC St.,10,10.97,-6.06,8.66,15.87,12.16,9.37,16.26,9.34,9,-4.63,6,10.2,-6.84,13.77,6.54,10.68,15.2,7,13.25,16.29,12.34,2.5,17.17,15.6,12.79,9,3.5,13.5,11,10.29,8.25,10,7.4,15.31,10.06,10,12,15.3,12.95,8.34,14,16.7,,10.7,,14.5,10,,22.3,18.84,17.94,3.8,6.13,24,23,9,-1,47,0.515936055,0.73485076
Cincinnati,Arizona St.,5.5,3.54,0.38,3.78,1.65,3.92,0.35,3.37,7.01,1,4.05,2.5,3.92,-1.61,5.81,3.85,2.5,7.18,-2,0.95,9.18,-0.97,-2.75,3.96,6.77,-0.66,1,-0.5,2.6,2.8,2.42,3.41,5,2.8,4.38,1.83,2.5,2,0.2,0.35,6.47,-8,0.9,,3.4,,1.6,4.5,,-2.5,8.08,6.07,2.9,3.22,14,24,9,10,38,0.4265326974,0.5613293794
Clemson,Virginia,21,15.9,19.33,19.22,15.74,10.78,22.35,20.3,16.33,13,20.66,15.5,15.42,18.61,16.11,8.72,16.88,11.1,8,19.45,21.1,18.44,12.76,14.02,7.13,22.2,8,10,19.5,17,16.05,14.97,21,23,18.83,21.25,21,17,22.2,16.8,21.64,13,24.8,,20.7,,24.3,20.5,,22.35,17.78,14.83,22.3,4.73,31,48,9,17,79,0.4017849821,0.8459143806
Coastal Carolina,Louisiana-Lafayette,-5.5,-1.29,10.09,1.23,-1.63,5.41,-6.91,-4.01,3.12,1,6.09,0.01,-1.38,12.24,-0.74,2.26,1.07,4.38,-5,1.55,-5.16,2.39,5.3,6.01,8.31,-1.02,5,1.5,-0.2,1.23,2.27,0.83,-5,-3.5,0.97,2.37,-4,-3,-0.1,1.75,-2.63,2,-3.8,,-2.8,,-2.3,-4.5,,-4.25,2.81,2.01,-6.3,4.12,34,24,9,-10,58,0.6556462777,0.5260100983
Connecticut,Wake Forest,1.5,3.5,-6.06,-4.71,18.09,13.31,3.03,3.26,4.44,12,-8.83,7,4.84,-4.55,1.07,10.84,5.56,11.29,12,14.35,0.29,12.18,2.89,15.33,16.44,4.94,12,12.5,-2.5,4.44,0.92,2.56,2,-1.6,8.59,7.67,-1,-7,-1.8,13.27,-0.92,14,-1.1,,3.2,,-1.9,1.5,,11.85,20.75,3.2,1.8,7.58,23,20,9,-3,43,0.5912584978,0.6240170887
Duke,Florida St.,3,0.15,-10.59,-1.48,22.24,7.71,-2.11,-0.73,2.62,11,-4.81,12,-2.39,-13.69,2.46,14.23,3.6,6.45,15,4.25,-1.11,2.95,9.08,5.9,12.4,5.53,14,2,2.3,2.95,3.82,3.04,3,2.5,3.22,0.72,3.5,-2,0.4,16.76,-9.07,8,-1.6,,-0.6,,-1.1,3,,7.4,10.45,-2.61,6.1,7.36,16,23,9,7,39,0.5136776427,0.5815064754
Eastern Mich.,Central Mich.,3.5,2.9,0.21,1.87,5.84,7.71,3.49,2.05,6.74,7,-2.18,7,2.54,1.5,5.58,11.02,4.67,7.02,3,-1.95,4.79,3.41,14.61,5.21,12.32,1.92,6,2,7.2,4.24,3.71,4.05,3.5,2.3,4.24,4.58,2.5,5,3.4,8.05,4.57,6,2.6,,4,,4.1,3.5,,3.9,0.11,7.07,1.5,3.60,34,38,9,4,72,0.5286495616,0.6129010507
Florida,Kentucky,-2,3.33,-0.4,2.13,-5.14,-0.27,6.17,2.3,2.7,1,2.12,1,3.3,-1.76,1.43,0.83,0.71,-1.8,-2,-3.55,3.21,-3.38,-3.04,1.58,1.82,-1.1,3,0.5,-1,1.05,1.97,4.17,-2,-2.2,3.54,-2.84,1.5,3,4.2,1.05,-3.25,-5,4.2,,2.2,,3.9,-1.5,,-6.6,7.04,3.48,0.3,3.12,20,48,9,28,68,0.5665119989,0.5175015569
Georgia Southern,James Madison,-10,-6.16,-14.64,-9.65,-13.66,-6.51,-4.7,-8.33,-10.36,-6,-15.43,-6,-6.53,-14.22,-10.42,-4.25,-10.37,-2.58,-13,-13.05,-7.82,-11.56,-6.66,-9.48,-12.8,-11.01,-6,-10.5,-13.8,-10.36,-9.76,-5.01,-10,-15.5,-8.64,-18.37,-9,-10,-10.2,-11.2,-0.05,-14,-10.8,,-9.7,,-10.5,-10,,-21.35,-12.39,-8.1,-18.9,4.28,14,28,9,14,42,0.4910228534,0.2641092746
Georgia Tech,Notre Dame,-10.5,-10.84,-10.56,-15.13,-6.06,-11.2,-10.41,-13.77,-12.84,-6,-17.78,-7.5,-10.5,-6.68,-15.22,-4.24,-11.18,-4.59,-7,-17.55,-13.41,-15.74,-2.99,-15.84,-8.09,-9.99,-7,-9,-12.3,-10.84,-11.03,-10.49,-12,-7.6,-14.54,-18.72,-8,-8,-11.8,-6.65,-15.25,-19,-13.6,,-13.9,,-12.8,-10.5,,-11.2,-15.32,-10.57,-10.5,4.29,31,13,9,-18,44,0.4835073732,0.2482881645
Illinois,Michigan,-4,-1.83,-30.78,-15.02,5.16,-2.18,-2.54,-1.38,-7.21,4,-30.54,-2,-3.31,-30.9,-14.31,3.18,-6.05,3.8,4,-6.35,-3.57,-6.94,1.67,-3.17,-2.39,-11.04,1,-1.5,-9.9,-3.31,-6.62,-1.38,-3.5,-0.1,-3.53,-9.46,0,-2,-12.1,-0.35,-10.24,-8,-12,,-2.8,,-13.7,-4,,-2.9,-5.8,2.54,-11.7,8.75,7,21,9,14,28,0.4549804056,0.3692850785
Indiana,Nebraska,6.5,4.2,-3.64,5.06,8.69,13.38,0.2,4.4,10.35,7,-1.69,7,4.75,-4.69,5.86,8.01,7.53,11.67,10,9.75,5.14,10.11,5.08,20,17.07,5.93,11,2,5,6.96,9.25,3.65,6.5,4.7,10.74,6.96,5.5,4,6,9.48,4.94,17,5.4,,9.8,,5,6.5,,9.9,20.08,9.25,6.3,5.29,7,56,9,49,63,0.5245432012,0.6736599503
Iowa St.,Central Florida,13.5,14.44,7.79,14.04,17.4,16.09,17.19,18.08,17.4,18,4.71,18.5,11.7,9.44,18.45,16.59,16.46,22.55,11,22.15,12.88,25.94,18.75,17.24,21.32,26.49,17,6.5,16.1,17.24,10.93,15.78,13.5,13.3,11.65,14.1,12.5,17,19.6,24.85,18.19,18,21.4,,12.6,,18.4,14,,20.15,19.83,20.56,6.6,4.77,35,38,9,3,73,0.5708640642,0.8396495634
Kansas,Houston,5.5,5.18,18.26,9.47,15.42,3.56,9.36,4.83,2.9,2,18.42,2,7.29,18.17,9.57,-2.03,5.9,1.39,4,7.85,7.12,2.49,3.07,2.01,0.34,6.36,-4,7.5,6.1,5.18,4.58,4.1,5.5,5.4,10.09,13.03,7,3,7.8,1.77,16.52,2,7.4,,8,,7.6,5.5,,1.05,-0.35,5.66,4.8,5.40,14,42,9,28,56,0.5095150816,0.6375179662
Louisville,Miami (Fla.),-5,-2.01,7.75,2.77,-11.1,-0.46,-2.63,-3.24,4.55,-5,5.61,-2.5,-0.2,8.91,1.44,-2.36,-2.03,-0.63,-8,-0.85,-5.38,-5.45,-2.42,-1.13,-3.78,2.18,1,1,-1.2,-2.36,0.03,-3.45,-5,-3.1,-1.98,-2.13,-4,-4,-4.7,-2.1,0.86,-5,-5.1,,-3.4,,-5.4,-4.5,,-9.1,1.19,-13.2,-6.2,3.94,52,45,9,-7,97,0.5720483892,0.4506108513
Marshall,Georgia St.,9,10.93,0.42,5.9,15.45,10.51,12.65,14.12,6.12,10,1.01,10,10.56,0.1,3.87,9.4,8.2,9.37,6,9.95,15.35,9.16,8.56,8.37,6.32,12.76,9,4,8.2,8.56,7.22,9.65,9,7.9,10.86,10.25,8.5,13,6.9,10.85,7.56,11,7,,13.2,,7.8,9,,-7.15,7.25,8.47,8,4.21,20,35,9,15,55,0.4805756158,0.691204311
Maryland,USC,-7,-7.94,-0.39,-6.65,-3.29,-3.58,-16.43,-11.21,-5.45,-5,-0.57,-4.5,-8.46,-0.29,-10.35,-2.1,-6.99,-3.61,-2,-15.85,-5.16,-13.83,-6.77,-8.17,-1.95,-5.91,-1,1.5,-10.5,-6.65,-7.08,-5.92,-7.5,-5.4,-6.18,-1.86,-8,-12,-10.7,-6.52,-14.35,-11,-11.1,,-10.2,,-11.4,-7,,-13.45,-9.55,-7.78,-7.3,4.56,28,29,9,1,57,0.500241538,0.3360721749
Memphis,North Texas,11.5,10.74,19.7,12.81,14.05,7.97,16.34,11.9,10.99,11,17.9,11,11.07,20.67,13.7,7.11,11.38,6.44,3,8.55,13.73,7.62,10.59,12.4,4.98,16.19,3,2.5,12.5,11.1,9.26,10.5,11.5,12.4,9.16,15.15,10.5,14,14.7,9.8,21.69,4,13.8,,13,,14.2,11.5,,12.5,5.24,18.48,11.1,4.68,44,52,9,8,96,0.4971071854,0.7541673355
Miami (Ohio),Ohio,4,7.35,6.26,4.53,-3.91,7.43,8.24,8.93,6.14,1,6.05,-1.5,8.92,6.36,6.23,-1.27,6.8,5.81,-3,8.35,9.11,8.36,2.16,10.88,9.69,7.33,5,2.5,5.3,7.08,3.73,5.04,3.5,5,8.12,4.81,4,11,11.2,2.8,20.2,3,11.3,,9,,10.6,4.5,,7.45,11.27,18.82,7.5,4.39,20,30,9,10,50,0.5674944064,0.6601431704
Michigan St.,Iowa,-5.5,-11.03,-11.04,-10.08,-13.14,-12.13,-11.29,-12.49,-9.37,-5,-8.15,-6,-11.06,-12.58,-14.53,-8.8,-10.49,-7.44,-8,-11.15,-9.51,-9.6,-5.99,-16.28,-7.66,-9.52,-7,-2.5,-15.9,-10.6,-10.42,-11.51,-5.5,-7,-8.3,-11.29,-5.5,-10,-11.7,-13.3,-17.6,-19,-13.2,,-10.6,,-12.2,-6.5,,-7.1,-12.38,-7.18,-10.4,3.34,20,32,9,12,52,0.3791901035,0.2589272809
Middle Tenn.,Kennesaw St.,9,8.11,,15.48,-0.9,10.26,13.54,7.19,12.21,15,,17,7.47,,10.06,13.73,9.55,5.82,3,10.25,7.54,22.89,8.29,9.07,10.57,15.02,14,12.5,5.4,10,9.48,10.28,9,14.5,7.89,12.15,10,,11,5.31,-2.2,10,9.8,,10.1,,9.4,9,,5.7,11.3,6.25,3.7,4.89,5,14,9,9,19,0.5132081239,0.7173468611
Mississippi St.,Texas A&M,-18,-12.6,-6.16,-10.56,-26.35,-9.39,-15.42,-11.17,-11.01,-18,-12.75,-14.5,-9.53,-2.6,-14.28,-11.62,-14.66,-17.89,-17,-13.15,-14.05,-19.8,-12.31,-12.07,-16.6,-17.64,-17,-6.5,-15.4,-14.4,-10.05,-18.2,-17,-21.5,-13.07,-12.95,-14,-17,-14.3,-25.2,-17.28,-15,-16.1,,-14.4,,-15.3,-17.5,,-18.1,-12.94,-20.07,-15.5,4.57,34,24,9,-10,58,0.5801161218,0.1874158767
Missouri,Auburn,4,7.29,20.2,4.93,10.47,9.83,5.09,4.92,8.27,15,16.1,15.5,4.79,22.4,10.47,14.99,10.3,12.13,11,6.05,1.56,11.83,17.5,6.19,15.57,17.24,21,7.5,6.9,8,6.86,12.13,4.5,4.8,6.88,15.36,7,8,8.3,24.5,6.72,6,7.2,,6.6,,8,5,,7.1,7.07,3.8,4.8,5.65,17,21,9,4,38,0.6457464602,0.7294778267
Navy,Charlotte,16.5,14.38,8.88,19.27,21.2,17.87,15.33,18.37,17.55,17,8.05,13.5,12.21,9.32,15.71,16.35,16.26,23.32,19,16.85,14.46,23.05,21.35,19.27,15.43,21.34,13,9.5,21.1,16,13.04,14.67,17.5,16,13.74,19.33,16.5,15,11.8,26.95,18.9,16,12.3,,15.2,,13.4,16.5,,23.05,17.57,19.77,14.2,4.21,17,51,9,34,68,0.4941706004,0.8389147903
Nevada,Fresno St.,-3,-1.33,-17.22,-5.9,2.24,3.96,1.7,-0.94,-0.03,2,-16.91,-0.5,-0.44,-17.37,-5.64,4.3,-2.52,2.03,-1,0.75,-5.94,1.47,-8.35,6.74,3.46,-5.08,2,-4,-2.6,-1.8,-2.58,-3.01,-3,-2.7,0.06,-3.85,-3.5,-3,-8.5,1.75,-10.78,-1,-10.1,,-1.9,,-9.5,-3,,-1.8,5.68,-2.32,-3.6,5.81,24,21,9,-3,45,0.5113264156,0.4407478667
New Mexico St.,Louisiana Tech,-11.5,-4.89,17.57,-1.38,-9.91,-7.37,-12.98,-8.66,-6.05,-6,13.91,0.5,-6.69,19.54,-3.54,2.03,-4.16,-2.11,-12,-5.35,-6.83,-3.73,7.57,-12.21,-11.49,2.78,-2,-2.5,-6.4,-4.89,-3.14,-0.84,-11.5,-17,-8.6,3.46,-10.5,-2,-2.8,-0.35,0.84,-16,-2.1,,-10.4,,-3.9,-10.5,,-15.7,-14.24,-8.28,-8.1,8.13,30,33,9,3,63,0.6596786561,0.4077760279
Northern Ill.,Toledo,3,1.26,-10.54,-2.16,8.52,0.48,8.6,2.06,2.36,4,-7.45,1.5,1.11,-12.2,-0.19,5.86,1.6,3.93,-1,4.75,3.49,9,-3.53,1.28,3.07,4.18,4,1.5,1.1,1.7,-0.22,0.47,3,1.7,1.9,2.06,1.5,6,0.2,4.2,5.41,-1,1.6,,2.5,,1.1,3,,3.05,1.73,-0.52,0.3,4.27,13,6,9,-7,19,0.4660642291,0.5387694039
Northwestern,Wisconsin,-8,-7.68,3.5,-9.57,-6.83,-7.22,-11.47,-10.79,-5.03,-3,-0.88,-3,-7.86,5.85,-7.29,-3.39,-4.94,-1.75,-5,-1.95,-7.96,0.35,6.24,-7.94,-1.28,-1.98,-1,0.5,-8,-6.06,-5.39,-6.21,-7,-10.5,-7.61,-2.28,-7.5,,-5.9,-7.7,-1.13,-12,-8,,-7.2,,-7.6,-8,,-13.05,-11.04,-7.25,0.2,4.89,23,3,9,-20,26,0.5730801555,0.3830792947
Oklahoma,South Carolina,1,5.88,17.94,9.03,2.96,4.37,-0.39,4.03,5.37,5,19.01,7,5.6,17.37,5.99,4.11,5.48,-0.23,2,4.05,6.27,-0.01,8.76,3.52,1.81,3.74,10,5,5.8,5.3,6.36,8.2,1.5,3,5.78,0.96,2.5,5,8.2,9.8,7.86,-3,6.7,,5.3,,7.6,2,,-2.35,0.46,8.55,4.2,4.65,35,9,9,-26,44,0.6067398005,0.6297855142
Old Dominion,Texas St.,-10,-8.46,0.35,-4.23,-7.66,-6.7,-11.99,-9.29,-6.16,-6,-1.25,-5,-8.74,1.21,-8.41,-6.14,-7.37,-3.11,-17,-12.15,-7.79,-12.12,-7.25,-8.03,-8.16,-5.17,-9,0.5,-9,-7.79,-2.93,-8.94,-10,-15,-4.14,-7.47,-9.5,-5,-5.4,-11.55,-8.97,-13,-7.1,,-8.4,,-6.8,-9.5,,-7.45,-9.93,-9.56,-8.2,3.89,14,24,9,10,38,0.5639201789,0.3260194175
Oregon St.,UNLV,-7,-3.62,9.37,6.59,-4.17,-7.29,-4.04,-6.91,2.55,-6,15.57,0.01,-3.54,6.04,0.31,-4.22,-3.44,-5.94,-10,-5.45,-6.65,-3.86,-0.03,-12.76,-10.25,0.42,-7,5.5,1.9,-3.86,-2.13,-1.53,-7,-7.6,-3.62,0.12,-5,-5,-1.3,-7,-2.47,-18,-1.9,,-10.7,,-3.1,-6.5,,-4.7,-15.05,-14.15,4.7,6.29,33,25,9,-8,58,0.5825696833,0.4201754649
Purdue,Oregon,-29,-24.15,-24.19,-20.54,-31.9,-24.67,-24.22,-26.52,-25.07,-26,-29.65,-30.5,-22.83,-21.25,-32.73,-12.97,-28.74,-28.27,-27,-32.75,-25.57,-34.45,-22.84,-30.05,-36.02,-33.37,-29,-11.5,-34.1,-28.27,-25.18,-27.33,-28,-27,-26.33,-23.73,-27.5,-26,-30.9,-34.3,-36.2,-40,-33.6,,-27.6,,-32.7,-29,,-38.9,-35.97,-39.18,-25.2,6.24,35,0,9,-35,35,0.5060805923,0.0460069575
Rutgers,UCLA,4.5,5.69,2.25,0.39,29.36,6.94,10.28,5.4,-0.05,10,-0.46,8.5,3.46,3.71,0.14,11.47,6.02,9.31,11,4.85,7.89,3.4,8.26,2.77,5.16,7.96,7,0.5,6.6,5.6,5.27,8.44,4.5,5.6,7.82,3.44,7,5,8,14.85,1.44,4,7.9,,5.6,,6.3,4.5,,6.35,-3.68,4.99,4.6,5.09,35,32,9,-3,67,0.5363234483,0.6409888344
Sam Houston St.,Western Kentucky,2.5,-0.94,-11.4,-3.29,11.72,-0.43,3.51,-1.8,-0.84,4,-5.21,-0.5,-1.08,-14.74,-2.65,4.65,0.35,-3.78,4,0.05,4.39,1.84,0.37,1.66,0.23,-0.15,4,4,-3.4,-0.15,0.9,-0.53,2.5,4.3,4.83,2.22,2,-2,-0.6,4.55,-4.01,-4,0.4,,0.8,,-0.4,2,,12.7,-1.19,1.04,-1.7,4.91,31,14,9,-17,45,0.4485255842,0.5084023217
San Jose St.,Wyoming,11.5,7.78,-0.2,8.68,13.87,14.25,14.82,9.57,8.81,15,6.75,15.5,6.4,-3.94,12.69,16.61,11.16,14.74,17,14.15,7.2,8.57,14.51,15.19,11.11,17.39,16,14.5,11.7,11.41,10.49,8.31,11.5,6.5,15.83,8.88,10.5,,8.5,17.15,1.75,11,7.8,,9.3,,8.4,11.5,,18.7,16.08,13.54,17.7,4.89,14,24,9,10,38,0.4918347701,0.7491612057
South Alabama,Troy St.,11.5,7.26,-6.75,3.5,12.45,2.8,5.96,9.9,2,11,-1.4,7,7.29,-9.63,2.55,5.14,5.97,7.05,8,11.65,11.33,12.63,5.68,3.85,2.44,8.38,6,2.5,3.8,6.9,7.97,5.63,11.5,15,9.47,8.34,11.5,8,6.3,7,8.71,3,6.9,,11,,7.3,10.5,,7.75,3.32,2.72,16.7,4.58,9,25,9,16,34,0.3689292485,0.6410700975
South Florida,UAB,13.5,11.93,8.9,7.21,14.25,11.34,15.92,13.26,6.96,12,8.44,8,12.63,9.14,10.25,10.29,12.64,9.39,6,16.45,18.35,19.08,16.5,9.45,10.4,15.93,7,1.5,18,11.88,10.08,11.31,13.5,15,11.88,17.76,13.5,20,17.9,10.85,22.94,10,19.3,,14.8,,18.6,13.5,,12.05,6.35,21.56,10.4,4.63,25,35,9,10,60,0.4792596454,0.7777011859
Southern Miss.,Arkansas St.,-7,-5.43,-4.94,-4.75,-5.08,-4.32,-2.99,-5.85,-4.06,-7,-5.71,-7,-4.6,-4.53,-8.56,-7.17,-6.31,-8.68,-8,-7.95,-5.8,-9.03,-9.22,-3.92,-9.45,-4.35,-9,-0.5,-6.9,-6.65,-5.25,-6.99,-7,-7.4,-3.91,-11.95,-6,-3,-9,-6.65,-10.03,-5,-10.2,,-4.8,,-8.7,-7,,-6.95,-2.4,-1.99,-7.5,2.40,44,28,9,-16,72,0.5171395463,0.3471561843
Stanford,SMU,-16.5,-16.99,-16.32,-16.04,-23.5,-15.37,-16.88,-20.98,-16.8,-15,-20.82,-17.5,-16.35,-13.89,-20.09,-10.85,-17.91,-16.96,-19,-22.65,-14.07,-19.97,-14.24,-24.24,-20.18,-22.4,-16,-14.5,-17.3,-16.99,-17.67,-16.75,-16,-18,-16.4,-24.83,-14,-17,-13.2,-24.15,-16.46,-25,-17,,-16.5,,-15.9,-16.5,,-17.45,-24,-12.54,-15.1,3.47,40,10,9,-30,50,0.465424189,0.1351745885
Temple,Tulsa,3,4.68,-1.42,-1.26,-2.22,10.71,2.62,4.3,5.9,1,-2.92,-2,7.15,-0.62,1.54,5.91,5,8.2,-4,13.05,3.97,11.78,7.14,15.14,10.88,2.34,7,5.5,8.3,3.97,3.58,2.84,3,-1.5,3.45,2.37,1.5,3,0.5,4.84,3.24,10,0.6,,3.1,,0.7,3,,11.2,20.78,16.43,-2.1,5.27,10,20,9,10,30,0.5475929775,0.6175130916
Tennessee,Alabama,-3,-0.25,-8.75,-2.55,8.09,-0.54,5.8,1.27,-2.81,-1,-5.39,-5.5,0.18,-10.56,-1.22,-0.7,-1.44,-0.18,2,5.15,2.41,-0.03,-0.28,1.1,-4.65,-5.55,-5,-1,-1.3,-1.22,3.01,-2.36,-3,-2.7,-1.37,-4.83,-1.5,-2,-1.2,0.76,-3.14,-2,-2.1,,0.4,,-0.7,-3,,1.7,-2.24,-8.39,2.9,3.43,17,24,9,7,41,0.5382588382,0.4646761251
Texas,Georgia,5,8.31,-2.59,3.4,16.51,10.28,5.37,13.57,7.58,11,-4.58,9,6.89,-1.52,9.72,12.49,9.36,18.45,15,10.55,7.42,13,7.54,15.98,13.05,7.73,16,7.5,5.9,8.36,9.5,5.95,4.5,3.6,10.68,3.02,3.5,5,7.1,6.15,10.22,13,5.6,,8.1,,6.5,5.5,,15.3,18.82,24.85,9.7,5.51,30,15,9,-15,45,0.6023644204,0.7112470194
Texas Tech,Baylor,6,7.62,16.3,5.25,8.07,3.69,3.13,6.16,11.02,17,15.91,16.5,5.73,16.5,8.36,11.22,9.95,9.45,13,13.15,3.13,16.58,19.57,4.93,14.95,20.88,19,8,9.9,8.07,7.77,11.44,6.5,6.9,6.33,9.63,4.5,7,5.8,22.05,3.94,4,4.5,,5.6,,6.2,6,,9.35,6.45,6.12,6.5,5.59,59,35,9,-24,94,0.5927747733,0.722799271
Texas-San Antonio,Florida Atlantic,6.5,5.21,16.25,7.42,2.83,-3.11,3.98,5.5,-0.38,-1,13.75,5,5.09,17.6,3.95,-2.27,3.29,-7.93,-4,8.15,8.76,2.33,16.43,-6.07,-12.47,7.56,-6,7,-1.3,5,3.13,5.43,6,5.1,2.31,11.61,4,6,7,0.7,17.46,-13,6.7,,2.9,,7.9,6.5,,17.15,-4.89,-15.15,7.8,7.73,24,38,9,14,62,0.4278673464,0.5739098944
Tulane,Rice,22,21.76,14.89,24.41,24.78,25.66,31.46,29.56,24.27,22,8.3,21.5,20.64,18.44,25.86,16.99,24.54,26.44,18,34.25,24.25,34.84,26.88,29.28,28.11,30.91,26,7.5,28.8,24.41,20.28,19.38,22.5,21.5,25.32,23.16,22,27,19.7,29.83,20.78,33,21.2,,23.8,,21.3,22,,33.2,28.63,36.66,24.4,5.96,10,24,9,14,34,0.5595390405,0.9260916255
UTEP,Florida Intl.,-7,-4.29,4.68,1,-11.77,-8.63,-2.35,-4.44,-3.35,-9,9.6,-5.5,-4.73,2.01,-2.24,-11.94,-5.41,-3.84,-13,-5.15,-10.83,-5,-1.59,-14.23,-11.65,3.65,-8,1,-5.8,-4.73,-3.81,-4.66,-7,-6.9,-5.68,-2.38,-4.5,-3,-1.1,-2.8,-8.15,-16,-2.8,,-7.8,,-2.3,-7,,-6.1,-10.65,-16.09,-3.8,5.39,21,30,9,9,51,0.537778594,0.3734647301
Utah,TCU,3.5,8.21,8.85,5.08,9.73,7.1,11.18,9.39,5.32,8,3,9,7.35,12,6.11,8.57,7.5,4.46,8,9.45,2.81,11.89,14.55,6.81,5.48,8.92,12,1,7,8,6.72,8.72,4,3,4.39,0.01,7,9,11.6,12.6,10.86,3,12.5,,6.5,,11.8,4.5,,8.05,4.13,7.49,4.7,3.48,13,7,9,-6,20,0.5972101784,0.6777794982
Utah St.,New Mexico,-2,2.65,7.94,2.69,-4.31,2.73,-1.03,0.69,4.92,7,7.84,6.5,3.33,7.99,1.47,-0.72,1.12,-2.78,-2,-4.65,4.14,-5.41,0.31,1.9,3.72,-7.03,2,3,-1.6,1.9,-0.62,3.66,-2,-1.9,-0.72,-5.72,0,3,3.1,1.4,9.13,1,2.3,,5.7,,3.5,-1.5,,-3.15,7.61,-10.73,-6.7,4.07,50,45,9,-5,95,0.5754903034,0.5272416576
Vanderbilt,Ball St.,26.5,25.1,2.86,22.24,33.21,29.68,29.47,31.47,27.55,30,7.38,22,26.73,0.43,27.82,18.51,28.55,32.5,23,42.05,27.01,40.65,25.53,43.63,32.69,30.35,30,4.5,26.4,29.68,29.06,21.19,25,23.5,32.47,26.93,26,39,30.4,34.65,26.33,46,30.9,,32.6,,29.3,26.5,,39.85,44.75,32.74,22.8,10.30,14,24,9,10,38,0.543134991,0.9343201962
Virginia Tech,Boston College,7.5,8.58,8.15,6.45,-3.54,6.25,6.96,12.4,7.86,2,13.8,1.5,8.57,5.1,8.46,4.66,7.43,9.43,-3,13.95,8.3,10.37,0.22,7.07,6.57,10.93,4,11.5,9.2,8,4.06,6.37,7.5,6.9,6.74,12.49,7,10,9.5,4.21,8.08,8,10.3,,8.2,,9.9,7.5,,11.05,9.65,3.33,5.4,3.97,21,42,9,21,63,0.498293275,0.6751193416
Washington St.,Hawaii,18.5,18.38,14.67,24.33,11.43,21.06,9.96,18.27,20.76,21,26.11,22,16.12,8.5,27.51,18.56,21.29,25.09,17,21.05,21.74,23.53,29.19,23.59,23.88,25.85,30,13.5,24.3,21.06,24.37,23.21,19,24,21.85,29.1,19,20,20,33.75,9.91,21,19.3,,16.4,,19.5,19,,22.65,19.19,29.1,19.7,5.68,10,42,9,32,52,0.5657120918,0.8966434914
West Va.,Kansas St.,-2.5,-3.33,-4.99,-4.29,-9.84,-5.62,2.18,-5.19,-2.54,-5,-10.35,-8,-1.13,-2.11,-5.65,-4.72,-4.09,-3.73,-9,-2.15,-0.77,-0.49,-4.9,-3.93,-6.2,-10.09,-8,1.5,-7.2,-3.93,-4.76,-4.72,-3,-3.5,-2.42,-5.24,-2.5,-2,-5.1,-9.8,1.37,-5,-3.6,,-2.7,,-3.9,-2.5,,-2.35,-2.85,2.08,-3,2.96,45,18,9,-27,63,0.46078356,0.4000293871
Akron,Eastern Mich.,-2.5,-5.55,-6.13,-6.4,-17.16,-4.67,-5.87,-6.01,-5.05,-13,0.26,-14,-4.81,-9.58,-7.94,-7.73,-6.22,-2.42,-20,-6.25,-1.4,-3.85,-15.75,-7.21,-4.53,-6.44,-11,0.5,-6.6,-6.17,-7.56,-6.93,-3,-3.7,-4.76,-5.61,-5.5,-8,0.7,-7,-10.23,-10,2.2,-3.06,-6.2,-10.05,-0.5,-3,,-8.35,-1.47,-7.79,-4.5,4.86,21,25,10,4,46,0.4113441102,0.3539469716
Alabama,Missouri,16,11.22,6.45,17.68,7.29,16.14,12.3,13.19,18.04,8,6.07,10.5,10.97,6.66,18.75,9.14,13.21,12.78,1,14.95,19.46,11.01,5.72,21.1,15.66,10.59,14,6.5,14.4,13.65,13.24,10.77,16.5,17,13.89,12.71,14.5,8,13.4,7,14.43,15,14.2,21.04,16.4,-0.01,14,15.5,,16.45,21.84,15.37,17.4,4.72,0,34,10,34,34,0.4331037258,0.7874785293
Appalachian St.,Georgia St.,7,7.37,8.54,6.72,1.02,-1.48,1.16,9.49,0.71,3,11.16,6.5,5.99,7.12,0.32,-2.02,2.85,-2.88,1,0.05,7.41,-0.03,8.88,-4.41,-7.49,7.99,1,7,-0.2,3,2.35,7.54,7.5,9.4,4,3.98,8.5,14,7.2,1.91,6.3,-6,8.3,-11.61,6.7,-1.82,8.5,7,,-2,-1.76,-4.64,3,5.42,26,33,10,7,59,0.4023023502,0.5674539802
Arizona,West Va.,5.5,-1.62,9.44,-3.53,1.58,-2.03,-6.44,-3.7,-2.77,-2,12.3,0.01,-2.1,7.9,-1.12,-1.8,-0.66,-0.82,-1,0.05,1.91,0.26,3.74,-5.66,-1.59,7.78,-2,6,-0.7,-1.61,-1.16,0.27,3.5,2.6,-0.77,-1.26,2.5,-2,-1,-2.1,-4.44,-7,-1.9,-3.35,-4.2,-7.85,-1.4,4.5,,0.7,-1.69,-5.85,-4.8,3.99,31,26,10,-5,57,0.3533229763,0.483917105
Arkansas St.,Troy St.,7,6.3,-13.51,-3.63,-1.45,0.88,4.17,8.01,-0.59,10,-13.84,9.5,3.22,-13.33,-4.21,11.8,3.16,5.5,7,2.85,4.33,6.62,7.28,-0.65,3.21,13.14,9,-1.5,-1.8,3.22,-0.57,8.42,7.5,9.7,1.23,3.17,7,10,2.5,8.4,9.88,-1,3.6,-1.05,0.9,22.26,2.9,6.5,,-0.3,13.41,10.74,0.8,6.48,31,34,10,3,65,0.4114035843,0.5731033328
Ball St.,Northern Ill.,-12.5,-7.97,-1.43,-6.11,-23.74,-11.37,-17.86,-8.38,-7.61,-11,-1.34,-10,-9.95,-1.49,-15.49,-10.36,-12.48,-9.53,-14,-19.15,-14.69,-8.6,-9.33,-18.16,-12.62,-6.94,-12,-5.5,-12.6,-12,-11.46,-7.06,-12.5,-15.5,-13.56,-11.94,-11.5,-12,-11.4,-11.55,-17.94,-19,-12.3,-19.74,-16.3,-46.87,-12.3,-12.5,,-18.5,-20.62,-16.92,-19.6,5.27,23,25,10,2,48,0.5004770088,0.2278014181
Baylor,Oklahoma St.,7,1.93,-15.77,-0.91,9.19,4.7,4.27,0.76,5.58,5,-11.81,4,3.2,-17.9,1.73,3.75,2.91,10.43,3,3.65,2.71,15.18,-4.58,5.85,7.18,1.08,5,2,4.7,3.7,1.51,1.66,6.5,6.8,0.82,-1.73,4,4,1.4,7,-2.94,2,3,8,2.9,1.65,2.1,6.5,,7.65,12.31,6.81,6.8,6.19,28,38,10,10,66,0.4051441824,0.5678080676
Boston College,Louisville,-7.5,-6.99,-9.7,-8.72,3.91,-6.43,-9.14,-9.34,-8.83,-2,-13.63,-2.5,-7.49,-7.59,-9.14,-1.76,-7.5,-2.96,-5,-10.75,-8.38,-6.44,-4.02,-10.87,-7.02,-7.42,-6,-5,-10.3,-7.72,-7.84,-5.72,-7.5,-7.1,-8.19,-4.43,-6.5,-8,-9.7,-7.35,-5.33,-14,-11,-11.13,-9,-1.5,-9.8,-7.5,,-7.35,-10.86,-5.82,-8.3,3.29,31,27,10,-4,58,0.5,0.3218121762
California,Oregon St.,10.5,6.66,-6.29,2.09,5.51,8.72,10.21,9.2,4.57,4,-9.14,0.01,7.18,-4.76,3.57,2.81,6.47,6.75,-1,11.55,12.11,5.49,0.23,10.78,6.88,4.77,2,5.5,3.9,6.94,6.57,4.49,10,11.5,9.23,10.9,9.5,12,11.6,4.2,9.44,9,12.8,10.42,9.5,0.64,12.2,10,,12.25,15.42,8.08,-0.7,5.33,7,44,10,37,51,0.4049169568,0.6503768742
Central Florida,BYU,2.5,-3.35,6.29,-1.76,-6.68,-3.18,-5.75,-3.59,-3.57,-12,11.89,-14.5,-0.23,3.27,-2.28,-8.96,-5.34,-11.56,-12,-14.35,1.46,-11.6,-15.13,-4.28,-9.84,-16.22,-12,5.5,-4.4,-4.5,-3.21,-7.15,2.5,0.4,1.64,-9.1,-2,-6,-4.6,-14.7,-3.28,-16,-5,-8.74,-1.5,-28.36,-3.4,1.5,,4.1,-1.12,-11.95,-0.2,6.70,37,24,10,-13,61,0.3245588419,0.3783174676
Colorado,Cincinnati,6.5,5.62,8.36,0.56,7.82,7.29,7.73,6.74,0.81,2,7.73,2,6.12,8.71,4.8,6.32,6.2,6.7,1,8.75,6.69,11.54,3.97,5.76,4.05,6.7,6,6.5,2,6.58,4.29,4.63,5.5,3.3,6.98,7.64,4.5,10,9.7,6.65,7.99,17,9,3.06,3.6,8.34,8.8,6.5,,6.8,9.78,6.15,2.8,3.14,23,34,10,11,57,0.4926047543,0.6491855942
Colorado St.,New Mexico,4.5,7.61,5.83,5.21,4,8.23,8.33,4.38,9.85,14,7.25,12,8.08,5.07,8,8.84,7.41,9.75,5,3.55,7.38,5.36,6.97,7.38,9.15,4.6,15,3.5,5.6,7.44,5.11,10.63,6.5,6.5,4.04,5.71,6.5,9,7.1,11.2,9.04,5,7.5,9.27,10.3,15.82,8.1,5,,-0.3,8.8,8.45,3.6,2.87,6,17,10,11,23,0.5715792353,0.6770119585
Connecticut,Rice,7,6.51,-5.7,6.36,16.37,17.16,16.15,5.32,12.54,13,-8.62,10.5,6.95,-4.11,10.35,15.48,10.38,18.3,11,22.35,9.89,18.55,9.77,17.63,16.58,8.7,16,6,13.1,10.42,7.01,7.67,6,4.9,12.05,12.58,6,4,4.8,14.81,0.05,19,4.1,19.52,6.4,9.02,4.1,7,,14.1,9.75,21.61,7.2,6.78,10,17,10,7,27,0.5776153925,0.7261776179
Duke,SMU,-11,-8.91,0.73,-6.22,-9.71,-8.12,-9.78,-13.2,-7.44,-3,-2.19,-3,-8.41,2.31,-5.9,-5.56,-8.22,-12.05,-6,-12.45,-8.26,-9.53,-0.95,-13.13,-10.01,-9.55,-4,-6.5,-9.4,-8.63,-7.18,-7.07,-12.5,-12.4,-10.43,-11.26,-11.5,-8,-7.1,-5.6,-12.29,-16,-10.4,-12.78,-12,-11.44,-9.6,-11,,-9.95,-15.3,-8.84,-4.9,4.13,28,27,10,-1,55,0.5672879009,0.308148558
East Carolina,Temple,4,9.47,4.66,12.41,11.36,5.71,10.61,12.12,6.94,8,14.14,10.5,8,-0.44,11.74,6.62,7.81,-0.04,7,5.05,12.61,1.1,11.16,4.59,3.08,11.57,3,4.5,4.8,8,8.79,9.53,7,10.5,10.35,7.77,8,10,14.7,6.3,12.07,-1,16.6,3.42,12,8.99,14.5,4.5,,4.6,5.8,4.45,10.4,4.37,34,56,10,22,90,0.5914957212,0.682366907
Florida Intl.,Sam Houston St.,-5,-6.29,0.69,-7.48,-7.01,-4.45,-8.11,-8.79,-4.91,-10,-6.23,-9.5,-4.39,4.43,-5.89,,-7.03,-8.01,-9,-9.15,-1.97,-11.09,-22.56,-4.69,-4.42,-18.2,-10,-1,-4.7,-6.6,-4.16,-7.16,-5,-4.4,-3.5,-6.07,-7,-14,-7.7,-11.2,-4.09,-12,-8.6,-3.32,-5,-30.99,-7.8,-5,,-10.2,-6.68,-14.92,-6.6,5.08,10,7,10,-3,17,0.4515298185,0.3365890507
Fresno St.,San Jose St.,4.5,5.98,1.65,5.34,2.93,4.24,6.29,6.68,5.2,5,-3.01,2.5,5.75,4.15,4.61,1.92,4.47,5.16,-4,3.65,7.68,4.91,1.52,4.97,4.8,2.52,5,-3.5,2.9,4.8,3.48,6.06,5,4.8,3.51,-0.83,6.5,8,8,4.2,11.55,7,10.2,4.65,6.1,8.51,9.4,4.5,,4.45,5.45,7.94,-3.9,3.16,10,33,10,23,43,0.4992605457,0.608794014
Hawaii,Nevada,2,-1.78,10.38,-3.84,-4.64,-7.57,0.58,-3.7,-3.88,-2,8,-3,-2.22,11.66,-4.71,-8.21,-3.01,-5.55,-2,-3.95,-1.09,-7.59,-4.3,-10.91,-5.23,-2.78,-5,2.5,-6.3,-3.91,-4.34,-0.29,-0.5,-5.3,-2.83,-4.57,-2.5,-3,1,-1.1,5.52,-11,0.4,-7.22,-0.5,-41.87,0.6,1,,-7.45,-4.95,-9.02,-7.9,4.75,13,34,10,21,47,0.3811964849,0.4279305381
Houston,Utah,-5,-7.02,-10.84,-11.73,-18.7,-4.12,-10.1,-8.94,-2.61,-3,-10.33,-4.5,-6.96,-11.12,-7.98,-4.16,-5.62,2.49,-12,-6.45,-4.96,-4.37,-4.16,-4.47,-1.32,-3.4,-2,0.01,-6.2,-5.1,-5.93,-6.65,-3.5,-5.3,-6.38,-5.23,-3.5,-2,-8.1,-7.7,-15.34,-3,-8.6,-1.86,-7.3,-1.51,-9,-5,,-0.15,-1.04,-3.04,-3.4,4.22,14,17,10,3,31,0.4849464906,0.366131196
Indiana,Washington,6,10.61,-30.37,1.71,16.75,16.46,10.19,11.8,13.43,17,-20.93,13,10.66,-35.46,4.79,14.84,10.24,17.03,18,8.85,10.55,16.81,7.2,25.85,21.05,4.74,18,0.5,9.1,11.12,11.24,10.6,6.5,10.8,14.82,8.89,6,11,4.2,17.5,3.65,21,5.9,24.81,16.5,27.59,5.4,6.5,,14,23.06,21.92,9.8,12.35,17,31,10,14,48,0.5834861892,0.6946766418
Iowa,Northwestern,14.5,13.55,6.96,15.29,14.2,15.29,13.59,17.79,10.16,8,4.02,9,11.65,8.54,12.07,11.69,11.14,13.65,5,9.65,14.22,3.15,4.95,13.12,9.4,11.83,8,5.5,12.4,11.67,11.42,12.95,14,16,13.89,7.19,14.5,11,13.3,16.1,14.34,14,14.1,9.98,14.1,1.66,14.1,14.5,,10.45,11.44,10.4,4.8,3.66,14,40,10,26,54,0.4183011704,0.7529456328
Jacksonville St.,Middle Tenn.,20.5,19.14,13.31,14.51,21.62,17.99,19.48,24.38,16.49,16,10.29,10,21.58,14.93,20.84,14.66,18.99,19.03,15,31.95,16.82,32.42,19.59,23.54,17.9,26.36,14,11,19.7,18.81,16.24,14.63,20.5,13.3,18.82,20.11,22,22,16.8,11.55,25.76,24,17.7,21.27,18.8,36.63,18,20.5,,25.7,27.33,23.04,17.2,5.17,20,42,10,22,62,0.4639697335,0.8723056325
James Madison,Southern Miss.,24,24.33,27.31,26.36,34,28.87,25.73,26.87,29.32,25,27.2,27.5,24.74,27.37,37.52,18.29,28.96,31.99,25,35.85,29.46,28.44,22.78,34.99,37.92,27.7,30,17.5,37.9,27.6,25.61,24.56,24.5,24.5,28.28,26.72,24,22,26.6,33.95,20.51,34,27.5,44.52,28.5,31.03,26.9,25,,37.6,35.03,36.18,18.5,5.71,15,32,10,17,47,0.6156339926,0.9569901709
Kansas St.,Kansas,10,13.58,7.12,13.31,12.87,15.71,16.33,15.56,16.05,19,11.85,23,9.93,4.58,15.79,15.81,14.92,17.03,13,18.45,12.28,16.15,17.18,13.62,17.22,23.08,26,3.5,15.8,15.21,14.29,16.54,10,13.7,10.03,9.11,10,16,13.8,25.9,11.44,15,13.5,15.41,10.7,21.19,13.4,11,,13.95,19.18,22.07,12.6,4.56,27,29,10,2,56,0.617105955,0.8168308786
Kennesaw St.,Liberty,-26,-22.96,,-25.69,-20.67,-14.09,-28.96,-24.59,-19.8,-24,,-26,-20.42,,-30.09,-13.6,-22.71,-19.52,-23,-26.95,-21.09,-41.96,-34.46,-18.3,-20.52,-32.4,-25,-14,-19.5,-22.06,-19,-27.86,-26,-31,-16.75,-16.05,-24.5,,-24,-20.99,-15.49,-27,-24.1,-21.21,-22.9,-72.95,-23.9,-25.5,,-20.45,-23.43,-19.3,-15.1,6.00,24,27,10,3,51,0.5768599851,0.0904135745
Kentucky,Auburn,1,2.84,5.15,3.2,3.48,5.53,-0.85,1.97,6.02,5,3.24,7,1.22,6.18,6.33,11.78,5.62,9.35,-1,11.85,3.38,2.04,8.46,5.74,8.58,8.79,11,2.5,6,5.24,2.47,4.75,2.5,2.3,0.49,13.49,3,4,2.1,14,5.33,5,1.9,8.33,2.2,24.22,2.1,1.5,,7.55,5.56,17.55,0.3,3.62,24,10,10,-14,34,0.6117014726,0.6350188034
Louisiana Tech,UTEP,6.5,4.74,1.24,6.43,14.38,7.35,10.88,5.37,4.62,6,1.36,5.5,5.08,1.18,6.72,5.97,5.83,2.39,7,10.95,12.4,3.66,6.25,7.12,1.23,1.88,-1,7.5,5.8,5.64,5.67,4.12,6.5,10.8,8.93,6.59,7,1,5.7,5.6,8.6,1,5.3,4.6,8.1,-24.23,6.2,6.5,,12.7,3.5,3.9,14.1,3.38,10,14,10,4,24,0.4835360645,0.6402786064
Memphis,Charlotte,17.5,20.07,26.23,25.06,23.81,18.21,20.9,23.39,18.71,19,24.41,21.5,19.13,27.21,21.83,16.36,20.38,17.38,16,16.25,19.77,21.9,23.3,18.92,12.5,26.16,14,9.5,20.7,20.45,18.6,20.58,18.5,24.5,18.19,30.76,19,21,20.4,27.3,28.32,16,20.5,13.51,19.8,10.69,21.5,18,,19.45,10.9,26.24,24.7,4.56,28,33,10,5,61,0.5692110282,0.8913763057
Miami (Fla.),Florida St.,21,16.83,-12.58,8.27,45.7,23.16,23.81,19.91,14.51,29,-5.04,27,13.2,-16.63,14.53,18.35,19.88,20.99,29,22.65,21.32,21.28,19.6,28,27.23,17.87,26,7.5,20.4,20.7,18.12,19.7,21,25.5,21.12,18.46,21,20,18.3,32.9,10.72,29,18.8,30.14,21.2,20.46,18.8,21,,29.75,25.68,31.72,21.3,10.99,14,36,10,22,50,0.4768731799,0.8483894817
Miami (Ohio),Central Mich.,10.5,12.57,18.86,10.81,3.25,12.93,9.72,12.37,14.54,9,18.44,8.5,12.74,19.08,17.49,13.58,14.32,14.94,1,7.75,11.97,16.68,19.9,14.5,17.3,15.17,15,7,14.5,14.5,9.52,13.91,12.5,12.5,10.84,13.26,11,16,20,12.32,18.97,14,20.2,21.62,12.7,38.46,19.7,11.5,,15.2,18.97,16.91,16.2,4.55,7,46,10,39,53,0.5914699276,0.8070773435
Michigan,Michigan St.,4,7.1,39.52,21.06,4.77,5.89,7.51,5.65,8.89,4,41.16,6,7.16,38.62,15.83,1.95,9.66,-2.85,-1,16.55,9.18,0.32,6.44,4.7,-0.75,14.49,8,14,13.7,7.34,10.78,9.02,4,6.8,6.53,15.59,5.5,3,12.9,7.7,14.91,-2,14,-0.99,7.6,-0.55,12.7,4.5,,6.5,0.19,0.25,16.4,9.98,17,24,10,7,41,0.618619923,0.6967883232
Minnesota,Maryland,5,5.13,-5.45,4.22,5.24,4.03,13.52,7.59,4.22,4,-11.41,2.5,5.12,-2.23,1.47,2.71,3.01,5.56,-1,15.55,3.38,9.8,0.38,3.91,-1.96,3.28,-3,-1.5,2.2,3.42,3.02,3.46,4,4.7,4.2,-1.83,5.5,9,4.3,2.1,11.56,1,4.5,-2.95,3.8,-0.21,5,5,,2.9,8,-1.14,1.7,4.81,23,48,10,25,71,0.45225307,0.5719981633
Mississippi,Oklahoma,19,13.11,4.71,11.65,23.03,14.19,19.84,17.64,14.17,10,-2.5,11.5,12.75,8.6,14.47,12.36,14.81,18.4,16,15.95,18.48,17.9,6.91,19.35,17.47,18.33,10,6,15.2,14.9,13.7,11.15,20,24.5,17.76,16.99,19.5,11,12.7,12.6,18.39,20,14.2,20.58,16.8,0.92,14.6,18.5,,16.85,25.02,16.18,16.3,5.33,14,26,10,12,40,0.4012173421,0.8117461682
Mississippi St.,Arkansas,-7,-3.74,5.55,-1.78,-19.63,1.21,-9.37,-3.34,0.14,-8,1.09,-6,-0.98,7.96,-4.38,-8.61,-4.72,-10.12,-12,-7.05,-7.47,-4.71,-8.15,-1.15,-3.42,-7,-4,0.5,-4,-4.54,-5.37,-6.93,-6.5,-7.7,-3.77,1.43,-7,-9,-2.1,-11.9,-5.71,-8,-2.3,-3,-5.4,-12.17,-3,-7,,-10.45,-0.81,-9.06,-9,4.80,58,25,10,-33,83,0.554675006,0.3879709311
Navy,Notre Dame,-14,-13.55,-24.23,-23.86,-9.36,-10.37,-11.26,-17.32,-10.63,-13,-33.88,-16.5,-13.1,-19.04,-17.91,-7.04,-14.92,0.01,1,-23.05,-15.47,-16.17,-4.85,-15.58,-9.96,-16.42,-15,-7,-12.1,-15,-22.31,-12.95,-13,-13,-20.59,-21.71,-13,-15,-25,-3.5,-21.53,-20,-25.4,-11.71,-16.7,15.4,-23.6,-14,,-11.95,-16.34,-5.22,-11.1,7.34,51,14,10,-37,65,0.4790230426,0.1967944341
North Texas,Tulane,-7.5,-8,-13.09,-9.15,-13.53,-8.47,-17.2,-11.08,-8.32,-9,-8.19,-5,-9.59,-15.72,-8.04,-2.12,-9.89,-0.92,-9,-16.75,-8.2,-8.85,-7.71,-14.17,-8.36,-7.98,-7,3,-8.2,-9.3,-10.1,-5.33,-8,-7.1,-12.07,-10,-7.5,-12,-11.9,-9.45,-17.33,-18,-12.1,-12.65,-13.9,-0.41,-11.4,-7.5,,-13.05,-12.3,-8.81,-12.1,4.21,45,37,10,-8,82,0.4421457392,0.2735141532
Ohio,Buffalo,5.5,5.14,19.87,7.16,8.99,0.71,-0.66,4.58,3.52,1,15.11,3,5.82,22.44,10.52,-0.17,5.34,-1.32,-2,2.65,6.87,5.27,14.27,1.98,1.16,5.59,-3,6.5,3.3,5.2,5.91,5.29,6.5,6.9,3.49,8.18,5,4,7.4,1.4,7.75,-3,8.2,0.96,5.2,-1.45,7.8,5.5,,9.6,5.19,-0.75,7.5,5.42,16,47,10,31,63,0.4961950493,0.6248796988
Ohio St.,Nebraska,26,20.56,25.77,29.57,25.78,24.31,20.78,24.75,27.77,14,26.74,16.5,21.66,25.24,32.62,12.25,24.92,23.59,13,25.05,26.77,31.04,12.65,32.32,25.69,26.03,18,14.5,28.6,25.73,23.48,18.2,25.5,23.5,29.6,23.16,24.5,25,28,16.45,33.71,33,28.7,32.81,28.7,-6.64,28.9,26,,27.2,36.28,21.26,27.3,6.31,17,21,10,4,38,0.4747929747,0.9277034844
Old Dominion,Georgia Southern,0,-2.02,4.01,-0.12,2.01,-2.03,-3.81,-0.6,-2.17,-4,3.59,-5.5,-1.28,4.24,-0.15,-5.21,-1.16,-4.14,-8,0.35,-0.46,-1.59,-7.12,-3.79,-5.07,3.52,-8,7.5,-1.5,-1.32,-0.27,-4.62,1,0.7,-1.35,5.69,2.5,0.01,3.2,-10.15,-0.17,-6,3.4,-4.19,-0.3,-3.59,2.7,0,,3.8,-2.71,-7.78,4.2,4.00,19,47,10,28,66,0.4717541415,0.4717541415
Oregon,Illinois,21.5,16.45,27.76,19.47,14.73,14.07,10.41,18.29,18.26,11,34.67,16,16.25,24.04,20.94,11.5,19.15,18.54,6,23.65,23.06,21.57,14.09,17.17,20.57,15.96,14,11.5,25.1,17.78,15.14,17.02,21.5,16,21.1,16.2,21.5,16,25,12.25,27.73,17,26.5,24.41,17.3,1.48,27.7,21.5,,22.5,26.86,19.21,20.5,5.76,9,38,10,29,47,0.4446603718,0.8716104048
Pittsburgh,Syracuse,5.5,5.7,-0.48,8.23,8.62,7.97,6.13,6.53,7.95,10,4.57,6.5,5.53,-3.19,3.76,7.3,6.41,6.29,6,7.05,5.91,2.13,6.33,9.87,6.54,4.41,8,9.5,6,6.38,6.43,5.54,5.5,5,7.57,13.58,5,7,3.9,10.5,0.57,6,3.6,6.28,5.4,18.26,3.4,5.5,,8.1,13.89,12.52,6.6,3.08,13,41,10,28,54,0.5224398665,0.6541025564
San Diego St.,Washington St.,-14.5,-13.66,-8.14,-14.86,-12.93,-15.95,-12.73,-15.12,-13.04,-16,-15.81,-15.5,-12.89,-4.01,-21.27,-12.38,-15.97,-18.4,-15,-12.95,-13.81,-15.26,-15.61,-20.91,-20.76,-15.19,-24,2,-17.3,-15.6,-17.78,-15.32,-14,-18.5,-14.04,-21,-14,-14,-16.8,-27.3,-9.74,-23,-16.5,-24.17,-14.3,-60.23,-15.6,-14.5,,-17.95,-16.8,-29.57,-8.3,5.03,29,26,10,-3,55,0.4648284167,0.1687712554
South Alabama,Louisiana-Monroe,7,6.78,21.34,12.61,7.84,0.54,1.31,5.99,6.54,-1,28.25,3,10.71,17.61,11.13,-4.43,6.42,-2.68,-2,5.65,11.22,6.06,-4.75,3.28,-1.81,2.72,-4,8.5,6.2,6.13,10.49,4.25,7.5,14.5,10.2,13.42,7,7,12.4,-6.65,18.3,-1,12.6,-1.39,12.1,-5.16,12.6,7,,5.45,5.37,-11.09,21.3,7.75,17,46,10,29,63,0.4869040353,0.6418555625
Stanford,Wake Forest,-3,-0.83,-1.08,-1.71,-1.95,0.84,-2.92,-1.91,-2.69,0.25,-2.25,-2,-0.54,-0.44,-3.81,-0.75,-0.5,-0.68,-7,1.65,4.63,-4.45,-0.6,0.59,0.76,-6.14,1,-0.5,-0.3,-0.5,-0.19,-0.6,-3,-2.3,2.5,1.62,-2.5,0.01,2.9,0.7,0.05,-2,2.2,-0.99,0.7,1.15,1.6,-2.5,,-0.5,-2.41,0.07,-2.8,2.22,27,24,10,-3,51,0.5619728832,0.4875571661
TCU,Texas Tech,6,3.59,-0.42,4.54,3.13,3.14,4.75,5.01,2.1,0.25,4.28,-0.5,4.18,-2.94,4.86,1.4,1.5,0.86,-8,-8.05,5.16,2.79,-3.58,2.46,-3.28,-3.2,-7,6,-0.6,2.53,2.59,1.83,6.5,3.8,3.92,2,6.5,6,4,-4.9,6.76,1,4.6,-3.7,5.4,-2.19,4.3,5,,3.95,7.03,0.02,-1.4,4.11,34,35,10,1,69,0.3918814256,0.5364415846
Texas A&M,LSU,1,-0.4,-8.92,-0.9,4.98,2.4,3.4,-2.54,-2.24,4,-6.06,2,-0.42,-10.47,-0.85,1.27,-0.61,-3.92,1,-1.55,3.46,-1.7,-0.92,0.68,-1.32,-7.41,4,0.5,-3.7,-0.56,-0.8,1.27,2.5,3,0.95,-4.19,3,0.01,-1.1,2.8,0.93,-1,0.1,-3.32,0.3,0.97,-0.7,1,,-1.3,1.97,0.38,2.2,3.25,23,38,10,15,61,0.4604241209,0.4849842807
Toledo,Bowling Green,2.5,9.05,9.8,9.64,4.96,9.84,1.8,9.03,9.89,9,7.57,11,7.4,11.01,5.43,11.61,8,10.25,6,4.75,4.58,6.96,16.99,9.52,6.05,16.22,11,6,5.7,7.3,7.92,11.59,2.5,3.3,5.6,4.01,3.5,7,3.2,16.8,5.36,9,2.7,5.17,6.5,11.17,3.9,3.5,,5.3,11.81,15.75,7.2,3.79,41,26,10,-15,67,0.6319464745,0.6880041005
Tulsa,Texas-San Antonio,-9.5,-10.38,-13.63,-7.03,-6.82,-5.94,-2.88,-12,-4.55,-2,-15.06,-3,-12.07,-12.85,-11.83,-3.33,-8.46,0.11,-4,-10.75,-6.89,-8.39,-9.93,-8.54,-3.47,-13.17,-1,-6,-7.5,-8.47,-8.2,-8.95,-8.5,-7,-7.63,-11.93,-8,-9,-10.3,-2.1,-16.88,-10,-12.8,-6.04,-9,-4,-11.6,-9.5,,-23.1,-15.28,-3.33,-11.3,4.61,45,46,10,1,91,0.5250839472,0.304391778
UNLV,Boise St.,-3.5,-1.45,1.55,-3.18,1.89,-1.71,-1.96,-2.05,-4.17,3,-2.18,2.5,-1.14,3.56,-3.72,-2.03,-1.89,-9.52,-2,-0.95,-1.12,-1.72,1.59,-1.16,-3.44,2.08,-2,-2.5,-7.4,-1.74,2.23,-1.77,-3,-3.2,-4.41,-6.58,-3,-5,-1.4,-0.35,-6.03,-1,-3,-4.35,0.2,-19.47,-1.6,-3.5,,-1.55,-4.76,-7.63,1,2.82,29,24,10,-5,53,0.5397689931,0.4533439349
USC,Rutgers,14,12.09,7.74,15.67,14.93,16.7,13.04,13.09,16.53,8,10.29,8.5,12.87,6.36,19.18,8.22,13.53,11.29,3,17.45,17.98,12.34,6.21,19.92,13.26,10.78,11,9.5,16.1,13.46,12.76,11.72,14,14,19.19,13.78,14.5,10,15.1,13.65,17.16,15,16,16.62,15.5,0.15,16,14,,21,19.22,10.94,14.8,4.18,20,42,10,22,62,0.4885790418,0.7950973534
Vanderbilt,Texas,-17.5,-18.7,-31.66,-24.44,-15.46,-14.74,-12.79,-24.32,-17.14,-10,-29.44,-12,-18.3,-32.85,-28.18,-5.1,-18.4,-7.2,-12,-14.45,-19.46,-12.73,-9.13,-20.27,-12.76,-17.04,-12,-13,-22.4,-18.45,-18.78,-17.33,-19,-24.5,-20.25,-19.59,-19,-14,-26,-7.7,-25.32,-15,-27.3,-18.61,-22.3,-0.93,-26.6,-17.5,,-22.3,-22.55,-12.25,-21.5,6.83,27,24,10,-3,51,0.4792333109,0.1435050074
Virginia,North Carolina,3,4.82,-8.94,-0.45,2.46,5.28,10.67,8,4.4,7,-9.46,6,3.08,-8.66,-0.69,7.37,4.29,8.19,2,9.15,3.42,11.97,5.05,5.25,6.32,12.25,6,-2,4,4.73,2.16,4.05,4,4.7,2.37,4.83,5.5,9,3.9,9.1,2.42,4,3.7,6.42,3.1,0.69,4.2,3,,5.45,7.58,15.02,-3.2,4.70,41,14,10,-27,55,0.5310530471,0.6022286882
Virginia Tech,Georgia Tech,10.5,7.14,2.72,3.92,0.64,9.79,3.39,9.34,7.69,5,4.39,3.5,7.23,1.82,3.88,7.42,6.69,11.07,1,8.45,6.72,9.43,1.57,9.78,8.08,8.9,7,7.5,7.6,7.08,4.56,6.01,10,10.5,5.17,9.97,9,8,5.7,8.05,8.72,8,6.1,9.7,7,-0.1,6.3,9.5,,8.15,10.84,7.02,1.4,2.82,6,21,10,15,27,0.4065939996,0.660909786
Western Mich.,Kent,18.5,20.16,18.01,15.98,30.03,17.01,18.15,20.75,16.44,30,16.14,26.5,18.64,19.01,16.96,19.53,20.63,25.88,19,19.15,19.57,22.08,19.07,22.71,19.39,27.29,19,8.5,19.7,19.83,18.16,23.56,17,23.5,21.26,15.51,17,23,21.4,18.06,19.95,24,21.2,24.15,21.8,58.16,20.8,18.5,,17.25,23.4,34.92,14,3.90,21,52,10,31,73,0.5518361217,0.8965309714
Wisconsin,Penn St.,-6.5,-2.52,-13.45,-8.44,-7.93,-0.39,0.02,-2.3,-0.06,-8,-16.99,-6,0.02,-11.54,-11.42,-3.31,-4.65,-1.86,-7,-1.85,-5.58,3.42,-10.77,-0.55,-1.16,-3.34,-7,-3.5,-5.4,-4.42,-5.33,-6.25,-6.5,-7.8,-7.72,-4.42,-6.5,,-4.9,-2.47,-3.96,-4,-4.6,-0.59,-6.2,-36.06,-4.3,-6.5,,-3,3.92,-6.02,-7,4.22,28,13,10,-15,41,0.5448378086,0.3885518171
Wyoming,Utah St.,-2.5,3.91,13.4,6.64,8.32,2.81,-1.05,3.21,6.56,-0.25,11.24,3.5,4.05,14.57,4.42,-1.17,4.69,9.11,-1,6.85,3.7,7.91,6.4,2.23,3.49,8.1,6,1,3.9,4.05,4.64,4.56,-1.5,1.2,2.89,16.17,2.5,,4.4,4.45,5.16,-1,4.6,3.14,3.6,-16.5,4,-1,,-0.5,0.93,6.37,-3.1,3.98,27,25,10,-2,52,0.6697855321,0.6127779996
Akron,Buffalo,-1,0.08,-3.75,-5.4,-9.79,0.04,-3.24,-0.48,-1.82,-4,-4.3,-5,2.3,-3.46,-2.48,-5.29,-2.31,-3.72,-9,-11.45,1.82,0.76,-5.27,-1.53,0.48,0.45,-4,0.01,-2.5,-2.16,-2.39,-1.91,-1,-3.1,-2.22,-2.36,-1,0.01,1.1,-2.1,-1.35,-6,2.8,1.27,-1.3,-1.81,1,-1,29.31,-2.25,-0.26,-2.08,-3.9,3.10,41,30,11,-11,71,0.4677247079,0.4432179427
Appalachian St.,Old Dominion,-3,-1.38,10.15,2.44,-11.49,-8.48,-9.69,-3.88,-3.67,-5,11.47,-2,-2.86,9.44,-4.05,-5.27,-4.76,-10.91,-7,-5.35,0.09,-16.11,5.25,-12.52,-13.06,-10.36,-6,2,-9.6,-4.85,-3.41,1.74,-3,0.9,-5.03,-11.92,2,0.01,-1.3,-7,-1.16,-13,-0.8,-17.82,-4.7,-0.52,-1,-3,-17.75,-8.95,-10.14,-12.22,-1.2,6.90,20,28,11,8,48,0.4595088683,0.3916680569
Arkansas,Mississippi,-7.5,-6.37,-21.34,-10.32,-6.47,-7.83,-3.82,-7.94,-6.04,-5,-14.98,-5,-5.34,-24.78,-15.41,-5.07,-8.94,-6.33,-9,-11.65,-12.69,-3.85,-1.97,-11.86,-9.46,-6.35,-7,-5,-12.2,-8.47,-9.26,-7.06,-7,-9.2,-9.42,-10.67,-7,-3,-9.4,-4.9,-15.71,-13,-9,-11.26,-10.6,-0.48,-9.8,-7.5,-23.05,-7.55,-7.08,-3.53,-10.6,4.57,63,31,11,-32,94,0.4652689557,0.2941957254
Army,Air Force,22,21.58,-6.67,14.58,28.77,28.44,31.64,26.14,20.9,26,-8.11,25,20.36,-5.9,20.18,16.21,25.27,33.54,29,29.05,25.6,24.22,22.2,35.28,31.13,28.48,33,19,24.7,25.3,19.47,21.19,22,24,25.81,34.45,23.5,24,21.6,38.73,22.4,36,23.8,35.71,27.3,39.71,23.2,22.5,36.75,36.45,36.12,42.61,24.2,10.60,3,20,11,17,23,0.5680121398,0.9072313028
Auburn,Vanderbilt,8,7.79,16.68,11.97,1.66,1.18,2.37,9.57,6.22,-2,17.72,-4,9.16,16.12,5.37,-4.63,3.47,-3.88,-5,-2.15,7.41,-1.31,-5.31,1.75,-2.21,2.31,-6,9.5,3.2,3.48,3.76,6.03,7,5.5,4.97,0.42,7,2,8.6,-5.95,9.69,-2,9.7,-1.24,7.1,-2.74,9.6,7.5,-1.75,6.4,9.11,-5.75,8.5,6.53,17,7,11,-10,24,0.3959353265,0.5800943946
Baylor,TCU,3,5.33,-8.23,1.84,6.24,9.36,9.53,6.74,5.6,3,-12.54,3,6.01,-5.91,1.85,5.06,4.7,9.69,4,4.65,3.24,13.95,0.12,9.38,6.09,4.69,6,-2,7.8,5.26,2.89,3.89,3,2.9,2.83,9.17,2.5,7,4.1,5.95,4.51,8,5.2,8.44,3.6,0.79,3.8,3,4.32,6.35,9.02,6.71,3,4.72,34,37,11,3,71,0.5408758616,0.6117070098
Boise St.,San Diego St.,23.5,23.26,16.16,20.06,25.02,24.9,26.44,24.6,22.46,26,19.51,26,21.7,14.35,26.7,18.37,25.96,31.71,19,26.05,28.36,23.7,24.15,30.43,29.9,23.09,32,13.5,28.5,26.15,20.73,26.24,23.5,26.5,26.29,31.1,23.5,24,26,36.75,28.15,32,27.5,33.81,25.8,25.7,26.3,24,29.1,27,28.83,35.89,16.3,4.87,24,56,11,32,80,0.5588838404,0.9410087458
Central Florida,Arizona,6.5,6.63,-10.71,6.27,7.89,10.36,7.79,9.3,9.9,10,-8.78,9,7.1,-11.74,5.82,6.79,5.73,6.15,3,-4.55,9.92,-0.99,0.12,13.59,8.1,-2.84,11,1.5,8.4,6.88,6.96,4.28,6,3.3,9.69,12.03,6,4,2.2,10.5,5.02,4,2.4,10.43,9.3,0.45,3.2,6.5,-5.19,6.4,15.26,10.8,5.9,5.90,12,56,11,44,68,0.4818674699,0.6324490045
Charlotte,Tulane,-14.5,-14.88,-19.62,-20.52,-23.04,-16.33,-21.73,-19.88,-13.38,-16,-14.7,-14.5,-14.48,-22.26,-20.95,-9.29,-17.49,-8.54,-18,-24.45,-16.28,-20.65,-19.49,-18.31,-13.43,-19.13,-14,-4.5,-15.1,-18.41,-17.4,-13.16,-14.5,-22.5,-18.54,-19.51,-16.5,-19,-17.5,-21.35,-23.52,-28,-18.5,-15.43,-19.5,-3.09,-18.6,-15,-0.11,-16.5,-16.39,-14.1,-20.5,4.40,34,3,11,-31,37,0.4279801411,0.1441644638
Clemson,Louisville,10.5,8.83,2.32,9.13,11.19,4.95,9.51,12.46,9.4,9,2.99,5.5,7.27,1.95,6.5,7.03,7.83,9.54,5,8.05,9.47,15.64,8.28,4.61,3.9,18.72,4,4,10.9,7.76,4.06,8.2,10.5,7.3,6.42,3.58,11,13,10.2,5.25,7.46,6,11.5,4.48,6.9,-0.39,11.7,10.5,22.26,10.7,9.48,9.81,13.4,3.59,33,21,11,-12,54,0.4348429055,0.6847817972
Connecticut,Georgia St.,7.5,9.11,-8.9,3.06,19.9,13.52,16.54,9.6,7.47,13,-5.77,12,10.18,-10.58,3.6,12.67,9.22,9.77,14,21.65,7.65,18.12,4.45,12.85,9.14,7.67,12,11,5.7,9.66,8.15,8.46,7.5,6.5,10.2,11.13,7,13,5.8,13.3,7.4,15,6.8,9.71,11.8,0.27,6.4,7.5,21.45,11.1,12.59,7.55,5.7,6.47,27,34,11,7,61,0.539961556,0.7046604842
Eastern Mich.,Toledo,-9.5,-5.8,-16.89,-7.96,-1.99,-6.85,-5.6,-6.62,-4.38,-3,-19.27,-3,-6.02,-15.61,-11.32,-4.99,-7.49,-6.46,-3,-7.55,-7.34,-5.62,-1.46,-8.92,-5.59,-8.32,-5,-5,-6,-6.61,-7,-5.95,-9,-7.9,-6.58,-9.28,-7,-6,-10.6,-6.3,-7.02,-12,-10.4,-8.35,-7.3,-1.59,-9.6,-9,-25.24,-4.7,-12.33,-9.99,-6.6,3.69,29,28,11,-1,57,0.5490744255,0.3229204369
Florida Atlantic,South Florida,-2.5,-3.11,-3.52,-0.92,0.55,-0.59,-11.57,-4.37,1.66,-5,0.24,-2.5,-1.97,-5.54,0.73,-0.9,-2.77,1.44,-3,-3.15,-3.06,-6.75,-11.18,-1.93,-2.62,-6.79,-4,4.5,-0.7,-2.56,-1.18,-3.87,-2.5,-3.3,-1.25,-0.96,-3,-10,-4.7,-2.08,-10.97,-3,-4.8,-1.23,-5.5,3.58,-5.7,-2.5,0.3,1.2,4.56,-4.72,-2.4,3.84,44,21,11,-23,65,0.4934047106,0.4326571811
Florida Intl.,New Mexico St.,9,7.57,-13.29,0.85,9.45,12.48,8.55,9,8.8,8,-14.67,4.5,9.82,-12.53,7.1,6.05,7.66,10.06,7,12.55,18.14,5.56,0.17,17.21,16.03,-0.7,,5,11.1,8,6.29,4.69,9,7.3,12.18,16.14,10,4,5.3,4.91,7.58,10,5.7,21.77,13.9,0.82,6.2,9,31.79,18.5,15.19,11.79,3.1,7.74,13,34,11,21,47,0.469761923,0.6677450789
Florida St.,North Carolina,-2.5,2.12,18,2.04,-18.51,-4.06,3,2.34,-0.09,-7,12.74,-6,2.05,20.82,2.39,-7.17,-0.45,-3.27,-12,5.25,0.19,-6.72,-0.21,-5.18,-4.96,2.14,-4,2.5,-4.6,-0.58,-0.55,1.88,-2.5,-0.6,-1.09,-5.94,-2.5,-2,3.9,-9.45,8.28,-7,4.4,-4.64,1.4,-2.01,4.4,-2.5,-14.83,-2.9,-2.89,-1.25,-6,6.97,35,11,11,-24,46,0.5470626577,0.4896462562
Fresno St.,Hawaii,12,11.34,14.49,16.64,11.51,11.66,10.98,13.21,12.23,9,16.56,12.5,9.95,13.36,20.06,11.14,12.88,10.24,5,12.95,10.78,11.33,20.11,10.52,8.72,15.77,14,10.5,13.7,12.09,13.18,12.17,13.5,12,14.03,10.59,13.5,12,15.2,18.2,12.68,11,16.4,8.48,8.6,4.28,16,12,32.9,11,10.1,11.71,16,3.27,21,20,11,-1,41,0.5216485622,0.7865859044
Georgia,Florida,14.5,11.93,25.57,16.25,13.84,6.45,10.87,11.67,10.48,12,23.69,16,9.22,26.58,17.48,11.61,13.94,11.45,8,14,10.47,17.34,16.88,8.15,9.43,18.92,14,9,13.8,13.65,11.16,16.55,16,23.5,12.44,7.91,17,14,18.2,9.8,17.07,8,19.7,9.84,14.2,2.48,18.4,14.5,16.9,13.05,3.06,15.01,19.7,5.05,20,34,11,14,54,0.4865921319,0.7986391177
Houston,Kansas St.,-13,-12.97,-17.73,-17.89,-26.01,-14.85,-18.07,-14.85,-12.73,-12,-22.62,-16.5,-11.53,-15.1,-18.42,-10.77,-15.96,-13.14,-19,-16.55,-14.79,-19.07,-11.83,-15.83,-15.59,-22.36,-16,-3.5,-16.1,-16.25,-14.42,-14.8,-13.5,-17,-15.22,-17.23,-13,-13,-17.4,-23.8,-18.56,-18,-16.7,-16.4,-14.1,-20.16,-16.7,-13.5,-17.21,-9,-17.51,-16.88,-15.3,3.84,19,24,11,5,43,0.4280950455,0.1642470373
Illinois,Minnesota,-3,1.05,2.11,-1.57,-4.45,-4.17,-1.95,-1.49,-1.45,4,4.52,6,-0.8,0.8,-0.25,5.56,0.23,2.98,1,-1.15,-2.11,-0.4,10.68,-5.91,-0.63,2.83,6,5,-2.9,-0.4,-0.46,4.8,-3,-0.1,-1.63,-4.76,1.5,0.01,-0.4,6.65,-4.85,-8,-0.1,-4.1,-0.4,26.26,-2.5,-2.5,-6.98,-1.5,-7.32,4.55,-0.2,4.21,25,17,11,-8,42,0.577956468,0.5055867045
Iowa,Wisconsin,2.5,4.66,7.91,2.64,5.52,5.47,3.11,5.49,2.56,3,0.59,4,3.62,11.84,1.13,5.02,3.68,5.73,1,4.45,4,3.01,2.44,3.9,2.32,5.91,3,3,3.6,3.2,2.76,5.12,3,4.5,3.15,1.83,4,,4.1,5.6,8.95,1,3.1,3.72,4.4,0.71,3.2,2.5,-6.55,-1.05,1.36,0.63,2.8,2.23,10,42,11,32,52,0.5293387057,0.5907816161
Iowa St.,Texas Tech,13.5,12.98,4.1,12.7,18.62,17.7,18.33,14.32,14.14,23,4.7,17.5,11.87,3.78,15.65,15.1,14.68,14.57,9,10.75,14.13,16.22,12.28,18.48,14.82,13.83,18,9,15.6,15.35,12.98,14.38,13,16.5,13.37,17.17,13.5,17,17.1,17.91,18.5,18,18.5,16.48,14.3,19.12,16.4,13.5,32.82,20.05,18.41,17.64,5.6,4.03,23,22,11,-1,45,0.5287198367,0.8149747662
Liberty,Jacksonville St.,2.5,2.75,14.76,3.34,4.38,-3.53,3.86,0.18,-0.61,5,8.81,9,-1.13,17.96,2.54,3.41,1.78,1.7,1,-2.25,4.26,-7.5,10.73,-6.96,-2.82,-0.71,,4.5,2.2,2.2,-0.43,8.78,2.5,8.4,-3.1,-6.76,1,0.01,3.6,7.35,0.7,-11,3.6,-4.93,0.7,0.45,3.6,2.5,16.7,1.15,-8.49,-1.58,3.8,5.97,31,21,11,-10,52,0.4830683857,0.5417945407
Marshall,Louisiana-Monroe,10.5,12.38,15.6,12.3,9.91,10.88,8.33,11.76,11.8,6,14.03,6.5,14.58,16.44,11.26,7.72,10.32,9.52,1,0.35,12.3,4.98,0.65,13.89,8.82,8.23,7,4,10.4,11.38,9.03,11.93,10.5,16,14.09,13.34,10,10,11.6,10.5,19.37,12,11.5,10.53,11.6,0.46,11.5,10.5,27.17,-4.15,16.31,8.51,15.2,4.90,23,28,11,5,51,0.4956778699,0.7327528095
Miami (Fla.),Duke,21,17.26,0.56,12.21,25.27,18.61,21.81,19.13,14.63,20,2.32,20,15.98,-0.39,15.22,14.23,17.89,16.35,12,21.65,22,16.51,13.43,23.07,19.39,14.12,19,9,20.8,19.26,15.87,18.9,20.5,22.5,20.29,21.98,20.5,17,20.5,17.5,20.11,21,21.8,23.9,22.2,11.73,21.9,21,28.22,27.05,19.78,22.25,19.9,5.89,31,53,11,22,84,0.4271291404,0.8546639945
Michigan,Oregon,-14.5,-10.56,10.67,-2.67,-17.71,-8.76,-7.9,-15.61,-7.35,-12,3.52,-15,-8.51,14.51,-9.96,-9.33,-10.53,-15.67,-14,-7.55,-13.45,-16.92,-12.09,-12.75,-15.7,-10.27,-10,-2,-15.6,-11.64,-8.02,-10.04,-14.5,-17,-11.37,-9.44,-14,-14,-10.4,-6.52,-13.29,-18,-12.7,-17.66,-11.1,-34.3,-11.9,-14.5,-15.35,-14.6,-16.43,-21.21,1.1,6.75,38,17,11,-21,55,0.5910038835,0.2708016991
Michigan St.,Indiana,-7.5,-7.93,5.23,-8.4,-23.56,-13.67,-9.28,-9.43,-9.73,-15,-1.23,-13.5,-7.5,8.71,-10.98,-10.49,-11.21,-11.66,-22,-11.55,-12.21,-12.02,-6.96,-21.82,-15.34,-8.71,-16,-4,-16.9,-11.27,-14.06,-8.34,-7.5,-7.8,-14.51,-18.97,-6.5,-5,-9.1,-13.3,-5.12,-23,-10.2,-18.66,-13.4,-24.78,-9.2,-8,-22.6,-14.4,-15.21,-15.12,-10.4,6.47,47,10,11,-37,57,0.4143343504,0.2565898974
Mississippi St.,Massachusetts,19,23.72,19.77,31.66,-0.29,20.49,23.78,27.79,27.49,14,24.17,11.5,25.45,17.4,24.97,12.4,20.6,13.4,4,29.95,18.14,22.88,19.58,28.03,18.72,21.04,16,5.5,24.3,21.92,23.01,21.49,18,22,22.07,23.09,17.5,29,25,12.6,16.63,23,26.2,23.49,23.3,2.12,24.2,19,9.09,17.55,21.83,20.78,14.3,6.79,20,45,11,25,65,0.536915502,0.883579674
NC St.,Stanford,9.5,10.9,21.09,11.24,11.55,7.05,7.66,11.13,9.67,8,21.25,10.5,10.93,21.01,11.37,8.83,9.71,5.59,6,9.55,10.31,12.11,14.02,6.17,4.18,15.06,7,10.5,4.7,9.89,7.98,11.74,10,9.9,10.51,4.84,10.5,12,8.5,11.55,9.87,3,9.5,5.28,6.8,-0.2,10.2,9.5,1.96,6.1,11.33,6.78,10.4,4.09,28,59,11,31,87,0.5051106261,0.7231907223
Nebraska,UCLA,7,8.91,-4.07,2.06,26.88,8.83,10.93,11.01,4.76,8,-5.33,10,6.23,-3.39,5.03,15.29,7.87,12.08,10,12.45,9.04,7.69,12.42,7.83,7.42,5.68,8,4,12.3,7.92,5.54,10.56,6.5,22.5,6.73,8.36,7.5,8,6.9,15.05,0.4,3,8.7,7.49,7.8,17.28,7.3,7,13.07,8.7,3.52,8.84,2.8,5.78,27,20,11,-7,47,0.5205352601,0.6793352779
Nevada,Colorado St.,-2.5,-2.15,-7.91,2.98,7.87,6.27,-3,-1.02,1.27,0.25,-8.99,-1,-1.29,-7.32,1.35,-0.8,0.18,1.24,-3,7.45,5.43,-1.5,-5.97,7.13,2.37,-6.87,1,-2,1.6,-0.28,1.13,-4.59,-2.5,-2.9,4.77,6.98,0,-4,-2.6,-1.05,-2.31,9,-3.2,5.41,1.8,-1.02,-3.1,-2.5,14.45,7.65,1.96,1.57,-5.6,4.67,38,21,11,-17,59,0.564332705,0.5043396668
New Mexico,Wyoming,7.5,4.18,-13.69,-1.29,4.43,4.93,10.21,6.01,1.3,12,-11.43,11.5,2.77,-14.91,0.19,9.67,4.14,6.23,5,7.55,7.39,6.22,5.1,5.46,5.05,8.85,6,5.5,6,5,3.46,4.16,7.5,4.1,6.9,5.67,6,,1.3,7.35,-2.51,5,2.1,4.9,0.8,18.93,1.6,7,5.22,14.9,7.25,12.09,3.2,5.86,49,45,11,-4,94,0.4212946954,0.5966486417
Oklahoma St.,Arizona St.,-4.5,5.33,18.82,7.57,-8.69,1.59,1.94,5.98,2.58,-3,17.42,2,5.61,19.57,3.45,0.4,2.12,1.75,-5,-3.85,5.11,-0.9,-1.19,0.81,-2.27,-0.81,-2,2.5,0.1,1.84,2.87,4.85,-3,5.3,2.37,1.41,1,4,3.7,-2.86,15.83,-1,3.8,-2.14,2.9,-1.15,3.9,-3.5,-8.32,-6.95,-1.33,-2.23,-5.9,6.09,42,21,11,-21,63,0.6514950696,0.5496152371
Penn St.,Ohio St.,-3,-0.54,0.05,-3.54,1.1,-4.37,-2.29,-2.5,-2.78,4,2.54,3.5,-1.01,-1.29,-2.72,1.58,-1.84,-3.01,-4,-8.55,-4.68,2.72,6.66,-7.27,-3.83,-0.47,-2,-0.5,-6.7,-2.08,-2.59,1.58,-3,-3.4,-4.11,-7.26,-3.5,-2,-0.6,4.02,-4.37,-8,-1.1,-7.47,-5.7,9.4,-2,-3,-5.99,-2.7,-2.15,-0.51,6.8,3.68,20,13,11,-7,33,0.5283768411,0.4550459943
Purdue,Northwestern,2.5,-2.16,-4.52,1.73,-13.99,-5.13,-4.67,0.42,-5.24,-4,-1.24,-4,-3.49,-6.28,-9.14,-5.96,-7.14,-3.98,-8,-16.65,-9.42,-11.56,-5.25,-9.78,-10.7,-3.98,-8,0.01,-6,-5.98,-6.14,-3.84,-1.5,-9.7,-5.12,-9.98,1,-2,-4.9,-6.65,-11.92,-14,-4.2,-16.96,-6.8,-12.62,-4.7,1,-20.2,-10.35,-9.2,-12.12,-4.3,4.46,26,20,11,-6,46,0.2793884785,0.3324943471
Rice,Navy,-11,-7.45,6.05,-11.3,-13.32,-11.48,-17.04,-8.85,-12.8,-14,8.55,-12.5,-5.15,4.7,-14.51,-11.63,-11.61,-18.38,-20,-13.65,-11.69,-14.23,-20.93,-13.17,-16.9,-17.86,-17,1.5,-20.2,-12.65,-6.43,-9.75,-11,-15.5,-6.49,-13.75,-13,-10,-6.1,-22.6,-2.11,-17,-6.7,-18.11,-8.4,-5.66,-7.5,-11,-14.57,-9.9,-9.11,-25.49,-13,7.12,10,24,11,14,34,0.4860167858,0.2523063754
SMU,Pittsburgh,7,5.35,19.33,5.29,-0.31,2.35,6.05,6.04,4.73,2,21.03,10,5.07,18.41,10.69,3.01,6.72,5.35,-3,11.85,7.36,5.71,2.21,2.71,3.16,9.15,1,9,6.2,5.4,5.26,5.35,7.5,6.7,7.74,3.05,7,6,11.1,2.8,15.78,5,12.2,5.54,7.9,-5.21,11.8,7,11.24,5.45,4.08,0.52,2.6,5.00,25,48,11,23,73,0.4932882416,0.6568172523
Sam Houston St.,Louisiana Tech,10,11.78,3.59,8.8,8.77,12.69,6.06,11.99,11.24,14,5.47,16.5,10.4,2.58,6.45,15,12.66,15.47,8,16.35,12.06,13.55,27.33,15.72,16.51,16.53,,3.5,11.4,12.4,9.39,14.11,10,4.8,9.77,15.43,9.5,15,11,19.95,13.07,12,13.4,16.44,11.8,4.84,11.5,10.5,5.45,12.4,14.39,25.95,6.7,5.26,3,9,11,6,12,0.5631882142,0.7754804691
South Alabama,Georgia Southern,6,5.14,9.23,9.41,12.43,1.94,5,6.16,6.31,3,16.58,1,8.08,5.28,12.2,-1.78,4.93,-0.23,4,6.95,5.64,12.06,1.01,4.16,-0.32,7.1,1,10.5,5.9,5.21,8.15,1.72,6.5,3.8,6.6,1.29,5.5,5,9.6,-4.55,3.51,1,10.4,1.23,8.9,-1.26,10.1,6,6.19,9.75,2.97,-11.36,15.8,4.43,34,30,11,-4,64,0.4741186166,0.6175757809
South Carolina,Texas A&M,-3,-1.94,-2.82,-1.49,-3.9,2.05,-3.57,-1.85,-0.25,-5,-5.17,-8,-0.28,-1.55,0.08,-2.28,-1.32,1.1,-6,-1.45,1.95,-2.96,-3.11,3.64,-0.18,-2.56,-4,1,-1,-1.57,-0.31,-4.25,-2.5,-3.5,-1.49,1.85,-3,0.01,-3.1,-0.35,-1.62,2,-4.1,3.08,-0.8,-2.05,-3.6,-3,-2.46,5.4,3.21,-2.82,-2.3,2.75,20,44,11,24,64,0.5415254126,0.4673502825
Syracuse,Virginia Tech,-4,-5,-5.94,-6.84,0.35,-8.44,-6.36,-9.28,-7.14,-3,-11.11,-3,-5.89,-3.16,-7.13,-4.63,-6.74,-6.78,-3,-4.45,-8.94,-13.41,4.61,-12.18,-7.48,-9.04,-2,-5.5,-11.2,-6.82,-5.57,-1.35,-4,-4.2,-7.21,-11.62,-3.5,-8,-7.3,-4.55,-10.67,-15,-6.8,-11.49,-9.1,0.6,-6.8,-4.5,-22.52,-3.15,-11.64,-8.51,-8.8,4.14,31,38,11,7,69,0.4336771408,0.3405931288
Tennessee,Kentucky,17.5,17.04,10.2,20.12,31.55,19.29,23.88,19.56,17.89,15,10.99,15.5,15.22,9.77,17.86,11.3,18.46,16.74,20,11.05,18.32,23.31,18.26,23.98,17.82,21.84,20,9.5,15.4,18.34,21.53,18.35,16.5,19,20.67,23.69,15.5,16,18.2,21,12.53,21,17.6,22.63,20.2,3.41,18.8,17.5,30.68,18.95,23.97,18.32,22.6,4.42,18,28,11,10,46,0.5232301087,0.8687141433
Texas St.,Louisiana-Lafayette,4,4.32,6.35,0.7,6.44,7.76,6.49,4.66,3.45,-2,3.24,-4.5,6.33,8.03,5.65,,4.58,3.88,-1,16.95,7.36,10.3,0.34,8.43,6.72,0.33,,3,5.1,4.73,2.55,2.17,4,2.5,4.41,6.95,4,1,7.2,-3.5,4.56,7,6.9,12.4,4.6,-2.58,6.2,4,24.72,3.55,5.45,-0.65,4.8,4.02,23,17,11,-6,40,0.5141267392,0.6101381735
Texas-San Antonio,Memphis,-7.5,-7.95,-2.44,-8.49,-7.2,-12.37,-14.85,-7.42,-10.41,-16,-0.45,-17,-7.67,-3.52,-12.18,-10.48,-11.64,-11.79,-15,-8.95,-11.19,-14.12,-12.01,-17.14,-15.86,-16.61,-18,4,-15.1,-11.45,-10.09,-10.36,-7,-18,-8.09,-16.14,-7.5,-14,-10.9,-21.35,-5.94,-19,-10.5,-17.09,-11.7,-5.7,-10.7,-8,-17.48,2.7,-8.18,-23.96,-4,5.55,36,44,11,8,80,0.4027643288,0.2444027357
Troy St.,Coastal Carolina,-4,-1.44,11.13,1.05,1.72,-1.27,-1.04,-0.26,0.22,-10,12.84,-8.5,0.58,10.22,-1.46,-8.04,-2.69,-2.85,-10,1.45,-5.47,1.65,-3.22,-4.47,-6.43,-1.7,-11,4,-4.7,-2.28,-1.69,-5.12,-4.5,-7.5,-3.15,-5.42,-4,-4,1.2,-7.17,-3.31,-4,2.5,-5.09,-1.5,-13.53,0.9,-4,-40.07,-0.6,-14.26,-14.62,1.3,5.71,24,38,11,14,62,0.5309504707,0.4366499409
UAB,Tulsa,2.5,5.26,4.75,3.91,-3.78,6.05,1.45,6.22,4.49,3,5.38,1,5.46,4.4,1.3,0.11,3.54,2.36,-4,5.55,6.72,0.73,0.55,9.24,4.94,2.26,5,7.5,1.9,3.79,4.2,4.55,3,-0.7,5.33,6.64,3,2,1.7,2.8,3.68,3,3,6.21,6.2,-13.53,2.5,2.5,-24.03,5.45,9.19,2.81,-4.7,2.88,21,59,11,38,80,0.5256990128,0.586838708
UTEP,Middle Tenn.,3,5.38,-1.7,2.23,9.73,3.71,5.7,7.65,3.11,-0.25,-3,-0.5,5.58,-1.01,3.15,2.24,4.11,11.61,1,5.55,5.12,13.37,0.73,4.83,5.72,5.59,1,0.01,7.1,3.5,2.72,3.5,3,1.8,3.88,4.87,3,8,2.2,2.1,3.15,2,2,7.49,2.7,0.21,2.1,3,12.39,8.7,6.7,5.33,2.7,3.42,20,13,11,-7,33,0.5272500627,0.5999095457
Washington,USC,-2,-3.67,17.77,-2.39,-3.64,-5.7,-8.07,-4.82,-2.41,-3,9.18,0.01,-3.9,22.41,-3.06,-2.23,-1.8,-0.41,-2,-2.45,-5.13,0.59,6.58,-8.21,-6.49,2.5,-1,4,-6.4,-2.9,-3.6,-3.28,-2.5,-2.8,-6.66,-7.47,-3,-2,-0.5,-3.85,-6.56,-10,-2,-8.21,-8.2,0.07,-2,-2,7.37,-2.8,-1.26,-6.54,-3.2,6.23,21,26,11,5,47,0.5046782219,0.4579730755
Western Kentucky,Kennesaw St.,24,27.82,,30.79,20.62,27.05,29.89,32.11,26.01,25,,27.5,26.09,,23.89,18.88,27.71,34.29,18,36.55,27.12,40.03,32.95,30.54,28.52,37.07,,10,25.9,27.5,23.21,28.97,24,27.5,23.16,31.3,23.5,,25.5,30.8,22.76,34,25.5,32.22,27.1,6.06,24.7,24.5,40.62,19.25,29.84,36.14,19,5.72,14,31,11,17,45,0.5870094275,0.9497180288
Air Force,Fresno St.,-9.5,-8.44,5.38,-4.89,-11.65,-10.97,-14.9,-10.73,-5.88,-12,7.2,-14,-7.03,4.41,-9.27,-11.51,-10.26,-14.25,-14,-13.25,-9.81,-10.36,-8.55,-13.9,-13.87,-10.04,-16,-0.5,-10.2,-11,-8.07,-9.23,-10.5,-13.2,-10.54,-14.11,-10,-11,-13.1,-12.25,-11.96,-17,-14.8,-14.88,-10.7,-13.35,-13.7,-9.5,-11,-10.75,-10.21,-13.44,,5.32,28,36,12,8,64,0.4818969152,0.270001189
Arizona St.,Central Florida,3,2.73,-5.46,-0.67,7.43,2.85,1.58,2.51,1.09,7,-11.31,7,0.31,-2.31,-1.31,4.6,2.89,4.17,2,11.45,3,5.18,9.29,0.24,2.51,9.67,3,-0.5,1.4,2.73,-0.04,4.87,3,1.9,3.8,0.85,5.5,2,5.8,9.45,-3.94,3,5.6,1.48,-0.1,0.69,4.6,3,12.22,7.6,-0.6,9.81,,4.33,31,35,12,4,66,0.4973332494,0.5697048284
Ball St.,Miami (Ohio),-11.5,-9.89,-13.73,-9.86,-8.69,-9.29,-11.48,-11.89,-9.15,-6,-10.14,-6,-12.22,-15.66,-13.99,-4.26,-12.42,-6.48,-10,-16.55,-12.77,-11.09,-14.85,-16.34,-10.99,-11.81,-10,-5.5,-12.1,-12.1,-11.13,-7.45,-11.5,-9.7,-14.14,-13.38,-10.5,-13,-16.1,-8.4,-21.58,-18,-16.9,-16.57,-16.2,-1.6,-16.5,-11.5,1.77,-18.85,-23.68,-5.54,,4.25,27,21,12,-6,48,0.4776789792,0.2249066566
Boise St.,Nevada,24,29.11,25.42,23.58,22.32,22.25,27.9,31.54,26.58,31,30.16,32.5,27.89,22.85,28.44,17.99,27.92,32.29,24,20.45,26.22,31.21,28.75,28.34,27.99,36.91,29,17,31.7,28.34,22.96,31.38,24,25.5,24.97,27.9,25.5,33,28.9,37.45,31.73,24,30.4,31.13,28.4,24.78,30,25,33.09,26.5,31.25,27.64,,4.36,21,28,12,7,49,0.5941025798,0.9550508996
Boston College,Syracuse,2,-0.4,5.44,3.91,3.03,2.31,7.18,-0.04,1.41,-2,4.96,-3,0.92,5.71,1.04,-1.74,0.73,-2.04,-4,0.25,2.59,1.12,-4.02,2.83,-1.15,-6.59,-4,2.5,2,1.12,2.35,-2.52,2,-0.9,5.05,2.14,1.5,-2,4.2,-5.25,7.55,-1,2.8,0.93,3.1,-1.12,3.3,2,1.79,-9.25,-0.27,4.19,,3.75,31,37,12,6,68,0.4689718086,0.5178471643
Central Mich.,Bowling Green,-14,-7.11,-7.3,-4.07,-7.05,-9.05,-13.86,-8.12,-6.68,-8,-9.52,-7.5,-8.24,-6.1,-14.91,,-10.43,-10.91,-7,-0.85,-11.91,-17.41,-3.8,-11.31,-15.53,-5.51,-8,-1.5,-12.8,-10.11,-7.19,-6.35,-14,-15.5,-9.33,-12.71,-10,-12,-16.3,-6.4,-10.01,-16,-16.7,-19.89,-10.2,-1.55,-15.8,-13.5,-25.82,-12.6,-10.55,-13.32,,4.53,23,13,12,-10,36,0.5856017547,0.2637667316
Cincinnati,West Va.,5,5.46,-14,1.08,10.2,9.6,-1.16,4.73,10.23,8,-11.39,9.5,5.77,-15.41,4.84,8.72,4.52,7.27,5,-1.85,4.2,3.39,3.24,10.47,10.66,1.97,9,-1.5,8.1,5.46,3.89,6.13,5,6.7,5.04,10.03,3.5,2,-0.5,11.2,-5.47,-2,-0.8,13.29,4.4,0.76,-0.1,5,8.46,8.8,14.77,8.54,,6.68,31,24,12,-7,55,0.4888825,0.6035136474
Coastal Carolina,Appalachian St.,-1.5,-0.99,0.89,1.99,4.95,2.6,2.74,-3.33,1.3,3,0.28,3,-1.62,1.21,1.81,1.78,1.91,-0.34,1,11.85,4.45,-2.86,2.06,3.62,5.39,-7.39,2,4,5.5,2.06,3.64,1.26,-1.5,1.7,2.98,4.17,1,-1,-1.8,2.45,2.93,-2,-4.6,8.33,2.1,-0.53,-2.5,-1,5.86,3.8,-3.07,4.89,,3.45,24,38,12,14,62,0.5831361738,0.5468004034
East Carolina,Florida Atlantic,8,9.92,-1.79,8.26,9.29,8.5,15.76,13.03,8.03,10,2.26,14,8.68,-3.96,7.35,10,8.41,9.64,9,5.75,7.75,14.19,17.63,7.58,6.31,20.2,10,3.5,5.6,8.5,5.95,9.31,8,5.3,7.83,7.26,7.5,11,8.8,8.75,9.28,4,9.3,6.46,7.7,2.26,8.8,8,8.23,10.2,9.8,7.62,,4.41,14,49,12,35,63,0.5099269973,0.6951366548
Georgia Tech,Miami (Fla.),-11,-10.15,0.93,-5.77,-16.25,-11.76,-15.2,-12.06,-9.03,-16,-1.16,-20,-8.26,2.05,-13.01,-9.56,-11.76,-9.56,-16,-9.35,-12.21,-12.38,-11.78,-15.67,-13.91,-15.7,-14,-3,-14.5,-12.38,-11.57,-12.16,-10.5,-15,-10.79,-15.56,-12,-12,-11.9,-12.6,-8.88,-16,-13.1,-16.6,-13.1,-12.51,-12.7,-11,-9.5,-13.65,-10.04,-15.28,,4.63,23,28,12,5,51,0.4816710686,0.2384893187
Hawaii,UNLV,-12.5,-11.54,-11.49,-13.72,-13.38,-13.63,-12.43,-12.56,-8.71,-11,-14.88,-10.5,-11.22,-9.65,-18.57,-9.3,-13.52,-10.09,-14,-16.95,-12.46,-10.5,-15.54,-20.15,-14.77,-7.36,-15,-5.5,-15.8,-13.1,-15.33,-12.7,-13.5,-21,-12.74,-19.42,-14,-8,-12.6,-22.05,-9.29,-19,-12.6,-17.63,-16.5,-3.65,-13.1,-12.5,-5,-13.1,-16.66,-8.43,,3.63,29,27,12,-2,56,0.4750266597,0.2031889235
Indiana,Michigan,14.5,11.77,-37.1,0.41,30.56,17.48,16.62,15.31,12.15,21,-32.28,21.5,11.05,-39.68,5,16.03,12,22.26,20,4.75,12.56,19.68,11.59,25.44,20.97,12.66,16,0.01,15.9,15.4,12.99,10.39,14.5,9.9,16.86,21.2,13.5,12,9.4,15.4,3.83,22,10.1,25.76,15.8,11.78,10,14.5,33.96,21.05,26.29,18.81,,14.78,15,20,12,5,35,0.4541123157,0.7099830739
James Madison,Georgia St.,15.5,17.01,16.67,16.94,24.25,16.25,18.85,17.39,16.5,18,19.18,21.5,16.25,15.31,20.88,15.58,18.77,16.96,19,27.85,20.55,20.4,16.14,18.24,20.21,18.74,18,14.5,19.4,18,16.08,19.27,16,22.5,17.71,17.83,15.5,21,15.1,26.25,11.79,15,15.3,23.29,19.7,2.41,16.4,15.5,33.63,23.35,15.74,17.96,,3.49,7,38,12,31,45,0.5797249258,0.8759224108
Kansas,Iowa St.,-3,-3.49,6.65,-4.61,-3.68,-6.31,-6.51,-2.21,-7.07,-13,5.57,-16.5,-0.37,7.23,-5.56,-9.23,-6.2,-3.26,-11,-14.45,-6.83,2.19,-8.7,-9.37,-10.77,-4.33,-16,1,-9.7,-5.87,-5.87,-8.12,-3,-3.4,-1.89,-7.05,-3.5,-3,-4.6,-17.57,-4.66,-9,-5.3,-9.85,-3.8,-3.07,-4.6,-3.5,-12.53,-11.55,-2.23,-12.72,,5.72,36,45,12,9,81,0.4247889087,0.3566377056
Kent,Ohio,-19.5,-18.05,-25.42,-18.02,-31.8,-13.41,-14.11,-19.99,-14.77,-20,-22.91,-22.5,-17.32,-26.78,-20.2,-13.61,-20.06,-18.45,-21,-18.55,-15.19,-22.96,-25.29,-23.7,-14.78,-25.08,-18,-9,-19.9,-19.9,-19.35,-19.71,-19.5,-25,-19.52,-20.25,-19,-20,-19.7,-12.69,-15.93,-28,-19.9,-21,-19.3,-13.37,-20.1,-19.5,-13.02,-22.85,-27.5,-23.58,,4.46,41,0,12,-41,41,0.4864541228,0.1118912134
LSU,Alabama,-2.5,-1.63,-3,-7.46,-3.66,-6.91,-5.55,-3.55,-2.75,-5,0.85,-4.5,-1.24,-5.07,-1.41,-0.69,-3.44,2.44,-6,3.05,-6.88,-0.15,1.74,-10.09,-3.24,-2.79,-8,0.5,-1.1,-3.24,-5.98,-0.89,-2.5,-3.4,-7.57,-9.25,-3,-1,-1.9,0.35,-4.89,-8,-2.3,-5.39,-7.2,-0.24,-2.4,-2.5,9.8,-5.4,-2.06,-0.31,,3.33,42,13,12,-29,55,0.4768922591,0.4160182426
Louisiana Tech,Jacksonville St.,-10,-9.17,-13.77,-7.94,-2.59,-9.03,-4.59,-10.95,-8.99,-8,-11.93,-9.5,-10.72,-14.76,-9.25,-6.99,-10.2,-5.72,-11,-15.45,-8.03,-10.32,-18.37,-11.25,-9.89,-17.44,-12,-4,-10.4,-10,-8.42,-7.78,-10,-7.7,-9.1,-11.16,-10.5,-11,-10.6,-8.4,-14.45,-17,-12.3,-10.12,-10,-2.35,-11.5,-10,-6.3,-4.95,-14.69,-10.15,,3.62,44,37,12,-7,81,0.4950994709,0.2654968625
Louisiana-Lafayette,Arkansas St.,14.5,12.6,2.49,10.79,18.34,12.93,14.86,13.93,15.23,15,5.11,17,12.43,1.07,13.35,12.76,13.56,14.86,11,7.15,14.34,9.77,11.5,15.37,14.7,15.97,15,9,18.2,13.93,11.17,12.84,16,13.4,12.91,15.62,13.5,13,9.5,20.85,11.31,15,10.5,16.88,15.4,2.38,11.4,14.5,17.34,21.35,20.15,19.85,,4.26,19,55,12,36,74,0.4771954084,0.7953286787
Louisiana-Monroe,Texas St.,-8.5,-6.74,-13.22,-5.85,-7.8,-2.64,-4.49,-6.75,-4.39,1,-13.96,3,-9.12,-12.81,-8.1,2.11,-6.04,0.16,-5,-7.95,-12.83,-1.83,4.2,-5.39,-4.72,0.23,1,-3,-7.7,-6.74,-4.06,-5.58,-7.5,-12.8,-7.11,-5.62,-7,-7,-10.7,1.05,-19.48,-7,-11.6,-8.89,-9.7,1.02,-11.4,-8.5,11.88,-8.4,-5.86,0.26,,5.25,38,17,12,-21,55,0.5584897932,0.3589473123
Memphis,Rice,8,11.3,16.4,17.29,15.08,11.42,11.68,10.25,11.71,12,12.91,16.5,9.39,18.29,16.17,13.8,12.58,7.85,10,19.55,16.25,8.05,20.84,9.63,10.81,13.91,12,5.5,13.6,11.86,10.95,15.26,9.5,15.5,10.24,10.15,11,9,12.1,21.35,11.86,5,11.3,11.62,10.8,1.32,12.6,9,5.04,14.7,3.02,16.74,,4.12,20,27,12,7,47,0.6099856292,0.7784918423
Middle Tenn.,Liberty,-11.5,-9.26,-20.42,-10,-16.68,-4.56,-12.74,-10.44,-5.5,-7,-11.45,-6,-8.82,-25.24,-8.15,-6.06,-9.77,-3.9,-13,-19.95,-12.14,-8.34,-17.9,-6.64,-5.71,-6.04,-6,-5,-13.6,-9.26,-7.51,-10.2,-11,-10.3,-6.44,-6.6,-9.5,-10,-11,-5.95,-15.01,-12,-11.7,-6.9,-11,-0.72,-11.9,-11.5,5.96,-14.55,-3.28,-2.06,,4.77,37,17,12,-20,54,0.5415625514,0.2777881257
Mississippi,Georgia,-2.5,0.96,-5.96,-2.37,7.33,2.99,2.88,2.54,0.04,0.25,-10.95,0.5,2.13,-3.26,-1.93,6.34,0.82,3.02,5,5.75,1.07,-3.13,-4.63,5.13,3.37,-5.52,2,2,2.1,2,4.6,-2.06,-3,-1.2,1.42,3.28,-3,-3,-3.7,1.13,4.42,5,-5.8,5.53,2.4,-1.62,-3.4,-2,-13.57,5.4,5.94,-2.96,,4.10,10,28,12,18,38,0.5802325096,0.519943658
Missouri,Oklahoma,-2.5,1.31,5.65,0.09,4.58,-0.03,4.07,-0.73,-0.27,5,0.6,6,0.53,8.36,2.12,3.91,2.09,2.31,4,0.45,6.79,2.78,7.02,-2.39,0.85,6.38,3,2.5,-0.4,2,0.12,3.83,-3,1.6,3.35,-1.71,2.5,2,1.5,7.35,0.31,-3,2.1,-0.72,0.8,1.05,2.1,-1,7.26,3.05,-3.58,2.72,,2.86,23,30,12,7,53,0.6120056177,0.5515452693
NC St.,Duke,3,2.78,4.04,0.71,-3.42,-1.21,0.57,1.67,1.31,-2,2.62,-5.5,4.05,4.81,-2.27,-0.84,-0.71,-0.78,-5,-0.65,0.16,2.17,-0.92,-2.82,-5.01,2.77,-2,1.5,-1.3,-0.92,-2.46,2.54,3,3,-1.68,-4.43,3.5,3,-1.8,-3.5,4.17,-4,-1.6,-5.53,0,-2.22,-0.3,2.5,-8.47,-1.8,-1.33,-8.52,,2.81,29,19,12,-10,48,0.4089937839,0.482435528
New Mexico St.,Western Kentucky,-18,-18.33,2.58,-15.92,-12.35,-20.11,-20.44,-21.81,-18.77,-20,3.23,-22,-18.34,2.22,-17.5,-12.35,-18.86,-25.04,-20,-21.65,-17.15,-18.36,-23.18,-24.77,-23.65,-26.95,-21,-2.5,-21.2,-20.44,-14.21,-17.9,-18.5,-24.5,-17.02,-25.79,-19.5,-23,-18.7,-23.8,-18.39,-30,-19.5,-26.05,-21.6,-6.74,-19.7,-18,-24.26,-21.15,-25.39,-23.45,,7.37,41,28,12,-13,69,0.4804070704,0.1406340307
North Texas,Army,-4,-2.99,-0.94,-5.29,-12.82,-4.98,-10.62,-3.76,-6.14,-16,1.39,-11.5,-3.28,-2.19,-4.72,-8.28,-6.83,-8.61,-14,-7.65,-5.49,-2.39,-8.91,-9.61,-5.82,-4.8,-6,-4,-12.7,-6.14,-5.55,-2.74,-5.5,-7.3,-4.55,-9.71,-6,-5,-6.9,-13.51,-7.36,-8,-5.9,-7.57,-7.4,-9.46,-5.8,-4.5,-5.54,-11.05,-8.07,-9.82,,3.62,14,3,12,-11,17,0.4310048013,0.3374276573
Notre Dame,Florida St.,26,24.18,-1.09,25.25,47.76,27.41,27.38,30.63,24.69,23,11.58,27,20.81,-7.9,23.71,18.45,25.54,28.4,27,30.85,24.13,34.25,17.47,30.07,26.32,34.77,30,14,29,26.6,24.37,24.78,26,23.5,29.2,30.36,24.5,25,25.6,35.7,21.09,35,27,31.35,26.1,5.29,26.6,26,11.28,28.4,34.06,24.56,,8.95,3,52,12,49,55,0.489932225,0.9194385226
Ohio St.,Purdue,38,34.13,27.17,33.71,54.52,35.93,37.07,38.71,37.44,36,29.32,38.5,31.66,26.01,42.86,19.19,38.68,35.32,30,45.25,41.88,36.37,29.41,43.8,41.19,44.53,45,20,45.1,38.71,35.85,36.65,38,40,41.27,43.1,38.5,36,36.8,42.92,41.15,44,38.7,50.03,41.9,34.96,39.2,38,51.31,49.05,43.47,32.02,,7.68,0,45,12,45,45,0.5153802343,0.9858643898
Oregon,Maryland,24,24.37,19.32,20.38,23.27,17.68,23.21,29.31,22.71,26,22.68,32,21.98,17.51,24.6,16.85,24.62,26.67,16,31.55,24.72,34.73,25.19,20.93,21.13,32.84,23,12,27.7,24.47,19.51,25.45,24.5,25.5,23.54,20.44,24,28,29.2,24.47,31.53,22,31.6,22.55,22.6,31.96,30.2,24,29.46,26.7,28.17,27.03,,4.89,18,39,12,21,57,0.5148868763,0.9308491454
Oregon St.,San Jose St.,3,9.18,10.57,11.35,3.21,6.78,6.45,8.33,8.16,5,13.43,3.5,9.31,9.03,9.26,6.46,6.52,6.45,-2,5.45,5.61,7.21,1.63,7.8,5.61,2.9,4,-0.5,7.2,6.46,6.83,10.6,3,3.2,5.33,5.59,4,8,9.4,6.59,8.43,4,9.7,6.33,7.6,0.71,8.9,4,7.69,2.35,3.64,4.52,,3.25,24,13,12,-11,37,0.5859894134,0.6563007722
Penn St.,Washington,13,13.5,-3.46,13.31,18.09,11.89,11.5,14.58,12.79,13,7.49,14.5,11.73,-9.37,14.56,12.84,12.94,13.85,7,12.35,14.96,15.53,15.97,13.77,13.41,11.24,14,7,14.5,13.85,11.68,15.76,13.5,17.5,17.17,14.75,14,14,12.5,15.05,14.9,12,14.7,14.3,16.3,11.08,14,13,20.62,13.4,13.08,21.09,,4.82,6,35,12,29,41,0.4985572054,0.7822960004
Pittsburgh,Virginia,7.5,12.64,1.39,8.81,22.66,12.62,10.27,11.27,12.96,19,3.65,19.5,12.55,0.17,9.5,13.7,12.46,14.56,12,7.45,8.07,16.9,12.89,14.79,14.18,10.51,18,10.5,9.5,12.52,11.9,15.14,7.5,11.4,10.51,13.87,8,12,8.1,21.1,6.27,12,9.7,14.01,11.8,12.07,9.1,8.5,11.37,16.15,19.88,17.03,,4.79,24,19,12,-5,43,0.6175883829,0.7738245603
Rutgers,Minnesota,-6,-5.31,8.3,-6,-10.57,-8.82,-9.4,-8.52,-9.39,-6,11.89,-7.5,-5.23,6.36,-6.13,-5.81,-6.2,-8.14,-8,-4.15,-1.21,-11.29,-4.35,-11.99,-7.11,-16.41,-10,1.5,-7.7,-6.84,-5.89,-3.76,-6,-6.9,-3.7,-11.53,-5.5,-10,-2.1,-11.9,-6.71,-13,-3.8,-8.14,-5.7,-0.8,-3.2,-6,-1.28,-7.05,-13.66,-1.93,,5.36,19,26,12,7,45,0.4952382136,0.3556816822
San Diego St.,New Mexico,2.5,7.41,4.63,6.82,1.48,6.51,4.17,6.88,10.45,13,6.36,12.5,7.8,3.7,6.06,6.12,6.45,9.29,5,2.15,5.62,7.49,4.52,7.59,7.98,11.92,12,2,4.6,6.52,4.91,8.02,2.5,2.7,4.8,6.52,4.5,8,3.8,7.65,5.99,6,4,8.74,10.1,1.72,5,3.5,0.88,-4,7.2,6.64,,3.08,21,16,12,-5,37,0.5964908478,0.6550086194
South Florida,Navy,-3,2.27,7.28,-3.11,-4.4,-3.27,-3.04,1.94,-3.98,-2,7.02,-3.5,2.7,7.41,-5.99,-4.02,-1.96,-3.42,-9,-8.05,-1.4,0.03,-4.72,-3.89,-4.27,-1.76,-2,-0.5,-7.5,-3.04,-1.49,2.04,-3,-3.2,-0.02,-5.1,-3,5,1.5,-8.75,4.22,-8,1.7,-5.23,-0.5,-1.24,1.6,-3,-7.28,-7.65,-8.23,-2.05,,4.35,28,7,12,-21,35,0.525190711,0.4526056433
Southern Miss.,Marshall,-12.5,-11.62,-5.96,-11.05,-19.27,-15.68,-15.99,-11.74,-12.78,-17,-3.93,-19.5,-11.68,-7.06,-16.63,-12.18,-14.13,-21.17,-18,-11.45,-12.19,-12.16,-14.24,-19.8,-18.42,-13.55,-19,-2,-20.6,-13.55,-13.48,-13.31,-13.5,-17.5,-13.49,-20.16,-13.5,-8,-12.2,-19.95,-9.77,-21,-12.4,-19.25,-14.3,-14.19,-11.9,-12.5,-24.49,-0.25,-17.52,-18.81,,5.07,37,3,12,-34,40,0.461042397,0.1982554875
TCU,Oklahoma St.,10.5,5.54,-4.99,2.9,12.68,4.38,3.09,4.47,8.23,11,3.28,13,6.13,-9.44,8.21,7.81,6.14,8.9,3,2.25,8.65,7.95,5.31,4.93,7.73,11.9,6,9,6.4,6.13,4.85,6.15,11.5,6.7,4,3.69,11,5,4,11.9,0.9,3,4.8,7.78,5.8,1.88,5,9.5,-9.92,11.1,14.61,7.66,,4.29,13,38,12,25,51,0.395449468,0.6455709462
Tennessee,Mississippi St.,24.5,23.65,16.98,24.48,42.76,24.25,30.12,24.47,24,30,20.22,27.5,21.13,15.23,26.07,17.8,26.07,25.09,22,26.55,29.73,25.12,23.03,32.07,25.73,30.46,28,14,27.8,26.2,27.46,27.6,24,27.5,24.35,27.96,24.5,22,25.1,35,26.14,27,24.9,31.62,28.3,14.3,26.2,24.5,13.23,29.3,27.59,23.89,,4.94,14,33,12,19,47,0.5376149876,0.9415557212
Texas,Florida,22.5,14.43,22.98,15.96,27.27,13.69,11.71,15.49,11.79,18,19.11,21,12.03,25.06,19.66,8.36,16.83,9.98,16,24.55,20.33,10.95,20.95,14.78,13,14.68,19,15,14.3,16.06,16.06,17.08,21.5,24.5,20.46,14.04,21,12,19.4,14.55,20.98,13,18.9,14.82,16.2,2.41,18.8,21.5,15.3,24.55,11.55,16.27,,4.41,17,49,12,32,66,0.3653755657,0.8464805266
Texas Tech,Colorado,-4.5,-1.11,10.61,3.36,-5.4,-7.53,-6.55,-2.37,1.37,-1,9.74,2.5,-1.31,11.07,1.36,-3.38,-1.72,-4.25,-4,3.25,1.82,-8.72,-0.09,-6.53,-3.27,-0.35,-1,4,-2,-2,-1.47,-0.3,-4.5,-3.2,-5.01,-7.39,-3,-7,-3.3,-0.7,0.06,-9,-3.2,-4.39,-2,0.2,-2.8,-4.5,-7.45,-6.5,-7.5,-1.95,,4.69,41,27,12,-14,68,0.5666909292,0.4586183904
Tulane,Temple,27,30.14,26.18,28.8,35.85,28.97,33.73,33.8,29.74,29,24.02,32.5,31.11,27.34,32.95,17.91,30.86,25.24,24,34.35,30.27,33.69,25.22,35.46,31.56,34.16,29,11.5,28.1,32.5,29.58,29.3,27,26,33.35,35.2,26,36,32.6,37.1,35.5,34,35.1,37.35,35.6,4.99,33.6,28,39.87,32.75,37.84,27.67,,5.23,6,52,12,46,58,0.5913289556,0.967591798
UAB,Connecticut,-7.5,-2.06,5.68,-1.25,-13.62,-11.27,-8.59,-0.41,-4.06,-10,6.3,-10.5,-3.24,5.33,-4.23,-12.52,-7.03,-5.54,-13,-23.45,-6,-7.29,-7.88,-11.55,-10.29,-1.93,-9,4,-9.8,-7.91,-7.18,-3.01,-6.5,-8,-8.14,-11.78,-5.5,-3,-8.5,-11.55,-6.11,-17,-8.6,-12,-5.9,-2.28,-7.1,-7.5,5.11,-9.75,-7.08,-7.91,,5.82,31,23,12,-8,54,0.5110887633,0.3387774916
UCLA,Iowa,-6.5,-7.12,-0.91,-5.6,-25.78,-10.6,-13.21,-9,-6.61,-6,7.75,-6.5,-7,-5.56,-9.46,-8.03,-7.86,-4.77,-12,-12.05,-4.32,-10.17,-3.4,-12.09,-8.04,-3.89,-6,1.5,-12.1,-7.6,-6.73,-6.84,-6,-7.6,-6.82,-11.94,-5.5,-5,-11.7,-9.45,-11.24,-15,-11.9,-10.46,-9.4,-0.33,-10.7,-6.5,-4.14,-6.55,-9.1,1.43,,4.92,17,20,12,3,37,0.4673890818,0.3181221371
UTEP,Kennesaw St.,4,5.91,,9.68,7.53,4.83,11.1,5.56,4.78,3,,4,6.14,,4.48,5.67,5.56,5,1,12.55,8.57,9.69,2.3,5.33,4.05,3.04,2,6.5,5.2,5.33,6.32,6.38,3.5,6.8,5.24,4.76,4,,6.9,3.15,-2.74,3,5,6.22,5.5,-0.97,5.3,4,-0.53,5.95,11.27,3.46,,2.94,35,43,12,8,78,0.5384883011,0.6347216236
Utah,BYU,-3,-2.96,13.31,1.19,-4.42,-7.21,-9.6,-4.6,-6.55,-11,14.08,-16,-0.07,12.89,-4.19,-10.05,-6.94,-14.2,-11,-8.05,-4.72,-13.12,-13.67,-9.89,-15.22,-17.57,-18,3,-11,-7.21,-5.69,-5.48,-4,-5.1,-3.46,-10.53,-4.5,-11,-0.7,-17.55,-0.13,-14,-0.9,-15.24,-3.2,-31.8,-0.2,-3.5,-21.49,1.15,-9.98,-18.63,,8.17,22,21,12,-1,43,0.4126653942,0.348736122
Vanderbilt,South Carolina,-5.5,-5.67,-10.74,-9.71,-2.04,-6.04,-1.33,-6.57,-8.13,-1,-11.66,1.5,-6.24,-10.24,-11.37,-0.43,-6.11,-2.37,-1,3.85,-5.54,-8.43,0.28,-9.49,-7.13,-1.55,-4,-5,-6.8,-6.57,-5.65,-5.4,-4.5,-3.4,-3.24,-8.96,-4,-7,-8.5,-1.05,-6.67,-11,-8.8,-9.34,-8.2,-0.21,-8.7,-5.5,-23.67,-9.25,-14.61,-5.46,,4.08,28,7,12,-21,35,0.4851570511,0.3546659557
Virginia Tech,Clemson,-6.5,-1.23,-3.87,-6.82,-3.38,0.42,-8.85,-3.02,-4.22,-1,-2.82,2.5,-0.31,-4.44,-3.48,2.57,-2.44,2.98,-5,-4.85,-4.52,-3.65,-3.91,-1.43,0.19,-4.52,-1,3.5,-5.1,-3.02,-2.59,-1.18,-6.5,-7.3,-4.63,-0.26,-5.5,-4,-5.6,-0.7,-1.77,1,-6.7,0.37,-3.5,-0.69,-6.4,-5.5,3.4,-4.45,-0.42,-4.09,,2.99,24,14,12,-10,38,0.5992204095,0.439969927
Wake Forest,California,-7.5,-8,-3.75,-7.15,-14.53,-10.14,-8.62,-11.09,-5.27,-1,-4.17,0.01,-9.7,-3.53,-11.27,-4.26,-8.17,-4.69,-5,-11.45,-7.17,-8.34,-5.27,-14.15,-9.33,-4.01,-3,-2.5,-9.8,-8.57,-8.57,-5.12,-7,-6.7,-8.96,-14.19,-6.5,-9,-13.3,-4.9,-6.49,-17,-14.2,-13.21,-8.7,1.71,-13,-7.5,-9.36,-16.2,-14.15,2.3,,4.27,46,36,12,-10,82,0.4837455874,0.3096057055
Washington St.,Utah St.,20.5,21.81,9.93,21.64,27.33,23.71,22.31,21.34,23,36,19.43,35.5,20.65,4.82,23.02,18.36,24.27,26.06,25,26.25,25.93,23.67,23.92,28.48,27.52,25.99,35,10,26.8,24,25.24,25.95,20.5,26,24.42,27.55,19.5,22,21.6,37.54,13.26,24,21.6,30.5,23.7,17.47,21.3,21,25.44,23.75,24.21,29.21,,6.44,28,49,12,21,77,0.5870864473,0.921707445
Western Mich.,Northern Ill.,-1.5,2.36,-1.37,0.64,-5.52,-0.53,-1.76,2.74,2.89,3,-4.02,2.5,1.24,0.04,-6.17,1.24,-0.53,5.7,-2,-10.35,-2.28,3.89,1.76,-4.85,1.34,9.38,1,-2.5,-1.2,-0.53,-2.31,3.06,-1.5,-2.8,-2.69,-4.68,1,6,0.8,3.5,-5.41,-2,1,-1.9,-2.8,2.24,0.4,-1.5,-7,-8.85,-2.52,1.27,,3.79,42,28,12,-14,70,0.5236961068,0.4870472966
Air Force,Oregon St.,-3,-3.28,-3.54,-7.24,-4.7,-6.58,-4.95,-3.85,-0.76,-7,-9.24,-8.5,-1.23,-0.47,-8.89,-8.62,-5.2,-4.58,-8,-8.45,-8.3,-0.21,-7.61,-7.87,-7.29,1.42,-7,4,-6.7,-6.28,-7.53,-5.64,-3.5,-4.2,-6.46,-7.93,-5,1,-8.3,-5.25,-4.79,-6,-8,-6.98,-6.9,-1.26,-7.2,-3.5,-6.01,-4.5,0.28,-3.08,,3.13,0,28,13,28,28,0.4459257927,0.3739673039
Arizona,Houston,2,-0.38,22.18,2.3,5.09,-1.54,1.85,-2.58,-3.24,-2,24.57,-1.5,-1.72,20.89,3.59,,1.05,-2.3,-1,0.15,10.74,0.24,1.89,-5.19,-2.09,-0.33,-3,8,-1,-0.8,0.45,2.55,1.5,1.8,2.61,-3.98,2.5,-2,0.2,-3.5,6.28,-7,-0.6,-2.74,-1.3,-0.89,-0.1,1.5,4.18,-4.65,-6.76,-3.22,,6.80,3,27,13,24,30,0.4780670951,0.5242389242
Arkansas,Texas,-12,-13.17,-24.71,-14.72,-14.04,-15.69,-10.38,-17.09,-12.71,-16,-21.35,-18,-11.39,-26.52,-22.31,-8.04,-16.14,-8.72,-14,-11.45,-14.57,-12.92,-11.47,-19.27,-15.24,-19.76,-15,-10,-22.9,-15.69,-14.96,-13.74,-13.5,-15,-16,-18.69,-15,-9,-20.8,-12.6,-19.34,-19,-21.4,-18.77,-16.2,-2.28,-20.5,-12.5,-28.57,-18.85,-14.56,-13.57,,4.33,20,10,13,-10,30,0.4006675739,0.1633083123
Auburn,Louisiana-Monroe,24.5,21.32,22.86,29.18,16.79,13.79,19.23,25.35,18.4,7,29.83,3.5,23.74,19.1,20.69,5.54,18.33,11.13,4,21.05,26.38,20.3,2.85,20.9,10.91,18.14,6,9,15.3,19.1,21.42,18.01,24,23,22.48,16.57,24,25,28.2,9.8,31.06,18,29.7,15.79,23.9,0.23,28.1,24,17.58,17.95,26.24,9.44,,8.29,14,48,13,34,62,0.3652126716,0.8469943433
BYU,Kansas,2.5,6.8,-10.53,5.08,6.18,6.67,10.86,6.21,7.08,20,-11.97,26,2.66,-9.74,6.52,14.31,7.63,8.08,11,11.45,5.13,3.14,18.81,6.49,10.92,8.03,18,0.5,8.8,6.8,8.41,11.86,2.5,2.8,4.05,7.69,3.5,8,4.5,21.52,5.65,3,4.5,9.48,4.7,23.54,4.4,3.5,17.51,2.25,6.91,19.38,,7.65,17,13,13,-4,30,0.6145075756,0.6674715952
Bowling Green,Western Mich.,9.5,8.34,12.31,5.32,9.01,8.94,9.74,8.98,6.32,8,14.1,8.5,9.03,11.35,9.42,8.89,9.58,8.96,4,10.95,11.63,13.18,4.17,11.64,8.73,8.71,,7.5,11.1,9.19,9.27,7.73,9.5,7.4,9.78,10.06,7,10,10.4,9.1,12.79,7,10.5,12.02,9.7,-0.22,10.2,9.5,-2.75,15.6,9,8.02,,2.50,13,31,13,18,44,0.5019859148,0.7244497991
Buffalo,Ball St.,3.5,3.25,-2.2,3.61,9.7,4.44,8.25,2.99,5.44,10,-0.82,13,1.85,-2.94,9.11,8.05,5.36,6.62,8,2.45,8.19,0.15,9.79,5.13,6.87,4.92,,5,6.8,5.07,5.81,4.89,3.5,3.1,6.97,3.56,5.5,3,3.7,8.05,3.22,2,3.3,7.67,6.7,1.99,4,3.5,23.32,8.35,4.35,7.09,,3.55,48,51,13,3,99,0.5455166557,0.6291117384
California,Syracuse,10,7.25,7.36,9.11,6.93,7.48,11.77,9.06,8.69,1,11.2,-1,8.39,5.3,11.46,3.97,7.6,4.94,1,9.75,11.65,9.35,1.85,8.53,5.07,7.95,1,8,9,7.95,6.85,5.07,9,5.2,11.44,7.28,6.5,6,13.8,1.4,8.53,7,13.7,8,6.9,-1.88,12.9,10,12.74,9.75,11.43,11.03,,3.67,33,25,13,-8,58,0.4414469779,0.6795551183
Charlotte,South Florida,-2.5,-2.76,-8.51,-4.44,-5.44,-1.48,-6.66,-6.53,1.85,-1,-7.42,1.5,-1.59,-9.08,-3.12,0.11,-1.97,5.61,-4,-3.65,-2.49,-1.45,-6.68,-0.57,2.05,-3.87,3,1.5,-0.8,-2.24,-2.26,-1.33,-3,-3.1,-2.24,-0.82,-3.5,-6,-4.6,1.05,-10.59,-4,-5.1,2.71,-4,1.25,-5.6,-2.5,-6.55,2.55,4.94,4.4,,3.75,59,24,13,-35,83,0.5129596892,0.4519374637
Colorado,Utah,11,8.38,-8.84,-0.72,8.04,12.99,8.05,9.78,9.21,11,-6.82,14.5,6.87,-9.93,8.77,13.07,10.36,16.39,8,16.65,5.36,20.56,13.55,12.6,16.03,25.83,18,2.5,11.8,11.8,6.81,9.3,11.5,11.8,9.82,12.49,9,15,7.1,21,2.01,12,7,17.68,5.8,2.45,6.8,11,10.51,12.8,15.64,15.38,,7.42,24,49,13,25,73,0.4854335546,0.722800135
Colorado St.,Wyoming,9.5,10.74,-10.41,3.9,7.57,11.17,18.04,10.88,9.42,15,-6.73,19,9.81,-12.39,7.79,14.92,9.93,13.46,10,5.65,12.03,11.46,10.69,11.83,11.98,15.68,18,7,12.1,11.03,7.29,12.51,9.5,9,8.47,11.23,10.5,,7,18.55,4.96,12,8.4,12.75,9.4,2.52,8.2,9.5,18.54,7.75,14.48,17.4,,6.55,10,24,13,14,34,0.5099876116,0.7184352981
Florida,LSU,-4,-2.15,-13.8,-3.22,-6.16,-0.76,1.97,-0.89,-3.68,-4,-12.56,-6.5,-1.46,-14.47,-4.5,-0.06,-4.19,-1.42,-6,-2.15,-7.11,-0.97,-8.29,-0.93,-5.23,-1.36,-4,-5,-5.5,-3.68,-3.11,-4.5,-4,-9.5,-2.74,-1.73,-5,1,-3.2,-4.9,-2.8,-7,-2.4,-4.44,-3,-1.42,-2.8,-4,-7.41,-9.5,-0.02,-5.98,,3.65,16,27,13,11,43,0.4953466131,0.3984988424
Georgia,Tennessee,10,7.82,17.52,7.25,-2.96,2.14,-0.08,7.79,7.06,1,17.37,4.5,7.08,17.6,6.69,-0.71,6.5,7.34,-6,7.15,7.27,10.85,4.73,0.83,5.28,9.98,2,4.5,6.6,6.69,1.19,9.49,10,6.9,4.32,3.1,8.5,13,11.8,4.55,10.53,2,14.2,3.78,5,0.62,11.7,9.5,13.13,-0.9,8.51,9.2,,5.18,17,31,13,14,48,0.4169866924,0.651462747
Georgia Southern,Troy St.,8,10.51,-13.43,1.47,5.43,12.68,11.55,10.15,8.4,18,-15.43,22.5,8.89,-12.36,8.11,15.17,9.69,14.62,10,7.95,8.99,10.44,12.25,14.52,15.08,14.29,19,-3,10.9,10.44,6.7,13.4,8,7.3,9.29,14.03,7.5,9,4.4,21.7,8.92,14,4.9,14.41,8.8,3.93,5.1,8,26.22,3.95,20.3,20.71,,8.23,28,20,13,-8,48,0.5376501547,0.7060652594
Georgia St.,Arkansas St.,3,0.81,5.7,3.87,1.84,6.72,2.58,-0.14,6.22,-1,2.31,-2.5,3.29,7.53,2.21,-0.78,2.72,3.52,-6,-2.05,2.19,-2.59,-4.08,9.62,4.87,-3.08,1,1.5,9.1,2.5,3.88,-1.13,3,-0.6,5.19,8.77,-1,-5,2.5,0.7,-1.56,6,1.6,8.57,2.5,-0.54,1.6,3,9.41,5.1,9.17,5.2,,3.99,27,20,13,-7,47,0.4931759869,0.5659898042
Illinois,Michigan St.,2.5,7.89,6.19,6.71,12.56,8.73,10.82,7.8,6.29,8,8.07,8,7.53,5.17,7.42,8.49,6.99,4.26,6,7.35,3.82,5.72,6.7,8.02,5.42,5.48,8,8.5,9.1,7.04,6.48,8.94,3,1.5,6.39,7.04,4,8,6.3,14.35,7.34,4,7.5,5.42,6.7,0.55,5.1,4,-5.99,2.45,3.03,9.62,,2.32,16,38,13,22,54,0.6102150881,0.6684781226
Iowa St.,Cincinnati,7.5,8.82,17.97,11.12,10.04,6.98,7.66,9.57,7.12,8,17.07,11,7.88,18.46,12.4,8.16,9.46,6.31,4,10.15,8.12,4.95,7.03,7.31,6.77,7.53,9,11.5,7.8,8.39,8.39,9.83,9.5,7,7.6,6.56,8.5,4,12.8,10.5,16.79,11,13.1,7.24,9,1.04,11.9,7.5,8.68,10.7,6.8,8.97,,3.35,17,34,13,17,51,0.5480786676,0.7200823783
Jacksonville St.,Florida Intl.,13.5,14.59,19.69,14.43,10.99,11.8,12.92,15.03,14.51,16,22.89,18,14.91,17.95,17.19,12.4,14.38,10.62,10,18.95,13.63,13.33,24.73,11.69,9.37,24.03,15,11.5,10.8,14.43,13.08,15.42,14,6.9,11.98,11.2,14,14,16.6,15.4,16.14,11,16.9,10.17,13.1,1.97,17.2,13.5,17.68,11.65,15.29,14.5,,4.08,31,34,13,3,65,0.5214084434,0.8098445672
Kansas St.,Arizona St.,7.5,8.95,24.47,14.66,8.69,7.33,5.59,8.41,8.5,6,30.89,9,8.31,21.01,13.04,,9.54,7.73,2,7.55,11.21,7.37,5.98,5.63,6.64,10.94,7,7,4.6,8.23,9.25,10.91,8.5,7.6,9.51,6.72,9,8,12,7,15.11,4,11.7,6.66,8.8,1.87,11.6,7.5,3.46,4.4,9.49,8.14,,5.32,24,14,13,-10,38,0.5484861095,0.7155828396
Kennesaw St.,Sam Houston St.,-17,-12.6,,-17.1,-17.84,-14.01,-17.24,-12.45,-10.9,-18,,-22,-11.15,,-14.52,-12.38,-16.29,-14.51,-16,-14.65,-16.42,-20.02,-26.24,-18.67,-16.25,-17.61,-20,-5,-15,-16.25,-13.38,-16.24,-16,-23,-15.01,-18.41,-12.5,,-14.1,-18.25,-7.32,-22,-13.9,-18.1,-15.9,-4.61,-13.3,-17,-24.33,-15.15,-20.72,-21.12,,4.26,23,17,13,-6,40,0.5172275628,0.1608216741
Louisiana-Lafayette,South Alabama,7.5,9.98,-4.27,2.57,3.67,7.07,6.75,10.54,8.52,14,-7.33,18.5,7.45,-2.63,1.1,11.08,7.77,8.69,6,-1.05,8.36,4.85,12.48,4.43,8.97,16.13,12,4.5,8.4,8.18,2.08,12.76,7,8.6,2.35,6.43,7.5,12,5.2,21.7,12.48,1,6.5,8.18,4.9,2.7,6.5,7.5,8.44,11.95,10.73,19.64,,5.78,24,22,13,-2,46,0.5063757429,0.6772185665
Marshall,Coastal Carolina,9,8.49,-3.91,3.78,10.01,10.6,13.56,10.49,8.01,10,-5.33,10,8.77,-3.13,3.81,9.54,7.68,10.17,5,10.45,7.68,11.41,7.11,11.11,8.12,12.89,7,1,7.1,8.01,5.84,7.06,9.5,6.8,7.88,9.98,7.5,6,7.6,12.6,4.24,13,9,8.58,7.7,1.33,7.7,9,1.84,7.9,12.49,7.85,,4.16,19,31,13,12,50,0.4679448421,0.6801067073
Maryland,Rutgers,5.5,2.46,4.8,5.98,4.41,4.4,-5.6,2.38,5.12,2,7.17,5.5,2.33,3.52,5.61,1.97,3.43,0.91,1,1.55,4.35,1.47,1.2,4.81,4.28,6.13,6,7.5,3.5,3.63,4.33,2.61,6,4.5,3.63,4.67,4.5,0.01,1.5,3.15,1.39,-1,2.5,5.76,2.9,-0.21,2,5.5,-10.95,5.75,4.91,0.29,,2.42,31,17,13,-14,48,0.448716659,0.5845686151
Massachusetts,Liberty,-14,-15.36,-29.31,-17.33,-10.08,-8.13,-17.38,-15.58,-15.29,-9,-25.94,-11,-14.53,-31.11,-20.64,-9.6,-14.01,-7.1,-16,-13.25,-11.85,-7.37,-22.41,-10.12,-9.25,-18.19,-11,-6.5,-18,-13.25,-11.93,-18.38,-14,-15.5,-8.17,-9.4,-13.5,-15,-12.7,-9.78,-14.07,-14,-13.5,-9.38,-13,-17.75,-13.8,-14,-20.34,-15.35,-9.03,-7.59,,5.87,35,34,13,-1,69,0.4997642761,0.2038884439
Memphis,UAB,16,16.34,21.52,17.04,21.51,16.1,15.64,15.1,15.24,21,20.33,26,15.33,22.17,20.84,16.49,18.32,13.9,15,15.55,20.5,12.9,26.24,15.37,16.05,21.5,18,5,18.6,17.88,17.47,20.31,14,24.5,16,16.18,14,18,21.9,24.15,23.89,12,21.5,17.69,17.7,2.81,21.6,16,19.97,19.6,13.27,19.71,,4.19,18,53,13,35,71,0.5561834064,0.867741924
Miami (Ohio),Kent,30.5,31.17,34.23,28.46,34.98,26.4,24.09,34.08,25.93,27,31.51,29,31.65,35.69,32.4,19.63,31.32,27.41,22,35.75,28.94,35.84,31.43,36.3,25.97,38.24,,16.5,29.6,31.65,28.85,31.64,30.5,28.5,31.28,33.07,30,36,34.6,23.33,37.95,36,35,33.83,32.3,13.46,34.5,30.5,27.97,32.75,41.21,27.86,,5.07,7,34,13,27,41,0.5196209993,0.9698976517
Navy,Tulane,-7,-6.48,-13.29,-6.08,-8.43,-4.62,-5.01,-9.52,-4.59,-4,-9.2,-4.5,-7.02,-15.49,-7.35,-1.54,-7,-3.82,-5,-11.25,-4.88,-11.52,-0.81,-8.33,-5.21,-5.93,-4,-0.5,-2.4,-7.02,-9.18,-4.62,-7,-3.5,-9.29,-8.81,-6,-11,-7.9,-7,-9.07,-14,-8.2,-7.52,-8.5,-1.86,-7.8,-7,-10.65,-11.6,-8.96,-0.79,,3.47,35,0,13,-35,35,0.5,0.3333049112
New Mexico,Washington St.,-11,-13.97,-10.22,-16.76,-15.03,-14.88,-14.38,-13.55,-14.14,-29,-19.62,-29,-13.04,-5.16,-19.76,-11.29,-16.43,-14.53,-21,-14.95,-17.73,-13.44,-16.55,-18.86,-17.85,-17.4,-24,4.5,-17.2,-16.7,-17.7,-17.56,-11,-23.5,-13.69,-19.07,-13,-13,-16.7,-27.65,-11.65,-19,-16.2,-19.44,-18.8,-15.05,-16.6,-12,-21.91,-9.5,-11.02,-19.82,,5.79,35,38,13,3,73,0.3739753844,0.1654474522
North Carolina,Wake Forest,11,12.25,13.66,12.97,19.91,13.05,6.59,12.9,11.95,11,13.55,12.5,14.16,13.73,14.07,9.55,13.27,11.92,7,15.45,11.65,17.6,13.43,15.85,12.28,14.62,9,10,12.6,12.97,12.33,11.1,11,11.4,12.88,15.84,10,15,13.5,15.05,12.38,15,13.6,15.54,12.1,1.24,12.8,11,-5.47,19.35,18.12,9.31,,2.68,24,31,13,7,55,0.556065785,0.795107233
Northern Ill.,Akron,14.5,17.49,17.58,17.6,30.62,15.33,21.98,18.6,15.23,16,16.66,18,17.22,18.09,15.02,15.6,17.86,17.28,16,19.15,17.77,19.43,15.33,19.93,14.87,16.43,,12,15.2,17.5,17.34,18.56,14.5,18.5,16.99,20.26,17,16,17.4,18.9,25.77,14,16.9,18.31,19.1,2.08,17.9,15.5,5.12,21.4,16.88,18.83,,3.01,16,29,13,13,45,0.5823693992,0.8655067634
Northwestern,Ohio St.,-28.5,-21.83,-15,-28.76,-30.99,-22.09,-25.43,-29.01,-23.17,-19,-20.43,-22.5,-19.41,-12.08,-27.87,-11.91,-23.71,-21.56,-21,-22.35,-25.47,-20.57,-15.23,-31.21,-22.14,-29.49,-24,-10,-31.8,-24,-24.19,-21.24,-28.5,-29.5,-26.61,-27.29,-30.5,-26,-23.6,-22.89,-21.54,-32,-26.2,-26.8,-28,-21.84,-26.1,-28,-25.19,-25.4,-27.61,-23.22,,5.40,31,7,13,-24,38,0.6124335056,0.078677563
Notre Dame,Virginia,21.5,24.54,25.85,27.94,32.24,23.62,26.16,29.14,25.88,21,33.78,24,23.81,21.58,28.45,15.18,25.74,21.07,17,34.45,22.12,34.57,12.74,27.52,21.47,26.91,22,20.5,25.2,25.88,24.6,24.38,22.5,23,27.89,26.48,22.5,21,29.3,22.75,30.54,28,31.4,28.17,28.9,2.19,30.7,22,17.37,27.1,31.79,20.23,,5.14,14,35,13,21,49,0.6002852875,0.9385228842
Ohio,Eastern Mich.,11,11.42,17.49,10.58,9.52,8.24,8.98,12.02,12.4,9,19.67,10.5,12.16,16.32,13.6,8.78,11.52,11.5,3,11.55,8.98,17.13,11.23,10.34,10.52,16.39,,10,9.9,11.21,9.01,11.19,11,7.3,6.99,9.01,8,12,13.5,12.25,6.71,11,14.3,12.43,8.7,2.23,13.5,11,23.86,13.15,17.66,8.17,,3.24,10,35,13,25,45,0.5128023853,0.7614755976
Old Dominion,James Madison,-3,-3.57,-13.18,-7.63,-7.37,-3.36,-6.71,-3.57,-5.46,-5,-14.39,-6,-2.56,-12.53,-9.9,-4.08,-5.77,-2.15,-12,-2.65,-8.35,-1.84,-7.31,-4.86,-6.72,-2.46,-3,-4,-5.6,-5.38,-6.76,-5.38,-3,-5.6,-5.5,-4.78,-4,-5,-3.8,-11.2,-0.61,-9,-3.6,-8.09,-5.5,-1.08,-4,-3,-5.93,-8.2,-5.12,-2.05,,3.15,35,32,13,-3,67,0.432049548,0.3607222835
Pittsburgh,Clemson,-12,-4.77,-15.39,-7.97,-0.22,-3.02,-9.47,-9.37,-6,-1,-14.46,0.01,-4.05,-15.89,-9.23,-0.6,-6.4,-2.9,-1,-3.95,-9.31,-11.1,-0.19,-4.79,-2.88,-13.88,1,1.5,-11,-5.35,-5.04,-2.54,-10,-6.8,-7.3,-4.63,-9,-6,-12.8,-0.35,-14.05,-6,-13.7,-5.35,-8.7,0.28,-13.8,-11,-5.24,-6.95,-4.95,-4.02,,4.98,24,20,13,-4,44,0.6317916014,0.3502342086
Purdue,Penn St.,-29.5,-24.6,-19.57,-26.26,-47.68,-23.31,-28.68,-28.72,-25.43,-28,-24.21,-31,-22.77,-17.07,-35.76,-13.05,-28.46,-24,-26,-27.35,-30.61,-31.8,-23.38,-31.07,-29.33,-31.05,-29,-10.5,-35.6,-28.83,-27.3,-26.29,-28.5,-31,-30.81,-30.45,-27.5,-27,-27.6,-33.6,-28.83,-38,-28.9,-34.89,-29.8,-24.69,-28.6,-29.5,-40.99,-37.35,-33.03,-26.56,,6.30,49,10,13,-39,59,0.5242799221,0.047806234
SMU,Boston College,19,15.47,13.41,14.44,12.57,12.69,9.35,17.5,16.08,16,20.64,20,13.85,9.51,16.97,13.42,16.19,16.2,11,19.15,14.83,16.23,12.32,15.04,15.82,21.52,16,18,16.3,16.2,13.47,16.87,19,21.5,16.92,14.56,14.5,16,16.7,19.46,12.63,14,18.9,17.8,14.6,12.24,18,18.5,25.48,17.75,22.02,20.26,,3.00,28,38,13,10,66,0.4309611702,0.841851258
San Jose St.,Boise St.,-14.5,-13.65,0.35,-10.01,-12.34,-13.9,-15.37,-15.58,-11.21,-17,-0.04,-17.5,-12.97,0.57,-10.47,-9.63,-13.6,-16.78,-13,-17.75,-13.71,-13.11,-4.08,-19.79,-16.5,-12.74,-16,2,-18.5,-14.4,-9.89,-14.85,-13.5,-17,-14.4,-19.61,-14,-16,-12,-20.65,-15.31,-23,-14.1,-19.07,-17.4,-23.2,-13.5,-14.5,-31.6,-13.8,-14.28,-18.96,,5.73,42,21,13,-21,63,0.5212623744,0.2101916112
South Carolina,Missouri,14.5,8.74,-15.94,6.8,5.81,14.61,14.66,12.1,14.24,6,-11.96,7.5,8.99,-18.08,11.58,9.77,9.82,17.82,1,15.85,7.66,20.03,4.37,18.01,13.95,13.08,8,4,13,10.1,7.52,6.11,14,6.9,7.44,17.03,12,14,9.8,6.65,8.22,18,10.9,18.62,10.1,0.06,9.9,14.5,12.24,14.2,23.95,13.21,,8.22,30,34,13,4,64,0.3967453865,0.7085972187
Stanford,Louisville,-20.5,-19.12,-17.71,-19.81,-21.24,-19.94,-22.28,-23.07,-19.01,-21,-18.91,-23.5,-18.59,-17.07,-20.51,-11.15,-21.4,-18.06,-21,-26.25,-19.95,-24.13,-17.11,-26.58,-21.51,-23.39,-22,-9.5,-20.7,-21.8,-22.2,-18.89,-20.5,-24.5,-20.74,-25.57,-19.5,-22,-22.1,-27.65,-20.62,-28,-24,-25.51,-21.8,-3.7,-23.2,-20.5,-24.07,-22.7,-27.36,-18.91,,3.72,35,38,13,3,73,0.4779910561,0.0946851354
Temple,Florida Atlantic,2.5,0.8,-3.9,-2.22,-3.32,2.44,3.88,0.04,2.31,3,-9.33,5.5,0.83,-0.97,-0.18,3.99,1.2,5.36,-1,4.75,-2.76,6.51,8.88,1.2,2.55,6.38,6,0.5,0.9,1,-1.94,1.16,3,1,-3.09,1,1,1,-2.8,5.6,-0.18,-1,-4.2,1.5,-2.2,1.45,-2.7,2.5,16.28,5.3,5.36,2.17,,3.81,15,18,13,3,33,0.4682670502,0.5292965295
Texas A&M,New Mexico St.,39.5,38.43,10.13,39.39,34.26,36.85,40.25,41.78,37.84,36,20.36,36,38.58,4.62,41.22,19.14,37.94,37.05,23,43.85,42.3,46.54,33.19,48.31,41.93,40.27,38,15,40.4,39.85,36.03,39.78,39.5,35,43.18,44.71,39.5,42,47.9,43.69,37.04,44,49.7,49.13,45.7,7.92,47.6,39.5,61.25,39.85,48.09,31.51,,10.07,3,38,13,35,41,0.4669322098,0.9782152303
Texas St.,Southern Miss.,27.5,23.93,13.78,19.85,31.7,23.67,25.22,26.25,23.02,23,14.06,25,24.86,13.63,26.01,18.07,24.87,28.58,22,24.35,28.51,26.14,20.13,28.03,28.08,25.38,24,14.5,32.6,25.38,19.63,23.54,26.5,24,23.04,27.62,26,21,25.6,25.55,26.08,28,27.5,34.22,26.2,13.07,26.3,27.5,26.92,29.9,28.23,23.59,,4.97,3,58,13,55,61,0.4371913249,0.9325403111
Texas-San Antonio,North Texas,1.5,2.11,14.71,2.27,5.82,-4.23,-2.51,1.61,0.15,-3,14.9,-3.5,2.12,14.6,-1.65,-2.97,-0.48,-2.1,-5,-2.75,-0.82,-5.48,0.8,-6.21,-6.85,0.95,-6,3.5,-6.1,-1.1,0.08,2.44,-1,-1.8,0.16,-6.29,-1.5,0.01,1,-3.85,9.21,-8,0.5,-7.95,-1.1,-1.85,0.5,1.5,2.72,11.2,-5.2,-7.85,,5.81,27,48,13,21,75,0.4533747204,0.4886725689
Toledo,Central Mich.,14.5,14.14,19.65,13.33,10.43,14.7,14.71,13.67,13.39,17,19.64,20,13.41,19.66,18.09,14.54,15.87,12.37,10,12.05,17.31,11.73,20.25,15.56,16.47,14.74,,11,14.8,15.34,14.61,16.71,14.5,22,13.89,16.86,14,11,18,19.58,14.47,13,17.1,19.55,14.4,2.77,17.7,14.5,29.72,18.1,15.11,18.56,,3.03,10,37,13,27,47,0.5337767553,0.8369348074
Tulsa,East Carolina,-15,-12.45,4.41,-8.64,-8.38,-15.19,-13.69,-15.38,-11.57,-12,-3.57,-11.5,-14.49,8.71,-13.9,-9.15,-12.7,-8.79,-13,-15.65,-9.89,-16.18,-10.88,-19.55,-14.46,-17.26,,-3.5,-17.7,-13.8,-11.34,-9.85,-15,-16,-11.56,-18.98,-11,-12,-14.2,-8.05,-11.78,-25,-16.5,-18.5,-14.5,-1.11,-14.5,-15,-12.52,-15.55,-23.34,-11.56,,6.08,38,31,13,-7,69,0.5538088698,0.2275201917
UNLV,San Diego St.,21,19.49,15.16,14.83,26.41,20.93,23.57,20.17,14.97,24,14.78,25,18.36,15.36,19.18,17.01,21.51,21.77,16,21.05,23.65,22.03,21.41,26.31,23.51,20.41,24,8.5,21.9,21.9,19.42,22.06,21,23.5,20.15,25.32,19,20,21.7,32.2,19.93,23,22.1,27.42,23.2,5.53,21.7,21,27.09,24.25,22.62,23.05,,4.16,20,41,13,21,61,0.5123964108,0.9050320259
USC,Nebraska,7.5,7.95,14.06,13.44,10.26,9.81,11.87,8.09,9.79,5,15.16,4,9.34,13.46,14.22,3.25,9.87,4.2,1,11.75,9.4,9.75,1.56,11.49,8.26,9.98,5,7,8.3,9.98,10.02,7.08,9.5,7.3,13.7,10.38,9.5,7,14.8,8.75,17.52,11,13.6,11.4,10.6,0.07,13.9,7.5,30.5,14.85,14.05,8.26,,4.13,20,28,13,8,48,0.5574419839,0.7263209832
Utah St.,Hawaii,-2.5,-2.58,7.29,-0.16,-9.43,-4.33,-7.63,-3.85,-3.57,-6,9.23,-5.5,-2.93,6.23,-1.04,-6.53,-3.67,-11.04,-9,,3.95,-8.8,-0.55,-7.84,-7.53,-4.84,-6,6,-8.4,-3.85,-1.65,-1.85,-2.5,-2.2,-1.91,-7.16,-1.5,-7,-0.7,-3.85,-0.91,-11,-1.9,-9.85,-6.2,-1.43,-1.1,-2.5,4.71,-2.9,-5.8,-3.83,,4.83,10,55,13,45,65,0.471891172,0.4124708206
Washington,UCLA,4.5,3.29,22.66,7.3,18.46,4.36,6.09,2.25,3.9,3,13.91,3,3.06,27.38,7.29,5.56,5.78,1.37,4,11.85,8.4,2.18,6.79,3.37,2.08,-1.86,2,6.5,5,4.36,5.07,4.42,4,6.5,5.44,3.59,4.5,-1,10,4.55,3.69,-2,8.7,3.1,3.8,-0.33,7.9,4.5,-4.81,7.65,3.02,0.47,,5.60,19,31,13,12,50,0.5303037074,0.634327896
West Va.,Baylor,-1,2.49,18.98,1.66,-3.01,0.04,4.85,2.06,1.9,4,17.48,3.5,1.54,19.78,3.1,2.41,3.23,2.83,-3,3.25,0.66,1.86,5.54,-1.03,1.79,8.88,2,5.5,1.3,2.41,2.6,3.7,-2.5,-1.9,1.05,-1.7,-1.5,3,4.3,3.85,6.49,-4,4.2,0.95,2.3,0.55,4.4,0,-7.94,-1.9,-2.11,3.65,,4.99,49,35,13,-14,84,0.6003385182,0.5769603371
Western Kentucky,Louisiana Tech,12,17.16,17.54,17.07,8.13,16.01,13.03,16.4,15.71,18,13.23,24,15.29,19.87,14.25,17.04,17.24,23.07,12,20.55,14.51,15.5,30.93,16.88,17.37,23.2,22,3.5,17.3,17.04,13.31,21.56,13.5,17.5,13.03,18.14,12.5,20,16.7,26.6,20.19,14,17.9,16.14,14.7,6.3,16.8,13,13.38,6.9,15.42,23.88,,5.19,12,7,13,-5,19,0.6231397777,0.8490155139
Wisconsin,Oregon,-13.5,-10.84,-18.07,-11.82,-17.77,-7.53,-7.1,-14.84,-8.81,-16,-22.43,-23.5,-8.28,-15.72,-16.14,-9.41,-13.49,-13.06,-14,-15.25,-7.16,-14.08,-18.58,-10.26,-11.87,-22.82,-15,-7,-16.6,-12.88,-12.17,-11.85,-14,-18,-10.1,-10.49,-13.5,,-14.8,-10.09,-15.54,-15,-16,-12.7,-12,-30.52,-15,-13.5,-12.58,-10.55,-10.49,-11.38,,4.09,16,13,13,-3,29,0.5002433664,0.2052741209
Appalachian St.,James Madison,-7.5,-6.09,-5.58,-6.89,-17.76,-10.25,-15.06,-8.06,-8.35,-11,-5.47,-15,-5.78,-5.64,-13.74,-8.08,-11.09,-9.87,-15,-15.65,-7.86,-13.16,-6.24,-14.42,-16.02,-10.83,,-4.5,-17.4,-10.58,-10.26,-5.75,-7,-7,-10.56,-14.34,-7,-11,-7.7,-16.8,-4.37,-17,-7.3,-20.2,-10.6,-1.25,-7.8,-7.5,-14.05,-18.5,-11.42,-12.31,,4.48,20,34,14,14,54,0.4138569053,0.2506953985
Arizona St.,BYU,3,1.57,-1.72,-1.66,2.55,1.75,0.78,2.07,1.85,-1,-1.97,-3,2.59,-1.59,-3.94,-1.06,0.74,1.68,-3,3.25,-0.44,5.58,0.14,1.31,-1.21,6.43,,2,0.4,0.59,-0.64,-0.27,3.5,2.5,2.06,-0.05,3,5,2.6,1.05,-5.11,-2,2.1,-0.4,-0.1,-1.26,2.5,3,0.94,10.65,1.62,-1.32,,2.85,23,28,14,5,51,0.44427769,0.5182986708
Arkansas,Louisiana Tech,23.5,23.23,13.44,29.02,16.55,19.46,23.1,25.67,21.8,17,17.88,18,23.47,11.05,22.22,15.73,22.63,19.59,8,26.25,27.19,27.24,25.1,28.58,21.23,20.8,,4.5,22.8,23.73,25.19,23.48,22,25,23.96,24.23,21,30,29.6,25.2,23.95,24,31.9,25.85,27.1,3.99,29.2,23.5,13.91,15.85,27.06,23.5,,6.04,14,35,14,21,49,0.4795746668,0.9086253467
Arkansas St.,Louisiana-Monroe,3,6.61,14.58,5.1,2.56,-1.84,-0.83,6.52,3.06,3,15.81,5,5.9,13.91,1.77,1.08,3.52,2.87,1,2.85,4.11,4.62,3.29,-3.1,-0.16,8.72,,3,-5.8,3,2.13,7.89,2.5,3.5,1.31,-3.16,4.5,5,6.4,4.9,16.14,-3,6.9,-1.49,2,0.69,6.3,3,12.14,1,-0.62,0.18,,4.83,21,28,14,7,49,0.5124991134,0.5839928939
Auburn,Texas A&M,-2.5,-3,-1.98,-3.32,-4.48,-1.9,-1.8,-0.86,-2.76,-8,-4.21,-14,-0.55,-0.77,-7.02,-7.49,-4.79,-6.05,-6,-0.55,-3,-6.58,-8.32,-2.19,-6.97,-3.76,,0.5,-5.8,-4.07,-4.14,-7.77,-2.5,-3.4,-2.85,-4.72,-2.5,-3,-6.3,-13.65,-3.2,-4,-6.4,-5.35,-3.5,-2.79,-6.1,-2.5,1.52,-1.5,0.56,-13.27,,3.23,41,43,14,2,84,0.4437928473,0.3837361793
Ball St.,Bowling Green,-11,-7.73,-7.27,-6.14,-13.16,-8.79,-14.21,-7.89,-5.45,-12,-6.32,-14.5,-8.75,-7.78,-14.11,-8.44,-11.22,-8.3,-12,-10.05,-15.54,-9.91,-6.18,-13.92,-12.75,-6.73,,-4,-14.9,-12.55,-10.93,-7.86,-12.5,-13.9,-12.96,-12.42,-11.5,-10,-13.1,-11.55,-14.4,-14,-13.3,-15.97,-14.3,-1.64,-12.7,-11,-10.62,-15.95,-12.68,-13.54,,3.33,38,13,14,-25,51,0.4945891969,0.2445541788
Boston College,North Carolina,-2.5,0.41,-4.18,-2.77,0.81,0.65,6.35,2.32,-2.28,2,-7.97,1.5,-1.09,-2.14,-5.92,0.01,-0.63,0.29,-2,0.95,-1.8,-2.83,2.87,0.68,-0.3,2.32,,-3.5,-2.1,-0.25,-0.2,-0.21,-3,-4.1,0.81,0.36,-1,0.01,-1.3,0.35,3.12,-4,-0.8,-0.62,0.6,0.16,-0.5,-2.5,-11.57,-5,-2.31,5.31,,2.66,21,41,14,20,62,0.5462468577,0.4843884334
California,Stanford,14.5,15.18,12.48,15.74,26.02,15.75,13.22,18.7,13.41,9,14.07,10.5,14.86,11.62,20.8,11.9,14.91,10.85,11,18.15,16.87,13.92,11.22,16.4,12.72,13.22,,12.5,14.6,14.63,13.98,13.88,14,15,15.41,15.89,14,10,17.1,15.05,14.66,13,18.5,16.75,13.7,-0.31,17.9,14.5,20,22.45,17.15,9.52,,3.33,21,24,14,3,45,0.5100825992,0.8210003362
Central Mich.,Western Mich.,-6,-2.92,2.46,-1.25,0.04,-2.7,-6.01,-3.31,-3.16,-7,2.03,-8,-2.73,2.7,-5,-4.54,-4.03,-4.61,-5,-1.25,-5.74,-5.15,-3.7,-2.34,-7.84,-3.79,,3,-6.1,-3.75,-0.74,-3.48,-6,-6.7,-2.74,-4.72,-7,-4,-9.3,-3.5,-0.83,-6,-9.2,-8.33,-3.2,-1.65,-9,-6,-1.73,-2.05,-3.54,-8.59,,3.12,14,16,14,2,30,0.5484562823,0.4016467725
Coastal Carolina,Georgia Southern,2.5,0.59,9.95,3.15,1.6,-2.03,-3.08,-0.68,1.28,-1,10.24,-3.5,0.79,9.79,0.54,-1.63,0.47,-1.86,-2,-0.95,0.68,-2.47,0.21,-2.06,-1.88,-1.91,,8,0.7,0.37,1.31,1.24,2.5,2,-1.02,-2.11,3,1,1.1,-3.5,2.19,-6,-0.2,-1.19,0,-0.67,0.7,2,5.62,5.15,0.87,-2.93,,3.50,26,6,14,-20,32,0.4503077661,0.5115334047
Duke,Virginia Tech,-3,-1.2,5.99,-1.35,2.8,-4.23,0.83,-2.04,-0.93,1,4.65,3.5,-2.47,6.72,1.58,-0.01,-1.26,-0.02,1,-2.45,-7.25,-0.32,7.5,-6.3,-3.13,5.18,,-0.5,-7,-1.27,-0.71,0.23,-3,-3.3,-3.16,-6.58,-2.5,1,-2.3,2.44,-5.97,-7,-2.6,-5.47,-5.7,0.7,-3.3,-3,-9.72,-4.5,-3.22,-0.84,,4.01,28,31,14,3,59,0.542318935,0.4693278353
Eastern Mich.,Buffalo,0,1.94,4.93,1.43,5.36,2.56,1.28,1.63,1.01,0.25,-2.01,-2.5,3.21,8.67,2.19,-1.61,1.54,-1.86,-1,1.85,2.55,-1.57,6.08,2.85,0.45,-5.03,,1,2.6,1.53,2.63,0.82,0,1.9,2.48,2.44,2.5,-2,0.7,-0.08,7.7,-2,0.9,1.98,3.7,-1.37,1.3,0,5,5.65,-0.24,-1.35,,2.79,37,20,14,-17,57,0.5380596934,0.5380596934
Florida,Mississippi,-11.5,-8.93,-14.51,-11.32,-22.75,-8.6,-11.28,-12.21,-7.22,-10,-7.64,-14,-7.13,-18.22,-12.76,-4.23,-11.47,-9.69,-16,-14.35,-11.84,-11.19,-11.08,-13.05,-10.57,-8.78,,-5,-13.1,-11.31,-12.83,-9.53,-10,-8.8,-11.34,-12.28,-9,-9,-11.3,-4.2,-15.88,-18,-11.1,-12.32,-13.2,-0.82,-12.1,-11.5,-15.9,-18.65,-10.16,-8.66,,3.65,17,24,14,7,41,0.5007347434,0.240668231
Florida Atlantic,Charlotte,-3,1.04,7.54,5.19,5.61,0.11,-2.35,2.34,0.65,-3,10.21,-7,0.69,6.09,-2.98,-1.25,-0.81,-2.21,-2,-1.45,-1.04,-7.6,-1.93,-2.36,-4.58,-1.2,,5,-2,-1.22,1.29,0.05,-2.5,-3.6,3.05,-1.86,-2.5,-4,1.1,-2.1,2.34,-10,1,-4.19,-0.7,-1.83,1,-3,9.78,1.25,-4.01,-5.93,,4.07,39,27,14,-12,66,0.5531562535,0.4802889557
Fresno St.,Colorado St.,3.5,1.47,11.86,9.61,7.95,2.98,3.2,2.02,3.31,-0.25,10.47,-2.5,1.24,12.6,9.52,-1.37,3.61,-0.76,-2,7.55,6.08,-1.31,1.33,3.29,1.1,-4.85,,5.5,3.8,3.33,4.02,1.01,3.5,4.4,7.96,3.37,-2,-1,7.2,-2.8,7.59,-1,6.8,3.35,4.6,-0.64,7.1,3.5,6.64,6.8,1.5,2.88,,4.37,22,28,14,6,50,0.5026652722,0.586774242
Georgia,Massachusetts,42,47.45,49.17,49.18,35,41.41,49.91,51,48.43,32,56.66,37,45.36,45.13,51.94,19.21,46.31,41.18,23,52.05,43.26,53.4,40.99,54.46,44.11,56.78,,19,50.9,47.73,45.55,52.17,42,41.5,46.58,49.92,41.5,56,54.9,46.9,47.3,48,57.8,51.4,50.6,24.2,54.9,42.5,59.92,39.3,52.25,34.64,,9.17,21,59,14,38,80,0.5929282877,0.9942303324
Georgia Tech,NC St.,8.5,8.27,-2.55,7.36,14.46,9.72,12.57,11.14,7.58,11,-1.46,13,6.88,-3.15,9.06,8.17,9.6,12.02,5,11.35,7.74,10.69,7.31,11.7,11.41,11.51,,4,11,10.65,9.48,7.59,8.5,4.4,10.59,11.63,8.5,10,10.8,16.45,9.72,11,11.4,13.4,10.6,1.8,10.4,8.5,11.8,13.6,11.78,15.75,,4.07,29,30,14,1,59,0.5267579224,0.7209939147
Houston,Baylor,-8.5,-6.99,6.24,-8.53,-17.39,-7.13,-12.72,-9.46,-6.48,-6,5.21,-8.5,-7.31,6.79,-5.25,-5.7,-7.12,-7.75,-14,-11.85,-3.61,-14.97,-0.64,-9.97,-7.73,-10.47,,1.5,-9.2,-7.74,-6.01,-5.76,-8,-4.8,-9.19,-10.54,-7,-8,-7,-14.7,-10.89,-12,-8.1,-9.4,-7.3,-0.75,-7.5,-8.5,-4.98,-3.2,-10.94,-8.1,,5.20,20,10,14,-10,30,0.5329202207,0.3349689354
Jacksonville St.,Sam Houston St.,6,6.88,17.83,5.78,0.97,4.79,5.92,8.69,6.99,0.25,14.11,-1.5,8.88,19.83,7.41,-0.24,5.57,2.17,1,10.85,3.14,7.61,0.78,4.05,1.59,11.14,,8.5,3.3,5.59,5.79,3.7,6,4.4,6.5,3.11,6.5,6,7.5,-1.75,9.95,4,7.3,3.28,5.4,-1.24,7.9,6,-0.47,3.35,6.71,-3.93,,4.53,11,21,14,10,32,0.4896099554,0.6320917554
Kansas,Colorado,-2.5,-0.94,16.26,3.03,-0.36,-4.1,-3.98,-1.74,-0.26,-5,14.91,-9,0.67,16.98,2.45,-5.21,-1.03,-1.88,-8,-4.05,-0.23,-3.09,-2.91,-3.3,-5.21,-2.09,,5,-1.4,-1.95,-1.28,-2.13,-3,-1.9,-1.59,-4.18,-2,-2,-0.9,-7,3.5,-4,-0.5,-4.97,0.5,-0.78,-0.9,-2.5,-7.97,-6,-3.66,-3.79,,5.53,21,37,14,16,58,0.5348411347,0.4755716735
Kansas St.,Cincinnati,8.5,9.36,26.64,12.38,10.18,7.56,8.47,10.3,6.24,7,29.39,10.5,8.32,25.17,12.39,7.17,10.24,5.86,5,10.15,6.29,8.62,8.46,6.92,5.09,14.2,,10,5.5,8.61,10.35,10.39,8.5,4.7,8.47,6.84,9,7,14,13.65,13.09,15,13.3,4.48,8.6,1.16,12.9,8.5,2.88,7.35,7.72,9.19,,5.38,15,41,14,26,56,0.5413422432,0.7293876491
Kennesaw St.,Florida Intl.,-9,-5.91,,-6.82,-10.23,-6.99,-8.96,-7.58,-3.46,-8,,-7.5,-6.42,,-4.74,-7,-7.17,-5.39,-8,-8.75,-9.66,-12.15,-0.63,-9.78,-8.19,-4.99,,-1.5,-7.5,-7.04,-6.12,-5.1,-9,-15,-7.07,-10.07,-8.5,,-4.9,-0.43,-3.11,-13,-4.4,-10.61,-8.7,-0.33,-4.3,-9,-6.02,-6.35,-13.35,-4.15,,3.34,26,27,14,1,53,0.5449085084,0.3292502409
Kent,Akron,-10,-6.59,-1.8,-3.89,-9.27,-5.92,-4.49,-8.24,-3.47,-13,-3.5,-13,-6.37,-0.88,-10.13,-13.49,-8.47,-8.14,-9,-9.05,-10.03,-9.37,-4.41,-11.42,-8.07,-9.21,,-1.5,-12.1,-9.29,-7.69,-6.54,-10,-12.4,-10.36,-9.93,-8.5,-10,-10,0.41,-4.39,-15,-10.7,-11.59,-9.3,-10.84,-9.7,-10,-13.54,-6.65,-12.05,-18.71,,3.66,38,17,14,-21,55,0.5374141829,0.3015514144
LSU,Vanderbilt,7.5,11.63,32.68,15.67,4.37,5.01,1.02,11.4,12.28,5,33.09,5.5,11.18,32.46,17.66,5.02,10.68,4.03,-1,5.75,11.05,4.7,3.95,5.92,7.65,5.39,,13.5,9.9,9.74,9,13.37,7.5,13.6,7.94,5.81,9.5,5,14.5,7.7,12.92,4,14.3,9.58,11.6,0.93,14.8,7.5,16.83,12.15,11.87,8.09,,7.50,17,24,14,7,41,0.5718673303,0.7285137776
Liberty,Western Kentucky,1,0.61,16.09,-0.54,4.7,-4.37,-0.16,-0.95,-1.27,-1,12.61,-3,0.69,17.95,-1.36,-4.24,-0.04,-7.93,-1,-2.15,2.13,-2.67,4.94,-5.96,-4.24,-1.75,,9,-4.7,-1.14,-0.38,1.66,0.5,-2.2,-1.59,-7.44,0,-3,2.1,-4.55,-0.17,-9,2.4,-4.36,0,-1.45,2.6,1,-6.35,17.25,-3.79,-8.06,,6.14,21,38,14,17,59,0.4756394425,0.4990624733
Louisiana-Lafayette,Troy St.,9.5,12.78,-13.57,6.39,9.43,11.38,13.91,12.73,12.11,17,-11.28,22.5,11.81,-14.81,8,14.48,11.54,10.19,14,11.75,15.71,7.74,13.34,13.52,13.81,11.13,,5.5,16.1,12.76,8.27,14.96,10,16.5,11.09,13.31,12,8,9.8,24.15,15.04,12,11.4,14.55,13.4,2.45,11.5,10,14.52,17.95,20.67,19.45,,7.79,30,51,14,21,81,0.5459260409,0.7430123698
Louisville,Pittsburgh,7.5,6.7,20.72,7.68,-1.93,7.73,8.84,6.69,7.01,6,19.12,7.5,6.69,21.59,14.49,4.37,8.63,6.7,1,5.85,8.79,8.29,1.84,7.76,6.23,5.37,,5,8.4,7.61,8.61,7.13,8.5,6.8,9.92,7.66,8,5,14,6.63,15.34,8,13.3,8.75,10.1,0.33,13.3,7.5,5.68,5.7,7.55,6.56,,4.72,9,37,14,28,46,0.5272013801,0.698863597
Maryland,Iowa,-4,-9.41,1.04,-7.11,-10.46,-9.56,-13.92,-11.58,-8.83,-7,9.36,-5.5,-9.8,-3.43,-5.72,-6.78,-8.45,-11.29,-8,-16.05,-7.41,-14.15,-0.8,-11.08,-8.41,-8.33,,3,-9.6,-9.21,-5.95,-8.61,-6.5,-6.7,-9.46,-11.37,-2.5,-9,-11.4,-13.3,-15.12,-16,-11.6,-9.89,-9.9,-1.03,-11.6,-5,-4.34,-4.85,-15.27,-5.54,,5.06,29,13,14,-16,42,0.3946930135,0.3060054822
Miami (Fla.),Wake Forest,24,21.54,13.98,17.88,35.1,23.99,24.13,23.97,17.75,30,16.15,33.5,19.86,12.82,23.07,16.49,24.05,18.24,20,24.75,24.54,20.57,25.4,27.69,24.25,23.44,,13,25.3,24.06,23.47,23.42,25,23,27.27,27.4,23.5,21,28.3,30.45,23.12,23,28.8,29.32,26.2,3.1,28.6,24,27.22,34.7,24.75,22.93,,5.26,14,42,14,28,56,0.5011927526,0.9247957307
Miami (Ohio),Northern Ill.,2,6.35,14.85,7.39,-5.09,4.55,-1.15,6.75,6.48,2,11.35,0.5,7.1,16.72,4.91,0.97,5.06,2.89,-1,7.05,2.78,6.08,10.84,3.92,2.79,10.21,,3.5,2.9,4.01,3.38,5.67,2,2.4,3.39,2.62,3.5,8,8.2,2.82,8.09,2,8.2,3.5,3.9,0.42,7.9,2,-9.08,4.1,6.24,-0.97,,4.11,9,20,14,11,29,0.5740174828,0.6211795785
Michigan,Northwestern,10.5,12.28,30.34,23.1,7.23,9.28,12.42,14.16,13.36,8,31.93,10,11.63,29.48,14.96,6.2,12.85,8.5,4,12.95,10.7,10.49,7.38,10.11,7.67,18.29,,10,12,11.56,12.78,12.35,10.5,12.1,12.08,8.72,13,12,14.9,18.2,10.85,9,16,8.35,11.5,1.5,15.3,10.5,1.3,10.7,10.98,9.51,,6.19,6,50,14,44,56,0.5548440506,0.7746057668
Michigan St.,Purdue,14,11.42,0.44,7.92,20.95,10.15,14.61,12.61,12.16,15,-2.89,18,10.25,2.24,10.74,13.89,13.17,14.01,10,13.55,17.3,14.22,12.63,13.97,15.04,16.24,,4,14.8,13.8,12.2,12.54,13.5,22.5,12.75,14.38,14,14,10.9,17.85,12.01,12,10.5,19.28,13.7,13.28,11,14,13.29,19.7,15.27,18.43,,5.00,17,24,14,7,41,0.4801114829,0.7856361837
Middle Tenn.,New Mexico St.,3.5,3.96,-6.91,4.66,-0.47,5.06,4.68,1.71,6.36,6,-2.07,8.5,4.8,-9.51,6.53,5.66,3.72,3.06,2,2.05,10.06,-3.78,2.01,5.2,4.23,2.62,,7,2,4.95,4.21,5.19,3,5,8.38,4.55,5.5,0.01,5.7,4.9,0.36,-1,5.2,5.24,6.3,0.65,5.8,3.5,6.33,6.6,5.38,6.01,,3.81,36,21,14,-15,57,0.5053762853,0.5901301192
Minnesota,Penn St.,-11.5,-9.16,-17.6,-11.95,-11.55,-4.24,-6.16,-11.27,-8.71,-10,-26.1,-14,-7.46,-13.01,-14.08,-7.35,-10.89,-8.33,-9,-12.85,-8.58,-15.69,-14.43,-7.9,-8.88,-11.33,,-7,-11.8,-10.78,-9.59,-10.55,-11.5,-11.9,-9.85,-7.77,-12,-12,-13.3,-6.3,-8.72,-11,-14,-8.98,-11.1,-10.65,-13.4,-11.5,-15.87,-13.05,-11.46,-9.68,,3.62,26,25,14,-1,51,0.5149421027,0.2518090733
Mississippi St.,Missouri,-8,-9.6,-19.28,-6.22,-20.1,-5.19,-5.87,-8.18,-5.74,-14,-19.54,-14.5,-7.81,-19.13,-8.37,-9.22,-10.86,-11.26,-12,-9.55,-8.46,-10.5,-11.51,-7.74,-10.35,-14.32,,-3.5,-10.6,-10.05,-8.32,-13.86,-7.5,-12.1,-8.15,-7.98,-7.5,-12,-10.1,-21.7,-12.06,-12,-9.7,-9.73,-10,-12.84,-10.1,-8,-17.47,-7.25,-5.95,-12.54,,4.20,39,20,14,-19,59,0.43086503,0.2541883262
Nebraska,Wisconsin,1,0.17,-2.17,-3.31,2.22,-0.65,-1.61,0.73,-2.72,1,-2.09,2,-1.22,-2.21,-2.73,2.92,-1.25,0.7,-1,-4.05,-1.06,-7.52,2.93,-2.18,-0.8,-1.41,,2,0.8,-1.22,-1.46,0.68,2.5,0.5,-1.07,-1.78,2.5,,-3.5,0.01,-5.53,-5,-3.5,-1.42,-0.3,-0.07,-3.2,0.5,-0.39,-1.9,-5.15,0.77,,2.38,25,44,14,19,69,0.4442633661,0.4689651437
Nevada,Air Force,2.5,-0.1,-20.05,-2.19,6.18,9.63,2.66,2.58,-2.17,5,-21.56,8,-1.95,-19.23,5.65,6.63,1.99,3.44,1,6.35,1.2,0.43,0.36,8.27,5.44,-5.1,,-0.5,6.3,2.62,2.12,-1.04,3.5,1.9,8.05,8.64,4.5,-1,0.8,5.07,0.8,11,1.7,6.78,3.8,0.29,1.1,2.5,8.33,6.7,5.87,6.66,,7.00,22,19,14,-3,41,0.4882756772,0.5456543263
North Texas,East Carolina,3,2.74,8.43,1.58,-2.42,4.24,-0.7,0.62,3.49,2,1.69,2.5,2.9,12.06,7.8,3.31,3.58,4.19,-4,3.55,4.55,4.78,1.58,4.64,4.87,-2.72,,5,6.3,3.08,2.62,4.4,3,2.7,2.85,4.22,2.5,1,0.7,3.15,2.34,3,1,6.01,2.9,0.54,2,3,26.27,7.9,5.39,8.94,,2.90,40,28,14,-12,68,0.5143349493,0.5877797382
Notre Dame,Army,14,20.64,25.64,22.51,11.89,17.96,17.46,25.47,19.54,6,36.81,11.5,19.84,19.63,23.51,7.37,18.28,13.17,3,28.55,13.1,28.33,4.77,18.51,14.27,18.66,,3,9.7,19.59,21.59,19.64,14.5,14,17.47,16.28,17,24,26,10.44,22.42,24,26.6,21.6,22.4,-7.42,25.3,14.5,9.89,12.75,19.74,9.34,,7.66,14,49,14,35,63,0.5959291254,0.8501572541
Ohio St.,Indiana,10.5,11.55,31.96,15.65,8.11,7.36,5.1,13.51,11.21,4,30.98,7,10.37,32.48,17.43,4.67,11.12,7.24,-2,6.95,11.12,7.15,7.67,5.78,5.43,10.7,,11.5,13.3,9.85,7.87,12.28,13,19,9.03,6.53,11.5,13,11.1,4.9,19.07,3,12.3,7.18,11.2,8.97,12.8,10.5,1.07,8.15,9.32,10.66,,7.10,15,38,14,23,53,0.5142193715,0.738719959
Oklahoma,Alabama,-14,-10.02,-4.45,-11.96,-15.73,-13.45,-18.96,-14.38,-14.33,-12,0.98,-17.5,-8.33,-7.37,-12.96,-8.4,-12.78,-12.7,-15,-14.85,-9.85,-18.37,-8.89,-17.18,-15.09,-19.08,,-2,-13.1,-13.14,-11.96,-9.52,-13.5,-9.7,-13.17,-17.35,-13,-10,-12.6,-9.8,-10.98,-22,-14.5,-18.81,-14,-1.65,-13.9,-14,-21.08,-13.95,-14.52,-12.4,,4.50,3,24,14,21,27,0.5294705813,0.2193050352
Oklahoma St.,Texas Tech,-4.5,-0.18,7.12,2.05,-9.77,-0.83,1.49,-0.01,-3.98,-8,3.55,-11.5,-0.83,9.05,-2.49,-3.35,-2.96,-5.37,-9,-10.25,-2.23,-6.56,-2.52,-1.49,-7.28,-11.17,,1,-7.2,-2.36,-0.53,-0.08,-3,-2.9,0.31,-1.14,-4,-2,0.01,-10.77,5.57,-6,-0.7,-7.11,-0.5,-1.86,-0.7,-4.5,-5.06,-5.1,-4.97,-3.85,,5.00,56,48,14,-8,104,0.5368636234,0.4294164469
Old Dominion,Marshall,3,0.91,3.07,-0.55,-1.65,1.5,-2.38,1.14,1.74,-2,3.78,-3.5,2.44,2.68,0.15,-2.39,1.39,2.48,-7,3.45,1.92,3.68,-6.35,1.97,1.78,1.88,,5.5,4.5,1.94,-0.44,-1.02,2,2.4,0.05,1.29,1.5,-4,3.8,-5.95,2.62,2,4.1,4.56,1.7,-0.8,3.9,3,-1.75,7.9,2.32,3.47,,3.35,42,35,14,-7,77,0.4604760658,0.5341373946
Oregon St.,Washington St.,-11,-8.67,11.29,-3.36,-9.1,-7.65,-8.55,-9.52,-6.85,-14,9.44,-18,-9.26,12.29,-3.97,-7.28,-8.8,-9.69,-15,-11.45,-9.86,-12.86,-3.94,-12.32,-12.05,-13.97,,1,-10.8,-9.54,-8.21,-8.9,-12.5,-16.5,-9.55,-13.35,-12.5,-11,-7,-19.95,-4.87,-15,-7,-13.36,-9.2,-3.66,-7.5,-11,1.37,-10,-15.12,-16.55,,6.84,38,41,14,3,79,0.550640625,0.3053339873
Rutgers,Illinois,2,1.12,8.74,-0.31,-0.1,0.48,-3.82,0.99,-0.33,-2,9.92,-2,1.84,8.11,-2.52,-0.68,0.44,0.08,-5,-1.45,1.91,-2.27,0.15,-0.98,0.39,-0.93,,-0.5,1.6,0.04,0.9,0.29,-1,-0.3,1.29,-0.75,1.5,-1,2.7,-5.95,-2.86,-2,1.7,1.7,0.01,-0.88,3.7,2,-7.85,1.5,-0.15,1.17,,3.03,38,31,14,-7,69,0.46155112,0.5108600574
San Jose St.,UNLV,-7.5,-9.26,1.35,-4.49,-9.76,-8.85,-13.34,-10.63,-3.67,-11,4.69,-11.5,-9.12,-0.44,-7.31,-6.27,-8.42,-7.42,-11,-9.05,-10.63,-9.3,-1.15,-14.33,-11.17,-5.53,,7,-9.2,-9.23,-7.87,-9.66,-8,-10.2,-8.92,-13.73,-7.5,-8,-8.6,-16.45,-9.43,-16,-9.5,-13.36,-13.9,-2.83,-9.7,-7.5,-18.83,-4.2,-8.8,-10.7,,4.95,27,16,14,-11,43,0.4779394075,0.306304637
South Florida,Tulsa,17.5,19.42,11.1,12.52,13.12,19.33,21.11,20.06,16.09,20,11.27,20,21.1,10.99,12.3,14.32,19.17,15.98,10,24.15,18.23,21.68,17.41,25.1,21.19,18.99,,8.5,24.1,20,16.89,19.15,17.5,21.5,19.81,23.71,15.5,21,22.4,16.27,24.87,21,24,25.47,22.2,1.63,23.3,17.5,5.15,18.7,24.97,21.38,,4.62,30,63,14,33,93,0.5402309379,0.8768863322
Southern Miss.,South Alabama,-23.5,-16.91,-11.7,-19.4,-27.9,-15.03,-20.16,-20.68,-17.61,-20,-18.15,-20.5,-19.36,-8.23,-24.31,-11.46,-19.5,-20.66,-22,-27.15,-17.86,-25.89,-14.5,-22.79,-19.18,-22.3,,-9.5,-23.2,-19.82,-19.64,-13.67,-21.5,-16.5,-20.41,-20.63,-22.5,-19,-22.1,-13.36,-16.35,-30,-23.5,-23.07,-22,-12.02,-22.5,-23,-24.64,-17.55,-24.28,-15.07,,4.77,35,14,14,-21,49,0.5953375038,0.1197330101
Syracuse,Connecticut,10.5,13.77,12.65,12.37,4.98,8.53,6.41,15.4,10.31,10,12,11.5,12.27,12.98,12.37,8.87,11.72,13.25,1,11.25,11.13,13.9,12.61,10.03,11.25,16.82,,3,11.9,11.95,12.28,15.11,10.5,8,7.02,9.69,10.5,22,14.5,17.15,12.44,9,15,12.52,11.3,2.14,14.9,10.5,22.18,11.15,11.11,12.64,,3.64,24,31,14,7,55,0.5298549889,0.7641089594
TCU,Arizona,10.5,10.35,-9.99,11.68,11.92,8.72,10.49,13.19,12.43,12,-7.04,15,10.42,-11.57,12.57,9.09,9.15,8.09,6,12.35,11.26,6.79,4.72,12.02,9.27,8.51,,4.5,9.1,10.38,8.25,8.54,11.5,7.9,11.54,11.09,11.5,6,9,15.4,9.69,11,9.3,10.95,11.2,0.96,9.8,10.5,14.67,13.45,16.75,14.25,,5.70,28,49,14,21,77,0.4681041743,0.7062521226
Tennessee,UTEP,40.5,38.55,29.56,42.71,38.01,39.02,42.41,42.5,38.24,31,32.9,33.5,37.61,27.77,44.13,19.15,40,34.39,25,45.65,40.55,46.57,41.05,52.21,38.35,43.15,,16,42,42,44.05,40.25,41.5,37,42.56,46.32,42,42,47.2,43.94,42.32,44,48.8,47.73,47.9,6.28,47.5,40.5,52.41,37.85,45.05,32.33,,7.55,0,56,14,56,56,0.4886541196,0.9885619984
Texas,Kentucky,20,20.88,20.03,21.11,26.28,20.02,21.42,24.06,19.25,18,18.68,24.5,18.18,20.75,23.41,15.62,22.34,19.18,18,22.65,18.56,25.09,25.38,23.24,19.75,25.96,,15,21.6,21.95,21.89,22.92,20.5,23.5,25.47,21.62,19.5,16,28.2,24.85,22.56,22,28.3,22.89,21.6,3.3,27.8,20,20.36,23.5,27.2,21.08,,3.55,14,31,14,17,45,0.5571920623,0.9151819422
Texas St.,Georgia St.,21,21.2,3.14,12.92,26.87,19.46,23.33,24.23,17.73,19,6.04,21,22.1,1.57,12.51,16.03,19.2,17.95,19,28.15,19.66,24.6,13.53,22.35,20.31,23.35,,12,24.2,20.21,15.03,19.94,20,15,18.22,20.35,19.5,24,18.2,23.1,20.72,22,20.1,24.73,21.9,1.57,20,21,28.49,20.8,22.83,18.92,,5.87,52,44,14,-8,96,0.4576529804,0.8716829407
Texas-San Antonio,Temple,17,18.69,22.7,16.64,20.05,10.99,13.32,20.99,15,12,25.63,13,19.76,21.12,14.35,10.73,16.04,13.08,9,19.65,21.07,18.64,12.13,12.63,9.19,21.32,,10.5,9.7,14.72,14.43,17.48,16.5,13.7,16.64,11.46,17,20,19.7,9.78,23.6,13,21.3,11.59,16,0.5,20.6,17,21.71,27.35,14.2,13.63,,4.84,27,51,14,24,78,0.4769358664,0.8331032527
Toledo,Ohio,1.5,2.87,7.05,3.83,0.73,5.25,5.18,1.38,0.87,3,7.25,5,2.18,6.94,2.19,4.47,2.98,1.25,1,0.35,7.05,-4.18,2.12,4.3,0.96,-1.33,,4.5,2.3,2.94,4.41,4.86,1.5,3.3,4.41,4.87,3,0.01,2.2,4.55,7.83,-3,1,1.31,4.4,-0.32,1.2,1.5,6.79,-1.2,-0.26,10.32,,2.68,24,7,14,-17,31,0.5366234404,0.5734261335
UAB,Rice,-6.5,-4.17,-2.57,-1.34,-5.46,-3.51,-2.42,-5.73,-1.98,-3,-4.87,-4,-5.37,-1.33,-3.93,-2.6,-5.07,-4.97,-6,-8.25,-5.33,-4.54,-1.18,-5.06,-4.87,-9.45,,3,-5.1,-5.02,-5.4,-2.53,-6.5,-7.2,-6.2,-5.75,-6.5,-9,-9.9,-2.5,-10.77,-10,-10.7,-6.07,-6.4,-0.92,-9.4,-6.5,-7.59,-3.6,-6.73,-2.12,,2.94,14,40,14,26,54,0.5352900247,0.3767463106
UCLA,USC,-4.5,-4.18,-2.34,-6.23,-21.33,-7.38,-9.64,-4.72,-3.43,-3,-2.18,-1.5,-4.28,-2.42,-9.54,-4.66,-5.99,0.06,-7,-4.75,-8.73,-0.64,-1.8,-9.32,-6.16,2.81,,-1.5,-12.7,-6.02,-6.61,-4.46,-4.5,-7.5,-9.41,-9.2,-5.5,1,-10.8,-7.35,-6.4,-9,-10.5,-8.38,-9,0.4,-10,-4.5,0.12,-10.95,-3.49,-2.97,,4.33,19,13,14,-6,32,0.463926046,0.3579240035
Utah,Iowa St.,-6.5,-3.93,4.33,-3.74,-4.21,-7.51,-6.54,-4.87,-7.14,-9,2.58,-14,-2.9,5.28,-6.63,-7.91,-6.75,-6.46,-8,-8.35,-6.03,-7.79,-7.34,-9.09,-11.83,-11.36,,-2.5,-10.6,-6.58,-6.04,-4.98,-7.5,-4.4,-4.8,-8.8,-5,-6,-4.4,-14.35,-4.94,-12,-5.2,-12.9,-5.6,-1.84,-3.9,-6.5,-12.97,-10.65,-7.25,-7.97,,4.27,31,28,14,-3,59,0.4939334647,0.3406856284
Utah St.,San Diego St.,5.5,6.46,5.86,2.13,5.28,1.96,5.57,5.03,4.77,5,4.03,5.5,8.46,6.84,-0.76,4.53,4.94,5.2,-1,8.55,3.89,7.43,2.32,4.16,3.86,8.71,,5.5,3.5,5.24,2.43,6.19,4.5,5.5,2.18,3.23,3.5,11,6.2,5.6,8.86,1,5.8,4.37,2.6,0.73,5.6,5.5,10.71,8.6,7.34,5.56,,2.57,20,41,14,21,61,0.4861100294,0.6206535509
Virginia,SMU,-10,-8.91,-13.07,-8.81,-15.33,-8.59,-11.13,-8.07,-8.44,-13,-17.03,-17.5,-8.26,-10.93,-13.48,-7.87,-11.55,-9.58,-14,-10.55,-9.88,-12.16,-7.51,-12.17,-11.08,-9.66,,-10,-14.1,-11.55,-10.43,-11.63,-9.5,-12,-11.41,-11.99,-10,-10,-11.5,-15.4,-12.3,-14,-13.3,-11.6,-12.4,-2.31,-12.8,-10,-12.25,-11.9,-11.37,-12.36,,2.41,33,7,14,-26,40,0.4615486129,0.2359697545
West Va.,Central Florida,-3.5,0.99,8.92,0.95,-5.36,-1.04,2.5,-0.1,-0.45,2,4.13,4,-1.07,11.49,1.42,2.77,1.14,2.39,-2,0.35,-2.97,4.69,6.76,-4.48,-0.87,7.76,,0.5,-3.8,0.97,-0.63,3.38,-3,-1.4,-1.9,-4.1,-1,4,3.5,4.2,4.35,4,4.4,-2.89,-1.5,0.69,3.2,-2.5,-9.74,-4.95,-6.1,3.02,,3.97,21,31,14,10,52,0.6116281337,0.5277714406
Wyoming,Boise St.,-23,-18.9,3.1,-17.75,-21.91,-21.42,-27.52,-23.13,-16.55,-30,-4.24,-37.5,-16.09,7.06,-20.25,-12.83,-21.91,-24.02,-28,-24.55,-23.83,-22.79,-21.07,-27.31,-24.2,-27.52,,-9.5,-29.4,-23.26,-19.34,-20.75,-22.5,-24.5,-25.36,-28.23,-23.5,,-19.9,-33.58,-19.05,-30,-21.9,-27.03,-24.1,-15.37,-21.5,-23,-32.74,-24.9,-23.26,-25.64,,8.56,17,13,14,-4,30,0.5240938262,0.1122366241
Akron,Toledo,-8,-9.05,-25.57,-14.92,-13.41,-8.7,-10.08,-8.61,-8.26,-10,-21.56,-12,-8.54,-27.74,-11.86,-8.63,-11.4,-3.83,-14,-10.75,-10.77,-5.84,-17.41,-12.54,-7.29,-6.2,-11,-6.5,-6.9,-11,-12.59,-11.44,-8,-10.4,-11.37,-12.35,-9,-6,-11.4,-12.25,-14.71,-12,-9.7,-8.39,-11.7,-1.56,-11.2,-8.5,-3.86,-10.7,-10.72,-12.24,,4.67,14,21,15,7,35,0.4186051379,0.2454412434
Alabama,Auburn,11,15.21,24.1,20.5,18.9,18.09,12.1,16.77,17.02,16,19.62,21,12.76,26.51,22.73,13.32,17.43,11.5,9,12.75,18.49,12.64,15.04,18.73,18.24,17.11,20,8.5,16.7,18,17.89,17.42,11.5,18,17.36,19.47,13,8,18.9,20.3,17.44,19,18.5,22.12,18,2.44,18.9,12.5,23.24,15.8,17.74,18.64,,3.86,14,28,15,14,42,0.6530554186,0.8569907755
Arizona,Arizona St.,-8,-6.7,23.82,-3.96,-12.89,-9.4,-11.64,-10.97,-8.91,-14,27.74,-19,-5.5,21.7,-10.52,-7.61,-7.37,-7.82,-12,-10.55,-4.42,-10.38,-8.25,-13.69,-11.32,-9.8,-15,5.5,-14.2,-8.91,-6.98,-5.19,-8.5,-7.9,-8.21,-13.04,-8.5,-7,-8.5,-18.63,-1.65,-18,-8.6,-12.39,-8.6,-2.06,-8.4,-8,-6.81,-12.4,-11.94,-14.42,,9.76,49,7,15,-42,56,0.5134830199,0.3462570294
Arkansas St.,Old Dominion,-4.5,-1.52,1.01,-2.63,-4.69,-7.76,-4.43,-3.4,-4.2,1,3.1,4.5,-4.26,-0.11,-8.22,0.24,-3.75,-1.97,-1,-6.75,-5.85,-4.85,8.88,-11.55,-6.11,-0.01,1,-1,-14.8,-4.43,-4.17,2.36,-4.5,-7,-6.25,-11.4,-2.5,3,-5.7,2.45,-0.12,-10,-5.1,-10.24,-7,0.78,-5.7,-4.5,-4.21,-9.1,-9.2,-4.55,,5.20,40,32,15,-8,72,0.5179073129,0.4111801252
Army,Texas-San Antonio,6.5,8.02,-6.12,10.33,15.78,15.03,15.42,8.47,12.95,20,-8.64,20,7.13,-4.76,17.95,14.54,12.6,14.19,12,10.45,14.9,11.11,16.64,18.78,16.85,11.6,17,5,24.4,13.4,12.27,9.13,7,10.1,14.43,18.75,6.5,8,11.7,26.25,5.69,17,11.4,20.15,13.4,3.33,11.2,7.5,25.91,4.95,15.07,24.41,,7.00,24,29,15,5,53,0.6374240644,0.7661475128
BYU,Houston,12,14.64,5.18,15.69,29.55,15.33,20.1,15.97,14.64,13,3.9,20.5,12.9,5.88,18.29,15.22,15.44,14.33,15,18.55,13.52,15.9,14.89,18.24,17.56,14.35,18,6,19.9,15.33,15.12,16.72,13,8.3,16.96,18.57,11.5,13,13.8,26.6,19.28,16,13.9,19.97,15.2,2.34,13.7,13,17.5,9.1,17.05,20.65,,4.85,18,30,15,12,48,0.5820830199,0.8238413703
Baylor,Kansas,1,0.9,-16.85,2.05,-0.77,1.2,2.12,-0.83,1.85,4,-15.98,5.5,0.16,-17.31,2.29,3.55,-0.27,0.11,2,-2.25,0.85,-1.85,3.57,0.11,0.5,-3.79,2,-0.5,-0.3,0.5,0.75,2.57,-1.5,1.2,-0.66,0.83,1.5,-2,0.2,3.85,-0.38,-4,0.4,0.35,-0.5,0.31,0.4,1,2.42,2.25,2.07,5.48,,4.85,17,45,15,28,62,0.4695085049,0.4935115179
Boise St.,Oregon St.,18,19.11,-3.27,10.58,22.17,18.68,19.27,21.08,17.91,26,-5.74,31,18.4,-1.95,18.87,16.51,20.01,23.25,18,21.45,20.8,22.69,16.46,23.64,21.82,27.87,23,14,25.1,21.06,15.18,20.28,18.5,24,21.06,24.5,17,27,18.2,33.95,21.66,20,20.1,25.43,20.9,14.35,20,18.5,33.4,23.7,27.65,23.35,,7.88,18,34,15,16,52,0.5451437715,0.8705373154
Boston College,Pittsburgh,4,3.66,8.47,0.19,2.06,2.55,5.52,4.91,2.64,2,2.94,1.5,4.95,11.45,-2.05,1.45,3.1,4.54,-2,6.45,-2.28,10.55,0.4,1.76,0.92,10.34,1,-2,4.5,2.21,1.03,1.45,4.5,3.5,2.21,1.26,2.5,7,5.1,0.35,10.13,2,5,1.62,2.3,-0.45,5.2,4,5.1,-0.85,0.91,1.33,,3.41,23,34,15,11,57,0.4778983306,0.5757067451
Bowling Green,Miami (Ohio),3,2.85,-3.91,-0.12,7.43,2.89,7.1,4.38,0.74,2,-1.27,4.5,2.11,-5.33,2.5,5.45,2.41,6.12,1,3.85,4.11,5.23,-5.23,2.49,4.15,5.32,1,1.5,5.7,2.7,2.5,2.21,2,2.7,2.89,2.96,2.5,4,0.6,3.85,-0.01,-1,0.9,5,2.5,-0.38,0.3,3,-0.02,2.5,-2.29,6.92,,3.09,28,12,15,-16,40,0.4854482603,0.5592340067
Buffalo,Kent,24,22.22,13.2,19.28,29.52,19.37,18.07,25.07,19.64,33,15.45,35.5,19.78,11.99,21.75,19.65,22.28,25.57,22,26.45,18.41,26.01,23.09,24.58,20.34,32.38,27,12,24.8,21.92,20.3,24.5,24,24,21.92,22.67,21.5,26,20.8,16.76,18.71,23,20.5,23.71,21.1,13.35,20.9,24,25.95,21.35,23.96,26.78,,4.89,7,43,15,36,50,0.4587644223,0.9100876435
Central Florida,Utah,10,3.47,-4.47,1.33,4.81,5.77,4.46,3.81,5.6,6,0.36,6.5,4.67,-7.07,4.71,3.99,5,4.41,2,7.05,9.05,7.21,5.23,7.86,6.42,6.98,7,7,8.5,5.6,4.86,2.28,9.5,6.9,6.96,6.97,6.5,6,2.2,7,2.17,-3,1.7,8.35,4.8,0.52,2.3,8.5,5.8,10.9,11.86,10.99,,3.62,28,14,15,-14,42,0.3793951906,0.6206048094
Charlotte,UAB,2,0.6,-2.16,-2.54,0.4,2.73,-1.34,-0.78,-0.07,6,-1.53,9,-1.05,-2.49,0.25,4.18,2.02,3.53,-1,-3.05,6,-0.73,4.36,0.5,5.34,3.38,7,-1,5.8,1.86,1.77,3.18,2.5,3.2,1.3,1.86,3,-1,3.2,6.3,0.42,-5,3.3,5.78,2,0.9,2.5,2,14.62,1.05,-0.93,8.45,,3.25,27,29,15,2,56,0.5004924157,0.5496054729
Cincinnati,TCU,-3,-3.34,-8.35,-3.74,-0.84,1.81,-1.93,-6.21,-0.25,1,-11.55,0.01,-3.64,-6.64,3.67,-0.27,-2.34,-1.24,-3,-7.95,-1.97,-5.57,-0.23,0.22,2.02,-12.79,1,-5.5,1.3,-1.77,-1.86,-1.24,-3.5,-3.4,-1,1.12,-1,-5,-2.5,-1.75,-5.02,-10,-3,3.15,-1.4,-0.05,-2.8,-3,6.74,1.5,-1.77,0.58,,3.74,20,13,15,-7,33,0.5161410022,0.4429530057
Clemson,South Carolina,2.5,1.77,11.82,3.12,-0.11,-0.34,1.72,2.15,0.41,1,9.41,2,0.96,13.12,-5.64,0.86,1.52,-0.82,1,-0.65,4.02,-4.47,3.83,-3.01,-1.98,1.38,2,7,-0.5,1.38,1.25,2.13,2.5,3.4,2.56,-2.5,3,-3,2.1,3.14,4.57,-8,2.3,-3.34,0.7,0.54,2.9,2.5,-18.96,-0.15,-1.21,3.66,,3.94,17,14,15,-3,31,0.4761128262,0.5370183766
Colorado,Oklahoma St.,16.5,13.17,-10.08,3.46,24.55,16.8,14.94,16.41,13.12,21,-5.64,25.5,12.43,-12.47,13.16,14.87,14.4,19.49,13,24.35,13.49,21.92,10.86,16.62,18.59,23.73,19,5.5,19,15,11.46,12.32,16.5,12.1,13.2,16.4,14,14,14.5,26.95,7.72,16,15.5,20.56,12.4,2.58,15,16.5,19.2,17.55,22.26,17.62,,8.40,0,52,15,52,52,0.4534604963,0.7886536367
Colorado St.,Utah St.,5,6.15,0.44,4.45,7.71,8.67,6.26,5.38,6.86,11,1.96,14.5,3.89,-0.37,5.71,11.33,6.55,7.37,4,-1.95,7.52,3.46,12.4,6.64,7.97,2.04,11,4.5,9.1,6.57,6.57,9.35,6,3.6,5.54,6.66,6,0.01,5.1,13.3,2.75,7,6.4,8.44,6.4,1.39,5.6,5,16.02,5.75,6.68,13.08,,3.65,37,42,15,5,79,0.5379057998,0.656203701
East Carolina,Navy,2.5,0.84,-3.13,-2.11,-2.42,-3.39,-4.82,2.79,-2.83,-3,4.42,0.01,0.77,-7.19,-5.04,-1.93,-2.73,-0.39,-3,-0.15,-7.65,1.95,-3.16,-6.56,-6.52,3.12,-4,3.5,-11.8,-2.47,-1.54,-1.08,2.5,-3.9,-1.74,-6.29,0,-1,0.9,-7.35,-2.47,-10,1.1,-7.11,-4.2,-0.67,0.2,1.5,-6.92,-0.55,-4.27,-9.69,,3.54,34,20,15,-14,54,0.3738905774,0.433349068
Florida Intl.,Middle Tenn.,9,10.25,-3.83,4.35,16.28,11.38,8.83,14.31,8.5,8,-10.05,5.5,10.95,-0.47,12.36,8.51,9.27,14.18,7,14.05,10.02,14.62,2.37,14.37,13.09,7.41,7,3.5,17.4,10.02,6.63,6.81,9,6.9,10.77,14.16,8.5,11,7,5.25,13.87,10,8.2,17.09,11,0.35,7.8,9,19.24,14.4,14.3,11.05,,5.51,24,35,15,11,59,0.5064097937,0.7094080998
Florida St.,Florida,-16.5,-11.16,21.49,-9.95,-19.56,-12.03,-17.47,-16.83,-13.25,-12,12.28,-14,-10.39,26.44,-15.62,-10.41,-11.52,-14.67,-11,-21.05,-10.01,-21.71,-3.71,-19.33,-15.05,-23.12,-12,8,-17.4,-14,-11.81,-8.86,-15,-10.8,-14.02,-17.02,-12.5,-18,-14.3,-21.35,-4.95,-23,-15.6,-18.2,-12.4,-2.46,-15.2,-16.5,-16.42,-9.05,-19.69,-13.97,,10.38,31,11,15,-20,42,0.6035491964,0.2718152763
Georgia,Georgia Tech,18,19.14,25.93,25.77,16.7,16.26,19.09,20.68,21.2,14,27.81,17,17.7,24.92,21.82,13.36,19.26,15.44,6,19.05,19.76,19.99,14.61,20.67,15.65,22,13,12.5,18.5,19.14,17.75,21.59,19.5,23,19.15,19.49,20,18,21.3,14,19.81,18,23.9,19.92,20.9,1.38,22.3,18,27.21,17.15,18.98,17.83,,4.18,42,44,15,2,86,0.530589436,0.8796429043
Georgia Southern,Appalachian St.,2.5,4.21,-6.51,2.09,10.39,8.81,9.04,5.05,4.49,9,-7.41,13.5,3.28,-6.03,9.03,8.59,5.5,6.73,4,7.75,1.79,7.78,5.77,9.2,8.91,6.18,7,0.01,9.2,6.18,5.43,4.53,2.5,2.8,6.88,9.15,2.5,10,1.9,12.25,5.2,8,1.3,10.56,5.3,0.84,1.8,3,13.95,3.6,5.39,9.45,,4.50,20,29,15,9,49,0.5721380582,0.6305600101
Georgia St.,Coastal Carolina,1,0.96,-1.78,-0.82,-1.41,1.09,3.88,1.57,2.48,-1,-3.79,-2.5,2.33,-0.68,-3.83,-1.75,0.37,3.87,-5,4.15,-1.49,4.56,-1.93,0.9,0.85,4.31,-2,-1,0.3,0,-1.09,-1.25,1,-2.1,1.08,0.17,2,0.01,2.7,-0.35,0.76,-1,3.9,1.93,-1.2,-0.22,2.4,1,-3.49,3.7,2.15,-0.02,,2.36,48,27,15,-21,75,0.4843430626,0.5091968912
Hawaii,New Mexico,-3.5,0.62,3.2,1.26,4.31,2.32,4.15,2.25,0.3,3,1.16,3.5,-1.16,4.31,2.06,1,1.1,2.09,-1,,3.44,-0.11,0.38,-0.68,-0.02,0.19,2,-3,-1.3,1.21,-0.66,0.68,-2.5,-2.7,3,-0.21,-1.5,-2,1.6,1.52,4.97,1,2.1,0.66,4.8,-0.59,2.1,-2,16.75,-8.3,-4.24,7.62,,2.56,30,38,15,8,68,0.612585595,0.5272690559
Indiana,Purdue,29,26.52,-2.24,22.43,54.24,28.92,33.71,28.57,28.68,39,0.89,38.5,25.84,-3.92,32.74,19.06,29.74,28.66,32,36.95,30.89,33.34,27.28,39.37,33.92,32.59,35,11.5,41.9,30.89,31.32,28.21,29,29.5,32.51,37.37,27.5,28,27.8,41.67,26.02,37,28.2,41.58,32.7,23.99,28.1,29,35.04,35.65,34.35,27.3,,11.14,0,66,15,66,66,0.5152170981,0.9374030384
Iowa,Nebraska,3,7.99,12.63,10.57,10.93,9.02,7.58,8.33,9.4,7,5.23,7,8.13,16.6,8.74,6.21,8.55,6.06,4,10.65,5.15,10.52,2.15,9.76,7.6,11.17,7,5,4.9,8.16,7.93,8.16,5.5,6.2,9.19,9.56,3.5,6,12.4,10.85,17.12,6,11.5,9.55,8.7,0.51,11.6,4.5,17.31,5.35,12.42,3.56,,3.17,10,13,15,3,23,0.6341384142,0.7013023966
Iowa St.,Kansas St.,2.5,2.75,-6.12,1.33,5.11,1.99,1.26,2.33,3.51,5,-9.77,7.5,2.2,-4.16,6.21,5.16,2.41,3.76,1,1.05,3.83,-0.25,3.18,2.58,3.81,-0.85,6,4.5,3.9,2.6,1.56,3.76,2.5,3.9,1.54,1.98,3,1,1,5.25,5.5,-1,2.2,4.62,2.6,0.19,1.5,2.5,8.72,5.85,0.55,2.49,,3.16,21,29,15,8,50,0.4977818278,0.5591793007
James Madison,Marshall,3.5,3.79,18.8,7.2,8.71,2.9,3.29,3.08,4.9,3,20.72,3,4.05,17.76,8.48,1.38,5.63,0.95,3,3.15,7.52,0.32,2.36,3.18,5.26,-1.47,1,11,4.9,4.26,5.7,4.26,3.5,4.2,5.14,3.25,3.5,5,6.8,2.1,4.29,1,6.5,8.34,6,-0.22,6.9,3.5,16.86,14.9,4.04,2.62,,4.70,35,33,15,-2,68,0.5511827983,0.6330895735
Kentucky,Louisville,-4,-3.18,-3.51,-1.6,-5.02,-6.82,-8.49,-2.65,-1.42,-6,-2.22,-10.5,-2.41,-4.21,0.53,-5.37,-5.14,-6.02,-10,-4.55,-3.85,-6.51,-5.7,-5.93,-5.56,-1.46,-11,-0.5,-3.6,-5.02,-6.64,-4.94,-4,-4.4,-7.65,-6.73,-3,0.01,-8.4,-12.1,-3.61,-7,-7.5,-4.32,-4,-1.98,-7.6,-4,1.13,-3.55,-7.48,-8.83,,2.86,41,14,15,-27,55,0.4718274115,0.3749897127
LSU,Oklahoma,6,2.47,4,1.95,1.66,4.14,5.84,1.42,4.28,4,2.42,6.5,1.48,4.85,6.48,5.46,3.77,4.16,1,0.45,3.98,4.86,5.05,1.25,4.63,1.89,4,4,4.7,4,2.01,4.37,6.5,3,3.3,2.26,6.5,3,3.7,5.95,1.35,2,4.9,5.41,2.9,0.56,4.4,5.5,7.4,8.2,3.11,5.22,,1.71,17,37,15,20,54,0.4444621236,0.5933287474
Louisiana Tech,Kennesaw St.,11,12.02,,14.21,14.53,10.2,17.77,13.53,10.12,9,,11.5,11.88,,12.59,11.61,11.67,10.6,6,13.75,11.77,17.67,6.92,11.54,9.2,15.18,8,9,9.8,11.54,10.95,12.06,12.5,18,11.35,11.26,12.5,,12.3,8.4,6.94,9,10.6,12.14,12.5,0.35,11.3,11,11.95,14.6,16.31,8.81,,3.04,0,33,15,33,33,0.5165333496,0.7648701442
Louisiana-Monroe,Louisiana-Lafayette,-10,-13.48,-9.42,-12.7,-12.39,-7.37,-10.77,-15.24,-12.84,-10,-13.27,-13.5,-14.56,-7.33,-11.77,-7.11,-12.31,-8.66,-14,-14.95,-12.86,-14.59,-5.61,-10.85,-10.22,-16.73,-10,-4,-11.6,-12.83,-9.39,-12.83,-9.5,-13,-11.31,-10.56,-10,-15,-15,-16.8,-20.64,-15,-16.3,-11.53,-13.4,-1.45,-16.3,-10.5,-7.56,-14.35,-14.31,-11.74,,3.36,37,23,15,-14,60,0.4433954496,0.224025248
Massachusetts,Connecticut,-10,-11.77,-2.27,-14.31,-15.36,-12.6,-16.6,-11.86,-11.09,-13,-5.03,-15,-11.57,-0.79,-15.72,-10.9,-12.81,-14.42,-17,-15.25,-12.35,-13.76,-13.91,-17.71,-13.18,-15.24,-15,-3,-16.3,-13.18,-11.79,-13.91,-10,-18.5,-13.56,-16.47,-10.5,-13,-10.7,-13.92,-9.6,-21,-11.6,-14.31,-12.9,-20.34,-10,-11,-17.55,-12.8,-12.89,-15.9,,4.00,47,42,15,-5,89,0.431853161,0.2169483343
Michigan St.,Rutgers,2,-2.06,-7.28,-0.3,-4.44,-2.48,-1.69,-3.94,0.94,0.25,-10.34,1,-2.67,-5.63,-2.44,-0.81,-1.63,0.59,-2,-2.35,0.97,-0.53,2.84,-2.2,-1.64,-1,1,1.5,-6.4,-1.7,-1.78,-0.4,2,3.2,-1.99,-2.29,1,-3,-2.2,0.35,-3.24,-8,-2.8,-2.56,-1.7,0.42,-2.3,1,-16.08,3.05,1.84,-0.27,,2.86,41,14,15,-27,55,0.4109714619,0.4597537811
Mississippi,Mississippi St.,26.5,26.89,23.44,24.87,40.05,23.38,28.89,30.62,24.52,28,21.54,30,23.85,24.47,26.04,18.12,28.23,30.53,22,32.45,30.47,31.48,21.38,30.63,28.23,31.8,26,14,32.7,29,26.94,29.48,26,27.5,25.46,29.25,26.5,30,29.2,35,34.84,29,29.7,32.92,30.3,13.59,30.3,26.5,14.7,34.2,33.27,23.53,,4.82,14,26,15,12,40,0.5415268976,0.95558969
Missouri,Arkansas,3,8.24,27.38,7.33,7.65,7.08,-1.55,6.9,6.14,10,23.18,11.5,7.75,29.64,3.53,7.01,7.72,5.11,2,5.45,3.37,4.78,7.92,5.48,6.88,10.11,9,5.5,8.7,6.5,5.78,10.42,3,3.5,6.27,5.95,4.5,4,6.2,11.9,7.49,-1,5.9,6.48,5.8,1.24,5.8,4,4.64,3.75,3.31,8.1,,5.87,21,28,15,7,49,0.6098396175,0.6758656505
New Mexico St.,UTEP,3,5.73,16.26,4.51,2.7,2.32,1.37,6.9,3.52,6,12.72,8.5,4.68,18.17,-0.03,5.37,4.27,4.42,1,7.35,-1.72,10.5,7.9,1.47,0.51,8.72,5,2.5,-1,3.52,3.49,6.04,3,3.3,0.96,0.92,1.5,7,1.3,5.25,8.29,-2,2.7,0.11,1.2,0.61,1.7,3,2.58,-2.6,3.77,4.49,,4.40,42,35,15,-7,77,0.5307275296,0.6022680129
North Carolina,NC St.,2.5,3.9,-1.25,6.42,9.41,7.89,3.87,3.54,5.24,8,-0.35,10,3.61,-1.74,7.89,6.66,5.28,5.2,4,3.15,6.08,5.88,3.79,7.43,6.48,2.49,5,6,6.2,5.88,6.62,4.61,3.5,3.5,5.97,8.11,5,3,3.9,8.66,5.52,6,3.6,8,5.9,0.9,2.9,3,-10.32,9.85,5,6.25,,2.61,35,30,15,-5,65,0.5685955733,0.6286179467
Northern Ill.,Central Mich.,13.5,13.47,6.56,10.49,18.42,14.08,15.75,13.33,13.31,12,9.64,15.5,13.98,4.91,13.79,13.55,14.3,13.82,8,13.95,17.37,15.78,9.65,16.54,16.55,12.25,15,9,17.8,14.08,12.47,14.36,12.5,13.7,14.05,17.3,13.5,12,17,15.75,15.57,14,16.8,20.58,14.8,1.42,17.1,13.5,18.25,16.9,15.54,17.57,,3.32,16,24,15,8,40,0.519670696,0.8110364875
Northwestern,Illinois,-9.5,-8.82,8.09,-6.98,-12.93,-7.11,-15,-11.83,-7.52,-10,6.26,-12,-8.36,9.07,-11.66,-8.18,-8.05,-8.54,-12,-9.75,-6.89,-6.75,-3.52,-12.78,-7.98,-14.23,-11,-1,-11.1,-8.36,-9.44,-8.07,-7.5,-4.6,-8.36,-9.41,-9,-12,-7.1,-18.2,-1.49,-15,-8.7,-8.13,-8.1,-2.27,-6.8,-9.5,-9.46,-6.35,-10.61,-12.69,,5.51,38,28,15,-10,66,0.5343840715,0.315938573
Ohio,Ball St.,17.5,18.25,15.12,15.05,22.23,15.84,18.4,20.2,18.45,22,11.74,25.5,18.92,16.95,22.38,12.1,18.9,15.74,15,22.05,17.03,20.55,24.68,20.32,18.68,22.95,20,10.5,18,18.68,17.12,17.7,15,16,16.99,17.67,14,19,17.9,23.45,17.59,21,18.8,22.22,18.9,3.05,18.9,17.5,28.03,26.15,21.93,14.68,,3.79,21,42,15,21,63,0.5341790493,0.8765720387
Ohio St.,Michigan,19.5,16.79,-7.69,14.86,29.44,19.56,18.87,20.42,17.47,20,-3.85,25.5,13.92,-9.75,23.14,16.04,18.05,21.82,16,15.35,21.4,17.78,20.29,22.94,19.74,18.38,19,10,25.9,19,17.23,18.42,21,25,21.34,23.16,20.5,19,15.7,14.47,17.66,19,16.9,24.34,21.5,20.93,17.6,19.5,31.59,19.55,24.53,21.83,,7.76,13,10,15,-3,23,0.4672963465,0.8465158814
Oregon,Washington,18,17.55,1.16,16.36,22.11,15.33,13.02,19.02,16.14,19,12.93,27,15.69,-5.19,19.73,14.84,17.5,15.57,12,17.15,18.9,17.39,23.82,17.62,17.93,20.29,19,9.5,21.1,18.28,15.97,20.32,19,24.5,18.28,17.36,19.5,17,19.9,18.29,22.37,15,22.5,20.12,18.4,30.83,21.5,18,26.71,16.55,17.63,21.94,,5.46,21,49,15,28,70,0.4881192737,0.8514039829
Penn St.,Maryland,25.5,22.82,14.7,23.05,30.35,19.01,24.13,25.94,22.88,25,17.24,29,20.88,13.33,22.28,17.21,23.39,24.35,16,27.95,20.4,28.72,24.19,22.82,20.64,29.41,23,10.5,25,23.2,20.43,24.53,24.5,24.5,23.06,21.88,24,26,26,29.4,24.48,23,27.1,22.28,23.2,12.43,26.5,25.5,19.99,25.85,30.7,22.85,,4.44,7,44,15,37,51,0.4490732712,0.9220437102
Rice,South Florida,-5.5,-5.1,1.32,-4.3,-6.18,-3.23,-8.19,-6.45,-2.28,-5,4.08,-5.5,-4.91,-0.16,-4.64,-4.89,-4.36,-3.83,-7,-7.25,-3.22,-7.08,-9.6,-4.33,-5.11,-7.92,-4,3,-6.1,-4.89,-2.35,-5.08,-5.5,-4.2,-4.14,-4.52,-4,-11,-4.5,-5.95,-3.92,-6,-4.9,-5.82,-4.1,-0.88,-5.4,-5.5,-18.06,1.05,-0.72,-6.71,,3.01,28,35,15,7,63,0.528125491,0.3936355564
SMU,California,13.5,14.35,11.49,11.34,11.78,12.91,12,16.89,14.82,19,14.4,25.5,12.57,9.92,12.05,12.7,15.13,16.14,12,16.95,12.74,19.27,15.89,15.53,15.27,24.43,18,12,15.7,14.66,13.9,15.27,13.5,13.2,14.08,14.92,12,19,11.2,21,14.66,15,13.2,16.11,14.2,3.39,12.7,13.5,18.44,9.2,19.47,21.3,,3.51,6,38,15,32,44,0.5399304498,0.8239750075
Sam Houston St.,Liberty,-2,-2.12,-24.94,-3.48,1.15,3.67,-1.33,-1.87,0.11,3,-15.27,5.5,-2.77,-30.14,1.69,3.47,-0.94,2.45,-3,-0.35,-1.09,0.78,1.82,4.73,4.05,-2.53,4,-3,1.9,0,-0.04,-2.38,-3,-6.9,2.94,5.04,-2,0.01,-1.9,1.75,-2.33,-1,-1.6,4.98,-0.3,0.66,-2.3,-2,11.19,1.3,1.01,11.92,,6.83,18,20,15,2,38,0.5244557731,0.4783099011
San Diego St.,Air Force,-5.5,-2.43,-10.79,-5.56,-6.71,0.6,-1.39,-1.98,-4.33,0.25,-10.91,1,-3.93,-10.73,-2.8,-1.87,-2.63,-2.72,-1,-4.85,1.28,-5.39,-0.26,-1.7,-1.49,-6.05,-2,1,-0.9,-1.98,-1.77,-2.04,-3.5,-4.2,0.41,-0.92,-3,-4,-0.8,-2.45,-0.5,-5,-1.2,-1.92,0.1,-0.66,-0.6,-4.5,-5.14,-3.1,-1.71,-2.91,,2.97,31,20,15,-11,51,0.5705207405,0.4353221487
San Jose St.,Stanford,2.5,2.04,13.3,2.1,14.58,2.84,0.04,2.55,2.41,4,14.88,8,0.27,12.45,2.6,5.52,3.69,1.42,8,2.95,1.43,2.16,12.4,-0.51,1.08,2.99,5,19.5,-0.1,2.1,2.06,3.22,3,1.6,2.14,0.65,0,-1,0.3,4.9,-0.56,-3,0.01,1,-1.3,-0.33,0.8,2.5,4.04,10.2,1.52,-0.39,,5.16,31,34,15,3,65,0.5284160307,0.5874752234
South Alabama,Texas St.,-1.5,0.69,5.57,4.24,2.14,-1.78,-0.1,0.39,2.22,5,11.74,5.5,0.41,2.25,-0.13,1.46,1.08,4.88,-2,1.85,-3.83,5.61,5.83,-1.69,-2.32,7.67,3,2,-5.1,0.6,3.65,0.91,-1,-1.5,2.08,-2.03,-1.5,3,0.3,2.8,-2.77,-3,0.01,-4.56,0.6,0.55,0.2,-1,-5.56,0.35,0.14,-2.64,,3.49,45,38,15,-7,83,0.5630642318,0.5264904026
Syracuse,Miami (Fla.),-11,-8.54,-7.39,-9.74,-16.67,-9.09,-15.34,-11.4,-8.46,-11,-12.98,-11.5,-7.72,-4.39,-13.21,-5.03,-11.11,-5.49,-10,-10.65,-15.66,-9.85,-7.45,-13.86,-11.22,-8.45,-7,-6.5,-15,-11.4,-11.84,-8.26,-10.5,-12.1,-13.21,-13.37,-10,-7,-15.4,-6.65,-12.51,-14,-15.3,-15.38,-15,-1.32,-15.2,-11,-17.77,-14.1,-13.21,-9.56,,3.35,38,42,15,4,80,0.4972953472,0.2467537771
Temple,North Texas,-11,-7.68,-5.44,-8.6,-7.82,-8.21,-7.92,-9.43,-6.01,-7,-8.18,-8,-8.11,-3.97,-8.39,-8.7,-8.08,-3.39,-10,-9.05,-10.67,-8.34,-5.28,-10.28,-7.92,-6.12,-5,-4,-8,-8.18,-8.54,-7.03,-11,-10.9,-8.69,-10.36,-10,-7,-11,-4.55,-8.26,-12,-12.5,-10.44,-10.9,-0.62,-12,-10,-2.56,-5.7,-9.74,-6.18,,2.25,24,17,15,-7,41,0.5722579218,0.3071433383
Texas A&M,Texas,-5.5,-6.39,-13,-8.45,-9.97,-7.56,-7.18,-9.59,-6.47,-10,-7.51,-12,-5.6,-15.96,-11.18,-4.16,-8.89,-4.07,-9,-9.25,-8.65,-5.96,-11.77,-11.76,-7.84,-13.27,-7,-3.5,-10.9,-9.25,-9.85,-5.42,-5.5,-10.2,-10.84,-9.83,-4.5,-9,-11.5,-1.51,-10.22,-9,-11.2,-10.71,-9.9,-1.23,-11.4,-6.5,-6.35,-10.35,-8.81,-5.7,,2.82,17,7,15,-10,24,0.4167325956,0.2906837526
Texas Tech,West Va.,3,2.84,-0.13,1.56,8.64,1.1,-5.3,2.94,3.91,5,0.98,7.5,2.38,-0.73,2.76,2.36,2.35,2.59,3,-0.25,7.24,-1.06,4.89,0.69,3.28,1.34,5,2,2.1,2.36,1.71,3.15,3.5,3.1,2.86,1,3.5,0.01,0.8,4.9,-1.86,1,0.01,4.03,0.6,0.25,0.6,3,-6.42,3.95,2.83,5.13,,2.60,15,52,15,37,67,0.4838834875,0.5580765824
Troy St.,Southern Miss.,17.5,16.96,26.1,20.81,26.18,14.41,13.96,19.01,18.41,15,27.2,17.5,18.62,25.51,17.25,14.32,17.88,20.23,11,21.25,15.8,22.66,15.24,17.32,15.96,18.77,14,14.5,18.1,17.27,16.98,15.18,17.5,10.7,15.11,16.53,16.5,19,20.8,11.9,17.27,17,21.2,19.91,16.8,10.96,20.5,17.5,13.72,21.75,16.77,13.74,,3.82,20,52,15,32,72,0.5092840381,0.8632614835
Tulane,Memphis,13.5,12.24,1.04,9.46,16.44,14.31,16.3,17.45,14.65,14,-2.06,14,12.11,2.7,18.04,9.4,13.54,15.78,7,20.85,11.42,19.62,7.01,18.27,16.41,17.13,13,5.5,18,14.4,12.81,9,13.5,7.3,16.5,18.66,12.5,17,12.1,14.4,12.39,16,13.7,21.2,14.9,1.67,12.7,13.5,20.51,16.9,22.97,15.3,,5.41,34,24,15,-10,58,0.5009515517,0.7902780478
Tulsa,Florida Atlantic,1,1.1,0.07,0.14,-0.89,-2.46,3.43,2.52,0.84,4,-3.86,7,-0.29,2.2,-4.06,1.72,-0.57,2.74,-1,0.35,-3.81,1.81,4.58,-5.02,-2.64,7.25,1,-0.5,-6.7,-0.29,-2.84,1.01,-1.5,-0.7,-3.11,-5.26,-1.5,4,-2.9,2.67,-0.03,-9,-3.5,-4.62,-3.2,1.21,-2.6,1,-3.39,-0.4,-3.72,0.32,,3.52,63,16,15,-47,79,0.4615411747,0.4860184078
UCLA,Fresno St.,7.5,10.25,7.29,12.14,-8.96,9.01,3.35,11.59,10.35,7,13.45,6.5,11.35,3.98,9.15,6.4,9.53,11.18,-3,12.55,10.19,13.73,5.18,12.8,10.2,12.08,9,4.5,9.4,10.35,11.69,8.9,8.5,7.9,8.72,10.74,9.5,15,12,11.55,11.76,11,11.8,11.61,11,2.14,11.4,8,13.33,8.2,14.58,12.16,,4.39,13,20,15,7,33,0.5490487937,0.7185863031
UNLV,Nevada,17.5,20.51,24.42,15.71,20.62,15.62,21.61,20.66,15.71,25,25.43,28,18.44,23.86,18.15,16.45,20.7,20.25,19,14.85,19.62,19.33,26.16,19.83,20.03,25.39,23,11.5,18.8,20.51,19.28,24.65,17.5,23,17.5,19.28,17.5,20,21.4,33.6,20.56,12,21.5,21.66,21.8,4.47,21.8,18,21.55,18.95,17.97,21.63,,4.27,14,38,15,24,52,0.5771734079,0.8960310574
USC,Notre Dame,-7.5,-8.47,-4.52,-9.33,-10.91,-8.93,-12.51,-14.06,-10.76,-13,-10.07,-18.5,-6.6,-1.54,-7.62,-5.59,-9.67,-8.17,-13,-16.95,-5.29,-17.54,-9.28,-10.99,-8.76,-12.95,-14,-3,-8.4,-9.28,-8.99,-7.39,-7.5,-7.1,-7.96,-11.34,-6.5,-12,-7.7,-6.49,-8.02,-15,-9.8,-11.06,-10.4,-1.32,-9.5,-7.5,-13.41,-5.9,-14.09,-8.62,,3.73,49,35,15,-14,84,0.4470645407,0.2765772834
Vanderbilt,Tennessee,-10.5,-10,-21.83,-19.08,-16.28,-7.21,-11.6,-11.77,-9.7,-7,-21.75,-7,-9.28,-21.87,-16.13,-4.21,-10.98,-1.46,-11,-9.85,-11.75,-6.92,-6.16,-12.73,-6.67,-7.22,-7,-8.5,-8.2,-10,-14.42,-10.7,-11,-13.4,-12.29,-9.9,-12.5,-6,-14.2,-7.12,-11.43,-9,-13.9,-9.6,-14.2,-1.12,-15.3,-10.5,-4.32,-12.1,-10.57,-5.61,,4.74,36,23,15,-13,59,0.4884421241,0.2537257427
Virginia Tech,Virginia,6.5,10.9,12.91,10.24,15.75,11.86,8.81,10,10.98,9,15.29,10,11.98,11.62,12.21,9.97,11.3,10.38,4,11.75,10.9,11.54,2.78,13.41,11.09,6.6,10,10.5,15.4,11.48,10.18,11.5,7.5,7.3,11.48,13.35,7,8,12.3,12.25,14.9,10,12.1,14.22,13.8,0.37,12.6,8,8.2,15.7,13.05,9.28,,2.98,17,37,15,20,54,0.6168371063,0.7579181237
Wake Forest,Duke,-3.5,-5.44,-10.87,-4.8,-14.44,-5.47,-4.53,-6.84,-2.97,-8,-11.28,-12.5,-4.89,-10.66,-5.06,-6.52,-7.19,-4.15,-9,-7.95,-4.85,-7.46,-12.08,-6.68,-6.38,-11.23,-7,-3,-3.5,-7,-7.23,-5.78,-4,-4.9,-6.53,-7.13,-4,-10,-8.2,-15.75,-3.19,-8,-8.2,-6.11,-4.6,-1.72,-7.6,-4,-9.56,-7.5,-7.48,-8.1,,2.96,23,17,15,-6,40,0.4096251327,0.3280685755
Washington St.,Wyoming,18,14.56,-0.92,17.56,18.24,17.13,20.07,14.14,12.62,25,10.74,29.5,12.25,-7.2,19.24,16.36,16.42,11.24,20,13.55,19.5,10.97,17.67,18.37,16.65,11.73,23,13,19.1,17.56,18.9,18.82,17,23.5,19.7,19.04,17,10,17.6,28,10.43,14,17.2,18.26,17.5,3.15,17.5,18,28.34,18.1,15.94,22.49,,6.17,15,14,15,-1,29,0.4630467779,0.8324791189
Western Kentucky,Jacksonville St.,-1,1.48,1.22,4.02,-2.07,1.4,1.56,0.48,0.95,2,-1.25,1.5,0,2.56,0.65,3.44,0.29,1.71,-3,-3.55,1.82,-4.23,0.23,-0.2,0.6,-3.1,1,-3,3.1,0.5,0.29,3.7,2,3.9,-1.07,1.5,1,-1,-0.2,0.35,1.55,-4,-1,0.11,0.5,-0.02,-0.9,-1,-1.96,-3.95,-2.36,3.34,,2.29,17,19,15,2,36,0.5320532272,0.5072131415
Western Mich.,Eastern Mich.,6.5,7.5,4.98,5.86,3.13,5.45,7.85,7.62,6.27,6,7.8,6.5,7.9,3.45,3.02,5.14,6.09,8.78,-1,6.95,7.62,7.47,0.06,5.09,6.29,7.08,3,4,4.4,6.5,3.81,7.53,7,7,4.82,6.06,6.5,7,9.7,6.65,6.67,4,9.9,7.51,6.3,0.77,8.8,6.5,8.41,2,8.36,8.78,,2.49,18,26,15,8,44,0.4898219755,0.6476543743
Wisconsin,Minnesota,-1,1.28,6.7,1.6,-9.01,-1.44,-1.68,-1.19,1.41,-1,11.66,-0.5,1.04,4.02,-1.38,-0.38,0.64,-0.34,-4,-0.95,2.62,0.45,2.79,-1.99,0.11,-5.68,1,5.5,-1.2,0.15,0.13,3.24,2.5,-0.3,0.15,-1.36,3,-1,3.3,-1.75,0.55,-5,3.4,0.28,0.2,-0.17,3.5,-1,7.53,3.85,0.08,2.48,,3.33,24,7,15,-17,31,0.5402695385,0.5157376401
Arizona St.,Iowa St.,1.5,-1.14,-13.25,-6.44,-1.58,-1.28,0.56,1.13,-2.15,-1,-16.02,-1.5,-1.02,-11.75,-1.5,0.22,-1.47,0.84,1,5,-7.11,6.29,2.35,-0.19,-2.08,1.97,-2,-3.5,0.01,-1.02,-1.81,-3.41,2,0.9,-1.78,-0.51,-1,5,-0.2,-1.05,-8.65,1,-1,-2.06,-2.8,-0.07,-0.3,1,0.93,-1.05,3.1,0.26,,4.40,19,45,16,26,64,0.4284652168,0.4644491808
Army,Tulane,-5,-4.36,-9.6,-3.31,-2.04,-2.42,-5.84,-7.94,-3,4,-7.03,1,-5.11,-10.98,-5.74,4.25,-3.62,1.68,-1,-7.15,-6.15,-5.61,5.85,-8.05,-4.26,-2.77,-4,2.5,2.6,-4.36,-4.12,-1.47,-4.5,-3.2,-6.16,-5.78,-4,-7,-5.3,2.45,-8,-10,-6.1,-6.54,-7,1.07,-5.9,-5,-19.05,-3.65,-9.57,6.28,,4.34,14,35,16,21,49,0.5334162107,0.4129429287
Boise St.,UNLV,4.5,6.09,3.55,7.37,4.66,5.09,3.04,5.42,8.36,8,7.28,10.5,5.73,1.54,4.16,7.55,5.88,6.77,2,3.15,4.47,3.9,7.68,1.15,4.39,10.74,3,7.5,7.8,5.73,4.48,7.71,4,3.7,6.98,4.55,5.5,8,6.9,8.26,9.21,4,7.5,4.39,4.2,10.09,7,4.5,-4.83,4.65,2.28,9.46,,2.32,7,21,16,14,28,0.5342731632,0.6430051459
Jacksonville St.,Western Kentucky,4.5,4.1,3.88,0.77,8.04,3.96,1.15,4.97,4.61,3,6.35,2.5,5.34,2.54,2.5,1.64,3.82,4.47,2,7.05,4.5,5.62,2.58,2.16,3.46,3.01,-1,9.5,2,3.88,3.63,2.17,5,1.4,5.3,3.1,3,3,5,1.4,4.06,3,5.8,5.28,4.2,-0.06,5.7,4.5,2.96,6.55,6.13,0.27,,2.08,12,52,16,40,64,0.4830608474,0.5942913044
Louisiana-Lafayette,Marshall,5,5.49,1.47,4.83,5.27,2.82,3.78,4.94,6.54,5,6.89,5.5,5.98,-1.46,1.81,3.99,4.76,3.84,3,6.25,4.82,4.4,4.65,0.25,3.89,4,1,9,5.9,4.83,2.68,5.78,5.5,3.5,3.78,2.38,3.5,3,6,5.25,9.16,5,7.1,5.26,5.9,-0.18,7.3,5,3.91,14,6.13,3.77,,2.48,31,3,16,-28,34,0.4940413102,0.6164789097
Miami (Ohio),Ohio,2.5,0.84,3.71,0.4,-5.84,0.96,1.17,-0.12,-0.8,-1,3.5,-2.5,1.31,3.81,-1.64,2.07,1.09,1.17,-2,0.3,0.42,2.01,-2.88,1.5,-0.53,-0.32,-1,1,-0.4,1,0.61,1.31,2,2.1,1.85,1.65,1,3,4.6,-2.1,9.35,-1,4.3,-0.1,2.3,-0.24,3.9,2.5,5.7,-0.25,3.08,2.21,,2.51,38,3,16,-35,41,0.465044318,0.5270364191
Oregon,Penn St.,3,1.95,4.62,0.11,-1.53,0.63,-1.09,1.21,0.88,2,5.44,6,1.42,4.18,0.05,5.6,2.47,2.76,2,1.8,0.79,2.03,7.2,-0.09,2,7.37,3,1.5,3.3,2,1.13,3.61,3.5,7,-1.3,0.53,3.5,3,3.4,1.55,5.49,1,4.2,2.07,0.2,17.95,3.6,3,3.58,-0.2,0.38,3.88,,2.39,37,45,16,8,82,0.4868308339,0.5611430754
SMU,Clemson,3,4.4,-1.16,-0.84,2.46,2.88,2.97,6.52,0.99,8,1.47,12.5,3.53,-2.58,-0.99,7.27,3.36,4.57,5,6.1,-0.44,4.74,4.73,4.05,3.92,11.1,6,7,2.2,3.56,3.56,4.04,2.5,1.7,1.32,3.7,-1,3,-1.3,4.2,2.42,4,-0.3,3.25,1.1,1.32,-0.9,3,10,0.55,6.29,4.01,,3.19,34,31,16,-3,65,0.5088689207,0.582193132
Texas,Georgia,3,2.75,-5.14,-0.75,11.04,4.27,2.42,5.76,1.54,8,-7.13,9,1.99,-4.07,3.45,6.21,3.25,3.18,6,3.4,2.2,2.01,5.29,5.66,4.26,0.53,5,3,5.8,3.2,4.05,0.46,3,3.2,4.21,4.74,2,1,1.9,1.7,4.07,3,0.9,6.19,3.6,0.38,1.6,3,8.49,8.4,4.72,2.79,,3.46,22,19,16,-3,41,0.5061385456,0.5792751826
Army,Navy,6.5,5.73,3.69,5.13,9.06,3.76,5.11,5.29,5.9,5,2.17,9,6.73,4.51,4.96,7.7,6.13,6.36,6,9.6,3.09,9.48,6.93,6.85,3.74,4.87,,,6.9,5.9,5.93,5.77,6.5,6.5,5.87,6.08,3.5,3,7.6,9.45,4.48,5,7.3,4.92,4.4,1.94,7.1,6.5,1.5,7.85,4.62,9.85,,1.83,31,13,17,-18,44,0.4907634051,0.649369336
Western Mich.,South Alabama,-8,-9.26,-12.86,-11.87,-10.13,-7.43,-7.19,-11.78,-9.28,-6,-21.1,-5,-10.35,-8.43,-12.67,-6.2,-9.26,-8.3,,-14.9,-6.71,-12.41,-7.76,-13.23,-7.36,-12.02,,,-9.3,-9.77,-10.89,-7.09,-7.5,-9.2,-9.82,-9.72,-10,-13,-11.7,-7.89,-6.05,,-11.5,-10.48,-10.6,-0.97,-11.9,-8,-10.59,-13.8,-9.94,1.08,,3.01,30,23,17,-7,53,0.4689191104,0.2832735457
Florida,Tulane,10,5.41,-4.36,7.68,-9.25,1.99,4.01,6.8,4.37,-0.25,5.92,-1.5,5.95,-9.89,1.64,2.43,3.56,6.73,-7,8,2.97,13.47,1.89,5.26,2.65,12.59,,-5.5,2.8,4.19,5.13,4.54,11,7.2,1.49,,9.5,7,11.4,1.75,1.28,7,12.2,3.27,2.9,0.88,10.6,9,3.12,-7.7,4.79,6.24,,5.62,8,33,18,25,41,0.351070774,0.5837147896
Jacksonville St.,Ohio,-5,-3.16,0.12,-2.09,-4.1,-1.03,0.02,-4.54,-3.48,-8,2.88,-7.5,-2.52,-1.38,-5.25,-4.06,-3.03,-7.18,-1,-3.7,0.68,-13.33,-2.88,-2.13,-4.33,-9,,0.01,-4.6,-2.95,-0.76,-2.95,-5,-2,0.37,-2.18,-2.5,-6,-0.6,-5.25,1.72,-5,-1.8,-4.82,-1.9,-1.2,-0.8,-5,2.26,-3.4,-3.68,-7.74,,3.03,30,27,18,-3,57,0.5485121649,0.4256359557
James Madison,Western Kentucky,7.5,8.56,12.07,9.36,13.73,5.94,5.87,9.25,8.43,6,14.1,5,10.52,10.97,11.28,4.47,9.41,8.91,6,12.1,7.13,14.64,-0.32,12.18,10.82,6.7,,9.5,9.1,9.36,8.21,6.98,7.5,4.9,8.5,10.26,3.5,9,11.4,8.75,2.35,11,11.3,15.54,10.1,1.34,11,7.5,30.43,16.5,10.41,13.64,,3.68,17,27,18,10,44,0.5466512023,0.7181768835
Notre Dame,Indiana,6.5,7.78,24.77,12.58,-2.5,6.87,2.14,11.06,7.77,9,29.47,12.5,6.07,22.24,6.13,5.09,8.32,5.75,-2,3.2,7.57,4.07,3.22,4.95,5.79,13.02,,7.5,7.2,7.2,6.32,8,7,4.8,7.62,7.6,8,6,8.2,1.75,14.71,6,9.6,4.61,6.3,-0.51,10.1,6.5,8.33,1.85,12.98,11.7,,6.17,17,27,18,10,44,0.5425516481,0.6874099694
Ohio St.,Tennessee,7,4.68,9.34,8.94,3.42,3.88,-3.66,5.22,5.04,7,8.85,12,4.2,9.6,6.61,8.57,6.92,6.97,4,4.6,7.46,5.89,6.02,5.86,7.56,10.22,,6,13.9,6.61,4.43,5.31,7.5,10,5.5,7.21,7,6,9.7,2.97,13.34,4,10.7,4.36,4.5,1.29,9.2,7,7.42,2.75,9.62,6.94,,3.20,17,42,18,25,59,0.4980292749,0.665419932
Penn St.,SMU,8.5,2.98,9.82,10.19,6.25,0.29,0.38,3.57,2.48,7,10.6,7,2.77,9.4,7.7,5.38,5.36,2.09,1,2.9,7.66,5.94,10.56,3.51,3.17,9.24,,-1.5,7.6,5.5,5.5,3.04,8.5,8,6.21,2.8,7.5,4,9.7,1.05,9.06,1,9,0.8,3.6,0.99,8.3,8,6.77,6,4.89,5.01,,3.43,10,38,18,28,48,0.423349859,0.6293065615
Sam Houston St.,Georgia Southern,-4,-6.88,-8.83,-6.24,2.69,-5.23,-3.83,-7.54,-5.94,-2,-3.88,-2.5,-7.98,-11.49,-2.75,-4.03,-4.81,-8.72,1,-6,-1,-10.03,3.94,-7.15,-4.97,-5.97,,3,-4.8,-5,-4.09,-6,-4,-6.8,-3.65,-6.57,-4.5,-5,-4.7,-5.95,-4.46,-10,-4,-6.57,-4.6,-1.26,-3.9,-4,-6.23,4.55,-2.13,-8.75,,3.80,26,31,18,5,57,0.4802104691,0.3841157876
Texas,Clemson,12.5,8.45,11.65,12.72,13.4,8.13,8.25,9.28,6.21,14,10.92,16.5,7.85,12.04,11.23,9.02,10.5,2.65,5,6.9,11.81,3.46,10.46,14.22,9.85,7.16,,6,12.6,10.92,12.93,9.45,12,11.2,12.27,12.33,11,8,14.9,4.2,14.15,14,14.5,9.9,10.9,0.78,14.3,12.5,13.11,13.05,12.81,10.48,,3.27,24,38,18,14,62,0.4508981035,0.741446469
UNLV,California,3,2.98,2.02,-2.39,5.35,2.68,2.93,4.05,0.29,8,-1.33,14,1.81,3.82,4.14,5.32,3.69,5.13,8,3.5,1.02,4.89,6.19,3.31,4.6,6.8,,0.5,3.1,3.31,0.74,3.61,3,1.3,1.59,4.19,-1.5,5,-3.1,11.2,0.2,1,-2.9,4.07,3.6,2.09,-2,3,12.84,3.2,2.47,9.32,,3.49,13,24,18,11,37,0.5169305497,0.5897968349
West Va.,Memphis,-5,-1.88,-0.54,2.11,-13.89,-0.2,-1.09,-0.3,-4.49,-7,2.47,-10.5,-2.94,-2.17,1.13,-3.39,-1.62,-0.45,-7,-2.7,4.49,-1.6,-5.63,-0.45,0.81,-3.15,,-3.5,-2.5,-1.31,2.57,-2.53,-5,-3,-1.03,-0.31,1.5,0.01,2.2,-5.25,-5.1,-4,2.6,1.46,-0.6,0.48,0.9,-4,-1.18,-5.85,-1.31,-1.54,,3.64,42,37,18,-5,79,0.5822085079,0.4603805646
Arizona St.,Texas,-13,-7.52,-29.48,-15.31,-15.28,-8.51,-12.93,-6.09,-10.5,-10,-30.84,-12,-7.07,-28.74,-12.4,-7.15,-11.39,-2.32,,-3.5,-16.56,-3.78,-9.24,-11.66,-7.96,-5.78,,-9,-9.7,-10.5,-12.19,-10.03,-13.5,-13.1,-11.87,-9.78,-13.5,-7,-12,-3.15,-21.83,-14,-12.7,-10.66,-14.5,-0.71,-12.6,-13,-6.06,-9,-10.74,-7.34,,6.37,39,31,20,-8,70,0.5374965366,0.2527321842
Arkansas,Texas Tech,1,-2.77,-9.48,-0.8,3.31,-0.69,6.31,-1.86,0.03,-0.25,-6.93,-6,-3.12,-10.85,0.1,-1.67,-1.25,-3.75,-4,-3.3,1.04,-1.19,-1.73,0.41,-3.72,-3.85,,-1.5,-2.2,-1.07,0.26,-3.45,2,3.3,2.2,-1.07,2.5,1,0.8,-5.7,2.42,5,1.2,-2.64,2.2,-0.91,1.2,1,-1.41,0.7,0.73,-5.6,,3.44,26,39,20,13,65,0.4449159725,0.4693301445
Army,Louisiana Tech,17,12.98,9.93,20.64,17.98,15.54,12.26,10.99,17.02,15,7.17,22,12.09,11.42,20.09,14.22,16.37,19.35,13,12.3,15.91,10.26,24.67,19.25,16.7,13.1,,3,23,14.96,14.63,17.11,17,23,10.02,,16.5,13,14,31.66,14.96,,14.9,20.33,17.4,5.25,13.8,17,22.58,11.4,13.42,22.76,,5.38,6,27,20,21,33,0.4850089949,0.8356243757
Boise St.,Penn St.,-11,-10.34,-15.74,-15.1,-8.27,-7.68,-10.39,-14.3,-9.2,-8,-19.05,-6,-10.74,-13.96,-12.34,-4.23,-10.77,-4,,-17.3,-12.92,-14.52,-7.69,-12.56,-8.99,-12.82,,-2.5,-12.8,-10.74,-13.29,-7.45,-11,-12.2,-5.37,-9.48,-11,-12,-18.9,-2.65,-13.36,-14,-19,-9.1,-12.4,8.69,-17.6,-11,-8.96,-3.5,-9.54,-7.84,,4.49,31,14,20,-17,45,0.5055619454,0.2569239814
Bowling Green,Arkansas St.,9,5.2,3.66,4.53,13.19,9.3,12.08,7.7,5.48,7,2.89,5.5,6.15,4.07,10.25,5.71,7.62,5.35,6,9,9.33,7.8,-3.37,10.8,8.93,10.96,,5.5,15.1,7.9,8.23,2.63,7,3.1,6.75,11.89,6.5,8,7.6,5.7,8.69,9,8.3,11.33,10.8,-0.65,7.9,9,6.51,11.9,12.28,10.49,,3.84,38,31,20,-7,69,0.4663300969,0.6795990814
Colorado,BYU,4,4.06,-0.63,-0.47,2.32,3.76,4.11,7.38,2.39,-2,2.16,-4.5,5.63,-2.14,0.41,-0.36,2.48,2.87,1,8.9,3.74,9.03,-4.51,4.4,2.15,7.78,,0.5,-1.3,2.5,1.07,0.22,3,3.5,3,3.29,2.5,1,5,-1.95,2.03,6,5.2,3.76,2.5,-0.94,5.4,4,7.6,11.25,4.85,-2.95,,3.64,36,14,20,-22,50,0.4628205909,0.5605152591
Colorado St.,Miami (Ohio),-2.5,0.84,-12.9,-1.57,-1.45,-3.56,-0.45,-0.33,-2.21,-3,-9.84,-2.5,1.8,-14.54,-1.21,-0.03,-3.09,0.11,-1,-2.3,-4.78,-2.58,-2.74,-3.24,-2,-3.64,,-5,-3,-2.83,-2.83,1.03,-2.5,-1.1,-2.72,-4.37,-1.5,-5,-3,-1.4,-9.16,-2,-3.3,-3.11,-4.8,0.45,-3.6,-2.5,-1.84,-4.7,-4.11,-4.49,,3.26,43,17,20,-26,60,0.4854781917,0.4243867957
Fresno St.,Northern Ill.,-3,4.7,8.71,8.39,-5.54,0.05,-0.87,7.27,2.46,-4,6.88,-5.5,4.59,9.68,1.5,-1.3,1.93,2.14,-3,4.8,0.89,3.23,2.4,-0.15,-0.34,6.08,,-2,-0.1,1.69,1.19,3.06,-3,-1.1,2.13,-1.8,-1.5,6,6,-3.5,0.06,3,6.2,-0.38,-1.1,0.65,5.4,-2,-1.37,-1.65,1.69,-7.36,,3.96,28,20,20,-8,48,0.6184240142,0.5469544769
Georgia,Notre Dame,1.5,-2.62,10.27,0.41,-4.05,-5.34,-5.4,-6.99,-2.81,-6,4.93,-7.5,-2.1,13.14,-1.77,-3.49,-2.42,-5.45,,-9.3,1.26,-5.48,1.39,-4.63,-4.16,-4.08,,-5.5,-5.3,-3.11,-3.73,0.87,2,0.7,-1.33,-4.98,1,0.01,-0.8,-1.05,-3.15,-7,-0.1,-4.89,-2.2,0.41,-0.8,0.5,-9.27,-8.85,-3.11,-3.09,,4.44,23,10,20,-13,33,0.4060156766,0.4416414004
Illinois,South Carolina,-10,-6.73,-2.66,-8.63,-12.61,-9.82,-8.29,-8.57,-11.62,-7,-7.75,-6.5,-7.1,0.08,-10.45,-4.47,-8.98,-6.71,-4,-10.7,-10.65,-12.65,-5.51,-12.91,-10.05,-6.04,,-1,-10.2,-9.02,-9.02,-5.44,-10,-12.8,-8.51,-12.61,-11.5,-10,-10.4,-4.9,-7.79,-16,-10.5,-15.48,-11.5,0.12,-12.3,-10,-30.27,-14.85,-13.97,-7.41,,3.70,17,21,20,4,38,0.524948446,0.2908423328
Kansas St.,Rutgers,7,6.32,9.83,10.97,7.19,7.26,3.71,6.42,6.68,4,15.66,6.5,5.49,6.69,7.19,3.82,6.75,2.98,4,7.4,8.02,1.51,3.91,7.63,6.41,1.32,,6,2.8,7,7.71,7.75,7,6.8,7.19,9.41,7,-1,9.2,8.75,2.81,3,9,8.74,7.9,0.69,9.6,7,3.07,9.45,14.61,6.55,,3.32,41,44,20,3,85,0.4938504934,0.6613713582
LSU,Baylor,-4,1.71,27.45,5.32,-2.69,1.08,2.76,-0.43,5.9,5,28.88,4,1.72,26.68,2.56,1.69,4.43,-3.61,-3,0.9,6.19,-2.02,3.81,2.35,2.91,-0.68,,5,4.8,3.6,3.64,3.72,-0.5,2.4,3.6,0.57,3,-4,5.6,2.22,7.14,7,4.6,3.9,5.6,0.27,5.5,-2.5,5.87,3.3,-2.38,-0.21,,7.09,31,44,20,13,75,0.6861164014,0.6005620661
Liberty,Buffalo,-3,5.31,29.65,6.85,5.97,1.07,3.94,3.9,2.18,-1,21.7,-2.5,5.72,33.92,4.97,0.15,5.32,-1.32,3,4.1,8.39,-2.82,9.46,1.88,0.31,-0.48,,6.5,1.4,4.1,5.15,6.87,-1.5,0.5,3.16,1.39,2.5,0.01,9,2.1,10.46,1,8.4,1.27,5.6,-0.61,9,-1.5,12.21,9.65,5.39,-9.28,,7.36,26,7,20,-19,33,0.6827723699,0.6194450348
Miami (Fla.),Iowa St.,3.5,3.2,-0.39,0.26,12.91,4.2,8.49,4.06,3.4,6,0.4,4,2.82,-0.81,4.32,1.59,4.89,3.32,5,6.1,7.07,6.2,4.25,6.21,3.97,1.95,,4,7.5,4.77,4.77,3.2,3.5,1.6,6.93,5.67,-1,6,8.3,1.75,6.79,10,7.7,6.04,7.1,0.35,8.7,3.5,14.97,6.95,6.57,2.09,,2.92,42,41,20,-1,83,0.5343121266,0.6190352642
Michigan,Alabama,-13.5,-6.96,8.28,-8.13,-18.58,-13.76,-10.29,-9.41,-9.07,-9,7.31,-8,-4.83,8.79,-10.85,-6.77,-7.69,-3.1,-8,-2,-14.54,-0.67,-5.65,-13.77,-10.88,1.14,,-2,-9.1,-8.5,-10.36,-7.68,-11,-12.3,-12.52,-14.74,-11.5,0.01,-7.2,-7.23,-5.69,-15,-7.3,-16.11,-13.5,-0.27,-8.5,-12.5,-13.78,-11.4,-10.84,-11.29,,6.18,13,19,20,6,32,0.6334769703,0.3258355355
Mississippi,Duke,17.5,14.94,11.26,19.88,18.78,15.4,18.92,17.58,14.93,10,7.82,9.5,14.94,13.12,20.2,8.91,15.88,10.52,10,17.9,18.82,15.08,5.35,22.15,14.47,12.98,,4,20.9,16.5,17.11,14.39,15,16.5,14.05,19.76,14,15,19.2,8.75,21.54,21,20.1,19.86,22.1,0.49,20.6,17.5,23.81,20.1,16.9,13.73,,5.01,20,52,20,32,72,0.46123865,0.8299364758
Missouri,Iowa,2.5,-0.2,11.2,-0.03,2.66,-3.27,0.46,-1.07,-0.08,2,17.08,2,-0.29,8.04,-5.37,-2.39,-0.05,-3.71,-1,-1.9,0.03,-0.81,6.6,-2.38,-2.03,-1.21,,0.01,-2.8,-0.2,0.41,0.66,3,-0.1,0.81,-3.29,2.5,2,-4.4,1.4,-7.47,2,-4,-1.58,0.01,0.29,-3.4,2,12.28,-3.6,-3.13,3.83,,4.41,24,27,20,3,51,0.4385041538,0.4987893856
NC St.,East Carolina,6.5,8.45,24.45,9.1,2.01,4.59,4.35,7.9,7.87,3,18.24,1,10.24,27.8,7.66,4.29,8.79,7.21,-2,11.6,6.49,14.82,5.43,9.28,7.17,8.98,,-0.5,9.6,8,9.36,8.17,5.5,6.6,5.15,6.91,5,15,11.5,8.4,10.69,8,10.8,8.45,7.6,1.24,11.1,6.5,13.18,3.7,10.99,7.37,,5.54,26,21,20,-5,47,0.5541640789,0.6994265082
Navy,Oklahoma,-3,-8.74,-26.38,-14.48,-2.84,-2.76,0.55,-7.85,-8.94,0.25,-32.91,4,-10.57,-22.87,-6.48,0.47,-8.08,-2.81,5,-8.5,-12.21,-5.82,3.56,-9.72,-4.51,0.67,,-1,-1.7,-8.62,-13.59,-8.77,-4.5,-9.7,-9.95,-6.97,-8.5,-9,-17.3,-2.8,-11.39,-10,-15.1,-9.57,-10.4,-1.11,-14.8,-3.5,-4.87,-5.35,-6.24,,,7.92,20,21,20,1,41,0.3872986763,0.3243817119
Nebraska,Boston College,4,3.36,-0.04,3.53,-1.15,1.25,-3.68,3.67,0.85,-1,4.51,-2,3.03,-2.49,5.17,2.57,1.52,2.94,-1,0.1,5.74,-1.81,-1.97,1.36,2.49,1.47,,2,6.7,1.47,0.37,3.78,2.5,-0.2,0.15,1.78,3.5,-1,2.5,-0.79,-1.48,-1,3.4,2.59,2.6,-0.15,2.5,4,12.51,6.85,-1.32,0.07,,2.61,15,20,20,5,35,0.4387429402,0.5376374053
North Carolina,Connecticut,2.5,7.21,19.72,14.08,0.25,5.17,1.45,6.58,7.59,1,22.38,-1,8.64,18.28,11.1,2.71,7.56,4.25,-2,6.6,7.83,9.04,4.96,7.13,5.51,2.62,,2.5,8.9,7.21,10.12,7.31,2,4.6,4.26,6.4,4.5,14,12.3,2.45,10.55,6,11.5,7.42,8.4,0.78,11.3,3.5,10.83,5.8,7.39,1.91,,5.25,27,14,20,-13,41,0.6189211498,0.6744297974
Oregon,Ohio St.,-2.5,-1.16,2.12,-5.09,-5.28,-4.84,-8.92,-2.08,-3.61,1,5.43,4,-1.88,0.34,-5.73,0.29,-1.2,-0.27,,-3.1,0.34,0.61,11.63,-7.74,-2.29,2.48,,-1.5,-5.4,-1.3,-3.71,0.56,-2.5,-1.4,-1.3,-6.26,-1,3,1.3,0.46,0.13,-3,1.6,-4.52,-6.7,17.72,0.6,-2.5,0.3,-2.5,-5.54,2.43,,4.38,41,21,20,-20,62,0.5314602631,0.4709552984
San Jose St.,South Florida,2.5,-2.74,6.25,2.06,-1.37,0.33,-3.67,-4.1,0.97,-1,9.27,3.5,-3.32,4.64,3.27,3.6,0.81,1.46,1,0.6,7.41,3.8,8.97,-0.25,0.83,0.48,,6,0.2,0.48,1.41,-1.3,3.5,1.2,-1.31,-0.66,2.5,1,-0.7,3.85,-8.5,-1,-2.4,-0.33,-5.1,0.83,-2.6,2.5,-5.33,4.75,-0.4,1.87,,3.85,41,39,20,-2,80,0.4587979113,0.5197748798
TCU,Louisiana-Lafayette,11.5,10.5,7.67,13.47,3.54,7.06,4.76,12.24,5.59,1,13.04,-0.5,11.92,4.79,9.16,3.66,8.35,8.73,-1,15.3,9.13,12.63,-1.75,10.4,6.84,11.18,,-0.5,7,9.13,11.95,8.72,13.5,9.2,7.16,9.24,9.5,11,13.4,4.55,4.65,7,12.9,8.83,9.3,1.02,12,11.5,3.32,5.35,15.26,10.72,,4.71,3,34,20,31,37,0.4245578351,0.6929765536
Texas St.,North Texas,13.5,9.41,7.09,5.34,11.86,9.27,11.12,12.14,8.74,5,5.63,8,10.69,7.87,9.83,5.93,9.28,7.48,9,12.8,9.13,14.19,3.58,12.67,11.35,12.44,,3,12.4,9.3,7.1,6.86,10,10.6,7.81,10.91,7.5,11,9.1,10.09,12.46,11,9.3,14.49,10.4,0.29,8.6,12.5,21.49,7,9.71,8.81,,2.89,28,30,20,2,58,0.3968348238,0.7174079524
Texas-San Antonio,Coastal Carolina,10,5.02,1.33,-1.08,5.93,1.31,0.81,7.96,1.97,-5,3.87,-5,5.14,-0.03,-2.66,0.83,1.27,4.27,2,7.2,1.23,3.15,-1.01,-3.72,-4.9,8.91,,2,-2.5,1.23,-2.97,2.87,10,4.1,-1.08,-3.9,5.5,6,0.8,0.22,3.32,1,3.6,-3.42,2.1,-0.7,2.6,8.5,3.09,14.75,1.07,-9.64,,4.09,15,44,20,29,59,0.2971733839,0.5308761916
Toledo,Pittsburgh,-6.5,-10.31,12.14,-12.47,-9.87,-8.88,-9.18,-13.42,-8.9,-5,5,-5,-9.96,15.99,-12.51,-7.34,-8.7,-12.05,-3,-14.8,-8.45,-14.91,-5.22,-13.33,-9.66,-11.84,,3,-8.4,-9.87,-10.77,-9.09,-7,-6.8,-7.21,-10.63,-9.5,-20,-13.6,-12.93,-3.94,-13,-14.1,-11.91,-9.3,-2.9,-12.7,-7,-9.11,-8.15,-14.4,-7.22,,6.83,46,48,20,2,94,0.4493443972,0.3073118665
USC,Texas A&M,-4,-1.49,3.35,-0.65,-3.84,0.2,-4.72,-1.1,-2.11,-4,-0.36,-5,-0.45,5.35,1.76,-1.5,-1.05,0.02,-2,-0.6,0.61,-3.84,-3.4,-0.51,-0.65,4.37,,0.01,0.5,-0.85,-0.85,-3.17,-3,-3.1,0.26,-0.85,-2.5,-3,-1,-3.47,1.95,-4,-2.7,-0.95,-1.7,-0.43,-2.1,-3.5,20.17,3.25,-0.81,-7.67,,2.36,31,35,20,4,66,0.5729170079,0.4739188757
Vanderbilt,Georgia Tech,-3,-3.54,-15.97,-4.05,-5.43,0.89,3.52,-2.83,-1.2,-1,-13.86,-3.5,-3.91,-17.1,1.55,-0.07,-2.96,-2.27,-2,-1.6,-1.17,-1.84,-0.69,1.07,-0.55,-3.31,,-7,-1.6,-2.02,-2.02,-4.16,-2.5,-0.8,-0.73,0.71,-2.5,-4,-5.5,-2.8,-5.75,2,-5.1,0.97,-1.8,-0.57,-5.6,-3,3.68,-4.85,-5.74,1.56,,4.22,27,35,20,8,62,0.5009714568,0.4284992787
Virginia Tech,Minnesota,-10,-1.8,5.07,-2.97,-6.51,-0.03,-3.58,-3.41,-0.57,-1,11.21,0.01,-1.79,1.75,-3.71,-1.01,-0.9,-2.24,-2,-1.7,0.32,-3.27,-0.61,-1,0.62,-5.95,,6,-2,-1,-0.12,-0.81,-6.5,-3.7,0.39,0.3,-4.5,-3,-1,-2.1,-2.04,1,-1.9,2.15,1,-0.28,-0.6,-8.5,12.73,1.2,-1.1,-3.3,,3.01,24,10,20,-14,34,0.713344439,0.4777906806
Washington,Louisville,-2.5,-7.93,14.44,-4.26,-10.43,-11.71,-14.63,-10.81,-8.6,-10,7.57,-11.5,-7.41,18.14,-7.31,-6.27,-6.98,-6.11,-7,-10.7,-6.93,-7.61,-2.35,-13.64,-9.97,-2.87,,-1.5,-10.7,-8.25,-8.79,-6.82,-3,-2.2,-9.55,-13.35,-5,-6,-5.6,-9.33,-8.25,-14,-7.1,-14.06,-12.1,-0.75,-7.4,-3.5,-8.81,-8.4,-11.91,-13.12,,6.66,35,34,20,-1,69,0.3973330931,0.342559274
Washington St.,Syracuse,-17,-5.14,4.91,1.6,-1.92,-4.92,-6.66,-7.89,-5.33,-10,13.45,-10.5,-4.89,0.32,-2.5,-5.42,-5.25,-9.75,-1,-11.2,2.16,-15.04,-8.35,-6.55,-6.04,-17.73,,3.5,-5.3,-5.99,-3.21,-3.28,-14,-7.1,-1.73,-4.77,-5.5,-18,-5.2,-9.1,-5.99,-9,-7.4,-6.71,-4.6,-1.75,-6.3,-15.5,-1.66,-6.2,-7.72,-13.17,,5.70,52,35,20,-17,87,0.7569766841,0.3778047306
Penn St.,Notre Dame,-1,-2.95,2.14,-2.71,1.13,-5.53,-5.25,-3.96,-6.72,-6,-1.05,-7.5,-2.51,3.85,-3.95,-1.42,-2.95,-4.15,1,-5.4,-0.89,0.01,1.05,-5.07,-3.08,-3.24,,-3,-1.3,-2.84,-4.14,-3.05,-1,-2.4,-3.08,-5.65,0,-1,-1.6,-1.4,-2.49,-10,-2.3,-5.86,-5,0.3,-2.6,-1,-9.24,-0.45,,-2.73,,2.69,27,24,21,-3,51,0.4518035487,0.4273159958
Texas,Ohio St.,-6,-3.4,0.49,-7.05,-2.27,-2.22,-3.09,-5.65,-1.51,-1,-1.16,-2.5,-3.08,1.38,-4.78,-3.37,-2.56,-4.19,2,-6.9,-2.31,0.01,-4.98,-3.55,-2.91,-8.46,,-1.5,-8.8,-2.41,-2.29,-2.23,-5.5,-5.2,0.18,-3.17,7,-4,1.6,-0.35,-4.37,2,0.5,-3.34,-2.7,-1.53,1.1,-5,-0.64,-1.7,,-0.42,,2.74,28,14,21,-14,42,0.5845439316,0.4368709014
Notre Dame,Ohio St.,-8,-2.51,-4.64,-5.11,-4.66,-0.99,-0.51,-3.2,1.04,1,1.04,1.5,-2.38,-7.69,-4.36,-2.19,-2.44,-0.66,0,-2,-6.3,0.01,-4.85,-3.83,-2.33,-4.1,,0.01,-7.7,-2.48,-1.85,-2.45,-8,-6.8,-1.91,-2.3,-9.5,-3,-2.8,0.35,-4.61,4,-2.8,-2.68,-3,-0.35,-2.7,-6.5,-5.6,-4.65,,-0.46,,2.51,34,23,22,-11,57,0.6353115112,0.4396637757
