Home,Road,line,linesag,linepayne,linemassey,linebmc,linepfz,linelaz,linemoore,linesagelo,linemarsee,linenutshell,lineargh,linecpa,linehow,linesagpred,linecparetro,linekam,linerwp,lineavg,lineelo,linethocal,lineborn,linedokter,linesuper,linedunk,linebill,linecovers,linebihl,linebill2,linethoavg,linefremeau,linemedian,linesaggm,linefox,lineopen,linepig,linenscombo,linecons,linecong,linesportrends,linepibias,linel2,linelaffaye,linebmc2,lineash,linepimean,lineca,lineburdorf,linekeep,linekerns,linel2hf,linedoi,linelog,linegirl,lineatom,linethoats,linemds,linedwig,linepiratings,linecather,linehorobik,linenseye,linedonchess,linefeng,linerba,linetempo,linemidweek,lineps,lineclean,linecurry,linepugh,lineloud,linestd,vscore,hscore,week,actual,total
Arizona,UNLV,23.5,18.02,25.19,24.5,22.34,14.57,20.46,18.39,18.02,19,-13,23,27.92,21.5,18.02,27.92,33.19,11.37,20.28,18.48,22.4,20.85,23.53,32.83,26.67,11.13,3,,13.76,22.18,27,20.92,18.02,20,24,23,,24.03,10.2,14,30.4,,29.5,,20,35.2,23.5,18.6,28.37,24.6,,23.49,,,22.72,22.4,10.8,24,29.9,19,22,,12.46,20.4,21,8,24,,,16.4,25.27,,8.01,13,58,1,45,71
Auburn,Arkansas,18.5,12.15,24.2,20.5,31.87,27.85,13.22,25.49,12.15,35,20,23,30.92,16,12.15,30.92,21,17.1,22.51,25.61,21.1,30.05,22.06,34,17.36,19.46,21,,24.8,24.51,23,23,12.15,25,21.5,23,,26.79,29.79,12,23,,28.3,,24,14.4,19,26.2,25.6,25.3,,23.97,,,20.23,18.9,15.96,30,22.3,37,30,,25.58,11.9,17,13,20.5,,,34.4,17.18,,6.43,21,45,1,24,66
Baylor,SMU,33,22.74,32.67,24.5,29.37,27.82,24.25,24.32,22.74,34,31.5,28,31.42,23.5,22.74,31.42,39.37,16.84,27.8,24.82,31.9,30.45,31.32,37.25,35.93,20.92,20.5,,26.74,30.37,24,28.25,22.74,33,31.5,30,,32.03,17.04,19.5,37,,32.2,,32,27.5,32.5,22.2,41.17,45.8,,28.49,,,30.14,31.9,17.37,30,26.2,32,19,,21.83,15.9,34,15,32,,,31,31.85,,6.54,0,45,1,45,45
Boise St.,Mississippi,-11,-1.42,-9.68,-7.5,-14.86,-8.88,1.52,-7.2,-1.42,-2,-4,-12,-14,5,-1.42,-14,-1.27,-5.07,-5.87,-7.92,-9.9,-5.1,-7.55,-0.92,-12.98,-1.04,-15,,-1.38,-8.87,2,-6,-1.42,-5,-10,-6,,-6.01,-8.4,5,-13.3,,-11.2,,-5,-10,-10.5,-12,-9.05,0.3,,-10.53,,,-2.91,-12.1,-1.66,-6,-15.3,-11,-11,,-7.49,-4.9,-3,2,-9.5,,,-8.6,0.79,,5.13,35,13,1,-22,48
Central Florida,Penn St.,2,-1,-0.74,3.5,0.64,4.05,-0.41,2.89,-1,13,-2,11,5,4,-1,5,3.5,3.48,3.56,-0.4,2.6,2.7,-0.2,8.92,-1.45,3.96,0.01,,5.24,3.11,9,3.38,-1,6,0,1,,6.66,13.31,6.5,-2.6,,8.5,,8,-7.4,2,2.8,4.06,9.3,,-0.92,,,-0.7,0.4,3.45,9,-1.2,7,8,,12.1,3.3,14,6,-1.5,,,6.5,2.93,,4.56,26,24,1,-2,50
Colorado,Colorado St.,3,-0.27,-0.58,2.5,-4.67,-14.84,-1.35,-8.58,-0.27,-11,-19,9,0.2,-2.5,-0.27,0.2,-5.57,-0.19,-3.86,1.73,1.9,-13.2,1.98,-3.25,-13.39,-1.67,0.01,,-2.21,-1.53,-3,-2.35,-0.27,-10,3,-3,,-5.63,-2.16,-16,6,,4.8,,-4,-0.5,2,-5.7,-6.08,0.3,,3.93,,,-3.95,1.9,-1.6,-2,10.7,-12,-8,,1.01,2.8,-17,-5,3,,,-13.7,-4.49,,6.19,31,17,1,-14,48
Connecticut,BYU,-16,-12.87,-16.94,-14.5,-14.94,-13.2,-13.6,-4.72,-12.87,-22,-2.5,-18,-25.78,-11.5,-12.87,-25.78,-13.32,-11.48,-14.54,-11.1,-17.1,-12.35,-18.13,-31.67,-19.54,-12.21,3,,-17.15,-17.66,-13,-13.8,-12.87,-13,-17,-16,,-19.1,-20.02,-16.5,-23.8,,-22.4,,-17,-15.5,-16,-10.7,-26.46,-17.8,,-16.59,,,-10.21,-17.1,-6.19,-19,-24.3,-20,-8,,-11.12,-10.6,-10,-8,-17,,,-7.2,-17.06,,5.88,35,10,1,-25,45
Georgia,Clemson,7.5,8.68,7.25,0.5,9.92,-3.48,3.64,-1.76,8.68,1,3,11,4.62,3.5,8.68,4.62,3.6,-1.69,3.51,2.84,6.4,-4.65,4.59,2.67,10.18,3.21,9,,3.28,5.35,6,3.39,8.68,-3,8.5,6,,2.13,2.38,-1.5,8.7,,-5.8,,3,-1.7,7,-1.6,5.51,-1.9,,8.08,,,3.86,6.4,2.73,-2,9.7,3,1,,-1.29,8,6,-1,9.5,,,-8.3,2.71,,4.50,21,45,1,24,66
Hawaii,Washington,-17,-21.53,-22.51,-23.5,-23.14,-27.5,-17.96,-27.89,-21.53,-27,-17,-21,-34.18,-18,-21.53,-34.18,-24.4,-18.71,-24.18,-26.77,-21.1,-34.05,-23.08,-31.33,-13.83,-18.04,-8,,-24.88,-24.67,-27,-24.94,-21.53,-29,-19.5,-28,,-29.12,-23.75,-18,-28.2,,-28.7,,-27,-29.5,-18,-30,-30.09,-28.2,,-22.31,,,-20.99,-18.1,-7.64,-29,-27.8,-34,-30,,-25.86,-12.8,-24,-14,-20,,,-30.6,-26.8,,6.13,17,16,1,-1,33
Houston,Texas-San Antonio,11,15.43,12.4,9.5,14.81,5.51,15.32,10.05,15.43,11,20.5,4,6.92,12.5,15.43,6.92,10.5,5.97,11.93,10.47,11.6,16.55,16.39,17.33,14.02,11.13,3,,13.76,12.75,14,13,15.43,18,12.5,11,,14.28,4.01,,16.1,,18.9,,15,10.3,11,6.3,14.79,13.7,,9.45,,,7.57,9.4,8.85,3,15.2,13,5.5,,7.07,13.9,22,5,13,,,6.4,20.08,,4.72,27,7,1,-20,34
Kent,Ohio,3,-1.83,1.74,5.5,6.73,3.39,2.38,10.83,-1.83,3,14.5,4,-0.88,0.01,-1.83,-0.88,6.27,-1.76,3.65,6.7,3.6,10.85,4.95,-7.42,-1.36,-3.67,3,,-5.83,4.25,9,3.12,-1.83,7,2,-2,,3.14,2.39,7,3.1,,12.4,,10,-9.8,3,14.4,10.74,-5.4,,-2.6,,,11.26,1.4,3.43,6,1.4,10,10.5,,4,0.8,10,2,1.5,,,5.8,2.15,,5.62,17,14,1,-3,31
Louisiana-Monroe,Wake Forest,2,0.01,-5.89,-6.5,-1.21,3.86,-3.18,-8.78,0.01,1,-1,11,5.82,5,0.01,5.82,-8.23,-2.3,-0.7,-6.93,0.4,-10.85,-3.5,0.42,1.35,2.79,3,,2.72,-0.46,-2,-1,0.01,-6,-4,-1,,1.03,8.49,8,-1.8,,-3.8,,6,-1.7,2,-8.5,6.48,11.8,,4.52,,,-1.02,0.4,2.1,-6,-2.1,-3,-12,,-5.01,1.5,-7,-2,-3.5,,,-6,-5.22,,5.32,10,17,1,7,27
Louisville,Miami (Fla.),3.5,2.85,1.82,6.5,10.43,21,5.13,16.45,2.85,15,9,4,11.42,8.5,2.85,11.42,10.12,6.74,7.63,6.41,4.6,16.75,4.89,8.58,5.42,3.63,3,,3.83,5.24,10,7.04,2.85,15,2.5,5,,9.52,-5,8,-4.4,,23.7,,10,-2.7,4,15.7,13.15,,,0.99,,,9.28,2.4,7.03,5,-6.6,15,15,,9.38,-0.5,21,11,3,,,17.5,7.27,,6.63,13,31,1,18,44
Massachusetts,Boston College,-17,-17.63,-21.96,-23.5,-26.37,-9.04,-16.66,-21.74,-17.63,-29,-11.5,-14,-17.38,-16,-17.63,-17.38,-24.34,-25.39,-18.72,-23.41,-18.1,-26.75,-19.9,-2.08,-11.77,-13.96,3,,-18.49,-19.52,-17,-18,-17.63,-26,-15,-26,,-15.69,-18.16,,-18.8,,-24.7,,-17,-17.5,-17,-23,-18.66,-12.6,,-14.53,,,-21.52,-18.1,-7.88,-25,-19,-25,-29.5,,-19.66,-11.1,-18,-12,-14,,,-30.9,-23.54,,6.16,30,7,1,-23,37
Miami (Ohio),Marshall,-24,-12.92,-36.12,-24.5,-33.95,-27.78,-14.1,-26.32,-12.92,-31,-6,-29,-23.88,-15.5,-12.92,-23.88,-26.53,-28.21,-24.56,-23.01,-25.1,-33.65,-26.25,-4.75,-35.21,-14.5,3,,-20.18,-28.08,-20,-26.29,-12.92,-32,-24,-32,,-23.8,-23.55,-19.5,-30.7,,-29.1,,-29,-27.5,-24,-28.5,-39.81,-32.5,,-29.39,,,-24.54,-25.1,-11.27,-35,-28.5,-39,-36,,-29.48,-12.2,-25,-17,-23,,,-34.2,-23.05,,8.90,42,27,1,-15,69
Michigan,Appalachian St.,34.5,27.75,38.57,31.5,38.63,29.79,27.44,,27.75,42,,31,42.62,27.5,27.75,42.62,,17.3,30.43,34.85,35.6,35.85,29.65,27.33,37.48,20.5,3,,26.18,34.55,34,31,27.75,38,34.5,34,,33.43,35.03,,45.7,,28.6,,29,44.2,34.5,19.6,31.13,18.9,,36.25,,,31.76,33.4,20,35,48.5,30,30.5,,,24.5,11,-2,35,,,23.9,37.47,,9.89,14,52,1,38,66
Mississippi St.,Southern Miss.,31,24.37,45.68,34.5,43,38.45,25.45,42.96,24.37,41,36,31,41.42,23,24.37,41.42,38.53,22.28,34.31,34.38,32.1,45.95,35.51,27.17,38.15,17.38,3,,22.04,36.81,26,35.76,24.37,38,29,35,,36.58,32.44,26,45.9,,29.9,,37,32.3,31,36.1,52.93,29.7,,35.44,,,32.44,29.9,17.04,46,45.4,45,43.5,,38.12,22.4,55,18,27.5,,,45,36.99,,10.35,0,49,1,49,49
NC St.,Georgia Southern,20.5,19.31,9.36,10.5,15.08,5.78,9.35,,19.31,16,,11,28.82,17.5,19.31,28.82,,0.3,11.42,-0.12,19.4,11.15,6.12,5.92,6.23,14.25,3,,17.9,15.42,18,11.98,19.31,12,23,20,,10.44,22.06,,14.9,,9.6,,8,19.7,19.5,-13,12.64,-3.3,,12.18,,,5.94,19.4,12.98,10,18.8,5,15,,,5.7,7,-2,23,,,-2.7,11.96,,8.12,23,24,1,1,47
Navy,Ohio St.,-16.5,-17.85,-17.06,-11.5,-12.85,-16.07,-14.4,-15.44,-17.85,-12,-10,-7,-9.5,-9.5,-17.85,-9.5,-16.59,-6.93,-14.09,-14.77,-14.9,-19.7,-16.18,-21.58,-10.26,-10,-13,,-13.25,-15.01,-13,-13.83,-17.85,-20,-17.5,-20,,-15.49,-9.21,-18,-11.8,,-7,,-17,-11.7,-16.5,-7.2,-11.92,-18.5,,-17.07,,,-17.53,-17.1,-9.61,-15,-11.5,-12,-16,,-8.85,-6.4,-25,-8,-19,,,-11.3,-19.09,,4.19,34,17,1,-17,51
Nebraska,Florida Atlantic,21.5,20.96,17.35,14.5,19.68,9.64,19.84,15.48,20.96,12,5,18,20.92,19.5,20.96,20.92,16.31,8.85,17.9,8.68,20.4,19.55,22.78,38.08,25.95,21.96,15,,28.12,19.37,20,19.53,20.96,16,23.5,27,,21.82,16.53,15.5,23.9,,10.9,,14,19.7,21.5,11.1,9.28,8.7,,23.36,,,20.58,20.4,8.92,20,24,7,18,,10.03,15,35,4,25,,,18.6,22.74,,6.42,7,55,1,48,62
New Mexico,UTEP,7.5,7.07,12.65,6.5,10.25,11.77,5.74,10.07,7.07,12,16.5,4,7.62,4.5,7.07,7.62,9.82,6.95,7.96,8.56,8.6,18.15,7.44,0.33,-1.12,3.63,3,,3.83,8,2,7.07,7.07,9,7.5,14,,6.16,6.42,4.5,2.6,,28.9,,9,1.5,7.5,8.5,13.72,10.3,,6.82,,,10.2,6.4,6.27,14,4.7,6,14.5,,6.39,1,18,5,7,,,11.4,5.65,,5.13,31,24,1,-7,55
Northwestern,California,11,8.95,12.53,12.5,18.29,28.01,8.25,20.03,8.95,18,15.5,14,16.32,12.5,8.95,16.32,13.3,11.88,15.22,15.4,12.1,20.45,16.71,18.75,19.23,10.08,3,,12.38,15.68,19,14.77,8.95,20,12,13,,17.3,25.22,20,14.8,,26.4,,16,8.1,11.5,18.5,11.77,17.5,,11.4,,,14.13,9.9,8.07,27,12.7,23,23.5,,13.97,8,28,8,13,,,16.8,13.19,,5.70,31,24,1,-7,55
Notre Dame,Rice,21,25.93,17.41,19.5,16.15,7.99,17.46,17.19,25.93,11,3.5,16,24.92,17,25.93,24.92,21.57,7.27,17.47,12.92,19.9,18.55,23.05,28.08,15.73,11.75,17.5,,14.59,19.7,27,17.44,25.93,17,24,20,,19.42,18.89,16,24,,17.4,,14,20,20.5,14.5,18.21,6.9,,16.21,,,17.42,19.9,8.65,14,24.1,13,20.5,,7.88,15.2,21,5,26,,,18.4,19.88,,5.73,17,48,1,31,65
Oklahoma,Louisiana Tech,38,36.34,41.59,35.5,43,23.28,28.18,47.01,36.34,43,36,33,39.72,28,36.34,39.72,38.65,21.98,37.55,38.19,39.1,51.95,41.17,48,52.16,24.25,25,,31.15,40.7,38,38,36.34,42,38,38,,40.04,33.17,18.5,47.4,,29.8,,35,29.7,38,53.3,42.3,19,,38.47,,,34.21,36.9,19.41,58,48.9,53,50.5,,44.69,27.1,38,18,38,,,56.1,35.77,,9.73,16,48,1,32,64
Oklahoma St.,Florida St.,-18.5,-8.27,-15.6,-6.5,-21.35,-13.33,-4.96,-10.74,-8.27,-13,-6,-23,-23.6,-7,-8.27,-23.6,-14.09,-4.92,-14.49,-17.86,-16.9,-12.7,-17.81,-6.17,-21.72,-7.5,-13.5,,-10.21,-17.32,-9,-14.05,-8.27,-15,-17,-18,,-6.62,-13.77,-13.5,-21.9,,-14.7,,-14,-18.3,-18,-18.3,-26.33,-18.4,,-15.35,,,-18.08,-19.1,-15.08,-23,-19,-24,-16.5,,-7.06,-12.7,-14,-9,-17.5,,,-14.6,-6.6,,5.86,37,31,1,-6,68
Purdue,Western Mich.,10,10.13,14.21,15.5,14.06,-2.73,10.46,10.09,10.13,12,6.5,12,17.32,8.5,10.13,17.32,6.07,6.03,9.97,11.64,11.1,12.45,15.58,-5.42,9.09,7.38,3,,8.8,11.65,3,10.11,10.13,8,13,17,,8.12,9.76,7,16.3,,8,,9,14.7,10,6.4,10,1.9,,10.94,,,11.91,8.9,5.25,13,18.5,8,6.5,,8.5,6.6,17,3,12.5,,,9.8,11.53,,4.42,34,43,1,9,77
South Carolina,Texas A&M,11,0.59,10.31,4.5,12.02,7.03,3.61,8.99,0.59,9,11,10,8.32,9.5,0.59,8.32,8.83,4.77,7.84,4.49,9.9,12.75,11.08,7.42,14.9,5.29,10.5,,6.04,10.87,11,8.7,0.59,7,10.5,8,,8.57,9.13,-3.5,11.5,,28,,9,12.4,10.5,8.1,17.76,4.3,,9.44,,,8.38,9.9,4.94,11,10.4,16,5.5,,6.08,1.3,11,2,12,,,12.4,2.64,,4.85,52,28,1,-24,80
Tennessee,Utah St.,6,5.37,0.77,2.5,5.82,-14.73,1.78,-1.55,5.37,-5,-5.5,2,6.32,-2,5.37,6.32,-4.11,-1.27,0.16,7.07,4.9,-5.55,4.7,-3.33,-6.11,1.13,3,,0.52,2.46,-1,0.7,5.37,-4,6.5,4,,-2.31,-4.24,-12,10.1,,-12.6,,3,17,5,-1.3,-4.61,-9,,0.63,,,1.51,4.9,2.21,-8,12,-3,1,,4.47,2.4,-3,-5,7.5,,,-2.9,-3.18,,5.75,7,38,1,31,45
Texas,North Texas,25.5,19.83,11.4,15.5,23.51,5.2,18.55,12.62,19.83,7,5.5,15,23.12,14,19.83,23.12,14.72,5.01,14.36,12.3,24.4,11.35,24.21,25.92,14.5,14.67,3,,18.46,18.61,23,14.69,19.83,13,24.5,22,,18.4,15.98,8,10.1,,11.1,,14,17,24,4.6,19.44,-0.7,,20.98,,,17.65,24.4,6.7,14,12,11,8,,7.78,20.2,21,-2,25.5,,,7.6,19.24,,6.40,7,38,1,31,45
Tulsa,Tulane,7,1.97,-6.25,-1.5,-0.17,-3.72,6.98,-3.39,1.97,-7,-14,2,6.52,10,1.97,6.52,0.54,-6.18,0.95,-6.14,5.4,-6.35,1.98,10,-8.67,8.63,3,,10.45,1.71,7,1.55,1.97,-4,3,6,,0.01,-2.45,13,4.7,,-6.8,,0.01,11.2,6.5,-7.7,-2.34,-10.6,,9.55,,,5.88,5.4,1.14,-2,5,-4,-7,,-3.43,8,3,-3,3.5,,,-3,7.41,,6.17,31,38,1,7,69
UAB,Troy St.,3,-3.73,-12.52,-6.5,-7.57,-8.4,-2.67,-11.78,-3.73,-11,-4.5,-4,-5.68,-7.5,-3.73,-5.68,-10.04,-7.5,-6.1,-12.8,1.9,-15.65,-0.15,3.08,2.84,-4.29,3,,-6.66,-3.76,1,-4.91,-3.73,-9,0,-7,,-4.83,-0.58,-6.5,-2,,-11.8,,-3,-4,1.5,-11.9,-1.53,-10.6,,-1.86,,,-1.25,1.9,-1,-15,-2.7,-15,-16,,-13.91,-0.6,-4,-7,1,,,-15.9,-7.33,,4.93,10,48,1,38,58
USC,Fresno St.,21.5,15.41,19.54,16.5,18.9,4.93,13.15,16.28,15.41,12,4.5,16,22.02,12.5,15.41,22.02,9.97,6.36,15.19,15.76,20.9,16.85,20.77,18.5,15.7,9.25,19,,11.28,18.66,23,15.71,15.41,16,22,15,,15.2,9.07,-1,27.3,,27.4,,15,24.4,20.5,20.8,17.31,-1.5,,19.64,,,20.92,20.9,7.41,15,26.3,20,18,,8.54,14,11,3,21.5,,,17.9,15.72,,6.06,13,52,1,39,65
Vanderbilt,Temple,14,17.61,18.53,21.5,18.94,19.72,14.24,21.82,17.61,30,1.5,18,13.02,17,17.61,13.02,13.9,16.59,15.45,17.7,15.1,18.65,16.36,30.42,18.83,12.58,3,,15.7,15.76,9,16.63,17.61,18,17,16,,22.08,18.6,12,15.9,,23.2,,8,16.9,14,15.4,9.43,14.5,,15.49,,,11.07,12.9,8.85,21,17.2,15,9,,19.28,6.6,18,6,17,,,25.2,16.99,,5.33,37,7,1,-30,44
Virginia,UCLA,-21,-20.32,-22.05,-23.5,-24.26,-22.45,-14.71,-26.54,-20.32,-29,-19,-17,-29.78,-14.5,-20.32,-29.78,-22.49,-16.44,-21.35,-23.07,-22.1,-30.85,-22.78,-38.42,-36.93,-14.71,-15.5,,-20.46,-22.46,-19,-20.92,-20.32,-27,-23.5,-20,,-24.93,-20.84,-17,-24,,-27.1,,-20,-6.9,-21,-32.7,-15.18,-19.5,,-21.51,,,-17.93,-22.1,-7.15,-22,-22.1,-28,-27.5,,-19.82,-9.2,-21,-14,-24.5,,,-32.3,-19.8,,6.12,28,20,1,-8,48
Washington St.,Rutgers,8,7.95,14.42,-13.5,12.51,2.08,5.48,9.34,7.95,11,9,5,6.7,1,7.95,6.7,5.44,8.86,7.83,16.57,9.1,13.8,9.76,8,6.16,3.96,0.01,,5.24,8.59,5,7.87,7.95,8,9,8,,7.69,-5.7,-6,14.3,,29,,8,7.5,8,14.6,14.49,7,,5.9,,,7.51,6.9,1.66,22,15.7,12,11,,10.73,7.7,1,2,8,,,9.2,7.12,,6.94,41,38,1,-3,79
West Va.,Alabama,-26,-22.65,-27.45,-23.5,-29.15,-29,-19.73,-24.97,-22.65,-28,-23.5,-17,-28.7,-25,-22.65,-28.7,-33.58,-17.67,-24.73,-29.91,-24.9,-27.3,-26.2,-32.58,-29.89,-15,-25,,-19.87,-25.16,-25,-25,-22.65,-27,-26.5,-25,,-25.95,-15.47,-28,-24.8,,-29.9,,-27,-22.8,-26,-24.6,-27.83,-27.5,,-25.22,,,-21.37,-27.1,-16.78,-21,-24,-24,-27.5,,-24.4,-20.6,-31,-18,-27.5,,,-30,-28.28,,4.39,33,23,1,-10,56
Western Kentucky,Bowling Green,-7.5,-7.78,-5.67,-6.5,-12.23,-3.87,-4.81,-9.75,-7.78,-8,-15,0.25,-3.88,-0.5,-7.78,-3.88,-11.83,-4.39,-7.5,-13.47,-8.1,-16.45,-9.47,-8.17,-4.96,-3.88,3,,-6.11,-9.47,-5,-7.78,-7.78,-10,-7,-9,,-8.79,-5.38,,-13.1,,-11,,-8,1.5,-7.5,-10.5,-13.57,-2.8,,-0.86,,,-6.4,-8.1,-1.89,-8,-12.4,-16,-11,,-3.73,-1.7,-14,-7,-7.5,,,-10.6,-7.42,,4.46,31,59,1,28,90
Wisconsin,LSU,-5.5,-0.01,-4.21,-3.5,3.53,-0.16,-1.53,-6.05,-0.01,-1,-3.5,-5,-1.7,-5.5,-0.01,-1.7,-3.29,-2.56,-2,-2.03,-3.9,3,-2.65,-4.25,-6.87,-1.04,2,,-1.38,-2.13,-4,-1.54,-0.01,0.01,-4,-1,,-1.55,-11.31,0.5,-1.3,,-3,,4,-4.8,-5,-8.6,3.91,3.5,,-6.97,,,0.98,-6.1,0.25,-5,-3.4,4,-5.5,,-6.34,-8.6,-7,2,-6,,,-3.4,-0.4,,3.47,28,24,1,-4,52
Alabama,Florida Atlantic,40,39.07,44.1,,37.91,35.57,36.96,32.82,40.44,31,21,26,47.41,30.5,38.42,41.8,40.09,17.75,35.59,31.38,38.9,38.65,37.89,50.33,44.31,23.6,28.41,,32.81,36.94,41,36.58,39.79,35,40,41,,38.4,24.41,35,42.6,,30.2,34.58,38,34.4,39.5,32.2,35.25,24.9,,38.8,,37,33.96,38.9,21.46,39,42.3,34,39,,26.26,32.4,55,22,40,,36.2,37.3,44.77,,7.39,0,41,2,41,41
Army,Buffalo,3,6.57,3.55,,-6.68,0.4,2.29,-10.26,6.1,-13,-14.5,-2,1.72,-5,3.98,1,-8.2,-8.85,-3.27,-15.26,2.4,-7.25,-3.49,6.17,5.42,-1.21,3,,-2.77,0.93,6,-3,6.5,-5,3,-2,,-5.74,-0.8,-7.5,-0.8,,-10.6,-3.18,-4,6.9,2.5,-6.6,-2,,,-1.93,,-10.2,2.88,2.4,-1,-14,-1.1,-7,-5.5,,-5.34,3.8,-4,-6,3.5,,-15.7,-14.2,-3.49,,6.11,39,47,2,8,86
Auburn,San Jose St.,33,28.26,29.33,,40.73,14.65,19.03,33.28,28.14,24,27.5,23,32.89,14,28.8,40,23.95,15.7,28.3,31.58,29.9,32.05,28.72,36,34.51,21.21,23,,24.49,29.44,33,29.49,20.83,30,31,33,,29.94,17.77,1,41.6,,33.9,44.27,29,38.2,33,31.3,30.96,19.5,,31.53,,31.8,34.02,29.9,16.66,33,41.7,33,35.5,,14.93,19.7,25,18,31,,33.3,36.8,21.64,,7.66,13,59,2,46,72
Boise St.,Colorado St.,9,14.06,5.32,,4.85,1,0.12,1.09,11.1,1,-3.5,5,10.46,13.5,15.36,14.15,10.97,3.31,8.47,10.19,9.4,-0.75,10.98,26.92,16.36,12.08,7.47,,13.73,10.23,19,8.94,6.05,9,10.5,7,,5.38,8.87,18,11.8,,23.5,6.8,7,17.4,9,-2.4,12.05,7.5,,10.01,,13.3,9.44,9.4,6.96,9,11.5,1,-0.5,,6.1,16,13,6,10.5,,8.2,2.4,14.11,,5.74,24,37,2,13,61
Boston College,Pittsburgh,-4.5,-1.73,-11.45,,0.62,-4.96,-9.65,-3.85,-4.42,-3,11,-5,-9.71,-1,-1.12,-3.1,-0.33,0.76,-3.44,5.3,-5.1,-11.25,-7.74,-4.5,0.22,1.13,3.4,,-2.37,-4.93,-9,-3.63,-5.44,-4,-4,-9,,-4.85,-3.08,-5,-9.1,,10.6,-1.33,-2,-12.3,-4.5,-9.9,-3.41,3.6,,-8.99,,-3,-4.03,-5.1,0.42,-12,-9.1,-11,-7.5,,-2.05,-1.2,4,2,-4,,9.1,-4,-6.94,,5.55,30,20,2,-10,50
Florida,Eastern Mich.,39.5,42.44,41.18,,54.01,21.02,38.25,39.87,42.3,34,27,25,48.15,19.5,40.65,43.4,44.18,19.11,35.78,36.79,36.9,43.15,44.25,24.5,40.47,22.75,12,,28.72,36.27,28,37.91,40.77,39,38,44,,31.72,23.36,34.5,40.6,,30,48,35,37.6,39.5,37.6,43.43,19.1,,36.73,,36.2,37.81,36.9,17.72,43,40.7,38,36.5,,29.36,29.5,46,21,38,,39.8,33.6,42.68,,9.33,0,65,2,65,65
Georgia St.,New Mexico St.,-1,2.96,1.96,,4.27,-1.64,-13.43,12.14,0.92,-4,12,-0.25,-2.17,0.01,3.27,2.83,,-2.96,1.89,10.71,-0.1,-3.35,4.61,2.58,-6.74,2.17,3,,0.4,-0.05,8,2,1.99,3,1.5,-2,,2.01,-3.8,,-7.3,,17.7,6.33,2,-7.7,-0.5,-6.2,9.5,4.1,,4.81,,1.8,6.98,-1.1,2.67,-1,-8,1,13.5,,1.35,0.7,11,10,0,,14.9,-7.3,-3.9,,6.38,34,31,2,-3,65
Hawaii,Oregon St.,-9.5,-15.58,-5.21,,-16.77,-5.3,-0.59,-17.13,-13.58,-2,-15.25,-18,-16,-13.5,-15.44,-24.4,-15.9,-14.07,-14.46,-19.19,-11.6,-8.85,-17.19,-23.5,-7.62,-10.69,-1.04,,-14.05,-15.88,-22,-15.51,-16.64,-15,-12.5,-19,,-19.32,-16.02,-20,-26.4,,-21,-12.45,-20,-22.9,-10.5,-9,-26.45,-11.5,,-12.97,,-16.9,-12.62,-11.6,-2.85,-11,-24.4,-22,-4.5,,-13.64,-11.1,-13,-4,-10.5,,-15.9,-23.7,-15.72,,6.40,38,30,2,-8,68
Illinois,Western Kentucky,4.5,9.11,-19.7,,5.52,-4.63,-6.92,-2.61,7.71,-16,-3,5,4.15,-1.5,9.34,6.99,-6.8,-1.6,-0.03,3.31,4.9,-4.25,7.51,-4.17,8.85,-6.95,-2.3,,-9.66,4.53,-3,-0.7,7.64,-5,6.5,2,,-6.06,-2.6,,11.8,,-10,9.05,-5,3.4,4.5,-8.8,4.33,-8.9,,6.3,,-4.9,-0.01,4.9,1.29,1,15.2,-3,-2.5,,-2.98,6.8,4,-2,6,,-0.7,-5.9,2.76,,7.10,34,42,2,8,76
Iowa,Ball St.,18.5,18.92,2.8,,17.25,10.72,13.8,16.64,17.44,7,10,12,27.22,4.5,19.49,21.3,13.6,5.45,14.84,11.16,18.1,19.65,17.35,14.58,19.8,6.75,10.7,,6.22,17.7,20,14.85,13.82,9,17,16,,14.98,4.02,3.5,25.2,,21,16.83,12,31.8,18,21.5,23.21,0.01,,7.59,,17.4,21.64,15.9,7.03,15,26,17,17,,8.18,12.7,28,7,17.5,,14.5,22.1,14.73,,7.08,13,17,2,4,30
Iowa St.,Kansas St.,-12.5,-13,-25.22,,-14.68,-10.68,-12.61,-10.76,-15.37,-21,-11.5,-5,-15.23,-11,-11.75,-11.97,-11.44,-9.71,-13.17,-5.77,-13.1,-12.35,-7.94,-24.33,-14.93,-13.9,-11,,-19.01,-12.4,-14,-12.8,-18.45,-18,-12.5,-11,,-19.11,-14.79,-14.5,-11.9,,-17.1,-12.48,-16,-14.9,-12.5,-10.4,-9.66,-28.3,,-11.94,,-17.8,-6.28,-13.1,-3.86,-4,-10.5,-13,-17,,-7.34,-2.8,-17,-7,-12,,-18.8,-15.7,-15.13,,5.05,32,28,2,-4,60
Kent,South Alabama,-2.5,-4.64,-8.15,,-5.13,1.05,4.23,-1.99,-3.63,1,-7.5,3,-1.72,6.5,-1.87,-3.87,-0.13,-4.81,-1.86,-1.09,-1.9,-2.65,2.46,-0.58,1.67,0.59,2.92,,0.92,-1.71,-5,-1.99,-7.87,1,0,-5,,-4.89,2.1,,-3.4,,5.8,-3.07,2,-11.6,-2.5,-7.2,-1.72,-5.1,,2.11,,-6.5,2.86,-4.1,-0.01,-5,-2.4,-5,-9.5,,-1.62,-2.4,4,-2,-3,,1.2,0.5,5.25,,4.06,23,13,2,-10,36
Kentucky,Ohio,13.5,9.01,15.68,,14.61,-0.14,14.04,8.69,9.79,-3,13,9,20.29,-2,9,10.13,10.2,0.21,8.99,7.19,11.9,16.05,13.34,-4.67,15.11,0.91,2.97,,0.43,10.85,13,9.68,7.33,10,9.5,11,,7.17,-0.57,-6.5,21,,15.4,14.57,11,13.6,13,13.3,17.51,2.2,,7.58,,3.5,12.55,11.9,3.77,10,21.8,14,1,,3.27,9.1,22,2,13,,4.4,-2,9.57,,6.60,3,20,2,17,23
Louisiana-Lafayette,Louisiana Tech,15.5,10.77,25.88,,14.29,9.26,7.41,12.18,11.94,11,6,20,13.57,14,9.91,14.7,10.86,12.84,14.26,17.25,12.9,12.75,13.14,21.08,11.23,11.13,9.11,,17.86,13.47,15,14,16.72,15,12.5,17,,19.41,24.39,6.5,15.1,,30.6,16.72,19,1,15.5,15.9,22.45,12.7,,9.6,,20.2,15.87,12.9,12.41,22,17.4,21,24,,8.64,11.4,14,7,14,,12.1,16.3,10.07,,5.39,48,20,2,-28,68
Louisiana-Monroe,Idaho,14,7.24,24.03,,16.92,20.71,18.48,21.98,9.19,24,13.5,15,12.11,19,9.92,17.15,18.12,14.57,16.88,21.63,12.9,21.65,20.74,-2.67,24.37,11.41,3.1,,12.4,13.24,4,17.42,7.63,23,16,21,,16.13,14.64,19.5,15.4,,24.7,16.37,22,6.1,14,23,14.25,33.7,,19.07,,16.1,16.53,12.9,9.63,20,14.6,19,21,,15.97,8.8,20,13,14,,28.3,19.7,17.7,,6.09,31,38,2,7,69
Massachusetts,Colorado,-17.5,-15.67,-11.1,,-20.88,-1.42,-6.37,-19.11,-14.89,-14,-3,-19,-14.64,-9.5,-15.84,-15.15,-15.49,-22.76,-14.67,-17.51,-15.9,-19.35,-15.36,7.17,-19.96,-9.09,2.83,,-11.91,-15.88,-12,-14.89,-13.11,-18,-17,-21,,-8.21,-14.28,,-23.5,,-21.1,-18.21,-16,-13.6,-17.5,-24.6,-21.67,-4.2,,-23.78,,-13.1,-14.39,-18.1,-4.8,-18,-24.9,-25,-25,,-10.57,-8.1,-14,-4,-17,,-12.3,-23.5,-14.24,,6.55,41,38,2,-3,79
Minnesota,Middle Tenn.,16,11.25,-7.26,,12.54,14.85,19.05,18.18,9.97,11,16.5,12,17.95,5,12.17,17.32,14.42,8.74,13.18,16.48,14.9,22.15,15.8,15.25,13.93,6.54,9.3,,5.89,13.73,12,14.18,2.27,10,17.5,15,,15.44,11.16,4.5,21.9,,17.5,17.07,12,10.6,16,18.4,13.82,2.3,,10.87,,15,20.28,14.9,5.08,22,22,21,12,,6.7,14.6,24,5,16,,9.1,15.1,16.09,,6.07,24,35,2,11,59
Mississippi St.,UAB,27.5,26.24,22.83,,33.57,12.58,12.94,41.4,25.14,12,26.5,29,38.47,21,26,43.7,31.08,16.87,29.33,34.91,28.6,38.15,33.24,27.75,34.21,14.02,10.83,,18.48,29.32,31,29.98,26.71,35,29,37,,31.09,26.4,22.5,36.2,,32.7,33.64,29,25.9,27.5,36.1,49.56,27.3,,26.8,,34.8,29.31,26.4,14.69,27,37.5,42,36,,19.04,21.8,42,18,27.5,,32.1,38.2,32.75,,9.24,34,47,2,13,81
NC St.,Old Dominion,16.5,17.39,9.77,,19.38,4.71,12.93,,16.25,-4,15,3,17.49,8.5,17.74,14.3,,-0.48,10.31,2.82,15.9,16.35,9.63,8.5,10.58,17.22,2.99,,16.24,13.12,13,10.5,13.56,9,16.5,14,,8.08,10.68,,8.4,,13.2,20.21,2,13.7,15.5,4.5,1.94,0.2,,10.31,,10.5,10.91,15.9,6.18,4,9.7,5,11,,0.77,13.1,7,-1,17,,38.6,-1.9,14.61,,7.37,34,46,2,12,80
Nevada,Washington St.,-3.5,-1.96,-7.82,,-2.79,5.98,-1.24,-2.85,-1.35,1,-8,0.25,-2.85,6,-2.43,0.26,-3.11,-5.09,-2.35,-13.61,-2.9,-8.45,-0.38,-4.92,1.7,2.87,3.08,,2.7,-3.44,-2,-2.05,1.82,-7,-1,-1,,-1.76,-2.73,9,-9.3,,-11.9,-0.78,-2,-7.1,-3.5,-2.9,-4.94,6.4,,-4.48,,-0.95,-6.95,-5.1,-0.31,-2,-10.5,-6,-8,,-2.54,-2.1,-3,1,-4,,-4.7,-0.7,-4.74,,4.37,13,24,2,11,37
New Mexico,Arizona St.,-23.5,-21.58,-30.72,,-30.73,-11.97,-21.97,-29.79,-18.12,-38,-30.5,-22,-21.48,-23,-21.46,-30.64,-30.97,-17.76,-26.04,-32.02,-23.9,-30.55,-23.43,-31.25,-28.46,-14.79,-10.65,,-22.05,-23.01,-39,-27.15,-22.96,-31,-25,-24,,-32.01,-14.79,-20.5,-32.1,,-35.2,-30.73,-28,-17.9,-23.5,-24.6,-31.33,-26.3,,-21.99,,-38.2,-22.96,-26.1,-9.02,-31,-31.8,-32,-22,,-24.55,-21,-35,-16,-25,,-31.2,-24.2,-34.99,,7.25,58,23,2,-35,81
North Carolina,San Diego St.,16,6.96,19.38,,17.53,6.97,4.55,21.59,5.09,20,17.5,17,15.62,6.5,7.38,21.3,12.84,5.56,13.83,15.95,13.9,17.25,19.78,11.83,17.88,3.42,3,,3.05,14.43,19,16,4.7,17,15,16,,16.37,18.81,5,23.2,,27.2,16.28,12,19.5,16,20.4,15.17,-8.4,,18.44,,19.8,17.08,13.9,7.1,20,24.4,21,16,,6.53,12.1,14,9,16,,7.5,10.8,13.52,,7.17,27,31,2,4,58
North Texas,SMU,2.5,0.98,14.15,,8.52,11.12,4.74,8.9,-4.22,9,7.5,7,7.17,3,0.9,5.3,8.85,8.2,7.51,6.8,4.1,11.75,5.43,8.17,-1.21,7.27,3.26,,10.03,4.59,6,7.15,7.12,14,4,6,,9.28,2.47,5.5,3.8,,27.6,14.52,8,6.9,3.5,11,3.55,21.2,,6.51,,12.2,4.41,1.9,7.53,10,4.5,11,15,,4.94,-2.1,10,7,3,,11,17.6,3.38,,5.41,6,43,2,37,49
Northwestern,Northern Ill.,7,5.49,-10.95,,7.68,2.91,-2.82,-1.49,1.03,-21,1,4,4.46,-6.5,7.4,4.92,-2.61,-4,-1.06,-3.85,5.9,-5.95,-2.79,-9.42,-5.66,-8.28,7.2,,-14.61,3.61,4,-1,-7.58,-4,5.5,-1,,-8.45,-1.83,-5,11.8,,-12.3,14,-2,3.8,6,-3.7,7.62,-19.1,,0.51,,-9,2.59,5.9,-1.09,-1,12.3,-8,1,,1.02,2.5,4,-1,7,,-4.9,-0.5,0.49,,7.37,23,15,2,-8,38
Notre Dame,Michigan,3.5,10.36,5.92,,9.01,6.53,7.02,7.27,9.72,23,6.75,4,2.48,10.5,10.65,-0.01,9.54,4.32,5.98,3.57,5.1,7.15,3.11,11.42,0.21,7.62,10.3,,8.53,4.37,3,6.04,7.77,8,4.5,5,,8.29,10.28,6,2.6,,20.2,16,2,-2.1,3.5,4.6,2.61,1.6,,1.86,,5.4,0.64,2.9,2.85,-3,2.4,2,9,,6.37,1.3,7,6,4,,12.1,6.8,4.71,,4.82,0,31,2,31,31
Ohio St.,Virginia Tech,11.5,14.36,17.16,,14.62,7.56,11.38,19.1,14.99,20,11.75,14,9.26,10.5,14.01,11.06,16.68,7.99,13.92,13.59,12.1,20.85,11.58,16.42,8.08,11.19,9.3,,12.53,11.87,8,13.9,15.24,21,11,16,,14.62,14.45,13.5,12.4,,12.9,14.57,17,2.5,11.5,14.8,10.63,9.2,,14.35,,13.8,18.32,9.9,10.13,12,9.6,20,23,,9.8,7.9,21,12,11,,27.9,16.2,15.22,,4.54,35,21,2,-14,56
Oregon,Michigan St.,13,9.3,17.42,,10.85,2.44,8.22,5.8,8,8,0.01,9,9.66,8.5,9.31,15.5,14.31,1.08,8.44,0.45,10.4,2.05,11.95,6.67,16.26,4.04,4.5,,5.63,9.47,11,8.21,9.76,11,12.5,7,,4.85,6.29,14.5,8.2,,10.2,16.8,14,3.4,12,-2.2,19.89,11.1,,15.63,,5,16.35,10.4,4.34,5,8.8,7,6.5,,3.01,11.3,4,6,11.5,,9.5,-1.7,14.68,,5.08,27,46,2,19,73
Penn St.,Akron,14,16.35,10.31,,22.21,16.01,16.96,24.15,13.04,23,18.5,16,16.84,17,17.33,23.23,27.27,11.97,19.54,18.07,15.6,27.15,22.3,27.83,10.43,18.82,15,,21.65,16.43,25,20.4,8.18,22,19.5,22,,25.03,13.33,18.5,20.4,,20.4,25.15,16,14.5,15,22.1,20.68,8.9,,23.02,,30.6,21.26,13.4,8.85,27,20.4,17,26.5,,20.4,15.2,24,14,14.5,,20.9,20.4,25.91,,5.22,3,21,2,18,24
Purdue,Central Mich.,3.5,5.29,5.09,,0.28,-4.22,6.89,-1.37,4.31,-10,4.5,2,1.88,2.5,5.33,3.42,6.28,-16.03,1.24,0.63,1.9,0.45,-1.27,1.67,-1.83,4.68,3.14,,4.13,2.26,-5,1.84,5.81,1,2,1,,0.23,-7.88,2.5,1.8,,-8.1,-1.38,3,1.3,3.5,-5.5,-2.34,-1.3,,8.33,,1.2,0.21,1.9,3.29,1,5,-10,-5,,5.33,4,10,2,3,,-2.7,-4.6,7.79,,5.10,38,17,2,-21,55
South Carolina,East Carolina,15,17.22,5.22,,16.28,5.77,8.96,23.06,14.96,1,14,21,19.55,12,19.6,24.4,16.99,7.91,15.7,17.48,18.1,20.25,19.38,28.08,30.72,12.15,14,,11.17,17.07,26,16.16,2.44,16,16.5,16,,13.8,17.51,10,19.7,,26.3,13.92,9,12.7,15,21.5,23.89,-12.6,,16.98,,19.8,16.04,15.9,8.51,17,25.3,16,16,,9.91,17.9,20,8,17,,14.3,32.8,20.02,,7.57,23,33,2,10,56
South Florida,Maryland,-13.5,-4.51,-19.67,,-9.43,-6.76,-18.5,-11.35,-7.14,-17,-1,-10,-22.21,-1,-3.67,-9,-4.43,-10.54,-10.4,-9.59,-11.9,-20.95,-14.54,-12.17,-18.82,-3.04,3,,-7.3,-10.6,-6,-10.09,-8.43,-10,-11,-12,,-14.27,-19.97,1.5,-13.1,,-17.1,-9.34,-13,-2.5,-13.5,-16,-24.72,-12.2,,-10.81,,-14.6,-13.89,-14.1,-3.16,-22,-13.4,-22,-18,,-6.91,-1.1,-7,-1,-13,,5.7,-13.4,-10.17,,6.92,24,17,2,-7,41
Stanford,USC,3,6.29,3.04,,4.78,-1.29,-4.57,9.5,5.72,2,9.5,6,1.76,8.5,5.82,5.8,2.43,4.76,5.21,12.86,4.1,6.35,4.35,8.92,-0.87,2.94,6.5,,3.72,4.26,3,6,11.18,9,2.5,6,,4.6,0.63,9.5,1.1,,12.3,6.76,7,-4.9,3.5,7.5,6.29,8,,3.17,,7,6.54,1.9,7.12,-3,2.4,6,11,,7.53,7.4,4,5,3,,9.5,5.2,6.61,,3.78,13,10,2,-3,23
Temple,Navy,-3,1.59,6.36,,-9.67,12.57,12.5,-0.57,4.26,5,5.25,-12,3.79,-1.5,-0.13,-3.49,1.21,-8.43,-0.59,-5.43,-1.9,5.35,-1.46,-19.42,-11.43,-5.29,3.87,,-5.83,-1.91,6,-0.56,15.2,1,-3.5,-5,,-0.55,-13.16,-1,-2.9,,-9.9,-10.11,3,3.6,-3,5.5,-8.55,5.3,,-5.74,,-7.7,-1.93,-4.1,1.28,-6,-5.9,-2,5,,2.32,-2.4,4,3,-3,,4.5,-16.4,0.55,,6.73,31,24,2,-7,55
Tennessee,Arkansas St.,16.5,15.08,10.36,,18.11,6.59,16.31,10.15,16.36,20,8,9,21.43,0.5,14.94,17.62,19.28,6.53,13.16,13.55,14.9,17.95,18.28,10.08,14.19,8.16,10,,8.07,14.74,9,13.9,13.47,14,17.5,17,,13.79,7.76,-3,22.7,,16.1,16.16,22,17.7,16.5,11.3,15.57,1.5,,12.16,,14,13.13,14.9,8.76,20,23.3,14,13,,6.28,6.9,17,9,16,,17.9,2.5,13.01,,5.38,19,34,2,15,53
Texas,BYU,-1,6.85,5.5,,10.17,4.27,7.85,9.73,4.59,15,5.5,0.25,9.82,3.5,7.64,7.3,3.84,2.84,5.16,4.16,4.6,9.45,5.36,4.92,-1.43,4.56,3.5,,5.42,4.72,-1,4.62,1.69,7,4.5,6,,6.3,4.42,-0.5,2.1,,8.2,15.64,3,11,0,2.3,-4.8,1.1,,6.01,,3.8,3.9,2.4,2.38,3,1.8,1,7.5,,4.75,3.7,6,7,3.5,,17.1,0.01,5.64,,4.03,41,7,2,-34,48
Texas-San Antonio,Arizona,-7.5,-13.3,-0.87,,-11.08,4.09,4.19,-4.04,-12.5,1,10.25,3,2.99,-5.5,-13.78,-2.84,-18.64,-4.98,-5.73,-9.99,-6.4,-3.95,-9.6,-21.25,-10.13,-0.84,-3.16,,-0.45,-6.07,-9,-5.5,-6.64,-12,-7,-4,,-4.56,1.59,,-4.3,,-10.8,-9.19,-2,-3.5,-7.5,-1.6,-7.32,-12.6,,-12.14,,-7.3,-7.3,-8.6,-0.86,-6,-5.9,-4,-15,,-5.72,-10.4,-7,-2,-7.5,,-2.6,-13.8,-19.12,,5.98,26,23,2,-3,49
Toledo,Missouri,-3.5,0.82,-3.89,,-11.75,1.16,-1.33,-18.31,1.73,-15,-13.5,-3,-2.9,-6,0.49,-6.1,-16.46,-11.38,-8.06,-16.16,-4.4,-12.85,-8.86,-23.5,-1.19,-4.92,-8.5,,-5.24,-5.37,-13,-7.5,3.02,-14,-6,-6,,-11.37,5.1,-3,-8.7,,-17.1,-11.26,-8,-6.4,-4,-8.6,-10.19,0.8,,-6.62,,-16.6,-4.39,-6.6,-2.02,-5,-10.7,-7,-9,,-12.12,-0.9,-15,-6,-4,,-15.6,-28.1,-13.77,,6.46,49,24,2,-25,73
Troy St.,Duke,-19.5,-14.64,-22.56,,-24.9,-5.4,-24.71,-23.3,-17.59,-31,-7.25,-18,-25.62,-6.5,-13.85,-22.8,-21.81,-10.74,-19.35,-13.19,-17.9,-33.05,-22.35,-18.83,-8.86,-11.56,-2.72,,-17.77,-18.98,-29,-19.72,-16.44,-18,-18.5,-27,,-24.05,-19.93,-4.5,-32.9,,-17.6,-20.17,-25,-26.6,-19.5,-30.3,-17.8,-24.4,,-11.58,,-26.4,-25.51,-20.1,-4.24,-34,-29.6,-29,-34,,-10.28,-6.9,-14,-8,-19,,-14.7,-12.5,-19.51,,8.39,34,17,2,-17,51
Tulane,Georgia Tech,-10,-9.55,-7.66,,-10.97,-4.9,-12.23,-16.05,-10.59,-8,-3.75,-6,-8.26,-10.5,-9.69,-14.41,-17.9,-4.95,-10.56,-7.01,-11.1,-14.75,-12.97,-25.17,-6.73,-10.15,-1.65,,-13.72,-10.11,-10,-10.69,-5.21,-12,-10.5,-13,,-14.94,4.57,-14,-14.4,,-10.1,-8.86,-9,-16.8,-10,-11.4,-15.83,-12.6,,-10.79,,-19.8,-13.54,-11.1,0.27,-9,-14.3,-15,-15.5,,-8.04,-8,-20,-5,-10,,-1.5,-7.2,-18.98,,5.05,38,21,2,-17,59
Tulsa,Oklahoma,-24.5,-29.33,-23.95,,-35.75,-8.3,-16.87,-33.18,-28.35,-15,-19.25,-20,-25.77,-15.5,-29.44,-26.29,-24.14,-15.85,-24.86,-26.3,-25.6,-31.35,-27,-36.17,-28.13,-13,-18.4,,-19.62,-25.86,-24,-25.26,-24.88,-29,-24.5,-25,,-27.43,-15.67,-8,-35,,-27.1,-36,-23,-29.1,-24.5,-42.7,-30.77,-18.4,,-26.9,,-31.8,-21.63,-25.6,-8.52,-20,-33.4,-39,-32.5,,-14.88,-15.5,-22,-10,-24.5,,-30.4,-42.9,-24.53,,8.19,52,7,2,-45,59
UCLA,Memphis,23,26.83,9.78,,34.23,20.23,13.82,34.68,22.78,23,7.5,26,30.9,20,27.8,37.3,28.73,17.31,25.25,32.18,25.1,28.45,24.33,45.25,19.96,24.28,18.5,,27.7,26.5,28,26.65,16.68,31,24,27,,30.48,22.03,16,37.5,,32.1,32.83,22,31.7,23,38.5,34.46,11.6,,29.11,,26.5,23.16,22.9,12.48,28,37,30,25.5,,19.29,18.9,18,13,24,,21.8,37.9,26.8,,7.57,35,42,2,7,77
UTEP,Texas Tech,-21,-18.46,-16.93,,-25.16,-3.78,-8.35,-25.64,-12.18,-16,-11.5,-8,-12.61,-13.5,-19.98,-18.56,-23.66,0.43,-18.95,-22.19,-19.4,-26.65,-16.71,-20.08,-33.75,-10.65,-2.3,,-13.69,-18.37,-29,-19.25,-7.94,-21,-19,-20,,-20.03,-13.63,-11.5,-21.9,,-29.2,-19.94,-20,-13.4,-21,-18,-31.96,-10.5,,-26.79,,-25.4,-24.36,-21.6,-4.83,-16,-23,-23,-30,,-13.23,-14.4,-31,-11,-20.5,,-36.4,-36.8,-23.68,,8.61,30,26,2,-4,56
Utah,Fresno St.,13.5,4.94,16.12,,8.04,9.73,12.57,8.91,3.94,6,3.5,8,10.9,6,4.17,9.3,9.16,-15.76,7.44,9.28,9.4,11.75,10.29,1.42,12.87,-2.86,3.74,,0.98,7.93,13,8,12.29,8,10.5,7,,7.84,-6.94,-7.5,15.1,,25.6,14.45,11,6.8,12.5,7.6,9.9,8,,6.37,,1,16.67,9.4,3.35,12,15.9,4,14,,4.61,7.1,4,6,10.5,,1.1,-0.2,10.64,,6.48,27,59,2,32,86
Vanderbilt,Mississippi,-19.5,-5.02,-15.62,,-9.14,-11.5,-25.2,-2.69,-10.09,-28,-11,-13,-28.59,-2.5,-2.87,-18.05,-14.48,-1.13,-12.36,0.51,-18.9,-14.55,-16.55,-4.67,-17.53,-13.59,-15.58,,-20.09,-14.93,-13,-13.34,-13.52,-6,-20,-16,,-16.58,-12.15,-1,-23.5,,-11.8,-7.43,-20,-20.5,-18.5,-17.5,-19.66,-13.7,,-12.33,,-15.3,-13.7,-21.1,-3.37,-19,-22.2,-15,-12.5,,-6.03,-5,-1,-3,-20,,-5.5,7.6,-6.5,,7.53,41,3,2,-38,44
Wyoming,Air Force,-2,11.58,0.44,,9.46,7.69,5.49,9.37,10.41,14,0.01,6,6.61,4.5,12,5.33,8.76,7.29,5.86,6.67,-0.9,8.25,1.21,-0.17,-4.52,4.04,3,,2.08,3.51,5,6.07,7.53,6,1.5,3,,6.14,8.86,5,3.6,,27.8,14.44,1,-12.3,-0.5,5.4,10.89,-4.2,,10.29,,6.2,7.58,-3.1,4.31,10,3.3,12,8.5,,6.18,2.7,10,6,-2,,8.7,5.6,6.63,,5.54,13,17,2,4,30
Alabama,Southern Miss.,46,42.14,57.62,,49.15,37.22,38.42,50.36,40.39,43,39,29,53.38,33,44.61,45.61,57.98,26.66,45.59,47.88,46.9,53.25,46.11,42.33,51.49,25.29,33.5,,34.73,45.68,40,45.86,35.04,51,47.5,50,,45.58,36.33,49,50.8,,29.5,49.77,44,42.6,46,42.4,58.54,42.2,,46.28,,50.6,48.58,46.9,28.92,56,50.2,54,55,,45.24,44.4,52,36,48,,55.9,54.3,58.49,,9.20,12,52,3,40,64
Arizona,Nevada,18,23.93,26.49,,19.02,10.06,10.55,16.35,25.24,24,12,15,22.35,14,14.41,16.4,21.05,11.37,17.66,16.46,16.6,21.95,14.36,26.29,10.43,10.07,7.8,,14.41,16.51,16,16.85,27.84,21,15,13,,21.03,15.82,7.5,16.8,,25.9,21.3,10,19.7,18,19,24.86,18.1,,13.42,,21.8,17.99,14.4,11.77,34,16.7,20,21,,11.58,13.1,24,12,15.5,,23.5,14.4,18.3,,5.60,28,35,3,7,63
BYU,Houston,17,24.03,19.84,,17.37,15.89,35.08,17.11,22.97,43,-7.75,11,25.92,15,14.6,21.87,22.69,6.56,17.52,28.71,18.6,16.55,23.95,28.17,14.47,13.78,16.75,,19.63,17.55,10,16.55,29.84,16,18.5,19,,23.07,8.02,9.5,17.5,,23.1,15.96,16,14.4,17,,34.22,22.9,,10.37,,13.5,21.16,16.4,9.39,26,16.2,22,21.5,,12.63,6.5,14,14,17.5,,7.8,5.8,19.85,,8.24,25,33,3,8,58
Boston College,USC,-17.5,-17.74,-18.99,,-12.57,-12.98,-13.61,-21.93,-13.42,-20,-10,-18,-25.45,-14,-15.77,-29.26,-20.2,-9.09,-17.71,-19.05,-18.1,-23.75,-17.29,-26.67,-13.88,-10.28,-16.3,,-13,-17.74,-27,-18.15,-19.25,-17,-17,-19,,-20.8,-18.81,-8.5,-29.1,,-14,-11.4,-20,-22.5,-17.5,-25.8,-14.3,-9.8,,-22.22,,-19.8,-12.67,-18.1,-4.85,-30,-26.4,-26,-21.5,,-10.47,-13.7,-14,-5,-17,,-18.3,-19.8,-19.38,,5.98,31,37,3,6,68
Bowling Green,Indiana,-8,-3.32,11.95,,-0.26,-1.99,-10.75,3.81,-4.18,-1,17,-8,-5.81,8.5,2.83,-7.47,2.73,2.36,1.7,-2.47,-6.4,10.35,3.23,5.92,0.93,10.03,-1.1,,11.09,-3,-5,0.84,-8.44,15,-4,0.01,,0.76,5.1,11.5,-13.1,,25.4,-1.31,1,-12.1,-7,0.6,-12.2,-6.1,,6.19,,5.1,-3.26,-8.6,5.16,1,-14.5,8,-0.5,,1.6,-0.01,14,6,-7.5,,16.4,19.9,0.17,,8.63,42,45,3,3,87
Buffalo,Baylor,-34,-19.95,-29.34,,-22.43,-18.29,-27.38,-23.2,-15.73,-12,-21.5,-14,-37.86,-18,-24.98,-31.16,-27.84,-11.7,-25.73,-25.96,-33.9,-34.45,-32.96,-40.33,-26.82,-15.81,-16.6,,-25.65,-28.82,-24,-25.78,-15.26,-28,-30.5,-33,,-28.11,-16.75,-15,-36.5,,-23.9,-19.2,-27,-32.8,-33.5,-21.7,-45.1,-35.2,,-25.76,,-25.8,-31.28,-36.1,-12.04,-42,-38,-29,-28,,-14.77,-17.2,-39,-14,-35,,-32.6,-20.1,-37.35,,8.39,63,21,3,-42,84
Central Mich.,Syracuse,-5,-18.05,-2.46,,-13.71,4.52,-1.63,-8.83,-20.44,1,-6.5,-2,-6.47,0.5,-9.44,-6.36,-5.16,-8.81,-6.15,3.22,-7.6,-8.05,-4.39,-14.42,-17.77,-3.69,6.23,,-3.81,-7.03,-5,-5.58,-19.89,-3,-7,-4,,-5.19,-3.16,-6.5,-7.7,,-6.1,-10.08,-4,-7.7,-5,-0.01,-5.97,4,,-13.38,,-14.2,-6.48,-7.6,4.58,-10,-8.4,-1,-4,,-6.77,-5.1,-18,2,-6.5,,6.7,-18.8,-9.34,,6.59,40,3,3,-37,43
Cincinnati,Toledo,10,18,9.14,,6.52,11.23,6.08,9.65,21.54,8,16,6,6.72,9,9.74,7.02,11.45,4.32,9.03,4.32,9.9,4.25,6.75,12.38,14.61,8.81,12.2,,11.09,10.03,7,8.2,20.31,13,10,7,,10.06,4.44,7,3.2,,15.4,12.13,15,7.4,10,8.4,15.34,0.4,,-0.33,,8.6,5.37,9.9,6.57,3,0.01,13,15.5,,6.25,4,18,7,11,,14.1,2.6,6.58,,5.02,34,58,3,24,92
Colorado,Arizona St.,-15.5,-15.84,-22.9,,-25.18,-17.61,-22.65,-18.29,-14.04,-20,-21,-10,-17.44,-18.5,-12.2,-17.64,-22.93,-13.95,-18.46,-27.11,-16.6,-16.55,-13.49,-35.21,-10.16,-8.47,-12.7,,-14.71,-16.06,-29,-17.63,-16.94,-21,-15.5,-17,,-25.16,-11.98,-29,-15.5,,-23.7,-20.17,-19,-9.7,-15.5,-12.8,-30.16,-26.1,,-10.6,,-24.1,-17.93,-16.6,-8.86,-15,-13.5,-18,-15.5,,-13.06,-11.5,-32,-16,-15.5,,-27.5,-18.3,-27.09,,5.97,38,24,3,-14,62
Connecticut,Boise St.,-16.5,-12.82,-13.34,,-5.8,-8.94,-7.54,-3.74,-7.97,8,-6.5,-9,-21.27,-9.5,-14.22,-18.89,-9.61,-8.89,-11.02,-4.2,-14.9,-7.05,-10.75,-24.92,-19.09,-12.04,-5,,-16.32,-13.42,-8,-11,-14.2,-11,-15.5,-14,,-14.68,-17.53,-17,-16.5,,-16.4,-3.07,-15,-16.7,-15.5,-11,-14.56,-8.6,,-9.98,,-18.4,-8.37,-17.1,-5.49,-18,-16.5,-13,-10.5,,-6.09,-11.8,-13,-5,-16,,-10.3,1.1,-15.28,,5.47,38,21,3,-17,59
Duke,Kansas,13.5,11.45,30.29,,20.91,11.98,12.56,24.39,9.23,17,9.75,20,17.73,16,15.26,19.47,16.85,15.21,18.4,16.06,15.6,21.25,19.68,32.42,12.34,16.96,8.11,,21.95,17,18,18.82,7.62,24,17.5,19,,24.02,22.59,17,17.9,,25.8,22.8,23,14.7,14.5,19.8,20.92,26.1,,19.62,,30.2,18.63,13.4,15.14,25,17.6,25,23,,12.24,11.3,22,10,14.5,,7.4,26.9,17.17,,5.64,3,41,3,38,44
Florida,Kentucky,18.5,20.4,13.05,,20.79,16.4,7.08,18.29,25.06,15,20,8,12.26,10,16.84,14.19,24.28,7.24,15.23,2.58,17.4,8.65,9.71,22.46,21.46,12.76,9,,17.1,16.99,14,15,20.78,17,17.5,17,,16.54,12.09,26.5,13.6,,19,22.42,12,17,18,7.3,19.71,4.4,,17.07,,22.2,14.46,17.4,10.16,15,12.9,14,16.5,,11.22,13.9,35,9,18.5,,15.1,6,16.3,,5.78,30,36,3,6,66
Florida Atlantic,Tulsa,-1,2.82,6.28,,11.21,-3.52,-8.62,8.17,1.19,4,15,1,-2.99,-3.5,5.32,-4.18,0.29,8.61,1.92,3.67,1.8,1.95,1.8,-0.79,2.54,-1.46,-6.8,,-3.33,1.77,-8,1.14,1.59,10,-1.5,-3,,1.92,-3.1,-4,1.1,,20.2,17.23,-1,-1,-1,7.3,-8.75,0.8,,-2.43,,5.8,-0.16,-1.1,2.33,-5,0.01,12,3.5,,3.14,-1.4,4,-2,0,,12.7,16.6,-3.35,,6.58,21,50,3,29,71
Florida Intl.,Pittsburgh,-25,-16.04,-26.82,,-35.07,-14.72,-20.91,-27.24,-12.72,-37,-18.5,-12,-29.83,-12.5,-17.72,-26.89,-31.51,-17.66,-23.98,-23.27,-24.4,-40.45,-26.8,-15.96,-21.8,-18.58,0.2,,-19.9,-24.09,-18,-23.64,-13.59,-28,-25,-32,,-26.83,-16.61,-18.5,-27.4,,-25.4,-36.38,-20,-28.2,-25,-22.8,-36.8,-20.5,,-24.93,,-24.2,-22.14,-26.6,-11.92,-36,-28.2,-32,-31.5,,-14.84,-18.8,-24,-15,-25.5,,-18.8,-49,-30.76,,8.72,42,25,3,-17,67
Fresno St.,Nebraska,-13,-5.24,-6.03,,-8.45,-17.72,-19.44,-9.08,-4.54,-14,-4,-2,-13.22,-7.5,-2.12,-7.27,-8.82,-0.48,-7.69,-15.28,-9.4,-16.35,-10.32,-16.58,-21.78,-3.93,-18,,-9.1,-10.01,-15,-7.98,-6.63,-5,-10,-12,,-12.14,1.22,9,-13.1,,7.5,-5.24,-9,-16.8,-12.5,-6.3,-16.81,4.4,,-4.1,,-1.8,-9.4,-11.6,-1.1,-9,-10.1,1,-12.5,,-3.68,-0.6,-11,-7,-10.5,,2.6,5.3,-10.17,,6.53,55,19,3,-36,74
Georgia St.,Air Force,-11.5,-5.94,-8.17,,-4.69,-2.02,-5.37,0.01,-3.32,-11,7.5,-8,-5.67,-7.5,-4.37,-6.75,,-2.59,-6.52,-8.36,-10.4,-3.55,-7.09,8.71,-14.16,-0.95,3,,-2.95,-8.56,-9,-6,-8.7,-6,-13,-14,,-1.36,-14.32,,-14.2,,6.1,-2.31,-16,-11,-11,-11.8,-9.88,-13.7,,-15.13,,-1,-4.68,-12.6,-0.79,-15,-15,-5,1,,-10.48,-15.2,1,-2,-11.5,,0.6,-6.9,-10.93,,5.78,48,38,3,-10,86
Georgia Tech,Georgia Southern,17,20.58,-2.28,,25.94,6.34,9.53,22.76,17.94,21,27.5,17,17.66,22.5,19.85,34.18,,13.42,20.03,17.15,19.1,23.15,12.41,33.33,16.92,17.91,7.7,,20.45,20.86,26,20.15,19.85,24,22.5,21,,23.7,26.03,,23.2,,25.1,33.26,17,21.4,17,11.1,8.21,6.4,,29.3,,30.1,19.62,16.9,14.26,13,26.6,19,27.5,,14.8,9.4,24,11,18,,51.7,14.2,19.79,,8.52,38,42,3,4,80
Idaho,Western Mich.,2.5,6.87,12.62,,0.91,1.73,7.48,-3.42,8.78,18,6.5,7,8.23,1,0.18,0.98,-2.4,17.05,2.24,8.21,1.9,-3.35,1.9,2.54,-1.55,3.62,4.2,,4.36,2.85,-2,1.95,10.32,-4,2.5,1,,4.66,6.62,-3.5,1.5,,11.2,0.94,-3,8.3,2.5,-2.3,2.6,-1.9,,-3.47,,3.6,5.56,1.9,3.02,2,3.1,-2,1.5,,1.87,-3.7,3,6,3,,-12.1,-6.3,-3.31,,5.58,45,33,3,-12,78
Iowa,Iowa St.,13,14.66,15.79,,17.87,21.99,8.47,11.56,11.7,29,16.25,14,14.39,15.5,12.67,21.13,8.99,10.13,14.33,13.12,11.1,14.05,6.58,20.54,17.76,17.76,11,,16.5,12.79,16,14.44,17.55,14,13,11,,20.67,15.25,10.5,12.3,,23,16.64,17,14.9,13,6.9,20.12,19.9,,9.94,,21,4.69,8.9,10.25,18,12.3,10,14.5,,7.03,9.4,18,7,10,,11.9,18.5,9.43,,4.82,20,17,3,-3,37
LSU,Louisiana-Monroe,30.5,33.66,41.08,,30.86,21.78,29.25,37.14,33.55,33,25.75,18,42.45,21,32.93,35.02,34.17,16.55,30.69,29.1,29.9,36.05,38.44,41.67,27.75,19,18,,24.94,30.74,34,32.45,27.14,37,31,32,,31.62,22.36,22,32.5,,27.8,32.4,28,30.1,30.5,33.7,27.76,16.9,,35.42,,36,34.62,29.9,14.52,33,32.4,36,38.5,,30.13,32.7,45,19,31,,36.4,27.7,40.62,,7.23,0,31,3,31,31
Marshall,Ohio,21,12.43,19.05,,20.7,16.59,7.07,18.74,12.03,13,11.75,15,9.18,9.5,9.77,19.48,21.85,11.37,16.99,9.22,19.9,20.95,14.05,22.79,24.28,11.32,13.95,,14.95,18.42,20,17,13.38,23,20,18,,21.2,14.93,10.5,20.2,,26.2,22.38,16,15.3,20.5,19.9,30.47,18.7,,20.19,,18.3,17.44,19.9,12.17,17,18.9,25,22.5,,10.78,11.8,31,8,21,,23.9,23.9,11.85,,5.60,14,44,3,30,58
Maryland,West Va.,3,10.14,3.75,,5.26,7.54,0.13,4.43,11.81,-4,6,10,-0.27,2.5,0.2,6.96,-4.51,3.55,3.07,-4.13,4.6,6.85,-1.68,-2.04,-1.98,6.09,6,,7.51,3.54,3,3,15.02,4,3.5,3,,5.8,11.66,0.01,1.2,,14.3,9.48,5,0.9,3,-0.01,6.18,12.4,,-0.35,,7.4,-1.7,2.4,6.26,-3,1.6,-1,3,,5.03,1.8,7,-2,3.5,,-14.6,-0.8,-5.96,,5.52,40,37,3,-3,77
Miami (Fla.),Arkansas St.,16,13.87,13.22,,13.5,0.01,-3.09,8.49,12.68,9,7,11,10.76,6.5,14.79,16.48,13.33,6.66,12.23,3.41,17.1,8.35,12.94,18.25,20.24,10.58,11.8,,12.74,16.12,21,12.54,11.81,15,17.5,14,,13.14,23.67,4,23.1,,18.3,16.08,14,25.4,15.5,3.4,7.82,-1.3,,21.3,,18.8,11.4,14.9,9.17,10,24.2,10,11,,7.69,17.9,15,6,16,,15.2,12.4,9.67,,6.06,20,41,3,21,61
Michigan,Miami (Ohio),32.5,28.82,38.7,,41.33,21.55,26.07,32.61,24.01,30,24.25,31,47.51,26.5,30.12,43.83,35.53,31.13,33.28,34.61,32.1,47.15,37.29,17.46,27.53,25.24,12.6,,27.48,32.54,30,33.83,27.28,39,30,39,,32.85,30.12,31,39.9,,27.6,40.22,35,39.6,32.5,29.8,42.23,26.5,,37.96,,41.8,29.85,29.9,20.5,38,40.9,39,34,,33.91,33.5,39,16,31,,38.4,39.9,37.12,,7.47,10,34,3,24,44
Middle Tenn.,Western Kentucky,1,-0.13,5.99,,0.61,3.18,-10.14,-3.3,-2.33,-2,2.75,4,0.86,2.5,4.62,-2.3,-5.08,-0.63,-0.8,-3.05,0.4,-9.95,1.25,-5,5.34,1.59,-3.05,,3.64,0.58,-5,-1,-1.47,0.01,1,1,,-2.4,2.59,,2.3,,6.6,-0.01,-1,2.2,1,-4.4,5.8,0.2,,-2.38,,-6.1,-7.15,0.4,1.29,-3,4.5,-2,-3,,2.76,-2.5,-10,-2,1.5,,5.5,-3,-3.58,,4.07,47,50,3,3,97
Mississippi,Louisiana-Lafayette,27,27.26,33.19,,25.97,15.21,33.43,33.6,23.37,37,31,19,35.96,15.5,22.18,32.29,31.84,9.98,26.64,37.16,28.6,26.75,36.75,41.04,37.65,17.47,15.5,,20.94,27.63,26,27.63,31.36,32,27.5,23,,32.17,15.67,10,33.2,,25.7,33.26,26,30.2,27,41.2,35.95,18.8,,12.88,,21.2,24.21,26.4,13.55,32,34.6,35,36,,16.71,15.5,29,18,27.5,,22.5,12.6,28.6,,8.19,15,56,3,41,71
Missouri,Central Florida,11,0.52,10.56,,11.93,16.43,14.5,13.99,-6.47,24,14,4,17.59,12.5,6.23,11.44,15.86,8.83,10.56,19.82,11.1,12.05,10.94,13.88,12.97,3.05,5.8,,4.5,10.55,7,11.99,2.2,11,10,10,,13.37,-2.42,1,12.2,,25,17.07,10,15.2,11,12.9,10.16,16.9,,4.79,,12.2,9.73,8.9,6.27,13,12.6,13,9.5,,7.25,3.3,8,6,10,,17.1,15.7,13.77,,6.02,10,38,3,28,48
North Texas,Louisiana Tech,3,-2.01,4.76,,5.46,8.35,-4.2,19.17,-5.28,-4,18,5,0.01,4.5,8.41,4.25,13.55,14.13,8.78,9.43,4.6,19.55,9.9,16.46,18.85,4.59,3.5,,7.33,6.36,5,8.38,-6.98,21,6.5,3,,9.23,9.18,9.5,6.1,,24.7,10.03,2,0.01,4,14.2,5.33,5,,5.07,,21,5.67,2.4,11.01,10,8.6,17,17,,6.67,5.4,18,6,3.5,,24.3,22.2,9.93,,7.61,42,21,3,-21,63
Notre Dame,Purdue,28.5,37.24,39.33,,31.35,25.41,39.14,32.47,38.46,40,25,25,40.43,23,27.56,33.84,36.64,27.3,30.52,33.71,29.1,30.3,33.08,40.13,17.98,20.76,17.9,,31.34,29.23,30,31.37,38.05,36,28.5,31,,37.21,30.66,23,35.7,,25.7,31.39,25,32.9,29,35.2,37.5,30.4,,21.11,,35.2,26.26,26.9,14.84,38,33.1,33,42,,25.87,15,32,19,28,,23.1,27.6,32.9,,6.89,14,30,3,16,44
Ohio St.,Kent,31.5,37.48,31.79,,31.97,16.99,26.71,27.27,32.3,37,24.5,26,28.51,22.5,33.21,31.49,30.71,19.36,30.03,26.52,30.9,37.05,32.77,37.63,35.23,23.32,17.6,,26.6,31.7,26,31.8,39.77,34,32,34,,36.63,24.83,18,32.7,,27,32.75,30,32.4,31.5,24,34.68,21,,34.14,,41.3,30.1,30.9,16.58,33,31.8,35,33,,19.63,28.7,32,16,32,,35.6,44.1,30.87,,6.42,0,66,3,66,66
Oklahoma,Tennessee,21,21.55,17.35,,19.43,13.18,11.01,22.67,22.17,17,13,19,23.67,17.5,17.77,20.19,17.99,10.26,18.96,8.87,19.9,13.15,15.11,18.58,24.37,11.33,19.5,,17.71,20.96,24,19.22,20.34,21,20,18,,15.81,23.91,18,23.8,,23.2,23.06,16,24.5,21,25.8,26.15,14.2,,20.74,,20.8,20.76,19.9,11.02,24,22.1,25,18.5,,9.33,22.4,17,11,21,,23.3,25.1,16.08,,4.83,10,34,3,24,44
Oklahoma St.,Texas-San Antonio,13,12.99,5.34,,19.86,8.79,6.36,20.73,6.63,17,17,1,-0.87,17,21.55,12.56,21.79,10.07,13.31,14.81,14.6,28.65,16.15,22.38,21.26,7.01,10.1,,6.27,14.09,15,13.21,11.05,26,13.5,12,,13.21,3.05,,11.4,,21,21.7,13,4.4,13,4.9,2.15,7.6,,19.47,,18.5,14.49,12.4,7.42,5,12.2,17,13.5,,11.85,22.3,15,13,13.5,,-3.8,20.2,29.26,,7.38,13,43,3,30,56
Old Dominion,Eastern Mich.,19,8.95,27.46,,17.11,18.97,14.19,13.59,8.14,19,4.5,21,12.8,12.5,13.42,16.39,,16.93,14.89,19.31,17.4,16.15,21.19,-8.33,21.15,1.99,6.65,,7.36,16.02,8,15.97,4,23,14,22,,10.26,8.21,,16.3,,29.8,15.94,19,18.2,19,23,36.29,19.9,,13.34,,10.2,20.74,17.4,10.29,19,15.5,28,17.5,,15.1,12.7,3,16,18.5,,-16.9,30.2,19.63,,8.66,3,17,3,14,20
Oregon,Wyoming,42.5,39.79,46.9,,47.91,22.98,31.11,46.23,38.73,49,30.5,28,43.68,29.5,36.7,44.66,47.64,20.1,39.02,40.49,41.9,42.85,46.41,51.54,39.96,23.87,27.6,,31.99,41,47,40.42,34.97,46,43.5,37,,37.65,25.57,34,45.7,,29,41.2,45,43.9,42.5,39,46.06,34,,43.56,,45,40.36,41.9,18.74,48,44.3,47,45,,33.58,35.5,42,27,43,,44.2,35,45.06,,8.31,14,48,3,34,62
Rutgers,Penn St.,-3.5,-13.01,-9.94,,-6.2,-5.95,-17.85,-7.38,-14.93,-4,-4,-2,-3.67,-1.5,-8.46,-3.01,-4.02,-4.05,-6.88,-5.43,-4.6,-10.15,-4.17,-16.92,-10.52,-7.45,-3.8,,-9.26,-5.53,-4,-6.26,-10.94,-6,-3.5,-9,,-9.61,4.07,-3.5,-6.8,,-5.9,-1.74,-4,-7.4,-4,-11.7,-16.23,-6.5,,-5.53,,-8.65,-10.2,-4.6,-2.38,-5,-7.5,-5,-10.5,,-6,-0.7,-4,-4,-3.5,,-4.3,-16.3,-10.32,,4.18,13,10,3,-3,23
South Alabama,Mississippi St.,-13.5,-4.66,-11.92,,-17.04,-3.61,-14.4,-11.57,1.55,-5,-12,-14,-15.75,-10.5,-11.91,-18.68,-10.87,-5.23,-12.17,-4.58,-12.9,-19.15,-7.15,-24.46,-10.34,-6.08,-4.1,,-10.04,-13.33,-12,-12,-1.5,-11,-15.5,-15,,-13.84,-12.03,,-26.2,,-5,-11.74,-15,-18.6,-13.5,-8,-16.99,-9.4,,-17.98,,-19,-15.68,-15.1,-1.78,-23,-26.7,-13,-16,,-8.2,-12,-7,-4,-14,,-9.4,-16.8,-18.89,,6.11,35,3,3,-32,38
South Carolina,Georgia,-7,-15.18,-1.22,,-4.71,-6.05,-23.04,2.52,-19.39,-9,-7,-1,-10.52,1.5,-2.37,-6.3,-3.94,4.48,-3.58,-10.5,-4.9,-1.95,-2.12,-1,-2.05,0.01,-10.25,,-2.2,-4.41,-7,-2.21,-17.29,3,-5.5,-4,,-1.61,7.35,2.5,-3.2,,13.8,-2.23,-4,-5.1,-6.5,-3.7,-13.56,-15.3,,2.9,,0.9,-3.14,-7.1,0.68,-10,-1,1,-9.5,,2.71,2.8,3,2,-6,,3.2,20.6,-2.08,,7.54,35,38,3,3,73
South Florida,NC St.,-1.5,0.77,-8.78,,-2.4,-3.58,-2.25,1.59,4.19,1,14,-2,-3.81,-3.5,-0.23,-1,-4.34,-0.99,-1.12,-3.33,-0.4,-5.75,-2.24,-7.29,1.46,-5.58,1.25,,-3.28,-1.29,6,-1.35,-1.74,1,-3,-1,,-5.81,1.87,-0.5,0.9,,-6.7,-0.91,-1,-1.2,-1.5,-4,-3.97,0.5,,-7.88,,-3.7,-4.45,-2.6,-0.01,-6,-0.4,-1,-1.5,,-5.19,2.6,-1,-2,-1.5,,15.1,-5.7,-4.7,,4.35,49,17,3,-32,66
Stanford,Army,28,20.35,32.34,,38.89,17.06,27.17,42.7,14.77,24,31.5,24,32.46,25.5,34.8,30.67,35.81,20.25,32.44,30.09,29.6,51.05,44.46,45.79,24.4,21.28,17.9,,29.81,31.03,29,31.92,11.09,42,28,35,,33.87,26.53,29.5,42.3,,27.5,38.38,34,28.3,28.5,39.6,36.45,25.4,,30.99,,47,36.8,27.4,17.89,31,43.2,39,46.5,,27.23,31,31,16,28.5,,45.4,51.8,39.69,,9.54,0,35,3,35,35
TCU,Minnesota,16.5,18.2,5.87,,11.23,8.78,9.99,8.73,22.08,3,-4.75,1,9.75,4.5,10.27,8.82,12.21,-1.35,8.19,-1.71,12.9,-0.01,8.33,4,16.8,0.93,4.95,,2.78,11.31,10,8.53,18.65,11,8,7,,4.58,-4.57,6.5,16.3,,9.5,17.36,11,16.5,15.5,7.7,23.82,12.5,,6.28,,4.6,9.96,12.9,2.84,1,15.5,1,13.5,,3.74,12.7,8,6,14,,15.9,-7.8,10.11,,6.84,7,30,3,23,37
Texas,UCLA,-8,-13.02,-8.9,,-8.54,-8.41,0.01,-4.46,-13.37,2,-0.5,-18,-12.15,-1,-6.04,-14.95,2.39,-2.23,-4.87,-2.97,-6.4,1.4,-2.33,-5.04,6.48,-2.69,-7.5,,-2.05,-6.47,-9,-5.97,-14.62,-4,-7,-10,,-7.71,-9.77,-2,-13.9,,-4.1,-8.15,-7,-7.6,-8,-5.9,-8.89,0.01,,-7.87,,6.3,-8.32,-8.6,-4.01,-7,-14.2,-8,-2.5,,-5.57,-0.01,4,5,-7.5,,16.9,-7.8,-2.46,,6.36,20,17,3,-3,37
Texas A&M,Rice,32,23.19,35.39,,22.71,32.09,26.62,31.97,14.85,35,8,26,41.4,26,27.76,36.79,33.6,9.58,28.16,31.05,30.4,36.05,29.39,32.71,34.26,13.67,25.75,,18.11,28.9,33,27.66,22.59,30,31,29,,28.86,25.92,22.5,32.9,,25.4,25.42,27,27.3,32,35.4,36.68,41.2,,22.91,,26.2,27.55,30.4,15.12,47,32.8,31,35,,17.17,26.7,39,17,31.5,,22.7,19.6,33.15,,8.29,10,38,3,28,48
Texas St.,Navy,-9.5,1.03,8.75,,-19.37,12.89,-4.99,-19.96,7.54,-12,-21.5,-9,-5.1,-7,-10.8,-18.07,-14.83,-9.62,-10.33,-15.68,-11.1,-12.65,-13.09,-19.92,-7.16,-8.7,1.35,,-9.11,-10.91,-20,-12,6.61,-13,-12.5,-14,,-10.7,-10.09,,-18.5,,-15.9,-17.77,-12,-9.4,-9.5,-18.2,-7.42,13.5,,-12.93,,-20.2,-9.3,-11.1,2.52,-13,-18.5,-13,-11,,-9.33,-19.8,-7,-7,-10,,-17,-21.1,-13.31,,8.50,35,21,3,-14,56
Texas Tech,Arkansas,0,4.68,-6.95,,-1.96,9.94,-7.11,1.67,-1.23,1,-12.25,6,-6.67,11.5,6.57,7.7,11.11,10.4,4.05,-2.52,3.1,7.55,0.8,14.25,9.39,11.49,11.6,,12.74,3.92,10,4,9.68,-1,1,1,,7.3,7.94,11.5,-0.6,,11.2,-2.08,1,-1,0,-7.4,-1.16,9.1,,9.18,,14.6,4.23,0.9,6.14,3,-1,1,-5.5,,6.85,-0.3,8,4,2,,25.5,14.5,1.88,,7.07,49,28,3,-21,77
UNLV,Northern Ill.,-10,-9.11,-27.26,,-2.46,-17.24,-7.13,-8.91,-9.52,-6,12,-11,-24.56,-16,-5.21,-14.91,-13.97,-4.32,-12.19,-18.66,-11.1,-1.95,-11.03,-23.29,0.41,-8.58,-6.7,,-16.12,-10.83,-20,-11.52,-9.52,-15,-8.5,-16,,-17.59,-10.39,-16.5,-15.3,,-10.6,-0.77,-21,-17.3,-10,-13.2,-28.69,-35,,-8.9,,-15.8,-8.76,-11.1,-6.81,-12,-13.8,-20,-6,,-6.2,-15.1,-14,-7,-10,,-9.1,-8.3,-19.34,,7.75,48,34,3,-14,82
UTEP,New Mexico St.,10,5.16,11.37,,8.73,-1.97,5.52,12.96,1.54,21,2,7,9.02,4,12.19,3.79,19.85,2.44,8.15,7.73,9.9,-1.95,7.57,-0.83,14.38,5.04,3.65,,5.24,9.38,11,8.57,1.01,11,10.5,10,,4.35,11.27,17,10,,17,15.04,14,4.8,10,6.3,9.47,4.4,,11.24,,7.8,11.07,9.9,5.97,13,8.2,10,7.5,,7.4,8.4,11,11,11,,12,-10.6,9.76,,5.40,24,42,3,18,66
Utah St.,Wake Forest,15,9.23,11.23,,13.47,7.46,11.3,7.23,4.97,9,13,9,10.21,9.5,14.72,17.96,12.51,7.53,11.89,5.12,13.4,11.65,16.31,20.38,18.4,11.44,-0.2,,12.19,13.13,7,11.55,7.74,11,11,15,,14.17,10.93,24,16.7,,13.6,15.65,14,14.3,14.5,4.5,15.92,2.3,,17.93,,20.3,12.88,13.4,6.74,1,13.2,11,3,,8.37,9.5,21,8,14.5,,17.2,26.3,14.45,,5.14,24,36,3,12,60
Vanderbilt,Massachusetts,16.5,19.6,22.03,,22.6,6.62,6.25,31.49,15.65,5,9.5,19,11,22.5,30.93,21.9,24.61,30.49,20.1,14.35,17.1,31.15,20.31,1.96,25.98,11.96,0.25,,9.85,18.61,18,20.31,13.84,34,17.5,21,,17.51,22.7,,18.2,,26.7,25.59,15,13,16.5,23.1,11.45,9.8,,27.13,,26.9,22.39,14.9,12.3,14,19.6,27,25,,24.03,22.2,22,15,16,,32.1,56.1,26.73,,9.25,31,34,3,3,65
Virginia,Louisville,-6.5,-11.8,-9.78,,-9.27,-14.68,-5.42,-14.2,-10.76,-20,-18,-2,-9.56,-12.5,-7.74,-12.06,-21.84,-15.47,-12.01,-9.48,-7.6,-17.55,-11.05,-33.46,-3.13,-11.19,-10.5,,-14.93,-7.77,-13,-11.05,-12.82,-21,-6.5,-8,,-19.09,-10.75,-16,-0.9,,-16.1,-6.67,-11,-3.7,-7.5,-15.6,-9.52,,,-9.08,,-13.5,-6.72,-7.6,-7.35,-10,2.1,-9,-14,,-15.1,-1.8,-21,-11,-6.5,,-28.7,-35.1,-13.33,,6.55,21,23,3,2,44
Virginia Tech,East Carolina,9.5,23.35,2.78,,7.62,11.64,20.79,12.36,25.4,27,5.25,12,15.96,13,11.55,20.35,12.15,4.84,12.04,18.91,12.1,6.65,7.93,19.33,7.92,12.98,18.65,,12.8,13.78,20,11.82,31.3,9,11.5,16,,15.9,5.77,2.5,16.3,,16.4,14.23,13,21.3,9.5,17.4,7.05,0.4,,2.31,,10.6,9.57,9.9,8.19,11,19.8,8,13.5,,7.28,14.7,10,6,11,,-0.3,-11.6,11.04,,7.35,28,21,3,-7,49
Washington,Illinois,13,11.65,13.64,,15.98,9.35,0.65,19.14,7.42,1,12.25,13,12.46,14.5,17.87,21.76,19.54,13.68,14.04,7.6,14.6,18.05,14.22,22.83,10.04,11.43,6.25,,9.79,14.22,19,14.6,9.93,23,15,15,,16.62,12.44,20.5,15.3,,27.1,16,10,13.2,13,15.2,10.08,4.4,,17.29,,15.7,15.84,12.4,7.22,10,16.6,22,7,,14.07,14.7,24,9,13.5,,26.2,27.5,16.39,,5.89,19,44,3,25,63
Akron,Marshall,-9.5,0.74,-7.98,,-12.14,-5.46,0.62,-8.53,5.63,3,0.5,-7,-3.8,-11,-0.71,-14.42,-13.52,-11.87,-9.04,-4.86,-10.1,-13.35,-8.94,-15.86,-5.35,-10.12,-8.46,,-12.75,-9.98,-14,-10.8,1.42,-15,-12.5,-12,,-14.08,-12.61,-11.5,-11.8,,-22,-11.6,-13,-6.9,-9.5,-10.8,-16.32,-8.8,,-12.8,,-18.2,-11.79,-10.1,-9.43,-1,-11,-12,-17.5,,-13.22,-8.4,-10,-8,-9,,-17.6,-13.4,-12.71,,5.74,48,17,4,-31,65
Alabama,Florida,14,14.26,18.34,,15.32,14.11,6.32,16.79,7.2,19,14.5,13,6.76,18,16.07,15.07,16.21,13.84,16.26,23.32,15.6,19.65,13.68,17.71,18.21,8.21,18.5,,9.5,15.85,14,16,12.14,18,15.5,14,,14.42,13.93,18,16,,20.4,14.21,16,13.4,14,21.5,16.94,9.6,,20.11,,23.47,17.5,15.6,10.05,15,15.1,21,29.5,,12.27,20.2,20,11,14.5,,31.2,29.1,16.88,,5.35,21,42,4,21,63
Arizona,California,8,10.15,13.75,,33.5,13.36,-8.31,24.21,3.26,14,14.25,19,8.57,18,12.96,13.16,19.94,14.99,15.51,14.09,10.6,19.65,7.21,27.79,15.2,15.19,8.05,,14.48,14.4,19,14.74,3.99,21,12.5,11,,19.51,24.55,19.5,10,,29.9,33.64,9,15.3,9,19,6.73,10.4,,14.6,,16.87,14.74,10.6,11.58,19,9.6,21,24.5,,12.26,14,25,14,9.5,,29.7,17.6,14.11,,7.41,45,49,4,4,94
Arkansas,Northern Ill.,13.5,6.92,13.57,,11.68,-6.94,6.8,6.19,3.14,11,7,-1,11.96,-5,8.12,5.14,5.17,-6.19,4.27,4.68,12.4,0.25,11.47,2.18,17.54,0.79,-3.06,,-4.06,9.78,-4,5.17,5.56,5,12.5,8,,1.71,-5.15,-15,9.6,,11.2,18.24,5,11.4,12,8.9,11.18,6,,5.27,,1.3,11.45,12.4,4.29,5,10.6,-15,14.5,,4.89,3.8,7,4,13.5,,-6.2,-20.7,4.78,,7.51,14,52,4,38,66
Arkansas St.,Utah St.,2.5,1.68,7.03,,-2.54,-0.67,7.67,-3.47,7.33,10,-3,-0.25,8.64,,0.38,-2.73,-3.52,-5.8,-1.03,5.5,1.4,-0.25,0.01,-8.79,-5.04,-1.11,5.05,,-0.44,-2.22,-4,-1.56,-0.47,-4,-4,-4,,-4.09,-2.91,-6,-7.8,,-7.3,-0.88,-6,-5.1,1.5,-0.7,1.55,8.1,,-8.19,,-6.4,0.34,1.4,0.44,1,-5.2,2,-3,,-3.83,-2.6,-3,-2,2.5,,-11.7,5.2,-2.53,,4.65,14,21,4,7,35
BYU,Virginia,14.5,15.93,21.11,,21.25,18.12,9.11,17.52,11.54,19,20,14,12.03,17.5,15.6,4.95,23.73,14.58,16.58,17.28,14.6,19.55,22.52,25.04,7.91,12.41,14,,19.08,15.37,13,17.28,20.17,24,15.5,11,,19.79,17.3,24.5,15.2,,27.9,23.21,21,3.7,14.5,12.5,23.46,14.8,,16.94,,10.29,22.82,14.6,10.18,20,14.9,19,27,,13.12,14.5,20,12,13.5,,36.5,0.01,17.32,,6.23,33,41,4,8,74
Boise St.,Louisiana-Lafayette,17,17.75,15.53,,15.7,13.88,19.69,23.25,13.97,22,20.5,10,17.57,15,17.66,19.52,22.09,6.45,17.67,26.38,18.1,13.25,24.78,25.82,13.15,13.35,4.75,,15.07,17.3,21,17.66,21.31,20,16.5,16,,22.19,5.26,15,16.5,,29,13.4,18,15.7,17,26.4,23.07,18,,11.81,,19.95,16.48,15.9,13.15,22,16.8,21,18.5,,9.12,13.1,31,14,17,,24.3,10.6,22.66,,5.59,9,34,4,25,43
Cincinnati,Miami (Ohio),28.5,35.66,32.5,,33.37,33.21,39.04,35.68,44.72,39,30,26,36.91,28,30.8,37.67,35.76,32.83,32.23,36.43,28.6,40.45,32.87,17.57,24.02,23.12,12.39,,25.89,30,26,32.65,45.46,37,28.5,35,,35.52,31.38,29,30,,29.6,33.64,37,31.3,29,34.2,32.38,29.4,,28.19,,35.3,25,28.6,15.27,41,27.7,41,36.5,,28.2,26.9,28,18,27.5,,46.2,30.3,34.25,,6.90,24,31,4,7,55
Colorado,Hawaii,8,6.56,7.6,,2.41,2.12,-3.6,2.3,8.69,-9,2,10,-4.12,5,6.82,3.83,5.15,3.92,3.4,-9.82,6.9,1.95,7.52,3.86,1.52,10.6,1.89,,10.21,7.24,1,3.5,3.31,5,7.5,6,,3.24,9.76,-2,15.8,,15.1,5.17,8,15.7,7.5,-2.6,4.45,-4.6,,8.2,,-7.53,12.17,6.9,0.49,-4,17.7,2,5,,6.27,6.7,4,-1,8,,0.9,3.5,-0.5,,6.00,12,21,4,9,33
Duke,Tulane,17,21.26,27.18,,24.41,14.2,13.31,27,26.09,32,7.5,21,20.05,18.5,19.44,23.81,19.39,11.1,20.41,23.45,18.1,23.95,20.2,33.39,20.09,21.32,10.32,,26.79,21.5,18,20.5,19.84,21,17,19,,27.36,15.27,12.5,28,,20.2,31.67,24,27,17.5,21.4,26.52,28.2,,16.01,,23.53,16.67,18.1,16.54,13,27.2,22,20.5,,12.11,18.7,24,14,17,,7.4,23.6,18.79,,5.70,13,47,4,34,60
East Carolina,North Carolina,3,0.46,11.09,,0.67,3.06,3.96,-5.38,-8.51,20,2.5,4,5.27,5,2.4,5.24,5.44,2.55,2.03,11.46,0.9,-11.35,1.12,1.79,4.79,6.98,2.15,,8.4,0.34,-8,2.11,0.49,0.01,1,-3,,2.11,-0.35,4,-3.1,,14.6,-0.01,6,-2.8,3,-5.6,18.88,12.4,,-5.06,,3.5,-2.2,0.9,8.03,8,-5.7,-3,-0.5,,3.72,-7.2,1,1,2,,10.8,-9.3,-1.47,,6.70,41,70,4,29,111
Florida Intl.,Louisville,-26.5,-21.59,-24.02,,-39.23,-23.49,-15.07,-32.01,-17.98,-12,-29.5,-15,-29.81,-17.5,-23.92,-34.13,-35.92,-19.91,-26.41,-24.03,-28.1,-46.15,-27.67,-20,-32.11,-16.51,-6.09,,-18.52,-28.3,-25,-27.6,-12.9,-34,-25.5,-30,,-28.93,-20.66,-22.5,-29.7,,-27.3,-40,-23,-29.3,-26.5,-21.9,-25.55,-15.1,,-36.41,,-34.38,-23.03,-28.1,-5.32,-35,-27.6,-33,-30.5,,-19.32,-18.4,-34,-15,-27,,-40.6,-49.5,-32.45,,9.42,34,3,4,-31,37
Florida St.,Clemson,14.5,10.04,7.82,,17.2,1.41,6.5,23.43,6.58,33,11.5,18,1.33,15,9.13,19.25,22.53,9.97,15.53,26.52,17.6,25.85,16.85,13.21,31.98,7.24,14.5,,7.44,17.79,13,16,17.14,16,19.5,16,,12.02,9.46,14,22.7,,23.8,16.28,17,11.6,14.5,20.1,9.72,1.6,,17.92,,11.5,16.09,17.6,17.94,8,20.5,21,13,,10.02,22.4,21,17,16.5,,30.8,25.2,11.34,,7.51,17,23,4,6,40
Georgia,Troy St.,41.5,41.95,50.1,,47.44,24.45,44.9,37.28,41.43,42,29,36,53.98,29,38.33,51.47,41.58,17.38,38.96,44.37,39.9,54.35,41.42,37.29,36.02,25.75,26.38,,27.81,40.85,45,40.88,53.09,38,39,43,,41.29,33.49,23.5,47.5,,32.2,44,38,38.4,41.5,42.1,51.35,40.4,,34.75,,40.88,42.34,39.9,16.33,60,46.5,44,46,,34.22,27.5,31,21,41,,38.5,31.6,44.54,,9.62,0,66,4,66,66
Houston,UNLV,22,12.39,31.26,,13.82,15.86,11.35,14.18,14.47,11,11,16,26.36,14,14.85,15.66,19.95,6.74,17.23,18.07,19.9,4.15,21.81,20.61,24.23,8.48,5.57,,10.21,20.35,22,16.08,0.49,21,19.5,20,,15.52,15.17,15.5,26,,24.7,16.08,22,26.8,21.5,20,32.82,20.9,,17.24,,21.82,19.53,19.9,7.5,19,25.5,21,14,,6.53,22,14,11,21,,19.3,25.6,20.44,,6.92,14,47,4,33,61
Illinois,Texas St.,13.5,12.44,-11.42,,15.02,-0.44,2.85,18.98,3.64,14,17.25,8,7.19,10,13.53,20.48,16.81,5.97,11.52,14.43,15.1,14.15,11.41,14.07,17.12,11.63,5.77,,11.03,14.19,17,12.22,16.8,10,14,13,,11.98,5.62,,18.5,,20.8,14.04,9,10.5,13.5,11.2,2.07,-10.3,,14.75,,19.18,15.36,15.1,5.5,11,20.2,9,12,,8.97,23,18,8,14,,15.5,5.7,12.83,,6.77,35,42,4,7,77
Kansas,Central Mich.,3.5,6.49,5.07,,4.88,-2.81,-16.72,0.54,7.73,-11,9.5,-0.25,-3.69,-2,6.21,2.03,6.45,0.51,1.54,1.94,4.6,5.55,2.2,3.86,7.18,4.49,-0.46,,3.58,3.8,-1,2.46,5.55,3,2.5,3,,-1.39,-5.77,-1,4.7,,6.8,7.57,-3,7.8,3.5,0.4,-0.35,-4.9,,5.88,,-0.25,2.46,4.6,-5.18,-6,6,-6,3.5,,4.26,5.3,-4,-2,3.5,,8.1,5.5,1.84,,5.19,10,24,4,14,34
Kansas St.,Auburn,-7.5,-2.3,-18.57,,-14.9,-0.58,-13.17,-9.45,-4.22,-9,-13.5,-8,-18.41,1,-1.44,-14.66,-1.44,-4.61,-8.35,-12.29,-10.1,-9.25,-8.66,-4.96,-12.29,-0.58,-6.5,,-3.97,-9.23,-4,-8.5,-4.33,-9,-7.5,-12,,-5,-12.57,15,-17.6,,-4.6,-11.66,-13,-7.7,-7.5,-15.8,-7,-8.5,,-7.83,,-11.5,-5.24,-7.9,-5.25,-14,-18,-10,-23,,-1.79,-7.1,3,-3,-9,,-0.9,-3.3,-4.56,,5.79,20,14,4,-6,34
LSU,Mississippi St.,9.5,12.38,7.8,,0.69,13.07,5.53,11.27,8.66,2,8.75,5,9.66,12,13.74,7.94,9.22,6.68,8.82,12.56,8.4,7.65,13.55,12.43,6.71,11.31,14,,9.56,7.81,9,8.75,8.9,13,8,7,,8.18,5.02,15,2,,18.4,-0.01,4,2.7,9.5,5.3,12.8,7.4,,12.15,,11.5,8.49,8.4,4.33,2,2.8,7,8,,10.68,12.8,17,7,9.5,,15.7,7,14.23,,4.20,34,29,4,-5,63
Memphis,Middle Tenn.,12,9.76,14.49,,7.43,2.49,11.97,3.09,13.03,11,5.75,6,19.14,-3,7.72,-1.09,5.67,-2.92,6.39,2.23,10.9,2.65,8.44,-6.11,15.05,-5.5,3.02,,-5.19,9.49,7,6.42,13.23,3,7.5,5,,2.89,1.95,2,13.1,,-3.9,13.82,9,7,11.5,0.01,16.93,13.3,,5.72,,8.42,13.67,10.9,6.42,14,13.2,9,2,,-2.98,7.9,1,2,12,,-4,-3.4,6.84,,6.55,17,36,4,19,53
Michigan,Utah,3.5,2.89,1.59,,4.94,6.27,-3.61,-3.07,-2.36,1,-2,3,-6.39,4,6.16,6.11,-3.94,0.21,2.04,-4.84,3.4,8.75,-1.5,-0.46,9.58,7.15,7.84,,6.23,4.38,-3,1.59,-2.11,1,7,3,,-0.12,8.17,11,-0.01,,3.8,7.57,-2,8.7,3.5,-3.6,8.12,-8.4,,6.64,,7.13,2.92,5.6,-0.37,-4,-0.9,4,-1.5,,3.97,7.7,10,1,4.5,,-2.2,6.2,-1.26,,4.71,26,10,4,-16,36
Michigan St.,Eastern Mich.,45.5,49.05,47.46,,60.27,36.06,39.53,53.58,49.75,39,39,28,51.97,26.5,48.28,48.33,51.22,27.64,43.7,44.63,43.9,65.35,52.25,33.89,-51.79,27.16,24.9,,37.04,38.03,42,45.41,42.44,53,44,53,,42.53,39.9,35,50,,31.4,45.41,45,43.5,45.5,53.1,58.41,42.1,,47.27,,48.37,41.32,43.9,20.15,57,48.3,61,57.5,,46.37,39.7,52,30,45,,53.6,68.1,52.9,,16.94,14,73,4,59,87
Minnesota,San Jose St.,10,8.42,6.9,,10.18,8.33,9.61,10.76,6.54,8,13.5,8,11.56,6,10.01,10.19,10.99,5.98,10.55,14.28,9.6,17.75,14.82,16.96,3.26,9.79,13.02,,12.02,11.63,10,10.1,3.28,9,8.5,16,,12.44,6.79,-2.5,19.6,,23.2,15.41,9,18.3,10,3.6,1.56,5.8,,8.66,,10.8,16.66,9.6,11.5,22,19.9,13,7,,5.3,10.1,14,6,8.5,,14,15.4,9.85,,4.77,7,24,4,17,31
Missouri,Indiana,13.5,13.71,24.65,,22.9,19.08,23.72,23.92,7.23,40,17.5,15,26.23,28,15.23,22.38,28.08,16.56,20.67,23.6,14.6,26.95,22.4,34.14,30.25,15.53,16.66,,18.37,19.51,16,22,11.61,27,15,20,,26.02,10.9,16.5,16.2,,31.9,25.59,20,22.8,14.5,24.4,6.45,25.6,,8.93,,24.31,11.62,14.6,15.78,27,15.3,22,20,,17.49,7.9,25,15,13.5,,33.6,29.2,24.9,,7.00,31,27,4,-4,58
Navy,Rutgers,6.5,9.52,23.43,,5.05,10.49,14.52,6.12,14.07,1,4.25,9,9.35,6.5,9.65,5.16,0.4,8.08,7.94,8.45,7.1,9.35,9.66,16,1.61,9.33,4.06,,9.35,6.45,5,7,3.42,11,5.5,7,,11.16,6.28,2,6.2,,27.2,7.51,7,3.7,6.5,14.1,22.3,5.8,,8.41,,0.79,6.73,7.1,8.14,8,6.6,14,2.5,,7.7,4.8,7,7,6,,13.3,15.8,9.78,,5.21,31,24,4,-7,55
Nebraska,Miami (Fla.),8,8.67,3.71,,14.07,14.88,15.17,12.43,12.42,20,11.5,10,14.42,11,6.07,7.7,14.83,4.36,10.69,14.86,8.6,18.95,13.47,14.93,10.58,7.23,9.75,,8.31,9.55,4,10,11.55,9,8,10,,12.85,0.01,5.5,9,,19,16.2,10,3.7,8,8.1,13.19,23.8,,2.93,,5.33,17.66,8.6,15.49,16,6,10,19,,5.1,-0.01,18,10,7.5,,14,3.1,11.57,,5.28,31,41,4,10,72
New Mexico St.,New Mexico,-3.5,-3.46,7.84,,-6.38,11.7,2.91,-3.59,-0.34,10,-7,7,7.5,10,-4.82,4.94,-5.82,1.3,-0.02,6.15,-2.4,4.55,0.42,4.25,-6.95,2.8,6.22,,4.78,-1.84,-4,-1,0.42,-3,-2,-4,,4.45,-4.53,-12.5,-3.4,,6.8,-1.99,-6,3.7,-3.5,3.9,5.08,14.6,,-7.49,,4.63,-9.22,-2.4,1.65,-3,-4.4,-4,-7,,-3.48,0.01,-1,-2,-3.5,,-4.9,4.4,-3.34,,5.63,38,35,4,-3,73
Ohio,Idaho,14,10.58,18.1,,12.21,13.08,5.32,14.18,0.23,6,-1,9,11.56,17.5,13.1,18.84,14.91,12.4,11.83,12.79,12.9,19.55,15.52,-6.43,6.63,12.77,2.5,,14.89,12.27,3,12.77,11.09,19,13,17,,9.9,13.26,20.5,12.7,,27.7,17.07,14,9.6,14,12.2,5.73,9,,7.98,,10.68,13.95,12.9,3.5,13,12,15,14.5,,16.11,11.3,15,10,14,,23.1,21.8,15.27,,5.47,24,36,4,12,60
Oregon St.,San Diego St.,10,8.22,3.21,,17.87,10.24,-3.92,14.84,-5.65,18,18.75,16,-0.91,10.5,11.4,18.2,16.12,5.04,10.1,9.14,11.1,8.15,7.89,13.75,13.38,4.62,7.36,,2.53,10.84,19,10.26,6.9,13,10,6,,12.96,10.26,9,18.5,,22.3,16.24,13,8.1,10,6.2,11.57,-3.3,,9.83,,4.82,9.36,11.1,3.22,8,19.9,11,3.5,,9.14,17.2,14,6,10,,17.3,10.3,9.09,,6.36,7,28,4,21,35
Penn St.,Massachusetts,27,34.08,26.69,,43.33,28.88,18.99,33.56,33.76,37,17.5,27,29.7,28.5,31.48,38.93,32.54,29.39,30.13,27.88,28.1,43.75,27.23,24.75,24.01,25.85,13.28,,29.88,30.37,27,29.79,47.94,35,28.5,35,,35.69,28.51,,33.7,,27.6,40.78,30,29.7,27.5,30.2,28.14,21.4,,32.8,,28.25,29.69,28.1,19.38,32,32.6,33,32.5,,32.52,26.3,35,19,27,,32.9,41.9,28.93,,6.58,7,48,4,41,55
Pittsburgh,Iowa,7,8.82,29.75,,-2.18,8.07,18.46,-3.41,17.25,25,-10,11,18.22,9,1.07,20.57,0.64,0.99,6.89,10.79,5.9,5.95,5.09,9.71,9.43,9.46,-0.94,,9.01,6.11,5,6,24.55,8,4.5,7,,11.42,6.37,3,2.2,,6.5,-0.83,6,6.7,7,6.6,21.28,21.2,,2.95,,-2.1,4.57,5.9,16.17,15,3.1,6,4,,4.6,0.01,1,-2,7,,-13,4,5.71,,8.45,24,20,4,-4,44
Rice,Old Dominion,6.5,13.84,16.65,,25.58,-6.35,13.83,17.38,17.88,26,22,5,12.98,6.5,13.56,10.11,,8.03,13.41,13.05,8.1,18.55,11.6,16.64,3.59,16.87,-0.44,,17.28,10.64,7,13,8.32,16,10,12,,11.14,19.42,,9.2,,29.3,33.41,4,5.8,7.5,11.5,9.51,-10.3,,9.7,,5.33,14.7,8.1,-1.49,13,9.5,13,18.5,,5.45,10.8,25,1,7,,59.5,24.1,14.68,,10.57,45,42,4,-3,87
SMU,Texas A&M,-33.5,-24.24,-44.38,,-38.1,-31.84,-44.13,-28.68,-28.49,-55,-14,-29,-44.44,-23.5,-19.11,-34.51,-29.21,-13.68,-30.13,-38.13,-32.4,-31.05,-28.17,-44.29,-36.57,-16.18,-26.01,,-25.59,-32.16,-28,-29.21,-36.88,-30,-29,-32,,-34.32,-26.31,-16,-35.9,,-25.6,-34.5,-28,-30.6,-33.5,-34.1,-35.88,-54.1,,-16.97,,-28.33,-32.29,-32.4,-22.47,-47,-37.3,-30,-34.5,,-24.36,-18.5,-24,-20,-33.5,,-17.6,-22.4,-34.84,,9.25,58,6,4,-52,64
South Alabama,Georgia Southern,-3,2.84,-23.17,,11.43,-8.52,-7.25,6.95,-1.39,-4,13,4,-4.22,4.5,4.27,20.3,,3.7,3.81,-0.01,3.6,11.55,-3.12,5.64,-1.28,9.54,4.11,,6.29,4.01,11,4,2.01,3,1.5,7,,5.14,17.4,,6.3,,6.3,17.28,0.01,4,-2.5,-3.9,-11.82,-18.6,,11.3,,9.8,-3.45,3.6,-2.73,1,8.4,1,5,,5.12,3,14,-4,2.5,,46.6,6.3,-4.45,,10.16,28,6,4,-22,34
South Florida,Connecticut,2.5,6.38,0.43,,-1.99,-2.1,-1.41,-8.4,8.85,-14,11,4,1.5,2,6.16,7.18,-0.84,-1.78,0.49,-7.03,3.1,-7.85,1.19,7.79,-5.89,2.84,5.19,,3.37,2.42,-4,0.43,5.18,-3,4,4,,0.28,4.67,4.5,6,,-3.4,-1.37,-1,14.7,2.5,-6.7,-10.81,-1.9,,0.14,,4.27,-4,3.1,2.05,5,5.3,-5,-15.5,,-5.37,8.3,-7,-1,2,,-2.4,3.6,-2.3,,5.98,14,17,4,3,31
Southern Miss.,Appalachian St.,2.5,1.73,-12.84,,-0.83,-17.82,2.46,1.2,-3.5,13,6.25,3,-5.5,5.5,3.49,4.26,,-2.56,1.27,-2.85,3.6,-2.45,-4.73,7.61,14.68,4.69,1.47,,3.79,2.58,7,1.47,0.93,0.01,4,0.01,,1.84,1.9,,4.3,,-11.4,-3.12,0.01,6.9,2.5,-6.7,-10.73,-13.3,,6.54,,1.4,-2.96,3.6,0.14,-13,7.3,-14,-2,,2.2,4.7,25,13,2.5,,37.1,-15.8,-2.81,,9.44,20,21,4,1,41
Syracuse,Maryland,1.5,12.15,1.45,,9.46,11.17,20.06,14.13,22.09,25,-1.5,6,9.21,8,7.23,6.02,13.3,6.82,7.66,7.37,2.1,-2.85,4.93,12.21,-5.02,4.31,4.07,,4.73,5.71,4,7,23.33,4,1.5,1,,10.94,5.14,8,6.9,,9.9,15.41,7,9.1,2.5,9.6,16.76,-0.2,,7.28,,12.35,3.81,2.1,13.32,-4,6.6,7,1.5,,6.43,0.4,14,8,1,,1.2,12.1,5.25,,6.43,34,20,4,-14,54
Toledo,Ball St.,14,13.29,12.43,,8.61,0.28,14.79,-0.84,10.07,14,0.25,11,11.49,6,14.06,23.79,0.33,1.42,8.21,6.1,12.9,14.75,11.55,6.57,17.62,3.09,0.73,,0.98,11.65,5,8.74,14.54,5,8,10,,8.24,8.62,2.5,11.2,,13.3,16.14,4,13.1,13,9.1,11.71,5,,3.21,,1.97,10.38,12.9,10.81,14,12.3,12,6.5,,-0.86,12,3,3,14,,4.6,10.1,8.74,,5.56,23,34,4,11,57
Vanderbilt,South Carolina,-21.5,-17.19,-26.52,,-28.37,-9.98,-23.23,-15.85,-22.86,-35,-15,-19,-32.07,-12.5,-10,-28.57,-21.54,-6.12,-19.82,-26.04,-22.6,-16.35,-21.45,-32.18,-17.67,-13.56,-17.4,,-22.97,-22.31,-29,-20.04,-33.93,-15,-20,-24,,-24.13,-21.01,-7,-25.6,,-21,-29.93,-22,-20.6,-21.5,-20.2,-33.43,-16.9,,-18.01,,-23.11,-18.33,-20.4,-10.81,-32,-25.2,-19,-21.5,,-10.88,-12.2,-14,-10,-21.5,,-11,10.3,-20.04,,8.07,48,34,4,-14,82
Virginia Tech,Georgia Tech,8,9.51,8.95,,9.9,5.5,13.07,3.69,11.14,18,-3,7,13.41,5.5,9.84,5.83,2.42,4.33,7.34,12.59,9.1,1.95,11.17,6.93,3.91,5.48,2.3,,8.83,8.97,13,7.63,4.9,4,8,10,,7.63,10.85,0.5,10.7,,15.1,15.71,10,11.6,8,3,6.86,13.5,,6.92,,19.82,2.19,6.9,8.73,13,11.4,6,8,,4,9.3,4,1,8,,-0.9,-11.3,5.51,,5.34,27,24,4,-3,51
Wake Forest,Army,-2.5,3.88,4.7,,13.88,8.05,-4.81,11.95,1.96,11,7.5,1,-3.63,8.5,5.85,-3.48,8.64,8.44,5.08,0.01,-1.4,15.45,4.97,2.43,3.59,2.83,1.33,,7.16,3.07,5,4.44,-2.21,14,3,3,,4.44,0.98,5.5,2.7,,19.4,16.17,3,2.1,-1.5,9,1.2,8.1,,2.85,,3.3,4.11,-1.4,6.22,-3,4.4,4,6,,5.74,2.3,4,5,-2.5,,7.2,23,5.82,,5.49,21,24,4,3,45
Washington,Georgia St.,34.5,37.74,32.32,,46.04,26.86,28.87,41.96,29.77,42,21.5,35,38.56,32,38.86,42.79,,23.49,36.28,35.75,35.6,42.95,38.01,29.46,31.3,26.49,10.85,,29.43,37.3,42,37.74,40.82,43,36.5,42,,39.14,37.72,,48.8,,31.3,37,36,35.5,34.5,43,28.89,24,,39.43,,36.71,39.27,35.6,18.92,40,50.6,47,31.5,,59,41.3,35,23,34.5,,40.9,56.8,44.53,,9.10,14,45,4,31,59
Washington St.,Oregon,-23.5,-21.71,-21.26,,-23.96,-19.67,-24.06,-23.54,-22.3,-6,-13,-17,-25.82,-24,-18.24,-34.92,-24.97,-11.87,-20.47,-24.5,-22.9,-18.95,-24.18,-34.07,-19.83,-15.34,-23.59,,-21,-22.66,-28,-21,-27.4,-19,-24,-23,,-23.69,-14.41,-27,-21,,-22.4,-21.3,-24,-17.8,-23.5,-19,-15.57,-19.7,,-22.98,,-28.17,-14.19,-22.9,-12.91,-22,-18.2,-18,-12,,-15.93,-14,-24,-15,-24,,-20.3,-14.4,-25.55,,5.11,38,31,4,-7,69
West Va.,Oklahoma,-8.5,-13.16,-12.37,,-21.31,-10.21,-17.99,-19.83,-14.27,-17,-6,-14,-15.6,-14.5,-11.94,-13.85,-14.82,-11.77,-13.68,-8.82,-9.1,-15.95,-10.73,-19.57,-3.19,-10.37,-18.89,,-16.3,-12.68,-15,-14,-13.01,-15,-12.5,-14,,-13.73,-15.24,-11,-17.7,,-21.6,-18.32,-15,-18.6,-9.5,-20.4,-6.06,-6.3,,-17.31,,-21.75,-3.91,-9.1,-11.41,-5,-17.3,-14,-5,,-11.77,-9.8,-11,-9,-8,,-12.8,-39.8,-12.52,,5.80,45,33,4,-12,78
Wisconsin,Bowling Green,27,23.57,17.83,,21.58,15.42,21.9,14.98,24.52,26,9.25,13,27.38,13,22.64,22.72,25.28,6.66,19.03,20.39,25.9,20.05,27.48,25,29.95,8.68,18.11,,12.86,23.54,18,18.92,23.27,16,21,17,,18.91,1.74,13.5,25.7,,17.4,24.17,18,29.4,26,13.6,26.09,18.8,,10.17,,16.28,18.92,25.9,13.99,25,24.8,14,20.5,,10.97,15.3,25,12,27,,13.3,22,24.42,,6.31,17,68,4,51,85
Wyoming,Florida Atlantic,3.5,7.36,1.11,,-4.77,7.11,8.69,-4.27,9.01,4,-6.5,3,3.82,6,7.2,-1.44,0.32,-7.02,1.63,-7.75,2.9,3.65,3.66,-0.14,11.03,2.92,11.92,,4.45,2.54,-2,2.01,5.65,-4,4,6,,2.01,5.36,1,3.5,,-14.4,-1.95,-1,-7.1,3.5,-2.8,11.1,12.2,,-1.79,,-4.6,6.23,2.9,5.93,7,2.9,-1,0.5,,-4.54,4.2,1,2,4,,-9.8,-10.4,1.65,,5.97,19,20,4,1,39
Air Force,Boise St.,-13,-17.5,-12.45,-18,-20.22,-6.22,-13.29,-20.88,-10.33,-6,-13.5,-9,-14.87,-12,-19.4,-20.31,-22.21,-15.74,-15.33,-16.48,-14.1,-18.85,-14.57,-22.08,-6.27,-13.94,-1.76,,-17.47,-14.03,-14,-16,-10.33,-20,-14,-17,-12.5,-18.27,-12.74,-19,-18,,-17.1,-19.36,-16,-9.6,-13,-15.7,-10.9,-3.1,,-10.77,,-27.53,-17.41,-14.1,-6.86,-18,-17,-23,-19,-11.5,-13.92,-13.5,-25,-11,-13,-15.6,-22.2,-24.7,-22.61,,5.40,14,28,5,14,42
Arizona St.,UCLA,-4,-2.23,-3.9,3,2.05,3.17,0.24,-0.25,-1.03,4,11.25,-5,-5.77,3,-2.56,-9.79,11.61,1.57,0.12,3.87,-5.1,-1.45,0.65,-1.46,-8.65,-2.73,2,,1.29,-4.04,-4,-0.25,-1.03,2,-3,-5,3.12,-0.26,-5.07,6,-7.2,,18.8,2.02,2,-7.9,-3.5,-2.6,6.18,11.5,,-5.35,,12.95,-2.1,-5.1,2.21,-2,-6.6,-3,-4,-5,2.53,-1.9,4,3,-4,0.8,10.9,-2.4,2.05,,5.62,62,27,5,-35,89
Auburn,Louisiana Tech,32.5,31.25,33.1,35,39.91,29.51,24.6,36.31,41.41,38,33,27,21.57,22.5,30.02,37.64,29.83,22.7,32.04,28.12,33.1,46.25,29.11,41.21,36.14,20.82,27.07,,25.74,34.84,40,33.1,41.41,40,33,35,27.13,30.47,33.68,9.5,40.7,,29.9,43,31,22.1,32.5,38,34.07,22.9,,35.48,,34.06,31.61,33.1,20.84,34,43.9,39,37,21.25,16.66,34.1,35,15,32,24.1,41.8,43.3,31.96,,7.48,17,45,5,28,62
Boston College,Colorado St.,9.5,4.63,8.21,7,5.28,7.15,7.48,3.94,-4.35,6,-2.5,6,9.44,9,6.01,12.8,7.87,5.96,6.24,9.98,8.4,-6.35,6.55,14.88,9.1,12.98,5.98,,9.82,8.35,10,6,-4.35,5,5,6,1,7.62,5.45,3,8.8,,13.4,8.27,4,18.9,9,5.3,15.74,5.2,,1.38,,5.26,7.37,8.4,9,6,9.1,-5,3.5,4.5,5.73,10.4,4,6,9.5,-0.6,2.6,6.5,8.75,,4.74,24,21,5,-3,45
Buffalo,Miami (Ohio),7,9.28,8.7,14,12.84,16.14,3.66,13.61,8.18,1,15.5,19,13.63,18.5,9.32,7.79,18.12,19.62,11.31,12.27,7.1,25.35,9.06,-8.08,1.7,10.82,3.81,,5.37,6.65,5,10.02,8.18,17,6.5,9,15.75,10.02,14,20,7.4,,28.6,15.89,13,5.2,7.5,6.4,6.07,0.4,,9.4,,10.71,10,4.9,-1.1,11,7.6,15,6.5,16,13.49,14.2,24,9,6,0.3,27.7,19.2,8.1,,6.54,27,35,5,8,62
California,Colorado,14,13.38,18.97,7,0.68,18.43,14.12,5.1,21.42,18,2,11,23.07,11,10.55,9.87,12.13,1.2,10.29,14.9,13.4,3.75,10.48,8.96,9.9,2.56,11.17,,7.17,11.64,12,10.55,21.42,8,11,12,4,12.69,0.01,9,12.6,,28.7,-1,13,12,13.5,11.4,14.87,22.3,,0.01,,10.78,13.76,13.4,6.04,26,10.4,6,5.5,6,5,7,7,6,14.5,16.9,3,2.8,13.71,,6.73,56,59,5,3,115
Clemson,North Carolina,14.5,14.56,21.26,11,14.04,19.54,16.07,12.17,7.7,16,16.5,10,13.9,10.5,15.19,9.53,20.36,2.17,14.75,12.82,13.4,2.75,16.09,16.04,20.83,8.78,11.64,,13.69,13.57,22,14.4,7.7,19,12.5,11,22,9.89,9.01,16,9.4,,31.6,16.17,13,12.4,14.5,13.1,41.97,22.6,,4.38,,15.73,15.21,13.4,2.44,21,9.5,16,24,27.5,8.04,5.6,11,9,14.5,19.5,18.1,14.4,20.57,,7.03,35,50,5,15,85
Connecticut,Temple,-6,-5.39,-26.78,-7,-0.57,-20.01,-9.94,-2.05,-5.39,-9,-4.25,-4,-17.23,-2.5,-3.53,-16.03,-7.21,-2.17,-8.01,-5.59,-7.1,-10.15,-5.93,-6.5,-1.91,-0.76,-2.21,,-4.46,-7.14,-3,-7,-5.39,-7,-3,-7,-2.75,-8.52,-8.44,1,-11.8,,-4.5,-2.21,-8,-14.9,-6,-14.7,-15.57,-20.5,,-2.58,,-7.24,-6.25,-7.1,-11.44,-20,-9.6,-12,-10.5,-1.25,-3.65,0.5,-3,-2,-6,-2.8,-3.2,-10.7,-12.48,,5.87,36,10,5,-26,46
Florida Atlantic,Texas-San Antonio,-6,-1.74,-11.12,-3,-2.34,-12.81,-5.24,-7.3,-3.92,-8,-1.75,-6,-15.01,-1,-0.37,-5.91,-12.1,-3.99,-7.47,-9.89,-7.1,-14.35,-5.46,-14.63,-2,-4.97,-9.23,,-9.1,-7.09,-21,-7.2,-3.92,0.01,-4,-10,-7.38,-6.44,-10.16,,-11.7,,-9.4,-0.88,-5,-8.3,-6,-8.5,-14.53,-7.1,,-3.7,,-12.54,-3.26,-7.1,-3.11,-22,-10.5,-9,-8.5,-13,-1.66,-0.3,-10,-5,-6,-9.8,-5.2,-5.2,-6.28,,4.81,37,41,5,4,78
Georgia,Tennessee,17,16.36,23.96,14,16.13,13.67,12.48,17.53,11.03,7,19.25,14,16.79,13.5,17.09,19.85,20.07,7.93,16.81,10.65,18.1,15.25,19.22,16.29,20.88,9.81,13.5,,14.46,17.13,24,17.09,11.03,20,17.5,16,20.63,10.8,23.19,19.5,17.8,,29.6,14.14,12,14.7,17,10,28.17,22.2,,19.11,,17.68,17.2,18.1,1.83,22,18.1,21,24,22,9.79,20.3,14,11,17,10.1,27.2,10.8,20.39,,5.54,32,35,5,3,67
Georgia Southern,Appalachian St.,19.5,12.01,25.45,15,19.48,11.88,18.11,22.23,15.32,30,8.75,16,15.94,12.5,11.5,21.13,28.87,16.15,16.54,28.1,18.4,12.75,15.28,2.92,21.16,7.06,7.4,,11.21,16.35,25,15.63,15.32,18,15,14,11.13,19.52,6.02,,14.9,,29.2,21.3,13,17,19.5,22,13.79,19.5,,7.83,,13.95,19.7,18.4,18.78,19,14.8,15,21,13.5,5.56,14.3,17,24,19.5,37.3,9.2,18,20.72,,6.47,14,34,5,20,48
Idaho,South Alabama,-4,-3.39,-5.27,-11,-16.44,4.86,-2.38,-13.65,-8.62,1,-7.5,-4,-9.1,-4,-3.25,-5.88,-9.76,-18.85,-6.8,-9.18,-5.1,-21.15,-1.62,13.08,-2.44,-3.41,2,,-3.86,-4.78,-5,-6.71,-8.62,-11,-7,-12,-7,-5.14,-5.29,,-7.9,,10.5,-10.73,-7,-5.7,-4,-13.3,-4.51,0.7,,-12.58,,-7.87,-2.12,-5.1,8.3,-11,-6.6,-15,-9.5,-6.5,-16.1,-9.3,-4,-8,-4,-5.1,-15.2,-16.6,-6.82,,6.06,34,10,5,-24,44
Indiana,Maryland,4,1.82,-0.68,6,1.59,1.66,0.32,6.58,5.31,4,-1.5,2,-6.78,1.5,0.42,-3.47,7.74,-2.48,2.1,1.94,3.4,-5.85,-0.49,4.42,1.69,4.44,2.15,,2.39,2.83,8,1.82,5.31,1,2.5,0.01,-3.5,-1.26,-1.08,4.5,4.3,,8.3,1.27,-2,-3.6,4,3.6,10,-0.2,,0.7,,11.17,3,3.4,-2.5,1,5.8,4,2.5,-5.5,4.81,3.2,8,4,4.5,-4.2,4.5,7.1,0.67,,3.91,37,15,5,-22,52
Iowa St.,Baylor,-22,-13.87,-35.49,-13,-14.05,-30.33,-17.7,-10.2,-12.56,-6,-23,-14,-28.87,-17,-12.73,-9.81,-19.44,-4.43,-18.01,-12.73,-19.9,-26.25,-14.95,-26.08,-17.5,-12.61,-15.05,,-17.43,-19.37,-8,-17,-12.56,-26,-21.5,-15,-16.75,-18.28,-21.81,-16.5,-22.9,,-10.3,-9.27,-21,-19.7,-21.5,-8.7,-37.87,-36.4,,-17.54,,-12.5,-16.72,-22.1,-5.79,-30,-23.5,-22,-19.5,-10.5,-6.13,-8.6,-17,-10,-21,-33.6,-20.7,-18.4,-27.24,,7.99,49,28,5,-21,77
Kansas,Texas,-12,-13.4,-23.9,-16,-17.92,2.08,-17.54,-14.91,-2.44,-7,-9,-6,-20.82,-7,-14.92,-11.62,-19.22,2.2,-13.8,-3.49,-12.4,-25.35,-14.7,-25.42,-8.84,-9.64,-5.86,,-15.7,-12.92,-17,-14,-2.44,-21,-14,-16,-8.75,-10.86,-13.88,-18.5,-14,,-3.2,-15.96,-14,-8.3,-12,-10,-11.86,-7.6,,-17.3,,-21.66,-13.38,-14.6,-5.54,-24,-13.8,-16,-16.5,-8.5,-9.07,-13,-35,-8,-13.5,-2.7,-18.3,-15.1,-21.63,,6.97,23,0,5,-23,23
Kansas St.,UTEP,27,31.46,25.96,31,38.61,11.56,22.06,36.03,29.16,28,26.25,16,22.1,19.5,31.84,27.32,37.35,17.37,27.79,25.9,27.1,41.75,28.29,36.92,22.79,19.05,11.6,,24.16,28.25,29,29,29.16,35,30,29,21.62,26.74,22.08,30,31,,29.1,34.28,27,27.2,27,30.3,32.2,16,,31.65,,28.06,31.24,27.1,5.11,34,31.5,35,36,17,25.43,29.6,35,16,26,30.9,49,36.1,31.5,,7.86,28,58,5,30,86
Kentucky,Vanderbilt,17.5,10.45,23.15,3,13.12,30.45,19.16,0.72,25.06,24,1.5,14,35.44,4.5,5.3,17.36,5.1,-8.48,12.27,20.56,16.4,3.65,14.07,9.5,20.09,5.31,11.51,,10.73,16.72,11,11.51,25.06,3,15,12,3,14.73,2.17,-12.5,20.6,,27,16.18,17,19.3,17,12,30.09,32.1,,0.36,,4.43,10.13,18.6,22.43,27,18.7,10,4.5,4.5,-4.36,2,6,7,17.5,19.2,-1.9,-2,12.58,,10.03,7,17,5,10,24
LSU,New Mexico St.,42.5,43.82,48.11,42,46.94,25.85,32.3,51.59,38.9,33,38.75,28,46.48,31.5,43.66,38.44,50.65,24.83,40.45,40.89,41.9,43.75,38.55,38.92,38.7,25.63,18.45,,30.31,41.97,41,42,38.9,50,42.5,42,35.5,41.07,38.79,44,49.4,,29.8,41.2,41,38.9,42.5,43.9,33.59,29,,46.61,,46.61,44,41.9,25.28,48,48.7,48,44.5,32.25,59,47.2,46,30,43,47.7,51.6,47.9,47.51,,8.62,7,63,5,56,70
Louisiana-Monroe,Troy St.,14,9.61,18.05,7,7.59,24.88,13.8,9.64,24.99,19,9,19,21.26,14,7.09,27.48,9.77,14.7,14.11,17.31,15.6,19.25,14.47,-1.25,21.92,12.32,10.64,,8.93,15.03,11,14,24.99,12,10.5,17,9.87,15.55,15.41,6,18.1,,25.5,14.01,11,12.6,14,14.9,23.29,23.3,,7.33,,7.25,12.98,15.6,9.95,25,16.2,17,14,10.75,6.71,2.5,10,6,14.5,4.3,8.7,16.9,16.36,,6.09,20,22,5,2,42
Louisville,Wake Forest,21.5,25.76,32.59,21,29.31,23.82,28.07,21.17,23.06,31,17.25,16,34.91,15,25.3,21.95,24.3,14.78,23.42,26.4,23.1,28.95,19.67,33.63,17.04,11.66,13.04,,16.56,23.53,25,23.06,23.06,23,21,26,16,29.06,22.36,21,27.1,,25.6,32.36,26,30.1,21.5,22.4,41.27,22.1,,20.39,,29.07,20.16,23.1,12.95,31,24.4,26,18.5,14.75,12,14.2,28,15,22,27.2,21.7,22.1,27.61,,6.40,10,20,5,10,30
Massachusetts,Bowling Green,-5,-15.05,-8.43,-17,-16.91,-4.81,-0.45,-20.18,-27.22,-4,-16.5,-15,-8.28,-20,-12.88,-24.73,-18.22,-20.52,-12.62,-10.35,-5.6,-29.75,-7.79,-1.46,-1.63,-14.91,3.72,,-16.46,-5.82,-10,-13.25,-27.22,-22,-10.5,-20,-9.25,-12.69,-20.19,,-11.7,,-29.2,-12.45,-13,-0.01,-6,-14.8,4.56,-2,,-7.2,,-17.98,-14.01,-3.4,4.09,-12,10.9,-26,-13.5,-2,-16.42,-16.8,-21,-11,-4.5,-9.1,-25.9,-23.7,-9.88,,8.94,47,42,5,-5,89
Miami (Fla.),Duke,7,3.23,3.39,-3,0.41,-8.13,-2.73,-5.69,-3.15,6,1.25,-4,-0.7,1,5.07,-9.94,-0.98,-5.97,-1.17,-0.16,5.9,-3.55,1.5,-4.83,9.99,0.64,0.75,,0.31,1.73,1,-1,-3.15,0.01,5,-4,-1,-6.27,2.46,6.5,-2.3,,-5.3,-2.21,-2,1.7,5.5,-7.1,-4.53,-8.9,,6.95,,0.64,-0.01,5.9,-11.5,-8,-1.2,-7,-1.5,-3.25,2.28,7.6,3,-2,7,-14.7,-2.2,-5.8,-1.53,,4.66,10,22,5,12,32
Michigan,Minnesota,13.5,7.46,8.51,3,7.55,5.16,5.1,1.84,1.46,1,-3.5,3,4.85,3,9.07,1.31,5.95,-1.46,4.64,-5.22,10.4,3.05,6.52,4.04,18.63,4.83,6.45,,4.72,8.04,7,4.83,1.46,6,8,5,-2.13,-0.71,0.01,13.5,3,,-2,13.95,6,8.7,12,-3.8,16.11,3.8,,11.41,,11.05,8.17,10.4,-1.07,-5,3.1,3,12,-0.75,5.11,10.4,8,4,11.5,2.5,-3.4,-5.6,6.35,,5.07,30,14,5,-16,44
Michigan St.,Wyoming,28,30.2,31.28,31,36.98,28.02,17.76,36.03,23.5,22,21.75,16,31.04,17.5,29.68,18.19,31.69,14.9,28.92,25.2,32.1,44.05,28.59,38.71,34.28,16.68,22.04,,29.01,32.38,36,30.68,23.5,36,31.5,31,17.75,22.41,22.83,22.5,36.6,,31.4,32.83,29,37.5,28,32.7,36.7,31.6,,30.68,,37.1,26.86,32.1,7.48,37,35.4,37,32,13.75,22.94,25,45,16,31,13.7,40.1,37.3,30.06,,8.28,14,56,5,42,70
Mississippi,Memphis,21,20.16,10.41,27,22.69,23.13,21.05,25.36,17.52,14,12.25,19,20.1,20,20.42,20.57,24.38,11.62,20.52,20.11,20.6,27.05,21.83,36.13,7.17,17.57,21.9,,24.7,21.06,18,20.57,17.52,28,21,19,11.5,22.16,20.19,13,23.9,,24.7,26.03,21,23.3,21,26.6,21.89,15.3,,17.86,,22.86,18.24,20.6,14.44,18,24.4,24,27,10.75,17.22,19.1,31,12,19.5,24.8,29.1,28,24.17,,5.13,3,24,5,21,27
NC St.,Florida St.,-18.5,-12.52,-6.23,-28,-25.87,7.32,-7.76,-31.42,-12.32,-6,-28,-9,-19.88,-12,-12.47,-28.53,-30.56,-14.13,-19.94,-19.11,-19.6,-44.15,-19.39,-25.54,-16.45,-10.06,-16.67,,-11.23,-20.65,-21,-19.92,-12.32,-30,-23,-23,-27.37,-10.39,-23.86,-29,-27.9,,-28.3,-17.92,-18,-13.4,-18.5,-18.9,-13.45,2.9,,-29.9,,-31.31,-22.9,-19.6,2.59,-24,-26.2,-31,-25.5,-26.75,-21.95,-26.7,-28,-11,-18.5,3.6,-42.4,-31.5,-19.92,,10.71,56,41,5,-15,97
Navy,Western Kentucky,7,9.07,9.23,7,11.97,2.36,6.19,7.59,-2.23,7,6,13,10.7,10,11.88,-1.07,-2.97,3.55,6.74,3.54,8.1,0.75,8.51,11.46,10.03,5.99,0.01,,4.13,8.88,8,7,-2.23,6,7,8,6,8.51,8.17,,12.9,,18.4,18.14,10,6.8,7,4,0.48,-0.8,,12.96,,4.57,8.97,8.1,1.06,6,14.1,10,5.5,6,5.62,10.6,1,6,7,-0.9,10.3,8.4,8.18,,4.77,36,27,5,-9,63
Nebraska,Illinois,21.5,18.27,23.03,16,24.4,23.9,22.26,21.57,14.55,31,20.5,20,21.44,22,18.27,14.82,23.73,8.93,20.56,23.34,21.6,21.85,17,27.21,23.37,12.68,12.2,,18.21,20.86,18,21.57,14.55,23,18,22,19.62,22.33,17.05,20,22.5,,30.5,30.07,22,25.3,21.5,16.5,28.95,26.5,,14.21,,22.39,19.82,21.6,14.97,22,20.1,18,22,18.75,9.81,8.4,28,13,20.5,24.6,24.1,23.1,23.79,,5.22,14,45,5,31,59
New Mexico,Fresno St.,-4.5,-6.79,-7.53,-8,-10.77,4.01,-2.86,-12.07,4.82,1,-8,-6,-6.44,-10.5,-8.8,-10.31,-10.53,-11.85,-8.2,-12.63,-6.1,-15.35,-11.78,-2.29,0.83,-8.23,6.5,,-12.14,-6.39,-2,-9,4.82,-13,-5.5,-13,-6.38,-3.99,-12.99,-20,-11.8,,-11.3,-9.46,-7,-7,-5,-11.8,-3.51,-1.7,,-12.35,,-23.15,-2.45,-6.1,9.88,-9,-11.1,-15,-10.5,-4.75,-9.03,-19.5,-11,-4,-5,-5.9,-13.2,-17,-11.06,,6.28,35,24,5,-11,59
Ohio St.,Cincinnati,17,11.78,22.73,14,12.37,4.49,6.97,15.27,-0.91,12,2.5,16,12.18,11.5,14.22,-11.49,22.39,2.73,13.01,5.7,14.9,20.25,18.76,18.92,20.87,8.89,8.1,,12.73,16,12,12.73,-0.91,23,14,16,2.38,7.98,15.45,11,16.7,,30.4,17.15,14,11.2,17,11.8,18.98,16.4,,16.89,,21.08,21.77,17.1,6.34,11,18.6,18,25,2.25,7.04,12.6,7,12,16,0.6,22.5,13.5,17.15,,7.44,28,50,5,22,78
Oklahoma St.,Texas Tech,14,13.81,20.84,20,18.55,18.39,22.58,29.6,10,26,30,15,23.79,15.5,13.26,10.44,27.62,18.83,19.88,30.8,15.1,26.35,18.01,23.96,9.98,7.66,8,,12.95,16.2,24,18.74,10,24,14,18,30.5,19.49,12.82,16,19.8,,33.9,16.67,15,18.3,14.5,29,18.74,22.3,,6.2,,22.6,14.49,15.1,10.27,36,18.4,28,22.5,31,9.29,11.8,18,19,14,28.9,32.3,26.1,25.86,,7.49,35,45,5,10,80
Old Dominion,Middle Tenn.,3,-0.9,-11.52,-3,-6.57,1.34,0.87,-1.74,2.93,4,-10.75,7,5.88,4.5,-1.06,-11.47,-2.06,-3.12,-2.28,-2.78,2.4,-12.55,-1.26,6.96,-1.32,3.33,3.36,,1.6,1.02,-1,-1.03,2.93,-2,3.5,-1,-10.5,3.8,-13.01,,-0.5,,-17.8,-3.06,2,-0.01,2.5,1.1,8.59,-1.8,,-3.89,,-3.1,0.75,2.4,6.42,-8,-0.9,1,-7,-10.25,5.33,-0.3,-7,5,3.5,15.3,-39,2.1,-2.43,,7.70,41,28,5,-13,69
Penn St.,Northwestern,11.5,10.61,19.02,10,14.39,23.19,14.2,14.58,14.45,21,10.5,14,11.74,15,10.25,16.23,10.34,13.94,13.26,18.79,11.1,19.65,9.43,29.63,15.7,16.78,8.88,,19.66,11.72,11,13,14.45,12,10,13,9.75,24.69,7.11,4.5,7.7,,23.3,15.47,10,14.9,11.5,14.4,18.82,17.3,,3.7,,12.22,11.88,11.1,11.18,20,7.1,13,17.5,9,7.39,1.9,14,9,10,13,12.4,20.8,11.81,,4.78,29,6,5,-23,35
Pittsburgh,Akron,20,15.49,19.76,24,19.86,24.72,18.94,18.78,9.86,20,8,16,21.13,19,16.44,22.04,25.01,8.43,19.12,21.47,18.9,27.75,19.83,25.67,22.32,16.71,8.49,,16.14,19.1,32,19.76,9.86,23,17.5,20,9.38,23.8,15.94,18,16.7,,19.9,21.94,21,20.1,20,20,30.39,20.9,,15.35,,23.39,19.43,21.1,18.47,18,18.6,21,20,10.75,19.21,18.3,21,11,20,14.8,17.1,17.1,25.69,,4.98,21,10,5,-11,31
Purdue,Iowa,-8.5,-9.94,-4.75,-14,-20.88,-11.23,1.17,-16.79,-12.12,-10,-12.5,-3,-6.61,-6.5,-10.83,-20.09,-20.63,-11.66,-12.12,-11.8,-10.1,-20.35,-9.52,-25.17,-14.16,-11.55,-4.33,,-11.57,-12.38,-23,-12,-12.12,-15,-12,-8,-10.5,-13.35,-10.89,-12,-14.6,,-9.8,-18.21,-14,-16.1,-9,-12,-3.43,-6.5,,-20.25,,-24.88,-12.38,-10.1,4.17,-4,-13,-15,-15.5,-8.5,-11.45,-9.8,-21,-9,-9,10.2,-21.6,-19.7,-9.63,,6.53,24,10,5,-14,34
Rutgers,Tulane,11.5,12.02,23.09,7,15.32,15.38,14.74,17.2,13.67,24,4.75,18,8.76,17,11.46,26.54,14.07,4.17,14.29,21.25,13.1,13.15,12.47,21,7.89,15.18,8.37,,17.03,13.32,17,14.3,13.67,11,10.5,14,9.37,20.42,11.38,11,17.5,,8.1,14.35,18,14.7,12,14.3,14.25,15.1,,8.75,,16.06,13.27,13.1,7.71,15,15.4,14,19,14,7.13,15.7,18,10,12,11.4,4,19.2,13.79,,4.76,6,31,5,25,37
SMU,TCU,-32,-13.37,-24.32,-17,-21.43,-51.46,-33,-19.74,-33.07,-32,-7.5,-13,-31.38,-10.5,-8.31,-34.36,-22.36,-13.39,-23.42,-35.03,-30.9,-14.35,-27.71,-28.13,-34.91,-7.45,-9.42,,-16.46,-31.05,-33,-22.36,-33.07,-19,-29,-25,-11.25,-29.48,-10.88,0.5,-40.7,,-21.2,-18.33,-25,-34.1,-31.5,-26.2,-42.05,-49.7,,-12.09,,-14.03,-22.36,-33.1,-28.5,-36,-41.2,-21,-24.5,-15,-6.35,-14.8,-20,-14,-32,-31.1,-19.8,-15.5,-28.24,,10.90,56,0,5,-56,56
San Diego St.,UNLV,17.5,18.03,23.36,14,12.37,21.65,16.39,11.99,21.45,18,-7.5,10,30.73,13.5,16.22,17.96,18.67,3.52,15.65,22.05,15.9,6.25,17.58,12.92,20.28,8.29,7.63,,13.62,16.54,10,16.22,21.45,15,17,20,0.37,14.06,6.51,13.5,13.2,,28.1,17.15,14,21.7,17.5,16.4,36.62,26.5,,15.4,,15.94,17.52,15.9,12.24,26,11.1,19,17,8.25,6.68,10.1,17,8,17,21.8,7.4,19.8,23.01,,7.20,17,34,5,17,51
San Jose St.,Nevada,-5.5,-2.3,0.83,3,-0.65,-13,-0.42,-2.95,-3.65,-8,4.5,-2,-7.2,1,-1.77,-3.04,-2.83,-7.47,-2.26,-5.55,-3.9,9.35,-2.94,-3.83,6.01,-1.51,-2.51,,-2.36,-4.26,-15,-2.6,-3.65,2,-2.5,-7,0.01,-4.57,7.11,9,-6.8,,14.3,-3.12,-8,-10.2,-5,-2.6,-1.61,-4.7,,1.41,,-3.71,-4.24,-3.9,-7.65,3,-6.6,-2,1,-4.5,3.98,-0.01,-4,-4,-5,-16.9,2.8,-0.7,-3.87,,5.38,21,10,5,-11,31
South Carolina,Missouri,5,7.91,11.09,-1,0.23,-8.76,-1.43,1.24,11.63,9,-0.5,11,-4.15,8,9.17,25.88,0.61,1.78,4.25,6.64,4.9,1.15,2.7,6.38,2.62,11.39,11.5,,11.93,4.92,4,3.7,11.63,5,5.5,7,-1.5,7.04,11.68,6,3.7,,7.3,-1.24,3,1.3,5,-2.6,5.29,-8,,11.92,,8.29,6.34,4.9,8.04,-2,5.4,3,6,-2.5,5.65,9.6,3,-1,6,12.5,0.9,-0.3,2.18,,6.03,21,20,5,-1,41
Southern Miss.,Rice,-8,-4.85,-4.18,-14,-15.25,1.43,-4.91,-11.19,1.48,-2,-10,1,-3.06,-0.5,-5.13,9.53,-14.82,-10.71,-7.36,-8.45,-9.1,-18.65,-6.5,1.46,-12.53,-1.98,1.5,,-4.62,-8.18,-12,-7.37,1.48,-15,-11,-7,-8.12,-0.68,-13.27,-17,-10.7,,-8.7,-11.95,-3,-5.7,-8,-5.9,-8.1,-0.2,,-2.08,,-1.87,-13.32,-9.1,1.6,-16,-11.3,-13,-11,-6.25,-9.7,-5,-11,-8,-8,-17,-18.7,-8.1,-12.39,,6.08,41,23,5,-18,64
Syracuse,Notre Dame,-9,-11.69,-18.52,-14,-10.34,-13.16,-15.39,-8.68,-9.66,-10,-12.25,-10,-4.55,-9.5,-11.67,-21.98,-14.83,-11.01,-12.09,-14.37,-10.6,-16.2,-6.85,-21.79,-8.63,-11.68,-16.61,,-17.7,-10.98,-14,-11.69,-9.66,-16,-11.5,-16,-13.63,-15.45,-8.99,-13,-13.8,,-22.8,-12.17,-8,-10.6,-9,-9.4,-8.81,-11.2,,-5.49,,-17.7,-5.66,-10.6,-10.36,-17,-13.8,-3,-10,-15,-9.39,-8.2,-18,-7,-9.5,-23.3,-10.8,-11.2,-16.64,,4.37,31,15,5,-16,46
Texas A&M,Arkansas,9.5,13.82,8.89,11,8.27,11.17,7.07,11.61,11.73,3,7.5,15,14.94,15,13.45,23.42,16.58,2.51,12.91,17.76,10.1,24.5,11.1,17.54,14.6,7.57,21.23,,10.79,11.24,12,11.73,11.73,14,10,11,8.38,7.92,19.61,25.5,9.7,,15.7,8.32,4,8.5,9.5,9,12.84,11,,9.72,,20.14,12.69,10.1,10.2,19,9.9,17,17.5,9.25,10.17,13.6,21,8,9,34,10,14.3,14.42,,5.48,28,35,5,7,63
Toledo,Central Mich.,14,16.28,16.39,13,15.09,4.49,17.26,13.61,8.57,9,15,9,10.38,11.5,17.53,6.09,19.2,-1.62,12.94,6.84,13.9,19.15,14.57,16.33,9.95,9.34,-1.1,,12.33,12.28,15,12.8,8.57,15,13.5,14,17.5,10.7,11.6,16.5,11.1,,14.2,14.36,8,9.2,14,11.7,11.21,9.4,,12.63,,18.05,11.36,13.9,6.87,18,11.8,15,18.5,20,7.63,13.8,22,12,15,-10.7,11.9,12.8,17.39,,5.48,28,42,5,14,70
Tulsa,Texas St.,3,3.51,-21.46,8,2.5,-19.9,-0.47,3.04,12.49,1,5.75,3,-6.65,8.5,3.33,4.64,3.49,16,0.83,-0.48,4.1,1.95,1.31,0.46,10.66,5.26,1.93,,-0.99,3.31,5,2.34,12.49,1,5.5,0.01,0.63,4.01,2.18,,0.6,,15.1,4.8,5,3.4,3,-5.9,-14.33,-23.5,,9.16,,4.94,7.26,1.9,-4.94,-5,2.8,-8,-5,-4.5,7.37,17.5,4,2,3,5.2,9.7,2.9,-0.01,,8.06,37,34,5,-3,71
UAB,Florida Intl.,17.5,12.62,24.85,11,30.89,11.71,12.37,10.92,21.05,36,17,14,14.74,13.5,10.32,11.46,17.96,3.46,14.51,18.39,16.4,16.95,13.1,-7.5,20.5,12.99,7.39,,11.51,14.61,6,13.1,21.05,13,11.5,9,17.75,17.56,9.68,3,14.7,,23.6,31.96,12,14.3,17,14.3,18.1,15.8,,8.03,,9.6,14.74,16.4,11.63,12,12.8,9,17.5,18.5,5.26,7.2,17,10,17.5,44.8,14.6,8.5,10.98,,7.36,34,20,5,-14,54
USC,Oregon St.,9,10.52,21.4,7,9.22,8.9,12.58,9.11,-0.26,6,8.25,7,21.28,8.5,11.76,-2.3,7.31,7.58,10.49,6.08,10.1,20.85,12.67,11.5,5.02,6.98,12,,9.56,11.57,10,10,-0.26,12,10,10,8.75,8.57,14.8,2.5,16.5,,27.9,15.13,10,19.8,9,8.2,6.13,5.9,,14.52,,14.97,11.91,10.1,9.91,14,15.3,11,9,9.25,5.08,9.3,10,4,9,1.5,14.6,12.8,13.96,,5.46,10,35,5,25,45
Utah,Washington St.,13.5,11.68,17.77,10,12.72,15.16,17.32,11.94,24.29,15,12.5,18,16.07,16.5,8.62,16.32,11.92,4.07,13.26,16.86,14.6,6.45,11,23.58,15.62,13.71,7.42,,12.84,13.79,13,13,24.29,11,10,12,12.37,22.47,4.79,12,14.6,,18,16.81,16,13.5,13.5,8.5,18.01,18.3,,6.82,,12.78,8.35,14.6,14.02,23,14.6,8,9,12.25,9.02,3.2,17,7,13.5,19.1,7.9,14.6,15.11,,4.78,28,27,5,-1,55
Virginia,Kent,27.5,22.49,39.02,21,22.65,35.6,33.46,16.17,24.21,35,12.5,22,37.54,13.5,21.04,41.97,20.67,13.04,23.66,29.84,26.4,11.55,26.1,14.67,29.79,15.7,7.17,,15.6,27.28,29,24.75,24.21,17,22.5,27,18.63,28.41,10.47,-8,31.7,,28.6,26.03,20,37,27.5,25.1,47.25,30.7,,12.46,,25.56,21.63,28.6,26.12,36,31.5,30,30,24.75,7.14,13.2,1,14,27.5,32.8,12,21.7,30.03,,9.54,13,45,5,32,58
Virginia Tech,Western Mich.,21,22.18,24.15,32,34.22,8.13,17.8,27.46,17.93,17,21,18,20.04,19.5,24.07,25.37,31.63,17.34,22.8,24.81,22.1,31.35,23.82,26.54,18.07,20.92,6.97,,20.82,23.95,27,23.82,17.93,26,25,28,20.75,24.99,25.42,22.5,28.1,,22.8,32.83,24,28.5,21,19.3,9.75,5.5,,34.62,,32.52,24.56,22.1,14.39,25,30.3,23,30,20.5,25.84,21.3,18,19,21,9.9,31.2,16.6,26.08,,6.81,17,35,5,18,52
Washington,Stanford,-7.5,-4.03,-13.01,-4,-4.82,-1.81,-3.86,-7.39,7.39,3,-0.25,-2,-5.81,0.01,-4.61,2.29,-7.28,-2.37,-5.68,-1.45,-6.4,-10.45,-7.83,-3.29,-4.79,1.87,-5.6,,-3.84,-6.63,-6,-5.12,7.39,-8,-6.5,-4,-5.12,3.83,-6.86,-5,-11.7,,-19.2,-2.56,-12,-5.8,-7.5,-6.7,-12.27,-9.8,,-4.53,,-11.71,-10.35,-6.4,-4.79,-19,-9.9,-6,-15.5,-10,1.71,-6.6,-1,-1,-7.5,5.9,-2.7,-2.1,-9.33,,5.71,20,13,5,-7,33
Wisconsin,South Florida,34.5,30.98,43.14,35,33.54,34,29.24,36.81,29.32,33,19.5,19,35.58,21,28.99,24.3,40.45,19.84,32.36,29.08,33.4,42.25,30.65,42.54,40.14,19.1,17.8,,28.12,33.98,28,32,29.32,41,33,28,19.75,31.12,26.01,25,37.2,,30.7,33.64,32,26.7,34.5,38.9,54.36,35,,28.92,,30.04,37.12,35.6,17.49,50,36.2,43,52.5,20,24.54,17.7,42,20,34.5,27,44.9,36.4,40.37,,8.90,10,27,5,17,37
Air Force,Navy,-3.5,-4.55,4.85,-7,-12,11.01,-1.57,-8.26,5.18,5,-9,2,-6.94,0.01,-6.98,7.18,-12.44,9.94,-2.69,,-2.9,-3.45,-5.99,1.32,-0.25,5.05,1.78,,-1.41,-3.47,-6,-3.7,-3.85,-9,-5,2,-10.67,3.87,-10.01,-6,-7.2,,5.9,-7,-3,0.01,-3.5,-1.1,1.47,,,-7.3,,-12.33,-8,-2.9,3.09,,-6.3,-9,-9,-8.25,-3.86,3.1,-4,-4,-3.5,9,-13.5,-3.7,-7.22,,6.19,21,30,6,9,51
Akron,Eastern Mich.,25,22.66,19.35,23,25.16,24.17,27.45,26.17,22.47,22,15,16,29.25,13.5,21.36,37.59,21.1,15.64,22.77,,23.6,35.45,25.99,0.21,30.59,16.59,7.63,,19.11,23.86,14,22.95,25.06,26,21.5,30,14.98,17.33,22.46,14.5,24.5,,24.3,37,21,25.4,25,27.5,40.19,30.2,,19.22,,14.97,20,23.6,21.82,,23.7,31,26,17.25,12.77,22.9,11,14,25.5,27.2,31.9,29.4,32.41,,6.93,6,31,6,25,37
Appalachian St.,South Alabama,-3.5,-0.83,-2.34,-9,-12.69,7.53,-3.18,-9.75,-6.2,1,-4,-1,-3.94,-3.5,-0.29,-10.98,-12.35,-5.58,-4.86,,-6.1,-4.75,-2.02,12.86,-8.52,-1.83,-0.56,,-3.39,-5.12,-11,-4,2.19,-4,-5,-8,-7.27,-3.77,-10.58,,-10.9,,20,-9,-2,-11.1,-3.5,-2.3,5.76,,,-6.47,,-10.55,-2,-3.9,-1.38,,-12.8,2,-8,-0.75,-5.71,,-7,-7,-3.5,-6.8,-28.8,-8.1,-3.64,,6.58,47,21,6,-26,68
Arkansas St.,Louisiana-Monroe,12,14.16,3.49,10,14.63,8.5,15.14,10.7,11.72,18,4,4,13.01,6,14,9.41,15.59,4.99,10.3,,9.9,15.25,12.06,7.96,8.3,3.44,0.12,,10.03,10.18,11,10.03,15.4,14,9,12,8.4,7.14,2.52,11.5,3.7,,26.4,17.67,9,7.1,12,11.7,15.44,,,7.73,,12.8,14,9.9,5.22,,3.1,13,16,9.5,5.93,10.8,10,7,13,4.1,12.9,10.2,16.35,,4.98,14,28,6,14,42
Army,Ball St.,2.5,-3.09,5.59,-6,-6.57,-4.78,-2.37,-8.02,-0.54,4,-7.25,3,-2.54,-5,-2.82,-4.15,-6.21,-0.24,-2.24,,1.4,-5.55,-0.46,5.5,-2.45,-4.21,2.92,,-5.74,0.17,-3,-3.39,-5.53,-6,2.5,-5,-9.06,0.11,-5.34,-11,-3,,7.5,-4.67,-1,3.3,1.5,-2.1,-3.01,-6.1,,1.2,,-10.87,1,1.4,3.5,,-3,-2,1.5,-4,-3.35,-0.8,-11,-4,2.5,-5.8,29,-5.6,-5.28,,5.70,24,33,6,9,57
Auburn,LSU,7.5,8.48,11.27,7,23.11,13.06,12.6,9.47,16.56,24,8,11,11.07,4.5,6.52,12.02,4.78,7.57,10.33,,8.6,7.75,6.45,7.64,13.72,6.2,9.5,,7.77,10.26,9,9,8,10,9,9,5.27,7.97,8.12,-4.5,9.7,,25.7,26,15,7.7,7.5,14.8,14.75,5.6,,8.86,,2.55,6,8.6,6.62,,9.8,13,10,7.5,6.18,14.1,7,-1,7.5,14.2,15.4,12.4,7.87,,5.28,7,41,6,34,48
BYU,Utah St.,21,16.74,25.46,17,18.62,24.03,21.97,19.37,21.64,16,14.25,22,23.85,16,15.56,23.32,16.19,15.47,19.47,,19.9,26.75,16.3,33.89,17.43,16.3,20.94,,16.17,20.49,28,18.81,15.39,15,19,24,14.78,26.33,16.24,5,23.3,,20.2,20.67,22,15.2,21,22.4,16.04,22.4,,14.05,,15.31,19,19.9,23.71,,25.4,24,26,16.5,12.83,19,24,13,20.5,27.5,16.5,15.7,25.63,,4.25,35,20,6,-15,55
Bowling Green,Buffalo,3.5,11.44,8.69,10,2.35,-1.42,-1.53,11.72,11.91,5,12,13,-0.3,11.5,11.85,28.89,4.5,5.42,8.44,,6.6,4.75,6.73,16.57,2.72,13.97,0.96,,15.28,6.62,4,8.88,8.59,13,5,13,14.02,8.88,9.71,11,8.4,,26.5,5.67,8,1.3,4,8.8,-9.43,,,11.09,,16.04,9,4.4,6.28,,8.9,11,3.5,0.5,7.65,6.3,11,5,3,-0.3,15.8,13.4,1.91,,6.48,35,36,6,1,71
Central Mich.,Ohio,4,3.32,-3.91,1,0.89,1.16,0.49,7.91,4.72,1,6,0.25,2.66,-2.5,2.47,6.58,3.11,-0.74,2.82,,5.1,-3.15,5.7,4.39,6.6,-1.77,5.02,,0.5,4.12,11,2.73,5.31,4,5,1,3.42,0.64,5.82,-4,4.1,,5.5,3,2,1.7,4,2.8,-0.49,2.6,,9.69,,0.84,3,5.1,0.43,,3.9,6,0.5,6,1.7,3.7,3,-2,4,3.8,9.4,3.3,1.28,,3.17,10,28,6,18,38
Cincinnati,Memphis,3.5,8.89,-5.02,5,1.9,-2.47,2.25,8.91,5.25,-9,8.5,-0.25,-6.85,11.5,10.03,-7.22,7.69,-2.9,3.53,,5.1,4.05,4.93,10.39,1.9,10.3,9.35,,8.75,5.13,2,5,6.87,10,6.5,7,7,1.88,8.07,14.5,2.8,,-26.5,4.67,7,7.4,3.5,4.3,-7.18,,,10.73,,5.51,3,5.1,-0.31,,0.6,7,7.5,7.5,7.76,-2.9,14,6,3.5,-13.9,15,8.3,1.71,,7.25,41,14,6,-27,55
Clemson,NC St.,14.5,14.26,-2.18,18,15.13,8.81,8.59,20.53,7.86,5,23.25,7,14.74,10.5,15.45,10.81,18.69,-2.09,14.75,,15.6,23.65,19.35,19.54,20.75,8.72,6,,13.89,16.04,11,15.35,14.54,26,13.5,16,25.78,5.87,23.75,23,17.2,,28.3,17.33,12,14.3,14.5,17.3,16.96,10.8,,18.98,,28.31,19,15.6,-4.38,,17.4,28,26,19,11.76,8.2,18,5,14,-1.6,28.6,24.6,15.57,,7.94,0,41,6,41,41
Colorado,Oregon St.,-5.5,-9.92,-3.69,-7,-11.56,-3.33,-2.29,-11.86,-12.39,-3,-7,-7,-8.33,-11,-8.43,-4.54,-12.89,-4.48,-6.97,,-8.1,-8.95,-11,-17.29,-3.44,-6.22,-1.78,,-6.96,-8.05,-8,-7,-11.23,-14,-7.5,-7,-10.73,-9.34,-9.63,-23,-9.3,,-7.9,-7,-10,-8.2,-5.5,-6.9,8.03,-3.3,,-15.01,,-14.47,-8,-8.1,4.82,,-6.7,-14,-8.5,0.75,-6.43,-3.3,-17,-6,-6.5,2.6,-3.3,-11.7,-5.93,,4.72,36,31,6,-5,67
Colorado St.,Tulsa,17.5,17.42,17.63,14,19.75,22.59,14.98,23.59,19.24,23,21.5,18,19.35,12.5,16.56,19.16,19.69,15.73,18.35,,15.6,28.55,13.77,21.71,11.18,14.73,6.15,,18.48,15.51,24,17.48,17.02,23,14.5,22,18.43,22.21,8.42,2,17.3,,29.4,22,16,6.7,17.5,26.2,29.62,27.4,,9.24,,15.37,16,15.6,17.33,,16.3,30,26.5,16,9.92,13,22,11,17.5,16.4,25.7,30,17.09,,5.92,17,42,6,25,59
East Carolina,SMU,38,19.98,28.59,23,22.48,62.04,29.93,22.81,29.13,36,17.5,28,41.15,25.5,15.27,33.51,32.95,21.53,29.6,,39.9,43.05,38.06,28.86,44.22,18.07,23.06,,30.25,34.63,38,29.47,27.34,32,34.5,35,19.01,31.43,26.8,13,33.3,,28.7,24.67,30,34,37,31,64.74,57.8,,22.99,,20.52,30,39.9,25.82,,31.5,35,37.5,22.75,18.3,19.3,24,19,41,26.9,31.7,29.6,34.78,,10.13,24,45,6,21,69
Florida Intl.,Florida Atlantic,-7,-4.85,-4.86,-14,-17.35,10.14,-0.78,-13.32,-9.52,-8,-17.25,-3,-5.31,-2.5,-3.95,-11.62,-12.21,-4.04,-6.17,,-6.4,-6.65,-7.06,-1.71,-2.77,-11.5,7.49,,-0.46,-7.25,8,-6,-2.99,-10,-8,-8,-14.13,-6.28,-4.28,-7,-5.9,,3.6,-13.33,-6,-2.5,-7,-6,4.89,7.4,,-15.31,,-11,-13,-8.6,2.44,,-6.2,-11,-17.5,-4.75,-6.66,-1.6,-14,-3,-7,-1.7,,-15,-5.37,,6.70,10,38,6,28,48
Florida St.,Wake Forest,38,33.78,27.53,34,37.54,20.7,28.07,36.26,41.4,25,31,25,32.6,28,31.49,39.16,40.14,19.67,32.3,,37.9,36.95,32.66,50,41.79,24.9,25.85,,25.94,37.53,33,33.06,32.6,37,37.5,40,36.47,35.68,31.05,38,40.8,,23.3,34.67,37,32.4,37.5,29.5,41.25,20.2,,39.22,,41.94,36,37.9,22.78,,39.5,40,37,23.25,40.43,29.7,35,22,38.5,22.3,49.5,38.9,35.27,,6.94,3,43,6,40,46
Fresno St.,San Diego St.,3,1.86,3.38,4,2.96,-6.46,2.21,-1.87,0.36,1,4.75,5,-2.7,4.5,3.07,-3.05,3.22,2.59,1.16,,1.9,-4.15,-0.91,0.89,5.68,2.87,-10.55,,0.98,1.18,-6,1.85,-0.52,2,-1.5,0.01,5.4,3.34,7.69,6.5,1.7,,-12.2,5,2,-2.7,3,-4.1,5.47,-7,,-2.14,,6.06,-1,1.9,5.62,,4.1,1,0.5,-3,4.7,4.8,6,1,3,1.4,8.5,-2.4,0.78,,4.26,13,24,6,11,37
Georgia,Vanderbilt,33.5,28.62,24.72,21,35.67,41.05,31.59,23.82,33.04,35,26,28,40.54,24.5,25.61,26.85,28.93,19.11,28.44,,32.4,32.65,31.19,40.21,28.84,20.75,24.37,,27.55,31.54,40,28.55,31.86,27,33,30,25.96,31.76,24.48,16,31.8,,29.6,32.67,31,29.3,33,25.8,44.32,38.2,,35.46,,25.92,27,32.4,21.82,,30.7,33,31.5,28.25,16.05,23.9,32,17,33.5,22.7,31,22.7,36.76,,6.06,17,44,6,27,61
Georgia Tech,Miami (Fla.),2.5,1.1,8.98,3,-1.6,7.67,-3.39,1.63,9.47,4,5.75,6,-1.52,6,-0.97,7.49,1.91,3.51,1.88,,-0.9,-0.25,-2.43,8.04,-4.05,3.95,1.99,,-2.65,-0.36,,1.95,2.22,5,1.5,-2,-1.5,6.59,-8.24,7,-2.2,,26.1,-3,1,-3.4,2.5,3.5,-1.4,,,3.05,,-8.75,7,-0.9,3.6,,-2.9,7,-0.5,3,6.05,-1.3,4,5,2,1.2,-1.2,-1.1,-0.98,,5.30,17,28,6,11,45
Houston,Central Florida,3,-1.6,7.04,-4,-1.21,7.24,0.94,-0.26,-8.57,9,16.5,3,2.53,1,0.89,0.25,0.73,2.34,1.77,,1.9,4.15,1.76,-8.43,5.33,-0.47,-2.74,,-2.19,-0.05,-2,1,-3.48,2,2.5,1,8.22,1.57,0.26,-4,5.3,,12.9,-3,5,5.4,3,5.3,2.51,,,-0.29,,-0.01,1,1.9,8.01,,4.8,3,1.5,8.25,-3.65,7.2,-1,1,3,11.5,,-4.3,2.15,,4.66,17,12,6,-5,29
Illinois,Purdue,10.5,8.47,12.67,7,14.95,4.12,1.78,7.86,14.49,14,8.5,12,5.46,10,8.25,16.77,12.28,9.52,9.34,,9.4,4.05,6.55,19.61,13.42,14.16,4.13,,15.19,9.83,7,8.22,3.49,11,9.5,3,11.58,13.34,10.09,2.5,7.9,,23.1,17.33,7,5.8,10.5,5,8.44,2.7,,13.38,,14.67,7,9.4,10.32,,6.9,6,11,6.5,13.87,3.6,14,8,8.5,-4,15.3,7.1,4.23,,4.88,38,27,6,-11,65
Indiana,North Texas,13.5,8.96,3.99,7,6.55,1.83,7.23,7.49,18.22,9,3.5,9,1.54,5.5,5.88,13.15,8.83,8.44,8.15,,12.4,-1.85,11.44,15.11,6.86,8.32,9.26,,5.22,11.11,19,7.49,10.39,-4,13.5,9,5.55,10.76,7.2,-2,15.5,,26.6,8.33,8,2,12.5,10.5,7.41,-1.2,,14.19,,7.59,13,12.4,7.49,,17.4,7,5,3.75,5.91,19.1,4,4,13.5,20.2,-2.6,4.5,3.17,,5.78,24,49,6,25,73
Kansas St.,Texas Tech,14,13.25,13.38,13,15.85,12.81,21.58,17.34,13.13,14,16.5,15,20.14,12,12.6,21.12,13.75,11.93,15.08,,15.4,17.75,9.97,21.11,19.96,10.14,10.2,,13.95,15.39,16,14.54,14.08,15,12.5,14,17.14,18.15,10.45,14.5,14.9,,25.8,18,12,19.2,14,17.9,17.97,,,11.58,,17.78,11,1.1,13.49,,13.9,16,18,14.25,8.22,16.9,15,9,14.5,23.9,25.6,15.4,21.37,,3.99,13,45,6,32,58
Kentucky,South Carolina,-3.5,-6.78,-0.52,-14,-9.57,9.83,-2.14,-15.58,-6.2,-3,-11.25,-2,-2.34,-9.5,-8.3,-3.17,-12.29,-1.99,-8.16,,-6.1,-10.75,-11.45,-20.21,-12.93,-6.58,-3.64,,-10.85,-7.66,-20,-8,-1.9,-15,-7.5,-9,-15.29,-7.25,-18.95,-18.5,-6.2,,6.8,-7,-6,-3.2,-4,-9.1,6.38,,,-16.07,,-19.33,-8,-6.1,4.32,,-7.1,-11,-13.5,-9.75,-10.95,-7,-14,-4,-3.5,-6.2,-19.4,-15.5,-7.78,,6.47,38,45,6,7,83
Louisiana Tech,UTEP,12,11.65,6.18,7,20.25,2.17,12.78,14.56,5.67,15,11.5,10,16.29,12.5,12.33,4.32,18.62,3.06,11.61,,13.1,12.75,13.92,10.75,7.5,6.13,0.35,,9.1,12.77,8,11.8,13.56,13,12.5,11,7.93,11.03,7.02,12.5,14.9,,28.9,23.67,14,19.1,12,11.8,16.99,9.2,,12.25,,4.36,14,13.1,3.93,,12.7,14,20.5,14,9.47,11.8,17,10,12,7.3,18.8,8.2,13.05,,5.46,3,55,6,52,58
Louisiana-Lafayette,Georgia St.,15.5,18.73,9.17,15,19.34,1.89,6.02,12.14,14.95,12,-1.25,19,8.11,21.5,19.42,12.84,13.86,3.21,14.24,,18.1,4.85,19.92,-8.32,20.52,14.17,3.55,,17.16,17.15,8,14.98,17.98,21,17.5,19,10.84,8.98,29.23,,24.1,,28.7,22,21,15.8,15.5,10.9,4.15,,,21.52,,22.92,21,18.1,4.39,,23.8,19,8.5,7.75,26.02,,14,6,15.5,-4.2,5.8,21.3,10.6,,7.70,31,34,6,3,65
Maryland,Ohio St.,-6.5,-2.76,2.67,-5,-1.94,1.72,0.46,-3.07,3.28,11,-2,2,-3.24,-5,-5.32,1.77,-10.13,6.35,-2.61,,-4.2,-8.35,-6.45,-4.32,-3.21,-3.45,-5,,-5.33,-4.17,-4,-3.65,0.23,-12,-8.5,-6,-9.73,2.36,-6.42,-16.5,-3.8,,28,-3,-6,-3.9,-6,4.3,-6.6,-3.5,,-12.35,,-17.45,-7,-1.1,0.42,,-2.9,-8,-11,-0.5,1.01,6.1,-11,-6,-8,13.3,-10.8,-8.3,-6.55,,7.01,52,24,6,-28,76
Miami (Ohio),Massachusetts,4,7.61,1.55,-1,7.48,2.27,8.33,2.42,8.57,5,-1,2,6.14,7,7.31,-4.06,5.7,0.29,4.28,,,4.05,3.14,2.93,1.55,1.49,3.77,,5.13,,7,4.18,8.3,6,4.5,5,-1.98,4.31,6.95,,3.4,,25.8,11.67,3,2,4,,8.32,6.5,,3.44,,-2.96,7,,7.77,,2.1,5,5.5,0.25,1.77,,1,5,3.5,7,-4.9,2.9,6.55,,4.53,41,42,6,1,83
Michigan St.,Nebraska,7,10.19,-2.87,7,5.95,0.38,-2.07,10.67,7.6,1,4.5,-1,3.42,-0.5,10.64,-1.57,2.03,-3.68,5.08,,8.1,9.35,3.61,4.89,10.19,0.49,8,,4.7,7.55,6,4.87,9.81,9,8,7,7.4,1.87,6.79,7,8.6,,24.2,9.67,5,3.7,7,10.9,-0.81,3.8,,4.73,,10.31,5,8.1,-2.64,,8.9,17,1.5,5.25,5.59,3.8,13,3,7,-11.9,9.8,13,2.68,,5.70,22,27,6,5,49
Middle Tenn.,Southern Miss.,16.5,15.59,16.17,18,27.28,23.03,10.32,17.78,20.92,26,13.5,18,19.84,16.5,14.6,27.27,23.33,10.94,17.52,,19.1,19.75,14.38,8.61,21.35,10.27,8.21,,17.69,18.18,16,17.69,13.03,22,17,19,14.57,16.78,23,21,17.4,,26.7,32.33,15,15.6,16.5,19,18.05,,,13.58,,15.63,18,16.9,17.64,,17.4,21,19.5,11,7.38,13.7,24,11,18,12.7,26.8,21.2,16.41,,5.24,31,37,6,6,68
Mississippi,Alabama,-5,-4.12,2.77,-7,-2.36,3.73,-1.23,-0.7,-4.03,7,-0.5,3,-0.58,-7,-4.29,4.05,-9.43,0.73,-0.83,,-5.4,3.55,-3.78,-1.5,-9.93,-0.99,-2.5,,3.96,-3.96,-3,-1.11,-2.17,2,-4.5,-5,-2.65,1.55,6.98,-11.5,-1.3,,14.6,-3,-2,-0.01,-4.5,3.7,-11.6,4,,-1.6,,-4.8,-4,-5.4,2.55,,-1,7,4.5,1,-4.3,-4.1,-4,-5,-4.5,-2.2,-6,-0.3,-3.48,,4.75,17,23,6,6,40
Mississippi St.,Texas A&M,3,-4.46,0.15,-6,-2.8,-1.79,0.75,-4.31,-1.31,-3,0.01,-1,-5.21,-5.5,-6.4,-8.84,-4.23,-1.82,-2.62,,1.4,-7.25,-6.14,-2.46,-6.3,0.98,-2.5,,-0.85,-0.89,-5,-2.34,4.04,-8,-2.5,-2,0.33,1.03,-4.92,-10,3.6,,-11.9,-3,-1,4.1,2,2,-2.18,-9.8,,-6.15,,0.66,-4,1.4,3.31,,2.1,1,-6,-0.5,-3.18,-6,-1,1,2.5,-4.1,-4.8,-0.4,-5.75,,3.61,31,48,6,17,79
Nevada,Boise St.,-3.5,-0.06,4.15,2,2.37,8.35,0.01,3.8,6.36,14,-3,4,2.82,0.01,-2.78,3.6,3.76,1.38,2.4,,-2.4,8.45,1.28,-0.57,-3.44,2.73,0.01,,0.64,0.07,4,2.33,3.82,-1,-1.5,2,-2.21,3.83,-0.79,-8,3.2,,14.8,5.67,0.01,2.3,-2.5,10.9,-4.91,3,,-5.28,,-1.42,-3,-2.4,5.9,,3,6,0.5,5,3.82,1,-1,-2,-4.5,4.2,-4.1,1.7,1.11,,4.05,51,46,6,-5,97
New Mexico St.,Georgia Southern,-18.5,-13.8,-17.4,-13,-19,-15.31,-13.57,-22.66,-17.54,-22,-7,-14,-26.5,-9,-11.3,-14.57,-20.31,-8.28,-14.84,,-16.4,-24.65,-17.2,6.39,-20.64,-1.88,0.59,,-6.58,-15.23,-19,-15.26,-17.83,-18,-16.5,-17,-7.42,-13.75,-4.73,,-15.1,,-26.7,-14.67,-21,-12.2,-18.5,-27.1,-26.47,,,-12.2,,-7.84,-19,-16.4,-15.21,,-11.1,-25,-23.5,-9.5,-9.93,,-18,-18,-19,-26,15.8,-21.6,-22.25,,8.05,36,28,6,-8,64
North Carolina,Virginia Tech,-2.5,0.54,-5.17,-3,,-10.84,-10.12,4.68,1.79,-3,1.75,-0.25,-8.37,-2.5,0.24,-4.69,-1.93,-5.92,-0.92,,-0.9,4.55,-0.34,-4.79,11.72,1.09,-0.49,,-0.73,0.27,-16,-0.66,0.54,5,-1.5,4,0.41,-5.17,4.54,2.5,0.2,,13.5,-1,-6,-3.3,-2.5,2.1,-12.65,,,7.7,,-0.93,-1,-0.9,-7.85,,-0.6,11,-0.5,1.25,-2.42,-6.1,1,-2,-3,-19,7.6,12.4,-8.41,,6.47,34,17,6,-17,51
Northern Ill.,Kent,26.5,23.82,25.33,19,17.48,39.98,18.83,16.76,34.19,29,18.5,24,28.59,24,20.79,34.23,26.74,21.19,22.77,,23.4,22.45,25.94,23.11,27.19,17.78,11.18,,21.95,23.22,19,22,24.67,25,21.5,21,19.46,26.69,18.98,14,22,,30.9,17.67,24,20,26,17.1,42.52,33,,20.3,,20.42,22,23.4,18.58,,21.8,30,24.5,13,13.12,22.3,35,11,24.5,20.4,22.1,26.4,24.61,,6.42,14,17,6,3,31
Northwestern,Wisconsin,-7,-7.8,-4.46,-11,-11.49,-10.88,-9.45,-9.14,-3.56,1,-12.75,-3,-12.35,-6,-8.12,-5.81,-13.63,-4.52,-8.19,,-6.9,-11.85,-10.05,-14.21,-5.7,-8.16,-8.81,,-12.06,-8,-4,-8.7,-9.73,-12,-9.5,-7,-12.74,-8.42,-0.4,-7,-6.7,,11.4,-7,-8,-8.7,-7,-3,-14.92,,,-14.53,,-12.73,-9,-9.1,-3.21,,-5.6,-7,-12,-13,-5.73,-7.1,-11,-7,-8,-12,-19.8,-13.1,-13.72,,4.78,14,20,6,6,34
Notre Dame,Stanford,-3,3.55,10.3,-2,0.58,8.01,11.36,-4.1,8.25,7,-0.75,4,2.13,4,1.78,17.97,-4.27,5.08,2.15,,-0.9,-1.75,-3.26,3.18,0.34,3.42,4.5,,1.16,0.29,-2,2.23,4.57,-3,-2.5,1,0.86,5.99,2.98,1,-0.01,,6.9,3,-3,5.9,-2.5,-5.4,2.37,,,-2.93,,2.46,-1,-0.9,5.7,,-0.2,-5,-6,-3.25,2.33,2.7,10,1,-2.5,12.2,-5.1,0.8,5.24,,4.94,14,17,6,3,31
Oklahoma St.,Iowa St.,16.5,15.63,19.84,18,18.89,23.81,13.23,20.62,16.22,22,23.5,20,16.18,24.5,15.97,1.16,22.87,10.34,16.67,,18.1,18.55,12.93,24.39,21.05,15.18,11.61,,14.87,17,17,17.28,12.61,25,17,15,18.8,21.48,20.51,19.5,16.3,,27.6,21.67,20,14.2,16.5,17.9,20.13,22.1,,13.06,,14.1,14,18.1,9.73,,17.3,19,20.5,17.25,10.59,9.9,20,10,17,1.5,27.2,20.6,16.35,,5.31,20,37,6,17,57
Old Dominion,Marshall,-18.5,-11.38,-11.13,-16,-18.16,-12.81,-19.56,-17.85,-18.2,-13,-6.75,-10,-21.46,-9.5,-9.1,-13.04,-17.27,-10.38,-15.27,,-16.4,-24.25,-14.94,-23.18,-20.11,-7.99,-7.35,,-13.63,-17.13,-20,-16.17,-13.41,-19,-17.5,-18,-12.13,-16.33,-23.31,,-21.2,,-22.4,-16.33,-15,-17.4,-18.5,-21.5,-29.52,,,-11.73,,-17.51,-13,-16.4,-9.83,,-19.6,-19,-18,-6.5,-6.42,,-11,-5,-17.5,-23.9,-23.9,-20.8,-19.74,,5.53,56,14,6,-42,70
Oregon,Arizona,23.5,18.5,6.8,16,20.97,15.49,22.88,17.77,13.87,13,15.25,13,13.6,17.5,19.21,13.23,19.33,6.49,16.05,,21.4,19.75,22.48,13.36,26.89,10.09,21.7,,14.81,20.75,12,16,17.23,21,23,18,17.8,10.01,13.22,22,17.6,,27.7,23.67,20,10.2,22.5,14.8,16.8,15.2,,24.93,,20.36,18,21.4,9.89,,16.3,20,11.5,11.5,8.5,17.8,17,12,23.5,10.1,,20.3,20.1,,4.86,31,24,6,-7,55
Rice,Hawaii,7,7.15,11.87,7,5.77,4.47,2.88,3.87,8.07,9,6.25,12,-1.42,13,6.32,3.09,11.86,2.9,6.69,,7.6,-1.05,3.13,5.46,4.71,11.83,0.32,,8.97,6.93,-6,7,8.78,10,6,6,-0.61,9.25,13.82,15,9.3,,27.2,9,9,14,7,3,3.83,-1.7,,1.15,,-7.47,12,5.4,7.6,,8.7,5,2.5,0.5,15.24,6.3,10,5,7,-1.5,14.6,8.9,0.58,,5.77,14,28,6,14,42
Rutgers,Michigan,2.5,2.25,11.31,-1,3.13,6.4,3.27,6.12,9.95,13,3.5,9,3.61,9,-0.98,4.69,4.13,8.64,5.56,,4.1,9.15,0.01,10.25,8.21,4.15,3.16,,5.02,3.77,11,4.77,5.12,4,3,5,0.61,11.61,6.25,-4.5,2.9,,17.4,3.67,5,3,3,11,4.85,7.5,,-2.69,,-2.29,1,4.1,13.59,,1.1,7,7.5,8.75,4.36,3.6,4,3,2,11.5,4.2,13.6,0.29,,4.31,24,26,6,2,50
San Jose St.,UNLV,10,10.49,12.61,10,16.67,17.08,15.54,9.23,14.92,20,-4.5,11,18.07,10.5,8.33,13.12,12.01,9.92,10.97,,9.4,7.45,8.24,0.82,7.26,2.28,4.65,,4.32,9.99,10,10,14.61,10,10.5,10,1.86,11.86,11.33,13,9.4,,25.5,18,12,9.8,10,13.2,28.13,14.4,,6.79,,8.22,11,9.4,7.79,,9,9,14.5,10.5,4.83,16.6,10,6,10.5,16.9,8.6,5.1,19.72,,5.57,10,33,6,23,43
Syracuse,Louisville,-2.5,0.07,-7.27,-7,-6.22,-11.12,0.55,-1.11,0.42,-4,-5,-4,-3.44,-7.5,-1.3,-7.51,-7.17,-4.68,-4.08,,-2.6,-2.75,-5.67,-13.21,3.27,-0.6,-3.8,,-5.88,-2.79,-8,-4.97,4.69,-10,-4.5,-4,-8.1,-6.82,1.29,-5,-0.9,,5.3,-4.67,-5,-5.8,-3,-5.2,-6.31,,,-8.2,,-11.21,-1,-2.6,-7.11,,1,-4,-7.5,3,-4.97,-5,-17,-4,-3,-10.8,-5.9,-2.6,-3.18,,4.18,28,6,6,-22,34
TCU,Oklahoma,-4,-8.68,-3.02,-7,-14.36,5.39,-4.57,-5.33,-6.11,-7,-6,-9,-8.84,-11,-9.42,-6.78,-1.3,-2.07,-4.63,,-6.1,-1.25,-1.78,-7.79,-7.57,-6.3,-10,,-9.15,-5.39,-4,-5.03,-4.06,-5,-5,-5,-9.25,-1.48,-8.33,-8,-0.4,,-3.4,-8.33,-6,-5,-4,-9.9,1.59,6,,1.74,,-12.5,-4,-6.1,6.97,,-0.3,-7,1.5,5.5,-6.55,-4.7,-7,2,-5,-3.5,-0.4,-15.9,-2.13,,4.88,33,37,6,4,70
Tennessee,Florida,1,-0.65,0.42,4,3.4,4.69,6.62,2.66,-3,13,0.25,1,-0.66,1,0.62,-4.72,1.79,2.13,2.86,,1.4,8.65,0.71,-0.68,-3.47,0.4,1.15,,-0.11,0.98,-2,1.08,-2.75,4,0,-1,3.2,1.22,-0.24,-8,-0.3,,28.5,5,4,-1.4,1,12.9,4.94,-4.7,,0.43,,6.14,1,1.4,-0.29,,-0.2,8,14,3.5,4.52,1.4,-1,-2,2.5,0.3,2,12.5,2.87,,5.47,10,9,6,-1,19
Texas,Baylor,-14,-4.27,-4.33,-7,-6.37,-12.63,-8.71,-5.41,-9.12,-9,-12,-2,-18.55,-6.5,-2.3,-18.78,-14.48,-8.43,-10.01,,-15.4,-15.65,-13.85,-7.46,-13.21,-0.54,-9.3,,-4.46,-12.21,-11,-9.23,-6.71,-11,-12.5,-8,-10.06,-6.55,-6.15,-7.5,-12.9,,-11,-4.33,-10,-12,-13.5,-7.2,-33.01,-23.8,,-15.98,,-8.13,-14,-15.4,-6.65,,-13.6,-15,-14.5,-8,-4.35,-14.4,-10,-5,-15,-27.7,-12.2,-11.8,-16.21,,6.20,28,7,6,-21,35
Texas St.,Idaho,17,13.96,19.27,13,16.97,22.38,16.22,13.64,16.52,19,6.75,22,20.38,20,13.32,15.68,17.46,15.16,15.82,,15.9,21.95,18.15,-9.32,24,11.31,3.96,,16.46,14.9,10,16.46,13.53,19,14.5,19,7.17,12.95,15.11,,10.7,,28.3,17.67,15,8.3,17,19,28.82,,,15.23,,7.6,19,15.9,11.54,,9.7,20,17.5,11.5,17.49,,17,11,17,8.5,18,25.2,19.29,,5.14,30,35,6,5,65
Texas-San Antonio,New Mexico,17,14.08,13.54,21,23.34,13.43,18.53,33.88,15.86,25,19.5,19,29.45,16,12.92,17.07,17.3,9.18,19.55,,18.1,20.65,18.55,8.18,13.63,11.92,10.05,,17.82,18.11,20,19.25,15.39,22,18,17,23.59,17.77,20.98,,23.7,,28.8,26.67,20,21.6,17,27.2,21.03,,,18.51,,27.68,20,18.1,10.94,,21.1,26,25,19,13.8,,18,13,17,25.5,27.5,19.9,21.72,,5.40,21,9,6,-12,30
UCLA,Utah,12.5,17.06,18.06,11,15.63,14.24,7.91,13.49,23.87,14,2.5,21,11.12,15.5,16.19,24.4,12.2,8.98,13.76,,14.1,12.55,11.97,23.64,17.06,14.96,17.68,,15.55,15.63,12,14.12,12.39,14,12.5,17,3.94,15.25,18.37,11,17.8,,25.4,17.67,10,15.4,12.5,13,13.16,1.9,,14.91,,5.37,12,14.1,14.37,,16.8,21,9,3.5,13.22,11.2,7,7,13.5,7.9,16.3,20.4,8.91,,5.04,30,28,6,-2,58
USC,Arizona St.,12.5,11.71,8.21,7,6.64,18.78,15.06,16.41,6.79,13,4.25,13,16.84,12,11.4,-0.77,11.74,7.15,12.38,,13.1,22.75,9.32,9.29,17.87,4.35,8.75,,8.7,12.71,18,11.87,16.78,13,9.5,11,4.8,11.32,16,4,16.1,,26.6,9.33,12,21.9,12.5,22.6,14.71,11.5,,4.89,,5.35,13,10.9,11.09,,14.1,20,19.5,23.5,4.51,12.5,10,6,12,5.6,11.7,19.8,16.07,,5.83,38,34,6,-4,72
Virginia,Pittsburgh,4,3.33,8.46,4,7.71,4.83,5.87,10.02,8.65,10,10.5,7,4.36,1.5,3.08,8.86,4.16,3.58,6.46,,5.4,13.95,5.18,6.86,-2.03,6.38,4.1,,5.66,6.47,5,5.93,-0.99,2,4.5,12,9.16,8.86,1.04,-8,12.1,,6,11.67,4,8.2,4,17.7,2.48,3.8,,2.87,,7.83,1,7.6,5.12,,10.6,9,7,15.5,4.29,5.4,4,6,5,9,1.9,6.6,7,,3.87,19,24,6,5,43
Washington St.,California,3.5,3.3,-2.37,7,15,-1.32,3.39,13.57,-4.96,6,7.25,4,-0.18,4,6.35,-5.08,9.67,-5.46,6.02,,4.1,13.35,3.77,-0.93,-1.36,2.17,-3.96,,5.74,4.31,7,5.21,-0.29,14,3.5,5,7.97,-0.01,15.41,9,5,,26.3,17.33,3,4.4,3.5,12.6,7.44,0.3,,1.55,,8.69,13,4.1,-0.55,,5.4,13,17,2.25,4.41,8.8,7,7,3,1.6,15.5,12.2,5.01,,6.44,60,59,6,-1,119
West Va.,Kansas,27.5,23,20.14,19,19.91,17.89,28.45,14.34,22.14,29,15.75,17,33.71,17,21.49,20.06,26.93,14.15,20.97,,24.9,28.15,24.83,26.86,29.75,8.49,11.8,,12.53,22.86,24,20.06,26.85,21,22,19,15.29,24.19,14.59,15.5,18.2,,29,22,23,14,27,23.5,42.97,,,16.98,,14.84,28,24.9,20.22,,17.7,23,28,17.5,8.1,28.1,14,15,28,34.3,19.3,19,32.05,,7.04,14,33,6,19,47
Western Kentucky,UAB,9,13.16,11.55,14,7.49,9.64,7.43,23.13,20.63,13,8.5,15,10.33,16,12.1,22.74,11.4,8.47,14.24,,10.1,24.35,18.48,13.43,6.67,12.56,4.75,,16.91,11.58,14,14,9.48,23,13,23,15.17,14.42,16.59,,7.2,,30,11.67,14,3.9,9.5,21.6,14.13,,,16.64,,21.84,17,10.1,8.55,,7.5,24,17,5.75,14.34,6.6,14,9,9,-4.2,22.9,25.8,13.52,,6.53,42,39,6,-3,81
Western Mich.,Toledo,-6,-7.43,0.82,-12,-12.13,3.98,-2.78,-14.11,-7.48,7,-9.5,-4,-9.69,-9,-8.77,-12.84,-11.81,-5.61,-6.97,,-6.6,-12.05,-12.38,-2.89,1.1,-8.85,4.39,,-8.33,-7.35,-3,-8.33,-1.94,-7,-10,-14,-14.1,-6.73,-16.44,-15.5,-11.7,,27.7,-7.67,-4,-9.7,-6,-5.4,3.79,0.01,,-15.29,,-18.71,-10,-6.6,,,-12.8,-11,-10.5,-7.75,-12.18,-2.8,-14,-7,-6,-4.1,-6.9,-10.6,-7.37,,7.27,20,19,6,-1,39
Akron,Miami (Ohio),13.5,18.27,21.63,14,16.4,19.47,12.71,15.16,25.07,21,5.5,17,13.87,15.5,16.63,30.21,9.82,16.45,15.26,2.6,15.1,14.25,12.93,4.93,17.64,20.31,4.39,12.56,16.63,14.73,7,16,16.65,15,14,19,4.62,19.2,14.06,12.5,16.4,,19.3,17.33,16,18,13.5,13.4,21.67,17.3,,12.73,,9.21,11,15.1,13.35,20,16.7,14,10.5,3.75,19.78,,14,7,14,7.4,24.3,24.2,14.15,7,5.45,19,29,7,10,48
Arizona,USC,-2.5,-1.37,11.6,-2,1.58,-0.74,-4.55,0.46,12.07,6,-6,8,-0.8,6,-3.17,26.94,-4.65,5.62,2.19,6.23,-1.4,-2.25,-2.45,9.57,-9.47,8.72,10,7.32,8.06,-1.97,8,0.73,-5.54,-1,-2.5,5,-4.87,8.79,-4.3,-1.5,-3.2,,7.5,3,-1,-0.3,-2,5.7,2.71,3.1,,-9.65,,-9.33,-1,-1.4,5.9,-1,-2.3,3,5,-3.75,9.05,6,-1,1,-2.5,10.4,-1.7,-2.3,-0.55,-1,6.40,28,26,7,-2,54
Arkansas,Alabama,-9.5,-5.97,-3.73,-10,-8.39,-7.41,-2.86,-4.01,-9.98,3,-6.5,-7,-2.98,-10,-3.62,-2.6,-13.55,-4.7,-6.03,-6,-8.9,1.75,-0.77,-7.18,-13.51,-4.76,-13.7,2.07,-7.11,-8.57,-8,-6.25,-10.57,-4,-8.5,-6,-2.25,-4.02,-6.77,-18,-8.2,,14.8,-7,-7,-8.8,-9,3.7,-16.23,0.4,,-5.37,,-15.84,-10,-8.9,-4.31,-4,-7.3,-3,2,2,-6.84,-11.3,-14,-7,-10,-14.7,-14.8,-4.3,-5.32,-6,5.46,14,13,7,-1,27
Army,Rice,-2.5,-3.11,-7.54,-4,-3.59,-0.5,-2.7,-1.06,-1.17,-4,-5.5,-4,-5.81,-5,-3.79,-8.81,0.57,-1.4,-1.59,6,-1.5,-7.25,-2.79,-1.57,3.36,-0.28,5.37,-0.16,4.58,-1.47,5,-2.09,-1.56,-4,-1.5,-4,-2,-3.59,-2.36,-4,-1.8,,21.6,-3,-1,0.5,-2.5,-5.8,-6.38,-1.6,,5.23,,4.23,-1,-1.1,-2.18,-6,-3.2,-2,-3.5,1.5,-8.84,0.9,1,-2,0,1.7,-10.8,-7.8,-4.25,2,4.87,41,21,7,-20,62
Ball St.,Western Mich.,2.5,2.86,-8.35,9,15.9,-3.14,-1.17,12.13,5.68,-2,13.75,-1,-3.6,5.5,1.43,-4.01,15.1,-2.17,4.21,0.32,2.1,1.75,3.26,2.64,-1.96,8.87,3.09,3.48,7.47,3.36,-8,3.75,5.46,12,2.5,4,10.88,1.98,13.75,25.5,5,,11.8,17.33,4,1.5,2.5,-0.4,-3.71,-0.5,,9.74,,16.37,5,2.1,0.64,-3,5.4,9,4.5,8,15.81,3.5,14,7,1,1.2,-15.5,2.4,-1.49,-2,6.78,42,38,7,-4,80
Baylor,TCU,8,5.83,-1.06,10,11.12,2.07,2.61,8.6,2.59,5,14,7,2.82,12,6.39,3.68,14.06,-1.6,7.09,-4,6.9,10.55,9.82,7.43,4.06,4.76,9,-5.04,8.48,7.68,-6,6.25,5.86,17,11,7,7.62,3.77,12.81,23.5,3.4,,22.4,16.67,8,4.9,8,5.7,8.07,9.1,,16.21,,14.51,11,6.9,-1.48,6,4.6,17,5.5,1.25,7.88,1.3,13,5,8,-1.8,6.1,17.8,5.92,11,5.88,58,61,7,3,119
California,Washington,4,3.77,9.47,-4,-6.66,6.45,3.58,-13.1,6.67,7,-9,7,4.66,0.5,4.11,9.54,-8.33,3.48,0.44,6.92,2.4,-4.55,-2.01,0.82,-4.61,0.45,2.8,10.52,-1.06,-0.06,16,-0.34,0.32,-10,1,-6,-5.25,6.02,-13.26,-20.5,-1.6,,33.9,-4.67,4,-2.9,4,-7.5,14.03,6.1,,-3.53,,-7.03,2,2.4,11,6,-2.6,-11,-1,-1.5,-4.77,5.2,-11,-5,3.5,10.4,-16.1,-9.2,4.25,-3,8.40,31,7,7,-24,38
Central Florida,BYU,3,-2.1,-7.92,-2,-0.47,-3,-6.48,3.84,2,1,-5,-2,-3.02,-2.5,-3.9,0.14,-2.71,-5.42,-0.99,-1.96,1.4,3.05,3.04,-4.79,5.8,0.43,1.45,-8.44,2.35,0.4,-6,-2,1.96,4,3,1,-4.38,-5.78,6.03,4,-4,,19.2,-3,-3,-2.3,2.5,4.3,-3.35,-3.9,,-4.99,,2.72,1,1.4,-5.04,1,-3.8,4,3,-3.75,2.17,-4.4,-3,-1,2.5,-10.8,-2.9,6.5,-9.27,-3,4.72,24,31,7,7,55
Clemson,Louisville,9.5,6.49,0.86,5,2.39,2.76,3.68,8.63,4.53,-3,10.75,-0.25,8.66,0.01,7.28,0.11,7.52,-3.63,6.01,-0.58,8.4,19.85,12.2,6.43,14.5,7.55,5.75,-3.08,9.92,8.5,-1,6.25,5.58,13,10,10,12.12,1.87,8.61,5,6.8,,4.6,3.67,3,5.4,9,6.6,12.66,7.9,,14.41,,6.87,10,8.4,-1.72,6,8.8,15,18,13.5,4.48,1.1,1,1,9.5,-2.7,9.9,11.6,9.41,-5,5.55,17,23,7,6,40
Eastern Mich.,Buffalo,-14.5,-11.31,-4.92,-18,-16.33,-18.11,-12.13,-18.68,-6.86,-8,-16,-7,-18.83,-11,-11.52,-8.21,-26.56,-9.75,-13.51,-14.03,-13.4,-22.95,-14.75,14.04,-10.14,-3.07,-2.27,-8.06,-7.94,-12.9,-9,-12.83,-12.58,-19,-14,-17,-12.75,-4.16,-17.05,-26,-12.5,,-10.6,-12.67,-15,-9.2,-14.5,-17.2,-23.35,-15.4,,-14.79,,-11.96,-14,-13.4,-10.87,-22,-11.8,-25,-12.5,-9.5,-9.2,-15.9,-21,-13,-14.5,-19.4,-21.4,-15.1,-19.88,-13,5.61,27,37,7,10,64
Florida,LSU,1.5,1.49,3.36,-7,1.74,6.51,-0.48,-5.49,8.21,4,-3.5,3,-1.72,-1,0.01,-1.48,-1.65,1.34,-0.64,8.18,-2.1,-2.85,-3.01,-1.64,1.84,-0.47,4.8,2.93,0.28,-1.52,4,-0.47,0.81,-4,-1.5,1,-4.13,3.07,-7.93,-8,-2.9,,9.1,3,0.01,-0.2,1.5,-7.7,2.18,-0.1,,-3.33,,-11.08,-3,-2.1,3.43,6,-2.2,-4,-5.5,-4.75,-5.36,0.3,-6,-3,-1,1.8,-7.5,-3.5,-1.97,-1,4.28,30,27,7,-3,57
Georgia Southern,Idaho,24.5,24.18,28.02,21,25.69,26.2,22.29,24.2,25.9,27,16.25,30,26.6,26,24.62,23.2,20.66,20.18,22.39,26.17,20.9,26.65,29.08,0.96,24.65,13.49,6.7,28.79,15.3,19.87,20,24,19.01,24,20.5,20,17,24.5,5.68,,16.4,,33.4,36,24,16.5,24.5,30.1,29.19,30.6,,21.37,,9.97,26,20.9,21.37,21,13.5,27,20.5,17.75,31.23,,28,21,22,28.3,-1.7,30.4,27.06,16,7.05,24,47,7,23,71
Georgia St.,Arkansas St.,-10,-17.03,-14.46,-17,-17.5,-11.6,-15.06,-16.2,-21.38,-10,-3,-14,-20.33,-18.5,-15.48,-26.13,-17.22,-14.76,-14.83,-15.73,-11.1,-11.25,-14.04,-1.57,-6.91,-15.93,2.12,-16.76,-18.19,-13.39,-1,-15.93,-17.03,-17,-14,-17,-6,-15.04,-15.32,,-16.5,,-22.4,-16.33,-16,-14.2,-11,-16.8,-12.87,-12.6,,-19.36,,-18.37,-12,-11.1,-8.51,-21,-16.6,-16,-9.5,-9,-27.96,,-7,-8,-10,-11.5,-10.3,-26.3,-21.3,-5,5.67,52,10,7,-42,62
Georgia Tech,Duke,3,4.01,11.91,5,3.27,12.38,3.06,2.56,13.52,7,4.5,8,0.11,10.5,3.06,14.28,2.37,7.91,4.85,4.05,1.9,4.45,2.22,15.18,1.11,6.79,10.1,7.63,4.97,2.04,17,4.7,0.66,3,6,6,4,13.49,-5.58,5,-1.9,,20.4,7,3,0.4,3,4.9,5.37,-2.8,,5.26,,-6.45,4,1.9,8.75,-2,-2,1,2,3.5,10.7,6.7,7,5,3,11.7,-3.4,3.6,3.18,-10,5.53,31,25,7,-6,56
Hawaii,Wyoming,6,2.96,-10.19,4,8.48,3.09,4.38,4.56,-9.78,4,2.5,-4,3.14,-5,5.65,-20.14,10.24,-10.05,2.08,-1.64,3.9,5.85,6.69,-4,-3.85,-7.99,3.07,-1.82,0.64,4.09,18,3.04,4.23,8,3.5,1,2.25,-7.35,-3.78,4,1.9,,13.8,11.67,1,3.7,5.5,3.4,11.36,8.9,,6.01,,9.17,6,3.9,-2.62,13,3,4,3,2,-8.27,1.7,4,3,5,-3.6,11.1,-2.2,6.05,2,6.82,28,38,7,10,66
Iowa,Indiana,3.5,6.5,1.06,3,9.76,7.73,3.4,3.93,9.46,9,3,3,-0.54,8.5,5.45,11.11,8.81,4.17,5.62,3.33,4.1,1.25,4.07,13.21,-0.95,6.69,5.7,5.45,6.84,5,16,5,7.3,6,6,5,2.25,6.97,1.35,8,3.7,,12.4,13.67,9,12.4,3.5,2.2,12.07,2.3,,1.57,,11,5,4.1,2.78,3,3.6,3,1.5,1.5,7.44,4.3,10,3,3,4,9.5,5.9,2.28,1,3.73,29,45,7,16,74
Iowa St.,Toledo,3,5.64,-5.31,8,10.77,-3.74,5.57,10.76,5.96,3,5,-4,5.44,-5.5,5.4,11.25,13.86,-1.77,6.43,13.87,4.1,14.05,6.55,7.75,-0.01,-4.11,6.33,17.57,1.49,5.85,7,6.44,5.86,5,5,7,8.12,2.12,-7.57,-2.5,7.6,,19.1,15.67,5,5.8,3.5,7.9,7.37,-4.7,,4.4,,11.5,10,4.1,4.95,12,6.1,8,2.5,11.25,10.48,10.2,18,7,3,17,23.5,11.6,7.57,-5,6.75,30,37,7,7,67
Kansas,Oklahoma St.,-21,-20.29,-12.42,-27,-21.75,-14.92,-18.14,-27.67,-16.83,-14,-21.5,-13,-25.31,-18.5,-20.38,-15.85,-28.34,-12.33,-19.99,-7.79,-22.1,-29.85,-18.82,-37.14,-17.46,-9.33,-13.1,-21.34,-14.46,-21.45,-23,-20.69,-19.81,-26,-20,-21,-21.5,-21.88,-17.46,-26.5,-21.2,,-13.2,-21,-23,-14.1,-21,-22.3,-21.27,-16.5,,-24.77,,-28.39,-23,-22.1,-13.38,-21,-20.2,-26,-27.5,-21.5,-20.14,-16.1,-28,-17,-21,-21,-32.1,-29.4,-24.12,-13,5.69,27,20,7,-7,47
Kent,Massachusetts,2,5,7.28,7,8.81,-4.26,4.09,10.83,10.48,7,0.5,6,0.61,14,3.55,3.18,7.41,2.38,5.52,3.25,-0.9,7.15,3.49,1.29,-1.62,9.11,2.05,6.99,7.26,2.79,2,6,7.09,12,2,10,1.88,5.25,13.56,,7.9,,22,13,9,3.1,2,9.9,-1.38,0.2,,-0.49,,3.82,6,-0.9,1.71,-1,7.2,8,-1,3.25,16.08,,10,6,-2,0.8,-7,9.2,2.38,-8,5.39,40,17,7,-23,57
Kentucky,Louisiana-Monroe,21.5,23.96,15.72,23,16.83,17.92,20.76,18.97,18.6,15,6.5,14,25.77,8.5,24.88,16.84,18.16,16.11,18.59,24.12,22.1,27.85,19.35,28.86,24.38,8.61,5.6,17.73,11.65,22.07,23,18.73,22.7,18,20,23,7.12,21.5,8.06,11.5,24.4,,23.8,18,22,21.4,21.5,21.5,29.76,20.1,,17.66,,17.13,21,22.1,18.86,28,25.1,17,23.5,7.75,14.51,19.1,18,12,21,21.6,16.7,18.3,26.62,11,5.75,14,48,7,34,62
Marshall,Middle Tenn.,24.5,16.49,13.15,14,20.31,13.19,18.56,18.9,19.5,24,3.5,18,19.6,14,15.17,7.56,24.64,9.59,18.92,19.71,23.4,23.25,22.73,21.82,27.17,11.19,13.41,19.5,17.35,22.49,21,19.21,18.11,24,21.5,21,5.5,18.91,16.28,18.5,25.8,,33.6,23,20,21.9,23.5,23.9,32.74,22.4,,18.92,,18.52,20,23.4,16.91,24,23.8,25,26.5,7.5,17.67,18.7,20,12,24.5,20.9,18.6,21.1,19.69,16,5.58,24,49,7,25,73
Memphis,Houston,7.5,15.33,20.8,4,16.28,20.58,17.9,-0.35,19.96,25,-10.5,13,19.36,6,15.23,20.72,3.24,16.39,9.43,23,7.4,5.35,5.59,16.54,13.53,4.38,5.35,30.72,3.75,6.95,11,5.8,9.62,0.01,7,4,-5.5,19.98,-0.49,-4.5,2,,28.5,17.33,5,4.8,7.5,3.7,18.09,15.6,,1.31,,-5.13,6,7.4,17.78,15,1.3,3,-1.5,-0.5,9.96,10.8,-3,2,8.5,18.2,0.4,2.8,20.36,1,9.04,28,24,7,-4,52
Miami (Fla.),Cincinnati,17,8.72,6.48,12,12.6,11.6,7.62,11.9,3.86,16,3.75,10,7.62,9,11.05,3.62,14.23,4.83,10.87,13.04,13.9,13.45,11.23,15.32,17.3,7.3,-0.5,16.33,11.02,12.77,13,11.05,3.12,12,11,11,4.63,11.15,10.65,7.5,11.5,,31.8,16.33,8,14.9,16,16.2,30.52,13.7,,8.56,,12.87,12,13.9,7.38,11,14.6,7,15,5.5,11.05,13.3,7,6,15,12,7.2,12.1,7.43,4,5.40,34,55,7,21,89
Michigan,Penn St.,0,-5.02,-8.56,-2,-0.15,-9.24,-0.01,-1.6,-8.75,-1,-0.5,-4,-3.32,-5.5,-3.65,-3.18,1.69,-9.13,-1.53,-4.64,-0.1,1.65,2.38,-16.14,-5.77,0.01,2.6,1.2,-1.62,-0.35,-9,-1.61,-5.65,2,1,3,0,-9.67,3.71,4.5,1,,9.4,-3,0.01,1.6,0,4.2,-1.07,-2.9,,-0.12,,4.43,2,2.1,-5,-2,1.6,2,11,0.5,-3.12,3.5,-6,-2,1,-3.5,-5,-6.7,-0.4,-5,4.29,13,18,7,5,31
Minnesota,Northwestern,3.5,1.84,6.72,3,6.31,2.73,5.63,2.54,4.32,14,8.5,5,2.35,3.5,1.47,1.58,1.97,4.8,4.15,8.39,2.9,2.85,0.74,3.5,6.6,2.4,3.52,12.27,1.75,2.99,-6,3,1.41,4,2.5,0.01,7.5,7.55,7.57,5,2.2,,15,8,2,2.5,3.5,5.4,6.57,2.5,,-2.77,,1.63,3,2.9,1.37,1,2.9,2,4,6.5,5.53,5.6,6,1,4,6.3,11.9,8.7,3.93,0.01,3.67,17,24,7,7,41
Mississippi St.,Auburn,-2.5,-4.45,-0.01,-7,-9.48,-7.52,-7.65,-6.17,-2.58,1,-2.75,-1,-10.84,-1.5,-4.93,-0.62,-6.79,-1.23,-3.87,-0.72,-4.1,-5.45,-5.78,1.75,-5.66,2.14,2,-7.36,-0.01,-3.51,-1,-3.85,-2.36,-7,-3,-1,-3.12,2.07,-4.24,-8.5,-3.7,,6.7,-8.67,-8,-2.6,-2.5,-2.9,-7.47,-2.8,,-2.1,,-0.73,-5,-1.9,-0.91,-9,-4.2,-2,-5.5,-3.5,-5,-5.7,-4,-3,-3,-8.4,-10.3,-3.2,-10.41,-7,3.66,23,38,7,15,61
Missouri,Georgia,-3,-2.85,-2.58,3,-1.56,-0.83,-3.88,5.15,-1.55,1,-0.75,1,-3.41,3.5,-3.79,1.52,-0.68,-0.9,-0.23,-6.46,-1.9,-0.95,-2.98,2.21,1.02,-0.94,-7.75,-5.15,0.42,-0.96,3,-0.79,-0.91,0.01,-3,-3,0.37,1.55,-2.82,7.5,-0.3,,23.9,-3,-1,0.3,-2.5,4.8,-7.85,-6.4,,0.43,,3.14,-2,-1.9,2.36,-2,-0.4,3,-0.5,1.5,4.74,-4.1,7,1,-3,-5.4,-1.5,8.2,-8.66,-1,4.69,34,0,7,-34,34
NC St.,Boston College,3,1.77,6.95,-3,-1.97,4.68,-0.01,-0.33,8.93,1,-3.25,7,-3.17,7,0.59,-1.86,0.3,-0.7,0.31,-0.55,2.4,-4.95,1.14,1.32,-2.25,2.57,9.5,3.6,1.25,0.93,-16,-0.31,-0.56,0.01,5,0.01,-2.62,5.73,-3.21,-0.5,0.01,,17.2,-3,2,3.2,2.5,-2.6,-1.69,-0.8,,8.96,,-4.84,-1,2.4,5.34,-4,-0.3,-2,-6,-2,3.56,1.7,-3,2,3.5,-1.2,-7.5,-2.4,-0.72,-3,4.81,30,14,7,-16,44
Nevada,Colorado St.,-2.5,3.63,0.01,1,2.52,2.16,2.54,1.93,3.19,4,-6,2,0.63,3,3.4,1.34,6.08,0.51,1.76,3.53,-0.9,-2.05,0.64,0.39,-3.99,-2.11,3.47,6.73,1.14,1.4,4,2.08,4.62,-1,-1,-2,0,0.36,2.9,0,4.9,,10,3.67,6,8.1,-1.5,0.9,-1.53,-2,,2.53,,3.31,1,-0.9,3.77,4,4.6,-2,-3.5,6,1.29,8.8,4,2,-2,5.9,-4.2,-6.3,2.29,-6,3.52,31,24,7,-7,55
New Mexico,San Diego St.,-3.5,-3.66,3.03,-4,-1.54,-0.92,0.47,-8.58,-0.24,4,-4,0.25,-4.62,-4.5,-4.72,-1.48,-7.69,3.46,-3.35,6.42,-5.6,-4.95,-5.89,-3.71,-10.28,-3.17,-3.64,4.82,-3.63,-5.65,3,-4,-2.33,-10,-6,-6,-4.25,1.43,-4.94,-7.5,-6.5,,-9.2,-3,-4,-6.4,-3.5,-4.9,-4.32,-7.2,,-8.19,,-16.5,-6,-5.6,9.04,-3,-4.2,-12,-9,-4.5,2.06,-0.3,-3,-1,-4.5,9.5,-7.2,-9.9,-1.4,-5,4.86,24,14,7,-10,38
Northern Ill.,Central Mich.,9.5,13.29,13.72,13,10.65,10.08,8.29,10.71,21.05,10,17.25,14,7.87,15.5,12.05,12.64,19.76,8.75,12.07,3.62,10.6,6.05,10.98,23.64,7.45,14.47,7.39,13.74,15.93,10.57,10,11,10.75,17,10.5,10,14.25,16.38,9.87,21,8.7,,29.1,15.33,16,4.4,9.5,8.6,10.96,11,,14.56,,13.9,11,8.4,6.1,14,9.3,14,9,11.25,14.91,10.5,24,9,9.5,8.5,7.2,13.1,8.43,6,4.55,34,17,7,-17,51
Notre Dame,North Carolina,16.5,24.22,23.52,17,19.79,27.6,26.15,19.13,21.94,27,13.75,27,24.84,23.5,23.52,25.66,19.01,19.12,20.88,18.13,17.6,19.75,13.79,30.96,23,15.85,26.07,27.15,20.94,19.28,24,20.94,25.58,16,16.5,19,17.63,27.31,14.15,11,21.8,,31.2,23,19,17.7,17,20.8,28.68,22.9,,12.3,,16.84,16,17.6,23.81,26,20.9,16,22,21.5,18.47,17.3,21,10,16.5,23.5,12.5,20.7,27.41,14,4.70,43,50,7,7,93
Ohio,Bowling Green,-1,-1.17,-1.84,-4,1.23,2.6,4.53,-12.71,-4.13,5,-19,-2,2.82,-2.5,-0.27,-9.3,-4.98,-5.87,-2.56,4.33,-1.2,-4.75,1.21,-4.82,-4.02,-7.28,5.18,5.98,-7.31,-1.24,-3,-2.75,-1.24,-11,-1.5,-4,-14.25,-3.33,-4.27,-12,-2.1,,20.1,3,-3,11.5,-1,-5.9,1.53,4.2,,3.75,,-9.06,-4,-1.1,-1.42,1,-2.2,-7,-7,-9.5,-5.7,1.8,-14,-2,0,1.1,-16.4,-10.7,3.9,-2,6.47,31,13,7,-18,44
Oklahoma,Texas,16.5,17.08,15.85,11,21.29,20.22,16.74,11.07,19.11,21,9,14,23.57,14,15.87,19.74,11.76,13.2,15.98,26.66,15.6,16.5,18.01,22.79,17.5,4.42,14.75,31.01,7.9,16.59,26,16.55,17.66,11,14.5,9,9.5,16.61,11.1,8,16.6,,19.2,25.33,17,18,16.5,17.2,25.76,20.5,,17.49,,9.81,12,15.6,18.05,23,16.2,20,10.5,10,11.86,19.2,14,10,14.5,24.9,13.2,14.4,19.46,9,5.66,26,31,7,5,57
Purdue,Michigan St.,-20.5,-19.79,-14.82,-22,-26.46,-19.72,-10.55,-26.36,-21.57,-14,-20.75,-15,-23.41,-15,-18.5,-23.18,-27.05,-8.55,-19.99,-8.66,-22.1,-24.25,-20.06,-33.25,-18.61,-11.92,-16.81,-22.25,-18.33,-22.72,-14,-20.63,-19.56,-26,-23,-21,-18.62,-20.18,-22.34,-24.5,-26.8,,-24.9,-16.33,-20,-22.1,-20.5,-21.7,-25.77,-21.2,,-23.2,,-33.83,-18,-22.1,-10.67,-24,-24,-25,-22,-16.5,-20.5,-11.7,-31,-13,-21,-10.7,-27.7,-29.7,-20.96,-15,5.64,45,31,7,-14,76
South Florida,East Carolina,-17,-14.01,-14.53,-24,-15.98,-20.18,-15.52,-16.34,-12.69,-14,-3,-14,-22.44,-14.5,-15.33,-17.53,-16.03,-13,-16.57,-20.48,-17.1,-21.35,-17.03,-26.64,-11.48,-11.07,-12.61,-18.05,-15.48,-16.11,-28,-16.18,-8.6,-18,-14.5,-17,0,-19.75,-20.71,-19,-18.3,,-28.8,-12,-17,-10.3,-17,-19.9,-29.76,-21,,-20.87,,-14.83,-16,-14.9,-10.79,-26,-13,-19,-18,3,-20.65,-10,-13,-6,-16,-17.8,-22.5,-22.4,-20.79,-15,5.84,28,17,7,-11,45
Stanford,Washington St.,15.5,18.3,8.06,18,17.1,15.96,11.47,21.96,14.69,14,14.75,15,9.71,18,18.39,-0.99,18.64,8.06,15.61,12.04,18.1,16.35,15.31,21.43,14.11,17.27,15.83,9.9,17.99,18.08,4,16.67,20.37,24,17,17,12.5,15.68,19.46,19,21.3,,27.8,18,18,19.2,15.5,18.5,6.3,10,,20.59,,18.32,16,18.1,12.12,15,20.3,22,19,10.25,15.78,9.3,21,11,17,3.1,22.3,25.5,13.31,9,5.46,17,34,7,17,51
Syracuse,Florida St.,-24,-11.77,-17.69,-23,-20.56,-11.25,-8.16,-22.49,-17.26,-15,-19.5,-16,-13.86,-19.5,-10.19,-23.8,-24.89,-11.39,-18.31,-12.22,-22.9,-23.85,-16.91,-29.57,-27.98,-14.25,-17.89,-16.05,-18.89,-21.14,-15,-18.4,-12.27,-27,-22,-25,-17.75,-18.81,-12.14,-32.5,-21,,-9.2,-18,-19,-15.6,-23,-19.7,-14.45,-12.8,,-22.31,,-24.08,-20,-25.1,-13.47,-17,-19.6,-26,-30,-16,-23.35,-19.3,-21,-14,-24,-20.2,-29.8,-26.5,-13.36,-12,5.28,38,20,7,-18,58
Temple,Tulsa,17,24.23,20.47,14,21.48,29.95,23.84,24.03,15.64,26,17.25,16,28.12,11,24.91,3.07,20.79,13.73,19.81,17.86,18.6,30.95,22.19,8.71,9.79,6.98,8.78,26.06,12.78,18.36,14,20.45,28.26,25,15,20,19.25,20.42,8.41,9.5,20.9,,34.1,23.67,20,18,17,28.4,23.65,35.9,,16.53,,11.84,16,16.4,18.28,27,17.1,28,20.5,21.25,16.36,14.9,24,13,17.5,18.3,27.4,20.9,29.76,23,7.06,24,35,7,11,59
Texas A&M,Mississippi,2.5,0.98,-3.61,1,-0.28,-5.22,-2.23,2.87,-1.19,4,3.25,-4,-1.45,3,1.48,-5.99,4.92,-4.16,0.01,-8.46,1.4,0.75,3.17,1,-1.43,1.21,-6,-0.36,-1.13,0.79,-6,0.38,1.14,7,2,-1,3.13,0.86,5.1,2.5,-3.2,,19.7,-3,0.01,-3.1,2.5,-0.2,3.44,5.6,,3.36,,2.08,3,1.4,-7.67,3,-2.5,1,3.5,3,3.68,-1.2,3,-3,2.5,-15,3.6,-0.6,-1.9,-5,4.72,35,20,7,-15,55
Texas Tech,West Va.,-6,-9.51,-10.68,-3,-0.62,-11.73,-10.31,-1.89,-3.11,-3,-10.5,-8,-19.24,-1.5,-10.97,-14.77,0.01,-9.28,-6.57,-9.86,-6.6,-9.85,-4.06,-9.14,-8.43,-0.73,1,-6.63,0.7,-5.79,-12,-6.55,-8.05,0.01,-4.5,-6,-10.5,-9.23,0.29,6,-5.5,,-7.8,-3,-4,-7.5,-6,-9.4,-22.32,-16.5,,-8.84,,2.95,-3,-4.4,-6.47,-13,-5.1,-5,-9.5,-10.5,3.33,-10.2,6,-2,-5.5,-17.1,-6.3,-2.6,-15.74,-11,5.80,37,34,7,-3,71
Texas-San Antonio,Florida Intl.,10,5.38,-1.74,7,7.9,-4.48,-2.67,21.29,3.15,4,25.5,3,0.01,3.5,6.31,-11.19,8.62,-7.63,6.33,0.87,10.4,2.75,9.62,0.39,-1.8,4.42,6.14,-4.26,2.7,9.87,4,5.38,3.82,14,13,6,21.13,0.89,15.64,,12.6,,9.2,10,9,6.8,9.5,-1,-3.36,-0.7,,27.97,,22.57,17,12.6,-0.17,6,12.6,12,12.5,16.75,4.44,,14,6,12,3.4,25,8.6,0.54,-5,8.15,13,16,7,3,29
Troy St.,New Mexico St.,7,0.97,-7.28,4,5.35,-4.95,-1.62,12.23,-0.68,-3,10.5,-4,-7.51,3.5,0.79,-14.66,11.3,-9.28,2.25,5.31,4.4,-0.45,6.99,4.29,10.09,2.92,-1.16,2.5,6.35,4.36,-6,3.23,3.15,11,7,5,10.5,1.09,9.25,11,4.8,,-5.6,5.33,8,2.1,6.5,3.3,-3.35,-5.5,,13.17,,5.51,2,1.1,-3.18,1,6.1,6,-0.5,10.5,5.65,4,7,4,,-8.3,3.9,11.1,-4.27,-3,6.02,24,41,7,17,65
Tulane,Connecticut,3.5,5.64,1.7,7,3.86,6.11,2.96,0.37,7.77,9,7.75,7,4.67,5,5.56,9.31,2.57,3.37,5.41,-4.18,4.1,4.65,5.15,0.89,5.91,0.75,2.94,5.34,3.72,5.6,5,5,3.76,4,4,7,3.12,4.77,16.76,10.5,7.4,,28.7,3.67,2,10.5,3.5,6.4,10.2,2.5,,5.57,,7.16,7,4.1,5.67,10,8.9,6,4,-1.5,4.83,4.3,7,2,3,4.6,-2.6,8.3,2.08,3,4.52,3,12,7,9,15
UAB,North Texas,6.5,0.97,8.09,-3,8.83,2.62,6.81,-8.72,6.3,18,-2,6,3.32,4,-1.51,14.08,-3.88,10.13,3.23,18.2,5.4,-8.55,-1.34,0.96,-2.12,2.36,7.09,16.08,1.62,1.82,17,2.23,4.76,-12,4,-9,5.75,8.42,-3.43,-18.5,2.1,,20.5,13,1,2.9,6,2.7,13.35,3.4,,-1.49,,-9.83,-2,5.4,11.76,2,0.5,-11,4.5,13.5,-2.73,16,-1,2,6.5,23.5,-8.2,-11.3,-0.45,-1,8.39,21,56,7,35,77
UCLA,Oregon,-2,3.1,4.64,1,3.1,3.75,8.13,1.71,1.37,8,-4,9,1.47,1.5,3.77,-17.74,1.14,2.75,2.15,4.72,-1.4,2.15,-5.19,0.04,-9.66,0.24,-0.5,7.5,-2.95,0.57,3,1.99,1.82,1,-3.5,0.01,0,3.55,3.49,-3,5.9,,31.4,4.67,-1,4.8,-1,1.8,7.67,-3.2,,-2.99,,-6.5,4,-1.4,3.9,4,7.3,4,6,4,5.02,0.2,1,1,-2.5,1.3,8.7,-1,5.02,-8,6.06,42,30,7,-12,72
UNLV,Fresno St.,-9.5,-14.71,-13.18,-11,-12.87,-10.44,-12.18,-8.12,-15.19,-8,5.75,-13,-20.04,-12.5,-13.37,-13.43,-9.67,-12.84,-10.63,-12.98,-11.6,-14.45,-12.03,-2.11,-7.41,-5.4,2.78,-11.77,-9.74,-10.75,-4,-11,-17.41,-7,-9.5,-17,0.88,-11.07,-8.06,-7.5,-10.1,,-13.7,-9.67,-11,-13.3,-9.5,-9.7,-22.79,-11.9,,-8.7,,-13.98,-10,-9.4,-8.84,-11,-10,-9,-7.5,-4,-10.2,-11.3,-11,-7,-10.5,-11.7,-6,-15.5,-19.5,-4,4.69,27,30,7,3,57
UTEP,Old Dominion,3,4.9,-1.44,3,6.34,0.97,7.85,1.35,2.05,7,4,-0.25,5.81,-2,5.15,-6.73,5.79,1.3,2.54,9.84,1.9,-0.35,-0.33,3.79,-1.62,2.11,5.84,6.76,0.73,1.89,4,1.62,6.32,-2,2.5,0.01,6.87,1.62,4.95,,-1.3,,22.7,8,1,0.6,3,1.6,5.02,1.4,,1.28,,6.11,4,1.9,0.84,2,-2.1,-2,0.01,9.75,-9.46,,1,-2,3,7.9,-1.8,1.8,5.77,-1,4.61,35,42,7,7,77
Utah St.,Air Force,7.5,10.3,-1.86,14,17.95,4.4,6.03,15.65,9.95,6,15.5,3,7.2,7.5,8.55,-0.81,15.04,0.22,9.28,9.78,8.1,11.15,7.41,10.68,14.74,3.26,-0.22,6.22,5.92,10.58,-4,9.6,15.65,22,9,8,14.75,4.92,9.42,23,14.6,,29.8,17.33,9,11,7.5,12.6,15.29,1.6,,9.28,,20.2,11,8.1,0.57,2,12.3,18,11.5,14,11.42,4.6,11,6,7,-1.8,19.3,15.4,10.79,-6,6.88,16,34,7,18,50
Wisconsin,Illinois,26,25.13,12.18,21,27.85,21.68,18.05,25.37,18.67,16,24,16,22.45,17.5,24.74,7.11,28.77,9.71,21.83,14.74,26.1,24.75,23.81,27.54,27.47,10.16,10.49,20.08,16.84,25.29,14,23.15,30.08,32,23,21,25.62,18.49,16.06,25,27.2,,31.6,35,26,23.5,26,23.3,35.92,25.5,,25.18,,25.53,23,26.1,14.66,25,25.1,31,29.5,27.25,17.52,18,28,15,25,15.9,31,26.1,25.99,14,6.71,28,38,7,10,66
Air Force,New Mexico,7,10.87,14.67,8,14.67,15.6,13.2,9.83,12.88,19,4,15,12.32,15.5,10.89,17.61,10.47,9.88,11.8,15.23,11.1,10.15,9.39,14.46,6.65,12.4,7.08,18.29,14.9,10.54,15,11.12,8.47,9,11.5,9,5.12,16.43,7.06,3,9.5,,29,17,14,11.3,7.5,11.8,12.63,16.3,,10.93,,7.87,7,11.1,7.67,17,8.3,9,13.5,3.5,10.69,16.8,7,7,9.5,13.5,9.1,8.2,13.97,7,4.34,31,35,8,4,66
Alabama,Texas A&M,13.5,6.68,4.94,7,7.28,11.99,5.01,6.59,9.78,7,8,8,2.6,10,4.27,1.89,7.73,3.81,7.21,8.74,9.9,4.65,9.64,5.88,4.88,4.64,9.5,6.04,6.5,8.87,11,7,6.23,6,12.5,7,5.95,6.38,-1.72,10.5,8.9,,15.5,11.67,9,10.2,12,9.3,8.04,0.01,,13.15,,7.35,7,9.9,8.36,6,7.9,9,5,2.5,10.28,8,14,7,11.5,7.8,13.1,6.5,4.8,2,3.22,0,59,8,59,59
Arizona St.,Stanford,-3.5,-2.2,1.23,-4,-1.8,-2.51,-3.91,-8.51,2.28,5,1.25,-1,-6.31,-3,-5.36,0.01,-2.41,-0.91,-3.39,-0.87,-4.1,-8.15,-4.3,-2.83,-0.23,2.33,2,0.94,0.51,-4.57,-3,-3.1,-2.35,-6,-4,-3,-1.95,0.9,-7.09,-1,-6.1,,-7.7,-3.67,-4,-7.1,-3.5,-10.6,1.95,-1.4,,0.12,,3.38,-8,-4.1,-8.04,-10,-5.5,-9,-12.5,-10.5,-3.45,-4.4,-10,-1,-3,-3.2,-5.8,-2.2,-7.14,-6,4.02,10,26,8,16,36
Arkansas,Georgia,-3,-7.36,-6.18,-7,-7.7,-9.73,-7.31,-4.86,-7.54,-1,-4.75,-8,-4.89,-11,-6.19,13.15,-10.08,-6.34,-5.81,1.87,-5.1,-4.45,-8.74,-7.92,-1.15,-6.6,-11.6,-3.15,-7.53,-4.5,-10,-6.18,-6.92,-6,-3,-5,-5.52,-6.35,-11.12,-9.5,-3.5,,-7.2,-3.8,-5,-2.6,-3.5,-2.3,-2.42,-3.6,,-9.38,,-8.06,-6,-2.9,-4.88,-1,-4.4,-6,5,-3.75,-12.25,-3.7,-4,-6,-4,-4.9,-13.2,-11.5,-11.38,-8,4.20,45,32,8,-13,77
BYU,Nevada,10.5,12.29,7.72,11,8.13,11.62,11.69,11.83,9.53,6,15.5,11,11.02,12,12.7,2.17,16.12,6.11,11.47,3.47,11.6,10.05,16.2,15.42,6.89,10.7,6.24,6.35,9.09,13.64,5,11.01,13.37,16,11,9,13.74,12.61,12.84,15.5,19,,28.1,10.33,11,15.3,10.5,11.2,9.88,11,,21.42,,13.96,14,11.6,3.93,18,19.1,17,10.5,11.75,13.51,8.5,17,9,10,7.1,12.4,11.7,14.71,4,4.61,42,35,8,-7,77
Boise St.,Fresno St.,17,15.59,15.55,8,20.62,18.82,13.79,11.67,18.19,19,8,17,13.82,15.5,12.05,15.38,14.27,8.88,13.89,16.85,16.4,9.15,14.36,19.58,20.46,6.56,13.76,19.52,8.55,14.97,25,13.77,15.33,10,15,10,8.66,19.14,5.14,7.5,11.7,,31.1,27,15,12.3,16.5,11.2,11.41,14.8,,11.72,,4.49,14,16.4,13.33,18,10.6,12,11,13.5,10.74,19.1,17,9,17,21.3,15.6,12.9,16.49,5,5.28,27,37,8,10,64
Boston College,Clemson,-5,-9.12,-4.75,-10,-9.66,-9.09,-7.25,-12.26,-7.36,1,-10.5,-5,-13.33,-7,-9.23,-0.93,-13.09,-1.97,-7.97,-3.39,-6.1,-16.25,-12.99,-15.29,-2.38,-2.08,-5.29,-5.3,-6.09,-9.52,3,-8.85,-9.28,-15,-7,-9,-11.52,-6.92,-13.12,-12.5,-12.5,,-7.3,-10,-8,-13,-5.5,-8.7,-3.81,-5.1,,-7.6,,-14.8,-10,-6.1,1.54,-13,-11.9,-15,-9.5,-9.25,-12.53,-4.7,-14,-4,-5,-1.4,-4.5,-12.6,-13.5,-1,4.64,17,13,8,-4,30
Bowling Green,Western Mich.,3,5.07,7.64,8,2.03,-1.34,-1.26,14.14,8.56,3,15.5,12,-5.33,15.5,2.04,5.66,10.49,3.4,6.48,2.92,3.1,8.95,3.11,14,-0.77,17.38,-0.01,-0.51,13.28,4.68,-20,7.4,4.56,16,3.5,12,11.59,10.51,15.26,29.5,7.3,,7.5,6.67,8,2,3.5,7.6,-1.95,-4.2,,5.99,,17.76,8,3.1,6.82,1,8.5,13,7.5,1.5,13.89,2.6,11,7,1.5,-0.6,17.7,13.5,-3.91,-2,7.09,26,14,8,-12,40
California,UCLA,-7,-9.54,-6.03,-14,-15.52,-4.36,-10.16,-16.45,-8.55,-2,-4.75,-9,-13.91,-9,-9.77,1.22,-15.14,-3.93,-9.38,-6.56,-7.6,-13.75,-13.03,-12.83,-10.06,-1.98,-0.45,-10.87,-2.76,-10.77,-10,-9.89,-8.67,-18,-8.5,-11,-3.75,-9.04,-22.14,-22.5,-16.3,,-13.4,-9.67,-12,-12.8,-7.5,-10.9,-5.89,-1.2,,-12.26,,-7.75,-14,-7.6,-6.75,1,-16.1,-19,-11,1.25,-12.47,-8,-11,-8,-6.5,-5.3,-14.2,-12.5,-13.58,-3,5.35,36,34,8,-2,70
Central Florida,Tulane,17,24.22,15.83,21,22.61,16.58,18.82,25.61,21.77,18,8.75,17,20.24,16.5,20.55,17.21,25.04,11.96,20.08,18.22,21.1,25.75,20.94,28.58,23.13,20.8,9.38,17.37,24.33,20.73,14,20.97,27.59,24,19,21,14.59,23.12,19.13,18.5,23.1,,28.7,21.67,22,16.6,17.5,22.7,15.73,16.1,,21.12,,24.01,19,21.1,16.13,23,22.3,25,25.5,11,20,21.7,28,12,19.5,20.5,15.3,27.5,23.56,6,4.90,13,20,8,7,33
Central Mich.,Ball St.,10.5,5.99,16.5,4,1.71,13.25,6.84,7.77,9.69,19,-6,12,6.49,12,6.58,27.49,-1.19,13.26,8.63,10.68,9.1,10.65,8.32,5.71,15.84,9.38,4.11,8.24,9.92,9.03,-3,8.31,1.88,4,7.5,14,-2.18,12.92,6.15,-14.5,9.3,,14.5,4,7,11.4,10.5,14.7,11.22,6.5,,3.3,,-2.04,7,9.1,8.29,11,9.6,9,15,1.5,8.63,5.4,-4,1,8,3.7,43.5,18,7.45,1,7.51,32,29,8,-3,61
Colorado St.,Utah St.,5,3.1,6.08,1,1.05,2.7,-0.01,2.99,3.14,6,4,7,1.27,2.5,4.88,0.56,-0.48,1.01,3.12,3.33,4.4,3.15,5.7,2.25,-3.19,2.6,5.77,5.25,1.83,1.96,11,2.7,1.52,0.01,5.5,5,3.14,5.73,2.4,-3,-0.6,,7.4,1,3,-6,5,1.5,2.71,6.1,,6.82,,0.93,7,4.4,4.78,-1,1.4,7,12.5,4.5,4.87,1,1,2,5.5,1.8,7.8,4.8,-1.18,4,3.15,13,16,8,3,29
Duke,Virginia,3,7.4,6.13,7,12.46,-0.12,2.08,9.92,10.24,15,9.25,9,-0.27,9.5,4.61,1.74,9.41,2.82,7.45,11.72,3.6,6.65,4.95,9.46,-1.16,7.92,1.3,10.05,12.08,4.94,5,7,6.87,15,4.5,6,7.07,8.89,14.42,15.5,5.9,,22.3,17.67,9,5,4,6.1,4.55,6.1,,4.99,,7.2,6,3.6,10.47,-1,5.5,9,7,4.75,10.01,6.5,4,6,2.5,3.1,10.2,14.8,0.31,9,4.56,13,20,8,7,33
Florida,Missouri,6,10.19,7.53,-3,9.44,7.07,6.69,-2.54,10.22,9,-2.75,6,10.22,0.5,9.56,8.73,3.03,3.26,4.43,9.84,4.9,-1.15,3.47,2.46,8.4,3.47,3.75,10.54,3.59,5.09,2,3.67,10.06,0.01,4,4,-2.78,5.57,-1.85,-10.5,2.4,,17.2,13.33,2,5.4,6,0.8,12.46,7.7,,0.69,,-5.85,5,4.9,10.44,11,1.9,-4,-2,0.25,2.98,7.7,6,3,6,5.9,-2.1,-8,10.8,2,5.21,42,13,8,-29,55
Florida Atlantic,Western Kentucky,-3,-6.38,-5.6,-2,-9.64,-8.77,-8.3,0.25,-1.76,-6,4.5,-3,-10.18,-3.5,-7.22,-1.98,-8.11,-2.33,-5.45,-1.8,-4.4,-4.75,-5.08,-3.42,-10.21,-0.8,-4.88,-5.28,-5.14,-4.9,-18,-5,-8.54,-5,-3.5,-3,-0.2,-3.54,-7.1,,-3.8,,-13.2,-10,-4,-3.4,-3,-6.1,-7.36,-10.2,,-3.72,,-3.6,-4,-4.4,-13.6,-5,-2.2,-5,-6.5,-1.5,-1.49,-7.4,-10,-4,-6.5,-10.3,-2.3,3.3,-10.4,-10,4.01,38,45,8,7,83
Florida Intl.,Marshall,-21.5,-17.21,-21.44,-17,-20.76,-7.89,-9.95,-16.55,-22.92,-23,-12.25,-16,-14.85,-18,-11.08,-17.59,-16.99,-10.44,-17.01,-12.08,-20.4,-18.65,-21.49,-30.38,-23.77,-14.26,-8.78,-13.08,-17.17,-20.08,-10,-17.17,-16.38,-24,-21.5,-20,-11.24,-21.65,-18.98,-29.5,-22.6,,-17.2,-14,-19,-17,-21,-13.6,-16.77,-17.2,,-28.14,,-18.46,-19,-22.6,-12.16,-17,-21.7,-20,-22.5,-3,-20.01,-13.7,-21,-10,-21.5,-14.4,-24.7,-22.8,-13.95,-18,4.75,45,13,8,-32,58
Florida St.,Notre Dame,9.5,4.28,2.77,9,13.35,2,1.22,13.45,7.41,9,12,4,1.73,6,2.44,2.22,15.72,1.51,8.22,9.42,10.4,10.95,7.33,6.17,16.29,4.93,5,8.92,5.36,9.28,4,8.3,4.2,18,12.5,11,12.24,5.19,7.12,26.5,10,,24.4,11,12,8.6,9.5,9.8,6.58,4.5,,17.17,,13.21,14,10.4,2.79,-2,8.8,19,9,11.5,17.38,11.6,8,9,11.5,5.3,4.9,11.9,2.47,-3,5.38,27,31,8,4,58
Houston,Temple,7.5,2.06,-3.67,3,7,0.64,1.29,8.98,2.8,2,15.5,4,4.31,5,1.12,13.17,2.52,-2.3,4.93,2.38,6.4,6.25,4.09,5.5,4.64,6.28,-0.28,-0.91,8.25,7.02,4,4.82,2.25,7,6,8,11.85,0.73,14.25,12,11.5,,10.9,10.33,5,5.3,7.5,7.8,6.29,-3.8,,9.44,,12.81,5,6.4,1.77,-1,13.7,8,4.5,7.25,5.35,9.6,4,4,7.5,6.2,0.4,10.1,0.43,-11,4.86,10,31,8,21,41
Idaho,New Mexico St.,5.5,4.38,-1.34,-3,2.6,-1.63,1.15,3.45,1.74,5,0.01,-2,1.24,-5,2.15,5.02,4.04,-6.5,2.7,-1.09,3.9,1.35,3.89,6.21,1.4,0.88,3.3,2.98,-0.23,4.55,4,2.79,8.57,4,4,3,1.9,2.02,7.67,11.5,6.7,,30.9,5,4,4.1,5,3.6,3.08,2,,5.18,,3.71,7,3.9,8.77,6,5.9,5,-1.5,2,-1.18,4.2,1,3,4,-2.7,2.1,1.4,4.08,-2,4.88,17,29,8,12,46
Indiana,Michigan St.,-16.5,-13.34,-13.19,-10,-17.42,-15.75,-10.89,-10.97,-14.38,-11,-8.75,-12,-18.36,-16,-11.34,-9.48,-11.84,-6.79,-12.17,-9.73,-14.4,-12.45,-13.43,-24.71,-17.35,-7.71,-14.79,-16.26,-13.93,-13.9,-19,-12.37,-12.28,-12,-15,-14,-10.56,-15.39,-8.57,-9.5,-13,,-14.6,-12.67,-12,-14.6,-15.5,-10.4,-12.5,-14.5,,-6.56,,-15.93,-7,-14.4,-6.53,-15,-11.2,-9,-5.5,-7,-12.15,-6.9,-14,-6,-14.5,-7.3,-16.8,-18.9,-16.24,-14,3.53,56,17,8,-39,73
Kent,Army,-3,-5.51,-5.26,-3,-8.74,-10.21,-4.13,-0.45,-10.62,1,-2.25,-8,-8.02,-4,-3.2,-9.82,-6.08,-10.15,-4.53,-5.74,-4.6,0.45,-8.3,9.21,-8.36,-3.02,-1.47,-7.62,-3.67,-4.34,-1,-3.68,-3.16,0.01,-5.5,-3,-0.91,-1.52,0.35,0.5,-3.7,,-14.2,-7,-2,-7.7,-3,0.7,-4.72,-7,,-8.75,,1.29,-3,-4.6,2.11,-7,-2.6,-5,-6.5,-1.75,-10.28,-2.6,-3,-2,-3.5,-4.6,2,-3.2,-6.25,-11,3.66,17,39,8,22,56
LSU,Kentucky,10.5,15.12,5.67,14,11.51,15.06,9.7,13.84,13.3,11,12.5,9,13.15,11,13.68,7.48,15.97,2.96,11.91,8.8,10.6,8.05,12.46,15.08,17.4,8.74,6.53,11.56,10.09,11.68,7,11.51,16.75,17,11.5,10,14.76,9.76,16.68,24,11.4,,29.8,18,10,11.3,10.5,11.2,11.52,7.6,,14.54,,20.26,16,10.6,3.49,12,10.6,15,9.5,11.5,16.54,12.1,24,9,9.5,8.2,16.8,8,12.79,-5,5.05,3,41,8,38,44
Louisiana Tech,Texas-San Antonio,11,11.93,8.8,3,20.12,14.04,15.17,1.31,6.58,15,-5.5,9,17.7,8.5,14.99,0.25,7.63,6.98,8.74,18.92,10.9,18.45,12.83,10.71,-2.6,4.98,5.09,20.69,8.4,9.5,-5,8.4,13.61,6,7,7,-2.71,13.15,-2.25,,4.9,,29.5,27,9,12.9,11,9,17.73,13.7,,-4.8,,-5.13,7,10.9,6.72,17,2.1,9,15.5,2.5,4.35,,13,7,7,-2.3,0.7,6.2,17.01,5,7.73,20,27,8,7,47
Louisville,NC St.,19.5,16.67,8.54,21,25.67,20.89,16.55,21.98,13.47,23,17,13,18.7,13.5,20.39,4.41,20.63,8.81,18.12,17.36,18.6,20.55,16.97,23.04,20.07,5.6,2.25,20.69,14.89,19.9,23,18.35,14.87,24,14,15,20.55,17.34,22.3,20,23,,31.4,43,19,22.1,19.5,23.5,23.41,15.8,,9.01,,24.15,18,18.6,12.43,17,20.9,26,17.5,20.5,16.34,16.2,25,12,17.5,16.9,19.2,25.2,19.81,9,6.68,18,30,8,12,48
Maryland,Iowa,3.5,2.5,3.22,-1,-0.51,-0.3,3.31,-0.81,-0.61,3,7.75,4,7.34,-0.5,6.71,-9.2,-0.01,-1.39,2.17,3.47,3.9,3.95,3.32,-4.54,10.37,0.31,0.6,4.69,2.33,2.63,-3,1.85,1.45,4,3,2,2.65,0.75,7.71,-6.5,1.7,,15.2,-3.33,3,-1.9,3.5,0.9,0.44,5.4,,2.8,,-9.8,5,3.9,5.75,11,1.4,-5,8.5,10,2.91,1.2,1,1,5,-0.9,8.1,-5.4,5.28,-1,4.50,31,38,8,7,69
Massachusetts,Eastern Mich.,15.5,8.1,-1.34,10,13.57,11.71,12.05,15.35,-2.53,11,15,3,15.78,-1.5,14.17,-6.73,13.61,-0.85,10.37,8,14.9,18.85,16.2,3.04,12.37,0.31,7.09,8.89,4.57,12.15,14,11.09,11.09,13,12.5,13,13.2,3.01,9.66,,9.4,,26.2,8.67,11,10,14.5,16.7,18.77,15.1,,11.3,,10.85,13,14.9,17.83,15,9.8,14,13,13.75,6.35,,14,8,16,11.5,22.5,6.4,17.27,6,6.28,14,36,8,22,50
Middle Tenn.,UAB,-1,0.88,0.4,2,-6.21,1.81,-8.46,3.8,6.87,-4,4.5,5,-8.2,6,-0.83,4.62,3.68,-2.11,0.42,-1.34,-2.1,-1.05,-2.72,5.33,0.14,3.8,-0.2,-5,3.56,-1.01,-8,0.68,-2.74,7,1,7,1.03,0.65,6.42,19.5,-1.2,,17.6,-6,3,-3.6,-1,-4.4,-1.32,-2.3,,4.93,,6.57,1,-2.1,-0.35,-4,0.7,4,-7,-8,6.28,-5.4,7,2,-1.5,-12.9,9.5,7.3,-8.8,-6,5.57,22,34,8,12,56
Minnesota,Purdue,12,15.97,16.29,15,15.97,17.73,9.77,16.99,18.61,17,18.75,15,12.45,14,13.5,21.49,19.89,12.12,15.49,17.3,13.6,15.75,14.52,25.96,9.81,12.47,6.13,17.98,13.36,14.83,14,15.25,14.55,20,13,15,19.17,21.51,21.12,19,19.2,,28.6,18,16,13,12.5,16.2,13.76,11.8,,14.44,,22.77,14,13.6,9.25,12,18.3,18,15.5,16,17.35,13,18,10,12.5,14,18.4,18.9,12.14,6,3.91,38,39,8,1,77
Mississippi,Tennessee,16,15.26,19.78,17,17.59,20.9,8.14,19.99,21.43,17,13,19,12.67,19,12.82,25.9,15.29,11.17,16.48,20.13,17.6,15.75,13.85,20.54,20.89,17.84,20.5,12.05,16.65,17.62,15,17,10.45,19,17,14,13.67,15.86,22.94,18,21.9,,13,17.33,15,19.7,16,17.8,13.66,15.2,,10.56,,15.76,17,17.6,15.59,17,21.1,17,23.5,12.25,18.52,17.4,14,8,16.5,17.7,16.4,20,10.38,11,3.77,3,34,8,31,37
North Carolina,Georgia Tech,2,-1.5,-12.19,-3,-4.74,-8.93,-3.53,-0.27,-6.68,-8,-2.75,-8,-4.11,-8,0.65,-4.08,-3.36,-8.07,-3.38,-10.16,-3.6,-0.85,-1.86,-14.04,-4.47,-4.67,-7.23,-10.31,-5.83,-2.91,-19,-3.56,1.11,1,-1.5,0.01,1.65,-11.33,6.69,-4,-1.2,,8.9,-4,-4,-3.6,1,-1.8,-1.09,-6.2,,1.93,,8.44,-1,-3.6,-1.36,-6,-0.8,2,-1,-0.75,-4.52,-3.8,-1,-1,-2.5,-9.1,4.1,1.9,-3.96,-7,4.84,43,48,8,5,91
North Texas,Southern Miss.,8,7.02,2.18,10,10.24,14.48,4.64,16.49,0.81,6,13.75,7,11.35,7.5,13.72,2.88,17.62,-3.94,10.04,7.11,10.6,16.05,13.63,-3.75,13.42,8.91,6.76,4.4,10.9,10.67,-1,10,5.7,23,10,8,11.19,4.7,16.05,30,12.7,,21.6,14.67,9,12.6,8,6.4,7.82,15.1,,10.13,,17.32,17,10.6,9.66,8,12.3,17,14.5,2.5,9.07,2.7,18,8,10,-1.9,14.3,16.8,10.87,7,5.66,30,20,8,-10,50
Northern Ill.,Miami (Ohio),13,17.41,17.52,18,2.39,16.95,9.44,16.97,22.6,14,17.5,20,10.68,24.5,14.19,24.89,19.92,17.22,14.81,6.01,14.6,10.25,16.77,7.29,14.8,18.45,10.57,6,15.52,13.86,-2,16.86,14.59,21,14,17,15.08,17.59,21.35,26,16.4,,17.4,4,23,11.5,13,9.2,7.95,12.1,,20.4,,18.24,17,12.4,3.2,17,17.1,19,12,9.5,20.66,13.1,15,9,11,5.6,26.1,23.4,10.88,6,6.04,41,51,8,10,92
Northwestern,Nebraska,-6.5,-5.52,-8.26,-7,-11.9,-7.39,-9.11,-4.73,-5.36,-13,-6.5,-4,-13.28,-7,-5.9,1,-10.79,-5.26,-6.64,-7.83,-8.1,-6.05,-7.75,-12.33,-3.52,-5.09,-7.29,-14.38,-7.58,-7.21,-4,-6.03,-4.32,-4,-7,-6,-5.33,-9.85,-4.51,-6.5,-5.2,,-10.1,-6,-5,-10.9,-6.5,-4.1,-5.08,-11.6,,-7.21,,-6.97,-6,-5.9,-0.55,-13,-3.7,2,-9,-2.5,-7.24,-1.4,-3,-4,-7,-3.4,-11.9,-9.8,-10.95,-6,3.43,38,17,8,-21,55
Ohio,Akron,-3,-9.56,-9.81,-4,-12.73,-7.41,-6.41,-7.51,-13.14,-5,-6,-5,-9.98,-2,-7.65,-18.63,-0.92,-12.05,-6.59,-13.18,-4.1,-7.35,-5.27,-5.33,-8.63,-6.72,1.68,-9.04,-6.03,-5.51,-13,-6.33,-6.79,-4,-3,-6,-3.28,-9.64,0.35,5,-8.1,,-3,-7.67,-4,-6,-3.5,-9.2,-2.73,-8.4,,-1.22,,2.43,-2,-4.1,-11.18,-5,-7.7,-5,-4,-6.25,-5.54,-3.2,-7,-1,-3,-10.2,-5,-10.9,-9.53,-6,3.89,20,23,8,3,43
Ohio St.,Rutgers,21.5,21.08,7.88,17,18.38,16.14,16.51,20.58,17.14,15,12.25,11,24.65,9.5,20.39,-0.17,22.59,6.63,17.72,15.25,20.6,27.35,27.57,18.71,22.96,10.04,14,13.46,17.96,19.78,3,18.34,23.22,28,18.5,18,14.49,13.59,18.49,27.5,19.7,,32.3,19.33,19,18.3,21,23.1,23.53,20.9,,22.45,,15.73,21,18.4,14.33,19,19.2,26,20.5,15.5,18.61,12,24,13,19.5,8.1,26.1,20.9,25.1,11,6.29,17,56,8,39,73
Oklahoma,Kansas St.,7,11.33,8.87,7,11.68,11.32,8.74,5.98,7.66,15,11,14,11.7,15,13.59,1.51,12.49,5.33,10.24,9.76,9.1,5.45,8.96,8.04,16.04,6.91,6.5,12.64,7.61,10.72,9,9.28,11.35,11,9.5,7,10.97,8.05,10.46,9.5,11.9,,31,17.67,12,10.1,7,8.3,7.96,5.4,,15.91,,10.91,8,9.1,8.67,28,12.4,13,2,11,9.35,12.4,7,7,7.5,10.4,9.2,8.2,9.1,3,4.89,31,30,8,-1,61
Oregon,Washington,20.5,13.5,10.33,10,13.27,10.24,10.92,11.52,11.76,10,5,13,15.72,13,12.94,1.69,12.97,4.77,11.86,9.01,19.4,11.95,18.08,11.33,23.92,8.08,15.5,13.28,10.13,15.59,12,12.13,14.12,13,19.5,9,6.52,10.77,12.26,10,15.6,,22,13.67,19,12.5,19,6.2,15,13.3,,24.81,,13.3,16,19.4,14.93,9,14,13,12,1.25,16,13.2,10,7,21,9.3,5.3,11.7,14.79,-1,4.71,20,45,8,25,65
Oregon St.,Utah,-2.5,-3.75,-3.66,-3,-2.05,-2.4,-13.62,-2.57,0.65,1,0.5,-1,-16.52,1.5,-5.4,-3.91,-1.26,-4.24,-3.91,-5.29,-3.6,-7.15,-4.48,-4.17,-0.11,-1.99,-3.5,-5.8,-5.06,-3.96,-8,-3.45,-4.8,0.01,-1,-4,-1.42,-3.63,2.72,-0.5,-5,,-10.1,-3,-3,-3.4,-2.5,-4.4,-1.98,-8.7,,-3.3,,-2.78,-3,-3.6,-5.62,-6,-5.6,1,-3.5,-2,1.81,-6.4,1,-1,-2.5,-10.8,-1.1,0.9,-18.79,-9,4.11,29,23,8,-6,52
Pittsburgh,Virginia Tech,-1,-2.24,-3.46,-10,-4.39,-0.37,0.91,-6.96,-3.52,1,-5.75,-1,-1.72,-4,-1.48,0.2,-7.65,-3.41,-3.42,-6.52,0.9,-6.05,-5.71,-11.17,-9.58,-3.77,5.8,-2.68,-6.98,-3.84,-3,-3.49,-1.03,-3,-3,-5,-4.44,-5.23,-3.62,-5,-6.4,,-5.4,-2.33,-6,-4.9,-1,-7.2,-0.84,2.8,,3.15,,-5.83,-2,0.9,1.37,-11,-6.2,-2,-6,-1.75,-6.13,-0.5,1,-2,1,-0.7,-5.3,-1.8,-0.17,2,3.46,16,21,8,5,37
SMU,Cincinnati,-13,-13.74,-11.44,-6,-11.53,-29.31,-9.02,-2.96,-18.61,-10,-7.5,-13,-19.85,-11,-7.55,-21.64,-11.42,-16.1,-11.94,-14.38,-12.9,-11.05,-13.92,2.04,-6.08,-6.25,-14.47,-12.03,-13.47,-13.08,-16,-11.53,-13.66,-11,-14,-11,-4.63,-8.02,-12.93,-9,-15.8,,-16.5,-7.33,-13,-17.6,-13,-0.8,-7.94,-22.6,,-21.93,,-5.12,-11,-12.9,-19.94,-19,-15.1,-12,-9.5,-1.25,-11.53,-7.9,-7,-7,-14,-9.1,-15.6,-2.6,-15.49,-13,5.54,41,3,8,-38,44
San Diego St.,Hawaii,8,6.54,3.83,7,1.78,6.89,0.17,8.8,5.31,4,3.75,6,-0.92,10,7.12,3.77,13.1,1.94,7.14,3.15,8.6,8.45,9.21,10.38,5.05,15.81,6.91,-0.27,14.97,9.22,-5,6.95,6.74,12,9,10,5.78,6.34,13.8,9.5,11.8,,15.9,4.67,11,17.2,8,8.2,5.77,5.8,,11.38,,10.86,14,8.6,-2.44,2,10.5,11,13.5,2.75,8.18,1.8,10,4,7.5,-4.2,7.3,11.5,-1.97,4,5.27,10,20,8,10,30
South Alabama,Georgia St.,19.5,20.39,19.33,18,24.24,16.07,16.32,20.94,21.43,23,6.25,19,20.3,16.5,16.19,20.33,17.45,11.56,18.09,17.7,19.1,20.05,19.1,-7.38,20.78,12.01,5.66,19.14,12.43,19.69,7,19,21.78,23,17,21,11.87,17.11,24.16,,25.3,,30.7,32,21,23.3,19.5,30.5,22.72,18.5,,12.23,,18.35,16,19.1,-7.46,21,24.3,25,17,11,24.66,,14,12,17.5,12.5,15.8,27.4,22.6,6,6.76,27,30,8,3,57
TCU,Oklahoma St.,11,14.42,10.21,3,10.53,17.9,14.54,2.81,10.74,18,-1,10,19.1,0.5,14.85,7.6,7.4,5.97,10.39,16.88,10.1,11.05,11.7,4.92,4.25,7.51,5.5,17.48,11.4,11.52,17,10.11,15.88,6,9.5,9,1.58,7.93,3.58,-6.5,14.7,,33,16.33,8,13.9,11,11.4,15.73,16.7,,5.58,,1.49,6,10.1,12.8,23,14.7,8,7,4.25,3.74,16.1,1,8,8.5,17.5,3.2,0.8,18.87,8,6.45,9,42,8,33,51
Texas,Iowa St.,11.5,8.28,8.45,8,11.09,11.51,9.57,9.72,3.05,18,7.25,8,9.16,8,11.27,-12.74,7.3,1.95,9.07,5.55,10.9,8.45,11.59,4.33,7.75,11.03,5.68,5.78,14.07,11.36,-2,9.58,9.9,17,12.5,11,5.91,6.89,16.29,12.5,12.1,,19.3,15.33,12,12.6,11.5,10.3,15.25,9.7,,12.51,,7.23,10,13.1,2.91,8,13.2,9,12,3.25,6.2,11.2,10,5,12.5,7.8,6.8,9.6,10,3,4.91,45,48,8,3,93
Texas St.,Louisiana-Lafayette,2.5,2.65,5.08,-1,0.11,14.03,3.51,0.89,-0.58,6,-0.5,3,1.34,-0.5,5.62,8.52,0.46,2.49,3.16,6.14,1.4,3.55,5.66,1.83,-1.21,0.46,5.25,2.7,-0.4,1.37,12,2,2.75,-6,3,0.01,-0.77,2.18,-1.49,,-2,,24,-1.33,-2,0.9,2.5,12.6,6.99,15.6,,1.53,,-1.32,-2,1.4,7.33,8,-2.1,,1.5,-0.5,1.22,,6,2,2.5,2.9,,2.2,6.87,10,5.21,34,10,8,-24,44
Texas Tech,Kansas,13,12.6,3.84,10,9.41,3.85,7.92,7.66,10.32,8,2.5,8,8.47,10.5,12.35,-2.38,17.67,5.45,9.49,8.49,11.9,9.45,13.39,12.75,5.53,8.68,11.05,8.32,8.24,10.54,5,8.81,13.72,15,14,10,5.58,8.76,11.47,17,8.7,,22,13.67,15,3.6,12,6.7,11.39,6.2,,15.9,,10.51,18,11.9,10.95,15,8.8,10,17,3.75,10.77,7.8,11,7,13.5,5.4,6.7,11.5,8.82,3,4.25,21,34,8,13,55
Troy St.,Appalachian St.,7,3.42,2.93,9,13.47,-0.17,7.52,11.68,5.21,10,10.25,4,-1.29,10,3.48,-4.19,14.89,3.73,6.07,19.82,5.9,5.35,3.75,1.08,9.82,6.98,1.1,11.77,10.32,6.45,4,5.35,1.98,8,6,5,9.24,5.3,9.82,,6.1,,-9.7,11,4,7.7,7,2.6,5.23,-6.6,,4.77,,7.98,-2,8.1,-0.76,2,10,-3,0.5,9.5,1.99,,10,9,7,7.6,37.6,12.4,1.71,-5,6.89,53,14,8,-39,67
Tulsa,South Florida,-2.5,-2.83,-0.9,3,-0.83,-2.88,-1.48,-4.35,-3.13,4,-11.5,1,-4.04,1.5,-0.31,5.7,-1.73,1.34,0.02,-1.56,-0.9,-4.85,-1.38,7.67,-4.08,2.04,1.19,2.57,-0.43,-1.59,6,-0.63,-4.24,1,1,-6,-6.55,0.44,7.32,4.5,-4.3,,23.5,-3.67,1,-5.2,-2.5,-0.4,2.96,-3,,7.14,,0.86,8,-3.1,4.63,5,-2.7,-1,-2,-9,4.54,-4.9,10,1,-2,-7.3,-3.5,-0.9,-3.48,-1,5.19,38,30,8,-8,68
USC,Colorado,20.5,23.89,18.48,22,21.59,24.85,19.24,25.67,22,20,16,24,22.8,26.5,24.52,13.18,27.43,12.44,21.37,16.3,20.6,23.35,19.14,35.04,15.88,18.85,16.66,20.56,21.57,22.57,24,21.85,22.65,29,20,20,17.62,26.82,26.88,26,26.9,,31.2,23,24,27.5,20.5,21.3,16.79,15.7,,26.1,,27.85,24,20.6,15.03,23,23.9,25,21,9,20.54,20.9,21,14,19.5,16.8,21.7,26.7,22.84,8,4.77,28,56,8,28,84
Wake Forest,Syracuse,-6,-8.94,-3.09,-6,-4.65,-2.37,-7.52,-5.73,-9.05,4,-1,-3,-14.57,-1.5,-8.8,-14.06,-5.06,-6.38,-5.18,-2.92,-7.1,-8.05,-7.96,-9.5,-1.38,-1.87,0.27,-1.77,-1.51,-8.11,-2,-5.18,-7.55,1,-3.5,-9,-3.7,-5.88,-10.91,1.5,-11.8,,13.4,-4.67,-8,-10.2,-6,-1.4,-5.62,-1.6,,-6.15,,-8.86,-7,-7.1,-4.76,-18,-11.8,-3,-2,-1.25,-8.15,-1.6,-7,-4,-5.5,1,-10.5,-5.3,-12.64,-3,4.94,30,7,8,-23,37
West Va.,Baylor,-8,-11.26,-9.1,-11,-15.9,-11.29,-10.25,-14.23,-13.31,-11,-9.5,-10,-17.63,-13,-8.71,-24.49,-16.35,-6.97,-12.68,-11.73,-8.6,-19.05,-13.27,-14.63,-4.59,-7.28,-13,-10.41,-12.45,-12.03,-18,-11.99,-10.39,-18,-9.5,-12,-12.2,-8.39,-12.75,-26.5,-16.7,,-23.7,-8.67,-12,-14.4,-9,-11.5,-10.24,-13.7,,-9.58,,-18.33,-9,-8.6,-5.02,-16,-17.6,-16,-5.5,-8.75,-11.97,-10.6,-14,-10,-8,-17.1,-11.2,-21.3,-16.63,-15,4.24,27,41,8,14,68
Wyoming,San Jose St.,-3,-0.65,1.32,-3,-5.29,-2.53,-2.44,-6.41,4.11,3,-1.25,0.25,-3.86,2,0.22,13.05,0.11,1.87,-1.26,1.86,-2.6,-4.35,-4.86,0.33,-3.87,4.44,4.35,1.66,-0.96,-2.37,-4,-2.22,-5.09,-5,0,-4,-2.71,2.59,-7.19,-1,-3.8,,10.5,-4,-4,-3.7,-3,-7.3,-6.32,-5.3,,0.9,,-5.12,-1,-2.6,4.19,8,-3.7,-4,-14.5,-1.75,3.25,1.1,-1,-2,-1.5,3.5,-5.7,-3.5,-3.68,-3,4.57,27,20,8,-7,47
Arkansas,UAB,27.5,20.98,10.18,24,16.72,14.16,16.49,30.78,21.87,10,16,16,21.38,13.5,22.38,13.63,25.14,9.92,18.85,22.84,23.4,30.05,24.25,29.79,20.1,8.47,4.73,16.21,15.11,23.61,10,19.96,17.47,27,23,28,17.53,17.74,14.74,21,26.2,18.51,27.5,,23,18.5,26.5,31.8,20.66,14,10.97,23.35,6.44,24.57,26,23.4,10.53,21,27.9,26,29,13.5,19.83,8.1,21,11,23.5,6.3,21,28.7,22.92,3,7.09,17,45,9,28,62
Auburn,South Carolina,19,20.73,18.83,16,32.72,30.88,24.23,17.69,20.69,26,12,23,29.71,14,20.41,21.11,16.64,12.34,18.95,21.89,19.6,22.35,17.73,18.61,33.7,14.13,16.5,27.07,14.82,19.51,13,18,19.48,16,16.5,16,10.5,15.98,10.65,14.5,18.9,30.11,29.1,,18,19.5,19,18.5,24.68,18.3,43.2,7.53,37.49,5.5,18,19.6,17.77,22,16.7,20,21.5,14,14.63,19.5,10,12,18,16.1,25.3,16.4,31,11,6.18,35,42,9,7,77
Ball St.,Akron,-4,0.31,-12.25,3,1.53,-3.39,-0.69,6.6,-2.58,-5,8,-6,-4.37,-4.5,-0.01,-12.31,8.26,-4.71,-0.14,-1.3,-2.1,0.01,2.99,-1.18,2.55,-4.46,2.77,-2.4,-2.1,-1.49,3,-0.8,3.52,7,-1.5,3,7.52,-4.42,6.42,16,-0.9,-3.96,6.1,,2,-5.4,-3.5,3.3,-1.03,-3.2,-18.06,-2.8,-2.91,8.83,1,-2.1,-1.1,-3,-1.5,5,-0.5,7,-3.08,-3,7,3,-2,-5.6,3.7,1.3,-2.58,-4,4.67,21,35,9,14,56
Boise St.,BYU,7,3.54,7.4,1,7.4,4.24,2.43,1.26,9.29,9,-3,7,5.49,8.5,0.22,4.26,-0.38,2.95,2.9,7.9,5.9,-0.01,7.54,11.75,2.9,3.7,3.16,4.58,4.14,1.3,3,3,1.68,0.01,6,4,-2.91,8.31,0.54,-0.5,-8.8,-0.99,16,,3,-1.1,6,1.1,8.1,1.4,-1.18,0.84,1.81,-1.72,1,5.9,3.77,6,-6.7,3,2.5,-6,5.3,6.3,1,2,7,3.9,-1.7,8.3,-1.31,-2,4.21,30,55,9,25,85
Buffalo,Central Mich.,-4,-2.29,-5.01,-5,-8.55,-3.09,-5.28,-4.9,-4.07,-5,8.25,-2,-11.18,-3,-4.11,-17.46,2.64,-4.84,-4.21,-6.26,-6.6,-2.95,-3.41,2.21,-7.56,-0.5,0.42,-7.17,-5.91,-5.82,-6,-4.16,1.51,1,-3,-8,5.27,-3.71,-3.57,16,-6.4,-12.69,4.3,,-3,-7.3,-4,-6.3,-5.01,-4,-17.36,1.48,-5.22,2.81,-4,-6.6,-2.2,-15,-6.3,-2,-8.5,1.25,-3.81,-7.9,4,2,-5.5,-6.3,-14.3,-4.2,-10.63,0.01,4.75,20,14,9,-6,34
California,Oregon,-17.5,-15.45,-13.02,-18,-21.51,-13.09,-12.03,-21.32,-17.16,-15,-10,-17,-17.38,-21.5,-13.45,-13.53,-22.4,-9.66,-16.07,-12.73,-16.9,-18.65,-16.26,-20.04,-14.65,-12.2,-11,-12.97,-13.93,-17.71,-17,-15.73,-13.99,-22,-18.5,-16,-9.53,-14,-26.62,-28,-18.8,-18.07,-27.5,,-19,-17,-17.5,-21.4,-12.21,-11.6,-26.03,-18.52,-3.24,-17.33,-20,-16.9,-8.59,-10,-17.8,-23,-13,-5,-20.3,-11.3,-17,-15,-18,-12.5,-12.4,-29.5,-19.02,-11,4.72,59,41,9,-18,100
Central Florida,Temple,7,10.68,5.35,13,9.47,5.32,6.2,14.06,16.27,6,5.5,8,5.29,10,6.55,15.29,9.94,6.11,9.28,9.38,8.1,8.45,9.36,21.96,12.33,12.48,2.19,6.76,12.66,9.08,15,9.43,8.44,11,11,12,9.43,13.71,17.21,16,10.3,3.51,11,,9,5.9,7,7.1,6.57,-1.5,7.87,14.45,6.02,18.29,10,8.1,8.66,7,12.5,9,8,6,14.45,11,11,8,7,10.7,-0.4,16.1,5.95,-8,4.65,14,34,9,20,48
Cincinnati,South Florida,10,14.43,8.49,11,16.97,10.91,11.49,12.76,12.85,16,1,13,12.74,11.5,16.36,10.31,15.62,5.97,12.2,9.43,11.6,10.25,9.4,14.04,14.58,11.46,12.34,14.55,12.99,11.99,10,12.7,12.8,16,11,9,4.48,12.15,19.82,14,14.3,13.41,27.3,,16,11.6,10,10,12.65,9.9,-8.26,16.35,12.48,11.43,15,11.6,13.46,14,13.3,16,8.5,5.5,13.36,5.5,18,10,10.5,2.1,16.3,9.3,13.38,4,4.17,17,34,9,17,51
Clemson,Syracuse,15,17.64,17.42,17,18.83,23.89,15.76,15.38,16.29,18,18.5,16,18.04,17,17.25,11.45,20.78,10.95,17.09,17.18,15.6,23.45,16.07,28.75,20.2,14.81,16.14,16.49,18.97,15.48,25,17.09,17.61,23,15.5,17,17.95,20.11,12.7,22,14.4,15.29,22.5,,15,16.6,15,16.1,19.42,17.2,12.38,17.42,4.4,21.59,17,15.6,13.16,12,14.4,22,23.5,6,18.41,18,25,9,14.5,15.5,10.5,17.4,19.46,9,3.89,6,16,9,10,22
Colorado,UCLA,-14,-17,-17.95,-16,-11.28,-16.49,-15.03,-15.81,-18.42,-9,-5,-21,-21.54,-22,-15.24,-13.18,-17.26,-10.85,-15.05,-9.56,-15.1,-16.55,-14.65,-34.57,-10.67,-13.07,-8.79,-17.3,-14.33,-15.74,-26,-15.65,-15.37,-19,-14,-17,-7.2,-21.43,-18.23,-21,-20.6,-20.84,-19,,-17,-17,-14,-12,-8.25,-9.4,-19.61,-18.84,-4.71,-15.6,-17,-15.1,-7.44,-14,-19.4,-17,-14,0.01,-19.55,-15.7,-14,-8,-14,-15,-15.3,-12.1,-20.84,-7,4.71,40,37,9,-3,77
Colorado St.,Wyoming,19.5,17.63,18.39,21,23.54,23.51,14.85,20.75,18.63,21,16.5,18,17.9,18,17.49,3.77,19.34,12.36,18.85,22.05,17.4,23.15,19.19,32.64,22.56,17.52,11.01,20.42,21.07,18.05,30,19.08,16,21,18,22,14.22,24.69,11.73,13.5,16.6,19.99,25.7,,20,17.4,19.5,19.4,17.29,20.6,21.51,15.37,4.06,18.16,16,17.4,14.77,26,16,22,23,10,18.96,21.2,22,12,18.5,17.9,21.7,25,18.36,11,4.41,31,45,9,14,76
East Carolina,Connecticut,28,27.82,27.37,30,27.38,34.85,24.48,23.93,29.02,29,17,26,25.83,26,27.27,27.72,26.82,20.26,26.19,33.95,29.6,30.95,24.87,28.61,29.9,21.35,22.97,29.61,26.62,28.5,27,26.91,24.76,23,26.5,28,18.59,33.29,28.86,27,31.1,28.45,28.8,,26,29.4,28,27.7,28.14,27.5,42.33,22.83,50.09,24.77,19,29.6,19.79,36,26.1,26,23.5,14,25.35,32.4,21,12,28.5,28.3,20.3,33.4,29.92,16,4.85,21,31,9,10,52
Eastern Mich.,Northern Ill.,-18,-18.12,-13.8,-20,-8.9,-16.84,-14.85,-17.12,-16.82,-7,-20.5,-14,-22.36,-18,-18.01,-16.24,-24.74,-12.07,-16.36,-4.62,-18.4,-17.65,-16.99,-3.04,-12.76,-13.7,-9.97,-11.93,-15.95,-17.59,-10,-17.06,-17.67,-20,-20,-18,-15.89,-12.83,-22.34,-31,-17.9,-19.55,-13.6,,-22,-13.2,-18,-11.6,-16.98,-20.7,-6.93,-21.33,-6.3,-15.65,-21,-18.4,-12.82,-18,-17.9,-21,-15.5,-10,-18.83,-18.1,-18,-9,-19.5,-18,-23.6,-18.9,-23.23,-12,4.31,28,17,9,-11,45
Georgia St.,Georgia Southern,-17,-18.43,-21.07,-16,-17.05,-18.12,-14.91,-12.96,-18.87,-15,-1,-22,-21.78,-21,-15.89,-16.94,-19.6,-20.08,-15.73,-16.36,-15.9,-13.15,-16.02,1.25,-18.56,-9.46,-3.15,-17.71,-6.85,-16.42,-13,-16.71,-18.69,-15,-15,-12,-5.08,-16.72,-8.6,,-16.5,-20.43,-28,,-18,-16.7,-17,-18.8,-14.37,-23.9,-40.73,-13.22,-49.06,-8.22,-17,-15.9,-9.27,-25,-14.5,-17,-9,-3.5,-26.84,-18.8,-18,-12,-17,-17.2,-10.4,-18.5,-22.42,-18,5.53,69,31,9,-38,100
Hawaii,Nevada,-2.5,-8.82,-13.09,-7,-10.97,-6.85,-5.91,-8.85,-10.73,-6,1.5,-10,-9.15,-12.5,-6.6,-14.64,-6.37,-7.88,-7.79,-8.22,-3.6,-8.45,-6.53,-18.57,0.3,-8.81,-0.17,-10.73,-8.47,-6.02,-15,-8.34,-7.93,-7,-4,-12,-1.31,-13.97,-9.88,-3,-10.8,-13.78,2.6,,-15,-11.3,-3.5,-10,0.82,-2.8,-7.64,-3.88,-4.48,-3.95,-4,-3.6,-6.68,-4,-10.6,-8,-5,-7,-10.71,-10.6,-4,-4,-2.5,-11.5,-8,-8.8,-8.45,-3,4.02,26,18,9,-8,44
Illinois,Minnesota,-5.5,-9.36,-13.81,-10,-12.05,-13.51,-9.35,-9.74,-11.09,-9,-10.5,-12,-13.48,-13.5,-7.47,-15.23,-7.31,-10.94,-9.59,-12.64,-7.1,-10.85,-5.41,-26.46,-3.96,-7.62,-8.2,-12.09,-6.91,-7.68,-14,-9.55,-8.46,-7,-6.5,-11,-9.98,-17.66,-10.06,-8,-11.5,-14.36,-7.7,,-9,-7.5,-6.5,-11,-6.95,-8,-18.21,-1.3,-14.4,-8.71,-4,-7.1,-5.77,-13,-11.2,-11,-2,-10.5,-10.25,-8.3,-8,-3,-6,-9.2,-7.1,-17,-12.54,-8,3.36,24,28,9,4,52
Kansas St.,Texas,9.5,15.47,16.38,14,19.43,17.82,14.81,11.75,20.68,18,4,14,16.8,13,12.32,21.61,11.55,12.12,13.48,18.96,11.1,14.65,10.45,26.29,12.54,9.18,17.93,19.09,10.04,10.3,18,13.55,12.88,11,9,10,4.31,19.19,7.68,5,9.6,19.14,20.1,,12,12.2,10,16,11.86,16.9,-11.92,8.37,30.31,4.93,10,11.1,13.09,18,9.2,13,14,5.5,16.38,17.6,7,7,10,14.3,14.2,15.5,17.62,7,4.28,0,23,9,23,23
Kentucky,Mississippi St.,-14.5,-16.45,-17.79,-15,-31.25,-17.44,-16.13,-19.97,-20.6,-19,-9.5,-16,-23.36,-11,-12.96,-25.46,-15.27,-11.13,-17.36,-22.49,-15.1,-24.05,-14.99,-16.07,-23.9,-10.07,-18.42,-20.62,-11.58,-16.29,-24,-16.74,-15.47,-16,-14,-18,-11.51,-11.7,-16.68,-13,-18.1,-26.1,-22.5,,-14,-17.3,-14.5,-24.1,-15.46,-11.5,-12.84,-1.96,-47.89,-14.52,-17,-15.1,-10.51,-27,-16.8,-21,-32.5,-13.5,-14.68,-23.8,-14,-10,-14,-23.5,-17.1,-19.6,-23.11,-9,5.80,45,31,9,-14,76
LSU,Mississippi,-3,-6.26,-10.02,-6,-16.95,-8.77,-6.03,-1.93,-9.27,-7,-1.5,-10,-7.96,-12.5,-4.38,-7.23,-5.99,-6.58,-6.01,-13.33,-4.6,-6.75,-3.14,-3.04,-6.84,-4.61,-9.5,-9.04,-3.4,-4.25,-16,-6,-4.33,-1,-3,-4,1.13,-1.54,-2.35,3.5,-5,-11.95,-8.5,,-7,-4.4,-3,-5.6,-4.31,-2.1,-10.63,2.63,-24.74,1.87,-3,-4.6,-7.99,-7,-4.9,-4,-1,-1,-3.17,-12.4,-3,-1,-3.5,-13.1,-3.3,-8.4,-7.66,-7,4.00,7,10,9,3,17
Louisiana-Lafayette,Arkansas St.,-3.5,-6.27,-4.09,-7,-9.56,-10.03,-9.41,-6.5,-5.06,-6,-5.5,-1,-5.2,-2.5,-8.27,-11.59,-7.16,-6.54,-6.39,-11.57,-2.4,-9.35,-4.96,-14.86,-6.42,-5.18,-0.7,-9.08,-7.28,-2.37,-18,-6.42,-4.41,0.01,-1.5,-6,-6.98,-6.34,6.19,-5.5,0.4,-14.99,-12.3,,-1,-2.5,-4,-4.5,-9.61,-10.5,-21.96,2.35,-7.75,-4.43,-1,-2.4,-3.63,-16,0.3,-4,-6.5,-9.25,-4.96,-10.3,-7,-2,-3.5,-11.9,,-8.7,-13.59,-7,4.47,40,55,9,15,95
Louisiana-Monroe,Texas St.,2,5.23,3.76,7,3.73,-0.52,5.98,10.88,9.27,9,13.75,4,3.05,6.5,2.58,1.11,3.88,4.49,5.11,9.54,3.1,4.55,4.52,-0.43,0.01,7.83,2.66,9.52,6.26,4.26,-1,5.12,3.99,7,3.5,4,9.8,7.28,2.23,,7.8,6.27,10.5,,3,5,2.5,3.8,7.52,-3.7,-19.66,3.11,14.83,4.92,-1,3.1,-1.53,7,8.6,4,0.01,13,9.58,7.9,7,3,2,6,6.9,8.9,3.99,-8,3.92,22,18,9,-4,40
Marshall,Florida Atlantic,28,25.28,24.19,21,33.98,26.47,22.78,18.04,26.05,32,5.5,30,27.43,29,23.64,21.08,25.24,16.35,25.51,27.18,29.1,26.45,27.19,38.32,33.94,19.21,19.08,28.51,26.37,28.38,27,26.37,24.32,27,27,26,10.69,28.88,24.04,20,29.3,29.92,30.6,,25,26.3,28,26.5,25.47,38.1,31.97,24.34,13.37,17.05,24,29.1,28.37,30,28.2,28,27,16,21.13,34.4,28,18,28,31.9,29.8,22.9,27.85,23,5.31,16,35,9,19,51
Miami (Ohio),Kent,5,5.16,0.77,-3,5.04,8.46,4.5,-3.48,1.78,1,4,5,5.42,4,7.9,1.8,0.45,0.23,3.79,3.97,5.9,0.45,5.02,3.71,8.31,0.58,5.58,8.56,3.07,4.39,7,3.07,4.97,0.01,5.5,-1,1.57,3.27,-2.08,-6.5,0.4,9.04,24,,-1,2.8,5,0.2,6.99,9.2,23.43,4.39,-0.38,-0.81,2,5.9,12.39,8,-0.2,2,-2,3,2.33,12.8,1,2,7,12,7.6,-0.3,6.33,6,4.70,3,10,9,7,13
Michigan St.,Michigan,17.5,21.98,17.16,21,28.37,27.15,18.38,24.61,20.68,25,17,17,24.06,21,21.83,10.14,20.75,12.66,20.12,19.69,18.1,28.05,20.27,32.39,14.35,14.05,22,21.89,21.48,18.22,15,21,21.28,23,17,20,13.49,23.04,16.51,15,21.7,22.82,26.9,,18,18.9,17.5,26,27.25,24.6,25.94,11.24,3.15,15.21,11,18.1,14.9,25,20.6,27,17.5,13,18.53,22.4,21,10,17,17.5,27.2,28.7,24.33,10,5.01,11,35,9,24,46
Missouri,Vanderbilt,23.5,25.04,19.61,27,24.05,32.14,23.93,25.67,24.59,24,20,20,29.06,21.5,26.36,27.89,22.02,17.17,24.64,28.23,22.1,30.75,27.36,39.14,34.57,19.09,17.47,25.71,25.63,24.97,28,25.51,21.84,26,21.5,27,21.49,29.94,20.76,23,28.2,25.38,27.4,,25,26.8,23.5,35.4,21.31,23.4,-3.46,20.24,9.87,25.21,21,22.1,21.28,27,27.1,30,27,20,20.39,22.6,28,13,21,19.3,27.3,30.5,29.41,12,4.65,14,24,9,10,38
Navy,San Jose St.,8.5,1.78,0.32,3,-1.09,2.74,1.4,1.98,-3.01,4,5.5,3,2.09,3.5,3.56,-10.8,-0.82,-1.31,4.13,0.22,7.9,3.05,8.72,-3.46,3.66,5.98,6.48,1.31,6.54,8.19,10,4,4.45,8,8.5,4,5.13,-1.25,5.16,10.5,7.3,2.42,11.4,,8,12.2,7.5,2,-4.78,4,2.88,11.58,-4.86,5.9,9,7.9,9.69,7,6.6,6,6,4.5,5.87,4.3,14,5,9,3.4,6.2,-1.8,2.4,2,4.24,31,41,9,10,72
Nebraska,Rutgers,20,21.5,12.34,20,30.84,23.35,21.14,19.67,18.1,23,14,15,23.68,15.5,21.69,8.83,22.65,10.1,19.04,19.86,20.1,24.55,18.14,24.57,21,10.73,10,22.92,19.22,19.69,17,19.44,22.36,19,17,18,10.21,18.24,11.83,19,21.4,26,28.1,,17,21.2,20,20.6,25.02,22.7,21,15.48,2.03,10.87,19,20.1,18.87,27,20.8,18,18,8.5,18.06,20.8,24,12,18,16.7,26.2,22.9,26.94,12,5.16,24,42,9,18,66
Oklahoma St.,West Va.,-1.5,0.01,-4.14,4,-4.02,-3.85,-1.17,7.1,2.27,1,8.5,-2,-4.97,1,-2.3,-1.68,10.63,0.15,0.91,-2.49,2.1,1.35,0.13,0.21,-1.65,1.72,-1.3,-0.63,0.62,1.56,-9,0.62,0.77,8,3,1,14.76,0.15,5.31,21.5,3.4,-3.41,4.5,,3,0.3,-1.5,-3.2,-9.24,-6.5,12.56,5.35,-9.25,18.27,1,2.1,-2.05,-7,3.2,6,-9,10,5.61,-6.6,14,4,1,-6.8,6.5,7.5,-5.25,0.01,5.52,34,10,9,-24,44
Penn St.,Ohio St.,-14.5,-9.62,-9.37,-14,-20.81,-7.41,-13.99,-15.11,-7.64,-11,-5.5,-6,-19.17,-7.5,-10.82,0.83,-14.27,-6.23,-12.64,-13.86,-12.9,-26.75,-14.75,-13.18,-10.16,-7.44,-12.76,-12.18,-11,-13.64,-9,-12.09,-8.99,-19,-13,-17,-8.61,-9.49,-17.56,-15,-15.1,-19.76,-8.3,,-14,-14.4,-14.5,-23.8,-15.18,-15.2,-7.31,-4.94,-1.2,-8.85,-12,-12.9,-7.26,-19,-13.4,-20,-21,-17,-8.98,-10.3,-14,-8,-14,-9.4,-11.5,-20.4,-19.8,-7,5.27,31,24,9,-7,55
Pittsburgh,Georgia Tech,3,2.99,-1.38,-3,1.25,5.89,7.37,-2.1,-1.06,1,-7,2,4.63,-1,4.3,0.64,-4.4,-0.39,1.03,0.86,1.9,-2.95,2.2,-4.18,-1.16,0.01,0.4,1.19,-2.89,1.57,2,1,5.54,-1,3.5,2,-3.36,-1.41,2.11,-4,-0.6,0.75,11.5,,1,1.6,3,-0.2,3.83,5.3,4.18,4.81,-1.2,2.66,1,1.9,5.73,-1,-0.2,-8,1,1,-1.59,1.9,4,-1,3,1.3,2.4,2.1,7.32,4,3.38,56,28,9,-28,84
Rice,North Texas,14.5,15.16,11.98,15,23.77,9.79,14.28,15.17,20.19,21,6,13,11.73,13.5,9.78,8.71,14.15,19.54,13.34,23.58,12.4,13.55,14.17,6.68,19.48,7.39,4.34,17.89,11.9,12.99,11,13.53,14.9,8,14.5,16,5.98,16.46,9.25,-1,11.6,16.48,27.9,,12,8.2,14.5,21.6,18.04,7.9,28.79,9.37,19.33,-4.8,8,12.4,10.03,19,12,16,13.5,17,16.03,16.1,11,8,13.5,15.6,16.7,17.2,11.31,0.01,5.58,21,41,9,20,62
SMU,Memphis,-23,-24.15,-26.1,-18,-34.74,-48.69,-26.14,-13.46,-24.56,-28,-10.25,-23,-38.73,-15,-22.31,-22.29,-22.2,-24.75,-23.36,-31.81,-24.1,-28.95,-27.08,-5.64,-20.01,-7.68,-10.29,-33.49,-15.96,-23.83,-31,-23.42,-23.85,-17,-22.5,-20,-8.07,-21.38,-16.36,-7.5,-26.6,-45.09,-27.4,,-21,-24,-23,-21.7,-29.6,-40.5,-50.84,-16.26,-31.95,-4.96,-19,-24.1,-27.98,-41,-27,-25,-20.5,-12.75,-17.73,-31,-13,-12,-23,-30.1,-24.8,-10.1,-39.36,-24,9.33,48,10,9,-38,58
South Alabama,Troy St.,14.5,18.82,23.09,13,26.5,17.47,16.8,14.8,21.33,29,5,20,18.25,15,16.04,17.62,15.6,21.34,17.2,16.82,15.1,23.95,20.02,-5.36,23.88,12.73,10.02,20.97,10.85,15.91,12,17.28,17.75,17,12.5,18,5.86,19.15,15.93,,18.2,21.38,26.7,,15,16.6,14.5,20,22.54,23,19.65,10.37,26.21,11.57,18,15.1,11.53,27,15.6,22,18.5,1,14.39,14.7,18,13,14,12.1,23.9,17.1,24.62,10,5.39,13,27,9,14,40
Southern Miss.,Louisiana Tech,-9,-9.81,-5.16,-7,-18.29,-13.75,-10.96,-13.02,-6.32,-3,-6.5,-6,-17.3,-6,-13.78,-7.32,-14.66,-7.29,-10.58,-16.26,-10.6,-19.55,-12.87,-12.14,-5.77,-0.5,-6.97,-16.09,-4.5,-12.02,-12,-10.15,-8.17,-8,-10,-9,-7.59,-10.96,-10.09,-14,-16,-22.53,-11.3,,-11,-19.8,-9,-10.6,-7.53,-13.8,-28.19,-5.7,-22.29,-6.78,-12,-10.6,-10.79,-17,-13.2,-17,-8.5,-12,-8.49,-10.2,-18,-7,-9.5,-9.7,-12.4,-7.6,-16.76,-10,4.83,31,20,9,-11,51
Stanford,Oregon St.,12.5,11.68,5.17,14,9.74,11.11,11.26,14.12,6.61,9,9.5,6,12.95,8.5,15.09,6.45,13.71,4.3,11.74,8.62,14.1,14.15,11.54,14.61,16.1,7.76,5.9,10.07,13.58,13.43,8,11.84,12.25,15,14,12,12.15,9.19,14.45,16,13.9,11.63,18.5,,13,11.4,12.5,10,9.12,10.9,8.1,15.13,1.29,16.22,15,14.1,13.75,11,13.8,13,17,10.5,12.18,12.2,17,8,13,9.8,23.6,13.9,14.71,6,3.62,14,38,9,24,52
TCU,Texas Tech,23,25.29,22.3,21,25.88,34.49,25.98,25.13,20.43,28,21.25,26,32.03,21,26.86,21.14,24.85,16.26,24.76,24.22,23.6,32.65,24.77,35.04,28.95,16.05,15.2,28.68,24.47,26.48,33,24.79,25.94,24,21,23,21.16,26.43,16.15,9,31.8,30.86,29.7,,21,31.3,23,28.4,22.75,30.1,50.85,16.58,19.03,18.47,17,23.6,21.41,37,30.8,26,23,22.75,18.92,27.3,28,18,22.5,23.3,34.3,24.8,32.14,17,5.39,27,82,9,55,109
Tennessee,Alabama,-20,-14.03,-16.28,-15,-13.85,-22.81,-6.67,-16.53,-16.6,-10,-10.5,-13,-16.79,-17.5,-11.59,-19.43,-21.05,-8.39,-14,-11.9,-16.4,-16.45,-16.4,-16.93,-10.62,-9.79,-14.1,-11.15,-11.22,-15.78,-9,-14.2,-11.73,-15,-16,-11,-8.88,-10.95,-16.7,-19,-16.2,-16.47,-8.9,,-15,-15.3,-19,-15.6,-17.61,-15.5,-2.8,-15.62,-28.27,-11.89,-18,-16.4,-13.58,-8,-15,-15,-25.5,-4.5,-18.83,-12,-14,-11,-17.5,-14.3,-20.3,-11.7,-15.45,-13,3.88,34,20,9,-14,54
Texas-San Antonio,UTEP,13.5,6.88,1.17,8,15.92,5.34,5.78,21.88,2.66,7,16.5,5,11.47,6,10.72,1,10.69,0.13,10.3,1.55,12.1,18.25,11.04,5.43,6.95,1.55,3.57,9.92,0.76,13.21,17,10.71,6.63,18,11,9,16.98,4.59,18.82,,18.2,11.95,20,,12,15.1,13,14,11.45,10.8,29.24,14.55,-2.05,13.44,15,12.1,11.25,7,18.6,19,21,12,10.33,12.6,11,9,11,10.5,23.5,8.8,12.76,0.01,6.16,34,0,9,-34,34
Toledo,Massachusetts,17.5,21.43,12.16,12,12.58,11.93,11.69,13.28,24.83,14,11,18,15.03,21.5,16.91,21.31,20.16,10.34,14.58,9.2,17.6,12.85,16.45,10.89,22.26,10.43,4.36,11.52,11.41,16.7,13,14,21.16,18,14.5,15,12.9,16.65,21.42,,17.5,9.38,28.4,,14,14.5,17.5,6.9,10.93,11.9,16.62,19.92,5.4,15.93,19,17.6,9.11,15,17.1,18,7.5,10.5,17.11,12.6,21,12,16.5,9,16.8,17.4,15.72,2,4.99,35,42,9,7,77
Utah,USC,1,2.25,1.21,-3,-3.98,-1.85,2.75,-0.4,3.3,3,-1.25,2,0.44,-2,-0.22,2.08,-3.3,1.97,0.51,3.08,0.1,0.01,0.62,0.39,-1.31,4.01,4,2.8,2.23,-0.92,4,0.47,3.57,-1,-1,0.01,0.06,2.29,-8.11,-2,-1.1,-1.49,14.9,,0.01,0.01,1,-1.8,1.51,2.5,-1.05,-2.8,-0.21,-3.31,1,-2.1,-0.28,4,-1.1,-2,-1,-6.5,-1.11,2.2,1,1,-1,0.5,-1.5,-2.6,1.28,5,3.26,21,24,9,3,45
Utah St.,UNLV,17.5,23.48,17.33,24,28.75,26.41,21.37,18.82,20.89,25,6.5,17,27.07,18.5,22.16,10.34,23.91,16.34,20.87,27.02,18.1,24.85,16.47,21.21,14.22,14.64,9.77,26.14,18.47,19.26,29,21.53,25.09,23,18,21,12.41,23.56,11.41,17,21.7,30.08,27.9,,22,26.8,17.5,24.2,23.41,23.1,28.83,17.46,3.33,17.71,16,18.1,16.15,29,19.4,22,18,12.5,18.87,29.4,27,14,17,26.9,20.4,19.5,30.07,9,5.73,20,34,9,14,54
Virginia,North Carolina,7,4.82,6.28,2,7.86,15.58,10.84,2.32,3.29,9,3.5,10,10.04,4,7.82,1.56,0.18,5.65,5.93,6.14,5.9,3.05,6.66,8.36,3.64,4.56,11.95,10.32,2.36,6.98,13,4.99,3.36,0.01,5.5,3,4.3,7.75,-2.7,-4.5,7.8,10.84,23.5,,5,9,7,6.3,9.31,11.8,5.36,1.97,0.08,2.91,1,8.1,4.98,11,7.8,4,0.5,-1,3.37,9.5,4,1,7,7.6,8.3,0.3,12.08,6,4.58,28,27,9,-1,55
Virginia Tech,Miami (Fla.),-2,4.17,0.85,5,0.22,6.84,3.96,1.24,1.24,2,-0.5,3,-0.01,3,5.65,0.69,3.81,3.03,2.76,1.68,1.2,0.75,3.4,1.57,-1.14,-0.36,2.01,1.2,0.43,1.21,9,2.6,5.49,3,3,-2,1.56,3.1,-1.5,6.5,2,0.01,16.6,,6,1.8,-0.5,2.7,5.02,2.5,-1.52,4.48,-0.38,3.68,5,1.1,4.82,1,2.8,5,1,1,6.5,5.8,4,2,-2.5,5.1,0.2,-5.9,5.98,2,3.15,30,6,9,-24,36
Wake Forest,Boston College,-13.5,-15.6,-14.74,-17,-21.23,-14.67,-16.07,-9.32,-13.82,-12,-4.5,-9,-21.68,-9.5,-15.85,-15.18,-11.53,-11.98,-13.16,-18.01,-11.9,-17.95,-13.15,-20.61,-9.85,-8.22,-3.44,-13.85,-12.96,-11.92,-22,-13.05,-15.06,-7,-12,-16,-4.13,-17.13,-8.02,-2,-11.1,-20.92,-7,,-12,-11.8,-13.5,-16,-17.2,-13.3,-29.44,-9.39,-4.94,-9.65,-11,-11.9,-14.77,-22,-11.3,-12,-16.5,-1,-10.86,-12.9,-8,-7,-13,-14.3,-20.4,-14.2,-21.37,-9,4.71,23,17,9,-6,40
Washington,Arizona St.,-3.5,-3.08,-5.19,-3,-2.21,-0.33,-0.32,0.41,-3.21,-3,-0.25,-3,-3.73,-1.5,-0.58,-0.52,3.32,-2.51,-1.67,-2.72,-2.4,-0.55,-0.86,-7.04,-5.8,-0.36,-6.7,-3.93,-1.09,-2.8,-13,-2.1,-4.59,1,-3.5,-2,4,-2.92,1.34,2,-2.9,-2.32,9.4,,-5,1.3,-3.5,2,-6.31,-3.9,-2.68,-0.96,-1.91,-5.48,-2,-2.4,-3.16,-3,-2.2,4,-2.5,2.75,0.54,-2.5,4,1,-3.5,-5.1,1,-3.6,-1.13,1,3.21,24,10,9,-14,34
Washington St.,Arizona,-2.5,-8.09,-14.12,-6,-9.41,-6.11,-2.07,-6.52,-13.11,-6,-1.5,-13,-10.74,-13.5,-4.59,-1.55,-6.4,-9.33,-6.45,-5.89,-3.6,-2.15,-3,-23.79,-0.29,-11.18,-12.9,-5.95,-9.34,-4.79,-13,-6.06,-5.93,-4,-3.5,-7,-3.19,-15.92,-5.51,-5,-6.9,-8.51,7.6,,-5,-11.2,-3,-5.3,-0.85,-3.9,-16.64,-1.55,-3.87,-2.06,2,-3.6,-1.89,-4,-6.2,-7,-1,-6,-9.67,-6.8,-6,-3,-2.5,-8.7,-3.9,-11.2,-8.3,-7,4.35,59,37,9,-22,96
Western Kentucky,Old Dominion,13.5,11.36,4.22,8,12.47,8.22,13.43,16.05,6.14,13,18,9,13.56,6,13.73,5.85,11.69,2.97,12.13,6.05,11.6,19.65,13.29,5.14,13.6,2.23,7.37,10.72,6.61,11.23,15,11.9,12.94,19,11,10,16.51,7.45,21.12,,11.7,13.46,29.9,,11,11.8,13.5,15.5,11.02,12,25.94,8.58,-1.33,16.55,17,11.6,9.56,19,10.8,17,21.5,14,4.2,15.2,22,8,10.5,13.8,23.3,13.9,16.66,5,5.62,51,66,9,15,117
Western Mich.,Ohio,8.5,10.61,5.04,7,13.59,13.44,9.61,11.46,7.58,15,8.5,7,9.95,6,13.23,2.64,6.81,6.35,9.18,13.52,9.9,9.65,10.31,9.61,13.65,7.34,5.26,11.34,9.01,8.77,22,8.9,10.04,12,9.5,8,7.77,9.24,2.35,-8.5,7.3,11.16,21.1,,9,2.8,8.5,15.2,12.06,12.5,-2.14,2.98,0.33,0.3,6,9.9,8.77,8,6.3,13,11.5,13.5,6.58,8.6,8,3,11,5,8.8,12.8,10.46,5,4.12,21,42,9,21,63
Wisconsin,Maryland,9.5,7.7,-0.56,4,3.33,5.57,4.55,6.19,5.85,1,9.5,3,3.18,2.5,5.92,-0.01,14.42,0.55,6.2,-2.95,8.9,4.35,8.83,0.04,14.16,2,6.1,2,6.53,9.99,-4,5.96,10.76,13,11.5,3,12.97,1.27,0.61,19.5,9.3,3.27,8,,8,7.4,9,-0.8,12.08,9.6,19.9,15.43,-2.56,20.15,9,8.9,8.36,5,8.8,9,10,9,6.84,5.5,21,7,11,3.3,7.4,3.5,5.16,6,4.90,7,52,9,45,59
Appalachian St.,Georgia St.,12,13.03,7.03,4,8.95,15.67,7.51,9.82,11.19,6,0.5,14,12.7,8.5,11.26,9.19,3.13,4.56,9.34,6.78,11.9,10.05,19.86,-0.66,21.6,4.9,3.93,11.47,7.96,11.47,-6,9,15.68,13,7,10,1.38,6.9,11.47,,10.3,9,36.3,,13,8.8,12,19.1,15.84,17.8,-15.3,5.83,33.17,4.28,8,11.9,1.89,,8.5,20,12,10.25,19.81,3.2,11,5,13,0.3,-24.8,13.7,12.62,8,7.85,0,44,10,44,44
Arizona St.,Utah,6.5,4.17,2.06,7,5.67,5.66,0.78,6.47,5.42,8,8.5,4,1.39,5,3.9,-0.01,9.95,2.17,4.61,6.22,4.9,3.65,3.02,6.03,9.84,4.19,5,6.03,5.33,4.99,4,4.19,3.42,9,4.5,8,6.12,4.62,6.82,2,4.3,2.24,-7.5,,4,3.1,6.5,7.2,6.99,3,-23.98,1.35,0.31,10.18,4,4.9,2.51,,4.1,8,4.5,11,5.49,3.4,4,4,6,3.1,4,8,-0.72,-4,3.21,16,19,10,3,35
Army,Air Force,-3.5,-4.68,-17.38,-7,-7.83,-10.77,-5.2,-3.99,-9.02,-16,2,-15,-15.33,-15,-6.64,-11.59,-2.57,-10.23,-7.99,-11.03,-3.6,-13.25,-4.17,-5.25,-0.98,-13.88,-0.65,-9.5,-15.55,-4.1,-15,-8,1.58,-2,-3.5,-12,2,-13.22,-1.66,-9.5,-2.4,-13.35,7.2,,-7,-7.5,-4,-12.4,-6.87,-11.2,16.07,-10.03,-5.76,2.66,-1,-3.6,-11.54,,-7.7,-3,-8,2,-7.54,-14.2,1,-7,-2.5,-14.6,-7.8,-9.5,-9.46,-8,5.72,23,6,10,-17,29
Baylor,Kansas,35.5,35.99,25.93,31,24.77,34.36,29.82,26.9,30.87,31,26,28,36.24,27.5,35.58,26.89,40.1,19.05,30.37,26.42,34.4,36.45,31.09,45,39.63,22.09,24.42,30.28,25.55,32.94,29,30.87,38.34,37,35.5,28,25.5,33.33,28.37,31,33.9,31.98,33.1,,34,29.3,35,25.6,33.25,36.3,29.45,24.72,23.73,31.49,35,34.4,23.13,,34.1,35,27.5,25,30.62,31,38,21,35.5,27.7,35.7,36.5,38.62,21,5.23,14,60,10,46,74
Colorado,Washington,-2.5,-6.78,-8.24,-7,-2.85,-11.41,-4.84,-9.15,-9.83,-4,-6.5,-8,-11.82,-9,-5.19,-9.6,-11.58,-6.56,-6.92,-3.81,-5.1,-7.85,-6.53,-20.66,-1.51,-11.35,-5.84,-5.8,-11.26,-5.79,-4,-7,-4.8,-12,-6,-12,-5.75,-12.33,-9.32,-3.5,-7.1,-8.89,-8.8,,-5,-7.2,-3.5,-6.7,4.22,-3.2,-5.84,-7.76,-3.31,-14.84,-4,-5.1,4.29,,-6.6,-7,-2,3.5,-9.39,-3.2,-14,-6,-4,-3.4,-5.3,-8.6,-6.23,-5,3.98,38,23,10,-15,61
Connecticut,Central Florida,-9,-17.79,-19.69,-21,-10.38,-19.51,-14.99,-16.95,-19.33,-13,-8,-15,-20.88,-16,-16.77,-23.96,-15.22,-15.28,-15.29,-15.38,-11.6,-20.25,-13.13,-16.34,-10.19,-16.11,-3.42,-14.82,-16.23,-13.98,-10,-16,-15.62,-14,-13,-18,-6.87,-21.75,-23.24,-10.5,-20.1,-17.24,-15.7,,-17,-17.9,-10,-16.2,-8.73,-11.6,-10.55,-12.93,-46.16,-20.56,-10,-11.6,-8.38,,-21.1,-16,-14.5,-4.5,-19.36,-9.7,-14,-10,-10.5,-9.9,-4,-25.6,-19,-9,4.93,29,37,10,8,66
Eastern Mich.,Central Mich.,-13.5,-14.69,-10.46,-18,-8.67,-15.9,-12.64,-16.34,-11.99,-12,-11.5,-9,-20.09,-12,-15.42,-14.71,-18.51,-11.15,-14.32,-10.17,-15.1,-17.65,-17.78,6.5,-29.4,-3.59,-6.05,-12.61,-11.44,-15.27,-12,-15,-14.81,-15,-15.5,-16,-10.25,-8.6,-19.4,-10.5,-16.5,-19.4,-16,,-16,-15,-13.5,-14,-17.02,-18,-3.69,-15.48,-4.91,-8.4,-16,-15.1,-15.56,,-16.3,-19,-17,-10,-16.77,-17.5,-14,-8,-14,-16.1,-19.2,-14.6,-19.25,-9,4.43,38,7,10,-31,45
Florida Atlantic,UAB,4.5,0.01,-1.35,3,-0.66,-4.84,-1.48,10.22,5.15,-1,4.5,-2,-4.62,-1.5,-3.11,1.88,2.88,-0.72,0.31,3.68,0.2,2.65,-0.77,1.53,1.07,-0.84,-3.69,-1.76,-1.37,0.18,-2,-0.7,-1.23,6,4.5,8,0.75,1.04,3.19,0,0.01,-6.6,7.7,,2,-1.7,3.5,9.9,0.71,-8.9,0.89,-5.56,0.3,9.54,2,-1.1,-5.88,,0.6,5,-2.5,4,3.5,-8.7,3,-1,,-11.1,-0.7,13.2,-4.52,-7,4.85,31,28,10,-3,59
Florida Intl.,Rice,-6,-7.01,-5.23,-7,0.55,2.57,-0.28,-9.81,-6.02,-10,-11,-4,-2.82,-4,-4.82,3.64,-8.98,-3.31,-3.84,1.56,-4.9,-7.35,-4.72,-7.38,-8.87,-3.8,3.19,1.06,-3.06,-5.33,6,-4.72,-9.09,-11,-7.5,-6,-10.25,-5.31,-6.91,18,-5.4,1.26,-6,,-6,-1.9,-6,-4.4,-4.67,2.2,-7.8,5.36,1.48,-1.61,-8,-4.9,3.83,,-6,-10,-5,-5.5,-11.25,5.9,-7,-5,-6,7.7,-3.6,-13.9,-1.05,-1,4.84,31,17,10,-14,48
Fresno St.,Wyoming,14.5,10.68,3.27,11,7.12,6.64,7.15,10.74,9.15,7,4.5,8,6.55,7,10.39,1.8,12.51,4.11,9.06,8.37,11.4,9.65,13.26,6.81,13.94,7.56,1.09,4.7,11.9,11.57,8,9,11.64,14,10.5,11,3.75,6.89,12.89,9,11.3,1.95,25.4,,13,13.8,13.5,5.8,11.5,9,10,2.49,0.27,21.1,13,11.4,4.87,,11.7,11,12.5,1.5,12.04,5,17,6,12.5,2.6,3.5,13.8,6.51,5,4.70,45,17,10,-28,62
Georgia,Florida,11,11.63,11.77,14,17.12,19.83,12.35,18.8,10.03,16,10,14,18.17,15,13.78,1.68,15.8,9.56,14.87,17.69,13.6,23.6,11.29,15.31,25.83,8.69,11,18.33,13.16,13.27,21,14,9.46,21,13,14,11.5,11.58,18.49,10,15,16.83,26.6,,13,12.3,11.5,24.9,14.07,15.9,1.19,15.86,0.84,10.37,10,13.6,13.56,,15,25,21,13,13.51,15.1,15,10,12.5,11.6,11.2,19.7,15.46,13,4.76,38,20,10,-18,58
Georgia Southern,Troy St.,24,25.8,29.2,21,24.93,27.41,23.8,21.3,26,38,6.5,34,34.23,29,26.39,22.58,22.81,19.29,24.55,28.06,23.4,30.65,28.33,8.94,34.65,17.15,14.07,28.7,14.63,23.48,28,24.24,23.28,24,23,23,4.5,26.69,12.18,,21.4,31.48,34.6,,22,21.6,24,29.4,27.73,36.6,36.63,24.24,31.02,8.68,27,23.4,23.94,,17.5,30,25.5,16,20.08,27.9,32,19,26,23.7,34.6,19.4,34.49,21,6.84,10,42,10,32,52
Georgia Tech,Virginia,4,8.73,10.25,7,10.87,5.8,5.17,9.65,11.38,15,4,12,6,14,6,3.15,11.51,6.33,7.61,10.3,4.6,8.25,6.98,11.59,7.27,8.12,4.3,10.8,9.17,3.76,10,8.12,8.26,14,4.5,4,5,12.61,7.66,2.5,0.3,8.19,20.6,,9,0.7,5,9.8,8.99,5.2,2.27,1.73,1.32,-0.97,8,2.4,6.47,,0.5,10,9,0.5,9.58,8.2,7,6,3.5,6.5,7.1,8.5,5.13,0.01,3.97,10,35,10,25,45
Hawaii,Utah St.,-2.5,-7.33,-11.17,-8,-3.72,-11.5,-4.62,-9.06,-10.81,-5,-4,-8,-8.84,-11.5,-4.31,-10.49,-10.66,-8.48,-7.41,-9.04,-4.1,-9.75,-0.42,-19.84,-0.76,-11.61,0.73,-5.59,-9.48,-5.8,-6,-8,-6.29,-12,-2,-8,-4,-13.6,-10.58,-1,-11.7,-6.46,-9.4,,-11,-14.8,-3.5,-9.7,-3.66,-4,-4.51,-7.08,-4.09,-6.8,-1,-4.1,-1.81,,-10.2,-7,-2.5,3.5,-9.98,-6.9,-8,-6,-3,-7.7,-4.2,-10.9,-5.62,-5,3.73,35,14,10,-21,49
Idaho,Arkansas St.,-17,-16.09,-14.13,-17,-10.56,-13.64,-15.6,-15.6,-16.99,-11,-14,-16,-21.16,-18.5,-17.62,-25.53,-19.32,-13.27,-15.1,-12.62,-13.4,-18.05,-15.76,-1.88,-9.88,-12.98,-1.31,-15.51,-19.15,-13.1,-13,-15.51,-12.29,-19,-15,-16,-14,-14.64,-10.97,1.5,-12.7,-20.9,-21.3,,-16,-10.4,-17,-11.2,-14.02,-14.4,-22.82,-19.59,-18.99,-14.2,-16,-13.4,-1.58,,-12.5,-18,-22,-12.5,-18.8,-13.8,-14,-10,-14.5,-14,-19,-22.3,-18.64,-7,4.43,44,28,10,-16,72
Iowa,Northwestern,3,7.32,3.23,4,1.22,10.37,3.51,8.28,8.67,10,5,4,2.34,5.5,4.83,1.07,2.99,5.38,4.99,6.32,5.1,5.05,3.6,8.91,-0.58,6.56,9.18,3.14,2.23,4.54,3,5,8.2,6,5,5,4.25,8.49,3.96,-2.5,3.2,-1.18,12.3,,7,9.3,3,8.4,5.17,6.3,-24.46,2.7,0.59,8.56,6,5.1,0.62,,4.1,7,7,3.5,7.01,3,7,1,4,1.5,2.8,8.6,1.01,2,2.94,7,48,10,41,55
Iowa St.,Oklahoma,-15.5,-18.4,-20.24,-15,-12.72,-20.08,-17.7,-11.13,-16.15,-23,-5,-22,-22.23,-20.5,-17.5,-15.91,-15.19,-12.97,-15.83,-14.3,-15.4,-13.75,-17.63,-23.25,-19.79,-10.72,-12.23,-16.92,-11.61,-16.11,-19,-15.91,-20.18,-17,-16,-11,-5.25,-17.91,-18.3,-17.5,-16.1,-23.55,-31.7,,-20,-17.4,-15.5,-14.4,-12.49,-18.5,-34.57,-16.09,-21.99,-10.36,-14,-15.4,-9.82,,-17.1,-14,-11.5,-5.5,-19.77,-17.5,-14,-11,-16.5,-15.7,-15.7,-9.3,-22.11,-13,4.62,59,14,10,-45,73
Kansas St.,Oklahoma St.,13,17.65,14.06,14,18.65,20.73,16.24,16.77,16.18,19,-2,16,17.37,11.5,17.82,19.96,13.13,8.3,14.88,17.26,13.9,17.05,12.35,17.28,16.89,9.15,13.8,16.4,16.2,13.63,20,16.18,17.45,13,13.5,12,-2,14.17,11.19,11,12,18,29,,11,16.2,13,22.1,18.86,16.8,20.96,11.74,23.85,5.83,11,13.9,14.33,,11.3,19,15.5,13.5,13.68,19.7,7,8,15,17.7,17.7,17.3,20.1,9,4.70,14,48,10,34,62
Louisiana Tech,Western Kentucky,7.5,9.86,7.23,3,10.2,10.47,7.88,8.24,9.22,6,4.5,15,12.57,12.5,11.85,10.48,8.63,7.48,8.6,13.86,8.1,12.65,10.85,21.09,3.28,7.15,5.09,15.31,6.76,8.28,-1,8.05,8.05,1,5.5,10,7,14.66,-0.13,,9.9,13.49,34.3,,8,15,7.5,7.9,11.78,6.8,27.54,13.56,14.75,-1.63,5,8.1,4.82,,8.2,8,10,13.5,8.82,6.5,3,5,7,2.6,12.7,7.6,11.26,2,5.37,10,59,10,49,69
Louisiana-Lafayette,South Alabama,7,8.41,2.6,3,5.53,2.24,2.95,6.72,8.14,4,-1,6,5.51,6.5,6.95,16,3.3,1.01,5.53,5.7,5.4,5.55,3.92,12.94,16.21,7.45,-0.35,3.95,12.45,6.08,-2,5.51,9.63,8,5.5,9,-0.37,5.47,10.45,,5.7,2.87,9.4,,6,3.2,7,7.7,2.69,0.01,-1.07,-0.79,6.69,3.52,10,5.4,11.71,,6.1,8,14,2,5.32,2.9,4,2,6.5,0.2,4.9,7.2,3.5,-2,4.13,9,19,10,10,28
Louisville,Florida St.,-4,-4.34,-8.02,-6,-0.89,3.91,0.23,-10.31,-9.79,1,-5,-5,-8.08,-4.5,0.73,-22.44,-9.93,-4.12,-4.82,-0.98,-4.6,-9.45,-4.94,-9.19,-0.8,-11.24,-11.75,-1.05,-8.43,-6.04,-5,-5,-5.29,-8,-7,-12,-7.25,-3.68,-7.42,3.5,-10.9,-2.74,21.2,,-5,-3,-4,-4.1,4.35,0.8,-3.29,-0.86,-24.41,-8.87,-9,-4.6,3.16,,-11.5,-6,-8.5,-9.5,-15.27,1.7,1,2,-3.5,-0.7,-5.9,-10.8,-0.65,3,6.28,42,31,10,-11,73
Memphis,Tulsa,24.5,26.28,24.33,22,26.87,33.25,26.27,25.46,22.66,30,21.5,29,27.14,22,29.25,15.59,22.02,17.5,24.12,26.81,23.4,29.25,27.29,19.22,27.39,14.78,13.89,30.02,18.23,24.08,23,25.2,25.2,24,21.5,23,18.5,27.04,19.1,16.5,28,33.19,35.1,,23,22.4,24.5,25.4,25.72,33,21.37,28.88,23.08,14.04,20,23.4,21.43,,27,27,25.5,18,20.53,30.6,18,13,24.5,26.5,27.5,24.1,32.89,17,5.39,20,40,10,20,60
Miami (Fla.),North Carolina,16,10.87,9.5,7,14.58,15.2,12.84,9.95,9.83,16,8.5,15,12.07,12.5,11.66,1.33,11.52,7.32,11.09,13.29,13.9,8.65,9.36,11.25,9.47,5.82,9.01,16.93,11.72,10.69,13,10.54,10.28,11,11,7,4.5,11.29,10.4,10,8.4,18.02,34.7,,12,11.1,15,10.5,14.76,15,14.09,13.7,0.39,5.06,8,13.9,10.54,,8.2,10,9,11.5,11.98,12.7,8,5,15,9.5,21.3,8.6,12.6,7,4.65,20,47,10,27,67
Miami (Ohio),Western Mich.,-6.5,-9.12,-12.9,-7,-5.83,-10.92,-7.09,-6.4,-11.9,-15,3,-12,-9.21,-13,-6.87,-13.1,-6.15,-9.66,-7.42,-9.01,-7.6,-6.75,-5.15,0.84,-9.04,-8.01,-0.84,-6.06,-5.11,-6.64,-11,-7.8,-8.1,-7,-6,-7,-1,-9.92,-4.15,-3.5,-8.6,-7.8,-13.2,,-8,-7.9,-6.5,-8.7,-7.57,-9.4,4.93,-3.07,-4.66,-0.73,-5,-7.6,-0.88,,-8.2,-8,-10,-1,-9.13,-4.8,-4,-2,-6.5,-3,-6.1,-13.5,-9.75,-7,3.58,41,10,10,-31,51
Michigan,Indiana,7,4.14,4.96,3,11.41,4.77,6.7,3.43,1.94,10,2,6,5.11,4.5,4.63,13.35,9.93,0.3,6.05,5.46,5.9,2.05,7.71,5.94,4.33,3.74,4.04,10.91,6.04,6.54,7,5.51,5.48,7,8,7,4.25,6.15,5.51,12.5,5.6,11.48,16.9,,8,9.4,7,3.7,11.59,4.9,22.48,9.1,0.54,9.72,10,5.9,3.24,,4.9,4,14,6,6.36,0.5,7,3,7,-3.4,6.6,5.5,7.7,0.01,3.63,10,34,10,24,44
Middle Tenn.,BYU,-3,-5.79,4,-6,4.78,2.24,-2.49,-5.01,-1.97,7,-8,4,-3.56,4,-7.89,-5.8,-10.56,-0.42,-3.27,3.51,-5.1,-2.95,-7.32,-1.62,-7.72,-0.78,-0.42,1.39,-2.33,-7.1,-16,-3.21,-6.54,-7,-7,-4,-11.75,0.71,-3.63,-4.5,-15.4,-3.21,19,,-9,-3.4,-3,0.01,-0.01,0.5,8.81,-3.51,-1.12,-16.38,-11,-5.1,0.99,,-13.4,-7,-5.5,-5,-10.05,-0.8,-3,-5,-4,-0.5,-3,-0.5,-4.08,0.01,5.86,27,7,10,-20,34
Mississippi,Auburn,1.5,2.99,2.5,4,5.26,3.94,3.82,1.24,-1.7,7,2.5,7,2.41,10,6.35,-3.24,3.19,2.81,3.55,5.61,1.4,4.65,4.47,3.19,-1.09,2.64,-1.5,3.24,7.14,2.45,3,3,3.48,4,3,2,0,3.63,1.74,2,2.7,1.45,22.6,,1,4,1.5,6,4.39,2.3,8.73,0.01,-20.77,1.01,2,1.4,9.65,,2.7,5,-1,1.5,-1.74,4.9,6,1,2.5,2.7,3,3,3.24,5,3.63,35,31,10,-4,66
Mississippi St.,Arkansas,11,17.64,19.54,11,9.19,18.61,12.44,14.37,24.84,18,10,25,16.36,20.5,10.95,28.29,13.75,12.79,14.59,16.86,11.6,12.95,11.15,16.84,13.89,20.41,24.2,13.23,16.25,13.01,16,14.37,18.11,11,11.5,15,7.5,14.88,14.37,13,15.4,10.72,22.6,,10,14.7,11.5,14.1,9.7,8.2,20.49,10.98,70.97,14.38,9,11.6,11.9,,14.8,15,5,2,18.72,18.2,10,6,10.5,18,12.7,19.1,13.61,7,5.09,10,17,10,7,27
Missouri,Kentucky,8,9.07,5.15,13,8.31,9.41,7.62,16.3,10.03,10,11,9,7.91,10,9.57,4.41,18.43,5.14,9.9,7.93,8.1,11.85,13.2,11.25,0.31,7.56,5.75,9.7,6.63,8.17,12,9.07,7.15,18,7,9,13.25,9.51,14.38,13,8.8,8.49,22.3,,12,8.3,8,8.4,7.41,5,7.21,10.8,-0.16,18.84,13,8.1,6.2,,9.2,16,14.5,2.5,10.61,6.5,24,7,7,2.4,10,16.8,7.73,3,4.68,10,20,10,10,30
Navy,Notre Dame,-14,-20.64,-14.6,-23,-16.28,-15.1,-16.68,-17.64,-21.05,-16,-9,-15,-24.1,-14.5,-19.15,-18.43,-22.75,-14.49,-16.75,-15.19,-15.1,-20.05,-16.94,-30.81,-12.25,-15.88,-16.25,-15.14,-18.61,-16.75,-16,-16.28,-19.54,-14,-15.5,-20,-9.75,-19.25,-12.77,-6.5,-20.8,-20.18,-21,,-12,-19.5,-14,-13.5,-17.11,-10.3,-9.01,-14.98,-15.76,-16.86,-16,-15.1,-8.88,,-21.7,-20,-11,-12.5,-19.14,-15.7,-11,-8,-14,-17.6,-15.2,-26.3,-23.96,-7,4.20,49,39,10,-10,88
Nebraska,Purdue,22,22.11,21.73,21,20.44,29.02,20,23.79,22.83,26,23.5,26,24.44,26.5,22.44,16.76,28.9,14.12,23.01,22.81,22.4,22.65,23.84,35.59,20.46,19.63,16.21,27.45,22.56,23.02,23,22.97,19.33,28,23.5,20,17.75,26.65,24.37,18.5,26.1,30.23,33.2,,24,25.5,22,20.7,23.24,24.6,10,24.66,4.26,30.27,24,22.4,14.74,,23.9,22,26,13.5,22.9,21.4,28,14,23.5,19.2,32.1,27.5,22.97,13,4.43,14,35,10,21,49
Nevada,San Diego St.,3,7.07,10.81,8,9.19,7.33,9.26,9.56,8.02,11,5.5,9,13.03,10,8.04,11.35,11.55,6.28,8.6,9.15,4.1,7.55,8.08,17.75,6.95,5.78,0.01,14.62,7.42,5.95,15,9,5.01,7,5,9,6,13.92,5.53,15,9.6,15.72,8,,12,5.1,4.5,9.5,5.66,2.3,8.8,14.97,2.93,3.52,5,4.1,13.45,,10.3,10,6,9,9.14,13.7,10,4,3,12.1,11,6.6,11.41,-2,3.55,14,30,10,16,44
New Mexico St.,Texas St.,-7,-5.29,-11.33,-3,-0.23,-8.44,-1.35,-5.77,-7.81,-1,1,-11,-6.52,-10,-2.84,-16.82,-6.47,-3.55,-5.13,-1.23,-6.4,-5.75,-7.09,13.88,-4.26,-8.15,-0.59,-2.31,-7.44,-6.51,6,-5.39,-4.92,-6,-8.5,-10,3.87,-4.06,-12.6,,-7.9,-5.39,12.3,,-7,-3.2,-7,-6.7,0.01,-10.5,2.02,-1.68,-41.01,-4.51,-5,-6.4,-3.96,,-7.1,-11,-6,4.5,-12.11,2.4,-3,-5,-7.5,1.8,-5.7,-17.4,-5.34,-8,5.06,37,29,10,-8,66
Ohio St.,Illinois,28.5,24.46,18.77,20,19.28,30.06,23.4,27.58,20.62,27,22.5,27,26.41,23.5,25.13,11.61,27.64,12.12,24.85,20.67,27.4,31.55,28.42,28.94,18.35,17.72,21.93,23.04,23.61,27.06,26,26,25.32,36,28.5,25,26.25,23.6,30.17,24.5,29.9,27.15,35.4,,30,29.7,28.5,26,30.47,30.1,31.97,27.59,2.3,27.52,27,27.4,19,,27.9,33,27.5,32.5,21,17.1,34,16,28.5,13.5,29.7,31.3,27.27,16,5.70,14,55,10,41,69
Oregon,Stanford,8,8.89,13.15,7,8.06,10.43,10.22,8.92,13.01,11,5.5,9,11.09,13.5,6.46,18.66,5.71,6.65,8.59,9.52,9.1,8.55,9.92,15,4.34,9.97,15.5,11.44,8.33,8.35,11,9,6.95,6,11.5,11,4.75,11.09,4.88,11,8.2,10.41,-6.2,,9,8.9,8,9.9,6.57,9.6,13.78,11.16,2.4,5.89,3,9.1,4.58,,7.8,9,0.5,4,13.03,13,10,4,8,11.5,9.2,10.4,12.46,0.01,3.89,16,45,10,29,61
Oregon St.,California,4,5.99,0.26,4,3.29,3.6,-0.24,7.98,8.2,6,5,5,-0.28,3,3.36,0.3,11.98,1.75,4.16,4.8,4.1,3.35,5.6,2.09,0.01,4.69,-0.59,3.01,-0.52,4.2,-3,4,6.26,13,4,2,4.75,4.05,13.26,10.5,6.5,-0.5,28.1,,6,6.1,4,4.9,7.65,0.9,10.61,1.55,-0.64,6.08,6,4.1,-1.55,,6.2,12,4,1.5,5.93,-2.7,11,3,3,-4.3,1.9,5,-3.34,0.01,5.06,45,31,10,-14,76
Penn St.,Maryland,3,1.98,0.81,-3,7.37,6.99,1.69,5.09,0.12,4,-3,3,-0.32,1,2.2,2.81,6.37,-1.35,3.07,-2.2,2.4,2.75,2.77,-3.75,0.48,0.75,2.28,3.12,4.54,3.49,6,2.75,3.79,7,3,1,-2,0.84,1.81,8,4.8,4.29,8.2,,2,6,3,4.9,10.34,5,22.23,-1.4,-0.79,11.33,2,4.6,6.13,,5,6,12.5,-0.5,1.64,-1,10,3,3.5,-2.8,5.1,1,2.6,2,3.53,20,19,10,-1,39
Pittsburgh,Duke,3,-6.1,-8.64,-7,-9.97,-0.4,-2.27,-9.93,-9.83,-9,-10,-7,-8.82,-4.5,-2.72,0.21,-8.13,-5.1,-5.85,-8.49,2.4,-9.85,-6.16,-12.69,6.12,-5.98,-2,-7.78,-9.31,-2.04,-8,-6.1,-5.28,-6,0,-7,-6.5,-9.28,-8.29,-8,-7,-10.12,-9.9,,-4,-3.5,1.5,-12.5,-2.22,-3.3,-9.49,-1.14,-2.59,-6.67,-1,2.4,-0.95,,-6,,,-3,-4.24,-6,1,-4,3.5,-4.9,-2.1,-10.9,-4.23,-8,3.57,51,48,10,-3,99
Rutgers,Wisconsin,-12.5,-14.96,-5.29,-14,-7.91,-13.15,-10.79,-12.26,-10.71,1,-9.5,-6,-12.39,-3.5,-13.98,2.9,-14.27,-6.19,-9.76,-5.67,-12.1,-17.35,-11.25,-10.72,-14.29,-1.44,-0.7,-5.75,-6.36,-11.35,-10,-10.79,-18.87,-14,-13.5,-9,-9,-7.28,-2.95,1,-13.9,-12.92,-13.1,,-10,-10.7,-12.5,-8.7,-11.99,-15.7,14.74,-4.31,-0.47,-6.56,-12,-9.9,-14.04,,-14.1,-14,-17,-10,-11.27,-12.6,-11,-8,-11,-14.1,8.4,-7.3,-20.5,-13,5.47,37,0,10,-37,37
San Jose St.,Colorado St.,-6.5,-6.29,-12.7,-7,-4.5,-7.8,-5.6,-5.62,-10.22,-7,-5,-10,-10.86,-12.5,-5.88,-2.47,-5.93,-9.03,-7.46,-10.95,-5.9,-9.95,-5.66,-23.97,-4.69,-11.38,-5.55,-8.6,-10.1,-5.85,-19,-7,-3.18,-3,-7,-10,-2.75,-14.95,3.83,-3,-4.7,-11.33,-6.8,,-6,-5.6,-6.5,-7.4,1.87,-6.3,-15.3,-6.87,-4.43,-5.26,-3,-5.9,-6.5,,-4.2,-7,-4,-0.5,-10.96,-13,-8,-4,-7,-14.3,-9.1,-11.6,-8.64,-7,3.97,38,31,10,-7,69
South Carolina,Tennessee,6.5,4.13,4.04,6,3.47,0.45,-1.78,11.11,7.58,4,9,5,0.62,7.5,1.56,2.5,8.18,1.61,4.54,1.54,5.9,2.15,5.34,7.84,0.19,4.92,-0.1,0.64,4.47,6.12,5,4.92,2.93,11,8,3,7.75,6.42,17.83,5,8.7,-2.62,-15.3,,6,5.5,6.5,8.6,3.69,5.3,3.46,-3.84,1.42,13.69,6,5.9,5.01,,9.4,9,10,5.5,9.92,5.7,1,4,7,6,3.3,10.5,-3.69,1,4.86,45,42,10,-3,87
South Florida,Houston,-7.5,-8.05,-7.82,-11,-8.6,-12.19,-9.62,-15.11,-4.77,-8,-9,-8,-12.11,-6,-8.95,-8.56,-11.99,-5.82,-10.32,-8.84,-9.6,-18.45,-10.1,-10.19,-7.4,-6.84,-4.07,-8.46,-8.07,-10.36,-13,-9.3,-9.35,-14,-10,-12,-6,-9.3,-17.47,-9.5,-16.7,-11.49,-12.4,,-13,-8.4,-7.5,-18.4,-11.18,-11.8,-15.88,-8.82,-11.16,-13.29,-8,-7.4,-9.4,,-17.1,-17,-12.5,-7,-7.94,-6.8,-10,-8,-8.5,-6.5,-6,-18,-11.45,-9,3.56,27,3,10,-24,30
Syracuse,NC St.,2.5,4.82,-1.08,5,8.22,1.05,4.3,13.49,4.15,7,9,2,5.18,0.5,7.69,6.45,10.2,0.01,6.85,5.29,4.6,11.55,9,3.84,1.55,0.28,0.01,5.85,5.76,7,4,6.45,2.58,11,4.5,8,12.5,3.67,16.38,8.5,13.9,6.67,19.1,,8,9.7,3,11.21,8.03,2.5,-10.25,6.46,0.32,10.38,8,4.6,1.93,,13.8,15,6.5,17,6.7,2.9,18,3,3.5,1.3,9.2,16,5.73,-1,5.05,24,17,10,-7,41
Temple,East Carolina,-10,-7.09,-7.75,-10,-2.71,-7.36,-4.13,-5.52,-13.54,-2,-4.75,-5,-7.94,-8.5,-2.09,-12.48,-4.57,-7.19,-6.4,-12.75,-6.4,-5.35,-2.29,-25.06,-10.58,-7.17,-10.56,-4.28,-8.2,-6.62,-19,-6.44,-5.15,-4,-7,-9,-2.38,-12.85,-8.15,-2.5,-8.7,-6.44,13.4,,-4,-5.8,-9.5,-4.2,-7.67,-4.4,-10.92,-4.54,-6.81,-7.94,-1,-6.4,-3.44,,-5.1,-1,-1.5,0.5,-13.39,-13.3,-1,-2,-7.5,-14.3,-7.7,-11.4,-5.28,0.01,4.82,10,20,10,10,30
Texas A&M,Louisiana-Monroe,32,36.34,22.79,37,25.8,23.11,29.87,32.3,35.38,30,20.5,26,36.3,24,35.59,25.81,37.33,18.35,29.63,36.82,31.9,32.85,39.21,39.16,42.48,17.41,12.91,31.19,25.08,31.99,15,31.19,35.07,36,31.5,32,21,31.21,26.73,23,32.2,34.71,32.9,,32,28.9,32,30.2,27.46,27.1,36.97,27.56,24.2,33.73,36,31.9,21.96,,32.4,32,32,24,31.01,31.2,56,16,33,28.7,33.9,30.4,35.1,11,7.73,16,21,10,5,37
Texas Tech,Texas,-3,-1.35,-0.63,-3,-0.99,-7.08,-3.6,-4.81,3.18,-2,-4.5,0.25,-4.49,2,-2.74,1.31,-4.76,0.82,-3.45,2.79,-6.8,-8.75,-5.94,-4.72,-7.62,0.62,3.1,-1.09,-8.98,-6.84,-1,-3.57,-3.57,-8,-5,-6,-7,-0.99,-6.43,-8,-10.5,-4.97,-7.6,,-1,-11.6,-3,-2.7,-2.51,-3.8,-13.74,-1.64,1.45,-10.48,-1,-1.1,2.64,,-10.1,-7,-1,-4.5,2.15,-4.2,-14,-3,,-4.9,10.7,-6.4,-6.28,-4,4.39,34,13,10,-21,47
Tulane,Cincinnati,-6,-10.59,-10.59,-6,-5.59,-3.86,-7.69,-5.74,-9.65,-6,2,-10,-13.01,-10,-9.58,-13.04,-9.25,-7.2,-7.31,-7.21,-5.6,-6.55,-7.48,-8.75,3.83,-10.33,-8.53,-7.93,-10.35,-6.42,4,-7.6,-11.21,-6,-3.5,-5,2.25,-10.3,-5.15,-3.5,-9.6,-12.39,-6.9,,-11,-11.7,-6,-5.2,-2.72,-4.4,-9.69,-9.72,-33.55,-2.28,-5,-5.6,-8.87,,-7.6,-7,-7.5,2.5,-11.32,-3.3,-10,-4,-4.5,-3.4,-11.1,-11.1,-10.79,-6,3.93,38,14,10,-24,52
UCLA,Arizona,7,4.9,0.99,3,0.51,4.96,5.79,-0.64,4.29,1,2,5,2.09,5.5,5.73,3.6,7.6,0.32,2.61,-1.31,5.9,0.35,5.65,1.28,9.1,2.91,0.01,5.18,-0.63,4.51,-1,2.91,4.46,3,4.5,2,0,2.91,4.53,-4,3.7,1.72,20.3,,5,-1.9,6,-8.1,5.81,-0.01,-0.04,5.2,-0.52,4.27,6,5.9,5.99,,4.8,1,-3.5,-4.5,7.27,0.5,4,2,7,-2,4.9,-5.3,2.72,-5,4.16,7,17,10,10,24
UNLV,New Mexico,1,-1.74,-1.53,-1,-0.34,-4.67,-1.54,7.59,0.52,1,5.5,1,-2.08,3.5,-1.6,2.6,5.1,-4.39,0.55,-3.16,1.2,0.15,3.39,6.75,4.41,3.35,-1.27,-2.03,0.88,1.17,-8,0.52,-3.6,9,0,1,7.25,0.77,5.95,0,3.4,-6.33,10.3,,1,-3.2,1,3,0.34,-3.6,-12.37,-4.37,-0.06,10.68,2,1.1,-2.18,,2.3,6,7.5,4,3.04,-5.7,-1,-2,0,-8.2,-4.1,6.7,-6.11,-3,4.37,31,28,10,-3,59
UTEP,Southern Miss.,7,9.01,6.66,7,7.76,13.27,7.86,8.02,10.95,10,0.01,8,6.54,6.5,9.45,15.89,9.1,8.43,8.28,14.9,8.1,4.65,7.04,9.47,13.74,6.66,8.97,7.42,11.87,7.15,7,8,6.36,4,5,10,2,10.61,8.45,0.5,6.3,5.92,15.9,,6,6,7,11.7,8.14,11.3,-14.53,2.63,13.59,9.98,9,5.9,8.44,,5.9,6,3,3,7.95,10.6,11,3,7,11,14.3,10.3,6.3,3,3.35,14,35,10,21,49
Vanderbilt,Old Dominion,7.5,7.19,1.21,8,9.34,-4.61,8.55,21.26,4.16,7,14.5,3,6.26,1.5,8.15,-3.07,14.4,0.16,7.64,1.46,8.1,18.65,9.64,2.81,4.06,3.22,-0.58,5.11,4.76,8.55,8,7.84,8.62,17,10,15,12.25,5.27,14.59,,11.6,7.84,8.4,,7,7.2,7.5,9.5,3.95,1.5,0.44,5.47,-2.33,13.89,12,5.9,-4.58,,13.8,16,20,8.5,5.57,10.8,11,4,7,9.8,6.4,19.9,10.41,-7,6.14,28,42,10,14,70
Virginia Tech,Boston College,2.5,5.98,1.13,4,2.57,3.74,4.35,0.86,5.41,2,1.5,2,3.14,2,5.11,3.9,5.77,0.82,3.46,1.89,4.6,-1.65,5.66,2.09,5.56,0.66,1.87,4.07,-0.14,5.82,4,3.36,6.96,4,5,0.01,3,2.55,7.97,11.5,10.2,3,11.6,,8,11.3,2.5,-2.1,3.36,1.7,-9.15,4.07,0.06,9.61,4,4.6,5.26,,10.7,3,1,0.01,8.26,3.7,6,1,3.5,1.5,1.4,-6.4,4.54,-3,3.48,33,31,10,-2,64
Washington St.,USC,-8.5,-12.81,-11.63,-10,-9.11,-17.52,-10.05,-10.19,-13.52,-11,-8.5,-14,-16.43,-15,-11.13,-0.9,-14.19,-9.27,-10.5,-9.61,-7.6,-9.75,-11.91,-20.69,-2.81,-10.95,-8.71,-10.05,-9.04,-9.76,-15,-10.62,-12.23,-11,-8.5,-8,-9.5,-15.07,-12.97,-11,-14.4,-13,-25.1,,-12,-16.1,-8.5,-11.1,-5.88,-6.4,-8.85,-7.73,-2.67,-10.62,-5,-7.6,-4.33,,-13,-12,-5.5,-2,-10.96,-7.8,-8,-6,-6.5,-7.5,-7.5,-16.6,-11.77,-7,4.08,44,17,10,-27,61
West Va.,TCU,-3.5,-4.73,-2.07,-3,-4,-7.58,-7.04,-5.13,-1.55,-4,-4.5,-0.25,-10.48,4,-4.19,-11.57,-6.98,-2.37,-5.44,-3.05,-6.6,-12.05,-6.31,-1.5,-8.49,-0.87,-2.5,-7.42,-4.91,-7.34,-8,-4.91,-7.63,-8,-5,-5,-5.5,-0.53,-5.59,-10,-13.5,-13.25,7.8,,-4,-10.2,-3.5,-3.6,-4.74,-8.8,1.17,-7.58,-0.25,-8.1,1,-6.6,-2.98,,-13,-6,-2.5,-5,-3.35,-3.3,-7,-6,-5.5,-4.7,-9.6,-4.8,-11.3,-12,4.10,31,30,10,-1,61
Akron,Bowling Green,6.5,1.42,-0.01,-1,3,7.95,5.3,-2.09,-0.96,6,-3.5,2,5.44,-1,5.27,-4.13,-3.4,0.5,2.27,4.12,5.4,0.25,5.81,-1.06,2.04,-1.76,5.74,6.58,-1.18,4.77,11,1.48,1.48,-7,5,0.01,-0.25,0.24,-2.49,-1,3.1,7.63,17.7,,0.01,9.9,6,-0.5,5.46,10.6,1.91,6.63,-0.94,-7.88,-2,5.4,7.87,,3,-2,-1,3,5.86,9.3,,,6.5,7.3,,-7.1,6.6,,5.03,27,10,11,-17,37
Appalachian St.,Louisiana-Monroe,4,4.35,-1.6,-1,9.71,8.28,1.58,2.07,1.11,1,-1.5,3,5.3,-1,6.29,-8.16,2.81,1,2.63,7.5,3.4,7.25,5.5,5.91,12.04,-6.19,2.87,5.48,-2.31,2.6,3,2.57,5.66,1,2.5,2,-2.62,1.8,-4.74,,-3.8,3.63,20.5,,4,-0.3,4,10.4,9.91,12.6,1.07,3.58,-18.49,-4.71,6,3.4,6.22,,-6.4,11,9.5,1.5,2.34,-6.1,,,3.5,-9.5,7,0.9,4.27,,5.78,29,31,11,2,60
Arizona,Colorado,17.5,19.65,22.49,17,16.64,19.58,13.96,19.66,22.74,24,12,29,21.49,25.5,17.06,11.41,22.17,13.65,19.55,17.33,18.1,18.85,18.58,36.5,19.69,19.58,18.34,20.06,20.33,18.75,25,19.58,17.4,23,16,19,12.75,26.92,20.18,19.5,20.2,19.77,35.8,,19,22.7,17.5,20.7,16.02,16.7,24.75,16.07,5.39,19.03,19,18.1,9.42,,18.9,20,16,13.5,19.33,21,,,17,18.6,21.2,22.3,20.21,,4.21,20,38,11,18,58
Arizona St.,Notre Dame,3,1.36,1.16,3,4.87,1.83,-0.91,4.52,2.89,8,9,1,2.21,2,0.61,-7.21,6.52,-0.36,2.69,5.02,1.4,3.45,2.29,4.31,-1.57,3.06,2,4.24,2.84,1.76,6,3,0.98,5,2,4,6.75,3.05,-3.82,3,3,-1.41,16.2,,3,-3,3,4.9,6.61,1.6,-4.85,-0.32,-9.49,3.28,4,1.4,-0.75,,3,5,1.5,6,5.38,4.1,,,2.5,3,-3.5,5.2,-1.99,,3.53,31,55,11,24,86
Arkansas St.,South Alabama,10.5,13.28,5.57,9,9.43,10.91,9.67,8.24,10.51,10,9.5,7,10.84,8,14.34,16.49,13.34,5.16,9.81,7.33,8.3,9.35,10.74,17.81,12.28,8.7,3.62,9.63,14.67,8.25,11,9.61,13.96,12,9,8,9.25,10.32,6.17,,5.2,10.64,19.2,,8,5.1,10.5,7.2,11.84,8.8,11,9.03,5.02,10.92,10,8,11.69,,6,11,5.5,11,9.58,11.5,,,,9.5,5.8,9.2,11.46,,3.01,10,45,11,35,55
Army,Connecticut,-4.5,-6.62,-6.43,-7,-6.71,-0.73,-5.94,-13.03,-4.5,-11,-2.5,-4,-7.16,-4.5,-6.34,1.07,-6.01,-2.09,-5.98,-4.44,-3.4,-14.3,-5.39,4.72,-0.98,-2.49,1.56,0.41,-6.4,-4.41,-9,-6.11,-7.7,-13,-3.5,-15,-4.25,-3.23,-0.25,0,-0.8,-6.33,-7.1,,-5,-0.7,-4.5,-13.4,-4.95,-5.3,-3.1,-3.03,-1.14,0.01,-9,-3.4,-11.31,,-4.4,-10,-14.5,-6,-3.23,-6.8,,,-4.5,-6.2,-8.1,-10.1,-8.86,,4.09,21,35,11,14,56
Auburn,Texas A&M,23.5,16.95,17.32,15,21.94,26.34,15.88,21.51,19.54,21,7.5,22,22.55,20,15.57,22.25,17.94,9.52,18.56,18.1,20.4,24.05,17.8,15.81,24.55,10.69,19.5,21.9,14.22,20.25,35,18.73,15.26,17,20,14,6.25,13.31,13.09,20,21.9,24.23,31.2,,17,21.3,22.5,25.6,21.65,9.6,20.15,19.72,44.54,6.94,13,22.6,15.49,,21.1,23,21,12.5,18.55,18.9,,,21.5,15.9,23.9,22,23.41,,5.48,41,38,11,-3,79
Ball St.,Northern Ill.,-3,2.38,-7.1,3,10.49,-0.22,3.5,6.12,-2.86,-2,3,-5,3.53,-7,3.18,-4.56,4.75,-2.82,1.71,6.37,-1.9,5.35,1.09,-6.66,-9.46,-6.04,-1.02,5.58,-0.35,-0.54,7,2.38,5.75,-1,-2.5,4,4.75,-3.86,0.75,10.5,0.01,7.2,21.8,,-3,1.8,-2.5,5.5,2.8,0.01,-6.18,6.32,-1.97,2.81,-4,-1.9,10.77,,-0.8,6,-2,6.5,0.57,5.1,,,-3,2.8,,1,3.88,,5.29,35,21,11,-14,56
Boston College,Louisville,-2.5,-3.58,-0.6,-6,0.44,-5.49,-2.07,-4.83,-2.73,2,-1,-0.25,-4.58,-0.5,-3.86,-0.7,-7.74,-0.68,-2.51,-0.69,-4.1,-2.95,-3.05,-1.28,-13.16,3.67,-5.43,-1.93,1.18,-4.32,3,-2.84,-3.55,-6,-3,-4,-0.5,0.36,-5.37,-5.5,-5.9,-5.38,5.7,,-5,-6.3,-2.5,-2,1.11,-1.4,-7.67,-3.54,0.08,-9.53,-3,-4.1,-1.23,,-4.3,-5,0.5,1.5,-3.95,-0.2,,,-3,-0.6,-1.8,-5,-4.04,,3.43,38,19,11,-19,57
Colorado St.,Hawaii,21,19.4,26.58,20,16.51,24.44,14.46,17.68,24.01,25,10.5,24,14.91,26,15.75,12.96,22.45,15.13,18.76,18.38,16.9,17.75,16.15,37.5,19.83,25.4,10.57,21.09,22.01,17.81,22,18.49,17.09,17,16.5,17,9,29.78,17.78,12.5,19.1,17.8,28.1,,21,18.6,20.5,18.9,14.5,15.4,29.17,14.48,6.25,12.46,19,19.1,12.96,,18.8,18,14,11,19.43,17.4,,,17,15.5,19.3,20.1,15.64,,4.42,22,49,11,27,71
Florida St.,Virginia,21,22.38,23.19,23,17.97,17.73,14.02,29.08,28.06,24,15,26,20.31,25,17.03,27.84,30.57,14.03,21.47,20.04,19.4,25.55,19.14,29.94,13.83,22.85,19.8,20.99,22.15,20.4,19,22.26,20.44,31,19.5,24,14,23.96,24.26,11,22.9,19.97,24.2,,24,17.5,21,21.7,14.9,13.8,19.38,16.16,25.48,22.99,25,19.4,13.37,,21.7,27,32.5,11,23.02,15.5,,,19.5,14.2,23.6,30.6,16.28,,5.03,20,34,11,14,54
Fresno St.,San Jose St.,1,1.32,-2.76,1,-4.28,-4.55,-0.77,-1.85,0.35,1,2.5,-1,-5.08,1,2.08,1.42,3.22,-0.52,-0.36,-3.04,1.4,-1.75,2.86,-3.22,-7.81,2.65,0.12,-2.97,1.46,0.82,-6,0.11,1.82,2,3.5,0.01,-0.5,-0.75,0.45,-5,0.01,-7.37,13.2,,1,2.6,1,-6.1,-4.59,-4.4,-5.71,-5.06,-1.21,13.21,-1,1.4,0.34,,0.7,-2,-6.5,-2,4.36,0.7,,,2,-0.4,-3.9,3.4,-3.44,,3.99,24,38,11,14,62
Houston,Tulane,17,18.97,17.76,17,19.89,19.18,18.78,23.22,16.17,24,18.5,17,20.58,15.5,19.4,16.29,20.53,12.44,19.58,20.21,19.1,27.15,18.67,18.59,25.02,16.11,12.34,18.75,15.11,19.8,11,18.88,19.81,23,17,22,12.5,21.54,17.39,19.5,24.9,20.22,26,,23,21.4,17,28.3,17.57,19,14.2,16.57,3.09,16.32,16,19.1,19.03,,24,26,27,17.5,18.15,18.4,,,18,15.6,18.2,30.4,21.16,,4.08,31,24,11,-7,55
Indiana,Penn St.,-7,-3.72,-4.54,-3,-5.75,-8.45,-5.84,-3.88,-0.34,-4,1.5,-3,-7.14,-3,-3.79,-8.55,-1.65,-2.75,-3.59,-2.83,-5.9,-2.75,-1.54,-8.69,-9.16,2.78,0.2,-3.91,-3.02,-5,-12,-3.51,-5.86,-3,-5,-4,-0.25,-4.77,-1.4,-9,-3.3,-10.06,8.4,,-5,-7,-6.5,-5.1,-4.45,-5,-29.31,-7.1,-0.95,-2.5,-4,-5.9,-3.82,,-2.3,-1,-7.5,-3,-2.11,0.4,,,-7,1.3,-6.1,-2.7,-6.53,,3.38,13,7,11,-6,20
Kansas,Iowa St.,-3,-9.16,-1.44,-7,-4.74,-1.2,-6.93,-5.29,-7.11,4,-5.5,-3,-10.61,-2.5,-8.67,-3.34,-7.36,-4.28,-5.75,-6.08,-4.6,-7.75,-5.61,-11.78,0.13,0.45,-0.77,-6.92,-4.57,-4.93,-8,-6.5,-9.87,-4,-5.5,-7,-6,-5.3,-1.36,-4,-7.1,-11.49,-9.3,,-6,-3.5,-3.5,-4.4,-0.84,-0.5,4.67,-8.34,-2.55,-13.73,-8,-4.6,-7.61,,-5.4,-8,-1,-7.5,-7.63,-8.6,,,-3.5,-10.6,-7.9,-10.3,-12.55,,3.64,14,34,11,20,48
Kent,Toledo,-14,-20.3,-16.34,-14,-9.29,-14.3,-11.92,-7.34,-21.13,-11,-9.5,-19,-18.33,-19.5,-16.5,-15.8,-14.12,-13.09,-13.09,-10.69,-15.1,-9.65,-14.12,-1.47,-21.92,-7.1,-9.93,-11,-7.38,-14.07,-13,-13,-19.63,-8,-12,-13,-8,-15.23,-9.73,-10.5,-13.7,-15.52,-22.1,,-9,-14.3,-14,-8.1,-10.55,-13,-5.21,-11.53,-5.84,-10.55,-14,-15.1,-10.78,,-13.7,-10,-10.5,-6.5,-16.35,-12.8,,,-14,-11.8,,-16.9,-18.13,,4.12,30,20,11,-10,50
Kentucky,Georgia,-10,-12.8,-8.27,-10,-7.27,-13.64,-9.81,-10.88,-11.17,-10,-7,-9,-9.71,-8,-12.96,3.39,-17.5,-5.59,-9.66,-6.31,-9.4,-12.55,-13.15,-10.91,-2.53,-4.56,-6,-10.64,-3.43,-10.18,-18,-9.9,-12.78,-16,-11,-7,-8.5,-7.59,-14.79,-11,-9.4,-17.09,-17.2,,-12,-8.6,-10,-9.3,-10.49,-10.4,-16.28,-12.8,-1.38,-14.2,-13,-9.4,-4.64,,-9.7,-14,-9.5,5,-11.34,-8,,,-10.5,-6.9,-12.9,-7.1,-13.99,,4.59,63,31,11,-32,94
LSU,Alabama,-7,-2.25,-2.18,-4,-2.43,-5.53,-0.9,-0.53,-0.84,-3,-1.5,-3,-5.91,-2.5,-2.21,4.68,-10.53,-1.36,-2.78,-2.36,-5.9,-4.85,-7.39,1.84,4.53,2.52,-5.5,-5.61,3.18,-4.63,-5,-3,-3.05,-3,-6,0.01,1,1.25,-0.01,-4,-2.3,-8.52,-9.1,,-8,-3.1,-6,-0.9,-8.5,-3.4,-6.35,-6.05,20.02,0.01,-7,-5.9,-4.13,,-2.3,-3,-4.5,3.5,-4.97,-4.5,,,-7,-3.4,-6.2,2.9,-4.4,,3.53,20,13,11,-7,33
Michigan St.,Ohio St.,4,6.69,2.63,5,3.63,6.93,1.31,5.25,8.15,4,2.5,3,3.6,3.5,4.46,14.2,1,2.28,4.13,7.54,4.6,0.25,5.06,5.41,6.07,3.61,7.5,6.09,1.61,3.89,1,3.81,6.37,-1,2,2,-2.75,4.46,-2.52,0.5,4.4,1.92,26.9,,1,2.8,4,5.2,4.8,3.5,5.68,2.2,2.29,6.05,1,4.6,-0.11,,5,3,4,-8.5,6.68,6.1,,,3.5,4.4,7.3,4,3.33,,4.41,49,37,11,-12,86
Minnesota,Iowa,0,-1.74,4.05,-2,-2.69,-3.35,1.68,-7.43,0.55,1,6.5,3,0.49,2.5,-1.36,1.49,-1.42,0.62,-1.06,-2.27,-0.1,-5.95,-0.63,2.09,-8.09,0.74,3.8,2.56,-0.01,-1.52,-6,-1.04,-3.08,-3,-2.5,-4,4.5,2.65,1.95,3.5,-1.7,-0.79,7.7,,-2,-6.8,0,-8.7,-0.88,-2.2,3.03,0.01,0.15,-5.66,-2,-0.1,0.79,,-1.2,-6,-8.5,2.5,2.82,0.01,,,-1.5,-1.8,1.5,-4.6,-1.36,,3.57,14,51,11,37,65
NC St.,Georgia Tech,-3,-4.29,-5.94,-9,-8.52,-4.92,-6.16,-10.23,-3.37,-7,-5.5,-6,-6.88,-7.5,-5.91,-1.63,-10.65,-5.82,-7.32,-6.07,-4.6,-11.45,-5.36,-9.72,-7.9,-3.07,-3.11,-6.73,-7.69,-6.26,-19,-7.25,-3.63,-9,-5,-6,-7.5,-6.96,-9.64,-7,-9.8,-10.36,-13.5,,-8,-8.3,-4,-11.7,-6.74,-5.7,-8.75,-7.55,-1.36,-6.06,-8,-4.6,-1.82,,-10.3,-12,-10,2.5,-5.72,-10.2,,,-3.5,-10.6,-4,-9.3,-8.07,,3.36,56,23,11,-33,79
New Mexico,Boise St.,-19,-21.46,-19.81,-17,-12.54,-16.44,-17.77,-18.66,-21.93,-12,-8.5,-21,-19.68,-20.5,-16.1,-9.99,-18.78,-11.63,-16.2,-13.8,-17.9,-14.35,-19.01,-32.22,-9.78,-8.27,-5.08,-16.88,-9.69,-17.08,-20,-16.94,-21.88,-17,-17,-15,-9.75,-22.36,-13.27,-13,-17.8,-22.32,-23.5,,-21,-14.1,-19,-14.8,-18.45,-15.4,-17.32,-17.01,-5.94,-23.4,-17,-17.9,-9.67,,-16.2,-16,-22.5,-8.5,-19.85,-15.8,,,-18,-14.2,-18.1,-15.3,-21.45,,4.58,60,49,11,-11,109
New Mexico St.,Louisiana-Lafayette,-17,-18.63,-19.54,-14,-12.1,-6.99,-10.34,-20.48,-21.58,-12,-8.5,-19,-18.66,-20,-11.33,-29.62,-16.53,-11.38,-14.98,-17.13,-15.4,-18.45,-15.91,-5.06,-13.19,-15.31,-0.01,-14.34,-19.66,-15.96,1,-15.96,-18.41,-17,-16.5,-22,-2.5,-17.42,-20.63,7,-19.6,-17.32,-13.4,,-18,-14,-17,-19.2,-8.6,-8.6,-4.73,-12.96,-45.23,-8.67,-16,-15.4,-6.73,,-18.1,-20,-20.5,-7.5,-18.8,-6.4,,,-16,-6,-9.2,-26.9,-14.32,,5.90,44,16,11,-28,60
North Texas,Florida Atlantic,-3,-0.01,-4.21,-6,-6.15,6.09,-6.06,-2.54,-4.7,-5,-2.5,-0.25,-4.45,-3.5,4.06,-13.42,0.66,-16.4,-2.92,-12.53,-1.9,-2.05,-0.51,9.47,-0.98,2.6,2.99,-6.93,-1.32,-2.38,-8,-2.52,1.5,6,-4,-4,-6,-3.33,1.86,-8.5,-2.4,-10.33,10,,-1,-1.5,-3,-6.5,-2.97,7.7,12.56,-7.45,-21.06,3.21,3,-1.9,3.22,,-2,-1,-6.5,-9.5,-4.12,-12.1,,,-3.5,-15.5,-4.2,-2.3,-3.94,,5.50,10,31,11,21,41
Northwestern,Michigan,-1.5,2.73,-0.66,3,-1.19,1.15,0.63,-2.74,3.79,1,4,-0.25,-1.15,1.5,2.46,-1.01,0.94,1.18,0.37,3.45,-0.9,-1.25,-1.37,-2.09,-3.87,2.06,1.53,0.33,3.81,-0.99,4,0.05,2.13,0.01,0,0.01,5.25,-0.01,-1.7,4.5,0.4,-1.54,6.4,,0.01,-2.9,-1.5,-4.2,-1.18,-0.6,11.01,-0.51,0.04,-2.57,-3,-0.9,3.8,,0.01,-2,-11.5,-1,2.33,7,,,-1.5,7.2,-4.2,-4.1,-0.8,,3.15,10,9,11,-1,19
Ohio,Buffalo,4,4.73,7.98,3,6.36,2,5.47,-0.46,7.84,9,-10,6,6.43,8,4.22,10.87,0.62,3.83,4.26,5,5.1,0.25,4.22,-1.72,1.08,8.27,2.32,8.25,6.86,4.24,-2,4.73,2.64,6,3,5,-6.25,6.66,0.97,4,3.6,6.04,20.3,,2,8.8,4,1.4,5.76,2.2,3.85,5.38,3.05,2.56,3,2.9,1.58,,3.6,-6,-3,-2.5,6.41,8.1,,,4,5.9,,2.2,7.52,,4.47,14,37,11,23,51
Oklahoma,Baylor,6,7.75,4.2,6,9.38,4.45,9.09,8.32,5.68,8,-0.5,9,7.91,7.5,7.58,1.13,6.45,3.24,6.3,7.23,4.9,3.25,5.11,3.94,9.14,0.53,-0.5,10.14,3.17,5.51,8,6.15,9.72,6,4,4,-2.25,4.78,4.81,8.5,3.3,11.36,29.5,,7,5,6,10.8,6.69,-1.2,12.11,9.56,0.2,4.6,4,4.9,8.55,,2.6,8,16,3,6.5,7.1,,,6.5,5.7,8.3,-0.4,6.31,,4.61,48,14,11,-34,62
Old Dominion,Florida Intl.,5,2.4,1.28,-3,-0.64,-1.93,-3.24,-0.77,3.24,11,-3,4,-6.18,4.5,1.07,-0.66,-0.62,-1.54,-0.36,-3.86,3.9,-7.05,2.42,6.72,-7.4,5.02,0.95,-1.67,3.37,0.51,-6,-0.83,2.48,3,3,-4,-0.5,0.95,-3.11,,-2.4,-6.94,15.8,,3,-4.1,4,-5.2,1.58,-3.1,-28.85,-4.8,-0.57,3.46,6,3.9,3.83,,-1.9,-1,-8,-1.5,5.47,-4.2,,,4.5,-7.4,1.8,-0.9,-6.26,,4.68,35,38,11,3,73
Oregon St.,Washington St.,9.5,6.55,3.89,3,3.09,7.98,1.33,4.7,9.44,8,5,7,-0.87,6,3.55,1.18,5.29,5.08,4.5,3.4,6.9,2.75,5.7,7.47,1.95,10.72,7.31,3.82,6.83,5.93,1,4.85,5.47,8,7.5,4,4.5,7.78,5.15,6,5.9,0.21,23.1,,5,5.4,8,4.1,0.6,1.8,0.72,0.86,0.01,5.06,3,6.9,-2.06,,5.4,7,-0.5,2.5,5.63,-1.4,,,8,-2.8,4,5.6,-0.96,,3.98,39,32,11,-7,71
Purdue,Wisconsin,-17.5,-18.02,-13.47,-15,-11.32,-19.45,-11.43,-18.15,-14.91,-8,-14.5,-14,-19.34,-13,-16.83,-7.48,-23.16,-9.82,-15.89,-9.34,-18.1,-19.45,-20.72,-25.03,-10.99,-9.29,-10.07,-11.79,-12.15,-17.14,-12,-15.7,-20.26,-25,-17,-12,-17.25,-16.32,-17.02,-6.5,-21.3,-18.69,-20,,-19,-18,-17.5,-15.4,-14.3,-18.9,-25.76,-14.2,-2.36,-25.7,-20,-18.1,-12.96,,-19.6,-22,-26.5,-16,-17.28,-13.1,,,-17,-14.4,-17.7,-16,-18.07,,4.50,34,16,11,-18,50
Rice,Texas-San Antonio,10,12.1,10.96,9,11.92,12.6,10.4,4.97,12,14,7.5,12,7.94,12.5,11.66,3.71,4.63,9.23,10.06,12.98,10.6,18.95,11.21,16.47,23.91,9.71,4.12,8.71,10.89,9.73,-1,9.85,11.65,14,11,16,8.75,14.76,7.05,,6.5,6.52,22.3,,8,6.6,10,21.2,15.31,8.5,-24.66,5.74,0.32,-5.17,7,8.4,2.93,,6.6,18,14,10,9.23,-0.3,,,9.5,-2,14.5,19.2,8.89,,5.70,7,17,11,10,24
San Diego St.,Idaho,20.5,17.16,12.3,20,10.82,16.87,12.27,23.32,19.85,16,19,15,13.75,17,18.47,19.66,21.57,12.82,17.28,15.96,19.4,22.65,20.93,-0.78,18.19,18.43,10.36,13.73,20.84,18.77,9,17.64,13.68,26,21,23,16.75,15.06,18.11,4.5,20.1,12.05,27.4,,19,16.1,20,21.6,16.2,16.9,15.49,10.25,15.51,24.34,19,19.4,2.63,,19.5,25,16,14.5,18.68,14,,,20.5,11.7,16.2,23.5,12.1,,4.69,21,35,11,14,56
Southern Miss.,Marshall,-25.5,-19.53,-22.54,-25,-16.83,-21.12,-18.11,-25.18,-23.07,-22,-15,-24,-24.99,-21.5,-17.86,-26.03,-21.35,-15.78,-22.45,-26.3,-25.6,-29.15,-26.47,-31.75,-25.56,-14.7,-14.85,-19.76,-20.58,-25.62,-24,-23.19,-16.17,-28,-24.5,-27,-14,-24.8,-27.79,-18.5,-31.8,-26.59,-26.4,,-23,-27.7,-25.5,-28.3,-14.37,-30.3,-22.11,-20.29,-24.04,-19.68,-21,-25,-17.52,,-30.8,-30,-23,-13.5,-23.32,-26.9,,,,-29.7,7.8,-32.4,-23.32,,6.43,63,17,11,-46,80
Syracuse,Duke,-4,-7.23,-12.4,-7,-4.64,-7.97,-4.25,-3,-9.5,-10,-4,-10,-7.6,-9.5,-3.45,-5.92,-3.25,-8.49,-6.41,-8.13,-4.6,-3.05,-2.98,-18.59,-6.57,-10.53,-7.67,-5.93,-9.71,-5.47,-13,-6.86,-6.61,-4,-4,-8,-1,-12.07,-3.66,-1,-7.5,-6.11,-6.3,,-5,-8,-4,-4.1,-0.01,-7.3,-14.16,-4.2,-3.37,-8.25,-1,-4.6,-1.69,,-7.3,-4,-0.5,0.01,-6.81,-10.8,,,-3,-11.4,0.6,-6.9,-4.77,,3.31,27,10,11,-17,37
TCU,Kansas St.,7,3.69,3.43,2,2.82,10.1,4.58,2.69,0.34,8,8.5,4,6.52,4,5.62,-4.38,6.97,1.61,5.38,3.92,7.1,8.25,7.46,3.94,2.83,5.14,3.5,7.5,5.35,6.54,3,5,4.88,7,6,6,10,4.01,3.69,16,11.7,5.89,16.5,,5,7.4,7,4.5,10.52,10.2,26.78,5.34,-12.17,1.83,5,7.1,4.08,,12,9,7,5,4.42,3.9,,,6,1.7,10.5,-1.8,5.95,,3.45,20,41,11,21,61
Temple,Memphis,-7.5,-2.13,-3.89,-5,-5.51,-4.38,-4.59,0.37,-2.53,-2,-2,-3,-8.93,-1,-3.82,-1.89,-3.39,-3.05,-3.65,-4.29,-6.4,-2.05,-4.24,-8.31,-9.31,0.35,-0.46,-5.9,-0.75,-5.56,-5,-3.85,-0.76,1,-6,-1,-2.62,-4.69,-5.34,-1,-6.1,-9.24,-9.7,,-2,-4.6,-6.5,-2.5,-8.4,-4.3,-16.86,-6.55,-1.01,1.48,-2,-6.4,-4.03,,-7.9,-3,-5,-2,-6.14,-6.7,,,-7.5,-5.4,-0.5,2,-7.49,,2.87,16,13,11,-3,29
Texas,West Va.,-3,-5.7,-9.25,-5,-4.23,-5.91,-5.26,-1.82,-5.68,-4,0.5,-6,-9.75,-9,-5.65,-14.15,-3.54,-7.17,-5.41,-7.35,-4.1,-8.35,-6.07,-12.44,-16.52,-1.62,-2.41,-7.21,-1.71,-4.67,-13,-5.45,-5.01,0.01,-4,-4,0,-7.8,2.22,-0.5,-3.1,-10.45,-5,,-4,-3.5,-3,-6.9,-3.94,-8.8,-21.9,-7.71,-20.38,11.33,-5,-4.1,-7.15,,-2.9,-4,-13.5,0.01,-5.64,-8.5,,,-3.5,-7.8,-6.1,-2.8,-9.01,,4.30,16,33,11,17,49
Texas St.,Georgia Southern,-13,-8.61,-8.32,-14,-12.35,-4.01,-11.03,-14.05,-6.99,-12,-9.5,-8,-12.67,-9,-10.14,1.15,-11.76,-8.25,-10.43,-16.62,-13.4,-15.95,-11.06,-14,-15.41,-1.91,-2.36,-13.72,-0.37,-11.46,-21,-11,-8.19,-11,-10,-10,-8.5,-10.67,3.39,,-9.3,-19.08,-25.1,,-11,-11.5,-13,-16.1,-14.51,-12.4,-22.96,-14.33,-0.33,1.78,-9,-13.4,-7.87,,-7.1,-11,-15,-10,-10.43,-15.6,,,-12.5,-14.2,-16.2,-9.7,-15.55,,5.62,28,25,11,-3,53
Troy St.,Georgia St.,7,6.13,2.04,3,7.39,6.06,4.01,9.71,4.96,1,7.5,3,2.78,3,4.4,2.24,7.86,0.63,5.26,2.39,8.1,4.85,8.04,2.69,8.46,4.36,0.71,5.9,5.46,7.21,-3,4.91,7.53,12,7,5,6.25,3.97,11.38,,9.9,2.91,17,,7,10,7,6.6,7.43,2.7,-1.62,2.92,22.1,6.8,-1,8.1,-6.19,,11.8,6,0.5,7,10.34,3.8,,,7,2.7,3.5,13.8,3.6,,4.04,21,45,11,24,66
Tulsa,SMU,14,10.83,8.99,7,14.88,24.77,10.1,3.47,11.72,17,0.01,14,16.48,9.5,7.11,19.78,11.74,20.16,12.5,20.88,12.9,12.45,16.45,-2.5,14.7,3.19,11,15.94,10.79,12.97,19,11.73,11.63,11,11,10,4,6.01,9.79,17,10.9,17.3,34.2,,9,14.3,14,10.8,20.2,19.5,15.49,14.26,30.5,0.32,12,12.9,22.57,,11.9,12,9,8,11.37,15.1,,,12.5,13.3,14.6,2.5,15.49,,6.15,28,38,11,10,66
UAB,Louisiana Tech,-3.5,-9.25,-5.79,-6,-10.87,-8.15,-6.64,-11.43,-9.28,2,-1,-6,-11.69,-5,-9.54,-8.88,-9.83,-6.24,-7.14,-11.34,-5.1,-13.85,-7.95,-18,-10.64,1.67,0.59,-11.3,-1.75,-6.81,-8,-7.98,-8.23,-4,-4.5,-8,-0.5,-10.54,-4.46,-12,-7.6,-14.68,-18.3,,-8,-11.2,-4,-11.6,-6.75,-6,-14.66,-10.9,-14.41,-3.29,-7,-5.1,-4.87,,-5.9,-14,-11,-4,-8.38,2.3,,,-4,5.6,-9,-5.5,-12.22,,4.71,40,24,11,-16,64
UNLV,Air Force,-4.5,-8.07,-16.56,-10,-7.48,-16.49,-6.97,-0.92,-11.39,-12,3.5,-16,-15.29,-15,-8.42,-4.69,-4.22,-12.75,-8.81,-11.54,-6.6,-5.85,-7.29,-10.34,-9.05,-10.92,-6.18,-13.65,-11.46,-7.62,-16,-10,-4.83,1,-6.5,-5,2.75,-15.5,0.43,-14.5,-5.2,-17.31,-14,,-10,-12.4,-5,-4.6,-6.76,-15.5,10.94,-12.94,-3.99,5.12,-1,-6.6,-6.24,,-4.5,-1,1.5,1,-13.43,-16.6,,,-6,-17.6,-12.6,-5.2,-12.87,,5.85,48,21,11,-27,69
Utah,Oregon,-10,-6.05,-7.83,-7,-6.24,-6.82,-4.21,-9.76,-6.74,-3,-0.5,-6,-7.84,-10,-4.65,-8.7,-9.68,-3.48,-6.54,-5.2,-9.1,-9.55,-10.44,-6.59,-11.19,-2.94,-6,-6.25,-5.04,-8.43,-9,-6.91,-5.57,-9,-9.5,-7,-1,-3.22,-10.16,-4.5,-9,-10.88,17.1,,-9,-9,-9.5,-11,-5.22,-6.7,-0.76,-7.87,-1.63,-5.15,-6,-9.1,-3.4,,-7.9,-7,-10.5,-1.5,-10.47,-6.4,,,-8.5,-6.8,-9.4,-7.5,-8.46,,4.11,51,27,11,-24,78
Vanderbilt,Florida,-14,-20.23,-16.9,-18,-10.55,-19.21,-16.7,-8.44,-20.31,-13,-7,-15,-25.32,-12,-19.28,-16.46,-16.35,-11.49,-15.89,-17.68,-15.6,-15.85,-18.69,-32.16,-11.69,-11.04,-12.52,-17.01,-15.75,-16.78,-20,-16.22,-18.85,-8,-15,-19,-8.75,-18.99,-7.65,-18,-19.6,-23.26,-27.2,,-16,-20.3,-14.5,-15.7,-15.68,-14.5,-41.15,-17.57,-6.49,-10.28,-15,-15.6,-13.31,,-18.5,-10,-16,-7,-18.51,-16.1,,,-14.5,-16.5,-18.3,-11.9,-25.06,,4.52,34,10,11,-24,44
Wake Forest,Clemson,-21,-26.73,-24.23,-25,-16.14,-27.43,-21.57,-20.59,-27.53,-17,-15.5,-19,-29.59,-19,-26.6,-17,-24.86,-15.05,-21.81,-21.17,-22.1,-28.05,-21.42,-33.91,-19.28,-15.65,-14.94,-19.93,-20.68,-22.56,-26,-22.61,-23.88,-23,-21,-24,-11.5,-27.15,-22.23,-15,-25.5,-25.66,-23.4,,-23,-26.5,-21,-21.3,-23.42,-18.8,-15.65,-19.49,-7.79,-23.92,-22,-22.1,-15.59,,-25.3,-25,-21.5,-7.5,-22.99,-15.4,,,-21,-14.6,-25.3,-24.4,-29.34,,4.54,34,20,11,-14,54
Washington,UCLA,-7,-4.87,-8.61,-5,-1.43,-2.99,-3.25,0.41,-5.86,1,5.5,-8,-8.85,-9,-4.25,-2.85,0.11,-2.92,-3.29,-0.9,-5.4,-1.35,-5.35,-8.22,5.74,-0.6,-4.5,-5.28,0.18,-4.4,-17,-3.77,-4.14,0.01,-4.5,-1,2,-5.39,-3.39,-6,-5.2,-6.55,-6.7,,-7,-2.6,-6.5,1.9,-5.46,-2.1,-3.51,-4.48,-2.27,3.54,-6,-5.4,-6.87,,-4.7,2,-0.5,7.5,-7.18,-6.9,,,-4.5,-7.6,-3.3,0.3,-6.83,,4.20,44,30,11,-14,74
Western Kentucky,UTEP,9.5,1.44,-2.93,2,-3.91,-0.89,0.46,1.85,0.85,1,10,0.25,1.03,-1,0.36,-3.59,4.34,-3.75,2.26,-2.58,6.9,1.35,4.67,-6.56,10.49,-0.97,4.31,0.95,-2.89,4.75,8,1.17,2.49,13,7.5,-4,11,-3.07,8.78,,4.6,-0.22,23.1,,6,3.1,8.5,-4.6,-2.03,2.3,1.93,0.49,-1.54,10.07,9,6.9,6.46,,4.5,3,-2.5,5.5,5.58,1,,,7,1.3,6.6,-1.9,-1.02,,5.09,27,35,11,8,62
Wyoming,Utah St.,-7.5,-8.75,-6.01,-10,-3.6,-11.85,-6.39,-8.57,-8.39,-5,-3.5,-6,-10.09,-6,-6.17,-8.23,-8.82,-6.47,-7.76,-9.01,-8.1,-9.05,-7.79,-16.84,-3.47,-6.93,-2.07,-4.78,-7.68,-8.19,-16,-8.11,-9.27,-12,-6.5,-8,-3.5,-9.98,-4.01,-9,-11.2,-8.48,-14.5,,-10,-15.3,-7.5,-4.7,-3.07,-8.6,-25.01,-5.98,-2.45,-13.49,-5,-8.1,-1.7,,-9.5,-7,-1.5,-2.5,-9.61,-9,,,-7,-9.5,-4.2,-13,-8.24,,3.35,20,3,11,-17,23
Air Force,Nevada,2.5,-6.44,0.32,-3,0.85,4.01,-3.11,-4.36,-3.8,3,-3.5,2,-7.29,1.5,-4.44,-3.01,-4.87,-0.57,-1.4,-0.66,1.4,-3.15,-1.66,-2.43,4.32,5.29,0.19,-1.88,5.42,-0.47,-2,-1.88,-8.47,-3,-1,-5,-5.26,-0.45,-1.5,6,-4.3,-6.01,5.7,,-4,1.2,1.5,-2.4,2.27,5,0.31,-1.58,-1.3,-11.27,-3,1.4,-2.7,,-4.4,-4,0.5,-1,-2.34,-1,,,2.5,-1.7,-0.2,-5.4,-5.79,4,3.81,38,45,12,7,83
Alabama,Mississippi St.,9.5,10.7,1.88,9,8.81,11.91,6.34,4.23,3.99,8,1,6,14,5,12.31,-4.97,13.39,1.33,7.33,3.63,7.4,8.15,12.82,3.25,5.06,-0.34,2.5,7.82,4.82,7.55,5,6.91,12.71,12,7,4,2.8,4.2,6.91,10,5.2,8.43,26.8,,11,5.8,9.5,9.3,18.53,6.2,23.66,8.66,-13.04,7.89,12,7.4,8.74,,4.6,12,11,-0.5,8.4,4.3,,,8.5,0.01,10.7,6.4,11.74,5,5.13,20,25,12,5,45
Arizona,Washington,9.5,9.27,11.5,7,8.92,8.07,6.42,8.42,8.89,13,2.5,13,7.12,12,7.48,2.55,5.42,5.96,9.06,9.14,10.1,8.35,8.58,12.82,11.59,5.91,11,9.11,7.98,9.34,17,9,9.85,9,9,6,5.4,10.78,7.59,13,9.8,8.7,16.7,,9,12.4,9.5,9.5,13.18,10.4,3.34,8.98,1.97,1.21,9,10.1,9.4,,8.6,11,6.5,12.5,9.54,13.9,,,9,13,10.4,8,10.32,4,3.08,26,27,12,1,53
Arkansas,LSU,2.5,-8.23,-6.27,-4,0.37,-7.38,-3.02,-1.72,-8.64,-1,3.5,-6,-7.14,-6.5,-5.23,-13.97,-5.71,-5.52,-3.63,-1.3,0.9,0.85,0.27,-9.11,3.49,-8.82,-6.5,0.36,-5.67,-1.35,-8,-4,-8.54,-2,1,-4,-0.4,-5.29,-5.41,2.5,-4.7,-2.82,-6.2,,0.01,-4.4,1,-1.6,0.92,2.1,21.7,0.89,-15.01,-7.2,-4,0.9,0.57,,-4.4,-2,-0.5,2.5,-5.26,0.3,,,2,-1.5,-1.4,-2.7,-6.07,-4,3.62,0,17,12,17,17
Arkansas St.,Appalachian St.,14.5,18.18,15.93,18,13.68,12.09,16.98,16.59,20.07,25,17.5,19,12.3,17.5,16.85,19.35,20.25,11.32,15.86,14.34,15.6,14.85,17.7,20.21,9.32,14.48,6.98,16.37,16.83,15.12,19,16.59,16.46,20,14,14,16.77,20.29,16.79,,16.6,17.16,32.4,,14,16.6,14.5,10.6,13.89,8.8,30.91,15.09,5.13,19.8,13,15.6,13.32,,18.4,12,5,13,15.54,19,,,14.5,15.3,16,20.1,16.92,4,4.46,37,32,12,-5,69
BYU,UNLV,26.5,30.35,23.2,26,19.35,26.25,22.87,22.49,26.19,25,12.5,28,23.97,25,29.24,8.46,30.92,16.89,24.01,21.29,25.1,23.15,29.9,19.71,27.03,14.69,15.1,27.3,17.86,25.92,27,24.96,32.12,25,23.5,22,17.23,27.59,19.62,20.5,32.1,30.79,33.8,,29,28.4,26.5,24.1,23.75,24.8,30.99,24.96,4.45,24.67,27,25.1,17.71,,29.7,28,23.5,14.5,22.55,26.3,,,23.5,24,29.7,22.6,31.81,10,5.74,23,42,12,19,65
Boise St.,San Diego St.,14,16.93,19.97,18,14.59,14.4,16.44,15.42,20.36,18,9.5,20,15.24,19.5,13.99,12.82,18.3,10.66,14.98,15.47,15.1,13.55,19.71,30.29,11.15,7.56,5.59,19.12,11.66,14.41,18,15.47,15.17,14,14,13,9.5,23.29,12.83,17,15.3,18.88,16.6,,18,11.9,14,15.9,16.32,10.3,32.11,16.46,5.18,10.02,14,12.9,17.15,,15.2,13,16,9,18.52,18.4,,,14,16.1,17.9,18.3,17.94,1,4.11,29,38,12,9,67
Bowling Green,Kent,14.5,19.81,20.04,14,11.59,17.94,11.14,13.44,21.11,18,14,24,14.36,25,16.04,13.64,13.82,13.82,14.48,12.48,13.4,12.75,13.6,0.39,16.42,18.06,6.44,12.67,16.25,13.62,4,13.9,19.52,18,13,14,11.97,18.63,13.98,16.5,12.8,10.75,27.7,,15,10.1,14.5,13.3,9.78,11.7,8.49,10.51,4.24,15.91,13,13.4,9.88,,12.3,18,7,6,14.44,11,,,14.5,9.3,,23.7,12.59,9,4.70,20,30,12,10,50
Buffalo,Akron,-4.5,-2,-5.76,-3,-1.15,-0.73,-3.08,-1.71,-3.28,-1,7,-4,-7.01,-3.5,-4.15,-9.99,1.86,-3.69,-2.45,-2.37,-3.4,-1.25,-1.37,10.39,-5.68,-3.78,0.89,-4.52,-5.77,-3.95,-5,-3,0.19,9,-3,-3,5.22,-1.82,1.27,9,-5.6,-7.59,5.9,,-1,-7.9,-4.5,-1.6,-0.96,-4.9,2.44,-2.7,-2.78,3.16,-2,-5.6,0.33,,-5.6,1,-5.5,5.5,-6.44,-5.2,,,-4.5,-7.1,,0.6,-6.38,-2,3.76,24,55,12,31,79
Central Florida,Tulsa,20.5,24.78,17.4,21,14.42,22.73,18.22,24.14,25.33,19,18,21,18.62,18.5,21.65,11.33,24.58,14.53,19.85,18.27,19.9,23.65,24.32,12.71,15.13,15.67,10.64,17.65,17.44,20.42,22,19.8,24.52,25,18,20,19.33,23.36,21.45,14,23.5,18.43,32.3,,22,16.9,20.5,18.5,16.54,19.8,22.43,16.22,3.54,22.51,22,19.9,13.9,,23.1,26,27,17.5,19.24,18.8,,,20.5,17.6,20.6,22.1,20.22,8,4.30,7,31,12,24,38
Central Mich.,Miami (Ohio),19,16.43,15.21,16,13.04,19.06,12.5,18.22,18.31,27,3.5,15,15.28,17.5,14.23,16.81,14.55,12.64,14.86,13.88,17.1,16.45,20.08,4.14,20.58,9.38,8.21,12.59,12.48,16.56,10,15.21,15.3,19,14.5,15,5.95,16.87,19.9,11,18.3,10.84,22.4,,17,17.8,18.5,19.7,19.06,15.9,8.19,10.56,3.57,8.85,15,17.1,8.47,,18.6,18,22.5,5.5,14.24,11.3,,,16,7.4,13.8,19.3,13.76,6,4.58,27,34,12,7,61
Cincinnati,East Carolina,-2.5,4.38,1.16,1,8.53,-4.91,3.01,4.15,3.55,7,-5,0.25,4.48,2,4.03,-5.46,4.59,-0.13,1.48,1.31,-1.4,0.35,-0.51,-1.86,2.64,1.28,1.15,2.93,2.19,0.23,-8,2,5.06,2,-1,3,-2.19,1.44,3.42,7,-1.5,0.74,11.4,,2,3.1,-1.5,7.6,2.48,-5.6,1.65,3.25,-0.67,-4.57,1,-1.4,6.3,,1.7,8,1,3,2.22,-5.4,,,-3,-8,1.4,4.4,1.65,-7,4.03,46,54,12,8,100
Duke,Virginia Tech,4,8.95,12.93,6,10.74,10.2,6.7,13.07,13.32,18,12,13,10.97,13,7.8,9.15,4.68,7.53,9.99,11.53,6.6,11.45,6.79,17.93,12.34,14.57,15.86,11,12.89,7.85,7,9.98,6.15,10,6.5,13,10.79,14.08,9.98,2,8.9,7.09,12,,6,7,5.5,14.1,4.44,10.1,0.26,7.86,2.51,8.36,5,6.6,4.42,,7.7,14,6.5,12,8.15,7,,,5,4.3,9.6,21,6.69,9,3.61,17,16,12,-1,33
Florida,South Carolina,7.5,10.43,9.71,3,8.35,16.91,8.45,3.76,10.15,13,0.5,14,8.06,9,8.98,6.04,5.67,5.75,7.1,9.45,5.9,5.25,4.48,15.07,8.87,9.48,10.32,9.26,8.43,6.27,3,8,11.08,2,5,9,-0.86,10.38,-3.9,8,2.3,8.68,31.5,,3,5.7,7.5,3.7,11,8,-4.24,8.94,2.32,-4.07,4,5.9,6.23,,1.5,2,2,1,6.98,5.4,,,7,3.6,11.4,7.8,11.23,3,5.26,23,20,12,-3,43
Florida Intl.,Middle Tenn.,-5,-6.37,-10.29,-3,-0.32,-0.62,0.42,-2,-8.78,-11,0.01,-9,-6.45,-9.5,-1.52,-4.62,-4.91,-3.49,-3.17,0.72,-3.9,-1.95,-4.76,-5.79,-0.15,-4.12,1.77,-2.44,-3.81,-3.7,4,-3.3,-6.3,-4,-3.5,-5,0.11,-7.73,-5.53,16,-3.3,-2.42,-5.9,,-4,-1.1,-5,0.3,-0.52,-0.5,1.87,0.97,-2.28,-4.19,-3,-3.9,-1.94,,-3.4,-4,-4,4.5,-3.73,-1.3,,,-5,-1.2,-1.7,-4.8,-1.95,-2,3.18,28,38,12,10,66
Georgia,Auburn,2,-1.73,-3.13,-3,2.52,0.1,0.34,2.45,-4.27,3,4,-2,4.71,-4.5,1,-9.96,1.87,-1.64,0.64,-2.42,1.4,4.65,0.21,-1.36,5.76,-0.01,0.01,-2.12,2.81,1.1,-5,0.21,-0.67,4,2,3,4.74,1.04,0.27,0,-1.2,-3.16,6.4,,-2,-0.3,2,6.1,5.88,6.3,-14.09,0.48,-14.48,-0.3,-3,1.4,1.38,,-0.4,6,3,10.5,-4.18,-2.7,,,2.5,-4.6,3.4,2.4,-0.66,6,3.74,7,34,12,27,41
Georgia Tech,Clemson,-3,-0.99,1.36,1,9.85,-0.49,3.31,3.46,-2.38,9,-5,1,4.55,3.5,-1.05,-4.64,-1.43,1.5,1.36,4.15,-1.9,1.45,1,-0.14,3.38,0.5,1,5.12,1.45,-0.68,4,1.36,0.13,-1,-1,1,-4.37,1.84,-2.4,-2.5,-1,3.44,-5,,2,-0.6,-2,10.3,3.37,1.9,6.26,5.26,-1.56,-11.09,-2,-1.9,2.85,,-0.8,3,2,3,0.43,5.8,,,-3.5,4,4.6,1.2,0.91,-3,3.57,6,28,12,22,34
Idaho,Troy St.,5.5,8.11,3.84,1,6.21,2.78,4.16,-0.37,4.13,12,-4,5,7.35,2,6.94,2.55,2.13,-0.45,5.08,1.71,6.6,5.05,4.95,2.18,7.75,2.74,7.29,4.26,2.55,5.5,11,4.26,10.93,3,4,5,0.25,3.44,4.95,10.5,6.8,4.98,25.4,,2,6.2,5.5,1.7,9.04,9.3,14.86,6.32,0.29,1.76,12,6.6,16.53,,5.4,1,13.5,3,1.04,4.3,,,5.5,1.2,5.7,-0.8,7.79,1,4.72,34,17,12,-17,51
Illinois,Iowa,-3,-7.33,-1.03,-6,0.63,-13.12,-3.57,-10.27,-4.03,-3,-6.5,-2,-5.22,-2.5,-6.9,2.07,-8.2,-4.48,-5.9,-4.12,-4.6,-8.25,-5.48,-9.82,-1.2,-4.02,-7.93,-1.86,-4.58,-6.24,-12,-5.48,-9.09,-8,-5.5,-4,-6.53,-5.06,-6.75,-3.5,-10.9,-5.26,-9.9,,-9,-12.7,-3.5,-6.6,-5.4,-9.3,14.04,-1.05,-0.58,-11.58,-7,-4.6,0.6,,-10.9,-11,-6,-1.5,-4.49,-3.9,,,-3.5,-5.4,-4.2,-10.4,-5.78,-6,3.49,30,14,12,-16,44
Kansas,TCU,-28,-28.92,-27.54,-27,-22.06,-33.97,-28,-24.98,-24.22,-27,-22,-29,-38.9,-27.5,-29.86,-23.23,-26.61,-15.91,-27.48,-23.6,-29.6,-36.05,-29.75,-39.68,-33.75,-18.74,-22.46,-29.07,-25.69,-29.1,-32,-27.5,-29.59,-30,-28,-26,-21.18,-26.52,-22.86,-24,-34.5,-37.71,-30.5,,-27,-29.8,-28,-28.2,-24.59,-31.4,-19.31,-24.41,-6.44,-19.04,-25,-29.6,-19.37,,-33.3,-32,-32,-22.5,-23.36,-30.1,,,-28.5,-28.4,-32.2,-30.5,-37.16,-19,5.10,34,30,12,-4,64
Louisiana-Monroe,Louisiana-Lafayette,-7,-8.79,-10.27,-7,-3.26,-4.08,-3.57,-4.87,-13.44,-4,-1,-9,-11.49,-10.5,-4.86,-18.31,-6.39,-7.38,-6.14,-8.31,-7.6,-6.85,-7.62,-14.21,-9.06,-9.28,1.57,-4.84,-12.1,-6.79,1,-6.39,-6.57,-3,-7,-9,-1.57,-11.98,-6.59,-2,-6.9,-5.43,-4.9,,-8,-8.2,-7,-6,-0.91,-3.3,-21.69,-1.21,-6.39,0.27,-9,-7.6,-5.64,,-6.1,-2,-7,-4,-5.66,3.2,,,-7,3.6,-2.9,-10.9,-3.95,-6,4.17,34,27,12,-7,61
Marshall,Rice,21,15.86,18.54,14,18.48,16.54,16.8,14.01,18.09,19,9,25,18.74,19.5,13.85,18.69,20.79,10.52,19.12,19.19,20.4,19.85,22.48,26.11,33.38,13.44,14.04,20.3,20.68,21.2,20,18.96,14.55,20,19.5,20,13.39,18.91,17.5,18,23.4,22.64,31.8,,18,22.7,21,19.3,18.47,25.4,10.9,19.04,14.15,18.66,18,22.6,18.96,,22.3,21,24,12.5,16.27,23.2,,,21.5,21.4,28.2,18.5,19.2,17,4.49,14,41,12,27,55
Maryland,Michigan St.,-10.5,-9.5,-7.32,-10,-11.05,-14.23,-8.87,-12.61,-7.7,-7,-2.5,-7,-18.11,-6.5,-9.58,-8.31,-13.55,-7.05,-10.34,-6.09,-10.9,-16.15,-8.39,-9.64,-10.05,-3.96,-12.97,-10.46,-9.65,-11.48,-8,-10,-10.03,-13,-11,-10,-8.51,-5.76,-8.96,-13.5,-14.6,-17.29,-13.8,,-8,-13.7,-10.5,-11.3,-16.27,-16.6,-13.26,-9.66,-1.31,-17.01,-7,-13.1,-5.97,,-13.9,-13,-14,-6,-8.31,-6.8,,,-12,-5,-13.5,-12.3,-15.62,-12,3.76,37,15,12,-22,52
Massachusetts,Ball St.,3.5,-3.88,-0.49,-3,3.99,-0.94,1.4,-0.71,-5.25,10,-1,-1,-0.7,-4.5,-0.79,-11.69,-8.6,-0.91,-0.73,3.69,2.4,2.75,0.23,7.32,-1.9,-3.78,1.16,-0.01,-2.53,0.53,-1,-1,-4.02,-4,2.5,-1,-2.02,-0.95,-8,,-2.6,-1.29,10.6,,-2,0.3,2.5,7.2,6.72,0.5,-8.59,1.79,-2.13,-5.07,1,2.4,-1.98,,-2.1,-3,11,0.01,-1.19,-1.6,,,3.5,-2.5,,0.8,0.1,-1,4.16,10,24,12,14,34
Miami (Fla.),Florida St.,-2.5,-2.31,-6.57,-3,6.82,0.78,2.48,-5.75,-8.31,1,-2,-7,0.87,-9,-0.34,-19.7,-7.91,-4.45,-2.89,0.6,-4.1,-4.95,0.01,-7.43,1.12,-13.16,-16.9,1.39,-2.75,-4.19,-3,-2.75,0.01,-7,-2.5,-7,-2.82,-3.57,-1.77,8,-9.6,0.66,16.3,,-5,-3.8,-2.5,1.9,6.44,1.7,12.6,3.37,-15.36,-12.95,-10,-4.1,4.59,,-9.1,-6,-2,6.5,-6.62,1.3,,,-2.5,-2.1,5.3,-6.3,0.01,1,6.24,30,26,12,-4,56
Minnesota,Ohio St.,-14,-11.53,-7.76,-8,-8.17,-9.75,-9.86,-11.8,-8.92,-11,-8.5,-9,-16.57,-8.5,-9.24,-10.86,-11.74,-0.33,-10.51,-8.52,-13.1,-12.85,-12.2,-8.32,-16.46,-6.7,-10,-7.76,-14.38,-12.12,-10,-10.86,-13.41,-16,-12.5,-11,-11.93,-5.37,-12.23,-11.5,-12.4,-13.65,-11.7,,-13,-15.1,-13.5,-9,-11.38,-12.8,-10.81,-7.06,-1.43,-14.29,-12,-13.1,-6.42,,-10.3,-11,-11,-13,-9.58,-7,,,-12,-7.1,-9.4,-18,-12.6,-4,3.27,31,24,12,-7,55
NC St.,Wake Forest,16.5,15.48,14.85,7,7.23,14.97,11.83,5.75,18.39,12,4.5,15,8.99,15.5,12.9,15.24,7.98,10.19,10.24,11.91,15.9,6.05,11.39,17.5,18.15,12.43,8.59,10.95,9.53,12.57,4,9.53,13.75,5,12.5,11,6.28,17.11,4.92,4,7,9.16,18.9,,11,9.1,15.5,7.1,13.32,9.4,10.03,9.34,4.73,6.84,8,15.9,11.54,,6.9,7,4.5,7.5,14.45,6.8,,,17,4.7,14.4,6.4,12.51,6,3.95,13,42,12,29,55
Navy,Georgia Southern,3,1.82,-5.45,-1,-2.04,-5.13,-0.44,6.56,1.41,-5,3,-6,-5.62,-8,-0.28,-0.01,-1.23,-4.14,0.31,-3.37,4.1,2.85,0.35,-8.54,4.87,-2.88,-2.36,-2.84,4.97,3.05,4,-0.23,3.16,7,3.5,5,6.48,-4.12,15.65,,7.6,-3.31,-13.1,,3,2.2,3,2.2,-1.5,-8.9,-3.27,0.35,-0.59,13.45,6,4.1,1.54,,9,5,15,3,-0.23,-5.6,,,3,-5.5,-1,2,-3.29,-12,5.82,19,52,12,33,71
North Carolina,Pittsburgh,2,4,3.25,3,5.06,-4.14,-0.58,7.22,6.67,6,9.5,5,1.07,5.5,1.79,-3.37,4.66,0.32,2.75,4.5,1.4,6.75,1.29,7.5,-5.88,5.21,-5.67,2.88,2.98,1.34,-4,2.98,2.93,7,2,6,7.69,5.8,7.84,6,1.6,-0.73,16.8,,1,-1.7,2,6.3,4.1,-5.8,-6.75,2.21,1.09,9.07,2,1.4,0.63,,1.3,6,2,4.5,3.27,0.9,,,2.5,-1.2,1.5,6.5,-2.11,-5,4.25,35,40,12,5,75
Northern Ill.,Toledo,5,-0.77,3.1,-1,0.01,4.74,0.01,2.61,1,3,0.5,6,-2.71,6,-0.22,-3.33,3.18,1.09,1.7,1.28,3.9,-1.25,1.91,3.36,-5.03,10.51,-0.93,2,5.23,1.99,-7,1.34,-1.94,5,2.5,1,-0.29,3.44,2.67,-4,0.7,-1.64,15.3,,6,-1.3,4,1.7,1.39,3.6,-5.95,1.53,-0.14,-0.39,1,3.9,-1.51,,0.6,3,-2.5,-1,2.53,2.3,,,5,1.9,,5.4,-1.43,3,3.75,24,27,12,3,51
Notre Dame,Northwestern,17,18.62,19.49,15,13.73,18.02,13.95,15.63,19.44,21,10,19,15.11,20,17.86,12.07,17.24,11.46,16,13.84,16.4,15.65,16.18,28.96,14.75,17.08,18.52,18.16,14.99,17.04,15,16.1,17.33,19,16,16,10.98,22.33,17.34,7,16.4,16.75,20.9,,15,18.8,17,14.3,16.64,16.1,20.09,14.77,4.12,17.44,14,16.4,12.55,,17.1,16,22,5.5,15.84,11,,,17.5,7.7,20.2,19.7,15.43,7,3.43,43,40,12,-3,83
Oklahoma St.,Texas,-1,-0.35,-0.72,-1,-7.1,-3.19,-2.4,-5.6,2.77,-2,5,-0.25,-10.83,1,-2.46,-6.98,2.32,0.77,-2.44,-4.6,-1.4,-5.05,1.63,-2.04,-9.01,2.44,7.99,-0.21,-8.22,-1.87,-4,-2.3,-1.17,-2,-1,-4,1.02,0.77,-2.3,-5.5,-2.6,-3.7,-9.5,,1,-4.5,-1,-12.3,-4.51,-0.9,-11.92,0.24,0.2,3.58,1,-3.6,-0.13,,-2.6,-4,-7.5,-5.5,2.54,-5.1,,,-2.5,-6.7,-2.1,-3.9,-4.11,-2,4.03,28,7,12,-21,35
Oregon St.,Arizona St.,-7.5,-14.5,-20,-17,-14.92,-15.54,-14.05,-17.79,-16.34,-17,-10.5,-19,-22.91,-22.5,-12.67,-10.73,-9.02,-11.16,-15.07,-17.21,-10.1,-16.05,-11.17,-31.04,-21.45,-13.83,-16.23,-16.59,-15.09,-12.55,-22,-14.9,-13.18,-13,-9,-19,-11.59,-19.44,-9.56,-9,-14.5,-17.8,-19.2,,-12,-12.1,-9,-21.6,-10.57,-11.7,-17.7,-10.08,-5.43,-12.77,-8,-10.1,-10.6,,-14.1,-12,-15,-11.5,-13.01,-14.9,,,-9.5,-15.2,-11.8,-30.4,-16.88,-8,4.24,27,35,12,8,62
Penn St.,Temple,12,9.72,4.41,7,6.77,8.79,7.67,8.06,11.11,9,4,3,8.53,4.5,6.56,4.47,7.69,4.49,6.89,5.47,10.4,3.85,8.9,12.93,0.01,4.92,3.4,6.54,7.72,8.88,9,7,9.66,5,10,6,7.12,9.79,9.23,3,9.2,5.47,8.3,,7,7.6,10.5,4.6,14.9,1.5,6.06,6.49,1.64,11.88,9,10.4,7.82,,11.5,7,9.5,5.5,10.69,4.6,,,11.5,3,7.7,10.1,6.35,-2,2.97,13,30,12,17,43
Rutgers,Indiana,8.5,5.57,9.81,3,8.92,7.14,6.1,5,7.33,13,4.5,11,4.48,11,3.37,9.49,6.02,5.28,6.35,9.51,6.4,2.25,6.7,15.54,1.69,7.17,5.99,10.85,7.77,5.9,7,6.1,5.21,5,6.5,5,6.53,11.59,5.43,8.5,2.9,9.82,13.8,,7,6.3,8.5,5.5,8.4,4.1,4.58,9.82,1.86,6.6,4,6.4,2.09,,1.4,3,6,8.5,7.1,3.8,,,7.5,0.5,9.8,8.2,4.15,-1,3.13,23,45,12,22,68
SMU,South Florida,-10,-8.87,-9.85,-7,-6.98,-19.54,-6.67,-4.55,-10.45,-8,-6.5,-11,-15.15,-9,-4.19,-20.76,-8.37,-20.24,-9.36,-15.31,-9.9,-11.05,-12.98,12.64,-8.79,-0.83,-7.95,-9.15,-9.66,-10.96,-7,-9.15,-9.32,-7,-10.5,-10,-3.87,-2.81,-1.8,-15.5,-12.4,-14.54,-11,,-5,-16,-10,-7.2,-6.8,-15.8,-23.79,-7.74,-14.08,1.91,-3,-12.1,-12.59,,-12.3,-10,-7,-7,-10.28,-11.3,,,-11,-14,-16.1,-5.8,-11.55,-10,4.69,14,13,12,-1,27
San Jose St.,Hawaii,9.5,8.35,8.42,6,5.46,11.08,4.89,6.51,7.09,9,4.5,9,3.83,9,5.67,-0.97,11.04,3.82,6.95,3.69,9.4,5.45,5.97,3.71,1.37,11.76,2.48,6.69,9.34,8.43,2,6.69,10.14,10,9.5,4,5.52,8.68,16.38,1,10.2,3.9,14.7,,10,9.2,9.5,5.7,9.99,7.8,13.56,5.52,0.94,4.05,11,9.4,4.63,,10.6,7,6,8,7.21,2.7,,,10.5,0.6,7.6,5.6,3.55,3,3.43,13,0,12,-13,13
South Alabama,Texas St.,7,4.36,2.68,6,2.58,-0.72,4.94,5.51,7.13,6,8,2,-2.12,3,2.99,-1.34,5.72,3.43,3.86,6.39,5.1,4.25,6.72,3.32,1.32,2.7,4.21,7.65,1.57,4.8,3,4,2.91,7,4,4,5.29,6.06,2.55,,6.7,4.85,11.7,,7,6.4,7,0.01,5.8,0.01,-13.88,6.22,0.39,6.36,4,5.1,-0.59,,6.1,6,1.5,1.5,6.32,1.3,,,4,-0.7,5.7,3.8,2.49,-3,2.89,20,24,12,4,44
Stanford,Utah,9.5,4.31,-1.38,3,2.26,4.27,-0.01,5.81,2.68,2,4,1,-0.51,-1,4.71,-3.74,5.65,-0.51,3.51,2.29,6.4,6.25,8.17,-0.75,3.46,0.78,2,2.17,2.49,5.87,-5,3,5.32,11,8,3,4.53,1.28,11.41,3.5,5.9,1.36,9.5,,7,5.3,8.5,3.7,7.12,3.8,1.46,3.71,-1.05,8.11,8,6.4,3.94,,5.3,8,9,1.5,6.46,-0.5,,,7.5,-2.4,6.8,3,-0.01,2,3.47,20,17,12,-3,37
Tennessee,Kentucky,11,10.81,6.13,10,12.21,6.6,10.62,9.9,10.87,14,1,8,13.24,5.5,11.58,3.33,13.57,4.45,9.76,11.3,9.6,12.45,13.25,10.25,13.54,2.85,4.5,13.27,3.65,9.42,16,9.9,9.86,14,7.5,10,5.26,8.54,7.11,9.5,8.6,13.22,29.4,,11,9.5,11,14,13.71,3.1,31.35,12.25,0.9,9.78,12,9.6,5.92,,8.7,16,19.5,5,9.38,9.4,,,8.5,5.6,9.6,9.6,12.44,0.01,4.89,16,50,12,34,66
Texas A&M,Missouri,3,9.18,7,3,5.28,1.39,6.38,-0.51,10.29,11,2,7,-0.5,6.5,7.27,12.17,4.84,2.84,4.88,8.94,5.1,-1.45,5.26,7.5,7.58,5.57,2.25,7.37,7.12,4.19,-5,5.28,9.13,5,5.5,4,1.51,5.21,6.89,1,2.3,5.35,11.5,,4,1.9,3,2.8,6.2,7,-9.66,6.53,14.57,1.55,9,2.9,1.92,,2.3,3,4,1,8.77,7.4,,,4,5.9,5.3,-0.9,4.9,-2,3.53,34,27,12,-7,61
Texas Tech,Oklahoma,-14,-22.53,-18.66,-17,-15.03,-25.36,-22.2,-16.2,-16.53,-22,-9,-24,-27.1,-21,-22.27,-10.5,-19.69,-11.55,-18.57,-14.62,-20.2,-23.75,-19.22,-27.93,-20.85,-7.54,-7.06,-21.45,-15.24,-20.18,-27,-18.8,-26.1,-22,-12,-16,-13.21,-18.98,-18.14,-25,-23.6,-29.36,-32.8,,-19,-25.7,-15,-16.4,-16.22,-21,-40.83,-18.36,-4.29,-18.64,-18,-1.1,-12.86,,-23,-22,-17.5,-12,-18.62,-21,,,,-18.8,5.9,-20.1,-27.23,-14,6.36,42,30,12,-12,72
Texas-San Antonio,Southern Miss.,7.5,4.65,0.37,7,4.42,9.52,4.68,23.23,2.37,8,8.5,1,4.59,0.01,6.88,0.28,5.55,1.79,7.78,4.57,8.6,9.75,8.73,4,14.9,3.38,8.16,5.51,5.59,9.37,10,7,5.13,14,11.5,7,10.42,3.62,17.78,,15,6.07,12.2,,9,11.9,7.5,6.2,2.88,11.2,-7.17,7.17,-0.34,16.28,9,8.6,7.49,,15,13,3,6.5,9.16,14,,,7.5,14,7.4,12.6,5.46,2,4.84,10,12,12,2,22
Tulane,Memphis,-8.5,-11.62,-15.2,-11,-8.51,-13.51,-12.12,-6.09,-10.32,-12,-8,-15,-14.35,-12.5,-13.96,-8.52,-12.89,-9.6,-10.86,-10.79,-11.6,-11.55,-13.4,-24.07,-5.78,-9.08,-7.62,-14.87,-2.39,-10.75,-8,-11.55,-10.64,-7,-10.5,-6,-3.67,-15.36,-5.86,-6,-12.6,-20.17,-18.2,,-13,-10.9,-9,-6.6,-7.79,-16,-24.38,-11.74,-3.08,-1.52,-11,-11.6,-11.73,,-12.2,-11,-13,-1.5,-12.08,-13.9,,,-10.5,-12.5,-15.7,-9.3,-17.76,-13,4.00,38,7,12,-31,45
USC,California,15,14.77,10.08,12,12.83,18.65,12.9,17.18,13.97,16,12,19,15.56,15.5,15.72,5.7,18.58,7.07,14.56,11.92,16.1,16.65,15.01,13.39,17.01,9.49,6.45,13.5,9.58,15.44,15,14.52,14.16,22,14.5,12,12.18,13.12,24.88,16.5,19,14.52,33.4,,16,20.2,15,16.5,17.08,12,14.25,13.19,1.36,18.03,17,16.1,11.33,,18,21,17.5,6.5,14,11.1,,,15,7.8,16.9,18.4,14.28,7,4.85,30,38,12,8,68
UTEP,North Texas,6.5,8.12,9.74,10,11.95,6.87,11.17,1.91,10.61,14,1,10,14.2,12,6.54,3.97,4.21,10.17,7.21,14.59,5.4,0.25,7.78,8.39,9.29,5.04,7.9,13.24,9.65,5.59,8,8,6.77,-6,6.5,5,1.88,12.33,0.01,12,0.5,11.51,22.2,,5,1.1,6.5,8.3,10.51,4.4,32.9,11.05,2.45,-0.36,2,5.4,7.06,,0.2,2,-2,5,9.2,14.1,,,6.5,12.6,11.7,1.7,8.26,0.01,5.21,17,35,12,18,52
Utah St.,New Mexico,19.5,20.95,17.32,23,16.57,20.84,16.75,21.39,22.23,22,14,19,19.37,19.5,18.8,10.74,22.07,13.5,18.67,21.12,19.6,20.15,21.65,32.43,22.31,16.62,8.09,19.72,15.43,18.78,16,19.1,19.9,26,16,19,16.18,24.43,15.62,19.5,21,20.23,31.7,,20,19.1,19.5,22.7,18.7,17.6,1.25,17.26,4.16,23.55,16,19.6,8.22,,18.9,22,18,11,18.92,17.8,,,18,14.4,20.1,20.4,20.22,7,4.36,21,28,12,7,49
Western Kentucky,Army,8,12.3,14,11,9.12,10.06,13.88,7.41,12.77,23,5,21,11.7,18.5,12.63,14.35,9.27,9.09,11.91,13.57,9.4,9.85,9.5,1.11,19.92,8.73,7.24,14.81,7.79,10.16,9,11,11.14,14,10,10,8.52,13.34,10.37,,4.5,14.32,33.9,,11,8.8,8.5,11,9.11,10.1,32.38,13.06,2.78,13.07,14,9.4,19.83,,8.1,8,5,7.5,10.4,13,,,10.5,10.9,16.5,15.2,14.56,5,4.94,24,52,12,28,76
Western Mich.,Eastern Mich.,27.5,26.7,22.58,27,26.75,29.4,25,26.84,21.79,32,17.5,26,32.01,24.5,29.11,17.79,24.16,17.51,25.75,24.12,25.9,31.35,31.82,5.71,30.41,18.22,15.61,27.6,24.66,26.11,28,26,27.69,29,27,29,17.31,21.9,22.05,28,23.9,31.65,32.2,,25,23,27.5,33.6,32.25,31.5,37.74,25.54,4.3,12.93,22,25.9,24.96,,22.6,32,28.5,21.5,20.64,28.5,,,27,23.3,33.5,32.7,32.9,15,5.18,7,51,12,44,58
Wisconsin,Nebraska,5,4.88,-0.89,2,4.25,4.01,1.67,4.72,1.99,-1,4,2,5.44,0.5,6.09,-4.37,6.98,-0.49,3.26,-1.51,5.9,5.15,5.75,-1.36,1.7,-1.69,-2.5,-0.14,0.36,4.44,-2,2.29,7.05,10,6,0.01,3.82,1.23,2.29,-1,4.7,-2.01,15.5,,5,1.8,5,4.1,11.13,4.4,-0.24,1.46,-1.06,4.46,8,5.9,9.32,,4.8,12,11,3,2.25,2.2,,,7,0.4,3.8,1.1,4.15,5,3.96,24,59,12,35,83
Akron,Massachusetts,7.5,4.21,4.35,-3,-6.63,3.89,0.6,-6.01,5.23,1,0.01,5,-2.62,7.5,2.78,-1.8,2.97,0.23,0.53,-6.8,6.4,4.65,2.91,5.31,-14.33,2.4,3.22,0.76,0.41,3.1,-4,1,4.64,7,6,-7,0.33,4.21,5.03,,-0.7,-1.7,9.2,,4,-0.2,6,-15.7,-5.28,3.1,-2.63,7.14,0.12,2.98,4,6.4,1.49,,-0.3,-3,,-2,5.68,3.3,7,-1,7.5,2.9,,-8.9,-1.15,-1,5.03,6,30,13,24,36
Arizona St.,Washington St.,14,17.19,17.88,14,12.92,21.29,14.59,18.31,18.41,22,18,24,22.85,26,15.87,19.26,19.81,12.91,16.87,14.08,17.1,15.25,17.23,30.72,18.5,19.81,22.75,17.5,16.27,16.52,20,16.35,16.43,18,16.5,16,17.05,22.73,14.23,14.5,17.9,15.71,30.1,,16,15.6,14.5,15.7,11.03,13.3,7.81,13.52,2.68,18.65,14,17.1,9.6,,17.8,16,,14.5,12.82,13.1,17,8,16,10.7,17.6,23,14.49,8,4.17,31,52,13,21,83
Arkansas,Mississippi,-3,-8.43,-7.92,-6,-0.24,-11.84,-5.78,-0.4,-7.69,-5,-1,-9,-2.7,-12.5,-6.68,-7.67,-7.45,-6.12,-5.18,-2.1,-4.6,1.85,-4.4,-7.84,4.02,-7.81,-11.7,-5.78,-3.09,-4.1,-10,-5.84,-10.34,-4,-3,2,-1.17,-5.47,-8.05,-5.5,-5.5,-8.2,-11.1,,-5,-4.7,-3.5,1.3,1.01,-3.3,0.44,-2.06,-1.83,-6.03,-4,-4.6,-8.91,,-5.9,-3,,3.5,-5.09,-6,-6,-5,-3.5,-5.9,-6.5,-0.3,-7.38,-8,3.79,0,30,13,30,30
Ball St.,Eastern Mich.,18.5,19.46,9.15,21,14.99,18.94,16.77,19.97,13.55,11,15.5,13,22.47,11.5,20.77,20.88,26.4,10.27,17.71,13.07,18.1,22.35,19.04,-3.66,13.42,8.31,13.7,17.61,17.46,18.09,20,18.3,22.87,25,17,20,15.73,9.08,23.94,24,20.8,21.92,27.1,,19,15.5,18.5,17.3,16.02,21.5,32.48,18.2,1.35,18.2,18,18.1,21.8,,20,24,,13.5,13.57,22,22,12,17,18.4,20.6,16.1,22.5,9,4.76,30,45,13,15,75
Baylor,Oklahoma St.,32.5,25.18,22.78,24,30.65,32.83,22.66,23.75,23.52,30,18,28,39.74,23,26.48,30.32,24.69,12.79,25,24.34,27.4,32.25,28.85,29.69,30.66,14.26,17.8,25.94,21.99,26.36,34,24.32,23.87,28,26.5,20,16.7,22.47,22.58,26,26.8,28.97,30.9,,22,27.4,31.5,31.6,33.43,32.8,19.54,19.21,3.83,10.6,24,27.4,19.71,,27.2,35,,21.5,19.2,28.3,20,14,28.5,24.3,29.7,27.5,31.5,19,6.00,28,49,13,21,77
California,Stanford,-5.5,-4.17,1.17,-6,3.46,-1.39,-0.76,-5.54,-2.57,3,-3,-1,2.36,2.5,-4.76,1.86,-12.21,-0.98,-3.43,0.12,-4.4,-3.65,-3.55,-0.56,-1.83,-1.05,1.05,-0.01,-2.23,-5.48,2,-2.64,-4.76,-8,-6.5,-4,-4.49,-0.48,-13.41,-2,-8,-2.86,-15.1,,-8,-5.3,-5,-0.4,-0.62,-1,-4.28,-8.49,0.04,-10.95,-12,-6.6,-0.61,,-8.2,-8,,0.5,-4.24,2.2,-15,-6,-5.5,1.6,-2.7,-2.9,-1.83,-4,4.55,38,17,13,-21,55
Central Florida,SMU,28.5,31.16,28.18,28,21.06,42.22,24.61,27.16,31.68,29,20.5,29,31.55,27.5,27.62,33.9,32.11,29.58,27.49,24.93,29.1,31.45,31.92,9.44,29.98,17.43,19.98,27.05,24.12,28.6,28,28,32.69,32,25.5,28,20.71,27.24,28.42,24.5,30.6,30.23,28.9,,28,27.7,28.5,25.8,29.24,33.9,31.23,26.09,16.61,21.62,28,29.1,28.35,,31.4,31,,20,22.76,28.2,25,15,28,26.8,32.1,29.3,29.96,17,4.83,7,53,13,46,60
Central Mich.,Western Mich.,0,-0.56,-2.61,-1,-4.83,-0.89,-1.78,0.66,2.2,-1,-3,-2,-10.17,-1,-1.82,-0.01,0.96,-0.61,-1.51,-2.2,-0.1,-4.25,-0.01,-2.13,4.42,-5.02,0.9,-2.12,-2.71,-0.27,-8,-1.35,-1.76,-1,-1,-3,0.38,-1.02,5.37,2.5,-1.4,-4.83,-4.7,,1,-1.3,0,-5.8,-0.68,-3.8,-2.91,1.75,-0.16,4.65,3,-0.1,1.37,,0.3,-4,,-0.5,3.05,0.5,-3,-2,1,0.01,-1.5,-6.2,-3.88,-3,2.93,32,20,13,-12,52
Clemson,Georgia St.,40,42.68,38.51,38,34.74,40.04,35.44,46.37,44.58,38,31.5,40,46.84,36,41.49,47.08,48.66,22.23,38.87,31.99,41.6,52.35,46.08,27.38,38.63,29.01,21.91,38.32,39.7,43.75,40,39.68,39.66,54,41,46,33.83,38.44,46.14,,50.8,43.47,31.3,,41,49,40,44.8,37.65,34.5,57.06,37.49,53.7,41.51,39,41.6,20.14,,51.7,53,,28.5,36.09,32.4,42,19,40.5,27.2,39.7,53.3,45.99,14,8.88,0,28,13,28,28
Colorado St.,New Mexico,20.5,20.32,24.63,19,14.49,23.79,17.45,19.89,25.55,23,13,28,18.72,27.5,17.56,18.2,21.44,14.87,18.61,17.64,20.4,18.75,20.08,40.34,15.46,19.63,19.18,21.51,15.54,19.24,20,18.74,17.89,20,21,17,15.64,28.64,14.26,19.5,17.6,21.59,29.4,,20,12.9,20.5,15.3,16.42,19.4,18.1,18.57,5.48,21.93,19,20.4,8.53,,17.1,17,,12,19.03,18,17,6,21.5,15.3,23.1,16.3,20.74,10,4.51,20,58,13,38,78
Connecticut,Cincinnati,-9,-17.06,-16.78,-16,-13.17,-12.03,-14.82,-11.49,-18.16,-16,-3,-18,-16.22,-19,-16.2,-23.19,-10.86,-12.76,-13.21,-12.44,-10.6,-13.85,-11.68,-11.41,-7.17,-12.58,-9.4,-13.68,-12.79,-12.93,-5,-13.08,-15.56,-9,-11.5,-14,-5.79,-18.55,-17.59,-13.5,-16.8,-16.7,-20.3,,-15,-19.5,-9.5,-14.9,-10.7,-9.2,-26.59,-9.44,-4.28,-9.38,-11,-10.6,-6.71,,-15.8,-13,,-5,-10.37,-8.5,-10,-9,-9.5,-7.5,-13.6,-20.8,-17.64,-6,4.34,41,0,13,-41,41
Duke,North Carolina,5,11.02,12.13,10,11.77,16.57,12.81,9.75,10.62,17,11,19,2.17,16,12.54,6.5,9.84,9.36,11.19,10.57,7.1,9.45,10.71,17.19,9.44,8.77,18.34,15.87,8.56,8.65,15,10.57,9.4,3,7,6,8.06,14.26,9,9,10.6,16.96,30,,13,10.6,6.5,8.7,9.39,17,18.19,6.85,1.06,6.68,8,7.1,10.08,,10.5,12,,6.5,10.39,14.4,11,5,6,11.7,,8.7,14.96,11,4.38,45,20,13,-25,65
East Carolina,Tulane,19.5,16.46,15.24,14,11.68,19.7,13.36,14.07,16.52,19,17,19,11.07,15.5,16.84,6.53,18.57,10.7,15.37,13.16,16.4,16.45,20.75,21.5,9.66,15.03,17.72,15.78,9.77,17.02,13,15.45,15.13,19,17,12,13.63,18.96,13.55,10.5,19.8,17.2,25.3,,19,17.7,18.5,12.9,16.85,20.7,17.95,17.4,2.96,14.39,18,16.4,14.75,,15.1,16,,9.5,14.43,17.5,15,5,17.5,15.4,20.9,17.1,16.44,11,3.69,6,34,13,28,40
Florida St.,Boston College,17,18.3,19.44,16,15.51,15.2,12.75,24.92,23.32,21,12.5,20,18.8,22.5,14.92,23.25,23.84,11.34,18.63,17.12,20.1,21.75,19.5,23.38,22.37,23.19,24.05,16.5,20.49,20.69,15,19.16,17.54,25,20,25,16.06,18.22,22.86,11.5,25.5,15.68,17.6,,22,20.9,17,22.3,13.53,10.8,6.15,17.94,15.5,25.18,23,20.1,8.84,,24.7,26,,10.5,18.88,12.9,21,10,19,10.8,16.3,26.7,14.42,3,5.18,17,20,13,3,37
Hawaii,UNLV,10,12.67,8.88,14,11.58,10.9,12.64,12.01,12.63,13,6.5,9,12.39,8.5,14.01,5.39,13.31,9.74,10.22,13.64,8.9,11.25,11.85,-5.31,4.96,1.58,8.71,14.1,6.1,9.81,10,10.19,10.81,11,10,10,7.01,9.27,1.72,12,8.4,16.01,21.8,,9,8.5,10,11.9,13.88,13.2,25,7.79,1.54,9.02,13,8.9,7.35,,8.1,9,,5.5,10.08,14.7,10,4,10,12.6,14.2,10.3,17.65,3,3.95,35,37,13,2,72
Houston,Tulsa,20,22.06,17.02,18,16.84,23.1,18.7,23.55,19.87,22,21,20,24.55,17.5,21.33,6.19,20.81,13.38,19.57,17.81,21.1,26.05,21.62,6.06,17.57,12.46,14.92,17.35,15.63,21.15,17,19.99,24.07,24,20,21,19.63,19.75,20.72,18.5,26.2,19.99,28,,22,20.4,20,22.6,18.18,22.5,7.67,21.02,2.44,20.41,18,21.1,17.3,,25.1,25,,17.5,15.64,19.5,24,13,20,18,21.9,23.7,21.09,12,4.09,28,38,13,10,66
Illinois,Penn St.,-5.5,-7.79,-5.07,-7,-1.96,-16.22,-5.11,-8.37,-3.63,-5,-5.5,-6,-5.64,-5.5,-7.73,-0.37,-6.7,-4.35,-7.17,-4.27,-7.6,-8.15,-7.9,-9.34,-9.25,-2.42,-3.39,-3.37,-6.46,-7.63,-15,-7.04,-11.05,-8,-6.5,-8,-8.48,-7.26,-7.85,-8,-10.1,-6.84,-8.6,,-8,-10,-5.5,-10.1,-7.07,-10.3,-3.23,-11.3,-0.95,-10.44,-6,-7.6,-6.01,,-9.4,-9,,-9.5,-4.9,-3.3,-10,-6,-6.5,-4.3,-7.6,-12.7,-7.17,-7,3.02,14,16,13,2,30
Iowa,Wisconsin,-9.5,-9.58,-10.17,-10,-13.24,-9.26,-11.43,-10.36,-5.91,-7,-6.5,-10,-22.05,-10,-10.32,-15.21,-10.92,-4.72,-10.44,-9.35,-11.1,-16.05,-14.23,-11.94,-7.02,-2.78,-6.8,-11.43,-8.08,-10.59,-10,-10.09,-12.08,-13,-9.5,-11,-5.23,-7.55,-7.61,-12,-13,-17.28,-10.9,,-9,-9.8,-9.5,-16.2,-11.01,-12.5,-3.75,-9.48,-1.67,-4.2,-11,-11.1,-13.96,,-11.5,-12,,-5,-8.11,-10.3,-13,-10,-10,-8.9,-16,-9.3,-16.49,-12,3.61,26,24,13,-2,50
Iowa St.,Texas Tech,1,2.85,-1.55,3,0.12,3.32,2.12,1.43,2,-2,7,-1,-0.01,-2,2.89,-1.25,3.21,-0.59,2.09,1.86,2.1,1.85,1.49,-0.09,-1.94,0.39,3.27,3.79,-1.1,1.78,3,1.86,3.58,1,1.5,0.01,7.79,1.47,-0.67,4,4.7,2.29,18.7,,0.01,4.9,1,0.2,0.3,1,6.26,-0.32,-0.15,10.38,1,2.1,4.84,,3.3,1,,6,2.26,4,7,-1,1,2.3,3.2,4.6,3.87,-3,3.39,34,31,13,-3,65
Louisiana-Lafayette,Appalachian St.,8,12.2,13.24,8,4.62,4.97,8.53,9.3,16.37,16,13,15,6.28,15,7.9,24.9,5.86,8.13,9.82,8.16,11.1,6.65,11.23,21.69,14.4,14.04,3.26,7.95,11.34,11.04,5,9.65,11.95,11,11,9,11.26,15.51,17.43,,13.4,6.55,16.4,,11,11.6,8,5.1,2.2,-0.3,-4.87,12.34,3.25,11.78,10,11.1,7.16,,14.8,5,,9,10.21,8.4,14,1,10,6.6,6.6,11.2,6.86,-1,4.76,35,16,13,-19,51
Memphis,South Florida,19.5,23.01,21.37,24,22.91,27.98,21.74,23.16,20.68,27,13,20,27.8,20,25.32,20.18,19.01,14.83,21.61,25.01,19.6,26.75,23.65,27.91,28.39,14.94,13.08,25.46,16.89,21.08,24,22.96,21.81,23,18.5,23,12.44,25.5,23.22,20,25.1,27.82,28.9,,21,20.3,20,27.6,21.47,25.1,12.19,16.85,3.27,11.34,20,19.6,21.89,,25.3,24,,13,18.72,21.8,25,9,18.5,18.2,23.9,24.1,27.51,13,4.78,20,31,13,11,51
Michigan,Maryland,6,-0.01,-0.37,1,4.35,3.12,0.75,5.3,0.01,4,-2,1,6.32,-1,0.01,2.44,5.72,-1.45,2.89,2.13,3.9,3.55,5.01,-2.09,-0.31,1.88,3.21,2.32,0.66,4.18,1,2.47,-0.11,6,4,4,4.12,-0.01,3.56,4,4.6,2.23,6.8,,2,5.1,5.5,6.6,7.78,4.3,12.54,3.37,-0.91,11.87,4,3.9,4.13,,4.9,6,,2.5,4.24,-0.5,10,2,5,-2.3,5.8,5.6,0.96,0.01,2.90,23,16,13,-7,39
Michigan St.,Rutgers,24,23.62,15.84,22,19.32,28.7,19.47,22.43,20.42,23,15,20,30.22,19,24.79,22.76,22.69,10.22,20.95,16.47,23.1,26.95,23.7,24.88,25.79,13.14,21.31,20.02,17.95,22.58,15,21.65,23.98,25,22,22,16.26,18.77,18.68,17,25.5,22.56,29.9,,19,23.8,24,22.8,25.81,26.3,17.36,20.99,2.17,17.78,19,23.1,17.23,,25.2,24,,16,17.12,18.4,28,10,22,14.2,24.8,24.5,26.82,14,4.71,3,45,13,42,48
Middle Tenn.,Florida Atlantic,7,9.43,10.39,7,7.43,13.45,5.48,4,10.8,9,0.5,15,6.22,14,9.09,7.68,6.99,6.37,7.26,7.48,5.9,5.15,9.18,10,3.68,8.3,7.45,8.65,9.55,6.99,6,7,8.1,5,6.5,7,-1.24,10.05,7.72,4,5.6,8.21,16.3,,7,4.7,7,6.7,6.71,12.3,19.11,2.76,1.64,1.26,6,5.9,11.65,,6.1,6,,-5.5,8.01,6.8,4,4,7,4.4,11.5,2.4,8.06,5,3.57,34,35,13,1,69
Mississippi St.,Vanderbilt,31,32.37,32.77,32,25.22,41.07,28.1,31.17,34.1,36,24,32,33.65,35,31.3,29.73,24.37,20.09,30.66,35.3,31.6,36.15,33.44,49.16,28.09,28.36,34.17,33.94,32.68,32.73,36,32,30.58,29,30,34,24.18,34.93,26.38,34,39,36.43,30.2,,30,37.4,31,34.1,25.32,30.1,34.64,28.06,8.53,25.53,27,31.6,24.97,,36.9,35,,23,24.83,33.2,24,13,30.5,31.1,34.2,34.9,34.81,16,5.39,0,51,13,51,51
Nebraska,Minnesota,8.5,11.12,7.6,8,5.34,9.67,10.58,6.44,9.46,13,8,9,6.14,9.5,9.84,9.95,13.46,5.11,8.64,10.08,9.4,2.55,10.57,9.25,12.45,8.67,7.5,11.65,9.95,9.82,5,8.67,13.51,8,10.5,5,8.86,8.36,4.41,9.5,8.9,12.09,15.3,,11,12,8.5,2.2,7.22,11.1,11.06,12.8,0.92,13.08,10,9.4,6.88,,7.7,3,,5.5,9.84,7.6,7,4,10.5,6.2,12.7,8.5,8.14,2,3.06,28,24,13,-4,52
Nevada,Fresno St.,7,11.82,13.81,10,14.53,16.02,11.07,12.13,13.03,16,8.5,16,18.4,16.5,12.14,12.48,12.99,8.9,12.75,14.39,8.6,13.35,9.41,25.31,18.27,9.9,14.46,16.99,12.58,10.2,24,12.78,9.9,11,8,10,4.73,17.16,4.16,22.5,13.1,18.73,26,,13,14.1,8,17.2,12.42,12.5,16.96,3.61,3.01,1.18,9,8.6,15.27,,12.2,16,,4.5,10.52,17,14,6,7.5,15,18,8.4,14.22,5,4.57,40,20,13,-20,60
New Mexico St.,Louisiana-Monroe,-6,-5.65,,-7,-8.47,-3.12,-5.05,-12.71,-5.39,-7,-6.5,-5,-14.87,-6,-5.11,-7.97,-11.38,-4.13,-7.52,-7.29,-9.1,-11.05,-6.12,10.63,-14.12,-4.19,-0.47,-7.43,-7.54,-8.63,-2,-7,-6.01,-12,-8,-12,-4.79,-2,-12.23,-4,-13.6,-11.02,-5.9,,-9,-7.3,-6,-14.4,-7.47,-5,-12.61,-9.07,-34.3,-6.35,-4,-9.1,-0.41,,-12.7,-16,,-1.5,-8.36,-8.5,-3,-6,-8,-9.9,-6.1,-14.2,-9.24,-1,3.89,30,17,13,-13,47
North Texas,Florida Intl.,2,2.94,-0.32,-3,-1.79,-0.72,-3.26,3.48,1.22,8,-1,1,0.01,-1.5,3.51,-4.35,9.15,-3.27,0.62,-4.4,1.4,1.55,1.45,8.28,-0.35,2.52,-0.2,-3.36,1.92,1.9,-10,0.4,3.9,10,3,0.01,2.16,0.1,4.78,-20,0.7,-6.7,8.8,,3,1.2,2,-0.9,1.22,1,5.11,3.36,-1.56,11.48,10,1.4,-1.13,,0.9,3,,-4,-1.14,-6.5,7,-2,2.5,-8.5,-4.6,1.7,-1.49,0.01,4.44,14,17,13,3,31
Notre Dame,Louisville,2.5,4.38,2.49,-1,-1.02,-4.15,3.2,-1.16,3.19,1,5.5,3,-3.79,2.5,3.44,6.51,1.23,1.55,1.26,-1.46,1.9,-0.45,-0.11,2.72,9.46,6.4,6.8,1.61,0.28,2.11,-1,1.25,6.07,-1,4.5,0.01,2.93,3.15,4.74,-3,2.6,0.01,-9.5,,3,-3,2.5,-6.7,0.89,0.3,-2.03,4.35,0.03,5.78,5,1.9,1.27,,4.7,-1,,-2.5,3.89,-0.3,4,-2,3,-1.1,4,-4.3,1.57,-5,3.64,31,28,13,-3,59
Ohio,Northern Ill.,-2.5,-5.99,-6.52,-7,-0.2,-5.03,-2.14,-5.5,-8.96,-4,-9.5,-6,-2.68,-8,-5.01,-7.56,-5.3,-5.93,-5.22,-5.55,-3.6,-2.85,-5.67,-15.97,-8.22,-9.07,-2.54,-3.05,-3.82,-4.26,-7,-5.5,-3.87,-7,-4,-6,-5.8,-8.95,-6.49,1,-6.1,-3.46,4,,-9,-0.2,-3,-4.9,-0.42,-4.9,-11.49,-6.83,-3.17,-4.89,-5,-3.6,-0.5,,-6.4,-3,,-3,-5.89,-4.8,-11,-2,-2.5,-6.7,,-8.2,-3.88,-5,2.76,21,14,13,-7,35
Ohio St.,Indiana,35.5,28.95,30.26,27,31.53,36.83,29.19,33.21,28.89,39,26,38,43.13,36.5,28.3,32.9,32.52,17.12,30.08,28.88,33.9,37.65,31.1,43.84,41.55,21.14,27.52,31.17,29.54,32.2,32,30.55,27.93,35,33.5,31,25.21,32.26,29.45,33,31.2,36.12,31.4,,30,33.2,35,36.7,35.04,30.6,42.6,22.89,4.64,19.11,28,33.9,20.89,,28.9,35,,30.5,21.15,24.5,31,18,35,18.2,36.8,40.1,34.93,17,6.18,27,42,13,15,69
Oklahoma,Kansas,25,32.07,24.53,28,16.58,27.26,27.95,18.21,27.64,28,18,27,23.71,26.5,30.96,21.39,34.04,15.47,24.64,17.89,26.1,21.35,28.38,37.66,39.97,18.32,19.28,26.93,20.4,25.44,26,25.7,35.44,30,25,19,19.81,28.61,26.02,26.5,25.4,30.78,29,,31,23.9,25,12.2,24.54,26.3,33.01,29.68,4.33,29.43,29,23.9,20.38,,25,25,,12,21.37,22.7,31,14,25,18.5,30.5,23.1,29.49,13,6.00,7,44,13,37,51
Old Dominion,Louisiana Tech,-13,-14.54,-13.23,-14,-16.93,-15.49,-15.56,-17.78,-12.35,-12,-13,-19,-24.65,-17,-17.48,-15.34,-20.04,-10.63,-15.04,-17.54,-12.6,-26.15,-14.32,-25.22,-8.15,-4.87,-5.45,-21.51,-8.86,-14.44,-13,-14.77,-12.72,-13,-13,-15,-11.07,-18.06,-15.47,,-18.4,-26.57,-29.7,,-14,-23.3,-13,-19.9,-13.98,-15.1,-26.83,-10.33,-4.72,-4.22,-13,-12.6,-8.01,,-15.7,-20,,-16,-9.16,-14.2,-18,-11,-11.5,-13.1,-16.3,-17.2,-24.13,-10,5.41,27,30,13,3,57
Oregon,Colorado,32.5,31.73,32.18,28,26.74,37.1,27.15,36.27,34.91,35,17.5,42,37.35,41,28.1,32.86,35.75,18.9,30.65,29.29,33.6,38.15,34.37,44.75,35.6,28.02,31.91,30.42,31.76,32.59,33,31.74,30.81,37,32.5,31,20.55,33.6,30.53,25.5,34.9,32.23,31.5,,33,32.7,32.5,38.5,25.66,28.1,33.85,30.98,6.02,31.64,30,33.6,17.04,,32.9,35,,12.5,24.75,28.4,27,17,32.5,24.7,33.6,40.8,32.75,16,6.25,10,44,13,34,54
Pittsburgh,Syracuse,7.5,6.2,5.37,4,5.67,10.62,6.78,1.22,3.51,8,-1.5,7,4.7,6.5,6.02,7.07,2.97,5.22,5.46,6.62,6.4,1.35,7.05,5.72,2.36,5.77,9.59,4.05,8.3,6.87,9,5.69,8.63,3,7.5,7,1.27,5.71,0.6,-2,4.8,2.26,9.3,,6,7.8,7.5,4.3,7.94,9.6,-22.83,5.37,0.56,5.33,7,6.4,8.31,,5.4,2,,0.01,6.67,10,-1,1,7.5,9.8,3.4,5.4,5.53,4,2.84,7,30,13,23,37
Purdue,Northwestern,0,-2.13,-1.83,-4,4.51,-3.75,1.45,-1.92,-3.47,1,1.5,-1,10.16,-2.5,-1.82,1.2,-7.69,-2.44,-1.97,-1.72,-0.1,0.45,0.74,-5,-2.59,-4.14,1.56,0.67,-6.7,-1.81,-6,-2.29,-0.82,-5,-3,-4,-3.13,-2.78,-6.07,3,-7,-0.85,4.5,,-5,-3.2,0,-0.5,2.04,0.01,-12.33,-4.73,-1.45,-14.89,-3,-0.1,1.3,,-6.1,-2,,4,-3.86,-2.9,3,-3,1,-5.5,1.8,-5.1,0.84,0.01,3.83,38,14,13,-24,52
Rice,UTEP,7.5,7.28,4.36,7,3.45,6.24,3.17,8.53,8,7,13.5,5,5.99,5,5.01,5.55,13.81,2.22,6.77,5.66,9.1,9.85,7.73,7.72,11.87,7.4,3.22,5.26,3.11,8.07,3,6.7,8.5,14,10,6,8.47,6.73,10.92,8.5,9.6,4.05,13.8,,8,6.7,7.5,3.9,6.28,5.5,-2.63,8.63,0.12,2.4,9,9.1,4.32,,10.3,13,,9.5,8.43,3.7,11,2,8,2.2,,8.2,3.75,0.01,3.35,13,31,13,18,44
San Diego St.,Air Force,5,2.6,-8.61,-3,-3.29,-4.28,-0.35,-0.45,-2.14,-3,3.5,-6,3.38,-9,2.88,1.63,3.41,-4.68,-0.79,-3.2,4.4,-1.55,0.72,-16.91,6.99,-4.66,1.99,-3.89,-4.72,2.07,-8,-1.7,6.39,6,3,-3,4.09,-8.57,2.49,-10.5,1.4,-4.88,8,,-1,0.6,4,-2.1,2.04,-1.1,5.12,2.4,-2.72,14.27,6,4.4,-1.7,,1.7,5,,-5.5,-2.26,-3.9,4,-2,5.5,-6.3,,-4.1,-0.58,-2,4.63,14,30,13,16,44
South Carolina,South Alabama,24,24.19,12.63,27,21.12,9.71,19.35,30.56,22.51,17,18.5,15,30.34,12,24.76,16.59,28,10.43,21.09,20.2,26.6,29.85,25.28,29.38,,9.64,4.96,19.15,15.28,25.88,26,21.99,23.72,29,25.5,28,22.24,19.22,25.11,,30.2,24.97,21,,23,23.8,24,28.5,21.63,12.2,22.41,21.99,4.61,30.72,24,26.6,14.97,,32.4,30,,17.5,19.02,27.1,21,8,25.5,25.4,21.8,28.2,25.73,2,7.22,12,37,13,25,49
Tennessee,Missouri,5.5,1.8,-0.16,1,6.47,-2.96,4.87,-0.97,-1.64,3,-3,-0.25,5.42,-2.5,5,-0.46,-0.84,-1.11,0.87,1.98,2.4,4.45,3.33,-5.25,-1.15,-4.96,-3.5,5.7,-3.05,2.23,1,1,1.83,1,3,1,-3.11,-1.53,-3.89,1,0.6,7.04,8.5,,1,1.8,4.5,4.2,7.15,1.8,-1.63,-2.6,-1.11,-6.33,3,2.4,2.53,,0.6,5,,0.01,3.62,2.3,-1,-2,3.5,0.5,4.7,-5.2,7.1,-3,3.53,29,21,13,-8,50
Texas St.,Arkansas St.,-7,-9.52,-4.96,-10,-7.8,-2.46,-9.03,-10.02,-8.27,-5,-12.5,-5,-4.06,-6,-10.38,-2.61,-9.36,-6.26,-6.87,-4.82,-7.1,-11.15,-8.43,-11.78,-2.82,-1.35,-0.65,-8.98,-5.71,-6.94,-11,-7.18,-9.16,-2,-6.5,-4,-10.49,-7.96,-2.84,,-8,-13.22,-12.4,,-7,-8,-7,-6.7,-6.8,-3.4,-11.24,-5.62,-2.16,-7.97,-7,-7.1,-4.12,,-8,-8,,-11,-7.18,-7.6,-3,-8,-6,-7.3,,-5,-11.34,-4,3.09,27,45,13,18,72
Toledo,Bowling Green,7,7.13,1.63,5,4.95,6.33,7.12,4.24,7.95,7,6,5,4.99,1.5,8.24,6.84,5.36,2.64,5.92,6.49,7,4.25,11.88,7.16,5.36,-2.25,12.56,6.61,1.32,6.98,19,6,5.13,3,7,4,4.66,4.85,5.1,8.5,6.3,6.91,19.3,,3,8.7,7,5.3,8.66,8.8,12.16,8.61,0.8,2.97,7,1.1,8.3,,6.8,6,,5,7.46,9.1,6,2,7,6.3,,1.6,9,1,3.86,20,27,13,7,47
UAB,Marshall,-18,-16.95,-17.78,-19,-14.51,-14.51,-13.15,-20.19,-21.68,-10,-8,-24,-22.17,-22,-12.66,-21.68,-15.44,-12.75,-17.53,-20.23,-21.1,-21.35,-18.15,-30.56,-21.84,-12.06,-10.35,-13.23,-17.34,-20.26,-19,-18.08,-15.84,-22,-20,-24,-9.63,-19.59,-20.14,-9.5,-23.6,-16.7,-21.7,,-19,-19.7,-18,-24.7,-15.19,-20,-22.65,-21.15,-14.66,-15.88,-17,-21.1,-10.42,,-23.6,-24,,-5,-18.16,-13.8,-10,-13,-20,-13.9,-18.6,-28.1,-15.46,-18,4.71,23,18,13,-5,41
UCLA,USC,4,4.93,7.46,3,3.57,0.01,2.47,2.24,8.47,6,-2.5,8,0.15,11,2.95,4.73,4.02,3.04,3.41,4.29,2.4,0.95,4.67,6.88,0.01,6.32,8.5,6.06,5.13,2.8,4,3.35,3.85,3,3.5,5,-1.38,6.75,1.4,2,0.01,2.99,7.4,,3,-2.5,4,1.1,6.96,0.8,5.31,1.02,1.43,-1.63,3,2.4,4.06,,0.01,4,,0.01,6.38,4.6,1,1,3.5,3.5,5,3.2,2.9,-4,2.99,20,38,13,18,58
Utah,Arizona,4.5,5.53,-0.01,3,2.33,4.3,6.18,4.81,2.91,3,5,2,2.34,1,5.83,6.3,3.91,1.07,3.42,4.76,2.9,3.65,5.68,2.09,-6.34,4.06,-1.5,3.54,5.52,3.7,4,3.94,7.05,4,3,4,3.99,2.51,0.01,0,4.1,1.51,14,,5,-0.5,4.5,4.8,4.25,1.9,-5.12,3.98,-0.54,7.46,6,2.9,4.29,,4.2,2,,-0.5,3.97,-0.5,3,2,4,-2.3,3.2,10.5,3.11,0.01,3.01,42,10,13,-32,52
Utah St.,San Jose St.,14.5,16.89,17.29,19,15.73,18.51,13.46,19.26,19.88,22,13,14,21.35,18,16.23,15.3,14.47,13.58,16.12,21.12,14.6,20.45,18.79,30.88,9.94,16.52,9.59,15.77,17.76,15.8,15,16.23,14.11,22,11.5,21,10.15,23.74,8.3,19.5,16.7,15.06,21.8,,15,20.4,14.5,24.4,9.4,12.4,8.1,10.05,3.49,10.95,9,14.6,11.46,,15.2,19,,6.5,14.1,17.1,21,8,13.5,15.7,,28,15.12,7,4.64,7,41,13,34,48
Virginia,Miami (Fla.),-4,-7.67,-8.17,-10,-7.82,-6.5,-6.4,-9.33,-8.62,-7,-3.5,-7,-13.64,-8.5,-5.94,-4.58,-9.29,-5.58,-6.74,-8.19,-6.6,-8.75,-4.52,-15.06,-3.57,-1.72,6,-7.78,-8.53,-5.57,-10,-7,-7.64,-8,-7,-6,-4.59,-9.23,-11.6,-6.5,-3.2,-10.88,-6,,-7,-4.8,-4.5,-9.3,-6.59,-5.5,2.12,-4.9,-1.65,-3.26,-4,-4.4,-6.06,,-2.8,-4,,-7,-7.15,-5.7,-7,-6,-5.5,-5.9,-9.8,-12.4,-7.33,-5,3.05,13,30,13,17,43
Wake Forest,Virginia Tech,-13.5,-18.89,-16.01,-21,-14.07,-17.73,-15.61,-10.11,-18.45,-13,-1.5,-12,-14.41,-14.5,-17.47,-22.75,-16.34,-12.4,-14.08,-14.47,-16.1,-11.55,-17.61,-18.5,-17.48,-7.52,-4,-14.74,-14.69,-16.08,-22,-15.04,-19.31,-10,-14,-13,-4.94,-18.38,-14.06,-18,-18.8,-19.97,-16.6,,-18,-19.5,-13.5,-13.4,-16.36,-10.6,-29.03,-15.37,-4.87,-15.33,-14,-16.1,-12.34,,-19.3,12,,2,-17.01,-16.1,-7,-10,-15,-15.6,-19,-10.8,-20.49,-7,6.05,3,6,13,3,9
Washington,Oregon St.,7,7.1,6.53,7,9.72,9.87,9.12,6.9,7.45,10,11,8,12.86,8,8.8,9.57,10.22,4.5,7.94,8.68,7.6,7.35,6.73,15,8.31,6.46,9.88,9.32,5.61,7.07,4,7.85,5.12,8,6.5,9,9.62,9.74,8.11,4,6.7,9.35,18.7,,5,7.7,7,8.4,6.55,6.7,4.85,4.18,0.8,6.36,6,7.6,6.27,,7.5,9,,11.5,7.18,8.8,10,3,6.5,6,8,12.4,10.01,3,2.56,13,37,13,24,50
West Va.,Kansas St.,2.5,-3.2,-1.76,-3,-0.23,-4.14,-3.4,-4.2,-4.02,-1,0.5,-2,-2.07,2,-1.73,-2.92,-2.92,-1.94,-2.42,-0.33,1.4,-4.35,-1.28,-5.16,-4.27,-4.41,-7.6,-0.44,-4.22,-1.03,-2,-3,-3.45,-3,1,-3,-3.49,-2.19,-3.93,1,-4.4,-3.7,3.7,,-2,-5.9,1.5,-2.8,4.22,0.4,8.03,-3.96,-1.14,-7.97,3,1.4,1.12,,-3.9,-1,,-3,-0.65,4.1,-3,-5,2.5,2.8,,-8.6,-3.13,-6,2.77,26,20,13,-6,46
Western Kentucky,Texas-San Antonio,10,8.61,9.38,7,10.22,9.73,10.72,2.25,8.71,12,2,14,6.91,12.5,8.52,2.13,-1.86,6.99,8,9.81,7.9,11.15,6.44,10,15.81,5.99,6.93,8.56,8.85,7.8,6,8.11,8.24,12,8,12,4.48,10.73,5.77,,4.8,8.21,17.1,,8,5.8,10,14.2,5.22,7.2,5.84,6.81,0.96,5.44,8,7.9,9.34,,3.5,10,,6,7.78,3.3,11,2,9,1.7,12.6,12.5,8.49,5,3.68,7,45,13,38,52
Wyoming,Boise St.,-14,-12.99,-14.96,-11,-6.25,-15.65,-10.43,-10.59,-15.09,-11,-3.5,-17,-9.86,-18,-11.18,-11.52,-9.5,-9.56,-11.59,-9.29,-13.1,-8.95,-14.91,-24.56,-14.51,-6.87,-6.78,-9.52,-9.45,-12.91,-19,-11,-12.28,-11,-14,-10,-7.64,-17.11,-9.05,-12,-13.3,-12.25,-10.1,,-17,-16.1,-14,-5.5,-8.56,-12.5,-12.57,-17.22,-4.08,-16.94,-13,-13.1,-7.75,,-12.8,-8,,-2.5,-14.05,-13.2,-17,-11,-12,-13.2,-10.7,-14.2,-12.31,-9,3.66,63,14,13,-49,77
Air Force,Colorado St.,-7.5,-8.04,-7.33,-7,-6.23,-2.09,-6.92,-8.69,-8.74,-4,-3.5,-7,-6.68,-7,-5.98,0.12,-7.05,-4.31,-6.34,-4.93,-8.1,-11.05,-6.45,-9.79,-11.08,-1.07,-7.17,-5.38,-2.89,-7.19,-7,-6.92,-8.92,-6,-8.5,-9,-3.11,-7.22,-5.2,5.5,-9.2,-8.35,-7,,-4,-3.8,-7.5,-11.5,-4,-3.5,5.4,-5.99,-2.39,-10.34,-8,-8.1,,,-9.4,-11,,-7,-5.73,-3.7,-4,-4,-7,-3.3,-7.8,-9.1,-9.89,-6,2.69,24,27,14,3,51
Alabama,Auburn,9.5,8.5,9.65,10,14.14,11.54,5.28,12.66,9.52,11,6,13,8.43,14,7.8,6.25,9.18,5.26,9.83,11,8.4,12.45,8.06,6.82,15.78,11.6,12.5,7.97,12.71,9.23,6,9.52,8.29,10,9.5,13,6.57,6.82,4.64,10,7.5,7.59,18.8,,8,9,9.5,17.6,12.69,9.6,18.17,5.28,1.42,5.69,10,8.4,,,7,12,,19.1,8.62,8.3,11,2,9.5,7.6,9.5,11.2,8.13,7,3.44,44,55,14,11,99
Appalachian St.,Idaho,17,15.14,18.28,14,22.76,21.82,15.19,24.44,17.25,17,12,24,17.59,23.5,16.6,11.53,16.32,13.92,18.08,21.37,18.1,24.65,20.15,-5.46,35.8,16.03,6.81,18.69,26.44,17.46,4,17.25,11.52,22,16.5,24,7.13,15.69,12.93,,17.1,17.76,32.3,,17,15.6,17,30.4,21.92,20.9,9.94,11.86,24.65,5.38,18,15.9,,,14.8,26,,22.3,14.57,11.4,24,9,17,10.2,19.8,25.5,17.66,9,6.44,28,45,14,17,73
Arizona,Arizona St.,2,1.22,4.78,1,8.96,-0.18,1.35,4.37,3.59,4,-4,5,4.96,5,2.44,6.04,2.85,0.84,3.18,4.49,3.1,4.85,3.31,6.07,-0.01,1.69,2.5,4.53,5.58,3.13,4,3.31,-1.05,4,,3,-4.52,4.16,4.11,4.5,2.2,3.19,15.8,,1,6.6,2,8.3,8.31,3.5,-3.04,-1.47,0.76,-7.55,3,1.1,,,2,10,,-3,5.54,6.5,1,-2,,5.4,-0.2,0.6,4.97,2,3.60,35,42,14,7,77
Arkansas St.,New Mexico St.,24,23.93,22.31,21,22.27,20.09,21.03,23.75,22.75,26,23,26,25.22,26.5,24.12,18.99,31.28,14.45,21.56,18.01,21.4,23.65,26.01,-2.71,19.57,16.68,12.38,23.83,19.82,22.1,16,21.96,24.05,26,21.5,18,20.49,19.48,21.96,20,22.9,26.19,32,,24,19.5,24,21,21.51,21,42.03,24.65,35.84,20.96,22,21.4,,,21.8,27,,13.3,20.15,20.1,22,14,22.5,17.1,24.1,25.1,24.8,8,4.34,35,68,14,33,103
Boise St.,Utah St.,9.5,7.16,9.52,4,9.68,7.34,6.66,7.32,8.54,7,1.5,9,7.25,9,6.29,7.82,5.49,2.85,6.81,3.51,7.9,6.45,8.68,8.54,17.14,3.08,5.86,7.77,4.77,8.27,6,7,6.6,7,9,5,4.63,8.76,7.97,3.5,8.7,6.9,7.2,,9,7.8,9,6.2,11.89,7.6,8.76,8.53,1.41,9.39,9,7.9,,,9.2,10,,4.7,8.24,6.1,7,2,9,4.7,8.5,3.8,6.07,-1,2.79,19,50,14,31,69
Boston College,Syracuse,11,10.52,13.65,12,13.85,15.17,10.16,13.45,9.98,17,5.5,11,10.42,13,10.65,8.57,10.02,10.08,10.73,13.4,9.9,13.55,11.23,21.89,6.11,9.77,6.54,12.07,12.53,10.23,14,10.67,10.44,12,11,11,3.7,16.34,3.98,-1.5,7.8,10.67,14.4,,8,8.9,11,15.8,13.06,11.1,-4.68,7.1,2.28,6.12,7,9.9,,,7.4,11,,12.1,10.42,15.2,8,4,11,14.3,9.7,11.7,10.57,5,3.07,7,28,14,21,35
Bowling Green,Ball St.,10,8.45,13.34,7,9.84,6.76,5.57,9.76,10.43,19,4,14,0.97,15,7.62,2.36,5.15,6.96,7.9,7.4,8.9,10.85,9.05,7.96,7.28,11.25,1.05,6.61,11.73,8.65,-1,7.62,6.99,12,8,10,5.7,12.48,8.29,2,7.7,4.05,16.6,,8,5,10,10.9,8.97,3.9,-3.75,6.59,1.74,8.1,9,8.9,,,7.5,13,,4.7,8.24,2,4,4,10,1.5,6.4,14.3,5.89,0.01,4.18,41,24,14,-17,65
California,BYU,3.5,2.12,-0.47,3,6.32,-5.32,5.91,5.02,2.22,5,7.5,-1,5.34,0.5,1.7,7.86,-3.5,-0.01,2.49,4.87,3.4,6.15,3.53,0.64,23.19,2.63,6,3.9,2.96,3.67,4,2.9,2.47,-3,3.5,4,3.97,0.22,-9.64,-2,2.4,2.57,14.7,,-2,5,3.5,4.3,5.69,-4.4,-12.85,2.07,0.72,-5.09,1,3.4,,,4.3,1,,0.6,5.11,3.8,-1,-7,4.5,2.2,2.9,4,4.81,-7,4.99,42,35,14,-7,77
Clemson,South Carolina,6.5,5.26,7.92,3,-0.97,14.97,3.57,1.08,5.96,6,5,11,4.26,11,6.51,-2.64,5.46,3.26,4.47,2.05,1.8,3.55,4.18,11.54,-0.22,8.59,11.61,4.94,5.14,1.84,11,4.18,3.25,6,5,0.01,2.63,8.57,1.09,12,-2.6,2.06,24.6,,3,3.6,6.5,-0.7,5.99,6.9,9.08,3.98,-0.13,1.41,3,-1.1,,,-3.2,7,,9.5,5.99,-1.2,7,2,,-3.9,-7.9,2,3.96,5,5.01,17,35,14,18,52
Colorado,Utah,-7,-12.77,-14.22,-11,-2.55,-14.51,-9.92,-8.78,-14.19,-10,-8,-15,-11.84,-15.5,-9.97,-13.36,-12.37,-10.12,-10.73,-8.17,-10.1,-7.35,-8.51,-27.61,-3.22,-13.45,-11.91,-9.47,-14.65,-9.83,-17,-10.87,-12.99,-10,-9,-11,-8.85,-17.25,-7.89,-10,-11.5,-10.87,-18.1,,-11,-9.7,-7.5,-4.3,-1.78,-8.5,-19.77,-12.12,-4.05,-17.54,-9,-10.1,,,-10.5,-7,,-13.4,-10.41,-8.2,-7,-6,-9,-8.3,-7.7,-14,-11.58,-7,3.63,38,34,14,-4,72
Duke,Wake Forest,17.5,23.01,19.83,21,16.83,23.59,20.43,14.69,21.55,25,14.5,17,23.1,18,22.65,18.83,18.93,14.6,18.9,14.96,18.4,15.05,18.66,33.54,25.46,16.16,20.96,20.78,13.77,19.17,22,18.93,23.43,17,18,13,17.55,25.14,20.95,22.5,20.7,22.22,27.4,,22,20.2,17.5,11.2,17.11,18.8,26.18,19.04,3.37,25.15,18,20.6,,,20.9,18,,10.4,18.48,18,22,10,19.5,15.3,24.2,13.1,22.39,11,4.16,21,41,14,20,62
Eastern Mich.,Toledo,-23,-22.53,-18.31,-22,-17.09,-18.73,-17.68,-21.44,-21.61,-18,-13,-22,-26.16,-21,-22.28,-7.73,-25.85,-14.83,-19.92,-15.14,-21.9,-25.05,-21.4,-0.61,-20.63,-11.6,-15.3,-16.45,-19.69,-22.75,-24,-21,-22.28,-22,-22.5,-23,-14.09,-16.13,-24.18,-22.5,-25.4,-22.16,-25.4,,-20,-22.8,-23,-21.1,-17.91,-22,-7.83,-20.52,-4.47,-17.27,-23,-24.1,,,-24.9,-25,,-13,-18.81,-19.3,-21,-14,-23,-18,-21.2,-25.3,-25.11,-12,4.23,52,16,14,-36,68
Florida Atlantic,Old Dominion,3.5,1.53,-1.18,3,0.26,-0.93,4.74,3.21,-0.63,3,13.5,-1,5.42,-3,2.19,-0.62,6.69,-1.31,2.86,0.93,4.1,4.65,4.46,2.64,-2.89,0.22,1.61,3.81,-1.63,3.51,7,3,3.06,8,5,1,11.76,0.61,9.63,,4.9,3.13,19.1,,4,4.7,3.5,0.2,1.67,-0.01,15.21,5.87,-1.3,9.3,6,4.1,,,5,7,,-5.3,1.96,5.5,8,-1,3,4.5,0.9,0.9,4.13,-4,4.25,31,28,14,-3,59
Florida St.,Florida,7,5.28,14.59,6,3.85,4.88,4.13,13.67,12.27,13,10,15,1.01,21.5,3.85,14.4,11.86,7.3,9.86,6.24,8.6,8.95,7.93,13,3.51,24.03,17.5,8.28,10.45,9.06,19,10,0.96,15,10.5,11,11.4,12.37,14.06,5.5,11.1,3.57,8.1,,12,10.7,7,8,3.63,3.5,-15.34,10.43,13.02,17.72,9,8.6,,,9.6,12,,23,10.51,2,15,6,7.5,-0.3,6.9,16.9,0.42,0.01,6.07,19,24,14,5,43
Fresno St.,Hawaii,9.5,9.75,7.86,6,7.76,5.04,5.02,11.27,9.41,10,4.5,9,4.9,9.5,6.38,3.99,13.02,4.58,8.19,7.87,9.9,10.45,10.22,13.64,13.67,9.57,0.01,5.34,10.86,10.98,-1,9,12.86,12,10.5,12,8.81,9.82,15.82,-7,11.3,2.4,15.7,,11,12.5,9.5,13.8,8.36,3.5,-6.27,8.01,0.84,12.44,9,12.1,,,12,9,,4.6,8.49,4.5,7,1,11,4.2,3.2,15.1,4.03,2,4.00,21,28,14,7,49
Georgia,Georgia Tech,11.5,16.63,7.78,10,9.71,15.94,11.96,9.93,14.81,10,10,12,16.22,8.5,14.42,18.73,13.2,5.72,11.44,10.93,11.4,9.95,12.92,10.86,15.55,6.56,8.5,11.1,7.4,11.96,3,11,19.91,11,12.5,7,11.22,7.83,12.04,12,14.5,14.86,22.8,,11,8.1,11.5,4.9,10.69,13.8,13.46,14.1,2.86,17.64,10,11.4,,,15.1,13,,1.8,12.31,14.3,10,3,12.5,13,18.7,9.6,16.69,9,4.32,30,24,14,-6,54
Georgia Southern,Louisiana-Monroe,15.5,14.17,16.39,13,10.21,16.57,13.61,7.61,14.04,19,8.5,19,15.41,19,14.5,11.76,13.33,10.58,12.82,12.12,13.4,10.05,16.5,15.25,20.94,12.13,10.92,15.44,6.9,12.54,13,13,13.31,10,13,10,5.73,18.06,1.85,,6.5,15.27,25.7,,15,10.6,15.5,7.3,10.99,19,16.37,15.61,2.74,3.2,13,13.4,,,5.3,11,,15.1,13.2,12.3,18,8,14.5,8.8,18.5,11.5,14.93,12,4.46,16,22,14,6,38
Georgia St.,Texas St.,-13.5,-12.01,-16.26,-11,-14.4,-17.57,-9.57,-12.63,-12.89,-13,-3,-19,-14.96,-17,-11.32,-11.51,-14.53,-10.62,-12.76,-10.77,-14.6,-15.65,-10.83,13.07,-20.75,-11.35,-4.5,-10.13,-14.33,-13.88,-8,-11.96,-11.03,-14,-13,-17,-3.29,-7.78,-18.87,,-17.2,-14,-16.2,,-11,-15.6,-13.5,-16.7,-9.85,-17.6,-27.18,-10.93,-47.83,-5.38,-8,-14.6,,,-17.2,-15,,-8.8,-13.22,-10.2,-7,-11,-13.5,-10.5,-11.9,-23.2,,-11,3.97,54,31,14,-23,85
Indiana,Purdue,3,3.04,1.78,3,0.27,2.62,-0.86,5,3.67,3,-1.5,3,0.01,3.5,3.34,-3.11,7.13,0.59,3.49,0.39,3.6,3.05,4.49,-1.89,-4.04,6.66,2.35,1.44,5.7,3.49,4,3.05,2.13,9,3,4,2.23,3.17,10.36,-8,5.7,-1.18,15.4,,6,2.5,3,4.4,2.61,2.9,-18.29,5.29,-0.11,18.19,4,3.6,,,5.5,6,,-8.3,5.81,4.6,8,-2,2.5,6.2,1.2,2.5,-0.82,2,4.14,16,23,14,7,39
Iowa,Nebraska,0,-2.2,-5.44,-3,1.39,-0.95,-5.86,4.05,-0.92,-1,-4,-5,-5.03,-4.5,-2.51,-3.19,-3.98,-2.05,-1.64,-1.09,-0.9,0.35,0.72,-5.25,2.92,-0.6,-2.3,-6.44,1.49,-0.86,-4,-2,-2.93,1,1,-1,-4.13,-3.06,-1.7,-9,-2,-10.04,7.3,,-2,-0.9,0,2.9,4.74,-3.8,-2.12,-4.32,-1.08,-1.89,-1,-1.1,,,-1.2,4,,-0.4,-4.16,-1,-3,-3,0,-0.9,-5.5,3.1,-5.25,-2,3.10,37,34,14,-3,71
Iowa St.,West Va.,-12.5,-11.98,-17.71,-10,-15.42,-17.17,-11.44,-11.48,-11.1,-21,-3,-19,-16.73,-19.5,-12.79,-13.82,-8.56,-9.84,-12.94,-12.12,-14.5,-18.05,-18.24,-22.57,-20.27,-7.34,-7.77,-12.84,-14.86,-14.5,-16,-13.82,-11.06,-14,-13,-14,-0.43,-16.73,-11.59,-7,-13.8,-16.56,-23,,-13,-14.7,-12.5,-17.5,-15.8,-15.7,-6.74,-12.57,-3.32,4.2,-14,-1.1,,,-14.3,-16,,-12.7,-11.21,-14.6,-1,-8,,-13.4,5.5,-16.9,-15.72,-9,5.36,37,24,14,-13,61
Kansas St.,Kansas,26.5,30.76,26.76,28,24.08,31.29,26.16,23.77,29.34,30,19,24,30.57,24,29.47,24,33.61,16.18,25.91,21.23,27.4,29.15,28.07,39.57,22.91,21.96,26.78,25.9,25.42,27.36,23,26.3,31.57,29,26.5,24,21.31,30.73,24.81,16.5,27.2,29.23,29.3,,27,26.8,26.5,23.7,24.86,26.9,47.33,29.69,5.19,24.94,25,27.4,,,26.3,29,,20.4,20.84,22.4,31,14,28.5,18.7,31.2,32.9,30.41,14,4.41,13,51,14,38,64
Kent,Akron,-3,-5.39,-7.53,-3,1.22,-9.81,-3.71,2.79,-4.63,-2,3,-8,-3.1,-10,-6.23,1.52,-3.1,-6.9,-2.88,0.01,-4.6,1.45,-4.5,11.21,,-2.84,-2.13,-2.03,-0.67,-3.72,2,-3,-4.8,3,-4.5,-1,2.15,-3.15,0.87,1,-3.9,-5.33,-6.8,,-1,-6.8,-3,3.2,0.31,-8.1,-6.16,-7.58,-1.77,1.46,-2,-4.6,,,-3.8,-1,,1.9,-4.43,-5.9,-1,-2,-3.5,-6.4,-4.1,,-4.97,-5,3.42,24,27,14,3,51
Louisiana Tech,Rice,7.5,7.05,4.72,3,12.37,8.16,7.75,3.06,3.32,4,4.5,8,12.94,6.5,10.35,3.38,13.96,2.76,7.17,5.66,5.9,8.05,8.06,4.61,2.5,0.93,6.64,14.29,4.01,6.91,10,7,7.44,4,6.5,1,7.78,7.71,3.19,21.5,7.2,16.07,23.8,,7,13,7.5,3.7,10.72,9.1,37.63,4.36,0.69,5.34,7,5.9,,,5.3,8,,2.3,7.06,9.8,18,2,7,7.6,16.3,-0.5,12.2,6,4.76,31,76,14,45,107
Louisville,Kentucky,12.5,11.5,13.14,12,14.65,22.87,9.3,20.52,12.49,19,3,16,11.54,16.5,13.65,-1.2,17.76,7.32,14.06,11.86,13.6,18.65,16.88,16.61,8.81,9.94,1.8,14.82,11.82,14.03,29,13.65,7.98,23,14,15,9.28,16.38,19.39,17,14.1,13.82,29.3,,15,19.3,12.5,22.6,14.91,12.8,13.86,12.7,0.08,15.34,14,13.6,,,12,24,,12.8,11.6,9.8,21,9,12.5,6.1,14.8,19.2,10.38,8,5.87,40,44,14,4,84
Marshall,Western Kentucky,23.5,19.37,22.32,18,19.15,18.57,15.01,13.54,22.74,20,19,37,16.49,31,17.01,22.56,18.64,12.89,19.94,18.51,22.4,20.45,20.87,30.21,30.95,18.93,16.34,20.14,18.42,22.23,15,19,17.69,19,21.5,20,15.07,23,17.43,,25.5,21.59,34.3,,19,24.1,22.5,14.8,21.98,23.8,17.33,21.8,14.67,11.19,19,22.4,,,25.7,21,,13.2,18.51,20.1,17,9,23.5,18.4,26.3,21.5,18.4,15,5.07,67,66,14,-1,133
Maryland,Rutgers,7.5,11.89,7.54,8,9.77,9.88,9.6,8.62,9.45,11,8,9,12.17,9,13.11,6.2,8.92,5.25,8.59,7.08,9.1,11.05,9.7,11.86,11.07,5.58,3.63,7.43,6.15,9.19,13,8.92,12.34,9,9,10,3.59,10.55,7.37,2,10.5,6.9,23.4,,9,9.7,7.5,8.3,7.41,8.2,4.39,5.21,1.01,-2.23,11,9.1,,,10.8,9,,6.2,8.09,9.5,4,3,8,8.3,8.1,9.7,11.76,3,3.43,41,38,14,-3,79
Massachusetts,Buffalo,-2.5,1.83,1.04,5,2.47,0.23,5.25,3.34,0.56,7,6.5,2,-0.35,1,3.95,3.46,-0.2,1.77,2.82,6.24,-0.9,0.25,1.49,3.68,3.5,2.01,4.02,5.42,1.39,1.11,3,2.47,1.02,-1,-1,1,4.44,2.01,-3.6,,3.7,4.84,18.5,,1,5.4,-1,0.6,5.56,2.8,16,2.66,0.41,1.82,1,-0.9,,,4,-4,,8.6,6.17,4.9,4,-3,-2,3.7,0.7,4.2,4.49,-1,3.33,41,21,14,-20,62
Memphis,Connecticut,23.5,26.32,26.69,25,25.9,30.49,25.16,23.01,24.24,31,15.5,24,30.07,26,28.08,21.54,22.89,18.04,24.24,23.63,22.1,28.55,25.06,21.43,29.49,20.31,13.8,27.35,21.61,24.33,20,25,25.24,24,20.5,24,13.75,30.01,25.84,20.5,30,29.56,30.3,,24,29.7,23.5,27.1,23,26,21.97,19.55,4.33,14.77,21,22.1,,,30.7,27,,24.8,19.01,23.3,24,10,21,19,26.8,27.6,30,15,4.73,10,41,14,31,51
Miami (Fla.),Pittsburgh,10.5,11.13,11.3,10,11.95,8.77,8.99,10.98,12.28,13,15,12,9.62,12.5,9.41,6.5,12.29,5.62,9.99,10,9.4,11.35,11.57,18.25,8.26,5.17,1.2,13.73,9.78,9.42,11,10,10.93,13,9.5,8,14.59,13.99,13.33,15.5,9.1,13.59,24,,10,8.1,10.5,8.9,11.5,6,14.3,11.11,1.69,12.76,8,1.1,,,8.4,10,,18.1,10.11,9.8,14,3,,7.4,-3.1,10.2,8.86,2,4.02,35,23,14,-12,58
Miami (Ohio),Ohio,-3.5,-1.26,-6.35,-3,0.24,-3.15,-0.59,-1.58,-4.83,-6,5.5,-4,-1.21,-5,0.65,-3.95,-1.12,-4.31,-1.76,1.64,-2.4,-2.15,-2.31,10.89,-10.14,-3.37,1.63,1.75,-2.23,-3.09,3,-2,0.52,-2,-1,-2,5.18,-2.71,-4.66,-1,-3.7,1.47,7.5,,-2,-6.3,-3.5,-0.7,-0.01,-1,1.66,-0.83,-1.43,-1.97,-3,-4.6,,,-4.4,-2,,-1.5,-1.72,2.6,-3,-3,-3.5,2.3,,-3.2,-1.37,-1,2.92,24,21,14,-3,45
Mississippi,Mississippi St.,-2.5,2.43,-1.62,3,-4.09,3.9,3.69,-3.74,-2,1,-0.5,1,2.71,-1,4.48,-1.32,3.48,-0.79,-0.09,-2.86,-1.4,-5.35,1.19,-0.79,-6.07,-6.71,-2.5,1.91,-3.33,-1.53,2,0.2,4.92,1,-1,-5,2.26,1.16,1.79,3.5,-2.7,1.08,16.1,,3,-3,-2,-0.8,1.87,0.5,8.74,0.2,-1.91,4.29,-1,-3.6,,,-2.2,-1,,-8.7,1.07,-0.5,6,-3,-2.5,-1.9,2.4,-6.2,1.85,2,3.97,17,31,14,14,48
Missouri,Arkansas,-3,1.54,1.39,-2,-7.78,2.37,-0.24,-2.86,5.4,2,3,3,-2.07,4,-2.37,3.43,4.46,2.23,0.42,-2.32,-1,-8.35,-1.68,3.54,-7.91,11.45,12.7,-2.96,0.82,-0.97,3,-0.04,1.86,0.01,-3,-2,3.64,5.14,2.01,-1,-1.6,-8.17,3.6,,1,-2.1,-3,-10.4,-0.33,-3.1,-16.39,-0.01,0.14,10.93,-3,-1.1,,,-1,-3,,7.3,2,-1.4,4,-2,,-2,-1.5,6,-4.98,-4,4.85,14,21,14,7,35
New Mexico,Wyoming,4,0.17,-1.04,1,4.9,4.68,0.27,2,-2.25,3,3,1,0.45,0.5,1.99,3.52,0.15,-0.99,2.17,3.27,3.4,4.15,2.66,-3.5,1.12,-0.53,4.1,0.52,3.35,3.46,7,2,0.9,2,4.5,2,0.26,-0.33,1.55,1,1.9,-0.15,12.8,,3,6.7,4,3.5,0.94,3.2,-10.14,0.57,-1.01,-1.22,1,3.4,,,2.1,4,,4,2.4,2.5,3,2,4.5,2.2,3.3,6.5,-1.46,3,2.47,30,36,14,6,66
North Carolina,NC St.,6.5,7.54,4.56,7,11.78,1.39,4.35,9.8,7.16,8,7.5,8,7.89,7,7.93,8.39,9.14,3.22,8.5,9.93,7.6,10.65,8.52,8.14,13.4,4.42,-0.26,6.82,10.75,8.17,15,8,7.22,12,7,10,9.01,7.39,16.11,9.5,11.3,6,23.7,,8,9.3,6.5,10.5,11.07,2.2,8.33,3.88,0.65,17.04,10,7.6,,,11.7,15,,8,6.87,9.8,11,3,6.5,9.1,6,11.4,6.13,-1,4.23,35,7,14,-28,42
Northwestern,Illinois,7.5,10.78,5.51,10,10.81,15.43,10.56,11.96,7.74,12,12.5,6,10.96,6.5,11.73,5.03,9.19,4.83,10.71,11.95,9.1,13.15,11.46,9.54,14.97,6.88,6.04,9.58,16.16,10.33,17,10.81,12.18,15,7.5,13,12.34,8.99,11.73,13,14.3,10.11,21.1,,12,11.5,8,16.7,13.84,11.6,7,7.37,0.42,13.52,8,9.1,,,13.3,13,,4.6,8.56,10.2,7,3,8,8.6,10.4,15.7,10.3,3,3.77,47,33,14,-14,80
Ohio St.,Michigan,21,21.79,21.9,20,19.89,25.04,20.22,20.37,22.08,26,18.5,23,23.39,24.5,20.85,19.67,23.05,13.05,20.98,20,22.1,25.25,21.59,27.96,24.99,17.15,22.97,20.93,23.34,21.23,21,21.79,21.3,25,20,22,16.25,22.92,21.82,25,22.2,23.31,23,,21,21.8,21,20.3,22.89,22.7,27.86,14.68,3.23,11.23,18,22.1,,,20.6,26,,20.1,17.6,22.1,21,10,21,19,23.4,28.3,23.46,9,3.74,28,42,14,14,70
Oregon St.,Oregon,-20,-21.59,-22.31,-24,-23.46,-21.67,-20.82,-24.09,-21.98,-21,-13.5,-25,-26.25,-28,-19.43,-17.17,-19.6,-12.66,-21.11,-21.09,-20.6,-26.95,-22.92,-30.46,-16.29,-14.79,-22.38,-20.63,-17.88,-21.03,-24,-21,-22,-20,-20,-21,-10.4,-20.71,-18.52,-13.5,-24.1,-25.84,-26.8,,-21,-22.7,-20,-29.9,-18.2,-20,-13.63,-19.94,-4.52,-12.2,-20,-20.6,,,-22.8,-22,,-24.9,-19.19,-21.7,-14,-15,-19.5,-19.5,-20.4,-32,-27.5,-15,4.22,47,19,14,-28,66
Penn St.,Michigan St.,-13.5,-13,-12.54,-16,-15.15,-13.72,-11.44,-15.11,-13.85,-13,-10.5,-9,-17.35,-11.5,-12.39,-13.12,-13.07,-7.36,-13.2,-11.59,-14.1,-19.85,-13.81,-20.21,-21.01,-11.73,-13.58,-13.68,-14.11,-14.23,-7,-13.12,-11.57,-15,-13,-16,-8.47,-12.29,-13.44,-7,-18.5,-17.67,-9.6,,-11,-17.2,-13.5,-16.6,-13.27,-15.2,-9.17,-12.42,-3.01,-10.4,-7,-14.1,,,-17.3,-14,,-12.4,-10.43,-9.2,-10,-8,-13,-7.2,-14.5,-22.1,-17.73,-6,3.50,34,10,14,-24,44
SMU,Houston,-21.5,-20.74,-21.02,-20,-19.12,-33.43,-18.18,-18.26,-19.38,-23,-19.5,-24,-25.95,-22,-19.19,-16.32,-21.52,-25.26,-20.92,-16.53,-23.1,-27.05,-24.37,5.39,-18.97,-8.42,-17.49,-19,-17.54,-23.26,-19,-21,-22.48,-23,-21.5,-22,-17.34,-15.36,-21.84,-23.5,-28.9,-25.5,-25,,-21,-26.3,-21.5,-19,-19.51,-29.8,-25.92,-21.63,-15.2,-13.52,-16,-23.1,,,-29,-25,,-15.3,-18.7,-21.8,-21,-14,-22,-21.7,-25.6,-23.8,-24.62,-20,4.70,35,9,14,-26,44
San Diego St.,San Jose St.,14,11.34,10.34,10,14.49,11.81,7.8,16.42,11.41,16,7.5,9,9.47,11,11.7,9.75,9.43,8.4,11.21,14.02,13.9,16.75,12.21,14.14,7.19,11.67,8.77,8.85,15.84,13.85,8,10.37,10.37,12,13.5,20,6.02,12.85,5.99,8.5,12.9,8.04,15.6,,9,18.6,13.5,19.3,8.69,8.7,16.63,8.63,1.48,10.04,8,1.1,,,11.6,15,,22.8,9.24,11.4,11,4,,10.3,-6.2,20.8,8.8,5,4.58,7,38,14,31,45
South Alabama,Navy,-8.5,-7.14,-3.69,-8,-9.09,-3.21,-5.6,-15.09,-4.99,-1,0.01,-4,-7.61,-0.5,-7.41,-3.86,-13.08,-3,-6.59,-6.01,-8.4,-14.55,-8.79,-8.61,-2.92,2.07,1.67,-4.72,-0.88,-8.75,-17,-6.9,-8.29,-12,-9.5,-10,-3.33,-4.71,-12.09,,-9.3,-9.98,-5.2,,-8,-6.9,-8.5,-16.7,-5.12,-4.9,-20.42,-8.06,-1.13,-6.01,-7,-8.4,,,-9,-12,,-1.2,-5.23,-6.8,-7,-5,-9.5,-7.4,-8.3,-8.8,-10.15,-5,4.37,42,40,14,-2,82
South Florida,Central Florida,-11,-13.05,-9.66,-15,-8.33,-16,-10.35,-13.42,-12.04,-7,-7,-10,-12.56,-8,-13.01,-8.79,-14.46,-9.65,-11.24,-8.32,-13.1,-15.95,-11.18,-11.89,-10.15,-9.02,-2.77,-8.32,-7.83,-12.3,-16,-11.1,-13.18,-14,-11.5,-14,-7.71,-13.41,-18.2,-7,-14.9,-11.4,-11,,-14,-9.3,-11,-9.5,-9.78,-11.5,1.42,-10.44,-2.21,-13.64,-13,-13.1,,,-15.3,-13,,-5.4,-9.37,-7,-14,-9,-12,-8.1,-11.1,-16.3,-12.43,-9,3.14,16,0,14,-16,16
Southern Miss.,UAB,-3,-3.78,-6.1,-4,-10.52,-9.77,-6.75,-7.78,-0.24,-7,-6.5,-8,-10.34,-7,-6.57,0.72,-8.14,-4.49,-6.92,-3.3,-5.1,-13.45,-7.36,0.29,-12.91,-1.94,-6.29,-7.06,-5.71,-6.32,-6,-7,-4.16,-8,-3.5,-7,-3.97,-5.36,-8.42,-9.5,-11.3,-12.55,-10.5,,-3,-11.8,-3.5,-7.2,-2.35,-10.6,-22.82,-3.19,-0.79,0.01,-6,-5.1,,,-10.3,-13,,-3.7,-4.49,-12.9,-4,-5,-4,-14.3,-9.7,-7.2,-9.76,-7,3.57,45,24,14,-21,69
Temple,Cincinnati,-6.5,-5.13,-4.71,-4,-6.97,-1.2,-3.16,-4.61,-6.98,-5,-2.5,-1,-3.52,-4.5,-3.68,-0.46,-4.3,-3.87,-3.64,-2.92,-5.9,-4.35,-3.84,-11.89,-2.52,-3.3,-2.48,-2.81,-4.23,-5.64,4,-4,-4.04,-3,-5.5,-5,-1.41,-7.74,-8.33,-3,-5.7,-3.81,9.5,,-4,-7.3,-5.5,-8.9,-8.73,1.1,-5.85,-4.18,-1.71,0.77,-4,-5.9,,,-5.3,-5,,-7.1,-4.35,0.01,1,-6,-7,0.2,-3.9,-12.8,-3.65,2,3.36,14,6,14,-8,20
Texas,TCU,-6,-9.12,-12.22,-6,-4.95,-14.22,-9.39,-2.56,-9.5,-7,-11,-11,-18.75,-10,-8.49,-4.71,-8.97,-6.87,-7.97,-5.08,-8.1,-8.75,-8.17,-13.54,-2.93,-8.2,-13.69,-11.93,-4.02,-7.52,-20,-8.12,-8.6,-5,-6.5,-5,-4.67,-7.9,-2.69,-9,-9.7,-15.72,4,,-7,-8.3,-6,-2.2,-5.21,-13.2,-18.11,-8.06,-3.31,3,-5,-8.1,,,-9.5,-5,,-7.2,-8.12,-11.6,-7,-7,-7,-10.4,-11.5,-3.9,-13.82,-7,4.37,48,10,14,-38,58
Texas A&M,LSU,-3,-0.01,0.8,1,-4.87,-6.97,-0.01,-0.49,3.34,1,-0.5,0.25,-4.9,1.5,-1.04,0.38,-0.24,0.18,-1.34,-0.12,-1.9,-5.55,-2.5,0.96,-1.5,2.66,1,-0.5,0.45,-2.69,-8,-0.05,-2.31,0.01,-2.5,0.01,-0.37,1.42,1.74,-0.5,-6.5,-4.61,-12.6,,1,-6.7,-2.5,-6.6,-3.51,1.4,0.54,0.53,0.03,0.39,-1,-4.1,,,-5.2,-3,,0.3,3.06,1.7,-4,-2,-3,0.9,-2.1,1.3,-5.4,-4,3.25,23,17,14,-6,40
Texas Tech,Baylor,-26.5,-24.63,-24.63,-23,-26.97,-34.51,-23.15,-24.55,-23.97,-27,-22,-34,-32.67,-26.5,-25.16,-21.82,-25.81,-14.35,-25.41,-22.73,-26.1,-34.3,-25.48,-31,-22.19,-16.36,-25.64,-28.34,-23.72,-26.4,-30,-24.68,-23.17,-30,-23.5,-25,-18.42,-24.61,-24.96,-26,-32,-29.34,-33.8,,-24,-32.1,-26.5,-27.5,-24.68,-32.9,-26.09,-18.97,-3.48,-21.26,-25,-26.1,,,-32.4,-29,,-15.6,-19.57,-26.8,-24,-17,-25,-23.6,-20.9,-30.3,-32.39,-21,4.97,48,46,14,-2,94
Texas-San Antonio,North Texas,5,3.03,1.74,7,-0.2,-1.69,2.62,12.36,4.05,4,8,-0.25,2.92,2,0.01,2.88,-2.55,1.96,2.45,3.42,3.9,-4.45,3.97,0.79,,2.34,5.25,6.27,1.06,2.86,8,2.75,4.96,-2,5.5,-2,6.78,3.64,3.38,,0.7,4.77,8.5,,4,-1.6,5,-2.6,2.04,0.1,17.82,5.05,0.36,5.34,1,3.9,,,0.7,-1,,4.7,7.09,13.3,3,-1,5,13,4.4,-0.9,-20.33,-5,5.01,27,34,14,7,61
Troy St.,Louisiana-Lafayette,-9.5,-11.92,-14.61,-7,-5.49,-8.07,-7.42,-4.69,-12.34,-14,-4.5,-15,-12.29,-15.5,-10.43,-10.45,-9.52,-8.52,-9.94,-3.68,-11.6,-9.75,-8.3,4.54,-26.5,-12.41,-4.67,-7.8,-11.12,-10.67,-6,-10,-11.96,-8,-10.5,-10,-3.87,-11.81,-13.41,-3,-14.6,-11.29,-13.3,,-10,-11.1,-9.5,-3.8,-5.12,-10.3,-17.23,-13.12,-13.82,-6.12,-13,-11.6,,,-12.7,-9,,-12.1,-8.44,-7.3,-11,-7,-10.5,-7.3,-8.5,-5.5,-12.08,-6,3.85,42,23,14,-19,65
Tulsa,East Carolina,-18.5,-17.96,-16.78,-17,-12.41,-22.1,-13.46,-14.74,-19.94,-14,-11,-21,-18.14,-18.5,-16.71,-6.64,-15.72,-13.23,-15.77,-14.83,-18.6,-16.95,-20.07,-8.82,-9.58,-10.78,-13.17,-14.27,-14.57,-17.55,-22,-15.72,-15.99,-16,-22.5,-15,-10.34,-19.28,-13.16,-9,-19.8,-18.78,-26.1,,-16,-16.1,-18,-13.7,-13.09,-20.8,-12.06,-17.77,-4.27,-14.53,-12,-16.4,,,-15.4,-12,,-9.4,-16.16,-18.1,-14,-12,-17.5,-18.5,-19.5,-15.5,-18.54,-14,3.58,49,32,14,-17,81
UCLA,Stanford,7,8.4,14.7,7,11.13,10.29,8.47,7.13,12.68,13,0.01,11,3.05,17.5,6.41,7.88,5.14,6.71,7.39,7.65,6.1,6.25,7.67,16.93,9.1,9.96,11.75,10.58,4.63,6.12,14,7.13,6.18,6,,7,-0.32,12.69,4.8,9,5.8,8.83,-5.4,,5,6.8,7,5.8,10.77,5.4,11.5,1.51,2.51,-2.94,4,6.1,,,6.1,7,,11.1,8.47,11,4,2,5,9.9,8.7,9.8,9.3,-2,4.22,31,10,14,-21,41
UNLV,Nevada,-8.5,-15.02,-15.56,-14,-7.95,-13.98,-12.58,-8.72,-16.08,-13,-8,-17,-16.86,-18,-14.05,-1.98,-10.15,-12.51,-11.55,-8.83,-10.6,-9.85,-9.28,-8.86,-2.58,-6.68,-11.23,-14.83,-6.54,-10.9,-17,-11.66,-13.8,-8,-9.5,-8,-8.55,-15.55,-5.72,-15.5,-12.7,-18.84,-18.6,,-15,-14.8,-9,-7.3,-7.32,-12.3,-21.59,-11.39,-3.54,-10.64,-10,-10.6,,,-12.4,-8,,-10.6,-11.66,-16.2,-7,-10,-9.5,-16.1,-13.8,-9.6,-16.56,-7,4.05,49,27,14,-22,76
USC,Notre Dame,6,5.25,4.61,4,9.75,10.75,4.33,7.46,5.43,11,8,6,7.92,6,5.43,8.73,3.92,1.84,6.61,7.69,8.1,6.95,7.25,8.18,5.02,3.58,6.5,6.84,7.07,7.22,4,6.5,4.76,8,6.5,5,4.66,5.75,4.97,12,10.6,5.42,26.3,,7,8.3,6,11.1,10.09,4.8,16.72,3.58,0.95,0.49,7,8.1,,,10.3,11,,7.4,8.33,8,7,-1,7,6.1,4.7,6.8,5.27,0.01,3.76,14,49,14,35,63
UTEP,Middle Tenn.,3,2.69,0.19,6,6.55,3.46,4.69,6.77,1.58,6,-0.5,0.25,2.98,0.5,4.94,0.33,3.87,3.29,3.29,7.64,2.9,3.55,3.37,-0.5,1.98,0.12,4.52,2.84,5.98,3.34,-1,2.87,1.62,2,4,6,2.3,2.54,-1.13,2.5,1.4,1.07,13.8,,1,2.9,3,9.2,6.85,2.3,4.55,0.74,-0.16,3.92,2,2.9,,,0.7,3,,8.1,4.2,1.1,6,2,4,0.2,2.6,6.5,,-1,2.94,21,24,14,3,45
Vanderbilt,Tennessee,-16.5,-17.41,-13.58,-20,-14.76,-21.98,-17.25,-12.52,-13.77,-13,-9,-14,-24.64,-13.5,-20,-14.59,-15.93,-10.78,-16.25,-15.29,-18.1,-22.75,-17.55,-27,-22.9,-7.22,-11.17,-16.73,-15.86,-18.31,-23,-15.93,-17.16,-15,-16,-19,-7.8,-16.8,-9.99,-14,-23.7,-22.72,-25.8,,-16,-22.9,-16.5,-18.8,-13.71,-14.7,-21.46,-12.11,-4.29,-10.39,-14,-18.1,,,-22.7,-19,,-5.8,-13.5,-16.2,-21,-9,-17,-15.3,-16.9,-19.3,-24.35,-8,4.91,24,17,14,-7,41
Virginia Tech,Virginia,0,4.28,1.41,3,-2.42,3.68,2.24,-4.21,2.76,3,-2.5,2,2.93,2.5,2.83,8.6,5.76,1.61,1.46,-0.79,0.1,-4.55,1.24,-1.21,-8.22,-0.42,-2.67,3.41,-1.72,-0.63,4,2.05,7.02,4,-1,-8,2.11,1.99,4.45,10.5,-2.3,2.72,10.4,,6,-0.6,0,-6.9,2.43,2,6.09,2.05,-0.62,5.83,3,-2.1,,,-1.6,-2,,4.1,5.49,6,3,1,-1,5.3,1.8,-5.4,1.62,1,3.85,20,24,14,4,44
Washington St.,Washington,-3,-4.04,-6.06,-7,-9.41,-8.96,-4.85,-7.52,-5.78,-6,-6,-6,-5.83,-7,-4.7,-2.61,-7.51,-6.35,-5.68,-5.68,-4.1,-7.55,-4.79,-15.04,-9.19,-6.72,-7.25,-3.34,-6.93,-5,-1,-6,-1.64,-5,-4,-9,-3.44,-8.48,-5.49,-1,-6.3,-7.52,-11.9,,-4,-7.2,-3.5,-10.5,2.02,-1.8,-9.99,-2.2,-1.34,-2.82,-2,-4.1,,,-6.6,-8,,2.2,-4.27,-3.4,-7,-6,-3,-2.8,-4.6,-9.2,-6.42,-5,2.73,31,13,14,-18,44
Western Mich.,Northern Ill.,7.5,3.51,1.79,3,13.64,8.39,7.12,6.56,-2.64,9,7.5,4,4.93,2,6.66,-3.27,0.14,1.61,5.65,8,6.9,11.25,6.06,-4.75,10.23,-0.34,4.07,8.49,5.74,6.45,16,5.7,6.16,6,5.5,8,3.91,1.95,-0.37,5,5.5,10.34,22.4,,2,7.3,7.5,11,10.1,8.8,0.48,2.37,-1.41,-5.28,2,6.9,,,4.1,12,,3.8,4.58,5.7,-1,2,8,3.2,13,11.4,8.09,5,4.93,31,21,14,-10,52
Wisconsin,Minnesota,16.5,13.59,8.05,11,12.36,15.41,11.22,14.72,9.84,13,8.5,11,14.95,10.5,14.62,3.06,18.63,5.54,11.86,8.82,13.4,11.95,15.45,9.29,10.06,7.37,12,11.61,6.7,13.75,6,11.61,15.61,18,14,8,9.96,8.77,7.98,12.5,14.7,12.91,20.7,,15,15.7,15.5,11.3,17.95,16.7,11.04,13.77,0.43,15.39,16,13.4,,,13.6,13,,9.1,10.4,10.9,14,6,14.5,8.5,17.9,8.8,14.1,10,3.80,24,34,14,10,58
Alabama,Missouri,14.5,12.35,11,10,9.24,14.84,7.6,6.42,10.94,9,5.5,14,13.8,12,14.11,6.07,15.62,5.06,9.63,8.15,13.4,5.4,10.05,7.43,16.94,9.29,11,13.24,5.32,11.76,13,10,11.68,7,14,4,6.49,5.11,7.33,17.5,11.4,17.26,11.9,,12,11.8,13.5,2.7,8.74,12.2,14.28,13.37,1.78,5.15,15,13.4,,,11,4,,7.64,11.15,10.4,3,8,14.5,8.9,11.7,0.2,13.46,8,3.78,13,42,15,29,55
Baylor,Kansas St.,7.5,4.85,5.11,4,2.99,6.82,4.51,3,6.93,5,6,7,6.55,5.5,5.01,4.54,10.48,2.89,5.82,4.52,6.9,3.85,6.7,5.75,2.82,5.36,7,5.47,2.79,7.14,6,5.5,3.1,7,9,6,6.36,5.01,7.15,11.5,7.1,4.27,11.2,,8,4.6,7.5,-1,8.01,11,8.98,5.26,0.73,8.28,9,6.9,,,8.3,8,,3.28,7.12,7.9,10,1,8,8.6,6.3,4.5,6.19,9,2.42,27,38,15,11,65
Boise St.,Fresno St.,23.5,17.41,20.85,15,22.72,23.79,17.66,20.12,18.79,23,11,28,20.16,25.5,17.97,8.44,18.96,10.87,18.52,15.53,19.9,22.05,20.18,30.07,17.51,11.43,14.76,,15.01,20.03,28,19,15.94,19,19.5,16,10.81,24.34,12.91,24.5,21.4,22.42,33.3,,19,22.4,22.5,21.8,20.61,20.7,23.72,12.63,2.91,7.53,19,19.9,,,20.4,22,,11.93,15.1,14.1,21,11,21,13.2,25.9,19.9,20.55,,5.21,14,28,15,14,42
Bowling Green,Northern Ill.,-6,-8.16,-8.92,-6,-8.8,-8.48,-5.2,-8.42,-13.15,-11,-2.5,-10,-11.14,-11.5,-5.97,-20.81,-2.13,-5.54,-7.99,-9.71,-7.6,-7.4,-7.33,-18.21,-0.98,-10.46,-5.12,-6.7,-8.77,-7.5,-9,-7.75,-6.01,-6,-6,-13,-4.58,-11.81,-4.63,-1,-7.3,-6.11,-17,,-6,-8.3,-6,-14.7,-6.16,-8.1,-16.78,-4.83,-1.89,1.54,-4,-7.6,,,-7.4,-8,,-17.5,-4.15,-8,-10,-2,-6.5,-7.5,-1.8,-13.4,-6.98,,4.10,51,17,15,-34,68
Cincinnati,Houston,7.5,9.64,9.43,7,11.68,4.98,6.14,7.57,13.3,11,1.5,8,7.43,9,8.12,11.45,7.25,5.06,7.18,9.47,8.1,7.85,7.33,15.5,3.21,6.81,5.4,9.76,10.5,7,4,7.57,7.32,9,6.5,8,1.84,12.01,4.78,6,5.3,8.46,18.2,,6,9,7.5,9.2,9.8,2.2,1.04,1.67,1.95,-2.59,9,5.9,,,3.6,9,,9.57,7.69,4.3,4,3,7,2.2,10,7.3,8.33,-4,3.68,31,38,15,7,69
Connecticut,SMU,12,13.62,12.13,10,11.32,19.18,7.55,9.44,17.89,15,10,15,13.62,13.5,11.99,15.59,12.81,20.68,11.52,12.22,10.9,10.55,13.55,-1.29,16.39,2.11,13.49,13.03,11.38,11.19,11,11.99,11.81,14,11.5,9,6.69,6.37,5.42,14,9.8,14.14,18.5,,9,9.1,12,8.6,15,18.7,7.84,11.81,13.2,1.55,12,10.9,,,9.5,13,,6.43,13.94,15.7,6,5,12,15.3,16.4,6.8,12.09,5,4.29,27,20,15,-7,47
East Carolina,Central Florida,7,1.03,2.97,3,2.81,5.14,2.31,1.06,3.84,5,0.01,2,2.83,2.5,1.12,-4.15,2.77,1.17,3.34,5.29,5.9,0.95,3.19,3.32,9.95,2.21,10.76,4.9,4.43,4.58,5,3,-2.03,3,5.5,0.01,2.28,3.22,0.22,6,5,3.8,14.9,,2,5.4,6,2.7,7.09,6.5,21.45,4.07,0.56,1.02,1,5.9,,,5,2,,4.36,5.83,7.6,1,-2,7,6.1,6.8,1.7,3.46,-1,3.13,32,30,15,-2,62
Georgia Tech,Florida St.,-4,-0.5,-5.78,-1,10.36,0.51,1.97,1.44,-5.96,-1,-2,-6,1.48,-7.5,1.36,-3.18,-5.34,-2.87,-1.84,3.06,-3.4,3.3,-1.53,-5.29,-7.04,-14.88,-9,0.3,-3.77,-3.43,2,-1.53,1.14,-1,-4,-2,-10.79,-2.18,-6.12,0.5,-5.6,1.23,10.9,,-5,-2,-4,10.3,6.71,1.3,-3.5,-6.85,-10.72,-19.28,-6,-3.4,,,-5.6,2,,-6.93,-6.12,3.5,1,-2,-4.5,-0.7,3.9,2.3,1.71,-2,5.63,37,35,15,-2,72
Marshall,Louisiana Tech,11,6.67,9.87,7,0.35,6.08,8.56,6.18,7.48,14,7.5,14,5.09,14,5.09,1.19,12.69,5.6,8.86,4.67,9.9,3.55,11.46,10.82,4.04,11.54,13.1,4.75,10.3,10.45,10,9.45,7.32,14,12,12,12.53,9.03,12.71,-0.5,10.7,3.7,13.8,,11,4.7,11,3.7,7.74,11.9,6.78,16.8,-0.08,15.79,12,12.1,,,11.9,8,,4.86,8.52,10,10,2,11,10.2,12,13.9,4.43,,3.92,23,26,15,3,49
Ohio St.,Wisconsin,-4.5,1.35,4.36,3,-1.61,0.33,2.12,-1.42,4.96,3,4.5,4,1.63,5.5,-1.04,5.17,2.09,1.01,1.33,1.41,-3.4,-0.9,-2.05,4.57,-10.07,5.49,4,1.39,5.43,-1.85,3,1.63,0.31,1,-4.5,2,3.97,2.26,7.1,3.5,-2,1.42,-11.3,,2,-1,-3,-5.4,-0.64,1.1,9.8,4.6,0.69,2.02,-1,-3.4,,,-2.1,5,,3,3.96,0.9,-3,-1,-4.5,1.3,5.1,3.5,0.01,-4,3.57,0,59,15,59,59
Oklahoma,Oklahoma St.,21,23.51,18.25,20,22.67,25.94,21.22,20.21,19.52,23,10,22,25,20,25.14,17.84,19.03,11.42,18.97,17.08,18.9,20.25,20.44,23.79,16.82,9.89,6.3,21.48,17.08,19.02,29,19.7,26.34,21,17,16,8.77,20.1,18.19,21,16.7,25.23,32.2,,20,19,21,19.7,23.74,23.4,13.3,15.86,2.39,11.09,19,18.9,,,16.5,23,,5.57,16.13,21.1,14,11,20,19,26.8,15.2,23.6,12,5.41,38,35,15,-3,73
Oregon,Arizona,15,10.36,6.18,10,8.77,12.25,9.59,10.43,7.99,9,7,9,14.36,9.5,10.25,7.31,12.65,4.83,10.14,9.58,13.9,12.4,11.82,4.36,16.33,7.13,9.5,9.21,9.15,12.28,8,10,12.32,12,13.5,10,9.92,4.02,9.42,4.5,12.3,11.05,14.7,,13,8.7,13.5,12.4,11.88,10.3,12.91,16.88,0.57,11.96,11,13.9,,,11.6,10,,5.5,9.1,8.1,11,8,15,6.6,17.1,10.2,10.95,9,2.71,13,51,15,38,64
TCU,Iowa St.,34.5,33.52,35.98,28,34.46,44.18,29.69,33.73,36.36,47,25,41,35.15,39,33.49,26.16,30.72,19.06,32.15,29.77,35.1,39.25,34.14,43.57,42.79,27.54,25.87,32.41,33.23,34.41,32,33.23,31.19,37,32,33,22.18,34.46,29.75,29.5,38.9,35.46,34.9,,29,37.7,34.5,38.6,32.66,35.6,42.8,26.41,5.68,10.54,27,35.1,,,38.9,38,,34.43,21.34,29.2,28,17,34,25.2,36.1,39.3,34.42,20,6.75,3,55,15,52,58
Tulane,Temple,-2.5,-6.76,-6.14,-4,-5.97,-3.19,-4.92,-5.71,-3.52,-4,-2,-7,-8.9,-5,-8.4,-7.18,-9.03,-4.38,-5.17,-3.64,-4.1,-9.45,-1.45,-1.11,-0.94,-3.89,-4.39,-5.39,-1.99,-4.45,-3,-5,-8.46,-7,-3.5,-5,0.39,-3.94,-0.58,-2.5,-7.4,-9.96,-8.3,,-8,-7.5,-3,-7.6,-0.2,-9.9,-6.16,0.39,-1.26,-0.45,-5,-4.1,,,-5.7,-8,,2.79,-1.89,-3.7,-6,-4,-3,-6.2,-8.6,-6.4,-8.76,-9,2.92,10,3,15,-7,13
Navy,Army,15,18.55,17.81,15,15.77,11.68,13.28,19.15,16.43,23,12.78,24,17.68,21.5,19.11,7.88,21.57,9.13,15.84,13.58,16.1,18.4,14.05,9.75,12.59,11.18,4.88,15.55,12.73,16.03,18,15.77,19.94,20,15,14,10.18,16.73,19.01,8.5,17.1,19.19,17.9,,17,19,15,21.6,,14.8,20.45,13.99,2.29,11.35,18,16.1,,,20.2,21,,12.08,15.1,15.3,11,10,15,13.3,13.3,16.9,19.11,,3.98,10,17,16,7,27
Air Force,Western Mich.,-2,-0.53,5.3,3,-0.79,-0.01,-1.81,0.95,8.73,1,2.91,5,-1.81,6,-3.47,-1.16,1.49,3.83,1.53,1.97,0.4,3,-0.01,12.42,4.52,4.49,-0.3,1.57,5.26,0.49,-1,0.98,-1.74,-1,-2,5,0.82,6,0.24,6,-2,0.56,10.9,,2,-1.8,-2,1.3,1.17,-2.6,17.77,-1.16,8.1,2.42,-1,0.4,-0.25,,-0.7,-2,,-0.86,4.2,-1,10,-2,-1,7.5,-2,2.4,-2.65,-3,3.38,24,38,19,14,62
Alabama,Ohio St.,10,4.28,3.37,6,0.73,8.27,2.68,4.02,4.07,5,3.98,6,4.27,5.5,4.45,3.4,8.56,3.28,4.17,6.18,8.9,-4.7,0.27,2.03,17.9,3.91,3,6.1,0.98,6,5,4,4.12,0.01,9.5,0.01,1.04,1.06,-5.51,4.5,6.8,6.93,24.8,,4,6.5,8.5,3.6,0.97,-1,20.86,7.07,8.07,5.43,4,8.9,-0.17,,7.4,-5,,3.9,8.6,4.5,7,1,10,8.2,2.5,0.6,3.11,,4.61,42,35,19,-7,77
Arizona,Boise St.,3,2.15,1.15,6,1.89,-6.12,0.01,1.66,4.4,1,1.46,-0.25,4.39,-0.5,1.62,4.02,4.56,1.07,2.79,3.81,4.6,0.01,3.89,4.44,1.61,2.53,10.5,2.85,3.63,4.2,6,2.53,2.1,0.01,4,3,4.9,1.18,-0.21,3,7.7,4.4,18.3,,1,6.3,3,2.3,-1.59,-4.3,11.12,3.87,5.59,0.34,3,4.6,-2.56,,8.2,9,,2.81,4.46,0.01,3,-3,3,5.6,0.6,2.9,5.02,,3.71,38,30,19,-8,68
Arizona St.,Duke,7.5,6.62,5.52,7,9.92,5.47,4.48,11.31,10.68,7,5.05,5,6.74,7,4.86,7.48,4.81,3.23,6.83,9.23,8.6,10,10.29,10.78,4.22,5.33,4,5.71,8.24,7.96,4,7,6.91,10,8,9,6.68,7.04,2.61,6.5,11.4,6.11,16.3,,7,2.7,7.5,13.8,9.81,1.4,8.55,6.94,7.72,7.37,7,8.6,2.96,,11.6,10,,9.19,8.12,7.8,,,7.5,2.4,2.3,7.2,5.68,-4,3.32,31,36,19,5,67
Arkansas,Texas,6.5,12.36,7.85,7,10.21,11.73,8.79,9.35,7.27,6,3.8,9,13.02,9,14.97,13.85,1.8,4.4,7.27,7.07,7.1,14.1,6.97,10.08,-2.04,-0.74,0.99,10.41,3.62,6.47,14,7,12.37,9,5,4,2.18,6.25,4.62,7,7,14.64,15.4,,7,6.4,6.5,10.1,2.26,11.2,12.58,3.67,3.26,-1.19,6,7.1,11.2,,7.4,6,,-2.31,6.68,1.2,,,6,9.7,7,4.8,13.85,8,4.56,7,31,19,24,38
Arkansas St.,Toledo,-3.5,0.28,-1.37,-3,0.49,0.48,1.96,-6.42,-9.18,-1,-4.28,-1,2.57,-4,2.22,2.89,-1.73,-1.78,-1.65,-4.53,-4.1,-0.7,-3.71,-7.61,-1.7,-3.44,-4.01,1.77,-3.83,-3.6,-4,-2,4.67,-3,-2,-7,-2.96,-3.77,-6.52,-2.5,-6.6,4.49,16.7,,-2,-2.4,-3.5,-6.9,2.1,1.1,13.87,-1.11,-5.65,-3.23,-2,-4.1,-1.05,,-6.8,-6,,-6.09,-2.09,-2.7,4,2,-3.5,1.3,1.6,-8.1,2.39,,4.16,63,44,19,-19,107
Auburn,Wisconsin,7,10.3,2.83,6,3.84,4.77,3.69,-0.27,6.58,3,-7.38,2,8.22,2,11.48,2.57,7.31,1.61,3.47,3.16,5.9,0.7,3.23,3.5,9.41,-0.49,-2.5,7.38,-1.1,4.73,8,3.69,10.97,0.01,4.5,-2,-6.64,1.45,5.99,1.5,4.2,10.61,16.9,,5,3.8,6.5,-2.2,3.26,-1.1,26.85,4.03,6.49,4.19,3,5.9,-1.56,,5.2,5,,-10.52,6.7,7.7,-6,4,7,8.4,3.5,-0.4,7.08,,4.81,34,31,19,-3,65
Baylor,Michigan St.,2.5,1.56,2.61,-1,1.25,-2.1,1.21,-1.93,5.13,1,2.1,2,2.8,2,0.71,0.85,2.47,1.75,1.55,3.96,1.9,-0.6,2.23,1.86,6.57,2.59,3,2.32,0.64,2.47,6,1.75,0.6,-1,2,0.01,1.32,1.03,-2.57,2.5,2.8,2.5,-12.5,,2,3.6,2.5,0.2,3.14,1.5,9.31,0.55,8.04,-2.6,5,1.9,-1.3,,3.9,6,,2.41,4.34,-4.5,10,-1,2.5,8.7,0.01,2.6,1.4,,3.26,42,41,19,-1,83
Boston College,Penn St.,3,3.02,4.54,6,1.71,1.48,2.15,3.48,5.7,4,0.77,3,3.85,4.5,4.05,2.55,3.4,3.36,3.41,5.6,3.6,4.5,2.34,11.28,5.07,4.18,0.01,4.86,2.09,2.92,9,3.38,-1.34,6,2.5,5,1.28,6.38,0.25,-1.5,1.5,4.84,8.6,,1,5.9,3,7,2.95,3.2,4.69,1.79,3.94,-2.56,-1,3.6,1.78,,1.3,6,,3.07,3.5,-1.1,,,2.5,6.8,2.3,6,3.09,1,2.43,31,30,19,-1,61
Bowling Green,South Alabama,-2.5,-2.01,-1.24,-1,-5.88,-0.01,-1.91,-1.79,0.01,-3,-7.89,-1,-3.15,2,-1.8,-2.82,2.55,1.64,-1.81,-3.49,-3.6,-5.9,-0.76,-0.03,-6.3,0.22,-2.74,-3.83,-3.67,-3.1,-1,-1.86,-4.06,1,-1.5,-6,-3.43,-0.55,3.61,,-4.4,-5.45,11.4,,1,-8.7,-2.5,-10.1,-6.35,-3.2,-12.22,-0.55,0.29,7.79,-1,-3.6,-1.58,,-3.5,-7,,-6.57,-2.24,1.8,11,1,-2.5,-1.6,-3.5,-4.1,-3.9,0.01,4.03,28,33,19,5,61
Central Florida,NC St.,2.5,1.28,-0.88,-2,-0.8,2.02,0.54,-0.72,-1.23,3,3.62,2,-0.79,1.5,-0.14,-0.5,3.45,2.42,2.36,-3.99,3.1,1,0.48,0.33,4.46,3.46,1.07,-1.25,1.23,2.15,1,1.39,6.06,5,1,-1,5.42,0.95,12.18,3,6.9,-1.35,17.1,,7,0.6,2.5,-2.7,3.5,2.9,5.72,3.28,-3.27,12.27,5,0.9,0.15,,6.9,7,,3.45,-1.19,6,,,2.5,1.9,0.4,2.8,-0.95,5,3.87,34,27,19,-7,61
Cincinnati,Virginia Tech,2,0.19,3.48,-3,2.6,-1.48,-1.07,4.86,3.34,5,8.19,2,-2.61,3,-1.24,-2.05,-1.88,0.26,0.25,-0.33,1.9,5.7,1.5,2.78,5.76,5.36,5.87,-1.83,1.49,1.07,-12,0.11,0.01,3,3.5,3,8.43,3.78,3.91,-1,-0.01,-3.62,-16.6,,0.01,-2.3,2,5,-2.77,1.4,-6.57,-0.51,0.6,-5.85,-1,1.9,-2.03,,-2.5,1,,8.76,-4.73,-3,,,3,-8.6,-1,5,-1.94,1,4.55,33,17,19,-16,50
Colorado St.,Utah,-2.5,-5.43,0.13,-6,-1.14,4.02,-4.51,-3.14,-3.28,1,-1.31,0.25,-6.15,1,-5.42,-6.15,-8.97,0.74,-2.71,-1.75,-4.6,0.9,-2.47,-2.56,-5.54,-2.05,1.5,-2.54,-3.31,-4.69,-3,-2.57,-6.88,-4,-4.5,-2,-3.28,-1.14,-0.61,3,-9.2,-3.28,-10.5,,-6,-6.2,-2.5,3.6,-1.19,4.3,-1.08,-5.61,-3.67,-7.86,-6,-4.6,-0.13,,-10.2,-1,,1.76,-7.01,-2.6,4,2,-3,-2,1.4,-7.1,-5.56,6,3.82,45,10,19,-35,55
Florida,East Carolina,7.5,13.62,6.65,10,10.31,4.84,9.18,7.91,12.05,6,-1.23,8,13.32,4,13.94,14.21,11.54,4.72,7.99,11.07,8.6,9,5.49,14.08,8.89,-0.73,0.25,10.13,7.87,8.57,3,8,14.71,5,7.5,10,-2.96,7.91,1.32,4.5,8.5,14.08,27.4,,6,8.8,7.5,7.4,8.94,1.9,9.2,7.16,11,4.35,9,8.6,3.35,,12.8,10,,-2.4,9.91,5.3,13,3,7.5,6.8,7.1,8.8,13.89,,4.99,20,28,19,8,48
Georgia,Louisville,7,11.54,5.12,7,12.14,6.42,10.79,11.36,5.88,8,5.5,6,14.03,4,12.23,10.61,8.96,3.82,8.39,7.05,8.1,13.2,8.96,6.81,4.07,3.14,15.8,8.36,3.68,8.24,6,8.06,15.71,9,7,6,5.25,4.5,8.06,9,11.6,13.59,17.7,,8,6.7,7,15.7,10.12,10.3,4.54,5.36,4.21,3.81,9,8.1,4.52,,12.3,12,,1.5,9.08,11.5,1,5,7,9.1,8.9,5.8,14.76,,3.97,14,37,19,23,51
Houston,Pittsburgh,-5.5,-5.91,-2.83,-7,-5.3,-3.88,-5.62,-4.87,-7.37,-1,-2.92,-2,-7.41,-2,-7.22,-6.64,-2.2,-3.55,-4.07,-7.48,-4.1,-3.2,-4.18,-8.39,3.92,-0.55,-1,-5.49,-7.86,-4.21,-12,-3.88,-2.21,-2,-2.5,-7,3.57,-4.3,2.11,0,-2.7,-6.89,-14.7,,0.01,-9.2,-5.5,-2.8,-2.27,-1.4,-18.39,-2.73,-5.86,3.72,-5,-4.1,-1.18,,-3.8,1,,1.84,-7.02,-6,-4,-1,-3,-6.5,-3.7,-5.8,-7.73,,3.54,34,35,19,1,69
Kansas St.,UCLA,-1.5,5.03,-0.48,1,5.26,4.03,3.73,3.74,0.57,5,4.8,-2,4.75,-4.5,5.78,1.72,3.04,0.65,3.13,4.77,2.1,7.8,2.03,1.64,7.65,1.32,1,3.98,4.72,2.59,-7,3.73,6.53,4,1.5,4,8.22,0.13,-0.14,-4.5,2.4,6.27,17.6,,-1,8.4,-0.5,5,4.98,5.2,14.67,4.14,2.47,4.44,2,2.1,1.09,,1.3,3,,3.19,0.96,1.6,-1,3,-1.5,1.5,5.1,4.3,5.04,,3.45,40,35,19,-5,75
LSU,Notre Dame,7.5,12.73,7.79,7,13.17,15.21,8.73,11.62,12.13,13,10.86,8,12.64,6,11.73,13.12,8.46,4.11,9.42,10.75,8.6,12.3,7.58,11.31,13.9,4.68,1.5,8.17,8.6,8.73,4,8.6,15.13,9,8,8,8.72,7.27,4.07,6,12.1,11.44,33.7,,4,10.9,7.5,15.3,9.95,6.8,25.75,4.46,9.9,2.96,8,8.6,2.54,,11.5,12,,8.42,7.89,6.5,14,4,7.5,8.3,5.8,11.2,13.5,,4.84,31,28,19,-3,59
Louisiana Tech,Illinois,6,9.08,4.94,3,11.33,17.21,6.12,2.16,-0.31,7,-1.16,8,12.88,8,11.88,13.19,5.73,3.61,7.08,7.87,4.9,8.9,5.21,7.78,14.01,-2.01,7.87,13.66,-3.62,5.87,7,6.65,11.9,6,5,-3,4.86,7.04,5.81,24.5,6.3,16.45,35.7,,9,14.6,6,5.7,14.31,16.1,37.25,4.73,0.48,-4.31,3,4.9,10.52,,3.5,7,,1.38,4.57,3.1,,,6,5,11.3,1.4,10.4,10,6.67,18,35,19,17,53
Louisiana-Lafayette,Nevada,-2,-4.46,-1.66,-6,-1.06,-0.56,-3.66,-4.58,-6.87,-1,4.54,-2,-5.87,-3,-4.01,-5.22,-5.01,-0.96,-3.28,-2.76,-0.1,-5.7,-2.69,-8.67,2.66,1.84,-6.23,-5.66,-1,-2.81,-16,-3.38,-3.35,-7,-3,-5,4,-3.4,-0.47,-8,-3.9,-7,13.7,,-6,-0.3,-2,-0.6,0.83,-2,-16.58,-2.52,-6.15,-10.82,-4,-0.1,6.64,,-4.6,-2,,9.66,-5.9,-5.5,-3,-3,1,-10.6,-3.7,-3.6,-31.74,1,5.93,3,16,19,13,19
Marshall,Northern Ill.,10,10.56,9.02,7,8,8.15,12.16,3.95,3.74,8,4.34,12,15.87,9,11.68,14.56,9.06,7.28,10.17,7.53,10.6,13.4,10.07,11.78,19.91,0.45,12.44,15.35,3.89,10.5,14,10.04,13.21,8,10.5,7,6.11,7.95,7.27,17,12.7,20.68,34.4,,10,16.1,10,3,11.2,13.7,7.65,8.85,2.41,7.88,12,10.6,14.21,,11.5,6,,1.35,10.86,13.8,,,10,10.7,15.6,4,13.96,11,5.58,23,52,19,29,75
Memphis,BYU,2,2.12,1.93,-1,0.32,1.63,4.44,4.31,1.94,4,8.01,4,3.94,2,2.5,2.44,-2.85,0.97,1.77,1.17,2.1,6,1.26,3.44,-1.46,1.68,2,1.82,-1.67,1.42,4,1.87,1.54,-1,0,4,7.43,1.92,-1.52,1.5,-1.7,3.34,17.1,,-2,4.1,2,3.4,0.11,1.7,-4.98,1.92,-1.19,-9.48,-2,2.1,3.51,,-0.01,3,,6.52,-1.78,-1.6,3,-1,2,1,2.2,0.8,4.98,6,3.50,48,55,19,7,103
Mississippi St.,Georgia Tech,5,10.22,4.36,3,1.73,9.17,4.46,-0.32,9.38,5,0.12,6,8.42,3.5,7.94,3.27,3.74,3.44,4.76,5.35,6.4,1.7,6.13,4.72,-1.17,5.77,9.5,6.36,1.7,6.57,-5,4.97,15.19,1,7,-1,5.5,2.25,4.94,10,10.8,9.26,19,,5,5.5,5,-6.5,-0.83,5.3,18.62,10.45,8.87,12.62,6,6.4,2.04,,10.7,1,,4.97,7.79,8.6,-4,1,7.5,4.5,6.2,-1.9,7.42,,4.73,49,34,19,-15,83
Missouri,Minnesota,4.5,6.4,4.28,7,0.76,5.74,4.22,5.34,7.61,4,6.9,5,4.39,5.5,4.32,3.64,8.3,3.95,4.52,5.86,4.4,0.3,1.49,7.67,0.61,4.97,5,3.29,3.72,4.93,2,4.39,9.75,4,5.5,4,4.22,5.15,-0.31,-2.5,4.7,3.7,14.2,,6,5.8,4.5,-1.4,3.29,2.5,-10.65,6.92,6.38,13.66,3,4.4,0.98,,4.9,-2,,6.12,6.9,6.3,-1,1,5,6.6,2.2,6.4,4.22,,3.06,17,33,19,16,50
North Carolina,Rutgers,3.5,2.69,-0.83,3,,-0.44,0.35,1.07,-3.13,-1,-5.13,1,3.04,0.5,4.92,3.31,4.43,-0.41,1.4,-0.67,1.9,2.9,0.33,1.08,-2.58,-1.29,-4.03,-0.98,-3.11,2.98,8,1,2.38,5,3.5,1,-5.36,-0.78,2.75,9.5,4.3,0.01,16.8,,0.01,8,3.5,-0.4,1.44,1.6,3.08,2.43,-2.31,1.17,3,4.1,5.05,,4.8,1,,-3.54,1.41,1.1,,,3,7.4,-1.1,-1.8,2.61,1,3.60,40,21,19,-19,61
Oklahoma,Clemson,4,5.57,-0.76,3,6.33,-1.27,7.67,2.99,-1.18,7,-1.65,-3,8.83,-3,5.42,9.22,6.9,1.31,3.34,1.69,4.1,3.5,5.07,-0.22,-0.37,-3.92,0.75,7.89,0.77,4.53,-2,3,11.95,3,0,-2,-0.68,-0.01,1.76,5,9.8,10.93,7.5,,8,6.2,4,1,2.91,3.9,16.83,5.61,0.49,3.94,6,4.1,1,,9.2,11,,-3.62,6.32,2.7,,,3,5.3,6.3,-2.5,6.11,-2,4.29,40,6,19,-34,46
Oregon,Florida St.,9,9.7,1.8,10,16.53,9.35,8.82,11.56,2.25,9,2.67,3,14.94,2.5,9.94,4.43,7.53,1.82,8.13,10.13,8.9,14.5,11.04,2.28,15.36,-6.66,1.5,8.9,4.8,9.85,3,9,12.06,10,8,6,1.43,1.41,5.62,7,14.2,11.22,23.8,,9,8.7,9,18.6,15.76,10.8,19.5,7.52,-8.13,-2.06,5,8.9,5.78,,13.9,16,,-1.81,10.95,10.8,14,3,10,9.2,6.7,8,12.94,,5.91,20,59,19,39,79
Rice,Fresno St.,2,2.57,2.38,1,-3.64,5.97,1.01,-3.52,1.26,4,0.69,2,1.26,1.5,2.67,0.9,-2.24,2.65,0.04,3.45,0.9,-4.6,-3.22,1.06,4.37,-0.68,7.02,3.33,-3.94,0.27,-3,0.95,3.43,-4,-1.5,-5,3.32,2.31,-4.61,10.5,0.4,3.93,13.9,,0.01,4.8,2,-6.9,-5.75,1.9,8.63,-2.1,0.95,-14,-3,0.9,3.62,,-0.7,-6,,2.78,-1.39,1.7,,,2,-3.5,3.4,-4.1,0.81,1,4.25,6,30,19,24,36
San Diego St.,Navy,2.5,0.13,-3.62,3,5.68,0.61,-1.21,1.6,-1.69,4,1.23,1,-1.66,2.5,-1.36,-2.22,-5.16,-0.3,0.86,1.46,1.4,2.4,5.58,-1.72,4.53,1.88,0.81,-2.31,4.25,2.09,-7,0.8,4.48,-2,3,4,1.07,-2.29,-4.8,0,0.5,-3.18,8.8,,-3,1.8,2.5,7.6,7.86,0.8,0.39,-0.52,-0.31,2.68,2,1.4,-4.01,,0.8,6,,-0.6,-3.42,-1.3,,,2.5,-0.01,-2,4.1,-1.25,2,3.41,17,16,19,-1,33
South Carolina,Miami (Fla.),-3,0.29,-1.36,2,0.14,-5.88,-2.18,0.88,0.75,-1,-1.11,-3,-0.65,-3.5,-0.55,-2.24,2.6,0.16,-0.54,2.36,-1.9,0.5,-1.28,-1.47,2.78,2.46,-2.56,-1.95,0.62,-0.25,-8,0.15,1.43,3,0,4,-2.64,-1.33,1.08,-9,3.3,-1.97,-16.5,,1,-2.8,-2.5,1.2,-1.53,-3,10.63,-1.75,3.32,7.03,3,-1.9,-5,,4.2,4,,-5.46,1.97,-6.9,,,-4,1,-4.6,1.7,-0.4,-2,3.67,21,24,19,3,45
Stanford,Maryland,14,8.21,5.51,14,16.06,11.44,6.24,16.41,4.2,10,9.45,9,10.84,8.5,10.43,11.99,18.63,4.39,12.55,13.12,15.1,16.7,14.23,10.42,22.58,4.82,6.93,9.88,12.47,14.46,13,12,7.31,18,13.5,15,7.32,7.83,11.2,7,19.6,12.46,26.4,,13,15,14,26.5,19.24,10.5,11.89,9.77,3.18,14.16,12,15.1,8.48,,19.7,23,,3.81,12.73,15.8,21,6,14,9.6,9.1,17.9,10,,5.46,21,45,19,24,66
TCU,Mississippi,3.5,1.25,3.43,-1,9.22,3.04,1.8,6.12,4.11,6,10.01,-1,2.6,0.01,1.34,1,2.07,0.78,3.61,3.25,4.1,11.3,8.56,2.47,0.9,6.71,1,4.38,4.32,4.69,-1,3.25,-2.4,8,3,5,7.11,1.19,0.88,3.5,8.1,4.17,-16.8,,1,7.8,3.5,10.6,8.16,7.8,19.28,6.03,4.19,-5.79,3,4.1,-2.93,,7.1,10,,11.55,2.61,-1,10,3,3,0.8,3.2,10.5,4.14,,4.87,3,42,19,39,45
Tennessee,Iowa,3,6.15,4.61,4,2.15,0.21,5.51,-0.8,3.8,2,0.43,5,8.51,2.5,7.56,9.38,2.64,1.46,2.75,2.26,2.4,0.7,1.21,5.5,-4.86,0.27,-0.7,5.74,-1.24,2.52,2,2.15,5.74,2,2.5,3,1.1,3.12,-2.48,2.5,1.5,8.06,17.7,,2,0.01,3,-1.8,3.86,0.9,22.37,2.75,4.88,-0.62,-1,2.4,1.82,,2.2,1,,-0.79,6.09,1.5,7,-1,3.5,5.4,2.6,4.8,7.95,,3.63,28,45,19,17,73
Texas A&M,West Va.,-1.5,1.96,0.53,1,-5.22,-2.79,2.27,-0.4,2.14,-3,-0.84,3,-0.2,0.01,0.49,-0.26,0.66,-0.01,-0.87,-1.89,-2.4,-4,-4,-0.36,-3.84,4.02,0.01,-2.69,1.41,-1.75,-8,-0.5,4.67,2,-3.5,2,-1.93,-0.01,6.8,5,-1.8,-2.08,-11.2,,0.01,-2.3,-1.5,-4.6,-10.67,-1.5,4.21,-3.86,1.01,9.55,-2,-2.4,-2.12,,-0.6,-3,,1.64,-1.65,-2.6,,,-3.5,-2.9,-2.6,-4.5,-0.31,-2,3.60,37,45,19,8,82
USC,Nebraska,7.5,2.1,1.57,4,7.63,5.06,-0.22,6.7,0.51,1,-0.98,3,4.38,2,3.2,7.49,5.19,1.62,4.22,2,5.9,5.9,5.24,3.06,9.44,-0.36,-1.5,0.97,2.97,5.97,7,3.65,1.37,8,5.5,4,-1.53,1.37,6.37,-2.5,9.3,1.18,26.3,,4,7,7,11.1,9.42,0.8,11.27,3.84,1.83,1.17,3,5.9,1.3,,9.9,13,,-0.41,4.73,3.6,,,7,4,-0.3,3.7,3.8,2,4.45,42,45,19,3,87
Utah St.,UTEP,10,8.8,6.53,11,7.21,6.87,6.68,10.18,10.6,7,7.07,7,8.56,8,7.88,6.24,17.4,5.25,10.03,7.17,11.6,13.4,11.35,16.19,12.89,9.63,2.1,6.63,12.34,11.22,14,9.63,9.19,16,10.5,14,8.14,11.53,11.52,11.5,13.7,7.38,18.7,,13,9.2,10,11.6,6.39,7.5,1.17,12.28,4.39,11.63,11,11.6,3.01,,13.8,13,,6.29,11.27,16.1,17,6,10,9.1,7.1,17.8,8.1,4,3.74,6,21,19,15,27
Washington,Oklahoma St.,7.5,4.66,4.07,7,8.27,12.89,5.16,6.25,2.94,6,-1.6,6,5.86,6.5,6.4,6.85,3.79,3.54,4.81,5.02,4.4,5.6,4.24,8,10.09,2.2,-0.7,4.19,3.43,5.1,13,4.66,2.64,5,5,6,1.79,5.49,5.78,5.5,5.5,5.6,18.8,,3,3.6,7,9.4,4.19,7.3,-1.28,2.17,-2.3,-3.3,2,4.4,2.4,,6.6,7,,-5.41,4.11,3,-1,4,5.5,2.8,4,3.2,6.21,,3.73,30,22,19,-8,52
Western Kentucky,Central Mich.,3.5,4.95,6.86,4,8.51,-0.14,6.11,7.59,4.13,8,6.96,8,7.39,6.5,4.87,7.78,10.1,2.94,6.16,8.41,5.1,10.2,3.81,7.08,12.42,4.12,0.13,7.77,8.68,4.57,5,6.21,5.77,9,2.5,10,2.68,6.62,3.76,,3.5,9.4,16,,4,5.8,3.5,11.6,5.11,0.8,12.74,-1.59,5.12,8.34,2,2.9,6.01,,1.9,10,,4.86,6.32,2.4,,,3,6.6,3.5,13.4,6.98,1,3.45,48,49,19,1,97
Oregon,Ohio St.,6,-0.42,2.26,7,5.34,1.08,3.53,8.08,-1.25,4,0.32,2,3.99,,0.37,0.1,6.1,2.29,3.94,3.73,5.4,5.2,4.27,1.31,2.64,1.18,1,,2.4,4.85,4,3.5,-1.69,8,7,3,1.38,0.76,0.32,-3,10.7,3.5,17.8,,5,7.1,5.5,12,,1.1,10.21,6.74,2.27,2.44,1,5.4,,,11.1,8,,-2.24,8.58,5.6,,,6,6.1,-0.7,4.2,2.99,,3.87,42,20,20,-22,62
