Home,Road,line,linesag,linepayne,linemassey,linebmc,linepfz,linelaz,linemoore,linesagr,linemarsee,linenutshell,lineargh,linecpa,linehow,linesagpred,linecparetro,linekam,linerwp,lineavg,lineelo,lineborn,linedokter,linesuper,linedunk,linebill,linecovers,linebihl,linebill2,linefremeau,linemedian,linesaggm,linefpi,linefox,lineopen,linepig,linecons,linecong,linesportrends,linepibias,linel2,lineteamrank,lineash,linepimean,lineca,lineburdorf,linekeep,linekerns,linel2hf,linedoi,linelog,lineatom,linemds,linedwig,linepiratings,linecather,linecrunch,linedonchess,linefeng,linetempo,linemidweek,lineps,lineclean,linecurry,linepugh,linelabr,lineloud,linestd,vscore,hscore,week,actual,total
Alabama,USC,12,12.19,12,19.15,13.33,20.69,8.23,16.42,12.19,18,18.75,12,9.8,19,12.19,8.5,14.32,10.81,12.33,13.38,21.7,7.47,9.33,8.01,6.49,12.5,,10.02,15,12.19,12.19,5.03,17,10,13,7.25,15.13,,7,,10.5,5,4.7,12,16.9,3.64,8.1,,11.93,,13,7.6,12,6.8,10,14.2,13.2,10.8,,11.5,,15,23.49,14.09,12.3,5,4.62,6,52,1,46,58
Arizona,BYU,-2,0.97,-0.81,-2.1,1.65,-10.62,-1.76,-6.3,0.97,-7,-3.75,-3,-1.7,1.5,0.97,-1.1,-3.69,-3.72,-2.53,-3.29,-6,1.23,-10,4.61,-1.46,0.5,,-2.19,-10,-2,0.97,4.06,-4,0,0.01,-5.23,-9.52,,-2.2,,-1.7,-4,4.3,-2,0.01,-11.85,0.9,,-6.81,,-2,-5.41,-6,-1.4,-2,-6.9,-1.2,0.01,,1.5,,-7.5,-1.06,-4.64,-0.01,1,3.72,18,16,1,-2,34
Arkansas,Louisiana Tech,24.5,24.26,12.53,21.07,14.96,14.95,15.96,18.68,24.26,12,16.75,19,23.5,10.5,24.26,22.8,18.63,9.14,19.79,16.48,23.55,23.77,28.17,21.56,9.25,10,,12.39,24,20.95,24.26,22.04,18,20.5,22,20.9,17.87,,31.2,,18.7,18,24.7,24,25,28.45,29,,18.62,,24,8.84,21,34,27,26.1,12.1,21.5,,26,,5,20.18,19.22,25.9,2,6.16,20,21,1,1,41
Arkansas St.,Toledo,4,-2.07,-0.86,-8.68,-1.19,-6.79,-5.08,-13.61,-2.07,-6,-3.88,-2,3.4,-3,-2.07,4.2,-5.29,-6.12,-3.52,-7.57,-10.55,1.54,-13.08,6.06,3.63,-1,,3.94,-5,-3.44,-2.07,3.01,-6,1.5,3,-7.62,-14.47,,-3.9,,-4.8,-4,-1.2,3,-10.9,-0.4,-19.2,,-5.18,,-1,-0.97,-10,-5.6,-3,0.6,1.1,-6.2,,3.5,,4,-5.33,-8.82,4.6,-1,5.28,31,10,1,-21,41
Auburn,Clemson,-8.5,-4.78,-10.72,-5.45,-10.87,-18.06,-1.63,-10.55,-4.78,-14,-10.13,-8,-10.6,-9,-4.78,-10.1,-8.5,-7.08,-9.01,-8.6,-10.05,-5.77,-9.5,-10.03,-3.25,-14.5,,-6.39,-12,-8.8,-4.78,-7.22,-8,-8.5,-9,-6.38,-3.93,,-8.8,,-9.3,-8,0.4,-8.5,-8.8,-12.6,-26.3,,-10.3,,-11,-6.42,-16,-9.3,-17,-6,-4,-6.2,,-7.5,,-13,-13.88,-10.46,-7.2,-4,4.47,19,13,1,-6,32
Boston College,Georgia Tech,-3,-2.74,-3.87,-6.76,-2.92,3.35,-5.92,-2.52,-2.74,-3,0.63,1,-2.8,-4,-2.74,-4.3,-6.43,-2.93,-3.63,-3.65,-1.4,-3.71,-9.92,-6.33,-4.17,0.01,,-6.26,-6,-3.79,-2.74,-0.2,-5,-3,-5,-5.24,0.7,,0.5,,-2.9,-6,2.4,-3,-7.4,-5.87,-18,,-4.24,,-5,-5.8,-1,0.01,-5,-7.7,-4,-0.9,,-3,,2.5,-6.38,-6.71,-3,-4,3.42,17,14,1,-3,31
Colorado,Colorado St.,8.5,4.26,1.63,4.53,9.18,-11,1.8,6.02,4.26,-1,-1.25,9,11.8,-6,4.26,10.9,3.12,-0.61,5.12,3.32,5.8,5.36,-8.33,4.42,0.42,0.01,,0.63,3,4.34,4.26,11.45,4,7,10,1.54,8.97,,18,,4,7,11.5,8,5.5,12.76,4.2,,2.72,,7,2.55,15,18.8,6,6.7,2.2,6.6,,8,,1,2.72,5.08,8.3,-2,5.28,7,44,1,37,51
Florida,Massachusetts,37,29.78,28.18,26.3,28.6,28.28,25.86,19.69,29.78,26,20.5,27,41.6,25.5,29.78,40.5,27.31,17.51,29.03,23.16,25.35,36.51,38.33,22.58,23.83,12.75,,34.3,43,29,29.78,36.43,29,36.5,44,31.96,22.78,,38.9,,36,32,36.3,36,3.6,34.32,31.6,,30.17,,29,15.7,29,42.5,27,32.4,27.5,27.9,,36.5,,21,32.75,29.92,37.9,12,7.74,7,24,1,17,31
Florida Intl.,Indiana,-10.5,-19.47,-6.87,-13.27,-6.64,3.6,-11.11,-14.63,-19.47,-7,-12,-7,-18.2,-9.5,-19.47,-17.9,-11.92,-8.28,-11.82,-14.72,-26.85,-12.08,-8.67,-3.2,-2.63,3,,-5.45,-15,-12.04,-19.47,-10.88,-16,-4,-16,-10.28,-3.87,,-13.6,,-13.3,-7,-13.4,-10.5,-18.4,-12.07,-12.2,,-10.75,,-9,-2.44,-20,-16.1,-21,-15.7,-9.5,-11.9,,-9,,-3,-21.24,-8.84,-9.6,-3,6.24,34,13,1,-21,47
Florida St.,Mississippi,5,-1.02,1.36,-9.2,4.74,-15.09,-0.55,-4.6,-1.02,-3,0.01,-1,7.3,6.5,-1.02,7,-4.78,-1.96,0.12,0.01,-6,4.59,-7.58,-6.77,2.29,2.5,,3.44,-2,0.04,-1.02,7.41,-5,5.5,3,-0.55,10.74,,12.8,,4.1,4,11,4.5,-11.2,-0.11,-17.8,,-4.63,,1,3.93,5,12.3,3,0.01,-2.3,9.1,,4,,5.5,-6.46,-15.11,4.8,4,6.80,34,45,1,11,79
Georgia,North Carolina,3.5,3.88,6.86,1.85,6.87,9.87,6.28,-3.79,3.88,-7,-7.63,3,2.7,10,3.88,5,4.84,-0.95,1.47,-2.63,-4.05,1.81,11,5.69,0.21,2,,0.31,12,2.35,3.88,4.14,1,3,4,4.08,-5.66,,-3.5,,4.3,7,6.3,3.5,-4.4,-8.56,5,,-4.03,,3,-6.55,-8,-3.4,2,-1,4.3,3.9,,2.5,,-0.5,-0.22,-0.19,2.7,5,4.83,24,33,1,9,57
Georgia St.,Ball St.,4.5,4.35,6.82,3.19,9.42,15.4,-3.52,8.52,4.35,6,4.25,0.25,3,-4,4.35,3.7,-5.21,5.49,5.02,8.57,15.65,2.21,2.33,-1.02,5.71,3,,7.07,-5,4.35,4.35,2.47,9,1.5,7,4.42,13.28,,2.6,,-0.3,-4,4,4.5,16.9,2.55,1.7,,5.35,,4,8.48,6,0.6,13,1,1.2,2.8,,3.5,,20,14.62,9.8,4.6,-7,5.53,31,21,1,-10,52
Hawaii,California,-19.5,-21.16,-20.78,-28.15,-23.92,-34.62,-19.22,-31.7,-21.16,-31,-34.38,-20,-26.2,-19.5,-21.16,-26.4,-30.8,-17.69,-25.3,-29.48,-39.7,-18.45,-25.17,-40.86,-12.71,0.01,,-19.09,-15,-24,-21.16,-19.25,-34,-22,-30,-26.01,-18.43,,-25.2,,-19.2,-28,-16.8,-20,-44.6,,-44,,-28.57,,-12,-21.17,-31,-27.6,-32,-21.1,-24,-11.5,,-20,,-22,-43.61,-38.43,-19.3,-6,9.02,51,31,1,-20,82
Houston,Oklahoma,-12.5,-13.77,-3.73,-4.88,-6.72,-7.94,-9.6,2.26,-13.77,-4,-5.13,-6,-8.9,-6,-13.77,-7.8,-12.14,-1.25,-8.31,-9.19,-6.55,-13.23,-7,-7.1,-1.25,-7.5,,-1.88,-10,-7.97,-13.77,-19.14,-5,-10,-8,-2.18,-3.83,,-11.2,,-9.2,-13,-11.3,-12,2.9,-20.13,-21.7,,-8.67,,-15,-3.49,-13,-13.5,-4,-12.1,-4.3,-8,,-11.5,,-2,-5.28,-11.45,-11.3,-5,5.26,23,33,1,10,56
Iowa,Miami (Ohio),27.5,36.69,30.12,28.8,30.66,30,27.8,26.69,36.69,34,26.75,23,38.2,25.5,36.69,36.4,35.82,20.23,29.66,28.72,34.65,28.64,36.58,24.12,22.79,17.5,,32.74,28,28.8,36.69,24.58,35,30,36,34.67,22.18,,35.7,,31.5,27,31.3,27.5,25.7,37.63,27.1,,32.39,,25,22.59,22,36.8,35,24,27.5,23.1,,27.5,,24.5,34.72,32.24,27.6,9,5.39,21,45,1,24,66
Kentucky,Southern Miss.,5.5,11.76,1.21,3.33,4.59,-2.96,7.69,-3.92,11.76,-4,-9.5,3,3.9,3,11.76,3.9,3.16,-0.45,2.06,-1.96,-5.05,5.06,3.42,10.45,3.42,3,,3.63,-1,3,11.76,11.58,-3,7,6,1.29,2.35,,7.9,,3.5,3,12.7,5,-9.1,-8.26,-1.3,,2.65,,1,-7.84,-2,10.2,-10,5.2,4.5,8.7,,6.5,,-12.5,-5.6,-1.18,6.6,1,6.33,44,35,1,-9,79
Louisiana-Lafayette,Boise St.,-19,-19.56,-16.74,-18.05,-9.56,-23.36,-16.79,-27.76,-19.56,-21,-26.38,-17,-20.6,-14,-19.56,-22.8,-29.21,-11.57,-20.12,-18.62,-34.25,-22.02,-32.33,-14.48,-10.13,-6,,-16.72,-21,-19.56,-19.56,-17.03,-27,-20,-20,-21.31,-12.85,,-24.1,,-15,-23,-15.4,-19,-35.6,-25.29,-35.8,,-21.22,,-17,-7.59,-27,-24.6,-31,-19,-14.5,-9.6,,-20,,-8.5,-31.85,-28.26,-19.4,-4,7.06,45,10,1,-35,55
Louisville,Charlotte,38.5,44.18,32.55,35.6,36.83,29.95,35.58,42.97,44.18,40,36.75,27,89.7,30.5,44.18,89.4,43.63,20.92,39.87,32.35,50.05,44.05,23.42,48.05,23,15.5,,33.05,38,38.65,44.18,39.04,45,38.5,46,36.77,29.05,,46.9,,40.2,39,34.2,38.5,34,41.83,61,,33.44,,37,22.56,39,49.1,47,44.9,28.5,38.3,,39.5,,24.5,49.28,40.52,38.3,13,13.12,14,70,1,56,84
Michigan,Hawaii,39,36.18,36.08,36.58,38.96,40.74,27.33,42.99,36.18,42,38.63,28,40.54,24.5,36.18,42.6,41.46,23.18,37.62,37.73,50.05,41.98,36.75,45.53,24.92,22,,36.66,38,38.31,36.18,43.19,44,41.5,46,40.61,30.37,,47,,35.5,31,45.1,39,44.4,42.47,43.9,,37.23,,29,29.75,39,45.7,46,34.7,32.5,25,,40.5,,28.5,49.26,43.08,41.3,11,7.11,3,63,1,60,66
Minnesota,Oregon St.,12.5,8.13,14.32,11.3,8.54,24.15,9.02,17.39,8.13,18,19.88,10,14.5,10.5,8.13,14,12.79,10.89,13.57,15.6,20.55,12.07,20.75,19.45,8.42,3,,11.14,15,12.74,8.13,7.33,17,9.5,12,15.39,9.51,,12.7,,8.8,7,12.8,12.5,15.8,14.98,24.3,,16.33,,14,12.14,14,10,31,15.4,10.8,7.5,,13,,19.5,20.42,20.39,12.4,1,5.23,23,30,1,7,53
Mississippi St.,South Alabama,28,28.24,25.6,31.16,23.91,38.1,28.33,35.23,28.24,32,34.25,25,31.3,24,28.24,30,34.78,17.45,30.97,26.91,41.75,32.48,46.17,26.8,14.25,9.7,,19.9,33,31.23,28.24,31.82,39,33.5,34,32.98,27.02,,45.7,,30.7,32,32.9,28,38.1,39.4,44.5,,33.36,,31,17.94,35,47,43,32.2,27.5,25.3,,28.5,,16.5,42.55,42.38,28.8,8,7.96,21,20,1,-1,41
Nebraska,Fresno St.,29,24.96,24.01,24.05,23.64,32.25,20.91,28.27,24.96,26,27.38,22,30.5,18.5,24.96,30.1,25.69,15.95,26.57,24.92,31.05,28.64,31.75,32.51,17.17,10.4,,24.28,30,26.53,24.96,26.36,29,29.5,29,26.71,19.93,,30.1,,25.8,27,20.3,29,27.5,36.78,40.9,,25.28,,30,19.51,29,29.8,37,34.4,27.5,24.2,,28,,19,30.77,36.45,27.3,5,5.62,10,43,1,33,53
North Texas,SMU,-9.5,-5.5,-6.31,-6.65,-10.33,-0.01,-2.05,-14.17,-5.5,-3,-3.25,-10,-6.1,1,-5.5,-5.1,-0.78,-7.32,-6.82,-7.2,-4.85,-9.13,8.75,-14.1,-0.33,3,,-2.01,-9,-6.05,-5.5,-13.08,0.01,-12.5,-11,-2.39,-4.45,,-18.5,,-8.3,-10,-14.5,-9,-9.4,-16.71,-21.7,,-1.28,,-6,-2.06,-12,-18.7,-1,-6.8,-3.9,-5.2,,-9.5,,1.5,-4.33,-9.58,-8.7,-1,5.47,34,21,1,-13,55
Northwestern,Western Mich.,4.5,3.48,8.94,7.74,7.25,0.01,8.76,-1,3.48,3,-9.5,8,5.4,9,3.48,5.6,6.44,6.74,4.33,6.34,-0.55,2.63,11.08,10.55,2.38,11.25,,2.06,5,5,3.48,4.8,-1,6.5,7,7.03,11.75,,7.2,,6.8,7,5.6,4.5,-8.9,5.17,4.8,,4.78,,3,2.39,-1,10.7,-3,2.4,5.1,4.6,,5,,5,3.32,-2.35,5.1,4,4.36,22,21,1,-1,43
Ohio,Texas St.,21,18.76,18.67,15.93,18.91,16.53,12.86,24.51,18.76,26,22.38,11,22.2,13.5,18.76,21.4,16.46,13.53,19.03,22.15,25.55,19.19,9.42,27.49,14.25,3,,19.9,16,18.76,18.76,12.83,19,18.5,25,16.67,23.3,,23.6,,16.7,19,31.7,21,30.8,21.52,17.5,,15.7,,11,10.65,22,22.9,26,17.2,18.5,16.4,,21,,17,27.21,14.96,20.3,4,5.36,56,54,1,-2,110
Ohio St.,Bowling Green,27.5,28.11,18.09,21.28,22.69,17.69,19.24,18.3,28.11,13,13,24,31.4,25.5,28.11,30.2,20.04,10.67,21.03,18.75,23.65,25.88,27.17,20.53,15.5,26.5,,21.78,21,21.29,28.11,24.76,25,26.5,30,21.15,12.16,,19.2,,21.3,21,21.8,26.5,27.1,7.28,19.4,,20.17,,27,11.59,-1,19.6,24,25.1,26.5,15.1,,28,,5.5,24.25,25.39,27.9,7,6.61,10,77,1,67,87
Penn St.,Kent,23,30.88,20.24,23.89,23.11,20.32,22.71,19.3,30.88,23,15.5,15,27.9,17,30.88,28.6,30.75,15.85,22.68,20.28,28.35,19.99,21.58,13.54,17.38,3,,24.6,14,23.06,30.88,23.54,26,20,28,24.43,13.88,,29.3,,17.1,21,30.3,23,22.3,20.81,19.9,,23.57,,20,20.32,19,30.7,26,24.7,25.5,14.9,,21.5,,25,26.53,31.8,22.8,6,5.91,13,33,1,20,46
Stanford,Kansas St.,12.5,19.27,18.72,18.65,17.62,23.49,12.46,26.79,19.27,27,16.75,14,16.2,18,19.27,13.9,19.25,12.76,18.13,12.82,23.85,12.52,27.08,11.88,13.63,23,,18.96,18,18.65,19.27,14.93,22,16,16,20.14,20.98,,20.9,,15.1,12,8.3,13.5,20.7,14.55,28,,20.66,,15,15.29,19,21.2,25,13.9,17.5,15.5,,15.5,,22.5,23.16,19.26,15.3,3,4.29,13,26,1,13,39
Temple,Army,14.5,9.75,23.49,20.89,22.33,23.67,16.15,21.71,9.75,36,22.38,19,22.4,19,9.75,24.3,23,17.31,19.57,21.48,23.75,13.47,21,22.42,18.63,3,,26.48,17,20.89,9.75,12.4,23,19,22,23.7,13.63,,18.2,,13.9,17,9.7,15,30.4,25.32,28.1,,24.17,,13,24.26,19,19.7,21,13.9,19.5,11.5,,16,,31.5,25.1,25.02,14.9,6,6.36,28,13,1,-15,41
Tennessee,Appalachian St.,20.5,22.71,12.78,20.45,15.67,13.73,18.62,22.72,22.71,10,19.25,17,22.2,13,22.71,21.8,16.8,7.46,18.72,15.64,24.55,21.65,29.33,24.88,4.46,24.5,,5.19,15,19.38,22.71,25.23,23,22.5,24,18.05,11.53,,34.8,,16.4,18,29.6,20.5,22.4,17.64,15.7,,17.35,,16,5.75,20,35.7,25,19.5,18.5,20.3,,20.5,,-2.5,23.65,19.05,20.1,-1,6.97,13,20,1,7,33
Texas,Notre Dame,-3.5,-3.42,-7.14,-5.86,-6.75,-13.82,-3.82,-3.58,-3.42,-11,0.5,-4,-4.7,-10,-3.42,-4.8,-9.12,-7.28,-4.96,-4.28,-5.05,-1.11,-20,-6.08,-3.25,-6.8,,-6.39,-8,-4.9,-3.42,1.39,-5,-4.5,-5,-8.32,-2.72,,3.3,,-5.8,2,10.7,-3.5,-6.9,-2.81,-20.8,,-8.02,,-8,-6.16,-3,1.9,-5,-8.9,-3.2,-3.4,,-3.5,,-3.5,-1.86,-13.57,-3.6,-3,4.66,47,50,1,3,97
Texas A&M,UCLA,3.5,-0.42,1.27,4.52,1.43,2.58,3.04,2.21,-0.42,3,-2,-2,-1.8,1.5,-0.42,-1.8,-0.87,2.6,1.51,3.4,1.25,1.21,5.5,-0.94,-1.17,3.5,,-3.26,1,1.47,-0.42,3.67,2,1,2,2.11,1.26,,4.7,,2.7,3,4.2,3.5,-1.3,0.77,-4.8,,6.9,,2,0.66,5,4.2,-1,3,1.4,9.6,,3,,-1.5,-0.62,3.68,3.3,1,2.64,24,31,1,7,55
Tulsa,San Jose St.,5,2.73,5.5,1.82,2.83,-2.27,2.55,4.3,2.73,7,6.75,2,-0.01,-4,2.73,1.3,0.67,2.7,3.58,6.64,3.65,4.44,1.17,1.47,3.21,3,,3.31,6,3,2.73,2.53,4,6,3,3.89,-0.57,,11.5,,2.4,5,14.2,5,6.4,3.49,-2,,5.17,,1,8.82,-3,11.7,3,5.8,-0.1,2.7,,5,,7,4.73,4.26,5.7,-1,3.43,10,45,1,35,55
UTEP,New Mexico St.,9.5,8.21,6.79,3.33,4.19,10.87,5.6,9.64,8.21,8,3,7,6.1,12,8.21,6.4,9.2,2.8,6.04,4.38,7.65,7.82,-4.75,3.49,5.92,3,,7.38,1,6.25,8.21,0.6,11,3.5,11,6.78,1.5,,4.4,,10,11,6.5,9,3.4,5.04,-1.9,,5.05,,4,2.87,-1,4.3,10,9.2,7.9,5.9,,9,,1,10.02,4.28,9.4,3,3.32,22,38,1,16,60
Vanderbilt,South Carolina,4.5,3.79,5.64,-1.93,2.5,6,-3.45,-0.01,3.79,11,2.38,3,2.2,-3.5,3.79,2,-7.38,1.35,2.33,-0.11,-4.25,-1.22,-5.33,6.44,5.08,3,,6.13,-4,2.1,3.79,3.87,-1,2.5,2,0.61,18.05,,10,,3.6,1,4.4,4.5,-0.3,10.19,-0.4,,2.61,,-1,1.59,6,10.9,-2,5.3,0.1,0.8,,4.5,,-0.5,-2.01,-0.69,4.1,-4,4.50,13,10,1,-3,23
Wake Forest,Tulane,16.5,15.54,13.6,15.23,20.7,7.52,12.26,17.16,15.54,14,9.25,17,23.9,7,15.54,22.9,17.85,7.41,16.41,13.54,21.65,20.16,-4,13.03,8.83,3,,11.76,17,15.65,15.54,21.7,17,17,20,12.87,15.26,,22,,21.6,20,15.6,16.5,15.7,29.44,29,,16.95,,18,14.92,22,22.6,22,23.2,12.1,13.4,,17,,4,15.28,20.57,16.2,4,5.57,3,7,1,4,10
Washington,Rutgers,26.5,26.41,19.19,14.13,16.12,20.63,16.04,31.29,26.41,25,18.63,18,21.2,13,26.41,23.6,26.2,10.08,22.8,18.25,32.85,24.6,25.33,33.99,17.58,19.5,,24.91,24,23.3,26.41,21.41,31,22.5,26,24.97,20.09,,25.8,,21,17,18.2,26,33.7,27.8,29.1,,24.71,,21,19.53,23,24.4,35,25.7,20,14,,26.5,,21.5,27.24,18.87,25.9,2,5.68,13,48,1,35,61
West Va.,Missouri,10,4.6,11.97,10.31,8.62,24.78,5.14,14.97,4.6,17,16.13,6,6.8,2.5,4.6,6.5,11.17,8.47,11.03,14.72,16.95,11.1,18.25,15.97,9.04,9.3,,12.08,1,10.33,4.6,10.36,14,13,10,12.69,11.34,,7.8,,7.8,8,8.6,10,19.6,18.2,17.4,,15.81,,11,13.05,11,7.9,17,8.9,7.8,5.9,,10,,17,14.13,19.62,9.5,-1,4.95,11,26,1,15,37
Western Kentucky,Rice,16.5,12.59,23.2,23.37,21.06,28.64,16.2,31.14,12.59,36,26.13,17,22.6,17.5,12.59,22,27.18,16.53,22.95,29.42,43.35,17.57,33.33,12.64,15.29,7.2,,21.47,27,22,12.59,18.25,32,16.5,22,25.9,15.98,,17.4,,20.5,15,1.7,16.5,45.7,29.96,35,,30.58,,14,24.88,33,17.1,39,22.1,16.7,14.4,,16.5,,32.5,41.01,36.52,16.1,2,9.42,14,46,1,32,60
Wisconsin,LSU,-13.5,-9.69,-5.07,-6.37,-9.23,4.47,0.11,-6.76,-9.69,-3,1.75,-12,-10.4,2,-9.69,-8.2,0.74,-1.72,-6.04,1.73,-0.95,-10.93,1.33,-5.45,-3.96,-7.5,,-5.95,-20,-6.19,-9.69,-14.47,0.01,-8.5,-9,-2,-5.85,,-15.8,,-6.5,-6,-13.7,-12,-5.5,-11.13,-8,,-3.55,,-6,4.66,-11,-17,-7,-9.4,-1.6,-4.6,,-10,,12,-5.25,-5.38,-10.1,-2,5.85,14,16,1,2,30
Wyoming,Northern Ill.,-9,-10.54,-11.56,-14.24,-11.96,-18.01,-10.25,-7.06,-10.54,-21,-5.13,-9,-14.5,-15.5,-10.54,-14.4,-14.44,-13.5,-11.22,-12.58,-6.95,-11.43,-3.42,-7.54,-6.79,-1.7,,-11.71,-20,-10.82,-10.54,-6.44,-9,-10.5,-10,-10.94,-8.84,,-12.3,,-10.7,-10,-12.9,-9,-11.2,-14.6,-21.3,,-8.79,,-4,-5.68,-15,-11.3,-8,-12.2,-20,-6.9,,-10,,-9.5,-5.85,-12.56,-9.9,-7,4.20,34,40,1,6,74
Air Force,Georgia St.,23.5,15.21,13.34,11.34,12.49,12.05,13.34,11.75,18.33,27,19.25,14,22.6,20,14.54,24.7,17.48,10.84,16.16,14.16,12.25,21.17,17.25,20.75,11.13,3.21,,17.63,16,16.38,19.73,12.54,19,18,21,16.38,3.11,,20.4,,15.7,21,16.8,22,2.6,22.42,17.3,,18.41,,20,,14,22,14,26.9,14.1,10.8,,18,,10.5,17.95,20.05,21.4,7,5.40,14,48,2,34,62
Alabama,Western Kentucky,27,33.96,17.91,23.49,24.41,14.65,29.27,24.73,32.36,30,32.06,25,23.2,32,34.45,23.3,30.87,11.89,24.97,16.98,30.55,25.1,19.56,30.35,12.46,21.5,,16.18,32,25.3,32.5,24.64,28,25.5,28,14.68,21.14,,32.7,,27.6,26,30.9,27,14.4,18.48,30.9,,20.19,,34,,14,34.1,25,33.8,25.3,21.4,,29.5,,2.5,25.49,26.58,28.9,9,7.17,10,38,2,28,48
Appalachian St.,Old Dominion,21,20.9,17.76,20,19.6,3.31,14.52,26.43,20.07,30,20.19,14,23.3,12.5,21.2,23.3,21.06,16.31,20.64,18.31,23.25,20.63,15,21.68,20.47,8.3,,27.07,31,20.9,19.13,18.04,22,19,18,21.89,15.22,,17.4,,21.4,20,11.3,21,25.9,27.91,28.1,,23.38,,24,,21,15.5,24,22.8,26.3,16.7,,21,,23.5,19.32,33.04,21.4,4,5.45,7,31,2,24,38
Arizona St.,Texas Tech,1,3.54,-0.46,5.08,2.27,2.08,3.15,12.09,3.88,4,8.63,4,3.4,9.5,3.45,2.9,8.17,3,3.12,-0.27,6.25,-1.94,5.38,8.3,0.01,-2.5,,-2.97,2,3.29,4.11,-0.39,8,4,5,4.38,0.31,,6.5,,-1.6,2,8.4,1,15.8,-5.9,-7.7,,3.56,,1,,-2,5.3,7,-5.3,3.29,0.6,,3,,2.5,7.37,2.86,1.6,2,4.42,55,68,2,13,123
Army,Rice,8,16.5,10.04,7.83,0.49,20.96,20.02,15.47,9.6,11,20.19,6,13.3,-1,17.2,24.6,8.93,5.14,12.48,20.58,22.95,9.68,4.31,18.51,5.46,3.87,,3.22,20,12,14.51,15.01,11,8.5,12,11.57,-2.35,,11.5,,18.6,11,8,8.5,21,23.84,15.7,,14.27,,12,,18,7.6,18,12.9,7,11.3,,9.5,,13.5,10.18,14.54,7.7,-7,6.36,14,31,2,17,45
Auburn,Arkansas St.,21,24.31,12.08,17.6,14.6,8.43,22.25,19.64,21.09,15,14.56,17,19.4,13,24.82,13.3,24.11,-0.82,17.36,13.2,22.25,20.36,21.81,24.11,6.17,10.91,,10.23,20,18.46,21.87,26.38,19,17,21,18.6,21.3,,24.8,,21.6,18,24.1,21,16.9,16.24,10.4,,15.42,,21,,13,27.7,21,22.5,11.7,14.8,,19.5,,-2.5,18.46,16.92,20.1,1,6.23,14,51,2,37,65
Baylor,SMU,33,29.98,27.8,27.18,29.07,18.98,23.51,29.97,31.57,43,31.44,21,37.3,31,29.91,37.6,39.29,20.3,29.88,26.81,42.75,30.79,45.63,37.92,22.32,12.29,,33.32,39,29.97,29.7,21.43,40,32,37,33.92,16.83,,20.5,,24,24,20.2,33,34.4,29.93,33.3,,38.69,,32,,28,18.5,42,32.8,27.79,19.9,,32,,26,37.27,41.82,32.4,9,7.51,13,40,2,27,53
Boise St.,Washington St.,13,14.82,17.27,1.71,5.67,17.51,20.22,7.27,8.21,20,-7.63,8,10.9,16.5,15.48,14,5.61,-3.24,9.41,12.71,18.85,13.55,18.88,14.45,5.69,15,,4.35,10,10.8,13.02,13.54,14,11,7,13.79,4.15,,-9.8,,17.7,14,-0.5,13,10.8,18,13,,9.12,,11,,8,-12.3,15,7.3,7,-0.3,,10.5,,10.5,2.54,14.53,10.2,5,7.42,28,31,2,3,59
Clemson,Troy St.,36,35.65,28.28,32.4,35.42,14.94,28.67,34.65,36.03,32,21.44,27,43.2,29.5,35.46,42.1,36.49,20.86,32.99,27.02,41.35,34.33,48.31,41.12,25.47,27.5,,32.31,47,33.82,37.1,33.82,35,36,38,34.49,23.46,,42.7,,27.6,31,29.6,36,29.5,25.73,37.3,,35.05,,31,,31,45.5,42,36,28.29,25.1,,36,,23.5,44.11,36.58,36.4,12,6.82,24,30,2,6,54
Colorado St.,Texas-San Antonio,9.5,9.62,8.45,10.41,16.52,-6.11,3.8,11.63,13.23,7,8.31,10,12.4,7.5,9.25,16.22,8.36,6.93,10.93,7.35,15.15,13.22,0.56,17.41,12.6,2.29,,14.22,6,10.36,10.87,9.96,15,12,18,8.41,10.8,,8.6,,9.2,6,4.3,9.5,26.8,10.36,13.8,,12.47,,13,,10,10.8,20,13,9.6,9.3,,10,,10,17.91,16.89,10.1,0,5.03,14,23,2,9,37
Duke,Wake Forest,7,14.87,11.76,9.99,7.58,11.61,12.01,7.62,12.27,20,11.13,4,9.8,11,15.36,5.7,14.8,6.22,9.92,13.34,14.55,4.84,21.19,10.7,5.22,8.45,,9.18,13,10.1,12.13,7.5,14,7,13,14.19,12.6,,2.7,,10.8,8,6.7,7,10,10.1,8,,11.46,,8,,1,2.9,12,2.2,8.1,3.5,,5,,14,20.19,13.3,4.7,3,4.26,24,14,2,-10,38
East Carolina,NC St.,-5.5,-6.84,-0.62,-2.15,-2.93,-0.55,1.09,-2.08,-9.51,1,-5.13,-7,-11.9,0.01,-6.39,-15.3,-3.34,-1.91,-4.04,-5.89,0.85,-8.71,-6.25,-3,-0.92,3,,-2.95,7,-3.4,-8.83,-8.78,1,-4.5,-9,-4.08,-10.48,,-12.2,,2,-3,-6.4,-5.5,-3,-5.67,-6.3,,-1.03,,-3,,-5,-12.7,-5,-3.4,-3.7,-0.7,,-5,,5.5,-4.56,-5.67,-5.6,-1,4.55,30,33,2,3,63
Florida,Kentucky,14,13.26,16.27,15.03,13.32,18.41,16,8.08,12.29,11,5.5,16,12.1,19.5,13.07,14.6,15.8,15.46,13.83,16.7,10.65,14.37,38.38,20.48,10.86,12.94,,13.63,19,14.86,15.43,15.4,13,16.5,16,22.34,6.12,,13.4,,15.4,16,16.7,14,5.8,19.99,-4.9,,15.75,,9,,12,14.7,6,10.6,15.1,14.5,,17,,16.5,20.45,14.86,16,6,4.62,7,45,2,38,52
Florida Intl.,Maryland,-11,-13.09,-7.58,-12.98,-6.94,-7.48,-8.28,-7.31,-15.29,-1,-5.13,-7,-13.3,-10,-12.69,-15.7,-12.08,-3.63,-9.46,-9.86,-13.45,-8.69,-5.63,-4.77,-0.76,2.59,,-4.86,-9,-9.9,-15.32,-10.1,-11,-9,-10,-8.11,4.02,,-11.9,,-15.8,-10,-12.3,-11,-7.6,-9.72,-9.5,,-6.66,,-11,,-16,-16.1,-12,-19.4,-9.7,-9.9,,-10.5,,1.5,-14.52,-7.63,-12.5,-3,4.93,41,14,2,-27,55
Illinois,North Carolina,-7,-5.29,-3.9,-7.55,-5.38,14.49,0.75,-12.54,-8.76,-10,-3.25,-8,-8.6,-5,-4.94,-7.2,-8.73,-9.99,-7.57,-7.64,-6.75,-7.71,-4.69,-5.13,-6.93,-6,,-11.03,-12,-7.81,-6.13,-7.81,-10,-10,-9,-8.81,-15.51,,-11.9,,-6,-11,-8.3,-7,-9.7,-2.1,0.01,,-10.36,,-7,,-15,-11.7,-9,-15.2,-6.6,-9.7,,-8.5,,-11.5,-3.07,-7.23,-9,-3,4.64,48,23,2,-25,71
Indiana,Ball St.,16.5,18.24,14.62,15.15,16.44,11.82,13.6,15.67,19.92,16,12.38,12,24.9,10.5,18.17,23.9,18.69,10.39,16.06,12.94,19.85,18.62,23.06,18.82,8.93,3.2,,11.61,7,15.9,17.96,13.41,22,16.5,21,16.51,11.67,,18.9,,14.3,15,22.3,16.5,14.4,15.64,16.9,,18.53,,13,,14,19.6,21,15.2,15.9,11.3,,18,,20,22.38,22.72,17.1,-1,4.41,20,30,2,10,50
Iowa,Iowa St.,15,19.36,25.21,13.74,15.89,18.08,14.23,12.53,21.12,20,3,19,16.7,21,18.9,18.1,14.21,16.21,17.18,22.5,11.25,14.93,39.88,13.4,22.81,17.5,,27.32,18,17,22.52,18.19,17,15,16,26.95,29.9,,17,,18.3,22,14,15,10.7,22.08,15.7,,15.98,,5,,14,16.5,20,9.1,19.3,7.7,,15,,22.5,17.62,14.7,14.7,3,5.22,3,42,2,39,45
Kansas,Ohio,3,5.54,-0.99,-2.28,-5.56,3.75,10.41,-10.33,-0.46,-15,3.31,0.25,-3.8,-6.5,6.2,-0.9,-5.46,-6.9,-0.37,1.52,2.35,1.93,0.63,5.68,-4.52,3.06,,-8.66,-2,-0.4,3.36,9.53,-3,-2,-1,-0.48,-6.65,,3.3,,6.9,2,5.3,3,-9.9,5.12,5.5,,-1.68,,3,,5,6.6,-4,2.3,-0.4,-0.4,,3,,-9.5,-6.67,-4.76,3.1,-5,5.53,37,21,2,-16,58
Massachusetts,Boston College,-17,-12.85,-6.76,-13.36,-14.43,-5.95,-9.47,-10.32,-14.43,5,-5.44,-12,-21.2,-11.5,-12.73,-23.9,-14.7,-2.76,-13.26,-3.97,-15.05,-19.15,2.5,-9.85,-0.46,2.74,,-2.7,-27,-13.36,-12.97,-16.95,-16,-17.5,-24,-8.01,-8.49,,-26.4,,-20,-18,-17.4,-17,-4.7,-24.02,-17.2,,-15.05,,-20,,-20,-27.9,-20,-11.8,-12.5,-16.9,,-17,,4,-12.6,-16.26,-17.3,-6,7.76,26,7,2,-19,33
Miami (Fla.),Florida Atlantic,25.5,25.97,21.93,21.48,23.49,13.29,16,20.12,24.89,23,28.63,20,30,16.5,26.3,30.2,24.16,13.76,23.01,24.55,24.85,25.68,32.25,20.74,18.5,11.5,,26.19,21,23.8,23.8,25.89,26,21.5,29,25.6,17.7,,33.2,,32.4,26,23.5,25.5,17.2,31.79,25.9,,20.19,,20,,14,35.8,27,22.3,20.8,14.2,,24.5,,13.5,24.39,24.89,24.3,6,5.48,10,38,2,28,48
Michigan,Central Florida,35.5,29.77,29.46,34.33,35.63,27.39,27.64,45.57,29.04,53,34.56,24,40.5,18,30,42.8,39.94,30.55,34.71,30.18,44.75,31.94,47.38,36.66,27.27,25,,39.67,25,34.33,28.99,33.22,40,34.5,39,38.1,32.98,,38.3,,31.7,31,32.8,35.5,40.6,43.75,37.6,,35.77,,30,,36,37.7,45,39.6,30.3,21.8,,35.5,,33,42.48,48.21,35.5,5,7.01,14,51,2,37,65
Mississippi St.,South Carolina,7.5,4.82,8.99,11.48,4.92,5.35,-1.21,8.73,10.16,5,2.06,11,0.98,6,4.52,-10.1,7.95,11.7,7.66,0.35,8.75,7.4,14.06,4.05,3.71,6.96,,7.97,12,7.4,4.69,3.05,14,6.5,4,8.97,22.46,,16.1,,0.01,8,14.8,7.5,3.2,10.13,10.5,,1.6,,7,,4,16.6,10,10.9,6.39,5.5,,7,,11.5,15.18,19.77,7.1,-1,5.60,14,27,2,13,41
Missouri,Eastern Mich.,23,25.74,13.52,26.09,27.12,0.59,22.43,18.3,27.46,28,24.25,15,24.5,19,25.67,25.9,28.96,21.53,22.23,17.92,28.25,32.68,9.25,30.24,13.2,2.7,,15.2,33,23.3,25.44,20.13,30,25.5,28,19.22,7.33,,23.7,,19.2,20,19.2,23,22.8,17.33,30.2,,21.51,,23,,21,25.8,24,20.5,23.3,18.7,,25,,13.5,34.18,27.04,25.4,11,6.97,21,61,2,40,82
Navy,Connecticut,4.5,16.33,16.23,22.25,7.42,11.59,24.04,18.35,11.51,21,17.38,5,13.4,15,17.08,7.7,20.34,13.81,14.19,25.73,23.95,5.73,34.75,21.72,13.42,11.25,,19.53,8,13.7,12.45,9.98,21,6,13,21.76,9.64,,4.3,,16.3,11,7.2,5.5,17.3,6.94,2.3,,19.03,,13,,9,5.2,10,13.7,15.8,5.3,,3.5,,15,26.26,24.66,3.7,7,6.46,24,28,2,4,52
Nebraska,Wyoming,24.5,28.36,19.03,26.67,23.76,15.73,19.21,22.47,29.19,16,5.81,21,25.5,23,28.49,12,24.76,15.85,23.08,20.28,26.15,24.24,37.25,26.02,13.76,10.31,,19.07,35,24.66,26.9,23.53,28,23.5,25,25.13,14.74,,30.1,,22,26,26.5,24.5,29.8,27.32,35,,16.9,,24,,15,30.2,30,20.7,26.29,17.8,,24.5,,19,24.66,29.35,24.9,7,6.13,17,52,2,35,69
New Mexico St.,New Mexico,-13,-11.29,-11.1,-8.86,-9.95,-13.93,-17.81,-21.61,-7.69,-8,-15.13,-15,-10.2,-13.5,-11.6,-4.2,-14.19,-6.46,-13.48,-12.05,-25.35,-17.87,7,-26.81,-4.24,2.68,,-9.18,-6,-13,-10.73,-13.52,-14,-11,-18,-10.3,-5.67,,-20.9,,-14.3,-13,-20.8,-13,-17.5,-22.94,-12.1,,-6.37,,-12,,-28,-20.6,-30,-19.4,-10.2,-7.3,,-12.5,,2,-24.55,-15.14,-14.1,-3,7.05,31,32,2,1,63
Notre Dame,Nevada,27.5,25.07,20.95,26.39,18.38,3.85,19.37,17,22.29,18,18.31,16,25.8,19,25.76,18.6,25.07,14.53,22.34,29.32,26.45,18.24,31.44,22.82,15.57,17,,22.63,21,22.29,20.79,25.83,25,27,24,25.07,12.93,,26.1,,29.9,20,21.2,27,25.9,27.64,33.1,,22.26,,27,,19,28.8,18,31.9,26.8,21.9,,28,,19.5,15.95,29,28,8,5.43,10,39,2,29,49
Ohio St.,Tulsa,28.5,32.32,22.86,29.04,24.74,19.44,27.91,22.17,32.84,32,31.75,22,26.5,36.5,32.53,29,31.85,17.56,27.31,22.37,38.35,25.07,39.31,35.69,18.64,25.88,,27.47,30,27.8,31.72,22.53,36,28.5,28,25.73,22.1,,18.4,,27.8,26,16.2,28.5,26.4,26.79,30.8,,31.37,,29,,19,18.3,31,33.4,27.8,16.8,,28.5,,22,35.48,37.71,28.9,9,5.81,3,48,2,45,51
Oklahoma,Louisiana-Monroe,46,47.6,35.53,39,45.25,10.06,26.84,44.07,50.01,47,45.19,31,46.6,25.5,47.7,47,45.04,30.46,42.13,37.07,53.15,47.47,36.56,47.53,26.34,21.5,,35.53,46,45.04,45.79,44.2,50,44,49,40.36,41.96,,56.9,,38,41,48.9,46,44.5,50.01,50.5,,40.77,,38,,45,57.5,54,52.2,33.79,31.7,,46.5,,34.5,47.25,48.35,46.9,11,9.38,17,59,2,42,76
Oklahoma St.,Central Mich.,21,23.55,15.1,12.9,15.91,6.86,14.12,14.54,25.68,18,19.25,15,15.5,13.5,23.23,16,19.15,9.52,16.9,16.15,19.15,19.3,26.88,20.42,15.67,14,,22.09,15,16,24.97,20.97,16,19,19,20.24,14.64,,21.4,,16.7,16,20.7,20.5,19.9,10.12,15.8,,15.77,,15,,9,22.4,18,17.5,17.8,15.3,,21,,14.5,18.78,7.6,21.4,9,4.18,30,27,2,-3,57
Oregon,Virginia,23,15.25,26.71,16.07,16.24,20.36,20.63,11.59,15.47,26,11.75,16,14,26.5,14.95,18.7,17.07,13.01,18.71,32,15.95,22.21,39.69,22.23,19.01,19,,23.97,25,18.82,18.24,18.82,21,22.5,19,26.1,22.93,,14.4,,21.1,22,17.1,22.5,21.4,20.24,7.3,,13.79,,9,,22,14.9,17,17.7,20.3,14.7,,24.5,,20.5,24.29,11.35,23.2,11,4.92,26,44,2,18,70
Pittsburgh,Penn St.,4.5,3.96,6.26,3.62,4.66,5.69,5.52,4.93,2.87,15,9.88,5,5.4,2.5,4.12,5,7.38,-0.11,5.63,6.77,5.85,3.52,5,4.3,1.51,9.56,,1.84,9,5,3.19,4.32,7,6.5,5,5.93,7.12,,13,,1.8,3,4.2,4.5,5.9,9.05,13.2,,5.33,,7,,2,11.9,9,3.5,4.3,5.6,,5.5,,2.5,6.41,5.18,4.2,-2,3.11,39,42,2,3,81
Purdue,Cincinnati,-6,-1.47,-5.8,-1.95,-1.61,-0.59,1.19,1.42,-2.71,-10,-9.5,-0.25,-8,-8.5,-1.33,-11.4,-7.61,-7.09,-3.72,-3.3,-0.35,-4.11,-6.69,-3.85,-2.88,3,,-4.51,-10,-3.3,-1.89,2.22,-5,-7,-5,-5.41,-2.81,,-1.5,,-2.8,-4,-3.4,-6,1.7,0.43,-11.2,,-4.24,,-3,,-3,0.6,-5,-8.3,-4.6,-2.3,,-6,,-8.5,-5.1,1.89,-6.3,-6,3.63,38,20,2,-18,58
San Diego St.,California,6.5,3.71,7.73,-1.35,4.17,10.58,7.06,8.58,-0.01,16,18.31,2,11.6,5,4.32,6.3,2.16,4.31,5.75,3.53,7.55,6.22,2,-2.43,6.05,9.86,,8.42,14,6.05,0.78,-0.96,7,8,8,7.7,8.54,,11.6,,4.1,3,12,6.5,11.9,6.56,-9.7,,-2.14,,10,,3,4.2,13,4.9,5.2,2.1,,7,,14.5,3.62,-4.78,6.8,,5.43,40,45,2,5,85
South Alabama,Georgia Southern,-13.5,-0.45,-7.67,-11.76,-13.92,-7.58,7.29,-13.98,-5.02,1,-7.94,-8,-14.7,-3,-0.01,12.1,-11.26,-7.06,-8.56,-6.02,-9.85,-9.82,-12.94,-4.53,1.13,2.99,,-2.31,-15,-9.83,-1.48,-5.12,-18,-12,-11,-8.49,-10.84,,-10.8,,-16.5,-11,0.01,-13,-20.6,-20.71,-18.2,,0.72,,-11,,-11,-9.7,-20,-11.6,-13.7,-6,,-13,,,-11.74,-20.07,-14.1,-7,7.22,24,9,2,-15,33
South Florida,Northern Ill.,14.5,12.98,14.41,12.05,8.99,19.25,16.76,21.12,9.63,26,15.81,10,15.2,0.5,13.18,19.3,12.42,5.37,14.08,22.37,25.55,11.65,21.44,21.11,8.32,5.61,,9.81,-1,13.6,13.05,15.33,17,11,19,17.51,7,,15.9,,7.7,11,11.3,14.5,22.1,11.84,13.6,,16.9,,11,,21,15.6,19,24.8,8.3,6.2,,14.5,,11,23.41,15.59,14.7,-7,6.05,17,48,2,31,65
Syracuse,Louisville,-15,-11.4,-9.69,-6.51,-7.94,-6.93,-8.49,-8.98,-11.3,-3,-13.25,-8,-8.3,-9.5,-11.47,-14,-11.54,-8.37,-11.05,-5.86,-10.45,-17.5,-20.75,-9.22,-11.33,-7.3,,-18.58,-15,-10.45,-10.88,-14.24,-9,-13.5,-14,-14.06,-16.31,,-13.7,,-10.9,-10,-10,-14.5,-7.8,-9.3,-14.2,,-5.9,,-13,,-18,-11.7,-11,-23.4,-10.21,-7.2,,-14.5,,-13,-10.35,-8.78,-16.3,-6,3.80,62,28,2,-34,90
TCU,Arkansas,10,9.63,6.48,1.89,8.99,9.07,8.91,4.75,7.49,15,11.44,-2,10.3,7.5,9.89,6.8,7.39,5.8,6.25,11.58,5.85,2.89,10.75,3.88,4.79,15.5,,8.19,1,6.1,8.07,6.98,5,7,6,7,0.84,,5.4,,4.7,4,10.3,9.5,1.7,10.38,3,,3.39,,1,,1,2.7,4,7.1,6.1,1.9,,7.5,,16,7.42,2.46,7.2,2,3.91,41,38,2,-3,79
Tennessee,Virginia Tech,11,11.75,16.57,11.94,13.25,3.32,6.78,12.74,12.85,4,1.44,16,15.8,3.5,11.58,16.4,10.31,4.85,11.64,3.73,12.05,9.31,14.19,14.19,9.5,16.5,,10.57,19,12,12.89,16.34,13,10,15,14.54,15.15,,12.3,,14,13,8.3,11,11.9,7.06,15.3,,9.7,,12,,15,13,12,20.2,11.9,7.2,,11.5,,5,11.59,16.05,11.1,-1,4.25,24,45,2,21,69
Texas,UTEP,31,26.49,18.79,27.75,28.88,3.68,23.81,28.21,26.8,26,28.31,21,30.2,14.5,26.41,33.2,28.02,12.66,26.59,26.45,34.05,24.42,29.5,35.35,18.29,10.43,,28.62,29,27.3,27,33,28,27,32,26.65,15.56,,39.9,,29.2,26,39.4,30.5,26.3,27.4,34.5,,29.99,,22,,30,41.4,27,27.3,26.8,21.9,,29.5,,17.5,31.18,26.7,30.4,8,7.11,7,41,2,34,48
UCLA,UNLV,27,29.61,17.68,25.09,24.5,-0.94,18.06,22.55,32.13,27,17.06,21,29.6,22,29.47,30.1,26.43,14.8,24.19,22.52,22.25,20.94,27.75,23.49,20.06,11,,25.01,37,25.09,29.56,26.79,26,27.5,26,25.36,22.25,,23.2,,21.5,23,18.5,27,28.4,25.6,35.4,,27.02,,27,,20,23.8,30,31.7,25.79,19.4,,26.5,,23,25.57,28.28,26.9,11,6.09,21,42,2,21,63
USC,Utah St.,16.5,10.64,11.62,16.12,16.12,-15.26,1.68,15.46,19.14,13,8,13,12.8,7.5,9.51,23.4,15.48,5.5,12.66,14.93,8.65,10.35,14.38,12.92,13.38,11.75,,15.06,18,13.41,16.19,14.03,14,16.5,20,13.41,15.73,,19.5,,4.6,17,13.5,16.5,12.2,5.64,14.2,,15.25,,9,,10,22.5,16,11.9,12.29,10.8,,16,,4,15.29,16.51,17.1,4,6.01,7,45,2,38,52
Utah,BYU,3,6.38,4.54,8.26,6.15,4.52,5.23,9.45,7.88,8,6.13,3,5,4.5,6.3,4.6,6.79,5.37,5,5.15,7.85,4.33,10.19,9.05,6.5,7.8,,10.5,-1,5.23,6.2,2.64,4,3.5,7,6.44,-2.35,,0.3,,-0.6,1,3.6,3.5,6.4,-3.05,-1.1,,7.21,,4,,-2,2.4,7,4.9,4.8,4.1,,3.5,,8.5,10.18,9.9,3.2,0,3.32,19,20,2,1,39
Vanderbilt,Middle Tenn.,3,2.09,-0.34,6.86,7.09,-6.7,6,4.16,3.07,-6,4.25,2,3.8,-2,2.15,1.5,3.29,0.5,2.8,1.63,-0.25,6.53,-1.69,2.76,-1.26,2.92,,-5.19,3,2.92,1.07,9.4,-1,6.5,5,-0.7,3.99,,11,,4.4,3,6.8,3,-3,-1.32,9.8,,6.45,,2,,6,14.4,-4,7.9,2.8,12.5,,5.5,,-8,1.1,0.01,4.6,2,4.69,24,47,2,23,71
Washington,Idaho,37.5,38.89,24.85,29.18,32.63,16.7,32.82,38.89,36.55,27,29.88,25,36.1,26,39.37,35.1,40.76,14.59,33.97,32.86,46.95,35.45,38,40.99,21.36,20.5,,30.69,39,35.44,36.23,36.49,45,36.5,40,35.44,25.73,,43.9,,42.4,36,29.7,37.5,39.7,43.01,38.5,,31.28,,31,,35,45.6,48,43.3,28.3,25,,37.5,,18.5,40.56,34.53,37.9,11,7.95,14,59,2,45,73
Wisconsin,Akron,22.5,26.45,19.87,21.42,16,8.02,26.91,22.32,23.09,19,21.13,19,27.3,18,26.8,29.2,28.68,10.51,22.87,14.29,26.15,24.14,37.75,26.48,15.19,19.5,,19.57,22,24.14,25.49,27.57,23,25.5,28,27.27,25.82,,29.4,,28.1,25,19,22.5,18.1,26.31,28.4,,23.33,,25,,23,30.6,26,24.3,17.3,24.4,,24,,13,26.46,25.27,24,10,5.05,10,54,2,44,64
Appalachian St.,Miami (Fla.),-3.5,-6.04,5.25,-1.26,-2.05,0.93,2.55,3.17,-7.74,9,-6.06,1,-7.55,-5,-5.71,-8.22,-2.54,3.3,-0.78,-0.15,-2.05,-1.77,-6.25,-1.25,4.33,-3.7,,3.86,6,-1.26,-7.73,-4.89,-6,-4,-7,-0.56,7.38,,-11.3,,-2.4,0.01,-7.3,-3.5,5.9,-0.01,8,,2.01,,1,11.98,-5,-14.7,1,3.5,-1.48,1.2,,-3.5,,14.5,-5.43,4.04,-4.4,-28,5.80,45,10,3,-35,55
Arizona,Hawaii,24,21.9,13.82,21.81,27.79,18.61,8.34,26.2,23.47,28,33,22,21.66,22.5,21.61,25.22,31.32,16.28,23.69,24.3,25.25,26.76,12.19,27.24,13.61,8.29,,22.57,32,23.6,23.74,27.32,31,24.5,28,21.43,24.83,,31.4,,24.9,22,30.1,24,22.6,21.51,16.4,,31.62,,22,21.48,30,31.3,35,17.3,27.22,16.9,,23.5,,18,25.24,24.32,20.9,15,5.86,28,47,3,19,75
Arkansas,Texas St.,31,29.83,16.74,31.07,22.21,14.54,9.25,33.93,31.37,28,30.19,28,31.29,28,29.56,29.89,32.76,16.63,30.77,20.35,42.45,34.61,43.88,40.23,19.94,15.48,,25.54,47,30.97,31.42,25.76,41,32.5,39,30.87,36.19,,40.1,,26.8,33,38,31,37.6,24.87,25.6,,34.01,,30,18.07,28,44,47,39,33.22,30.4,,31,,21,50.96,42.2,32,-1,8.91,3,42,3,39,45
Auburn,Texas A&M,3.5,-1.11,-0.18,3.79,5.19,-1.7,3.87,10.4,-0.93,9,10.19,5,1.05,-1,-1.2,-0.4,1.85,-3.02,2.52,2.08,8.45,-1.32,-3.38,1.55,2.45,-6,,3.32,-2,2.42,-0.56,1.53,4,4,3,0.42,1.66,,6.6,,-0.2,-1,5.2,3.5,11.4,1.48,-6.7,,3.1,,3,2.4,4,6.3,6,9.4,2.62,-1.3,,3.5,,0.5,8.31,2.96,3.6,-24,3.96,29,16,3,-13,45
BYU,UCLA,-3,-7.63,-0.01,2.21,0.34,4.89,-3.86,6.94,-8.65,11,6.13,2,-3.7,2,-7.41,-2.24,-0.35,9.55,1.26,6.19,4.75,1.97,4,0.45,0.65,1.7,,-0.61,4,1.84,-8.94,-6.3,3,-1.5,0.01,3.22,9.57,,2.9,,-0.7,1,-4,-2,4.6,3.18,-5.1,,-0.23,,1,3.66,6,2.9,6,-2,-0.49,7.3,,-3,,3,6.96,0.2,-3.9,-4,4.65,17,14,3,-3,31
Bowling Green,Middle Tenn.,-6.5,-4.62,-0.2,8.85,7.58,-12.41,1.36,11.65,-0.91,16,6.44,1,-12.41,9,-5.24,-2.06,9.68,9.55,2.37,7.87,1.65,-3.77,9.06,4.91,5.53,1.25,,1.97,-3,1.81,-1.2,-8.38,1,-3,-4,7.13,5.47,,1.6,,-8.4,2,-1.4,-5.5,5.9,-10.68,0.4,,8.84,,-4,12.92,-1,2.3,3,5,1.22,8.5,,-6.5,,13,15.7,4.47,-4.9,-12,6.81,41,21,3,-20,62
California,Texas,-7,-7.6,0.99,5.23,-0.88,-1.22,-9.62,-1.54,-6.14,-3,3.63,-6,-8.15,-2.5,-7.92,-8.1,3.34,1.67,-2.82,-3.44,-2.15,-3.88,-1.13,-4.54,-2.63,-12.05,,-7.45,-7,-3.66,-5.78,-3.15,6,-5.5,-7,-4.84,2.5,,-10.1,,-4.3,-4,-19.8,-6.5,3.9,-0.25,0.01,,-7.77,,-5,9.8,-4,-6.9,2,-11,-4.19,0.9,,-7,,8.5,1.99,9.36,-7.9,-19,5.83,43,50,3,7,93
Central Florida,Maryland,-10,-3.34,-8.61,-13.62,-11.31,-4.82,5.04,-16.89,-5.22,-1,-15.13,-10,-9.6,-6,-2.99,-17.03,-17.09,-17.97,-8.55,-11.63,-9.35,-7.01,-11.94,-7.51,-2.96,1.82,,-6.98,-5,-9.14,-5.13,-5.5,-12,-9,-12,-9.62,-4.8,,-10,,-7.1,-9,-13.4,-10,-13.2,-8.76,-1.2,,-7.01,,-5,-9.27,-13,-12.2,-12,3.4,-13.78,-5.4,,-8.5,,-4,-17.12,-20.07,-9.4,-17,5.49,30,24,3,-6,54
Central Mich.,UNLV,12,9.53,16.51,15.37,17.56,17.34,16.77,19.43,8.76,19,23,15,17.04,17,9.75,29.35,15.93,12.05,17.03,25.33,19.55,16.41,23.38,16.15,17.19,7.61,,17.8,23,16.69,8.32,15.96,16,13.5,19,21.28,19.93,,15.8,,15.2,17,13.2,13,15,26.61,18.9,,14.63,,18,13.64,27,14.7,20,10.9,16.61,15.6,,13,,17.5,23.21,21.15,12.6,21,4.62,21,44,3,23,65
Charlotte,Eastern Mich.,-3,-0.23,2.68,2.12,2.32,0.55,7.24,-9.78,-2.56,4,-0.75,3,-26.68,3.5,0.23,-18.19,-2.16,10.79,-0.64,-3.61,-1.05,5.96,3.38,-3.98,4.49,1.91,,2.33,-3,-0.01,-2.8,-0.82,-2,0,2,3.98,2.07,,-3.8,,-2,1,-2,-3,7,-2.17,-1.8,,0.01,,2,-2.35,-10,-4,-2,-0.01,0.41,-6.3,,-3,,7,3.55,1.96,-3.6,5,5.98,37,19,3,-18,56
Cincinnati,Houston,-7,-8.45,-10.47,-8.78,-5.86,-4.46,-4.81,-21.35,-8.24,-9,-14.81,-6,-11.48,-4,-8.51,-13.52,-8.36,-4.59,-9.49,-15.04,-17.15,-5.55,-16,-16.31,-10.54,-18.19,,-15.18,-13,-8.95,-8.09,-2.76,-14,-6,-10,-11.81,-10.31,,-8.9,,-5.8,-5,-4.9,-7,-18.1,-7.19,-14.4,,-9.28,,-6,0.48,-11,-7.8,-10,-10.1,-9.78,-0.01,,-7,,-1.5,-16.65,-10.88,-7.4,-6,4.76,40,16,3,-24,56
Connecticut,Virginia,4,-0.86,15.59,1.46,8.17,12.08,12.65,1.68,-1.64,17,1.44,7,-1.55,4.5,-0.67,3.15,-1.71,4.14,4.24,13.19,1.65,0.74,7.13,3.81,6.91,3.26,,6.98,4,3.6,-2.23,2.15,0.01,5,0.01,7.17,14.97,,0.4,,6.4,5,0.5,4,3.2,19.68,-2.3,,6.43,,-4,3.39,8,-0.5,4,5.4,7.22,7.4,,4.5,,10.5,-6.23,-4.4,4.1,12,5.64,10,13,3,3,23
Florida,North Texas,36,38.28,26.82,35.41,38.87,31.94,32.15,37.56,38,29,27.06,27,39.84,25.5,38.36,39.56,38.62,23.96,34.38,31.49,40.15,35.13,36.5,42.52,27.42,14.46,,37.67,30,35.96,37.86,37.92,33,36,41,36.57,26.44,,39.3,,31.6,38,42.4,36,26.5,47.71,42.3,,41.6,,28,23.58,37,41.1,30,29.4,33.72,27.3,,36,,28.5,37.67,50.38,36.5,15,6.77,0,32,3,32,32
Georgia Southern,Louisiana-Monroe,26,22.61,25.77,25.79,30.21,24.51,27.64,28.93,21.55,18,27.06,20,26.89,19,22.84,35.62,26.4,26.58,26.14,28.18,29.45,25.34,22,26.49,14.85,5.32,,20.9,29,26.45,21.38,22.37,34,24,29,29.4,24.99,,30.8,,31.1,25,23,26,33.8,38.57,23.7,,39.26,,22,17.78,33,28.7,32,27.9,27.72,21.3,,26,,22.5,28.83,31.94,24.5,35,5.88,21,23,3,2,44
Georgia Tech,Vanderbilt,6.5,5.69,3.32,7.41,6.38,12.89,6.93,2.08,7.32,19,8.63,8,-1.65,11,5.41,10.1,12.48,0.47,7.09,5.67,4.05,4.18,17.25,6.92,2.5,2.84,,2.04,21,6.93,7.16,1.93,10,7,4,10.86,-2.59,,6.3,,2,8,6,6.5,0.2,14.44,9.1,,17.22,,9,11.33,9,5.4,7,8.9,5.42,2.7,,6.5,,8.5,4.11,13.96,6.6,1,4.80,7,38,3,31,45
Illinois,Western Mich.,-3,-3.79,-3.28,-1.38,2.71,-4.57,-0.72,-9.01,-4.14,-10,-4.5,-4,-6.41,-4,-3.76,-3.28,-1.64,-4.12,-4.88,-9.32,-4.95,-2.22,-12,-1.66,-6.27,2.53,,-9.09,-15,-4.13,-3.8,-3.35,-3,-3,-6,-8.21,-13.11,,-4.4,,-2.4,-6,-3.1,-3,-11.8,-7.42,-2.6,,-6.09,,-3,-1.71,-5,-1.4,-10,-5.4,-4.18,-4.4,,-3,,-4,-11,-5.93,-3.4,-15,3.52,34,10,3,-24,44
Kansas St.,Florida Atlantic,24.5,20.92,12.65,21,19,4.27,18.92,20.83,18.61,23,19.25,14,21.29,17.5,21.35,23.49,24.48,8.31,19.49,23.61,27.65,23.49,17.56,24.08,12.38,8.54,,16.47,25,21,18.79,19.28,23,19.5,21,18.96,10.44,,19.6,,23.6,23,22.1,24,22.3,30.41,28,,25.18,,21,8.06,15,21.9,16,21.9,20.71,13.4,,23,,9,23.93,23.98,22,-19,5.56,7,63,3,56,70
Kentucky,New Mexico St.,21,18.3,9.06,15.17,27.66,-2.28,5.42,17.33,21.8,2,19.88,13,14.52,11.5,17.64,19.55,24.08,6.5,15.53,11.93,15.25,19.79,-2.31,19.69,11.14,2.58,,16.66,2,17,22.35,17.05,20,18.5,20,10.23,7.9,,20.6,,16.3,17,22.9,20.5,7.8,3.3,38,,19.96,,21,6.13,17,23.5,18,21.8,25.72,14.3,,20,,7,13.44,22.2,18.6,-13,7.59,42,62,3,20,104
LSU,Mississippi St.,14,16.31,10.74,6.2,13.65,5.33,14.24,11.45,15.37,19,7.38,10,13.68,5.5,16.47,14.36,7.92,1.38,12.24,14.14,10.05,15.19,9.75,12.9,14.29,13.22,,16.79,21,13.11,15.45,15.77,4,10.5,15,12.45,16.54,,13.4,,11.1,13,10.1,14,14.2,9.37,14.7,,16.44,,12,4.48,21,13.5,22,10.9,18.21,10.8,,14,,4,8.25,6.49,10.5,4,4.67,20,23,3,3,43
Louisiana-Lafayette,South Alabama,3,0.41,-7.77,-4.18,13.79,5.89,-6.76,-3.05,3.53,-15,-17,1,1,3,-0.16,-16.62,-7.08,-1.42,-2.22,-13.97,-3.45,2.26,-2.25,-5.08,-2.98,2.11,,-5.79,-4,-2.46,3.53,1.51,0.01,2.5,7,-3.96,3.22,,-2.7,,-3.7,-1,-1.8,2.5,-5.3,-3.68,-5.2,,-11.12,,1,4.92,-11,-3.2,4,-5.1,4.12,0.01,,3,,2.5,-4.78,-2.21,3.2,-6,6.03,23,28,3,5,51
Louisville,Florida St.,-1,-1.44,-0.27,-4.08,1.28,1.15,1.84,0.86,-3.21,-3,-4.19,3,-9.59,-6,-1.08,-6.76,-2.04,-3.3,-1.22,-4.97,-4.55,-5.11,-4.38,-5.2,-4.28,-2,,-2.15,-1,-2.02,-3.12,-1.69,-1,-2,-5,-0.34,-2.63,,4.8,,5.5,2,4.6,-1,-4.4,14.11,1.5,,-2.55,,3,-2.64,1,3.5,2,6.7,-5.09,-6,,-1.5,,3.5,-8.95,0.85,-2.9,13,4.25,20,63,3,43,83
Marshall,Akron,17.5,17.21,19.08,10.89,10.46,16.22,17.06,9.25,12.45,14,3.63,14,20.23,15.5,18.11,12.33,20.96,8.24,15.35,7.61,20.25,18.21,19.63,16.43,7.03,3.84,,12.64,22,15.94,12.44,20.82,22,14.5,16,16.73,18.5,,13.4,,27.6,17,11,17.5,7.9,27.84,20.1,,17.34,,17,15.94,24,13,,19.7,15.62,15.2,,17.5,,14,9.07,16.95,15.1,32,5.28,65,38,3,-27,103
Massachusetts,Florida Intl.,-1.5,12.72,4.1,3.07,-6.01,-1.42,17.06,7.23,10.1,18,4.25,-1,7.01,-1,13.21,-4.1,4.13,-0.2,4.61,7.2,14.05,5.99,4.75,3.07,2.41,3.25,,4.45,-3,4.19,10.05,6.6,7,0,-3,4.29,-4.15,,1.6,,4.8,2,2.3,-0.5,9.8,-0.95,9.7,,12.09,,2,7.9,7,1,1,0.9,1.41,3.9,,-1.5,,7.5,6.55,5.11,5.5,-4,5.28,13,21,3,8,34
Memphis,Kansas,20.5,11.65,19.32,23.59,22.21,22.27,10.27,27.93,13.69,44,26.13,19,17,20.5,11.32,22.5,33.93,19.48,21.69,30.53,21.15,13.31,23.19,23.93,17.18,7.82,,22.09,31,21.62,13.38,9.33,30,19.5,16,26.05,24.95,,19.5,,17.4,17,5.7,20.5,22.1,23.67,14.2,,32.51,,18,28.48,21,18.9,32,27.1,27.21,20.6,,20.5,,29,27.48,31.78,19.1,8,7.51,7,43,3,36,50
Miami (Ohio),Western Kentucky,-17,-17.74,-24.08,-24.19,-15.09,-15.73,-24.39,-20.09,-16.62,-12,-10.75,-17,-22.65,-25,-18.01,-23.87,-24.81,-13.87,-19.51,-25.77,-30.05,-17.86,-12.94,-24.23,-14.25,-3.34,,-20.38,-21,-18.42,-16.27,-14.09,-29,-15,-21,-23.48,-17.92,,-16.9,,-21.6,-18,-10.4,-17,-32.5,-23.59,-12.1,,-18.84,,-13,-14.92,-24,-16.4,-27,-9.9,-23.79,-11.7,,-17.5,,-17.5,-31.77,-26.75,-14.9,-15,6.10,31,24,3,-7,55
Michigan,Colorado,18.5,17.8,13.5,20.8,21.08,17.25,17.78,15.82,18.81,12,3.94,11,14.73,17.5,17.58,20.88,20.85,14.9,16.76,10.7,17.05,16.48,32.44,18.14,16.15,20.3,,22.84,28,17.28,19.04,18.69,17,18.5,16,19.27,13.82,,14.4,,20.3,16,17.1,18.5,12.7,6.05,10.5,,22.05,,15,17.31,20,14.3,13,24.2,26.71,16.7,,20,,25.5,15.88,20.58,20.5,1,4.58,28,45,3,17,73
Mississippi,Alabama,-11,-15.61,-9.43,-11.43,-5.68,-16.39,-26.78,-16.32,-11.2,-5,-12.94,-15,-13.08,-24,-16.55,-5.6,-13.65,-6.49,-12.19,-13.18,-23.05,-8.15,-6.06,-19.59,-3.39,-7.5,,-5.81,-12,-12.86,-10.81,-6.27,-15,-9,-10,-3.67,-17.08,,-17.2,,-17.4,-14,-14.6,-11,-13,-13.23,-16.1,,-17.58,,-10,-2.28,-23,-15.8,-4,-6.8,-12.78,-6.2,,-11,,0.01,-15.19,-12.29,-10.3,-26,5.81,48,43,3,-5,91
Missouri,Georgia,-6.5,1.41,-6.92,-6.83,-6.79,-4.23,-2.76,-8.64,-3.73,-5,-7,-6,3.26,-8.5,2.19,-12.44,-11.41,-7.24,-5.16,-3.85,5.85,-2.87,-20.44,-4.93,-11.73,-10.37,,-15.67,-14,-5.4,-3.24,-0.6,-1,-6.5,-7,-9.99,-5.94,,-4.6,,2,-6,-5.4,-6.5,3.5,-0.44,6.3,,-12.6,,-3,-0.61,-4,-4.5,1,-13.1,-8.78,-5.4,,-6.5,,-9.5,-9.94,-3.42,-6.9,-3,5.04,28,27,3,-1,55
NC St.,Old Dominion,23.5,27.93,10.55,25.44,24.03,18.74,19.78,22.12,28.15,8,20.19,10,26.12,15,27.86,12.01,26.57,15.32,21.2,21.47,27.95,27.45,20.81,26.29,7.44,3.39,,9.56,20,21.42,28.41,21.3,28,22,20,20.29,10.42,,22.5,,18.9,20,17.9,23.5,17.7,37.33,34.5,,23.71,,25,21.36,26,23.6,22,19.6,27.72,20.6,,21.5,,13,20.46,33.01,22.2,17,7.08,22,49,3,27,71
Nebraska,Oregon,3,7.94,3.58,-2.19,2.01,7.03,15.67,4.06,3.95,-2,-7.63,7,6.8,-4.5,8.64,-0.4,-4.68,-4.52,2.76,1.18,6.65,-1.13,-3.94,3.72,0.72,-2.6,,0.25,-7,3.05,3.98,9.01,-1,3,4,2.02,3.53,,3,,9.8,4,-0.8,3,2.4,10.51,13.7,,-2.17,,9,5.37,6,1.7,6,5.5,0.92,2.7,,3,,1,-4.07,4.09,3.1,17,4.97,32,35,3,3,67
Nevada,Buffalo,11,12.89,14.85,9.08,11.07,6.53,15.82,9.42,16.62,18,5.19,12,20.08,10.5,12.25,24.55,9.47,4.5,12.42,8.11,16.15,7.65,1.31,22.19,12.41,2.44,,11.19,12,12,16.22,13.18,12,10.5,17,11.17,8.95,,15.9,,11.6,13,10,11,19.5,9.7,9.8,,2.97,,14,3.57,21,16.3,20,13.6,12.12,5.7,,11,,11,23.65,9.49,10.2,4,5.16,14,38,3,24,52
Northern Ill.,San Diego St.,-10.5,-11.01,-11.94,-12.39,-4.65,-20.23,-21.15,-19.17,-7.71,-3,-11.06,-8,-16.1,-8.5,-11.7,-16.12,-10.8,-4.26,-10.76,-15.84,-20.65,-11,-30.06,-13.7,-10.91,-3.61,,-15.21,1,-10.85,-7,-6.66,-16,-10,-14,-17.35,-6.21,,-9.9,,-5,-6,-3,-10.5,-23.9,-9.63,-4.5,,-8.56,,-7,-1.35,-19,-8.2,-12,-11.7,-10.78,1.7,,-10.5,,-3.5,-25.23,-14.82,-9.9,-35,6.13,42,28,3,-14,70
Northwestern,Duke,3.5,2.06,-2.73,6.86,7.69,-5.1,0.45,11.67,2.5,13,12.38,1,1.68,0.01,1.99,-3.84,3.88,6.96,4.85,11.01,2.55,0.62,1.06,3.98,8.97,2.19,,16.51,3,3.99,2.49,2.02,-1,6,5,3.81,12.2,,9.6,,-1.8,4,2.9,3.5,6.7,-4.93,6.2,,14.91,,-1,6.72,7,9.5,4,15.2,3.11,6.7,,3.5,,10.5,1.88,4.5,6.1,-16,5.12,13,24,3,11,37
Notre Dame,Michigan St.,7,10.45,5,2.06,3.29,-0.93,16.85,6.02,6.09,-4,-1.38,2,10.31,-3.5,11.14,-1.2,4.02,0.2,5.68,3.26,11.85,7.08,-4.56,6.78,0.39,0.01,,-0.62,6,6.01,6.25,10.75,5,7.5,5,3.19,-1.31,,8.4,,13.5,7,4.2,7,9.2,8.09,23.7,,2.38,,11,4.3,13,7.5,8,7.1,6.02,7.1,,8,,9,0.01,5.86,7.6,4,5.23,36,28,3,-8,64
Oklahoma,Ohio St.,-1,-8.77,-1.35,-7.19,1.24,-10.69,-23.51,-5.81,-2.91,-13,-19.5,-2,-13.16,-14,-10.04,-3.9,-10.12,-1.95,-5.34,-5.07,-14.45,-2.28,-2.63,-8.81,1.12,-3.5,,-2.47,7,-3.95,-2.41,1.48,-5,-2,-3,-0.5,-0.01,,3.8,,-9.4,-2,2.6,-1,-8.2,-8.48,-9.9,,-14.3,,-1,4.6,-25,5.6,-4,-7,-1.38,3,,-1.5,,7,-10.05,-9.14,-2.8,-29,7.05,45,24,3,-21,69
Oklahoma St.,Pittsburgh,4.5,6.67,7.03,1.7,10.35,-1.56,7.87,6.25,6.48,7,6.44,1,6.14,3,6.64,-6.58,3.4,2.91,5.29,2.91,9.85,6.52,-4.56,11.33,3.16,5.6,,8.88,1,6.1,7.08,9.44,9,6.5,6,2.83,6.78,,2.3,,10,6,8.1,4.5,1.2,11,-1.5,,6.31,,5,6.05,8,1.6,6,-1,7.41,5.3,,4.5,,12,5.97,2.08,6.6,-1,3.69,38,45,3,7,83
Penn St.,Temple,8.5,9.32,2.76,5.91,7.5,-1.36,6.41,2.72,10.4,15,11.13,4,7.14,7,9.17,12.84,9.92,4.21,7.82,16.76,3.95,10.81,12.44,9.98,11.51,4.01,,8.66,8,8,10.06,13.57,3,9,9,8.59,12.56,,7.8,,9.3,13,12.4,8.5,3.2,6.45,8,,11.34,,5,0.64,20,10.1,8,3.2,5.82,3.2,,8.5,,1.5,4.8,3.92,8.6,-2,4.22,27,34,3,7,61
Rice,Baylor,-31.5,-26.8,-19.21,-25.91,-27.02,-31.3,-16.78,-28.73,-26.4,3,-26.38,-19,-33.91,-26.5,-26.91,-31.9,-35.27,-19.21,-26.07,-26.81,-37.45,-29.69,-34.06,-34.85,-13.73,-9.81,,-25.04,-33,-26.81,-26.16,-26.29,-31,-29,-35,-30.21,-5.17,,-27.5,,-27.4,-24,-17.9,-31,-38.8,-29.78,-28.9,,-23.81,,-28,-15.49,-28,-26.4,-35,-25.5,-25.28,-17.8,,-31,,-22.5,-38.53,-35.78,-30.9,-48,8.11,38,10,3,-28,48
Rutgers,New Mexico,6.5,4.17,5.99,8.99,5.14,1.39,8.56,1.54,5.76,5,6.75,6,2.74,9.5,3.86,13.4,8.5,2.12,4.53,6.25,1.05,3.47,9.63,-1.91,4.92,1.87,,0.75,-2,5.07,5.78,8.39,6,4,5,6.75,-1.16,,5.2,,10.8,7,2.7,6.5,-4.9,3.99,8.2,,11.02,,7,1.02,8,9.2,-2,-0.3,6.32,6.9,,5.5,,-4,-1.99,4.26,3.6,-1,4.03,28,37,3,9,65
San Jose St.,Utah,-13.5,-16.21,-9.03,-15.83,-8.76,-8.69,-9.44,-18.86,-16.29,-7,-19.81,-12,-13.56,-17,-16.25,-14.24,-24.35,-10.48,-13.76,-2.99,-16.65,-17.15,-32.63,-19.25,-12.01,-5.37,,-17.28,-29,-14.27,-16.05,-7.96,-16,-12.5,-14,-19.83,-8.72,,-16,,-10.1,-14,-12.4,-13.5,-10,-3.52,-9.7,,-17.27,,-16,-8.05,-22,-18.9,-16,-13.2,-14.29,-6.9,,-13,,-4.5,-14.53,-19.62,-12.9,-16,5.29,34,17,3,-17,51
South Carolina,East Carolina,3,0.85,-1.23,2.39,8.4,-12.63,-13.32,2.12,3.99,1,-4.5,1,1.43,2,0.19,1.38,2.6,-4.79,0.97,-2.03,-3.15,3.3,-5.44,-0.79,4.56,2.78,,3,-4,1.59,4.25,7.87,3,5.5,5,-1.87,-3.6,,7.8,,5.8,4,5.4,3,2.7,-10.57,-0.4,,0.96,,1,1.76,-6,8.7,4,-0.5,3.42,7.7,,3.5,,1,1.36,-3.23,4.1,-28,4.76,15,20,3,5,35
Southern Miss.,Troy St.,10.5,7.85,12.52,6.64,13.84,8.75,5.29,11.44,9.75,-4,7.06,8,11.38,9.5,7.54,20.9,9.65,10.41,9.52,9.8,11.05,6.99,15.44,16.1,12.59,8.64,,15.29,8,9.85,9.36,3.99,14,11,13,12.37,10.26,,9.9,,4,10,4.5,10.5,9.3,9.33,10,,-7.69,,9,11.34,14,10.8,10,6.3,10.11,-0.8,,10.5,,18,17.61,13.61,11.2,6,4.89,37,31,3,-6,68
Stanford,USC,8.5,8.55,7.27,10.36,10.24,13.23,7.71,13.82,9.34,15,11.44,7,9.65,12.5,8.44,4.7,9.59,8.85,9.47,10.51,14.05,5.32,15,11.77,7.83,14.25,,9.58,18,9.46,9.23,4.32,14,6,7,10.72,6.32,,9.9,,9.6,7,5.1,8.5,10.8,5.69,3.6,,13.35,,8,5.83,10,8.3,9,6.9,7.52,10.1,,8.5,,12,16.82,6.12,6.1,4,3.22,10,27,3,17,37
Syracuse,South Florida,-14,-7.78,-8.33,-5.39,-0.62,-13.08,-13.21,-12.06,-5.19,-14,-17.94,-5,-18.21,-3.5,-8.31,-7.62,-7.38,-10.87,-10,-14.31,-17.75,-10.43,-16,-11.14,-3.55,-0.13,,-8.31,-5,-9.47,-4.94,-7.43,-10,-12.5,-12,-12.99,-10.77,,-8,,-7.3,-10,-5.6,-13.5,-21.4,-15.1,-6.1,,-17.41,,-3,-3.92,-13,-4.2,-11,-29.1,-19.28,-4.6,,-14.5,,-13.5,-13.51,-8.93,-12.4,-15,5.61,45,20,3,-25,65
TCU,Iowa St.,24.5,25.05,25.93,18.53,14.67,30.75,23.78,20.23,24.55,30,15.5,20,22.16,28,25.18,26.39,29,13.57,23.02,20.7,26.55,24.67,37.94,23.63,20.39,11.99,,24.57,30,24,24.49,22.63,27,22.5,20,27.4,27,,20.7,,18.3,22,22,24.5,23.9,26.07,24.3,,30.03,,14,13.39,29,19.5,27,16.2,27.72,12.6,,24,,24,31.02,28.6,24,26,5.13,20,41,3,21,61
Tennessee,Ohio,27.5,25.63,21.24,25.53,24.7,14.77,21.43,31.06,26.12,29,18.63,30,30.08,20,25.56,40.95,30.17,12.88,27.02,23.1,26.35,30.05,39.75,33.73,20.55,18.87,,23.81,38,27.54,25.97,31.99,31,27.5,31,29.85,27.07,,37.6,,29.4,29,25.3,27.5,26.9,13.45,23.2,,29.42,,33,14.3,34,38.6,35,35,28.21,24.6,,27.5,,11,30.49,33.95,28,11,6.76,19,28,3,9,47
Texas Tech,Louisiana Tech,10.5,12.95,4.19,4.39,11.05,0.83,6.68,-1.27,13.78,-1,-1.69,7,11.79,3.5,12.77,15.33,6.54,2.4,7.4,0.54,8.55,11.35,4.88,4.51,5.09,8.58,,4.89,4,6.61,14.01,11.46,4,11.5,12,5.32,5.43,,15.9,,12.7,8,14.5,10,1.4,16.01,11.4,,5.07,,11,4.75,12,19.3,7,4.2,6.11,8.5,,10.5,,2.5,0.88,-0.78,11.2,12,5.17,45,59,3,14,104
Texas-San Antonio,Arizona St.,-21.5,-26.71,-10.44,-23.45,-19.82,-14.18,-30.2,-24.08,-25.01,-17,-27.94,-14,-34.5,-22,-27.07,-28.19,-26.84,-13.61,-22.89,-23.39,-36.85,-25.33,-25.75,-37.27,-13.3,-4.19,,-19.5,-14,-23.45,-24.7,-23.45,-25,-18,-34,-24.69,-15.69,,-25.2,,-22.1,-20,-20.6,-21.5,-39.1,-22.67,-22.7,,-28.36,,-19,-7.13,-31,-28.5,-29,-21.7,-21.78,-17.5,,-20,,-2.5,-33.54,-29.06,-18.9,-37,7.91,32,28,3,-4,60
Toledo,Fresno St.,20.5,19.74,22.55,24.82,23.06,24.17,25.93,37.66,17.19,26,33.63,15,26.96,20,20.28,22.34,24.89,19.39,24.74,32.31,35.75,20.98,36.75,24.44,18.6,6.99,,26.98,23,24.3,16.95,19.22,29,21,21,28.26,24.2,,25.6,,23.3,21,18.5,21,29.8,27.95,24.9,,19.44,,22,20.16,44,24.4,38,26.6,26.21,23.3,,20.5,,27.5,32.13,35.57,20.1,14,6.43,17,52,3,35,69
Tulane,Navy,-5.5,-11.51,-8.92,-20.78,-16.12,-10.08,-5.77,-21.21,-15.09,-3,-9.19,-9,-10.99,-16.5,-10.87,-20.34,-20.4,-15.27,-13.1,-11.54,-13.35,-7.43,-31.56,-19.15,-15.61,-3.67,,-21.82,-17,-12,-14.97,-6.13,-16,-7.5,-13,-17.96,-15.34,,-10.5,,-5.9,-15,-7.6,-6.5,-11.3,-8.52,-3.7,,-9.17,,-11,-19.15,-12,-11.2,-12,-8,-19.78,-8,,-6,,-14.5,-24.39,-23.62,-6.9,-13,5.49,21,14,3,-7,35
UTEP,Army,-3.5,-10.86,-3.69,-8.5,-1.51,-9.29,-9.62,-10.85,-8.8,-10,-0.13,-5,-7.74,0.01,-11.32,-17.29,-8.67,-1.68,-7.08,-12.22,-13.05,-6.8,-3.88,-15.81,-0.4,-0.5,,2.21,-14,-8.24,-8.33,-8.15,-4,-6,-5,-5.96,-0.5,,-11.2,,-12.1,-6,-13.2,-4,-6.2,-2.55,-11.1,,-13.49,,-6,8.25,-20,-9.4,-11,4.1,-5.18,-12,,-3.5,,3.5,-4.13,-8.55,-6,-12,5.66,66,14,3,-52,80
Utah St.,Arkansas St.,9,9.25,5.76,4.27,7.07,20.93,4.71,2.03,7.49,1,-3.25,8,6.03,9,9.59,-2.25,10.41,0.41,6.32,4.01,4.05,10.29,9.63,9.43,-3.49,3.58,,-4.47,12,6.42,7.22,8.63,7,8,4,5.99,11.03,,4.7,,11.4,8,8.4,9,3.7,15.21,16.1,,-1.51,,9,5.28,9,7.2,5,9,5.61,6.8,,9,,5,2.4,4.97,9.2,18,4.80,20,34,3,14,54
Virginia Tech,Boston College,6,2.59,7.29,7.73,4.88,2.17,-0.95,8.42,4.55,-5,2.06,3,6.09,8,2.22,8.1,4.96,9.16,5.99,8.69,5.75,3.67,13.38,9.44,12.69,2.44,,14.92,9,6.15,4.61,3.12,7,7,9,8.68,11.63,,10.5,,2.1,6,10.3,6,11.2,-2.31,5.8,,-5.26,,7,8.83,5,9.7,11,0.4,6.21,5.6,,6,,7,9.82,4.48,4.7,7,4.15,0,49,3,49,49
Washington St.,Idaho,27,25.09,10.6,21.23,28.39,15.96,16.39,27.42,24.25,18,28.31,14,29.95,18.5,25.18,18.65,30.35,16.01,23.44,16.84,27.15,26.21,12.38,26.4,14.39,3.77,,27.66,29,24.53,24.87,24.22,32,26,30,20.53,21.48,,29.8,,24.8,26,22.2,27,31.8,28.16,24,,33.27,,20,14.83,17,31.4,29,17.8,27.22,22.6,,24.5,,19.5,35.76,23.84,26,2,6.37,6,56,3,50,62
Wisconsin,Georgia St.,35,36.9,30.98,28.37,19.02,35.45,44,33.36,32.74,38,33,26,46.89,33,37.78,39.1,32.45,17.43,33.23,31.09,42.95,36.2,43.5,39.33,24.4,22.42,,39.38,34,34,32.1,34.89,36,34,40,39.44,25.83,,37.5,,36.5,36,30.4,35,30,46.18,42.3,,36.45,,31,14.44,34,38.2,31,33.6,28.21,20.2,,34,,18,41.31,37.17,34.5,36,7.27,17,23,3,6,40
Akron,Appalachian St.,-6,-4.02,4.58,-1.3,-0.88,2.13,-16.49,-0.23,-2.71,-10,-1.38,-3,-4.29,4,-4.18,-1.73,-5.83,-2.11,-3.94,4.02,4.55,-5.36,0.67,-3.61,-0.19,-2.62,,-1.79,-7,-3.07,-3.44,-7.19,1,-7,-3,-0.65,-8.54,,-8.7,,-5.5,-5,-0.3,-6,3.9,-10.82,-7.9,,-3.07,,-7,-9.83,-7,-8,-4,-1.7,-2.55,-8.5,,-6,-27.4,-1,1.29,-6.91,-6.4,10,5.41,45,38,4,-7,83
Alabama,Kent,44,52.2,41.68,45.39,46.8,41.43,45.86,49.59,52.14,51,40.19,34,55.07,38.5,52.26,47.69,57.5,23.04,45.76,44.56,59.55,42.53,44.71,59.47,33.3,28.41,,44.81,54,45.39,51.88,42.29,59,43,50,42.66,40.56,,49.6,,46.4,44,40.8,44,53.4,44.47,61.3,,56.89,,41,30.65,45,50,50,42.6,41.75,34.4,,44,31.7,31,57.25,58.75,41.8,30,8.78,0,48,4,48,48
Arizona,Washington,-13.5,-15.44,-5.48,-7.99,-9.81,-10.96,-9.41,-14.47,-12.71,-3,-5.75,-8,-23.87,-5,-15.93,-15.41,-10.21,-3.81,-11.66,-16.34,-20.75,-12.59,-21.54,-15.62,-3.94,-13.58,,-10.37,-13,-12.59,-12.59,-10.95,-11,-10,-13,-13.71,-6.53,,-15,,-12,-10,-8.2,-13.5,-15.8,-13.14,-14.8,,-20.42,,-13,-4.47,-24,-13.7,-17,-13.1,-11.75,-2.3,,-11,-6.7,-2,-13.5,-14.44,-13.3,-24,5.05,35,28,4,-7,63
Arizona St.,California,4,4.43,4.44,0.57,4.95,7.05,16.08,-1.11,5.41,11,3.63,4,-1.29,12.5,4.28,0.01,5.31,4.68,3.83,2.02,-0.75,3.18,6.08,8.57,1.32,11.69,,0.97,9,4,5.23,1.95,2,3,3,5.23,-1.74,,6.6,,2.5,4,14.5,4,-3.8,10.17,-12,,3.67,,7,2.23,5,5.5,6,5.8,5.26,2.5,,4,2.5,-1.5,1.02,-5.39,3.2,6,4.80,41,51,4,10,92
Auburn,LSU,-3.5,-0.85,-3.13,-3.62,-2.69,-3.65,-2.61,0.45,-3.56,8,2.69,-2,6.45,-3,-0.43,1.26,-0.72,-4.13,-1.48,-3.46,3.05,-1.94,-6.5,1.46,-0.21,-3.3,,0.01,-14,-2.61,-3.32,-0.17,3,-2,-2,-3.05,-7.99,,-6.2,,2.8,-5,-2.9,-3.5,-1.3,5.21,7,,1.23,,-3,-1.88,1,-7.1,-4,-4.4,-4.25,-6.2,,-3.5,8.9,-3.5,-2.99,-1.78,-3,-4,4.08,13,18,4,5,31
Baylor,Oklahoma St.,8.5,6.89,8.37,9.2,7.13,11.41,9.24,10.07,6.49,16,-2.63,3,0.01,13,7,7.91,12.13,4.16,7.39,11.34,7.45,5.07,15.25,11.22,6.31,9.5,,6.88,9,7.91,6.19,0.41,13,10.5,8,9.96,-6.64,,-0.6,,8.7,6,-2.8,8.5,15.7,20.12,3.5,,14.13,,8,7.09,2,-1.9,8,1.1,7.65,5.2,,7.5,16.7,8,12.74,8.61,7.5,5,5.22,24,35,4,11,59
Buffalo,Army,-13.5,-22.58,-22.44,-10.51,-5.75,-17.71,-45.01,-13.93,-16.75,-26,-17,-15,-41.38,-8,-23.91,-34.76,-4.96,-1.09,-17.05,-29.32,-28.05,-13,-2.46,-26.88,-10.36,-1.47,,-6.22,-26,-16.7,-15.5,-18.13,-7,-14.5,-17,-17.55,-4.4,,-16.1,,-23.6,-16,-13.4,-13.5,-22.7,-29.09,-20.4,,-18.09,,-17,15.67,-36,-14,-18,-10.3,-14.24,-10.8,,-13.5,-41.3,5.5,-16.53,-12.64,-16.7,-36,11.28,20,23,4,3,43
Cincinnati,Miami (Ohio),17.5,18.1,24.59,21.11,21.68,19.03,0.38,14.77,20.06,9,16.13,20,15.07,26,17.78,26.47,23.21,15.92,18.2,22.09,17.25,21.26,15.17,27.58,16.08,4.89,,17.42,22,19.5,19.63,16.87,21,21,22,22,10.44,,20.4,,22.2,18,20.6,17.5,15.3,9.05,-1.8,,13.12,,15,19.61,24,20.8,19,6.8,26.76,19.2,,17.5,28.8,19.5,23.01,17.24,17,20,6.23,20,27,4,7,47
Connecticut,Syracuse,3,-0.81,5.45,2.76,3,5.55,-8.91,8.97,-0.01,27,13.63,2,-4.37,4.5,-0.9,0.61,4.09,8.1,3.8,0.49,5.45,6.96,8.25,6.18,6.76,1.72,,9.3,6,4.09,-0.44,-0.91,5,6.5,4,6.56,7.36,,0.5,,1.4,5,-0.3,3,9.4,2.57,-11.6,,14.04,,-2,2.31,9,-1.9,5,5.1,6.06,7.8,,4,-11.4,13.5,8.02,-2.29,3.2,5,6.26,31,24,4,-7,55
Eastern Mich.,Wyoming,-3.5,-4.73,4.97,-2.91,-5.29,1.62,-0.55,-4.79,-3.79,9,-6.38,2,-15.41,-2.5,-4.91,-20.14,-9.84,-4.73,-3.65,2.9,-8.75,-6.77,12.33,-8.49,-3.11,1.77,,-4.17,-4,-3.35,-3.68,-0.01,-1,-3.5,-11,-2.89,0.49,,-0.3,,-0.1,-3,4.5,-3.5,-0.8,-3.35,-13.3,,-8.67,,-8,4.71,-13,-1,-1,-5.4,-1.15,-3.7,,-2.5,-2,4,-12.51,-5.74,-3.4,1,5.47,24,27,4,3,51
Florida Atlantic,Ball St.,-3.5,-5.91,-5.29,-4.91,-0.55,-8,5.93,-3.58,-1.78,-4,-4.5,-4,-13.46,-5,-6.72,-1.42,-3.11,-4.09,-3.49,-12.7,-5.75,-6.11,5.79,-5.04,4.24,-1.06,,1.63,-9,-4,-1.46,-5.54,2,-2,-1,-3.31,-2.32,,-0.5,,-8.5,-5,0.2,-3.5,-9.2,-13.18,-5.7,,4.67,,-3,7.88,-8,-1.2,-5,-7.5,-2.05,-1.2,,-3.5,-8.1,8.5,0.56,-4.59,-3.6,-22,4.66,31,27,4,-4,58
Florida Intl.,Central Florida,-6.5,-11.24,-3.08,-4.88,4.97,0.56,-14.91,2.28,-9.24,-7,1.13,-4,-17.2,-6.5,-11.63,-7.71,-1.63,14.6,-4.16,-6.82,-7.75,-4.96,9.67,-2.08,2.9,2.48,,-0.53,-11,-4.96,-9.09,-8.18,1,-6,-5,-2.5,5.73,,-5.3,,-9.8,-6,-1.5,-6.5,-3.9,-12.05,-8.5,,0.52,,-9,13.67,-9,-6,-3,-9.6,-3.95,-5.5,,-6.5,-21.6,8.5,-2.42,6.26,-6.1,-15,6.87,53,14,4,-39,67
Fresno St.,Tulsa,-14,-10.44,-8.19,-10.36,-3.76,-8.25,-30.21,-19.48,-7.25,-7,-21.38,-9,-28.38,-3,-11.09,-18.56,-11.03,-7.28,-12.44,-20.34,-19.95,-16.58,-6.46,-16.04,-4.06,-0.01,,-6.64,-1,-11.09,-6.88,-11.5,-8,-12,-11,-11.2,-10.52,,-17.3,,-12.4,-9,-14.4,-14,-12.9,-17.5,9.8,,-13.34,,-11,-4.74,-32,-16.2,-20,-13.4,-13.75,-11,,-14,-27,-4.5,-14.8,-19.1,-15.8,-15,7.67,48,41,4,-7,89
Georgia Tech,Clemson,-10,-6.33,-8.48,-11.34,-9.01,-9.14,7.7,-6.43,-8.48,-6,-1.38,-8,-4.2,-9,-5.94,-10.7,-4.81,-12.47,-7.95,0.01,-5.35,-6.04,-15.71,-8.99,-10.09,-20.3,,-16.66,-14,-8.2,-8.65,-11.72,-7,-9.5,-12,-8.74,-13.72,,-7.3,,-7.1,-5,-3.7,-10,-4.6,-1.29,3.6,,-10.56,,-7,-4.35,-6,-8.2,-12,2.9,-14.25,-10.5,,-9.5,-6.6,-16.5,-18.51,-6.36,-9.7,-3,5.20,26,7,4,-19,33
Indiana,Wake Forest,7.5,6.79,6.04,6.03,5.99,6.02,-10.61,6.4,7.55,10,8,0.25,2.17,3,6.6,-0.9,9.73,5.16,5.62,8.44,6.55,3.29,6.96,5.44,3.54,5.89,,4.66,6,6.02,8.02,2.6,9,7.5,5,6.18,8.94,,3.5,,5.3,4,9.8,7.5,8.1,-1.64,3,,6.39,,-3,8.96,5,3,7,2.6,5.95,3,,7.5,22.7,16,7.08,6.54,6.9,3,4.53,33,28,4,-5,61
Iowa St.,San Jose St.,7,4.44,-8.12,5.31,7.45,-9.69,-2.93,6.03,5.25,6,3,-8,-4.21,-3,4.27,-5.32,14.2,0.62,2.5,-7.17,5.05,4.38,-1.08,-0.13,0.36,3.19,,2.24,3,4,5.42,0.49,6,7,4,0.38,-8.97,,6.8,,1,4,7.9,6.5,2.6,-1.68,5.5,,5.87,,8,9.2,10,8.2,2,8,-0.15,3.9,,6.5,-5.6,1.5,6.11,5.96,4.3,-15,5.23,10,44,4,34,54
Kentucky,South Carolina,2.5,-3.43,-2.78,-5.7,2.51,-0.18,-14.88,-6.75,-0.25,-7,-0.75,-3,-11.6,-8.5,-4.06,-5.74,-7.14,-0.19,-3.19,-7.25,-8.65,-5.04,-12.38,-7.83,4.66,1.87,,5.11,-12,-4,0.42,-4.25,-5,-2,-3,-5.75,10.85,,-3.8,,-10.1,-4,0.6,1.5,-4.7,-2.34,13.5,,-0.64,,-5,-1.76,-11,-3,-5,7.9,-0.65,-5.9,,2.5,-6.9,5.5,-8.63,-1.54,-0.8,-6,5.50,10,17,4,7,27
Marshall,Louisville,-27,-26.4,-15.15,-16.74,-14.85,-16.09,-59.71,-28.14,-22.45,-47,-23.56,-19,-43.87,-12.5,-27.4,-40.31,-16.62,-3.28,-24.6,-29.21,-33.65,-27.93,-32.83,-26.05,-6.34,-21.02,,-11.64,-22,-22.85,-21.33,-28.64,-10,-23.5,-28,-22.46,-12.69,,-35.1,,-25,-22,-26.1,-27,-27.4,-52.05,-59.9,,-23.25,,-26,6.01,-33,-36.4,-19,-41.9,-19.74,-19.4,,-26,,0.5,-22.2,-22.21,-24.5,-28,13.13,59,28,4,-31,87
Massachusetts,Mississippi St.,-21.5,-18.04,-9.28,-28.55,-19.45,-15.49,-14.53,-16.62,-18.89,-2,-13.88,-12,-16.74,-15.5,-17.85,-14.79,-26.52,-15.06,-18.55,-16.59,-23.85,-20.73,-18.13,-17.89,-9.63,-1.18,,-17.78,-27,-19.3,-19.14,-21.29,-26,-23,-25,-17.51,-21.35,,-30.2,,-21,-24,-21.7,-21.5,-20.3,-19.3,1,,-21.44,,-25,-6.2,-19,-32.4,-26,-19.7,-21.25,-20.9,,-21.5,-6.8,-5,-29.95,-25.65,-19.8,-9,7.46,47,35,4,-12,82
Memphis,Bowling Green,17,16.89,18.78,10.99,9.07,23.66,28.62,16.78,11.98,20,30.19,18,30.73,11,17.84,16.45,16.48,5.63,16.64,24.71,23.55,19.39,23.71,17.79,5.02,10.62,,12.33,20,16.8,11.54,19.67,17,17,15,19.5,13.7,,15.9,,21.7,13,14.1,17,12.2,27.6,16.8,,14.23,,16,4.33,33,17,24,5.6,17.25,11.5,,16.5,20.3,6,7.78,22.79,16.9,34,6.69,3,77,4,74,80
Michigan,Penn St.,18,17.79,17.35,14.6,15.98,21.13,17.67,18.15,15.15,23,15.19,13,27.66,12.5,18.32,20.18,19.76,7.42,17.88,14.71,23.25,17.32,27.33,23.11,11.08,24.34,,17.84,13,17.35,15.08,16.41,21,17,18,19.37,11.96,,19.6,,22.3,14,13.8,18,18.2,27.37,14.6,,19.58,,16,12.21,27,17.7,16,14.4,20.75,13,,19,44.2,9,16.48,18.41,17.2,24,5.68,10,49,4,39,59
Michigan St.,Wisconsin,4.5,2.7,0.93,7.34,11.12,4.31,4.31,4.4,4.51,20,7.06,-0.25,-3.11,3.5,2.4,2.36,6.17,5.11,4.97,9.26,2.35,3.1,5.46,3.61,3.84,2.5,,3.5,18,4.31,4.51,0.38,7,6,5,3.8,0.01,,3,,2,4,6.5,4.5,10,8.56,-1.5,,7.42,,-3,8.08,-4,5.4,6,5.2,6.66,4.1,,5.5,22,1.5,6.37,2.72,5.4,-5,4.89,30,6,4,-24,36
Middle Tenn.,Louisiana Tech,4.5,4.36,6.18,-3.16,1.86,7.21,-6.12,1.52,6.69,-8,-3.25,7,-3.97,4,3.93,2.78,0.21,-1.56,1.17,-4.01,0.95,0.59,0.33,0.89,2.33,2.92,,1.99,-4,1.86,6.62,1.46,2,5.5,6,1.62,2.65,,6.1,,6.7,2,5.8,4,4.6,1.57,-9.8,,6.54,,2,1.79,-2,6.7,3,-1.7,0.86,0.01,,4.5,-8.8,2.5,-2.08,-5.77,3.7,7,4.29,34,38,4,4,72
Minnesota,Colorado St.,17,16.08,10.94,13.91,11.73,10.13,24.97,16.68,14.56,3,5.5,11,22.18,8.5,16.37,16.39,15.25,4.8,14.82,11.22,19.05,16.75,20.46,19.5,4.82,4.52,,6.81,28,15,14.37,18.61,14,14.5,18,15.45,6.2,,21.3,,16.5,15,17.4,17,14.1,19.47,23.1,,10.87,,15,10.08,23,22.1,19,14.1,13.56,14.6,,16.5,22.3,12,13.5,18.99,16.3,14,5.55,24,31,4,7,55
Mississippi,Georgia,7,13.37,-1.39,11.91,6.02,0.24,4.2,9.42,9.92,1,11.75,-2,15.87,-2.5,13.84,-0.86,6.92,3.46,8.18,9.2,19.35,8.07,0.25,6.1,0.14,-1,,3.9,6,8,10.73,9.19,11,7,8,3.04,9.55,,4.5,,7,7,-1,7,21.7,9.08,9.8,,6.07,,15,12.61,13,5.6,19,22.9,9.06,7.5,,7,6.4,6,10.98,16.86,8,-7,6.00,14,45,4,31,59
North Carolina,Pittsburgh,6.5,6.65,7.12,6.91,6.1,4.71,7.45,13.87,6.14,13,18.63,2,12.14,7.5,6.72,5.48,11.23,6.18,8.49,7,17.95,6.28,13.08,14.95,6.93,5.1,,10.22,-2,7.5,6.28,7.36,15,8,10,10.35,3.55,,4.9,,8.5,7,2.1,6.5,14,18.13,10,,10.87,,8,9.22,9,4.3,14,11.3,7.55,6.6,,7,-10.4,15,12.74,11.14,8.1,4,4.98,36,37,4,1,73
Northwestern,Nebraska,-8.5,-7.62,-10.49,-3.36,-1.75,-8.64,3.64,-5.74,-6.62,-15,-4.5,-8,-14.66,-9,-7.84,-21.07,-5.16,1.9,-6.71,-5.04,-7.85,-8.18,-17.67,-11.7,-4.37,-6.06,,-1.71,-13,-7,-6.19,-7.83,-9,-6,-7,-11.51,7.43,,-4.1,,-10.1,-8,-4.2,-8.5,-7.6,-6.06,-7,,-9.45,,-4,0.6,-12,-2.4,-5,-2.3,-7.25,-4.7,,-7.5,-26.4,4.5,-8.16,-3.92,-8.7,-25,5.60,24,13,4,-11,37
Notre Dame,Duke,20.5,15.48,13.9,16.18,16.46,4.76,5.38,18.16,14.89,18,17.06,10,17.45,13,15.61,14.67,17.34,11.81,15.97,18.33,16.95,19.45,22.5,21.24,14.57,7.86,,22.37,20,16.18,14.69,15.02,17,21.5,16,18.29,10.32,,19.3,,15.7,17,14.4,19.5,21.4,3.75,13.8,,15.67,,11,15.38,19,18.9,15,16.5,25.25,16.5,,21,31.4,17,14.75,16.17,20,6,4.64,38,35,4,-3,73
Old Dominion,Texas-San Antonio,4.5,2.82,4.31,-1.67,9.17,-0.01,6.37,-0.91,2.07,-3,8.63,6,4.85,3,2.97,5.89,-10.2,-1.45,3.29,1.82,0.95,3.83,3.54,8.16,7.51,2.17,,5.35,-7,3.3,1.97,8.77,3,3,9,3.09,16.54,,6.1,,5.2,1,3.3,4.5,7.6,7.13,10,,1.16,,5,0.19,9,8.3,8,0.01,-1.05,1.1,,3.5,-17.6,5,4.63,4.65,3.2,-6,5.34,19,33,4,14,52
Oregon,Colorado,10.5,4.31,4.64,13.61,13.2,7.31,-15.62,5.98,9.57,1,15.5,2,-8.81,19,3.25,2.8,14.14,11.59,7.29,7.02,5.55,9.39,20.58,7.05,9.49,5.3,,11.69,32,8.2,9.79,4.18,13,12.5,10,10.54,4.22,,3.9,,4.7,10,8.4,10.5,6,-5.43,-6.9,,14.41,,3,11.04,-4,5.2,7,18.7,11.75,11.8,,10.5,-20.2,19,15.56,8.21,8.2,-7,8.50,41,38,4,-3,79
Oregon St.,Boise St.,-13,-12.43,-10.19,-8.59,-8.57,-17.4,-6.03,-17.65,-12.09,-13,-10.13,-9,-17.29,-13.5,-12.53,-16.76,-19.29,-10.6,-12.73,-4.61,-17.65,-16.39,-26.88,-15.69,-11.79,-9.36,,-18.61,-12,-13,-11.83,-14.08,-18,-14.5,-13,-18.12,-16.55,,-11.5,,-9.6,-13,-12.8,-13,-16.9,-12.48,-22.5,,-16.29,,-18,-7.55,-10,-6.6,-26,-7,-13.24,-3.4,,-13,23.6,-13,-19.84,-21.08,-16.4,-12,6.90,38,24,4,-14,62
Purdue,Nevada,4.5,0.9,1.15,1.42,3.72,-5.13,-0.01,-1.91,0.65,-4,5.5,4,0.33,-4,0.91,-2.12,-4.36,-3.42,1.59,3.99,1.65,3.2,-2.54,4.21,-1.02,2.93,,0.97,3,1.42,0.91,9.14,-1,3.5,3,0.32,-3.3,,6.8,,4.4,2,3.1,4,0.01,1.51,-2.9,,-1.59,,7,5.44,4,9,-4,3.1,2.46,8.8,,6,7.9,-1,-4.74,5.45,4.8,4,3.71,14,24,4,10,38
Rice,North Texas,7.5,8.77,6.48,10.41,10.69,-0.51,11.87,12.72,10.02,18,6.13,3,4.95,5.5,8.51,6.94,8.89,5.33,8.6,8.35,7.35,4.22,-0.29,7.54,9.09,1.87,,11,6,8.35,10.26,6.48,8,7,8,6.28,16.11,,9.7,,7.1,12,15.1,7.5,4.8,7.58,14.1,,14.24,,9,4.34,10,9.7,6,14,9.35,8,,7,16,2.5,4.73,10.73,8,-10,3.79,42,35,4,-7,77
Rutgers,Iowa,-13,-19.23,4.92,-10.07,-9.29,-12.09,-24.52,-16.96,-18.3,-13,-17,-2,-21.34,-3.5,-19.36,-11.29,-19.2,-11.1,-13.14,-5.65,-18.05,-17.5,-22.58,-17.54,-8.46,-5.85,,-17.88,-28,-13,-18.7,-9.57,-10,-13,-16,-14.21,-11.7,,-15.4,,-5.8,-11,-13.5,-13,-17.2,-11.63,-9,,-9.77,,-12,-9.64,-22,-14.1,-15,-12,-9.24,-7,,-13,-2.2,-19,-15.73,-16.93,-15.7,-4,6.04,14,7,4,-7,21
SMU,TCU,-21.5,-19.38,-2.73,-17.5,-15.99,-19.33,0.53,-20.54,-22.56,-3,-12,-8,-10.72,-16,-18.77,-18.14,-27.93,-12.69,-16.16,-5.03,-24.95,-22.25,-37.29,-27.58,-14.55,-6.12,,-23.3,-20,-17.5,-23.09,-13.51,-27,-23,-23,-17.17,-18.18,,-17.6,,-8.8,-16,-19.7,-21,-17,-3.02,-6.7,,-22.96,,-21,-10.19,-13,-17.3,-26,-14.8,-21.25,-11.3,,-20.5,11.9,-14,-25.77,-34.13,-20,-7,8.29,33,3,4,-30,36
South Florida,Florida St.,-5.5,-3.83,4.01,-3.63,-6.57,1.98,2.52,3.12,-7.18,-6,-2.63,3,8.63,-7,-3.13,-4.72,-1.45,0.13,-1.04,3.78,6.25,-4.32,-7.17,-0.8,-6.75,-5.25,,-10.62,-6,-1.5,-7.77,-5.5,0.01,-4,-1,0.52,-6.13,,-1.5,,1.3,1,0.9,-5,7.7,6.25,-9.5,,0.31,,-8,1.14,5,-3.8,2,-1.7,-4.25,-6.4,,-6,23.7,8,-4.44,1.95,-4.9,12,5.86,55,35,4,-20,90
Temple,Charlotte,27,32.47,15.17,32.42,32.73,22.34,30.59,35.08,31.58,24,23,16,40.5,19,32.58,38.85,37.07,22.24,28.65,22.44,37.55,28.02,2.67,31.13,11.37,4.84,,26.42,31,30.59,32.1,25.95,37,29.5,32,21.17,16.92,,31.2,,26.8,25,24.4,27,29.6,31.4,54.7,,37.77,,28,25.67,34,31.9,33,23.1,27.75,30.7,,27,15.8,30,37.45,34.83,29.3,9,8.21,20,48,4,28,68
Tennessee,Florida,6,3.64,9.5,7.71,3.33,0.78,9.11,10.46,5.81,6,6.44,7,1.52,2.5,3.28,8.1,2.65,-0.19,7.38,5.69,4.15,7.05,4.83,5.48,6.1,4.5,,4.66,18,7,5.65,7.63,9,8,10,8.46,16.68,,14,,7.9,11,3.8,6,14.4,1.19,6.7,,17.08,,9,5.9,10,12.2,19,6.1,7.85,9.1,,6.5,1,-2.5,14.06,9.05,5.8,-4,4.63,28,38,4,10,66
Texas A&M,Arkansas,6.5,7.04,3.53,-1.8,5.39,2.33,7.29,1.8,4.84,-1,-2.5,2,13.28,3,7.48,5.61,-1.97,0.84,2.86,3.91,1.8,6.64,-0.54,-0.01,-0.99,4.5,,1.15,-2,2,4.64,9.3,-1,5.5,2,0.92,-1.05,,3.8,,9.6,4,5,6,-2.4,7.98,23.5,,0.33,,2,-4.41,6,1.1,2,-1.7,0.7,1.5,,6.5,20.4,-3,-10.61,-4.75,5.3,4,5.67,24,45,4,21,69
Texas St.,Houston,-34.5,-30.89,-19.55,-29.56,-24.56,-28.69,-24.65,-40.22,-30.34,-17,-28.25,-24,-33.85,-24.5,-31.06,-28.89,-33.63,-17.21,-30.14,-24.76,-40.85,-32.57,-42.29,-41.12,-15.25,-18.5,,-25.94,-43,-30.11,-30.11,-24.73,-35,-34.5,-39,-29.67,-33.35,,-42.9,,-31.2,-31,-38.9,-34,-38.3,-40.16,-30.9,,-20.05,,-28,-10.28,-33,-41.9,-39,-29.5,-27.24,-23.9,,-34.5,-43.2,-16,-41.3,-29.79,-30.8,-27,8.03,64,3,4,-61,67
Troy St.,New Mexico St.,20,18.8,23.72,16.11,27.62,18.3,30.24,26.05,16.44,31,30.19,22,28.96,21,19.29,20.54,19.19,7.22,21.75,28.6,26.65,19.71,6.25,20.35,9.61,5.14,,14.73,19,21,16.03,20.57,25,17.5,20,21,10.19,,17.3,,31.1,24,18.6,20,23.4,30.05,35.1,,28.18,,23,11.71,19,16.2,30,34,26.25,22.6,,20,40.9,9,21.18,21.3,20.7,25,7.26,6,52,4,46,58
Tulane,Louisiana-Lafayette,5.5,6.6,6.26,6.01,-7.13,3.21,15.7,5.21,1.6,14,12.38,2,19.5,-3,7.49,-12.39,1.28,2.65,6.09,11.51,9.55,4.21,0.79,5.64,-5.79,3.98,,-3.11,10,6.01,1.97,8.1,10,5,1,3.26,2.47,,10,,12,4,6.2,5.5,10.1,15.74,21.1,,8.09,,3,-4.68,13,11.7,8,4.2,5.85,4.7,,5,13.3,7,4.84,7.85,6.6,6,6.35,39,41,4,2,80
UCLA,Stanford,-3,-4.68,-0.59,-9.71,-0.46,-9.28,-18.92,-14.72,-3.17,-3,-10.44,-4,-12.22,-6,-4.99,-7.41,-10.87,-5.91,-5.76,-6.17,-14.85,-4.32,-11.46,-8.71,-1.76,-9,,-4.24,-11,-6,-2.87,2.18,-8,-2,-6,-5.51,-4.05,,-6.3,,-3.9,-7,-0.8,-3,-9.1,7.51,5,,-6.21,,-6,-0.46,-6,-7,-2,-8.3,-4.24,-7.2,,-3,6.9,0.5,-15.34,-10.11,-4.9,-7,5.17,22,13,4,-9,35
UNLV,Idaho,14.5,15.08,15.77,3.46,11.07,15.5,19.06,8.45,11.25,18,9.88,11,27.38,11,15.77,8.03,7.88,3.61,12.11,10.65,17.65,15.28,-4.46,16.9,3.15,4.16,,7.97,6,11.25,11.53,15.44,17,13,13,9.16,6.13,,15.6,,20.6,12,15.4,14.5,7.8,20.48,16.9,,3.54,,9,4.14,18,16.8,13,11.5,10.96,4.8,,14.5,29.7,6,8.82,10.71,16.3,20,5.93,33,30,4,-3,63
UTEP,Southern Miss.,-10.5,-12.84,-12.92,-13.77,-16.37,-14.99,-10.57,-19.15,-10.27,-9,-14.81,-13,-19.47,-8.5,-13.32,-9.21,-20.94,-10.04,-15.36,-9.24,-25.85,-17.28,-1.96,-18.18,-3.2,-2.87,,-10.53,-14,-14,-10.29,-13.76,-22,-10,-13,-12.83,-13.21,,-18,,-19.9,-15,-14,-11.5,-20.9,-30.04,-17.7,,-18.55,,-19,-10.68,-21,-18.5,-28,-13.2,-19.24,-11.4,,-10.5,-22,-18.5,-14.06,-22,-13.4,-21,5.44,34,7,4,-27,41
Utah,USC,3,-1.17,5.63,3.14,5.1,11.2,-2.6,2.95,-0.81,1,1.75,7,-1.46,9,-1.18,0.82,-0.72,4.65,3.04,5.36,1.65,-1,8.46,5.84,6.43,8.3,,4.93,10,2.95,-1.23,-1.02,1,1.5,1,6.98,2.47,,0.01,,0.01,-1,-1.8,3,3.9,4.2,0.5,,3.7,,3,2.03,4,-0.5,5,4.6,-0.35,4.6,,3,16,10,3.49,0.01,1.5,14,3.85,27,31,4,4,58
Utah St.,Air Force,-4,0.17,-2.39,1.45,-1.54,-1.23,-12.93,-3.12,-0.61,-8,-3.88,3,3.21,3.5,0.31,-0.46,-3.47,-0.6,-2.49,-1.78,-2.65,-1.8,-1.63,-3.82,4.49,0.96,,1.97,-11,-1.54,-0.64,-0.73,1,-3,-2,-3.81,-2.64,,-4.9,,-0.6,-5,-1.6,-4,0.01,-18.15,1.4,,-7.33,,-4,1.62,-1,-4,-3,-7,-0.34,-1,,-3,-23.7,1,-0.94,-3.18,-2.9,-17,5.00,27,20,4,-7,47
Virginia,Central Mich.,-3.5,-4.98,-23.55,-2.89,-5.24,-19.77,-34.3,-3.84,-0.31,-7,1.13,-17,-24.27,-12,-6.05,-27.11,5.11,-5.76,-8.56,-23.72,-9.05,-3.36,-23.63,-14.38,-12.15,-1.86,,-9.08,-1,-6.05,1.16,-10.1,-1,-3.5,-7,-15.72,-15.57,,-1.5,,-10.3,-7,-5.3,-3.5,-2.7,-23.9,-15.2,,-1.63,,-1,0.22,-20,0.4,-4,3.4,-7.24,0.6,,-3.5,-24.4,-3,-3.56,-6.64,-7.4,-34,8.94,35,49,4,14,84
Virginia Tech,East Carolina,12.5,12.47,6.41,7.8,13.66,9.11,5.44,17.31,13.39,5,11.13,9,12.07,7,12.27,14.48,12.41,3.68,11.49,7.11,16.35,12.69,14.58,8.88,9.28,3.27,,11.98,8,11.2,13.53,14.12,10,11,15,12.63,15.74,,22.3,,10.8,14,19.9,12.5,16,18.67,7,,13.38,,10,4.61,4,22.4,19,22,8.16,10,,11.5,4.3,10.5,10.08,11.2,11.7,1,4.82,17,54,4,37,71
West Va.,BYU,7,5.51,7.81,2.28,8.84,7.96,17.96,8.01,5.73,12,9.25,2,6.3,0.5,5.5,7.93,10.37,1.5,5.08,11.56,7.55,5.52,11.67,6.87,-2.26,2.6,,0.75,-4,5.52,5.4,7.57,5,5,6,9.55,-12.02,,0.01,,3.9,6,6,7,4.4,6.68,4.2,,5.44,,7,4.95,6,-0.01,2,10.3,2.5,-1,,7,4.1,-0.5,8.83,8.94,7.9,14,4.62,32,35,4,3,67
Western Kentucky,Vanderbilt,8,5.49,12.12,10.18,2.95,14.25,16.18,11.26,3.62,19,8.94,9,6.1,12.5,5.87,6.2,11.11,7.67,10.64,8.58,14.95,5.57,19.75,13.14,11.77,9.16,,15.37,21,10.18,3.34,2.93,15,7.5,5,15.63,16.35,,4,,5.2,10,1.1,8,17.5,21.58,15.8,,14.39,,4,17.32,9,1.3,20,-9,9.86,2.3,,7.5,16.6,29.5,20.76,14.2,8.1,4,6.72,31,30,4,-1,61
Western Mich.,Georgia Southern,7,17.01,6.21,4.67,7.51,6.7,13.58,12.12,15.48,7,5.5,5,20.02,4.5,17.3,9.03,9.72,2.7,10.8,8.33,18.95,10.65,12.92,10.03,10.5,1.82,,15.23,12,10.03,15.43,16.57,10,8,17,10.55,13.41,,18,,7.3,8,16.5,7,17,19.94,25.8,,9.99,,9,6.6,23,18.5,18,-9.5,6.25,3.8,,7,-5.5,4,15.73,12.73,8.1,-1,6.71,31,49,4,18,80
Air Force,Navy,7.5,1.12,3.28,-4.93,2.99,4.11,-4.98,-0.01,1.59,13,10.5,2,-2.7,-2.5,1.05,0.57,6.51,1.21,2.2,5.06,2.65,6.24,-8.43,-4.27,0.15,-1.5,,-2.53,-1,1.6,1.51,1.6,1,7,4,-0.01,1.13,-5.5,6.1,,3.6,5,5.8,6.5,3.7,6,5.4,,-2.37,,3,-1.76,3,5.1,7,7.9,0.57,6,,7.5,8.1,0.5,-1.6,-2.08,5.8,-1,3.96,14,28,5,14,42
Alabama,Kentucky,36.5,36.97,28.6,36.47,35.17,39.88,39.01,39.81,34.11,39,31.44,33,49.58,39,37.52,35.46,43.98,17.81,36.31,32.35,40.05,34.17,45.61,45.32,19.59,28.63,,27.6,63,36.47,33.8,32.73,43,34.5,33,30.81,37.44,32.5,39.2,,40.5,36,39.9,36.5,41.1,45,29.5,,29.71,,34,26.57,53,38.3,42,33.8,31.17,31.9,,35,35.9,21,41.26,42.28,37.8,24,7.68,6,34,5,28,40
Appalachian St.,Georgia St.,19,14.96,19.32,12.97,11.32,15.17,22.13,14.2,17.94,7,15.5,18,18.4,18,14.44,29.45,8.25,15.28,16.83,18.03,12.85,21.3,15.93,23.76,20,10.31,,27.32,21,16,17.63,15.22,15,21,22,21.05,13.53,,19.4,,18.2,20,13.1,19,13.4,13.84,13.7,,29.44,,16,14.99,15,19.1,14,16.8,17.17,10.2,,18.5,7.4,13.5,22.93,17.99,21.3,13,4.86,3,17,5,14,20
Auburn,Louisiana-Monroe,32.5,34.65,18.73,31.45,37.67,22.1,23.94,34.25,34.98,6,20.19,22,32.8,22.5,34.58,39.18,34.5,11.88,29.79,12.87,37.45,34.18,35.64,38.41,22.17,12.49,,28.81,36,31.45,35.2,34.89,34,33.5,43,30.52,29.96,22,47.6,,29.4,28,41.4,32.5,26.3,32.21,26.4,,39.25,,27,16.91,28,48.3,35,35.1,27.67,22.5,,32.5,21.7,16,37.58,34.89,34.8,10,9.04,7,58,5,51,65
BYU,Toledo,3.5,0.24,-3.82,1.45,3.09,-12.42,-3.71,-4.93,0.48,1,-0.13,0.25,-2.14,-2.5,0.14,-2.78,4.47,-6.35,0.78,-4.13,-3.05,2.24,-4.89,5.71,0.62,3.77,,-2.53,13,0.9,0.79,5.22,4,3.5,4,-3.92,6.82,9,7.6,,0.9,2,4.3,3.5,-5.2,-8.04,4,,10.46,,4,3.6,-3,9,6,5.9,4.77,2,,3.5,-4.9,-0.5,-7.41,-2.06,1.5,-19,4.89,53,55,5,2,108
Ball St.,Northern Ill.,4,4.94,21.11,1.25,-2.94,23.48,5.37,4.62,5.75,30,2.69,16,11.27,9.5,4.9,12.59,-4.57,14.3,5.9,21.09,3.45,3.75,7.36,8.48,7.08,5.22,,3.07,3,4.72,4.72,5.53,2,3.5,0.01,13.51,-0.74,-1.5,-2.8,,6.4,2,-1.8,4,12.7,14.01,8.2,,10.22,,1,-2.94,6,-3.1,4,-4.9,1.97,3.3,,4,16.7,-10.5,6.1,2.21,2.3,16,7.68,31,24,5,-7,55
Boise St.,Utah St.,24,19.63,21.83,12.13,16.95,17.25,29.04,19.84,20.4,28,10.5,17,27.81,16.5,19.52,22.15,17.83,14.05,18.91,14.87,17.15,19.84,29.64,20.16,10.8,16.29,,17.04,31,18.69,20.15,21.65,20,20.5,18,26.18,14.86,8,20.3,,19.1,23,16.3,23,18.9,27.37,27.9,,18.45,,18,8.07,20,18.1,23,21.4,14.47,11.4,,20,15.5,11,17.68,18.69,23.3,15,5.01,10,21,5,11,31
Boston College,Buffalo,19,15.61,15.25,17.34,16.25,14.4,21.82,10.9,17.19,20,20.5,12,13.8,10,15.33,9.88,15.46,9.29,15.37,16.95,12.05,17.94,6.04,21.77,8.04,2.53,,8.37,19,16.95,17.17,18.1,18,17.5,18,13.51,5.04,4.5,22.2,,19.3,19,14.6,19,17.4,20.91,19.2,,23.1,,17,4.45,10,24.2,14,21.2,24.17,11.3,,17.5,2.4,8.5,14.56,17.66,20.8,5,5.38,3,35,5,32,38
Bowling Green,Eastern Mich.,2.5,2.51,-7.74,12.61,20.88,-31.98,-7.88,6.79,5.64,-6,-0.75,-7,5.87,10,1.84,-2.45,15.08,-9.91,3.28,-0.73,-3.75,1.83,-0.89,14.49,10.01,-0.84,,6.06,-1,5.2,6.28,-6.1,14,4.5,6,0.28,5.47,26,6.2,,-6,6,1.9,2.5,5.9,-20.91,3.6,,17.29,,3,21.51,-12,7.7,3,5.6,9.97,6.8,,3,-10.4,22.5,21.03,3.85,5.2,-27,10.31,28,25,5,-3,53
California,Utah,-1.5,-3.18,-0.31,-0.71,2.23,-6.32,3.22,-3.73,-5.89,2,7.38,-10,5.7,-11.5,-2.75,-2.87,-3,-3.83,-1.95,-0.01,-3.55,-4.11,-9.86,-8.13,-3.94,-8.41,,-3.29,-9,-2.75,-5.65,2.27,1,1,-2,-5.39,-3.78,0,-3.7,,1.3,-1,-5.7,-1.5,-0.2,7.16,12.6,,0.43,,-8,2.42,-4,-3.5,-6,0.8,-0.63,-1.4,,2,-5,0.5,0.73,-0.45,-1.4,-4,4.51,23,28,5,5,51
Central Mich.,Western Mich.,-3,-8.24,-6.24,-5.51,2.28,-3.37,-2.7,-8.27,-11.25,1,-4.5,-7,1.8,-4.5,-7.68,-4.95,-2.45,-7.63,-4.83,-6.65,-10.55,-2.67,-10.25,-2.7,-5.39,5.21,,-8.04,-5,-4.8,-11.12,-2.4,-6,-3,-8,-9.04,-3.49,-3.5,-4.3,,-3.4,-2,0.4,-3,-15.9,1.48,-4.8,,-3.1,,-3,2.24,-5,-3.5,-8,-3.7,-1.63,-1.7,,-3.5,-8.4,0.01,-15.49,-9,-6.5,-9,4.21,49,10,5,-39,59
Charlotte,Old Dominion,-8.5,-7.06,-1.34,-5.65,-9.35,-8.93,0.12,-15.35,-7.99,-8,-9.5,-5,-16.4,-8.5,-6.91,-17.66,-10.87,-5.01,-8.12,-14.45,-15.75,-8.53,12.64,-14.85,-2.7,0.93,,-8.56,-1,-7.99,-7.9,-6.77,-9,-9.5,-11,-2.87,-10.2,,-12.1,,-6.5,-7,-10.1,-8.5,-7.5,-4.91,-9.3,,-5.16,,-4,0.64,-14,-13.2,-12,-11.2,-4.43,-7.5,,-8.5,-1.9,-4,-16.01,-5.92,-12.4,-11,4.60,52,17,5,-35,69
Cincinnati,South Florida,-7,-4.83,1.38,-2.37,-0.18,-2.66,-3.89,-2.01,-1.95,4,2.38,-0.25,-10.99,5,-5.37,-2.32,-1.83,1.11,-3.49,-5.29,-7.65,-4.88,-5.71,-1.73,2.45,-4.74,,-0.01,3,-2.9,-1.95,-6.36,-8,-6,-8,-1.62,-6.44,-8,-6.7,,-4.8,-5,-2.4,-6.5,-6.5,-6.33,-10.2,,5.8,,-5,1.62,-6,-6.1,-8,-15.8,-2.33,0.5,,-6,-2.9,-2.5,-7.44,-7.71,-8.5,-6,4.25,45,20,5,-25,65
Clemson,Louisville,0,0.19,1.78,4.7,-0.8,1.86,-0.38,0.01,3.8,3,-1.06,9,-10.69,12,-0.5,1.02,2.68,-0.66,-0.17,-8.26,-3.45,-0.01,3.5,2.85,4.9,3.5,,0.57,12,0.57,4.02,-1.32,5,2.5,2,3.55,-4.47,16.5,-2.2,,-3.4,1,-3.4,0,2.1,-19.31,-9.5,,14.17,,-2,12.82,-12,-0.9,3,-16.3,5.57,-5.2,,-1.5,-28.4,4,6.69,-3,-4.5,-9,7.61,36,42,5,6,78
Colorado,Oregon St.,19,14.2,19.6,12.27,12.16,23.23,14.44,18.56,13.6,22,10.5,15,26.78,13,14.39,22.3,14.38,12.17,17.68,21.53,19.75,16.86,28.86,18.01,14.26,8.36,,18.1,10,17,13.13,19.23,20,16.5,16,22.02,20.06,12.5,19.6,,16.5,14,16.9,19,20.4,37.77,21.2,,23.28,,17,9.05,26,17,24,18.9,14.87,15.3,,18,26.7,8.5,22.05,19.8,20.3,16,5.41,6,47,5,41,53
Colorado St.,Wyoming,6,7.4,8.16,11.08,8.81,1.59,4.81,4.42,8.59,7,7.38,6,2.98,10,7.15,2.83,9.47,2.08,6.94,6.26,8.95,4.01,3.54,6.03,8.07,2.53,,8.21,-3,7.38,8.8,3.27,12,7,8,7.21,2.23,18,6.2,,4.2,6,7.9,6,7.7,11.42,10.5,,11.57,,4,9.83,-2,5.9,13,5.9,9.47,5.4,,6.5,7.9,9,13.79,7.33,9.2,3,3.46,38,17,5,-21,55
Duke,Virginia,4,9.41,14.53,5.35,7.36,17.85,13.94,1.48,8.95,6,-1.38,12,14.03,12.5,9.53,12.37,3.01,8.95,7.22,5.07,4.65,3.22,16.61,7.95,11.49,5.01,,6.56,2,6.83,8.73,8.76,6,4,7,10.02,15.68,5,1.5,,10.7,5,5.2,4.5,4.7,6.83,23.7,,6.93,,4,6.38,7,2.4,7,-10.2,6.37,1.2,,3.5,0.01,9,6.45,8.88,6.2,6,5.22,34,20,5,-14,54
East Carolina,Central Florida,3,3.69,5.57,12.5,6.77,2.03,-3.29,10.24,5.5,-3,15.5,4,9.53,8,3.33,13.7,12.91,0.01,7.52,7.84,9.05,5.38,15.39,15.59,10.68,3.43,,10.32,3,6.77,5.47,3.11,18,6,11,5.72,6.34,5,5.4,,3.9,6,4.8,3.5,7.3,4.05,17.4,,19.54,,8,21.38,13,5.3,11,-4.9,9.37,1.1,,3.5,-10.6,10,15.62,10.74,5.7,-3,6.16,47,29,5,-18,76
Florida Intl.,Florida Atlantic,-3.5,-6.37,-1.93,-5.05,-1.59,-2.64,-5.19,-5.9,-7.78,-10,1.13,-5,-3.47,-4,-6.14,-6.29,-1.41,-9.6,-4.49,-9.33,-12.15,-5.25,6.5,-0.69,0.01,2.92,,-4.64,-1,-4.64,-7.52,-4.16,-5,-5.5,-8,-1.93,-0.33,9.5,-3.2,,-2.6,-3,1.1,-3.5,-12.4,-8.48,14.4,,0.68,,-3,0.56,-11,-12.3,-8,1.2,-2.43,-8.4,,-7,-19.9,2,-9.04,-0.62,-10.4,-7,5.22,31,33,5,2,64
Florida St.,North Carolina,10.5,10.6,13.05,9.05,12.84,9.91,14.11,8.23,11.86,19,1.13,9,7.55,12.5,10.38,11.77,10.47,10.3,10.45,17.79,5.75,7.58,9.32,3.44,5.95,11.5,,6.73,18,10.38,11.9,12.04,7,12,7,11.17,11.5,-3,5.2,,12.7,11,5.2,10.5,7.8,21.95,13.5,,10.72,,10,5.67,18,5.6,9,6.1,10.37,15.6,,11,23.2,-2,16.09,6.59,13.3,3,4.81,37,35,5,-2,72
Georgia,Tennessee,-3.5,-10.35,-3.87,-8.1,0.86,-7.04,-11.1,-6.38,-8.8,5,0.5,-11,-5.81,-2.5,-10.62,1.52,0.2,-8.48,-5.86,-6.15,-11.45,-5.41,-6.68,-7.54,-1.99,-2.5,,1.48,-5,-6.38,-8.62,-7.92,-1,-3,-6,-6.73,-10.91,-7,-11.4,,-5.9,-8,-6.9,-4,-11.8,-5.57,4.1,,1.08,,-9,-2.34,-12,-10.7,-7,-3.1,-4.53,-6,,-3.5,-14.5,3,-6.93,-13.89,-5.4,-16,4.69,34,31,5,-3,65
Georgia Tech,Miami (Fla.),-7.5,-5.06,-3.94,-1.63,-7.96,-6.61,-2.68,-1.97,-3.67,-11,-6.38,-2,-11.45,0.5,-5.31,-6.96,4.16,-6.07,-5.76,-13.1,-5.65,-6.02,-8,-2.34,-4.68,-11.96,,-11.76,4,-5.31,-3.66,-8.37,-2,-5.5,-6,-4.6,-11.16,1.5,-8.5,,-7.3,-4,-4.3,-7.5,-8.4,-12.1,3.2,,6.47,,-1,7.13,-19,-7.6,-5,-4.7,-1.83,-10.9,,-7.5,-32.9,-7,-9,-0.94,-10.4,-18,6.32,35,21,5,-14,56
Hawaii,Nevada,-3.5,-7.54,3.24,-5.82,-9.6,-12.48,2.26,-8.97,-7.4,5,-16.38,-4,-6.79,-7,-7.55,-6.95,-10.34,-3.26,-6.02,-4.81,-10.25,-6.24,7.32,-9.91,-1.61,-0.44,,-6.14,-11,-6.79,-7.55,-3.12,-11,-6,-9,-2.74,-11.17,-15.5,-12.2,,-4.5,-6,-14.7,-4,-8.6,-1.27,7.1,,3.5,,-1,-9.29,-12,-10.3,-16,6.2,-5.24,-0.4,,-3.5,-2.9,-6,-7.35,-7.73,-5.9,-12,5.32,17,38,5,21,55
Houston,Connecticut,27.5,29.56,31.17,26.59,27.27,30.23,32.25,33.34,27.94,35,21.13,21,37.69,24,29.94,32.98,26.55,19.23,28.92,37.37,38.15,30.41,43.68,38.11,23.53,22.8,,33.78,33,29.56,27.48,26.3,33,28,29,31.69,23.57,14,26.6,,30.1,23,24.1,27.5,36.7,44.04,33.9,,25.14,,21,15.68,45,23.8,31,16.7,26.67,19.7,,28,34.3,16.5,38.58,29.67,29.8,28,6.62,14,42,5,28,56
Idaho,Troy St.,-13.5,-17.87,-15.69,-12.16,-16.8,-25.49,-19.39,-17.21,-12.27,-7,-25.13,-15,-25.17,-12,-18.94,-12.16,-15.51,-12.23,-15.92,-23.48,-25.15,-16.05,-7.11,-13.99,-5.34,-2.22,,-11.22,-25,-15.51,-12.19,-14.46,-20,-12,-15,-17.18,-10.29,1,-11.1,,-24.3,-15,-9.8,-13.5,-21.1,-22.98,-12.3,,-13.32,,-13,-1.2,-27,-10.6,-22,-19.7,-15.83,-15.6,,-13.5,-30.5,-5,-11.42,-22.45,-15.9,-30,6.39,34,13,5,-21,47
Indiana,Michigan St.,-6,-3.48,2.69,-10.39,-9.47,-1.57,-0.01,-3.05,-5.75,9,-12.31,-3,-2.03,-12,-3.11,-7.22,-10.78,1.56,-5.53,-0.24,-3.35,-7.46,-15.21,-3.9,-12.27,-8.7,,-18.05,-23,-5.77,-5.77,-3.49,-7,-7.5,-11,-2.79,-9.73,-3.5,-5.7,,-1.3,-5,-1.7,-6,-3.2,2.76,-8.8,,-9.45,,-6,-6.83,-7,-6.7,-1,-6.2,-8.83,2.8,,-7,12.9,-2.5,-17.14,-7.07,-8.9,6,6.12,21,24,5,3,45
Iowa,Northwestern,13.5,13.2,9.51,8.36,9.03,21.49,9.04,10.53,14.4,19,11.13,6,10.59,9.5,13,10.78,11.69,9.8,10.95,1.84,10.35,11.97,21.32,16.05,9.87,8.58,,10.59,16,10.59,14.21,11.72,15,12,9,14.95,2.94,8,12.8,,10.4,11,13.6,13,12.6,15.34,-0.9,,12.51,,8,10.4,14,11.6,14,14.6,9.47,6.1,,13,3.2,9,8.8,9.31,16.2,9,4.03,38,31,5,-7,69
Iowa St.,Baylor,-17,-17.6,-21.91,-13.59,-13.91,-16.31,-17.02,-12.88,-20.04,-13,-12,-21,-16.66,-25.5,-17.2,-23.19,-12.92,-14.61,-16.35,-18.71,-10.55,-15.01,-34.29,-19.97,-14.98,-15.66,,-19.53,-33,-16,-19.78,-15.72,-18,-16.5,-16,-23.53,-14.47,-13,-14.1,,-17.8,-17,-12.4,-17,-11.5,-17.62,-4.8,,-20.88,,-12,-4.62,-23,-11.9,-15,-7,-21.33,-11.7,,-16.5,-20.6,-17.5,-13.96,-15,-18.9,-29,4.97,45,42,5,-3,87
Kent,Akron,-7,-8.39,-10.02,-13,-11.09,-4.61,-4.62,-6.01,-10.78,-1,-5.13,-8,-3.73,-9,-7.99,-11.04,-10.67,-7.19,-7.48,-11.68,-11.45,-4.53,3.79,-11.19,-12.86,1.79,,-18.26,1,-8,-10.49,-1.78,-8,-4,-8,-9.11,-2.27,0,-2,,-3.6,-3,-5.4,-7,-13.2,-0.32,-4.7,,-1.24,,-10,-1.92,-8,-0.7,-7,-7.5,-8.34,-3.6,,-7,-25.5,-11.5,-5.78,-11.75,-9.4,-15,4.99,31,27,5,-4,58
LSU,Missouri,12,12.52,3.98,17.57,12.06,0.77,11.57,12.07,15.1,2,8.31,6,8.7,8.5,12,12.2,11.74,5.51,11.74,6.96,9.45,12.26,16.43,12.13,14.27,9.67,,15.08,24,12.13,15.26,12.28,7,13.5,9,10.81,18.66,16,20.2,,3.4,13,16.4,12,13.3,0.01,4.7,,12.84,,13,13.77,6,21,15,15.6,18.66,17.1,,13,11.6,11.5,12.77,11.98,15.3,-14,5.09,7,42,5,35,49
Louisiana Tech,UTEP,23,21.25,15.18,22.22,22.08,19.9,25.94,24.01,14.32,25,19.56,15,26.95,19.5,22.58,9.22,32.02,7.44,22.03,20.83,29.65,25.75,4,28.85,10.24,4.06,,20.27,33,22,14.44,24.5,30,20,20,15.65,17.49,36,21,,25.7,23,19.2,23,26.4,33.47,39.1,,17.11,,22,17.24,31,21.3,31,17.1,25.17,18.8,,18.5,25.1,19,25.34,29.11,21.3,11,6.79,7,28,5,21,35
Maryland,Purdue,10.5,8.02,16.01,7.71,9.44,10.75,11.52,3.91,9.74,24,4.25,9,13.3,11.5,7.74,5.68,6.52,5.08,8.91,15.2,6.05,7.31,12.18,5.1,5.01,4.69,,3.68,20,8.15,9.6,8.77,13,9,5,13.3,2.91,0,5.5,,15.6,9,12.5,10.5,4.2,8.63,-1.8,,8.93,,4,4.5,9,6.9,2,14.9,10.47,10.9,,10,20.3,8,8.15,6.09,12.8,11,4.87,7,50,5,43,57
Massachusetts,Tulane,-2.5,-1.45,-5.64,-3.38,-3.09,-10.77,-10.87,3.04,-0.33,-2,1.13,-6,-8.44,-4.5,-1.68,-10.35,2.33,-7.28,-2.68,-6.34,1.55,-0.6,2.32,-1.21,-3.76,1.77,,-2.21,-6,-2.14,-0.17,-2.14,2,-2,-3,-7.05,-0.33,,1.2,,-6,0.01,3.5,-2.5,2.2,-12.05,2.8,,-9.42,,-1,16.02,-10,-0.2,-3,-3.5,-2.03,-5,,-2.5,-11.9,4,-0.48,-0.87,-5.9,-18,5.00,31,24,5,-7,55
Miami (Ohio),Ohio,-3,-5.85,-10.45,-7,-7.23,-6.42,-2.77,-2.4,-9.67,-3,0.5,-12,-0.01,-15,-5.19,-5.46,-5.35,-10.3,-4.64,-5.57,-0.55,-4.21,4.68,-7,-4.18,-0.11,,-6.29,5,-5.35,-9.41,-1.14,-5,-3,-5,-7.05,-0.97,-5.5,-4,,-3.9,-6,-12.4,-3,-5.1,-11.06,12.4,,-6.31,,-1,-6.2,3,-4.5,-5,12.2,-6.13,-3.6,,-2.5,-6.7,-5.5,-9.12,-4.46,-6.4,-20,5.03,17,7,5,-10,24
Michigan,Wisconsin,10.5,12.15,7.81,6.32,17.36,11.11,13.17,10.34,8.53,19,2.06,4,21.46,-1,12.83,5.81,7.64,5.72,10.22,8.71,13.35,12.82,5.82,9.77,0.12,6.5,,3.49,8,10,8.96,14.93,10,10.5,7,5.67,1.87,8,13.5,,15.7,11,13,10.5,9.4,28.09,12.9,,5.82,,8,8.56,13,13.5,10,13.6,11.97,14.6,,10.5,24.6,7.5,-0.85,13.55,12.3,11,5.73,7,14,5,7,21
Mississippi,Memphis,15.5,11.58,2.25,13.33,16.86,-3.16,9.92,17.35,13.78,6,13.31,4,1.36,11.5,11.06,8.27,11.54,4.84,11.07,7.2,6.65,12.92,9.07,7.27,11.37,13.5,,15.42,21,11.37,14.08,15.5,13,15,19,6.67,4.55,11.5,12.4,,6.7,13,9,14.5,19.8,10.14,18.2,,6.93,,17,6.52,3,11.2,11,27.5,11.37,12.2,,14.5,7.7,6.5,19.66,4.8,16.8,-15,5.67,28,48,5,20,76
NC St.,Wake Forest,11,7.05,-0.98,6.58,8.82,-0.84,-3.94,5.71,3.07,1,10.5,-3,10.64,1.5,7.66,-6.05,10.02,-6.73,5.48,3.45,10.95,13.89,0.89,8.43,-1.83,0.53,,5.75,1,6.1,3.91,8.08,13,9,5,-2.59,14.04,10.5,6.6,,5.8,6,6.1,10.5,6,14.76,3.5,,3.2,,8,14.77,12,6.6,10,6.8,6.97,1.1,,10.5,-9.7,13,3.98,9.93,13.7,-1,5.77,16,33,5,17,49
Nebraska,Illinois,20,20.7,21.34,18.21,16.51,21.45,21.29,24.3,22.55,31,19.88,20,32.02,23.5,20.43,30.57,23.39,18.15,21.71,27.71,20.25,19.44,36.39,18,14,21.26,,17.12,35,20.43,22.03,19.53,17,21,20,29.47,18.84,6,19.5,,22.8,26,18,20,20.7,26.99,19.1,,13.96,,16,12.22,29,18.3,20,20.3,20.67,25.5,,21,38.9,13,25.71,17.8,22.8,18,5.40,16,31,5,15,47
New Mexico,San Jose St.,10,5.16,9.2,1.94,8.48,10.52,0.75,7.26,2.35,13,-7.63,7,6.33,3.5,5.7,-1.49,3.22,3.55,5.47,-1.24,6.85,3.44,1.25,4.02,2.18,5.35,,3.96,18,5.16,2.23,7.35,9,4.5,1,4.36,6.39,3.5,8.5,,6.5,7,10.8,9,3.3,18.98,5,,-7.22,,3,6.44,4,7.9,8,18.8,4.77,0.8,,9,3.4,5.5,2.37,5.67,12.7,5,5.10,41,48,5,7,89
New Mexico St.,Louisiana-Lafayette,-6,-8.9,-3.78,-6.6,-15.32,-9.86,-20.6,-8.28,-9.48,-5,2.06,-7,-5.54,-12,-8.81,-11.98,-10.25,-10.18,-7.19,-7.91,-12.95,-7.86,11.71,-10.39,3.24,2.47,,-1.57,-10,-7.91,-9.35,-3.67,-4,-6.5,-9,-6.69,2.29,-14.5,-2.6,,-8.4,-6,-6.7,-6,1.2,-12.91,-6.4,,-14.92,,-9,1.88,-12,-1.6,-9,-3.7,-6.73,-9.4,,-5,-18.9,2,-8.35,-8.85,-7.4,-11,5.22,31,37,5,6,68
North Texas,Middle Tenn.,-17,-14.16,-6.13,-15.43,-20.46,-10.89,-3.11,-19.3,-14.44,-5,-8.88,-10,-12.43,-12,-14.09,-10.66,-13.41,-4.28,-13.24,-11.17,-15.75,-16.19,-3.25,-18.53,-9.82,1.93,,-15.38,-10,-13.9,-14.62,-11.52,-17,-14.5,-15,-10.57,-13.4,-8,-15.7,,-12.1,-17,-13.8,-16.5,-19.1,-16.32,-20.7,,-16.58,,-13,-8.43,-13,-15.4,-17,-13.9,-19.33,-7.5,,-15.5,-10.5,-13,-16.05,-18.35,-17.9,-11,4.57,30,13,5,-17,43
Ohio St.,Rutgers,38,41.16,33.13,32.61,36.45,40.85,45.34,36.98,38.25,29,40.81,26,57.4,32,41.78,45.53,39.66,19.93,37.7,44.78,49.55,39.42,43.11,48.69,22.55,29.35,,32.38,50,36.98,38.14,32.15,43,38.5,34,32.68,30.94,34,30.8,,38,33,29.8,38,42.9,49.28,43.9,,33.97,,32,24.91,62,27.9,41,26.6,30.67,34.3,,38.5,56.5,31,45.66,46.6,40.3,33,8.88,0,58,5,58,58
Oklahoma St.,Texas,2.5,4.63,7.73,3.67,4.18,2.05,9.87,0.57,4.2,6,8.94,6,6.38,8.5,4.68,2.72,5.33,-1.93,4.65,4.66,3.55,4.16,4.64,2.05,3.69,-0.5,,4.71,6,4.57,4.45,6.13,7,3.5,4,3.88,11.6,9,5.3,,6.7,4,4,3,-0.5,4.33,-1.5,,-5.77,,6,10.14,11,4.5,11,-0.3,4.57,6.7,,2.5,3.8,9,0.43,5.45,5.2,4,3.40,31,49,5,18,80
Penn St.,Minnesota,2,3.88,-0.98,3.04,5.64,-13.32,0.93,3.03,2.48,7,4.88,-2,4.58,0.01,4.08,-0.17,7.06,-4.64,3.06,7.98,0.25,5.52,-4.04,-1.13,6.24,-3.26,,8.47,6,3.1,2.77,8.23,3,3,3,-2.35,14.17,0.5,3.1,,5.9,7,7.8,2,5.2,1.28,9.4,,-4.81,,5,6.75,9,4,-1,3.3,2.57,3.7,,3,-3.6,7,1.04,2.04,0.3,-14,4.52,26,29,5,3,55
Pittsburgh,Marshall,17,16.45,6.88,15.48,9.29,17.14,21.45,17.67,18.26,23,17.38,12,22.36,8.5,16.15,19.19,14.31,9.68,15.54,22.28,16.45,19.23,25.64,14.67,4.84,8.19,,8.6,28,16.15,17.9,19.29,10,17.5,18,15.13,10.78,1,26.5,,11.1,16,20.6,17,21.7,21.55,33.3,,10.98,,13,3.72,26,29.1,14,22.6,13.27,5,,17.5,-10.8,3.5,16.23,14.13,18.2,2,7.50,27,43,5,16,70
South Alabama,San Diego St.,-19,-18.12,-7.76,-19,-18.38,-17.09,-8.57,-19.3,-18.61,-3,-8.25,-11,-13.57,-11.5,-18.07,-11.46,-20.04,-10.63,-16.03,-10.59,-22.55,-19.76,-27.07,-14.34,-8.44,-6.31,,-15.47,-15,-18.07,-18.37,-18.88,-23,-20,-23,-18.52,-21.81,,-23.7,,-14.7,-19,-12.2,-19,-28.8,-8.88,-12.1,,-1.58,,-14,-8.41,-25,-22.7,-25,-18.9,-20.34,-10.1,,-19,-9,-15,-28.35,-21.75,-20.9,-19,6.24,24,42,5,18,66
South Carolina,Texas A&M,-17,-21.17,-14.32,-16.53,-14.83,-23.89,-22.75,-17.22,-21.45,-15,-10.13,-16,-22.04,-14,-21.17,-22.64,-16.02,-14.77,-18.06,-18.1,-22.35,-16.51,-29.39,-19.56,-11.81,-17.26,,-18.03,-33,-17.26,-21.03,-17.5,-13,-16,-18,-20.12,-20.88,-10,-14.2,,-15.1,-17,-12.8,-17,-18,-27.55,-32.5,,-12.92,,-13,0.41,-28,-13.6,-17,-24.2,-14.83,-12.2,,-17.5,-29,-7,-19.12,-22.19,-19.9,-25,5.89,24,13,5,-11,37
Southern Miss.,Rice,26.5,19.89,27.69,20.4,26.21,34.77,18.17,24.73,20.01,22,19.25,26,18.54,19.5,19.93,26.13,19.59,21.29,22.76,27.01,24.55,17.68,8.71,23.8,14.55,11.47,,21.21,15,22,19.41,20.13,27,21.5,24,26.04,14.27,38,18.3,,22.9,24,9.4,26,27.8,37.01,20.5,,30.84,,21,21.61,24,16.7,30,28.1,25.67,17.8,,24,29.1,27.5,28.11,28.32,26.8,28,5.43,28,44,5,16,72
Syracuse,Notre Dame,-10.5,-11.82,-1.22,-11.4,-6.04,0.62,-4.55,-10.03,-8.74,-1,-17.19,-0.25,-3.02,-6,-12.36,6.2,-14.14,3.05,-8.45,-3.5,-12.6,-12.82,-13.11,-16.81,-6.48,-7.25,,-15.63,-19,-9.31,-9.31,-10.95,-17,-13,-11,-3.04,-13.42,-20,-7.6,,-11.5,-12,-8,-10.5,-14.2,1.89,-7.8,,-4.65,,-11,-11.83,-12,-7.6,-8,-6.9,-17,-2,,-10,13,-19,-8.92,-11.83,-12.9,2,6.48,50,33,5,-17,83
TCU,Oklahoma,-3.5,-2.19,-0.67,1.06,-6.62,6.35,-3.71,-1.64,-0.87,-1,-8.56,-1,-8.02,5,-2.39,-2.34,0.15,4.53,-1.78,-3.33,-1.35,-3.24,1.29,-0.71,2.04,7.25,,0.19,-3,-1.35,-1.26,-3.63,0.01,-1,0.01,1.98,-4.15,-9,-3.9,,-4.7,-1,0.2,-3.5,4.9,-0.44,-3.2,,8.45,,-6,-3.18,-12,-3.8,2,-7.6,-1.73,-10.2,,-3.5,-21.6,0.01,8.19,-1.51,-6.9,8,5.12,52,46,5,-6,98
Temple,SMU,12.5,12.73,9.38,13.19,16.59,10.02,7.7,14.02,9.08,6,5.5,10,14.78,10,13.34,7.02,16.57,1.86,11.78,3.46,12.35,12.71,12.5,11.99,7.11,3.36,,16.56,18,12.3,9.74,11.52,21,12.5,16,8.5,15.97,25,8.8,,12.3,12,11.9,12.5,13.9,14.27,-2.4,,5.66,,17,17.86,12,10.9,17,11.5,12.57,14,,12.5,14.1,20.5,8.92,17.78,14.8,7,4.71,20,45,5,25,65
Texas Tech,Kansas,27.5,22.16,17.62,20.79,20.64,16.78,23.96,26.54,22.09,20,22.38,21,30.72,28.5,22.2,28.84,29.57,13.67,25.01,30.64,32.65,28.82,22.25,28.34,20.64,10.25,,26.15,37,24.2,21.92,22.18,30,28.5,27,25.01,22.07,34,24.2,,24.5,24,13.9,27.5,30,31.84,26.2,,38.04,,23,24.37,34,23.6,30,23.1,26.17,23.1,,28.5,23.9,20.5,35.85,24.46,29.8,18,5.66,19,55,5,36,74
UCLA,Arizona,12.5,15.36,13.33,10.33,10.09,11.31,13.28,6.02,15.19,12,5.81,10,21.69,11,15.39,23.2,8.89,5.69,12.72,14.74,14.25,10.77,21.04,12.11,10,9.05,,11.12,25,12,15.22,12.92,13,10,10,15.22,7.92,13,9.4,,12.9,12,10.2,12.5,11.7,24.84,24.2,,17.09,,11,10.5,20,8.8,12,12,12.17,6,,13.5,9.2,10.5,10.15,13.05,16.2,1,4.60,24,45,5,21,69
UNLV,Fresno St.,9,1.48,3.46,-0.14,4.32,12.24,2.79,3.38,-0.51,7,9.25,5,8.3,-1.5,1.83,4.89,-0.91,-3.53,3.45,-5.54,-0.15,4.55,3.86,8.93,3.58,4.12,,3.2,2,3.7,-0.32,6.12,5,7,1,1.64,5.21,7.5,9.6,,4.7,3,9.7,8,-8.3,0.62,-7.9,,6.52,,2,7.01,7,9.2,6,10.8,5.97,3.7,,10.5,2.8,5.5,-4.14,4.95,7.8,3,4.45,20,45,5,25,65
USC,Arizona St.,9.5,6.49,-0.28,6.64,4.85,-11.6,-3.42,6.89,3.07,4,-0.75,1,5.23,-2.5,7,0.53,11.56,-7.63,4.81,1.59,5.85,9.54,-1.75,-0.79,1.12,-0.8,,6.88,1,6,3.69,7.72,10,8,4,-1.99,12.85,8.5,6.8,,7.5,8,3.8,8.5,5.3,9.96,10.1,,9.34,,10,10.81,6,8.3,11,14.4,6.17,6.3,,10.5,-0.8,5,-1.93,7.97,12.7,-21,5.26,20,41,5,21,61
Vanderbilt,Florida,-10,-12.68,-3.19,-9.25,-11.06,-17.33,-9.69,-5.42,-10.85,1,-4.81,-12,-6.6,-8.5,-13.02,-9.99,-14.75,-8.71,-9.41,-4.46,-7.95,-9.64,-20.57,-13.6,-4.89,-9.96,,-10.19,-11,-9.25,-10.85,-9.25,-5,-9.5,-8,-11.52,-3.03,-6,-7.4,,-4.9,-8,-14.8,-10,-2.5,-29.51,-10.5,,-8.22,,-8,-7.06,-14,-7.7,-6,-10.3,-8.34,-5,,-10,-11.9,-16.5,-6.71,-13.3,-12.4,-12,4.64,13,6,5,-7,19
Washington,Stanford,3.5,-4.15,0.98,-6.96,3.79,-0.24,-7.93,-0.79,-4.92,1,-4.5,-1,-8.11,-6.5,-4.05,-1.91,-1.93,-6.4,-2.55,-4.4,-5.65,1.61,-3.46,-1.35,-3.09,0.5,,1,-18,-1.91,-4.75,3.74,-2,3.5,2,-0.11,-0.19,-2,1.7,,-0.4,-5,0.2,2,-6.8,-6.11,-10.7,,-1.37,,-2,2.38,1,0.7,5,0.7,-0.63,-4.4,,3,-6.6,-1.5,-5.98,-3.95,0.01,7,4.13,6,44,5,38,50
Washington St.,Oregon,-1.5,1.75,-2.57,-2.4,-1.1,5.05,9.59,3.15,-2.09,-1,3,1,9.59,-8.5,2.54,-2.66,-2.85,-0.99,-0.09,-2.52,3.45,1.38,-1.75,-2.04,1.84,-2.51,,6.26,-14,-0.5,-2.04,2.62,-1,-1,3,0.01,6.68,5,0.01,,0.8,-1,-1.9,-1.5,2.2,1.7,-0.5,,1.06,,5,2.95,-3,-0.6,7,-15.1,-4.03,-2.7,,-1,-8.7,-0.5,5.17,1.61,-4.5,1,4.74,33,51,5,18,84
West Va.,Kansas St.,3.5,1.46,7.7,9.59,5.65,4.35,2.06,7.09,6.4,1,3,6,-0.51,6.5,0.5,5.71,7.5,5.43,5.52,5.52,4.35,3.27,8.32,4.57,7.01,4.3,,4.74,16,5.52,6.12,6.95,4,3.5,6,8.47,3.29,19,2.9,,0.6,5,-0.8,3.5,6.3,-1.31,22.8,,11.27,,8,10.54,-3,3.4,12,10,6.17,1.3,,3.5,-1.9,11,4.01,8.97,1.8,-4,4.51,16,17,5,1,33
Akron,Miami (Ohio),10,11.74,24.6,13.01,20.42,11.01,12.95,7.1,18.41,22,2.38,22,15.02,24,10.62,23.63,13.13,18.5,12.2,12.65,10.05,11.19,3.46,17.66,18.5,4.13,,18.22,3,11.68,17.76,7.04,13,7.5,11,18.67,8.99,5,4.3,,13,12,9.2,10,10.9,4.06,-3.8,,9.79,,11,,11,4.5,11,8.3,11.62,6.9,,7.5,7.8,13,13.94,12.01,8.7,19,5.97,13,35,6,22,48
Arizona St.,UCLA,-9.5,-6.59,2.59,-0.27,-2.83,2.41,-7.76,-6.03,-4.16,1,5.81,-3,-3.17,1.5,-6.98,2.29,-3.63,-3.63,-3.67,-4.49,-6.05,-5.02,-2.68,2.05,1.1,3.34,,-0.87,-10,-3.82,-4.47,-5.94,-2,-7,-2,-0.87,-6.38,-3.5,-3.6,,-5.1,-3,-1.7,-8,-4.2,-8.57,-14.2,,-7.26,,-5,,-8,-2.7,-4,-11.1,-1.68,-6.4,,-10,-12.6,-5.5,3.24,-7.39,-7.9,3,4.22,20,23,6,3,43
Arkansas,Alabama,-14,-17.87,-6.54,-17.2,-18.83,-17.98,-16.65,-19.75,-15.75,-6,-2,-14,-20.04,-20.5,-18.23,-10.75,-18.1,-8.17,-14.65,-14.55,-18.15,-16.29,-5.82,-15.6,-5.49,-6,,-8.57,-25,-15.65,-15.7,-14.59,-14,-14,-15,-4.48,-16.56,-10,-18.1,,-17.7,-16,-12.3,-14,-15.1,-22.6,-14.6,,-18.13,,-17,,-27,-15.7,-9,-9.9,-14.57,-11.3,,-14,-15.3,-6.5,-11.06,-21.37,-13,-10,5.26,49,30,6,-19,79
Arkansas St.,Georgia Southern,-7.5,-6.27,-21.33,-7.7,-4,-29.96,-8.88,-4.61,-9.84,-18,-9.81,-17,-7.92,-10.5,-5.71,-11.56,-0.93,-19.02,-8.96,-15.59,-8.55,-8.04,-17.11,-11.77,-3.28,-1.65,,-2.94,-15,-8.3,-9.1,-4.98,-6,-7,-6,-18.63,-10.8,,-1.8,,-9.4,-10,1.2,-7.5,-9.1,-7.67,-5.6,,-7.87,,-8,,-10,-1,-6,-12.5,-5.18,-9.4,,-7.5,-13.4,1.5,-13.64,-10.53,-4.6,-30,5.89,26,27,6,1,53
Boston College,Clemson,-17,-19.99,-19.08,-21.43,-15.68,-17.31,-15.86,-18.26,-22.49,-12,-8.88,-17,-21.64,-21,-19.65,-21.61,-21.83,-9.59,-20.56,-21.19,-24.75,-18.12,-32.71,-26.54,-20.06,-21.81,,-26.31,-39,-20.06,-22.04,-20.68,-17,-17,-23,-19.05,-17.8,-18,-19.5,,-19.7,-18,-12.6,-17.5,-19.2,-20.39,-29.8,,-22.11,,-17,,-37,-20.4,-28,-17.5,-20.07,-18.6,,-17,-23.9,-16,-26.81,-23.17,-17.5,-16,5.39,56,10,6,-46,66
Buffalo,Kent,-1.5,0.91,3.47,1.04,4.15,-2.87,-8.84,-0.44,4.01,2,-0.44,-2,1.15,4,0.32,15.96,9.83,1.98,0.47,-0.01,-4.15,-1.51,3.18,-0.41,4.22,4.4,,1.55,-6,-0.19,4.15,-1.72,6,0,-2,2.37,-0.51,10.5,-2.4,,-1.7,-3,3,-1.5,-4.6,-2.75,-0.2,,-4.3,,-4,,4,-3.3,-4,-3.9,-0.17,4.5,,-1.5,10.4,7.5,-4.18,-3.88,-4.2,-2,4.53,44,20,6,-24,64
Central Mich.,Ball St.,12.5,8.43,12.21,9.58,14.83,8.93,10.89,8,9.35,7,10.5,10,12.68,9.5,8.25,21.5,11.35,3.57,11.27,9.08,8.85,11.73,17.64,14.61,14.23,6.02,,15.14,7,11.17,9.4,11.67,15,12.5,12,12.44,11.47,6,16.1,,10.4,12,15.6,12.5,4.1,16.5,22.7,,8.88,,12,,11,16,13,12.8,10.42,6.1,,12.5,1.3,16,12.04,13.76,10.6,5,3.96,21,24,6,3,45
Colorado St.,Utah St.,-6,-7.02,2.27,-5.59,-1.15,-3.44,-6.09,-8.61,-5.66,-4,-2.63,-1,-5.79,-1,-7.29,-3.81,-5.14,-2.17,-5.28,-5.89,-10.35,-5.74,-4.46,-5.51,-2.65,3.17,,-5.5,-5,-5.45,-5.41,-5.33,-6,-5.5,-7,-2.28,-4.43,-5,-6.4,,-6.9,-4,-6.8,-6,-9.5,-9.82,-17.4,,-5.13,,-5,,-9,-6.8,-3,-3.7,-2.48,-6.8,,-6,-8.8,-2,-4.62,-9.59,-5,-2,3.26,24,31,6,7,55
Connecticut,Cincinnati,-3,-2.01,-0.01,-2.34,0.51,-5.01,0.4,2.96,-3.55,9,0.5,-2,3.97,-5,-1.73,-2.57,2.32,-6.18,-0.62,-1.98,2.05,-1.36,-8.71,-7.26,-6.94,2.13,,-3.93,1,-0.88,-3.48,-1.55,2,-2.5,-2,-2.93,1.79,2,0.7,,0.3,0.01,-1.4,-3,2.3,3.08,3.2,,1.34,,-1,,-1,1.2,4,-5.6,-1.77,2.3,,-3,5.2,-3,0.22,-0.76,-6.2,-4,3.29,9,20,6,11,29
Duke,Army,6,1.18,-4.08,6.32,3.36,-10.33,-7.02,0.48,0.15,1,6.75,0.25,-4.01,8.5,1.28,5.63,5.49,-6.68,2.6,-2.91,11.25,-1.17,6,0.29,4.14,-0.39,,6.42,-6,3.03,0.94,3.07,10,5,13,-2.29,6.79,11,5.4,,1.6,3,1.7,5.5,3.8,-4.68,5.3,,3.66,,9,,-6,9.8,8,3.5,6.23,0.9,,4,-6.2,13,13.16,3.75,2.6,-11,5.55,6,13,6,7,19
Eastern Mich.,Toledo,-19.5,-22.98,1.85,-20.82,-24.3,-9.3,-21.8,-23.48,-16.57,-10,-22.94,-2,-29.53,-11,-24.17,2.77,-28.46,0.33,-18.76,-18.56,-30.95,-21.05,-21.79,-23.82,-4.87,-1.28,,-14.33,-24,-20.76,-17.09,-17.47,-25,-16.5,-21,-9.46,-16.3,-23.5,-20.7,,-18.9,-20,-15.4,-19.5,-23.6,-33.03,-26.6,,-19.63,,-26,,-33,-20.6,-24,-12.5,-18.07,-22.2,,-17,-28.1,-18.5,-22.06,-30.05,-14,-5,8.71,35,20,6,-15,55
Florida Atlantic,Charlotte,13.5,14.3,4.3,13.29,16.93,4.69,11.46,16.52,14.93,17,16.75,3,63.18,9,14.17,66.24,18.27,9.77,15.46,14.85,18.65,13.16,-0.07,20.32,5.96,4.34,,14.25,17,14.25,15.13,11.8,20,15,16,5.8,8.62,,14.8,,11.8,13,11.8,13.5,15,7.25,10.6,,18.84,,12,,15,23.5,15,14.3,11.42,,,13.5,28.6,8,18.06,12.29,14.2,2,11.21,28,23,6,-5,51
Georgia St.,Texas St.,10,8.77,-1.5,3.35,11.04,-2.72,3.46,9.65,2.03,11,5.19,-3,13.22,-4.5,9.95,-11.25,1.53,-11.5,7.03,-3.25,11.45,7.6,8.36,3.39,-3.74,2.47,,0.11,15,8,2.68,10.41,11,8.5,8,-1.79,23.24,,15,,12.9,8,17.6,10,7.9,9.87,7.8,,15.66,,12,,7,14.1,17,19.6,6.43,13.8,,10.5,11.6,13.5,4.15,8.61,8.6,-9,7.40,21,41,6,20,62
Illinois,Purdue,9.5,12.62,9.71,8.84,7.95,10.07,17.74,8.26,8.05,13,2.69,6,24.38,7,13.43,8.18,8.6,-2.35,9.8,4.35,17.15,8.91,5.21,7.55,7.24,1.73,,10.06,8,8.4,8.3,8.51,15,7.5,8,6.48,5.59,7,7.3,,12.3,5,8.5,9.5,11.6,16.96,25.9,,13.4,,7,,15,7.1,11,6.9,7.43,7.3,,10.5,12.6,6,10.53,19.62,8.1,3,5.09,34,31,6,-3,65
Kansas,TCU,-28.5,-26.28,-7.02,-26.22,-22.13,-15.78,-21.43,-28.21,-25.73,-11,-23.56,-15,-20.29,-24,-26.38,-17.93,-33.29,-17.26,-25.15,-24.38,-35.95,-27.69,-23.54,-35.29,-18.65,-10.85,,-27.64,-30,-25.95,-25.79,-22.71,-31,-29,-30,-22.58,-24.15,-32,-29.5,,-21.9,-24,-21.6,-28,-33.3,-33.52,-26.5,,-26.75,,-25,,-31,-26.9,-32,-26.1,-21.58,-24.1,,-28.5,-27,-25,-38.27,-29.33,-30,-17,6.32,24,23,6,-1,47
Kansas St.,Texas Tech,10.5,5.62,1.9,3.68,0.59,8.93,9.61,5.65,3.46,13,6.44,7,10.77,6,6.11,13.41,6.55,3.8,5.69,7.34,3.95,6.77,6.75,6.08,0.01,2.5,,1.76,8,5.2,3.49,2.9,9,9,2,3.05,2.18,-5,4.5,,6.6,4,6.7,9.5,6.8,5.91,4.8,,13.83,,5,,17,2.7,3,12.6,0.63,5.1,,7.5,12.1,-4.5,3.72,5.29,4.6,-5,3.95,38,44,6,6,82
Kentucky,Vanderbilt,3.5,0.81,3.84,0.13,-5.53,-4.37,-1.36,-0.66,2.43,2,5.19,5,0.78,1.5,0.51,9.43,1.19,2.5,1.33,0.25,-1.35,-0.17,0.18,-0.01,2.86,1.15,,2.41,-9,1.08,2.52,-1.66,1,1.5,2,2.4,1.38,0.5,-2.9,,-4,1,2.9,3,2,4.74,15.2,,0.01,,2,,-1,-3.1,4,8.1,1.32,0.5,,3,4.3,6.5,0.63,-0.59,0.3,-2,3.73,13,20,6,7,33
Louisiana Tech,Western Kentucky,-2.5,0.01,1.75,-1.73,-1.04,2.83,0.54,-0.01,-1.86,2,1.13,-7,3.37,-0.5,0.45,5.63,0.21,3.95,-0.6,6.13,-1.45,-1,-4.04,0.01,-0.23,-4.03,,1.69,-3,-0.63,-1.82,1.19,0.01,-2.5,-1,-0.95,-8.15,,-7.9,,-3.2,-1,-1.2,-2.5,-3,0.43,14.7,,-3.5,,1,,1,-7.9,1,-3.4,-0.77,-1.2,,-2.5,3.6,-6,-2.98,-0.5,-5.7,-5,3.81,52,55,6,3,107
Louisiana-Monroe,Idaho,3.5,2.51,3.79,2.81,-3.25,3.52,5.99,3.42,-0.86,4,6.75,0.25,10.66,3.5,3.14,-2.71,-1.82,3.12,2.93,11.88,3.65,2.75,4.11,4.77,0.45,4.28,,0.93,11,3.13,-0.8,3.59,6,4,-4,1.55,-2.97,5,-4.8,,5.6,5,-4.9,3.5,5.5,7.32,11.2,,1.85,,7,,6,-4,2,2.7,4.92,1.6,,4.5,0.9,2,4.1,5.16,2.7,-3,3.94,34,31,6,-3,65
Memphis,Temple,10,11.48,11.92,9.12,7.36,6.67,9.09,11.76,9.71,19,14.56,8,10.65,9.5,11.93,12.63,21.26,7.35,11.11,15.55,17.35,9.45,18.93,16.43,9.47,7.51,,8.22,10,9.61,9.39,9.1,12,9.5,5,13.39,13.81,1.5,6.9,,13.4,9,4.6,10,4.2,19.36,6.5,,17.73,,10,,27,9.1,17,12.8,7.73,7.1,,10,8.8,1.5,10.27,18.92,8.1,8,4.79,27,34,6,7,61
Miami (Fla.),Florida St.,3,1.33,15.63,-3.03,1.75,13.28,0.89,3.81,1.83,18,1.44,13,6.01,4,1.3,13.9,1.11,7.62,4.22,11.07,4.55,2.68,3.89,1.12,3.43,8.5,,3.11,1,3.08,1.3,-1.79,4,2,2,6.48,-4.2,-4.5,5,,6.2,3,3.9,3,6,2.81,-7.6,,3.04,,-1,,11,4.1,5,9.4,-1.38,4.5,,3,19.5,0.01,1.03,2.4,0.3,17,5.48,20,19,6,-1,39
Michigan St.,BYU,4.5,1,0.89,5.14,14.03,2.98,-3.9,-3.17,4.27,1,3,2,-2.09,6.5,0.39,-3.58,6.05,-1.26,2.01,-4.75,-4.75,2.4,3.11,1.16,4.49,9.06,,7.56,3,2.2,4.46,0.01,2,4,4,1.52,2.41,-0.5,2.4,,0.8,2,9,4.5,-1.7,1.49,3.9,,3.19,,2,,-2,3.7,-1,6.6,6.23,-5.2,,6,-12.5,8,6.27,-3.29,3.6,1,4.45,31,14,6,-17,45
Minnesota,Iowa,2,-7.42,11.78,-5.15,-5.88,1.54,-3.77,-4.67,-4.21,6,-0.44,6,-2.38,3,-7.95,10.19,-9.77,4.5,-2.08,-0.57,-3.25,-0.36,-3.61,-3.54,0.95,2.2,,-7.24,-7,-3.13,-4.7,-4.79,0.01,-2,0.01,2.69,-10.76,-2,-5,,-1.7,-3,-3.6,1.5,0.01,3.35,-0.1,,-6.77,,-4,,-8,-5.4,1,-3,-0.27,-3.7,,-1,-4.7,-5.5,-1.16,-8.03,1.7,4,4.73,14,7,6,-7,21
Mississippi St.,Auburn,-3,-7.21,-4.71,-0.82,-2.51,-9.76,-7.67,-7.81,-5.31,1,-3.88,-5,-7.64,-1.5,-7.6,-9.66,-2.65,-5.3,-4.71,-4.3,-11.85,-4.44,-10.96,-7.72,-6.21,-2.48,,-10.67,-6,-4.86,-5.24,-5.91,1,-2,-8,-6.61,-0.91,5,-1.7,,-5.2,-1,-1.4,-3,-2.9,-11.17,-9.5,,-6.26,,-7,,-17,-0.8,-4,-2.6,-0.27,0.9,,-2.5,-3.1,6.5,-1.65,-9.99,1.2,-7,4.14,38,14,6,-24,52
NC St.,Notre Dame,3,1.79,17.46,0.18,1.14,15.68,9.54,0.92,4.31,14,-2.31,12,12.21,3.5,1.35,11.07,-3,9.95,3.96,12.08,4.65,0.75,7,1.97,1.57,-2.71,,-6.54,-4,1.99,3.83,2.42,0.01,-1.5,0.01,13.93,2.16,-11,-1,,1.5,1,-0.9,3,3.3,17.37,5.4,,4.39,,-1,,14,-2,2,3.4,-0.38,3.5,,2.5,13.5,-4,1.65,5.84,-1.7,14,6.07,3,10,6,7,13
Navy,Houston,-17.5,-16.27,-9.45,-10.5,-15.86,-15.01,-14.89,-21.23,-14.05,-9,-22.94,-13,-17.64,-9.5,-16.73,-12.55,-12.77,-9.89,-15.15,-22.36,-22.55,-18.4,-15.68,-17.38,-7.62,-11,,-14.76,-19,-14.85,-13.68,-14.29,-13,-17.5,-20,-10.88,-11.81,5.5,-20.4,,-14.8,-13,-15.3,-17.5,-20.4,-25.18,-21.8,,-18.96,,-9,,-28,-17.5,-17,-9.4,-9.58,-11.3,,-17,-20.1,0.01,-16.35,-16.98,-14,-16,5.13,40,46,6,6,86
Nevada,Fresno St.,8,4.84,3.73,9.09,7.59,13.97,0.85,9.29,6.64,3,11.13,4,5.62,7.5,4.51,22.85,7.34,8.15,6.99,0.96,5.55,8.61,-6.5,13.13,5.56,5.48,,8.27,-4,7.17,6.65,7.78,9,10,10,6.28,13.25,18.5,11.9,,4.7,6,9.1,8,2.4,-1.58,-4.3,,5.1,,4,,7,10.3,13,7,7.13,7.2,,9.5,7.3,9.5,9.42,4.76,7.6,2,4.46,22,27,6,5,49
New Mexico,Boise St.,-18.5,-20.46,-15.84,-13.52,-7.1,-14.3,-19.9,-18.71,-22.94,-15,-14.81,-19,-19.25,-21.5,-20.04,-23.73,-23.16,-16.79,-17.09,-16.35,-16.55,-17.73,-35.25,-17.51,-12.49,-11.42,,-17.63,-23,-16.9,-22.77,-15.33,-17,-17.5,-15,-24.53,-6.64,-18.5,-13.4,,-17.1,-21,-11,-18.5,-16.4,-16.43,-21.7,,-23.27,,-18,,-26,-12.6,-15,-19.2,-16.07,-12.4,,-17,-15,-8.5,-13.84,-20.34,-18,-12,4.36,49,21,6,-28,70
North Carolina,Virginia Tech,0,1.32,2.38,5.37,6.07,-4.83,0.82,-1.52,4.31,1,3,5,3.05,9.5,0.71,6.62,3.36,-0.85,3.39,2,-3.25,3.39,6.5,9.18,11.6,12.1,,10.88,6,3.55,4.28,5.36,6,3.5,7,4.07,7.05,11.5,3.7,,0.5,2,-1.7,0.5,1.8,-9.65,2.1,,1.07,,-2,,-1,4.5,7,-6.8,6.32,6.2,,1.5,4.2,13,9.5,-1.5,0.7,-4,4.61,34,3,6,-31,37
North Texas,Marshall,-10.5,-10.9,1.71,-13.81,-17.65,2.61,-3.28,-5.33,-7.52,2,-3.25,-6,-5.82,-9.5,-11.48,1.97,-12.69,-0.18,-8.21,2.37,-10.35,-13.71,8.57,-9.72,-9.68,3.31,,-14.37,2,-9.59,-8.1,-10.67,-15,-10.5,-10,-2.62,-18.28,-18,-13.2,,-10.7,-14,-11.6,-10.5,-5.7,-7.89,-15.2,,-8.82,,-15,,-1,-11.7,-19,-0.01,-11.08,-8,,-10,-2.8,-13.5,-6.77,-14.07,-9,-3,6.09,21,38,6,17,59
Ohio,Bowling Green,11,16.19,19.02,4.27,6.17,31.96,19.67,13.43,12.56,25,23.63,16,32.28,12.5,16.93,6.85,9.34,12.51,14.75,17.06,22.75,16.52,7.93,10.58,4.12,10.72,,10.38,23,14.12,12.16,18.14,9,15,15,14.81,9,-1.5,10.7,,17.6,13,17.7,11,16,31.62,20.1,,18.72,,10,,25,9.3,16,5.4,6.52,11.6,,12,25.8,-3.5,8.09,21.7,9.6,24,7.54,24,30,6,6,54
Ohio St.,Indiana,28,34.94,26.5,28.79,34.31,36.15,32.09,33.49,31.15,29,29.25,22,50.42,32,35.73,41.64,36,15.63,33.07,38.51,47.05,35.87,32.07,38.32,12.76,23.83,,30.6,38,32.05,31.07,31.79,39,30.5,26,21,27.63,22.5,29.9,,36.8,29,23.4,28.5,34.8,51.36,37.9,,34.86,,32,,54,27.7,41,27.8,27.92,32.7,,28.5,48.3,19,37.62,45.27,29.2,22,8.52,17,38,6,21,55
Oklahoma St.,Iowa St.,16.5,16.42,24.44,11.61,16.51,16.85,13.06,13.41,18.46,19,11.13,24,20.37,25,16.02,23.35,15.26,14.29,17.27,11.53,11.15,16.76,28.18,17.42,16.89,14.1,,20.78,31,16.87,18.47,21.04,16,17,15,21.97,26.75,10,20.8,,18.3,19,21.2,16.5,9.7,17.15,14.7,,16.1,,12,,22,20,16,18.5,18.42,11.4,,17,10.2,18,13.63,14.35,17.2,20,4.52,31,38,6,7,69
Old Dominion,Massachusetts,8.5,3.43,14.4,1.52,12.03,15.61,2.59,5.57,5.05,15,-0.75,14,10.88,15,3.18,6.03,-2.76,2.9,7.37,13.53,4.95,7.43,-2.04,4.53,7.04,3.69,,8.67,3,7.02,4.59,10.25,7,7,9,10.72,19.02,,9.1,,11.6,11,6.5,8.5,12.2,16.53,-4.7,,8.92,,4,,10,10,13,2.5,6.13,1.5,,8,-2,9,12.76,1.54,4.8,12,5.34,16,36,6,20,52
Oregon,Washington,-10,-12.45,-15.39,-3.94,-11.22,-18,-9.4,-15.94,-15.07,-5,-7,-21,-12.45,-12,-12.08,-22.35,-7.36,-11.77,-10.88,-14.41,-16.45,-8.63,-17.79,-13.54,-9.38,-13.5,,-11.31,-4,-11.54,-14.21,-10.75,-7,-8,-13,-14.47,-9.31,-5,-13.1,,-9.9,-6,-6.4,-10,-13.3,-5.84,1.4,,-6.41,,-11,,-19,-12.4,-14,-7.4,-4.27,-10.3,,-9,-24.7,5.5,-11.77,-15.11,-5.5,-22,5.55,70,21,6,-49,91
Oregon St.,California,-14,-8.65,-5.9,-10.22,-6.86,-9.36,-5.87,-12.76,-9.47,-1,-15.13,-9,-7.65,-12,-8.53,-7.62,-15.37,-11.27,-11.09,-10.35,-19.65,-11.35,-23.96,-13.53,-13.18,-7.04,,-14.92,-12,-10.28,-9.13,-11.21,-15,-13,-15,-14.85,-15.23,-22.5,-8.5,,-7.1,-9,-5.1,-14,-16.6,-14.38,-13.5,,-5.92,,-9,,-16,-8.6,-18,-4.9,-10.07,-6.3,,-13.5,-9.2,-14,-23.43,-14.43,-13.5,-18,4.21,44,47,6,3,91
Penn St.,Maryland,-1.5,1.61,-4.85,2.9,0.75,-12.27,-1.64,2.04,2.41,-7,-0.13,-1,0.24,3.5,1.44,0.58,1.79,-5.48,0.15,-4.86,-3.15,-0.77,-0.93,3.76,7.56,1.44,,10.29,-6,1,2.69,2.28,1,2,6,-2.48,10.54,10,2.1,,-2.6,2,-0.01,-1.5,3,-8.79,4.32,,-2.6,,1,,1,1.3,5,-10.1,1.13,-1.8,,-1.5,-10.7,9,2.65,-0.79,-3.4,-15,4.84,14,38,6,24,52
Pittsburgh,Georgia Tech,6.5,4,0.48,4.75,6.63,8.39,0.01,0.28,3.11,1,1.75,3,5.79,4.5,4.15,-0.14,3.08,-2.21,4.26,-0.23,5.05,5.24,5.75,2.87,6.4,4.87,,10.51,4,4,3.18,9.28,3,8,6,1.3,17.78,6,8.8,,2.9,4,9.1,6,5.8,0.01,4.3,,2.03,,2,,3,8.4,9,0.4,6.03,1.6,,6.5,-2.8,12,6.83,0.69,4.6,-1,3.75,34,37,6,3,71
Rutgers,Michigan,-30.5,-31.5,-23.31,-21.87,-32.28,-37.25,-34.43,-24.99,-29.22,-21,-21.06,-26,-36.68,-23,-31.95,-32.61,-26.54,-20.22,-27.78,-26.99,-31.05,-28.36,-41.21,-33.04,-17.55,-21.13,,-25.99,-44,-26.63,-29.08,-27.34,-25,-25.5,-27,-26.04,-22.71,-24,-27.8,,-29,-26,-25.8,-30,-25.6,-44.67,-27.5,,-33.39,,-27,,-40,-25.9,-24,-24.7,-21.57,-19.4,,-28,-23.9,-23,-26.72,-39.04,-28.5,-34,6.01,78,0,6,-78,78
San Diego St.,UNLV,16,13.91,12.22,20.47,19.6,12.43,7.85,16.58,15.4,11,16.44,13,15.53,21,13.64,30.14,19.5,13,16.09,12.72,12.05,15.69,24.61,16.28,16,9.34,,19.14,25,15.61,15.42,13.01,23,14.5,18,20.85,20.1,29.5,17.7,,13.7,15,8.7,16,16.6,11.38,14.5,,16.29,,16,,14,15.5,19,16.4,18.93,10.9,,16,6.9,22,26.93,13.35,14.2,8,4.61,7,26,6,19,33
San Jose St.,Hawaii,3,2.64,-5.37,8.29,6.44,2.62,-4.34,-1.9,1.18,-2,12.38,-2,2.61,1,2.82,-9.36,6.1,-9.41,3.27,1.42,3.25,1.46,5.71,10.49,2.32,3.82,,6.98,-3,2.73,1.88,9.4,9,4,8,-1.74,11.4,14,12,,5.7,3,12.5,3,4.1,2.55,-1.8,,0.01,,8,,-3,10.8,10,-2.5,6.43,5,,3,-2.6,9,4.21,0.81,1.1,-2,5.41,34,17,6,-17,51
South Carolina,Georgia,-6.5,-2.73,0.93,-5.29,-12.57,-5.81,0.01,-4.85,-8.24,1,-3.88,-5,4.24,-5.5,-1.82,-5.41,-8.76,-5.11,-4.98,-4.3,3.05,-6.29,-17.11,-6.04,-7.95,-3.65,,-12.49,-11,-5.35,-8.1,-3.55,-3,-7,-10,-7.92,-11.47,-9,-6.9,,-1.2,-6,-7.1,-6.5,-0.9,-2.68,-7.6,,-8.84,,-4,,-8,-7,-3,-3,-5.47,1.1,,-7,3.9,-9,-8.13,-1.84,-6.5,-3,3.93,28,14,6,-14,42
South Florida,East Carolina,15.5,16.54,14.8,14.48,15.78,18.55,15.25,23.04,16.98,18,16.75,18,24.2,15.5,16.54,19.16,15.25,11.32,17.74,19.16,23.95,20.22,25.29,14.99,13.39,12.65,,17.75,18,17.88,16.5,21.77,18,20,27,21.46,22.84,17,24.6,,17.6,19,18.6,15.5,26,3.75,3,,19.88,,10,,24,23.6,28,18.4,16.72,10.9,,20,10.3,15,24.79,17.62,18.2,16,5.14,22,38,6,16,60
Stanford,Washington St.,6.5,11.09,17.61,14.3,9.52,-4.16,6.55,6.71,16.22,9,3.63,14,5.35,20,10.13,26.89,8.52,8.4,9.37,11.7,7.05,4.99,16.68,16.64,13.08,17.28,,7.28,16,9,16.14,7.44,14,9.5,7,13.67,6.57,14,10.2,,10.2,12,7,6.5,3.7,-10.18,-2.7,,6.15,,9,,7,11.2,5,3.2,12.12,9.4,,7,10,6,7.79,5.36,7.7,-4,6.04,42,16,6,-26,58
Texas,Oklahoma,-13.5,-14.19,-10.19,-12.23,-4.78,-7.83,-16.22,-12.6,-15.37,-12,-5.63,-10,-19.88,-14,-13.95,-17.97,-16.78,-8.82,-13.06,-17.35,-17.9,-10.3,-20.39,-14.43,-6.2,-4.5,,-6.37,-12,-12.9,-15.51,-10.02,-14,-10.5,-10,-14.76,-12.68,-23,-11.3,,-12.8,-11,-6.1,-13.5,-10.6,-15.49,0.5,,-18.83,,-16,,-27,-10.3,-13,-21.8,-14.5,-18.6,,-10,-24.4,-14.5,-15.52,-19.94,-7.5,-5,5.16,45,40,6,-5,85
Texas A&M,Tennessee,6.5,7.57,7.64,3.95,1.39,11.28,7.35,4.85,4.44,8,5.81,3,17.45,6.5,8.02,12.15,4.11,3.09,6.25,9.48,12.55,4.32,3.64,6.11,1.02,5,,4.71,16,5.69,4.37,6.69,9,5,2,4.15,-1.82,-6,-2.5,,8.2,3,-0.6,6.5,6.3,13.62,22.6,,5.56,,3,,9,-2.5,6,8.2,2.83,7.5,,7,14.7,1.5,2.45,7.5,4.6,6,4.90,38,45,6,7,83
Texas-San Antonio,Southern Miss.,-17,-16.21,-13.34,-15.04,-18.91,-11.16,-15.32,-14.44,-18.32,-6,-17.94,-14,-15.32,-13,-15.88,-17.2,-18.1,-17.22,-15.74,-14.73,-15.25,-13.26,-7.18,-22.38,-13.89,-3.6,,-12.94,-2,-16.1,-17.9,-13.12,-17,-15.5,-18,-18.78,-15.97,,-11.2,,-14.6,-16,-5.9,-17,-19.7,-23.35,-18.6,,-12.05,,-19,,-21,-12.9,-20,-22,-16.58,-17.3,,-16.5,-22.6,-16.5,-19.36,-21.25,-17.5,-17,4.45,32,55,6,23,87
Tulsa,SMU,15,15.13,17.5,12.28,10.73,12.85,15.92,19.02,14.01,19,14.88,14,25,14,15.35,20.52,10.53,13.83,14.87,18.23,19.35,17.01,17.71,19.16,11.08,5.26,,12.2,2,15.08,13.85,14.21,17,15.5,15,18.43,16.2,15,10.7,,15.2,14,14.6,15,16.3,25.03,-4.8,,15.03,,16,,18,12,18,14.1,11.82,16.1,,17,22.5,10.5,15.24,19.67,17.2,16,4.94,40,43,6,3,83
USC,Colorado,6,3.35,-3.14,11.84,1.99,-14.76,-2.67,4.33,5.88,-4,-4.5,-2,-5.65,6.5,2.78,1.49,11.71,-4.45,2.35,2.27,4.65,1.7,4.18,4.31,5.3,-2.3,,7.55,4,3.05,6.32,3.44,8,6.5,5,-1.06,7.69,19,-0.2,,1.4,6,3.1,5.5,5.3,-6.39,-6.3,,-0.72,,5,,-2,2.9,6,3,7.62,4.4,,4.5,-2.5,10.5,8.93,-0.55,-0.8,-12,5.33,17,21,6,4,38
UTEP,Florida Intl.,6,2.58,4,1.43,-1.57,1.04,-2.71,4.51,5.26,4,2.69,1,4.57,3.5,2.07,13.75,-0.23,0.36,2.51,7,4.05,0.55,4.64,-3.54,5.78,3.54,,8.64,1,2.82,5.25,3.39,7,5,3,2.95,2.5,-11.5,-2.6,,1.1,3,-5.5,5.5,7.5,5.8,5.9,,-2.05,,2,,5,-4.3,3,-1.6,4.12,1.2,,4.5,1.6,1,4.64,-1.64,3.4,-2,3.47,35,21,6,-14,56
Utah,Arizona,9.5,8.89,12.31,14.56,6.11,15.13,3.72,10.18,10.74,7,6.75,11,11.67,15.5,8.59,18.44,9.28,5.62,10.13,8.58,15.35,9.91,25,17.5,10.45,13.27,,11.28,14,10.34,10.5,6.4,13,10,11,15.86,10.24,15,8.3,,7.2,9,6.2,9.5,14.9,15.57,10.6,,3.52,,10,,14,9.5,14,-1.4,9.92,0.4,,10,-5.4,10.5,15.08,8.04,9.7,8,4.63,23,36,6,13,59
Wake Forest,Syracuse,4.5,5.86,16.69,3.7,4.18,14.32,9.92,4.55,8.55,16,5.5,11,13.76,10.5,5.44,11.64,4.3,8.69,7.94,13.94,7.15,2.51,17.89,10.78,8.65,7,,6.37,9,7.08,8.01,6.55,8,3,7,17.25,4.64,1.5,4.5,,7.5,7,5.5,5,10.5,10.46,-0.4,,7.95,,3,,18,3.5,5,14.8,6.02,5.7,,3,11.2,2,8.76,6.1,0.6,11,4.28,9,28,6,19,37
Western Mich.,Northern Ill.,17,25.96,36.92,18.37,16.27,37.02,30.5,27.22,26.63,25,18,32,37.75,25,25.92,32.86,20.16,19.59,25.53,28.05,31.85,22.07,42.18,29.26,25.55,14.98,,28.19,31,25.71,25.87,24.31,29,18.5,25,34.33,19.1,8,22.9,,25.1,21,19.3,18,29.9,33.03,32.1,,23.36,,19,,33,21.9,29,19.9,19.42,17.4,,19.5,28,6.5,30.03,35.68,19.2,28,6.54,30,45,6,15,75
Wyoming,Air Force,-11.5,-11.53,-7.18,-11.32,-10.49,-11.83,-11,-10.56,-13.87,-6,-11.38,-9,-5.97,-9,-11.13,-12.82,-17.27,-7.48,-11.29,-8.07,-12.15,-12.07,-22.39,-13.5,-10.03,-0.01,,-9.06,-15,-11.22,-13.96,-6.55,-11,-10.5,-8,-14.24,-6.9,-16,-14.1,,-8.6,-10,-14,-11.5,-6.8,-15.59,-18.5,,-15.01,,-11,,-14,-13.9,-11,-6,-13.08,-13.9,,-10.5,-20.1,-11,-18.44,-14.96,-7.5,-14,3.74,26,35,6,9,61
Air Force,New Mexico,14,13.21,18.04,11.74,9.72,14.18,15.68,15,15.71,20,14.38,16,16.41,20.5,12.78,20.31,15,11.49,14.31,18.17,14.1,10.94,24.9,12.48,11.49,3.15,26.13,9.72,32,14.1,15.56,7.58,11,13,9,21.36,6,10,8.7,,15.5,14,6.6,14,13.5,13.77,17.4,,19.9,,12,,18,8.8,13,12.6,14,15.4,,14,17.5,8.5,15.67,16.75,16.2,14,4.93,45,40,7,-5,85
Akron,Western Mich.,-13.5,-14.86,-11.87,-9.81,-5.09,-16.35,-8.64,-11.04,-14.74,-6,-14.19,-18,-15.88,-14.5,-14.9,-15.22,-11.94,-5.39,-13.32,-12.22,-18.45,-11.27,-22.2,-15.01,-5.64,-8.86,-11.82,-8.75,-23,-13.99,-14.62,-16.51,-15,-10,-15,-14.47,-11.6,-11,-18.8,,-14.6,-12,-12.4,-13.5,-12.2,-18.75,-25.3,,-13.4,,-9,,-19,-18.8,-16,-9.8,-12.7,-12.6,,-11,-15,-0.5,-18.73,-13.99,-11.9,-16,4.50,41,0,7,-41,41
Arizona,USC,-10,-7.72,-7.01,-4.64,-6.24,-3.93,-5.45,-9.6,-9.17,-2,-4.81,-6,-7.46,-6.5,-7.47,-10.99,-4.51,-3.88,-6.5,-6.09,-15.85,-8,-17.05,-11.46,-3.84,-2.97,-3.71,-7.2,-5,-6.5,-8.98,-5.4,-9,-7,-10,-10.39,-5.85,3,-7.5,,-4.3,-8,-6.7,-9,-12.4,-7.68,-4,,-3.87,,-7,,-8,-8.5,-6,-4.8,-9.19,1.9,,-8.5,3.8,-0.5,-13.56,-8.35,-4.3,-7,3.45,48,14,7,-34,62
Arkansas,Mississippi,-7.5,-7.36,1.27,-6.57,-9.95,-1.53,-10.82,-12.48,-4.67,-4,-5.44,1,-13.73,0.5,-7.83,1.76,-7.65,-4.1,-6.11,-9.56,-14.25,-8.01,-1.8,2.12,2.35,1,-10.5,-1.94,-19,-6.34,-4.8,-10.13,-3,-7,-6,-2.03,-1.94,-2,-3.6,,-6.9,-6,0.01,-7.5,-9.5,-10.58,-1.2,,-8.75,,-9,,-15,-1.6,-7,-8.9,-4.2,-5.2,,-7.5,-10.2,-5,-6.34,-14.37,-6.8,-3,4.88,30,34,7,4,64
Arkansas St.,South Alabama,5,2.28,-6.93,1.79,6.2,-14.23,-0.5,-0.46,0.01,-9,-2,-5,-2.83,-1,2.59,-6.78,7.14,-6.19,0.38,-6.85,-4.15,1.76,-3.9,1.57,1.3,0.01,-2.7,3.35,-15,1.3,0.88,4.76,7,6,3,-5.29,0.66,,6.9,,1.5,4,1.4,4.5,-0.9,5.07,-1.2,,4.29,,8,,-3,6.7,9,3.3,4.11,-0.7,,5,-9,15.5,6.09,-0.67,2.4,-14,5.69,7,17,7,10,24
BYU,Mississippi St.,7,6.94,9.76,3.98,5.37,13.33,8.23,11.04,6.69,11,7.69,8,9.19,9,7.05,12.7,5.37,5.94,8.62,12.23,11.05,2.89,10.75,9.11,9.79,4.47,11.21,11.59,19,8.3,6.17,7.72,9,7.5,10,12.19,12.4,2.5,4.6,,9.2,9,-0.01,7,16.9,12.97,14.7,,6.12,,6,,10,3.9,17,3.6,4.61,6.1,,7.5,8.3,7.5,8.3,7.16,7.1,6,3.77,21,28,7,7,49
Baylor,Kansas,34.5,27.88,25.82,28.93,31.58,27.56,21.46,29.21,32.93,24,25.5,27,25.68,35.5,27.05,38.89,38.66,22.48,29.88,24.25,33.15,35,35.2,45.63,28.14,22.76,25.12,33.72,35,29,32.46,29.12,36,35,35,35.12,24.48,30,31.4,,30.8,29,22.2,34,30.4,30.68,18.1,,29.9,,29,,29,28.1,36,33.2,28.31,26.1,,34.5,24,30.5,40.77,25.23,36.7,26,5.37,7,49,7,42,56
Boise St.,Colorado St.,28,25.11,21.72,23.95,23.07,25.23,21.14,24.51,25.72,24,14.88,20,28.04,22.5,25.06,24.26,24.65,15.21,24.9,21.83,27.35,31.05,35.25,30.94,15.37,18.42,25.43,24.07,37,25.06,25.31,28.1,28,27,24,28.38,22.47,11,28.1,,25.6,27,25.7,27.5,26.2,24.72,27.1,,25.38,,25,,26,26.9,29,40.5,25.81,18.6,,31,20.8,17.5,21.22,24.64,33.2,16,4.72,23,28,7,5,51
Buffalo,Ball St.,-10,-11.04,-10.91,-10.22,-6.07,-10.58,-15.06,-7.9,-8.42,-19,-9.5,-11,-15.98,-9.5,-11.61,3.77,-2.81,-9.09,-9.58,-10.47,-11.15,-8.61,12,-11.53,-1.08,0.64,-14.99,-5.01,-18,-10.22,-7.85,-10.92,-4,-8,-9,-5.93,-3.88,1,-9.4,,-12.1,-10,-3,-10,-16,-17.01,-12.3,,-12.68,,-12,,-9,-9.2,-12,-12,-12.69,-8.4,,-10.5,-13.7,6,-10.64,-16.03,-8.7,-14,4.99,31,21,7,-10,52
Central Florida,Temple,3.5,2.2,10.02,-3.95,-6.61,6.36,8.1,-2.04,3.14,15,3,4,9.82,3.5,2.1,10.99,-6.72,5.93,1.66,9.88,-1.15,3.03,3.05,-1.69,0.53,2.44,15.73,-4.67,5,2.44,2.46,2.63,-7,3,-4,7.06,-6.92,-17.5,-3.7,,3.8,1,-1.3,3.5,-4.1,11.86,8.2,,5.51,,1,,7,-3.9,-9,3.2,-1.49,-1.8,,3.5,2.3,-16,-7.86,5.98,3,1,6.39,26,25,7,-1,51
Charlotte,Florida Intl.,-4.5,-1.94,4.45,-2.11,-1.56,1.37,0.96,-5.03,-2.78,-3,-10.13,5,-3.71,-3.5,-1.77,-2.29,-7.19,1.7,-2.19,-1.29,-4.65,-2.04,6.95,-11.09,-0.25,1.77,-1.29,-0.16,-1,-1.94,-2.93,0.22,-5,-5,-5,2.49,0.01,,-5.9,,0.3,-2,-5.4,-4,-1.2,2.07,-8.9,,-3.08,,-4,,6,-6.2,-4,-6.1,0.3,-1.9,,-5.5,0.8,-1.5,-8.74,-1.13,-1.8,-1,3.55,27,26,7,-1,53
Clemson,NC St.,19,18.44,20.06,16.79,22.96,16.03,17.01,18.73,20.06,20,14.56,19,25.56,25,18.2,30.68,16.03,10.85,20.58,22.78,20.05,19.32,21.55,19.53,17.76,25.31,23,21.98,35,20,19.84,23.15,22,16,21,14.55,13.05,16,21.2,,22.2,19,16.7,19,17.5,29.3,23.4,,20.54,,20,,27,21.6,25,18.3,19.31,22.3,,17.5,23.7,17.5,20,21.19,19.7,6,4.26,17,24,7,7,41
Colorado,Arizona St.,10.5,7.14,4.68,3.97,9.69,14.56,11.42,10.06,1.44,13,2.38,6,15.74,-1.5,8.26,2.11,5.77,2.37,7.91,8.79,11.15,9.01,1.15,0.21,0.53,7.16,14.79,1.39,10,8.26,1.46,9.93,8,9,4,3.61,9.04,6.5,11.5,,11.1,6,6.7,10.5,9.3,24.78,22.6,,11.62,,9,,15,10.4,11,8.5,4.61,3.9,,13,4,0.01,1.64,13.19,14.2,2,5.46,16,40,7,24,56
East Carolina,Navy,-7.5,-8.66,-13.35,-9.1,-12.39,-9.98,-8.46,-15.8,-11.3,-8,-4.75,-15,,-18.5,-7.28,,-6.61,-7.04,-9.89,-9.25,-15.25,-7.06,-25.59,-18.64,-12.63,-10.04,-8.53,-14.94,,-9.1,-10.46,-7.6,-9,-7,-15,-17.78,-12,-8,-10.4,-8.03,-6.1,-8,-7.5,-7.5,-16.2,-4.28,0.6,-0.09,-3.53,-2.01,-3,,-8,-10.7,-9,-12.3,-4.64,-4.3,,-7.5,,-8,-18.53,-9.12,,,4.35,0,0,7,0,0
Florida,Missouri,13,12.5,11.9,13.26,11.43,16.31,10.03,12.44,14.4,12,1.44,11,9.65,12.5,12.16,15.89,8.75,9.86,11.5,11.26,10.05,9.66,22.75,13.75,17.18,16.12,9.29,18.92,13,11.9,14.13,10.73,7,13,10,17.99,8.46,8,11.2,,6.9,12,16.2,13,13.5,11.23,-6.3,,9.86,,8,,8,12.6,5,9.5,11.6,13.9,,13.5,13.4,18,14.04,8.65,15.7,2,4.18,14,40,7,26,54
Florida St.,Wake Forest,21.5,18.54,7.85,19.43,18.81,7.82,17.72,17.22,17.2,10,15.19,6,18.36,12,18.71,17.4,22.33,8.09,18.09,19.94,20.55,21.96,18.1,17.21,13.04,12.99,16.33,19.66,26,18.5,17.87,22.26,21,23.5,18,13.26,24.3,15,18.5,,17.8,17,13.8,21,17.7,26.73,25.9,,20.84,,17,,28,18.8,24,11.1,25.81,19,,21.5,15.8,20,21.89,19.67,22.7,1,4.96,6,17,7,11,23
Fresno St.,San Diego St.,-17,-14.72,-14.85,-17.18,-22.15,-21.71,-14.26,-19.46,-15.89,-12,-13.88,-16,-16.17,-17.5,-14.55,-25.15,-16.61,-17.55,-17.19,-13.85,-18.55,-18.55,-13.9,-21.91,-12.4,-5.37,-16.69,-16.6,-18,-17.18,-15.56,-14.5,-20,-16,-18,-20.83,-18.83,-22,-21.2,,-13.9,-15,-12.6,-17,-17.1,-17.22,-15.2,,-20.12,,-14,,-17,-18.5,-18,-20.4,-21.2,-14.6,,-17,-18.6,-19.5,-20.47,-18.05,-21.8,-20,3.31,17,3,7,-14,20
Georgia,Vanderbilt,14.5,10.18,12.39,13.99,14.78,13.95,9.53,14.31,15.12,11,11.13,11,10.65,14.5,9.39,21.66,16.93,11.43,13.5,12.65,11.35,12.67,31.15,16.51,12.66,8.6,16.01,17.31,14,13.95,14.77,10.51,14,14.5,15,19.97,9.34,17,12.7,,10.3,14,14.1,14.5,10.7,17.48,13.8,,15.96,,10,,15,11.7,19,10.1,14.5,10,,14,11.3,17.5,19.45,10.52,16.2,4,3.04,17,16,7,-1,33
Georgia Tech,Georgia Southern,11,14.34,7.04,8.67,8.75,2.43,14.03,13.18,12.79,6,6.75,5,11.87,6,14.62,12.49,14,6.29,10.18,11.04,15.25,9.46,13.3,7.35,3.97,2.74,10.04,4.57,10,10,13,13.15,10,11,17,9.92,2.88,,17.4,,9.3,9,16.2,11,8.8,14.62,16.2,,8.94,,12,,16,20.5,11,12.7,6.2,7.4,,10.5,8.1,-4.5,7.68,17.11,11.7,-2,4.67,24,35,7,11,59
Hawaii,UNLV,8,2.63,6.85,6.43,4.73,-1.33,4.78,4.38,5.97,6,-3.25,4,3.16,7.5,2.1,11.17,2.9,11.63,3.94,7.1,2.95,2.38,-2.15,0.41,5.63,0.25,5.43,5.34,-4,4,5.28,4.09,0.01,4.5,6,7.87,0.83,-6,-0.8,,1.4,4,-5.2,7,6.2,10.91,3.5,,0.82,,8,,5,-0.01,1,8,-0.01,3.4,,9,2.2,1.5,9.66,3.9,9.8,-6,3.73,41,38,7,-3,79
Houston,Tulsa,21,21.22,13.88,19.88,24.84,21.06,18.87,24.64,18.03,20,26.44,20,23.69,23.5,21.83,16.4,24.37,6.39,21.59,18.39,22.15,17.26,26.75,25.91,13.01,22.54,25.8,25.42,35,21.3,18.25,18.77,28,19,23,19.6,21.24,23.5,21.7,,21.9,21,16,21,20.5,26.91,35.2,,25.59,,21,,27,20.3,24,19.1,21.3,17.4,,21.5,21.5,14,24.1,22.57,23.7,14,4.81,31,38,7,7,69
Idaho,New Mexico St.,4,7.2,9.01,7.06,13.75,1.03,11.35,6.89,8.79,14,5.81,10,12.43,12,6.92,5.97,7.94,5.4,7.2,12.99,6.45,2.29,-2.65,7.24,3.42,1.6,17.34,4.39,4,7.06,8.66,5.86,7,3.5,2,9.19,1.67,11,6.6,,9.7,9,8.8,4.5,4.9,0.66,7.6,,12.77,,7,,8,6.2,7,-0.4,8.21,8.2,,4.5,8.1,0.01,7.81,9.54,5.1,1,3.73,23,55,7,32,78
Indiana,Nebraska,-3.5,-8.04,-6.38,-6.67,-9.64,-11.94,-6.08,-6.04,-9.77,1,-1.06,-9,-7.28,-10.5,-7.77,-14.4,-7.79,-8.22,-6.7,-9.36,-3.45,-7.41,-16.75,-9.19,-1.06,-10.83,-6.46,-8.47,-19,-7.41,-9.53,-10.57,-4,-7,-6,-9.28,-3.18,-2,-7.7,,-6.2,-10,-0.7,-4,-1.9,-0.25,-3.6,,-7.29,,-8,,-8,-7.9,-3,2.4,-7.7,-5.7,,-3.5,-7.5,1.5,-9.22,-7.26,-2.8,-10,3.96,27,22,7,-5,49
LSU,Southern Miss.,24.5,26.36,9.55,25.37,16.87,17.73,24.76,24.88,26.36,15,12.69,15,29.72,15.5,26.35,17.89,23.99,11.81,22.44,17.51,33.85,25.8,30.95,21.22,11.24,6.25,23.27,20.9,31,24.76,26.51,28.88,21,24,29,19.92,21.85,-5,33.1,,22.1,20,28.3,24.5,26.9,30.81,20.6,,25.84,,20,,26,34.5,29,30.7,25.81,15.7,,25,8.7,3,25.81,31.5,27.7,-1,7.28,10,45,7,35,55
Louisiana-Lafayette,Appalachian St.,-10,-13.2,-11.39,-15.01,-6.53,-5.83,-12.25,-12.8,-13.24,-8,-11.06,-12,-13.28,-8.5,-13.22,-8.99,-21.34,-10.76,-13.38,-14.83,-15.95,-14.16,-21.25,-15.33,-12.7,-4.14,-12.59,-19.83,-11,-13.2,-13.03,-12.96,-12,-10.5,-14,-16.64,-18.42,,-18.2,,-14.7,-16,-8.1,-10.5,-15.7,-6.11,-20.4,,-14.85,,-11,,-21,-18.1,-17,-8,-18.69,-8.3,,-10,-10.2,-12.5,-19.63,-18.24,-12.2,-8,4.11,24,0,7,-24,24
Louisiana-Monroe,Texas St.,7.5,3.93,-0.56,1.63,-0.42,-0.61,5.8,6.56,0.78,5,-0.13,-2,7.56,-1,4.49,-6.82,-0.12,-6.17,3.33,4.19,4.45,2.91,7.85,1.74,-0.43,2.16,6.29,0.33,12,3.4,0.96,4.84,4,6.5,3,0.67,4.76,,1.5,,7,8,5.5,6.5,0.6,8.78,6.9,,8.63,,9,,9,2,5,15,3.01,3.4,,8,-2,4.5,-2.13,3.84,7.3,-6,4.14,34,40,7,6,74
Louisville,Duke,34.5,24.71,26.89,21.24,29.5,26.07,25.18,26.31,24.66,26,15.81,24,38.58,21.5,24.84,31.39,19.79,16.84,28.16,34.12,24.25,31.52,32.35,28.19,18.16,21.39,35.34,27.29,31,26.89,23.91,31.93,25,31,27,27.1,23.83,12.5,32.5,,29.9,26,24.9,33.5,25.7,48.51,36.5,,31.24,,26,,45,31.3,33,40,27.3,29.4,,35,35.6,15,26.35,37.11,36.7,25,6.80,14,24,7,10,38
Marshall,Florida Atlantic,12,11.43,10.98,8.24,15.53,9.14,4.68,9.53,8.55,1,10.5,16,9.64,18,11.93,9.06,18.05,-5.39,10.84,2.27,16.85,15.11,-4.5,11.91,12.48,4.31,4.48,19.78,3,10.7,8.88,12.8,20,11.5,15,7.84,17,16,11.1,,16.6,12,10.7,12,9.2,8.58,14.6,,6.93,,14,,10,12.9,22,6.2,8.11,6.4,,11,3.4,15.5,17.19,10.04,12.2,8,5.32,21,27,7,6,48
Maryland,Minnesota,6.5,3.38,12.23,1.51,4.07,6.91,5.59,0.95,4.06,16,3.63,7,7.72,5,3.29,6.16,4.89,4.11,4.82,9.65,4.65,2.67,5,1.63,2.88,-1.71,11.91,0.66,15,4.11,3.82,5.92,4,3,-2,8.44,3.33,-1,1.8,,9.2,5,8.1,6,-0.9,10.01,2,,7.18,,5,,10,3.4,-4,12.8,4.4,0.5,,6.5,-1.8,0.5,2.82,4.49,6.3,8,4.24,31,10,7,-21,41
Massachusetts,Louisiana Tech,-15.5,-10.53,-7.14,-15.11,-11.81,-13.27,-7.19,-16.53,-10.62,-5,-8.25,-11,-11.62,-17,-10.57,-5.04,-15.23,-9.5,-11.89,-11.71,-10.25,-11.24,-1.05,-15.72,-9.23,1.52,-7.31,-17.25,-12,-11.71,-10.32,-11.98,-17,-15,-16,-10.82,-13.96,,-8.8,,-12.5,-16,-3.1,-15,-17,-15.92,-16.3,,-9.35,,-13,,-13,-8.8,-18,-10.3,-19,-7.5,,-14,-9.3,-7,-26.69,-11.94,-12.7,-13,4.59,56,28,7,-28,84
Miami (Fla.),North Carolina,6,9.71,11.38,5.75,13.86,19.03,10.67,10.66,9.07,13,8,11,12.71,6.5,9.87,6.22,5.87,8.61,9.53,18.53,9.15,9.62,7.15,0.59,5.08,5.5,15.02,7.57,16,9.07,8.68,8.18,9,7,7,9.11,5.48,-6.5,8.4,,14,9,7.4,6.5,12.2,12.65,9.4,,12.84,,7,,19,8.1,8,11.3,6.21,8.2,,7,13.9,-4,6.9,12.88,9.7,14,4.15,20,13,7,-7,33
Miami (Ohio),Kent,-1.5,-1.92,-6.76,-3.93,-3.39,-4.89,-4.27,-0.88,-4.43,-2,4.25,-8,-5.07,-7.5,-1.55,-8.52,0.4,-14.61,-1.83,-2.5,0.45,-2.08,11.55,1.42,3.29,3.59,-6.11,2.28,5,-1.68,-3.8,-1.49,2,0,-1,-2.91,-0.47,-1,-0.01,,-2.8,-3,-1.2,-1.5,-0.9,-1.54,8.7,,-0.64,,-1,,-4,-1,-3,-1.8,-0.19,0.5,,,2,5.5,-6.55,-4.63,,-8,3.96,14,18,7,4,32
Michigan St.,Northwestern,6.5,0.97,2.95,2.9,5.92,3.93,-1.45,-2.87,2.62,8,-1.38,1,-0.89,5.5,0.63,1.31,5.8,-0.41,2.31,-4.29,-1.55,2,6.3,6.87,3.84,10.52,-4.35,0.01,-3,2.3,3.03,-0.01,11,4.5,1,0.21,2.76,10.5,2.1,,3.9,3,6.6,5.5,,9.52,5.4,,3.86,,1,,-1,2.5,3,0.8,8.01,1.3,,4.5,-5.1,5,0.58,-0.64,4.6,-3,3.65,54,40,7,-14,94
Middle Tenn.,Western Kentucky,2,1.89,9.78,-2.52,-1.03,12.26,-1.04,1.87,4.21,6,-0.75,9,-2.71,6,1.47,6.96,-2.21,10.6,1.29,4.15,1.55,0.81,9.65,1.65,5.58,-3.61,0.99,4.61,-5,0.81,4,0.78,-1,1,3,8.62,-7.33,,-3.4,,0.5,-1,1.7,2,0.7,5.2,3.9,,-2.6,,-1,,-1,-3,1,-1.2,-0.49,-3.8,,2.5,-1.3,-5.5,3.91,-2.82,2.3,7,4.27,44,43,7,-1,87
Northern Ill.,Central Mich.,-2.5,-1.01,-9.16,-2.68,-1.75,-13.04,-2.4,-0.51,-2.78,-4,4.25,-10,-2.06,-6.5,-0.76,-9.79,1.26,-6.68,-1.71,0.11,3.75,-1.36,-16.35,-10.87,-10.9,-2.18,2.93,-2.55,6,-1.75,-2.16,-3.44,0.01,-3,0.01,-8.46,0.36,0,-1.9,,-0.2,0.01,-2.7,-2.5,6,5.47,-4.6,,1.09,,-1,,-1,-2.3,3,2.7,-2.3,3.3,,-2.5,1.4,4.5,3.17,-4.01,-2.1,-11,4.48,34,28,7,-6,62
Notre Dame,Stanford,3,-5.25,-9.49,-6.07,-10.94,2.55,-7.81,-2.7,-9.95,-4,-2.31,-7,-7.87,-8,-4.42,-18.38,-2.68,-10.98,-4.1,-10.17,-2.15,-1.26,-20.8,-6,-5.58,-6.1,-13.45,-6.62,-1,-5,-9.68,0.71,-2,2.5,-2,-14.24,0.01,-1,2.3,,-0.3,-5,5.7,2,4,4.06,3.7,,-7.28,,-1,,-10,2.5,4,3.6,-4,-5.5,,3,-11.3,8.5,-7.07,-5.97,2.3,1,5.64,17,10,7,-7,27
Ohio,Eastern Mich.,7,12.35,0.99,9.51,12.89,4.7,8.76,10.13,10.95,7,17.06,3,9.3,10,12.56,-11.5,16.21,3.58,9.04,5.82,12.35,8.7,6.45,18.09,3.17,5.57,6.53,3.9,14,9.7,11.37,9.1,14,9.5,11,6.08,9.7,12,10.7,,7.1,12,16.4,7.5,9.9,8.34,5.9,,10.11,,7,,4,11.9,10,3.3,9.7,10.9,,7,10.8,14,12.51,9.9,8.2,2,4.77,27,20,7,-7,47
Oklahoma,Kansas St.,13,10.14,5.04,10.75,11.18,1.05,0.97,8.11,13.53,3,5.19,7,4.98,12,9.42,8.64,10.2,-1.92,9.6,5.51,10.25,8.05,12.8,13.83,11.02,11.5,-0.01,13.5,4,10.75,13.91,12.07,11,11.5,10,8.43,16.08,16,15.6,,8.8,11,10.9,12.5,10.8,14.58,14.2,,8.17,,13,,8,15.7,17,12.9,14.71,6.7,,11,-2.1,22,12.6,3.2,11.7,-2,4.92,17,38,7,21,55
Oregon St.,Utah,-7,-11.46,-6.77,-12.36,-5.99,-10.08,-7.74,-9.98,-12.72,-3,-7.31,-9,-9.13,-15.5,-11.27,-11.55,-19.32,-8.84,-11.61,-8.44,-16.35,-15.2,-25.35,-20.49,-10.79,-10.04,-5.35,-13.5,-19,-11.27,-12.53,-10.43,-16,-13,-10,-15.05,-19.26,-11.5,-12.1,,-7.9,-10,-11.2,-8,-12.6,-13.06,-10.5,,-9.61,,-12,,-15,-12.3,-19,-0.6,-14.19,-10.2,,-9.5,-10.8,-14,-14.47,-11.24,-7.7,-11,4.01,19,14,7,-5,33
Purdue,Iowa,-12,-18.57,-0.01,-17.16,-17.73,-13.67,-16.33,-14.15,-15.78,-1,-1.69,-4,-18.96,-8.5,-19.03,-3.13,-24.08,-7.79,-13.69,-12.7,-15.55,-12.98,-23.35,-13.1,-4.31,-5.62,-19.03,-10.21,-27,-14.15,-16.16,-12.47,-14,-13.5,-9,-11.29,-14.56,-12,-16.1,,-12.7,-14,-14.7,-12,-13.2,-11.16,-11.7,,-19.04,,-12,,-22,-15.9,-17,-21.9,-15.69,-11.5,,-12,-17.5,-16,-10.9,-20.01,-15.6,-7,5.71,49,35,7,-14,84
Rice,Texas-San Antonio,-3.5,-2.47,-10.76,-6,-0.55,-14.56,-7.28,-5.28,-4.12,-7,8.63,-11,-5.19,-4.5,-2.25,-21.92,-7.36,-17.05,-5.1,-15.25,-3.85,-1.45,14.95,2.4,3.46,0.18,-15.33,-3.67,-6,-4.4,-3.43,0.17,0.01,0,-2,-5.77,7.17,,-1.9,,-2.4,-4,0.8,-3.5,-4,-12.29,-5,,-6.54,,1,,-12,1,-3,-9.4,-4.4,-5.2,,-3.5,-17.3,-5,-2.28,-10.46,0.01,-16,6.03,14,13,7,-1,27
Rutgers,Illinois,-3.5,-4.39,4.48,5.65,1.06,-9.86,1.43,4.7,1.02,7,-1.38,3,-4.8,5,-5.32,2.36,-1.35,12.06,-0.08,10.04,-4.35,-6.35,10,-3.86,1.31,3.26,10.62,0.54,-6,0.47,0.47,-2.93,-3,-7,-3,6.96,-0.24,-3,-4.3,,-0.9,3,-3,-3.5,3.3,-8.65,-4.8,,0.66,,-6,,1,-3.9,-4,-3.8,5.1,3.2,,-6,1.4,-5.5,2.85,-2.98,-6.9,-7,4.98,24,7,7,-17,31
San Jose St.,Nevada,2.5,-1.66,-3.31,4.07,-0.7,-4.04,0.55,-3.19,-3.01,-2,-6.06,-2,-0.63,-6,-1.44,-10.31,-2.28,-10.01,-0.45,0.44,3.65,-2.73,10.85,0.93,-0.56,0.61,-3.85,1.83,1,-0.5,-2.76,1.35,-1,1,-1,-1.1,0.71,-3,-1.5,,1.9,-2,-3,2,1.4,6.22,5.5,,-0.34,,5,,-4,-0.5,1,5.1,2.9,3.9,,2.5,-0.3,2.5,-0.36,-0.01,3.3,-6,3.46,10,14,7,4,24
South Florida,Connecticut,20.5,17.86,16.98,17.01,18.02,20.64,18.16,11.16,16.24,15,5.19,15,22.36,15.5,18.19,15.75,17.2,13.15,17.31,18.59,19.55,16.79,27.1,21.3,11.13,12.13,17.75,12.79,21,17.2,16.07,21.68,21,17,18,20.42,15.41,16,18.1,,19.4,17,16.8,20,17.7,21.74,16.4,,19.76,,14,,27,17.1,16,18.8,20.81,12.3,,19.5,13.7,15,17.61,22.12,22.2,15,3.60,27,42,7,15,69
Syracuse,Virginia Tech,-20.5,-20.8,-17.79,-16.23,-15.91,-25.44,-25.74,-28.19,-18.14,-21,-25.44,-17,-30,-16.5,-21.43,-19.15,-23.06,-15.08,-20.86,-23.42,-34.25,-22.72,-32.55,-20.34,-12.36,-4.9,-26.26,-19.05,-21,-20.34,-17.63,-11.93,-20,-18,-21,-23.78,-15.47,-13.5,-20.6,,-18.4,-19,-20.6,-20.5,-30.8,-31.35,-17,,-18.99,,-20,,-35,-18.1,-25,-30,-15.19,-12.2,,-20.5,-19.7,-8,-23.74,-30.21,-24.3,-22,6.15,17,31,7,14,48
Tennessee,Alabama,-13.5,-11.51,-2.58,-13.75,-15.26,-15.95,-7.5,-13.4,-8.19,-3,-9.5,-7,-13.67,-16,-12.01,-4.01,-13.1,-3.05,-9.82,-9.06,-15.35,-13.6,-0.4,-15.14,-2.54,-2,-6.13,-6.39,-13,-9.67,-8.3,-6.26,-14,-10.5,-9,0.83,-10.91,-5,-7.7,,-9.9,-7,-3.7,-13.5,-13.3,-9.67,-15.3,,-9.59,,-10,,-14,-7.6,-8,-20.8,-11.69,-5.2,,-12.5,-7,-5.5,-15.95,-12.69,-11.7,-10,4.57,49,10,7,-39,59
Texas,Iowa St.,15,11.86,14.38,8.48,13.92,9.21,7.49,9.72,12.89,17,2.06,18,8.62,16.5,11.67,22.55,9.8,12.7,11.79,4.71,5.15,12.88,16.35,13.21,14.33,13.6,8.83,16.44,20,12.7,12.93,14.75,11,14,9,13.22,16.07,13.5,14.6,,12.4,14,16,15,4.7,11.14,15.1,,14.31,,7,,15,14.8,5,11.9,15.1,5.8,,13.5,4.4,10,8.12,9.18,14.7,7,4.26,6,27,7,21,33
Texas Tech,West Va.,-2.5,-0.14,-4.07,-1.29,4.61,2.21,-1.1,-3.49,-5.27,2,-1.38,-10,2.04,-4,0.75,-12.38,-3.09,-7.81,-1.7,-0.59,0.55,-3.39,-12.55,-4.37,0.26,-3.5,-4.86,-1.65,-11,-1.1,-4.75,0.36,-1,1,0.01,-8.25,3.59,5.5,0.9,,3.2,0.01,2.4,-2.5,-1.3,8.25,-1.1,,-2.86,,-3,,1,2.2,-13,0.9,-0.1,0.7,,1,-4.6,2.5,0.99,-1.12,-3.6,-1,4.17,48,17,7,-31,65
Toledo,Bowling Green,31.5,27.63,27.05,18.38,23.3,47.38,28.05,27.98,23.33,29,28.63,28,41.81,26.5,28.5,17.8,22.04,18.34,26.97,28.12,37.05,28.27,30.35,27.39,12.76,12.43,34.76,22.76,37,27.05,22.81,29.1,26,24,25,29.61,20.89,6.5,23.4,,32.7,26,20.8,30.5,26.5,43.85,36.7,,28.65,,27,,40,22.3,31,27.9,20.81,20.8,,31,26.8,7,20.1,37.67,33.2,30,7.75,35,42,7,7,77
Troy St.,Georgia St.,17,16.11,22.47,14.08,14.93,24.73,17.89,17.11,16.89,12,23,18,21.57,19.5,16.04,20.22,8.02,15.51,17.01,23.09,15.25,16.07,26.45,17.75,13.28,8.51,23.83,15.52,27,17,16.3,17.81,18,16,18,25.56,6.11,,14,,20.5,19,14,17,13.4,25.05,14.1,,17.97,,14,,17,13.9,14,21.9,15.4,17.5,,17,23.2,3,13.15,17.09,19.2,22,4.80,21,31,7,10,52
Tulane,Memphis,-11,-15.75,-4.09,-13.24,-21.35,-6.64,-6.96,-13.63,-14.34,-4,-9.5,-8,-9.33,-10.5,-16.04,-8.59,-24.44,-7.13,-12.91,-9.2,-19.65,-15.6,-20.45,-19.31,-7.8,-1.8,-8.62,-12.84,-13,-13.24,-14.48,-12.3,-18,-11,-13,-10.31,-20.07,-19.5,-16.6,,-15.1,-17,-10.5,-11,-15.2,-10.88,-7.4,,-17.05,,-16,,-22,-18.6,-24,-14.3,-16.69,-6.1,,-11.5,-1.5,-11.5,-15.12,-15.61,-10.2,-9,5.34,24,14,7,-10,38
Virginia,Pittsburgh,-4,-8.47,-8.88,-6.24,-4.58,-9.44,-7.77,-0.32,-9.31,1,2.38,-11,-9.88,-11,-8.34,-5.87,-2.53,-7.77,-5.71,0.97,-7.35,-4.04,-19.45,-6.67,-5.07,-0.01,4.2,-6.31,-5,-6.24,-9.06,-8.34,-1,-5,-2,-10.32,-14.7,4.5,-7.5,,-4.9,-6,-6.6,-4,1.2,-2.9,-16.1,,-4.37,,-6,,-12,-7.9,-4,-2.6,-7.69,-5.2,,-3,-6.3,-4,4.07,-11.95,-3.2,-8,4.38,45,31,7,-14,76
Washington St.,UCLA,7,3.57,2.9,6.52,6.97,14.05,11.1,13.17,3.1,9,8.63,2,12.46,-0.5,3.75,2.93,4.4,6.56,6.65,11.6,9.75,3.17,9.6,1.66,5.48,-2.78,19.04,10.27,2,5.9,2.45,3.06,5,-8,10,7.61,6.53,9,4.7,,5.4,5,2.2,7,12.1,14.01,8.8,,8.35,,5,,13,4.1,10,8.1,0.91,5.9,,7,5.4,1,11.02,10.95,4.6,8,4.35,21,27,7,6,48
Wisconsin,Ohio St.,-11,-11.76,-4.32,-12.05,-9.75,-9.76,-2.06,-12.73,-10.51,1,-9.19,-3,-10.25,-7,-12,-4.67,-11.59,-3.21,-8.61,-17.22,-17.35,-5.56,-0.05,-20.17,-0.22,-7,-3.35,-1.45,-4,-9.1,-10.67,-7.45,-14,-10,-6,0.79,-2.92,-4.5,-9.1,,-10.1,-7,-9.9,-11,-10.1,-12.68,-15.8,,-7.19,,-6,,-18,-8.5,-13,-7.7,-12.69,-4,,-10,-6.4,-6,-13.46,-10.78,-6.3,-16,4.84,30,23,7,-7,53
Air Force,Hawaii,17,14.34,12.27,15.52,17.83,16.69,12.4,9.61,14.85,14,13.85,17,13.03,15.5,14.2,12.94,21.99,12.34,15.99,11.64,15.65,13.47,21.38,20.41,11.8,10.31,17.96,12.57,32,15.83,15.32,16.32,19,16.5,9,19.07,16.3,22.5,17.8,17.55,17.1,16,19.6,17,9.2,18.15,22.3,35.96,18.52,2.11,16,,14,17.2,15,14,20.62,19.2,,16.5,20.8,16.5,16.18,14.77,18.4,15,3.84,34,27,8,-7,61
Alabama,Texas A&M,18,14.76,7.36,16.59,20.97,16.04,11.36,17.55,12.52,13,10.95,13,15.32,21.5,15.1,9.46,18.17,6.7,15.52,12.82,16.75,14.59,4.69,16.49,9.13,6.5,12.55,13.29,9,15.7,12.78,10.15,20,16.5,15,5.14,22.61,22,21.4,16.98,16.4,16,16.1,18,23.4,24.63,16.7,19.33,15.93,-0.33,18,,14,21.3,23,29,18.12,12.3,,18,11.1,14,20.47,15.46,19.9,4,4.90,14,33,8,19,47
Appalachian St.,Idaho,21.5,19.85,11.49,20.25,13.32,17.47,16.89,15.75,17.16,13,12.33,13,19.48,12.5,20.32,9.13,19.3,13.8,18.92,13.41,20.25,22.35,21.41,26.1,17.03,13.11,11.41,21.54,33,19.6,17.42,21.52,21,20,21,17.24,23.78,,23.3,15.78,22.5,21,17.5,21.5,18,17.22,24.6,22.41,19.72,-9.68,23,,19,22.9,24,20.3,25.62,17.6,,21,18.1,21.5,20.42,21.54,22.9,9,4.46,19,37,8,18,56
Arizona St.,Washington St.,-7.5,-6.57,1.56,-4.14,-10.76,-9.25,-9.64,-13.29,-4.26,2,-3.52,-1,-12.22,3,-7.03,-2.11,-5.93,-3.52,-7.21,-11.69,-10.95,-8.31,-5.09,1.58,-0.56,2.1,-13.48,-3.39,-20,-6,-3.9,-5.71,-5,-7,-6,-3.33,-9.55,-9.5,-5.7,-17.91,-5.9,-7,-2.2,-7.5,-11.9,-18.74,-21.9,-1.92,-10.36,-19.68,-6,,-14,-4.4,-10,-12.8,-4.07,-6.8,,-8,-9.4,-5.5,-8.02,-11.97,-6,-7,5.55,37,32,8,-5,69
Army,North Texas,17.5,20,9.19,14.77,18.8,17.48,18.88,15.14,16.68,15,8.76,10,21.71,8,20.61,13.2,16.12,11.8,16.65,14.29,17.25,15.54,3.28,20.73,2.2,9.19,17.36,6.16,26,17.23,17.01,19.87,16,16.5,10,13.6,17.16,9.5,19.6,21.08,20.5,19,23,17.5,10.1,32.69,26.2,-3.86,18.2,18.26,19,,23,17.2,20,23.3,15.72,18.8,,19.5,19.5,11.5,8.06,19.11,20.4,12,5.52,35,18,8,-17,53
Auburn,Arkansas,11,8.93,4.88,5.26,9.05,16.06,12.68,10.92,5.08,10,4.92,8,15.43,3.5,9.63,4.01,3.23,6.31,8.15,8.68,12.25,8.23,5.84,4.36,0.01,0.5,11.78,2.06,15,7.5,5.24,14.6,6,8,5,5.66,4.4,3,11,14.09,11.7,7,11.7,11,5,21.31,5.2,15.75,9.91,4.82,9,,11,8.7,6,14.6,5.73,4.2,,9.5,6.7,1,3.26,15.44,10.3,1,4.51,3,56,8,53,59
Ball St.,Akron,3.5,1.94,-1.55,-2.26,-0.81,8.29,-0.87,-1.4,-1.26,5,-0.01,0.25,0.77,1.5,2.52,-4.67,-1.23,-0.17,0.88,-0.54,-1.85,1.84,-5.06,-3.31,-7.92,4.61,1.02,-10.39,11,0.13,-1.2,5.59,0.01,2,-1,-2.15,0.73,0.5,2.6,-0.65,5,1,-1.1,3,-1.9,8.99,7.9,-4.82,2.06,-0.02,1,,-1,2.9,1,4.9,0.52,11,,3.5,11.5,-8.5,-3.09,-0.2,3.6,-1,4.44,35,25,8,-10,60
Boise St.,BYU,6.5,5.57,12.24,2.54,5.73,7.73,5.7,-1.79,8.19,9,-0.01,13,6.09,11.5,5.13,13.72,2.51,11.52,5.93,3.82,-1.55,4.12,14.84,8.18,7.44,12,9.04,10.79,11,5.78,8.12,5.22,2,7.5,2,11.4,-2.85,0,3.6,5.82,5.4,6,8.7,6.5,0.7,4.67,1.3,5.75,8.42,29.69,6,,2,1.8,3,12.3,6.32,3.5,,6.5,6.4,10.5,0.25,5.33,6.8,9,4.08,27,28,8,1,55
Boston College,Syracuse,3.5,0.62,0.85,1.52,2.38,3.5,1.64,4.11,1.32,2,4.01,2,-3.7,2,0.47,0.19,-0.62,3.65,0.63,2.24,-2.45,3.04,-5.34,2.67,0.49,4.13,-2.4,-2.93,-3,1.16,1.57,1.89,4,4,-1,0.54,-0.13,0,0.4,-4.36,1.4,4,1.8,3,-2.4,-2.35,-5.3,-16.27,1.63,-2.52,1,,-6,-0.9,-5,3.8,5.43,-1.2,,4.5,-2.8,5.5,0.95,-1.79,4,1,2.81,28,20,8,-8,48
Bowling Green,Miami (Ohio),0,4.62,4.89,11.71,-1.55,-12.5,3.79,1.06,8.58,12,-7.9,6,-3.02,13,3.87,4.82,11.19,5.95,3.7,5.72,-1.15,-1.72,-1.34,3.55,10.08,-2.21,-0.69,6.53,-4,3.93,8.77,-0.63,11,3.5,2,5.59,4.59,24.5,1.4,-6.86,3.4,7,1.7,0,9.5,6.43,-6.5,-5.84,-0.33,-8.57,1,,-2,2.9,4,-1.9,9.52,10.1,,4,7.8,16.5,10.94,-1.84,1.3,-5,5.97,40,26,8,-14,66
California,Oregon,1,1.09,6.57,2.25,0.41,8.39,0.98,5.58,0.41,3,8.91,9,2.18,5.5,1.26,0.89,-1.45,3.7,2.54,-3.26,8.95,1.38,2.34,4.95,6.12,9.28,-2.02,2.52,12,2.23,-0.01,4.03,3,3,8,5.42,5.14,-2.5,0.9,-4.59,2.9,0.01,-3.5,1,8.2,3.39,1.5,-30.24,-4.37,-0.03,1,,-2,2.2,7,-8.7,-1.88,-1.1,,3,-0.7,2,7.22,-1.74,3.1,9,4.17,49,52,8,3,101
Cincinnati,East Carolina,1.5,1.46,1.94,2.06,4.61,7.1,0.19,6.34,4.53,2,9.43,4,-4.78,6,0.91,3.98,2.87,5.42,2.62,-0.99,3.25,3.22,9.06,6.46,6.28,4.76,-0.74,5.97,-1,3.11,4.41,5.83,1,3,5,6.27,8.97,1.5,8.7,-3.12,2,5,7.1,1.5,2.6,-9.12,-12.9,-19.16,2.89,0.44,-1,,-1,8.8,8,3,3.32,-2.7,,2,-9.4,9.5,1.55,-2.62,2,1,4.66,19,31,8,12,50
Connecticut,Central Florida,-4.5,-3.11,-3.52,1.48,1.31,-6.65,-7.01,7.5,0.22,-1,9.09,-2,-11.22,1.5,-3.77,5.17,5.34,-2.93,-0.09,-2.54,0.25,-3.3,3.75,2.14,6.26,1.57,-1.82,4.63,-9,0.23,0.29,-0.82,7,-2,6,0.24,8.69,14,6.1,-8.24,-3.1,2,2.1,-4,0.4,-9.23,-5.9,-13.63,-2.27,1.39,-1,,-5,6.6,9,-10.4,-0.58,3.1,,-3.5,-1.3,8,9.68,-9.26,-7.1,-6,5.52,24,16,8,-8,40
Florida Intl.,Louisiana Tech,-17.5,-17.68,-10.2,-17.91,-22.77,-9.9,-14.92,-22.43,-14.34,-10,-14.89,-12,-22.08,-13.5,-18.3,-6.28,-19.6,-8.15,-16.41,-14.74,-25.55,-17.62,-4.97,-17.93,-8.36,-1.51,-16.03,-18.87,-26,-17.33,-14.43,-17.04,-21,-14.5,-19,-12.86,-12.21,-17,-13,-21.15,-16.7,-17,-7.4,-17.5,-21.1,-20.23,-24,-33.27,-14.2,-1.44,-14,,-23,-11.6,-23,-18.8,-19.88,-15.2,,-16.5,-20.4,-11.5,-19.72,-19.82,-18.7,-13,5.16,44,24,8,-20,68
Iowa,Wisconsin,-4,-5.06,-11.42,-7.44,-10.31,-5.66,-11.39,-9.87,-3.61,-11,-5.96,-6,-17.22,-4,-5.38,-18.27,-6.53,-3.82,-7.53,-9.07,-12.05,-3.87,-13.31,-3.67,-4.94,-8,-7.31,-9.21,-3,-6.98,-3.22,-3.7,-6,-3,-8,-6.56,-7.66,-2.5,-0.9,-14.5,-8.4,-3,-0.9,-4,-10.7,-18.07,-14.9,-18.86,-6.74,-4.43,-8,,-23,-0.01,-4,-4.3,-2.68,-8.3,,-3,-11.7,4.5,-7.22,-16.26,-0.8,-3,5.15,17,9,8,-8,26
Kansas,Oklahoma St.,-23,-22.26,-16.26,-17.47,-23.93,-17.57,-19.58,-22,-24.2,-11,-20.34,-20,-21.98,-22.5,-21.93,-23.87,-24.67,-13.01,-21.74,-14.86,-28.05,-22.88,-15.63,-33.14,-17.81,-11.25,-18.23,-25.27,-24,-22.13,-24.04,-25,-21,-25,-27,-23.18,-26.48,-23.5,-29.9,-22.84,-21.6,-21,-22.6,-23,-20.1,-17.46,-12.3,-23.29,-22.66,-16.15,-20,,-25,-27.4,-27,-25.3,-21.38,-17.3,,-24,-15.4,-19.5,-30.05,-23.94,-29.2,-23,4.78,44,20,8,-24,64
Kansas St.,Texas,-1,3.57,6.47,3.71,4.16,10.92,8.24,2.25,2.76,8,3.96,7,10.13,6.5,3.77,12.47,4.57,5.34,4.41,7.53,2.25,1,11.66,6.07,2.15,-1,11.47,-2.09,6,3.71,2.56,1.9,7,2.5,1,7.45,0.5,1,-1,11.78,6.3,2,-0.2,0,-0.6,3,2.2,51.35,7.38,1.04,3,,14,-1.5,3,6.9,2.83,3.7,,2.5,4.7,-1.5,-0.42,8.86,2.3,3,3.84,21,24,8,3,45
Kent,Ohio,0,-4.15,-6.65,-7.44,0.56,-1.75,0.38,1.2,-6.64,-3,-1.2,-5,1.79,-8.5,-3.68,-2.78,-5.43,-4.76,-2.62,-0.86,0.35,0.5,6.19,-9.09,-7.45,-0.91,5.62,-4.97,-3,-2.33,-6.77,0.57,-1,-2.5,-2,-3.87,1.17,-2,-1.9,5.59,1.3,-1,-7.4,0,-0.9,-1.39,-2.7,-25.12,1.43,-0.31,1,,4,-2.1,-9,0.01,-4.88,-3.9,,-3.5,-8.9,-8,-2.55,0.01,-4,-9,3.68,14,10,8,-4,24
Kentucky,Mississippi St.,-4,-2.8,6.39,-7.67,-0.96,-2.57,-2.51,0.27,-0.38,2,0.7,3,-5.86,0.5,-3.21,3.87,-7.74,3.62,-2.38,-1.51,-5.35,-1.85,4.13,-4.92,6.95,1.1,-1.17,7.63,-13,-3.09,-0.71,-3.11,-7,-3.5,2,5.51,-4.23,-14,-7.9,-5.93,-4.5,-4,-4.3,-4,-1.3,-9.55,10.5,-22.16,-4.98,1.09,-4,,-4,-8,-5,-4.7,-4.28,-2.9,,-3,-2.7,-6,-3.07,-4.5,-6.9,3,4.64,38,40,8,2,78
LSU,Mississippi,8,3.57,2.96,-0.18,0.53,14.65,4.46,1.67,4.18,4,-0.84,8,3.61,2.5,3.43,1.95,2.61,5.98,3.87,1.31,1.85,3.42,4.06,4.81,2.16,3.5,2.61,2.19,-1,3.45,4.23,5.58,3,4,4,3.47,7.9,5,10.4,1.55,4.5,4,11.2,7,-0.8,11.04,1.6,12.35,4.52,5.69,3,,4,9.1,4,15.2,2.92,2,,6,-0.8,-1,0.52,3.61,6.5,-2,3.60,21,38,8,17,59
Louisville,NC St.,19,13.61,13.5,10.42,20.96,11.89,11.13,16.28,13.52,11,7.56,14,18.99,14.5,13.67,24.13,11.08,10.78,15.13,16.56,13.95,19.63,17.44,16.94,12.72,16,15.05,13.93,13,14.63,13.19,19.46,13,15.5,14,13.02,14.76,8,19.4,15.38,18.9,15,17.1,18,5.4,24.2,24.2,38.03,16.16,12.2,17,,21,19.3,15,15,15.23,11.8,,19,10.5,14.5,11.55,18.17,19.8,9,3.94,13,54,8,41,67
Marshall,Charlotte,9,17.12,7.43,11.28,15.87,7.61,7.98,12.37,14.72,15,16.8,13,12.16,17.5,17.46,6.45,25.31,4.43,14,2.22,21.15,19.07,-1.59,24.25,12.67,5.65,9.96,17.27,13,14.76,15.6,16.36,28,18.5,16,7.92,19.52,,18.5,9.95,19.4,16,13.4,9.5,10.4,1.59,11.2,-12.12,15.32,-13.75,18,,12,17.7,25,1.4,15.52,14.8,,13,10.4,18.5,18.29,11.72,14.4,8,5.80,27,24,8,-3,51
Maryland,Michigan St.,-3.5,0.01,12.72,-5.68,-4.98,14.96,2.24,-2.4,0.01,11,-2.24,11,4.3,5,0.15,2.38,-5.86,9.09,0.94,2.5,0.75,0.6,9.41,-1.32,0.35,-4.53,7.72,-4.87,11,0.25,-0.58,3.71,-3,-3,-5,9.8,-12.22,-7.5,-0.8,5.18,5.2,1,2.9,-3,-4.3,2.74,-2.8,14.52,1.94,0.71,1,,4,-1,-3,5.3,-0.58,-2.5,,-2.5,-3,-6,-6.31,3.62,-3.1,11,5.58,17,28,8,11,45
Michigan,Illinois,39,35.55,33.57,30.04,50.65,45.14,37.8,32.84,34.67,35,24.46,31,50.61,29,35.85,52.08,36.6,18.88,36.61,35.8,42.95,35.24,46.97,36.03,22.48,27.97,40.36,29.43,49,35.4,34.29,36.2,32,35.5,31,33.5,33.28,26,36.2,55.4,40.6,36,35.9,38.5,29,59.36,39.4,23.86,41.54,26.9,32,,57,34.9,36,42.4,29.63,31,,36.5,34.6,24,32.05,48.84,37.9,31,8.53,8,41,8,33,49
Minnesota,Rutgers,17.5,20.18,15.92,14.61,13.12,29.08,16.04,16.77,19.14,20,13.49,16,22.72,15.5,20.41,14.3,19.95,15.27,19.33,21.52,22.75,22.87,28.41,19.54,11.33,15.45,18.47,15.73,43,19.05,18.88,19.1,21,21,21,22.11,12.93,21,19.6,25.44,19.4,17,19.5,17.5,19.8,29.24,15.2,12.68,20.14,5.42,19,,25,18.5,26,27.2,16.22,13.1,,19,14.3,18.5,17.83,21.34,18.9,18,5.21,32,34,8,2,66
Missouri,Middle Tenn.,7.5,6.28,1.77,4.08,10.11,0.26,4.35,-2.06,4.85,1,6.86,5,9.5,-5,6.52,13.04,6.3,-0.77,4.83,4.84,3.35,6.75,5.75,4.33,-2.42,-1.79,6.46,-1.72,1,4.93,5.08,10.85,5,6,7,2.04,2.44,-6,9,8.58,9.4,5,8.4,7.5,-5.7,4.61,19.4,31.07,9.67,3.35,7,,13,10.1,7,4.1,3.92,4.1,,6.5,0.2,-3,0.72,8.71,7.3,-3,4.77,51,45,8,-6,96
Navy,Memphis,1,-2.98,0.68,1.98,-1.98,-1.86,0.36,0.5,0.22,1,-1.89,-1,-4.75,2.5,-3.59,5.13,-0.97,-0.01,-0.33,-0.95,-1.65,2.31,1.38,-0.93,5.89,7.25,-0.56,7.1,-3,-0.46,0.26,-0.35,2,-1.5,3,2.63,-2.39,3.5,-1,-10.7,-2.9,0.01,1.4,1,2.4,-2.58,-1.7,-16.37,-6.06,-1.03,1,,-9,-1.9,-3,-4.4,-0.57,1.3,,-2.5,2.3,2.5,8.14,-6.13,-3,-5,3.62,28,42,8,14,70
Nebraska,Purdue,24,26.71,26.9,23.13,25.76,32.08,27.87,25.74,27.92,27,14,28,31.75,26.5,26.56,27.51,23.66,18,26.27,28.41,27.85,24.55,44.63,27.47,17.62,24.51,32.74,16.52,46,26.53,27.56,23.41,26,24.5,22,32.34,20.18,18,23.1,36.2,27.8,26,20.6,24,24.6,33.46,29.3,34.51,28.56,32.86,21,,33,21.8,24,29.2,27.13,25.1,,24,28.2,15.5,25.7,33.04,25.9,20,5.37,14,27,8,13,41
Nevada,Wyoming,-6.5,-3.34,-15.27,-6.05,-15.81,-5.38,-11.12,-11.08,-5.36,-10,-5.47,-12,-12.12,-6.5,-3.11,-11.23,-2.28,-9.24,-7.56,-18.93,-11.25,-3.06,-12.47,-1.18,-3.5,0.6,-17.46,-8.32,-30,-6.28,-4.19,-2.22,2,-3.5,-9,-14.65,2.19,10,-0.01,-19.19,-6,-4,2.5,-6.5,-12,-13.74,-8.8,-24.12,-6.55,-5.91,-2,,-15,-0.2,-1,-13.2,-4.68,-5.6,,-4.5,-11.9,8,-7.58,-13.1,-3.6,-13,6.69,42,34,8,-8,76
New Mexico,Louisiana-Monroe,16.5,11.22,5.96,7.98,12.67,11.78,6.81,9.05,12.14,6,7.54,11,5.18,11,11.05,1.52,8.67,6.43,11.43,0.43,15.75,14.47,4.41,17.18,6.45,6.19,5.38,10.53,3,10.95,12.09,14.55,18,12.5,21,9.88,19.78,18.5,25.6,4.37,10.9,11,23,15.5,10.8,7.92,12.2,12.09,9.3,-0.33,10,,8,25.4,20,17,9.92,12.8,,17.5,14.1,13,17.36,7.87,18.3,10,5.63,17,59,8,42,76
New Mexico St.,Georgia Southern,-14,-17.97,-9.75,-17.23,-15.68,-16.99,-16.52,-16.27,-15.85,-10,-13.39,-14,-24.44,-15,-18.37,2.05,-22.38,-8.82,-16.32,-13.22,-20.45,-19.85,-5.5,-21.71,-5.07,-1.57,-16.38,-11.81,-23,-16.75,-15.91,-13.72,-25,-14,-13,-10.41,-10.1,,-19.4,-23.68,-24.2,-20,-14.4,-14,-18.3,-20.02,-25.1,6.37,-21.6,-2.51,-19,,-21,-17.9,-26,-10.6,-20.88,-14.1,,-13.5,-11.5,-8.5,-17.92,-22.85,-15.2,-15,5.87,22,19,8,-3,41
Northern Ill.,Buffalo,23.5,16.33,11.75,15.88,17.12,4.57,19,13.69,14.82,17,15.1,15,18.42,17,16.62,11.57,18.89,11.14,17.2,17.48,21.15,16.96,-6.94,17.1,5.08,4.06,21.98,15.49,25,17.05,14.76,17,17,19.5,19,11.07,14.27,15.5,21.4,22.86,19.4,20,15,22.5,22.5,27.87,21.5,17.22,20.03,4.29,20,,20,20.9,24,26.7,20.62,13.2,,21.5,10.9,14,18.72,18.66,23.4,9,4.95,7,44,8,37,51
Northwestern,Indiana,3.5,5.58,-0.2,5.51,11.38,4.86,6.81,6.34,6.25,1,4.26,3,4.36,6.5,5.47,4.29,9.68,4.37,6.09,10.42,4.05,5.73,5.75,3.58,2.37,1.04,11.95,10.98,19,5.65,6.05,7.72,5,4.5,8,6.05,13.23,7,7.7,11.39,5.9,8,1.4,3.5,6.3,1.61,2.4,11.75,7.64,21.45,5,,4,8.7,6,3.4,5.72,4,,2,3.9,7,11.37,4.74,2.3,-1,3.50,14,24,8,10,38
Penn St.,Ohio St.,-18.5,-21.27,-14.33,-20.76,-21.09,-31.48,-16.47,-21.59,-19.2,-12,-20.48,-18,-25.57,-20.5,-21.66,-27.25,-23.51,-8.8,-20.08,-21.04,-28.75,-20.21,-16.81,-35.03,-12.31,-15.52,-17.35,-19.71,-19,-20.34,-19.12,-14.36,-25,-18.5,-17,-8.21,-17.23,-13.5,-17.6,-23.02,-20.9,-15,-12.8,-18.5,-18.9,-20.91,-27.8,4.15,-19.68,-24.01,-18,,-29,-15.5,-24,-17.2,-21.38,-18.7,,-19.5,-25,-8,-25.96,-25.51,-24.7,-21,5.54,21,24,8,3,45
SMU,Houston,-22,-24.04,-19.65,-20.97,-23.87,-21.59,-19.49,-26.56,-22.88,-12,-23.17,-23,-26.46,-25.5,-24.26,-19.42,-30.2,-11.15,-22.63,-14.59,-25.35,-22.36,-37.75,-38.88,-18.06,-17.04,-22.05,-25.6,-22,-23,-22.84,-17.7,-26,-22,-24,-26.98,-25.05,-23.5,-20.3,-28.39,-21.3,-23,-19.3,-22,-16.2,-25.27,-23.7,-37.17,-25.36,-12.59,-26,,-28,-20.9,-27,-24.1,-21.38,-16,,-21,-19.8,-15,-26.08,-24.84,-26.2,-27,4.67,16,38,8,22,54
San Diego St.,San Jose St.,23,19.87,21.51,21.56,28.13,22.58,20.6,22.43,19.02,26,19.31,20,22.6,22.5,20.07,20.63,22.56,17.19,21.42,21.46,19.45,20.9,18.09,18.14,17.05,12.73,25.99,17.67,34,21,18.66,17.13,28,22,18,26.6,17.56,22,22.8,27.46,20.3,22,19,23,22.7,28.23,24.1,32.95,23.31,5.85,15,,21,19.9,21,23.7,25.13,14.9,,23,17.6,19.5,21.14,20.8,25.4,17,3.83,3,42,8,39,45
South Alabama,Troy St.,-9,-11.4,-15.85,-10.32,-14.18,-10.41,-12.38,-9.4,-9.89,-8,-5.13,-13,-16.4,-9,-11.71,-16.54,-8.09,-9.98,-10.6,-14.37,-8.25,-8.31,-25.22,-9.02,-3.91,-1.22,-14.71,-2.89,-15,-10.37,-9.69,-12.94,-8,-8.5,-8,-16.72,-9.91,,-8,-16.57,-12.2,-11,-5,-9,-10.5,-11.2,-5.8,-8.17,-10.86,-21.1,-11,,-17,-7.3,-14,-7.8,-12.38,-11.7,,-9,-15.9,-4.5,-9.85,-15.48,-9.7,-18,3.76,28,21,8,-7,49
South Carolina,Massachusetts,20,17.15,13.25,19.64,8.92,11.74,13,18.82,17.69,19,12.52,10,17.31,15,17.09,11.9,18.94,12.96,17.31,16.01,21.65,21.05,4.03,16.97,12.36,5.53,18.18,20.15,13,17.94,17.48,23.18,23,21,23,15.58,11.02,,22.5,17.55,23.1,20,17,20,18.4,21.64,21.8,8.2,19.04,4.05,19,,20,24.2,22,8.7,20.12,19,,20.5,16,9,24.83,15.59,22.4,7,4.52,28,34,8,6,62
Stanford,Colorado,-1,3.73,-2.48,9.24,-8.82,-14.68,-3.68,-2.84,8.02,-1,-0.51,-2,-7.63,3.5,2.82,3.61,8.75,1.36,0.26,0.01,-1.65,-1.17,3.25,7.01,5.74,-0.53,-4.71,5.9,-8,0.05,8.75,-0.13,7,3.5,0.01,2.32,5.79,11.5,-0.7,-9.26,1.2,7,-1.5,-1,-5.7,-12.22,-16.8,-7.26,2.06,9.27,5,,-4,0.7,4,-6.1,6.12,2.7,,2.5,-2.2,14.5,3.32,-7.03,0.01,-12,6.35,10,5,8,-5,15
Temple,South Florida,-6.5,-5.16,-6.17,-5.89,-4.86,-1.68,-3.66,-9.34,-7.38,1,-8.44,-6,-4.44,-7.5,-4.81,-12.08,-3.12,-5.74,-5.63,-5.96,-6.45,-6.8,-17.44,-10.55,-5.59,-4.45,-8.92,-1.5,-5,-5.93,-6.68,-6.27,-5,-7,-10,-9.22,-6.1,-2,-8.3,-7.69,-3.8,-8,-5.4,-6.5,-2.2,2.65,-2.2,-3.48,-8.07,-4.13,-4,,-6,-7.6,-8,-5.3,-6.68,-3.6,,-6.5,-6.8,3.5,-8.67,-5.02,-3.1,-10,2.98,30,46,8,16,76
Texas St.,Louisiana-Lafayette,-6,-2.17,1.59,1.05,-8.53,-3.21,0.45,-1.24,-2.35,6,0.87,3,-1.14,2.5,-2.11,0.2,-6.04,2.89,-1.62,4.62,-0.55,-3.28,6.5,-2.39,2.27,0.99,1,2.87,-7,-1.31,-2.55,-1.7,2,-6,-5,1.6,-5.8,,-5,-5.17,-1.7,-1,-9.7,-5,4,-2.31,-3.7,-63.14,-6.07,-0.99,-3,,-3,-4.4,-1,-12,-1.38,-2.3,,-6,-1,-1,0.92,0.1,-8.9,-1,3.71,27,3,8,-24,30
Texas Tech,Oklahoma,-15,-12.63,-7.24,-7.72,-5.23,-5.27,-7.82,-15.89,-14.83,-3,-5.15,-13,-10.46,-14.5,-12.22,-5.8,-14.86,-4.97,-11.06,-7.82,-13.25,-13.33,-15.97,-16.15,-7.05,-7.5,-8.67,-9.82,-8,-11.47,-14.84,-10.23,-13,-13.5,-10,-11.47,-13.19,-15,-15.7,-11.47,-8.9,-11,-12.6,-14.5,-17.9,-9.15,-12.4,22.11,-11.56,-2.54,-16,,-17,-13.8,-14,-15.2,-13.38,-7.1,,-13.5,-7.1,-10,-17.06,-10.37,-13,-6,3.69,66,59,8,-7,125
Texas-San Antonio,UTEP,10.5,14.23,17.35,18.15,22.22,19.95,17.63,19.08,13.01,24,5.53,16,21.82,16,14.55,13.12,15.08,15.64,15.95,21.88,18.65,12.36,-6.78,10.89,2.51,7.68,25.4,11.75,33,15.9,12.4,10.82,14,9.5,10,13.68,8.27,,16.3,29.44,18.5,14,17,11.5,18.4,18.41,16.5,31.23,15.9,4.02,10,,22,14.6,18,11.9,13.22,15.5,,9.5,21.7,8,11.29,20.12,,16,5.59,52,49,8,-3,101
Toledo,Central Mich.,10,11.91,6.49,11.53,10.86,10.36,11.54,13.47,10.73,8,7.73,8,10.15,9.5,12.11,8.68,13.73,10.38,10.58,13.59,14.65,9.97,12.34,9.23,5.04,2.54,8.73,13.68,21,10.61,10.88,6.95,16,11,10,10.64,10.03,11.5,8.7,8.66,11.8,11,6.5,10,16.7,14.26,2.9,18.37,8.84,0.23,10,,13,8.8,12,9.5,9.22,11.3,,10.5,11.7,12.5,10.57,11.22,12.4,6,3.13,17,31,8,14,48
Tulsa,Tulane,10.5,11.14,7.29,9.64,9.22,8.77,6.76,9.94,12.94,11,10.11,8,5.93,11.5,10.82,5.87,8.83,9.06,10.42,8.62,9.95,11.4,15.63,14.41,11.73,3.35,7.61,10.2,7,10.15,12.82,11.25,14,11.5,10,12.4,13.8,7,17,4.21,11.7,15,14.9,10.5,14.1,17.64,15.1,-2.1,8.94,-0.1,14,,5,16.8,16,9.3,10.42,6,,10.5,2.1,10,13.13,5.25,11.3,4,3.55,27,50,8,23,77
UCLA,Utah,6.5,6.25,-1.69,4.24,7,-1.03,7.27,5.09,2.81,6,5.77,-2,8.87,-4.5,6.79,8.89,-0.25,-2.2,4.88,7.32,7.35,5.5,-5.25,-3.17,-0.47,-4.5,8.16,2.33,6,5.75,3.43,8.85,7,6,4,-1.35,3.09,7,6.1,9.47,8,5,8.5,6.5,6.5,10.52,10.7,12.56,8.99,0.46,5,,5,4.5,9,9,5.72,4.8,,7,5.2,4,7.33,8.34,6.8,-6,3.91,52,45,8,-7,97
UNLV,Colorado St.,1.5,-1.43,-0.59,-3.48,-2.8,9.28,-1.83,2.68,-2.16,3,-1.19,-0.25,-2.24,-0.5,-1.29,-3.11,-5.26,-2.61,-0.89,-2.12,1.35,-1.58,-6.81,5.47,-1.54,2.85,-2.47,-5.28,-4,-1.68,-2.33,3,0.01,2,-2,-2.9,2.38,-3,3.6,-6.39,1.4,0.01,5.7,1,-0.2,-1.94,-1.2,-10.15,-1.88,0.31,-2,,-3,4.2,-3,3,-1.77,-4.7,,2.5,-9.3,0.5,-2.83,-4.06,2,1,3.29,42,23,8,-19,65
Utah St.,Fresno St.,18,15.1,12.55,20.05,21,18.15,15.9,11.19,15.14,14,12.2,12,17.06,13.5,15.12,16.59,14.48,17.97,15.79,15.97,17.55,20.14,-0.06,20.04,10.6,5.97,17.28,13.22,11,15.85,14.94,15.62,18,14,13,14.08,12.51,12.5,15.7,19.08,16.1,13,14.4,18,12,21.89,18.9,18.15,18.23,12.36,14,,20,15.8,16,17.2,19.13,17.3,,16,17,14.5,12.3,19.79,18.4,7,3.17,20,38,8,18,58
Virginia,North Carolina,-10,-9.97,-13.81,-10.69,-1.79,-8.81,-9.7,-7.51,-11.14,-9,-8.23,-15,-14.93,-15.5,-9.79,-8.35,-5.35,-8.24,-10.07,-6.13,-13.35,-4.92,-24.53,-17.62,-9.64,-9.83,-5.26,-12.94,-8,-9.67,-10.96,-12.85,-8,-10.5,-9,-16.42,-14.55,-5,-11,-4.53,-8.4,-8,-6.3,-10,-8.1,-5.37,-15.6,-36.22,-8.08,-2.08,-9,,-15,-10.6,-12,-8.6,-13.88,-7.6,,-9,-8.1,-12.5,-13.5,-12.09,-7.5,-11,3.42,35,14,8,-21,49
Virginia Tech,Miami (Fla.),6.5,2.15,0.41,-1.32,-1.9,5.03,7.13,6.89,0.38,10,5.48,0.25,2.2,2,2.55,0.6,7.12,0.37,2.62,-1.35,7.65,3.19,2.06,4.93,0.95,2.2,12.82,-1.28,-5,2,0.34,-2.84,3,4,2,2.76,1.39,10.5,2,5.4,1.6,3,7.2,5.5,4.4,12.85,3.2,4.61,1.77,0.75,6,,-1,1.4,4,1,-0.68,1.3,,6.5,-1.6,1,1.12,3.2,5.5,-3,3.59,16,37,8,21,53
Washington,Oregon St.,36.5,30.96,25.85,28.49,38.43,34.13,29.04,29.58,31.3,30,19.68,27,35.56,28,30.95,29.4,33.69,18.08,31.7,31.72,38.95,35.35,39.47,37.44,24.04,28.56,34.49,29.15,36,31.51,30.84,33.06,38,31.5,28,29.93,33.79,34,37.7,38.69,31.8,28,33,36,32,37.33,25.2,38.32,33.36,20.93,27,,39,35.9,44,38,28.12,29,,36.5,30.9,19.5,32.78,34.08,38.4,28,5.24,17,41,8,24,58
West Va.,TCU,5.5,3.43,14.97,6.79,4.55,13.27,9.65,13.12,4.85,14,7.92,17,12.43,7.5,3.27,11.47,6.06,12.78,8.6,13.22,9.75,6.97,16.44,2.21,4.06,14.5,16.45,4.25,17,7.72,4.14,5.86,8,5,4,14.03,1.14,1,4.8,15.09,8.8,7,2,5.5,13.5,15.06,12,11.25,7.52,13.82,8,,20,4.8,12,7.3,2.62,4.9,,6,8,-4.5,1.54,12.11,6.3,6,5.06,10,34,8,24,44
Western Kentucky,Old Dominion,13.5,12.11,2.37,12.54,9.85,1.7,6.66,10.91,11.33,8,11.83,4,7.22,4.5,12.19,0.93,20.05,2.14,10.91,3.94,10.85,11.41,1.84,18.7,10.63,7.08,6.85,16.28,14,11.81,11.88,10.13,24,14,12,6.62,12.54,,13.3,6.35,14.4,15,6.7,13.5,13.2,4.85,11.8,6.22,12.43,-1.93,16,,5,13.1,16,14.8,16.22,13.7,,13.5,9,20,15.69,8.19,15.4,2,5.01,24,59,8,35,83
Western Mich.,Eastern Mich.,23.5,31.36,20.23,22.33,28.7,24.96,26.82,28.01,28.59,15,28.94,25,34.75,24,31.82,20.83,31,16.16,27.55,22.12,38.95,28.94,30.09,38.79,15.64,17.69,31.68,21.75,37,28.01,28.92,29.45,34,21.5,28,26.04,27.2,27.5,32.7,37.27,29.4,28,26.1,24,28,29.69,31.1,34.15,30.35,31.32,28,,34,30,34,20.7,26.12,22.1,,23.5,20.5,19.5,33,35.04,25.4,17,5.84,31,45,8,14,76
Arizona,Stanford,-4.5,-11.37,-10.17,-10.73,-16.84,-6.15,-7.69,-7.8,-13.27,-5,-8.44,-7,-12.09,-8,-11.03,-13,-10.82,-6.41,-8.66,-7.93,-13.95,-4.84,-22.41,-14.17,-5.25,-2.49,-7.22,-7.85,-6,-8.8,-13.36,-4.55,-12,-7,-9,-14.36,-7.26,-7.5,-10.2,-9.9,-8.6,-11,-5.3,-5.5,-10.3,-3.17,-1,1.27,-9.52,-4.73,-10,,-12,-9.3,-8,-4.1,-14.31,-2.9,,-5.5,-0.4,-6,-12.21,-10.75,-2,-4,3.75,34,10,9,-24,44
Arkansas St.,Louisiana-Monroe,20.5,15.33,6.85,13.42,17.98,3.53,10.99,17.01,15.31,5,17.91,7,13.64,9.5,15.3,8.43,19.65,6.98,14.73,10.25,18.95,16.44,1.06,14.3,10.17,4.65,14.22,13.5,12,15.31,15.67,15.93,20,18,21,10.22,12.26,28,25.1,17.18,14.6,13,20.8,19.5,17.4,22.22,18.1,31.05,17.04,2.44,14,,19,23.7,19,16,12.19,12,,20,11,18.5,18.99,16.61,22,4,4.91,10,51,9,41,61
Buffalo,Akron,-18,-15.24,-21.26,-19.45,-20.27,-9.68,-19.58,-18.11,-17.2,-16,-10.11,-23,-13.84,-22.5,-14.99,-9.94,-7.5,-11.89,-16.07,-18.36,-18.85,-14.71,3.25,-22.91,-14.2,-0.01,-19.63,-20.52,-21,-16.36,-16.23,-12.48,-11,-14.5,-17,-15.62,-9.96,-5,-14,-22.9,-13.9,-15,-11.2,-18,-21.8,-16.48,-11.6,2.46,-14.92,-4.4,-19,,-19,-12.8,-18,-29.3,-20.81,-4.1,,-17.5,-8.4,-8,-22.76,-21.69,-19.8,-21,5.43,20,41,9,21,61
Central Mich.,Kent,14.5,12.82,18.47,12.99,7.45,11.92,8.91,8.08,16.26,20,7.4,15,10.38,19,12.24,20.26,14.29,11.15,13.53,12.01,11.45,11.91,14.75,23.58,19.5,10.2,9.75,13.48,3,13,15.89,13.76,15,12.5,14,19.74,10.51,15.5,15.1,7.53,13.5,13,14.7,14.5,9.5,17.01,24.3,-7.1,12.29,6.44,12,,13,15,15,6.3,18.19,10.4,,15,10.9,14.5,16.67,11.54,17,11,4.23,27,24,9,-3,51
East Carolina,Connecticut,6.5,3.14,1.37,4.03,-6.01,2.22,2.74,-3.84,0.91,3,-5.4,2,3.55,2.5,3.52,0.57,4.68,-0.65,1.99,1.03,-0.95,5.02,0,5.08,1.03,1.22,1.37,0.47,3,2,1.19,2.24,8,6,-2,0.12,-2.19,7,-1.5,0.3,4.7,2,1.8,5.5,-1.2,10.6,12.7,2.27,3.29,0.04,8,,4,-1.8,-5,-1.4,5.89,3.3,,6.5,4.7,1.5,-0.63,2.71,6.5,-1,3.59,3,41,9,38,44
Eastern Mich.,Miami (Ohio),7,5.87,18.61,6.36,6.83,11.34,7.26,3.18,9.37,19,0.01,17,6.54,20,5.31,17.15,2.61,11.94,7.96,9.46,5.05,5.37,8.31,2.2,12.5,5.35,8.42,10.06,5,6.68,8.65,5.05,6,6.5,6,16.95,5.52,6,4,5.61,9.9,6,6.1,7,7.5,10.71,7.1,11.87,5.08,4.78,3,,9,4.9,6,8.6,9.39,7.9,,7,11.2,1,6.24,7.27,7,11,4.47,28,15,9,-13,43
Florida,Georgia,7,11.61,11.99,7.86,17.84,17.12,11.83,5.12,7.79,9,-0.78,11,14.65,6,12.27,3.6,5.7,9.74,8.45,7.36,7.4,13.3,12.84,9.37,4.21,11.7,7.62,4.46,16,7.77,7.74,8.58,3,5.5,7,11.9,3.52,-2,4.5,10.42,8,6,8.6,7,10.2,14.02,4.7,20.3,6.2,9.72,7,,13,5.5,5,8.9,4.4,4.6,,7.5,7.6,4.5,5.86,16.24,7.5,10,3.95,10,24,9,14,34
Florida Atlantic,Western Kentucky,-21.5,-18.79,-22.34,-20.04,-30.52,-15.79,-17.59,-27.49,-19.26,-15,-8.8,-25,-25.65,-22,-18.76,-17.99,-22.26,-11.31,-21.14,-22.71,-24.75,-16.37,-3.22,-24.72,-13.18,-5.54,-24.27,-21.42,-22,-21.37,-18.77,-15.83,-22,-20,-22,-20.94,-20.42,,-19.9,-29.52,-21.9,-21,-14.4,-21.5,-27.2,-27.98,-27.6,-26.35,-18.85,-32.95,-17,,-29,-22.1,-23,-36.9,-21.31,-14.3,,-21,-17.5,-18,-29.46,-24.87,-26,-21,5.63,52,3,9,-49,55
Florida Intl.,Middle Tenn.,-18,-19.41,-15.38,-18.06,-18.33,-18.37,-13.53,-21.39,-18.54,-13,-11.6,-19,-20.03,-26,-19.58,-7.89,-17.02,-9.27,-17.32,-16.45,-23.15,-17.96,-11.69,-17.61,-9,-5.76,-18.32,-14.67,-29,-18.18,-18.58,-17.16,-20,-16.5,-19,-17.17,-11.88,-12.5,-15,-20.94,-19.8,-17,-10.4,-18,-18.7,-20.39,-22.4,-14.24,-15.62,-2.83,-14,,-24,-14.5,-22,-22.6,-20.3,-13.1,,-16.5,-18.3,-9,-20.08,-18.77,-18,-17,4.55,42,35,9,-7,77
Florida St.,Clemson,-4,-5.14,-10.6,-4.45,-11.97,-10.95,-1.83,-3.76,-6.26,-4,0.91,-15,-8.61,-13,-5.01,-21.16,-5.79,-4.37,-6.09,-4.8,-6.85,-4.56,-4.94,-7.27,-3.97,-4.5,-6.27,-3.4,-18,-4.9,-5.82,-2,-5,-2.5,-6,-1.3,2.91,-9.5,-4.6,-10.12,-5.7,-5,-3.7,-4,-1.3,-4.62,-2.7,-17.92,-4.54,-28.42,-7,,-10,-4.6,-1,-17.4,-1.61,-2.7,,-4.5,-8.6,-3.5,-3.28,-6.7,-7.8,-10,4.56,37,34,9,-3,71
Fresno St.,Air Force,-14,-12.31,-14.41,-12.85,-21.44,-17.63,-11.38,-9.62,-14.73,-7,-9.78,-15,-17.16,-13,-11.9,-16.46,-11.35,-10.35,-13.24,-10.74,-16.35,-11.68,2.13,-22.05,-6.84,-5.82,-14.83,-5.92,-22,-12.85,-14.45,-9.63,-9,-12,-6,-14.78,-10.86,-9.5,-12.4,-18.26,-11.4,-14,-9.6,-14,-7.8,-12.98,-13.6,-5.57,-16.99,-12.98,-12,,-17,-12.1,-10,-21.3,-20.31,-14.1,,-13.5,-17.7,-12,-10.24,-16.09,-15,-17,4.10,31,21,9,-10,52
Georgia Southern,Appalachian St.,-4.5,-5.44,-5.54,-7.87,-5.64,1.08,-7.24,-8.07,-5.1,-2,0.84,-4,-8.19,-2,-5.52,-8.81,-3.53,-6.18,-4.7,-6.92,-6.45,-3.63,-9.91,-3.95,-3.76,-2.31,-3.87,-5.41,-10,-4.86,-5,-4.45,4,-4.5,-7,-8.55,-8.51,,-4.4,-7.13,-0.5,-3,-4.9,-4.5,-9,-3.96,-1.1,-39.88,-2.12,-1.09,-3,,-7,-4.6,-2,-7.7,-4.81,1.3,,-4.5,-3.5,-2,-6.28,-8.55,-2.8,-3,2.96,34,10,9,-24,44
Georgia Tech,Duke,6.5,6.46,9.51,7.5,10.06,4.83,6.74,7.95,9.05,5,9.36,7,5.85,8.5,6.02,9.65,8.11,10.02,7.51,9.8,3.45,7.39,17.28,11.24,7.78,4.83,8.33,10.27,11,7.87,8.57,6.18,10,8,8,13.17,0.16,-0.5,11.4,6.3,6.7,9,7,6.5,6.9,1.98,3.5,-0.45,9.16,1.63,8,,9,11.4,7,14.8,9.39,3.3,,6.5,0.4,-1,6.36,7.96,7.5,5,3.05,35,38,9,3,73
Hawaii,New Mexico,3,-0.66,1.98,0.96,-0.01,-4.13,0.76,0.56,0.86,6,1.51,-0.25,-1.7,3,-0.89,3.01,-1.39,2.07,-0.59,3.58,-5.45,-1.99,-2.25,-4.3,-1.15,-0.5,3.56,0.34,1,-0.13,0.45,0.82,-4,2,-2,0.11,-6.2,-8.5,-5.6,2.99,0.3,0.01,-8,2,-1.4,-2.56,-2.2,-7.76,0.85,0.32,1,,-1,-4.5,-7,4.5,-0.61,1.2,,3,-0.6,-4,-2.66,-1.7,2.3,-9,2.93,28,21,9,-7,49
Houston,Central Florida,9.5,12.51,8.52,13.51,3.04,10.28,9.33,16.03,12.34,7,19.66,11,9.02,15,12.48,10.46,18.99,7.09,12.62,2.69,10.35,11.17,20.53,26.42,14.3,12.39,6.1,17.28,14,12.72,12.92,14.05,24,12,11,14.93,21.22,28.5,18.4,4.77,13,15,14.2,10,5.2,10.2,14.4,5.45,13.13,0.91,14,,6,17.3,18,4.8,14.69,10.4,,9.5,7.4,21,18.54,7.11,11.5,10,5.13,24,31,9,7,55
Illinois,Minnesota,-8.5,-3.61,-7.34,-8.09,-14.07,-12.18,-3.14,-2.21,-7.08,-1,2.98,-7,-4.65,-7,-3.03,-8.94,-2.79,-6.76,-5.23,-5.88,-1.45,-3.73,-20.78,-6.16,-3.34,-7.1,-6.5,-0.95,-20,-5,-6.53,-2.06,0.01,-10,-4,-12.04,0.01,-8,-3.8,-7.72,-2.4,-5,-5.2,-8,0.3,-2.08,-3.4,-44.92,-5.7,-4.41,-2,,-5,-3.7,-5,-7.7,-5.51,-5.4,,-9,-7.9,-4,-1.65,-4.31,-11.8,-9,3.90,40,17,9,-23,57
Indiana,Maryland,3,3.02,-3.58,0.23,0.01,-5.17,3.31,8.87,1.41,2,6.81,-4,1.4,-2.5,3.28,-1.52,2.98,-1.01,2.98,4.57,8.95,1.34,-7.09,5.04,3.84,4.69,0.17,6.75,1,2.75,1.78,0.45,7,5,7,-1.55,9.36,5.5,3.9,-0.76,1.5,2,2.5,3,12.3,7.44,7,-1.6,0.01,-1.6,1,,3,2.8,7,0.01,-0.51,5.7,,5,5.9,6,10.33,2.69,4.7,-5,3.77,36,42,9,6,78
Iowa St.,Kansas St.,-6,-10.33,-15.54,-4.75,-9.47,-18.25,-9.32,-10.53,-11.21,-12,-2.58,-13,-15.55,-14,-10.22,-22.36,-4.7,-8.75,-9.33,-5.53,-4.75,-5.29,-21.59,-13.58,-8.83,-4.42,-9.91,-9.7,-15,-9.39,-10.84,-6.81,-8,-7,-8,-15.45,-8.6,-4.5,-5.6,-14.17,-9.6,-10,-7.9,-6.5,-4.2,-6.87,-11.3,11.49,-12.38,-3.59,-6,,-14,-5,-4,-15.3,-12.31,-2.7,,-6,-4.9,-0.5,-7.62,-12.72,-4.9,-14,4.45,31,26,9,-5,57
Louisiana Tech,Rice,30.5,18.77,19.18,22.15,22.53,18.64,17.84,21.89,18.92,20,17.91,24,21.16,26.5,18.81,20.53,24.12,19.04,21.35,19.03,21.65,21.19,8.72,31.08,17.81,9.33,21.16,25.61,19,21.16,18.35,20.17,25,23.5,23,23.28,14.45,26,17.8,21.28,19.6,21,11.5,29,22,28.15,24.9,41.75,19.74,13.61,18,,24,16.5,26,37,25.69,14.7,,28.5,18.6,24.5,25.3,21.77,30.5,17,4.62,16,61,9,45,77
Memphis,Tulsa,7,8.57,4,7.51,8.83,6.99,4.07,4.44,6.07,6,0.32,9,8.13,8,9.03,3.96,17.6,3.57,7.03,3.89,9.35,6.3,7.13,12.31,4.19,7.08,8.19,10.14,10,7.14,6.39,5.86,12,6.5,5,5.79,11.46,20.5,5,13.3,10.2,8,2.5,7,2.4,0.48,6.2,34.09,11.15,-0.09,8,,11,7.2,11,-8.4,6.99,7.6,,6.5,6.3,10.5,3.29,8.59,6.5,3,3.89,59,30,9,-29,89
Michigan St.,Michigan,-25,-27.97,-32.67,-25.13,-45.77,-43.95,-31.76,-29.5,-25.92,-24,-17.41,-32,-44.27,-28,-28.55,-45.16,-19.98,-12.8,-27.49,-26.72,-32.45,-28.13,-39.31,-27.81,-14.04,-12.25,-30.09,-22.53,-34,-26.71,-24.99,-27.18,-19,-20,-22,-26.37,-13.81,-6,-27,-42,-29.5,-22,-22.2,-25,-26.7,-41.59,-26.6,-73.74,-26.77,-15.7,-25,,-43,-24.3,-26,-26.6,-21.81,-18.8,,-24.5,-29.6,-6,-24.74,-43.51,-29.5,-34,8.75,32,23,9,-9,55
Mississippi,Auburn,-4.5,-2.7,-8.61,0.83,-7.34,-18.14,-3.46,-6.99,-2.02,-1,-3.54,-9,-8.14,-3,-2.93,-10.71,1.79,-4.75,-3.41,-2.8,-5.95,-4.38,-8.63,-3.05,0.2,-3.75,-3.4,-0.69,-3,-3.02,-1.55,-2.51,1,-2,-4,-4.72,0.74,8,-5.8,-5.43,-2.5,1,-8.1,-4.5,-3.9,-12.2,0.7,10.46,0.41,-18.33,-2,,-8,-4.7,2,-12,2.29,4.3,,-4.5,0.8,11,-5.33,-9.57,-0.4,-9,4.72,40,29,9,-11,69
Missouri,Kentucky,6,5.61,0.23,2.72,5.04,13.09,5.09,0.23,1.6,2,1.41,4,8.98,2,6.31,0.14,7.97,-0.54,4.15,3.28,2.65,7.76,-3.97,6.24,-4.45,3.16,6.68,-5.24,17,3.8,2.02,8.98,9,4,-2,-2.29,2.96,4.5,3.6,7.98,12.8,7,1.9,6,-4,10.09,10.4,0.68,8.37,-1.14,5,,7,3.3,6,7.3,4.69,2.4,,5.5,-1.4,2.5,-9.07,8.3,5.5,1,4.81,35,21,9,-14,56
NC St.,Boston College,15,14.19,13.94,15.49,15.77,16.08,14.52,12,13.65,17,8.21,12,17.21,13,14.32,9.02,11.94,10.91,15.22,16.39,17.35,12.17,25.06,19.81,13.03,12.01,17.62,18.15,22,14.9,13.36,13.78,14,14.5,15,18.84,17.43,15,11.8,20.47,14.8,13,9.4,15,15.8,22.33,15.5,19.76,15.03,2.21,12,,24,11.7,19,19.7,13.1,13.7,,15.5,19.9,9.5,22.17,15.95,17.5,9,3.56,21,14,9,-7,35
Notre Dame,Miami (Fla.),0,-3.27,-10.74,-2.14,-4.65,-11.01,-5.11,-1.32,-4.56,-2,-2.34,-10,-11.18,-8,-3.1,-9.57,4.05,-6.87,-3.42,-4.49,-2.85,-3,-20.81,-0.28,-4.94,-0.73,-7.92,-3.08,-7,-3,-3.92,-2.36,2,1,0.01,-12.33,1.23,9,-2.6,-7.29,-2.8,-3,0.9,-0.5,0.01,0.24,-6.3,-24.52,-1.82,-3.29,1,,-9,-1.3,-2,-6.3,-0.61,1.9,,-2,-3.1,12.5,0.9,-7.81,-4.7,-12,4.39,27,30,9,3,57
Ohio St.,Northwestern,26,24.74,21.91,19.25,24.5,32.15,21.11,21.66,22.81,27,18.28,20,29.19,21.5,25.1,20.95,24.09,13.64,22.16,15.47,25.15,24.79,24.34,37.12,14.44,21.52,19.49,13.71,18,21.59,23.02,22.61,29,21.5,13,16.95,15.37,17.5,18.4,23.8,27.2,20,20.5,25.5,16.6,34.32,32.7,23.21,24.52,-8.71,22,,27,16.7,26,19.3,27.19,16.6,,26.5,16.8,13.5,17.65,30.81,28.5,18,5.62,20,24,9,4,44
Oklahoma,Kansas,40,33.82,27.29,33.11,37.77,30.97,28.84,34.56,36.45,30,28.8,36,32.51,36.5,33.35,29.16,39.23,17.7,34.66,28.42,39.75,34.67,30.69,53.22,29.52,25.02,32.91,35.5,34,34.33,36.44,32.91,39,41,37,37.32,36.19,42,40.9,37.29,35.2,35,31.5,39,34.1,38.58,30.4,24.59,38.69,16.96,34,,39,38.8,42,44.6,33.69,28.5,,40,23.9,33,46.06,33.39,42,23,5.73,3,56,9,53,59
Oklahoma St.,West Va.,-4,-2.32,-7.61,-4.26,-3.63,-8.6,-5.45,-5,-3.59,-2,-5.33,-9,-9.19,-2.5,-2.18,-12.22,-5.48,-5.88,-4.3,-4.48,-4.45,-4.07,-11.66,-2.16,-1.35,-9.5,-9.45,-0.53,-14,-4.23,-2.85,1.94,-4,-1,-2,-6.15,7.48,6,3.5,-12.28,-0.8,-2,6.2,-4,-6.1,-10.81,-12.7,-53.53,-5.21,-11.47,-4,,-10,3.6,-1,-13.2,-0.71,1.5,,-3.5,-4.2,6,-5.61,-7.58,-3,-2,4.85,20,37,9,17,57
Oregon,Arizona St.,8.5,1.27,-5.83,4.42,-0.93,-6.42,0.28,-0.71,-0.2,2,-2.86,-6,-3.07,-2.5,1.48,-6.77,4.46,-2.11,1.25,3.83,-2.65,3.76,-10.97,-5.07,0.21,-2.88,1.74,-5.49,1,1.47,0.32,4.69,6,7.5,-2,-5.46,3.8,9.5,3.3,1.46,3.6,5,2.4,7,1.1,3.72,11,-1.84,6.65,-2.32,4,,-5,3.1,2,8.5,6.69,6.3,,8.5,2.8,12,-2.57,0.14,8.5,-8,4.47,35,54,9,19,89
Oregon St.,Washington St.,-14,-15.13,-8.24,-13.39,-18.52,-20.34,-14.48,-14.13,-15.79,-5,-11.83,-12,-20.51,-12,-15.08,-7.44,-20.06,-8.93,-15.52,-15.26,-18.15,-15.84,-25.44,-20.5,-13.65,-6.89,-16.45,-18.03,-28,-15.28,-15.19,-14.62,-16,-15.5,-14,-16.83,-19.21,-20,-16.4,-20.51,-12.6,-14,-16.2,-14,-14.7,-18.28,-20,-17.61,-17.48,-13.02,-16,,-22,-14.6,-22,-11.6,-19.3,-9.7,,-13,-11.2,-12.5,-20.19,-18.55,-15.3,-16,4.28,35,31,9,-4,66
Pittsburgh,Virginia Tech,-3.5,-4.81,-1.21,-1.64,-6.14,-7.17,-9.44,-8.14,-0.9,-1,-12.17,-2,-10.39,0.01,-5.6,-0.41,-6.57,-0.01,-3.8,-0.74,-10.25,-2.94,-0.16,-4.87,2.24,-6.46,-12.27,0.29,-1,-2.97,-0.95,2.24,-3,-3.5,0.01,-0.12,2.6,-2,-1.9,-10.75,-5.2,-3,-3,-3.5,-4.3,-13.79,-7,3.62,-5.42,-0.04,-7,,-9,-0.7,-5,-6.9,-1.01,0.9,,-3.5,0.4,3.5,-2.17,-9.39,0.01,-5,4.24,39,36,9,-3,75
Purdue,Penn St.,-14.5,-17.44,-18,-17.92,-21.49,-8.47,-17.48,-19.67,-19.11,-10,-3.05,-17,-24.29,-14.5,-17.18,-16.33,-15.23,-10.3,-16.04,-18.85,-17.15,-12.89,-33.31,-11.75,-8.95,-11.36,-18.67,-7.82,-31,-15.75,-18.74,-13.95,-14,-13.5,-14,-22.08,-12.58,-9,-11.9,-24.91,-15.5,-14,-15.2,-14.5,-16.1,-19,-14.3,-13.45,-16.48,-5.04,-12,,-26,-11.6,-13,-29.9,-19.31,-10.4,,-13.5,-16,-11,-13.79,-24.43,-12.4,-13,5.35,62,24,9,-38,86
San Jose St.,UNLV,-3,-2.37,-5.5,2.98,-10.66,-4.38,-4.11,-3.79,-0.11,-4,-6.67,-6,-8.51,-3.5,-2.81,-9.78,0.01,-2.45,-2.43,-5.58,-3.45,-0.65,9.16,1.28,3.17,-0.51,-6.56,0.52,-6,-2.2,0.01,0.14,0.01,-1,0.01,-0.69,4.63,6,-2.3,-9.7,-1.7,-1,-4.8,-3,-2.1,-3.92,-3.8,-4.93,-3.24,-2.73,1,,-7,-1.3,6,-14.9,-0.61,4.3,,-2.5,-1.3,4.5,0.86,-6.06,-1.9,-9,4.14,24,30,9,6,54
South Alabama,Georgia St.,6,1.34,4.98,1.18,6.69,3.87,0.34,6.72,4.23,5,9.26,4,-0.25,6,0.84,7.94,-0.72,4.08,3.04,4.27,2.95,2.6,3.16,5.87,7.23,5.35,5.39,8.81,12,3.25,3.81,0.39,3,2.5,4,6.6,5.32,,3.2,5.73,3.2,3,6.1,5.5,-1.7,-0.23,3.3,6.41,4.59,3.2,-1,,1,3.8,-5,-3,0.89,-0.2,,3.5,-0.3,-4.5,-3.2,1.22,3.2,2,3.46,10,13,9,3,23
South Carolina,Tennessee,-15,-14.98,-15.44,-17.51,-16.52,-8.06,-11.46,-10.07,-19.05,-6,-5.65,-14,-15.22,-13.5,-14.36,-18.19,-13.19,-10.61,-14.17,-15.94,-7.25,-13.79,-29.06,-17.25,-13.64,-13.3,-8.84,-13.91,-25,-14.53,-18.73,-14.76,-8,-12.5,-17,-20.17,-21.63,-14.5,-18.8,-14.32,-11.1,-17,-15.8,-15,-15.1,-12.01,-12.1,-7.21,-14.3,-20.93,-15,,-18,-18.8,-13,-6.8,-20.8,-8.4,,-13.5,-10,-7,-15.85,-14.69,-15.8,-11,4.23,21,24,9,3,45
South Florida,Navy,6,6.3,1.46,4.86,4.5,4.56,5.55,-2.55,3.89,6,5.93,3,5.28,5.5,6.74,-4.24,6.08,6.63,4.64,5.7,0.15,5.59,2.44,2.21,-2.86,-1.75,7.42,-5.17,3,5.39,3.95,11.72,4,7,5,2.52,4.95,2.5,9.5,8.99,7.7,9,7.9,6,-0.7,7.74,7.1,12.92,12.22,0.66,7,,8,8.8,8,0.4,8.09,4.5,,6.5,2.7,4,-4.46,5.9,7.5,1,3.90,45,52,9,7,97
Southern Miss.,Marshall,16,8.96,13.22,10.47,14.66,13.4,11.08,15.77,10.64,16,12.3,16,10.74,13,8.73,20.82,7.65,12.67,12.92,19.95,9.95,13.05,8,13.98,10.48,9.78,16.59,6.46,15,12.49,10.01,10.23,11,14,10,15.64,4.09,18.5,11.1,16.98,9.4,13,8.7,15.5,13.4,23.97,31.2,20.63,13.35,23.22,12,,19,11.6,10,15.1,14.69,8.3,,15,15.9,6.5,13.71,11.11,15.8,7,4.50,14,24,9,10,38
TCU,Texas Tech,9.5,7.93,3.96,7.78,3.5,3.75,5.22,3.44,10.75,5,2.75,7,2.37,11,7.4,7.33,11.17,6.82,6.89,3.7,4.35,7.44,13.97,13.99,8.85,3.5,5.78,6.64,6,7,10.76,7.26,11,7,7,9.27,7.61,7.5,7.5,3.49,4.3,6,8.8,8.5,5.9,5.85,2.1,-5.93,7.14,1.12,6,,5,6.5,6,11.5,7.59,7.6,,9.5,7.1,13.5,9.53,3.24,9.2,1,2.77,27,24,9,-3,51
Temple,Cincinnati,7,11.65,11.95,12.47,18.52,11.47,15.07,9.55,9.03,16,-1.67,11,17.48,10.5,12.15,7.23,12.37,10.55,12.11,14.48,14.75,8.92,16.41,4.75,5.35,6.12,13.72,13.47,23,11.73,9,10.89,14,8,13,14.82,8.18,7.5,8.5,17.19,12.9,9,7.6,8,17.7,24.02,15.6,17.72,9.92,1.11,10,,19,8.5,15,11,9.49,10.8,,7.5,14.7,11,11.81,18.44,9.5,7,4.45,13,34,9,21,47
Texas,Baylor,-4,-5.59,-13.35,-3.95,-9.67,-10.46,-4.67,-2.01,-9.75,-3,0.7,-15,-7.96,-11,-4.88,-18.82,-8.24,-7.36,-6.22,-4.26,-2.65,-4.52,-22.81,-11.38,-5.89,-7,-5.16,-3.3,-11,-5.75,-9.18,-4.31,-5,-2.5,-6,-13.4,0.9,1,-2.5,-6.8,-5.2,-3,-0.01,-4,-1.7,-7.28,0.5,-4.17,-4.61,-12.14,-6,,-5,-1.1,-6,-5.6,-6.31,-6,,-3.5,-8.9,-10,-3.56,-7.99,-7.8,-18,3.99,34,35,9,1,69
Texas A&M,New Mexico St.,44.5,45.62,35.85,40.72,36.84,38.9,39.54,42.77,47.13,31,30.37,40,48.8,39,45.42,42.88,45.43,19.1,41.49,36.54,48.65,44.11,45.91,54.49,28.4,28.9,40.18,35.98,56,42.94,46.69,44.98,47,41,44,40.8,31.09,26.5,47.4,47.9,46.3,43,43.4,44.5,38.8,40.91,51.7,60.1,43.63,32.87,40,,44,48.5,49,48,37.69,36.6,,43.5,34.6,17.5,48.63,49.69,45.5,28,7.68,10,52,9,42,62
Texas-San Antonio,North Texas,3.5,-0.29,-3.11,0.97,1.24,-0.27,-0.36,-2.51,-1.69,2,-2.94,2,-1.73,-1,-0.11,-0.66,3.92,-0.85,-0.15,-0.5,-4.75,-3.33,5.31,-1.04,-5.74,4.04,1.53,-6.39,-1,-0.28,-1.16,0.27,-1,2.5,-7,-1.83,2.19,,2.7,0.55,-0.01,5,5.3,3,-6,-0.81,-0.2,3.19,5.1,-1.05,3,,-3,1.1,-2,6.1,4.69,2.6,,3.5,3.3,6,-11.99,-2.29,3.2,-2,3.54,17,31,9,14,48
Toledo,Ohio,16,16.93,15.9,17,17.87,17.35,16.71,17.43,16.5,14,14.55,16,15.4,17,17.05,16.75,18.84,12.12,17.09,18.21,20.35,18.57,33.06,18.95,11.92,5.96,18.16,17.13,21,17.09,16.18,16.34,22,16.5,18,22.62,15.52,19,17.5,18.62,19.9,17,9.5,16,16.3,20.84,20.3,-14.33,17.63,5.98,19,,20,16.8,21,13.5,18.69,15,,17,14.6,12,20.19,20.13,19,9,3.04,31,26,9,-5,57
Tulane,SMU,1,-2.49,-0.26,-4.26,-5.3,4.04,1.97,1.2,-5.74,-1,2.45,1,0.52,0.01,-1.96,-1.79,-2.47,-2.15,-1.97,-4.65,-0.85,-2.46,-5.38,4.88,2.62,5.14,-0.79,0.35,-7,-1.65,-5.2,-1.51,1,-2.5,-4,-2.01,-0.3,5.5,-9.7,-2.43,-1.2,-5,-2.5,0.5,-11.3,-8.8,-4,-13.39,0.23,-1.52,-1,,-4,-7.4,-5,-2.5,-1.41,-0.7,,3,-1,2.5,-5.47,-1.17,0.9,2,3.44,35,31,9,-4,66
USC,California,19.5,12.68,9.48,10.7,13.87,10.71,13.07,16.48,12,12,14.78,14,16.42,12.5,12.79,14.32,13.31,8.26,13.09,13.72,18.05,16.06,16.34,11.63,5.49,1.7,13.4,14.51,8,13.35,12.15,13.54,16,14.5,10,12.48,13.74,9,15.1,14.1,12.8,13,17.7,18,18.1,22.92,12.4,20.41,11.62,2.27,15,,17,15.1,19,17.7,11.19,9.7,,16.5,7.3,2,15.23,14.31,17.3,3,3.84,24,45,9,21,69
UTEP,Old Dominion,-5,-9.12,-10.35,-8.72,-16.09,-11.04,-10.33,-7.21,-7.47,-6,-0.13,-18,-18.12,-10.5,-9.51,-4.2,-9.29,-8.43,-8.67,-11.26,-11.05,-10.79,9.69,-10.6,0.01,-2.48,-13.17,-0.14,-13,-9.06,-6.84,-7.44,-4,-5,-5,-7.54,-10.8,,-10.3,-17.13,-11.6,-9,-10,-5.5,-8.9,-11.08,-12.6,-22.42,-7.89,-1.3,-4,,-11,-11.2,-11,-4.6,-7.31,-3.1,,-4.5,-5.3,-2,-6.79,-12.82,-3.4,-13,4.22,31,21,9,-10,52
Utah,Washington,-10.5,-11.38,-7.26,-5.35,-17.4,-11.89,-10.76,-11.75,-8.93,-4,-4.64,-8,-18.9,-1,-11.8,-16.97,-10.68,-4.62,-10.2,-13.51,-13.45,-14.74,-3.06,-7.63,-3.38,-3.5,-13.17,-7.09,-11,-10.4,-8.95,-11.37,-8,-10.5,-10,-2.16,-6.25,-14.5,-16.8,-20.26,-12.3,-8,-12.7,-10.5,-8.8,-10.49,-8.1,-24.4,-14.02,-10.51,-9,,-20,-14.8,-14,-20.1,-10.31,-6.3,,-10,-12.3,2.5,-5.49,-15.62,-8.9,-14,5.00,31,24,9,-7,55
Utah St.,San Diego St.,-4.5,-4.62,-6.47,-2.63,-6.96,-9.62,-2.61,-6.65,-4.5,-4,-1.8,-6,-4.58,-7.5,-4.67,-2.16,-6.05,-3.99,-5.09,-1.95,-4.85,-3.77,-13.19,-7.19,-7.04,-3.97,-2.54,-7.5,-8,-4.71,-4.36,-4.75,-7,-6.5,-8,-10.73,-9.84,-11,-8.9,-4.36,-2.9,-6,-2.5,-4.5,-6.8,-1.63,0.8,-2.74,-4.98,-2.56,-3,,-2,-6.7,-6,-9.8,-4.61,-0.6,,-6,-3,-7.5,-8.59,-2.15,-4.9,-11,2.58,40,13,9,-27,53
Virginia,Louisville,-34,-24.91,-28.06,-22.25,-28.36,-30.26,-23.46,-23.6,-24.07,-24,-7.85,-32,-36.49,-28.5,-25.17,-28.16,-18.26,-12.01,-25.55,-21.25,-28.55,-26.5,-38.63,-26.18,-14.22,-17.16,-23.5,-20.27,-28,-25,-23.41,-27.49,-19,-27,-20,-26.22,-27.09,-5,-26,-29.46,-27.8,-23,-22.3,-33,-21.9,-40.91,-42.2,-24.71,-26.02,-12.78,-25,,-36,-25.2,-25,-45,-23.31,-18.6,,-32.5,-23.6,-15,-22.46,-35.12,-37.5,-30,7.02,32,25,9,-7,57
Wake Forest,Army,6.5,6.52,10.2,14.42,5.48,6.08,5.74,10.72,11.44,13,12.66,7,5.73,9.5,5.68,13.51,11.65,10.88,9.73,16.63,10.05,7.53,27.84,7.84,10.96,1.67,13.95,18.06,3,9.96,10.68,10.64,10,7.5,18,17.64,5.26,6,13.8,9.93,7.1,10,6.3,6.5,18.7,6.02,2.5,0.16,9.71,3.35,7,,10,16.9,11,1,9.69,7.8,,6,6.3,3.5,19.48,8.84,3.5,-1,4.55,21,13,9,-8,34
Wisconsin,Nebraska,9,7.54,1.7,7.24,8.38,7.47,9.98,10.52,4.39,10,9.04,1,12.74,2,8.06,0.85,8.62,1.09,8.1,7.27,11.85,6.4,4.66,3.99,4.51,2,9.98,13.05,11,8.18,4.52,6.95,11,8,8,3.93,14.57,8.5,7.1,13.16,9.6,5,7.1,9,13.9,16.5,8.3,-7.28,8.39,-19.76,9,,16,6.1,12,7.7,5.19,7.4,,9,8.6,9,9.1,12.81,8.7,-3,3.75,17,23,9,6,40
Wyoming,Boise St.,-15,-16.07,-11.12,-11.79,-14.2,-8.18,-10.54,-8.17,-16.5,-3,-7.57,-16,-15.52,-15,-15.97,-19.88,-21.68,-7.54,-13.48,-4.79,-11.35,-14.79,-21.69,-19.44,-8.43,-13.57,-10.2,-15.01,-16,-14.2,-16.99,-14.2,-15,-14,-11,-12.45,-9.47,-10,-16,-14.07,-11.7,-15,-16.3,-15,-6.5,-15.28,-19.9,-28.05,-17.34,-24.18,-17,,-13,-15.6,-14,-23.4,-19.31,-8.3,,-13.5,-7.2,-15,-12.97,-14.52,-12.4,-8,4.23,28,30,9,2,58
Akron,Toledo,-10,-11.73,-5.07,-10.97,-11.45,-12.87,-6.99,-8.52,-9.7,1,-6.05,-8,,-7.5,-12.1,,-13.07,-4.43,-9.81,-6.68,-12.75,-11.15,-17.41,-8.99,-1.91,-2.92,-4.76,-5.16,-15,-9.95,-9.75,-11.11,-17,-9,-12,-9.41,-9.14,-12,-14.4,-8.05,-14,-11,-9.9,-10,-12,-18.27,-18.7,-10,-7.93,-0.74,-11,,-10,-15.3,-11,-7.9,-10.4,-10.9,,-10,-9.7,-5.5,-7.56,-11.63,-8.9,-10,3.88,48,17,10,-31,65
Appalachian St.,Texas St.,31,31.46,25.99,30.29,36.19,28.69,27.95,29.83,30.78,30,21.86,25,,28,31.63,,28.69,17.73,30.76,27.48,33.85,30.65,22.75,34.41,21.58,13.48,31.43,32.04,37,31,30.43,29.87,31,31.5,34,32.63,36.47,,37.1,37.6,33.1,32,34,31,35.6,38.1,37.7,27.37,28.49,3.73,30,,39,35.9,37,,28.6,23.1,,31.5,20.7,25,38.1,33.22,33.5,18,5.48,10,35,10,25,45
Arkansas,Florida,-3.5,-6.15,-4.83,-2.69,-5.45,-19.19,-4.52,-3.41,-3.67,-4,4.43,-8,,-2,-6.59,,-5.74,-1.15,-3.65,-3.29,-2.45,-3.55,-3.16,0.69,0.69,-9.1,-5.19,3.57,-12,-3.67,-3.5,-5.34,3,-4,0.01,-4.35,1.43,10,-2.2,-8.34,-6.1,-4,-8.4,-3.5,-0.01,-9.29,4.9,6.42,-3.68,8.11,-2,,-8,-1.8,2,,-0.61,-0.3,,-4.5,-4.6,-6,1.91,-8.52,-5.9,-7,4.37,10,31,10,21,41
Army,Air Force,1,3.79,3.74,-2.09,1.8,7.68,6.85,1.87,0.9,7,3.74,4,,2.5,4.36,,-3.47,1.83,2.98,5.62,3.25,1.64,0.44,0.61,2.89,4.19,3.2,4.5,6,3.1,0.71,5.5,3,2,6,1.64,1.38,-8,3.1,5.72,6.1,0.01,6.6,1,2.7,7.88,5,-15.63,-1.35,0.51,2,,7,1,5,,-1.9,1.7,,2,4.3,-4,2.57,4.74,1.2,3,2.85,31,12,10,-19,43
Auburn,Vanderbilt,25.5,24.77,18.73,24.29,28.84,30.09,23.33,26.77,22.45,19,25.59,15,,18.5,25.27,,23.83,15.11,24,19.28,36.45,23.9,32.06,28.85,9.55,21.48,22.21,18.59,29,23.9,22.29,22.75,25,24.5,22,22.23,22.3,20.5,26.6,27.12,22.7,21,25.8,25.5,31.1,38.44,25.8,25.8,18.7,18.46,23,,33,25.1,34,,25.6,14.3,,25.5,17.7,14,28.82,31.8,27.5,14,5.74,16,23,10,7,39
Ball St.,Western Mich.,-17.5,-21.18,-23.26,-20.9,-25.76,-19.64,-18.92,-21.37,-23.23,-13,-17.1,-26,,-25,-20.84,,-22.82,-10.83,-21.43,-21.61,-27.15,-18.72,-38.97,-28,-19.56,-13.56,-21.27,-25.41,-25,-21.32,-22.87,-18.88,-26,-18.5,-22,-27.73,-18.57,-17,-25.1,-25.29,-21,-18,-20.9,-18,-24.4,-24.41,-25.4,-53.74,-14.19,-15.91,-18,,-27,-24.5,-25,-17,-20.4,-11.8,,-17.5,-15.5,-13.5,-31.95,-23.77,-20.1,-21,4.54,52,20,10,-32,72
Baylor,TCU,7,8.32,13.79,11.29,16.16,17.41,8.59,11.31,9.53,17,8.66,15,,14,8.18,,10.38,8.99,11.16,12.73,11.15,12.36,19.41,9.9,8.6,14,12.88,11.39,13,11.15,8.9,9.14,13,10,9,16.12,5.43,6,11.1,12.47,13.5,9,8.8,8,13.7,12.8,9.2,14.51,7.64,1.01,7,,14,9.8,15,,9.7,9.9,,8,12.7,4.5,9.56,11.7,9.5,13,2.86,62,22,10,-40,84
Boise St.,San Jose St.,29.5,28.39,28.8,27.39,36.53,25.96,27.17,25.03,29.35,28,23.98,28,,30.5,28.29,,27.89,17.21,28.29,26.84,28.55,30.28,38.75,31.3,19.63,21.68,32.86,27.12,52,27.95,28.85,26.23,30,28,23,35.94,19.58,14,27.5,36,27.9,30,27.2,29.5,24.6,32.75,34.4,36.17,26.73,5.4,27,,31,26,30,37,28.1,20.1,,29.5,26.7,18.5,22.49,31.78,31.5,20,5.56,31,45,10,14,76
Boston College,Louisville,-25.5,-21.41,-18.7,-17.45,-36.61,-20.78,-19.42,-19.42,-19.36,-15,-9.54,-19,,-21.5,-21.84,,-21.19,-9.12,-21.51,-16.54,-24.15,-25.01,-31.59,-30.6,-12.79,-20.17,-21.19,-21.9,-26,-21,-18.94,-23.88,-19,-25,-20,-20.38,-23.85,-14,-24.7,-29.37,-23.6,-18,-20.7,-25,-15,-30.79,-29.9,-23.69,-19.71,-13.06,-21,,-32,-24.3,-25,,-21.4,-15.6,,-25,-20,-15.5,-23.61,-27.36,-27.1,-24,5.38,52,7,10,-45,59
California,Washington,-19,-16.33,-16.55,-10.37,-22.57,-24.53,-12.43,-16.56,-17.56,-11,-6.31,-27,,-25.5,-16.15,,-10.65,-9.04,-16.12,-17.81,-18.05,-18.64,-21.03,-21.62,-11.91,-10.5,-17.61,-13.72,-21,-16.55,-17.1,-13.08,-14,-15.5,-15,-13.54,-13.82,-16.5,-23.4,-22.15,-15.8,-13,-20.8,-19,-16.8,-14.12,-10.6,-20.14,-13.28,-12.64,-17,,-19,-21.2,-22,,-19.91,-12.5,,-16.5,-17.6,0.01,-15.89,-17.42,-19.1,-20,5.08,66,27,10,-39,93
Central Florida,Tulane,16.5,14.48,11.05,13.4,13.57,12.06,13.69,9.81,14.3,16,16.2,11,,14,14.57,,10.7,10.91,13.18,13.23,12.05,14.1,16.63,10.72,6.01,4.69,17.21,11.48,17,13.75,14.08,12.05,11,15,14,14.9,9.79,1.5,14,19,15.6,17,14.4,15.5,,19.08,13.8,15.44,13.61,1.13,16,,14,14,13,,14,9.5,,16.5,,2,13.52,,18.5,,3.30,6,37,10,31,43
Cincinnati,BYU,-7.5,-11.22,-5.04,-12.5,-10.73,-5.82,-9.36,-12.6,-9.89,-4,-5.29,-6,,-6,-11.5,,-10.11,-4.66,-9.89,-12.04,-14.65,-12.3,-17.53,-10.01,-4.59,-4.26,-10.38,-13.06,-21,-10.29,-9.52,-10.94,-15,-9.5,-13,-11.03,-14.1,-4.5,-9.8,-15.14,-9.9,-11,-4.3,-8,-13.5,-9.74,-15.2,-26.12,-7.47,-1.24,-7,,-10,-10.2,-14,,-10.91,-9.7,,-7.5,-14.6,4,-16.39,-13.1,-7.4,-5,4.57,20,3,10,-17,23
Clemson,Syracuse,28,27.1,28.96,24.88,27.62,29.78,25.18,22.56,28.93,24,15.59,31,,35.5,26.86,,25.18,16.26,26.97,22.79,28.35,24.71,33.78,37.48,25.15,29.93,26.97,28.92,41,27,28.67,26.53,30,26,27,26.51,24.7,25.5,26,30.4,28.6,28,21.7,28,19.8,26.56,27.6,16.43,26.01,29.7,27,,34,25.7,28,,28.1,22.3,,26,23,24.5,28.87,27.65,28.5,19,4.38,0,54,10,54,54
Colorado,UCLA,13,6.83,16.52,10.64,16.12,26.17,14.01,10.29,6.96,17,7.33,15,,16.5,6.96,,2.78,11.36,10.67,12.59,10.55,8.17,20.25,8.6,8.25,7.5,16.93,7.31,13,10.29,5.77,8.02,7,10.5,9,16.91,4.17,1,10.8,18.07,10.2,7,7.3,12.5,11.1,20.48,14.3,22,6.67,2.46,5,,16,10.3,8,16.7,7.1,4,,13,7.8,-8,14.2,15.98,13,12,5.44,10,20,10,10,30
Colorado St.,Fresno St.,16.5,13.45,19.95,19.12,18.27,17.18,15.68,13.56,16.15,20,6.93,19,,20.5,13.02,,13.67,15.3,15.95,20.65,15.85,14.24,1.78,18.24,12.04,8.28,18.65,18.31,15,15.85,15.56,13.97,15,14.5,18,20.26,10.62,10.5,14.2,19.71,13.6,14,11.3,16.5,19.7,18.87,13.2,18.66,12.61,13.29,12,,20,13,20,,19.1,13.1,,15.5,16.2,9.5,21.57,18.46,17.5,12,3.52,0,37,10,37,37
Connecticut,Temple,-10,-12.05,-12.62,-11.86,-14.27,-15.39,-11.37,-11.68,-10.51,-8,-1.85,-12,,-13,-12.36,,-7.26,-7.85,-11.5,-11.21,-16.65,-11.75,-22.56,-10.88,-4.52,-5.07,-9.27,-10.73,-21,-11.11,-10.3,-10.79,-14,-11.5,-15,-17.26,-7.89,-4,-10,-13.23,-10.8,-9,-9.6,-10,-20.3,-18.29,-13.3,-11.43,-6.14,-1.61,-10,,-11,-9.2,-15,-9,-12.41,-6.5,,-10,-10.4,-11,-16.21,-16.61,-9.9,-14,3.76,21,0,10,-21,21
Duke,Virginia Tech,-12,-11.11,-12.3,-12.13,-13.69,-15.37,-14.36,-13.2,-11.95,-7,-19.58,-12,,-13.5,-11.07,,-13.3,-7.88,-11.75,-9.79,-12.25,-12.76,-27.13,-19.59,-8.77,-9.43,-17.6,-11.27,-13,-12.13,-11.13,-8.31,-8,-12,-9,-17.82,-6.84,-6,-15.5,-14.01,-8.9,-11,-13.1,-12,-11.6,-14.82,-13.8,6.2,-10.08,-2.98,-11,,-14,-14.4,-13,,-12.9,-4.3,,-11,-3.8,-0.5,-10.98,-14.69,-10.9,-14,3.63,24,21,10,-3,45
Georgia St.,Arkansas St.,-5,-1.24,0.56,-0.87,-0.78,7.16,0.95,-5.01,-3.44,13,-5.83,0.25,,0.01,-0.83,,-10.59,-0.31,-0.43,3.07,1.05,-3,2.59,-4.85,-5.24,3.2,2.49,-5.71,10,-0.87,-3.43,0.21,-1,-2,-4,-2.07,9.45,,-5.2,1.84,2.2,-2,-2.7,-4,2.8,-0.31,3.7,12.36,-1.91,-2.06,-3,,-5,-5.4,-9,-3.3,1.59,7.9,,-5,11.9,-2.5,-3.57,0.11,-2.9,-1,4.86,31,16,10,-15,47
Illinois,Michigan St.,-8.5,-4.35,2.28,-8.06,-17.73,1.77,0.85,-5.09,-4.44,1,-0.71,2,,0.5,-4.27,,-9.87,1.13,-5.08,-2.23,-6.05,-8.45,-2.25,-2.66,-0.44,-10.87,-2.74,-2.74,-10,-5,-4.94,-3.14,-5,-7,-6,0.01,-12.75,-11,-5.8,-7.99,-3.9,-7,-9.3,-8,-3.9,-10.53,-7.4,-14.39,-6.68,-0.92,-5,,-6,-6.5,-3,,-8.9,-7.1,,-7,-6.8,-9.5,-4.29,-3.19,,1,4.15,27,31,10,4,58
Iowa St.,Oklahoma,-20.5,-19.19,-22.51,-11.58,-12.59,-23.84,-12.92,-16.4,-22.7,-19,-4.77,-26,,-29.5,-18.53,,-16.01,-9.95,-18.31,-10.97,-16.35,-16.64,-33.56,-29.04,-17.76,-17.82,-12.55,-18.32,-20,-18.42,-22.62,-18.05,-19,-19.5,-16,-25.9,-22.88,-19,-19.7,-16.16,-16.9,-19,-18.2,-20.5,-13.6,-20.63,-20.5,-4.47,-16.31,-3.86,-18,,-20,-19.3,-19,-37.3,-22.41,-9.3,,-20.5,-6.4,-20.5,-20,-16.96,-20.9,-23,5.69,34,24,10,-10,58
Kansas St.,Oklahoma St.,2,-1.34,-1.44,-0.14,-0.14,4.82,-0.89,-1.53,-3.6,3,7.91,-1,,-1,-0.92,,0.64,-1.36,-1.3,-3.13,-3.05,-1.18,-2.78,0.94,-2.37,-5.5,2.36,-3.12,-3,-1.36,-3.62,-4.11,2,1.5,-2,-2.44,-7.15,1,-5.5,2.36,0.6,-2,-4.3,1.5,-5.8,-0.23,4.5,0.44,2.25,0.01,1,,1,-5.6,-4,,-0.41,-3.9,,2.5,-4.2,-9,-1.82,-1.8,2.8,-7,3.18,43,37,10,-6,80
Kentucky,Georgia,-3,-0.15,6.6,-0.85,1.81,-3.8,3.49,-0.01,-0.61,8,0.01,5,,4.5,-0.01,,-5.73,4.82,0.07,1.61,0.95,-4.65,0.47,-2.47,1.82,-1.45,0.93,0.23,-4,-0.15,-0.86,-2.81,-2,-3,1,5.14,-0.37,-7,-3.4,-2.17,-2.5,-1,-2.4,-2.5,3.8,5.06,10.3,-13.11,-3.87,-0.25,1,,1,-4,-6,,-3.91,-2.6,,-2.5,1.1,-7.5,6.02,2.63,-3.2,3,3.77,27,24,10,-3,51
LSU,Alabama,-7,-10.03,-15.11,-13.64,-14.96,-13.24,-6.46,-8.54,-11.2,-8,-3.59,-14,,-29,-9.88,,-10.61,-6.59,-10.21,-12.09,-6.05,-7.5,-3.69,-17.31,-14.29,-6,-10.84,-9.99,-14,-10,-10.66,-5.48,-10,-7.5,-9,-2.43,-8.83,-8,-8.4,-11.64,-11,-9,-6.3,-7,-10.5,-7.56,-16.1,-16.45,-6.82,-35.51,-8,,-14,-8,-4,,-11.91,-7.1,,-7.5,-11.7,-4,-13.81,-10.74,-7.4,-15,4.37,10,0,10,-10,10
Louisiana-Lafayette,Idaho,4.5,3.8,-0.93,3.09,0.61,10.03,3.73,4.83,2.37,1,-0.68,0.25,,-2,4.03,,1.41,1.98,3.27,0.52,3.05,5.48,0.81,6.55,1.22,5.51,-0.47,1.41,15,3.05,2.75,4.94,6,5.5,4,-0.31,2.47,4,1.4,-0.01,5,2,2,4.5,2.1,4.37,6.5,3.45,4.65,-1.71,6,,1,0.8,3,,5.7,7.2,,5.5,6.5,5.5,-1.43,4.41,5.5,1,3.06,23,13,10,-10,36
Louisiana-Monroe,South Alabama,-11,-10.72,-8.94,-9.63,-18.87,-9.56,-7.52,-15.93,-10.48,-11,-12.88,-8,,-8,-10.78,,-16.36,-5.21,-11.89,-8.42,-19.55,-13.07,6.78,-9.25,-3.98,-3.23,-13.12,-8.42,-31,-10.72,-10.3,-8.44,-12,-13,-15,-7.46,-10.63,,-17.6,-19.68,-10.6,-6,-18.3,-11,-15.1,-14.41,-15.9,-12.05,-7.97,-1.63,-7,,-21,-13.6,-13,,-7.9,-10.3,,-13.5,-17,-0.5,-12.81,-16.98,-13.4,-13,5.26,35,42,10,7,77
Miami (Fla.),Pittsburgh,5,5.22,1.34,2.46,3.87,3.04,2.9,2.66,2.95,3,3.42,5,,2.5,5.61,,3.11,1.28,3.53,1.04,3.55,2.15,-1.56,5.22,2.53,6.2,4.31,3.1,5,3.11,3.28,5.29,8,3.5,-1,-0.28,2.06,0.5,3.7,4.63,9,5,1.6,5,-0.3,5.07,7.2,8.15,7.15,-0.78,5,,2,3.6,3,,6.5,2,,3,1.3,3.5,1.19,4.81,3,1,2.08,28,51,10,23,79
Miami (Ohio),Central Mich.,-3,-6.02,-5.81,-7.1,0.4,-2.04,-3.18,6.34,-6.8,-3,3.27,-6,,-6.5,-5.85,,-5.46,-3.3,-3.23,3.4,0.65,-4.86,-3.97,-10.29,-4.16,-2.58,-0.66,7.57,5,-4.89,-6.99,-6.78,-2,-3.5,4,-5.14,-4.92,-13.5,-4.2,-2.66,-6.7,-6,-6.2,-3,9.9,-2.29,-8.8,14.25,-6.01,-0.84,-8,,-1,-5.2,-5,-0.4,-9.4,-5.7,,-4,-4.1,-4.5,5.3,-6,-5.3,-7,4.52,17,37,10,20,54
Michigan,Maryland,28.5,30.56,25.74,26.66,35.43,35.03,31.57,28.19,29.23,23,23.37,30,,31.5,30.85,,28.96,16.47,29.09,26.51,32.55,30.01,29.81,37.72,20.14,25.4,27.05,26.11,33,29,29.08,29.75,29,30.5,27,23.04,30.48,22.5,30.9,35.64,31.1,27,28.7,28.5,26.4,41.02,29.9,37.07,26.45,14.1,27,,38,29.4,33,,27.6,24.3,,31,27.6,21,28.37,37.37,33,20,4.68,3,59,10,56,62
Middle Tenn.,Texas-San Antonio,19,15.84,13.06,11.96,11.53,14.38,10.89,11.97,16.03,13,11.86,12,,18.5,15.78,,14.61,9.57,14.79,10.27,13.15,15.12,22.78,25.11,14.38,6.86,11.73,19.41,11,14.38,16.25,17.79,20,17,18,17.9,14.85,,15.2,10.35,17.2,15,11.3,18,12.6,21.44,20.8,26.21,13.67,1.53,16,,14,17.1,19,,17.1,10.6,,20.5,6.9,13.5,22.42,12.8,22.5,7,3.93,45,25,10,-20,70
Minnesota,Purdue,18,19.33,18.86,18.14,23.7,27.6,20.62,16.93,19.85,21,5.93,21,,20.5,19.29,,15.8,14.83,18.69,19.36,19.45,18.94,35.31,18.24,11.18,12.94,23.64,10.37,30,18.94,19.47,17.11,22,16.5,15,25.33,11.93,18,17.8,25.88,20.6,17,17.5,18,20,20.33,18.3,5.14,18.28,2.84,12,,21,17,22,,25.09,13.2,,17,16.4,14.5,16.14,24.8,19,14,4.50,31,44,10,13,75
Mississippi,Georgia Southern,28,25.86,9.99,23.3,24.61,4.99,21.9,29.01,22.72,13,25.44,11,,13.5,26.41,,27.33,12.25,22.02,18.03,35.05,26.64,23.25,20.1,8.83,13.65,19.09,19,26,23.3,23.3,26.31,26,27,28,18.33,20.18,,26,27.96,20.3,21,23.6,27.5,26.7,31.61,13.4,27.82,19.52,2.17,24,,25,29.1,32,,26.6,17.6,,27.5,18.3,13.5,25.63,28.68,29.5,2,6.59,27,37,10,10,64
Mississippi St.,Texas A&M,-10.5,-13.76,-20.72,-11.46,-14.33,-18.4,-9.69,-14.38,-16.7,-9,-10.52,-21,,-24,-13.36,,-8.03,-9.16,-13.06,-14.97,-13.35,-12.96,-29.53,-19.77,-16.91,-20.35,-13.3,-16.16,-20,-13.3,-15.76,-12.18,-10,-12,-14,-19.88,-8.77,6,-7.6,-14.01,-12.6,-10,-6.2,-10.5,-12.7,-6.14,-21.1,-24.77,-8.13,-29.89,-9,,-20,-6.7,-8,,-13.9,-6.1,,-13,-10.3,2,-13.29,-14.49,-13.4,-19,5.03,28,35,10,7,63
NC St.,Florida St.,-6.5,-8.12,-5.61,-8.07,-3.77,-3.54,-6.99,-10.65,-9.64,-1,-5.59,-5,,-7,-7.86,,-6.83,-3.24,-7.88,-7.72,-10.05,-9.37,-16.56,-7.44,-9.62,-8.6,-4.97,-13.08,-5,-8,-9.53,-11.85,-8,-8,-11,-9.44,-9.68,2,-10.8,-5.99,-6.6,-7,-7.4,-6.5,-9.8,-8.92,-11.9,0.83,-5.16,-2.9,-8,,-11,-11.3,-9,,-9.91,-7.4,,-5.5,-3,-4.5,-14.07,-8.42,-5.4,-5,2.74,24,20,10,-4,44
New Mexico,Nevada,15,8.39,14.24,11.24,15.35,13.01,12.77,14.24,8.9,14,7.41,16,,17,8.38,,4.81,11.35,12.3,15.28,17.55,10.1,7.69,13.33,11.94,5.41,13.04,13.63,17,12.2,8.1,7.94,12,12.5,15,15.69,8.75,-2,12.8,11.74,10.2,10,12.2,14.5,16.3,18.94,19,18.9,8.04,1.81,12,,12,12.5,16,,10.09,7.1,,15,10,6.5,18.65,13.5,16.5,13,3.58,26,35,10,9,61
North Carolina,Georgia Tech,11,7.81,6.39,7.51,3.95,9.73,8.89,7.49,7.8,13,12.22,6,,9,7.82,,10.39,6.24,10.53,10.9,11.25,12.4,13.78,16.21,10.34,15.76,9.74,12.99,6,9.74,7.81,13.24,11,11,13,10.61,14.85,17.5,10.2,7.9,7.9,9,9.7,11,14,17.08,13.8,-10.54,7.12,1.35,6,,14,12.2,16,,9.49,8.4,,10.5,6.6,19.5,20.67,8.25,11.5,2,3.65,20,48,10,28,68
North Texas,Louisiana Tech,-19,-12.32,-5.38,-13.42,-12.68,-4.34,-10.41,-14.54,-9.75,-6,-6.64,-5,,-9,-12.75,,-14.78,-5.35,-11.72,-7.33,-13.05,-16.46,-15.81,-20.31,-7.57,-0.98,-7.95,-14.87,-9,-12.68,-10.18,-13.74,-15,-19.5,-16,-10.56,-14.59,-19.5,-13.1,-11.7,-10,-15,-11,-17.5,-14.3,-17.62,-13.2,-20.27,-11.9,-1.39,-14,,-11,-12.2,-17,,-18.9,-5.7,,-20,-4.8,-14.5,-15.11,-12.96,-20.4,-10,4.31,45,24,10,-21,69
Northern Ill.,Bowling Green,16.5,14.05,11.74,5.51,19.3,23.01,12.73,12.42,11.17,6,18.58,16,,14,14.61,,10.06,10.31,13.63,11.96,19.75,18.49,-5.41,11.97,0.86,11.19,19.32,8.03,16,14.32,10.93,16.67,15,15.5,15,10.82,8.95,-4,16.4,24.25,19.3,12,15.7,16.5,10.6,15.79,18.9,19.89,14.58,11.46,15,,19,14.7,19,19.2,10,8,,16.5,8.9,0.01,8.6,21.19,17.5,14,5.19,20,45,10,25,65
Northwestern,Wisconsin,-5,-6.55,-10.34,-8.07,-3.88,-13.16,-5.36,-2.89,-7.86,-9,2.35,-7,,-9,-6.34,,-5.82,-3.69,-5.62,-0.73,-3.85,-5.1,-14.44,-11.98,-7.64,-13.47,-1.8,-5.66,-4,-5.64,-7.54,-5.64,-6,-5.5,-3,-7.52,-2.83,-3.5,-4.7,-3.57,-5.5,-4,-5,-5,-0.7,-5.84,-7.5,-14.09,-4.98,-1.17,-8,,-10,-3,-2,,-5.71,-3.5,,-6.5,-3.1,-0.5,-2.27,-8.09,-7.4,-6,3.20,21,7,10,-14,28
Notre Dame,Navy,7.5,4.71,-8.17,2.66,-1.79,-5.39,0.1,0.01,1.31,-4,4,-7,,-9,5.27,,4.62,-2.7,1.28,0.79,-1,1.09,-15.97,-2.88,-6.55,-5.51,-0.29,-3.94,8,2,2.15,6,2,5.5,3,-9.36,2.1,-5,8.9,2.52,4.3,4,7.1,6.5,-1.9,3,7.4,14.58,7.34,-1.42,5,,1,10.1,2,,4.9,5.3,,7,1.8,3,-2.88,1.75,7.5,-7,4.77,28,27,10,-1,55
Ohio,Buffalo,19.5,16.78,18.29,15.54,16.12,16.57,20.14,17.36,16.8,28,16.72,18,,23,16.83,,19.37,14.98,17.83,15.75,17.25,18.38,6.09,24.98,16.58,9,15.93,20.53,28,17,16.4,15.72,16,19.5,16,20.03,13.84,10,18.1,16.16,17.3,19,16.9,19,18.7,22.67,18.6,18.86,14.72,1.65,15,,17,18,19,17,25.09,12.7,,19.5,14.9,11.5,21.71,16.99,21.5,16,3.59,10,34,10,24,44
Ohio St.,Nebraska,17.5,17.19,10.83,13.65,17.02,20.76,14.89,18.59,14.68,12,10.96,11,,13,17.6,,17.26,7.39,14.99,9.1,19.85,17.86,8.59,25.98,8.19,5,16.34,12.26,19,15,14.95,15.69,20,13.5,11,7.31,17.79,16.5,12.1,20.19,18.9,13,14.3,17.5,10.6,21.46,21,21.52,16.18,0.28,15,,18,11.7,19,,16.29,8.4,,17,8.1,15.5,14.62,20.3,19,9,4.44,3,62,10,59,65
Old Dominion,Marshall,10,4.25,14.58,8.39,17.81,11.27,9.6,12.23,8.11,16,5.28,16,,16.5,3.72,,-1.72,13.23,8.8,19,6.85,7.24,1.47,7.77,6.97,7.08,15.76,1.54,13,7.77,6.63,4.52,0.01,8,8,14.88,3.28,,5.5,14.95,5.2,5,6.2,10,12.8,18.99,17.1,33.93,4.61,22.1,-1,,19,5.9,4,,7.19,0.8,,10.5,7.1,-4.5,12.25,10.19,11.5,7,5.79,14,38,10,24,52
Penn St.,Iowa,6,4.27,16.05,5.09,7.91,-1.13,8.21,12.01,5.97,17,5.45,12,,13.5,4.05,,1.84,7.25,7.5,8.91,10.05,2.5,13.75,2.35,8.42,10,7.13,5.23,7,7.13,5.26,5.76,8,6.5,9,12.38,3.86,0,2.5,7.69,8.4,6,6.7,6,11.2,17.4,16.7,32.25,2.99,1.02,6,,13,2.9,9,,5.7,4.2,,7.5,5.6,0.5,8.14,10.09,7.5,6,4.20,14,41,10,27,55
Rice,Florida Atlantic,4.5,5.5,8.12,2.64,8.86,7.29,6.66,10.89,5.15,6,4.71,10,,10,5.58,,4.45,-7.85,5.7,10.69,6.25,0.14,1.53,2.76,4.7,2.86,9.31,5.06,5,5.99,5.08,5.49,6,2.5,7,4.67,5.99,-1,3.1,10.55,7.3,6,8,4.5,7.9,11.45,10,14.5,3.16,19.45,5,,8,6,6,,2.69,3.6,,4,4,-2.5,8.56,6.3,4,2,3.41,42,25,10,-17,67
Rutgers,Indiana,-11.5,-12.09,-7.6,-6.02,-2.3,-15.06,-7.45,-9.57,-10.65,-6,-10.84,-8,,-7,-12.36,,-10.61,-4.68,-9.9,-5.49,-15.45,-10,-16.22,-15.33,-6.67,-9.1,-5.74,-11.57,-22,-10,-10.64,-6,-10,-11.5,-13,-10.16,-10.31,-10,-9.4,-14.08,-9.3,-6,-12.7,-11.5,-7,-18.47,-9.8,-26.09,-7.97,-1.97,-10,,-16,-8.4,-10,,-5.61,-4.5,,-14,-7,-11.5,-12.72,-12.75,-13.9,-14,3.83,33,27,10,-6,60
SMU,Memphis,-3,-5.8,0.17,0.47,-1.09,-1.96,-1.46,-2.17,-1.6,4,-0.95,-2,,-1.5,-6.49,,-12.89,0.88,-2.63,5.67,-4.95,-3.1,-3.69,-17.96,-6.69,-2.99,0.3,-5.02,4,-2,-2.52,-1.89,-9,-3.5,-1,-0.89,-10.81,-21,-0.6,-4.81,-4.3,-4,-2.4,-3,8.4,6,2.8,0.19,-6.73,-0.15,-8,,1,-3.8,-6,,-4.4,-1.5,,-3,2.2,-11,-0.88,-3.28,-3.9,-9,4.77,51,7,10,-44,58
San Diego St.,Hawaii,20.5,19.92,16.03,20.19,19.72,26.54,16.85,15.41,17.75,19,12.59,20,,22,20.29,,23.73,12.84,19.93,13.23,20.75,20.95,30.59,22.12,18.05,11.77,16.49,17.27,24,20.19,18.23,22.51,27,21,17,24.83,23.47,33.5,25.9,17.89,21.2,20,23.3,20.5,22,23.33,22.2,13.89,17.86,2.47,18,,14,23.7,23,,25.1,14.6,,21.5,14.5,23.5,23.4,18.89,23.5,16,3.86,0,55,10,55,55
South Carolina,Missouri,6.5,1.74,6.94,6.57,3.25,3.24,4.63,8.77,4.8,12,7.94,3,,9,1.23,,1.61,7.82,4.87,6.85,8.55,0.24,13.91,2.63,8.19,3.19,5.33,9.55,8,4.7,4.1,1.63,4,6.5,7,11.73,-2.28,5,5.1,3.82,0.8,2,4.7,6.5,8.9,1.97,-13.3,7.73,0.85,1.89,2,,6,5,4,,3.9,8.8,,7,9.7,3,13.33,2.93,7,-1,4.22,21,31,10,10,52
Southern Miss.,Charlotte,19.5,21.61,16.19,18.04,21.99,16.93,16.31,18.49,21.42,17,19,19,,18.5,21.61,,24.15,13.01,19.84,16.64,21.45,16.95,8.63,30.77,11.33,11.84,19.64,10.79,27,19.95,21.81,19.24,27,19.5,14,18.62,17.35,,20.6,22.67,22.2,23,15.9,19.5,13.4,20.2,32.1,7.43,21.42,13.15,24,,19,20.9,22,,26.1,20.9,,19.5,21.3,22,16.96,19.95,21.5,13,4.37,38,27,10,-11,65
Stanford,Oregon St.,16.5,19.58,15.14,21.15,10.59,15.96,15.04,12.75,21.7,16,12.9,11,,16.5,19.17,,22.86,13.3,17.61,12.8,18.55,17.04,29.91,27.17,17.24,12.28,13.93,18.03,16,17.24,21.93,19.1,25,14.5,14,22.38,23.6,27,21.7,14.38,18.7,22,19.4,16.5,13.4,14.29,12.1,16.63,18.79,1.77,20,,15,20.9,20,,26.1,15.6,,14.5,10.5,19.5,19.94,15.59,16.5,6,4.10,15,26,10,11,41
Texas Tech,Texas,-3,-0.66,1.92,1.64,2.15,5.74,1.99,-2.09,-0.56,1,2.25,4,,3.5,-0.68,,0.31,1.61,0.49,0.47,-0.85,-1.33,3.69,0.01,2.81,-0.5,0.01,1.19,1,0.69,-0.59,-1.43,1,-4,0.01,1.46,-0.19,-2.5,-4.1,-0.54,1,1,-5.1,-2,-4.3,4.48,3.8,0.91,0.36,0.05,2,,1,-3.2,1,,-0.2,0.5,,-3.5,-1.6,4,0.9,0.69,-3.9,1,2.24,45,37,10,-8,82
Troy St.,Massachusetts,21.5,18.8,28.11,21.42,25.21,27.55,19.73,23.33,20.95,28,13.64,26,,26,18.53,,15.48,16.98,22.22,27.15,21.15,21,29.81,22,20.42,14.22,29.08,19.32,31,22,19.95,23.66,20,22,19,32.81,21.1,,16.6,28.1,25.4,23,14.1,21.5,22.8,28.87,23,5.75,18.59,15.27,19,,26,15.7,23,,26.6,21.2,,20.5,26.1,13.5,22.69,22.94,23,24,4.61,31,52,10,21,83
Tulsa,East Carolina,10,8.18,14.74,10.47,13.87,14.79,11.83,18.32,11.85,14,14.59,17,,18,7.59,,1.7,11.8,11.6,13.6,14.15,9.09,25.88,13.8,14.99,10.49,11.62,13.66,16,11.83,11.02,11.85,8,7,11,20.33,12.34,-6.5,12.8,11.35,9.7,8,12.3,10,17.2,11.73,2.5,14.83,6.37,2.51,3,,11,12.4,13,,8,6.8,,8.5,8,8,17.06,12.02,9,11,3.92,24,45,10,21,69
USC,Oregon,17,11.59,14.35,9.73,13.89,19.09,11.7,15.56,10.94,12,17.6,19,,17.5,11.75,,7.63,9.52,12.73,9.55,19.75,13,21.75,17.47,8.25,16.22,11.24,12.64,15,12.2,10.63,14.14,14,14,10,16.65,14.87,3.5,12.2,11.33,12.3,11,10.6,16.5,15.6,22.23,10.8,17.03,7.1,1.47,14,,11,13.6,18,,7.19,5.3,,17,5.7,0.5,15.97,11.92,18,9,4.14,20,45,10,25,65
Wake Forest,Virginia,2.5,5.02,14.05,3.35,-0.3,17.53,6.32,-2.61,7.51,17,3.8,11,,13,4.64,,2.75,10.36,5.28,2.16,0.85,3.19,21.66,8.63,6.03,5.43,6.26,2.39,10,5,6.82,6.64,1,2,-3,14.84,6.23,-4,0.7,4.6,8.1,5,1.4,2.5,-0.9,6.51,9.7,1.94,6.25,0.55,1,,5,-0.2,2,,6.5,4.4,,3,4.5,-0.5,1.31,6.43,3,7,4.65,20,27,10,7,47
Washington St.,Arizona,15,17.1,18.74,17.36,21.06,30.71,18.85,19.44,18.81,18,20.11,22,,24,16.9,,18.86,14.56,19.53,20.91,22.95,14.86,38,24.17,15.87,12.94,24.26,19.72,29,18.81,17.78,15.98,19,15.5,21,27.89,15.13,12.5,17.1,24.88,17.6,18,15.1,15.5,25,22.74,22.2,31.06,13.72,4.8,14,,31,15.8,24,,17.59,10.4,,17,12.5,10.5,27.84,22.21,18.5,19,4.84,7,69,10,62,76
West Va.,Kansas,33.5,31.69,30.44,33.27,38.81,39.57,31.34,31.28,33.08,30,30.71,27,,29.5,31.52,,40.06,18.07,32.93,26.86,38.55,36.06,32.03,46.74,26.89,28.26,35.31,32.32,43,32.32,32.35,32.27,36,34.5,33,38.99,28.2,26.5,34,40.27,33.2,31,25.7,33.5,31.4,39.92,32.9,45.28,31.07,13.89,29,,39,31.9,38,,28.1,26.2,,34.5,28.3,22.5,37.61,38.27,36.5,23,5.36,21,48,10,27,69
Western Kentucky,Florida Intl.,33.5,27.19,22.22,24.64,28.93,22.4,24.16,27.34,25.16,27,15.23,27,,28,27.58,,31.01,15.53,26.96,23.27,35.05,28.19,20.81,29.57,15.4,12.14,28.63,23.06,37,27.6,25.23,29.04,35,26.5,25,27.84,30.3,,30.5,32.15,31.3,29,22.2,32.5,29.3,28.95,28.3,33.45,22.86,2.9,24,,37,29.4,36,,27.6,23.5,,30,23.8,25.5,30.41,28.97,31.5,20,5.24,21,49,10,28,70
Wyoming,Utah St.,4,2.44,14.57,6.14,7.99,12.59,6.44,12.79,6.07,14,10.09,13,,16.5,1.93,,-1.75,10,8.03,14.48,9.15,2.5,24.69,7.16,12.34,12.67,12.71,15.26,22,6.8,4.71,4.16,2,7,13,19.08,5.27,-4,5.4,10.64,5.1,5,1.7,4,12.8,6.33,0.8,17.04,1.76,3.41,1,,11,4.2,10,,4.5,4.7,,5.5,11.1,-6,11.95,6.8,5.5,10,5.52,28,52,10,24,80
Air Force,Colorado St.,5.5,4.55,3.4,3.61,5.3,10.58,2.9,6.64,5.95,5,-2.06,4,,5,3.63,,11.09,4.05,5.3,0.96,6.15,3.12,5.41,12.43,6.44,7.15,5.07,-1.03,13,5.77,5.91,5.99,6,5,-1,5.55,8.6,4.5,6.8,3.33,7,8,6.4,5.5,0.9,6.53,7.1,4.58,7.87,-0.66,4,,3,6,2,7.2,5.77,9,,6,,11,-0.41,1.32,5.9,3,3.28,46,49,11,3,95
Akron,Bowling Green,9.5,10.46,16.5,4.72,7.22,21.55,12.46,8.26,10.64,14,9.96,22,,19.5,10.8,,4.13,13.53,9.57,10.2,12.65,7.39,-3.69,18.25,12.21,11.03,13.77,9.95,10,9.87,9.82,9.87,1,8,7,14.29,3.78,-2.5,4,15.44,8.1,8,8.9,9.5,0.7,0.76,9.3,27.05,9.76,11.66,10,,13,2.9,5,12,9.36,0.3,,9.5,,-2.5,7.27,14.68,9.4,16,5.30,38,28,11,-10,66
Alabama,Mississippi St.,29.5,32.12,31.9,31.02,34.11,39.78,26.64,30.62,31.95,28,19.16,36,,43.5,32.49,,28.18,16.92,30.6,27.56,31.95,30.8,31.56,41.3,28.46,27.85,30.79,27.13,40,31.02,31.42,26.69,32,29,30,24.41,31.65,19.5,30.4,33.9,32.3,30,24.7,29.5,31.9,35.01,39.6,39.83,26.09,14.18,28,,31,29.7,33,38.8,28.07,20.9,,29,,15,32.06,33.01,31.9,22,5.57,3,51,11,48,54
Arizona,Colorado,-16,-19.98,-22.4,-15.35,-24.01,-40.66,-19.29,-19.02,-17.65,-19,-18.09,-21,,-22.5,-22.25,,-12.32,-10.08,-18.87,-16.3,-27.55,-21.02,-35.38,-20.27,-8.89,-12.04,-21.25,-13.2,-28,-19,-16.7,-16.58,-16,-15,-19,-24,-12.05,1,-20.7,-27.48,-18.2,-15,-17.2,-16,-22.9,-24.34,-25.9,-19.19,-12.33,-4.36,-13,,-31,-19,-24,-11.6,-19.44,-3.2,,-16,,4.5,-25.01,-27.49,-17.4,-22,7.13,49,24,11,-25,73
Arizona St.,Utah,-5,-2.95,-4.03,-2.86,-4.44,-5.45,-0.83,-7.83,-3.8,-1,-9.06,-4,,-7.5,-2.6,,-1.97,-2.66,-4.5,-4.69,-6.75,-5.27,-9.09,-5.64,-4.74,-8.4,-2.23,-4.04,-8,-4.04,-3.43,-2.67,-4,-5.5,-5,-6.13,-7.69,0,-4.6,-2.68,-1.6,-2,-0.4,-5,-8.8,-11.19,-9.3,11.92,-1.35,-1.23,-2,,-4,-4.8,-6,-0.01,-2.84,-4.9,,-6,,-6,-5.3,-0.92,-8.1,-6,2.60,49,26,11,-23,75
Arkansas,LSU,-7,-7.88,1.3,-5.06,-6.79,-10.88,-8.16,-4.8,-5.31,1,-0.19,-2,,6,-9.23,,-5.47,-0.82,-5.51,-3.29,-11.45,-9.49,1,-0.13,5.11,-6.1,-5.85,3.59,-9,-5.93,-5.87,-10.63,-4,-6,-1,0.78,-9,-3.5,-10.5,-12.02,-7.6,-7,-8.5,-7,-4.3,-10.48,1.1,-1.89,-7.64,0.28,-9,,-13,-9.2,-7,-11.2,-5.93,-5.9,,-7,,-2.5,0.83,-12.71,-8.9,-2,4.74,38,10,11,-28,48
Arkansas St.,New Mexico St.,19,18.91,9.85,17.02,20.76,14.03,17.41,22.35,18.44,10,16.1,13,,13.5,19.12,,24.95,12.9,18.38,15.07,24.35,18.77,1.38,23.73,12.51,5.86,17.79,15.69,19,18.67,18.67,16.67,25,19.5,20,15.1,10.46,26,23.7,21.52,19.8,18,21.8,19,24.1,21.37,15.2,37.66,17.04,0.91,23,,20,22.8,27,20.2,18.07,15.5,,19,,15.5,24.6,22.23,21.9,10,4.53,22,41,11,19,63
Ball St.,Eastern Mich.,0,3.3,-4.29,-1.29,0.3,0.14,1.91,3.88,2.36,1,3.24,-4,,-4.5,3.71,,2.69,0.9,1.17,0.01,3.65,-0.01,-3.16,8.37,-4.27,4.1,0.85,-2.94,2,1.8,2.81,3.91,1,1.5,3,-3.15,3.86,7,3.5,1.73,1.8,5,2.6,0,-2.7,-2.55,-2.8,9.84,4.3,-1.55,5,,-3,2.8,1,3.2,1.87,3.5,,0,,1.5,-0.74,2.43,0.01,-3,2.88,48,41,11,-7,89
Buffalo,Miami (Ohio),-10,-8.41,-7.48,-10.93,-15.92,-6.75,-11.8,-16.76,-6.44,-8,-7.85,-8,,-9.5,-10.1,,-0.69,-6.37,-9.17,-9.35,-12.95,-11.49,13.28,-12.19,-2.66,1.19,-11.02,-12.87,-17,-9,-5.87,-7.49,-7,-10.5,-12,-5.4,-4.83,0,-12,-13.68,-7.5,-9,-4.9,-10,-16,-11.22,-11.4,6.87,-7.01,-1.49,-9,,-8,-11,-14,-6.4,-7.43,-1.6,,-10.5,,1.5,-17.63,-11.8,-12.9,-8,4.35,35,24,11,-11,59
Central Florida,Cincinnati,10.5,12.4,12.09,11.93,17.62,12.98,14.68,12.62,9.42,16,13.3,11,,12,14.76,,5.63,10.41,10.75,12.59,13.25,11.51,11.28,4.16,2.59,5.33,16.43,8.31,18,11.51,9.07,9.31,7,10,10,12.89,3.07,-4.5,6.4,19.62,13.2,9,6.4,10.5,15.3,16.63,12.7,18.79,8.86,0.5,10,,16,5.3,9,6,9.17,5.1,,12,,-5.5,11.15,17.47,14.4,8,4.71,3,24,11,21,27
Charlotte,Rice,11,5.13,14.12,6.02,7.23,11.13,7.44,9.23,5.74,12,7.47,16,,18,5.39,,-0.29,17.92,8.08,12.41,8.55,9.76,-5.78,4.67,9.81,2.21,10.01,17.03,-1,7.44,4.47,4.99,4,10.5,13,10.09,4.19,,5.1,6.95,5.7,5,3.2,11,11.6,18.7,6.2,-10.9,2.77,29.62,4,,10,4.4,10,11.1,5.97,0.3,,10.5,,8,11.4,8.22,10.9,7,4.64,22,21,11,-1,43
Clemson,Pittsburgh,21,20.97,25.69,18.03,20.34,26.27,17.29,21.71,22.23,21,11.76,33,,37,20.44,,18.44,14.08,21.28,18.09,26.05,20.14,22.13,28.1,21.71,22.5,22.02,20.05,28,21,21.67,20.43,25,19,24,18.3,15.21,19,19.4,23.03,23.2,19,15.9,21,21,32.5,21.2,24.27,18.21,20.99,21,,25,19.3,11,10.8,24.56,16.2,,20.5,,15,26.04,22.36,22.9,18,5.16,43,42,11,-1,85
Duke,North Carolina,-11.5,-8.7,-12.22,-11.02,-4.26,-7.14,-7.62,-8.87,-11.14,-8,-10.4,-11,,-13,-7.41,,-8.77,-6.98,-10.16,-8.9,-7.15,-10.61,-28.19,-22.89,-11.76,-11.93,-7.85,-13.93,-9,-10,-10.26,-10.88,-9,-11.5,-11,-17.95,-7.26,-6,-16.9,-6.92,-4.7,-9,-10.1,-11.5,-10.3,-7.13,-6.3,-20.79,-6.96,-3.13,-7,,-8,-16.2,-13,-13.7,-10.93,-4.6,,-11.5,,-10,-18.11,-8.49,-12,-11,3.63,27,28,11,1,55
East Carolina,SMU,7,5.9,1.06,3.14,3.47,3.42,6.17,7.08,2.88,3,3.56,3,,1.5,7.52,,11.59,0.33,5.66,2.59,10.45,9.13,1.25,8.13,3.51,1.99,5.07,5.09,4,5.07,3.82,5.99,16,8.5,7,1.21,7.79,14,3,6.53,8.2,6,7,7,8.3,9.73,9.5,16.43,7.7,-0.77,14,,3,4.9,11,0.01,4.77,4,,7,,5,4.04,6.06,7.4,3,3.38,55,31,11,-24,86
Florida,South Carolina,11,15.49,11.65,14.54,10.96,20.51,12.31,9.21,14.67,13,6.99,10,,9.5,15.95,,10.64,10.45,13.92,11.78,9.55,14.27,21.84,19.35,12.37,23.3,13.65,10.1,19,14,14.88,15.04,14,14.5,11,16.58,17.07,7,13.7,14.62,14.4,17,17.1,11.5,11.7,18.49,14.7,26.22,14.53,1.28,13,,12,15.1,14,12.3,15.27,8.2,,11,,18,16.07,13.44,13.9,7,3.23,7,20,11,13,27
Florida Atlantic,UTEP,3.5,4.45,-3.3,3.51,2.97,-0.28,2.44,3.73,4.13,7,1.55,1,,-2.5,4.7,,7.17,1.65,3.2,2.79,2.95,1.6,5.97,5.6,-1.17,3.5,3.31,0.36,12,3.51,4.11,6.51,5,3.5,1,1.55,4.87,5.5,8.2,3.46,5.2,4,6.8,3.5,6.4,-2.91,-1.7,-13.19,4.18,-19.34,4,,-3,6.6,4,2.1,3.76,5.7,,3,,5,0.9,1.25,3.4,-3,3.03,31,35,11,4,66
Florida St.,Boston College,20.5,22.82,18.62,20.57,26.18,19.93,22.01,19.63,22.14,19,17.5,19,,21.5,23.28,,23.28,12.95,22.3,16.74,25.05,24.55,34.25,29.16,16.37,20.67,22,25.24,29,22.17,22.17,26.93,23,22,21,25.51,27.32,17,24.5,24.49,23.2,21,19.7,20.5,19.5,25.19,24.8,14.14,20.56,2.89,21,,26,24.7,28,12.4,25.07,20.3,,21,,18.5,28.07,23.09,23.4,14,3.69,7,45,11,38,52
Georgia,Auburn,-10.5,-15.85,-12.88,-15.59,-23.43,-17.26,-16.02,-11.92,-12.34,-11,-13.84,-13,,-13.5,-18.27,,-9.48,-7.39,-12.61,-10.05,-20.15,-9.48,-18,-15.66,-3.85,-11.8,-13.18,-5.97,-23,-12.27,-12.27,-12.64,-9,-10,-11,-11.69,-9.76,-7,-12.9,-19.07,-12,-8,-10.1,-10.5,-11.4,-14.58,-9.5,-25.99,-7.71,-2.15,-14,,-23,-12,-12,-13.9,-8.94,-4.5,,-10,,6.5,-13.72,-23.36,-11.9,-13,5.24,7,13,11,6,20
Georgia Southern,Louisiana-Lafayette,6.5,12.54,9.66,12.13,9.97,11.61,8.85,8.38,11.73,12,4.06,10,,13,13.11,,15.06,8.24,11.98,8.48,13.95,11.97,8.72,15.85,11.53,4.93,11.96,15.32,12,12,11.72,13.3,19,10,12,11.93,12.43,,15.9,12.79,16.8,16,9,8,10.4,7.78,17.9,-12.5,12.21,1.19,13,,12,15.6,19,-1,10.16,13.7,,7,,12.5,16.59,11.48,10.4,5,3.61,33,26,11,-7,59
Georgia St.,Louisiana-Monroe,12,11.96,3.88,8.97,14.98,13.45,10.45,8.54,8.85,11,11.89,4,,3.5,13.68,,3.36,3.47,11.69,6,18.05,13.3,2.75,8.29,1.21,6.85,11.64,5.86,26,11.89,9.68,14.55,17,12,13,4.36,20,,18.8,15.59,14.4,9,17.2,12,15.2,15.3,18.1,18.04,11.04,-1.57,11,,12,17.8,19,10.5,9.37,14,,12,,13,8.49,16.07,13.4,5,5.13,37,23,11,-14,60
Hawaii,Boise St.,-18,-20.77,-18.7,-15.9,-21.68,-20.21,-14.93,-12.38,-21.47,-11,-5.94,-23,,-23,-20.23,,-22.35,-9.12,-18.28,-12.66,-19.05,-18.74,-36.34,-26.44,-13.1,-13.07,-17.52,-17.48,-34,-18.79,-21.75,-17.97,-19,-18,-14,-24.55,-16.56,-22,-19.2,-21.53,-19.7,-20,-21.2,-18,-10.7,-16.62,-24.5,-27.43,-18.79,-4.61,-18,,-19,-18.2,-19,-16.3,-20.93,-13.2,,-17.5,,-15,-14.04,-22.05,-22.1,-19,4.77,52,16,11,-36,68
Houston,Tulane,25,24.35,20.75,23.44,20.27,22.85,21.37,25.89,24.85,21,15.45,22,,24,23.92,,28.97,14.75,23.7,15.69,22.85,24.91,37.91,41.75,18.37,11.32,21.47,25.04,26,24,25.04,24.02,29,24,25,29.57,27.4,28,30.1,23.83,25.2,28,24.1,25,20.3,25.79,22.6,34.21,23.03,2.75,26,,22,29.3,29,13.9,26.07,17.9,,24,,20.5,29.25,21.2,25.9,17,4.94,18,30,11,12,48
Indiana,Penn St.,-7,-10.89,-11.13,-12.11,-10.42,-1.09,-9.82,-10.36,-11.45,-6,-9.06,-11,,-13,-10.77,,-4.24,-6.07,-9.11,-10.23,-10.35,-8.32,-20,-4.06,-3.46,-7.67,-9.27,-7.27,-16,-9.27,-10.94,-11.66,-6,-7,-10,-12.67,-6.89,-1.5,-8.9,-12.59,-8,-9,-7.8,-7,-14,-8.21,-10.11,1.08,-4.66,-3.18,-9,,-14,-8.7,-12,-7.1,-5.53,-4.7,,-7,,-2.5,-11.67,-13.41,-8.4,-9,3.20,45,31,11,-14,76
Iowa,Michigan,-21.5,-22.17,-25.51,-19.97,-24.05,-29.27,-22.69,-20.74,-20.33,-22,-19.55,-25,,-28,-23.93,,-18.37,-9.69,-20.91,-15.24,-26.75,-22.2,-18.13,-23.54,-13.56,-14,-18.34,-15.14,-23,-20.33,-19.74,-19.96,-19,-17.5,-17,-13.04,-15.99,-11.5,-20.4,-29.6,-24.9,-17,-19.4,-21.5,-14.4,-35.67,-31.2,-23.31,-19.17,-12.46,-20,,-32,-19.7,-21,-21.3,-21.44,-13.4,,-21.5,,-4.5,-16.94,-30.5,-26.1,-24,5.85,13,14,11,1,27
Kansas,Iowa St.,-10.5,-10.38,0.55,-8.71,-16.82,-4.5,-9.75,-13.07,-8.41,2,-16.62,-1,,0.5,-11.67,,-10.99,-2.42,-9.66,-7.76,-19.45,-14.31,11.16,-18.16,-2.41,-1.95,-9.53,-11.65,-8,-9.53,-8.68,-9.19,-12,-10.5,-18,-2.21,-8.09,-12,-15.3,-15.25,-10.4,-7,-8,-10.5,-11.3,-8.24,-6.8,7.36,-10.01,-9.87,-12,,-15,-13.4,-18,-8.4,-6.04,-8.9,,-10,,-4.5,-17.3,-14.02,-11.4,-6,5.27,31,24,11,-7,55
Kent,Western Mich.,-21,-24.92,-26.13,-23.93,-27.45,-19.76,-17.92,-20.19,-26.65,-21,-17.08,-26,,-26.5,-23.93,,-23.36,-11.13,-22.14,-18.79,-26.75,-21.05,-38.06,-36.37,-23.21,-16.54,-18.14,-21.22,-26,-22.56,-26.25,-20.65,-22,-18,-22,-27.96,-18.43,-20,-23.9,-22.56,-20.1,-19,-20.3,-21,-23,-19.48,-24.2,-33.82,-16.49,-14.79,-18,,-26,-22.8,-27,-14.3,-21.44,-14.1,,-21,,-14,-26.96,-24.76,-25.6,-25,4.51,37,21,11,-16,58
Louisiana Tech,Texas-San Antonio,22,14.35,10.16,12.42,12.57,7.6,11.87,11.04,12.61,14,7.53,9,,14.5,15.31,,16.71,9.33,14.89,9.81,15.95,19.43,19.66,27.31,11.96,5.64,12.36,18.12,12,14.5,13.14,18.56,20,20.5,16,14.48,17.06,,14.8,13.7,15.9,16,10.6,20.5,12.9,24.85,20,20.76,14.27,0.9,17,,15,15.3,18,21.1,14.97,11.7,,22.5,,17.5,22.04,15.56,24.9,6,4.45,35,63,11,28,98
Louisville,Wake Forest,35,26.14,21.8,23.57,30.7,21.83,22.2,26.65,24.7,23,9.53,20,,22.5,27.18,,27.24,14.15,26.41,22.91,30.55,33.12,29.34,28.73,17.38,22,24.79,25.65,28,26.21,24.76,28.5,31,33,25,21.82,28.21,20,29.6,29.06,28.7,26,26.8,33.5,26.1,41.24,36.2,40.2,24.94,11.93,27,,32,30,32,35.7,27.06,19.6,,35,,24.5,26.21,29.64,37.4,18,5.53,12,44,11,32,56
Marshall,Middle Tenn.,-8,-10.28,-12.63,-11.33,-13.73,-12.58,-8.02,-12.77,-11.66,-10,-7.1,-15,,-16,-9.76,,-4.34,-8.59,-10.05,-12.27,-5.75,-12.28,-1.72,-16.63,-7.96,-5.05,-12.46,-7.35,-15,-10.43,-10.84,-6.76,-7,-13,-11,-13.12,1.4,-1,-8.8,-14.34,-7,-8,-6.2,-8,-10.1,-16.93,-21.7,-13.81,-7.74,-11.8,-5,,-13,-8.9,-3,-16.1,-10.43,-2.7,,-9.5,,1.5,-14.67,-11.02,-11.4,-13,4.51,17,42,11,25,59
Maryland,Ohio St.,-30,-28.44,-19.67,-23.84,-38.91,-32.36,-22.37,-31.6,-26.97,-15,-23.95,-23,,-24.5,-29.44,,-29.38,-9.23,-25.55,-17.7,-36.55,-28.36,-24.97,-40.31,-14.32,-16.4,-22.3,-21.53,-36,-24.5,-27.11,-23.46,-29,-28,-24,-17.07,-29.76,-16.5,-25.3,-29.3,-25.3,-22,-19.8,-29.5,-26,-32.72,-32.1,-8.28,-19.71,-4.35,-23,,-32,-23.1,-34,-20.1,-20.93,-17.7,,-29,,-17.5,-29.49,-33.39,-33.1,-22,6.68,62,3,11,-59,65
Memphis,South Florida,-3.5,0.6,-0.74,-0.62,-2.98,1.67,-1.29,2,-1.17,2,-2.92,1,,-0.5,1.71,,7.59,-0.3,0.2,-0.39,3.25,-1.97,-2.59,1.4,-0.25,-1.75,0.91,1.48,2,-0.25,-0.76,-3.2,4,-4,-5,-1.43,2.93,6,-3.5,3.48,2.9,-2,-2,-2.5,1.4,4.74,2.2,4.41,-0.31,-0.59,1,,5,-1.9,2,-4.4,-1.74,1.1,,-3.5,,2,-5.09,1.49,-3,-3,2.65,49,42,11,-7,91
Michigan St.,Rutgers,15.5,14.44,4.05,7.64,4.03,10.79,8.25,7.16,13.37,10,10.55,6,,7.5,14.77,,19.26,5.01,12.87,6.69,14.15,15.8,8.19,15.95,7.3,21.03,8.57,11.25,17,13.6,14.17,14.49,18,15.5,10,6.57,20.22,20,13.6,15.39,14.9,13,15.4,15.5,7.2,24.69,19.5,20.55,15.77,0.35,17,,18,14,13,17.9,14.36,13.2,,14,,22,7.9,12.66,15.4,5,4.94,0,49,11,49,49
Missouri,Vanderbilt,3.5,-0.28,-3.8,-4.57,-2.9,-1.15,-2.12,-5.32,-1.46,-6,-5.63,-1,,-4.5,0.19,,-2.21,-3.71,-1.75,-6.12,-3.95,-3.39,-10.78,3.13,-6.27,1.49,-3.47,-5.64,-7,-2.21,-0.78,1.09,1,1,-5,-7.18,-0.5,4,-2.5,-4.32,2.5,1,0.3,2.5,-8.5,0.43,17.5,-0.96,2.27,-1.83,3,,-5,-2.8,-1,3.4,-0.53,-3.1,,3.5,,7,-8.85,-0.57,2.2,-2,4.37,17,26,11,9,43
Navy,Tulsa,2,0.66,0.37,1.93,-0.31,-1.41,-0.82,-1.87,1.24,2,-1.32,2,,0.01,0.01,,7.46,-0.4,1.46,-1.43,1.55,1.31,-0.16,6.96,3.86,7.75,0.17,7.43,-3,1.31,1.68,1.53,7,1,3,1.71,4.8,16.5,1.6,-1.78,2.1,4,-0.3,2,-3.2,-4.91,0.7,-8.69,1.23,-0.52,4,,-4,2.6,1,4.2,0.01,3.8,,-1.5,,8.5,3.23,-2.82,-1.4,-3,3.11,40,42,11,2,82
Nebraska,Minnesota,6,6.62,6.3,4.64,3.85,3.47,5.56,8.47,7.71,7,7.89,5,,6.5,5.93,,8.09,4.87,6.68,7.25,4.55,2.01,9.47,11.65,9.43,15.8,5.9,11.02,4,6.55,7.76,6.5,6,8,8,8.56,9.36,-1,6.8,4.93,7.4,9,5,6,5.7,8.3,6.9,-17.15,6.47,2.07,8,,5,6.6,4,3,6.87,8.4,,7,,2.5,10.58,4.23,,-1,2.51,17,24,11,7,41
Nevada,San Diego St.,-23.5,-20.98,-20.61,-18.83,-22.41,-20.55,-19.1,-20.9,-19.08,-17,-13.93,-19,,-21,-22.63,,-19.1,-10.59,-19.74,-15.37,-25.85,-23.32,-21.75,-20.53,-14.76,-4.12,-19.22,-18.73,-26,-20.43,-18.67,-16.36,-23,-22,-21,-25.25,-16.54,-11.5,-21.2,-23.8,-18.9,-17,-16,-23,-22.3,-24.74,-22.7,-27.1,-17.01,-3.54,-17,,-23,-19.9,-21,-30.8,-20.43,-10.6,,-23.5,,-14.5,-23.56,-23.75,-25.4,-20,4.47,46,16,11,-30,62
Northern Ill.,Toledo,-7,-9.44,-11.86,-12.53,-5.51,-11.99,-7.93,-5.89,-10.32,-17,-2.46,-14,,-14.5,-9.15,,-7.9,-10.39,-8.52,-6.69,-1.05,-7.7,-23.78,-14.53,-16,-2.76,-8.8,-11.43,-19,-8,-9.71,-9.01,-7,-6.5,-4,-14.41,-7.94,-4,-4.8,-6.38,-6.3,-8,-4.5,-7,-3.7,-8.18,-9.9,-28.79,-5.39,-1.8,-10,,-8,-5.3,-3,-1.2,-8.94,-5.1,,-7,,-6,-6.41,-11.63,-8.4,-12,4.05,31,24,11,-7,55
Notre Dame,Army,13.5,8.91,-1,13.08,8.3,-6.02,5.92,13.83,9.39,1,12.34,-2,,-3,8.23,,14.52,1.85,9.39,9.14,14.7,10.89,5.97,10.57,0.59,-0.47,5.33,13.85,3,9.99,9.99,11.51,17,13,18,3.16,11.82,13,17.2,7.03,8.7,12,10.4,13,16,8.72,9.7,1.22,11.01,0.36,13,,8,20.3,12,5.2,13.1,8.1,,14,,17.5,18.69,9.31,15.4,-4,6.00,6,44,11,38,50
Oklahoma,Baylor,17.5,10.43,10.17,8.51,10.55,7.48,8.78,14.45,11.12,10,10.64,12,,15.5,10.07,,8.42,6.42,12.12,11.79,17.45,13.71,14.63,13.22,9.11,4,12.07,11.61,12,12,11.02,11.54,12,14,14,12.21,16.11,11.5,13.1,13.73,11,12,12,16.5,16.4,20.57,14.3,6.54,8.94,1.6,13,,15,13.9,17,25.6,7.46,6.7,,17,,7,15.96,12.62,16.9,3,3.78,24,45,11,21,69
Oklahoma St.,Texas Tech,11,9.57,11.43,8.07,11.91,10.82,9.21,13.86,12.09,14,8.68,19,,19,8.15,,6.85,10,11.44,12.4,13.05,9.74,21.13,15.42,11.15,11,9.92,12.67,9,11,11.51,11.99,14,12,9,17.23,14.5,9,15.1,8.07,9.6,10,15.7,11,17.7,8.95,-0.4,1.54,6.69,1.2,7,,9,13.8,17,16,8.06,10.4,,12.5,,11,13.71,8.77,13.9,11,3.63,44,45,11,1,89
Old Dominion,Southern Miss.,2.5,2.11,6.25,3.51,2.01,4.48,4.61,9.29,2.53,11,2.95,6,,8,2.33,,-5.79,5.75,3.78,10.73,5.05,1.54,6.97,-1.83,1.76,0.65,8.06,6.77,7,4,1.53,2.87,0.01,2,8,7.5,5.29,,2.6,6.91,3.1,0.01,5.3,2.5,12.9,5.1,-1.8,15.95,-0.99,0.59,-6,,8,2.1,5,11.3,0.17,-7.2,,,,-7.5,11.59,4.9,,2,4.68,35,51,11,16,86
Oregon,Stanford,-3,-7.21,-8.56,-3.42,-3.41,-9.34,-3.78,-5.03,-8.03,-2,-4.42,-8,,-9,-6.78,,-6.07,-4.82,-4.79,-1.67,-10.55,-1.03,-15.38,-11.53,-3.43,-3.72,-3.52,-4.59,-4,-4.42,-7.94,-4.15,-3,-2.5,-3,-10.67,-6.17,-5.5,-5.5,-4.56,-4.6,-5,-1.3,-3,-3.1,-4.26,1.6,-3.01,-2.27,-1.58,-9,,-6,-5.3,-3,-4.4,-2.64,-2.3,,-3.5,,2,-4.81,-4.43,-3,-5,2.85,52,27,11,-25,79
Purdue,Northwestern,-13.5,-16.66,-8.44,-18.44,-22.25,-13.4,-15.36,-17.74,-15.35,-2,-12.44,-9,,-10,-17.58,,-19.87,-7.05,-14.78,-15.02,-19.85,-14.52,-22,-13.52,-2.12,-3.77,-18.43,-10.17,-26,-15,-15.35,-12.7,-14,-14,-15,-14.7,-19.29,-13,-15.5,-24.47,-14.9,-13,-13.1,-13.5,-15,-18.45,-13.8,-58.21,-12.69,-3.62,-11,,-23,-15.2,-15,-22.7,-13.93,-10.5,,-13.5,,-11.5,-15.31,-20.86,-15.4,-9,5.07,45,17,11,-28,62
Syracuse,NC St.,-7,-6.37,-0.66,-4.74,-6.05,-5.86,-7.71,-2.02,-3.74,1,0.1,-2,,-2,-7.77,,-9.23,-1.45,-4.5,-0.01,-7.15,-5.8,-2.19,-7.89,3.79,-3.83,-3.92,-3.14,-13,-4.25,-4.5,-4.64,-4,-7,-4,-0.62,-7.86,-4,-2.3,-8.53,-5.1,-4,-1.5,-6.5,0.2,-2.34,-6.4,-16.5,-7.15,0.63,-5,,-4,-1.1,-6,-17.9,-5.03,-2.7,,,,-5,-2.7,-8.74,,-6,3.62,35,20,11,-15,55
Tennessee,Kentucky,13.5,15.5,12.04,13.48,9.22,15.93,11.98,8.09,16.12,10,7.22,15,,16.5,15.14,,19.05,9.91,13.62,10.84,12.45,13.62,23.94,19.06,9.9,13.25,14.81,7.56,29,14.96,16.12,17.77,15,11,12,16.4,16.39,15,17.7,14.35,17.5,18,14.2,13.5,7.7,10.59,-3.1,4.78,15.52,1.94,15,,15,17.9,15,-0.7,19.07,15.2,,14,,11.5,10.24,14.96,15.9,9,4.93,36,49,11,13,85
Texas,West Va.,1.5,-2.6,-5.99,-2.03,-3.12,-7.81,-2.38,0.96,-3.73,2,2.65,-8,,-4.5,-2.18,,-4.13,-2.9,-1.82,-0.77,0.85,-1.12,-13.41,-5.69,-2.09,-5.5,-3.21,1.74,-7,-2.03,-3.06,-0.45,-1,1,5,-7.57,2.05,4.5,1.9,-4.16,-0.01,-2,3.7,1,1,-3.03,-2.4,1.96,-1.36,-1.29,-3,,1,1.9,-10,-3.5,-0.53,-0.9,,2,,-1,7.62,-4.01,-0.3,-7,3.43,24,20,11,-4,44
Texas A&M,Mississippi,9,7.2,13.23,5.31,5.93,16.26,5.74,3.82,8.57,13,0.73,17,,15.5,6.69,,2,8.71,8.06,8.68,1.45,11.17,14.25,12.39,10.51,16.5,9.57,4.46,10,7.15,7.72,7.15,6,11.5,5,12.2,3.73,-2,8,5.86,7.8,6,9.5,9,4.4,6.64,8.1,6.09,5.44,2.03,2,,11,7.2,5,19.8,6.07,5.6,,10.5,,-2.5,6.01,6.99,20.4,10,4.72,29,28,11,-1,57
Texas St.,Idaho,-8.5,-9.99,-10.23,-8.95,-17.81,-6.35,-7.5,-8.84,-11.15,-7,-5.03,-9,,-11.5,-9.56,,-8.94,-7.02,-8.54,-11.62,-8.25,-7.02,7.91,-5.62,-1.77,1.41,-12.23,-7.06,-1,-8.95,-10.47,-6.66,-4,-7,-9,-9.8,-9.45,,-10.2,-15.61,-6.7,-8,-12.6,-8.5,-11.3,-17.52,-8.7,-38.91,-7.24,-3.24,-5,,-12,-9.3,-10,-13.1,-4.93,-1.7,,-7.5,,-0.5,-14.21,-9.68,-7,-8,3.93,47,14,11,-33,61
Troy St.,Appalachian St.,1,1.63,7.03,-1.59,1.3,4.24,3.27,5.23,0.82,5,7.15,4,,2,2.35,,-4.6,4.69,1.79,4.74,3.45,0.65,4.09,-2.63,1.18,5.5,7.52,-5.66,11,1.63,0.58,2.02,2,0,0.01,4.82,-5.02,,-3.1,8.12,4.2,0.01,1,1,0.5,6.46,1,7.53,1.71,10.42,-1,,1,-2.7,2,0.8,0.26,5.8,,0,,-7.5,-4.13,5.75,0.01,5,3.82,24,28,11,4,52
UCLA,Oregon St.,11,13.32,7.39,12.7,8.59,14.47,9.71,10.17,13.73,11,11.7,8,,9.5,12.78,,14.04,8.16,13.02,8,13.85,15.81,16.06,19.77,12.56,13.78,9.21,13.24,19,13.45,14.18,18.08,18,10.5,9,11.6,18.51,16.5,16.7,9.86,13.8,14,19.1,11,9.9,14.48,17.5,4.07,14.03,0.19,15,,7,16.1,16,3.1,15.47,11.1,,13,,19.5,13.45,10.95,14.4,4,3.69,24,38,11,14,62
UNLV,Wyoming,-7.5,-9.24,-14.91,-10.59,-13.52,-7.48,-9.73,-14.38,-11.48,-8,-16.44,-16,,-18.5,-8.44,,-10.86,-9.09,-10.34,-13.94,-13.55,-6.76,-21.22,-10.02,-11.84,-7.01,-11.6,-15.53,-23,-10,-10.02,-3.68,-6,-8,-17,-20.76,-6.45,-2.5,-7.3,-12.44,-6.4,-7,-3.2,-7.5,-15,-8.77,-7.6,-5.19,-3.33,-3.94,-6,,-15,-6.3,-10,-4.5,-5.84,-7.6,,-7.5,,3.5,-17.73,-11.6,-8.9,-13,4.93,66,69,11,3,135
Utah St.,New Mexico,1,2.58,-2.18,2.65,3.12,-4.25,2.42,-4.64,1.94,1,4.54,-2,,-3.5,2.59,,3.83,-1.13,0.06,-1.82,-3.95,1.56,-7.09,-4.53,-2.98,0.34,2.01,-1.82,4,1.2,2.77,1.78,1,2.5,-5,-3.35,-3.14,5.5,-4.1,2.31,4.9,2,-2.5,1,-6,1.4,6.4,-8.41,5.11,-0.64,3,,1,-3,-6,-4.7,3.76,4.4,,2.5,,4,-7.11,1.83,,-8,3.55,24,21,11,-3,45
Virginia,Miami (Fla.),-10.5,-14.42,-14.41,-13.39,-9.57,-18.37,-10.33,-12.61,-14.42,-12,-7.49,-16,,-14.5,-14.65,,-6.98,-8.44,-11.69,-6.86,-12.55,-13.1,-28.66,-13.56,-6.41,-5.14,-7.97,-9.86,-15,-12,-14.06,-12.95,-9,-10,-9,-16.89,-13.85,1,-10.8,-10.06,-13.4,-12,-7.6,-10.5,-10.6,-7.4,-21.8,-24.62,-10.89,-1.84,-8,,-12,-10.7,-12,-13.6,-19.44,-4.5,,-10.5,,-6,-11.4,-15.08,-11.9,-15,3.65,34,14,11,-20,48
Virginia Tech,Georgia Tech,14,13.45,12.09,12.17,15.93,22.5,16.08,15.47,11.87,17,22.54,13,,14.5,14.74,,13.28,9.72,14.4,11.88,18.75,14.24,21.69,18.04,9.42,13.26,15.49,10.17,17,14.3,11.62,11.01,14,14.5,13,15.78,15.98,14,15.7,16.87,14.3,13,16.8,14,16.1,20.55,18.6,64.71,11.65,1.43,11,,18,14.1,19,4.1,10.47,10.4,,14,,10,15.83,15.71,15.9,9,3.46,30,20,11,-10,50
Washington,USC,7.5,11.75,13.77,12.04,19.12,18.73,10.04,7.81,12.11,14,1.3,17,,19.5,11.73,,12.57,9.99,11.95,12.25,5.95,7.86,9.25,15.43,15.64,12,15.18,11.39,17,11.77,11.65,11.06,12,8,10,8.34,9.12,11.5,16.8,16.82,13.8,9,12.3,8.5,7.3,11.65,8.3,25.27,11.08,11.05,9,,16,14.9,17,12,9.67,11,,9,,6,5.16,11.77,11.4,13,3.77,26,13,11,-13,39
Washington St.,California,15.5,16.18,12.34,12.1,19.08,28.71,16.37,18.84,15.09,12,15.49,22,,19.5,17.19,,16.94,11.64,17.05,15.6,23.65,17.15,21.41,17.78,11.76,1.9,21.24,15.9,25,16.94,14.69,14.89,18,15,16,18.35,17.55,16.5,18.7,24,17.2,16,20.3,15.5,17.7,24.82,16.4,24.45,13.77,2.4,19,,22,16.5,25,14.1,10.26,12.9,,14.5,,6,21.23,21.72,16.9,14,4.83,21,56,11,35,77
Western Kentucky,North Texas,28.5,22.11,17.29,21.7,23.78,15.77,20.78,21.42,20.98,21,11.7,19,,22.5,22.66,,30.37,13.94,23.33,18.96,24.55,28.08,25.47,29.2,14.62,8.75,22.14,20.93,24,23.93,21.46,24.5,27,28,24,23.93,29.58,,27.9,24.89,24.7,28,21.8,27.5,25.4,30,26.3,12.89,23.31,1.94,25,,23,27.4,30,29.1,26.56,19,,28.5,,27,26.78,24.32,30.9,14,4.82,7,45,11,38,52
Wisconsin,Illinois,24.5,24.76,24.07,23.37,32.06,32.4,22.17,28.85,25.69,28,14.26,18,,22.5,24.5,,27.01,15.76,25.65,25.64,28.85,24.88,39.53,31.05,20.46,27.12,26.57,25.85,41,25.64,24.94,21.97,26,26.5,24,30.46,29.36,19.5,25.1,29.59,24.9,26,24.3,24.5,28.3,33.68,24.6,10.66,20.94,5.24,20,,31,23.4,28,21.6,26.07,22.9,,26.5,,17.5,30.17,26.26,28.9,13,4.68,3,48,11,45,51
Appalachian St.,Louisiana-Monroe,25.5,25.09,20.85,22.3,26.19,23.94,20.98,19.18,23.72,23,18.65,21,,25.5,25.82,,22.75,14.65,24.21,17.2,25.45,26.16,27.97,31.66,15.82,15.12,22.69,19.34,38,24.07,24.13,26.22,28,25.5,21,25.09,31.24,,33,26.41,27.4,25,27.9,25.5,21.7,25.87,29.2,28.95,26.71,2.48,22,,23,32.1,29,23.8,26.47,18.1,,25.5,,24,19.15,26.41,,16,4.67,17,42,12,25,59
BYU,Massachusetts,28.5,27.41,21.36,29.99,24.58,28.81,24.16,29.13,28.54,25,19.85,20,,27.5,27.01,,29.83,17.1,27.58,27.78,30.95,28.36,26.28,32.51,19.78,14.75,27.07,27.99,33,28.45,27.82,29.61,31,31,34,31.21,31.93,,32.7,29.6,29.1,32,22.3,28.5,29.1,30.28,31.2,18.49,28.01,3.51,27,,34,33.9,35,16.3,26.96,24.9,,28.5,,15.5,36.27,27.05,,15,5.13,9,51,12,42,60
Baylor,Kansas St.,-1.5,2.98,2.24,3.92,-0.34,3.06,2.17,-4.36,4.34,6,0.01,3,,4.5,1.85,,6.62,3.71,3.45,0.55,-1.05,-0.48,2.06,6.59,4.54,7.92,0.35,2.49,-1,3.71,4.66,3.07,6,-2.5,0.01,3.83,3.19,5.5,4.9,-1.33,4.2,5,2.9,-0.5,-3.4,11.12,7.4,3.55,4.32,-0.18,5,,,4.7,7,1.1,5.26,6,,-2,,19,2.15,-0.53,,2,3.76,42,21,12,-21,63
Boise St.,UNLV,28.5,25.85,23.65,24.43,25.29,20.41,22.6,21.31,28.17,23,20.5,29,,37,24.58,,24.63,16.58,24.79,21.03,23.15,27.04,42.47,32.42,18.56,19.02,24.7,26.7,42,24.5,27.61,24.57,25,26,21,32.7,21.81,20.5,23.8,26.54,24.4,28,21.4,27.5,22,25.17,24.9,19.95,26.62,5.11,28,,22,23.3,29,21.4,26.46,21,,28,,19,21.87,25.91,,14,4.52,25,42,12,17,67
Boston College,Connecticut,8.5,8.18,7.31,11.18,12.34,6.8,4.9,5.28,9.77,7,2.98,5,,7.5,7.3,,5.77,9.27,7,10.9,6.55,5.77,10.25,5.2,7.82,3.51,6.19,6.82,7,7,9.43,6.76,11,7,9,10.46,2.99,-0.5,6.7,3.07,7.5,9,6.8,8.5,-10.8,11.7,14,-3.14,5.83,0.78,6,,8,7.1,7,4.1,9.56,6.3,,7,,2.5,7.15,7.21,,2,3.62,0,30,12,30,30
Bowling Green,Kent,-3,-2.82,-3.57,-1.33,-5.92,-14,-4.07,-4.19,0.39,6,-7.66,-4,,-3,-5.28,,2.95,-2.41,-2.58,-2.8,-8.95,-7.74,7.31,1.15,6.18,-4.88,-7.69,0.63,-5,-3,0.82,-5.81,11,-2.5,-3,-1.2,-0.39,15.5,-3.7,-12.78,1.1,0.01,-3.8,-3,-2.8,-2.94,-11.6,-31.37,-4.08,-11.21,-3,,-8,-3.1,-2,-7.8,-0.54,3.5,,-3,,19,0.67,-9.24,,-9,5.62,7,42,12,35,49
California,Stanford,-10.5,-11.56,-9.59,-9.5,-10.93,-16.43,-9.25,-12.32,-12.23,-8,-2.99,-10,,-14,-11.05,,-8.22,-6.21,-10.31,-8.96,-13.35,-8.96,-14.72,-12.53,-3.65,-1.62,-8.68,-8.29,-11,-10.97,-12.45,-8.6,-12,-11.5,-11,-11.37,-10.54,-12,-16,-11.48,-10.2,-12,-14.1,-10.5,-16.6,-8.1,0.01,-7.25,-9.47,-1.5,-15,,-9,-14.1,-12,-13.7,-11.03,-9.2,,-10.5,,-2,-14.76,-12.02,,-7,3.64,45,31,12,-14,76
Central Florida,Tulsa,-1,0.82,-1.05,0.01,1.07,2.9,2.53,0.43,-1.15,2,3.24,2,,-0.5,2.07,,-3.64,2.06,-0.88,-0.46,-1.55,2.62,-5.69,-4,-5.51,0.98,2.19,-1.42,-3,-0.23,-0.73,0.13,-2,-2.5,1,-1.87,-3.92,0,-1.8,2.54,1.7,0.01,-1.8,-1,-2.4,-6.46,-4.3,-0.34,2.97,-1.66,1,,-3,-2,-3,-16.2,0.17,0.2,,-1.5,,-5.5,-2.33,1.01,,-3,3.29,35,20,12,-15,55
Central Mich.,Ohio,0,-0.4,-0.96,-4.42,-2.24,-0.71,1.08,-3.58,-1.72,1,-2.11,-1,,-4,0.29,,2.22,-2.08,-0.49,-3.68,-2.95,2.6,-4.53,2.58,-2.32,-3.5,1.61,-5.14,-10,-0.56,-1.28,5.03,1,-1,-4,-2.2,2.24,3.5,3,1.62,4.9,2,-0.3,0,-8.2,1.57,9.7,-9.88,5.39,-0.45,6,,-1,3.5,-6,-4.6,1.86,2,,0,,2,-6.28,1.49,,-5,3.81,20,27,12,7,47
Charlotte,Middle Tenn.,-4.5,-11.47,-6.3,-7.4,-7.68,-7.27,-5.37,-6.42,-11.3,-6,-8.88,-8,,-10,-11.06,,-15.03,-3.26,-8.51,-1.61,-5.35,-9.13,-0.72,-23.96,-4.62,-5.7,-7.21,-3.79,-11,-7.97,-12.32,-11.06,-12,-4.5,-4,-7.11,-5.25,,-9.1,-10.22,-11.8,-12,-5.3,-5,2.9,-5.76,-17.3,-25.94,-13.47,-1.74,-11,,-5,-9.4,-7,-5,-9.53,-10.8,,-4,,-10.5,-10.24,-7.94,,-9,4.20,38,31,12,-7,69
Cincinnati,Memphis,-7,-11.32,-9.72,-9.08,-18.65,-6.82,-6.39,-9.63,-8.43,-4,-0.26,-9,,-12.5,-13.41,,-10.99,-5.16,-9.06,-5.59,-13.15,-9.86,-14.22,-11.43,-4.66,-4.1,-10.02,-5.68,-17,-9.1,-8.43,-7.21,-11,-7,-6,-9.74,-9.68,-9.5,-7.1,-15.81,-10.6,-7,-5.6,-7,-9.2,-9.11,-9.7,-17.06,-8.69,-1.31,-8,,-13,-7.8,-10,-17.1,-5.84,-3.3,,-7,,-3.5,-9.84,-13.58,,-13,3.73,34,7,12,-27,41
Colorado,Washington St.,5.5,1.49,5.54,5.38,0.76,7.48,2.78,-1.21,1.09,11,2.39,7,,8.5,1.95,,-1.67,3.82,2.19,3.22,-3.25,3.22,4.59,0.38,1,7,1.83,-1.18,1,1.97,0.88,3.18,0.01,3.5,-1,3.57,-2.26,-4,2.4,0.15,2.6,2,1.3,4.5,1.9,2.56,5.5,11.89,2.26,-0.16,1,,2,2.3,-2,5.9,5.56,0.2,,4.5,,-6.5,0.01,1.13,,-1,3.17,24,38,12,14,62
Colorado St.,New Mexico,4.5,5.6,3.39,6.46,9.3,-0.91,6.61,3.88,4.22,6,7.75,4,,1,6.21,,8.43,3.36,4.84,5.99,5.65,5.09,-0.91,-5.67,-2.82,1.39,7.75,1.73,15,5.28,4.89,3.79,6,4.5,3,2.16,-0.21,7.5,1.2,9.8,7.3,5,0.5,4.5,8.8,9.85,8,-1.84,6.67,0.82,4,,6,1,7,6.8,5.46,5,,4.5,,1.5,5.09,7.6,,-3,3.53,31,49,12,18,80
East Carolina,Navy,-7.5,-8.66,-13.35,-9.1,-12.39,-9.98,-8.46,-15.8,-11.3,-8,-4.75,-15,,-18.5,-7.28,,-6.61,-7.04,-9.89,-9.25,-15.25,-7.06,-25.59,-18.64,-12.63,-10.04,-8.53,-14.94,,-9.1,-10.46,-7.6,-9,-7,-15,-17.78,-12,-8,-10.4,-8.03,-6.1,-8,-7.5,-7.5,-16.2,-4.28,0.6,-0.09,-3.53,-2.01,-3,,-8,-10.7,-9,-12.3,-4.64,-4.3,,-7.5,,-8,-18.53,-9.12,,,4.35,66,31,12,-35,97
Eastern Mich.,Northern Ill.,0,-3.58,9.63,-3.46,-3.75,6.12,-0.83,-0.84,-1.37,15,-2.98,12,,16.5,-4.45,,-10.11,5.42,-1.08,2.52,-9.45,-4.69,11.38,-3.89,11.34,2.59,1.23,2.07,2,-3.12,-2.65,-3.23,-5,-4,-6,8.45,-5.3,-8,-6.1,-3.01,-2.9,-5,-4.7,-0.5,-1.8,-4.94,2.4,-1.54,-4.08,0.92,-8,,-4,-5.5,-4,-4.8,-0.13,-2.8,,0,,-9.5,-1.52,-3.46,,4,6.06,31,24,12,-7,55
Florida Atlantic,Old Dominion,-8,-11.06,-15.98,-10.32,-16.39,-11.58,-9.97,-12.48,-10.25,-7,-5.88,-17,,-24,-12.08,,-8.99,-8.22,-10.52,-10.48,-10.45,-11.76,2.03,-11.85,-6.42,-4.26,-13.52,-5.6,-12,-10.29,-9.4,-8.35,-5,-8,-8,-14.45,-10.23,,-8.4,-16.34,-10.7,-9,-8.3,-8,-7.6,-14.29,-17.1,2.63,-9.14,-20.94,-6,,-17,-10,-11,-8.8,-9.54,-1.5,,-8,,-1.5,-12.79,-13.52,,-13,4.16,42,24,12,-18,66
Florida Intl.,Marshall,-2.5,-4.65,-0.3,-1.56,0.57,-2.32,1.28,-0.84,-3.51,4,2.56,-2,,0.01,-5,,-5.4,2,-1.58,2.31,-7.85,-3.94,2.56,-0.41,1.44,2.02,1.09,-1.82,-7,-1.54,-4.36,-4.43,-6,-2,-2,1.72,-8.34,-13,-1.5,-0.31,-6.3,-4,-0.01,-2.5,-0.2,7.04,7.4,1.23,-2.4,10.28,-2,,2,-1.1,-9,2.9,-1.74,-6.7,,-2.5,,-9,1.7,-1.51,,-5,3.78,14,31,12,17,45
Fresno St.,Hawaii,-3.5,-2.54,-6.8,-5.11,-6.82,-2.5,-3.02,-3.63,-4.77,1,-1.78,-7,,-12,-1.65,,1.27,-6.79,-2.1,-6.12,0.01,0.45,14.16,-9.58,-1.25,-0.01,-2.68,-5.05,4,-2.03,-3.51,3.74,3,-1.5,-5,-4.66,0.57,9.5,0.5,-2.55,2,-2,4.5,-3.5,-1.1,-0.28,4.6,4.68,-2.05,-11.53,1,,-5,0.5,2,-5.8,-4.04,-1.3,,-2.5,,2,-2.89,-1.84,,-4,3.64,14,13,12,-1,27
Georgia,Louisiana-Lafayette,23,22.82,16.58,20.21,16.62,14.39,15.6,24.91,24.69,13,20.14,14,,19.5,21.77,,27.44,13.42,21.8,16.26,26.05,23.87,32.09,26.28,15.55,11.76,18.74,25.54,19,21.3,24.47,24.97,28,21.5,29,23.34,18.64,6.5,31,22.38,23.3,24,27.6,23,20,22.98,29.4,29.8,23.36,2.77,19,,20,33.3,28,15,20.46,20.1,,23,,19.5,33.08,20.83,,4,5.23,21,35,12,14,56
Georgia St.,Georgia Southern,-3,-4.7,-5.92,-5.23,-1.39,-3.44,-1.54,-2.8,-6.16,-1,7.69,-5,,-8.5,-3.89,,-14.64,-2.91,-3.82,-1.62,-1.35,-5.4,2.78,-9.95,-1.66,1.01,-3,-7.45,-3,-3.55,-5.78,-3.51,-6,-3,-2,-5.75,-0.75,,-7,-3.58,-6,-8,-3.1,-3,-2.1,0.42,-2.6,-28.88,-6.16,-2.6,-6,,-7,-7.1,-5,2.7,-4.23,-1.4,,-3,,1,-3.22,-1.55,,-5,3.48,24,30,12,6,54
Georgia Tech,Virginia,11,12.76,17.36,11.28,8.39,16.47,10.49,12.59,14.72,21,2.95,17,,23,11.81,,12.95,13.24,12.59,10.96,12.45,12.16,27.84,15.22,13.4,5.59,10.59,14.1,15,12.53,13.95,11.13,12,10.5,13,21.47,9.75,2,9.9,9.26,12.5,13,8.8,11,14.4,12.55,15.7,19.56,10.42,1.44,10,,13,10.1,13,16.3,11.66,8.2,,11,,4.5,15.81,12.18,,9,3.77,17,31,12,14,48
Houston,Louisville,-16,-12.75,-9.02,-9.94,-14.4,-8.17,-7.38,-11.89,-12.1,-8,-5.01,-9,,-14.5,-13.53,,-10.01,-4.34,-11.92,-13.27,-20.85,-14.26,-8.34,-2.01,-5.49,-9,-11.64,-11.85,-7,-11.87,-11.62,-14.97,-12,-14,-17,-5.43,-11.29,2,-17.5,-15.71,-12.7,-11,-14.9,-15.5,-18.5,-21.27,-16,-4.35,-11.37,-10.85,-14,,-11,-18.5,-18,-20.4,-10.54,-10.2,,-16,,2.5,-13.76,-15.3,,-10,4.79,10,36,12,26,46
Illinois,Iowa,-9.5,-13.08,-8.16,-14,-22.52,-15.7,-8.08,-11.86,-13.49,-3,0.16,-8,,-12.5,-12.74,,-14.18,-7.29,-12,-11.53,-13.65,-12.15,-19.63,-13.73,-4.97,-10.1,-12.99,-8.46,-26,-12.49,-13.58,-11.42,-9,-11.5,-12,-14.26,-13.22,-6.5,-16.3,-16.69,-9.8,-13,-16.2,-10,-10.5,-11.78,-4.4,-5.65,-12.48,-2.87,-9,,-16,-15.6,-14,-9.5,-10.54,-11.7,,-9.5,,-10.5,-13.48,-12.92,,-10,4.30,28,0,12,-28,28
Iowa St.,Texas Tech,-3.5,-6.41,-9.13,-3.63,-2.29,-9.01,-4.68,-3.78,-6.54,-9,2.59,-11,,-15,-6.3,,-1.93,-4.49,-5.26,-3.05,-2.75,-3.36,-14.78,-5.32,-7.05,-5.97,-2.95,-7.19,-13,-4.82,-6.59,-4.97,-1,-3,-6,-7.84,-6.69,-3,-3.4,-5.26,-5.4,-7,-3.2,-3.5,-3.1,-4.62,-11.7,-0.26,-5.77,-1.87,-4,,-3,-3.7,-4,3.6,-5.84,-3,,-3.5,,-4,-4.42,-7.04,,-10,3.32,10,66,12,56,76
Kansas,Texas,-24,-21.8,-18.18,-18.96,-26.06,-18.79,-17.5,-20.19,-21.69,-16,-19.22,-19,,-25,-21.96,,-22.58,-10.45,-20.83,-15.63,-23.95,-20.44,-8.91,-34.11,-14.86,-13.2,-18.3,-23.33,-25,-21,-21.55,-20.06,-21,-22.5,-25,-20.25,-20.46,-21,-25,-23.95,-21,-20,-19.9,-23.5,-18.9,-22.21,-21.5,-9.22,-23.53,-12.23,-17,,-25,-23.5,-22,-25.4,-21.54,-15.6,,-24,,-12.5,-26.37,-22.97,,-18,4.06,21,24,12,3,45
LSU,Florida,14.5,11.23,5.75,13.38,16.07,8.4,12.99,17.4,11.18,10,13.19,3,,3,11.18,,10.61,16.77,12.94,14.77,22.35,11.63,7.56,7.68,2.36,5.5,12.72,8.47,15,12.9,11.35,13.02,18,14,13,6.65,18.93,14,18.4,16.25,12.1,11,10.5,14.5,23.4,20.99,16.2,22.62,12.3,0.44,12,,19,17.1,23,17.8,11.37,12.8,,14.5,,1,16.9,15.68,,-14,5.23,16,10,12,-6,26
Michigan,Indiana,24,31.53,25.25,26.66,29.25,37.12,30.04,21.12,29.99,25,23.08,28,,35.5,32.84,,32.45,16.13,27.76,22.38,28.15,31.05,31.78,33.14,16.67,23.69,28.95,22.71,34,28.08,29.88,32.48,28,25.5,20,23.93,26.34,23,30.3,37.91,33.6,28,25.8,24.5,17.6,31.25,27.6,39.48,33.69,14.13,29,,35,29.7,30,23.2,27.46,21.9,,24,,16.5,20.92,36.6,,22,5.51,10,20,12,10,30
Michigan St.,Ohio St.,-21.5,-27.49,-29.56,-24.42,-22.23,-39.31,-23.36,-27.17,-27.76,-21,-17.5,-28,,-39,-27.89,,-23.89,-11.14,-24.31,-20.21,-26.95,-25.04,-35.5,-41.32,-17.84,-11.05,-24.88,-23.37,-31,-23.77,-26.76,-22.21,-23,-21.5,-21,-23.65,-17.59,-12.5,-22.2,-31.19,-26.2,-22,-20.3,-21.5,-19.9,-29.33,-26.6,-23.11,-23.39,-5.85,-22,,-34,-20,-26,-21.9,-21.03,-12.2,,-22,,-6.5,-29.66,-30.9,,-28,6.71,17,16,12,-1,33
Minnesota,Northwestern,-2,-1.51,3.75,-3.11,-4.92,4.78,-0.69,-6.71,0.14,9,-4.5,4,,4.5,-2.45,,-2.36,4.09,-1.58,-1.06,-6.45,-1.83,4.38,1.52,4.91,3.86,-2.2,-5.97,-7,-1.6,-0.28,-0.7,0.01,-1,-4,2.89,-10.71,4,-1.9,-5.81,-0.6,-1,0.3,-2,-4.9,-8.95,-5,-33.16,0.22,-0.96,-3,,-4,-1.7,-1,-8.2,2.16,-0.3,,-2,,-0.5,-5.62,-2.98,,3,4.03,12,29,12,17,41
Mississippi St.,Arkansas,2,-2.19,-5.21,-0.32,0.71,1.28,0.74,-3.08,-3.39,2,-4.73,-5,,-11.5,-1.59,,-1.83,-0.26,-1.82,0.49,-2.25,-1.17,-15.22,-9.8,-6.04,-4.32,1.57,-7.71,-3,-1.09,-3.13,1.25,-1,0,-8,-6.3,-1.4,5.5,0.01,0.86,1,0.01,1.9,1.5,0.6,6.35,-6.9,17.35,0.44,-2.43,-2,,-2,-0.7,-11,4.5,-0.73,2.7,,2,,4.5,-5.71,0.47,,-5,3.86,58,42,12,-16,100
NC St.,Miami (Fla.),-3,-5.13,-3.44,-4.17,-4.54,-1.62,-2.29,-6.09,-4.46,-2,-5.61,-3,,-3.5,-5.66,,-4.14,-0.84,-4.2,-1.93,-6.05,-5.32,-4.69,-3.8,-5.36,-2.09,-4.14,-7.2,-6,-4.17,-4.41,-5.05,-7,-3,-4,-3.77,-2.98,1.5,-8.4,-6.8,-5.7,-4,-6,-3,-4.8,2.96,-4.5,-11.91,-3.14,-1.52,-3,,-8,-8.5,-5,-1.1,-2.44,-2.1,,-3,,-0.5,-3.25,-6.15,,-5,2.16,27,13,12,-14,40
Nebraska,Maryland,13.5,14.48,13.7,12.75,12.69,17.06,14.28,17.55,15.57,15,17.4,14,,19.5,13.97,,13.42,11.54,15.09,13.75,16.75,13.69,24.44,23.33,14.9,18.66,11.74,17.71,20,14.47,15.28,14.46,17,14.5,19,19.54,16.34,8.5,17.7,12.02,12.7,14,11.1,13.5,16.1,17.35,13.7,9.15,11.77,3.34,12,,14,16.2,20,10.1,9.96,15.7,,13.5,,10,19.07,13.37,,9,2.97,7,28,12,21,35
Nevada,Utah St.,-7,-6.37,-5.42,-5.47,-6.92,-0.99,-5.83,-1.22,-5.7,1,-6.46,-5,,-6.5,-6.84,,-4.73,-3.34,-4.25,-3.45,-2.95,-2.26,7.53,-2.71,-1.64,3.43,-4.62,-2.57,-13,-4.43,-5.68,-2.92,-2,-4,-2,-4.24,2.21,2.5,-0.2,-6.65,-5.4,-3,-1.6,-6.5,-0.3,-6.87,-14.4,-13.08,-7.01,-1.62,-6,,-5,-0.9,2,-15.3,-5.44,-4.1,,-6.5,,-2.5,-2.25,-8.15,,-4,3.67,37,38,12,1,75
New Mexico St.,Texas St.,9.5,7.6,5.98,5.3,12.73,6.14,5.82,5.53,6.98,9,6.18,7,,7,8.09,,6.45,5.46,7.71,8.74,8.45,6.3,0.94,2.19,4.92,4.29,8.47,9.15,6,7.12,6.89,7.82,8,9,12,5.33,11.14,,8.5,9.85,7.2,7,8.8,9.5,9.6,15.6,12.5,24.25,8.49,1.12,7,,12,8.4,6,9.9,5.06,3.7,,9.5,,7.5,11.25,7.05,,1,2.55,10,50,12,40,60
North Texas,Southern Miss.,,-5.05,-1.95,-4.53,0.13,-2.41,-2.94,2.89,-3.71,3,1.71,-3,,-4.5,-5.44,,-8.38,-1.88,-3.07,3.42,2.65,-4.36,3.41,-8.58,-1.43,-0.01,-0.13,2.3,-2,-3.25,-4.75,-5.72,-1,,2,-2.28,-7.29,-17,-4.4,-1.36,-3.8,-10,-2.1,,6.1,-8.55,-11.6,-7.05,-9.27,-0.69,-12,,2,-4.7,-4,4.6,-8.04,-3.8,,,,-14,2.65,-3.49,,-5,4.50,23,29,12,6,52
Notre Dame,Virginia Tech,1,-2.33,-6.4,-0.01,-1.02,-9.56,-1.95,2.98,-2.7,-2,-12.58,-7,,-14.5,-2.53,,0.63,-3.35,-1.54,-0.5,0.65,-3.41,-16.5,-6.88,-2.28,-3.65,-3.85,0.66,1,-1.16,-1.86,2.48,5,1,3,-8.97,3.66,5.5,-1,-5.06,0.7,-1,-1.7,1,3.7,0.01,-4.4,9.99,-0.96,-3.01,-1,,-2,-0.01,-4,-1.3,0.46,0.4,,1,,14.5,4.99,-2.19,,-7,4.61,34,31,12,-3,65
Oregon St.,Arizona,5,5.6,6.9,5.08,8.22,13.74,6.04,8.87,3.48,11,11.58,7,,7,7.09,,2.13,3.72,6.43,7.92,13.55,3.36,6.81,1.82,-1.02,4.7,8.74,5.23,9,5.82,3.45,4.7,8,7,10,5.83,1.86,-5.5,5.8,10.11,8.1,5,3.3,5,14,8.5,5.1,21.92,3.24,1.75,3,,16,5.5,15,-1.3,3.36,1.4,,6,,-4.5,10.65,9.53,,4,4.23,17,42,12,25,59
Pittsburgh,Duke,7,9.06,10.93,7.99,6.11,7.46,7.68,4.77,11,10,6.44,12,,18,8.08,,5.82,10.06,9.36,9.11,4.85,8.83,23.53,14.55,11.53,11.06,10.28,11.43,15,9.03,10.24,10.01,9,8,6,16.07,10.11,5.5,13.7,8.02,7.9,11,10.8,7,5.7,4.42,8.1,-14.67,10.72,2.14,7,,8,14.1,8,9.4,9.76,8.8,,7,,7,6.24,8.1,,7,2.93,14,56,12,42,70
Purdue,Wisconsin,-28,-31.04,-27.12,-31.05,-35.08,-37.17,-26.78,-29.89,-30.59,-23,-13.41,-24,,-30.5,-31.66,,-32.88,-11.71,-27.95,-24.88,-33.35,-27.23,-43.03,-33.78,-15.03,-23.81,-27.79,-22.2,-39,-28.25,-30.01,-25.46,-30,-27,-26,-30.17,-29.01,-24,-27.9,-35.34,-28.5,-25,-24.8,-28,-28.9,-31.95,-28,-52.26,-27.77,-5.37,-23,,-38,-25.8,-28,-35.5,-22.04,-18.6,,-28,,-15.5,-33.08,-35.11,,-19,6.07,49,20,12,-29,69
Rice,UTEP,1.5,2.67,0.01,-0.79,3.3,1.18,1.03,4.44,2.04,2,0.24,4,,0.01,3,,4.04,-0.3,2.26,1.11,1.15,4.17,4.53,4.15,1.73,2.56,3.09,0.52,8,2.15,2.26,3.56,1,1.5,2,2.37,4.39,-1,4.3,3.29,4.5,4,7.5,1.5,1.4,-0.21,2.8,-10.6,1.79,-29.75,5,,-2,5.4,2,-0.01,-0.33,3.7,,1.5,,-1,3.53,-0.48,,-2,2.15,24,44,12,20,68
Rutgers,Penn St.,-27.5,-27.16,-26.27,-22.84,-25.59,-23.96,-20.36,-25.21,-27.43,-22,-22.2,-27,,-34.5,-27.4,,-20.68,-11.48,-25.19,-21.7,-31.35,-23.29,-38.69,-28.6,-14.6,-26.05,-21.67,-23.55,-40,-25,-26.66,-24.07,-25,-27,-26,-30.07,-22.47,-15,-25,-30.09,-22.4,-21,-26.8,-27.5,-29.3,-33.3,-23.7,-23.63,-20.63,-4.97,-24,,-34,-23.8,-28,-34.9,-20.54,-13.6,,-28,,-17.5,-29.54,-29.4,,-27,5.36,39,0,12,-39,39
SMU,South Florida,-12.5,-11.57,-9.53,-6.95,-9.61,-7.45,-9.6,-9.9,-10.35,-3,-8.76,-12,,-17,-12.17,,-14.39,-5.17,-10.55,-4.74,-12.95,-13.16,-18.53,-20.81,-11.25,-9,-8.78,-11.22,-12,-10.69,-10.8,-10.39,-14,-14,-10,-12.3,-14.59,-14.5,-9.2,-11.55,-10.1,-12,-10.4,-12.5,-6.4,-5.04,-5.6,-23.74,-13.58,-1.49,-13,,-6,-11.8,-15,-15.1,-11.54,-5.8,,-12.5,,-11,-13.61,-10.58,,-15,3.41,35,27,12,-8,62
San Jose St.,Air Force,-10,-11.67,-11.96,-8.42,-14.28,-12.78,-8.82,-12.39,-12.36,-9,-7.68,-13,,-17,-11.41,,-9.5,-8.31,-10.85,-9.48,-14.25,-7.32,-11.16,-13.41,-8.32,-7.64,-11.79,-7.28,-30,-10.55,-11.98,-4.73,-11,-11,-7,-14.62,-6.31,-4,-10.1,-14.98,-9.5,-11,-11.3,-10,-11.1,-9.7,-15.4,-12.51,-12.28,-1.93,-9,,-10,-9.5,-9,-12.5,-11.54,-6.8,,-10,,-6,-9.38,-11.46,,-15,3.83,41,38,12,-3,79
Syracuse,Florida St.,-21.5,-19.12,-15.01,-17.73,-21.22,-17.8,-17.27,-17.56,-18.45,-12,-4.34,-16,,-22.5,-19.45,,-17.86,-8.5,-17.91,-12.94,-20.95,-17.88,-28,-23.47,-10.82,-18.16,-15.77,-20.03,-24,-18.08,-18.72,-20.32,-19,-20.5,-18,-18.72,-21.08,-13,-19.4,-19.99,-17.2,-18,-14.3,-21,-16.2,-19.48,-23,-18.97,-18.85,-2.3,-16,,-19,-17.3,-18,-23,-21.03,-14.5,,-21.5,,-14,-22.87,-20.78,,-16,3.75,45,14,12,-31,59
TCU,Oklahoma St.,5,2.15,-3.85,2.69,2.91,0.32,0.58,-0.23,1.19,-1,-2.71,-4,,-11,2.51,,7.38,-0.97,1.15,0.38,3.35,4.16,-6.91,-1.03,-3.62,-10.3,2.6,-1.04,3,1.85,1.69,1.57,3,4,4,-4.06,-0.01,3.5,-1.5,3.48,2.1,2,-0.7,4,4.2,10.12,8.2,-11.62,4.85,-0.81,4,,2,-1.2,4,4.4,2.16,0.2,,4.5,,6,-0.57,1.39,,-8,3.86,31,6,12,-25,37
Tennessee,Missouri,16.5,17.14,17.2,18.36,13.37,13.31,16.23,10.94,20.19,17,15.5,20,,29,15.55,,14.44,14.93,16.69,15.31,16.05,14.77,36.38,21.44,17.82,13.66,16.65,13.89,27,16.48,19.36,16.42,15,14.5,16,25.84,18.99,21,19.7,15.29,13.3,18,18.3,16.5,14.3,14.97,-0.4,19.72,15.82,3.78,19,,17,20,18,8.7,19.97,16.4,,15.5,,12,17.92,16.54,,11,4.39,37,63,12,26,100
Texas A&M,Texas-San Antonio,27.5,31.71,21.43,28.51,24.13,19.75,24.68,22.54,31.33,18,15.68,22,,30.5,31.73,,28.43,15.91,26.59,18.11,29.95,30.57,44.09,41.49,17.64,16.04,25.51,24.41,24,27.74,31.8,34.24,30,26,28,28.82,25.65,,30.3,28.68,30.2,28,25,27.5,18.4,25.17,39,20.85,33.01,4.59,29,,26,33.2,26,23.1,27.47,28.9,,27.5,,17.5,27.11,32.65,,12,5.80,10,23,12,13,33
Toledo,Ball St.,20.5,21.04,19.56,18.87,25.37,22.61,19.25,18.99,21.87,21,14.2,23,,28.5,20.63,,20.92,14.82,21.05,19.62,23.25,19.42,26.72,27.25,18.81,11.36,20.07,21.07,26,21,21.55,17.94,25,21,21,26.63,20.39,19.5,21.9,21.28,20.7,22,19.9,20.5,24,22.95,26,6.07,20.14,2.44,18,,21,21.7,25,10,20.46,16.5,,20.5,,22.5,28.19,21.3,,14,3.72,19,37,12,18,56
Troy St.,Arkansas St.,8,11.36,19.67,10.1,13.18,19.53,12.11,12.34,11.31,22,6.32,18,,21.5,11.85,,8.76,10.92,12.07,12.05,10.75,13.24,27.66,12.65,10.97,12.04,14.83,11.01,28,11.54,10.46,11.86,8,8,8,19.51,12.23,2,6.2,15.35,15,11,7.6,9,8.4,15.98,12.4,26.47,10.49,12.05,6,,10,5.8,12,11.5,11.57,11.3,,8,,-2.5,7.3,13.45,,15,4.90,35,3,12,-32,38
Tulane,Temple,-15,-14.68,-12.35,-15.66,-12.58,-11.71,-10.95,-11.67,-15.16,-10,-12.46,-11,,-18.5,-14.43,,-16,-8.64,-13.99,-12.28,-16.45,-14.93,-25.34,-17.49,-8.65,-4.83,-10.83,-14.66,-13,-14.22,-15.06,-12.58,-15,-15.5,-18,-17.84,-14.63,-17,-19.2,-13.92,-12.2,-17,-14.9,-15,-18.5,-16.3,-7.7,-20.53,-11.8,-2.12,-16,,-12,-19.5,-19,-11.7,-13.04,-11.3,,-15,,-14,-21.03,-12.77,,-12,3.29,31,0,12,-31,31
UCLA,USC,-13.5,-6.23,-9.58,-7.99,-8.89,-7.58,-5.76,-10.2,-7.21,-6,-2.95,-8,,-14.5,-6.05,,-6.24,-5.09,-7.64,-9.2,-14.35,-6.85,-15.22,-10.46,-5.4,-8.01,-5.41,-7.49,-6,-7.06,-6.27,-4.57,-7,-10.5,-11,-10.5,-6.59,-0.5,-10.4,-6.66,-3.8,-7,-8.1,-12.5,-14.5,-9.46,-4,-8.63,-3.15,-1.8,-6,,-9,-11.4,-7,-16.8,-4.34,-2.4,,-13,,4.5,-15.77,-7.12,,-9,3.68,36,14,12,-22,50
Utah,Oregon,14,10.91,15.95,10.6,13.05,25.37,10.15,15.29,11.74,18,10.06,20,,28,10.81,,2.89,12.08,13.42,12.09,19.65,10.72,25.41,21.49,12.63,24.38,12.38,15.85,24,12.09,10.87,10.84,14,12,13,20.62,14.04,4,13.1,11.13,10.5,8,9.6,14,19.2,16.87,7,7.23,6.33,1.58,10,,8,13.4,18,10.6,5.86,7.4,,14.5,,5,18.44,10.27,,12,5.49,30,28,12,-2,58
Vanderbilt,Mississippi,-10,-13.8,-6.8,-14.15,-7.36,-2.1,-10.4,-11.14,-14.11,-1,-7.54,-7,,-14,-13.51,,-15.11,-6.02,-10.71,-7.69,-14.75,-10.4,-20.5,-16.28,-2.98,-4.27,-8.02,-9.51,-13,-11.15,-14.26,-10.94,-10,-9.5,-11,-11.4,-11.15,-16,-8.9,-12.4,-8.1,-12,-7.7,-10,-10.1,-12.42,-12,-9.42,-11.76,-1.02,-16,,-13,-8.8,-14,-8.9,-13.03,-8,,-10,,-15.5,-14.9,-14.31,,-7,3.66,17,38,12,21,55
Wake Forest,Clemson,-22.5,-21.81,-18.67,-22.15,-18.53,-19.58,-15.07,-16.13,-22.3,-10,-6.93,-16,,-24,-21.49,,-23.34,-8.33,-19.43,-13.92,-25.15,-21.49,-23.66,-25.85,-13.89,-17.59,-16.28,-18.26,-29,-20.43,-22.33,-21.43,-22,-21.5,-19,-16.71,-19.11,-19,-20.7,-20.36,-19.7,-20,-17.1,-22.5,-15.7,-24.81,-29.7,-29.96,-21.29,-21.95,-23,,-22,-22.2,-8,-22.3,-21.53,-14.4,,-22.5,,-20.5,-18.78,-21.14,,-16,4.77,35,13,12,-22,48
Washington,Arizona St.,27,21.59,21.39,21.22,29.9,31.5,20.23,24.6,20.82,24,21.75,28,,34,22.29,,22.49,13.85,24.16,20.85,29.35,22.55,27.09,27.74,18.68,22.28,24.62,20,29,23.71,20.49,24.11,26,25,21,21.78,24.6,18,29.6,28.01,25,22,22.9,26.5,27.5,34.57,26.2,25.78,23.96,12.41,21,,25,28.6,32,29,24.96,15.8,,27,,13.5,23.27,23.46,,20,4.54,18,44,12,26,62
West Va.,Oklahoma,-3.5,-2.51,1.26,1.45,1.1,2.6,0.53,-2.26,-2.73,1,-0.99,5,,-1,-2.02,,-2.95,3.15,-1.59,0.9,-4.15,-1.74,3.03,-6.26,0.11,4.5,1.79,-3.39,6,-2.01,-3.48,-1.45,-4,-3,-3,3.04,-6.72,-9,-6.1,-1.29,-2.7,-2,-5.1,-3.5,0.2,-3.83,-3.5,3.44,-3.43,-0.19,-3,,-3,-6,-2,-5.4,-4.14,-1.3,,-3.5,,-7.5,-3.56,-1.05,,-1,3.11,56,28,12,-28,84
Western Mich.,Buffalo,35,39.31,41.23,33.78,40.79,34.88,37.42,35.7,38.62,45,32.06,39,,45.5,40.21,,37.03,18.96,37.36,33.46,40.65,38.36,34.69,54.41,29.55,22.86,40.47,36.58,51,38.18,37.87,38.78,38,35,36,42.46,33,28,41,44.76,40.2,37,33.1,35,35.4,36.13,38.9,54.09,38.49,15.83,36,,44,39.9,43,31.8,31.96,27.3,,35,,17.5,42.14,42.9,,32,6.70,0,38,12,38,38
Wyoming,San Diego St.,-10,-9.6,-3,-4.87,-7.32,-8.48,-4.71,-9.02,-7.14,-5,2.4,-7,,-6,-10.81,,-14.43,-2.13,-8.01,-0.83,-12.15,-10.04,-5.06,-8.85,-3.33,-4,-2.98,-4.83,5,-8,-8.25,-8.36,-16,-7.5,-10,-4.19,-13.4,-14.5,-13.9,-6.93,-7.7,-8,-10.8,-10,-21.8,-12.84,-8.6,5.02,-9.4,1.16,-9,,-8,-12.6,-13,-8,-5.14,-2.8,,-10,,-17,-13.15,-7.79,,-8,4.83,33,34,12,1,67
Air Force,Boise St.,-8,-9.72,-8.37,-8.08,-7.78,-3.67,-8.38,-6.61,-9.87,-3,-7.16,-11,,-14,-9.77,,-5.79,-4.09,-7.58,-7.93,-4.95,-10.25,-17.22,-11.88,-2.39,-8.38,-7.26,-9.56,-11,-7.97,-9.67,-9.91,-5,-9.5,-8,-9.77,-4.84,-3.5,-7.5,-10.07,-7.1,-9,-6,-8,-4.9,-7.27,-5.8,-15.47,-9.24,-3.45,-9,,-10,-6.8,-5,-5.8,-9.17,-2.3,,-8,,-2.5,-4.2,-11.19,,-6,2.67,20,27,13,7,47
Alabama,Auburn,18,18.53,16.43,23.04,23.54,16.41,14.79,20.23,20.15,18,7.32,17,,30.5,17.6,,19.24,12.73,18.64,20.58,18.75,21.83,10.34,23.19,19.49,12,16.85,16.96,19,18.73,19.72,12.85,18,18,20,9.05,18.29,18,19.5,18.04,16.6,19,14.4,18,19.4,22.15,24.8,24.13,17.87,11.11,16,,18,19.2,21,25.7,20.33,18.7,,17,,16,22.3,17.93,,9,3.98,12,30,13,18,42
Arizona,Arizona St.,-3,-6.99,-8.22,-2.61,-5.84,-11.95,-4.21,-5.44,-6.88,-6,0.24,-10,,-12,-7.24,,-4.45,-3.82,-5.34,-2.89,-10.35,-6.06,-17.25,-12.54,-2.39,-4,-4.28,-7.34,-7,-6,-6.53,-3.29,-7,-4,-6,-8.71,-2.86,4,-8.2,-6.44,-4.6,-4,-8.7,-3,-7.1,3.47,1.8,3.17,-2.2,-2.38,-4,,-10,-8,-9,3.9,-2.77,1.6,,-3,,4,-9.47,-7.89,,-11,3.95,35,56,13,21,91
BYU,Utah St.,17,19.47,17.68,21.98,20.25,23.92,17.11,24.62,19.75,21,23.61,15,,21,19.65,,22.59,13.73,20.69,21.15,29.35,20.56,33.22,28.62,15.19,11.92,19.06,24.44,23,20.65,19.04,19.34,24,19.5,29,24.04,23.02,10.5,24.9,22.52,18.8,20,17.3,17.5,27,19.02,15.4,26.15,17.59,2.17,15,,27,24.5,30,7,16.83,15.4,,18,,10.5,29.82,20.73,,11,5.00,10,28,13,18,38
Baylor,Texas Tech,5.5,6.23,6.22,2.38,1.88,8.64,1.3,2,7.48,5,-2.62,4,,4,5.41,,7.58,3.8,4.51,-0.24,5.2,5.84,9,11.33,5.19,3,4.1,1.79,4,4.3,7.38,6.08,8,5.5,3,7.95,3.82,8,3.5,5.18,6.2,4,3.8,5.5,-0.8,5.9,0.7,10.89,6.97,0.37,5,,5,2.3,4,8.3,4.7,3.2,,5.5,,11.5,-0.58,4.5,,7,2.85,54,35,13,-19,89
Bowling Green,Buffalo,13.5,11.75,10.03,12.94,15.35,0.88,12.1,14.48,11.81,19,11.35,13,,17.5,11.62,,17.96,10,12.23,10.75,11.05,11.48,-3.47,14.06,7.22,-0.5,11.97,12.63,15,12.07,12.03,9.71,15,13.5,14,9.12,11.94,19,13.6,10.59,11.5,14,8.5,13.5,15.2,14.84,5.9,31.35,11.67,-10.16,16,,12,13.8,16,9.5,12.63,12.4,,14,,18.5,16.05,10.39,,2,3.69,19,27,13,8,46
California,UCLA,-3,-4.48,-0.33,-1,-6.28,-9.85,-3.24,-5.3,-3.6,1,-8.37,0.25,,1.5,-4.73,,-3.99,0.62,-3.75,-2.59,-7.65,-3.28,-3.84,-3.76,3.98,1.57,-2.22,1.45,-8,-4,-4.28,-4.98,-4,-5,-4,-0.44,-4.61,-3,-6.6,-4.69,-4,-3,-9.6,-3,-7.3,-3.67,-1.2,-8.22,-3.71,0.18,-6,,-7,-5.1,-7,-8.8,-2.87,-3,,-3,,-1.5,-5.11,-5.63,,-2,3.11,10,36,13,26,46
Clemson,South Carolina,25.5,27.97,24.88,26.64,24.78,28.98,24.8,21.35,28.16,24,17.73,21,,28,27.92,,21.65,14.87,26.69,22.07,31.85,28.26,32.78,35.33,20.72,28.3,25.8,20.8,38,26.82,28.03,28.06,30,23.5,25,25.42,30.7,23,29.6,28.94,28.9,29,23.2,25.5,26.6,39.29,34.8,20.75,26.49,21.45,29,,27,29.3,23,27.4,26.33,16.6,,24,,26.5,26.25,28.58,,18,4.72,7,56,13,49,63
Colorado,Utah,10,9.97,12.68,12.02,13.46,20.87,12.39,14.7,8.29,13,10.87,12,,16,11.46,,5.71,7.64,11.06,11.63,13.05,8.18,13.34,5.79,7.84,8.5,14.61,9.17,15,11.43,7.79,11.08,9,10,12,11.13,5.62,5.5,11.4,16.41,12,10,10.3,10,12.4,17.46,20.5,18.25,11.08,0.75,8,,15,9.8,13,6,9.03,3.6,,10,,-6.5,15.11,15.16,,7,4.41,22,27,13,5,49
Connecticut,Tulane,-2,0.38,-1.12,-0.19,-1.4,-1.06,-0.2,-0.68,2.18,2,4.14,-2,,-0.5,-0.94,,6.21,1.05,1.38,0.01,0.01,2.51,4.56,6.16,4.67,1.16,0.41,4.47,-8,1.25,2.29,2.37,3,1.5,4,1.29,6.67,10.5,6.5,-1.18,2,8,3.1,-1.5,-6.5,-4.16,-3.7,4.62,3.29,0.25,4,,1,7.7,3,-5.3,1.22,5.6,,0,,6.5,3.03,-3.98,,-3,3.60,38,13,13,-25,51
Eastern Mich.,Central Mich.,-1,-2.64,2.97,-2.3,2.54,3.68,0.23,0.34,-2.39,4,4.68,3,,4,-2.54,,-5.58,1.93,-0.61,1.49,1.15,-1.42,-0.03,-10.79,-0.01,2.15,1.9,2.49,8,-1,-2.92,-4.85,0.01,-1,-1,1.93,-3.05,-7,-3.5,0.17,-0.2,-4,-3.7,-1,4.4,2.16,-1.6,-5.29,-2.95,0.35,-6,,-1,-3.8,-2,-0.4,-1.07,-2.8,,-1,,-6,-1.23,-1.78,,-1,3.40,21,26,13,5,47
Florida St.,Florida,7.5,5.31,3.23,6.03,4.85,2.54,8.41,4.93,5.4,6,6.38,-2,,3.5,5.12,,4.75,3.93,6.58,5.74,10.05,8.55,3.06,4.96,2.83,2,6.16,4.89,7,6.02,5.68,9.16,9,7,4,4.5,12.8,9.5,10,6.16,8,6,2.2,7.5,8.1,16.67,20,12.87,6.41,0.48,7,,6,9.2,13,4.1,5.93,6.5,,7.5,,7.5,7.07,7.49,,5,3.59,13,31,13,18,44
Fresno St.,San Jose St.,-3.5,-2.47,-4.08,-2.21,-3.33,-3.91,-0.73,-1.57,-3.59,1,0.96,-5,,-6.5,-1.85,,-0.87,-2.77,-2.48,-0.99,-5.05,-5.07,10.63,-10.21,-0.76,1.38,0.01,-5.15,7,-2.24,-3.29,-3.62,-1,-3,-6,-1.44,-5.24,-3.5,-4.7,-0.33,-1,-1,-1.1,-3.5,-5.2,-1.66,1.2,9.11,-1.33,-10.76,-4,,-1,-4.5,-5,2,-2.27,-3.5,,-3,,-2,-7.28,-2.67,,-5,2.78,16,14,13,-2,30
Georgia,Georgia Tech,4.5,0.62,2.6,1.79,1.71,6.82,-0.1,5.6,2.35,2,-1.85,3,,3,-0.39,,6.34,2.07,3.33,1.94,0.75,2.54,5.06,3.91,5.86,7.87,2.98,5.11,2,2.84,2.24,4.35,3,4.5,4,3.95,6.52,8,0.5,0.86,2.7,3,3.7,4.5,2.4,6.75,7.4,6.03,5.64,0.54,-2,,5,0.3,2,-2.3,4.73,6.2,,4,,17,9.7,-1.47,,-2,3.31,28,27,13,-1,55
Hawaii,Massachusetts,7.5,4.79,8.63,8.16,9.44,5.3,6.38,8.24,7.32,10,3.5,9,,14.5,3.65,,2.3,9.82,6.32,8.71,0.95,6.36,-3.69,7.11,8.07,3.49,8.39,10.25,-1,6.42,6.14,10.18,2,9,9,10.8,6.47,,3.9,5.85,5.9,9,-0.8,7.5,1.9,7.31,1.8,4.27,7.34,0.97,10,,7,5.1,2,3.7,6.23,6.2,,7.5,,5.5,8.28,3.6,,2,3.20,40,46,13,6,86
Idaho,South Alabama,6,3.1,7.96,4.08,4.59,1.98,5.91,6.35,4.31,12,2.75,6,,8.5,2.53,,-1.1,4.82,4.44,8.14,5.35,3.05,9.88,1.17,5.67,0.24,6.18,5.93,-12,4.2,3.79,7.9,4,5,7,8.73,6.95,,5.7,2.59,2.6,4,3.2,6,11.9,10.2,2.2,5.22,0.98,1.64,5,,3,4.5,8,1,3.03,-3.2,,5.5,,3,11.89,2.39,,-1,3.97,31,38,13,7,69
Indiana,Purdue,20.5,17.36,15.77,13.63,20.93,23.34,15.74,18.04,16.57,19,14.53,17,,18,17.88,,14.34,11.55,17.23,15.27,20.65,19.19,23.22,19.5,7.43,12.17,18.04,10.07,23,17.05,16.62,14.23,22,15,16,18.09,16.44,15,17.1,21.25,19.4,15,18.8,20,19.4,25.06,22,15.2,18.53,1.33,12,,17,16.1,19,24.6,16.23,12.7,,20.5,,14,16.49,20.93,,10,3.65,24,26,13,2,50
Iowa,Nebraska,1.5,2.61,-4.41,-0.37,2.85,0.77,1.22,2.11,0.46,-3,3.86,-2,,-5.5,3.54,,3.16,0.01,2.37,1.95,7.05,3.89,-5.34,-3.29,-3.67,-5,4.32,1.66,9,2.51,1.31,4.21,7,1.5,4,-1.78,7.1,4.5,6.9,5.24,2.8,1,6.6,1.5,5.7,1.19,-2,15.49,2.39,-1.74,4,,4,6.8,10,2.4,-1.57,1.7,,2,,9.5,5.63,3.43,,-3,3.76,10,40,13,30,50
Iowa St.,West Va.,-6.5,-8.78,-13.94,-7.54,-3.4,-12.24,-7.64,-0.45,-11.35,-13,0.42,-13,,-20,-7.29,,-3.46,-7.27,-7.14,-2.88,4.25,-4.66,-26.81,-18.2,-13.76,-14.75,-5.48,-9.74,-14,-7.28,-10.65,-7.81,-3,-7.5,0.01,-17.45,-4.51,-3,-3.6,-4.62,-4.9,-10,-3,-6.5,4.1,-4.14,-9.5,6.15,-9.15,-3.65,-6,,-1,-3.3,3,-10,-11.68,-4.1,,-7,,-7.5,-6.92,-5.8,,-12,5.49,49,19,13,-30,68
Kansas St.,Kansas,26.5,26.02,23.35,24.87,29.99,30.82,23.5,24.76,25.77,25,16.38,21,,26.5,26.43,,30.94,15.21,25.37,19.38,26.55,27.74,24,42.46,20.45,18.43,27.06,28.64,31,25.56,25.34,24.43,30,26,25,28.95,24.08,27.5,26.6,31.31,28.7,25,22.3,26.5,22.6,23.25,23.8,40.06,30.23,12.3,21,,26,24.4,26,28.9,26.83,20,,27,,12.5,25.77,28.36,,18,4.78,19,34,13,15,53
Kent,Northern Ill.,-4.5,-7.71,-4.64,-9.28,-11.76,-2.04,-2.34,-5.61,-8.41,-1,-4.04,-4,,-6,-7.11,,-9.39,-1.89,-6.49,-4.55,-13.95,-8.1,5.41,-8.84,-2.02,-0.38,-3.09,-2.29,-4,-6.02,-8.68,-5.08,-8,-5,-10,-5.66,-6.04,-6.5,-8.9,-5.14,-5.8,-6,-7.7,-4.5,-10.5,-13.1,-4.5,7.48,-5.17,0.03,-6,,-9,-7.9,-8,-7,-4.57,-3.2,,-4.5,,-10,-9.34,-7.27,,-7,3.09,31,21,13,-10,52
Louisiana-Lafayette,Arkansas St.,-5.5,-8.95,-5.42,-10.58,-16.3,-0.98,-4.55,-9.43,-8.96,4,-10.46,-5,,-8,-9.04,,-11.92,-4.4,-7.79,-7.89,-12.85,-6.48,-11.56,-10.32,-5.25,0.46,-7.38,-5.63,-9,-8.65,-8.79,-6.8,-10,-8,-11,-8.98,-3.91,-7.5,-11.9,-9.84,-6.1,-8,-9.3,-5.5,-13.8,-3.61,-2.5,-16.84,-6.43,-1,-7,,-12,-11.4,-11,-2,-4.38,-3.2,,-5,,-8.5,-14.3,-9.73,,-7,3.92,19,24,13,5,43
Louisville,Kentucky,27.5,23.4,19.29,18.48,23.06,28.26,23.24,21.42,20.89,22,10.26,23,,26,25.16,,24.87,12.28,22.98,15.7,27.15,28.67,25.72,33.39,10.75,22.22,23.53,15.88,32,23.32,21.03,27.3,23,23.5,19,20.83,22.89,16.5,25.7,29.08,28.5,23,20.6,26.5,14.4,33.56,16.5,37.33,27.32,11.7,25,,26,25.2,28,24.4,25.32,16.8,,26,,24,24.23,28.17,,19,5.28,41,38,13,-3,79
Marshall,Western Kentucky,-24,-19.4,-19.04,-20.89,-27.08,-13.54,-19.39,-25.01,-19.28,-18,-22.54,-21,,-27.5,-19.96,,-16.59,-10.16,-20.61,-19.25,-23.75,-24,-13.09,-26.38,-10.14,-9.61,-21.5,-17.81,-29,-20.32,-18.41,-17.87,-19,-22,-24,-23.2,-15.39,,-23.6,-26.83,-17,-18,-17.1,-24,-24.9,-29.31,-30,-24.65,-18.15,-12.45,-16,,-25,-22.9,-19,-32.4,-20.68,-10,,-24,,-8,-28,-23.96,,-18,5.57,60,6,13,-54,66
Maryland,Rutgers,14,15.51,15.51,11.08,16.79,20.01,10.45,9.46,15.95,16,1.62,17,,18,15.43,,15.23,11.39,13.8,11.96,12.05,14.42,18.91,16.52,10.55,13.59,14.52,18.93,15,14.68,15.55,13.35,14,13,11,16.98,8.97,14.5,10.9,17.91,16,13,15.3,14,9.5,18.06,11.5,14.51,16.37,1.86,15,,20,11.2,9,17.5,14.83,6.9,,14,,11,12.65,15.23,,12,3.55,13,31,13,18,44
Memphis,Houston,-4,-2.85,-4,-2.59,-2.54,-4.79,-2.86,-3.91,-5.47,1,1.66,-5,,-8.5,-1.12,,0.93,-1.47,-2.97,-2.48,-0.85,-5.93,-10.81,-11.8,-6.24,-6.08,0.31,-4.47,-3,-2.86,-5.1,-1.91,0.01,-3,-6,-5.56,-0.34,2.5,-5.4,0.84,-0.5,-2,-4.1,-4,-1.9,-2.57,-4.3,13.85,-2.38,-0.64,-3,,1,-3.1,1,-4,-4.17,-3.6,,-4,,0.01,-5.51,-1.22,,-6,2.68,44,48,13,4,92
Miami (Fla.),Duke,16,16.72,15.98,18.01,18.62,19.26,14.67,17.3,17.24,17,13.15,15,,18,16.7,,13.88,12.56,16.77,14.77,16.95,17.69,26,21.52,12.41,9.77,17.37,15.41,23,17.27,16.6,17.86,20,15,13,19.76,15.39,7,20.6,18.33,18.1,18,15.4,16,19.2,18.45,15.7,8.5,17.91,2.03,13,,17,20.1,20,18.5,18.83,11.4,,15,,9,17,18.17,,13,2.87,21,40,13,19,61
Miami (Ohio),Ball St.,7.5,3.74,5.34,3.84,7.2,8.66,5.08,11.83,4.67,4,5.19,5,,6.5,3.48,,3.65,5.58,6.87,11.97,9.85,7.81,1.78,8.26,6.59,3.31,8.39,12.31,10,6.89,3.94,4.44,8,8,10,8.82,7.79,6,8.9,7.7,3.3,5,7.5,7.5,15.3,8.19,7.7,12.02,3.68,1.1,1,,9,8.2,10,4.7,2.83,1.9,,7.5,,8,17.09,4.65,,2,3.32,20,21,13,1,41
Middle Tenn.,Florida Atlantic,14,16.56,18.56,11.4,15.22,21.46,13.76,16.51,15.9,18,9.42,23,,29,16.91,,19.06,11.98,16.11,11.72,12.15,15.06,3.81,26.53,14.38,11.49,18.22,14.71,16,16.05,16.12,16.7,17,13,10,19.25,12.03,17.5,13.9,18.76,19.7,17,13,14,6.8,19.15,27.2,15.33,17.93,20.95,18,,14,16.1,15,16.1,16.13,12,,13.5,,15,15.18,15.2,,13,4.29,56,77,13,21,133
Mississippi,Mississippi St.,9.5,12.28,10.59,7.99,10.02,8.73,11.75,10.18,10.72,11,10.34,13,,17.5,13.07,,11.06,7.35,11.14,6.84,12.25,9.29,16.66,15.15,8.9,10.93,11.89,10.52,24,11,11.27,12.66,13,7.5,9,13.4,11.7,8,5,13.67,13.8,11,3.3,9.5,5.1,12.7,19.2,21.18,12.24,1.18,14,,11,5.1,14,,9.53,9,,8,,10,9.94,12.85,,5,3.54,55,20,13,-35,75
Missouri,Arkansas,-8,-7.99,-8.39,-11.12,-5.96,-2.05,-6.81,-10.78,-11.39,-7,-10.35,-9,,-17,-6.21,,-12.08,-6.74,-8.42,-10.06,-12.35,-7.64,-23.13,-16.99,-9.44,-7.26,-5.74,-13.66,-9,-8.2,-10.48,-2.63,-8,-9,-13,-14.09,-9.1,-9,-3.3,-6.99,-1.1,-7,-7.7,-8,-15.4,-2.24,8.9,6.59,-4.81,-4.1,-6,,-11,-11.1,-11,0.7,-9.17,-7.4,,-8,,-3.5,-23.35,-6.09,,-7,5.05,24,28,13,4,52
New Mexico,Wyoming,-2.5,-2.82,-5.32,-2.24,-8.05,-0.59,-3.76,-6.91,-3.34,-1,-5.19,-6,,-10,-2.8,,-3.16,-1.74,-3.05,-3.61,-1.15,-1.36,-10.22,0.96,-2.52,-1.7,-4.79,-1.19,-21,-2.46,-2.7,-0.69,1,-3,-5,-5.76,1.8,2,0.01,-6.46,-2.4,-1,2.5,-2.5,-8.4,-2.95,0.4,5.31,-1.64,-2.43,-1,,-7,0.3,-1,-5.5,-1.27,-1.1,,-3,,7.5,-6.22,-4.45,,-5,4.04,35,56,13,21,91
New Mexico St.,Appalachian St.,-19.5,-20.6,-16.3,-22.05,-17.66,-16.59,-18.02,-15.81,-20.96,-13,-8.72,-18,,-24.5,-20.45,,-23.42,-10.28,-18.88,-15.91,-18.05,-18.29,-18.22,-32.34,-12.62,-9.43,-15.97,-14.97,-28,-18.86,-20.77,-17.32,-19,-17,-16,-20.68,-18.71,,-22,-20.16,-20.6,-22,-19.7,-19.5,-17.3,-17.86,-19,-1.34,-19.79,-2.54,-18,,-21,-21.4,-20,-27.9,-21.67,-15.9,,-17.5,,-15,-17.47,-20.57,,-17,4.34,37,7,13,-30,44
North Carolina,NC St.,10.5,9.88,10.54,10.12,7.63,7.67,10.43,12.14,10.53,16,10.9,10,,14,9.61,,10.93,8.41,11.53,11.48,13.85,9.69,21.97,18.57,11.91,10.71,11.67,13.38,14,11.01,10.17,12.11,15,12,12,15.76,9.05,11,13.9,11.58,9.4,10,11.1,10.5,13,10.13,8.3,3.34,7.55,2.62,9,,14,13.6,17,6.8,7.53,11.3,,11.5,,15.5,17.19,11.29,,6,2.73,28,21,13,-7,49
Northwestern,Illinois,15.5,16.71,13.82,16.14,27.4,20.85,15.63,17.42,15.64,13,17.64,12,,16.5,17.51,,19.71,11.52,17.83,17.71,20.75,17.55,22.59,18.15,7.83,13.52,20.95,14.23,31,17.59,15.57,16.31,18,14,20,18.89,22.62,12.5,18.3,24.16,18.1,18,17.7,15.5,20.5,28,15,16.26,17.51,3.5,13,,22,18.3,20,15.5,15.03,16.3,,16,,15,19.89,18.35,,9,4.11,21,42,13,21,63
Ohio,Akron,,9.28,9.05,6.9,11.35,13.05,7.13,10.69,9.26,14,9.96,10,,12.5,9.42,,9.85,8.04,10.6,12.54,14.95,9.5,13.03,7.08,6.37,13.43,9.5,10.93,15,9.98,9.02,8.41,12,,13,11.52,9.64,4.5,12.3,9.9,9.2,9,12.8,,20,18.6,13.2,-14.4,7.11,0.54,5,,12,12.4,15,10.9,6.13,11.3,,,,3.5,12.21,9.18,,7,3.17,3,9,13,6,12
Ohio St.,Michigan,4.5,4.79,6.55,2.77,6.23,9.06,3.4,9.73,5.22,7,-0.8,4,,5.5,4.43,,7.76,2.25,5.88,3.34,10.75,6.95,3.03,11.74,6.99,3.5,6.02,4.96,6,5,5.23,3.02,11,7,7,3.94,7.86,5.5,3.4,4.69,5.9,5,4.4,4.5,8.8,12.67,12.4,6.67,3.41,-9.72,3,,5,2.9,14,1.9,3.23,2.5,,6.5,,4,13.62,4.12,,1,3.31,27,30,13,3,57
Old Dominion,Florida Intl.,14,14.05,16.17,14.63,17.33,16.57,13.07,11.08,13.9,16,8.34,19,,22.5,14.47,,9.65,12.63,13.69,13.84,13.15,14.17,8.56,15.9,11.7,10.58,16.25,6.38,25,13.95,13.3,16.19,12,13,10,19,15.53,,10.9,16.6,16.1,14,9.1,14,11.9,13.16,10.8,28.71,13.77,1.51,8,,19,10.3,16,6.7,14.63,10,,13.5,,7.5,14.57,14.37,,12,3.76,28,42,13,14,70
Oregon St.,Oregon,-2.5,-2.1,-0.17,-1.74,0.19,6.14,1.09,3.84,-4.03,1,6.85,-1,,-3,-0.71,,-10.58,-0.25,-1.52,-0.25,3.85,-1.8,-7.87,-6.58,-4.34,1.63,1.48,-2.65,5,-1.9,-4.13,-2.76,-3,-3.5,-2,-2.63,-3.79,-7,-3.4,1.48,-0.3,-4,-5.8,-2.5,1.8,-0.31,-6,-0.43,-3.98,-0.28,-4,,-2,-3.2,1,2.7,-5.27,-4.2,,-3,,-10.5,-2.09,0.12,,-3,3.58,24,34,13,10,58
Penn St.,Michigan St.,11.5,14.2,23.76,15.45,13.68,18.31,15.44,11.05,17.27,23,20.78,23,,30,12.94,,8.83,14.37,15.13,18.12,9.65,10.59,36.75,22.11,16.84,15.43,16.52,16.46,21,14.78,15.49,13.87,10,11.5,16,26.99,6.44,2.5,13,14.56,12.8,13,13.5,12,15.2,15.31,9.6,26.5,9.45,4.62,9,,20,11.8,15,12.9,9.53,7,,12.5,,3.5,23.67,14.46,,15,5.32,12,45,13,33,57
Pittsburgh,Syracuse,25,19.44,18.24,16.27,21.83,23.4,18.49,22.99,17.61,23,19.81,23,,27,20.56,,18.65,12.64,21.25,17.4,27.75,22.47,30.22,21.96,13.39,15.96,21.14,22.74,30,21.71,17.86,19.99,24,23.5,22,22.59,22.8,16,23.7,25.14,19.9,19,21.6,24,25.6,23.21,21.5,28.09,18.71,1,20,,27,22.5,25,31.4,16.83,15.3,,24.5,,16.5,25.56,23.03,,13,3.98,61,76,13,15,137
SMU,Navy,-7,-9.33,-9.74,-5.83,-8.18,-6.1,-8.03,-10.51,-9.2,-4,-6.74,-11,,-12.5,-9.26,,-12.75,-3.27,-8.83,-4.15,-13.45,-9.14,-18.47,-22.09,-10.81,-8.81,-6.94,-12.76,-8,-8.81,-9.51,-6.25,-16,-7,-10,-11.64,-12.87,-16,-7,-7.2,-8,-9,-7,-7,-9.1,-7.77,-3.6,-10.12,-6.55,-1.24,-11,,-5,-8,-11,-7.4,-4.67,-3.7,,-7,,-10,-12.22,-8.81,,-12,3.43,75,31,13,-44,106
San Diego St.,Colorado St.,11.5,11.98,9.08,10.98,12.6,18.17,9.92,10.6,10.76,14,8.61,11,,13,12.79,,16.44,8.27,12.37,6.37,16.05,14.32,15.38,19.71,7.87,14.5,10.28,12.39,7,11.62,10.96,14.67,19,11.5,11,11.92,18.38,15,18,11.33,13.9,13,16.3,11.5,7.4,11.27,8.6,20.93,14.15,0.45,11,,10,17.2,13,14.6,9.53,9.1,,11.5,,18,8.31,10.32,,9,3.41,63,31,13,-32,94
South Florida,Central Florida,11.5,8.02,10.9,8.78,9.46,7.17,5.44,7.9,10.68,12,0.49,12,,17,6.28,,12.6,7.03,10.98,8.72,8.75,10.03,18.5,18.35,15.72,9.61,8.26,14.19,15,9.86,10.27,10.79,15,10,9,14.56,14.72,18,13.6,6.02,9.2,12,10.8,11.5,9.4,9.99,9.5,-6.78,9.69,1.4,8,,7,13.9,14,30.7,9.73,9.4,,10,,18.5,14.2,5.8,,8,4.53,31,48,13,17,79
Southern Miss.,Louisiana Tech,-14.5,-9.88,-9.27,-11.62,-16.67,-4.59,-10.21,-20.07,-9.71,-12,-16.04,-10,,-14.5,-10.44,,-10.94,-5.58,-12.22,-14.69,-20.55,-14.81,-18.47,-15.7,-7.69,-2.99,-11.17,-18.94,-14,-11.76,-8.9,-10.96,-13,-13.5,-22,-12.73,-8.09,2.5,-15.5,-14.91,-8,-7,-11.9,-14.5,-25.7,-12.69,-3.2,-13.74,-6.36,-1,-3,,-18,-13.5,-17,-25,-5.27,-5.2,,-14,,-0.5,-24.97,-13.71,,-13,5.86,24,39,13,15,63
Stanford,Rice,35,39.46,31.58,40.66,31.51,26.87,35.05,33.51,40.67,34,31.31,26,,33.5,38.83,,40.73,18.31,35.72,35.34,40.35,35.98,32.38,47.15,23.17,23.33,39.91,36.17,36,37,40.44,37.57,40,35,37,39.58,28.31,30,41.1,44.6,37.7,38,29.6,35,34.4,41.26,43.9,47.35,40.24,34.56,34,,37,42.1,41,26.3,32.83,31.3,,36,,29,37.27,41.43,,15,6.07,17,41,13,24,58
Temple,East Carolina,22,18.35,20.59,21.76,26.73,26.25,20.75,22.24,18.2,26,18.12,22,,27.5,18.73,,16.9,14.87,21.36,20.96,25.15,20.15,31.78,21.6,14.51,15.94,20.66,21.81,27,21.03,17.77,19.3,21,17.5,26,25.86,20.13,13.5,24.6,21.91,18.8,19,21.7,22,30.4,29.19,16.7,25.88,15.65,1.68,13,,23,23.9,27,23.9,15.83,15.1,,21,,18.5,30.22,21.05,,14,4.27,10,37,13,27,47
Texas,TCU,3.5,-0.55,1.29,1.23,1.49,2.42,2.05,2.45,-1.86,7,7.8,2,,4,0.35,,-2.58,2.1,0.86,2.32,-0.75,-1.91,-4.72,-1.95,-0.82,4.1,1.84,0.52,3,0.9,-1.85,1.21,2,2.5,-3,0.01,-0.17,0,0.9,0.58,2.4,2,0.9,2.5,1.8,2.86,0.9,-0.98,0.38,0.09,-1,,2,0.9,1,-2.3,0.43,0.7,,3,,-7,0.78,-0.2,,-3,2.39,31,9,13,-22,40
Texas A&M,LSU,-6.5,-0.89,4,-1.74,1.01,-2.6,-1.18,-3.09,0.38,4,-9.57,2,,9.5,-1.46,,-2.57,3.6,-1.59,-1.19,-7.35,-3.02,4.75,3.63,5.07,7.75,1.38,-0.5,3,-1.53,-0.21,-1.61,-3,-5.5,-2,4.23,-5.39,-4,-7.5,-2.45,0.3,-1,-4.3,-5.5,-7.9,-9.4,-3.1,-16.77,-1.09,1.07,-4,,-2,-7.5,-6,-11.8,-1.17,0.01,,-7,,0.5,-9.55,-2.15,,3,4.44,54,39,13,-15,93
Texas St.,Troy St.,-28,-26.22,-24.59,-24.9,-34.62,-25.31,-22.61,-26.57,-24.71,-21,-18.78,-27,,-30.5,-27.52,,-26.2,-11.29,-25.22,-19.74,-29.65,-25.51,-11.13,-30.18,-14.93,-14.92,-24.48,-23.21,-34,-25.16,-24.27,-23.08,-25,-25,-25,-23.58,-21.97,,-27.3,-32.27,-25.8,-23,-27.9,-27.5,-23,-30.62,-30.1,-53.44,-25.35,-14.08,-21,,-31,-26.3,-27,-34.4,-22.17,-16.1,,-27,,-8.5,-27.25,-45.86,,-25,6.13,40,7,13,-33,47
Texas-San Antonio,Charlotte,10.5,12.12,10.03,10.71,14.91,11.62,11.04,17.18,12.53,16,12.81,11,,12.5,11.88,,13.33,8.23,12.64,14.12,17.05,11.14,-2.44,14.76,6.93,10.35,14.75,8.77,21,12.67,12.48,11.07,17,8.5,14,12.15,7.46,,14.7,17.04,13,13,13.4,10.5,18.5,9.97,16.5,7.84,11.48,1.23,11,,14,13.1,17,6.2,7.83,13,,10,,6.5,13.44,12.84,,7,3.17,14,33,13,19,47
Tulsa,Cincinnati,23.5,18.13,21.04,21.67,22.63,20.19,17.72,21.69,17.85,24,18.34,21,,26,18.9,,13.06,13.9,19.89,22.47,25.15,19.75,29.81,19.08,14.81,11.18,21.07,17.66,31,19.88,16.72,15.8,20,19.5,21,23.56,15.34,2,19.1,22.85,18.6,16,18.1,23,31,27.04,21.4,17.9,14.17,2.16,15,,24,17.7,25,27.7,15.92,11.2,,22.5,,5,30.26,21.91,,17,5.14,37,40,13,3,77
UNLV,Nevada,9.5,5.38,9.48,6.71,12.29,9.56,7.09,5.06,4.29,9,8.63,11,,12,6.27,,0.01,4.61,6.94,8.37,6.45,6.06,-2.63,4.84,3.51,3.18,9.29,3.34,12,6.44,4.02,6.38,6,6,5,8.45,1.01,-3,1.4,9.35,8.1,5,4,9,7.6,14.93,16.4,8.89,7.71,0.76,5,,7,3.5,4,19.6,6.43,3.5,,9,,2.5,6.91,8.09,,4,3.80,45,10,13,-35,55
USC,Notre Dame,17.5,13.57,18.64,20.79,15.9,18.8,14.95,17.98,15.88,23,17.71,17,,26.5,12.61,,14.23,13.69,16.72,23.15,19.95,16.52,34.81,20.03,15.7,18.52,18.44,18.18,11,16.26,14.57,15.13,16,17,18,23.23,12.53,4,13.8,18.25,11.2,15,12.3,17.5,25.8,22.32,17.7,21.68,13.1,3.64,9,,20,14.4,18,15.6,13.52,8.9,,17.5,,1,28.59,14.4,,9,4.81,27,45,13,18,72
UTEP,North Texas,-3.5,-6.84,-7.47,-5.75,-8.38,-1.94,-4.15,-12.58,-7.25,-3,-5.15,-8,,-11.5,-7.11,,-3.29,-3.93,-5.52,-6.24,-8.95,-4.19,12.69,-8.67,-3.71,-1.68,-7.97,-4.99,-12,-5.73,-6.21,-3.05,-4,-2,-5,-5.5,-0.01,-3.5,-7.4,-10.33,-5.7,-2,-6,-3.5,-6,-4.81,-10.3,-20.06,-1.6,-0.33,-3,,-6,-8.1,-5,-1.8,-0.98,-1.3,,-3,,2,-6.82,-6.53,,-7,3.11,24,52,13,28,76
Vanderbilt,Tennessee,-7.5,-9.6,-7.95,-7.76,-2.54,-3.6,-6.94,-1.13,-11.55,1,-0.16,-8,,-13,-8.4,,-7.84,-5.12,-6.66,-2.41,-3.45,-6.72,-16.97,-16.99,-3.75,-5.56,-3.53,-2.48,-7,-6.97,-11.41,-8.84,-3,-8,-5,-10.85,-8.98,-14,-10.6,-3.18,-5.1,-10,-11,-7.5,-1.6,-0.76,-2.1,4.22,-8.37,-1.94,-12,,-6,-10.2,-6,-4.6,-11.17,-4.6,,-7.5,,-9.5,-7.13,-8.52,,-10,3.80,34,45,13,11,79
Virginia Tech,Virginia,17.5,20.59,23.52,18.83,18.01,31.4,17.37,17.08,21.13,28,10.94,25,,29.5,20.63,,17.85,15.45,19.33,13.16,20.25,17.34,39.09,28.68,14.61,14.92,18.26,15.01,25,18.83,20.36,16.88,17,17.5,14,28.36,19.31,10.5,15.9,19.1,20.2,19,16.4,17.5,16.1,22.1,23.2,26.98,19.24,2.88,17,,18,15,19,18.4,20.33,14.7,,18.5,,11.5,21.93,22.37,,15,4.53,10,52,13,42,62
Wake Forest,Boston College,3,5.52,7.43,1.38,6.89,6.94,6.78,2.55,4.5,8,9.7,5,,7.5,6.33,,5.45,4.35,5.82,3.1,5.95,1.98,11.63,12.4,3.84,8.64,9.3,8.15,12,6.13,4.26,7.25,6,4,5,7.88,6.25,6,8.1,11.34,8.4,4,6.5,3.5,-4.9,5.35,1.6,8.27,6.44,0.64,4,,12,7,5,3.6,1.73,5.5,,3,,0.5,6.37,6.91,,3,3.20,17,14,13,-3,31
Washington St.,Washington,-6,-3.75,-5.45,-2.8,-1.29,-5.67,-0.96,-2.66,-4.38,-5,1.73,-8,,-10,-3.22,,0.01,-0.83,-3.11,-1.14,-1.65,-6.19,-3.97,-9.28,-4.44,-6.5,0.5,-1.78,1,-2.9,-4.48,-3.72,-3,-5.5,-3,-0.96,-1.64,2,-7.8,-0.55,-3,-2,-4.6,-5.5,-3.1,-0.94,0.7,1.91,-3.61,-10.26,-2,,1,-8.1,-3,-9.9,-5.37,-1,,-6,,1.5,-1.33,-0.99,,-7,2.94,45,17,13,-28,62
Western Mich.,Toledo,8.5,9.57,12.7,4.51,10.93,9.32,7.83,13.59,9.95,14,9.71,17,,17.5,9.43,,5.57,8.99,10.63,11.72,13.55,10.61,16.34,16.11,11.64,12.8,11.61,13.88,7,10.78,9.71,10.36,12,9.5,13,12.19,10.75,10,13.3,12.53,10.5,7,12,8.5,13.1,10.81,9.1,-6.71,8.33,13.01,7,,13,12.7,15,6.8,6.23,6.1,,8.5,,0.5,15.23,10.19,,7,3.41,35,55,13,20,90
Wisconsin,Minnesota,15,15.35,13.19,12.04,14.2,19.61,13.26,17.15,14.53,14,8.55,12,,15,15.9,,17.91,7.85,15.17,11.51,19.05,16.03,16.94,21.25,13.56,19.8,13.45,15.89,20,15,14.56,15.12,18,14,13,13.96,22.67,10.5,15.6,16.11,16.5,15,13.7,15,12.9,22.01,18.3,7.9,14.56,2.7,16,,16,14.6,17,13.8,9.83,11.4,,14.5,,10.5,18.04,16.05,,5,3.21,17,31,13,14,48
Alabama,Florida,24,21.39,18.15,23.19,24.68,22.9,17.95,23.82,21.9,16,33.92,15,,29,21.2,,21.21,12.22,20.96,19.39,23.1,20.4,8.71,26.86,14.11,9,20.43,13.2,25,21.25,21.6,17.39,21,21.5,17,7.22,22.77,22.5,25.4,25.97,20,19,18.8,24,19.1,27.58,29.5,39.35,21.29,12.58,19,,27,23.9,21,33.6,23,16.9,,24,,7,21.48,24.45,,,5.65,16,54,14,38,70
Clemson,Virginia Tech,10.5,10.9,12.1,11.29,9.59,10.28,6.87,6.59,12.79,7,23.39,15,,20,9.68,,12.15,7.04,10.5,8.14,9.3,9.53,11.17,12.79,12.51,9.5,8.8,11.83,14,10.29,12.49,14.07,10,9.5,11,6.92,9.51,12,10.3,9.3,11,11,6.6,10.5,5.8,11.48,11.3,15.57,10.75,1.58,10,,13,11.2,-1,10,10,7.7,,10,,11.5,9.49,9.08,,,3.50,35,42,14,7,77
Georgia Southern,Troy St.,-7,-6.01,-12.24,-8.47,-11.25,-5.24,-7.61,-11.83,-6.47,-9,-17.5,-12,,-16.5,-6.13,,-0.71,-7.29,-7.11,-7.73,-6.25,-4.92,-24.21,-9.86,-11.69,-7.36,-7.11,-8.15,-13,-7.2,-5.66,-3.34,-1,-8,-10,-14.8,-1.45,,-4,-8.84,-2.6,-3,-6.5,-7,-6.4,-9.96,-5,-25.22,-3.15,-2.31,-1,,-8,-3.6,-2,-11,-4.65,1.4,,-7,,5,-14.09,-8.84,,-13,4.54,24,28,14,4,52
Idaho,Georgia St.,5.5,5.14,13.23,6.23,10.01,4.42,6.46,9.67,8.61,16,12.43,11,,16.5,3.43,,-2.18,10.02,6.66,11.79,6.15,5.24,9.38,8.27,7.28,3.79,10.59,11.83,-3,6.73,7.3,4.58,7,6.5,7,16.14,2.96,,7.4,7.47,4.2,7,8.2,5.5,3.4,8.46,2.5,-2.51,4.2,2.68,4,,5,7.4,4,2.2,5.05,-3.6,,6,,-3.5,11.39,4.2,,6,4.56,12,37,14,25,49
Louisiana-Monroe,Louisiana-Lafayette,-6,-4.53,-1.95,-2.35,-11.5,-6.16,-1.92,-7.43,-3.67,-1,-7.21,-1,,-1.5,-4.88,,-10.75,0.2,-5.17,-0.25,-7.35,-7.2,2.08,-5.11,-0.89,-3.42,-2.24,-3.52,-9,-4.88,-4.13,-3.28,-6,-7,-10,-1.27,-6.5,-17.5,-11.7,-5.71,-3.8,-1,-10,-6,-7.9,-7.89,-7.5,-4.4,-5.89,-0.43,-4,,-8,-8.9,-7,-13.3,-2.16,-2.2,,-6.5,,-2.5,-5.59,,,-6,3.38,30,3,14,-27,33
Navy,Temple,1.5,2.07,6.08,1.78,4.18,0.54,2.18,8.37,4.16,5,9,4,,2.5,0.84,,6.59,1.21,4.18,2.8,8.95,1.44,6.96,9.62,7.31,8.8,5.4,8.09,6,4.05,3.63,1.65,10,2.5,5,6.97,6.01,6,3.6,1.83,4.2,4,3.1,1.5,7.6,0.27,-1.6,-6.86,0.71,0.83,1,,7,4.1,8,4.1,-0.16,1.4,,3,,0.01,6.44,1.32,,,3.00,34,10,14,-24,44
Oklahoma,Oklahoma St.,11,8.64,7.8,7.12,7.72,8.82,6.18,8.66,8.52,10,10.42,10,,10,8.56,,10.01,4.87,9.23,7.16,9.75,12.28,10.96,13.59,6.21,4,9.58,6.7,8,8.87,8.88,8.47,12,12.5,6,6.92,7.98,13.5,8.1,11.21,10.9,10,10.2,11,7.3,12.58,16.6,12.41,12.57,0.94,12,,12,7.8,12,11.3,9.84,6.4,,11,,9,10.93,8.86,,1,2.39,20,38,14,18,58
South Alabama,New Mexico St.,13.5,10.06,7.42,8.64,12.91,13.4,9.69,8.64,9.7,12,6.93,9,,10.5,10.28,,11.6,9.56,10.37,8.57,9.55,10.19,-1.54,15.99,5.16,9.6,12.18,7.02,23,10,9.77,9.77,13,11,7,10.03,5.82,,10.1,14.92,13.1,10,13.7,12.5,10.5,12.73,10,35.51,12.25,0.36,10,,9,10.3,9,11.2,9.04,12.7,,12,,3.5,9.36,11.67,,9,3.00,28,35,14,7,63
TCU,Kansas St.,4,3.91,-0.2,3.08,4.48,-2.32,3.16,0.62,4.26,2,0.21,-0.25,,-1.5,3.33,,6.57,2.09,4.01,2.27,5.55,3.95,-1.17,2.16,1.22,3.8,2.16,4.96,4,3.75,4.9,5.64,4,4.5,6,1.51,7.22,5,3.5,2,3.3,5,3.6,4,4.9,13.2,11.3,-11.16,4.18,-0.54,6,,2,4.3,7,3.7,2.65,5.7,,4.5,,18,4.94,3.18,,-2,3.37,30,6,14,-24,36
Texas St.,Arkansas St.,-24.5,-24.12,-15.16,-23.32,-24.76,-16.35,-15.91,-25.29,-23.12,-11,-42.35,-15,,-19,-24.89,,-25,-10.93,-23.08,-20.58,-31.35,-26.97,4.33,-25.69,-9.75,-9.55,-20.82,-19.85,-25,-23.32,-23,-19.88,-28,-23.5,-27,-14.38,-20.29,,-29.6,-28.54,-21.4,-20,-28.6,-24.5,-33.8,-31.74,-23.9,-37.04,-22.35,-2.04,-22,,-28,-28.7,-32,-25.7,-20.15,-14.2,,-23,,-14,-28.62,-39.31,,-15,7.06,36,14,14,-22,50
Washington,Colorado,8.5,6.5,4.03,5.95,8.23,1.93,4.77,7.45,6.68,5,2.59,4,,4,6.04,,9.73,2.25,6.65,5.27,9.7,8.27,1.63,11.82,6.46,4.5,5.1,5.35,3,6.48,7.25,7.94,10,7.5,4,1.55,9.45,10,11.4,6.91,7.9,7,9.1,8.5,9.2,9.33,-1.1,6.15,7.49,0.08,6,,6,12.1,10,14,4.8,6.9,,7.5,,11,4.35,5.13,,,3.02,10,41,14,31,51
West Va.,Baylor,17,10.55,14.32,12.65,15.64,15.24,12.28,18.97,11.54,14,21.93,15,,19.5,10.59,,8.74,11.36,13.9,16.67,22.85,15.49,28.04,11.63,11.14,12,14.42,16.44,20,13.23,10.17,11.56,12,16,16,19.3,11.48,3,12.1,14.38,9.6,10,10.9,16.5,21.7,17.81,13.8,0.55,7.89,1.91,10,,18,12.3,19,26.3,5.84,5.3,,17.5,,-1.5,21.5,13.88,,7,4.98,21,24,14,3,45
Western Kentucky,Louisiana Tech,12,10.5,10.12,8.62,14.09,9.67,8.43,9.52,10.59,10,12.65,14,,15.5,10.46,,13.17,7.33,11.19,8.99,17.85,9.61,14.21,7.08,6.82,5.7,10.48,7.99,12,10.53,10.57,9.81,16,7.5,14,11.94,15.69,,17.1,11.86,12.7,10,12.9,12,13.5,11.14,8.1,12.03,9.68,0.74,11,,15,17.4,18,4.7,7.15,8.9,,10,,9,12.22,11.31,,,3.19,44,58,14,14,102
Western Mich.,Ohio,17,19.97,20.86,18.95,19.2,17.94,16.47,22.86,19.64,17,34.81,22,,24,20.36,,18.47,15.34,19.96,19.14,25.5,15.89,32.5,28.68,16.29,11.7,19.39,19.26,22,19.52,19.33,20.08,22,19,24,21.21,18.63,16.5,22.9,23.65,20.8,17,15.9,17.5,27.3,19.03,20.2,7.44,18.41,14.13,19,,24,21.8,25,5.5,17,13.1,,18.5,,5.5,26.83,25.33,,,5.03,23,29,14,6,52
Wisconsin,Penn St.,3,2.5,0.4,2.79,0.8,13.43,1.83,0.38,2.37,-1,-12.95,4,,2.5,2.59,,7.2,0.77,1.61,1.18,-0.01,1.22,1.79,8.61,5.92,2,1.34,5.92,3,1.34,2.38,1.2,1,3,1,0.9,5,7.5,1.3,1.7,2.4,2,-2.4,3,-3.2,-2.41,-1.5,8.03,3.78,0.43,3,,1,0.4,-1,-4.5,2.5,3.5,,2.5,,1,0.81,1.33,,,3.60,38,31,14,-7,69
Wyoming,San Diego St.,-5.5,-6.28,1,-1.78,-0.96,-5.28,-3.98,-2.74,-3.26,-2,-14.5,0.25,,1.5,-7.73,,-11.16,-0.56,-4.23,0.94,-4.75,-6.08,2.83,-5.87,2.73,-1,-7.16,-4.31,7,-4.33,-4.68,-5.62,-10,-6,-1,1.02,-8.8,-12,-8.7,-4.07,-4.9,-6,-5.7,-5.5,1.6,-3.8,-6.6,3.66,-7.25,0.51,-7,,-4,-7.7,-4,-5.8,-4.36,-1.6,,-6.5,,-17.5,-2.41,-4.85,,,4.29,27,24,14,-3,51
Navy,Army,4,16.15,13.44,14.7,16.02,4.24,12.78,16.73,18.59,13,35.85,14,,21,12.44,,13.75,8.45,14.63,13.7,20.1,7.83,28.14,20.45,8.4,12.14,13.19,20.86,,14,14.34,6.61,17,10,18,19.48,10.73,21,16.9,13.53,10,14,10.3,5.5,24.3,18.37,7.2,1.75,11.26,2.61,12,,17,18,15,8.1,7.5,6.4,,6,,16,27.96,14.34,,6,5.73,21,17,15,-4,38
Air Force,South Alabama,14,15.13,12.56,11.04,8.52,10.44,12.46,11.27,17.45,11,3.13,11,,15.5,11.88,,10.14,8.88,12.46,9.02,13.9,13.69,23.78,17.3,12.98,6.98,9.97,13.05,18,12.46,13.64,10.52,12,12.5,14,16.3,12.9,,15.3,10.73,12.6,15,11.2,14,11.4,10.79,15.8,23.48,8.77,1.44,15,,14,15.8,16,9.4,13.1,9.3,,13,,10.5,17.51,12.45,15.2,8,2.97,21,45,18,24,66
Alabama,Washington,13.5,7.48,6.54,7.47,8.5,6.6,2.18,5.98,7.45,2,24.65,13,,24,7.18,,11.53,,7.71,2.85,3.7,8.92,1.03,10.8,9.65,1,3.6,6.8,9,7.45,7.73,6.47,5,14.5,8,1.03,8.98,8,7.8,4.54,6.7,9,8.2,12.5,0.3,5.96,5.1,4.63,4.02,10.6,12,,,7.2,2,14.5,7.6,10.8,,14.5,,7,8.53,6.74,14.4,2,4.75,7,24,18,17,31
Boise St.,Baylor,7,12.05,11.44,6.22,11.36,10.36,6.29,4.25,16.1,9,-9.11,14,,21.5,5.64,,0.36,7.15,6.24,10.5,3.4,4.94,19.53,5.42,5.17,-1,9.93,4.86,22,5.59,8.52,2.99,0.01,8,2,14.71,6.58,7,1.4,8.98,3.2,6,1.5,7,1,7.79,4.5,-0.87,7.06,1.98,2,,5,0.7,1,14.4,4.7,1.7,,7.5,,-1,1.94,5.59,7.7,8,5.67,31,12,18,-19,43
Boston College,Maryland,-2,-1.63,-2.85,-1.96,-5.61,1.88,-3.24,1.75,0.01,1,6.43,-4,,-3,-3.13,,-1.18,-1.32,-0.78,-1.44,5.1,-1.3,-2.56,-2.89,-0.32,-1.89,-6.11,-3.18,2,-1.44,-3.22,-0.33,5,0,5,-1.76,2.9,-6,4.7,-7.75,-2.9,-2,0.01,-2,8.2,-4.56,0.5,-9.8,-6.18,-0.55,-1,,-7,3.7,8,-4.8,-3.1,0.6,,-1,,-2.5,2.69,-4.14,-1.1,-1,3.73,30,36,18,6,66
Central Florida,Arkansas St.,5,4.64,4.8,5.86,4.89,5.76,9.21,2.77,0.79,11,9.5,5,,4,9.81,,3.35,6.3,4.44,-0.01,5.1,7.71,5.94,0.12,-6.37,1.49,4.13,-1.6,6,4.9,7.76,4.9,-1,6.5,3,2.73,3.46,9.5,5.6,8.56,7,4,4.9,5,1.8,13.47,6.1,18.84,7.03,0.16,7,,8,6.6,1,-4.2,5.83,3.9,,6,,-11,2.75,12.18,5.2,1,4.35,31,13,18,-18,44
Clemson,Ohio St.,-3,-7.56,-5.02,-4.12,-5.91,-11.91,-8.71,-7.68,-6.51,-2,-1.7,-6,,-5.5,-9.16,,-6.51,,-4.84,-4.49,-4.8,-4.48,-1.69,-11.49,-2.71,-0.5,-7.22,0.01,-4,-4.37,-8.19,-1.76,-3,-3.5,-1,-0.68,-6.36,-7.5,0.9,-12.53,-7,-2,-3.6,-3,0.6,-11.38,-8.3,-17.06,-9.97,-1.88,-1,,,2,-3,-4,-3.8,-1,,-3.5,,-0.5,-4.37,-11.89,-3.2,-4,3.69,0,31,18,31,31
Colorado,Oklahoma St.,2.5,6.12,6.01,7.08,6.9,13.8,5.46,1.23,4.44,4,6.56,8,,11.5,7.77,,0.79,5.93,3.92,8.02,-1.4,0.37,8.28,0.95,0.7,-0.5,11.13,0.37,8,4,7.52,0.34,-3,2.5,2,4.49,-3.09,5.5,1,12.8,3.3,3,-5.2,2.5,-4.6,7.59,18.3,19.46,10.25,1.9,2,,7,0.5,-1,3,5,-0.7,,3,,-12,2.18,6.35,2.8,1,5.29,38,8,18,-30,46
Florida,Iowa,3,-4.43,2.18,-2.57,-0.97,-0.7,-4.81,-4.3,-5.64,3,3.25,1,,2.5,-3.53,,0.38,,-1.38,-5.42,-6.5,2.11,0.75,4.85,0.27,4.5,-4.62,2.23,-3,-1,-3.12,1,-1,2,-2,-0.29,-4.4,-2.5,-2.9,-6.29,-0.01,0.01,1.8,2,-5.9,-3.97,0.4,7.05,-4.91,-1.5,-1,,-4,-1.5,-1,-0.2,2.2,0.4,,2.5,,-1,-5.95,-6,3.4,-3,3.14,3,30,18,27,33
Georgia,TCU,-3,-1.34,2.71,-0.9,-1.15,2.09,-3.64,5.1,1.09,2,5.89,3,,6,-5.07,,-2.15,0.71,-0.5,3.19,-3.4,-3.39,5.53,-5.65,3.57,-1.16,1.05,-0.34,1,-0.9,-2.81,-2.03,0.01,0,0.01,3.46,-2.48,-0.5,1.2,-1.29,-2.2,-2,-1.4,-2.5,0.4,-5.42,-4.9,-5.48,-1.08,1.01,-4,,2.5,0.9,-4,-1.8,-1,3,,1,,-4.5,0.32,-5.99,1.5,-2,3.00,23,31,18,8,54
Georgia Tech,Kentucky,3,6.7,2.39,3.37,2.81,4.53,4.68,4.65,7.06,2,-1.07,3,,4.5,6.16,,7.15,,3.98,3.47,6.3,4.52,6.91,7.97,0.96,6.75,,3.58,12,4,6.57,3.23,3,4.5,3,4.78,-1.03,2,5.5,5.38,5.3,5,2.2,3,3.8,6.26,-12.6,2.35,3.97,0.58,5,,3,6.1,4,3.9,3.1,3.2,,3.5,,1,5.36,5.28,3.7,3,3.28,18,33,18,15,51
Hawaii,Middle Tenn.,,-2.1,-6.97,-0.67,-5.86,-15.21,-4.64,-4.28,1.11,-3,-3.89,-11,,-8.5,-6.96,,-9.87,0.28,-6.05,-1.56,-6.8,-4.88,-14.03,-14.03,-7.66,-8.31,-1.97,-5.4,-12,-5.5,-4.33,-3.04,-13,,-4,-7.81,-7.26,-15.5,-4.3,-6.77,-11.8,-8,-5.5,,-0.5,-4.27,-8,0.39,-5.24,-0.44,-1,,,-3.6,-9,-9.2,-4.77,-2.2,,,,-13.5,-8.49,,-6.1,-11,3.92,35,52,18,17,87
Idaho,Colorado St.,-13,-10.48,-4.61,-6.97,-10.31,-5.11,-9.67,-8.8,-9.97,-3,-6.88,-5,,-3.5,-12.34,,-11.79,-5.25,-9.35,-8.81,-9.4,-13.76,-10.38,-5.83,-3.94,-5.52,-7.27,-5.44,-25,-9.1,-10.16,-6.64,-13,-13,-14,-6.09,-7.1,-15,-8.6,-11.52,-11.5,-11,-6.5,-12,-7.3,-11.17,-21.1,-12.03,-9.07,-0.1,-13,,-11,-9.7,-10,-11.4,-6.16,-9.1,,-13.5,,-6,-11.41,-13.32,-15.6,-4,4.13,50,61,18,11,111
Louisiana-Lafayette,Southern Miss.,-6.5,1.15,-1.73,0.77,1.44,-1.39,-0.82,4.4,3.95,3,12.1,-2,,-1,-2.3,,-5.31,-0.22,-0.67,5.02,3.2,-2.62,2.34,-3.67,1.27,-1.11,0.98,7.42,-7,-1.13,-1.19,-4.1,-3,-2,7,0.88,-5.22,-5.5,-1.3,-0.42,-4.7,-7,1,-5.5,12,-1.16,-8.1,-1.58,-0.16,0.6,-6,,-3,-2.6,-5,2.6,-3.5,-2.1,,-6,,-12,7.75,,-10.6,-2,4.92,28,21,18,-7,49
Louisville,LSU,-3.5,-2.57,1.66,-4.36,-1.28,-2.5,-0.54,-6.97,-5.02,2,-20.35,-1,,5,0.86,,-2.68,,-2.01,-6.12,-7.4,-0.44,-2.38,6.02,-0.55,3,0.47,-1.45,-2,-1.68,0.45,0.36,-4,-2.5,-6,-0.21,-3.06,1,-2.7,0.22,2.6,0.01,-2,-3.5,-14,4.09,2.7,8.01,0.12,-0.34,1,,-3.5,-3,-7,-1.9,-2.6,-4.2,,-3.5,,5,-9.43,-0.38,-2.7,8,4.61,29,9,18,-20,38
Miami (Fla.),West Va.,2.5,0.47,-1.45,3.27,2.87,0.13,0.5,4.18,-0.01,2,13.58,-1,,-3,2.09,,-1.83,0.01,2.06,5.6,3.4,1.03,-5.41,-6.26,-3.06,-12.5,2.71,-2.2,6,2.87,0.4,2.08,3,1.5,1,-3.1,5.4,-1,8.3,4,4.4,3,3.1,2.5,8,3.07,0.5,-5.82,2.91,-0.44,1,,5,8,6,3.5,3,4.1,,3,,-0.5,3.82,1.26,4.2,1,3.98,14,31,18,17,45
Michigan,Florida St.,6.5,12.39,8.38,6.65,7.84,14.52,11.06,3.34,10.35,6,1.84,13,,13.5,15.02,,11.38,5.37,7.55,5.67,4.9,9,3.66,11.78,3.28,5.5,12.15,3.58,11,6.7,14.34,4.19,5,7,0.01,2.18,3.67,18.5,3.6,20.45,12.8,7,6.9,6.5,-7.3,15.26,6.3,27.58,16.34,2.25,7,,13.5,3.1,-1,4.9,7.1,3.1,,6.5,,4.5,-5.76,16.92,6.7,9,5.57,33,32,18,-1,65
Minnesota,Washington St.,-10,-6.45,-2.88,-4.48,-11.78,-5.39,-5.67,-6.59,-4.69,3,-10.94,-3,,-3.5,-9.39,,-12.36,-2.96,-6.89,-3.09,-9.6,-6.28,-7.31,-12.55,-3.12,-3.55,,-4.36,-9,-6.52,-7.52,-7.48,-9,-5.5,-4,-5.46,-11.74,-9.5,-7.3,-12.02,-8.3,-7,-6.4,-9.5,0.3,-10.88,-18.2,-7.94,-9.74,-0.06,-9,,-9,-7.5,-6,-9.8,-4,-2.9,,-9.5,,-4,-3.47,-8.96,-12.1,-4,3.80,12,17,18,5,29
Mississippi St.,Miami (Ohio),14.5,13.41,8.38,15.54,7.8,2,8.91,10.16,12.52,8,11.02,9,,6.5,14.14,,22.7,7.28,12.29,7.83,17.6,14.85,17.63,12.04,6.7,-0.17,8.62,11.53,2,13.31,14.45,12.87,17,13.5,16,10.55,9.95,3.5,17.2,12.82,14.7,15,16.2,14.5,13.8,13.31,14.3,3.9,10.57,0.93,16,,17,19.8,18,5.5,17,17.5,,13.5,,9,13.63,15.11,15.7,2,4.71,16,17,18,1,33
NC St.,Vanderbilt,5.5,2.57,-0.57,3.78,-0.43,3.69,4.01,-1.19,1.06,-1,0.89,-1,,0.01,4.33,,2.85,2.12,1.72,0.27,0.01,2.97,-1.19,6.66,-4.71,1.81,0.13,-3.2,1,1.2,3.79,0.85,-2,3.5,-2,0.12,3.34,-2.5,2.1,0.5,1.2,3,0.9,4.5,0.4,2.8,11.1,8.93,0.33,-0.47,5,,-2,1.3,6,3.7,3.1,-1.4,,4.5,,7.5,1.15,3.21,3.7,2,2.82,17,41,18,24,58
Navy,Louisiana Tech,-6,6.46,5.06,3.1,3.06,3.31,3.18,0.45,7.1,2,9.83,8,,8.5,4.6,,3.09,3.68,4.05,5.67,8,-0.54,17.16,8.26,2.17,5.59,3.61,0.98,3,3.68,6.49,-0.71,4,-3,4,10.64,2.03,-3,7,3.35,4.4,2,6.1,-4.5,-0.3,5.68,3.5,6.01,3.64,1.46,6,,6,8.7,5,-3.3,0.6,4.8,,-5,,1.5,2.46,6.67,-5,2,3.14,48,45,18,-3,93
New Mexico,Texas-San Antonio,9.5,5.4,3.95,7.28,5.86,2.85,4.37,2.05,5.66,9,1.96,9,,11,4.97,,0.89,7.66,6.29,3.85,3.2,8.28,11.81,14.18,7.07,1.26,6.63,7.49,-6,6.63,5.35,5.66,5,7,7,7.81,10.36,,9.4,2.21,3.3,4,7,9,8,6.3,11.7,8.19,1.75,1.02,11,,8,11,9,6.1,5.83,7.6,,7.5,,5,8.18,8.15,10.7,4,3.44,20,23,18,3,43
North Texas,Army,-11,-12.28,-9.14,-11.3,-6.03,-14.79,-9.85,-11.84,-11.61,-6,1.16,-7,,-8,-14.27,,-13.64,-7.39,-10.95,-6.02,-18.2,-17.28,-0.13,-14.23,-8.99,-6.24,-9.9,-7.77,-13,-11.61,-12.23,-9.29,-13,-10,-18,-6.34,-12.45,-4.5,-10.3,-13.59,-14.1,-13,-11.9,-11,-13.4,-15.05,-19.4,-19.69,-9.94,-1.09,-13,,-10,-9.4,-14,-4.7,-9.3,-10,,-10,,-3.5,-13.9,-11.9,-12.1,-11,3.92,38,31,18,-7,69
Oklahoma,Auburn,3,5.65,3.21,2.22,-0.24,-3.28,2.46,5.61,8.88,4,-0.63,-0.25,,2.5,0.9,,2.65,,4.04,4.36,9.9,3.68,3.59,11.64,9.06,6.5,-1.37,5.64,-1,3.44,3.58,1.15,6,6,7,3.13,4.58,0,4.7,-1.89,1.9,4,4.8,3,12.9,1.71,10.9,7.48,-1.71,0.82,5,,1,4.7,11,-2.1,3.3,1.1,,3,,14,11.4,2.55,2.9,4,4.13,19,35,18,16,54
Old Dominion,Eastern Mich.,4,6.65,4.92,4.13,5.71,3.18,3.89,1.13,7.6,3,3.98,5,,5,5.45,,6.21,4.95,4.19,4.23,2.8,3.03,6.19,10.94,4.18,3.78,2.84,0.69,4,4.18,5.95,4.7,6,3.5,2,5.23,7.96,,2.3,4.27,4.5,6,2.8,4,3.4,5.41,-3,16.61,2.96,0.13,4,,3.5,1.8,3,2.9,4.6,0.3,,4,,6,5.24,6.19,4.2,3,2.13,20,24,18,4,44
Penn St.,USC,-7,1.32,3.49,-6.78,-4.54,-3.98,0.01,-1.79,1.27,2,-1.56,1,,4,0.75,,-5.29,,-1.9,-2.39,-3.7,-8.2,0.31,-5.63,2.65,2.5,0.12,0.24,3,-1.86,1.79,-4.18,-5,-6.5,-3,0.85,-3.55,2.5,-5.3,0.62,-0.9,-3,-2.2,-6,-6.7,-0.38,-0.7,6.7,0.53,1.16,-1,,-3,-6.9,-8,-3.8,-5.84,-2.2,,-6.5,,3,-1.92,1.6,-7.6,4,3.39,52,49,18,-3,101
Pittsburgh,Northwestern,4.5,3.43,6.24,1.16,3.8,2.62,-0.7,5.28,3.77,10,7.86,4,,8,2.18,,3.24,2.9,4.2,0.63,8.2,4.34,10.34,4.6,5.13,3.44,-0.98,3.29,5,3.62,3.62,4.6,7,4,4,6.65,1.64,-1.5,9.3,-1.53,3.1,3,8.4,4.5,6.2,1.89,3.3,-12.01,-1.34,-0.66,7,,3,9,11,9.4,3.1,2.5,,5.5,,-0.5,3.51,1.47,6.4,3,3.04,31,24,18,-7,55
San Diego St.,Houston,-5.5,-9.03,-5.59,-5.47,-4.3,-4.03,-3.69,-12.18,-11.15,1,22.91,-4,,-3.5,-5.52,,-8.06,-1.83,-5.47,-4.66,-10.5,-4.47,-8.06,-14.98,-4.81,-1.05,-4.14,-3.38,-12,-5.89,-7.37,-2.94,-4,-3.5,-8,-5.89,-3.47,7,-5.5,-7.52,-7.1,-6,-6.2,-5.5,-10.7,-6.73,-10.3,10.68,-6.3,-0.9,-6,,-6,-6.2,-7,-4.3,-3.7,-6.7,,-4,,0.01,-5.89,-7.84,-7.6,-3,5.08,10,34,18,24,44
South Carolina,South Florida,-10.5,-15.02,-12.81,-12.33,,-13.22,-12.84,-12.82,-15.23,-14,-13.66,-14,,-17.5,-14.72,,-4.79,-8.83,-13.25,-11.56,-18.3,-10.92,-20.47,-18.1,-9.49,-15.41,-11.61,-9.07,-22,-12.92,-14.93,-7.77,-13,-11,-12,-15.78,-18.18,-14.5,-12.8,-13.83,-11.7,-12,-10.5,-11,-17.6,-16.25,-9.7,-13.43,-11.27,-1.12,-13,,-10,-11.7,-18,-18.5,-11,-3.1,,-10.5,,-16,-15.43,-15.53,-12.6,-14,3.52,46,39,18,-7,85
Stanford,North Carolina,1,5.41,5.72,8.41,6.56,4.08,2.05,3.03,6.79,4,-7.41,5,,7.5,2.42,,6.3,4.87,3.2,8.19,-1,-0.16,8.06,0.87,4.83,5.75,5.39,4.04,-1,4.08,4.93,0.93,4,3,5,5.93,3.19,3,-1.6,5.37,4.3,6,-1.6,1.5,4.4,2.17,0.8,-1.22,4.55,1.32,1,,6,-1.3,-4,-0.4,4.8,2.5,,3.5,,-3,2.43,2.56,4.3,-1,3.35,23,25,18,2,48
Temple,Wake Forest,12,15.81,12.72,16.35,15.62,15.39,11.53,13.55,17.91,15,17.1,10,,15,14.61,,11.9,8.63,14.03,15.66,19,12.91,23.28,12.4,9.29,13.39,10.71,13.44,18,13.7,13.2,7.1,16,13,16,16.4,11.67,17,11,13.33,11.1,11,11.1,12,23.1,14.64,14.1,9.62,10.99,1.23,11,,15,10.3,20,15.9,9.8,8.1,,11.5,,21,22.83,15.06,13.7,10,3.53,34,26,18,-8,60
Tennessee,Nebraska,10,-0.76,0.6,2.67,5.78,-3.12,-1.34,3.1,-2.21,-1,7.27,0.25,,0.5,1.67,,3.76,-1.25,2.83,-3.02,6.7,4.62,-0.72,0.01,-0.79,-4.5,-0.28,-3.09,10,2.67,0.01,6.11,9,3.5,3,-0.12,8.78,0,8.8,-0.39,4.1,3,9.1,9,7.8,1.8,-2.8,7.56,-0.01,-1.67,7,,4,9.3,12,7,4.74,3.8,,3.5,,3,0.56,1.82,4.7,1,4.06,24,38,18,14,62
Texas A&M,Kansas St.,2.5,-0.33,2.62,3.87,4.37,-2.75,1.54,-2.8,-2.62,-1,2.67,3,,6.5,2.12,,3.83,2.31,1.59,-2.29,-3.8,-1.66,6.16,2.11,1.88,5.1,2.58,-4.44,4,2.3,1.98,4.46,-2,2.5,-2,3.14,4.2,1,2.3,2.56,2.6,3,-1.3,2.5,-8.4,1.62,4.9,-3.42,2.3,0.38,2,,4,2,4,3,5.64,9,,2,,6,-8.24,1.41,2.2,1,3.46,33,28,18,-5,61
Toledo,Appalachian St.,-1,0.52,-0.82,-0.6,0.53,-0.52,2.23,-2.49,-0.55,-2,0.85,-3,,-2,1.82,,0.45,-0.29,0.2,-1.52,-0.6,-1.03,-1.59,-1.01,-1.32,3.25,1.61,-1.84,4,0.45,1.43,0.12,1,1.5,-1,-0.85,-1.4,,2.1,2.27,1.7,2,2.3,-1,-6.4,1.85,3.4,-6.85,1.85,-0.07,1,,1,2.8,1,0.6,-0.7,2.5,,1,,-1,-3.17,1.89,-1.1,1,1.97,31,28,18,-3,59
Troy St.,Ohio,4,3.11,7.04,2.67,4.79,6.65,4.08,0.77,0.94,4,4.06,8,,8,5.99,,3.61,2.62,3.5,0.39,0.4,2.96,7.59,7.23,3.64,1.1,5.36,3.79,8,3.79,5.03,4.79,3,4,-1,6.47,-0.01,-4,-0.2,6.53,6.7,2,-3.3,4,-0.3,7.09,5.6,-5.87,5.54,0.79,5,,4,-0.4,3,0.5,5,2.6,,4,,-2.5,0.92,6.01,4.8,5,2.81,23,28,18,5,51
Tulsa,Central Mich.,13.5,19.98,14.27,12.18,11.7,11.9,12.88,15.2,23.16,10,23.89,15,,16.5,15.43,,12.37,9.8,13.59,13.29,19.9,13.65,25.34,15.69,8.47,5.99,,12.22,20,12.94,17.95,7.37,13,12,15,16.58,6.11,11,12.1,16.37,12.1,9,11.1,13.5,13.9,16.38,12.2,17.92,13.51,1.82,12,,20,12,12,11.2,8.6,5.6,,13,,4,22.75,17.83,15.2,11,4.47,10,55,18,45,65
Utah,Indiana,5.5,9.32,6.5,13.01,8.51,5.69,6.95,6.96,9.11,9,11.65,6,,10,8.86,,13.94,7.71,8.85,11.18,8.1,8.68,14.72,12.82,3.94,10.37,8.87,8.96,12,9,9.96,9.12,11,8,9,10.09,9.45,7,8.5,9.14,7.6,9,3.2,6.5,12.8,9.91,8.9,4.12,7.39,1.2,7,,9,9.2,8,3.8,8.7,7.2,,7,,6,9.98,7.28,9.2,4,2.30,24,26,18,2,50
Virginia Tech,Arkansas,7,6.78,5.69,3.49,9.31,15.32,8.85,9.15,4.41,10,4.01,6,,7,11.38,,3.73,4.38,6.72,3.5,12.1,6.29,8.75,4.43,0.53,7.6,9.48,0.36,12,6.78,8.02,5.81,5,6.5,3,7.19,3.75,10,8.7,12.34,9.4,6,-0.2,7,5.6,12.52,11.7,35.41,9.72,0.45,10,,7,7.7,5,7.3,3.2,1.6,,7,,2,1.57,11.09,8.2,7,3.59,24,35,18,11,59
Western Kentucky,Memphis,6.5,1.03,1.35,1.92,13.03,1.86,2.1,-1.54,0.88,6,12.68,4,,6.5,0.11,,1.28,1.08,3.48,2.05,3.1,1.55,1.31,1.93,2.17,2.52,1.8,7.13,2,2.3,1.81,3.03,7,5,4,2.81,7.05,,6.6,0.44,2.7,4,4.9,5.5,3.4,2.3,2.1,3.6,0.01,-0.45,2,,3,4.6,4,14.3,3.7,1.6,,5.5,,6,2.24,0.27,4.9,4,3.18,31,51,18,20,82
Wisconsin,Western Mich.,8,6,-0.41,6.47,1,9.34,7.57,5.47,4.62,-1,5,-1,,-2,7.85,,8.47,,4.66,3.33,7.5,8.54,1.75,1.3,-4.47,2,3.94,4.88,1,5,6.76,3.84,5,7.5,5,1.25,3.62,2,4.2,7.53,5.1,5,3.7,7.5,6.9,5.6,10.2,2.48,6.06,-9.7,8,,5,5.5,5,5.1,4,5.1,,7.5,,3.5,2.95,9.5,7.7,-4,3.09,16,24,18,8,40
Wyoming,BYU,-10,-11.68,-4.14,-12.66,-8.56,-12.84,-8.93,-14.48,-11.95,-6,-9.11,-6,,-3.5,-12.3,,-15.22,-5.74,-11.03,-10.6,-16.4,-10.69,-9.94,-14.41,-3.17,1,,-10.14,-6,-11.98,-10.87,-10.62,-16,-8,-17,-6.88,-15.7,2.5,-16.2,-12.01,-12.1,-14,-12.4,-10,-13.2,-8.71,-13.2,-5.96,-9.65,-0.5,-13,,-14,-17.2,-16,-4,-9.9,-11.8,,-9,,-12,-13.96,-12.89,-11.9,-4,4.06,24,21,18,-3,45
